crash_id,crash_datetime,crash_year,crash_month,crash_month_name,crash_weekday_name,crash_hour,time_period,posted_speed_limit_mph,traffic_control_device,reported_weather_condition,reported_lighting_condition,first_crash_type,trafficway_type,reported_road_surface_condition,crash_type,intersection_related,hit_and_run,estimated_damage,primary_contributory_cause,unit_count,most_severe_injury,injuries_total,injuries_fatal,latitude,longitude,zip5,weather_station_name,temperature_f,dew_point_f,relative_humidity_percent,precipitation_inches,visibility_miles,wind_speed_mph
crash_00120,2024-06-19 18:30:00,2024,6,Jun,Wed,18,Evening commute,30,UNKNOWN,UNKNOWN,UNKNOWN,PARKED MOTOR VEHICLE,NOT REPORTED,UNKNOWN,NO INJURY / DRIVE AWAY,,true,"$501 - $1,500",NOT APPLICABLE,2,,,,41.8933211887,-87.6189671889,60611,"CHICAGO MIDWAY AIRPORT, IL US",90.0,63.0,41.0,0.0,10.0,10.0
crash_00121,2023-02-02 08:45:00,2023,2,Feb,Thu,8,Morning commute,20,NO CONTROLS,CLEAR,DAYLIGHT,PARKED MOTOR VEHICLE,ONE-WAY,ICE,INJURY AND / OR TOW DUE TO CRASH,,,"OVER $1,500",ROAD ENGINEERING/SURFACE/MARKING DEFECTS,3,NO INDICATION OF INJURY,0,0,41.9359322379,-87.7040062306,60618,"CHICAGO MIDWAY AIRPORT, IL US",25.0,13.0,60.0,0.0,10.0,14.0
crash_00122,2020-04-14 15:38:00,2020,4,Apr,Tue,15,Evening commute,30,TRAFFIC SIGNAL,CLEAR,DAYLIGHT,REAR END,DIVIDED - W/MEDIAN (NOT RAISED),DRY,NO INJURY / DRIVE AWAY,,,"OVER $1,500",FOLLOWING TOO CLOSELY,2,NO INDICATION OF INJURY,0,0,41.7682384769,-87.6834869571,60629,"CHICAGO MIDWAY AIRPORT, IL US",40.0,17.0,40.0,0.0,10.0,24.0
crash_00123,2024-12-30 14:40:00,2024,12,Dec,Mon,14,Daytime,25,STOP SIGN/FLASHER,CLEAR,DAYLIGHT,REAR TO FRONT,NOT DIVIDED,DRY,NO INJURY / DRIVE AWAY,,,$500 OR LESS,UNABLE TO DETERMINE,2,NO INDICATION OF INJURY,0,0,41.9357190621,-87.641682172,60657,"CHICAGO MIDWAY AIRPORT, IL US",41.0,34.0,76.0,,10.0,8.0
crash_00124,2022-11-28 15:35:00,2022,11,Nov,Mon,15,Evening commute,30,NO CONTROLS,CLEAR,DAYLIGHT,PARKED MOTOR VEHICLE,NOT DIVIDED,DRY,NO INJURY / DRIVE AWAY,,true,"OVER $1,500",UNABLE TO DETERMINE,2,NO INDICATION OF INJURY,0,0,41.7460575627,-87.6052384431,60619,"CHICAGO MIDWAY AIRPORT, IL US",43.0,34.0,71.0,,10.0,10.0
crash_00125,2022-08-14 10:03:00,2022,8,Aug,Sun,10,Daytime,10,NO CONTROLS,CLEAR,DAYLIGHT,SIDESWIPE SAME DIRECTION,ONE-WAY,DRY,NO INJURY / DRIVE AWAY,,true,"OVER $1,500",UNABLE TO DETERMINE,2,NO INDICATION OF INJURY,0,0,,,,,,,,,,
crash_00126,2019-04-08 19:35:00,2019,4,Apr,Mon,19,Night or early morning,30,STOP SIGN/FLASHER,CLEAR,"DARKNESS, LIGHTED ROAD",PEDESTRIAN,NOT DIVIDED,DRY,INJURY AND / OR TOW DUE TO CRASH,true,,"OVER $1,500",UNABLE TO DETERMINE,2,NONINCAPACITATING INJURY,1,0,41.8977488579,-87.6202680229,60611,"CHICAGO MIDWAY AIRPORT, IL US",68.0,42.0,39.0,0.0,10.0,11.0
crash_00127,2019-11-09 08:45:00,2019,11,Nov,Sat,8,Morning commute,30,TRAFFIC SIGNAL,CLEAR,DAYLIGHT,SIDESWIPE OPPOSITE DIRECTION,DIVIDED - W/MEDIAN (NOT RAISED),DRY,NO INJURY / DRIVE AWAY,true,,"OVER $1,500",FAILING TO YIELD RIGHT-OF-WAY,2,NO INDICATION OF INJURY,0,0,41.9393251925,-87.7174616251,60618,"CHICAGO MIDWAY AIRPORT, IL US",34.0,20.0,56.0,0.0,10.0,14.0
crash_00128,2025-04-26 14:30:00,2025,4,Apr,Sat,14,Daytime,30,STOP SIGN/FLASHER,CLEAR,DAYLIGHT,ANGLE,DIVIDED - W/MEDIAN (NOT RAISED),DRY,INJURY AND / OR TOW DUE TO CRASH,true,,"OVER $1,500",FAILING TO YIELD RIGHT-OF-WAY,2,NO INDICATION OF INJURY,0,0,41.9681720355,-87.724321555,60625,"CHICAGO OHARE INTERNATIONAL AIRPORT, IL US",53.0,36.0,52.0,0.0,10.0,16.0
crash_00129,2023-08-05 12:00:00,2023,8,Aug,Sat,12,Daytime,30,NO CONTROLS,RAIN,DAYLIGHT,PARKED MOTOR VEHICLE,DIVIDED - W/MEDIAN (NOT RAISED),WET,NO INJURY / DRIVE AWAY,,true,"OVER $1,500",UNABLE TO DETERMINE,2,NO INDICATION OF INJURY,0,0,41.8120752104,-87.6246826547,60653,"CHICAGO MIDWAY AIRPORT, IL US",73.0,67.0,81.0,0.01,8.0,11.0
crash_00130,2019-02-17 20:15:00,2019,2,Feb,Sun,20,Night or early morning,30,TRAFFIC SIGNAL,SNOW,"DARKNESS, LIGHTED ROAD",REAR END,NOT DIVIDED,SNOW OR SLUSH,NO INJURY / DRIVE AWAY,,,"OVER $1,500",FOLLOWING TOO CLOSELY,3,NO INDICATION OF INJURY,0,0,41.9467931289,-87.6979417695,60618,"CHICAGO MIDWAY AIRPORT, IL US",27.0,25.0,92.0,0.0,2.0,3.0
crash_00131,2024-03-15 09:25:00,2024,3,Mar,Fri,9,Morning commute,30,TRAFFIC SIGNAL,CLEAR,DAYLIGHT,ANGLE,FOUR WAY,DRY,NO INJURY / DRIVE AWAY,true,true,"OVER $1,500",DISREGARDING TRAFFIC SIGNALS,2,NO INDICATION OF INJURY,0,0,41.8777715425,-87.6544212126,60607,"CHICAGO MIDWAY AIRPORT, IL US",40.0,34.0,79.0,0.0,10.0,7.0
crash_00132,2023-11-06 07:20:00,2023,11,Nov,Mon,7,Morning commute,30,STOP SIGN/FLASHER,CLEAR,DAYLIGHT,TURNING,PARKING LOT,DRY,NO INJURY / DRIVE AWAY,,,"OVER $1,500",FOLLOWING TOO CLOSELY,2,NO INDICATION OF INJURY,0,0,41.7888914342,-87.7032795922,60629,"CHICAGO MIDWAY AIRPORT, IL US",55.0,41.0,59.0,0.0,10.0,16.0
crash_00133,2021-09-28 14:30:00,2021,9,Sep,Tue,14,Daytime,30,NO CONTROLS,CLEAR,DAYLIGHT,FIXED OBJECT,PARKING LOT,DRY,NO INJURY / DRIVE AWAY,,,"$501 - $1,500",UNABLE TO DETERMINE,1,NO INDICATION OF INJURY,0,0,41.7503804703,-87.6542999266,60620,"CHICAGO MIDWAY AIRPORT, IL US",72.0,46.0,40.0,0.0,10.0,11.0
crash_00134,2018-06-23 15:00:00,2018,6,Jun,Sat,15,Evening commute,30,TRAFFIC SIGNAL,CLEAR,DAYLIGHT,REAR END,DIVIDED - W/MEDIAN (NOT RAISED),DRY,NO INJURY / DRIVE AWAY,,,$500 OR LESS,FOLLOWING TOO CLOSELY,2,NO INDICATION OF INJURY,0,0,41.8449531309,-87.6854444529,60608,"CHICAGO MIDWAY AIRPORT, IL US",80.0,55.0,42.0,0.0,10.0,5.0
crash_00135,2023-08-28 10:40:00,2023,8,Aug,Mon,10,Daytime,30,NO CONTROLS,CLEAR,DAYLIGHT,PARKED MOTOR VEHICLE,ONE-WAY,DRY,NO INJURY / DRIVE AWAY,,,"OVER $1,500",DRIVING ON WRONG SIDE/WRONG WAY,2,NO INDICATION OF INJURY,0,0,41.6798223329,-87.6344220849,60628,"CHICAGO MIDWAY AIRPORT, IL US",75.0,52.0,45.0,0.0,10.0,3.0
crash_00136,2020-02-16 14:12:00,2020,2,Feb,Sun,14,Daytime,30,NO CONTROLS,SNOW,DAYLIGHT,PARKED MOTOR VEHICLE,PARKING LOT,SNOW OR SLUSH,NO INJURY / DRIVE AWAY,,,"OVER $1,500",UNABLE TO DETERMINE,2,NO INDICATION OF INJURY,0,0,41.8153784408,-87.6244799424,60653,"CHICAGO MIDWAY AIRPORT, IL US",40.0,20.0,45.0,0.0,10.0,0.0
crash_00137,2018-03-31 23:33:00,2018,3,Mar,Sat,23,Night or early morning,35,NO CONTROLS,CLEAR,"DARKNESS, LIGHTED ROAD",REAR END,ONE-WAY,DRY,NO INJURY / DRIVE AWAY,,true,$500 OR LESS,IMPROPER BACKING,2,NO INDICATION OF INJURY,0,0,41.8808556845,-87.6260255844,60603,"CHICAGO MIDWAY AIRPORT, IL US",35.0,22.0,59.0,0.0,10.0,11.0
crash_00138,2023-10-04 22:00:00,2023,10,Oct,Wed,22,Night or early morning,30,TRAFFIC SIGNAL,CLEAR,"DARKNESS, LIGHTED ROAD",TURNING,DIVIDED - W/MEDIAN (NOT RAISED),DRY,INJURY AND / OR TOW DUE TO CRASH,true,,"OVER $1,500",IMPROPER TURNING/NO SIGNAL,2,NONINCAPACITATING INJURY,1,0,41.7564129363,-87.7220257175,60652,"CHICAGO MIDWAY AIRPORT, IL US",75.0,55.0,50.0,0.0,10.0,13.0
crash_00139,2025-04-27 22:10:00,2025,4,Apr,Sun,22,Night or early morning,30,TRAFFIC SIGNAL,CLEAR,"DARKNESS, LIGHTED ROAD",TURNING,NOT DIVIDED,DRY,INJURY AND / OR TOW DUE TO CRASH,true,true,"OVER $1,500",DISREGARDING TRAFFIC SIGNALS,2,NONINCAPACITATING INJURY,1,0,41.9036983077,-87.6482453506,60642,"CHICAGO MIDWAY AIRPORT, IL US",58.0,40.0,51.0,0.0,10.0,6.0
crash_00140,2020-12-12 09:30:00,2020,12,Dec,Sat,9,Morning commute,30,NO CONTROLS,RAIN,DAYLIGHT,PARKED MOTOR VEHICLE,ONE-WAY,WET,NO INJURY / DRIVE AWAY,,true,"$501 - $1,500",UNABLE TO DETERMINE,2,NO INDICATION OF INJURY,0,0,41.761081375,-87.6869616857,60629,"CHICAGO MIDWAY AIRPORT, IL US",41.0,38.0,89.0,0.02,7.0,15.0
crash_00141,2019-09-16 14:00:00,2019,9,Sep,Mon,14,Daytime,30,TRAFFIC SIGNAL,CLEAR,DAYLIGHT,REAR END,DIVIDED - W/MEDIAN (NOT RAISED),DRY,INJURY AND / OR TOW DUE TO CRASH,,,"OVER $1,500",FOLLOWING TOO CLOSELY,2,NO INDICATION OF INJURY,0,0,41.8525261656,-87.6612900647,60608,"CHICAGO MIDWAY AIRPORT, IL US",73.0,66.0,79.0,0.0,10.0,10.0
crash_00142,2019-01-09 08:30:00,2019,1,Jan,Wed,8,Morning commute,30,UNKNOWN,UNKNOWN,UNKNOWN,SIDESWIPE SAME DIRECTION,ONE-WAY,UNKNOWN,NO INJURY / DRIVE AWAY,,,"OVER $1,500",UNABLE TO DETERMINE,2,NO INDICATION OF INJURY,0,0,41.976352625,-87.7961983211,60656,"CHICAGO OHARE INTERNATIONAL AIRPORT, IL US",19.0,9.0,65.0,0.0,10.0,16.0
crash_00143,2025-09-18 02:30:00,2025,9,Sep,Thu,2,Night or early morning,30,NO CONTROLS,CLEAR,"DARKNESS, LIGHTED ROAD",FIXED OBJECT,DIVIDED - W/MEDIAN BARRIER,DRY,INJURY AND / OR TOW DUE TO CRASH,,,$500 OR LESS,NOT APPLICABLE,1,NO INDICATION OF INJURY,0,0,41.8377948997,-87.685148751,60608,,,,,,,
crash_00144,2018-12-14 10:20:00,2018,12,Dec,Fri,10,Daytime,35,NO CONTROLS,CLEAR,DAYLIGHT,PEDESTRIAN,ALLEY,DRY,INJURY AND / OR TOW DUE TO CRASH,,true,"OVER $1,500",UNABLE TO DETERMINE,2,INCAPACITATING INJURY,1,0,41.9969815236,-87.6921561944,60659,"CHICAGO OHARE INTERNATIONAL AIRPORT, IL US",39.0,39.0,100.0,0.0,0.75,10.0
crash_00145,2024-07-17 17:28:00,2024,7,Jul,Wed,17,Evening commute,30,NO CONTROLS,CLEAR,DAYLIGHT,REAR END,NOT DIVIDED,UNKNOWN,NO INJURY / DRIVE AWAY,,true,"$501 - $1,500",UNABLE TO DETERMINE,2,NO INDICATION OF INJURY,0,0,41.8923934662,-87.61435191,60611,"CHICAGO MIDWAY AIRPORT, IL US",77.0,59.0,54.0,0.0,10.0,13.0
crash_00146,2023-11-17 19:59:00,2023,11,Nov,Fri,19,Night or early morning,30,TRAFFIC SIGNAL,CLEAR,"DARKNESS, LIGHTED ROAD",TURNING,FOUR WAY,DRY,INJURY AND / OR TOW DUE TO CRASH,true,,"OVER $1,500",IMPROPER TURNING/NO SIGNAL,2,"REPORTED, NOT EVIDENT",1,0,41.736161509,-87.6451599715,60620,"CHICAGO MIDWAY AIRPORT, IL US",41.0,31.0,67.0,0.0,10.0,5.0
crash_00147,2021-12-23 10:25:00,2021,12,Dec,Thu,10,Daytime,30,TRAFFIC SIGNAL,CLEAR,DAYLIGHT,TURNING,FOUR WAY,DRY,INJURY AND / OR TOW DUE TO CRASH,true,,"OVER $1,500",FAILING TO REDUCE SPEED TO AVOID CRASH,2,NO INDICATION OF INJURY,0,0,41.8812108262,-87.6862858069,60612,"CHICAGO MIDWAY AIRPORT, IL US",41.0,27.0,57.0,0.0,10.0,10.0
crash_00148,2025-05-20 18:30:00,2025,5,May,Tue,18,Evening commute,30,TRAFFIC SIGNAL,RAIN,DAYLIGHT,SIDESWIPE SAME DIRECTION,FOUR WAY,WET,NO INJURY / DRIVE AWAY,true,true,"$501 - $1,500",UNABLE TO DETERMINE,2,NO INDICATION OF INJURY,0,0,41.896828045,-87.6172077033,60611,"CHICAGO MIDWAY AIRPORT, IL US",57.0,53.0,87.0,0.0,9.0,11.0
crash_00149,2025-06-17 14:59:00,2025,6,Jun,Tue,14,Daytime,30,NO CONTROLS,CLEAR,DAYLIGHT,TURNING,NOT DIVIDED,DRY,INJURY AND / OR TOW DUE TO CRASH,,,"OVER $1,500",FAILING TO YIELD RIGHT-OF-WAY,2,NO INDICATION OF INJURY,0,0,41.8656862774,-87.7656698516,60644,"CHICAGO MIDWAY AIRPORT, IL US",91.0,65.0,42.0,0.0,10.0,16.0
crash_00150,2022-09-14 10:44:00,2022,9,Sep,Wed,10,Daytime,20,NO CONTROLS,CLEAR,DAYLIGHT,PARKED MOTOR VEHICLE,NOT DIVIDED,DRY,NO INJURY / DRIVE AWAY,,true,"$501 - $1,500",UNABLE TO DETERMINE,2,NO INDICATION OF INJURY,0,0,41.8922564267,-87.6370037614,60654,"CHICAGO MIDWAY AIRPORT, IL US",77.0,56.0,48.0,0.0,10.0,0.0
crash_00151,2022-09-21 17:25:00,2022,9,Sep,Wed,17,Evening commute,30,STOP SIGN/FLASHER,CLEAR,DAYLIGHT,PEDESTRIAN,NOT DIVIDED,DRY,INJURY AND / OR TOW DUE TO CRASH,,false,"OVER $1,500",UNABLE TO DETERMINE,2,NONINCAPACITATING INJURY,1,0,41.8811643731,-87.679431904,60612,"CHICAGO MIDWAY AIRPORT, IL US",81.0,54.0,39.0,0.0,10.0,10.0
crash_00152,2018-04-26 16:00:00,2018,4,Apr,Thu,16,Evening commute,25,NO CONTROLS,CLEAR,DAYLIGHT,PARKED MOTOR VEHICLE,NOT DIVIDED,DRY,NO INJURY / DRIVE AWAY,,,"OVER $1,500",FOLLOWING TOO CLOSELY,2,NO INDICATION OF INJURY,0,0,41.7978865396,-87.7283430538,60632,"CHICAGO MIDWAY AIRPORT, IL US",65.0,29.0,26.0,0.0,10.0,10.0
crash_00153,2019-05-24 06:00:00,2019,5,May,Fri,6,Morning commute,30,NO CONTROLS,RAIN,DAWN,TURNING,DIVIDED - W/MEDIAN BARRIER,WET,NO INJURY / DRIVE AWAY,true,,"OVER $1,500",UNABLE TO DETERMINE,2,NO INDICATION OF INJURY,0,0,41.8880794261,-87.6240473698,60601,"CHICAGO MIDWAY AIRPORT, IL US",61.0,49.0,65.0,0.02,9.0,15.0
crash_00154,2018-08-09 18:00:00,2018,8,Aug,Thu,18,Evening commute,35,TRAFFIC SIGNAL,CLEAR,DAYLIGHT,TURNING,NOT DIVIDED,DRY,NO INJURY / DRIVE AWAY,true,,$500 OR LESS,UNABLE TO DETERMINE,2,NO INDICATION OF INJURY,0,0,41.8817875703,-87.7209442582,60624,"CHICAGO MIDWAY AIRPORT, IL US",90.0,67.0,47.0,0.0,10.0,13.0
crash_00155,2018-08-06 17:30:00,2018,8,Aug,Mon,17,Evening commute,35,NO CONTROLS,CLEAR,DAYLIGHT,REAR END,DIVIDED - W/MEDIAN (NOT RAISED),DRY,NO INJURY / DRIVE AWAY,,,"$501 - $1,500",UNABLE TO DETERMINE,2,NO INDICATION OF INJURY,0,0,41.8171506357,-87.7044755805,60632,"CHICAGO MIDWAY AIRPORT, IL US",80.0,71.0,74.0,0.0,10.0,8.0
crash_00156,2023-05-27 18:40:00,2023,5,May,Sat,18,Evening commute,30,TRAFFIC SIGNAL,CLEAR,DAYLIGHT,TURNING,NOT DIVIDED,DRY,NO INJURY / DRIVE AWAY,true,,"$501 - $1,500",FAILING TO YIELD RIGHT-OF-WAY,2,NO INDICATION OF INJURY,0,0,41.8909712296,-87.6242769456,60611,"CHICAGO MIDWAY AIRPORT, IL US",69.0,35.0,29.0,0.0,10.0,9.0
crash_00157,2021-04-19 15:15:00,2021,4,Apr,Mon,15,Evening commute,30,NO CONTROLS,CLEAR,DAYLIGHT,PARKED MOTOR VEHICLE,ONE-WAY,DRY,NO INJURY / DRIVE AWAY,,true,"$501 - $1,500",IMPROPER BACKING,2,NO INDICATION OF INJURY,0,0,41.8588773257,-87.6621496425,60608,"CHICAGO MIDWAY AIRPORT, IL US",45.0,36.0,71.0,0.0,10.0,14.0
crash_00158,2020-12-23 15:00:00,2020,12,Dec,Wed,15,Evening commute,30,NO CONTROLS,UNKNOWN,UNKNOWN,TURNING,DIVIDED - W/MEDIAN (NOT RAISED),UNKNOWN,NO INJURY / DRIVE AWAY,,,"$501 - $1,500",FAILING TO YIELD RIGHT-OF-WAY,2,NO INDICATION OF INJURY,0,0,41.8523754932,-87.6661713958,60608,"CHICAGO MIDWAY AIRPORT, IL US",56.0,42.0,60.0,0.0,10.0,25.0
crash_00159,2021-07-09 18:30:00,2021,7,Jul,Fri,18,Evening commute,30,STOP SIGN/FLASHER,CLEAR,DAYLIGHT,ANGLE,FOUR WAY,DRY,INJURY AND / OR TOW DUE TO CRASH,true,,"OVER $1,500",DRIVING SKILLS/KNOWLEDGE/EXPERIENCE,2,NO INDICATION OF INJURY,0,0,41.7132961515,-87.5538474927,60617,"CHICAGO MIDWAY AIRPORT, IL US",73.0,42.0,33.0,0.0,10.0,8.0
crash_00160,2022-06-30 13:25:00,2022,6,Jun,Thu,13,Daytime,25,NO CONTROLS,CLEAR,DAYLIGHT,PARKED MOTOR VEHICLE,NOT DIVIDED,DRY,NO INJURY / DRIVE AWAY,,false,"OVER $1,500",IMPROPER BACKING,2,NO INDICATION OF INJURY,0,0,41.8543860667,-87.6244146006,60616,"CHICAGO MIDWAY AIRPORT, IL US",92.0,59.0,33.0,0.0,10.0,18.0
crash_00161,2024-08-15 08:00:00,2024,8,Aug,Thu,8,Morning commute,30,NO CONTROLS,RAIN,DAYLIGHT,PARKED MOTOR VEHICLE,ONE-WAY,WET,NO INJURY / DRIVE AWAY,,,"OVER $1,500",UNABLE TO DETERMINE,2,NO INDICATION OF INJURY,0,0,41.8779903391,-87.7025164957,60612,"CHICAGO MIDWAY AIRPORT, IL US",69.0,64.0,84.0,0.04,9.0,8.0
crash_00162,2019-06-02 09:00:00,2019,6,Jun,Sun,9,Morning commute,30,NO CONTROLS,CLEAR,DAYLIGHT,REAR END,NOT DIVIDED,DRY,NO INJURY / DRIVE AWAY,,,"$501 - $1,500",FOLLOWING TOO CLOSELY,2,NO INDICATION OF INJURY,0,0,41.8757994112,-87.6259419162,60605,"CHICAGO MIDWAY AIRPORT, IL US",62.0,45.0,54.0,0.0,10.0,7.0
crash_00163,2020-03-13 13:15:00,2020,3,Mar,Fri,13,Daytime,30,NO CONTROLS,CLEAR,DAYLIGHT,PARKED MOTOR VEHICLE,DIVIDED - W/MEDIAN (NOT RAISED),DRY,NO INJURY / DRIVE AWAY,,true,"OVER $1,500",DRIVING SKILLS/KNOWLEDGE/EXPERIENCE,2,NO INDICATION OF INJURY,0,0,41.7527317843,-87.6053851142,60619,"CHICAGO MIDWAY AIRPORT, IL US",44.0,19.0,37.0,0.0,10.0,23.0
crash_00164,2025-09-26 14:16:00,2025,9,Sep,Fri,14,Daytime,30,NO CONTROLS,CLEAR,DAYLIGHT,PARKED MOTOR VEHICLE,NOT DIVIDED,DRY,NO INJURY / DRIVE AWAY,,true,"$501 - $1,500",UNABLE TO DETERMINE,2,NO INDICATION OF INJURY,0,0,41.8859558742,-87.648796514,60607,,,,,,,
crash_00165,2023-08-21 09:10:00,2023,8,Aug,Mon,9,Morning commute,30,UNKNOWN,CLEAR,DAYLIGHT,PEDALCYCLIST,NOT DIVIDED,DRY,NO INJURY / DRIVE AWAY,true,,$500 OR LESS,FOLLOWING TOO CLOSELY,2,NO INDICATION OF INJURY,0,0,41.9607339161,-87.7385689536,60641,"CHICAGO OHARE INTERNATIONAL AIRPORT, IL US",74.0,66.0,76.0,0.0,10.0,13.0
crash_00166,2024-02-09 21:23:00,2024,2,Feb,Fri,21,Night or early morning,30,NO CONTROLS,CLEAR,"DARKNESS, LIGHTED ROAD",HEAD ON,NOT DIVIDED,DRY,INJURY AND / OR TOW DUE TO CRASH,,true,"OVER $1,500",UNABLE TO DETERMINE,2,INCAPACITATING INJURY,2,0,41.7862766806,-87.6947521736,60629,"CHICAGO MIDWAY AIRPORT, IL US",45.0,33.0,63.0,0.0,10.0,8.0
crash_00167,2018-05-17 10:50:00,2018,5,May,Thu,10,Daytime,30,NO CONTROLS,CLEAR,DAYLIGHT,PARKED MOTOR VEHICLE,ONE-WAY,DRY,NO INJURY / DRIVE AWAY,,,"OVER $1,500",UNABLE TO DETERMINE,2,NO INDICATION OF INJURY,0,0,41.9400188509,-87.7247435413,60618,"CHICAGO OHARE INTERNATIONAL AIRPORT, IL US",62.0,47.0,58.0,0.0,10.0,10.0
crash_00168,2022-05-05 06:00:00,2022,5,May,Thu,6,Morning commute,30,NO CONTROLS,UNKNOWN,UNKNOWN,PARKED MOTOR VEHICLE,NOT DIVIDED,UNKNOWN,NO INJURY / DRIVE AWAY,,,"OVER $1,500",DRIVING SKILLS/KNOWLEDGE/EXPERIENCE,2,NO INDICATION OF INJURY,0,0,41.8516756547,-87.7036958212,60623,"CHICAGO MIDWAY AIRPORT, IL US",50.0,39.0,66.0,0.0,10.0,7.0
crash_00169,2018-08-26 06:20:00,2018,8,Aug,Sun,6,Morning commute,30,NO CONTROLS,CLEAR,DAYLIGHT,TURNING,DIVIDED - W/MEDIAN BARRIER,DRY,INJURY AND / OR TOW DUE TO CRASH,,,"OVER $1,500",IMPROPER TURNING/NO SIGNAL,2,INCAPACITATING INJURY,1,0,41.8885080966,-87.7012729278,60612,"CHICAGO MIDWAY AIRPORT, IL US",75.0,74.0,96.0,0.0,4.0,6.0
crash_00170,2024-11-06 16:20:00,2024,11,Nov,Wed,16,Evening commute,30,TRAFFIC SIGNAL,UNKNOWN,UNKNOWN,ANGLE,FOUR WAY,UNKNOWN,NO INJURY / DRIVE AWAY,true,,"OVER $1,500",DRIVING SKILLS/KNOWLEDGE/EXPERIENCE,2,NO INDICATION OF INJURY,0,0,41.86980688,-87.6436700931,60607,"CHICAGO MIDWAY AIRPORT, IL US",53.0,40.0,61.0,,10.0,6.0
crash_00171,2024-07-06 20:24:00,2024,7,Jul,Sat,20,Night or early morning,30,TRAFFIC SIGNAL,CLEAR,"DARKNESS, LIGHTED ROAD",SIDESWIPE SAME DIRECTION,DIVIDED - W/MEDIAN BARRIER,DRY,NO INJURY / DRIVE AWAY,,,"OVER $1,500",IMPROPER OVERTAKING/PASSING,2,NO INDICATION OF INJURY,0,0,41.8401846133,-87.617006543,60616,"CHICAGO MIDWAY AIRPORT, IL US",75.0,53.0,46.0,0.0,10.0,7.0
crash_00172,2021-11-19 08:00:00,2021,11,Nov,Fri,8,Morning commute,30,NO CONTROLS,CLEAR,DAYLIGHT,PARKED MOTOR VEHICLE,ONE-WAY,DRY,NO INJURY / DRIVE AWAY,,true,"OVER $1,500",UNABLE TO DETERMINE,2,NO INDICATION OF INJURY,0,0,41.7464940183,-87.6165613154,60619,"CHICAGO MIDWAY AIRPORT, IL US",29.0,18.0,63.0,0.0,10.0,3.0
crash_00173,2020-03-02 03:42:00,2020,3,Mar,Mon,3,Night or early morning,30,TRAFFIC SIGNAL,CLEAR,DARKNESS,ANGLE,NOT DIVIDED,DRY,INJURY AND / OR TOW DUE TO CRASH,,,"OVER $1,500",DISREGARDING TRAFFIC SIGNALS,3,NO INDICATION OF INJURY,0,0,41.8924790218,-87.6355227285,60654,"CHICAGO MIDWAY AIRPORT, IL US",41.0,32.0,70.0,0.0,10.0,7.0
crash_00174,2021-11-26 17:06:00,2021,11,Nov,Fri,17,Evening commute,30,NO CONTROLS,CLEAR,"DARKNESS, LIGHTED ROAD",REAR END,DIVIDED - W/MEDIAN BARRIER,DRY,NO INJURY / DRIVE AWAY,,true,"$501 - $1,500",FAILING TO REDUCE SPEED TO AVOID CRASH,2,NO INDICATION OF INJURY,0,0,41.8975467251,-87.6242801868,60611,"CHICAGO MIDWAY AIRPORT, IL US",29.0,6.0,38.0,0.0,10.0,6.0
crash_00175,2022-04-30 06:00:00,2022,4,Apr,Sat,6,Morning commute,15,NO CONTROLS,CLEAR,UNKNOWN,PARKED MOTOR VEHICLE,NOT DIVIDED,DRY,NO INJURY / DRIVE AWAY,,true,"OVER $1,500",UNABLE TO DETERMINE,2,NO INDICATION OF INJURY,0,0,41.9349540093,-87.6743174376,60657,"CHICAGO MIDWAY AIRPORT, IL US",55.0,39.0,55.0,0.0,10.0,20.0
crash_00176,2022-12-28 13:07:00,2022,12,Dec,Wed,13,Daytime,30,TRAFFIC SIGNAL,CLEAR,DAYLIGHT,REAR END,DRIVEWAY,DRY,INJURY AND / OR TOW DUE TO CRASH,true,,"OVER $1,500",FAILING TO REDUCE SPEED TO AVOID CRASH,2,INCAPACITATING INJURY,1,0,41.8755326521,-87.6338038912,60607,"CHICAGO MIDWAY AIRPORT, IL US",42.0,28.0,58.0,0.0,10.0,17.0
crash_00177,2025-06-06 14:00:00,2025,6,Jun,Fri,14,Daytime,30,NO CONTROLS,CLEAR,DAYLIGHT,TURNING,NOT DIVIDED,UNKNOWN,INJURY AND / OR TOW DUE TO CRASH,,,"OVER $1,500",UNABLE TO DETERMINE,2,NO INDICATION OF INJURY,0,0,41.7783112505,-87.7428035652,60638,"CHICAGO MIDWAY AIRPORT, IL US",77.0,49.0,37.0,0.0,8.0,9.0
crash_00178,2019-12-31 05:40:00,2019,12,Dec,Tue,5,Night or early morning,30,NO CONTROLS,BLOWING SNOW,"DARKNESS, LIGHTED ROAD",SIDESWIPE SAME DIRECTION,DIVIDED - W/MEDIAN (NOT RAISED),WET,INJURY AND / OR TOW DUE TO CRASH,,,"OVER $1,500",FAILING TO YIELD RIGHT-OF-WAY,2,"REPORTED, NOT EVIDENT",1,0,41.9362945714,-87.7076913665,60618,"CHICAGO MIDWAY AIRPORT, IL US",26.0,20.0,78.0,0.0,5.0,14.0
crash_00179,2018-06-05 05:30:00,2018,6,Jun,Tue,5,Night or early morning,0,NO CONTROLS,CLEAR,DAYLIGHT,PARKED MOTOR VEHICLE,PARKING LOT,UNKNOWN,NO INJURY / DRIVE AWAY,,,"OVER $1,500",DRIVING SKILLS/KNOWLEDGE/EXPERIENCE,2,NO INDICATION OF INJURY,0,0,41.6916769135,-87.7008919006,60655,"CHICAGO MIDWAY AIRPORT, IL US",67.0,55.0,66.0,0.0,10.0,10.0