crash_id,crash_datetime,crash_year,crash_month,crash_month_name,crash_weekday_name,crash_hour,time_period,posted_speed_limit_mph,traffic_control_device,reported_weather_condition,reported_lighting_condition,first_crash_type,trafficway_type,reported_road_surface_condition,crash_type,intersection_related,hit_and_run,estimated_damage,primary_contributory_cause,unit_count,most_severe_injury,injuries_total,injuries_fatal,latitude,longitude,zip5,weather_station_name,temperature_f,dew_point_f,relative_humidity_percent,precipitation_inches,visibility_miles,wind_speed_mph
crash_00180,2019-08-30 22:20:00,2019,8,Aug,Fri,22,Night or early morning,30,NO CONTROLS,CLEAR,"DARKNESS, LIGHTED ROAD",TURNING,DIVIDED - W/MEDIAN (NOT RAISED),DRY,NO INJURY / DRIVE AWAY,,,"$501 - $1,500",UNABLE TO DETERMINE,2,NO INDICATION OF INJURY,0,0,41.7222985329,-87.5800109671,60617,"CHICAGO MIDWAY AIRPORT, IL US",67.0,51.0,57.0,0.0,10.0,5.0
crash_00181,2022-03-07 11:40:00,2022,3,Mar,Mon,11,Daytime,20,NO CONTROLS,SNOW,DAYLIGHT,PARKED MOTOR VEHICLE,NOT DIVIDED,WET,INJURY AND / OR TOW DUE TO CRASH,,,"OVER $1,500",UNABLE TO DETERMINE,2,NO INDICATION OF INJURY,0,0,41.7866033102,-87.7896610033,60638,"CHICAGO MIDWAY AIRPORT, IL US",36.0,29.0,76.0,0.0,8.0,15.0
crash_00182,2025-12-09 18:00:00,2025,12,Dec,Tue,18,Evening commute,30,NO CONTROLS,UNKNOWN,DARKNESS,FIXED OBJECT,NOT DIVIDED,UNKNOWN,INJURY AND / OR TOW DUE TO CRASH,,,"OVER $1,500",UNABLE TO DETERMINE,1,"REPORTED, NOT EVIDENT",2,0,41.7581293901,-87.6589339517,60636,,,,,,,
crash_00183,2022-11-01 22:00:00,2022,11,Nov,Tue,22,Night or early morning,30,NO CONTROLS,CLEAR,"DARKNESS, LIGHTED ROAD",PARKED MOTOR VEHICLE,PARKING LOT,DRY,NO INJURY / DRIVE AWAY,,,"$501 - $1,500",UNABLE TO DETERMINE,2,NO INDICATION OF INJURY,0,0,41.8830655764,-87.6419213818,60661,"CHICAGO MIDWAY AIRPORT, IL US",60.0,40.0,47.0,0.0,10.0,6.0
crash_00184,2019-10-25 17:35:00,2019,10,Oct,Fri,17,Evening commute,30,TRAFFIC SIGNAL,CLEAR,DAYLIGHT,SIDESWIPE SAME DIRECTION,DIVIDED - W/MEDIAN (NOT RAISED),DRY,NO INJURY / DRIVE AWAY,true,true,"$501 - $1,500",IMPROPER OVERTAKING/PASSING,2,NO INDICATION OF INJURY,0,0,41.9610380131,-87.7295895003,60630,"CHICAGO OHARE INTERNATIONAL AIRPORT, IL US",45.0,28.0,52.0,0.0,10.0,5.0
crash_00185,2025-07-25 09:31:00,2025,7,Jul,Fri,9,Morning commute,30,TRAFFIC SIGNAL,CLOUDY/OVERCAST,DAYLIGHT,PEDALCYCLIST,FOUR WAY,DRY,INJURY AND / OR TOW DUE TO CRASH,true,,$500 OR LESS,DRIVING ON WRONG SIDE/WRONG WAY,2,NONINCAPACITATING INJURY,1,0,41.9976695229,-87.6997064232,60645,"CHICAGO OHARE INTERNATIONAL AIRPORT, IL US",81.0,71.0,72.0,0.0,10.0,3.0
crash_00186,2021-08-25 08:20:00,2021,8,Aug,Wed,8,Morning commute,30,TRAFFIC SIGNAL,CLEAR,DAYLIGHT,REAR END,NOT DIVIDED,DRY,INJURY AND / OR TOW DUE TO CRASH,true,true,"OVER $1,500",UNABLE TO DETERMINE,2,NO INDICATION OF INJURY,0,0,41.804641245,-87.6845169054,60632,"CHICAGO MIDWAY AIRPORT, IL US",76.0,68.0,77.0,0.0,10.0,8.0
crash_00187,2024-09-16 12:00:00,2024,9,Sep,Mon,12,Daytime,30,NO CONTROLS,CLEAR,DAYLIGHT,PARKED MOTOR VEHICLE,PARKING LOT,DRY,NO INJURY / DRIVE AWAY,,true,"$501 - $1,500",UNABLE TO DETERMINE,2,NO INDICATION OF INJURY,0,0,41.7079431592,-87.5830023483,60617,"CHICAGO MIDWAY AIRPORT, IL US",86.0,57.0,37.0,0.0,10.0,7.0
crash_00188,2018-05-09 17:45:00,2018,5,May,Wed,17,Evening commute,30,NO CONTROLS,CLEAR,DAYLIGHT,ANGLE,NOT DIVIDED,DRY,NO INJURY / DRIVE AWAY,,true,$500 OR LESS,UNABLE TO DETERMINE,2,NO INDICATION OF INJURY,0,0,41.9721183114,-87.7880921988,60656,"CHICAGO OHARE INTERNATIONAL AIRPORT, IL US",77.0,61.0,57.0,0.01,10.0,13.0
crash_00189,2019-09-19 14:00:00,2019,9,Sep,Thu,14,Daytime,5,YIELD,UNKNOWN,UNKNOWN,PARKED MOTOR VEHICLE,PARKING LOT,UNKNOWN,NO INJURY / DRIVE AWAY,,false,"OVER $1,500",NOT APPLICABLE,2,NO INDICATION OF INJURY,0,0,41.9059048335,-87.6298989961,60610,"CHICAGO MIDWAY AIRPORT, IL US",83.0,60.0,46.0,0.0,10.0,5.0
crash_00190,2024-11-19 14:35:00,2024,11,Nov,Tue,14,Daytime,30,TRAFFIC SIGNAL,CLEAR,DAYLIGHT,PEDESTRIAN,DIVIDED - W/MEDIAN (NOT RAISED),DRY,INJURY AND / OR TOW DUE TO CRASH,true,true,$500 OR LESS,FAILING TO YIELD RIGHT-OF-WAY,2,NONINCAPACITATING INJURY,1,0,41.8515178086,-87.7200176005,60623,"CHICAGO MIDWAY AIRPORT, IL US",64.0,48.0,56.0,0.0,10.0,20.0
crash_00191,2025-03-15 18:09:00,2025,3,Mar,Sat,18,Evening commute,30,TRAFFIC SIGNAL,CLEAR,DAYLIGHT,ANGLE,NOT DIVIDED,DRY,INJURY AND / OR TOW DUE TO CRASH,,false,"OVER $1,500",UNABLE TO DETERMINE,2,NONINCAPACITATING INJURY,2,0,41.7723796165,-87.6447416419,60621,"CHICAGO MIDWAY AIRPORT, IL US",55.0,41.0,59.0,0.0,10.0,15.0
crash_00192,2021-10-23 09:20:00,2021,10,Oct,Sat,9,Morning commute,30,TRAFFIC SIGNAL,CLEAR,DAYLIGHT,ANGLE,Y-INTERSECTION,DRY,NO INJURY / DRIVE AWAY,true,,"OVER $1,500","VISION OBSCURED (SIGNS, TREE LIMBS, BUILDINGS, ETC.)",2,NO INDICATION OF INJURY,0,0,41.9957186671,-87.7635893746,60646,"CHICAGO OHARE INTERNATIONAL AIRPORT, IL US",45.0,34.0,66.0,0.0,10.0,5.0
crash_00193,2022-05-27 15:10:00,2022,5,May,Fri,15,Evening commute,30,STOP SIGN/FLASHER,CLEAR,DAYLIGHT,TURNING,T-INTERSECTION,DRY,INJURY AND / OR TOW DUE TO CRASH,true,true,"OVER $1,500",DISREGARDING STOP SIGN,2,NO INDICATION OF INJURY,0,0,41.7312254943,-87.604544217,60619,"CHICAGO MIDWAY AIRPORT, IL US",61.0,50.0,67.0,0.0,10.0,17.0
crash_00194,2018-11-09 08:00:00,2018,11,Nov,Fri,8,Morning commute,35,STOP SIGN/FLASHER,SNOW,DAYLIGHT,PARKED MOTOR VEHICLE,ONE-WAY,WET,NO INJURY / DRIVE AWAY,,true,"OVER $1,500",UNABLE TO DETERMINE,2,NO INDICATION OF INJURY,0,0,41.7737747156,-87.6894516755,60629,"CHICAGO MIDWAY AIRPORT, IL US",33.0,30.0,89.0,0.01,0.75,10.0
crash_00195,2020-03-04 12:45:00,2020,3,Mar,Wed,12,Daytime,30,NO CONTROLS,CLEAR,DAYLIGHT,OTHER OBJECT,NOT DIVIDED,UNKNOWN,NO INJURY / DRIVE AWAY,,,$500 OR LESS,UNABLE TO DETERMINE,2,NO INDICATION OF INJURY,0,0,41.9360146951,-87.6634076356,60657,"CHICAGO MIDWAY AIRPORT, IL US",47.0,20.0,34.0,0.0,10.0,13.0
crash_00196,2022-02-26 10:40:00,2022,2,Feb,Sat,10,Daytime,35,STOP SIGN/FLASHER,RAIN,DAYLIGHT,ANGLE,DIVIDED - W/MEDIAN (NOT RAISED),DRY,INJURY AND / OR TOW DUE TO CRASH,true,,"OVER $1,500",FAILING TO YIELD RIGHT-OF-WAY,2,"REPORTED, NOT EVIDENT",1,0,41.7021813877,-87.7206107565,60655,"CHICAGO MIDWAY AIRPORT, IL US",25.0,12.0,58.0,0.0,10.0,11.0
crash_00197,2023-07-08 17:25:00,2023,7,Jul,Sat,17,Evening commute,30,NO CONTROLS,CLEAR,DAYLIGHT,PARKED MOTOR VEHICLE,NOT DIVIDED,DRY,NO INJURY / DRIVE AWAY,,true,"$501 - $1,500",UNABLE TO DETERMINE,2,NO INDICATION OF INJURY,0,0,41.7231442409,-87.6613598765,60620,"CHICAGO MIDWAY AIRPORT, IL US",74.0,52.0,46.0,0.0,10.0,11.0
crash_00198,2021-12-19 20:30:00,2021,12,Dec,Sun,20,Night or early morning,30,TRAFFIC SIGNAL,CLEAR,DUSK,TURNING,RAMP,DRY,NO INJURY / DRIVE AWAY,true,,"OVER $1,500",IMPROPER LANE USAGE,2,NO INDICATION OF INJURY,0,0,41.8930250628,-87.6380232726,60654,"CHICAGO MIDWAY AIRPORT, IL US",34.0,26.0,73.0,0.0,10.0,10.0
crash_00199,2022-06-08 19:24:00,2022,6,Jun,Wed,19,Night or early morning,30,NO CONTROLS,CLEAR,DAYLIGHT,ANGLE,DIVIDED - W/MEDIAN (NOT RAISED),DRY,NO INJURY / DRIVE AWAY,,,"OVER $1,500",FAILING TO YIELD RIGHT-OF-WAY,2,NO INDICATION OF INJURY,0,0,41.9097262864,-87.7468374412,60639,"CHICAGO MIDWAY AIRPORT, IL US",64.0,55.0,73.0,,10.0,8.0
crash_00200,2022-04-24 02:00:00,2022,4,Apr,Sun,2,Night or early morning,30,NO CONTROLS,CLEAR,"DARKNESS, LIGHTED ROAD",SIDESWIPE SAME DIRECTION,DIVIDED - W/MEDIAN (NOT RAISED),DRY,NO INJURY / DRIVE AWAY,,true,"$501 - $1,500",UNABLE TO DETERMINE,2,NO INDICATION OF INJURY,0,0,41.8755929036,-87.6252429121,60605,"CHICAGO MIDWAY AIRPORT, IL US",73.0,54.0,51.0,0.0,10.0,17.0
crash_00201,2025-03-19 18:20:00,2025,3,Mar,Wed,18,Evening commute,30,NO CONTROLS,RAIN,DUSK,REAR END,DIVIDED - W/MEDIAN (NOT RAISED),WET,NO INJURY / DRIVE AWAY,,,"OVER $1,500",UNABLE TO DETERMINE,2,NO INDICATION OF INJURY,0,0,41.9319284721,-87.7467555348,60641,"CHICAGO OHARE INTERNATIONAL AIRPORT, IL US",42.0,39.0,89.0,0.05,5.0,18.0
crash_00202,2023-05-16 12:15:00,2023,5,May,Tue,12,Daytime,30,NO CONTROLS,CLEAR,DAYLIGHT,SIDESWIPE SAME DIRECTION,NOT DIVIDED,DRY,NO INJURY / DRIVE AWAY,,false,"$501 - $1,500",IMPROPER OVERTAKING/PASSING,2,NO INDICATION OF INJURY,0,0,41.910474701,-87.6774210026,60622,"CHICAGO MIDWAY AIRPORT, IL US",75.0,43.0,32.0,0.0,10.0,5.0
crash_00203,2018-06-16 14:35:00,2018,6,Jun,Sat,14,Daytime,30,TRAFFIC SIGNAL,CLEAR,DAYLIGHT,SIDESWIPE SAME DIRECTION,DIVIDED - W/MEDIAN (NOT RAISED),DRY,INJURY AND / OR TOW DUE TO CRASH,,,"OVER $1,500",FAILING TO YIELD RIGHT-OF-WAY,3,NO INDICATION OF INJURY,0,0,41.9454306355,-87.7864944945,60634,"CHICAGO OHARE INTERNATIONAL AIRPORT, IL US",87.0,69.0,55.0,0.0,10.0,10.0
crash_00204,2019-09-29 17:00:00,2019,9,Sep,Sun,17,Evening commute,30,NO CONTROLS,CLEAR,DUSK,PARKED MOTOR VEHICLE,ONE-WAY,DRY,NO INJURY / DRIVE AWAY,,true,"OVER $1,500",NOT APPLICABLE,2,NO INDICATION OF INJURY,0,0,41.9215719579,-87.7684810424,60639,"CHICAGO OHARE INTERNATIONAL AIRPORT, IL US",65.0,63.0,93.0,0.0,10.0,7.0
crash_00205,2019-02-14 16:15:00,2019,2,Feb,Thu,16,Evening commute,30,NO CONTROLS,CLEAR,DAYLIGHT,SIDESWIPE SAME DIRECTION,NOT DIVIDED,DRY,NO INJURY / DRIVE AWAY,,true,$500 OR LESS,NOT APPLICABLE,2,NO INDICATION OF INJURY,0,0,41.7687443409,-87.6446513782,60621,"CHICAGO MIDWAY AIRPORT, IL US",45.0,36.0,71.0,0.0,10.0,11.0
crash_00206,2022-06-20 16:43:00,2022,6,Jun,Mon,16,Evening commute,10,NO CONTROLS,CLEAR,DAYLIGHT,SIDESWIPE SAME DIRECTION,PARKING LOT,DRY,NO INJURY / DRIVE AWAY,,,"$501 - $1,500",IMPROPER OVERTAKING/PASSING,2,NO INDICATION OF INJURY,0,0,41.8467666109,-87.6171757775,60616,"CHICAGO MIDWAY AIRPORT, IL US",96.0,51.0,22.0,0.0,10.0,15.0
crash_00207,2024-01-19 10:00:00,2024,1,Jan,Fri,10,Daytime,10,NO CONTROLS,CLEAR,DAYLIGHT,FIXED OBJECT,PARKING LOT,SNOW OR SLUSH,NO INJURY / DRIVE AWAY,,,"OVER $1,500",DRIVING SKILLS/KNOWLEDGE/EXPERIENCE,1,NO INDICATION OF INJURY,0,0,41.8242979773,-87.7148273304,60632,"CHICAGO MIDWAY AIRPORT, IL US",13.0,4.0,67.0,0.0,9.0,14.0
crash_00208,2022-06-08 07:16:00,2022,6,Jun,Wed,7,Morning commute,30,UNKNOWN,CLEAR,DAYLIGHT,SIDESWIPE SAME DIRECTION,NOT DIVIDED,UNKNOWN,NO INJURY / DRIVE AWAY,,,"OVER $1,500",UNABLE TO DETERMINE,2,NO INDICATION OF INJURY,0,0,41.6899996053,-87.6647811425,60643,"CHICAGO MIDWAY AIRPORT, IL US",64.0,47.0,54.0,0.0,10.0,7.0
crash_00209,2024-08-07 10:59:00,2024,8,Aug,Wed,10,Daytime,30,TRAFFIC SIGNAL,CLEAR,DAYLIGHT,TURNING,NOT DIVIDED,DRY,INJURY AND / OR TOW DUE TO CRASH,true,,"OVER $1,500",FAILING TO YIELD RIGHT-OF-WAY,2,"REPORTED, NOT EVIDENT",1,0,41.9118199771,-87.626485722,60614,"CHICAGO MIDWAY AIRPORT, IL US",75.0,58.0,55.0,0.0,10.0,18.0
crash_00210,2023-03-10 16:00:00,2023,3,Mar,Fri,16,Evening commute,30,NO CONTROLS,RAIN,DAYLIGHT,REAR TO SIDE,PARKING LOT,WET,NO INJURY / DRIVE AWAY,,,"OVER $1,500",UNABLE TO DETERMINE,2,NO INDICATION OF INJURY,0,0,41.7066750445,-87.6703817439,60643,"CHICAGO MIDWAY AIRPORT, IL US",36.0,31.0,82.0,0.0,10.0,11.0
crash_00211,2025-03-06 19:26:00,2025,3,Mar,Thu,19,Night or early morning,30,TRAFFIC SIGNAL,CLEAR,"DARKNESS, LIGHTED ROAD",REAR END,NOT DIVIDED,DRY,NO INJURY / DRIVE AWAY,true,,"OVER $1,500",FOLLOWING TOO CLOSELY,2,NO INDICATION OF INJURY,0,0,41.8873306921,-87.7650250362,60644,"CHICAGO MIDWAY AIRPORT, IL US",36.0,21.0,55.0,0.0,10.0,6.0
crash_00212,2019-06-12 13:45:00,2019,6,Jun,Wed,13,Daytime,20,NO CONTROLS,RAIN,DAYLIGHT,SIDESWIPE SAME DIRECTION,ONE-WAY,WET,NO INJURY / DRIVE AWAY,,,"OVER $1,500",UNABLE TO DETERMINE,2,NO INDICATION OF INJURY,0,0,,,,,,,,,,
crash_00213,2023-04-22 15:00:00,2023,4,Apr,Sat,15,Evening commute,20,NO CONTROLS,CLEAR,DAYLIGHT,PARKED MOTOR VEHICLE,ONE-WAY,DRY,NO INJURY / DRIVE AWAY,,true,"$501 - $1,500",UNABLE TO DETERMINE,2,NO INDICATION OF INJURY,0,0,41.9326511994,-87.7244114108,60618,"CHICAGO MIDWAY AIRPORT, IL US",44.0,26.0,49.0,0.0,10.0,16.0
crash_00214,2019-01-18 17:20:00,2019,1,Jan,Fri,17,Evening commute,30,TRAFFIC SIGNAL,CLEAR,"DARKNESS, LIGHTED ROAD",PEDESTRIAN,OTHER,DRY,NO INJURY / DRIVE AWAY,true,,"$501 - $1,500",FAILING TO YIELD RIGHT-OF-WAY,2,NO INDICATION OF INJURY,0,0,41.8671561888,-87.6408671106,60607,"CHICAGO MIDWAY AIRPORT, IL US",30.0,23.0,75.0,0.0,10.0,15.0
crash_00215,2019-08-05 04:45:00,2019,8,Aug,Mon,4,Night or early morning,30,NO CONTROLS,CLEAR,"DARKNESS, LIGHTED ROAD",PARKED MOTOR VEHICLE,DIVIDED - W/MEDIAN (NOT RAISED),DRY,NO INJURY / DRIVE AWAY,,,"OVER $1,500",IMPROPER LANE USAGE,2,NO INDICATION OF INJURY,0,0,41.9685412493,-87.7107037958,60625,"CHICAGO OHARE INTERNATIONAL AIRPORT, IL US",70.0,65.0,84.0,0.0,10.0,0.0
crash_00216,2021-06-11 01:18:00,2021,6,Jun,Fri,1,Night or early morning,30,NO CONTROLS,CLEAR,"DARKNESS, LIGHTED ROAD",OVERTURNED,NOT DIVIDED,DRY,INJURY AND / OR TOW DUE TO CRASH,,true,"OVER $1,500",UNABLE TO DETERMINE,1,NO INDICATION OF INJURY,0,0,41.7026568637,-87.5454132854,60617,"CHICAGO MIDWAY AIRPORT, IL US",74.0,64.0,71.0,0.0,10.0,5.0
crash_00217,2018-10-19 09:00:00,2018,10,Oct,Fri,9,Morning commute,30,NO CONTROLS,CLEAR,DAYLIGHT,PARKED MOTOR VEHICLE,NOT DIVIDED,DRY,NO INJURY / DRIVE AWAY,,,"OVER $1,500",UNABLE TO DETERMINE,2,NO INDICATION OF INJURY,0,0,41.8966929245,-87.6939299302,60622,"CHICAGO MIDWAY AIRPORT, IL US",49.0,33.0,55.0,0.0,10.0,11.0
crash_00218,2019-06-06 21:15:00,2019,6,Jun,Thu,21,Night or early morning,15,NO CONTROLS,CLEAR,DARKNESS,FIXED OBJECT,ALLEY,DRY,INJURY AND / OR TOW DUE TO CRASH,,,"$501 - $1,500",PHYSICAL CONDITION OF DRIVER,1,NO INDICATION OF INJURY,0,0,41.8821056374,-87.6777665232,60612,"CHICAGO MIDWAY AIRPORT, IL US",60.0,57.0,90.0,0.0,8.0,10.0
crash_00219,2022-07-10 12:00:00,2022,7,Jul,Sun,12,Daytime,30,TRAFFIC SIGNAL,CLEAR,DAYLIGHT,TURNING,NOT DIVIDED,DRY,INJURY AND / OR TOW DUE TO CRASH,true,,"OVER $1,500",FAILING TO YIELD RIGHT-OF-WAY,2,NO INDICATION OF INJURY,0,0,41.8819855703,-87.725854585,60624,"CHICAGO MIDWAY AIRPORT, IL US",83.0,49.0,31.0,0.0,10.0,3.0
crash_00220,2018-03-02 22:45:00,2018,3,Mar,Fri,22,Night or early morning,30,TRAFFIC SIGNAL,CLEAR,"DARKNESS, LIGHTED ROAD",REAR END,NOT DIVIDED,DRY,NO INJURY / DRIVE AWAY,,,$500 OR LESS,UNABLE TO DETERMINE,2,NO INDICATION OF INJURY,0,0,41.7077237672,-87.5829916905,60617,"CHICAGO MIDWAY AIRPORT, IL US",37.0,19.0,48.0,0.0,10.0,6.0
crash_00221,2023-06-09 04:56:00,2023,6,Jun,Fri,4,Night or early morning,30,TRAFFIC SIGNAL,CLEAR,"DARKNESS, LIGHTED ROAD",FIXED OBJECT,DIVIDED - W/MEDIAN (NOT RAISED),DRY,INJURY AND / OR TOW DUE TO CRASH,,,"OVER $1,500",FAILING TO REDUCE SPEED TO AVOID CRASH,1,NO INDICATION OF INJURY,0,0,41.9832619605,-87.6893048042,60659,"CHICAGO OHARE INTERNATIONAL AIRPORT, IL US",55.0,39.0,55.0,0.0,10.0,7.0
crash_00222,2021-08-14 14:00:00,2021,8,Aug,Sat,14,Daytime,30,NO CONTROLS,CLEAR,DAYLIGHT,REAR END,DIVIDED - W/MEDIAN (NOT RAISED),DRY,NO INJURY / DRIVE AWAY,,,"$501 - $1,500",FOLLOWING TOO CLOSELY,2,NO INDICATION OF INJURY,0,0,41.9903679572,-87.6929808527,60659,"CHICAGO OHARE INTERNATIONAL AIRPORT, IL US",78.0,49.0,36.0,0.0,10.0,9.0
crash_00223,2021-10-21 08:00:00,2021,10,Oct,Thu,8,Morning commute,30,NO CONTROLS,RAIN,DAYLIGHT,PARKED MOTOR VEHICLE,DIVIDED - W/MEDIAN BARRIER,WET,NO INJURY / DRIVE AWAY,,true,"OVER $1,500",UNABLE TO DETERMINE,2,NO INDICATION OF INJURY,0,0,41.794181024,-87.6621011654,60609,"CHICAGO MIDWAY AIRPORT, IL US",53.0,44.0,72.0,0.0,10.0,17.0
crash_00224,2025-12-30 09:54:00,2025,12,Dec,Tue,9,Morning commute,30,TRAFFIC SIGNAL,CLEAR,DAYLIGHT,TURNING,DIVIDED - W/MEDIAN (NOT RAISED),DRY,INJURY AND / OR TOW DUE TO CRASH,true,,"OVER $1,500",FAILING TO YIELD RIGHT-OF-WAY,2,"REPORTED, NOT EVIDENT",2,0,41.7559267937,-87.6540252148,60620,,,,,,,
crash_00225,2025-08-04 23:00:00,2025,8,Aug,Mon,23,Night or early morning,30,TRAFFIC SIGNAL,CLEAR,DARKNESS,REAR END,NOT DIVIDED,UNKNOWN,NO INJURY / DRIVE AWAY,,,"OVER $1,500",UNABLE TO DETERMINE,2,NO INDICATION OF INJURY,0,0,41.7059851652,-87.7208595145,60655,"CHICAGO MIDWAY AIRPORT, IL US",75.0,60.0,60.0,0.0,10.0,8.0
crash_00226,2021-11-18 14:00:00,2021,11,Nov,Thu,14,Daytime,30,TRAFFIC SIGNAL,CLEAR,DAYLIGHT,REAR END,FOUR WAY,DRY,NO INJURY / DRIVE AWAY,,,"OVER $1,500",FOLLOWING TOO CLOSELY,2,NO INDICATION OF INJURY,0,0,41.7133759025,-87.5596017009,60617,"CHICAGO MIDWAY AIRPORT, IL US",33.0,16.0,49.0,0.0,10.0,23.0
crash_00227,2021-07-15 18:00:00,2021,7,Jul,Thu,18,Evening commute,30,NO CONTROLS,CLOUDY/OVERCAST,DAYLIGHT,ANGLE,DIVIDED - W/MEDIAN (NOT RAISED),WET,NO INJURY / DRIVE AWAY,true,,"OVER $1,500",UNABLE TO DETERMINE,2,NO INDICATION OF INJURY,0,0,41.6773626371,-87.680599498,60643,"CHICAGO MIDWAY AIRPORT, IL US",79.0,66.0,65.0,0.0,10.0,7.0
crash_00228,2019-08-05 14:05:00,2019,8,Aug,Mon,14,Daytime,30,NO CONTROLS,CLEAR,DAYLIGHT,ANGLE,DIVIDED - W/MEDIAN (NOT RAISED),DRY,INJURY AND / OR TOW DUE TO CRASH,true,,"OVER $1,500",FAILING TO YIELD RIGHT-OF-WAY,2,NO INDICATION OF INJURY,0,0,41.7540479041,-87.6536852177,60620,"CHICAGO MIDWAY AIRPORT, IL US",89.0,65.0,45.0,0.0,10.0,9.0
crash_00229,2024-09-24 15:38:00,2024,9,Sep,Tue,15,Evening commute,30,NO CONTROLS,RAIN,DAYLIGHT,SIDESWIPE SAME DIRECTION,NOT DIVIDED,WET,INJURY AND / OR TOW DUE TO CRASH,,true,"$501 - $1,500",UNABLE TO DETERMINE,2,NONINCAPACITATING INJURY,2,0,41.8944482783,-87.7262030479,60624,"CHICAGO MIDWAY AIRPORT, IL US",68.0,65.0,90.0,0.02,10.0,6.0
crash_00230,2025-03-24 16:35:00,2025,3,Mar,Mon,16,Evening commute,30,NO CONTROLS,CLEAR,DAYLIGHT,REAR TO SIDE,PARKING LOT,DRY,NO INJURY / DRIVE AWAY,,,"OVER $1,500",UNABLE TO DETERMINE,2,NO INDICATION OF INJURY,0,0,41.831995499,-87.6099066398,60616,"CHICAGO MIDWAY AIRPORT, IL US",50.0,22.0,33.0,0.0,10.0,20.0
crash_00231,2019-01-08 16:00:00,2019,1,Jan,Tue,16,Evening commute,30,TRAFFIC SIGNAL,CLEAR,DAYLIGHT,REAR END,NOT DIVIDED,UNKNOWN,NO INJURY / DRIVE AWAY,true,true,$500 OR LESS,FOLLOWING TOO CLOSELY,3,NO INDICATION OF INJURY,0,0,41.8380441364,-87.6378970019,60616,"CHICAGO MIDWAY AIRPORT, IL US",44.0,24.0,45.0,0.0,10.0,23.0
crash_00232,2025-07-17 21:58:00,2025,7,Jul,Thu,21,Night or early morning,40,TRAFFIC SIGNAL,CLEAR,"DARKNESS, LIGHTED ROAD",REAR END,DIVIDED - W/MEDIAN BARRIER,DRY,INJURY AND / OR TOW DUE TO CRASH,true,true,"OVER $1,500",FAILING TO REDUCE SPEED TO AVOID CRASH,3,"REPORTED, NOT EVIDENT",5,0,41.8808569263,-87.6171033844,60603,"CHICAGO MIDWAY AIRPORT, IL US",66.0,55.0,68.0,0.0,10.0,11.0
crash_00233,2020-07-11 15:00:00,2020,7,Jul,Sat,15,Evening commute,30,TRAFFIC SIGNAL,CLEAR,DAYLIGHT,SIDESWIPE SAME DIRECTION,NOT DIVIDED,DRY,NO INJURY / DRIVE AWAY,true,,"$501 - $1,500",IMPROPER LANE USAGE,2,NO INDICATION OF INJURY,0,0,41.7793920685,-87.5752890358,60649,"CHICAGO MIDWAY AIRPORT, IL US",80.0,66.0,62.0,0.0,10.0,9.0
crash_00234,2023-01-13 17:08:00,2023,1,Jan,Fri,17,Evening commute,30,TRAFFIC SIGNAL,CLEAR,DUSK,REAR END,NOT DIVIDED,WET,INJURY AND / OR TOW DUE TO CRASH,true,,"OVER $1,500",FOLLOWING TOO CLOSELY,2,NO INDICATION OF INJURY,0,0,41.7728062947,-87.615298304,60637,"CHICAGO MIDWAY AIRPORT, IL US",30.0,20.0,66.0,0.0,10.0,18.0
crash_00235,2021-05-24 15:45:00,2021,5,May,Mon,15,Evening commute,10,NO CONTROLS,CLEAR,DAYLIGHT,PARKED MOTOR VEHICLE,PARKING LOT,DRY,NO INJURY / DRIVE AWAY,,,"$501 - $1,500",IMPROPER BACKING,2,NO INDICATION OF INJURY,0,0,42.0076753265,-87.6731575271,60626,"CHICAGO OHARE INTERNATIONAL AIRPORT, IL US",88.0,56.0,34.0,0.0,10.0,14.0
crash_00236,2018-01-29 10:17:00,2018,1,Jan,Mon,10,Daytime,30,NO CONTROLS,CLEAR,DAYLIGHT,FIXED OBJECT,ALLEY,DRY,NO INJURY / DRIVE AWAY,,true,"$501 - $1,500",UNABLE TO DETERMINE,1,NO INDICATION OF INJURY,0,0,41.8546934076,-87.7164520719,60623,"CHICAGO MIDWAY AIRPORT, IL US",26.0,17.0,69.0,0.0,10.0,18.0
crash_00237,2021-06-06 02:30:00,2021,6,Jun,Sun,2,Night or early morning,35,TRAFFIC SIGNAL,CLEAR,"DARKNESS, LIGHTED ROAD",REAR END,DIVIDED - W/MEDIAN (NOT RAISED),DRY,INJURY AND / OR TOW DUE TO CRASH,true,true,"OVER $1,500",FOLLOWING TOO CLOSELY,3,NONINCAPACITATING INJURY,1,0,41.7475332863,-87.6052788008,60619,"CHICAGO MIDWAY AIRPORT, IL US",74.0,55.0,52.0,0.0,10.0,10.0
crash_00238,2021-08-20 01:37:00,2021,8,Aug,Fri,1,Night or early morning,25,NO CONTROLS,CLEAR,"DARKNESS, LIGHTED ROAD",PARKED MOTOR VEHICLE,NOT DIVIDED,DRY,INJURY AND / OR TOW DUE TO CRASH,,true,"OVER $1,500",UNABLE TO DETERMINE,4,NO INDICATION OF INJURY,0,0,41.848401978,-87.6933229492,60608,"CHICAGO MIDWAY AIRPORT, IL US",75.0,68.0,79.0,0.0,10.0,3.0
crash_00239,2024-06-23 02:00:00,2024,6,Jun,Sun,2,Night or early morning,25,NO CONTROLS,UNKNOWN,UNKNOWN,PARKED MOTOR VEHICLE,NOT DIVIDED,UNKNOWN,NO INJURY / DRIVE AWAY,,true,"OVER $1,500",UNABLE TO DETERMINE,2,NO INDICATION OF INJURY,0,0,41.9934566752,-87.6653708343,60660,"CHICAGO OHARE INTERNATIONAL AIRPORT, IL US",73.0,72.0,96.0,0.0,10.0,9.0