crash_id,crash_datetime,crash_year,crash_month,crash_month_name,crash_weekday_name,crash_hour,time_period,posted_speed_limit_mph,traffic_control_device,reported_weather_condition,reported_lighting_condition,first_crash_type,trafficway_type,reported_road_surface_condition,crash_type,intersection_related,hit_and_run,estimated_damage,primary_contributory_cause,unit_count,most_severe_injury,injuries_total,injuries_fatal,latitude,longitude,zip5,weather_station_name,temperature_f,dew_point_f,relative_humidity_percent,precipitation_inches,visibility_miles,wind_speed_mph
crash_00240,2021-01-23 17:20:00,2021,1,Jan,Sat,17,Evening commute,30,NO CONTROLS,CLEAR,DUSK,REAR END,NOT DIVIDED,DRY,NO INJURY / DRIVE AWAY,,true,"OVER $1,500",FAILING TO REDUCE SPEED TO AVOID CRASH,2,NO INDICATION OF INJURY,0,0,41.7793742447,-87.6636065886,60636,"CHICAGO MIDWAY AIRPORT, IL US",30.0,11.0,45.0,0.0,10.0,7.0
crash_00241,2023-02-28 16:00:00,2023,2,Feb,Tue,16,Evening commute,30,NO CONTROLS,CLEAR,DAYLIGHT,SIDESWIPE SAME DIRECTION,NOT DIVIDED,DRY,NO INJURY / DRIVE AWAY,,,"OVER $1,500",IMPROPER LANE USAGE,2,NO INDICATION OF INJURY,0,0,41.7661222286,-87.5921293462,60637,"CHICAGO MIDWAY AIRPORT, IL US",47.0,32.0,56.0,0.0,10.0,13.0
crash_00242,2019-03-21 06:40:00,2019,3,Mar,Thu,6,Morning commute,30,NO CONTROLS,RAIN,DAWN,FIXED OBJECT,PARKING LOT,WET,NO INJURY / DRIVE AWAY,false,,"OVER $1,500",PHYSICAL CONDITION OF DRIVER,1,NO INDICATION OF INJURY,0,0,41.9242138683,-87.6607064013,60614,"CHICAGO MIDWAY AIRPORT, IL US",38.0,35.0,89.0,0.0,4.0,15.0
crash_00243,2023-05-16 19:47:00,2023,5,May,Tue,19,Night or early morning,30,STOP SIGN/FLASHER,CLEAR,DAYLIGHT,ANGLE,ONE-WAY,DRY,NO INJURY / DRIVE AWAY,true,,"OVER $1,500",UNABLE TO DETERMINE,2,NO INDICATION OF INJURY,0,0,41.7618745067,-87.6201480697,60619,"CHICAGO MIDWAY AIRPORT, IL US",59.0,43.0,56.0,0.0,10.0,13.0
crash_00244,2018-05-28 01:50:00,2018,5,May,Mon,1,Night or early morning,30,NO CONTROLS,CLEAR,"DARKNESS, LIGHTED ROAD",FIXED OBJECT,NOT DIVIDED,DRY,NO INJURY / DRIVE AWAY,,,"OVER $1,500",UNABLE TO DETERMINE,1,NO INDICATION OF INJURY,0,0,41.9396891804,-87.6613711416,60657,"CHICAGO MIDWAY AIRPORT, IL US",80.0,61.0,52.0,0.0,10.0,6.0
crash_00245,2022-05-11 18:40:00,2022,5,May,Wed,18,Evening commute,30,NO CONTROLS,CLEAR,DAYLIGHT,SIDESWIPE SAME DIRECTION,NOT DIVIDED,DRY,INJURY AND / OR TOW DUE TO CRASH,,,"OVER $1,500",FAILING TO YIELD RIGHT-OF-WAY,2,"REPORTED, NOT EVIDENT",1,0,41.8096073832,-87.6090495697,60653,"CHICAGO MIDWAY AIRPORT, IL US",78.0,65.0,64.0,0.0,10.0,10.0
crash_00246,2021-01-01 22:45:00,2021,1,Jan,Fri,22,Night or early morning,15,NO CONTROLS,SNOW,DARKNESS,SIDESWIPE SAME DIRECTION,PARKING LOT,SNOW OR SLUSH,NO INJURY / DRIVE AWAY,,true,"$501 - $1,500",UNABLE TO DETERMINE,2,NO INDICATION OF INJURY,0,0,41.8313017281,-87.6146927635,60616,"CHICAGO MIDWAY AIRPORT, IL US",34.0,31.0,89.0,0.0,6.0,15.0
crash_00247,2021-06-06 14:45:00,2021,6,Jun,Sun,14,Daytime,10,NO CONTROLS,CLEAR,DAYLIGHT,PARKED MOTOR VEHICLE,PARKING LOT,UNKNOWN,NO INJURY / DRIVE AWAY,,,$500 OR LESS,UNABLE TO DETERMINE,2,NO INDICATION OF INJURY,0,0,41.7962348752,-87.6304049244,60609,"CHICAGO MIDWAY AIRPORT, IL US",86.0,60.0,42.0,0.0,10.0,18.0
crash_00248,2018-12-03 18:45:00,2018,12,Dec,Mon,18,Evening commute,35,NO CONTROLS,CLEAR,DARKNESS,SIDESWIPE SAME DIRECTION,ONE-WAY,DRY,INJURY AND / OR TOW DUE TO CRASH,,,"OVER $1,500",FOLLOWING TOO CLOSELY,3,"REPORTED, NOT EVIDENT",1,0,41.8735172214,-87.710901588,60624,"CHICAGO MIDWAY AIRPORT, IL US",32.0,23.0,69.0,0.0,10.0,16.0
crash_00249,2025-10-12 17:00:00,2025,10,Oct,Sun,17,Evening commute,30,STOP SIGN/FLASHER,CLEAR,DAYLIGHT,TURNING,UNKNOWN,UNKNOWN,NO INJURY / DRIVE AWAY,,,"OVER $1,500",FAILING TO YIELD RIGHT-OF-WAY,2,NO INDICATION OF INJURY,0,0,41.9597371743,-87.7572110449,60641,,,,,,,
crash_00250,2023-09-11 17:00:00,2023,9,Sep,Mon,17,Evening commute,20,NO CONTROLS,RAIN,"DARKNESS, LIGHTED ROAD",PARKED MOTOR VEHICLE,DIVIDED - W/MEDIAN BARRIER,WET,NO INJURY / DRIVE AWAY,,,"$501 - $1,500",DRIVING SKILLS/KNOWLEDGE/EXPERIENCE,2,NO INDICATION OF INJURY,0,0,41.8785600753,-87.6364871464,60606,"CHICAGO MIDWAY AIRPORT, IL US",64.0,62.0,93.0,0.14,2.0,6.0
crash_00251,2019-06-15 10:00:00,2019,6,Jun,Sat,10,Daytime,30,NO CONTROLS,CLEAR,DAYLIGHT,SIDESWIPE SAME DIRECTION,ONE-WAY,DRY,NO INJURY / DRIVE AWAY,,true,"OVER $1,500",IMPROPER LANE USAGE,2,NO INDICATION OF INJURY,0,0,41.7825263653,-87.6073797543,60637,"CHICAGO MIDWAY AIRPORT, IL US",69.0,59.0,70.0,0.0,10.0,11.0
crash_00252,2022-09-21 09:55:00,2022,9,Sep,Wed,9,Morning commute,30,NO CONTROLS,UNKNOWN,UNKNOWN,PARKED MOTOR VEHICLE,PARKING LOT,UNKNOWN,INJURY AND / OR TOW DUE TO CRASH,,,"OVER $1,500",UNABLE TO DETERMINE,2,NO INDICATION OF INJURY,0,0,41.8740930099,-87.66925602,60612,"CHICAGO MIDWAY AIRPORT, IL US",84.0,63.0,49.0,0.0,10.0,17.0
crash_00253,2021-05-06 17:30:00,2021,5,May,Thu,17,Evening commute,25,NO CONTROLS,CLEAR,DAYLIGHT,SIDESWIPE SAME DIRECTION,DIVIDED - W/MEDIAN BARRIER,DRY,NO INJURY / DRIVE AWAY,,true,"OVER $1,500",DRIVING SKILLS/KNOWLEDGE/EXPERIENCE,2,NO INDICATION OF INJURY,0,0,41.9009589191,-87.6199281737,60611,"CHICAGO MIDWAY AIRPORT, IL US",55.0,26.0,33.0,0.0,10.0,10.0
crash_00254,2023-11-16 21:47:00,2023,11,Nov,Thu,21,Night or early morning,30,NO CONTROLS,CLEAR,"DARKNESS, LIGHTED ROAD",FIXED OBJECT,PARKING LOT,DRY,NO INJURY / DRIVE AWAY,,,"$501 - $1,500",DRIVING SKILLS/KNOWLEDGE/EXPERIENCE,1,NO INDICATION OF INJURY,0,0,41.882670497,-87.6242415386,60602,"CHICAGO MIDWAY AIRPORT, IL US",63.0,49.0,60.0,0.0,10.0,17.0
crash_00255,2023-06-17 14:25:00,2023,6,Jun,Sat,14,Daytime,35,NO CONTROLS,CLEAR,DAYLIGHT,TURNING,NOT DIVIDED,DRY,INJURY AND / OR TOW DUE TO CRASH,,,"OVER $1,500",FAILING TO YIELD RIGHT-OF-WAY,2,NO INDICATION OF INJURY,0,0,41.7644310866,-87.7225227753,60629,"CHICAGO MIDWAY AIRPORT, IL US",78.0,54.0,43.0,0.0,8.0,10.0
crash_00256,2019-10-09 16:30:00,2019,10,Oct,Wed,16,Evening commute,30,NO CONTROLS,CLEAR,DAYLIGHT,PARKED MOTOR VEHICLE,NOT DIVIDED,DRY,NO INJURY / DRIVE AWAY,,,"$501 - $1,500",IMPROPER OVERTAKING/PASSING,2,NO INDICATION OF INJURY,0,0,41.9773966713,-87.7554696289,60630,"CHICAGO OHARE INTERNATIONAL AIRPORT, IL US",67.0,45.0,45.0,0.0,10.0,13.0
crash_00257,2024-04-22 15:50:00,2024,4,Apr,Mon,15,Evening commute,20,STOP SIGN/FLASHER,CLEAR,DAYLIGHT,ANGLE,DIVIDED - W/MEDIAN (NOT RAISED),DRY,NO INJURY / DRIVE AWAY,,true,"$501 - $1,500",UNABLE TO DETERMINE,2,NO INDICATION OF INJURY,0,0,41.9792510303,-87.7132601533,60625,"CHICAGO OHARE INTERNATIONAL AIRPORT, IL US",66.0,24.0,20.0,0.0,10.0,23.0
crash_00258,2021-12-08 17:42:00,2021,12,Dec,Wed,17,Evening commute,35,NO CONTROLS,CLEAR,"DARKNESS, LIGHTED ROAD",SIDESWIPE SAME DIRECTION,DIVIDED - W/MEDIAN (NOT RAISED),DRY,NO INJURY / DRIVE AWAY,,,"$501 - $1,500",UNABLE TO DETERMINE,2,NO INDICATION OF INJURY,0,0,41.9110520825,-87.6339307526,60610,"CHICAGO MIDWAY AIRPORT, IL US",31.0,17.0,56.0,0.0,10.0,6.0
crash_00259,2025-02-21 07:35:00,2025,2,Feb,Fri,7,Morning commute,30,STOP SIGN/FLASHER,CLEAR,DAYLIGHT,ANGLE,ONE-WAY,DRY,NO INJURY / DRIVE AWAY,,,"OVER $1,500",UNABLE TO DETERMINE,2,NO INDICATION OF INJURY,0,0,41.7446958454,-87.6670866506,60620,"CHICAGO MIDWAY AIRPORT, IL US",13.0,6.0,74.0,0.0,10.0,6.0
crash_00260,2021-09-16 15:25:00,2021,9,Sep,Thu,15,Evening commute,30,STOP SIGN/FLASHER,CLEAR,DAYLIGHT,ANGLE,FOUR WAY,DRY,INJURY AND / OR TOW DUE TO CRASH,,,"$501 - $1,500",UNABLE TO DETERMINE,2,INCAPACITATING INJURY,1,0,41.8718669701,-87.6958983468,60612,"CHICAGO MIDWAY AIRPORT, IL US",83.0,49.0,31.0,0.0,10.0,11.0
crash_00261,2024-04-20 03:45:00,2024,4,Apr,Sat,3,Night or early morning,40,NO CONTROLS,CLEAR,"DARKNESS, LIGHTED ROAD",OTHER OBJECT,DIVIDED - W/MEDIAN BARRIER,DRY,INJURY AND / OR TOW DUE TO CRASH,,true,"OVER $1,500",UNABLE TO DETERMINE,1,NO INDICATION OF INJURY,0,0,41.8684623021,-87.6182805002,60605,"CHICAGO MIDWAY AIRPORT, IL US",39.0,20.0,46.0,0.0,10.0,13.0
crash_00262,2018-04-25 14:10:00,2018,4,Apr,Wed,14,Daytime,15,NO CONTROLS,CLEAR,DAYLIGHT,SIDESWIPE OPPOSITE DIRECTION,PARKING LOT,DRY,NO INJURY / DRIVE AWAY,,,"OVER $1,500",IMPROPER LANE USAGE,2,NO INDICATION OF INJURY,0,0,41.8776116582,-87.6742278678,60612,"CHICAGO MIDWAY AIRPORT, IL US",52.0,30.0,43.0,0.0,10.0,14.0
crash_00263,2018-02-10 16:20:00,2018,2,Feb,Sat,16,Evening commute,30,TRAFFIC SIGNAL,CLEAR,DAYLIGHT,REAR END,DIVIDED - W/MEDIAN BARRIER,WET,NO INJURY / DRIVE AWAY,,,$500 OR LESS,UNABLE TO DETERMINE,2,NO INDICATION OF INJURY,0,0,41.8999716685,-87.6240119406,60611,"CHICAGO MIDWAY AIRPORT, IL US",23.0,18.0,81.0,0.0,10.0,9.0
crash_00264,2019-10-26 16:25:00,2019,10,Oct,Sat,16,Evening commute,30,NO CONTROLS,RAIN,DAYLIGHT,REAR END,NOT DIVIDED,WET,INJURY AND / OR TOW DUE TO CRASH,,,"OVER $1,500",UNABLE TO DETERMINE,2,NO INDICATION OF INJURY,0,0,41.8108124997,-87.7093491561,60632,"CHICAGO MIDWAY AIRPORT, IL US",48.0,47.0,96.0,0.2,2.0,18.0
crash_00265,2019-09-04 05:58:00,2019,9,Sep,Wed,5,Night or early morning,35,STOP SIGN/FLASHER,CLEAR,DAYLIGHT,ANGLE,DIVIDED - W/MEDIAN BARRIER,UNKNOWN,INJURY AND / OR TOW DUE TO CRASH,true,,"OVER $1,500",DISREGARDING STOP SIGN,2,INCAPACITATING INJURY,2,0,41.7313621037,-87.5849517758,60617,"CHICAGO MIDWAY AIRPORT, IL US",62.0,54.0,75.0,0.0,10.0,10.0
crash_00266,2018-12-21 11:10:00,2018,12,Dec,Fri,11,Daytime,30,NO CONTROLS,CLEAR,DAYLIGHT,SIDESWIPE SAME DIRECTION,DIVIDED - W/MEDIAN BARRIER,DRY,NO INJURY / DRIVE AWAY,,true,"$501 - $1,500",UNABLE TO DETERMINE,2,NO INDICATION OF INJURY,0,0,41.7803133066,-87.6050648694,60637,"CHICAGO MIDWAY AIRPORT, IL US",34.0,28.0,79.0,0.0,10.0,17.0
crash_00267,2019-03-31 10:55:00,2019,3,Mar,Sun,10,Daytime,35,NO CONTROLS,CLEAR,DAYLIGHT,SIDESWIPE SAME DIRECTION,DIVIDED - W/MEDIAN (NOT RAISED),DRY,NO INJURY / DRIVE AWAY,,,"OVER $1,500",UNABLE TO DETERMINE,2,NO INDICATION OF INJURY,0,0,41.7414323725,-87.7142002154,60652,"CHICAGO MIDWAY AIRPORT, IL US",32.0,8.0,36.0,0.0,10.0,18.0
crash_00268,2020-10-21 22:39:00,2020,10,Oct,Wed,22,Night or early morning,30,NO CONTROLS,RAIN,"DARKNESS, LIGHTED ROAD",PARKED MOTOR VEHICLE,DIVIDED - W/MEDIAN (NOT RAISED),WET,INJURY AND / OR TOW DUE TO CRASH,,true,"OVER $1,500",NOT APPLICABLE,2,NO INDICATION OF INJURY,0,0,41.8501905627,-87.6952551797,60608,"CHICAGO MIDWAY AIRPORT, IL US",52.0,48.0,86.0,0.08,5.0,7.0
crash_00269,2025-01-24 13:45:00,2025,1,Jan,Fri,13,Daytime,30,STOP SIGN/FLASHER,UNKNOWN,DAYLIGHT,REAR END,NOT DIVIDED,UNKNOWN,NO INJURY / DRIVE AWAY,,,"OVER $1,500",IMPROPER BACKING,2,NO INDICATION OF INJURY,0,0,41.7497823509,-87.5992287749,60619,"CHICAGO MIDWAY AIRPORT, IL US",21.0,3.0,45.0,,10.0,11.0
crash_00270,2024-09-12 08:00:00,2024,9,Sep,Thu,8,Morning commute,25,STOP SIGN/FLASHER,CLEAR,DAYLIGHT,TURNING,NOT DIVIDED,DRY,NO INJURY / DRIVE AWAY,true,true,$500 OR LESS,IMPROPER TURNING/NO SIGNAL,2,NO INDICATION OF INJURY,0,0,41.7910961938,-87.7400907408,60629,"CHICAGO MIDWAY AIRPORT, IL US",71.0,56.0,59.0,0.0,10.0,3.0
crash_00271,2022-03-14 15:00:00,2022,3,Mar,Mon,15,Evening commute,35,TRAFFIC SIGNAL,CLEAR,DAYLIGHT,REAR END,DIVIDED - W/MEDIAN (NOT RAISED),DRY,NO INJURY / DRIVE AWAY,true,,"OVER $1,500",FOLLOWING TOO CLOSELY,2,NO INDICATION OF INJURY,0,0,41.7508910466,-87.6259685054,60620,"CHICAGO MIDWAY AIRPORT, IL US",65.0,32.0,29.0,0.0,10.0,17.0
crash_00272,2022-10-07 13:30:00,2022,10,Oct,Fri,13,Daytime,30,NO CONTROLS,CLEAR,DAYLIGHT,TURNING,ONE-WAY,DRY,NO INJURY / DRIVE AWAY,,,"$501 - $1,500",IMPROPER OVERTAKING/PASSING,2,NO INDICATION OF INJURY,0,0,41.7941994854,-87.6319254825,60609,"CHICAGO MIDWAY AIRPORT, IL US",55.0,37.0,51.0,0.0,10.0,14.0
crash_00273,2021-06-07 16:20:00,2021,6,Jun,Mon,16,Evening commute,20,NO CONTROLS,UNKNOWN,DAYLIGHT,PARKED MOTOR VEHICLE,ONE-WAY,DRY,NO INJURY / DRIVE AWAY,,true,"OVER $1,500",UNABLE TO DETERMINE,2,NO INDICATION OF INJURY,0,0,41.9605097348,-87.7722795694,60630,"CHICAGO OHARE INTERNATIONAL AIRPORT, IL US",78.0,71.0,79.0,0.0,10.0,7.0
crash_00274,2025-01-22 16:00:00,2025,1,Jan,Wed,16,Evening commute,10,NO CONTROLS,CLEAR,DAYLIGHT,SIDESWIPE OPPOSITE DIRECTION,PARKING LOT,UNKNOWN,NO INJURY / DRIVE AWAY,,,"OVER $1,500",UNABLE TO DETERMINE,2,NO INDICATION OF INJURY,0,0,41.9392533,-87.7232059875,60618,"CHICAGO OHARE INTERNATIONAL AIRPORT, IL US",23.0,9.0,55.0,0.0,10.0,14.0
crash_00275,2022-12-08 07:10:00,2022,12,Dec,Thu,7,Morning commute,15,NO CONTROLS,UNKNOWN,UNKNOWN,SIDESWIPE SAME DIRECTION,ALLEY,UNKNOWN,NO INJURY / DRIVE AWAY,,,"OVER $1,500",UNABLE TO DETERMINE,2,NO INDICATION OF INJURY,0,0,41.7511940366,-87.5746093357,60617,"CHICAGO MIDWAY AIRPORT, IL US",39.0,31.0,73.0,0.0,10.0,11.0
crash_00276,2021-04-30 21:42:00,2021,4,Apr,Fri,21,Night or early morning,30,TRAFFIC SIGNAL,CLEAR,"DARKNESS, LIGHTED ROAD",TURNING,FOUR WAY,DRY,INJURY AND / OR TOW DUE TO CRASH,true,,"$501 - $1,500",FAILING TO REDUCE SPEED TO AVOID CRASH,2,NONINCAPACITATING INJURY,1,0,41.976201139,-87.9053091251,60666,"CHICAGO OHARE INTERNATIONAL AIRPORT, IL US",43.0,31.0,63.0,0.0,10.0,8.0
crash_00277,2024-11-29 09:30:00,2024,11,Nov,Fri,9,Morning commute,20,NO CONTROLS,CLEAR,DAYLIGHT,FIXED OBJECT,OTHER,DRY,NO INJURY / DRIVE AWAY,,,"OVER $1,500",UNABLE TO DETERMINE,1,NO INDICATION OF INJURY,0,0,41.8135354009,-87.7192438958,60632,"CHICAGO MIDWAY AIRPORT, IL US",24.0,9.0,52.0,0.0,10.0,17.0
crash_00278,2019-11-27 15:00:00,2019,11,Nov,Wed,15,Evening commute,20,NO CONTROLS,CLEAR,DAYLIGHT,SIDESWIPE SAME DIRECTION,ONE-WAY,DRY,NO INJURY / DRIVE AWAY,,true,$500 OR LESS,UNABLE TO DETERMINE,2,NO INDICATION OF INJURY,0,0,41.8151765625,-87.6905926932,60632,"CHICAGO MIDWAY AIRPORT, IL US",39.0,28.0,65.0,0.0,10.0,33.0
crash_00279,2020-08-03 17:45:00,2020,8,Aug,Mon,17,Evening commute,30,STOP SIGN/FLASHER,RAIN,DAYLIGHT,TURNING,DIVIDED - W/MEDIAN BARRIER,WET,INJURY AND / OR TOW DUE TO CRASH,true,,"$501 - $1,500",FAILING TO YIELD RIGHT-OF-WAY,2,NONINCAPACITATING INJURY,1,0,41.8659314728,-87.6272401033,60605,"CHICAGO MIDWAY AIRPORT, IL US",69.0,58.0,68.0,0.0,10.0,18.0
crash_00280,2024-09-20 12:30:00,2024,9,Sep,Fri,12,Daytime,30,STOP SIGN/FLASHER,CLEAR,DAYLIGHT,ANGLE,DIVIDED - W/MEDIAN (NOT RAISED),DRY,NO INJURY / DRIVE AWAY,,,"OVER $1,500",FAILING TO YIELD RIGHT-OF-WAY,2,NO INDICATION OF INJURY,0,0,41.7194596024,-87.535141566,60617,"CHICAGO MIDWAY AIRPORT, IL US",87.0,66.0,50.0,0.0,10.0,13.0
crash_00281,2024-10-26 17:10:00,2024,10,Oct,Sat,17,Evening commute,30,STOP SIGN/FLASHER,CLEAR,DAYLIGHT,PEDALCYCLIST,NOT DIVIDED,DRY,INJURY AND / OR TOW DUE TO CRASH,true,,"OVER $1,500",FAILING TO YIELD RIGHT-OF-WAY,2,NONINCAPACITATING INJURY,1,0,41.9609754265,-87.716661139,60618,"CHICAGO OHARE INTERNATIONAL AIRPORT, IL US",55.0,30.0,38.0,0.0,10.0,7.0
crash_00282,2020-01-06 17:30:00,2020,1,Jan,Mon,17,Evening commute,30,NO CONTROLS,CLEAR,DUSK,SIDESWIPE SAME DIRECTION,DIVIDED - W/MEDIAN (NOT RAISED),DRY,INJURY AND / OR TOW DUE TO CRASH,,,"OVER $1,500",IMPROPER LANE USAGE,2,NO INDICATION OF INJURY,0,0,41.9528748541,-87.8058521048,60634,"CHICAGO OHARE INTERNATIONAL AIRPORT, IL US",36.0,23.0,59.0,0.0,10.0,10.0
crash_00283,2024-07-06 06:15:00,2024,7,Jul,Sat,6,Morning commute,30,TRAFFIC SIGNAL,CLEAR,"DARKNESS, LIGHTED ROAD",ANGLE,NOT DIVIDED,DRY,INJURY AND / OR TOW DUE TO CRASH,,,"OVER $1,500",DISREGARDING TRAFFIC SIGNALS,2,NO INDICATION OF INJURY,0,0,41.9023962606,-87.7461261196,60651,"CHICAGO MIDWAY AIRPORT, IL US",66.0,61.0,84.0,0.0,10.0,5.0
crash_00284,2021-05-02 05:40:00,2021,5,May,Sun,5,Night or early morning,25,NO CONTROLS,CLEAR,DAWN,PARKED MOTOR VEHICLE,ONE-WAY,DRY,INJURY AND / OR TOW DUE TO CRASH,,,"OVER $1,500",UNABLE TO DETERMINE,3,INCAPACITATING INJURY,1,0,41.8415098812,-87.7099771834,60623,"CHICAGO MIDWAY AIRPORT, IL US",63.0,48.0,58.0,0.0,10.0,13.0
crash_00285,2025-01-14 11:30:00,2025,1,Jan,Tue,11,Daytime,25,NO CONTROLS,SNOW,DAYLIGHT,FIXED OBJECT,ONE-WAY,ICE,NO INJURY / DRIVE AWAY,,,"OVER $1,500",UNABLE TO DETERMINE,1,NO INDICATION OF INJURY,0,0,41.7465426732,-87.6695550386,60620,"CHICAGO MIDWAY AIRPORT, IL US",14.0,-2.0,49.0,0.0,10.0,18.0
crash_00286,2019-07-08 11:58:00,2019,7,Jul,Mon,11,Daytime,30,STOP SIGN/FLASHER,CLEAR,DAYLIGHT,OTHER OBJECT,NOT DIVIDED,DRY,NO INJURY / DRIVE AWAY,,,$500 OR LESS,UNABLE TO DETERMINE,1,NO INDICATION OF INJURY,0,0,41.7365090368,-87.7264918849,60652,"CHICAGO MIDWAY AIRPORT, IL US",79.0,56.0,45.0,0.0,10.0,6.0
crash_00287,2018-12-24 15:45:00,2018,12,Dec,Mon,15,Evening commute,30,NO CONTROLS,CLEAR,DAYLIGHT,PARKED MOTOR VEHICLE,PARKING LOT,DRY,NO INJURY / DRIVE AWAY,,,"OVER $1,500",FAILING TO YIELD RIGHT-OF-WAY,2,NO INDICATION OF INJURY,0,0,41.8087413884,-87.6629116285,60609,"CHICAGO MIDWAY AIRPORT, IL US",34.0,18.0,52.0,0.0,10.0,3.0
crash_00288,2019-07-14 20:15:00,2019,7,Jul,Sun,20,Night or early morning,30,NO CONTROLS,CLEAR,"DARKNESS, LIGHTED ROAD",ANGLE,DIVIDED - W/MEDIAN (NOT RAISED),DRY,NO INJURY / DRIVE AWAY,false,,"$501 - $1,500",FAILING TO YIELD RIGHT-OF-WAY,3,NO INDICATION OF INJURY,0,0,41.9746643539,-87.6548180144,60640,"CHICAGO MIDWAY AIRPORT, IL US",80.0,65.0,60.0,0.0,10.0,5.0
crash_00289,2024-12-28 03:11:00,2024,12,Dec,Sat,3,Night or early morning,30,TRAFFIC SIGNAL,RAIN,"DARKNESS, LIGHTED ROAD",ANGLE,FOUR WAY,WET,INJURY AND / OR TOW DUE TO CRASH,,true,"OVER $1,500",DISREGARDING TRAFFIC SIGNALS,3,NONINCAPACITATING INJURY,3,0,41.7660256051,-87.6247763257,60637,"CHICAGO MIDWAY AIRPORT, IL US",51.0,48.0,89.0,0.01,4.0,14.0
crash_00290,2018-11-18 02:00:00,2018,11,Nov,Sun,2,Night or early morning,30,NO CONTROLS,CLEAR,DARKNESS,PARKED MOTOR VEHICLE,NOT DIVIDED,DRY,NO INJURY / DRIVE AWAY,,true,"$501 - $1,500",UNABLE TO DETERMINE,2,NO INDICATION OF INJURY,0,0,41.8536044628,-87.7249295328,60623,"CHICAGO MIDWAY AIRPORT, IL US",33.0,30.0,89.0,0.0,3.0,7.0
crash_00291,2024-08-31 13:00:00,2024,8,Aug,Sat,13,Daytime,30,NO CONTROLS,CLEAR,DAYLIGHT,PARKED MOTOR VEHICLE,PARKING LOT,DRY,NO INJURY / DRIVE AWAY,,true,"OVER $1,500",UNABLE TO DETERMINE,2,NO INDICATION OF INJURY,0,0,41.9242300998,-87.7552609979,60639,"CHICAGO OHARE INTERNATIONAL AIRPORT, IL US",80.0,57.0,45.0,0.0,10.0,5.0
crash_00292,2020-02-13 05:30:00,2020,2,Feb,Thu,5,Night or early morning,30,NO CONTROLS,SNOW,DAYLIGHT,OTHER OBJECT,NOT DIVIDED,DRY,NO INJURY / DRIVE AWAY,,,"OVER $1,500",NOT APPLICABLE,1,NO INDICATION OF INJURY,0,0,41.7442309734,-87.7023856851,60652,"CHICAGO MIDWAY AIRPORT, IL US",29.0,26.0,89.0,0.0,1.25,13.0
crash_00293,2020-06-25 18:19:00,2020,6,Jun,Thu,18,Evening commute,30,NO CONTROLS,CLEAR,DAYLIGHT,PARKED MOTOR VEHICLE,ONE-WAY,DRY,NO INJURY / DRIVE AWAY,,true,"$501 - $1,500",DRIVING SKILLS/KNOWLEDGE/EXPERIENCE,2,NO INDICATION OF INJURY,0,0,41.7522779084,-87.6502945153,60620,"CHICAGO MIDWAY AIRPORT, IL US",79.0,55.0,44.0,0.0,10.0,11.0
crash_00294,2020-10-02 16:00:00,2020,10,Oct,Fri,16,Evening commute,30,NO CONTROLS,CLEAR,DAYLIGHT,TURNING,T-INTERSECTION,DRY,NO INJURY / DRIVE AWAY,,true,"OVER $1,500",UNABLE TO DETERMINE,2,NO INDICATION OF INJURY,0,0,41.7369485371,-87.5912577518,60619,"CHICAGO MIDWAY AIRPORT, IL US",56.0,29.0,36.0,0.0,10.0,8.0
crash_00295,2025-10-05 21:46:00,2025,10,Oct,Sun,21,Night or early morning,30,STOP SIGN/FLASHER,CLEAR,"DARKNESS, LIGHTED ROAD",PARKED MOTOR VEHICLE,NOT DIVIDED,DRY,INJURY AND / OR TOW DUE TO CRASH,,,"OVER $1,500",UNABLE TO DETERMINE,3,NO INDICATION OF INJURY,0,0,41.9290918496,-87.7834887187,60639,,,,,,,
crash_00296,2023-08-07 15:00:00,2023,8,Aug,Mon,15,Evening commute,30,UNKNOWN,CLEAR,DAYLIGHT,REAR END,NOT DIVIDED,DRY,NO INJURY / DRIVE AWAY,true,,"$501 - $1,500",FOLLOWING TOO CLOSELY,2,NO INDICATION OF INJURY,0,0,42.0193885014,-87.6855438126,60645,"CHICAGO OHARE INTERNATIONAL AIRPORT, IL US",77.0,58.0,52.0,0.0,10.0,8.0
crash_00297,2019-12-23 14:40:00,2019,12,Dec,Mon,14,Daytime,30,NO CONTROLS,CLEAR,DAYLIGHT,SIDESWIPE SAME DIRECTION,DIVIDED - W/MEDIAN (NOT RAISED),DRY,NO INJURY / DRIVE AWAY,,true,"OVER $1,500",IMPROPER OVERTAKING/PASSING,2,NO INDICATION OF INJURY,0,0,41.8048827407,-87.6842236011,60609,"CHICAGO MIDWAY AIRPORT, IL US",53.0,34.0,48.0,0.0,10.0,7.0
crash_00298,2024-03-07 18:13:00,2024,3,Mar,Thu,18,Evening commute,35,NO CONTROLS,CLEAR,"DARKNESS, LIGHTED ROAD",SIDESWIPE SAME DIRECTION,DIVIDED - W/MEDIAN (NOT RAISED),DRY,INJURY AND / OR TOW DUE TO CRASH,,,"OVER $1,500",RELATED TO BUS STOP,2,"REPORTED, NOT EVIDENT",1,0,41.7076596935,-87.6199928598,60628,"CHICAGO MIDWAY AIRPORT, IL US",44.0,37.0,76.0,0.0,10.0,9.0