crash_id,crash_datetime,crash_year,crash_month,crash_month_name,crash_weekday_name,crash_hour,time_period,posted_speed_limit_mph,traffic_control_device,reported_weather_condition,reported_lighting_condition,first_crash_type,trafficway_type,reported_road_surface_condition,crash_type,intersection_related,hit_and_run,estimated_damage,primary_contributory_cause,unit_count,most_severe_injury,injuries_total,injuries_fatal,latitude,longitude,zip5,weather_station_name,temperature_f,dew_point_f,relative_humidity_percent,precipitation_inches,visibility_miles,wind_speed_mph
crash_00299,2018-01-30 17:00:00,2018,1,Jan,Tue,17,Evening commute,35,NO CONTROLS,CLEAR,DUSK,TURNING,NOT DIVIDED,DRY,INJURY AND / OR TOW DUE TO CRASH,,,"OVER $1,500",UNABLE TO DETERMINE,2,NO INDICATION OF INJURY,0,0,41.8013214517,-87.6451929883,60609,"CHICAGO MIDWAY AIRPORT, IL US",30.0,15.0,54.0,0.0,10.0,13.0
crash_00300,2019-04-16 09:34:00,2019,4,Apr,Tue,9,Morning commute,35,NO CONTROLS,CLEAR,DAYLIGHT,REAR END,NOT DIVIDED,DRY,INJURY AND / OR TOW DUE TO CRASH,,,"OVER $1,500",CELL PHONE USE OTHER THAN TEXTING,2,NO INDICATION OF INJURY,0,0,41.8857488699,-87.7456159771,60644,"CHICAGO MIDWAY AIRPORT, IL US",59.0,45.0,60.0,0.0,10.0,11.0
crash_00301,2020-03-10 09:35:00,2020,3,Mar,Tue,9,Morning commute,15,TRAFFIC SIGNAL,SNOW,DAYLIGHT,REAR END,NOT DIVIDED,DRY,NO INJURY / DRIVE AWAY,,,"$501 - $1,500",UNABLE TO DETERMINE,2,NO INDICATION OF INJURY,0,0,41.9395704117,-87.6881078597,60618,"CHICAGO MIDWAY AIRPORT, IL US",37.0,37.0,100.0,0.0,10.0,11.0
crash_00302,2025-12-16 14:55:00,2025,12,Dec,Tue,14,Daytime,30,NO CONTROLS,CLEAR,DAYLIGHT,PARKED MOTOR VEHICLE,NOT DIVIDED,UNKNOWN,NO INJURY / DRIVE AWAY,,true,"OVER $1,500",UNABLE TO DETERMINE,2,NO INDICATION OF INJURY,0,0,41.8700020556,-87.6997105433,60612,,,,,,,
crash_00303,2021-03-30 17:00:00,2021,3,Mar,Tue,17,Evening commute,30,NO CONTROLS,CLEAR,DAYLIGHT,SIDESWIPE SAME DIRECTION,NOT DIVIDED,DRY,NO INJURY / DRIVE AWAY,,,"OVER $1,500",FAILING TO YIELD RIGHT-OF-WAY,2,NO INDICATION OF INJURY,0,0,41.890991605,-87.6554687167,60642,"CHICAGO MIDWAY AIRPORT, IL US",65.0,39.0,39.0,0.0,10.0,20.0
crash_00304,2020-02-24 01:00:00,2020,2,Feb,Mon,1,Night or early morning,30,NO CONTROLS,UNKNOWN,"DARKNESS, LIGHTED ROAD",PARKED MOTOR VEHICLE,DIVIDED - W/MEDIAN (NOT RAISED),UNKNOWN,NO INJURY / DRIVE AWAY,,true,"$501 - $1,500",UNABLE TO DETERMINE,2,NO INDICATION OF INJURY,0,0,41.8741381903,-87.6772718287,60612,"CHICAGO MIDWAY AIRPORT, IL US",42.0,30.0,62.0,0.0,10.0,5.0
crash_00305,2020-02-21 11:30:00,2020,2,Feb,Fri,11,Daytime,10,NO CONTROLS,CLEAR,DAYLIGHT,PARKED MOTOR VEHICLE,PARKING LOT,DRY,NO INJURY / DRIVE AWAY,,,"OVER $1,500",NOT APPLICABLE,2,NO INDICATION OF INJURY,0,0,41.7502151229,-87.6659241025,60620,"CHICAGO MIDWAY AIRPORT, IL US",31.0,8.0,38.0,0.0,10.0,16.0
crash_00306,2021-03-01 12:38:00,2021,3,Mar,Mon,12,Daytime,35,STOP SIGN/FLASHER,CLEAR,DAYLIGHT,ANGLE,FOUR WAY,WET,NO INJURY / DRIVE AWAY,,,"OVER $1,500",FAILING TO YIELD RIGHT-OF-WAY,2,NO INDICATION OF INJURY,0,0,41.7571263683,-87.5628449231,60649,"CHICAGO MIDWAY AIRPORT, IL US",34.0,17.0,50.0,0.0,10.0,13.0
crash_00307,2019-01-01 17:00:00,2019,1,Jan,Tue,17,Evening commute,30,NO CONTROLS,CLEAR,"DARKNESS, LIGHTED ROAD",PARKED MOTOR VEHICLE,NOT DIVIDED,DRY,NO INJURY / DRIVE AWAY,,true,"OVER $1,500",UNABLE TO DETERMINE,2,NO INDICATION OF INJURY,0,0,41.8305750699,-87.6687785253,60608,"CHICAGO MIDWAY AIRPORT, IL US",28.0,24.0,85.0,0.0,9.0,6.0
crash_00308,2024-09-07 20:53:00,2024,9,Sep,Sat,20,Night or early morning,35,TRAFFIC SIGNAL,CLEAR,"DARKNESS, LIGHTED ROAD",TURNING,FOUR WAY,DRY,INJURY AND / OR TOW DUE TO CRASH,true,,"OVER $1,500",UNABLE TO DETERMINE,2,"REPORTED, NOT EVIDENT",1,0,41.8301872553,-87.6851779251,60632,"CHICAGO MIDWAY AIRPORT, IL US",58.0,43.0,58.0,0.0,10.0,7.0
crash_00309,2023-04-17 12:12:00,2023,4,Apr,Mon,12,Daytime,30,TRAFFIC SIGNAL,CLOUDY/OVERCAST,DAYLIGHT,SIDESWIPE SAME DIRECTION,NOT DIVIDED,DRY,NO INJURY / DRIVE AWAY,,true,"$501 - $1,500",FOLLOWING TOO CLOSELY,2,NO INDICATION OF INJURY,0,0,41.8947847791,-87.6226058409,60611,"CHICAGO MIDWAY AIRPORT, IL US",38.0,26.0,62.0,0.0,10.0,23.0
crash_00310,2022-05-13 15:33:00,2022,5,May,Fri,15,Evening commute,30,NO CONTROLS,CLEAR,DAYLIGHT,REAR TO FRONT,ONE-WAY,DRY,NO INJURY / DRIVE AWAY,,,"$501 - $1,500",DRIVING SKILLS/KNOWLEDGE/EXPERIENCE,2,NO INDICATION OF INJURY,0,0,41.9206483844,-87.7571271799,60639,"CHICAGO OHARE INTERNATIONAL AIRPORT, IL US",89.0,51.0,27.0,0.0,10.0,15.0
crash_00311,2019-03-10 06:55:00,2019,3,Mar,Sun,6,Morning commute,30,NO CONTROLS,CLEAR,DAYLIGHT,SIDESWIPE SAME DIRECTION,DIVIDED - W/MEDIAN (NOT RAISED),DRY,NO INJURY / DRIVE AWAY,,,"$501 - $1,500",NOT APPLICABLE,2,NO INDICATION OF INJURY,0,0,41.9434327646,-87.6702134455,60657,"CHICAGO MIDWAY AIRPORT, IL US",37.0,31.0,79.0,0.0,10.0,21.0
crash_00312,2018-01-12 19:30:00,2018,1,Jan,Fri,19,Night or early morning,30,NO CONTROLS,UNKNOWN,UNKNOWN,PARKED MOTOR VEHICLE,ONE-WAY,UNKNOWN,NO INJURY / DRIVE AWAY,,,$500 OR LESS,UNABLE TO DETERMINE,2,NO INDICATION OF INJURY,0,0,41.9352630495,-87.6533747903,60657,"CHICAGO MIDWAY AIRPORT, IL US",19.0,10.0,68.0,0.0,4.0,20.0
crash_00313,2021-12-12 14:15:00,2021,12,Dec,Sun,14,Daytime,30,NO CONTROLS,CLEAR,DAYLIGHT,SIDESWIPE SAME DIRECTION,DIVIDED - W/MEDIAN BARRIER,DRY,NO INJURY / DRIVE AWAY,,true,"OVER $1,500",IMPROPER LANE USAGE,2,NO INDICATION OF INJURY,0,0,41.9933041871,-87.6702668702,60660,"CHICAGO OHARE INTERNATIONAL AIRPORT, IL US",48.0,24.0,39.0,0.0,10.0,20.0
crash_00314,2021-10-23 18:20:00,2021,10,Oct,Sat,18,Evening commute,30,STOP SIGN/FLASHER,CLEAR,"DARKNESS, LIGHTED ROAD",TURNING,T-INTERSECTION,DRY,INJURY AND / OR TOW DUE TO CRASH,true,,"OVER $1,500",FAILING TO YIELD RIGHT-OF-WAY,2,NONINCAPACITATING INJURY,1,0,41.8759781675,-87.6437916552,60607,"CHICAGO MIDWAY AIRPORT, IL US",51.0,32.0,48.0,0.0,10.0,8.0
crash_00315,2019-12-07 11:00:00,2019,12,Dec,Sat,11,Daytime,30,OTHER,CLEAR,DAYLIGHT,FIXED OBJECT,DIVIDED - W/MEDIAN BARRIER,DRY,INJURY AND / OR TOW DUE TO CRASH,true,,"OVER $1,500",DRIVING SKILLS/KNOWLEDGE/EXPERIENCE,1,NONINCAPACITATING INJURY,2,0,41.8845767507,-87.6208286039,60601,"CHICAGO MIDWAY AIRPORT, IL US",34.0,24.0,67.0,0.0,10.0,11.0
crash_00316,2019-03-26 08:40:00,2019,3,Mar,Tue,8,Morning commute,30,NO CONTROLS,CLEAR,DAYLIGHT,PEDESTRIAN,NOT DIVIDED,DRY,NO INJURY / DRIVE AWAY,,,$500 OR LESS,UNABLE TO DETERMINE,2,NO INDICATION OF INJURY,0,0,41.7074051178,-87.6066722152,60628,"CHICAGO MIDWAY AIRPORT, IL US",37.0,12.0,36.0,0.0,10.0,9.0
crash_00317,2024-10-31 16:07:00,2024,10,Oct,Thu,16,Evening commute,30,NO CONTROLS,CLEAR,DAYLIGHT,ANGLE,NOT DIVIDED,DRY,NO INJURY / DRIVE AWAY,,true,"OVER $1,500",DISREGARDING TRAFFIC SIGNALS,2,NO INDICATION OF INJURY,0,0,41.8858272539,-87.7651424686,60644,"CHICAGO MIDWAY AIRPORT, IL US",59.0,44.0,58.0,0.0,10.0,21.0
crash_00318,2023-12-02 17:30:00,2023,12,Dec,Sat,17,Evening commute,30,STOP SIGN/FLASHER,CLEAR,DUSK,REAR TO FRONT,ONE-WAY,DRY,NO INJURY / DRIVE AWAY,,,"OVER $1,500",NOT APPLICABLE,2,NO INDICATION OF INJURY,0,0,41.7989842529,-87.6989778573,60632,"CHICAGO MIDWAY AIRPORT, IL US",42.0,36.0,79.0,0.0,10.0,6.0
crash_00319,2022-05-01 21:49:00,2022,5,May,Sun,21,Night or early morning,20,UNKNOWN,UNKNOWN,UNKNOWN,REAR TO SIDE,PARKING LOT,UNKNOWN,NO INJURY / DRIVE AWAY,,true,"OVER $1,500",UNABLE TO DETERMINE,2,NO INDICATION OF INJURY,0,0,,,,,,,,,,
crash_00320,2023-08-28 14:43:00,2023,8,Aug,Mon,14,Daytime,30,NO CONTROLS,CLEAR,DAYLIGHT,REAR TO FRONT,NOT DIVIDED,DRY,NO INJURY / DRIVE AWAY,,,$500 OR LESS,IMPROPER BACKING,2,NO INDICATION OF INJURY,0,0,41.8078538791,-87.7322381221,60632,"CHICAGO MIDWAY AIRPORT, IL US",77.0,50.0,39.0,0.0,10.0,7.0
crash_00321,2018-08-12 18:59:00,2018,8,Aug,Sun,18,Evening commute,30,NO CONTROLS,CLEAR,DAYLIGHT,SIDESWIPE SAME DIRECTION,NOT DIVIDED,DRY,NO INJURY / DRIVE AWAY,,,"$501 - $1,500",UNABLE TO DETERMINE,2,NO INDICATION OF INJURY,0,0,41.7785017943,-87.6060350864,60637,"CHICAGO MIDWAY AIRPORT, IL US",84.0,51.0,32.0,0.0,10.0,9.0
crash_00322,2021-10-22 18:29:00,2021,10,Oct,Fri,18,Evening commute,30,TRAFFIC SIGNAL,CLEAR,DARKNESS,PEDESTRIAN,FOUR WAY,DRY,INJURY AND / OR TOW DUE TO CRASH,true,,$500 OR LESS,FAILING TO YIELD RIGHT-OF-WAY,2,NONINCAPACITATING INJURY,1,0,41.9544939556,-87.6472443312,60613,"CHICAGO MIDWAY AIRPORT, IL US",53.0,33.0,47.0,0.0,10.0,6.0
crash_00323,2022-11-04 14:35:00,2022,11,Nov,Fri,14,Daytime,30,TRAFFIC SIGNAL,CLEAR,DAYLIGHT,REAR TO FRONT,NOT DIVIDED,DRY,NO INJURY / DRIVE AWAY,,,"OVER $1,500",DRIVING SKILLS/KNOWLEDGE/EXPERIENCE,2,NO INDICATION OF INJURY,0,0,41.8076681626,-87.732299,60632,"CHICAGO MIDWAY AIRPORT, IL US",70.0,58.0,66.0,0.0,10.0,8.0
crash_00324,2025-10-07 07:45:00,2025,10,Oct,Tue,7,Morning commute,30,TRAFFIC SIGNAL,CLEAR,DAYLIGHT,REAR END,FOUR WAY,WET,NO INJURY / DRIVE AWAY,true,,"OVER $1,500",UNABLE TO DETERMINE,2,NO INDICATION OF INJURY,0,0,41.9244160729,-87.7233197798,60647,,,,,,,
crash_00325,2018-08-09 21:12:00,2018,8,Aug,Thu,21,Night or early morning,40,TRAFFIC SIGNAL,CLEAR,DARKNESS,FIXED OBJECT,DIVIDED - W/MEDIAN BARRIER,DRY,INJURY AND / OR TOW DUE TO CRASH,,,"OVER $1,500",NOT APPLICABLE,1,INCAPACITATING INJURY,1,0,41.75151786,-87.5854651406,60649,"CHICAGO MIDWAY AIRPORT, IL US",74.0,67.0,79.0,0.07,10.0,0.0
crash_00326,2023-04-07 11:51:00,2023,4,Apr,Fri,11,Daytime,30,UNKNOWN,CLEAR,DAYLIGHT,ANGLE,FOUR WAY,DRY,INJURY AND / OR TOW DUE TO CRASH,,true,"OVER $1,500",NOT APPLICABLE,2,NONINCAPACITATING INJURY,1,0,41.9237081929,-87.7953007812,60707,"CHICAGO OHARE INTERNATIONAL AIRPORT, IL US",47.0,25.0,42.0,0.0,10.0,7.0
crash_00327,2022-12-08 16:50:00,2022,12,Dec,Thu,16,Evening commute,30,TRAFFIC SIGNAL,CLEAR,DARKNESS,REAR END,NOT DIVIDED,DRY,NO INJURY / DRIVE AWAY,,,"$501 - $1,500",NOT APPLICABLE,2,NO INDICATION OF INJURY,0,0,41.9390799902,-87.6976535102,60618,"CHICAGO MIDWAY AIRPORT, IL US",37.0,28.0,70.0,0.0,10.0,13.0
crash_00328,2024-07-02 21:32:00,2024,7,Jul,Tue,21,Night or early morning,30,STOP SIGN/FLASHER,CLEAR,DARKNESS,HEAD ON,NOT DIVIDED,DRY,INJURY AND / OR TOW DUE TO CRASH,,true,"OVER $1,500",UNABLE TO DETERMINE,3,"REPORTED, NOT EVIDENT",1,0,41.9672176963,-87.6654109735,60640,"CHICAGO MIDWAY AIRPORT, IL US",82.0,55.0,40.0,0.0,10.0,9.0
crash_00329,2018-05-07 00:01:00,2018,5,May,Mon,0,Night or early morning,30,NO CONTROLS,CLEAR,UNKNOWN,PARKED MOTOR VEHICLE,NOT DIVIDED,DRY,NO INJURY / DRIVE AWAY,,true,"$501 - $1,500",UNABLE TO DETERMINE,2,NO INDICATION OF INJURY,0,0,41.9155568743,-87.6979390331,60647,"CHICAGO MIDWAY AIRPORT, IL US",53.0,39.0,59.0,0.0,10.0,5.0
crash_00330,2018-09-21 07:30:00,2018,9,Sep,Fri,7,Morning commute,30,NO CONTROLS,CLEAR,DAYLIGHT,SIDESWIPE SAME DIRECTION,DIVIDED - W/MEDIAN (NOT RAISED),DRY,NO INJURY / DRIVE AWAY,,,"OVER $1,500",UNABLE TO DETERMINE,2,NO INDICATION OF INJURY,0,0,41.8996952582,-87.7457674978,60651,"CHICAGO MIDWAY AIRPORT, IL US",76.0,68.0,77.0,0.0,10.0,13.0
crash_00331,2024-12-20 16:22:00,2024,12,Dec,Fri,16,Evening commute,30,TRAFFIC SIGNAL,CLOUDY/OVERCAST,DUSK,REAR END,NOT DIVIDED,WET,NO INJURY / DRIVE AWAY,true,,"OVER $1,500",FOLLOWING TOO CLOSELY,2,NO INDICATION OF INJURY,0,0,41.693015814,-87.701024776,60655,"CHICAGO MIDWAY AIRPORT, IL US",32.0,22.0,66.0,,10.0,14.0
crash_00332,2018-11-10 16:22:00,2018,11,Nov,Sat,16,Evening commute,0,STOP SIGN/FLASHER,CLEAR,DUSK,REAR END,ONE-WAY,DRY,NO INJURY / DRIVE AWAY,,,"OVER $1,500",FOLLOWING TOO CLOSELY,2,NO INDICATION OF INJURY,0,0,41.8105924989,-87.5893711119,60615,"CHICAGO MIDWAY AIRPORT, IL US",32.0,14.0,47.0,0.0,10.0,8.0
crash_00333,2022-10-26 20:20:00,2022,10,Oct,Wed,20,Night or early morning,30,TRAFFIC SIGNAL,CLEAR,"DARKNESS, LIGHTED ROAD",REAR END,NOT DIVIDED,DRY,NO INJURY / DRIVE AWAY,,,"OVER $1,500",DISTRACTION - FROM INSIDE VEHICLE,3,NO INDICATION OF INJURY,0,0,41.9759857417,-87.6747659318,60640,"CHICAGO OHARE INTERNATIONAL AIRPORT, IL US",47.0,35.0,63.0,0.0,10.0,5.0
crash_00334,2023-10-20 15:20:00,2023,10,Oct,Fri,15,Evening commute,30,TRAFFIC SIGNAL,UNKNOWN,UNKNOWN,REAR END,UNKNOWN INTERSECTION TYPE,UNKNOWN,NO INJURY / DRIVE AWAY,true,,"OVER $1,500",UNABLE TO DETERMINE,2,NO INDICATION OF INJURY,0,0,41.9535425576,-87.7466810702,60641,"CHICAGO OHARE INTERNATIONAL AIRPORT, IL US",59.0,45.0,60.0,0.0,10.0,11.0
crash_00335,2019-05-23 14:08:00,2019,5,May,Thu,14,Daytime,30,TRAFFIC SIGNAL,CLEAR,DAYLIGHT,REAR TO FRONT,CENTER TURN LANE,DRY,NO INJURY / DRIVE AWAY,true,,"OVER $1,500",IMPROPER BACKING,2,NO INDICATION OF INJURY,0,0,41.9686407275,-87.6890542408,60625,"CHICAGO OHARE INTERNATIONAL AIRPORT, IL US",71.0,50.0,47.0,0.0,10.0,16.0
crash_00336,2022-05-07 05:35:00,2022,5,May,Sat,5,Night or early morning,15,UNKNOWN,UNKNOWN,UNKNOWN,FIXED OBJECT,OTHER,UNKNOWN,INJURY AND / OR TOW DUE TO CRASH,,,"OVER $1,500",UNABLE TO DETERMINE,1,NONINCAPACITATING INJURY,1,0,,,,,,,,,,
crash_00337,2025-06-01 13:30:00,2025,6,Jun,Sun,13,Daytime,25,NO CONTROLS,CLEAR,DAYLIGHT,PARKED MOTOR VEHICLE,ONE-WAY,DRY,NO INJURY / DRIVE AWAY,,true,"$501 - $1,500",UNABLE TO DETERMINE,2,NO INDICATION OF INJURY,0,0,41.7328001566,-87.6106013375,60619,"CHICAGO MIDWAY AIRPORT, IL US",65.0,32.0,29.0,0.0,10.0,10.0
crash_00338,2018-04-16 12:55:00,2018,4,Apr,Mon,12,Daytime,30,NO CONTROLS,CLEAR,DAYLIGHT,PEDESTRIAN,ONE-WAY,DRY,INJURY AND / OR TOW DUE TO CRASH,,,"OVER $1,500",UNABLE TO DETERMINE,2,"REPORTED, NOT EVIDENT",1,0,41.8705132372,-87.6735915807,60612,"CHICAGO MIDWAY AIRPORT, IL US",32.0,25.0,75.0,0.0,7.0,18.0
crash_00339,2020-01-21 06:56:00,2020,1,Jan,Tue,6,Morning commute,30,NO CONTROLS,CLEAR,DAYLIGHT,PARKED MOTOR VEHICLE,NOT DIVIDED,DRY,NO INJURY / DRIVE AWAY,,,"$501 - $1,500",NOT APPLICABLE,2,NO INDICATION OF INJURY,0,0,41.8975688637,-87.775081489,60651,"CHICAGO MIDWAY AIRPORT, IL US",18.0,12.0,77.0,0.0,10.0,5.0
crash_00340,2024-04-04 07:00:00,2024,4,Apr,Thu,7,Morning commute,30,NO CONTROLS,RAIN,DAYLIGHT,PARKED MOTOR VEHICLE,ONE-WAY,WET,NO INJURY / DRIVE AWAY,,true,"OVER $1,500",UNABLE TO DETERMINE,2,NO INDICATION OF INJURY,0,0,,,,,,,,,,
crash_00341,2024-07-17 17:10:00,2024,7,Jul,Wed,17,Evening commute,30,TRAFFIC SIGNAL,CLEAR,DAYLIGHT,TURNING,NOT DIVIDED,DRY,INJURY AND / OR TOW DUE TO CRASH,true,,"OVER $1,500",DISREGARDING TRAFFIC SIGNALS,2,NO INDICATION OF INJURY,0,0,41.9752783229,-87.7628307556,60630,"CHICAGO OHARE INTERNATIONAL AIRPORT, IL US",80.0,55.0,42.0,0.0,10.0,13.0
crash_00342,2019-04-14 13:40:00,2019,4,Apr,Sun,13,Daytime,30,NO CONTROLS,OTHER,DAYLIGHT,REAR END,NOT DIVIDED,SNOW OR SLUSH,NO INJURY / DRIVE AWAY,,,"$501 - $1,500",NOT APPLICABLE,2,NO INDICATION OF INJURY,0,0,41.7860046445,-87.7157487558,60629,"CHICAGO MIDWAY AIRPORT, IL US",33.0,32.0,96.0,0.03,0.75,21.0
crash_00343,2019-06-08 01:00:00,2019,6,Jun,Sat,1,Night or early morning,30,NO CONTROLS,CLEAR,"DARKNESS, LIGHTED ROAD",SIDESWIPE SAME DIRECTION,NOT DIVIDED,DRY,NO INJURY / DRIVE AWAY,,true,"$501 - $1,500",UNABLE TO DETERMINE,2,NO INDICATION OF INJURY,0,0,41.9954844758,-87.675834075,60660,"CHICAGO OHARE INTERNATIONAL AIRPORT, IL US",58.0,50.0,75.0,0.0,10.0,7.0
crash_00344,2020-05-13 09:30:00,2020,5,May,Wed,9,Morning commute,25,TRAFFIC SIGNAL,CLEAR,DAYLIGHT,REAR END,NOT DIVIDED,DRY,NO INJURY / DRIVE AWAY,,,"OVER $1,500",FOLLOWING TOO CLOSELY,2,NO INDICATION OF INJURY,0,0,41.8870260486,-87.7747320431,60644,"CHICAGO MIDWAY AIRPORT, IL US",58.0,26.0,29.0,0.0,10.0,13.0
crash_00345,2021-02-16 16:30:00,2021,2,Feb,Tue,16,Evening commute,30,TRAFFIC SIGNAL,SNOW,DAYLIGHT,REAR END,DIVIDED - W/MEDIAN (NOT RAISED),SNOW OR SLUSH,NO INJURY / DRIVE AWAY,,,"OVER $1,500",WEATHER,2,NO INDICATION OF INJURY,0,0,41.8077270168,-87.7432293657,60638,"CHICAGO MIDWAY AIRPORT, IL US",20.0,7.0,57.0,0.0,10.0,9.0
crash_00346,2022-11-10 03:40:00,2022,11,Nov,Thu,3,Night or early morning,25,NO CONTROLS,CLEAR,"DARKNESS, LIGHTED ROAD",PARKED MOTOR VEHICLE,NOT DIVIDED,DRY,INJURY AND / OR TOW DUE TO CRASH,,true,"OVER $1,500",DRIVING ON WRONG SIDE/WRONG WAY,3,NO INDICATION OF INJURY,0,0,41.8774045337,-87.7092529889,60624,"CHICAGO MIDWAY AIRPORT, IL US",62.0,42.0,48.0,0.0,10.0,8.0
crash_00347,2018-12-02 16:53:00,2018,12,Dec,Sun,16,Evening commute,30,NO CONTROLS,RAIN,"DARKNESS, LIGHTED ROAD",PEDALCYCLIST,NOT DIVIDED,WET,INJURY AND / OR TOW DUE TO CRASH,,,"OVER $1,500",FAILING TO YIELD RIGHT-OF-WAY,2,"REPORTED, NOT EVIDENT",1,0,41.8435489032,-87.6462655672,60616,"CHICAGO MIDWAY AIRPORT, IL US",40.0,36.0,86.0,0.0,9.0,14.0
crash_00348,2021-01-04 09:11:00,2021,1,Jan,Mon,9,Morning commute,25,NO CONTROLS,CLEAR,DAYLIGHT,PARKED MOTOR VEHICLE,PARKING LOT,DRY,NO INJURY / DRIVE AWAY,,true,"OVER $1,500",DRIVING SKILLS/KNOWLEDGE/EXPERIENCE,2,NO INDICATION OF INJURY,0,0,41.8637391948,-87.6239241337,60605,"CHICAGO MIDWAY AIRPORT, IL US",25.0,23.0,92.0,0.0,0.75,9.0
crash_00349,2024-05-11 23:18:00,2024,5,May,Sat,23,Night or early morning,25,NO CONTROLS,CLEAR,"DARKNESS, LIGHTED ROAD",PARKED MOTOR VEHICLE,OTHER,DRY,NO INJURY / DRIVE AWAY,,,"OVER $1,500",IMPROPER BACKING,2,NO INDICATION OF INJURY,0,0,41.9975675185,-87.6928885581,60659,"CHICAGO OHARE INTERNATIONAL AIRPORT, IL US",56.0,45.0,67.0,0.0,10.0,3.0
crash_00350,2023-05-11 15:50:00,2023,5,May,Thu,15,Evening commute,30,TRAFFIC SIGNAL,CLEAR,DAYLIGHT,REAR END,DIVIDED - W/MEDIAN (NOT RAISED),DRY,INJURY AND / OR TOW DUE TO CRASH,,true,"OVER $1,500",UNABLE TO DETERMINE,3,NONINCAPACITATING INJURY,3,0,41.8761917977,-87.7208223583,60624,"CHICAGO MIDWAY AIRPORT, IL US",82.0,43.0,25.0,0.0,10.0,13.0
crash_00351,2023-02-05 21:05:00,2023,2,Feb,Sun,21,Night or early morning,30,NO CONTROLS,CLEAR,"DARKNESS, LIGHTED ROAD",REAR TO FRONT,PARKING LOT,DRY,NO INJURY / DRIVE AWAY,,,"$501 - $1,500",IMPROPER BACKING,2,NO INDICATION OF INJURY,0,0,41.8846019061,-87.6276141748,60601,"CHICAGO MIDWAY AIRPORT, IL US",32.0,24.0,73.0,0.0,10.0,7.0
crash_00352,2020-07-04 23:04:00,2020,7,Jul,Sat,23,Night or early morning,30,NO CONTROLS,CLEAR,"DARKNESS, LIGHTED ROAD",PARKED MOTOR VEHICLE,ONE-WAY,UNKNOWN,NO INJURY / DRIVE AWAY,,,"OVER $1,500",IMPROPER TURNING/NO SIGNAL,2,NO INDICATION OF INJURY,0,0,41.7542075941,-87.5612855227,60649,"CHICAGO MIDWAY AIRPORT, IL US",78.0,65.0,64.0,0.0,3.0,7.0
crash_00353,2024-09-10 12:30:00,2024,9,Sep,Tue,12,Daytime,30,TRAFFIC SIGNAL,CLEAR,DAYLIGHT,PEDALCYCLIST,UNKNOWN INTERSECTION TYPE,DRY,NO INJURY / DRIVE AWAY,true,,"$501 - $1,500",IMPROPER TURNING/NO SIGNAL,2,NO INDICATION OF INJURY,0,0,41.8893491668,-87.6290971617,60654,"CHICAGO MIDWAY AIRPORT, IL US",79.0,47.0,32.0,0.0,10.0,9.0
crash_00354,2021-06-21 09:53:00,2021,6,Jun,Mon,9,Morning commute,30,TRAFFIC SIGNAL,CLEAR,DAYLIGHT,REAR END,NOT DIVIDED,DRY,NO INJURY / DRIVE AWAY,,true,"OVER $1,500",UNABLE TO DETERMINE,2,NO INDICATION OF INJURY,0,0,41.7358338958,-87.6679878636,60620,"CHICAGO MIDWAY AIRPORT, IL US",67.0,51.0,57.0,0.0,10.0,14.0
crash_00355,2024-07-05 09:15:00,2024,7,Jul,Fri,9,Morning commute,30,UNKNOWN,UNKNOWN,UNKNOWN,PARKED MOTOR VEHICLE,UNKNOWN,UNKNOWN,NO INJURY / DRIVE AWAY,,true,"OVER $1,500",UNABLE TO DETERMINE,2,NO INDICATION OF INJURY,0,0,41.9471264512,-87.7669470218,60634,"CHICAGO OHARE INTERNATIONAL AIRPORT, IL US",75.0,65.0,71.0,0.0,10.0,10.0
crash_00356,2022-11-04 16:46:00,2022,11,Nov,Fri,16,Evening commute,35,TRAFFIC SIGNAL,CLOUDY/OVERCAST,DAYLIGHT,PARKED MOTOR VEHICLE,NOT DIVIDED,DRY,NO INJURY / DRIVE AWAY,false,,"OVER $1,500",DRIVING SKILLS/KNOWLEDGE/EXPERIENCE,2,NO INDICATION OF INJURY,0,0,41.9976214911,-87.689817437,60659,"CHICAGO OHARE INTERNATIONAL AIRPORT, IL US",70.0,60.0,71.0,0.0,10.0,11.0
crash_00357,2024-10-25 16:47:00,2024,10,Oct,Fri,16,Evening commute,30,UNKNOWN,CLEAR,DAYLIGHT,PARKED MOTOR VEHICLE,OTHER,UNKNOWN,NO INJURY / DRIVE AWAY,,,"OVER $1,500",UNABLE TO DETERMINE,2,NO INDICATION OF INJURY,0,0,41.9903608706,-87.6971109737,60659,"CHICAGO OHARE INTERNATIONAL AIRPORT, IL US",62.0,41.0,46.0,0.0,10.0,14.0
crash_00358,2021-11-14 00:40:00,2021,11,Nov,Sun,0,Night or early morning,30,UNKNOWN,SNOW,UNKNOWN,REAR END,UNKNOWN,WET,NO INJURY / DRIVE AWAY,,,"$501 - $1,500",UNABLE TO DETERMINE,2,NO INDICATION OF INJURY,0,0,41.7228132651,-87.5381034887,60617,"CHICAGO MIDWAY AIRPORT, IL US",34.0,29.0,82.0,0.0,9.0,14.0
crash_00359,2018-01-13 13:15:00,2018,1,Jan,Sat,13,Daytime,35,STOP SIGN/FLASHER,CLEAR,DAYLIGHT,TURNING,OTHER,DRY,INJURY AND / OR TOW DUE TO CRASH,,,"OVER $1,500",FAILING TO YIELD RIGHT-OF-WAY,2,NONINCAPACITATING INJURY,1,0,41.7081244168,-87.5354339154,60617,"CHICAGO MIDWAY AIRPORT, IL US",15.0,-7.0,36.0,0.0,10.0,9.0