crash_id,crash_datetime,crash_year,crash_month,crash_month_name,crash_weekday_name,crash_hour,time_period,posted_speed_limit_mph,traffic_control_device,reported_weather_condition,reported_lighting_condition,first_crash_type,trafficway_type,reported_road_surface_condition,crash_type,intersection_related,hit_and_run,estimated_damage,primary_contributory_cause,unit_count,most_severe_injury,injuries_total,injuries_fatal,latitude,longitude,zip5,weather_station_name,temperature_f,dew_point_f,relative_humidity_percent,precipitation_inches,visibility_miles,wind_speed_mph
crash_00360,2022-09-17 05:00:00,2022,9,Sep,Sat,5,Night or early morning,30,NO CONTROLS,UNKNOWN,UNKNOWN,PARKED MOTOR VEHICLE,NOT DIVIDED,DRY,NO INJURY / DRIVE AWAY,,true,"OVER $1,500",IMPROPER OVERTAKING/PASSING,2,NO INDICATION OF INJURY,0,0,41.9453636397,-87.6589759561,60657,"CHICAGO MIDWAY AIRPORT, IL US",71.0,61.0,71.0,0.0,10.0,6.0
crash_00361,2019-12-21 21:00:00,2019,12,Dec,Sat,21,Night or early morning,30,NO CONTROLS,CLEAR,DARKNESS,PARKED MOTOR VEHICLE,NOT DIVIDED,DRY,NO INJURY / DRIVE AWAY,,true,"OVER $1,500",UNABLE TO DETERMINE,2,NO INDICATION OF INJURY,0,0,41.9997416786,-87.684667692,60645,"CHICAGO OHARE INTERNATIONAL AIRPORT, IL US",38.0,32.0,79.0,0.0,10.0,8.0
crash_00362,2024-03-26 09:35:00,2024,3,Mar,Tue,9,Morning commute,30,TRAFFIC SIGNAL,CLEAR,DAYLIGHT,SIDESWIPE SAME DIRECTION,NOT DIVIDED,DRY,NO INJURY / DRIVE AWAY,,true,"$501 - $1,500",IMPROPER OVERTAKING/PASSING,2,NO INDICATION OF INJURY,0,0,41.903869621,-87.6403877551,60610,"CHICAGO MIDWAY AIRPORT, IL US",54.0,49.0,83.0,0.0,10.0,17.0
crash_00363,2024-03-08 17:40:00,2024,3,Mar,Fri,17,Evening commute,35,STOP SIGN/FLASHER,RAIN,DAYLIGHT,ANGLE,FOUR WAY,WET,INJURY AND / OR TOW DUE TO CRASH,true,,"OVER $1,500",FAILING TO YIELD RIGHT-OF-WAY,2,NONINCAPACITATING INJURY,3,0,41.8778689068,-87.7256991054,60624,"CHICAGO MIDWAY AIRPORT, IL US",44.0,41.0,89.0,0.05,5.0,15.0
crash_00364,2020-03-28 16:26:00,2020,3,Mar,Sat,16,Evening commute,30,STOP SIGN/FLASHER,RAIN,DAYLIGHT,ANGLE,FOUR WAY,WET,INJURY AND / OR TOW DUE TO CRASH,,false,"OVER $1,500",DISREGARDING STOP SIGN,4,NO INDICATION OF INJURY,0,0,41.8074228567,-87.6196860407,60615,"CHICAGO MIDWAY AIRPORT, IL US",50.0,50.0,100.0,0.02,3.0,8.0
crash_00365,2024-08-04 03:59:00,2024,8,Aug,Sun,3,Night or early morning,30,NO CONTROLS,CLEAR,"DARKNESS, LIGHTED ROAD",PARKED MOTOR VEHICLE,DIVIDED - W/MEDIAN BARRIER,DRY,INJURY AND / OR TOW DUE TO CRASH,,,"OVER $1,500",EQUIPMENT - VEHICLE CONDITION,2,NO INDICATION OF INJURY,0,0,41.9548005303,-87.8365432447,60634,"CHICAGO OHARE INTERNATIONAL AIRPORT, IL US",72.0,66.0,82.0,0.0,10.0,0.0
crash_00366,2020-11-19 08:30:00,2020,11,Nov,Thu,8,Morning commute,30,NO CONTROLS,CLEAR,DAYLIGHT,PARKED MOTOR VEHICLE,NOT DIVIDED,DRY,NO INJURY / DRIVE AWAY,,,"OVER $1,500",NOT APPLICABLE,2,NO INDICATION OF INJURY,0,0,41.6983433685,-87.6812191376,60643,"CHICAGO MIDWAY AIRPORT, IL US",53.0,29.0,40.0,0.0,10.0,18.0
crash_00367,2023-05-26 11:50:00,2023,5,May,Fri,11,Daytime,30,TRAFFIC SIGNAL,CLEAR,DAYLIGHT,TURNING,FOUR WAY,DRY,INJURY AND / OR TOW DUE TO CRASH,true,,"OVER $1,500",FAILING TO REDUCE SPEED TO AVOID CRASH,3,INCAPACITATING INJURY,4,0,41.8318261911,-87.724389831,60632,"CHICAGO MIDWAY AIRPORT, IL US",65.0,31.0,28.0,0.0,10.0,10.0
crash_00368,2024-04-06 03:00:00,2024,4,Apr,Sat,3,Night or early morning,30,NO CONTROLS,CLEAR,DARKNESS,PARKED MOTOR VEHICLE,UNKNOWN,UNKNOWN,NO INJURY / DRIVE AWAY,,true,"$501 - $1,500",UNABLE TO DETERMINE,2,NO INDICATION OF INJURY,0,0,41.9106605097,-87.6732334102,60622,"CHICAGO MIDWAY AIRPORT, IL US",37.0,25.0,62.0,0.0,10.0,7.0
crash_00369,2022-03-29 17:00:00,2022,3,Mar,Tue,17,Evening commute,25,STOP SIGN/FLASHER,CLOUDY/OVERCAST,DAYLIGHT,REAR END,FOUR WAY,DRY,NO INJURY / DRIVE AWAY,true,,"OVER $1,500",DISTRACTION - FROM INSIDE VEHICLE,2,NO INDICATION OF INJURY,0,0,41.7066392568,-87.658585104,60643,"CHICAGO MIDWAY AIRPORT, IL US",43.0,17.0,35.0,0.0,10.0,15.0
crash_00370,2022-10-25 14:15:00,2022,10,Oct,Tue,14,Daytime,30,NO CONTROLS,RAIN,DAYLIGHT,SIDESWIPE SAME DIRECTION,NOT DIVIDED,WET,INJURY AND / OR TOW DUE TO CRASH,,,"OVER $1,500",FAILING TO YIELD RIGHT-OF-WAY,2,NONINCAPACITATING INJURY,1,0,41.8770981797,-87.6254211292,60604,"CHICAGO MIDWAY AIRPORT, IL US",62.0,58.0,86.0,0.06,5.0,6.0
crash_00371,2024-01-08 16:29:00,2024,1,Jan,Mon,16,Evening commute,30,TRAFFIC SIGNAL,CLEAR,"DARKNESS, LIGHTED ROAD",TURNING,FOUR WAY,DRY,INJURY AND / OR TOW DUE TO CRASH,true,,"OVER $1,500",FAILING TO YIELD RIGHT-OF-WAY,3,NONINCAPACITATING INJURY,3,0,41.8563505381,-87.7103752492,60623,"CHICAGO MIDWAY AIRPORT, IL US",37.0,29.0,73.0,0.0,10.0,13.0
crash_00372,2025-04-16 16:45:00,2025,4,Apr,Wed,16,Evening commute,30,STOP SIGN/FLASHER,CLEAR,DAYLIGHT,TURNING,DIVIDED - W/MEDIAN (NOT RAISED),DRY,NO INJURY / DRIVE AWAY,,,"OVER $1,500",FAILING TO YIELD RIGHT-OF-WAY,2,NO INDICATION OF INJURY,0,0,41.9091945843,-87.7715738428,60651,"CHICAGO MIDWAY AIRPORT, IL US",46.0,28.0,50.0,0.0,10.0,11.0
crash_00373,2018-06-28 18:17:00,2018,6,Jun,Thu,18,Evening commute,10,STOP SIGN/FLASHER,CLEAR,DAYLIGHT,ANGLE,PARKING LOT,DRY,INJURY AND / OR TOW DUE TO CRASH,,true,"OVER $1,500",DISREGARDING STOP SIGN,2,NO INDICATION OF INJURY,0,0,41.9308339152,-87.7891337875,60707,"CHICAGO OHARE INTERNATIONAL AIRPORT, IL US",83.0,66.0,57.0,0.0,10.0,9.0
crash_00374,2023-05-12 12:15:00,2023,5,May,Fri,12,Daytime,30,TRAFFIC SIGNAL,UNKNOWN,UNKNOWN,REAR END,NOT DIVIDED,UNKNOWN,NO INJURY / DRIVE AWAY,,,"OVER $1,500",FOLLOWING TOO CLOSELY,2,NO INDICATION OF INJURY,0,0,41.9030828245,-87.6871756205,60622,"CHICAGO MIDWAY AIRPORT, IL US",75.0,64.0,69.0,0.0,10.0,9.0
crash_00375,2021-12-19 18:00:00,2021,12,Dec,Sun,18,Evening commute,10,OTHER WARNING SIGN,CLEAR,DAWN,PARKED MOTOR VEHICLE,PARKING LOT,DRY,NO INJURY / DRIVE AWAY,,true,"$501 - $1,500",IMPROPER BACKING,2,NO INDICATION OF INJURY,0,0,41.8667243541,-87.6259611484,60605,"CHICAGO MIDWAY AIRPORT, IL US",36.0,25.0,64.0,0.0,10.0,11.0
crash_00376,2024-10-13 19:05:00,2024,10,Oct,Sun,19,Night or early morning,30,NO CONTROLS,CLEAR,DUSK,TURNING,DIVIDED - W/MEDIAN (NOT RAISED),DRY,NO INJURY / DRIVE AWAY,,,"OVER $1,500",UNABLE TO DETERMINE,2,NO INDICATION OF INJURY,0,0,41.9248805845,-87.6809368799,60647,"CHICAGO MIDWAY AIRPORT, IL US",58.0,33.0,39.0,0.0,10.0,23.0
crash_00377,2022-05-11 16:00:00,2022,5,May,Wed,16,Evening commute,20,NO CONTROLS,CLEAR,DAYLIGHT,PARKED MOTOR VEHICLE,ONE-WAY,DRY,NO INJURY / DRIVE AWAY,,true,"OVER $1,500",UNABLE TO DETERMINE,2,NO INDICATION OF INJURY,0,0,,,,,,,,,,
crash_00378,2019-06-29 14:29:00,2019,6,Jun,Sat,14,Daytime,30,TRAFFIC SIGNAL,CLEAR,DAYLIGHT,SIDESWIPE SAME DIRECTION,NOT DIVIDED,DRY,NO INJURY / DRIVE AWAY,true,,"$501 - $1,500",IMPROPER OVERTAKING/PASSING,2,NO INDICATION OF INJURY,0,0,41.8925362695,-87.6312216512,60654,"CHICAGO MIDWAY AIRPORT, IL US",86.0,69.0,57.0,0.0,10.0,9.0
crash_00379,2018-09-19 11:25:00,2018,9,Sep,Wed,11,Daytime,30,TRAFFIC SIGNAL,CLEAR,DAYLIGHT,TURNING,NOT DIVIDED,DRY,INJURY AND / OR TOW DUE TO CRASH,,,"OVER $1,500",IMPROPER LANE USAGE,2,NO INDICATION OF INJURY,0,0,41.869623758,-87.6510436092,60607,"CHICAGO MIDWAY AIRPORT, IL US",78.0,60.0,54.0,0.0,10.0,8.0
crash_00380,2025-03-26 20:45:00,2025,3,Mar,Wed,20,Night or early morning,35,NO CONTROLS,CLEAR,"DARKNESS, LIGHTED ROAD",SIDESWIPE SAME DIRECTION,NOT DIVIDED,DRY,NO INJURY / DRIVE AWAY,,,"$501 - $1,500",IMPROPER LANE USAGE,2,NO INDICATION OF INJURY,0,0,42.0092836585,-87.6903237984,60645,"CHICAGO OHARE INTERNATIONAL AIRPORT, IL US",42.0,28.0,58.0,0.0,10.0,6.0
crash_00381,2018-02-01 18:00:00,2018,2,Feb,Thu,18,Evening commute,30,NO CONTROLS,CLEAR,DARKNESS,PARKED MOTOR VEHICLE,DIVIDED - W/MEDIAN (NOT RAISED),DRY,NO INJURY / DRIVE AWAY,,,"$501 - $1,500",UNABLE TO DETERMINE,2,NO INDICATION OF INJURY,0,0,41.9976494579,-87.7008028979,60645,"CHICAGO OHARE INTERNATIONAL AIRPORT, IL US",13.0,-6.0,42.0,0.0,10.0,18.0
crash_00382,2021-04-17 15:30:00,2021,4,Apr,Sat,15,Evening commute,30,NO CONTROLS,CLEAR,DAYLIGHT,TURNING,NOT DIVIDED,DRY,NO INJURY / DRIVE AWAY,,,"$501 - $1,500",NOT APPLICABLE,2,NO INDICATION OF INJURY,0,0,41.8008956363,-87.6941441217,60632,"CHICAGO MIDWAY AIRPORT, IL US",53.0,31.0,43.0,0.0,10.0,9.0
crash_00383,2019-04-01 16:00:00,2019,4,Apr,Mon,16,Evening commute,30,NO CONTROLS,CLEAR,DAYLIGHT,OTHER OBJECT,NOT DIVIDED,DRY,NO INJURY / DRIVE AWAY,,,$500 OR LESS,NOT APPLICABLE,1,NO INDICATION OF INJURY,0,0,41.8775166149,-87.6665660853,60607,"CHICAGO MIDWAY AIRPORT, IL US",48.0,27.0,44.0,0.0,10.0,23.0
crash_00384,2019-05-27 04:00:00,2019,5,May,Mon,4,Night or early morning,25,STOP SIGN/FLASHER,CLEAR,"DARKNESS, LIGHTED ROAD",TURNING,ROUNDABOUT,DRY,INJURY AND / OR TOW DUE TO CRASH,true,true,"OVER $1,500",FAILING TO YIELD RIGHT-OF-WAY,2,NO INDICATION OF INJURY,0,0,41.9277033705,-87.7536955162,60639,"CHICAGO OHARE INTERNATIONAL AIRPORT, IL US",53.0,45.0,74.0,0.0,10.0,5.0
crash_00385,2018-03-03 20:00:00,2018,3,Mar,Sat,20,Night or early morning,30,TRAFFIC SIGNAL,CLEAR,"DARKNESS, LIGHTED ROAD",TURNING,DIVIDED - W/MEDIAN BARRIER,DRY,NO INJURY / DRIVE AWAY,true,,"$501 - $1,500",IMPROPER TURNING/NO SIGNAL,2,NO INDICATION OF INJURY,0,0,41.8932247359,-87.6242706113,60611,"CHICAGO MIDWAY AIRPORT, IL US",36.0,26.0,67.0,0.0,10.0,8.0
crash_00386,2021-05-14 12:00:00,2021,5,May,Fri,12,Daytime,30,TRAFFIC SIGNAL,CLEAR,DAYLIGHT,TURNING,ONE-WAY,DRY,NO INJURY / DRIVE AWAY,true,true,"OVER $1,500",IMPROPER LANE USAGE,2,NO INDICATION OF INJURY,0,0,41.7726154357,-87.6300996776,60621,"CHICAGO MIDWAY AIRPORT, IL US",70.0,27.0,20.0,0.0,10.0,0.0
crash_00387,2021-11-11 14:40:00,2021,11,Nov,Thu,14,Daytime,15,NO CONTROLS,CLEAR,DAYLIGHT,FIXED OBJECT,ALLEY,DRY,NO INJURY / DRIVE AWAY,,true,"OVER $1,500",UNABLE TO DETERMINE,1,NO INDICATION OF INJURY,0,0,41.8918303349,-87.7692213932,60644,"CHICAGO MIDWAY AIRPORT, IL US",49.0,41.0,74.0,0.0,10.0,15.0
crash_00388,2023-03-21 22:00:00,2023,3,Mar,Tue,22,Night or early morning,30,STOP SIGN/FLASHER,CLEAR,"DARKNESS, LIGHTED ROAD",REAR TO SIDE,FOUR WAY,DRY,NO INJURY / DRIVE AWAY,true,,"OVER $1,500",DISREGARDING STOP SIGN,2,NO INDICATION OF INJURY,0,0,41.7485834781,-87.653833843,60620,"CHICAGO MIDWAY AIRPORT, IL US",41.0,33.0,73.0,0.0,10.0,14.0
crash_00389,2018-03-02 20:00:00,2018,3,Mar,Fri,20,Night or early morning,30,NO CONTROLS,CLEAR,"DARKNESS, LIGHTED ROAD",REAR END,DIVIDED - W/MEDIAN (NOT RAISED),DRY,INJURY AND / OR TOW DUE TO CRASH,,,"OVER $1,500",FAILING TO REDUCE SPEED TO AVOID CRASH,3,"REPORTED, NOT EVIDENT",2,0,41.9239338459,-87.7758707827,60639,"CHICAGO OHARE INTERNATIONAL AIRPORT, IL US",38.0,16.0,41.0,0.0,10.0,6.0
crash_00390,2024-08-21 04:55:00,2024,8,Aug,Wed,4,Night or early morning,25,NO CONTROLS,CLEAR,"DARKNESS, LIGHTED ROAD",ANGLE,NOT DIVIDED,UNKNOWN,INJURY AND / OR TOW DUE TO CRASH,,,"$501 - $1,500",DRIVING SKILLS/KNOWLEDGE/EXPERIENCE,2,NO INDICATION OF INJURY,0,0,41.9254433145,-87.739227842,60639,"CHICAGO MIDWAY AIRPORT, IL US",57.0,52.0,83.0,0.0,10.0,3.0
crash_00391,2022-11-15 17:45:00,2022,11,Nov,Tue,17,Evening commute,30,NO CONTROLS,RAIN,"DARKNESS, LIGHTED ROAD",SIDESWIPE SAME DIRECTION,NOT DIVIDED,SNOW OR SLUSH,NO INJURY / DRIVE AWAY,,true,"$501 - $1,500",WEATHER,2,NO INDICATION OF INJURY,0,0,42.0117528054,-87.7089425643,60645,"CHICAGO OHARE INTERNATIONAL AIRPORT, IL US",35.0,32.0,89.0,0.0,4.0,8.0
crash_00392,2023-03-23 17:49:00,2023,3,Mar,Thu,17,Evening commute,30,TRAFFIC SIGNAL,CLEAR,DAYLIGHT,REAR END,ONE-WAY,DRY,NO INJURY / DRIVE AWAY,,,"$501 - $1,500",UNABLE TO DETERMINE,2,NO INDICATION OF INJURY,0,0,41.8820270733,-87.6366955798,60606,"CHICAGO MIDWAY AIRPORT, IL US",41.0,27.0,57.0,0.0,10.0,11.0
crash_00393,2021-04-02 13:00:00,2021,4,Apr,Fri,13,Daytime,30,NO CONTROLS,CLEAR,DAYLIGHT,REAR END,DIVIDED - W/MEDIAN (NOT RAISED),DRY,NO INJURY / DRIVE AWAY,,,"OVER $1,500",UNABLE TO DETERMINE,2,NO INDICATION OF INJURY,0,0,41.8518989272,-87.6880078425,60608,"CHICAGO MIDWAY AIRPORT, IL US",46.0,7.0,20.0,0.0,10.0,11.0
crash_00394,2018-01-01 01:45:00,2018,1,Jan,Mon,1,Night or early morning,25,NO CONTROLS,CLEAR,DARKNESS,SIDESWIPE OPPOSITE DIRECTION,NOT DIVIDED,DRY,NO INJURY / DRIVE AWAY,,,"OVER $1,500",UNABLE TO DETERMINE,2,NO INDICATION OF INJURY,0,0,41.9188305886,-87.6486810865,60614,"CHICAGO MIDWAY AIRPORT, IL US",-2.0,-13.0,59.0,0.0,10.0,10.0
crash_00395,2020-10-07 05:49:00,2020,10,Oct,Wed,5,Night or early morning,35,TRAFFIC SIGNAL,CLEAR,"DARKNESS, LIGHTED ROAD",REAR END,NOT DIVIDED,DRY,INJURY AND / OR TOW DUE TO CRASH,true,,"OVER $1,500",FOLLOWING TOO CLOSELY,2,NONINCAPACITATING INJURY,1,0,41.6645984621,-87.559014682,60633,"CHICAGO MIDWAY AIRPORT, IL US",60.0,49.0,67.0,0.0,10.0,8.0
crash_00396,2018-12-10 13:55:00,2018,12,Dec,Mon,13,Daytime,30,TRAFFIC SIGNAL,CLEAR,DAYLIGHT,SIDESWIPE SAME DIRECTION,DIVIDED - W/MEDIAN BARRIER,DRY,NO INJURY / DRIVE AWAY,,true,"OVER $1,500",FAILING TO YIELD RIGHT-OF-WAY,2,NO INDICATION OF INJURY,0,0,41.7514429054,-87.5855058933,60617,"CHICAGO MIDWAY AIRPORT, IL US",33.0,19.0,56.0,0.0,10.0,11.0
crash_00397,2019-09-09 13:00:00,2019,9,Sep,Mon,13,Daytime,5,NO CONTROLS,CLEAR,DAYLIGHT,PARKED MOTOR VEHICLE,PARKING LOT,DRY,NO INJURY / DRIVE AWAY,,true,"$501 - $1,500",UNABLE TO DETERMINE,2,NO INDICATION OF INJURY,0,0,41.8097727266,-87.5949608909,60653,"CHICAGO MIDWAY AIRPORT, IL US",71.0,63.0,76.0,0.0,10.0,0.0
crash_00398,2018-02-19 10:41:00,2018,2,Feb,Mon,10,Daytime,25,NO CONTROLS,RAIN,DAYLIGHT,PEDESTRIAN,PARKING LOT,WET,INJURY AND / OR TOW DUE TO CRASH,,,$500 OR LESS,FAILING TO REDUCE SPEED TO AVOID CRASH,2,NONINCAPACITATING INJURY,1,0,41.9036684177,-87.6536993637,60642,"CHICAGO MIDWAY AIRPORT, IL US",45.0,45.0,100.0,0.07,1.75,6.0
crash_00399,2023-12-02 08:38:00,2023,12,Dec,Sat,8,Morning commute,30,OTHER REG. SIGN,CLOUDY/OVERCAST,DAYLIGHT,TURNING,DIVIDED - W/MEDIAN (NOT RAISED),DRY,INJURY AND / OR TOW DUE TO CRASH,true,,"OVER $1,500",IMPROPER TURNING/NO SIGNAL,2,NO INDICATION OF INJURY,0,0,41.9272269508,-87.8062212331,60707,"CHICAGO OHARE INTERNATIONAL AIRPORT, IL US",40.0,37.0,89.0,0.0,10.0,9.0
crash_00400,2018-12-17 21:15:00,2018,12,Dec,Mon,21,Night or early morning,30,TRAFFIC SIGNAL,CLEAR,"DARKNESS, LIGHTED ROAD",REAR END,DIVIDED - W/MEDIAN (NOT RAISED),DRY,NO INJURY / DRIVE AWAY,,,"OVER $1,500",FOLLOWING TOO CLOSELY,2,NO INDICATION OF INJURY,0,0,41.989964243,-87.7335198597,60646,"CHICAGO OHARE INTERNATIONAL AIRPORT, IL US",31.0,22.0,69.0,0.0,10.0,3.0
crash_00401,2024-12-19 10:25:00,2024,12,Dec,Thu,10,Daytime,25,NO CONTROLS,CLEAR,DAYLIGHT,TURNING,NOT DIVIDED,DRY,NO INJURY / DRIVE AWAY,,true,$500 OR LESS,IMPROPER OVERTAKING/PASSING,2,NO INDICATION OF INJURY,0,0,41.9632728201,-87.6715464464,60640,"CHICAGO MIDWAY AIRPORT, IL US",31.0,18.0,59.0,,10.0,9.0
crash_00402,2024-11-27 14:52:00,2024,11,Nov,Wed,14,Daytime,30,TRAFFIC SIGNAL,CLEAR,DAYLIGHT,TURNING,NOT DIVIDED,DRY,NO INJURY / DRIVE AWAY,true,,"OVER $1,500",UNABLE TO DETERMINE,2,NO INDICATION OF INJURY,0,0,41.9251808525,-87.669157701,60614,"CHICAGO MIDWAY AIRPORT, IL US",43.0,24.0,47.0,0.0,10.0,6.0
crash_00403,2021-10-04 21:00:00,2021,10,Oct,Mon,21,Night or early morning,30,TRAFFIC SIGNAL,RAIN,"DARKNESS, LIGHTED ROAD",PARKED MOTOR VEHICLE,NOT DIVIDED,WET,NO INJURY / DRIVE AWAY,,true,"OVER $1,500",UNABLE TO DETERMINE,2,NO INDICATION OF INJURY,0,0,41.8509769005,-87.6268951499,60616,"CHICAGO MIDWAY AIRPORT, IL US",67.0,58.0,73.0,0.0,9.0,15.0
crash_00404,2021-05-03 08:55:00,2021,5,May,Mon,8,Morning commute,30,NO CONTROLS,RAIN,DAYLIGHT,REAR END,NOT DIVIDED,WET,NO INJURY / DRIVE AWAY,,,"OVER $1,500",FOLLOWING TOO CLOSELY,2,NO INDICATION OF INJURY,0,0,41.7482251673,-87.7024975089,60652,"CHICAGO MIDWAY AIRPORT, IL US",59.0,57.0,93.0,0.0,9.0,6.0
crash_00405,2023-05-01 14:30:00,2023,5,May,Mon,14,Daytime,30,STOP SIGN/FLASHER,RAIN,DAYLIGHT,REAR END,NOT DIVIDED,WET,NO INJURY / DRIVE AWAY,,,"OVER $1,500",FOLLOWING TOO CLOSELY,2,NO INDICATION OF INJURY,0,0,41.7995692549,-87.5824650372,60615,"CHICAGO MIDWAY AIRPORT, IL US",44.0,37.0,76.0,0.01,10.0,21.0
crash_00406,2025-06-05 05:50:00,2025,6,Jun,Thu,5,Night or early morning,30,TRAFFIC SIGNAL,CLEAR,DAYLIGHT,ANGLE,FOUR WAY,DRY,NO INJURY / DRIVE AWAY,true,,"$501 - $1,500",DISREGARDING TRAFFIC SIGNALS,2,NO INDICATION OF INJURY,0,0,41.7143243683,-87.6429440279,60628,"CHICAGO MIDWAY AIRPORT, IL US",57.0,52.0,83.0,0.0,7.0,9.0
crash_00407,2019-01-15 07:54:00,2019,1,Jan,Tue,7,Morning commute,30,STOP SIGN/FLASHER,CLOUDY/OVERCAST,DAYLIGHT,ANGLE,DIVIDED - W/MEDIAN (NOT RAISED),DRY,INJURY AND / OR TOW DUE TO CRASH,true,,"OVER $1,500",FAILING TO YIELD RIGHT-OF-WAY,2,NO INDICATION OF INJURY,0,0,41.9769450501,-87.790271872,60656,"CHICAGO OHARE INTERNATIONAL AIRPORT, IL US",26.0,22.0,84.0,0.0,10.0,8.0
crash_00408,2023-06-11 03:29:00,2023,6,Jun,Sun,3,Night or early morning,30,TRAFFIC SIGNAL,CLEAR,"DARKNESS, LIGHTED ROAD",TURNING,FOUR WAY,DRY,INJURY AND / OR TOW DUE TO CRASH,true,,"OVER $1,500",UNABLE TO DETERMINE,2,"REPORTED, NOT EVIDENT",2,0,41.7720309151,-87.6738595381,60636,"CHICAGO MIDWAY AIRPORT, IL US",61.0,53.0,75.0,0.0,10.0,15.0
crash_00409,2018-09-13 09:33:00,2018,9,Sep,Thu,9,Morning commute,30,NO CONTROLS,CLEAR,DAYLIGHT,PARKED MOTOR VEHICLE,NOT DIVIDED,DRY,INJURY AND / OR TOW DUE TO CRASH,,true,"OVER $1,500",UNABLE TO DETERMINE,3,NO INDICATION OF INJURY,0,0,41.8003913156,-87.7036075882,60632,"CHICAGO MIDWAY AIRPORT, IL US",70.0,56.0,61.0,0.0,10.0,5.0
crash_00410,2019-08-16 14:25:00,2019,8,Aug,Fri,14,Daytime,20,FLASHING CONTROL SIGNAL,CLEAR,DAYLIGHT,REAR END,ONE-WAY,DRY,NO INJURY / DRIVE AWAY,,,"$501 - $1,500",IMPROPER OVERTAKING/PASSING,2,NO INDICATION OF INJURY,0,0,,,,,,,,,,
crash_00411,2023-01-22 02:10:00,2023,1,Jan,Sun,2,Night or early morning,30,TRAFFIC SIGNAL,CLEAR,"DARKNESS, LIGHTED ROAD",REAR END,FOUR WAY,SNOW OR SLUSH,NO INJURY / DRIVE AWAY,,false,$500 OR LESS,UNABLE TO DETERMINE,2,NO INDICATION OF INJURY,0,0,41.9316343415,-87.746745546,60641,"CHICAGO OHARE INTERNATIONAL AIRPORT, IL US",31.0,27.0,85.0,0.0,1.25,5.0
crash_00412,2021-12-24 10:15:00,2021,12,Dec,Fri,10,Daytime,30,NO CONTROLS,CLEAR,DAYLIGHT,PARKED MOTOR VEHICLE,NOT DIVIDED,UNKNOWN,NO INJURY / DRIVE AWAY,false,,"OVER $1,500",IMPROPER BACKING,2,NO INDICATION OF INJURY,0,0,41.7778425221,-87.586523291,60637,"CHICAGO MIDWAY AIRPORT, IL US",50.0,42.0,74.0,0.0,10.0,16.0
crash_00413,2024-04-04 07:25:00,2024,4,Apr,Thu,7,Morning commute,30,NO CONTROLS,CLOUDY/OVERCAST,DAYLIGHT,REAR END,FOUR WAY,UNKNOWN,NO INJURY / DRIVE AWAY,true,,"$501 - $1,500",FOLLOWING TOO CLOSELY,2,NO INDICATION OF INJURY,0,0,41.8049576802,-87.6647199066,60609,"CHICAGO MIDWAY AIRPORT, IL US",38.0,32.0,79.0,0.0,10.0,18.0
crash_00414,2023-12-24 17:40:00,2023,12,Dec,Sun,17,Evening commute,30,NO CONTROLS,CLEAR,"DARKNESS, LIGHTED ROAD",PARKED MOTOR VEHICLE,NOT DIVIDED,DRY,INJURY AND / OR TOW DUE TO CRASH,,,"OVER $1,500",DRIVING SKILLS/KNOWLEDGE/EXPERIENCE,2,NO INDICATION OF INJURY,0,0,41.9380355996,-87.7074543479,60618,"CHICAGO MIDWAY AIRPORT, IL US",54.0,49.0,83.0,0.0,8.0,6.0
crash_00415,2018-11-14 18:00:00,2018,11,Nov,Wed,18,Evening commute,30,NO CONTROLS,CLEAR,"DARKNESS, LIGHTED ROAD",SIDESWIPE SAME DIRECTION,DIVIDED - W/MEDIAN (NOT RAISED),DRY,NO INJURY / DRIVE AWAY,,,"OVER $1,500",FOLLOWING TOO CLOSELY,2,NO INDICATION OF INJURY,0,0,41.7291077232,-87.6267156502,60620,"CHICAGO MIDWAY AIRPORT, IL US",32.0,22.0,66.0,0.0,10.0,7.0
crash_00416,2021-02-20 14:20:00,2021,2,Feb,Sat,14,Daytime,30,TRAFFIC SIGNAL,CLEAR,DAYLIGHT,REAR END,DIVIDED - W/MEDIAN (NOT RAISED),DRY,NO INJURY / DRIVE AWAY,true,,"OVER $1,500",UNABLE TO DETERMINE,2,NO INDICATION OF INJURY,0,0,41.8868837174,-87.6208801158,60601,"CHICAGO MIDWAY AIRPORT, IL US",27.0,13.0,55.0,0.0,10.0,7.0
crash_00417,2020-04-13 15:08:00,2020,4,Apr,Mon,15,Evening commute,30,TRAFFIC SIGNAL,CLEAR,DAYLIGHT,REAR END,DIVIDED - W/MEDIAN (NOT RAISED),DRY,NO INJURY / DRIVE AWAY,,,$500 OR LESS,FOLLOWING TOO CLOSELY,2,NO INDICATION OF INJURY,0,0,41.7931260893,-87.7427584177,60638,"CHICAGO MIDWAY AIRPORT, IL US",45.0,20.0,37.0,0.0,10.0,25.0
crash_00418,2024-08-14 22:45:00,2024,8,Aug,Wed,22,Night or early morning,30,TRAFFIC SIGNAL,CLEAR,"DARKNESS, LIGHTED ROAD",REAR END,NOT DIVIDED,DRY,NO INJURY / DRIVE AWAY,,,"OVER $1,500",UNABLE TO DETERMINE,2,NO INDICATION OF INJURY,0,0,41.8026445448,-87.7235810971,60632,"CHICAGO MIDWAY AIRPORT, IL US",77.0,65.0,66.0,0.0,10.0,8.0