crash_id,crash_datetime,crash_year,crash_month,crash_month_name,crash_weekday_name,crash_hour,time_period,posted_speed_limit_mph,traffic_control_device,reported_weather_condition,reported_lighting_condition,first_crash_type,trafficway_type,reported_road_surface_condition,crash_type,intersection_related,hit_and_run,estimated_damage,primary_contributory_cause,unit_count,most_severe_injury,injuries_total,injuries_fatal,latitude,longitude,zip5,weather_station_name,temperature_f,dew_point_f,relative_humidity_percent,precipitation_inches,visibility_miles,wind_speed_mph
crash_00419,2021-03-21 20:50:00,2021,3,Mar,Sun,20,Night or early morning,30,NO CONTROLS,CLEAR,DUSK,PARKED MOTOR VEHICLE,NOT DIVIDED,DRY,NO INJURY / DRIVE AWAY,,true,"OVER $1,500",IMPROPER BACKING,2,NO INDICATION OF INJURY,0,0,41.7716373317,-87.6723480639,60636,"CHICAGO MIDWAY AIRPORT, IL US",57.0,25.0,29.0,0.0,10.0,8.0
crash_00420,2020-07-01 13:45:00,2020,7,Jul,Wed,13,Daytime,30,TRAFFIC SIGNAL,CLEAR,DAYLIGHT,TURNING,DIVIDED - W/MEDIAN BARRIER,DRY,INJURY AND / OR TOW DUE TO CRASH,true,,"OVER $1,500",IMPROPER TURNING/NO SIGNAL,2,NO INDICATION OF INJURY,0,0,41.9845299005,-87.8367282024,60631,"CHICAGO OHARE INTERNATIONAL AIRPORT, IL US",88.0,64.0,45.0,0.0,10.0,16.0
crash_00421,2018-10-10 16:15:00,2018,10,Oct,Wed,16,Evening commute,15,STOP SIGN/FLASHER,CLOUDY/OVERCAST,DUSK,ANGLE,PARKING LOT,WET,NO INJURY / DRIVE AWAY,true,,"OVER $1,500",FAILING TO YIELD RIGHT-OF-WAY,2,NO INDICATION OF INJURY,0,0,41.909600386,-87.7393564665,60651,"CHICAGO MIDWAY AIRPORT, IL US",69.0,65.0,87.0,0.04,8.0,7.0
crash_00422,2018-04-12 18:45:00,2018,4,Apr,Thu,18,Evening commute,30,NO CONTROLS,CLEAR,"DARKNESS, LIGHTED ROAD",REAR END,NOT DIVIDED,DRY,NO INJURY / DRIVE AWAY,,,$500 OR LESS,IMPROPER BACKING,2,NO INDICATION OF INJURY,0,0,41.8755643275,-87.7105357367,60624,"CHICAGO MIDWAY AIRPORT, IL US",48.0,41.0,77.0,0.0,5.0,16.0
crash_00423,2024-03-16 14:00:00,2024,3,Mar,Sat,14,Daytime,30,TRAFFIC SIGNAL,CLEAR,DAYLIGHT,SIDESWIPE SAME DIRECTION,ONE-WAY,DRY,NO INJURY / DRIVE AWAY,,,"OVER $1,500",UNABLE TO DETERMINE,2,NO INDICATION OF INJURY,0,0,41.883809629,-87.6263816015,60602,"CHICAGO MIDWAY AIRPORT, IL US",58.0,37.0,46.0,0.0,10.0,24.0
crash_00424,2021-12-25 01:51:00,2021,12,Dec,Sat,1,Night or early morning,30,NO CONTROLS,RAIN,"DARKNESS, LIGHTED ROAD",FIXED OBJECT,ALLEY,WET,INJURY AND / OR TOW DUE TO CRASH,true,,"OVER $1,500",UNABLE TO DETERMINE,1,NO INDICATION OF INJURY,0,0,41.7787400252,-87.6859275598,60629,"CHICAGO MIDWAY AIRPORT, IL US",55.0,52.0,88.0,,6.0,8.0
crash_00425,2025-10-16 20:45:00,2025,10,Oct,Thu,20,Night or early morning,10,NO CONTROLS,CLEAR,DARKNESS,REAR TO SIDE,PARKING LOT,DRY,NO INJURY / DRIVE AWAY,,,"OVER $1,500",FAILING TO YIELD RIGHT-OF-WAY,2,NO INDICATION OF INJURY,0,0,41.7347194927,-87.5857450346,60619,,,,,,,
crash_00426,2024-09-13 17:10:00,2024,9,Sep,Fri,17,Evening commute,30,TRAFFIC SIGNAL,CLEAR,DAYLIGHT,TURNING,NOT DIVIDED,DRY,NO INJURY / DRIVE AWAY,true,,"OVER $1,500",FAILING TO REDUCE SPEED TO AVOID CRASH,2,NO INDICATION OF INJURY,0,0,41.975912899,-87.6924941747,60625,"CHICAGO OHARE INTERNATIONAL AIRPORT, IL US",82.0,59.0,46.0,0.0,10.0,13.0
crash_00427,2025-10-09 07:25:00,2025,10,Oct,Thu,7,Morning commute,30,NO CONTROLS,CLEAR,DAYLIGHT,ANGLE,NOT DIVIDED,DRY,NO INJURY / DRIVE AWAY,,,"OVER $1,500",IMPROPER OVERTAKING/PASSING,2,NO INDICATION OF INJURY,0,0,41.8374207505,-87.6461147915,60616,,,,,,,
crash_00428,2019-06-25 20:00:00,2019,6,Jun,Tue,20,Night or early morning,30,NO CONTROLS,UNKNOWN,DARKNESS,PARKED MOTOR VEHICLE,ONE-WAY,UNKNOWN,NO INJURY / DRIVE AWAY,,true,"$501 - $1,500",UNABLE TO DETERMINE,2,NO INDICATION OF INJURY,0,0,41.8126349424,-87.711461027,60632,"CHICAGO MIDWAY AIRPORT, IL US",83.0,62.0,49.0,0.0,10.0,15.0
crash_00429,2019-04-05 14:40:00,2019,4,Apr,Fri,14,Daytime,30,OTHER,CLEAR,DAYLIGHT,REAR END,NOT DIVIDED,DRY,INJURY AND / OR TOW DUE TO CRASH,,,"OVER $1,500",FAILING TO REDUCE SPEED TO AVOID CRASH,2,INCAPACITATING INJURY,3,0,41.8622375247,-87.6860625252,60608,"CHICAGO MIDWAY AIRPORT, IL US",53.0,44.0,72.0,,6.0,0.0
crash_00430,2018-05-02 07:17:00,2018,5,May,Wed,7,Morning commute,30,NO CONTROLS,CLEAR,DAYLIGHT,PARKED MOTOR VEHICLE,DIVIDED - W/MEDIAN (NOT RAISED),DRY,NO INJURY / DRIVE AWAY,,,$500 OR LESS,IMPROPER OVERTAKING/PASSING,2,NO INDICATION OF INJURY,0,0,41.8954521718,-87.7056409773,60612,"CHICAGO MIDWAY AIRPORT, IL US",70.0,51.0,51.0,0.0,10.0,13.0
crash_00431,2024-03-11 10:00:00,2024,3,Mar,Mon,10,Daytime,15,NO CONTROLS,CLEAR,DAYLIGHT,REAR END,ONE-WAY,DRY,NO INJURY / DRIVE AWAY,,,$500 OR LESS,UNABLE TO DETERMINE,2,NO INDICATION OF INJURY,0,0,41.9678934256,-87.7413064931,60630,"CHICAGO OHARE INTERNATIONAL AIRPORT, IL US",46.0,23.0,40.0,0.0,10.0,21.0
crash_00432,2019-08-02 18:00:00,2019,8,Aug,Fri,18,Evening commute,30,NO CONTROLS,CLEAR,DAYLIGHT,REAR END,DIVIDED - W/MEDIAN BARRIER,DRY,INJURY AND / OR TOW DUE TO CRASH,,,$500 OR LESS,UNABLE TO DETERMINE,2,"REPORTED, NOT EVIDENT",1,0,41.9512347778,-87.6885339311,60618,"CHICAGO MIDWAY AIRPORT, IL US",80.0,52.0,38.0,0.0,10.0,8.0
crash_00433,2020-06-12 09:00:00,2020,6,Jun,Fri,9,Morning commute,15,NO CONTROLS,CLEAR,DAYLIGHT,ANGLE,ALLEY,DRY,NO INJURY / DRIVE AWAY,,,"$501 - $1,500",IMPROPER BACKING,2,NO INDICATION OF INJURY,0,0,41.9278434351,-87.7597068645,60639,"CHICAGO OHARE INTERNATIONAL AIRPORT, IL US",71.0,45.0,39.0,0.0,10.0,3.0
crash_00434,2018-09-11 14:56:00,2018,9,Sep,Tue,14,Daytime,30,NO CONTROLS,CLEAR,DAYLIGHT,REAR END,DIVIDED - W/MEDIAN (NOT RAISED),DRY,INJURY AND / OR TOW DUE TO CRASH,,,$500 OR LESS,UNABLE TO DETERMINE,2,"REPORTED, NOT EVIDENT",1,0,41.76733163,-87.5666489107,60649,"CHICAGO MIDWAY AIRPORT, IL US",80.0,55.0,42.0,0.0,10.0,6.0
crash_00435,2018-06-04 14:00:00,2018,6,Jun,Mon,14,Daytime,30,NO CONTROLS,CLEAR,DAYLIGHT,PARKED MOTOR VEHICLE,NOT DIVIDED,DRY,NO INJURY / DRIVE AWAY,,,$500 OR LESS,UNABLE TO DETERMINE,2,NO INDICATION OF INJURY,0,0,41.851688857,-87.7028716087,60623,"CHICAGO MIDWAY AIRPORT, IL US",75.0,46.0,36.0,0.0,10.0,15.0
crash_00436,2018-10-15 08:00:00,2018,10,Oct,Mon,8,Morning commute,20,NO CONTROLS,CLEAR,DAYLIGHT,TURNING,NOT DIVIDED,DRY,INJURY AND / OR TOW DUE TO CRASH,,,"OVER $1,500",UNABLE TO DETERMINE,2,NO INDICATION OF INJURY,0,0,41.9323380596,-87.7197920542,60618,"CHICAGO MIDWAY AIRPORT, IL US",38.0,32.0,79.0,0.0,10.0,15.0
crash_00437,2025-10-02 07:40:00,2025,10,Oct,Thu,7,Morning commute,5,NO CONTROLS,CLEAR,DAYLIGHT,ANGLE,PARKING LOT,DRY,NO INJURY / DRIVE AWAY,,,"OVER $1,500",UNABLE TO DETERMINE,2,NO INDICATION OF INJURY,0,0,41.7210725126,-87.6649389935,60643,,,,,,,
crash_00438,2024-08-06 08:00:00,2024,8,Aug,Tue,8,Morning commute,35,NO CONTROLS,CLEAR,DAYLIGHT,PARKED MOTOR VEHICLE,NOT DIVIDED,DRY,NO INJURY / DRIVE AWAY,,true,"$501 - $1,500",FOLLOWING TOO CLOSELY,2,NO INDICATION OF INJURY,0,0,41.8574863934,-87.6434055079,60616,"CHICAGO MIDWAY AIRPORT, IL US",77.0,71.0,82.0,0.0,9.0,7.0
crash_00439,2022-08-24 10:40:00,2022,8,Aug,Wed,10,Daytime,30,TRAFFIC SIGNAL,CLEAR,DAYLIGHT,REAR END,NOT DIVIDED,DRY,NO INJURY / DRIVE AWAY,true,,"OVER $1,500",FOLLOWING TOO CLOSELY,2,NO INDICATION OF INJURY,0,0,41.8575027649,-87.6464860795,60616,"CHICAGO MIDWAY AIRPORT, IL US",84.0,57.0,40.0,,10.0,3.0
crash_00440,2023-05-08 08:20:00,2023,5,May,Mon,8,Morning commute,30,TRAFFIC SIGNAL,CLEAR,DAYLIGHT,REAR END,NOT DIVIDED,DRY,INJURY AND / OR TOW DUE TO CRASH,true,,"OVER $1,500",FOLLOWING TOO CLOSELY,3,NO INDICATION OF INJURY,0,0,41.8965133303,-87.7020853243,60622,"CHICAGO MIDWAY AIRPORT, IL US",53.0,47.0,80.0,0.0,10.0,5.0
crash_00441,2023-11-07 06:50:00,2023,11,Nov,Tue,6,Morning commute,25,NO CONTROLS,CLEAR,DAYLIGHT,SIDESWIPE SAME DIRECTION,NOT DIVIDED,UNKNOWN,NO INJURY / DRIVE AWAY,,,"OVER $1,500",UNABLE TO DETERMINE,2,NO INDICATION OF INJURY,0,0,41.8297749598,-87.7047535147,60632,"CHICAGO MIDWAY AIRPORT, IL US",47.0,38.0,71.0,0.0,10.0,9.0
crash_00442,2024-07-26 05:44:00,2024,7,Jul,Fri,5,Night or early morning,35,TRAFFIC SIGNAL,CLEAR,DAYLIGHT,REAR END,NOT DIVIDED,DRY,NO INJURY / DRIVE AWAY,,,"OVER $1,500",FOLLOWING TOO CLOSELY,4,NO INDICATION OF INJURY,0,0,41.750248388,-87.6634005302,60620,"CHICAGO MIDWAY AIRPORT, IL US",61.0,56.0,84.0,0.0,10.0,3.0
crash_00443,2022-02-23 01:30:00,2022,2,Feb,Wed,1,Night or early morning,30,STOP SIGN/FLASHER,CLEAR,"DARKNESS, LIGHTED ROAD",OTHER OBJECT,NOT DIVIDED,DRY,INJURY AND / OR TOW DUE TO CRASH,,true,"OVER $1,500",UNABLE TO DETERMINE,1,NO INDICATION OF INJURY,0,0,41.735409908,-87.6958108033,60652,"CHICAGO MIDWAY AIRPORT, IL US",25.0,15.0,66.0,0.0,9.0,17.0
crash_00444,2019-02-16 12:00:00,2019,2,Feb,Sat,12,Daytime,30,NO CONTROLS,CLEAR,DAYLIGHT,PARKED MOTOR VEHICLE,NOT DIVIDED,DRY,NO INJURY / DRIVE AWAY,,true,$500 OR LESS,UNABLE TO DETERMINE,2,NO INDICATION OF INJURY,0,0,41.8776671713,-87.6707694415,60612,"CHICAGO MIDWAY AIRPORT, IL US",29.0,19.0,66.0,0.0,10.0,7.0
crash_00445,2021-08-06 14:30:00,2021,8,Aug,Fri,14,Daytime,30,STOP SIGN/FLASHER,CLEAR,DAYLIGHT,ANGLE,FOUR WAY,DRY,INJURY AND / OR TOW DUE TO CRASH,true,,"OVER $1,500",UNABLE TO DETERMINE,2,"REPORTED, NOT EVIDENT",1,0,41.9255059562,-87.7954484226,60707,"CHICAGO OHARE INTERNATIONAL AIRPORT, IL US",80.0,66.0,62.0,0.0,10.0,13.0
crash_00446,2020-01-05 16:20:00,2020,1,Jan,Sun,16,Evening commute,35,NO CONTROLS,CLEAR,DAYLIGHT,PARKED MOTOR VEHICLE,NOT DIVIDED,DRY,NO INJURY / DRIVE AWAY,,false,$500 OR LESS,NOT APPLICABLE,2,NO INDICATION OF INJURY,0,0,41.6575859416,-87.6035523223,60827,"CHICAGO MIDWAY AIRPORT, IL US",43.0,31.0,63.0,0.0,10.0,17.0
crash_00447,2023-08-19 06:00:00,2023,8,Aug,Sat,6,Morning commute,20,NO CONTROLS,UNKNOWN,UNKNOWN,FIXED OBJECT,ALLEY,UNKNOWN,INJURY AND / OR TOW DUE TO CRASH,,true,"OVER $1,500",FOLLOWING TOO CLOSELY,1,NO INDICATION OF INJURY,0,0,41.9014869571,-87.7285808695,60651,"CHICAGO MIDWAY AIRPORT, IL US",63.0,53.0,70.0,0.0,10.0,6.0
crash_00448,2020-04-30 21:12:00,2020,4,Apr,Thu,21,Night or early morning,30,NO CONTROLS,CLEAR,"DARKNESS, LIGHTED ROAD",SIDESWIPE SAME DIRECTION,NOT DIVIDED,DRY,INJURY AND / OR TOW DUE TO CRASH,,true,"OVER $1,500",FOLLOWING TOO CLOSELY,2,NO INDICATION OF INJURY,0,0,41.722415845,-87.5877145907,60619,"CHICAGO MIDWAY AIRPORT, IL US",48.0,36.0,63.0,0.0,10.0,7.0
crash_00449,2021-09-14 19:58:00,2021,9,Sep,Tue,19,Night or early morning,30,TRAFFIC SIGNAL,CLEAR,DAYLIGHT,TURNING,FOUR WAY,DRY,NO INJURY / DRIVE AWAY,,,"OVER $1,500",FAILING TO YIELD RIGHT-OF-WAY,2,NO INDICATION OF INJURY,0,0,41.920676631,-87.775630269,60639,"CHICAGO OHARE INTERNATIONAL AIRPORT, IL US",69.0,56.0,63.0,0.0,10.0,18.0
crash_00450,2024-11-28 12:00:00,2024,11,Nov,Thu,12,Daytime,30,NO CONTROLS,CLEAR,DAYLIGHT,PARKED MOTOR VEHICLE,NOT DIVIDED,DRY,NO INJURY / DRIVE AWAY,,true,"OVER $1,500",NOT APPLICABLE,2,NO INDICATION OF INJURY,0,0,41.7979400188,-87.6040345164,60615,"CHICAGO MIDWAY AIRPORT, IL US",31.0,18.0,59.0,0.0,10.0,11.0
crash_00451,2020-08-03 12:15:00,2020,8,Aug,Mon,12,Daytime,30,NO CONTROLS,CLEAR,DAYLIGHT,ANGLE,NOT DIVIDED,DRY,INJURY AND / OR TOW DUE TO CRASH,true,true,"OVER $1,500",UNABLE TO DETERMINE,2,"REPORTED, NOT EVIDENT",3,0,41.8879815856,-87.7700029034,60644,"CHICAGO MIDWAY AIRPORT, IL US",70.0,61.0,73.0,0.0,10.0,9.0
crash_00452,2022-06-18 04:30:00,2022,6,Jun,Sat,4,Night or early morning,30,TRAFFIC SIGNAL,CLEAR,"DARKNESS, LIGHTED ROAD",TURNING,T-INTERSECTION,DRY,INJURY AND / OR TOW DUE TO CRASH,,true,"OVER $1,500",DISREGARDING TRAFFIC SIGNALS,2,NO INDICATION OF INJURY,0,0,41.6855517744,-87.6114324103,60628,"CHICAGO MIDWAY AIRPORT, IL US",64.0,50.0,60.0,0.0,10.0,9.0
crash_00453,2022-09-16 15:20:00,2022,9,Sep,Fri,15,Evening commute,25,NO CONTROLS,CLEAR,DAYLIGHT,PARKED MOTOR VEHICLE,NOT DIVIDED,DRY,NO INJURY / DRIVE AWAY,,,$500 OR LESS,UNABLE TO DETERMINE,2,NO INDICATION OF INJURY,0,0,41.8539171658,-87.6349900738,60616,"CHICAGO MIDWAY AIRPORT, IL US",84.0,59.0,43.0,0.0,10.0,11.0
crash_00454,2021-06-07 21:45:00,2021,6,Jun,Mon,21,Night or early morning,35,UNKNOWN,UNKNOWN,UNKNOWN,TURNING,OTHER,UNKNOWN,NO INJURY / DRIVE AWAY,,false,"OVER $1,500",FAILING TO YIELD RIGHT-OF-WAY,2,NO INDICATION OF INJURY,0,0,41.8746542716,-87.7107707518,60624,"CHICAGO MIDWAY AIRPORT, IL US",76.0,68.0,77.0,0.0,10.0,3.0
crash_00455,2018-01-05 21:50:00,2018,1,Jan,Fri,21,Night or early morning,30,TRAFFIC SIGNAL,CLEAR,"DARKNESS, LIGHTED ROAD",TURNING,NOT DIVIDED,DRY,NO INJURY / DRIVE AWAY,,,"OVER $1,500",IMPROPER TURNING/NO SIGNAL,2,NO INDICATION OF INJURY,0,0,41.9314847047,-87.7467398263,60639,"CHICAGO OHARE INTERNATIONAL AIRPORT, IL US",3.0,-7.0,62.0,0.0,10.0,9.0
crash_00456,2021-09-27 16:00:00,2021,9,Sep,Mon,16,Evening commute,30,NO CONTROLS,CLEAR,DAYLIGHT,REAR TO FRONT,NOT DIVIDED,DRY,NO INJURY / DRIVE AWAY,,,"OVER $1,500",FOLLOWING TOO CLOSELY,2,NO INDICATION OF INJURY,0,0,41.9917452325,-87.799885885,60631,"CHICAGO OHARE INTERNATIONAL AIRPORT, IL US",85.0,55.0,36.0,0.0,10.0,6.0
crash_00457,2018-04-04 07:05:00,2018,4,Apr,Wed,7,Morning commute,25,NO CONTROLS,CLOUDY/OVERCAST,DAYLIGHT,PARKED MOTOR VEHICLE,NOT DIVIDED,ICE,NO INJURY / DRIVE AWAY,,,$500 OR LESS,WEATHER,2,NO INDICATION OF INJURY,0,0,42.012196457,-87.6989959834,60645,"CHICAGO OHARE INTERNATIONAL AIRPORT, IL US",27.0,19.0,72.0,0.0,10.0,21.0
crash_00458,2018-02-24 00:40:00,2018,2,Feb,Sat,0,Night or early morning,35,STOP SIGN/FLASHER,CLEAR,"DARKNESS, LIGHTED ROAD",REAR END,NOT DIVIDED,DRY,NO INJURY / DRIVE AWAY,true,true,"$501 - $1,500",FOLLOWING TOO CLOSELY,2,NO INDICATION OF INJURY,0,0,41.9249104728,-87.6782973595,60647,"CHICAGO MIDWAY AIRPORT, IL US",35.0,29.0,78.0,0.0,8.0,8.0
crash_00459,2021-12-02 09:40:00,2021,12,Dec,Thu,9,Morning commute,30,TRAFFIC SIGNAL,CLEAR,DAYLIGHT,FIXED OBJECT,FOUR WAY,DRY,INJURY AND / OR TOW DUE TO CRASH,true,,"OVER $1,500",NOT APPLICABLE,2,NO INDICATION OF INJURY,0,0,41.798747281,-87.7427856868,60632,"CHICAGO MIDWAY AIRPORT, IL US",54.0,38.0,55.0,0.0,10.0,13.0
crash_00460,2025-11-28 14:14:00,2025,11,Nov,Fri,14,Daytime,30,UNKNOWN,CLEAR,DAYLIGHT,SIDESWIPE SAME DIRECTION,NOT DIVIDED,UNKNOWN,NO INJURY / DRIVE AWAY,,,"OVER $1,500",UNABLE TO DETERMINE,2,NO INDICATION OF INJURY,0,0,41.9085601354,-87.6464526857,60610,,,,,,,
crash_00461,2024-11-18 16:00:00,2024,11,Nov,Mon,16,Evening commute,30,NO CONTROLS,RAIN,"DARKNESS, LIGHTED ROAD",REAR END,DIVIDED - W/MEDIAN (NOT RAISED),WET,NO INJURY / DRIVE AWAY,,,"OVER $1,500",UNABLE TO DETERMINE,2,NO INDICATION OF INJURY,0,0,41.8536207444,-87.6329813299,60616,"CHICAGO MIDWAY AIRPORT, IL US",58.0,55.0,90.0,0.03,2.0,10.0
crash_00462,2019-03-23 14:30:00,2019,3,Mar,Sat,14,Daytime,45,NO CONTROLS,CLEAR,DAYLIGHT,SIDESWIPE SAME DIRECTION,DIVIDED - W/MEDIAN BARRIER,DRY,INJURY AND / OR TOW DUE TO CRASH,,true,"OVER $1,500",IMPROPER OVERTAKING/PASSING,2,NONINCAPACITATING INJURY,1,0,41.7979610492,-87.5809148817,60615,"CHICAGO MIDWAY AIRPORT, IL US",51.0,24.0,35.0,0.0,10.0,5.0
crash_00463,2018-11-13 07:50:00,2018,11,Nov,Tue,7,Morning commute,30,NO CONTROLS,CLEAR,DAYLIGHT,SIDESWIPE SAME DIRECTION,ONE-WAY,DRY,NO INJURY / DRIVE AWAY,,,"OVER $1,500",FAILING TO YIELD RIGHT-OF-WAY,2,NO INDICATION OF INJURY,0,0,41.9655062654,-87.7045258235,60625,"CHICAGO OHARE INTERNATIONAL AIRPORT, IL US",20.0,8.0,60.0,0.0,10.0,11.0
crash_00464,2023-02-03 11:29:00,2023,2,Feb,Fri,11,Daytime,30,NO CONTROLS,CLEAR,DAYLIGHT,SIDESWIPE SAME DIRECTION,NOT DIVIDED,DRY,NO INJURY / DRIVE AWAY,,,"OVER $1,500",UNABLE TO DETERMINE,2,NO INDICATION OF INJURY,0,0,41.9098068002,-87.7236753487,60651,"CHICAGO MIDWAY AIRPORT, IL US",8.0,-12.0,39.0,0.0,10.0,7.0
crash_00465,2025-05-21 10:07:00,2025,5,May,Wed,10,Daytime,20,TRAFFIC SIGNAL,RAIN,DAYLIGHT,ANGLE,T-INTERSECTION,WET,NO INJURY / DRIVE AWAY,,,"OVER $1,500",FAILING TO YIELD RIGHT-OF-WAY,2,NO INDICATION OF INJURY,0,0,41.9249117183,-87.6782124628,60647,"CHICAGO MIDWAY AIRPORT, IL US",50.0,47.0,89.0,0.0,1.75,13.0
crash_00466,2020-11-12 21:22:00,2020,11,Nov,Thu,21,Night or early morning,30,TRAFFIC SIGNAL,CLEAR,"DARKNESS, LIGHTED ROAD",TURNING,FOUR WAY,DRY,INJURY AND / OR TOW DUE TO CRASH,true,true,"OVER $1,500",IMPROPER TURNING/NO SIGNAL,3,NO INDICATION OF INJURY,0,0,41.8550206073,-87.6306452803,60616,"CHICAGO MIDWAY AIRPORT, IL US",48.0,32.0,54.0,0.0,10.0,10.0
crash_00467,2021-12-06 08:00:00,2021,12,Dec,Mon,8,Morning commute,30,UNKNOWN,CLEAR,DAYLIGHT,OTHER OBJECT,UNKNOWN,DRY,NO INJURY / DRIVE AWAY,,,"OVER $1,500",UNABLE TO DETERMINE,2,NO INDICATION OF INJURY,0,0,41.805910803,-87.5969135263,60615,"CHICAGO MIDWAY AIRPORT, IL US",33.0,19.0,56.0,0.0,10.0,22.0
crash_00468,2018-05-21 10:00:00,2018,5,May,Mon,10,Daytime,30,NO CONTROLS,RAIN,DAYLIGHT,REAR END,ONE-WAY,WET,NO INJURY / DRIVE AWAY,,,"OVER $1,500",FOLLOWING TOO CLOSELY,2,NO INDICATION OF INJURY,0,0,41.7878197671,-87.6048359325,60637,"CHICAGO MIDWAY AIRPORT, IL US",56.0,56.0,100.0,0.02,6.0,11.0
crash_00469,2021-10-08 16:36:00,2021,10,Oct,Fri,16,Evening commute,30,TRAFFIC SIGNAL,CLEAR,DAYLIGHT,TURNING,NOT DIVIDED,DRY,INJURY AND / OR TOW DUE TO CRASH,true,,"OVER $1,500",UNABLE TO DETERMINE,3,NO INDICATION OF INJURY,0,0,41.7588946702,-87.5665178399,60649,"CHICAGO MIDWAY AIRPORT, IL US",71.0,59.0,66.0,0.01,10.0,0.0
crash_00470,2018-06-03 17:43:00,2018,6,Jun,Sun,17,Evening commute,30,NO CONTROLS,CLEAR,DAYLIGHT,PARKED MOTOR VEHICLE,ALLEY,DRY,NO INJURY / DRIVE AWAY,,,"OVER $1,500",FAILING TO REDUCE SPEED TO AVOID CRASH,2,NO INDICATION OF INJURY,0,0,41.9226885268,-87.7023885503,60647,"CHICAGO MIDWAY AIRPORT, IL US",73.0,51.0,46.0,0.0,10.0,18.0
crash_00471,2022-06-21 22:30:00,2022,6,Jun,Tue,22,Night or early morning,30,TRAFFIC SIGNAL,CLEAR,"DARKNESS, LIGHTED ROAD",REAR END,NOT DIVIDED,DRY,NO INJURY / DRIVE AWAY,true,,"OVER $1,500",CELL PHONE USE OTHER THAN TEXTING,2,NO INDICATION OF INJURY,0,0,41.8075303729,-87.7432968212,60638,"CHICAGO MIDWAY AIRPORT, IL US",91.0,72.0,54.0,0.0,10.0,13.0
crash_00472,2021-07-14 17:30:00,2021,7,Jul,Wed,17,Evening commute,30,NO CONTROLS,CLEAR,DAYLIGHT,PARKED MOTOR VEHICLE,NOT DIVIDED,DRY,NO INJURY / DRIVE AWAY,,true,"OVER $1,500",UNABLE TO DETERMINE,2,NO INDICATION OF INJURY,0,0,41.8997378644,-87.7260699073,60651,"CHICAGO MIDWAY AIRPORT, IL US",81.0,67.0,62.0,0.0,10.0,9.0
crash_00473,2020-09-02 13:00:00,2020,9,Sep,Wed,13,Daytime,30,TRAFFIC SIGNAL,CLEAR,DAYLIGHT,ANGLE,NOT DIVIDED,DRY,NO INJURY / DRIVE AWAY,,,"OVER $1,500",FAILING TO YIELD RIGHT-OF-WAY,2,NO INDICATION OF INJURY,0,0,41.7439229064,-87.6146874861,60619,"CHICAGO MIDWAY AIRPORT, IL US",84.0,52.0,33.0,0.0,10.0,9.0
crash_00474,2021-08-17 15:30:00,2021,8,Aug,Tue,15,Evening commute,20,NO CONTROLS,CLEAR,DAYLIGHT,PARKED MOTOR VEHICLE,NOT DIVIDED,DRY,NO INJURY / DRIVE AWAY,,true,"OVER $1,500",UNABLE TO DETERMINE,2,NO INDICATION OF INJURY,0,0,41.8099957739,-87.6895194252,60632,"CHICAGO MIDWAY AIRPORT, IL US",83.0,64.0,53.0,0.0,10.0,9.0
crash_00475,2022-03-08 19:50:00,2022,3,Mar,Tue,19,Night or early morning,30,NO CONTROLS,CLEAR,"DARKNESS, LIGHTED ROAD",REAR END,DIVIDED - W/MEDIAN (NOT RAISED),DRY,NO INJURY / DRIVE AWAY,,,"OVER $1,500",UNABLE TO DETERMINE,2,NO INDICATION OF INJURY,0,0,41.9534802723,-87.7277597927,60641,"CHICAGO OHARE INTERNATIONAL AIRPORT, IL US",34.0,23.0,64.0,0.0,10.0,3.0
crash_00476,2019-11-12 22:15:00,2019,11,Nov,Tue,22,Night or early morning,30,STOP SIGN/FLASHER,CLEAR,"DARKNESS, LIGHTED ROAD",REAR END,ONE-WAY,ICE,NO INJURY / DRIVE AWAY,,,"OVER $1,500",FOLLOWING TOO CLOSELY,2,NO INDICATION OF INJURY,0,0,42.0072694582,-87.6900246125,60645,"CHICAGO OHARE INTERNATIONAL AIRPORT, IL US",11.0,1.0,64.0,0.0,10.0,3.0
crash_00477,2025-05-14 07:35:00,2025,5,May,Wed,7,Morning commute,30,OTHER REG. SIGN,CLEAR,DAYLIGHT,SIDESWIPE OPPOSITE DIRECTION,ONE-WAY,DRY,INJURY AND / OR TOW DUE TO CRASH,,,"$501 - $1,500",PHYSICAL CONDITION OF DRIVER,4,"REPORTED, NOT EVIDENT",1,0,41.8349522573,-87.7243658246,60623,"CHICAGO MIDWAY AIRPORT, IL US",64.0,55.0,73.0,0.0,10.0,6.0
crash_00478,2025-11-16 16:50:00,2025,11,Nov,Sun,16,Evening commute,30,NO CONTROLS,CLEAR,DAYLIGHT,PARKED MOTOR VEHICLE,NOT DIVIDED,DRY,NO INJURY / DRIVE AWAY,,,"OVER $1,500",UNABLE TO DETERMINE,2,NO INDICATION OF INJURY,0,0,41.8808651559,-87.7233759678,60624,,,,,,,
crash_00479,2020-10-26 09:00:00,2020,10,Oct,Mon,9,Morning commute,20,NO CONTROLS,CLOUDY/OVERCAST,DAYLIGHT,PARKED MOTOR VEHICLE,NOT DIVIDED,DRY,NO INJURY / DRIVE AWAY,,,$500 OR LESS,NOT APPLICABLE,2,NO INDICATION OF INJURY,0,0,41.8128616222,-87.7311130128,60632,"CHICAGO MIDWAY AIRPORT, IL US",37.0,29.0,73.0,0.0,10.0,11.0