crash_id,crash_datetime,crash_year,crash_month,crash_month_name,crash_weekday_name,crash_hour,time_period,posted_speed_limit_mph,traffic_control_device,reported_weather_condition,reported_lighting_condition,first_crash_type,trafficway_type,reported_road_surface_condition,crash_type,intersection_related,hit_and_run,estimated_damage,primary_contributory_cause,unit_count,most_severe_injury,injuries_total,injuries_fatal,latitude,longitude,zip5,weather_station_name,temperature_f,dew_point_f,relative_humidity_percent,precipitation_inches,visibility_miles,wind_speed_mph
crash_00480,2021-05-15 15:00:00,2021,5,May,Sat,15,Evening commute,30,STOP SIGN/FLASHER,RAIN,DAYLIGHT,TURNING,FOUR WAY,WET,NO INJURY / DRIVE AWAY,true,,"OVER $1,500",UNABLE TO DETERMINE,2,NO INDICATION OF INJURY,0,0,41.9434959793,-87.7471195743,60641,"CHICAGO OHARE INTERNATIONAL AIRPORT, IL US",60.0,45.0,58.0,0.0,10.0,9.0
crash_00481,2018-10-16 16:49:00,2018,10,Oct,Tue,16,Evening commute,35,NO CONTROLS,CLEAR,DAYLIGHT,SIDESWIPE SAME DIRECTION,NOT DIVIDED,DRY,NO INJURY / DRIVE AWAY,,,"OVER $1,500",IMPROPER LANE USAGE,2,NO INDICATION OF INJURY,0,0,41.8803465785,-87.7647175778,60644,"CHICAGO MIDWAY AIRPORT, IL US",57.0,31.0,37.0,0.0,10.0,18.0
crash_00482,2024-04-07 08:50:00,2024,4,Apr,Sun,8,Morning commute,30,TRAFFIC SIGNAL,CLOUDY/OVERCAST,DAYLIGHT,TURNING,DIVIDED - W/MEDIAN (NOT RAISED),DRY,INJURY AND / OR TOW DUE TO CRASH,true,,"OVER $1,500",IMPROPER TURNING/NO SIGNAL,2,NO INDICATION OF INJURY,0,0,41.9966731403,-87.7652544628,60646,"CHICAGO OHARE INTERNATIONAL AIRPORT, IL US",48.0,33.0,56.0,0.0,10.0,11.0
crash_00483,2023-02-03 15:15:00,2023,2,Feb,Fri,15,Evening commute,30,STOP SIGN/FLASHER,CLEAR,DAYLIGHT,TURNING,FOUR WAY,DRY,NO INJURY / DRIVE AWAY,true,,"$501 - $1,500",FAILING TO YIELD RIGHT-OF-WAY,2,NO INDICATION OF INJURY,0,0,41.7565983421,-87.6091481031,60619,"CHICAGO MIDWAY AIRPORT, IL US",11.0,-12.0,34.0,0.0,10.0,5.0
crash_00484,2022-07-17 11:31:00,2022,7,Jul,Sun,11,Daytime,25,NO CONTROLS,CLOUDY/OVERCAST,DAYLIGHT,PARKED MOTOR VEHICLE,ONE-WAY,DRY,NO INJURY / DRIVE AWAY,,,"$501 - $1,500",DRIVING SKILLS/KNOWLEDGE/EXPERIENCE,2,NO INDICATION OF INJURY,0,0,41.7658091199,-87.7221671569,60629,"CHICAGO MIDWAY AIRPORT, IL US",76.0,69.0,79.0,0.0,10.0,5.0
crash_00485,2022-03-18 07:15:00,2022,3,Mar,Fri,7,Morning commute,35,NO CONTROLS,CLOUDY/OVERCAST,DAYLIGHT,REAR END,DIVIDED - W/MEDIAN (NOT RAISED),DRY,NO INJURY / DRIVE AWAY,,,"$501 - $1,500",IMPROPER OVERTAKING/PASSING,2,NO INDICATION OF INJURY,0,0,41.7500603627,-87.6826991273,60620,"CHICAGO MIDWAY AIRPORT, IL US",43.0,35.0,74.0,0.0,10.0,18.0
crash_00486,2025-07-16 23:33:00,2025,7,Jul,Wed,23,Night or early morning,30,STOP SIGN/FLASHER,CLEAR,"DARKNESS, LIGHTED ROAD",TURNING,T-INTERSECTION,DRY,INJURY AND / OR TOW DUE TO CRASH,true,true,"OVER $1,500",FAILING TO YIELD RIGHT-OF-WAY,2,NONINCAPACITATING INJURY,1,0,41.8235152033,-87.6330750015,60609,"CHICAGO MIDWAY AIRPORT, IL US",77.0,66.0,69.0,0.0,10.0,13.0
crash_00487,2025-07-19 20:34:00,2025,7,Jul,Sat,20,Night or early morning,30,NO CONTROLS,CLEAR,DAWN,PARKED MOTOR VEHICLE,NOT DIVIDED,DRY,NO INJURY / DRIVE AWAY,,,"$501 - $1,500",IMPROPER BACKING,2,NO INDICATION OF INJURY,0,0,41.74725566,-87.6341516242,60620,"CHICAGO MIDWAY AIRPORT, IL US",81.0,68.0,65.0,0.0,10.0,7.0
crash_00488,2021-05-03 20:23:00,2021,5,May,Mon,20,Night or early morning,30,NO CONTROLS,RAIN,"DARKNESS, LIGHTED ROAD",HEAD ON,NOT REPORTED,WET,INJURY AND / OR TOW DUE TO CRASH,true,,"OVER $1,500",FAILING TO YIELD RIGHT-OF-WAY,2,NO INDICATION OF INJURY,0,0,41.8528519577,-87.719237554,60623,"CHICAGO MIDWAY AIRPORT, IL US",63.0,59.0,87.0,0.03,10.0,9.0
crash_00489,2025-07-16 18:09:00,2025,7,Jul,Wed,18,Evening commute,30,TRAFFIC SIGNAL,CLEAR,DAYLIGHT,PEDESTRIAN,NOT DIVIDED,DRY,INJURY AND / OR TOW DUE TO CRASH,true,true,$500 OR LESS,UNABLE TO DETERMINE,2,NONINCAPACITATING INJURY,1,0,41.7510204707,-87.6151022455,60619,"CHICAGO MIDWAY AIRPORT, IL US",75.0,68.0,79.0,0.0,10.0,13.0
crash_00490,2023-09-23 11:00:00,2023,9,Sep,Sat,11,Daytime,30,NO CONTROLS,CLEAR,DAYLIGHT,PARKED MOTOR VEHICLE,NOT DIVIDED,DRY,NO INJURY / DRIVE AWAY,,,"OVER $1,500",UNABLE TO DETERMINE,2,NO INDICATION OF INJURY,0,0,41.9536534353,-87.7367335705,60641,"CHICAGO OHARE INTERNATIONAL AIRPORT, IL US",77.0,56.0,48.0,0.0,10.0,5.0
crash_00491,2021-07-07 15:05:00,2021,7,Jul,Wed,15,Evening commute,25,NO CONTROLS,CLEAR,DAYLIGHT,HEAD ON,NOT DIVIDED,DRY,INJURY AND / OR TOW DUE TO CRASH,,,"OVER $1,500",FAILING TO REDUCE SPEED TO AVOID CRASH,2,NO INDICATION OF INJURY,0,0,41.7207153651,-87.5697652393,60617,"CHICAGO MIDWAY AIRPORT, IL US",88.0,62.0,42.0,0.0,10.0,14.0
crash_00492,2020-09-25 11:00:00,2020,9,Sep,Fri,11,Daytime,25,OTHER,CLEAR,DAYLIGHT,PARKED MOTOR VEHICLE,ONE-WAY,DRY,NO INJURY / DRIVE AWAY,,,$500 OR LESS,UNABLE TO DETERMINE,2,NO INDICATION OF INJURY,0,0,41.8882335606,-87.7542798059,60644,"CHICAGO MIDWAY AIRPORT, IL US",73.0,54.0,51.0,0.0,10.0,8.0
crash_00493,2023-10-18 23:00:00,2023,10,Oct,Wed,23,Night or early morning,20,NO CONTROLS,CLEAR,DARKNESS,PARKED MOTOR VEHICLE,NOT DIVIDED,DRY,NO INJURY / DRIVE AWAY,,true,"OVER $1,500",UNABLE TO DETERMINE,2,NO INDICATION OF INJURY,0,0,41.7842210518,-87.7134594931,60629,"CHICAGO MIDWAY AIRPORT, IL US",59.0,50.0,72.0,0.03,8.0,13.0
crash_00494,2023-12-29 15:10:00,2023,12,Dec,Fri,15,Evening commute,35,STOP SIGN/FLASHER,CLEAR,DAYLIGHT,TURNING,NOT DIVIDED,DRY,NO INJURY / DRIVE AWAY,true,true,$500 OR LESS,FAILING TO YIELD RIGHT-OF-WAY,2,NO INDICATION OF INJURY,0,0,41.7912416283,-87.7293775603,60629,"CHICAGO MIDWAY AIRPORT, IL US",40.0,37.0,89.0,0.0,10.0,10.0
crash_00495,2021-05-29 15:50:00,2021,5,May,Sat,15,Evening commute,30,NO CONTROLS,CLEAR,DAYLIGHT,SIDESWIPE SAME DIRECTION,OTHER,DRY,NO INJURY / DRIVE AWAY,,true,$500 OR LESS,UNABLE TO DETERMINE,2,NO INDICATION OF INJURY,0,0,41.976002693,-87.6890081038,60625,"CHICAGO OHARE INTERNATIONAL AIRPORT, IL US",59.0,27.0,29.0,0.0,10.0,10.0
crash_00496,2022-02-01 15:15:00,2022,2,Feb,Tue,15,Evening commute,30,TRAFFIC SIGNAL,RAIN,DAYLIGHT,TURNING,FOUR WAY,WET,NO INJURY / DRIVE AWAY,true,,"OVER $1,500",UNABLE TO DETERMINE,2,NO INDICATION OF INJURY,0,0,41.7513397046,-87.5856322657,60617,"CHICAGO MIDWAY AIRPORT, IL US",44.0,38.0,79.0,0.02,5.0,10.0
crash_00497,2024-10-23 16:56:00,2024,10,Oct,Wed,16,Evening commute,30,NO CONTROLS,CLEAR,DAYLIGHT,PARKED MOTOR VEHICLE,ONE-WAY,DRY,INJURY AND / OR TOW DUE TO CRASH,,true,"OVER $1,500",UNABLE TO DETERMINE,2,NO INDICATION OF INJURY,0,0,41.8719733468,-87.7622038689,60644,"CHICAGO MIDWAY AIRPORT, IL US",63.0,34.0,34.0,0.0,10.0,13.0
crash_00498,2020-05-11 16:15:00,2020,5,May,Mon,16,Evening commute,30,STOP SIGN/FLASHER,CLEAR,DAYLIGHT,REAR END,DIVIDED - W/MEDIAN (NOT RAISED),DRY,NO INJURY / DRIVE AWAY,,,"$501 - $1,500",EQUIPMENT - VEHICLE CONDITION,2,NO INDICATION OF INJURY,0,0,41.7124749007,-87.619960826,60628,"CHICAGO MIDWAY AIRPORT, IL US",47.0,33.0,59.0,0.0,10.0,10.0
crash_00499,2020-03-02 17:44:00,2020,3,Mar,Mon,17,Evening commute,40,TRAFFIC SIGNAL,CLEAR,DAYLIGHT,TURNING,DIVIDED - W/MEDIAN BARRIER,DRY,NO INJURY / DRIVE AWAY,true,true,"OVER $1,500",IMPROPER TURNING/NO SIGNAL,2,NO INDICATION OF INJURY,0,0,41.8784445153,-87.6170550926,60603,"CHICAGO MIDWAY AIRPORT, IL US",43.0,32.0,65.0,0.0,10.0,6.0
crash_00500,2018-09-27 09:45:00,2018,9,Sep,Thu,9,Morning commute,30,NO CONTROLS,CLEAR,DAYLIGHT,PARKED MOTOR VEHICLE,NOT DIVIDED,DRY,NO INJURY / DRIVE AWAY,,,"OVER $1,500",UNABLE TO DETERMINE,2,NO INDICATION OF INJURY,0,0,41.9291011542,-87.6449062928,60614,"CHICAGO MIDWAY AIRPORT, IL US",60.0,44.0,56.0,0.0,10.0,7.0
crash_00501,2022-02-05 13:24:00,2022,2,Feb,Sat,13,Daytime,20,NO CONTROLS,CLEAR,DAYLIGHT,REAR END,NOT DIVIDED,SNOW OR SLUSH,NO INJURY / DRIVE AWAY,,,"$501 - $1,500",FOLLOWING TOO CLOSELY,2,NO INDICATION OF INJURY,0,0,41.9114772435,-87.6873979345,60647,"CHICAGO MIDWAY AIRPORT, IL US",19.0,4.0,51.0,0.0,10.0,15.0
crash_00502,2023-11-26 00:02:00,2023,11,Nov,Sun,0,Night or early morning,20,TRAFFIC SIGNAL,UNKNOWN,"DARKNESS, LIGHTED ROAD",ANGLE,FOUR WAY,UNKNOWN,NO INJURY / DRIVE AWAY,,,"OVER $1,500",UNABLE TO DETERMINE,2,NO INDICATION OF INJURY,0,0,41.7809920312,-87.6971615031,60629,"CHICAGO MIDWAY AIRPORT, IL US",34.0,21.0,59.0,0.0,10.0,3.0
crash_00503,2019-09-26 20:15:00,2019,9,Sep,Thu,20,Night or early morning,10,NO CONTROLS,CLEAR,DARKNESS,PARKED MOTOR VEHICLE,PARKING LOT,DRY,NO INJURY / DRIVE AWAY,,true,"OVER $1,500",IMPROPER BACKING,2,NO INDICATION OF INJURY,0,0,41.9954406022,-87.7129173789,60659,"CHICAGO OHARE INTERNATIONAL AIRPORT, IL US",65.0,43.0,45.0,0.0,10.0,5.0
crash_00504,2024-10-10 08:20:00,2024,10,Oct,Thu,8,Morning commute,15,NO CONTROLS,CLEAR,DAYLIGHT,PEDESTRIAN,ALLEY,DRY,INJURY AND / OR TOW DUE TO CRASH,true,true,"OVER $1,500",UNABLE TO DETERMINE,2,NONINCAPACITATING INJURY,1,0,41.7864158832,-87.6997556128,60629,"CHICAGO MIDWAY AIRPORT, IL US",57.0,45.0,64.0,0.0,10.0,0.0
crash_00505,2025-05-01 19:30:00,2025,5,May,Thu,19,Night or early morning,30,NO CONTROLS,CLEAR,DARKNESS,PARKED MOTOR VEHICLE,NOT DIVIDED,DRY,NO INJURY / DRIVE AWAY,,true,"OVER $1,500",UNABLE TO DETERMINE,2,NO INDICATION OF INJURY,0,0,42.0022233751,-87.680128828,60626,"CHICAGO OHARE INTERNATIONAL AIRPORT, IL US",60.0,56.0,86.0,,8.0,14.0
crash_00506,2024-05-02 08:03:00,2024,5,May,Thu,8,Morning commute,30,NO CONTROLS,CLEAR,DAYLIGHT,PARKED MOTOR VEHICLE,ONE-WAY,DRY,NO INJURY / DRIVE AWAY,,,"OVER $1,500",UNABLE TO DETERMINE,2,NO INDICATION OF INJURY,0,0,41.8333944559,-87.6450975972,60616,"CHICAGO MIDWAY AIRPORT, IL US",62.0,41.0,46.0,0.0,10.0,14.0
crash_00507,2018-07-03 15:30:00,2018,7,Jul,Tue,15,Evening commute,25,NO CONTROLS,CLEAR,DAYLIGHT,REAR END,DIVIDED - W/MEDIAN (NOT RAISED),DRY,NO INJURY / DRIVE AWAY,,,"$501 - $1,500",UNABLE TO DETERMINE,2,NO INDICATION OF INJURY,0,0,41.7717450104,-87.7055064863,60629,"CHICAGO MIDWAY AIRPORT, IL US",89.0,71.0,55.0,0.0,10.0,14.0
crash_00508,2025-04-02 16:03:00,2025,4,Apr,Wed,16,Evening commute,30,NO CONTROLS,CLOUDY/OVERCAST,DAYLIGHT,TURNING,NOT DIVIDED,WET,INJURY AND / OR TOW DUE TO CRASH,,,"OVER $1,500",IMPROPER TURNING/NO SIGNAL,2,NONINCAPACITATING INJURY,1,0,41.9229310426,-87.7461194779,60639,"CHICAGO MIDWAY AIRPORT, IL US",61.0,56.0,84.0,0.0,10.0,9.0
crash_00509,2023-05-31 14:13:00,2023,5,May,Wed,14,Daytime,30,STOP SIGN/FLASHER,CLEAR,DAYLIGHT,ANGLE,FOUR WAY,DRY,INJURY AND / OR TOW DUE TO CRASH,true,,"OVER $1,500",FAILING TO YIELD RIGHT-OF-WAY,2,NONINCAPACITATING INJURY,2,0,41.7460682096,-87.5760335222,60617,"CHICAGO MIDWAY AIRPORT, IL US",89.0,59.0,36.0,,10.0,13.0
crash_00510,2022-05-03 15:25:00,2022,5,May,Tue,15,Evening commute,30,NO CONTROLS,RAIN,DAYLIGHT,SIDESWIPE SAME DIRECTION,DIVIDED - W/MEDIAN BARRIER,WET,NO INJURY / DRIVE AWAY,,,$500 OR LESS,DRIVING SKILLS/KNOWLEDGE/EXPERIENCE,2,NO INDICATION OF INJURY,0,0,41.7219704652,-87.6033480401,60628,"CHICAGO MIDWAY AIRPORT, IL US",47.0,44.0,90.0,0.0,2.0,16.0
crash_00511,2025-01-09 19:00:00,2025,1,Jan,Thu,19,Night or early morning,30,NO CONTROLS,CLEAR,"DARKNESS, LIGHTED ROAD",FIXED OBJECT,ONE-WAY,DRY,INJURY AND / OR TOW DUE TO CRASH,,,"OVER $1,500",NOT APPLICABLE,1,"REPORTED, NOT EVIDENT",1,0,41.7442524088,-87.551260907,60617,"CHICAGO MIDWAY AIRPORT, IL US",23.0,13.0,65.0,0.0,10.0,11.0
crash_00512,2019-02-22 17:00:00,2019,2,Feb,Fri,17,Evening commute,30,NO CONTROLS,CLEAR,DAYLIGHT,SIDESWIPE SAME DIRECTION,NOT DIVIDED,DRY,NO INJURY / DRIVE AWAY,,,"OVER $1,500",UNABLE TO DETERMINE,2,NO INDICATION OF INJURY,0,0,41.9757531736,-87.7179585786,60625,"CHICAGO OHARE INTERNATIONAL AIRPORT, IL US",36.0,24.0,62.0,0.0,8.0,8.0
crash_00513,2018-02-26 11:40:00,2018,2,Feb,Mon,11,Daytime,30,NO CONTROLS,CLEAR,DAYLIGHT,PARKED MOTOR VEHICLE,NOT DIVIDED,DRY,NO INJURY / DRIVE AWAY,,true,$500 OR LESS,DRIVING SKILLS/KNOWLEDGE/EXPERIENCE,2,NO INDICATION OF INJURY,0,0,41.9315300329,-87.7384767496,60639,"CHICAGO OHARE INTERNATIONAL AIRPORT, IL US",49.0,28.0,44.0,,10.0,16.0
crash_00514,2018-08-27 08:30:00,2018,8,Aug,Mon,8,Morning commute,25,NO CONTROLS,CLEAR,DAYLIGHT,SIDESWIPE SAME DIRECTION,NOT DIVIDED,DRY,NO INJURY / DRIVE AWAY,,,"$501 - $1,500",IMPROPER OVERTAKING/PASSING,2,NO INDICATION OF INJURY,0,0,41.8845826561,-87.6325080097,60601,"CHICAGO MIDWAY AIRPORT, IL US",82.0,72.0,72.0,0.0,9.0,15.0
crash_00515,2022-06-25 01:30:00,2022,6,Jun,Sat,1,Night or early morning,25,TRAFFIC SIGNAL,CLEAR,"DARKNESS, LIGHTED ROAD",REAR END,NOT DIVIDED,DRY,INJURY AND / OR TOW DUE TO CRASH,true,true,"OVER $1,500",FOLLOWING TOO CLOSELY,2,"REPORTED, NOT EVIDENT",3,0,41.8870279552,-87.7505266167,60644,"CHICAGO MIDWAY AIRPORT, IL US",76.0,55.0,48.0,0.0,10.0,6.0
crash_00516,2022-10-17 18:00:00,2022,10,Oct,Mon,18,Evening commute,30,NO CONTROLS,CLEAR,"DARKNESS, LIGHTED ROAD",TURNING,NOT DIVIDED,DRY,NO INJURY / DRIVE AWAY,,true,"$501 - $1,500",UNABLE TO DETERMINE,2,NO INDICATION OF INJURY,0,0,42.0185018339,-87.6703346664,60626,"CHICAGO OHARE INTERNATIONAL AIRPORT, IL US",41.0,29.0,62.0,0.0,10.0,14.0
crash_00517,2023-07-16 13:30:00,2023,7,Jul,Sun,13,Daytime,15,NO CONTROLS,CLEAR,DAYLIGHT,PARKED MOTOR VEHICLE,PARKING LOT,DRY,NO INJURY / DRIVE AWAY,,,"$501 - $1,500",UNABLE TO DETERMINE,2,NO INDICATION OF INJURY,0,0,41.8186420586,-87.6653564544,60609,"CHICAGO MIDWAY AIRPORT, IL US",80.0,55.0,42.0,0.0,8.0,11.0
crash_00518,2023-12-22 18:15:00,2023,12,Dec,Fri,18,Evening commute,15,NO CONTROLS,RAIN,DUSK,REAR TO SIDE,PARKING LOT,WET,NO INJURY / DRIVE AWAY,,,"OVER $1,500",IMPROPER BACKING,2,NO INDICATION OF INJURY,0,0,41.7613054714,-87.5577055153,60649,"CHICAGO MIDWAY AIRPORT, IL US",46.0,42.0,86.0,0.08,3.0,7.0
crash_00519,2020-11-16 12:00:00,2020,11,Nov,Mon,12,Daytime,15,NO CONTROLS,CLEAR,DAYLIGHT,OTHER OBJECT,DRIVEWAY,DRY,NO INJURY / DRIVE AWAY,,,"OVER $1,500",UNABLE TO DETERMINE,1,NO INDICATION OF INJURY,0,0,41.7652199883,-87.6381790344,60621,"CHICAGO MIDWAY AIRPORT, IL US",42.0,19.0,40.0,0.0,10.0,9.0
crash_00520,2018-06-14 21:00:00,2018,6,Jun,Thu,21,Night or early morning,20,NO CONTROLS,CLEAR,"DARKNESS, LIGHTED ROAD",PARKED MOTOR VEHICLE,ONE-WAY,DRY,NO INJURY / DRIVE AWAY,,true,$500 OR LESS,UNABLE TO DETERMINE,2,NO INDICATION OF INJURY,0,0,42.0064732131,-87.6751278607,60626,"CHICAGO OHARE INTERNATIONAL AIRPORT, IL US",72.0,48.0,43.0,0.0,10.0,7.0
crash_00521,2022-06-03 12:45:00,2022,6,Jun,Fri,12,Daytime,30,NO CONTROLS,CLEAR,DAYLIGHT,TURNING,OTHER,DRY,NO INJURY / DRIVE AWAY,,,"OVER $1,500","VISION OBSCURED (SIGNS, TREE LIMBS, BUILDINGS, ETC.)",2,NO INDICATION OF INJURY,0,0,41.9185898529,-87.7120619561,60647,"CHICAGO MIDWAY AIRPORT, IL US",82.0,37.0,20.0,0.0,10.0,17.0
crash_00522,2019-03-21 20:00:00,2019,3,Mar,Thu,20,Night or early morning,30,NO CONTROLS,CLEAR,"DARKNESS, LIGHTED ROAD",PARKED MOTOR VEHICLE,NOT DIVIDED,DRY,NO INJURY / DRIVE AWAY,,,"OVER $1,500",DISTRACTION - FROM OUTSIDE VEHICLE,2,NO INDICATION OF INJURY,0,0,41.9000032885,-87.715097375,60651,"CHICAGO MIDWAY AIRPORT, IL US",42.0,32.0,68.0,0.0,10.0,7.0
crash_00523,2024-10-01 08:40:00,2024,10,Oct,Tue,8,Morning commute,30,TRAFFIC SIGNAL,CLOUDY/OVERCAST,DAYLIGHT,ANGLE,DIVIDED - W/MEDIAN BARRIER,WET,INJURY AND / OR TOW DUE TO CRASH,,,"OVER $1,500",DRIVING SKILLS/KNOWLEDGE/EXPERIENCE,2,"REPORTED, NOT EVIDENT",1,0,41.7141256493,-87.6428525474,60628,"CHICAGO MIDWAY AIRPORT, IL US",65.0,46.0,51.0,0.0,10.0,17.0
crash_00524,2020-04-22 18:30:00,2020,4,Apr,Wed,18,Evening commute,30,NO CONTROLS,CLEAR,DAYLIGHT,SIDESWIPE SAME DIRECTION,NOT DIVIDED,DRY,NO INJURY / DRIVE AWAY,,,$500 OR LESS,NOT APPLICABLE,2,NO INDICATION OF INJURY,0,0,41.7798596793,-87.6448527816,60621,"CHICAGO MIDWAY AIRPORT, IL US",56.0,48.0,75.0,0.0,10.0,9.0
crash_00525,2019-08-31 10:55:00,2019,8,Aug,Sat,10,Daytime,35,STOP SIGN/FLASHER,CLEAR,DAYLIGHT,REAR END,FOUR WAY,DRY,NO INJURY / DRIVE AWAY,true,true,"OVER $1,500",FOLLOWING TOO CLOSELY,2,NO INDICATION OF INJURY,0,0,41.7130124625,-87.6063712836,60628,"CHICAGO MIDWAY AIRPORT, IL US",70.0,50.0,49.0,0.0,10.0,8.0
crash_00526,2020-02-14 23:20:00,2020,2,Feb,Fri,23,Night or early morning,30,TRAFFIC SIGNAL,CLEAR,"DARKNESS, LIGHTED ROAD",ANGLE,FOUR WAY,DRY,INJURY AND / OR TOW DUE TO CRASH,true,,"OVER $1,500",DISREGARDING TRAFFIC SIGNALS,2,NO INDICATION OF INJURY,0,0,41.8762618064,-87.6814642292,60612,"CHICAGO MIDWAY AIRPORT, IL US",7.0,-2.0,66.0,0.0,10.0,10.0
crash_00527,2023-10-23 15:15:00,2023,10,Oct,Mon,15,Evening commute,25,STOP SIGN/FLASHER,CLOUDY/OVERCAST,DAYLIGHT,PARKED MOTOR VEHICLE,FOUR WAY,DRY,NO INJURY / DRIVE AWAY,true,,"OVER $1,500",NOT APPLICABLE,2,NO INDICATION OF INJURY,0,0,41.7715764598,-87.5910530902,60637,"CHICAGO MIDWAY AIRPORT, IL US",66.0,38.0,36.0,0.0,10.0,16.0
crash_00528,2024-08-05 17:15:00,2024,8,Aug,Mon,17,Evening commute,30,TRAFFIC SIGNAL,RAIN,DAYLIGHT,REAR END,FOUR WAY,WET,INJURY AND / OR TOW DUE TO CRASH,true,,"OVER $1,500",FAILING TO REDUCE SPEED TO AVOID CRASH,2,NO INDICATION OF INJURY,0,0,41.6591261899,-87.5594327419,60633,"CHICAGO MIDWAY AIRPORT, IL US",80.0,68.0,67.0,0.0,10.0,15.0
crash_00529,2019-02-02 20:00:00,2019,2,Feb,Sat,20,Night or early morning,30,TRAFFIC SIGNAL,CLEAR,DARKNESS,SIDESWIPE SAME DIRECTION,DIVIDED - W/MEDIAN BARRIER,WET,NO INJURY / DRIVE AWAY,,true,$500 OR LESS,FAILING TO REDUCE SPEED TO AVOID CRASH,3,NO INDICATION OF INJURY,0,0,41.8968392715,-87.6168842979,60611,"CHICAGO MIDWAY AIRPORT, IL US",37.0,37.0,100.0,0.0,1.75,14.0
crash_00530,2018-03-08 19:30:00,2018,3,Mar,Thu,19,Night or early morning,25,NO CONTROLS,CLEAR,"DARKNESS, LIGHTED ROAD",PARKED MOTOR VEHICLE,PARKING LOT,DRY,NO INJURY / DRIVE AWAY,,true,"OVER $1,500",UNABLE TO DETERMINE,2,NO INDICATION OF INJURY,0,0,41.7218130256,-87.6628422118,60620,"CHICAGO MIDWAY AIRPORT, IL US",30.0,18.0,61.0,0.0,10.0,10.0
crash_00531,2019-04-09 15:50:00,2019,4,Apr,Tue,15,Evening commute,30,NO CONTROLS,CLEAR,DAYLIGHT,PARKED MOTOR VEHICLE,ONE-WAY,DRY,NO INJURY / DRIVE AWAY,,,"OVER $1,500",NOT APPLICABLE,2,NO INDICATION OF INJURY,0,0,41.7931269499,-87.6306129022,60621,"CHICAGO MIDWAY AIRPORT, IL US",66.0,28.0,24.0,0.0,10.0,13.0
crash_00532,2021-11-18 20:00:00,2021,11,Nov,Thu,20,Night or early morning,30,TRAFFIC SIGNAL,CLEAR,DARKNESS,ANGLE,NOT DIVIDED,DRY,INJURY AND / OR TOW DUE TO CRASH,true,,"OVER $1,500",FAILING TO YIELD RIGHT-OF-WAY,2,"REPORTED, NOT EVIDENT",1,0,41.8764901137,-87.7648701012,60644,"CHICAGO MIDWAY AIRPORT, IL US",33.0,17.0,52.0,0.0,10.0,15.0
crash_00533,2018-03-13 09:00:00,2018,3,Mar,Tue,9,Morning commute,30,NO CONTROLS,CLEAR,DAYLIGHT,SIDESWIPE SAME DIRECTION,DIVIDED - W/MEDIAN BARRIER,DRY,NO INJURY / DRIVE AWAY,,,"OVER $1,500",UNABLE TO DETERMINE,2,NO INDICATION OF INJURY,0,0,41.8870420361,-87.6286480329,60601,"CHICAGO MIDWAY AIRPORT, IL US",32.0,18.0,56.0,0.0,10.0,13.0
crash_00534,2019-04-13 12:40:00,2019,4,Apr,Sat,12,Daytime,30,TRAFFIC SIGNAL,CLEAR,DAYLIGHT,TURNING,DIVIDED - W/MEDIAN (NOT RAISED),DRY,INJURY AND / OR TOW DUE TO CRASH,true,,"OVER $1,500",FAILING TO YIELD RIGHT-OF-WAY,2,NONINCAPACITATING INJURY,1,0,41.9607400789,-87.7546989854,60630,"CHICAGO OHARE INTERNATIONAL AIRPORT, IL US",48.0,25.0,41.0,0.0,10.0,15.0
crash_00535,2023-07-08 00:00:00,2023,7,Jul,Sat,0,Night or early morning,40,NO CONTROLS,CLEAR,"DARKNESS, LIGHTED ROAD",SIDESWIPE SAME DIRECTION,DIVIDED - W/MEDIAN BARRIER,DRY,NO INJURY / DRIVE AWAY,,true,"$501 - $1,500",UNABLE TO DETERMINE,2,NO INDICATION OF INJURY,0,0,41.9694086179,-87.6483172637,60640,"CHICAGO MIDWAY AIRPORT, IL US",72.0,58.0,61.0,0.0,10.0,6.0
crash_00536,2018-08-12 13:45:00,2018,8,Aug,Sun,13,Daytime,35,NO CONTROLS,CLEAR,DAYLIGHT,SIDESWIPE OPPOSITE DIRECTION,NOT DIVIDED,DRY,NO INJURY / DRIVE AWAY,true,,"OVER $1,500",FAILING TO YIELD RIGHT-OF-WAY,2,NO INDICATION OF INJURY,0,0,41.7265741859,-87.6629507675,60620,"CHICAGO MIDWAY AIRPORT, IL US",87.0,57.0,36.0,0.0,10.0,14.0
crash_00537,2018-04-04 07:53:00,2018,4,Apr,Wed,7,Morning commute,30,NO CONTROLS,SNOW,DAYLIGHT,TURNING,NOT DIVIDED,WET,NO INJURY / DRIVE AWAY,,,"OVER $1,500",FAILING TO YIELD RIGHT-OF-WAY,2,NO INDICATION OF INJURY,0,0,41.9453035101,-87.7864962271,60634,"CHICAGO OHARE INTERNATIONAL AIRPORT, IL US",27.0,18.0,69.0,0.0,10.0,16.0
crash_00538,2023-08-29 15:08:00,2023,8,Aug,Tue,15,Evening commute,30,UNKNOWN,CLEAR,DAYLIGHT,TURNING,DIVIDED - W/MEDIAN (NOT RAISED),DRY,INJURY AND / OR TOW DUE TO CRASH,,,"OVER $1,500",IMPROPER TURNING/NO SIGNAL,2,NO INDICATION OF INJURY,0,0,41.9904092309,-87.6895224839,60659,"CHICAGO OHARE INTERNATIONAL AIRPORT, IL US",85.0,60.0,43.0,0.0,10.0,9.0