crash_id,crash_datetime,crash_year,crash_month,crash_month_name,crash_weekday_name,crash_hour,time_period,posted_speed_limit_mph,traffic_control_device,reported_weather_condition,reported_lighting_condition,first_crash_type,trafficway_type,reported_road_surface_condition,crash_type,intersection_related,hit_and_run,estimated_damage,primary_contributory_cause,unit_count,most_severe_injury,injuries_total,injuries_fatal,latitude,longitude,zip5,weather_station_name,temperature_f,dew_point_f,relative_humidity_percent,precipitation_inches,visibility_miles,wind_speed_mph
crash_00539,2018-02-03 02:27:00,2018,2,Feb,Sat,2,Night or early morning,15,NO CONTROLS,CLEAR,DARKNESS,REAR END,PARKING LOT,DRY,NO INJURY / DRIVE AWAY,,,"OVER $1,500",FOLLOWING TOO CLOSELY,2,NO INDICATION OF INJURY,0,0,41.874750447,-87.7253136968,60624,"CHICAGO MIDWAY AIRPORT, IL US",23.0,10.0,57.0,0.0,10.0,11.0
crash_00540,2019-02-21 06:50:00,2019,2,Feb,Thu,6,Morning commute,30,TRAFFIC SIGNAL,CLEAR,DAYLIGHT,TURNING,NOT DIVIDED,DRY,NO INJURY / DRIVE AWAY,true,,"OVER $1,500",DRIVING SKILLS/KNOWLEDGE/EXPERIENCE,2,NO INDICATION OF INJURY,0,0,41.8441683687,-87.7244005674,60623,"CHICAGO MIDWAY AIRPORT, IL US",27.0,20.0,75.0,0.0,9.0,9.0
crash_00541,2019-10-10 02:00:00,2019,10,Oct,Thu,2,Night or early morning,30,NO CONTROLS,CLEAR,UNKNOWN,PARKED MOTOR VEHICLE,ONE-WAY,DRY,NO INJURY / DRIVE AWAY,,true,$500 OR LESS,UNABLE TO DETERMINE,2,NO INDICATION OF INJURY,0,0,41.7419526386,-87.6234814969,60619,"CHICAGO MIDWAY AIRPORT, IL US",60.0,46.0,60.0,0.0,10.0,6.0
crash_00542,2019-10-10 14:15:00,2019,10,Oct,Thu,14,Daytime,25,NO CONTROLS,CLEAR,DAYLIGHT,SIDESWIPE SAME DIRECTION,NOT DIVIDED,DRY,NO INJURY / DRIVE AWAY,true,,"OVER $1,500",IMPROPER LANE USAGE,2,NO INDICATION OF INJURY,0,0,42.0039305679,-87.679740274,60626,"CHICAGO OHARE INTERNATIONAL AIRPORT, IL US",69.0,58.0,68.0,0.0,10.0,10.0
crash_00543,2024-12-15 08:25:00,2024,12,Dec,Sun,8,Morning commute,30,NO CONTROLS,CLEAR,DAYLIGHT,PARKED MOTOR VEHICLE,NOT DIVIDED,WET,INJURY AND / OR TOW DUE TO CRASH,,true,"OVER $1,500",UNABLE TO DETERMINE,2,NO INDICATION OF INJURY,0,0,41.7533565952,-87.711854011,60652,"CHICAGO MIDWAY AIRPORT, IL US",43.0,41.0,93.0,0.0,0.75,5.0
crash_00544,2019-01-11 09:25:00,2019,1,Jan,Fri,9,Morning commute,30,TRAFFIC SIGNAL,CLEAR,DAYLIGHT,TURNING,ONE-WAY,DRY,NO INJURY / DRIVE AWAY,true,,"OVER $1,500",IMPROPER TURNING/NO SIGNAL,2,NO INDICATION OF INJURY,0,0,41.8821115099,-87.6291091474,60602,"CHICAGO MIDWAY AIRPORT, IL US",29.0,20.0,69.0,0.0,10.0,10.0
crash_00545,2025-10-24 01:26:00,2025,10,Oct,Fri,1,Night or early morning,30,STOP SIGN/FLASHER,CLEAR,"DARKNESS, LIGHTED ROAD",TURNING,T-INTERSECTION,DRY,INJURY AND / OR TOW DUE TO CRASH,true,,"OVER $1,500",FAILING TO YIELD RIGHT-OF-WAY,4,"REPORTED, NOT EVIDENT",1,0,41.9310183603,-87.7124198746,60647,,,,,,,
crash_00546,2023-05-09 08:00:00,2023,5,May,Tue,8,Morning commute,30,TRAFFIC SIGNAL,CLEAR,DAYLIGHT,TURNING,ONE-WAY,DRY,NO INJURY / DRIVE AWAY,true,,"OVER $1,500",IMPROPER TURNING/NO SIGNAL,2,NO INDICATION OF INJURY,0,0,41.8819943382,-87.6397586849,60661,"CHICAGO MIDWAY AIRPORT, IL US",56.0,47.0,72.0,0.0,10.0,5.0
crash_00547,2025-04-16 23:07:00,2025,4,Apr,Wed,23,Night or early morning,30,TRAFFIC SIGNAL,CLEAR,"DARKNESS, LIGHTED ROAD",REAR END,FOUR WAY,DRY,NO INJURY / DRIVE AWAY,,true,"OVER $1,500",FAILING TO REDUCE SPEED TO AVOID CRASH,2,NO INDICATION OF INJURY,0,0,41.9940646891,-87.6996662094,60659,"CHICAGO OHARE INTERNATIONAL AIRPORT, IL US",40.0,30.0,68.0,0.0,10.0,9.0
crash_00548,2018-12-31 07:00:00,2018,12,Dec,Mon,7,Morning commute,30,TRAFFIC SIGNAL,RAIN,DAYLIGHT,ANGLE,NOT DIVIDED,WET,INJURY AND / OR TOW DUE TO CRASH,true,,"OVER $1,500",UNABLE TO DETERMINE,3,NO INDICATION OF INJURY,0,0,41.8233636517,-87.6447792813,60609,"CHICAGO MIDWAY AIRPORT, IL US",36.0,33.0,89.0,0.03,6.0,10.0
crash_00549,2025-05-30 14:32:00,2025,5,May,Fri,14,Daytime,30,NO CONTROLS,RAIN,DAYLIGHT,ANGLE,FOUR WAY,WET,INJURY AND / OR TOW DUE TO CRASH,true,,"OVER $1,500",UNABLE TO DETERMINE,2,NO INDICATION OF INJURY,0,0,41.9249674408,-87.6853577235,60647,"CHICAGO MIDWAY AIRPORT, IL US",74.0,46.0,37.0,0.0,10.0,14.0
crash_00550,2020-03-04 08:08:00,2020,3,Mar,Wed,8,Morning commute,30,TRAFFIC SIGNAL,CLEAR,DAYLIGHT,TURNING,NOT DIVIDED,DRY,INJURY AND / OR TOW DUE TO CRASH,true,,"OVER $1,500",IMPROPER TURNING/NO SIGNAL,2,NONINCAPACITATING INJURY,1,0,41.7000074899,-87.608364915,60628,"CHICAGO MIDWAY AIRPORT, IL US",37.0,35.0,93.0,0.0,10.0,3.0
crash_00551,2019-08-21 10:30:00,2019,8,Aug,Wed,10,Daytime,30,NO CONTROLS,CLEAR,DAYLIGHT,REAR END,NOT DIVIDED,DRY,NO INJURY / DRIVE AWAY,,true,"$501 - $1,500",UNABLE TO DETERMINE,2,NO INDICATION OF INJURY,0,0,41.9035887001,-87.6442442123,60610,"CHICAGO MIDWAY AIRPORT, IL US",81.0,70.0,69.0,0.0,10.0,8.0
crash_00552,2018-10-31 10:55:00,2018,10,Oct,Wed,10,Daytime,30,NO CONTROLS,CLEAR,DAYLIGHT,ANGLE,NOT DIVIDED,DRY,NO INJURY / DRIVE AWAY,,,"$501 - $1,500",DISREGARDING TRAFFIC SIGNALS,2,NO INDICATION OF INJURY,0,0,41.8819261405,-87.7452173187,60644,"CHICAGO MIDWAY AIRPORT, IL US",50.0,42.0,74.0,0.0,9.0,9.0
crash_00553,2019-07-24 09:16:00,2019,7,Jul,Wed,9,Morning commute,30,TRAFFIC SIGNAL,CLEAR,DAYLIGHT,REAR END,FOUR WAY,DRY,INJURY AND / OR TOW DUE TO CRASH,true,,"OVER $1,500",PHYSICAL CONDITION OF DRIVER,5,INCAPACITATING INJURY,3,0,41.8965269438,-87.6311689074,60654,"CHICAGO MIDWAY AIRPORT, IL US",74.0,50.0,43.0,0.0,10.0,7.0
crash_00554,2020-07-31 19:46:00,2020,7,Jul,Fri,19,Night or early morning,30,NO CONTROLS,CLEAR,"DARKNESS, LIGHTED ROAD",SIDESWIPE SAME DIRECTION,PARKING LOT,DRY,NO INJURY / DRIVE AWAY,,,"$501 - $1,500",DRIVING SKILLS/KNOWLEDGE/EXPERIENCE,2,NO INDICATION OF INJURY,0,0,41.7653519472,-87.6442705636,60621,"CHICAGO MIDWAY AIRPORT, IL US",74.0,59.0,60.0,0.0,10.0,11.0
crash_00555,2021-09-09 12:00:00,2021,9,Sep,Thu,12,Daytime,35,NO CONTROLS,CLEAR,DAYLIGHT,TURNING,DIVIDED - W/MEDIAN (NOT RAISED),DRY,NO INJURY / DRIVE AWAY,,true,"$501 - $1,500",FAILING TO YIELD RIGHT-OF-WAY,2,NO INDICATION OF INJURY,0,0,41.7826269267,-87.6641503984,60636,"CHICAGO MIDWAY AIRPORT, IL US",75.0,47.0,37.0,0.0,10.0,8.0
crash_00556,2018-01-09 14:30:00,2018,1,Jan,Tue,14,Daytime,30,TRAFFIC SIGNAL,CLEAR,DAYLIGHT,SIDESWIPE SAME DIRECTION,NOT DIVIDED,DRY,INJURY AND / OR TOW DUE TO CRASH,,,"$501 - $1,500",FAILING TO YIELD RIGHT-OF-WAY,2,NO INDICATION OF INJURY,0,0,41.7064645575,-87.6817700042,60655,"CHICAGO MIDWAY AIRPORT, IL US",34.0,29.0,82.0,0.0,5.0,6.0
crash_00557,2023-05-02 16:00:00,2023,5,May,Tue,16,Evening commute,35,NO CONTROLS,CLEAR,DAYLIGHT,REAR END,UNKNOWN,DRY,NO INJURY / DRIVE AWAY,,,"OVER $1,500",NOT APPLICABLE,2,NO INDICATION OF INJURY,0,0,41.8868201836,-87.6808783782,60612,"CHICAGO MIDWAY AIRPORT, IL US",48.0,33.0,56.0,0.0,10.0,7.0
crash_00558,2023-10-06 14:30:00,2023,10,Oct,Fri,14,Daytime,25,NO CONTROLS,CLOUDY/OVERCAST,DAYLIGHT,PARKED MOTOR VEHICLE,ONE-WAY,WET,NO INJURY / DRIVE AWAY,,,"$501 - $1,500",IMPROPER OVERTAKING/PASSING,2,NO INDICATION OF INJURY,0,0,41.8968405477,-87.6657110539,60642,"CHICAGO MIDWAY AIRPORT, IL US",50.0,43.0,77.0,0.02,9.0,16.0
crash_00559,2019-06-25 12:15:00,2019,6,Jun,Tue,12,Daytime,30,NO CONTROLS,CLEAR,DAYLIGHT,REAR END,NOT DIVIDED,DRY,NO INJURY / DRIVE AWAY,,,$500 OR LESS,UNABLE TO DETERMINE,2,NO INDICATION OF INJURY,0,0,41.9982237447,-87.7558849308,60646,"CHICAGO OHARE INTERNATIONAL AIRPORT, IL US",81.0,59.0,47.0,0.0,10.0,15.0
crash_00560,2018-07-21 23:13:00,2018,7,Jul,Sat,23,Night or early morning,35,TRAFFIC SIGNAL,RAIN,"DARKNESS, LIGHTED ROAD",TURNING,NOT DIVIDED,WET,INJURY AND / OR TOW DUE TO CRASH,,true,"OVER $1,500",DRIVING SKILLS/KNOWLEDGE/EXPERIENCE,2,NO INDICATION OF INJURY,0,0,41.990101454,-87.8070184018,60631,"CHICAGO OHARE INTERNATIONAL AIRPORT, IL US",69.0,66.0,90.0,0.03,5.0,17.0
crash_00561,2024-04-27 14:30:00,2024,4,Apr,Sat,14,Daytime,30,STOP SIGN/FLASHER,CLEAR,DAYLIGHT,REAR END,FOUR WAY,DRY,NO INJURY / DRIVE AWAY,true,,"OVER $1,500",FOLLOWING TOO CLOSELY,2,NO INDICATION OF INJURY,0,0,41.7261764718,-87.5634094452,60617,"CHICAGO MIDWAY AIRPORT, IL US",78.0,62.0,58.0,0.0,10.0,22.0
crash_00562,2022-09-02 00:30:00,2022,9,Sep,Fri,0,Night or early morning,30,TRAFFIC SIGNAL,CLEAR,"DARKNESS, LIGHTED ROAD",TURNING,NOT DIVIDED,DRY,NO INJURY / DRIVE AWAY,,true,"$501 - $1,500",FAILING TO YIELD RIGHT-OF-WAY,2,NO INDICATION OF INJURY,0,0,41.9815871047,-87.8364342845,60631,"CHICAGO OHARE INTERNATIONAL AIRPORT, IL US",75.0,64.0,69.0,0.0,10.0,5.0
crash_00563,2018-10-31 15:40:00,2018,10,Oct,Wed,15,Evening commute,30,STOP SIGN/FLASHER,CLEAR,"DARKNESS, LIGHTED ROAD",TURNING,NOT DIVIDED,DRY,NO INJURY / DRIVE AWAY,,,"OVER $1,500",IMPROPER TURNING/NO SIGNAL,2,NO INDICATION OF INJURY,0,0,41.9035529097,-87.6611032164,60642,"CHICAGO MIDWAY AIRPORT, IL US",60.0,37.0,42.0,0.0,10.0,7.0
crash_00564,2020-07-21 12:30:00,2020,7,Jul,Tue,12,Daytime,30,TRAFFIC SIGNAL,CLEAR,DAYLIGHT,REAR TO FRONT,NOT DIVIDED,DRY,NO INJURY / DRIVE AWAY,,,"OVER $1,500",DRIVING SKILLS/KNOWLEDGE/EXPERIENCE,2,NO INDICATION OF INJURY,0,0,41.8576870143,-87.6387896262,60616,"CHICAGO MIDWAY AIRPORT, IL US",77.0,65.0,66.0,0.0,10.0,9.0
crash_00565,2018-07-28 14:17:00,2018,7,Jul,Sat,14,Daytime,20,NO CONTROLS,CLEAR,DAYLIGHT,FIXED OBJECT,PARKING LOT,DRY,NO INJURY / DRIVE AWAY,,,"OVER $1,500",UNABLE TO DETERMINE,1,NO INDICATION OF INJURY,0,0,41.8984112878,-87.6574321026,60642,"CHICAGO MIDWAY AIRPORT, IL US",79.0,50.0,36.0,0.0,10.0,5.0
crash_00566,2018-05-08 11:00:00,2018,5,May,Tue,11,Daytime,30,NO CONTROLS,CLEAR,DAYLIGHT,TURNING,NOT DIVIDED,DRY,NO INJURY / DRIVE AWAY,,,"OVER $1,500",NOT APPLICABLE,2,NO INDICATION OF INJURY,0,0,41.8305979897,-87.6666797015,60608,"CHICAGO MIDWAY AIRPORT, IL US",76.0,41.0,29.0,0.0,10.0,9.0
crash_00567,2021-09-30 19:55:00,2021,9,Sep,Thu,19,Night or early morning,30,NO CONTROLS,CLEAR,"DARKNESS, LIGHTED ROAD",OTHER NONCOLLISION,ALLEY,"SAND, MUD, DIRT",INJURY AND / OR TOW DUE TO CRASH,,,$500 OR LESS,UNABLE TO DETERMINE,1,INCAPACITATING INJURY,1,0,41.9202344112,-87.6401629923,60614,"CHICAGO MIDWAY AIRPORT, IL US",71.0,55.0,57.0,0.0,10.0,7.0
crash_00568,2023-09-11 11:15:00,2023,9,Sep,Mon,11,Daytime,30,TRAFFIC SIGNAL,CLEAR,DAYLIGHT,TURNING,FOUR WAY,WET,NO INJURY / DRIVE AWAY,true,,"OVER $1,500",IMPROPER TURNING/NO SIGNAL,2,NO INDICATION OF INJURY,0,0,41.8543079116,-87.715223153,60623,"CHICAGO MIDWAY AIRPORT, IL US",66.0,64.0,93.0,0.05,4.0,5.0
crash_00569,2020-06-15 13:41:00,2020,6,Jun,Mon,13,Daytime,35,YIELD,CLEAR,DAYLIGHT,TURNING,DIVIDED - W/MEDIAN (NOT RAISED),DRY,INJURY AND / OR TOW DUE TO CRASH,,,"OVER $1,500",FAILING TO YIELD RIGHT-OF-WAY,2,NO INDICATION OF INJURY,0,0,41.7660049681,-87.5739907452,60649,"CHICAGO MIDWAY AIRPORT, IL US",71.0,39.0,31.0,0.0,10.0,13.0
crash_00570,2025-05-31 20:20:00,2025,5,May,Sat,20,Night or early morning,15,NO CONTROLS,CLEAR,UNKNOWN,SIDESWIPE SAME DIRECTION,OTHER,UNKNOWN,NO INJURY / DRIVE AWAY,,,"$501 - $1,500",FAILING TO REDUCE SPEED TO AVOID CRASH,2,NO INDICATION OF INJURY,0,0,41.8746820857,-87.7354113722,60624,"CHICAGO MIDWAY AIRPORT, IL US",58.0,30.0,35.0,,10.0,8.0
crash_00571,2022-08-10 12:38:00,2022,8,Aug,Wed,12,Daytime,30,TRAFFIC SIGNAL,CLEAR,DAYLIGHT,REAR END,DIVIDED - W/MEDIAN BARRIER,DRY,NO INJURY / DRIVE AWAY,,,"$501 - $1,500",FAILING TO YIELD RIGHT-OF-WAY,2,NO INDICATION OF INJURY,0,0,41.9538812184,-87.6899290996,60618,"CHICAGO MIDWAY AIRPORT, IL US",84.0,58.0,41.0,,10.0,7.0
crash_00572,2023-10-02 03:30:00,2023,10,Oct,Mon,3,Night or early morning,20,NO CONTROLS,CLEAR,"DARKNESS, LIGHTED ROAD",PARKED MOTOR VEHICLE,ONE-WAY,DRY,INJURY AND / OR TOW DUE TO CRASH,,true,"OVER $1,500",UNABLE TO DETERMINE,3,NO INDICATION OF INJURY,0,0,41.7827569698,-87.7007464366,60629,"CHICAGO MIDWAY AIRPORT, IL US",65.0,58.0,78.0,0.0,10.0,0.0
crash_00573,2020-11-24 13:30:00,2020,11,Nov,Tue,13,Daytime,30,NO CONTROLS,RAIN,DAYLIGHT,SIDESWIPE SAME DIRECTION,DIVIDED - W/MEDIAN (NOT RAISED),WET,NO INJURY / DRIVE AWAY,,,$500 OR LESS,UNABLE TO DETERMINE,2,NO INDICATION OF INJURY,0,0,41.879650713,-87.7744944197,60644,"CHICAGO MIDWAY AIRPORT, IL US",40.0,36.0,86.0,0.04,4.0,10.0
crash_00574,2019-12-26 11:25:00,2019,12,Dec,Thu,11,Daytime,30,TRAFFIC SIGNAL,CLEAR,DAYLIGHT,ANGLE,NOT DIVIDED,DRY,NO INJURY / DRIVE AWAY,true,,"OVER $1,500",FAILING TO YIELD RIGHT-OF-WAY,2,NO INDICATION OF INJURY,0,0,41.961366489,-87.7279866781,60630,"CHICAGO OHARE INTERNATIONAL AIRPORT, IL US",60.0,49.0,67.0,0.0,10.0,14.0
crash_00575,2022-09-03 21:30:00,2022,9,Sep,Sat,21,Night or early morning,30,STOP SIGN/FLASHER,CLEAR,"DARKNESS, LIGHTED ROAD",TURNING,NOT DIVIDED,UNKNOWN,NO INJURY / DRIVE AWAY,,,"OVER $1,500",DISREGARDING STOP SIGN,2,NO INDICATION OF INJURY,0,0,41.7076118947,-87.6029901372,60628,"CHICAGO MIDWAY AIRPORT, IL US",73.0,63.0,71.0,,10.0,14.0
crash_00576,2025-12-08 12:13:00,2025,12,Dec,Mon,12,Daytime,30,TRAFFIC SIGNAL,CLEAR,DAYLIGHT,PARKED MOTOR VEHICLE,NOT DIVIDED,UNKNOWN,NO INJURY / DRIVE AWAY,,,"$501 - $1,500",FAILING TO YIELD RIGHT-OF-WAY,2,NO INDICATION OF INJURY,0,0,41.8671220173,-87.6414076004,60607,,,,,,,
crash_00577,2018-07-21 13:39:00,2018,7,Jul,Sat,13,Daytime,30,NO CONTROLS,CLEAR,DAWN,PEDESTRIAN,NOT DIVIDED,DRY,NO INJURY / DRIVE AWAY,,,"$501 - $1,500",NOT APPLICABLE,2,NO INDICATION OF INJURY,0,0,41.7640077493,-87.7224991077,60629,"CHICAGO MIDWAY AIRPORT, IL US",75.0,66.0,74.0,,10.0,17.0
crash_00578,2021-12-29 03:30:00,2021,12,Dec,Wed,3,Night or early morning,30,NO CONTROLS,CLEAR,"DARKNESS, LIGHTED ROAD",PARKED MOTOR VEHICLE,NOT DIVIDED,DRY,NO INJURY / DRIVE AWAY,,true,"OVER $1,500",UNABLE TO DETERMINE,2,NO INDICATION OF INJURY,0,0,41.7139775248,-87.6526027709,60643,"CHICAGO MIDWAY AIRPORT, IL US",38.0,33.0,83.0,0.0,9.0,9.0
crash_00579,2020-10-17 19:14:00,2020,10,Oct,Sat,19,Night or early morning,30,TRAFFIC SIGNAL,CLEAR,DARKNESS,TURNING,FOUR WAY,DRY,NO INJURY / DRIVE AWAY,true,,$500 OR LESS,UNABLE TO DETERMINE,2,NO INDICATION OF INJURY,0,0,41.7934783622,-87.6744262209,60636,"CHICAGO MIDWAY AIRPORT, IL US",62.0,24.0,23.0,0.0,10.0,21.0
crash_00580,2021-11-19 07:45:00,2021,11,Nov,Fri,7,Morning commute,30,TRAFFIC SIGNAL,CLEAR,DAYLIGHT,REAR END,DIVIDED - W/MEDIAN (NOT RAISED),DRY,NO INJURY / DRIVE AWAY,,,"OVER $1,500",FOLLOWING TOO CLOSELY,2,NO INDICATION OF INJURY,0,0,41.9740929423,-87.7481091993,60630,"CHICAGO OHARE INTERNATIONAL AIRPORT, IL US",28.0,19.0,69.0,0.0,10.0,5.0
crash_00581,2021-02-19 16:00:00,2021,2,Feb,Fri,16,Evening commute,20,NO CONTROLS,SNOW,DAYLIGHT,PARKED MOTOR VEHICLE,NOT DIVIDED,SNOW OR SLUSH,NO INJURY / DRIVE AWAY,,true,"OVER $1,500",UNABLE TO DETERMINE,2,NO INDICATION OF INJURY,0,0,41.8817125247,-87.7103499434,60624,"CHICAGO MIDWAY AIRPORT, IL US",20.0,9.0,62.0,0.0,10.0,15.0
crash_00582,2020-02-24 18:45:00,2020,2,Feb,Mon,18,Evening commute,30,NO CONTROLS,CLEAR,"DARKNESS, LIGHTED ROAD",SIDESWIPE SAME DIRECTION,FOUR WAY,DRY,NO INJURY / DRIVE AWAY,true,true,"OVER $1,500",IMPROPER OVERTAKING/PASSING,2,NO INDICATION OF INJURY,0,0,41.9097610956,-87.7436544425,60639,"CHICAGO MIDWAY AIRPORT, IL US",39.0,32.0,76.0,0.0,10.0,15.0
crash_00583,2021-06-14 15:30:00,2021,6,Jun,Mon,15,Evening commute,30,NO CONTROLS,CLEAR,DAYLIGHT,ANGLE,DIVIDED - W/MEDIAN (NOT RAISED),DRY,NO INJURY / DRIVE AWAY,true,,"$501 - $1,500",UNABLE TO DETERMINE,2,NO INDICATION OF INJURY,0,0,41.7511689448,-87.6065904514,60619,"CHICAGO MIDWAY AIRPORT, IL US",80.0,50.0,35.0,0.0,10.0,17.0
crash_00584,2025-02-14 20:02:00,2025,2,Feb,Fri,20,Night or early morning,25,TRAFFIC SIGNAL,SNOW,"DARKNESS, LIGHTED ROAD",ANGLE,T-INTERSECTION,SNOW OR SLUSH,INJURY AND / OR TOW DUE TO CRASH,,,"OVER $1,500",IMPROPER TURNING/NO SIGNAL,2,NO INDICATION OF INJURY,0,0,41.8674414705,-87.6331110615,60605,"CHICAGO MIDWAY AIRPORT, IL US",22.0,17.0,82.0,0.02,0.25,8.0
crash_00585,2025-11-12 11:15:00,2025,11,Nov,Wed,11,Daytime,30,PEDESTRIAN CROSSING SIGN,CLEAR,DAYLIGHT,REAR END,FOUR WAY,UNKNOWN,NO INJURY / DRIVE AWAY,true,,"OVER $1,500",UNABLE TO DETERMINE,2,NO INDICATION OF INJURY,0,0,41.9450212281,-87.6686626295,60657,,,,,,,
crash_00586,2024-02-28 14:00:00,2024,2,Feb,Wed,14,Daytime,25,NO CONTROLS,UNKNOWN,UNKNOWN,TURNING,NOT DIVIDED,UNKNOWN,NO INJURY / DRIVE AWAY,true,,$500 OR LESS,UNABLE TO DETERMINE,2,NO INDICATION OF INJURY,0,0,41.7075027645,-87.6086627955,60628,"CHICAGO MIDWAY AIRPORT, IL US",32.0,11.0,41.0,0.0,10.0,20.0
crash_00587,2019-12-06 21:50:00,2019,12,Dec,Fri,21,Night or early morning,35,NO CONTROLS,CLEAR,"DARKNESS, LIGHTED ROAD",SIDESWIPE SAME DIRECTION,NOT DIVIDED,DRY,NO INJURY / DRIVE AWAY,,,"OVER $1,500",UNABLE TO DETERMINE,2,NO INDICATION OF INJURY,0,0,41.7454916494,-87.6634616353,60620,"CHICAGO MIDWAY AIRPORT, IL US",30.0,22.0,72.0,0.0,10.0,3.0
crash_00588,2024-05-19 13:50:00,2024,5,May,Sun,13,Daytime,30,TRAFFIC SIGNAL,CLEAR,DAYLIGHT,ANGLE,NOT DIVIDED,DRY,NO INJURY / DRIVE AWAY,,,"OVER $1,500",FAILING TO YIELD RIGHT-OF-WAY,2,NO INDICATION OF INJURY,0,0,41.7728706346,-87.6447537839,60621,"CHICAGO MIDWAY AIRPORT, IL US",75.0,45.0,34.0,0.0,10.0,9.0
crash_00589,2021-07-24 06:35:00,2021,7,Jul,Sat,6,Morning commute,30,NO CONTROLS,CLEAR,DAYLIGHT,PARKED MOTOR VEHICLE,NOT DIVIDED,DRY,NO INJURY / DRIVE AWAY,,true,"$501 - $1,500",UNABLE TO DETERMINE,3,NO INDICATION OF INJURY,0,0,41.6604277073,-87.6402753625,60628,"CHICAGO MIDWAY AIRPORT, IL US",76.0,68.0,77.0,0.0,8.0,7.0
crash_00590,2023-06-23 18:51:00,2023,6,Jun,Fri,18,Evening commute,20,NO CONTROLS,CLEAR,DAYLIGHT,SIDESWIPE SAME DIRECTION,NOT DIVIDED,DRY,NO INJURY / DRIVE AWAY,,true,"$501 - $1,500",IMPROPER OVERTAKING/PASSING,2,NO INDICATION OF INJURY,0,0,41.7718537002,-87.6981578935,60629,"CHICAGO MIDWAY AIRPORT, IL US",80.0,54.0,41.0,0.0,10.0,6.0
crash_00591,2021-06-20 00:00:00,2021,6,Jun,Sun,0,Night or early morning,35,NO CONTROLS,CLEAR,DARKNESS,PARKED MOTOR VEHICLE,NOT DIVIDED,DRY,NO INJURY / DRIVE AWAY,,true,"OVER $1,500",UNABLE TO DETERMINE,2,NO INDICATION OF INJURY,0,0,41.8709356512,-87.7167466653,60624,"CHICAGO MIDWAY AIRPORT, IL US",68.0,60.0,76.0,0.0,10.0,6.0
crash_00592,2023-04-15 08:20:00,2023,4,Apr,Sat,8,Morning commute,10,NO CONTROLS,CLEAR,DAYLIGHT,PEDESTRIAN,DRIVEWAY,DRY,INJURY AND / OR TOW DUE TO CRASH,,true,"OVER $1,500",FOLLOWING TOO CLOSELY,2,"REPORTED, NOT EVIDENT",1,0,41.9022163979,-87.6312523173,60610,"CHICAGO MIDWAY AIRPORT, IL US",67.0,52.0,59.0,0.0,10.0,7.0
crash_00593,2025-06-29 19:00:00,2025,6,Jun,Sun,19,Night or early morning,35,NO CONTROLS,CLEAR,DAYLIGHT,REAR END,NOT DIVIDED,DRY,NO INJURY / DRIVE AWAY,,,"$501 - $1,500",UNABLE TO DETERMINE,2,NO INDICATION OF INJURY,0,0,41.9767592456,-87.8416485304,60656,"CHICAGO OHARE INTERNATIONAL AIRPORT, IL US",84.0,69.0,61.0,0.0,9.0,18.0
crash_00594,2018-11-15 13:30:00,2018,11,Nov,Thu,13,Daytime,35,NO CONTROLS,RAIN,DAYLIGHT,REAR END,NOT DIVIDED,WET,NO INJURY / DRIVE AWAY,,,"OVER $1,500",IMPROPER LANE USAGE,2,NO INDICATION OF INJURY,0,0,41.9531061912,-87.78050699,60634,"CHICAGO OHARE INTERNATIONAL AIRPORT, IL US",34.0,31.0,89.0,0.0,5.0,7.0
crash_00595,2025-04-22 17:40:00,2025,4,Apr,Tue,17,Evening commute,30,UNKNOWN,UNKNOWN,UNKNOWN,REAR END,NOT DIVIDED,UNKNOWN,NO INJURY / DRIVE AWAY,,,"OVER $1,500",UNABLE TO DETERMINE,3,NO INDICATION OF INJURY,0,0,41.7949359359,-87.598624222,60637,"CHICAGO MIDWAY AIRPORT, IL US",74.0,50.0,43.0,0.0,10.0,15.0
crash_00596,2021-07-01 17:42:00,2021,7,Jul,Thu,17,Evening commute,35,NO CONTROLS,CLEAR,DAYLIGHT,SIDESWIPE SAME DIRECTION,NOT DIVIDED,DRY,NO INJURY / DRIVE AWAY,,,"OVER $1,500",UNABLE TO DETERMINE,2,NO INDICATION OF INJURY,0,0,,,,,,,,,,
crash_00597,2019-05-09 22:00:00,2019,5,May,Thu,22,Night or early morning,30,UNKNOWN,UNKNOWN,UNKNOWN,PARKED MOTOR VEHICLE,NOT DIVIDED,DRY,NO INJURY / DRIVE AWAY,,true,"OVER $1,500",NOT APPLICABLE,2,NO INDICATION OF INJURY,0,0,41.9627574333,-87.7671685461,60630,"CHICAGO OHARE INTERNATIONAL AIRPORT, IL US",49.0,40.0,71.0,0.0,10.0,11.0
crash_00598,2025-11-03 10:59:00,2025,11,Nov,Mon,10,Daytime,25,STOP SIGN/FLASHER,CLEAR,DAYLIGHT,TURNING,FOUR WAY,DRY,INJURY AND / OR TOW DUE TO CRASH,true,,"OVER $1,500",UNABLE TO DETERMINE,2,NO INDICATION OF INJURY,0,0,41.7358049384,-87.655914666,60620,,,,,,,
crash_00599,2023-07-26 15:00:00,2023,7,Jul,Wed,15,Evening commute,30,NO CONTROLS,CLEAR,DAYLIGHT,TURNING,DIVIDED - W/MEDIAN (NOT RAISED),DRY,NO INJURY / DRIVE AWAY,,,"$501 - $1,500",IMPROPER OVERTAKING/PASSING,2,NO INDICATION OF INJURY,0,0,41.9252924884,-87.6658320362,60614,"CHICAGO MIDWAY AIRPORT, IL US",88.0,73.0,61.0,0.0,10.0,15.0