crash_id,crash_datetime,crash_year,crash_month,crash_month_name,crash_weekday_name,crash_hour,time_period,posted_speed_limit_mph,traffic_control_device,reported_weather_condition,reported_lighting_condition,first_crash_type,trafficway_type,reported_road_surface_condition,crash_type,intersection_related,hit_and_run,estimated_damage,primary_contributory_cause,unit_count,most_severe_injury,injuries_total,injuries_fatal,latitude,longitude,zip5,weather_station_name,temperature_f,dew_point_f,relative_humidity_percent,precipitation_inches,visibility_miles,wind_speed_mph
crash_00600,2024-04-20 04:30:00,2024,4,Apr,Sat,4,Night or early morning,30,NO CONTROLS,CLEAR,DAYLIGHT,PARKED MOTOR VEHICLE,NOT DIVIDED,DRY,NO INJURY / DRIVE AWAY,,true,"OVER $1,500",UNABLE TO DETERMINE,2,NO INDICATION OF INJURY,0,0,41.7957006366,-87.5826962164,60615,"CHICAGO MIDWAY AIRPORT, IL US",37.0,19.0,48.0,0.0,10.0,14.0
crash_00601,2020-12-02 12:35:00,2020,12,Dec,Wed,12,Daytime,30,NO CONTROLS,CLEAR,DAYLIGHT,PARKED MOTOR VEHICLE,PARKING LOT,DRY,NO INJURY / DRIVE AWAY,,,"OVER $1,500",IMPROPER BACKING,2,NO INDICATION OF INJURY,0,0,41.946057604,-87.7082301098,60618,"CHICAGO MIDWAY AIRPORT, IL US",45.0,15.0,30.0,0.0,10.0,8.0
crash_00602,2019-12-31 17:38:00,2019,12,Dec,Tue,17,Evening commute,30,STOP SIGN/FLASHER,CLEAR,"DARKNESS, LIGHTED ROAD",ANGLE,FOUR WAY,SNOW OR SLUSH,INJURY AND / OR TOW DUE TO CRASH,true,,"OVER $1,500",FAILING TO YIELD RIGHT-OF-WAY,2,NO INDICATION OF INJURY,0,0,41.7460682096,-87.5760335222,60617,"CHICAGO MIDWAY AIRPORT, IL US",29.0,20.0,69.0,0.0,10.0,15.0
crash_00603,2019-02-13 15:15:00,2019,2,Feb,Wed,15,Evening commute,30,NO CONTROLS,CLEAR,DAYLIGHT,REAR END,NOT DIVIDED,DRY,INJURY AND / OR TOW DUE TO CRASH,,,"OVER $1,500",UNABLE TO DETERMINE,3,NONINCAPACITATING INJURY,1,0,41.8806166566,-87.6471783163,60661,"CHICAGO MIDWAY AIRPORT, IL US",25.0,16.0,69.0,0.0,10.0,14.0
crash_00604,2021-02-24 12:40:00,2021,2,Feb,Wed,12,Daytime,20,STOP SIGN/FLASHER,CLEAR,DAYLIGHT,TURNING,PARKING LOT,WET,NO INJURY / DRIVE AWAY,,true,"$501 - $1,500",DRIVING SKILLS/KNOWLEDGE/EXPERIENCE,2,NO INDICATION OF INJURY,0,0,41.7361549689,-87.6298451196,60620,"CHICAGO MIDWAY AIRPORT, IL US",44.0,30.0,58.0,0.0,10.0,14.0
crash_00605,2024-10-29 08:01:00,2024,10,Oct,Tue,8,Morning commute,30,NO CONTROLS,CLEAR,DAYLIGHT,SIDESWIPE SAME DIRECTION,NOT DIVIDED,DRY,NO INJURY / DRIVE AWAY,,,"OVER $1,500",FAILING TO YIELD RIGHT-OF-WAY,2,NO INDICATION OF INJURY,0,0,41.9245475154,-87.7124010428,60647,"CHICAGO MIDWAY AIRPORT, IL US",69.0,55.0,61.0,0.0,10.0,14.0
crash_00606,2021-05-07 21:35:00,2021,5,May,Fri,21,Night or early morning,30,TRAFFIC SIGNAL,CLEAR,"DARKNESS, LIGHTED ROAD",ANGLE,FOUR WAY,DRY,INJURY AND / OR TOW DUE TO CRASH,true,false,"OVER $1,500",DISREGARDING TRAFFIC SIGNALS,2,FATAL,1,1,41.8830365754,-87.6866324686,60612,"CHICAGO MIDWAY AIRPORT, IL US",43.0,33.0,68.0,0.0,10.0,8.0
crash_00607,2022-07-09 19:52:00,2022,7,Jul,Sat,19,Night or early morning,30,NO CONTROLS,CLEAR,DAYLIGHT,SIDESWIPE SAME DIRECTION,NOT DIVIDED,DRY,NO INJURY / DRIVE AWAY,,,"OVER $1,500",DRIVING SKILLS/KNOWLEDGE/EXPERIENCE,2,NO INDICATION OF INJURY,0,0,41.8807706647,-87.6244830171,60603,"CHICAGO MIDWAY AIRPORT, IL US",73.0,54.0,51.0,0.0,10.0,10.0
crash_00608,2022-09-07 04:00:00,2022,9,Sep,Wed,4,Night or early morning,30,NO CONTROLS,UNKNOWN,UNKNOWN,PARKED MOTOR VEHICLE,ONE-WAY,UNKNOWN,NO INJURY / DRIVE AWAY,,true,"OVER $1,500",UNABLE TO DETERMINE,2,NO INDICATION OF INJURY,0,0,41.9003052751,-87.7559775807,60651,"CHICAGO MIDWAY AIRPORT, IL US",70.0,64.0,82.0,0.0,10.0,3.0
crash_00609,2024-09-08 03:17:00,2024,9,Sep,Sun,3,Night or early morning,30,TRAFFIC SIGNAL,CLEAR,"DARKNESS, LIGHTED ROAD",ANGLE,T-INTERSECTION,DRY,NO INJURY / DRIVE AWAY,true,true,"OVER $1,500",DISREGARDING TRAFFIC SIGNALS,2,NO INDICATION OF INJURY,0,0,41.7361651101,-87.625587569,60620,"CHICAGO MIDWAY AIRPORT, IL US",52.0,44.0,75.0,0.0,10.0,6.0
crash_00610,2022-01-08 19:30:00,2022,1,Jan,Sat,19,Night or early morning,30,TRAFFIC SIGNAL,FREEZING RAIN/DRIZZLE,"DARKNESS, LIGHTED ROAD",REAR TO FRONT,NOT DIVIDED,ICE,NO INJURY / DRIVE AWAY,,,"OVER $1,500",NOT APPLICABLE,2,NO INDICATION OF INJURY,0,0,41.7839643653,-87.6061537907,60637,"CHICAGO MIDWAY AIRPORT, IL US",34.0,30.0,85.0,0.0,4.0,11.0
crash_00611,2023-01-28 18:50:00,2023,1,Jan,Sat,18,Evening commute,30,NO CONTROLS,SNOW,"DARKNESS, LIGHTED ROAD",PARKED MOTOR VEHICLE,NOT DIVIDED,WET,NO INJURY / DRIVE AWAY,,,"OVER $1,500",NOT APPLICABLE,2,NO INDICATION OF INJURY,0,0,41.7446318566,-87.6828643174,60652,"CHICAGO MIDWAY AIRPORT, IL US",31.0,25.0,79.0,0.0,10.0,13.0
crash_00612,2018-01-26 13:10:00,2018,1,Jan,Fri,13,Daytime,30,NO CONTROLS,CLEAR,DAYLIGHT,REAR END,NOT DIVIDED,DRY,NO INJURY / DRIVE AWAY,,,"$501 - $1,500",UNABLE TO DETERMINE,2,NO INDICATION OF INJURY,0,0,41.8386288473,-87.7245446928,60623,"CHICAGO MIDWAY AIRPORT, IL US",51.0,32.0,48.0,0.0,10.0,21.0
crash_00613,2021-04-08 22:40:00,2021,4,Apr,Thu,22,Night or early morning,30,NO CONTROLS,CLEAR,"DARKNESS, LIGHTED ROAD",PARKED MOTOR VEHICLE,NOT DIVIDED,DRY,INJURY AND / OR TOW DUE TO CRASH,,true,"OVER $1,500",UNABLE TO DETERMINE,2,NO INDICATION OF INJURY,0,0,41.896855446,-87.7750560048,60651,"CHICAGO MIDWAY AIRPORT, IL US",53.0,44.0,72.0,0.0,10.0,13.0
crash_00614,2019-01-24 11:00:00,2019,1,Jan,Thu,11,Daytime,30,TRAFFIC SIGNAL,CLEAR,DAYLIGHT,TURNING,NOT DIVIDED,WET,NO INJURY / DRIVE AWAY,true,true,"OVER $1,500",DISREGARDING TRAFFIC SIGNALS,2,NO INDICATION OF INJURY,0,0,41.9608313564,-87.7475991993,60630,"CHICAGO OHARE INTERNATIONAL AIRPORT, IL US",16.0,12.0,84.0,0.0,5.0,9.0
crash_00615,2020-05-06 15:10:00,2020,5,May,Wed,15,Evening commute,30,NO CONTROLS,CLEAR,DAYLIGHT,SIDESWIPE SAME DIRECTION,DIVIDED - W/MEDIAN (NOT RAISED),DRY,NO INJURY / DRIVE AWAY,,,"$501 - $1,500",FOLLOWING TOO CLOSELY,2,NO INDICATION OF INJURY,0,0,41.7362094694,-87.6243055191,60620,"CHICAGO MIDWAY AIRPORT, IL US",60.0,26.0,27.0,0.0,10.0,6.0
crash_00616,2021-04-16 14:30:00,2021,4,Apr,Fri,14,Daytime,30,TRAFFIC SIGNAL,CLEAR,DAYLIGHT,REAR END,ONE-WAY,DRY,NO INJURY / DRIVE AWAY,,true,$500 OR LESS,UNABLE TO DETERMINE,2,NO INDICATION OF INJURY,0,0,41.74391266,-87.6257868866,60620,"CHICAGO MIDWAY AIRPORT, IL US",50.0,36.0,59.0,0.0,10.0,9.0
crash_00617,2025-09-25 15:20:00,2025,9,Sep,Thu,15,Evening commute,30,TRAFFIC SIGNAL,CLEAR,DAYLIGHT,REAR END,FOUR WAY,DRY,NO INJURY / DRIVE AWAY,,,"OVER $1,500",FOLLOWING TOO CLOSELY,2,NO INDICATION OF INJURY,0,0,41.8053101773,-87.6836299382,60609,,,,,,,
crash_00618,2018-11-01 18:30:00,2018,11,Nov,Thu,18,Evening commute,30,NO CONTROLS,CLEAR,DARKNESS,SIDESWIPE SAME DIRECTION,NOT DIVIDED,DRY,NO INJURY / DRIVE AWAY,false,,"OVER $1,500",IMPROPER BACKING,2,NO INDICATION OF INJURY,0,0,41.7627581025,-87.5641042098,60649,"CHICAGO MIDWAY AIRPORT, IL US",48.0,36.0,63.0,0.0,10.0,17.0
crash_00619,2018-12-06 10:37:00,2018,12,Dec,Thu,10,Daytime,30,NO CONTROLS,CLEAR,DAYLIGHT,TURNING,ONE-WAY,DRY,NO INJURY / DRIVE AWAY,true,,$500 OR LESS,UNABLE TO DETERMINE,2,NO INDICATION OF INJURY,0,0,41.7750711619,-87.7286185947,60629,"CHICAGO MIDWAY AIRPORT, IL US",28.0,17.0,63.0,0.0,10.0,14.0
crash_00620,2021-11-17 10:00:00,2021,11,Nov,Wed,10,Daytime,30,NO CONTROLS,UNKNOWN,"DARKNESS, LIGHTED ROAD",PARKED MOTOR VEHICLE,PARKING LOT,DRY,NO INJURY / DRIVE AWAY,,true,"OVER $1,500",UNABLE TO DETERMINE,2,NO INDICATION OF INJURY,0,0,41.8605998085,-87.6271194558,60605,"CHICAGO MIDWAY AIRPORT, IL US",62.0,55.0,78.0,0.0,10.0,10.0
crash_00621,2021-07-19 17:30:00,2021,7,Jul,Mon,17,Evening commute,30,TRAFFIC SIGNAL,CLEAR,DAYLIGHT,REAR END,NOT DIVIDED,DRY,NO INJURY / DRIVE AWAY,,,"$501 - $1,500",DISTRACTION - FROM INSIDE VEHICLE,2,NO INDICATION OF INJURY,0,0,41.8415650476,-87.6465127515,60608,"CHICAGO MIDWAY AIRPORT, IL US",80.0,60.0,51.0,0.0,10.0,9.0
crash_00622,2022-02-02 13:20:00,2022,2,Feb,Wed,13,Daytime,30,UNKNOWN,SNOW,DAYLIGHT,FIXED OBJECT,NOT DIVIDED,SNOW OR SLUSH,INJURY AND / OR TOW DUE TO CRASH,,,"OVER $1,500",FAILING TO REDUCE SPEED TO AVOID CRASH,2,NO INDICATION OF INJURY,0,0,41.9092144478,-87.7698293719,60651,"CHICAGO MIDWAY AIRPORT, IL US",21.0,15.0,78.0,0.0,1.0,17.0
crash_00623,2024-10-16 16:45:00,2024,10,Oct,Wed,16,Evening commute,30,STOP SIGN/FLASHER,UNKNOWN,DAYLIGHT,REAR END,DIVIDED - W/MEDIAN (NOT RAISED),UNKNOWN,NO INJURY / DRIVE AWAY,,,"OVER $1,500",UNABLE TO DETERMINE,2,NO INDICATION OF INJURY,0,0,41.9124712237,-87.6727670073,60622,"CHICAGO MIDWAY AIRPORT, IL US",57.0,24.0,28.0,0.0,10.0,7.0
crash_00624,2022-07-18 21:07:00,2022,7,Jul,Mon,21,Night or early morning,30,NO CONTROLS,CLEAR,DARKNESS,PARKED MOTOR VEHICLE,NOT DIVIDED,DRY,NO INJURY / DRIVE AWAY,,true,"OVER $1,500",DRIVING SKILLS/KNOWLEDGE/EXPERIENCE,2,NO INDICATION OF INJURY,0,0,41.8403183376,-87.7353342966,60623,"CHICAGO MIDWAY AIRPORT, IL US",85.0,63.0,48.0,0.0,10.0,6.0
crash_00625,2018-12-15 04:30:00,2018,12,Dec,Sat,4,Night or early morning,30,NO CONTROLS,FOG/SMOKE/HAZE,DARKNESS,PARKED MOTOR VEHICLE,NOT DIVIDED,WET,NO INJURY / DRIVE AWAY,,true,"OVER $1,500",UNABLE TO DETERMINE,3,NO INDICATION OF INJURY,0,0,41.7697471473,-87.6152194301,60637,"CHICAGO MIDWAY AIRPORT, IL US",33.0,33.0,100.0,,1.5,7.0
crash_00626,2019-11-25 16:02:00,2019,11,Nov,Mon,16,Evening commute,30,NO CONTROLS,CLEAR,DAYLIGHT,SIDESWIPE OPPOSITE DIRECTION,NOT DIVIDED,DRY,INJURY AND / OR TOW DUE TO CRASH,,,"OVER $1,500",IMPROPER LANE USAGE,4,"REPORTED, NOT EVIDENT",3,0,41.7831809751,-87.615844047,60637,"CHICAGO MIDWAY AIRPORT, IL US",53.0,40.0,61.0,0.0,10.0,7.0
crash_00627,2023-02-22 17:53:00,2023,2,Feb,Wed,17,Evening commute,30,TRAFFIC SIGNAL,RAIN,DARKNESS,PEDESTRIAN,FOUR WAY,WET,INJURY AND / OR TOW DUE TO CRASH,true,true,$500 OR LESS,UNABLE TO DETERMINE,2,NONINCAPACITATING INJURY,1,0,41.9321680254,-87.7025860916,60618,"CHICAGO MIDWAY AIRPORT, IL US",34.0,33.0,97.0,0.08,3.0,22.0
crash_00628,2024-12-16 11:20:00,2024,12,Dec,Mon,11,Daytime,25,NO CONTROLS,FREEZING RAIN/DRIZZLE,DAYLIGHT,SIDESWIPE SAME DIRECTION,ONE-WAY,WET,NO INJURY / DRIVE AWAY,,,"OVER $1,500",IMPROPER LANE USAGE,2,NO INDICATION OF INJURY,0,0,,,,,,,,,,
crash_00629,2020-07-29 20:30:00,2020,7,Jul,Wed,20,Night or early morning,20,TRAFFIC SIGNAL,RAIN,"DARKNESS, LIGHTED ROAD",REAR END,DIVIDED - W/MEDIAN (NOT RAISED),WET,NO INJURY / DRIVE AWAY,,,$500 OR LESS,UNABLE TO DETERMINE,2,NO INDICATION OF INJURY,0,0,41.8718625699,-87.7647199468,60644,"CHICAGO MIDWAY AIRPORT, IL US",78.0,63.0,60.0,0.0,10.0,8.0
crash_00630,2024-10-26 00:37:00,2024,10,Oct,Sat,0,Night or early morning,30,NO CONTROLS,CLEAR,"DARKNESS, LIGHTED ROAD",TURNING,ONE-WAY,DRY,INJURY AND / OR TOW DUE TO CRASH,,,"OVER $1,500",UNABLE TO DETERMINE,3,NO INDICATION OF INJURY,0,0,41.8211144592,-87.6016382945,60653,"CHICAGO MIDWAY AIRPORT, IL US",49.0,36.0,61.0,0.0,10.0,6.0
crash_00631,2019-09-11 22:15:00,2019,9,Sep,Wed,22,Night or early morning,30,NO CONTROLS,CLEAR,DUSK,PEDALCYCLIST,NOT DIVIDED,DRY,INJURY AND / OR TOW DUE TO CRASH,true,,$500 OR LESS,UNABLE TO DETERMINE,2,NONINCAPACITATING INJURY,1,0,41.917793041,-87.6777697677,60647,"CHICAGO MIDWAY AIRPORT, IL US",82.0,73.0,74.0,0.0,10.0,10.0
crash_00632,2025-02-25 18:45:00,2025,2,Feb,Tue,18,Evening commute,30,NO CONTROLS,CLEAR,"DARKNESS, LIGHTED ROAD",PEDESTRIAN,DIVIDED - W/MEDIAN (NOT RAISED),DRY,INJURY AND / OR TOW DUE TO CRASH,,,$500 OR LESS,DRIVING SKILLS/KNOWLEDGE/EXPERIENCE,2,"REPORTED, NOT EVIDENT",1,0,41.9065752516,-87.7659594849,60651,"CHICAGO MIDWAY AIRPORT, IL US",44.0,31.0,60.0,0.0,10.0,6.0
crash_00633,2019-06-29 13:00:00,2019,6,Jun,Sat,13,Daytime,30,STOP SIGN/FLASHER,CLEAR,DAYLIGHT,ANGLE,NOT DIVIDED,DRY,NO INJURY / DRIVE AWAY,,true,"$501 - $1,500",DISREGARDING STOP SIGN,2,NO INDICATION OF INJURY,0,0,41.7892042774,-87.6192293146,60637,"CHICAGO MIDWAY AIRPORT, IL US",84.0,67.0,57.0,0.0,10.0,8.0
crash_00634,2020-03-11 12:30:00,2020,3,Mar,Wed,12,Daytime,30,NO CONTROLS,CLEAR,DAYLIGHT,REAR END,NOT DIVIDED,DRY,NO INJURY / DRIVE AWAY,,,"$501 - $1,500",NOT APPLICABLE,2,NO INDICATION OF INJURY,0,0,41.7499467542,-87.7036818715,60652,"CHICAGO MIDWAY AIRPORT, IL US",42.0,32.0,68.0,0.0,10.0,7.0
crash_00635,2018-04-18 06:51:00,2018,4,Apr,Wed,6,Morning commute,30,TRAFFIC SIGNAL,CLEAR,DAYLIGHT,SIDESWIPE SAME DIRECTION,NOT DIVIDED,DRY,NO INJURY / DRIVE AWAY,,true,"OVER $1,500",UNABLE TO DETERMINE,2,NO INDICATION OF INJURY,0,0,41.9384806632,-87.7666434328,60634,"CHICAGO OHARE INTERNATIONAL AIRPORT, IL US",34.0,26.0,73.0,0.0,10.0,11.0
crash_00636,2020-12-27 04:25:00,2020,12,Dec,Sun,4,Night or early morning,30,NO CONTROLS,CLEAR,DARKNESS,PARKED MOTOR VEHICLE,NOT DIVIDED,DRY,INJURY AND / OR TOW DUE TO CRASH,,,"OVER $1,500",DRIVING SKILLS/KNOWLEDGE/EXPERIENCE,2,NONINCAPACITATING INJURY,1,0,41.7429036017,-87.566247932,60617,"CHICAGO MIDWAY AIRPORT, IL US",27.0,20.0,75.0,0.0,10.0,7.0
crash_00637,2024-04-16 07:40:00,2024,4,Apr,Tue,7,Morning commute,30,TRAFFIC SIGNAL,CLEAR,DAYLIGHT,REAR END,NOT DIVIDED,DRY,NO INJURY / DRIVE AWAY,,,$500 OR LESS,FOLLOWING TOO CLOSELY,2,NO INDICATION OF INJURY,0,0,41.9375635249,-87.8413017751,60634,"CHICAGO OHARE INTERNATIONAL AIRPORT, IL US",57.0,36.0,45.0,0.0,10.0,11.0
crash_00638,2021-05-12 07:40:00,2021,5,May,Wed,7,Morning commute,30,STOP SIGN/FLASHER,CLEAR,DAYLIGHT,ANGLE,NOT DIVIDED,DRY,NO INJURY / DRIVE AWAY,true,,"OVER $1,500",FAILING TO YIELD RIGHT-OF-WAY,2,NO INDICATION OF INJURY,0,0,41.9448321048,-87.7275008621,60641,"CHICAGO OHARE INTERNATIONAL AIRPORT, IL US",50.0,30.0,46.0,0.0,10.0,7.0
crash_00639,2024-05-09 13:05:00,2024,5,May,Thu,13,Daytime,35,NO CONTROLS,CLEAR,DAYLIGHT,SIDESWIPE OPPOSITE DIRECTION,NOT DIVIDED,DRY,NO INJURY / DRIVE AWAY,,,"OVER $1,500",NOT APPLICABLE,2,NO INDICATION OF INJURY,0,0,41.707542577,-87.6065484678,60628,"CHICAGO MIDWAY AIRPORT, IL US",58.0,50.0,75.0,0.0,10.0,16.0
crash_00640,2022-09-26 15:00:00,2022,9,Sep,Mon,15,Evening commute,30,NO CONTROLS,CLEAR,DAYLIGHT,SIDESWIPE SAME DIRECTION,NOT DIVIDED,DRY,NO INJURY / DRIVE AWAY,,,"OVER $1,500",UNABLE TO DETERMINE,2,NO INDICATION OF INJURY,0,0,41.9170903243,-87.7462672141,60639,"CHICAGO MIDWAY AIRPORT, IL US",64.0,41.0,43.0,0.0,10.0,15.0
crash_00641,2023-08-22 16:22:00,2023,8,Aug,Tue,16,Evening commute,30,TRAFFIC SIGNAL,CLEAR,DAYLIGHT,SIDESWIPE SAME DIRECTION,FOUR WAY,DRY,NO INJURY / DRIVE AWAY,,,"OVER $1,500",FAILING TO YIELD RIGHT-OF-WAY,3,NO INDICATION OF INJURY,0,0,41.9174990528,-87.7019437474,60647,"CHICAGO MIDWAY AIRPORT, IL US",85.0,70.0,61.0,0.0,10.0,10.0
crash_00642,2022-10-12 14:30:00,2022,10,Oct,Wed,14,Daytime,20,SCHOOL ZONE,CLEAR,DAYLIGHT,PARKED MOTOR VEHICLE,UNKNOWN,WET,NO INJURY / DRIVE AWAY,,,"$501 - $1,500",UNABLE TO DETERMINE,2,NO INDICATION OF INJURY,0,0,41.7984581355,-87.6901228185,60632,"CHICAGO MIDWAY AIRPORT, IL US",55.0,50.0,83.0,0.09,5.0,14.0
crash_00643,2019-03-30 23:50:00,2019,3,Mar,Sat,23,Night or early morning,30,NO CONTROLS,OTHER,"DARKNESS, LIGHTED ROAD",PARKED MOTOR VEHICLE,NOT DIVIDED,DRY,INJURY AND / OR TOW DUE TO CRASH,,,"OVER $1,500",ANIMAL,2,NONINCAPACITATING INJURY,1,0,41.8656524415,-87.7682085658,60644,"CHICAGO MIDWAY AIRPORT, IL US",32.0,22.0,66.0,0.0,10.0,15.0
crash_00644,2018-12-04 16:57:00,2018,12,Dec,Tue,16,Evening commute,5,NO CONTROLS,CLEAR,DARKNESS,PARKED MOTOR VEHICLE,PARKING LOT,DRY,NO INJURY / DRIVE AWAY,,,"OVER $1,500",UNABLE TO DETERMINE,2,NO INDICATION OF INJURY,0,0,41.808041333,-87.6845605119,60632,"CHICAGO MIDWAY AIRPORT, IL US",31.0,22.0,69.0,0.0,10.0,10.0
crash_00645,2020-04-11 13:20:00,2020,4,Apr,Sat,13,Daytime,30,NO CONTROLS,CLEAR,DAYLIGHT,SIDESWIPE SAME DIRECTION,DIVIDED - W/MEDIAN BARRIER,DRY,NO INJURY / DRIVE AWAY,,,"OVER $1,500",EQUIPMENT - VEHICLE CONDITION,2,NO INDICATION OF INJURY,0,0,41.7364816121,-87.5857840135,60619,"CHICAGO MIDWAY AIRPORT, IL US",59.0,26.0,28.0,0.0,10.0,15.0
crash_00646,2019-06-25 21:28:00,2019,6,Jun,Tue,21,Night or early morning,30,NO CONTROLS,CLEAR,"DARKNESS, LIGHTED ROAD",PARKED MOTOR VEHICLE,ONE-WAY,DRY,NO INJURY / DRIVE AWAY,,,"$501 - $1,500",UNABLE TO DETERMINE,2,NO INDICATION OF INJURY,0,0,41.8785312784,-87.6394274596,60606,"CHICAGO MIDWAY AIRPORT, IL US",78.0,62.0,58.0,0.0,10.0,8.0
crash_00647,2020-07-22 14:58:00,2020,7,Jul,Wed,14,Daytime,30,STOP SIGN/FLASHER,CLEAR,DAYLIGHT,PARKED MOTOR VEHICLE,ONE-WAY,DRY,NO INJURY / DRIVE AWAY,,true,"OVER $1,500",DRIVING ON WRONG SIDE/WRONG WAY,2,NO INDICATION OF INJURY,0,0,41.9378391616,-87.639589976,60657,"CHICAGO MIDWAY AIRPORT, IL US",82.0,69.0,65.0,0.0,10.0,10.0
crash_00648,2020-02-05 13:26:00,2020,2,Feb,Wed,13,Daytime,30,NO CONTROLS,CLEAR,DAYLIGHT,SIDESWIPE OPPOSITE DIRECTION,ONE-WAY,DRY,INJURY AND / OR TOW DUE TO CRASH,,,"OVER $1,500","OPERATING VEHICLE IN ERRATIC, RECKLESS, CARELESS, NEGLIGENT OR AGGRESSIVE MANNER",2,NO INDICATION OF INJURY,0,0,41.8850146485,-87.6440767952,60661,"CHICAGO MIDWAY AIRPORT, IL US",30.0,17.0,58.0,0.0,10.0,15.0
crash_00649,2020-06-03 07:00:00,2020,6,Jun,Wed,7,Morning commute,30,NO CONTROLS,CLOUDY/OVERCAST,DAYLIGHT,PARKED MOTOR VEHICLE,ONE-WAY,DRY,NO INJURY / DRIVE AWAY,,true,"OVER $1,500",UNABLE TO DETERMINE,2,NO INDICATION OF INJURY,0,0,41.8629390607,-87.7172423828,60623,"CHICAGO MIDWAY AIRPORT, IL US",72.0,63.0,73.0,0.0,10.0,15.0
crash_00650,2022-05-03 08:15:00,2022,5,May,Tue,8,Morning commute,30,TRAFFIC SIGNAL,RAIN,DAYLIGHT,REAR END,NOT DIVIDED,WET,NO INJURY / DRIVE AWAY,,,"$501 - $1,500",FAILING TO YIELD RIGHT-OF-WAY,2,NO INDICATION OF INJURY,0,0,41.9966657725,-87.8213138135,60631,"CHICAGO OHARE INTERNATIONAL AIRPORT, IL US",46.0,43.0,89.0,0.19,1.75,20.0
crash_00651,2021-09-18 03:50:00,2021,9,Sep,Sat,3,Night or early morning,30,OTHER,CLEAR,"DARKNESS, LIGHTED ROAD",PARKED MOTOR VEHICLE,FOUR WAY,DRY,NO INJURY / DRIVE AWAY,,true,$500 OR LESS,UNABLE TO DETERMINE,2,NO INDICATION OF INJURY,0,0,41.9811728341,-87.8067011302,60656,"CHICAGO OHARE INTERNATIONAL AIRPORT, IL US",67.0,60.0,79.0,0.0,10.0,9.0
crash_00652,2025-02-21 16:30:00,2025,2,Feb,Fri,16,Evening commute,25,NO CONTROLS,CLEAR,DAYLIGHT,FIXED OBJECT,NOT DIVIDED,DRY,INJURY AND / OR TOW DUE TO CRASH,,,"OVER $1,500",UNABLE TO DETERMINE,1,NO INDICATION OF INJURY,0,0,41.8412853156,-87.6620720833,60608,"CHICAGO MIDWAY AIRPORT, IL US",28.0,13.0,53.0,0.0,10.0,11.0
crash_00653,2021-02-10 17:00:00,2021,2,Feb,Wed,17,Evening commute,30,TRAFFIC SIGNAL,SNOW,"DARKNESS, LIGHTED ROAD",TURNING,NOT DIVIDED,SNOW OR SLUSH,NO INJURY / DRIVE AWAY,true,,"OVER $1,500",WEATHER,2,NO INDICATION OF INJURY,0,0,41.8817242769,-87.6572260318,60607,"CHICAGO MIDWAY AIRPORT, IL US",16.0,2.0,54.0,0.0,10.0,10.0
crash_00654,2019-04-12 10:00:00,2019,4,Apr,Fri,10,Daytime,45,NO CONTROLS,CLEAR,DAYLIGHT,SIDESWIPE SAME DIRECTION,ONE-WAY,DRY,INJURY AND / OR TOW DUE TO CRASH,,,"OVER $1,500",UNABLE TO DETERMINE,2,NO INDICATION OF INJURY,0,0,41.8951786579,-87.6153802903,60611,"CHICAGO MIDWAY AIRPORT, IL US",46.0,28.0,50.0,0.0,10.0,25.0
crash_00655,2018-05-25 10:40:00,2018,5,May,Fri,10,Daytime,30,NO CONTROLS,CLEAR,DAYLIGHT,REAR END,NOT DIVIDED,DRY,NO INJURY / DRIVE AWAY,,,"OVER $1,500",UNABLE TO DETERMINE,2,NO INDICATION OF INJURY,0,0,41.9762912344,-87.6689768093,60640,"CHICAGO OHARE INTERNATIONAL AIRPORT, IL US",84.0,59.0,43.0,0.0,10.0,10.0
crash_00656,2018-03-03 17:17:00,2018,3,Mar,Sat,17,Evening commute,25,NO CONTROLS,CLEAR,DAYLIGHT,PARKED MOTOR VEHICLE,ONE-WAY,DRY,INJURY AND / OR TOW DUE TO CRASH,,true,"OVER $1,500",UNABLE TO DETERMINE,2,NO INDICATION OF INJURY,0,0,41.7667801338,-87.6199992418,60637,"CHICAGO MIDWAY AIRPORT, IL US",39.0,23.0,53.0,0.0,10.0,11.0
crash_00657,2021-05-17 20:50:00,2021,5,May,Mon,20,Night or early morning,30,TRAFFIC SIGNAL,CLEAR,UNKNOWN,REAR END,NOT DIVIDED,DRY,NO INJURY / DRIVE AWAY,,,"OVER $1,500",FOLLOWING TOO CLOSELY,2,NO INDICATION OF INJURY,0,0,41.857959991,-87.6629263273,60608,"CHICAGO MIDWAY AIRPORT, IL US",61.0,51.0,70.0,0.0,10.0,9.0
crash_00658,2019-01-25 17:54:00,2019,1,Jan,Fri,17,Evening commute,30,TRAFFIC SIGNAL,SNOW,"DARKNESS, LIGHTED ROAD",TURNING,DIVIDED - W/MEDIAN BARRIER,WET,INJURY AND / OR TOW DUE TO CRASH,true,,$500 OR LESS,FAILING TO REDUCE SPEED TO AVOID CRASH,2,NONINCAPACITATING INJURY,1,0,41.8731062401,-87.6204256289,60605,"CHICAGO MIDWAY AIRPORT, IL US",6.0,0.0,76.0,0.0,1.25,9.0
crash_00659,2025-03-07 02:51:00,2025,3,Mar,Fri,2,Night or early morning,30,NO CONTROLS,CLEAR,DARKNESS,ANGLE,NOT DIVIDED,DRY,INJURY AND / OR TOW DUE TO CRASH,,true,"OVER $1,500",FAILING TO YIELD RIGHT-OF-WAY,2,NO INDICATION OF INJURY,0,0,41.7862556157,-87.6960909,60629,"CHICAGO MIDWAY AIRPORT, IL US",36.0,24.0,62.0,0.0,10.0,3.0