crash_id,crash_datetime,crash_year,crash_month,crash_month_name,crash_weekday_name,crash_hour,time_period,posted_speed_limit_mph,traffic_control_device,reported_weather_condition,reported_lighting_condition,first_crash_type,trafficway_type,reported_road_surface_condition,crash_type,intersection_related,hit_and_run,estimated_damage,primary_contributory_cause,unit_count,most_severe_injury,injuries_total,injuries_fatal,latitude,longitude,zip5,weather_station_name,temperature_f,dew_point_f,relative_humidity_percent,precipitation_inches,visibility_miles,wind_speed_mph
crash_00660,2021-06-05 10:45:00,2021,6,Jun,Sat,10,Daytime,30,NO CONTROLS,CLEAR,DAYLIGHT,PARKED MOTOR VEHICLE,NOT DIVIDED,DRY,NO INJURY / DRIVE AWAY,,,"$501 - $1,500",IMPROPER BACKING,2,NO INDICATION OF INJURY,0,0,41.9684519483,-87.6949594347,60625,"CHICAGO OHARE INTERNATIONAL AIRPORT, IL US",85.0,62.0,46.0,0.0,10.0,17.0
crash_00661,2025-09-20 17:09:00,2025,9,Sep,Sat,17,Evening commute,30,TRAFFIC SIGNAL,UNKNOWN,DAYLIGHT,REAR END,FOUR WAY,UNKNOWN,NO INJURY / DRIVE AWAY,true,,"OVER $1,500",UNABLE TO DETERMINE,2,NO INDICATION OF INJURY,0,0,41.9102509232,-87.7070236502,60647,,,,,,,
crash_00662,2024-03-06 20:00:00,2024,3,Mar,Wed,20,Night or early morning,30,NO CONTROLS,UNKNOWN,UNKNOWN,PARKED MOTOR VEHICLE,ONE-WAY,UNKNOWN,NO INJURY / DRIVE AWAY,,true,"OVER $1,500",UNABLE TO DETERMINE,2,NO INDICATION OF INJURY,0,0,42.0045712878,-87.6947937485,60645,"CHICAGO OHARE INTERNATIONAL AIRPORT, IL US",39.0,32.0,76.0,0.0,10.0,11.0
crash_00663,2021-02-06 14:35:00,2021,2,Feb,Sat,14,Daytime,30,TRAFFIC SIGNAL,SNOW,DAYLIGHT,PARKED MOTOR VEHICLE,FOUR WAY,SNOW OR SLUSH,INJURY AND / OR TOW DUE TO CRASH,true,,"OVER $1,500",DRIVING SKILLS/KNOWLEDGE/EXPERIENCE,4,NONINCAPACITATING INJURY,1,0,41.9312575811,-87.7753610353,60634,"CHICAGO OHARE INTERNATIONAL AIRPORT, IL US",12.0,1.0,62.0,0.0,2.5,8.0
crash_00664,2023-08-23 18:00:00,2023,8,Aug,Wed,18,Evening commute,25,NO CONTROLS,CLEAR,DAYLIGHT,TURNING,ONE-WAY,DRY,NO INJURY / DRIVE AWAY,,,"$501 - $1,500",NOT APPLICABLE,2,NO INDICATION OF INJURY,0,0,42.012613987,-87.6863569608,60645,"CHICAGO OHARE INTERNATIONAL AIRPORT, IL US",95.0,80.0,62.0,0.0,10.0,15.0
crash_00665,2019-11-23 09:50:00,2019,11,Nov,Sat,9,Morning commute,30,TRAFFIC SIGNAL,CLEAR,DAYLIGHT,SIDESWIPE SAME DIRECTION,DIVIDED - W/MEDIAN BARRIER,DRY,NO INJURY / DRIVE AWAY,,,"$501 - $1,500",IMPROPER OVERTAKING/PASSING,2,NO INDICATION OF INJURY,0,0,41.7213650608,-87.6433580423,60643,"CHICAGO MIDWAY AIRPORT, IL US",33.0,27.0,78.0,0.0,10.0,8.0
crash_00666,2025-02-06 09:04:00,2025,2,Feb,Thu,9,Morning commute,30,STOP SIGN/FLASHER,FREEZING RAIN/DRIZZLE,DAYLIGHT,TURNING,DIVIDED - W/MEDIAN (NOT RAISED),WET,NO INJURY / DRIVE AWAY,,,"OVER $1,500",FAILING TO YIELD RIGHT-OF-WAY,2,NO INDICATION OF INJURY,0,0,41.8857969415,-87.6457008083,60661,"CHICAGO MIDWAY AIRPORT, IL US",32.0,27.0,82.0,,10.0,15.0
crash_00667,2021-06-04 09:00:00,2021,6,Jun,Fri,9,Morning commute,25,STOP SIGN/FLASHER,CLEAR,DAYLIGHT,REAR END,ONE-WAY,DRY,NO INJURY / DRIVE AWAY,,,$500 OR LESS,NOT APPLICABLE,2,NO INDICATION OF INJURY,0,0,41.9448251831,-87.8132521051,60634,"CHICAGO OHARE INTERNATIONAL AIRPORT, IL US",74.0,54.0,50.0,0.0,10.0,11.0
crash_00668,2019-03-22 20:00:00,2019,3,Mar,Fri,20,Night or early morning,30,TRAFFIC SIGNAL,CLEAR,"DARKNESS, LIGHTED ROAD",SIDESWIPE SAME DIRECTION,NOT DIVIDED,DRY,NO INJURY / DRIVE AWAY,,true,"OVER $1,500",IMPROPER LANE USAGE,2,NO INDICATION OF INJURY,0,0,41.8812430791,-87.6278895679,60603,"CHICAGO MIDWAY AIRPORT, IL US",34.0,25.0,70.0,0.0,10.0,7.0
crash_00669,2020-08-26 14:00:00,2020,8,Aug,Wed,14,Daytime,30,NO CONTROLS,CLEAR,DAYLIGHT,PARKED MOTOR VEHICLE,NOT DIVIDED,DRY,NO INJURY / DRIVE AWAY,,,"$501 - $1,500",FOLLOWING TOO CLOSELY,2,NO INDICATION OF INJURY,0,0,41.9932617988,-87.6800462825,60659,"CHICAGO OHARE INTERNATIONAL AIRPORT, IL US",92.0,67.0,44.0,0.0,10.0,14.0
crash_00670,2023-01-27 08:25:00,2023,1,Jan,Fri,8,Morning commute,35,TRAFFIC SIGNAL,SNOW,DAYLIGHT,REAR END,NOT DIVIDED,SNOW OR SLUSH,INJURY AND / OR TOW DUE TO CRASH,,,"OVER $1,500",FOLLOWING TOO CLOSELY,2,NONINCAPACITATING INJURY,1,0,41.8641616879,-87.7020076143,60623,"CHICAGO MIDWAY AIRPORT, IL US",23.0,14.0,68.0,0.0,10.0,17.0
crash_00671,2024-03-20 07:45:00,2024,3,Mar,Wed,7,Morning commute,30,PEDESTRIAN CROSSING SIGN,CLEAR,DAYLIGHT,PEDESTRIAN,DIVIDED - W/MEDIAN BARRIER,DRY,INJURY AND / OR TOW DUE TO CRASH,true,,"$501 - $1,500",UNABLE TO DETERMINE,2,NONINCAPACITATING INJURY,1,0,41.8803058284,-87.7517171805,60644,"CHICAGO MIDWAY AIRPORT, IL US",36.0,10.0,34.0,0.0,10.0,16.0
crash_00672,2018-12-11 17:37:00,2018,12,Dec,Tue,17,Evening commute,30,NO CONTROLS,CLEAR,"DARKNESS, LIGHTED ROAD",REAR END,NOT DIVIDED,DRY,NO INJURY / DRIVE AWAY,,,"OVER $1,500",FOLLOWING TOO CLOSELY,2,NO INDICATION OF INJURY,0,0,41.9364869142,-87.6639985744,60657,"CHICAGO MIDWAY AIRPORT, IL US",34.0,26.0,73.0,0.0,8.0,8.0
crash_00673,2020-09-15 22:09:00,2020,9,Sep,Tue,22,Night or early morning,30,NO CONTROLS,CLEAR,"DARKNESS, LIGHTED ROAD",PARKED MOTOR VEHICLE,ONE-WAY,DRY,NO INJURY / DRIVE AWAY,,,$500 OR LESS,IMPROPER BACKING,2,NO INDICATION OF INJURY,0,0,41.9073098972,-87.639539328,60610,"CHICAGO MIDWAY AIRPORT, IL US",69.0,54.0,59.0,0.0,10.0,6.0
crash_00674,2022-05-17 20:43:00,2022,5,May,Tue,20,Night or early morning,30,NO CONTROLS,CLEAR,"DARKNESS, LIGHTED ROAD",FIXED OBJECT,PARKING LOT,UNKNOWN,NO INJURY / DRIVE AWAY,,true,"$501 - $1,500",UNABLE TO DETERMINE,1,NO INDICATION OF INJURY,0,0,41.9540796034,-87.6989800595,60618,"CHICAGO OHARE INTERNATIONAL AIRPORT, IL US",55.0,41.0,59.0,0.0,10.0,7.0
crash_00675,2024-03-14 04:30:00,2024,3,Mar,Thu,4,Night or early morning,30,OTHER,RAIN,"DARKNESS, LIGHTED ROAD",PARKED MOTOR VEHICLE,OTHER,WET,INJURY AND / OR TOW DUE TO CRASH,,true,"OVER $1,500","OPERATING VEHICLE IN ERRATIC, RECKLESS, CARELESS, NEGLIGENT OR AGGRESSIVE MANNER",3,NO INDICATION OF INJURY,0,0,41.8075468243,-87.6836899347,60609,"CHICAGO MIDWAY AIRPORT, IL US",49.0,42.0,77.0,0.01,10.0,11.0
crash_00676,2024-01-31 17:05:00,2024,1,Jan,Wed,17,Evening commute,25,UNKNOWN,CLEAR,"DARKNESS, LIGHTED ROAD",SIDESWIPE SAME DIRECTION,DIVIDED - W/MEDIAN (NOT RAISED),DRY,INJURY AND / OR TOW DUE TO CRASH,,,"OVER $1,500",FAILING TO YIELD RIGHT-OF-WAY,2,"REPORTED, NOT EVIDENT",1,0,41.8999282656,-87.6344763074,60610,"CHICAGO MIDWAY AIRPORT, IL US",39.0,32.0,76.0,0.0,10.0,15.0
crash_00677,2025-11-29 14:00:00,2025,11,Nov,Sat,14,Daytime,30,TRAFFIC SIGNAL,SNOW,DAYLIGHT,REAR END,FOUR WAY,SNOW OR SLUSH,NO INJURY / DRIVE AWAY,,,"OVER $1,500",FAILING TO REDUCE SPEED TO AVOID CRASH,2,NO INDICATION OF INJURY,0,0,41.8007272599,-87.7039102174,60632,,,,,,,
crash_00678,2019-08-12 18:21:00,2019,8,Aug,Mon,18,Evening commute,30,TRAFFIC SIGNAL,FREEZING RAIN/DRIZZLE,DAYLIGHT,PEDALCYCLIST,FOUR WAY,WET,INJURY AND / OR TOW DUE TO CRASH,true,,"$501 - $1,500",DISREGARDING TRAFFIC SIGNALS,2,NONINCAPACITATING INJURY,1,0,41.9286673801,-87.6682080383,60614,"CHICAGO MIDWAY AIRPORT, IL US",75.0,73.0,94.0,0.02,3.0,6.0
crash_00679,2020-11-12 12:05:00,2020,11,Nov,Thu,12,Daytime,30,NO CONTROLS,CLEAR,DAYLIGHT,TURNING,NOT DIVIDED,DRY,INJURY AND / OR TOW DUE TO CRASH,,true,"OVER $1,500",FAILING TO YIELD RIGHT-OF-WAY,2,NO INDICATION OF INJURY,0,0,41.7378491997,-87.6435208565,60620,"CHICAGO MIDWAY AIRPORT, IL US",52.0,32.0,47.0,0.0,10.0,9.0
crash_00680,2019-05-24 23:24:00,2019,5,May,Fri,23,Night or early morning,30,TRAFFIC SIGNAL,CLEAR,"DARKNESS, LIGHTED ROAD",OTHER NONCOLLISION,FOUR WAY,DRY,INJURY AND / OR TOW DUE TO CRASH,true,,$500 OR LESS,UNABLE TO DETERMINE,1,NONINCAPACITATING INJURY,1,0,41.8908715926,-87.629775985,60654,"CHICAGO MIDWAY AIRPORT, IL US",78.0,68.0,71.0,0.0,10.0,14.0
crash_00681,2025-02-18 19:00:00,2025,2,Feb,Tue,19,Night or early morning,15,UNKNOWN,UNKNOWN,UNKNOWN,PARKED MOTOR VEHICLE,PARKING LOT,UNKNOWN,NO INJURY / DRIVE AWAY,,,"OVER $1,500",UNABLE TO DETERMINE,2,NO INDICATION OF INJURY,0,0,41.968923564,-87.6748223594,60640,"CHICAGO OHARE INTERNATIONAL AIRPORT, IL US",7.0,-9.0,47.0,0.0,10.0,13.0
crash_00682,2025-07-07 08:05:00,2025,7,Jul,Mon,8,Morning commute,30,NO CONTROLS,CLEAR,DAYLIGHT,REAR END,ONE-WAY,DRY,INJURY AND / OR TOW DUE TO CRASH,,true,"$501 - $1,500",FAILING TO REDUCE SPEED TO AVOID CRASH,2,"REPORTED, NOT EVIDENT",2,0,41.8789287326,-87.6583428602,60607,"CHICAGO MIDWAY AIRPORT, IL US",69.0,60.0,73.0,0.0,10.0,13.0
crash_00683,2022-05-25 17:45:00,2022,5,May,Wed,17,Evening commute,45,NO CONTROLS,RAIN,DAYLIGHT,SIDESWIPE SAME DIRECTION,OTHER,WET,NO INJURY / DRIVE AWAY,,,"OVER $1,500",FAILING TO YIELD RIGHT-OF-WAY,2,NO INDICATION OF INJURY,0,0,41.7996083007,-87.5811215387,60615,"CHICAGO MIDWAY AIRPORT, IL US",83.0,63.0,51.0,0.0,10.0,16.0
crash_00684,2025-12-07 10:30:00,2025,12,Dec,Sun,10,Daytime,25,STOP SIGN/FLASHER,CLEAR,DAYLIGHT,REAR END,NOT DIVIDED,DRY,NO INJURY / DRIVE AWAY,,,"$501 - $1,500",UNABLE TO DETERMINE,2,NO INDICATION OF INJURY,0,0,41.740379636,-87.7168968821,60652,,,,,,,
crash_00685,2023-01-22 14:00:00,2023,1,Jan,Sun,14,Daytime,40,NO CONTROLS,SNOW,DAYLIGHT,REAR END,DIVIDED - W/MEDIAN BARRIER,WET,INJURY AND / OR TOW DUE TO CRASH,,true,"OVER $1,500",FAILING TO REDUCE SPEED TO AVOID CRASH,3,"REPORTED, NOT EVIDENT",1,0,41.9009589191,-87.6199281737,60611,"CHICAGO MIDWAY AIRPORT, IL US",34.0,30.0,85.0,0.0,1.5,6.0
crash_00686,2021-10-02 18:10:00,2021,10,Oct,Sat,18,Evening commute,30,NO CONTROLS,CLEAR,DAYLIGHT,TURNING,NOT DIVIDED,DRY,INJURY AND / OR TOW DUE TO CRASH,,true,"OVER $1,500",UNABLE TO DETERMINE,2,NONINCAPACITATING INJURY,2,0,41.9020827942,-87.716459285,60651,"CHICAGO MIDWAY AIRPORT, IL US",71.0,64.0,79.0,0.02,10.0,6.0
crash_00687,2021-11-15 09:30:00,2021,11,Nov,Mon,9,Morning commute,35,STOP SIGN/FLASHER,CLOUDY/OVERCAST,DAYLIGHT,SIDESWIPE SAME DIRECTION,NOT DIVIDED,DRY,NO INJURY / DRIVE AWAY,,,"$501 - $1,500",UNABLE TO DETERMINE,2,NO INDICATION OF INJURY,0,0,41.7064981367,-87.5547319031,60617,"CHICAGO MIDWAY AIRPORT, IL US",34.0,19.0,54.0,0.0,10.0,8.0
crash_00688,2020-02-28 19:35:00,2020,2,Feb,Fri,19,Night or early morning,30,TRAFFIC SIGNAL,CLEAR,"DARKNESS, LIGHTED ROAD",TURNING,DIVIDED - W/MEDIAN (NOT RAISED),DRY,NO INJURY / DRIVE AWAY,true,,"$501 - $1,500",IMPROPER TURNING/NO SIGNAL,2,NO INDICATION OF INJURY,0,0,41.8744613835,-87.630820444,60605,"CHICAGO MIDWAY AIRPORT, IL US",24.0,4.0,42.0,0.0,10.0,10.0
crash_00689,2023-11-12 14:52:00,2023,11,Nov,Sun,14,Daytime,30,TRAFFIC SIGNAL,CLEAR,DAYLIGHT,PARKED MOTOR VEHICLE,DIVIDED - W/MEDIAN (NOT RAISED),DRY,NO INJURY / DRIVE AWAY,,,"OVER $1,500",PHYSICAL CONDITION OF DRIVER,2,NO INDICATION OF INJURY,0,0,41.7559447081,-87.6474196624,60620,"CHICAGO MIDWAY AIRPORT, IL US",58.0,27.0,31.0,0.0,10.0,14.0
crash_00690,2025-10-26 11:03:00,2025,10,Oct,Sun,11,Daytime,30,NO CONTROLS,CLEAR,DAYLIGHT,TURNING,NOT DIVIDED,DRY,NO INJURY / DRIVE AWAY,,,"OVER $1,500",IMPROPER TURNING/NO SIGNAL,2,NO INDICATION OF INJURY,0,0,41.8808213493,-87.6841018996,60612,,,,,,,
crash_00691,2025-11-30 15:14:00,2025,11,Nov,Sun,15,Evening commute,30,NO CONTROLS,CLEAR,DAYLIGHT,TURNING,NOT DIVIDED,WET,NO INJURY / DRIVE AWAY,,,"OVER $1,500",UNABLE TO DETERMINE,2,NO INDICATION OF INJURY,0,0,41.8297062971,-87.6507968675,60609,,,,,,,
crash_00692,2025-12-31 06:29:00,2025,12,Dec,Wed,6,Morning commute,30,OTHER REG. SIGN,RAIN,DAWN,FIXED OBJECT,FOUR WAY,WET,NO INJURY / DRIVE AWAY,true,true,"OVER $1,500",DRIVING SKILLS/KNOWLEDGE/EXPERIENCE,1,NO INDICATION OF INJURY,0,0,41.8781160151,-87.6275283985,60604,,,,,,,
crash_00693,2018-04-28 23:30:00,2018,4,Apr,Sat,23,Night or early morning,30,NO CONTROLS,CLEAR,"DARKNESS, LIGHTED ROAD",PARKED MOTOR VEHICLE,ONE-WAY,DRY,INJURY AND / OR TOW DUE TO CRASH,,true,"OVER $1,500",UNABLE TO DETERMINE,4,NO INDICATION OF INJURY,0,0,41.8428765714,-87.6603474594,60608,"CHICAGO MIDWAY AIRPORT, IL US",40.0,20.0,45.0,0.0,10.0,5.0
crash_00694,2019-11-01 11:01:00,2019,11,Nov,Fri,11,Daytime,30,STOP SIGN/FLASHER,CLEAR,DAYLIGHT,ANGLE,NOT DIVIDED,DRY,INJURY AND / OR TOW DUE TO CRASH,,,"$501 - $1,500",FAILING TO YIELD RIGHT-OF-WAY,2,NO INDICATION OF INJURY,0,0,41.7569808015,-87.5750246428,60649,"CHICAGO MIDWAY AIRPORT, IL US",35.0,26.0,70.0,0.0,10.0,9.0
crash_00695,2018-02-08 15:45:00,2018,2,Feb,Thu,15,Evening commute,30,TRAFFIC SIGNAL,CLEAR,DAYLIGHT,SIDESWIPE SAME DIRECTION,NOT DIVIDED,DRY,NO INJURY / DRIVE AWAY,,,"OVER $1,500",IMPROPER OVERTAKING/PASSING,2,NO INDICATION OF INJURY,0,0,41.7060624157,-87.7018072876,60655,"CHICAGO MIDWAY AIRPORT, IL US",21.0,12.0,68.0,0.0,10.0,7.0
crash_00696,2022-05-24 19:45:00,2022,5,May,Tue,19,Night or early morning,15,NO CONTROLS,CLEAR,DAYLIGHT,FIXED OBJECT,ALLEY,DRY,INJURY AND / OR TOW DUE TO CRASH,,true,"OVER $1,500",UNABLE TO DETERMINE,1,NO INDICATION OF INJURY,0,0,41.7342527008,-87.6350027265,60620,"CHICAGO MIDWAY AIRPORT, IL US",59.0,40.0,49.0,0.0,10.0,14.0
crash_00697,2018-03-09 13:10:00,2018,3,Mar,Fri,13,Daytime,30,TRAFFIC SIGNAL,CLEAR,DAYLIGHT,SIDESWIPE SAME DIRECTION,NOT DIVIDED,DRY,NO INJURY / DRIVE AWAY,,,"OVER $1,500",UNABLE TO DETERMINE,2,NO INDICATION OF INJURY,0,0,41.9679383546,-87.7475749753,60630,"CHICAGO OHARE INTERNATIONAL AIRPORT, IL US",38.0,14.0,37.0,0.0,10.0,5.0
crash_00698,2018-04-16 16:00:00,2018,4,Apr,Mon,16,Evening commute,30,NO CONTROLS,CLEAR,DAYLIGHT,REAR END,NOT DIVIDED,DRY,NO INJURY / DRIVE AWAY,,,"OVER $1,500",NOT APPLICABLE,2,NO INDICATION OF INJURY,0,0,41.7352909968,-87.7024776251,60652,"CHICAGO MIDWAY AIRPORT, IL US",34.0,24.0,67.0,0.0,10.0,17.0
crash_00699,2022-08-05 08:11:00,2022,8,Aug,Fri,8,Morning commute,30,TRAFFIC SIGNAL,CLEAR,DAYLIGHT,TURNING,FOUR WAY,DRY,INJURY AND / OR TOW DUE TO CRASH,true,,"OVER $1,500",FAILING TO YIELD RIGHT-OF-WAY,2,"REPORTED, NOT EVIDENT",3,0,41.9244744034,-87.7366330997,60639,"CHICAGO MIDWAY AIRPORT, IL US",78.0,67.0,69.0,0.0,10.0,0.0
crash_00700,2018-03-28 10:15:00,2018,3,Mar,Wed,10,Daytime,30,TRAFFIC SIGNAL,CLEAR,DAYLIGHT,REAR END,NOT DIVIDED,DRY,NO INJURY / DRIVE AWAY,,,"$501 - $1,500",FOLLOWING TOO CLOSELY,2,NO INDICATION OF INJURY,0,0,41.7348942818,-87.7215864186,60652,"CHICAGO MIDWAY AIRPORT, IL US",45.0,36.0,71.0,0.0,10.0,5.0
crash_00701,2023-05-26 08:45:00,2023,5,May,Fri,8,Morning commute,30,NO CONTROLS,CLEAR,DAYLIGHT,REAR TO FRONT,NOT DIVIDED,DRY,NO INJURY / DRIVE AWAY,,,"$501 - $1,500",IMPROPER BACKING,2,NO INDICATION OF INJURY,0,0,41.8894066769,-87.6189881848,60611,"CHICAGO MIDWAY AIRPORT, IL US",61.0,40.0,46.0,0.0,10.0,9.0
crash_00702,2022-08-20 11:30:00,2022,8,Aug,Sat,11,Daytime,30,NO CONTROLS,CLOUDY/OVERCAST,DAYLIGHT,PARKED MOTOR VEHICLE,NOT DIVIDED,UNKNOWN,NO INJURY / DRIVE AWAY,,true,"$501 - $1,500",IMPROPER OVERTAKING/PASSING,2,NO INDICATION OF INJURY,0,0,41.928727646,-87.6418224274,60614,"CHICAGO MIDWAY AIRPORT, IL US",72.0,64.0,76.0,0.01,10.0,13.0
crash_00703,2019-10-31 20:21:00,2019,10,Oct,Thu,20,Night or early morning,30,STOP SIGN/FLASHER,CLEAR,DARKNESS,REAR END,DIVIDED - W/MEDIAN (NOT RAISED),WET,NO INJURY / DRIVE AWAY,true,,"OVER $1,500",DISTRACTION - FROM INSIDE VEHICLE,2,NO INDICATION OF INJURY,0,0,41.747376931,-87.5800594051,60617,"CHICAGO MIDWAY AIRPORT, IL US",31.0,25.0,79.0,0.0,10.0,10.0
crash_00704,2022-06-09 19:07:00,2022,6,Jun,Thu,19,Night or early morning,30,NO CONTROLS,CLEAR,DAYLIGHT,PEDESTRIAN,NOT DIVIDED,DRY,INJURY AND / OR TOW DUE TO CRASH,,,"OVER $1,500","VISION OBSCURED (SIGNS, TREE LIMBS, BUILDINGS, ETC.)",2,NONINCAPACITATING INJURY,1,0,41.9103377456,-87.6959894906,60647,"CHICAGO MIDWAY AIRPORT, IL US",78.0,43.0,29.0,0.0,10.0,8.0
crash_00705,2024-08-24 08:30:00,2024,8,Aug,Sat,8,Morning commute,30,TRAFFIC SIGNAL,CLEAR,DAYLIGHT,PARKED MOTOR VEHICLE,DIVIDED - W/MEDIAN BARRIER,DRY,NO INJURY / DRIVE AWAY,,true,"$501 - $1,500",UNABLE TO DETERMINE,2,NO INDICATION OF INJURY,0,0,41.8576240968,-87.6659906341,60608,"CHICAGO MIDWAY AIRPORT, IL US",74.0,60.0,62.0,0.0,10.0,0.0
crash_00706,2025-04-25 07:48:00,2025,4,Apr,Fri,7,Morning commute,15,NO CONTROLS,CLEAR,DAYLIGHT,PEDALCYCLIST,ALLEY,DRY,NO INJURY / DRIVE AWAY,,,"OVER $1,500",FAILING TO YIELD RIGHT-OF-WAY,2,NO INDICATION OF INJURY,0,0,41.7997540108,-87.6752980033,60609,"CHICAGO MIDWAY AIRPORT, IL US",51.0,42.0,71.0,0.0,10.0,8.0
crash_00707,2022-08-08 11:35:00,2022,8,Aug,Mon,11,Daytime,30,TRAFFIC SIGNAL,RAIN,DAYLIGHT,REAR END,ONE-WAY,WET,INJURY AND / OR TOW DUE TO CRASH,,,"OVER $1,500",WEATHER,2,NO INDICATION OF INJURY,0,0,41.8827893016,-87.6962141192,60612,"CHICAGO MIDWAY AIRPORT, IL US",78.0,72.0,82.0,0.03,10.0,11.0
crash_00708,2022-07-09 21:38:00,2022,7,Jul,Sat,21,Night or early morning,30,TRAFFIC SIGNAL,CLEAR,DARKNESS,REAR END,NOT DIVIDED,DRY,NO INJURY / DRIVE AWAY,true,true,"$501 - $1,500",UNABLE TO DETERMINE,2,NO INDICATION OF INJURY,0,0,41.8891582371,-87.642948945,60654,"CHICAGO MIDWAY AIRPORT, IL US",70.0,55.0,59.0,0.0,10.0,7.0
crash_00709,2024-02-08 19:40:00,2024,2,Feb,Thu,19,Night or early morning,30,NO CONTROLS,RAIN,"DARKNESS, LIGHTED ROAD",FIXED OBJECT,NOT DIVIDED,WET,NO INJURY / DRIVE AWAY,,,"OVER $1,500",NOT APPLICABLE,1,NO INDICATION OF INJURY,0,0,41.7789183025,-87.6994209028,60629,"CHICAGO MIDWAY AIRPORT, IL US",55.0,48.0,77.0,0.01,10.0,18.0
crash_00710,2025-03-17 18:21:00,2025,3,Mar,Mon,18,Evening commute,30,TRAFFIC SIGNAL,CLEAR,DARKNESS,SIDESWIPE OPPOSITE DIRECTION,Y-INTERSECTION,UNKNOWN,NO INJURY / DRIVE AWAY,true,,"$501 - $1,500",FAILING TO YIELD RIGHT-OF-WAY,2,NO INDICATION OF INJURY,0,0,41.8537928991,-87.7175837045,60623,"CHICAGO MIDWAY AIRPORT, IL US",53.0,28.0,38.0,0.0,10.0,24.0
crash_00711,2021-04-05 20:15:00,2021,4,Apr,Mon,20,Night or early morning,15,STOP SIGN/FLASHER,CLEAR,"DARKNESS, LIGHTED ROAD",ANGLE,FOUR WAY,DRY,INJURY AND / OR TOW DUE TO CRASH,true,,"OVER $1,500",FAILING TO YIELD RIGHT-OF-WAY,2,NONINCAPACITATING INJURY,1,0,41.7586419168,-87.5897293659,60619,"CHICAGO MIDWAY AIRPORT, IL US",73.0,43.0,34.0,0.0,10.0,7.0
crash_00712,2025-09-06 12:32:00,2025,9,Sep,Sat,12,Daytime,30,TRAFFIC SIGNAL,CLEAR,"DARKNESS, LIGHTED ROAD",REAR TO SIDE,NOT DIVIDED,DRY,NO INJURY / DRIVE AWAY,,,"OVER $1,500",IMPROPER BACKING,2,NO INDICATION OF INJURY,0,0,41.8765503863,-87.6571500994,60607,,,,,,,
crash_00713,2023-12-13 15:16:00,2023,12,Dec,Wed,15,Evening commute,30,STOP SIGN/FLASHER,CLEAR,DAYLIGHT,ANGLE,FOUR WAY,DRY,INJURY AND / OR TOW DUE TO CRASH,true,,"OVER $1,500",DISREGARDING STOP SIGN,2,"REPORTED, NOT EVIDENT",3,0,41.9355577932,-87.6469484057,60657,"CHICAGO MIDWAY AIRPORT, IL US",41.0,9.0,27.0,0.0,10.0,8.0
crash_00714,2024-11-12 19:00:00,2024,11,Nov,Tue,19,Night or early morning,15,NO CONTROLS,CLEAR,"DARKNESS, LIGHTED ROAD",FIXED OBJECT,ONE-WAY,DRY,NO INJURY / DRIVE AWAY,,,"$501 - $1,500",ROAD CONSTRUCTION/MAINTENANCE,1,NO INDICATION OF INJURY,0,0,41.7350949742,-87.6376558196,60620,"CHICAGO MIDWAY AIRPORT, IL US",48.0,34.0,58.0,0.0,10.0,8.0
crash_00715,2022-08-28 04:00:00,2022,8,Aug,Sun,4,Night or early morning,30,TRAFFIC SIGNAL,CLEAR,"DARKNESS, LIGHTED ROAD",TURNING,NOT DIVIDED,DRY,NO INJURY / DRIVE AWAY,,,"OVER $1,500",IMPROPER TURNING/NO SIGNAL,2,NO INDICATION OF INJURY,0,0,41.9458827713,-87.7763837162,60634,"CHICAGO OHARE INTERNATIONAL AIRPORT, IL US",69.0,61.0,76.0,0.0,10.0,6.0
crash_00716,2019-11-06 22:10:00,2019,11,Nov,Wed,22,Night or early morning,30,TRAFFIC SIGNAL,RAIN,"DARKNESS, LIGHTED ROAD",FIXED OBJECT,NOT DIVIDED,WET,INJURY AND / OR TOW DUE TO CRASH,true,,"OVER $1,500",UNABLE TO DETERMINE,1,NONINCAPACITATING INJURY,2,0,41.6609661758,-87.559129692,60633,"CHICAGO MIDWAY AIRPORT, IL US",33.0,29.0,85.0,0.0,2.0,15.0
crash_00717,2025-10-18 15:23:00,2025,10,Oct,Sat,15,Evening commute,30,TRAFFIC SIGNAL,CLEAR,DAYLIGHT,REAR END,ONE-WAY,DRY,NO INJURY / DRIVE AWAY,,,"$501 - $1,500",FOLLOWING TOO CLOSELY,2,NO INDICATION OF INJURY,0,0,41.7682362883,-87.6247701707,60637,,,,,,,
crash_00718,2024-11-22 13:15:00,2024,11,Nov,Fri,13,Daytime,30,UNKNOWN,CLEAR,DAYLIGHT,PARKED MOTOR VEHICLE,NOT DIVIDED,DRY,NO INJURY / DRIVE AWAY,,,"OVER $1,500",FOLLOWING TOO CLOSELY,2,NO INDICATION OF INJURY,0,0,41.906533708,-87.6518281708,60642,"CHICAGO MIDWAY AIRPORT, IL US",47.0,37.0,69.0,0.0,10.0,15.0
crash_00719,2025-05-17 23:00:00,2025,5,May,Sat,23,Night or early morning,30,NO CONTROLS,CLEAR,"DARKNESS, LIGHTED ROAD",OTHER OBJECT,PARKING LOT,DRY,NO INJURY / DRIVE AWAY,,,"OVER $1,500",NOT APPLICABLE,1,NO INDICATION OF INJURY,0,0,41.8727806141,-87.6307715124,60605,"CHICAGO MIDWAY AIRPORT, IL US",63.0,43.0,48.0,0.0,10.0,9.0