crash_id,crash_datetime,crash_year,crash_month,crash_month_name,crash_weekday_name,crash_hour,time_period,posted_speed_limit_mph,traffic_control_device,reported_weather_condition,reported_lighting_condition,first_crash_type,trafficway_type,reported_road_surface_condition,crash_type,intersection_related,hit_and_run,estimated_damage,primary_contributory_cause,unit_count,most_severe_injury,injuries_total,injuries_fatal,latitude,longitude,zip5,weather_station_name,temperature_f,dew_point_f,relative_humidity_percent,precipitation_inches,visibility_miles,wind_speed_mph
crash_00720,2024-04-20 13:00:00,2024,4,Apr,Sat,13,Daytime,15,NO CONTROLS,CLEAR,DAYLIGHT,PARKED MOTOR VEHICLE,NOT DIVIDED,DRY,NO INJURY / DRIVE AWAY,,,"OVER $1,500",UNABLE TO DETERMINE,2,NO INDICATION OF INJURY,0,0,41.9509932297,-87.6557860159,60613,"CHICAGO MIDWAY AIRPORT, IL US",48.0,22.0,36.0,0.0,10.0,16.0
crash_00721,2025-08-05 06:55:00,2025,8,Aug,Tue,6,Morning commute,30,NO CONTROLS,CLEAR,DAYLIGHT,PARKED MOTOR VEHICLE,NOT DIVIDED,DRY,INJURY AND / OR TOW DUE TO CRASH,,,"OVER $1,500",UNABLE TO DETERMINE,3,NO INDICATION OF INJURY,0,0,41.801491218,-87.7272195986,60632,"CHICAGO MIDWAY AIRPORT, IL US",73.0,64.0,74.0,0.0,7.0,5.0
crash_00722,2019-09-25 04:00:00,2019,9,Sep,Wed,4,Night or early morning,15,NO CONTROLS,CLEAR,"DARKNESS, LIGHTED ROAD",PARKED MOTOR VEHICLE,PARKING LOT,DRY,NO INJURY / DRIVE AWAY,,,"OVER $1,500",IMPROPER BACKING,2,NO INDICATION OF INJURY,0,0,41.7634867113,-87.6306395751,60621,"CHICAGO MIDWAY AIRPORT, IL US",66.0,56.0,70.0,0.0,10.0,10.0
crash_00723,2018-04-25 17:00:00,2018,4,Apr,Wed,17,Evening commute,30,NO CONTROLS,UNKNOWN,DAYLIGHT,REAR END,NOT DIVIDED,UNKNOWN,NO INJURY / DRIVE AWAY,,,"$501 - $1,500",UNABLE TO DETERMINE,2,NO INDICATION OF INJURY,0,0,41.9247289842,-87.7157533572,60647,"CHICAGO MIDWAY AIRPORT, IL US",48.0,31.0,52.0,0.0,10.0,14.0
crash_00724,2023-03-27 03:40:00,2023,3,Mar,Mon,3,Night or early morning,30,UNKNOWN,CLEAR,DARKNESS,TURNING,T-INTERSECTION,DRY,INJURY AND / OR TOW DUE TO CRASH,true,,"OVER $1,500",UNABLE TO DETERMINE,2,"REPORTED, NOT EVIDENT",1,0,41.8952161326,-87.7402457625,60651,"CHICAGO MIDWAY AIRPORT, IL US",37.0,33.0,86.0,0.0,10.0,8.0
crash_00725,2024-02-17 21:30:00,2024,2,Feb,Sat,21,Night or early morning,40,UNKNOWN,CLEAR,"DARKNESS, LIGHTED ROAD",FIXED OBJECT,DIVIDED - W/MEDIAN BARRIER,DRY,INJURY AND / OR TOW DUE TO CRASH,,,"$501 - $1,500",IMPROPER OVERTAKING/PASSING,1,NO INDICATION OF INJURY,0,0,41.8495526453,-87.6132701378,60616,"CHICAGO MIDWAY AIRPORT, IL US",23.0,11.0,60.0,0.0,10.0,17.0
crash_00726,2024-10-27 09:30:00,2024,10,Oct,Sun,9,Morning commute,30,STOP SIGN/FLASHER,UNKNOWN,DAYLIGHT,OTHER NONCOLLISION,DIVIDED - W/MEDIAN (NOT RAISED),UNKNOWN,NO INJURY / DRIVE AWAY,,,"OVER $1,500",UNABLE TO DETERMINE,1,NO INDICATION OF INJURY,0,0,41.8867217641,-87.6867273643,60612,"CHICAGO MIDWAY AIRPORT, IL US",49.0,36.0,61.0,0.0,10.0,6.0
crash_00727,2019-02-26 14:00:00,2019,2,Feb,Tue,14,Daytime,30,UNKNOWN,UNKNOWN,UNKNOWN,PARKED MOTOR VEHICLE,NOT DIVIDED,UNKNOWN,NO INJURY / DRIVE AWAY,,true,"OVER $1,500",UNABLE TO DETERMINE,2,NO INDICATION OF INJURY,0,0,41.8812705043,-87.6865359402,60612,"CHICAGO MIDWAY AIRPORT, IL US",25.0,12.0,58.0,0.0,10.0,15.0
crash_00728,2019-12-13 09:18:00,2019,12,Dec,Fri,9,Morning commute,35,NO CONTROLS,CLEAR,DAYLIGHT,PARKED MOTOR VEHICLE,DIVIDED - W/MEDIAN BARRIER,DRY,NO INJURY / DRIVE AWAY,,,"OVER $1,500",FAILING TO REDUCE SPEED TO AVOID CRASH,2,NO INDICATION OF INJURY,0,0,41.7942052331,-87.6604313153,60609,"CHICAGO MIDWAY AIRPORT, IL US",37.0,28.0,70.0,0.0,10.0,7.0
crash_00729,2021-10-14 12:50:00,2021,10,Oct,Thu,12,Daytime,45,NO CONTROLS,CLEAR,DAYLIGHT,SIDESWIPE SAME DIRECTION,DIVIDED - W/MEDIAN BARRIER,UNKNOWN,NO INJURY / DRIVE AWAY,,true,"$501 - $1,500",IMPROPER OVERTAKING/PASSING,2,NO INDICATION OF INJURY,0,0,41.9422982183,-87.6398709639,60657,"CHICAGO MIDWAY AIRPORT, IL US",66.0,47.0,50.0,0.0,10.0,9.0
crash_00730,2018-01-28 23:54:00,2018,1,Jan,Sun,23,Night or early morning,30,NO CONTROLS,CLEAR,DARKNESS,PARKED MOTOR VEHICLE,NOT DIVIDED,DRY,NO INJURY / DRIVE AWAY,,true,"OVER $1,500",NOT APPLICABLE,2,NO INDICATION OF INJURY,0,0,41.7523919216,-87.7229903838,60652,"CHICAGO MIDWAY AIRPORT, IL US",32.0,24.0,73.0,0.0,10.0,15.0
crash_00731,2024-07-08 15:59:00,2024,7,Jul,Mon,15,Evening commute,20,OTHER,CLEAR,DAYLIGHT,FIXED OBJECT,PARKING LOT,DRY,NO INJURY / DRIVE AWAY,,,$500 OR LESS,UNABLE TO DETERMINE,1,NO INDICATION OF INJURY,0,0,41.9298489966,-87.6846437835,60647,"CHICAGO MIDWAY AIRPORT, IL US",85.0,66.0,53.0,0.0,10.0,9.0
crash_00732,2022-11-13 10:15:00,2022,11,Nov,Sun,10,Daytime,15,NO CONTROLS,CLEAR,DAYLIGHT,PARKED MOTOR VEHICLE,ALLEY,DRY,NO INJURY / DRIVE AWAY,,true,$500 OR LESS,IMPROPER BACKING,2,NO INDICATION OF INJURY,0,0,41.7191907003,-87.5972616584,60628,"CHICAGO MIDWAY AIRPORT, IL US",33.0,15.0,47.0,0.0,10.0,9.0
crash_00733,2020-08-21 09:00:00,2020,8,Aug,Fri,9,Morning commute,35,TRAFFIC SIGNAL,CLEAR,DAYLIGHT,REAR END,ONE-WAY,DRY,INJURY AND / OR TOW DUE TO CRASH,,,"OVER $1,500",FAILING TO REDUCE SPEED TO AVOID CRASH,2,NO INDICATION OF INJURY,0,0,41.7942411681,-87.6232225229,60637,"CHICAGO MIDWAY AIRPORT, IL US",74.0,57.0,56.0,0.0,10.0,0.0
crash_00734,2023-03-16 18:00:00,2023,3,Mar,Thu,18,Evening commute,30,STOP SIGN/FLASHER,CLEAR,DAYLIGHT,ANGLE,ONE-WAY,DRY,NO INJURY / DRIVE AWAY,,,"OVER $1,500",UNABLE TO DETERMINE,2,NO INDICATION OF INJURY,0,0,41.753031226,-87.604154541,60619,"CHICAGO MIDWAY AIRPORT, IL US",47.0,41.0,80.0,0.0,8.0,16.0
crash_00735,2023-01-23 08:07:00,2023,1,Jan,Mon,8,Morning commute,35,STOP SIGN/FLASHER,UNKNOWN,UNKNOWN,FIXED OBJECT,NOT REPORTED,UNKNOWN,NO INJURY / DRIVE AWAY,true,,"OVER $1,500",UNABLE TO DETERMINE,1,NO INDICATION OF INJURY,0,0,41.7387821346,-87.5851029684,60617,"CHICAGO MIDWAY AIRPORT, IL US",24.0,20.0,84.0,,9.0,7.0
crash_00736,2020-12-05 10:00:00,2020,12,Dec,Sat,10,Daytime,30,NO CONTROLS,CLEAR,DAYLIGHT,PARKED MOTOR VEHICLE,NOT DIVIDED,DRY,NO INJURY / DRIVE AWAY,,true,"OVER $1,500",UNABLE TO DETERMINE,2,NO INDICATION OF INJURY,0,0,41.9539508545,-87.654677205,60613,"CHICAGO MIDWAY AIRPORT, IL US",37.0,28.0,70.0,0.0,10.0,5.0
crash_00737,2023-07-29 10:30:00,2023,7,Jul,Sat,10,Daytime,10,UNKNOWN,CLEAR,DAYLIGHT,PARKED MOTOR VEHICLE,PARKING LOT,UNKNOWN,NO INJURY / DRIVE AWAY,,true,"$501 - $1,500",IMPROPER OVERTAKING/PASSING,2,NO INDICATION OF INJURY,0,0,41.9655372266,-87.6550274072,60640,"CHICAGO MIDWAY AIRPORT, IL US",77.0,66.0,69.0,0.0,10.0,9.0
crash_00738,2021-09-02 20:00:00,2021,9,Sep,Thu,20,Night or early morning,30,NO CONTROLS,UNKNOWN,DARKNESS,SIDESWIPE SAME DIRECTION,NOT DIVIDED,UNKNOWN,NO INJURY / DRIVE AWAY,,,"OVER $1,500",UNABLE TO DETERMINE,2,NO INDICATION OF INJURY,0,0,41.8168295085,-87.7435417153,60638,"CHICAGO MIDWAY AIRPORT, IL US",74.0,49.0,41.0,0.0,10.0,9.0
crash_00739,2025-03-24 06:00:00,2025,3,Mar,Mon,6,Morning commute,30,TRAFFIC SIGNAL,CLEAR,DAYLIGHT,REAR END,DIVIDED - W/MEDIAN BARRIER,DRY,NO INJURY / DRIVE AWAY,true,,"OVER $1,500",IMPROPER BACKING,2,NO INDICATION OF INJURY,0,0,,,,,,,,,,
crash_00740,2018-08-06 07:45:00,2018,8,Aug,Mon,7,Morning commute,30,TRAFFIC SIGNAL,CLEAR,DAYLIGHT,TURNING,DIVIDED - W/MEDIAN (NOT RAISED),DRY,INJURY AND / OR TOW DUE TO CRASH,true,,"OVER $1,500",FAILING TO YIELD RIGHT-OF-WAY,3,NO INDICATION OF INJURY,0,0,41.75335698,-87.7026425505,60652,"CHICAGO MIDWAY AIRPORT, IL US",76.0,66.0,72.0,0.0,10.0,10.0
crash_00741,2020-10-14 17:50:00,2020,10,Oct,Wed,17,Evening commute,15,NO CONTROLS,CLEAR,DAYLIGHT,TURNING,PARKING LOT,DRY,NO INJURY / DRIVE AWAY,,,"$501 - $1,500",FAILING TO YIELD RIGHT-OF-WAY,2,NO INDICATION OF INJURY,0,0,41.930110626,-87.7858235033,60707,"CHICAGO OHARE INTERNATIONAL AIRPORT, IL US",78.0,36.0,22.0,0.0,10.0,18.0
crash_00742,2021-06-14 07:00:00,2021,6,Jun,Mon,7,Morning commute,30,NO CONTROLS,CLEAR,UNKNOWN,PARKED MOTOR VEHICLE,DIVIDED - W/MEDIAN BARRIER,DRY,NO INJURY / DRIVE AWAY,,true,"$501 - $1,500",UNABLE TO DETERMINE,2,NO INDICATION OF INJURY,0,0,41.8919963737,-87.7745189109,60644,"CHICAGO MIDWAY AIRPORT, IL US",68.0,56.0,65.0,0.0,10.0,16.0
crash_00743,2022-01-18 06:40:00,2022,1,Jan,Tue,6,Morning commute,30,NO CONTROLS,CLOUDY/OVERCAST,DAYLIGHT,REAR END,NOT DIVIDED,WET,INJURY AND / OR TOW DUE TO CRASH,,,"OVER $1,500",FAILING TO REDUCE SPEED TO AVOID CRASH,2,NO INDICATION OF INJURY,0,0,41.8901744113,-87.7018603469,60612,"CHICAGO MIDWAY AIRPORT, IL US",25.0,18.0,75.0,0.0,10.0,7.0
crash_00744,2019-07-19 10:56:00,2019,7,Jul,Fri,10,Daytime,10,NO CONTROLS,CLEAR,DAYLIGHT,ANGLE,ALLEY,OTHER,INJURY AND / OR TOW DUE TO CRASH,,,"OVER $1,500",FAILING TO YIELD RIGHT-OF-WAY,2,NO INDICATION OF INJURY,0,0,41.9043321819,-87.667374786,60642,"CHICAGO MIDWAY AIRPORT, IL US",88.0,77.0,70.0,0.0,10.0,9.0
crash_00745,2023-11-01 18:10:00,2023,11,Nov,Wed,18,Evening commute,30,TRAFFIC SIGNAL,CLEAR,DARKNESS,REAR END,DIVIDED - W/MEDIAN (NOT RAISED),DRY,NO INJURY / DRIVE AWAY,true,true,"OVER $1,500",FAILING TO REDUCE SPEED TO AVOID CRASH,2,NO INDICATION OF INJURY,0,0,41.8865944691,-87.7453504399,60644,"CHICAGO MIDWAY AIRPORT, IL US",40.0,24.0,53.0,0.0,10.0,10.0
crash_00746,2025-06-07 16:20:00,2025,6,Jun,Sat,16,Evening commute,30,NO CONTROLS,CLEAR,DAYLIGHT,REAR TO SIDE,PARKING LOT,DRY,NO INJURY / DRIVE AWAY,,,"$501 - $1,500",NOT APPLICABLE,2,NO INDICATION OF INJURY,0,0,41.785821248,-87.7232971961,60629,"CHICAGO MIDWAY AIRPORT, IL US",76.0,55.0,48.0,0.0,8.0,14.0
crash_00747,2024-07-31 17:00:00,2024,7,Jul,Wed,17,Evening commute,30,NO CONTROLS,CLEAR,DAYLIGHT,REAR END,DIVIDED - W/MEDIAN (NOT RAISED),DRY,NO INJURY / DRIVE AWAY,,,"OVER $1,500",FAILING TO YIELD RIGHT-OF-WAY,2,NO INDICATION OF INJURY,0,0,41.9102261235,-87.7065622079,60647,"CHICAGO MIDWAY AIRPORT, IL US",92.0,64.0,40.0,0.0,10.0,6.0
crash_00748,2023-05-18 12:05:00,2023,5,May,Thu,12,Daytime,30,NO CONTROLS,CLEAR,DAYLIGHT,SIDESWIPE SAME DIRECTION,DIVIDED - W/MEDIAN BARRIER,DRY,NO INJURY / DRIVE AWAY,,true,"OVER $1,500","OPERATING VEHICLE IN ERRATIC, RECKLESS, CARELESS, NEGLIGENT OR AGGRESSIVE MANNER",2,NO INDICATION OF INJURY,0,0,41.7213671694,-87.6591808885,60620,"CHICAGO MIDWAY AIRPORT, IL US",66.0,32.0,28.0,0.0,10.0,6.0
crash_00749,2022-09-22 11:00:00,2022,9,Sep,Thu,11,Daytime,30,NO CONTROLS,CLEAR,DAYLIGHT,PEDALCYCLIST,FOUR WAY,DRY,NO INJURY / DRIVE AWAY,true,,"$501 - $1,500",FAILING TO YIELD RIGHT-OF-WAY,2,NO INDICATION OF INJURY,0,0,41.9946167604,-87.6585047859,60660,"CHICAGO OHARE INTERNATIONAL AIRPORT, IL US",61.0,41.0,48.0,0.0,10.0,15.0
crash_00750,2024-04-04 20:36:00,2024,4,Apr,Thu,20,Night or early morning,30,TRAFFIC SIGNAL,CLEAR,"DARKNESS, LIGHTED ROAD",REAR END,NOT DIVIDED,DRY,NO INJURY / DRIVE AWAY,,true,"OVER $1,500",IMPROPER OVERTAKING/PASSING,2,NO INDICATION OF INJURY,0,0,41.9167792067,-87.755482562,60639,"CHICAGO MIDWAY AIRPORT, IL US",41.0,32.0,70.0,0.0,10.0,11.0
crash_00751,2024-03-04 10:40:00,2024,3,Mar,Mon,10,Daytime,30,NO CONTROLS,CLOUDY/OVERCAST,DAYLIGHT,PARKED MOTOR VEHICLE,NOT DIVIDED,DRY,NO INJURY / DRIVE AWAY,,true,"$501 - $1,500",UNABLE TO DETERMINE,2,NO INDICATION OF INJURY,0,0,41.8783520348,-87.6862120788,60612,"CHICAGO MIDWAY AIRPORT, IL US",65.0,56.0,73.0,0.0,10.0,11.0
crash_00752,2022-12-19 09:27:00,2022,12,Dec,Mon,9,Morning commute,30,NO CONTROLS,CLEAR,DAYLIGHT,FIXED OBJECT,FOUR WAY,ICE,INJURY AND / OR TOW DUE TO CRASH,,,"$501 - $1,500",DRIVING SKILLS/KNOWLEDGE/EXPERIENCE,1,NO INDICATION OF INJURY,0,0,41.7863071311,-87.6059207363,60637,"CHICAGO MIDWAY AIRPORT, IL US",15.0,6.0,67.0,0.0,10.0,0.0
crash_00753,2023-12-12 17:34:00,2023,12,Dec,Tue,17,Evening commute,30,TRAFFIC SIGNAL,CLEAR,"DARKNESS, LIGHTED ROAD",ANGLE,FOUR WAY,DRY,INJURY AND / OR TOW DUE TO CRASH,true,,"OVER $1,500",DISREGARDING TRAFFIC SIGNALS,2,NO INDICATION OF INJURY,0,0,41.8804797731,-87.6397182016,60661,"CHICAGO MIDWAY AIRPORT, IL US",34.0,19.0,54.0,0.0,10.0,8.0
crash_00754,2019-11-28 18:00:00,2019,11,Nov,Thu,18,Evening commute,30,NO CONTROLS,UNKNOWN,"DARKNESS, LIGHTED ROAD",PARKED MOTOR VEHICLE,ONE-WAY,UNKNOWN,NO INJURY / DRIVE AWAY,,,"OVER $1,500",UNABLE TO DETERMINE,2,NO INDICATION OF INJURY,0,0,41.7847097564,-87.6923897628,60629,"CHICAGO MIDWAY AIRPORT, IL US",36.0,31.0,82.0,0.0,10.0,11.0
crash_00755,2021-03-06 18:00:00,2021,3,Mar,Sat,18,Evening commute,30,NO CONTROLS,CLEAR,DAYLIGHT,TURNING,NOT DIVIDED,DRY,NO INJURY / DRIVE AWAY,,,"OVER $1,500",IMPROPER TURNING/NO SIGNAL,2,NO INDICATION OF INJURY,0,0,41.7306200685,-87.5647669249,60617,"CHICAGO MIDWAY AIRPORT, IL US",39.0,22.0,50.0,0.0,10.0,7.0
crash_00756,2025-02-12 16:23:00,2025,2,Feb,Wed,16,Evening commute,25,STOP SIGN/FLASHER,SNOW,DUSK,REAR END,NOT DIVIDED,SNOW OR SLUSH,NO INJURY / DRIVE AWAY,,,"OVER $1,500",WEATHER,2,NO INDICATION OF INJURY,0,0,41.8700110369,-87.7056407635,60612,"CHICAGO MIDWAY AIRPORT, IL US",27.0,22.0,81.0,0.0,1.75,14.0
crash_00757,2025-05-21 15:44:00,2025,5,May,Wed,15,Evening commute,30,TRAFFIC SIGNAL,CLEAR,DAYLIGHT,SIDESWIPE SAME DIRECTION,NOT DIVIDED,DRY,NO INJURY / DRIVE AWAY,,,$500 OR LESS,UNABLE TO DETERMINE,2,NO INDICATION OF INJURY,0,0,41.7800732998,-87.6318151832,60621,"CHICAGO MIDWAY AIRPORT, IL US",54.0,47.0,77.0,0.0,9.0,13.0
crash_00758,2023-04-08 18:16:00,2023,4,Apr,Sat,18,Evening commute,30,NO CONTROLS,CLEAR,DAYLIGHT,ANGLE,FOUR WAY,DRY,INJURY AND / OR TOW DUE TO CRASH,true,,"OVER $1,500",FAILING TO YIELD RIGHT-OF-WAY,2,NO INDICATION OF INJURY,0,0,41.8587273785,-87.7287668996,60623,"CHICAGO MIDWAY AIRPORT, IL US",63.0,25.0,24.0,0.0,10.0,8.0
crash_00759,2023-02-28 16:36:00,2023,2,Feb,Tue,16,Evening commute,30,NO CONTROLS,CLEAR,DAYLIGHT,PARKED MOTOR VEHICLE,NOT DIVIDED,DRY,NO INJURY / DRIVE AWAY,,,$500 OR LESS,NOT APPLICABLE,2,NO INDICATION OF INJURY,0,0,41.7957726888,-87.5855735685,60615,"CHICAGO MIDWAY AIRPORT, IL US",44.0,26.0,49.0,0.0,10.0,10.0
crash_00760,2022-07-29 10:00:00,2022,7,Jul,Fri,10,Daytime,30,NO CONTROLS,CLEAR,DAYLIGHT,SIDESWIPE SAME DIRECTION,DIVIDED - W/MEDIAN (NOT RAISED),DRY,NO INJURY / DRIVE AWAY,,,"$501 - $1,500",IMPROPER LANE USAGE,2,NO INDICATION OF INJURY,0,0,41.8832613021,-87.6372313091,60606,"CHICAGO MIDWAY AIRPORT, IL US",77.0,56.0,48.0,0.0,10.0,6.0
crash_00761,2024-05-02 11:45:00,2024,5,May,Thu,11,Daytime,30,TRAFFIC SIGNAL,UNKNOWN,UNKNOWN,TURNING,FOUR WAY,UNKNOWN,INJURY AND / OR TOW DUE TO CRASH,true,,"OVER $1,500",UNABLE TO DETERMINE,2,"REPORTED, NOT EVIDENT",1,0,41.9456601744,-87.7766224177,60634,"CHICAGO OHARE INTERNATIONAL AIRPORT, IL US",73.0,49.0,43.0,0.0,10.0,13.0
crash_00762,2023-10-03 14:00:00,2023,10,Oct,Tue,14,Daytime,20,NO CONTROLS,CLEAR,DAYLIGHT,PARKED MOTOR VEHICLE,ONE-WAY,DRY,NO INJURY / DRIVE AWAY,,true,"$501 - $1,500",UNABLE TO DETERMINE,2,NO INDICATION OF INJURY,0,0,41.8019015504,-87.6889954642,60632,"CHICAGO MIDWAY AIRPORT, IL US",85.0,53.0,33.0,0.0,10.0,13.0
crash_00763,2023-08-09 19:18:00,2023,8,Aug,Wed,19,Night or early morning,35,NO CONTROLS,CLEAR,"DARKNESS, LIGHTED ROAD",SIDESWIPE OPPOSITE DIRECTION,NOT DIVIDED,DRY,NO INJURY / DRIVE AWAY,,true,"$501 - $1,500",UNABLE TO DETERMINE,2,NO INDICATION OF INJURY,0,0,41.9284288294,-87.7833165974,60639,"CHICAGO OHARE INTERNATIONAL AIRPORT, IL US",77.0,65.0,66.0,0.0,10.0,6.0
crash_00764,2025-02-12 15:00:00,2025,2,Feb,Wed,15,Evening commute,30,NO CONTROLS,SNOW,DAYLIGHT,REAR END,NOT DIVIDED,SNOW OR SLUSH,NO INJURY / DRIVE AWAY,,,"OVER $1,500",WEATHER,2,NO INDICATION OF INJURY,0,0,41.721100954,-87.6784862506,60620,"CHICAGO MIDWAY AIRPORT, IL US",28.0,24.0,85.0,0.01,0.75,13.0
crash_00765,2025-03-18 16:30:00,2025,3,Mar,Tue,16,Evening commute,30,NO CONTROLS,UNKNOWN,DAYLIGHT,REAR END,NOT DIVIDED,DRY,NO INJURY / DRIVE AWAY,,,"OVER $1,500",FOLLOWING TOO CLOSELY,2,NO INDICATION OF INJURY,0,0,41.7238602893,-87.6043647208,60619,"CHICAGO MIDWAY AIRPORT, IL US",73.0,43.0,34.0,0.0,10.0,14.0
crash_00766,2019-06-14 08:11:00,2019,6,Jun,Fri,8,Morning commute,35,TRAFFIC SIGNAL,CLEAR,DAYLIGHT,REAR END,DIVIDED - W/MEDIAN BARRIER,DRY,NO INJURY / DRIVE AWAY,true,,"OVER $1,500",UNABLE TO DETERMINE,3,NO INDICATION OF INJURY,0,0,41.9813839746,-87.6929494035,60625,"CHICAGO OHARE INTERNATIONAL AIRPORT, IL US",62.0,44.0,52.0,0.0,10.0,10.0
crash_00767,2023-11-19 01:55:00,2023,11,Nov,Sun,1,Night or early morning,30,STOP SIGN/FLASHER,CLEAR,"DARKNESS, LIGHTED ROAD",ANGLE,FOUR WAY,DRY,INJURY AND / OR TOW DUE TO CRASH,,true,"$501 - $1,500",FAILING TO YIELD RIGHT-OF-WAY,2,NO INDICATION OF INJURY,0,0,41.8755836623,-87.7452352582,60644,"CHICAGO MIDWAY AIRPORT, IL US",41.0,26.0,55.0,0.0,10.0,0.0
crash_00768,2024-11-09 12:35:00,2024,11,Nov,Sat,12,Daytime,30,NO CONTROLS,CLEAR,DAYLIGHT,TURNING,FOUR WAY,DRY,NO INJURY / DRIVE AWAY,true,,"$501 - $1,500",FAILING TO YIELD RIGHT-OF-WAY,2,NO INDICATION OF INJURY,0,0,41.9378504769,-87.8269672046,60634,"CHICAGO OHARE INTERNATIONAL AIRPORT, IL US",55.0,42.0,62.0,0.0,10.0,9.0
crash_00769,2023-05-09 11:30:00,2023,5,May,Tue,11,Daytime,30,NO CONTROLS,UNKNOWN,UNKNOWN,REAR TO FRONT,ONE-WAY,UNKNOWN,NO INJURY / DRIVE AWAY,,true,"OVER $1,500",UNABLE TO DETERMINE,2,NO INDICATION OF INJURY,0,0,41.7296991732,-87.6615230006,60620,"CHICAGO MIDWAY AIRPORT, IL US",64.0,47.0,54.0,0.0,10.0,6.0
crash_00770,2021-03-20 13:17:00,2021,3,Mar,Sat,13,Daytime,30,TRAFFIC SIGNAL,CLEAR,DAYLIGHT,REAR END,FOUR WAY,DRY,NO INJURY / DRIVE AWAY,true,true,$500 OR LESS,FOLLOWING TOO CLOSELY,2,NO INDICATION OF INJURY,0,0,41.8865993248,-87.7015098503,60612,"CHICAGO MIDWAY AIRPORT, IL US",53.0,21.0,28.0,0.0,10.0,10.0
crash_00771,2018-01-11 13:19:00,2018,1,Jan,Thu,13,Daytime,30,NO CONTROLS,RAIN,DAYLIGHT,PARKED MOTOR VEHICLE,NOT DIVIDED,WET,INJURY AND / OR TOW DUE TO CRASH,,,"OVER $1,500",EQUIPMENT - VEHICLE CONDITION,5,NO INDICATION OF INJURY,0,0,41.9158860891,-87.7266709562,60639,"CHICAGO MIDWAY AIRPORT, IL US",56.0,56.0,100.0,0.01,6.0,9.0
crash_00772,2024-10-17 11:30:00,2024,10,Oct,Thu,11,Daytime,30,NO CONTROLS,CLEAR,DAYLIGHT,SIDESWIPE SAME DIRECTION,NOT DIVIDED,DRY,NO INJURY / DRIVE AWAY,,,"OVER $1,500",IMPROPER LANE USAGE,2,NO INDICATION OF INJURY,0,0,,,,,,,,,,
crash_00773,2021-04-18 21:00:00,2021,4,Apr,Sun,21,Night or early morning,30,TRAFFIC SIGNAL,CLEAR,"DARKNESS, LIGHTED ROAD",REAR END,NOT DIVIDED,DRY,NO INJURY / DRIVE AWAY,true,,"$501 - $1,500",FOLLOWING TOO CLOSELY,2,NO INDICATION OF INJURY,0,0,41.9470238302,-87.6638670747,60657,"CHICAGO MIDWAY AIRPORT, IL US",58.0,27.0,31.0,0.0,10.0,15.0
crash_00774,2025-05-31 17:00:00,2025,5,May,Sat,17,Evening commute,30,NO CONTROLS,CLEAR,DAYLIGHT,PARKED MOTOR VEHICLE,ONE-WAY,DRY,NO INJURY / DRIVE AWAY,,true,"OVER $1,500",UNABLE TO DETERMINE,2,NO INDICATION OF INJURY,0,0,41.9425667449,-87.748416678,60641,"CHICAGO OHARE INTERNATIONAL AIRPORT, IL US",62.0,31.0,31.0,0.0,10.0,17.0
crash_00775,2025-09-05 10:40:00,2025,9,Sep,Fri,10,Daytime,30,NO CONTROLS,CLEAR,DAYLIGHT,TURNING,DIVIDED - W/MEDIAN BARRIER,DRY,INJURY AND / OR TOW DUE TO CRASH,,true,"OVER $1,500",FAILING TO YIELD RIGHT-OF-WAY,2,"REPORTED, NOT EVIDENT",1,0,41.9958532536,-87.6703466224,60660,,,,,,,
crash_00776,2018-07-04 17:50:00,2018,7,Jul,Wed,17,Evening commute,30,STOP SIGN/FLASHER,CLEAR,DAYLIGHT,TURNING,NOT DIVIDED,DRY,NO INJURY / DRIVE AWAY,true,,"OVER $1,500",DISREGARDING STOP SIGN,2,NO INDICATION OF INJURY,0,0,41.7026582645,-87.5390595069,60617,"CHICAGO MIDWAY AIRPORT, IL US",89.0,76.0,65.0,0.0,10.0,10.0
crash_00777,2021-12-11 00:00:00,2021,12,Dec,Sat,0,Night or early morning,35,NO CONTROLS,RAIN,"DARKNESS, LIGHTED ROAD",PARKED MOTOR VEHICLE,ONE-WAY,WET,NO INJURY / DRIVE AWAY,,true,"OVER $1,500",IMPROPER OVERTAKING/PASSING,2,NO INDICATION OF INJURY,0,0,41.7344357702,-87.6242633782,60620,"CHICAGO MIDWAY AIRPORT, IL US",58.0,51.0,78.0,0.0,10.0,13.0
crash_00778,2020-10-03 16:30:00,2020,10,Oct,Sat,16,Evening commute,30,NO CONTROLS,CLEAR,DAYLIGHT,SIDESWIPE SAME DIRECTION,DIVIDED - W/MEDIAN (NOT RAISED),DRY,NO INJURY / DRIVE AWAY,,true,"OVER $1,500",IMPROPER LANE USAGE,2,NO INDICATION OF INJURY,0,0,41.7176042889,-87.6818182342,60643,"CHICAGO MIDWAY AIRPORT, IL US",53.0,40.0,61.0,0.0,10.0,9.0
crash_00779,2022-06-09 09:14:00,2022,6,Jun,Thu,9,Morning commute,10,NO CONTROLS,CLEAR,DAYLIGHT,PARKED MOTOR VEHICLE,PARKING LOT,DRY,NO INJURY / DRIVE AWAY,,true,"OVER $1,500",IMPROPER BACKING,2,NO INDICATION OF INJURY,0,0,41.8596296773,-87.6301248993,60616,"CHICAGO MIDWAY AIRPORT, IL US",64.0,54.0,70.0,0.0,10.0,10.0
crash_00780,2023-09-17 13:50:00,2023,9,Sep,Sun,13,Daytime,30,NO CONTROLS,CLEAR,DAYLIGHT,TURNING,DIVIDED - W/MEDIAN (NOT RAISED),DRY,INJURY AND / OR TOW DUE TO CRASH,true,true,"OVER $1,500",IMPROPER LANE USAGE,2,NO INDICATION OF INJURY,0,0,41.9180272808,-87.6691112719,60614,"CHICAGO MIDWAY AIRPORT, IL US",68.0,55.0,63.0,0.0,10.0,15.0