crash_id,crash_datetime,crash_year,crash_month,crash_month_name,crash_weekday_name,crash_hour,time_period,posted_speed_limit_mph,traffic_control_device,reported_weather_condition,reported_lighting_condition,first_crash_type,trafficway_type,reported_road_surface_condition,crash_type,intersection_related,hit_and_run,estimated_damage,primary_contributory_cause,unit_count,most_severe_injury,injuries_total,injuries_fatal,latitude,longitude,zip5,weather_station_name,temperature_f,dew_point_f,relative_humidity_percent,precipitation_inches,visibility_miles,wind_speed_mph
crash_00781,2025-10-12 14:20:00,2025,10,Oct,Sun,14,Daytime,25,NO CONTROLS,CLEAR,DAYLIGHT,PARKED MOTOR VEHICLE,NOT DIVIDED,DRY,NO INJURY / DRIVE AWAY,,,"OVER $1,500",UNABLE TO DETERMINE,2,NO INDICATION OF INJURY,0,0,41.8646882211,-87.6457432676,60607,,,,,,,
crash_00782,2018-04-11 13:30:00,2018,4,Apr,Wed,13,Daytime,30,NO CONTROLS,CLEAR,DAYLIGHT,TURNING,DIVIDED - W/MEDIAN (NOT RAISED),DRY,INJURY AND / OR TOW DUE TO CRASH,,,"OVER $1,500",FAILING TO YIELD RIGHT-OF-WAY,2,"REPORTED, NOT EVIDENT",1,0,41.843133975,-87.7243721609,60623,"CHICAGO MIDWAY AIRPORT, IL US",63.0,37.0,38.0,0.0,10.0,6.0
crash_00783,2022-08-26 21:08:00,2022,8,Aug,Fri,21,Night or early morning,30,NO CONTROLS,CLEAR,DAWN,SIDESWIPE SAME DIRECTION,NOT DIVIDED,DRY,INJURY AND / OR TOW DUE TO CRASH,,,"OVER $1,500",IMPROPER OVERTAKING/PASSING,2,NO INDICATION OF INJURY,0,0,41.8568719514,-87.6317176947,60616,"CHICAGO MIDWAY AIRPORT, IL US",71.0,59.0,66.0,,10.0,6.0
crash_00784,2022-09-24 17:46:00,2022,9,Sep,Sat,17,Evening commute,10,NO CONTROLS,CLEAR,DAYLIGHT,FIXED OBJECT,RAMP,DRY,NO INJURY / DRIVE AWAY,,,$500 OR LESS,DRIVING SKILLS/KNOWLEDGE/EXPERIENCE,1,NO INDICATION OF INJURY,0,0,41.889333215,-87.6302824722,60654,"CHICAGO MIDWAY AIRPORT, IL US",73.0,55.0,53.0,0.0,10.0,10.0
crash_00785,2020-08-30 10:00:00,2020,8,Aug,Sun,10,Daytime,30,NO CONTROLS,CLEAR,DAYLIGHT,PARKED MOTOR VEHICLE,NOT DIVIDED,DRY,NO INJURY / DRIVE AWAY,,true,"$501 - $1,500",UNABLE TO DETERMINE,2,NO INDICATION OF INJURY,0,0,41.8907868621,-87.6459688196,60654,"CHICAGO MIDWAY AIRPORT, IL US",73.0,54.0,51.0,0.0,10.0,6.0
crash_00786,2018-03-09 11:00:00,2018,3,Mar,Fri,11,Daytime,35,TRAFFIC SIGNAL,CLEAR,DAYLIGHT,SIDESWIPE SAME DIRECTION,ONE-WAY,DRY,NO INJURY / DRIVE AWAY,true,,"OVER $1,500",IMPROPER OVERTAKING/PASSING,2,NO INDICATION OF INJURY,0,0,41.8932995441,-87.6240646968,60611,"CHICAGO MIDWAY AIRPORT, IL US",35.0,14.0,42.0,0.0,10.0,10.0
crash_00787,2024-09-12 09:55:00,2024,9,Sep,Thu,9,Morning commute,30,NO CONTROLS,CLEAR,DAYLIGHT,TURNING,DIVIDED - W/MEDIAN (NOT RAISED),DRY,NO INJURY / DRIVE AWAY,,,"OVER $1,500",IMPROPER OVERTAKING/PASSING,2,NO INDICATION OF INJURY,0,0,41.7510496442,-87.6827273504,60620,"CHICAGO MIDWAY AIRPORT, IL US",78.0,59.0,52.0,0.0,10.0,6.0
crash_00788,2023-06-17 18:30:00,2023,6,Jun,Sat,18,Evening commute,30,NO CONTROLS,CLEAR,DAYLIGHT,SIDESWIPE SAME DIRECTION,NOT DIVIDED,DRY,NO INJURY / DRIVE AWAY,,,"OVER $1,500",IMPROPER OVERTAKING/PASSING,2,NO INDICATION OF INJURY,0,0,41.9829885184,-87.7915383035,60631,"CHICAGO OHARE INTERNATIONAL AIRPORT, IL US",75.0,47.0,37.0,0.0,9.0,11.0
crash_00789,2022-09-11 08:40:00,2022,9,Sep,Sun,8,Morning commute,25,DELINEATORS,RAIN,DAYLIGHT,SIDESWIPE SAME DIRECTION,DIVIDED - W/MEDIAN BARRIER,WET,INJURY AND / OR TOW DUE TO CRASH,,,"OVER $1,500",WEATHER,2,NO INDICATION OF INJURY,0,0,41.8993222788,-87.6187384331,60611,"CHICAGO MIDWAY AIRPORT, IL US",72.0,66.0,83.0,,10.0,5.0
crash_00790,2021-08-01 19:40:00,2021,8,Aug,Sun,19,Night or early morning,20,NO CONTROLS,CLEAR,DAYLIGHT,PARKED MOTOR VEHICLE,ONE-WAY,DRY,NO INJURY / DRIVE AWAY,,,$500 OR LESS,UNABLE TO DETERMINE,2,NO INDICATION OF INJURY,0,0,41.945282102,-87.6556579746,60657,"CHICAGO MIDWAY AIRPORT, IL US",70.0,54.0,57.0,0.0,10.0,13.0
crash_00791,2018-01-31 15:30:00,2018,1,Jan,Wed,15,Evening commute,35,TRAFFIC SIGNAL,CLEAR,DAYLIGHT,REAR END,DIVIDED - W/MEDIAN BARRIER,DRY,NO INJURY / DRIVE AWAY,,,"$501 - $1,500",DISTRACTION - FROM INSIDE VEHICLE,2,NO INDICATION OF INJURY,0,0,41.7518453078,-87.5861482354,60619,"CHICAGO MIDWAY AIRPORT, IL US",42.0,28.0,58.0,0.0,10.0,9.0
crash_00792,2020-05-28 22:33:00,2020,5,May,Thu,22,Night or early morning,30,TRAFFIC SIGNAL,CLEAR,"DARKNESS, LIGHTED ROAD",TURNING,FOUR WAY,WET,NO INJURY / DRIVE AWAY,true,true,"OVER $1,500",UNABLE TO DETERMINE,2,NO INDICATION OF INJURY,0,0,41.6850262563,-87.642297367,60643,"CHICAGO MIDWAY AIRPORT, IL US",67.0,63.0,87.0,0.0,10.0,6.0
crash_00793,2019-08-16 19:00:00,2019,8,Aug,Fri,19,Night or early morning,30,STOP SIGN/FLASHER,CLEAR,DAYLIGHT,REAR END,DIVIDED - W/MEDIAN (NOT RAISED),DRY,NO INJURY / DRIVE AWAY,true,,"OVER $1,500",UNABLE TO DETERMINE,2,NO INDICATION OF INJURY,0,0,41.9671394952,-87.669545974,60640,"CHICAGO MIDWAY AIRPORT, IL US",82.0,67.0,60.0,0.0,10.0,13.0
crash_00794,2025-06-04 17:03:00,2025,6,Jun,Wed,17,Evening commute,30,TRAFFIC SIGNAL,CLOUDY/OVERCAST,DAYLIGHT,SIDESWIPE SAME DIRECTION,FOUR WAY,UNKNOWN,NO INJURY / DRIVE AWAY,true,,"OVER $1,500",IMPROPER OVERTAKING/PASSING,2,NO INDICATION OF INJURY,0,0,41.9417472878,-87.6522986895,60657,"CHICAGO MIDWAY AIRPORT, IL US",63.0,56.0,78.0,0.0,9.0,11.0
crash_00795,2024-05-24 15:05:00,2024,5,May,Fri,15,Evening commute,30,NO CONTROLS,CLEAR,DAYLIGHT,PARKED MOTOR VEHICLE,NOT DIVIDED,DRY,NO INJURY / DRIVE AWAY,,,"$501 - $1,500",NOT APPLICABLE,2,NO INDICATION OF INJURY,0,0,41.8230595316,-87.6863796291,60632,"CHICAGO MIDWAY AIRPORT, IL US",70.0,59.0,68.0,0.0,10.0,16.0
crash_00796,2019-04-15 09:20:00,2019,4,Apr,Mon,9,Morning commute,25,NO CONTROLS,CLEAR,DAYLIGHT,ANGLE,OTHER,DRY,NO INJURY / DRIVE AWAY,,,"OVER $1,500",NOT APPLICABLE,2,NO INDICATION OF INJURY,0,0,41.9881618265,-87.6691095618,60660,"CHICAGO OHARE INTERNATIONAL AIRPORT, IL US",38.0,27.0,65.0,0.0,10.0,7.0
crash_00797,2024-09-10 19:34:00,2024,9,Sep,Tue,19,Night or early morning,30,TRAFFIC SIGNAL,CLEAR,"DARKNESS, LIGHTED ROAD",PEDESTRIAN,FOUR WAY,DRY,INJURY AND / OR TOW DUE TO CRASH,,true,$500 OR LESS,HAD BEEN DRINKING (USE WHEN ARREST IS NOT MADE),2,NONINCAPACITATING INJURY,1,0,41.8878387353,-87.7651836634,60644,"CHICAGO MIDWAY AIRPORT, IL US",77.0,46.0,33.0,0.0,10.0,6.0
crash_00798,2018-09-14 06:20:00,2018,9,Sep,Fri,6,Morning commute,30,TRAFFIC SIGNAL,CLEAR,DAYLIGHT,REAR END,NOT DIVIDED,DRY,NO INJURY / DRIVE AWAY,true,,"OVER $1,500",IMPROPER BACKING,2,NO INDICATION OF INJURY,0,0,41.8369674414,-87.7144455926,60623,"CHICAGO MIDWAY AIRPORT, IL US",62.0,60.0,93.0,0.0,10.0,0.0
crash_00799,2020-12-02 11:40:00,2020,12,Dec,Wed,11,Daytime,30,OTHER,CLEAR,DAYLIGHT,REAR END,DIVIDED - W/MEDIAN (NOT RAISED),DRY,INJURY AND / OR TOW DUE TO CRASH,,,"OVER $1,500",FOLLOWING TOO CLOSELY,3,NO INDICATION OF INJURY,0,0,41.8091150983,-87.6379685439,60609,"CHICAGO MIDWAY AIRPORT, IL US",42.0,17.0,36.0,0.0,10.0,7.0
crash_00800,2024-07-30 19:17:00,2024,7,Jul,Tue,19,Night or early morning,30,NO CONTROLS,CLEAR,DAYLIGHT,PARKED MOTOR VEHICLE,FOUR WAY,DRY,INJURY AND / OR TOW DUE TO CRASH,,true,"OVER $1,500",FAILING TO REDUCE SPEED TO AVOID CRASH,2,"REPORTED, NOT EVIDENT",1,0,41.8132786072,-87.6068951044,60653,"CHICAGO MIDWAY AIRPORT, IL US",87.0,69.0,55.0,0.0,10.0,7.0
crash_00801,2022-01-22 12:00:00,2022,1,Jan,Sat,12,Daytime,10,NO CONTROLS,CLEAR,DAYLIGHT,SIDESWIPE SAME DIRECTION,PARKING LOT,DRY,NO INJURY / DRIVE AWAY,,,"$501 - $1,500",UNABLE TO DETERMINE,2,NO INDICATION OF INJURY,0,0,41.7561333014,-87.5978554655,60619,"CHICAGO MIDWAY AIRPORT, IL US",30.0,15.0,54.0,0.0,10.0,18.0
crash_00802,2022-11-23 09:50:00,2022,11,Nov,Wed,9,Morning commute,30,NO CONTROLS,CLEAR,DAYLIGHT,FIXED OBJECT,NOT DIVIDED,DRY,INJURY AND / OR TOW DUE TO CRASH,,true,"OVER $1,500","OPERATING VEHICLE IN ERRATIC, RECKLESS, CARELESS, NEGLIGENT OR AGGRESSIVE MANNER",1,NO INDICATION OF INJURY,0,0,41.7938699482,-87.6900865451,60632,"CHICAGO MIDWAY AIRPORT, IL US",47.0,34.0,61.0,0.0,10.0,8.0
crash_00803,2018-05-01 16:47:00,2018,5,May,Tue,16,Evening commute,15,NO CONTROLS,CLEAR,DAYLIGHT,FIXED OBJECT,ALLEY,DRY,INJURY AND / OR TOW DUE TO CRASH,,,"OVER $1,500","OPERATING VEHICLE IN ERRATIC, RECKLESS, CARELESS, NEGLIGENT OR AGGRESSIVE MANNER",1,NO INDICATION OF INJURY,0,0,41.8795403053,-87.7350141096,60624,"CHICAGO MIDWAY AIRPORT, IL US",84.0,44.0,25.0,0.0,10.0,23.0
crash_00804,2021-10-25 06:30:00,2021,10,Oct,Mon,6,Morning commute,20,NO CONTROLS,RAIN,"DARKNESS, LIGHTED ROAD",PARKED MOTOR VEHICLE,NOT DIVIDED,WET,NO INJURY / DRIVE AWAY,,true,"OVER $1,500",UNABLE TO DETERMINE,2,NO INDICATION OF INJURY,0,0,41.9405604537,-87.7384590227,60641,"CHICAGO OHARE INTERNATIONAL AIRPORT, IL US",49.0,46.0,90.0,0.15,5.0,21.0
crash_00805,2024-09-05 16:30:00,2024,9,Sep,Thu,16,Evening commute,30,TRAFFIC SIGNAL,CLEAR,DAYLIGHT,REAR END,NOT DIVIDED,UNKNOWN,NO INJURY / DRIVE AWAY,,true,"$501 - $1,500",FOLLOWING TOO CLOSELY,2,NO INDICATION OF INJURY,0,0,41.9994611496,-87.8066271852,60631,"CHICAGO OHARE INTERNATIONAL AIRPORT, IL US",86.0,59.0,40.0,0.0,10.0,10.0
crash_00806,2024-09-12 09:00:00,2024,9,Sep,Thu,9,Morning commute,30,NO CONTROLS,CLEAR,DAYLIGHT,REAR TO FRONT,ONE-WAY,DRY,NO INJURY / DRIVE AWAY,,,$500 OR LESS,IMPROPER BACKING,2,NO INDICATION OF INJURY,0,0,41.8951227946,-87.6207492684,60611,"CHICAGO MIDWAY AIRPORT, IL US",74.0,56.0,54.0,0.0,10.0,3.0
crash_00807,2020-02-22 14:39:00,2020,2,Feb,Sat,14,Daytime,30,NO CONTROLS,CLEAR,DAYLIGHT,SIDESWIPE SAME DIRECTION,DIVIDED - W/MEDIAN (NOT RAISED),DRY,NO INJURY / DRIVE AWAY,,,"$501 - $1,500",IMPROPER OVERTAKING/PASSING,2,NO INDICATION OF INJURY,0,0,41.8676073125,-87.6390555352,60607,"CHICAGO MIDWAY AIRPORT, IL US",50.0,26.0,39.0,0.0,10.0,18.0
crash_00808,2018-08-27 23:30:00,2018,8,Aug,Mon,23,Night or early morning,30,TRAFFIC SIGNAL,CLEAR,UNKNOWN,PEDESTRIAN,UNKNOWN,UNKNOWN,INJURY AND / OR TOW DUE TO CRASH,true,true,"$501 - $1,500",UNABLE TO DETERMINE,2,NONINCAPACITATING INJURY,1,0,41.7691039752,-87.6250922828,60621,"CHICAGO MIDWAY AIRPORT, IL US",83.0,72.0,70.0,0.0,10.0,16.0
crash_00809,2020-01-31 15:20:00,2020,1,Jan,Fri,15,Evening commute,30,TRAFFIC SIGNAL,CLEAR,DAYLIGHT,SIDESWIPE SAME DIRECTION,NOT DIVIDED,DRY,INJURY AND / OR TOW DUE TO CRASH,,,"OVER $1,500",UNABLE TO DETERMINE,2,NONINCAPACITATING INJURY,1,0,41.8134840353,-87.7043331067,60632,"CHICAGO MIDWAY AIRPORT, IL US",36.0,30.0,79.0,0.0,9.0,6.0
crash_00810,2025-07-15 16:21:00,2025,7,Jul,Tue,16,Evening commute,30,NO CONTROLS,CLEAR,DAYLIGHT,REAR END,NOT DIVIDED,DRY,NO INJURY / DRIVE AWAY,,,"OVER $1,500",FOLLOWING TOO CLOSELY,3,NO INDICATION OF INJURY,0,0,41.9756639808,-87.704980941,60625,"CHICAGO OHARE INTERNATIONAL AIRPORT, IL US",90.0,68.0,48.0,0.0,10.0,8.0
crash_00811,2024-07-30 13:39:00,2024,7,Jul,Tue,13,Daytime,30,TRAFFIC SIGNAL,CLEAR,DAYLIGHT,ANGLE,FOUR WAY,DRY,NO INJURY / DRIVE AWAY,true,,"OVER $1,500",FAILING TO YIELD RIGHT-OF-WAY,2,NO INDICATION OF INJURY,0,0,41.758429276,-87.6200097639,60619,"CHICAGO MIDWAY AIRPORT, IL US",90.0,65.0,44.0,0.0,10.0,9.0
crash_00812,2021-06-24 20:26:00,2021,6,Jun,Thu,20,Night or early morning,25,NO CONTROLS,CLOUDY/OVERCAST,DUSK,FIXED OBJECT,DIVIDED - W/MEDIAN BARRIER,WET,INJURY AND / OR TOW DUE TO CRASH,,,"OVER $1,500",EQUIPMENT - VEHICLE CONDITION,1,NO INDICATION OF INJURY,0,0,41.9009589191,-87.6199281737,60611,"CHICAGO MIDWAY AIRPORT, IL US",72.0,66.0,82.0,0.0,8.0,8.0
crash_00813,2025-10-08 15:30:00,2025,10,Oct,Wed,15,Evening commute,30,TRAFFIC SIGNAL,CLEAR,DAYLIGHT,SIDESWIPE SAME DIRECTION,NOT DIVIDED,DRY,NO INJURY / DRIVE AWAY,,,"OVER $1,500",FAILING TO YIELD RIGHT-OF-WAY,2,NO INDICATION OF INJURY,0,0,41.9608175604,-87.7296581411,60641,,,,,,,
crash_00814,2024-02-01 19:50:00,2024,2,Feb,Thu,19,Night or early morning,35,NO CONTROLS,CLEAR,"DARKNESS, LIGHTED ROAD",PEDALCYCLIST,NOT DIVIDED,UNKNOWN,INJURY AND / OR TOW DUE TO CRASH,,true,"OVER $1,500",NOT APPLICABLE,2,INCAPACITATING INJURY,1,0,41.9885365428,-87.6600725608,60660,"CHICAGO OHARE INTERNATIONAL AIRPORT, IL US",39.0,35.0,86.0,0.0,10.0,16.0
crash_00815,2020-07-08 14:15:00,2020,7,Jul,Wed,14,Daytime,30,NO CONTROLS,CLEAR,DAYLIGHT,PARKED MOTOR VEHICLE,PARKING LOT,DRY,NO INJURY / DRIVE AWAY,,true,"OVER $1,500",DRIVING SKILLS/KNOWLEDGE/EXPERIENCE,2,NO INDICATION OF INJURY,0,0,41.7953009591,-87.5881970893,60615,"CHICAGO MIDWAY AIRPORT, IL US",85.0,70.0,61.0,,10.0,7.0
crash_00816,2025-04-21 02:38:00,2025,4,Apr,Mon,2,Night or early morning,30,UNKNOWN,CLEAR,"DARKNESS, LIGHTED ROAD",REAR END,NOT DIVIDED,UNKNOWN,NO INJURY / DRIVE AWAY,,,"OVER $1,500",UNABLE TO DETERMINE,2,NO INDICATION OF INJURY,0,0,41.892464033,-87.6312948859,60654,"CHICAGO MIDWAY AIRPORT, IL US",64.0,56.0,75.0,0.0,10.0,24.0
crash_00817,2025-01-13 14:00:00,2025,1,Jan,Mon,14,Daytime,30,OTHER,UNKNOWN,DAYLIGHT,ANGLE,NOT DIVIDED,UNKNOWN,NO INJURY / DRIVE AWAY,,,"OVER $1,500",UNABLE TO DETERMINE,2,NO INDICATION OF INJURY,0,0,41.7664234931,-87.6834375585,60629,"CHICAGO MIDWAY AIRPORT, IL US",19.0,4.0,51.0,0.0,10.0,15.0
crash_00818,2024-11-23 18:30:00,2024,11,Nov,Sat,18,Evening commute,20,NO CONTROLS,CLEAR,"DARKNESS, LIGHTED ROAD",REAR END,ONE-WAY,DRY,NO INJURY / DRIVE AWAY,,true,"OVER $1,500",IMPROPER LANE USAGE,4,NO INDICATION OF INJURY,0,0,41.8816833289,-87.7503678456,60644,"CHICAGO MIDWAY AIRPORT, IL US",41.0,34.0,76.0,0.0,10.0,9.0
crash_00819,2021-09-22 19:30:00,2021,9,Sep,Wed,19,Night or early morning,30,NO CONTROLS,CLEAR,DAYLIGHT,PARKED MOTOR VEHICLE,NOT DIVIDED,DRY,NO INJURY / DRIVE AWAY,,true,"$501 - $1,500",UNABLE TO DETERMINE,2,NO INDICATION OF INJURY,0,0,41.9125103322,-87.7151523837,60647,"CHICAGO MIDWAY AIRPORT, IL US",60.0,44.0,56.0,0.0,10.0,15.0
crash_00820,2019-08-14 15:00:00,2019,8,Aug,Wed,15,Evening commute,30,NO CONTROLS,CLEAR,DAYLIGHT,OTHER NONCOLLISION,OTHER,DRY,NO INJURY / DRIVE AWAY,,,"$501 - $1,500",ROAD ENGINEERING/SURFACE/MARKING DEFECTS,1,NO INDICATION OF INJURY,0,0,41.9283223635,-87.6879094416,60647,"CHICAGO MIDWAY AIRPORT, IL US",79.0,66.0,65.0,0.0,10.0,11.0
crash_00821,2025-05-28 16:55:00,2025,5,May,Wed,16,Evening commute,30,NO CONTROLS,CLEAR,DAYLIGHT,REAR END,NOT DIVIDED,DRY,INJURY AND / OR TOW DUE TO CRASH,,,"OVER $1,500",FAILING TO REDUCE SPEED TO AVOID CRASH,2,"REPORTED, NOT EVIDENT",1,0,41.8853546365,-87.7257555436,60624,"CHICAGO MIDWAY AIRPORT, IL US",61.0,50.0,67.0,0.0,10.0,6.0
crash_00822,2024-10-26 02:55:00,2024,10,Oct,Sat,2,Night or early morning,25,TRAFFIC SIGNAL,CLEAR,"DARKNESS, LIGHTED ROAD",ANGLE,NOT DIVIDED,DRY,INJURY AND / OR TOW DUE TO CRASH,true,,"$501 - $1,500",FAILING TO YIELD RIGHT-OF-WAY,2,"REPORTED, NOT EVIDENT",1,0,41.8845205564,-87.6280582821,60601,"CHICAGO MIDWAY AIRPORT, IL US",46.0,35.0,66.0,0.0,10.0,5.0
crash_00823,2022-12-27 13:00:00,2022,12,Dec,Tue,13,Daytime,30,NO CONTROLS,CLEAR,DAYLIGHT,PARKED MOTOR VEHICLE,NOT DIVIDED,DRY,NO INJURY / DRIVE AWAY,,true,"OVER $1,500",NOT APPLICABLE,2,NO INDICATION OF INJURY,0,0,41.8930053602,-87.7667487805,60644,"CHICAGO MIDWAY AIRPORT, IL US",21.0,10.0,62.0,0.0,10.0,15.0
crash_00824,2020-09-06 03:00:00,2020,9,Sep,Sun,3,Night or early morning,30,NO CONTROLS,RAIN,"DARKNESS, LIGHTED ROAD",PARKED MOTOR VEHICLE,DIVIDED - W/MEDIAN (NOT RAISED),WET,NO INJURY / DRIVE AWAY,,true,"OVER $1,500",UNABLE TO DETERMINE,2,NO INDICATION OF INJURY,0,0,41.9024288536,-87.7752291303,60651,"CHICAGO MIDWAY AIRPORT, IL US",66.0,49.0,54.0,0.0,10.0,8.0
crash_00825,2021-10-19 08:40:00,2021,10,Oct,Tue,8,Morning commute,30,NO CONTROLS,CLEAR,DAYLIGHT,PEDALCYCLIST,NOT DIVIDED,DRY,INJURY AND / OR TOW DUE TO CRASH,true,,"OVER $1,500",UNABLE TO DETERMINE,2,NONINCAPACITATING INJURY,1,0,41.8973749771,-87.6343788615,60610,"CHICAGO MIDWAY AIRPORT, IL US",57.0,44.0,62.0,0.0,10.0,7.0
crash_00826,2019-02-26 12:30:00,2019,2,Feb,Tue,12,Daytime,25,NO CONTROLS,CLEAR,DAYLIGHT,REAR END,DIVIDED - W/MEDIAN (NOT RAISED),DRY,NO INJURY / DRIVE AWAY,,,"$501 - $1,500",DRIVING SKILLS/KNOWLEDGE/EXPERIENCE,2,NO INDICATION OF INJURY,0,0,41.7495287343,-87.663271885,60620,"CHICAGO MIDWAY AIRPORT, IL US",24.0,13.0,62.0,0.0,10.0,13.0
crash_00827,2024-07-06 08:35:00,2024,7,Jul,Sat,8,Morning commute,30,NO CONTROLS,CLEAR,DAYLIGHT,TURNING,DIVIDED - W/MEDIAN (NOT RAISED),DRY,INJURY AND / OR TOW DUE TO CRASH,,,"OVER $1,500","VISION OBSCURED (SIGNS, TREE LIMBS, BUILDINGS, ETC.)",2,NO INDICATION OF INJURY,0,0,41.964115828,-87.7130854709,60625,"CHICAGO OHARE INTERNATIONAL AIRPORT, IL US",73.0,61.0,66.0,,10.0,7.0
crash_00828,2024-06-24 15:30:00,2024,6,Jun,Mon,15,Evening commute,30,NO CONTROLS,CLEAR,DAYLIGHT,PARKED MOTOR VEHICLE,NOT DIVIDED,DRY,NO INJURY / DRIVE AWAY,,,$500 OR LESS,UNABLE TO DETERMINE,2,NO INDICATION OF INJURY,0,0,41.8622732257,-87.6927031911,60608,"CHICAGO MIDWAY AIRPORT, IL US",84.0,61.0,46.0,0.0,10.0,11.0
crash_00829,2025-01-31 10:20:00,2025,1,Jan,Fri,10,Daytime,30,STOP SIGN/FLASHER,RAIN,DAYLIGHT,ANGLE,T-INTERSECTION,WET,NO INJURY / DRIVE AWAY,true,,"$501 - $1,500",FAILING TO YIELD RIGHT-OF-WAY,2,NO INDICATION OF INJURY,0,0,41.9436609963,-87.645183607,60657,"CHICAGO MIDWAY AIRPORT, IL US",40.0,37.0,89.0,0.25,2.0,11.0
crash_00830,2018-10-27 03:56:00,2018,10,Oct,Sat,3,Night or early morning,30,TRAFFIC SIGNAL,CLEAR,"DARKNESS, LIGHTED ROAD",ANGLE,DIVIDED - W/MEDIAN (NOT RAISED),DRY,INJURY AND / OR TOW DUE TO CRASH,true,,"OVER $1,500","OPERATING VEHICLE IN ERRATIC, RECKLESS, CARELESS, NEGLIGENT OR AGGRESSIVE MANNER",2,NONINCAPACITATING INJURY,4,0,41.875499909,-87.6307582499,60605,"CHICAGO MIDWAY AIRPORT, IL US",47.0,40.0,77.0,0.0,10.0,0.0
crash_00831,2024-08-24 20:48:00,2024,8,Aug,Sat,20,Night or early morning,30,TRAFFIC SIGNAL,CLEAR,"DARKNESS, LIGHTED ROAD",TURNING,NOT DIVIDED,DRY,INJURY AND / OR TOW DUE TO CRASH,true,,"OVER $1,500",IMPROPER OVERTAKING/PASSING,2,INCAPACITATING INJURY,3,0,41.7858938956,-87.7228133505,60629,"CHICAGO MIDWAY AIRPORT, IL US",85.0,69.0,59.0,0.0,10.0,6.0
crash_00832,2024-02-10 22:00:00,2024,2,Feb,Sat,22,Night or early morning,30,NO CONTROLS,UNKNOWN,UNKNOWN,SIDESWIPE SAME DIRECTION,NOT DIVIDED,UNKNOWN,NO INJURY / DRIVE AWAY,,true,"$501 - $1,500",FAILING TO YIELD RIGHT-OF-WAY,2,NO INDICATION OF INJURY,0,0,41.9695523487,-87.6945718298,60625,"CHICAGO OHARE INTERNATIONAL AIRPORT, IL US",34.0,24.0,67.0,0.0,10.0,5.0
crash_00833,2019-07-07 14:55:00,2019,7,Jul,Sun,14,Daytime,30,NO CONTROLS,CLEAR,DAYLIGHT,PARKED MOTOR VEHICLE,ONE-WAY,DRY,NO INJURY / DRIVE AWAY,,,"OVER $1,500",IMPROPER OVERTAKING/PASSING,2,NO INDICATION OF INJURY,0,0,41.7179450632,-87.6469210472,60643,"CHICAGO MIDWAY AIRPORT, IL US",77.0,58.0,52.0,0.0,10.0,13.0
crash_00834,2023-11-13 17:50:00,2023,11,Nov,Mon,17,Evening commute,30,NO CONTROLS,CLEAR,DARKNESS,REAR END,NOT DIVIDED,DRY,NO INJURY / DRIVE AWAY,,true,"OVER $1,500",UNABLE TO DETERMINE,2,NO INDICATION OF INJURY,0,0,41.7941332202,-87.6646452632,60609,"CHICAGO MIDWAY AIRPORT, IL US",55.0,21.0,26.0,0.0,10.0,7.0
crash_00835,2025-05-19 06:15:00,2025,5,May,Mon,6,Morning commute,30,NO CONTROLS,CLEAR,DAWN,PARKED MOTOR VEHICLE,NOT DIVIDED,DRY,INJURY AND / OR TOW DUE TO CRASH,,,"OVER $1,500",UNABLE TO DETERMINE,3,NO INDICATION OF INJURY,0,0,41.9191129631,-87.7258715838,60647,"CHICAGO MIDWAY AIRPORT, IL US",46.0,39.0,77.0,0.0,10.0,11.0
crash_00836,2021-06-13 08:45:00,2021,6,Jun,Sun,8,Morning commute,30,STOP SIGN/FLASHER,CLEAR,DAYLIGHT,REAR END,DIVIDED - W/MEDIAN (NOT RAISED),DRY,INJURY AND / OR TOW DUE TO CRASH,false,,"OVER $1,500",FOLLOWING TOO CLOSELY,3,"REPORTED, NOT EVIDENT",1,0,41.9419209761,-87.6980475216,60618,"CHICAGO MIDWAY AIRPORT, IL US",78.0,60.0,54.0,0.0,10.0,7.0
crash_00837,2019-06-26 11:00:00,2019,6,Jun,Wed,11,Daytime,15,NO CONTROLS,CLEAR,DAYLIGHT,PARKED MOTOR VEHICLE,PARKING LOT,DRY,NO INJURY / DRIVE AWAY,,true,$500 OR LESS,UNABLE TO DETERMINE,2,NO INDICATION OF INJURY,0,0,41.7779956727,-87.6334580042,60621,"CHICAGO MIDWAY AIRPORT, IL US",83.0,61.0,48.0,0.0,10.0,6.0
crash_00838,2023-01-02 10:46:00,2023,1,Jan,Mon,10,Daytime,15,NO CONTROLS,CLEAR,DAYLIGHT,FIXED OBJECT,OTHER,DRY,NO INJURY / DRIVE AWAY,,,"$501 - $1,500",UNABLE TO DETERMINE,1,NO INDICATION OF INJURY,0,0,41.9170033829,-87.6874741389,60647,"CHICAGO MIDWAY AIRPORT, IL US",42.0,37.0,82.0,0.0,8.0,6.0
crash_00839,2021-02-06 22:00:00,2021,2,Feb,Sat,22,Night or early morning,30,NO CONTROLS,CLEAR,"DARKNESS, LIGHTED ROAD",PARKED MOTOR VEHICLE,NOT DIVIDED,SNOW OR SLUSH,NO INJURY / DRIVE AWAY,,true,"OVER $1,500",UNABLE TO DETERMINE,2,NO INDICATION OF INJURY,0,0,41.8857532368,-87.6487024332,60607,"CHICAGO MIDWAY AIRPORT, IL US",8.0,0.0,69.0,0.0,10.0,16.0