crash_id,crash_datetime,crash_year,crash_month,crash_month_name,crash_weekday_name,crash_hour,time_period,posted_speed_limit_mph,traffic_control_device,reported_weather_condition,reported_lighting_condition,first_crash_type,trafficway_type,reported_road_surface_condition,crash_type,intersection_related,hit_and_run,estimated_damage,primary_contributory_cause,unit_count,most_severe_injury,injuries_total,injuries_fatal,latitude,longitude,zip5,weather_station_name,temperature_f,dew_point_f,relative_humidity_percent,precipitation_inches,visibility_miles,wind_speed_mph
crash_00840,2019-05-19 01:00:00,2019,5,May,Sun,1,Night or early morning,30,NO CONTROLS,FREEZING RAIN/DRIZZLE,"DARKNESS, LIGHTED ROAD",PARKED MOTOR VEHICLE,DIVIDED - W/MEDIAN (NOT RAISED),WET,NO INJURY / DRIVE AWAY,,true,"$501 - $1,500",UNABLE TO DETERMINE,2,NO INDICATION OF INJURY,0,0,41.7514286091,-87.5830369308,60617,"CHICAGO MIDWAY AIRPORT, IL US",55.0,53.0,93.0,0.0,10.0,8.0
crash_00841,2018-07-20 07:55:00,2018,7,Jul,Fri,7,Morning commute,30,TRAFFIC SIGNAL,CLEAR,DAYLIGHT,SIDESWIPE SAME DIRECTION,ONE-WAY,DRY,NO INJURY / DRIVE AWAY,,true,"$501 - $1,500",IMPROPER OVERTAKING/PASSING,2,NO INDICATION OF INJURY,0,0,41.8820885468,-87.6306722285,60602,"CHICAGO MIDWAY AIRPORT, IL US",76.0,67.0,74.0,0.0,10.0,16.0
crash_00842,2021-03-29 19:20:00,2021,3,Mar,Mon,19,Night or early morning,30,TRAFFIC SIGNAL,CLEAR,DAYLIGHT,TURNING,NOT DIVIDED,DRY,INJURY AND / OR TOW DUE TO CRASH,true,true,"$501 - $1,500",UNABLE TO DETERMINE,3,NO INDICATION OF INJURY,0,0,41.890181522,-87.7062693659,60612,"CHICAGO MIDWAY AIRPORT, IL US",59.0,33.0,38.0,0.0,10.0,21.0
crash_00843,2023-04-07 21:40:00,2023,4,Apr,Fri,21,Night or early morning,30,TRAFFIC SIGNAL,UNKNOWN,UNKNOWN,REAR END,DIVIDED - W/MEDIAN (NOT RAISED),UNKNOWN,NO INJURY / DRIVE AWAY,,,"OVER $1,500","DISTRACTION - OTHER ELECTRONIC DEVICE (NAVIGATION DEVICE, DVD PLAYER, ETC.)",2,NO INDICATION OF INJURY,0,0,41.6761008029,-87.6419724287,60643,"CHICAGO MIDWAY AIRPORT, IL US",41.0,29.0,62.0,0.0,10.0,7.0
crash_00844,2021-09-09 18:15:00,2021,9,Sep,Thu,18,Evening commute,30,TRAFFIC SIGNAL,CLEAR,DAYLIGHT,PARKED MOTOR VEHICLE,NOT DIVIDED,DRY,INJURY AND / OR TOW DUE TO CRASH,,,"OVER $1,500",PHYSICAL CONDITION OF DRIVER,3,NONINCAPACITATING INJURY,1,0,41.9129206622,-87.7654008282,60639,"CHICAGO MIDWAY AIRPORT, IL US",73.0,48.0,41.0,0.0,10.0,9.0
crash_00845,2023-11-26 21:30:00,2023,11,Nov,Sun,21,Night or early morning,20,NO CONTROLS,SNOW,"DARKNESS, LIGHTED ROAD",PARKED MOTOR VEHICLE,ONE-WAY,WET,NO INJURY / DRIVE AWAY,,true,"$501 - $1,500",UNABLE TO DETERMINE,2,NO INDICATION OF INJURY,0,0,41.9997351349,-87.7010728782,60645,"CHICAGO OHARE INTERNATIONAL AIRPORT, IL US",29.0,23.0,78.0,,10.0,13.0
crash_00846,2025-05-28 06:02:00,2025,5,May,Wed,6,Morning commute,40,STOP SIGN/FLASHER,OTHER,DAWN,ANGLE,T-INTERSECTION,UNKNOWN,INJURY AND / OR TOW DUE TO CRASH,false,false,"OVER $1,500",DISREGARDING STOP SIGN,2,NO INDICATION OF INJURY,0,0,41.6634048339,-87.6177629528,60628,"CHICAGO MIDWAY AIRPORT, IL US",59.0,50.0,72.0,0.0,10.0,3.0
crash_00847,2020-01-06 15:37:00,2020,1,Jan,Mon,15,Evening commute,30,UNKNOWN,CLEAR,DAYLIGHT,SIDESWIPE SAME DIRECTION,DIVIDED - W/MEDIAN (NOT RAISED),DRY,NO INJURY / DRIVE AWAY,,,"OVER $1,500",UNABLE TO DETERMINE,2,NO INDICATION OF INJURY,0,0,41.7796097685,-87.6623935443,60636,"CHICAGO MIDWAY AIRPORT, IL US",40.0,20.0,45.0,0.0,10.0,10.0
crash_00848,2020-10-18 10:00:00,2020,10,Oct,Sun,10,Daytime,30,STOP SIGN/FLASHER,RAIN,DAYLIGHT,PARKED MOTOR VEHICLE,NOT DIVIDED,WET,INJURY AND / OR TOW DUE TO CRASH,false,true,"$501 - $1,500",WEATHER,4,NO INDICATION OF INJURY,0,0,41.7556669213,-87.66681818,60620,"CHICAGO MIDWAY AIRPORT, IL US",50.0,40.0,68.0,0.0,10.0,15.0
crash_00849,2024-05-02 22:15:00,2024,5,May,Thu,22,Night or early morning,20,NO CONTROLS,RAIN,"DARKNESS, LIGHTED ROAD",PARKED MOTOR VEHICLE,DIVIDED - W/MEDIAN (NOT RAISED),WET,INJURY AND / OR TOW DUE TO CRASH,,,"OVER $1,500",UNABLE TO DETERMINE,3,NO INDICATION OF INJURY,0,0,41.8382906086,-87.7242411582,60623,"CHICAGO MIDWAY AIRPORT, IL US",60.0,55.0,84.0,0.17,1.0,16.0
crash_00850,2023-04-29 12:00:00,2023,4,Apr,Sat,12,Daytime,35,OTHER WARNING SIGN,CLOUDY/OVERCAST,DAYLIGHT,SIDESWIPE SAME DIRECTION,DIVIDED - W/MEDIAN BARRIER,DRY,NO INJURY / DRIVE AWAY,,,"OVER $1,500",IMPROPER LANE USAGE,2,NO INDICATION OF INJURY,0,0,41.7353441671,-87.5655497374,60617,"CHICAGO MIDWAY AIRPORT, IL US",53.0,42.0,66.0,0.0,10.0,13.0
crash_00851,2018-09-27 13:00:00,2018,9,Sep,Thu,13,Daytime,30,NO CONTROLS,CLEAR,DAYLIGHT,FIXED OBJECT,PARKING LOT,DRY,NO INJURY / DRIVE AWAY,,,$500 OR LESS,IMPROPER LANE USAGE,1,NO INDICATION OF INJURY,0,0,41.8940869442,-87.6351422334,60654,"CHICAGO MIDWAY AIRPORT, IL US",64.0,43.0,46.0,0.0,10.0,10.0
crash_00852,2024-03-09 22:08:00,2024,3,Mar,Sat,22,Night or early morning,30,NO CONTROLS,CLEAR,"DARKNESS, LIGHTED ROAD",PARKED MOTOR VEHICLE,NOT DIVIDED,UNKNOWN,NO INJURY / DRIVE AWAY,,,"$501 - $1,500",UNABLE TO DETERMINE,2,NO INDICATION OF INJURY,0,0,41.9663210071,-87.7267856029,60625,"CHICAGO OHARE INTERNATIONAL AIRPORT, IL US",35.0,21.0,57.0,0.0,10.0,11.0
crash_00853,2022-03-18 13:00:00,2022,3,Mar,Fri,13,Daytime,30,NO CONTROLS,RAIN,DAYLIGHT,PARKED MOTOR VEHICLE,DIVIDED - W/MEDIAN (NOT RAISED),WET,NO INJURY / DRIVE AWAY,,,"OVER $1,500",UNABLE TO DETERMINE,2,NO INDICATION OF INJURY,0,0,41.8823392818,-87.7650780103,60644,"CHICAGO MIDWAY AIRPORT, IL US",46.0,38.0,73.0,0.05,6.0,16.0
crash_00854,2023-03-10 12:15:00,2023,3,Mar,Fri,12,Daytime,30,NO CONTROLS,RAIN,DAYLIGHT,REAR END,DIVIDED - W/MEDIAN BARRIER,WET,NO INJURY / DRIVE AWAY,,,"OVER $1,500",UNABLE TO DETERMINE,2,NO INDICATION OF INJURY,0,0,41.806685232,-87.7429797983,60632,"CHICAGO MIDWAY AIRPORT, IL US",36.0,33.0,89.0,0.0,6.0,11.0
crash_00855,2019-08-18 15:40:00,2019,8,Aug,Sun,15,Evening commute,30,TRAFFIC SIGNAL,CLEAR,DAYLIGHT,PEDALCYCLIST,FOUR WAY,DRY,NO INJURY / DRIVE AWAY,,,"$501 - $1,500",FAILING TO YIELD RIGHT-OF-WAY,2,NO INDICATION OF INJURY,0,0,41.7126116891,-87.6138595145,60628,"CHICAGO MIDWAY AIRPORT, IL US",82.0,69.0,65.0,0.0,10.0,10.0
crash_00856,2025-03-31 06:55:00,2025,3,Mar,Mon,6,Morning commute,35,TRAFFIC SIGNAL,RAIN,DAYLIGHT,REAR END,NOT DIVIDED,WET,NO INJURY / DRIVE AWAY,true,,"$501 - $1,500",DRIVING SKILLS/KNOWLEDGE/EXPERIENCE,2,NO INDICATION OF INJURY,0,0,41.6844984454,-87.5402760789,60617,"CHICAGO MIDWAY AIRPORT, IL US",37.0,27.0,67.0,0.0,10.0,15.0
crash_00857,2021-09-17 15:15:00,2021,9,Sep,Fri,15,Evening commute,30,TRAFFIC SIGNAL,CLEAR,DAYLIGHT,SIDESWIPE SAME DIRECTION,NOT DIVIDED,DRY,NO INJURY / DRIVE AWAY,,,$500 OR LESS,UNABLE TO DETERMINE,2,NO INDICATION OF INJURY,0,0,41.8667550373,-87.6837146474,60612,"CHICAGO MIDWAY AIRPORT, IL US",89.0,53.0,29.0,0.0,10.0,13.0
crash_00858,2025-08-18 16:29:00,2025,8,Aug,Mon,16,Evening commute,30,NO CONTROLS,CLEAR,DAYLIGHT,SIDESWIPE SAME DIRECTION,NOT DIVIDED,DRY,NO INJURY / DRIVE AWAY,,,"OVER $1,500",IMPROPER LANE USAGE,2,NO INDICATION OF INJURY,0,0,41.9404345511,-87.8069798854,60634,"CHICAGO OHARE INTERNATIONAL AIRPORT, IL US",84.0,76.0,77.0,0.0,10.0,13.0
crash_00859,2018-07-08 02:11:00,2018,7,Jul,Sun,2,Night or early morning,30,TRAFFIC SIGNAL,CLEAR,"DARKNESS, LIGHTED ROAD",TURNING,NOT DIVIDED,DRY,NO INJURY / DRIVE AWAY,true,,"OVER $1,500",IMPROPER TURNING/NO SIGNAL,2,NO INDICATION OF INJURY,0,0,41.8966859183,-87.6357766906,60610,"CHICAGO MIDWAY AIRPORT, IL US",69.0,61.0,76.0,0.0,10.0,0.0
crash_00860,2020-11-13 20:00:00,2020,11,Nov,Fri,20,Night or early morning,30,STOP SIGN/FLASHER,CLEAR,"DARKNESS, LIGHTED ROAD",PARKED MOTOR VEHICLE,ONE-WAY,DRY,NO INJURY / DRIVE AWAY,,true,"OVER $1,500",IMPROPER OVERTAKING/PASSING,2,NO INDICATION OF INJURY,0,0,41.8508725798,-87.6955799301,60623,"CHICAGO MIDWAY AIRPORT, IL US",34.0,22.0,61.0,0.0,10.0,5.0
crash_00861,2025-09-06 12:00:00,2025,9,Sep,Sat,12,Daytime,30,TRAFFIC SIGNAL,CLEAR,DAYLIGHT,REAR END,NOT DIVIDED,DRY,NO INJURY / DRIVE AWAY,,true,"OVER $1,500",FOLLOWING TOO CLOSELY,2,NO INDICATION OF INJURY,0,0,41.8820979348,-87.7304186872,60624,,,,,,,
crash_00862,2024-04-06 20:21:00,2024,4,Apr,Sat,20,Night or early morning,30,NO CONTROLS,CLEAR,"DARKNESS, LIGHTED ROAD",PARKED MOTOR VEHICLE,ONE-WAY,DRY,INJURY AND / OR TOW DUE TO CRASH,,,"OVER $1,500",IMPROPER TURNING/NO SIGNAL,2,NO INDICATION OF INJURY,0,0,41.8743373624,-87.7356720895,60624,"CHICAGO MIDWAY AIRPORT, IL US",44.0,29.0,55.0,0.0,10.0,10.0
crash_00863,2025-03-06 08:20:00,2025,3,Mar,Thu,8,Morning commute,35,TRAFFIC SIGNAL,CLEAR,DAYLIGHT,REAR END,DIVIDED - W/MEDIAN (NOT RAISED),DRY,INJURY AND / OR TOW DUE TO CRASH,true,,"$501 - $1,500",DRIVING SKILLS/KNOWLEDGE/EXPERIENCE,2,NONINCAPACITATING INJURY,2,0,41.8089659596,-87.6334356245,60609,"CHICAGO MIDWAY AIRPORT, IL US",30.0,19.0,64.0,0.0,10.0,16.0
crash_00864,2021-09-10 07:30:00,2021,9,Sep,Fri,7,Morning commute,15,NO CONTROLS,UNKNOWN,DAYLIGHT,REAR TO SIDE,ALLEY,UNKNOWN,NO INJURY / DRIVE AWAY,,,"OVER $1,500",IMPROPER BACKING,2,NO INDICATION OF INJURY,0,0,41.7245535001,-87.6330309427,60620,"CHICAGO MIDWAY AIRPORT, IL US",63.0,52.0,68.0,0.0,10.0,3.0
crash_00865,2019-07-03 13:28:00,2019,7,Jul,Wed,13,Daytime,25,STOP SIGN/FLASHER,CLEAR,DAYLIGHT,REAR TO FRONT,FOUR WAY,DRY,NO INJURY / DRIVE AWAY,,,"OVER $1,500",DRIVING SKILLS/KNOWLEDGE/EXPERIENCE,2,NO INDICATION OF INJURY,0,0,41.949580465,-87.6463916868,60613,"CHICAGO MIDWAY AIRPORT, IL US",84.0,71.0,65.0,0.0,10.0,7.0
crash_00866,2025-03-15 15:00:00,2025,3,Mar,Sat,15,Evening commute,15,NO CONTROLS,CLEAR,DAYLIGHT,PARKED MOTOR VEHICLE,PARKING LOT,DRY,NO INJURY / DRIVE AWAY,,true,"OVER $1,500",DRIVING SKILLS/KNOWLEDGE/EXPERIENCE,2,NO INDICATION OF INJURY,0,0,41.9067951098,-87.6677316701,60622,"CHICAGO MIDWAY AIRPORT, IL US",65.0,44.0,47.0,0.0,10.0,17.0
crash_00867,2023-10-29 19:15:00,2023,10,Oct,Sun,19,Night or early morning,35,TRAFFIC SIGNAL,RAIN,"DARKNESS, LIGHTED ROAD",REAR END,DIVIDED - W/MEDIAN (NOT RAISED),WET,INJURY AND / OR TOW DUE TO CRASH,,,"OVER $1,500",WEATHER,2,NO INDICATION OF INJURY,0,0,41.8165419552,-87.6169363688,60653,"CHICAGO MIDWAY AIRPORT, IL US",44.0,37.0,76.0,0.0,10.0,16.0
crash_00868,2018-10-05 07:30:00,2018,10,Oct,Fri,7,Morning commute,30,NO CONTROLS,RAIN,DAYLIGHT,SIDESWIPE SAME DIRECTION,NOT DIVIDED,WET,NO INJURY / DRIVE AWAY,,true,"OVER $1,500",UNABLE TO DETERMINE,2,NO INDICATION OF INJURY,0,0,41.8877744622,-87.7061755313,60612,"CHICAGO MIDWAY AIRPORT, IL US",54.0,51.0,90.0,0.04,6.0,11.0
crash_00869,2020-03-23 13:00:00,2020,3,Mar,Mon,13,Daytime,25,UNKNOWN,CLEAR,DAYLIGHT,ANGLE,OTHER,DRY,NO INJURY / DRIVE AWAY,,,"$501 - $1,500",UNABLE TO DETERMINE,2,NO INDICATION OF INJURY,0,0,41.9278778342,-87.7708432821,60639,"CHICAGO OHARE INTERNATIONAL AIRPORT, IL US",37.0,30.0,76.0,0.0,10.0,0.0
crash_00870,2022-09-03 20:00:00,2022,9,Sep,Sat,20,Night or early morning,30,NO CONTROLS,CLEAR,DARKNESS,REAR END,DIVIDED - W/MEDIAN (NOT RAISED),DRY,NO INJURY / DRIVE AWAY,,,"OVER $1,500",UNABLE TO DETERMINE,2,NO INDICATION OF INJURY,0,0,41.9197381639,-87.7365511442,60639,"CHICAGO MIDWAY AIRPORT, IL US",75.0,66.0,74.0,,10.0,14.0
crash_00871,2022-05-15 10:20:00,2022,5,May,Sun,10,Daytime,35,TRAFFIC SIGNAL,CLEAR,DAYLIGHT,PEDESTRIAN,NOT DIVIDED,DRY,INJURY AND / OR TOW DUE TO CRASH,,,"OVER $1,500",PHYSICAL CONDITION OF DRIVER,2,INCAPACITATING INJURY,2,0,41.7658164158,-87.5761454752,60649,"CHICAGO MIDWAY AIRPORT, IL US",75.0,49.0,40.0,0.0,10.0,5.0
crash_00872,2018-04-20 15:20:00,2018,4,Apr,Fri,15,Evening commute,30,NO CONTROLS,CLEAR,DAYLIGHT,PARKED MOTOR VEHICLE,NOT DIVIDED,DRY,NO INJURY / DRIVE AWAY,,,"$501 - $1,500",DRIVING SKILLS/KNOWLEDGE/EXPERIENCE,2,NO INDICATION OF INJURY,0,0,41.884588372,-87.6232725611,60601,"CHICAGO MIDWAY AIRPORT, IL US",59.0,17.0,19.0,0.0,10.0,11.0
crash_00873,2023-05-05 23:00:00,2023,5,May,Fri,23,Night or early morning,30,TRAFFIC SIGNAL,CLEAR,"DARKNESS, LIGHTED ROAD",REAR END,NOT DIVIDED,DRY,INJURY AND / OR TOW DUE TO CRASH,,true,"OVER $1,500",NOT APPLICABLE,3,NONINCAPACITATING INJURY,1,0,41.775048833,-87.60595789,60637,"CHICAGO MIDWAY AIRPORT, IL US",70.0,40.0,34.0,0.0,10.0,16.0
crash_00874,2018-08-17 17:00:00,2018,8,Aug,Fri,17,Evening commute,30,STOP SIGN/FLASHER,CLEAR,DAYLIGHT,PEDESTRIAN,NOT DIVIDED,DRY,INJURY AND / OR TOW DUE TO CRASH,true,,"OVER $1,500",UNABLE TO DETERMINE,2,NONINCAPACITATING INJURY,1,0,41.8916851979,-87.6795236055,60612,"CHICAGO MIDWAY AIRPORT, IL US",78.0,69.0,74.0,0.0,10.0,14.0
crash_00875,2025-02-26 14:51:00,2025,2,Feb,Wed,14,Daytime,30,NO CONTROLS,CLEAR,DAYLIGHT,REAR END,NOT DIVIDED,DRY,NO INJURY / DRIVE AWAY,,,"$501 - $1,500",FOLLOWING TOO CLOSELY,2,NO INDICATION OF INJURY,0,0,41.9389779582,-87.7439264445,60641,"CHICAGO OHARE INTERNATIONAL AIRPORT, IL US",47.0,37.0,69.0,0.0,10.0,11.0
crash_00876,2018-03-01 06:34:00,2018,3,Mar,Thu,6,Morning commute,25,TRAFFIC SIGNAL,RAIN,DARKNESS,PEDESTRIAN,NOT DIVIDED,WET,INJURY AND / OR TOW DUE TO CRASH,true,,$500 OR LESS,WEATHER,2,NONINCAPACITATING INJURY,1,0,42.0193007607,-87.6764261525,60626,"CHICAGO OHARE INTERNATIONAL AIRPORT, IL US",38.0,34.0,86.0,0.16,4.0,23.0
crash_00877,2024-07-27 13:20:00,2024,7,Jul,Sat,13,Daytime,35,OTHER,CLEAR,DAYLIGHT,REAR END,NOT DIVIDED,DRY,INJURY AND / OR TOW DUE TO CRASH,,,"OVER $1,500",FOLLOWING TOO CLOSELY,2,NONINCAPACITATING INJURY,2,0,41.9253720231,-87.6604147533,60614,"CHICAGO MIDWAY AIRPORT, IL US",83.0,56.0,40.0,0.0,10.0,10.0
crash_00878,2023-11-03 16:20:00,2023,11,Nov,Fri,16,Evening commute,30,TRAFFIC SIGNAL,CLEAR,DAYLIGHT,SIDESWIPE SAME DIRECTION,NOT DIVIDED,DRY,NO INJURY / DRIVE AWAY,,true,"OVER $1,500",UNABLE TO DETERMINE,2,NO INDICATION OF INJURY,0,0,41.8648317102,-87.6861606727,60608,"CHICAGO MIDWAY AIRPORT, IL US",58.0,35.0,42.0,0.0,10.0,15.0
crash_00879,2024-10-27 14:40:00,2024,10,Oct,Sun,14,Daytime,30,NO CONTROLS,CLEAR,DAYLIGHT,TURNING,NOT DIVIDED,DRY,INJURY AND / OR TOW DUE TO CRASH,,,"$501 - $1,500",NOT APPLICABLE,2,NONINCAPACITATING INJURY,1,0,41.8095344862,-87.7433466023,60638,"CHICAGO MIDWAY AIRPORT, IL US",58.0,27.0,31.0,0.0,10.0,5.0
crash_00880,2025-04-10 11:11:00,2025,4,Apr,Thu,11,Daytime,15,NO CONTROLS,CLEAR,DAYLIGHT,PARKED MOTOR VEHICLE,DIVIDED - W/MEDIAN (NOT RAISED),DRY,NO INJURY / DRIVE AWAY,,true,"OVER $1,500",UNABLE TO DETERMINE,2,NO INDICATION OF INJURY,0,0,41.925055225,-87.6570913281,60614,"CHICAGO MIDWAY AIRPORT, IL US",42.0,33.0,71.0,0.0,10.0,7.0
crash_00881,2022-06-17 12:00:00,2022,6,Jun,Fri,12,Daytime,30,UNKNOWN,CLEAR,DAYLIGHT,PARKED MOTOR VEHICLE,NOT DIVIDED,DRY,NO INJURY / DRIVE AWAY,,true,"OVER $1,500",UNABLE TO DETERMINE,2,NO INDICATION OF INJURY,0,0,41.7913655368,-87.6658763782,60636,"CHICAGO MIDWAY AIRPORT, IL US",84.0,52.0,33.0,0.0,10.0,11.0
crash_00882,2023-07-16 21:00:00,2023,7,Jul,Sun,21,Night or early morning,30,TRAFFIC SIGNAL,CLEAR,"DARKNESS, LIGHTED ROAD",ANGLE,DIVIDED - W/MEDIAN (NOT RAISED),DRY,INJURY AND / OR TOW DUE TO CRASH,,true,"OVER $1,500",FAILING TO REDUCE SPEED TO AVOID CRASH,2,NO INDICATION OF INJURY,0,0,41.7363317052,-87.6632243352,60620,"CHICAGO MIDWAY AIRPORT, IL US",75.0,60.0,60.0,0.0,9.0,8.0
crash_00883,2019-12-16 15:00:00,2019,12,Dec,Mon,15,Evening commute,30,NO CONTROLS,CLEAR,DAYLIGHT,PARKED MOTOR VEHICLE,NOT DIVIDED,DRY,NO INJURY / DRIVE AWAY,,true,"$501 - $1,500",UNABLE TO DETERMINE,2,NO INDICATION OF INJURY,0,0,41.7279202496,-87.561012632,60617,"CHICAGO MIDWAY AIRPORT, IL US",30.0,24.0,79.0,0.0,9.0,10.0
crash_00884,2019-07-12 12:45:00,2019,7,Jul,Fri,12,Daytime,30,STOP SIGN/FLASHER,CLEAR,DAYLIGHT,ANGLE,T-INTERSECTION,DRY,INJURY AND / OR TOW DUE TO CRASH,true,,"OVER $1,500",FAILING TO YIELD RIGHT-OF-WAY,2,NO INDICATION OF INJURY,0,0,41.8971310322,-87.7359177491,60651,"CHICAGO MIDWAY AIRPORT, IL US",83.0,57.0,41.0,0.0,10.0,6.0
crash_00885,2019-09-26 06:50:00,2019,9,Sep,Thu,6,Morning commute,30,TRAFFIC SIGNAL,CLEAR,DAYLIGHT,PEDESTRIAN,CENTER TURN LANE,DRY,NO INJURY / DRIVE AWAY,,false,"OVER $1,500",FAILING TO YIELD RIGHT-OF-WAY,2,NO INDICATION OF INJURY,0,0,41.8062942118,-87.7171921192,60632,"CHICAGO MIDWAY AIRPORT, IL US",57.0,47.0,69.0,0.0,10.0,8.0
crash_00886,2023-09-29 12:40:00,2023,9,Sep,Fri,12,Daytime,30,TRAFFIC SIGNAL,CLEAR,DAYLIGHT,TURNING,DIVIDED - W/MEDIAN BARRIER,DRY,NO INJURY / DRIVE AWAY,true,,"OVER $1,500",UNABLE TO DETERMINE,2,NO INDICATION OF INJURY,0,0,41.8589284728,-87.7030525184,60623,"CHICAGO MIDWAY AIRPORT, IL US",71.0,58.0,63.0,0.0,9.0,0.0
crash_00887,2021-12-06 18:00:00,2021,12,Dec,Mon,18,Evening commute,35,NO CONTROLS,CLEAR,"DARKNESS, LIGHTED ROAD",FIXED OBJECT,NOT DIVIDED,DRY,INJURY AND / OR TOW DUE TO CRASH,,,"OVER $1,500",UNABLE TO DETERMINE,1,NO INDICATION OF INJURY,0,0,41.773085926,-87.6298343619,60621,"CHICAGO MIDWAY AIRPORT, IL US",25.0,1.0,35.0,0.0,10.0,17.0
crash_00888,2018-06-23 13:15:00,2018,6,Jun,Sat,13,Daytime,30,NO CONTROLS,CLEAR,DAYLIGHT,REAR END,NOT DIVIDED,DRY,NO INJURY / DRIVE AWAY,,true,"$501 - $1,500",NOT APPLICABLE,2,NO INDICATION OF INJURY,0,0,41.8229542941,-87.685012986,60632,"CHICAGO MIDWAY AIRPORT, IL US",76.0,56.0,50.0,0.0,10.0,0.0
crash_00889,2025-03-22 10:25:00,2025,3,Mar,Sat,10,Daytime,30,TRAFFIC SIGNAL,CLEAR,DAYLIGHT,REAR END,FOUR WAY,DRY,NO INJURY / DRIVE AWAY,true,,"OVER $1,500",FOLLOWING TOO CLOSELY,2,NO INDICATION OF INJURY,0,0,41.8508412648,-87.6383345764,60616,"CHICAGO MIDWAY AIRPORT, IL US",42.0,18.0,38.0,0.0,10.0,9.0
crash_00890,2020-02-18 10:15:00,2020,2,Feb,Tue,10,Daytime,30,TRAFFIC SIGNAL,CLEAR,DAYLIGHT,TURNING,FOUR WAY,DRY,NO INJURY / DRIVE AWAY,true,,"OVER $1,500",UNABLE TO DETERMINE,2,NO INDICATION OF INJURY,0,0,41.8833182087,-87.6324812949,60602,"CHICAGO MIDWAY AIRPORT, IL US",36.0,28.0,73.0,0.0,10.0,17.0
crash_00891,2025-02-14 08:52:00,2025,2,Feb,Fri,8,Morning commute,30,STOP SIGN/FLASHER,CLEAR,DAYLIGHT,ANGLE,FOUR WAY,DRY,NO INJURY / DRIVE AWAY,true,false,"OVER $1,500",UNABLE TO DETERMINE,2,NO INDICATION OF INJURY,0,0,41.7643432551,-87.566632526,60649,"CHICAGO MIDWAY AIRPORT, IL US",12.0,2.0,64.0,0.0,10.0,7.0
crash_00892,2025-03-23 17:50:00,2025,3,Mar,Sun,17,Evening commute,30,NO CONTROLS,RAIN,DAYLIGHT,PARKED MOTOR VEHICLE,PARKING LOT,WET,NO INJURY / DRIVE AWAY,,true,"OVER $1,500",UNABLE TO DETERMINE,2,NO INDICATION OF INJURY,0,0,41.7723068812,-87.6637094858,60636,"CHICAGO MIDWAY AIRPORT, IL US",48.0,43.0,83.0,0.0,10.0,16.0
crash_00893,2021-11-11 14:30:00,2021,11,Nov,Thu,14,Daytime,30,NO CONTROLS,CLOUDY/OVERCAST,DAYLIGHT,PARKED MOTOR VEHICLE,NOT DIVIDED,DRY,NO INJURY / DRIVE AWAY,,,$500 OR LESS,FAILING TO YIELD RIGHT-OF-WAY,2,NO INDICATION OF INJURY,0,0,41.8470818199,-87.7265909493,60623,"CHICAGO MIDWAY AIRPORT, IL US",49.0,41.0,74.0,0.0,10.0,15.0
crash_00894,2022-02-20 09:00:00,2022,2,Feb,Sun,9,Morning commute,30,NO CONTROLS,CLEAR,DAYLIGHT,PARKED MOTOR VEHICLE,NOT DIVIDED,SNOW OR SLUSH,NO INJURY / DRIVE AWAY,,true,"OVER $1,500",UNABLE TO DETERMINE,2,NO INDICATION OF INJURY,0,0,41.9931652176,-87.6817694572,60659,"CHICAGO OHARE INTERNATIONAL AIRPORT, IL US",34.0,20.0,56.0,0.0,10.0,28.0
crash_00895,2021-09-21 08:05:00,2021,9,Sep,Tue,8,Morning commute,30,TRAFFIC SIGNAL,RAIN,DAYLIGHT,SIDESWIPE SAME DIRECTION,ONE-WAY,WET,NO INJURY / DRIVE AWAY,,,"OVER $1,500",IMPROPER LANE USAGE,2,NO INDICATION OF INJURY,0,0,41.8932567111,-87.6370077971,60654,"CHICAGO MIDWAY AIRPORT, IL US",66.0,62.0,87.0,0.03,2.0,10.0
crash_00896,2021-09-30 08:33:00,2021,9,Sep,Thu,8,Morning commute,30,NO CONTROLS,CLEAR,DAYLIGHT,TURNING,DIVIDED - W/MEDIAN (NOT RAISED),DRY,INJURY AND / OR TOW DUE TO CRASH,,,"OVER $1,500",FAILING TO YIELD RIGHT-OF-WAY,2,INCAPACITATING INJURY,1,0,41.8140853944,-87.7236715481,60632,"CHICAGO MIDWAY AIRPORT, IL US",66.0,48.0,52.0,0.0,10.0,5.0
crash_00897,2022-04-15 20:40:00,2022,4,Apr,Fri,20,Night or early morning,30,NO CONTROLS,CLEAR,"DARKNESS, LIGHTED ROAD",SIDESWIPE SAME DIRECTION,NOT DIVIDED,DRY,NO INJURY / DRIVE AWAY,,,"$501 - $1,500",UNABLE TO DETERMINE,2,NO INDICATION OF INJURY,0,0,41.9905636193,-87.6973647975,60659,"CHICAGO OHARE INTERNATIONAL AIRPORT, IL US",46.0,22.0,38.0,0.0,10.0,11.0
crash_00898,2022-07-02 20:16:00,2022,7,Jul,Sat,20,Night or early morning,30,TRAFFIC SIGNAL,CLEAR,"DARKNESS, LIGHTED ROAD",TURNING,"FIVE POINT, OR MORE",DRY,NO INJURY / DRIVE AWAY,,,"$501 - $1,500",IMPROPER TURNING/NO SIGNAL,2,NO INDICATION OF INJURY,0,0,41.9098808681,-87.7351582004,60639,"CHICAGO MIDWAY AIRPORT, IL US",81.0,46.0,29.0,0.0,10.0,8.0