crash_id,crash_datetime,crash_year,crash_month,crash_month_name,crash_weekday_name,crash_hour,time_period,posted_speed_limit_mph,traffic_control_device,reported_weather_condition,reported_lighting_condition,first_crash_type,trafficway_type,reported_road_surface_condition,crash_type,intersection_related,hit_and_run,estimated_damage,primary_contributory_cause,unit_count,most_severe_injury,injuries_total,injuries_fatal,latitude,longitude,zip5,weather_station_name,temperature_f,dew_point_f,relative_humidity_percent,precipitation_inches,visibility_miles,wind_speed_mph
crash_00899,2021-05-30 05:00:00,2021,5,May,Sun,5,Night or early morning,35,NO CONTROLS,CLEAR,DAYLIGHT,PARKED MOTOR VEHICLE,DIVIDED - W/MEDIAN (NOT RAISED),DRY,INJURY AND / OR TOW DUE TO CRASH,,true,"OVER $1,500",UNABLE TO DETERMINE,2,NO INDICATION OF INJURY,0,0,41.7578722797,-87.5664962818,60649,"CHICAGO MIDWAY AIRPORT, IL US",43.0,35.0,74.0,0.0,10.0,0.0
crash_00900,2024-09-26 17:30:00,2024,9,Sep,Thu,17,Evening commute,30,STOP SIGN/FLASHER,CLEAR,DAYLIGHT,REAR TO FRONT,NOT DIVIDED,DRY,NO INJURY / DRIVE AWAY,,,"OVER $1,500",FAILING TO YIELD RIGHT-OF-WAY,2,NO INDICATION OF INJURY,0,0,41.8944214694,-87.6536991095,60642,"CHICAGO MIDWAY AIRPORT, IL US",73.0,54.0,51.0,0.0,10.0,10.0
crash_00901,2018-05-13 19:40:00,2018,5,May,Sun,19,Night or early morning,30,NO CONTROLS,CLEAR,DAYLIGHT,FIXED OBJECT,NOT DIVIDED,DRY,NO INJURY / DRIVE AWAY,,,$500 OR LESS,IMPROPER BACKING,1,NO INDICATION OF INJURY,0,0,41.9737598625,-87.8060572978,60656,"CHICAGO OHARE INTERNATIONAL AIRPORT, IL US",54.0,49.0,83.0,0.0,10.0,3.0
crash_00902,2023-12-21 06:30:00,2023,12,Dec,Thu,6,Morning commute,30,NO CONTROLS,CLEAR,DAYLIGHT,SIDESWIPE SAME DIRECTION,NOT DIVIDED,DRY,NO INJURY / DRIVE AWAY,,,"OVER $1,500",IMPROPER OVERTAKING/PASSING,2,NO INDICATION OF INJURY,0,0,41.9607900227,-87.7476893588,60630,"CHICAGO OHARE INTERNATIONAL AIRPORT, IL US",41.0,35.0,79.0,0.0,10.0,6.0
crash_00903,2022-10-23 22:30:00,2022,10,Oct,Sun,22,Night or early morning,30,TRAFFIC SIGNAL,CLEAR,"DARKNESS, LIGHTED ROAD",REAR END,DIVIDED - W/MEDIAN (NOT RAISED),DRY,NO INJURY / DRIVE AWAY,true,,"OVER $1,500",UNABLE TO DETERMINE,2,NO INDICATION OF INJURY,0,0,41.899248597,-87.6242749782,60611,"CHICAGO MIDWAY AIRPORT, IL US",73.0,48.0,41.0,0.0,10.0,16.0
crash_00904,2020-05-08 16:42:00,2020,5,May,Fri,16,Evening commute,30,NO CONTROLS,CLEAR,DAYLIGHT,TURNING,OTHER,DRY,NO INJURY / DRIVE AWAY,,,"OVER $1,500",FAILING TO YIELD RIGHT-OF-WAY,2,NO INDICATION OF INJURY,0,0,41.7941215088,-87.6744558856,60609,"CHICAGO MIDWAY AIRPORT, IL US",42.0,21.0,43.0,0.0,10.0,13.0
crash_00905,2019-04-22 08:39:00,2019,4,Apr,Mon,8,Morning commute,30,STOP SIGN/FLASHER,RAIN,DAYLIGHT,SIDESWIPE SAME DIRECTION,NOT DIVIDED,DRY,INJURY AND / OR TOW DUE TO CRASH,true,,"OVER $1,500",FAILING TO YIELD RIGHT-OF-WAY,2,NO INDICATION OF INJURY,0,0,41.9161595521,-87.6715619606,60622,"CHICAGO MIDWAY AIRPORT, IL US",66.0,42.0,42.0,0.0,10.0,14.0
crash_00906,2023-06-04 07:40:00,2023,6,Jun,Sun,7,Morning commute,30,TRAFFIC SIGNAL,CLEAR,DAYLIGHT,REAR END,NOT DIVIDED,DRY,NO INJURY / DRIVE AWAY,,true,"OVER $1,500",FOLLOWING TOO CLOSELY,2,NO INDICATION OF INJURY,0,0,41.8509579594,-87.7247752232,60623,"CHICAGO MIDWAY AIRPORT, IL US",71.0,48.0,44.0,0.0,10.0,13.0
crash_00907,2021-07-17 04:45:00,2021,7,Jul,Sat,4,Night or early morning,25,UNKNOWN,CLEAR,"DARKNESS, LIGHTED ROAD",REAR END,ONE-WAY,DRY,NO INJURY / DRIVE AWAY,,true,"OVER $1,500",UNABLE TO DETERMINE,2,NO INDICATION OF INJURY,0,0,41.7436985382,-87.6257779011,60620,"CHICAGO MIDWAY AIRPORT, IL US",69.0,63.0,81.0,0.0,10.0,11.0
crash_00908,2018-12-31 11:51:00,2018,12,Dec,Mon,11,Daytime,30,NO CONTROLS,RAIN,DAYLIGHT,PARKED MOTOR VEHICLE,DIVIDED - W/MEDIAN (NOT RAISED),WET,INJURY AND / OR TOW DUE TO CRASH,true,,"OVER $1,500",EXCEEDING SAFE SPEED FOR CONDITIONS,4,NO INDICATION OF INJURY,0,0,41.6891329845,-87.7005872237,60655,"CHICAGO MIDWAY AIRPORT, IL US",39.0,38.0,96.0,0.11,1.0,6.0
crash_00909,2021-05-30 21:30:00,2021,5,May,Sun,21,Night or early morning,30,NO CONTROLS,CLEAR,DARKNESS,PARKED MOTOR VEHICLE,NOT DIVIDED,UNKNOWN,NO INJURY / DRIVE AWAY,,,$500 OR LESS,UNABLE TO DETERMINE,2,NO INDICATION OF INJURY,0,0,41.799427854,-87.5897204891,60615,"CHICAGO MIDWAY AIRPORT, IL US",60.0,33.0,36.0,0.0,10.0,5.0
crash_00910,2025-03-13 17:30:00,2025,3,Mar,Thu,17,Evening commute,30,NO CONTROLS,CLEAR,DAYLIGHT,TURNING,NOT DIVIDED,DRY,NO INJURY / DRIVE AWAY,,,"OVER $1,500",UNABLE TO DETERMINE,2,NO INDICATION OF INJURY,0,0,41.891658154,-87.6368791854,60654,"CHICAGO MIDWAY AIRPORT, IL US",55.0,29.0,37.0,0.0,10.0,9.0
crash_00911,2024-02-17 12:11:00,2024,2,Feb,Sat,12,Daytime,30,STOP SIGN/FLASHER,CLEAR,DAYLIGHT,ANGLE,FOUR WAY,DRY,NO INJURY / DRIVE AWAY,true,,"OVER $1,500",FAILING TO YIELD RIGHT-OF-WAY,2,NO INDICATION OF INJURY,0,0,41.7564030926,-87.6245765157,60619,"CHICAGO MIDWAY AIRPORT, IL US",24.0,4.0,42.0,0.0,10.0,13.0
crash_00912,2023-07-10 15:45:00,2023,7,Jul,Mon,15,Evening commute,30,TRAFFIC SIGNAL,CLEAR,DAYLIGHT,REAR END,NOT DIVIDED,DRY,NO INJURY / DRIVE AWAY,,,"OVER $1,500",UNABLE TO DETERMINE,2,NO INDICATION OF INJURY,0,0,41.7366015585,-87.6049681002,60619,"CHICAGO MIDWAY AIRPORT, IL US",85.0,59.0,42.0,0.0,10.0,11.0
crash_00913,2021-10-26 15:40:00,2021,10,Oct,Tue,15,Evening commute,30,NO CONTROLS,CLEAR,DAYLIGHT,TURNING,NOT DIVIDED,DRY,NO INJURY / DRIVE AWAY,,,"$501 - $1,500",UNABLE TO DETERMINE,2,NO INDICATION OF INJURY,0,0,41.9096693061,-87.7512744723,60639,"CHICAGO MIDWAY AIRPORT, IL US",55.0,41.0,59.0,0.0,10.0,8.0
crash_00914,2018-10-15 14:20:00,2018,10,Oct,Mon,14,Daytime,30,NO CONTROLS,CLEAR,DAYLIGHT,REAR END,ONE-WAY,DRY,NO INJURY / DRIVE AWAY,,,$500 OR LESS,UNABLE TO DETERMINE,2,NO INDICATION OF INJURY,0,0,41.8016744025,-87.6856441091,60632,"CHICAGO MIDWAY AIRPORT, IL US",47.0,27.0,46.0,0.0,10.0,18.0
crash_00915,2020-03-10 14:26:00,2020,3,Mar,Tue,14,Daytime,10,NO CONTROLS,CLEAR,DAYLIGHT,REAR TO SIDE,PARKING LOT,DRY,NO INJURY / DRIVE AWAY,,,"OVER $1,500",IMPROPER BACKING,2,NO INDICATION OF INJURY,0,0,41.9240968297,-87.7655371697,60639,"CHICAGO OHARE INTERNATIONAL AIRPORT, IL US",47.0,31.0,54.0,0.0,10.0,8.0
crash_00916,2020-05-07 01:00:00,2020,5,May,Thu,1,Night or early morning,25,NO CONTROLS,CLEAR,"DARKNESS, LIGHTED ROAD",PARKED MOTOR VEHICLE,ONE-WAY,DRY,NO INJURY / DRIVE AWAY,,true,"$501 - $1,500",UNABLE TO DETERMINE,4,NO INDICATION OF INJURY,0,0,41.8948328948,-87.7127820077,60624,"CHICAGO MIDWAY AIRPORT, IL US",53.0,40.0,61.0,0.0,10.0,10.0
crash_00917,2023-03-27 19:56:00,2023,3,Mar,Mon,19,Night or early morning,30,NO CONTROLS,CLEAR,DARKNESS,SIDESWIPE SAME DIRECTION,ONE-WAY,DRY,NO INJURY / DRIVE AWAY,,,"OVER $1,500",IMPROPER TURNING/NO SIGNAL,2,NO INDICATION OF INJURY,0,0,41.8757008839,-87.7505153283,60644,"CHICAGO MIDWAY AIRPORT, IL US",39.0,16.0,39.0,0.0,10.0,8.0
crash_00918,2022-06-14 20:00:00,2022,6,Jun,Tue,20,Night or early morning,30,STOP SIGN/FLASHER,CLEAR,DUSK,TURNING,FOUR WAY,UNKNOWN,NO INJURY / DRIVE AWAY,true,true,"OVER $1,500",UNABLE TO DETERMINE,2,NO INDICATION OF INJURY,0,0,41.8891651201,-87.6414741801,60654,"CHICAGO MIDWAY AIRPORT, IL US",97.0,68.0,39.0,0.0,10.0,13.0
crash_00919,2024-08-07 11:45:00,2024,8,Aug,Wed,11,Daytime,30,NO CONTROLS,CLEAR,DAYLIGHT,PARKED MOTOR VEHICLE,NOT DIVIDED,DRY,NO INJURY / DRIVE AWAY,,true,"OVER $1,500",DRIVING SKILLS/KNOWLEDGE/EXPERIENCE,2,NO INDICATION OF INJURY,0,0,41.7978500212,-87.6598874843,60609,"CHICAGO MIDWAY AIRPORT, IL US",77.0,50.0,39.0,0.0,10.0,20.0
crash_00920,2024-08-12 05:51:00,2024,8,Aug,Mon,5,Night or early morning,30,NO CONTROLS,CLEAR,"DARKNESS, LIGHTED ROAD",REAR END,FOUR WAY,DRY,NO INJURY / DRIVE AWAY,true,,"OVER $1,500",FAILING TO REDUCE SPEED TO AVOID CRASH,2,NO INDICATION OF INJURY,0,0,41.9682625951,-87.7281753158,60630,"CHICAGO OHARE INTERNATIONAL AIRPORT, IL US",61.0,53.0,75.0,0.0,10.0,5.0
crash_00921,2022-02-19 18:00:00,2022,2,Feb,Sat,18,Evening commute,30,TRAFFIC SIGNAL,CLEAR,DARKNESS,SIDESWIPE SAME DIRECTION,DIVIDED - W/MEDIAN (NOT RAISED),DRY,NO INJURY / DRIVE AWAY,,,"$501 - $1,500",FOLLOWING TOO CLOSELY,2,NO INDICATION OF INJURY,0,0,41.7791234838,-87.6837830986,60629,"CHICAGO MIDWAY AIRPORT, IL US",19.0,4.0,51.0,0.0,10.0,10.0
crash_00922,2025-12-09 11:12:00,2025,12,Dec,Tue,11,Daytime,35,NO CONTROLS,CLEAR,DAYLIGHT,REAR END,NOT DIVIDED,SNOW OR SLUSH,NO INJURY / DRIVE AWAY,,,"OVER $1,500",UNABLE TO DETERMINE,2,NO INDICATION OF INJURY,0,0,41.8089961187,-87.6551006025,60609,,,,,,,
crash_00923,2019-03-13 11:30:00,2019,3,Mar,Wed,11,Daytime,30,NO CONTROLS,RAIN,DAYLIGHT,PARKED MOTOR VEHICLE,OTHER,WET,NO INJURY / DRIVE AWAY,,true,$500 OR LESS,NOT APPLICABLE,2,NO INDICATION OF INJURY,0,0,41.7263292314,-87.5672709082,60617,"CHICAGO MIDWAY AIRPORT, IL US",47.0,41.0,80.0,,10.0,11.0
crash_00924,2021-05-27 08:35:00,2021,5,May,Thu,8,Morning commute,20,NO CONTROLS,CLEAR,DAYLIGHT,FIXED OBJECT,NOT DIVIDED,DRY,INJURY AND / OR TOW DUE TO CRASH,,,"OVER $1,500",NOT APPLICABLE,1,NO INDICATION OF INJURY,0,0,41.8348266691,-87.6706511301,60608,"CHICAGO MIDWAY AIRPORT, IL US",56.0,42.0,60.0,0.0,10.0,15.0
crash_00925,2019-03-08 19:39:00,2019,3,Mar,Fri,19,Night or early morning,30,TRAFFIC SIGNAL,CLEAR,"DARKNESS, LIGHTED ROAD",SIDESWIPE SAME DIRECTION,DIVIDED - W/MEDIAN (NOT RAISED),DRY,NO INJURY / DRIVE AWAY,,true,"$501 - $1,500",FAILING TO REDUCE SPEED TO AVOID CRASH,2,NO INDICATION OF INJURY,0,0,41.7791379635,-87.683905599,60629,"CHICAGO MIDWAY AIRPORT, IL US",34.0,26.0,73.0,0.0,9.0,6.0
crash_00926,2023-09-04 11:20:00,2023,9,Sep,Mon,11,Daytime,15,STOP SIGN/FLASHER,CLEAR,DAYLIGHT,ANGLE,FOUR WAY,DRY,NO INJURY / DRIVE AWAY,true,,"OVER $1,500",FAILING TO YIELD RIGHT-OF-WAY,2,NO INDICATION OF INJURY,0,0,41.9179894858,-87.7781028049,60639,"CHICAGO OHARE INTERNATIONAL AIRPORT, IL US",85.0,71.0,63.0,0.0,10.0,9.0
crash_00927,2019-09-16 01:00:00,2019,9,Sep,Mon,1,Night or early morning,30,TRAFFIC SIGNAL,CLEAR,"DARKNESS, LIGHTED ROAD",SIDESWIPE SAME DIRECTION,NOT DIVIDED,DRY,NO INJURY / DRIVE AWAY,true,true,"$501 - $1,500",IMPROPER LANE USAGE,2,NO INDICATION OF INJURY,0,0,41.8870391498,-87.6325580563,60601,"CHICAGO MIDWAY AIRPORT, IL US",72.0,69.0,91.0,0.0,10.0,0.0
crash_00928,2022-09-20 12:29:00,2022,9,Sep,Tue,12,Daytime,30,TRAFFIC SIGNAL,CLEAR,DAYLIGHT,ANGLE,FOUR WAY,DRY,NO INJURY / DRIVE AWAY,true,,"OVER $1,500",DISREGARDING TRAFFIC SIGNALS,3,NO INDICATION OF INJURY,0,0,41.8020231541,-87.6162718395,60615,"CHICAGO MIDWAY AIRPORT, IL US",88.0,69.0,54.0,0.0,10.0,3.0
crash_00929,2020-08-01 19:00:00,2020,8,Aug,Sat,19,Night or early morning,30,NO CONTROLS,CLEAR,DAYLIGHT,REAR END,NOT DIVIDED,DRY,NO INJURY / DRIVE AWAY,,,"OVER $1,500",FAILING TO REDUCE SPEED TO AVOID CRASH,2,NO INDICATION OF INJURY,0,0,41.7723370026,-87.6616518241,60636,"CHICAGO MIDWAY AIRPORT, IL US",73.0,63.0,71.0,0.0,10.0,9.0
crash_00930,2022-12-29 14:55:00,2022,12,Dec,Thu,14,Daytime,35,NO CONTROLS,CLEAR,DAYLIGHT,REAR END,PARKING LOT,DRY,NO INJURY / DRIVE AWAY,,,$500 OR LESS,UNABLE TO DETERMINE,2,NO INDICATION OF INJURY,0,0,41.7183981931,-87.6818383658,60643,"CHICAGO MIDWAY AIRPORT, IL US",57.0,51.0,81.0,0.0,10.0,13.0
crash_00931,2022-10-09 10:00:00,2022,10,Oct,Sun,10,Daytime,30,TRAFFIC SIGNAL,CLEAR,DAYLIGHT,REAR END,OTHER,DRY,NO INJURY / DRIVE AWAY,,,"$501 - $1,500",DRIVING SKILLS/KNOWLEDGE/EXPERIENCE,2,NO INDICATION OF INJURY,0,0,41.8719051218,-87.6172005794,60605,"CHICAGO MIDWAY AIRPORT, IL US",55.0,34.0,45.0,0.0,10.0,10.0
crash_00932,2023-08-14 23:00:00,2023,8,Aug,Mon,23,Night or early morning,30,TRAFFIC SIGNAL,CLEAR,"DARKNESS, LIGHTED ROAD",TURNING,DIVIDED - W/MEDIAN (NOT RAISED),UNKNOWN,NO INJURY / DRIVE AWAY,,,"OVER $1,500",IMPROPER TURNING/NO SIGNAL,2,NO INDICATION OF INJURY,0,0,41.8956506628,-87.7078321548,60651,"CHICAGO MIDWAY AIRPORT, IL US",66.0,63.0,90.0,0.14,5.0,9.0
crash_00933,2025-11-09 08:06:00,2025,11,Nov,Sun,8,Morning commute,30,TRAFFIC SIGNAL,SNOW,DAYLIGHT,PARKED MOTOR VEHICLE,NOT DIVIDED,WET,INJURY AND / OR TOW DUE TO CRASH,,,"OVER $1,500","OPERATING VEHICLE IN ERRATIC, RECKLESS, CARELESS, NEGLIGENT OR AGGRESSIVE MANNER",7,NO INDICATION OF INJURY,0,0,41.9083774079,-87.7754267606,60651,,,,,,,
crash_00934,2024-08-16 20:14:00,2024,8,Aug,Fri,20,Night or early morning,30,TRAFFIC SIGNAL,RAIN,"DARKNESS, LIGHTED ROAD",REAR END,T-INTERSECTION,WET,NO INJURY / DRIVE AWAY,,true,"OVER $1,500",UNABLE TO DETERMINE,2,NO INDICATION OF INJURY,0,0,41.7214327942,-87.6504623658,60620,"CHICAGO MIDWAY AIRPORT, IL US",72.0,67.0,84.0,0.18,2.0,17.0
crash_00935,2025-08-05 15:17:00,2025,8,Aug,Tue,15,Evening commute,30,NO CONTROLS,CLEAR,DAYLIGHT,PARKED MOTOR VEHICLE,PARKING LOT,DRY,NO INJURY / DRIVE AWAY,,,"OVER $1,500",IMPROPER BACKING,2,NO INDICATION OF INJURY,0,0,41.9248805845,-87.6809368799,60647,"CHICAGO MIDWAY AIRPORT, IL US",83.0,56.0,40.0,0.0,10.0,6.0
crash_00936,2022-01-19 08:35:00,2022,1,Jan,Wed,8,Morning commute,35,TRAFFIC SIGNAL,CLEAR,DAYLIGHT,REAR END,DIVIDED - W/MEDIAN (NOT RAISED),DRY,INJURY AND / OR TOW DUE TO CRASH,true,,"OVER $1,500",NOT APPLICABLE,2,NO INDICATION OF INJURY,0,0,41.9642750121,-87.747456123,60630,"CHICAGO OHARE INTERNATIONAL AIRPORT, IL US",21.0,11.0,65.0,0.0,10.0,14.0
crash_00937,2019-03-06 21:45:00,2019,3,Mar,Wed,21,Night or early morning,30,STOP SIGN/FLASHER,CLEAR,"DARKNESS, LIGHTED ROAD",ANGLE,NOT DIVIDED,DRY,NO INJURY / DRIVE AWAY,,,"$501 - $1,500",DISREGARDING STOP SIGN,2,NO INDICATION OF INJURY,0,0,41.8011850583,-87.6672711961,60609,"CHICAGO MIDWAY AIRPORT, IL US",27.0,12.0,53.0,0.0,10.0,17.0
crash_00938,2022-09-07 21:40:00,2022,9,Sep,Wed,21,Night or early morning,30,TRAFFIC SIGNAL,CLEAR,"DARKNESS, LIGHTED ROAD",PEDALCYCLIST,"FIVE POINT, OR MORE",DRY,NO INJURY / DRIVE AWAY,true,true,"OVER $1,500",FAILING TO YIELD RIGHT-OF-WAY,2,NO INDICATION OF INJURY,0,0,41.8912407158,-87.6474713674,60654,"CHICAGO MIDWAY AIRPORT, IL US",72.0,56.0,57.0,0.0,10.0,3.0
crash_00939,2020-09-18 18:15:00,2020,9,Sep,Fri,18,Evening commute,20,NO CONTROLS,CLEAR,DAYLIGHT,SIDESWIPE OPPOSITE DIRECTION,NOT DIVIDED,DRY,NO INJURY / DRIVE AWAY,,true,"$501 - $1,500",FAILING TO REDUCE SPEED TO AVOID CRASH,2,NO INDICATION OF INJURY,0,0,41.7004801322,-87.6764529033,60643,"CHICAGO MIDWAY AIRPORT, IL US",57.0,36.0,45.0,0.0,10.0,15.0
crash_00940,2019-12-11 07:45:00,2019,12,Dec,Wed,7,Morning commute,30,NO CONTROLS,CLEAR,UNKNOWN,PARKED MOTOR VEHICLE,ONE-WAY,DRY,NO INJURY / DRIVE AWAY,,true,$500 OR LESS,UNABLE TO DETERMINE,2,NO INDICATION OF INJURY,0,0,41.8379926651,-87.7303113573,60623,"CHICAGO MIDWAY AIRPORT, IL US",16.0,11.0,80.0,0.0,3.0,10.0
crash_00941,2019-10-13 21:30:00,2019,10,Oct,Sun,21,Night or early morning,30,NO CONTROLS,CLEAR,"DARKNESS, LIGHTED ROAD",SIDESWIPE SAME DIRECTION,DIVIDED - W/MEDIAN (NOT RAISED),DRY,NO INJURY / DRIVE AWAY,,true,"$501 - $1,500","OPERATING VEHICLE IN ERRATIC, RECKLESS, CARELESS, NEGLIGENT OR AGGRESSIVE MANNER",2,NO INDICATION OF INJURY,0,0,41.855431999,-87.6237282156,60616,"CHICAGO MIDWAY AIRPORT, IL US",47.0,32.0,56.0,0.0,10.0,8.0
crash_00942,2025-12-02 14:24:00,2025,12,Dec,Tue,14,Daytime,15,NO CONTROLS,CLEAR,DAYLIGHT,PARKED MOTOR VEHICLE,ALLEY,SNOW OR SLUSH,INJURY AND / OR TOW DUE TO CRASH,,,"OVER $1,500",IMPROPER BACKING,2,NO INDICATION OF INJURY,0,0,41.9941597866,-87.6795379032,60660,,,,,,,
crash_00943,2025-09-09 18:34:00,2025,9,Sep,Tue,18,Evening commute,30,NO CONTROLS,CLEAR,DUSK,PARKED MOTOR VEHICLE,PARKING LOT,DRY,NO INJURY / DRIVE AWAY,,,"$501 - $1,500",DRIVING SKILLS/KNOWLEDGE/EXPERIENCE,2,NO INDICATION OF INJURY,0,0,41.6777603931,-87.6536621376,60643,,,,,,,
crash_00944,2022-12-24 01:37:00,2022,12,Dec,Sat,1,Night or early morning,30,NO CONTROLS,BLOWING SNOW,"DARKNESS, LIGHTED ROAD",SIDESWIPE SAME DIRECTION,NOT DIVIDED,SNOW OR SLUSH,INJURY AND / OR TOW DUE TO CRASH,,true,"OVER $1,500",WEATHER,4,"REPORTED, NOT EVIDENT",1,0,41.781703133,-87.6741118488,60636,"CHICAGO MIDWAY AIRPORT, IL US",-1.0,-8.0,72.0,0.0,4.0,20.0
crash_00945,2021-08-27 11:40:00,2021,8,Aug,Fri,11,Daytime,25,NO CONTROLS,CLEAR,DAYLIGHT,ANGLE,ONE-WAY,DRY,NO INJURY / DRIVE AWAY,false,,"$501 - $1,500",FAILING TO YIELD RIGHT-OF-WAY,2,NO INDICATION OF INJURY,0,0,41.9534547436,-87.7054125971,60618,"CHICAGO OHARE INTERNATIONAL AIRPORT, IL US",87.0,68.0,53.0,0.0,10.0,0.0
crash_00946,2019-05-31 10:44:00,2019,5,May,Fri,10,Daytime,15,NO CONTROLS,CLEAR,DAYLIGHT,PARKED MOTOR VEHICLE,OTHER,DRY,NO INJURY / DRIVE AWAY,,,"OVER $1,500",NOT APPLICABLE,2,NO INDICATION OF INJURY,0,0,41.8226899291,-87.6183741759,60653,"CHICAGO MIDWAY AIRPORT, IL US",76.0,61.0,60.0,0.0,10.0,9.0
crash_00947,2019-08-12 21:00:00,2019,8,Aug,Mon,21,Night or early morning,5,NO CONTROLS,RAIN,DARKNESS,FIXED OBJECT,DRIVEWAY,WET,NO INJURY / DRIVE AWAY,,,"$501 - $1,500",NOT APPLICABLE,1,NO INDICATION OF INJURY,0,0,41.8907289081,-87.6293856562,60654,"CHICAGO MIDWAY AIRPORT, IL US",74.0,73.0,97.0,,3.0,6.0
crash_00948,2018-09-07 16:55:00,2018,9,Sep,Fri,16,Evening commute,30,TRAFFIC SIGNAL,CLEAR,DAYLIGHT,REAR END,NOT DIVIDED,DRY,NO INJURY / DRIVE AWAY,true,true,"OVER $1,500",FOLLOWING TOO CLOSELY,2,NO INDICATION OF INJURY,0,0,41.8740401799,-87.7451794454,60644,"CHICAGO MIDWAY AIRPORT, IL US",68.0,55.0,63.0,0.0,10.0,14.0
crash_00949,2022-01-15 15:20:00,2022,1,Jan,Sat,15,Evening commute,20,NO CONTROLS,CLEAR,DAYLIGHT,REAR END,NOT DIVIDED,WET,NO INJURY / DRIVE AWAY,,,"$501 - $1,500",FOLLOWING TOO CLOSELY,2,NO INDICATION OF INJURY,0,0,41.910850362,-87.6604450404,60642,"CHICAGO MIDWAY AIRPORT, IL US",25.0,14.0,63.0,0.0,10.0,15.0
crash_00950,2025-09-20 11:50:00,2025,9,Sep,Sat,11,Daytime,30,NO CONTROLS,CLEAR,DAYLIGHT,REAR END,NOT DIVIDED,UNKNOWN,NO INJURY / DRIVE AWAY,,false,$500 OR LESS,DRIVING SKILLS/KNOWLEDGE/EXPERIENCE,2,NO INDICATION OF INJURY,0,0,41.9901302642,-87.670592054,60660,,,,,,,
crash_00951,2019-04-25 11:05:00,2019,4,Apr,Thu,11,Daytime,35,TRAFFIC SIGNAL,CLEAR,DAYLIGHT,SIDESWIPE OPPOSITE DIRECTION,NOT DIVIDED,DRY,NO INJURY / DRIVE AWAY,true,true,"OVER $1,500",FAILING TO REDUCE SPEED TO AVOID CRASH,2,NO INDICATION OF INJURY,0,0,41.8448203764,-87.6855931141,60608,"CHICAGO MIDWAY AIRPORT, IL US",63.0,40.0,43.0,0.0,10.0,0.0
crash_00952,2022-05-16 09:00:00,2022,5,May,Mon,9,Morning commute,30,OTHER,CLEAR,DAYLIGHT,PARKED MOTOR VEHICLE,NOT DIVIDED,DRY,NO INJURY / DRIVE AWAY,,,"$501 - $1,500",UNABLE TO DETERMINE,2,NO INDICATION OF INJURY,0,0,41.707218139,-87.6277515583,60628,"CHICAGO MIDWAY AIRPORT, IL US",69.0,47.0,45.0,0.0,10.0,10.0
crash_00953,2024-01-01 02:40:00,2024,1,Jan,Mon,2,Night or early morning,30,NO CONTROLS,SNOW,"DARKNESS, LIGHTED ROAD",ANGLE,NOT DIVIDED,WET,NO INJURY / DRIVE AWAY,,true,"OVER $1,500",UNABLE TO DETERMINE,2,NO INDICATION OF INJURY,0,0,41.8227991095,-87.6883181397,60632,"CHICAGO MIDWAY AIRPORT, IL US",33.0,28.0,82.0,0.0,7.0,11.0
crash_00954,2023-03-30 08:45:00,2023,3,Mar,Thu,8,Morning commute,35,TRAFFIC SIGNAL,CLEAR,DAYLIGHT,REAR END,NOT DIVIDED,DRY,INJURY AND / OR TOW DUE TO CRASH,false,,"OVER $1,500",DRIVING SKILLS/KNOWLEDGE/EXPERIENCE,4,NO INDICATION OF INJURY,0,0,41.9523085158,-87.7569699411,60641,"CHICAGO OHARE INTERNATIONAL AIRPORT, IL US",31.0,13.0,47.0,0.0,10.0,8.0
crash_00955,2024-05-20 09:15:00,2024,5,May,Mon,9,Morning commute,30,TRAFFIC SIGNAL,CLEAR,DAYLIGHT,TURNING,NOT DIVIDED,DRY,NO INJURY / DRIVE AWAY,,,"$501 - $1,500",UNABLE TO DETERMINE,2,NO INDICATION OF INJURY,0,0,41.9678271251,-87.7549762266,60630,"CHICAGO OHARE INTERNATIONAL AIRPORT, IL US",76.0,62.0,62.0,0.0,10.0,8.0
crash_00956,2024-09-01 08:20:00,2024,9,Sep,Sun,8,Morning commute,30,TRAFFIC SIGNAL,CLEAR,DAYLIGHT,REAR END,T-INTERSECTION,UNKNOWN,NO INJURY / DRIVE AWAY,true,true,"OVER $1,500",UNABLE TO DETERMINE,2,NO INDICATION OF INJURY,0,0,41.7516542034,-87.5809097451,60649,"CHICAGO MIDWAY AIRPORT, IL US",71.0,60.0,68.0,0.0,10.0,9.0
crash_00957,2025-12-01 13:00:00,2025,12,Dec,Mon,13,Daytime,30,NO CONTROLS,CLEAR,DAYLIGHT,REAR END,DIVIDED - W/MEDIAN (NOT RAISED),SNOW OR SLUSH,NO INJURY / DRIVE AWAY,,true,"$501 - $1,500",FOLLOWING TOO CLOSELY,2,NO INDICATION OF INJURY,0,0,41.6924670179,-87.6422353819,60628,,,,,,,
crash_00958,2025-02-07 19:28:00,2025,2,Feb,Fri,19,Night or early morning,30,NO CONTROLS,CLEAR,"DARKNESS, LIGHTED ROAD",TURNING,DIVIDED - W/MEDIAN BARRIER,DRY,INJURY AND / OR TOW DUE TO CRASH,,,"OVER $1,500",UNABLE TO DETERMINE,2,NO INDICATION OF INJURY,0,0,41.8003111944,-87.5872372024,60615,"CHICAGO MIDWAY AIRPORT, IL US",31.0,8.0,38.0,0.0,10.0,3.0