crash_id,crash_datetime,crash_year,crash_month,crash_month_name,crash_weekday_name,crash_hour,time_period,posted_speed_limit_mph,traffic_control_device,reported_weather_condition,reported_lighting_condition,first_crash_type,trafficway_type,reported_road_surface_condition,crash_type,intersection_related,hit_and_run,estimated_damage,primary_contributory_cause,unit_count,most_severe_injury,injuries_total,injuries_fatal,latitude,longitude,zip5,weather_station_name,temperature_f,dew_point_f,relative_humidity_percent,precipitation_inches,visibility_miles,wind_speed_mph
crash_00959,2022-08-18 00:12:00,2022,8,Aug,Thu,0,Night or early morning,30,NO CONTROLS,CLEAR,"DARKNESS, LIGHTED ROAD",PARKED MOTOR VEHICLE,NOT DIVIDED,DRY,INJURY AND / OR TOW DUE TO CRASH,,true,"OVER $1,500",UNABLE TO DETERMINE,3,NO INDICATION OF INJURY,0,0,41.6984491712,-87.6279058732,60628,"CHICAGO MIDWAY AIRPORT, IL US",72.0,60.0,66.0,,10.0,0.0
crash_00960,2024-02-02 09:40:00,2024,2,Feb,Fri,9,Morning commute,30,STOP SIGN/FLASHER,CLEAR,DAYLIGHT,TURNING,NOT DIVIDED,DRY,NO INJURY / DRIVE AWAY,,,"OVER $1,500",UNABLE TO DETERMINE,2,NO INDICATION OF INJURY,0,0,41.9641719736,-87.7130870796,60625,"CHICAGO OHARE INTERNATIONAL AIRPORT, IL US",38.0,32.0,79.0,0.0,10.0,14.0
crash_00961,2025-05-08 08:00:00,2025,5,May,Thu,8,Morning commute,30,UNKNOWN,UNKNOWN,DAYLIGHT,PEDESTRIAN,OTHER,UNKNOWN,INJURY AND / OR TOW DUE TO CRASH,,true,"OVER $1,500",UNABLE TO DETERMINE,2,NONINCAPACITATING INJURY,1,0,41.8953038464,-87.7211291036,60624,"CHICAGO MIDWAY AIRPORT, IL US",53.0,40.0,61.0,0.0,10.0,20.0
crash_00962,2022-11-04 23:47:00,2022,11,Nov,Fri,23,Night or early morning,30,NO CONTROLS,CLEAR,"DARKNESS, LIGHTED ROAD",PARKED MOTOR VEHICLE,ONE-WAY,DRY,INJURY AND / OR TOW DUE TO CRASH,,,"$501 - $1,500",UNDER THE INFLUENCE OF ALCOHOL/DRUGS (USE WHEN ARREST IS EFFECTED),2,NO INDICATION OF INJURY,0,0,41.691727861,-87.6280831786,60628,"CHICAGO MIDWAY AIRPORT, IL US",71.0,54.0,55.0,0.0,10.0,16.0
crash_00963,2024-10-29 20:37:00,2024,10,Oct,Tue,20,Night or early morning,30,TRAFFIC SIGNAL,CLEAR,"DARKNESS, LIGHTED ROAD",TURNING,NOT DIVIDED,DRY,NO INJURY / DRIVE AWAY,,,"OVER $1,500",UNABLE TO DETERMINE,2,NO INDICATION OF INJURY,0,0,41.7685815576,-87.654266966,60636,"CHICAGO MIDWAY AIRPORT, IL US",76.0,50.0,40.0,0.0,10.0,21.0
crash_00964,2022-09-30 11:55:00,2022,9,Sep,Fri,11,Daytime,30,NO CONTROLS,CLEAR,DAYLIGHT,REAR END,DIVIDED - W/MEDIAN (NOT RAISED),UNKNOWN,NO INJURY / DRIVE AWAY,,,$500 OR LESS,UNABLE TO DETERMINE,2,NO INDICATION OF INJURY,0,0,42.0123156475,-87.6936471848,60645,"CHICAGO OHARE INTERNATIONAL AIRPORT, IL US",62.0,45.0,54.0,0.0,10.0,5.0
crash_00965,2025-11-04 08:57:00,2025,11,Nov,Tue,8,Morning commute,25,TRAFFIC SIGNAL,CLEAR,DAYLIGHT,TURNING,NOT DIVIDED,DRY,NO INJURY / DRIVE AWAY,,,"$501 - $1,500",UNABLE TO DETERMINE,2,NO INDICATION OF INJURY,0,0,41.7587640293,-87.5763689125,60649,,,,,,,
crash_00966,2025-07-13 22:22:00,2025,7,Jul,Sun,22,Night or early morning,30,NO CONTROLS,CLEAR,"DARKNESS, LIGHTED ROAD",SIDESWIPE OPPOSITE DIRECTION,NOT DIVIDED,DRY,INJURY AND / OR TOW DUE TO CRASH,,,"OVER $1,500",UNABLE TO DETERMINE,3,NO INDICATION OF INJURY,0,0,41.7469445381,-87.704900052,60652,"CHICAGO MIDWAY AIRPORT, IL US",75.0,64.0,69.0,0.0,10.0,0.0
crash_00967,2018-04-23 07:40:00,2018,4,Apr,Mon,7,Morning commute,30,TRAFFIC SIGNAL,CLEAR,DAYLIGHT,SIDESWIPE SAME DIRECTION,NOT DIVIDED,DRY,NO INJURY / DRIVE AWAY,,,"OVER $1,500",IMPROPER OVERTAKING/PASSING,2,NO INDICATION OF INJURY,0,0,41.9611784957,-87.7181026024,60625,"CHICAGO OHARE INTERNATIONAL AIRPORT, IL US",47.0,28.0,48.0,0.0,10.0,13.0
crash_00968,2024-11-08 12:30:00,2024,11,Nov,Fri,12,Daytime,30,UNKNOWN,CLEAR,DAYLIGHT,TURNING,PARKING LOT,UNKNOWN,NO INJURY / DRIVE AWAY,,,"$501 - $1,500",FAILING TO YIELD RIGHT-OF-WAY,2,NO INDICATION OF INJURY,0,0,41.8889181736,-87.6444779729,60661,"CHICAGO MIDWAY AIRPORT, IL US",62.0,37.0,40.0,0.0,10.0,10.0
crash_00969,2019-08-06 23:00:00,2019,8,Aug,Tue,23,Night or early morning,30,NO CONTROLS,CLEAR,"DARKNESS, LIGHTED ROAD",PARKED MOTOR VEHICLE,NOT DIVIDED,DRY,INJURY AND / OR TOW DUE TO CRASH,,true,"OVER $1,500",UNABLE TO DETERMINE,3,NO INDICATION OF INJURY,0,0,41.7644224617,-87.5959582379,60619,"CHICAGO MIDWAY AIRPORT, IL US",74.0,66.0,76.0,0.0,10.0,0.0
crash_00970,2019-08-17 12:00:00,2019,8,Aug,Sat,12,Daytime,30,NO CONTROLS,UNKNOWN,UNKNOWN,PARKED MOTOR VEHICLE,ONE-WAY,UNKNOWN,NO INJURY / DRIVE AWAY,,true,"OVER $1,500",UNABLE TO DETERMINE,2,NO INDICATION OF INJURY,0,0,41.8060348182,-87.6037128158,60615,"CHICAGO MIDWAY AIRPORT, IL US",74.0,71.0,91.0,0.03,8.0,9.0
crash_00971,2018-10-02 09:45:00,2018,10,Oct,Tue,9,Morning commute,30,TRAFFIC SIGNAL,CLEAR,DAYLIGHT,ANGLE,DIVIDED - W/MEDIAN (NOT RAISED),DRY,INJURY AND / OR TOW DUE TO CRASH,true,,"OVER $1,500",DISREGARDING TRAFFIC SIGNALS,3,NO INDICATION OF INJURY,0,0,41.7651094319,-87.6445569518,60621,"CHICAGO MIDWAY AIRPORT, IL US",60.0,55.0,84.0,0.0,10.0,7.0
crash_00972,2023-04-17 10:00:00,2023,4,Apr,Mon,10,Daytime,30,NO CONTROLS,CLEAR,DAYLIGHT,PARKED MOTOR VEHICLE,NOT DIVIDED,DRY,NO INJURY / DRIVE AWAY,,true,"$501 - $1,500",UNABLE TO DETERMINE,2,NO INDICATION OF INJURY,0,0,41.9947352031,-87.7867839619,60646,"CHICAGO OHARE INTERNATIONAL AIRPORT, IL US",34.0,26.0,73.0,,10.0,17.0
crash_00973,2022-07-11 13:30:00,2022,7,Jul,Mon,13,Daytime,30,NO CONTROLS,CLEAR,DAYLIGHT,REAR END,NOT DIVIDED,DRY,NO INJURY / DRIVE AWAY,,true,"OVER $1,500",FOLLOWING TOO CLOSELY,2,NO INDICATION OF INJURY,0,0,41.8268211493,-87.6656278816,60609,"CHICAGO MIDWAY AIRPORT, IL US",80.0,68.0,67.0,0.0,10.0,16.0
crash_00974,2019-01-24 14:41:00,2019,1,Jan,Thu,14,Daytime,30,TRAFFIC SIGNAL,CLEAR,DAYLIGHT,REAR END,NOT DIVIDED,SNOW OR SLUSH,NO INJURY / DRIVE AWAY,,,"OVER $1,500",FOLLOWING TOO CLOSELY,2,NO INDICATION OF INJURY,0,0,41.8883627449,-87.622438851,60601,"CHICAGO MIDWAY AIRPORT, IL US",22.0,16.0,78.0,0.0,3.0,11.0
crash_00975,2020-09-04 11:00:00,2020,9,Sep,Fri,11,Daytime,30,NO CONTROLS,CLEAR,DAYLIGHT,SIDESWIPE SAME DIRECTION,NOT DIVIDED,DRY,NO INJURY / DRIVE AWAY,,,"$501 - $1,500","OPERATING VEHICLE IN ERRATIC, RECKLESS, CARELESS, NEGLIGENT OR AGGRESSIVE MANNER",2,NO INDICATION OF INJURY,0,0,41.8510301072,-87.6358546354,60616,"CHICAGO MIDWAY AIRPORT, IL US",71.0,40.0,32.0,0.0,10.0,13.0
crash_00976,2018-03-08 21:45:00,2018,3,Mar,Thu,21,Night or early morning,30,NO CONTROLS,CLEAR,"DARKNESS, LIGHTED ROAD",PARKED MOTOR VEHICLE,DIVIDED - W/MEDIAN (NOT RAISED),DRY,INJURY AND / OR TOW DUE TO CRASH,,true,"OVER $1,500",UNABLE TO DETERMINE,2,NONINCAPACITATING INJURY,1,0,41.9174469475,-87.7123112298,60647,"CHICAGO MIDWAY AIRPORT, IL US",29.0,18.0,63.0,0.0,10.0,8.0
crash_00977,2021-11-19 10:30:00,2021,11,Nov,Fri,10,Daytime,15,UNKNOWN,UNKNOWN,UNKNOWN,PARKED MOTOR VEHICLE,PARKING LOT,UNKNOWN,NO INJURY / DRIVE AWAY,,true,"OVER $1,500",UNABLE TO DETERMINE,2,NO INDICATION OF INJURY,0,0,41.6766600804,-87.6357068297,60628,"CHICAGO MIDWAY AIRPORT, IL US",37.0,17.0,44.0,0.0,10.0,9.0
crash_00978,2024-03-15 07:00:00,2024,3,Mar,Fri,7,Morning commute,10,NO CONTROLS,CLEAR,DAYLIGHT,PARKED MOTOR VEHICLE,PARKING LOT,DRY,NO INJURY / DRIVE AWAY,,,$500 OR LESS,UNABLE TO DETERMINE,2,NO INDICATION OF INJURY,0,0,41.9689262366,-87.6745864921,60640,"CHICAGO OHARE INTERNATIONAL AIRPORT, IL US",37.0,34.0,89.0,0.0,10.0,14.0
crash_00979,2018-09-02 22:30:00,2018,9,Sep,Sun,22,Night or early morning,30,TRAFFIC SIGNAL,CLEAR,"DARKNESS, LIGHTED ROAD",ANGLE,DIVIDED - W/MEDIAN (NOT RAISED),DRY,INJURY AND / OR TOW DUE TO CRASH,true,,"OVER $1,500",DISREGARDING TRAFFIC SIGNALS,2,NONINCAPACITATING INJURY,1,0,41.9757782458,-87.7782426209,60630,"CHICAGO OHARE INTERNATIONAL AIRPORT, IL US",76.0,68.0,77.0,0.01,10.0,0.0
crash_00980,2018-01-24 15:30:00,2018,1,Jan,Wed,15,Evening commute,25,NO CONTROLS,CLEAR,DAYLIGHT,PARKED MOTOR VEHICLE,DIVIDED - W/MEDIAN (NOT RAISED),DRY,NO INJURY / DRIVE AWAY,,true,"$501 - $1,500",UNABLE TO DETERMINE,2,NO INDICATION OF INJURY,0,0,41.8937253279,-87.7172378945,60624,"CHICAGO MIDWAY AIRPORT, IL US",30.0,22.0,72.0,0.0,10.0,6.0
crash_00981,2025-04-23 08:46:00,2025,4,Apr,Wed,8,Morning commute,30,TRAFFIC SIGNAL,RAIN,DAYLIGHT,ANGLE,FOUR WAY,WET,NO INJURY / DRIVE AWAY,true,,"OVER $1,500",DISREGARDING TRAFFIC SIGNALS,2,NO INDICATION OF INJURY,0,0,41.8924913615,-87.6295307323,60654,"CHICAGO MIDWAY AIRPORT, IL US",59.0,55.0,87.0,0.01,10.0,8.0
crash_00982,2025-06-19 01:17:00,2025,6,Jun,Thu,1,Night or early morning,30,TRAFFIC SIGNAL,RAIN,DUSK,REAR END,FOUR WAY,WET,INJURY AND / OR TOW DUE TO CRASH,true,,"OVER $1,500",FAILING TO REDUCE SPEED TO AVOID CRASH,2,NO INDICATION OF INJURY,0,0,41.9241374442,-87.7461514534,60639,"CHICAGO MIDWAY AIRPORT, IL US",68.0,65.0,90.0,0.28,1.25,10.0
crash_00983,2025-11-03 13:45:00,2025,11,Nov,Mon,13,Daytime,35,TRAFFIC SIGNAL,CLEAR,DAYLIGHT,PEDALCYCLIST,FOUR WAY,UNKNOWN,INJURY AND / OR TOW DUE TO CRASH,true,,"OVER $1,500",FAILING TO YIELD RIGHT-OF-WAY,2,NONINCAPACITATING INJURY,2,0,41.8273701902,-87.6233126619,60653,,,,,,,
crash_00984,2025-01-28 22:36:00,2025,1,Jan,Tue,22,Night or early morning,15,NO CONTROLS,CLEAR,"DARKNESS, LIGHTED ROAD",SIDESWIPE SAME DIRECTION,OTHER,DRY,NO INJURY / DRIVE AWAY,,true,"OVER $1,500",NOT APPLICABLE,2,NO INDICATION OF INJURY,0,0,41.9610767518,-87.7083085968,60618,"CHICAGO OHARE INTERNATIONAL AIRPORT, IL US",45.0,24.0,44.0,0.0,10.0,13.0
crash_00985,2025-10-28 01:03:00,2025,10,Oct,Tue,1,Night or early morning,30,NO CONTROLS,CLEAR,DARKNESS,FIXED OBJECT,DIVIDED - W/MEDIAN (NOT RAISED),DRY,INJURY AND / OR TOW DUE TO CRASH,,true,"OVER $1,500",UNABLE TO DETERMINE,1,NONINCAPACITATING INJURY,1,0,41.7537979478,-87.6705778772,60620,,,,,,,
crash_00986,2021-12-11 22:00:00,2021,12,Dec,Sat,22,Night or early morning,25,NO CONTROLS,CLEAR,"DARKNESS, LIGHTED ROAD",PARKED MOTOR VEHICLE,UNKNOWN,DRY,NO INJURY / DRIVE AWAY,,true,"$501 - $1,500",UNABLE TO DETERMINE,2,NO INDICATION OF INJURY,0,0,41.8102619618,-87.7002335625,60632,"CHICAGO MIDWAY AIRPORT, IL US",34.0,24.0,67.0,0.0,10.0,9.0
crash_00987,2019-06-17 18:34:00,2019,6,Jun,Mon,18,Evening commute,30,STOP SIGN/FLASHER,CLOUDY/OVERCAST,DAYLIGHT,REAR END,DIVIDED - W/MEDIAN (NOT RAISED),DRY,INJURY AND / OR TOW DUE TO CRASH,,true,"$501 - $1,500",UNABLE TO DETERMINE,2,NONINCAPACITATING INJURY,1,0,41.7749553658,-87.5946032908,60637,"CHICAGO MIDWAY AIRPORT, IL US",63.0,56.0,78.0,0.0,9.0,8.0
crash_00988,2018-04-28 17:20:00,2018,4,Apr,Sat,17,Evening commute,30,TRAFFIC SIGNAL,CLEAR,DAYLIGHT,TURNING,CENTER TURN LANE,DRY,NO INJURY / DRIVE AWAY,true,,"$501 - $1,500",IMPROPER LANE USAGE,2,NO INDICATION OF INJURY,0,0,41.9982717615,-87.6607027833,60626,"CHICAGO OHARE INTERNATIONAL AIRPORT, IL US",47.0,20.0,34.0,0.0,10.0,20.0
crash_00989,2020-10-28 12:03:00,2020,10,Oct,Wed,12,Daytime,25,NO CONTROLS,CLEAR,DAYLIGHT,PARKED MOTOR VEHICLE,OTHER,DRY,INJURY AND / OR TOW DUE TO CRASH,,false,"OVER $1,500","OPERATING VEHICLE IN ERRATIC, RECKLESS, CARELESS, NEGLIGENT OR AGGRESSIVE MANNER",2,NO INDICATION OF INJURY,0,0,41.884175151,-87.7226819208,60624,"CHICAGO MIDWAY AIRPORT, IL US",46.0,24.0,42.0,0.0,10.0,10.0
crash_00990,2022-06-18 11:00:00,2022,6,Jun,Sat,11,Daytime,10,NO CONTROLS,CLEAR,DAYLIGHT,PARKED MOTOR VEHICLE,PARKING LOT,DRY,NO INJURY / DRIVE AWAY,,,"$501 - $1,500",UNABLE TO DETERMINE,2,NO INDICATION OF INJURY,0,0,41.7963804895,-87.7573475722,60638,"CHICAGO MIDWAY AIRPORT, IL US",72.0,43.0,35.0,0.0,10.0,11.0
crash_00991,2018-09-20 14:30:00,2018,9,Sep,Thu,14,Daytime,30,NO CONTROLS,CLEAR,DAYLIGHT,SIDESWIPE SAME DIRECTION,DIVIDED - W/MEDIAN BARRIER,DRY,INJURY AND / OR TOW DUE TO CRASH,,,"OVER $1,500",IMPROPER OVERTAKING/PASSING,5,NONINCAPACITATING INJURY,1,0,41.8831342959,-87.637191526,60606,"CHICAGO MIDWAY AIRPORT, IL US",95.0,70.0,44.0,0.0,10.0,15.0
crash_00992,2018-10-23 11:45:00,2018,10,Oct,Tue,11,Daytime,35,NO CONTROLS,CLEAR,DAYLIGHT,REAR END,DIVIDED - W/MEDIAN (NOT RAISED),DRY,INJURY AND / OR TOW DUE TO CRASH,,,"OVER $1,500",FOLLOWING TOO CLOSELY,2,"REPORTED, NOT EVIDENT",1,0,41.9758298384,-87.7111821487,60625,"CHICAGO OHARE INTERNATIONAL AIRPORT, IL US",50.0,35.0,57.0,0.0,10.0,7.0
crash_00993,2020-07-09 03:45:00,2020,7,Jul,Thu,3,Night or early morning,30,NO CONTROLS,CLEAR,"DARKNESS, LIGHTED ROAD",FIXED OBJECT,DIVIDED - W/MEDIAN (NOT RAISED),DRY,INJURY AND / OR TOW DUE TO CRASH,,,"OVER $1,500",UNABLE TO DETERMINE,1,,,,41.8952228853,-87.7279708432,60624,"CHICAGO MIDWAY AIRPORT, IL US",77.0,68.0,74.0,0.0,10.0,6.0
crash_00994,2022-12-26 13:45:00,2022,12,Dec,Mon,13,Daytime,30,NO CONTROLS,CLOUDY/OVERCAST,DAYLIGHT,PARKED MOTOR VEHICLE,NOT DIVIDED,WET,NO INJURY / DRIVE AWAY,,,"$501 - $1,500",UNABLE TO DETERMINE,2,NO INDICATION OF INJURY,0,0,41.9439088715,-87.663783661,60657,"CHICAGO MIDWAY AIRPORT, IL US",21.0,13.0,71.0,0.0,10.0,6.0
crash_00995,2025-10-21 13:30:00,2025,10,Oct,Tue,13,Daytime,30,TRAFFIC SIGNAL,CLEAR,DAYLIGHT,SIDESWIPE SAME DIRECTION,Y-INTERSECTION,DRY,NO INJURY / DRIVE AWAY,,,"$501 - $1,500",IMPROPER OVERTAKING/PASSING,2,NO INDICATION OF INJURY,0,0,41.9973348399,-87.7875905767,60646,,,,,,,
crash_00996,2020-10-05 13:30:00,2020,10,Oct,Mon,13,Daytime,30,UNKNOWN,CLEAR,DAYLIGHT,PARKED MOTOR VEHICLE,ONE-WAY,UNKNOWN,NO INJURY / DRIVE AWAY,,,"$501 - $1,500",UNABLE TO DETERMINE,2,NO INDICATION OF INJURY,0,0,41.9714825505,-87.7711351159,60630,"CHICAGO OHARE INTERNATIONAL AIRPORT, IL US",60.0,31.0,33.0,0.0,10.0,9.0
crash_00997,2023-07-30 22:00:00,2023,7,Jul,Sun,22,Night or early morning,30,NO CONTROLS,CLEAR,"DARKNESS, LIGHTED ROAD",SIDESWIPE SAME DIRECTION,ONE-WAY,UNKNOWN,NO INJURY / DRIVE AWAY,,true,"OVER $1,500",UNABLE TO DETERMINE,2,NO INDICATION OF INJURY,0,0,41.8845433977,-87.6423313867,60661,"CHICAGO MIDWAY AIRPORT, IL US",73.0,51.0,46.0,0.0,10.0,6.0
crash_00998,2020-05-09 16:00:00,2020,5,May,Sat,16,Evening commute,30,TRAFFIC SIGNAL,CLEAR,DAYLIGHT,PARKED MOTOR VEHICLE,NOT DIVIDED,DRY,NO INJURY / DRIVE AWAY,,true,"$501 - $1,500",IMPROPER BACKING,2,NO INDICATION OF INJURY,0,0,41.8851941741,-87.6264132644,60601,"CHICAGO MIDWAY AIRPORT, IL US",57.0,18.0,22.0,0.0,10.0,11.0
crash_00999,2023-04-06 09:50:00,2023,4,Apr,Thu,9,Morning commute,0,NO CONTROLS,CLEAR,DAYLIGHT,PARKED MOTOR VEHICLE,ONE-WAY,DRY,INJURY AND / OR TOW DUE TO CRASH,,true,"OVER $1,500",UNABLE TO DETERMINE,2,NO INDICATION OF INJURY,0,0,41.8717113608,-87.7296016499,60624,"CHICAGO MIDWAY AIRPORT, IL US",39.0,22.0,50.0,0.0,10.0,11.0
crash_01000,2024-10-13 13:00:00,2024,10,Oct,Sun,13,Daytime,30,NO CONTROLS,CLEAR,DAYLIGHT,REAR END,NOT DIVIDED,DRY,NO INJURY / DRIVE AWAY,,,$500 OR LESS,FOLLOWING TOO CLOSELY,2,NO INDICATION OF INJURY,0,0,41.8253526579,-87.6945377385,60632,"CHICAGO MIDWAY AIRPORT, IL US",66.0,47.0,50.0,0.0,10.0,16.0
crash_01001,2020-06-10 15:59:00,2020,6,Jun,Wed,15,Evening commute,30,TRAFFIC SIGNAL,CLEAR,DAYLIGHT,REAR END,FOUR WAY,DRY,INJURY AND / OR TOW DUE TO CRASH,,,"OVER $1,500",UNABLE TO DETERMINE,2,NONINCAPACITATING INJURY,1,0,41.722257273,-87.5852755651,60628,"CHICAGO MIDWAY AIRPORT, IL US",72.0,54.0,53.0,0.0,10.0,28.0
crash_01002,2021-09-11 09:20:00,2021,9,Sep,Sat,9,Morning commute,30,TRAFFIC SIGNAL,CLEAR,DAYLIGHT,PEDESTRIAN,FOUR WAY,DRY,INJURY AND / OR TOW DUE TO CRASH,true,,"$501 - $1,500",UNABLE TO DETERMINE,2,NONINCAPACITATING INJURY,1,0,41.9733869938,-87.6697059944,60640,"CHICAGO OHARE INTERNATIONAL AIRPORT, IL US",70.0,61.0,73.0,0.0,10.0,11.0
crash_01003,2020-03-17 02:45:00,2020,3,Mar,Tue,2,Night or early morning,30,NO CONTROLS,CLEAR,DARKNESS,PARKED MOTOR VEHICLE,PARKING LOT,DRY,NO INJURY / DRIVE AWAY,,,"OVER $1,500",UNABLE TO DETERMINE,2,NO INDICATION OF INJURY,0,0,41.8868512629,-87.7456535196,60644,"CHICAGO MIDWAY AIRPORT, IL US",39.0,35.0,86.0,0.0,6.0,9.0
crash_01004,2018-08-17 17:56:00,2018,8,Aug,Fri,17,Evening commute,15,NO CONTROLS,CLEAR,DAYLIGHT,PARKED MOTOR VEHICLE,ALLEY,DRY,INJURY AND / OR TOW DUE TO CRASH,,,"OVER $1,500",UNDER THE INFLUENCE OF ALCOHOL/DRUGS (USE WHEN ARREST IS EFFECTED),3,NO INDICATION OF INJURY,0,0,41.8056478181,-87.6626058462,60609,"CHICAGO MIDWAY AIRPORT, IL US",78.0,68.0,71.0,0.0,10.0,9.0
crash_01005,2018-02-08 12:15:00,2018,2,Feb,Thu,12,Daytime,30,NO CONTROLS,CLEAR,DAYLIGHT,REAR END,PARKING LOT,SNOW OR SLUSH,NO INJURY / DRIVE AWAY,,,"OVER $1,500",IMPROPER BACKING,2,NO INDICATION OF INJURY,0,0,41.7657907704,-87.6639668865,60636,"CHICAGO MIDWAY AIRPORT, IL US",17.0,7.0,64.0,0.0,10.0,11.0
crash_01006,2018-01-20 11:30:00,2018,1,Jan,Sat,11,Daytime,30,TRAFFIC SIGNAL,UNKNOWN,DAYLIGHT,SIDESWIPE SAME DIRECTION,NOT DIVIDED,UNKNOWN,NO INJURY / DRIVE AWAY,,true,"OVER $1,500",IMPROPER OVERTAKING/PASSING,2,NO INDICATION OF INJURY,0,0,41.7358986171,-87.6631287809,60620,"CHICAGO MIDWAY AIRPORT, IL US",43.0,32.0,65.0,0.0,10.0,13.0
crash_01007,2022-10-28 14:50:00,2022,10,Oct,Fri,14,Daytime,30,NO CONTROLS,CLEAR,DAYLIGHT,PARKED MOTOR VEHICLE,NOT DIVIDED,DRY,NO INJURY / DRIVE AWAY,,true,"OVER $1,500",UNABLE TO DETERMINE,2,NO INDICATION OF INJURY,0,0,41.7458214012,-87.7161072522,60652,"CHICAGO MIDWAY AIRPORT, IL US",60.0,37.0,42.0,0.0,10.0,8.0
crash_01008,2021-06-04 15:04:00,2021,6,Jun,Fri,15,Evening commute,30,NO CONTROLS,CLEAR,DAYLIGHT,REAR END,ONE-WAY,DRY,INJURY AND / OR TOW DUE TO CRASH,,,"OVER $1,500",UNABLE TO DETERMINE,2,NO INDICATION OF INJURY,0,0,41.8956739051,-87.6363716738,60654,"CHICAGO MIDWAY AIRPORT, IL US",90.0,48.0,24.0,0.0,10.0,15.0
crash_01009,2024-02-08 20:12:00,2024,2,Feb,Thu,20,Night or early morning,30,TRAFFIC SIGNAL,RAIN,"DARKNESS, LIGHTED ROAD",REAR TO FRONT,NOT DIVIDED,WET,NO INJURY / DRIVE AWAY,true,,"OVER $1,500",IMPROPER BACKING,2,NO INDICATION OF INJURY,0,0,41.883261677,-87.6371946643,60606,"CHICAGO MIDWAY AIRPORT, IL US",55.0,48.0,77.0,0.0,10.0,22.0
crash_01010,2022-09-29 09:00:00,2022,9,Sep,Thu,9,Morning commute,30,NO CONTROLS,CLEAR,DAYLIGHT,TURNING,NOT DIVIDED,UNKNOWN,NO INJURY / DRIVE AWAY,,,"OVER $1,500",UNABLE TO DETERMINE,2,NO INDICATION OF INJURY,0,0,41.6922129693,-87.6630644986,60643,"CHICAGO MIDWAY AIRPORT, IL US",54.0,42.0,64.0,0.0,10.0,3.0
crash_01011,2025-09-03 18:47:00,2025,9,Sep,Wed,18,Evening commute,25,NO CONTROLS,RAIN,DUSK,SIDESWIPE SAME DIRECTION,ONE-WAY,WET,INJURY AND / OR TOW DUE TO CRASH,,,$500 OR LESS,IMPROPER OVERTAKING/PASSING,2,"REPORTED, NOT EVIDENT",1,0,41.8835264917,-87.6260821968,60602,,,,,,,
crash_01012,2022-12-13 08:30:00,2022,12,Dec,Tue,8,Morning commute,30,NO CONTROLS,CLEAR,DAYLIGHT,REAR END,NOT DIVIDED,DRY,NO INJURY / DRIVE AWAY,,true,"OVER $1,500",UNABLE TO DETERMINE,3,NO INDICATION OF INJURY,0,0,41.7897908215,-87.7035987697,60629,"CHICAGO MIDWAY AIRPORT, IL US",36.0,27.0,70.0,0.0,10.0,13.0
crash_01013,2025-05-06 19:30:00,2025,5,May,Tue,19,Night or early morning,15,NO CONTROLS,UNKNOWN,UNKNOWN,ANGLE,PARKING LOT,UNKNOWN,INJURY AND / OR TOW DUE TO CRASH,,,"OVER $1,500",UNABLE TO DETERMINE,2,"REPORTED, NOT EVIDENT",1,0,41.9237693534,-87.787626099,60707,"CHICAGO OHARE INTERNATIONAL AIRPORT, IL US",68.0,49.0,51.0,0.0,10.0,3.0
crash_01014,2024-12-23 15:00:00,2024,12,Dec,Mon,15,Evening commute,30,TRAFFIC SIGNAL,RAIN,DAYLIGHT,PARKED MOTOR VEHICLE,DIVIDED - W/MEDIAN (NOT RAISED),WET,NO INJURY / DRIVE AWAY,true,true,$500 OR LESS,IMPROPER OVERTAKING/PASSING,3,NO INDICATION OF INJURY,0,0,41.9040118725,-87.6313756075,60610,"CHICAGO MIDWAY AIRPORT, IL US",41.0,30.0,65.0,,10.0,9.0
crash_01015,2021-04-17 18:30:00,2021,4,Apr,Sat,18,Evening commute,35,TRAFFIC SIGNAL,RAIN,DAYLIGHT,REAR END,NOT DIVIDED,DRY,NO INJURY / DRIVE AWAY,,true,"OVER $1,500",FOLLOWING TOO CLOSELY,2,NO INDICATION OF INJURY,0,0,41.9112496561,-87.6333002484,60614,"CHICAGO MIDWAY AIRPORT, IL US",49.0,26.0,41.0,0.0,10.0,10.0
crash_01016,2018-11-16 22:44:00,2018,11,Nov,Fri,22,Night or early morning,30,STOP SIGN/FLASHER,CLEAR,"DARKNESS, LIGHTED ROAD",ANGLE,NOT DIVIDED,DRY,NO INJURY / DRIVE AWAY,true,true,$500 OR LESS,FAILING TO YIELD RIGHT-OF-WAY,2,NO INDICATION OF INJURY,0,0,41.8857969415,-87.6457008083,60661,"CHICAGO MIDWAY AIRPORT, IL US",35.0,27.0,72.0,0.0,10.0,9.0
crash_01017,2023-02-26 11:30:00,2023,2,Feb,Sun,11,Daytime,30,TRAFFIC SIGNAL,CLEAR,DAYLIGHT,REAR TO FRONT,DIVIDED - W/MEDIAN (NOT RAISED),DRY,NO INJURY / DRIVE AWAY,,true,"OVER $1,500",FOLLOWING TOO CLOSELY,2,NO INDICATION OF INJURY,0,0,41.990024694,-87.728708871,60646,"CHICAGO OHARE INTERNATIONAL AIRPORT, IL US",46.0,24.0,42.0,0.0,10.0,5.0
crash_01018,2023-06-28 22:55:00,2023,6,Jun,Wed,22,Night or early morning,20,UNKNOWN,CLEAR,"DARKNESS, LIGHTED ROAD",PARKED MOTOR VEHICLE,NOT DIVIDED,DRY,NO INJURY / DRIVE AWAY,,,"OVER $1,500",DRIVING SKILLS/KNOWLEDGE/EXPERIENCE,2,NO INDICATION OF INJURY,0,0,41.8539010279,-87.6350236843,60616,"CHICAGO MIDWAY AIRPORT, IL US",76.0,56.0,50.0,0.0,1.75,9.0