crash_id,crash_datetime,crash_year,crash_month,crash_month_name,crash_weekday_name,crash_hour,time_period,posted_speed_limit_mph,traffic_control_device,reported_weather_condition,reported_lighting_condition,first_crash_type,trafficway_type,reported_road_surface_condition,crash_type,intersection_related,hit_and_run,estimated_damage,primary_contributory_cause,unit_count,most_severe_injury,injuries_total,injuries_fatal,latitude,longitude,zip5,weather_station_name,temperature_f,dew_point_f,relative_humidity_percent,precipitation_inches,visibility_miles,wind_speed_mph
crash_01019,2022-05-09 12:00:00,2022,5,May,Mon,12,Daytime,30,TRAFFIC SIGNAL,CLEAR,DAYLIGHT,TURNING,FOUR WAY,DRY,INJURY AND / OR TOW DUE TO CRASH,true,,"OVER $1,500",UNABLE TO DETERMINE,2,INCAPACITATING INJURY,1,0,41.9902123256,-87.7140436153,60659,"CHICAGO OHARE INTERNATIONAL AIRPORT, IL US",73.0,55.0,53.0,0.0,10.0,16.0
crash_01020,2022-12-25 14:30:00,2022,12,Dec,Sun,14,Daytime,25,NO CONTROLS,UNKNOWN,UNKNOWN,SIDESWIPE SAME DIRECTION,ONE-WAY,UNKNOWN,NO INJURY / DRIVE AWAY,,,"OVER $1,500",UNABLE TO DETERMINE,2,NO INDICATION OF INJURY,0,0,41.7948944892,-87.5916098358,60615,"CHICAGO MIDWAY AIRPORT, IL US",13.0,2.0,61.0,0.0,10.0,15.0
crash_01021,2023-03-20 13:55:00,2023,3,Mar,Mon,13,Daytime,30,NO CONTROLS,CLEAR,DAYLIGHT,REAR END,NOT DIVIDED,DRY,NO INJURY / DRIVE AWAY,false,,"OVER $1,500",FAILING TO REDUCE SPEED TO AVOID CRASH,3,NO INDICATION OF INJURY,0,0,41.9607684714,-87.7523594211,60630,"CHICAGO OHARE INTERNATIONAL AIRPORT, IL US",50.0,9.0,19.0,0.0,10.0,22.0
crash_01022,2022-01-20 08:20:00,2022,1,Jan,Thu,8,Morning commute,30,NO CONTROLS,CLEAR,DAYLIGHT,SIDESWIPE SAME DIRECTION,NOT DIVIDED,DRY,NO INJURY / DRIVE AWAY,,,$500 OR LESS,IMPROPER LANE USAGE,2,NO INDICATION OF INJURY,0,0,41.9156505514,-87.6875075451,60647,"CHICAGO MIDWAY AIRPORT, IL US",10.0,-3.0,55.0,0.0,10.0,11.0
crash_01023,2019-02-08 14:50:00,2019,2,Feb,Fri,14,Daytime,30,NO CONTROLS,CLEAR,DAYLIGHT,TURNING,DIVIDED - W/MEDIAN (NOT RAISED),DRY,NO INJURY / DRIVE AWAY,,,"OVER $1,500",DRIVING SKILLS/KNOWLEDGE/EXPERIENCE,3,NO INDICATION OF INJURY,0,0,41.721981278,-87.6142925253,60619,"CHICAGO MIDWAY AIRPORT, IL US",15.0,1.0,53.0,0.0,10.0,18.0
crash_01024,2022-03-20 10:10:00,2022,3,Mar,Sun,10,Daytime,30,NO CONTROLS,CLEAR,DAYLIGHT,TURNING,T-INTERSECTION,DRY,NO INJURY / DRIVE AWAY,true,,"OVER $1,500",FAILING TO YIELD RIGHT-OF-WAY,2,NO INDICATION OF INJURY,0,0,41.938895665,-87.7175332904,60618,"CHICAGO MIDWAY AIRPORT, IL US",47.0,35.0,63.0,0.0,10.0,3.0
crash_01025,2021-08-11 08:09:00,2021,8,Aug,Wed,8,Morning commute,35,TRAFFIC SIGNAL,CLEAR,DAYLIGHT,TURNING,NOT DIVIDED,DRY,INJURY AND / OR TOW DUE TO CRASH,true,,"OVER $1,500",FAILING TO REDUCE SPEED TO AVOID CRASH,2,NONINCAPACITATING INJURY,1,0,41.6829093014,-87.6616660896,60643,"CHICAGO MIDWAY AIRPORT, IL US",78.0,72.0,82.0,,10.0,13.0
crash_01026,2018-06-29 01:00:00,2018,6,Jun,Fri,1,Night or early morning,20,NO CONTROLS,UNKNOWN,DARKNESS,PARKED MOTOR VEHICLE,ONE-WAY,DRY,NO INJURY / DRIVE AWAY,,true,"$501 - $1,500",UNABLE TO DETERMINE,2,NO INDICATION OF INJURY,0,0,41.6831034788,-87.6463780743,60643,"CHICAGO MIDWAY AIRPORT, IL US",78.0,70.0,76.0,0.0,10.0,5.0
crash_01027,2023-12-22 18:31:00,2023,12,Dec,Fri,18,Evening commute,30,NO CONTROLS,RAIN,"DARKNESS, LIGHTED ROAD",REAR END,FOUR WAY,WET,NO INJURY / DRIVE AWAY,,,"$501 - $1,500",FOLLOWING TOO CLOSELY,2,NO INDICATION OF INJURY,0,0,41.9791245392,-87.787661245,60630,"CHICAGO OHARE INTERNATIONAL AIRPORT, IL US",45.0,43.0,93.0,0.06,4.0,6.0
crash_01028,2018-01-25 10:33:00,2018,1,Jan,Thu,10,Daytime,25,OTHER,CLEAR,DAYLIGHT,FIXED OBJECT,OTHER,OTHER,NO INJURY / DRIVE AWAY,,,"OVER $1,500","OPERATING VEHICLE IN ERRATIC, RECKLESS, CARELESS, NEGLIGENT OR AGGRESSIVE MANNER",2,NO INDICATION OF INJURY,0,0,41.8984942111,-87.7177809031,60651,"CHICAGO MIDWAY AIRPORT, IL US",36.0,28.0,73.0,0.0,10.0,15.0
crash_01029,2018-05-28 10:55:00,2018,5,May,Mon,10,Daytime,30,NO CONTROLS,CLEAR,DAYLIGHT,OTHER OBJECT,DIVIDED - W/MEDIAN (NOT RAISED),DRY,NO INJURY / DRIVE AWAY,,,"OVER $1,500",NOT APPLICABLE,1,NO INDICATION OF INJURY,0,0,41.9178397401,-87.7756599691,60639,"CHICAGO OHARE INTERNATIONAL AIRPORT, IL US",82.0,59.0,46.0,0.0,10.0,28.0
crash_01030,2024-09-23 12:30:00,2024,9,Sep,Mon,12,Daytime,20,NO CONTROLS,CLEAR,DAYLIGHT,PARKED MOTOR VEHICLE,NOT DIVIDED,DRY,NO INJURY / DRIVE AWAY,,true,"OVER $1,500",UNABLE TO DETERMINE,2,NO INDICATION OF INJURY,0,0,41.8086436475,-87.7325589462,60632,"CHICAGO MIDWAY AIRPORT, IL US",67.0,49.0,53.0,0.0,10.0,7.0
crash_01031,2018-03-08 17:30:00,2018,3,Mar,Thu,17,Evening commute,30,NO CONTROLS,UNKNOWN,UNKNOWN,PARKED MOTOR VEHICLE,NOT DIVIDED,DRY,NO INJURY / DRIVE AWAY,,true,"$501 - $1,500",UNABLE TO DETERMINE,2,NO INDICATION OF INJURY,0,0,41.9703835193,-87.684834027,60625,"CHICAGO OHARE INTERNATIONAL AIRPORT, IL US",31.0,16.0,54.0,0.0,10.0,13.0
crash_01032,2021-10-08 21:15:00,2021,10,Oct,Fri,21,Night or early morning,30,NO CONTROLS,CLEAR,DARKNESS,REAR END,DIVIDED - W/MEDIAN BARRIER,DRY,NO INJURY / DRIVE AWAY,,,"OVER $1,500",FOLLOWING TOO CLOSELY,2,NO INDICATION OF INJURY,0,0,41.925129663,-87.7464773398,60639,"CHICAGO MIDWAY AIRPORT, IL US",65.0,59.0,81.0,0.0,10.0,5.0
crash_01033,2022-03-09 17:15:00,2022,3,Mar,Wed,17,Evening commute,30,NO CONTROLS,CLEAR,DUSK,PARKED MOTOR VEHICLE,DIVIDED - W/MEDIAN (NOT RAISED),DRY,NO INJURY / DRIVE AWAY,,,"OVER $1,500",UNABLE TO DETERMINE,2,NO INDICATION OF INJURY,0,0,41.9683772425,-87.7045917588,60625,"CHICAGO OHARE INTERNATIONAL AIRPORT, IL US",38.0,18.0,44.0,0.0,10.0,10.0
crash_01034,2018-04-23 16:30:00,2018,4,Apr,Mon,16,Evening commute,30,STOP SIGN/FLASHER,CLEAR,DAYLIGHT,ANGLE,NOT DIVIDED,DRY,NO INJURY / DRIVE AWAY,,,"OVER $1,500",NOT APPLICABLE,2,NO INDICATION OF INJURY,0,0,41.791777111,-87.6938910456,60629,"CHICAGO MIDWAY AIRPORT, IL US",60.0,30.0,32.0,0.0,10.0,16.0
crash_01035,2018-11-13 17:30:00,2018,11,Nov,Tue,17,Evening commute,30,TRAFFIC SIGNAL,CLEAR,"DARKNESS, LIGHTED ROAD",REAR END,DIVIDED - W/MEDIAN (NOT RAISED),DRY,NO INJURY / DRIVE AWAY,,true,"OVER $1,500",UNABLE TO DETERMINE,2,NO INDICATION OF INJURY,0,0,41.9028961054,-87.7118064427,60651,"CHICAGO MIDWAY AIRPORT, IL US",26.0,9.0,48.0,0.0,10.0,6.0
crash_01036,2020-02-19 21:41:00,2020,2,Feb,Wed,21,Night or early morning,30,NO CONTROLS,CLEAR,"DARKNESS, LIGHTED ROAD",FIXED OBJECT,NOT DIVIDED,DRY,INJURY AND / OR TOW DUE TO CRASH,,,"OVER $1,500",UNDER THE INFLUENCE OF ALCOHOL/DRUGS (USE WHEN ARREST IS EFFECTED),1,NONINCAPACITATING INJURY,1,0,41.8845132875,-87.6923072633,60612,"CHICAGO MIDWAY AIRPORT, IL US",22.0,2.0,42.0,0.0,10.0,14.0
crash_01037,2022-08-29 15:31:00,2022,8,Aug,Mon,15,Evening commute,30,TRAFFIC SIGNAL,CLEAR,DAYLIGHT,TURNING,ONE-WAY,DRY,NO INJURY / DRIVE AWAY,,true,"OVER $1,500",IMPROPER LANE USAGE,2,NO INDICATION OF INJURY,0,0,41.8671342083,-87.6442375198,60607,"CHICAGO MIDWAY AIRPORT, IL US",79.0,69.0,72.0,0.0,10.0,9.0
crash_01038,2023-01-31 08:25:00,2023,1,Jan,Tue,8,Morning commute,10,NO CONTROLS,CLEAR,DAYLIGHT,ANGLE,ALLEY,SNOW OR SLUSH,NO INJURY / DRIVE AWAY,,,$500 OR LESS,UNABLE TO DETERMINE,2,NO INDICATION OF INJURY,0,0,41.98404878,-87.6637115524,60660,"CHICAGO OHARE INTERNATIONAL AIRPORT, IL US",5.0,-6.0,60.0,0.0,10.0,3.0
crash_01039,2019-04-26 15:00:00,2019,4,Apr,Fri,15,Evening commute,35,UNKNOWN,CLEAR,DAYLIGHT,SIDESWIPE SAME DIRECTION,NOT DIVIDED,UNKNOWN,NO INJURY / DRIVE AWAY,,true,"$501 - $1,500",UNABLE TO DETERMINE,2,NO INDICATION OF INJURY,0,0,41.7733684085,-87.5766385522,60649,"CHICAGO MIDWAY AIRPORT, IL US",64.0,29.0,27.0,0.0,10.0,20.0
crash_01040,2018-06-26 09:45:00,2018,6,Jun,Tue,9,Morning commute,20,NO CONTROLS,CLOUDY/OVERCAST,DAYLIGHT,REAR END,NOT DIVIDED,WET,NO INJURY / DRIVE AWAY,,,"OVER $1,500",UNABLE TO DETERMINE,2,NO INDICATION OF INJURY,0,0,41.9034553165,-87.667558994,60622,"CHICAGO MIDWAY AIRPORT, IL US",71.0,66.0,84.0,0.0,10.0,11.0
crash_01041,2019-03-05 12:57:00,2019,3,Mar,Tue,12,Daytime,30,TRAFFIC SIGNAL,CLEAR,DAYLIGHT,REAR END,DIVIDED - W/MEDIAN (NOT RAISED),DRY,NO INJURY / DRIVE AWAY,,,$500 OR LESS,CELL PHONE USE OTHER THAN TEXTING,2,NO INDICATION OF INJURY,0,0,41.9464683117,-87.7286160649,60641,"CHICAGO OHARE INTERNATIONAL AIRPORT, IL US",19.0,0.0,43.0,0.0,10.0,18.0
crash_01042,2019-03-06 15:26:00,2019,3,Mar,Wed,15,Evening commute,30,NO CONTROLS,CLEAR,DAYLIGHT,TURNING,NOT DIVIDED,DRY,NO INJURY / DRIVE AWAY,true,,"OVER $1,500",IMPROPER TURNING/NO SIGNAL,2,NO INDICATION OF INJURY,0,0,41.904283197,-87.7360433515,60651,"CHICAGO MIDWAY AIRPORT, IL US",31.0,6.0,35.0,0.0,10.0,21.0
crash_01043,2019-12-18 18:00:00,2019,12,Dec,Wed,18,Evening commute,30,NO CONTROLS,CLEAR,"DARKNESS, LIGHTED ROAD",REAR END,DIVIDED - W/MEDIAN BARRIER,DRY,NO INJURY / DRIVE AWAY,,,"OVER $1,500",DRIVING SKILLS/KNOWLEDGE/EXPERIENCE,2,NO INDICATION OF INJURY,0,0,41.9938926444,-87.7128392746,60659,"CHICAGO OHARE INTERNATIONAL AIRPORT, IL US",17.0,-3.0,41.0,0.0,10.0,5.0
crash_01044,2022-04-10 15:00:00,2022,4,Apr,Sun,15,Evening commute,30,TRAFFIC SIGNAL,CLEAR,DAYLIGHT,REAR END,FOUR WAY,DRY,NO INJURY / DRIVE AWAY,true,,"$501 - $1,500",DISTRACTION - FROM INSIDE VEHICLE,2,NO INDICATION OF INJURY,0,0,41.8633537261,-87.6563005352,60608,"CHICAGO MIDWAY AIRPORT, IL US",61.0,31.0,32.0,0.0,10.0,17.0
crash_01045,2018-11-02 16:45:00,2018,11,Nov,Fri,16,Evening commute,30,NO CONTROLS,CLEAR,DAYLIGHT,SIDESWIPE OPPOSITE DIRECTION,DRIVEWAY,DRY,NO INJURY / DRIVE AWAY,,,"$501 - $1,500",UNABLE TO DETERMINE,2,NO INDICATION OF INJURY,0,0,41.8880703776,-87.6296922567,60654,"CHICAGO MIDWAY AIRPORT, IL US",46.0,35.0,66.0,0.0,10.0,9.0
crash_01046,2020-05-28 15:00:00,2020,5,May,Thu,15,Evening commute,30,NO CONTROLS,CLEAR,DAYLIGHT,PARKED MOTOR VEHICLE,NOT DIVIDED,DRY,NO INJURY / DRIVE AWAY,,true,"OVER $1,500",UNABLE TO DETERMINE,2,NO INDICATION OF INJURY,0,0,41.783529143,-87.7690377725,60638,"CHICAGO MIDWAY AIRPORT, IL US",81.0,63.0,54.0,0.0,10.0,22.0
crash_01047,2018-10-07 19:30:00,2018,10,Oct,Sun,19,Night or early morning,30,NO CONTROLS,RAIN,DUSK,REAR END,NOT DIVIDED,WET,NO INJURY / DRIVE AWAY,,true,"$501 - $1,500",NOT APPLICABLE,2,NO INDICATION OF INJURY,0,0,41.7711665476,-87.7324717485,60629,"CHICAGO MIDWAY AIRPORT, IL US",61.0,59.0,93.0,0.0,1.5,7.0
crash_01048,2021-05-02 20:34:00,2021,5,May,Sun,20,Night or early morning,30,NO CONTROLS,UNKNOWN,"DARKNESS, LIGHTED ROAD",OTHER OBJECT,NOT DIVIDED,UNKNOWN,NO INJURY / DRIVE AWAY,,,"OVER $1,500",FAILING TO REDUCE SPEED TO AVOID CRASH,1,NO INDICATION OF INJURY,0,0,41.7303856521,-87.6627586441,60620,"CHICAGO MIDWAY AIRPORT, IL US",69.0,51.0,53.0,0.0,10.0,24.0
crash_01049,2024-05-05 14:30:00,2024,5,May,Sun,14,Daytime,30,NO CONTROLS,CLEAR,DAYLIGHT,SIDESWIPE SAME DIRECTION,NOT DIVIDED,UNKNOWN,NO INJURY / DRIVE AWAY,,true,"$501 - $1,500",UNABLE TO DETERMINE,2,NO INDICATION OF INJURY,0,0,41.7935800114,-87.6938555414,60629,"CHICAGO MIDWAY AIRPORT, IL US",63.0,42.0,47.0,0.0,10.0,8.0
crash_01050,2024-07-12 14:00:00,2024,7,Jul,Fri,14,Daytime,30,NO CONTROLS,CLEAR,DAYLIGHT,PARKED MOTOR VEHICLE,ONE-WAY,DRY,NO INJURY / DRIVE AWAY,,true,"OVER $1,500",IMPROPER BACKING,2,NO INDICATION OF INJURY,0,0,41.9153977579,-87.646154015,60614,"CHICAGO MIDWAY AIRPORT, IL US",85.0,64.0,50.0,0.0,10.0,9.0
crash_01051,2018-02-25 01:22:00,2018,2,Feb,Sun,1,Night or early morning,30,NO CONTROLS,RAIN,"DARKNESS, LIGHTED ROAD",PEDESTRIAN,NOT DIVIDED,WET,NO INJURY / DRIVE AWAY,,true,$500 OR LESS,UNABLE TO DETERMINE,2,NO INDICATION OF INJURY,0,0,41.8899450166,-87.6286607468,60654,"CHICAGO MIDWAY AIRPORT, IL US",48.0,45.0,89.0,0.03,7.0,18.0
crash_01052,2025-04-27 00:00:00,2025,4,Apr,Sun,0,Night or early morning,15,NO CONTROLS,UNKNOWN,"DARKNESS, LIGHTED ROAD",PARKED MOTOR VEHICLE,NOT DIVIDED,UNKNOWN,NO INJURY / DRIVE AWAY,,true,"OVER $1,500",UNABLE TO DETERMINE,2,NO INDICATION OF INJURY,0,0,41.9328045696,-87.796267845,60634,"CHICAGO OHARE INTERNATIONAL AIRPORT, IL US",43.0,31.0,63.0,0.0,10.0,3.0
crash_01053,2025-04-15 08:25:00,2025,4,Apr,Tue,8,Morning commute,10,NO CONTROLS,CLEAR,DAYLIGHT,TURNING,NOT DIVIDED,DRY,NO INJURY / DRIVE AWAY,,,"OVER $1,500",UNABLE TO DETERMINE,2,NO INDICATION OF INJURY,0,0,41.9257268706,-87.6784395411,60647,"CHICAGO MIDWAY AIRPORT, IL US",41.0,35.0,79.0,,10.0,11.0
crash_01054,2020-04-20 22:51:00,2020,4,Apr,Mon,22,Night or early morning,30,STOP SIGN/FLASHER,CLEAR,"DARKNESS, LIGHTED ROAD",ANGLE,NOT DIVIDED,DRY,NO INJURY / DRIVE AWAY,true,,"OVER $1,500",FAILING TO YIELD RIGHT-OF-WAY,3,NO INDICATION OF INJURY,0,0,42.0112780003,-87.6828713889,60645,"CHICAGO OHARE INTERNATIONAL AIRPORT, IL US",52.0,43.0,72.0,0.04,10.0,10.0
crash_01055,2020-02-22 15:00:00,2020,2,Feb,Sat,15,Evening commute,30,NO CONTROLS,CLEAR,DAYLIGHT,TURNING,NOT DIVIDED,DRY,INJURY AND / OR TOW DUE TO CRASH,,,"OVER $1,500",IMPROPER TURNING/NO SIGNAL,3,NO INDICATION OF INJURY,0,0,41.9380422302,-87.7960924065,60634,"CHICAGO OHARE INTERNATIONAL AIRPORT, IL US",50.0,26.0,39.0,0.0,10.0,16.0
crash_01056,2021-03-16 10:23:00,2021,3,Mar,Tue,10,Daytime,30,TRAFFIC SIGNAL,CLEAR,DAYLIGHT,REAR END,DIVIDED - W/MEDIAN BARRIER,DRY,NO INJURY / DRIVE AWAY,,,"$501 - $1,500",UNABLE TO DETERMINE,2,NO INDICATION OF INJURY,0,0,41.7951059372,-87.5877094121,60637,"CHICAGO MIDWAY AIRPORT, IL US",36.0,30.0,81.0,,10.0,7.0
crash_01057,2019-07-26 16:10:00,2019,7,Jul,Fri,16,Evening commute,25,NO CONTROLS,CLEAR,DAYLIGHT,SIDESWIPE OPPOSITE DIRECTION,ONE-WAY,DRY,NO INJURY / DRIVE AWAY,,,"OVER $1,500",IMPROPER OVERTAKING/PASSING,2,NO INDICATION OF INJURY,0,0,41.9681411537,-87.6505036579,60640,"CHICAGO MIDWAY AIRPORT, IL US",85.0,62.0,46.0,0.0,10.0,16.0
crash_01058,2022-04-01 00:55:00,2022,4,Apr,Fri,0,Night or early morning,30,NO CONTROLS,RAIN,"DARKNESS, LIGHTED ROAD",PARKED MOTOR VEHICLE,NOT DIVIDED,WET,NO INJURY / DRIVE AWAY,,true,"OVER $1,500",UNABLE TO DETERMINE,3,NO INDICATION OF INJURY,0,0,41.9206061399,-87.6373021346,60614,"CHICAGO MIDWAY AIRPORT, IL US",34.0,29.0,82.0,0.0,6.0,13.0
crash_01059,2020-07-04 13:19:00,2020,7,Jul,Sat,13,Daytime,30,NO CONTROLS,CLEAR,DAYLIGHT,PARKED MOTOR VEHICLE,ONE-WAY,DRY,NO INJURY / DRIVE AWAY,,true,"$501 - $1,500",NOT APPLICABLE,2,NO INDICATION OF INJURY,0,0,41.7802448845,-87.7054515375,60629,"CHICAGO MIDWAY AIRPORT, IL US",89.0,67.0,48.0,0.0,10.0,6.0
crash_01060,2018-07-20 03:00:00,2018,7,Jul,Fri,3,Night or early morning,30,NO CONTROLS,UNKNOWN,DARKNESS,PARKED MOTOR VEHICLE,NOT DIVIDED,UNKNOWN,NO INJURY / DRIVE AWAY,,true,"OVER $1,500",UNABLE TO DETERMINE,2,NO INDICATION OF INJURY,0,0,41.849873984,-87.7041173767,60623,"CHICAGO MIDWAY AIRPORT, IL US",76.0,65.0,69.0,0.0,10.0,16.0
crash_01061,2023-07-18 12:20:00,2023,7,Jul,Tue,12,Daytime,30,TRAFFIC SIGNAL,CLEAR,DAYLIGHT,TURNING,FOUR WAY,DRY,INJURY AND / OR TOW DUE TO CRASH,,true,"OVER $1,500",UNABLE TO DETERMINE,2,"REPORTED, NOT EVIDENT",1,0,41.7499457073,-87.7038488068,60652,"CHICAGO MIDWAY AIRPORT, IL US",78.0,57.0,48.0,0.0,10.0,3.0
crash_01062,2019-02-05 10:00:00,2019,2,Feb,Tue,10,Daytime,30,TRAFFIC SIGNAL,CLEAR,DAYLIGHT,TURNING,NOT DIVIDED,DRY,NO INJURY / DRIVE AWAY,,true,"OVER $1,500",FAILING TO YIELD RIGHT-OF-WAY,2,NO INDICATION OF INJURY,0,0,41.9097254413,-87.746903271,60639,"CHICAGO MIDWAY AIRPORT, IL US",30.0,23.0,75.0,0.0,10.0,9.0
crash_01063,2025-11-07 19:30:00,2025,11,Nov,Fri,19,Night or early morning,25,STOP SIGN/FLASHER,CLEAR,"DARKNESS, LIGHTED ROAD",ANGLE,NOT DIVIDED,DRY,NO INJURY / DRIVE AWAY,true,,"OVER $1,500",FAILING TO YIELD RIGHT-OF-WAY,2,NO INDICATION OF INJURY,0,0,41.7851200293,-87.7816025216,60638,,,,,,,
crash_01064,2018-09-06 12:26:00,2018,9,Sep,Thu,12,Daytime,30,NO CONTROLS,CLEAR,DAYLIGHT,PARKED MOTOR VEHICLE,ONE-WAY,DRY,NO INJURY / DRIVE AWAY,,,"OVER $1,500",UNABLE TO DETERMINE,2,NO INDICATION OF INJURY,0,0,41.8845357375,-87.6310849515,60601,"CHICAGO MIDWAY AIRPORT, IL US",69.0,63.0,81.0,0.0,10.0,15.0
crash_01065,2022-09-06 01:00:00,2022,9,Sep,Tue,1,Night or early morning,30,UNKNOWN,UNKNOWN,UNKNOWN,PARKED MOTOR VEHICLE,ONE-WAY,UNKNOWN,NO INJURY / DRIVE AWAY,,true,"$501 - $1,500",DRIVING SKILLS/KNOWLEDGE/EXPERIENCE,2,NO INDICATION OF INJURY,0,0,41.9800333857,-87.7125816325,60625,"CHICAGO OHARE INTERNATIONAL AIRPORT, IL US",64.0,61.0,90.0,0.0,10.0,6.0
crash_01066,2024-03-27 16:28:00,2024,3,Mar,Wed,16,Evening commute,30,NO CONTROLS,CLEAR,DAYLIGHT,ANGLE,NOT DIVIDED,DRY,INJURY AND / OR TOW DUE TO CRASH,true,,"OVER $1,500",FAILING TO YIELD RIGHT-OF-WAY,2,NONINCAPACITATING INJURY,1,0,41.9248228341,-87.6851662308,60647,"CHICAGO MIDWAY AIRPORT, IL US",42.0,23.0,47.0,0.0,10.0,15.0
crash_01067,2022-08-18 11:24:00,2022,8,Aug,Thu,11,Daytime,35,TRAFFIC SIGNAL,CLEAR,DAYLIGHT,SIDESWIPE SAME DIRECTION,ONE-WAY,DRY,NO INJURY / DRIVE AWAY,true,,$500 OR LESS,IMPROPER OVERTAKING/PASSING,2,NO INDICATION OF INJURY,0,0,41.8917579836,-87.6294919628,60654,"CHICAGO MIDWAY AIRPORT, IL US",82.0,55.0,40.0,,10.0,0.0
crash_01068,2023-04-20 19:30:00,2023,4,Apr,Thu,19,Night or early morning,30,NO CONTROLS,CLEAR,"DARKNESS, LIGHTED ROAD",ANGLE,NOT DIVIDED,WET,NO INJURY / DRIVE AWAY,,true,"OVER $1,500",UNABLE TO DETERMINE,2,NO INDICATION OF INJURY,0,0,41.890889403,-87.7040975027,60612,"CHICAGO MIDWAY AIRPORT, IL US",67.0,59.0,76.0,0.02,10.0,14.0
crash_01069,2018-08-26 16:15:00,2018,8,Aug,Sun,16,Evening commute,20,NO CONTROLS,CLEAR,DAYLIGHT,PARKED MOTOR VEHICLE,PARKING LOT,DRY,NO INJURY / DRIVE AWAY,,true,"$501 - $1,500",UNABLE TO DETERMINE,2,NO INDICATION OF INJURY,0,0,41.8920941369,-87.6115698839,60611,"CHICAGO MIDWAY AIRPORT, IL US",94.0,75.0,54.0,0.0,10.0,11.0
crash_01070,2024-10-11 18:30:00,2024,10,Oct,Fri,18,Evening commute,25,STOP SIGN/FLASHER,CLEAR,"DARKNESS, LIGHTED ROAD",REAR END,DIVIDED - W/MEDIAN BARRIER,DRY,NO INJURY / DRIVE AWAY,true,,"OVER $1,500",UNABLE TO DETERMINE,2,NO INDICATION OF INJURY,0,0,41.9919307298,-87.6604548095,60660,"CHICAGO OHARE INTERNATIONAL AIRPORT, IL US",76.0,48.0,37.0,0.0,10.0,9.0
crash_01071,2021-05-01 14:50:00,2021,5,May,Sat,14,Daytime,30,TRAFFIC SIGNAL,CLEAR,DAYLIGHT,PEDALCYCLIST,NOT DIVIDED,DRY,NO INJURY / DRIVE AWAY,,,"OVER $1,500",FAILING TO YIELD RIGHT-OF-WAY,2,NO INDICATION OF INJURY,0,0,41.8779799354,-87.6470952035,60661,"CHICAGO MIDWAY AIRPORT, IL US",79.0,44.0,29.0,0.0,10.0,28.0
crash_01072,2018-08-12 11:57:00,2018,8,Aug,Sun,11,Daytime,30,STOP SIGN/FLASHER,CLEAR,DAYLIGHT,ANGLE,OTHER,DRY,INJURY AND / OR TOW DUE TO CRASH,true,,"OVER $1,500",DISREGARDING STOP SIGN,2,NONINCAPACITATING INJURY,5,0,41.9970787668,-87.8105207989,60631,"CHICAGO OHARE INTERNATIONAL AIRPORT, IL US",85.0,57.0,39.0,0.0,10.0,13.0
crash_01073,2023-08-31 16:17:00,2023,8,Aug,Thu,16,Evening commute,30,STOP SIGN/FLASHER,CLEAR,DAYLIGHT,TURNING,ONE-WAY,DRY,NO INJURY / DRIVE AWAY,,,"OVER $1,500",IMPROPER OVERTAKING/PASSING,2,NO INDICATION OF INJURY,0,0,41.8183412106,-87.6971868934,60632,"CHICAGO MIDWAY AIRPORT, IL US",75.0,49.0,40.0,0.0,10.0,10.0
crash_01074,2025-05-21 17:50:00,2025,5,May,Wed,17,Evening commute,20,NO CONTROLS,CLEAR,DAWN,REAR END,NOT DIVIDED,DRY,NO INJURY / DRIVE AWAY,,,"$501 - $1,500",FOLLOWING TOO CLOSELY,2,NO INDICATION OF INJURY,0,0,41.9154829177,-87.6556754366,60614,"CHICAGO MIDWAY AIRPORT, IL US",52.0,48.0,86.0,0.02,9.0,11.0
crash_01075,2023-12-27 15:27:00,2023,12,Dec,Wed,15,Evening commute,30,STOP SIGN/FLASHER,CLEAR,DAYLIGHT,ANGLE,FOUR WAY,DRY,NO INJURY / DRIVE AWAY,false,true,"$501 - $1,500",UNABLE TO DETERMINE,2,NO INDICATION OF INJURY,0,0,41.7477492117,-87.5860374164,60619,"CHICAGO MIDWAY AIRPORT, IL US",42.0,32.0,68.0,0.0,10.0,16.0
crash_01076,2025-03-28 20:42:00,2025,3,Mar,Fri,20,Night or early morning,30,STOP SIGN/FLASHER,CLEAR,"DARKNESS, LIGHTED ROAD",ANGLE,T-INTERSECTION,DRY,NO INJURY / DRIVE AWAY,true,true,"OVER $1,500",UNABLE TO DETERMINE,2,NO INDICATION OF INJURY,0,0,41.9389065851,-87.6539238862,60657,"CHICAGO MIDWAY AIRPORT, IL US",73.0,48.0,41.0,0.0,10.0,21.0
crash_01077,2019-04-26 18:55:00,2019,4,Apr,Fri,18,Evening commute,0,NO CONTROLS,CLEAR,DAYLIGHT,REAR TO REAR,PARKING LOT,DRY,NO INJURY / DRIVE AWAY,,,"$501 - $1,500",IMPROPER BACKING,2,NO INDICATION OF INJURY,0,0,41.7358465385,-87.6531909231,60620,"CHICAGO MIDWAY AIRPORT, IL US",61.0,26.0,26.0,0.0,10.0,14.0