crash_id,crash_datetime,crash_year,crash_month,crash_month_name,crash_weekday_name,crash_hour,time_period,posted_speed_limit_mph,traffic_control_device,reported_weather_condition,reported_lighting_condition,first_crash_type,trafficway_type,reported_road_surface_condition,crash_type,intersection_related,hit_and_run,estimated_damage,primary_contributory_cause,unit_count,most_severe_injury,injuries_total,injuries_fatal,latitude,longitude,zip5,weather_station_name,temperature_f,dew_point_f,relative_humidity_percent,precipitation_inches,visibility_miles,wind_speed_mph
crash_01078,2019-09-22 21:40:00,2019,9,Sep,Sun,21,Night or early morning,30,TRAFFIC SIGNAL,RAIN,"DARKNESS, LIGHTED ROAD",REAR END,NOT DIVIDED,WET,INJURY AND / OR TOW DUE TO CRASH,,false,"OVER $1,500",FOLLOWING TOO CLOSELY,2,INCAPACITATING INJURY,2,0,41.8476639443,-87.6270561769,60616,"CHICAGO MIDWAY AIRPORT, IL US",69.0,68.0,96.0,0.01,10.0,7.0
crash_01079,2024-12-20 11:05:00,2024,12,Dec,Fri,11,Daytime,30,TRAFFIC SIGNAL,SNOW,DAWN,TURNING,NOT DIVIDED,WET,NO INJURY / DRIVE AWAY,true,,"OVER $1,500",IMPROPER TURNING/NO SIGNAL,2,NO INDICATION OF INJURY,0,0,41.9036073779,-87.6583139395,60642,"CHICAGO MIDWAY AIRPORT, IL US",35.0,26.0,70.0,0.0,10.0,14.0
crash_01080,2018-11-13 18:15:00,2018,11,Nov,Tue,18,Evening commute,30,TRAFFIC SIGNAL,CLEAR,DAYLIGHT,ANGLE,DIVIDED - W/MEDIAN (NOT RAISED),DRY,NO INJURY / DRIVE AWAY,,,"OVER $1,500",UNABLE TO DETERMINE,2,NO INDICATION OF INJURY,0,0,41.9381922361,-87.7861461357,60634,"CHICAGO OHARE INTERNATIONAL AIRPORT, IL US",26.0,10.0,51.0,0.0,10.0,6.0
crash_01081,2025-07-09 02:06:00,2025,7,Jul,Wed,2,Night or early morning,30,STOP SIGN/FLASHER,CLEAR,DARKNESS,ANGLE,T-INTERSECTION,WET,INJURY AND / OR TOW DUE TO CRASH,true,,"OVER $1,500",DISREGARDING STOP SIGN,2,NO INDICATION OF INJURY,0,0,41.9255833603,-87.7759225615,60639,"CHICAGO OHARE INTERNATIONAL AIRPORT, IL US",72.0,68.0,87.0,0.0,10.0,0.0
crash_01082,2025-06-17 16:45:00,2025,6,Jun,Tue,16,Evening commute,30,NO CONTROLS,CLEAR,DAYLIGHT,TURNING,NOT DIVIDED,DRY,NO INJURY / DRIVE AWAY,,true,"OVER $1,500",FAILING TO YIELD RIGHT-OF-WAY,2,NO INDICATION OF INJURY,0,0,41.8523969575,-87.6683774419,60608,"CHICAGO MIDWAY AIRPORT, IL US",91.0,63.0,39.0,0.0,10.0,14.0
crash_01083,2022-11-14 13:15:00,2022,11,Nov,Mon,13,Daytime,35,NO CONTROLS,CLEAR,DAYLIGHT,SIDESWIPE OPPOSITE DIRECTION,PARKING LOT,DRY,NO INJURY / DRIVE AWAY,,true,"OVER $1,500",FAILING TO YIELD RIGHT-OF-WAY,2,NO INDICATION OF INJURY,0,0,41.8102339724,-87.6751339777,60609,"CHICAGO MIDWAY AIRPORT, IL US",40.0,18.0,41.0,0.0,10.0,10.0
crash_01084,2020-08-15 21:23:00,2020,8,Aug,Sat,21,Night or early morning,30,NO CONTROLS,CLEAR,"DARKNESS, LIGHTED ROAD",PARKED MOTOR VEHICLE,NOT DIVIDED,DRY,NO INJURY / DRIVE AWAY,,true,"OVER $1,500","OPERATING VEHICLE IN ERRATIC, RECKLESS, CARELESS, NEGLIGENT OR AGGRESSIVE MANNER",2,NO INDICATION OF INJURY,0,0,41.7873547831,-87.6448311908,60621,"CHICAGO MIDWAY AIRPORT, IL US",74.0,63.0,69.0,0.0,10.0,13.0
crash_01085,2023-05-05 18:16:00,2023,5,May,Fri,18,Evening commute,30,NO CONTROLS,CLEAR,DAYLIGHT,PARKED MOTOR VEHICLE,NOT DIVIDED,DRY,NO INJURY / DRIVE AWAY,,true,$500 OR LESS,IMPROPER OVERTAKING/PASSING,2,NO INDICATION OF INJURY,0,0,41.9357716095,-87.6416839517,60657,"CHICAGO MIDWAY AIRPORT, IL US",77.0,38.0,24.0,0.0,10.0,15.0
crash_01086,2023-09-30 16:14:00,2023,9,Sep,Sat,16,Evening commute,35,NO CONTROLS,CLEAR,DAYLIGHT,FIXED OBJECT,PARKING LOT,DRY,NO INJURY / DRIVE AWAY,,,"$501 - $1,500",IMPROPER BACKING,1,NO INDICATION OF INJURY,0,0,41.7914975336,-87.6050870213,60637,"CHICAGO MIDWAY AIRPORT, IL US",83.0,62.0,49.0,0.0,10.0,8.0
crash_01087,2021-08-12 22:41:00,2021,8,Aug,Thu,22,Night or early morning,30,NO CONTROLS,CLEAR,DAYLIGHT,REAR END,DIVIDED - W/MEDIAN (NOT RAISED),DRY,NO INJURY / DRIVE AWAY,,,"$501 - $1,500",FOLLOWING TOO CLOSELY,2,NO INDICATION OF INJURY,0,0,41.9521740771,-87.8270406565,60634,"CHICAGO OHARE INTERNATIONAL AIRPORT, IL US",75.0,69.0,82.0,0.0,10.0,5.0
crash_01088,2018-06-08 13:45:00,2018,6,Jun,Fri,13,Daytime,30,NO CONTROLS,CLEAR,DAYLIGHT,SIDESWIPE SAME DIRECTION,DIVIDED - W/MEDIAN (NOT RAISED),DRY,NO INJURY / DRIVE AWAY,,,"$501 - $1,500",UNABLE TO DETERMINE,2,NO INDICATION OF INJURY,0,0,41.8796517828,-87.6309733872,60603,"CHICAGO MIDWAY AIRPORT, IL US",71.0,62.0,73.0,0.01,10.0,7.0
crash_01089,2021-09-08 11:35:00,2021,9,Sep,Wed,11,Daytime,30,NO CONTROLS,CLEAR,DAYLIGHT,REAR END,RAMP,DRY,NO INJURY / DRIVE AWAY,,,$500 OR LESS,FOLLOWING TOO CLOSELY,2,NO INDICATION OF INJURY,0,0,41.9746338027,-87.6984524457,60625,"CHICAGO OHARE INTERNATIONAL AIRPORT, IL US",76.0,48.0,37.0,0.0,10.0,16.0
crash_01090,2023-03-25 11:00:00,2023,3,Mar,Sat,11,Daytime,10,NO CONTROLS,RAIN,DAYLIGHT,PARKED MOTOR VEHICLE,PARKING LOT,WET,NO INJURY / DRIVE AWAY,,true,"$501 - $1,500",UNABLE TO DETERMINE,2,NO INDICATION OF INJURY,0,0,41.8364683477,-87.6655669021,60608,"CHICAGO MIDWAY AIRPORT, IL US",36.0,34.0,93.0,0.0,3.0,16.0
crash_01091,2020-09-21 12:30:00,2020,9,Sep,Mon,12,Daytime,30,TRAFFIC SIGNAL,CLEAR,DAYLIGHT,TURNING,NOT DIVIDED,DRY,NO INJURY / DRIVE AWAY,true,,"$501 - $1,500",FAILING TO YIELD RIGHT-OF-WAY,2,NO INDICATION OF INJURY,0,0,41.924347036,-87.7464276397,60639,"CHICAGO MIDWAY AIRPORT, IL US",71.0,44.0,38.0,0.0,10.0,10.0
crash_01092,2020-04-16 15:40:00,2020,4,Apr,Thu,15,Evening commute,20,NO CONTROLS,CLEAR,DAYLIGHT,PARKED MOTOR VEHICLE,ONE-WAY,DRY,NO INJURY / DRIVE AWAY,,,"$501 - $1,500",UNABLE TO DETERMINE,2,NO INDICATION OF INJURY,0,0,41.7335988344,-87.5529728768,60617,"CHICAGO MIDWAY AIRPORT, IL US",46.0,16.0,30.0,0.0,10.0,10.0
crash_01093,2020-09-30 21:37:00,2020,9,Sep,Wed,21,Night or early morning,25,NO CONTROLS,CLEAR,"DARKNESS, LIGHTED ROAD",ANGLE,ALLEY,DRY,NO INJURY / DRIVE AWAY,true,true,"$501 - $1,500",FAILING TO YIELD RIGHT-OF-WAY,2,NO INDICATION OF INJURY,0,0,42.0224247516,-87.6734755227,60626,"CHICAGO OHARE INTERNATIONAL AIRPORT, IL US",55.0,41.0,59.0,0.0,10.0,7.0
crash_01094,2020-12-30 08:55:00,2020,12,Dec,Wed,8,Morning commute,30,NO CONTROLS,SNOW,DAYLIGHT,PARKED MOTOR VEHICLE,NOT DIVIDED,SNOW OR SLUSH,NO INJURY / DRIVE AWAY,,,"OVER $1,500",NOT APPLICABLE,2,NO INDICATION OF INJURY,0,0,41.9635312504,-87.7319391386,60630,"CHICAGO OHARE INTERNATIONAL AIRPORT, IL US",35.0,31.0,85.0,0.0,7.0,14.0
crash_01095,2021-07-31 20:00:00,2021,7,Jul,Sat,20,Night or early morning,30,TRAFFIC SIGNAL,CLEAR,DAYLIGHT,REAR END,DIVIDED - W/MEDIAN BARRIER,DRY,NO INJURY / DRIVE AWAY,,true,"$501 - $1,500",DRIVING SKILLS/KNOWLEDGE/EXPERIENCE,2,NO INDICATION OF INJURY,0,0,41.7240747838,-87.5853032325,60619,"CHICAGO MIDWAY AIRPORT, IL US",77.0,58.0,52.0,0.0,10.0,10.0
crash_01096,2024-05-11 12:00:00,2024,5,May,Sat,12,Daytime,10,UNKNOWN,UNKNOWN,UNKNOWN,PARKED MOTOR VEHICLE,ALLEY,UNKNOWN,NO INJURY / DRIVE AWAY,,,"OVER $1,500",UNABLE TO DETERMINE,2,NO INDICATION OF INJURY,0,0,41.8745318355,-87.7424724594,60644,"CHICAGO MIDWAY AIRPORT, IL US",66.0,42.0,42.0,0.0,10.0,22.0
crash_01097,2023-11-08 16:35:00,2023,11,Nov,Wed,16,Evening commute,30,NO CONTROLS,CLEAR,DUSK,SIDESWIPE SAME DIRECTION,ONE-WAY,DRY,NO INJURY / DRIVE AWAY,,true,"$501 - $1,500",FOLLOWING TOO CLOSELY,2,NO INDICATION OF INJURY,0,0,41.8806887308,-87.6339460938,60606,"CHICAGO MIDWAY AIRPORT, IL US",55.0,50.0,82.0,,7.0,10.0
crash_01098,2019-02-13 19:05:00,2019,2,Feb,Wed,19,Night or early morning,30,TRAFFIC SIGNAL,CLEAR,"DARKNESS, LIGHTED ROAD",SIDESWIPE SAME DIRECTION,NOT DIVIDED,WET,INJURY AND / OR TOW DUE TO CRASH,true,,"OVER $1,500",IMPROPER OVERTAKING/PASSING,2,NO INDICATION OF INJURY,0,0,41.9681397963,-87.7135008489,60625,"CHICAGO OHARE INTERNATIONAL AIRPORT, IL US",22.0,18.0,85.0,0.0,10.0,6.0
crash_01099,2019-07-13 17:40:00,2019,7,Jul,Sat,17,Evening commute,0,OTHER,CLEAR,DAYLIGHT,PARKED MOTOR VEHICLE,PARKING LOT,DRY,NO INJURY / DRIVE AWAY,,true,"$501 - $1,500",UNABLE TO DETERMINE,2,NO INDICATION OF INJURY,0,0,41.8070218768,-87.6836737251,60609,"CHICAGO MIDWAY AIRPORT, IL US",89.0,68.0,50.0,0.0,10.0,8.0
crash_01100,2023-05-05 13:58:00,2023,5,May,Fri,13,Daytime,30,NO CONTROLS,CLEAR,DAYLIGHT,PARKED MOTOR VEHICLE,NOT DIVIDED,DRY,NO INJURY / DRIVE AWAY,,true,"OVER $1,500",NOT APPLICABLE,2,NO INDICATION OF INJURY,0,0,41.806648097,-87.716326122,60632,"CHICAGO MIDWAY AIRPORT, IL US",77.0,38.0,24.0,0.0,10.0,16.0
crash_01101,2021-10-11 14:30:00,2021,10,Oct,Mon,14,Daytime,30,STOP SIGN/FLASHER,RAIN,DAYLIGHT,REAR END,NOT DIVIDED,WET,NO INJURY / DRIVE AWAY,true,,"OVER $1,500",FOLLOWING TOO CLOSELY,2,NO INDICATION OF INJURY,0,0,41.7876121076,-87.6159512813,60637,"CHICAGO MIDWAY AIRPORT, IL US",74.0,64.0,71.0,0.08,8.0,6.0
crash_01102,2018-07-15 23:00:00,2018,7,Jul,Sun,23,Night or early morning,30,NO CONTROLS,CLEAR,"DARKNESS, LIGHTED ROAD",SIDESWIPE SAME DIRECTION,NOT DIVIDED,DRY,NO INJURY / DRIVE AWAY,,true,"$501 - $1,500",IMPROPER BACKING,2,NO INDICATION OF INJURY,0,0,41.8769517762,-87.744653869,60644,"CHICAGO MIDWAY AIRPORT, IL US",82.0,73.0,74.0,0.0,10.0,0.0
crash_01103,2019-12-16 11:25:00,2019,12,Dec,Mon,11,Daytime,30,TRAFFIC SIGNAL,CLEAR,DAYLIGHT,TURNING,NOT DIVIDED,DRY,NO INJURY / DRIVE AWAY,true,,"OVER $1,500",IMPROPER TURNING/NO SIGNAL,2,NO INDICATION OF INJURY,0,0,41.9533250058,-87.7078518021,60618,"CHICAGO OHARE INTERNATIONAL AIRPORT, IL US",28.0,22.0,78.0,0.0,10.0,7.0
crash_01104,2025-09-10 17:44:00,2025,9,Sep,Wed,17,Evening commute,30,TRAFFIC SIGNAL,CLEAR,DAYLIGHT,TURNING,FOUR WAY,DRY,INJURY AND / OR TOW DUE TO CRASH,true,,"OVER $1,500",FAILING TO YIELD RIGHT-OF-WAY,2,NO INDICATION OF INJURY,0,0,41.8690450883,-87.6764610335,60612,,,,,,,
crash_01105,2024-02-26 08:55:00,2024,2,Feb,Mon,8,Morning commute,25,NO CONTROLS,CLEAR,DAYLIGHT,REAR TO SIDE,NOT DIVIDED,DRY,NO INJURY / DRIVE AWAY,,,"OVER $1,500",UNABLE TO DETERMINE,2,NO INDICATION OF INJURY,0,0,41.9942599417,-87.68640159,60659,"CHICAGO OHARE INTERNATIONAL AIRPORT, IL US",50.0,31.0,48.0,0.0,10.0,13.0
crash_01106,2019-08-24 22:30:00,2019,8,Aug,Sat,22,Night or early morning,30,STOP SIGN/FLASHER,CLEAR,"DARKNESS, LIGHTED ROAD",SIDESWIPE SAME DIRECTION,DIVIDED - W/MEDIAN BARRIER,DRY,NO INJURY / DRIVE AWAY,true,,"OVER $1,500",IMPROPER LANE USAGE,2,NO INDICATION OF INJURY,0,0,41.8842630776,-87.6494465512,60607,"CHICAGO MIDWAY AIRPORT, IL US",,,,0.0,10.0,5.0
crash_01107,2022-08-29 10:15:00,2022,8,Aug,Mon,10,Daytime,30,TRAFFIC SIGNAL,CLEAR,DAYLIGHT,REAR END,FOUR WAY,DRY,NO INJURY / DRIVE AWAY,,,"OVER $1,500",UNABLE TO DETERMINE,2,NO INDICATION OF INJURY,0,0,41.7732514395,-87.605710865,60637,"CHICAGO MIDWAY AIRPORT, IL US",84.0,72.0,67.0,,10.0,16.0
crash_01108,2022-11-14 10:05:00,2022,11,Nov,Mon,10,Daytime,30,TRAFFIC SIGNAL,CLEAR,DAYLIGHT,TURNING,NOT DIVIDED,DRY,NO INJURY / DRIVE AWAY,true,,"OVER $1,500",IMPROPER TURNING/NO SIGNAL,2,NO INDICATION OF INJURY,0,0,41.9036266391,-87.6250382418,60610,"CHICAGO MIDWAY AIRPORT, IL US",36.0,18.0,48.0,0.0,10.0,8.0
crash_01109,2024-11-26 23:19:00,2024,11,Nov,Tue,23,Night or early morning,30,TRAFFIC SIGNAL,CLEAR,"DARKNESS, LIGHTED ROAD",PEDESTRIAN,FOUR WAY,DRY,INJURY AND / OR TOW DUE TO CRASH,,true,$500 OR LESS,FAILING TO REDUCE SPEED TO AVOID CRASH,2,"REPORTED, NOT EVIDENT",1,0,41.9315522702,-87.736750085,60639,"CHICAGO OHARE INTERNATIONAL AIRPORT, IL US",37.0,23.0,57.0,0.0,10.0,3.0
crash_01110,2018-09-09 01:50:00,2018,9,Sep,Sun,1,Night or early morning,30,STOP SIGN/FLASHER,CLEAR,"DARKNESS, LIGHTED ROAD",TURNING,NOT DIVIDED,DRY,NO INJURY / DRIVE AWAY,true,,"OVER $1,500",FAILING TO YIELD RIGHT-OF-WAY,2,NO INDICATION OF INJURY,0,0,41.6938011657,-87.6425702593,60643,"CHICAGO MIDWAY AIRPORT, IL US",63.0,49.0,60.0,0.0,10.0,17.0
crash_01111,2024-11-16 05:36:00,2024,11,Nov,Sat,5,Night or early morning,10,NO CONTROLS,CLEAR,"DARKNESS, LIGHTED ROAD",HEAD ON,ALLEY,DRY,INJURY AND / OR TOW DUE TO CRASH,,true,"OVER $1,500","OPERATING VEHICLE IN ERRATIC, RECKLESS, CARELESS, NEGLIGENT OR AGGRESSIVE MANNER",3,NONINCAPACITATING INJURY,2,0,41.7832312051,-87.6872689458,60629,"CHICAGO MIDWAY AIRPORT, IL US",48.0,39.0,71.0,0.0,10.0,3.0
crash_01112,2024-03-03 03:17:00,2024,3,Mar,Sun,3,Night or early morning,30,NO CONTROLS,CLEAR,"DARKNESS, LIGHTED ROAD",PARKED MOTOR VEHICLE,NOT DIVIDED,DRY,NO INJURY / DRIVE AWAY,,true,"OVER $1,500",UNABLE TO DETERMINE,3,NO INDICATION OF INJURY,0,0,41.8144409587,-87.6945383307,60632,"CHICAGO MIDWAY AIRPORT, IL US",45.0,40.0,83.0,0.0,10.0,13.0
crash_01113,2021-09-17 17:50:00,2021,9,Sep,Fri,17,Evening commute,30,STOP SIGN/FLASHER,CLEAR,DAYLIGHT,REAR END,NOT DIVIDED,DRY,NO INJURY / DRIVE AWAY,,,"OVER $1,500",FOLLOWING TOO CLOSELY,2,NO INDICATION OF INJURY,0,0,41.7080099616,-87.5633609636,60617,"CHICAGO MIDWAY AIRPORT, IL US",87.0,51.0,29.0,0.0,10.0,8.0
crash_01114,2018-11-09 14:20:00,2018,11,Nov,Fri,14,Daytime,30,NO CONTROLS,CLEAR,DAYLIGHT,REAR END,DIVIDED - W/MEDIAN (NOT RAISED),DRY,NO INJURY / DRIVE AWAY,,,"OVER $1,500",FAILING TO REDUCE SPEED TO AVOID CRASH,2,NO INDICATION OF INJURY,0,0,41.8194414263,-87.6653755449,60609,"CHICAGO MIDWAY AIRPORT, IL US",33.0,21.0,61.0,0.0,10.0,15.0
crash_01115,2018-06-22 16:30:00,2018,6,Jun,Fri,16,Evening commute,30,NO CONTROLS,CLEAR,DAYLIGHT,SIDESWIPE SAME DIRECTION,NOT DIVIDED,DRY,NO INJURY / DRIVE AWAY,,,"$501 - $1,500",IMPROPER OVERTAKING/PASSING,2,NO INDICATION OF INJURY,0,0,41.9961665477,-87.7640492375,60646,"CHICAGO OHARE INTERNATIONAL AIRPORT, IL US",60.0,57.0,90.0,0.0,2.5,10.0
crash_01116,2021-10-09 06:20:00,2021,10,Oct,Sat,6,Morning commute,35,NO CONTROLS,RAIN,"DARKNESS, LIGHTED ROAD",REAR END,NOT DIVIDED,WET,INJURY AND / OR TOW DUE TO CRASH,,,"OVER $1,500",UNABLE TO DETERMINE,3,NONINCAPACITATING INJURY,2,0,41.8117634745,-87.7431219174,60632,"CHICAGO MIDWAY AIRPORT, IL US",65.0,60.0,84.0,0.02,7.0,3.0
crash_01117,2023-11-12 23:45:00,2023,11,Nov,Sun,23,Night or early morning,30,NO CONTROLS,CLEAR,"DARKNESS, LIGHTED ROAD",REAR END,NOT DIVIDED,DRY,INJURY AND / OR TOW DUE TO CRASH,,,"OVER $1,500",NOT APPLICABLE,2,NONINCAPACITATING INJURY,2,0,41.7370429734,-87.5656969534,60617,"CHICAGO MIDWAY AIRPORT, IL US",48.0,29.0,48.0,0.0,10.0,10.0
crash_01118,2019-08-01 12:17:00,2019,8,Aug,Thu,12,Daytime,30,NO CONTROLS,CLEAR,DAYLIGHT,TURNING,NOT DIVIDED,DRY,INJURY AND / OR TOW DUE TO CRASH,,,"OVER $1,500",FAILING TO YIELD RIGHT-OF-WAY,2,NONINCAPACITATING INJURY,2,0,41.8016284162,-87.6454920146,60609,"CHICAGO MIDWAY AIRPORT, IL US",78.0,59.0,52.0,0.0,10.0,6.0
crash_01119,2022-02-04 00:45:00,2022,2,Feb,Fri,0,Night or early morning,30,TRAFFIC SIGNAL,SNOW,DARKNESS,ANGLE,T-INTERSECTION,SNOW OR SLUSH,INJURY AND / OR TOW DUE TO CRASH,true,,"OVER $1,500",FAILING TO YIELD RIGHT-OF-WAY,2,NO INDICATION OF INJURY,0,0,41.8698052221,-87.6437763018,60607,"CHICAGO MIDWAY AIRPORT, IL US",21.0,13.0,71.0,0.0,10.0,9.0
crash_01120,2023-06-07 06:45:00,2023,6,Jun,Wed,6,Morning commute,30,TRAFFIC SIGNAL,CLEAR,DAYLIGHT,SIDESWIPE SAME DIRECTION,DIVIDED - W/MEDIAN BARRIER,DRY,NO INJURY / DRIVE AWAY,true,true,"OVER $1,500",IMPROPER LANE USAGE,3,NO INDICATION OF INJURY,0,0,41.8756990817,-87.6326285865,60605,"CHICAGO MIDWAY AIRPORT, IL US",62.0,53.0,73.0,0.0,10.0,6.0
crash_01121,2024-03-08 13:30:00,2024,3,Mar,Fri,13,Daytime,30,TRAFFIC SIGNAL,CLEAR,DAYLIGHT,TURNING,DIVIDED - W/MEDIAN (NOT RAISED),DRY,NO INJURY / DRIVE AWAY,false,,"OVER $1,500",FAILING TO YIELD RIGHT-OF-WAY,2,NO INDICATION OF INJURY,0,0,41.8821394309,-87.6260696095,60602,"CHICAGO MIDWAY AIRPORT, IL US",46.0,44.0,93.0,0.05,3.0,8.0
crash_01122,2022-08-15 09:55:00,2022,8,Aug,Mon,9,Morning commute,20,NO CONTROLS,CLEAR,DAYLIGHT,TURNING,NOT DIVIDED,DRY,NO INJURY / DRIVE AWAY,,,"OVER $1,500",UNABLE TO DETERMINE,2,NO INDICATION OF INJURY,0,0,41.9088764403,-87.6743962601,60622,"CHICAGO MIDWAY AIRPORT, IL US",76.0,59.0,56.0,,10.0,14.0
crash_01123,2020-06-10 12:05:00,2020,6,Jun,Wed,12,Daytime,30,NO CONTROLS,CLEAR,DAYLIGHT,FIXED OBJECT,DIVIDED - W/MEDIAN (NOT RAISED),DRY,NO INJURY / DRIVE AWAY,,,"OVER $1,500",NOT APPLICABLE,1,NO INDICATION OF INJURY,0,0,41.8872269805,-87.7554649413,60644,"CHICAGO MIDWAY AIRPORT, IL US",82.0,69.0,65.0,0.0,10.0,15.0
crash_01124,2022-07-07 22:30:00,2022,7,Jul,Thu,22,Night or early morning,30,NO CONTROLS,CLEAR,"DARKNESS, LIGHTED ROAD",PARKED MOTOR VEHICLE,NOT DIVIDED,DRY,NO INJURY / DRIVE AWAY,,true,"$501 - $1,500",UNABLE TO DETERMINE,2,NO INDICATION OF INJURY,0,0,41.9643287796,-87.7846434332,60630,"CHICAGO OHARE INTERNATIONAL AIRPORT, IL US",74.0,66.0,76.0,0.0,10.0,6.0
crash_01125,2019-05-01 03:50:00,2019,5,May,Wed,3,Night or early morning,30,TRAFFIC SIGNAL,RAIN,"DARKNESS, LIGHTED ROAD",REAR END,DIVIDED - W/MEDIAN (NOT RAISED),WET,NO INJURY / DRIVE AWAY,,true,"$501 - $1,500",UNABLE TO DETERMINE,2,NO INDICATION OF INJURY,0,0,41.8914181012,-87.6279147561,60611,"CHICAGO MIDWAY AIRPORT, IL US",48.0,48.0,100.0,0.08,3.0,7.0
crash_01126,2020-09-10 17:00:00,2020,9,Sep,Thu,17,Evening commute,30,UNKNOWN,CLEAR,DAYLIGHT,PARKED MOTOR VEHICLE,UNKNOWN,DRY,NO INJURY / DRIVE AWAY,,true,"OVER $1,500",UNABLE TO DETERMINE,2,NO INDICATION OF INJURY,0,0,41.7924800225,-87.6068525232,60637,"CHICAGO MIDWAY AIRPORT, IL US",63.0,56.0,78.0,0.0,9.0,14.0
crash_01127,2019-06-12 18:47:00,2019,6,Jun,Wed,18,Evening commute,30,NO CONTROLS,RAIN,DUSK,PARKED MOTOR VEHICLE,ONE-WAY,WET,NO INJURY / DRIVE AWAY,,true,"$501 - $1,500",UNABLE TO DETERMINE,2,NO INDICATION OF INJURY,0,0,41.7510347187,-87.6111404715,60619,"CHICAGO MIDWAY AIRPORT, IL US",63.0,54.0,73.0,0.02,10.0,3.0
crash_01128,2025-11-08 17:12:00,2025,11,Nov,Sat,17,Evening commute,30,NO CONTROLS,RAIN,DUSK,ANGLE,T-INTERSECTION,WET,INJURY AND / OR TOW DUE TO CRASH,,,"$501 - $1,500",FAILING TO YIELD RIGHT-OF-WAY,2,"REPORTED, NOT EVIDENT",2,0,41.7644341645,-87.6927945073,60629,,,,,,,
crash_01129,2024-10-05 11:08:00,2024,10,Oct,Sat,11,Daytime,30,NO CONTROLS,CLEAR,DAYLIGHT,SIDESWIPE SAME DIRECTION,NOT DIVIDED,DRY,INJURY AND / OR TOW DUE TO CRASH,,,"OVER $1,500",FAILING TO YIELD RIGHT-OF-WAY,2,NO INDICATION OF INJURY,0,0,41.9154269018,-87.6854885577,60647,"CHICAGO MIDWAY AIRPORT, IL US",71.0,52.0,51.0,0.0,10.0,14.0
crash_01130,2023-01-25 09:05:00,2023,1,Jan,Wed,9,Morning commute,30,STOP SIGN/FLASHER,SNOW,DAYLIGHT,PARKED MOTOR VEHICLE,NOT DIVIDED,SNOW OR SLUSH,NO INJURY / DRIVE AWAY,true,,"OVER $1,500",WEATHER,2,NO INDICATION OF INJURY,0,0,41.7811684356,-87.6813124854,60636,"CHICAGO MIDWAY AIRPORT, IL US",33.0,31.0,92.0,0.0,2.0,8.0
crash_01131,2021-03-14 21:00:00,2021,3,Mar,Sun,21,Night or early morning,30,NO CONTROLS,CLEAR,"DARKNESS, LIGHTED ROAD",PARKED MOTOR VEHICLE,NOT DIVIDED,DRY,NO INJURY / DRIVE AWAY,,,"OVER $1,500",UNABLE TO DETERMINE,2,NO INDICATION OF INJURY,0,0,41.8915246242,-87.6305188254,60654,"CHICAGO MIDWAY AIRPORT, IL US",38.0,27.0,65.0,0.0,10.0,16.0
crash_01132,2019-08-17 15:00:00,2019,8,Aug,Sat,15,Evening commute,30,NO CONTROLS,CLEAR,DAYLIGHT,REAR TO FRONT,NOT DIVIDED,DRY,NO INJURY / DRIVE AWAY,,,"OVER $1,500",IMPROPER BACKING,2,NO INDICATION OF INJURY,0,0,41.7076029255,-87.6035558218,60628,"CHICAGO MIDWAY AIRPORT, IL US",77.0,71.0,82.0,0.0,10.0,9.0
crash_01133,2019-07-13 00:30:00,2019,7,Jul,Sat,0,Night or early morning,30,TRAFFIC SIGNAL,CLEAR,"DARKNESS, LIGHTED ROAD",TURNING,NOT DIVIDED,DRY,NO INJURY / DRIVE AWAY,,,"OVER $1,500",UNABLE TO DETERMINE,2,NO INDICATION OF INJURY,0,0,41.8755731605,-87.6263761117,60605,"CHICAGO MIDWAY AIRPORT, IL US",76.0,63.0,64.0,0.0,10.0,6.0
crash_01134,2023-06-15 20:45:00,2023,6,Jun,Thu,20,Night or early morning,35,NO CONTROLS,CLEAR,DARKNESS,TURNING,OTHER,DRY,NO INJURY / DRIVE AWAY,,,"OVER $1,500",UNABLE TO DETERMINE,2,NO INDICATION OF INJURY,0,0,41.8856442524,-87.6519953779,60607,"CHICAGO MIDWAY AIRPORT, IL US",57.0,46.0,67.0,0.0,10.0,14.0
crash_01135,2023-09-08 09:15:00,2023,9,Sep,Fri,9,Morning commute,30,NO CONTROLS,RAIN,DAYLIGHT,PARKED MOTOR VEHICLE,NOT DIVIDED,WET,NO INJURY / DRIVE AWAY,,,"$501 - $1,500",DISTRACTION - FROM OUTSIDE VEHICLE,2,NO INDICATION OF INJURY,0,0,41.688845418,-87.6628268416,60643,"CHICAGO MIDWAY AIRPORT, IL US",63.0,59.0,87.0,0.0,7.0,13.0
crash_01136,2024-12-04 15:30:00,2024,12,Dec,Wed,15,Evening commute,30,STOP SIGN/FLASHER,CLEAR,DAYLIGHT,TURNING,NOT DIVIDED,DRY,INJURY AND / OR TOW DUE TO CRASH,true,true,"OVER $1,500",FAILING TO YIELD RIGHT-OF-WAY,3,NO INDICATION OF INJURY,0,0,41.7773471888,-87.7937929142,60638,"CHICAGO MIDWAY AIRPORT, IL US",40.0,28.0,63.0,,10.0,20.0
crash_01137,2018-07-24 18:30:00,2018,7,Jul,Tue,18,Evening commute,10,NO CONTROLS,CLEAR,DAYLIGHT,PARKED MOTOR VEHICLE,PARKING LOT,DRY,NO INJURY / DRIVE AWAY,,,$500 OR LESS,IMPROPER BACKING,2,NO INDICATION OF INJURY,0,0,41.855555054,-87.6272954993,60616,"CHICAGO MIDWAY AIRPORT, IL US",83.0,60.0,46.0,0.0,10.0,6.0