crash_id,crash_datetime,crash_year,crash_month,crash_month_name,crash_weekday_name,crash_hour,time_period,posted_speed_limit_mph,traffic_control_device,reported_weather_condition,reported_lighting_condition,first_crash_type,trafficway_type,reported_road_surface_condition,crash_type,intersection_related,hit_and_run,estimated_damage,primary_contributory_cause,unit_count,most_severe_injury,injuries_total,injuries_fatal,latitude,longitude,zip5,weather_station_name,temperature_f,dew_point_f,relative_humidity_percent,precipitation_inches,visibility_miles,wind_speed_mph
crash_01138,2022-11-20 08:50:00,2022,11,Nov,Sun,8,Morning commute,5,NO CONTROLS,CLOUDY/OVERCAST,DAYLIGHT,REAR END,ONE-WAY,DRY,NO INJURY / DRIVE AWAY,,true,"$501 - $1,500",FOLLOWING TOO CLOSELY,2,NO INDICATION OF INJURY,0,0,41.82343237,-87.6412078889,60609,"CHICAGO MIDWAY AIRPORT, IL US",18.0,6.0,59.0,0.0,10.0,15.0
crash_01139,2022-08-17 10:00:00,2022,8,Aug,Wed,10,Daytime,20,NO CONTROLS,CLEAR,DAYLIGHT,FIXED OBJECT,ALLEY,DRY,NO INJURY / DRIVE AWAY,,,$500 OR LESS,FAILING TO REDUCE SPEED TO AVOID CRASH,1,NO INDICATION OF INJURY,0,0,41.6735950351,-87.6538025855,60643,"CHICAGO MIDWAY AIRPORT, IL US",80.0,62.0,54.0,,10.0,3.0
crash_01140,2024-03-21 15:24:00,2024,3,Mar,Thu,15,Evening commute,30,NO CONTROLS,CLEAR,DAYLIGHT,SIDESWIPE SAME DIRECTION,NOT DIVIDED,DRY,NO INJURY / DRIVE AWAY,,true,"$501 - $1,500",FAILING TO YIELD RIGHT-OF-WAY,2,NO INDICATION OF INJURY,0,0,41.8754866667,-87.7109748158,60624,"CHICAGO MIDWAY AIRPORT, IL US",40.0,20.0,45.0,0.0,10.0,10.0
crash_01141,2019-03-18 16:30:00,2019,3,Mar,Mon,16,Evening commute,30,TRAFFIC SIGNAL,CLEAR,DAYLIGHT,SIDESWIPE SAME DIRECTION,NOT DIVIDED,DRY,NO INJURY / DRIVE AWAY,,,"$501 - $1,500",NOT APPLICABLE,2,NO INDICATION OF INJURY,0,0,41.8821685846,-87.6242205667,60602,"CHICAGO MIDWAY AIRPORT, IL US",42.0,23.0,47.0,0.0,10.0,10.0
crash_01142,2020-04-05 09:10:00,2020,4,Apr,Sun,9,Morning commute,30,TRAFFIC SIGNAL,CLEAR,DAYLIGHT,TURNING,NOT DIVIDED,DRY,NO INJURY / DRIVE AWAY,true,,"$501 - $1,500",DISREGARDING OTHER TRAFFIC SIGNS,2,NO INDICATION OF INJURY,0,0,41.8483520422,-87.6856819345,60608,"CHICAGO MIDWAY AIRPORT, IL US",44.0,29.0,55.0,0.0,10.0,14.0
crash_01143,2025-01-01 02:20:00,2025,1,Jan,Wed,2,Night or early morning,30,NO CONTROLS,CLEAR,"DARKNESS, LIGHTED ROAD",REAR TO FRONT,DIVIDED - W/MEDIAN (NOT RAISED),DRY,NO INJURY / DRIVE AWAY,,,"OVER $1,500",FOLLOWING TOO CLOSELY,2,NO INDICATION OF INJURY,0,0,41.8955321982,-87.6768945403,60622,"CHICAGO MIDWAY AIRPORT, IL US",33.0,25.0,72.0,0.0,10.0,14.0
crash_01144,2020-12-04 12:00:00,2020,12,Dec,Fri,12,Daytime,30,TRAFFIC SIGNAL,CLEAR,DAYLIGHT,ANGLE,NOT DIVIDED,DRY,NO INJURY / DRIVE AWAY,true,,"OVER $1,500",DISREGARDING TRAFFIC SIGNALS,2,NO INDICATION OF INJURY,0,0,41.8158712081,-87.6554529212,60609,"CHICAGO MIDWAY AIRPORT, IL US",43.0,26.0,51.0,0.0,10.0,11.0
crash_01145,2023-09-09 03:22:00,2023,9,Sep,Sat,3,Night or early morning,40,NO CONTROLS,CLEAR,"DARKNESS, LIGHTED ROAD",REAR END,DIVIDED - W/MEDIAN BARRIER,DRY,INJURY AND / OR TOW DUE TO CRASH,,true,"OVER $1,500",UNABLE TO DETERMINE,2,NONINCAPACITATING INJURY,2,0,41.9112245556,-87.6264825724,60610,"CHICAGO MIDWAY AIRPORT, IL US",59.0,55.0,87.0,0.0,10.0,6.0
crash_01146,2018-12-13 11:26:00,2018,12,Dec,Thu,11,Daytime,0,NO CONTROLS,CLEAR,DAYLIGHT,OTHER OBJECT,ALLEY,DRY,NO INJURY / DRIVE AWAY,,,"$501 - $1,500",NOT APPLICABLE,1,NO INDICATION OF INJURY,0,0,41.7782509452,-87.6752438616,60636,"CHICAGO MIDWAY AIRPORT, IL US",42.0,29.0,60.0,0.0,9.0,7.0
crash_01147,2023-05-18 15:00:00,2023,5,May,Thu,15,Evening commute,30,NO CONTROLS,CLEAR,DAYLIGHT,PARKED MOTOR VEHICLE,ONE-WAY,UNKNOWN,NO INJURY / DRIVE AWAY,,true,"$501 - $1,500",UNABLE TO DETERMINE,2,NO INDICATION OF INJURY,0,0,41.8005698964,-87.6227601481,60615,"CHICAGO MIDWAY AIRPORT, IL US",73.0,32.0,22.0,0.0,10.0,7.0
crash_01148,2019-11-30 13:50:00,2019,11,Nov,Sat,13,Daytime,10,NO CONTROLS,CLOUDY/OVERCAST,DAYLIGHT,PARKED MOTOR VEHICLE,NOT DIVIDED,WET,NO INJURY / DRIVE AWAY,,,$500 OR LESS,UNABLE TO DETERMINE,2,NO INDICATION OF INJURY,0,0,41.8018110912,-87.6305601801,60609,"CHICAGO MIDWAY AIRPORT, IL US",39.0,36.0,87.0,,8.0,16.0
crash_01149,2019-07-15 13:00:00,2019,7,Jul,Mon,13,Daytime,20,NO CONTROLS,CLEAR,DAYLIGHT,SIDESWIPE SAME DIRECTION,DIVIDED - W/MEDIAN (NOT RAISED),DRY,NO INJURY / DRIVE AWAY,,,"OVER $1,500",FAILING TO YIELD RIGHT-OF-WAY,2,NO INDICATION OF INJURY,0,0,41.9903347474,-87.6990865062,60659,"CHICAGO OHARE INTERNATIONAL AIRPORT, IL US",89.0,63.0,42.0,0.0,10.0,15.0
crash_01150,2019-09-27 16:30:00,2019,9,Sep,Fri,16,Evening commute,25,NO CONTROLS,RAIN,DAYLIGHT,PARKED MOTOR VEHICLE,NOT DIVIDED,WET,INJURY AND / OR TOW DUE TO CRASH,,,"OVER $1,500",DISTRACTION - FROM INSIDE VEHICLE,2,NO INDICATION OF INJURY,0,0,41.7351389371,-87.575820491,60617,"CHICAGO MIDWAY AIRPORT, IL US",68.0,65.0,90.0,0.0,10.0,9.0
crash_01151,2018-01-10 19:06:00,2018,1,Jan,Wed,19,Night or early morning,30,TRAFFIC SIGNAL,CLEAR,"DARKNESS, LIGHTED ROAD",PEDESTRIAN,DIVIDED - W/MEDIAN BARRIER,WET,INJURY AND / OR TOW DUE TO CRASH,true,,$500 OR LESS,FAILING TO YIELD RIGHT-OF-WAY,2,NONINCAPACITATING INJURY,1,0,,,,,,,,,,
crash_01152,2024-05-17 05:40:00,2024,5,May,Fri,5,Night or early morning,30,TRAFFIC SIGNAL,CLEAR,DAWN,REAR END,NOT DIVIDED,DRY,NO INJURY / DRIVE AWAY,,true,"$501 - $1,500",FAILING TO REDUCE SPEED TO AVOID CRASH,2,NO INDICATION OF INJURY,0,0,41.9089516698,-87.8056609763,60707,"CHICAGO OHARE INTERNATIONAL AIRPORT, IL US",59.0,58.0,96.0,,4.0,0.0
crash_01153,2022-10-11 20:30:00,2022,10,Oct,Tue,20,Night or early morning,30,TRAFFIC SIGNAL,RAIN,"DARKNESS, LIGHTED ROAD",SIDESWIPE SAME DIRECTION,DIVIDED - W/MEDIAN (NOT RAISED),WET,NO INJURY / DRIVE AWAY,,true,"OVER $1,500",IMPROPER OVERTAKING/PASSING,2,NO INDICATION OF INJURY,0,0,41.9981332587,-87.6734231472,60626,"CHICAGO OHARE INTERNATIONAL AIRPORT, IL US",58.0,54.0,87.0,0.0,10.0,10.0
crash_01154,2018-04-13 12:00:00,2018,4,Apr,Fri,12,Daytime,0,TRAFFIC SIGNAL,CLEAR,DAYLIGHT,TURNING,OTHER,DRY,NO INJURY / DRIVE AWAY,false,,"OVER $1,500",DRIVING SKILLS/KNOWLEDGE/EXPERIENCE,2,NO INDICATION OF INJURY,0,0,41.7714855511,-87.722456415,60629,"CHICAGO MIDWAY AIRPORT, IL US",52.0,42.0,69.0,0.0,10.0,11.0
crash_01155,2023-09-07 16:15:00,2023,9,Sep,Thu,16,Evening commute,30,NO CONTROLS,CLEAR,DAYLIGHT,REAR END,NOT DIVIDED,DRY,NO INJURY / DRIVE AWAY,,true,"$501 - $1,500",FOLLOWING TOO CLOSELY,2,NO INDICATION OF INJURY,0,0,,,,,,,,,,
crash_01156,2024-02-10 13:00:00,2024,2,Feb,Sat,13,Daytime,15,NO CONTROLS,CLEAR,DAYLIGHT,PARKED MOTOR VEHICLE,ONE-WAY,DRY,NO INJURY / DRIVE AWAY,,true,"OVER $1,500",UNABLE TO DETERMINE,2,NO INDICATION OF INJURY,0,0,41.8992486496,-87.6283465652,60610,"CHICAGO MIDWAY AIRPORT, IL US",40.0,26.0,58.0,0.0,10.0,9.0
crash_01157,2025-05-23 23:12:00,2025,5,May,Fri,23,Night or early morning,20,NO CONTROLS,CLEAR,"DARKNESS, LIGHTED ROAD",PARKED MOTOR VEHICLE,NOT DIVIDED,DRY,INJURY AND / OR TOW DUE TO CRASH,,,"OVER $1,500",UNABLE TO DETERMINE,2,NO INDICATION OF INJURY,0,0,41.8986316851,-87.7627975131,60651,"CHICAGO MIDWAY AIRPORT, IL US",51.0,40.0,66.0,0.0,10.0,6.0
crash_01158,2018-12-22 12:50:00,2018,12,Dec,Sat,12,Daytime,30,NO CONTROLS,CLEAR,DAYLIGHT,SIDESWIPE SAME DIRECTION,DIVIDED - W/MEDIAN BARRIER,DRY,NO INJURY / DRIVE AWAY,,,"OVER $1,500",FAILING TO YIELD RIGHT-OF-WAY,2,NO INDICATION OF INJURY,0,0,41.8800834614,-87.768199889,60644,"CHICAGO MIDWAY AIRPORT, IL US",32.0,24.0,73.0,0.0,10.0,9.0
crash_01159,2025-09-15 10:18:00,2025,9,Sep,Mon,10,Daytime,30,UNKNOWN,UNKNOWN,UNKNOWN,PARKED MOTOR VEHICLE,ONE-WAY,UNKNOWN,NO INJURY / DRIVE AWAY,,true,"OVER $1,500",UNABLE TO DETERMINE,2,NO INDICATION OF INJURY,0,0,41.9213061195,-87.7586690053,60639,,,,,,,
crash_01160,2024-08-17 20:47:00,2024,8,Aug,Sat,20,Night or early morning,5,NO CONTROLS,RAIN,"DARKNESS, LIGHTED ROAD",PEDESTRIAN,PARKING LOT,WET,INJURY AND / OR TOW DUE TO CRASH,,,$500 OR LESS,UNABLE TO DETERMINE,2,"REPORTED, NOT EVIDENT",1,0,41.7943834229,-87.7034374038,60632,"CHICAGO MIDWAY AIRPORT, IL US",72.0,69.0,91.0,0.3,10.0,0.0
crash_01161,2018-11-21 08:15:00,2018,11,Nov,Wed,8,Morning commute,30,NO CONTROLS,CLOUDY/OVERCAST,DAYLIGHT,REAR END,DIVIDED - W/MEDIAN BARRIER,DRY,INJURY AND / OR TOW DUE TO CRASH,,,"OVER $1,500",UNABLE TO DETERMINE,2,NO INDICATION OF INJURY,0,0,41.7948726299,-87.618547624,60615,"CHICAGO MIDWAY AIRPORT, IL US",33.0,23.0,66.0,0.0,10.0,14.0
crash_01162,2024-04-15 07:25:00,2024,4,Apr,Mon,7,Morning commute,25,TRAFFIC SIGNAL,CLEAR,DAYLIGHT,REAR END,DIVIDED - W/MEDIAN (NOT RAISED),DRY,NO INJURY / DRIVE AWAY,,,"$501 - $1,500",FOLLOWING TOO CLOSELY,2,NO INDICATION OF INJURY,0,0,41.975912899,-87.6924941747,60625,"CHICAGO OHARE INTERNATIONAL AIRPORT, IL US",56.0,39.0,53.0,0.0,10.0,8.0
crash_01163,2025-02-14 17:30:00,2025,2,Feb,Fri,17,Evening commute,30,TRAFFIC SIGNAL,CLEAR,UNKNOWN,TURNING,FOUR WAY,UNKNOWN,NO INJURY / DRIVE AWAY,true,,"OVER $1,500",FAILING TO YIELD RIGHT-OF-WAY,2,NO INDICATION OF INJURY,0,0,41.994641657,-87.6605557359,60660,"CHICAGO OHARE INTERNATIONAL AIRPORT, IL US",24.0,6.0,46.0,0.0,10.0,11.0
crash_01164,2018-02-17 12:30:00,2018,2,Feb,Sat,12,Daytime,30,NO CONTROLS,CLEAR,DAYLIGHT,REAR END,PARKING LOT,DRY,NO INJURY / DRIVE AWAY,,,"$501 - $1,500",FAILING TO YIELD RIGHT-OF-WAY,2,NO INDICATION OF INJURY,0,0,41.838069591,-87.6358513606,60616,"CHICAGO MIDWAY AIRPORT, IL US",35.0,26.0,70.0,0.0,10.0,11.0
crash_01165,2019-07-04 20:30:00,2019,7,Jul,Thu,20,Night or early morning,30,NO CONTROLS,CLEAR,DARKNESS,FIXED OBJECT,NOT DIVIDED,DRY,NO INJURY / DRIVE AWAY,,,$500 OR LESS,ROAD ENGINEERING/SURFACE/MARKING DEFECTS,1,NO INDICATION OF INJURY,0,0,41.7500549336,-87.6829922029,60652,"CHICAGO MIDWAY AIRPORT, IL US",82.0,70.0,67.0,0.0,10.0,7.0
crash_01166,2023-07-28 07:30:00,2023,7,Jul,Fri,7,Morning commute,25,NO CONTROLS,RAIN,DAYLIGHT,SIDESWIPE SAME DIRECTION,NOT DIVIDED,WET,NO INJURY / DRIVE AWAY,,,"OVER $1,500",UNABLE TO DETERMINE,2,NO INDICATION OF INJURY,0,0,41.8844450417,-87.6516122514,60607,"CHICAGO MIDWAY AIRPORT, IL US",74.0,71.0,91.0,0.0,10.0,10.0
crash_01167,2019-03-22 22:45:00,2019,3,Mar,Fri,22,Night or early morning,30,TRAFFIC SIGNAL,CLEAR,"DARKNESS, LIGHTED ROAD",REAR END,DIVIDED - W/MEDIAN (NOT RAISED),DRY,NO INJURY / DRIVE AWAY,,,$500 OR LESS,UNABLE TO DETERMINE,2,NO INDICATION OF INJURY,0,0,41.8956994101,-87.6866946068,60612,"CHICAGO MIDWAY AIRPORT, IL US",33.0,26.0,75.0,0.0,10.0,5.0
crash_01168,2018-08-12 15:35:00,2018,8,Aug,Sun,15,Evening commute,30,STOP SIGN/FLASHER,CLEAR,DAYLIGHT,REAR END,ONE-WAY,DRY,NO INJURY / DRIVE AWAY,,,"OVER $1,500",UNABLE TO DETERMINE,2,NO INDICATION OF INJURY,0,0,41.8749352564,-87.6748582271,60612,"CHICAGO MIDWAY AIRPORT, IL US",87.0,57.0,36.0,0.0,10.0,14.0
crash_01169,2018-10-27 11:30:00,2018,10,Oct,Sat,11,Daytime,30,STOP SIGN/FLASHER,CLEAR,DAYLIGHT,ANGLE,DIVIDED - W/MEDIAN (NOT RAISED),DRY,INJURY AND / OR TOW DUE TO CRASH,,,"OVER $1,500",FAILING TO YIELD RIGHT-OF-WAY,2,NO INDICATION OF INJURY,0,0,41.9191102088,-87.768341176,60639,"CHICAGO OHARE INTERNATIONAL AIRPORT, IL US",52.0,38.0,59.0,0.0,10.0,7.0
crash_01170,2020-08-14 12:30:00,2020,8,Aug,Fri,12,Daytime,30,NO CONTROLS,CLEAR,DAYLIGHT,REAR END,NOT DIVIDED,DRY,NO INJURY / DRIVE AWAY,,,"OVER $1,500",FOLLOWING TOO CLOSELY,2,NO INDICATION OF INJURY,0,0,41.7779292151,-87.6834607079,60636,"CHICAGO MIDWAY AIRPORT, IL US",86.0,55.0,35.0,0.0,10.0,9.0
crash_01171,2023-06-04 05:00:00,2023,6,Jun,Sun,5,Night or early morning,30,NO CONTROLS,CLEAR,"DARKNESS, LIGHTED ROAD",PARKED MOTOR VEHICLE,NOT DIVIDED,DRY,INJURY AND / OR TOW DUE TO CRASH,,true,"OVER $1,500",UNABLE TO DETERMINE,5,NO INDICATION OF INJURY,0,0,41.8121069911,-87.6892158144,60632,"CHICAGO MIDWAY AIRPORT, IL US",68.0,58.0,70.0,0.0,10.0,9.0
crash_01172,2019-04-09 17:00:00,2019,4,Apr,Tue,17,Evening commute,30,STOP SIGN/FLASHER,CLEAR,DAYLIGHT,PEDALCYCLIST,NOT DIVIDED,DRY,INJURY AND / OR TOW DUE TO CRASH,,,$500 OR LESS,FAILING TO YIELD RIGHT-OF-WAY,2,"REPORTED, NOT EVIDENT",1,0,41.8691880822,-87.664220102,60607,"CHICAGO MIDWAY AIRPORT, IL US",66.0,27.0,23.0,0.0,10.0,14.0
crash_01173,2022-07-29 13:15:00,2022,7,Jul,Fri,13,Daytime,30,NO CONTROLS,CLEAR,DAYLIGHT,PEDESTRIAN,NOT DIVIDED,DRY,INJURY AND / OR TOW DUE TO CRASH,,,$500 OR LESS,UNABLE TO DETERMINE,2,NONINCAPACITATING INJURY,1,0,41.7792352173,-87.6927437889,60629,"CHICAGO MIDWAY AIRPORT, IL US",80.0,53.0,39.0,0.0,10.0,10.0
crash_01174,2023-02-07 10:20:00,2023,2,Feb,Tue,10,Daytime,30,NO CONTROLS,FOG/SMOKE/HAZE,DAYLIGHT,REAR END,NOT DIVIDED,WET,INJURY AND / OR TOW DUE TO CRASH,,,"OVER $1,500",FAILING TO REDUCE SPEED TO AVOID CRASH,2,"REPORTED, NOT EVIDENT",1,0,41.9020587935,-87.763381932,60651,"CHICAGO MIDWAY AIRPORT, IL US",38.0,31.0,76.0,0.0,10.0,21.0
crash_01175,2022-05-04 12:55:00,2022,5,May,Wed,12,Daytime,30,STOP SIGN/FLASHER,CLEAR,DAYLIGHT,TURNING,NOT DIVIDED,DRY,INJURY AND / OR TOW DUE TO CRASH,true,,"OVER $1,500",UNABLE TO DETERMINE,2,NO INDICATION OF INJURY,0,0,41.7589076202,-87.5639870656,60649,"CHICAGO MIDWAY AIRPORT, IL US",53.0,41.0,64.0,0.0,10.0,15.0
crash_01176,2021-04-18 13:55:00,2021,4,Apr,Sun,13,Daytime,30,TRAFFIC SIGNAL,CLEAR,DAYLIGHT,REAR END,NOT DIVIDED,DRY,NO INJURY / DRIVE AWAY,,,"OVER $1,500",FAILING TO REDUCE SPEED TO AVOID CRASH,2,NO INDICATION OF INJURY,0,0,41.9380329667,-87.817259602,60634,"CHICAGO OHARE INTERNATIONAL AIRPORT, IL US",60.0,26.0,27.0,0.0,10.0,11.0
crash_01177,2024-10-04 16:12:00,2024,10,Oct,Fri,16,Evening commute,30,TRAFFIC SIGNAL,CLEAR,DAYLIGHT,TURNING,NOT DIVIDED,DRY,NO INJURY / DRIVE AWAY,true,,"OVER $1,500",FAILING TO YIELD RIGHT-OF-WAY,2,NO INDICATION OF INJURY,0,0,41.8010528356,-87.6843676488,60632,"CHICAGO MIDWAY AIRPORT, IL US",70.0,51.0,51.0,0.0,10.0,15.0
crash_01178,2020-08-31 20:25:00,2020,8,Aug,Mon,20,Night or early morning,30,NO CONTROLS,CLEAR,"DARKNESS, LIGHTED ROAD",PARKED MOTOR VEHICLE,DIVIDED - W/MEDIAN BARRIER,DRY,INJURY AND / OR TOW DUE TO CRASH,,true,"$501 - $1,500",NOT APPLICABLE,3,NO INDICATION OF INJURY,0,0,41.7217334921,-87.6312374196,60620,"CHICAGO MIDWAY AIRPORT, IL US",79.0,64.0,60.0,0.0,10.0,8.0
crash_01179,2025-06-05 16:04:00,2025,6,Jun,Thu,16,Evening commute,30,STOP SIGN/FLASHER,CLEAR,DAYLIGHT,TURNING,DIVIDED - W/MEDIAN (NOT RAISED),DRY,NO INJURY / DRIVE AWAY,true,,"$501 - $1,500",DRIVING SKILLS/KNOWLEDGE/EXPERIENCE,2,NO INDICATION OF INJURY,0,0,41.9549885464,-87.7867604817,60634,"CHICAGO OHARE INTERNATIONAL AIRPORT, IL US",72.0,56.0,57.0,0.0,6.0,13.0
crash_01180,2022-08-28 16:30:00,2022,8,Aug,Sun,16,Evening commute,15,NO CONTROLS,CLEAR,DAWN,REAR TO REAR,OTHER,DRY,NO INJURY / DRIVE AWAY,,false,"$501 - $1,500",UNABLE TO DETERMINE,2,NO INDICATION OF INJURY,0,0,41.87390642,-87.6315269613,60605,"CHICAGO MIDWAY AIRPORT, IL US",89.0,69.0,52.0,,10.0,16.0
crash_01181,2019-10-16 12:00:00,2019,10,Oct,Wed,12,Daytime,30,TRAFFIC SIGNAL,CLEAR,DAYLIGHT,SIDESWIPE SAME DIRECTION,ONE-WAY,DRY,INJURY AND / OR TOW DUE TO CRASH,,,"$501 - $1,500",IMPROPER LANE USAGE,2,"REPORTED, NOT EVIDENT",1,0,41.8956979684,-87.6244171809,60611,"CHICAGO MIDWAY AIRPORT, IL US",51.0,36.0,56.0,0.0,10.0,16.0
crash_01182,2023-11-06 15:58:00,2023,11,Nov,Mon,15,Evening commute,30,NO CONTROLS,CLEAR,DAYLIGHT,SIDESWIPE OPPOSITE DIRECTION,NOT DIVIDED,UNKNOWN,NO INJURY / DRIVE AWAY,,,"$501 - $1,500",UNABLE TO DETERMINE,2,NO INDICATION OF INJURY,0,0,41.9432463725,-87.7667857971,60634,"CHICAGO OHARE INTERNATIONAL AIRPORT, IL US",67.0,48.0,51.0,0.0,10.0,13.0
crash_01183,2024-11-03 04:25:00,2024,11,Nov,Sun,4,Night or early morning,30,NO CONTROLS,CLEAR,"DARKNESS, LIGHTED ROAD",FIXED OBJECT,OTHER,DRY,NO INJURY / DRIVE AWAY,,,"OVER $1,500","OPERATING VEHICLE IN ERRATIC, RECKLESS, CARELESS, NEGLIGENT OR AGGRESSIVE MANNER",1,NO INDICATION OF INJURY,0,0,41.7157539415,-87.6515446735,60643,"CHICAGO MIDWAY AIRPORT, IL US",51.0,35.0,54.0,0.0,10.0,9.0
crash_01184,2025-02-10 15:30:00,2025,2,Feb,Mon,15,Evening commute,30,NO CONTROLS,CLEAR,DAYLIGHT,REAR END,NOT DIVIDED,UNKNOWN,NO INJURY / DRIVE AWAY,,,"OVER $1,500",DISTRACTION - FROM INSIDE VEHICLE,3,NO INDICATION OF INJURY,0,0,41.8498735769,-87.685723057,60608,"CHICAGO MIDWAY AIRPORT, IL US",34.0,10.0,37.0,0.0,10.0,9.0
crash_01185,2023-10-21 19:40:00,2023,10,Oct,Sat,19,Night or early morning,30,NO CONTROLS,RAIN,DARKNESS,TURNING,NOT DIVIDED,WET,NO INJURY / DRIVE AWAY,,,"OVER $1,500",FAILING TO YIELD RIGHT-OF-WAY,2,NO INDICATION OF INJURY,0,0,41.8864190969,-87.7554339297,60644,"CHICAGO MIDWAY AIRPORT, IL US",52.0,48.0,86.0,0.0,8.0,20.0
crash_01186,2024-01-09 15:30:00,2024,1,Jan,Tue,15,Evening commute,30,TRAFFIC SIGNAL,SNOW,DUSK,SIDESWIPE SAME DIRECTION,DIVIDED - W/MEDIAN (NOT RAISED),SNOW OR SLUSH,NO INJURY / DRIVE AWAY,,,$500 OR LESS,FOLLOWING TOO CLOSELY,2,NO INDICATION OF INJURY,0,0,41.8743716154,-87.6243795278,60605,"CHICAGO MIDWAY AIRPORT, IL US",34.0,34.0,100.0,0.04,1.5,6.0
crash_01187,2018-09-07 11:15:00,2018,9,Sep,Fri,11,Daytime,30,NO CONTROLS,RAIN,DAYLIGHT,REAR END,NOT DIVIDED,WET,INJURY AND / OR TOW DUE TO CRASH,,,"OVER $1,500",UNABLE TO DETERMINE,3,NONINCAPACITATING INJURY,1,0,41.7230396706,-87.5373904773,60617,"CHICAGO MIDWAY AIRPORT, IL US",70.0,64.0,82.0,0.0,8.0,15.0
crash_01188,2019-07-31 16:19:00,2019,7,Jul,Wed,16,Evening commute,30,TRAFFIC SIGNAL,CLEAR,DAYLIGHT,SIDESWIPE SAME DIRECTION,ONE-WAY,DRY,NO INJURY / DRIVE AWAY,,,$500 OR LESS,UNABLE TO DETERMINE,2,NO INDICATION OF INJURY,0,0,41.8846001778,-87.6279889673,60601,"CHICAGO MIDWAY AIRPORT, IL US",76.0,55.0,48.0,0.0,10.0,11.0
crash_01189,2021-03-12 10:00:00,2021,3,Mar,Fri,10,Daytime,20,NO CONTROLS,CLEAR,DAYLIGHT,ANGLE,NOT DIVIDED,DRY,NO INJURY / DRIVE AWAY,,true,"OVER $1,500",UNABLE TO DETERMINE,2,NO INDICATION OF INJURY,0,0,41.8851403178,-87.6692352985,60612,"CHICAGO MIDWAY AIRPORT, IL US",48.0,24.0,39.0,0.0,10.0,6.0
crash_01190,2020-09-18 17:25:00,2020,9,Sep,Fri,17,Evening commute,40,TRAFFIC SIGNAL,CLEAR,DAYLIGHT,REAR END,DIVIDED - W/MEDIAN (NOT RAISED),DRY,INJURY AND / OR TOW DUE TO CRASH,,,"$501 - $1,500",FAILING TO YIELD RIGHT-OF-WAY,2,NONINCAPACITATING INJURY,1,0,41.9590441983,-87.7529285706,60641,"CHICAGO OHARE INTERNATIONAL AIRPORT, IL US",58.0,36.0,44.0,0.0,10.0,15.0
crash_01191,2025-09-02 10:21:00,2025,9,Sep,Tue,10,Daytime,30,NO CONTROLS,CLEAR,DAYLIGHT,PEDESTRIAN,NOT DIVIDED,DRY,INJURY AND / OR TOW DUE TO CRASH,,true,$500 OR LESS,FAILING TO YIELD RIGHT-OF-WAY,2,NONINCAPACITATING INJURY,1,0,41.8860428426,-87.6254364686,60601,,,,,,,
crash_01192,2019-10-29 14:30:00,2019,10,Oct,Tue,14,Daytime,30,TRAFFIC SIGNAL,CLEAR,DAYLIGHT,REAR END,NOT DIVIDED,DRY,NO INJURY / DRIVE AWAY,,true,"$501 - $1,500",FOLLOWING TOO CLOSELY,2,NO INDICATION OF INJURY,0,0,41.9170572416,-87.7264950869,60647,"CHICAGO MIDWAY AIRPORT, IL US",42.0,34.0,73.0,,10.0,9.0
crash_01193,2018-10-26 18:30:00,2018,10,Oct,Fri,18,Evening commute,35,NO CONTROLS,CLEAR,DUSK,REAR END,NOT DIVIDED,DRY,NO INJURY / DRIVE AWAY,,,"OVER $1,500",FOLLOWING TOO CLOSELY,2,NO INDICATION OF INJURY,0,0,41.9733018442,-87.7880693221,60656,"CHICAGO OHARE INTERNATIONAL AIRPORT, IL US",49.0,41.0,74.0,0.0,10.0,11.0
crash_01194,2020-05-26 19:35:00,2020,5,May,Tue,19,Night or early morning,25,NO CONTROLS,CLOUDY/OVERCAST,DUSK,SIDESWIPE OPPOSITE DIRECTION,NOT DIVIDED,DRY,NO INJURY / DRIVE AWAY,,,$500 OR LESS,DRIVING SKILLS/KNOWLEDGE/EXPERIENCE,2,NO INDICATION OF INJURY,0,0,,,,,,,,,,
crash_01195,2019-11-09 19:07:00,2019,11,Nov,Sat,19,Night or early morning,30,NO CONTROLS,CLEAR,"DARKNESS, LIGHTED ROAD",OTHER NONCOLLISION,ONE-WAY,DRY,INJURY AND / OR TOW DUE TO CRASH,,,"OVER $1,500",UNABLE TO DETERMINE,2,NO INDICATION OF INJURY,0,0,41.8272803938,-87.6298674166,60609,"CHICAGO MIDWAY AIRPORT, IL US",44.0,28.0,53.0,0.0,10.0,7.0
crash_01196,2023-01-30 00:36:00,2023,1,Jan,Mon,0,Night or early morning,25,STOP SIGN/FLASHER,SNOW,"DARKNESS, LIGHTED ROAD",PARKED MOTOR VEHICLE,NOT DIVIDED,SNOW OR SLUSH,NO INJURY / DRIVE AWAY,,true,"$501 - $1,500",UNABLE TO DETERMINE,4,NO INDICATION OF INJURY,0,0,41.6806675321,-87.6397536224,60628,"CHICAGO MIDWAY AIRPORT, IL US",18.0,12.0,77.0,0.0,9.0,11.0
crash_01197,2019-01-16 15:35:00,2019,1,Jan,Wed,15,Evening commute,30,NO CONTROLS,CLEAR,DAYLIGHT,REAR END,NOT DIVIDED,DRY,NO INJURY / DRIVE AWAY,,,"$501 - $1,500",FOLLOWING TOO CLOSELY,2,NO INDICATION OF INJURY,0,0,41.9094577735,-87.7506410905,60651,"CHICAGO MIDWAY AIRPORT, IL US",31.0,23.0,72.0,0.0,10.0,13.0