crash_id,crash_datetime,crash_year,crash_month,crash_month_name,crash_weekday_name,crash_hour,time_period,posted_speed_limit_mph,traffic_control_device,reported_weather_condition,reported_lighting_condition,first_crash_type,trafficway_type,reported_road_surface_condition,crash_type,intersection_related,hit_and_run,estimated_damage,primary_contributory_cause,unit_count,most_severe_injury,injuries_total,injuries_fatal,latitude,longitude,zip5,weather_station_name,temperature_f,dew_point_f,relative_humidity_percent,precipitation_inches,visibility_miles,wind_speed_mph
crash_01198,2025-04-04 04:00:00,2025,4,Apr,Fri,4,Night or early morning,30,NO CONTROLS,CLEAR,UNKNOWN,PARKED MOTOR VEHICLE,NOT DIVIDED,DRY,NO INJURY / DRIVE AWAY,,true,"OVER $1,500",NOT APPLICABLE,2,NO INDICATION OF INJURY,0,0,41.7948567445,-87.6717515889,60609,"CHICAGO MIDWAY AIRPORT, IL US",42.0,33.0,71.0,0.0,10.0,6.0
crash_01199,2024-10-20 20:20:00,2024,10,Oct,Sun,20,Night or early morning,30,TRAFFIC SIGNAL,CLEAR,"DARKNESS, LIGHTED ROAD",REAR END,DIVIDED - W/MEDIAN (NOT RAISED),DRY,NO INJURY / DRIVE AWAY,true,,"$501 - $1,500",FOLLOWING TOO CLOSELY,2,NO INDICATION OF INJURY,0,0,41.8744230547,-87.6204353821,60605,"CHICAGO MIDWAY AIRPORT, IL US",70.0,38.0,31.0,0.0,10.0,10.0
crash_01200,2023-08-08 06:50:00,2023,8,Aug,Tue,6,Morning commute,30,NO CONTROLS,CLEAR,DAYLIGHT,TURNING,DIVIDED - W/MEDIAN BARRIER,DRY,INJURY AND / OR TOW DUE TO CRASH,,,"OVER $1,500",CELL PHONE USE OTHER THAN TEXTING,2,"REPORTED, NOT EVIDENT",1,0,41.9379244242,-87.7272974368,60641,"CHICAGO OHARE INTERNATIONAL AIRPORT, IL US",65.0,59.0,81.0,0.0,10.0,3.0
crash_01201,2019-12-31 16:55:00,2019,12,Dec,Tue,16,Evening commute,35,TRAFFIC SIGNAL,CLEAR,"DARKNESS, LIGHTED ROAD",REAR END,CENTER TURN LANE,WET,INJURY AND / OR TOW DUE TO CRASH,,,"OVER $1,500",UNABLE TO DETERMINE,2,NO INDICATION OF INJURY,0,0,41.8167293867,-87.7435367125,60638,"CHICAGO MIDWAY AIRPORT, IL US",28.0,20.0,72.0,0.0,10.0,16.0
crash_01202,2024-09-12 17:29:00,2024,9,Sep,Thu,17,Evening commute,30,TRAFFIC SIGNAL,CLEAR,DUSK,FIXED OBJECT,NOT DIVIDED,DRY,NO INJURY / DRIVE AWAY,true,,"$501 - $1,500",UNABLE TO DETERMINE,2,NO INDICATION OF INJURY,0,0,41.9463735474,-87.736076485,60641,"CHICAGO OHARE INTERNATIONAL AIRPORT, IL US",80.0,59.0,49.0,0.0,10.0,13.0
crash_01203,2018-08-18 09:30:00,2018,8,Aug,Sat,9,Morning commute,30,NO CONTROLS,CLOUDY/OVERCAST,DAYLIGHT,PARKED MOTOR VEHICLE,ONE-WAY,DRY,NO INJURY / DRIVE AWAY,,,"$501 - $1,500",DRIVING SKILLS/KNOWLEDGE/EXPERIENCE,2,NO INDICATION OF INJURY,0,0,41.937357615,-87.7813124829,60634,"CHICAGO OHARE INTERNATIONAL AIRPORT, IL US",76.0,68.0,77.0,0.0,10.0,9.0
crash_01204,2024-08-07 11:45:00,2024,8,Aug,Wed,11,Daytime,30,TRAFFIC SIGNAL,CLEAR,DAYLIGHT,PARKED MOTOR VEHICLE,NOT DIVIDED,DRY,NO INJURY / DRIVE AWAY,true,,"OVER $1,500",IMPROPER BACKING,2,NO INDICATION OF INJURY,0,0,41.9000909451,-87.6257203292,60611,"CHICAGO MIDWAY AIRPORT, IL US",77.0,50.0,39.0,0.0,10.0,20.0
crash_01205,2019-04-10 16:00:00,2019,4,Apr,Wed,16,Evening commute,30,NO CONTROLS,CLOUDY/OVERCAST,DAYLIGHT,ANGLE,NOT DIVIDED,WET,NO INJURY / DRIVE AWAY,,false,"$501 - $1,500",FAILING TO REDUCE SPEED TO AVOID CRASH,2,NO INDICATION OF INJURY,0,0,41.7507503867,-87.6343843454,60620,"CHICAGO MIDWAY AIRPORT, IL US",40.0,35.0,83.0,0.01,6.0,18.0
crash_01206,2025-02-27 13:35:00,2025,2,Feb,Thu,13,Daytime,30,TRAFFIC SIGNAL,CLEAR,DAYLIGHT,TURNING,FOUR WAY,DRY,INJURY AND / OR TOW DUE TO CRASH,true,true,"OVER $1,500",IMPROPER TURNING/NO SIGNAL,2,"REPORTED, NOT EVIDENT",1,0,41.6633388868,-87.6412776496,60628,"CHICAGO MIDWAY AIRPORT, IL US",49.0,30.0,48.0,0.0,10.0,17.0
crash_01207,2020-03-16 12:30:00,2020,3,Mar,Mon,12,Daytime,30,STOP SIGN/FLASHER,CLEAR,DAYLIGHT,ANGLE,T-INTERSECTION,WET,INJURY AND / OR TOW DUE TO CRASH,true,,"OVER $1,500",DISREGARDING STOP SIGN,2,NO INDICATION OF INJURY,0,0,41.692454935,-87.6304597926,60628,"CHICAGO MIDWAY AIRPORT, IL US",36.0,33.0,89.0,0.0,7.0,6.0
crash_01208,2018-10-20 20:58:00,2018,10,Oct,Sat,20,Night or early morning,30,TRAFFIC SIGNAL,CLEAR,DARKNESS,TURNING,DIVIDED - W/MEDIAN BARRIER,DRY,INJURY AND / OR TOW DUE TO CRASH,,true,"$501 - $1,500",FAILING TO YIELD RIGHT-OF-WAY,2,NO INDICATION OF INJURY,0,0,41.7819896563,-87.7425550815,60638,"CHICAGO MIDWAY AIRPORT, IL US",37.0,18.0,46.0,0.0,10.0,11.0
crash_01209,2023-12-30 00:34:00,2023,12,Dec,Sat,0,Night or early morning,55,NO CONTROLS,CLEAR,"DARKNESS, LIGHTED ROAD",SIDESWIPE SAME DIRECTION,OTHER,DRY,INJURY AND / OR TOW DUE TO CRASH,,true,"OVER $1,500",IMPROPER LANE USAGE,2,NO INDICATION OF INJURY,0,0,41.9331331218,-87.6391650114,60657,"CHICAGO MIDWAY AIRPORT, IL US",32.0,28.0,85.0,0.0,10.0,6.0
crash_01210,2020-09-01 16:50:00,2020,9,Sep,Tue,16,Evening commute,30,NO CONTROLS,CLEAR,DAYLIGHT,PARKED MOTOR VEHICLE,NOT DIVIDED,WET,NO INJURY / DRIVE AWAY,true,,"$501 - $1,500",IMPROPER TURNING/NO SIGNAL,2,NO INDICATION OF INJURY,0,0,41.9030398457,-87.7563777116,60651,"CHICAGO MIDWAY AIRPORT, IL US",70.0,66.0,88.0,,9.0,3.0
crash_01211,2018-04-23 15:44:00,2018,4,Apr,Mon,15,Evening commute,30,TRAFFIC SIGNAL,CLEAR,DAYLIGHT,REAR END,NOT DIVIDED,DRY,INJURY AND / OR TOW DUE TO CRASH,,,"OVER $1,500",FOLLOWING TOO CLOSELY,2,NO INDICATION OF INJURY,0,0,41.7228800547,-87.5506215744,60617,"CHICAGO MIDWAY AIRPORT, IL US",61.0,31.0,32.0,0.0,10.0,15.0
crash_01212,2023-04-23 20:40:00,2023,4,Apr,Sun,20,Night or early morning,30,NO CONTROLS,CLEAR,DUSK,ANGLE,NOT DIVIDED,DRY,NO INJURY / DRIVE AWAY,,,"OVER $1,500",FAILING TO YIELD RIGHT-OF-WAY,2,NO INDICATION OF INJURY,0,0,41.9902285547,-87.7128219557,60659,"CHICAGO OHARE INTERNATIONAL AIRPORT, IL US",40.0,25.0,55.0,0.0,10.0,7.0
crash_01213,2020-07-18 22:45:00,2020,7,Jul,Sat,22,Night or early morning,35,TRAFFIC SIGNAL,CLEAR,"DARKNESS, LIGHTED ROAD",TURNING,NOT DIVIDED,DRY,INJURY AND / OR TOW DUE TO CRASH,true,,"OVER $1,500",DISREGARDING OTHER TRAFFIC SIGNS,2,"REPORTED, NOT EVIDENT",3,0,41.9035484117,-87.6613142604,60642,"CHICAGO MIDWAY AIRPORT, IL US",84.0,75.0,74.0,0.0,10.0,13.0
crash_01214,2022-04-18 07:52:00,2022,4,Apr,Mon,7,Morning commute,30,NO CONTROLS,RAIN,DAYLIGHT,TURNING,DIVIDED - W/MEDIAN (NOT RAISED),WET,INJURY AND / OR TOW DUE TO CRASH,true,,"OVER $1,500",FAILING TO YIELD RIGHT-OF-WAY,3,INCAPACITATING INJURY,1,0,41.8156097814,-87.6820623228,60609,"CHICAGO MIDWAY AIRPORT, IL US",37.0,33.0,86.0,0.0,9.0,0.0
crash_01215,2019-06-10 15:00:00,2019,6,Jun,Mon,15,Evening commute,30,NO CONTROLS,CLEAR,DAYLIGHT,PARKED MOTOR VEHICLE,ALLEY,DRY,NO INJURY / DRIVE AWAY,,,"$501 - $1,500",UNABLE TO DETERMINE,2,NO INDICATION OF INJURY,0,0,42.0066939397,-87.671946531,60626,"CHICAGO OHARE INTERNATIONAL AIRPORT, IL US",73.0,41.0,32.0,0.0,10.0,20.0
crash_01216,2018-09-01 00:25:00,2018,9,Sep,Sat,0,Night or early morning,30,NO CONTROLS,CLEAR,"DARKNESS, LIGHTED ROAD",SIDESWIPE SAME DIRECTION,NOT DIVIDED,WET,NO INJURY / DRIVE AWAY,,,"$501 - $1,500",UNABLE TO DETERMINE,2,NO INDICATION OF INJURY,0,0,41.9217235143,-87.6974684794,60647,"CHICAGO MIDWAY AIRPORT, IL US",73.0,68.0,84.0,0.0,10.0,8.0
crash_01217,2023-02-10 17:19:00,2023,2,Feb,Fri,17,Evening commute,10,NO CONTROLS,CLEAR,DUSK,TURNING,PARKING LOT,DRY,NO INJURY / DRIVE AWAY,,,"$501 - $1,500",CELL PHONE USE OTHER THAN TEXTING,2,NO INDICATION OF INJURY,0,0,41.756211883,-87.6321305421,60620,"CHICAGO MIDWAY AIRPORT, IL US",36.0,14.0,40.0,0.0,10.0,13.0
crash_01218,2024-06-27 12:45:00,2024,6,Jun,Thu,12,Daytime,30,NO CONTROLS,CLEAR,DAYLIGHT,SIDESWIPE SAME DIRECTION,NOT DIVIDED,DRY,NO INJURY / DRIVE AWAY,,,"$501 - $1,500",IMPROPER OVERTAKING/PASSING,2,NO INDICATION OF INJURY,0,0,41.9529348286,-87.791711967,60634,"CHICAGO OHARE INTERNATIONAL AIRPORT, IL US",71.0,48.0,44.0,0.0,10.0,8.0
crash_01219,2023-04-13 11:12:00,2023,4,Apr,Thu,11,Daytime,30,TRAFFIC SIGNAL,CLEAR,DAYLIGHT,SIDESWIPE SAME DIRECTION,FOUR WAY,DRY,NO INJURY / DRIVE AWAY,true,,"$501 - $1,500",IMPROPER LANE USAGE,2,NO INDICATION OF INJURY,0,0,41.8671631768,-87.6390825496,60607,"CHICAGO MIDWAY AIRPORT, IL US",75.0,44.0,33.0,0.0,10.0,9.0
crash_01220,2020-02-18 12:08:00,2020,2,Feb,Tue,12,Daytime,30,NO CONTROLS,CLEAR,DAYLIGHT,PARKED MOTOR VEHICLE,PARKING LOT,DRY,NO INJURY / DRIVE AWAY,,true,"$501 - $1,500",IMPROPER LANE USAGE,2,NO INDICATION OF INJURY,0,0,41.7354034002,-87.6962529144,60652,"CHICAGO MIDWAY AIRPORT, IL US",36.0,26.0,67.0,0.0,10.0,16.0
crash_01221,2024-08-17 13:08:00,2024,8,Aug,Sat,13,Daytime,25,NO CONTROLS,CLEAR,DAYLIGHT,REAR END,NOT DIVIDED,DRY,NO INJURY / DRIVE AWAY,,,"OVER $1,500",FOLLOWING TOO CLOSELY,4,NO INDICATION OF INJURY,0,0,41.9676933665,-87.7649679269,60630,"CHICAGO OHARE INTERNATIONAL AIRPORT, IL US",78.0,67.0,69.0,0.0,10.0,13.0
crash_01222,2020-04-04 02:02:00,2020,4,Apr,Sat,2,Night or early morning,30,NO CONTROLS,RAIN,"DARKNESS, LIGHTED ROAD",PARKED MOTOR VEHICLE,NOT DIVIDED,WET,INJURY AND / OR TOW DUE TO CRASH,,,"OVER $1,500",FAILING TO REDUCE SPEED TO AVOID CRASH,6,NO INDICATION OF INJURY,0,0,41.9108741781,-87.7115568637,60647,"CHICAGO MIDWAY AIRPORT, IL US",51.0,47.0,86.0,0.0,9.0,10.0
crash_01223,2022-09-23 23:00:00,2022,9,Sep,Fri,23,Night or early morning,20,NO CONTROLS,CLEAR,"DARKNESS, LIGHTED ROAD",PARKED MOTOR VEHICLE,NOT DIVIDED,DRY,NO INJURY / DRIVE AWAY,,true,"$501 - $1,500",UNABLE TO DETERMINE,2,NO INDICATION OF INJURY,0,0,42.0037376361,-87.6679676383,60626,"CHICAGO OHARE INTERNATIONAL AIRPORT, IL US",58.0,42.0,56.0,0.0,10.0,6.0
crash_01224,2024-08-31 14:55:00,2024,8,Aug,Sat,14,Daytime,30,NO CONTROLS,CLEAR,DAYLIGHT,PARKED MOTOR VEHICLE,ONE-WAY,DRY,NO INJURY / DRIVE AWAY,,true,"OVER $1,500",UNABLE TO DETERMINE,2,NO INDICATION OF INJURY,0,0,41.817999287,-87.687318868,60632,"CHICAGO MIDWAY AIRPORT, IL US",83.0,56.0,40.0,0.0,10.0,3.0
crash_01225,2021-12-09 15:30:00,2021,12,Dec,Thu,15,Evening commute,30,TRAFFIC SIGNAL,CLEAR,DAYLIGHT,SIDESWIPE SAME DIRECTION,NOT DIVIDED,UNKNOWN,NO INJURY / DRIVE AWAY,,true,"$501 - $1,500",IMPROPER OVERTAKING/PASSING,2,NO INDICATION OF INJURY,0,0,41.9395023808,-87.697849374,60618,"CHICAGO MIDWAY AIRPORT, IL US",46.0,30.0,54.0,0.0,10.0,6.0
crash_01226,2022-10-21 20:30:00,2022,10,Oct,Fri,20,Night or early morning,30,NO CONTROLS,CLEAR,"DARKNESS, LIGHTED ROAD",PARKED MOTOR VEHICLE,ONE-WAY,DRY,NO INJURY / DRIVE AWAY,,true,"$501 - $1,500",UNABLE TO DETERMINE,2,NO INDICATION OF INJURY,0,0,41.6656089586,-87.6293192854,60628,"CHICAGO MIDWAY AIRPORT, IL US",70.0,37.0,30.0,0.0,10.0,14.0
crash_01227,2023-08-28 13:15:00,2023,8,Aug,Mon,13,Daytime,30,NO CONTROLS,CLEAR,DAYLIGHT,REAR END,NOT DIVIDED,DRY,INJURY AND / OR TOW DUE TO CRASH,,true,"$501 - $1,500",FOLLOWING TOO CLOSELY,3,NONINCAPACITATING INJURY,1,0,41.7893386418,-87.7413525626,60629,"CHICAGO MIDWAY AIRPORT, IL US",78.0,51.0,39.0,0.0,10.0,6.0
crash_01228,2024-10-24 09:00:00,2024,10,Oct,Thu,9,Morning commute,15,NO CONTROLS,CLEAR,DAYLIGHT,PARKED MOTOR VEHICLE,PARKING LOT,DRY,NO INJURY / DRIVE AWAY,,,"$501 - $1,500",UNABLE TO DETERMINE,2,NO INDICATION OF INJURY,0,0,41.9847818103,-87.7305509214,60646,"CHICAGO OHARE INTERNATIONAL AIRPORT, IL US",47.0,38.0,71.0,0.0,10.0,5.0
crash_01229,2023-04-24 16:37:00,2023,4,Apr,Mon,16,Evening commute,30,TRAFFIC SIGNAL,CLEAR,DAYLIGHT,TURNING,DIVIDED - W/MEDIAN (NOT RAISED),DRY,INJURY AND / OR TOW DUE TO CRASH,true,,"OVER $1,500",DISREGARDING TRAFFIC SIGNALS,2,NO INDICATION OF INJURY,0,0,41.8906934191,-87.632484407,60654,"CHICAGO MIDWAY AIRPORT, IL US",51.0,27.0,39.0,0.0,10.0,11.0
crash_01230,2020-02-06 09:55:00,2020,2,Feb,Thu,9,Morning commute,10,NO CONTROLS,CLOUDY/OVERCAST,DAYLIGHT,REAR TO SIDE,PARKING LOT,SNOW OR SLUSH,NO INJURY / DRIVE AWAY,,,"OVER $1,500",FAILING TO YIELD RIGHT-OF-WAY,2,NO INDICATION OF INJURY,0,0,41.7208117166,-87.5881397964,60628,"CHICAGO MIDWAY AIRPORT, IL US",28.0,22.0,78.0,0.0,10.0,16.0
crash_01231,2019-12-27 19:51:00,2019,12,Dec,Fri,19,Night or early morning,30,NO CONTROLS,CLEAR,"DARKNESS, LIGHTED ROAD",HEAD ON,DIVIDED - W/MEDIAN (NOT RAISED),DRY,INJURY AND / OR TOW DUE TO CRASH,,,"OVER $1,500",FAILING TO YIELD RIGHT-OF-WAY,2,NONINCAPACITATING INJURY,1,0,41.7774849361,-87.7424093583,60638,"CHICAGO MIDWAY AIRPORT, IL US",32.0,28.0,85.0,0.0,8.0,5.0
crash_01232,2020-06-26 18:23:00,2020,6,Jun,Fri,18,Evening commute,30,TRAFFIC SIGNAL,RAIN,DAYLIGHT,SIDESWIPE SAME DIRECTION,NOT DIVIDED,WET,NO INJURY / DRIVE AWAY,true,,"OVER $1,500",FAILING TO REDUCE SPEED TO AVOID CRASH,2,NO INDICATION OF INJURY,0,0,41.8574889655,-87.6432413007,60616,"CHICAGO MIDWAY AIRPORT, IL US",85.0,67.0,55.0,0.0,10.0,10.0
crash_01233,2023-10-07 23:07:00,2023,10,Oct,Sat,23,Night or early morning,30,NO CONTROLS,CLEAR,"DARKNESS, LIGHTED ROAD",PEDALCYCLIST,NOT DIVIDED,DRY,INJURY AND / OR TOW DUE TO CRASH,,,"$501 - $1,500",FAILING TO YIELD RIGHT-OF-WAY,2,NONINCAPACITATING INJURY,1,0,41.9387793239,-87.759016869,60641,"CHICAGO OHARE INTERNATIONAL AIRPORT, IL US",49.0,36.0,61.0,0.0,10.0,10.0
crash_01234,2018-04-05 09:20:00,2018,4,Apr,Thu,9,Morning commute,30,NO CONTROLS,CLOUDY/OVERCAST,DAYLIGHT,PARKED MOTOR VEHICLE,DIVIDED - W/MEDIAN (NOT RAISED),DRY,NO INJURY / DRIVE AWAY,,,$500 OR LESS,UNABLE TO DETERMINE,2,NO INDICATION OF INJURY,0,0,41.7725164877,-87.6447448766,60621,"CHICAGO MIDWAY AIRPORT, IL US",30.0,12.0,47.0,0.0,10.0,6.0
crash_01235,2022-05-09 08:30:00,2022,5,May,Mon,8,Morning commute,30,NO CONTROLS,CLEAR,DAYLIGHT,REAR TO FRONT,OTHER,DRY,NO INJURY / DRIVE AWAY,,,"OVER $1,500",DRIVING SKILLS/KNOWLEDGE/EXPERIENCE,2,NO INDICATION OF INJURY,0,0,41.9035379266,-87.6474235837,60610,"CHICAGO MIDWAY AIRPORT, IL US",67.0,48.0,51.0,0.0,10.0,14.0
crash_01236,2020-07-20 12:50:00,2020,7,Jul,Mon,12,Daytime,30,STOP SIGN/FLASHER,CLEAR,DAYLIGHT,REAR END,DIVIDED - W/MEDIAN (NOT RAISED),DRY,INJURY AND / OR TOW DUE TO CRASH,true,,"OVER $1,500",UNABLE TO DETERMINE,2,NONINCAPACITATING INJURY,1,0,41.909665373,-87.734821737,60651,"CHICAGO MIDWAY AIRPORT, IL US",85.0,59.0,42.0,0.0,10.0,10.0
crash_01237,2019-08-02 01:00:00,2019,8,Aug,Fri,1,Night or early morning,30,STOP SIGN/FLASHER,CLEAR,"DARKNESS, LIGHTED ROAD",PARKED MOTOR VEHICLE,NOT DIVIDED,DRY,NO INJURY / DRIVE AWAY,true,,"$501 - $1,500",UNABLE TO DETERMINE,2,NO INDICATION OF INJURY,0,0,41.9979870954,-87.6812140538,60645,"CHICAGO OHARE INTERNATIONAL AIRPORT, IL US",65.0,59.0,81.0,0.0,10.0,5.0
crash_01238,2018-06-10 14:04:00,2018,6,Jun,Sun,14,Daytime,30,UNKNOWN,UNKNOWN,UNKNOWN,REAR END,UNKNOWN,UNKNOWN,NO INJURY / DRIVE AWAY,,,"OVER $1,500",UNABLE TO DETERMINE,2,NO INDICATION OF INJURY,0,0,41.9523747427,-87.7170085212,60618,"CHICAGO OHARE INTERNATIONAL AIRPORT, IL US",67.0,63.0,87.0,0.01,3.0,10.0
crash_01239,2018-12-01 22:00:00,2018,12,Dec,Sat,22,Night or early morning,5,NO CONTROLS,CLEAR,DAYLIGHT,PARKED MOTOR VEHICLE,PARKING LOT,WET,NO INJURY / DRIVE AWAY,,true,"OVER $1,500",UNABLE TO DETERMINE,2,NO INDICATION OF INJURY,0,0,41.7942922001,-87.6203479163,60637,"CHICAGO MIDWAY AIRPORT, IL US",45.0,42.0,90.0,0.03,3.0,13.0
crash_01240,2021-11-22 05:30:00,2021,11,Nov,Mon,5,Night or early morning,35,TRAFFIC SIGNAL,CLEAR,"DARKNESS, LIGHTED ROAD",SIDESWIPE SAME DIRECTION,DIVIDED - W/MEDIAN BARRIER,DRY,NO INJURY / DRIVE AWAY,true,,"OVER $1,500",IMPROPER LANE USAGE,2,NO INDICATION OF INJURY,0,0,41.9058503936,-87.6331363109,60610,"CHICAGO MIDWAY AIRPORT, IL US",25.0,10.0,53.0,0.0,10.0,8.0
crash_01241,2023-07-19 09:45:00,2023,7,Jul,Wed,9,Morning commute,30,NO CONTROLS,CLEAR,DAYLIGHT,REAR END,DIVIDED - W/MEDIAN (NOT RAISED),DRY,NO INJURY / DRIVE AWAY,,,"OVER $1,500",FOLLOWING TOO CLOSELY,2,NO INDICATION OF INJURY,0,0,41.9683553257,-87.7673465923,60630,"CHICAGO OHARE INTERNATIONAL AIRPORT, IL US",77.0,55.0,47.0,0.0,10.0,8.0
crash_01242,2018-07-20 19:30:00,2018,7,Jul,Fri,19,Night or early morning,55,POLICE/FLAGMAN,CLEAR,DAYLIGHT,TURNING,ONE-WAY,DRY,NO INJURY / DRIVE AWAY,,,"$501 - $1,500",IMPROPER OVERTAKING/PASSING,2,NO INDICATION OF INJURY,0,0,41.8581061674,-87.6163787256,60616,"CHICAGO MIDWAY AIRPORT, IL US",71.0,68.0,90.0,0.0,10.0,9.0
crash_01243,2019-04-20 10:40:00,2019,4,Apr,Sat,10,Daytime,30,TRAFFIC SIGNAL,CLEAR,DAYLIGHT,SIDESWIPE SAME DIRECTION,NOT DIVIDED,DRY,NO INJURY / DRIVE AWAY,,,"OVER $1,500",UNABLE TO DETERMINE,2,NO INDICATION OF INJURY,0,0,41.9503400639,-87.6785022334,60613,"CHICAGO MIDWAY AIRPORT, IL US",53.0,16.0,23.0,0.0,10.0,22.0
crash_01244,2024-07-30 18:30:00,2024,7,Jul,Tue,18,Evening commute,10,NO CONTROLS,CLEAR,DAYLIGHT,REAR TO SIDE,PARKING LOT,DRY,NO INJURY / DRIVE AWAY,,true,"$501 - $1,500",IMPROPER BACKING,2,NO INDICATION OF INJURY,0,0,41.8139143113,-87.7236649419,60632,"CHICAGO MIDWAY AIRPORT, IL US",87.0,69.0,55.0,0.0,10.0,7.0
crash_01245,2023-11-17 17:19:00,2023,11,Nov,Fri,17,Evening commute,30,TRAFFIC SIGNAL,CLEAR,"DARKNESS, LIGHTED ROAD",REAR END,DIVIDED - W/MEDIAN BARRIER,DRY,NO INJURY / DRIVE AWAY,false,true,"OVER $1,500",UNABLE TO DETERMINE,2,NO INDICATION OF INJURY,0,0,41.7491476516,-87.7318564212,60652,"CHICAGO MIDWAY AIRPORT, IL US",45.0,30.0,56.0,0.0,10.0,8.0
crash_01246,2024-01-17 13:20:00,2024,1,Jan,Wed,13,Daytime,30,NO CONTROLS,CLEAR,DAYLIGHT,REAR END,NOT DIVIDED,DRY,NO INJURY / DRIVE AWAY,,,"$501 - $1,500",UNABLE TO DETERMINE,2,NO INDICATION OF INJURY,0,0,41.8698231419,-87.6425044028,60607,"CHICAGO MIDWAY AIRPORT, IL US",18.0,5.0,57.0,0.0,10.0,16.0
crash_01247,2024-03-25 20:15:00,2024,3,Mar,Mon,20,Night or early morning,30,TRAFFIC SIGNAL,UNKNOWN,UNKNOWN,ANGLE,FOUR WAY,UNKNOWN,NO INJURY / DRIVE AWAY,,true,"$501 - $1,500",UNABLE TO DETERMINE,2,NO INDICATION OF INJURY,0,0,41.866311478,-87.7058135163,60623,"CHICAGO MIDWAY AIRPORT, IL US",62.0,41.0,46.0,0.0,10.0,9.0
crash_01248,2025-06-17 08:15:00,2025,6,Jun,Tue,8,Morning commute,30,STOP SIGN/FLASHER,CLEAR,DAYLIGHT,TURNING,FOUR WAY,DRY,NO INJURY / DRIVE AWAY,true,,"$501 - $1,500",FAILING TO YIELD RIGHT-OF-WAY,2,NO INDICATION OF INJURY,0,0,41.9247350607,-87.6936225285,60647,"CHICAGO MIDWAY AIRPORT, IL US",77.0,69.0,77.0,0.0,10.0,14.0
crash_01249,2018-04-21 03:55:00,2018,4,Apr,Sat,3,Night or early morning,25,STOP SIGN/FLASHER,CLEAR,DARKNESS,FIXED OBJECT,DIVIDED - W/MEDIAN (NOT RAISED),DRY,INJURY AND / OR TOW DUE TO CRASH,true,,"OVER $1,500",FAILING TO REDUCE SPEED TO AVOID CRASH,1,NO INDICATION OF INJURY,0,0,41.8113596015,-87.6550696199,60609,"CHICAGO MIDWAY AIRPORT, IL US",43.0,20.0,40.0,0.0,10.0,3.0
crash_01250,2023-02-25 09:30:00,2023,2,Feb,Sat,9,Morning commute,30,STOP SIGN/FLASHER,SNOW,DAYLIGHT,ANGLE,NOT DIVIDED,ICE,NO INJURY / DRIVE AWAY,,,"OVER $1,500",EQUIPMENT - VEHICLE CONDITION,2,NO INDICATION OF INJURY,0,0,41.8082903714,-87.7003768034,60632,"CHICAGO MIDWAY AIRPORT, IL US",31.0,24.0,76.0,,10.0,10.0
crash_01251,2023-12-21 14:06:00,2023,12,Dec,Thu,14,Daytime,30,NO CONTROLS,CLEAR,DAYLIGHT,REAR END,NOT DIVIDED,DRY,INJURY AND / OR TOW DUE TO CRASH,,,"OVER $1,500",DISTRACTION - FROM INSIDE VEHICLE,2,NO INDICATION OF INJURY,0,0,41.9612437325,-87.685774067,60618,"CHICAGO OHARE INTERNATIONAL AIRPORT, IL US",47.0,30.0,52.0,0.0,10.0,5.0
crash_01252,2024-06-06 16:15:00,2024,6,Jun,Thu,16,Evening commute,30,NO CONTROLS,CLEAR,DAYLIGHT,PARKED MOTOR VEHICLE,NOT DIVIDED,DRY,NO INJURY / DRIVE AWAY,,true,"OVER $1,500",IMPROPER LANE USAGE,2,NO INDICATION OF INJURY,0,0,41.9428963659,-87.8289181254,60634,"CHICAGO OHARE INTERNATIONAL AIRPORT, IL US",77.0,46.0,33.0,0.0,10.0,21.0
crash_01253,2020-11-11 17:30:00,2020,11,Nov,Wed,17,Evening commute,30,NO CONTROLS,UNKNOWN,DAYLIGHT,OTHER NONCOLLISION,NOT DIVIDED,UNKNOWN,NO INJURY / DRIVE AWAY,,,"OVER $1,500",NOT APPLICABLE,1,NO INDICATION OF INJURY,0,0,41.9905315633,-87.671389464,60660,"CHICAGO OHARE INTERNATIONAL AIRPORT, IL US",42.0,31.0,65.0,0.0,10.0,5.0
crash_01254,2024-01-31 12:33:00,2024,1,Jan,Wed,12,Daytime,30,NO CONTROLS,CLEAR,DAYLIGHT,ANGLE,NOT DIVIDED,DRY,NO INJURY / DRIVE AWAY,true,,"OVER $1,500",UNABLE TO DETERMINE,2,NO INDICATION OF INJURY,0,0,41.9252761196,-87.6670498008,60614,"CHICAGO MIDWAY AIRPORT, IL US",39.0,32.0,76.0,0.0,10.0,17.0
crash_01255,2018-01-23 08:30:00,2018,1,Jan,Tue,8,Morning commute,30,TRAFFIC SIGNAL,SNOW,DAYLIGHT,PEDESTRIAN,NOT DIVIDED,SNOW OR SLUSH,INJURY AND / OR TOW DUE TO CRASH,true,,"OVER $1,500",FAILING TO REDUCE SPEED TO AVOID CRASH,2,NONINCAPACITATING INJURY,1,0,41.9067598337,-87.6869788731,60622,"CHICAGO MIDWAY AIRPORT, IL US",32.0,29.0,88.0,,10.0,11.0
crash_01256,2024-06-03 16:50:00,2024,6,Jun,Mon,16,Evening commute,30,TRAFFIC SIGNAL,CLEAR,DAYLIGHT,REAR END,NOT DIVIDED,DRY,NO INJURY / DRIVE AWAY,,,"OVER $1,500",FOLLOWING TOO CLOSELY,2,NO INDICATION OF INJURY,0,0,41.9753221073,-87.7583977683,60630,"CHICAGO OHARE INTERNATIONAL AIRPORT, IL US",86.0,62.0,45.0,0.0,10.0,13.0