crash_id,crash_datetime,crash_year,crash_month,crash_month_name,crash_weekday_name,crash_hour,time_period,posted_speed_limit_mph,traffic_control_device,reported_weather_condition,reported_lighting_condition,first_crash_type,trafficway_type,reported_road_surface_condition,crash_type,intersection_related,hit_and_run,estimated_damage,primary_contributory_cause,unit_count,most_severe_injury,injuries_total,injuries_fatal,latitude,longitude,zip5,weather_station_name,temperature_f,dew_point_f,relative_humidity_percent,precipitation_inches,visibility_miles,wind_speed_mph
crash_01257,2022-12-29 09:52:00,2022,12,Dec,Thu,9,Morning commute,30,NO CONTROLS,CLOUDY/OVERCAST,DAYLIGHT,ANGLE,ONE-WAY,WET,NO INJURY / DRIVE AWAY,,,"OVER $1,500",FAILING TO YIELD RIGHT-OF-WAY,2,NO INDICATION OF INJURY,0,0,41.9248965836,-87.7538566909,60639,"CHICAGO OHARE INTERNATIONAL AIRPORT, IL US",53.0,47.0,80.0,0.0,10.0,18.0
crash_01258,2022-08-02 11:45:00,2022,8,Aug,Tue,11,Daytime,30,TRAFFIC SIGNAL,CLEAR,DAYLIGHT,ANGLE,NOT DIVIDED,DRY,NO INJURY / DRIVE AWAY,,true,$500 OR LESS,IMPROPER BACKING,2,NO INDICATION OF INJURY,0,0,41.7502439015,-87.663540461,60620,"CHICAGO MIDWAY AIRPORT, IL US",85.0,62.0,46.0,0.0,10.0,8.0
crash_01259,2025-01-05 18:10:00,2025,1,Jan,Sun,18,Evening commute,30,UNKNOWN,CLEAR,"DARKNESS, LIGHTED ROAD",ANGLE,DIVIDED - W/MEDIAN (NOT RAISED),DRY,INJURY AND / OR TOW DUE TO CRASH,,,"OVER $1,500",UNABLE TO DETERMINE,2,"REPORTED, NOT EVIDENT",2,0,41.9404174917,-87.7257864882,60618,"CHICAGO OHARE INTERNATIONAL AIRPORT, IL US",21.0,13.0,71.0,,10.0,14.0
crash_01260,2025-04-14 13:45:00,2025,4,Apr,Mon,13,Daytime,15,NO CONTROLS,CLEAR,DAYLIGHT,REAR TO REAR,PARKING LOT,DRY,NO INJURY / DRIVE AWAY,,,"OVER $1,500",FAILING TO YIELD RIGHT-OF-WAY,2,NO INDICATION OF INJURY,0,0,41.9908397111,-87.7068428444,60659,"CHICAGO OHARE INTERNATIONAL AIRPORT, IL US",62.0,35.0,37.0,0.0,10.0,20.0
crash_01261,2022-01-06 19:06:00,2022,1,Jan,Thu,19,Night or early morning,30,STOP SIGN/FLASHER,CLEAR,"DARKNESS, LIGHTED ROAD",PARKED MOTOR VEHICLE,NOT DIVIDED,ICE,INJURY AND / OR TOW DUE TO CRASH,,true,"OVER $1,500",UNABLE TO DETERMINE,3,NO INDICATION OF INJURY,0,0,41.8250891897,-87.6339454514,60609,"CHICAGO MIDWAY AIRPORT, IL US",12.0,2.0,64.0,0.0,9.0,16.0
crash_01262,2019-09-17 07:08:00,2019,9,Sep,Tue,7,Morning commute,15,NO CONTROLS,CLEAR,DAYLIGHT,PARKED MOTOR VEHICLE,PARKING LOT,DRY,NO INJURY / DRIVE AWAY,,,$500 OR LESS,UNABLE TO DETERMINE,2,NO INDICATION OF INJURY,0,0,41.9731925972,-87.713349689,60625,"CHICAGO OHARE INTERNATIONAL AIRPORT, IL US",65.0,63.0,93.0,0.0,5.0,5.0
crash_01263,2021-10-08 10:45:00,2021,10,Oct,Fri,10,Daytime,30,NO CONTROLS,CLEAR,DAYLIGHT,REAR TO FRONT,PARKING LOT,DRY,NO INJURY / DRIVE AWAY,,,"$501 - $1,500",UNABLE TO DETERMINE,2,NO INDICATION OF INJURY,0,0,41.7516246428,-87.5657492784,60617,"CHICAGO MIDWAY AIRPORT, IL US",70.0,60.0,71.0,0.0,10.0,5.0
crash_01264,2022-05-26 14:09:00,2022,5,May,Thu,14,Daytime,30,TRAFFIC SIGNAL,CLEAR,DAYLIGHT,ANGLE,DIVIDED - W/MEDIAN (NOT RAISED),DRY,NO INJURY / DRIVE AWAY,,,"$501 - $1,500",UNABLE TO DETERMINE,2,NO INDICATION OF INJURY,0,0,41.9701539535,-87.6888091098,60625,"CHICAGO OHARE INTERNATIONAL AIRPORT, IL US",73.0,64.0,74.0,0.0,10.0,11.0
crash_01265,2019-09-20 07:00:00,2019,9,Sep,Fri,7,Morning commute,30,NO CONTROLS,CLEAR,DAYLIGHT,SIDESWIPE SAME DIRECTION,DIVIDED - W/MEDIAN (NOT RAISED),DRY,INJURY AND / OR TOW DUE TO CRASH,,,"OVER $1,500",FAILING TO REDUCE SPEED TO AVOID CRASH,2,NO INDICATION OF INJURY,0,0,41.8807395183,-87.6227001005,60604,"CHICAGO MIDWAY AIRPORT, IL US",71.0,66.0,84.0,0.0,10.0,5.0
crash_01266,2024-08-01 15:15:00,2024,8,Aug,Thu,15,Evening commute,30,NO CONTROLS,CLEAR,DAYLIGHT,ANGLE,NOT DIVIDED,DRY,NO INJURY / DRIVE AWAY,,,"OVER $1,500",UNABLE TO DETERMINE,2,NO INDICATION OF INJURY,0,0,41.8819692864,-87.7239926128,60624,"CHICAGO MIDWAY AIRPORT, IL US",85.0,70.0,61.0,0.0,10.0,7.0
crash_01267,2023-09-09 23:00:00,2023,9,Sep,Sat,23,Night or early morning,30,TRAFFIC SIGNAL,CLEAR,DARKNESS,TURNING,FOUR WAY,DRY,NO INJURY / DRIVE AWAY,,,"OVER $1,500",UNABLE TO DETERMINE,2,NO INDICATION OF INJURY,0,0,41.8741570591,-87.6962586377,60612,"CHICAGO MIDWAY AIRPORT, IL US",61.0,50.0,67.0,0.0,10.0,0.0
crash_01268,2025-06-01 18:55:00,2025,6,Jun,Sun,18,Evening commute,15,NO CONTROLS,CLEAR,DAYLIGHT,FIXED OBJECT,ALLEY,DRY,NO INJURY / DRIVE AWAY,,,"OVER $1,500",UNABLE TO DETERMINE,1,NO INDICATION OF INJURY,0,0,41.8735822883,-87.705488126,60612,"CHICAGO MIDWAY AIRPORT, IL US",62.0,27.0,26.0,0.0,10.0,9.0
crash_01269,2024-07-15 14:00:00,2024,7,Jul,Mon,14,Daytime,35,TRAFFIC SIGNAL,CLEAR,DAYLIGHT,REAR END,NOT DIVIDED,DRY,INJURY AND / OR TOW DUE TO CRASH,,true,"OVER $1,500",FOLLOWING TOO CLOSELY,2,"REPORTED, NOT EVIDENT",1,0,41.741803599,-87.740953582,60652,"CHICAGO MIDWAY AIRPORT, IL US",90.0,71.0,54.0,0.0,10.0,8.0
crash_01270,2020-12-11 06:10:00,2020,12,Dec,Fri,6,Morning commute,30,NO CONTROLS,CLEAR,DAWN,FIXED OBJECT,FOUR WAY,DRY,INJURY AND / OR TOW DUE TO CRASH,,true,"OVER $1,500",UNABLE TO DETERMINE,1,NO INDICATION OF INJURY,0,0,41.6665959612,-87.5515981021,60633,"CHICAGO MIDWAY AIRPORT, IL US",39.0,34.0,82.0,0.0,9.0,3.0
crash_01271,2022-05-27 08:50:00,2022,5,May,Fri,8,Morning commute,10,NO CONTROLS,RAIN,DAYLIGHT,REAR TO REAR,OTHER,WET,NO INJURY / DRIVE AWAY,,true,"$501 - $1,500",UNABLE TO DETERMINE,2,NO INDICATION OF INJURY,0,0,41.7752744575,-87.7031973331,60629,"CHICAGO MIDWAY AIRPORT, IL US",54.0,50.0,87.0,0.03,8.0,11.0
crash_01272,2024-06-03 13:50:00,2024,6,Jun,Mon,13,Daytime,30,UNKNOWN,UNKNOWN,UNKNOWN,REAR TO FRONT,NOT DIVIDED,UNKNOWN,NO INJURY / DRIVE AWAY,,,$500 OR LESS,UNABLE TO DETERMINE,2,NO INDICATION OF INJURY,0,0,41.9980889165,-87.6767403683,60626,"CHICAGO OHARE INTERNATIONAL AIRPORT, IL US",83.0,66.0,57.0,0.0,10.0,13.0
crash_01273,2019-07-08 10:30:00,2019,7,Jul,Mon,10,Daytime,30,NO CONTROLS,CLEAR,DAYLIGHT,REAR END,DIVIDED - W/MEDIAN (NOT RAISED),DRY,NO INJURY / DRIVE AWAY,,true,$500 OR LESS,UNABLE TO DETERMINE,2,NO INDICATION OF INJURY,0,0,41.8546457019,-87.7152062518,60623,"CHICAGO MIDWAY AIRPORT, IL US",77.0,58.0,52.0,0.0,10.0,9.0
crash_01274,2024-09-12 00:30:00,2024,9,Sep,Thu,0,Night or early morning,25,NO CONTROLS,CLEAR,"DARKNESS, LIGHTED ROAD",REAR TO FRONT,ONE-WAY,DRY,INJURY AND / OR TOW DUE TO CRASH,,,"OVER $1,500",IMPROPER BACKING,2,"REPORTED, NOT EVIDENT",1,0,41.8795027773,-87.7492358915,60644,"CHICAGO MIDWAY AIRPORT, IL US",72.0,54.0,53.0,0.0,10.0,5.0
crash_01275,2019-07-16 13:00:00,2019,7,Jul,Tue,13,Daytime,35,UNKNOWN,CLEAR,DAYLIGHT,FIXED OBJECT,NOT DIVIDED,DRY,NO INJURY / DRIVE AWAY,true,,"OVER $1,500",NOT APPLICABLE,1,NO INDICATION OF INJURY,0,0,41.7701702474,-87.6638161337,60636,"CHICAGO MIDWAY AIRPORT, IL US",77.0,74.0,90.0,0.0,7.0,0.0
crash_01276,2024-12-10 19:00:00,2024,12,Dec,Tue,19,Night or early morning,30,STOP SIGN/FLASHER,CLEAR,"DARKNESS, LIGHTED ROAD",ANGLE,NOT DIVIDED,DRY,NO INJURY / DRIVE AWAY,true,,"OVER $1,500",FAILING TO YIELD RIGHT-OF-WAY,2,NO INDICATION OF INJURY,0,0,41.9450598024,-87.8216217647,60634,"CHICAGO OHARE INTERNATIONAL AIRPORT, IL US",31.0,21.0,67.0,,10.0,14.0
crash_01277,2021-05-13 15:26:00,2021,5,May,Thu,15,Evening commute,30,TRAFFIC SIGNAL,CLEAR,DAYLIGHT,REAR END,NOT DIVIDED,DRY,NO INJURY / DRIVE AWAY,true,,"OVER $1,500",FAILING TO REDUCE SPEED TO AVOID CRASH,3,NO INDICATION OF INJURY,0,0,41.8372770504,-87.6951722465,60623,"CHICAGO MIDWAY AIRPORT, IL US",68.0,24.0,19.0,0.0,10.0,10.0
crash_01278,2018-03-31 12:40:00,2018,3,Mar,Sat,12,Daytime,30,NO CONTROLS,CLEAR,DAYLIGHT,PARKED MOTOR VEHICLE,NOT DIVIDED,DRY,INJURY AND / OR TOW DUE TO CRASH,,,"OVER $1,500",FAILING TO REDUCE SPEED TO AVOID CRASH,2,NO INDICATION OF INJURY,0,0,41.7358876312,-87.6488853972,60620,"CHICAGO MIDWAY AIRPORT, IL US",56.0,42.0,60.0,0.0,10.0,24.0
crash_01279,2024-12-04 06:00:00,2024,12,Dec,Wed,6,Morning commute,35,TRAFFIC SIGNAL,CLEAR,DUSK,REAR END,FOUR WAY,DRY,INJURY AND / OR TOW DUE TO CRASH,,,"OVER $1,500",UNDER THE INFLUENCE OF ALCOHOL/DRUGS (USE WHEN ARREST IS EFFECTED),3,NO INDICATION OF INJURY,0,0,41.712936556,-87.5352206136,60617,"CHICAGO MIDWAY AIRPORT, IL US",28.0,20.0,72.0,,10.0,17.0
crash_01280,2019-03-05 19:30:00,2019,3,Mar,Tue,19,Night or early morning,15,NO CONTROLS,UNKNOWN,UNKNOWN,PARKED MOTOR VEHICLE,ONE-WAY,SNOW OR SLUSH,NO INJURY / DRIVE AWAY,,,$500 OR LESS,UNABLE TO DETERMINE,2,NO INDICATION OF INJURY,0,0,41.6845943335,-87.6287228031,60628,"CHICAGO MIDWAY AIRPORT, IL US",16.0,0.0,49.0,0.0,10.0,18.0
crash_01281,2025-01-31 15:29:00,2025,1,Jan,Fri,15,Evening commute,30,NO CONTROLS,CLEAR,DAYLIGHT,TURNING,NOT DIVIDED,WET,NO INJURY / DRIVE AWAY,,,"OVER $1,500",IMPROPER TURNING/NO SIGNAL,2,NO INDICATION OF INJURY,0,0,41.9460563641,-87.7125493527,60618,"CHICAGO OHARE INTERNATIONAL AIRPORT, IL US",37.0,31.0,79.0,0.0,10.0,28.0
crash_01282,2021-08-01 03:50:00,2021,8,Aug,Sun,3,Night or early morning,30,STOP SIGN/FLASHER,CLEAR,"DARKNESS, LIGHTED ROAD",REAR END,DIVIDED - W/MEDIAN (NOT RAISED),DRY,NO INJURY / DRIVE AWAY,,true,"$501 - $1,500",FOLLOWING TOO CLOSELY,2,NO INDICATION OF INJURY,0,0,41.7848203434,-87.6657111901,60636,"CHICAGO MIDWAY AIRPORT, IL US",69.0,61.0,76.0,0.0,10.0,8.0
crash_01283,2025-03-17 16:18:00,2025,3,Mar,Mon,16,Evening commute,30,NO CONTROLS,CLEAR,DAYLIGHT,SIDESWIPE SAME DIRECTION,DIVIDED - W/MEDIAN BARRIER,DRY,NO INJURY / DRIVE AWAY,,true,"OVER $1,500",UNABLE TO DETERMINE,2,NO INDICATION OF INJURY,0,0,41.8223573519,-87.7046677467,60632,"CHICAGO MIDWAY AIRPORT, IL US",53.0,27.0,37.0,0.0,10.0,22.0
crash_01284,2020-05-25 13:05:00,2020,5,May,Mon,13,Daytime,30,NO CONTROLS,CLEAR,DAYLIGHT,SIDESWIPE SAME DIRECTION,NOT DIVIDED,DRY,NO INJURY / DRIVE AWAY,,,$500 OR LESS,UNABLE TO DETERMINE,2,NO INDICATION OF INJURY,0,0,41.7986937964,-87.7366460564,60632,"CHICAGO MIDWAY AIRPORT, IL US",85.0,61.0,45.0,0.0,10.0,6.0
crash_01285,2021-11-02 15:00:00,2021,11,Nov,Tue,15,Evening commute,30,UNKNOWN,CLEAR,UNKNOWN,ANGLE,UNKNOWN,DRY,NO INJURY / DRIVE AWAY,true,true,"OVER $1,500",UNABLE TO DETERMINE,2,NO INDICATION OF INJURY,0,0,41.7212829773,-87.6530923935,60643,"CHICAGO MIDWAY AIRPORT, IL US",47.0,21.0,36.0,0.0,10.0,10.0
crash_01286,2023-05-08 13:00:00,2023,5,May,Mon,13,Daytime,30,NO CONTROLS,CLEAR,DAYLIGHT,SIDESWIPE SAME DIRECTION,DIVIDED - W/MEDIAN BARRIER,DRY,NO INJURY / DRIVE AWAY,,true,"OVER $1,500",IMPROPER OVERTAKING/PASSING,2,NO INDICATION OF INJURY,0,0,41.9129994098,-87.6676098373,60642,"CHICAGO MIDWAY AIRPORT, IL US",55.0,52.0,90.0,0.02,4.0,7.0
crash_01287,2025-02-09 23:00:00,2025,2,Feb,Sun,23,Night or early morning,30,TRAFFIC SIGNAL,CLEAR,DUSK,REAR END,NOT DIVIDED,DRY,NO INJURY / DRIVE AWAY,true,,"$501 - $1,500",IMPROPER LANE USAGE,2,NO INDICATION OF INJURY,0,0,41.7795661561,-87.5748165746,60649,"CHICAGO MIDWAY AIRPORT, IL US",25.0,10.0,53.0,0.0,10.0,8.0
crash_01288,2024-11-01 18:29:00,2024,11,Nov,Fri,18,Evening commute,30,NO CONTROLS,CLEAR,"DARKNESS, LIGHTED ROAD",REAR END,ONE-WAY,DRY,NO INJURY / DRIVE AWAY,,,$500 OR LESS,FOLLOWING TOO CLOSELY,3,NO INDICATION OF INJURY,0,0,41.8780840263,-87.7207969672,60624,"CHICAGO MIDWAY AIRPORT, IL US",48.0,36.0,63.0,0.0,10.0,5.0
crash_01289,2025-07-06 19:20:00,2025,7,Jul,Sun,19,Night or early morning,30,TRAFFIC SIGNAL,CLEAR,DAWN,REAR END,DIVIDED - W/MEDIAN (NOT RAISED),DRY,NO INJURY / DRIVE AWAY,,true,"OVER $1,500",FOLLOWING TOO CLOSELY,2,NO INDICATION OF INJURY,0,0,41.9619213547,-87.6521143248,60640,"CHICAGO MIDWAY AIRPORT, IL US",72.0,67.0,84.0,0.0,10.0,13.0
crash_01290,2018-12-20 20:10:00,2018,12,Dec,Thu,20,Night or early morning,30,TRAFFIC SIGNAL,RAIN,"DARKNESS, LIGHTED ROAD",FIXED OBJECT,DIVIDED - W/MEDIAN BARRIER,WET,NO INJURY / DRIVE AWAY,,,"OVER $1,500",DRIVING SKILLS/KNOWLEDGE/EXPERIENCE,1,NO INDICATION OF INJURY,0,0,41.8527701736,-87.6295666314,60616,"CHICAGO MIDWAY AIRPORT, IL US",42.0,40.0,92.0,0.01,2.0,14.0
crash_01291,2022-07-14 10:45:00,2022,7,Jul,Thu,10,Daytime,30,NO CONTROLS,CLEAR,DAYLIGHT,SIDESWIPE SAME DIRECTION,NOT DIVIDED,DRY,NO INJURY / DRIVE AWAY,,,"OVER $1,500",FAILING TO REDUCE SPEED TO AVOID CRASH,2,NO INDICATION OF INJURY,0,0,41.8370090299,-87.6666132603,60608,"CHICAGO MIDWAY AIRPORT, IL US",77.0,60.0,56.0,0.0,10.0,7.0
crash_01292,2021-08-23 18:20:00,2021,8,Aug,Mon,18,Evening commute,30,NO CONTROLS,CLEAR,DAYLIGHT,PARKED MOTOR VEHICLE,ONE-WAY,DRY,NO INJURY / DRIVE AWAY,,,"OVER $1,500",UNABLE TO DETERMINE,2,NO INDICATION OF INJURY,0,0,41.879390099,-87.7578042268,60644,"CHICAGO MIDWAY AIRPORT, IL US",86.0,67.0,53.0,0.0,10.0,9.0
crash_01293,2022-09-24 20:50:00,2022,9,Sep,Sat,20,Night or early morning,30,TRAFFIC SIGNAL,CLEAR,"DARKNESS, LIGHTED ROAD",PEDALCYCLIST,FOUR WAY,DRY,INJURY AND / OR TOW DUE TO CRASH,true,,"$501 - $1,500",IMPROPER TURNING/NO SIGNAL,2,INCAPACITATING INJURY,1,0,42.0052025284,-87.6607331946,60626,"CHICAGO OHARE INTERNATIONAL AIRPORT, IL US",61.0,54.0,78.0,0.0,10.0,5.0
crash_01294,2021-02-02 21:00:00,2021,2,Feb,Tue,21,Night or early morning,30,NO CONTROLS,CLEAR,"DARKNESS, LIGHTED ROAD",REAR END,NOT DIVIDED,DRY,NO INJURY / DRIVE AWAY,,true,"OVER $1,500",FOLLOWING TOO CLOSELY,2,NO INDICATION OF INJURY,0,0,41.879661139,-87.7108211348,60624,"CHICAGO MIDWAY AIRPORT, IL US",29.0,18.0,63.0,0.0,10.0,7.0
crash_01295,2025-12-01 21:50:00,2025,12,Dec,Mon,21,Night or early morning,30,TRAFFIC SIGNAL,SNOW,DARKNESS,REAR END,DIVIDED - W/MEDIAN (NOT RAISED),SNOW OR SLUSH,INJURY AND / OR TOW DUE TO CRASH,,,"OVER $1,500",FOLLOWING TOO CLOSELY,2,"REPORTED, NOT EVIDENT",2,0,41.9471662084,-87.7098550662,60618,,,,,,,
crash_01296,2021-02-18 21:45:00,2021,2,Feb,Thu,21,Night or early morning,35,NO CONTROLS,CLEAR,DAYLIGHT,ANGLE,NOT DIVIDED,DRY,NO INJURY / DRIVE AWAY,true,,"$501 - $1,500",DISREGARDING TRAFFIC SIGNALS,2,NO INDICATION OF INJURY,0,0,41.8924247847,-87.6342371356,60654,"CHICAGO MIDWAY AIRPORT, IL US",18.0,12.0,77.0,0.0,10.0,6.0
crash_01297,2020-04-28 17:50:00,2020,4,Apr,Tue,17,Evening commute,30,TRAFFIC SIGNAL,RAIN,DAYLIGHT,REAR END,NOT DIVIDED,WET,NO INJURY / DRIVE AWAY,true,,"$501 - $1,500",FOLLOWING TOO CLOSELY,2,NO INDICATION OF INJURY,0,0,41.7917865397,-87.7036542279,60629,"CHICAGO MIDWAY AIRPORT, IL US",72.0,56.0,57.0,0.07,9.0,13.0
crash_01298,2024-05-14 10:13:00,2024,5,May,Tue,10,Daytime,30,NO CONTROLS,RAIN,DAYLIGHT,PARKED MOTOR VEHICLE,NOT DIVIDED,WET,NO INJURY / DRIVE AWAY,,,"OVER $1,500",UNABLE TO DETERMINE,2,NO INDICATION OF INJURY,0,0,41.9899793453,-87.7322112242,60646,"CHICAGO OHARE INTERNATIONAL AIRPORT, IL US",54.0,50.0,87.0,,10.0,13.0
crash_01299,2025-07-23 11:48:00,2025,7,Jul,Wed,11,Daytime,30,TRAFFIC SIGNAL,CLEAR,DAYLIGHT,REAR END,DIVIDED - W/MEDIAN (NOT RAISED),DRY,NO INJURY / DRIVE AWAY,,,"$501 - $1,500",FOLLOWING TOO CLOSELY,2,NO INDICATION OF INJURY,0,0,41.924308783,-87.6683668151,60614,"CHICAGO MIDWAY AIRPORT, IL US",87.0,72.0,61.0,0.0,10.0,15.0
crash_01300,2023-07-14 10:26:00,2023,7,Jul,Fri,10,Daytime,25,NO CONTROLS,CLEAR,DAYLIGHT,TURNING,NOT DIVIDED,DRY,INJURY AND / OR TOW DUE TO CRASH,,,"OVER $1,500","VISION OBSCURED (SIGNS, TREE LIMBS, BUILDINGS, ETC.)",2,"REPORTED, NOT EVIDENT",1,0,41.8082209517,-87.7047090852,60632,"CHICAGO MIDWAY AIRPORT, IL US",80.0,67.0,64.0,0.0,10.0,11.0
crash_01301,2023-10-12 16:00:00,2023,10,Oct,Thu,16,Evening commute,30,NO CONTROLS,CLEAR,DAYLIGHT,PARKED MOTOR VEHICLE,PARKING LOT,DRY,NO INJURY / DRIVE AWAY,,,$500 OR LESS,IMPROPER BACKING,2,NO INDICATION OF INJURY,0,0,41.8569429528,-87.66211998,60608,"CHICAGO MIDWAY AIRPORT, IL US",61.0,52.0,72.0,0.0,10.0,13.0
crash_01302,2024-11-12 13:40:00,2024,11,Nov,Tue,13,Daytime,30,TRAFFIC SIGNAL,CLEAR,DAYLIGHT,REAR END,DIVIDED - W/MEDIAN (NOT RAISED),DRY,NO INJURY / DRIVE AWAY,,true,"OVER $1,500",UNABLE TO DETERMINE,2,NO INDICATION OF INJURY,0,0,41.9186499331,-87.7658051328,60639,"CHICAGO OHARE INTERNATIONAL AIRPORT, IL US",49.0,35.0,59.0,0.0,10.0,9.0
crash_01303,2025-05-06 02:20:00,2025,5,May,Tue,2,Night or early morning,30,NO CONTROLS,CLEAR,"DARKNESS, LIGHTED ROAD",PARKED MOTOR VEHICLE,NOT DIVIDED,WET,INJURY AND / OR TOW DUE TO CRASH,true,,"OVER $1,500",UNABLE TO DETERMINE,3,NO INDICATION OF INJURY,0,0,41.7112362697,-87.6585783655,60643,"CHICAGO MIDWAY AIRPORT, IL US",49.0,45.0,86.0,0.0,10.0,3.0
crash_01304,2021-02-21 10:00:00,2021,2,Feb,Sun,10,Daytime,30,NO CONTROLS,CLEAR,DAYLIGHT,PARKED MOTOR VEHICLE,NOT DIVIDED,DRY,NO INJURY / DRIVE AWAY,,true,"OVER $1,500",FAILING TO REDUCE SPEED TO AVOID CRASH,2,NO INDICATION OF INJURY,0,0,41.7520591312,-87.7001633248,60652,"CHICAGO MIDWAY AIRPORT, IL US",29.0,18.0,63.0,0.0,10.0,11.0
crash_01305,2025-11-04 13:12:00,2025,11,Nov,Tue,13,Daytime,40,NO CONTROLS,CLEAR,DAYLIGHT,SIDESWIPE SAME DIRECTION,ONE-WAY,DRY,NO INJURY / DRIVE AWAY,,,"OVER $1,500",IMPROPER OVERTAKING/PASSING,2,NO INDICATION OF INJURY,0,0,41.9409091633,-87.63936916,60657,,,,,,,
crash_01306,2019-07-19 09:45:00,2019,7,Jul,Fri,9,Morning commute,30,TRAFFIC SIGNAL,CLEAR,DAYLIGHT,TURNING,NOT DIVIDED,DRY,NO INJURY / DRIVE AWAY,true,,"$501 - $1,500",FOLLOWING TOO CLOSELY,2,NO INDICATION OF INJURY,0,0,41.8575015291,-87.6859714381,60608,"CHICAGO MIDWAY AIRPORT, IL US",85.0,76.0,75.0,0.0,10.0,15.0
crash_01307,2021-05-30 18:55:00,2021,5,May,Sun,18,Evening commute,40,NO CONTROLS,CLEAR,DAYLIGHT,REAR END,RAMP,DRY,INJURY AND / OR TOW DUE TO CRASH,,,"OVER $1,500",NOT APPLICABLE,3,NO INDICATION OF INJURY,0,0,41.9404429026,-87.6386335392,60657,"CHICAGO MIDWAY AIRPORT, IL US",64.0,26.0,24.0,0.0,10.0,9.0
crash_01308,2023-10-08 13:07:00,2023,10,Oct,Sun,13,Daytime,35,NO CONTROLS,CLEAR,DAYLIGHT,SIDESWIPE SAME DIRECTION,NOT DIVIDED,DRY,NO INJURY / DRIVE AWAY,,,"OVER $1,500",FAILING TO YIELD RIGHT-OF-WAY,2,NO INDICATION OF INJURY,0,0,41.7786346009,-87.7341462479,60629,"CHICAGO MIDWAY AIRPORT, IL US",55.0,34.0,45.0,0.0,10.0,10.0
crash_01309,2024-11-19 19:25:00,2024,11,Nov,Tue,19,Night or early morning,30,TRAFFIC SIGNAL,CLOUDY/OVERCAST,"DARKNESS, LIGHTED ROAD",TURNING,FOUR WAY,DRY,NO INJURY / DRIVE AWAY,true,,"OVER $1,500",FOLLOWING TOO CLOSELY,2,NO INDICATION OF INJURY,0,0,41.8924790591,-87.6209023799,60611,"CHICAGO MIDWAY AIRPORT, IL US",54.0,44.0,69.0,0.0,10.0,13.0
crash_01310,2021-05-14 15:15:00,2021,5,May,Fri,15,Evening commute,15,NO CONTROLS,CLEAR,DAYLIGHT,REAR END,PARKING LOT,DRY,NO INJURY / DRIVE AWAY,,,"$501 - $1,500",IMPROPER BACKING,2,NO INDICATION OF INJURY,0,0,41.6931798013,-87.6813456717,60655,"CHICAGO MIDWAY AIRPORT, IL US",71.0,29.0,21.0,0.0,10.0,13.0
crash_01311,2019-07-12 16:30:00,2019,7,Jul,Fri,16,Evening commute,30,NO CONTROLS,CLEAR,DAYLIGHT,SIDESWIPE SAME DIRECTION,NOT DIVIDED,DRY,NO INJURY / DRIVE AWAY,,,"OVER $1,500",UNABLE TO DETERMINE,2,NO INDICATION OF INJURY,0,0,41.9649081632,-87.688939911,60625,"CHICAGO OHARE INTERNATIONAL AIRPORT, IL US",87.0,57.0,36.0,0.0,10.0,6.0
crash_01312,2021-08-26 14:27:00,2021,8,Aug,Thu,14,Daytime,30,TRAFFIC SIGNAL,CLEAR,DAYLIGHT,TURNING,NOT DIVIDED,DRY,NO INJURY / DRIVE AWAY,,true,"$501 - $1,500",UNABLE TO DETERMINE,2,NO INDICATION OF INJURY,0,0,41.9607682518,-87.7276759924,60618,"CHICAGO OHARE INTERNATIONAL AIRPORT, IL US",89.0,67.0,48.0,0.0,10.0,0.0
crash_01313,2018-02-10 17:00:00,2018,2,Feb,Sat,17,Evening commute,30,STOP SIGN/FLASHER,CLEAR,UNKNOWN,OTHER OBJECT,NOT DIVIDED,SNOW OR SLUSH,NO INJURY / DRIVE AWAY,,,"OVER $1,500",UNABLE TO DETERMINE,2,NO INDICATION OF INJURY,0,0,41.9331258162,-87.6537291786,60657,"CHICAGO MIDWAY AIRPORT, IL US",23.0,17.0,78.0,0.0,10.0,13.0
crash_01314,2019-11-19 23:30:00,2019,11,Nov,Tue,23,Night or early morning,30,NO CONTROLS,CLEAR,"DARKNESS, LIGHTED ROAD",PARKED MOTOR VEHICLE,NOT DIVIDED,DRY,NO INJURY / DRIVE AWAY,,true,"$501 - $1,500",UNABLE TO DETERMINE,2,NO INDICATION OF INJURY,0,0,41.9853615289,-87.6896515084,60659,"CHICAGO OHARE INTERNATIONAL AIRPORT, IL US",38.0,36.0,93.0,0.0,6.0,0.0
crash_01315,2018-10-02 19:00:00,2018,10,Oct,Tue,19,Night or early morning,30,NO CONTROLS,CLEAR,"DARKNESS, LIGHTED ROAD",TURNING,NOT DIVIDED,DRY,NO INJURY / DRIVE AWAY,,,"OVER $1,500",IMPROPER TURNING/NO SIGNAL,2,NO INDICATION OF INJURY,0,0,41.9769054866,-87.768600379,60630,"CHICAGO OHARE INTERNATIONAL AIRPORT, IL US",62.0,54.0,75.0,0.0,10.0,0.0
crash_01316,2025-04-28 15:56:00,2025,4,Apr,Mon,15,Evening commute,30,NO CONTROLS,CLEAR,DAYLIGHT,PARKED MOTOR VEHICLE,NOT DIVIDED,DRY,NO INJURY / DRIVE AWAY,,,"$501 - $1,500",FAILING TO REDUCE SPEED TO AVOID CRASH,2,NO INDICATION OF INJURY,0,0,41.9634196242,-87.676548108,60640,"CHICAGO MIDWAY AIRPORT, IL US",84.0,58.0,41.0,0.0,10.0,17.0