crash_id,crash_datetime,crash_year,crash_month,crash_month_name,crash_weekday_name,crash_hour,time_period,posted_speed_limit_mph,traffic_control_device,reported_weather_condition,reported_lighting_condition,first_crash_type,trafficway_type,reported_road_surface_condition,crash_type,intersection_related,hit_and_run,estimated_damage,primary_contributory_cause,unit_count,most_severe_injury,injuries_total,injuries_fatal,latitude,longitude,zip5,weather_station_name,temperature_f,dew_point_f,relative_humidity_percent,precipitation_inches,visibility_miles,wind_speed_mph
crash_01317,2021-04-11 17:30:00,2021,4,Apr,Sun,17,Evening commute,30,TRAFFIC SIGNAL,CLEAR,DAYLIGHT,ANGLE,FOUR WAY,DRY,INJURY AND / OR TOW DUE TO CRASH,true,,"OVER $1,500",DISREGARDING TRAFFIC SIGNALS,3,NO INDICATION OF INJURY,0,0,41.7873511405,-87.6208027124,60637,"CHICAGO MIDWAY AIRPORT, IL US",53.0,41.0,64.0,0.0,10.0,0.0
crash_01318,2023-07-29 14:36:00,2023,7,Jul,Sat,14,Daytime,25,NO CONTROLS,CLEAR,DAYLIGHT,REAR TO SIDE,NOT DIVIDED,DRY,NO INJURY / DRIVE AWAY,true,,$500 OR LESS,NOT APPLICABLE,2,NO INDICATION OF INJURY,0,0,41.8500797961,-87.6390019208,60616,"CHICAGO MIDWAY AIRPORT, IL US",82.0,59.0,46.0,0.0,10.0,13.0
crash_01319,2020-07-31 10:30:00,2020,7,Jul,Fri,10,Daytime,30,NO CONTROLS,CLEAR,DAYLIGHT,PARKED MOTOR VEHICLE,DIVIDED - W/MEDIAN (NOT RAISED),DRY,NO INJURY / DRIVE AWAY,,true,"$501 - $1,500",UNABLE TO DETERMINE,2,NO INDICATION OF INJURY,0,0,41.8945070502,-87.6670978991,60642,"CHICAGO MIDWAY AIRPORT, IL US",79.0,56.0,45.0,0.0,10.0,8.0
crash_01320,2018-08-09 09:00:00,2018,8,Aug,Thu,9,Morning commute,30,NO CONTROLS,CLEAR,DAYLIGHT,PARKED MOTOR VEHICLE,DIVIDED - W/MEDIAN (NOT RAISED),DRY,NO INJURY / DRIVE AWAY,,,"OVER $1,500",UNABLE TO DETERMINE,2,NO INDICATION OF INJURY,0,0,41.896633749,-87.6343513372,60610,"CHICAGO MIDWAY AIRPORT, IL US",76.0,67.0,74.0,0.0,10.0,10.0
crash_01321,2022-06-14 22:23:00,2022,6,Jun,Tue,22,Night or early morning,20,NO CONTROLS,CLEAR,DAYLIGHT,PARKED MOTOR VEHICLE,NOT DIVIDED,DRY,NO INJURY / DRIVE AWAY,,true,"OVER $1,500",UNABLE TO DETERMINE,2,NO INDICATION OF INJURY,0,0,41.893921524,-87.7742071305,60644,"CHICAGO MIDWAY AIRPORT, IL US",93.0,68.0,44.0,0.0,10.0,10.0
crash_01322,2023-07-12 16:48:00,2023,7,Jul,Wed,16,Evening commute,35,NO CONTROLS,RAIN,DAYLIGHT,HEAD ON,NOT DIVIDED,WET,NO INJURY / DRIVE AWAY,true,,"OVER $1,500",UNABLE TO DETERMINE,2,NO INDICATION OF INJURY,0,0,41.9296977282,-87.6839902614,60647,"CHICAGO MIDWAY AIRPORT, IL US",75.0,68.0,79.0,0.0,10.0,9.0
crash_01323,2025-05-18 14:30:00,2025,5,May,Sun,14,Daytime,10,NO CONTROLS,UNKNOWN,UNKNOWN,PARKED MOTOR VEHICLE,ALLEY,UNKNOWN,NO INJURY / DRIVE AWAY,,true,"OVER $1,500",UNABLE TO DETERMINE,2,NO INDICATION OF INJURY,0,0,41.775172431,-87.5889870666,60637,"CHICAGO MIDWAY AIRPORT, IL US",61.0,45.0,56.0,0.0,10.0,13.0
crash_01324,2018-01-02 03:56:00,2018,1,Jan,Tue,3,Night or early morning,30,NO CONTROLS,CLEAR,"DARKNESS, LIGHTED ROAD",PARKED MOTOR VEHICLE,NOT DIVIDED,DRY,INJURY AND / OR TOW DUE TO CRASH,,true,"OVER $1,500",UNABLE TO DETERMINE,2,NO INDICATION OF INJURY,0,0,41.9402975191,-87.7712751898,60634,"CHICAGO OHARE INTERNATIONAL AIRPORT, IL US",-7.0,-14.0,71.0,0.0,10.0,6.0
crash_01325,2019-04-14 17:30:00,2019,4,Apr,Sun,17,Evening commute,30,TRAFFIC SIGNAL,SNOW,DAYLIGHT,ANGLE,ONE-WAY,SNOW OR SLUSH,NO INJURY / DRIVE AWAY,true,,"OVER $1,500",WEATHER,2,NO INDICATION OF INJURY,0,0,41.8924441521,-87.6372003798,60654,"CHICAGO MIDWAY AIRPORT, IL US",35.0,31.0,85.0,0.0,2.5,20.0
crash_01326,2022-12-01 03:18:00,2022,12,Dec,Thu,3,Night or early morning,35,STOP SIGN/FLASHER,CLEAR,"DARKNESS, LIGHTED ROAD",SIDESWIPE SAME DIRECTION,NOT DIVIDED,DRY,INJURY AND / OR TOW DUE TO CRASH,,true,"$501 - $1,500",FOLLOWING TOO CLOSELY,2,NONINCAPACITATING INJURY,1,0,41.6855099752,-87.6155350088,60628,"CHICAGO MIDWAY AIRPORT, IL US",19.0,11.0,71.0,0.0,10.0,13.0
crash_01327,2020-08-31 10:15:00,2020,8,Aug,Mon,10,Daytime,30,STOP SIGN/FLASHER,CLEAR,DAYLIGHT,REAR END,DIVIDED - W/MEDIAN (NOT RAISED),DRY,INJURY AND / OR TOW DUE TO CRASH,,,"OVER $1,500",PHYSICAL CONDITION OF DRIVER,3,NO INDICATION OF INJURY,0,0,41.8009127182,-87.7161569664,60632,"CHICAGO MIDWAY AIRPORT, IL US",76.0,54.0,47.0,0.0,10.0,14.0
crash_01328,2023-09-20 19:09:00,2023,9,Sep,Wed,19,Night or early morning,30,NO CONTROLS,CLEAR,DUSK,PEDALCYCLIST,NOT DIVIDED,DRY,INJURY AND / OR TOW DUE TO CRASH,true,,$500 OR LESS,FAILING TO YIELD RIGHT-OF-WAY,2,NONINCAPACITATING INJURY,1,0,41.9761648183,-87.6778128249,60640,"CHICAGO OHARE INTERNATIONAL AIRPORT, IL US",76.0,58.0,54.0,0.0,10.0,3.0
crash_01329,2019-02-11 17:15:00,2019,2,Feb,Mon,17,Evening commute,10,NO CONTROLS,CLEAR,"DARKNESS, LIGHTED ROAD",PARKED MOTOR VEHICLE,PARKING LOT,DRY,NO INJURY / DRIVE AWAY,,true,"OVER $1,500",UNABLE TO DETERMINE,2,NO INDICATION OF INJURY,0,0,41.8708810863,-87.6394602856,60607,"CHICAGO MIDWAY AIRPORT, IL US",32.0,26.0,79.0,0.0,9.0,16.0
crash_01330,2023-04-11 17:15:00,2023,4,Apr,Tue,17,Evening commute,30,NO CONTROLS,CLEAR,DAYLIGHT,FIXED OBJECT,DIVIDED - W/MEDIAN BARRIER,DRY,INJURY AND / OR TOW DUE TO CRASH,,,"OVER $1,500",ROAD ENGINEERING/SURFACE/MARKING DEFECTS,1,NO INDICATION OF INJURY,0,0,41.8626035423,-87.6759955034,60608,"CHICAGO MIDWAY AIRPORT, IL US",79.0,46.0,31.0,0.0,10.0,13.0
crash_01331,2024-09-19 07:30:00,2024,9,Sep,Thu,7,Morning commute,30,TRAFFIC SIGNAL,CLEAR,DAYLIGHT,REAR END,FOUR WAY,DRY,INJURY AND / OR TOW DUE TO CRASH,false,,"OVER $1,500",UNABLE TO DETERMINE,2,NO INDICATION OF INJURY,0,0,41.8527063486,-87.6512778716,60608,"CHICAGO MIDWAY AIRPORT, IL US",69.0,54.0,59.0,0.0,10.0,0.0
crash_01332,2022-06-17 07:57:00,2022,6,Jun,Fri,7,Morning commute,30,NO CONTROLS,CLEAR,DAYLIGHT,SIDESWIPE SAME DIRECTION,NOT DIVIDED,DRY,NO INJURY / DRIVE AWAY,,,"$501 - $1,500",IMPROPER LANE USAGE,2,NO INDICATION OF INJURY,0,0,41.8944641111,-87.6201543751,60611,"CHICAGO MIDWAY AIRPORT, IL US",78.0,56.0,47.0,0.0,10.0,8.0
crash_01333,2023-08-20 13:00:00,2023,8,Aug,Sun,13,Daytime,30,TRAFFIC SIGNAL,CLEAR,DAYLIGHT,SIDESWIPE SAME DIRECTION,NOT DIVIDED,DRY,NO INJURY / DRIVE AWAY,,true,"$501 - $1,500",UNABLE TO DETERMINE,3,NO INDICATION OF INJURY,0,0,41.9008733415,-87.6272124435,60611,"CHICAGO MIDWAY AIRPORT, IL US",89.0,73.0,59.0,0.0,10.0,6.0
crash_01334,2025-08-19 20:30:00,2025,8,Aug,Tue,20,Night or early morning,30,NO CONTROLS,CLEAR,"DARKNESS, LIGHTED ROAD",SIDESWIPE SAME DIRECTION,NOT DIVIDED,DRY,NO INJURY / DRIVE AWAY,,,"$501 - $1,500",UNABLE TO DETERMINE,2,NO INDICATION OF INJURY,0,0,41.9917049141,-87.6898457701,60659,"CHICAGO OHARE INTERNATIONAL AIRPORT, IL US",73.0,67.0,81.0,0.0,10.0,5.0
crash_01335,2022-07-12 19:15:00,2022,7,Jul,Tue,19,Night or early morning,30,NO CONTROLS,CLEAR,DAYLIGHT,PARKED MOTOR VEHICLE,NOT DIVIDED,DRY,NO INJURY / DRIVE AWAY,,,"$501 - $1,500",DRIVING SKILLS/KNOWLEDGE/EXPERIENCE,2,NO INDICATION OF INJURY,0,0,41.8837482169,-87.6366618383,60606,"CHICAGO MIDWAY AIRPORT, IL US",84.0,53.0,34.0,0.0,10.0,14.0
crash_01336,2024-06-13 14:00:00,2024,6,Jun,Thu,14,Daytime,20,TRAFFIC SIGNAL,CLEAR,DAYLIGHT,SIDESWIPE SAME DIRECTION,ONE-WAY,DRY,NO INJURY / DRIVE AWAY,,,"OVER $1,500",UNABLE TO DETERMINE,2,NO INDICATION OF INJURY,0,0,41.8832909204,-87.6397847589,60661,"CHICAGO MIDWAY AIRPORT, IL US",90.0,67.0,47.0,0.0,10.0,15.0
crash_01337,2020-03-03 20:47:00,2020,3,Mar,Tue,20,Night or early morning,30,NO CONTROLS,CLEAR,"DARKNESS, LIGHTED ROAD",PARKED MOTOR VEHICLE,ONE-WAY,DRY,INJURY AND / OR TOW DUE TO CRASH,,,"OVER $1,500",FAILING TO REDUCE SPEED TO AVOID CRASH,2,NO INDICATION OF INJURY,0,0,41.7097504549,-87.6524911591,60643,"CHICAGO MIDWAY AIRPORT, IL US",41.0,26.0,55.0,0.0,10.0,11.0
crash_01338,2021-01-04 10:45:00,2021,1,Jan,Mon,10,Daytime,35,TRAFFIC SIGNAL,CLEAR,DAYLIGHT,SIDESWIPE SAME DIRECTION,DIVIDED - W/MEDIAN BARRIER,DRY,INJURY AND / OR TOW DUE TO CRASH,false,,"OVER $1,500",DRIVING SKILLS/KNOWLEDGE/EXPERIENCE,3,NO INDICATION OF INJURY,0,0,41.9521425871,-87.8368142669,60634,"CHICAGO OHARE INTERNATIONAL AIRPORT, IL US",26.0,23.0,88.0,0.0,6.0,7.0
crash_01339,2021-09-16 17:00:00,2021,9,Sep,Thu,17,Evening commute,30,NO CONTROLS,CLEAR,UNKNOWN,PARKED MOTOR VEHICLE,NOT DIVIDED,UNKNOWN,NO INJURY / DRIVE AWAY,,true,"OVER $1,500",UNABLE TO DETERMINE,2,NO INDICATION OF INJURY,0,0,41.8801210174,-87.663206344,60607,"CHICAGO MIDWAY AIRPORT, IL US",82.0,48.0,31.0,0.0,10.0,8.0
crash_01340,2021-08-16 19:00:00,2021,8,Aug,Mon,19,Night or early morning,30,NO CONTROLS,CLEAR,"DARKNESS, LIGHTED ROAD",PARKED MOTOR VEHICLE,NOT DIVIDED,DRY,NO INJURY / DRIVE AWAY,,true,"OVER $1,500",UNABLE TO DETERMINE,2,NO INDICATION OF INJURY,0,0,41.8375061095,-87.7278656233,60623,"CHICAGO MIDWAY AIRPORT, IL US",76.0,54.0,47.0,0.0,10.0,10.0
crash_01341,2018-12-08 15:50:00,2018,12,Dec,Sat,15,Evening commute,30,NO CONTROLS,CLEAR,DAYLIGHT,ANIMAL,NOT DIVIDED,DRY,NO INJURY / DRIVE AWAY,,,"OVER $1,500",ANIMAL,1,NO INDICATION OF INJURY,0,0,41.961690232,-87.6552517689,60613,"CHICAGO MIDWAY AIRPORT, IL US",30.0,15.0,54.0,0.0,10.0,0.0
crash_01342,2024-11-05 02:30:00,2024,11,Nov,Tue,2,Night or early morning,45,NO CONTROLS,RAIN,"DARKNESS, LIGHTED ROAD",FIXED OBJECT,DIVIDED - W/MEDIAN BARRIER,WET,INJURY AND / OR TOW DUE TO CRASH,,,$500 OR LESS,WEATHER,1,NO INDICATION OF INJURY,0,0,41.899375605,-87.6187749632,60611,"CHICAGO MIDWAY AIRPORT, IL US",65.0,62.0,90.0,0.04,5.0,14.0
crash_01343,2021-06-20 19:37:00,2021,6,Jun,Sun,19,Night or early morning,30,TRAFFIC SIGNAL,RAIN,"DARKNESS, LIGHTED ROAD",PEDALCYCLIST,FOUR WAY,WET,INJURY AND / OR TOW DUE TO CRASH,true,,$500 OR LESS,FAILING TO YIELD RIGHT-OF-WAY,2,NONINCAPACITATING INJURY,1,0,41.9261607198,-87.6315146648,60614,"CHICAGO MIDWAY AIRPORT, IL US",82.0,64.0,55.0,0.0,10.0,11.0
crash_01344,2018-01-18 15:55:00,2018,1,Jan,Thu,15,Evening commute,30,NO CONTROLS,CLEAR,DAYLIGHT,PARKED MOTOR VEHICLE,NOT DIVIDED,DRY,NO INJURY / DRIVE AWAY,,,"OVER $1,500",FOLLOWING TOO CLOSELY,2,NO INDICATION OF INJURY,0,0,42.0119289488,-87.7804824335,60646,"CHICAGO OHARE INTERNATIONAL AIRPORT, IL US",32.0,17.0,54.0,0.0,10.0,20.0
crash_01345,2019-02-07 13:15:00,2019,2,Feb,Thu,13,Daytime,10,NO CONTROLS,RAIN,DAYLIGHT,REAR END,PARKING LOT,WET,NO INJURY / DRIVE AWAY,,true,"OVER $1,500",UNABLE TO DETERMINE,2,NO INDICATION OF INJURY,0,0,41.7953116188,-87.723074271,60632,"CHICAGO MIDWAY AIRPORT, IL US",44.0,44.0,100.0,0.02,1.5,9.0
crash_01346,2022-02-26 13:00:00,2022,2,Feb,Sat,13,Daytime,30,STOP SIGN/FLASHER,CLEAR,DAYLIGHT,ANGLE,DIVIDED - W/MEDIAN (NOT RAISED),ICE,INJURY AND / OR TOW DUE TO CRASH,true,,"OVER $1,500",UNABLE TO DETERMINE,2,NONINCAPACITATING INJURY,2,0,41.8590458034,-87.7185484514,60623,"CHICAGO MIDWAY AIRPORT, IL US",30.0,14.0,51.0,0.0,10.0,14.0
crash_01347,2024-02-08 08:25:00,2024,2,Feb,Thu,8,Morning commute,30,NO CONTROLS,CLEAR,DAYLIGHT,TURNING,NOT DIVIDED,DRY,NO INJURY / DRIVE AWAY,,true,"$501 - $1,500",NOT APPLICABLE,2,NO INDICATION OF INJURY,0,0,41.9318977231,-87.7271050305,60641,"CHICAGO MIDWAY AIRPORT, IL US",52.0,35.0,53.0,0.0,10.0,15.0
crash_01348,2024-03-05 21:00:00,2024,3,Mar,Tue,21,Night or early morning,30,UNKNOWN,UNKNOWN,DARKNESS,PARKED MOTOR VEHICLE,NOT DIVIDED,UNKNOWN,INJURY AND / OR TOW DUE TO CRASH,,,"OVER $1,500",NOT APPLICABLE,2,NO INDICATION OF INJURY,0,0,41.707218139,-87.6277515583,60628,"CHICAGO MIDWAY AIRPORT, IL US",41.0,34.0,76.0,0.0,10.0,14.0
crash_01349,2025-10-05 08:15:00,2025,10,Oct,Sun,8,Morning commute,30,STOP SIGN/FLASHER,CLEAR,DAYLIGHT,TURNING,FOUR WAY,DRY,NO INJURY / DRIVE AWAY,true,true,"OVER $1,500",IMPROPER TURNING/NO SIGNAL,2,NO INDICATION OF INJURY,0,0,41.938397196,-87.7836541678,60634,,,,,,,
crash_01350,2021-11-23 13:54:00,2021,11,Nov,Tue,13,Daytime,30,NO CONTROLS,CLEAR,DAYLIGHT,PARKED MOTOR VEHICLE,NOT DIVIDED,DRY,INJURY AND / OR TOW DUE TO CRASH,,,"OVER $1,500",UNABLE TO DETERMINE,3,NONINCAPACITATING INJURY,1,0,41.6475125697,-87.5444670755,60633,"CHICAGO MIDWAY AIRPORT, IL US",43.0,9.0,25.0,0.0,10.0,16.0
crash_01351,2023-05-18 16:03:00,2023,5,May,Thu,16,Evening commute,30,NO CONTROLS,CLEAR,DAYLIGHT,SIDESWIPE SAME DIRECTION,DIVIDED - W/MEDIAN (NOT RAISED),DRY,NO INJURY / DRIVE AWAY,,,"OVER $1,500",UNABLE TO DETERMINE,2,NO INDICATION OF INJURY,0,0,41.9120109677,-87.7099675939,60647,"CHICAGO MIDWAY AIRPORT, IL US",74.0,36.0,25.0,0.0,10.0,3.0
crash_01352,2024-05-22 15:23:00,2024,5,May,Wed,15,Evening commute,30,TRAFFIC SIGNAL,CLEAR,DAYLIGHT,REAR END,NOT DIVIDED,DRY,NO INJURY / DRIVE AWAY,,,"OVER $1,500",FOLLOWING TOO CLOSELY,2,NO INDICATION OF INJURY,0,0,41.9543191257,-87.6746870727,60613,"CHICAGO MIDWAY AIRPORT, IL US",75.0,48.0,39.0,0.0,10.0,17.0
crash_01353,2019-11-30 17:31:00,2019,11,Nov,Sat,17,Evening commute,25,NO CONTROLS,RAIN,UNKNOWN,PARKED MOTOR VEHICLE,CENTER TURN LANE,WET,NO INJURY / DRIVE AWAY,,,"OVER $1,500",IMPROPER LANE USAGE,2,NO INDICATION OF INJURY,0,0,41.8434510958,-87.6539149377,60608,"CHICAGO MIDWAY AIRPORT, IL US",40.0,37.0,89.0,0.0,4.0,21.0
crash_01354,2023-12-07 19:38:00,2023,12,Dec,Thu,19,Night or early morning,30,TRAFFIC SIGNAL,CLEAR,DARKNESS,TURNING,FOUR WAY,DRY,NO INJURY / DRIVE AWAY,true,,"$501 - $1,500",IMPROPER TURNING/NO SIGNAL,2,NO INDICATION OF INJURY,0,0,41.8846016582,-87.6276860285,60601,"CHICAGO MIDWAY AIRPORT, IL US",50.0,42.0,74.0,0.0,10.0,9.0
crash_01355,2023-11-19 03:12:00,2023,11,Nov,Sun,3,Night or early morning,25,NO CONTROLS,CLEAR,"DARKNESS, LIGHTED ROAD",PARKED MOTOR VEHICLE,DIVIDED - W/MEDIAN (NOT RAISED),DRY,NO INJURY / DRIVE AWAY,,,"OVER $1,500",FAILING TO REDUCE SPEED TO AVOID CRASH,4,NO INDICATION OF INJURY,0,0,41.9378405341,-87.8160321914,60707,"CHICAGO OHARE INTERNATIONAL AIRPORT, IL US",38.0,27.0,65.0,0.0,10.0,0.0
crash_01356,2023-08-11 10:00:00,2023,8,Aug,Fri,10,Daytime,30,TRAFFIC SIGNAL,CLEAR,DAYLIGHT,TURNING,FOUR WAY,DRY,INJURY AND / OR TOW DUE TO CRASH,true,,"OVER $1,500",FAILING TO YIELD RIGHT-OF-WAY,2,NONINCAPACITATING INJURY,3,0,41.8477775228,-87.7345059687,60623,"CHICAGO MIDWAY AIRPORT, IL US",71.0,67.0,87.0,0.02,10.0,29.0
crash_01357,2024-12-08 11:10:00,2024,12,Dec,Sun,11,Daytime,30,NO CONTROLS,CLEAR,DAYLIGHT,ANGLE,PARKING LOT,DRY,NO INJURY / DRIVE AWAY,,,"$501 - $1,500",IMPROPER BACKING,2,NO INDICATION OF INJURY,0,0,41.9461830738,-87.7510913285,60641,"CHICAGO OHARE INTERNATIONAL AIRPORT, IL US",49.0,34.0,56.0,,10.0,6.0
crash_01358,2018-12-23 16:00:00,2018,12,Dec,Sun,16,Evening commute,30,STOP SIGN/FLASHER,CLEAR,"DARKNESS, LIGHTED ROAD",ANGLE,NOT DIVIDED,DRY,NO INJURY / DRIVE AWAY,,,"$501 - $1,500",UNABLE TO DETERMINE,2,NO INDICATION OF INJURY,0,0,41.9238010074,-87.7168887313,60647,"CHICAGO MIDWAY AIRPORT, IL US",38.0,20.0,48.0,0.0,10.0,14.0
crash_01359,2024-02-23 17:04:00,2024,2,Feb,Fri,17,Evening commute,30,TRAFFIC SIGNAL,CLEAR,DAYLIGHT,TURNING,FOUR WAY,DRY,INJURY AND / OR TOW DUE TO CRASH,true,,"OVER $1,500",FAILING TO YIELD RIGHT-OF-WAY,2,NONINCAPACITATING INJURY,1,0,41.8992581541,-87.7116190981,60651,"CHICAGO MIDWAY AIRPORT, IL US",39.0,30.0,70.0,0.0,10.0,15.0
crash_01360,2019-10-14 22:14:00,2019,10,Oct,Mon,22,Night or early morning,30,NO CONTROLS,CLEAR,"DARKNESS, LIGHTED ROAD",TURNING,ONE-WAY,DRY,INJURY AND / OR TOW DUE TO CRASH,,true,"OVER $1,500",UNABLE TO DETERMINE,4,NO INDICATION OF INJURY,0,0,41.9005255966,-87.7558886013,60651,"CHICAGO MIDWAY AIRPORT, IL US",50.0,34.0,54.0,0.0,10.0,6.0
crash_01361,2023-05-24 16:10:00,2023,5,May,Wed,16,Evening commute,30,NO CONTROLS,CLEAR,DAYLIGHT,SIDESWIPE SAME DIRECTION,FOUR WAY,DRY,NO INJURY / DRIVE AWAY,,true,"OVER $1,500",IMPROPER OVERTAKING/PASSING,2,NO INDICATION OF INJURY,0,0,41.7215173442,-87.6308915723,60628,"CHICAGO MIDWAY AIRPORT, IL US",65.0,48.0,54.0,0.0,10.0,14.0
crash_01362,2022-05-28 22:50:00,2022,5,May,Sat,22,Night or early morning,30,NO CONTROLS,CLEAR,"DARKNESS, LIGHTED ROAD",OTHER NONCOLLISION,NOT DIVIDED,DRY,NO INJURY / DRIVE AWAY,,,"OVER $1,500",UNABLE TO DETERMINE,1,NO INDICATION OF INJURY,0,0,41.7547326078,-87.7330155717,60652,"CHICAGO MIDWAY AIRPORT, IL US",70.0,55.0,59.0,0.0,10.0,9.0
crash_01363,2021-07-12 08:05:00,2021,7,Jul,Mon,8,Morning commute,45,NO CONTROLS,CLEAR,DAYLIGHT,FIXED OBJECT,DIVIDED - W/MEDIAN BARRIER,DRY,INJURY AND / OR TOW DUE TO CRASH,,,"OVER $1,500",FAILING TO REDUCE SPEED TO AVOID CRASH,1,NONINCAPACITATING INJURY,1,0,41.825882585,-87.6009718542,60653,"CHICAGO MIDWAY AIRPORT, IL US",69.0,63.0,81.0,0.0,10.0,8.0
crash_01364,2025-05-05 18:15:00,2025,5,May,Mon,18,Evening commute,30,NO CONTROLS,CLEAR,DAYLIGHT,PARKED MOTOR VEHICLE,T-INTERSECTION,DRY,INJURY AND / OR TOW DUE TO CRASH,,true,"OVER $1,500",NOT APPLICABLE,3,NONINCAPACITATING INJURY,1,0,41.7934239226,-87.7157520946,60632,"CHICAGO MIDWAY AIRPORT, IL US",61.0,47.0,60.0,0.0,10.0,10.0
crash_01365,2023-10-19 16:15:00,2023,10,Oct,Thu,16,Evening commute,30,NO CONTROLS,UNKNOWN,UNKNOWN,REAR TO SIDE,PARKING LOT,UNKNOWN,NO INJURY / DRIVE AWAY,,,"$501 - $1,500",IMPROPER BACKING,2,NO INDICATION OF INJURY,0,0,42.0183663893,-87.676042709,60626,"CHICAGO OHARE INTERNATIONAL AIRPORT, IL US",60.0,52.0,75.0,0.0,10.0,10.0
crash_01366,2020-02-08 22:08:00,2020,2,Feb,Sat,22,Night or early morning,30,TRAFFIC SIGNAL,CLEAR,"DARKNESS, LIGHTED ROAD",TURNING,DIVIDED - W/MEDIAN (NOT RAISED),DRY,NO INJURY / DRIVE AWAY,true,true,$500 OR LESS,UNABLE TO DETERMINE,2,NO INDICATION OF INJURY,0,0,41.9249164157,-87.6974758705,60647,"CHICAGO MIDWAY AIRPORT, IL US",29.0,22.0,75.0,0.0,10.0,7.0
crash_01367,2020-05-13 20:51:00,2020,5,May,Wed,20,Night or early morning,30,STOP SIGN/FLASHER,CLEAR,DUSK,ANGLE,FOUR WAY,DRY,INJURY AND / OR TOW DUE TO CRASH,true,,"OVER $1,500",DISREGARDING STOP SIGN,2,NONINCAPACITATING INJURY,1,0,41.7840798797,-87.6095397188,60637,"CHICAGO MIDWAY AIRPORT, IL US",61.0,42.0,50.0,0.0,10.0,15.0
crash_01368,2018-04-11 07:45:00,2018,4,Apr,Wed,7,Morning commute,30,TRAFFIC SIGNAL,CLEAR,DAYLIGHT,REAR END,NOT DIVIDED,DRY,NO INJURY / DRIVE AWAY,,,"OVER $1,500",FOLLOWING TOO CLOSELY,2,NO INDICATION OF INJURY,0,0,41.9896769356,-87.6702068165,60660,"CHICAGO OHARE INTERNATIONAL AIRPORT, IL US",41.0,30.0,65.0,0.0,10.0,14.0
crash_01369,2018-05-15 11:35:00,2018,5,May,Tue,11,Daytime,30,NO CONTROLS,CLEAR,DAYLIGHT,REAR END,NOT DIVIDED,OTHER,NO INJURY / DRIVE AWAY,,,"$501 - $1,500",UNABLE TO DETERMINE,2,NO INDICATION OF INJURY,0,0,41.722257273,-87.5852755651,60628,"CHICAGO MIDWAY AIRPORT, IL US",67.0,59.0,76.0,0.0,10.0,9.0
crash_01370,2023-02-22 16:15:00,2023,2,Feb,Wed,16,Evening commute,30,NO CONTROLS,RAIN,DAYLIGHT,SIDESWIPE SAME DIRECTION,NOT DIVIDED,WET,NO INJURY / DRIVE AWAY,,,"OVER $1,500",DRIVING SKILLS/KNOWLEDGE/EXPERIENCE,2,NO INDICATION OF INJURY,0,0,41.8934927968,-87.6243658542,60611,"CHICAGO MIDWAY AIRPORT, IL US",34.0,32.0,92.0,0.1,3.0,15.0
crash_01371,2023-10-29 08:30:00,2023,10,Oct,Sun,8,Morning commute,30,NO CONTROLS,CLEAR,UNKNOWN,PARKED MOTOR VEHICLE,ONE-WAY,DRY,NO INJURY / DRIVE AWAY,,true,"OVER $1,500",UNABLE TO DETERMINE,3,NO INDICATION OF INJURY,0,0,41.7289241578,-87.572021231,60617,"CHICAGO MIDWAY AIRPORT, IL US",47.0,40.0,77.0,0.0,10.0,10.0
crash_01372,2021-05-06 19:02:00,2021,5,May,Thu,19,Night or early morning,30,NO CONTROLS,CLEAR,DAYLIGHT,SIDESWIPE SAME DIRECTION,NOT DIVIDED,DRY,NO INJURY / DRIVE AWAY,,true,"OVER $1,500",UNABLE TO DETERMINE,2,NO INDICATION OF INJURY,0,0,41.8817488964,-87.7240607586,60624,"CHICAGO MIDWAY AIRPORT, IL US",53.0,25.0,34.0,0.0,10.0,10.0
crash_01373,2021-11-16 15:40:00,2021,11,Nov,Tue,15,Evening commute,30,UNKNOWN,UNKNOWN,UNKNOWN,SIDESWIPE SAME DIRECTION,UNKNOWN,UNKNOWN,NO INJURY / DRIVE AWAY,,,"OVER $1,500",UNABLE TO DETERMINE,2,NO INDICATION OF INJURY,0,0,41.9608610226,-87.7451695336,60630,"CHICAGO OHARE INTERNATIONAL AIRPORT, IL US",48.0,37.0,66.0,0.0,10.0,9.0
crash_01374,2023-09-04 13:00:00,2023,9,Sep,Mon,13,Daytime,30,UNKNOWN,UNKNOWN,UNKNOWN,TURNING,NOT DIVIDED,UNKNOWN,NO INJURY / DRIVE AWAY,,true,$500 OR LESS,UNABLE TO DETERMINE,2,NO INDICATION OF INJURY,0,0,42.0194925383,-87.672553839,60626,"CHICAGO OHARE INTERNATIONAL AIRPORT, IL US",91.0,68.0,47.0,0.0,10.0,11.0
crash_01375,2018-09-19 16:23:00,2018,9,Sep,Wed,16,Evening commute,0,NO CONTROLS,CLEAR,DAYLIGHT,ANGLE,ALLEY,DRY,NO INJURY / DRIVE AWAY,,,"OVER $1,500",FAILING TO YIELD RIGHT-OF-WAY,2,NO INDICATION OF INJURY,0,0,41.8077772701,-87.7396371077,60632,"CHICAGO MIDWAY AIRPORT, IL US",71.0,61.0,71.0,0.0,10.0,11.0