crash_id,crash_datetime,crash_year,crash_month,crash_month_name,crash_weekday_name,crash_hour,time_period,posted_speed_limit_mph,traffic_control_device,reported_weather_condition,reported_lighting_condition,first_crash_type,trafficway_type,reported_road_surface_condition,crash_type,intersection_related,hit_and_run,estimated_damage,primary_contributory_cause,unit_count,most_severe_injury,injuries_total,injuries_fatal,latitude,longitude,zip5,weather_station_name,temperature_f,dew_point_f,relative_humidity_percent,precipitation_inches,visibility_miles,wind_speed_mph
crash_01376,2025-03-23 05:45:00,2025,3,Mar,Sun,5,Night or early morning,30,NO CONTROLS,CLEAR,"DARKNESS, LIGHTED ROAD",SIDESWIPE SAME DIRECTION,DIVIDED - W/MEDIAN (NOT RAISED),DRY,NO INJURY / DRIVE AWAY,,true,"OVER $1,500",IMPROPER LANE USAGE,2,NO INDICATION OF INJURY,0,0,41.7356035983,-87.6688243342,60620,"CHICAGO MIDWAY AIRPORT, IL US",38.0,24.0,57.0,0.0,10.0,8.0
crash_01377,2018-04-23 23:18:00,2018,4,Apr,Mon,23,Night or early morning,30,UNKNOWN,OTHER,"DARKNESS, LIGHTED ROAD",FIXED OBJECT,NOT DIVIDED,OTHER,INJURY AND / OR TOW DUE TO CRASH,,,$500 OR LESS,EXCEEDING SAFE SPEED FOR CONDITIONS,1,NO INDICATION OF INJURY,0,0,41.765607122,-87.6093665915,60619,"CHICAGO MIDWAY AIRPORT, IL US",52.0,35.0,53.0,0.0,10.0,3.0
crash_01378,2019-02-19 05:30:00,2019,2,Feb,Tue,5,Night or early morning,20,NO CONTROLS,CLEAR,DARKNESS,REAR END,ONE-WAY,DRY,NO INJURY / DRIVE AWAY,,,"$501 - $1,500",UNABLE TO DETERMINE,2,NO INDICATION OF INJURY,0,0,,,,,,,,,,
crash_01379,2025-07-15 14:00:00,2025,7,Jul,Tue,14,Daytime,10,STOP SIGN/FLASHER,CLEAR,DAYLIGHT,REAR TO FRONT,PARKING LOT,DRY,NO INJURY / DRIVE AWAY,,,"OVER $1,500",IMPROPER BACKING,2,NO INDICATION OF INJURY,0,0,41.8364683477,-87.6655669021,60608,"CHICAGO MIDWAY AIRPORT, IL US",90.0,68.0,48.0,0.0,10.0,8.0
crash_01380,2021-07-09 13:36:00,2021,7,Jul,Fri,13,Daytime,30,TRAFFIC SIGNAL,CLEAR,DAYLIGHT,REAR END,NOT DIVIDED,DRY,NO INJURY / DRIVE AWAY,,,"$501 - $1,500",FAILING TO REDUCE SPEED TO AVOID CRASH,2,NO INDICATION OF INJURY,0,0,41.9982117962,-87.690045912,60645,"CHICAGO OHARE INTERNATIONAL AIRPORT, IL US",74.0,50.0,43.0,0.0,10.0,11.0
crash_01381,2020-06-03 00:42:00,2020,6,Jun,Wed,0,Night or early morning,35,TRAFFIC SIGNAL,CLEAR,"DARKNESS, LIGHTED ROAD",REAR END,NOT DIVIDED,DRY,INJURY AND / OR TOW DUE TO CRASH,true,,"OVER $1,500",FAILING TO REDUCE SPEED TO AVOID CRASH,2,NO INDICATION OF INJURY,0,0,41.8442953467,-87.724702869,60623,"CHICAGO MIDWAY AIRPORT, IL US",76.0,61.0,60.0,0.0,10.0,14.0
crash_01382,2018-10-29 17:45:00,2018,10,Oct,Mon,17,Evening commute,30,TRAFFIC SIGNAL,CLEAR,DAYLIGHT,SIDESWIPE SAME DIRECTION,NOT DIVIDED,DRY,NO INJURY / DRIVE AWAY,,true,$500 OR LESS,IMPROPER LANE USAGE,2,NO INDICATION OF INJURY,0,0,41.8858070197,-87.6441718947,60661,"CHICAGO MIDWAY AIRPORT, IL US",50.0,40.0,68.0,0.0,10.0,9.0
crash_01383,2019-09-12 12:50:00,2019,9,Sep,Thu,12,Daytime,30,NO CONTROLS,CLEAR,DAYLIGHT,PARKED MOTOR VEHICLE,NOT DIVIDED,DRY,INJURY AND / OR TOW DUE TO CRASH,,,"OVER $1,500",UNABLE TO DETERMINE,2,"REPORTED, NOT EVIDENT",1,0,41.809453867,-87.6190919653,60653,"CHICAGO MIDWAY AIRPORT, IL US",73.0,68.0,84.0,0.0,10.0,10.0
crash_01384,2023-04-02 02:45:00,2023,4,Apr,Sun,2,Night or early morning,30,NO CONTROLS,CLEAR,"DARKNESS, LIGHTED ROAD",PARKED MOTOR VEHICLE,NOT DIVIDED,DRY,NO INJURY / DRIVE AWAY,,true,"$501 - $1,500",UNABLE TO DETERMINE,2,NO INDICATION OF INJURY,0,0,41.8857275505,-87.6503082939,60607,"CHICAGO MIDWAY AIRPORT, IL US",33.0,27.0,78.0,0.0,10.0,5.0
crash_01385,2023-09-26 12:55:00,2023,9,Sep,Tue,12,Daytime,30,NO CONTROLS,CLOUDY/OVERCAST,DAYLIGHT,TURNING,DIVIDED - W/MEDIAN (NOT RAISED),UNKNOWN,NO INJURY / DRIVE AWAY,,,"OVER $1,500",UNABLE TO DETERMINE,2,NO INDICATION OF INJURY,0,0,41.9398247583,-87.7666904111,60634,"CHICAGO OHARE INTERNATIONAL AIRPORT, IL US",67.0,63.0,87.0,0.0,10.0,15.0
crash_01386,2024-08-13 08:45:00,2024,8,Aug,Tue,8,Morning commute,30,NO CONTROLS,CLEAR,DAYLIGHT,TURNING,DIVIDED - W/MEDIAN (NOT RAISED),DRY,NO INJURY / DRIVE AWAY,,,"$501 - $1,500","VISION OBSCURED (SIGNS, TREE LIMBS, BUILDINGS, ETC.)",2,NO INDICATION OF INJURY,0,0,41.7516032259,-87.5865654253,60619,"CHICAGO MIDWAY AIRPORT, IL US",76.0,59.0,56.0,0.0,10.0,3.0
crash_01387,2022-03-27 02:32:00,2022,3,Mar,Sun,2,Night or early morning,30,NO CONTROLS,CLEAR,"DARKNESS, LIGHTED ROAD",FIXED OBJECT,DIVIDED - W/MEDIAN (NOT RAISED),DRY,NO INJURY / DRIVE AWAY,,,"OVER $1,500",PHYSICAL CONDITION OF DRIVER,1,NO INDICATION OF INJURY,0,0,41.8916712999,-87.6252247279,60611,"CHICAGO MIDWAY AIRPORT, IL US",27.0,14.0,58.0,0.0,10.0,6.0
crash_01388,2024-04-12 22:05:00,2024,4,Apr,Fri,22,Night or early morning,30,TRAFFIC SIGNAL,CLEAR,"DARKNESS, LIGHTED ROAD",REAR END,DIVIDED - W/MEDIAN (NOT RAISED),DRY,NO INJURY / DRIVE AWAY,true,,"$501 - $1,500",FOLLOWING TOO CLOSELY,2,NO INDICATION OF INJURY,0,0,41.9313977134,-87.765477202,60641,"CHICAGO OHARE INTERNATIONAL AIRPORT, IL US",54.0,35.0,49.0,0.0,10.0,5.0
crash_01389,2020-06-22 15:00:00,2020,6,Jun,Mon,15,Evening commute,30,STOP SIGN/FLASHER,CLEAR,DAYLIGHT,ANGLE,FOUR WAY,DRY,INJURY AND / OR TOW DUE TO CRASH,,,"OVER $1,500",DISREGARDING STOP SIGN,2,NO INDICATION OF INJURY,0,0,41.7108954059,-87.6418724155,60628,"CHICAGO MIDWAY AIRPORT, IL US",78.0,63.0,60.0,0.0,10.0,9.0
crash_01390,2022-11-04 19:30:00,2022,11,Nov,Fri,19,Night or early morning,30,NO CONTROLS,CLEAR,"DARKNESS, LIGHTED ROAD",SIDESWIPE OPPOSITE DIRECTION,NOT DIVIDED,DRY,INJURY AND / OR TOW DUE TO CRASH,,,"OVER $1,500",UNABLE TO DETERMINE,3,NO INDICATION OF INJURY,0,0,42.0123494076,-87.6862802002,60645,"CHICAGO OHARE INTERNATIONAL AIRPORT, IL US",71.0,56.0,59.0,0.0,10.0,17.0
crash_01391,2018-11-26 07:40:00,2018,11,Nov,Mon,7,Morning commute,25,NO CONTROLS,SNOW,DAYLIGHT,REAR END,NOT DIVIDED,SNOW OR SLUSH,NO INJURY / DRIVE AWAY,,,"OVER $1,500",WEATHER,2,NO INDICATION OF INJURY,0,0,41.7141038258,-87.6430620798,60643,"CHICAGO MIDWAY AIRPORT, IL US",28.0,25.0,88.0,0.0,0.5,26.0
crash_01392,2018-05-10 13:00:00,2018,5,May,Thu,13,Daytime,25,NO CONTROLS,CLEAR,DAYLIGHT,PARKED MOTOR VEHICLE,ONE-WAY,DRY,NO INJURY / DRIVE AWAY,,true,"OVER $1,500",IMPROPER BACKING,2,NO INDICATION OF INJURY,0,0,41.9013303873,-87.6819470731,60622,"CHICAGO MIDWAY AIRPORT, IL US",72.0,53.0,52.0,0.0,10.0,5.0
crash_01393,2025-01-06 18:54:00,2025,1,Jan,Mon,18,Evening commute,40,NO CONTROLS,FREEZING RAIN/DRIZZLE,"DARKNESS, LIGHTED ROAD",SIDESWIPE SAME DIRECTION,DIVIDED - W/MEDIAN BARRIER,ICE,NO INJURY / DRIVE AWAY,,,"OVER $1,500",UNABLE TO DETERMINE,2,NO INDICATION OF INJURY,0,0,41.976201139,-87.9053091251,60666,"CHICAGO OHARE INTERNATIONAL AIRPORT, IL US",26.0,19.0,75.0,0.0,10.0,15.0
crash_01394,2023-08-02 15:09:00,2023,8,Aug,Wed,15,Evening commute,35,STOP SIGN/FLASHER,CLEAR,DAYLIGHT,SIDESWIPE SAME DIRECTION,FOUR WAY,DRY,NO INJURY / DRIVE AWAY,,,"OVER $1,500",IMPROPER OVERTAKING/PASSING,2,NO INDICATION OF INJURY,0,0,41.8937646241,-87.7115321773,60624,"CHICAGO MIDWAY AIRPORT, IL US",84.0,61.0,46.0,0.0,10.0,10.0
crash_01395,2018-07-31 09:00:00,2018,7,Jul,Tue,9,Morning commute,30,NO CONTROLS,UNKNOWN,DAYLIGHT,FIXED OBJECT,UNKNOWN,DRY,NO INJURY / DRIVE AWAY,,true,"OVER $1,500",UNABLE TO DETERMINE,1,NO INDICATION OF INJURY,0,0,41.9008564934,-87.7323657607,60651,"CHICAGO MIDWAY AIRPORT, IL US",74.0,66.0,76.0,0.0,10.0,11.0
crash_01396,2019-01-12 13:10:00,2019,1,Jan,Sat,13,Daytime,30,YIELD,SNOW,DAYLIGHT,REAR END,DIVIDED - W/MEDIAN (NOT RAISED),SNOW OR SLUSH,INJURY AND / OR TOW DUE TO CRASH,,,"OVER $1,500",FAILING TO REDUCE SPEED TO AVOID CRASH,2,NO INDICATION OF INJURY,0,0,41.8768625296,-87.6277969701,60605,"CHICAGO MIDWAY AIRPORT, IL US",30.0,27.0,88.0,0.01,0.75,14.0
crash_01397,2023-03-23 08:10:00,2023,3,Mar,Thu,8,Morning commute,30,NO CONTROLS,CLEAR,DAYLIGHT,TURNING,NOT DIVIDED,DRY,NO INJURY / DRIVE AWAY,,,"OVER $1,500",UNABLE TO DETERMINE,2,NO INDICATION OF INJURY,0,0,41.9357380823,-87.7185729276,60618,"CHICAGO MIDWAY AIRPORT, IL US",39.0,39.0,100.0,0.0,10.0,17.0
crash_01398,2020-07-27 19:37:00,2020,7,Jul,Mon,19,Night or early morning,30,STOP SIGN/FLASHER,CLEAR,DAYLIGHT,TURNING,NOT DIVIDED,DRY,INJURY AND / OR TOW DUE TO CRASH,true,true,"$501 - $1,500",IMPROPER OVERTAKING/PASSING,2,NO INDICATION OF INJURY,0,0,41.8877143773,-87.620674774,60601,"CHICAGO MIDWAY AIRPORT, IL US",81.0,58.0,45.0,0.0,10.0,10.0
crash_01399,2020-10-25 18:42:00,2020,10,Oct,Sun,18,Evening commute,30,TRAFFIC SIGNAL,CLEAR,"DARKNESS, LIGHTED ROAD",TURNING,DIVIDED - W/MEDIAN (NOT RAISED),DRY,NO INJURY / DRIVE AWAY,,true,"$501 - $1,500",UNABLE TO DETERMINE,2,NO INDICATION OF INJURY,0,0,41.8871091733,-87.7651871561,60644,"CHICAGO MIDWAY AIRPORT, IL US",46.0,33.0,61.0,0.0,10.0,14.0
crash_01400,2023-08-22 18:00:00,2023,8,Aug,Tue,18,Evening commute,30,NO CONTROLS,CLEAR,DAYLIGHT,PARKED MOTOR VEHICLE,NOT DIVIDED,UNKNOWN,INJURY AND / OR TOW DUE TO CRASH,,true,"OVER $1,500",UNABLE TO DETERMINE,2,NO INDICATION OF INJURY,0,0,41.7650820142,-87.6594504657,60636,"CHICAGO MIDWAY AIRPORT, IL US",87.0,72.0,61.0,0.0,10.0,11.0
crash_01401,2025-06-08 16:05:00,2025,6,Jun,Sun,16,Evening commute,30,NO CONTROLS,RAIN,DAYLIGHT,PARKED MOTOR VEHICLE,PARKING LOT,WET,NO INJURY / DRIVE AWAY,,,"$501 - $1,500",UNABLE TO DETERMINE,2,NO INDICATION OF INJURY,0,0,41.9091428747,-87.7364739875,60651,"CHICAGO MIDWAY AIRPORT, IL US",77.0,61.0,58.0,0.13,5.0,20.0
crash_01402,2019-06-07 13:00:00,2019,6,Jun,Fri,13,Daytime,25,TRAFFIC SIGNAL,CLEAR,DAYLIGHT,SIDESWIPE SAME DIRECTION,NOT DIVIDED,DRY,NO INJURY / DRIVE AWAY,true,,"OVER $1,500",IMPROPER LANE USAGE,2,NO INDICATION OF INJURY,0,0,41.7570593922,-87.5856350238,60649,"CHICAGO MIDWAY AIRPORT, IL US",77.0,60.0,56.0,0.0,10.0,14.0
crash_01403,2018-09-26 13:30:00,2018,9,Sep,Wed,13,Daytime,30,STOP SIGN/FLASHER,CLEAR,DAYLIGHT,PARKED MOTOR VEHICLE,NOT DIVIDED,DRY,NO INJURY / DRIVE AWAY,,,$500 OR LESS,UNABLE TO DETERMINE,2,NO INDICATION OF INJURY,0,0,41.8525815063,-87.6548365092,60608,"CHICAGO MIDWAY AIRPORT, IL US",65.0,42.0,43.0,0.0,10.0,10.0
crash_01404,2019-03-26 07:25:00,2019,3,Mar,Tue,7,Morning commute,40,TRAFFIC SIGNAL,CLEAR,DAYLIGHT,SIDESWIPE SAME DIRECTION,DIVIDED - W/MEDIAN BARRIER,DRY,NO INJURY / DRIVE AWAY,true,,"OVER $1,500",IMPROPER LANE USAGE,2,NO INDICATION OF INJURY,0,0,41.8731936088,-87.6172282945,60605,"CHICAGO MIDWAY AIRPORT, IL US",35.0,21.0,57.0,0.0,10.0,6.0
crash_01405,2018-03-16 17:15:00,2018,3,Mar,Fri,17,Evening commute,30,STOP SIGN/FLASHER,CLEAR,DAYLIGHT,TURNING,DIVIDED - W/MEDIAN (NOT RAISED),DRY,NO INJURY / DRIVE AWAY,true,,"$501 - $1,500",FAILING TO YIELD RIGHT-OF-WAY,2,NO INDICATION OF INJURY,0,0,41.8902837845,-87.6474583858,60654,"CHICAGO MIDWAY AIRPORT, IL US",35.0,22.0,59.0,0.0,10.0,13.0
crash_01406,2025-10-24 15:05:00,2025,10,Oct,Fri,15,Evening commute,30,UNKNOWN,UNKNOWN,UNKNOWN,SIDESWIPE OPPOSITE DIRECTION,UNKNOWN,UNKNOWN,NO INJURY / DRIVE AWAY,,true,"OVER $1,500",UNABLE TO DETERMINE,2,NO INDICATION OF INJURY,0,0,41.8925935084,-87.6228409032,60611,,,,,,,
crash_01407,2024-10-23 18:52:00,2024,10,Oct,Wed,18,Evening commute,30,TRAFFIC SIGNAL,CLEAR,"DARKNESS, LIGHTED ROAD",REAR END,NOT DIVIDED,DRY,NO INJURY / DRIVE AWAY,true,true,"$501 - $1,500",FOLLOWING TOO CLOSELY,2,NO INDICATION OF INJURY,0,0,41.9647843878,-87.6886410242,60625,"CHICAGO OHARE INTERNATIONAL AIRPORT, IL US",57.0,34.0,42.0,0.0,10.0,7.0
crash_01408,2024-12-15 05:44:00,2024,12,Dec,Sun,5,Night or early morning,30,NO CONTROLS,RAIN,"DARKNESS, LIGHTED ROAD",PARKED MOTOR VEHICLE,ONE-WAY,WET,INJURY AND / OR TOW DUE TO CRASH,,true,"OVER $1,500","OPERATING VEHICLE IN ERRATIC, RECKLESS, CARELESS, NEGLIGENT OR AGGRESSIVE MANNER",4,NO INDICATION OF INJURY,0,0,41.8873508476,-87.7638501626,60644,"CHICAGO MIDWAY AIRPORT, IL US",42.0,40.0,92.0,0.0,1.75,9.0
crash_01409,2023-08-29 14:23:00,2023,8,Aug,Tue,14,Daytime,30,TRAFFIC SIGNAL,CLEAR,DAYLIGHT,ANGLE,NOT DIVIDED,DRY,NO INJURY / DRIVE AWAY,true,,"OVER $1,500",FAILING TO YIELD RIGHT-OF-WAY,2,NO INDICATION OF INJURY,0,0,41.8235698259,-87.6458711507,60609,"CHICAGO MIDWAY AIRPORT, IL US",85.0,61.0,45.0,0.0,10.0,11.0
crash_01410,2018-07-20 01:43:00,2018,7,Jul,Fri,1,Night or early morning,30,TRAFFIC SIGNAL,CLEAR,"DARKNESS, LIGHTED ROAD",FIXED OBJECT,CENTER TURN LANE,DRY,INJURY AND / OR TOW DUE TO CRASH,false,,"OVER $1,500",UNABLE TO DETERMINE,2,INCAPACITATING INJURY,2,0,41.9238720269,-87.765926988,60639,"CHICAGO OHARE INTERNATIONAL AIRPORT, IL US",78.0,63.0,60.0,0.0,10.0,16.0
crash_01411,2019-11-15 12:00:00,2019,11,Nov,Fri,12,Daytime,30,NO CONTROLS,CLEAR,DAYLIGHT,PARKED MOTOR VEHICLE,NOT DIVIDED,DRY,NO INJURY / DRIVE AWAY,,,"$501 - $1,500",EQUIPMENT - VEHICLE CONDITION,2,,,,41.9757818038,-87.7751486025,60630,"CHICAGO OHARE INTERNATIONAL AIRPORT, IL US",32.0,24.0,73.0,0.0,9.0,5.0
crash_01412,2020-07-15 08:43:00,2020,7,Jul,Wed,8,Morning commute,20,NO CONTROLS,CLEAR,DAYLIGHT,SIDESWIPE OPPOSITE DIRECTION,DIVIDED - W/MEDIAN (NOT RAISED),DRY,NO INJURY / DRIVE AWAY,,true,"$501 - $1,500",ROAD CONSTRUCTION/MAINTENANCE,2,NO INDICATION OF INJURY,0,0,41.953881483,-87.6948697013,60618,"CHICAGO MIDWAY AIRPORT, IL US",79.0,63.0,58.0,0.0,10.0,9.0
crash_01413,2021-07-22 12:52:00,2021,7,Jul,Thu,12,Daytime,30,NO CONTROLS,CLEAR,DAYLIGHT,TURNING,NOT DIVIDED,DRY,INJURY AND / OR TOW DUE TO CRASH,,,"OVER $1,500",FAILING TO YIELD RIGHT-OF-WAY,2,NONINCAPACITATING INJURY,3,0,41.8785659582,-87.7453536724,60644,"CHICAGO MIDWAY AIRPORT, IL US",82.0,66.0,58.0,0.0,8.0,6.0
crash_01414,2022-08-30 16:00:00,2022,8,Aug,Tue,16,Evening commute,30,NO CONTROLS,CLEAR,DAYLIGHT,TURNING,NOT DIVIDED,DRY,INJURY AND / OR TOW DUE TO CRASH,,,"OVER $1,500",FAILING TO YIELD RIGHT-OF-WAY,2,"REPORTED, NOT EVIDENT",1,0,41.9413415834,-87.6977362079,60618,"CHICAGO MIDWAY AIRPORT, IL US",81.0,53.0,38.0,,10.0,20.0
crash_01415,2024-09-22 09:26:00,2024,9,Sep,Sun,9,Morning commute,30,NO CONTROLS,RAIN,DAWN,REAR END,NOT DIVIDED,WET,NO INJURY / DRIVE AWAY,,,"OVER $1,500",WEATHER,2,NO INDICATION OF INJURY,0,0,41.8527582466,-87.6308673762,60616,"CHICAGO MIDWAY AIRPORT, IL US",72.0,68.0,87.0,0.02,10.0,6.0
crash_01416,2023-08-16 06:45:00,2023,8,Aug,Wed,6,Morning commute,10,NO CONTROLS,CLEAR,DAYLIGHT,PARKED MOTOR VEHICLE,PARKING LOT,DRY,INJURY AND / OR TOW DUE TO CRASH,,,"$501 - $1,500",DRIVING SKILLS/KNOWLEDGE/EXPERIENCE,2,NO INDICATION OF INJURY,0,0,41.9589468224,-87.7473313349,60641,"CHICAGO OHARE INTERNATIONAL AIRPORT, IL US",62.0,55.0,78.0,0.0,10.0,7.0
crash_01417,2019-05-14 00:00:00,2019,5,May,Tue,0,Night or early morning,15,NO CONTROLS,UNKNOWN,DARKNESS,FIXED OBJECT,ALLEY,UNKNOWN,NO INJURY / DRIVE AWAY,,,"OVER $1,500",DRIVING SKILLS/KNOWLEDGE/EXPERIENCE,1,NO INDICATION OF INJURY,0,0,41.8868466681,-87.7576030355,60644,"CHICAGO MIDWAY AIRPORT, IL US",48.0,37.0,66.0,0.0,10.0,0.0
crash_01418,2021-09-20 02:20:00,2021,9,Sep,Mon,2,Night or early morning,25,UNKNOWN,CLEAR,"DARKNESS, LIGHTED ROAD",FIXED OBJECT,RAMP,DRY,INJURY AND / OR TOW DUE TO CRASH,,,"OVER $1,500",UNDER THE INFLUENCE OF ALCOHOL/DRUGS (USE WHEN ARREST IS EFFECTED),1,NO INDICATION OF INJURY,0,0,41.8964710726,-87.6430892908,60654,"CHICAGO MIDWAY AIRPORT, IL US",76.0,63.0,64.0,0.0,10.0,11.0
crash_01419,2018-02-01 17:00:00,2018,2,Feb,Thu,17,Evening commute,30,UNKNOWN,UNKNOWN,UNKNOWN,REAR END,UNKNOWN,UNKNOWN,NO INJURY / DRIVE AWAY,,true,"OVER $1,500",UNABLE TO DETERMINE,2,NO INDICATION OF INJURY,0,0,41.8720580505,-87.7450793431,60644,"CHICAGO MIDWAY AIRPORT, IL US",16.0,-3.0,43.0,0.0,10.0,13.0
crash_01420,2018-12-21 21:40:00,2018,12,Dec,Fri,21,Night or early morning,20,NO CONTROLS,CLEAR,DARKNESS,PARKED MOTOR VEHICLE,NOT DIVIDED,DRY,NO INJURY / DRIVE AWAY,,true,"$501 - $1,500",UNABLE TO DETERMINE,2,NO INDICATION OF INJURY,0,0,41.8492836198,-87.6955211842,60623,"CHICAGO MIDWAY AIRPORT, IL US",32.0,24.0,73.0,0.0,10.0,9.0
crash_01421,2018-09-13 18:16:00,2018,9,Sep,Thu,18,Evening commute,30,TRAFFIC SIGNAL,CLEAR,DUSK,REAR END,NOT DIVIDED,DRY,NO INJURY / DRIVE AWAY,,,"$501 - $1,500",DISTRACTION - FROM INSIDE VEHICLE,2,NO INDICATION OF INJURY,0,0,41.8744470224,-87.6470670174,60607,"CHICAGO MIDWAY AIRPORT, IL US",74.0,59.0,60.0,0.0,10.0,8.0
crash_01422,2023-06-12 08:30:00,2023,6,Jun,Mon,8,Morning commute,25,TRAFFIC SIGNAL,CLEAR,DAYLIGHT,SIDESWIPE SAME DIRECTION,NOT DIVIDED,DRY,NO INJURY / DRIVE AWAY,true,,"OVER $1,500",DISREGARDING TRAFFIC SIGNALS,2,NO INDICATION OF INJURY,0,0,41.8775982781,-87.6668339163,60612,"CHICAGO MIDWAY AIRPORT, IL US",56.0,40.0,55.0,0.0,10.0,15.0
crash_01423,2019-03-22 17:18:00,2019,3,Mar,Fri,17,Evening commute,30,NO CONTROLS,CLEAR,DAYLIGHT,ANGLE,NOT DIVIDED,DRY,INJURY AND / OR TOW DUE TO CRASH,,true,"OVER $1,500",FAILING TO YIELD RIGHT-OF-WAY,2,INCAPACITATING INJURY,2,0,41.785902574,-87.6836699363,60636,"CHICAGO MIDWAY AIRPORT, IL US",39.0,25.0,57.0,0.0,10.0,14.0
crash_01424,2019-06-23 14:00:00,2019,6,Jun,Sun,14,Daytime,30,NO CONTROLS,CLEAR,DAYLIGHT,PARKED MOTOR VEHICLE,PARKING LOT,DRY,NO INJURY / DRIVE AWAY,,true,"$501 - $1,500",UNABLE TO DETERMINE,2,NO INDICATION OF INJURY,0,0,41.8456065008,-87.6338856145,60616,"CHICAGO MIDWAY AIRPORT, IL US",79.0,70.0,74.0,0.0,10.0,11.0
crash_01425,2019-12-29 17:50:00,2019,12,Dec,Sun,17,Evening commute,30,STOP SIGN/FLASHER,CLEAR,DARKNESS,ANGLE,FOUR WAY,DRY,NO INJURY / DRIVE AWAY,true,true,"OVER $1,500",DISREGARDING STOP SIGN,2,NO INDICATION OF INJURY,0,0,41.7438321541,-87.6065874618,60619,"CHICAGO MIDWAY AIRPORT, IL US",54.0,51.0,90.0,0.0,10.0,11.0
crash_01426,2018-09-14 19:30:00,2018,9,Sep,Fri,19,Night or early morning,30,TRAFFIC SIGNAL,CLEAR,"DARKNESS, LIGHTED ROAD",REAR END,DIVIDED - W/MEDIAN (NOT RAISED),DRY,NO INJURY / DRIVE AWAY,,,"$501 - $1,500",FOLLOWING TOO CLOSELY,2,NO INDICATION OF INJURY,0,0,41.7549613508,-87.7223163006,60652,"CHICAGO MIDWAY AIRPORT, IL US",71.0,60.0,68.0,0.0,10.0,8.0
crash_01427,2023-10-29 23:20:00,2023,10,Oct,Sun,23,Night or early morning,35,NO CONTROLS,RAIN,"DARKNESS, LIGHTED ROAD",OTHER OBJECT,ONE-WAY,WET,INJURY AND / OR TOW DUE TO CRASH,,,"OVER $1,500",UNABLE TO DETERMINE,1,NO INDICATION OF INJURY,0,0,41.9020099089,-87.6238013453,60611,"CHICAGO MIDWAY AIRPORT, IL US",40.0,33.0,77.0,0.0,10.0,17.0
crash_01428,2025-03-20 07:35:00,2025,3,Mar,Thu,7,Morning commute,10,NO CONTROLS,SNOW,DAYLIGHT,REAR TO SIDE,NOT DIVIDED,SNOW OR SLUSH,NO INJURY / DRIVE AWAY,,,"OVER $1,500",IMPROPER BACKING,2,NO INDICATION OF INJURY,0,0,41.7111940677,-87.6006025479,60628,"CHICAGO MIDWAY AIRPORT, IL US",32.0,28.0,85.0,0.0,2.0,21.0
crash_01429,2023-06-22 14:40:00,2023,6,Jun,Thu,14,Daytime,30,STOP SIGN/FLASHER,CLEAR,DAYLIGHT,ANGLE,NOT DIVIDED,DRY,INJURY AND / OR TOW DUE TO CRASH,true,,"OVER $1,500",NOT APPLICABLE,2,NO INDICATION OF INJURY,0,0,41.9697806495,-87.7651204187,60630,"CHICAGO OHARE INTERNATIONAL AIRPORT, IL US",85.0,57.0,39.0,0.0,10.0,15.0
crash_01430,2021-06-23 18:30:00,2021,6,Jun,Wed,18,Evening commute,30,NO CONTROLS,CLEAR,DAYLIGHT,ANGLE,ONE-WAY,DRY,NO INJURY / DRIVE AWAY,,,"$501 - $1,500",UNABLE TO DETERMINE,2,NO INDICATION OF INJURY,0,0,41.8928895616,-87.7555873773,60644,"CHICAGO MIDWAY AIRPORT, IL US",79.0,50.0,36.0,0.0,10.0,23.0
crash_01431,2019-09-28 22:58:00,2019,9,Sep,Sat,22,Night or early morning,30,NO CONTROLS,CLEAR,"DARKNESS, LIGHTED ROAD",PARKED MOTOR VEHICLE,DIVIDED - W/MEDIAN BARRIER,DRY,INJURY AND / OR TOW DUE TO CRASH,,,"OVER $1,500",UNABLE TO DETERMINE,3,NONINCAPACITATING INJURY,1,0,41.9045239574,-87.6676740901,60622,"CHICAGO MIDWAY AIRPORT, IL US",62.0,57.0,84.0,0.0,10.0,10.0
crash_01432,2019-11-27 16:45:00,2019,11,Nov,Wed,16,Evening commute,30,TRAFFIC SIGNAL,CLEAR,DAYLIGHT,TURNING,DIVIDED - W/MEDIAN BARRIER,DRY,NO INJURY / DRIVE AWAY,true,,"OVER $1,500",TURNING RIGHT ON RED,2,NO INDICATION OF INJURY,0,0,41.6661129912,-87.5590030803,60633,"CHICAGO MIDWAY AIRPORT, IL US",37.0,27.0,65.0,,10.0,24.0
crash_01433,2019-05-13 16:20:00,2019,5,May,Mon,16,Evening commute,10,NO CONTROLS,CLEAR,DAYLIGHT,REAR END,UNKNOWN INTERSECTION TYPE,WET,NO INJURY / DRIVE AWAY,,,"OVER $1,500",FOLLOWING TOO CLOSELY,2,NO INDICATION OF INJURY,0,0,41.7224394759,-87.5861858365,60619,"CHICAGO MIDWAY AIRPORT, IL US",60.0,39.0,46.0,0.0,10.0,13.0
crash_01434,2023-12-22 15:30:00,2023,12,Dec,Fri,15,Evening commute,30,TRAFFIC SIGNAL,RAIN,DUSK,REAR END,NOT DIVIDED,WET,NO INJURY / DRIVE AWAY,,,$500 OR LESS,UNABLE TO DETERMINE,2,NO INDICATION OF INJURY,0,0,41.9041351445,-87.7216103339,60651,"CHICAGO MIDWAY AIRPORT, IL US",46.0,42.0,86.0,0.04,5.0,5.0