crash_id,crash_datetime,crash_year,crash_month,crash_month_name,crash_weekday_name,crash_hour,time_period,posted_speed_limit_mph,traffic_control_device,reported_weather_condition,reported_lighting_condition,first_crash_type,trafficway_type,reported_road_surface_condition,crash_type,intersection_related,hit_and_run,estimated_damage,primary_contributory_cause,unit_count,most_severe_injury,injuries_total,injuries_fatal,latitude,longitude,zip5,weather_station_name,temperature_f,dew_point_f,relative_humidity_percent,precipitation_inches,visibility_miles,wind_speed_mph
crash_01435,2025-01-17 10:05:00,2025,1,Jan,Fri,10,Daytime,30,NO CONTROLS,CLEAR,DAYLIGHT,REAR END,DIVIDED - W/MEDIAN (NOT RAISED),DRY,NO INJURY / DRIVE AWAY,,true,"OVER $1,500",UNABLE TO DETERMINE,2,NO INDICATION OF INJURY,0,0,41.93173718,-87.7225665514,60647,"CHICAGO MIDWAY AIRPORT, IL US",37.0,24.0,59.0,0.0,10.0,21.0
crash_01436,2021-07-27 10:00:00,2021,7,Jul,Tue,10,Daytime,10,NO CONTROLS,CLEAR,DAYLIGHT,REAR TO REAR,PARKING LOT,DRY,NO INJURY / DRIVE AWAY,,,"OVER $1,500",NOT APPLICABLE,2,NO INDICATION OF INJURY,0,0,41.6924264976,-87.6271013288,60628,"CHICAGO MIDWAY AIRPORT, IL US",81.0,64.0,57.0,0.0,10.0,11.0
crash_01437,2021-07-24 16:39:00,2021,7,Jul,Sat,16,Evening commute,30,NO CONTROLS,RAIN,DAYLIGHT,REAR END,NOT DIVIDED,WET,INJURY AND / OR TOW DUE TO CRASH,,,"OVER $1,500",FOLLOWING TOO CLOSELY,4,"REPORTED, NOT EVIDENT",3,0,42.0050616892,-87.6822983301,60645,"CHICAGO OHARE INTERNATIONAL AIRPORT, IL US",77.0,73.0,88.0,0.12,5.0,9.0
crash_01438,2022-05-20 17:30:00,2022,5,May,Fri,17,Evening commute,35,UNKNOWN,CLEAR,DAYLIGHT,REAR END,NOT DIVIDED,DRY,NO INJURY / DRIVE AWAY,,,"$501 - $1,500",UNABLE TO DETERMINE,2,NO INDICATION OF INJURY,0,0,41.9539895392,-87.7112322357,60618,"CHICAGO OHARE INTERNATIONAL AIRPORT, IL US",80.0,68.0,67.0,0.0,10.0,16.0
crash_01439,2019-03-20 10:00:00,2019,3,Mar,Wed,10,Daytime,30,NO CONTROLS,CLEAR,DAYLIGHT,PARKED MOTOR VEHICLE,ONE-WAY,DRY,NO INJURY / DRIVE AWAY,,true,"OVER $1,500",UNABLE TO DETERMINE,2,NO INDICATION OF INJURY,0,0,41.7515980261,-87.646640525,60620,"CHICAGO MIDWAY AIRPORT, IL US",40.0,37.0,89.0,0.02,6.0,10.0
crash_01440,2020-01-11 23:30:00,2020,1,Jan,Sat,23,Night or early morning,30,NO CONTROLS,SNOW,"DARKNESS, LIGHTED ROAD",PARKED MOTOR VEHICLE,NOT DIVIDED,SNOW OR SLUSH,NO INJURY / DRIVE AWAY,,,"OVER $1,500",WEATHER,2,NO INDICATION OF INJURY,0,0,41.9021875695,-87.7176141657,60651,"CHICAGO MIDWAY AIRPORT, IL US",26.0,23.0,88.0,0.0,1.0,14.0
crash_01441,2020-01-21 11:14:00,2020,1,Jan,Tue,11,Daytime,30,TRAFFIC SIGNAL,CLEAR,DAYLIGHT,REAR END,DIVIDED - W/MEDIAN (NOT RAISED),DRY,NO INJURY / DRIVE AWAY,,,"OVER $1,500",FOLLOWING TOO CLOSELY,2,NO INDICATION OF INJURY,0,0,41.97600184,-87.689092635,60625,"CHICAGO OHARE INTERNATIONAL AIRPORT, IL US",25.0,16.0,69.0,0.0,10.0,8.0
crash_01442,2022-01-08 16:00:00,2022,1,Jan,Sat,16,Evening commute,30,STOP SIGN/FLASHER,SNOW,DAYLIGHT,REAR END,NOT DIVIDED,SNOW OR SLUSH,NO INJURY / DRIVE AWAY,,true,"OVER $1,500",FOLLOWING TOO CLOSELY,3,NO INDICATION OF INJURY,0,0,41.8011812825,-87.6891853115,60632,"CHICAGO MIDWAY AIRPORT, IL US",29.0,25.0,85.0,0.0,2.5,9.0
crash_01443,2022-05-17 14:45:00,2022,5,May,Tue,14,Daytime,15,NO CONTROLS,CLEAR,DAYLIGHT,SIDESWIPE SAME DIRECTION,OTHER,DRY,NO INJURY / DRIVE AWAY,,,"$501 - $1,500",UNABLE TO DETERMINE,2,NO INDICATION OF INJURY,0,0,41.91696035,-87.701927402,60647,"CHICAGO MIDWAY AIRPORT, IL US",63.0,36.0,37.0,0.0,10.0,13.0
crash_01444,2023-06-03 02:30:00,2023,6,Jun,Sat,2,Night or early morning,35,TRAFFIC SIGNAL,CLEAR,"DARKNESS, LIGHTED ROAD",REAR END,FOUR WAY,DRY,INJURY AND / OR TOW DUE TO CRASH,,,"OVER $1,500",UNABLE TO DETERMINE,2,NONINCAPACITATING INJURY,2,0,41.7215344279,-87.6433619172,60620,"CHICAGO MIDWAY AIRPORT, IL US",70.0,56.0,61.0,0.0,10.0,7.0
crash_01445,2019-03-28 15:25:00,2019,3,Mar,Thu,15,Evening commute,15,NO CONTROLS,CLEAR,DAYLIGHT,PARKED MOTOR VEHICLE,PARKING LOT,DRY,NO INJURY / DRIVE AWAY,,true,"OVER $1,500",NOT APPLICABLE,2,NO INDICATION OF INJURY,0,0,41.8705248524,-87.6257598761,60605,"CHICAGO MIDWAY AIRPORT, IL US",64.0,45.0,50.0,0.0,10.0,9.0
crash_01446,2022-12-19 06:30:00,2022,12,Dec,Mon,6,Morning commute,30,NO CONTROLS,CLEAR,"DARKNESS, LIGHTED ROAD",SIDESWIPE SAME DIRECTION,DIVIDED - W/MEDIAN (NOT RAISED),DRY,NO INJURY / DRIVE AWAY,,,"OVER $1,500",IMPROPER OVERTAKING/PASSING,2,NO INDICATION OF INJURY,0,0,41.8959679686,-87.6670517683,60642,"CHICAGO MIDWAY AIRPORT, IL US",10.0,4.0,76.0,0.0,10.0,3.0
crash_01447,2019-09-15 02:25:00,2019,9,Sep,Sun,2,Night or early morning,25,NO CONTROLS,CLOUDY/OVERCAST,"DARKNESS, LIGHTED ROAD",REAR END,DIVIDED - W/MEDIAN BARRIER,WET,NO INJURY / DRIVE AWAY,,,"$501 - $1,500","OPERATING VEHICLE IN ERRATIC, RECKLESS, CARELESS, NEGLIGENT OR AGGRESSIVE MANNER",2,NO INDICATION OF INJURY,0,0,41.9009589191,-87.6199281737,60611,"CHICAGO MIDWAY AIRPORT, IL US",70.0,58.0,66.0,0.0,10.0,11.0
crash_01448,2022-05-03 02:45:00,2022,5,May,Tue,2,Night or early morning,30,TRAFFIC SIGNAL,RAIN,"DARKNESS, LIGHTED ROAD",TURNING,DIVIDED - W/MEDIAN (NOT RAISED),WET,NO INJURY / DRIVE AWAY,,true,"OVER $1,500",IMPROPER TURNING/NO SIGNAL,2,NO INDICATION OF INJURY,0,0,41.8730954853,-87.6243452478,60605,"CHICAGO MIDWAY AIRPORT, IL US",50.0,42.0,74.0,0.0,10.0,10.0
crash_01449,2018-04-02 06:35:00,2018,4,Apr,Mon,6,Morning commute,20,NO CONTROLS,CLEAR,DAYLIGHT,PARKED MOTOR VEHICLE,ONE-WAY,DRY,NO INJURY / DRIVE AWAY,,,$500 OR LESS,"VISION OBSCURED (SIGNS, TREE LIMBS, BUILDINGS, ETC.)",2,NO INDICATION OF INJURY,0,0,41.8452480133,-87.7267106533,60623,"CHICAGO MIDWAY AIRPORT, IL US",24.0,16.0,71.0,0.0,10.0,3.0
crash_01450,2025-02-24 06:28:00,2025,2,Feb,Mon,6,Morning commute,30,STOP SIGN/FLASHER,CLEAR,DAYLIGHT,SIDESWIPE SAME DIRECTION,NOT DIVIDED,WET,NO INJURY / DRIVE AWAY,true,,"OVER $1,500",IMPROPER OVERTAKING/PASSING,2,NO INDICATION OF INJURY,0,0,41.694500109,-87.6132764948,60628,"CHICAGO MIDWAY AIRPORT, IL US",40.0,29.0,65.0,0.0,10.0,15.0
crash_01451,2018-01-17 13:30:00,2018,1,Jan,Wed,13,Daytime,30,TRAFFIC SIGNAL,CLEAR,DAYLIGHT,REAR END,DIVIDED - W/MEDIAN (NOT RAISED),DRY,NO INJURY / DRIVE AWAY,,,"$501 - $1,500",UNABLE TO DETERMINE,2,NO INDICATION OF INJURY,0,0,41.8518579851,-87.6952978061,60608,"CHICAGO MIDWAY AIRPORT, IL US",19.0,8.0,62.0,0.0,10.0,15.0
crash_01452,2021-07-03 21:50:00,2021,7,Jul,Sat,21,Night or early morning,35,TRAFFIC SIGNAL,CLEAR,"DARKNESS, LIGHTED ROAD",ANGLE,NOT DIVIDED,DRY,INJURY AND / OR TOW DUE TO CRASH,true,,"OVER $1,500",DISREGARDING TRAFFIC SIGNALS,2,NONINCAPACITATING INJURY,1,0,41.9392210489,-87.7077146023,60618,"CHICAGO MIDWAY AIRPORT, IL US",79.0,62.0,56.0,0.0,10.0,7.0
crash_01453,2019-07-15 16:50:00,2019,7,Jul,Mon,16,Evening commute,30,NO CONTROLS,CLEAR,DAYLIGHT,REAR END,DIVIDED - W/MEDIAN (NOT RAISED),DRY,NO INJURY / DRIVE AWAY,,,"$501 - $1,500",FOLLOWING TOO CLOSELY,2,NO INDICATION OF INJURY,0,0,41.9856056043,-87.6572973244,60660,"CHICAGO OHARE INTERNATIONAL AIRPORT, IL US",91.0,63.0,39.0,0.0,10.0,18.0
crash_01454,2020-09-20 12:30:00,2020,9,Sep,Sun,12,Daytime,30,TRAFFIC SIGNAL,CLEAR,DAYLIGHT,REAR END,NOT DIVIDED,DRY,NO INJURY / DRIVE AWAY,true,,"OVER $1,500",FOLLOWING TOO CLOSELY,2,NO INDICATION OF INJURY,0,0,41.9535543273,-87.7456675512,60641,"CHICAGO OHARE INTERNATIONAL AIRPORT, IL US",70.0,38.0,31.0,0.0,10.0,11.0
crash_01455,2025-05-09 14:35:00,2025,5,May,Fri,14,Daytime,30,NO CONTROLS,CLEAR,DAYLIGHT,REAR TO FRONT,NOT DIVIDED,DRY,NO INJURY / DRIVE AWAY,,true,"OVER $1,500",UNABLE TO DETERMINE,2,NO INDICATION OF INJURY,0,0,41.9140368799,-87.755682758,60639,"CHICAGO MIDWAY AIRPORT, IL US",64.0,21.0,19.0,0.0,10.0,9.0
crash_01456,2021-08-30 08:05:00,2021,8,Aug,Mon,8,Morning commute,30,TRAFFIC SIGNAL,CLEAR,DAYLIGHT,REAR END,NOT DIVIDED,DRY,INJURY AND / OR TOW DUE TO CRASH,,,"$501 - $1,500",FOLLOWING TOO CLOSELY,2,NONINCAPACITATING INJURY,1,0,41.7727412004,-87.6349779183,60621,"CHICAGO MIDWAY AIRPORT, IL US",73.0,62.0,69.0,0.0,10.0,6.0
crash_01457,2024-03-09 01:10:00,2024,3,Mar,Sat,1,Night or early morning,30,NO CONTROLS,CLEAR,"DARKNESS, LIGHTED ROAD",PARKED MOTOR VEHICLE,NOT DIVIDED,WET,INJURY AND / OR TOW DUE TO CRASH,,,"OVER $1,500",ANIMAL,3,NO INDICATION OF INJURY,0,0,41.7849957156,-87.6426335396,60621,"CHICAGO MIDWAY AIRPORT, IL US",41.0,36.0,82.0,0.0,10.0,13.0
crash_01458,2021-03-26 22:07:00,2021,3,Mar,Fri,22,Night or early morning,30,STOP SIGN/FLASHER,CLEAR,"DARKNESS, LIGHTED ROAD",ANGLE,T-INTERSECTION,DRY,INJURY AND / OR TOW DUE TO CRASH,true,,"OVER $1,500",UNDER THE INFLUENCE OF ALCOHOL/DRUGS (USE WHEN ARREST IS EFFECTED),2,NO INDICATION OF INJURY,0,0,41.7869047279,-87.6610723675,60636,"CHICAGO MIDWAY AIRPORT, IL US",41.0,34.0,76.0,0.0,10.0,7.0
crash_01459,2023-06-06 07:00:00,2023,6,Jun,Tue,7,Morning commute,30,NO CONTROLS,CLEAR,DAYLIGHT,REAR END,ONE-WAY,DRY,NO INJURY / DRIVE AWAY,,,"OVER $1,500",UNABLE TO DETERMINE,2,NO INDICATION OF INJURY,0,0,41.7666153965,-87.5857888391,60649,"CHICAGO MIDWAY AIRPORT, IL US",69.0,48.0,47.0,0.0,8.0,5.0
crash_01460,2025-07-12 08:30:00,2025,7,Jul,Sat,8,Morning commute,30,NO CONTROLS,CLEAR,DAYLIGHT,PARKED MOTOR VEHICLE,ONE-WAY,UNKNOWN,INJURY AND / OR TOW DUE TO CRASH,,true,"OVER $1,500",UNABLE TO DETERMINE,3,NO INDICATION OF INJURY,0,0,41.7712744413,-87.6281780273,60621,"CHICAGO MIDWAY AIRPORT, IL US",76.0,66.0,72.0,0.0,10.0,11.0
crash_01461,2025-05-16 12:15:00,2025,5,May,Fri,12,Daytime,30,TRAFFIC SIGNAL,CLEAR,DAYLIGHT,SIDESWIPE SAME DIRECTION,NOT DIVIDED,DRY,NO INJURY / DRIVE AWAY,,,"OVER $1,500",UNABLE TO DETERMINE,2,NO INDICATION OF INJURY,0,0,41.9401650184,-87.6386971038,60657,"CHICAGO MIDWAY AIRPORT, IL US",85.0,45.0,25.0,0.0,10.0,23.0
crash_01462,2025-03-16 19:54:00,2025,3,Mar,Sun,19,Night or early morning,30,STOP SIGN/FLASHER,SLEET/HAIL,"DARKNESS, LIGHTED ROAD",TURNING,NOT REPORTED,WET,NO INJURY / DRIVE AWAY,true,true,"OVER $1,500",IMPROPER BACKING,2,NO INDICATION OF INJURY,0,0,41.7536883392,-87.5637834991,60649,"CHICAGO MIDWAY AIRPORT, IL US",33.0,22.0,64.0,0.0,10.0,6.0
crash_01463,2020-02-18 17:45:00,2020,2,Feb,Tue,17,Evening commute,30,TRAFFIC SIGNAL,CLEAR,DARKNESS,REAR END,NOT DIVIDED,DRY,NO INJURY / DRIVE AWAY,,true,"OVER $1,500",FOLLOWING TOO CLOSELY,2,NO INDICATION OF INJURY,0,0,41.786411608,-87.6837870974,60636,"CHICAGO MIDWAY AIRPORT, IL US",34.0,20.0,56.0,0.0,10.0,8.0
crash_01464,2025-03-30 01:00:00,2025,3,Mar,Sun,1,Night or early morning,30,OTHER,RAIN,"DARKNESS, LIGHTED ROAD",OTHER OBJECT,DIVIDED - W/MEDIAN (NOT RAISED),WET,INJURY AND / OR TOW DUE TO CRASH,,,"OVER $1,500",IMPROPER OVERTAKING/PASSING,1,INCAPACITATING INJURY,1,0,41.7537889727,-87.6439774877,60620,"CHICAGO MIDWAY AIRPORT, IL US",49.0,47.0,93.0,0.01,4.0,5.0
crash_01465,2018-06-13 11:00:00,2018,6,Jun,Wed,11,Daytime,30,NO CONTROLS,CLEAR,DAYLIGHT,SIDESWIPE SAME DIRECTION,NOT DIVIDED,DRY,NO INJURY / DRIVE AWAY,,,"$501 - $1,500",UNABLE TO DETERMINE,2,NO INDICATION OF INJURY,0,0,41.880598955,-87.6299073905,60603,"CHICAGO MIDWAY AIRPORT, IL US",79.0,57.0,47.0,0.0,10.0,11.0
crash_01466,2018-08-04 18:56:00,2018,8,Aug,Sat,18,Evening commute,30,NO CONTROLS,CLEAR,DAYLIGHT,SIDESWIPE SAME DIRECTION,NOT DIVIDED,DRY,NO INJURY / DRIVE AWAY,,true,$500 OR LESS,UNABLE TO DETERMINE,2,NO INDICATION OF INJURY,0,0,41.8793837298,-87.6862382128,60612,"CHICAGO MIDWAY AIRPORT, IL US",91.0,65.0,42.0,0.0,10.0,16.0
crash_01467,2020-04-03 12:45:00,2020,4,Apr,Fri,12,Daytime,30,STOP SIGN/FLASHER,CLEAR,DAYLIGHT,REAR END,NOT DIVIDED,DRY,NO INJURY / DRIVE AWAY,true,true,$500 OR LESS,UNABLE TO DETERMINE,2,NO INDICATION OF INJURY,0,0,41.8537713113,-87.6907438814,60608,"CHICAGO MIDWAY AIRPORT, IL US",68.0,42.0,39.0,0.0,10.0,9.0
crash_01468,2020-08-12 13:20:00,2020,8,Aug,Wed,13,Daytime,30,NO CONTROLS,CLEAR,DAYLIGHT,REAR END,DIVIDED - W/MEDIAN (NOT RAISED),DRY,NO INJURY / DRIVE AWAY,,,"OVER $1,500",UNABLE TO DETERMINE,2,NO INDICATION OF INJURY,0,0,41.8087395089,-87.6467773637,60609,"CHICAGO MIDWAY AIRPORT, IL US",81.0,55.0,41.0,0.0,10.0,8.0
crash_01469,2021-06-19 02:09:00,2021,6,Jun,Sat,2,Night or early morning,25,NO CONTROLS,CLEAR,"DARKNESS, LIGHTED ROAD",FIXED OBJECT,NOT DIVIDED,DRY,INJURY AND / OR TOW DUE TO CRASH,,true,"OVER $1,500",UNABLE TO DETERMINE,1,NO INDICATION OF INJURY,0,0,41.7062868392,-87.5563696118,60617,"CHICAGO MIDWAY AIRPORT, IL US",76.0,59.0,56.0,0.0,10.0,3.0
crash_01470,2023-04-30 11:45:00,2023,4,Apr,Sun,11,Daytime,35,TRAFFIC SIGNAL,RAIN,DAYLIGHT,TURNING,NOT DIVIDED,WET,NO INJURY / DRIVE AWAY,true,,"$501 - $1,500",UNABLE TO DETERMINE,2,NO INDICATION OF INJURY,0,0,41.7933705543,-87.6841753768,60629,"CHICAGO MIDWAY AIRPORT, IL US",46.0,39.0,77.0,0.0,10.0,15.0
crash_01471,2018-08-12 17:00:00,2018,8,Aug,Sun,17,Evening commute,30,NO CONTROLS,CLEAR,DAYLIGHT,PARKED MOTOR VEHICLE,NOT DIVIDED,DRY,NO INJURY / DRIVE AWAY,,true,"$501 - $1,500",IMPROPER BACKING,2,NO INDICATION OF INJURY,0,0,41.9344308601,-87.8159960475,60707,"CHICAGO OHARE INTERNATIONAL AIRPORT, IL US",85.0,58.0,40.0,0.0,10.0,13.0
crash_01472,2021-05-28 02:30:00,2021,5,May,Fri,2,Night or early morning,20,UNKNOWN,CLEAR,"DARKNESS, LIGHTED ROAD",PARKED MOTOR VEHICLE,ONE-WAY,DRY,INJURY AND / OR TOW DUE TO CRASH,,true,"OVER $1,500",UNABLE TO DETERMINE,2,NO INDICATION OF INJURY,0,0,41.7757753322,-87.6980339333,60629,"CHICAGO MIDWAY AIRPORT, IL US",49.0,42.0,77.0,0.0,10.0,20.0
crash_01473,2021-11-12 22:00:00,2021,11,Nov,Fri,22,Night or early morning,30,NO CONTROLS,UNKNOWN,DARKNESS,PARKED MOTOR VEHICLE,PARKING LOT,UNKNOWN,NO INJURY / DRIVE AWAY,,true,"OVER $1,500",UNABLE TO DETERMINE,2,NO INDICATION OF INJURY,0,0,41.9387679851,-87.7431867625,60641,"CHICAGO OHARE INTERNATIONAL AIRPORT, IL US",36.0,32.0,86.0,0.0,10.0,14.0
crash_01474,2020-03-01 21:55:00,2020,3,Mar,Sun,21,Night or early morning,30,STOP SIGN/FLASHER,CLEAR,DARKNESS,REAR END,NOT DIVIDED,WET,NO INJURY / DRIVE AWAY,,true,"$501 - $1,500",UNABLE TO DETERMINE,2,NO INDICATION OF INJURY,0,0,41.8369374927,-87.7291542156,60623,"CHICAGO MIDWAY AIRPORT, IL US",53.0,44.0,72.0,0.0,10.0,9.0
crash_01475,2022-08-09 10:03:00,2022,8,Aug,Tue,10,Daytime,30,TRAFFIC SIGNAL,CLEAR,DAYLIGHT,OTHER NONCOLLISION,DIVIDED - W/MEDIAN BARRIER,OTHER,INJURY AND / OR TOW DUE TO CRASH,true,,"OVER $1,500",ROAD CONSTRUCTION/MAINTENANCE,1,NO INDICATION OF INJURY,0,0,41.7332420371,-87.5849869497,60617,"CHICAGO MIDWAY AIRPORT, IL US",74.0,58.0,57.0,,10.0,15.0
crash_01476,2019-10-22 07:35:00,2019,10,Oct,Tue,7,Morning commute,25,NO CONTROLS,CLEAR,DAYLIGHT,REAR END,ONE-WAY,DRY,NO INJURY / DRIVE AWAY,,,"OVER $1,500",DISTRACTION - FROM OUTSIDE VEHICLE,2,NO INDICATION OF INJURY,0,0,41.9174558058,-87.7288652558,60639,"CHICAGO MIDWAY AIRPORT, IL US",48.0,39.0,71.0,,10.0,21.0
crash_01477,2024-07-25 14:30:00,2024,7,Jul,Thu,14,Daytime,30,STOP SIGN/FLASHER,CLEAR,DAYLIGHT,PEDESTRIAN,NOT DIVIDED,UNKNOWN,NO INJURY / DRIVE AWAY,true,,$500 OR LESS,UNABLE TO DETERMINE,2,NO INDICATION OF INJURY,0,0,41.9491449537,-87.6545341825,60613,"CHICAGO MIDWAY AIRPORT, IL US",78.0,55.0,45.0,0.0,10.0,11.0
crash_01478,2024-07-31 10:38:00,2024,7,Jul,Wed,10,Daytime,30,NO CONTROLS,CLEAR,DAYLIGHT,PARKED MOTOR VEHICLE,DIVIDED - W/MEDIAN (NOT RAISED),DRY,NO INJURY / DRIVE AWAY,,true,"OVER $1,500",UNABLE TO DETERMINE,2,NO INDICATION OF INJURY,0,0,41.8486217267,-87.6955019727,60623,"CHICAGO MIDWAY AIRPORT, IL US",79.0,68.0,69.0,0.0,10.0,9.0
crash_01479,2022-01-20 17:25:00,2022,1,Jan,Thu,17,Evening commute,25,STOP SIGN/FLASHER,CLEAR,"DARKNESS, LIGHTED ROAD",ANGLE,FOUR WAY,SNOW OR SLUSH,NO INJURY / DRIVE AWAY,true,false,"$501 - $1,500",FAILING TO YIELD RIGHT-OF-WAY,2,NO INDICATION OF INJURY,0,0,41.7547288694,-87.6231558001,60619,"CHICAGO MIDWAY AIRPORT, IL US",17.0,1.0,49.0,0.0,10.0,8.0
crash_01480,2020-12-10 16:50:00,2020,12,Dec,Thu,16,Evening commute,30,NO CONTROLS,CLEAR,DUSK,TURNING,NOT DIVIDED,DRY,INJURY AND / OR TOW DUE TO CRASH,true,,"OVER $1,500",IMPROPER OVERTAKING/PASSING,2,NO INDICATION OF INJURY,0,0,41.6898381997,-87.7006133407,60655,"CHICAGO MIDWAY AIRPORT, IL US",55.0,35.0,47.0,0.0,10.0,5.0
crash_01481,2022-12-17 02:30:00,2022,12,Dec,Sat,2,Night or early morning,35,UNKNOWN,CLEAR,"DARKNESS, LIGHTED ROAD",PARKED MOTOR VEHICLE,NOT DIVIDED,DRY,NO INJURY / DRIVE AWAY,,false,"OVER $1,500",UNABLE TO DETERMINE,2,NO INDICATION OF INJURY,0,0,41.7832745599,-87.6603305369,60636,"CHICAGO MIDWAY AIRPORT, IL US",25.0,20.0,81.0,0.0,3.0,15.0
crash_01482,2022-01-09 01:51:00,2022,1,Jan,Sun,1,Night or early morning,30,STOP SIGN/FLASHER,FREEZING RAIN/DRIZZLE,"DARKNESS, LIGHTED ROAD",ANGLE,NOT DIVIDED,ICE,INJURY AND / OR TOW DUE TO CRASH,true,,"OVER $1,500",WEATHER,2,NO INDICATION OF INJURY,0,0,41.7570956026,-87.5652716281,60649,"CHICAGO MIDWAY AIRPORT, IL US",36.0,32.0,86.0,0.0,10.0,8.0
crash_01483,2018-05-08 12:48:00,2018,5,May,Tue,12,Daytime,35,NO CONTROLS,CLEAR,DAYLIGHT,REAR END,NOT DIVIDED,DRY,NO INJURY / DRIVE AWAY,,true,$500 OR LESS,FOLLOWING TOO CLOSELY,2,NO INDICATION OF INJURY,0,0,41.9900046186,-87.7284779218,60659,"CHICAGO OHARE INTERNATIONAL AIRPORT, IL US",78.0,41.0,27.0,0.0,10.0,5.0
crash_01484,2023-05-20 11:45:00,2023,5,May,Sat,11,Daytime,30,NO CONTROLS,CLEAR,DAYLIGHT,REAR END,DIVIDED - W/MEDIAN (NOT RAISED),DRY,NO INJURY / DRIVE AWAY,,,"$501 - $1,500",UNABLE TO DETERMINE,2,NO INDICATION OF INJURY,0,0,41.9227730419,-87.7854856218,60707,"CHICAGO OHARE INTERNATIONAL AIRPORT, IL US",64.0,44.0,48.0,0.0,10.0,11.0
crash_01485,2018-05-19 14:17:00,2018,5,May,Sat,14,Daytime,30,NO CONTROLS,CLEAR,DAYLIGHT,TURNING,NOT DIVIDED,DRY,INJURY AND / OR TOW DUE TO CRASH,true,,"OVER $1,500",FAILING TO YIELD RIGHT-OF-WAY,2,NO INDICATION OF INJURY,0,0,41.7766940972,-87.7423775471,60638,"CHICAGO MIDWAY AIRPORT, IL US",68.0,61.0,78.0,0.0,9.0,6.0
crash_01486,2024-05-12 03:20:00,2024,5,May,Sun,3,Night or early morning,30,NO CONTROLS,CLEAR,"DARKNESS, LIGHTED ROAD",PARKED MOTOR VEHICLE,NOT DIVIDED,DRY,INJURY AND / OR TOW DUE TO CRASH,,true,"OVER $1,500",NOT APPLICABLE,3,NO INDICATION OF INJURY,0,0,41.9654270083,-87.7588078049,60630,"CHICAGO OHARE INTERNATIONAL AIRPORT, IL US",50.0,45.0,83.0,0.0,10.0,3.0
crash_01487,2023-04-14 07:15:00,2023,4,Apr,Fri,7,Morning commute,30,TRAFFIC SIGNAL,CLEAR,DAYLIGHT,SIDESWIPE SAME DIRECTION,NOT DIVIDED,DRY,NO INJURY / DRIVE AWAY,,,"OVER $1,500",FOLLOWING TOO CLOSELY,2,NO INDICATION OF INJURY,0,0,41.8860750321,-87.7453336888,60644,"CHICAGO MIDWAY AIRPORT, IL US",59.0,38.0,46.0,0.0,10.0,6.0
crash_01488,2021-01-11 13:00:00,2021,1,Jan,Mon,13,Daytime,15,NO CONTROLS,CLEAR,DAYLIGHT,PARKED MOTOR VEHICLE,PARKING LOT,DRY,NO INJURY / DRIVE AWAY,,,"$501 - $1,500",IMPROPER BACKING,2,NO INDICATION OF INJURY,0,0,41.7207355778,-87.6819112275,60643,"CHICAGO MIDWAY AIRPORT, IL US",28.0,20.0,72.0,,7.0,16.0
crash_01489,2023-12-27 15:35:00,2023,12,Dec,Wed,15,Evening commute,45,NO CONTROLS,CLOUDY/OVERCAST,DAYLIGHT,FIXED OBJECT,DIVIDED - W/MEDIAN BARRIER,DRY,NO INJURY / DRIVE AWAY,,,"OVER $1,500",NOT APPLICABLE,1,NO INDICATION OF INJURY,0,0,41.8105924989,-87.5893711119,60615,"CHICAGO MIDWAY AIRPORT, IL US",42.0,32.0,68.0,0.0,10.0,16.0
crash_01490,2019-11-22 09:56:00,2019,11,Nov,Fri,9,Morning commute,30,TRAFFIC SIGNAL,CLEAR,DAYLIGHT,SIDESWIPE SAME DIRECTION,DIVIDED - W/MEDIAN (NOT RAISED),UNKNOWN,NO INJURY / DRIVE AWAY,true,true,$500 OR LESS,UNABLE TO DETERMINE,2,NO INDICATION OF INJURY,0,0,41.8962725766,-87.6544413238,60642,"CHICAGO MIDWAY AIRPORT, IL US",34.0,22.0,61.0,0.0,10.0,5.0
crash_01491,2020-05-17 21:00:00,2020,5,May,Sun,21,Night or early morning,30,TRAFFIC SIGNAL,RAIN,"DARKNESS, LIGHTED ROAD",ANGLE,NOT DIVIDED,WET,INJURY AND / OR TOW DUE TO CRASH,true,true,"$501 - $1,500",UNABLE TO DETERMINE,2,NO INDICATION OF INJURY,0,0,41.7494360193,-87.6150708596,60619,"CHICAGO MIDWAY AIRPORT, IL US",64.0,64.0,100.0,,10.0,6.0
crash_01492,2022-09-20 15:10:00,2022,9,Sep,Tue,15,Evening commute,15,NO CONTROLS,CLEAR,DAYLIGHT,REAR END,PARKING LOT,DRY,NO INJURY / DRIVE AWAY,,,"$501 - $1,500",IMPROPER BACKING,2,NO INDICATION OF INJURY,0,0,41.9952114602,-87.6602779929,60660,"CHICAGO OHARE INTERNATIONAL AIRPORT, IL US",81.0,67.0,62.0,0.0,10.0,8.0
crash_01493,2025-08-11 21:22:00,2025,8,Aug,Mon,21,Night or early morning,30,NO CONTROLS,RAIN,"DARKNESS, LIGHTED ROAD",FIXED OBJECT,DIVIDED - W/MEDIAN BARRIER,WET,INJURY AND / OR TOW DUE TO CRASH,true,,"OVER $1,500",WEATHER,1,INCAPACITATING INJURY,1,0,41.9906539723,-87.6870882716,60659,"CHICAGO OHARE INTERNATIONAL AIRPORT, IL US",77.0,71.0,82.0,0.0,4.0,6.0