crash_id,crash_datetime,crash_year,crash_month,crash_month_name,crash_weekday_name,crash_hour,time_period,posted_speed_limit_mph,traffic_control_device,reported_weather_condition,reported_lighting_condition,first_crash_type,trafficway_type,reported_road_surface_condition,crash_type,intersection_related,hit_and_run,estimated_damage,primary_contributory_cause,unit_count,most_severe_injury,injuries_total,injuries_fatal,latitude,longitude,zip5,weather_station_name,temperature_f,dew_point_f,relative_humidity_percent,precipitation_inches,visibility_miles,wind_speed_mph
crash_01494,2018-07-14 05:50:00,2018,7,Jul,Sat,5,Night or early morning,30,NO CONTROLS,RAIN,DAYLIGHT,REAR END,NOT DIVIDED,WET,INJURY AND / OR TOW DUE TO CRASH,true,,"OVER $1,500",FOLLOWING TOO CLOSELY,2,NONINCAPACITATING INJURY,2,0,41.9666764426,-87.7131640715,60625,"CHICAGO OHARE INTERNATIONAL AIRPORT, IL US",74.0,68.0,82.0,0.0,10.0,5.0
crash_01495,2020-06-08 05:10:00,2020,6,Jun,Mon,5,Night or early morning,30,TRAFFIC SIGNAL,CLEAR,DAYLIGHT,TURNING,NOT DIVIDED,DRY,NO INJURY / DRIVE AWAY,,true,"$501 - $1,500",NOT APPLICABLE,2,NO INDICATION OF INJURY,0,0,41.7729919291,-87.6202143631,60637,"CHICAGO MIDWAY AIRPORT, IL US",67.0,52.0,59.0,0.0,10.0,8.0
crash_01496,2018-07-05 14:40:00,2018,7,Jul,Thu,14,Daytime,30,NO CONTROLS,RAIN,DAYLIGHT,REAR END,NOT DIVIDED,WET,NO INJURY / DRIVE AWAY,,,"OVER $1,500",FOLLOWING TOO CLOSELY,2,NO INDICATION OF INJURY,0,0,41.8308510391,-87.6467987381,60608,"CHICAGO MIDWAY AIRPORT, IL US",73.0,71.0,94.0,0.51,9.0,17.0
crash_01497,2020-08-13 18:30:00,2020,8,Aug,Thu,18,Evening commute,35,NO CONTROLS,CLEAR,DAYLIGHT,PEDALCYCLIST,FOUR WAY,DRY,INJURY AND / OR TOW DUE TO CRASH,true,,"OVER $1,500",UNABLE TO DETERMINE,2,NONINCAPACITATING INJURY,1,0,41.9109703869,-87.640953134,60610,"CHICAGO MIDWAY AIRPORT, IL US",80.0,58.0,47.0,0.0,10.0,10.0
crash_01498,2018-04-18 01:50:00,2018,4,Apr,Wed,1,Night or early morning,30,NO CONTROLS,CLEAR,"DARKNESS, LIGHTED ROAD",PARKED MOTOR VEHICLE,ONE-WAY,DRY,NO INJURY / DRIVE AWAY,,true,"OVER $1,500",UNABLE TO DETERMINE,3,NO INDICATION OF INJURY,0,0,41.8397322152,-87.7291440858,60623,"CHICAGO MIDWAY AIRPORT, IL US",34.0,25.0,70.0,0.0,10.0,6.0
crash_01499,2021-03-22 15:00:00,2021,3,Mar,Mon,15,Evening commute,20,NO CONTROLS,CLEAR,DAYLIGHT,PARKED MOTOR VEHICLE,ONE-WAY,DRY,NO INJURY / DRIVE AWAY,,true,"$501 - $1,500",UNABLE TO DETERMINE,2,NO INDICATION OF INJURY,0,0,41.965357953,-87.6710776575,60640,"CHICAGO MIDWAY AIRPORT, IL US",68.0,32.0,26.0,0.0,10.0,14.0
crash_01500,2019-02-19 18:30:00,2019,2,Feb,Tue,18,Evening commute,30,NO CONTROLS,CLEAR,"DARKNESS, LIGHTED ROAD",SIDESWIPE OPPOSITE DIRECTION,NOT DIVIDED,DRY,NO INJURY / DRIVE AWAY,,,$500 OR LESS,IMPROPER LANE USAGE,2,NO INDICATION OF INJURY,0,0,41.8134565479,-87.7250790267,60632,"CHICAGO MIDWAY AIRPORT, IL US",30.0,22.0,72.0,0.0,10.0,10.0
crash_01501,2018-01-14 12:15:00,2018,1,Jan,Sun,12,Daytime,30,TRAFFIC SIGNAL,CLEAR,DAYLIGHT,REAR END,NOT DIVIDED,DRY,NO INJURY / DRIVE AWAY,,,"$501 - $1,500",FOLLOWING TOO CLOSELY,2,NO INDICATION OF INJURY,0,0,41.9448722097,-87.8363758463,60634,"CHICAGO OHARE INTERNATIONAL AIRPORT, IL US",17.0,-1.0,45.0,0.0,10.0,8.0
crash_01502,2025-07-09 11:10:00,2025,7,Jul,Wed,11,Daytime,30,TRAFFIC SIGNAL,CLEAR,DAYLIGHT,TURNING,FOUR WAY,DRY,INJURY AND / OR TOW DUE TO CRASH,true,,"OVER $1,500",FAILING TO YIELD RIGHT-OF-WAY,2,"REPORTED, NOT EVIDENT",3,0,41.7146496793,-87.6205480055,60628,"CHICAGO MIDWAY AIRPORT, IL US",80.0,68.0,67.0,0.0,9.0,3.0
crash_01503,2024-03-30 15:15:00,2024,3,Mar,Sat,15,Evening commute,30,TRAFFIC SIGNAL,CLEAR,DAYLIGHT,REAR END,NOT DIVIDED,DRY,INJURY AND / OR TOW DUE TO CRASH,,,"OVER $1,500",FAILING TO REDUCE SPEED TO AVOID CRASH,2,"REPORTED, NOT EVIDENT",1,0,41.9097057483,-87.731551998,60651,"CHICAGO MIDWAY AIRPORT, IL US",59.0,47.0,64.0,,10.0,10.0
crash_01504,2021-06-02 22:45:00,2021,6,Jun,Wed,22,Night or early morning,30,NO CONTROLS,CLEAR,"DARKNESS, LIGHTED ROAD",REAR TO FRONT,DIVIDED - W/MEDIAN (NOT RAISED),DRY,NO INJURY / DRIVE AWAY,,,$500 OR LESS,UNABLE TO DETERMINE,2,NO INDICATION OF INJURY,0,0,41.9053320861,-87.6331182361,60610,"CHICAGO MIDWAY AIRPORT, IL US",62.0,47.0,58.0,0.0,10.0,3.0
crash_01505,2021-08-24 20:15:00,2021,8,Aug,Tue,20,Night or early morning,30,TRAFFIC SIGNAL,RAIN,"DARKNESS, LIGHTED ROAD",PEDESTRIAN,FOUR WAY,WET,INJURY AND / OR TOW DUE TO CRASH,true,,$500 OR LESS,FAILING TO YIELD RIGHT-OF-WAY,2,NONINCAPACITATING INJURY,1,0,41.9254359752,-87.6489509885,60614,"CHICAGO MIDWAY AIRPORT, IL US",76.0,69.0,79.0,0.34,2.0,7.0
crash_01506,2020-02-24 18:55:00,2020,2,Feb,Mon,18,Evening commute,35,NO CONTROLS,RAIN,DARKNESS,FIXED OBJECT,ALLEY,WET,INJURY AND / OR TOW DUE TO CRASH,,true,"$501 - $1,500",NOT APPLICABLE,1,NO INDICATION OF INJURY,0,0,41.7265781178,-87.6144103942,60619,"CHICAGO MIDWAY AIRPORT, IL US",39.0,32.0,76.0,0.0,10.0,15.0
crash_01507,2018-06-29 21:30:00,2018,6,Jun,Fri,21,Night or early morning,30,UNKNOWN,CLEAR,"DARKNESS, LIGHTED ROAD",PEDESTRIAN,NOT DIVIDED,DRY,INJURY AND / OR TOW DUE TO CRASH,,,$500 OR LESS,UNABLE TO DETERMINE,2,NONINCAPACITATING INJURY,1,0,41.9237988446,-87.6392221855,60614,"CHICAGO MIDWAY AIRPORT, IL US",87.0,78.0,75.0,0.0,10.0,14.0
crash_01508,2022-07-09 21:43:00,2022,7,Jul,Sat,21,Night or early morning,30,TRAFFIC SIGNAL,CLEAR,"DARKNESS, LIGHTED ROAD",ANGLE,FOUR WAY,UNKNOWN,INJURY AND / OR TOW DUE TO CRASH,true,true,"OVER $1,500",DISREGARDING TRAFFIC SIGNALS,2,NONINCAPACITATING INJURY,2,0,41.7683929797,-87.6737700561,60636,"CHICAGO MIDWAY AIRPORT, IL US",70.0,55.0,59.0,0.0,10.0,7.0
crash_01509,2019-06-02 15:25:00,2019,6,Jun,Sun,15,Evening commute,30,NO CONTROLS,CLEAR,DAYLIGHT,PARKED MOTOR VEHICLE,NOT DIVIDED,DRY,INJURY AND / OR TOW DUE TO CRASH,,,"OVER $1,500",UNABLE TO DETERMINE,2,NONINCAPACITATING INJURY,1,0,41.6989375077,-87.704028784,60655,"CHICAGO MIDWAY AIRPORT, IL US",66.0,42.0,42.0,0.0,10.0,17.0
crash_01510,2024-07-29 20:47:00,2024,7,Jul,Mon,20,Night or early morning,10,OTHER,CLEAR,DUSK,PEDESTRIAN,PARKING LOT,DRY,INJURY AND / OR TOW DUE TO CRASH,,,$500 OR LESS,UNABLE TO DETERMINE,2,FATAL,1,1,41.7316445313,-87.6579318552,60620,"CHICAGO MIDWAY AIRPORT, IL US",79.0,69.0,72.0,0.0,10.0,10.0
crash_01511,2022-01-06 09:37:00,2022,1,Jan,Thu,9,Morning commute,30,TRAFFIC SIGNAL,CLEAR,DAYLIGHT,REAR END,NOT DIVIDED,DRY,NO INJURY / DRIVE AWAY,true,,"$501 - $1,500",FOLLOWING TOO CLOSELY,3,NO INDICATION OF INJURY,0,0,41.919633169,-87.6698544188,60614,"CHICAGO MIDWAY AIRPORT, IL US",12.0,2.0,64.0,0.0,10.0,13.0
crash_01512,2024-07-05 17:35:00,2024,7,Jul,Fri,17,Evening commute,15,NO CONTROLS,CLEAR,DAYLIGHT,REAR END,RAMP,DRY,NO INJURY / DRIVE AWAY,,true,"$501 - $1,500",IMPROPER LANE USAGE,2,NO INDICATION OF INJURY,0,0,41.7893386418,-87.7413525626,60629,"CHICAGO MIDWAY AIRPORT, IL US",79.0,59.0,50.0,0.0,10.0,9.0
crash_01513,2025-09-21 01:00:00,2025,9,Sep,Sun,1,Night or early morning,20,NO CONTROLS,UNKNOWN,UNKNOWN,PARKED MOTOR VEHICLE,NOT DIVIDED,DRY,NO INJURY / DRIVE AWAY,,true,"$501 - $1,500",UNABLE TO DETERMINE,2,NO INDICATION OF INJURY,0,0,41.8786126179,-87.6784526888,60612,,,,,,,
crash_01514,2019-08-19 15:30:00,2019,8,Aug,Mon,15,Evening commute,30,NO CONTROLS,CLEAR,DAYLIGHT,PARKED MOTOR VEHICLE,DIVIDED - W/MEDIAN (NOT RAISED),DRY,NO INJURY / DRIVE AWAY,,true,"$501 - $1,500",UNABLE TO DETERMINE,2,NO INDICATION OF INJURY,0,0,41.878917365,-87.7254617841,60624,"CHICAGO MIDWAY AIRPORT, IL US",83.0,70.0,65.0,0.0,10.0,8.0
crash_01515,2025-05-27 15:30:00,2025,5,May,Tue,15,Evening commute,30,TRAFFIC SIGNAL,CLEAR,DAYLIGHT,ANGLE,FOUR WAY,DRY,NO INJURY / DRIVE AWAY,true,,$500 OR LESS,FAILING TO YIELD RIGHT-OF-WAY,2,NO INDICATION OF INJURY,0,0,41.7561747551,-87.6325327066,60620,"CHICAGO MIDWAY AIRPORT, IL US",66.0,46.0,49.0,0.0,10.0,9.0
crash_01516,2024-05-06 10:48:00,2024,5,May,Mon,10,Daytime,30,NO CONTROLS,CLEAR,DAYLIGHT,ANGLE,NOT DIVIDED,DRY,NO INJURY / DRIVE AWAY,,true,"$501 - $1,500",IMPROPER TURNING/NO SIGNAL,2,NO INDICATION OF INJURY,0,0,41.7370289623,-87.5852307642,60617,"CHICAGO MIDWAY AIRPORT, IL US",64.0,51.0,63.0,0.0,10.0,8.0
crash_01517,2019-09-06 19:25:00,2019,9,Sep,Fri,19,Night or early morning,30,NO CONTROLS,CLEAR,DAYLIGHT,REAR END,NOT DIVIDED,DRY,NO INJURY / DRIVE AWAY,,,"$501 - $1,500",NOT APPLICABLE,2,NO INDICATION OF INJURY,0,0,41.7713258652,-87.7227213773,60629,"CHICAGO MIDWAY AIRPORT, IL US",68.0,56.0,65.0,0.0,10.0,9.0
crash_01518,2023-09-06 17:20:00,2023,9,Sep,Wed,17,Evening commute,30,STOP SIGN/FLASHER,CLEAR,DAYLIGHT,SIDESWIPE SAME DIRECTION,ONE-WAY,DRY,NO INJURY / DRIVE AWAY,,,"OVER $1,500",NOT APPLICABLE,2,NO INDICATION OF INJURY,0,0,41.7866142526,-87.6864289454,60629,"CHICAGO MIDWAY AIRPORT, IL US",72.0,64.0,76.0,,10.0,21.0
crash_01519,2022-06-15 18:05:00,2022,6,Jun,Wed,18,Evening commute,30,NO CONTROLS,RAIN,DAYLIGHT,REAR END,NOT DIVIDED,DRY,NO INJURY / DRIVE AWAY,,,"OVER $1,500",FOLLOWING TOO CLOSELY,2,NO INDICATION OF INJURY,0,0,41.8930371956,-87.6370042232,60654,"CHICAGO MIDWAY AIRPORT, IL US",99.0,61.0,29.0,0.0,10.0,20.0
crash_01520,2021-03-25 11:30:00,2021,3,Mar,Thu,11,Daytime,30,NO CONTROLS,CLEAR,DAYLIGHT,TURNING,UNKNOWN INTERSECTION TYPE,DRY,NO INJURY / DRIVE AWAY,,,"$501 - $1,500",UNABLE TO DETERMINE,2,NO INDICATION OF INJURY,0,0,41.7996297443,-87.5909414363,60615,"CHICAGO MIDWAY AIRPORT, IL US",50.0,38.0,63.0,0.0,10.0,11.0
crash_01521,2025-09-10 12:15:00,2025,9,Sep,Wed,12,Daytime,30,NO CONTROLS,CLEAR,DAYLIGHT,TURNING,CENTER TURN LANE,DRY,INJURY AND / OR TOW DUE TO CRASH,,,"OVER $1,500",IMPROPER TURNING/NO SIGNAL,2,"REPORTED, NOT EVIDENT",1,0,41.7280384937,-87.5848672239,60617,,,,,,,
crash_01522,2024-02-15 07:55:00,2024,2,Feb,Thu,7,Morning commute,30,NO CONTROLS,CLEAR,DAYLIGHT,PARKED MOTOR VEHICLE,ONE-WAY,WET,INJURY AND / OR TOW DUE TO CRASH,,,"OVER $1,500",UNABLE TO DETERMINE,2,NO INDICATION OF INJURY,0,0,41.7587200134,-87.6246245437,60619,"CHICAGO MIDWAY AIRPORT, IL US",42.0,35.0,76.0,0.0,10.0,22.0
crash_01523,2021-05-28 16:00:00,2021,5,May,Fri,16,Evening commute,30,UNKNOWN,UNKNOWN,UNKNOWN,REAR END,UNKNOWN,UNKNOWN,NO INJURY / DRIVE AWAY,,,"OVER $1,500",UNABLE TO DETERMINE,2,NO INDICATION OF INJURY,0,0,41.9547860958,-87.7570478255,60641,"CHICAGO OHARE INTERNATIONAL AIRPORT, IL US",48.0,42.0,80.0,0.0,10.0,23.0
crash_01524,2019-08-17 16:30:00,2019,8,Aug,Sat,16,Evening commute,30,NO CONTROLS,CLEAR,DAYLIGHT,PARKED MOTOR VEHICLE,ONE-WAY,DRY,NO INJURY / DRIVE AWAY,,true,"OVER $1,500",UNABLE TO DETERMINE,2,NO INDICATION OF INJURY,0,0,41.9451766391,-87.7198766225,60618,"CHICAGO OHARE INTERNATIONAL AIRPORT, IL US",75.0,69.0,82.0,,10.0,8.0
crash_01525,2019-09-24 09:10:00,2019,9,Sep,Tue,9,Morning commute,30,STOP SIGN/FLASHER,CLEAR,DAYLIGHT,ANGLE,DIVIDED - W/MEDIAN (NOT RAISED),DRY,NO INJURY / DRIVE AWAY,true,,"$501 - $1,500",FAILING TO YIELD RIGHT-OF-WAY,2,NO INDICATION OF INJURY,0,0,41.8751743582,-87.6735667201,60612,"CHICAGO MIDWAY AIRPORT, IL US",66.0,56.0,70.0,0.0,10.0,8.0
crash_01526,2019-03-25 09:30:00,2019,3,Mar,Mon,9,Morning commute,30,NO CONTROLS,CLEAR,DAYLIGHT,TURNING,DIVIDED - W/MEDIAN (NOT RAISED),DRY,INJURY AND / OR TOW DUE TO CRASH,,,"OVER $1,500",IMPROPER TURNING/NO SIGNAL,2,NO INDICATION OF INJURY,0,0,41.7368297455,-87.5838610976,60617,"CHICAGO MIDWAY AIRPORT, IL US",38.0,24.0,57.0,0.0,10.0,21.0
crash_01527,2018-08-07 20:30:00,2018,8,Aug,Tue,20,Night or early morning,30,NO CONTROLS,CLEAR,"DARKNESS, LIGHTED ROAD",SIDESWIPE SAME DIRECTION,DIVIDED - W/MEDIAN BARRIER,DRY,NO INJURY / DRIVE AWAY,,,"OVER $1,500",IMPROPER LANE USAGE,2,NO INDICATION OF INJURY,0,0,41.881658739,-87.6245000986,60603,"CHICAGO MIDWAY AIRPORT, IL US",73.0,68.0,84.0,0.0,10.0,7.0
crash_01528,2021-12-05 12:05:00,2021,12,Dec,Sun,12,Daytime,30,NO CONTROLS,RAIN,DAYLIGHT,REAR END,NOT DIVIDED,WET,NO INJURY / DRIVE AWAY,,,"OVER $1,500",UNABLE TO DETERMINE,2,NO INDICATION OF INJURY,0,0,41.9535655929,-87.7257293053,60618,"CHICAGO OHARE INTERNATIONAL AIRPORT, IL US",35.0,29.0,78.0,0.01,2.0,8.0
crash_01529,2018-10-17 08:30:00,2018,10,Oct,Wed,8,Morning commute,10,OTHER,CLEAR,DAYLIGHT,ANGLE,ALLEY,DRY,NO INJURY / DRIVE AWAY,,,"$501 - $1,500",UNABLE TO DETERMINE,2,NO INDICATION OF INJURY,0,0,41.7875387487,-87.7353899839,60629,"CHICAGO MIDWAY AIRPORT, IL US",43.0,29.0,58.0,0.0,10.0,15.0
crash_01530,2023-08-14 14:10:00,2023,8,Aug,Mon,14,Daytime,30,TRAFFIC SIGNAL,RAIN,DAYLIGHT,SIDESWIPE SAME DIRECTION,DIVIDED - W/MEDIAN (NOT RAISED),WET,NO INJURY / DRIVE AWAY,,,"OVER $1,500",FAILING TO YIELD RIGHT-OF-WAY,2,NO INDICATION OF INJURY,0,0,41.8968690402,-87.6224941912,60611,"CHICAGO MIDWAY AIRPORT, IL US",71.0,68.0,90.0,0.15,2.0,9.0
crash_01531,2020-01-13 22:40:00,2020,1,Jan,Mon,22,Night or early morning,35,NO CONTROLS,CLEAR,"DARKNESS, LIGHTED ROAD",TURNING,NOT DIVIDED,DRY,INJURY AND / OR TOW DUE TO CRASH,,,"OVER $1,500",UNABLE TO DETERMINE,4,INCAPACITATING INJURY,2,0,41.9624697349,-87.7321502804,60630,"CHICAGO OHARE INTERNATIONAL AIRPORT, IL US",33.0,29.0,85.0,0.0,10.0,9.0
crash_01532,2025-07-01 15:47:00,2025,7,Jul,Tue,15,Evening commute,30,UNKNOWN,CLEAR,DAYLIGHT,TURNING,PARKING LOT,DRY,NO INJURY / DRIVE AWAY,,true,"$501 - $1,500",FOLLOWING TOO CLOSELY,2,NO INDICATION OF INJURY,0,0,41.7029309955,-87.5550600738,60617,"CHICAGO MIDWAY AIRPORT, IL US",88.0,56.0,34.0,0.0,10.0,7.0
crash_01533,2022-08-05 02:15:00,2022,8,Aug,Fri,2,Night or early morning,40,NO CONTROLS,CLEAR,"DARKNESS, LIGHTED ROAD",SIDESWIPE SAME DIRECTION,DIVIDED - W/MEDIAN BARRIER,DRY,INJURY AND / OR TOW DUE TO CRASH,,true,"OVER $1,500",FAILING TO REDUCE SPEED TO AVOID CRASH,2,NO INDICATION OF INJURY,0,0,41.9273351369,-87.6318879502,60614,"CHICAGO MIDWAY AIRPORT, IL US",75.0,66.0,74.0,0.0,10.0,3.0
crash_01534,2022-08-31 17:30:00,2022,8,Aug,Wed,17,Evening commute,30,TRAFFIC SIGNAL,CLEAR,DAYLIGHT,ANGLE,NOT DIVIDED,DRY,NO INJURY / DRIVE AWAY,,,"OVER $1,500",IMPROPER LANE USAGE,2,NO INDICATION OF INJURY,0,0,41.8877053794,-87.6205881439,60601,"CHICAGO MIDWAY AIRPORT, IL US",86.0,58.0,39.0,,10.0,6.0
crash_01535,2018-08-17 15:12:00,2018,8,Aug,Fri,15,Evening commute,30,TRAFFIC SIGNAL,CLEAR,DAYLIGHT,REAR END,DIVIDED - W/MEDIAN (NOT RAISED),DRY,NO INJURY / DRIVE AWAY,,,$500 OR LESS,FOLLOWING TOO CLOSELY,2,NO INDICATION OF INJURY,0,0,41.9237081929,-87.7953007812,60707,"CHICAGO OHARE INTERNATIONAL AIRPORT, IL US",81.0,68.0,65.0,0.0,10.0,5.0
crash_01536,2021-07-27 17:00:00,2021,7,Jul,Tue,17,Evening commute,20,NO CONTROLS,UNKNOWN,UNKNOWN,PARKED MOTOR VEHICLE,PARKING LOT,UNKNOWN,NO INJURY / DRIVE AWAY,,true,$500 OR LESS,UNABLE TO DETERMINE,2,NO INDICATION OF INJURY,0,0,41.8645211937,-87.6393040996,60607,"CHICAGO MIDWAY AIRPORT, IL US",87.0,63.0,45.0,0.0,10.0,14.0
crash_01537,2018-09-07 09:49:00,2018,9,Sep,Fri,9,Morning commute,15,NO CONTROLS,CLEAR,DAYLIGHT,PARKED MOTOR VEHICLE,PARKING LOT,WET,NO INJURY / DRIVE AWAY,,,"$501 - $1,500",FAILING TO YIELD RIGHT-OF-WAY,2,NO INDICATION OF INJURY,0,0,41.8716131348,-87.625785073,60605,"CHICAGO MIDWAY AIRPORT, IL US",70.0,64.0,83.0,,10.0,13.0
crash_01538,2023-01-27 12:58:00,2023,1,Jan,Fri,12,Daytime,30,OTHER,SNOW,DAYLIGHT,PARKED MOTOR VEHICLE,ONE-WAY,SNOW OR SLUSH,NO INJURY / DRIVE AWAY,,true,"$501 - $1,500",FOLLOWING TOO CLOSELY,2,NO INDICATION OF INJURY,0,0,41.7580847394,-87.5637825158,60649,"CHICAGO MIDWAY AIRPORT, IL US",31.0,26.0,82.0,0.0,10.0,18.0
crash_01539,2025-12-26 05:00:00,2025,12,Dec,Fri,5,Night or early morning,30,NO CONTROLS,CLEAR,DAYLIGHT,PARKED MOTOR VEHICLE,NOT DIVIDED,WET,NO INJURY / DRIVE AWAY,,true,"OVER $1,500",UNABLE TO DETERMINE,3,NO INDICATION OF INJURY,0,0,42.0167645862,-87.6734456785,60626,,,,,,,
crash_01540,2023-11-11 23:40:00,2023,11,Nov,Sat,23,Night or early morning,25,TRAFFIC SIGNAL,CLEAR,"DARKNESS, LIGHTED ROAD",SIDESWIPE SAME DIRECTION,ONE-WAY,DRY,NO INJURY / DRIVE AWAY,,,"OVER $1,500",IMPROPER LANE USAGE,2,NO INDICATION OF INJURY,0,0,41.8749101644,-87.6766383938,60612,"CHICAGO MIDWAY AIRPORT, IL US",45.0,29.0,54.0,0.0,10.0,8.0
crash_01541,2021-08-25 16:00:00,2021,8,Aug,Wed,16,Evening commute,30,NO CONTROLS,CLEAR,DAYLIGHT,SIDESWIPE SAME DIRECTION,ONE-WAY,DRY,NO INJURY / DRIVE AWAY,,,"OVER $1,500",IMPROPER BACKING,2,NO INDICATION OF INJURY,0,0,41.7437885553,-87.6228810806,60619,"CHICAGO MIDWAY AIRPORT, IL US",91.0,71.0,52.0,0.0,10.0,10.0
crash_01542,2022-12-24 06:00:00,2022,12,Dec,Sat,6,Morning commute,25,NO CONTROLS,CLEAR,DAYLIGHT,PARKED MOTOR VEHICLE,NOT DIVIDED,WET,NO INJURY / DRIVE AWAY,,true,$500 OR LESS,UNABLE TO DETERMINE,3,NO INDICATION OF INJURY,0,0,41.7585067612,-87.6480318888,60621,"CHICAGO MIDWAY AIRPORT, IL US",1.0,-7.0,68.0,0.0,7.0,18.0
crash_01543,2021-02-21 16:30:00,2021,2,Feb,Sun,16,Evening commute,15,NO CONTROLS,SNOW,DAYLIGHT,ANGLE,ALLEY,SNOW OR SLUSH,NO INJURY / DRIVE AWAY,,,"$501 - $1,500",FAILING TO YIELD RIGHT-OF-WAY,2,NO INDICATION OF INJURY,0,0,41.9665968764,-87.7219061838,60625,"CHICAGO OHARE INTERNATIONAL AIRPORT, IL US",36.0,25.0,65.0,0.0,4.0,13.0
crash_01544,2018-09-08 09:58:00,2018,9,Sep,Sat,9,Morning commute,0,NO CONTROLS,CLEAR,DAYLIGHT,PARKED MOTOR VEHICLE,PARKING LOT,DRY,NO INJURY / DRIVE AWAY,,,"$501 - $1,500",IMPROPER LANE USAGE,2,NO INDICATION OF INJURY,0,0,41.8933524377,-87.6255669883,60611,"CHICAGO MIDWAY AIRPORT, IL US",67.0,49.0,53.0,0.0,10.0,21.0
crash_01545,2025-03-21 18:29:00,2025,3,Mar,Fri,18,Evening commute,30,NO CONTROLS,CLEAR,DAYLIGHT,REAR END,NOT DIVIDED,DRY,NO INJURY / DRIVE AWAY,,,$500 OR LESS,FOLLOWING TOO CLOSELY,3,NO INDICATION OF INJURY,0,0,41.859334847,-87.7015909966,60623,"CHICAGO MIDWAY AIRPORT, IL US",56.0,27.0,33.0,0.0,10.0,18.0
crash_01546,2018-02-23 10:58:00,2018,2,Feb,Fri,10,Daytime,30,NO CONTROLS,SNOW,DAYLIGHT,REAR END,DIVIDED - W/MEDIAN (NOT RAISED),WET,INJURY AND / OR TOW DUE TO CRASH,true,,"OVER $1,500",FOLLOWING TOO CLOSELY,2,NO INDICATION OF INJURY,0,0,41.9678583053,-87.7525725674,60630,"CHICAGO OHARE INTERNATIONAL AIRPORT, IL US",41.0,37.0,86.0,,10.0,14.0
crash_01547,2018-11-14 17:00:00,2018,11,Nov,Wed,17,Evening commute,10,NO CONTROLS,CLEAR,DARKNESS,PARKED MOTOR VEHICLE,PARKING LOT,DRY,NO INJURY / DRIVE AWAY,,true,"OVER $1,500",NOT APPLICABLE,2,NO INDICATION OF INJURY,0,0,41.7630223653,-87.5863901619,60619,"CHICAGO MIDWAY AIRPORT, IL US",32.0,22.0,66.0,0.0,10.0,7.0
crash_01548,2025-02-27 07:16:00,2025,2,Feb,Thu,7,Morning commute,30,NO CONTROLS,CLEAR,DAYLIGHT,REAR END,NOT DIVIDED,DRY,NO INJURY / DRIVE AWAY,,,"OVER $1,500",FOLLOWING TOO CLOSELY,2,NO INDICATION OF INJURY,0,0,41.9399887875,-87.6407680185,60657,"CHICAGO MIDWAY AIRPORT, IL US",38.0,35.0,89.0,0.0,2.5,13.0
crash_01549,2019-04-22 19:30:00,2019,4,Apr,Mon,19,Night or early morning,30,NO CONTROLS,RAIN,"DARKNESS, LIGHTED ROAD",REAR END,NOT DIVIDED,WET,NO INJURY / DRIVE AWAY,,,$500 OR LESS,WEATHER,2,NO INDICATION OF INJURY,0,0,41.900647801,-87.6348532141,60610,"CHICAGO MIDWAY AIRPORT, IL US",68.0,57.0,69.0,0.08,10.0,11.0
crash_01550,2024-03-21 09:00:00,2024,3,Mar,Thu,9,Morning commute,30,NO CONTROLS,CLEAR,DAYLIGHT,PARKED MOTOR VEHICLE,NOT DIVIDED,DRY,NO INJURY / DRIVE AWAY,,true,"OVER $1,500",FAILING TO REDUCE SPEED TO AVOID CRASH,2,NO INDICATION OF INJURY,0,0,41.7219824818,-87.6288162556,60620,"CHICAGO MIDWAY AIRPORT, IL US",31.0,16.0,54.0,0.0,10.0,0.0
crash_01551,2020-04-23 18:20:00,2020,4,Apr,Thu,18,Evening commute,30,STOP SIGN/FLASHER,CLEAR,DAYLIGHT,REAR END,FOUR WAY,DRY,NO INJURY / DRIVE AWAY,,,"$501 - $1,500",IMPROPER BACKING,2,NO INDICATION OF INJURY,0,0,41.9333767446,-87.7370672044,60641,"CHICAGO OHARE INTERNATIONAL AIRPORT, IL US",48.0,41.0,77.0,0.0,8.0,11.0
crash_01552,2018-05-10 16:40:00,2018,5,May,Thu,16,Evening commute,25,UNKNOWN,CLEAR,DAYLIGHT,ANGLE,UNKNOWN,DRY,NO INJURY / DRIVE AWAY,,true,"OVER $1,500",FAILING TO YIELD RIGHT-OF-WAY,2,NO INDICATION OF INJURY,0,0,41.9528496412,-87.7263738364,60618,"CHICAGO OHARE INTERNATIONAL AIRPORT, IL US",66.0,51.0,59.0,0.0,10.0,10.0
crash_01553,2025-03-16 17:20:00,2025,3,Mar,Sun,17,Evening commute,25,NO CONTROLS,CLEAR,DAYLIGHT,PARKED MOTOR VEHICLE,NOT DIVIDED,DRY,NO INJURY / DRIVE AWAY,,,$500 OR LESS,IMPROPER TURNING/NO SIGNAL,2,NO INDICATION OF INJURY,0,0,41.9307453594,-87.6408401066,60614,"CHICAGO MIDWAY AIRPORT, IL US",35.0,24.0,64.0,0.0,10.0,11.0
crash_01554,2018-08-15 17:30:00,2018,8,Aug,Wed,17,Evening commute,30,NO CONTROLS,CLOUDY/OVERCAST,DAYLIGHT,PARKED MOTOR VEHICLE,ONE-WAY,DRY,NO INJURY / DRIVE AWAY,,true,"OVER $1,500",UNABLE TO DETERMINE,2,NO INDICATION OF INJURY,0,0,41.9520386392,-87.8331700475,60634,"CHICAGO OHARE INTERNATIONAL AIRPORT, IL US",83.0,67.0,59.0,0.0,10.0,6.0