crash_id,crash_datetime,crash_year,crash_month,crash_month_name,crash_weekday_name,crash_hour,time_period,posted_speed_limit_mph,traffic_control_device,reported_weather_condition,reported_lighting_condition,first_crash_type,trafficway_type,reported_road_surface_condition,crash_type,intersection_related,hit_and_run,estimated_damage,primary_contributory_cause,unit_count,most_severe_injury,injuries_total,injuries_fatal,latitude,longitude,zip5,weather_station_name,temperature_f,dew_point_f,relative_humidity_percent,precipitation_inches,visibility_miles,wind_speed_mph
crash_01555,2020-05-01 15:14:00,2020,5,May,Fri,15,Evening commute,30,STOP SIGN/FLASHER,CLEAR,DAYLIGHT,PARKED MOTOR VEHICLE,NOT DIVIDED,DRY,INJURY AND / OR TOW DUE TO CRASH,true,,"OVER $1,500",IMPROPER LANE USAGE,2,NO INDICATION OF INJURY,0,0,41.7959800161,-87.7805505571,60638,"CHICAGO MIDWAY AIRPORT, IL US",67.0,34.0,30.0,0.0,10.0,7.0
crash_01556,2018-08-07 06:20:00,2018,8,Aug,Tue,6,Morning commute,30,NO CONTROLS,CLEAR,DAYLIGHT,REAR END,CENTER TURN LANE,DRY,NO INJURY / DRIVE AWAY,,,"$501 - $1,500",FOLLOWING TOO CLOSELY,2,NO INDICATION OF INJURY,0,0,41.8065474011,-87.7163046698,60632,"CHICAGO MIDWAY AIRPORT, IL US",72.0,70.0,94.0,0.0,6.0,3.0
crash_01557,2018-12-22 15:50:00,2018,12,Dec,Sat,15,Evening commute,30,TRAFFIC SIGNAL,CLEAR,DAYLIGHT,SIDESWIPE SAME DIRECTION,DIVIDED - W/MEDIAN BARRIER,DRY,NO INJURY / DRIVE AWAY,true,,"OVER $1,500",DRIVING SKILLS/KNOWLEDGE/EXPERIENCE,2,NO INDICATION OF INJURY,0,0,41.7363760366,-87.6256213109,60620,"CHICAGO MIDWAY AIRPORT, IL US",33.0,26.0,75.0,0.0,10.0,5.0
crash_01558,2019-02-14 21:10:00,2019,2,Feb,Thu,21,Night or early morning,30,TRAFFIC SIGNAL,CLEAR,"DARKNESS, LIGHTED ROAD",SIDESWIPE SAME DIRECTION,ONE-WAY,DRY,NO INJURY / DRIVE AWAY,,,"OVER $1,500",UNABLE TO DETERMINE,2,NO INDICATION OF INJURY,0,0,41.8939661911,-87.6279760607,60611,"CHICAGO MIDWAY AIRPORT, IL US",40.0,32.0,73.0,0.0,10.0,13.0
crash_01559,2025-07-05 11:53:00,2025,7,Jul,Sat,11,Daytime,30,TRAFFIC SIGNAL,CLEAR,DAYLIGHT,REAR END,DIVIDED - W/MEDIAN (NOT RAISED),DRY,NO INJURY / DRIVE AWAY,,,$500 OR LESS,UNABLE TO DETERMINE,2,NO INDICATION OF INJURY,0,0,41.7745819068,-87.7420063655,60629,"CHICAGO MIDWAY AIRPORT, IL US",90.0,64.0,42.0,0.0,10.0,15.0
crash_01560,2019-05-20 08:22:00,2019,5,May,Mon,8,Morning commute,20,NO CONTROLS,CLEAR,DAYLIGHT,PARKED MOTOR VEHICLE,NOT DIVIDED,DRY,NO INJURY / DRIVE AWAY,,,$500 OR LESS,PASSING STOPPED SCHOOL BUS,2,NO INDICATION OF INJURY,0,0,41.7644954564,-87.6231311793,60619,"CHICAGO MIDWAY AIRPORT, IL US",49.0,38.0,66.0,,10.0,16.0
crash_01561,2022-01-07 21:18:00,2022,1,Jan,Fri,21,Night or early morning,30,TRAFFIC SIGNAL,CLEAR,"DARKNESS, LIGHTED ROAD",ANGLE,FOUR WAY,UNKNOWN,INJURY AND / OR TOW DUE TO CRASH,true,,"OVER $1,500",DISREGARDING TRAFFIC SIGNALS,2,NO INDICATION OF INJURY,0,0,41.8658567344,-87.7548716042,60644,"CHICAGO MIDWAY AIRPORT, IL US",12.0,3.0,67.0,0.0,10.0,8.0
crash_01562,2024-08-03 17:55:00,2024,8,Aug,Sat,17,Evening commute,10,NO CONTROLS,CLEAR,DAYLIGHT,REAR TO SIDE,PARKING LOT,DRY,NO INJURY / DRIVE AWAY,,true,"$501 - $1,500",IMPROPER BACKING,2,NO INDICATION OF INJURY,0,0,41.9667227461,-87.7082732532,60625,"CHICAGO OHARE INTERNATIONAL AIRPORT, IL US",85.0,68.0,57.0,0.0,10.0,8.0
crash_01563,2020-10-15 11:50:00,2020,10,Oct,Thu,11,Daytime,10,NO CONTROLS,CLEAR,DAYLIGHT,ANGLE,PARKING LOT,DRY,NO INJURY / DRIVE AWAY,,,"$501 - $1,500",IMPROPER BACKING,2,NO INDICATION OF INJURY,0,0,41.8957852296,-87.6779308926,60612,"CHICAGO MIDWAY AIRPORT, IL US",53.0,32.0,45.0,0.0,10.0,13.0
crash_01564,2018-09-21 07:55:00,2018,9,Sep,Fri,7,Morning commute,30,OTHER,CLEAR,DAYLIGHT,REAR END,OTHER,DRY,NO INJURY / DRIVE AWAY,true,,"OVER $1,500",FAILING TO REDUCE SPEED TO AVOID CRASH,2,NO INDICATION OF INJURY,0,0,41.7362094694,-87.6243055191,60620,"CHICAGO MIDWAY AIRPORT, IL US",76.0,68.0,77.0,0.0,10.0,13.0
crash_01565,2025-11-26 18:56:00,2025,11,Nov,Wed,18,Evening commute,30,NO CONTROLS,CLEAR,"DARKNESS, LIGHTED ROAD",PARKED MOTOR VEHICLE,OTHER,DRY,NO INJURY / DRIVE AWAY,,,"OVER $1,500",FAILING TO YIELD RIGHT-OF-WAY,2,NO INDICATION OF INJURY,0,0,41.9613977799,-87.6545929748,60613,,,,,,,
crash_01566,2019-07-08 16:00:00,2019,7,Jul,Mon,16,Evening commute,35,UNKNOWN,CLEAR,DAYLIGHT,REAR END,DIVIDED - W/MEDIAN (NOT RAISED),DRY,NO INJURY / DRIVE AWAY,,,$500 OR LESS,FOLLOWING TOO CLOSELY,2,NO INDICATION OF INJURY,0,0,41.9101998971,-87.6881252315,60622,"CHICAGO MIDWAY AIRPORT, IL US",82.0,58.0,44.0,0.0,10.0,11.0
crash_01567,2019-11-06 18:00:00,2019,11,Nov,Wed,18,Evening commute,30,UNKNOWN,UNKNOWN,UNKNOWN,REAR END,NOT DIVIDED,UNKNOWN,NO INJURY / DRIVE AWAY,true,,"$501 - $1,500",FOLLOWING TOO CLOSELY,2,NO INDICATION OF INJURY,0,0,41.8301872553,-87.6851779251,60632,"CHICAGO MIDWAY AIRPORT, IL US",40.0,33.0,77.0,,10.0,16.0
crash_01568,2025-01-23 17:05:00,2025,1,Jan,Thu,17,Evening commute,20,TRAFFIC SIGNAL,CLEAR,DAYLIGHT,TURNING,FOUR WAY,DRY,INJURY AND / OR TOW DUE TO CRASH,true,,"OVER $1,500",IMPROPER TURNING/NO SIGNAL,2,NONINCAPACITATING INJURY,1,0,41.8777169384,-87.6815081724,60612,"CHICAGO MIDWAY AIRPORT, IL US",17.0,2.0,51.0,,10.0,9.0
crash_01569,2025-05-09 08:25:00,2025,5,May,Fri,8,Morning commute,30,NO CONTROLS,CLEAR,DAYLIGHT,HEAD ON,CENTER TURN LANE,DRY,INJURY AND / OR TOW DUE TO CRASH,true,,"OVER $1,500",DRIVING ON WRONG SIDE/WRONG WAY,2,"REPORTED, NOT EVIDENT",1,0,41.7218710729,-87.6207384557,60619,"CHICAGO MIDWAY AIRPORT, IL US",52.0,33.0,49.0,0.0,10.0,6.0
crash_01570,2025-12-18 05:36:00,2025,12,Dec,Thu,5,Night or early morning,15,NO CONTROLS,RAIN,DARKNESS,SIDESWIPE SAME DIRECTION,PARKING LOT,WET,NO INJURY / DRIVE AWAY,,true,"$501 - $1,500",DRIVING SKILLS/KNOWLEDGE/EXPERIENCE,2,NO INDICATION OF INJURY,0,0,41.7526418929,-87.6335837008,60620,,,,,,,
crash_01571,2019-06-11 10:00:00,2019,6,Jun,Tue,10,Daytime,20,STOP SIGN/FLASHER,CLEAR,DAYLIGHT,ANGLE,FOUR WAY,DRY,NO INJURY / DRIVE AWAY,,true,"$501 - $1,500",DISREGARDING STOP SIGN,2,NO INDICATION OF INJURY,0,0,41.710801151,-87.6337812726,60628,"CHICAGO MIDWAY AIRPORT, IL US",75.0,46.0,36.0,0.0,10.0,11.0
crash_01572,2021-08-08 14:52:00,2021,8,Aug,Sun,14,Daytime,30,NO CONTROLS,CLEAR,DAYLIGHT,PARKED MOTOR VEHICLE,PARKING LOT,DRY,NO INJURY / DRIVE AWAY,,true,"OVER $1,500",UNABLE TO DETERMINE,2,NO INDICATION OF INJURY,0,0,41.8761647735,-87.7302725384,60624,"CHICAGO MIDWAY AIRPORT, IL US",91.0,67.0,45.0,0.0,10.0,20.0
crash_01573,2021-08-30 12:30:00,2021,8,Aug,Mon,12,Daytime,30,NO CONTROLS,CLEAR,DAYLIGHT,TURNING,NOT DIVIDED,DRY,INJURY AND / OR TOW DUE TO CRASH,true,true,"OVER $1,500",UNABLE TO DETERMINE,2,NO INDICATION OF INJURY,0,0,41.7800383206,-87.6338633477,60621,"CHICAGO MIDWAY AIRPORT, IL US",83.0,55.0,38.0,0.0,10.0,6.0
crash_01574,2018-09-02 09:00:00,2018,9,Sep,Sun,9,Morning commute,15,NO CONTROLS,CLEAR,DARKNESS,PARKED MOTOR VEHICLE,PARKING LOT,DRY,NO INJURY / DRIVE AWAY,,true,"OVER $1,500",UNABLE TO DETERMINE,2,NO INDICATION OF INJURY,0,0,41.6962325277,-87.5958061971,60628,"CHICAGO MIDWAY AIRPORT, IL US",78.0,70.0,76.0,0.0,10.0,8.0
crash_01575,2019-09-24 11:15:00,2019,9,Sep,Tue,11,Daytime,30,STOP SIGN/FLASHER,CLEAR,DAYLIGHT,PEDALCYCLIST,NOT DIVIDED,DRY,NO INJURY / DRIVE AWAY,true,,"OVER $1,500",FAILING TO YIELD RIGHT-OF-WAY,2,NO INDICATION OF INJURY,0,0,41.9395041951,-87.6974814922,60618,"CHICAGO MIDWAY AIRPORT, IL US",72.0,57.0,59.0,0.0,10.0,14.0
crash_01576,2019-08-09 06:01:00,2019,8,Aug,Fri,6,Morning commute,10,NO CONTROLS,CLEAR,DUSK,PEDESTRIAN,PARKING LOT,DRY,NO INJURY / DRIVE AWAY,,,$500 OR LESS,UNABLE TO DETERMINE,2,NO INDICATION OF INJURY,0,0,41.7900439686,-87.8013003947,60638,"CHICAGO MIDWAY AIRPORT, IL US",63.0,55.0,75.0,0.0,10.0,3.0
crash_01577,2018-08-03 19:00:00,2018,8,Aug,Fri,19,Night or early morning,25,NO CONTROLS,CLEAR,DAYLIGHT,PARKED MOTOR VEHICLE,NOT DIVIDED,DRY,NO INJURY / DRIVE AWAY,,,"OVER $1,500",UNABLE TO DETERMINE,2,NO INDICATION OF INJURY,0,0,41.8975303287,-87.6576995174,60642,"CHICAGO MIDWAY AIRPORT, IL US",80.0,64.0,58.0,0.0,10.0,8.0
crash_01578,2019-03-08 20:45:00,2019,3,Mar,Fri,20,Night or early morning,30,TRAFFIC SIGNAL,CLEAR,DARKNESS,ANGLE,DIVIDED - W/MEDIAN (NOT RAISED),DRY,INJURY AND / OR TOW DUE TO CRASH,,,"$501 - $1,500",UNABLE TO DETERMINE,2,NONINCAPACITATING INJURY,3,0,41.8818297888,-87.7013514168,60612,"CHICAGO MIDWAY AIRPORT, IL US",33.0,26.0,75.0,0.0,10.0,7.0
crash_01579,2022-05-12 16:07:00,2022,5,May,Thu,16,Evening commute,20,NO CONTROLS,CLEAR,DAYLIGHT,PARKED MOTOR VEHICLE,ONE-WAY,DRY,NO INJURY / DRIVE AWAY,,,"$501 - $1,500",UNABLE TO DETERMINE,2,NO INDICATION OF INJURY,0,0,41.986386988,-87.706212393,60659,"CHICAGO OHARE INTERNATIONAL AIRPORT, IL US",90.0,60.0,37.0,0.0,10.0,17.0
crash_01580,2018-04-04 07:10:00,2018,4,Apr,Wed,7,Morning commute,30,TRAFFIC SIGNAL,CLEAR,DAYLIGHT,REAR END,NOT DIVIDED,ICE,NO INJURY / DRIVE AWAY,,,"$501 - $1,500",UNABLE TO DETERMINE,2,NO INDICATION OF INJURY,0,0,42.0119798793,-87.7085338515,60645,"CHICAGO OHARE INTERNATIONAL AIRPORT, IL US",27.0,19.0,72.0,0.0,10.0,21.0
crash_01581,2022-07-01 14:37:00,2022,7,Jul,Fri,14,Daytime,30,TRAFFIC SIGNAL,RAIN,DAYLIGHT,REAR END,NOT DIVIDED,WET,INJURY AND / OR TOW DUE TO CRASH,,,"OVER $1,500",UNABLE TO DETERMINE,2,NONINCAPACITATING INJURY,2,0,41.7502001184,-87.6684358999,60620,"CHICAGO MIDWAY AIRPORT, IL US",73.0,59.0,62.0,0.0,10.0,7.0
crash_01582,2021-01-30 16:10:00,2021,1,Jan,Sat,16,Evening commute,30,UNKNOWN,SNOW,"DARKNESS, LIGHTED ROAD",PARKED MOTOR VEHICLE,ONE-WAY,SNOW OR SLUSH,NO INJURY / DRIVE AWAY,,,"OVER $1,500",UNABLE TO DETERMINE,2,NO INDICATION OF INJURY,0,0,41.8411508108,-87.7221713168,60623,"CHICAGO MIDWAY AIRPORT, IL US",31.0,26.0,82.0,0.0,0.75,17.0
crash_01583,2019-11-12 14:19:00,2019,11,Nov,Tue,14,Daytime,30,TRAFFIC SIGNAL,CLEAR,DAYLIGHT,REAR END,NOT DIVIDED,DRY,INJURY AND / OR TOW DUE TO CRASH,,,"OVER $1,500",UNABLE TO DETERMINE,2,NO INDICATION OF INJURY,0,0,41.6851125161,-87.6278324166,60628,"CHICAGO MIDWAY AIRPORT, IL US",18.0,1.0,47.0,0.0,10.0,11.0
crash_01584,2020-05-29 11:45:00,2020,5,May,Fri,11,Daytime,30,TRAFFIC SIGNAL,CLEAR,DAYLIGHT,TURNING,DIVIDED - W/MEDIAN (NOT RAISED),DRY,NO INJURY / DRIVE AWAY,,true,"$501 - $1,500",UNABLE TO DETERMINE,2,NO INDICATION OF INJURY,0,0,41.7588764168,-87.5665160712,60649,"CHICAGO MIDWAY AIRPORT, IL US",74.0,54.0,50.0,0.0,10.0,14.0
crash_01585,2019-04-27 13:38:00,2019,4,Apr,Sat,13,Daytime,30,NO CONTROLS,CLEAR,DAYLIGHT,TURNING,NOT DIVIDED,WET,NO INJURY / DRIVE AWAY,,,"$501 - $1,500",UNABLE TO DETERMINE,2,NO INDICATION OF INJURY,0,0,41.7993204319,-87.723190711,60632,"CHICAGO MIDWAY AIRPORT, IL US",35.0,33.0,93.0,0.06,1.5,11.0
crash_01586,2022-01-28 03:00:00,2022,1,Jan,Fri,3,Night or early morning,30,NO CONTROLS,SNOW,"DARKNESS, LIGHTED ROAD",SIDESWIPE SAME DIRECTION,DIVIDED - W/MEDIAN (NOT RAISED),SNOW OR SLUSH,NO INJURY / DRIVE AWAY,,,"OVER $1,500",FAILING TO REDUCE SPEED TO AVOID CRASH,2,NO INDICATION OF INJURY,0,0,41.9601640976,-87.8449632426,60656,"CHICAGO OHARE INTERNATIONAL AIRPORT, IL US",20.0,11.0,68.0,0.0,9.0,13.0
crash_01587,2023-04-07 10:30:00,2023,4,Apr,Fri,10,Daytime,25,TRAFFIC SIGNAL,CLEAR,DAYLIGHT,ANGLE,DIVIDED - W/MEDIAN (NOT RAISED),DRY,NO INJURY / DRIVE AWAY,,,"OVER $1,500",UNABLE TO DETERMINE,2,NO INDICATION OF INJURY,0,0,41.917882766,-87.6676550892,60642,"CHICAGO MIDWAY AIRPORT, IL US",46.0,27.0,47.0,0.0,10.0,8.0
crash_01588,2025-08-29 12:14:00,2025,8,Aug,Fri,12,Daytime,30,NO CONTROLS,CLEAR,DAYLIGHT,SIDESWIPE SAME DIRECTION,PARKING LOT,DRY,NO INJURY / DRIVE AWAY,,,"OVER $1,500",UNABLE TO DETERMINE,2,NO INDICATION OF INJURY,0,0,41.8810693742,-87.6853075527,60612,,,,,,,
crash_01589,2018-02-22 15:40:00,2018,2,Feb,Thu,15,Evening commute,30,NO CONTROLS,CLEAR,DAYLIGHT,SIDESWIPE SAME DIRECTION,DIVIDED - W/MEDIAN (NOT RAISED),DRY,NO INJURY / DRIVE AWAY,,,"$501 - $1,500",UNABLE TO DETERMINE,2,NO INDICATION OF INJURY,0,0,41.9468449022,-87.6878639687,60618,"CHICAGO MIDWAY AIRPORT, IL US",40.0,30.0,68.0,0.0,10.0,20.0
crash_01590,2021-04-04 13:27:00,2021,4,Apr,Sun,13,Daytime,30,TRAFFIC SIGNAL,CLEAR,DAYLIGHT,REAR END,DIVIDED - W/MEDIAN BARRIER,DRY,NO INJURY / DRIVE AWAY,,,"OVER $1,500",FAILING TO REDUCE SPEED TO AVOID CRASH,3,NO INDICATION OF INJURY,0,0,41.9507683394,-87.8364923435,60634,"CHICAGO OHARE INTERNATIONAL AIRPORT, IL US",73.0,39.0,29.0,0.0,10.0,10.0
crash_01591,2018-02-18 10:30:00,2018,2,Feb,Sun,10,Daytime,30,TRAFFIC SIGNAL,CLEAR,DAYLIGHT,REAR END,NOT DIVIDED,SNOW OR SLUSH,NO INJURY / DRIVE AWAY,,,"$501 - $1,500",UNABLE TO DETERMINE,2,NO INDICATION OF INJURY,0,0,41.7383698914,-87.6050189968,60619,"CHICAGO MIDWAY AIRPORT, IL US",28.0,24.0,85.0,,10.0,13.0
crash_01592,2022-05-07 07:10:00,2022,5,May,Sat,7,Morning commute,30,STOP SIGN/FLASHER,CLEAR,DAYLIGHT,REAR END,DIVIDED - W/MEDIAN (NOT RAISED),DRY,INJURY AND / OR TOW DUE TO CRASH,true,,"OVER $1,500",FOLLOWING TOO CLOSELY,3,NO INDICATION OF INJURY,0,0,41.9467862147,-87.6737930651,60657,"CHICAGO MIDWAY AIRPORT, IL US",51.0,30.0,44.0,0.0,10.0,11.0
crash_01593,2018-10-09 19:06:00,2018,10,Oct,Tue,19,Night or early morning,30,TRAFFIC SIGNAL,CLEAR,"DARKNESS, LIGHTED ROAD",REAR END,ONE-WAY,DRY,INJURY AND / OR TOW DUE TO CRASH,true,true,"OVER $1,500",EXCEEDING AUTHORIZED SPEED LIMIT,9,INCAPACITATING INJURY,3,0,41.8950143403,-87.6262881537,60611,"CHICAGO MIDWAY AIRPORT, IL US",80.0,65.0,60.0,0.0,10.0,10.0
crash_01594,2023-10-18 10:36:00,2023,10,Oct,Wed,10,Daytime,30,UNKNOWN,CLEAR,DAYLIGHT,ANGLE,NOT DIVIDED,DRY,INJURY AND / OR TOW DUE TO CRASH,,,"OVER $1,500",UNABLE TO DETERMINE,2,NONINCAPACITATING INJURY,1,0,41.9389781887,-87.7277630895,60641,"CHICAGO OHARE INTERNATIONAL AIRPORT, IL US",58.0,46.0,65.0,0.0,10.0,10.0
crash_01595,2023-01-23 14:45:00,2023,1,Jan,Mon,14,Daytime,30,TRAFFIC SIGNAL,CLEAR,DAYLIGHT,SIDESWIPE SAME DIRECTION,NOT DIVIDED,DRY,NO INJURY / DRIVE AWAY,,,"$501 - $1,500",UNABLE TO DETERMINE,2,NO INDICATION OF INJURY,0,0,41.8740819887,-87.6672227593,60612,"CHICAGO MIDWAY AIRPORT, IL US",31.0,22.0,69.0,0.0,10.0,13.0
crash_01596,2024-07-03 07:00:00,2024,7,Jul,Wed,7,Morning commute,30,NO CONTROLS,CLEAR,DAWN,FIXED OBJECT,NOT DIVIDED,UNKNOWN,NO INJURY / DRIVE AWAY,,true,"$501 - $1,500",UNABLE TO DETERMINE,1,NO INDICATION OF INJURY,0,0,41.7907728013,-87.6322812026,60621,"CHICAGO MIDWAY AIRPORT, IL US",76.0,69.0,79.0,0.0,10.0,9.0
crash_01597,2018-02-09 04:00:00,2018,2,Feb,Fri,4,Night or early morning,45,NO CONTROLS,SNOW,"DARKNESS, LIGHTED ROAD",FIXED OBJECT,DIVIDED - W/MEDIAN BARRIER,SNOW OR SLUSH,INJURY AND / OR TOW DUE TO CRASH,,,"OVER $1,500",WEATHER,1,NO INDICATION OF INJURY,0,0,41.8200882314,-87.5971338178,60653,"CHICAGO MIDWAY AIRPORT, IL US",26.0,24.0,92.0,0.05,0.75,6.0
crash_01598,2024-06-29 16:00:00,2024,6,Jun,Sat,16,Evening commute,30,NO CONTROLS,CLEAR,DAYLIGHT,PARKED MOTOR VEHICLE,NOT DIVIDED,DRY,NO INJURY / DRIVE AWAY,,true,"OVER $1,500","OPERATING VEHICLE IN ERRATIC, RECKLESS, CARELESS, NEGLIGENT OR AGGRESSIVE MANNER",2,NO INDICATION OF INJURY,0,0,41.7749627286,-87.5962206171,60637,"CHICAGO MIDWAY AIRPORT, IL US",88.0,67.0,50.0,0.0,10.0,15.0
crash_01599,2025-07-06 17:47:00,2025,7,Jul,Sun,17,Evening commute,30,STOP SIGN/FLASHER,CLEAR,DAYLIGHT,ANGLE,NOT DIVIDED,DRY,NO INJURY / DRIVE AWAY,true,,"OVER $1,500",FAILING TO YIELD RIGHT-OF-WAY,2,NO INDICATION OF INJURY,0,0,41.8307805501,-87.6426004917,60609,"CHICAGO MIDWAY AIRPORT, IL US",73.0,69.0,87.0,0.15,10.0,11.0
crash_01600,2021-09-27 22:43:00,2021,9,Sep,Mon,22,Night or early morning,30,TRAFFIC SIGNAL,CLEAR,"DARKNESS, LIGHTED ROAD",TURNING,DIVIDED - W/MEDIAN (NOT RAISED),DRY,NO INJURY / DRIVE AWAY,,true,"OVER $1,500",IMPROPER LANE USAGE,2,NO INDICATION OF INJURY,0,0,41.9242157972,-87.7562107546,60639,"CHICAGO OHARE INTERNATIONAL AIRPORT, IL US",63.0,57.0,81.0,0.0,10.0,13.0
crash_01601,2018-02-04 22:17:00,2018,2,Feb,Sun,22,Night or early morning,30,TRAFFIC SIGNAL,CLEAR,"DARKNESS, LIGHTED ROAD",TURNING,DIVIDED - W/MEDIAN (NOT RAISED),SNOW OR SLUSH,NO INJURY / DRIVE AWAY,true,true,"OVER $1,500",FAILING TO YIELD RIGHT-OF-WAY,2,NO INDICATION OF INJURY,0,0,41.7516032259,-87.5865654253,60619,"CHICAGO MIDWAY AIRPORT, IL US",10.0,-2.0,58.0,0.0,10.0,10.0
crash_01602,2019-02-19 08:26:00,2019,2,Feb,Tue,8,Morning commute,30,TRAFFIC SIGNAL,CLEAR,DAYLIGHT,REAR END,DIVIDED - W/MEDIAN (NOT RAISED),WET,NO INJURY / DRIVE AWAY,true,,$500 OR LESS,UNABLE TO DETERMINE,2,NO INDICATION OF INJURY,0,0,41.9237308102,-87.7924291858,60707,"CHICAGO OHARE INTERNATIONAL AIRPORT, IL US",19.0,13.0,77.0,0.0,10.0,0.0
crash_01603,2024-04-13 22:31:00,2024,4,Apr,Sat,22,Night or early morning,30,NO CONTROLS,CLEAR,DARKNESS,REAR END,NOT DIVIDED,DRY,INJURY AND / OR TOW DUE TO CRASH,,,"$501 - $1,500",FOLLOWING TOO CLOSELY,3,NONINCAPACITATING INJURY,1,0,41.8863125143,-87.6205417699,60601,"CHICAGO MIDWAY AIRPORT, IL US",65.0,42.0,43.0,0.0,10.0,17.0
crash_01604,2024-12-24 12:40:00,2024,12,Dec,Tue,12,Daytime,30,NO CONTROLS,CLEAR,DAYLIGHT,ANGLE,NOT DIVIDED,DRY,NO INJURY / DRIVE AWAY,,,"OVER $1,500",IMPROPER OVERTAKING/PASSING,2,NO INDICATION OF INJURY,0,0,41.96876412,-87.6701014838,60640,"CHICAGO OHARE INTERNATIONAL AIRPORT, IL US",38.0,26.0,62.0,,10.0,8.0
crash_01605,2021-07-15 21:20:00,2021,7,Jul,Thu,21,Night or early morning,30,NO CONTROLS,CLEAR,DAYLIGHT,SIDESWIPE SAME DIRECTION,NOT DIVIDED,DRY,NO INJURY / DRIVE AWAY,,,"OVER $1,500",UNABLE TO DETERMINE,2,NO INDICATION OF INJURY,0,0,41.7732514395,-87.605710865,60637,"CHICAGO MIDWAY AIRPORT, IL US",71.0,64.0,79.0,,10.0,13.0
crash_01606,2020-01-06 23:59:00,2020,1,Jan,Mon,23,Night or early morning,30,NO CONTROLS,UNKNOWN,UNKNOWN,PARKED MOTOR VEHICLE,ONE-WAY,UNKNOWN,NO INJURY / DRIVE AWAY,,true,"$501 - $1,500",NOT APPLICABLE,2,NO INDICATION OF INJURY,0,0,41.9087615236,-87.7289959504,60651,"CHICAGO MIDWAY AIRPORT, IL US",33.0,21.0,61.0,0.0,10.0,7.0
crash_01607,2024-03-15 08:42:00,2024,3,Mar,Fri,8,Morning commute,30,TRAFFIC SIGNAL,CLOUDY/OVERCAST,DAYLIGHT,REAR END,NOT DIVIDED,DRY,INJURY AND / OR TOW DUE TO CRASH,true,,"$501 - $1,500",UNABLE TO DETERMINE,2,"REPORTED, NOT EVIDENT",3,0,41.780397867,-87.5974204628,60637,"CHICAGO MIDWAY AIRPORT, IL US",40.0,34.0,79.0,0.0,10.0,7.0
crash_01608,2022-10-07 10:40:00,2022,10,Oct,Fri,10,Daytime,30,NO CONTROLS,RAIN,DAYLIGHT,REAR END,NOT DIVIDED,WET,INJURY AND / OR TOW DUE TO CRASH,,true,"OVER $1,500",UNABLE TO DETERMINE,2,"REPORTED, NOT EVIDENT",1,0,41.7815973831,-87.6325123166,60621,"CHICAGO MIDWAY AIRPORT, IL US",52.0,39.0,62.0,,10.0,15.0
crash_01609,2024-07-22 12:42:00,2024,7,Jul,Mon,12,Daytime,30,TRAFFIC SIGNAL,CLEAR,DAYLIGHT,REAR END,T-INTERSECTION,DRY,NO INJURY / DRIVE AWAY,,,"$501 - $1,500",UNABLE TO DETERMINE,2,NO INDICATION OF INJURY,0,0,41.8877847742,-87.7260155945,60624,"CHICAGO MIDWAY AIRPORT, IL US",83.0,61.0,48.0,0.0,10.0,3.0
crash_01610,2021-04-11 19:59:00,2021,4,Apr,Sun,19,Night or early morning,30,NO CONTROLS,CLEAR,"DARKNESS, LIGHTED ROAD",TURNING,NOT DIVIDED,DRY,NO INJURY / DRIVE AWAY,,true,"OVER $1,500",IMPROPER TURNING/NO SIGNAL,2,NO INDICATION OF INJURY,0,0,41.9022182255,-87.768023491,60651,"CHICAGO MIDWAY AIRPORT, IL US",50.0,41.0,71.0,0.0,10.0,5.0
crash_01611,2025-07-27 03:43:00,2025,7,Jul,Sun,3,Night or early morning,30,NO CONTROLS,CLEAR,DAYLIGHT,REAR END,NOT DIVIDED,DRY,INJURY AND / OR TOW DUE TO CRASH,,true,"OVER $1,500",UNABLE TO DETERMINE,2,NO INDICATION OF INJURY,0,0,41.8042552812,-87.7205029224,60632,"CHICAGO MIDWAY AIRPORT, IL US",76.0,72.0,88.0,0.0,10.0,0.0
crash_01612,2022-06-17 14:00:00,2022,6,Jun,Fri,14,Daytime,30,TRAFFIC SIGNAL,CLEAR,DAYLIGHT,SIDESWIPE SAME DIRECTION,NOT DIVIDED,DRY,NO INJURY / DRIVE AWAY,,,"$501 - $1,500",DRIVING SKILLS/KNOWLEDGE/EXPERIENCE,2,NO INDICATION OF INJURY,0,0,41.9528231355,-87.8071245949,60634,"CHICAGO OHARE INTERNATIONAL AIRPORT, IL US",82.0,54.0,38.0,0.0,10.0,13.0
crash_01613,2024-01-16 08:30:00,2024,1,Jan,Tue,8,Morning commute,30,NO CONTROLS,CLEAR,DAYLIGHT,SIDESWIPE SAME DIRECTION,DIVIDED - W/MEDIAN BARRIER,DRY,NO INJURY / DRIVE AWAY,,true,"$501 - $1,500",UNABLE TO DETERMINE,2,NO INDICATION OF INJURY,0,0,41.8914623154,-87.6670082766,60642,"CHICAGO MIDWAY AIRPORT, IL US",-3.0,-12.0,65.0,0.0,10.0,15.0
crash_01614,2020-02-25 17:30:00,2020,2,Feb,Tue,17,Evening commute,30,NO CONTROLS,SNOW,DAYLIGHT,PARKED MOTOR VEHICLE,NOT DIVIDED,WET,NO INJURY / DRIVE AWAY,,,"$501 - $1,500",NOT APPLICABLE,2,NO INDICATION OF INJURY,0,0,41.9341889502,-87.7762156914,60634,"CHICAGO OHARE INTERNATIONAL AIRPORT, IL US",34.0,28.0,81.0,,1.75,25.0