crash_id,crash_datetime,crash_year,crash_month,crash_month_name,crash_weekday_name,crash_hour,time_period,posted_speed_limit_mph,traffic_control_device,reported_weather_condition,reported_lighting_condition,first_crash_type,trafficway_type,reported_road_surface_condition,crash_type,intersection_related,hit_and_run,estimated_damage,primary_contributory_cause,unit_count,most_severe_injury,injuries_total,injuries_fatal,latitude,longitude,zip5,weather_station_name,temperature_f,dew_point_f,relative_humidity_percent,precipitation_inches,visibility_miles,wind_speed_mph
crash_01734,2020-11-07 13:25:00,2020,11,Nov,Sat,13,Daytime,30,STOP SIGN/FLASHER,CLEAR,DAYLIGHT,ANGLE,NOT DIVIDED,DRY,NO INJURY / DRIVE AWAY,,,"OVER $1,500",FAILING TO YIELD RIGHT-OF-WAY,2,NO INDICATION OF INJURY,0,0,41.9449578193,-87.7766138639,60634,"CHICAGO OHARE INTERNATIONAL AIRPORT, IL US",71.0,46.0,41.0,0.0,10.0,15.0
crash_01735,2023-11-01 12:00:00,2023,11,Nov,Wed,12,Daytime,30,TRAFFIC SIGNAL,UNKNOWN,UNKNOWN,REAR END,NOT DIVIDED,UNKNOWN,INJURY AND / OR TOW DUE TO CRASH,,,"$501 - $1,500",UNABLE TO DETERMINE,2,"REPORTED, NOT EVIDENT",1,0,41.7642950368,-87.7029571621,60629,"CHICAGO MIDWAY AIRPORT, IL US",40.0,26.0,58.0,0.0,10.0,13.0
crash_01736,2025-10-05 15:00:00,2025,10,Oct,Sun,15,Evening commute,10,NO CONTROLS,CLEAR,DAYLIGHT,PARKED MOTOR VEHICLE,PARKING LOT,DRY,NO INJURY / DRIVE AWAY,,true,"OVER $1,500",UNABLE TO DETERMINE,2,NO INDICATION OF INJURY,0,0,41.6779885225,-87.680579839,60643,,,,,,,
crash_01737,2019-02-14 14:20:00,2019,2,Feb,Thu,14,Daytime,30,NO CONTROLS,CLEAR,DAYLIGHT,SIDESWIPE SAME DIRECTION,NOT DIVIDED,DRY,NO INJURY / DRIVE AWAY,,,"$501 - $1,500",UNABLE TO DETERMINE,2,NO INDICATION OF INJURY,0,0,41.8956004305,-87.6899228175,60612,"CHICAGO MIDWAY AIRPORT, IL US",44.0,34.0,68.0,0.0,10.0,14.0
crash_01738,2018-03-25 14:07:00,2018,3,Mar,Sun,14,Daytime,30,STOP SIGN/FLASHER,CLEAR,DAYLIGHT,FIXED OBJECT,ONE-WAY,DRY,INJURY AND / OR TOW DUE TO CRASH,,,"OVER $1,500",UNABLE TO DETERMINE,1,NO INDICATION OF INJURY,0,0,41.9672490111,-87.6597979374,60640,"CHICAGO MIDWAY AIRPORT, IL US",40.0,15.0,36.0,0.0,10.0,14.0
crash_01739,2018-10-19 19:07:00,2018,10,Oct,Fri,19,Night or early morning,25,STOP SIGN/FLASHER,CLEAR,DUSK,TURNING,NOT DIVIDED,DRY,NO INJURY / DRIVE AWAY,true,,"$501 - $1,500",FAILING TO YIELD RIGHT-OF-WAY,2,NO INDICATION OF INJURY,0,0,42.0034233993,-87.6750213838,60626,"CHICAGO OHARE INTERNATIONAL AIRPORT, IL US",52.0,48.0,86.0,0.0,10.0,14.0
crash_01740,2022-01-21 17:32:00,2022,1,Jan,Fri,17,Evening commute,30,NO CONTROLS,CLEAR,"DARKNESS, LIGHTED ROAD",SIDESWIPE SAME DIRECTION,DIVIDED - W/MEDIAN (NOT RAISED),DRY,NO INJURY / DRIVE AWAY,,,"OVER $1,500",IMPROPER LANE USAGE,2,NO INDICATION OF INJURY,0,0,41.7518594822,-87.5486099295,60617,"CHICAGO MIDWAY AIRPORT, IL US",24.0,9.0,52.0,0.0,10.0,7.0
crash_01741,2018-10-03 07:35:00,2018,10,Oct,Wed,7,Morning commute,30,TRAFFIC SIGNAL,CLEAR,DAYLIGHT,TURNING,DIVIDED - W/MEDIAN (NOT RAISED),DRY,INJURY AND / OR TOW DUE TO CRASH,true,,"OVER $1,500",FAILING TO YIELD RIGHT-OF-WAY,2,NO INDICATION OF INJURY,0,0,41.7780045905,-87.7618593547,60638,"CHICAGO MIDWAY AIRPORT, IL US",66.0,62.0,87.0,0.0,10.0,9.0
crash_01742,2020-09-02 05:50:00,2020,9,Sep,Wed,5,Night or early morning,25,STOP SIGN/FLASHER,RAIN,DAWN,REAR END,NOT DIVIDED,WET,NO INJURY / DRIVE AWAY,,,"OVER $1,500",NOT APPLICABLE,2,NO INDICATION OF INJURY,0,0,41.857549866,-87.6398945581,60616,"CHICAGO MIDWAY AIRPORT, IL US",70.0,68.0,93.0,0.0,7.0,9.0
crash_01743,2023-07-17 12:30:00,2023,7,Jul,Mon,12,Daytime,30,NO CONTROLS,CLEAR,DAYLIGHT,OTHER OBJECT,ONE-WAY,DRY,NO INJURY / DRIVE AWAY,,,"OVER $1,500",UNABLE TO DETERMINE,1,NO INDICATION OF INJURY,0,0,41.6772647306,-87.6372223584,60628,"CHICAGO MIDWAY AIRPORT, IL US",78.0,52.0,40.0,0.0,10.0,14.0
crash_01744,2021-06-04 08:50:00,2021,6,Jun,Fri,8,Morning commute,25,NO CONTROLS,CLOUDY/OVERCAST,DAYLIGHT,PARKED MOTOR VEHICLE,NOT DIVIDED,DRY,NO INJURY / DRIVE AWAY,,,"$501 - $1,500",UNABLE TO DETERMINE,2,NO INDICATION OF INJURY,0,0,41.8840147361,-87.761524563,60644,"CHICAGO MIDWAY AIRPORT, IL US",75.0,53.0,46.0,0.0,10.0,11.0
crash_01745,2025-03-15 15:20:00,2025,3,Mar,Sat,15,Evening commute,35,NO CONTROLS,CLEAR,DAYLIGHT,PARKED MOTOR VEHICLE,NOT DIVIDED,DRY,NO INJURY / DRIVE AWAY,,,"OVER $1,500",UNABLE TO DETERMINE,2,NO INDICATION OF INJURY,0,0,41.911946233,-87.7363210811,60639,"CHICAGO MIDWAY AIRPORT, IL US",65.0,44.0,47.0,0.0,10.0,17.0
crash_01746,2021-08-10 18:00:00,2021,8,Aug,Tue,18,Evening commute,30,TRAFFIC SIGNAL,CLEAR,DUSK,REAR END,NOT DIVIDED,DRY,NO INJURY / DRIVE AWAY,,,"$501 - $1,500",NOT APPLICABLE,2,NO INDICATION OF INJURY,0,0,41.7358522362,-87.720945711,60652,"CHICAGO MIDWAY AIRPORT, IL US",,,,0.0,10.0,21.0
crash_01747,2022-02-24 15:37:00,2022,2,Feb,Thu,15,Evening commute,30,TRAFFIC SIGNAL,SNOW,DAYLIGHT,PEDESTRIAN,FOUR WAY,SNOW OR SLUSH,INJURY AND / OR TOW DUE TO CRASH,true,,"OVER $1,500",FAILING TO YIELD RIGHT-OF-WAY,2,NONINCAPACITATING INJURY,1,0,41.881917746,-87.6307328253,60603,"CHICAGO MIDWAY AIRPORT, IL US",28.0,21.0,75.0,0.0,0.5,13.0
crash_01748,2019-08-07 15:43:00,2019,8,Aug,Wed,15,Evening commute,30,UNKNOWN,UNKNOWN,UNKNOWN,REAR END,UNKNOWN,UNKNOWN,NO INJURY / DRIVE AWAY,,,"OVER $1,500",UNABLE TO DETERMINE,2,NO INDICATION OF INJURY,0,0,41.9752580953,-87.7519905572,60630,"CHICAGO OHARE INTERNATIONAL AIRPORT, IL US",88.0,61.0,40.0,0.0,10.0,14.0
crash_01749,2023-07-24 11:30:00,2023,7,Jul,Mon,11,Daytime,30,NO CONTROLS,CLEAR,DAYLIGHT,PARKED MOTOR VEHICLE,NOT DIVIDED,DRY,INJURY AND / OR TOW DUE TO CRASH,,,"OVER $1,500",IMPROPER OVERTAKING/PASSING,2,NO INDICATION OF INJURY,0,0,41.8093277498,-87.6129550638,60615,"CHICAGO MIDWAY AIRPORT, IL US",83.0,60.0,46.0,0.0,10.0,7.0
crash_01750,2025-12-06 22:57:00,2025,12,Dec,Sat,22,Night or early morning,30,NO CONTROLS,FREEZING RAIN/DRIZZLE,"DARKNESS, LIGHTED ROAD",TURNING,DIVIDED - W/MEDIAN (NOT RAISED),WET,NO INJURY / DRIVE AWAY,true,,"OVER $1,500",IMPROPER TURNING/NO SIGNAL,2,NO INDICATION OF INJURY,0,0,41.9175936638,-87.6802117933,60647,,,,,,,
crash_01751,2018-12-30 22:20:00,2018,12,Dec,Sun,22,Night or early morning,30,NO CONTROLS,OTHER,"DARKNESS, LIGHTED ROAD",REAR END,NOT DIVIDED,WET,NO INJURY / DRIVE AWAY,,,"$501 - $1,500",FOLLOWING TOO CLOSELY,2,NO INDICATION OF INJURY,0,0,41.9689574501,-87.6564458607,60640,"CHICAGO MIDWAY AIRPORT, IL US",32.0,27.0,82.0,0.0,10.0,8.0
crash_01752,2021-07-16 16:30:00,2021,7,Jul,Fri,16,Evening commute,30,TRAFFIC SIGNAL,CLEAR,DAYLIGHT,ANGLE,T-INTERSECTION,DRY,NO INJURY / DRIVE AWAY,,true,"OVER $1,500",UNABLE TO DETERMINE,2,NO INDICATION OF INJURY,0,0,41.7424841035,-87.5859189619,60619,"CHICAGO MIDWAY AIRPORT, IL US",73.0,59.0,62.0,0.0,10.0,15.0
crash_01753,2020-09-19 00:33:00,2020,9,Sep,Sat,0,Night or early morning,35,NO CONTROLS,CLEAR,"DARKNESS, LIGHTED ROAD",SIDESWIPE SAME DIRECTION,DIVIDED - W/MEDIAN (NOT RAISED),DRY,NO INJURY / DRIVE AWAY,,,"OVER $1,500",UNABLE TO DETERMINE,2,NO INDICATION OF INJURY,0,0,41.8169017075,-87.7240515363,60632,"CHICAGO MIDWAY AIRPORT, IL US",49.0,39.0,69.0,0.0,10.0,0.0
crash_01754,2023-04-30 13:20:00,2023,4,Apr,Sun,13,Daytime,30,TRAFFIC SIGNAL,RAIN,DAYLIGHT,REAR END,NOT DIVIDED,WET,NO INJURY / DRIVE AWAY,true,,"OVER $1,500",UNABLE TO DETERMINE,2,NO INDICATION OF INJURY,0,0,41.802532085,-87.5917879592,60615,"CHICAGO MIDWAY AIRPORT, IL US",45.0,37.0,74.0,0.06,10.0,13.0
crash_01755,2024-06-11 17:02:00,2024,6,Jun,Tue,17,Evening commute,30,TRAFFIC SIGNAL,CLEAR,DAYLIGHT,SIDESWIPE SAME DIRECTION,NOT DIVIDED,DRY,NO INJURY / DRIVE AWAY,,,"OVER $1,500",IMPROPER LANE USAGE,2,NO INDICATION OF INJURY,0,0,41.9463851993,-87.7348413916,60641,"CHICAGO OHARE INTERNATIONAL AIRPORT, IL US",77.0,41.0,28.0,0.0,10.0,9.0
crash_01756,2022-09-03 07:25:00,2022,9,Sep,Sat,7,Morning commute,20,NO CONTROLS,CLEAR,DAYLIGHT,PARKED MOTOR VEHICLE,ONE-WAY,DRY,NO INJURY / DRIVE AWAY,,,"OVER $1,500",IMPROPER BACKING,2,NO INDICATION OF INJURY,0,0,41.8952495338,-87.6593006031,60642,"CHICAGO MIDWAY AIRPORT, IL US",74.0,66.0,76.0,,10.0,6.0
crash_01757,2023-11-21 15:23:00,2023,11,Nov,Tue,15,Evening commute,30,NO CONTROLS,CLEAR,DAYLIGHT,TURNING,PARKING LOT,DRY,NO INJURY / DRIVE AWAY,,true,"OVER $1,500","OPERATING VEHICLE IN ERRATIC, RECKLESS, CARELESS, NEGLIGENT OR AGGRESSIVE MANNER",2,NO INDICATION OF INJURY,0,0,41.7798555908,-87.6451424336,60621,"CHICAGO MIDWAY AIRPORT, IL US",43.0,36.0,76.0,0.0,10.0,13.0
crash_01758,2023-10-31 16:28:00,2023,10,Oct,Tue,16,Evening commute,30,NO CONTROLS,SNOW,DAYLIGHT,REAR END,NOT DIVIDED,WET,NO INJURY / DRIVE AWAY,,,"$501 - $1,500",FOLLOWING TOO CLOSELY,2,NO INDICATION OF INJURY,0,0,41.8371878888,-87.7134364054,60623,"CHICAGO MIDWAY AIRPORT, IL US",33.0,29.0,85.0,0.0,5.0,11.0
crash_01759,2018-11-24 03:20:00,2018,11,Nov,Sat,3,Night or early morning,40,NO CONTROLS,RAIN,"DARKNESS, LIGHTED ROAD",HEAD ON,DIVIDED - W/MEDIAN (NOT RAISED),WET,INJURY AND / OR TOW DUE TO CRASH,,,"OVER $1,500",UNABLE TO DETERMINE,2,NO INDICATION OF INJURY,0,0,41.8058924065,-87.7429617024,60632,"CHICAGO MIDWAY AIRPORT, IL US",45.0,42.0,90.0,0.02,6.0,8.0
crash_01760,2021-02-06 00:45:00,2021,2,Feb,Sat,0,Night or early morning,30,NO CONTROLS,SNOW,DARKNESS,FIXED OBJECT,NOT DIVIDED,SNOW OR SLUSH,NO INJURY / DRIVE AWAY,,,"OVER $1,500",UNABLE TO DETERMINE,1,NO INDICATION OF INJURY,0,0,41.8851233932,-87.7214028542,60624,"CHICAGO MIDWAY AIRPORT, IL US",9.0,-1.0,64.0,0.0,10.0,14.0
crash_01761,2024-08-30 21:30:00,2024,8,Aug,Fri,21,Night or early morning,30,TRAFFIC SIGNAL,CLEAR,"DARKNESS, LIGHTED ROAD",PARKED MOTOR VEHICLE,NOT DIVIDED,DRY,NO INJURY / DRIVE AWAY,,true,"$501 - $1,500",NOT APPLICABLE,2,NO INDICATION OF INJURY,0,0,41.8833146239,-87.6472597912,60661,"CHICAGO MIDWAY AIRPORT, IL US",78.0,68.0,71.0,0.0,10.0,7.0
crash_01762,2019-12-30 17:30:00,2019,12,Dec,Mon,17,Evening commute,30,TRAFFIC SIGNAL,RAIN,"DARKNESS, LIGHTED ROAD",TURNING,FOUR WAY,WET,NO INJURY / DRIVE AWAY,true,,"$501 - $1,500",IMPROPER TURNING/NO SIGNAL,2,NO INDICATION OF INJURY,0,0,,,,,,,,,,
crash_01763,2018-04-05 07:25:00,2018,4,Apr,Thu,7,Morning commute,30,NO CONTROLS,CLEAR,DAYLIGHT,TURNING,ALLEY,DRY,INJURY AND / OR TOW DUE TO CRASH,true,,"OVER $1,500",UNABLE TO DETERMINE,3,INCAPACITATING INJURY,1,0,41.9154973635,-87.702798951,60647,"CHICAGO MIDWAY AIRPORT, IL US",27.0,13.0,55.0,0.0,10.0,5.0
crash_01764,2025-06-09 11:18:00,2025,6,Jun,Mon,11,Daytime,30,NO CONTROLS,CLEAR,DAYLIGHT,PEDALCYCLIST,DIVIDED - W/MEDIAN (NOT RAISED),DRY,INJURY AND / OR TOW DUE TO CRASH,,,$500 OR LESS,FAILING TO REDUCE SPEED TO AVOID CRASH,2,NONINCAPACITATING INJURY,1,0,41.9679690681,-87.7433161651,60630,"CHICAGO OHARE INTERNATIONAL AIRPORT, IL US",68.0,55.0,63.0,0.0,10.0,9.0
crash_01765,2021-05-31 18:43:00,2021,5,May,Mon,18,Evening commute,30,NO CONTROLS,CLEAR,DAYLIGHT,ANGLE,NOT DIVIDED,DRY,NO INJURY / DRIVE AWAY,,,"OVER $1,500",FAILING TO YIELD RIGHT-OF-WAY,2,NO INDICATION OF INJURY,0,0,41.7562068989,-87.6429013775,60620,"CHICAGO MIDWAY AIRPORT, IL US",63.0,43.0,48.0,0.0,10.0,10.0
crash_01766,2022-08-05 01:57:00,2022,8,Aug,Fri,1,Night or early morning,30,TRAFFIC SIGNAL,CLEAR,"DARKNESS, LIGHTED ROAD",TURNING,NOT DIVIDED,DRY,INJURY AND / OR TOW DUE TO CRASH,true,true,"OVER $1,500",FAILING TO YIELD RIGHT-OF-WAY,2,NO INDICATION OF INJURY,0,0,41.7871089078,-87.6319285907,60621,"CHICAGO MIDWAY AIRPORT, IL US",75.0,66.0,74.0,0.0,10.0,3.0
crash_01767,2019-06-14 14:55:00,2019,6,Jun,Fri,14,Daytime,30,TRAFFIC SIGNAL,CLEAR,DAYLIGHT,SIDESWIPE SAME DIRECTION,NOT DIVIDED,DRY,NO INJURY / DRIVE AWAY,,true,"$501 - $1,500",IMPROPER OVERTAKING/PASSING,2,NO INDICATION OF INJURY,0,0,41.9386851164,-87.7664402651,60641,"CHICAGO OHARE INTERNATIONAL AIRPORT, IL US",78.0,48.0,35.0,0.0,10.0,21.0
crash_01768,2024-05-22 19:39:00,2024,5,May,Wed,19,Night or early morning,30,TRAFFIC SIGNAL,CLEAR,"DARKNESS, LIGHTED ROAD",TURNING,NOT DIVIDED,DRY,INJURY AND / OR TOW DUE TO CRASH,true,,"OVER $1,500",IMPROPER TURNING/NO SIGNAL,2,"REPORTED, NOT EVIDENT",2,0,41.9131860784,-87.6327010523,60614,"CHICAGO MIDWAY AIRPORT, IL US",73.0,41.0,32.0,0.0,10.0,11.0
crash_01769,2024-09-08 17:15:00,2024,9,Sep,Sun,17,Evening commute,30,TRAFFIC SIGNAL,CLEAR,DAYLIGHT,TURNING,FOUR WAY,DRY,NO INJURY / DRIVE AWAY,,true,"$501 - $1,500",IMPROPER OVERTAKING/PASSING,2,NO INDICATION OF INJURY,0,0,41.7802386572,-87.5776359087,60649,"CHICAGO MIDWAY AIRPORT, IL US",72.0,46.0,40.0,0.0,10.0,11.0
crash_01770,2022-04-15 05:33:00,2022,4,Apr,Fri,5,Night or early morning,30,NO CONTROLS,UNKNOWN,"DARKNESS, LIGHTED ROAD",PARKED MOTOR VEHICLE,DIVIDED - W/MEDIAN (NOT RAISED),UNKNOWN,INJURY AND / OR TOW DUE TO CRASH,,true,"OVER $1,500",FAILING TO REDUCE SPEED TO AVOID CRASH,2,NO INDICATION OF INJURY,0,0,41.9027893481,-87.725602211,60651,"CHICAGO MIDWAY AIRPORT, IL US",44.0,17.0,34.0,0.0,10.0,13.0
crash_01771,2020-03-09 16:35:00,2020,3,Mar,Mon,16,Evening commute,30,NO CONTROLS,RAIN,DAYLIGHT,ANGLE,NOT DIVIDED,WET,NO INJURY / DRIVE AWAY,,,"OVER $1,500",UNABLE TO DETERMINE,2,NO INDICATION OF INJURY,0,0,41.7365202313,-87.5870520179,60619,"CHICAGO MIDWAY AIRPORT, IL US",55.0,51.0,87.0,0.06,5.0,15.0
crash_01772,2018-05-26 00:02:00,2018,5,May,Sat,0,Night or early morning,30,STOP SIGN/FLASHER,RAIN,"DARKNESS, LIGHTED ROAD",ANGLE,NOT DIVIDED,WET,INJURY AND / OR TOW DUE TO CRASH,true,,"OVER $1,500",FAILING TO YIELD RIGHT-OF-WAY,3,NONINCAPACITATING INJURY,2,0,41.780369246,-87.6144753473,60637,"CHICAGO MIDWAY AIRPORT, IL US",72.0,69.0,91.0,0.05,7.0,9.0
crash_01773,2020-11-26 15:45:00,2020,11,Nov,Thu,15,Evening commute,30,TRAFFIC SIGNAL,CLEAR,DAYLIGHT,SIDESWIPE SAME DIRECTION,DIVIDED - W/MEDIAN BARRIER,DRY,NO INJURY / DRIVE AWAY,,,"OVER $1,500",UNABLE TO DETERMINE,3,NO INDICATION OF INJURY,0,0,41.8731503686,-87.6204451473,60605,"CHICAGO MIDWAY AIRPORT, IL US",45.0,36.0,71.0,,10.0,10.0
crash_01774,2019-05-06 16:00:00,2019,5,May,Mon,16,Evening commute,30,NO CONTROLS,CLEAR,DAYLIGHT,REAR END,RAMP,DRY,NO INJURY / DRIVE AWAY,,,$500 OR LESS,FOLLOWING TOO CLOSELY,2,NO INDICATION OF INJURY,0,0,41.9261607198,-87.6315146648,60614,"CHICAGO MIDWAY AIRPORT, IL US",57.0,45.0,64.0,0.0,10.0,10.0
crash_01775,2019-06-02 20:15:00,2019,6,Jun,Sun,20,Night or early morning,15,NO CONTROLS,CLEAR,UNKNOWN,PARKED MOTOR VEHICLE,PARKING LOT,DRY,NO INJURY / DRIVE AWAY,,true,"$501 - $1,500",UNABLE TO DETERMINE,2,NO INDICATION OF INJURY,0,0,41.8804684977,-87.7561340033,60644,"CHICAGO MIDWAY AIRPORT, IL US",62.0,38.0,41.0,0.0,10.0,7.0
crash_01776,2018-03-10 11:55:00,2018,3,Mar,Sat,11,Daytime,20,NO CONTROLS,CLEAR,DAYLIGHT,ANGLE,NOT DIVIDED,DRY,NO INJURY / DRIVE AWAY,,,"OVER $1,500",DISTRACTION - FROM INSIDE VEHICLE,2,NO INDICATION OF INJURY,0,0,41.8035940252,-87.6126829689,60615,"CHICAGO MIDWAY AIRPORT, IL US",39.0,13.0,34.0,0.0,10.0,6.0
crash_01777,2024-03-19 19:06:00,2024,3,Mar,Tue,19,Night or early morning,30,TRAFFIC SIGNAL,CLEAR,DUSK,REAR END,FOUR WAY,DRY,NO INJURY / DRIVE AWAY,true,,"OVER $1,500",NOT APPLICABLE,2,NO INDICATION OF INJURY,0,0,41.764185795,-87.5864263891,60619,"CHICAGO MIDWAY AIRPORT, IL US",57.0,27.0,32.0,0.0,10.0,15.0
crash_01778,2020-01-10 17:48:00,2020,1,Jan,Fri,17,Evening commute,30,TRAFFIC SIGNAL,FOG/SMOKE/HAZE,"DARKNESS, LIGHTED ROAD",REAR END,FOUR WAY,WET,INJURY AND / OR TOW DUE TO CRASH,true,,"OVER $1,500",DISTRACTION - FROM INSIDE VEHICLE,3,NONINCAPACITATING INJURY,1,0,41.7520605355,-87.5499424553,60649,"CHICAGO MIDWAY AIRPORT, IL US",39.0,37.0,93.0,,0.75,11.0
crash_01779,2018-04-27 16:42:00,2018,4,Apr,Fri,16,Evening commute,30,TRAFFIC SIGNAL,CLEAR,DAYLIGHT,TURNING,DIVIDED - W/MEDIAN BARRIER,DRY,NO INJURY / DRIVE AWAY,true,,"OVER $1,500",IMPROPER LANE USAGE,2,NO INDICATION OF INJURY,0,0,41.8858015463,-87.6246597711,60601,"CHICAGO MIDWAY AIRPORT, IL US",50.0,26.0,39.0,0.0,10.0,13.0
crash_01780,2024-05-20 09:30:00,2024,5,May,Mon,9,Morning commute,30,NO CONTROLS,CLEAR,DAYLIGHT,OTHER OBJECT,ALLEY,DRY,NO INJURY / DRIVE AWAY,,,"$501 - $1,500",UNABLE TO DETERMINE,1,NO INDICATION OF INJURY,0,0,41.9033283837,-87.6967442354,60622,"CHICAGO MIDWAY AIRPORT, IL US",83.0,64.0,53.0,0.0,10.0,13.0
crash_01781,2022-03-26 13:25:00,2022,3,Mar,Sat,13,Daytime,30,NO CONTROLS,CLEAR,DAYLIGHT,PARKED MOTOR VEHICLE,PARKING LOT,DRY,NO INJURY / DRIVE AWAY,,true,"$501 - $1,500",UNDER THE INFLUENCE OF ALCOHOL/DRUGS (USE WHEN ARREST IS EFFECTED),2,NO INDICATION OF INJURY,0,0,41.6819403602,-87.6419593629,60628,"CHICAGO MIDWAY AIRPORT, IL US",32.0,16.0,52.0,0.0,10.0,21.0
crash_01782,2022-08-17 00:19:00,2022,8,Aug,Wed,0,Night or early morning,15,NO CONTROLS,CLEAR,"DARKNESS, LIGHTED ROAD",REAR END,NOT DIVIDED,DRY,NO INJURY / DRIVE AWAY,,,"OVER $1,500",FAILING TO REDUCE SPEED TO AVOID CRASH,2,NO INDICATION OF INJURY,0,0,41.8037990027,-87.748002753,60638,"CHICAGO MIDWAY AIRPORT, IL US",71.0,60.0,68.0,,10.0,8.0
crash_01783,2022-12-24 14:40:00,2022,12,Dec,Sat,14,Daytime,40,NO CONTROLS,CLEAR,DAYLIGHT,SIDESWIPE SAME DIRECTION,DIVIDED - W/MEDIAN BARRIER,DRY,NO INJURY / DRIVE AWAY,,,"OVER $1,500",FAILING TO YIELD RIGHT-OF-WAY,2,NO INDICATION OF INJURY,0,0,41.9112245556,-87.6264825724,60610,"CHICAGO MIDWAY AIRPORT, IL US",13.0,0.0,56.0,0.0,10.0,25.0
crash_01784,2023-04-27 09:45:00,2023,4,Apr,Thu,9,Morning commute,25,TRAFFIC SIGNAL,CLEAR,DAYLIGHT,TURNING,ONE-WAY,DRY,NO INJURY / DRIVE AWAY,,,"$501 - $1,500",IMPROPER LANE USAGE,2,NO INDICATION OF INJURY,0,0,41.7875864458,-87.6060183539,60637,"CHICAGO MIDWAY AIRPORT, IL US",54.0,30.0,40.0,0.0,10.0,11.0
crash_01785,2019-12-18 13:00:00,2019,12,Dec,Wed,13,Daytime,15,NO CONTROLS,CLEAR,DAYLIGHT,REAR TO REAR,PARKING LOT,DRY,NO INJURY / DRIVE AWAY,,,"$501 - $1,500",UNABLE TO DETERMINE,2,NO INDICATION OF INJURY,0,0,41.9969237015,-87.8069451919,60631,"CHICAGO OHARE INTERNATIONAL AIRPORT, IL US",16.0,-6.0,37.0,0.0,10.0,9.0
crash_01786,2018-08-09 17:17:00,2018,8,Aug,Thu,17,Evening commute,30,TRAFFIC SIGNAL,CLEAR,DAYLIGHT,REAR END,NOT DIVIDED,DRY,NO INJURY / DRIVE AWAY,true,true,"OVER $1,500",FAILING TO REDUCE SPEED TO AVOID CRASH,2,NO INDICATION OF INJURY,0,0,41.9019920846,-87.7156028329,60651,"CHICAGO MIDWAY AIRPORT, IL US",91.0,69.0,49.0,0.0,10.0,16.0
crash_01787,2022-09-29 15:15:00,2022,9,Sep,Thu,15,Evening commute,35,STOP SIGN/FLASHER,CLEAR,DAYLIGHT,ANGLE,FOUR WAY,DRY,NO INJURY / DRIVE AWAY,,,"OVER $1,500",UNABLE TO DETERMINE,2,NO INDICATION OF INJURY,0,0,41.8470044594,-87.6856473229,60608,"CHICAGO MIDWAY AIRPORT, IL US",64.0,44.0,48.0,0.0,10.0,8.0
crash_01788,2024-10-02 08:23:00,2024,10,Oct,Wed,8,Morning commute,30,STOP SIGN/FLASHER,CLEAR,DAYLIGHT,SIDESWIPE OPPOSITE DIRECTION,NOT DIVIDED,DRY,NO INJURY / DRIVE AWAY,,true,"OVER $1,500",UNABLE TO DETERMINE,2,NO INDICATION OF INJURY,0,0,41.8932114208,-87.718833337,60624,"CHICAGO MIDWAY AIRPORT, IL US",53.0,40.0,61.0,0.0,10.0,3.0
crash_01789,2021-02-25 18:15:00,2021,2,Feb,Thu,18,Evening commute,30,UNKNOWN,UNKNOWN,UNKNOWN,PARKED MOTOR VEHICLE,PARKING LOT,UNKNOWN,NO INJURY / DRIVE AWAY,,true,"OVER $1,500",UNABLE TO DETERMINE,2,NO INDICATION OF INJURY,0,0,41.9768950984,-87.6922796678,60625,"CHICAGO OHARE INTERNATIONAL AIRPORT, IL US",36.0,24.0,62.0,0.0,10.0,5.0
crash_01790,2022-07-14 07:45:00,2022,7,Jul,Thu,7,Morning commute,15,NO CONTROLS,CLEAR,DAYLIGHT,ANGLE,ALLEY,DRY,NO INJURY / DRIVE AWAY,,,"OVER $1,500",NOT APPLICABLE,2,NO INDICATION OF INJURY,0,0,41.8481255938,-87.7345495359,60623,"CHICAGO MIDWAY AIRPORT, IL US",71.0,58.0,63.0,0.0,10.0,8.0
crash_01791,2023-10-25 14:14:00,2023,10,Oct,Wed,14,Daytime,30,NO CONTROLS,CLEAR,DAYLIGHT,REAR END,NOT DIVIDED,WET,NO INJURY / DRIVE AWAY,,,"OVER $1,500",UNABLE TO DETERMINE,2,NO INDICATION OF INJURY,0,0,41.9973148817,-87.7719158437,60646,"CHICAGO OHARE INTERNATIONAL AIRPORT, IL US",65.0,59.0,81.0,0.0,10.0,6.0
crash_01792,2019-01-06 14:15:00,2019,1,Jan,Sun,14,Daytime,30,TRAFFIC SIGNAL,CLEAR,DAYLIGHT,REAR END,NOT DIVIDED,DRY,INJURY AND / OR TOW DUE TO CRASH,true,,"OVER $1,500",FOLLOWING TOO CLOSELY,2,NONINCAPACITATING INJURY,2,0,41.7742490188,-87.5763241549,60649,"CHICAGO MIDWAY AIRPORT, IL US",40.0,28.0,63.0,0.0,10.0,10.0
crash_01793,2022-06-14 16:05:00,2022,6,Jun,Tue,16,Evening commute,35,STOP SIGN/FLASHER,CLEAR,DAYLIGHT,TURNING,DIVIDED - W/MEDIAN (NOT RAISED),UNKNOWN,INJURY AND / OR TOW DUE TO CRASH,,true,"$501 - $1,500",FAILING TO YIELD RIGHT-OF-WAY,2,NONINCAPACITATING INJURY,1,0,41.7586821718,-87.5835381604,60649,"CHICAGO MIDWAY AIRPORT, IL US",100.0,69.0,37.0,0.0,10.0,13.0