crash_id,crash_datetime,crash_year,crash_month,crash_month_name,crash_weekday_name,crash_hour,time_period,posted_speed_limit_mph,traffic_control_device,reported_weather_condition,reported_lighting_condition,first_crash_type,trafficway_type,reported_road_surface_condition,crash_type,intersection_related,hit_and_run,estimated_damage,primary_contributory_cause,unit_count,most_severe_injury,injuries_total,injuries_fatal,latitude,longitude,zip5,weather_station_name,temperature_f,dew_point_f,relative_humidity_percent,precipitation_inches,visibility_miles,wind_speed_mph
crash_01794,2024-11-13 19:45:00,2024,11,Nov,Wed,19,Night or early morning,30,TRAFFIC SIGNAL,RAIN,DARKNESS,PEDESTRIAN,NOT DIVIDED,WET,INJURY AND / OR TOW DUE TO CRASH,true,true,$500 OR LESS,FAILING TO YIELD RIGHT-OF-WAY,2,"REPORTED, NOT EVIDENT",1,0,41.7901783203,-87.6743394384,60636,"CHICAGO MIDWAY AIRPORT, IL US",48.0,45.0,87.0,,2.5,9.0
crash_01795,2019-10-08 09:40:00,2019,10,Oct,Tue,9,Morning commute,30,TRAFFIC SIGNAL,CLEAR,DAYLIGHT,REAR END,DIVIDED - W/MEDIAN (NOT RAISED),DRY,INJURY AND / OR TOW DUE TO CRASH,true,,"OVER $1,500",FAILING TO REDUCE SPEED TO AVOID CRASH,2,NO INDICATION OF INJURY,0,0,41.8756990817,-87.6326285865,60605,"CHICAGO MIDWAY AIRPORT, IL US",61.0,44.0,54.0,0.0,10.0,5.0
crash_01796,2018-07-09 07:42:00,2018,7,Jul,Mon,7,Morning commute,30,NO CONTROLS,CLEAR,DAYLIGHT,REAR END,DIVIDED - W/MEDIAN (NOT RAISED),DRY,NO INJURY / DRIVE AWAY,,,$500 OR LESS,UNABLE TO DETERMINE,2,NO INDICATION OF INJURY,0,0,41.9980983595,-87.6752533739,60626,"CHICAGO OHARE INTERNATIONAL AIRPORT, IL US",75.0,62.0,64.0,0.0,10.0,8.0
crash_01797,2023-07-13 12:15:00,2023,7,Jul,Thu,12,Daytime,30,NO CONTROLS,CLEAR,DAYLIGHT,PARKED MOTOR VEHICLE,ONE-WAY,DRY,INJURY AND / OR TOW DUE TO CRASH,,,"OVER $1,500","EVASIVE ACTION DUE TO ANIMAL, OBJECT, NONMOTORIST",2,NONINCAPACITATING INJURY,1,0,41.8930102907,-87.6392342335,60654,"CHICAGO MIDWAY AIRPORT, IL US",70.0,60.0,71.0,0.0,10.0,0.0
crash_01798,2021-10-22 10:00:00,2021,10,Oct,Fri,10,Daytime,45,DELINEATORS,CLEAR,DAYLIGHT,SIDESWIPE SAME DIRECTION,DIVIDED - W/MEDIAN BARRIER,DRY,INJURY AND / OR TOW DUE TO CRASH,,,"OVER $1,500",DRIVING SKILLS/KNOWLEDGE/EXPERIENCE,2,NO INDICATION OF INJURY,0,0,41.8018005146,-87.5817531,60615,"CHICAGO MIDWAY AIRPORT, IL US",48.0,36.0,63.0,0.0,10.0,8.0
crash_01799,2020-08-15 18:45:00,2020,8,Aug,Sat,18,Evening commute,30,NO CONTROLS,CLEAR,DAYLIGHT,TURNING,NOT DIVIDED,DRY,NO INJURY / DRIVE AWAY,,true,"$501 - $1,500",NOT APPLICABLE,2,NO INDICATION OF INJURY,0,0,41.8007272599,-87.7039102174,60632,"CHICAGO MIDWAY AIRPORT, IL US",77.0,68.0,74.0,0.0,10.0,9.0
crash_01800,2019-12-11 15:55:00,2019,12,Dec,Wed,15,Evening commute,30,TRAFFIC SIGNAL,CLEAR,DUSK,PEDALCYCLIST,NOT DIVIDED,DRY,INJURY AND / OR TOW DUE TO CRASH,,true,$500 OR LESS,DISREGARDING TRAFFIC SIGNALS,2,NONINCAPACITATING INJURY,1,0,41.8601185014,-87.6274083114,60616,"CHICAGO MIDWAY AIRPORT, IL US",24.0,9.0,52.0,0.0,10.0,6.0
crash_01801,2018-09-23 03:00:00,2018,9,Sep,Sun,3,Night or early morning,25,NO CONTROLS,CLEAR,"DARKNESS, LIGHTED ROAD",PARKED MOTOR VEHICLE,ONE-WAY,DRY,NO INJURY / DRIVE AWAY,,true,"OVER $1,500",UNABLE TO DETERMINE,2,NO INDICATION OF INJURY,0,0,41.9328107685,-87.7639891138,60641,"CHICAGO OHARE INTERNATIONAL AIRPORT, IL US",52.0,47.0,83.0,0.0,10.0,0.0
crash_01802,2023-02-24 08:32:00,2023,2,Feb,Fri,8,Morning commute,15,OTHER,CLEAR,DAYLIGHT,PARKED MOTOR VEHICLE,PARKING LOT,DRY,NO INJURY / DRIVE AWAY,,true,"$501 - $1,500",DRIVING SKILLS/KNOWLEDGE/EXPERIENCE,2,NO INDICATION OF INJURY,0,0,41.8304028226,-87.6949524679,60623,"CHICAGO MIDWAY AIRPORT, IL US",22.0,13.0,68.0,,10.0,10.0
crash_01803,2022-06-04 11:50:00,2022,6,Jun,Sat,11,Daytime,30,TRAFFIC SIGNAL,CLEAR,DAYLIGHT,TURNING,FOUR WAY,DRY,INJURY AND / OR TOW DUE TO CRASH,true,,"OVER $1,500",UNABLE TO DETERMINE,2,"REPORTED, NOT EVIDENT",1,0,41.9174509887,-87.7119883729,60647,"CHICAGO MIDWAY AIRPORT, IL US",71.0,45.0,39.0,0.0,10.0,8.0
crash_01804,2019-12-20 06:30:00,2019,12,Dec,Fri,6,Morning commute,35,NO CONTROLS,CLEAR,DAYLIGHT,REAR END,NOT DIVIDED,DRY,NO INJURY / DRIVE AWAY,,,"$501 - $1,500",FOLLOWING TOO CLOSELY,2,NO INDICATION OF INJURY,0,0,41.7788293922,-87.7187420305,60629,"CHICAGO MIDWAY AIRPORT, IL US",26.0,21.0,81.0,0.0,5.0,5.0
crash_01805,2021-11-01 09:22:00,2021,11,Nov,Mon,9,Morning commute,30,STOP SIGN/FLASHER,CLEAR,DAYLIGHT,PEDESTRIAN,T-INTERSECTION,DRY,NO INJURY / DRIVE AWAY,true,true,$500 OR LESS,UNABLE TO DETERMINE,2,NO INDICATION OF INJURY,0,0,41.9310378017,-87.7918640458,60634,"CHICAGO OHARE INTERNATIONAL AIRPORT, IL US",38.0,29.0,70.0,0.0,10.0,5.0
crash_01806,2025-03-08 11:46:00,2025,3,Mar,Sat,11,Daytime,30,TRAFFIC SIGNAL,CLEAR,DAYLIGHT,TURNING,NOT DIVIDED,DRY,NO INJURY / DRIVE AWAY,,,"$501 - $1,500",NOT APPLICABLE,2,NO INDICATION OF INJURY,0,0,41.8674542854,-87.6322074225,60605,"CHICAGO MIDWAY AIRPORT, IL US",44.0,27.0,51.0,0.0,10.0,9.0
crash_01807,2023-08-23 10:30:00,2023,8,Aug,Wed,10,Daytime,15,NO CONTROLS,CLEAR,DAYLIGHT,REAR END,ONE-WAY,UNKNOWN,NO INJURY / DRIVE AWAY,,true,"OVER $1,500",UNABLE TO DETERMINE,2,NO INDICATION OF INJURY,0,0,41.8959863868,-87.665507875,60642,"CHICAGO MIDWAY AIRPORT, IL US",91.0,79.0,68.0,0.0,7.0,16.0
crash_01808,2022-08-20 09:30:00,2022,8,Aug,Sat,9,Morning commute,30,NO CONTROLS,CLOUDY/OVERCAST,DAYLIGHT,SIDESWIPE SAME DIRECTION,NOT DIVIDED,WET,NO INJURY / DRIVE AWAY,,,"OVER $1,500",UNABLE TO DETERMINE,2,NO INDICATION OF INJURY,0,0,41.9098770283,-87.7354854,60639,"CHICAGO MIDWAY AIRPORT, IL US",74.0,64.0,71.0,,10.0,13.0
crash_01809,2020-04-02 09:50:00,2020,4,Apr,Thu,9,Morning commute,30,STOP SIGN/FLASHER,CLEAR,DAYLIGHT,PEDESTRIAN,NOT DIVIDED,DRY,INJURY AND / OR TOW DUE TO CRASH,,true,$500 OR LESS,FAILING TO YIELD RIGHT-OF-WAY,2,NONINCAPACITATING INJURY,1,0,41.9319490714,-87.7232423933,60618,"CHICAGO MIDWAY AIRPORT, IL US",45.0,38.0,77.0,0.0,10.0,7.0
crash_01810,2024-03-19 14:40:00,2024,3,Mar,Tue,14,Daytime,30,NO CONTROLS,CLEAR,DAYLIGHT,OTHER NONCOLLISION,ONE-WAY,DRY,NO INJURY / DRIVE AWAY,,,$500 OR LESS,NOT APPLICABLE,1,NO INDICATION OF INJURY,0,0,41.8915907411,-87.6258671372,60611,"CHICAGO MIDWAY AIRPORT, IL US",56.0,26.0,32.0,0.0,10.0,18.0
crash_01811,2019-03-10 06:20:00,2019,3,Mar,Sun,6,Morning commute,30,NO CONTROLS,CLEAR,"DARKNESS, LIGHTED ROAD",SIDESWIPE OPPOSITE DIRECTION,NOT DIVIDED,DRY,INJURY AND / OR TOW DUE TO CRASH,true,,"OVER $1,500",IMPROPER LANE USAGE,2,NONINCAPACITATING INJURY,1,0,41.9234778277,-87.7965628691,60707,"CHICAGO OHARE INTERNATIONAL AIRPORT, IL US",36.0,32.0,86.0,,10.0,21.0
crash_01812,2022-11-30 17:28:00,2022,11,Nov,Wed,17,Evening commute,30,NO CONTROLS,CLEAR,DUSK,TURNING,NOT DIVIDED,UNKNOWN,NO INJURY / DRIVE AWAY,,,"OVER $1,500",UNABLE TO DETERMINE,2,NO INDICATION OF INJURY,0,0,41.9765353843,-87.6925248024,60625,"CHICAGO OHARE INTERNATIONAL AIRPORT, IL US",25.0,12.0,58.0,0.0,10.0,18.0
crash_01813,2022-02-25 18:31:00,2022,2,Feb,Fri,18,Evening commute,30,NO CONTROLS,SNOW,"DARKNESS, LIGHTED ROAD",SIDESWIPE SAME DIRECTION,ONE-WAY,WET,NO INJURY / DRIVE AWAY,,,$500 OR LESS,FAILING TO YIELD RIGHT-OF-WAY,2,NO INDICATION OF INJURY,0,0,41.7951781053,-87.6319673838,60609,"CHICAGO MIDWAY AIRPORT, IL US",28.0,15.0,58.0,0.0,10.0,9.0
crash_01814,2021-06-03 12:50:00,2021,6,Jun,Thu,12,Daytime,25,NO CONTROLS,CLEAR,DAYLIGHT,SIDESWIPE SAME DIRECTION,ONE-WAY,DRY,NO INJURY / DRIVE AWAY,,,"$501 - $1,500",NOT APPLICABLE,2,NO INDICATION OF INJURY,0,0,41.7573456163,-87.5835997244,60649,"CHICAGO MIDWAY AIRPORT, IL US",82.0,45.0,27.0,0.0,10.0,5.0
crash_01815,2023-12-18 00:05:00,2023,12,Dec,Mon,0,Night or early morning,30,NO CONTROLS,CLEAR,UNKNOWN,PARKED MOTOR VEHICLE,NOT DIVIDED,DRY,NO INJURY / DRIVE AWAY,,true,"OVER $1,500",UNABLE TO DETERMINE,2,NO INDICATION OF INJURY,0,0,41.7986775287,-87.7283666377,60632,"CHICAGO MIDWAY AIRPORT, IL US",37.0,32.0,82.0,0.0,10.0,15.0
crash_01816,2023-07-17 12:20:00,2023,7,Jul,Mon,12,Daytime,15,NO CONTROLS,CLEAR,DAYLIGHT,ANGLE,ALLEY,DRY,NO INJURY / DRIVE AWAY,,,$500 OR LESS,UNABLE TO DETERMINE,2,NO INDICATION OF INJURY,0,0,41.986480837,-87.6554324423,60660,"CHICAGO OHARE INTERNATIONAL AIRPORT, IL US",76.0,51.0,42.0,0.0,10.0,15.0
crash_01817,2019-12-31 18:58:00,2019,12,Dec,Tue,18,Evening commute,30,NO CONTROLS,CLEAR,"DARKNESS, LIGHTED ROAD",TURNING,NOT DIVIDED,DRY,INJURY AND / OR TOW DUE TO CRASH,,,"$501 - $1,500",FAILING TO YIELD RIGHT-OF-WAY,2,"REPORTED, NOT EVIDENT",1,0,41.7073461546,-87.6056110011,60628,"CHICAGO MIDWAY AIRPORT, IL US",29.0,21.0,72.0,0.0,10.0,15.0
crash_01818,2022-08-27 12:35:00,2022,8,Aug,Sat,12,Daytime,30,STOP SIGN/FLASHER,CLEAR,DAYLIGHT,SIDESWIPE SAME DIRECTION,DIVIDED - W/MEDIAN (NOT RAISED),DRY,NO INJURY / DRIVE AWAY,,,"OVER $1,500",IMPROPER OVERTAKING/PASSING,2,NO INDICATION OF INJURY,0,0,41.714168099,-87.6552911603,60643,"CHICAGO MIDWAY AIRPORT, IL US",83.0,60.0,46.0,,10.0,3.0
crash_01819,2025-02-10 08:25:00,2025,2,Feb,Mon,8,Morning commute,20,STOP SIGN/FLASHER,CLEAR,DAYLIGHT,ANGLE,FOUR WAY,DRY,NO INJURY / DRIVE AWAY,true,,"OVER $1,500",FAILING TO YIELD RIGHT-OF-WAY,2,NO INDICATION OF INJURY,0,0,41.8168372637,-87.6334190505,60609,"CHICAGO MIDWAY AIRPORT, IL US",24.0,6.0,46.0,0.0,10.0,8.0
crash_01820,2018-05-01 10:34:00,2018,5,May,Tue,10,Daytime,30,NO CONTROLS,CLEAR,DAYLIGHT,REAR END,NOT DIVIDED,DRY,NO INJURY / DRIVE AWAY,,,"OVER $1,500",DRIVING SKILLS/KNOWLEDGE/EXPERIENCE,2,NO INDICATION OF INJURY,0,0,41.7567213427,-87.6134507019,60619,"CHICAGO MIDWAY AIRPORT, IL US",77.0,48.0,36.0,0.0,10.0,13.0
crash_01821,2020-12-26 16:30:00,2020,12,Dec,Sat,16,Evening commute,30,STOP SIGN/FLASHER,CLEAR,DAYLIGHT,TURNING,NOT DIVIDED,DRY,NO INJURY / DRIVE AWAY,,,"OVER $1,500",IMPROPER OVERTAKING/PASSING,2,NO INDICATION OF INJURY,0,0,41.7510976406,-87.7413632088,60652,"CHICAGO MIDWAY AIRPORT, IL US",30.0,17.0,58.0,0.0,10.0,7.0
crash_01822,2021-01-21 17:22:00,2021,1,Jan,Thu,17,Evening commute,30,TRAFFIC SIGNAL,CLEAR,"DARKNESS, LIGHTED ROAD",PEDESTRIAN,FOUR WAY,DRY,INJURY AND / OR TOW DUE TO CRASH,true,,"OVER $1,500",FAILING TO YIELD RIGHT-OF-WAY,2,INCAPACITATING INJURY,1,0,41.8673626926,-87.6392931946,60607,"CHICAGO MIDWAY AIRPORT, IL US",37.0,21.0,52.0,0.0,10.0,20.0
crash_01823,2021-09-15 15:30:00,2021,9,Sep,Wed,15,Evening commute,20,NO CONTROLS,CLEAR,DAYLIGHT,SIDESWIPE SAME DIRECTION,OTHER,DRY,NO INJURY / DRIVE AWAY,,,"$501 - $1,500",NOT APPLICABLE,2,NO INDICATION OF INJURY,0,0,41.7786847162,-87.7142516633,60629,"CHICAGO MIDWAY AIRPORT, IL US",74.0,49.0,41.0,0.0,10.0,10.0
crash_01824,2025-09-26 10:00:00,2025,9,Sep,Fri,10,Daytime,30,STOP SIGN/FLASHER,CLEAR,DAYLIGHT,ANGLE,FOUR WAY,UNKNOWN,NO INJURY / DRIVE AWAY,true,,"OVER $1,500",FAILING TO YIELD RIGHT-OF-WAY,3,NO INDICATION OF INJURY,0,0,41.6797108218,-87.6264879003,60628,,,,,,,
crash_01825,2020-06-19 16:05:00,2020,6,Jun,Fri,16,Evening commute,30,NO CONTROLS,CLEAR,DAYLIGHT,FIXED OBJECT,NOT DIVIDED,DRY,NO INJURY / DRIVE AWAY,,,"$501 - $1,500",UNABLE TO DETERMINE,1,NO INDICATION OF INJURY,0,0,41.8992512699,-87.6239811553,60611,"CHICAGO MIDWAY AIRPORT, IL US",91.0,55.0,30.0,0.0,10.0,8.0
crash_01826,2023-05-07 05:19:00,2023,5,May,Sun,5,Night or early morning,30,TRAFFIC SIGNAL,CLEAR,DAWN,REAR END,DIVIDED - W/MEDIAN (NOT RAISED),DRY,INJURY AND / OR TOW DUE TO CRASH,true,,"OVER $1,500",UNABLE TO DETERMINE,3,"REPORTED, NOT EVIDENT",1,0,41.9647782691,-87.6889350577,60625,"CHICAGO OHARE INTERNATIONAL AIRPORT, IL US",67.0,60.0,79.0,0.0,10.0,8.0
crash_01827,2022-05-18 10:45:00,2022,5,May,Wed,10,Daytime,20,UNKNOWN,RAIN,DAYLIGHT,PEDALCYCLIST,ONE-WAY,WET,INJURY AND / OR TOW DUE TO CRASH,,true,$500 OR LESS,UNABLE TO DETERMINE,2,NONINCAPACITATING INJURY,1,0,41.9677266985,-87.7254283037,60625,"CHICAGO OHARE INTERNATIONAL AIRPORT, IL US",53.0,50.0,89.0,0.04,6.0,9.0
crash_01828,2020-06-16 09:15:00,2020,6,Jun,Tue,9,Morning commute,30,NO CONTROLS,CLEAR,DAYLIGHT,PARKED MOTOR VEHICLE,ONE-WAY,DRY,NO INJURY / DRIVE AWAY,,,"OVER $1,500",IMPROPER OVERTAKING/PASSING,2,NO INDICATION OF INJURY,0,0,41.7780562642,-87.7053881958,60629,"CHICAGO MIDWAY AIRPORT, IL US",73.0,56.0,55.0,0.0,10.0,5.0
crash_01829,2023-06-12 02:09:00,2023,6,Jun,Mon,2,Night or early morning,30,NO CONTROLS,CLEAR,"DARKNESS, LIGHTED ROAD",SIDESWIPE SAME DIRECTION,DIVIDED - W/MEDIAN BARRIER,DRY,INJURY AND / OR TOW DUE TO CRASH,,true,"OVER $1,500",IMPROPER OVERTAKING/PASSING,2,"REPORTED, NOT EVIDENT",1,0,41.806685232,-87.7429797983,60632,"CHICAGO MIDWAY AIRPORT, IL US",54.0,42.0,64.0,0.0,10.0,15.0
crash_01830,2024-01-09 23:52:00,2024,1,Jan,Tue,23,Night or early morning,30,STOP SIGN/FLASHER,SNOW,"DARKNESS, LIGHTED ROAD",PARKED MOTOR VEHICLE,ONE-WAY,WET,NO INJURY / DRIVE AWAY,,true,"OVER $1,500",IMPROPER OVERTAKING/PASSING,3,NO INDICATION OF INJURY,0,0,41.917182256,-87.7374133128,60639,"CHICAGO MIDWAY AIRPORT, IL US",35.0,30.0,82.0,0.0,10.0,18.0
crash_01831,2022-10-08 23:30:00,2022,10,Oct,Sat,23,Night or early morning,30,TRAFFIC SIGNAL,CLEAR,"DARKNESS, LIGHTED ROAD",TURNING,NOT DIVIDED,DRY,NO INJURY / DRIVE AWAY,,,"OVER $1,500",UNABLE TO DETERMINE,2,NO INDICATION OF INJURY,0,0,41.8757380182,-87.6289718655,60605,"CHICAGO MIDWAY AIRPORT, IL US",49.0,30.0,48.0,0.0,10.0,8.0
crash_01832,2019-09-21 09:15:00,2019,9,Sep,Sat,9,Morning commute,30,NO CONTROLS,CLEAR,DAYLIGHT,REAR END,NOT DIVIDED,DRY,NO INJURY / DRIVE AWAY,,true,"$501 - $1,500",FAILING TO REDUCE SPEED TO AVOID CRASH,2,NO INDICATION OF INJURY,0,0,41.9531224375,-87.7277486007,60641,"CHICAGO OHARE INTERNATIONAL AIRPORT, IL US",75.0,67.0,76.0,0.0,10.0,14.0
crash_01833,2025-07-12 05:31:00,2025,7,Jul,Sat,5,Night or early morning,30,NO CONTROLS,CLEAR,DAYLIGHT,FIXED OBJECT,NOT DIVIDED,DRY,NO INJURY / DRIVE AWAY,,,"OVER $1,500",ROAD ENGINEERING/SURFACE/MARKING DEFECTS,1,NO INDICATION OF INJURY,0,0,41.9105551163,-87.6651783591,60642,"CHICAGO MIDWAY AIRPORT, IL US",72.0,66.0,83.0,,10.0,9.0
crash_01834,2025-02-11 13:01:00,2025,2,Feb,Tue,13,Daytime,10,NO CONTROLS,CLEAR,DAYLIGHT,ANGLE,PARKING LOT,DRY,NO INJURY / DRIVE AWAY,,,"OVER $1,500",UNABLE TO DETERMINE,2,NO INDICATION OF INJURY,0,0,41.7883071067,-87.6050631202,60637,"CHICAGO MIDWAY AIRPORT, IL US",26.0,17.0,69.0,0.0,10.0,14.0
crash_01835,2018-08-17 22:00:00,2018,8,Aug,Fri,22,Night or early morning,30,STOP SIGN/FLASHER,CLEAR,"DARKNESS, LIGHTED ROAD",ANGLE,NOT DIVIDED,DRY,INJURY AND / OR TOW DUE TO CRASH,true,,"OVER $1,500",DISREGARDING STOP SIGN,2,NONINCAPACITATING INJURY,1,0,41.9829569931,-87.7646081857,60630,"CHICAGO OHARE INTERNATIONAL AIRPORT, IL US",76.0,69.0,79.0,0.0,10.0,9.0
crash_01836,2021-08-31 19:17:00,2021,8,Aug,Tue,19,Night or early morning,30,NO CONTROLS,CLEAR,DUSK,SIDESWIPE SAME DIRECTION,NOT DIVIDED,DRY,NO INJURY / DRIVE AWAY,,,"$501 - $1,500",UNABLE TO DETERMINE,2,NO INDICATION OF INJURY,0,0,41.9140601958,-87.7460277339,60639,"CHICAGO MIDWAY AIRPORT, IL US",77.0,55.0,47.0,0.0,10.0,15.0
crash_01837,2023-05-19 10:00:00,2023,5,May,Fri,10,Daytime,30,TRAFFIC SIGNAL,RAIN,DAYLIGHT,REAR END,NOT DIVIDED,WET,NO INJURY / DRIVE AWAY,,,"OVER $1,500",UNABLE TO DETERMINE,2,NO INDICATION OF INJURY,0,0,41.8235667404,-87.6460521714,60609,"CHICAGO MIDWAY AIRPORT, IL US",65.0,59.0,81.0,0.05,9.0,9.0
crash_01838,2022-07-27 08:45:00,2022,7,Jul,Wed,8,Morning commute,45,NO CONTROLS,CLEAR,DAYLIGHT,REAR END,DIVIDED - W/MEDIAN BARRIER,UNKNOWN,NO INJURY / DRIVE AWAY,,,"$501 - $1,500",FOLLOWING TOO CLOSELY,2,NO INDICATION OF INJURY,0,0,41.9221207966,-87.6302432603,60614,"CHICAGO MIDWAY AIRPORT, IL US",76.0,67.0,74.0,0.0,10.0,10.0
crash_01839,2019-01-22 02:04:00,2019,1,Jan,Tue,2,Night or early morning,35,TRAFFIC SIGNAL,SNOW,"DARKNESS, LIGHTED ROAD",PARKED MOTOR VEHICLE,DIVIDED - W/MEDIAN (NOT RAISED),ICE,NO INJURY / DRIVE AWAY,,,"OVER $1,500",FAILING TO REDUCE SPEED TO AVOID CRASH,2,NO INDICATION OF INJURY,0,0,41.8164096659,-87.6242966501,60653,"CHICAGO MIDWAY AIRPORT, IL US",15.0,1.0,53.0,0.0,10.0,15.0
crash_01840,2020-01-06 18:11:00,2020,1,Jan,Mon,18,Evening commute,30,TRAFFIC SIGNAL,CLEAR,DAYLIGHT,REAR END,DIVIDED - W/MEDIAN (NOT RAISED),DRY,NO INJURY / DRIVE AWAY,,,"OVER $1,500",FAILING TO REDUCE SPEED TO AVOID CRASH,2,NO INDICATION OF INJURY,0,0,41.8034669806,-87.7217864296,60632,"CHICAGO MIDWAY AIRPORT, IL US",37.0,18.0,46.0,0.0,10.0,10.0
crash_01841,2023-05-24 23:20:00,2023,5,May,Wed,23,Night or early morning,30,NO CONTROLS,UNKNOWN,"DARKNESS, LIGHTED ROAD",REAR END,NOT DIVIDED,DRY,NO INJURY / DRIVE AWAY,,,"OVER $1,500",FOLLOWING TOO CLOSELY,2,NO INDICATION OF INJURY,0,0,41.7008221346,-87.6234864834,60628,"CHICAGO MIDWAY AIRPORT, IL US",59.0,35.0,41.0,0.0,10.0,16.0
crash_01842,2019-05-22 20:00:00,2019,5,May,Wed,20,Night or early morning,30,NO CONTROLS,CLEAR,DARKNESS,SIDESWIPE SAME DIRECTION,RAMP,DRY,NO INJURY / DRIVE AWAY,,,"$501 - $1,500",IMPROPER OVERTAKING/PASSING,2,NO INDICATION OF INJURY,0,0,41.9546892413,-87.6449746442,60613,"CHICAGO MIDWAY AIRPORT, IL US",79.0,60.0,52.0,0.0,10.0,20.0
crash_01843,2022-11-27 01:00:00,2022,11,Nov,Sun,1,Night or early morning,30,NO CONTROLS,CLEAR,DARKNESS,REAR END,DIVIDED - W/MEDIAN BARRIER,DRY,NO INJURY / DRIVE AWAY,,true,"OVER $1,500",FAILING TO REDUCE SPEED TO AVOID CRASH,2,NO INDICATION OF INJURY,0,0,41.8065651083,-87.6845166965,60632,"CHICAGO MIDWAY AIRPORT, IL US",43.0,35.0,74.0,0.0,10.0,3.0
crash_01844,2019-04-22 14:59:00,2019,4,Apr,Mon,14,Daytime,30,TRAFFIC SIGNAL,CLEAR,DAYLIGHT,PEDALCYCLIST,NOT DIVIDED,DRY,NO INJURY / DRIVE AWAY,true,true,$500 OR LESS,UNABLE TO DETERMINE,2,NO INDICATION OF INJURY,0,0,41.8746494353,-87.6291854363,60605,"CHICAGO MIDWAY AIRPORT, IL US",79.0,51.0,38.0,0.0,10.0,18.0
crash_01845,2024-07-14 15:30:00,2024,7,Jul,Sun,15,Evening commute,30,NO CONTROLS,CLEAR,DAYLIGHT,PARKED MOTOR VEHICLE,DIVIDED - W/MEDIAN (NOT RAISED),DRY,NO INJURY / DRIVE AWAY,,true,"OVER $1,500",NOT APPLICABLE,2,NO INDICATION OF INJURY,0,0,41.9293395841,-87.7080476148,60647,"CHICAGO MIDWAY AIRPORT, IL US",85.0,70.0,61.0,0.0,10.0,15.0
crash_01846,2022-11-02 16:00:00,2022,11,Nov,Wed,16,Evening commute,25,NO CONTROLS,UNKNOWN,UNKNOWN,ANGLE,PARKING LOT,UNKNOWN,NO INJURY / DRIVE AWAY,,,"$501 - $1,500",UNABLE TO DETERMINE,2,NO INDICATION OF INJURY,0,0,41.9314835918,-87.7419918714,60639,"CHICAGO OHARE INTERNATIONAL AIRPORT, IL US",71.0,48.0,44.0,0.0,10.0,10.0
crash_01847,2019-11-10 08:00:00,2019,11,Nov,Sun,8,Morning commute,30,NO CONTROLS,CLEAR,DAYLIGHT,PARKED MOTOR VEHICLE,NOT DIVIDED,DRY,NO INJURY / DRIVE AWAY,,true,"OVER $1,500",UNABLE TO DETERMINE,2,NO INDICATION OF INJURY,0,0,41.903849774,-87.6417294229,60610,"CHICAGO MIDWAY AIRPORT, IL US",42.0,32.0,68.0,0.0,10.0,10.0
crash_01848,2019-10-07 08:20:00,2019,10,Oct,Mon,8,Morning commute,30,NO CONTROLS,CLEAR,DAYLIGHT,SIDESWIPE SAME DIRECTION,DIVIDED - W/MEDIAN (NOT RAISED),DRY,NO INJURY / DRIVE AWAY,,,"OVER $1,500",UNABLE TO DETERMINE,2,NO INDICATION OF INJURY,0,0,41.9685319415,-87.711663989,60625,"CHICAGO OHARE INTERNATIONAL AIRPORT, IL US",50.0,44.0,80.0,0.0,10.0,7.0
crash_01849,2020-10-03 12:00:00,2020,10,Oct,Sat,12,Daytime,30,NO CONTROLS,CLEAR,DAYLIGHT,PARKED MOTOR VEHICLE,OTHER,DRY,NO INJURY / DRIVE AWAY,,true,"OVER $1,500",UNABLE TO DETERMINE,2,NO INDICATION OF INJURY,0,0,41.7969802517,-87.7090134167,60632,"CHICAGO MIDWAY AIRPORT, IL US",54.0,37.0,53.0,0.0,10.0,8.0
crash_01850,2020-01-31 19:40:00,2020,1,Jan,Fri,19,Night or early morning,15,NO CONTROLS,CLEAR,"DARKNESS, LIGHTED ROAD",PARKED MOTOR VEHICLE,PARKING LOT,DRY,NO INJURY / DRIVE AWAY,,,"$501 - $1,500",UNABLE TO DETERMINE,2,NO INDICATION OF INJURY,0,0,41.919899684,-87.6618055364,60614,"CHICAGO MIDWAY AIRPORT, IL US",35.0,28.0,76.0,0.0,9.0,6.0
crash_01851,2020-12-19 10:00:00,2020,12,Dec,Sat,10,Daytime,30,NO CONTROLS,CLEAR,DARKNESS,ANGLE,NOT DIVIDED,DRY,NO INJURY / DRIVE AWAY,,,"$501 - $1,500",UNABLE TO DETERMINE,2,NO INDICATION OF INJURY,0,0,41.8088750531,-87.6018330925,60615,"CHICAGO MIDWAY AIRPORT, IL US",40.0,32.0,73.0,0.0,10.0,10.0
crash_01852,2024-05-15 08:59:00,2024,5,May,Wed,8,Morning commute,30,TRAFFIC SIGNAL,CLEAR,DAYLIGHT,SIDESWIPE SAME DIRECTION,DIVIDED - W/MEDIAN (NOT RAISED),DRY,NO INJURY / DRIVE AWAY,true,,"OVER $1,500",IMPROPER OVERTAKING/PASSING,2,NO INDICATION OF INJURY,0,0,41.8668673669,-87.6760482401,60612,"CHICAGO MIDWAY AIRPORT, IL US",57.0,46.0,67.0,0.0,10.0,16.0
crash_01853,2024-02-28 16:00:00,2024,2,Feb,Wed,16,Evening commute,30,TRAFFIC SIGNAL,CLEAR,DAYLIGHT,ANGLE,FOUR WAY,DRY,NO INJURY / DRIVE AWAY,true,,"OVER $1,500",UNABLE TO DETERMINE,2,NO INDICATION OF INJURY,0,0,41.7583928091,-87.610400252,60619,"CHICAGO MIDWAY AIRPORT, IL US",33.0,8.0,35.0,0.0,10.0,16.0