crash_id,crash_datetime,crash_year,crash_month,crash_month_name,crash_weekday_name,crash_hour,time_period,posted_speed_limit_mph,traffic_control_device,reported_weather_condition,reported_lighting_condition,first_crash_type,trafficway_type,reported_road_surface_condition,crash_type,intersection_related,hit_and_run,estimated_damage,primary_contributory_cause,unit_count,most_severe_injury,injuries_total,injuries_fatal,latitude,longitude,zip5,weather_station_name,temperature_f,dew_point_f,relative_humidity_percent,precipitation_inches,visibility_miles,wind_speed_mph
crash_01854,2023-08-29 14:50:00,2023,8,Aug,Tue,14,Daytime,30,TRAFFIC SIGNAL,CLEAR,DAYLIGHT,REAR END,NOT DIVIDED,DRY,INJURY AND / OR TOW DUE TO CRASH,,,"OVER $1,500",FOLLOWING TOO CLOSELY,2,"REPORTED, NOT EVIDENT",1,0,41.983005761,-87.7873360104,60646,"CHICAGO OHARE INTERNATIONAL AIRPORT, IL US",85.0,60.0,43.0,0.0,10.0,9.0
crash_01855,2023-10-14 13:20:00,2023,10,Oct,Sat,13,Daytime,30,TRAFFIC SIGNAL,RAIN,DAYLIGHT,REAR END,DIVIDED - W/MEDIAN (NOT RAISED),WET,INJURY AND / OR TOW DUE TO CRASH,,,$500 OR LESS,DRIVING SKILLS/KNOWLEDGE/EXPERIENCE,2,"REPORTED, NOT EVIDENT",1,0,41.9188305886,-87.6486810865,60614,"CHICAGO MIDWAY AIRPORT, IL US",53.0,47.0,80.0,0.0,8.0,23.0
crash_01856,2020-01-31 16:19:00,2020,1,Jan,Fri,16,Evening commute,30,NO CONTROLS,CLEAR,DAYLIGHT,SIDESWIPE SAME DIRECTION,DIVIDED - W/MEDIAN BARRIER,DRY,NO INJURY / DRIVE AWAY,,,$500 OR LESS,IMPROPER LANE USAGE,2,NO INDICATION OF INJURY,0,0,41.7442968461,-87.5852294684,60617,"CHICAGO MIDWAY AIRPORT, IL US",36.0,30.0,79.0,0.0,9.0,9.0
crash_01857,2020-03-04 17:35:00,2020,3,Mar,Wed,17,Evening commute,30,TRAFFIC SIGNAL,CLEAR,DAYLIGHT,TURNING,NOT DIVIDED,DRY,NO INJURY / DRIVE AWAY,true,,"$501 - $1,500",FAILING TO YIELD RIGHT-OF-WAY,2,NO INDICATION OF INJURY,0,0,41.9317547843,-87.7369598236,60641,"CHICAGO OHARE INTERNATIONAL AIRPORT, IL US",45.0,23.0,42.0,0.0,10.0,11.0
crash_01858,2024-07-12 22:00:00,2024,7,Jul,Fri,22,Night or early morning,30,STOP SIGN/FLASHER,CLEAR,"DARKNESS, LIGHTED ROAD",ANGLE,NOT DIVIDED,DRY,INJURY AND / OR TOW DUE TO CRASH,,,"OVER $1,500",FAILING TO YIELD RIGHT-OF-WAY,2,NO INDICATION OF INJURY,0,0,41.9794466792,-87.7137848691,60625,"CHICAGO OHARE INTERNATIONAL AIRPORT, IL US",76.0,64.0,67.0,0.0,10.0,6.0
crash_01859,2025-03-29 07:11:00,2025,3,Mar,Sat,7,Morning commute,20,NO CONTROLS,CLOUDY/OVERCAST,"DARKNESS, LIGHTED ROAD",PARKED MOTOR VEHICLE,PARKING LOT,DRY,NO INJURY / DRIVE AWAY,,true,"OVER $1,500",FOLLOWING TOO CLOSELY,2,NO INDICATION OF INJURY,0,0,,,,,,,,,,
crash_01860,2020-02-22 13:30:00,2020,2,Feb,Sat,13,Daytime,40,NO CONTROLS,CLEAR,DAYLIGHT,REAR END,DIVIDED - W/MEDIAN BARRIER,DRY,NO INJURY / DRIVE AWAY,,,"OVER $1,500",UNABLE TO DETERMINE,2,NO INDICATION OF INJURY,0,0,41.8969163422,-87.6165652327,60611,"CHICAGO MIDWAY AIRPORT, IL US",50.0,25.0,38.0,0.0,10.0,16.0
crash_01861,2021-12-08 11:40:00,2021,12,Dec,Wed,11,Daytime,30,TRAFFIC SIGNAL,CLEAR,DAYLIGHT,TURNING,FOUR WAY,DRY,NO INJURY / DRIVE AWAY,true,,"OVER $1,500",FAILING TO YIELD RIGHT-OF-WAY,2,NO INDICATION OF INJURY,0,0,41.8091854091,-87.6334274395,60609,"CHICAGO MIDWAY AIRPORT, IL US",33.0,19.0,56.0,0.0,10.0,9.0
crash_01862,2024-09-19 14:52:00,2024,9,Sep,Thu,14,Daytime,30,NO CONTROLS,CLEAR,DAYLIGHT,PARKED MOTOR VEHICLE,NOT DIVIDED,DRY,NO INJURY / DRIVE AWAY,,,"OVER $1,500",IMPROPER BACKING,2,NO INDICATION OF INJURY,0,0,41.8086113503,-87.6562138229,60609,"CHICAGO MIDWAY AIRPORT, IL US",89.0,51.0,27.0,0.0,10.0,5.0
crash_01863,2024-10-25 18:00:00,2024,10,Oct,Fri,18,Evening commute,30,TRAFFIC SIGNAL,CLEAR,"DARKNESS, LIGHTED ROAD",TURNING,FOUR WAY,DRY,NO INJURY / DRIVE AWAY,true,,"$501 - $1,500",FAILING TO YIELD RIGHT-OF-WAY,2,NO INDICATION OF INJURY,0,0,41.8910445691,-87.6203718391,60611,"CHICAGO MIDWAY AIRPORT, IL US",61.0,39.0,44.0,0.0,10.0,11.0
crash_01864,2019-05-21 07:55:00,2019,5,May,Tue,7,Morning commute,30,TRAFFIC SIGNAL,RAIN,DAYLIGHT,REAR END,NOT DIVIDED,WET,NO INJURY / DRIVE AWAY,,,$500 OR LESS,FOLLOWING TOO CLOSELY,2,NO INDICATION OF INJURY,0,0,41.9726340852,-87.6791553508,60640,"CHICAGO OHARE INTERNATIONAL AIRPORT, IL US",48.0,43.0,83.0,0.01,10.0,16.0
crash_01865,2024-07-03 12:20:00,2024,7,Jul,Wed,12,Daytime,30,NO CONTROLS,CLEAR,DAYLIGHT,REAR END,ONE-WAY,DRY,NO INJURY / DRIVE AWAY,,,"OVER $1,500",UNABLE TO DETERMINE,2,NO INDICATION OF INJURY,0,0,41.8808560477,-87.6176358918,60603,"CHICAGO MIDWAY AIRPORT, IL US",83.0,70.0,65.0,0.0,10.0,6.0
crash_01866,2022-12-16 13:46:00,2022,12,Dec,Fri,13,Daytime,30,NO CONTROLS,CLEAR,DAYLIGHT,REAR END,NOT DIVIDED,DRY,INJURY AND / OR TOW DUE TO CRASH,,,"OVER $1,500",NOT APPLICABLE,2,NONINCAPACITATING INJURY,1,0,41.8086131128,-87.6770615177,60609,"CHICAGO MIDWAY AIRPORT, IL US",29.0,23.0,78.0,0.0,2.5,13.0
crash_01867,2025-02-18 12:00:00,2025,2,Feb,Tue,12,Daytime,20,UNKNOWN,UNKNOWN,UNKNOWN,REAR TO FRONT,T-INTERSECTION,UNKNOWN,NO INJURY / DRIVE AWAY,true,,"OVER $1,500",UNABLE TO DETERMINE,2,NO INDICATION OF INJURY,0,0,41.9511747216,-87.6580752693,60613,"CHICAGO MIDWAY AIRPORT, IL US",11.0,-7.0,44.0,0.0,10.0,9.0
crash_01868,2018-08-29 12:06:00,2018,8,Aug,Wed,12,Daytime,30,TRAFFIC SIGNAL,CLEAR,DAYLIGHT,REAR END,NOT DIVIDED,DRY,NO INJURY / DRIVE AWAY,true,,$500 OR LESS,FOLLOWING TOO CLOSELY,2,NO INDICATION OF INJURY,0,0,41.9318310256,-87.727126873,60641,"CHICAGO MIDWAY AIRPORT, IL US",71.0,69.0,94.0,0.01,5.0,9.0
crash_01869,2019-08-18 14:30:00,2019,8,Aug,Sun,14,Daytime,25,TRAFFIC SIGNAL,CLEAR,UNKNOWN,REAR TO FRONT,NOT DIVIDED,UNKNOWN,NO INJURY / DRIVE AWAY,,,"OVER $1,500",FOLLOWING TOO CLOSELY,2,NO INDICATION OF INJURY,0,0,41.845640059,-87.6318102874,60616,"CHICAGO MIDWAY AIRPORT, IL US",83.0,70.0,65.0,0.0,10.0,11.0
crash_01870,2018-06-29 15:50:00,2018,6,Jun,Fri,15,Evening commute,30,TRAFFIC SIGNAL,CLEAR,DAYLIGHT,SIDESWIPE SAME DIRECTION,DIVIDED - W/MEDIAN BARRIER,DRY,NO INJURY / DRIVE AWAY,,,"OVER $1,500",FAILING TO YIELD RIGHT-OF-WAY,2,NO INDICATION OF INJURY,0,0,41.8874493534,-87.6278540275,60601,"CHICAGO MIDWAY AIRPORT, IL US",94.0,77.0,58.0,0.0,10.0,15.0
crash_01871,2020-05-20 01:43:00,2020,5,May,Wed,1,Night or early morning,30,TRAFFIC SIGNAL,CLEAR,UNKNOWN,PARKED MOTOR VEHICLE,NOT DIVIDED,UNKNOWN,INJURY AND / OR TOW DUE TO CRASH,,,"OVER $1,500",UNABLE TO DETERMINE,2,NO INDICATION OF INJURY,0,0,41.7654659279,-87.6280736816,60621,"CHICAGO MIDWAY AIRPORT, IL US",56.0,52.0,87.0,0.0,10.0,16.0
crash_01872,2021-02-20 15:45:00,2021,2,Feb,Sat,15,Evening commute,30,NO CONTROLS,UNKNOWN,DAYLIGHT,SIDESWIPE OPPOSITE DIRECTION,DIVIDED - W/MEDIAN (NOT RAISED),WET,NO INJURY / DRIVE AWAY,,true,"$501 - $1,500",DRIVING ON WRONG SIDE/WRONG WAY,2,NO INDICATION OF INJURY,0,0,42.0076708185,-87.6814647018,60645,"CHICAGO OHARE INTERNATIONAL AIRPORT, IL US",29.0,16.0,58.0,0.0,10.0,7.0
crash_01873,2022-02-17 10:38:00,2022,2,Feb,Thu,10,Daytime,5,NO CONTROLS,CLOUDY/OVERCAST,DAYLIGHT,FIXED OBJECT,OTHER,DRY,NO INJURY / DRIVE AWAY,,,"OVER $1,500",UNABLE TO DETERMINE,1,NO INDICATION OF INJURY,0,0,41.976021875,-87.6876613705,60625,"CHICAGO OHARE INTERNATIONAL AIRPORT, IL US",28.0,20.0,72.0,0.0,10.0,29.0
crash_01874,2021-09-04 09:00:00,2021,9,Sep,Sat,9,Morning commute,30,NO CONTROLS,UNKNOWN,UNKNOWN,PARKED MOTOR VEHICLE,ONE-WAY,UNKNOWN,NO INJURY / DRIVE AWAY,,true,"OVER $1,500",UNABLE TO DETERMINE,2,NO INDICATION OF INJURY,0,0,41.9041853072,-87.6918363152,60622,"CHICAGO MIDWAY AIRPORT, IL US",69.0,56.0,63.0,0.0,10.0,10.0
crash_01875,2022-11-06 01:00:00,2022,11,Nov,Sun,1,Night or early morning,25,NO CONTROLS,CLEAR,"DARKNESS, LIGHTED ROAD",PARKED MOTOR VEHICLE,ONE-WAY,DRY,NO INJURY / DRIVE AWAY,,,"$501 - $1,500",UNABLE TO DETERMINE,2,NO INDICATION OF INJURY,0,0,41.7816743752,-87.7300274861,60629,"CHICAGO MIDWAY AIRPORT, IL US",47.0,37.0,69.0,0.0,10.0,7.0
crash_01876,2023-04-28 15:08:00,2023,4,Apr,Fri,15,Evening commute,35,TRAFFIC SIGNAL,CLOUDY/OVERCAST,DAYLIGHT,REAR END,FOUR WAY,DRY,NO INJURY / DRIVE AWAY,true,true,"OVER $1,500",FOLLOWING TOO CLOSELY,2,NO INDICATION OF INJURY,0,0,41.7065211179,-87.6817719935,60655,"CHICAGO MIDWAY AIRPORT, IL US",58.0,34.0,41.0,0.0,10.0,10.0
crash_01877,2023-09-19 07:50:00,2023,9,Sep,Tue,7,Morning commute,35,TRAFFIC SIGNAL,RAIN,DAYLIGHT,PEDALCYCLIST,NOT DIVIDED,WET,INJURY AND / OR TOW DUE TO CRASH,false,,"$501 - $1,500",FAILING TO YIELD RIGHT-OF-WAY,2,NONINCAPACITATING INJURY,1,0,41.8549037841,-87.6760660362,60608,"CHICAGO MIDWAY AIRPORT, IL US",60.0,52.0,75.0,0.0,10.0,9.0
crash_01878,2022-11-08 23:30:00,2022,11,Nov,Tue,23,Night or early morning,30,TRAFFIC SIGNAL,CLEAR,"DARKNESS, LIGHTED ROAD",SIDESWIPE SAME DIRECTION,NOT DIVIDED,DRY,NO INJURY / DRIVE AWAY,,,"OVER $1,500",IMPROPER OVERTAKING/PASSING,2,NO INDICATION OF INJURY,0,0,41.9120473552,-87.805727027,60707,"CHICAGO OHARE INTERNATIONAL AIRPORT, IL US",49.0,36.0,61.0,0.0,10.0,10.0
crash_01879,2022-03-16 17:40:00,2022,3,Mar,Wed,17,Evening commute,30,STOP SIGN/FLASHER,UNKNOWN,UNKNOWN,TURNING,FOUR WAY,UNKNOWN,NO INJURY / DRIVE AWAY,true,,"$501 - $1,500",UNABLE TO DETERMINE,2,NO INDICATION OF INJURY,0,0,42.006445367,-87.6808983174,60645,"CHICAGO OHARE INTERNATIONAL AIRPORT, IL US",68.0,44.0,42.0,0.0,10.0,14.0
crash_01880,2022-10-17 16:27:00,2022,10,Oct,Mon,16,Evening commute,30,NO CONTROLS,CLOUDY/OVERCAST,DAYLIGHT,PARKED MOTOR VEHICLE,ONE-WAY,DRY,INJURY AND / OR TOW DUE TO CRASH,,true,"OVER $1,500",UNABLE TO DETERMINE,3,NO INDICATION OF INJURY,0,0,41.7680983466,-87.5737598123,60649,"CHICAGO MIDWAY AIRPORT, IL US",44.0,28.0,53.0,0.0,10.0,16.0
crash_01881,2021-08-16 19:20:00,2021,8,Aug,Mon,19,Night or early morning,10,NO CONTROLS,CLEAR,DAYLIGHT,PARKED MOTOR VEHICLE,PARKING LOT,DRY,NO INJURY / DRIVE AWAY,,,"OVER $1,500",IMPROPER OVERTAKING/PASSING,2,NO INDICATION OF INJURY,0,0,41.8920941369,-87.6115698839,60611,"CHICAGO MIDWAY AIRPORT, IL US",76.0,54.0,47.0,0.0,10.0,10.0
crash_01882,2024-11-13 18:00:00,2024,11,Nov,Wed,18,Evening commute,35,NO CONTROLS,RAIN,"DARKNESS, LIGHTED ROAD",REAR END,NOT DIVIDED,DRY,NO INJURY / DRIVE AWAY,,,"$501 - $1,500",UNABLE TO DETERMINE,2,NO INDICATION OF INJURY,0,0,41.9767523138,-87.7284136216,60630,"CHICAGO OHARE INTERNATIONAL AIRPORT, IL US",50.0,42.0,74.0,0.01,10.0,10.0
crash_01883,2025-09-16 20:10:00,2025,9,Sep,Tue,20,Night or early morning,10,NO CONTROLS,CLEAR,DARKNESS,PEDESTRIAN,PARKING LOT,DRY,INJURY AND / OR TOW DUE TO CRASH,,true,$500 OR LESS,UNABLE TO DETERMINE,2,"REPORTED, NOT EVIDENT",1,0,41.9316889194,-87.7430169468,60641,,,,,,,
crash_01884,2023-08-23 17:29:00,2023,8,Aug,Wed,17,Evening commute,30,STOP SIGN/FLASHER,CLEAR,DAYLIGHT,SIDESWIPE SAME DIRECTION,UNKNOWN INTERSECTION TYPE,DRY,NO INJURY / DRIVE AWAY,true,,$500 OR LESS,FAILING TO YIELD RIGHT-OF-WAY,2,NO INDICATION OF INJURY,0,0,41.7649988421,-87.6518336723,60621,"CHICAGO MIDWAY AIRPORT, IL US",96.0,77.0,54.0,0.0,10.0,13.0
crash_01885,2024-11-01 19:10:00,2024,11,Nov,Fri,19,Night or early morning,30,TRAFFIC SIGNAL,CLEAR,"DARKNESS, LIGHTED ROAD",REAR END,DIVIDED - W/MEDIAN (NOT RAISED),DRY,NO INJURY / DRIVE AWAY,,,"OVER $1,500",NOT APPLICABLE,2,NO INDICATION OF INJURY,0,0,41.7829997281,-87.683890455,60629,"CHICAGO MIDWAY AIRPORT, IL US",48.0,36.0,63.0,0.0,10.0,5.0
crash_01886,2024-07-03 16:21:00,2024,7,Jul,Wed,16,Evening commute,30,NO CONTROLS,CLEAR,DAYLIGHT,REAR END,NOT DIVIDED,DRY,NO INJURY / DRIVE AWAY,true,,"OVER $1,500",FAILING TO REDUCE SPEED TO AVOID CRASH,2,NO INDICATION OF INJURY,0,0,41.8662019806,-87.7136311773,60623,"CHICAGO MIDWAY AIRPORT, IL US",90.0,61.0,38.0,0.0,10.0,10.0
crash_01887,2025-03-16 03:39:00,2025,3,Mar,Sun,3,Night or early morning,30,NO CONTROLS,RAIN,"DARKNESS, LIGHTED ROAD",SIDESWIPE OPPOSITE DIRECTION,NOT DIVIDED,UNKNOWN,INJURY AND / OR TOW DUE TO CRASH,,,"OVER $1,500",UNABLE TO DETERMINE,3,NO INDICATION OF INJURY,0,0,41.8954758353,-87.7557636831,60651,"CHICAGO MIDWAY AIRPORT, IL US",38.0,34.0,86.0,0.12,7.0,10.0
crash_01888,2019-05-08 16:10:00,2019,5,May,Wed,16,Evening commute,30,TRAFFIC SIGNAL,CLEAR,DAYLIGHT,SIDESWIPE SAME DIRECTION,NOT DIVIDED,DRY,NO INJURY / DRIVE AWAY,,,$500 OR LESS,FAILING TO YIELD RIGHT-OF-WAY,2,NO INDICATION OF INJURY,0,0,41.8442563686,-87.7173767176,60623,"CHICAGO MIDWAY AIRPORT, IL US",67.0,51.0,57.0,0.0,10.0,10.0
crash_01889,2024-10-04 16:02:00,2024,10,Oct,Fri,16,Evening commute,30,TRAFFIC SIGNAL,CLEAR,DAYLIGHT,REAR END,ONE-WAY,DRY,INJURY AND / OR TOW DUE TO CRASH,,,"OVER $1,500",UNABLE TO DETERMINE,2,NONINCAPACITATING INJURY,3,0,41.8014664432,-87.6321414322,60609,"CHICAGO MIDWAY AIRPORT, IL US",70.0,51.0,51.0,0.0,10.0,15.0
crash_01890,2023-02-11 11:11:00,2023,2,Feb,Sat,11,Daytime,25,TRAFFIC SIGNAL,CLEAR,DAYLIGHT,SIDESWIPE SAME DIRECTION,ONE-WAY,DRY,NO INJURY / DRIVE AWAY,,,"$501 - $1,500",UNABLE TO DETERMINE,2,NO INDICATION OF INJURY,0,0,41.8752160726,-87.6578488798,60607,"CHICAGO MIDWAY AIRPORT, IL US",40.0,15.0,36.0,0.0,10.0,11.0
crash_01891,2023-05-08 07:42:00,2023,5,May,Mon,7,Morning commute,30,TRAFFIC SIGNAL,CLEAR,DAYLIGHT,TURNING,NOT DIVIDED,DRY,NO INJURY / DRIVE AWAY,true,,"OVER $1,500",FAILING TO YIELD RIGHT-OF-WAY,2,NO INDICATION OF INJURY,0,0,41.9905520817,-87.6994643962,60659,"CHICAGO OHARE INTERNATIONAL AIRPORT, IL US",51.0,47.0,86.0,0.0,10.0,5.0
crash_01892,2023-06-26 19:45:00,2023,6,Jun,Mon,19,Night or early morning,30,STOP SIGN/FLASHER,UNKNOWN,UNKNOWN,ANGLE,NOT DIVIDED,UNKNOWN,INJURY AND / OR TOW DUE TO CRASH,true,true,"OVER $1,500",DRIVING SKILLS/KNOWLEDGE/EXPERIENCE,2,NO INDICATION OF INJURY,0,0,41.8861795599,-87.7401822697,60624,"CHICAGO MIDWAY AIRPORT, IL US",74.0,60.0,62.0,0.0,4.0,10.0
crash_01893,2021-07-07 15:32:00,2021,7,Jul,Wed,15,Evening commute,30,NO CONTROLS,CLEAR,DAYLIGHT,REAR END,NOT DIVIDED,DRY,NO INJURY / DRIVE AWAY,,,"OVER $1,500",FAILING TO REDUCE SPEED TO AVOID CRASH,2,NO INDICATION OF INJURY,0,0,41.9597478225,-87.7535366451,60641,"CHICAGO OHARE INTERNATIONAL AIRPORT, IL US",87.0,64.0,46.0,0.0,10.0,9.0
crash_01894,2021-07-24 03:50:00,2021,7,Jul,Sat,3,Night or early morning,30,TRAFFIC SIGNAL,CLEAR,"DARKNESS, LIGHTED ROAD",FIXED OBJECT,CENTER TURN LANE,DRY,INJURY AND / OR TOW DUE TO CRASH,,true,"OVER $1,500",UNABLE TO DETERMINE,1,NO INDICATION OF INJURY,0,0,41.9173908744,-87.7169141215,60647,"CHICAGO MIDWAY AIRPORT, IL US",77.0,68.0,74.0,0.0,9.0,8.0
crash_01895,2023-06-20 18:50:00,2023,6,Jun,Tue,18,Evening commute,25,NO CONTROLS,CLEAR,DAYLIGHT,PARKED MOTOR VEHICLE,NOT DIVIDED,DRY,INJURY AND / OR TOW DUE TO CRASH,,,"OVER $1,500",DRIVING SKILLS/KNOWLEDGE/EXPERIENCE,3,NO INDICATION OF INJURY,0,0,42.001158435,-87.6657527101,60626,"CHICAGO OHARE INTERNATIONAL AIRPORT, IL US",77.0,53.0,43.0,0.0,10.0,17.0
crash_01896,2023-06-24 19:00:00,2023,6,Jun,Sat,19,Night or early morning,30,STOP SIGN/FLASHER,CLEAR,DAYLIGHT,SIDESWIPE SAME DIRECTION,OTHER,DRY,NO INJURY / DRIVE AWAY,,,$500 OR LESS,UNABLE TO DETERMINE,2,NO INDICATION OF INJURY,0,0,41.8920941369,-87.6115698839,60611,"CHICAGO MIDWAY AIRPORT, IL US",85.0,61.0,45.0,0.0,10.0,11.0
crash_01897,2019-11-15 11:52:00,2019,11,Nov,Fri,11,Daytime,30,TRAFFIC SIGNAL,CLEAR,DAYLIGHT,REAR END,DIVIDED - W/MEDIAN (NOT RAISED),DRY,INJURY AND / OR TOW DUE TO CRASH,true,,"$501 - $1,500",UNABLE TO DETERMINE,3,NONINCAPACITATING INJURY,3,0,41.990024694,-87.728708871,60646,"CHICAGO OHARE INTERNATIONAL AIRPORT, IL US",32.0,24.0,73.0,0.0,9.0,5.0
crash_01898,2018-11-20 17:15:00,2018,11,Nov,Tue,17,Evening commute,30,TRAFFIC SIGNAL,CLEAR,DAYLIGHT,TURNING,NOT DIVIDED,DRY,NO INJURY / DRIVE AWAY,,,"OVER $1,500",FAILING TO YIELD RIGHT-OF-WAY,2,NO INDICATION OF INJURY,0,0,41.8522248793,-87.6756951973,60608,"CHICAGO MIDWAY AIRPORT, IL US",32.0,21.0,64.0,0.0,10.0,14.0
crash_01899,2018-05-03 23:31:00,2018,5,May,Thu,23,Night or early morning,30,STOP SIGN/FLASHER,CLEAR,"DARKNESS, LIGHTED ROAD",ANGLE,OTHER,DRY,INJURY AND / OR TOW DUE TO CRASH,,true,"OVER $1,500",DISREGARDING STOP SIGN,2,NO INDICATION OF INJURY,0,0,41.6920529809,-87.6585130439,60643,"CHICAGO MIDWAY AIRPORT, IL US",66.0,63.0,88.0,,10.0,22.0
crash_01900,2019-07-03 06:00:00,2019,7,Jul,Wed,6,Morning commute,30,NO CONTROLS,RAIN,DAYLIGHT,REAR END,NOT DIVIDED,WET,NO INJURY / DRIVE AWAY,,,"$501 - $1,500",NOT APPLICABLE,2,NO INDICATION OF INJURY,0,0,41.925783112,-87.6359467203,60614,"CHICAGO MIDWAY AIRPORT, IL US",71.0,70.0,96.0,0.05,10.0,6.0
crash_01901,2022-12-24 13:19:00,2022,12,Dec,Sat,13,Daytime,30,TRAFFIC SIGNAL,CLEAR,DAYLIGHT,TURNING,FOUR WAY,SNOW OR SLUSH,INJURY AND / OR TOW DUE TO CRASH,true,,"OVER $1,500",IMPROPER TURNING/NO SIGNAL,2,"REPORTED, NOT EVIDENT",3,0,41.7722402787,-87.6544543702,60636,"CHICAGO MIDWAY AIRPORT, IL US",11.0,0.0,61.0,0.0,10.0,25.0
crash_01902,2018-02-11 17:02:00,2018,2,Feb,Sun,17,Evening commute,30,TRAFFIC SIGNAL,SNOW,DAYLIGHT,REAR END,NOT DIVIDED,WET,INJURY AND / OR TOW DUE TO CRASH,,,"OVER $1,500",FOLLOWING TOO CLOSELY,2,NONINCAPACITATING INJURY,3,0,41.9061278752,-87.7265540309,60651,"CHICAGO MIDWAY AIRPORT, IL US",21.0,12.0,68.0,0.0,10.0,14.0
crash_01903,2019-07-18 22:20:00,2019,7,Jul,Thu,22,Night or early morning,30,TRAFFIC SIGNAL,CLEAR,"DARKNESS, LIGHTED ROAD",TURNING,FOUR WAY,UNKNOWN,NO INJURY / DRIVE AWAY,true,true,"$501 - $1,500",FAILING TO REDUCE SPEED TO AVOID CRASH,2,NO INDICATION OF INJURY,0,0,41.7725766417,-87.63470578,60621,"CHICAGO MIDWAY AIRPORT, IL US",85.0,79.0,82.0,0.0,10.0,10.0
crash_01904,2019-12-15 08:28:00,2019,12,Dec,Sun,8,Morning commute,35,YIELD,CLEAR,DAYLIGHT,REAR END,DIVIDED - W/MEDIAN BARRIER,DRY,INJURY AND / OR TOW DUE TO CRASH,true,,"OVER $1,500",PHYSICAL CONDITION OF DRIVER,2,NONINCAPACITATING INJURY,2,0,41.9042963013,-87.6330821166,60610,"CHICAGO MIDWAY AIRPORT, IL US",21.0,13.0,71.0,,10.0,10.0
crash_01905,2025-11-15 03:30:00,2025,11,Nov,Sat,3,Night or early morning,30,NO CONTROLS,CLEAR,"DARKNESS, LIGHTED ROAD",PARKED MOTOR VEHICLE,NOT DIVIDED,DRY,NO INJURY / DRIVE AWAY,,true,"OVER $1,500",UNABLE TO DETERMINE,2,NO INDICATION OF INJURY,0,0,41.8968140392,-87.6262778234,60611,,,,,,,
crash_01906,2025-05-23 18:01:00,2025,5,May,Fri,18,Evening commute,30,TRAFFIC SIGNAL,CLEAR,DAYLIGHT,TURNING,FOUR WAY,DRY,INJURY AND / OR TOW DUE TO CRASH,true,,"OVER $1,500",UNABLE TO DETERMINE,2,NONINCAPACITATING INJURY,1,0,41.9588928624,-87.7964899504,60634,"CHICAGO OHARE INTERNATIONAL AIRPORT, IL US",56.0,41.0,57.0,0.0,10.0,9.0
crash_01907,2018-06-11 14:00:00,2018,6,Jun,Mon,14,Daytime,30,NO CONTROLS,UNKNOWN,UNKNOWN,PARKED MOTOR VEHICLE,NOT DIVIDED,UNKNOWN,NO INJURY / DRIVE AWAY,,true,"OVER $1,500",UNABLE TO DETERMINE,2,NO INDICATION OF INJURY,0,0,41.9360574053,-87.8150856422,60707,"CHICAGO OHARE INTERNATIONAL AIRPORT, IL US",67.0,60.0,79.0,0.0,10.0,13.0
crash_01908,2025-09-08 18:00:00,2025,9,Sep,Mon,18,Evening commute,30,TRAFFIC SIGNAL,CLEAR,DAYLIGHT,REAR END,NOT DIVIDED,DRY,NO INJURY / DRIVE AWAY,,,"OVER $1,500",UNABLE TO DETERMINE,2,NO INDICATION OF INJURY,0,0,41.8108493675,-87.5893610846,60653,,,,,,,
crash_01909,2023-04-24 09:40:00,2023,4,Apr,Mon,9,Morning commute,30,TRAFFIC SIGNAL,CLEAR,DAYLIGHT,FIXED OBJECT,NOT DIVIDED,DRY,NO INJURY / DRIVE AWAY,,,"$501 - $1,500",FAILING TO YIELD RIGHT-OF-WAY,2,NO INDICATION OF INJURY,0,0,41.8828452822,-87.7111863199,60624,"CHICAGO MIDWAY AIRPORT, IL US",46.0,25.0,44.0,0.0,10.0,7.0
crash_01910,2022-11-15 15:00:00,2022,11,Nov,Tue,15,Evening commute,30,NO CONTROLS,CLEAR,DAYLIGHT,ANGLE,NOT DIVIDED,WET,NO INJURY / DRIVE AWAY,,,"OVER $1,500",FAILING TO YIELD RIGHT-OF-WAY,2,NO INDICATION OF INJURY,0,0,41.801038346,-87.5859062423,60615,"CHICAGO MIDWAY AIRPORT, IL US",37.0,32.0,82.0,0.01,8.0,0.0
crash_01911,2022-02-21 15:28:00,2022,2,Feb,Mon,15,Evening commute,15,NO CONTROLS,CLEAR,DAYLIGHT,SIDESWIPE SAME DIRECTION,PARKING LOT,DRY,INJURY AND / OR TOW DUE TO CRASH,,,"OVER $1,500",UNABLE TO DETERMINE,2,NO INDICATION OF INJURY,0,0,41.7352837422,-87.7028909331,60652,"CHICAGO MIDWAY AIRPORT, IL US",48.0,35.0,61.0,0.0,10.0,8.0
crash_01912,2021-03-09 18:20:00,2021,3,Mar,Tue,18,Evening commute,35,NO CONTROLS,CLEAR,"DARKNESS, LIGHTED ROAD",SIDESWIPE SAME DIRECTION,DIVIDED - W/MEDIAN (NOT RAISED),DRY,NO INJURY / DRIVE AWAY,,,"$501 - $1,500",FAILING TO YIELD RIGHT-OF-WAY,2,NO INDICATION OF INJURY,0,0,41.9605962711,-87.7670451437,60630,"CHICAGO OHARE INTERNATIONAL AIRPORT, IL US",64.0,34.0,33.0,0.0,10.0,18.0
crash_01913,2021-04-29 11:31:00,2021,4,Apr,Thu,11,Daytime,30,NO CONTROLS,RAIN,DAYLIGHT,PEDESTRIAN,DIVIDED - W/MEDIAN (NOT RAISED),WET,INJURY AND / OR TOW DUE TO CRASH,false,,"OVER $1,500",UNABLE TO DETERMINE,2,NONINCAPACITATING INJURY,1,0,41.9394532393,-87.7062158407,60618,"CHICAGO MIDWAY AIRPORT, IL US",54.0,48.0,80.0,,10.0,10.0