crash_id,crash_datetime,crash_year,crash_month,crash_month_name,crash_weekday_name,crash_hour,time_period,posted_speed_limit_mph,traffic_control_device,reported_weather_condition,reported_lighting_condition,first_crash_type,trafficway_type,reported_road_surface_condition,crash_type,intersection_related,hit_and_run,estimated_damage,primary_contributory_cause,unit_count,most_severe_injury,injuries_total,injuries_fatal,latitude,longitude,zip5,weather_station_name,temperature_f,dew_point_f,relative_humidity_percent,precipitation_inches,visibility_miles,wind_speed_mph
crash_01914,2020-01-18 22:00:00,2020,1,Jan,Sat,22,Night or early morning,30,NO CONTROLS,CLEAR,DARKNESS,TURNING,OTHER,DRY,NO INJURY / DRIVE AWAY,,true,"OVER $1,500",DRIVING SKILLS/KNOWLEDGE/EXPERIENCE,2,NO INDICATION OF INJURY,0,0,41.8516883725,-87.6239198676,60616,"CHICAGO MIDWAY AIRPORT, IL US",9.0,0.0,66.0,0.0,9.0,24.0
crash_01915,2023-10-19 07:55:00,2023,10,Oct,Thu,7,Morning commute,20,STOP SIGN/FLASHER,RAIN,DAYLIGHT,SIDESWIPE SAME DIRECTION,NOT DIVIDED,WET,NO INJURY / DRIVE AWAY,,,"$501 - $1,500",IMPROPER OVERTAKING/PASSING,2,NO INDICATION OF INJURY,0,0,41.979299825,-87.6742585524,60640,"CHICAGO OHARE INTERNATIONAL AIRPORT, IL US",55.0,52.0,90.0,0.0,10.0,5.0
crash_01916,2024-06-05 14:45:00,2024,6,Jun,Wed,14,Daytime,30,UNKNOWN,CLEAR,DAYLIGHT,FIXED OBJECT,ONE-WAY,DRY,NO INJURY / DRIVE AWAY,,,$500 OR LESS,NOT APPLICABLE,1,NO INDICATION OF INJURY,0,0,41.7809920312,-87.6971615031,60629,"CHICAGO MIDWAY AIRPORT, IL US",80.0,59.0,49.0,0.0,10.0,16.0
crash_01917,2018-11-14 13:40:00,2018,11,Nov,Wed,13,Daytime,30,NO CONTROLS,CLEAR,DAYLIGHT,SIDESWIPE SAME DIRECTION,NOT DIVIDED,DRY,NO INJURY / DRIVE AWAY,,,"$501 - $1,500",UNABLE TO DETERMINE,2,NO INDICATION OF INJURY,0,0,41.9106951442,-87.6552300572,60642,"CHICAGO MIDWAY AIRPORT, IL US",35.0,21.0,57.0,0.0,10.0,7.0
crash_01918,2024-10-23 07:15:00,2024,10,Oct,Wed,7,Morning commute,30,TRAFFIC SIGNAL,CLEAR,DAYLIGHT,TURNING,NOT DIVIDED,DRY,NO INJURY / DRIVE AWAY,,,"OVER $1,500",UNABLE TO DETERMINE,2,NO INDICATION OF INJURY,0,0,41.801257492,-87.6842811156,60632,"CHICAGO MIDWAY AIRPORT, IL US",58.0,49.0,72.0,0.0,10.0,9.0
crash_01919,2025-06-22 00:40:00,2025,6,Jun,Sun,0,Night or early morning,30,TRAFFIC SIGNAL,CLEAR,"DARKNESS, LIGHTED ROAD",REAR END,DIVIDED - W/MEDIAN (NOT RAISED),DRY,NO INJURY / DRIVE AWAY,,,"OVER $1,500",UNABLE TO DETERMINE,2,NO INDICATION OF INJURY,0,0,41.7895306331,-87.723207174,60629,"CHICAGO MIDWAY AIRPORT, IL US",84.0,72.0,67.0,0.0,10.0,14.0
crash_01920,2019-04-14 11:10:00,2019,4,Apr,Sun,11,Daytime,20,NO CONTROLS,SNOW,DAYLIGHT,REAR END,ONE-WAY,SNOW OR SLUSH,INJURY AND / OR TOW DUE TO CRASH,,,"OVER $1,500",UNABLE TO DETERMINE,2,NO INDICATION OF INJURY,0,0,,,,,,,,,,
crash_01921,2021-06-20 19:30:00,2021,6,Jun,Sun,19,Night or early morning,20,NO CONTROLS,CLEAR,DAYLIGHT,PARKED MOTOR VEHICLE,NOT DIVIDED,DRY,NO INJURY / DRIVE AWAY,,true,"$501 - $1,500",UNABLE TO DETERMINE,2,NO INDICATION OF INJURY,0,0,41.976201139,-87.9053091251,60666,"CHICAGO OHARE INTERNATIONAL AIRPORT, IL US",81.0,65.0,58.0,0.0,10.0,7.0
crash_01922,2024-01-26 10:20:00,2024,1,Jan,Fri,10,Daytime,30,STOP SIGN/FLASHER,CLEAR,DAYLIGHT,PARKED MOTOR VEHICLE,NOT DIVIDED,DRY,NO INJURY / DRIVE AWAY,,,"OVER $1,500",DISTRACTION - FROM INSIDE VEHICLE,2,NO INDICATION OF INJURY,0,0,41.7949751006,-87.5966895437,60637,"CHICAGO MIDWAY AIRPORT, IL US",41.0,39.0,93.0,0.0,1.0,8.0
crash_01923,2023-02-02 15:20:00,2023,2,Feb,Thu,15,Evening commute,30,NO CONTROLS,CLEAR,DAYLIGHT,TURNING,DIVIDED - W/MEDIAN (NOT RAISED),DRY,NO INJURY / DRIVE AWAY,,,"$501 - $1,500",IMPROPER OVERTAKING/PASSING,2,NO INDICATION OF INJURY,0,0,41.7932227397,-87.8014208897,60638,"CHICAGO MIDWAY AIRPORT, IL US",33.0,18.0,54.0,0.0,10.0,15.0
crash_01924,2025-12-10 22:22:00,2025,12,Dec,Wed,22,Night or early morning,30,TRAFFIC SIGNAL,CLEAR,DARKNESS,TURNING,NOT DIVIDED,UNKNOWN,INJURY AND / OR TOW DUE TO CRASH,true,,"OVER $1,500",FAILING TO YIELD RIGHT-OF-WAY,2,NONINCAPACITATING INJURY,1,0,41.8085422443,-87.6845482018,60632,,,,,,,
crash_01925,2025-12-24 13:13:00,2025,12,Dec,Wed,13,Daytime,30,UNKNOWN,CLEAR,DAYLIGHT,REAR END,NOT DIVIDED,DRY,NO INJURY / DRIVE AWAY,,false,"OVER $1,500",NOT APPLICABLE,2,NO INDICATION OF INJURY,0,0,41.7722699435,-87.6665310167,60636,,,,,,,
crash_01926,2020-02-13 10:01:00,2020,2,Feb,Thu,10,Daytime,35,TRAFFIC SIGNAL,SNOW,DAYLIGHT,TURNING,FOUR WAY,SNOW OR SLUSH,INJURY AND / OR TOW DUE TO CRASH,true,true,"OVER $1,500",FAILING TO YIELD RIGHT-OF-WAY,3,NO INDICATION OF INJURY,0,0,41.6918894686,-87.6812173427,60655,"CHICAGO MIDWAY AIRPORT, IL US",17.0,10.0,74.0,0.0,6.0,18.0
crash_01927,2019-12-19 11:45:00,2019,12,Dec,Thu,11,Daytime,30,TRAFFIC SIGNAL,CLEAR,DAYLIGHT,REAR END,DIVIDED - W/MEDIAN (NOT RAISED),DRY,NO INJURY / DRIVE AWAY,true,true,$500 OR LESS,FAILING TO REDUCE SPEED TO AVOID CRASH,3,NO INDICATION OF INJURY,0,0,41.9862326266,-87.777203657,60646,"CHICAGO OHARE INTERNATIONAL AIRPORT, IL US",32.0,20.0,61.0,0.0,10.0,13.0
crash_01928,2023-02-05 16:00:00,2023,2,Feb,Sun,16,Evening commute,30,NO CONTROLS,CLEAR,DAYLIGHT,PARKED MOTOR VEHICLE,NOT DIVIDED,DRY,NO INJURY / DRIVE AWAY,,true,"OVER $1,500",NOT APPLICABLE,3,NO INDICATION OF INJURY,0,0,41.7610134988,-87.69219103,60629,"CHICAGO MIDWAY AIRPORT, IL US",41.0,28.0,60.0,0.0,10.0,14.0
crash_01929,2022-12-29 16:41:00,2022,12,Dec,Thu,16,Evening commute,30,NO CONTROLS,CLEAR,"DARKNESS, LIGHTED ROAD",TURNING,NOT DIVIDED,WET,INJURY AND / OR TOW DUE TO CRASH,,,"OVER $1,500",FAILING TO REDUCE SPEED TO AVOID CRASH,2,INCAPACITATING INJURY,3,0,41.8987345045,-87.7457449335,60651,"CHICAGO MIDWAY AIRPORT, IL US",54.0,50.0,88.0,,10.0,17.0
crash_01930,2019-04-23 03:27:00,2019,4,Apr,Tue,3,Night or early morning,35,NO CONTROLS,FREEZING RAIN/DRIZZLE,"DARKNESS, LIGHTED ROAD",PARKED MOTOR VEHICLE,NOT DIVIDED,WET,INJURY AND / OR TOW DUE TO CRASH,,true,"OVER $1,500",FAILING TO REDUCE SPEED TO AVOID CRASH,3,NO INDICATION OF INJURY,0,0,42.0049971326,-87.6707304596,60626,"CHICAGO OHARE INTERNATIONAL AIRPORT, IL US",60.0,56.0,86.0,0.0,8.0,16.0
crash_01931,2023-08-03 15:11:00,2023,8,Aug,Thu,15,Evening commute,30,TRAFFIC SIGNAL,CLEAR,DAYLIGHT,SIDESWIPE SAME DIRECTION,ONE-WAY,DRY,NO INJURY / DRIVE AWAY,,,$500 OR LESS,UNABLE TO DETERMINE,2,NO INDICATION OF INJURY,0,0,41.7143136211,-87.6439194732,60643,"CHICAGO MIDWAY AIRPORT, IL US",86.0,63.0,46.0,0.0,10.0,6.0
crash_01932,2020-05-16 08:15:00,2020,5,May,Sat,8,Morning commute,30,NO CONTROLS,CLEAR,DAYLIGHT,PARKED MOTOR VEHICLE,NOT DIVIDED,DRY,NO INJURY / DRIVE AWAY,,true,"OVER $1,500",NOT APPLICABLE,2,NO INDICATION OF INJURY,0,0,41.9526627189,-87.7947154769,60634,"CHICAGO OHARE INTERNATIONAL AIRPORT, IL US",55.0,47.0,74.0,0.0,10.0,10.0
crash_01933,2019-07-13 07:55:00,2019,7,Jul,Sat,7,Morning commute,30,NO CONTROLS,CLEAR,DAYLIGHT,FIXED OBJECT,T-INTERSECTION,DRY,NO INJURY / DRIVE AWAY,true,,$500 OR LESS,IMPROPER TURNING/NO SIGNAL,1,NO INDICATION OF INJURY,0,0,41.9403857406,-87.7764093611,60634,"CHICAGO OHARE INTERNATIONAL AIRPORT, IL US",77.0,64.0,64.0,0.0,10.0,13.0
crash_01934,2021-04-12 07:50:00,2021,4,Apr,Mon,7,Morning commute,35,TRAFFIC SIGNAL,CLOUDY/OVERCAST,DAYLIGHT,REAR END,FOUR WAY,DRY,NO INJURY / DRIVE AWAY,true,true,"$501 - $1,500",FOLLOWING TOO CLOSELY,2,NO INDICATION OF INJURY,0,0,41.7864284982,-87.6839163709,60629,"CHICAGO MIDWAY AIRPORT, IL US",52.0,46.0,80.0,0.0,10.0,9.0
crash_01935,2021-06-13 14:20:00,2021,6,Jun,Sun,14,Daytime,30,NO CONTROLS,CLEAR,DAYLIGHT,TURNING,DIVIDED - W/MEDIAN (NOT RAISED),DRY,INJURY AND / OR TOW DUE TO CRASH,,true,"OVER $1,500",FAILING TO YIELD RIGHT-OF-WAY,2,NO INDICATION OF INJURY,0,0,41.8820807797,-87.7318807318,60624,"CHICAGO MIDWAY AIRPORT, IL US",84.0,48.0,29.0,0.0,10.0,9.0
crash_01936,2021-01-08 12:00:00,2021,1,Jan,Fri,12,Daytime,15,NO CONTROLS,CLEAR,DAYLIGHT,SIDESWIPE OPPOSITE DIRECTION,NOT DIVIDED,DRY,NO INJURY / DRIVE AWAY,,,"OVER $1,500","OPERATING VEHICLE IN ERRATIC, RECKLESS, CARELESS, NEGLIGENT OR AGGRESSIVE MANNER",3,NO INDICATION OF INJURY,0,0,41.6585728898,-87.6047146766,60827,"CHICAGO MIDWAY AIRPORT, IL US",36.0,25.0,64.0,0.0,10.0,14.0
crash_01937,2023-09-23 17:20:00,2023,9,Sep,Sat,17,Evening commute,30,NO CONTROLS,CLEAR,DAYLIGHT,SIDESWIPE SAME DIRECTION,NOT DIVIDED,DRY,NO INJURY / DRIVE AWAY,,,"OVER $1,500",DRIVING SKILLS/KNOWLEDGE/EXPERIENCE,2,NO INDICATION OF INJURY,0,0,41.6995901641,-87.7205248345,60655,"CHICAGO MIDWAY AIRPORT, IL US",76.0,53.0,45.0,0.0,10.0,13.0
crash_01938,2021-08-25 07:00:00,2021,8,Aug,Wed,7,Morning commute,5,NO CONTROLS,CLEAR,DAYLIGHT,PARKED MOTOR VEHICLE,PARKING LOT,DRY,NO INJURY / DRIVE AWAY,,,"$501 - $1,500",UNABLE TO DETERMINE,2,NO INDICATION OF INJURY,0,0,41.9811439641,-87.8410873746,60631,"CHICAGO OHARE INTERNATIONAL AIRPORT, IL US",72.0,69.0,91.0,0.0,10.0,3.0
crash_01939,2020-06-13 10:48:00,2020,6,Jun,Sat,10,Daytime,25,NO CONTROLS,UNKNOWN,UNKNOWN,PARKED MOTOR VEHICLE,DIVIDED - W/MEDIAN (NOT RAISED),UNKNOWN,NO INJURY / DRIVE AWAY,,true,"$501 - $1,500",UNABLE TO DETERMINE,2,NO INDICATION OF INJURY,0,0,41.9940713149,-87.7011297187,60659,"CHICAGO OHARE INTERNATIONAL AIRPORT, IL US",62.0,49.0,62.0,0.0,10.0,15.0
crash_01940,2019-05-20 00:58:00,2019,5,May,Mon,0,Night or early morning,30,STOP SIGN/FLASHER,CLEAR,"DARKNESS, LIGHTED ROAD",SIDESWIPE SAME DIRECTION,NOT DIVIDED,DRY,NO INJURY / DRIVE AWAY,false,,"$501 - $1,500",FOLLOWING TOO CLOSELY,2,NO INDICATION OF INJURY,0,0,41.7507149818,-87.6465301198,60620,"CHICAGO MIDWAY AIRPORT, IL US",57.0,48.0,72.0,0.0,10.0,18.0
crash_01941,2019-09-07 18:15:00,2019,9,Sep,Sat,18,Evening commute,30,UNKNOWN,UNKNOWN,UNKNOWN,PARKED MOTOR VEHICLE,UNKNOWN,UNKNOWN,NO INJURY / DRIVE AWAY,,,"OVER $1,500",UNABLE TO DETERMINE,2,NO INDICATION OF INJURY,0,0,41.9027970935,-87.6673306948,60642,"CHICAGO MIDWAY AIRPORT, IL US",76.0,58.0,54.0,0.0,10.0,10.0
crash_01942,2019-07-09 12:00:00,2019,7,Jul,Tue,12,Daytime,20,NO CONTROLS,CLEAR,DAYLIGHT,PARKED MOTOR VEHICLE,NOT DIVIDED,DRY,NO INJURY / DRIVE AWAY,,,"$501 - $1,500",UNABLE TO DETERMINE,2,NO INDICATION OF INJURY,0,0,41.9034407976,-87.6685054668,60622,"CHICAGO MIDWAY AIRPORT, IL US",85.0,59.0,42.0,0.0,10.0,7.0
crash_01943,2023-12-02 07:15:00,2023,12,Dec,Sat,7,Morning commute,15,NO CONTROLS,RAIN,DAYLIGHT,TURNING,OTHER,WET,NO INJURY / DRIVE AWAY,true,,"$501 - $1,500",UNABLE TO DETERMINE,2,NO INDICATION OF INJURY,0,0,41.9101410108,-87.7310765121,60639,"CHICAGO MIDWAY AIRPORT, IL US",41.0,38.0,89.0,0.0,10.0,8.0
crash_01944,2024-05-24 10:05:00,2024,5,May,Fri,10,Daytime,30,TRAFFIC SIGNAL,CLEAR,DAYLIGHT,SIDESWIPE SAME DIRECTION,NOT DIVIDED,DRY,NO INJURY / DRIVE AWAY,,,"OVER $1,500",IMPROPER OVERTAKING/PASSING,2,NO INDICATION OF INJURY,0,0,41.8925614359,-87.6201067505,60611,"CHICAGO MIDWAY AIRPORT, IL US",76.0,64.0,67.0,0.0,10.0,10.0
crash_01945,2022-12-13 09:15:00,2022,12,Dec,Tue,9,Morning commute,30,TRAFFIC SIGNAL,CLEAR,DAYLIGHT,PARKED MOTOR VEHICLE,NOT DIVIDED,DRY,NO INJURY / DRIVE AWAY,true,,$500 OR LESS,NOT APPLICABLE,2,NO INDICATION OF INJURY,0,0,41.9030828245,-87.6871756205,60622,"CHICAGO MIDWAY AIRPORT, IL US",36.0,27.0,70.0,0.0,10.0,13.0
crash_01946,2020-11-16 16:30:00,2020,11,Nov,Mon,16,Evening commute,30,NO CONTROLS,CLEAR,DUSK,SIDESWIPE SAME DIRECTION,NOT DIVIDED,DRY,NO INJURY / DRIVE AWAY,true,,"$501 - $1,500",IMPROPER TURNING/NO SIGNAL,2,NO INDICATION OF INJURY,0,0,42.0224146939,-87.666317667,60626,"CHICAGO OHARE INTERNATIONAL AIRPORT, IL US",46.0,30.0,54.0,0.0,10.0,5.0
crash_01947,2023-01-12 05:47:00,2023,1,Jan,Thu,5,Night or early morning,30,TRAFFIC SIGNAL,CLEAR,"DARKNESS, LIGHTED ROAD",ANGLE,FOUR WAY,DRY,INJURY AND / OR TOW DUE TO CRASH,,,"OVER $1,500",UNABLE TO DETERMINE,2,"REPORTED, NOT EVIDENT",1,0,41.9974374304,-87.7638591954,60646,"CHICAGO OHARE INTERNATIONAL AIRPORT, IL US",38.0,34.0,86.0,0.0,6.0,14.0
crash_01948,2025-12-22 08:00:00,2025,12,Dec,Mon,8,Morning commute,20,NO CONTROLS,CLEAR,DAYLIGHT,PARKED MOTOR VEHICLE,DIVIDED - W/MEDIAN (NOT RAISED),DRY,NO INJURY / DRIVE AWAY,,true,"$501 - $1,500",UNABLE TO DETERMINE,2,NO INDICATION OF INJURY,0,0,41.9774456831,-87.7110940766,60625,,,,,,,
crash_01949,2025-08-19 23:30:00,2025,8,Aug,Tue,23,Night or early morning,30,UNKNOWN,CLEAR,DUSK,SIDESWIPE SAME DIRECTION,NOT DIVIDED,DRY,NO INJURY / DRIVE AWAY,,,"$501 - $1,500",IMPROPER LANE USAGE,2,NO INDICATION OF INJURY,0,0,41.8802034586,-87.6764699832,60612,"CHICAGO MIDWAY AIRPORT, IL US",74.0,66.0,76.0,,10.0,5.0
crash_01950,2019-07-28 00:50:00,2019,7,Jul,Sun,0,Night or early morning,30,STOP SIGN/FLASHER,CLEAR,"DARKNESS, LIGHTED ROAD",REAR END,FOUR WAY,DRY,NO INJURY / DRIVE AWAY,true,,"$501 - $1,500",UNABLE TO DETERMINE,2,NO INDICATION OF INJURY,0,0,41.9328179733,-87.7758740274,60634,"CHICAGO OHARE INTERNATIONAL AIRPORT, IL US",78.0,63.0,60.0,0.0,10.0,13.0
crash_01951,2020-06-19 18:00:00,2020,6,Jun,Fri,18,Evening commute,30,TRAFFIC SIGNAL,CLEAR,DAYLIGHT,REAR END,NOT DIVIDED,DRY,NO INJURY / DRIVE AWAY,true,true,"$501 - $1,500",UNABLE TO DETERMINE,2,NO INDICATION OF INJURY,0,0,41.9039893357,-87.6328505847,60610,"CHICAGO MIDWAY AIRPORT, IL US",92.0,55.0,29.0,0.0,10.0,8.0
crash_01952,2022-09-25 13:00:00,2022,9,Sep,Sun,13,Daytime,30,TRAFFIC SIGNAL,CLEAR,DAYLIGHT,SIDESWIPE SAME DIRECTION,FOUR WAY,DRY,NO INJURY / DRIVE AWAY,true,,"OVER $1,500",IMPROPER OVERTAKING/PASSING,2,NO INDICATION OF INJURY,0,0,41.7627744726,-87.6010476774,60619,"CHICAGO MIDWAY AIRPORT, IL US",69.0,53.0,57.0,0.0,10.0,14.0
crash_01953,2022-06-11 23:10:00,2022,6,Jun,Sat,23,Night or early morning,30,TRAFFIC SIGNAL,CLEAR,DARKNESS,SIDESWIPE SAME DIRECTION,DIVIDED - W/MEDIAN (NOT RAISED),DRY,INJURY AND / OR TOW DUE TO CRASH,,true,"OVER $1,500",IMPROPER OVERTAKING/PASSING,2,"REPORTED, NOT EVIDENT",2,0,41.7656188178,-87.615407248,60619,"CHICAGO MIDWAY AIRPORT, IL US",73.0,62.0,69.0,0.0,10.0,5.0
crash_01954,2019-09-06 12:00:00,2019,9,Sep,Fri,12,Daytime,25,NO CONTROLS,CLEAR,DAYLIGHT,PARKED MOTOR VEHICLE,ONE-WAY,DRY,NO INJURY / DRIVE AWAY,,true,"OVER $1,500",UNABLE TO DETERMINE,2,NO INDICATION OF INJURY,0,0,41.9407647855,-87.7276909116,60641,"CHICAGO OHARE INTERNATIONAL AIRPORT, IL US",71.0,61.0,71.0,,10.0,15.0
crash_01955,2022-06-27 23:05:00,2022,6,Jun,Mon,23,Night or early morning,35,NO CONTROLS,CLEAR,DARKNESS,PEDALCYCLIST,NOT DIVIDED,DRY,INJURY AND / OR TOW DUE TO CRASH,,,"OVER $1,500",NOT APPLICABLE,2,INCAPACITATING INJURY,1,0,41.9623051537,-87.762268923,60630,"CHICAGO OHARE INTERNATIONAL AIRPORT, IL US",64.0,50.0,60.0,0.0,10.0,5.0
crash_01956,2024-06-01 04:00:00,2024,6,Jun,Sat,4,Night or early morning,15,NO CONTROLS,CLEAR,"DARKNESS, LIGHTED ROAD",REAR TO REAR,PARKING LOT,UNKNOWN,NO INJURY / DRIVE AWAY,,,"$501 - $1,500",IMPROPER BACKING,2,NO INDICATION OF INJURY,0,0,41.8955700101,-87.7163770693,60651,"CHICAGO MIDWAY AIRPORT, IL US",66.0,44.0,45.0,0.0,10.0,7.0
crash_01957,2022-10-21 12:00:00,2022,10,Oct,Fri,12,Daytime,30,TRAFFIC SIGNAL,CLEAR,DAYLIGHT,PARKED MOTOR VEHICLE,NOT DIVIDED,DRY,NO INJURY / DRIVE AWAY,,,"OVER $1,500",IMPROPER BACKING,2,NO INDICATION OF INJURY,0,0,41.896790572,-87.6243806554,60611,"CHICAGO MIDWAY AIRPORT, IL US",66.0,37.0,34.0,0.0,10.0,16.0
crash_01958,2023-02-06 16:30:00,2023,2,Feb,Mon,16,Evening commute,30,NO CONTROLS,CLEAR,DAYLIGHT,TURNING,NOT DIVIDED,DRY,INJURY AND / OR TOW DUE TO CRASH,,,"OVER $1,500","VISION OBSCURED (SIGNS, TREE LIMBS, BUILDINGS, ETC.)",2,NONINCAPACITATING INJURY,2,0,41.7524339387,-87.5866665738,60619,"CHICAGO MIDWAY AIRPORT, IL US",42.0,26.0,53.0,0.0,10.0,15.0
crash_01959,2024-11-25 00:26:00,2024,11,Nov,Mon,0,Night or early morning,30,NO CONTROLS,CLEAR,"DARKNESS, LIGHTED ROAD",FIXED OBJECT,RAMP,DRY,INJURY AND / OR TOW DUE TO CRASH,false,,"OVER $1,500",ROAD CONSTRUCTION/MAINTENANCE,1,NO INDICATION OF INJURY,0,0,41.9828764684,-87.8070768414,60631,"CHICAGO OHARE INTERNATIONAL AIRPORT, IL US",52.0,42.0,69.0,0.0,10.0,0.0
crash_01960,2020-08-24 20:30:00,2020,8,Aug,Mon,20,Night or early morning,30,NO CONTROLS,CLEAR,"DARKNESS, LIGHTED ROAD",SIDESWIPE SAME DIRECTION,DIVIDED - W/MEDIAN (NOT RAISED),DRY,NO INJURY / DRIVE AWAY,,,"$501 - $1,500",IMPROPER OVERTAKING/PASSING,2,NO INDICATION OF INJURY,0,0,41.7842068493,-87.7397787644,60629,"CHICAGO MIDWAY AIRPORT, IL US",87.0,66.0,50.0,0.0,10.0,8.0
crash_01961,2022-01-28 12:45:00,2022,1,Jan,Fri,12,Daytime,30,TRAFFIC SIGNAL,SNOW,DAYLIGHT,TURNING,DIVIDED - W/MEDIAN (NOT RAISED),SNOW OR SLUSH,NO INJURY / DRIVE AWAY,true,,"OVER $1,500",IMPROPER TURNING/NO SIGNAL,2,NO INDICATION OF INJURY,0,0,41.8984494811,-87.7751038068,60651,"CHICAGO MIDWAY AIRPORT, IL US",23.0,16.0,74.0,0.0,5.0,9.0
crash_01962,2025-08-11 06:40:00,2025,8,Aug,Mon,6,Morning commute,20,NO CONTROLS,CLEAR,DAYLIGHT,SIDESWIPE SAME DIRECTION,NOT DIVIDED,DRY,NO INJURY / DRIVE AWAY,,,"OVER $1,500",IMPROPER LANE USAGE,2,NO INDICATION OF INJURY,0,0,41.8989485417,-87.6239749877,60611,"CHICAGO MIDWAY AIRPORT, IL US",76.0,69.0,79.0,0.0,10.0,13.0
crash_01963,2024-04-03 18:04:00,2024,4,Apr,Wed,18,Evening commute,30,TRAFFIC SIGNAL,RAIN,DAYLIGHT,REAR END,NOT DIVIDED,WET,NO INJURY / DRIVE AWAY,,,"OVER $1,500",FOLLOWING TOO CLOSELY,2,NO INDICATION OF INJURY,0,0,41.9412272072,-87.7467851898,60641,"CHICAGO OHARE INTERNATIONAL AIRPORT, IL US",38.0,34.0,86.0,0.0,8.0,14.0
crash_01964,2018-09-24 16:30:00,2018,9,Sep,Mon,16,Evening commute,30,STOP SIGN/FLASHER,CLEAR,DAYLIGHT,REAR END,NOT DIVIDED,DRY,INJURY AND / OR TOW DUE TO CRASH,true,,"OVER $1,500",FOLLOWING TOO CLOSELY,3,NONINCAPACITATING INJURY,2,0,41.8586825676,-87.6712703043,60608,"CHICAGO MIDWAY AIRPORT, IL US",70.0,64.0,82.0,,6.0,7.0
crash_01965,2019-07-20 15:40:00,2019,7,Jul,Sat,15,Evening commute,30,OTHER,CLEAR,DAYLIGHT,SIDESWIPE SAME DIRECTION,FOUR WAY,DRY,INJURY AND / OR TOW DUE TO CRASH,true,true,"$501 - $1,500",IMPROPER LANE USAGE,2,NONINCAPACITATING INJURY,1,0,41.7724961597,-87.6506098265,60621,"CHICAGO MIDWAY AIRPORT, IL US",96.0,75.0,51.0,0.0,10.0,15.0
crash_01966,2019-04-03 21:07:00,2019,4,Apr,Wed,21,Night or early morning,35,TRAFFIC SIGNAL,CLEAR,"DARKNESS, LIGHTED ROAD",REAR END,DIVIDED - W/MEDIAN (NOT RAISED),DRY,NO INJURY / DRIVE AWAY,true,true,"$501 - $1,500",EXCEEDING SAFE SPEED FOR CONDITIONS,2,NO INDICATION OF INJURY,0,0,41.7710448011,-87.7419056317,60629,"CHICAGO MIDWAY AIRPORT, IL US",52.0,33.0,49.0,0.0,10.0,15.0
crash_01967,2019-07-29 18:12:00,2019,7,Jul,Mon,18,Evening commute,30,NO CONTROLS,CLEAR,DAYLIGHT,SIDESWIPE SAME DIRECTION,NOT DIVIDED,DRY,NO INJURY / DRIVE AWAY,,,"OVER $1,500",IMPROPER TURNING/NO SIGNAL,2,NO INDICATION OF INJURY,0,0,41.7642393754,-87.5746442825,60649,"CHICAGO MIDWAY AIRPORT, IL US",74.0,69.0,85.0,0.03,10.0,11.0
crash_01968,2018-10-15 16:30:00,2018,10,Oct,Mon,16,Evening commute,10,NO CONTROLS,CLEAR,DAYLIGHT,PARKED MOTOR VEHICLE,NOT DIVIDED,DRY,NO INJURY / DRIVE AWAY,,,"$501 - $1,500",UNABLE TO DETERMINE,2,NO INDICATION OF INJURY,0,0,41.8501660529,-87.6857333914,60608,"CHICAGO MIDWAY AIRPORT, IL US",47.0,26.0,44.0,0.0,10.0,17.0
crash_01969,2020-10-09 06:35:00,2020,10,Oct,Fri,6,Morning commute,30,NO CONTROLS,CLEAR,DAYLIGHT,ANGLE,NOT DIVIDED,DRY,INJURY AND / OR TOW DUE TO CRASH,,,"OVER $1,500",DRIVING SKILLS/KNOWLEDGE/EXPERIENCE,5,NO INDICATION OF INJURY,0,0,41.9687879038,-87.667587824,60640,"CHICAGO MIDWAY AIRPORT, IL US",53.0,39.0,59.0,0.0,10.0,7.0
crash_01970,2018-08-01 18:29:00,2018,8,Aug,Wed,18,Evening commute,30,STOP SIGN/FLASHER,UNKNOWN,UNKNOWN,TURNING,UNKNOWN,UNKNOWN,NO INJURY / DRIVE AWAY,,,"OVER $1,500",DISREGARDING STOP SIGN,2,NO INDICATION OF INJURY,0,0,41.8758609575,-87.7058237063,60612,"CHICAGO MIDWAY AIRPORT, IL US",79.0,65.0,62.0,0.0,10.0,5.0
crash_01971,2021-06-08 15:30:00,2021,6,Jun,Tue,15,Evening commute,30,NO CONTROLS,CLEAR,DAYLIGHT,TURNING,DIVIDED - W/MEDIAN (NOT RAISED),DRY,INJURY AND / OR TOW DUE TO CRASH,,,"OVER $1,500",FAILING TO YIELD RIGHT-OF-WAY,3,"REPORTED, NOT EVIDENT",1,0,41.9098474385,-87.737443551,60639,"CHICAGO MIDWAY AIRPORT, IL US",87.0,64.0,46.0,0.0,10.0,9.0
crash_01972,2021-05-09 14:30:00,2021,5,May,Sun,14,Daytime,25,NO CONTROLS,CLEAR,DAYLIGHT,PARKED MOTOR VEHICLE,ONE-WAY,DRY,NO INJURY / DRIVE AWAY,,true,"OVER $1,500",UNABLE TO DETERMINE,2,NO INDICATION OF INJURY,0,0,41.9922856766,-87.7009854191,60659,"CHICAGO OHARE INTERNATIONAL AIRPORT, IL US",53.0,34.0,48.0,0.0,10.0,18.0