crash_id,crash_datetime,crash_year,crash_month,crash_month_name,crash_weekday_name,crash_hour,time_period,posted_speed_limit_mph,traffic_control_device,reported_weather_condition,reported_lighting_condition,first_crash_type,trafficway_type,reported_road_surface_condition,crash_type,intersection_related,hit_and_run,estimated_damage,primary_contributory_cause,unit_count,most_severe_injury,injuries_total,injuries_fatal,latitude,longitude,zip5,weather_station_name,temperature_f,dew_point_f,relative_humidity_percent,precipitation_inches,visibility_miles,wind_speed_mph
crash_01973,2021-11-22 08:00:00,2021,11,Nov,Mon,8,Morning commute,30,NO CONTROLS,CLEAR,DAYLIGHT,PARKED MOTOR VEHICLE,NOT DIVIDED,DRY,NO INJURY / DRIVE AWAY,,true,"OVER $1,500",UNABLE TO DETERMINE,2,NO INDICATION OF INJURY,0,0,41.8297632066,-87.6741904804,60609,"CHICAGO MIDWAY AIRPORT, IL US",25.0,11.0,55.0,0.0,10.0,9.0
crash_01974,2021-12-05 17:09:00,2021,12,Dec,Sun,17,Evening commute,30,NO CONTROLS,RAIN,DUSK,REAR END,NOT DIVIDED,WET,NO INJURY / DRIVE AWAY,,,$500 OR LESS,UNABLE TO DETERMINE,2,NO INDICATION OF INJURY,0,0,41.9384408218,-87.7684744769,60634,"CHICAGO OHARE INTERNATIONAL AIRPORT, IL US",38.0,36.0,93.0,0.04,1.5,3.0
crash_01975,2023-08-27 16:20:00,2023,8,Aug,Sun,16,Evening commute,30,NO CONTROLS,CLEAR,DAYLIGHT,PARKED MOTOR VEHICLE,ONE-WAY,DRY,INJURY AND / OR TOW DUE TO CRASH,,,"OVER $1,500",DISTRACTION - FROM INSIDE VEHICLE,2,NO INDICATION OF INJURY,0,0,41.7982567029,-87.7210004435,60632,"CHICAGO MIDWAY AIRPORT, IL US",75.0,51.0,43.0,0.0,10.0,14.0
crash_01976,2018-06-16 20:00:00,2018,6,Jun,Sat,20,Night or early morning,30,NO CONTROLS,CLEAR,DAWN,PARKED MOTOR VEHICLE,NOT DIVIDED,DRY,NO INJURY / DRIVE AWAY,,true,"$501 - $1,500",PHYSICAL CONDITION OF DRIVER,2,NO INDICATION OF INJURY,0,0,41.9030747401,-87.6905773575,60622,"CHICAGO MIDWAY AIRPORT, IL US",89.0,71.0,55.0,0.0,10.0,8.0
crash_01977,2018-11-09 13:39:00,2018,11,Nov,Fri,13,Daytime,25,TRAFFIC SIGNAL,CLEAR,DAYLIGHT,OTHER OBJECT,NOT DIVIDED,DRY,INJURY AND / OR TOW DUE TO CRASH,true,true,"OVER $1,500",IMPROPER OVERTAKING/PASSING,1,NO INDICATION OF INJURY,0,0,41.7557194408,-87.6637177842,60620,"CHICAGO MIDWAY AIRPORT, IL US",34.0,21.0,60.0,,10.0,17.0
crash_01978,2020-01-11 00:15:00,2020,1,Jan,Sat,0,Night or early morning,30,TRAFFIC SIGNAL,RAIN,"DARKNESS, LIGHTED ROAD",PEDESTRIAN,NOT DIVIDED,WET,INJURY AND / OR TOW DUE TO CRASH,true,true,"$501 - $1,500",DISREGARDING TRAFFIC SIGNALS,2,NONINCAPACITATING INJURY,1,0,41.9170882015,-87.7364763715,60639,"CHICAGO MIDWAY AIRPORT, IL US",39.0,37.0,93.0,0.12,3.0,15.0
crash_01979,2021-09-11 23:38:00,2021,9,Sep,Sat,23,Night or early morning,30,NO CONTROLS,CLEAR,"DARKNESS, LIGHTED ROAD",FIXED OBJECT,DIVIDED - W/MEDIAN BARRIER,DRY,INJURY AND / OR TOW DUE TO CRASH,,,"OVER $1,500",DISTRACTION - FROM INSIDE VEHICLE,1,NO INDICATION OF INJURY,0,0,41.8260405182,-87.6945572925,60632,"CHICAGO MIDWAY AIRPORT, IL US",77.0,62.0,60.0,0.0,10.0,7.0
crash_01980,2022-10-06 17:35:00,2022,10,Oct,Thu,17,Evening commute,20,NO CONTROLS,RAIN,DAWN,PARKED MOTOR VEHICLE,ONE-WAY,WET,NO INJURY / DRIVE AWAY,,true,"OVER $1,500",IMPROPER OVERTAKING/PASSING,2,NO INDICATION OF INJURY,0,0,41.7670183833,-87.5699565054,60649,"CHICAGO MIDWAY AIRPORT, IL US",61.0,53.0,75.0,0.0,10.0,22.0
crash_01981,2020-01-01 03:35:00,2020,1,Jan,Wed,3,Night or early morning,35,TRAFFIC SIGNAL,CLEAR,"DARKNESS, LIGHTED ROAD",TURNING,UNKNOWN INTERSECTION TYPE,WET,INJURY AND / OR TOW DUE TO CRASH,true,,"OVER $1,500",DISREGARDING STOP SIGN,4,NO INDICATION OF INJURY,0,0,41.8992163606,-87.716496785,60651,"CHICAGO MIDWAY AIRPORT, IL US",24.0,20.0,84.0,0.0,10.0,7.0
crash_01982,2023-10-05 05:08:00,2023,10,Oct,Thu,5,Night or early morning,30,NO CONTROLS,RAIN,"DARKNESS, LIGHTED ROAD",ANGLE,FOUR WAY,WET,INJURY AND / OR TOW DUE TO CRASH,true,,"OVER $1,500",FAILING TO YIELD RIGHT-OF-WAY,2,NONINCAPACITATING INJURY,1,0,41.8840492119,-87.6987587277,60612,"CHICAGO MIDWAY AIRPORT, IL US",67.0,64.0,91.0,0.07,3.0,7.0
crash_01983,2022-12-07 16:36:00,2022,12,Dec,Wed,16,Evening commute,30,NO CONTROLS,CLEAR,"DARKNESS, LIGHTED ROAD",FIXED OBJECT,ONE-WAY,DRY,INJURY AND / OR TOW DUE TO CRASH,,,"OVER $1,500",UNABLE TO DETERMINE,1,INCAPACITATING INJURY,1,0,41.8761451936,-87.691319571,60612,"CHICAGO MIDWAY AIRPORT, IL US",41.0,34.0,76.0,,8.0,5.0
crash_01984,2020-03-23 09:50:00,2020,3,Mar,Mon,9,Morning commute,40,NO CONTROLS,CLEAR,DAYLIGHT,REAR END,DIVIDED - W/MEDIAN BARRIER,ICE,INJURY AND / OR TOW DUE TO CRASH,,,"OVER $1,500",NOT APPLICABLE,2,NO INDICATION OF INJURY,0,0,41.8993222788,-87.6187384331,60611,"CHICAGO MIDWAY AIRPORT, IL US",35.0,32.0,89.0,0.0,7.0,7.0
crash_01985,2019-03-27 14:20:00,2019,3,Mar,Wed,14,Daytime,10,NO CONTROLS,CLEAR,DAYLIGHT,ANGLE,PARKING LOT,DRY,NO INJURY / DRIVE AWAY,,,"OVER $1,500",NOT APPLICABLE,2,NO INDICATION OF INJURY,0,0,41.691252806,-87.7139400014,60655,"CHICAGO MIDWAY AIRPORT, IL US",55.0,24.0,30.0,0.0,10.0,13.0
crash_01986,2018-01-05 15:30:00,2018,1,Jan,Fri,15,Evening commute,25,NO CONTROLS,CLEAR,DAYLIGHT,REAR END,DIVIDED - W/MEDIAN (NOT RAISED),DRY,NO INJURY / DRIVE AWAY,,true,"$501 - $1,500",UNABLE TO DETERMINE,3,NO INDICATION OF INJURY,0,0,41.7786364688,-87.7229063557,60629,"CHICAGO MIDWAY AIRPORT, IL US",11.0,-6.0,46.0,0.0,10.0,11.0
crash_01987,2018-09-26 09:30:00,2018,9,Sep,Wed,9,Morning commute,30,NO CONTROLS,CLEAR,DAYLIGHT,PARKED MOTOR VEHICLE,PARKING LOT,UNKNOWN,NO INJURY / DRIVE AWAY,,true,"$501 - $1,500",UNABLE TO DETERMINE,2,NO INDICATION OF INJURY,0,0,41.9101322404,-87.6946003939,60622,"CHICAGO MIDWAY AIRPORT, IL US",58.0,44.0,60.0,0.0,10.0,9.0
crash_01988,2024-12-07 18:42:00,2024,12,Dec,Sat,18,Evening commute,30,TRAFFIC SIGNAL,CLEAR,DUSK,TURNING,NOT DIVIDED,DRY,NO INJURY / DRIVE AWAY,,,"OVER $1,500",UNABLE TO DETERMINE,2,NO INDICATION OF INJURY,0,0,41.8083165158,-87.7234539584,60632,"CHICAGO MIDWAY AIRPORT, IL US",47.0,26.0,44.0,,10.0,20.0
crash_01989,2021-05-19 23:10:00,2021,5,May,Wed,23,Night or early morning,15,NO CONTROLS,CLEAR,DARKNESS,FIXED OBJECT,ALLEY,DRY,INJURY AND / OR TOW DUE TO CRASH,,,"OVER $1,500",UNABLE TO DETERMINE,1,NO INDICATION OF INJURY,0,0,41.8832224761,-87.7680775205,60644,"CHICAGO MIDWAY AIRPORT, IL US",69.0,59.0,70.0,0.0,10.0,6.0
crash_01990,2018-08-08 21:30:00,2018,8,Aug,Wed,21,Night or early morning,30,NO CONTROLS,CLEAR,"DARKNESS, LIGHTED ROAD",REAR END,NOT DIVIDED,DRY,NO INJURY / DRIVE AWAY,,,"OVER $1,500",FOLLOWING TOO CLOSELY,2,NO INDICATION OF INJURY,0,0,41.9539117716,-87.7167310814,60618,"CHICAGO OHARE INTERNATIONAL AIRPORT, IL US",76.0,63.0,64.0,0.0,10.0,8.0
crash_01991,2025-05-16 14:40:00,2025,5,May,Fri,14,Daytime,30,NO CONTROLS,CLEAR,DAYLIGHT,REAR END,NOT DIVIDED,DRY,NO INJURY / DRIVE AWAY,,,"OVER $1,500",UNABLE TO DETERMINE,2,NO INDICATION OF INJURY,0,0,41.9330187815,-87.6394289802,60657,"CHICAGO MIDWAY AIRPORT, IL US",87.0,43.0,21.0,0.0,10.0,21.0
crash_01992,2021-03-23 08:20:00,2021,3,Mar,Tue,8,Morning commute,30,NO CONTROLS,CLEAR,DAYLIGHT,FIXED OBJECT,DIVIDED - W/MEDIAN BARRIER,DRY,INJURY AND / OR TOW DUE TO CRASH,,,"OVER $1,500",DRIVING SKILLS/KNOWLEDGE/EXPERIENCE,1,NONINCAPACITATING INJURY,1,0,41.6590666493,-87.5595881342,60633,"CHICAGO MIDWAY AIRPORT, IL US",54.0,39.0,57.0,0.0,10.0,8.0
crash_01993,2024-07-16 19:15:00,2024,7,Jul,Tue,19,Night or early morning,30,TRAFFIC SIGNAL,UNKNOWN,UNKNOWN,REAR END,FOUR WAY,UNKNOWN,NO INJURY / DRIVE AWAY,true,,"OVER $1,500",FOLLOWING TOO CLOSELY,2,NO INDICATION OF INJURY,0,0,41.9978915811,-87.8061805337,60631,"CHICAGO OHARE INTERNATIONAL AIRPORT, IL US",78.0,71.0,79.0,0.0,10.0,13.0
crash_01994,2022-11-14 18:35:00,2022,11,Nov,Mon,18,Evening commute,30,NO CONTROLS,CLEAR,DARKNESS,TURNING,NOT DIVIDED,UNKNOWN,NO INJURY / DRIVE AWAY,,,"$501 - $1,500",UNABLE TO DETERMINE,2,NO INDICATION OF INJURY,0,0,41.9217799744,-87.6436631419,60614,"CHICAGO MIDWAY AIRPORT, IL US",38.0,20.0,48.0,0.0,10.0,15.0
crash_01995,2024-08-04 19:27:00,2024,8,Aug,Sun,19,Night or early morning,30,TRAFFIC SIGNAL,CLEAR,DUSK,SIDESWIPE SAME DIRECTION,NOT DIVIDED,DRY,NO INJURY / DRIVE AWAY,,,$500 OR LESS,UNDER THE INFLUENCE OF ALCOHOL/DRUGS (USE WHEN ARREST IS EFFECTED),2,NO INDICATION OF INJURY,0,0,41.8576012333,-87.6611637648,60608,"CHICAGO MIDWAY AIRPORT, IL US",85.0,68.0,57.0,0.0,10.0,9.0
crash_01996,2024-02-17 19:00:00,2024,2,Feb,Sat,19,Night or early morning,30,NO CONTROLS,CLEAR,"DARKNESS, LIGHTED ROAD",PARKED MOTOR VEHICLE,NOT DIVIDED,DRY,NO INJURY / DRIVE AWAY,,,"$501 - $1,500",DRIVING SKILLS/KNOWLEDGE/EXPERIENCE,2,NO INDICATION OF INJURY,0,0,41.9833899407,-87.6681211324,60640,"CHICAGO OHARE INTERNATIONAL AIRPORT, IL US",25.0,13.0,60.0,0.0,10.0,18.0
crash_01997,2024-03-07 11:53:00,2024,3,Mar,Thu,11,Daytime,30,NO CONTROLS,CLEAR,DAYLIGHT,PARKED MOTOR VEHICLE,NOT DIVIDED,DRY,INJURY AND / OR TOW DUE TO CRASH,,,"OVER $1,500",UNABLE TO DETERMINE,2,NO INDICATION OF INJURY,0,0,41.9326178432,-87.7129920062,60618,"CHICAGO MIDWAY AIRPORT, IL US",48.0,37.0,66.0,0.0,10.0,7.0
crash_01998,2018-01-18 08:53:00,2018,1,Jan,Thu,8,Morning commute,30,NO CONTROLS,CLEAR,DAYLIGHT,PARKED MOTOR VEHICLE,NOT DIVIDED,DRY,NO INJURY / DRIVE AWAY,,,$500 OR LESS,FOLLOWING TOO CLOSELY,2,NO INDICATION OF INJURY,0,0,41.7545518283,-87.5835288452,60649,"CHICAGO MIDWAY AIRPORT, IL US",20.0,11.0,68.0,0.0,10.0,18.0
crash_01999,2020-10-15 16:00:00,2020,10,Oct,Thu,16,Evening commute,35,NO CONTROLS,CLEAR,DAYLIGHT,SIDESWIPE SAME DIRECTION,DIVIDED - W/MEDIAN (NOT RAISED),DRY,NO INJURY / DRIVE AWAY,,true,$500 OR LESS,DRIVING SKILLS/KNOWLEDGE/EXPERIENCE,2,NO INDICATION OF INJURY,0,0,41.7223544483,-87.5757780641,60617,"CHICAGO MIDWAY AIRPORT, IL US",57.0,26.0,30.0,0.0,10.0,13.0
crash_02000,2018-08-16 14:40:00,2018,8,Aug,Thu,14,Daytime,30,NO CONTROLS,CLEAR,DAYLIGHT,REAR END,DIVIDED - W/MEDIAN (NOT RAISED),DRY,NO INJURY / DRIVE AWAY,true,,"OVER $1,500",FOLLOWING TOO CLOSELY,2,NO INDICATION OF INJURY,0,0,41.9297207035,-87.6784495822,60647,"CHICAGO MIDWAY AIRPORT, IL US",84.0,69.0,61.0,0.0,10.0,8.0
crash_02001,2018-05-21 17:30:00,2018,5,May,Mon,17,Evening commute,30,UNKNOWN,UNKNOWN,UNKNOWN,REAR END,UNKNOWN,UNKNOWN,NO INJURY / DRIVE AWAY,,,"OVER $1,500",UNABLE TO DETERMINE,2,NO INDICATION OF INJURY,0,0,41.9969325597,-87.8069486302,60631,"CHICAGO OHARE INTERNATIONAL AIRPORT, IL US",61.0,59.0,93.0,0.01,2.5,5.0
crash_02002,2025-06-29 00:30:00,2025,6,Jun,Sun,0,Night or early morning,30,NO CONTROLS,CLEAR,"DARKNESS, LIGHTED ROAD",PARKED MOTOR VEHICLE,NOT DIVIDED,DRY,NO INJURY / DRIVE AWAY,,true,"OVER $1,500",NOT APPLICABLE,3,NO INDICATION OF INJURY,0,0,41.9685858466,-87.7827741609,60630,"CHICAGO OHARE INTERNATIONAL AIRPORT, IL US",74.0,63.0,69.0,0.0,10.0,5.0
crash_02003,2020-11-07 10:30:00,2020,11,Nov,Sat,10,Daytime,25,NO CONTROLS,CLEAR,DAYLIGHT,TURNING,NOT DIVIDED,DRY,INJURY AND / OR TOW DUE TO CRASH,,true,"OVER $1,500",UNABLE TO DETERMINE,2,NO INDICATION OF INJURY,0,0,41.7884157823,-87.6680268888,60636,"CHICAGO MIDWAY AIRPORT, IL US",66.0,46.0,49.0,0.0,10.0,13.0
crash_02004,2022-07-13 09:38:00,2022,7,Jul,Wed,9,Morning commute,30,TRAFFIC SIGNAL,CLEAR,DAYLIGHT,ANGLE,FOUR WAY,DRY,NO INJURY / DRIVE AWAY,true,,"OVER $1,500",UNABLE TO DETERMINE,2,NO INDICATION OF INJURY,0,0,41.8442210021,-87.7344090207,60623,"CHICAGO MIDWAY AIRPORT, IL US",81.0,59.0,47.0,0.0,10.0,11.0
crash_02005,2021-04-22 14:40:00,2021,4,Apr,Thu,14,Daytime,30,NO CONTROLS,CLEAR,DAYLIGHT,PARKED MOTOR VEHICLE,NOT DIVIDED,DRY,INJURY AND / OR TOW DUE TO CRASH,,true,"OVER $1,500",UNABLE TO DETERMINE,3,NO INDICATION OF INJURY,0,0,41.9145159654,-87.7165386779,60647,"CHICAGO MIDWAY AIRPORT, IL US",57.0,25.0,29.0,0.0,10.0,16.0
crash_02006,2019-06-25 15:30:00,2019,6,Jun,Tue,15,Evening commute,45,TRAFFIC SIGNAL,CLEAR,"DARKNESS, LIGHTED ROAD",SIDESWIPE SAME DIRECTION,UNKNOWN,DRY,NO INJURY / DRIVE AWAY,,,$500 OR LESS,UNABLE TO DETERMINE,2,NO INDICATION OF INJURY,0,0,41.8590765189,-87.6168538411,60616,"CHICAGO MIDWAY AIRPORT, IL US",85.0,61.0,45.0,0.0,10.0,17.0
crash_02007,2018-01-09 13:55:00,2018,1,Jan,Tue,13,Daytime,30,TRAFFIC SIGNAL,CLEAR,DAYLIGHT,SIDESWIPE SAME DIRECTION,NOT DIVIDED,DRY,NO INJURY / DRIVE AWAY,true,,"$501 - $1,500",FAILING TO REDUCE SPEED TO AVOID CRASH,2,NO INDICATION OF INJURY,0,0,41.9240689223,-87.7661412141,60639,"CHICAGO OHARE INTERNATIONAL AIRPORT, IL US",34.0,28.0,79.0,0.0,5.0,6.0
crash_02008,2025-08-11 21:00:00,2025,8,Aug,Mon,21,Night or early morning,30,NO CONTROLS,CLEAR,DAYLIGHT,PARKED MOTOR VEHICLE,NOT DIVIDED,DRY,NO INJURY / DRIVE AWAY,,true,"OVER $1,500",UNABLE TO DETERMINE,2,NO INDICATION OF INJURY,0,0,41.85466926,-87.6525662058,60608,"CHICAGO MIDWAY AIRPORT, IL US",85.0,69.0,59.0,0.0,10.0,5.0
crash_02009,2019-02-07 11:30:00,2019,2,Feb,Thu,11,Daytime,30,NO CONTROLS,CLOUDY/OVERCAST,DAYLIGHT,PARKED MOTOR VEHICLE,ONE-WAY,DRY,INJURY AND / OR TOW DUE TO CRASH,,,"OVER $1,500",UNABLE TO DETERMINE,2,NO INDICATION OF INJURY,0,0,41.9208571413,-87.7314148898,60639,"CHICAGO MIDWAY AIRPORT, IL US",40.0,40.0,100.0,,0.25,5.0
crash_02010,2024-07-30 17:05:00,2024,7,Jul,Tue,17,Evening commute,30,TRAFFIC SIGNAL,CLEAR,DAYLIGHT,SIDESWIPE SAME DIRECTION,FOUR WAY,DRY,NO INJURY / DRIVE AWAY,true,,$500 OR LESS,IMPROPER OVERTAKING/PASSING,2,NO INDICATION OF INJURY,0,0,41.7431841699,-87.6633193913,60620,"CHICAGO MIDWAY AIRPORT, IL US",90.0,68.0,48.0,0.0,10.0,7.0
crash_02011,2022-11-23 08:00:00,2022,11,Nov,Wed,8,Morning commute,25,TRAFFIC SIGNAL,CLEAR,DAYLIGHT,PEDESTRIAN,NOT DIVIDED,DRY,INJURY AND / OR TOW DUE TO CRASH,true,,$500 OR LESS,DRIVING SKILLS/KNOWLEDGE/EXPERIENCE,2,NONINCAPACITATING INJURY,1,0,41.9258069317,-87.6338196492,60614,"CHICAGO MIDWAY AIRPORT, IL US",36.0,28.0,73.0,0.0,10.0,6.0
crash_02012,2024-08-23 19:57:00,2024,8,Aug,Fri,19,Night or early morning,30,NO CONTROLS,CLEAR,"DARKNESS, LIGHTED ROAD",SIDESWIPE SAME DIRECTION,NOT DIVIDED,DRY,INJURY AND / OR TOW DUE TO CRASH,,,"OVER $1,500",FOLLOWING TOO CLOSELY,2,"REPORTED, NOT EVIDENT",2,0,41.9384946772,-87.7641847721,60641,"CHICAGO OHARE INTERNATIONAL AIRPORT, IL US",76.0,55.0,48.0,0.0,10.0,5.0
crash_02013,2023-11-11 17:38:00,2023,11,Nov,Sat,17,Evening commute,30,NO CONTROLS,UNKNOWN,UNKNOWN,PARKED MOTOR VEHICLE,NOT DIVIDED,UNKNOWN,NO INJURY / DRIVE AWAY,,true,"OVER $1,500",UNABLE TO DETERMINE,2,NO INDICATION OF INJURY,0,0,41.9126975427,-87.6825425856,60647,"CHICAGO MIDWAY AIRPORT, IL US",48.0,32.0,54.0,0.0,10.0,3.0
crash_02014,2025-05-15 09:45:00,2025,5,May,Thu,9,Morning commute,30,NO CONTROLS,CLEAR,DAYLIGHT,ANGLE,ONE-WAY,DRY,NO INJURY / DRIVE AWAY,true,true,"$501 - $1,500",FAILING TO YIELD RIGHT-OF-WAY,2,NO INDICATION OF INJURY,0,0,41.8879933653,-87.7481265481,60644,"CHICAGO MIDWAY AIRPORT, IL US",80.0,65.0,60.0,0.0,10.0,11.0
crash_02015,2018-01-01 16:44:00,2018,1,Jan,Mon,16,Evening commute,30,TRAFFIC SIGNAL,CLEAR,DUSK,TURNING,DIVIDED - W/MEDIAN (NOT RAISED),DRY,NO INJURY / DRIVE AWAY,true,,"OVER $1,500",FAILING TO YIELD RIGHT-OF-WAY,2,NO INDICATION OF INJURY,0,0,41.9529842029,-87.789083831,60634,"CHICAGO OHARE INTERNATIONAL AIRPORT, IL US",-1.0,-12.0,59.0,0.0,10.0,9.0
crash_02016,2019-08-09 03:30:00,2019,8,Aug,Fri,3,Night or early morning,30,NO CONTROLS,CLEAR,DARKNESS,ANGLE,FOUR WAY,DRY,NO INJURY / DRIVE AWAY,true,true,"OVER $1,500",DISREGARDING STOP SIGN,3,NO INDICATION OF INJURY,0,0,41.7462475843,-87.5771500136,60617,"CHICAGO MIDWAY AIRPORT, IL US",65.0,56.0,73.0,0.0,10.0,5.0
crash_02017,2021-01-20 16:00:00,2021,1,Jan,Wed,16,Evening commute,35,NO CONTROLS,CLEAR,DAYLIGHT,TURNING,NOT DIVIDED,DRY,NO INJURY / DRIVE AWAY,,,"OVER $1,500",NOT APPLICABLE,2,NO INDICATION OF INJURY,0,0,41.9237081929,-87.7953007812,60707,"CHICAGO OHARE INTERNATIONAL AIRPORT, IL US",29.0,18.0,63.0,0.0,10.0,21.0
crash_02018,2023-06-23 10:20:00,2023,6,Jun,Fri,10,Daytime,30,NO CONTROLS,CLEAR,DAYLIGHT,PARKED MOTOR VEHICLE,NOT DIVIDED,DRY,NO INJURY / DRIVE AWAY,,,"OVER $1,500",UNABLE TO DETERMINE,2,NO INDICATION OF INJURY,0,0,41.8941611551,-87.6162020127,60611,"CHICAGO MIDWAY AIRPORT, IL US",80.0,55.0,42.0,0.0,7.0,6.0
crash_02019,2020-06-05 07:49:00,2020,6,Jun,Fri,7,Morning commute,25,NO CONTROLS,CLEAR,DAYLIGHT,PARKED MOTOR VEHICLE,NOT DIVIDED,DRY,NO INJURY / DRIVE AWAY,false,true,"OVER $1,500",UNABLE TO DETERMINE,2,NO INDICATION OF INJURY,0,0,41.6817374192,-87.6702992339,60643,"CHICAGO MIDWAY AIRPORT, IL US",75.0,69.0,82.0,0.0,10.0,8.0
crash_02020,2018-01-20 12:27:00,2018,1,Jan,Sat,12,Daytime,30,TRAFFIC SIGNAL,CLEAR,DAYLIGHT,PEDESTRIAN,NOT DIVIDED,DRY,NO INJURY / DRIVE AWAY,,,$500 OR LESS,FAILING TO YIELD RIGHT-OF-WAY,2,NO INDICATION OF INJURY,0,0,41.9764319202,-87.659931806,60640,"CHICAGO OHARE INTERNATIONAL AIRPORT, IL US",44.0,31.0,60.0,0.0,10.0,9.0
crash_02021,2023-03-25 18:09:00,2023,3,Mar,Sat,18,Evening commute,30,TRAFFIC SIGNAL,CLEAR,DAWN,PEDESTRIAN,NOT DIVIDED,DRY,INJURY AND / OR TOW DUE TO CRASH,,true,"OVER $1,500",NOT APPLICABLE,2,NONINCAPACITATING INJURY,1,0,41.9095143888,-87.7462399252,60651,"CHICAGO MIDWAY AIRPORT, IL US",45.0,23.0,42.0,0.0,10.0,17.0
crash_02022,2024-02-29 09:00:00,2024,2,Feb,Thu,9,Morning commute,30,TRAFFIC SIGNAL,CLEAR,DAYLIGHT,REAR END,NOT DIVIDED,DRY,NO INJURY / DRIVE AWAY,,,"OVER $1,500",FOLLOWING TOO CLOSELY,2,NO INDICATION OF INJURY,0,0,41.8574755651,-87.6441239695,60616,"CHICAGO MIDWAY AIRPORT, IL US",27.0,4.0,37.0,0.0,10.0,0.0
crash_02023,2020-08-30 19:15:00,2020,8,Aug,Sun,19,Night or early morning,30,NO CONTROLS,CLEAR,DAYLIGHT,PARKED MOTOR VEHICLE,ONE-WAY,DRY,NO INJURY / DRIVE AWAY,,,"OVER $1,500",FAILING TO REDUCE SPEED TO AVOID CRASH,3,NO INDICATION OF INJURY,0,0,41.8962570419,-87.7570059831,60651,"CHICAGO MIDWAY AIRPORT, IL US",72.0,56.0,57.0,0.0,10.0,14.0
crash_02024,2025-06-21 00:00:00,2025,6,Jun,Sat,0,Night or early morning,10,NO CONTROLS,UNKNOWN,UNKNOWN,OTHER OBJECT,PARKING LOT,UNKNOWN,NO INJURY / DRIVE AWAY,,true,"OVER $1,500",UNABLE TO DETERMINE,1,NO INDICATION OF INJURY,0,0,41.7643729201,-87.7225190599,60629,"CHICAGO MIDWAY AIRPORT, IL US",79.0,65.0,62.0,0.0,10.0,13.0
crash_02025,2024-07-14 15:30:00,2024,7,Jul,Sun,15,Evening commute,35,TRAFFIC SIGNAL,CLEAR,DAYLIGHT,REAR END,ONE-WAY,DRY,INJURY AND / OR TOW DUE TO CRASH,,,"OVER $1,500",UNABLE TO DETERMINE,2,"REPORTED, NOT EVIDENT",1,0,41.8670336006,-87.6861984032,60612,"CHICAGO MIDWAY AIRPORT, IL US",85.0,70.0,61.0,0.0,10.0,15.0
crash_02026,2022-04-20 07:30:00,2022,4,Apr,Wed,7,Morning commute,30,STOP SIGN/FLASHER,CLEAR,DAYLIGHT,SIDESWIPE SAME DIRECTION,FOUR WAY,DRY,NO INJURY / DRIVE AWAY,true,true,"$501 - $1,500",IMPROPER OVERTAKING/PASSING,2,NO INDICATION OF INJURY,0,0,41.9690234296,-87.6695904335,60640,"CHICAGO OHARE INTERNATIONAL AIRPORT, IL US",44.0,31.0,60.0,0.0,10.0,9.0
crash_02027,2023-04-04 14:00:00,2023,4,Apr,Tue,14,Daytime,15,NO CONTROLS,CLEAR,DAYLIGHT,PARKED MOTOR VEHICLE,PARKING LOT,DRY,NO INJURY / DRIVE AWAY,,true,"OVER $1,500",UNABLE TO DETERMINE,2,NO INDICATION OF INJURY,0,0,41.9237537124,-87.7895706402,60707,"CHICAGO OHARE INTERNATIONAL AIRPORT, IL US",48.0,45.0,89.0,0.3,1.5,10.0
crash_02028,2023-11-10 02:05:00,2023,11,Nov,Fri,2,Night or early morning,30,TRAFFIC SIGNAL,CLEAR,"DARKNESS, LIGHTED ROAD",ANGLE,FOUR WAY,DRY,INJURY AND / OR TOW DUE TO CRASH,true,,"OVER $1,500",FAILING TO REDUCE SPEED TO AVOID CRASH,2,"REPORTED, NOT EVIDENT",3,0,41.8985401302,-87.7656731849,60651,"CHICAGO MIDWAY AIRPORT, IL US",43.0,28.0,56.0,0.0,10.0,5.0
crash_02029,2023-03-20 17:00:00,2023,3,Mar,Mon,17,Evening commute,30,TRAFFIC SIGNAL,CLEAR,DAYLIGHT,REAR END,NOT DIVIDED,DRY,NO INJURY / DRIVE AWAY,,true,"OVER $1,500",UNABLE TO DETERMINE,2,NO INDICATION OF INJURY,0,0,41.9653449109,-87.6692738048,60640,"CHICAGO MIDWAY AIRPORT, IL US",51.0,19.0,28.0,0.0,10.0,21.0
crash_02030,2021-06-08 09:51:00,2021,6,Jun,Tue,9,Morning commute,20,NO CONTROLS,CLEAR,DAYLIGHT,PARKED MOTOR VEHICLE,ONE-WAY,DRY,NO INJURY / DRIVE AWAY,,true,"OVER $1,500",UNABLE TO DETERMINE,3,NO INDICATION OF INJURY,0,0,41.9628763468,-87.7069304287,60625,"CHICAGO OHARE INTERNATIONAL AIRPORT, IL US",78.0,68.0,71.0,0.0,10.0,0.0
crash_02031,2023-07-21 19:50:00,2023,7,Jul,Fri,19,Night or early morning,30,NO CONTROLS,CLEAR,DAYLIGHT,SIDESWIPE SAME DIRECTION,DIVIDED - W/MEDIAN BARRIER,DRY,NO INJURY / DRIVE AWAY,,,"OVER $1,500",FAILING TO REDUCE SPEED TO AVOID CRASH,2,NO INDICATION OF INJURY,0,0,41.9262516097,-87.6310449122,60614,"CHICAGO MIDWAY AIRPORT, IL US",75.0,52.0,45.0,0.0,10.0,7.0
crash_02032,2019-07-01 17:06:00,2019,7,Jul,Mon,17,Evening commute,30,TRAFFIC SIGNAL,CLEAR,DAYLIGHT,TURNING,FOUR WAY,DRY,INJURY AND / OR TOW DUE TO CRASH,true,,"OVER $1,500",FAILING TO YIELD RIGHT-OF-WAY,2,"REPORTED, NOT EVIDENT",2,0,41.7514606032,-87.585971993,60619,"CHICAGO MIDWAY AIRPORT, IL US",87.0,70.0,57.0,0.0,10.0,10.0