crash_id,crash_datetime,crash_year,crash_month,crash_month_name,crash_weekday_name,crash_hour,time_period,posted_speed_limit_mph,traffic_control_device,reported_weather_condition,reported_lighting_condition,first_crash_type,trafficway_type,reported_road_surface_condition,crash_type,intersection_related,hit_and_run,estimated_damage,primary_contributory_cause,unit_count,most_severe_injury,injuries_total,injuries_fatal,latitude,longitude,zip5,weather_station_name,temperature_f,dew_point_f,relative_humidity_percent,precipitation_inches,visibility_miles,wind_speed_mph
crash_02033,2023-05-12 16:19:00,2023,5,May,Fri,16,Evening commute,30,TRAFFIC SIGNAL,RAIN,DAYLIGHT,SIDESWIPE SAME DIRECTION,FOUR WAY,WET,NO INJURY / DRIVE AWAY,true,,"OVER $1,500",UNABLE TO DETERMINE,2,NO INDICATION OF INJURY,0,0,41.9236668074,-87.7658316566,60639,"CHICAGO OHARE INTERNATIONAL AIRPORT, IL US",73.0,62.0,69.0,0.0,10.0,10.0
crash_02034,2022-11-15 08:10:00,2022,11,Nov,Tue,8,Morning commute,30,TRAFFIC SIGNAL,SNOW,DAYLIGHT,REAR END,DIVIDED - W/MEDIAN (NOT RAISED),WET,NO INJURY / DRIVE AWAY,,true,"$501 - $1,500",FOLLOWING TOO CLOSELY,2,NO INDICATION OF INJURY,0,0,41.8515869407,-87.7296904329,60623,"CHICAGO MIDWAY AIRPORT, IL US",34.0,31.0,89.0,0.01,2.0,9.0
crash_02035,2020-07-25 11:22:00,2020,7,Jul,Sat,11,Daytime,30,NO CONTROLS,CLEAR,DAYLIGHT,REAR END,PARKING LOT,DRY,NO INJURY / DRIVE AWAY,,,"OVER $1,500",FOLLOWING TOO CLOSELY,2,NO INDICATION OF INJURY,0,0,41.8485874803,-87.6417838044,60616,"CHICAGO MIDWAY AIRPORT, IL US",84.0,63.0,49.0,0.0,10.0,9.0
crash_02036,2023-02-06 08:30:00,2023,2,Feb,Mon,8,Morning commute,30,NO CONTROLS,CLEAR,DAYLIGHT,PARKED MOTOR VEHICLE,DIVIDED - W/MEDIAN BARRIER,DRY,NO INJURY / DRIVE AWAY,,,"OVER $1,500",RELATED TO BUS STOP,2,NO INDICATION OF INJURY,0,0,41.77712074,-87.5864839476,60637,"CHICAGO MIDWAY AIRPORT, IL US",32.0,25.0,75.0,0.0,9.0,9.0
crash_02037,2018-12-01 12:30:00,2018,12,Dec,Sat,12,Daytime,30,NO CONTROLS,CLEAR,DAYLIGHT,SIDESWIPE SAME DIRECTION,NOT DIVIDED,DRY,NO INJURY / DRIVE AWAY,,true,"OVER $1,500",UNABLE TO DETERMINE,2,NO INDICATION OF INJURY,0,0,41.9048566243,-87.6685902042,60622,"CHICAGO MIDWAY AIRPORT, IL US",42.0,38.0,85.0,0.0,8.0,14.0
crash_02038,2022-10-28 16:00:00,2022,10,Oct,Fri,16,Evening commute,30,STOP SIGN/FLASHER,CLEAR,DAYLIGHT,REAR TO SIDE,ONE-WAY,DRY,NO INJURY / DRIVE AWAY,true,,"OVER $1,500",IMPROPER BACKING,2,NO INDICATION OF INJURY,0,0,41.782764217,-87.6862456667,60629,"CHICAGO MIDWAY AIRPORT, IL US",59.0,36.0,42.0,0.0,10.0,7.0
crash_02039,2021-07-05 16:05:00,2021,7,Jul,Mon,16,Evening commute,15,NO CONTROLS,CLEAR,DAYLIGHT,PEDALCYCLIST,ALLEY,DRY,INJURY AND / OR TOW DUE TO CRASH,true,,"OVER $1,500",UNABLE TO DETERMINE,2,INCAPACITATING INJURY,1,0,41.940417234,-87.7566264678,60641,"CHICAGO OHARE INTERNATIONAL AIRPORT, IL US",90.0,68.0,48.0,0.0,10.0,21.0
crash_02040,2024-09-22 12:00:00,2024,9,Sep,Sun,12,Daytime,35,TRAFFIC SIGNAL,RAIN,DAYLIGHT,REAR END,DIVIDED - W/MEDIAN (NOT RAISED),DRY,NO INJURY / DRIVE AWAY,,,"$501 - $1,500",IMPROPER BACKING,2,NO INDICATION OF INJURY,0,0,41.9295562574,-87.687660331,60647,"CHICAGO MIDWAY AIRPORT, IL US",72.0,68.0,87.0,0.01,10.0,3.0
crash_02041,2024-02-09 11:40:00,2024,2,Feb,Fri,11,Daytime,30,NO CONTROLS,CLEAR,DAYLIGHT,REAR END,DIVIDED - W/MEDIAN BARRIER,DRY,INJURY AND / OR TOW DUE TO CRASH,,,"$501 - $1,500","EVASIVE ACTION DUE TO ANIMAL, OBJECT, NONMOTORIST",2,"REPORTED, NOT EVIDENT",1,0,41.7248870092,-87.6820405309,60620,"CHICAGO MIDWAY AIRPORT, IL US",56.0,37.0,49.0,0.0,10.0,22.0
crash_02042,2021-06-16 12:45:00,2021,6,Jun,Wed,12,Daytime,30,TRAFFIC SIGNAL,CLEAR,DAYLIGHT,REAR END,DRIVEWAY,DRY,NO INJURY / DRIVE AWAY,true,,"OVER $1,500",DISTRACTION - FROM INSIDE VEHICLE,2,NO INDICATION OF INJURY,0,0,41.7938460113,-87.6303495,60621,"CHICAGO MIDWAY AIRPORT, IL US",76.0,41.0,29.0,0.0,10.0,10.0
crash_02043,2025-09-10 14:25:00,2025,9,Sep,Wed,14,Daytime,30,NO CONTROLS,CLEAR,DAYLIGHT,REAR END,NOT DIVIDED,DRY,NO INJURY / DRIVE AWAY,,,"OVER $1,500",UNABLE TO DETERMINE,2,NO INDICATION OF INJURY,0,0,41.947060521,-87.6718017969,60613,,,,,,,
crash_02044,2020-07-23 15:04:00,2020,7,Jul,Thu,15,Evening commute,30,TRAFFIC SIGNAL,CLEAR,DAYLIGHT,SIDESWIPE SAME DIRECTION,NOT DIVIDED,DRY,NO INJURY / DRIVE AWAY,true,true,$500 OR LESS,UNABLE TO DETERMINE,2,NO INDICATION OF INJURY,0,0,41.8811182788,-87.6862833389,60612,"CHICAGO MIDWAY AIRPORT, IL US",79.0,60.0,52.0,0.0,10.0,9.0
crash_02045,2025-05-08 14:45:00,2025,5,May,Thu,14,Daytime,30,NO CONTROLS,CLEAR,DAYLIGHT,REAR END,DIVIDED - W/MEDIAN (NOT RAISED),DRY,NO INJURY / DRIVE AWAY,,,"$501 - $1,500",FOLLOWING TOO CLOSELY,2,NO INDICATION OF INJURY,0,0,41.7213866492,-87.6578758446,60620,"CHICAGO MIDWAY AIRPORT, IL US",59.0,39.0,48.0,0.0,10.0,18.0
crash_02046,2021-04-27 10:16:00,2021,4,Apr,Tue,10,Daytime,35,TRAFFIC SIGNAL,CLEAR,DAYLIGHT,REAR END,DIVIDED - W/MEDIAN (NOT RAISED),DRY,INJURY AND / OR TOW DUE TO CRASH,,,"OVER $1,500",FOLLOWING TOO CLOSELY,2,"REPORTED, NOT EVIDENT",1,0,41.8635987559,-87.6392732573,60607,"CHICAGO MIDWAY AIRPORT, IL US",73.0,51.0,46.0,0.0,10.0,15.0
crash_02047,2022-06-04 13:45:00,2022,6,Jun,Sat,13,Daytime,30,NO CONTROLS,CLEAR,DAYLIGHT,FIXED OBJECT,ALLEY,DRY,INJURY AND / OR TOW DUE TO CRASH,,,"OVER $1,500",NOT APPLICABLE,1,NO INDICATION OF INJURY,0,0,41.735064894,-87.6543849693,60620,"CHICAGO MIDWAY AIRPORT, IL US",67.0,43.0,42.0,0.0,10.0,9.0
crash_02048,2021-01-16 05:30:00,2021,1,Jan,Sat,5,Night or early morning,20,NO CONTROLS,SNOW,"DARKNESS, LIGHTED ROAD",PARKED MOTOR VEHICLE,NOT DIVIDED,SNOW OR SLUSH,NO INJURY / DRIVE AWAY,,,"$501 - $1,500",UNABLE TO DETERMINE,2,NO INDICATION OF INJURY,0,0,41.88560325,-87.7476697137,60644,"CHICAGO MIDWAY AIRPORT, IL US",31.0,27.0,85.0,0.01,1.75,8.0
crash_02049,2021-10-23 09:15:00,2021,10,Oct,Sat,9,Morning commute,15,NO CONTROLS,CLEAR,DAYLIGHT,PARKED MOTOR VEHICLE,PARKING LOT,DRY,NO INJURY / DRIVE AWAY,,,"OVER $1,500",UNABLE TO DETERMINE,3,NO INDICATION OF INJURY,0,0,41.9171777797,-87.7163246262,60647,"CHICAGO MIDWAY AIRPORT, IL US",46.0,32.0,58.0,0.0,10.0,6.0
crash_02050,2021-03-20 15:40:00,2021,3,Mar,Sat,15,Evening commute,30,TRAFFIC SIGNAL,CLEAR,DUSK,PEDALCYCLIST,NOT DIVIDED,DRY,NO INJURY / DRIVE AWAY,,,$500 OR LESS,UNABLE TO DETERMINE,2,NO INDICATION OF INJURY,0,0,41.7993472203,-87.5967173736,60615,"CHICAGO MIDWAY AIRPORT, IL US",58.0,20.0,23.0,0.0,10.0,8.0
crash_02051,2024-09-22 16:00:00,2024,9,Sep,Sun,16,Evening commute,30,NO CONTROLS,CLEAR,DAYLIGHT,PARKED MOTOR VEHICLE,NOT DIVIDED,DRY,NO INJURY / DRIVE AWAY,,true,$500 OR LESS,UNABLE TO DETERMINE,2,NO INDICATION OF INJURY,0,0,41.7933657154,-87.6242006344,60637,"CHICAGO MIDWAY AIRPORT, IL US",72.0,66.0,82.0,0.0,10.0,0.0
crash_02052,2018-09-04 19:15:00,2018,9,Sep,Tue,19,Night or early morning,30,NO CONTROLS,CLEAR,DUSK,SIDESWIPE SAME DIRECTION,DIVIDED - W/MEDIAN (NOT RAISED),DRY,NO INJURY / DRIVE AWAY,,true,"$501 - $1,500",IMPROPER LANE USAGE,2,NO INDICATION OF INJURY,0,0,41.8257296232,-87.7242645801,60632,"CHICAGO MIDWAY AIRPORT, IL US",90.0,66.0,45.0,0.0,10.0,9.0
crash_02053,2020-02-14 08:00:00,2020,2,Feb,Fri,8,Morning commute,30,TRAFFIC SIGNAL,CLEAR,DAYLIGHT,ANGLE,NOT DIVIDED,DRY,NO INJURY / DRIVE AWAY,,,"OVER $1,500",FAILING TO YIELD RIGHT-OF-WAY,2,NO INDICATION OF INJURY,0,0,41.6915418187,-87.709432181,60655,"CHICAGO MIDWAY AIRPORT, IL US",0.0,-10.0,62.0,0.0,10.0,8.0
crash_02054,2025-02-01 19:30:00,2025,2,Feb,Sat,19,Night or early morning,30,NO CONTROLS,CLEAR,DUSK,REAR END,DIVIDED - W/MEDIAN BARRIER,UNKNOWN,NO INJURY / DRIVE AWAY,,,"OVER $1,500",FAILING TO REDUCE SPEED TO AVOID CRASH,2,NO INDICATION OF INJURY,0,0,41.7934008232,-87.6824229681,60636,"CHICAGO MIDWAY AIRPORT, IL US",33.0,23.0,66.0,0.0,10.0,16.0
crash_02055,2024-07-18 15:15:00,2024,7,Jul,Thu,15,Evening commute,25,NO CONTROLS,RAIN,DAYLIGHT,PARKED MOTOR VEHICLE,ONE-WAY,DRY,NO INJURY / DRIVE AWAY,,true,"OVER $1,500",UNABLE TO DETERMINE,2,NO INDICATION OF INJURY,0,0,41.7727108438,-87.5684694376,60649,"CHICAGO MIDWAY AIRPORT, IL US",74.0,51.0,45.0,0.0,10.0,13.0
crash_02056,2022-07-13 09:25:00,2022,7,Jul,Wed,9,Morning commute,15,NO CONTROLS,CLEAR,DAYLIGHT,FIXED OBJECT,ALLEY,DRY,NO INJURY / DRIVE AWAY,,,"OVER $1,500",UNABLE TO DETERMINE,2,NO INDICATION OF INJURY,0,0,41.929697433,-87.7830659749,60639,"CHICAGO OHARE INTERNATIONAL AIRPORT, IL US",77.0,59.0,54.0,0.0,10.0,16.0
crash_02057,2018-07-25 10:45:00,2018,7,Jul,Wed,10,Daytime,15,NO CONTROLS,CLEAR,DAYLIGHT,ANGLE,PARKING LOT,DRY,NO INJURY / DRIVE AWAY,,,"OVER $1,500",FAILING TO YIELD RIGHT-OF-WAY,2,NO INDICATION OF INJURY,0,0,41.8079986204,-87.7430121565,60632,"CHICAGO MIDWAY AIRPORT, IL US",83.0,57.0,41.0,0.0,10.0,9.0
crash_02058,2024-05-31 09:50:00,2024,5,May,Fri,9,Morning commute,10,NO CONTROLS,CLEAR,DAYLIGHT,ANGLE,PARKING LOT,DRY,NO INJURY / DRIVE AWAY,,,"OVER $1,500",UNABLE TO DETERMINE,2,NO INDICATION OF INJURY,0,0,41.7974464359,-87.7540263134,60638,"CHICAGO MIDWAY AIRPORT, IL US",73.0,48.0,41.0,0.0,10.0,7.0
crash_02059,2022-10-31 09:46:00,2022,10,Oct,Mon,9,Morning commute,30,TRAFFIC SIGNAL,CLOUDY/OVERCAST,DAYLIGHT,TURNING,FOUR WAY,WET,NO INJURY / DRIVE AWAY,true,,"$501 - $1,500",UNABLE TO DETERMINE,2,NO INDICATION OF INJURY,0,0,41.9033188891,-87.6617787841,60642,"CHICAGO MIDWAY AIRPORT, IL US",57.0,54.0,90.0,0.0,0.5,6.0
crash_02060,2024-03-20 09:25:00,2024,3,Mar,Wed,9,Morning commute,30,TRAFFIC SIGNAL,CLEAR,DARKNESS,TURNING,NOT DIVIDED,DRY,INJURY AND / OR TOW DUE TO CRASH,true,,"OVER $1,500",IMPROPER OVERTAKING/PASSING,2,"REPORTED, NOT EVIDENT",2,0,41.7564901494,-87.6152267936,60619,"CHICAGO MIDWAY AIRPORT, IL US",37.0,10.0,33.0,0.0,10.0,17.0
crash_02061,2022-03-30 16:20:00,2022,3,Mar,Wed,16,Evening commute,30,NO CONTROLS,RAIN,DAYLIGHT,PARKED MOTOR VEHICLE,DIVIDED - W/MEDIAN BARRIER,WET,NO INJURY / DRIVE AWAY,,,$500 OR LESS,DRIVING SKILLS/KNOWLEDGE/EXPERIENCE,2,NO INDICATION OF INJURY,0,0,41.7213257508,-87.6626250979,60620,"CHICAGO MIDWAY AIRPORT, IL US",63.0,59.0,87.0,0.03,9.0,18.0
crash_02062,2021-08-03 08:15:00,2021,8,Aug,Tue,8,Morning commute,25,NO CONTROLS,CLEAR,DAYLIGHT,PARKED MOTOR VEHICLE,NOT DIVIDED,DRY,NO INJURY / DRIVE AWAY,,true,"OVER $1,500",UNABLE TO DETERMINE,2,NO INDICATION OF INJURY,0,0,41.7779628735,-87.6501627104,60621,"CHICAGO MIDWAY AIRPORT, IL US",69.0,54.0,59.0,0.0,10.0,3.0
crash_02063,2022-12-17 01:00:00,2022,12,Dec,Sat,1,Night or early morning,20,NO CONTROLS,UNKNOWN,"DARKNESS, LIGHTED ROAD",PARKED MOTOR VEHICLE,NOT DIVIDED,UNKNOWN,NO INJURY / DRIVE AWAY,,true,"OVER $1,500",UNABLE TO DETERMINE,3,NO INDICATION OF INJURY,0,0,41.9594271455,-87.7129674821,60618,"CHICAGO OHARE INTERNATIONAL AIRPORT, IL US",26.0,18.0,71.0,0.0,8.0,18.0
crash_02064,2024-12-03 20:03:00,2024,12,Dec,Tue,20,Night or early morning,30,TRAFFIC SIGNAL,CLEAR,"DARKNESS, LIGHTED ROAD",SIDESWIPE SAME DIRECTION,NOT DIVIDED,DRY,NO INJURY / DRIVE AWAY,,,"OVER $1,500",UNABLE TO DETERMINE,2,NO INDICATION OF INJURY,0,0,41.7501823555,-87.6732788568,60620,"CHICAGO MIDWAY AIRPORT, IL US",24.0,17.0,75.0,,10.0,14.0
crash_02065,2023-11-14 19:15:00,2023,11,Nov,Tue,19,Night or early morning,30,TRAFFIC SIGNAL,CLEAR,"DARKNESS, LIGHTED ROAD",ANGLE,DIVIDED - W/MEDIAN (NOT RAISED),DRY,INJURY AND / OR TOW DUE TO CRASH,true,,"OVER $1,500",UNABLE TO DETERMINE,2,NONINCAPACITATING INJURY,2,0,41.8090824366,-87.6310308737,60609,"CHICAGO MIDWAY AIRPORT, IL US",55.0,26.0,33.0,0.0,10.0,13.0
crash_02066,2022-02-08 15:50:00,2022,2,Feb,Tue,15,Evening commute,35,NO CONTROLS,CLEAR,DAYLIGHT,PARKED MOTOR VEHICLE,NOT DIVIDED,DRY,INJURY AND / OR TOW DUE TO CRASH,,,"OVER $1,500",UNABLE TO DETERMINE,2,NO INDICATION OF INJURY,0,0,41.9522260075,-87.8336857318,60634,"CHICAGO OHARE INTERNATIONAL AIRPORT, IL US",37.0,25.0,62.0,0.0,10.0,10.0
crash_02067,2024-08-01 07:30:00,2024,8,Aug,Thu,7,Morning commute,30,STOP SIGN/FLASHER,CLEAR,DAYLIGHT,ANGLE,FOUR WAY,DRY,INJURY AND / OR TOW DUE TO CRASH,,,"OVER $1,500",UNABLE TO DETERMINE,2,NONINCAPACITATING INJURY,1,0,41.7333823606,-87.5709178224,60617,"CHICAGO MIDWAY AIRPORT, IL US",75.0,72.0,89.0,0.0,10.0,8.0
crash_02068,2022-06-17 08:35:00,2022,6,Jun,Fri,8,Morning commute,30,NO CONTROLS,CLEAR,DAYLIGHT,ANGLE,NOT DIVIDED,DRY,NO INJURY / DRIVE AWAY,,,"OVER $1,500",FAILING TO YIELD RIGHT-OF-WAY,2,NO INDICATION OF INJURY,0,0,41.896868119,-87.6225564109,60611,"CHICAGO MIDWAY AIRPORT, IL US",80.0,55.0,42.0,0.0,10.0,9.0
crash_02069,2023-06-05 00:00:00,2023,6,Jun,Mon,0,Night or early morning,30,NO CONTROLS,CLEAR,"DARKNESS, LIGHTED ROAD",PARKED MOTOR VEHICLE,ONE-WAY,DRY,NO INJURY / DRIVE AWAY,,true,"OVER $1,500",UNABLE TO DETERMINE,2,NO INDICATION OF INJURY,0,0,41.8907159389,-87.6301474451,60654,"CHICAGO MIDWAY AIRPORT, IL US",64.0,46.0,52.0,0.0,10.0,8.0
crash_02070,2021-09-16 18:00:00,2021,9,Sep,Thu,18,Evening commute,30,NO CONTROLS,CLEAR,DAYLIGHT,PARKED MOTOR VEHICLE,NOT DIVIDED,DRY,NO INJURY / DRIVE AWAY,,true,$500 OR LESS,IMPROPER BACKING,2,NO INDICATION OF INJURY,0,0,41.8908396384,-87.6231960668,60611,"CHICAGO MIDWAY AIRPORT, IL US",79.0,53.0,41.0,0.0,10.0,13.0
crash_02071,2025-03-29 16:20:00,2025,3,Mar,Sat,16,Evening commute,30,NO CONTROLS,CLEAR,DAYLIGHT,PARKED MOTOR VEHICLE,ONE-WAY,DRY,NO INJURY / DRIVE AWAY,,,"$501 - $1,500",UNABLE TO DETERMINE,2,NO INDICATION OF INJURY,0,0,41.7880342299,-87.7374010938,60629,"CHICAGO MIDWAY AIRPORT, IL US",66.0,58.0,75.0,0.0,10.0,18.0
crash_02072,2024-09-16 10:00:00,2024,9,Sep,Mon,10,Daytime,30,NO CONTROLS,CLEAR,DAYLIGHT,SIDESWIPE SAME DIRECTION,NOT DIVIDED,DRY,NO INJURY / DRIVE AWAY,,,"OVER $1,500",UNABLE TO DETERMINE,2,NO INDICATION OF INJURY,0,0,41.8309378118,-87.6654321546,60608,"CHICAGO MIDWAY AIRPORT, IL US",78.0,55.0,45.0,0.0,10.0,6.0
crash_02073,2021-02-21 02:00:00,2021,2,Feb,Sun,2,Night or early morning,25,NO CONTROLS,CLEAR,UNKNOWN,PARKED MOTOR VEHICLE,ONE-WAY,UNKNOWN,INJURY AND / OR TOW DUE TO CRASH,,true,"OVER $1,500",UNABLE TO DETERMINE,2,NO INDICATION OF INJURY,0,0,41.8412665663,-87.7011234825,60623,"CHICAGO MIDWAY AIRPORT, IL US",20.0,10.0,65.0,0.0,10.0,6.0
crash_02074,2023-11-10 13:30:00,2023,11,Nov,Fri,13,Daytime,30,TRAFFIC SIGNAL,CLEAR,DAYLIGHT,SIDESWIPE SAME DIRECTION,NOT DIVIDED,DRY,NO INJURY / DRIVE AWAY,,,"OVER $1,500",IMPROPER LANE USAGE,2,NO INDICATION OF INJURY,0,0,41.7356393169,-87.6823370573,60620,"CHICAGO MIDWAY AIRPORT, IL US",48.0,29.0,48.0,0.0,10.0,11.0
crash_02075,2018-07-10 08:31:00,2018,7,Jul,Tue,8,Morning commute,30,STOP SIGN/FLASHER,CLEAR,DAYLIGHT,REAR END,NOT DIVIDED,WET,INJURY AND / OR TOW DUE TO CRASH,,true,"OVER $1,500",FAILING TO REDUCE SPEED TO AVOID CRASH,2,"REPORTED, NOT EVIDENT",1,0,41.7582122898,-87.61984215,60619,"CHICAGO MIDWAY AIRPORT, IL US",83.0,72.0,70.0,0.0,10.0,7.0
crash_02076,2023-03-28 15:30:00,2023,3,Mar,Tue,15,Evening commute,30,TRAFFIC SIGNAL,CLEAR,DAYLIGHT,REAR END,DIVIDED - W/MEDIAN BARRIER,UNKNOWN,NO INJURY / DRIVE AWAY,,true,"OVER $1,500",UNABLE TO DETERMINE,2,NO INDICATION OF INJURY,0,0,41.8668156581,-87.6761045162,60612,"CHICAGO MIDWAY AIRPORT, IL US",52.0,29.0,41.0,0.0,10.0,17.0
crash_02077,2019-04-22 14:55:00,2019,4,Apr,Mon,14,Daytime,30,TRAFFIC SIGNAL,CLEAR,DAYLIGHT,REAR END,NOT DIVIDED,DRY,NO INJURY / DRIVE AWAY,,,"$501 - $1,500",FOLLOWING TOO CLOSELY,2,NO INDICATION OF INJURY,0,0,41.7617414114,-87.6298334822,60621,"CHICAGO MIDWAY AIRPORT, IL US",79.0,51.0,38.0,0.0,10.0,18.0
crash_02078,2019-10-23 18:30:00,2019,10,Oct,Wed,18,Evening commute,30,NO CONTROLS,CLEAR,"DARKNESS, LIGHTED ROAD",REAR END,NOT DIVIDED,DRY,INJURY AND / OR TOW DUE TO CRASH,true,,"OVER $1,500",FOLLOWING TOO CLOSELY,3,"REPORTED, NOT EVIDENT",1,0,41.9390363701,-87.7396387719,60641,"CHICAGO OHARE INTERNATIONAL AIRPORT, IL US",56.0,38.0,51.0,0.0,10.0,3.0
crash_02079,2025-03-24 15:15:00,2025,3,Mar,Mon,15,Evening commute,30,NO CONTROLS,CLEAR,DAYLIGHT,PARKED MOTOR VEHICLE,PARKING LOT,DRY,NO INJURY / DRIVE AWAY,,true,$500 OR LESS,UNABLE TO DETERMINE,2,NO INDICATION OF INJURY,0,0,41.8693109071,-87.6705986821,60612,"CHICAGO MIDWAY AIRPORT, IL US",50.0,23.0,35.0,0.0,10.0,18.0
crash_02080,2024-03-27 14:34:00,2024,3,Mar,Wed,14,Daytime,30,TRAFFIC SIGNAL,CLEAR,DAYLIGHT,TURNING,NOT DIVIDED,DRY,NO INJURY / DRIVE AWAY,,true,"$501 - $1,500",UNABLE TO DETERMINE,2,NO INDICATION OF INJURY,0,0,41.9646792487,-87.6861361688,60625,"CHICAGO OHARE INTERNATIONAL AIRPORT, IL US",40.0,24.0,53.0,0.0,10.0,9.0
crash_02081,2020-09-13 13:35:00,2020,9,Sep,Sun,13,Daytime,30,TRAFFIC SIGNAL,CLEAR,DAYLIGHT,TURNING,NOT DIVIDED,DRY,INJURY AND / OR TOW DUE TO CRASH,false,,"$501 - $1,500",IMPROPER TURNING/NO SIGNAL,2,NONINCAPACITATING INJURY,1,0,41.8769153981,-87.7305685226,60624,"CHICAGO MIDWAY AIRPORT, IL US",74.0,54.0,50.0,0.0,10.0,8.0
crash_02082,2020-10-13 15:45:00,2020,10,Oct,Tue,15,Evening commute,30,STOP SIGN/FLASHER,CLEAR,DAYLIGHT,ANGLE,NOT DIVIDED,DRY,NO INJURY / DRIVE AWAY,true,,"OVER $1,500",UNABLE TO DETERMINE,2,NO INDICATION OF INJURY,0,0,41.943526886,-87.6639812095,60657,"CHICAGO MIDWAY AIRPORT, IL US",73.0,34.0,24.0,0.0,10.0,25.0
crash_02083,2018-06-06 14:05:00,2018,6,Jun,Wed,14,Daytime,30,NO CONTROLS,CLEAR,DAYLIGHT,REAR END,DIVIDED - W/MEDIAN (NOT RAISED),DRY,NO INJURY / DRIVE AWAY,,,"OVER $1,500",UNABLE TO DETERMINE,3,NO INDICATION OF INJURY,0,0,41.735010861,-87.718891864,60652,"CHICAGO MIDWAY AIRPORT, IL US",69.0,57.0,66.0,0.01,10.0,7.0
crash_02084,2022-07-15 08:25:00,2022,7,Jul,Fri,8,Morning commute,30,NO CONTROLS,CLEAR,DAYLIGHT,REAR END,NOT DIVIDED,WET,INJURY AND / OR TOW DUE TO CRASH,,,"OVER $1,500",UNABLE TO DETERMINE,2,"REPORTED, NOT EVIDENT",1,0,41.8441572328,-87.7234814883,60623,"CHICAGO MIDWAY AIRPORT, IL US",69.0,62.0,78.0,0.09,8.0,5.0
crash_02085,2021-09-05 11:58:00,2021,9,Sep,Sun,11,Daytime,30,NO CONTROLS,CLEAR,DAYLIGHT,TURNING,NOT DIVIDED,DRY,INJURY AND / OR TOW DUE TO CRASH,,true,"$501 - $1,500",FAILING TO REDUCE SPEED TO AVOID CRASH,2,NO INDICATION OF INJURY,0,0,41.6773626371,-87.680599498,60643,"CHICAGO MIDWAY AIRPORT, IL US",80.0,47.0,31.0,0.0,10.0,10.0
crash_02086,2022-01-16 13:00:00,2022,1,Jan,Sun,13,Daytime,30,NO CONTROLS,CLEAR,DAYLIGHT,SIDESWIPE SAME DIRECTION,NOT DIVIDED,DRY,NO INJURY / DRIVE AWAY,,true,"OVER $1,500",IMPROPER OVERTAKING/PASSING,2,NO INDICATION OF INJURY,0,0,41.8006892269,-87.7053848852,60632,"CHICAGO MIDWAY AIRPORT, IL US",28.0,14.0,56.0,0.0,10.0,3.0
crash_02087,2023-11-28 08:27:00,2023,11,Nov,Tue,8,Morning commute,30,TRAFFIC SIGNAL,CLEAR,DAYLIGHT,REAR END,NOT DIVIDED,WET,NO INJURY / DRIVE AWAY,,,"OVER $1,500",UNABLE TO DETERMINE,2,NO INDICATION OF INJURY,0,0,41.9345621959,-87.7468621832,60641,"CHICAGO OHARE INTERNATIONAL AIRPORT, IL US",18.0,6.0,59.0,0.0,10.0,9.0
crash_02088,2023-05-12 05:42:00,2023,5,May,Fri,5,Night or early morning,30,NO CONTROLS,CLEAR,DAWN,SIDESWIPE SAME DIRECTION,DIVIDED - W/MEDIAN (NOT RAISED),DRY,NO INJURY / DRIVE AWAY,,,"$501 - $1,500",FAILING TO YIELD RIGHT-OF-WAY,2,NO INDICATION OF INJURY,0,0,41.9678572002,-87.7526851894,60630,"CHICAGO OHARE INTERNATIONAL AIRPORT, IL US",68.0,48.0,49.0,0.0,10.0,3.0
crash_02089,2018-05-24 16:23:00,2018,5,May,Thu,16,Evening commute,30,NO CONTROLS,CLEAR,DAYLIGHT,REAR END,NOT DIVIDED,DRY,INJURY AND / OR TOW DUE TO CRASH,,,"OVER $1,500",FOLLOWING TOO CLOSELY,2,NO INDICATION OF INJURY,0,0,41.8522362639,-87.679026504,60608,"CHICAGO MIDWAY AIRPORT, IL US",86.0,56.0,36.0,0.0,10.0,10.0
crash_02090,2021-11-08 11:50:00,2021,11,Nov,Mon,11,Daytime,10,NO CONTROLS,CLEAR,DAYLIGHT,PARKED MOTOR VEHICLE,PARKING LOT,DRY,NO INJURY / DRIVE AWAY,,true,$500 OR LESS,NOT APPLICABLE,3,NO INDICATION OF INJURY,0,0,41.7797944163,-87.6449341904,60621,"CHICAGO MIDWAY AIRPORT, IL US",61.0,42.0,50.0,0.0,10.0,11.0
crash_02091,2025-04-21 08:43:00,2025,4,Apr,Mon,8,Morning commute,25,NO CONTROLS,CLEAR,DAYLIGHT,PARKED MOTOR VEHICLE,NOT DIVIDED,DRY,NO INJURY / DRIVE AWAY,,true,"OVER $1,500",NOT APPLICABLE,2,NO INDICATION OF INJURY,0,0,41.9992454691,-87.7980643194,60631,"CHICAGO OHARE INTERNATIONAL AIRPORT, IL US",49.0,43.0,80.0,0.0,10.0,23.0
crash_02092,2019-02-07 11:50:00,2019,2,Feb,Thu,11,Daytime,15,NO CONTROLS,CLEAR,"DARKNESS, LIGHTED ROAD",PARKED MOTOR VEHICLE,PARKING LOT,DRY,NO INJURY / DRIVE AWAY,,,"OVER $1,500",UNABLE TO DETERMINE,2,NO INDICATION OF INJURY,0,0,41.9945762297,-87.6899271254,60659,"CHICAGO OHARE INTERNATIONAL AIRPORT, IL US",42.0,38.0,85.0,0.02,1.0,5.0