crash_id,crash_datetime,crash_year,crash_month,crash_month_name,crash_weekday_name,crash_hour,time_period,posted_speed_limit_mph,traffic_control_device,reported_weather_condition,reported_lighting_condition,first_crash_type,trafficway_type,reported_road_surface_condition,crash_type,intersection_related,hit_and_run,estimated_damage,primary_contributory_cause,unit_count,most_severe_injury,injuries_total,injuries_fatal,latitude,longitude,zip5,weather_station_name,temperature_f,dew_point_f,relative_humidity_percent,precipitation_inches,visibility_miles,wind_speed_mph
crash_02093,2020-11-18 17:01:00,2020,11,Nov,Wed,17,Evening commute,30,NO CONTROLS,CLEAR,"DARKNESS, LIGHTED ROAD",REAR END,NOT DIVIDED,DRY,NO INJURY / DRIVE AWAY,,,$500 OR LESS,DRIVING SKILLS/KNOWLEDGE/EXPERIENCE,2,NO INDICATION OF INJURY,0,0,41.9387199197,-87.7638326559,60641,"CHICAGO OHARE INTERNATIONAL AIRPORT, IL US",49.0,22.0,35.0,0.0,10.0,16.0
crash_02094,2018-11-30 21:00:00,2018,11,Nov,Fri,21,Night or early morning,30,NO CONTROLS,CLEAR,"DARKNESS, LIGHTED ROAD",PARKED MOTOR VEHICLE,DIVIDED - W/MEDIAN (NOT RAISED),DRY,INJURY AND / OR TOW DUE TO CRASH,,true,"OVER $1,500",UNABLE TO DETERMINE,2,NO INDICATION OF INJURY,0,0,41.9252739904,-87.6671985119,60614,"CHICAGO MIDWAY AIRPORT, IL US",39.0,33.0,79.0,0.0,5.0,11.0
crash_02095,2024-04-27 00:30:00,2024,4,Apr,Sat,0,Night or early morning,30,NO CONTROLS,UNKNOWN,DARKNESS,PARKED MOTOR VEHICLE,NOT DIVIDED,UNKNOWN,NO INJURY / DRIVE AWAY,,true,"$501 - $1,500",UNABLE TO DETERMINE,2,NO INDICATION OF INJURY,0,0,41.9233689064,-87.7031005953,60647,"CHICAGO MIDWAY AIRPORT, IL US",61.0,57.0,87.0,0.05,9.0,14.0
crash_02096,2023-05-10 14:00:00,2023,5,May,Wed,14,Daytime,30,NO CONTROLS,UNKNOWN,UNKNOWN,PARKED MOTOR VEHICLE,NOT DIVIDED,UNKNOWN,NO INJURY / DRIVE AWAY,,true,"$501 - $1,500",UNABLE TO DETERMINE,2,NO INDICATION OF INJURY,0,0,41.9945028073,-87.6728478932,60660,"CHICAGO OHARE INTERNATIONAL AIRPORT, IL US",78.0,42.0,28.0,0.0,10.0,5.0
crash_02097,2024-10-18 17:30:00,2024,10,Oct,Fri,17,Evening commute,30,TRAFFIC SIGNAL,UNKNOWN,UNKNOWN,TURNING,FOUR WAY,UNKNOWN,NO INJURY / DRIVE AWAY,true,,"OVER $1,500",UNABLE TO DETERMINE,2,NO INDICATION OF INJURY,0,0,41.871950357,-87.627383083,60605,"CHICAGO MIDWAY AIRPORT, IL US",67.0,32.0,27.0,0.0,10.0,5.0
crash_02098,2025-05-07 11:50:00,2025,5,May,Wed,11,Daytime,25,NO CONTROLS,CLEAR,DAYLIGHT,SIDESWIPE SAME DIRECTION,ONE-WAY,DRY,NO INJURY / DRIVE AWAY,,,"$501 - $1,500",DRIVING SKILLS/KNOWLEDGE/EXPERIENCE,2,NO INDICATION OF INJURY,0,0,41.9161822713,-87.6703413843,60622,"CHICAGO MIDWAY AIRPORT, IL US",72.0,51.0,48.0,0.0,10.0,11.0
crash_02099,2022-10-09 14:15:00,2022,10,Oct,Sun,14,Daytime,30,NO CONTROLS,CLEAR,DAYLIGHT,REAR END,NOT DIVIDED,DRY,NO INJURY / DRIVE AWAY,,,"OVER $1,500",FOLLOWING TOO CLOSELY,2,NO INDICATION OF INJURY,0,0,41.9461126529,-87.7763707275,60634,"CHICAGO OHARE INTERNATIONAL AIRPORT, IL US",67.0,35.0,31.0,0.0,10.0,11.0
crash_02100,2018-10-21 10:30:00,2018,10,Oct,Sun,10,Daytime,30,NO CONTROLS,CLEAR,DAYLIGHT,SIDESWIPE SAME DIRECTION,ONE-WAY,DRY,NO INJURY / DRIVE AWAY,,,"OVER $1,500",FAILING TO YIELD RIGHT-OF-WAY,2,NO INDICATION OF INJURY,0,0,41.9082083079,-87.6894758115,60622,"CHICAGO MIDWAY AIRPORT, IL US",41.0,22.0,47.0,0.0,10.0,8.0
crash_02101,2018-03-13 18:34:00,2018,3,Mar,Tue,18,Evening commute,30,TRAFFIC SIGNAL,CLEAR,"DARKNESS, LIGHTED ROAD",SIDESWIPE SAME DIRECTION,NOT DIVIDED,DRY,NO INJURY / DRIVE AWAY,,,"OVER $1,500",IMPROPER LANE USAGE,2,NO INDICATION OF INJURY,0,0,41.8869786094,-87.6354296424,60606,"CHICAGO MIDWAY AIRPORT, IL US",28.0,16.0,60.0,0.0,10.0,15.0
crash_02102,2018-05-23 03:05:00,2018,5,May,Wed,3,Night or early morning,30,TRAFFIC SIGNAL,CLEAR,"DARKNESS, LIGHTED ROAD",FIXED OBJECT,DIVIDED - W/MEDIAN BARRIER,DRY,NO INJURY / DRIVE AWAY,true,true,"OVER $1,500",FAILING TO REDUCE SPEED TO AVOID CRASH,1,NO INDICATION OF INJURY,0,0,41.8730994148,-87.62405157,60605,"CHICAGO MIDWAY AIRPORT, IL US",53.0,50.0,89.0,0.0,6.0,0.0
crash_02103,2019-09-10 07:00:00,2019,9,Sep,Tue,7,Morning commute,30,NO CONTROLS,CLEAR,DAYLIGHT,OTHER OBJECT,NOT DIVIDED,UNKNOWN,NO INJURY / DRIVE AWAY,,true,"OVER $1,500",UNABLE TO DETERMINE,1,NO INDICATION OF INJURY,0,0,41.7462204853,-87.6923804615,60652,"CHICAGO MIDWAY AIRPORT, IL US",75.0,66.0,74.0,0.0,10.0,8.0
crash_02104,2020-05-31 18:20:00,2020,5,May,Sun,18,Evening commute,30,UNKNOWN,UNKNOWN,UNKNOWN,ANGLE,UNKNOWN,UNKNOWN,NO INJURY / DRIVE AWAY,true,true,"OVER $1,500",UNABLE TO DETERMINE,2,NO INDICATION OF INJURY,0,0,41.7073259318,-87.6201338671,60628,"CHICAGO MIDWAY AIRPORT, IL US",63.0,39.0,41.0,0.0,10.0,11.0
crash_02105,2018-06-09 15:15:00,2018,6,Jun,Sat,15,Evening commute,30,NO CONTROLS,CLEAR,DAYLIGHT,PARKED MOTOR VEHICLE,NOT DIVIDED,DRY,INJURY AND / OR TOW DUE TO CRASH,,,"$501 - $1,500",UNABLE TO DETERMINE,2,NO INDICATION OF INJURY,0,0,41.9546625249,-87.6502132581,60613,"CHICAGO MIDWAY AIRPORT, IL US",75.0,66.0,74.0,0.0,10.0,0.0
crash_02106,2023-05-31 17:00:00,2023,5,May,Wed,17,Evening commute,15,UNKNOWN,CLEAR,DAYLIGHT,PARKED MOTOR VEHICLE,NOT DIVIDED,DRY,NO INJURY / DRIVE AWAY,,false,"$501 - $1,500",UNABLE TO DETERMINE,2,NO INDICATION OF INJURY,0,0,41.9450842095,-87.6670345087,60657,"CHICAGO MIDWAY AIRPORT, IL US",85.0,60.0,43.0,0.0,10.0,13.0
crash_02107,2018-09-09 15:09:00,2018,9,Sep,Sun,15,Evening commute,20,NO CONTROLS,CLEAR,DAWN,PARKED MOTOR VEHICLE,ONE-WAY,DRY,NO INJURY / DRIVE AWAY,,,"$501 - $1,500",FOLLOWING TOO CLOSELY,2,NO INDICATION OF INJURY,0,0,41.9081362549,-87.6779765768,60622,"CHICAGO MIDWAY AIRPORT, IL US",68.0,52.0,57.0,0.0,10.0,18.0
crash_02108,2022-01-06 15:30:00,2022,1,Jan,Thu,15,Evening commute,30,NO CONTROLS,SNOW,DAYLIGHT,TURNING,NOT DIVIDED,WET,INJURY AND / OR TOW DUE TO CRASH,,true,"$501 - $1,500",UNABLE TO DETERMINE,2,NO INDICATION OF INJURY,0,0,41.8691878642,-87.6782769316,60612,"CHICAGO MIDWAY AIRPORT, IL US",16.0,4.0,59.0,0.0,10.0,13.0
crash_02109,2020-02-23 09:05:00,2020,2,Feb,Sun,9,Morning commute,30,NO CONTROLS,CLEAR,DAYLIGHT,REAR TO SIDE,PARKING LOT,DRY,NO INJURY / DRIVE AWAY,,,"OVER $1,500",UNABLE TO DETERMINE,2,NO INDICATION OF INJURY,0,0,41.8544248429,-87.6269719368,60616,"CHICAGO MIDWAY AIRPORT, IL US",40.0,25.0,55.0,0.0,10.0,13.0
crash_02110,2025-11-29 19:30:00,2025,11,Nov,Sat,19,Night or early morning,35,UNKNOWN,SNOW,DARKNESS,PARKED MOTOR VEHICLE,NOT DIVIDED,SNOW OR SLUSH,NO INJURY / DRIVE AWAY,,,"OVER $1,500",WEATHER,2,NO INDICATION OF INJURY,0,0,41.7581455263,-87.6315247504,60621,,,,,,,
crash_02111,2025-02-14 08:45:00,2025,2,Feb,Fri,8,Morning commute,30,NO CONTROLS,CLEAR,DAYLIGHT,SIDESWIPE SAME DIRECTION,NOT DIVIDED,UNKNOWN,NO INJURY / DRIVE AWAY,,,"OVER $1,500",IMPROPER BACKING,2,NO INDICATION OF INJURY,0,0,41.758625843,-87.5560846279,60649,"CHICAGO MIDWAY AIRPORT, IL US",12.0,2.0,64.0,0.0,10.0,7.0
crash_02112,2018-01-27 16:25:00,2018,1,Jan,Sat,16,Evening commute,30,NO CONTROLS,CLEAR,DAYLIGHT,REAR END,DIVIDED - W/MEDIAN (NOT RAISED),DRY,NO INJURY / DRIVE AWAY,,,"OVER $1,500",FOLLOWING TOO CLOSELY,2,NO INDICATION OF INJURY,0,0,41.91169599,-87.6503970264,60614,"CHICAGO MIDWAY AIRPORT, IL US",46.0,25.0,44.0,0.0,10.0,9.0
crash_02113,2018-05-17 07:45:00,2018,5,May,Thu,7,Morning commute,30,NO CONTROLS,CLEAR,DAYLIGHT,PARKED MOTOR VEHICLE,NOT DIVIDED,DRY,NO INJURY / DRIVE AWAY,,true,"OVER $1,500",UNABLE TO DETERMINE,2,NO INDICATION OF INJURY,0,0,41.8826787403,-87.7066650325,60624,"CHICAGO MIDWAY AIRPORT, IL US",69.0,55.0,61.0,0.0,9.0,5.0
crash_02114,2025-11-21 18:30:00,2025,11,Nov,Fri,18,Evening commute,30,TRAFFIC SIGNAL,CLEAR,"DARKNESS, LIGHTED ROAD",REAR END,NOT DIVIDED,DRY,NO INJURY / DRIVE AWAY,true,,"OVER $1,500",FAILING TO REDUCE SPEED TO AVOID CRASH,3,NO INDICATION OF INJURY,0,0,41.9758527231,-87.769869134,60630,,,,,,,
crash_02115,2022-07-06 08:00:00,2022,7,Jul,Wed,8,Morning commute,30,NO CONTROLS,CLEAR,DAYLIGHT,REAR END,NOT DIVIDED,DRY,NO INJURY / DRIVE AWAY,,,"$501 - $1,500",FOLLOWING TOO CLOSELY,2,NO INDICATION OF INJURY,0,0,41.9767966761,-87.7890705807,60656,"CHICAGO OHARE INTERNATIONAL AIRPORT, IL US",70.0,68.0,93.0,0.0,10.0,9.0
crash_02116,2019-04-01 09:28:00,2019,4,Apr,Mon,9,Morning commute,30,NO CONTROLS,CLEAR,DAYLIGHT,SIDESWIPE SAME DIRECTION,ONE-WAY,DRY,NO INJURY / DRIVE AWAY,false,false,$500 OR LESS,IMPROPER OVERTAKING/PASSING,2,NO INDICATION OF INJURY,0,0,41.884323249,-87.6428064913,60661,"CHICAGO MIDWAY AIRPORT, IL US",38.0,19.0,46.0,0.0,10.0,16.0
crash_02117,2023-10-19 07:45:00,2023,10,Oct,Thu,7,Morning commute,25,UNKNOWN,UNKNOWN,DAYLIGHT,SIDESWIPE SAME DIRECTION,ONE-WAY,UNKNOWN,NO INJURY / DRIVE AWAY,,true,"OVER $1,500",IMPROPER OVERTAKING/PASSING,2,NO INDICATION OF INJURY,0,0,41.9432064733,-87.6882561075,60618,"CHICAGO MIDWAY AIRPORT, IL US",55.0,51.0,87.0,0.0,10.0,7.0
crash_02118,2025-02-17 10:00:00,2025,2,Feb,Mon,10,Daytime,30,NO CONTROLS,CLEAR,DAYLIGHT,PARKED MOTOR VEHICLE,ONE-WAY,DRY,NO INJURY / DRIVE AWAY,,true,"OVER $1,500",UNABLE TO DETERMINE,2,NO INDICATION OF INJURY,0,0,41.7828309107,-87.6960870494,60629,"CHICAGO MIDWAY AIRPORT, IL US",7.0,-6.0,55.0,0.0,10.0,16.0
crash_02119,2019-01-14 19:50:00,2019,1,Jan,Mon,19,Night or early morning,35,TRAFFIC SIGNAL,CLEAR,"DARKNESS, LIGHTED ROAD",REAR END,NOT DIVIDED,DRY,NO INJURY / DRIVE AWAY,,true,"$501 - $1,500",FOLLOWING TOO CLOSELY,2,NO INDICATION OF INJURY,0,0,41.9537370514,-87.7277666118,60641,"CHICAGO OHARE INTERNATIONAL AIRPORT, IL US",24.0,20.0,84.0,0.0,7.0,6.0
crash_02120,2023-12-26 17:30:00,2023,12,Dec,Tue,17,Evening commute,30,NO CONTROLS,RAIN,"DARKNESS, LIGHTED ROAD",SIDESWIPE SAME DIRECTION,NOT DIVIDED,WET,NO INJURY / DRIVE AWAY,,,"OVER $1,500",UNABLE TO DETERMINE,2,NO INDICATION OF INJURY,0,0,41.9523700553,-87.8071070192,60634,"CHICAGO OHARE INTERNATIONAL AIRPORT, IL US",38.0,30.0,73.0,,10.0,9.0
crash_02121,2023-03-27 15:07:00,2023,3,Mar,Mon,15,Evening commute,40,OTHER,UNKNOWN,UNKNOWN,REAR END,NOT DIVIDED,UNKNOWN,NO INJURY / DRIVE AWAY,,,$500 OR LESS,FOLLOWING TOO CLOSELY,2,NO INDICATION OF INJURY,0,0,41.8674461119,-87.6189044881,60605,"CHICAGO MIDWAY AIRPORT, IL US",46.0,25.0,44.0,0.0,10.0,14.0
crash_02122,2024-05-31 17:00:00,2024,5,May,Fri,17,Evening commute,30,NO CONTROLS,CLEAR,DAYLIGHT,TURNING,NOT DIVIDED,DRY,NO INJURY / DRIVE AWAY,,true,"OVER $1,500",FAILING TO REDUCE SPEED TO AVOID CRASH,2,NO INDICATION OF INJURY,0,0,41.8028268495,-87.606275613,60615,"CHICAGO MIDWAY AIRPORT, IL US",80.0,46.0,30.0,0.0,10.0,8.0
crash_02123,2020-04-14 19:30:00,2020,4,Apr,Tue,19,Night or early morning,30,NO CONTROLS,CLEAR,"DARKNESS, LIGHTED ROAD",SIDESWIPE SAME DIRECTION,DIVIDED - W/MEDIAN (NOT RAISED),DRY,NO INJURY / DRIVE AWAY,,true,"$501 - $1,500",UNABLE TO DETERMINE,2,NO INDICATION OF INJURY,0,0,41.8727722222,-87.7647318505,60644,"CHICAGO MIDWAY AIRPORT, IL US",38.0,13.0,36.0,0.0,10.0,15.0
crash_02124,2024-07-26 11:15:00,2024,7,Jul,Fri,11,Daytime,20,NO CONTROLS,CLEAR,DAYLIGHT,PARKED MOTOR VEHICLE,ONE-WAY,DRY,NO INJURY / DRIVE AWAY,,true,"OVER $1,500",UNABLE TO DETERMINE,2,NO INDICATION OF INJURY,0,0,41.9547053571,-87.7125877725,60618,"CHICAGO OHARE INTERNATIONAL AIRPORT, IL US",76.0,54.0,47.0,0.0,10.0,6.0
crash_02125,2024-07-20 12:42:00,2024,7,Jul,Sat,12,Daytime,30,UNKNOWN,CLEAR,DAYLIGHT,SIDESWIPE SAME DIRECTION,ONE-WAY,DRY,INJURY AND / OR TOW DUE TO CRASH,,,"OVER $1,500",UNABLE TO DETERMINE,2,NONINCAPACITATING INJURY,1,0,41.765563782,-87.624825828,60637,"CHICAGO MIDWAY AIRPORT, IL US",81.0,53.0,38.0,0.0,10.0,5.0
crash_02126,2025-12-11 17:32:00,2025,12,Dec,Thu,17,Evening commute,35,TRAFFIC SIGNAL,CLEAR,"DARKNESS, LIGHTED ROAD",REAR TO FRONT,DIVIDED - W/MEDIAN (NOT RAISED),DRY,NO INJURY / DRIVE AWAY,,true,"$501 - $1,500",FOLLOWING TOO CLOSELY,2,NO INDICATION OF INJURY,0,0,41.9531282456,-87.7274546082,60618,,,,,,,
crash_02127,2025-09-17 14:00:00,2025,9,Sep,Wed,14,Daytime,30,TRAFFIC SIGNAL,CLEAR,DAYLIGHT,TURNING,ONE-WAY,DRY,NO INJURY / DRIVE AWAY,true,,"OVER $1,500",UNABLE TO DETERMINE,2,NO INDICATION OF INJURY,0,0,41.8161931569,-87.7432301573,60632,,,,,,,
crash_02128,2019-05-10 17:40:00,2019,5,May,Fri,17,Evening commute,30,NO CONTROLS,CLEAR,DAYLIGHT,OTHER OBJECT,DIVIDED - W/MEDIAN (NOT RAISED),DRY,NO INJURY / DRIVE AWAY,,true,"OVER $1,500",DRIVING SKILLS/KNOWLEDGE/EXPERIENCE,2,NO INDICATION OF INJURY,0,0,41.7093861582,-87.6815656562,60643,"CHICAGO MIDWAY AIRPORT, IL US",54.0,38.0,55.0,0.0,10.0,9.0
crash_02129,2022-02-09 10:20:00,2022,2,Feb,Wed,10,Daytime,10,NO CONTROLS,CLEAR,DAYLIGHT,PARKED MOTOR VEHICLE,PARKING LOT,UNKNOWN,NO INJURY / DRIVE AWAY,,true,"OVER $1,500",IMPROPER TURNING/NO SIGNAL,2,NO INDICATION OF INJURY,0,0,41.8924841635,-87.6351846948,60654,"CHICAGO MIDWAY AIRPORT, IL US",37.0,28.0,70.0,0.0,10.0,11.0
crash_02130,2019-09-17 02:50:00,2019,9,Sep,Tue,2,Night or early morning,30,NO CONTROLS,CLEAR,"DARKNESS, LIGHTED ROAD",OTHER OBJECT,NOT DIVIDED,DRY,NO INJURY / DRIVE AWAY,,,"$501 - $1,500",PHYSICAL CONDITION OF DRIVER,1,NO INDICATION OF INJURY,0,0,41.7065460595,-87.5845435723,60617,"CHICAGO MIDWAY AIRPORT, IL US",66.0,65.0,96.0,0.0,6.0,6.0
crash_02131,2024-07-06 21:40:00,2024,7,Jul,Sat,21,Night or early morning,30,TRAFFIC SIGNAL,CLEAR,"DARKNESS, LIGHTED ROAD",ANGLE,FOUR WAY,DRY,INJURY AND / OR TOW DUE TO CRASH,true,,"OVER $1,500",FAILING TO YIELD RIGHT-OF-WAY,2,"REPORTED, NOT EVIDENT",3,0,41.8745518803,-87.7204536586,60624,"CHICAGO MIDWAY AIRPORT, IL US",74.0,54.0,50.0,0.0,10.0,3.0
crash_02132,2021-11-18 13:30:00,2021,11,Nov,Thu,13,Daytime,30,NO CONTROLS,CLEAR,DAYLIGHT,SIDESWIPE SAME DIRECTION,ONE-WAY,DRY,NO INJURY / DRIVE AWAY,,,"$501 - $1,500",IMPROPER LANE USAGE,2,NO INDICATION OF INJURY,0,0,41.8762682415,-87.665204929,60607,"CHICAGO MIDWAY AIRPORT, IL US",34.0,16.0,48.0,0.0,10.0,22.0
crash_02133,2024-08-06 14:41:00,2024,8,Aug,Tue,14,Daytime,30,TRAFFIC SIGNAL,UNKNOWN,DAYLIGHT,TURNING,FOUR WAY,UNKNOWN,INJURY AND / OR TOW DUE TO CRASH,,,"OVER $1,500",FAILING TO REDUCE SPEED TO AVOID CRASH,2,NONINCAPACITATING INJURY,1,0,41.9835333299,-87.6599190348,60640,"CHICAGO OHARE INTERNATIONAL AIRPORT, IL US",70.0,63.0,79.0,0.0,10.0,21.0
crash_02134,2021-09-02 17:00:00,2021,9,Sep,Thu,17,Evening commute,30,NO CONTROLS,CLEAR,DAYLIGHT,ANGLE,NOT DIVIDED,DRY,NO INJURY / DRIVE AWAY,,,"$501 - $1,500",UNABLE TO DETERMINE,2,NO INDICATION OF INJURY,0,0,41.9451312715,-87.8081479706,60634,"CHICAGO OHARE INTERNATIONAL AIRPORT, IL US",76.0,54.0,47.0,0.0,10.0,11.0
crash_02135,2025-07-18 22:00:00,2025,7,Jul,Fri,22,Night or early morning,30,TRAFFIC SIGNAL,CLEAR,"DARKNESS, LIGHTED ROAD",TURNING,FOUR WAY,DRY,NO INJURY / DRIVE AWAY,,,$500 OR LESS,IMPROPER OVERTAKING/PASSING,2,NO INDICATION OF INJURY,0,0,41.8808972735,-87.7208812261,60624,"CHICAGO MIDWAY AIRPORT, IL US",77.0,65.0,66.0,0.0,10.0,3.0
crash_02136,2021-04-11 16:30:00,2021,4,Apr,Sun,16,Evening commute,30,NO CONTROLS,CLEAR,DAYLIGHT,TURNING,DIVIDED - W/MEDIAN (NOT RAISED),DRY,NO INJURY / DRIVE AWAY,,,"$501 - $1,500",FOLLOWING TOO CLOSELY,2,NO INDICATION OF INJURY,0,0,41.7788185771,-87.7059035755,60629,"CHICAGO MIDWAY AIRPORT, IL US",53.0,41.0,64.0,,10.0,5.0
crash_02137,2023-09-28 10:30:00,2023,9,Sep,Thu,10,Daytime,30,STOP SIGN/FLASHER,CLEAR,DAYLIGHT,ANGLE,NOT DIVIDED,DRY,INJURY AND / OR TOW DUE TO CRASH,true,,"OVER $1,500",FAILING TO YIELD RIGHT-OF-WAY,2,"REPORTED, NOT EVIDENT",1,0,41.8899007253,-87.6767336553,60622,"CHICAGO MIDWAY AIRPORT, IL US",67.0,59.0,76.0,0.0,10.0,10.0
crash_02138,2025-05-27 15:00:00,2025,5,May,Tue,15,Evening commute,25,NO CONTROLS,CLEAR,DAYLIGHT,SIDESWIPE SAME DIRECTION,ONE-WAY,DRY,NO INJURY / DRIVE AWAY,,,"OVER $1,500",IMPROPER LANE USAGE,2,NO INDICATION OF INJURY,0,0,41.8059587952,-87.6708288545,60609,"CHICAGO MIDWAY AIRPORT, IL US",65.0,47.0,52.0,0.0,10.0,9.0
crash_02139,2024-12-17 17:27:00,2024,12,Dec,Tue,17,Evening commute,30,NO CONTROLS,CLEAR,"DARKNESS, LIGHTED ROAD",ANGLE,NOT DIVIDED,DRY,INJURY AND / OR TOW DUE TO CRASH,,,"OVER $1,500",FAILING TO YIELD RIGHT-OF-WAY,2,NONINCAPACITATING INJURY,1,0,41.8655346778,-87.6408133123,60607,"CHICAGO MIDWAY AIRPORT, IL US",35.0,28.0,76.0,,10.0,3.0
crash_02140,2018-09-16 23:29:00,2018,9,Sep,Sun,23,Night or early morning,30,NO CONTROLS,CLEAR,"DARKNESS, LIGHTED ROAD",FIXED OBJECT,NOT DIVIDED,DRY,INJURY AND / OR TOW DUE TO CRASH,,,"$501 - $1,500",UNABLE TO DETERMINE,1,NO INDICATION OF INJURY,0,0,41.9173888995,-87.712051446,60647,"CHICAGO MIDWAY AIRPORT, IL US",75.0,66.0,74.0,0.0,10.0,5.0
crash_02141,2019-02-25 16:00:00,2019,2,Feb,Mon,16,Evening commute,30,STOP SIGN/FLASHER,CLEAR,DAYLIGHT,TURNING,NOT DIVIDED,DRY,NO INJURY / DRIVE AWAY,true,,$500 OR LESS,FAILING TO YIELD RIGHT-OF-WAY,2,NO INDICATION OF INJURY,0,0,41.7932297984,-87.7144273127,60629,"CHICAGO MIDWAY AIRPORT, IL US",22.0,-1.0,36.0,0.0,10.0,6.0
crash_02142,2024-10-30 15:20:00,2024,10,Oct,Wed,15,Evening commute,35,NO CONTROLS,UNKNOWN,DAYLIGHT,ANGLE,NOT DIVIDED,UNKNOWN,NO INJURY / DRIVE AWAY,,,"OVER $1,500",IMPROPER OVERTAKING/PASSING,2,NO INDICATION OF INJURY,0,0,41.8930159515,-87.6387716669,60654,"CHICAGO MIDWAY AIRPORT, IL US",81.0,56.0,42.0,0.0,10.0,22.0
crash_02143,2025-07-24 12:47:00,2025,7,Jul,Thu,12,Daytime,30,TRAFFIC SIGNAL,CLEAR,DAYLIGHT,PEDESTRIAN,DIVIDED - W/MEDIAN BARRIER,DRY,INJURY AND / OR TOW DUE TO CRASH,,true,"OVER $1,500",UNABLE TO DETERMINE,2,NONINCAPACITATING INJURY,1,0,41.8346562083,-87.6169018131,60616,"CHICAGO MIDWAY AIRPORT, IL US",94.0,72.0,49.0,0.0,10.0,16.0
crash_02144,2019-03-30 17:35:00,2019,3,Mar,Sat,17,Evening commute,30,NO CONTROLS,CLEAR,"DARKNESS, LIGHTED ROAD",SIDESWIPE SAME DIRECTION,ONE-WAY,DRY,NO INJURY / DRIVE AWAY,,,$500 OR LESS,DISREGARDING ROAD MARKINGS,2,NO INDICATION OF INJURY,0,0,41.8919135793,-87.6201915347,60611,"CHICAGO MIDWAY AIRPORT, IL US",36.0,28.0,73.0,0.0,10.0,20.0
crash_02145,2018-01-03 07:00:00,2018,1,Jan,Wed,7,Morning commute,35,NO CONTROLS,CLOUDY/OVERCAST,DAWN,SIDESWIPE SAME DIRECTION,DIVIDED - W/MEDIAN (NOT RAISED),DRY,NO INJURY / DRIVE AWAY,,,"$501 - $1,500",UNABLE TO DETERMINE,2,NO INDICATION OF INJURY,0,0,42.0141820295,-87.6900839861,60645,"CHICAGO OHARE INTERNATIONAL AIRPORT, IL US",14.0,8.0,77.0,0.0,7.0,6.0
crash_02146,2020-04-15 17:30:00,2020,4,Apr,Wed,17,Evening commute,30,NO CONTROLS,CLEAR,DAYLIGHT,REAR END,PARKING LOT,DRY,NO INJURY / DRIVE AWAY,,,"$501 - $1,500",UNABLE TO DETERMINE,2,NO INDICATION OF INJURY,0,0,41.7515039399,-87.5753285507,60617,"CHICAGO MIDWAY AIRPORT, IL US",39.0,15.0,38.0,0.0,10.0,11.0
crash_02147,2024-06-12 19:00:00,2024,6,Jun,Wed,19,Night or early morning,30,NO CONTROLS,CLEAR,DAYLIGHT,REAR TO FRONT,NOT DIVIDED,DRY,INJURY AND / OR TOW DUE TO CRASH,,,"$501 - $1,500",UNABLE TO DETERMINE,2,"REPORTED, NOT EVIDENT",1,0,41.8910238439,-87.6714380613,60622,"CHICAGO MIDWAY AIRPORT, IL US",88.0,52.0,29.0,0.0,10.0,9.0
crash_02148,2020-06-29 19:00:00,2020,6,Jun,Mon,19,Night or early morning,25,NO CONTROLS,CLEAR,UNKNOWN,PARKED MOTOR VEHICLE,ONE-WAY,DRY,NO INJURY / DRIVE AWAY,,true,"$501 - $1,500",UNABLE TO DETERMINE,2,NO INDICATION OF INJURY,0,0,41.8041414389,-87.6093878943,60615,"CHICAGO MIDWAY AIRPORT, IL US",74.0,72.0,94.0,0.1,2.0,10.0
crash_02149,2025-09-21 16:30:00,2025,9,Sep,Sun,16,Evening commute,30,STOP SIGN/FLASHER,CLEAR,DAYLIGHT,ANGLE,DIVIDED - W/MEDIAN (NOT RAISED),DRY,NO INJURY / DRIVE AWAY,true,,"OVER $1,500",DISREGARDING STOP SIGN,2,NO INDICATION OF INJURY,0,0,41.8510210813,-87.6239050482,60616,,,,,,,
crash_02150,2020-04-24 14:23:00,2020,4,Apr,Fri,14,Daytime,30,TRAFFIC SIGNAL,CLEAR,DAYLIGHT,SIDESWIPE SAME DIRECTION,NOT DIVIDED,DRY,NO INJURY / DRIVE AWAY,,,"OVER $1,500",IMPROPER LANE USAGE,2,NO INDICATION OF INJURY,0,0,41.8448648875,-87.6904137885,60608,"CHICAGO MIDWAY AIRPORT, IL US",46.0,40.0,79.0,0.0,7.0,6.0
crash_02151,2019-05-08 20:40:00,2019,5,May,Wed,20,Night or early morning,35,STOP SIGN/FLASHER,CLEAR,"DARKNESS, LIGHTED ROAD",PARKED MOTOR VEHICLE,NOT DIVIDED,DRY,NO INJURY / DRIVE AWAY,,,"OVER $1,500",UNABLE TO DETERMINE,2,NO INDICATION OF INJURY,0,0,41.8757051345,-87.7550385661,60644,"CHICAGO MIDWAY AIRPORT, IL US",68.0,54.0,61.0,0.0,10.0,14.0
crash_02152,2022-04-18 09:11:00,2022,4,Apr,Mon,9,Morning commute,30,NO CONTROLS,RAIN,DAYLIGHT,SIDESWIPE SAME DIRECTION,NOT DIVIDED,WET,NO INJURY / DRIVE AWAY,,true,"$501 - $1,500",FOLLOWING TOO CLOSELY,2,NO INDICATION OF INJURY,0,0,41.6849382165,-87.6447617012,60643,"CHICAGO MIDWAY AIRPORT, IL US",38.0,32.0,79.0,0.0,10.0,0.0