crash_id,crash_datetime,crash_year,crash_month,crash_month_name,crash_weekday_name,crash_hour,time_period,posted_speed_limit_mph,traffic_control_device,reported_weather_condition,reported_lighting_condition,first_crash_type,trafficway_type,reported_road_surface_condition,crash_type,intersection_related,hit_and_run,estimated_damage,primary_contributory_cause,unit_count,most_severe_injury,injuries_total,injuries_fatal,latitude,longitude,zip5,weather_station_name,temperature_f,dew_point_f,relative_humidity_percent,precipitation_inches,visibility_miles,wind_speed_mph
crash_02153,2019-12-10 16:00:00,2019,12,Dec,Tue,16,Evening commute,30,NO CONTROLS,CLEAR,DAYLIGHT,PEDESTRIAN,NOT DIVIDED,DRY,INJURY AND / OR TOW DUE TO CRASH,true,true,"$501 - $1,500",FAILING TO YIELD RIGHT-OF-WAY,2,NONINCAPACITATING INJURY,1,0,41.9443169979,-87.7471614641,60641,"CHICAGO OHARE INTERNATIONAL AIRPORT, IL US",21.0,3.0,45.0,0.0,10.0,11.0
crash_02154,2022-11-21 21:00:00,2022,11,Nov,Mon,21,Night or early morning,35,TRAFFIC SIGNAL,CLEAR,"DARKNESS, LIGHTED ROAD",ANGLE,FOUR WAY,DRY,INJURY AND / OR TOW DUE TO CRASH,true,,"OVER $1,500",FAILING TO YIELD RIGHT-OF-WAY,2,NO INDICATION OF INJURY,0,0,41.8382495291,-87.6235883654,60616,"CHICAGO MIDWAY AIRPORT, IL US",37.0,20.0,50.0,0.0,10.0,3.0
crash_02155,2022-08-03 13:20:00,2022,8,Aug,Wed,13,Daytime,30,NO CONTROLS,CLEAR,DAYLIGHT,PARKED MOTOR VEHICLE,NOT DIVIDED,DRY,NO INJURY / DRIVE AWAY,,,"OVER $1,500",UNABLE TO DETERMINE,2,NO INDICATION OF INJURY,0,0,41.9830425024,-87.6930255712,60625,"CHICAGO OHARE INTERNATIONAL AIRPORT, IL US",91.0,73.0,56.0,0.0,10.0,17.0
crash_02156,2021-03-27 15:00:00,2021,3,Mar,Sat,15,Evening commute,30,NO CONTROLS,CLEAR,DAYLIGHT,SIDESWIPE SAME DIRECTION,NOT DIVIDED,DRY,NO INJURY / DRIVE AWAY,,,"OVER $1,500",PHYSICAL CONDITION OF DRIVER,2,NO INDICATION OF INJURY,0,0,41.7441313113,-87.6012227853,60619,"CHICAGO MIDWAY AIRPORT, IL US",65.0,47.0,52.0,0.0,10.0,14.0
crash_02157,2019-04-07 15:00:00,2019,4,Apr,Sun,15,Evening commute,30,NO CONTROLS,CLEAR,DAYLIGHT,PARKED MOTOR VEHICLE,NOT DIVIDED,DRY,NO INJURY / DRIVE AWAY,,true,"$501 - $1,500",UNABLE TO DETERMINE,2,NO INDICATION OF INJURY,0,0,41.9111170134,-87.6300573093,60610,"CHICAGO MIDWAY AIRPORT, IL US",68.0,57.0,68.0,0.0,10.0,18.0
crash_02158,2025-09-04 08:30:00,2025,9,Sep,Thu,8,Morning commute,30,NO CONTROLS,CLEAR,DAYLIGHT,REAR END,NOT DIVIDED,DRY,NO INJURY / DRIVE AWAY,,,$500 OR LESS,DRIVING SKILLS/KNOWLEDGE/EXPERIENCE,2,NO INDICATION OF INJURY,0,0,41.8078535989,-87.7162884081,60632,,,,,,,
crash_02159,2025-05-06 23:45:00,2025,5,May,Tue,23,Night or early morning,30,TRAFFIC SIGNAL,CLEAR,"DARKNESS, LIGHTED ROAD",ANGLE,FOUR WAY,DRY,INJURY AND / OR TOW DUE TO CRASH,true,true,"OVER $1,500",FAILING TO YIELD RIGHT-OF-WAY,3,NONINCAPACITATING INJURY,2,0,41.985698165,-87.6602788823,60660,"CHICAGO OHARE INTERNATIONAL AIRPORT, IL US",59.0,48.0,67.0,0.0,10.0,0.0
crash_02160,2023-01-04 22:04:00,2023,1,Jan,Wed,22,Night or early morning,30,TRAFFIC SIGNAL,CLEAR,"DARKNESS, LIGHTED ROAD",REAR END,DIVIDED - W/MEDIAN (NOT RAISED),DRY,NO INJURY / DRIVE AWAY,,,"OVER $1,500",DRIVING SKILLS/KNOWLEDGE/EXPERIENCE,2,NO INDICATION OF INJURY,0,0,41.7858340344,-87.7231048006,60629,"CHICAGO MIDWAY AIRPORT, IL US",34.0,30.0,85.0,0.0,9.0,11.0
crash_02161,2020-08-01 14:45:00,2020,8,Aug,Sat,14,Daytime,0,NO CONTROLS,CLEAR,DAYLIGHT,FIXED OBJECT,OTHER,DRY,NO INJURY / DRIVE AWAY,,,"$501 - $1,500",UNABLE TO DETERMINE,1,NO INDICATION OF INJURY,0,0,41.9203342975,-87.6708646583,60614,"CHICAGO MIDWAY AIRPORT, IL US",79.0,59.0,50.0,0.0,10.0,9.0
crash_02162,2018-12-30 00:00:00,2018,12,Dec,Sun,0,Night or early morning,15,NO CONTROLS,CLEAR,"DARKNESS, LIGHTED ROAD",ANGLE,PARKING LOT,DRY,NO INJURY / DRIVE AWAY,,,"OVER $1,500",IMPROPER TURNING/NO SIGNAL,2,NO INDICATION OF INJURY,0,0,41.7374069411,-87.5850691403,60617,"CHICAGO MIDWAY AIRPORT, IL US",24.0,18.0,77.0,0.0,10.0,15.0
crash_02163,2023-08-12 21:55:00,2023,8,Aug,Sat,21,Night or early morning,30,NO CONTROLS,CLEAR,"DARKNESS, LIGHTED ROAD",TURNING,ALLEY,DRY,NO INJURY / DRIVE AWAY,,true,"OVER $1,500",IMPROPER OVERTAKING/PASSING,2,NO INDICATION OF INJURY,0,0,41.8941872609,-87.709103271,60624,"CHICAGO MIDWAY AIRPORT, IL US",78.0,60.0,54.0,0.0,10.0,8.0
crash_02164,2020-08-26 13:45:00,2020,8,Aug,Wed,13,Daytime,30,NO CONTROLS,CLEAR,DAYLIGHT,REAR END,ONE-WAY,DRY,NO INJURY / DRIVE AWAY,,,"$501 - $1,500",FOLLOWING TOO CLOSELY,3,NO INDICATION OF INJURY,0,0,41.8843887397,-87.6254026934,60602,"CHICAGO MIDWAY AIRPORT, IL US",92.0,65.0,41.0,0.0,10.0,13.0
crash_02165,2019-08-27 09:31:00,2019,8,Aug,Tue,9,Morning commute,30,TRAFFIC SIGNAL,CLEAR,DAYLIGHT,SIDESWIPE SAME DIRECTION,NOT DIVIDED,DRY,NO INJURY / DRIVE AWAY,,,"$501 - $1,500",IMPROPER LANE USAGE,2,NO INDICATION OF INJURY,0,0,41.8821115099,-87.6291091474,60602,"CHICAGO MIDWAY AIRPORT, IL US",72.0,62.0,71.0,0.0,10.0,10.0
crash_02166,2018-08-04 21:20:00,2018,8,Aug,Sat,21,Night or early morning,0,NO CONTROLS,CLEAR,"DARKNESS, LIGHTED ROAD",PARKED MOTOR VEHICLE,NOT DIVIDED,DRY,NO INJURY / DRIVE AWAY,,true,"OVER $1,500",UNABLE TO DETERMINE,2,NO INDICATION OF INJURY,0,0,41.8842379856,-87.6995717545,60612,"CHICAGO MIDWAY AIRPORT, IL US",86.0,65.0,49.0,0.0,10.0,10.0
crash_02167,2025-04-15 09:30:00,2025,4,Apr,Tue,9,Morning commute,20,NO CONTROLS,CLEAR,DAYLIGHT,ANGLE,NOT DIVIDED,DRY,NO INJURY / DRIVE AWAY,,,"OVER $1,500",FAILING TO YIELD RIGHT-OF-WAY,2,NO INDICATION OF INJURY,0,0,41.9467164974,-87.6813756286,60618,"CHICAGO MIDWAY AIRPORT, IL US",44.0,35.0,71.0,,10.0,20.0
crash_02168,2024-08-15 16:20:00,2024,8,Aug,Thu,16,Evening commute,30,NO CONTROLS,CLEAR,DAYLIGHT,SIDESWIPE SAME DIRECTION,NOT DIVIDED,DRY,NO INJURY / DRIVE AWAY,,,"OVER $1,500",UNABLE TO DETERMINE,2,NO INDICATION OF INJURY,0,0,41.8350648292,-87.6951102396,60623,"CHICAGO MIDWAY AIRPORT, IL US",75.0,68.0,79.0,0.01,9.0,16.0
crash_02169,2018-02-13 10:00:00,2018,2,Feb,Tue,10,Daytime,20,NO CONTROLS,SNOW,DAYLIGHT,PARKED MOTOR VEHICLE,DIVIDED - W/MEDIAN (NOT RAISED),SNOW OR SLUSH,NO INJURY / DRIVE AWAY,,,"OVER $1,500",WEATHER,2,NO INDICATION OF INJURY,0,0,41.9090599497,-87.7523966685,60651,"CHICAGO MIDWAY AIRPORT, IL US",25.0,14.0,63.0,0.0,10.0,10.0
crash_02170,2020-02-04 10:10:00,2020,2,Feb,Tue,10,Daytime,30,UNKNOWN,CLEAR,DAYLIGHT,SIDESWIPE SAME DIRECTION,NOT DIVIDED,DRY,NO INJURY / DRIVE AWAY,true,true,"OVER $1,500",UNABLE TO DETERMINE,3,NO INDICATION OF INJURY,0,0,41.7584731351,-87.6176347157,60619,"CHICAGO MIDWAY AIRPORT, IL US",36.0,27.0,70.0,0.0,10.0,22.0
crash_02171,2018-09-22 20:30:00,2018,9,Sep,Sat,20,Night or early morning,30,NO CONTROLS,CLEAR,DARKNESS,PARKED MOTOR VEHICLE,UNKNOWN,DRY,NO INJURY / DRIVE AWAY,,true,"OVER $1,500",UNABLE TO DETERMINE,2,NO INDICATION OF INJURY,0,0,41.7964263954,-87.7576687694,60638,"CHICAGO MIDWAY AIRPORT, IL US",60.0,48.0,65.0,0.0,10.0,5.0
crash_02172,2025-03-05 16:50:00,2025,3,Mar,Wed,16,Evening commute,30,UNKNOWN,UNKNOWN,UNKNOWN,REAR END,DIVIDED - W/MEDIAN (NOT RAISED),UNKNOWN,NO INJURY / DRIVE AWAY,,,"$501 - $1,500",UNABLE TO DETERMINE,2,NO INDICATION OF INJURY,0,0,41.9975867111,-87.6703109252,60660,"CHICAGO OHARE INTERNATIONAL AIRPORT, IL US",33.0,29.0,85.0,0.0,3.0,23.0
crash_02173,2020-06-15 16:54:00,2020,6,Jun,Mon,16,Evening commute,25,NO CONTROLS,CLEAR,DAYLIGHT,PARKED MOTOR VEHICLE,ONE-WAY,DRY,INJURY AND / OR TOW DUE TO CRASH,,false,"$501 - $1,500","OPERATING VEHICLE IN ERRATIC, RECKLESS, CARELESS, NEGLIGENT OR AGGRESSIVE MANNER",2,NO INDICATION OF INJURY,0,0,41.8175887005,-87.601722784,60653,"CHICAGO MIDWAY AIRPORT, IL US",72.0,40.0,31.0,0.0,10.0,10.0
crash_02174,2019-07-02 14:00:00,2019,7,Jul,Tue,14,Daytime,15,NO CONTROLS,CLEAR,DAYLIGHT,PARKED MOTOR VEHICLE,PARKING LOT,DRY,NO INJURY / DRIVE AWAY,,true,"$501 - $1,500",UNABLE TO DETERMINE,2,NO INDICATION OF INJURY,0,0,41.9097610956,-87.7436544425,60639,"CHICAGO MIDWAY AIRPORT, IL US",89.0,71.0,55.0,0.0,10.0,11.0
crash_02175,2023-04-11 10:00:00,2023,4,Apr,Tue,10,Daytime,30,NO CONTROLS,CLEAR,DAYLIGHT,FIXED OBJECT,PARKING LOT,DRY,INJURY AND / OR TOW DUE TO CRASH,,,"OVER $1,500",DRIVING SKILLS/KNOWLEDGE/EXPERIENCE,1,NO INDICATION OF INJURY,0,0,41.931547286,-87.7371057518,60639,"CHICAGO OHARE INTERNATIONAL AIRPORT, IL US",67.0,41.0,39.0,0.0,10.0,14.0
crash_02176,2019-03-15 16:05:00,2019,3,Mar,Fri,16,Evening commute,30,NO CONTROLS,CLEAR,DAYLIGHT,TURNING,NOT DIVIDED,DRY,NO INJURY / DRIVE AWAY,,,"$501 - $1,500",IMPROPER TURNING/NO SIGNAL,2,NO INDICATION OF INJURY,0,0,41.9507163513,-87.7470926362,60641,"CHICAGO OHARE INTERNATIONAL AIRPORT, IL US",37.0,28.0,70.0,0.0,10.0,17.0
crash_02177,2020-03-23 07:59:00,2020,3,Mar,Mon,7,Morning commute,35,STOP SIGN/FLASHER,SNOW,DAYLIGHT,ANGLE,TRAFFIC ROUTE,WET,INJURY AND / OR TOW DUE TO CRASH,true,,"OVER $1,500",UNABLE TO DETERMINE,2,NO INDICATION OF INJURY,0,0,41.7603448451,-87.6151059362,60619,"CHICAGO MIDWAY AIRPORT, IL US",35.0,34.0,96.0,0.0,4.0,7.0
crash_02178,2020-08-10 13:30:00,2020,8,Aug,Mon,13,Daytime,30,NO CONTROLS,CLEAR,DAYLIGHT,PARKED MOTOR VEHICLE,PARKING LOT,DRY,NO INJURY / DRIVE AWAY,,true,"OVER $1,500",IMPROPER OVERTAKING/PASSING,2,NO INDICATION OF INJURY,0,0,41.7820025523,-87.6644272765,60636,"CHICAGO MIDWAY AIRPORT, IL US",89.0,73.0,59.0,0.0,10.0,14.0
crash_02179,2022-07-19 01:30:00,2022,7,Jul,Tue,1,Night or early morning,30,TRAFFIC SIGNAL,CLEAR,"DARKNESS, LIGHTED ROAD",REAR END,NOT DIVIDED,DRY,NO INJURY / DRIVE AWAY,,,"OVER $1,500",DISREGARDING TRAFFIC SIGNALS,2,NO INDICATION OF INJURY,0,0,41.8341130717,-87.6755250832,60608,"CHICAGO MIDWAY AIRPORT, IL US",77.0,67.0,71.0,0.0,10.0,6.0
crash_02180,2022-07-26 13:00:00,2022,7,Jul,Tue,13,Daytime,35,NO CONTROLS,CLEAR,DAYLIGHT,SIDESWIPE SAME DIRECTION,NOT DIVIDED,DRY,NO INJURY / DRIVE AWAY,,,"$501 - $1,500",UNABLE TO DETERMINE,2,NO INDICATION OF INJURY,0,0,41.7026566962,-87.5452849962,60617,"CHICAGO MIDWAY AIRPORT, IL US",81.0,57.0,44.0,0.0,10.0,3.0
crash_02181,2019-06-16 19:55:00,2019,6,Jun,Sun,19,Night or early morning,35,STOP SIGN/FLASHER,CLEAR,"DARKNESS, LIGHTED ROAD",REAR END,DIVIDED - W/MEDIAN (NOT RAISED),DRY,NO INJURY / DRIVE AWAY,true,,"OVER $1,500",UNABLE TO DETERMINE,2,NO INDICATION OF INJURY,0,0,41.773118441,-87.6132761743,60637,"CHICAGO MIDWAY AIRPORT, IL US",57.0,53.0,87.0,0.0,10.0,10.0
crash_02182,2025-09-08 13:56:00,2025,9,Sep,Mon,13,Daytime,30,NO CONTROLS,CLEAR,DAYLIGHT,TURNING,NOT DIVIDED,DRY,INJURY AND / OR TOW DUE TO CRASH,,,"OVER $1,500",DRIVING SKILLS/KNOWLEDGE/EXPERIENCE,2,NO INDICATION OF INJURY,0,0,41.9091809883,-87.7117377678,60651,,,,,,,
crash_02183,2020-09-18 18:07:00,2020,9,Sep,Fri,18,Evening commute,35,TRAFFIC SIGNAL,CLEAR,DAYLIGHT,SIDESWIPE OPPOSITE DIRECTION,FOUR WAY,DRY,INJURY AND / OR TOW DUE TO CRASH,true,,"OVER $1,500",DISREGARDING TRAFFIC SIGNALS,2,NONINCAPACITATING INJURY,2,0,41.7559957905,-87.6443282389,60620,"CHICAGO MIDWAY AIRPORT, IL US",57.0,36.0,45.0,0.0,10.0,15.0
crash_02184,2019-07-18 11:00:00,2019,7,Jul,Thu,11,Daytime,30,NO CONTROLS,CLEAR,DAYLIGHT,REAR END,NOT DIVIDED,WET,INJURY AND / OR TOW DUE TO CRASH,,,$500 OR LESS,UNABLE TO DETERMINE,2,"REPORTED, NOT EVIDENT",1,0,41.8693349363,-87.668909149,60612,"CHICAGO MIDWAY AIRPORT, IL US",73.0,73.0,100.0,0.24,5.0,7.0
crash_02185,2018-03-18 04:13:00,2018,3,Mar,Sun,4,Night or early morning,30,NO CONTROLS,CLEAR,"DARKNESS, LIGHTED ROAD",PARKED MOTOR VEHICLE,NOT DIVIDED,DRY,INJURY AND / OR TOW DUE TO CRASH,,,"OVER $1,500","OPERATING VEHICLE IN ERRATIC, RECKLESS, CARELESS, NEGLIGENT OR AGGRESSIVE MANNER",3,NO INDICATION OF INJURY,0,0,41.9421983489,-87.8189794654,60634,"CHICAGO OHARE INTERNATIONAL AIRPORT, IL US",30.0,18.0,61.0,0.0,10.0,6.0
crash_02186,2021-07-25 21:50:00,2021,7,Jul,Sun,21,Night or early morning,30,NO CONTROLS,CLEAR,DAWN,REAR END,NOT DIVIDED,DRY,NO INJURY / DRIVE AWAY,,true,"OVER $1,500",UNABLE TO DETERMINE,2,NO INDICATION OF INJURY,0,0,41.8922607025,-87.6255271633,60611,"CHICAGO MIDWAY AIRPORT, IL US",81.0,58.0,45.0,0.0,10.0,6.0
crash_02187,2024-11-16 12:00:00,2024,11,Nov,Sat,12,Daytime,30,NO CONTROLS,CLEAR,DAYLIGHT,REAR END,NOT DIVIDED,DRY,NO INJURY / DRIVE AWAY,,true,"OVER $1,500",FOLLOWING TOO CLOSELY,2,NO INDICATION OF INJURY,0,0,41.7791164064,-87.7007649402,60629,"CHICAGO MIDWAY AIRPORT, IL US",52.0,38.0,59.0,0.0,10.0,15.0
crash_02188,2019-10-26 23:45:00,2019,10,Oct,Sat,23,Night or early morning,45,NO CONTROLS,RAIN,"DARKNESS, LIGHTED ROAD",REAR END,DIVIDED - W/MEDIAN BARRIER,WET,NO INJURY / DRIVE AWAY,,,"$501 - $1,500",NOT APPLICABLE,2,NO INDICATION OF INJURY,0,0,41.8490204903,-87.612213642,60616,"CHICAGO MIDWAY AIRPORT, IL US",50.0,48.0,94.0,,3.0,16.0
crash_02189,2023-04-25 11:45:00,2023,4,Apr,Tue,11,Daytime,30,STOP SIGN/FLASHER,CLEAR,DAYLIGHT,REAR END,NOT DIVIDED,WET,NO INJURY / DRIVE AWAY,,,"OVER $1,500",FOLLOWING TOO CLOSELY,2,NO INDICATION OF INJURY,0,0,41.9755465817,-87.7859348722,60630,"CHICAGO OHARE INTERNATIONAL AIRPORT, IL US",43.0,35.0,74.0,0.0,10.0,11.0
crash_02190,2024-05-15 19:00:00,2024,5,May,Wed,19,Night or early morning,30,UNKNOWN,UNKNOWN,UNKNOWN,SIDESWIPE SAME DIRECTION,NOT DIVIDED,UNKNOWN,NO INJURY / DRIVE AWAY,,,"OVER $1,500",UNABLE TO DETERMINE,2,NO INDICATION OF INJURY,0,0,41.9085601354,-87.6464526857,60610,"CHICAGO MIDWAY AIRPORT, IL US",64.0,38.0,38.0,0.0,10.0,13.0
crash_02191,2024-11-09 17:45:00,2024,11,Nov,Sat,17,Evening commute,30,STOP SIGN/FLASHER,RAIN,"DARKNESS, LIGHTED ROAD",PEDESTRIAN,NOT DIVIDED,WET,INJURY AND / OR TOW DUE TO CRASH,,,"OVER $1,500",FAILING TO YIELD RIGHT-OF-WAY,2,"REPORTED, NOT EVIDENT",2,0,41.9610854959,-87.7068048861,60618,"CHICAGO OHARE INTERNATIONAL AIRPORT, IL US",52.0,46.0,80.0,0.0,10.0,9.0
crash_02192,2021-04-30 16:47:00,2021,4,Apr,Fri,16,Evening commute,30,STOP SIGN/FLASHER,CLEAR,DAYLIGHT,REAR END,NOT DIVIDED,DRY,NO INJURY / DRIVE AWAY,,true,$500 OR LESS,FOLLOWING TOO CLOSELY,2,NO INDICATION OF INJURY,0,0,41.7722580227,-87.6676132233,60636,"CHICAGO MIDWAY AIRPORT, IL US",50.0,29.0,44.0,0.0,10.0,10.0
crash_02193,2025-06-04 05:21:00,2025,6,Jun,Wed,5,Night or early morning,30,TRAFFIC SIGNAL,RAIN,DAYLIGHT,ANGLE,NOT DIVIDED,WET,NO INJURY / DRIVE AWAY,,,"OVER $1,500",UNABLE TO DETERMINE,2,NO INDICATION OF INJURY,0,0,41.8850878852,-87.676868039,60612,"CHICAGO MIDWAY AIRPORT, IL US",69.0,65.0,87.0,0.1,5.0,11.0
crash_02194,2019-11-13 16:05:00,2019,11,Nov,Wed,16,Evening commute,30,NO CONTROLS,SNOW,DAYLIGHT,PARKED MOTOR VEHICLE,ONE-WAY,ICE,NO INJURY / DRIVE AWAY,,true,"OVER $1,500",UNABLE TO DETERMINE,2,NO INDICATION OF INJURY,0,0,41.9217495423,-87.6866488178,60647,"CHICAGO MIDWAY AIRPORT, IL US",25.0,9.0,50.0,0.0,10.0,16.0
crash_02195,2022-10-13 14:41:00,2022,10,Oct,Thu,14,Daytime,30,TRAFFIC SIGNAL,CLEAR,DAYLIGHT,TURNING,DIVIDED - W/MEDIAN (NOT RAISED),DRY,NO INJURY / DRIVE AWAY,false,,"OVER $1,500",UNABLE TO DETERMINE,2,NO INDICATION OF INJURY,0,0,41.8376256354,-87.6655936495,60608,"CHICAGO MIDWAY AIRPORT, IL US",53.0,27.0,37.0,0.0,10.0,25.0
crash_02196,2018-07-14 10:15:00,2018,7,Jul,Sat,10,Daytime,30,NO CONTROLS,RAIN,DAYLIGHT,PARKED MOTOR VEHICLE,NOT DIVIDED,WET,NO INJURY / DRIVE AWAY,,,"OVER $1,500",FAILING TO REDUCE SPEED TO AVOID CRASH,2,NO INDICATION OF INJURY,0,0,41.7621479066,-87.6163163058,60619,"CHICAGO MIDWAY AIRPORT, IL US",76.0,72.0,88.0,0.01,10.0,5.0
crash_02197,2020-09-20 07:17:00,2020,9,Sep,Sun,7,Morning commute,30,TRAFFIC SIGNAL,CLEAR,DAYLIGHT,TURNING,FOUR WAY,DRY,INJURY AND / OR TOW DUE TO CRASH,true,,"OVER $1,500",FAILING TO YIELD RIGHT-OF-WAY,2,INCAPACITATING INJURY,3,0,,,,,,,,,,
crash_02198,2023-09-14 15:55:00,2023,9,Sep,Thu,15,Evening commute,30,NO CONTROLS,CLEAR,DAYLIGHT,HEAD ON,NOT DIVIDED,DRY,NO INJURY / DRIVE AWAY,true,true,"OVER $1,500",UNABLE TO DETERMINE,2,NO INDICATION OF INJURY,0,0,41.9106408917,-87.6745381151,60622,"CHICAGO MIDWAY AIRPORT, IL US",71.0,49.0,46.0,0.0,10.0,6.0
crash_02199,2024-10-19 10:40:00,2024,10,Oct,Sat,10,Daytime,30,NO CONTROLS,CLEAR,DAYLIGHT,ANGLE,ALLEY,DRY,NO INJURY / DRIVE AWAY,,true,"$501 - $1,500",UNABLE TO DETERMINE,2,NO INDICATION OF INJURY,0,0,41.8244054705,-87.711608754,60632,"CHICAGO MIDWAY AIRPORT, IL US",63.0,40.0,43.0,0.0,10.0,6.0
crash_02200,2021-12-03 14:53:00,2021,12,Dec,Fri,14,Daytime,30,NO CONTROLS,CLEAR,DAYLIGHT,REAR END,NOT DIVIDED,DRY,INJURY AND / OR TOW DUE TO CRASH,,,"OVER $1,500",FOLLOWING TOO CLOSELY,2,"REPORTED, NOT EVIDENT",1,0,41.7212475822,-87.6515083068,60643,"CHICAGO MIDWAY AIRPORT, IL US",48.0,33.0,56.0,0.0,10.0,8.0
crash_02201,2025-03-19 14:17:00,2025,3,Mar,Wed,14,Daytime,30,TRAFFIC SIGNAL,RAIN,DAYLIGHT,REAR END,DIVIDED - W/MEDIAN (NOT RAISED),WET,NO INJURY / DRIVE AWAY,,,"OVER $1,500",FOLLOWING TOO CLOSELY,3,NO INDICATION OF INJURY,0,0,41.9099477683,-87.6870631826,60622,"CHICAGO MIDWAY AIRPORT, IL US",44.0,42.0,93.0,0.0,10.0,7.0
crash_02202,2021-07-02 15:00:00,2021,7,Jul,Fri,15,Evening commute,35,NO CONTROLS,CLEAR,DAYLIGHT,TURNING,NOT DIVIDED,DRY,NO INJURY / DRIVE AWAY,,true,"OVER $1,500",FAILING TO YIELD RIGHT-OF-WAY,2,NO INDICATION OF INJURY,0,0,41.7225533607,-87.5773636722,60617,"CHICAGO MIDWAY AIRPORT, IL US",73.0,48.0,41.0,0.0,10.0,6.0
crash_02203,2025-04-18 00:10:00,2025,4,Apr,Fri,0,Night or early morning,30,TRAFFIC SIGNAL,CLEAR,"DARKNESS, LIGHTED ROAD",REAR END,NOT DIVIDED,DRY,NO INJURY / DRIVE AWAY,,,"$501 - $1,500",UNABLE TO DETERMINE,2,NO INDICATION OF INJURY,0,0,41.9689058017,-87.6761351984,60640,"CHICAGO OHARE INTERNATIONAL AIRPORT, IL US",59.0,40.0,49.0,0.0,10.0,16.0
crash_02204,2025-04-07 00:45:00,2025,4,Apr,Mon,0,Night or early morning,30,NO CONTROLS,CLEAR,"DARKNESS, LIGHTED ROAD",PARKED MOTOR VEHICLE,T-INTERSECTION,DRY,INJURY AND / OR TOW DUE TO CRASH,,true,"OVER $1,500","OPERATING VEHICLE IN ERRATIC, RECKLESS, CARELESS, NEGLIGENT OR AGGRESSIVE MANNER",2,NO INDICATION OF INJURY,0,0,41.8535884013,-87.6995758658,60623,"CHICAGO MIDWAY AIRPORT, IL US",40.0,18.0,41.0,0.0,10.0,8.0
crash_02205,2025-10-23 08:00:00,2025,10,Oct,Thu,8,Morning commute,30,NO CONTROLS,CLEAR,DAYLIGHT,SIDESWIPE SAME DIRECTION,NOT DIVIDED,UNKNOWN,NO INJURY / DRIVE AWAY,,,"OVER $1,500",FAILING TO YIELD RIGHT-OF-WAY,2,NO INDICATION OF INJURY,0,0,41.9035889405,-87.6771224157,60622,,,,,,,
crash_02206,2024-01-09 02:58:00,2024,1,Jan,Tue,2,Night or early morning,30,NO CONTROLS,SNOW,"DARKNESS, LIGHTED ROAD",FIXED OBJECT,ONE-WAY,SNOW OR SLUSH,INJURY AND / OR TOW DUE TO CRASH,,true,"OVER $1,500",UNABLE TO DETERMINE,2,NO INDICATION OF INJURY,0,0,41.9616691431,-87.6983414302,60625,"CHICAGO OHARE INTERNATIONAL AIRPORT, IL US",33.0,32.0,96.0,0.06,1.0,14.0
crash_02207,2019-02-15 09:50:00,2019,2,Feb,Fri,9,Morning commute,30,NO CONTROLS,CLEAR,DAYLIGHT,SIDESWIPE SAME DIRECTION,DIVIDED - W/MEDIAN (NOT RAISED),DRY,INJURY AND / OR TOW DUE TO CRASH,,,"OVER $1,500",DISTRACTION - FROM INSIDE VEHICLE,2,NO INDICATION OF INJURY,0,0,41.9521239787,-87.8290279277,60634,"CHICAGO OHARE INTERNATIONAL AIRPORT, IL US",11.0,4.0,73.0,0.0,10.0,14.0
crash_02208,2018-02-15 16:10:00,2018,2,Feb,Thu,16,Evening commute,20,NO CONTROLS,CLEAR,DAYLIGHT,ANGLE,NOT DIVIDED,WET,NO INJURY / DRIVE AWAY,,,"OVER $1,500",FAILING TO YIELD RIGHT-OF-WAY,2,NO INDICATION OF INJURY,0,0,41.7445532993,-87.5659802379,60617,"CHICAGO MIDWAY AIRPORT, IL US",47.0,44.0,90.0,0.0,5.0,0.0
crash_02209,2024-05-03 17:24:00,2024,5,May,Fri,17,Evening commute,30,TRAFFIC SIGNAL,CLEAR,DAYLIGHT,TURNING,OTHER,DRY,INJURY AND / OR TOW DUE TO CRASH,false,true,"OVER $1,500",UNABLE TO DETERMINE,2,NONINCAPACITATING INJURY,1,0,41.9078990519,-87.7459190318,60651,"CHICAGO MIDWAY AIRPORT, IL US",66.0,35.0,32.0,0.0,10.0,9.0
crash_02210,2021-01-18 14:00:00,2021,1,Jan,Mon,14,Daytime,30,NO CONTROLS,UNKNOWN,UNKNOWN,PARKED MOTOR VEHICLE,ONE-WAY,UNKNOWN,NO INJURY / DRIVE AWAY,,true,"OVER $1,500",NOT APPLICABLE,2,NO INDICATION OF INJURY,0,0,41.8646279272,-87.7193286323,60623,"CHICAGO MIDWAY AIRPORT, IL US",29.0,21.0,72.0,0.0,10.0,10.0
crash_02211,2018-10-07 10:30:00,2018,10,Oct,Sun,10,Daytime,30,TRAFFIC SIGNAL,RAIN,DAYLIGHT,REAR END,PARKING LOT,WET,NO INJURY / DRIVE AWAY,true,,"$501 - $1,500",FOLLOWING TOO CLOSELY,2,NO INDICATION OF INJURY,0,0,41.8669400637,-87.6665324283,60612,"CHICAGO MIDWAY AIRPORT, IL US",60.0,56.0,86.0,0.0,10.0,9.0
crash_02212,2021-07-28 09:15:00,2021,7,Jul,Wed,9,Morning commute,35,TRAFFIC SIGNAL,CLEAR,DAYLIGHT,REAR END,NOT DIVIDED,DRY,INJURY AND / OR TOW DUE TO CRASH,true,,"OVER $1,500",UNABLE TO DETERMINE,2,NO INDICATION OF INJURY,0,0,41.9903129177,-87.7030993583,60659,"CHICAGO OHARE INTERNATIONAL AIRPORT, IL US",80.0,72.0,76.0,0.0,10.0,8.0