crash_id,crash_datetime,crash_year,crash_month,crash_month_name,crash_weekday_name,crash_hour,time_period,posted_speed_limit_mph,traffic_control_device,reported_weather_condition,reported_lighting_condition,first_crash_type,trafficway_type,reported_road_surface_condition,crash_type,intersection_related,hit_and_run,estimated_damage,primary_contributory_cause,unit_count,most_severe_injury,injuries_total,injuries_fatal,latitude,longitude,zip5,weather_station_name,temperature_f,dew_point_f,relative_humidity_percent,precipitation_inches,visibility_miles,wind_speed_mph
crash_02213,2023-03-29 10:15:00,2023,3,Mar,Wed,10,Daytime,30,NO CONTROLS,CLEAR,DAYLIGHT,TURNING,ALLEY,DRY,NO INJURY / DRIVE AWAY,true,,"OVER $1,500",FAILING TO YIELD RIGHT-OF-WAY,2,NO INDICATION OF INJURY,0,0,41.9648439521,-87.7134013915,60625,"CHICAGO OHARE INTERNATIONAL AIRPORT, IL US",34.0,29.0,82.0,0.0,3.0,11.0
crash_02214,2021-07-18 22:44:00,2021,7,Jul,Sun,22,Night or early morning,45,NO CONTROLS,CLEAR,"DARKNESS, LIGHTED ROAD",FIXED OBJECT,DIVIDED - W/MEDIAN BARRIER,DRY,INJURY AND / OR TOW DUE TO CRASH,,,"OVER $1,500","OPERATING VEHICLE IN ERRATIC, RECKLESS, CARELESS, NEGLIGENT OR AGGRESSIVE MANNER",1,NO INDICATION OF INJURY,0,0,41.8555415673,-87.6154268259,60616,"CHICAGO MIDWAY AIRPORT, IL US",72.0,60.0,66.0,0.0,10.0,0.0
crash_02215,2024-07-25 11:37:00,2024,7,Jul,Thu,11,Daytime,30,STOP SIGN/FLASHER,CLEAR,DAYLIGHT,ANGLE,FOUR WAY,DRY,INJURY AND / OR TOW DUE TO CRASH,true,,"OVER $1,500",FAILING TO YIELD RIGHT-OF-WAY,2,NO INDICATION OF INJURY,0,0,41.8767347174,-87.7576594874,60644,"CHICAGO MIDWAY AIRPORT, IL US",75.0,57.0,54.0,0.0,10.0,11.0
crash_02216,2020-05-15 10:45:00,2020,5,May,Fri,10,Daytime,30,NO CONTROLS,CLOUDY/OVERCAST,DAYLIGHT,PEDESTRIAN,NOT DIVIDED,UNKNOWN,INJURY AND / OR TOW DUE TO CRASH,,true,$500 OR LESS,UNABLE TO DETERMINE,2,NONINCAPACITATING INJURY,1,0,41.8949961446,-87.7611137018,60651,"CHICAGO MIDWAY AIRPORT, IL US",65.0,63.0,93.0,0.0,10.0,10.0
crash_02217,2018-11-27 12:20:00,2018,11,Nov,Tue,12,Daytime,30,TRAFFIC SIGNAL,OTHER,DAYLIGHT,REAR END,ONE-WAY,SNOW OR SLUSH,NO INJURY / DRIVE AWAY,false,,"$501 - $1,500",ROAD ENGINEERING/SURFACE/MARKING DEFECTS,2,NO INDICATION OF INJURY,0,0,41.9129952677,-87.63468525,60614,"CHICAGO MIDWAY AIRPORT, IL US",25.0,15.0,66.0,,10.0,9.0
crash_02218,2022-04-05 10:49:00,2022,4,Apr,Tue,10,Daytime,30,TRAFFIC SIGNAL,CLEAR,DAYLIGHT,TURNING,T-INTERSECTION,DRY,INJURY AND / OR TOW DUE TO CRASH,true,,"OVER $1,500",UNABLE TO DETERMINE,2,NO INDICATION OF INJURY,0,0,41.8805428541,-87.7502982261,60644,"CHICAGO MIDWAY AIRPORT, IL US",46.0,38.0,73.0,0.0,7.0,11.0
crash_02219,2021-07-11 02:00:00,2021,7,Jul,Sun,2,Night or early morning,20,NO CONTROLS,CLEAR,"DARKNESS, LIGHTED ROAD",PARKED MOTOR VEHICLE,ONE-WAY,DRY,NO INJURY / DRIVE AWAY,,true,"$501 - $1,500",UNABLE TO DETERMINE,2,NO INDICATION OF INJURY,0,0,41.746224324,-87.5550723211,60617,"CHICAGO MIDWAY AIRPORT, IL US",69.0,63.0,81.0,0.0,10.0,16.0
crash_02220,2020-02-19 11:00:00,2020,2,Feb,Wed,11,Daytime,25,NO CONTROLS,CLEAR,DAYLIGHT,PARKED MOTOR VEHICLE,ONE-WAY,DRY,NO INJURY / DRIVE AWAY,,,"OVER $1,500",UNABLE TO DETERMINE,2,NO INDICATION OF INJURY,0,0,41.7492479184,-87.6236779694,60619,"CHICAGO MIDWAY AIRPORT, IL US",24.0,2.0,38.0,0.0,10.0,5.0
crash_02221,2025-07-30 18:15:00,2025,7,Jul,Wed,18,Evening commute,35,TRAFFIC SIGNAL,CLEAR,DUSK,REAR END,DIVIDED - W/MEDIAN (NOT RAISED),DRY,NO INJURY / DRIVE AWAY,,,"OVER $1,500",UNABLE TO DETERMINE,2,NO INDICATION OF INJURY,0,0,41.9971935804,-87.7534379137,60646,"CHICAGO OHARE INTERNATIONAL AIRPORT, IL US",73.0,68.0,84.0,,10.0,16.0
crash_02222,2021-08-06 15:50:00,2021,8,Aug,Fri,15,Evening commute,30,TRAFFIC SIGNAL,CLEAR,DAYLIGHT,SIDESWIPE SAME DIRECTION,DIVIDED - W/MEDIAN (NOT RAISED),DRY,NO INJURY / DRIVE AWAY,,,"OVER $1,500",NOT APPLICABLE,2,NO INDICATION OF INJURY,0,0,41.8674842272,-87.6191503834,60605,"CHICAGO MIDWAY AIRPORT, IL US",82.0,66.0,58.0,0.0,10.0,9.0
crash_02223,2021-08-16 16:46:00,2021,8,Aug,Mon,16,Evening commute,30,NO CONTROLS,CLEAR,DAYLIGHT,PARKED MOTOR VEHICLE,NOT DIVIDED,DRY,NO INJURY / DRIVE AWAY,,,"OVER $1,500",NOT APPLICABLE,2,NO INDICATION OF INJURY,0,0,41.939809625,-87.6533133288,60657,"CHICAGO MIDWAY AIRPORT, IL US",79.0,53.0,41.0,0.0,10.0,6.0
crash_02224,2024-04-03 15:00:00,2024,4,Apr,Wed,15,Evening commute,30,TRAFFIC SIGNAL,CLEAR,DAYLIGHT,PEDESTRIAN,NOT DIVIDED,UNKNOWN,INJURY AND / OR TOW DUE TO CRASH,,true,"OVER $1,500",UNABLE TO DETERMINE,2,NONINCAPACITATING INJURY,1,0,41.7735126604,-87.5666232461,60649,"CHICAGO MIDWAY AIRPORT, IL US",39.0,35.0,86.0,0.0,5.0,18.0
crash_02225,2019-06-14 22:08:00,2019,6,Jun,Fri,22,Night or early morning,20,STOP SIGN/FLASHER,RAIN,"DARKNESS, LIGHTED ROAD",PEDESTRIAN,DIVIDED - W/MEDIAN BARRIER,WET,INJURY AND / OR TOW DUE TO CRASH,true,true,$500 OR LESS,UNABLE TO DETERMINE,2,NONINCAPACITATING INJURY,2,0,41.9375820381,-87.7101534526,60618,"CHICAGO MIDWAY AIRPORT, IL US",65.0,56.0,73.0,0.02,10.0,20.0
crash_02226,2019-08-03 16:15:00,2019,8,Aug,Sat,16,Evening commute,5,NO CONTROLS,CLEAR,DAYLIGHT,ANGLE,OTHER,DRY,INJURY AND / OR TOW DUE TO CRASH,,,"$501 - $1,500","VISION OBSCURED (SIGNS, TREE LIMBS, BUILDINGS, ETC.)",2,NO INDICATION OF INJURY,0,0,41.9607900227,-87.7476893588,60630,"CHICAGO OHARE INTERNATIONAL AIRPORT, IL US",87.0,50.0,28.0,0.0,10.0,0.0
crash_02227,2018-01-11 00:01:00,2018,1,Jan,Thu,0,Night or early morning,30,NO CONTROLS,CLEAR,"DARKNESS, LIGHTED ROAD",PARKED MOTOR VEHICLE,DIVIDED - W/MEDIAN (NOT RAISED),WET,NO INJURY / DRIVE AWAY,,true,"$501 - $1,500",UNABLE TO DETERMINE,2,NO INDICATION OF INJURY,0,0,41.7430930789,-87.5501408445,60617,"CHICAGO MIDWAY AIRPORT, IL US",56.0,52.0,87.0,0.0,10.0,20.0
crash_02228,2020-04-23 18:45:00,2020,4,Apr,Thu,18,Evening commute,30,NO CONTROLS,CLEAR,DAYLIGHT,SIDESWIPE SAME DIRECTION,DIVIDED - W/MEDIAN (NOT RAISED),DRY,NO INJURY / DRIVE AWAY,,,"OVER $1,500",IMPROPER OVERTAKING/PASSING,2,NO INDICATION OF INJURY,0,0,41.9349655271,-87.8067877344,60707,"CHICAGO OHARE INTERNATIONAL AIRPORT, IL US",46.0,40.0,79.0,0.0,5.0,15.0
crash_02229,2025-01-30 18:55:00,2025,1,Jan,Thu,18,Evening commute,30,TRAFFIC SIGNAL,RAIN,"DARKNESS, LIGHTED ROAD",TURNING,DIVIDED - W/MEDIAN (NOT RAISED),WET,NO INJURY / DRIVE AWAY,,,"$501 - $1,500",UNABLE TO DETERMINE,2,NO INDICATION OF INJURY,0,0,41.9757615081,-87.6916381158,60625,"CHICAGO OHARE INTERNATIONAL AIRPORT, IL US",41.0,40.0,96.0,0.15,2.0,6.0
crash_02230,2023-09-06 13:25:00,2023,9,Sep,Wed,13,Daytime,30,TRAFFIC SIGNAL,CLEAR,DAYLIGHT,SIDESWIPE SAME DIRECTION,NOT DIVIDED,DRY,NO INJURY / DRIVE AWAY,,false,"OVER $1,500",FAILING TO YIELD RIGHT-OF-WAY,2,NO INDICATION OF INJURY,0,0,41.8672872955,-87.6408695374,60607,"CHICAGO MIDWAY AIRPORT, IL US",81.0,60.0,49.0,0.0,10.0,20.0
crash_02231,2022-06-28 06:00:00,2022,6,Jun,Tue,6,Morning commute,20,FLASHING CONTROL SIGNAL,CLEAR,DAYLIGHT,REAR END,OTHER,DRY,INJURY AND / OR TOW DUE TO CRASH,,,"OVER $1,500",UNABLE TO DETERMINE,2,"REPORTED, NOT EVIDENT",1,0,,,,,,,,,,
crash_02232,2025-01-22 08:00:00,2025,1,Jan,Wed,8,Morning commute,25,NO CONTROLS,CLOUDY/OVERCAST,DAYLIGHT,PARKED MOTOR VEHICLE,NOT DIVIDED,DRY,NO INJURY / DRIVE AWAY,,,"OVER $1,500",UNABLE TO DETERMINE,2,NO INDICATION OF INJURY,0,0,41.9735199489,-87.756842589,60630,"CHICAGO OHARE INTERNATIONAL AIRPORT, IL US",11.0,-4.0,51.0,0.0,10.0,13.0
crash_02233,2022-01-23 22:00:00,2022,1,Jan,Sun,22,Night or early morning,35,NO CONTROLS,SNOW,"DARKNESS, LIGHTED ROAD",OTHER OBJECT,DIVIDED - W/MEDIAN (NOT RAISED),SNOW OR SLUSH,NO INJURY / DRIVE AWAY,,,"OVER $1,500",UNABLE TO DETERMINE,1,NO INDICATION OF INJURY,0,0,41.9106369631,-87.6602491402,60642,"CHICAGO MIDWAY AIRPORT, IL US",13.0,2.0,61.0,0.0,10.0,6.0
crash_02234,2018-12-11 20:15:00,2018,12,Dec,Tue,20,Night or early morning,20,NO CONTROLS,CLEAR,"DARKNESS, LIGHTED ROAD",PARKED MOTOR VEHICLE,ONE-WAY,DRY,NO INJURY / DRIVE AWAY,,,"$501 - $1,500",IMPROPER LANE USAGE,2,NO INDICATION OF INJURY,0,0,41.9699929132,-87.6817996129,60625,"CHICAGO OHARE INTERNATIONAL AIRPORT, IL US",30.0,26.0,85.0,0.0,6.0,6.0
crash_02235,2023-06-03 14:30:00,2023,6,Jun,Sat,14,Daytime,20,NO CONTROLS,CLEAR,DAYLIGHT,PARKED MOTOR VEHICLE,ONE-WAY,DRY,INJURY AND / OR TOW DUE TO CRASH,,,"OVER $1,500",UNABLE TO DETERMINE,2,NO INDICATION OF INJURY,0,0,41.8440911303,-87.7085273095,60623,"CHICAGO MIDWAY AIRPORT, IL US",88.0,45.0,22.0,0.0,10.0,15.0
crash_02236,2023-10-27 05:35:00,2023,10,Oct,Fri,5,Night or early morning,45,NO CONTROLS,CLEAR,"DARKNESS, LIGHTED ROAD",FIXED OBJECT,DIVIDED - W/MEDIAN BARRIER,WET,INJURY AND / OR TOW DUE TO CRASH,,,"OVER $1,500",UNABLE TO DETERMINE,1,"REPORTED, NOT EVIDENT",1,0,41.900752974,-87.6242349998,60611,"CHICAGO MIDWAY AIRPORT, IL US",63.0,60.0,90.0,0.0,10.0,9.0
crash_02237,2020-11-14 16:40:00,2020,11,Nov,Sat,16,Evening commute,30,STOP SIGN/FLASHER,CLEAR,"DARKNESS, LIGHTED ROAD",ANGLE,NOT DIVIDED,DRY,INJURY AND / OR TOW DUE TO CRASH,true,,"OVER $1,500",NOT APPLICABLE,2,NO INDICATION OF INJURY,0,0,41.8932031855,-87.7458948734,60644,"CHICAGO MIDWAY AIRPORT, IL US",45.0,37.0,74.0,,10.0,15.0
crash_02238,2025-12-02 20:45:00,2025,12,Dec,Tue,20,Night or early morning,30,TRAFFIC SIGNAL,CLEAR,"DARKNESS, LIGHTED ROAD",TURNING,FOUR WAY,SNOW OR SLUSH,INJURY AND / OR TOW DUE TO CRASH,true,,"OVER $1,500",FAILING TO YIELD RIGHT-OF-WAY,2,NO INDICATION OF INJURY,0,0,42.0050891299,-87.6731698044,60626,,,,,,,
crash_02239,2024-06-12 17:15:00,2024,6,Jun,Wed,17,Evening commute,30,UNKNOWN,UNKNOWN,UNKNOWN,ANGLE,UNKNOWN,UNKNOWN,NO INJURY / DRIVE AWAY,,true,"OVER $1,500",UNABLE TO DETERMINE,2,NO INDICATION OF INJURY,0,0,41.9745536525,-87.7828754805,60630,"CHICAGO OHARE INTERNATIONAL AIRPORT, IL US",90.0,54.0,29.0,0.0,10.0,10.0
crash_02240,2024-03-12 08:31:00,2024,3,Mar,Tue,8,Morning commute,30,NO CONTROLS,CLEAR,DAYLIGHT,SIDESWIPE SAME DIRECTION,NOT DIVIDED,DRY,NO INJURY / DRIVE AWAY,,true,"OVER $1,500",IMPROPER OVERTAKING/PASSING,2,NO INDICATION OF INJURY,0,0,41.9245080534,-87.6382228877,60614,"CHICAGO MIDWAY AIRPORT, IL US",52.0,34.0,50.0,0.0,10.0,14.0
crash_02241,2023-01-19 17:15:00,2023,1,Jan,Thu,17,Evening commute,30,TRAFFIC SIGNAL,RAIN,DAYLIGHT,TURNING,FOUR WAY,WET,INJURY AND / OR TOW DUE TO CRASH,true,,"OVER $1,500",DISREGARDING TRAFFIC SIGNALS,2,NONINCAPACITATING INJURY,1,0,41.9754383945,-87.7481451665,60630,"CHICAGO OHARE INTERNATIONAL AIRPORT, IL US",40.0,36.0,86.0,0.01,8.0,11.0
crash_02242,2018-04-22 18:10:00,2018,4,Apr,Sun,18,Evening commute,30,UNKNOWN,UNKNOWN,DAYLIGHT,REAR END,PARKING LOT,DRY,NO INJURY / DRIVE AWAY,,,"$501 - $1,500",UNABLE TO DETERMINE,2,NO INDICATION OF INJURY,0,0,41.9269019903,-87.7857156981,60707,"CHICAGO OHARE INTERNATIONAL AIRPORT, IL US",57.0,25.0,29.0,0.0,10.0,14.0
crash_02243,2022-09-21 16:00:00,2022,9,Sep,Wed,16,Evening commute,30,TRAFFIC SIGNAL,CLEAR,DAYLIGHT,TURNING,FOUR WAY,DRY,NO INJURY / DRIVE AWAY,,true,$500 OR LESS,FAILING TO REDUCE SPEED TO AVOID CRASH,2,NO INDICATION OF INJURY,0,0,41.8855875063,-87.6441680442,60661,"CHICAGO MIDWAY AIRPORT, IL US",88.0,61.0,40.0,0.0,10.0,6.0
crash_02244,2018-01-13 19:57:00,2018,1,Jan,Sat,19,Night or early morning,30,STOP SIGN/FLASHER,CLEAR,"DARKNESS, LIGHTED ROAD",ANGLE,NOT DIVIDED,DRY,INJURY AND / OR TOW DUE TO CRASH,true,,"OVER $1,500",FAILING TO YIELD RIGHT-OF-WAY,2,NO INDICATION OF INJURY,0,0,41.7495521794,-87.7120373606,60652,"CHICAGO MIDWAY AIRPORT, IL US",12.0,-2.0,53.0,0.0,10.0,7.0
crash_02245,2019-06-16 21:25:00,2019,6,Jun,Sun,21,Night or early morning,30,NO CONTROLS,CLEAR,"DARKNESS, LIGHTED ROAD",SIDESWIPE SAME DIRECTION,DIVIDED - W/MEDIAN (NOT RAISED),DRY,NO INJURY / DRIVE AWAY,,true,"$501 - $1,500",IMPROPER LANE USAGE,2,NO INDICATION OF INJURY,0,0,41.8731483272,-87.6207388596,60605,"CHICAGO MIDWAY AIRPORT, IL US",57.0,53.0,87.0,0.0,10.0,7.0
crash_02246,2020-06-25 17:15:00,2020,6,Jun,Thu,17,Evening commute,25,NO CONTROLS,CLEAR,DAYLIGHT,SIDESWIPE SAME DIRECTION,NOT DIVIDED,DRY,NO INJURY / DRIVE AWAY,,true,"OVER $1,500",FOLLOWING TOO CLOSELY,2,NO INDICATION OF INJURY,0,0,41.6925579502,-87.6347724041,60628,"CHICAGO MIDWAY AIRPORT, IL US",79.0,54.0,42.0,0.0,10.0,11.0
crash_02247,2023-09-02 20:00:00,2023,9,Sep,Sat,20,Night or early morning,30,NO CONTROLS,CLEAR,DARKNESS,REAR END,RAMP,DRY,NO INJURY / DRIVE AWAY,,true,"OVER $1,500",FOLLOWING TOO CLOSELY,2,NO INDICATION OF INJURY,0,0,41.8874777088,-87.6183171879,60601,"CHICAGO MIDWAY AIRPORT, IL US",80.0,55.0,42.0,0.0,10.0,8.0
crash_02248,2018-10-18 14:00:00,2018,10,Oct,Thu,14,Daytime,30,UNKNOWN,CLEAR,DAYLIGHT,SIDESWIPE SAME DIRECTION,NOT DIVIDED,DRY,NO INJURY / DRIVE AWAY,,,"$501 - $1,500",UNABLE TO DETERMINE,2,NO INDICATION OF INJURY,0,0,41.9375051997,-87.7617016607,60641,"CHICAGO OHARE INTERNATIONAL AIRPORT, IL US",56.0,25.0,30.0,0.0,10.0,9.0
crash_02249,2019-10-25 15:00:00,2019,10,Oct,Fri,15,Evening commute,30,NO CONTROLS,CLEAR,DAYLIGHT,PARKED MOTOR VEHICLE,NOT DIVIDED,DRY,NO INJURY / DRIVE AWAY,,true,"$501 - $1,500",UNABLE TO DETERMINE,2,NO INDICATION OF INJURY,0,0,41.9665202431,-87.7639067071,60630,"CHICAGO OHARE INTERNATIONAL AIRPORT, IL US",47.0,31.0,54.0,0.0,10.0,6.0
crash_02250,2025-01-07 17:08:00,2025,1,Jan,Tue,17,Evening commute,30,NO CONTROLS,CLEAR,"DARKNESS, LIGHTED ROAD",TURNING,T-INTERSECTION,DRY,INJURY AND / OR TOW DUE TO CRASH,true,,"OVER $1,500","VISION OBSCURED (SIGNS, TREE LIMBS, BUILDINGS, ETC.)",2,NO INDICATION OF INJURY,0,0,41.896379646,-87.6516968481,60642,"CHICAGO MIDWAY AIRPORT, IL US",25.0,11.0,55.0,0.0,10.0,6.0
crash_02251,2024-02-20 07:30:00,2024,2,Feb,Tue,7,Morning commute,30,NO CONTROLS,CLEAR,DAYLIGHT,REAR TO FRONT,PARKING LOT,DRY,NO INJURY / DRIVE AWAY,,,"OVER $1,500",FOLLOWING TOO CLOSELY,2,NO INDICATION OF INJURY,0,0,41.7709881653,-87.693038611,60629,"CHICAGO MIDWAY AIRPORT, IL US",36.0,26.0,67.0,0.0,10.0,8.0
crash_02252,2022-03-24 20:47:00,2022,3,Mar,Thu,20,Night or early morning,30,STOP SIGN/FLASHER,RAIN,"DARKNESS, LIGHTED ROAD",TURNING,DIVIDED - W/MEDIAN (NOT RAISED),WET,NO INJURY / DRIVE AWAY,,,"OVER $1,500",FAILING TO YIELD RIGHT-OF-WAY,2,NO INDICATION OF INJURY,0,0,41.9231858837,-87.6980361489,60647,"CHICAGO MIDWAY AIRPORT, IL US",43.0,40.0,89.0,0.04,3.0,8.0
crash_02253,2025-09-07 23:30:00,2025,9,Sep,Sun,23,Night or early morning,30,STOP SIGN/FLASHER,CLEAR,"DARKNESS, LIGHTED ROAD",TURNING,FOUR WAY,DRY,NO INJURY / DRIVE AWAY,true,,"OVER $1,500",FAILING TO YIELD RIGHT-OF-WAY,2,NO INDICATION OF INJURY,0,0,41.9221551367,-87.7731624045,60639,,,,,,,
crash_02254,2025-07-31 11:40:00,2025,7,Jul,Thu,11,Daytime,30,UNKNOWN,CLEAR,DAYLIGHT,REAR END,NOT DIVIDED,UNKNOWN,NO INJURY / DRIVE AWAY,,true,"OVER $1,500",UNABLE TO DETERMINE,2,NO INDICATION OF INJURY,0,0,41.8966804097,-87.6201282219,60611,"CHICAGO MIDWAY AIRPORT, IL US",76.0,59.0,56.0,0.0,4.0,17.0
crash_02255,2022-05-08 02:55:00,2022,5,May,Sun,2,Night or early morning,30,NO CONTROLS,CLEAR,"DARKNESS, LIGHTED ROAD",SIDESWIPE SAME DIRECTION,NOT DIVIDED,DRY,INJURY AND / OR TOW DUE TO CRASH,,,"OVER $1,500",UNABLE TO DETERMINE,2,NO INDICATION OF INJURY,0,0,41.9485756724,-87.6496717519,60613,"CHICAGO MIDWAY AIRPORT, IL US",46.0,35.0,66.0,0.0,10.0,5.0
crash_02256,2023-09-30 19:27:00,2023,9,Sep,Sat,19,Night or early morning,15,NO CONTROLS,CLEAR,DARKNESS,PARKED MOTOR VEHICLE,ALLEY,DRY,NO INJURY / DRIVE AWAY,,,"$501 - $1,500",UNABLE TO DETERMINE,2,NO INDICATION OF INJURY,0,0,41.9980861072,-87.6598835791,60660,"CHICAGO OHARE INTERNATIONAL AIRPORT, IL US",74.0,61.0,64.0,0.0,10.0,8.0
crash_02257,2024-07-31 09:49:00,2024,7,Jul,Wed,9,Morning commute,5,NO CONTROLS,CLOUDY/OVERCAST,DAYLIGHT,PARKED MOTOR VEHICLE,PARKING LOT,DRY,NO INJURY / DRIVE AWAY,,,"OVER $1,500",IMPROPER OVERTAKING/PASSING,2,NO INDICATION OF INJURY,0,0,41.925443779,-87.6563143902,60614,"CHICAGO MIDWAY AIRPORT, IL US",78.0,66.0,67.0,0.0,10.0,14.0
crash_02258,2021-03-21 01:00:00,2021,3,Mar,Sun,1,Night or early morning,30,NO CONTROLS,UNKNOWN,UNKNOWN,OTHER OBJECT,NOT DIVIDED,UNKNOWN,NO INJURY / DRIVE AWAY,,,"OVER $1,500",UNABLE TO DETERMINE,1,NO INDICATION OF INJURY,0,0,41.8461845304,-87.7382919804,60623,"CHICAGO MIDWAY AIRPORT, IL US",45.0,27.0,49.0,0.0,10.0,5.0
crash_02259,2022-01-14 14:39:00,2022,1,Jan,Fri,14,Daytime,35,STOP SIGN/FLASHER,CLEAR,DUSK,PEDALCYCLIST,T-INTERSECTION,DRY,INJURY AND / OR TOW DUE TO CRASH,true,true,"$501 - $1,500",UNABLE TO DETERMINE,2,NONINCAPACITATING INJURY,1,0,41.8527216297,-87.6481743403,60608,"CHICAGO MIDWAY AIRPORT, IL US",34.0,26.0,73.0,,10.0,11.0
crash_02260,2018-10-14 17:50:00,2018,10,Oct,Sun,17,Evening commute,30,NO CONTROLS,CLEAR,DAYLIGHT,PARKED MOTOR VEHICLE,DIVIDED - W/MEDIAN (NOT RAISED),DRY,NO INJURY / DRIVE AWAY,,true,"OVER $1,500",UNABLE TO DETERMINE,3,NO INDICATION OF INJURY,0,0,41.964341082,-87.713091948,60625,"CHICAGO OHARE INTERNATIONAL AIRPORT, IL US",53.0,42.0,66.0,0.0,10.0,7.0
crash_02261,2022-12-25 15:00:00,2022,12,Dec,Sun,15,Evening commute,30,NO CONTROLS,CLEAR,UNKNOWN,PARKED MOTOR VEHICLE,DIVIDED - W/MEDIAN (NOT RAISED),SNOW OR SLUSH,NO INJURY / DRIVE AWAY,,,"$501 - $1,500",UNABLE TO DETERMINE,2,NO INDICATION OF INJURY,0,0,41.8994225569,-87.6870847765,60622,"CHICAGO MIDWAY AIRPORT, IL US",13.0,2.0,61.0,0.0,10.0,15.0
crash_02262,2023-11-03 15:30:00,2023,11,Nov,Fri,15,Evening commute,10,NO CONTROLS,CLEAR,DAYLIGHT,ANGLE,DIVIDED - W/MEDIAN (NOT RAISED),DRY,NO INJURY / DRIVE AWAY,,,"OVER $1,500",FAILING TO YIELD RIGHT-OF-WAY,2,NO INDICATION OF INJURY,0,0,41.7510045181,-87.62787737,60620,"CHICAGO MIDWAY AIRPORT, IL US",58.0,35.0,42.0,0.0,10.0,15.0
crash_02263,2021-04-26 07:11:00,2021,4,Apr,Mon,7,Morning commute,35,NO CONTROLS,CLEAR,DAYLIGHT,TURNING,FOUR WAY,DRY,NO INJURY / DRIVE AWAY,,true,"OVER $1,500",IMPROPER TURNING/NO SIGNAL,2,NO INDICATION OF INJURY,0,0,41.8670802791,-87.6443252486,60607,"CHICAGO MIDWAY AIRPORT, IL US",41.0,28.0,60.0,0.0,10.0,8.0
crash_02264,2025-12-17 16:30:00,2025,12,Dec,Wed,16,Evening commute,30,UNKNOWN,RAIN,"DARKNESS, LIGHTED ROAD",ANGLE,PARKING LOT,DRY,NO INJURY / DRIVE AWAY,,,"OVER $1,500",FAILING TO YIELD RIGHT-OF-WAY,2,NO INDICATION OF INJURY,0,0,41.9157101456,-87.7459077545,60639,,,,,,,
crash_02265,2024-10-08 10:40:00,2024,10,Oct,Tue,10,Daytime,30,STOP SIGN/FLASHER,CLEAR,DAYLIGHT,PARKED MOTOR VEHICLE,NOT DIVIDED,DRY,NO INJURY / DRIVE AWAY,true,,"OVER $1,500",DRIVING SKILLS/KNOWLEDGE/EXPERIENCE,3,NO INDICATION OF INJURY,0,0,41.8372188747,-87.7074241363,60623,"CHICAGO MIDWAY AIRPORT, IL US",67.0,40.0,37.0,0.0,10.0,8.0
crash_02266,2020-12-27 03:15:00,2020,12,Dec,Sun,3,Night or early morning,40,NO CONTROLS,CLEAR,"DARKNESS, LIGHTED ROAD",FIXED OBJECT,DIVIDED - W/MEDIAN BARRIER,DRY,INJURY AND / OR TOW DUE TO CRASH,,true,"OVER $1,500",UNABLE TO DETERMINE,1,NO INDICATION OF INJURY,0,0,41.9079099261,-87.6257410883,60610,"CHICAGO MIDWAY AIRPORT, IL US",26.0,19.0,75.0,0.0,10.0,7.0
crash_02267,2025-04-24 06:10:00,2025,4,Apr,Thu,6,Morning commute,30,TRAFFIC SIGNAL,UNKNOWN,DAYLIGHT,REAR END,NOT DIVIDED,UNKNOWN,INJURY AND / OR TOW DUE TO CRASH,true,,"OVER $1,500",FAILING TO REDUCE SPEED TO AVOID CRASH,2,"REPORTED, NOT EVIDENT",1,0,41.9376389053,-87.8362097495,60634,"CHICAGO OHARE INTERNATIONAL AIRPORT, IL US",54.0,47.0,77.0,0.0,10.0,0.0
crash_02268,2018-07-27 19:18:00,2018,7,Jul,Fri,19,Night or early morning,30,NO CONTROLS,CLEAR,DAYLIGHT,PARKED MOTOR VEHICLE,ONE-WAY,DRY,NO INJURY / DRIVE AWAY,,,"$501 - $1,500",UNABLE TO DETERMINE,2,NO INDICATION OF INJURY,0,0,41.7648195334,-87.6090539318,60619,"CHICAGO MIDWAY AIRPORT, IL US",77.0,53.0,43.0,0.0,10.0,11.0
crash_02269,2018-03-10 17:35:00,2018,3,Mar,Sat,17,Evening commute,30,TRAFFIC SIGNAL,CLEAR,DAYLIGHT,TURNING,NOT DIVIDED,DRY,NO INJURY / DRIVE AWAY,,,"OVER $1,500",UNABLE TO DETERMINE,2,NO INDICATION OF INJURY,0,0,41.9176669443,-87.6885341826,60647,"CHICAGO MIDWAY AIRPORT, IL US",36.0,15.0,42.0,0.0,10.0,9.0
crash_02270,2020-11-15 17:35:00,2020,11,Nov,Sun,17,Evening commute,25,NO CONTROLS,CLEAR,"DARKNESS, LIGHTED ROAD",PARKED MOTOR VEHICLE,ONE-WAY,DRY,NO INJURY / DRIVE AWAY,,true,"OVER $1,500",DRIVING SKILLS/KNOWLEDGE/EXPERIENCE,2,NO INDICATION OF INJURY,0,0,41.7525908779,-87.6102646101,60619,"CHICAGO MIDWAY AIRPORT, IL US",41.0,26.0,55.0,0.0,10.0,21.0
crash_02271,2022-01-01 03:36:00,2022,1,Jan,Sat,3,Night or early morning,30,TRAFFIC SIGNAL,CLEAR,"DARKNESS, LIGHTED ROAD",TURNING,NOT DIVIDED,WET,INJURY AND / OR TOW DUE TO CRASH,true,,"OVER $1,500",UNABLE TO DETERMINE,3,NONINCAPACITATING INJURY,3,0,41.9390062782,-87.7270356353,60618,"CHICAGO OHARE INTERNATIONAL AIRPORT, IL US",35.0,32.0,89.0,0.0,5.0,13.0