crash_id,crash_datetime,crash_year,crash_month,crash_month_name,crash_weekday_name,crash_hour,time_period,posted_speed_limit_mph,traffic_control_device,reported_weather_condition,reported_lighting_condition,first_crash_type,trafficway_type,reported_road_surface_condition,crash_type,intersection_related,hit_and_run,estimated_damage,primary_contributory_cause,unit_count,most_severe_injury,injuries_total,injuries_fatal,latitude,longitude,zip5,weather_station_name,temperature_f,dew_point_f,relative_humidity_percent,precipitation_inches,visibility_miles,wind_speed_mph
crash_02272,2019-05-24 01:30:00,2019,5,May,Fri,1,Night or early morning,15,NO CONTROLS,CLEAR,"DARKNESS, LIGHTED ROAD",REAR END,PARKING LOT,DRY,NO INJURY / DRIVE AWAY,,,"OVER $1,500",UNABLE TO DETERMINE,2,NO INDICATION OF INJURY,0,0,41.7467971872,-87.643780994,60620,"CHICAGO MIDWAY AIRPORT, IL US",62.0,49.0,62.0,0.0,10.0,9.0
crash_02273,2019-07-13 11:00:00,2019,7,Jul,Sat,11,Daytime,30,TRAFFIC SIGNAL,CLEAR,DAYLIGHT,TURNING,ONE-WAY,DRY,NO INJURY / DRIVE AWAY,true,,"OVER $1,500",IMPROPER TURNING/NO SIGNAL,2,NO INDICATION OF INJURY,0,0,41.8900209081,-87.6341761626,60654,"CHICAGO MIDWAY AIRPORT, IL US",87.0,68.0,53.0,0.0,10.0,10.0
crash_02274,2018-04-26 20:45:00,2018,4,Apr,Thu,20,Night or early morning,30,NO CONTROLS,CLEAR,"DARKNESS, LIGHTED ROAD",REAR END,DIVIDED - W/MEDIAN BARRIER,DRY,NO INJURY / DRIVE AWAY,,true,"OVER $1,500",EXCEEDING AUTHORIZED SPEED LIMIT,2,NO INDICATION OF INJURY,0,0,41.7697632464,-87.6134511802,60637,"CHICAGO MIDWAY AIRPORT, IL US",57.0,29.0,34.0,0.0,10.0,6.0
crash_02275,2023-09-23 11:45:00,2023,9,Sep,Sat,11,Daytime,30,NO CONTROLS,CLEAR,DAYLIGHT,TURNING,FOUR WAY,DRY,INJURY AND / OR TOW DUE TO CRASH,true,,"OVER $1,500",IMPROPER TURNING/NO SIGNAL,2,NO INDICATION OF INJURY,0,0,41.9465219711,-87.70775808,60618,"CHICAGO MIDWAY AIRPORT, IL US",76.0,59.0,56.0,0.0,10.0,7.0
crash_02276,2025-08-16 17:45:00,2025,8,Aug,Sat,17,Evening commute,30,NO CONTROLS,RAIN,DAYLIGHT,REAR END,DIVIDED - W/MEDIAN (NOT RAISED),WET,NO INJURY / DRIVE AWAY,,,"OVER $1,500",FOLLOWING TOO CLOSELY,2,NO INDICATION OF INJURY,0,0,41.910531194,-87.6669679371,60642,"CHICAGO MIDWAY AIRPORT, IL US",84.0,69.0,61.0,0.0,10.0,9.0
crash_02277,2019-08-24 16:12:00,2019,8,Aug,Sat,16,Evening commute,30,NO CONTROLS,CLEAR,DAYLIGHT,PARKED MOTOR VEHICLE,ONE-WAY,DRY,NO INJURY / DRIVE AWAY,,,"$501 - $1,500",FOLLOWING TOO CLOSELY,2,NO INDICATION OF INJURY,0,0,41.9250593179,-87.7939171139,60707,"CHICAGO OHARE INTERNATIONAL AIRPORT, IL US",72.0,49.0,44.0,0.0,10.0,13.0
crash_02278,2025-04-06 12:15:00,2025,4,Apr,Sun,12,Daytime,30,NO CONTROLS,CLEAR,DAYLIGHT,REAR END,NOT DIVIDED,DRY,INJURY AND / OR TOW DUE TO CRASH,,,"OVER $1,500",UNABLE TO DETERMINE,4,NONINCAPACITATING INJURY,1,0,42.0138478344,-87.6641827267,60626,"CHICAGO OHARE INTERNATIONAL AIRPORT, IL US",47.0,22.0,37.0,0.0,10.0,7.0
crash_02279,2018-02-09 21:30:00,2018,2,Feb,Fri,21,Night or early morning,30,NO CONTROLS,CLEAR,"DARKNESS, LIGHTED ROAD",TURNING,NOT DIVIDED,SNOW OR SLUSH,NO INJURY / DRIVE AWAY,,,"$501 - $1,500",FAILING TO YIELD RIGHT-OF-WAY,2,NO INDICATION OF INJURY,0,0,41.9251071485,-87.6633869144,60614,"CHICAGO MIDWAY AIRPORT, IL US",22.0,17.0,82.0,0.0,5.0,14.0
crash_02280,2025-12-09 10:30:00,2025,12,Dec,Tue,10,Daytime,30,NO CONTROLS,CLOUDY/OVERCAST,DAYLIGHT,PARKED MOTOR VEHICLE,DIVIDED - W/MEDIAN (NOT RAISED),UNKNOWN,NO INJURY / DRIVE AWAY,,,"OVER $1,500",IMPROPER TURNING/NO SIGNAL,2,NO INDICATION OF INJURY,0,0,41.8913055579,-87.6468066285,60654,,,,,,,
crash_02281,2024-10-10 13:48:00,2024,10,Oct,Thu,13,Daytime,30,TRAFFIC SIGNAL,CLEAR,DAYLIGHT,REAR END,NOT DIVIDED,UNKNOWN,NO INJURY / DRIVE AWAY,,,"$501 - $1,500",UNABLE TO DETERMINE,2,NO INDICATION OF INJURY,0,0,41.9686407275,-87.6890542408,60625,"CHICAGO OHARE INTERNATIONAL AIRPORT, IL US",72.0,36.0,27.0,0.0,10.0,7.0
crash_02282,2023-09-29 17:17:00,2023,9,Sep,Fri,17,Evening commute,30,NO CONTROLS,CLEAR,DAYLIGHT,REAR END,DIVIDED - W/MEDIAN (NOT RAISED),DRY,NO INJURY / DRIVE AWAY,,,$500 OR LESS,UNABLE TO DETERMINE,2,NO INDICATION OF INJURY,0,0,41.9511722404,-87.6885320672,60618,"CHICAGO MIDWAY AIRPORT, IL US",72.0,60.0,66.0,0.0,10.0,10.0
crash_02283,2022-06-12 19:30:00,2022,6,Jun,Sun,19,Night or early morning,15,TRAFFIC SIGNAL,CLEAR,DAYLIGHT,TURNING,FOUR WAY,DRY,NO INJURY / DRIVE AWAY,true,true,"OVER $1,500",UNABLE TO DETERMINE,2,NO INDICATION OF INJURY,0,0,41.9529842029,-87.789083831,60634,"CHICAGO OHARE INTERNATIONAL AIRPORT, IL US",61.0,49.0,65.0,0.0,10.0,13.0
crash_02284,2018-05-24 17:10:00,2018,5,May,Thu,17,Evening commute,30,TRAFFIC SIGNAL,CLEAR,DAYLIGHT,REAR END,DIVIDED - W/MEDIAN (NOT RAISED),DRY,NO INJURY / DRIVE AWAY,,,"OVER $1,500",FAILING TO REDUCE SPEED TO AVOID CRASH,2,NO INDICATION OF INJURY,0,0,41.7861553079,-87.7034931406,60629,"CHICAGO MIDWAY AIRPORT, IL US",86.0,56.0,36.0,0.0,10.0,10.0
crash_02285,2024-05-02 00:12:00,2024,5,May,Thu,0,Night or early morning,30,TRAFFIC SIGNAL,CLEAR,"DARKNESS, LIGHTED ROAD",ANGLE,FOUR WAY,DRY,INJURY AND / OR TOW DUE TO CRASH,true,true,"$501 - $1,500",DISREGARDING TRAFFIC SIGNALS,2,NO INDICATION OF INJURY,0,0,41.8019318923,-87.6211712644,60615,"CHICAGO MIDWAY AIRPORT, IL US",63.0,40.0,43.0,0.0,10.0,0.0
crash_02286,2025-01-07 22:00:00,2025,1,Jan,Tue,22,Night or early morning,30,NO CONTROLS,UNKNOWN,DARKNESS,PARKED MOTOR VEHICLE,NOT DIVIDED,UNKNOWN,NO INJURY / DRIVE AWAY,,true,"OVER $1,500",UNABLE TO DETERMINE,2,NO INDICATION OF INJURY,0,0,41.9516352469,-87.7325625177,60641,"CHICAGO OHARE INTERNATIONAL AIRPORT, IL US",20.0,10.0,65.0,0.0,10.0,7.0
crash_02287,2024-12-21 03:00:00,2024,12,Dec,Sat,3,Night or early morning,30,NO CONTROLS,CLEAR,"DARKNESS, LIGHTED ROAD",PARKED MOTOR VEHICLE,NOT DIVIDED,DRY,NO INJURY / DRIVE AWAY,,true,"$501 - $1,500",UNABLE TO DETERMINE,2,NO INDICATION OF INJURY,0,0,41.6569933546,-87.5979532165,60827,"CHICAGO MIDWAY AIRPORT, IL US",21.0,13.0,71.0,,10.0,10.0
crash_02288,2021-03-21 20:15:00,2021,3,Mar,Sun,20,Night or early morning,30,NO CONTROLS,CLEAR,"DARKNESS, LIGHTED ROAD",OTHER OBJECT,DIVIDED - W/MEDIAN (NOT RAISED),DRY,INJURY AND / OR TOW DUE TO CRASH,,,"OVER $1,500",UNABLE TO DETERMINE,1,NONINCAPACITATING INJURY,3,0,41.9510834649,-87.7437412183,60641,"CHICAGO OHARE INTERNATIONAL AIRPORT, IL US",59.0,25.0,27.0,0.0,10.0,11.0
crash_02289,2019-02-17 22:52:00,2019,2,Feb,Sun,22,Night or early morning,30,NO CONTROLS,SNOW,"DARKNESS, LIGHTED ROAD",FIXED OBJECT,NOT DIVIDED,SNOW OR SLUSH,INJURY AND / OR TOW DUE TO CRASH,,true,"OVER $1,500",UNABLE TO DETERMINE,1,NO INDICATION OF INJURY,0,0,41.7815749707,-87.6474384115,60621,"CHICAGO MIDWAY AIRPORT, IL US",27.0,25.0,92.0,0.03,1.5,5.0
crash_02290,2018-06-07 16:40:00,2018,6,Jun,Thu,16,Evening commute,10,NO CONTROLS,CLEAR,DAYLIGHT,PARKED MOTOR VEHICLE,ALLEY,DRY,NO INJURY / DRIVE AWAY,,true,"OVER $1,500",UNABLE TO DETERMINE,2,NO INDICATION OF INJURY,0,0,41.7561422098,-87.6124754383,60619,"CHICAGO MIDWAY AIRPORT, IL US",79.0,58.0,49.0,0.0,10.0,10.0
crash_02291,2022-08-31 09:00:00,2022,8,Aug,Wed,9,Morning commute,30,TRAFFIC SIGNAL,CLEAR,DAYLIGHT,ANGLE,FOUR WAY,DRY,INJURY AND / OR TOW DUE TO CRASH,,true,"$501 - $1,500",DISREGARDING TRAFFIC SIGNALS,4,NONINCAPACITATING INJURY,2,0,41.7368035698,-87.6095310448,60619,"CHICAGO MIDWAY AIRPORT, IL US",73.0,55.0,53.0,,10.0,9.0
crash_02292,2024-05-30 14:35:00,2024,5,May,Thu,14,Daytime,30,NO CONTROLS,CLEAR,DAYLIGHT,REAR END,DIVIDED - W/MEDIAN (NOT RAISED),DRY,NO INJURY / DRIVE AWAY,,,"OVER $1,500",UNABLE TO DETERMINE,2,NO INDICATION OF INJURY,0,0,41.8385140021,-87.724541714,60623,"CHICAGO MIDWAY AIRPORT, IL US",70.0,33.0,26.0,0.0,10.0,9.0
crash_02293,2020-10-10 16:45:00,2020,10,Oct,Sat,16,Evening commute,30,NO CONTROLS,CLEAR,DAYLIGHT,SIDESWIPE SAME DIRECTION,NOT DIVIDED,DRY,NO INJURY / DRIVE AWAY,,true,"OVER $1,500",IMPROPER OVERTAKING/PASSING,2,NO INDICATION OF INJURY,0,0,41.8742807339,-87.7350967238,60624,"CHICAGO MIDWAY AIRPORT, IL US",64.0,45.0,50.0,0.0,10.0,16.0
crash_02294,2025-05-13 07:55:00,2025,5,May,Tue,7,Morning commute,30,NO CONTROLS,CLEAR,DAYLIGHT,PEDALCYCLIST,"FIVE POINT, OR MORE",DRY,NO INJURY / DRIVE AWAY,true,,$500 OR LESS,FAILING TO REDUCE SPEED TO AVOID CRASH,2,NO INDICATION OF INJURY,0,0,41.9316061124,-87.711795361,60647,"CHICAGO MIDWAY AIRPORT, IL US",67.0,60.0,79.0,0.0,10.0,7.0
crash_02295,2024-08-21 17:46:00,2024,8,Aug,Wed,17,Evening commute,10,NO CONTROLS,CLEAR,DAYLIGHT,PARKED MOTOR VEHICLE,PARKING LOT,UNKNOWN,NO INJURY / DRIVE AWAY,,,"$501 - $1,500",UNABLE TO DETERMINE,2,NO INDICATION OF INJURY,0,0,41.8170148456,-87.6196577485,60653,"CHICAGO MIDWAY AIRPORT, IL US",72.0,48.0,43.0,0.0,10.0,9.0
crash_02296,2023-05-06 08:55:00,2023,5,May,Sat,8,Morning commute,40,NO CONTROLS,CLEAR,DAYLIGHT,OTHER OBJECT,DIVIDED - W/MEDIAN BARRIER,WET,INJURY AND / OR TOW DUE TO CRASH,,,"OVER $1,500",UNABLE TO DETERMINE,1,NONINCAPACITATING INJURY,1,0,41.9505506361,-87.6445465724,60613,"CHICAGO MIDWAY AIRPORT, IL US",62.0,47.0,58.0,0.0,10.0,11.0
crash_02297,2024-12-17 16:45:00,2024,12,Dec,Tue,16,Evening commute,45,UNKNOWN,UNKNOWN,UNKNOWN,ANGLE,UNKNOWN INTERSECTION TYPE,UNKNOWN,NO INJURY / DRIVE AWAY,true,,"OVER $1,500",UNABLE TO DETERMINE,2,NO INDICATION OF INJURY,0,0,41.9055589329,-87.6246062702,60610,"CHICAGO MIDWAY AIRPORT, IL US",36.0,29.0,76.0,,10.0,7.0
crash_02298,2018-11-30 02:42:00,2018,11,Nov,Fri,2,Night or early morning,40,NO CONTROLS,CLEAR,"DARKNESS, LIGHTED ROAD",FIXED OBJECT,DIVIDED - W/MEDIAN (NOT RAISED),WET,INJURY AND / OR TOW DUE TO CRASH,,,"OVER $1,500",EXCEEDING SAFE SPEED FOR CONDITIONS,2,NONINCAPACITATING INJURY,1,0,41.9477552092,-87.6428770003,60657,"CHICAGO MIDWAY AIRPORT, IL US",34.0,30.0,85.0,0.0,5.0,6.0
crash_02299,2019-06-12 00:10:00,2019,6,Jun,Wed,0,Night or early morning,30,TRAFFIC SIGNAL,CLEAR,"DARKNESS, LIGHTED ROAD",REAR END,DIVIDED - W/MEDIAN (NOT RAISED),DRY,NO INJURY / DRIVE AWAY,,,"OVER $1,500",FAILING TO REDUCE SPEED TO AVOID CRASH,2,NO INDICATION OF INJURY,0,0,41.9906090098,-87.6897354809,60659,"CHICAGO OHARE INTERNATIONAL AIRPORT, IL US",68.0,43.0,40.0,0.0,10.0,9.0
crash_02300,2024-01-10 10:45:00,2024,1,Jan,Wed,10,Daytime,30,TRAFFIC SIGNAL,CLEAR,DAYLIGHT,TURNING,FOUR WAY,WET,NO INJURY / DRIVE AWAY,true,,$500 OR LESS,IMPROPER LANE USAGE,2,NO INDICATION OF INJURY,0,0,41.9107887997,-87.6641714518,60642,"CHICAGO MIDWAY AIRPORT, IL US",34.0,27.0,75.0,0.0,10.0,14.0
crash_02301,2020-03-28 14:00:00,2020,3,Mar,Sat,14,Daytime,30,NO CONTROLS,RAIN,DAYLIGHT,OTHER OBJECT,OTHER,WET,INJURY AND / OR TOW DUE TO CRASH,,,"OVER $1,500",EQUIPMENT - VEHICLE CONDITION,1,NO INDICATION OF INJURY,0,0,41.8760268475,-87.6825214513,60612,"CHICAGO MIDWAY AIRPORT, IL US",56.0,54.0,93.0,0.0,8.0,6.0
crash_02302,2022-02-19 20:37:00,2022,2,Feb,Sat,20,Night or early morning,45,NO CONTROLS,CLEAR,"DARKNESS, LIGHTED ROAD",PEDESTRIAN,DIVIDED - W/MEDIAN BARRIER,DRY,INJURY AND / OR TOW DUE TO CRASH,,,"$501 - $1,500",FAILING TO YIELD RIGHT-OF-WAY,2,NONINCAPACITATING INJURY,1,0,41.9001044374,-87.6194297894,60611,"CHICAGO MIDWAY AIRPORT, IL US",17.0,5.0,59.0,0.0,10.0,14.0
crash_02303,2018-03-23 17:15:00,2018,3,Mar,Fri,17,Evening commute,0,TRAFFIC SIGNAL,CLEAR,DAYLIGHT,SIDESWIPE SAME DIRECTION,ONE-WAY,DRY,NO INJURY / DRIVE AWAY,,,"OVER $1,500",UNABLE TO DETERMINE,2,NO INDICATION OF INJURY,0,0,41.8778792142,-87.6439271175,60661,"CHICAGO MIDWAY AIRPORT, IL US",39.0,23.0,53.0,0.0,10.0,14.0
crash_02304,2021-07-20 20:00:00,2021,7,Jul,Tue,20,Night or early morning,15,NO CONTROLS,CLEAR,"DARKNESS, LIGHTED ROAD",PARKED MOTOR VEHICLE,PARKING LOT,DRY,NO INJURY / DRIVE AWAY,,true,"$501 - $1,500",NOT APPLICABLE,2,NO INDICATION OF INJURY,0,0,41.9379714755,-87.7666235024,60634,"CHICAGO OHARE INTERNATIONAL AIRPORT, IL US",73.0,64.0,74.0,0.0,6.0,13.0
crash_02305,2023-08-10 14:01:00,2023,8,Aug,Thu,14,Daytime,30,NO CONTROLS,CLEAR,DAYLIGHT,REAR END,DIVIDED - W/MEDIAN (NOT RAISED),DRY,NO INJURY / DRIVE AWAY,,,"OVER $1,500",UNABLE TO DETERMINE,2,NO INDICATION OF INJURY,0,0,41.9378568932,-87.8142219924,60707,"CHICAGO OHARE INTERNATIONAL AIRPORT, IL US",83.0,64.0,53.0,0.0,10.0,10.0
crash_02306,2023-01-14 15:30:00,2023,1,Jan,Sat,15,Evening commute,30,NO CONTROLS,CLEAR,DAYLIGHT,SIDESWIPE SAME DIRECTION,NOT DIVIDED,DRY,NO INJURY / DRIVE AWAY,,true,"OVER $1,500",PHYSICAL CONDITION OF DRIVER,2,NO INDICATION OF INJURY,0,0,41.7454630516,-87.7219267448,60652,"CHICAGO MIDWAY AIRPORT, IL US",31.0,20.0,64.0,0.0,10.0,8.0
crash_02307,2022-05-03 13:25:00,2022,5,May,Tue,13,Daytime,30,STOP SIGN/FLASHER,RAIN,DAYLIGHT,REAR END,DIVIDED - W/MEDIAN (NOT RAISED),WET,INJURY AND / OR TOW DUE TO CRASH,true,,"OVER $1,500",WEATHER,2,NO INDICATION OF INJURY,0,0,41.8044474258,-87.6942428241,60632,"CHICAGO MIDWAY AIRPORT, IL US",49.0,45.0,86.0,,2.5,14.0
crash_02308,2020-05-20 22:45:00,2020,5,May,Wed,22,Night or early morning,15,NO CONTROLS,CLEAR,"DARKNESS, LIGHTED ROAD",PEDESTRIAN,ALLEY,DRY,INJURY AND / OR TOW DUE TO CRASH,,true,"$501 - $1,500",UNABLE TO DETERMINE,2,NONINCAPACITATING INJURY,1,0,41.7730533883,-87.6427768001,60621,"CHICAGO MIDWAY AIRPORT, IL US",59.0,48.0,67.0,0.0,10.0,14.0
crash_02309,2021-06-28 16:15:00,2021,6,Jun,Mon,16,Evening commute,30,NO CONTROLS,CLEAR,DAYLIGHT,REAR END,NOT DIVIDED,DRY,NO INJURY / DRIVE AWAY,,,"$501 - $1,500",NOT APPLICABLE,2,NO INDICATION OF INJURY,0,0,41.8683289398,-87.7058770694,60624,"CHICAGO MIDWAY AIRPORT, IL US",76.0,71.0,85.0,0.02,5.0,6.0
crash_02310,2023-11-30 19:55:00,2023,11,Nov,Thu,19,Night or early morning,30,NO CONTROLS,CLEAR,"DARKNESS, LIGHTED ROAD",PEDESTRIAN,ONE-WAY,DRY,INJURY AND / OR TOW DUE TO CRASH,,true,"OVER $1,500",UNABLE TO DETERMINE,2,INCAPACITATING INJURY,1,0,41.9190195387,-87.7549186312,60639,"CHICAGO MIDWAY AIRPORT, IL US",50.0,40.0,68.0,0.0,10.0,3.0
crash_02311,2024-11-14 10:00:00,2024,11,Nov,Thu,10,Daytime,30,NO CONTROLS,CLOUDY/OVERCAST,DAYLIGHT,TURNING,FOUR WAY,WET,NO INJURY / DRIVE AWAY,,,$500 OR LESS,UNABLE TO DETERMINE,2,NO INDICATION OF INJURY,0,0,41.8964117391,-87.6299177729,60654,"CHICAGO MIDWAY AIRPORT, IL US",53.0,49.0,86.0,0.0,9.0,9.0
crash_02312,2020-11-09 18:00:00,2020,11,Nov,Mon,18,Evening commute,30,NO CONTROLS,CLEAR,"DARKNESS, LIGHTED ROAD",SIDESWIPE SAME DIRECTION,DIVIDED - W/MEDIAN BARRIER,DRY,INJURY AND / OR TOW DUE TO CRASH,,true,"OVER $1,500","OPERATING VEHICLE IN ERRATIC, RECKLESS, CARELESS, NEGLIGENT OR AGGRESSIVE MANNER",2,INCAPACITATING INJURY,1,0,41.734648457,-87.6823385935,60620,"CHICAGO MIDWAY AIRPORT, IL US",72.0,56.0,57.0,0.0,10.0,7.0
crash_02313,2018-01-18 08:20:00,2018,1,Jan,Thu,8,Morning commute,30,TRAFFIC SIGNAL,CLEAR,DAYLIGHT,REAR END,NOT DIVIDED,DRY,NO INJURY / DRIVE AWAY,true,,"$501 - $1,500",FOLLOWING TOO CLOSELY,2,NO INDICATION OF INJURY,0,0,41.9088711271,-87.6753374249,60622,"CHICAGO MIDWAY AIRPORT, IL US",18.0,11.0,74.0,0.0,10.0,17.0
crash_02314,2019-03-04 12:20:00,2019,3,Mar,Mon,12,Daytime,20,NO CONTROLS,CLEAR,DAYLIGHT,SIDESWIPE OPPOSITE DIRECTION,NOT DIVIDED,DRY,INJURY AND / OR TOW DUE TO CRASH,,,"OVER $1,500",UNABLE TO DETERMINE,3,NO INDICATION OF INJURY,0,0,41.9326045657,-87.7369746356,60641,"CHICAGO OHARE INTERNATIONAL AIRPORT, IL US",7.0,-6.0,55.0,0.0,10.0,16.0
crash_02315,2023-07-14 11:30:00,2023,7,Jul,Fri,11,Daytime,40,NO CONTROLS,CLEAR,DAYLIGHT,SIDESWIPE SAME DIRECTION,DIVIDED - W/MEDIAN BARRIER,DRY,INJURY AND / OR TOW DUE TO CRASH,,,"OVER $1,500",FAILING TO REDUCE SPEED TO AVOID CRASH,2,"REPORTED, NOT EVIDENT",1,0,41.8926672756,-87.6143625489,60611,"CHICAGO MIDWAY AIRPORT, IL US",84.0,69.0,61.0,0.0,10.0,13.0
crash_02316,2021-07-26 19:00:00,2021,7,Jul,Mon,19,Night or early morning,25,NO CONTROLS,CLEAR,DAYLIGHT,FIXED OBJECT,NOT DIVIDED,DRY,NO INJURY / DRIVE AWAY,,,"OVER $1,500",NOT APPLICABLE,1,NO INDICATION OF INJURY,0,0,41.939682169,-87.662099011,60657,"CHICAGO MIDWAY AIRPORT, IL US",89.0,57.0,34.0,0.0,10.0,13.0
crash_02317,2018-04-12 09:40:00,2018,4,Apr,Thu,9,Morning commute,30,NO CONTROLS,CLEAR,DAYLIGHT,ANGLE,PARKING LOT,DRY,NO INJURY / DRIVE AWAY,,,"$501 - $1,500",IMPROPER OVERTAKING/PASSING,2,NO INDICATION OF INJURY,0,0,41.8037547907,-87.5903839454,60615,"CHICAGO MIDWAY AIRPORT, IL US",66.0,43.0,43.0,0.0,10.0,21.0
crash_02318,2024-07-05 05:40:00,2024,7,Jul,Fri,5,Night or early morning,30,NO CONTROLS,CLEAR,DAYLIGHT,FIXED OBJECT,DIVIDED - W/MEDIAN (NOT RAISED),DRY,INJURY AND / OR TOW DUE TO CRASH,,,"OVER $1,500",ANIMAL,1,NONINCAPACITATING INJURY,1,0,41.9250174295,-87.6699659924,60614,"CHICAGO MIDWAY AIRPORT, IL US",71.0,65.0,81.0,0.0,10.0,6.0
crash_02319,2021-09-05 13:30:00,2021,9,Sep,Sun,13,Daytime,20,NO CONTROLS,CLEAR,DAYLIGHT,PARKED MOTOR VEHICLE,NOT DIVIDED,DRY,NO INJURY / DRIVE AWAY,,,"$501 - $1,500",DISTRACTION - FROM OUTSIDE VEHICLE,2,NO INDICATION OF INJURY,0,0,41.8046409218,-87.7331390391,60632,"CHICAGO MIDWAY AIRPORT, IL US",82.0,46.0,28.0,0.0,10.0,15.0
crash_02320,2023-07-07 17:40:00,2023,7,Jul,Fri,17,Evening commute,30,NO CONTROLS,CLEAR,DAYLIGHT,REAR TO SIDE,PARKING LOT,UNKNOWN,NO INJURY / DRIVE AWAY,,,"$501 - $1,500",UNABLE TO DETERMINE,2,NO INDICATION OF INJURY,0,0,41.9382069651,-87.7860840701,60634,"CHICAGO OHARE INTERNATIONAL AIRPORT, IL US",77.0,61.0,58.0,0.0,10.0,7.0
crash_02321,2020-02-14 09:30:00,2020,2,Feb,Fri,9,Morning commute,20,NO CONTROLS,CLEAR,DAYLIGHT,ANGLE,T-INTERSECTION,DRY,NO INJURY / DRIVE AWAY,true,true,"OVER $1,500",UNABLE TO DETERMINE,2,NO INDICATION OF INJURY,0,0,41.7644424702,-87.5761361786,60649,"CHICAGO MIDWAY AIRPORT, IL US",5.0,-6.0,60.0,0.0,10.0,8.0
crash_02322,2021-02-07 14:55:00,2021,2,Feb,Sun,14,Daytime,10,NO CONTROLS,CLEAR,DAYLIGHT,PARKED MOTOR VEHICLE,PARKING LOT,UNKNOWN,NO INJURY / DRIVE AWAY,,true,"$501 - $1,500",UNABLE TO DETERMINE,2,NO INDICATION OF INJURY,0,0,41.9309662797,-87.7804523061,60639,"CHICAGO OHARE INTERNATIONAL AIRPORT, IL US",5.0,-12.0,45.0,0.0,10.0,6.0
crash_02323,2021-03-26 13:40:00,2021,3,Mar,Fri,13,Daytime,30,UNKNOWN,CLEAR,DAYLIGHT,SIDESWIPE SAME DIRECTION,UNKNOWN,DRY,NO INJURY / DRIVE AWAY,true,true,"OVER $1,500",UNABLE TO DETERMINE,2,NO INDICATION OF INJURY,0,0,41.8310865742,-87.6174605419,60653,"CHICAGO MIDWAY AIRPORT, IL US",41.0,33.0,73.0,0.0,10.0,6.0
crash_02324,2019-11-20 00:40:00,2019,11,Nov,Wed,0,Night or early morning,20,OTHER,CLEAR,DARKNESS,TRAIN,ONE-WAY,DRY,INJURY AND / OR TOW DUE TO CRASH,,,"OVER $1,500",UNABLE TO DETERMINE,2,NO INDICATION OF INJURY,0,0,41.7844679738,-87.7670107026,60638,"CHICAGO MIDWAY AIRPORT, IL US",40.0,36.0,86.0,0.0,4.0,3.0
crash_02325,2025-03-25 08:30:00,2025,3,Mar,Tue,8,Morning commute,30,NO CONTROLS,CLEAR,DAYLIGHT,FIXED OBJECT,OTHER,DRY,NO INJURY / DRIVE AWAY,,,"OVER $1,500",UNABLE TO DETERMINE,1,,,,41.918139381,-87.6439645014,60614,"CHICAGO MIDWAY AIRPORT, IL US",41.0,25.0,53.0,0.0,10.0,6.0
crash_02326,2018-03-25 05:33:00,2018,3,Mar,Sun,5,Night or early morning,30,NO CONTROLS,CLEAR,DAWN,FIXED OBJECT,NOT DIVIDED,DRY,INJURY AND / OR TOW DUE TO CRASH,,,"OVER $1,500",PHYSICAL CONDITION OF DRIVER,1,NONINCAPACITATING INJURY,1,0,41.7732856802,-87.6021845715,60637,"CHICAGO MIDWAY AIRPORT, IL US",29.0,13.0,51.0,0.0,10.0,15.0
crash_02327,2023-03-07 13:30:00,2023,3,Mar,Tue,13,Daytime,30,NO CONTROLS,CLEAR,DAYLIGHT,PARKED MOTOR VEHICLE,NOT DIVIDED,DRY,NO INJURY / DRIVE AWAY,,true,"OVER $1,500",UNABLE TO DETERMINE,2,NO INDICATION OF INJURY,0,0,41.8766022337,-87.7507770719,60644,"CHICAGO MIDWAY AIRPORT, IL US",43.0,20.0,40.0,0.0,10.0,14.0
crash_02328,2023-03-30 11:02:00,2023,3,Mar,Thu,11,Daytime,30,TRAFFIC SIGNAL,CLEAR,DAYLIGHT,TURNING,FOUR WAY,DRY,NO INJURY / DRIVE AWAY,true,,"OVER $1,500",IMPROPER LANE USAGE,2,NO INDICATION OF INJURY,0,0,41.8173988173,-87.7432772846,60632,"CHICAGO MIDWAY AIRPORT, IL US",38.0,9.0,30.0,0.0,10.0,8.0
crash_02329,2024-09-23 11:50:00,2024,9,Sep,Mon,11,Daytime,30,UNKNOWN,UNKNOWN,UNKNOWN,PEDESTRIAN,NOT DIVIDED,UNKNOWN,NO INJURY / DRIVE AWAY,,,"OVER $1,500",UNABLE TO DETERMINE,2,NO INDICATION OF INJURY,0,0,41.9687536802,-87.686683115,60625,"CHICAGO OHARE INTERNATIONAL AIRPORT, IL US",66.0,51.0,59.0,0.0,10.0,9.0
crash_02330,2022-06-12 01:50:00,2022,6,Jun,Sun,1,Night or early morning,30,TRAFFIC SIGNAL,CLEAR,"DARKNESS, LIGHTED ROAD",SIDESWIPE SAME DIRECTION,NOT DIVIDED,DRY,INJURY AND / OR TOW DUE TO CRASH,true,,"$501 - $1,500",FOLLOWING TOO CLOSELY,2,NO INDICATION OF INJURY,0,0,41.7515754384,-87.5884801235,60619,"CHICAGO MIDWAY AIRPORT, IL US",68.0,62.0,81.0,0.0,10.0,3.0