crash_id,crash_datetime,crash_year,crash_month,crash_month_name,crash_weekday_name,crash_hour,time_period,posted_speed_limit_mph,traffic_control_device,reported_weather_condition,reported_lighting_condition,first_crash_type,trafficway_type,reported_road_surface_condition,crash_type,intersection_related,hit_and_run,estimated_damage,primary_contributory_cause,unit_count,most_severe_injury,injuries_total,injuries_fatal,latitude,longitude,zip5,weather_station_name,temperature_f,dew_point_f,relative_humidity_percent,precipitation_inches,visibility_miles,wind_speed_mph
crash_02331,2025-12-16 10:20:00,2025,12,Dec,Tue,10,Daytime,30,NO CONTROLS,UNKNOWN,DAYLIGHT,TURNING,T-INTERSECTION,UNKNOWN,NO INJURY / DRIVE AWAY,true,,"OVER $1,500",FAILING TO REDUCE SPEED TO AVOID CRASH,2,NO INDICATION OF INJURY,0,0,41.9167003385,-87.6948675396,60647,,,,,,,
crash_02332,2018-01-13 15:00:00,2018,1,Jan,Sat,15,Evening commute,40,NO CONTROLS,CLEAR,DAYLIGHT,FIXED OBJECT,DIVIDED - W/MEDIAN BARRIER,UNKNOWN,INJURY AND / OR TOW DUE TO CRASH,,,"OVER $1,500",UNABLE TO DETERMINE,1,FATAL,1,1,41.9405320345,-87.6387078736,60657,"CHICAGO MIDWAY AIRPORT, IL US",17.0,-6.0,35.0,0.0,10.0,8.0
crash_02333,2021-07-24 17:30:00,2021,7,Jul,Sat,17,Evening commute,30,NO CONTROLS,RAIN,DAYLIGHT,REAR END,DIVIDED - W/MEDIAN (NOT RAISED),WET,NO INJURY / DRIVE AWAY,,,"$501 - $1,500",FOLLOWING TOO CLOSELY,2,NO INDICATION OF INJURY,0,0,41.7716660969,-87.7103568098,60629,"CHICAGO MIDWAY AIRPORT, IL US",76.0,69.0,79.0,0.83,3.0,5.0
crash_02334,2021-04-22 20:35:00,2021,4,Apr,Thu,20,Night or early morning,30,TRAFFIC SIGNAL,CLEAR,"DARKNESS, LIGHTED ROAD",TURNING,NOT DIVIDED,DRY,NO INJURY / DRIVE AWAY,,,"OVER $1,500",UNABLE TO DETERMINE,2,NO INDICATION OF INJURY,0,0,41.663173271,-87.6367630788,60628,"CHICAGO MIDWAY AIRPORT, IL US",54.0,22.0,29.0,0.0,10.0,7.0
crash_02335,2025-12-29 03:00:00,2025,12,Dec,Mon,3,Night or early morning,25,NO CONTROLS,SNOW,"DARKNESS, LIGHTED ROAD",REAR END,ONE-WAY,ICE,NO INJURY / DRIVE AWAY,,,"$501 - $1,500",FOLLOWING TOO CLOSELY,2,NO INDICATION OF INJURY,0,0,42.0158750778,-87.6792172452,60626,,,,,,,
crash_02336,2021-04-29 18:45:00,2021,4,Apr,Thu,18,Evening commute,30,NO CONTROLS,CLEAR,DAYLIGHT,SIDESWIPE SAME DIRECTION,ONE-WAY,DRY,NO INJURY / DRIVE AWAY,,,"OVER $1,500",UNABLE TO DETERMINE,2,NO INDICATION OF INJURY,0,0,41.7567696469,-87.6455581573,60620,"CHICAGO MIDWAY AIRPORT, IL US",61.0,47.0,60.0,0.0,10.0,6.0
crash_02337,2025-05-18 14:30:00,2025,5,May,Sun,14,Daytime,10,NO CONTROLS,CLEAR,DAYLIGHT,SIDESWIPE SAME DIRECTION,PARKING LOT,DRY,NO INJURY / DRIVE AWAY,,,$500 OR LESS,FAILING TO YIELD RIGHT-OF-WAY,2,NO INDICATION OF INJURY,0,0,41.990729218,-87.6829794536,60659,"CHICAGO OHARE INTERNATIONAL AIRPORT, IL US",63.0,47.0,56.0,0.0,10.0,10.0
crash_02338,2022-03-25 16:22:00,2022,3,Mar,Fri,16,Evening commute,30,NO CONTROLS,CLEAR,DAYLIGHT,SIDESWIPE SAME DIRECTION,ONE-WAY,DRY,INJURY AND / OR TOW DUE TO CRASH,,,"OVER $1,500",IMPROPER LANE USAGE,2,NO INDICATION OF INJURY,0,0,41.891578104,-87.6269545266,60611,"CHICAGO MIDWAY AIRPORT, IL US",49.0,29.0,46.0,0.0,10.0,23.0
crash_02339,2023-08-23 08:10:00,2023,8,Aug,Wed,8,Morning commute,30,TRAFFIC SIGNAL,CLEAR,DAYLIGHT,PEDALCYCLIST,FOUR WAY,DRY,INJURY AND / OR TOW DUE TO CRASH,true,,$500 OR LESS,"VISION OBSCURED (SIGNS, TREE LIMBS, BUILDINGS, ETC.)",2,NONINCAPACITATING INJURY,1,0,41.9175988369,-87.6972537453,60647,"CHICAGO MIDWAY AIRPORT, IL US",80.0,75.0,85.0,0.0,5.0,8.0
crash_02340,2020-11-30 08:10:00,2020,11,Nov,Mon,8,Morning commute,30,NO CONTROLS,CLEAR,DAYLIGHT,REAR END,ONE-WAY,DRY,NO INJURY / DRIVE AWAY,,true,$500 OR LESS,UNABLE TO DETERMINE,3,NO INDICATION OF INJURY,0,0,41.8555135866,-87.7127104129,60623,"CHICAGO MIDWAY AIRPORT, IL US",33.0,19.0,56.0,0.0,10.0,23.0
crash_02341,2018-08-19 13:00:00,2018,8,Aug,Sun,13,Daytime,35,NO CONTROLS,CLEAR,DAYLIGHT,REAR END,DIVIDED - W/MEDIAN BARRIER,DRY,INJURY AND / OR TOW DUE TO CRASH,,,"OVER $1,500",FOLLOWING TOO CLOSELY,3,"REPORTED, NOT EVIDENT",2,0,41.7943920855,-87.6193626225,60637,"CHICAGO MIDWAY AIRPORT, IL US",82.0,67.0,60.0,0.0,10.0,8.0
crash_02342,2022-01-14 07:10:00,2022,1,Jan,Fri,7,Morning commute,30,NO CONTROLS,OTHER,"DARKNESS, LIGHTED ROAD",PARKED MOTOR VEHICLE,ONE-WAY,WET,NO INJURY / DRIVE AWAY,,true,"OVER $1,500",UNABLE TO DETERMINE,2,NO INDICATION OF INJURY,0,0,41.8917172888,-87.7577846513,60644,"CHICAGO MIDWAY AIRPORT, IL US",35.0,26.0,70.0,0.0,10.0,17.0
crash_02343,2024-11-25 11:55:00,2024,11,Nov,Mon,11,Daytime,30,STOP SIGN/FLASHER,CLEAR,DAYLIGHT,ANGLE,T-INTERSECTION,DRY,NO INJURY / DRIVE AWAY,true,,"OVER $1,500",FAILING TO YIELD RIGHT-OF-WAY,2,NO INDICATION OF INJURY,0,0,41.6999682553,-87.6149349405,60628,"CHICAGO MIDWAY AIRPORT, IL US",53.0,45.0,74.0,0.0,10.0,14.0
crash_02344,2018-07-18 05:30:00,2018,7,Jul,Wed,5,Night or early morning,30,TRAFFIC SIGNAL,CLEAR,DAYLIGHT,ANGLE,NOT DIVIDED,DRY,NO INJURY / DRIVE AWAY,true,,"OVER $1,500",DISREGARDING TRAFFIC SIGNALS,2,NO INDICATION OF INJURY,0,0,41.9247124142,-87.7170573515,60647,"CHICAGO MIDWAY AIRPORT, IL US",67.0,58.0,73.0,0.0,10.0,6.0
crash_02345,2024-03-09 19:52:00,2024,3,Mar,Sat,19,Night or early morning,30,STOP SIGN/FLASHER,CLEAR,"DARKNESS, LIGHTED ROAD",REAR END,NOT DIVIDED,DRY,NO INJURY / DRIVE AWAY,true,,"OVER $1,500",FOLLOWING TOO CLOSELY,2,NO INDICATION OF INJURY,0,0,41.8727169826,-87.7644353759,60644,"CHICAGO MIDWAY AIRPORT, IL US",37.0,18.0,46.0,0.0,10.0,11.0
crash_02346,2022-12-22 17:15:00,2022,12,Dec,Thu,17,Evening commute,30,STOP SIGN/FLASHER,SNOW,"DARKNESS, LIGHTED ROAD",SIDESWIPE OPPOSITE DIRECTION,NOT DIVIDED,SNOW OR SLUSH,NO INJURY / DRIVE AWAY,true,,"$501 - $1,500",WEATHER,2,NO INDICATION OF INJURY,0,0,41.8877699463,-87.7358098307,60624,"CHICAGO MIDWAY AIRPORT, IL US",7.0,2.0,80.0,0.0,0.5,16.0
crash_02347,2021-09-24 15:50:00,2021,9,Sep,Fri,15,Evening commute,30,TRAFFIC SIGNAL,CLEAR,DAYLIGHT,TURNING,CENTER TURN LANE,DRY,NO INJURY / DRIVE AWAY,true,true,"OVER $1,500",DISREGARDING OTHER TRAFFIC SIGNS,2,NO INDICATION OF INJURY,0,0,41.7435618073,-87.6244758005,60620,"CHICAGO MIDWAY AIRPORT, IL US",78.0,43.0,29.0,0.0,10.0,17.0
crash_02348,2021-10-28 17:05:00,2021,10,Oct,Thu,17,Evening commute,30,NO CONTROLS,CLEAR,DAYLIGHT,REAR END,NOT DIVIDED,WET,NO INJURY / DRIVE AWAY,,,"$501 - $1,500",NOT APPLICABLE,2,NO INDICATION OF INJURY,0,0,41.7647063376,-87.6894241359,60629,"CHICAGO MIDWAY AIRPORT, IL US",55.0,50.0,83.0,0.01,2.5,13.0
crash_02349,2021-04-07 11:50:00,2021,4,Apr,Wed,11,Daytime,30,NO CONTROLS,CLEAR,DAYLIGHT,SIDESWIPE SAME DIRECTION,NOT DIVIDED,DRY,INJURY AND / OR TOW DUE TO CRASH,,,"OVER $1,500",FAILING TO REDUCE SPEED TO AVOID CRASH,2,NONINCAPACITATING INJURY,1,0,41.8442522841,-87.7324390269,60623,"CHICAGO MIDWAY AIRPORT, IL US",77.0,53.0,43.0,0.0,10.0,13.0
crash_02350,2018-05-16 09:00:00,2018,5,May,Wed,9,Morning commute,30,NO CONTROLS,CLEAR,DAYLIGHT,SIDESWIPE SAME DIRECTION,DIVIDED - W/MEDIAN (NOT RAISED),DRY,NO INJURY / DRIVE AWAY,,true,$500 OR LESS,UNABLE TO DETERMINE,2,NO INDICATION OF INJURY,0,0,41.8065089728,-87.6845150775,60632,"CHICAGO MIDWAY AIRPORT, IL US",66.0,51.0,59.0,0.0,10.0,6.0
crash_02351,2018-10-10 13:20:00,2018,10,Oct,Wed,13,Daytime,30,NO CONTROLS,CLEAR,DAYLIGHT,REAR END,PARKING LOT,DRY,NO INJURY / DRIVE AWAY,,,"$501 - $1,500",FOLLOWING TOO CLOSELY,2,NO INDICATION OF INJURY,0,0,41.6785849424,-87.6808892736,60655,"CHICAGO MIDWAY AIRPORT, IL US",72.0,68.0,87.0,0.06,2.5,14.0
crash_02352,2023-05-03 18:00:00,2023,5,May,Wed,18,Evening commute,35,NO CONTROLS,CLEAR,DAYLIGHT,SIDESWIPE SAME DIRECTION,NOT DIVIDED,DRY,NO INJURY / DRIVE AWAY,,,$500 OR LESS,IMPROPER OVERTAKING/PASSING,2,NO INDICATION OF INJURY,0,0,41.8898733298,-87.6387430532,60654,"CHICAGO MIDWAY AIRPORT, IL US",52.0,38.0,59.0,0.0,10.0,7.0
crash_02353,2020-01-29 09:30:00,2020,1,Jan,Wed,9,Morning commute,30,NO CONTROLS,CLEAR,DAYLIGHT,REAR END,NOT DIVIDED,DRY,NO INJURY / DRIVE AWAY,,,"$501 - $1,500",FOLLOWING TOO CLOSELY,2,NO INDICATION OF INJURY,0,0,41.95665862,-87.7868494054,60634,"CHICAGO OHARE INTERNATIONAL AIRPORT, IL US",31.0,24.0,76.0,0.0,10.0,3.0
crash_02354,2019-11-13 08:15:00,2019,11,Nov,Wed,8,Morning commute,30,TRAFFIC SIGNAL,CLOUDY/OVERCAST,DAYLIGHT,TURNING,FOUR WAY,DRY,INJURY AND / OR TOW DUE TO CRASH,true,,"OVER $1,500",UNABLE TO DETERMINE,2,NO INDICATION OF INJURY,0,0,41.6984396508,-87.7204864951,60655,"CHICAGO MIDWAY AIRPORT, IL US",15.0,2.0,56.0,0.0,10.0,15.0
crash_02355,2019-02-15 20:18:00,2019,2,Feb,Fri,20,Night or early morning,30,TRAFFIC SIGNAL,CLEAR,"DARKNESS, LIGHTED ROAD",REAR END,DIVIDED - W/MEDIAN (NOT RAISED),DRY,NO INJURY / DRIVE AWAY,,,"OVER $1,500",FOLLOWING TOO CLOSELY,2,NO INDICATION OF INJURY,0,0,41.9521720912,-87.8357903326,60634,"CHICAGO OHARE INTERNATIONAL AIRPORT, IL US",14.0,7.0,73.0,0.0,10.0,8.0
crash_02356,2025-11-18 18:00:00,2025,11,Nov,Tue,18,Evening commute,30,NO CONTROLS,OTHER,"DARKNESS, LIGHTED ROAD",ANGLE,NOT DIVIDED,WET,INJURY AND / OR TOW DUE TO CRASH,,,"OVER $1,500",UNABLE TO DETERMINE,3,NO INDICATION OF INJURY,0,0,41.9972446923,-87.7875848099,60646,,,,,,,
crash_02357,2022-02-19 10:00:00,2022,2,Feb,Sat,10,Daytime,30,STOP SIGN/FLASHER,UNKNOWN,DAYLIGHT,REAR END,DIVIDED - W/MEDIAN (NOT RAISED),UNKNOWN,NO INJURY / DRIVE AWAY,,,"OVER $1,500",UNABLE TO DETERMINE,2,NO INDICATION OF INJURY,0,0,41.9112230612,-87.7262267834,60647,"CHICAGO MIDWAY AIRPORT, IL US",14.0,-2.0,49.0,0.0,10.0,14.0
crash_02358,2022-06-25 18:30:00,2022,6,Jun,Sat,18,Evening commute,30,STOP SIGN/FLASHER,CLEAR,DAYLIGHT,ANGLE,NOT DIVIDED,DRY,NO INJURY / DRIVE AWAY,,true,"$501 - $1,500",FAILING TO YIELD RIGHT-OF-WAY,2,NO INDICATION OF INJURY,0,0,41.8522451856,-87.6784178884,60608,"CHICAGO MIDWAY AIRPORT, IL US",80.0,63.0,56.0,0.0,10.0,9.0
crash_02359,2021-01-12 20:05:00,2021,1,Jan,Tue,20,Night or early morning,25,TRAFFIC SIGNAL,CLEAR,"DARKNESS, LIGHTED ROAD",ANGLE,FOUR WAY,DRY,INJURY AND / OR TOW DUE TO CRASH,,,"OVER $1,500",FAILING TO YIELD RIGHT-OF-WAY,2,NONINCAPACITATING INJURY,1,0,41.7358246069,-87.6533976493,60620,"CHICAGO MIDWAY AIRPORT, IL US",31.0,26.0,82.0,0.0,9.0,7.0
crash_02360,2024-03-20 19:45:00,2024,3,Mar,Wed,19,Night or early morning,30,NO CONTROLS,CLEAR,"DARKNESS, LIGHTED ROAD",TURNING,ONE-WAY,DRY,NO INJURY / DRIVE AWAY,,,"$501 - $1,500",IMPROPER BACKING,2,NO INDICATION OF INJURY,0,0,41.8827467222,-87.7667419935,60644,"CHICAGO MIDWAY AIRPORT, IL US",33.0,16.0,49.0,0.0,10.0,10.0
crash_02361,2024-06-29 07:00:00,2024,6,Jun,Sat,7,Morning commute,20,NO CONTROLS,CLEAR,DAYLIGHT,REAR END,DIVIDED - W/MEDIAN BARRIER,WET,INJURY AND / OR TOW DUE TO CRASH,,,"OVER $1,500",FAILING TO REDUCE SPEED TO AVOID CRASH,2,NONINCAPACITATING INJURY,1,0,41.9009589191,-87.6199281737,60611,"CHICAGO MIDWAY AIRPORT, IL US",77.0,73.0,88.0,0.0,10.0,9.0
crash_02362,2020-09-03 17:00:00,2020,9,Sep,Thu,17,Evening commute,30,TRAFFIC SIGNAL,CLEAR,DAYLIGHT,SIDESWIPE SAME DIRECTION,NOT DIVIDED,DRY,NO INJURY / DRIVE AWAY,true,false,"$501 - $1,500",FAILING TO YIELD RIGHT-OF-WAY,2,NO INDICATION OF INJURY,0,0,41.8077734065,-87.723646197,60632,"CHICAGO MIDWAY AIRPORT, IL US",83.0,32.0,16.0,0.0,10.0,25.0
crash_02363,2025-12-11 01:20:00,2025,12,Dec,Thu,1,Night or early morning,30,NO CONTROLS,CLEAR,"DARKNESS, LIGHTED ROAD",TURNING,NOT DIVIDED,DRY,NO INJURY / DRIVE AWAY,,,"OVER $1,500",IMPROPER TURNING/NO SIGNAL,2,NO INDICATION OF INJURY,0,0,41.9977894111,-87.6927264291,60645,,,,,,,
crash_02364,2023-12-13 20:39:00,2023,12,Dec,Wed,20,Night or early morning,30,STOP SIGN/FLASHER,CLEAR,DARKNESS,HEAD ON,NOT DIVIDED,DRY,NO INJURY / DRIVE AWAY,,true,"OVER $1,500",UNABLE TO DETERMINE,2,NO INDICATION OF INJURY,0,0,41.7996465449,-87.5856589034,60615,"CHICAGO MIDWAY AIRPORT, IL US",34.0,17.0,50.0,0.0,10.0,6.0
crash_02365,2021-09-25 07:52:00,2021,9,Sep,Sat,7,Morning commute,30,NO CONTROLS,CLEAR,DAYLIGHT,REAR END,FOUR WAY,DRY,NO INJURY / DRIVE AWAY,,true,"OVER $1,500",NOT APPLICABLE,3,NO INDICATION OF INJURY,0,0,41.7434995594,-87.7113122908,60652,"CHICAGO MIDWAY AIRPORT, IL US",53.0,47.0,80.0,0.0,10.0,7.0
crash_02366,2022-09-16 22:00:00,2022,9,Sep,Fri,22,Night or early morning,30,NO CONTROLS,CLEAR,"DARKNESS, LIGHTED ROAD",PARKED MOTOR VEHICLE,NOT DIVIDED,DRY,NO INJURY / DRIVE AWAY,,true,"OVER $1,500",UNABLE TO DETERMINE,2,NO INDICATION OF INJURY,0,0,41.9212536819,-87.6960807249,60647,"CHICAGO MIDWAY AIRPORT, IL US",78.0,59.0,52.0,0.0,10.0,9.0
crash_02367,2019-05-19 18:29:00,2019,5,May,Sun,18,Evening commute,30,TRAFFIC SIGNAL,CLEAR,DAYLIGHT,ANGLE,FOUR WAY,DRY,INJURY AND / OR TOW DUE TO CRASH,true,true,"OVER $1,500",FAILING TO YIELD RIGHT-OF-WAY,2,NONINCAPACITATING INJURY,2,0,41.7514606032,-87.585971993,60619,"CHICAGO MIDWAY AIRPORT, IL US",69.0,56.0,63.0,0.0,10.0,15.0
crash_02368,2018-08-27 09:30:00,2018,8,Aug,Mon,9,Morning commute,30,TRAFFIC SIGNAL,CLEAR,DAYLIGHT,REAR END,NOT DIVIDED,DRY,NO INJURY / DRIVE AWAY,,,"$501 - $1,500",UNABLE TO DETERMINE,2,NO INDICATION OF INJURY,0,0,41.9175546864,-87.6375165586,60614,"CHICAGO MIDWAY AIRPORT, IL US",84.0,72.0,67.0,0.0,10.0,15.0
crash_02369,2023-01-03 23:52:00,2023,1,Jan,Tue,23,Night or early morning,30,NO CONTROLS,RAIN,"DARKNESS, LIGHTED ROAD",PARKED MOTOR VEHICLE,ONE-WAY,WET,NO INJURY / DRIVE AWAY,,true,"OVER $1,500",UNABLE TO DETERMINE,2,NO INDICATION OF INJURY,0,0,41.8252865955,-87.6763837151,60609,"CHICAGO MIDWAY AIRPORT, IL US",46.0,40.0,79.0,0.0,7.0,8.0
crash_02370,2020-08-25 20:12:00,2020,8,Aug,Tue,20,Night or early morning,30,TRAFFIC SIGNAL,CLEAR,DARKNESS,ANGLE,FOUR WAY,DRY,NO INJURY / DRIVE AWAY,true,,"$501 - $1,500",DISREGARDING TRAFFIC SIGNALS,2,NO INDICATION OF INJURY,0,0,41.7723007591,-87.6640858699,60636,"CHICAGO MIDWAY AIRPORT, IL US",86.0,66.0,51.0,0.0,10.0,5.0
crash_02371,2018-10-01 16:05:00,2018,10,Oct,Mon,16,Evening commute,15,NO CONTROLS,CLEAR,DAYLIGHT,OTHER OBJECT,ALLEY,DRY,NO INJURY / DRIVE AWAY,false,,$500 OR LESS,NOT APPLICABLE,1,NO INDICATION OF INJURY,0,0,41.8049713914,-87.6735318528,60609,"CHICAGO MIDWAY AIRPORT, IL US",71.0,60.0,68.0,0.0,9.0,8.0
crash_02372,2023-09-22 15:00:00,2023,9,Sep,Fri,15,Evening commute,25,NO CONTROLS,CLEAR,DAYLIGHT,PARKED MOTOR VEHICLE,NOT DIVIDED,DRY,NO INJURY / DRIVE AWAY,,true,"OVER $1,500",UNABLE TO DETERMINE,2,NO INDICATION OF INJURY,0,0,41.7896021988,-87.6062666983,60637,"CHICAGO MIDWAY AIRPORT, IL US",78.0,60.0,54.0,0.0,10.0,10.0
crash_02373,2020-04-23 19:29:00,2020,4,Apr,Thu,19,Night or early morning,25,NO CONTROLS,CLEAR,DAYLIGHT,ANGLE,NOT DIVIDED,DRY,INJURY AND / OR TOW DUE TO CRASH,,true,"OVER $1,500",UNABLE TO DETERMINE,2,NO INDICATION OF INJURY,0,0,41.9189702455,-87.7371821613,60639,"CHICAGO MIDWAY AIRPORT, IL US",46.0,42.0,86.0,0.0,4.0,9.0
crash_02374,2025-08-18 00:32:00,2025,8,Aug,Mon,0,Night or early morning,30,TRAFFIC SIGNAL,CLEAR,"DARKNESS, LIGHTED ROAD",PEDESTRIAN,DIVIDED - W/MEDIAN (NOT RAISED),DRY,INJURY AND / OR TOW DUE TO CRASH,,true,"OVER $1,500",FOLLOWING TOO CLOSELY,2,NONINCAPACITATING INJURY,2,0,41.8955233638,-87.721132686,60651,"CHICAGO MIDWAY AIRPORT, IL US",75.0,68.0,79.0,0.0,10.0,5.0
crash_02375,2024-08-28 09:30:00,2024,8,Aug,Wed,9,Morning commute,50,NO CONTROLS,CLEAR,DAYLIGHT,SIDESWIPE SAME DIRECTION,DIVIDED - W/MEDIAN BARRIER,DRY,INJURY AND / OR TOW DUE TO CRASH,,,"OVER $1,500",IMPROPER TURNING/NO SIGNAL,2,NO INDICATION OF INJURY,0,0,41.9796685904,-87.8792690639,60666,"CHICAGO OHARE INTERNATIONAL AIRPORT, IL US",76.0,68.0,77.0,0.0,10.0,10.0
crash_02376,2020-06-18 14:00:00,2020,6,Jun,Thu,14,Daytime,30,NO CONTROLS,CLEAR,DAYLIGHT,TURNING,NOT DIVIDED,DRY,NO INJURY / DRIVE AWAY,true,,"$501 - $1,500",IMPROPER OVERTAKING/PASSING,2,NO INDICATION OF INJURY,0,0,42.0123068031,-87.8150140267,60631,"CHICAGO OHARE INTERNATIONAL AIRPORT, IL US",87.0,51.0,29.0,0.0,10.0,13.0
crash_02377,2019-07-06 11:05:00,2019,7,Jul,Sat,11,Daytime,20,NO CONTROLS,CLEAR,DAYLIGHT,REAR TO SIDE,NOT DIVIDED,DRY,NO INJURY / DRIVE AWAY,,,"OVER $1,500",UNABLE TO DETERMINE,2,NO INDICATION OF INJURY,0,0,41.9656492042,-87.6409086919,60640,"CHICAGO MIDWAY AIRPORT, IL US",85.0,72.0,65.0,0.0,10.0,6.0
crash_02378,2022-10-12 16:18:00,2022,10,Oct,Wed,16,Evening commute,30,UNKNOWN,CLEAR,UNKNOWN,SIDESWIPE SAME DIRECTION,UNKNOWN,UNKNOWN,NO INJURY / DRIVE AWAY,,,"OVER $1,500",UNABLE TO DETERMINE,2,NO INDICATION OF INJURY,0,0,41.8935528633,-87.6243678187,60611,"CHICAGO MIDWAY AIRPORT, IL US",59.0,49.0,69.0,,10.0,10.0
crash_02379,2018-05-06 20:05:00,2018,5,May,Sun,20,Night or early morning,30,STOP SIGN/FLASHER,CLEAR,DUSK,ANGLE,NOT DIVIDED,DRY,INJURY AND / OR TOW DUE TO CRASH,true,,"OVER $1,500",DISREGARDING YIELD SIGN,2,NO INDICATION OF INJURY,0,0,41.9703323797,-87.7134459673,60625,"CHICAGO OHARE INTERNATIONAL AIRPORT, IL US",55.0,40.0,57.0,0.0,10.0,17.0
crash_02380,2023-08-21 13:45:00,2023,8,Aug,Mon,13,Daytime,30,UNKNOWN,UNKNOWN,UNKNOWN,PARKED MOTOR VEHICLE,UNKNOWN,UNKNOWN,NO INJURY / DRIVE AWAY,,true,$500 OR LESS,UNABLE TO DETERMINE,2,NO INDICATION OF INJURY,0,0,42.022247905,-87.6752749682,60626,"CHICAGO OHARE INTERNATIONAL AIRPORT, IL US",81.0,66.0,61.0,0.0,10.0,13.0
crash_02381,2023-04-10 12:00:00,2023,4,Apr,Mon,12,Daytime,10,NO CONTROLS,UNKNOWN,UNKNOWN,PARKED MOTOR VEHICLE,PARKING LOT,DRY,NO INJURY / DRIVE AWAY,,true,"OVER $1,500",UNABLE TO DETERMINE,2,NO INDICATION OF INJURY,0,0,41.8742961615,-87.6676128105,60612,"CHICAGO MIDWAY AIRPORT, IL US",65.0,31.0,28.0,0.0,10.0,8.0
crash_02382,2022-09-04 00:45:00,2022,9,Sep,Sun,0,Night or early morning,30,NO CONTROLS,CLEAR,"DARKNESS, LIGHTED ROAD",PARKED MOTOR VEHICLE,ONE-WAY,DRY,NO INJURY / DRIVE AWAY,,,"OVER $1,500",IMPROPER BACKING,2,NO INDICATION OF INJURY,0,0,41.7890432281,-87.6573200536,60636,"CHICAGO MIDWAY AIRPORT, IL US",73.0,64.0,74.0,,10.0,10.0
crash_02383,2019-09-07 14:15:00,2019,9,Sep,Sat,14,Daytime,30,NO CONTROLS,CLEAR,DAYLIGHT,REAR TO SIDE,PARKING LOT,DRY,NO INJURY / DRIVE AWAY,,,"$501 - $1,500",IMPROPER BACKING,2,NO INDICATION OF INJURY,0,0,41.9312255486,-87.7776346863,60634,"CHICAGO OHARE INTERNATIONAL AIRPORT, IL US",76.0,57.0,52.0,0.0,10.0,10.0
crash_02384,2019-02-04 22:30:00,2019,2,Feb,Mon,22,Night or early morning,30,NO CONTROLS,CLEAR,DARKNESS,SIDESWIPE SAME DIRECTION,NOT DIVIDED,WET,NO INJURY / DRIVE AWAY,,true,"OVER $1,500",UNABLE TO DETERMINE,2,NO INDICATION OF INJURY,0,0,41.7857757496,-87.7279096386,60629,"CHICAGO MIDWAY AIRPORT, IL US",32.0,28.0,85.0,0.0,10.0,11.0
crash_02385,2018-08-25 01:00:00,2018,8,Aug,Sat,1,Night or early morning,30,NO CONTROLS,RAIN,"DARKNESS, LIGHTED ROAD",PARKED MOTOR VEHICLE,ONE-WAY,WET,NO INJURY / DRIVE AWAY,,true,"$501 - $1,500",IMPROPER BACKING,2,NO INDICATION OF INJURY,0,0,41.9368394043,-87.7395727202,60641,"CHICAGO OHARE INTERNATIONAL AIRPORT, IL US",66.0,64.0,93.0,,4.0,14.0
crash_02386,2022-09-30 15:30:00,2022,9,Sep,Fri,15,Evening commute,30,STOP SIGN/FLASHER,CLEAR,DAYLIGHT,ANGLE,NOT DIVIDED,DRY,NO INJURY / DRIVE AWAY,true,true,"OVER $1,500",UNABLE TO DETERMINE,2,NO INDICATION OF INJURY,0,0,41.8679107454,-87.7278285491,60624,"CHICAGO MIDWAY AIRPORT, IL US",66.0,44.0,45.0,,10.0,11.0
crash_02387,2021-11-13 03:15:00,2021,11,Nov,Sat,3,Night or early morning,30,TRAFFIC SIGNAL,RAIN,"DARKNESS, LIGHTED ROAD",REAR END,NOT DIVIDED,WET,NO INJURY / DRIVE AWAY,true,,"OVER $1,500",FAILING TO REDUCE SPEED TO AVOID CRASH,2,NO INDICATION OF INJURY,0,0,41.7075462657,-87.606397254,60628,"CHICAGO MIDWAY AIRPORT, IL US",39.0,32.0,76.0,,10.0,14.0
crash_02388,2024-05-06 15:50:00,2024,5,May,Mon,15,Evening commute,30,NO CONTROLS,CLEAR,DAYLIGHT,SIDESWIPE OPPOSITE DIRECTION,UNKNOWN,DRY,NO INJURY / DRIVE AWAY,,true,"OVER $1,500",UNABLE TO DETERMINE,2,NO INDICATION OF INJURY,0,0,41.9801156292,-87.6552373471,60640,"CHICAGO OHARE INTERNATIONAL AIRPORT, IL US",69.0,53.0,57.0,0.0,10.0,14.0
crash_02389,2022-12-18 14:05:00,2022,12,Dec,Sun,14,Daytime,25,NO CONTROLS,CLEAR,DUSK,PARKED MOTOR VEHICLE,NOT DIVIDED,DRY,NO INJURY / DRIVE AWAY,,,"OVER $1,500",UNABLE TO DETERMINE,2,NO INDICATION OF INJURY,0,0,41.8305108599,-87.6508189712,60609,"CHICAGO MIDWAY AIRPORT, IL US",20.0,10.0,65.0,0.0,10.0,15.0
crash_02390,2020-05-01 06:05:00,2020,5,May,Fri,6,Morning commute,30,NO CONTROLS,CLEAR,DAYLIGHT,PARKED MOTOR VEHICLE,NOT DIVIDED,DRY,NO INJURY / DRIVE AWAY,,true,$500 OR LESS,"OPERATING VEHICLE IN ERRATIC, RECKLESS, CARELESS, NEGLIGENT OR AGGRESSIVE MANNER",2,NO INDICATION OF INJURY,0,0,41.8463600531,-87.7113290914,60623,"CHICAGO MIDWAY AIRPORT, IL US",39.0,36.0,89.0,0.0,10.0,0.0