crash_id,crash_datetime,crash_year,crash_month,crash_month_name,crash_weekday_name,crash_hour,time_period,posted_speed_limit_mph,traffic_control_device,reported_weather_condition,reported_lighting_condition,first_crash_type,trafficway_type,reported_road_surface_condition,crash_type,intersection_related,hit_and_run,estimated_damage,primary_contributory_cause,unit_count,most_severe_injury,injuries_total,injuries_fatal,latitude,longitude,zip5,weather_station_name,temperature_f,dew_point_f,relative_humidity_percent,precipitation_inches,visibility_miles,wind_speed_mph
crash_02391,2021-12-10 22:57:00,2021,12,Dec,Fri,22,Night or early morning,45,NO CONTROLS,RAIN,DARKNESS,FIXED OBJECT,ONE-WAY,WET,INJURY AND / OR TOW DUE TO CRASH,,,"OVER $1,500",UNABLE TO DETERMINE,1,NONINCAPACITATING INJURY,2,0,41.7748191879,-87.6249085821,60637,"CHICAGO MIDWAY AIRPORT, IL US",60.0,54.0,80.0,0.04,10.0,17.0
crash_02392,2025-08-04 15:35:00,2025,8,Aug,Mon,15,Evening commute,35,TRAFFIC SIGNAL,CLEAR,DAYLIGHT,PEDALCYCLIST,FOUR WAY,DRY,INJURY AND / OR TOW DUE TO CRASH,true,,$500 OR LESS,FAILING TO YIELD RIGHT-OF-WAY,2,"REPORTED, NOT EVIDENT",1,0,41.9937115057,-87.7876798352,60631,"CHICAGO OHARE INTERNATIONAL AIRPORT, IL US",79.0,60.0,52.0,0.0,10.0,10.0
crash_02393,2019-01-12 10:23:00,2019,1,Jan,Sat,10,Daytime,25,NO CONTROLS,RAIN,DAYLIGHT,SIDESWIPE SAME DIRECTION,DIVIDED - W/MEDIAN BARRIER,WET,NO INJURY / DRIVE AWAY,,,"OVER $1,500",EXCEEDING AUTHORIZED SPEED LIMIT,2,NO INDICATION OF INJURY,0,0,41.8993222788,-87.6187384331,60611,"CHICAGO MIDWAY AIRPORT, IL US",30.0,28.0,92.0,0.02,0.75,7.0
crash_02394,2020-01-26 08:31:00,2020,1,Jan,Sun,8,Morning commute,30,TRAFFIC SIGNAL,CLEAR,DAYLIGHT,REAR END,FOUR WAY,DRY,NO INJURY / DRIVE AWAY,,true,"$501 - $1,500",UNABLE TO DETERMINE,2,NO INDICATION OF INJURY,0,0,41.7357642612,-87.6727981991,60620,"CHICAGO MIDWAY AIRPORT, IL US",31.0,28.0,89.0,,8.0,13.0
crash_02395,2024-08-29 13:03:00,2024,8,Aug,Thu,13,Daytime,30,NO CONTROLS,CLEAR,DAYLIGHT,TURNING,T-INTERSECTION,DRY,INJURY AND / OR TOW DUE TO CRASH,true,,"OVER $1,500",UNABLE TO DETERMINE,3,NO INDICATION OF INJURY,0,0,41.8339331946,-87.6743292383,60608,"CHICAGO MIDWAY AIRPORT, IL US",81.0,68.0,65.0,0.0,10.0,6.0
crash_02396,2020-12-04 08:05:00,2020,12,Dec,Fri,8,Morning commute,45,NO CONTROLS,CLEAR,DAYLIGHT,REAR END,DIVIDED - W/MEDIAN BARRIER,DRY,NO INJURY / DRIVE AWAY,,,"$501 - $1,500",FOLLOWING TOO CLOSELY,2,NO INDICATION OF INJURY,0,0,41.8579096688,-87.6165941385,60616,"CHICAGO MIDWAY AIRPORT, IL US",33.0,25.0,72.0,0.0,10.0,13.0
crash_02397,2018-09-25 14:00:00,2018,9,Sep,Tue,14,Daytime,30,NO CONTROLS,CLEAR,DAYLIGHT,PARKED MOTOR VEHICLE,ONE-WAY,DRY,INJURY AND / OR TOW DUE TO CRASH,,,"OVER $1,500",UNABLE TO DETERMINE,2,NO INDICATION OF INJURY,0,0,41.9524471209,-87.6625583674,60613,"CHICAGO MIDWAY AIRPORT, IL US",79.0,65.0,62.0,0.0,10.0,13.0
crash_02398,2020-12-18 18:01:00,2020,12,Dec,Fri,18,Evening commute,30,TRAFFIC SIGNAL,CLEAR,DAWN,HEAD ON,Y-INTERSECTION,DRY,INJURY AND / OR TOW DUE TO CRASH,,,"OVER $1,500",UNABLE TO DETERMINE,2,INCAPACITATING INJURY,1,0,41.7658777435,-87.6053847011,60637,"CHICAGO MIDWAY AIRPORT, IL US",33.0,24.0,70.0,0.0,10.0,9.0
crash_02399,2019-08-30 10:24:00,2019,8,Aug,Fri,10,Daytime,30,NO CONTROLS,CLEAR,DAYLIGHT,PARKED MOTOR VEHICLE,NOT DIVIDED,DRY,NO INJURY / DRIVE AWAY,,,"$501 - $1,500",UNABLE TO DETERMINE,2,NO INDICATION OF INJURY,0,0,41.9084613167,-87.6973284471,60622,"CHICAGO MIDWAY AIRPORT, IL US",71.0,51.0,49.0,0.0,10.0,6.0
crash_02400,2019-09-25 16:01:00,2019,9,Sep,Wed,16,Evening commute,30,NO CONTROLS,CLEAR,DAYLIGHT,ANGLE,NOT DIVIDED,DRY,NO INJURY / DRIVE AWAY,,true,"$501 - $1,500",UNABLE TO DETERMINE,2,NO INDICATION OF INJURY,0,0,41.9236386645,-87.8045980477,60707,"CHICAGO OHARE INTERNATIONAL AIRPORT, IL US",77.0,53.0,43.0,0.0,10.0,14.0
crash_02401,2019-09-08 14:00:00,2019,9,Sep,Sun,14,Daytime,30,NO CONTROLS,CLOUDY/OVERCAST,DAYLIGHT,SIDESWIPE SAME DIRECTION,NOT DIVIDED,UNKNOWN,NO INJURY / DRIVE AWAY,,,"$501 - $1,500",IMPROPER OVERTAKING/PASSING,3,NO INDICATION OF INJURY,0,0,41.7215321241,-87.6312560133,60628,"CHICAGO MIDWAY AIRPORT, IL US",63.0,54.0,73.0,0.0,10.0,7.0
crash_02402,2024-03-12 12:45:00,2024,3,Mar,Tue,12,Daytime,30,NO CONTROLS,CLEAR,DAYLIGHT,SIDESWIPE SAME DIRECTION,NOT DIVIDED,DRY,NO INJURY / DRIVE AWAY,,,"OVER $1,500",UNABLE TO DETERMINE,2,NO INDICATION OF INJURY,0,0,41.9681492245,-87.7260754848,60625,"CHICAGO OHARE INTERNATIONAL AIRPORT, IL US",66.0,42.0,42.0,0.0,10.0,16.0
crash_02403,2019-08-12 09:20:00,2019,8,Aug,Mon,9,Morning commute,30,NO CONTROLS,CLOUDY/OVERCAST,DAYLIGHT,SIDESWIPE SAME DIRECTION,ONE-WAY,DRY,NO INJURY / DRIVE AWAY,,,"OVER $1,500",IMPROPER LANE USAGE,2,NO INDICATION OF INJURY,0,0,41.8216580198,-87.6214006902,60653,"CHICAGO MIDWAY AIRPORT, IL US",77.0,71.0,82.0,0.0,8.0,3.0
crash_02404,2021-01-13 04:34:00,2021,1,Jan,Wed,4,Night or early morning,25,NO CONTROLS,CLEAR,"DARKNESS, LIGHTED ROAD",PARKED MOTOR VEHICLE,NOT DIVIDED,DRY,INJURY AND / OR TOW DUE TO CRASH,,true,"OVER $1,500",NOT APPLICABLE,4,NO INDICATION OF INJURY,0,0,41.7967553707,-87.6499337172,60609,"CHICAGO MIDWAY AIRPORT, IL US",32.0,26.0,79.0,0.0,10.0,9.0
crash_02405,2019-12-22 02:11:00,2019,12,Dec,Sun,2,Night or early morning,30,NO CONTROLS,CLEAR,"DARKNESS, LIGHTED ROAD",FIXED OBJECT,NOT DIVIDED,DRY,INJURY AND / OR TOW DUE TO CRASH,,true,"OVER $1,500",UNABLE TO DETERMINE,1,NO INDICATION OF INJURY,0,0,41.6913185184,-87.5402552977,60617,"CHICAGO MIDWAY AIRPORT, IL US",34.0,28.0,79.0,0.0,10.0,8.0
crash_02406,2023-01-07 02:50:00,2023,1,Jan,Sat,2,Night or early morning,30,NO CONTROLS,CLEAR,"DARKNESS, LIGHTED ROAD",PARKED MOTOR VEHICLE,NOT DIVIDED,DRY,INJURY AND / OR TOW DUE TO CRASH,,true,"OVER $1,500",UNABLE TO DETERMINE,4,NO INDICATION OF INJURY,0,0,41.7930304717,-87.7301946899,60629,"CHICAGO MIDWAY AIRPORT, IL US",29.0,22.0,75.0,0.0,9.0,8.0
crash_02407,2020-03-09 14:00:00,2020,3,Mar,Mon,14,Daytime,30,OTHER REG. SIGN,RAIN,DAYLIGHT,REAR END,DIVIDED - W/MEDIAN (NOT RAISED),WET,NO INJURY / DRIVE AWAY,,,"$501 - $1,500",FOLLOWING TOO CLOSELY,2,NO INDICATION OF INJURY,0,0,41.8429959896,-87.6953093057,60623,"CHICAGO MIDWAY AIRPORT, IL US",55.0,46.0,72.0,0.0,10.0,15.0
crash_02408,2020-01-08 12:24:00,2020,1,Jan,Wed,12,Daytime,30,NO CONTROLS,CLEAR,DAYLIGHT,REAR END,DIVIDED - W/MEDIAN (NOT RAISED),DRY,NO INJURY / DRIVE AWAY,true,true,"OVER $1,500",UNABLE TO DETERMINE,3,NO INDICATION OF INJURY,0,0,41.868560933,-87.7446900144,60644,"CHICAGO MIDWAY AIRPORT, IL US",23.0,0.0,36.0,0.0,10.0,3.0
crash_02409,2023-11-22 09:46:00,2023,11,Nov,Wed,9,Morning commute,30,NO CONTROLS,CLEAR,DAYLIGHT,SIDESWIPE SAME DIRECTION,DIVIDED - W/MEDIAN BARRIER,DRY,NO INJURY / DRIVE AWAY,,,"OVER $1,500",FAILING TO REDUCE SPEED TO AVOID CRASH,2,NO INDICATION OF INJURY,0,0,41.9058503936,-87.6331363109,60610,"CHICAGO MIDWAY AIRPORT, IL US",41.0,34.0,76.0,0.0,10.0,3.0
crash_02410,2024-02-01 18:30:00,2024,2,Feb,Thu,18,Evening commute,45,NO CONTROLS,CLEAR,DARKNESS,ANIMAL,DIVIDED - W/MEDIAN BARRIER,DRY,NO INJURY / DRIVE AWAY,,,"$501 - $1,500",ANIMAL,1,NO INDICATION OF INJURY,0,0,41.7502546345,-87.5417763699,60617,"CHICAGO MIDWAY AIRPORT, IL US",43.0,37.0,81.0,,7.0,11.0
crash_02411,2022-06-23 17:30:00,2022,6,Jun,Thu,17,Evening commute,30,UNKNOWN,UNKNOWN,DAYLIGHT,PARKED MOTOR VEHICLE,NOT DIVIDED,UNKNOWN,NO INJURY / DRIVE AWAY,,true,"OVER $1,500",UNABLE TO DETERMINE,2,NO INDICATION OF INJURY,0,0,41.8537680963,-87.6269573596,60616,"CHICAGO MIDWAY AIRPORT, IL US",82.0,46.0,28.0,0.0,10.0,8.0
crash_02412,2019-03-06 16:45:00,2019,3,Mar,Wed,16,Evening commute,30,NO CONTROLS,CLEAR,DAYLIGHT,TURNING,NOT DIVIDED,DRY,NO INJURY / DRIVE AWAY,,,$500 OR LESS,UNABLE TO DETERMINE,2,NO INDICATION OF INJURY,0,0,41.8523938231,-87.6685735914,60608,"CHICAGO MIDWAY AIRPORT, IL US",31.0,8.0,38.0,0.0,10.0,15.0
crash_02413,2020-07-13 07:20:00,2020,7,Jul,Mon,7,Morning commute,30,NO CONTROLS,CLEAR,DAYLIGHT,PARKED MOTOR VEHICLE,NOT DIVIDED,DRY,NO INJURY / DRIVE AWAY,,,"$501 - $1,500",UNABLE TO DETERMINE,2,NO INDICATION OF INJURY,0,0,41.8854537826,-87.7233908844,60624,"CHICAGO MIDWAY AIRPORT, IL US",68.0,61.0,78.0,0.0,10.0,5.0
crash_02414,2019-08-10 01:00:00,2019,8,Aug,Sat,1,Night or early morning,30,NO CONTROLS,CLEAR,"DARKNESS, LIGHTED ROAD",PARKED MOTOR VEHICLE,ONE-WAY,DRY,NO INJURY / DRIVE AWAY,,true,"OVER $1,500",UNABLE TO DETERMINE,2,NO INDICATION OF INJURY,0,0,41.7183620148,-87.553630588,60617,"CHICAGO MIDWAY AIRPORT, IL US",71.0,59.0,66.0,0.0,10.0,0.0
crash_02415,2025-09-02 18:30:00,2025,9,Sep,Tue,18,Evening commute,30,NO CONTROLS,CLEAR,DAYLIGHT,PARKED MOTOR VEHICLE,ONE-WAY,DRY,NO INJURY / DRIVE AWAY,,true,"OVER $1,500",IMPROPER BACKING,2,NO INDICATION OF INJURY,0,0,41.9818209511,-87.7709349478,60630,,,,,,,
crash_02416,2024-02-17 09:00:00,2024,2,Feb,Sat,9,Morning commute,25,OTHER,CLEAR,DAYLIGHT,TURNING,DIVIDED - W/MEDIAN (NOT RAISED),DRY,NO INJURY / DRIVE AWAY,,,"OVER $1,500",DISREGARDING OTHER TRAFFIC SIGNS,2,NO INDICATION OF INJURY,0,0,41.9947933861,-87.8827076595,60666,"CHICAGO OHARE INTERNATIONAL AIRPORT, IL US",16.0,1.0,51.0,0.0,10.0,14.0
crash_02417,2019-12-26 10:30:00,2019,12,Dec,Thu,10,Daytime,30,NO CONTROLS,CLEAR,DAYLIGHT,TURNING,NOT DIVIDED,DRY,NO INJURY / DRIVE AWAY,,true,"OVER $1,500",FAILING TO YIELD RIGHT-OF-WAY,3,NO INDICATION OF INJURY,0,0,41.7562056552,-87.6445817287,60620,"CHICAGO MIDWAY AIRPORT, IL US",59.0,50.0,72.0,0.0,10.0,13.0
crash_02418,2022-10-25 17:46:00,2022,10,Oct,Tue,17,Evening commute,30,NO CONTROLS,CLEAR,DUSK,REAR END,ONE-WAY,OTHER,NO INJURY / DRIVE AWAY,true,true,"OVER $1,500",UNABLE TO DETERMINE,2,NO INDICATION OF INJURY,0,0,41.9324169485,-87.7566038542,60641,"CHICAGO OHARE INTERNATIONAL AIRPORT, IL US",55.0,52.0,90.0,0.06,2.5,16.0
crash_02419,2019-06-08 00:30:00,2019,6,Jun,Sat,0,Night or early morning,30,NO CONTROLS,CLEAR,"DARKNESS, LIGHTED ROAD",PARKED MOTOR VEHICLE,ONE-WAY,DRY,NO INJURY / DRIVE AWAY,,true,"$501 - $1,500",UNABLE TO DETERMINE,2,NO INDICATION OF INJURY,0,0,41.8008311368,-87.5983549071,60615,"CHICAGO MIDWAY AIRPORT, IL US",62.0,52.0,70.0,0.0,10.0,7.0
crash_02420,2018-01-27 14:30:00,2018,1,Jan,Sat,14,Daytime,30,NO CONTROLS,CLEAR,DAYLIGHT,TURNING,NOT DIVIDED,DRY,INJURY AND / OR TOW DUE TO CRASH,,,"OVER $1,500",FAILING TO YIELD RIGHT-OF-WAY,2,NO INDICATION OF INJURY,0,0,41.8559637987,-87.654645937,60608,"CHICAGO MIDWAY AIRPORT, IL US",50.0,21.0,32.0,0.0,10.0,11.0
crash_02421,2018-07-21 17:40:00,2018,7,Jul,Sat,17,Evening commute,30,NO CONTROLS,CLEAR,DAYLIGHT,REAR END,UNKNOWN,DRY,NO INJURY / DRIVE AWAY,,,"$501 - $1,500",NOT APPLICABLE,2,NO INDICATION OF INJURY,0,0,41.7933854882,-87.7061486008,60629,"CHICAGO MIDWAY AIRPORT, IL US",74.0,66.0,76.0,0.0,10.0,11.0
crash_02422,2018-10-04 14:41:00,2018,10,Oct,Thu,14,Daytime,30,NO CONTROLS,CLEAR,DAWN,REAR END,DIVIDED - W/MEDIAN BARRIER,DRY,NO INJURY / DRIVE AWAY,,,"$501 - $1,500",FOLLOWING TOO CLOSELY,2,NO INDICATION OF INJURY,0,0,41.9172413008,-87.7068151468,60647,"CHICAGO MIDWAY AIRPORT, IL US",57.0,43.0,60.0,0.0,10.0,14.0
crash_02423,2025-02-05 11:30:00,2025,2,Feb,Wed,11,Daytime,0,NO CONTROLS,FREEZING RAIN/DRIZZLE,DARKNESS,FIXED OBJECT,PARKING LOT,ICE,NO INJURY / DRIVE AWAY,,,"$501 - $1,500",WEATHER,1,NO INDICATION OF INJURY,0,0,41.7019567485,-87.6209287447,60628,"CHICAGO MIDWAY AIRPORT, IL US",29.0,17.0,61.0,,10.0,9.0
crash_02424,2019-02-11 06:35:00,2019,2,Feb,Mon,6,Morning commute,30,STOP SIGN/FLASHER,SNOW,"DARKNESS, LIGHTED ROAD",ANGLE,DIVIDED - W/MEDIAN (NOT RAISED),SNOW OR SLUSH,INJURY AND / OR TOW DUE TO CRASH,true,,"OVER $1,500",DISREGARDING ROAD MARKINGS,2,NONINCAPACITATING INJURY,1,0,41.9756689997,-87.7868099973,60630,"CHICAGO OHARE INTERNATIONAL AIRPORT, IL US",29.0,26.0,89.0,0.0,7.0,13.0
crash_02425,2025-12-16 08:20:00,2025,12,Dec,Tue,8,Morning commute,30,NO CONTROLS,CLEAR,DAYLIGHT,SIDESWIPE SAME DIRECTION,NOT DIVIDED,DRY,NO INJURY / DRIVE AWAY,,,"$501 - $1,500",FAILING TO YIELD RIGHT-OF-WAY,2,NO INDICATION OF INJURY,0,0,41.8669840451,-87.6506462104,60608,,,,,,,
crash_02426,2020-07-09 19:10:00,2020,7,Jul,Thu,19,Night or early morning,15,NO CONTROLS,CLEAR,DUSK,FIXED OBJECT,PARKING LOT,DRY,INJURY AND / OR TOW DUE TO CRASH,,true,"OVER $1,500",UNABLE TO DETERMINE,1,NO INDICATION OF INJURY,0,0,41.9019653796,-87.7702760005,60651,"CHICAGO MIDWAY AIRPORT, IL US",89.0,71.0,55.0,0.0,9.0,16.0
crash_02427,2023-01-19 19:30:00,2023,1,Jan,Thu,19,Night or early morning,30,TRAFFIC SIGNAL,UNKNOWN,UNKNOWN,REAR END,NOT DIVIDED,UNKNOWN,NO INJURY / DRIVE AWAY,,,"$501 - $1,500",UNABLE TO DETERMINE,2,NO INDICATION OF INJURY,0,0,41.7776453769,-87.7770659584,60638,"CHICAGO MIDWAY AIRPORT, IL US",35.0,32.0,89.0,0.0,5.0,16.0
crash_02428,2022-10-18 09:36:00,2022,10,Oct,Tue,9,Morning commute,30,TRAFFIC SIGNAL,CLOUDY/OVERCAST,DAYLIGHT,SIDESWIPE SAME DIRECTION,NOT DIVIDED,DRY,NO INJURY / DRIVE AWAY,true,true,$500 OR LESS,UNABLE TO DETERMINE,2,NO INDICATION OF INJURY,0,0,41.7801511698,-87.6255196654,60621,"CHICAGO MIDWAY AIRPORT, IL US",39.0,24.0,55.0,0.0,10.0,20.0
crash_02429,2024-09-18 08:47:00,2024,9,Sep,Wed,8,Morning commute,30,TRAFFIC SIGNAL,CLEAR,DAYLIGHT,ANGLE,FOUR WAY,DRY,INJURY AND / OR TOW DUE TO CRASH,true,true,"OVER $1,500",FAILING TO YIELD RIGHT-OF-WAY,2,NONINCAPACITATING INJURY,1,0,41.8924106658,-87.63720268,60654,"CHICAGO MIDWAY AIRPORT, IL US",71.0,53.0,53.0,0.0,10.0,5.0
crash_02430,2025-12-02 16:30:00,2025,12,Dec,Tue,16,Evening commute,25,NO CONTROLS,SNOW,DAYLIGHT,PARKED MOTOR VEHICLE,ONE-WAY,SNOW OR SLUSH,NO INJURY / DRIVE AWAY,,,"$501 - $1,500",WEATHER,2,NO INDICATION OF INJURY,0,0,41.9588306874,-87.7214913449,60618,,,,,,,
crash_02431,2022-02-27 20:11:00,2022,2,Feb,Sun,20,Night or early morning,30,TRAFFIC SIGNAL,CLEAR,DARKNESS,SIDESWIPE SAME DIRECTION,DIVIDED - W/MEDIAN BARRIER,DRY,NO INJURY / DRIVE AWAY,true,,"OVER $1,500",IMPROPER LANE USAGE,2,NO INDICATION OF INJURY,0,0,41.9391471392,-87.7316231428,60641,"CHICAGO OHARE INTERNATIONAL AIRPORT, IL US",34.0,24.0,67.0,0.0,10.0,0.0
crash_02432,2019-12-03 17:20:00,2019,12,Dec,Tue,17,Evening commute,30,NO CONTROLS,CLEAR,DARKNESS,SIDESWIPE SAME DIRECTION,DIVIDED - W/MEDIAN (NOT RAISED),DRY,NO INJURY / DRIVE AWAY,,,"OVER $1,500",IMPROPER OVERTAKING/PASSING,2,NO INDICATION OF INJURY,0,0,41.7689605201,-87.5666705373,60649,"CHICAGO MIDWAY AIRPORT, IL US",38.0,29.0,70.0,0.0,10.0,9.0
crash_02433,2020-06-20 21:38:00,2020,6,Jun,Sat,21,Night or early morning,30,NO CONTROLS,RAIN,"DARKNESS, LIGHTED ROAD",TURNING,NOT DIVIDED,WET,NO INJURY / DRIVE AWAY,,true,"OVER $1,500",FAILING TO YIELD RIGHT-OF-WAY,2,NO INDICATION OF INJURY,0,0,41.7024427352,-87.6208901952,60628,"CHICAGO MIDWAY AIRPORT, IL US",71.0,69.0,94.0,0.1,7.0,9.0
crash_02434,2025-10-27 19:46:00,2025,10,Oct,Mon,19,Night or early morning,30,TRAFFIC SIGNAL,CLEAR,"DARKNESS, LIGHTED ROAD",TURNING,FOUR WAY,DRY,NO INJURY / DRIVE AWAY,true,,"OVER $1,500",UNABLE TO DETERMINE,2,NO INDICATION OF INJURY,0,0,41.9038310455,-87.6287400478,60610,,,,,,,
crash_02435,2023-06-06 07:00:00,2023,6,Jun,Tue,7,Morning commute,30,NO CONTROLS,CLEAR,DAYLIGHT,PARKED MOTOR VEHICLE,PARKING LOT,DRY,NO INJURY / DRIVE AWAY,,,"OVER $1,500",UNABLE TO DETERMINE,2,NO INDICATION OF INJURY,0,0,41.7550619344,-87.7322278646,60652,"CHICAGO MIDWAY AIRPORT, IL US",69.0,48.0,47.0,0.0,8.0,5.0
crash_02436,2021-12-30 16:53:00,2021,12,Dec,Thu,16,Evening commute,30,TRAFFIC SIGNAL,CLOUDY/OVERCAST,DARKNESS,TURNING,DIVIDED - W/MEDIAN BARRIER,DRY,NO INJURY / DRIVE AWAY,,true,"$501 - $1,500",DISREGARDING TRAFFIC SIGNALS,2,NO INDICATION OF INJURY,0,0,41.8083695489,-87.6840193967,60609,"CHICAGO MIDWAY AIRPORT, IL US",38.0,31.0,76.0,0.0,4.0,6.0
crash_02437,2024-06-18 16:45:00,2024,6,Jun,Tue,16,Evening commute,30,NO CONTROLS,CLEAR,DAYLIGHT,PARKED MOTOR VEHICLE,NOT DIVIDED,DRY,NO INJURY / DRIVE AWAY,,,"OVER $1,500",UNABLE TO DETERMINE,2,NO INDICATION OF INJURY,0,0,41.7781094128,-87.595999367,60637,"CHICAGO MIDWAY AIRPORT, IL US",91.0,65.0,42.0,0.0,10.0,22.0
crash_02438,2025-06-13 07:25:00,2025,6,Jun,Fri,7,Morning commute,30,NO CONTROLS,CLEAR,DAYLIGHT,PARKED MOTOR VEHICLE,ONE-WAY,DRY,NO INJURY / DRIVE AWAY,,true,$500 OR LESS,IMPROPER OVERTAKING/PASSING,2,NO INDICATION OF INJURY,0,0,41.6947546862,-87.6629021421,60643,"CHICAGO MIDWAY AIRPORT, IL US",66.0,58.0,75.0,0.0,7.0,3.0
crash_02439,2024-01-01 13:10:00,2024,1,Jan,Mon,13,Daytime,30,TRAFFIC SIGNAL,CLEAR,DAYLIGHT,REAR END,DIVIDED - W/MEDIAN BARRIER,WET,NO INJURY / DRIVE AWAY,,,"OVER $1,500",FAILING TO REDUCE SPEED TO AVOID CRASH,2,NO INDICATION OF INJURY,0,0,41.7036623609,-87.5257124268,60617,"CHICAGO MIDWAY AIRPORT, IL US",33.0,22.0,64.0,0.0,10.0,8.0
crash_02440,2022-02-17 18:40:00,2022,2,Feb,Thu,18,Evening commute,25,TRAFFIC SIGNAL,SNOW,"DARKNESS, LIGHTED ROAD",REAR END,NOT DIVIDED,SNOW OR SLUSH,NO INJURY / DRIVE AWAY,,,"$501 - $1,500",UNABLE TO DETERMINE,2,NO INDICATION OF INJURY,0,0,41.9310283418,-87.7761028636,60639,"CHICAGO OHARE INTERNATIONAL AIRPORT, IL US",20.0,15.0,81.0,0.02,1.75,16.0
crash_02441,2018-04-26 17:30:00,2018,4,Apr,Thu,17,Evening commute,30,NO CONTROLS,CLEAR,DAYLIGHT,SIDESWIPE SAME DIRECTION,NOT DIVIDED,DRY,NO INJURY / DRIVE AWAY,,,"$501 - $1,500",NOT APPLICABLE,2,NO INDICATION OF INJURY,0,0,41.9993138097,-87.7632475953,60646,"CHICAGO OHARE INTERNATIONAL AIRPORT, IL US",65.0,27.0,24.0,0.0,10.0,9.0
crash_02442,2025-09-11 13:30:00,2025,9,Sep,Thu,13,Daytime,10,NO CONTROLS,CLEAR,DAYLIGHT,PARKED MOTOR VEHICLE,ALLEY,DRY,NO INJURY / DRIVE AWAY,,true,"$501 - $1,500",UNABLE TO DETERMINE,2,NO INDICATION OF INJURY,0,0,41.9266611999,-87.7233153822,60647,,,,,,,
crash_02443,2022-07-18 12:54:00,2022,7,Jul,Mon,12,Daytime,20,NO CONTROLS,CLEAR,DAYLIGHT,PARKED MOTOR VEHICLE,ONE-WAY,DRY,NO INJURY / DRIVE AWAY,,true,"$501 - $1,500",IMPROPER BACKING,2,NO INDICATION OF INJURY,0,0,41.7765370945,-87.6849344154,60629,"CHICAGO MIDWAY AIRPORT, IL US",87.0,58.0,37.0,0.0,10.0,6.0
crash_02444,2018-04-18 23:05:00,2018,4,Apr,Wed,23,Night or early morning,30,TRAFFIC SIGNAL,RAIN,"DARKNESS, LIGHTED ROAD",REAR END,NOT DIVIDED,WET,NO INJURY / DRIVE AWAY,,,$500 OR LESS,FAILING TO REDUCE SPEED TO AVOID CRASH,2,NO INDICATION OF INJURY,0,0,41.7781979179,-87.7618683586,60638,"CHICAGO MIDWAY AIRPORT, IL US",34.0,33.0,97.0,0.01,1.5,11.0
crash_02445,2023-10-13 06:59:00,2023,10,Oct,Fri,6,Morning commute,30,UNKNOWN,UNKNOWN,DARKNESS,PARKED MOTOR VEHICLE,NOT DIVIDED,UNKNOWN,INJURY AND / OR TOW DUE TO CRASH,,true,"OVER $1,500",NOT APPLICABLE,2,NO INDICATION OF INJURY,0,0,41.7077034353,-87.5532584242,60617,"CHICAGO MIDWAY AIRPORT, IL US",57.0,48.0,72.0,0.0,10.0,14.0
crash_02446,2024-06-01 00:33:00,2024,6,Jun,Sat,0,Night or early morning,30,TRAFFIC SIGNAL,CLEAR,"DARKNESS, LIGHTED ROAD",REAR END,DIVIDED - W/MEDIAN (NOT RAISED),DRY,INJURY AND / OR TOW DUE TO CRASH,,,"OVER $1,500",FAILING TO REDUCE SPEED TO AVOID CRASH,2,NONINCAPACITATING INJURY,3,0,41.932090717,-87.7113958445,60618,"CHICAGO MIDWAY AIRPORT, IL US",69.0,44.0,41.0,0.0,10.0,7.0
crash_02447,2018-03-02 11:20:00,2018,3,Mar,Fri,11,Daytime,30,TRAFFIC SIGNAL,CLEAR,"DARKNESS, LIGHTED ROAD",ANGLE,NOT DIVIDED,DRY,INJURY AND / OR TOW DUE TO CRASH,true,,"OVER $1,500",DISREGARDING TRAFFIC SIGNALS,3,"REPORTED, NOT EVIDENT",1,0,41.9321193139,-87.7075769092,60618,"CHICAGO MIDWAY AIRPORT, IL US",43.0,19.0,38.0,0.0,10.0,9.0
crash_02448,2020-02-10 09:45:00,2020,2,Feb,Mon,9,Morning commute,30,NO CONTROLS,CLEAR,DAYLIGHT,REAR TO FRONT,NOT DIVIDED,DRY,NO INJURY / DRIVE AWAY,,,"$501 - $1,500",UNABLE TO DETERMINE,2,NO INDICATION OF INJURY,0,0,41.9939802214,-87.6899934315,60659,"CHICAGO OHARE INTERNATIONAL AIRPORT, IL US",28.0,23.0,81.0,0.0,9.0,9.0
crash_02449,2024-11-05 06:40:00,2024,11,Nov,Tue,6,Morning commute,30,STOP SIGN/FLASHER,RAIN,DAYLIGHT,ANGLE,T-INTERSECTION,WET,INJURY AND / OR TOW DUE TO CRASH,true,,"OVER $1,500",UNABLE TO DETERMINE,2,NONINCAPACITATING INJURY,1,0,41.7692926261,-87.6234758033,60637,"CHICAGO MIDWAY AIRPORT, IL US",66.0,62.0,87.0,0.01,9.0,18.0
crash_02450,2019-05-22 16:38:00,2019,5,May,Wed,16,Evening commute,30,TRAFFIC SIGNAL,CLEAR,DAYLIGHT,TURNING,NOT DIVIDED,DRY,NO INJURY / DRIVE AWAY,true,,"OVER $1,500",UNABLE TO DETERMINE,2,NO INDICATION OF INJURY,0,0,41.8564184199,-87.7101804658,60623,"CHICAGO MIDWAY AIRPORT, IL US",82.0,54.0,38.0,0.0,10.0,23.0
crash_02451,2019-05-16 16:39:00,2019,5,May,Thu,16,Evening commute,30,STOP SIGN/FLASHER,CLEAR,DAYLIGHT,PEDALCYCLIST,FOUR WAY,DRY,INJURY AND / OR TOW DUE TO CRASH,true,,"$501 - $1,500",UNABLE TO DETERMINE,2,NONINCAPACITATING INJURY,1,0,41.9729350026,-87.7769139504,60630,"CHICAGO OHARE INTERNATIONAL AIRPORT, IL US",72.0,63.0,73.0,0.0,10.0,9.0