crash_id,crash_datetime,crash_year,crash_month,crash_month_name,crash_weekday_name,crash_hour,time_period,posted_speed_limit_mph,traffic_control_device,reported_weather_condition,reported_lighting_condition,first_crash_type,trafficway_type,reported_road_surface_condition,crash_type,intersection_related,hit_and_run,estimated_damage,primary_contributory_cause,unit_count,most_severe_injury,injuries_total,injuries_fatal,latitude,longitude,zip5,weather_station_name,temperature_f,dew_point_f,relative_humidity_percent,precipitation_inches,visibility_miles,wind_speed_mph
crash_02452,2022-02-02 06:30:00,2022,2,Feb,Wed,6,Morning commute,40,NO CONTROLS,SNOW,DAWN,FIXED OBJECT,DIVIDED - W/MEDIAN BARRIER,SNOW OR SLUSH,INJURY AND / OR TOW DUE TO CRASH,,,"OVER $1,500",WEATHER,1,NO INDICATION OF INJURY,0,0,41.8641169573,-87.6189499755,60605,"CHICAGO MIDWAY AIRPORT, IL US",26.0,22.0,84.0,0.0,0.75,15.0
crash_02453,2024-02-16 16:00:00,2024,2,Feb,Fri,16,Evening commute,35,TRAFFIC SIGNAL,UNKNOWN,DAYLIGHT,SIDESWIPE SAME DIRECTION,FOUR WAY,UNKNOWN,NO INJURY / DRIVE AWAY,true,true,"OVER $1,500",IMPROPER OVERTAKING/PASSING,2,NO INDICATION OF INJURY,0,0,41.7933705543,-87.6841753768,60629,"CHICAGO MIDWAY AIRPORT, IL US",33.0,13.0,43.0,0.0,10.0,8.0
crash_02454,2023-08-31 10:00:00,2023,8,Aug,Thu,10,Daytime,25,NO CONTROLS,CLEAR,DAYLIGHT,ANGLE,NOT DIVIDED,DRY,NO INJURY / DRIVE AWAY,,,"OVER $1,500",FAILING TO YIELD RIGHT-OF-WAY,2,NO INDICATION OF INJURY,0,0,41.9094699736,-87.7496658511,60651,"CHICAGO MIDWAY AIRPORT, IL US",69.0,50.0,51.0,0.0,10.0,6.0
crash_02455,2023-04-13 21:24:00,2023,4,Apr,Thu,21,Night or early morning,30,NO CONTROLS,CLEAR,"DARKNESS, LIGHTED ROAD",PEDALCYCLIST,DIVIDED - W/MEDIAN (NOT RAISED),DRY,INJURY AND / OR TOW DUE TO CRASH,,,"OVER $1,500",DISREGARDING ROAD MARKINGS,2,NONINCAPACITATING INJURY,1,0,41.8804609992,-87.7388965773,60624,"CHICAGO MIDWAY AIRPORT, IL US",74.0,35.0,24.0,0.0,10.0,9.0
crash_02456,2025-08-04 13:10:00,2025,8,Aug,Mon,13,Daytime,30,UNKNOWN,CLEAR,DAYLIGHT,SIDESWIPE SAME DIRECTION,ONE-WAY,UNKNOWN,NO INJURY / DRIVE AWAY,,,"OVER $1,500",UNABLE TO DETERMINE,2,NO INDICATION OF INJURY,0,0,41.8923787742,-87.626983277,60611,"CHICAGO MIDWAY AIRPORT, IL US",81.0,57.0,44.0,0.0,10.0,13.0
crash_02457,2020-10-31 22:53:00,2020,10,Oct,Sat,22,Night or early morning,30,NO CONTROLS,RAIN,"DARKNESS, LIGHTED ROAD",PARKED MOTOR VEHICLE,T-INTERSECTION,WET,NO INJURY / DRIVE AWAY,,true,"OVER $1,500",DRIVING SKILLS/KNOWLEDGE/EXPERIENCE,2,NO INDICATION OF INJURY,0,0,41.8179731879,-87.6404101592,60609,"CHICAGO MIDWAY AIRPORT, IL US",52.0,41.0,66.0,0.01,10.0,16.0
crash_02458,2020-06-16 11:10:00,2020,6,Jun,Tue,11,Daytime,30,UNKNOWN,UNKNOWN,DAYLIGHT,PARKED MOTOR VEHICLE,PARKING LOT,UNKNOWN,NO INJURY / DRIVE AWAY,,true,"$501 - $1,500",UNABLE TO DETERMINE,2,NO INDICATION OF INJURY,0,0,41.8444321265,-87.702897849,60623,"CHICAGO MIDWAY AIRPORT, IL US",78.0,54.0,43.0,0.0,10.0,6.0
crash_02459,2022-11-15 16:00:00,2022,11,Nov,Tue,16,Evening commute,15,NO CONTROLS,UNKNOWN,UNKNOWN,TURNING,DIVIDED - W/MEDIAN (NOT RAISED),UNKNOWN,NO INJURY / DRIVE AWAY,,,$500 OR LESS,UNABLE TO DETERMINE,2,NO INDICATION OF INJURY,0,0,41.8740819887,-87.6672227593,60612,"CHICAGO MIDWAY AIRPORT, IL US",37.0,32.0,82.0,0.0,7.0,3.0
crash_02460,2019-01-20 01:30:00,2019,1,Jan,Sun,1,Night or early morning,30,NO CONTROLS,SNOW,"DARKNESS, LIGHTED ROAD",PARKED MOTOR VEHICLE,NOT DIVIDED,SNOW OR SLUSH,NO INJURY / DRIVE AWAY,,false,"$501 - $1,500",DRIVING SKILLS/KNOWLEDGE/EXPERIENCE,2,NO INDICATION OF INJURY,0,0,41.7433055188,-87.6573352389,60620,"CHICAGO MIDWAY AIRPORT, IL US",14.0,8.0,77.0,0.0,4.0,15.0
crash_02461,2019-07-31 11:15:00,2019,7,Jul,Wed,11,Daytime,30,STOP SIGN/FLASHER,CLEAR,DAYLIGHT,TURNING,DIVIDED - W/MEDIAN (NOT RAISED),DRY,NO INJURY / DRIVE AWAY,,,"OVER $1,500",UNABLE TO DETERMINE,2,NO INDICATION OF INJURY,0,0,41.7158702032,-87.6432101395,60643,"CHICAGO MIDWAY AIRPORT, IL US",73.0,53.0,50.0,0.0,10.0,14.0
crash_02462,2022-09-27 10:00:00,2022,9,Sep,Tue,10,Daytime,20,UNKNOWN,UNKNOWN,UNKNOWN,PARKED MOTOR VEHICLE,NOT DIVIDED,UNKNOWN,NO INJURY / DRIVE AWAY,,true,$500 OR LESS,NOT APPLICABLE,2,NO INDICATION OF INJURY,0,0,41.878100889,-87.6715171797,60612,"CHICAGO MIDWAY AIRPORT, IL US",56.0,38.0,51.0,0.0,10.0,13.0
crash_02463,2023-02-26 14:15:00,2023,2,Feb,Sun,14,Daytime,30,STOP SIGN/FLASHER,CLEAR,DAYLIGHT,ANGLE,FOUR WAY,DRY,INJURY AND / OR TOW DUE TO CRASH,true,,"OVER $1,500",UNABLE TO DETERMINE,2,NO INDICATION OF INJURY,0,0,41.7000525872,-87.6183868702,60628,"CHICAGO MIDWAY AIRPORT, IL US",50.0,27.0,41.0,0.0,10.0,5.0
crash_02464,2018-03-29 16:28:00,2018,3,Mar,Thu,16,Evening commute,30,NO CONTROLS,CLEAR,DAYLIGHT,SIDESWIPE SAME DIRECTION,NOT DIVIDED,DRY,NO INJURY / DRIVE AWAY,,,"$501 - $1,500",IMPROPER OVERTAKING/PASSING,2,NO INDICATION OF INJURY,0,0,41.9903452156,-87.6971940495,60659,"CHICAGO OHARE INTERNATIONAL AIRPORT, IL US",40.0,31.0,70.0,0.0,10.0,17.0
crash_02465,2019-04-05 17:00:00,2019,4,Apr,Fri,17,Evening commute,30,TRAFFIC SIGNAL,CLEAR,DAYLIGHT,REAR END,DIVIDED - W/MEDIAN (NOT RAISED),DRY,NO INJURY / DRIVE AWAY,,,"OVER $1,500",FAILING TO REDUCE SPEED TO AVOID CRASH,2,NO INDICATION OF INJURY,0,0,41.8156032045,-87.6847727236,60632,"CHICAGO MIDWAY AIRPORT, IL US",54.0,42.0,64.0,0.0,8.0,7.0
crash_02466,2025-07-18 23:00:00,2025,7,Jul,Fri,23,Night or early morning,15,NO CONTROLS,CLEAR,DAYLIGHT,TURNING,NOT DIVIDED,DRY,INJURY AND / OR TOW DUE TO CRASH,,true,"OVER $1,500",FOLLOWING TOO CLOSELY,2,NO INDICATION OF INJURY,0,0,41.8818099502,-87.7362457505,60624,"CHICAGO MIDWAY AIRPORT, IL US",77.0,65.0,66.0,0.0,10.0,3.0
crash_02467,2023-05-24 08:30:00,2023,5,May,Wed,8,Morning commute,30,NO CONTROLS,RAIN,DAYLIGHT,ANGLE,ALLEY,DRY,INJURY AND / OR TOW DUE TO CRASH,,,"OVER $1,500",UNABLE TO DETERMINE,2,NO INDICATION OF INJURY,0,0,41.9341048116,-87.7148839625,60618,"CHICAGO MIDWAY AIRPORT, IL US",66.0,46.0,49.0,0.0,10.0,14.0
crash_02468,2023-12-12 10:45:00,2023,12,Dec,Tue,10,Daytime,30,NO CONTROLS,CLEAR,DAYLIGHT,PARKED MOTOR VEHICLE,NOT DIVIDED,DRY,NO INJURY / DRIVE AWAY,,true,$500 OR LESS,DISTRACTION - FROM INSIDE VEHICLE,2,NO INDICATION OF INJURY,0,0,41.886629164,-87.6555254839,60607,"CHICAGO MIDWAY AIRPORT, IL US",37.0,20.0,50.0,0.0,10.0,11.0
crash_02469,2020-03-04 09:00:00,2020,3,Mar,Wed,9,Morning commute,25,STOP SIGN/FLASHER,CLEAR,DAYLIGHT,REAR END,NOT DIVIDED,DRY,INJURY AND / OR TOW DUE TO CRASH,,,"$501 - $1,500",FAILING TO REDUCE SPEED TO AVOID CRASH,2,"REPORTED, NOT EVIDENT",1,0,41.9064158015,-87.7168305756,60651,"CHICAGO MIDWAY AIRPORT, IL US",40.0,32.0,73.0,0.0,10.0,11.0
crash_02470,2018-07-09 15:30:00,2018,7,Jul,Mon,15,Evening commute,30,NO CONTROLS,CLEAR,DAYLIGHT,REAR END,PARKING LOT,DRY,NO INJURY / DRIVE AWAY,,,$500 OR LESS,FOLLOWING TOO CLOSELY,2,NO INDICATION OF INJURY,0,0,41.6777603931,-87.6536621376,60643,"CHICAGO MIDWAY AIRPORT, IL US",90.0,63.0,41.0,0.0,10.0,13.0
crash_02471,2022-01-27 13:28:00,2022,1,Jan,Thu,13,Daytime,30,TRAFFIC SIGNAL,CLOUDY/OVERCAST,DAYLIGHT,REAR END,DIVIDED - W/MEDIAN BARRIER,DRY,NO INJURY / DRIVE AWAY,true,,"$501 - $1,500",FOLLOWING TOO CLOSELY,2,NO INDICATION OF INJURY,0,0,41.7262876719,-87.6820853055,60620,"CHICAGO MIDWAY AIRPORT, IL US",32.0,19.0,59.0,,10.0,15.0
crash_02472,2023-07-06 05:30:00,2023,7,Jul,Thu,5,Night or early morning,30,STOP SIGN/FLASHER,CLOUDY/OVERCAST,DAWN,PARKED MOTOR VEHICLE,ONE-WAY,DRY,NO INJURY / DRIVE AWAY,,true,"OVER $1,500",DRIVING SKILLS/KNOWLEDGE/EXPERIENCE,2,NO INDICATION OF INJURY,0,0,41.754823188,-87.6232239976,60619,"CHICAGO MIDWAY AIRPORT, IL US",71.0,67.0,87.0,,10.0,6.0
crash_02473,2018-08-31 16:25:00,2018,8,Aug,Fri,16,Evening commute,30,NO CONTROLS,CLEAR,DAYLIGHT,REAR END,DIVIDED - W/MEDIAN (NOT RAISED),DRY,NO INJURY / DRIVE AWAY,,true,$500 OR LESS,FAILING TO REDUCE SPEED TO AVOID CRASH,2,NO INDICATION OF INJURY,0,0,41.7290822889,-87.6627210724,60620,"CHICAGO MIDWAY AIRPORT, IL US",85.0,68.0,57.0,0.0,10.0,10.0
crash_02474,2023-10-10 12:30:00,2023,10,Oct,Tue,12,Daytime,30,TRAFFIC SIGNAL,CLEAR,DAYLIGHT,REAR END,DIVIDED - W/MEDIAN BARRIER,DRY,INJURY AND / OR TOW DUE TO CRASH,,,"OVER $1,500",FOLLOWING TOO CLOSELY,2,NO INDICATION OF INJURY,0,0,41.7210645387,-87.6809842497,60620,"CHICAGO MIDWAY AIRPORT, IL US",59.0,31.0,35.0,0.0,10.0,13.0
crash_02475,2022-06-27 12:00:00,2022,6,Jun,Mon,12,Daytime,30,NO CONTROLS,CLEAR,DAYLIGHT,PARKED MOTOR VEHICLE,NOT DIVIDED,DRY,NO INJURY / DRIVE AWAY,,true,"OVER $1,500",IMPROPER OVERTAKING/PASSING,2,NO INDICATION OF INJURY,0,0,41.726454931,-87.55720877,60617,"CHICAGO MIDWAY AIRPORT, IL US",76.0,42.0,30.0,0.0,10.0,17.0
crash_02476,2018-02-08 07:40:00,2018,2,Feb,Thu,7,Morning commute,35,OTHER REG. SIGN,CLOUDY/OVERCAST,DAYLIGHT,REAR END,DIVIDED - W/MEDIAN (NOT RAISED),ICE,NO INJURY / DRIVE AWAY,,,"OVER $1,500",FOLLOWING TOO CLOSELY,2,NO INDICATION OF INJURY,0,0,41.9046791452,-87.7229988475,60651,"CHICAGO MIDWAY AIRPORT, IL US",10.0,5.0,80.0,0.0,9.0,6.0
crash_02477,2024-05-02 15:14:00,2024,5,May,Thu,15,Evening commute,30,NO CONTROLS,RAIN,DAYLIGHT,REAR END,ONE-WAY,WET,NO INJURY / DRIVE AWAY,,true,"$501 - $1,500",FOLLOWING TOO CLOSELY,2,NO INDICATION OF INJURY,0,0,41.9068010603,-87.6943263349,60622,"CHICAGO MIDWAY AIRPORT, IL US",68.0,62.0,81.0,0.22,10.0,7.0
crash_02478,2022-07-08 09:00:00,2022,7,Jul,Fri,9,Morning commute,10,NO CONTROLS,CLEAR,DAYLIGHT,PARKED MOTOR VEHICLE,PARKING LOT,DRY,NO INJURY / DRIVE AWAY,,,"$501 - $1,500",UNABLE TO DETERMINE,2,NO INDICATION OF INJURY,0,0,41.6777603931,-87.6536621376,60643,"CHICAGO MIDWAY AIRPORT, IL US",79.0,70.0,74.0,0.0,10.0,10.0
crash_02479,2018-03-02 19:15:00,2018,3,Mar,Fri,19,Night or early morning,30,TRAFFIC SIGNAL,CLEAR,DUSK,TURNING,ONE-WAY,DRY,NO INJURY / DRIVE AWAY,true,true,"OVER $1,500",IMPROPER OVERTAKING/PASSING,2,NO INDICATION OF INJURY,0,0,41.8932075351,-87.6298422078,60654,"CHICAGO MIDWAY AIRPORT, IL US",37.0,16.0,42.0,0.0,10.0,5.0
crash_02480,2022-06-09 13:15:00,2022,6,Jun,Thu,13,Daytime,30,TRAFFIC SIGNAL,CLEAR,DAYLIGHT,TURNING,FOUR WAY,DRY,INJURY AND / OR TOW DUE TO CRASH,true,,"OVER $1,500",FAILING TO YIELD RIGHT-OF-WAY,2,NONINCAPACITATING INJURY,1,0,41.7427279656,-87.6828247929,60652,"CHICAGO MIDWAY AIRPORT, IL US",77.0,49.0,37.0,0.0,10.0,15.0
crash_02481,2021-09-23 08:15:00,2021,9,Sep,Thu,8,Morning commute,30,NO CONTROLS,CLEAR,DAYLIGHT,ANGLE,NOT DIVIDED,DRY,NO INJURY / DRIVE AWAY,,false,"OVER $1,500",FAILING TO YIELD RIGHT-OF-WAY,2,NO INDICATION OF INJURY,0,0,41.7933682187,-87.7060636624,60629,"CHICAGO MIDWAY AIRPORT, IL US",53.0,41.0,64.0,0.0,10.0,11.0
crash_02482,2020-04-13 12:30:00,2020,4,Apr,Mon,12,Daytime,30,NO CONTROLS,CLEAR,DAYLIGHT,SIDESWIPE OPPOSITE DIRECTION,OTHER,DRY,NO INJURY / DRIVE AWAY,,,"OVER $1,500",FAILING TO REDUCE SPEED TO AVOID CRASH,2,NO INDICATION OF INJURY,0,0,41.8253199299,-87.7239599966,60632,"CHICAGO MIDWAY AIRPORT, IL US",42.0,24.0,49.0,0.0,10.0,22.0
crash_02483,2019-11-29 15:10:00,2019,11,Nov,Fri,15,Evening commute,35,NO CONTROLS,CLEAR,DAYLIGHT,SIDESWIPE SAME DIRECTION,OTHER,DRY,INJURY AND / OR TOW DUE TO CRASH,,true,"OVER $1,500",IMPROPER LANE USAGE,3,NONINCAPACITATING INJURY,1,0,41.7944354122,-87.6438347471,60609,"CHICAGO MIDWAY AIRPORT, IL US",39.0,34.0,82.0,0.0,9.0,3.0
crash_02484,2022-05-28 22:20:00,2022,5,May,Sat,22,Night or early morning,30,TRAFFIC SIGNAL,CLEAR,UNKNOWN,REAR END,FOUR WAY,UNKNOWN,INJURY AND / OR TOW DUE TO CRASH,true,,"OVER $1,500",UNABLE TO DETERMINE,2,NONINCAPACITATING INJURY,2,0,41.9608980152,-87.7229878902,60618,"CHICAGO OHARE INTERNATIONAL AIRPORT, IL US",68.0,53.0,59.0,0.0,10.0,10.0
crash_02485,2020-09-05 11:07:00,2020,9,Sep,Sat,11,Daytime,30,TRAFFIC SIGNAL,CLEAR,DAYLIGHT,REAR END,DIVIDED - W/MEDIAN BARRIER,DRY,INJURY AND / OR TOW DUE TO CRASH,true,,"OVER $1,500",FOLLOWING TOO CLOSELY,2,NO INDICATION OF INJURY,0,0,41.705170002,-87.5272497229,60617,"CHICAGO MIDWAY AIRPORT, IL US",79.0,52.0,39.0,0.0,10.0,20.0
crash_02486,2025-01-02 04:20:00,2025,1,Jan,Thu,4,Night or early morning,35,UNKNOWN,CLEAR,"DARKNESS, LIGHTED ROAD",PARKED MOTOR VEHICLE,ONE-WAY,DRY,NO INJURY / DRIVE AWAY,,,$500 OR LESS,UNABLE TO DETERMINE,2,NO INDICATION OF INJURY,0,0,41.7092105251,-87.6161930066,60628,"CHICAGO MIDWAY AIRPORT, IL US",26.0,14.0,60.0,0.0,10.0,9.0
crash_02487,2021-06-19 15:30:00,2021,6,Jun,Sat,15,Evening commute,0,NO CONTROLS,CLEAR,DAYLIGHT,PARKED MOTOR VEHICLE,PARKING LOT,DRY,NO INJURY / DRIVE AWAY,,true,"OVER $1,500",UNABLE TO DETERMINE,2,NO INDICATION OF INJURY,0,0,41.7439844296,-87.5946616371,60619,"CHICAGO MIDWAY AIRPORT, IL US",89.0,63.0,42.0,0.0,10.0,17.0
crash_02488,2018-01-04 07:45:00,2018,1,Jan,Thu,7,Morning commute,30,TRAFFIC SIGNAL,CLEAR,DAYLIGHT,REAR END,DIVIDED - W/MEDIAN (NOT RAISED),DRY,INJURY AND / OR TOW DUE TO CRASH,,,"OVER $1,500",UNABLE TO DETERMINE,2,NONINCAPACITATING INJURY,1,0,41.873945657,-87.6863821032,60612,"CHICAGO MIDWAY AIRPORT, IL US",3.0,-4.0,72.0,0.0,9.0,8.0
crash_02489,2023-10-04 14:20:00,2023,10,Oct,Wed,14,Daytime,30,UNKNOWN,UNKNOWN,UNKNOWN,ANGLE,UNKNOWN,UNKNOWN,NO INJURY / DRIVE AWAY,,,"OVER $1,500",UNABLE TO DETERMINE,2,NO INDICATION OF INJURY,0,0,41.9643692937,-87.7562535865,60630,"CHICAGO OHARE INTERNATIONAL AIRPORT, IL US",83.0,58.0,43.0,0.0,10.0,15.0
crash_02490,2018-03-21 15:00:00,2018,3,Mar,Wed,15,Evening commute,30,NO CONTROLS,CLEAR,DAYLIGHT,REAR END,NOT DIVIDED,DRY,NO INJURY / DRIVE AWAY,,,$500 OR LESS,IMPROPER BACKING,2,NO INDICATION OF INJURY,0,0,41.9650839645,-87.6611609518,60640,"CHICAGO MIDWAY AIRPORT, IL US",39.0,17.0,41.0,0.0,10.0,17.0
crash_02491,2024-05-15 21:05:00,2024,5,May,Wed,21,Night or early morning,35,TRAFFIC SIGNAL,CLEAR,"DARKNESS, LIGHTED ROAD",ANGLE,NOT DIVIDED,DRY,INJURY AND / OR TOW DUE TO CRASH,true,,"OVER $1,500",DISREGARDING TRAFFIC SIGNALS,2,"REPORTED, NOT EVIDENT",1,0,41.8310478445,-87.6315270888,60616,"CHICAGO MIDWAY AIRPORT, IL US",58.0,40.0,51.0,0.0,10.0,7.0
crash_02492,2024-02-21 08:10:00,2024,2,Feb,Wed,8,Morning commute,20,STOP SIGN/FLASHER,CLEAR,DAYLIGHT,PARKED MOTOR VEHICLE,NOT DIVIDED,DRY,NO INJURY / DRIVE AWAY,true,,"OVER $1,500",UNABLE TO DETERMINE,2,NO INDICATION OF INJURY,0,0,41.7748650121,-87.7288422505,60629,"CHICAGO MIDWAY AIRPORT, IL US",48.0,33.0,56.0,0.0,10.0,8.0
crash_02493,2021-10-24 10:40:00,2021,10,Oct,Sun,10,Daytime,30,NO CONTROLS,RAIN,DAYLIGHT,REAR END,NOT DIVIDED,WET,NO INJURY / DRIVE AWAY,,,"OVER $1,500",FOLLOWING TOO CLOSELY,2,NO INDICATION OF INJURY,0,0,41.9892551989,-87.6552125606,60660,"CHICAGO OHARE INTERNATIONAL AIRPORT, IL US",50.0,43.0,77.0,0.0,10.0,8.0
crash_02494,2022-01-14 09:30:00,2022,1,Jan,Fri,9,Morning commute,35,TRAFFIC SIGNAL,CLEAR,DAYLIGHT,SIDESWIPE SAME DIRECTION,NOT DIVIDED,DRY,NO INJURY / DRIVE AWAY,,,"OVER $1,500",IMPROPER LANE USAGE,2,NO INDICATION OF INJURY,0,0,41.7514606032,-87.585971993,60619,"CHICAGO MIDWAY AIRPORT, IL US",33.0,24.0,70.0,0.0,10.0,17.0
crash_02495,2025-10-05 11:07:00,2025,10,Oct,Sun,11,Daytime,30,TRAFFIC SIGNAL,CLEAR,DAYLIGHT,SIDESWIPE SAME DIRECTION,NOT DIVIDED,DRY,NO INJURY / DRIVE AWAY,,,"$501 - $1,500",UNABLE TO DETERMINE,2,NO INDICATION OF INJURY,0,0,41.9545371499,-87.6543989861,60613,,,,,,,
crash_02496,2023-09-16 13:08:00,2023,9,Sep,Sat,13,Daytime,30,NO CONTROLS,CLEAR,DAYLIGHT,FIXED OBJECT,NOT DIVIDED,DRY,INJURY AND / OR TOW DUE TO CRASH,,,"OVER $1,500",UNABLE TO DETERMINE,1,NONINCAPACITATING INJURY,1,0,41.7539643718,-87.5761847377,60649,"CHICAGO MIDWAY AIRPORT, IL US",70.0,54.0,57.0,0.0,10.0,3.0
crash_02497,2025-07-29 09:15:00,2025,7,Jul,Tue,9,Morning commute,30,TRAFFIC SIGNAL,CLEAR,DAYLIGHT,REAR END,FOUR WAY,DRY,NO INJURY / DRIVE AWAY,true,,"OVER $1,500",FAILING TO YIELD RIGHT-OF-WAY,2,NO INDICATION OF INJURY,0,0,41.8854487382,-87.6665669378,60607,"CHICAGO MIDWAY AIRPORT, IL US",82.0,65.0,56.0,0.0,10.0,5.0
crash_02498,2020-10-31 19:30:00,2020,10,Oct,Sat,19,Night or early morning,30,NO CONTROLS,CLEAR,DARKNESS,PARKED MOTOR VEHICLE,ONE-WAY,DRY,NO INJURY / DRIVE AWAY,,true,"$501 - $1,500",UNABLE TO DETERMINE,2,NO INDICATION OF INJURY,0,0,41.8844953634,-87.7357473511,60624,"CHICAGO MIDWAY AIRPORT, IL US",55.0,37.0,51.0,0.0,10.0,15.0
crash_02499,2022-12-01 08:16:00,2022,12,Dec,Thu,8,Morning commute,30,UNKNOWN,CLOUDY/OVERCAST,UNKNOWN,TURNING,T-INTERSECTION,UNKNOWN,NO INJURY / DRIVE AWAY,true,,"OVER $1,500",UNABLE TO DETERMINE,2,NO INDICATION OF INJURY,0,0,41.9418632403,-87.6399223965,60657,"CHICAGO MIDWAY AIRPORT, IL US",19.0,12.0,74.0,0.0,10.0,9.0
crash_02500,2022-12-22 21:03:00,2022,12,Dec,Thu,21,Night or early morning,30,NO CONTROLS,SNOW,"DARKNESS, LIGHTED ROAD",PARKED MOTOR VEHICLE,NOT DIVIDED,SNOW OR SLUSH,INJURY AND / OR TOW DUE TO CRASH,,,"OVER $1,500",NOT APPLICABLE,3,INCAPACITATING INJURY,1,0,41.8409873509,-87.7048716433,60623,"CHICAGO MIDWAY AIRPORT, IL US",-2.0,-10.0,68.0,0.0,2.5,18.0
crash_02501,2022-10-28 03:10:00,2022,10,Oct,Fri,3,Night or early morning,25,NO CONTROLS,CLEAR,"DARKNESS, LIGHTED ROAD",PARKED MOTOR VEHICLE,ONE-WAY,DRY,INJURY AND / OR TOW DUE TO CRASH,,true,"OVER $1,500",UNABLE TO DETERMINE,2,NO INDICATION OF INJURY,0,0,41.9205946076,-87.7611023641,60639,"CHICAGO OHARE INTERNATIONAL AIRPORT, IL US",46.0,35.0,66.0,0.0,10.0,3.0
crash_02502,2019-01-09 16:15:00,2019,1,Jan,Wed,16,Evening commute,30,TRAFFIC SIGNAL,CLEAR,DUSK,ANGLE,NOT DIVIDED,DRY,NO INJURY / DRIVE AWAY,,true,"$501 - $1,500",NOT APPLICABLE,2,NO INDICATION OF INJURY,0,0,41.8812414568,-87.674282534,60612,"CHICAGO MIDWAY AIRPORT, IL US",21.0,6.0,52.0,0.0,10.0,13.0
crash_02503,2024-10-08 00:06:00,2024,10,Oct,Tue,0,Night or early morning,30,NO CONTROLS,CLEAR,"DARKNESS, LIGHTED ROAD",PARKED MOTOR VEHICLE,NOT DIVIDED,DRY,NO INJURY / DRIVE AWAY,,true,"OVER $1,500",UNABLE TO DETERMINE,2,NO INDICATION OF INJURY,0,0,41.7888868116,-87.6935180152,60629,"CHICAGO MIDWAY AIRPORT, IL US",54.0,32.0,43.0,0.0,10.0,3.0
crash_02504,2024-06-13 17:08:00,2024,6,Jun,Thu,17,Evening commute,30,TRAFFIC SIGNAL,CLEAR,DAYLIGHT,ANGLE,FOUR WAY,DRY,INJURY AND / OR TOW DUE TO CRASH,true,,"OVER $1,500",UNABLE TO DETERMINE,2,NO INDICATION OF INJURY,0,0,41.7804695325,-87.5916724262,60637,"CHICAGO MIDWAY AIRPORT, IL US",91.0,64.0,41.0,0.0,10.0,13.0
crash_02505,2018-02-13 13:40:00,2018,2,Feb,Tue,13,Daytime,30,TRAFFIC SIGNAL,CLEAR,DAYLIGHT,SIDESWIPE SAME DIRECTION,NOT DIVIDED,DRY,NO INJURY / DRIVE AWAY,,,"$501 - $1,500",UNABLE TO DETERMINE,2,NO INDICATION OF INJURY,0,0,41.8819793738,-87.6336781209,60602,"CHICAGO MIDWAY AIRPORT, IL US",35.0,9.0,34.0,0.0,10.0,9.0
crash_02506,2025-08-28 13:31:00,2025,8,Aug,Thu,13,Daytime,30,NO CONTROLS,CLEAR,DAYLIGHT,REAR END,DIVIDED - W/MEDIAN BARRIER,DRY,INJURY AND / OR TOW DUE TO CRASH,,,"OVER $1,500",FOLLOWING TOO CLOSELY,2,INCAPACITATING INJURY,1,0,41.7095648477,-87.6427549161,60628,,,,,,,
crash_02507,2020-02-24 08:56:00,2020,2,Feb,Mon,8,Morning commute,30,NO CONTROLS,CLEAR,DAYLIGHT,SIDESWIPE SAME DIRECTION,FOUR WAY,DRY,NO INJURY / DRIVE AWAY,true,,$500 OR LESS,UNABLE TO DETERMINE,2,NO INDICATION OF INJURY,0,0,41.7438398464,-87.6100212947,60619,"CHICAGO MIDWAY AIRPORT, IL US",40.0,29.0,65.0,0.0,10.0,14.0
crash_02508,2018-08-31 14:10:00,2018,8,Aug,Fri,14,Daytime,10,NO CONTROLS,CLEAR,DAYLIGHT,PARKED MOTOR VEHICLE,PARKING LOT,DRY,NO INJURY / DRIVE AWAY,,,"OVER $1,500",FAILING TO REDUCE SPEED TO AVOID CRASH,2,NO INDICATION OF INJURY,0,0,41.9380898311,-87.8066028081,60634,"CHICAGO OHARE INTERNATIONAL AIRPORT, IL US",83.0,65.0,55.0,0.0,10.0,9.0
crash_02509,2025-12-14 12:30:00,2025,12,Dec,Sun,12,Daytime,30,TRAFFIC SIGNAL,CLEAR,DAYLIGHT,SIDESWIPE SAME DIRECTION,DIVIDED - W/MEDIAN BARRIER,SNOW OR SLUSH,NO INJURY / DRIVE AWAY,false,,"OVER $1,500",IMPROPER TURNING/NO SIGNAL,2,NO INDICATION OF INJURY,0,0,41.9615818155,-87.6775640398,60640,,,,,,,
crash_02510,2019-01-03 21:40:00,2019,1,Jan,Thu,21,Night or early morning,30,NO CONTROLS,CLEAR,"DARKNESS, LIGHTED ROAD",PARKED MOTOR VEHICLE,DIVIDED - W/MEDIAN (NOT RAISED),DRY,NO INJURY / DRIVE AWAY,,,$500 OR LESS,IMPROPER BACKING,2,NO INDICATION OF INJURY,0,0,41.9225725436,-87.6449555916,60614,"CHICAGO MIDWAY AIRPORT, IL US",34.0,29.0,82.0,0.0,10.0,11.0
crash_02511,2022-09-21 12:15:00,2022,9,Sep,Wed,12,Daytime,30,NO CONTROLS,CLEAR,DAYLIGHT,PARKED MOTOR VEHICLE,PARKING LOT,DRY,NO INJURY / DRIVE AWAY,,,"$501 - $1,500",UNABLE TO DETERMINE,2,NO INDICATION OF INJURY,0,0,41.6850262563,-87.642297367,60643,"CHICAGO MIDWAY AIRPORT, IL US",88.0,67.0,50.0,0.0,10.0,11.0