crash_id,crash_datetime,crash_year,crash_month,crash_month_name,crash_weekday_name,crash_hour,time_period,posted_speed_limit_mph,traffic_control_device,reported_weather_condition,reported_lighting_condition,first_crash_type,trafficway_type,reported_road_surface_condition,crash_type,intersection_related,hit_and_run,estimated_damage,primary_contributory_cause,unit_count,most_severe_injury,injuries_total,injuries_fatal,latitude,longitude,zip5,weather_station_name,temperature_f,dew_point_f,relative_humidity_percent,precipitation_inches,visibility_miles,wind_speed_mph
crash_02512,2022-03-28 09:15:00,2022,3,Mar,Mon,9,Morning commute,15,NO CONTROLS,CLEAR,DAYLIGHT,SIDESWIPE SAME DIRECTION,DRIVEWAY,DRY,NO INJURY / DRIVE AWAY,,,"OVER $1,500",FOLLOWING TOO CLOSELY,2,NO INDICATION OF INJURY,0,0,41.8732169991,-87.6756751765,60612,"CHICAGO MIDWAY AIRPORT, IL US",30.0,9.0,41.0,0.0,10.0,9.0
crash_02513,2022-10-20 13:20:00,2022,10,Oct,Thu,13,Daytime,30,UNKNOWN,CLEAR,DAYLIGHT,ANGLE,NOT DIVIDED,UNKNOWN,NO INJURY / DRIVE AWAY,false,,$500 OR LESS,UNABLE TO DETERMINE,2,NO INDICATION OF INJURY,0,0,41.9698397529,-87.748004139,60630,"CHICAGO OHARE INTERNATIONAL AIRPORT, IL US",53.0,19.0,26.0,0.0,10.0,11.0
crash_02514,2024-02-24 21:26:00,2024,2,Feb,Sat,21,Night or early morning,30,NO CONTROLS,CLEAR,"DARKNESS, LIGHTED ROAD",TURNING,NOT DIVIDED,DRY,INJURY AND / OR TOW DUE TO CRASH,,,"$501 - $1,500",UNABLE TO DETERMINE,2,NO INDICATION OF INJURY,0,0,41.9767598976,-87.8367614497,60656,"CHICAGO OHARE INTERNATIONAL AIRPORT, IL US",32.0,20.0,61.0,0.0,10.0,10.0
crash_02515,2024-12-31 11:00:00,2024,12,Dec,Tue,11,Daytime,30,NO CONTROLS,RAIN,DAYLIGHT,PARKED MOTOR VEHICLE,NOT DIVIDED,WET,NO INJURY / DRIVE AWAY,,true,$500 OR LESS,UNABLE TO DETERMINE,2,NO INDICATION OF INJURY,0,0,41.8205337878,-87.6848982578,60632,"CHICAGO MIDWAY AIRPORT, IL US",40.0,36.0,86.0,0.04,8.0,15.0
crash_02516,2021-03-25 15:00:00,2021,3,Mar,Thu,15,Evening commute,30,NO CONTROLS,UNKNOWN,DAYLIGHT,SIDESWIPE SAME DIRECTION,DIVIDED - W/MEDIAN BARRIER,UNKNOWN,NO INJURY / DRIVE AWAY,,,"OVER $1,500",UNABLE TO DETERMINE,2,NO INDICATION OF INJURY,0,0,41.822563836,-87.7241874791,60632,"CHICAGO MIDWAY AIRPORT, IL US",49.0,38.0,66.0,0.0,10.0,9.0
crash_02517,2024-01-31 08:45:00,2024,1,Jan,Wed,8,Morning commute,30,NO CONTROLS,CLEAR,DAYLIGHT,ANGLE,NOT DIVIDED,DRY,NO INJURY / DRIVE AWAY,true,,"OVER $1,500",UNABLE TO DETERMINE,2,NO INDICATION OF INJURY,0,0,41.7788045965,-87.7105552465,60629,"CHICAGO MIDWAY AIRPORT, IL US",40.0,31.0,70.0,0.0,10.0,6.0
crash_02518,2024-05-21 12:30:00,2024,5,May,Tue,12,Daytime,30,TRAFFIC SIGNAL,CLEAR,DAYLIGHT,TURNING,FOUR WAY,DRY,INJURY AND / OR TOW DUE TO CRASH,true,,"OVER $1,500",FAILING TO YIELD RIGHT-OF-WAY,2,NO INDICATION OF INJURY,0,0,41.6837248106,-87.7393060694,60655,"CHICAGO MIDWAY AIRPORT, IL US",86.0,62.0,45.0,0.0,10.0,20.0
crash_02519,2024-11-15 10:35:00,2024,11,Nov,Fri,10,Daytime,30,TRAFFIC SIGNAL,CLEAR,DAYLIGHT,REAR END,ONE-WAY,DRY,NO INJURY / DRIVE AWAY,true,true,"OVER $1,500",FOLLOWING TOO CLOSELY,2,NO INDICATION OF INJURY,0,0,41.8792237725,-87.6441875333,60661,"CHICAGO MIDWAY AIRPORT, IL US",51.0,42.0,71.0,0.0,10.0,6.0
crash_02520,2022-03-11 14:30:00,2022,3,Mar,Fri,14,Daytime,10,NO CONTROLS,CLEAR,DAYLIGHT,REAR END,ONE-WAY,DRY,NO INJURY / DRIVE AWAY,,,"$501 - $1,500",FOLLOWING TOO CLOSELY,2,NO INDICATION OF INJURY,0,0,41.9236732565,-87.7996266459,60707,"CHICAGO OHARE INTERNATIONAL AIRPORT, IL US",29.0,17.0,61.0,0.0,10.0,16.0
crash_02521,2020-09-22 04:30:00,2020,9,Sep,Tue,4,Night or early morning,35,TRAFFIC SIGNAL,CLEAR,DAYLIGHT,REAR END,DIVIDED - W/MEDIAN (NOT RAISED),DRY,NO INJURY / DRIVE AWAY,,true,"$501 - $1,500",UNABLE TO DETERMINE,2,NO INDICATION OF INJURY,0,0,41.8357699388,-87.6755650067,60608,"CHICAGO MIDWAY AIRPORT, IL US",57.0,44.0,62.0,0.0,10.0,3.0
crash_02522,2021-06-29 09:55:00,2021,6,Jun,Tue,9,Morning commute,40,NO CONTROLS,RAIN,DAYLIGHT,FIXED OBJECT,DIVIDED - W/MEDIAN BARRIER,WET,INJURY AND / OR TOW DUE TO CRASH,,,"OVER $1,500",NOT APPLICABLE,1,NO INDICATION OF INJURY,0,0,41.9009589191,-87.6199281737,60611,"CHICAGO MIDWAY AIRPORT, IL US",72.0,68.0,87.0,0.17,3.0,7.0
crash_02523,2019-03-17 04:10:00,2019,3,Mar,Sun,4,Night or early morning,30,TRAFFIC SIGNAL,CLEAR,"DARKNESS, LIGHTED ROAD",TURNING,NOT DIVIDED,DRY,INJURY AND / OR TOW DUE TO CRASH,true,,"OVER $1,500",UNDER THE INFLUENCE OF ALCOHOL/DRUGS (USE WHEN ARREST IS EFFECTED),2,INCAPACITATING INJURY,2,0,41.7516115233,-87.5855922843,60649,"CHICAGO MIDWAY AIRPORT, IL US",31.0,23.0,72.0,0.0,10.0,0.0
crash_02524,2023-02-09 18:20:00,2023,2,Feb,Thu,18,Evening commute,30,TRAFFIC SIGNAL,CLEAR,DAYLIGHT,SIDESWIPE SAME DIRECTION,DIVIDED - W/MEDIAN (NOT RAISED),DRY,NO INJURY / DRIVE AWAY,,,"OVER $1,500",IMPROPER LANE USAGE,2,NO INDICATION OF INJURY,0,0,41.9546794056,-87.7474853165,60641,"CHICAGO OHARE INTERNATIONAL AIRPORT, IL US",36.0,32.0,86.0,0.0,3.0,15.0
crash_02525,2021-06-19 12:25:00,2021,6,Jun,Sat,12,Daytime,30,STOP SIGN/FLASHER,CLEAR,DAYLIGHT,ANGLE,NOT DIVIDED,DRY,NO INJURY / DRIVE AWAY,true,,"OVER $1,500",DISREGARDING STOP SIGN,2,NO INDICATION OF INJURY,0,0,41.7065458069,-87.6649504918,60643,"CHICAGO MIDWAY AIRPORT, IL US",84.0,65.0,53.0,0.0,10.0,16.0
crash_02526,2025-03-19 14:38:00,2025,3,Mar,Wed,14,Daytime,30,NO CONTROLS,CLOUDY/OVERCAST,DAYLIGHT,REAR END,DIVIDED - W/MEDIAN (NOT RAISED),WET,INJURY AND / OR TOW DUE TO CRASH,,,"OVER $1,500",FOLLOWING TOO CLOSELY,2,NO INDICATION OF INJURY,0,0,41.8555228312,-87.6158428331,60616,"CHICAGO MIDWAY AIRPORT, IL US",43.0,41.0,93.0,0.0,9.0,8.0
crash_02527,2019-01-09 18:33:00,2019,1,Jan,Wed,18,Evening commute,30,NO CONTROLS,CLEAR,DARKNESS,PARKED MOTOR VEHICLE,NOT DIVIDED,DRY,NO INJURY / DRIVE AWAY,,,"$501 - $1,500",IMPROPER LANE USAGE,2,NO INDICATION OF INJURY,0,0,41.9440080201,-87.7665452745,60641,"CHICAGO OHARE INTERNATIONAL AIRPORT, IL US",18.0,8.0,65.0,0.0,10.0,8.0
crash_02528,2020-11-21 12:25:00,2020,11,Nov,Sat,12,Daytime,30,NO CONTROLS,CLEAR,DAYLIGHT,PARKED MOTOR VEHICLE,OTHER,DRY,INJURY AND / OR TOW DUE TO CRASH,true,false,"$501 - $1,500",UNDER THE INFLUENCE OF ALCOHOL/DRUGS (USE WHEN ARREST IS EFFECTED),2,NONINCAPACITATING INJURY,1,0,41.7467487954,-87.6535766214,60620,"CHICAGO MIDWAY AIRPORT, IL US",44.0,32.0,63.0,0.0,10.0,8.0
crash_02529,2024-04-17 13:14:00,2024,4,Apr,Wed,13,Daytime,30,TRAFFIC SIGNAL,CLEAR,DAYLIGHT,REAR END,NOT DIVIDED,DRY,INJURY AND / OR TOW DUE TO CRASH,true,,"OVER $1,500",UNDER THE INFLUENCE OF ALCOHOL/DRUGS (USE WHEN ARREST IS EFFECTED),2,NONINCAPACITATING INJURY,3,0,41.8606010901,-87.7251526693,60623,"CHICAGO MIDWAY AIRPORT, IL US",64.0,50.0,60.0,,10.0,21.0
crash_02530,2019-12-23 21:32:00,2019,12,Dec,Mon,21,Night or early morning,30,NO CONTROLS,CLEAR,"DARKNESS, LIGHTED ROAD",PARKED MOTOR VEHICLE,DIVIDED - W/MEDIAN (NOT RAISED),DRY,NO INJURY / DRIVE AWAY,,true,"$501 - $1,500",UNABLE TO DETERMINE,2,NO INDICATION OF INJURY,0,0,41.9604225797,-87.7631241598,60641,"CHICAGO OHARE INTERNATIONAL AIRPORT, IL US",35.0,33.0,93.0,0.0,8.0,8.0
crash_02531,2018-08-10 12:00:00,2018,8,Aug,Fri,12,Daytime,30,TRAFFIC SIGNAL,CLEAR,DAYLIGHT,PEDALCYCLIST,DIVIDED - W/MEDIAN (NOT RAISED),DRY,NO INJURY / DRIVE AWAY,,true,$500 OR LESS,FAILING TO YIELD RIGHT-OF-WAY,2,NO INDICATION OF INJURY,0,0,41.874462352,-87.6439100562,60607,"CHICAGO MIDWAY AIRPORT, IL US",84.0,68.0,59.0,0.0,10.0,8.0
crash_02532,2025-04-10 07:15:00,2025,4,Apr,Thu,7,Morning commute,30,STOP SIGN/FLASHER,CLEAR,DAYLIGHT,ANGLE,NOT DIVIDED,DRY,INJURY AND / OR TOW DUE TO CRASH,true,,"OVER $1,500",UNABLE TO DETERMINE,2,NO INDICATION OF INJURY,0,0,41.9009404706,-87.7261053512,60651,"CHICAGO MIDWAY AIRPORT, IL US",40.0,36.0,86.0,0.0,5.0,8.0
crash_02533,2020-03-27 12:45:00,2020,3,Mar,Fri,12,Daytime,30,NO CONTROLS,CLEAR,DAYLIGHT,SIDESWIPE SAME DIRECTION,DIVIDED - W/MEDIAN (NOT RAISED),DRY,INJURY AND / OR TOW DUE TO CRASH,,,"OVER $1,500",IMPROPER OVERTAKING/PASSING,2,NO INDICATION OF INJURY,0,0,41.7881505208,-87.6840246853,60629,"CHICAGO MIDWAY AIRPORT, IL US",50.0,46.0,86.0,0.0,8.0,11.0
crash_02534,2023-10-01 00:20:00,2023,10,Oct,Sun,0,Night or early morning,30,STOP SIGN/FLASHER,CLEAR,"DARKNESS, LIGHTED ROAD",ANGLE,FOUR WAY,DRY,INJURY AND / OR TOW DUE TO CRASH,,true,"OVER $1,500",DISREGARDING STOP SIGN,5,NONINCAPACITATING INJURY,2,0,41.8918350059,-87.7212302092,60624,"CHICAGO MIDWAY AIRPORT, IL US",70.0,58.0,66.0,0.0,10.0,5.0
crash_02535,2025-09-25 12:00:00,2025,9,Sep,Thu,12,Daytime,30,TRAFFIC SIGNAL,CLEAR,DARKNESS,TURNING,FOUR WAY,DRY,NO INJURY / DRIVE AWAY,,,"OVER $1,500",IMPROPER TURNING/NO SIGNAL,2,NO INDICATION OF INJURY,0,0,41.8867491397,-87.7456088529,60644,,,,,,,
crash_02536,2024-11-22 19:20:00,2024,11,Nov,Fri,19,Night or early morning,35,TRAFFIC SIGNAL,CLEAR,"DARKNESS, LIGHTED ROAD",TURNING,DIVIDED - W/MEDIAN (NOT RAISED),DRY,NO INJURY / DRIVE AWAY,,,"OVER $1,500",IMPROPER TURNING/NO SIGNAL,2,NO INDICATION OF INJURY,0,0,41.8379429656,-87.6509927225,60608,"CHICAGO MIDWAY AIRPORT, IL US",46.0,36.0,68.0,0.0,10.0,11.0
crash_02537,2019-04-17 02:29:00,2019,4,Apr,Wed,2,Night or early morning,35,NO CONTROLS,CLEAR,"DARKNESS, LIGHTED ROAD",FIXED OBJECT,DIVIDED - W/MEDIAN BARRIER,DRY,INJURY AND / OR TOW DUE TO CRASH,,,"OVER $1,500","OPERATING VEHICLE IN ERRATIC, RECKLESS, CARELESS, NEGLIGENT OR AGGRESSIVE MANNER",1,NO INDICATION OF INJURY,0,0,41.9021717613,-87.6676107409,60622,"CHICAGO MIDWAY AIRPORT, IL US",48.0,43.0,83.0,0.0,8.0,5.0
crash_02538,2021-08-26 15:03:00,2021,8,Aug,Thu,15,Evening commute,30,TRAFFIC SIGNAL,CLEAR,DAYLIGHT,REAR END,NOT DIVIDED,DRY,NO INJURY / DRIVE AWAY,true,,"OVER $1,500",FOLLOWING TOO CLOSELY,2,NO INDICATION OF INJURY,0,0,41.9976186888,-87.6899394819,60659,"CHICAGO OHARE INTERNATIONAL AIRPORT, IL US",89.0,67.0,48.0,0.0,10.0,0.0
crash_02539,2020-07-15 18:25:00,2020,7,Jul,Wed,18,Evening commute,25,NO CONTROLS,RAIN,DUSK,ANGLE,ONE-WAY,WET,NO INJURY / DRIVE AWAY,,true,"OVER $1,500",FAILING TO YIELD RIGHT-OF-WAY,2,NO INDICATION OF INJURY,0,0,41.7356859478,-87.6486397428,60620,"CHICAGO MIDWAY AIRPORT, IL US",77.0,72.0,85.0,0.05,9.0,6.0
crash_02540,2018-12-06 07:35:00,2018,12,Dec,Thu,7,Morning commute,30,NO CONTROLS,CLEAR,DAYLIGHT,ANGLE,NOT DIVIDED,DRY,NO INJURY / DRIVE AWAY,,,"OVER $1,500",FAILING TO YIELD RIGHT-OF-WAY,2,NO INDICATION OF INJURY,0,0,41.8190822492,-87.724190194,60632,"CHICAGO MIDWAY AIRPORT, IL US",32.0,24.0,73.0,0.0,10.0,11.0
crash_02541,2025-04-14 08:30:00,2025,4,Apr,Mon,8,Morning commute,25,NO CONTROLS,CLEAR,DAYLIGHT,PARKED MOTOR VEHICLE,ONE-WAY,DRY,NO INJURY / DRIVE AWAY,,true,"OVER $1,500",DRIVING SKILLS/KNOWLEDGE/EXPERIENCE,2,NO INDICATION OF INJURY,0,0,41.742257677,-87.5528792729,60617,"CHICAGO MIDWAY AIRPORT, IL US",61.0,40.0,46.0,0.0,10.0,17.0
crash_02542,2021-10-08 14:07:00,2021,10,Oct,Fri,14,Daytime,35,TRAFFIC SIGNAL,CLEAR,DAYLIGHT,PEDALCYCLIST,FOUR WAY,DRY,INJURY AND / OR TOW DUE TO CRASH,true,,"OVER $1,500",DISREGARDING TRAFFIC SIGNALS,2,NONINCAPACITATING INJURY,1,0,41.9063970733,-87.6434414869,60610,"CHICAGO MIDWAY AIRPORT, IL US",75.0,57.0,54.0,0.0,10.0,5.0
crash_02543,2023-11-24 11:50:00,2023,11,Nov,Fri,11,Daytime,30,TRAFFIC SIGNAL,CLEAR,DAYLIGHT,REAR TO FRONT,ONE-WAY,DRY,INJURY AND / OR TOW DUE TO CRASH,,,"OVER $1,500",UNABLE TO DETERMINE,2,"REPORTED, NOT EVIDENT",2,0,41.8998755308,-87.6254555423,60611,"CHICAGO MIDWAY AIRPORT, IL US",34.0,21.0,60.0,,10.0,16.0
crash_02544,2019-10-17 17:00:00,2019,10,Oct,Thu,17,Evening commute,30,NO CONTROLS,CLEAR,DUSK,SIDESWIPE SAME DIRECTION,NOT DIVIDED,DRY,INJURY AND / OR TOW DUE TO CRASH,,,"$501 - $1,500",NOT APPLICABLE,2,NO INDICATION OF INJURY,0,0,41.8007272599,-87.7039102174,60632,"CHICAGO MIDWAY AIRPORT, IL US",52.0,39.0,61.0,0.0,10.0,0.0
crash_02545,2018-06-20 01:30:00,2018,6,Jun,Wed,1,Night or early morning,25,NO CONTROLS,CLEAR,"DARKNESS, LIGHTED ROAD",PARKED MOTOR VEHICLE,ONE-WAY,DRY,NO INJURY / DRIVE AWAY,,true,"OVER $1,500",UNABLE TO DETERMINE,2,NO INDICATION OF INJURY,0,0,41.9158393703,-87.6909928808,60647,"CHICAGO MIDWAY AIRPORT, IL US",66.0,63.0,90.0,0.0,10.0,3.0
crash_02546,2021-10-23 10:42:00,2021,10,Oct,Sat,10,Daytime,30,NO CONTROLS,CLEAR,DAYLIGHT,PARKED MOTOR VEHICLE,NOT DIVIDED,DRY,INJURY AND / OR TOW DUE TO CRASH,,,"OVER $1,500",NOT APPLICABLE,3,FATAL,1,1,41.7615157934,-87.6547651938,60636,"CHICAGO MIDWAY AIRPORT, IL US",52.0,28.0,40.0,0.0,10.0,7.0
crash_02547,2018-10-11 15:00:00,2018,10,Oct,Thu,15,Evening commute,30,NO CONTROLS,UNKNOWN,UNKNOWN,PARKED MOTOR VEHICLE,NOT DIVIDED,UNKNOWN,INJURY AND / OR TOW DUE TO CRASH,,true,"$501 - $1,500",UNABLE TO DETERMINE,2,NO INDICATION OF INJURY,0,0,41.7596792377,-87.6414352072,60621,"CHICAGO MIDWAY AIRPORT, IL US",50.0,32.0,50.0,0.0,10.0,18.0
crash_02548,2021-01-09 12:50:00,2021,1,Jan,Sat,12,Daytime,30,NO CONTROLS,CLEAR,DAYLIGHT,PARKED MOTOR VEHICLE,ONE-WAY,DRY,INJURY AND / OR TOW DUE TO CRASH,,true,"OVER $1,500",UNABLE TO DETERMINE,3,NO INDICATION OF INJURY,0,0,41.7730811238,-87.7226820039,60629,"CHICAGO MIDWAY AIRPORT, IL US",36.0,23.0,59.0,0.0,10.0,9.0
crash_02549,2025-07-23 20:45:00,2025,7,Jul,Wed,20,Night or early morning,30,NO CONTROLS,CLEAR,DUSK,SIDESWIPE SAME DIRECTION,NOT DIVIDED,DRY,NO INJURY / DRIVE AWAY,,,"$501 - $1,500",FAILING TO YIELD RIGHT-OF-WAY,2,NO INDICATION OF INJURY,0,0,41.9057815201,-87.6343976226,60610,"CHICAGO MIDWAY AIRPORT, IL US",89.0,78.0,70.0,0.0,10.0,16.0
crash_02550,2025-09-29 17:30:00,2025,9,Sep,Mon,17,Evening commute,10,NO CONTROLS,CLEAR,DAYLIGHT,REAR TO REAR,PARKING LOT,DRY,NO INJURY / DRIVE AWAY,,,"OVER $1,500",UNABLE TO DETERMINE,2,NO INDICATION OF INJURY,0,0,41.9229310426,-87.7461194779,60639,,,,,,,
crash_02551,2025-03-07 15:35:00,2025,3,Mar,Fri,15,Evening commute,20,STOP SIGN/FLASHER,FREEZING RAIN/DRIZZLE,DAYLIGHT,PARKED MOTOR VEHICLE,NOT DIVIDED,WET,INJURY AND / OR TOW DUE TO CRASH,,true,"OVER $1,500",UNABLE TO DETERMINE,3,"REPORTED, NOT EVIDENT",1,0,41.7751748924,-87.594605876,60637,"CHICAGO MIDWAY AIRPORT, IL US",36.0,33.0,89.0,0.01,2.0,8.0
crash_02552,2021-09-17 13:20:00,2021,9,Sep,Fri,13,Daytime,35,NO CONTROLS,CLEAR,DAYLIGHT,REAR END,DIVIDED - W/MEDIAN (NOT RAISED),DRY,INJURY AND / OR TOW DUE TO CRASH,,,"OVER $1,500",PHYSICAL CONDITION OF DRIVER,3,NONINCAPACITATING INJURY,1,0,41.6844134296,-87.6820920183,60655,"CHICAGO MIDWAY AIRPORT, IL US",86.0,55.0,35.0,0.0,10.0,8.0
crash_02553,2018-12-15 07:23:00,2018,12,Dec,Sat,7,Morning commute,30,TRAFFIC SIGNAL,CLOUDY/OVERCAST,DAYLIGHT,REAR END,NOT DIVIDED,WET,INJURY AND / OR TOW DUE TO CRASH,,,"OVER $1,500",WEATHER,2,NONINCAPACITATING INJURY,1,0,42.0017842276,-87.6720389515,60626,"CHICAGO OHARE INTERNATIONAL AIRPORT, IL US",31.0,30.0,96.0,,5.0,8.0
crash_02554,2019-07-20 15:00:00,2019,7,Jul,Sat,15,Evening commute,30,TRAFFIC SIGNAL,CLEAR,DAYLIGHT,TURNING,FOUR WAY,DRY,NO INJURY / DRIVE AWAY,true,,"$501 - $1,500",FAILING TO YIELD RIGHT-OF-WAY,2,NO INDICATION OF INJURY,0,0,41.8867217641,-87.6867273643,60612,"CHICAGO MIDWAY AIRPORT, IL US",96.0,77.0,54.0,0.0,10.0,16.0
crash_02555,2020-12-15 21:36:00,2020,12,Dec,Tue,21,Night or early morning,30,NO CONTROLS,CLEAR,"DARKNESS, LIGHTED ROAD",PEDALCYCLIST,ALLEY,DRY,NO INJURY / DRIVE AWAY,,true,"OVER $1,500",UNABLE TO DETERMINE,2,NO INDICATION OF INJURY,0,0,41.9039059863,-87.6346262373,60610,"CHICAGO MIDWAY AIRPORT, IL US",29.0,16.0,58.0,0.0,10.0,11.0
crash_02556,2020-02-13 12:05:00,2020,2,Feb,Thu,12,Daytime,25,NO CONTROLS,SNOW,DAYLIGHT,REAR END,NOT DIVIDED,WET,NO INJURY / DRIVE AWAY,,,"$501 - $1,500",FOLLOWING TOO CLOSELY,2,NO INDICATION OF INJURY,0,0,41.8858384518,-87.6258416456,60601,"CHICAGO MIDWAY AIRPORT, IL US",15.0,7.0,70.0,0.0,6.0,21.0
crash_02557,2020-01-25 11:30:00,2020,1,Jan,Sat,11,Daytime,30,TRAFFIC SIGNAL,SNOW,DAYLIGHT,TURNING,FOUR WAY,WET,NO INJURY / DRIVE AWAY,true,,"OVER $1,500",FAILING TO YIELD RIGHT-OF-WAY,2,NO INDICATION OF INJURY,0,0,41.7914518348,-87.5868598793,60637,"CHICAGO MIDWAY AIRPORT, IL US",35.0,33.0,93.0,0.0,3.0,13.0
crash_02558,2018-08-22 07:45:00,2018,8,Aug,Wed,7,Morning commute,25,TRAFFIC SIGNAL,CLEAR,DAYLIGHT,REAR END,NOT DIVIDED,DRY,NO INJURY / DRIVE AWAY,,,"$501 - $1,500",UNABLE TO DETERMINE,2,NO INDICATION OF INJURY,0,0,41.8998219477,-87.7114386571,60651,"CHICAGO MIDWAY AIRPORT, IL US",63.0,54.0,73.0,0.0,10.0,8.0
crash_02559,2021-08-31 16:04:00,2021,8,Aug,Tue,16,Evening commute,25,NO CONTROLS,CLEAR,DAYLIGHT,REAR END,NOT DIVIDED,DRY,NO INJURY / DRIVE AWAY,,,"$501 - $1,500",FOLLOWING TOO CLOSELY,2,NO INDICATION OF INJURY,0,0,41.9975978299,-87.7037815761,60645,"CHICAGO OHARE INTERNATIONAL AIRPORT, IL US",79.0,56.0,45.0,0.0,10.0,14.0
crash_02560,2024-07-19 16:00:00,2024,7,Jul,Fri,16,Evening commute,30,NO CONTROLS,CLEAR,DAYLIGHT,FIXED OBJECT,NOT DIVIDED,DRY,NO INJURY / DRIVE AWAY,true,,"$501 - $1,500",UNABLE TO DETERMINE,1,NO INDICATION OF INJURY,0,0,41.7388100458,-87.7022371966,60652,"CHICAGO MIDWAY AIRPORT, IL US",77.0,52.0,42.0,0.0,10.0,11.0
crash_02561,2018-08-01 16:00:00,2018,8,Aug,Wed,16,Evening commute,30,NO CONTROLS,CLEAR,DAYLIGHT,FIXED OBJECT,NOT DIVIDED,DRY,NO INJURY / DRIVE AWAY,,,$500 OR LESS,IMPROPER BACKING,1,NO INDICATION OF INJURY,0,0,41.8576818991,-87.670948729,60608,"CHICAGO MIDWAY AIRPORT, IL US",,,,0.03,10.0,15.0
crash_02562,2025-03-10 10:23:00,2025,3,Mar,Mon,10,Daytime,30,NO CONTROLS,CLEAR,DAYLIGHT,PARKED MOTOR VEHICLE,DIVIDED - W/MEDIAN (NOT RAISED),DRY,NO INJURY / DRIVE AWAY,,,$500 OR LESS,UNABLE TO DETERMINE,2,NO INDICATION OF INJURY,0,0,41.7786358443,-87.7171199413,60629,"CHICAGO MIDWAY AIRPORT, IL US",52.0,30.0,43.0,0.0,10.0,10.0
crash_02563,2024-05-22 07:45:00,2024,5,May,Wed,7,Morning commute,25,TRAFFIC SIGNAL,CLEAR,DAYLIGHT,TURNING,NOT DIVIDED,DRY,NO INJURY / DRIVE AWAY,true,,"$501 - $1,500",UNABLE TO DETERMINE,2,NO INDICATION OF INJURY,0,0,41.8998219477,-87.7114386571,60651,"CHICAGO MIDWAY AIRPORT, IL US",64.0,52.0,65.0,0.0,10.0,21.0
crash_02564,2021-10-23 17:55:00,2021,10,Oct,Sat,17,Evening commute,25,NO CONTROLS,UNKNOWN,DAWN,SIDESWIPE SAME DIRECTION,NOT DIVIDED,UNKNOWN,NO INJURY / DRIVE AWAY,,,"$501 - $1,500",UNABLE TO DETERMINE,2,NO INDICATION OF INJURY,0,0,41.8196231376,-87.7042760122,60632,"CHICAGO MIDWAY AIRPORT, IL US",51.0,32.0,48.0,0.0,10.0,8.0
crash_02565,2018-10-20 10:15:00,2018,10,Oct,Sat,10,Daytime,30,NO CONTROLS,CLEAR,DAYLIGHT,PARKED MOTOR VEHICLE,NOT DIVIDED,DRY,INJURY AND / OR TOW DUE TO CRASH,,true,"$501 - $1,500",UNABLE TO DETERMINE,2,NO INDICATION OF INJURY,0,0,41.8942772248,-87.6372582532,60654,"CHICAGO MIDWAY AIRPORT, IL US",51.0,36.0,56.0,0.0,10.0,20.0
crash_02566,2025-09-07 23:26:00,2025,9,Sep,Sun,23,Night or early morning,30,NO CONTROLS,CLEAR,DARKNESS,REAR END,FOUR WAY,DRY,NO INJURY / DRIVE AWAY,true,,"$501 - $1,500",UNABLE TO DETERMINE,2,NO INDICATION OF INJURY,0,0,41.9217236468,-87.6487770098,60614,,,,,,,
crash_02567,2022-11-15 09:55:00,2022,11,Nov,Tue,9,Morning commute,30,NO CONTROLS,SNOW,DAYLIGHT,SIDESWIPE SAME DIRECTION,DIVIDED - W/MEDIAN BARRIER,WET,NO INJURY / DRIVE AWAY,,,"$501 - $1,500",UNABLE TO DETERMINE,2,NO INDICATION OF INJURY,0,0,41.659687315,-87.583621707,60633,"CHICAGO MIDWAY AIRPORT, IL US",35.0,31.0,85.0,0.0,3.0,7.0
crash_02568,2025-09-19 10:07:00,2025,9,Sep,Fri,10,Daytime,25,NO CONTROLS,CLEAR,DAYLIGHT,PARKED MOTOR VEHICLE,NOT DIVIDED,DRY,NO INJURY / DRIVE AWAY,,true,"OVER $1,500",NOT APPLICABLE,2,NO INDICATION OF INJURY,0,0,41.9732384371,-87.6523832745,60640,,,,,,,
crash_02569,2025-05-01 12:40:00,2025,5,May,Thu,12,Daytime,30,NO CONTROLS,CLEAR,DAYLIGHT,TURNING,ONE-WAY,WET,NO INJURY / DRIVE AWAY,,,"OVER $1,500",UNABLE TO DETERMINE,2,NO INDICATION OF INJURY,0,0,41.9081002069,-87.7302888196,60651,"CHICAGO MIDWAY AIRPORT, IL US",73.0,61.0,66.0,,10.0,18.0
crash_02570,2018-07-25 18:00:00,2018,7,Jul,Wed,18,Evening commute,30,NO CONTROLS,CLEAR,DAYLIGHT,PEDALCYCLIST,NOT DIVIDED,DRY,NO INJURY / DRIVE AWAY,true,,$500 OR LESS,UNABLE TO DETERMINE,2,NO INDICATION OF INJURY,0,0,41.8893434784,-87.6295122743,60654,"CHICAGO MIDWAY AIRPORT, IL US",86.0,58.0,39.0,0.0,10.0,9.0
crash_02571,2018-02-25 00:00:00,2018,2,Feb,Sun,0,Night or early morning,30,UNKNOWN,RAIN,"DARKNESS, LIGHTED ROAD",SIDESWIPE SAME DIRECTION,NOT DIVIDED,WET,NO INJURY / DRIVE AWAY,,,"$501 - $1,500",UNABLE TO DETERMINE,2,NO INDICATION OF INJURY,0,0,41.9381361126,-87.7903544626,60634,"CHICAGO OHARE INTERNATIONAL AIRPORT, IL US",50.0,47.0,89.0,0.05,4.0,14.0