crash_id,crash_datetime,crash_year,crash_month,crash_month_name,crash_weekday_name,crash_hour,time_period,posted_speed_limit_mph,traffic_control_device,reported_weather_condition,reported_lighting_condition,first_crash_type,trafficway_type,reported_road_surface_condition,crash_type,intersection_related,hit_and_run,estimated_damage,primary_contributory_cause,unit_count,most_severe_injury,injuries_total,injuries_fatal,latitude,longitude,zip5,weather_station_name,temperature_f,dew_point_f,relative_humidity_percent,precipitation_inches,visibility_miles,wind_speed_mph
crash_02572,2018-03-13 19:30:00,2018,3,Mar,Tue,19,Night or early morning,30,NO CONTROLS,CLEAR,"DARKNESS, LIGHTED ROAD",SIDESWIPE SAME DIRECTION,DIVIDED - W/MEDIAN (NOT RAISED),UNKNOWN,NO INJURY / DRIVE AWAY,,true,"OVER $1,500",UNABLE TO DETERMINE,2,NO INDICATION OF INJURY,0,0,41.9975738059,-87.6925485988,60659,"CHICAGO OHARE INTERNATIONAL AIRPORT, IL US",27.0,13.0,55.0,0.0,10.0,8.0
crash_02573,2024-01-15 07:57:00,2024,1,Jan,Mon,7,Morning commute,25,NO CONTROLS,CLOUDY/OVERCAST,DAYLIGHT,PARKED MOTOR VEHICLE,ONE-WAY,WET,INJURY AND / OR TOW DUE TO CRASH,,,"OVER $1,500",NOT APPLICABLE,2,NO INDICATION OF INJURY,0,0,41.9477528358,-87.722688929,60618,"CHICAGO OHARE INTERNATIONAL AIRPORT, IL US",-9.0,-15.0,75.0,0.0,10.0,9.0
crash_02574,2021-05-06 01:49:00,2021,5,May,Thu,1,Night or early morning,45,NO CONTROLS,CLEAR,"DARKNESS, LIGHTED ROAD",FIXED OBJECT,DIVIDED - W/MEDIAN BARRIER,DRY,INJURY AND / OR TOW DUE TO CRASH,,,"OVER $1,500",UNABLE TO DETERMINE,1,NONINCAPACITATING INJURY,1,0,41.7903549437,-87.5790673107,60637,"CHICAGO MIDWAY AIRPORT, IL US",51.0,26.0,38.0,0.0,10.0,6.0
crash_02575,2024-09-28 16:41:00,2024,9,Sep,Sat,16,Evening commute,30,TRAFFIC SIGNAL,CLOUDY/OVERCAST,DAYLIGHT,ANGLE,FOUR WAY,UNKNOWN,NO INJURY / DRIVE AWAY,true,,"OVER $1,500",UNABLE TO DETERMINE,2,NO INDICATION OF INJURY,0,0,41.9473594003,-87.6540193142,60613,"CHICAGO MIDWAY AIRPORT, IL US",71.0,61.0,71.0,0.0,10.0,16.0
crash_02576,2019-12-29 09:00:00,2019,12,Dec,Sun,9,Morning commute,6,NO CONTROLS,RAIN,DAYLIGHT,PARKED MOTOR VEHICLE,PARKING LOT,WET,NO INJURY / DRIVE AWAY,,,"OVER $1,500",DRIVING SKILLS/KNOWLEDGE/EXPERIENCE,2,NO INDICATION OF INJURY,0,0,41.8866468314,-87.6101607191,60601,"CHICAGO MIDWAY AIRPORT, IL US",58.0,55.0,90.0,,10.0,11.0
crash_02577,2025-07-01 13:00:00,2025,7,Jul,Tue,13,Daytime,30,NO CONTROLS,CLEAR,DAYLIGHT,SIDESWIPE SAME DIRECTION,NOT DIVIDED,DRY,NO INJURY / DRIVE AWAY,,true,"OVER $1,500",FOLLOWING TOO CLOSELY,2,NO INDICATION OF INJURY,0,0,41.8868512629,-87.7456535196,60644,"CHICAGO MIDWAY AIRPORT, IL US",85.0,57.0,39.0,0.0,10.0,9.0
crash_02578,2024-06-15 19:59:00,2024,6,Jun,Sat,19,Night or early morning,30,TRAFFIC SIGNAL,CLEAR,DAYLIGHT,REAR END,FOUR WAY,DRY,NO INJURY / DRIVE AWAY,,,$500 OR LESS,FOLLOWING TOO CLOSELY,2,NO INDICATION OF INJURY,0,0,41.9381815018,-87.6490696794,60657,"CHICAGO MIDWAY AIRPORT, IL US",82.0,53.0,37.0,0.0,10.0,16.0
crash_02579,2025-09-30 19:15:00,2025,9,Sep,Tue,19,Night or early morning,30,NO CONTROLS,CLEAR,DUSK,PARKED MOTOR VEHICLE,TRAFFIC ROUTE,DRY,NO INJURY / DRIVE AWAY,,,"$501 - $1,500",ROAD CONSTRUCTION/MAINTENANCE,2,NO INDICATION OF INJURY,0,0,41.751391178,-87.5843493593,60617,,,,,,,
crash_02580,2018-03-21 12:22:00,2018,3,Mar,Wed,12,Daytime,5,NO CONTROLS,CLEAR,DAYLIGHT,PARKED MOTOR VEHICLE,PARKING LOT,DRY,NO INJURY / DRIVE AWAY,,,$500 OR LESS,UNABLE TO DETERMINE,2,NO INDICATION OF INJURY,0,0,41.9785713155,-87.7573901001,60630,"CHICAGO OHARE INTERNATIONAL AIRPORT, IL US",38.0,19.0,46.0,0.0,10.0,17.0
crash_02581,2022-01-15 23:08:00,2022,1,Jan,Sat,23,Night or early morning,30,TRAFFIC SIGNAL,OTHER,"DARKNESS, LIGHTED ROAD",TURNING,NOT DIVIDED,ICE,INJURY AND / OR TOW DUE TO CRASH,true,,"OVER $1,500",FAILING TO YIELD RIGHT-OF-WAY,2,NONINCAPACITATING INJURY,1,0,41.9172750694,-87.7266227464,60639,"CHICAGO MIDWAY AIRPORT, IL US",22.0,10.0,60.0,0.0,10.0,5.0
crash_02582,2023-12-07 09:00:00,2023,12,Dec,Thu,9,Morning commute,30,NO CONTROLS,CLEAR,DAYLIGHT,ANGLE,NOT DIVIDED,DRY,INJURY AND / OR TOW DUE TO CRASH,,true,"OVER $1,500",FAILING TO YIELD RIGHT-OF-WAY,2,NO INDICATION OF INJURY,0,0,41.7995361655,-87.7342199091,60632,"CHICAGO MIDWAY AIRPORT, IL US",40.0,31.0,70.0,0.0,10.0,13.0
crash_02583,2022-07-13 06:46:00,2022,7,Jul,Wed,6,Morning commute,25,STOP SIGN/FLASHER,CLEAR,DAYLIGHT,SIDESWIPE SAME DIRECTION,DIVIDED - W/MEDIAN (NOT RAISED),DRY,NO INJURY / DRIVE AWAY,,true,"$501 - $1,500",IMPROPER LANE USAGE,2,NO INDICATION OF INJURY,0,0,41.8012093982,-87.6647126274,60609,"CHICAGO MIDWAY AIRPORT, IL US",72.0,61.0,68.0,0.0,10.0,7.0
crash_02584,2024-04-13 11:10:00,2024,4,Apr,Sat,11,Daytime,15,NO CONTROLS,CLEAR,DAYLIGHT,PARKED MOTOR VEHICLE,NOT DIVIDED,UNKNOWN,NO INJURY / DRIVE AWAY,,,"OVER $1,500",UNABLE TO DETERMINE,2,NO INDICATION OF INJURY,0,0,41.8686033053,-87.6834976166,60612,"CHICAGO MIDWAY AIRPORT, IL US",61.0,32.0,34.0,0.0,10.0,8.0
crash_02585,2018-12-31 22:25:00,2018,12,Dec,Mon,22,Night or early morning,30,STOP SIGN/FLASHER,RAIN,"DARKNESS, LIGHTED ROAD",ANGLE,NOT DIVIDED,WET,INJURY AND / OR TOW DUE TO CRASH,true,,"$501 - $1,500",FAILING TO YIELD RIGHT-OF-WAY,2,NO INDICATION OF INJURY,0,0,41.9846740147,-87.7139531032,60659,"CHICAGO OHARE INTERNATIONAL AIRPORT, IL US",34.0,33.0,97.0,0.0,9.0,9.0
crash_02586,2019-04-12 15:30:00,2019,4,Apr,Fri,15,Evening commute,30,NO CONTROLS,CLEAR,DAYLIGHT,PEDALCYCLIST,NOT DIVIDED,DRY,NO INJURY / DRIVE AWAY,,true,"OVER $1,500",NOT APPLICABLE,2,NO INDICATION OF INJURY,0,0,41.850629057,-87.6992016169,60623,"CHICAGO MIDWAY AIRPORT, IL US",51.0,26.0,38.0,0.0,10.0,24.0
crash_02587,2019-08-06 17:10:00,2019,8,Aug,Tue,17,Evening commute,35,NO CONTROLS,CLEAR,DAYLIGHT,ANGLE,NOT DIVIDED,DRY,NO INJURY / DRIVE AWAY,,,"$501 - $1,500",UNABLE TO DETERMINE,2,NO INDICATION OF INJURY,0,0,41.9533142989,-87.7597590947,60641,"CHICAGO OHARE INTERNATIONAL AIRPORT, IL US",84.0,60.0,44.0,0.0,10.0,9.0
crash_02588,2024-02-20 01:30:00,2024,2,Feb,Tue,1,Night or early morning,30,NO CONTROLS,CLEAR,DARKNESS,SIDESWIPE SAME DIRECTION,NOT DIVIDED,DRY,NO INJURY / DRIVE AWAY,,true,"OVER $1,500",IMPROPER OVERTAKING/PASSING,2,NO INDICATION OF INJURY,0,0,41.6590241113,-87.609561972,60827,"CHICAGO MIDWAY AIRPORT, IL US",35.0,27.0,72.0,0.0,10.0,3.0
crash_02589,2024-08-06 08:45:00,2024,8,Aug,Tue,8,Morning commute,30,TRAFFIC SIGNAL,CLOUDY/OVERCAST,DAYLIGHT,SIDESWIPE SAME DIRECTION,DIVIDED - W/MEDIAN (NOT RAISED),DRY,NO INJURY / DRIVE AWAY,,true,"$501 - $1,500",FOLLOWING TOO CLOSELY,2,NO INDICATION OF INJURY,0,0,41.9092646034,-87.7844294356,60639,"CHICAGO OHARE INTERNATIONAL AIRPORT, IL US",68.0,65.0,90.0,0.0,9.0,16.0
crash_02590,2020-02-19 21:50:00,2020,2,Feb,Wed,21,Night or early morning,30,TRAFFIC SIGNAL,CLEAR,"DARKNESS, LIGHTED ROAD",SIDESWIPE SAME DIRECTION,NOT DIVIDED,DRY,NO INJURY / DRIVE AWAY,,true,$500 OR LESS,IMPROPER OVERTAKING/PASSING,2,NO INDICATION OF INJURY,0,0,41.9313174834,-87.7711686953,60634,"CHICAGO OHARE INTERNATIONAL AIRPORT, IL US",21.0,3.0,45.0,0.0,10.0,9.0
crash_02591,2022-01-06 22:03:00,2022,1,Jan,Thu,22,Night or early morning,30,TRAFFIC SIGNAL,CLEAR,"DARKNESS, LIGHTED ROAD",TURNING,FOUR WAY,DRY,INJURY AND / OR TOW DUE TO CRASH,true,,"OVER $1,500",IMPROPER TURNING/NO SIGNAL,2,"REPORTED, NOT EVIDENT",1,0,41.7134916762,-87.643126888,60643,"CHICAGO MIDWAY AIRPORT, IL US",7.0,-2.0,66.0,0.0,10.0,14.0
crash_02592,2019-07-24 01:25:00,2019,7,Jul,Wed,1,Night or early morning,30,NO CONTROLS,CLEAR,"DARKNESS, LIGHTED ROAD",PARKED MOTOR VEHICLE,NOT DIVIDED,DRY,INJURY AND / OR TOW DUE TO CRASH,,,"OVER $1,500",DRIVING SKILLS/KNOWLEDGE/EXPERIENCE,3,NO INDICATION OF INJURY,0,0,41.7851383377,-87.7805515089,60638,"CHICAGO MIDWAY AIRPORT, IL US",67.0,59.0,76.0,0.0,10.0,0.0
crash_02593,2025-08-28 21:20:00,2025,8,Aug,Thu,21,Night or early morning,30,NO CONTROLS,CLEAR,"DARKNESS, LIGHTED ROAD",TURNING,NOT DIVIDED,DRY,INJURY AND / OR TOW DUE TO CRASH,,true,"OVER $1,500",UNABLE TO DETERMINE,2,NO INDICATION OF INJURY,0,0,41.7692495232,-87.6142840397,60637,,,,,,,
crash_02594,2018-02-07 15:35:00,2018,2,Feb,Wed,15,Evening commute,30,NO CONTROLS,CLEAR,DAYLIGHT,ANGLE,NOT DIVIDED,WET,INJURY AND / OR TOW DUE TO CRASH,,,"OVER $1,500",UNABLE TO DETERMINE,2,NONINCAPACITATING INJURY,1,0,,,,,,,,,,
crash_02595,2020-12-11 19:10:00,2020,12,Dec,Fri,19,Night or early morning,35,NO CONTROLS,RAIN,"DARKNESS, LIGHTED ROAD",PARKED MOTOR VEHICLE,DIVIDED - W/MEDIAN (NOT RAISED),WET,INJURY AND / OR TOW DUE TO CRASH,,,"OVER $1,500",FAILING TO REDUCE SPEED TO AVOID CRASH,2,NO INDICATION OF INJURY,0,0,41.807969193,-87.7072202672,60632,"CHICAGO MIDWAY AIRPORT, IL US",42.0,38.0,85.0,0.09,3.0,20.0
crash_02596,2021-08-01 23:20:00,2021,8,Aug,Sun,23,Night or early morning,30,NO CONTROLS,CLEAR,"DARKNESS, LIGHTED ROAD",SIDESWIPE SAME DIRECTION,DIVIDED - W/MEDIAN BARRIER,DRY,NO INJURY / DRIVE AWAY,,true,"OVER $1,500",IMPROPER OVERTAKING/PASSING,2,NO INDICATION OF INJURY,0,0,41.8923492672,-87.6145571703,60611,"CHICAGO MIDWAY AIRPORT, IL US",68.0,54.0,61.0,0.0,10.0,8.0
crash_02597,2024-10-19 16:35:00,2024,10,Oct,Sat,16,Evening commute,15,UNKNOWN,CLEAR,DAYLIGHT,TURNING,OTHER,UNKNOWN,NO INJURY / DRIVE AWAY,,,"OVER $1,500",UNABLE TO DETERMINE,2,NO INDICATION OF INJURY,0,0,41.9538624003,-87.6985545933,60618,"CHICAGO OHARE INTERNATIONAL AIRPORT, IL US",71.0,40.0,32.0,0.0,10.0,10.0
crash_02598,2022-04-20 09:18:00,2022,4,Apr,Wed,9,Morning commute,30,TRAFFIC SIGNAL,CLEAR,DAYLIGHT,REAR END,DIVIDED - W/MEDIAN (NOT RAISED),DRY,NO INJURY / DRIVE AWAY,,,$500 OR LESS,FOLLOWING TOO CLOSELY,2,NO INDICATION OF INJURY,0,0,41.9751702113,-87.7522363492,60630,"CHICAGO OHARE INTERNATIONAL AIRPORT, IL US",45.0,31.0,58.0,0.0,10.0,13.0
crash_02599,2022-02-10 08:55:00,2022,2,Feb,Thu,8,Morning commute,35,NO CONTROLS,CLEAR,DAYLIGHT,TURNING,NOT DIVIDED,DRY,INJURY AND / OR TOW DUE TO CRASH,true,,"OVER $1,500",IMPROPER LANE USAGE,2,NO INDICATION OF INJURY,0,0,41.9534339248,-87.736729464,60641,"CHICAGO OHARE INTERNATIONAL AIRPORT, IL US",29.0,18.0,63.0,0.0,10.0,8.0
crash_02600,2019-04-22 09:45:00,2019,4,Apr,Mon,9,Morning commute,30,TRAFFIC SIGNAL,CLEAR,DAYLIGHT,TURNING,NOT DIVIDED,DRY,INJURY AND / OR TOW DUE TO CRASH,true,,"OVER $1,500",UNABLE TO DETERMINE,2,NO INDICATION OF INJURY,0,0,41.9974462102,-87.7650904485,60646,"CHICAGO OHARE INTERNATIONAL AIRPORT, IL US",69.0,45.0,42.0,0.0,10.0,15.0
crash_02601,2023-01-16 19:30:00,2023,1,Jan,Mon,19,Night or early morning,30,NO CONTROLS,RAIN,"DARKNESS, LIGHTED ROAD",SIDESWIPE SAME DIRECTION,NOT DIVIDED,WET,NO INJURY / DRIVE AWAY,,,"OVER $1,500",DRIVING SKILLS/KNOWLEDGE/EXPERIENCE,2,NO INDICATION OF INJURY,0,0,41.7162670194,-87.6043647455,60628,"CHICAGO MIDWAY AIRPORT, IL US",49.0,46.0,90.0,0.0,5.0,14.0
crash_02602,2020-12-11 13:40:00,2020,12,Dec,Fri,13,Daytime,30,TRAFFIC SIGNAL,CLEAR,DAYLIGHT,REAR END,FOUR WAY,DRY,INJURY AND / OR TOW DUE TO CRASH,true,,"OVER $1,500",FOLLOWING TOO CLOSELY,3,NONINCAPACITATING INJURY,1,0,41.722454974,-87.5706738059,60617,"CHICAGO MIDWAY AIRPORT, IL US",43.0,36.0,76.0,0.0,10.0,14.0
crash_02603,2020-04-24 14:40:00,2020,4,Apr,Fri,14,Daytime,30,TRAFFIC SIGNAL,CLEAR,DAYLIGHT,SIDESWIPE SAME DIRECTION,DIVIDED - W/MEDIAN (NOT RAISED),DRY,NO INJURY / DRIVE AWAY,,true,"$501 - $1,500",UNABLE TO DETERMINE,2,NO INDICATION OF INJURY,0,0,41.9970783342,-87.8069470861,60631,"CHICAGO OHARE INTERNATIONAL AIRPORT, IL US",49.0,39.0,69.0,0.0,9.0,8.0
crash_02604,2024-02-06 11:45:00,2024,2,Feb,Tue,11,Daytime,30,NO CONTROLS,CLEAR,DAYLIGHT,PARKED MOTOR VEHICLE,ONE-WAY,DRY,NO INJURY / DRIVE AWAY,,,$500 OR LESS,UNABLE TO DETERMINE,2,NO INDICATION OF INJURY,0,0,41.7206787366,-87.6445546705,60643,"CHICAGO MIDWAY AIRPORT, IL US",37.0,32.0,81.0,,4.0,6.0
crash_02605,2022-03-31 13:00:00,2022,3,Mar,Thu,13,Daytime,25,NO CONTROLS,UNKNOWN,UNKNOWN,PARKED MOTOR VEHICLE,NOT DIVIDED,UNKNOWN,NO INJURY / DRIVE AWAY,,true,"$501 - $1,500",UNABLE TO DETERMINE,2,NO INDICATION OF INJURY,0,0,41.9778863075,-87.684500842,60625,"CHICAGO OHARE INTERNATIONAL AIRPORT, IL US",37.0,31.0,79.0,0.0,10.0,11.0
crash_02606,2021-05-17 16:42:00,2021,5,May,Mon,16,Evening commute,30,NO CONTROLS,CLEAR,DAYLIGHT,REAR END,ONE-WAY,DRY,NO INJURY / DRIVE AWAY,,true,"OVER $1,500",FOLLOWING TOO CLOSELY,2,NO INDICATION OF INJURY,0,0,41.8783101346,-87.6175759034,60604,"CHICAGO MIDWAY AIRPORT, IL US",69.0,52.0,55.0,0.0,10.0,11.0
crash_02607,2024-03-29 18:00:00,2024,3,Mar,Fri,18,Evening commute,30,NO CONTROLS,CLEAR,DAYLIGHT,PARKED MOTOR VEHICLE,NOT DIVIDED,DRY,NO INJURY / DRIVE AWAY,,true,"OVER $1,500",UNABLE TO DETERMINE,2,NO INDICATION OF INJURY,0,0,41.866105115,-87.7220315867,60623,"CHICAGO MIDWAY AIRPORT, IL US",45.0,25.0,46.0,0.0,10.0,14.0
crash_02608,2024-09-24 14:30:00,2024,9,Sep,Tue,14,Daytime,30,NO CONTROLS,RAIN,DAYLIGHT,TURNING,NOT DIVIDED,DRY,NO INJURY / DRIVE AWAY,,true,"$501 - $1,500",FAILING TO YIELD RIGHT-OF-WAY,2,NO INDICATION OF INJURY,0,0,41.966457883,-87.8381486557,60656,"CHICAGO OHARE INTERNATIONAL AIRPORT, IL US",66.0,64.0,94.0,,10.0,9.0
crash_02609,2025-03-18 17:00:00,2025,3,Mar,Tue,17,Evening commute,35,TRAFFIC SIGNAL,CLEAR,DAYLIGHT,REAR END,DIVIDED - W/MEDIAN (NOT RAISED),DRY,NO INJURY / DRIVE AWAY,true,,"OVER $1,500",FAILING TO YIELD RIGHT-OF-WAY,2,NO INDICATION OF INJURY,0,0,41.7510204707,-87.6151022455,60619,"CHICAGO MIDWAY AIRPORT, IL US",73.0,43.0,34.0,0.0,10.0,14.0
crash_02610,2022-05-05 11:15:00,2022,5,May,Thu,11,Daytime,30,NO CONTROLS,CLEAR,DAYLIGHT,TURNING,NOT DIVIDED,DRY,NO INJURY / DRIVE AWAY,,,"OVER $1,500",FAILING TO YIELD RIGHT-OF-WAY,2,NO INDICATION OF INJURY,0,0,41.8948391066,-87.754672443,60644,"CHICAGO MIDWAY AIRPORT, IL US",52.0,43.0,72.0,0.0,10.0,6.0
crash_02611,2020-02-28 20:08:00,2020,2,Feb,Fri,20,Night or early morning,30,TRAFFIC SIGNAL,CLEAR,"DARKNESS, LIGHTED ROAD",PEDESTRIAN,NOT DIVIDED,UNKNOWN,INJURY AND / OR TOW DUE TO CRASH,true,,$500 OR LESS,UNABLE TO DETERMINE,2,NONINCAPACITATING INJURY,1,0,41.9471359989,-87.6542659468,60657,"CHICAGO MIDWAY AIRPORT, IL US",24.0,4.0,42.0,0.0,10.0,10.0
crash_02612,2021-08-27 14:30:00,2021,8,Aug,Fri,14,Daytime,30,TRAFFIC SIGNAL,CLEAR,DAYLIGHT,SIDESWIPE SAME DIRECTION,DIVIDED - W/MEDIAN BARRIER,DRY,NO INJURY / DRIVE AWAY,,,"$501 - $1,500",IMPROPER OVERTAKING/PASSING,2,NO INDICATION OF INJURY,0,0,41.9541115568,-87.6913183231,60618,"CHICAGO MIDWAY AIRPORT, IL US",92.0,68.0,46.0,0.0,10.0,9.0
crash_02613,2021-12-16 13:20:00,2021,12,Dec,Thu,13,Daytime,30,STOP SIGN/FLASHER,CLEAR,DAYLIGHT,REAR END,NOT DIVIDED,DRY,INJURY AND / OR TOW DUE TO CRASH,,,"OVER $1,500",FOLLOWING TOO CLOSELY,2,NONINCAPACITATING INJURY,1,0,41.7640120044,-87.7222059328,60629,"CHICAGO MIDWAY AIRPORT, IL US",43.0,28.0,56.0,0.0,10.0,25.0
crash_02614,2023-01-26 08:20:00,2023,1,Jan,Thu,8,Morning commute,30,NO CONTROLS,CLEAR,DAYLIGHT,REAR END,OTHER,DRY,NO INJURY / DRIVE AWAY,,,$500 OR LESS,FOLLOWING TOO CLOSELY,2,NO INDICATION OF INJURY,0,0,41.8594269734,-87.6761932197,60608,"CHICAGO MIDWAY AIRPORT, IL US",25.0,21.0,85.0,0.0,3.0,10.0
crash_02615,2021-06-03 08:00:00,2021,6,Jun,Thu,8,Morning commute,30,NO CONTROLS,CLEAR,DAYLIGHT,PARKED MOTOR VEHICLE,PARKING LOT,DRY,NO INJURY / DRIVE AWAY,,true,"$501 - $1,500",UNABLE TO DETERMINE,2,NO INDICATION OF INJURY,0,0,41.8653234671,-87.6534703124,60608,"CHICAGO MIDWAY AIRPORT, IL US",68.0,52.0,57.0,0.0,9.0,3.0
crash_02616,2020-07-13 12:51:00,2020,7,Jul,Mon,12,Daytime,35,NO CONTROLS,CLEAR,DAYLIGHT,ANGLE,DIVIDED - W/MEDIAN (NOT RAISED),DRY,INJURY AND / OR TOW DUE TO CRASH,,,"OVER $1,500","VISION OBSCURED (SIGNS, TREE LIMBS, BUILDINGS, ETC.)",2,NO INDICATION OF INJURY,0,0,41.9391613004,-87.7305084831,60641,"CHICAGO OHARE INTERNATIONAL AIRPORT, IL US",80.0,59.0,49.0,0.0,10.0,0.0
crash_02617,2025-04-14 07:40:00,2025,4,Apr,Mon,7,Morning commute,35,TRAFFIC SIGNAL,CLEAR,DAYLIGHT,SIDESWIPE SAME DIRECTION,DIVIDED - W/MEDIAN (NOT RAISED),DRY,INJURY AND / OR TOW DUE TO CRASH,,,"$501 - $1,500",UNABLE TO DETERMINE,2,NO INDICATION OF INJURY,0,0,41.7924552555,-87.7818768499,60638,"CHICAGO MIDWAY AIRPORT, IL US",60.0,41.0,50.0,0.0,10.0,9.0
crash_02618,2021-06-06 21:35:00,2021,6,Jun,Sun,21,Night or early morning,30,STOP SIGN/FLASHER,CLEAR,"DARKNESS, LIGHTED ROAD",TURNING,NOT DIVIDED,DRY,NO INJURY / DRIVE AWAY,true,,"OVER $1,500",IMPROPER OVERTAKING/PASSING,2,NO INDICATION OF INJURY,0,0,41.7356592384,-87.7213166912,60652,"CHICAGO MIDWAY AIRPORT, IL US",82.0,63.0,53.0,0.0,10.0,8.0
crash_02619,2023-01-10 18:30:00,2023,1,Jan,Tue,18,Evening commute,30,UNKNOWN,UNKNOWN,UNKNOWN,SIDESWIPE SAME DIRECTION,NOT DIVIDED,UNKNOWN,NO INJURY / DRIVE AWAY,,true,$500 OR LESS,UNABLE TO DETERMINE,2,NO INDICATION OF INJURY,0,0,41.8819943382,-87.6397586849,60661,"CHICAGO MIDWAY AIRPORT, IL US",43.0,34.0,71.0,0.0,10.0,3.0
crash_02620,2022-09-26 16:12:00,2022,9,Sep,Mon,16,Evening commute,30,STOP SIGN/FLASHER,CLEAR,DAYLIGHT,ANGLE,UNKNOWN INTERSECTION TYPE,DRY,INJURY AND / OR TOW DUE TO CRASH,true,,"OVER $1,500",FAILING TO YIELD RIGHT-OF-WAY,2,NONINCAPACITATING INJURY,2,0,41.7387586316,-87.5807569174,60617,"CHICAGO MIDWAY AIRPORT, IL US",64.0,41.0,43.0,0.0,10.0,17.0
crash_02621,2018-02-08 08:10:00,2018,2,Feb,Thu,8,Morning commute,30,TRAFFIC SIGNAL,CLEAR,DAYLIGHT,ANGLE,OTHER,WET,INJURY AND / OR TOW DUE TO CRASH,true,,"OVER $1,500",DISREGARDING TRAFFIC SIGNALS,3,NONINCAPACITATING INJURY,1,0,41.8236853462,-87.6217466015,60653,"CHICAGO MIDWAY AIRPORT, IL US",10.0,5.0,80.0,0.0,9.0,6.0
crash_02622,2019-12-11 07:04:00,2019,12,Dec,Wed,7,Morning commute,30,OTHER,SNOW,DAWN,REAR END,DRIVEWAY,SNOW OR SLUSH,INJURY AND / OR TOW DUE TO CRASH,,,"OVER $1,500",UNABLE TO DETERMINE,2,NONINCAPACITATING INJURY,1,0,,,,,,,,,,
crash_02623,2021-02-27 09:45:00,2021,2,Feb,Sat,9,Morning commute,30,NO CONTROLS,CLEAR,DAYLIGHT,PARKED MOTOR VEHICLE,NOT DIVIDED,DRY,NO INJURY / DRIVE AWAY,,,"$501 - $1,500",UNABLE TO DETERMINE,2,NO INDICATION OF INJURY,0,0,41.895314759,-87.7201998415,60624,"CHICAGO MIDWAY AIRPORT, IL US",41.0,33.0,73.0,0.0,10.0,10.0
crash_02624,2020-02-16 20:50:00,2020,2,Feb,Sun,20,Night or early morning,30,TRAFFIC SIGNAL,CLEAR,"DARKNESS, LIGHTED ROAD",REAR END,NOT DIVIDED,DRY,NO INJURY / DRIVE AWAY,,,"OVER $1,500",FOLLOWING TOO CLOSELY,3,NO INDICATION OF INJURY,0,0,41.9390704093,-87.737097898,60641,"CHICAGO OHARE INTERNATIONAL AIRPORT, IL US",32.0,21.0,64.0,0.0,10.0,6.0
crash_02625,2019-11-28 17:50:00,2019,11,Nov,Thu,17,Evening commute,15,NO CONTROLS,CLEAR,DAYLIGHT,PARKED MOTOR VEHICLE,PARKING LOT,DRY,NO INJURY / DRIVE AWAY,,,"$501 - $1,500",IMPROPER BACKING,2,NO INDICATION OF INJURY,0,0,41.8445971876,-87.7183125505,60623,"CHICAGO MIDWAY AIRPORT, IL US",36.0,31.0,82.0,0.0,10.0,11.0
crash_02626,2025-02-25 16:55:00,2025,2,Feb,Tue,16,Evening commute,30,NO CONTROLS,CLEAR,DAYLIGHT,TURNING,DIVIDED - W/MEDIAN (NOT RAISED),DRY,NO INJURY / DRIVE AWAY,,,"$501 - $1,500",IMPROPER TURNING/NO SIGNAL,2,NO INDICATION OF INJURY,0,0,41.8237439241,-87.6156107503,60653,"CHICAGO MIDWAY AIRPORT, IL US",53.0,32.0,45.0,0.0,10.0,8.0
crash_02627,2023-04-14 09:30:00,2023,4,Apr,Fri,9,Morning commute,35,NO CONTROLS,CLEAR,DAYLIGHT,REAR END,NOT DIVIDED,DRY,NO INJURY / DRIVE AWAY,,,"OVER $1,500",NOT APPLICABLE,2,NO INDICATION OF INJURY,0,0,41.85183326,-87.7088460891,60623,"CHICAGO MIDWAY AIRPORT, IL US",74.0,37.0,26.0,0.0,10.0,7.0
crash_02628,2020-01-05 10:39:00,2020,1,Jan,Sun,10,Daytime,20,TRAFFIC SIGNAL,CLEAR,DAYLIGHT,TURNING,NOT DIVIDED,DRY,NO INJURY / DRIVE AWAY,,,"$501 - $1,500",DISREGARDING TRAFFIC SIGNALS,2,NO INDICATION OF INJURY,0,0,41.7785799607,-87.7386794371,60629,"CHICAGO MIDWAY AIRPORT, IL US",36.0,25.0,64.0,0.0,10.0,14.0
crash_02629,2022-11-20 00:30:00,2022,11,Nov,Sun,0,Night or early morning,35,TRAFFIC SIGNAL,CLEAR,"DARKNESS, LIGHTED ROAD",TURNING,FOUR WAY,DRY,INJURY AND / OR TOW DUE TO CRASH,,,"$501 - $1,500",UNABLE TO DETERMINE,2,"REPORTED, NOT EVIDENT",1,0,41.9249420035,-87.687496402,60647,"CHICAGO MIDWAY AIRPORT, IL US",15.0,6.0,67.0,0.0,10.0,10.0
crash_02630,2019-10-11 04:54:00,2019,10,Oct,Fri,4,Night or early morning,10,NO CONTROLS,UNKNOWN,UNKNOWN,OTHER OBJECT,OTHER,UNKNOWN,NO INJURY / DRIVE AWAY,,,"OVER $1,500",UNABLE TO DETERMINE,1,NO INDICATION OF INJURY,0,0,41.9530430064,-87.6882912089,60618,"CHICAGO MIDWAY AIRPORT, IL US",68.0,64.0,87.0,0.01,10.0,10.0
crash_02631,2023-02-25 19:10:00,2023,2,Feb,Sat,19,Night or early morning,30,TRAFFIC SIGNAL,CLEAR,"DARKNESS, LIGHTED ROAD",REAR END,DIVIDED - W/MEDIAN (NOT RAISED),DRY,INJURY AND / OR TOW DUE TO CRASH,true,,"OVER $1,500",UNABLE TO DETERMINE,3,"REPORTED, NOT EVIDENT",1,0,41.9904318439,-87.7140466366,60659,"CHICAGO OHARE INTERNATIONAL AIRPORT, IL US",35.0,25.0,67.0,0.0,10.0,8.0