crash_id,crash_datetime,crash_year,crash_month,crash_month_name,crash_weekday_name,crash_hour,time_period,posted_speed_limit_mph,traffic_control_device,reported_weather_condition,reported_lighting_condition,first_crash_type,trafficway_type,reported_road_surface_condition,crash_type,intersection_related,hit_and_run,estimated_damage,primary_contributory_cause,unit_count,most_severe_injury,injuries_total,injuries_fatal,latitude,longitude,zip5,weather_station_name,temperature_f,dew_point_f,relative_humidity_percent,precipitation_inches,visibility_miles,wind_speed_mph
crash_02632,2023-04-27 16:05:00,2023,4,Apr,Thu,16,Evening commute,30,TRAFFIC SIGNAL,CLEAR,DAYLIGHT,TURNING,DIVIDED - W/MEDIAN (NOT RAISED),DRY,NO INJURY / DRIVE AWAY,,,"$501 - $1,500",IMPROPER OVERTAKING/PASSING,2,NO INDICATION OF INJURY,0,0,41.881278154,-87.6860038806,60612,"CHICAGO MIDWAY AIRPORT, IL US",66.0,27.0,23.0,0.0,10.0,9.0
crash_02633,2024-12-14 23:30:00,2024,12,Dec,Sat,23,Night or early morning,30,TRAFFIC SIGNAL,RAIN,"DARKNESS, LIGHTED ROAD",TURNING,FOUR WAY,WET,NO INJURY / DRIVE AWAY,true,false,"$501 - $1,500",IMPROPER TURNING/NO SIGNAL,2,NO INDICATION OF INJURY,0,0,41.7941994854,-87.6319254825,60609,"CHICAGO MIDWAY AIRPORT, IL US",40.0,36.0,86.0,0.05,4.0,11.0
crash_02634,2018-09-02 05:45:00,2018,9,Sep,Sun,5,Night or early morning,30,TRAFFIC SIGNAL,CLEAR,DAYLIGHT,REAR END,CENTER TURN LANE,UNKNOWN,NO INJURY / DRIVE AWAY,,true,"OVER $1,500",UNABLE TO DETERMINE,2,NO INDICATION OF INJURY,0,0,41.9612111467,-87.6885330036,60618,"CHICAGO OHARE INTERNATIONAL AIRPORT, IL US",72.0,66.0,82.0,0.0,10.0,8.0
crash_02635,2024-01-27 14:29:00,2024,1,Jan,Sat,14,Daytime,30,NO CONTROLS,CLOUDY/OVERCAST,DAYLIGHT,OTHER OBJECT,T-INTERSECTION,WET,INJURY AND / OR TOW DUE TO CRASH,true,,"OVER $1,500",UNABLE TO DETERMINE,1,NO INDICATION OF INJURY,0,0,41.9005656755,-87.7127323428,60651,"CHICAGO MIDWAY AIRPORT, IL US",41.0,38.0,89.0,0.0,2.5,10.0
crash_02636,2019-11-18 13:30:00,2019,11,Nov,Mon,13,Daytime,25,NO CONTROLS,CLEAR,UNKNOWN,PARKED MOTOR VEHICLE,ONE-WAY,DRY,NO INJURY / DRIVE AWAY,,true,"OVER $1,500",UNABLE TO DETERMINE,2,NO INDICATION OF INJURY,0,0,41.7972239734,-87.7074001888,60632,"CHICAGO MIDWAY AIRPORT, IL US",41.0,34.0,76.0,,8.0,8.0
crash_02637,2023-05-23 19:40:00,2023,5,May,Tue,19,Night or early morning,25,NO CONTROLS,CLEAR,DAYLIGHT,PARKED MOTOR VEHICLE,ONE-WAY,DRY,NO INJURY / DRIVE AWAY,,true,"OVER $1,500",UNABLE TO DETERMINE,2,NO INDICATION OF INJURY,0,0,41.7514422069,-87.5818232159,60617,"CHICAGO MIDWAY AIRPORT, IL US",74.0,43.0,33.0,0.0,10.0,8.0
crash_02638,2018-06-17 12:35:00,2018,6,Jun,Sun,12,Daytime,30,TRAFFIC SIGNAL,CLEAR,DAYLIGHT,TURNING,NOT DIVIDED,DRY,INJURY AND / OR TOW DUE TO CRASH,,true,"OVER $1,500",UNABLE TO DETERMINE,2,NO INDICATION OF INJURY,0,0,41.9078215495,-87.7263114489,60651,"CHICAGO MIDWAY AIRPORT, IL US",93.0,74.0,54.0,0.0,10.0,10.0
crash_02639,2019-08-10 20:17:00,2019,8,Aug,Sat,20,Night or early morning,15,NO CONTROLS,CLEAR,DARKNESS,PARKED MOTOR VEHICLE,PARKING LOT,DRY,NO INJURY / DRIVE AWAY,,true,$500 OR LESS,UNABLE TO DETERMINE,2,NO INDICATION OF INJURY,0,0,41.9288373849,-87.67397132,60614,"CHICAGO MIDWAY AIRPORT, IL US",77.0,59.0,54.0,0.0,10.0,8.0
crash_02640,2024-11-20 07:00:00,2024,11,Nov,Wed,7,Morning commute,30,TRAFFIC SIGNAL,CLOUDY/OVERCAST,DAYLIGHT,TURNING,DIVIDED - W/MEDIAN (NOT RAISED),DRY,NO INJURY / DRIVE AWAY,,,"$501 - $1,500",UNABLE TO DETERMINE,2,NO INDICATION OF INJURY,0,0,41.9401915096,-87.6420437145,60657,"CHICAGO MIDWAY AIRPORT, IL US",42.0,35.0,76.0,0.02,10.0,5.0
crash_02641,2022-02-04 20:15:00,2022,2,Feb,Fri,20,Night or early morning,35,TRAFFIC SIGNAL,SNOW,"DARKNESS, LIGHTED ROAD",PEDESTRIAN,DIVIDED - W/MEDIAN (NOT RAISED),SNOW OR SLUSH,NO INJURY / DRIVE AWAY,true,true,"OVER $1,500",FAILING TO YIELD RIGHT-OF-WAY,2,NO INDICATION OF INJURY,0,0,41.9039692113,-87.6330707107,60610,"CHICAGO MIDWAY AIRPORT, IL US",20.0,12.0,71.0,0.0,6.0,15.0
crash_02642,2025-04-22 09:00:00,2025,4,Apr,Tue,9,Morning commute,35,TRAFFIC SIGNAL,CLEAR,DAYLIGHT,SIDESWIPE SAME DIRECTION,NOT DIVIDED,DRY,NO INJURY / DRIVE AWAY,,,"OVER $1,500",DRIVING SKILLS/KNOWLEDGE/EXPERIENCE,2,NO INDICATION OF INJURY,0,0,41.7075192457,-87.5948406806,60628,"CHICAGO MIDWAY AIRPORT, IL US",55.0,39.0,55.0,0.0,10.0,10.0
crash_02643,2024-11-07 19:00:00,2024,11,Nov,Thu,19,Night or early morning,30,NO CONTROLS,UNKNOWN,UNKNOWN,TURNING,NOT DIVIDED,UNKNOWN,NO INJURY / DRIVE AWAY,,,"OVER $1,500",IMPROPER LANE USAGE,2,NO INDICATION OF INJURY,0,0,41.8074675089,-87.7478995437,60638,"CHICAGO MIDWAY AIRPORT, IL US",53.0,37.0,55.0,0.0,10.0,7.0
crash_02644,2020-11-05 11:25:00,2020,11,Nov,Thu,11,Daytime,15,NO CONTROLS,CLEAR,DAYLIGHT,PARKED MOTOR VEHICLE,ONE-WAY,DRY,NO INJURY / DRIVE AWAY,,true,"OVER $1,500",FAILING TO REDUCE SPEED TO AVOID CRASH,2,NO INDICATION OF INJURY,0,0,41.7558140216,-87.5572098914,60649,"CHICAGO MIDWAY AIRPORT, IL US",67.0,43.0,42.0,0.0,10.0,14.0
crash_02645,2018-09-04 18:10:00,2018,9,Sep,Tue,18,Evening commute,30,NO CONTROLS,CLEAR,DAYLIGHT,REAR END,ONE-WAY,DRY,NO INJURY / DRIVE AWAY,,,"OVER $1,500",IMPROPER BACKING,2,NO INDICATION OF INJURY,0,0,41.8769366611,-87.6351052082,60606,"CHICAGO MIDWAY AIRPORT, IL US",92.0,65.0,41.0,0.0,10.0,14.0
crash_02646,2025-06-22 12:20:00,2025,6,Jun,Sun,12,Daytime,30,NO CONTROLS,CLEAR,DAYLIGHT,PEDALCYCLIST,NOT DIVIDED,DRY,INJURY AND / OR TOW DUE TO CRASH,,,$500 OR LESS,FAILING TO YIELD RIGHT-OF-WAY,2,"REPORTED, NOT EVIDENT",1,0,41.8611621807,-87.6258311354,60605,"CHICAGO MIDWAY AIRPORT, IL US",91.0,73.0,56.0,0.0,10.0,18.0
crash_02647,2025-05-25 22:07:00,2025,5,May,Sun,22,Night or early morning,30,TRAFFIC SIGNAL,CLEAR,"DARKNESS, LIGHTED ROAD",PEDALCYCLIST,FOUR WAY,DRY,INJURY AND / OR TOW DUE TO CRASH,true,,"OVER $1,500",DISREGARDING TRAFFIC SIGNALS,2,NONINCAPACITATING INJURY,1,0,41.9112233799,-87.6386560318,60614,"CHICAGO MIDWAY AIRPORT, IL US",56.0,39.0,53.0,0.0,10.0,8.0
crash_02648,2019-02-14 08:19:00,2019,2,Feb,Thu,8,Morning commute,30,TRAFFIC SIGNAL,CLOUDY/OVERCAST,DAYLIGHT,TURNING,ONE-WAY,WET,NO INJURY / DRIVE AWAY,true,true,$500 OR LESS,IMPROPER OVERTAKING/PASSING,2,NO INDICATION OF INJURY,0,0,41.8671196607,-87.6452815,60607,"CHICAGO MIDWAY AIRPORT, IL US",39.0,30.0,70.0,0.0,10.0,10.0
crash_02649,2018-02-03 08:50:00,2018,2,Feb,Sat,8,Morning commute,30,STOP SIGN/FLASHER,CLEAR,DAYLIGHT,TURNING,NOT DIVIDED,DRY,INJURY AND / OR TOW DUE TO CRASH,,,"OVER $1,500",FAILING TO YIELD RIGHT-OF-WAY,2,NO INDICATION OF INJURY,0,0,41.7922858554,-87.7905874433,60638,"CHICAGO MIDWAY AIRPORT, IL US",27.0,13.0,55.0,0.0,10.0,15.0
crash_02650,2025-03-27 09:00:00,2025,3,Mar,Thu,9,Morning commute,30,NO CONTROLS,CLEAR,DAYLIGHT,SIDESWIPE SAME DIRECTION,NOT DIVIDED,DRY,NO INJURY / DRIVE AWAY,,,"OVER $1,500",IMPROPER OVERTAKING/PASSING,2,NO INDICATION OF INJURY,0,0,41.7661466218,-87.6831364127,60636,"CHICAGO MIDWAY AIRPORT, IL US",48.0,32.0,54.0,0.0,10.0,6.0
crash_02651,2024-12-30 17:00:00,2024,12,Dec,Mon,17,Evening commute,30,UNKNOWN,UNKNOWN,UNKNOWN,PARKED MOTOR VEHICLE,NOT DIVIDED,UNKNOWN,NO INJURY / DRIVE AWAY,,true,"OVER $1,500",UNABLE TO DETERMINE,2,NO INDICATION OF INJURY,0,0,41.976276201,-87.6556735473,60640,"CHICAGO OHARE INTERNATIONAL AIRPORT, IL US",39.0,34.0,82.0,,10.0,5.0
crash_02652,2019-07-10 15:39:00,2019,7,Jul,Wed,15,Evening commute,30,NO CONTROLS,CLEAR,DAYLIGHT,SIDESWIPE SAME DIRECTION,ONE-WAY,DRY,NO INJURY / DRIVE AWAY,,,$500 OR LESS,FAILING TO YIELD RIGHT-OF-WAY,2,NO INDICATION OF INJURY,0,0,41.7911804967,-87.6318959501,60621,"CHICAGO MIDWAY AIRPORT, IL US",95.0,66.0,39.0,0.0,10.0,13.0
crash_02653,2023-06-18 22:30:00,2023,6,Jun,Sun,22,Night or early morning,30,NO CONTROLS,CLEAR,DARKNESS,PARKED MOTOR VEHICLE,PARKING LOT,DRY,NO INJURY / DRIVE AWAY,,true,"OVER $1,500",UNABLE TO DETERMINE,3,NO INDICATION OF INJURY,0,0,41.7252335957,-87.6301178218,60620,"CHICAGO MIDWAY AIRPORT, IL US",71.0,54.0,55.0,0.0,10.0,10.0
crash_02654,2018-06-14 18:20:00,2018,6,Jun,Thu,18,Evening commute,35,OTHER,CLEAR,DAYLIGHT,SIDESWIPE SAME DIRECTION,DIVIDED - W/MEDIAN BARRIER,DRY,NO INJURY / DRIVE AWAY,,,"OVER $1,500",FAILING TO REDUCE SPEED TO AVOID CRASH,2,NO INDICATION OF INJURY,0,0,41.7371999812,-87.5679910381,60617,"CHICAGO MIDWAY AIRPORT, IL US",78.0,55.0,45.0,0.0,10.0,5.0
crash_02655,2023-11-26 10:15:00,2023,11,Nov,Sun,10,Daytime,45,TRAFFIC SIGNAL,SNOW,DAYLIGHT,ANGLE,OTHER,WET,NO INJURY / DRIVE AWAY,,,"$501 - $1,500","VISION OBSCURED (SIGNS, TREE LIMBS, BUILDINGS, ETC.)",2,NO INDICATION OF INJURY,0,0,41.8083158292,-87.684275378,60609,"CHICAGO MIDWAY AIRPORT, IL US",34.0,30.0,85.0,0.0,1.25,0.0
crash_02656,2023-09-14 18:11:00,2023,9,Sep,Thu,18,Evening commute,30,TRAFFIC SIGNAL,CLEAR,DAYLIGHT,REAR END,FOUR WAY,DRY,INJURY AND / OR TOW DUE TO CRASH,,,"OVER $1,500",UNABLE TO DETERMINE,3,NONINCAPACITATING INJURY,1,0,41.9675188956,-87.7602620288,60630,"CHICAGO OHARE INTERNATIONAL AIRPORT, IL US",70.0,49.0,47.0,0.0,10.0,9.0
crash_02657,2020-04-29 13:55:00,2020,4,Apr,Wed,13,Daytime,30,NO CONTROLS,RAIN,DAYLIGHT,SIDESWIPE SAME DIRECTION,DIVIDED - W/MEDIAN (NOT RAISED),WET,NO INJURY / DRIVE AWAY,,false,"OVER $1,500",IMPROPER OVERTAKING/PASSING,2,NO INDICATION OF INJURY,0,0,41.9188655513,-87.7670108739,60639,"CHICAGO OHARE INTERNATIONAL AIRPORT, IL US",53.0,49.0,86.0,0.03,10.0,14.0
crash_02658,2023-08-17 17:42:00,2023,8,Aug,Thu,17,Evening commute,30,NO CONTROLS,CLEAR,DAYLIGHT,SIDESWIPE SAME DIRECTION,DIVIDED - W/MEDIAN BARRIER,DRY,INJURY AND / OR TOW DUE TO CRASH,,,"OVER $1,500",PHYSICAL CONDITION OF DRIVER,3,NONINCAPACITATING INJURY,1,0,41.9541612527,-87.6703692819,60613,"CHICAGO MIDWAY AIRPORT, IL US",75.0,52.0,45.0,0.0,10.0,15.0
crash_02659,2023-02-17 09:00:00,2023,2,Feb,Fri,9,Morning commute,25,NO CONTROLS,CLEAR,DAYLIGHT,SIDESWIPE SAME DIRECTION,ONE-WAY,WET,INJURY AND / OR TOW DUE TO CRASH,,true,"$501 - $1,500",IMPROPER LANE USAGE,2,NO INDICATION OF INJURY,0,0,41.7824779741,-87.6394723227,60621,"CHICAGO MIDWAY AIRPORT, IL US",20.0,9.0,62.0,0.0,10.0,15.0
crash_02660,2022-05-09 00:01:00,2022,5,May,Mon,0,Night or early morning,25,NO CONTROLS,CLEAR,UNKNOWN,PARKED MOTOR VEHICLE,NOT DIVIDED,UNKNOWN,NO INJURY / DRIVE AWAY,,true,"OVER $1,500",UNABLE TO DETERMINE,2,NO INDICATION OF INJURY,0,0,41.6568557501,-87.6024801192,60827,"CHICAGO MIDWAY AIRPORT, IL US",62.0,41.0,46.0,0.0,10.0,14.0
crash_02661,2023-03-17 03:38:00,2023,3,Mar,Fri,3,Night or early morning,30,TRAFFIC SIGNAL,RAIN,"DARKNESS, LIGHTED ROAD",TURNING,FOUR WAY,WET,NO INJURY / DRIVE AWAY,true,true,"OVER $1,500",DISREGARDING TRAFFIC SIGNALS,2,NO INDICATION OF INJURY,0,0,41.9105827644,-87.6777016771,60647,"CHICAGO MIDWAY AIRPORT, IL US",37.0,34.0,87.0,,10.0,18.0
crash_02662,2018-01-10 14:30:00,2018,1,Jan,Wed,14,Daytime,30,NO CONTROLS,RAIN,DAYLIGHT,PARKED MOTOR VEHICLE,NOT DIVIDED,WET,NO INJURY / DRIVE AWAY,,true,"OVER $1,500",IMPROPER OVERTAKING/PASSING,2,NO INDICATION OF INJURY,0,0,41.9879910945,-87.8058097036,60631,"CHICAGO OHARE INTERNATIONAL AIRPORT, IL US",46.0,44.0,93.0,0.0,2.0,10.0
crash_02663,2025-06-07 12:34:00,2025,6,Jun,Sat,12,Daytime,30,TRAFFIC SIGNAL,CLEAR,DARKNESS,REAR END,NOT DIVIDED,DRY,NO INJURY / DRIVE AWAY,true,false,"OVER $1,500",FAILING TO YIELD RIGHT-OF-WAY,2,NO INDICATION OF INJURY,0,0,41.8729631703,-87.6667185073,60612,"CHICAGO MIDWAY AIRPORT, IL US",74.0,58.0,57.0,0.0,10.0,8.0
crash_02664,2021-10-13 08:45:00,2021,10,Oct,Wed,8,Morning commute,30,TRAFFIC SIGNAL,CLEAR,DAYLIGHT,SIDESWIPE SAME DIRECTION,ONE-WAY,DRY,NO INJURY / DRIVE AWAY,true,,"OVER $1,500",DRIVING SKILLS/KNOWLEDGE/EXPERIENCE,2,NO INDICATION OF INJURY,0,0,41.8821914302,-87.6261796773,60602,"CHICAGO MIDWAY AIRPORT, IL US",60.0,55.0,84.0,0.0,10.0,5.0
crash_02665,2023-04-20 12:21:00,2023,4,Apr,Thu,12,Daytime,30,NO CONTROLS,RAIN,DAYLIGHT,REAR END,NOT DIVIDED,WET,NO INJURY / DRIVE AWAY,true,,$500 OR LESS,FOLLOWING TOO CLOSELY,2,NO INDICATION OF INJURY,0,0,41.8509725795,-87.6271887168,60616,"CHICAGO MIDWAY AIRPORT, IL US",70.0,54.0,57.0,,10.0,13.0
crash_02666,2019-08-25 23:15:00,2019,8,Aug,Sun,23,Night or early morning,30,NO CONTROLS,CLEAR,"DARKNESS, LIGHTED ROAD",SIDESWIPE SAME DIRECTION,NOT DIVIDED,DRY,NO INJURY / DRIVE AWAY,,true,"OVER $1,500",UNABLE TO DETERMINE,2,NO INDICATION OF INJURY,0,0,41.8671088962,-87.6422588014,60607,"CHICAGO MIDWAY AIRPORT, IL US",73.0,58.0,59.0,0.0,10.0,10.0
crash_02667,2022-08-20 00:10:00,2022,8,Aug,Sat,0,Night or early morning,30,UNKNOWN,CLEAR,"DARKNESS, LIGHTED ROAD",PARKED MOTOR VEHICLE,NOT DIVIDED,DRY,NO INJURY / DRIVE AWAY,,true,$500 OR LESS,UNABLE TO DETERMINE,2,NO INDICATION OF INJURY,0,0,41.886687949,-87.647384132,60661,"CHICAGO MIDWAY AIRPORT, IL US",79.0,59.0,50.0,,10.0,11.0
crash_02668,2019-04-19 16:40:00,2019,4,Apr,Fri,16,Evening commute,30,TRAFFIC SIGNAL,CLEAR,DAYLIGHT,REAR END,FOUR WAY,DRY,NO INJURY / DRIVE AWAY,true,true,$500 OR LESS,IMPROPER OVERTAKING/PASSING,2,NO INDICATION OF INJURY,0,0,41.8461263601,-87.714985056,60623,"CHICAGO MIDWAY AIRPORT, IL US",48.0,28.0,46.0,0.0,10.0,28.0
crash_02669,2018-03-06 15:50:00,2018,3,Mar,Tue,15,Evening commute,30,TRAFFIC SIGNAL,CLOUDY/OVERCAST,DAYLIGHT,REAR END,NOT DIVIDED,WET,NO INJURY / DRIVE AWAY,true,true,"$501 - $1,500",FOLLOWING TOO CLOSELY,2,NO INDICATION OF INJURY,0,0,41.9241904506,-87.7612199685,60639,"CHICAGO OHARE INTERNATIONAL AIRPORT, IL US",37.0,31.0,79.0,0.0,10.0,14.0
crash_02670,2018-12-04 16:10:00,2018,12,Dec,Tue,16,Evening commute,30,NO CONTROLS,CLEAR,DUSK,PARKED MOTOR VEHICLE,NOT DIVIDED,DRY,NO INJURY / DRIVE AWAY,,true,"$501 - $1,500",NOT APPLICABLE,2,NO INDICATION OF INJURY,0,0,41.900252868,-87.6697105098,60622,"CHICAGO MIDWAY AIRPORT, IL US",32.0,22.0,66.0,0.0,10.0,7.0
crash_02671,2018-01-03 23:15:00,2018,1,Jan,Wed,23,Night or early morning,30,NO CONTROLS,CLEAR,"DARKNESS, LIGHTED ROAD",PARKED MOTOR VEHICLE,NOT DIVIDED,DRY,NO INJURY / DRIVE AWAY,,true,$500 OR LESS,IMPROPER BACKING,2,NO INDICATION OF INJURY,0,0,41.7910536123,-87.6597999745,60636,"CHICAGO MIDWAY AIRPORT, IL US",10.0,-1.0,61.0,0.0,10.0,14.0
crash_02672,2020-08-01 23:34:00,2020,8,Aug,Sat,23,Night or early morning,25,STOP SIGN/FLASHER,RAIN,"DARKNESS, LIGHTED ROAD",REAR END,DIVIDED - W/MEDIAN (NOT RAISED),WET,NO INJURY / DRIVE AWAY,,true,"OVER $1,500",UNABLE TO DETERMINE,2,NO INDICATION OF INJURY,0,0,41.875042889,-87.7452149674,60644,"CHICAGO MIDWAY AIRPORT, IL US",66.0,63.0,90.0,0.07,6.0,6.0
crash_02673,2021-09-12 08:00:00,2021,9,Sep,Sun,8,Morning commute,30,NO CONTROLS,UNKNOWN,UNKNOWN,PARKED MOTOR VEHICLE,ONE-WAY,UNKNOWN,NO INJURY / DRIVE AWAY,,true,"OVER $1,500",UNABLE TO DETERMINE,3,NO INDICATION OF INJURY,0,0,41.7696734627,-87.7218758455,60629,"CHICAGO MIDWAY AIRPORT, IL US",74.0,62.0,67.0,0.0,10.0,14.0
crash_02674,2018-02-22 09:50:00,2018,2,Feb,Thu,9,Morning commute,30,TRAFFIC SIGNAL,CLEAR,"DARKNESS, LIGHTED ROAD",TURNING,DIVIDED - W/MEDIAN BARRIER,DRY,INJURY AND / OR TOW DUE TO CRASH,true,,"OVER $1,500",FAILING TO YIELD RIGHT-OF-WAY,2,NO INDICATION OF INJURY,0,0,41.890122937,-87.6242466514,60611,"CHICAGO MIDWAY AIRPORT, IL US",36.0,30.0,79.0,0.0,10.0,17.0
crash_02675,2022-04-02 11:20:00,2022,4,Apr,Sat,11,Daytime,25,NO CONTROLS,CLEAR,DAYLIGHT,PARKED MOTOR VEHICLE,PARKING LOT,DRY,NO INJURY / DRIVE AWAY,,true,"$501 - $1,500",UNABLE TO DETERMINE,2,NO INDICATION OF INJURY,0,0,41.8717189482,-87.6676636093,60612,"CHICAGO MIDWAY AIRPORT, IL US",42.0,27.0,55.0,0.0,10.0,15.0
crash_02676,2024-05-14 08:48:00,2024,5,May,Tue,8,Morning commute,35,TRAFFIC SIGNAL,RAIN,DAYLIGHT,TURNING,NOT DIVIDED,WET,INJURY AND / OR TOW DUE TO CRASH,true,,"OVER $1,500",FOLLOWING TOO CLOSELY,2,NO INDICATION OF INJURY,0,0,41.8911858704,-87.7653985332,60644,"CHICAGO MIDWAY AIRPORT, IL US",54.0,49.0,83.0,0.0,10.0,10.0
crash_02677,2018-04-11 15:00:00,2018,4,Apr,Wed,15,Evening commute,30,NO CONTROLS,UNKNOWN,DAYLIGHT,SIDESWIPE SAME DIRECTION,NOT DIVIDED,UNKNOWN,NO INJURY / DRIVE AWAY,,,$500 OR LESS,IMPROPER OVERTAKING/PASSING,2,NO INDICATION OF INJURY,0,0,41.7366505191,-87.5976965968,60619,"CHICAGO MIDWAY AIRPORT, IL US",66.0,39.0,37.0,0.0,10.0,7.0
crash_02678,2021-05-25 10:10:00,2021,5,May,Tue,10,Daytime,30,NO CONTROLS,CLEAR,DAYLIGHT,SIDESWIPE SAME DIRECTION,DIVIDED - W/MEDIAN (NOT RAISED),DRY,NO INJURY / DRIVE AWAY,,,$500 OR LESS,DRIVING SKILLS/KNOWLEDGE/EXPERIENCE,2,NO INDICATION OF INJURY,0,0,41.8732169991,-87.6756751765,60612,"CHICAGO MIDWAY AIRPORT, IL US",81.0,59.0,47.0,0.0,10.0,13.0
crash_02679,2018-11-06 11:55:00,2018,11,Nov,Tue,11,Daytime,30,NO CONTROLS,CLOUDY/OVERCAST,DAYLIGHT,REAR END,NOT DIVIDED,DRY,NO INJURY / DRIVE AWAY,,,"$501 - $1,500",FOLLOWING TOO CLOSELY,2,NO INDICATION OF INJURY,0,0,41.8440290028,-87.7326745254,60623,"CHICAGO MIDWAY AIRPORT, IL US",47.0,41.0,80.0,0.0,10.0,23.0
crash_02680,2020-08-20 10:15:00,2020,8,Aug,Thu,10,Daytime,40,NO CONTROLS,CLEAR,DAYLIGHT,REAR END,DIVIDED - W/MEDIAN BARRIER,DRY,NO INJURY / DRIVE AWAY,,,"OVER $1,500",FOLLOWING TOO CLOSELY,2,NO INDICATION OF INJURY,0,0,41.8808560477,-87.6176358918,60603,"CHICAGO MIDWAY AIRPORT, IL US",75.0,53.0,46.0,0.0,10.0,5.0
crash_02681,2018-11-30 03:20:00,2018,11,Nov,Fri,3,Night or early morning,30,TRAFFIC SIGNAL,CLEAR,"DARKNESS, LIGHTED ROAD",REAR END,DIVIDED - W/MEDIAN (NOT RAISED),WET,NO INJURY / DRIVE AWAY,,,$500 OR LESS,FOLLOWING TOO CLOSELY,2,NO INDICATION OF INJURY,0,0,41.9035623674,-87.6285245956,60610,"CHICAGO MIDWAY AIRPORT, IL US",34.0,30.0,85.0,0.0,5.0,6.0
crash_02682,2023-12-01 09:11:00,2023,12,Dec,Fri,9,Morning commute,25,TRAFFIC SIGNAL,RAIN,UNKNOWN,REAR END,NOT DIVIDED,WET,NO INJURY / DRIVE AWAY,,,"OVER $1,500",UNABLE TO DETERMINE,2,NO INDICATION OF INJURY,0,0,41.8732169991,-87.6756751765,60612,"CHICAGO MIDWAY AIRPORT, IL US",44.0,40.0,85.0,0.08,6.0,6.0
crash_02683,2023-09-08 11:41:00,2023,9,Sep,Fri,11,Daytime,30,NO CONTROLS,RAIN,DAYLIGHT,TURNING,CENTER TURN LANE,WET,NO INJURY / DRIVE AWAY,,,$500 OR LESS,DRIVING SKILLS/KNOWLEDGE/EXPERIENCE,2,NO INDICATION OF INJURY,0,0,41.9852667698,-87.6625168041,60660,"CHICAGO OHARE INTERNATIONAL AIRPORT, IL US",64.0,57.0,78.0,,10.0,15.0
crash_02684,2024-04-26 10:30:00,2024,4,Apr,Fri,10,Daytime,30,NO CONTROLS,CLEAR,DAYLIGHT,PARKED MOTOR VEHICLE,NOT DIVIDED,DRY,NO INJURY / DRIVE AWAY,,true,"OVER $1,500","OPERATING VEHICLE IN ERRATIC, RECKLESS, CARELESS, NEGLIGENT OR AGGRESSIVE MANNER",2,NO INDICATION OF INJURY,0,0,41.7685802576,-87.6712609314,60636,"CHICAGO MIDWAY AIRPORT, IL US",57.0,35.0,44.0,0.0,10.0,16.0
crash_02685,2023-03-31 15:51:00,2023,3,Mar,Fri,15,Evening commute,30,NO CONTROLS,CLEAR,DAYLIGHT,PEDALCYCLIST,NOT DIVIDED,DRY,NO INJURY / DRIVE AWAY,,,"$501 - $1,500","OPERATING VEHICLE IN ERRATIC, RECKLESS, CARELESS, NEGLIGENT OR AGGRESSIVE MANNER",2,NO INDICATION OF INJURY,0,0,41.9616866585,-87.6703672252,60640,"CHICAGO MIDWAY AIRPORT, IL US",68.0,57.0,69.0,,10.0,8.0
crash_02686,2023-01-24 11:38:00,2023,1,Jan,Tue,11,Daytime,25,NO CONTROLS,CLEAR,DAYLIGHT,PARKED MOTOR VEHICLE,ONE-WAY,DRY,NO INJURY / DRIVE AWAY,,,"OVER $1,500",DRIVING SKILLS/KNOWLEDGE/EXPERIENCE,2,NO INDICATION OF INJURY,0,0,41.8542455441,-87.7200669647,60623,"CHICAGO MIDWAY AIRPORT, IL US",35.0,26.0,70.0,0.0,10.0,6.0
crash_02687,2025-10-11 13:50:00,2025,10,Oct,Sat,13,Daytime,40,NO CONTROLS,CLOUDY/OVERCAST,DAYLIGHT,SIDESWIPE SAME DIRECTION,DIVIDED - W/MEDIAN BARRIER,DRY,INJURY AND / OR TOW DUE TO CRASH,,,"OVER $1,500",IMPROPER OVERTAKING/PASSING,2,NONINCAPACITATING INJURY,2,0,41.8639844023,-87.6192846027,60605,,,,,,,
crash_02688,2020-07-11 14:30:00,2020,7,Jul,Sat,14,Daytime,30,NO CONTROLS,CLEAR,DAYLIGHT,PARKED MOTOR VEHICLE,NOT DIVIDED,DRY,NO INJURY / DRIVE AWAY,,,"OVER $1,500",IMPROPER TURNING/NO SIGNAL,2,NO INDICATION OF INJURY,0,0,41.7050613928,-87.7060661942,60655,"CHICAGO MIDWAY AIRPORT, IL US",80.0,66.0,62.0,0.0,10.0,9.0
crash_02689,2018-04-19 07:10:00,2018,4,Apr,Thu,7,Morning commute,30,TRAFFIC SIGNAL,CLEAR,DAYLIGHT,REAR END,DIVIDED - W/MEDIAN (NOT RAISED),ICE,NO INJURY / DRIVE AWAY,,,"OVER $1,500",EXCEEDING SAFE SPEED FOR CONDITIONS,2,NO INDICATION OF INJURY,0,0,41.9314609382,-87.743717307,60639,"CHICAGO OHARE INTERNATIONAL AIRPORT, IL US",33.0,28.0,82.0,0.0,10.0,10.0
crash_02690,2018-12-13 06:50:00,2018,12,Dec,Thu,6,Morning commute,30,NO CONTROLS,CLEAR,UNKNOWN,REAR END,NOT DIVIDED,DRY,NO INJURY / DRIVE AWAY,,,$500 OR LESS,UNABLE TO DETERMINE,2,NO INDICATION OF INJURY,0,0,41.9967947181,-87.7653374221,60646,"CHICAGO OHARE INTERNATIONAL AIRPORT, IL US",25.0,23.0,92.0,0.0,5.0,0.0