crash_id,crash_datetime,crash_year,crash_month,crash_month_name,crash_weekday_name,crash_hour,time_period,posted_speed_limit_mph,traffic_control_device,reported_weather_condition,reported_lighting_condition,first_crash_type,trafficway_type,reported_road_surface_condition,crash_type,intersection_related,hit_and_run,estimated_damage,primary_contributory_cause,unit_count,most_severe_injury,injuries_total,injuries_fatal,latitude,longitude,zip5,weather_station_name,temperature_f,dew_point_f,relative_humidity_percent,precipitation_inches,visibility_miles,wind_speed_mph
crash_02691,2021-09-24 10:36:00,2021,9,Sep,Fri,10,Daytime,30,NO CONTROLS,CLEAR,DAYLIGHT,SIDESWIPE SAME DIRECTION,NOT DIVIDED,DRY,NO INJURY / DRIVE AWAY,,,"OVER $1,500",IMPROPER OVERTAKING/PASSING,2,NO INDICATION OF INJURY,0,0,41.9092380054,-87.6493073155,60642,"CHICAGO MIDWAY AIRPORT, IL US",70.0,42.0,37.0,0.0,10.0,14.0
crash_02692,2023-02-21 12:20:00,2023,2,Feb,Tue,12,Daytime,30,UNKNOWN,CLEAR,DAYLIGHT,PARKED MOTOR VEHICLE,NOT DIVIDED,UNKNOWN,NO INJURY / DRIVE AWAY,,true,"$501 - $1,500",NOT APPLICABLE,2,NO INDICATION OF INJURY,0,0,41.8101381525,-87.664867266,60609,"CHICAGO MIDWAY AIRPORT, IL US",32.0,10.0,40.0,0.0,10.0,8.0
crash_02693,2025-09-03 18:30:00,2025,9,Sep,Wed,18,Evening commute,35,NO CONTROLS,RAIN,DAYLIGHT,ANGLE,FOUR WAY,WET,NO INJURY / DRIVE AWAY,true,,"OVER $1,500",FAILING TO YIELD RIGHT-OF-WAY,2,NO INDICATION OF INJURY,0,0,41.800856998,-87.7295931135,60632,,,,,,,
crash_02694,2022-04-27 18:45:00,2022,4,Apr,Wed,18,Evening commute,30,NO CONTROLS,CLEAR,DAYLIGHT,REAR END,NOT DIVIDED,DRY,NO INJURY / DRIVE AWAY,,true,"OVER $1,500",FOLLOWING TOO CLOSELY,2,NO INDICATION OF INJURY,0,0,41.808976925,-87.6347269645,60609,"CHICAGO MIDWAY AIRPORT, IL US",38.0,27.0,65.0,0.0,10.0,11.0
crash_02695,2021-06-15 07:25:00,2021,6,Jun,Tue,7,Morning commute,30,NO CONTROLS,CLEAR,DAYLIGHT,REAR END,NOT DIVIDED,DRY,NO INJURY / DRIVE AWAY,,,"OVER $1,500",FOLLOWING TOO CLOSELY,2,NO INDICATION OF INJURY,0,0,41.7788035284,-87.7204329846,60629,"CHICAGO MIDWAY AIRPORT, IL US",72.0,53.0,52.0,0.0,10.0,6.0
crash_02696,2025-01-19 16:00:00,2025,1,Jan,Sun,16,Evening commute,30,NO CONTROLS,UNKNOWN,DAYLIGHT,REAR END,NOT DIVIDED,UNKNOWN,NO INJURY / DRIVE AWAY,,,"OVER $1,500",UNABLE TO DETERMINE,2,NO INDICATION OF INJURY,0,0,41.8122729799,-87.5897650527,60653,"CHICAGO MIDWAY AIRPORT, IL US",10.0,-11.0,37.0,0.0,10.0,14.0
crash_02697,2022-05-18 01:00:00,2022,5,May,Wed,1,Night or early morning,25,NO CONTROLS,UNKNOWN,"DARKNESS, LIGHTED ROAD",PARKED MOTOR VEHICLE,ONE-WAY,UNKNOWN,NO INJURY / DRIVE AWAY,,true,"OVER $1,500",UNABLE TO DETERMINE,2,NO INDICATION OF INJURY,0,0,41.8778462385,-87.7273702562,60624,"CHICAGO MIDWAY AIRPORT, IL US",59.0,42.0,54.0,0.0,10.0,8.0
crash_02698,2020-11-06 12:08:00,2020,11,Nov,Fri,12,Daytime,15,NO CONTROLS,CLEAR,DAYLIGHT,SIDESWIPE SAME DIRECTION,PARKING LOT,DRY,NO INJURY / DRIVE AWAY,,,"OVER $1,500",UNABLE TO DETERMINE,2,NO INDICATION OF INJURY,0,0,42.0186444134,-87.6903306842,60645,"CHICAGO OHARE INTERNATIONAL AIRPORT, IL US",71.0,49.0,46.0,0.0,10.0,11.0
crash_02699,2020-10-17 16:00:00,2020,10,Oct,Sat,16,Evening commute,30,NO CONTROLS,CLEAR,DAYLIGHT,TURNING,NOT DIVIDED,DRY,NO INJURY / DRIVE AWAY,,,"$501 - $1,500",IMPROPER TURNING/NO SIGNAL,2,NO INDICATION OF INJURY,0,0,41.7053960405,-87.6138641093,60628,"CHICAGO MIDWAY AIRPORT, IL US",63.0,25.0,24.0,0.0,10.0,21.0
crash_02700,2020-09-22 14:30:00,2020,9,Sep,Tue,14,Daytime,30,NO CONTROLS,CLEAR,UNKNOWN,SIDESWIPE SAME DIRECTION,NOT DIVIDED,UNKNOWN,NO INJURY / DRIVE AWAY,,false,"OVER $1,500",UNABLE TO DETERMINE,2,NO INDICATION OF INJURY,0,0,41.8022300615,-87.5990853621,60615,"CHICAGO MIDWAY AIRPORT, IL US",78.0,53.0,42.0,0.0,10.0,6.0
crash_02701,2019-03-04 17:35:00,2019,3,Mar,Mon,17,Evening commute,30,TRAFFIC SIGNAL,CLEAR,DARKNESS,REAR END,NOT DIVIDED,DRY,NO INJURY / DRIVE AWAY,true,,"OVER $1,500",IMPROPER BACKING,2,NO INDICATION OF INJURY,0,0,41.8280351411,-87.7046977316,60632,"CHICAGO MIDWAY AIRPORT, IL US",12.0,-1.0,56.0,0.0,10.0,16.0
crash_02702,2022-10-04 09:00:00,2022,10,Oct,Tue,9,Morning commute,30,NO CONTROLS,CLEAR,DAYLIGHT,PARKED MOTOR VEHICLE,NOT DIVIDED,DRY,NO INJURY / DRIVE AWAY,,,"OVER $1,500",UNABLE TO DETERMINE,2,NO INDICATION OF INJURY,0,0,41.7468899333,-87.6902460241,60652,"CHICAGO MIDWAY AIRPORT, IL US",56.0,44.0,65.0,,10.0,5.0
crash_02703,2022-02-22 04:31:00,2022,2,Feb,Tue,4,Night or early morning,30,PEDESTRIAN CROSSING SIGN,RAIN,"DARKNESS, LIGHTED ROAD",REAR END,T-INTERSECTION,WET,INJURY AND / OR TOW DUE TO CRASH,true,,"OVER $1,500",FAILING TO REDUCE SPEED TO AVOID CRASH,2,NO INDICATION OF INJURY,0,0,41.7790005449,-87.7081122473,60629,"CHICAGO MIDWAY AIRPORT, IL US",54.0,51.0,90.0,0.0,6.0,0.0
crash_02704,2024-07-19 18:52:00,2024,7,Jul,Fri,18,Evening commute,25,STOP SIGN/FLASHER,CLEAR,DAYLIGHT,ANGLE,FOUR WAY,DRY,INJURY AND / OR TOW DUE TO CRASH,true,,"OVER $1,500",FAILING TO YIELD RIGHT-OF-WAY,3,NONINCAPACITATING INJURY,2,0,41.900790673,-87.7224380579,60651,"CHICAGO MIDWAY AIRPORT, IL US",76.0,53.0,45.0,0.0,10.0,10.0
crash_02705,2025-02-14 20:15:00,2025,2,Feb,Fri,20,Night or early morning,30,TRAFFIC SIGNAL,SNOW,"DARKNESS, LIGHTED ROAD",REAR END,NOT DIVIDED,SNOW OR SLUSH,NO INJURY / DRIVE AWAY,false,,"$501 - $1,500",WEATHER,2,NO INDICATION OF INJURY,0,0,41.9980787237,-87.6606072789,60660,"CHICAGO OHARE INTERNATIONAL AIRPORT, IL US",22.0,18.0,85.0,0.01,0.75,13.0
crash_02706,2021-06-15 21:30:00,2021,6,Jun,Tue,21,Night or early morning,30,NO CONTROLS,CLEAR,"DARKNESS, LIGHTED ROAD",SIDESWIPE SAME DIRECTION,DIVIDED - W/MEDIAN (NOT RAISED),DRY,NO INJURY / DRIVE AWAY,,,"$501 - $1,500",DRIVING SKILLS/KNOWLEDGE/EXPERIENCE,2,NO INDICATION OF INJURY,0,0,41.9903835848,-87.6903184871,60659,"CHICAGO OHARE INTERNATIONAL AIRPORT, IL US",63.0,45.0,52.0,0.0,10.0,8.0
crash_02707,2018-04-12 16:52:00,2018,4,Apr,Thu,16,Evening commute,20,STOP SIGN/FLASHER,CLEAR,DAYLIGHT,ANGLE,DIVIDED - W/MEDIAN (NOT RAISED),DRY,NO INJURY / DRIVE AWAY,true,,"$501 - $1,500",UNABLE TO DETERMINE,2,NO INDICATION OF INJURY,0,0,41.8987640861,-87.7484651612,60651,"CHICAGO MIDWAY AIRPORT, IL US",59.0,45.0,60.0,0.0,9.0,8.0
crash_02708,2018-04-18 21:40:00,2018,4,Apr,Wed,21,Night or early morning,30,NO CONTROLS,SNOW,"DARKNESS, LIGHTED ROAD",ANGLE,NOT DIVIDED,SNOW OR SLUSH,INJURY AND / OR TOW DUE TO CRASH,true,,"OVER $1,500",FAILING TO YIELD RIGHT-OF-WAY,2,NO INDICATION OF INJURY,0,0,41.9901985203,-87.715262373,60659,"CHICAGO OHARE INTERNATIONAL AIRPORT, IL US",32.0,32.0,100.0,,2.5,9.0
crash_02709,2019-11-28 20:05:00,2019,11,Nov,Thu,20,Night or early morning,35,NO PASSING,RAIN,"DARKNESS, LIGHTED ROAD",FIXED OBJECT,DIVIDED - W/MEDIAN BARRIER,WET,INJURY AND / OR TOW DUE TO CRASH,,,"OVER $1,500",DRIVING SKILLS/KNOWLEDGE/EXPERIENCE,2,NONINCAPACITATING INJURY,2,0,41.9008061097,-87.6197239614,60611,"CHICAGO MIDWAY AIRPORT, IL US",37.0,33.0,86.0,0.0,10.0,7.0
crash_02710,2018-02-22 16:02:00,2018,2,Feb,Thu,16,Evening commute,30,NO CONTROLS,CLEAR,"DARKNESS, LIGHTED ROAD",SIDESWIPE SAME DIRECTION,NOT DIVIDED,DRY,NO INJURY / DRIVE AWAY,,,"OVER $1,500",UNABLE TO DETERMINE,2,NO INDICATION OF INJURY,0,0,41.8987690267,-87.6867737874,60622,"CHICAGO MIDWAY AIRPORT, IL US",40.0,30.0,68.0,0.0,10.0,20.0
crash_02711,2022-10-27 11:15:00,2022,10,Oct,Thu,11,Daytime,30,TRAFFIC SIGNAL,CLEAR,DAYLIGHT,TURNING,DIVIDED - W/MEDIAN BARRIER,DRY,NO INJURY / DRIVE AWAY,true,true,"$501 - $1,500",IMPROPER TURNING/NO SIGNAL,2,NO INDICATION OF INJURY,0,0,41.8321759349,-87.6950234473,60623,"CHICAGO MIDWAY AIRPORT, IL US",50.0,35.0,57.0,0.0,10.0,6.0
crash_02712,2025-09-12 14:10:00,2025,9,Sep,Fri,14,Daytime,30,NO CONTROLS,CLEAR,DAYLIGHT,FIXED OBJECT,OTHER,DRY,NO INJURY / DRIVE AWAY,,,"OVER $1,500",DRIVING SKILLS/KNOWLEDGE/EXPERIENCE,1,NO INDICATION OF INJURY,0,0,41.8034113468,-87.6939255447,60632,,,,,,,
crash_02713,2021-10-28 14:45:00,2021,10,Oct,Thu,14,Daytime,30,NO CONTROLS,RAIN,DAYLIGHT,REAR TO SIDE,PARKING LOT,WET,NO INJURY / DRIVE AWAY,,true,"OVER $1,500",IMPROPER BACKING,2,NO INDICATION OF INJURY,0,0,41.9772643041,-87.6597443791,60640,"CHICAGO OHARE INTERNATIONAL AIRPORT, IL US",54.0,51.0,90.0,0.03,6.0,13.0
crash_02714,2020-01-31 23:05:00,2020,1,Jan,Fri,23,Night or early morning,30,STOP SIGN/FLASHER,RAIN,"DARKNESS, LIGHTED ROAD",PEDESTRIAN,NOT DIVIDED,WET,NO INJURY / DRIVE AWAY,true,,"$501 - $1,500",FAILING TO YIELD RIGHT-OF-WAY,2,NO INDICATION OF INJURY,0,0,41.9630404262,-87.7133476514,60625,"CHICAGO OHARE INTERNATIONAL AIRPORT, IL US",35.0,30.0,82.0,0.0,3.0,5.0
crash_02715,2019-06-08 09:50:00,2019,6,Jun,Sat,9,Morning commute,30,STOP SIGN/FLASHER,CLEAR,DAYLIGHT,ANGLE,FOUR WAY,DRY,NO INJURY / DRIVE AWAY,true,,"OVER $1,500",DISREGARDING TRAFFIC SIGNALS,2,NO INDICATION OF INJURY,0,0,41.7723796165,-87.6447416419,60621,"CHICAGO MIDWAY AIRPORT, IL US",69.0,52.0,55.0,0.0,10.0,13.0
crash_02716,2025-05-11 09:30:00,2025,5,May,Sun,9,Morning commute,10,NO CONTROLS,CLEAR,DAYLIGHT,PARKED MOTOR VEHICLE,PARKING LOT,DRY,NO INJURY / DRIVE AWAY,,true,"OVER $1,500",UNABLE TO DETERMINE,2,NO INDICATION OF INJURY,0,0,41.8664973081,-87.7073377871,60624,"CHICAGO MIDWAY AIRPORT, IL US",60.0,43.0,53.0,0.0,10.0,8.0
crash_02717,2021-07-03 17:30:00,2021,7,Jul,Sat,17,Evening commute,30,STOP SIGN/FLASHER,CLEAR,DAYLIGHT,TURNING,NOT DIVIDED,DRY,INJURY AND / OR TOW DUE TO CRASH,true,,"OVER $1,500",IMPROPER TURNING/NO SIGNAL,2,NO INDICATION OF INJURY,0,0,41.8527739924,-87.6346619995,60616,"CHICAGO MIDWAY AIRPORT, IL US",86.0,61.0,43.0,0.0,10.0,15.0
crash_02718,2025-08-13 11:30:00,2025,8,Aug,Wed,11,Daytime,25,NO CONTROLS,CLEAR,DAYLIGHT,REAR END,NOT DIVIDED,DRY,NO INJURY / DRIVE AWAY,false,true,"OVER $1,500",UNABLE TO DETERMINE,2,NO INDICATION OF INJURY,0,0,41.8444253084,-87.7034918584,60623,"CHICAGO MIDWAY AIRPORT, IL US",84.0,60.0,44.0,0.0,10.0,6.0
crash_02719,2023-04-04 13:50:00,2023,4,Apr,Tue,13,Daytime,30,NO CONTROLS,RAIN,DAYLIGHT,PEDALCYCLIST,NOT DIVIDED,WET,INJURY AND / OR TOW DUE TO CRASH,,,"$501 - $1,500",FOLLOWING TOO CLOSELY,2,NONINCAPACITATING INJURY,1,0,41.9364265172,-87.6516921972,60657,"CHICAGO MIDWAY AIRPORT, IL US",53.0,48.0,83.0,0.0,8.0,16.0
crash_02720,2019-05-07 19:40:00,2019,5,May,Tue,19,Night or early morning,30,NO CONTROLS,CLEAR,DUSK,SIDESWIPE SAME DIRECTION,DIVIDED - W/MEDIAN BARRIER,DRY,NO INJURY / DRIVE AWAY,,,"OVER $1,500",UNABLE TO DETERMINE,2,NO INDICATION OF INJURY,0,0,41.7358312662,-87.633820576,60620,"CHICAGO MIDWAY AIRPORT, IL US",45.0,34.0,66.0,0.0,10.0,15.0
crash_02721,2025-11-04 14:26:00,2025,11,Nov,Tue,14,Daytime,30,TRAFFIC SIGNAL,CLEAR,DAYLIGHT,SIDESWIPE SAME DIRECTION,DIVIDED - W/MEDIAN BARRIER,DRY,NO INJURY / DRIVE AWAY,,,$500 OR LESS,IMPROPER OVERTAKING/PASSING,2,NO INDICATION OF INJURY,0,0,41.7546601244,-87.7413847586,60652,,,,,,,
crash_02722,2020-09-23 10:00:00,2020,9,Sep,Wed,10,Daytime,25,NO CONTROLS,CLEAR,DAYLIGHT,PARKED MOTOR VEHICLE,ONE-WAY,DRY,NO INJURY / DRIVE AWAY,,true,"OVER $1,500",UNABLE TO DETERMINE,2,NO INDICATION OF INJURY,0,0,41.8973680213,-87.7727506463,60651,"CHICAGO MIDWAY AIRPORT, IL US",67.0,56.0,68.0,0.0,10.0,6.0
crash_02723,2024-01-03 21:00:00,2024,1,Jan,Wed,21,Night or early morning,30,TRAFFIC SIGNAL,CLEAR,"DARKNESS, LIGHTED ROAD",REAR END,FOUR WAY,DRY,NO INJURY / DRIVE AWAY,,,"$501 - $1,500",NOT APPLICABLE,2,NO INDICATION OF INJURY,0,0,41.9547196692,-87.6468815404,60613,"CHICAGO MIDWAY AIRPORT, IL US",36.0,28.0,73.0,0.0,10.0,9.0
crash_02724,2024-06-20 14:00:00,2024,6,Jun,Thu,14,Daytime,0,NO CONTROLS,CLEAR,DAYLIGHT,PARKED MOTOR VEHICLE,PARKING LOT,DRY,NO INJURY / DRIVE AWAY,,,"OVER $1,500",DRIVING SKILLS/KNOWLEDGE/EXPERIENCE,2,NO INDICATION OF INJURY,0,0,41.8006425536,-87.7431134692,60638,"CHICAGO MIDWAY AIRPORT, IL US",83.0,65.0,55.0,0.0,10.0,10.0
crash_02725,2024-04-01 00:10:00,2024,4,Apr,Mon,0,Night or early morning,20,NO CONTROLS,RAIN,DARKNESS,FIXED OBJECT,ALLEY,WET,NO INJURY / DRIVE AWAY,,,$500 OR LESS,UNABLE TO DETERMINE,1,NO INDICATION OF INJURY,0,0,41.7774847012,-87.7225849766,60629,"CHICAGO MIDWAY AIRPORT, IL US",44.0,41.0,89.0,0.08,5.0,10.0
crash_02726,2018-08-18 04:50:00,2018,8,Aug,Sat,4,Night or early morning,25,NO CONTROLS,CLEAR,"DARKNESS, LIGHTED ROAD",PARKED MOTOR VEHICLE,NOT DIVIDED,DRY,INJURY AND / OR TOW DUE TO CRASH,,true,"OVER $1,500",UNABLE TO DETERMINE,2,NO INDICATION OF INJURY,0,0,41.9617548035,-87.648543725,60613,"CHICAGO MIDWAY AIRPORT, IL US",73.0,71.0,94.0,0.0,6.0,6.0
crash_02727,2020-12-03 19:45:00,2020,12,Dec,Thu,19,Night or early morning,20,NO CONTROLS,CLEAR,"DARKNESS, LIGHTED ROAD",SIDESWIPE SAME DIRECTION,NOT DIVIDED,DRY,NO INJURY / DRIVE AWAY,,true,"OVER $1,500",FAILING TO REDUCE SPEED TO AVOID CRASH,2,NO INDICATION OF INJURY,0,0,41.751920405,-87.576136982,60649,"CHICAGO MIDWAY AIRPORT, IL US",38.0,24.0,57.0,0.0,10.0,9.0
crash_02728,2022-04-06 20:45:00,2022,4,Apr,Wed,20,Night or early morning,30,UNKNOWN,UNKNOWN,UNKNOWN,FIXED OBJECT,NOT DIVIDED,UNKNOWN,NO INJURY / DRIVE AWAY,,,"$501 - $1,500",NOT APPLICABLE,1,NO INDICATION OF INJURY,0,0,41.9466585132,-87.6857683039,60618,"CHICAGO MIDWAY AIRPORT, IL US",50.0,35.0,57.0,0.0,10.0,17.0
crash_02729,2024-06-20 19:10:00,2024,6,Jun,Thu,19,Night or early morning,25,TRAFFIC SIGNAL,RAIN,DAYLIGHT,TURNING,RAMP,WET,NO INJURY / DRIVE AWAY,,,$500 OR LESS,IMPROPER TURNING/NO SIGNAL,2,NO INDICATION OF INJURY,0,0,41.8527423575,-87.6319941841,60616,"CHICAGO MIDWAY AIRPORT, IL US",71.0,66.0,84.0,0.02,9.0,8.0
crash_02730,2021-07-28 16:00:00,2021,7,Jul,Wed,16,Evening commute,30,TRAFFIC SIGNAL,CLEAR,DAYLIGHT,SIDESWIPE SAME DIRECTION,DIVIDED - W/MEDIAN (NOT RAISED),DRY,NO INJURY / DRIVE AWAY,,,$500 OR LESS,FAILING TO YIELD RIGHT-OF-WAY,2,NO INDICATION OF INJURY,0,0,41.9466552269,-87.712863252,60618,"CHICAGO OHARE INTERNATIONAL AIRPORT, IL US",87.0,74.0,65.0,0.0,10.0,8.0
crash_02731,2022-11-28 07:30:00,2022,11,Nov,Mon,7,Morning commute,25,NO CONTROLS,UNKNOWN,UNKNOWN,ANGLE,NOT DIVIDED,UNKNOWN,NO INJURY / DRIVE AWAY,,,"$501 - $1,500",UNABLE TO DETERMINE,2,NO INDICATION OF INJURY,0,0,41.9173427559,-87.755804311,60639,"CHICAGO MIDWAY AIRPORT, IL US",32.0,29.0,88.0,0.0,10.0,3.0
crash_02732,2020-11-20 12:47:00,2020,11,Nov,Fri,12,Daytime,35,NO CONTROLS,CLEAR,DAYLIGHT,SIDESWIPE OPPOSITE DIRECTION,DIVIDED - W/MEDIAN (NOT RAISED),DRY,INJURY AND / OR TOW DUE TO CRASH,,false,"OVER $1,500","OPERATING VEHICLE IN ERRATIC, RECKLESS, CARELESS, NEGLIGENT OR AGGRESSIVE MANNER",2,NONINCAPACITATING INJURY,1,0,41.6853166705,-87.6131177098,60628,"CHICAGO MIDWAY AIRPORT, IL US",63.0,38.0,40.0,0.0,10.0,9.0
crash_02733,2025-04-26 19:15:00,2025,4,Apr,Sat,19,Night or early morning,30,TRAFFIC SIGNAL,CLEAR,DUSK,TURNING,DIVIDED - W/MEDIAN (NOT RAISED),DRY,NO INJURY / DRIVE AWAY,true,,"OVER $1,500","OPERATING VEHICLE IN ERRATIC, RECKLESS, CARELESS, NEGLIGENT OR AGGRESSIVE MANNER",2,NO INDICATION OF INJURY,0,0,41.9547694781,-87.6444144234,60613,"CHICAGO MIDWAY AIRPORT, IL US",50.0,31.0,48.0,0.0,10.0,13.0
crash_02734,2018-11-14 06:50:00,2018,11,Nov,Wed,6,Morning commute,30,TRAFFIC SIGNAL,CLEAR,DAYLIGHT,SIDESWIPE SAME DIRECTION,NOT DIVIDED,DRY,INJURY AND / OR TOW DUE TO CRASH,true,true,"OVER $1,500",DISREGARDING OTHER TRAFFIC SIGNS,2,NO INDICATION OF INJURY,0,0,41.9908681583,-87.6604399619,60660,"CHICAGO OHARE INTERNATIONAL AIRPORT, IL US",18.0,8.0,65.0,0.0,10.0,3.0
crash_02735,2021-12-18 11:00:00,2021,12,Dec,Sat,11,Daytime,30,TRAFFIC SIGNAL,CLOUDY/OVERCAST,DAYLIGHT,ANGLE,FOUR WAY,WET,INJURY AND / OR TOW DUE TO CRASH,true,,"$501 - $1,500",DRIVING SKILLS/KNOWLEDGE/EXPERIENCE,2,NO INDICATION OF INJURY,0,0,41.9828704232,-87.7744869277,60630,"CHICAGO OHARE INTERNATIONAL AIRPORT, IL US",37.0,32.0,82.0,0.0,9.0,11.0
crash_02736,2019-12-23 19:50:00,2019,12,Dec,Mon,19,Night or early morning,25,NO CONTROLS,CLEAR,"DARKNESS, LIGHTED ROAD",PARKED MOTOR VEHICLE,ONE-WAY,DRY,NO INJURY / DRIVE AWAY,,,"$501 - $1,500",DISTRACTION - FROM INSIDE VEHICLE,2,NO INDICATION OF INJURY,0,0,41.7968025369,-87.6464527387,60609,"CHICAGO MIDWAY AIRPORT, IL US",41.0,33.0,73.0,0.0,10.0,6.0
crash_02737,2020-06-20 09:30:00,2020,6,Jun,Sat,9,Morning commute,20,STOP SIGN/FLASHER,CLEAR,DAYLIGHT,ANGLE,ONE-WAY,DRY,NO INJURY / DRIVE AWAY,,,"OVER $1,500",UNABLE TO DETERMINE,2,NO INDICATION OF INJURY,0,0,41.878547223,-87.7577257009,60644,"CHICAGO MIDWAY AIRPORT, IL US",84.0,60.0,44.0,0.0,10.0,10.0
crash_02738,2018-03-06 07:00:00,2018,3,Mar,Tue,7,Morning commute,15,NO CONTROLS,CLEAR,DAYLIGHT,PARKED MOTOR VEHICLE,ONE-WAY,DRY,NO INJURY / DRIVE AWAY,,true,"$501 - $1,500",UNABLE TO DETERMINE,2,NO INDICATION OF INJURY,0,0,41.9704177765,-87.7041335327,60625,"CHICAGO OHARE INTERNATIONAL AIRPORT, IL US",34.0,31.0,89.0,0.0,4.0,6.0
crash_02739,2020-09-16 22:48:00,2020,9,Sep,Wed,22,Night or early morning,30,TRAFFIC SIGNAL,CLEAR,"DARKNESS, LIGHTED ROAD",TURNING,Y-INTERSECTION,DRY,NO INJURY / DRIVE AWAY,,true,"OVER $1,500",IMPROPER OVERTAKING/PASSING,2,NO INDICATION OF INJURY,0,0,41.9255627911,-87.6488236415,60614,"CHICAGO MIDWAY AIRPORT, IL US",72.0,60.0,66.0,0.0,10.0,10.0
crash_02740,2018-01-14 03:07:00,2018,1,Jan,Sun,3,Night or early morning,30,TRAFFIC SIGNAL,CLEAR,"DARKNESS, LIGHTED ROAD",REAR END,ONE-WAY,DRY,INJURY AND / OR TOW DUE TO CRASH,true,,"OVER $1,500",FAILING TO REDUCE SPEED TO AVOID CRASH,2,NO INDICATION OF INJURY,0,0,41.8734058487,-87.72033139,60624,"CHICAGO MIDWAY AIRPORT, IL US",7.0,-1.0,70.0,0.0,10.0,3.0
crash_02741,2019-11-24 00:34:00,2019,11,Nov,Sun,0,Night or early morning,30,NO CONTROLS,CLEAR,"DARKNESS, LIGHTED ROAD",TURNING,NOT DIVIDED,DRY,NO INJURY / DRIVE AWAY,,true,"$501 - $1,500","OPERATING VEHICLE IN ERRATIC, RECKLESS, CARELESS, NEGLIGENT OR AGGRESSIVE MANNER",2,NO INDICATION OF INJURY,0,0,41.8962783038,-87.6612761321,60642,"CHICAGO MIDWAY AIRPORT, IL US",33.0,27.0,78.0,0.0,10.0,11.0
crash_02742,2021-12-18 15:15:00,2021,12,Dec,Sat,15,Evening commute,30,TRAFFIC SIGNAL,CLEAR,DAYLIGHT,TURNING,NOT DIVIDED,DRY,NO INJURY / DRIVE AWAY,true,,"$501 - $1,500",UNABLE TO DETERMINE,2,NO INDICATION OF INJURY,0,0,41.9690234296,-87.6695904335,60640,"CHICAGO OHARE INTERNATIONAL AIRPORT, IL US",37.0,26.0,65.0,0.0,10.0,13.0
crash_02743,2025-03-21 17:23:00,2025,3,Mar,Fri,17,Evening commute,25,NO CONTROLS,CLEAR,DAYLIGHT,SIDESWIPE SAME DIRECTION,NOT DIVIDED,UNKNOWN,NO INJURY / DRIVE AWAY,,,"OVER $1,500",FAILING TO YIELD RIGHT-OF-WAY,2,NO INDICATION OF INJURY,0,0,41.9979236429,-87.6729149842,60660,"CHICAGO OHARE INTERNATIONAL AIRPORT, IL US",58.0,29.0,33.0,0.0,10.0,22.0
crash_02744,2019-03-03 15:00:00,2019,3,Mar,Sun,15,Evening commute,30,NO CONTROLS,CLEAR,DAYLIGHT,FIXED OBJECT,DIVIDED - W/MEDIAN BARRIER,DRY,NO INJURY / DRIVE AWAY,,,"OVER $1,500",UNABLE TO DETERMINE,1,NO INDICATION OF INJURY,0,0,41.8362666195,-87.6360768128,60616,"CHICAGO MIDWAY AIRPORT, IL US",23.0,-3.0,32.0,0.0,10.0,10.0
crash_02745,2022-04-04 17:31:00,2022,4,Apr,Mon,17,Evening commute,30,YIELD,CLEAR,DUSK,SIDESWIPE SAME DIRECTION,DIVIDED - W/MEDIAN (NOT RAISED),DRY,INJURY AND / OR TOW DUE TO CRASH,,,$500 OR LESS,UNABLE TO DETERMINE,2,NONINCAPACITATING INJURY,1,0,41.8746866393,-87.764510374,60644,"CHICAGO MIDWAY AIRPORT, IL US",47.0,36.0,66.0,0.0,10.0,7.0
crash_02746,2021-02-21 03:00:00,2021,2,Feb,Sun,3,Night or early morning,30,NO CONTROLS,SNOW,"DARKNESS, LIGHTED ROAD",SIDESWIPE SAME DIRECTION,DIVIDED - W/MEDIAN (NOT RAISED),SNOW OR SLUSH,NO INJURY / DRIVE AWAY,,true,"OVER $1,500",IMPROPER OVERTAKING/PASSING,2,NO INDICATION OF INJURY,0,0,41.9279270187,-87.8062460349,60707,"CHICAGO OHARE INTERNATIONAL AIRPORT, IL US",18.0,11.0,74.0,0.0,10.0,7.0
crash_02747,2018-06-16 11:00:00,2018,6,Jun,Sat,11,Daytime,30,TRAFFIC SIGNAL,CLEAR,DAYLIGHT,REAR END,DIVIDED - W/MEDIAN (NOT RAISED),DRY,NO INJURY / DRIVE AWAY,,,"OVER $1,500",UNABLE TO DETERMINE,2,NO INDICATION OF INJURY,0,0,41.8080067808,-87.7040391454,60632,"CHICAGO MIDWAY AIRPORT, IL US",85.0,72.0,65.0,0.0,10.0,8.0
crash_02748,2025-12-18 12:30:00,2025,12,Dec,Thu,12,Daytime,30,TRAFFIC SIGNAL,UNKNOWN,DAYLIGHT,REAR END,PARKING LOT,UNKNOWN,NO INJURY / DRIVE AWAY,,,"OVER $1,500",UNABLE TO DETERMINE,2,NO INDICATION OF INJURY,0,0,41.9167242328,-87.7606950881,60639,,,,,,,
crash_02749,2019-06-01 21:01:00,2019,6,Jun,Sat,21,Night or early morning,30,TRAFFIC SIGNAL,CLOUDY/OVERCAST,"DARKNESS, LIGHTED ROAD",SIDESWIPE SAME DIRECTION,NOT DIVIDED,WET,NO INJURY / DRIVE AWAY,true,,"OVER $1,500",IMPROPER LANE USAGE,2,NO INDICATION OF INJURY,0,0,41.7141937678,-87.6533085107,60643,"CHICAGO MIDWAY AIRPORT, IL US",59.0,55.0,87.0,0.0,10.0,7.0