crash_id,crash_datetime,crash_year,crash_month,crash_month_name,crash_weekday_name,crash_hour,time_period,posted_speed_limit_mph,traffic_control_device,reported_weather_condition,reported_lighting_condition,first_crash_type,trafficway_type,reported_road_surface_condition,crash_type,intersection_related,hit_and_run,estimated_damage,primary_contributory_cause,unit_count,most_severe_injury,injuries_total,injuries_fatal,latitude,longitude,zip5,weather_station_name,temperature_f,dew_point_f,relative_humidity_percent,precipitation_inches,visibility_miles,wind_speed_mph
crash_02750,2025-02-12 13:46:00,2025,2,Feb,Wed,13,Daytime,30,TRAFFIC SIGNAL,SNOW,DAYLIGHT,REAR END,DIVIDED - W/MEDIAN (NOT RAISED),SNOW OR SLUSH,NO INJURY / DRIVE AWAY,true,,"OVER $1,500",FOLLOWING TOO CLOSELY,2,NO INDICATION OF INJURY,0,0,42.0152348224,-87.6900707698,60645,"CHICAGO OHARE INTERNATIONAL AIRPORT, IL US",27.0,23.0,85.0,0.03,0.75,16.0
crash_02751,2019-03-04 15:35:00,2019,3,Mar,Mon,15,Evening commute,30,NO CONTROLS,CLEAR,DAYLIGHT,TURNING,RAMP,DRY,NO INJURY / DRIVE AWAY,,,"OVER $1,500",IMPROPER BACKING,2,NO INDICATION OF INJURY,0,0,41.907584841,-87.6465961372,60610,"CHICAGO MIDWAY AIRPORT, IL US",13.0,-3.0,49.0,0.0,10.0,18.0
crash_02752,2025-02-11 09:00:00,2025,2,Feb,Tue,9,Morning commute,45,TRAFFIC SIGNAL,SNOW,DAYLIGHT,REAR END,DIVIDED - W/MEDIAN BARRIER,WET,INJURY AND / OR TOW DUE TO CRASH,true,,"OVER $1,500",UNABLE TO DETERMINE,2,"REPORTED, NOT EVIDENT",2,0,41.7514606032,-87.585971993,60619,"CHICAGO MIDWAY AIRPORT, IL US",26.0,18.0,71.0,0.0,10.0,14.0
crash_02753,2018-10-02 07:38:00,2018,10,Oct,Tue,7,Morning commute,30,NO CONTROLS,CLEAR,DAYLIGHT,REAR END,NOT DIVIDED,DRY,NO INJURY / DRIVE AWAY,,,"$501 - $1,500",UNABLE TO DETERMINE,2,NO INDICATION OF INJURY,0,0,41.9448146319,-87.7763136695,60634,"CHICAGO OHARE INTERNATIONAL AIRPORT, IL US",58.0,55.0,90.0,0.0,10.0,8.0
crash_02754,2022-05-01 14:00:00,2022,5,May,Sun,14,Daytime,30,NO CONTROLS,CLEAR,DAYLIGHT,SIDESWIPE OPPOSITE DIRECTION,NOT DIVIDED,DRY,NO INJURY / DRIVE AWAY,,true,"OVER $1,500",IMPROPER OVERTAKING/PASSING,2,NO INDICATION OF INJURY,0,0,41.7582734524,-87.5662119189,60649,"CHICAGO MIDWAY AIRPORT, IL US",53.0,44.0,72.0,0.0,10.0,16.0
crash_02755,2025-02-14 19:45:00,2025,2,Feb,Fri,19,Night or early morning,30,TRAFFIC SIGNAL,SNOW,"DARKNESS, LIGHTED ROAD",REAR END,NOT DIVIDED,WET,NO INJURY / DRIVE AWAY,true,,"$501 - $1,500",FOLLOWING TOO CLOSELY,2,NO INDICATION OF INJURY,0,0,41.9251013218,-87.6813394405,60647,"CHICAGO MIDWAY AIRPORT, IL US",22.0,16.0,78.0,0.0,0.25,11.0
crash_02756,2018-02-18 15:59:00,2018,2,Feb,Sun,15,Evening commute,30,NO CONTROLS,CLEAR,DAYLIGHT,TURNING,NOT DIVIDED,DRY,NO INJURY / DRIVE AWAY,,,"OVER $1,500",FAILING TO YIELD RIGHT-OF-WAY,2,NO INDICATION OF INJURY,0,0,41.9944844624,-87.6568043033,60660,"CHICAGO OHARE INTERNATIONAL AIRPORT, IL US",38.0,27.0,65.0,0.0,10.0,14.0
crash_02757,2021-08-28 02:02:00,2021,8,Aug,Sat,2,Night or early morning,30,TRAFFIC SIGNAL,CLEAR,"DARKNESS, LIGHTED ROAD",TURNING,FOUR WAY,DRY,INJURY AND / OR TOW DUE TO CRASH,true,,"OVER $1,500",IMPROPER TURNING/NO SIGNAL,2,NO INDICATION OF INJURY,0,0,41.7781618734,-87.7617802217,60638,"CHICAGO MIDWAY AIRPORT, IL US",80.0,70.0,71.0,0.0,10.0,9.0
crash_02758,2021-01-28 19:15:00,2021,1,Jan,Thu,19,Night or early morning,30,TRAFFIC SIGNAL,CLEAR,"DARKNESS, LIGHTED ROAD",ANGLE,FOUR WAY,SNOW OR SLUSH,INJURY AND / OR TOW DUE TO CRASH,true,,"OVER $1,500",DRIVING ON WRONG SIDE/WRONG WAY,2,INCAPACITATING INJURY,2,0,41.8764089438,-87.6570479207,60607,"CHICAGO MIDWAY AIRPORT, IL US",20.0,5.0,52.0,0.0,10.0,5.0
crash_02759,2019-12-13 19:37:00,2019,12,Dec,Fri,19,Night or early morning,30,NO CONTROLS,CLEAR,"DARKNESS, LIGHTED ROAD",REAR END,DIVIDED - W/MEDIAN (NOT RAISED),DRY,NO INJURY / DRIVE AWAY,,,"OVER $1,500",UNABLE TO DETERMINE,2,NO INDICATION OF INJURY,0,0,41.8755302583,-87.7743475177,60644,"CHICAGO MIDWAY AIRPORT, IL US",38.0,28.0,68.0,0.0,10.0,0.0
crash_02760,2022-02-12 10:25:00,2022,2,Feb,Sat,10,Daytime,30,STOP SIGN/FLASHER,CLEAR,DAYLIGHT,ANGLE,FOUR WAY,DRY,NO INJURY / DRIVE AWAY,true,,"$501 - $1,500",FAILING TO YIELD RIGHT-OF-WAY,2,NO INDICATION OF INJURY,0,0,41.7771671725,-87.6934896469,60629,"CHICAGO MIDWAY AIRPORT, IL US",20.0,2.0,45.0,0.0,10.0,7.0
crash_02761,2024-02-29 17:30:00,2024,2,Feb,Thu,17,Evening commute,30,TRAFFIC SIGNAL,UNKNOWN,UNKNOWN,REAR END,FOUR WAY,UNKNOWN,NO INJURY / DRIVE AWAY,true,,"OVER $1,500",FOLLOWING TOO CLOSELY,2,NO INDICATION OF INJURY,0,0,41.9247969338,-87.7073677247,60647,"CHICAGO MIDWAY AIRPORT, IL US",44.0,14.0,30.0,0.0,10.0,13.0
crash_02762,2023-07-03 06:30:00,2023,7,Jul,Mon,6,Morning commute,20,NO CONTROLS,CLEAR,DAYLIGHT,PARKED MOTOR VEHICLE,ONE-WAY,UNKNOWN,NO INJURY / DRIVE AWAY,,true,"OVER $1,500",UNABLE TO DETERMINE,2,NO INDICATION OF INJURY,0,0,41.6806888057,-87.6361160286,60628,"CHICAGO MIDWAY AIRPORT, IL US",68.0,58.0,70.0,0.0,10.0,9.0
crash_02763,2025-01-11 00:00:00,2025,1,Jan,Sat,0,Night or early morning,20,TRAFFIC SIGNAL,CLEAR,DAYLIGHT,REAR TO FRONT,ONE-WAY,DRY,NO INJURY / DRIVE AWAY,false,,"OVER $1,500",IMPROPER BACKING,2,NO INDICATION OF INJURY,0,0,41.8909129356,-87.632487864,60654,"CHICAGO MIDWAY AIRPORT, IL US",29.0,23.0,78.0,0.0,6.0,7.0
crash_02764,2024-04-24 16:50:00,2024,4,Apr,Wed,16,Evening commute,30,TRAFFIC SIGNAL,CLEAR,DAYLIGHT,REAR END,FOUR WAY,DRY,NO INJURY / DRIVE AWAY,true,true,"$501 - $1,500",FOLLOWING TOO CLOSELY,2,NO INDICATION OF INJURY,0,0,41.89163298,-87.6386869507,60654,"CHICAGO MIDWAY AIRPORT, IL US",45.0,27.0,49.0,0.0,10.0,13.0
crash_02765,2020-03-16 07:10:00,2020,3,Mar,Mon,7,Morning commute,30,NO CONTROLS,CLEAR,DAYLIGHT,TURNING,NOT DIVIDED,DRY,INJURY AND / OR TOW DUE TO CRASH,,,"$501 - $1,500",IMPROPER OVERTAKING/PASSING,2,NO INDICATION OF INJURY,0,0,41.9798429835,-87.7765063144,60630,"CHICAGO OHARE INTERNATIONAL AIRPORT, IL US",34.0,27.0,75.0,0.0,10.0,8.0
crash_02766,2019-11-05 23:24:00,2019,11,Nov,Tue,23,Night or early morning,30,NO CONTROLS,CLEAR,"DARKNESS, LIGHTED ROAD",REAR END,NOT DIVIDED,DRY,NO INJURY / DRIVE AWAY,,,"$501 - $1,500",FAILING TO REDUCE SPEED TO AVOID CRASH,2,NO INDICATION OF INJURY,0,0,41.8787377624,-87.6474145199,60607,"CHICAGO MIDWAY AIRPORT, IL US",34.0,22.0,61.0,0.0,10.0,3.0
crash_02767,2019-07-05 15:40:00,2019,7,Jul,Fri,15,Evening commute,35,TRAFFIC SIGNAL,CLEAR,DAYLIGHT,REAR END,CENTER TURN LANE,DRY,NO INJURY / DRIVE AWAY,,,"OVER $1,500",NOT APPLICABLE,2,NO INDICATION OF INJURY,0,0,41.7879862542,-87.8012117268,60638,"CHICAGO MIDWAY AIRPORT, IL US",92.0,71.0,51.0,0.0,10.0,7.0
crash_02768,2018-08-22 16:48:00,2018,8,Aug,Wed,16,Evening commute,45,NO CONTROLS,CLEAR,DAYLIGHT,SIDESWIPE SAME DIRECTION,ONE-WAY,DRY,NO INJURY / DRIVE AWAY,,,"OVER $1,500",FOLLOWING TOO CLOSELY,3,NO INDICATION OF INJURY,0,0,41.7842795242,-87.576637054,60637,"CHICAGO MIDWAY AIRPORT, IL US",80.0,49.0,34.0,0.0,10.0,17.0
crash_02769,2018-06-22 01:00:00,2018,6,Jun,Fri,1,Night or early morning,30,NO CONTROLS,RAIN,"DARKNESS, LIGHTED ROAD",SIDESWIPE SAME DIRECTION,NOT DIVIDED,WET,NO INJURY / DRIVE AWAY,,,"OVER $1,500",IMPROPER LANE USAGE,2,NO INDICATION OF INJURY,0,0,41.8529870791,-87.6300266133,60616,"CHICAGO MIDWAY AIRPORT, IL US",64.0,61.0,90.0,0.04,8.0,14.0
crash_02770,2019-07-19 10:20:00,2019,7,Jul,Fri,10,Daytime,30,NO CONTROLS,CLEAR,DAYLIGHT,PARKED MOTOR VEHICLE,NOT DIVIDED,DRY,NO INJURY / DRIVE AWAY,,,$500 OR LESS,DRIVING SKILLS/KNOWLEDGE/EXPERIENCE,2,NO INDICATION OF INJURY,0,0,41.8694501328,-87.6614976936,60607,"CHICAGO MIDWAY AIRPORT, IL US",85.0,76.0,75.0,0.0,10.0,15.0
crash_02771,2022-09-27 16:00:00,2022,9,Sep,Tue,16,Evening commute,30,TRAFFIC SIGNAL,CLEAR,DAYLIGHT,ANGLE,FOUR WAY,DRY,NO INJURY / DRIVE AWAY,,,"OVER $1,500",DISREGARDING TRAFFIC SIGNALS,2,NO INDICATION OF INJURY,0,0,41.7583146489,-87.6152650426,60619,"CHICAGO MIDWAY AIRPORT, IL US",61.0,35.0,38.0,0.0,10.0,13.0
crash_02772,2023-01-12 22:50:00,2023,1,Jan,Thu,22,Night or early morning,30,NO CONTROLS,UNKNOWN,UNKNOWN,REAR END,NOT DIVIDED,UNKNOWN,NO INJURY / DRIVE AWAY,,true,"OVER $1,500",FOLLOWING TOO CLOSELY,2,NO INDICATION OF INJURY,0,0,41.7213178791,-87.6457008889,60643,"CHICAGO MIDWAY AIRPORT, IL US",37.0,30.0,76.0,0.0,10.0,13.0
crash_02773,2018-02-05 05:30:00,2018,2,Feb,Mon,5,Night or early morning,30,TRAFFIC SIGNAL,CLEAR,DAYLIGHT,ANGLE,NOT DIVIDED,ICE,NO INJURY / DRIVE AWAY,true,false,"OVER $1,500",UNABLE TO DETERMINE,2,NO INDICATION OF INJURY,0,0,41.8806910757,-87.7380381315,60624,"CHICAGO MIDWAY AIRPORT, IL US",-1.0,-7.0,75.0,0.0,10.0,7.0
crash_02774,2018-04-05 14:00:00,2018,4,Apr,Thu,14,Daytime,30,NO CONTROLS,CLEAR,DAYLIGHT,ANGLE,NOT DIVIDED,DRY,NO INJURY / DRIVE AWAY,true,,"OVER $1,500",UNABLE TO DETERMINE,2,NO INDICATION OF INJURY,0,0,41.8989397542,-87.6344367837,60610,"CHICAGO MIDWAY AIRPORT, IL US",41.0,19.0,41.0,0.0,10.0,10.0
crash_02775,2020-03-13 11:07:00,2020,3,Mar,Fri,11,Daytime,30,NO CONTROLS,CLEAR,DAYLIGHT,PARKED MOTOR VEHICLE,DIVIDED - W/MEDIAN (NOT RAISED),DRY,NO INJURY / DRIVE AWAY,,true,"OVER $1,500",UNABLE TO DETERMINE,2,NO INDICATION OF INJURY,0,0,41.9840836036,-87.7092924573,60659,"CHICAGO OHARE INTERNATIONAL AIRPORT, IL US",40.0,22.0,49.0,0.0,10.0,17.0
crash_02776,2021-02-05 16:30:00,2021,2,Feb,Fri,16,Evening commute,30,STOP SIGN/FLASHER,CLEAR,DAYLIGHT,REAR END,NOT DIVIDED,ICE,INJURY AND / OR TOW DUE TO CRASH,,,"OVER $1,500",WEATHER,2,"REPORTED, NOT EVIDENT",1,0,41.9922976322,-87.6995203906,60659,"CHICAGO OHARE INTERNATIONAL AIRPORT, IL US",12.0,3.0,67.0,0.0,10.0,17.0
crash_02777,2025-09-02 01:40:00,2025,9,Sep,Tue,1,Night or early morning,25,NO CONTROLS,CLEAR,"DARKNESS, LIGHTED ROAD",PARKED MOTOR VEHICLE,NOT DIVIDED,DRY,NO INJURY / DRIVE AWAY,,,"$501 - $1,500",NOT APPLICABLE,3,,,,41.7820006468,-87.612775554,60637,,,,,,,
crash_02778,2024-07-14 05:00:00,2024,7,Jul,Sun,5,Night or early morning,30,NO CONTROLS,RAIN,"DARKNESS, LIGHTED ROAD",PARKED MOTOR VEHICLE,NOT DIVIDED,WET,NO INJURY / DRIVE AWAY,,true,"$501 - $1,500",UNABLE TO DETERMINE,2,NO INDICATION OF INJURY,0,0,41.8765122687,-87.7578750796,60644,"CHICAGO MIDWAY AIRPORT, IL US",70.0,66.0,87.0,0.0,10.0,8.0
crash_02779,2018-05-12 12:40:00,2018,5,May,Sat,12,Daytime,30,NO CONTROLS,CLEAR,DAYLIGHT,SIDESWIPE SAME DIRECTION,ONE-WAY,DRY,NO INJURY / DRIVE AWAY,,,"$501 - $1,500",FAILING TO YIELD RIGHT-OF-WAY,2,NO INDICATION OF INJURY,0,0,41.979724301,-87.6903816253,60625,"CHICAGO OHARE INTERNATIONAL AIRPORT, IL US",50.0,42.0,74.0,0.0,10.0,11.0
crash_02780,2020-11-01 03:53:00,2020,11,Nov,Sun,3,Night or early morning,30,NO CONTROLS,CLEAR,"DARKNESS, LIGHTED ROAD",PARKED MOTOR VEHICLE,ONE-WAY,DRY,INJURY AND / OR TOW DUE TO CRASH,,true,"OVER $1,500",UNABLE TO DETERMINE,2,NONINCAPACITATING INJURY,1,0,41.7565598974,-87.6216482345,60619,"CHICAGO MIDWAY AIRPORT, IL US",41.0,22.0,47.0,0.0,10.0,29.0
crash_02781,2023-05-23 20:00:00,2023,5,May,Tue,20,Night or early morning,30,STOP SIGN/FLASHER,CLEAR,DARKNESS,TURNING,NOT DIVIDED,DRY,NO INJURY / DRIVE AWAY,,,"$501 - $1,500",IMPROPER TURNING/NO SIGNAL,2,NO INDICATION OF INJURY,0,0,41.7717684977,-87.690913418,60629,"CHICAGO MIDWAY AIRPORT, IL US",74.0,43.0,33.0,0.0,10.0,8.0
crash_02782,2019-08-30 08:50:00,2019,8,Aug,Fri,8,Morning commute,15,STOP SIGN/FLASHER,CLEAR,DAYLIGHT,ANGLE,PARKING LOT,DRY,NO INJURY / DRIVE AWAY,,,"OVER $1,500",FAILING TO YIELD RIGHT-OF-WAY,2,NO INDICATION OF INJURY,0,0,41.7363347132,-87.6286452216,60620,"CHICAGO MIDWAY AIRPORT, IL US",67.0,52.0,59.0,0.0,10.0,8.0
crash_02783,2025-02-17 16:30:00,2025,2,Feb,Mon,16,Evening commute,30,NO CONTROLS,UNKNOWN,UNKNOWN,ANGLE,DIVIDED - W/MEDIAN (NOT RAISED),UNKNOWN,NO INJURY / DRIVE AWAY,,,"$501 - $1,500",UNABLE TO DETERMINE,2,NO INDICATION OF INJURY,0,0,41.9975096366,-87.7087156096,60645,"CHICAGO OHARE INTERNATIONAL AIRPORT, IL US",8.0,-9.0,45.0,0.0,10.0,9.0
crash_02784,2025-05-22 18:47:00,2025,5,May,Thu,18,Evening commute,35,TRAFFIC SIGNAL,CLEAR,DAYLIGHT,TURNING,NOT DIVIDED,DRY,INJURY AND / OR TOW DUE TO CRASH,true,,"OVER $1,500",FAILING TO REDUCE SPEED TO AVOID CRASH,2,NONINCAPACITATING INJURY,4,0,41.7401770403,-87.6050703066,60619,"CHICAGO MIDWAY AIRPORT, IL US",54.0,37.0,53.0,0.0,10.0,8.0
crash_02785,2022-04-21 23:09:00,2022,4,Apr,Thu,23,Night or early morning,30,NO CONTROLS,CLEAR,"DARKNESS, LIGHTED ROAD",FIXED OBJECT,DIVIDED - W/MEDIAN (NOT RAISED),DRY,INJURY AND / OR TOW DUE TO CRASH,,,"OVER $1,500",FAILING TO REDUCE SPEED TO AVOID CRASH,1,NONINCAPACITATING INJURY,1,0,41.8202929955,-87.6560094624,60609,"CHICAGO MIDWAY AIRPORT, IL US",59.0,42.0,54.0,0.0,10.0,5.0
crash_02786,2021-05-14 16:30:00,2021,5,May,Fri,16,Evening commute,30,NO CONTROLS,CLEAR,DAYLIGHT,ANGLE,NOT DIVIDED,DRY,NO INJURY / DRIVE AWAY,,,"OVER $1,500",UNABLE TO DETERMINE,2,NO INDICATION OF INJURY,0,0,41.9093345302,-87.6309197038,60610,"CHICAGO MIDWAY AIRPORT, IL US",68.0,26.0,21.0,0.0,10.0,13.0
crash_02787,2020-11-27 12:38:00,2020,11,Nov,Fri,12,Daytime,30,TRAFFIC SIGNAL,CLEAR,DAYLIGHT,REAR END,FOUR WAY,DRY,NO INJURY / DRIVE AWAY,,,"OVER $1,500",FOLLOWING TOO CLOSELY,2,NO INDICATION OF INJURY,0,0,41.7363738203,-87.6272315646,60620,"CHICAGO MIDWAY AIRPORT, IL US",44.0,36.0,73.0,0.0,9.0,7.0
crash_02788,2020-05-13 17:32:00,2020,5,May,Wed,17,Evening commute,30,STOP SIGN/FLASHER,CLEAR,DAYLIGHT,TURNING,NOT DIVIDED,DRY,INJURY AND / OR TOW DUE TO CRASH,true,true,"OVER $1,500",UNABLE TO DETERMINE,2,NO INDICATION OF INJURY,0,0,41.8768007126,-87.7394223884,60624,"CHICAGO MIDWAY AIRPORT, IL US",66.0,35.0,32.0,0.0,10.0,13.0
crash_02789,2022-12-05 13:00:00,2022,12,Dec,Mon,13,Daytime,30,FLASHING CONTROL SIGNAL,CLEAR,DAYLIGHT,FIXED OBJECT,NOT DIVIDED,DRY,NO INJURY / DRIVE AWAY,,true,"OVER $1,500","OPERATING VEHICLE IN ERRATIC, RECKLESS, CARELESS, NEGLIGENT OR AGGRESSIVE MANNER",1,NO INDICATION OF INJURY,0,0,41.8514719329,-87.7385755615,60623,"CHICAGO MIDWAY AIRPORT, IL US",41.0,25.0,53.0,0.0,10.0,9.0
crash_02790,2018-05-10 13:00:00,2018,5,May,Thu,13,Daytime,30,NO CONTROLS,CLEAR,DAYLIGHT,REAR END,NOT DIVIDED,DRY,NO INJURY / DRIVE AWAY,,,"OVER $1,500",FOLLOWING TOO CLOSELY,2,NO INDICATION OF INJURY,0,0,41.9939006579,-87.6556530998,60660,"CHICAGO OHARE INTERNATIONAL AIRPORT, IL US",70.0,52.0,53.0,0.0,10.0,8.0
crash_02791,2022-05-03 05:02:00,2022,5,May,Tue,5,Night or early morning,30,TRAFFIC SIGNAL,RAIN,"DARKNESS, LIGHTED ROAD",ANGLE,FOUR WAY,WET,INJURY AND / OR TOW DUE TO CRASH,true,,"OVER $1,500",DISREGARDING TRAFFIC SIGNALS,2,NO INDICATION OF INJURY,0,0,41.8517905444,-87.6956256191,60623,"CHICAGO MIDWAY AIRPORT, IL US",48.0,43.0,83.0,0.01,3.0,14.0
crash_02792,2020-01-16 15:44:00,2020,1,Jan,Thu,15,Evening commute,15,NO CONTROLS,CLEAR,DAYLIGHT,TURNING,NOT DIVIDED,DRY,NO INJURY / DRIVE AWAY,true,,"OVER $1,500",FAILING TO YIELD RIGHT-OF-WAY,2,NO INDICATION OF INJURY,0,0,41.9585483456,-87.7869189888,60634,"CHICAGO OHARE INTERNATIONAL AIRPORT, IL US",22.0,5.0,48.0,0.0,10.0,8.0
crash_02793,2019-04-30 09:10:00,2019,4,Apr,Tue,9,Morning commute,30,STOP SIGN/FLASHER,RAIN,DAYLIGHT,ANGLE,DIVIDED - W/MEDIAN (NOT RAISED),WET,NO INJURY / DRIVE AWAY,,,"OVER $1,500",FAILING TO YIELD RIGHT-OF-WAY,2,NO INDICATION OF INJURY,0,0,41.8008403067,-87.729703033,60632,"CHICAGO MIDWAY AIRPORT, IL US",42.0,40.0,92.0,0.0,5.0,6.0
crash_02794,2023-07-29 14:52:00,2023,7,Jul,Sat,14,Daytime,30,TRAFFIC SIGNAL,CLEAR,DAYLIGHT,TURNING,NOT DIVIDED,DRY,NO INJURY / DRIVE AWAY,,,"OVER $1,500",IMPROPER OVERTAKING/PASSING,2,NO INDICATION OF INJURY,0,0,41.9249192807,-87.6776679414,60614,"CHICAGO MIDWAY AIRPORT, IL US",82.0,59.0,46.0,0.0,10.0,13.0
crash_02795,2018-12-18 13:00:00,2018,12,Dec,Tue,13,Daytime,30,NO CONTROLS,CLEAR,DAYLIGHT,HEAD ON,NOT DIVIDED,DRY,INJURY AND / OR TOW DUE TO CRASH,,,"OVER $1,500",IMPROPER LANE USAGE,3,NONINCAPACITATING INJURY,2,0,41.7888253602,-87.7623047626,60638,"CHICAGO MIDWAY AIRPORT, IL US",41.0,27.0,57.0,0.0,10.0,10.0
crash_02796,2024-03-31 17:10:00,2024,3,Mar,Sun,17,Evening commute,30,NO CONTROLS,RAIN,DAYLIGHT,PARKED MOTOR VEHICLE,NOT DIVIDED,WET,NO INJURY / DRIVE AWAY,,,"OVER $1,500",IMPROPER BACKING,2,NO INDICATION OF INJURY,0,0,41.7480026798,-87.5663180642,60617,"CHICAGO MIDWAY AIRPORT, IL US",47.0,35.0,63.0,0.0,10.0,10.0
crash_02797,2022-05-29 02:00:00,2022,5,May,Sun,2,Night or early morning,30,NO CONTROLS,CLEAR,DARKNESS,SIDESWIPE SAME DIRECTION,DIVIDED - W/MEDIAN BARRIER,DRY,NO INJURY / DRIVE AWAY,,,"$501 - $1,500",IMPROPER OVERTAKING/PASSING,2,NO INDICATION OF INJURY,0,0,41.7071826306,-87.5290280131,60617,"CHICAGO MIDWAY AIRPORT, IL US",67.0,56.0,68.0,0.0,10.0,9.0
crash_02798,2022-08-16 08:25:00,2022,8,Aug,Tue,8,Morning commute,30,TRAFFIC SIGNAL,CLEAR,DAYLIGHT,TURNING,FOUR WAY,DRY,NO INJURY / DRIVE AWAY,true,,"OVER $1,500",UNABLE TO DETERMINE,2,NO INDICATION OF INJURY,0,0,41.9240901988,-87.7660535302,60639,"CHICAGO OHARE INTERNATIONAL AIRPORT, IL US",74.0,58.0,57.0,0.0,10.0,10.0
crash_02799,2023-10-11 07:53:00,2023,10,Oct,Wed,7,Morning commute,15,NO CONTROLS,CLEAR,DAYLIGHT,PARKED MOTOR VEHICLE,PARKING LOT,UNKNOWN,NO INJURY / DRIVE AWAY,,,$500 OR LESS,UNABLE TO DETERMINE,2,NO INDICATION OF INJURY,0,0,41.8302270425,-87.7240584597,60623,"CHICAGO MIDWAY AIRPORT, IL US",44.0,35.0,71.0,0.0,10.0,0.0
crash_02800,2018-02-20 15:35:00,2018,2,Feb,Tue,15,Evening commute,25,TRAFFIC SIGNAL,RAIN,"DARKNESS, LIGHTED ROAD",REAR END,NOT DIVIDED,WET,INJURY AND / OR TOW DUE TO CRASH,,,"OVER $1,500",FAILING TO REDUCE SPEED TO AVOID CRASH,2,NONINCAPACITATING INJURY,1,0,41.807669598,-87.7308637649,60632,"CHICAGO MIDWAY AIRPORT, IL US",55.0,55.0,100.0,0.07,7.0,9.0
crash_02801,2022-06-25 20:25:00,2022,6,Jun,Sat,20,Night or early morning,30,NO CONTROLS,UNKNOWN,"DARKNESS, LIGHTED ROAD",REAR END,NOT DIVIDED,UNKNOWN,NO INJURY / DRIVE AWAY,,,"$501 - $1,500",FOLLOWING TOO CLOSELY,2,NO INDICATION OF INJURY,0,0,41.9903835848,-87.6903184871,60659,"CHICAGO OHARE INTERNATIONAL AIRPORT, IL US",77.0,65.0,66.0,0.0,10.0,3.0
crash_02802,2023-02-20 12:57:00,2023,2,Feb,Mon,12,Daytime,30,UNKNOWN,UNKNOWN,DAYLIGHT,PARKED MOTOR VEHICLE,NOT DIVIDED,UNKNOWN,NO INJURY / DRIVE AWAY,,true,$500 OR LESS,UNABLE TO DETERMINE,2,NO INDICATION OF INJURY,0,0,41.9430874592,-87.6801389559,60618,"CHICAGO MIDWAY AIRPORT, IL US",42.0,28.0,58.0,0.0,10.0,6.0
crash_02803,2025-10-20 10:07:00,2025,10,Oct,Mon,10,Daytime,30,TRAFFIC SIGNAL,CLEAR,DAYLIGHT,SIDESWIPE SAME DIRECTION,DIVIDED - W/MEDIAN BARRIER,DRY,NO INJURY / DRIVE AWAY,true,,"OVER $1,500",DRIVING SKILLS/KNOWLEDGE/EXPERIENCE,2,NO INDICATION OF INJURY,0,0,41.8818995233,-87.6245070079,60603,,,,,,,
crash_02804,2020-09-25 15:55:00,2020,9,Sep,Fri,15,Evening commute,30,NO CONTROLS,CLEAR,DAYLIGHT,ANGLE,NOT DIVIDED,DRY,NO INJURY / DRIVE AWAY,,,"OVER $1,500",UNABLE TO DETERMINE,2,NO INDICATION OF INJURY,0,0,41.9967947181,-87.7653374221,60646,"CHICAGO OHARE INTERNATIONAL AIRPORT, IL US",80.0,54.0,41.0,0.0,10.0,11.0
crash_02805,2018-11-08 07:32:00,2018,11,Nov,Thu,7,Morning commute,30,TRAFFIC SIGNAL,CLEAR,DAYLIGHT,SIDESWIPE SAME DIRECTION,DIVIDED - W/MEDIAN (NOT RAISED),DRY,INJURY AND / OR TOW DUE TO CRASH,,,"OVER $1,500",IMPROPER OVERTAKING/PASSING,2,"REPORTED, NOT EVIDENT",1,0,41.880609143,-87.6307042711,60603,"CHICAGO MIDWAY AIRPORT, IL US",34.0,22.0,61.0,0.0,10.0,5.0
crash_02806,2023-05-05 06:50:00,2023,5,May,Fri,6,Morning commute,25,STOP SIGN/FLASHER,CLEAR,DAYLIGHT,PEDALCYCLIST,NOT DIVIDED,DRY,INJURY AND / OR TOW DUE TO CRASH,,,$500 OR LESS,UNABLE TO DETERMINE,2,NONINCAPACITATING INJURY,1,0,41.9945150165,-87.6721228216,60660,"CHICAGO OHARE INTERNATIONAL AIRPORT, IL US",57.0,39.0,51.0,0.0,10.0,8.0
crash_02807,2021-09-29 16:30:00,2021,9,Sep,Wed,16,Evening commute,30,NO CONTROLS,CLEAR,DAYLIGHT,PARKED MOTOR VEHICLE,ONE-WAY,DRY,NO INJURY / DRIVE AWAY,,,"OVER $1,500",IMPROPER BACKING,2,NO INDICATION OF INJURY,0,0,41.8508193094,-87.6716521119,60608,"CHICAGO MIDWAY AIRPORT, IL US",78.0,52.0,40.0,0.0,10.0,7.0
crash_02808,2018-07-16 16:56:00,2018,7,Jul,Mon,16,Evening commute,20,NO CONTROLS,CLEAR,DAYLIGHT,PEDALCYCLIST,ONE-WAY,DRY,NO INJURY / DRIVE AWAY,,,"$501 - $1,500",UNABLE TO DETERMINE,2,NO INDICATION OF INJURY,0,0,41.7048570071,-87.6694856863,60643,"CHICAGO MIDWAY AIRPORT, IL US",85.0,71.0,63.0,0.0,10.0,6.0