crash_id,crash_datetime,crash_year,crash_month,crash_month_name,crash_weekday_name,crash_hour,time_period,posted_speed_limit_mph,traffic_control_device,reported_weather_condition,reported_lighting_condition,first_crash_type,trafficway_type,reported_road_surface_condition,crash_type,intersection_related,hit_and_run,estimated_damage,primary_contributory_cause,unit_count,most_severe_injury,injuries_total,injuries_fatal,latitude,longitude,zip5,weather_station_name,temperature_f,dew_point_f,relative_humidity_percent,precipitation_inches,visibility_miles,wind_speed_mph
crash_02809,2025-01-10 20:00:00,2025,1,Jan,Fri,20,Night or early morning,30,NO CONTROLS,SNOW,"DARKNESS, LIGHTED ROAD",SIDESWIPE SAME DIRECTION,NOT DIVIDED,SNOW OR SLUSH,INJURY AND / OR TOW DUE TO CRASH,,,"OVER $1,500","VISION OBSCURED (SIGNS, TREE LIMBS, BUILDINGS, ETC.)",3,NONINCAPACITATING INJURY,1,0,41.8038754266,-87.6942273007,60632,"CHICAGO MIDWAY AIRPORT, IL US",29.0,23.0,78.0,0.0,4.0,6.0
crash_02810,2020-11-01 11:30:00,2020,11,Nov,Sun,11,Daytime,30,NO CONTROLS,CLEAR,DAYLIGHT,PARKED MOTOR VEHICLE,ONE-WAY,DRY,INJURY AND / OR TOW DUE TO CRASH,,true,"OVER $1,500",UNABLE TO DETERMINE,2,NO INDICATION OF INJURY,0,0,41.9416397408,-87.6535939107,60657,"CHICAGO MIDWAY AIRPORT, IL US",39.0,16.0,39.0,0.0,10.0,21.0
crash_02811,2018-06-07 11:01:00,2018,6,Jun,Thu,11,Daytime,25,NO CONTROLS,CLEAR,DAYLIGHT,SIDESWIPE SAME DIRECTION,ONE-WAY,DRY,NO INJURY / DRIVE AWAY,,,"OVER $1,500",FAILING TO YIELD RIGHT-OF-WAY,2,NO INDICATION OF INJURY,0,0,41.8807912906,-87.6320358751,60603,"CHICAGO MIDWAY AIRPORT, IL US",76.0,58.0,54.0,0.0,10.0,13.0
crash_02812,2019-11-01 02:00:00,2019,11,Nov,Fri,2,Night or early morning,15,NO CONTROLS,SNOW,"DARKNESS, LIGHTED ROAD",PARKED MOTOR VEHICLE,PARKING LOT,WET,NO INJURY / DRIVE AWAY,,true,"$501 - $1,500",UNABLE TO DETERMINE,2,NO INDICATION OF INJURY,0,0,41.9282937526,-87.7238230586,60647,"CHICAGO MIDWAY AIRPORT, IL US",26.0,21.0,81.0,0.0,8.0,8.0
crash_02813,2025-04-14 18:00:00,2025,4,Apr,Mon,18,Evening commute,30,UNKNOWN,CLEAR,DAYLIGHT,PARKED MOTOR VEHICLE,PARKING LOT,UNKNOWN,NO INJURY / DRIVE AWAY,,true,"OVER $1,500",UNABLE TO DETERMINE,2,NO INDICATION OF INJURY,0,0,41.7578056585,-87.586268258,60619,"CHICAGO MIDWAY AIRPORT, IL US",63.0,30.0,29.0,0.0,10.0,26.0
crash_02814,2022-01-24 17:30:00,2022,1,Jan,Mon,17,Evening commute,30,NO CONTROLS,SNOW,DARKNESS,PARKED MOTOR VEHICLE,ONE-WAY,SNOW OR SLUSH,NO INJURY / DRIVE AWAY,,true,"$501 - $1,500",UNABLE TO DETERMINE,2,NO INDICATION OF INJURY,0,0,41.7907495739,-87.6225122212,60637,"CHICAGO MIDWAY AIRPORT, IL US",19.0,8.0,62.0,0.0,10.0,14.0
crash_02815,2023-08-28 15:30:00,2023,8,Aug,Mon,15,Evening commute,30,NO CONTROLS,CLEAR,DAYLIGHT,PARKED MOTOR VEHICLE,DIVIDED - W/MEDIAN (NOT RAISED),DRY,NO INJURY / DRIVE AWAY,,true,"OVER $1,500",UNABLE TO DETERMINE,2,NO INDICATION OF INJURY,0,0,41.7396639451,-87.7143382193,60652,"CHICAGO MIDWAY AIRPORT, IL US",77.0,51.0,40.0,0.0,10.0,7.0
crash_02816,2022-06-30 00:50:00,2022,6,Jun,Thu,0,Night or early morning,30,NO CONTROLS,CLEAR,"DARKNESS, LIGHTED ROAD",PARKED MOTOR VEHICLE,OTHER,DRY,NO INJURY / DRIVE AWAY,,true,"OVER $1,500",UNABLE TO DETERMINE,4,NO INDICATION OF INJURY,0,0,41.753499742,-87.6075668866,60619,"CHICAGO MIDWAY AIRPORT, IL US",80.0,63.0,56.0,0.0,10.0,9.0
crash_02817,2025-02-15 02:16:00,2025,2,Feb,Sat,2,Night or early morning,25,NO CONTROLS,SNOW,DARKNESS,PARKED MOTOR VEHICLE,ONE-WAY,SNOW OR SLUSH,INJURY AND / OR TOW DUE TO CRASH,,true,"OVER $1,500",PHYSICAL CONDITION OF DRIVER,2,NO INDICATION OF INJURY,0,0,41.9782425224,-87.6605562325,60640,"CHICAGO OHARE INTERNATIONAL AIRPORT, IL US",28.0,21.0,75.0,0.0,10.0,7.0
crash_02818,2019-03-06 15:00:00,2019,3,Mar,Wed,15,Evening commute,30,NO CONTROLS,CLEAR,DAYLIGHT,PARKED MOTOR VEHICLE,PARKING LOT,DRY,INJURY AND / OR TOW DUE TO CRASH,,true,"OVER $1,500",IMPROPER OVERTAKING/PASSING,2,NO INDICATION OF INJURY,0,0,41.7961176269,-87.6210278767,60615,"CHICAGO MIDWAY AIRPORT, IL US",30.0,6.0,36.0,0.0,10.0,18.0
crash_02819,2022-02-28 08:02:00,2022,2,Feb,Mon,8,Morning commute,35,NO CONTROLS,CLEAR,DAYLIGHT,TURNING,NOT DIVIDED,DRY,INJURY AND / OR TOW DUE TO CRASH,,,"OVER $1,500",UNABLE TO DETERMINE,2,NO INDICATION OF INJURY,0,0,41.7710448011,-87.7419056317,60629,"CHICAGO MIDWAY AIRPORT, IL US",33.0,24.0,70.0,0.0,10.0,9.0
crash_02820,2020-12-01 07:20:00,2020,12,Dec,Tue,7,Morning commute,30,NO CONTROLS,CLEAR,DAYLIGHT,TURNING,DIVIDED - W/MEDIAN (NOT RAISED),DRY,NO INJURY / DRIVE AWAY,true,,"OVER $1,500",IMPROPER LANE USAGE,2,NO INDICATION OF INJURY,0,0,41.8527784759,-87.6446196405,60616,"CHICAGO MIDWAY AIRPORT, IL US",26.0,14.0,60.0,0.0,10.0,9.0
crash_02821,2021-10-10 21:35:00,2021,10,Oct,Sun,21,Night or early morning,30,STOP SIGN/FLASHER,CLEAR,"DARKNESS, LIGHTED ROAD",PARKED MOTOR VEHICLE,ONE-WAY,DRY,INJURY AND / OR TOW DUE TO CRASH,,false,$500 OR LESS,EQUIPMENT - VEHICLE CONDITION,2,NO INDICATION OF INJURY,0,0,41.8841247015,-87.7650818009,60644,"CHICAGO MIDWAY AIRPORT, IL US",76.0,58.0,54.0,0.0,10.0,11.0
crash_02822,2021-09-28 07:15:00,2021,9,Sep,Tue,7,Morning commute,25,NO CONTROLS,CLEAR,DAYLIGHT,PARKED MOTOR VEHICLE,NOT DIVIDED,DRY,INJURY AND / OR TOW DUE TO CRASH,,,"OVER $1,500",UNABLE TO DETERMINE,4,NONINCAPACITATING INJURY,1,0,42.0051970374,-87.6748938314,60626,"CHICAGO OHARE INTERNATIONAL AIRPORT, IL US",62.0,58.0,86.0,,10.0,9.0
crash_02823,2024-12-17 18:29:00,2024,12,Dec,Tue,18,Evening commute,30,STOP SIGN/FLASHER,CLEAR,"DARKNESS, LIGHTED ROAD",PEDESTRIAN,DIVIDED - W/MEDIAN (NOT RAISED),DRY,INJURY AND / OR TOW DUE TO CRASH,true,,$500 OR LESS,UNABLE TO DETERMINE,2,NONINCAPACITATING INJURY,1,0,41.9831222033,-87.8012427346,60631,"CHICAGO OHARE INTERNATIONAL AIRPORT, IL US",35.0,30.0,82.0,,10.0,0.0
crash_02824,2025-12-22 08:50:00,2025,12,Dec,Mon,8,Morning commute,30,TRAFFIC SIGNAL,CLEAR,DAYLIGHT,REAR END,TRAFFIC ROUTE,DRY,NO INJURY / DRIVE AWAY,,,"OVER $1,500",UNABLE TO DETERMINE,2,NO INDICATION OF INJURY,0,0,41.8956607199,-87.6996797608,60622,,,,,,,
crash_02825,2022-11-12 00:08:00,2022,11,Nov,Sat,0,Night or early morning,40,NO CONTROLS,CLEAR,"DARKNESS, LIGHTED ROAD",FIXED OBJECT,OTHER,DRY,NO INJURY / DRIVE AWAY,,,"OVER $1,500",DRIVING SKILLS/KNOWLEDGE/EXPERIENCE,1,NO INDICATION OF INJURY,0,0,41.9482165281,-87.6430533275,60657,"CHICAGO MIDWAY AIRPORT, IL US",33.0,21.0,61.0,0.0,10.0,15.0
crash_02826,2023-06-19 11:57:00,2023,6,Jun,Mon,11,Daytime,30,NO CONTROLS,CLEAR,DAYLIGHT,SIDESWIPE SAME DIRECTION,OTHER,DRY,NO INJURY / DRIVE AWAY,,,"OVER $1,500",UNABLE TO DETERMINE,2,NO INDICATION OF INJURY,0,0,41.7799438721,-87.7030160832,60629,"CHICAGO MIDWAY AIRPORT, IL US",83.0,51.0,33.0,0.0,10.0,6.0
crash_02827,2025-09-15 14:16:00,2025,9,Sep,Mon,14,Daytime,30,NO CONTROLS,CLEAR,DAYLIGHT,REAR END,NOT DIVIDED,DRY,NO INJURY / DRIVE AWAY,,,"OVER $1,500",NOT APPLICABLE,2,NO INDICATION OF INJURY,0,0,41.7656722674,-87.6111543023,60619,,,,,,,
crash_02828,2022-02-09 14:56:00,2022,2,Feb,Wed,14,Daytime,30,TRAFFIC SIGNAL,CLEAR,DAYLIGHT,SIDESWIPE SAME DIRECTION,ONE-WAY,DRY,NO INJURY / DRIVE AWAY,,true,"OVER $1,500",NOT APPLICABLE,2,NO INDICATION OF INJURY,0,0,41.874945069,-87.6308324955,60605,"CHICAGO MIDWAY AIRPORT, IL US",40.0,30.0,68.0,0.0,10.0,13.0
crash_02829,2019-02-16 02:00:00,2019,2,Feb,Sat,2,Night or early morning,30,NO CONTROLS,CLOUDY/OVERCAST,"DARKNESS, LIGHTED ROAD",PARKED MOTOR VEHICLE,ONE-WAY,DRY,NO INJURY / DRIVE AWAY,,true,"OVER $1,500",UNABLE TO DETERMINE,2,NO INDICATION OF INJURY,0,0,41.7551267361,-87.6415678976,60620,"CHICAGO MIDWAY AIRPORT, IL US",18.0,6.0,59.0,0.0,10.0,8.0
crash_02830,2019-03-04 17:30:00,2019,3,Mar,Mon,17,Evening commute,30,NO CONTROLS,CLEAR,DAYLIGHT,TURNING,PARKING LOT,DRY,NO INJURY / DRIVE AWAY,,,"$501 - $1,500",NOT APPLICABLE,2,NO INDICATION OF INJURY,0,0,41.7785344556,-87.7237340414,60629,"CHICAGO MIDWAY AIRPORT, IL US",12.0,-1.0,56.0,0.0,10.0,16.0
crash_02831,2025-03-15 23:37:00,2025,3,Mar,Sat,23,Night or early morning,30,TRAFFIC SIGNAL,CLEAR,"DARKNESS, LIGHTED ROAD",SIDESWIPE SAME DIRECTION,FOUR WAY,DRY,NO INJURY / DRIVE AWAY,true,,"OVER $1,500",DRIVING SKILLS/KNOWLEDGE/EXPERIENCE,2,NO INDICATION OF INJURY,0,0,41.911255209,-87.6348607259,60614,"CHICAGO MIDWAY AIRPORT, IL US",44.0,36.0,73.0,0.0,10.0,10.0
crash_02832,2022-08-18 18:05:00,2022,8,Aug,Thu,18,Evening commute,30,STOP SIGN/FLASHER,CLEAR,DAYLIGHT,TURNING,FOUR WAY,DRY,NO INJURY / DRIVE AWAY,true,,"$501 - $1,500",FAILING TO YIELD RIGHT-OF-WAY,2,NO INDICATION OF INJURY,0,0,41.9293756645,-87.776052282,60639,"CHICAGO OHARE INTERNATIONAL AIRPORT, IL US",82.0,53.0,37.0,0.0,10.0,9.0
crash_02833,2023-06-23 12:30:00,2023,6,Jun,Fri,12,Daytime,30,NO CONTROLS,CLEAR,DAYLIGHT,SIDESWIPE SAME DIRECTION,ONE-WAY,DRY,NO INJURY / DRIVE AWAY,,true,"OVER $1,500","OPERATING VEHICLE IN ERRATIC, RECKLESS, CARELESS, NEGLIGENT OR AGGRESSIVE MANNER",2,NO INDICATION OF INJURY,0,0,41.821584634,-87.601914183,60653,"CHICAGO MIDWAY AIRPORT, IL US",83.0,54.0,37.0,0.0,10.0,13.0
crash_02834,2019-05-27 01:30:00,2019,5,May,Mon,1,Night or early morning,30,NO CONTROLS,CLEAR,"DARKNESS, LIGHTED ROAD",OTHER OBJECT,DIVIDED - W/MEDIAN (NOT RAISED),DRY,NO INJURY / DRIVE AWAY,,,"$501 - $1,500",NOT APPLICABLE,1,NO INDICATION OF INJURY,0,0,41.9093231025,-87.687046967,60622,"CHICAGO MIDWAY AIRPORT, IL US",56.0,46.0,70.0,0.0,10.0,0.0
crash_02835,2021-09-01 18:33:00,2021,9,Sep,Wed,18,Evening commute,25,NO CONTROLS,CLEAR,DAYLIGHT,HEAD ON,NOT DIVIDED,DRY,NO INJURY / DRIVE AWAY,,true,"$501 - $1,500","OPERATING VEHICLE IN ERRATIC, RECKLESS, CARELESS, NEGLIGENT OR AGGRESSIVE MANNER",2,NO INDICATION OF INJURY,0,0,41.8168061187,-87.5992682565,60653,"CHICAGO MIDWAY AIRPORT, IL US",73.0,51.0,46.0,0.0,10.0,13.0
crash_02836,2021-09-15 20:00:00,2021,9,Sep,Wed,20,Night or early morning,30,NO CONTROLS,CLEAR,DARKNESS,REAR END,NOT DIVIDED,DRY,NO INJURY / DRIVE AWAY,,true,"$501 - $1,500",FOLLOWING TOO CLOSELY,2,NO INDICATION OF INJURY,0,0,41.8671501936,-87.6384944664,60607,"CHICAGO MIDWAY AIRPORT, IL US",70.0,52.0,53.0,0.0,10.0,8.0
crash_02837,2024-08-13 14:36:00,2024,8,Aug,Tue,14,Daytime,30,NO CONTROLS,CLEAR,DAYLIGHT,PEDALCYCLIST,NOT DIVIDED,DRY,INJURY AND / OR TOW DUE TO CRASH,,,$500 OR LESS,FAILING TO YIELD RIGHT-OF-WAY,2,INCAPACITATING INJURY,1,0,41.947601592,-87.6593220312,60613,"CHICAGO MIDWAY AIRPORT, IL US",83.0,56.0,40.0,0.0,10.0,3.0
crash_02838,2020-11-08 02:59:00,2020,11,Nov,Sun,2,Night or early morning,30,NO CONTROLS,CLEAR,"DARKNESS, LIGHTED ROAD",PARKED MOTOR VEHICLE,PARKING LOT,DRY,NO INJURY / DRIVE AWAY,,,"OVER $1,500",IMPROPER BACKING,2,NO INDICATION OF INJURY,0,0,41.8761275956,-87.7012332201,60612,"CHICAGO MIDWAY AIRPORT, IL US",57.0,46.0,67.0,0.0,10.0,8.0
crash_02839,2024-05-30 08:37:00,2024,5,May,Thu,8,Morning commute,20,NO CONTROLS,CLEAR,DAYLIGHT,FIXED OBJECT,NOT DIVIDED,DRY,NO INJURY / DRIVE AWAY,,,"OVER $1,500",DRIVING SKILLS/KNOWLEDGE/EXPERIENCE,1,NO INDICATION OF INJURY,0,0,41.8614905635,-87.657890008,60608,"CHICAGO MIDWAY AIRPORT, IL US",63.0,37.0,38.0,0.0,10.0,13.0
crash_02840,2021-03-04 16:00:00,2021,3,Mar,Thu,16,Evening commute,30,TRAFFIC SIGNAL,CLEAR,DAYLIGHT,TURNING,DIVIDED - W/MEDIAN (NOT RAISED),DRY,INJURY AND / OR TOW DUE TO CRASH,,,"OVER $1,500","OPERATING VEHICLE IN ERRATIC, RECKLESS, CARELESS, NEGLIGENT OR AGGRESSIVE MANNER",2,NO INDICATION OF INJURY,0,0,41.743873821,-87.6051761606,60619,"CHICAGO MIDWAY AIRPORT, IL US",34.0,20.0,56.0,0.0,10.0,14.0
crash_02841,2018-08-31 09:00:00,2018,8,Aug,Fri,9,Morning commute,30,NO CONTROLS,CLEAR,DAYLIGHT,REAR END,DIVIDED - W/MEDIAN (NOT RAISED),DRY,NO INJURY / DRIVE AWAY,,,"$501 - $1,500",UNABLE TO DETERMINE,2,NO INDICATION OF INJURY,0,0,41.8669455494,-87.6531035561,60608,"CHICAGO MIDWAY AIRPORT, IL US",71.0,60.0,68.0,0.0,10.0,10.0
crash_02842,2025-05-01 15:37:00,2025,5,May,Thu,15,Evening commute,30,TRAFFIC SIGNAL,CLEAR,DAYLIGHT,ANGLE,FOUR WAY,DRY,INJURY AND / OR TOW DUE TO CRASH,true,,"OVER $1,500",FAILING TO YIELD RIGHT-OF-WAY,2,NONINCAPACITATING INJURY,1,0,41.8925111449,-87.6243309578,60611,"CHICAGO MIDWAY AIRPORT, IL US",66.0,55.0,68.0,0.0,10.0,16.0
crash_02843,2022-09-10 00:14:00,2022,9,Sep,Sat,0,Night or early morning,30,TRAFFIC SIGNAL,CLEAR,"DARKNESS, LIGHTED ROAD",TURNING,DIVIDED - W/MEDIAN (NOT RAISED),DRY,INJURY AND / OR TOW DUE TO CRASH,true,,"OVER $1,500",UNABLE TO DETERMINE,2,"REPORTED, NOT EVIDENT",1,0,41.7513283265,-87.5478921112,60617,"CHICAGO MIDWAY AIRPORT, IL US",74.0,59.0,60.0,0.0,10.0,3.0
crash_02844,2019-06-18 08:54:00,2019,6,Jun,Tue,8,Morning commute,30,TRAFFIC SIGNAL,CLEAR,DAYLIGHT,FIXED OBJECT,NOT DIVIDED,DRY,INJURY AND / OR TOW DUE TO CRASH,,false,"OVER $1,500",DISTRACTION - FROM OUTSIDE VEHICLE,1,NO INDICATION OF INJURY,0,0,41.8229542941,-87.685012986,60632,"CHICAGO MIDWAY AIRPORT, IL US",62.0,59.0,90.0,0.0,2.5,5.0
crash_02845,2024-10-24 18:30:00,2024,10,Oct,Thu,18,Evening commute,30,STOP SIGN/FLASHER,CLEAR,DUSK,SIDESWIPE SAME DIRECTION,NOT DIVIDED,DRY,NO INJURY / DRIVE AWAY,,,"$501 - $1,500",IMPROPER OVERTAKING/PASSING,2,NO INDICATION OF INJURY,0,0,41.9173368955,-87.7214499871,60647,"CHICAGO MIDWAY AIRPORT, IL US",60.0,34.0,38.0,0.0,10.0,6.0
crash_02846,2019-06-14 20:00:00,2019,6,Jun,Fri,20,Night or early morning,30,NO CONTROLS,CLEAR,DUSK,TURNING,NOT DIVIDED,DRY,NO INJURY / DRIVE AWAY,,,"OVER $1,500",IMPROPER OVERTAKING/PASSING,2,NO INDICATION OF INJURY,0,0,41.9090897228,-87.7982380742,60707,"CHICAGO OHARE INTERNATIONAL AIRPORT, IL US",73.0,45.0,37.0,0.0,10.0,16.0
crash_02847,2023-03-16 22:30:00,2023,3,Mar,Thu,22,Night or early morning,30,TRAFFIC SIGNAL,RAIN,"DARKNESS, LIGHTED ROAD",TURNING,T-INTERSECTION,WET,INJURY AND / OR TOW DUE TO CRASH,true,true,"OVER $1,500",FAILING TO YIELD RIGHT-OF-WAY,2,NO INDICATION OF INJURY,0,0,41.8869543962,-87.6326320608,60601,"CHICAGO MIDWAY AIRPORT, IL US",49.0,46.0,90.0,0.02,4.0,11.0
crash_02848,2018-11-17 18:50:00,2018,11,Nov,Sat,18,Evening commute,25,TRAFFIC SIGNAL,UNKNOWN,"DARKNESS, LIGHTED ROAD",SIDESWIPE SAME DIRECTION,NOT DIVIDED,DRY,NO INJURY / DRIVE AWAY,,,"OVER $1,500",UNABLE TO DETERMINE,2,NO INDICATION OF INJURY,0,0,42.0055868649,-87.6610773204,60626,"CHICAGO OHARE INTERNATIONAL AIRPORT, IL US",35.0,28.0,76.0,0.0,10.0,13.0
crash_02849,2018-10-29 10:50:00,2018,10,Oct,Mon,10,Daytime,35,NO CONTROLS,CLEAR,DAYLIGHT,REAR END,NOT DIVIDED,DRY,NO INJURY / DRIVE AWAY,,,"$501 - $1,500",UNABLE TO DETERMINE,3,NO INDICATION OF INJURY,0,0,41.9601181294,-87.7861482715,60634,"CHICAGO OHARE INTERNATIONAL AIRPORT, IL US",49.0,39.0,69.0,0.0,10.0,11.0
crash_02850,2018-04-01 22:38:00,2018,4,Apr,Sun,22,Night or early morning,30,NO CONTROLS,CLEAR,"DARKNESS, LIGHTED ROAD",PARKED MOTOR VEHICLE,ONE-WAY,DRY,INJURY AND / OR TOW DUE TO CRASH,,,"OVER $1,500",UNABLE TO DETERMINE,2,NONINCAPACITATING INJURY,1,0,41.8828991454,-87.7065871426,60624,"CHICAGO MIDWAY AIRPORT, IL US",29.0,14.0,54.0,0.0,10.0,6.0
crash_02851,2022-07-04 22:50:00,2022,7,Jul,Mon,22,Night or early morning,30,NO CONTROLS,UNKNOWN,DARKNESS,PARKED MOTOR VEHICLE,NOT DIVIDED,UNKNOWN,NO INJURY / DRIVE AWAY,,true,"OVER $1,500",UNABLE TO DETERMINE,2,NO INDICATION OF INJURY,0,0,41.8396556211,-87.6597934813,60608,"CHICAGO MIDWAY AIRPORT, IL US",81.0,69.0,67.0,0.0,8.0,14.0
crash_02852,2020-06-20 20:50:00,2020,6,Jun,Sat,20,Night or early morning,35,STOP SIGN/FLASHER,RAIN,"DARKNESS, LIGHTED ROAD",TURNING,FOUR WAY,WET,INJURY AND / OR TOW DUE TO CRASH,true,,"OVER $1,500",WEATHER,2,"REPORTED, NOT EVIDENT",1,0,41.7506595478,-87.650166302,60620,"CHICAGO MIDWAY AIRPORT, IL US",75.0,69.0,82.0,0.24,7.0,9.0
crash_02853,2021-03-23 10:45:00,2021,3,Mar,Tue,10,Daytime,35,TRAFFIC SIGNAL,CLEAR,DAYLIGHT,SIDESWIPE SAME DIRECTION,NOT DIVIDED,DRY,NO INJURY / DRIVE AWAY,,,"OVER $1,500",UNABLE TO DETERMINE,2,NO INDICATION OF INJURY,0,0,41.7213650608,-87.6433580423,60643,"CHICAGO MIDWAY AIRPORT, IL US",63.0,38.0,40.0,0.0,10.0,13.0
crash_02854,2023-06-19 09:15:00,2023,6,Jun,Mon,9,Morning commute,30,NO CONTROLS,CLEAR,DAYLIGHT,SIDESWIPE SAME DIRECTION,NOT DIVIDED,UNKNOWN,NO INJURY / DRIVE AWAY,,,"$501 - $1,500",UNABLE TO DETERMINE,2,NO INDICATION OF INJURY,0,0,41.9287992551,-87.692814212,60647,"CHICAGO MIDWAY AIRPORT, IL US",76.0,55.0,48.0,0.0,9.0,9.0
crash_02855,2023-03-31 23:25:00,2023,3,Mar,Fri,23,Night or early morning,30,TRAFFIC SIGNAL,RAIN,"DARKNESS, LIGHTED ROAD",REAR END,FOUR WAY,WET,NO INJURY / DRIVE AWAY,true,true,"$501 - $1,500",UNABLE TO DETERMINE,2,NO INDICATION OF INJURY,0,0,41.6594342977,-87.5978530294,60628,"CHICAGO MIDWAY AIRPORT, IL US",54.0,43.0,67.0,0.0,10.0,21.0
crash_02856,2021-08-24 01:58:00,2021,8,Aug,Tue,1,Night or early morning,30,NO CONTROLS,CLEAR,"DARKNESS, LIGHTED ROAD",FIXED OBJECT,NOT DIVIDED,DRY,INJURY AND / OR TOW DUE TO CRASH,,,"OVER $1,500",FAILING TO REDUCE SPEED TO AVOID CRASH,1,NO INDICATION OF INJURY,0,0,41.7794876828,-87.6554188234,60636,"CHICAGO MIDWAY AIRPORT, IL US",78.0,70.0,76.0,0.0,10.0,7.0
crash_02857,2023-11-24 17:40:00,2023,11,Nov,Fri,17,Evening commute,40,UNKNOWN,CLEAR,DUSK,ANGLE,OTHER,DRY,INJURY AND / OR TOW DUE TO CRASH,,,"OVER $1,500",IMPROPER TURNING/NO SIGNAL,2,NONINCAPACITATING INJURY,1,0,41.7541307993,-87.741367996,60652,"CHICAGO MIDWAY AIRPORT, IL US",33.0,21.0,61.0,0.0,10.0,8.0
crash_02858,2019-05-14 19:30:00,2019,5,May,Tue,19,Night or early morning,30,NO CONTROLS,CLEAR,DAYLIGHT,SIDESWIPE SAME DIRECTION,DIVIDED - W/MEDIAN BARRIER,DRY,NO INJURY / DRIVE AWAY,,,"OVER $1,500",IMPROPER OVERTAKING/PASSING,2,NO INDICATION OF INJURY,0,0,41.9486836744,-87.6436497585,60613,"CHICAGO MIDWAY AIRPORT, IL US",64.0,31.0,29.0,0.0,10.0,8.0
crash_02859,2025-07-02 10:30:00,2025,7,Jul,Wed,10,Daytime,30,NO CONTROLS,CLEAR,DAYLIGHT,PARKED MOTOR VEHICLE,NOT DIVIDED,DRY,NO INJURY / DRIVE AWAY,,true,$500 OR LESS,FOLLOWING TOO CLOSELY,2,NO INDICATION OF INJURY,0,0,41.6845885374,-87.6854663143,60655,"CHICAGO MIDWAY AIRPORT, IL US",85.0,60.0,43.0,0.0,10.0,11.0
crash_02860,2019-11-12 18:00:00,2019,11,Nov,Tue,18,Evening commute,30,STOP SIGN/FLASHER,CLEAR,DAYLIGHT,REAR END,ONE-WAY,ICE,NO INJURY / DRIVE AWAY,,,"$501 - $1,500",WEATHER,3,NO INDICATION OF INJURY,0,0,41.855101868,-87.6709347203,60608,"CHICAGO MIDWAY AIRPORT, IL US",15.0,0.0,51.0,0.0,10.0,9.0
crash_02861,2025-07-23 18:00:00,2025,7,Jul,Wed,18,Evening commute,30,NO CONTROLS,UNKNOWN,UNKNOWN,SIDESWIPE SAME DIRECTION,ONE-WAY,UNKNOWN,NO INJURY / DRIVE AWAY,,,"OVER $1,500",FAILING TO YIELD RIGHT-OF-WAY,2,NO INDICATION OF INJURY,0,0,41.8925361599,-87.6312978598,60654,"CHICAGO MIDWAY AIRPORT, IL US",93.0,76.0,58.0,0.0,10.0,16.0
crash_02862,2022-05-14 00:50:00,2022,5,May,Sat,0,Night or early morning,30,STOP SIGN/FLASHER,CLEAR,"DARKNESS, LIGHTED ROAD",SIDESWIPE OPPOSITE DIRECTION,FOUR WAY,DRY,INJURY AND / OR TOW DUE TO CRASH,true,,"OVER $1,500",DRIVING ON WRONG SIDE/WRONG WAY,3,NONINCAPACITATING INJURY,1,0,41.8690363696,-87.727570179,60624,"CHICAGO MIDWAY AIRPORT, IL US",76.0,55.0,48.0,0.0,10.0,0.0
crash_02863,2021-10-13 12:30:00,2021,10,Oct,Wed,12,Daytime,25,NO CONTROLS,CLEAR,DAYLIGHT,SIDESWIPE SAME DIRECTION,NOT DIVIDED,DRY,NO INJURY / DRIVE AWAY,,true,"OVER $1,500",UNABLE TO DETERMINE,2,NO INDICATION OF INJURY,0,0,41.8002880353,-87.7109640738,60632,"CHICAGO MIDWAY AIRPORT, IL US",73.0,49.0,43.0,0.0,10.0,10.0
crash_02864,2018-12-02 19:30:00,2018,12,Dec,Sun,19,Night or early morning,30,UNKNOWN,UNKNOWN,UNKNOWN,REAR END,UNKNOWN,UNKNOWN,NO INJURY / DRIVE AWAY,,,"OVER $1,500",NOT APPLICABLE,2,NO INDICATION OF INJURY,0,0,,,,,,,,,,
crash_02865,2022-11-19 15:38:00,2022,11,Nov,Sat,15,Evening commute,30,TRAFFIC SIGNAL,CLEAR,DAYLIGHT,REAR END,NOT DIVIDED,SNOW OR SLUSH,INJURY AND / OR TOW DUE TO CRASH,,true,"OVER $1,500",UNABLE TO DETERMINE,2,NONINCAPACITATING INJURY,1,0,41.8016927777,-87.6454681487,60609,"CHICAGO MIDWAY AIRPORT, IL US",26.0,11.0,53.0,0.0,10.0,23.0
crash_02866,2021-11-16 03:55:00,2021,11,Nov,Tue,3,Night or early morning,30,TRAFFIC SIGNAL,CLEAR,"DARKNESS, LIGHTED ROAD",SIDESWIPE SAME DIRECTION,NOT DIVIDED,DRY,INJURY AND / OR TOW DUE TO CRASH,,true,"OVER $1,500",UNABLE TO DETERMINE,3,FATAL,1,1,41.7516115233,-87.5855922843,60649,"CHICAGO MIDWAY AIRPORT, IL US",32.0,26.0,79.0,0.0,10.0,0.0
crash_02867,2024-12-03 12:19:00,2024,12,Dec,Tue,12,Daytime,15,NO CONTROLS,CLEAR,DAYLIGHT,FIXED OBJECT,ALLEY,DRY,NO INJURY / DRIVE AWAY,,,"OVER $1,500",UNABLE TO DETERMINE,2,NO INDICATION OF INJURY,0,0,41.9065908061,-87.7437020835,60651,,,,,,,
crash_02868,2025-01-09 20:41:00,2025,1,Jan,Thu,20,Night or early morning,30,NO CONTROLS,CLEAR,"DARKNESS, LIGHTED ROAD",TURNING,NOT DIVIDED,DRY,NO INJURY / DRIVE AWAY,true,true,"OVER $1,500",FAILING TO YIELD RIGHT-OF-WAY,2,NO INDICATION OF INJURY,0,0,41.8871231151,-87.7404435009,60644,"CHICAGO MIDWAY AIRPORT, IL US",22.0,12.0,66.0,0.0,10.0,14.0