crash_id,crash_datetime,crash_year,crash_month,crash_month_name,crash_weekday_name,crash_hour,time_period,posted_speed_limit_mph,traffic_control_device,reported_weather_condition,reported_lighting_condition,first_crash_type,trafficway_type,reported_road_surface_condition,crash_type,intersection_related,hit_and_run,estimated_damage,primary_contributory_cause,unit_count,most_severe_injury,injuries_total,injuries_fatal,latitude,longitude,zip5,weather_station_name,temperature_f,dew_point_f,relative_humidity_percent,precipitation_inches,visibility_miles,wind_speed_mph
crash_02869,2021-11-14 00:35:00,2021,11,Nov,Sun,0,Night or early morning,30,NO CONTROLS,RAIN,"DARKNESS, LIGHTED ROAD",FIXED OBJECT,NOT DIVIDED,WET,INJURY AND / OR TOW DUE TO CRASH,,,"OVER $1,500",WEATHER,1,,,,41.7562496394,-87.6279176539,60620,"CHICAGO MIDWAY AIRPORT, IL US",34.0,29.0,82.0,0.0,9.0,14.0
crash_02870,2021-06-29 10:49:00,2021,6,Jun,Tue,10,Daytime,30,NO CONTROLS,CLEAR,DAYLIGHT,PEDESTRIAN,NOT DIVIDED,DRY,INJURY AND / OR TOW DUE TO CRASH,,,$500 OR LESS,NOT APPLICABLE,2,NONINCAPACITATING INJURY,1,0,41.7515527202,-87.5900913431,60619,"CHICAGO MIDWAY AIRPORT, IL US",73.0,68.0,83.0,,10.0,5.0
crash_02871,2023-09-15 23:30:00,2023,9,Sep,Fri,23,Night or early morning,25,NO CONTROLS,UNKNOWN,UNKNOWN,PARKED MOTOR VEHICLE,ONE-WAY,UNKNOWN,NO INJURY / DRIVE AWAY,,true,"OVER $1,500",UNABLE TO DETERMINE,2,NO INDICATION OF INJURY,0,0,41.7736196665,-87.7022669791,60629,"CHICAGO MIDWAY AIRPORT, IL US",66.0,53.0,63.0,0.0,10.0,6.0
crash_02872,2022-07-02 10:43:00,2022,7,Jul,Sat,10,Daytime,30,NO CONTROLS,CLEAR,DAYLIGHT,PARKED MOTOR VEHICLE,OTHER,DRY,NO INJURY / DRIVE AWAY,,,"$501 - $1,500",DRIVING SKILLS/KNOWLEDGE/EXPERIENCE,2,NO INDICATION OF INJURY,0,0,41.917766598,-87.6826438419,60647,"CHICAGO MIDWAY AIRPORT, IL US",85.0,45.0,25.0,0.0,10.0,9.0
crash_02873,2025-05-07 17:28:00,2025,5,May,Wed,17,Evening commute,30,STOP SIGN/FLASHER,CLEAR,DAYLIGHT,PEDESTRIAN,NOT DIVIDED,DRY,INJURY AND / OR TOW DUE TO CRASH,,,$500 OR LESS,FAILING TO REDUCE SPEED TO AVOID CRASH,2,NONINCAPACITATING INJURY,1,0,41.906533708,-87.6518281708,60642,"CHICAGO MIDWAY AIRPORT, IL US",56.0,39.0,53.0,0.0,10.0,17.0
crash_02874,2021-12-31 13:56:00,2021,12,Dec,Fri,13,Daytime,10,OTHER,CLEAR,DAYLIGHT,SIDESWIPE SAME DIRECTION,PARKING LOT,DRY,NO INJURY / DRIVE AWAY,,,"$501 - $1,500",UNABLE TO DETERMINE,2,NO INDICATION OF INJURY,0,0,41.7229412182,-87.6628628713,60620,"CHICAGO MIDWAY AIRPORT, IL US",43.0,38.0,82.0,0.0,3.0,10.0
crash_02875,2020-02-14 17:55:00,2020,2,Feb,Fri,17,Evening commute,20,TRAFFIC SIGNAL,CLEAR,DAYLIGHT,ANGLE,ONE-WAY,SNOW OR SLUSH,NO INJURY / DRIVE AWAY,,,"OVER $1,500",FAILING TO YIELD RIGHT-OF-WAY,2,NO INDICATION OF INJURY,0,0,41.8132112111,-87.6214646092,60653,"CHICAGO MIDWAY AIRPORT, IL US",8.0,-5.0,55.0,0.0,10.0,11.0
crash_02876,2022-10-17 23:45:00,2022,10,Oct,Mon,23,Night or early morning,35,TRAFFIC SIGNAL,CLEAR,DARKNESS,ANGLE,NOT DIVIDED,DRY,INJURY AND / OR TOW DUE TO CRASH,true,,"OVER $1,500",DISREGARDING TRAFFIC SIGNALS,2,"REPORTED, NOT EVIDENT",1,0,41.9174932655,-87.7022375762,60647,"CHICAGO MIDWAY AIRPORT, IL US",40.0,26.0,58.0,0.0,10.0,22.0
crash_02877,2020-01-31 11:55:00,2020,1,Jan,Fri,11,Daytime,30,NO CONTROLS,SNOW,DAYLIGHT,TURNING,NOT DIVIDED,WET,NO INJURY / DRIVE AWAY,,,"OVER $1,500",UNABLE TO DETERMINE,2,NO INDICATION OF INJURY,0,0,41.886378621,-87.6225037131,60601,"CHICAGO MIDWAY AIRPORT, IL US",36.0,30.0,79.0,0.0,7.0,7.0
crash_02878,2020-10-19 03:07:00,2020,10,Oct,Mon,3,Night or early morning,30,NO CONTROLS,CLEAR,"DARKNESS, LIGHTED ROAD",PARKED MOTOR VEHICLE,ONE-WAY,DRY,INJURY AND / OR TOW DUE TO CRASH,,true,"OVER $1,500",UNABLE TO DETERMINE,4,NO INDICATION OF INJURY,0,0,41.9479999333,-87.752201962,60641,"CHICAGO OHARE INTERNATIONAL AIRPORT, IL US",41.0,34.0,76.0,0.0,10.0,0.0
crash_02879,2018-03-01 19:15:00,2018,3,Mar,Thu,19,Night or early morning,20,NO CONTROLS,CLEAR,DARKNESS,ANGLE,ALLEY,DRY,NO INJURY / DRIVE AWAY,,,"$501 - $1,500",FAILING TO YIELD RIGHT-OF-WAY,2,NO INDICATION OF INJURY,0,0,41.8958716056,-87.6820969269,60622,"CHICAGO MIDWAY AIRPORT, IL US",38.0,29.0,70.0,0.0,10.0,5.0
crash_02880,2021-02-28 11:30:00,2021,2,Feb,Sun,11,Daytime,30,NO CONTROLS,RAIN,DAYLIGHT,PARKED MOTOR VEHICLE,PARKING LOT,WET,NO INJURY / DRIVE AWAY,,,"$501 - $1,500",UNABLE TO DETERMINE,2,NO INDICATION OF INJURY,0,0,41.9102822548,-87.7022739579,60647,"CHICAGO MIDWAY AIRPORT, IL US",49.0,47.0,93.0,0.0,10.0,11.0
crash_02881,2020-09-05 14:35:00,2020,9,Sep,Sat,14,Daytime,30,STOP SIGN/FLASHER,CLEAR,DAYLIGHT,TURNING,NOT DIVIDED,DRY,INJURY AND / OR TOW DUE TO CRASH,true,,"OVER $1,500",FAILING TO YIELD RIGHT-OF-WAY,2,NO INDICATION OF INJURY,0,0,41.9544324414,-87.6624462591,60613,"CHICAGO MIDWAY AIRPORT, IL US",83.0,47.0,28.0,0.0,10.0,10.0
crash_02882,2021-12-16 03:08:00,2021,12,Dec,Thu,3,Night or early morning,30,TRAFFIC SIGNAL,CLEAR,"DARKNESS, LIGHTED ROAD",REAR END,NOT DIVIDED,DRY,INJURY AND / OR TOW DUE TO CRASH,,true,"OVER $1,500",FAILING TO REDUCE SPEED TO AVOID CRASH,3,NO INDICATION OF INJURY,0,0,41.7924291938,-87.7723069584,60638,"CHICAGO MIDWAY AIRPORT, IL US",66.0,54.0,65.0,0.0,10.0,22.0
crash_02883,2020-07-30 20:55:00,2020,7,Jul,Thu,20,Night or early morning,30,STOP SIGN/FLASHER,CLEAR,DARKNESS,TURNING,NOT DIVIDED,DRY,NO INJURY / DRIVE AWAY,true,,"OVER $1,500",UNABLE TO DETERMINE,2,NO INDICATION OF INJURY,0,0,41.7120121332,-87.6819354084,60655,"CHICAGO MIDWAY AIRPORT, IL US",74.0,61.0,64.0,0.0,10.0,14.0
crash_02884,2021-08-15 08:15:00,2021,8,Aug,Sun,8,Morning commute,30,NO CONTROLS,CLEAR,DAYLIGHT,PARKED MOTOR VEHICLE,NOT DIVIDED,DRY,INJURY AND / OR TOW DUE TO CRASH,,true,"OVER $1,500",UNABLE TO DETERMINE,3,NO INDICATION OF INJURY,0,0,41.7133818837,-87.6286152972,60628,"CHICAGO MIDWAY AIRPORT, IL US",68.0,52.0,57.0,0.0,10.0,6.0
crash_02885,2019-07-20 07:00:00,2019,7,Jul,Sat,7,Morning commute,30,TRAFFIC SIGNAL,CLEAR,DAYLIGHT,REAR END,NOT DIVIDED,WET,NO INJURY / DRIVE AWAY,true,true,"OVER $1,500",UNABLE TO DETERMINE,2,NO INDICATION OF INJURY,0,0,41.8817016265,-87.7458365928,60644,"CHICAGO MIDWAY AIRPORT, IL US",81.0,75.0,82.0,0.0,10.0,14.0
crash_02886,2021-09-16 15:33:00,2021,9,Sep,Thu,15,Evening commute,30,NO CONTROLS,CLEAR,DAYLIGHT,SIDESWIPE SAME DIRECTION,NOT DIVIDED,DRY,NO INJURY / DRIVE AWAY,,,"$501 - $1,500",NOT APPLICABLE,2,NO INDICATION OF INJURY,0,0,41.7933134483,-87.7110473044,60629,"CHICAGO MIDWAY AIRPORT, IL US",83.0,49.0,31.0,0.0,10.0,11.0
crash_02887,2023-01-04 21:05:00,2023,1,Jan,Wed,21,Night or early morning,30,STOP SIGN/FLASHER,CLEAR,"DARKNESS, LIGHTED ROAD",REAR END,NOT DIVIDED,DRY,NO INJURY / DRIVE AWAY,,,"$501 - $1,500",FOLLOWING TOO CLOSELY,2,NO INDICATION OF INJURY,0,0,41.9110443925,-87.6356493619,60610,"CHICAGO MIDWAY AIRPORT, IL US",33.0,30.0,89.0,0.0,6.0,10.0
crash_02888,2020-02-20 12:30:00,2020,2,Feb,Thu,12,Daytime,25,NO CONTROLS,CLEAR,DAYLIGHT,FIXED OBJECT,NOT DIVIDED,DRY,NO INJURY / DRIVE AWAY,,,"OVER $1,500",UNABLE TO DETERMINE,1,NO INDICATION OF INJURY,0,0,41.7385385405,-87.5915547152,60619,"CHICAGO MIDWAY AIRPORT, IL US",24.0,-1.0,33.0,0.0,10.0,11.0
crash_02889,2024-12-15 10:41:00,2024,12,Dec,Sun,10,Daytime,30,TRAFFIC SIGNAL,CLOUDY/OVERCAST,DAYLIGHT,PARKED MOTOR VEHICLE,NOT DIVIDED,DRY,NO INJURY / DRIVE AWAY,,,"OVER $1,500",UNABLE TO DETERMINE,2,NO INDICATION OF INJURY,0,0,41.8991725552,-87.7213721027,60651,"CHICAGO MIDWAY AIRPORT, IL US",45.0,42.0,90.0,,2.0,8.0
crash_02890,2024-02-13 07:50:00,2024,2,Feb,Tue,7,Morning commute,30,TRAFFIC SIGNAL,CLEAR,DARKNESS,SIDESWIPE SAME DIRECTION,NOT DIVIDED,DRY,NO INJURY / DRIVE AWAY,true,,"$501 - $1,500",IMPROPER OVERTAKING/PASSING,2,NO INDICATION OF INJURY,0,0,41.8898905609,-87.624261635,60611,"CHICAGO MIDWAY AIRPORT, IL US",32.0,23.0,69.0,0.0,10.0,7.0
crash_02891,2022-10-25 16:00:00,2022,10,Oct,Tue,16,Evening commute,25,STOP SIGN/FLASHER,RAIN,DAYLIGHT,ANGLE,NOT DIVIDED,WET,NO INJURY / DRIVE AWAY,,,"OVER $1,500",FAILING TO YIELD RIGHT-OF-WAY,2,NO INDICATION OF INJURY,0,0,41.9666562719,-87.7361395664,60630,"CHICAGO OHARE INTERNATIONAL AIRPORT, IL US",59.0,56.0,90.0,0.03,1.75,7.0
crash_02892,2024-01-23 11:00:00,2024,1,Jan,Tue,11,Daytime,30,STOP SIGN/FLASHER,RAIN,DAYLIGHT,ANGLE,T-INTERSECTION,WET,INJURY AND / OR TOW DUE TO CRASH,,,"OVER $1,500",FAILING TO YIELD RIGHT-OF-WAY,2,NO INDICATION OF INJURY,0,0,41.947173459,-87.8069244922,60634,"CHICAGO OHARE INTERNATIONAL AIRPORT, IL US",35.0,34.0,96.0,0.03,1.25,3.0
crash_02893,2018-11-01 08:00:00,2018,11,Nov,Thu,8,Morning commute,30,TRAFFIC SIGNAL,CLOUDY/OVERCAST,DAYLIGHT,TURNING,CENTER TURN LANE,DRY,NO INJURY / DRIVE AWAY,true,,"OVER $1,500",IMPROPER TURNING/NO SIGNAL,2,NO INDICATION OF INJURY,0,0,41.9322054869,-87.6975570256,60618,"CHICAGO MIDWAY AIRPORT, IL US",51.0,36.0,56.0,0.0,10.0,15.0
crash_02894,2020-08-31 07:30:00,2020,8,Aug,Mon,7,Morning commute,20,NO CONTROLS,CLEAR,DAYLIGHT,PARKED MOTOR VEHICLE,DIVIDED - W/MEDIAN (NOT RAISED),DRY,NO INJURY / DRIVE AWAY,,,"OVER $1,500",UNABLE TO DETERMINE,2,NO INDICATION OF INJURY,0,0,41.8802940708,-87.7526631885,60644,"CHICAGO MIDWAY AIRPORT, IL US",69.0,55.0,61.0,0.0,10.0,7.0
crash_02895,2023-09-24 10:00:00,2023,9,Sep,Sun,10,Daytime,30,TRAFFIC SIGNAL,CLEAR,DAYLIGHT,ANGLE,OTHER,DRY,INJURY AND / OR TOW DUE TO CRASH,true,true,"OVER $1,500",FAILING TO YIELD RIGHT-OF-WAY,2,NONINCAPACITATING INJURY,2,0,41.8369716971,-87.6696269918,60608,"CHICAGO MIDWAY AIRPORT, IL US",68.0,54.0,61.0,0.0,10.0,6.0
crash_02896,2018-08-11 16:00:00,2018,8,Aug,Sat,16,Evening commute,30,NO CONTROLS,CLEAR,DAYLIGHT,PARKED MOTOR VEHICLE,PARKING LOT,DRY,NO INJURY / DRIVE AWAY,false,true,"$501 - $1,500",UNABLE TO DETERMINE,2,NO INDICATION OF INJURY,0,0,41.7906842266,-87.6160261359,60637,"CHICAGO MIDWAY AIRPORT, IL US",88.0,58.0,36.0,0.0,10.0,10.0
crash_02897,2021-12-24 16:05:00,2021,12,Dec,Fri,16,Evening commute,30,NO CONTROLS,CLEAR,DAYLIGHT,SIDESWIPE SAME DIRECTION,DIVIDED - W/MEDIAN (NOT RAISED),DRY,NO INJURY / DRIVE AWAY,,true,"OVER $1,500",IMPROPER LANE USAGE,2,NO INDICATION OF INJURY,0,0,41.6777571679,-87.6538903326,60643,"CHICAGO MIDWAY AIRPORT, IL US",56.0,49.0,77.0,0.0,9.0,13.0
crash_02898,2024-02-05 13:30:00,2024,2,Feb,Mon,13,Daytime,25,NO CONTROLS,CLEAR,DAYLIGHT,SIDESWIPE SAME DIRECTION,DIVIDED - W/MEDIAN (NOT RAISED),DRY,NO INJURY / DRIVE AWAY,,,"OVER $1,500",UNABLE TO DETERMINE,2,NO INDICATION OF INJURY,0,0,41.7798167526,-87.6351942025,60621,"CHICAGO MIDWAY AIRPORT, IL US",42.0,31.0,65.0,0.0,10.0,11.0
crash_02899,2024-10-14 11:30:00,2024,10,Oct,Mon,11,Daytime,30,NO CONTROLS,CLEAR,DAYLIGHT,PEDESTRIAN,PARKING LOT,DRY,INJURY AND / OR TOW DUE TO CRASH,,false,"OVER $1,500",IMPROPER BACKING,2,INCAPACITATING INJURY,1,0,41.9649452503,-87.758039184,60630,"CHICAGO OHARE INTERNATIONAL AIRPORT, IL US",55.0,37.0,51.0,0.0,10.0,11.0
crash_02900,2019-04-14 16:40:00,2019,4,Apr,Sun,16,Evening commute,30,TRAFFIC SIGNAL,SNOW,DAYLIGHT,PEDESTRIAN,NOT DIVIDED,WET,INJURY AND / OR TOW DUE TO CRASH,,true,$500 OR LESS,FAILING TO YIELD RIGHT-OF-WAY,2,NONINCAPACITATING INJURY,1,0,41.9654796061,-87.6546415123,60640,"CHICAGO MIDWAY AIRPORT, IL US",34.0,31.0,89.0,0.0,2.0,16.0
crash_02901,2019-05-11 13:45:00,2019,5,May,Sat,13,Daytime,30,NO CONTROLS,CLEAR,DAYLIGHT,SIDESWIPE SAME DIRECTION,ONE-WAY,WET,NO INJURY / DRIVE AWAY,,,"$501 - $1,500",FAILING TO YIELD RIGHT-OF-WAY,2,NO INDICATION OF INJURY,0,0,41.9452389054,-87.6568153713,60657,"CHICAGO MIDWAY AIRPORT, IL US",50.0,38.0,63.0,0.0,10.0,3.0
crash_02902,2019-02-18 06:45:00,2019,2,Feb,Mon,6,Morning commute,30,NO CONTROLS,CLEAR,DAYLIGHT,PARKED MOTOR VEHICLE,PARKING LOT,SNOW OR SLUSH,NO INJURY / DRIVE AWAY,,,$500 OR LESS,WEATHER,2,NO INDICATION OF INJURY,0,0,41.8654561685,-87.6763573199,60608,"CHICAGO MIDWAY AIRPORT, IL US",23.0,21.0,93.0,0.0,1.75,10.0
crash_02903,2025-04-14 14:33:00,2025,4,Apr,Mon,14,Daytime,30,TRAFFIC SIGNAL,CLEAR,DAYLIGHT,ANGLE,FOUR WAY,DRY,INJURY AND / OR TOW DUE TO CRASH,true,,"OVER $1,500",DRIVING SKILLS/KNOWLEDGE/EXPERIENCE,2,NONINCAPACITATING INJURY,2,0,41.758245505,-87.626521907,60621,"CHICAGO MIDWAY AIRPORT, IL US",66.0,34.0,30.0,0.0,10.0,22.0
crash_02904,2019-05-06 17:55:00,2019,5,May,Mon,17,Evening commute,30,NO CONTROLS,CLEAR,DAYLIGHT,PEDALCYCLIST,DIVIDED - W/MEDIAN (NOT RAISED),DRY,NO INJURY / DRIVE AWAY,,,"$501 - $1,500",NOT APPLICABLE,2,NO INDICATION OF INJURY,0,0,41.8947953223,-87.6529483347,60642,"CHICAGO MIDWAY AIRPORT, IL US",52.0,42.0,69.0,0.0,10.0,10.0
crash_02905,2025-11-04 08:30:00,2025,11,Nov,Tue,8,Morning commute,25,NO CONTROLS,CLEAR,DAYLIGHT,PARKED MOTOR VEHICLE,NOT DIVIDED,DRY,NO INJURY / DRIVE AWAY,,true,"OVER $1,500",UNABLE TO DETERMINE,2,NO INDICATION OF INJURY,0,0,41.8095276453,-87.5972539931,60615,,,,,,,
crash_02906,2019-01-18 20:40:00,2019,1,Jan,Fri,20,Night or early morning,30,NO CONTROLS,CLEAR,"DARKNESS, LIGHTED ROAD",FIXED OBJECT,NOT DIVIDED,DRY,INJURY AND / OR TOW DUE TO CRASH,,,"OVER $1,500",DRIVING SKILLS/KNOWLEDGE/EXPERIENCE,1,NO INDICATION OF INJURY,0,0,41.7052986557,-87.7182805752,60655,"CHICAGO MIDWAY AIRPORT, IL US",30.0,25.0,82.0,0.0,10.0,16.0
crash_02907,2021-01-04 13:28:00,2021,1,Jan,Mon,13,Daytime,30,UNKNOWN,CLEAR,DAYLIGHT,SIDESWIPE OPPOSITE DIRECTION,FOUR WAY,UNKNOWN,INJURY AND / OR TOW DUE TO CRASH,true,,"OVER $1,500",NOT APPLICABLE,3,INCAPACITATING INJURY,1,0,41.8823480796,-87.7647844746,60644,"CHICAGO MIDWAY AIRPORT, IL US",30.0,26.0,85.0,0.0,4.0,14.0
crash_02908,2022-11-25 08:45:00,2022,11,Nov,Fri,8,Morning commute,30,TRAFFIC SIGNAL,CLEAR,DAYLIGHT,TURNING,NOT DIVIDED,DRY,INJURY AND / OR TOW DUE TO CRASH,,true,"OVER $1,500",UNABLE TO DETERMINE,2,NO INDICATION OF INJURY,0,0,41.960614513,-87.7474071554,60641,"CHICAGO OHARE INTERNATIONAL AIRPORT, IL US",38.0,32.0,79.0,0.0,10.0,8.0
crash_02909,2022-04-07 14:20:00,2022,4,Apr,Thu,14,Daytime,30,STOP SIGN/FLASHER,UNKNOWN,DAYLIGHT,ANGLE,UNKNOWN INTERSECTION TYPE,WET,INJURY AND / OR TOW DUE TO CRASH,true,,"OVER $1,500",FAILING TO YIELD RIGHT-OF-WAY,2,NO INDICATION OF INJURY,0,0,41.8898339228,-87.6769997238,60612,"CHICAGO MIDWAY AIRPORT, IL US",45.0,31.0,58.0,0.0,10.0,22.0
crash_02910,2022-09-30 07:35:00,2022,9,Sep,Fri,7,Morning commute,30,TRAFFIC SIGNAL,CLEAR,DAYLIGHT,ANGLE,NOT DIVIDED,DRY,NO INJURY / DRIVE AWAY,,,"OVER $1,500",UNABLE TO DETERMINE,4,NO INDICATION OF INJURY,0,0,41.9021791671,-87.716395571,60651,"CHICAGO MIDWAY AIRPORT, IL US",52.0,44.0,75.0,,10.0,5.0
crash_02911,2019-09-29 23:30:00,2019,9,Sep,Sun,23,Night or early morning,30,TRAFFIC SIGNAL,RAIN,"DARKNESS, LIGHTED ROAD",FIXED OBJECT,FOUR WAY,WET,INJURY AND / OR TOW DUE TO CRASH,true,false,"OVER $1,500",UNABLE TO DETERMINE,1,NO INDICATION OF INJURY,0,0,41.7653319477,-87.6265877695,60621,"CHICAGO MIDWAY AIRPORT, IL US",66.0,65.0,96.0,0.0,5.0,3.0
crash_02912,2021-10-12 08:30:00,2021,10,Oct,Tue,8,Morning commute,30,TRAFFIC SIGNAL,CLEAR,DAYLIGHT,REAR END,NOT DIVIDED,DRY,NO INJURY / DRIVE AWAY,,,"OVER $1,500",FOLLOWING TOO CLOSELY,2,NO INDICATION OF INJURY,0,0,41.9020329803,-87.7655035762,60651,"CHICAGO MIDWAY AIRPORT, IL US",62.0,59.0,90.0,0.0,4.0,13.0
crash_02913,2021-03-23 20:26:00,2021,3,Mar,Tue,20,Night or early morning,30,STOP SIGN/FLASHER,RAIN,"DARKNESS, LIGHTED ROAD",TURNING,FOUR WAY,WET,INJURY AND / OR TOW DUE TO CRASH,true,true,"OVER $1,500",FAILING TO YIELD RIGHT-OF-WAY,2,NONINCAPACITATING INJURY,1,0,41.8819844348,-87.7401630114,60644,"CHICAGO MIDWAY AIRPORT, IL US",57.0,49.0,74.0,0.0,10.0,15.0
crash_02914,2025-12-04 13:10:00,2025,12,Dec,Thu,13,Daytime,30,NO CONTROLS,CLEAR,DAYLIGHT,TURNING,NOT DIVIDED,DRY,NO INJURY / DRIVE AWAY,,,"OVER $1,500",UNABLE TO DETERMINE,2,NO INDICATION OF INJURY,0,0,41.9409091633,-87.63936916,60657,,,,,,,
crash_02915,2018-07-03 13:00:00,2018,7,Jul,Tue,13,Daytime,30,TRAFFIC SIGNAL,CLEAR,DAYLIGHT,SIDESWIPE SAME DIRECTION,ONE-WAY,DRY,NO INJURY / DRIVE AWAY,true,true,$500 OR LESS,FAILING TO YIELD RIGHT-OF-WAY,2,NO INDICATION OF INJURY,0,0,41.8560089905,-87.6438047455,60616,"CHICAGO MIDWAY AIRPORT, IL US",89.0,70.0,53.0,0.0,10.0,9.0
crash_02916,2020-08-28 22:16:00,2020,8,Aug,Fri,22,Night or early morning,30,NO CONTROLS,CLEAR,"DARKNESS, LIGHTED ROAD",PARKED MOTOR VEHICLE,NOT DIVIDED,DRY,NO INJURY / DRIVE AWAY,,,"OVER $1,500",UNABLE TO DETERMINE,2,NO INDICATION OF INJURY,0,0,41.9529789459,-87.7545372924,60641,"CHICAGO OHARE INTERNATIONAL AIRPORT, IL US",86.0,71.0,61.0,0.0,10.0,16.0
crash_02917,2020-06-30 18:35:00,2020,6,Jun,Tue,18,Evening commute,40,TRAFFIC SIGNAL,UNKNOWN,UNKNOWN,REAR END,DIVIDED - W/MEDIAN BARRIER,UNKNOWN,NO INJURY / DRIVE AWAY,,,"$501 - $1,500",UNABLE TO DETERMINE,2,NO INDICATION OF INJURY,0,0,41.8917694479,-87.6137695601,60611,"CHICAGO MIDWAY AIRPORT, IL US",83.0,70.0,65.0,0.0,10.0,14.0
crash_02918,2022-06-25 17:00:00,2022,6,Jun,Sat,17,Evening commute,30,NO CONTROLS,CLEAR,DAYLIGHT,ANGLE,ONE-WAY,DRY,NO INJURY / DRIVE AWAY,true,,"OVER $1,500",UNABLE TO DETERMINE,2,NO INDICATION OF INJURY,0,0,41.9972874179,-87.69733685,60659,"CHICAGO OHARE INTERNATIONAL AIRPORT, IL US",77.0,62.0,60.0,0.0,10.0,9.0
crash_02919,2020-08-20 15:18:00,2020,8,Aug,Thu,15,Evening commute,30,NO CONTROLS,CLEAR,DAYLIGHT,REAR TO FRONT,ONE-WAY,DRY,NO INJURY / DRIVE AWAY,,true,"OVER $1,500","OPERATING VEHICLE IN ERRATIC, RECKLESS, CARELESS, NEGLIGENT OR AGGRESSIVE MANNER",2,NO INDICATION OF INJURY,0,0,41.8639440954,-87.6271990367,60605,"CHICAGO MIDWAY AIRPORT, IL US",84.0,52.0,33.0,0.0,10.0,9.0
crash_02920,2019-12-09 07:53:00,2019,12,Dec,Mon,7,Morning commute,30,NO CONTROLS,OTHER,DAYLIGHT,TURNING,DIVIDED - W/MEDIAN (NOT RAISED),WET,INJURY AND / OR TOW DUE TO CRASH,,,"OVER $1,500",IMPROPER TURNING/NO SIGNAL,2,NONINCAPACITATING INJURY,4,0,41.8806456537,-87.7233709399,60624,"CHICAGO MIDWAY AIRPORT, IL US",47.0,45.0,93.0,0.0,3.0,10.0
crash_02921,2018-10-28 16:00:00,2018,10,Oct,Sun,16,Evening commute,30,NO CONTROLS,UNKNOWN,UNKNOWN,PARKED MOTOR VEHICLE,ONE-WAY,UNKNOWN,NO INJURY / DRIVE AWAY,,true,"$501 - $1,500",UNABLE TO DETERMINE,2,NO INDICATION OF INJURY,0,0,41.8651696508,-87.7079216121,60623,"CHICAGO MIDWAY AIRPORT, IL US",51.0,42.0,71.0,0.0,10.0,22.0
crash_02922,2023-10-06 08:40:00,2023,10,Oct,Fri,8,Morning commute,20,TRAFFIC SIGNAL,CLEAR,DAYLIGHT,PARKED MOTOR VEHICLE,NOT DIVIDED,DRY,NO INJURY / DRIVE AWAY,true,,"OVER $1,500",FAILING TO REDUCE SPEED TO AVOID CRASH,2,NO INDICATION OF INJURY,0,0,41.7690432179,-87.6443656616,60621,"CHICAGO MIDWAY AIRPORT, IL US",55.0,42.0,62.0,0.0,10.0,11.0
crash_02923,2023-07-04 21:05:00,2023,7,Jul,Tue,21,Night or early morning,30,TRAFFIC SIGNAL,CLEAR,"DARKNESS, LIGHTED ROAD",PEDESTRIAN,NOT DIVIDED,DRY,INJURY AND / OR TOW DUE TO CRASH,,true,"$501 - $1,500",FAILING TO YIELD RIGHT-OF-WAY,2,INCAPACITATING INJURY,1,0,41.8927155909,-87.6240443336,60611,"CHICAGO MIDWAY AIRPORT, IL US",86.0,65.0,49.0,0.0,10.0,6.0
crash_02924,2018-12-06 02:40:00,2018,12,Dec,Thu,2,Night or early morning,30,NO CONTROLS,CLEAR,"DARKNESS, LIGHTED ROAD",SIDESWIPE OPPOSITE DIRECTION,NOT DIVIDED,DRY,INJURY AND / OR TOW DUE TO CRASH,,true,"$501 - $1,500",FAILING TO YIELD RIGHT-OF-WAY,2,NO INDICATION OF INJURY,0,0,41.8982941402,-87.7211383963,60651,"CHICAGO MIDWAY AIRPORT, IL US",32.0,26.0,79.0,0.0,8.0,9.0
crash_02925,2023-02-03 12:25:00,2023,2,Feb,Fri,12,Daytime,10,NO CONTROLS,CLEAR,DAYLIGHT,SIDESWIPE OPPOSITE DIRECTION,PARKING LOT,DRY,NO INJURY / DRIVE AWAY,,true,$500 OR LESS,UNABLE TO DETERMINE,2,NO INDICATION OF INJURY,0,0,42.0101243749,-87.674369899,60626,"CHICAGO OHARE INTERNATIONAL AIRPORT, IL US",10.0,-13.0,34.0,0.0,10.0,0.0
crash_02926,2020-11-06 09:30:00,2020,11,Nov,Fri,9,Morning commute,25,NO CONTROLS,CLEAR,DAYLIGHT,PARKED MOTOR VEHICLE,ONE-WAY,DRY,NO INJURY / DRIVE AWAY,,,"OVER $1,500",UNABLE TO DETERMINE,2,NO INDICATION OF INJURY,0,0,41.8111661543,-87.6965913874,60632,"CHICAGO MIDWAY AIRPORT, IL US",62.0,46.0,56.0,0.0,10.0,8.0
crash_02927,2018-10-22 15:00:00,2018,10,Oct,Mon,15,Evening commute,25,NO CONTROLS,CLEAR,DAYLIGHT,REAR END,NOT DIVIDED,DRY,NO INJURY / DRIVE AWAY,,,$500 OR LESS,FOLLOWING TOO CLOSELY,2,NO INDICATION OF INJURY,0,0,41.7933738313,-87.7056020899,60629,"CHICAGO MIDWAY AIRPORT, IL US",62.0,37.0,40.0,0.0,10.0,7.0