crash_id,crash_datetime,crash_year,crash_month,crash_month_name,crash_weekday_name,crash_hour,time_period,posted_speed_limit_mph,traffic_control_device,reported_weather_condition,reported_lighting_condition,first_crash_type,trafficway_type,reported_road_surface_condition,crash_type,intersection_related,hit_and_run,estimated_damage,primary_contributory_cause,unit_count,most_severe_injury,injuries_total,injuries_fatal,latitude,longitude,zip5,weather_station_name,temperature_f,dew_point_f,relative_humidity_percent,precipitation_inches,visibility_miles,wind_speed_mph
crash_02928,2023-12-17 14:30:00,2023,12,Dec,Sun,14,Daytime,30,TRAFFIC SIGNAL,CLEAR,DAYLIGHT,SIDESWIPE SAME DIRECTION,FOUR WAY,DRY,NO INJURY / DRIVE AWAY,true,,"OVER $1,500",IMPROPER OVERTAKING/PASSING,2,NO INDICATION OF INJURY,0,0,41.8898747913,-87.6242597614,60611,"CHICAGO MIDWAY AIRPORT, IL US",43.0,37.0,80.0,,10.0,15.0
crash_02929,2025-06-03 08:42:00,2025,6,Jun,Tue,8,Morning commute,30,NO CONTROLS,CLEAR,DAYLIGHT,TURNING,DIVIDED - W/MEDIAN (NOT RAISED),DRY,NO INJURY / DRIVE AWAY,,true,"$501 - $1,500",IMPROPER TURNING/NO SIGNAL,2,NO INDICATION OF INJURY,0,0,41.7970581293,-87.7035951946,60632,"CHICAGO MIDWAY AIRPORT, IL US",77.0,60.0,56.0,0.0,10.0,11.0
crash_02930,2020-08-30 17:45:00,2020,8,Aug,Sun,17,Evening commute,30,NO CONTROLS,CLEAR,DAYLIGHT,REAR END,DIVIDED - W/MEDIAN (NOT RAISED),DRY,NO INJURY / DRIVE AWAY,true,,"OVER $1,500",FOLLOWING TOO CLOSELY,2,NO INDICATION OF INJURY,0,0,41.906618575,-87.7015014578,60622,"CHICAGO MIDWAY AIRPORT, IL US",73.0,56.0,55.0,0.0,10.0,13.0
crash_02931,2024-07-06 07:20:00,2024,7,Jul,Sat,7,Morning commute,15,NO CONTROLS,CLEAR,DAYLIGHT,REAR TO SIDE,ALLEY,DRY,NO INJURY / DRIVE AWAY,,,"OVER $1,500",IMPROPER BACKING,2,NO INDICATION OF INJURY,0,0,41.9712749067,-87.7673890076,60630,"CHICAGO OHARE INTERNATIONAL AIRPORT, IL US",67.0,62.0,84.0,0.0,10.0,6.0
crash_02932,2018-08-03 15:00:00,2018,8,Aug,Fri,15,Evening commute,30,UNKNOWN,CLEAR,DAYLIGHT,PEDESTRIAN,UNKNOWN,DRY,INJURY AND / OR TOW DUE TO CRASH,,false,$500 OR LESS,UNABLE TO DETERMINE,2,NONINCAPACITATING INJURY,1,0,41.7982853115,-87.7427677652,60632,"CHICAGO MIDWAY AIRPORT, IL US",85.0,63.0,48.0,0.0,10.0,13.0
crash_02933,2023-04-07 07:46:00,2023,4,Apr,Fri,7,Morning commute,30,NO CONTROLS,CLEAR,DAYLIGHT,REAR END,DIVIDED - W/MEDIAN (NOT RAISED),DRY,NO INJURY / DRIVE AWAY,,,"OVER $1,500",DISTRACTION - FROM INSIDE VEHICLE,2,NO INDICATION OF INJURY,0,0,41.9019558354,-87.7708395987,60651,"CHICAGO MIDWAY AIRPORT, IL US",40.0,30.0,68.0,0.0,10.0,10.0
crash_02934,2023-07-06 16:22:00,2023,7,Jul,Thu,16,Evening commute,30,TRAFFIC SIGNAL,CLEAR,DAYLIGHT,TURNING,NOT DIVIDED,DRY,NO INJURY / DRIVE AWAY,,,"OVER $1,500",FAILING TO YIELD RIGHT-OF-WAY,2,NO INDICATION OF INJURY,0,0,41.8453884528,-87.6384815129,60616,"CHICAGO MIDWAY AIRPORT, IL US",76.0,60.0,58.0,0.0,10.0,7.0
crash_02935,2021-04-07 10:00:00,2021,4,Apr,Wed,10,Daytime,30,NO CONTROLS,CLEAR,DAYLIGHT,ANGLE,NOT DIVIDED,DRY,NO INJURY / DRIVE AWAY,,,"OVER $1,500",FAILING TO YIELD RIGHT-OF-WAY,2,NO INDICATION OF INJURY,0,0,41.7779506374,-87.7726613302,60638,"CHICAGO MIDWAY AIRPORT, IL US",71.0,51.0,49.0,0.0,10.0,13.0
crash_02936,2021-05-24 19:30:00,2021,5,May,Mon,19,Night or early morning,30,NO CONTROLS,CLEAR,DAYLIGHT,PARKED MOTOR VEHICLE,NOT DIVIDED,DRY,INJURY AND / OR TOW DUE TO CRASH,,,"OVER $1,500",UNABLE TO DETERMINE,2,NONINCAPACITATING INJURY,1,0,41.9367301781,-87.7760081864,60634,"CHICAGO OHARE INTERNATIONAL AIRPORT, IL US",85.0,55.0,36.0,0.0,10.0,7.0
crash_02937,2025-03-29 06:05:00,2025,3,Mar,Sat,6,Morning commute,30,NO CONTROLS,CLEAR,DAWN,FIXED OBJECT,NOT DIVIDED,DRY,NO INJURY / DRIVE AWAY,,,"$501 - $1,500",EQUIPMENT - VEHICLE CONDITION,2,NO INDICATION OF INJURY,0,0,41.7852023469,-87.7662597217,60638,"CHICAGO MIDWAY AIRPORT, IL US",63.0,50.0,63.0,0.0,10.0,13.0
crash_02938,2021-06-14 15:15:00,2021,6,Jun,Mon,15,Evening commute,30,NO CONTROLS,CLEAR,DAYLIGHT,PARKED MOTOR VEHICLE,DIVIDED - W/MEDIAN (NOT RAISED),DRY,NO INJURY / DRIVE AWAY,,true,"OVER $1,500",UNABLE TO DETERMINE,2,NO INDICATION OF INJURY,0,0,41.9092858621,-87.782702909,60639,"CHICAGO OHARE INTERNATIONAL AIRPORT, IL US",79.0,54.0,42.0,0.0,10.0,17.0
crash_02939,2021-05-05 09:01:00,2021,5,May,Wed,9,Morning commute,30,NO CONTROLS,CLEAR,DAYLIGHT,PARKED MOTOR VEHICLE,NOT DIVIDED,DRY,NO INJURY / DRIVE AWAY,,,"$501 - $1,500",IMPROPER OVERTAKING/PASSING,2,NO INDICATION OF INJURY,0,0,41.9102784104,-87.6827698497,60622,"CHICAGO MIDWAY AIRPORT, IL US",51.0,35.0,54.0,0.0,10.0,14.0
crash_02940,2021-08-24 14:00:00,2021,8,Aug,Tue,14,Daytime,30,UNKNOWN,UNKNOWN,UNKNOWN,OTHER OBJECT,UNKNOWN,UNKNOWN,NO INJURY / DRIVE AWAY,,false,"$501 - $1,500",IMPROPER BACKING,1,NO INDICATION OF INJURY,0,0,41.9474004564,-87.651512018,60613,"CHICAGO MIDWAY AIRPORT, IL US",95.0,71.0,46.0,0.0,10.0,17.0
crash_02941,2018-01-09 10:58:00,2018,1,Jan,Tue,10,Daytime,30,STOP SIGN/FLASHER,CLEAR,DAYLIGHT,ANGLE,OTHER,DRY,INJURY AND / OR TOW DUE TO CRASH,true,,"OVER $1,500",FAILING TO YIELD RIGHT-OF-WAY,2,NO INDICATION OF INJURY,0,0,41.7861310413,-87.7047083476,60629,"CHICAGO MIDWAY AIRPORT, IL US",29.0,28.0,96.0,0.0,1.75,5.0
crash_02942,2019-08-22 20:56:00,2019,8,Aug,Thu,20,Night or early morning,30,NO CONTROLS,CLEAR,"DARKNESS, LIGHTED ROAD",SIDESWIPE SAME DIRECTION,NOT DIVIDED,DRY,INJURY AND / OR TOW DUE TO CRASH,,,"OVER $1,500",UNABLE TO DETERMINE,2,NO INDICATION OF INJURY,0,0,41.9477356334,-87.678724343,60618,"CHICAGO MIDWAY AIRPORT, IL US",70.0,53.0,55.0,0.0,10.0,11.0
crash_02943,2024-04-30 17:09:00,2024,4,Apr,Tue,17,Evening commute,30,TRAFFIC SIGNAL,CLEAR,DAYLIGHT,REAR END,ONE-WAY,DRY,NO INJURY / DRIVE AWAY,true,,"OVER $1,500",FOLLOWING TOO CLOSELY,3,NO INDICATION OF INJURY,0,0,41.7945610058,-87.6316351113,60609,"CHICAGO MIDWAY AIRPORT, IL US",74.0,51.0,45.0,0.0,10.0,6.0
crash_02944,2019-03-04 17:45:00,2019,3,Mar,Mon,17,Evening commute,25,NO CONTROLS,CLEAR,"DARKNESS, LIGHTED ROAD",PARKED MOTOR VEHICLE,ONE-WAY,DRY,NO INJURY / DRIVE AWAY,,,$500 OR LESS,IMPROPER OVERTAKING/PASSING,2,NO INDICATION OF INJURY,0,0,41.9388260753,-87.6424785809,60657,"CHICAGO MIDWAY AIRPORT, IL US",12.0,-1.0,56.0,0.0,10.0,16.0
crash_02945,2019-11-21 16:00:00,2019,11,Nov,Thu,16,Evening commute,25,NO CONTROLS,CLEAR,DAYLIGHT,PARKED MOTOR VEHICLE,ONE-WAY,DRY,NO INJURY / DRIVE AWAY,,,"OVER $1,500",IMPROPER BACKING,2,NO INDICATION OF INJURY,0,0,41.7457182527,-87.6022043385,60619,"CHICAGO MIDWAY AIRPORT, IL US",50.0,43.0,77.0,0.0,10.0,22.0
crash_02946,2018-11-16 16:19:00,2018,11,Nov,Fri,16,Evening commute,30,TRAFFIC SIGNAL,CLEAR,DUSK,REAR END,NOT DIVIDED,DRY,NO INJURY / DRIVE AWAY,true,,"$501 - $1,500",UNABLE TO DETERMINE,2,NO INDICATION OF INJURY,0,0,41.8846863716,-87.6866766609,60612,"CHICAGO MIDWAY AIRPORT, IL US",39.0,30.0,70.0,0.0,10.0,11.0
crash_02947,2023-10-03 18:37:00,2023,10,Oct,Tue,18,Evening commute,30,NO CONTROLS,CLEAR,"DARKNESS, LIGHTED ROAD",REAR END,DIVIDED - W/MEDIAN BARRIER,UNKNOWN,INJURY AND / OR TOW DUE TO CRASH,,,"$501 - $1,500",UNABLE TO DETERMINE,2,NONINCAPACITATING INJURY,1,0,41.8753750158,-87.7256342826,60624,"CHICAGO MIDWAY AIRPORT, IL US",84.0,54.0,36.0,0.0,10.0,7.0
crash_02948,2020-06-04 02:45:00,2020,6,Jun,Thu,2,Night or early morning,35,TRAFFIC SIGNAL,CLEAR,DARKNESS,ANGLE,DIVIDED - W/MEDIAN (NOT RAISED),DRY,NO INJURY / DRIVE AWAY,false,true,$500 OR LESS,NOT APPLICABLE,2,NO INDICATION OF INJURY,0,0,41.7654659279,-87.6280736816,60621,"CHICAGO MIDWAY AIRPORT, IL US",72.0,64.0,76.0,0.0,10.0,7.0
crash_02949,2024-10-10 08:50:00,2024,10,Oct,Thu,8,Morning commute,30,UNKNOWN,UNKNOWN,UNKNOWN,SIDESWIPE SAME DIRECTION,DIVIDED - W/MEDIAN BARRIER,UNKNOWN,NO INJURY / DRIVE AWAY,,true,"OVER $1,500",UNABLE TO DETERMINE,2,NO INDICATION OF INJURY,0,0,41.8604499335,-87.6174881929,60605,"CHICAGO MIDWAY AIRPORT, IL US",60.0,40.0,47.0,0.0,10.0,8.0
crash_02950,2018-02-18 01:30:00,2018,2,Feb,Sun,1,Night or early morning,5,NO CONTROLS,CLEAR,"DARKNESS, LIGHTED ROAD",REAR END,PARKING LOT,WET,NO INJURY / DRIVE AWAY,,true,"$501 - $1,500",PHYSICAL CONDITION OF DRIVER,3,NO INDICATION OF INJURY,0,0,41.9304965319,-87.7095113245,60647,"CHICAGO MIDWAY AIRPORT, IL US",25.0,21.0,85.0,0.0,10.0,7.0
crash_02951,2024-07-25 15:30:00,2024,7,Jul,Thu,15,Evening commute,20,NO CONTROLS,CLEAR,DAYLIGHT,REAR END,PARKING LOT,UNKNOWN,NO INJURY / DRIVE AWAY,,,"OVER $1,500",UNABLE TO DETERMINE,2,NO INDICATION OF INJURY,0,0,41.8662541761,-87.6665241401,60608,"CHICAGO MIDWAY AIRPORT, IL US",77.0,56.0,48.0,0.0,10.0,11.0
crash_02952,2025-07-30 13:35:00,2025,7,Jul,Wed,13,Daytime,20,NO CONTROLS,CLEAR,DAYLIGHT,ANGLE,PARKING LOT,DRY,NO INJURY / DRIVE AWAY,,,"OVER $1,500",FAILING TO YIELD RIGHT-OF-WAY,2,NO INDICATION OF INJURY,0,0,41.8776585742,-87.6815901918,60612,"CHICAGO MIDWAY AIRPORT, IL US",77.0,71.0,82.0,,5.0,14.0
crash_02953,2022-06-27 01:50:00,2022,6,Jun,Mon,1,Night or early morning,30,TRAFFIC SIGNAL,CLEAR,"DARKNESS, LIGHTED ROAD",REAR END,FOUR WAY,DRY,NO INJURY / DRIVE AWAY,true,,"OVER $1,500",FOLLOWING TOO CLOSELY,2,NO INDICATION OF INJURY,0,0,41.7559957905,-87.6443282389,60620,"CHICAGO MIDWAY AIRPORT, IL US",66.0,48.0,52.0,0.0,10.0,6.0
crash_02954,2020-04-22 17:21:00,2020,4,Apr,Wed,17,Evening commute,30,NO CONTROLS,CLEAR,DAYLIGHT,PARKED MOTOR VEHICLE,NOT DIVIDED,WET,NO INJURY / DRIVE AWAY,,,"OVER $1,500",DRIVING SKILLS/KNOWLEDGE/EXPERIENCE,2,NO INDICATION OF INJURY,0,0,41.7596959366,-87.6545762508,60636,"CHICAGO MIDWAY AIRPORT, IL US",59.0,45.0,60.0,0.01,10.0,0.0
crash_02955,2023-07-11 14:25:00,2023,7,Jul,Tue,14,Daytime,30,TRAFFIC SIGNAL,RAIN,DAYLIGHT,REAR END,FOUR WAY,WET,NO INJURY / DRIVE AWAY,,,"OVER $1,500",UNABLE TO DETERMINE,2,NO INDICATION OF INJURY,0,0,41.8589853547,-87.7242107693,60623,"CHICAGO MIDWAY AIRPORT, IL US",71.0,66.0,84.0,0.0,8.0,22.0
crash_02956,2019-02-07 08:00:00,2019,2,Feb,Thu,8,Morning commute,30,NO CONTROLS,RAIN,DAYLIGHT,SIDESWIPE SAME DIRECTION,NOT DIVIDED,WET,NO INJURY / DRIVE AWAY,,,"OVER $1,500",WEATHER,2,NO INDICATION OF INJURY,0,0,41.7889771605,-87.7620175309,60638,"CHICAGO MIDWAY AIRPORT, IL US",37.0,36.0,96.0,0.01,4.0,8.0
crash_02957,2019-01-28 14:45:00,2019,1,Jan,Mon,14,Daytime,20,STOP SIGN/FLASHER,SNOW,DAYLIGHT,REAR END,NOT DIVIDED,WET,NO INJURY / DRIVE AWAY,,,"OVER $1,500",FOLLOWING TOO CLOSELY,2,NO INDICATION OF INJURY,0,0,41.7935330642,-87.6158030549,60637,"CHICAGO MIDWAY AIRPORT, IL US",22.0,18.0,85.0,0.0,5.0,21.0
crash_02958,2024-04-01 09:35:00,2024,4,Apr,Mon,9,Morning commute,30,TRAFFIC SIGNAL,CLOUDY/OVERCAST,DAYLIGHT,TURNING,NOT DIVIDED,DRY,NO INJURY / DRIVE AWAY,,,"OVER $1,500",IMPROPER TURNING/NO SIGNAL,2,NO INDICATION OF INJURY,0,0,41.97517108,-87.7521602452,60630,"CHICAGO OHARE INTERNATIONAL AIRPORT, IL US",46.0,40.0,79.0,0.0,9.0,14.0
crash_02959,2018-09-14 13:40:00,2018,9,Sep,Fri,13,Daytime,30,TRAFFIC SIGNAL,CLEAR,DAYLIGHT,TURNING,DIVIDED - W/MEDIAN (NOT RAISED),DRY,NO INJURY / DRIVE AWAY,,,"OVER $1,500",DISREGARDING TRAFFIC SIGNALS,2,NO INDICATION OF INJURY,0,0,41.9971781704,-87.748379749,60646,"CHICAGO OHARE INTERNATIONAL AIRPORT, IL US",85.0,61.0,45.0,0.0,10.0,5.0
crash_02960,2020-06-05 14:45:00,2020,6,Jun,Fri,14,Daytime,5,STOP SIGN/FLASHER,CLEAR,DAYLIGHT,SIDESWIPE SAME DIRECTION,DIVIDED - W/MEDIAN (NOT RAISED),DRY,NO INJURY / DRIVE AWAY,,,"OVER $1,500",DRIVING SKILLS/KNOWLEDGE/EXPERIENCE,2,NO INDICATION OF INJURY,0,0,41.9529935546,-87.7885949208,60634,"CHICAGO OHARE INTERNATIONAL AIRPORT, IL US",89.0,61.0,39.0,0.0,10.0,11.0
crash_02961,2023-07-18 13:35:00,2023,7,Jul,Tue,13,Daytime,30,NO CONTROLS,CLEAR,UNKNOWN,REAR END,NOT DIVIDED,DRY,NO INJURY / DRIVE AWAY,,,"$501 - $1,500",IMPROPER OVERTAKING/PASSING,2,NO INDICATION OF INJURY,0,0,41.9578410887,-87.7507769874,60641,"CHICAGO OHARE INTERNATIONAL AIRPORT, IL US",79.0,54.0,42.0,0.0,10.0,5.0
crash_02962,2021-07-02 08:07:00,2021,7,Jul,Fri,8,Morning commute,30,STOP SIGN/FLASHER,CLEAR,DAYLIGHT,TURNING,FOUR WAY,DRY,INJURY AND / OR TOW DUE TO CRASH,true,true,"OVER $1,500",UNABLE TO DETERMINE,3,"REPORTED, NOT EVIDENT",2,0,41.8658856645,-87.7374859002,60623,"CHICAGO MIDWAY AIRPORT, IL US",67.0,56.0,68.0,0.0,10.0,8.0
crash_02963,2019-09-01 04:14:00,2019,9,Sep,Sun,4,Night or early morning,30,NO CONTROLS,RAIN,"DARKNESS, LIGHTED ROAD",PARKED MOTOR VEHICLE,NOT DIVIDED,WET,NO INJURY / DRIVE AWAY,,,"$501 - $1,500",WEATHER,2,NO INDICATION OF INJURY,0,0,41.8041131548,-87.6649975618,60609,"CHICAGO MIDWAY AIRPORT, IL US",62.0,60.0,93.0,0.15,2.0,8.0
crash_02964,2021-01-29 11:05:00,2021,1,Jan,Fri,11,Daytime,35,TRAFFIC SIGNAL,CLEAR,DAYLIGHT,SIDESWIPE OPPOSITE DIRECTION,NOT DIVIDED,DRY,NO INJURY / DRIVE AWAY,,,"OVER $1,500",DRIVING ON WRONG SIDE/WRONG WAY,2,NO INDICATION OF INJURY,0,0,41.9039314218,-87.6366077556,60610,"CHICAGO MIDWAY AIRPORT, IL US",27.0,8.0,45.0,0.0,10.0,7.0
crash_02965,2019-04-03 09:00:00,2019,4,Apr,Wed,9,Morning commute,30,NO CONTROLS,CLEAR,DAYLIGHT,TURNING,NOT DIVIDED,DRY,INJURY AND / OR TOW DUE TO CRASH,,,"OVER $1,500",IMPROPER TURNING/NO SIGNAL,2,"REPORTED, NOT EVIDENT",1,0,41.8818352744,-87.7340984584,60624,"CHICAGO MIDWAY AIRPORT, IL US",45.0,26.0,48.0,0.0,10.0,8.0
crash_02966,2018-06-08 08:12:00,2018,6,Jun,Fri,8,Morning commute,30,TRAFFIC SIGNAL,CLEAR,DAYLIGHT,SIDESWIPE SAME DIRECTION,CENTER TURN LANE,DRY,NO INJURY / DRIVE AWAY,,true,"OVER $1,500",UNABLE TO DETERMINE,2,NO INDICATION OF INJURY,0,0,41.7791287077,-87.683489884,60636,"CHICAGO MIDWAY AIRPORT, IL US",63.0,55.0,75.0,,10.0,8.0
crash_02967,2018-12-12 07:35:00,2018,12,Dec,Wed,7,Morning commute,30,TRAFFIC SIGNAL,CLEAR,DAYLIGHT,REAR END,NOT DIVIDED,WET,INJURY AND / OR TOW DUE TO CRASH,,,"OVER $1,500",FOLLOWING TOO CLOSELY,3,"REPORTED, NOT EVIDENT",1,0,41.8803452764,-87.7650113352,60644,"CHICAGO MIDWAY AIRPORT, IL US",37.0,30.0,76.0,0.0,10.0,15.0
crash_02968,2024-05-26 00:14:00,2024,5,May,Sun,0,Night or early morning,35,TRAFFIC SIGNAL,CLEAR,"DARKNESS, LIGHTED ROAD",ANGLE,FOUR WAY,DRY,INJURY AND / OR TOW DUE TO CRASH,true,,"OVER $1,500",UNABLE TO DETERMINE,2,NONINCAPACITATING INJURY,2,0,41.7726154357,-87.6300996776,60621,"CHICAGO MIDWAY AIRPORT, IL US",62.0,43.0,50.0,0.0,10.0,7.0
crash_02969,2025-05-08 12:40:00,2025,5,May,Thu,12,Daytime,30,NO CONTROLS,CLEAR,DAYLIGHT,PARKED MOTOR VEHICLE,PARKING LOT,DRY,NO INJURY / DRIVE AWAY,,,"OVER $1,500",NOT APPLICABLE,2,NO INDICATION OF INJURY,0,0,41.9062588709,-87.7263534764,60651,"CHICAGO MIDWAY AIRPORT, IL US",58.0,39.0,50.0,0.0,10.0,21.0
crash_02970,2019-07-17 11:41:00,2019,7,Jul,Wed,11,Daytime,25,NO CONTROLS,CLEAR,DAYLIGHT,FIXED OBJECT,ALLEY,DRY,NO INJURY / DRIVE AWAY,,,"$501 - $1,500",UNABLE TO DETERMINE,2,NO INDICATION OF INJURY,0,0,41.6839859317,-87.6323004488,60628,"CHICAGO MIDWAY AIRPORT, IL US",87.0,72.0,61.0,0.0,10.0,3.0
crash_02971,2023-06-07 18:45:00,2023,6,Jun,Wed,18,Evening commute,30,NO CONTROLS,CLEAR,DUSK,REAR TO FRONT,T-INTERSECTION,DRY,NO INJURY / DRIVE AWAY,,,"OVER $1,500",IMPROPER BACKING,2,NO INDICATION OF INJURY,0,0,41.7695427988,-87.7323412246,60629,"CHICAGO MIDWAY AIRPORT, IL US",65.0,39.0,39.0,0.0,10.0,18.0
crash_02972,2019-10-30 11:30:00,2019,10,Oct,Wed,11,Daytime,30,TRAFFIC SIGNAL,FREEZING RAIN/DRIZZLE,DAYLIGHT,REAR END,NOT DIVIDED,WET,NO INJURY / DRIVE AWAY,,,"$501 - $1,500",UNABLE TO DETERMINE,2,NO INDICATION OF INJURY,0,0,41.8961387343,-87.6563457132,60642,"CHICAGO MIDWAY AIRPORT, IL US",40.0,36.0,86.0,0.02,9.0,10.0
crash_02973,2024-05-17 11:47:00,2024,5,May,Fri,11,Daytime,30,STOP SIGN/FLASHER,CLEAR,DAYLIGHT,TURNING,RAMP,DRY,INJURY AND / OR TOW DUE TO CRASH,,,"OVER $1,500",UNABLE TO DETERMINE,2,NO INDICATION OF INJURY,0,0,41.6860715901,-87.6005838245,60628,"CHICAGO MIDWAY AIRPORT, IL US",77.0,54.0,45.0,0.0,10.0,6.0
crash_02974,2020-10-10 17:48:00,2020,10,Oct,Sat,17,Evening commute,15,NO CONTROLS,CLEAR,DAYLIGHT,ANGLE,PARKING LOT,DRY,NO INJURY / DRIVE AWAY,,,"OVER $1,500",IMPROPER BACKING,2,NO INDICATION OF INJURY,0,0,41.8667249065,-87.6858425533,60612,"CHICAGO MIDWAY AIRPORT, IL US",61.0,48.0,63.0,0.0,10.0,15.0
crash_02975,2021-08-16 09:00:00,2021,8,Aug,Mon,9,Morning commute,25,NO CONTROLS,CLEAR,DAYLIGHT,PARKED MOTOR VEHICLE,ONE-WAY,DRY,NO INJURY / DRIVE AWAY,,true,"OVER $1,500",UNABLE TO DETERMINE,2,NO INDICATION OF INJURY,0,0,41.8791159686,-87.6984844411,60612,"CHICAGO MIDWAY AIRPORT, IL US",74.0,54.0,50.0,0.0,10.0,3.0
crash_02976,2024-12-29 15:55:00,2024,12,Dec,Sun,15,Evening commute,30,TRAFFIC SIGNAL,RAIN,DUSK,ANGLE,FOUR WAY,WET,INJURY AND / OR TOW DUE TO CRASH,true,,"OVER $1,500",DISREGARDING TRAFFIC SIGNALS,3,"REPORTED, NOT EVIDENT",1,0,41.8696551844,-87.6438859021,60607,"CHICAGO MIDWAY AIRPORT, IL US",43.0,39.0,86.0,0.08,7.0,17.0
crash_02977,2018-03-13 16:30:00,2018,3,Mar,Tue,16,Evening commute,30,UNKNOWN,CLEAR,DAYLIGHT,REAR END,UNKNOWN,UNKNOWN,NO INJURY / DRIVE AWAY,,true,$500 OR LESS,UNABLE TO DETERMINE,2,NO INDICATION OF INJURY,0,0,41.9452211891,-87.7570220656,60641,"CHICAGO OHARE INTERNATIONAL AIRPORT, IL US",28.0,24.0,85.0,0.02,6.0,11.0
crash_02978,2021-09-21 08:27:00,2021,9,Sep,Tue,8,Morning commute,25,OTHER WARNING SIGN,RAIN,DAYLIGHT,HEAD ON,ONE-WAY,WET,NO INJURY / DRIVE AWAY,,true,"$501 - $1,500",FAILING TO YIELD RIGHT-OF-WAY,2,NO INDICATION OF INJURY,0,0,41.9130056588,-87.7605350708,60639,"CHICAGO MIDWAY AIRPORT, IL US",63.0,59.0,87.0,0.01,3.0,21.0
crash_02979,2024-12-04 06:40:00,2024,12,Dec,Wed,6,Morning commute,30,TRAFFIC SIGNAL,CLOUDY/OVERCAST,DAYLIGHT,TURNING,DIVIDED - W/MEDIAN (NOT RAISED),DRY,NO INJURY / DRIVE AWAY,,,"OVER $1,500",FAILING TO YIELD RIGHT-OF-WAY,2,NO INDICATION OF INJURY,0,0,41.931168607,-87.7661815817,60639,"CHICAGO OHARE INTERNATIONAL AIRPORT, IL US",27.0,20.0,75.0,,10.0,14.0
crash_02980,2025-06-20 21:30:00,2025,6,Jun,Fri,21,Night or early morning,30,NO CONTROLS,CLEAR,"DARKNESS, LIGHTED ROAD",TURNING,ONE-WAY,DRY,NO INJURY / DRIVE AWAY,,,"OVER $1,500",UNABLE TO DETERMINE,2,NO INDICATION OF INJURY,0,0,41.9000899285,-87.6257849792,60611,"CHICAGO MIDWAY AIRPORT, IL US",81.0,65.0,58.0,0.0,10.0,11.0
crash_02981,2019-06-17 00:06:00,2019,6,Jun,Mon,0,Night or early morning,30,TRAFFIC SIGNAL,CLEAR,UNKNOWN,TURNING,DIVIDED - W/MEDIAN (NOT RAISED),DRY,NO INJURY / DRIVE AWAY,true,,"$501 - $1,500",FAILING TO YIELD RIGHT-OF-WAY,2,NO INDICATION OF INJURY,0,0,41.7755057585,-87.683691462,60629,"CHICAGO MIDWAY AIRPORT, IL US",56.0,53.0,90.0,0.0,10.0,9.0
crash_02982,2022-10-10 10:00:00,2022,10,Oct,Mon,10,Daytime,25,NO CONTROLS,CLEAR,DAYLIGHT,PARKED MOTOR VEHICLE,ONE-WAY,DRY,NO INJURY / DRIVE AWAY,,true,"OVER $1,500",UNABLE TO DETERMINE,2,NO INDICATION OF INJURY,0,0,41.8980495797,-87.7358230827,60651,"CHICAGO MIDWAY AIRPORT, IL US",62.0,42.0,48.0,0.0,10.0,6.0
crash_02983,2025-10-21 16:25:00,2025,10,Oct,Tue,16,Evening commute,10,NO CONTROLS,RAIN,DUSK,SIDESWIPE SAME DIRECTION,PARKING LOT,WET,NO INJURY / DRIVE AWAY,,,$500 OR LESS,DRIVING SKILLS/KNOWLEDGE/EXPERIENCE,2,NO INDICATION OF INJURY,0,0,41.975912899,-87.6924941747,60625,,,,,,,
crash_02984,2020-01-22 07:30:00,2020,1,Jan,Wed,7,Morning commute,25,STOP SIGN/FLASHER,CLEAR,DAYLIGHT,ANGLE,NOT DIVIDED,DRY,INJURY AND / OR TOW DUE TO CRASH,true,,"OVER $1,500",UNABLE TO DETERMINE,2,NO INDICATION OF INJURY,0,0,41.9707938811,-87.6989111364,60625,"CHICAGO OHARE INTERNATIONAL AIRPORT, IL US",24.0,18.0,77.0,0.0,10.0,11.0
crash_02985,2020-06-04 16:00:00,2020,6,Jun,Thu,16,Evening commute,30,TRAFFIC SIGNAL,CLEAR,DAYLIGHT,REAR END,NOT DIVIDED,DRY,NO INJURY / DRIVE AWAY,true,,$500 OR LESS,FOLLOWING TOO CLOSELY,2,NO INDICATION OF INJURY,0,0,41.9242157972,-87.7562107546,60639,"CHICAGO OHARE INTERNATIONAL AIRPORT, IL US",86.0,62.0,45.0,0.0,10.0,6.0
crash_02986,2019-06-29 17:15:00,2019,6,Jun,Sat,17,Evening commute,35,NO CONTROLS,CLEAR,DAYLIGHT,PARKED MOTOR VEHICLE,ONE-WAY,DRY,INJURY AND / OR TOW DUE TO CRASH,,,"OVER $1,500",IMPROPER LANE USAGE,2,NO INDICATION OF INJURY,0,0,41.8665759486,-87.7202785994,60624,"CHICAGO MIDWAY AIRPORT, IL US",83.0,69.0,63.0,0.0,10.0,11.0
crash_02987,2022-03-18 19:06:00,2022,3,Mar,Fri,19,Night or early morning,30,NO CONTROLS,CLEAR,"DARKNESS, LIGHTED ROAD",REAR END,NOT DIVIDED,WET,INJURY AND / OR TOW DUE TO CRASH,,,"OVER $1,500",FAILING TO YIELD RIGHT-OF-WAY,2,NO INDICATION OF INJURY,0,0,41.9314232362,-87.763573271,60641,"CHICAGO OHARE INTERNATIONAL AIRPORT, IL US",41.0,37.0,86.0,0.0,9.0,16.0
crash_02988,2024-02-28 08:40:00,2024,2,Feb,Wed,8,Morning commute,30,STOP SIGN/FLASHER,CLEAR,DAYLIGHT,ANGLE,UNKNOWN INTERSECTION TYPE,DRY,INJURY AND / OR TOW DUE TO CRASH,true,,"OVER $1,500",NOT APPLICABLE,2,NO INDICATION OF INJURY,0,0,41.9973882526,-87.7032305304,60659,"CHICAGO OHARE INTERNATIONAL AIRPORT, IL US",22.0,11.0,63.0,,10.0,22.0