crash_id,crash_datetime,crash_year,crash_month,crash_month_name,crash_weekday_name,crash_hour,time_period,posted_speed_limit_mph,traffic_control_device,reported_weather_condition,reported_lighting_condition,first_crash_type,trafficway_type,reported_road_surface_condition,crash_type,intersection_related,hit_and_run,estimated_damage,primary_contributory_cause,unit_count,most_severe_injury,injuries_total,injuries_fatal,latitude,longitude,zip5,weather_station_name,temperature_f,dew_point_f,relative_humidity_percent,precipitation_inches,visibility_miles,wind_speed_mph
crash_02989,2018-02-11 01:35:00,2018,2,Feb,Sun,1,Night or early morning,30,TRAFFIC SIGNAL,SNOW,"DARKNESS, LIGHTED ROAD",TURNING,DIVIDED - W/MEDIAN (NOT RAISED),SNOW OR SLUSH,INJURY AND / OR TOW DUE TO CRASH,true,,"OVER $1,500",FAILING TO YIELD RIGHT-OF-WAY,2,NO INDICATION OF INJURY,0,0,41.9446528361,-87.8363646003,60634,"CHICAGO OHARE INTERNATIONAL AIRPORT, IL US",19.0,17.0,92.0,0.06,0.5,6.0
crash_02990,2022-03-25 12:02:00,2022,3,Mar,Fri,12,Daytime,25,NO CONTROLS,CLEAR,DAYLIGHT,SIDESWIPE SAME DIRECTION,FOUR WAY,DRY,NO INJURY / DRIVE AWAY,,true,$500 OR LESS,UNABLE TO DETERMINE,2,NO INDICATION OF INJURY,0,0,41.8845790331,-87.6246047272,60601,"CHICAGO MIDWAY AIRPORT, IL US",48.0,35.0,61.0,0.0,10.0,14.0
crash_02991,2022-12-03 13:51:00,2022,12,Dec,Sat,13,Daytime,30,UNKNOWN,CLEAR,DAYLIGHT,REAR END,NOT DIVIDED,DRY,INJURY AND / OR TOW DUE TO CRASH,,,"OVER $1,500",FOLLOWING TOO CLOSELY,3,INCAPACITATING INJURY,2,0,41.9612560146,-87.6849786859,60618,"CHICAGO OHARE INTERNATIONAL AIRPORT, IL US",32.0,9.0,38.0,0.0,10.0,13.0
crash_02992,2019-09-16 17:51:00,2019,9,Sep,Mon,17,Evening commute,30,NO CONTROLS,CLEAR,DAYLIGHT,PEDALCYCLIST,NOT DIVIDED,DRY,NO INJURY / DRIVE AWAY,,,"$501 - $1,500",NOT APPLICABLE,2,NO INDICATION OF INJURY,0,0,41.8004408896,-87.7333159382,60632,"CHICAGO MIDWAY AIRPORT, IL US",73.0,65.0,76.0,0.0,10.0,6.0
crash_02993,2023-04-15 11:21:00,2023,4,Apr,Sat,11,Daytime,30,TRAFFIC SIGNAL,CLEAR,DAYLIGHT,REAR END,FOUR WAY,DRY,NO INJURY / DRIVE AWAY,,,"$501 - $1,500",FAILING TO REDUCE SPEED TO AVOID CRASH,2,NO INDICATION OF INJURY,0,0,42.0049227947,-87.6901287993,60645,"CHICAGO OHARE INTERNATIONAL AIRPORT, IL US",76.0,53.0,45.0,0.0,10.0,10.0
crash_02994,2020-03-23 07:40:00,2020,3,Mar,Mon,7,Morning commute,30,TRAFFIC SIGNAL,SNOW,DAYLIGHT,SIDESWIPE SAME DIRECTION,NOT DIVIDED,WET,NO INJURY / DRIVE AWAY,,,"OVER $1,500",FOLLOWING TOO CLOSELY,2,NO INDICATION OF INJURY,0,0,41.9666077736,-87.6886964222,60625,"CHICAGO OHARE INTERNATIONAL AIRPORT, IL US",33.0,31.0,92.0,,4.0,5.0
crash_02995,2019-09-27 10:17:00,2019,9,Sep,Fri,10,Daytime,30,NO CONTROLS,CLEAR,DAYLIGHT,REAR END,NOT DIVIDED,DRY,NO INJURY / DRIVE AWAY,,,"$501 - $1,500",IMPROPER BACKING,2,NO INDICATION OF INJURY,0,0,41.9646620401,-87.6546333588,60640,"CHICAGO MIDWAY AIRPORT, IL US",68.0,47.0,47.0,0.0,10.0,11.0
crash_02996,2019-04-27 08:22:00,2019,4,Apr,Sat,8,Morning commute,30,TRAFFIC SIGNAL,CLEAR,DAYLIGHT,REAR END,DIVIDED - W/MEDIAN (NOT RAISED),DRY,INJURY AND / OR TOW DUE TO CRASH,,true,"OVER $1,500",UNABLE TO DETERMINE,3,NONINCAPACITATING INJURY,1,0,41.9190940131,-87.7463239656,60639,"CHICAGO MIDWAY AIRPORT, IL US",42.0,32.0,68.0,0.0,10.0,10.0
crash_02997,2022-11-07 15:49:00,2022,11,Nov,Mon,15,Evening commute,30,TRAFFIC SIGNAL,UNKNOWN,DAYLIGHT,REAR END,NOT DIVIDED,UNKNOWN,NO INJURY / DRIVE AWAY,,,"OVER $1,500",UNABLE TO DETERMINE,2,NO INDICATION OF INJURY,0,0,41.6990125359,-87.6815320091,60655,"CHICAGO MIDWAY AIRPORT, IL US",52.0,27.0,38.0,0.0,10.0,13.0
crash_02998,2025-03-09 00:07:00,2025,3,Mar,Sun,0,Night or early morning,20,NO CONTROLS,CLEAR,"DARKNESS, LIGHTED ROAD",PARKED MOTOR VEHICLE,ONE-WAY,DRY,INJURY AND / OR TOW DUE TO CRASH,,,"OVER $1,500",UNDER THE INFLUENCE OF ALCOHOL/DRUGS (USE WHEN ARREST IS EFFECTED),5,INCAPACITATING INJURY,1,0,41.8823138677,-87.7476461123,60644,"CHICAGO MIDWAY AIRPORT, IL US",39.0,28.0,65.0,0.0,10.0,8.0
crash_02999,2020-09-28 05:08:00,2020,9,Sep,Mon,5,Night or early morning,25,NO CONTROLS,RAIN,"DARKNESS, LIGHTED ROAD",FIXED OBJECT,DIVIDED - W/MEDIAN BARRIER,WET,INJURY AND / OR TOW DUE TO CRASH,,,"OVER $1,500","OPERATING VEHICLE IN ERRATIC, RECKLESS, CARELESS, NEGLIGENT OR AGGRESSIVE MANNER",1,NO INDICATION OF INJURY,0,0,41.9009589191,-87.6199281737,60611,"CHICAGO MIDWAY AIRPORT, IL US",53.0,50.0,89.0,0.02,10.0,3.0
crash_03000,2022-06-24 19:00:00,2022,6,Jun,Fri,19,Night or early morning,30,TRAFFIC SIGNAL,CLEAR,DAYLIGHT,TURNING,ONE-WAY,DRY,NO INJURY / DRIVE AWAY,true,true,"OVER $1,500",IMPROPER TURNING/NO SIGNAL,2,NO INDICATION OF INJURY,0,0,41.8255566819,-87.6279682106,60609,"CHICAGO MIDWAY AIRPORT, IL US",88.0,53.0,30.0,0.0,10.0,10.0
crash_03001,2018-12-14 13:15:00,2018,12,Dec,Fri,13,Daytime,30,NO CONTROLS,CLEAR,DAYLIGHT,SIDESWIPE SAME DIRECTION,NOT DIVIDED,DRY,NO INJURY / DRIVE AWAY,,,"$501 - $1,500",IMPROPER OVERTAKING/PASSING,2,NO INDICATION OF INJURY,0,0,41.8925204807,-87.6240374098,60611,"CHICAGO MIDWAY AIRPORT, IL US",42.0,41.0,96.0,0.0,2.0,9.0
crash_03002,2020-09-12 20:13:00,2020,9,Sep,Sat,20,Night or early morning,30,TRAFFIC SIGNAL,RAIN,"DARKNESS, LIGHTED ROAD",REAR END,NOT DIVIDED,WET,NO INJURY / DRIVE AWAY,true,,"OVER $1,500",CELL PHONE USE OTHER THAN TEXTING,2,NO INDICATION OF INJURY,0,0,41.9468840007,-87.6735297843,60657,"CHICAGO MIDWAY AIRPORT, IL US",70.0,64.0,82.0,0.0,10.0,9.0
crash_03003,2018-12-05 14:58:00,2018,12,Dec,Wed,14,Daytime,30,NO CONTROLS,CLEAR,DAYLIGHT,PEDESTRIAN,ONE-WAY,DRY,INJURY AND / OR TOW DUE TO CRASH,,,$500 OR LESS,FAILING TO YIELD RIGHT-OF-WAY,2,NONINCAPACITATING INJURY,1,0,41.8094095048,-87.6919424832,60632,"CHICAGO MIDWAY AIRPORT, IL US",31.0,20.0,64.0,0.0,10.0,11.0
crash_03004,2025-07-01 08:20:00,2025,7,Jul,Tue,8,Morning commute,35,TRAFFIC SIGNAL,CLEAR,DAYLIGHT,SIDESWIPE SAME DIRECTION,NOT DIVIDED,DRY,NO INJURY / DRIVE AWAY,,true,"OVER $1,500",IMPROPER LANE USAGE,2,NO INDICATION OF INJURY,0,0,41.7769312727,-87.5864736002,60637,"CHICAGO MIDWAY AIRPORT, IL US",77.0,60.0,56.0,0.0,10.0,9.0
crash_03005,2018-09-30 15:53:00,2018,9,Sep,Sun,15,Evening commute,30,NO CONTROLS,CLOUDY/OVERCAST,DAYLIGHT,REAR END,NOT DIVIDED,DRY,NO INJURY / DRIVE AWAY,,,"OVER $1,500",UNABLE TO DETERMINE,2,NO INDICATION OF INJURY,0,0,41.6935991548,-87.6813568011,60655,"CHICAGO MIDWAY AIRPORT, IL US",65.0,57.0,76.0,0.0,10.0,8.0
crash_03006,2022-12-09 22:36:00,2022,12,Dec,Fri,22,Night or early morning,45,NO CONTROLS,CLEAR,DARKNESS,FIXED OBJECT,ONE-WAY,WET,INJURY AND / OR TOW DUE TO CRASH,,true,"OVER $1,500",UNABLE TO DETERMINE,1,NO INDICATION OF INJURY,0,0,41.7748191879,-87.6249085821,60637,"CHICAGO MIDWAY AIRPORT, IL US",37.0,34.0,89.0,0.0,5.0,8.0
crash_03007,2019-05-15 16:05:00,2019,5,May,Wed,16,Evening commute,20,NO CONTROLS,CLEAR,DAYLIGHT,REAR END,NOT DIVIDED,DRY,NO INJURY / DRIVE AWAY,,,"OVER $1,500",FOLLOWING TOO CLOSELY,2,NO INDICATION OF INJURY,0,0,41.9538475261,-87.7818425724,60634,"CHICAGO OHARE INTERNATIONAL AIRPORT, IL US",74.0,46.0,37.0,0.0,10.0,8.0
crash_03008,2022-04-24 12:02:00,2022,4,Apr,Sun,12,Daytime,35,NO CONTROLS,RAIN,DAYLIGHT,REAR END,NOT DIVIDED,WET,NO INJURY / DRIVE AWAY,,true,"$501 - $1,500",FOLLOWING TOO CLOSELY,3,NO INDICATION OF INJURY,0,0,41.7512104057,-87.615909182,60619,"CHICAGO MIDWAY AIRPORT, IL US",69.0,62.0,78.0,0.02,9.0,21.0
crash_03009,2021-03-07 11:34:00,2021,3,Mar,Sun,11,Daytime,30,TRAFFIC SIGNAL,CLEAR,DAYLIGHT,ANGLE,FOUR WAY,DRY,INJURY AND / OR TOW DUE TO CRASH,true,,"OVER $1,500",DISREGARDING TRAFFIC SIGNALS,2,NO INDICATION OF INJURY,0,0,41.8908962317,-87.6240110767,60611,"CHICAGO MIDWAY AIRPORT, IL US",45.0,18.0,34.0,0.0,10.0,10.0
crash_03010,2023-02-08 14:40:00,2023,2,Feb,Wed,14,Daytime,30,TRAFFIC SIGNAL,CLEAR,DAYLIGHT,REAR END,DIVIDED - W/MEDIAN (NOT RAISED),DRY,NO INJURY / DRIVE AWAY,,true,"OVER $1,500",FOLLOWING TOO CLOSELY,2,NO INDICATION OF INJURY,0,0,41.9249458949,-87.694441255,60647,"CHICAGO MIDWAY AIRPORT, IL US",43.0,26.0,51.0,0.0,10.0,6.0
crash_03011,2023-08-23 23:30:00,2023,8,Aug,Wed,23,Night or early morning,30,NO CONTROLS,CLEAR,"DARKNESS, LIGHTED ROAD",TURNING,NOT DIVIDED,DRY,NO INJURY / DRIVE AWAY,true,,"$501 - $1,500",FAILING TO YIELD RIGHT-OF-WAY,2,NO INDICATION OF INJURY,0,0,42.0140392034,-87.6650018705,60626,"CHICAGO OHARE INTERNATIONAL AIRPORT, IL US",88.0,79.0,75.0,0.0,10.0,16.0
crash_03012,2019-10-20 18:30:00,2019,10,Oct,Sun,18,Evening commute,30,NO CONTROLS,CLEAR,DAYLIGHT,PARKED MOTOR VEHICLE,NOT DIVIDED,UNKNOWN,NO INJURY / DRIVE AWAY,,,"$501 - $1,500",UNABLE TO DETERMINE,2,NO INDICATION OF INJURY,0,0,41.802877188,-87.681434742,60609,"CHICAGO MIDWAY AIRPORT, IL US",52.0,49.0,89.0,,7.0,6.0
crash_03013,2025-07-25 19:00:00,2025,7,Jul,Fri,19,Night or early morning,30,TRAFFIC SIGNAL,CLEAR,DAYLIGHT,PEDALCYCLIST,DIVIDED - W/MEDIAN BARRIER,DRY,INJURY AND / OR TOW DUE TO CRASH,true,,"OVER $1,500",IMPROPER TURNING/NO SIGNAL,2,NONINCAPACITATING INJURY,1,0,41.8867844069,-87.6326270591,60601,"CHICAGO MIDWAY AIRPORT, IL US",79.0,69.0,72.0,0.0,10.0,7.0
crash_03014,2019-07-29 11:30:00,2019,7,Jul,Mon,11,Daytime,30,STOP SIGN/FLASHER,CLEAR,DAYLIGHT,REAR END,NOT DIVIDED,WET,NO INJURY / DRIVE AWAY,true,true,"$501 - $1,500",FOLLOWING TOO CLOSELY,2,NO INDICATION OF INJURY,0,0,41.9107132948,-87.6541497022,60642,"CHICAGO MIDWAY AIRPORT, IL US",76.0,71.0,85.0,0.0,10.0,14.0
crash_03015,2024-08-05 08:00:00,2024,8,Aug,Mon,8,Morning commute,20,NO CONTROLS,CLEAR,DAYLIGHT,PARKED MOTOR VEHICLE,UNKNOWN,DRY,NO INJURY / DRIVE AWAY,,true,"OVER $1,500",UNABLE TO DETERMINE,2,NO INDICATION OF INJURY,0,0,41.8785370629,-87.682364795,60612,"CHICAGO MIDWAY AIRPORT, IL US",77.0,70.0,79.0,0.0,10.0,7.0
crash_03016,2025-07-25 19:00:00,2025,7,Jul,Fri,19,Night or early morning,30,NO CONTROLS,CLEAR,DAYLIGHT,REAR END,DIVIDED - W/MEDIAN (NOT RAISED),DRY,INJURY AND / OR TOW DUE TO CRASH,,,"OVER $1,500",IMPROPER OVERTAKING/PASSING,2,"REPORTED, NOT EVIDENT",3,0,41.8644107877,-87.6858300067,60608,"CHICAGO MIDWAY AIRPORT, IL US",79.0,69.0,72.0,0.0,10.0,7.0
crash_03017,2021-06-17 23:24:00,2021,6,Jun,Thu,23,Night or early morning,30,UNKNOWN,OTHER,DARKNESS,ANGLE,NOT DIVIDED,DRY,INJURY AND / OR TOW DUE TO CRASH,,,"OVER $1,500",UNABLE TO DETERMINE,2,"REPORTED, NOT EVIDENT",3,0,41.6569933546,-87.5979532165,60827,"CHICAGO MIDWAY AIRPORT, IL US",82.0,54.0,38.0,0.0,10.0,14.0
crash_03018,2024-04-21 18:29:00,2024,4,Apr,Sun,18,Evening commute,25,OTHER,CLEAR,DAYLIGHT,FIXED OBJECT,DIVIDED - W/MEDIAN (NOT RAISED),DRY,INJURY AND / OR TOW DUE TO CRASH,,,"OVER $1,500",FAILING TO REDUCE SPEED TO AVOID CRASH,1,NONINCAPACITATING INJURY,1,0,41.7724548151,-87.6534960121,60621,"CHICAGO MIDWAY AIRPORT, IL US",57.0,23.0,27.0,0.0,10.0,11.0
crash_03019,2020-01-28 07:42:00,2020,1,Jan,Tue,7,Morning commute,30,NO CONTROLS,CLEAR,DAYLIGHT,TURNING,ONE-WAY,DRY,NO INJURY / DRIVE AWAY,,,"OVER $1,500",IMPROPER LANE USAGE,2,NO INDICATION OF INJURY,0,0,41.8818671636,-87.6263549441,60603,"CHICAGO MIDWAY AIRPORT, IL US",32.0,25.0,75.0,0.0,10.0,6.0
crash_03020,2021-06-04 13:23:00,2021,6,Jun,Fri,13,Daytime,30,NO CONTROLS,CLEAR,DAYLIGHT,SIDESWIPE SAME DIRECTION,NOT DIVIDED,DRY,NO INJURY / DRIVE AWAY,,,$500 OR LESS,FAILING TO YIELD RIGHT-OF-WAY,2,NO INDICATION OF INJURY,0,0,41.9101440596,-87.6768750252,60622,"CHICAGO MIDWAY AIRPORT, IL US",89.0,50.0,26.0,0.0,10.0,16.0
crash_03021,2021-10-18 16:10:00,2021,10,Oct,Mon,16,Evening commute,30,STOP SIGN/FLASHER,CLEAR,DAYLIGHT,REAR END,NOT DIVIDED,DRY,NO INJURY / DRIVE AWAY,,,"$501 - $1,500",EQUIPMENT - VEHICLE CONDITION,2,NO INDICATION OF INJURY,0,0,41.7511757199,-87.6179908895,60619,"CHICAGO MIDWAY AIRPORT, IL US",71.0,39.0,31.0,0.0,10.0,9.0
crash_03022,2025-12-09 15:56:00,2025,12,Dec,Tue,15,Evening commute,30,TRAFFIC SIGNAL,UNKNOWN,UNKNOWN,REAR END,DIVIDED - W/MEDIAN BARRIER,UNKNOWN,NO INJURY / DRIVE AWAY,,,"OVER $1,500",FOLLOWING TOO CLOSELY,2,NO INDICATION OF INJURY,0,0,41.8783170107,-87.6170521254,60604,,,,,,,
crash_03023,2019-03-25 17:46:00,2019,3,Mar,Mon,17,Evening commute,30,STOP SIGN/FLASHER,CLEAR,DAYLIGHT,PEDESTRIAN,ONE-WAY,DRY,INJURY AND / OR TOW DUE TO CRASH,,,"OVER $1,500","VISION OBSCURED (SIGNS, TREE LIMBS, BUILDINGS, ETC.)",2,NONINCAPACITATING INJURY,1,0,41.984729225,-87.7127267019,60659,"CHICAGO OHARE INTERNATIONAL AIRPORT, IL US",38.0,8.0,29.0,0.0,10.0,18.0
crash_03024,2019-05-17 12:00:00,2019,5,May,Fri,12,Daytime,30,NO CONTROLS,CLEAR,DAYLIGHT,PARKED MOTOR VEHICLE,DIVIDED - W/MEDIAN (NOT RAISED),WET,NO INJURY / DRIVE AWAY,,true,$500 OR LESS,UNABLE TO DETERMINE,2,NO INDICATION OF INJURY,0,0,41.8863802986,-87.6254490265,60601,"CHICAGO MIDWAY AIRPORT, IL US",51.0,41.0,69.0,0.0,10.0,10.0
crash_03025,2022-04-29 16:28:00,2022,4,Apr,Fri,16,Evening commute,30,NO CONTROLS,RAIN,DAYLIGHT,PARKED MOTOR VEHICLE,DIVIDED - W/MEDIAN (NOT RAISED),WET,NO INJURY / DRIVE AWAY,,,"OVER $1,500","VISION OBSCURED (SIGNS, TREE LIMBS, BUILDINGS, ETC.)",2,NO INDICATION OF INJURY,0,0,41.92921751,-87.6465208647,60614,"CHICAGO MIDWAY AIRPORT, IL US",68.0,40.0,36.0,0.0,10.0,14.0
crash_03026,2020-06-23 17:30:00,2020,6,Jun,Tue,17,Evening commute,30,NO CONTROLS,CLEAR,DAYLIGHT,TURNING,OTHER,UNKNOWN,NO INJURY / DRIVE AWAY,,,"OVER $1,500",UNABLE TO DETERMINE,2,NO INDICATION OF INJURY,0,0,41.7440803553,-87.6049736609,60619,"CHICAGO MIDWAY AIRPORT, IL US",76.0,50.0,40.0,0.0,10.0,17.0
crash_03027,2018-09-12 16:45:00,2018,9,Sep,Wed,16,Evening commute,30,TRAFFIC SIGNAL,CLEAR,DAYLIGHT,REAR END,NOT DIVIDED,DRY,NO INJURY / DRIVE AWAY,true,,"OVER $1,500",FOLLOWING TOO CLOSELY,2,NO INDICATION OF INJURY,0,0,41.9021890353,-87.7511157745,60651,"CHICAGO MIDWAY AIRPORT, IL US",79.0,47.0,32.0,0.0,10.0,9.0
crash_03028,2019-11-25 21:58:00,2019,11,Nov,Mon,21,Night or early morning,30,NO CONTROLS,CLEAR,"DARKNESS, LIGHTED ROAD",PARKED MOTOR VEHICLE,NOT DIVIDED,DRY,NO INJURY / DRIVE AWAY,,,$500 OR LESS,DRIVING SKILLS/KNOWLEDGE/EXPERIENCE,2,NO INDICATION OF INJURY,0,0,41.8520585731,-87.6762637943,60608,"CHICAGO MIDWAY AIRPORT, IL US",43.0,37.0,80.0,0.0,10.0,5.0
crash_03029,2023-06-21 15:30:00,2023,6,Jun,Wed,15,Evening commute,30,TRAFFIC SIGNAL,CLEAR,DAWN,TURNING,OTHER,DRY,NO INJURY / DRIVE AWAY,,true,"OVER $1,500",IMPROPER TURNING/NO SIGNAL,2,NO INDICATION OF INJURY,0,0,41.7504749298,-87.6538833344,60620,"CHICAGO MIDWAY AIRPORT, IL US",86.0,60.0,42.0,0.0,10.0,11.0
crash_03030,2025-08-14 15:31:00,2025,8,Aug,Thu,15,Evening commute,30,TRAFFIC SIGNAL,CLEAR,DAYLIGHT,TURNING,NOT DIVIDED,DRY,INJURY AND / OR TOW DUE TO CRASH,true,,"OVER $1,500",UNABLE TO DETERMINE,2,NO INDICATION OF INJURY,0,0,41.990508926,-87.706622194,60659,"CHICAGO OHARE INTERNATIONAL AIRPORT, IL US",82.0,56.0,41.0,0.0,10.0,9.0
crash_03031,2025-09-26 13:00:00,2025,9,Sep,Fri,13,Daytime,30,NO CONTROLS,UNKNOWN,UNKNOWN,SIDESWIPE SAME DIRECTION,DIVIDED - W/MEDIAN (NOT RAISED),UNKNOWN,NO INJURY / DRIVE AWAY,,true,"$501 - $1,500",FOLLOWING TOO CLOSELY,2,NO INDICATION OF INJURY,0,0,41.976201139,-87.9053091251,60666,,,,,,,
crash_03032,2019-03-22 21:54:00,2019,3,Mar,Fri,21,Night or early morning,30,NO CONTROLS,CLEAR,DARKNESS,SIDESWIPE SAME DIRECTION,NOT DIVIDED,DRY,INJURY AND / OR TOW DUE TO CRASH,,,"$501 - $1,500",UNABLE TO DETERMINE,2,"REPORTED, NOT EVIDENT",1,0,41.7263176136,-87.5539045237,60617,"CHICAGO MIDWAY AIRPORT, IL US",34.0,25.0,70.0,0.0,10.0,6.0
crash_03033,2022-01-10 13:00:00,2022,1,Jan,Mon,13,Daytime,30,TRAFFIC SIGNAL,CLEAR,DAYLIGHT,ANGLE,FOUR WAY,ICE,INJURY AND / OR TOW DUE TO CRASH,true,,"OVER $1,500",DISTRACTION - FROM INSIDE VEHICLE,2,NO INDICATION OF INJURY,0,0,41.7839117699,-87.6204861019,60637,"CHICAGO MIDWAY AIRPORT, IL US",19.0,-2.0,39.0,0.0,10.0,14.0
crash_03034,2022-07-27 13:08:00,2022,7,Jul,Wed,13,Daytime,30,STOP SIGN/FLASHER,CLEAR,DAYLIGHT,ANGLE,FOUR WAY,DRY,NO INJURY / DRIVE AWAY,true,,"OVER $1,500",UNABLE TO DETERMINE,2,NO INDICATION OF INJURY,0,0,41.9394455648,-87.7663834888,60641,"CHICAGO OHARE INTERNATIONAL AIRPORT, IL US",82.0,67.0,60.0,0.0,10.0,9.0
crash_03035,2023-01-02 07:05:00,2023,1,Jan,Mon,7,Morning commute,20,NO CONTROLS,CLEAR,DAYLIGHT,SIDESWIPE SAME DIRECTION,ONE-WAY,DRY,NO INJURY / DRIVE AWAY,,,"OVER $1,500","OPERATING VEHICLE IN ERRATIC, RECKLESS, CARELESS, NEGLIGENT OR AGGRESSIVE MANNER",2,NO INDICATION OF INJURY,0,0,,,,,,,,,,
crash_03036,2025-10-17 11:56:00,2025,10,Oct,Fri,11,Daytime,30,TRAFFIC SIGNAL,CLEAR,DAYLIGHT,ANGLE,ONE-WAY,DRY,INJURY AND / OR TOW DUE TO CRASH,,true,"OVER $1,500",UNABLE TO DETERMINE,2,NO INDICATION OF INJURY,0,0,41.827363248,-87.621826931,60653,,,,,,,
crash_03037,2024-06-15 07:45:00,2024,6,Jun,Sat,7,Morning commute,20,STOP SIGN/FLASHER,CLEAR,DAYLIGHT,PARKED MOTOR VEHICLE,ONE-WAY,DRY,NO INJURY / DRIVE AWAY,,,"OVER $1,500",UNABLE TO DETERMINE,2,NO INDICATION OF INJURY,0,0,41.6883290505,-87.6895010349,60655,"CHICAGO MIDWAY AIRPORT, IL US",71.0,56.0,59.0,0.0,10.0,9.0
crash_03038,2022-06-24 17:00:00,2022,6,Jun,Fri,17,Evening commute,25,NO CONTROLS,CLEAR,DAYLIGHT,PARKED MOTOR VEHICLE,DIVIDED - W/MEDIAN (NOT RAISED),DRY,NO INJURY / DRIVE AWAY,,,$500 OR LESS,FAILING TO YIELD RIGHT-OF-WAY,2,NO INDICATION OF INJURY,0,0,41.8989485417,-87.6239749877,60611,"CHICAGO MIDWAY AIRPORT, IL US",90.0,54.0,29.0,0.0,10.0,13.0
crash_03039,2025-02-05 22:00:00,2025,2,Feb,Wed,22,Night or early morning,30,NO CONTROLS,FREEZING RAIN/DRIZZLE,"DARKNESS, LIGHTED ROAD",PARKED MOTOR VEHICLE,NOT DIVIDED,ICE,NO INJURY / DRIVE AWAY,,,"OVER $1,500",UNABLE TO DETERMINE,2,NO INDICATION OF INJURY,0,0,41.7391301748,-87.7241552892,60652,"CHICAGO MIDWAY AIRPORT, IL US",29.0,25.0,85.0,0.0,2.0,9.0
crash_03040,2023-04-04 04:56:00,2023,4,Apr,Tue,4,Night or early morning,30,NO CONTROLS,RAIN,"DARKNESS, LIGHTED ROAD",SIDESWIPE SAME DIRECTION,NOT DIVIDED,WET,INJURY AND / OR TOW DUE TO CRASH,,true,"OVER $1,500",UNABLE TO DETERMINE,2,NO INDICATION OF INJURY,0,0,41.8451231978,-87.6660278584,60608,"CHICAGO MIDWAY AIRPORT, IL US",45.0,42.0,90.0,0.0,10.0,17.0
crash_03041,2023-07-06 16:18:00,2023,7,Jul,Thu,16,Evening commute,30,NO CONTROLS,CLEAR,DAYLIGHT,TURNING,NOT DIVIDED,DRY,INJURY AND / OR TOW DUE TO CRASH,,,"OVER $1,500",UNABLE TO DETERMINE,2,"REPORTED, NOT EVIDENT",1,0,41.7861438715,-87.6448012376,60621,"CHICAGO MIDWAY AIRPORT, IL US",76.0,60.0,58.0,0.0,10.0,7.0
crash_03042,2019-07-20 17:30:00,2019,7,Jul,Sat,17,Evening commute,25,NO CONTROLS,RAIN,DAYLIGHT,ANGLE,ONE-WAY,WET,INJURY AND / OR TOW DUE TO CRASH,,,"OVER $1,500",FAILING TO YIELD RIGHT-OF-WAY,3,NO INDICATION OF INJURY,0,0,41.9165833719,-87.7136590534,60647,"CHICAGO MIDWAY AIRPORT, IL US",78.0,70.0,76.0,,10.0,23.0
crash_03043,2021-10-20 01:50:00,2021,10,Oct,Wed,1,Night or early morning,30,NO CONTROLS,CLEAR,"DARKNESS, LIGHTED ROAD",PARKED MOTOR VEHICLE,NOT DIVIDED,DRY,NO INJURY / DRIVE AWAY,true,true,"OVER $1,500",FAILING TO REDUCE SPEED TO AVOID CRASH,2,NO INDICATION OF INJURY,0,0,41.7444499029,-87.5755807224,60617,"CHICAGO MIDWAY AIRPORT, IL US",56.0,43.0,62.0,0.0,10.0,5.0
crash_03044,2025-12-24 16:53:00,2025,12,Dec,Wed,16,Evening commute,15,NO CONTROLS,CLEAR,DARKNESS,HEAD ON,ALLEY,DRY,NO INJURY / DRIVE AWAY,,,"OVER $1,500",PHYSICAL CONDITION OF DRIVER,2,NO INDICATION OF INJURY,0,0,41.8828572517,-87.7699980133,60644,,,,,,,
crash_03045,2022-04-10 16:00:00,2022,4,Apr,Sun,16,Evening commute,30,NO CONTROLS,CLEAR,DAYLIGHT,SIDESWIPE SAME DIRECTION,NOT DIVIDED,DRY,NO INJURY / DRIVE AWAY,,true,"$501 - $1,500",UNABLE TO DETERMINE,2,NO INDICATION OF INJURY,0,0,41.9249521637,-87.6938157156,60647,"CHICAGO MIDWAY AIRPORT, IL US",63.0,32.0,31.0,0.0,10.0,18.0
crash_03046,2019-08-28 22:15:00,2019,8,Aug,Wed,22,Night or early morning,30,NO CONTROLS,CLEAR,"DARKNESS, LIGHTED ROAD",FIXED OBJECT,NOT DIVIDED,DRY,INJURY AND / OR TOW DUE TO CRASH,,,"OVER $1,500","EVASIVE ACTION DUE TO ANIMAL, OBJECT, NONMOTORIST",1,NO INDICATION OF INJURY,0,0,41.7538935443,-87.7397907916,60652,"CHICAGO MIDWAY AIRPORT, IL US",67.0,53.0,61.0,0.0,10.0,6.0
crash_03047,2020-08-01 23:29:00,2020,8,Aug,Sat,23,Night or early morning,30,NO CONTROLS,RAIN,"DARKNESS, LIGHTED ROAD",FIXED OBJECT,FOUR WAY,WET,INJURY AND / OR TOW DUE TO CRASH,true,true,"OVER $1,500",UNABLE TO DETERMINE,1,NO INDICATION OF INJURY,0,0,41.9093434283,-87.7594725442,60651,"CHICAGO MIDWAY AIRPORT, IL US",66.0,63.0,90.0,0.07,6.0,6.0
crash_03048,2023-10-14 17:52:00,2023,10,Oct,Sat,17,Evening commute,30,TRAFFIC SIGNAL,CLEAR,"DARKNESS, LIGHTED ROAD",ANGLE,FOUR WAY,WET,INJURY AND / OR TOW DUE TO CRASH,true,,"OVER $1,500",UNABLE TO DETERMINE,2,NO INDICATION OF INJURY,0,0,41.8695873951,-87.6436639606,60607,"CHICAGO MIDWAY AIRPORT, IL US",56.0,45.0,67.0,0.0,10.0,18.0