crash_id,crash_datetime,crash_year,crash_month,crash_month_name,crash_weekday_name,crash_hour,time_period,posted_speed_limit_mph,traffic_control_device,reported_weather_condition,reported_lighting_condition,first_crash_type,trafficway_type,reported_road_surface_condition,crash_type,intersection_related,hit_and_run,estimated_damage,primary_contributory_cause,unit_count,most_severe_injury,injuries_total,injuries_fatal,latitude,longitude,zip5,weather_station_name,temperature_f,dew_point_f,relative_humidity_percent,precipitation_inches,visibility_miles,wind_speed_mph
crash_03049,2022-01-20 16:38:00,2022,1,Jan,Thu,16,Evening commute,35,TRAFFIC SIGNAL,UNKNOWN,DAWN,REAR END,FOUR WAY,UNKNOWN,NO INJURY / DRIVE AWAY,true,,"$501 - $1,500",IMPROPER BACKING,2,NO INDICATION OF INJURY,0,0,41.7401770403,-87.6050703066,60619,"CHICAGO MIDWAY AIRPORT, IL US",18.0,1.0,47.0,0.0,10.0,9.0
crash_03050,2021-01-05 18:30:00,2021,1,Jan,Tue,18,Evening commute,35,NO CONTROLS,CLEAR,"DARKNESS, LIGHTED ROAD",TURNING,NOT DIVIDED,DRY,NO INJURY / DRIVE AWAY,,,"OVER $1,500",IMPROPER TURNING/NO SIGNAL,2,NO INDICATION OF INJURY,0,0,41.6924630655,-87.6427152988,60643,"CHICAGO MIDWAY AIRPORT, IL US",33.0,27.0,78.0,0.0,5.0,0.0
crash_03051,2025-07-15 09:16:00,2025,7,Jul,Tue,9,Morning commute,40,TRAFFIC SIGNAL,CLEAR,DAYLIGHT,ANGLE,NOT DIVIDED,DRY,INJURY AND / OR TOW DUE TO CRASH,,,"OVER $1,500",DISREGARDING TRAFFIC SIGNALS,2,NO INDICATION OF INJURY,0,0,41.9577428306,-87.8843979427,60666,"CHICAGO OHARE INTERNATIONAL AIRPORT, IL US",81.0,67.0,62.0,0.0,10.0,8.0
crash_03052,2019-07-26 20:00:00,2019,7,Jul,Fri,20,Night or early morning,30,TRAFFIC SIGNAL,CLEAR,DAWN,TURNING,DIVIDED - W/MEDIAN (NOT RAISED),DRY,INJURY AND / OR TOW DUE TO CRASH,true,,"OVER $1,500",IMPROPER TURNING/NO SIGNAL,2,NONINCAPACITATING INJURY,2,0,41.9287113217,-87.6878827514,60647,"CHICAGO MIDWAY AIRPORT, IL US",82.0,64.0,55.0,,10.0,10.0
crash_03053,2023-01-13 12:00:00,2023,1,Jan,Fri,12,Daytime,30,NO CONTROLS,CLEAR,DAYLIGHT,TURNING,NOT DIVIDED,DRY,NO INJURY / DRIVE AWAY,,true,"OVER $1,500",FAILING TO REDUCE SPEED TO AVOID CRASH,2,NO INDICATION OF INJURY,0,0,41.7620228691,-87.5662907055,60649,"CHICAGO MIDWAY AIRPORT, IL US",31.0,21.0,67.0,0.0,10.0,17.0
crash_03054,2025-10-09 11:15:00,2025,10,Oct,Thu,11,Daytime,0,TRAFFIC SIGNAL,CLEAR,DAYLIGHT,TURNING,DIVIDED - W/MEDIAN (NOT RAISED),DRY,NO INJURY / DRIVE AWAY,,true,"OVER $1,500",UNABLE TO DETERMINE,2,NO INDICATION OF INJURY,0,0,41.7587154667,-87.5862809648,60619,,,,,,,
crash_03055,2018-11-26 11:50:00,2018,11,Nov,Mon,11,Daytime,30,STOP SIGN/FLASHER,SNOW,DAYLIGHT,ANGLE,DIVIDED - W/MEDIAN (NOT RAISED),SNOW OR SLUSH,NO INJURY / DRIVE AWAY,true,,"$501 - $1,500",DRIVING SKILLS/KNOWLEDGE/EXPERIENCE,2,NO INDICATION OF INJURY,0,0,41.8443929143,-87.7221747379,60623,"CHICAGO MIDWAY AIRPORT, IL US",28.0,20.0,72.0,0.0,10.0,20.0
crash_03056,2025-02-01 21:39:00,2025,2,Feb,Sat,21,Night or early morning,30,TRAFFIC SIGNAL,CLEAR,DUSK,SIDESWIPE OPPOSITE DIRECTION,NOT DIVIDED,DRY,NO INJURY / DRIVE AWAY,true,,"$501 - $1,500",IMPROPER LANE USAGE,2,NO INDICATION OF INJURY,0,0,41.76953287,-87.6137372292,60637,"CHICAGO MIDWAY AIRPORT, IL US",32.0,23.0,69.0,0.0,10.0,15.0
crash_03057,2023-02-27 17:30:00,2023,2,Feb,Mon,17,Evening commute,15,STOP SIGN/FLASHER,CLEAR,DAYLIGHT,ANGLE,PARKING LOT,DRY,NO INJURY / DRIVE AWAY,,,"OVER $1,500",UNABLE TO DETERMINE,2,NO INDICATION OF INJURY,0,0,41.7222631981,-87.5829176346,60617,"CHICAGO MIDWAY AIRPORT, IL US",49.0,42.0,77.0,0.0,10.0,24.0
crash_03058,2020-01-20 01:46:00,2020,1,Jan,Mon,1,Night or early morning,30,TRAFFIC SIGNAL,CLEAR,"DARKNESS, LIGHTED ROAD",REAR END,DIVIDED - W/MEDIAN (NOT RAISED),DRY,NO INJURY / DRIVE AWAY,,,"OVER $1,500",FOLLOWING TOO CLOSELY,2,NO INDICATION OF INJURY,0,0,41.9097068467,-87.7314691902,60651,"CHICAGO MIDWAY AIRPORT, IL US",19.0,12.0,74.0,0.0,9.0,7.0
crash_03059,2019-12-31 05:30:00,2019,12,Dec,Tue,5,Night or early morning,30,NO CONTROLS,SNOW,"DARKNESS, LIGHTED ROAD",HEAD ON,NOT DIVIDED,SNOW OR SLUSH,INJURY AND / OR TOW DUE TO CRASH,,,"OVER $1,500",DRIVING ON WRONG SIDE/WRONG WAY,2,NONINCAPACITATING INJURY,3,0,41.7933338749,-87.7218542592,60632,"CHICAGO MIDWAY AIRPORT, IL US",26.0,20.0,78.0,0.0,5.0,14.0
crash_03060,2023-12-07 16:05:00,2023,12,Dec,Thu,16,Evening commute,30,NO CONTROLS,CLEAR,DAYLIGHT,REAR END,DIVIDED - W/MEDIAN (NOT RAISED),DRY,INJURY AND / OR TOW DUE TO CRASH,,,"OVER $1,500",DRIVING SKILLS/KNOWLEDGE/EXPERIENCE,2,"REPORTED, NOT EVIDENT",1,0,41.839468475,-87.6853787782,60608,"CHICAGO MIDWAY AIRPORT, IL US",52.0,39.0,61.0,0.0,10.0,8.0
crash_03061,2020-09-26 02:31:00,2020,9,Sep,Sat,2,Night or early morning,30,NO CONTROLS,CLEAR,"DARKNESS, LIGHTED ROAD",TURNING,NOT DIVIDED,DRY,INJURY AND / OR TOW DUE TO CRASH,,true,"OVER $1,500",IMPROPER OVERTAKING/PASSING,5,NO INDICATION OF INJURY,0,0,41.8822162158,-87.7587421405,60644,"CHICAGO MIDWAY AIRPORT, IL US",65.0,59.0,81.0,0.0,10.0,8.0
crash_03062,2021-03-20 14:30:00,2021,3,Mar,Sat,14,Daytime,30,NO CONTROLS,CLEAR,DAYLIGHT,REAR END,DIVIDED - W/MEDIAN (NOT RAISED),DRY,NO INJURY / DRIVE AWAY,,,"OVER $1,500",FOLLOWING TOO CLOSELY,2,NO INDICATION OF INJURY,0,0,41.9618556508,-87.6888444819,60625,"CHICAGO OHARE INTERNATIONAL AIRPORT, IL US",56.0,23.0,28.0,0.0,10.0,9.0
crash_03063,2018-07-02 22:00:00,2018,7,Jul,Mon,22,Night or early morning,35,TRAFFIC SIGNAL,CLEAR,"DARKNESS, LIGHTED ROAD",SIDESWIPE SAME DIRECTION,NOT DIVIDED,DRY,NO INJURY / DRIVE AWAY,,,"$501 - $1,500",IMPROPER LANE USAGE,2,NO INDICATION OF INJURY,0,0,41.6991920595,-87.6814403781,60655,"CHICAGO MIDWAY AIRPORT, IL US",72.0,56.0,57.0,0.0,10.0,3.0
crash_03064,2019-10-15 17:30:00,2019,10,Oct,Tue,17,Evening commute,25,NO CONTROLS,RAIN,DAYLIGHT,TURNING,T-INTERSECTION,WET,NO INJURY / DRIVE AWAY,true,,"OVER $1,500",IMPROPER TURNING/NO SIGNAL,2,NO INDICATION OF INJURY,0,0,41.7008584668,-87.6779526336,60643,"CHICAGO MIDWAY AIRPORT, IL US",62.0,59.0,90.0,0.0,9.0,13.0
crash_03065,2020-08-01 14:34:00,2020,8,Aug,Sat,14,Daytime,30,STOP SIGN/FLASHER,CLEAR,DAYLIGHT,REAR END,FOUR WAY,DRY,NO INJURY / DRIVE AWAY,,true,"OVER $1,500",FOLLOWING TOO CLOSELY,2,NO INDICATION OF INJURY,0,0,41.7507149818,-87.6465301198,60620,"CHICAGO MIDWAY AIRPORT, IL US",79.0,59.0,50.0,0.0,10.0,9.0
crash_03066,2021-06-07 01:45:00,2021,6,Jun,Mon,1,Night or early morning,30,UNKNOWN,UNKNOWN,UNKNOWN,PARKED MOTOR VEHICLE,NOT DIVIDED,UNKNOWN,NO INJURY / DRIVE AWAY,,true,"OVER $1,500",NOT APPLICABLE,2,NO INDICATION OF INJURY,0,0,41.8205171589,-87.6286778247,60609,"CHICAGO MIDWAY AIRPORT, IL US",76.0,64.0,67.0,0.0,10.0,11.0
crash_03067,2025-11-28 08:00:00,2025,11,Nov,Fri,8,Morning commute,30,STOP SIGN/FLASHER,CLEAR,DAYLIGHT,SIDESWIPE SAME DIRECTION,T-INTERSECTION,DRY,INJURY AND / OR TOW DUE TO CRASH,true,true,"OVER $1,500",IMPROPER OVERTAKING/PASSING,2,NO INDICATION OF INJURY,0,0,41.7116800598,-87.5598721536,60617,,,,,,,
crash_03068,2019-12-13 14:40:00,2019,12,Dec,Fri,14,Daytime,30,TRAFFIC SIGNAL,CLEAR,DAYLIGHT,REAR END,NOT DIVIDED,DRY,NO INJURY / DRIVE AWAY,true,,"OVER $1,500",FOLLOWING TOO CLOSELY,2,NO INDICATION OF INJURY,0,0,41.9073389607,-87.7067836249,60622,"CHICAGO MIDWAY AIRPORT, IL US",45.0,28.0,52.0,0.0,10.0,10.0
crash_03069,2019-06-10 05:00:00,2019,6,Jun,Mon,5,Night or early morning,30,NO CONTROLS,CLEAR,UNKNOWN,PARKED MOTOR VEHICLE,NOT DIVIDED,DRY,NO INJURY / DRIVE AWAY,,,"OVER $1,500",UNABLE TO DETERMINE,2,NO INDICATION OF INJURY,0,0,41.9347342673,-87.7193450254,60618,"CHICAGO MIDWAY AIRPORT, IL US",64.0,57.0,78.0,0.0,10.0,18.0
crash_03070,2018-12-04 14:36:00,2018,12,Dec,Tue,14,Daytime,30,NO CONTROLS,CLEAR,DAYLIGHT,TURNING,NOT DIVIDED,DRY,NO INJURY / DRIVE AWAY,,,"OVER $1,500",IMPROPER OVERTAKING/PASSING,2,NO INDICATION OF INJURY,0,0,41.7949307336,-87.6147741138,60615,"CHICAGO MIDWAY AIRPORT, IL US",32.0,22.0,66.0,0.0,10.0,7.0
crash_03071,2023-10-04 17:00:00,2023,10,Oct,Wed,17,Evening commute,30,NO CONTROLS,CLEAR,DAYLIGHT,TURNING,NOT DIVIDED,UNKNOWN,NO INJURY / DRIVE AWAY,,,"OVER $1,500",UNABLE TO DETERMINE,2,NO INDICATION OF INJURY,0,0,41.9091687259,-87.7923589179,60707,"CHICAGO OHARE INTERNATIONAL AIRPORT, IL US",82.0,57.0,42.0,0.0,9.0,13.0
crash_03072,2022-11-20 11:18:00,2022,11,Nov,Sun,11,Daytime,25,NO CONTROLS,CLEAR,DAYLIGHT,TURNING,OTHER,DRY,NO INJURY / DRIVE AWAY,,,"$501 - $1,500",UNABLE TO DETERMINE,2,NO INDICATION OF INJURY,0,0,41.8769730119,-87.7550874565,60644,"CHICAGO MIDWAY AIRPORT, IL US",24.0,5.0,44.0,0.0,10.0,17.0
crash_03073,2019-03-30 00:30:00,2019,3,Mar,Sat,0,Night or early morning,25,NO CONTROLS,RAIN,DARKNESS,PARKED MOTOR VEHICLE,NOT DIVIDED,WET,NO INJURY / DRIVE AWAY,,true,$500 OR LESS,UNABLE TO DETERMINE,2,NO INDICATION OF INJURY,0,0,41.8816158338,-87.7503651142,60644,"CHICAGO MIDWAY AIRPORT, IL US",39.0,36.0,89.0,0.06,4.0,14.0
crash_03074,2021-11-04 08:43:00,2021,11,Nov,Thu,8,Morning commute,30,TRAFFIC SIGNAL,CLEAR,DAYLIGHT,ANGLE,FOUR WAY,DRY,INJURY AND / OR TOW DUE TO CRASH,true,,"OVER $1,500",DISREGARDING TRAFFIC SIGNALS,3,NO INDICATION OF INJURY,0,0,41.899659372,-87.6772807667,60622,"CHICAGO MIDWAY AIRPORT, IL US",37.0,26.0,65.0,0.0,10.0,0.0
crash_03075,2024-05-13 13:08:00,2024,5,May,Mon,13,Daytime,30,NO CONTROLS,CLEAR,DAYLIGHT,PEDESTRIAN,NOT DIVIDED,DRY,NO INJURY / DRIVE AWAY,,true,$500 OR LESS,FAILING TO YIELD RIGHT-OF-WAY,2,NO INDICATION OF INJURY,0,0,41.9105469808,-87.6801080616,60647,"CHICAGO MIDWAY AIRPORT, IL US",81.0,55.0,41.0,0.0,10.0,10.0
crash_03076,2023-12-24 16:06:00,2023,12,Dec,Sun,16,Evening commute,30,STOP SIGN/FLASHER,CLEAR,DAYLIGHT,ANGLE,FOUR WAY,DRY,INJURY AND / OR TOW DUE TO CRASH,true,,"OVER $1,500",DISREGARDING STOP SIGN,2,NO INDICATION OF INJURY,0,0,41.7328015167,-87.6145766353,60619,"CHICAGO MIDWAY AIRPORT, IL US",55.0,49.0,80.0,0.0,10.0,9.0
crash_03077,2022-04-27 11:45:00,2022,4,Apr,Wed,11,Daytime,30,NO CONTROLS,CLEAR,DAYLIGHT,SIDESWIPE SAME DIRECTION,NOT DIVIDED,DRY,NO INJURY / DRIVE AWAY,,true,"OVER $1,500",IMPROPER OVERTAKING/PASSING,2,NO INDICATION OF INJURY,0,0,41.7280580552,-87.5747962152,60617,"CHICAGO MIDWAY AIRPORT, IL US",42.0,26.0,53.0,0.0,10.0,13.0
crash_03078,2022-04-22 14:25:00,2022,4,Apr,Fri,14,Daytime,30,TRAFFIC SIGNAL,RAIN,DAYLIGHT,PARKED MOTOR VEHICLE,NOT DIVIDED,WET,NO INJURY / DRIVE AWAY,,,"OVER $1,500",NOT APPLICABLE,2,NO INDICATION OF INJURY,0,0,41.8442975612,-87.6417033878,60616,"CHICAGO MIDWAY AIRPORT, IL US",52.0,45.0,77.0,,9.0,18.0
crash_03079,2019-08-29 13:40:00,2019,8,Aug,Thu,13,Daytime,30,NO CONTROLS,CLEAR,DAYLIGHT,PARKED MOTOR VEHICLE,NOT DIVIDED,DRY,NO INJURY / DRIVE AWAY,,true,"$501 - $1,500",CELL PHONE USE OTHER THAN TEXTING,3,NO INDICATION OF INJURY,0,0,42.0048566532,-87.7048901967,60645,"CHICAGO OHARE INTERNATIONAL AIRPORT, IL US",83.0,60.0,46.0,0.0,10.0,21.0
crash_03080,2024-12-29 01:40:00,2024,12,Dec,Sun,1,Night or early morning,30,TRAFFIC SIGNAL,RAIN,DARKNESS,TURNING,FOUR WAY,WET,NO INJURY / DRIVE AWAY,,true,"OVER $1,500",UNABLE TO DETERMINE,2,NO INDICATION OF INJURY,0,0,41.7508186121,-87.6259715428,60620,"CHICAGO MIDWAY AIRPORT, IL US",48.0,43.0,83.0,,10.0,8.0
crash_03081,2021-03-05 20:15:00,2021,3,Mar,Fri,20,Night or early morning,30,TRAFFIC SIGNAL,CLEAR,DARKNESS,SIDESWIPE SAME DIRECTION,NOT DIVIDED,DRY,INJURY AND / OR TOW DUE TO CRASH,,,"OVER $1,500",IMPROPER OVERTAKING/PASSING,3,NO INDICATION OF INJURY,0,0,41.8761534418,-87.6864194629,60612,"CHICAGO MIDWAY AIRPORT, IL US",37.0,20.0,50.0,0.0,10.0,8.0
crash_03082,2021-12-21 12:55:00,2021,12,Dec,Tue,12,Daytime,30,NO CONTROLS,CLEAR,DAYLIGHT,ANGLE,OTHER,DRY,INJURY AND / OR TOW DUE TO CRASH,,,"OVER $1,500",FAILING TO YIELD RIGHT-OF-WAY,2,NO INDICATION OF INJURY,0,0,41.926746552,-87.6967845505,60647,"CHICAGO MIDWAY AIRPORT, IL US",43.0,27.0,53.0,0.0,10.0,18.0
crash_03083,2024-12-09 08:50:00,2024,12,Dec,Mon,8,Morning commute,30,TRAFFIC SIGNAL,CLEAR,DAYLIGHT,PEDESTRIAN,NOT DIVIDED,DRY,NO INJURY / DRIVE AWAY,true,,$500 OR LESS,UNABLE TO DETERMINE,2,NO INDICATION OF INJURY,0,0,41.9099973278,-87.7076577614,60651,"CHICAGO MIDWAY AIRPORT, IL US",45.0,34.0,66.0,,10.0,15.0
crash_03084,2022-12-08 17:26:00,2022,12,Dec,Thu,17,Evening commute,30,TRAFFIC SIGNAL,CLEAR,"DARKNESS, LIGHTED ROAD",PEDESTRIAN,FOUR WAY,DRY,INJURY AND / OR TOW DUE TO CRASH,false,,$500 OR LESS,UNABLE TO DETERMINE,2,"REPORTED, NOT EVIDENT",1,0,41.8675219371,-87.627522975,60605,"CHICAGO MIDWAY AIRPORT, IL US",36.0,28.0,75.0,,10.0,14.0
crash_03085,2023-08-28 17:05:00,2023,8,Aug,Mon,17,Evening commute,30,NO CONTROLS,RAIN,DAYLIGHT,REAR END,NOT DIVIDED,DRY,INJURY AND / OR TOW DUE TO CRASH,,,"OVER $1,500",PHYSICAL CONDITION OF DRIVER,4,"REPORTED, NOT EVIDENT",2,0,41.9605510018,-87.7704568027,60630,"CHICAGO OHARE INTERNATIONAL AIRPORT, IL US",79.0,54.0,42.0,0.0,10.0,7.0
crash_03086,2021-07-30 08:05:00,2021,7,Jul,Fri,8,Morning commute,20,NO CONTROLS,CLEAR,DAYLIGHT,TURNING,NOT DIVIDED,DRY,INJURY AND / OR TOW DUE TO CRASH,,,"OVER $1,500",FOLLOWING TOO CLOSELY,2,"REPORTED, NOT EVIDENT",1,0,41.9123457141,-87.6673151574,60642,"CHICAGO MIDWAY AIRPORT, IL US",69.0,54.0,59.0,0.0,10.0,18.0
crash_03087,2020-06-05 15:30:00,2020,6,Jun,Fri,15,Evening commute,15,NO CONTROLS,CLEAR,DAYLIGHT,PARKED MOTOR VEHICLE,ONE-WAY,DRY,NO INJURY / DRIVE AWAY,,true,"OVER $1,500",IMPROPER LANE USAGE,2,NO INDICATION OF INJURY,0,0,41.8623907444,-87.7064381484,60623,"CHICAGO MIDWAY AIRPORT, IL US",88.0,62.0,42.0,0.0,10.0,9.0
crash_03088,2025-01-14 18:19:00,2025,1,Jan,Tue,18,Evening commute,30,TRAFFIC SIGNAL,CLEAR,"DARKNESS, LIGHTED ROAD",REAR END,DIVIDED - W/MEDIAN (NOT RAISED),DRY,INJURY AND / OR TOW DUE TO CRASH,,true,"OVER $1,500",FOLLOWING TOO CLOSELY,2,NO INDICATION OF INJURY,0,0,41.8483746704,-87.6952007993,60608,"CHICAGO MIDWAY AIRPORT, IL US",15.0,1.0,53.0,0.0,10.0,8.0
crash_03089,2020-03-29 23:00:00,2020,3,Mar,Sun,23,Night or early morning,35,STOP SIGN/FLASHER,CLOUDY/OVERCAST,"DARKNESS, LIGHTED ROAD",PEDESTRIAN,FOUR WAY,DRY,NO INJURY / DRIVE AWAY,true,true,"OVER $1,500",UNABLE TO DETERMINE,2,NO INDICATION OF INJURY,0,0,41.7152281507,-87.6371375115,60628,"CHICAGO MIDWAY AIRPORT, IL US",45.0,38.0,77.0,0.0,10.0,14.0
crash_03090,2018-09-30 15:00:00,2018,9,Sep,Sun,15,Evening commute,30,NO CONTROLS,CLEAR,DAYLIGHT,PARKED MOTOR VEHICLE,NOT DIVIDED,UNKNOWN,NO INJURY / DRIVE AWAY,,true,"$501 - $1,500",UNABLE TO DETERMINE,2,NO INDICATION OF INJURY,0,0,41.8953676702,-87.6269644786,60611,"CHICAGO MIDWAY AIRPORT, IL US",65.0,56.0,73.0,0.0,10.0,5.0
crash_03091,2024-02-02 19:27:00,2024,2,Feb,Fri,19,Night or early morning,30,STOP SIGN/FLASHER,CLEAR,"DARKNESS, LIGHTED ROAD",TURNING,FOUR WAY,DRY,INJURY AND / OR TOW DUE TO CRASH,,,"OVER $1,500","OPERATING VEHICLE IN ERRATIC, RECKLESS, CARELESS, NEGLIGENT OR AGGRESSIVE MANNER",4,NO INDICATION OF INJURY,0,0,41.8661290891,-87.7201902787,60623,"CHICAGO MIDWAY AIRPORT, IL US",35.0,31.0,85.0,0.0,10.0,6.0
crash_03092,2025-03-10 17:30:00,2025,3,Mar,Mon,17,Evening commute,30,TRAFFIC SIGNAL,CLEAR,DAYLIGHT,SIDESWIPE SAME DIRECTION,FOUR WAY,DRY,NO INJURY / DRIVE AWAY,true,true,"$501 - $1,500",DRIVING SKILLS/KNOWLEDGE/EXPERIENCE,2,NO INDICATION OF INJURY,0,0,41.7224933362,-87.5849917039,60617,"CHICAGO MIDWAY AIRPORT, IL US",68.0,29.0,23.0,0.0,10.0,16.0
crash_03093,2022-09-10 16:30:00,2022,9,Sep,Sat,16,Evening commute,10,NO CONTROLS,CLEAR,DAYLIGHT,REAR END,PARKING LOT,DRY,NO INJURY / DRIVE AWAY,,,"OVER $1,500",UNABLE TO DETERMINE,2,NO INDICATION OF INJURY,0,0,41.9269248056,-87.7927510481,60707,"CHICAGO OHARE INTERNATIONAL AIRPORT, IL US",83.0,55.0,38.0,0.0,10.0,5.0
crash_03094,2019-09-30 09:00:00,2019,9,Sep,Mon,9,Morning commute,30,TRAFFIC SIGNAL,CLEAR,DAYLIGHT,TURNING,NOT DIVIDED,DRY,NO INJURY / DRIVE AWAY,true,,"OVER $1,500",FOLLOWING TOO CLOSELY,2,NO INDICATION OF INJURY,0,0,41.8542251848,-87.6302805315,60616,"CHICAGO MIDWAY AIRPORT, IL US",73.0,68.0,84.0,0.0,10.0,9.0
crash_03095,2022-10-02 10:10:00,2022,10,Oct,Sun,10,Daytime,30,TRAFFIC SIGNAL,CLEAR,DAYLIGHT,SIDESWIPE SAME DIRECTION,NOT DIVIDED,DRY,NO INJURY / DRIVE AWAY,true,,"OVER $1,500",UNABLE TO DETERMINE,2,NO INDICATION OF INJURY,0,0,41.7505495594,-87.6441883678,60620,"CHICAGO MIDWAY AIRPORT, IL US",63.0,53.0,70.0,,10.0,11.0
crash_03096,2019-05-24 21:00:00,2019,5,May,Fri,21,Night or early morning,30,TRAFFIC SIGNAL,CLEAR,"DARKNESS, LIGHTED ROAD",TURNING,NOT DIVIDED,DRY,NO INJURY / DRIVE AWAY,true,,$500 OR LESS,FAILING TO REDUCE SPEED TO AVOID CRASH,2,NO INDICATION OF INJURY,0,0,41.8578407935,-87.6577941033,60608,"CHICAGO MIDWAY AIRPORT, IL US",68.0,59.0,73.0,0.0,10.0,5.0
crash_03097,2018-01-12 23:40:00,2018,1,Jan,Fri,23,Night or early morning,30,TRAFFIC SIGNAL,CLEAR,"DARKNESS, LIGHTED ROAD",SIDESWIPE SAME DIRECTION,DIVIDED - W/MEDIAN BARRIER,DRY,NO INJURY / DRIVE AWAY,,,"OVER $1,500",IMPROPER LANE USAGE,2,NO INDICATION OF INJURY,0,0,41.8357699388,-87.6755650067,60608,"CHICAGO MIDWAY AIRPORT, IL US",16.0,2.0,54.0,0.0,9.0,22.0
crash_03098,2021-07-28 00:13:00,2021,7,Jul,Wed,0,Night or early morning,30,NO CONTROLS,CLEAR,"DARKNESS, LIGHTED ROAD",PARKED MOTOR VEHICLE,NOT DIVIDED,DRY,INJURY AND / OR TOW DUE TO CRASH,,,"OVER $1,500",UNDER THE INFLUENCE OF ALCOHOL/DRUGS (USE WHEN ARREST IS EFFECTED),2,NO INDICATION OF INJURY,0,0,41.9036419063,-87.755659088,60651,"CHICAGO MIDWAY AIRPORT, IL US",79.0,66.0,65.0,0.0,10.0,3.0
crash_03099,2020-02-29 11:00:00,2020,2,Feb,Sat,11,Daytime,10,NO CONTROLS,CLEAR,DAYLIGHT,PARKED MOTOR VEHICLE,PARKING LOT,DRY,NO INJURY / DRIVE AWAY,,,"OVER $1,500",UNABLE TO DETERMINE,2,NO INDICATION OF INJURY,0,0,41.8313033665,-87.6146141852,60616,"CHICAGO MIDWAY AIRPORT, IL US",29.0,2.0,31.0,0.0,10.0,10.0
crash_03100,2018-11-09 00:01:00,2018,11,Nov,Fri,0,Night or early morning,30,TRAFFIC SIGNAL,CLEAR,"DARKNESS, LIGHTED ROAD",REAR END,DIVIDED - W/MEDIAN BARRIER,DRY,NO INJURY / DRIVE AWAY,,true,"$501 - $1,500",UNABLE TO DETERMINE,2,NO INDICATION OF INJURY,0,0,41.6777208292,-87.642051845,60643,"CHICAGO MIDWAY AIRPORT, IL US",40.0,27.0,60.0,0.0,10.0,6.0
crash_03101,2022-12-19 16:45:00,2022,12,Dec,Mon,16,Evening commute,30,NO CONTROLS,CLEAR,DAYLIGHT,PARKED MOTOR VEHICLE,NOT DIVIDED,DRY,NO INJURY / DRIVE AWAY,,true,"OVER $1,500",UNABLE TO DETERMINE,2,NO INDICATION OF INJURY,0,0,41.7778738985,-87.656320261,60636,"CHICAGO MIDWAY AIRPORT, IL US",26.0,11.0,53.0,0.0,10.0,6.0
crash_03102,2020-09-10 07:00:00,2020,9,Sep,Thu,7,Morning commute,30,TRAFFIC SIGNAL,CLEAR,DAYLIGHT,TURNING,NOT DIVIDED,DRY,NO INJURY / DRIVE AWAY,,,"$501 - $1,500",UNABLE TO DETERMINE,2,NO INDICATION OF INJURY,0,0,41.8076365491,-87.7334288161,60632,"CHICAGO MIDWAY AIRPORT, IL US",62.0,53.0,73.0,0.0,10.0,15.0
crash_03103,2025-04-16 07:30:00,2025,4,Apr,Wed,7,Morning commute,30,TRAFFIC SIGNAL,CLEAR,DAYLIGHT,REAR END,NOT DIVIDED,DRY,NO INJURY / DRIVE AWAY,,,"$501 - $1,500",FOLLOWING TOO CLOSELY,2,NO INDICATION OF INJURY,0,0,41.983004344,-87.7878799714,60631,"CHICAGO OHARE INTERNATIONAL AIRPORT, IL US",39.0,27.0,62.0,0.0,10.0,9.0
crash_03104,2025-04-25 16:25:00,2025,4,Apr,Fri,16,Evening commute,30,NO CONTROLS,CLEAR,DAYLIGHT,SIDESWIPE SAME DIRECTION,NOT DIVIDED,DRY,NO INJURY / DRIVE AWAY,,true,"$501 - $1,500",IMPROPER OVERTAKING/PASSING,2,NO INDICATION OF INJURY,0,0,41.7819896563,-87.7425550815,60638,"CHICAGO MIDWAY AIRPORT, IL US",54.0,42.0,64.0,0.0,10.0,20.0
crash_03105,2023-02-04 14:45:00,2023,2,Feb,Sat,14,Daytime,30,NO CONTROLS,CLEAR,DAYLIGHT,ANGLE,NOT DIVIDED,DRY,INJURY AND / OR TOW DUE TO CRASH,,,"OVER $1,500",UNABLE TO DETERMINE,2,NO INDICATION OF INJURY,0,0,41.8105965572,-87.6457301214,60609,"CHICAGO MIDWAY AIRPORT, IL US",40.0,24.0,53.0,0.0,10.0,20.0
crash_03106,2018-02-06 23:20:00,2018,2,Feb,Tue,23,Night or early morning,35,NO CONTROLS,SNOW,DARKNESS,SIDESWIPE SAME DIRECTION,DIVIDED - W/MEDIAN (NOT RAISED),SNOW OR SLUSH,INJURY AND / OR TOW DUE TO CRASH,,,"OVER $1,500",UNABLE TO DETERMINE,2,NO INDICATION OF INJURY,0,0,41.9103527676,-87.6787065198,60622,"CHICAGO MIDWAY AIRPORT, IL US",19.0,15.0,84.0,0.0,1.0,0.0
crash_03107,2025-05-14 12:00:00,2025,5,May,Wed,12,Daytime,30,TRAFFIC SIGNAL,CLEAR,DAYLIGHT,TURNING,NOT DIVIDED,DRY,NO INJURY / DRIVE AWAY,,,"OVER $1,500",FOLLOWING TOO CLOSELY,2,NO INDICATION OF INJURY,0,0,41.9173267558,-87.7267144409,60639,"CHICAGO MIDWAY AIRPORT, IL US",75.0,61.0,62.0,0.0,10.0,7.0