crash_id,crash_datetime,crash_year,crash_month,crash_month_name,crash_weekday_name,crash_hour,time_period,posted_speed_limit_mph,traffic_control_device,reported_weather_condition,reported_lighting_condition,first_crash_type,trafficway_type,reported_road_surface_condition,crash_type,intersection_related,hit_and_run,estimated_damage,primary_contributory_cause,unit_count,most_severe_injury,injuries_total,injuries_fatal,latitude,longitude,zip5,weather_station_name,temperature_f,dew_point_f,relative_humidity_percent,precipitation_inches,visibility_miles,wind_speed_mph
crash_03108,2024-11-22 17:20:00,2024,11,Nov,Fri,17,Evening commute,25,NO CONTROLS,CLEAR,DAYLIGHT,SIDESWIPE SAME DIRECTION,ONE-WAY,UNKNOWN,NO INJURY / DRIVE AWAY,,,"OVER $1,500",IMPROPER LANE USAGE,2,NO INDICATION OF INJURY,0,0,41.9744581266,-87.6514343981,60640,"CHICAGO MIDWAY AIRPORT, IL US",47.0,37.0,69.0,0.0,10.0,14.0
crash_03109,2021-05-02 13:15:00,2021,5,May,Sun,13,Daytime,30,NO CONTROLS,CLEAR,DAYLIGHT,TURNING,NOT DIVIDED,DRY,NO INJURY / DRIVE AWAY,,,"$501 - $1,500",IMPROPER TURNING/NO SIGNAL,2,NO INDICATION OF INJURY,0,0,41.9570675426,-87.6547636727,60613,"CHICAGO MIDWAY AIRPORT, IL US",81.0,56.0,42.0,0.0,10.0,17.0
crash_03110,2024-05-27 19:47:00,2024,5,May,Mon,19,Night or early morning,15,NO CONTROLS,CLEAR,DAYLIGHT,FIXED OBJECT,PARKING LOT,DRY,INJURY AND / OR TOW DUE TO CRASH,,,"OVER $1,500",UNDER THE INFLUENCE OF ALCOHOL/DRUGS (USE WHEN ARREST IS EFFECTED),1,NONINCAPACITATING INJURY,1,0,41.8810382037,-87.6621135948,60607,"CHICAGO MIDWAY AIRPORT, IL US",71.0,51.0,49.0,0.0,10.0,7.0
crash_03111,2025-12-22 09:20:00,2025,12,Dec,Mon,9,Morning commute,35,NO CONTROLS,UNKNOWN,UNKNOWN,PARKED MOTOR VEHICLE,NOT DIVIDED,DRY,NO INJURY / DRIVE AWAY,,true,"OVER $1,500",UNABLE TO DETERMINE,2,NO INDICATION OF INJURY,0,0,41.689458648,-87.6560489219,60643,,,,,,,
crash_03112,2018-03-21 16:45:00,2018,3,Mar,Wed,16,Evening commute,30,UNKNOWN,CLEAR,DAYLIGHT,PARKED MOTOR VEHICLE,NOT DIVIDED,UNKNOWN,NO INJURY / DRIVE AWAY,,true,"OVER $1,500",UNABLE TO DETERMINE,2,NO INDICATION OF INJURY,0,0,41.8998940118,-87.6371507355,60610,"CHICAGO MIDWAY AIRPORT, IL US",39.0,13.0,34.0,0.0,10.0,13.0
crash_03113,2023-06-04 08:15:00,2023,6,Jun,Sun,8,Morning commute,30,NO CONTROLS,CLEAR,DAYLIGHT,SIDESWIPE SAME DIRECTION,NOT DIVIDED,DRY,INJURY AND / OR TOW DUE TO CRASH,,,"OVER $1,500",IMPROPER LANE USAGE,2,NO INDICATION OF INJURY,0,0,41.7990820564,-87.703863023,60632,"CHICAGO MIDWAY AIRPORT, IL US",71.0,48.0,44.0,0.0,10.0,13.0
crash_03114,2021-06-22 21:45:00,2021,6,Jun,Tue,21,Night or early morning,30,TRAFFIC SIGNAL,CLEAR,"DARKNESS, LIGHTED ROAD",PARKED MOTOR VEHICLE,NOT DIVIDED,DRY,INJURY AND / OR TOW DUE TO CRASH,true,true,"OVER $1,500",DISREGARDING TRAFFIC SIGNALS,4,INCAPACITATING INJURY,1,0,41.8769759488,-87.7256659372,60624,"CHICAGO MIDWAY AIRPORT, IL US",71.0,44.0,38.0,0.0,10.0,6.0
crash_03115,2021-01-22 10:37:00,2021,1,Jan,Fri,10,Daytime,30,NO CONTROLS,UNKNOWN,UNKNOWN,PARKED MOTOR VEHICLE,NOT DIVIDED,UNKNOWN,NO INJURY / DRIVE AWAY,,,"$501 - $1,500",NOT APPLICABLE,2,NO INDICATION OF INJURY,0,0,41.8160949572,-87.734353789,60632,"CHICAGO MIDWAY AIRPORT, IL US",18.0,1.0,47.0,0.0,10.0,10.0
crash_03116,2025-11-09 20:15:00,2025,11,Nov,Sun,20,Night or early morning,30,NO CONTROLS,SNOW,"DARKNESS, LIGHTED ROAD",SIDESWIPE SAME DIRECTION,ONE-WAY,SNOW OR SLUSH,NO INJURY / DRIVE AWAY,,,"OVER $1,500",IMPROPER OVERTAKING/PASSING,2,NO INDICATION OF INJURY,0,0,41.8868757954,-87.6246851867,60601,,,,,,,
crash_03117,2018-08-04 06:30:00,2018,8,Aug,Sat,6,Morning commute,30,NO CONTROLS,CLEAR,DAYLIGHT,PARKED MOTOR VEHICLE,ONE-WAY,DRY,NO INJURY / DRIVE AWAY,,true,"OVER $1,500",UNABLE TO DETERMINE,2,NO INDICATION OF INJURY,0,0,41.894828738,-87.7173680586,60624,"CHICAGO MIDWAY AIRPORT, IL US",74.0,69.0,85.0,0.0,10.0,6.0
crash_03118,2025-08-26 08:20:00,2025,8,Aug,Tue,8,Morning commute,30,NO CONTROLS,CLEAR,DAYLIGHT,REAR END,NOT DIVIDED,DRY,NO INJURY / DRIVE AWAY,,,"OVER $1,500",UNABLE TO DETERMINE,2,NO INDICATION OF INJURY,0,0,41.7899789931,-87.5790202486,60637,,,,,,,
crash_03119,2018-05-11 11:00:00,2018,5,May,Fri,11,Daytime,30,STOP SIGN/FLASHER,CLEAR,DAYLIGHT,TURNING,ONE-WAY,DRY,INJURY AND / OR TOW DUE TO CRASH,true,,"$501 - $1,500",IMPROPER TURNING/NO SIGNAL,2,NO INDICATION OF INJURY,0,0,41.9233866399,-87.6571227018,60614,"CHICAGO MIDWAY AIRPORT, IL US",53.0,44.0,72.0,0.0,10.0,15.0
crash_03120,2022-11-28 10:00:00,2022,11,Nov,Mon,10,Daytime,10,NO CONTROLS,CLEAR,DAYLIGHT,PARKED MOTOR VEHICLE,PARKING LOT,DRY,NO INJURY / DRIVE AWAY,,true,"OVER $1,500",UNABLE TO DETERMINE,2,NO INDICATION OF INJURY,0,0,41.9298489966,-87.6846437835,60647,"CHICAGO MIDWAY AIRPORT, IL US",42.0,30.0,62.0,0.0,10.0,6.0
crash_03121,2024-03-03 15:35:00,2024,3,Mar,Sun,15,Evening commute,15,NO CONTROLS,CLEAR,DAYLIGHT,PARKED MOTOR VEHICLE,NOT DIVIDED,DRY,NO INJURY / DRIVE AWAY,,true,"OVER $1,500",UNABLE TO DETERMINE,2,NO INDICATION OF INJURY,0,0,41.7245548323,-87.6285851545,60620,"CHICAGO MIDWAY AIRPORT, IL US",73.0,38.0,28.0,0.0,10.0,22.0
crash_03122,2018-04-30 07:15:00,2018,4,Apr,Mon,7,Morning commute,40,NO CONTROLS,CLEAR,DAYLIGHT,OTHER NONCOLLISION,DIVIDED - W/MEDIAN BARRIER,DRY,NO INJURY / DRIVE AWAY,,,$500 OR LESS,ROAD ENGINEERING/SURFACE/MARKING DEFECTS,1,NO INDICATION OF INJURY,0,0,41.9851581697,-87.653445562,60660,"CHICAGO OHARE INTERNATIONAL AIRPORT, IL US",45.0,20.0,37.0,0.0,10.0,8.0
crash_03123,2018-05-30 09:00:00,2018,5,May,Wed,9,Morning commute,30,STOP SIGN/FLASHER,CLEAR,DAYLIGHT,ANGLE,NOT DIVIDED,DRY,INJURY AND / OR TOW DUE TO CRASH,true,,"OVER $1,500",UNABLE TO DETERMINE,2,NO INDICATION OF INJURY,0,0,41.9508709042,-87.8049073339,60634,"CHICAGO OHARE INTERNATIONAL AIRPORT, IL US",77.0,66.0,69.0,0.0,10.0,7.0
crash_03124,2023-01-13 15:54:00,2023,1,Jan,Fri,15,Evening commute,30,TRAFFIC SIGNAL,CLEAR,DAYLIGHT,REAR END,T-INTERSECTION,DRY,NO INJURY / DRIVE AWAY,true,,"OVER $1,500",FOLLOWING TOO CLOSELY,2,NO INDICATION OF INJURY,0,0,41.6633443137,-87.6219785505,60628,"CHICAGO MIDWAY AIRPORT, IL US",30.0,23.0,75.0,0.0,9.0,18.0
crash_03125,2023-10-19 12:10:00,2023,10,Oct,Thu,12,Daytime,30,NO CONTROLS,CLEAR,DAYLIGHT,PARKED MOTOR VEHICLE,NOT DIVIDED,DRY,INJURY AND / OR TOW DUE TO CRASH,,,"$501 - $1,500",NOT APPLICABLE,2,NO INDICATION OF INJURY,0,0,41.950594191,-87.6645936982,60613,"CHICAGO MIDWAY AIRPORT, IL US",58.0,52.0,81.0,0.0,10.0,7.0
crash_03126,2019-08-06 11:00:00,2019,8,Aug,Tue,11,Daytime,30,NO CONTROLS,CLEAR,DAYLIGHT,SIDESWIPE SAME DIRECTION,DIVIDED - W/MEDIAN (NOT RAISED),DRY,NO INJURY / DRIVE AWAY,,,"OVER $1,500",UNABLE TO DETERMINE,2,NO INDICATION OF INJURY,0,0,41.7949097438,-87.615737415,60615,"CHICAGO MIDWAY AIRPORT, IL US",76.0,66.0,72.0,0.0,10.0,10.0
crash_03127,2025-07-19 00:50:00,2025,7,Jul,Sat,0,Night or early morning,25,TRAFFIC SIGNAL,CLEAR,"DARKNESS, LIGHTED ROAD",REAR END,UNKNOWN,DRY,INJURY AND / OR TOW DUE TO CRASH,true,true,"OVER $1,500",FOLLOWING TOO CLOSELY,3,NO INDICATION OF INJURY,0,0,41.9234886738,-87.7952973222,60707,"CHICAGO OHARE INTERNATIONAL AIRPORT, IL US",74.0,66.0,76.0,0.0,10.0,0.0
crash_03128,2019-02-16 07:40:00,2019,2,Feb,Sat,7,Morning commute,30,STOP SIGN/FLASHER,CLEAR,"DARKNESS, LIGHTED ROAD",ANGLE,DIVIDED - W/MEDIAN (NOT RAISED),DRY,NO INJURY / DRIVE AWAY,true,,"$501 - $1,500",DISREGARDING STOP SIGN,2,NO INDICATION OF INJURY,0,0,41.7570234412,-87.5713765466,60649,"CHICAGO MIDWAY AIRPORT, IL US",20.0,11.0,68.0,0.0,10.0,6.0
crash_03129,2019-09-17 06:35:00,2019,9,Sep,Tue,6,Morning commute,30,TRAFFIC SIGNAL,CLEAR,DAYLIGHT,TURNING,NOT DIVIDED,DRY,INJURY AND / OR TOW DUE TO CRASH,true,,"OVER $1,500",UNABLE TO DETERMINE,2,NONINCAPACITATING INJURY,2,0,41.8758939409,-87.7012249646,60612,"CHICAGO MIDWAY AIRPORT, IL US",67.0,65.0,93.0,,5.0,8.0
crash_03130,2022-08-12 21:36:00,2022,8,Aug,Fri,21,Night or early morning,30,STOP SIGN/FLASHER,CLEAR,"DARKNESS, LIGHTED ROAD",ANGLE,FOUR WAY,DRY,INJURY AND / OR TOW DUE TO CRASH,true,,"OVER $1,500",FAILING TO REDUCE SPEED TO AVOID CRASH,2,"REPORTED, NOT EVIDENT",1,0,41.9830299576,-87.7732509601,60646,"CHICAGO OHARE INTERNATIONAL AIRPORT, IL US",72.0,57.0,59.0,0.0,10.0,3.0
crash_03131,2019-04-14 16:15:00,2019,4,Apr,Sun,16,Evening commute,30,STOP SIGN/FLASHER,SNOW,DAYLIGHT,TURNING,DIVIDED - W/MEDIAN BARRIER,WET,INJURY AND / OR TOW DUE TO CRASH,true,,"OVER $1,500",FAILING TO YIELD RIGHT-OF-WAY,2,NONINCAPACITATING INJURY,2,0,41.7429998614,-87.5852066168,60617,"CHICAGO MIDWAY AIRPORT, IL US",34.0,32.0,92.0,0.01,1.5,22.0
crash_03132,2019-05-16 10:45:00,2019,5,May,Thu,10,Daytime,30,TRAFFIC SIGNAL,CLEAR,DAYLIGHT,SIDESWIPE SAME DIRECTION,NOT DIVIDED,DRY,NO INJURY / DRIVE AWAY,,,"$501 - $1,500",IMPROPER OVERTAKING/PASSING,2,NO INDICATION OF INJURY,0,0,41.8637391948,-87.6239241337,60605,"CHICAGO MIDWAY AIRPORT, IL US",71.0,57.0,61.0,0.0,10.0,14.0
crash_03133,2025-12-22 18:30:00,2025,12,Dec,Mon,18,Evening commute,30,NO CONTROLS,CLEAR,"DARKNESS, LIGHTED ROAD",REAR END,DIVIDED - W/MEDIAN (NOT RAISED),DRY,NO INJURY / DRIVE AWAY,,true,"$501 - $1,500",FOLLOWING TOO CLOSELY,2,NO INDICATION OF INJURY,0,0,41.7495098812,-87.7312276045,60652,,,,,,,
crash_03134,2024-08-15 17:19:00,2024,8,Aug,Thu,17,Evening commute,35,UNKNOWN,CLEAR,DAYLIGHT,PEDESTRIAN,NOT DIVIDED,UNKNOWN,INJURY AND / OR TOW DUE TO CRASH,,,"OVER $1,500",NOT APPLICABLE,2,NONINCAPACITATING INJURY,1,0,41.8159388307,-87.6554788685,60609,"CHICAGO MIDWAY AIRPORT, IL US",75.0,68.0,79.0,0.0,10.0,13.0
crash_03135,2024-06-27 02:12:00,2024,6,Jun,Thu,2,Night or early morning,30,NO CONTROLS,CLEAR,"DARKNESS, LIGHTED ROAD",OTHER OBJECT,NOT DIVIDED,DRY,INJURY AND / OR TOW DUE TO CRASH,true,,"OVER $1,500",PHYSICAL CONDITION OF DRIVER,1,NO INDICATION OF INJURY,0,0,41.843955257,-87.694495706,60608,"CHICAGO MIDWAY AIRPORT, IL US",66.0,56.0,70.0,0.0,10.0,10.0
crash_03136,2024-10-18 19:02:00,2024,10,Oct,Fri,19,Night or early morning,30,TRAFFIC SIGNAL,UNKNOWN,"DARKNESS, LIGHTED ROAD",SIDESWIPE SAME DIRECTION,NOT DIVIDED,UNKNOWN,NO INJURY / DRIVE AWAY,true,,"OVER $1,500",IMPROPER LANE USAGE,2,NO INDICATION OF INJURY,0,0,41.9316782642,-87.7270974227,60639,"CHICAGO MIDWAY AIRPORT, IL US",65.0,33.0,31.0,0.0,10.0,5.0
crash_03137,2024-06-14 18:30:00,2024,6,Jun,Fri,18,Evening commute,30,TRAFFIC SIGNAL,CLEAR,DUSK,SIDESWIPE SAME DIRECTION,NOT DIVIDED,DRY,NO INJURY / DRIVE AWAY,true,,"OVER $1,500",UNABLE TO DETERMINE,2,NO INDICATION OF INJURY,0,0,41.8961057307,-87.6719477136,60622,"CHICAGO MIDWAY AIRPORT, IL US",74.0,52.0,46.0,0.0,10.0,16.0
crash_03138,2024-07-29 23:38:00,2024,7,Jul,Mon,23,Night or early morning,45,NO CONTROLS,CLEAR,"DARKNESS, LIGHTED ROAD",REAR END,DIVIDED - W/MEDIAN BARRIER,DRY,NO INJURY / DRIVE AWAY,,,"OVER $1,500",FOLLOWING TOO CLOSELY,3,NO INDICATION OF INJURY,0,0,41.8577163376,-87.6161844555,60616,"CHICAGO MIDWAY AIRPORT, IL US",74.0,69.0,85.0,0.0,10.0,3.0
crash_03139,2020-06-19 12:50:00,2020,6,Jun,Fri,12,Daytime,25,TRAFFIC SIGNAL,CLEAR,DAYLIGHT,TURNING,FOUR WAY,DRY,NO INJURY / DRIVE AWAY,true,,$500 OR LESS,IMPROPER LANE USAGE,2,NO INDICATION OF INJURY,0,0,41.8672734926,-87.6462287708,60607,"CHICAGO MIDWAY AIRPORT, IL US",91.0,56.0,31.0,0.0,10.0,10.0
crash_03140,2018-06-07 16:04:00,2018,6,Jun,Thu,16,Evening commute,20,SCHOOL ZONE,CLEAR,DAYLIGHT,PEDESTRIAN,DIVIDED - W/MEDIAN (NOT RAISED),DRY,INJURY AND / OR TOW DUE TO CRASH,,,$500 OR LESS,UNABLE TO DETERMINE,2,NONINCAPACITATING INJURY,1,0,41.8738423888,-87.7022414867,60612,"CHICAGO MIDWAY AIRPORT, IL US",80.0,58.0,47.0,0.0,10.0,13.0
crash_03141,2025-10-28 18:30:00,2025,10,Oct,Tue,18,Evening commute,30,TRAFFIC SIGNAL,CLEAR,"DARKNESS, LIGHTED ROAD",TURNING,FOUR WAY,DRY,NO INJURY / DRIVE AWAY,true,,"OVER $1,500",FOLLOWING TOO CLOSELY,2,NO INDICATION OF INJURY,0,0,41.7508910466,-87.6259685054,60620,,,,,,,
crash_03142,2025-06-11 14:18:00,2025,6,Jun,Wed,14,Daytime,30,TRAFFIC SIGNAL,CLEAR,DAYLIGHT,REAR END,NOT DIVIDED,DRY,NO INJURY / DRIVE AWAY,true,,"OVER $1,500",FAILING TO REDUCE SPEED TO AVOID CRASH,2,NO INDICATION OF INJURY,0,0,41.7139645656,-87.6538074783,60643,"CHICAGO MIDWAY AIRPORT, IL US",88.0,57.0,35.0,0.0,10.0,13.0
crash_03143,2019-10-18 21:30:00,2019,10,Oct,Fri,21,Night or early morning,30,NO CONTROLS,CLEAR,DARKNESS,REAR END,DIVIDED - W/MEDIAN (NOT RAISED),DRY,INJURY AND / OR TOW DUE TO CRASH,,,"OVER $1,500",FAILING TO REDUCE SPEED TO AVOID CRASH,2,NONINCAPACITATING INJURY,1,0,41.9391185477,-87.7163922938,60618,"CHICAGO MIDWAY AIRPORT, IL US",53.0,39.0,59.0,0.0,10.0,8.0
crash_03144,2024-07-04 20:37:00,2024,7,Jul,Thu,20,Night or early morning,30,NO CONTROLS,CLEAR,"DARKNESS, LIGHTED ROAD",PARKED MOTOR VEHICLE,DIVIDED - W/MEDIAN (NOT RAISED),DRY,NO INJURY / DRIVE AWAY,,true,"OVER $1,500",IMPROPER BACKING,2,NO INDICATION OF INJURY,0,0,41.9975281756,-87.6952160587,60659,"CHICAGO OHARE INTERNATIONAL AIRPORT, IL US",78.0,63.0,60.0,0.0,10.0,3.0
crash_03145,2025-03-27 17:00:00,2025,3,Mar,Thu,17,Evening commute,30,NO CONTROLS,CLOUDY/OVERCAST,DAYLIGHT,TURNING,NOT DIVIDED,UNKNOWN,INJURY AND / OR TOW DUE TO CRASH,,,"OVER $1,500",FAILING TO YIELD RIGHT-OF-WAY,2,NONINCAPACITATING INJURY,1,0,41.6668044346,-87.6413936025,60628,"CHICAGO MIDWAY AIRPORT, IL US",53.0,37.0,55.0,0.0,10.0,9.0
crash_03146,2021-08-06 13:00:00,2021,8,Aug,Fri,13,Daytime,30,TRAFFIC SIGNAL,CLEAR,DAYLIGHT,REAR END,NOT DIVIDED,WET,NO INJURY / DRIVE AWAY,true,,"OVER $1,500",FOLLOWING TOO CLOSELY,2,NO INDICATION OF INJURY,0,0,41.8965366296,-87.6304633243,60654,"CHICAGO MIDWAY AIRPORT, IL US",77.0,64.0,64.0,0.06,6.0,8.0
crash_03147,2023-05-02 08:15:00,2023,5,May,Tue,8,Morning commute,30,NO CONTROLS,CLEAR,UNKNOWN,PARKED MOTOR VEHICLE,PARKING LOT,UNKNOWN,NO INJURY / DRIVE AWAY,,,"OVER $1,500",UNABLE TO DETERMINE,2,NO INDICATION OF INJURY,0,0,41.8659752788,-87.6239706385,60605,"CHICAGO MIDWAY AIRPORT, IL US",45.0,32.0,61.0,0.0,10.0,16.0
crash_03148,2024-10-09 14:20:00,2024,10,Oct,Wed,14,Daytime,30,NO CONTROLS,CLEAR,DAYLIGHT,PARKED MOTOR VEHICLE,DIVIDED - W/MEDIAN (NOT RAISED),DRY,NO INJURY / DRIVE AWAY,,true,$500 OR LESS,FOLLOWING TOO CLOSELY,2,NO INDICATION OF INJURY,0,0,41.9401445132,-87.6448684604,60657,"CHICAGO MIDWAY AIRPORT, IL US",69.0,46.0,44.0,0.0,10.0,10.0
crash_03149,2024-02-24 11:30:00,2024,2,Feb,Sat,11,Daytime,30,NO CONTROLS,CLEAR,DAYLIGHT,SIDESWIPE SAME DIRECTION,NOT DIVIDED,DRY,NO INJURY / DRIVE AWAY,,,"OVER $1,500",FAILING TO YIELD RIGHT-OF-WAY,2,NO INDICATION OF INJURY,0,0,41.8968282565,-87.6250016102,60611,"CHICAGO MIDWAY AIRPORT, IL US",30.0,16.0,56.0,0.0,10.0,0.0
crash_03150,2025-05-09 22:00:00,2025,5,May,Fri,22,Night or early morning,30,NO CONTROLS,CLEAR,"DARKNESS, LIGHTED ROAD",REAR END,ALLEY,DRY,NO INJURY / DRIVE AWAY,true,,"OVER $1,500",IMPROPER BACKING,2,NO INDICATION OF INJURY,0,0,41.9257004271,-87.6634939824,60614,"CHICAGO MIDWAY AIRPORT, IL US",55.0,14.0,20.0,0.0,10.0,5.0
crash_03151,2025-03-09 16:15:00,2025,3,Mar,Sun,16,Evening commute,15,NO CONTROLS,CLEAR,DAYLIGHT,REAR TO SIDE,PARKING LOT,DRY,NO INJURY / DRIVE AWAY,,,"OVER $1,500",IMPROPER BACKING,2,NO INDICATION OF INJURY,0,0,41.822958463,-87.691425915,60632,"CHICAGO MIDWAY AIRPORT, IL US",59.0,30.0,33.0,0.0,10.0,18.0
crash_03152,2024-02-08 06:53:00,2024,2,Feb,Thu,6,Morning commute,30,NO CONTROLS,CLEAR,DAYLIGHT,SIDESWIPE SAME DIRECTION,FOUR WAY,DRY,NO INJURY / DRIVE AWAY,true,,"OVER $1,500",DISREGARDING STOP SIGN,2,NO INDICATION OF INJURY,0,0,41.8283488238,-87.684549272,60609,"CHICAGO MIDWAY AIRPORT, IL US",49.0,34.0,56.0,0.0,10.0,13.0
crash_03153,2023-07-25 22:00:00,2023,7,Jul,Tue,22,Night or early morning,30,NO CONTROLS,UNKNOWN,"DARKNESS, LIGHTED ROAD",OTHER OBJECT,NOT DIVIDED,UNKNOWN,NO INJURY / DRIVE AWAY,,,$500 OR LESS,UNABLE TO DETERMINE,1,NO INDICATION OF INJURY,0,0,41.975355803,-87.65189745,60640,"CHICAGO MIDWAY AIRPORT, IL US",82.0,66.0,58.0,0.0,6.0,9.0
crash_03154,2022-12-06 05:55:00,2022,12,Dec,Tue,5,Night or early morning,30,TRAFFIC SIGNAL,CLEAR,DAWN,TURNING,FOUR WAY,DRY,INJURY AND / OR TOW DUE TO CRASH,true,,"OVER $1,500",FAILING TO YIELD RIGHT-OF-WAY,2,NONINCAPACITATING INJURY,1,0,41.6661129912,-87.5590030803,60633,"CHICAGO MIDWAY AIRPORT, IL US",40.0,34.0,79.0,0.0,9.0,9.0
crash_03155,2025-04-04 15:45:00,2025,4,Apr,Fri,15,Evening commute,30,TRAFFIC SIGNAL,CLEAR,DAYLIGHT,TURNING,T-INTERSECTION,DRY,NO INJURY / DRIVE AWAY,true,true,"OVER $1,500",EQUIPMENT - VEHICLE CONDITION,2,NO INDICATION OF INJURY,0,0,41.867594625,-87.6224974739,60605,"CHICAGO MIDWAY AIRPORT, IL US",49.0,34.0,56.0,0.0,10.0,10.0
crash_03156,2024-10-10 12:30:00,2024,10,Oct,Thu,12,Daytime,20,NO CONTROLS,CLEAR,DAYLIGHT,PARKED MOTOR VEHICLE,NOT DIVIDED,DRY,NO INJURY / DRIVE AWAY,,true,"OVER $1,500",UNABLE TO DETERMINE,2,NO INDICATION OF INJURY,0,0,41.9387259373,-87.7175268395,60618,"CHICAGO MIDWAY AIRPORT, IL US",70.0,36.0,29.0,0.0,10.0,8.0
crash_03157,2022-06-22 17:37:00,2022,6,Jun,Wed,17,Evening commute,30,TRAFFIC SIGNAL,CLEAR,DAYLIGHT,TURNING,T-INTERSECTION,DRY,NO INJURY / DRIVE AWAY,true,true,"$501 - $1,500",IMPROPER LANE USAGE,2,NO INDICATION OF INJURY,0,0,41.8817242769,-87.6572260318,60607,"CHICAGO MIDWAY AIRPORT, IL US",90.0,52.0,27.0,0.0,10.0,18.0
crash_03158,2020-06-19 12:50:00,2020,6,Jun,Fri,12,Daytime,30,UNKNOWN,CLEAR,DAYLIGHT,REAR END,NOT DIVIDED,WET,NO INJURY / DRIVE AWAY,,,"OVER $1,500",UNABLE TO DETERMINE,2,NO INDICATION OF INJURY,0,0,41.69433972,-87.681090502,60643,"CHICAGO MIDWAY AIRPORT, IL US",91.0,56.0,31.0,0.0,10.0,10.0
crash_03159,2022-12-18 17:49:00,2022,12,Dec,Sun,17,Evening commute,30,UNKNOWN,CLEAR,DAWN,PARKED MOTOR VEHICLE,NOT DIVIDED,DRY,INJURY AND / OR TOW DUE TO CRASH,,,"OVER $1,500",DRIVING ON WRONG SIDE/WRONG WAY,3,NO INDICATION OF INJURY,0,0,41.7440967438,-87.6038581923,60619,"CHICAGO MIDWAY AIRPORT, IL US",18.0,10.0,71.0,0.0,10.0,15.0
crash_03160,2018-03-15 08:00:00,2018,3,Mar,Thu,8,Morning commute,0,NO CONTROLS,CLEAR,DAYLIGHT,REAR END,ONE-WAY,DRY,NO INJURY / DRIVE AWAY,,true,"$501 - $1,500",FOLLOWING TOO CLOSELY,2,NO INDICATION OF INJURY,0,0,41.8887803535,-87.63384137,60654,"CHICAGO MIDWAY AIRPORT, IL US",33.0,26.0,75.0,0.0,10.0,5.0
crash_03161,2024-05-12 13:34:00,2024,5,May,Sun,13,Daytime,30,NO CONTROLS,CLEAR,DAYLIGHT,PARKED MOTOR VEHICLE,ONE-WAY,DRY,INJURY AND / OR TOW DUE TO CRASH,,,"OVER $1,500",UNABLE TO DETERMINE,2,NO INDICATION OF INJURY,0,0,41.903913701,-87.759163156,60651,"CHICAGO MIDWAY AIRPORT, IL US",81.0,46.0,29.0,0.0,10.0,11.0
crash_03162,2024-01-04 19:20:00,2024,1,Jan,Thu,19,Night or early morning,30,STOP SIGN/FLASHER,CLEAR,"DARKNESS, LIGHTED ROAD",ANGLE,NOT DIVIDED,DRY,INJURY AND / OR TOW DUE TO CRASH,,true,"OVER $1,500",DISREGARDING STOP SIGN,2,NO INDICATION OF INJURY,0,0,41.9022491861,-87.7660302726,60651,"CHICAGO MIDWAY AIRPORT, IL US",33.0,21.0,61.0,0.0,10.0,3.0
crash_03163,2019-01-18 17:30:00,2019,1,Jan,Fri,17,Evening commute,30,NO CONTROLS,CLEAR,"DARKNESS, LIGHTED ROAD",PARKED MOTOR VEHICLE,DIVIDED - W/MEDIAN (NOT RAISED),DRY,NO INJURY / DRIVE AWAY,,true,"OVER $1,500",UNABLE TO DETERMINE,2,NO INDICATION OF INJURY,0,0,41.8670623879,-87.623997862,60605,"CHICAGO MIDWAY AIRPORT, IL US",30.0,22.0,72.0,0.0,10.0,20.0
crash_03164,2025-06-06 17:20:00,2025,6,Jun,Fri,17,Evening commute,30,TRAFFIC SIGNAL,CLEAR,DAYLIGHT,REAR END,NOT DIVIDED,DRY,NO INJURY / DRIVE AWAY,true,,"OVER $1,500",FOLLOWING TOO CLOSELY,2,NO INDICATION OF INJURY,0,0,42.0031475725,-87.6722027851,60626,"CHICAGO OHARE INTERNATIONAL AIRPORT, IL US",74.0,53.0,48.0,0.0,6.0,11.0
crash_03165,2023-04-07 17:30:00,2023,4,Apr,Fri,17,Evening commute,30,TRAFFIC SIGNAL,CLEAR,DAYLIGHT,ANGLE,DIVIDED - W/MEDIAN (NOT RAISED),DRY,INJURY AND / OR TOW DUE TO CRASH,,,"OVER $1,500",UNABLE TO DETERMINE,2,"REPORTED, NOT EVIDENT",1,0,41.7598295533,-87.6832659347,60629,"CHICAGO MIDWAY AIRPORT, IL US",46.0,19.0,34.0,0.0,10.0,11.0
crash_03166,2021-05-03 13:25:00,2021,5,May,Mon,13,Daytime,30,NO CONTROLS,CLEAR,DAYLIGHT,PARKED MOTOR VEHICLE,NOT DIVIDED,DRY,NO INJURY / DRIVE AWAY,,false,$500 OR LESS,FAILING TO REDUCE SPEED TO AVOID CRASH,2,NO INDICATION OF INJURY,0,0,41.9044319426,-87.7559712673,60651,"CHICAGO MIDWAY AIRPORT, IL US",66.0,57.0,73.0,,10.0,6.0
crash_03167,2018-05-19 13:05:00,2018,5,May,Sat,13,Daytime,0,STOP SIGN/FLASHER,CLEAR,DAYLIGHT,ANGLE,OTHER,DRY,NO INJURY / DRIVE AWAY,true,,"OVER $1,500",UNABLE TO DETERMINE,2,NO INDICATION OF INJURY,0,0,41.7088773504,-87.6233746825,60628,"CHICAGO MIDWAY AIRPORT, IL US",67.0,61.0,81.0,0.0,10.0,9.0