crash_id,crash_datetime,crash_year,crash_month,crash_month_name,crash_weekday_name,crash_hour,time_period,posted_speed_limit_mph,traffic_control_device,reported_weather_condition,reported_lighting_condition,first_crash_type,trafficway_type,reported_road_surface_condition,crash_type,intersection_related,hit_and_run,estimated_damage,primary_contributory_cause,unit_count,most_severe_injury,injuries_total,injuries_fatal,latitude,longitude,zip5,weather_station_name,temperature_f,dew_point_f,relative_humidity_percent,precipitation_inches,visibility_miles,wind_speed_mph
crash_03168,2018-11-19 18:28:00,2018,11,Nov,Mon,18,Evening commute,30,NO CONTROLS,CLEAR,"DARKNESS, LIGHTED ROAD",SIDESWIPE SAME DIRECTION,NOT DIVIDED,DRY,NO INJURY / DRIVE AWAY,,,$500 OR LESS,IMPROPER OVERTAKING/PASSING,2,NO INDICATION OF INJURY,0,0,41.9676582378,-87.7607319762,60630,"CHICAGO OHARE INTERNATIONAL AIRPORT, IL US",34.0,28.0,79.0,0.0,9.0,3.0
crash_03169,2025-08-17 02:00:00,2025,8,Aug,Sun,2,Night or early morning,30,TRAFFIC SIGNAL,RAIN,DARKNESS,REAR END,NOT DIVIDED,WET,NO INJURY / DRIVE AWAY,,,"OVER $1,500",FOLLOWING TOO CLOSELY,2,NO INDICATION OF INJURY,0,0,41.8576186354,-87.7055694743,60623,"CHICAGO MIDWAY AIRPORT, IL US",75.0,71.0,88.0,0.03,8.0,7.0
crash_03170,2023-08-13 05:32:00,2023,8,Aug,Sun,5,Night or early morning,30,TRAFFIC SIGNAL,CLEAR,DAWN,ANGLE,FOUR WAY,DRY,INJURY AND / OR TOW DUE TO CRASH,true,,"OVER $1,500",DISREGARDING TRAFFIC SIGNALS,2,NONINCAPACITATING INJURY,1,0,41.7985582782,-87.7430718662,60638,"CHICAGO MIDWAY AIRPORT, IL US",68.0,59.0,73.0,0.0,10.0,0.0
crash_03171,2019-10-15 16:20:00,2019,10,Oct,Tue,16,Evening commute,30,NO CONTROLS,RAIN,DAWN,PARKED MOTOR VEHICLE,DIVIDED - W/MEDIAN (NOT RAISED),UNKNOWN,NO INJURY / DRIVE AWAY,,,"OVER $1,500",UNABLE TO DETERMINE,2,NO INDICATION OF INJURY,0,0,41.9140291063,-87.6874632559,60647,"CHICAGO MIDWAY AIRPORT, IL US",65.0,55.0,70.0,0.0,10.0,10.0
crash_03172,2022-10-12 13:30:00,2022,10,Oct,Wed,13,Daytime,25,NO CONTROLS,RAIN,DAYLIGHT,PARKED MOTOR VEHICLE,NOT DIVIDED,WET,NO INJURY / DRIVE AWAY,,,"$501 - $1,500",UNABLE TO DETERMINE,2,NO INDICATION OF INJURY,0,0,41.9977695108,-87.694030312,60645,"CHICAGO OHARE INTERNATIONAL AIRPORT, IL US",62.0,56.0,80.0,0.01,10.0,20.0
crash_03173,2019-03-09 14:00:00,2019,3,Mar,Sat,14,Daytime,5,NO CONTROLS,RAIN,DAYLIGHT,PARKED MOTOR VEHICLE,PARKING LOT,WET,NO INJURY / DRIVE AWAY,,true,$500 OR LESS,UNABLE TO DETERMINE,2,NO INDICATION OF INJURY,0,0,41.6541260157,-87.6160275825,60827,"CHICAGO MIDWAY AIRPORT, IL US",40.0,33.0,77.0,0.02,7.0,22.0
crash_03174,2018-07-03 16:09:00,2018,7,Jul,Tue,16,Evening commute,35,TRAFFIC SIGNAL,CLEAR,DAYLIGHT,TURNING,NOT DIVIDED,DRY,NO INJURY / DRIVE AWAY,,true,"OVER $1,500",IMPROPER OVERTAKING/PASSING,2,NO INDICATION OF INJURY,0,0,41.9255403154,-87.6489121555,60614,"CHICAGO MIDWAY AIRPORT, IL US",89.0,71.0,55.0,0.0,10.0,14.0
crash_03175,2022-05-19 19:30:00,2022,5,May,Thu,19,Night or early morning,30,TRAFFIC SIGNAL,CLEAR,DAYLIGHT,REAR END,FOUR WAY,DRY,INJURY AND / OR TOW DUE TO CRASH,true,,"$501 - $1,500",DRIVING SKILLS/KNOWLEDGE/EXPERIENCE,2,"REPORTED, NOT EVIDENT",1,0,41.8474630935,-87.6234763871,60616,"CHICAGO MIDWAY AIRPORT, IL US",84.0,58.0,41.0,0.0,10.0,18.0
crash_03176,2023-08-01 17:15:00,2023,8,Aug,Tue,17,Evening commute,25,TRAFFIC SIGNAL,CLEAR,DAYLIGHT,TURNING,NOT DIVIDED,DRY,NO INJURY / DRIVE AWAY,true,true,"OVER $1,500",UNABLE TO DETERMINE,2,NO INDICATION OF INJURY,0,0,41.8883332721,-87.6222359916,60601,"CHICAGO MIDWAY AIRPORT, IL US",84.0,60.0,44.0,0.0,10.0,5.0
crash_03177,2022-05-10 13:00:00,2022,5,May,Tue,13,Daytime,30,STOP SIGN/FLASHER,CLEAR,DAYLIGHT,ANGLE,FOUR WAY,DRY,INJURY AND / OR TOW DUE TO CRASH,true,,"OVER $1,500",FAILING TO YIELD RIGHT-OF-WAY,3,NO INDICATION OF INJURY,0,0,41.7643432551,-87.566632526,60649,"CHICAGO MIDWAY AIRPORT, IL US",86.0,68.0,55.0,0.0,10.0,10.0
crash_03178,2022-06-16 15:35:00,2022,6,Jun,Thu,15,Evening commute,30,NO CONTROLS,CLEAR,DAYLIGHT,PEDALCYCLIST,T-INTERSECTION,DRY,INJURY AND / OR TOW DUE TO CRASH,true,,$500 OR LESS,UNABLE TO DETERMINE,2,NONINCAPACITATING INJURY,1,0,41.9978723263,-87.6755989011,60660,"CHICAGO OHARE INTERNATIONAL AIRPORT, IL US",93.0,50.0,23.0,0.0,10.0,18.0
crash_03179,2019-05-21 08:25:00,2019,5,May,Tue,8,Morning commute,30,TRAFFIC SIGNAL,RAIN,DAYLIGHT,TURNING,DIVIDED - W/MEDIAN BARRIER,DRY,NO INJURY / DRIVE AWAY,true,,"OVER $1,500",IMPROPER TURNING/NO SIGNAL,2,NO INDICATION OF INJURY,0,0,41.8894037757,-87.6244262679,60611,"CHICAGO MIDWAY AIRPORT, IL US",49.0,44.0,83.0,0.0,10.0,13.0
crash_03180,2024-12-03 13:11:00,2024,12,Dec,Tue,13,Daytime,30,TRAFFIC SIGNAL,CLEAR,DAYLIGHT,TURNING,FOUR WAY,DRY,NO INJURY / DRIVE AWAY,,true,"OVER $1,500",IMPROPER TURNING/NO SIGNAL,2,NO INDICATION OF INJURY,0,0,41.793462948,-87.6303401977,60621,,,,,,,
crash_03181,2020-07-31 16:13:00,2020,7,Jul,Fri,16,Evening commute,30,STOP SIGN/FLASHER,CLEAR,DAYLIGHT,ANGLE,FOUR WAY,DRY,INJURY AND / OR TOW DUE TO CRASH,true,,"OVER $1,500",DISREGARDING YIELD SIGN,4,NONINCAPACITATING INJURY,2,0,41.9070942004,-87.7290300226,60651,"CHICAGO MIDWAY AIRPORT, IL US",80.0,55.0,42.0,0.0,10.0,14.0
crash_03182,2021-11-18 14:55:00,2021,11,Nov,Thu,14,Daytime,30,NO CONTROLS,BLOWING SNOW,DAYLIGHT,SIDESWIPE SAME DIRECTION,ONE-WAY,DRY,NO INJURY / DRIVE AWAY,,,"OVER $1,500",UNABLE TO DETERMINE,2,NO INDICATION OF INJURY,0,0,41.8752505232,-87.6691387496,60612,"CHICAGO MIDWAY AIRPORT, IL US",34.0,17.0,50.0,0.0,10.0,21.0
crash_03183,2024-09-30 19:25:00,2024,9,Sep,Mon,19,Night or early morning,30,TRAFFIC SIGNAL,UNKNOWN,DUSK,PEDESTRIAN,DIVIDED - W/MEDIAN (NOT RAISED),UNKNOWN,INJURY AND / OR TOW DUE TO CRASH,true,,"OVER $1,500",UNABLE TO DETERMINE,2,NONINCAPACITATING INJURY,1,0,41.8348266691,-87.6706511301,60608,"CHICAGO MIDWAY AIRPORT, IL US",70.0,63.0,79.0,0.0,10.0,6.0
crash_03184,2018-08-30 17:35:00,2018,8,Aug,Thu,17,Evening commute,30,NO CONTROLS,CLEAR,DAYLIGHT,REAR END,DIVIDED - W/MEDIAN (NOT RAISED),DRY,NO INJURY / DRIVE AWAY,,,"OVER $1,500",UNABLE TO DETERMINE,2,NO INDICATION OF INJURY,0,0,41.6871611741,-87.7394325143,60655,"CHICAGO MIDWAY AIRPORT, IL US",70.0,54.0,57.0,0.0,10.0,11.0
crash_03185,2021-06-14 10:50:00,2021,6,Jun,Mon,10,Daytime,30,TRAFFIC SIGNAL,CLEAR,DAYLIGHT,PEDALCYCLIST,FOUR WAY,DRY,INJURY AND / OR TOW DUE TO CRASH,true,,"OVER $1,500",DRIVING SKILLS/KNOWLEDGE/EXPERIENCE,2,NONINCAPACITATING INJURY,1,0,41.9688828229,-87.6763557027,60640,"CHICAGO OHARE INTERNATIONAL AIRPORT, IL US",75.0,53.0,46.0,0.0,10.0,8.0
crash_03186,2024-03-26 20:50:00,2024,3,Mar,Tue,20,Night or early morning,40,NO CONTROLS,CLEAR,"DARKNESS, LIGHTED ROAD",OTHER OBJECT,DIVIDED - W/MEDIAN (NOT RAISED),DRY,NO INJURY / DRIVE AWAY,,,$500 OR LESS,UNABLE TO DETERMINE,1,NO INDICATION OF INJURY,0,0,41.8998156735,-87.6185461589,60611,"CHICAGO MIDWAY AIRPORT, IL US",37.0,28.0,70.0,0.0,10.0,20.0
crash_03187,2024-09-26 18:20:00,2024,9,Sep,Thu,18,Evening commute,30,UNKNOWN,UNKNOWN,UNKNOWN,SIDESWIPE SAME DIRECTION,NOT DIVIDED,UNKNOWN,NO INJURY / DRIVE AWAY,,,$500 OR LESS,UNABLE TO DETERMINE,2,NO INDICATION OF INJURY,0,0,42.0016340738,-87.6606014318,60626,"CHICAGO OHARE INTERNATIONAL AIRPORT, IL US",72.0,54.0,53.0,0.0,10.0,11.0
crash_03188,2024-08-14 12:00:00,2024,8,Aug,Wed,12,Daytime,25,NO CONTROLS,CLEAR,DAYLIGHT,PARKED MOTOR VEHICLE,NOT DIVIDED,DRY,NO INJURY / DRIVE AWAY,,true,"$501 - $1,500",UNABLE TO DETERMINE,2,NO INDICATION OF INJURY,0,0,41.7219010097,-87.6200636894,60619,"CHICAGO MIDWAY AIRPORT, IL US",84.0,53.0,34.0,0.0,10.0,6.0
crash_03189,2020-05-07 11:30:00,2020,5,May,Thu,11,Daytime,30,NO CONTROLS,CLEAR,DAYLIGHT,PARKED MOTOR VEHICLE,ONE-WAY,DRY,NO INJURY / DRIVE AWAY,,true,"OVER $1,500",UNABLE TO DETERMINE,2,NO INDICATION OF INJURY,0,0,41.8578043856,-87.7210309198,60623,"CHICAGO MIDWAY AIRPORT, IL US",65.0,31.0,28.0,0.0,10.0,22.0
crash_03190,2022-07-12 17:00:00,2022,7,Jul,Tue,17,Evening commute,30,TRAFFIC SIGNAL,CLEAR,DAYLIGHT,REAR END,DIVIDED - W/MEDIAN (NOT RAISED),DRY,NO INJURY / DRIVE AWAY,,,"$501 - $1,500",FOLLOWING TOO CLOSELY,2,NO INDICATION OF INJURY,0,0,41.8672713889,-87.6463798214,60607,"CHICAGO MIDWAY AIRPORT, IL US",87.0,55.0,34.0,0.0,10.0,15.0
crash_03191,2023-12-08 15:30:00,2023,12,Dec,Fri,15,Evening commute,30,NO CONTROLS,CLEAR,DAYLIGHT,SIDESWIPE SAME DIRECTION,NOT DIVIDED,DRY,NO INJURY / DRIVE AWAY,,true,"OVER $1,500",UNABLE TO DETERMINE,2,NO INDICATION OF INJURY,0,0,41.8661281298,-87.7202640083,60623,"CHICAGO MIDWAY AIRPORT, IL US",55.0,44.0,67.0,0.0,10.0,13.0
crash_03192,2019-09-08 16:58:00,2019,9,Sep,Sun,16,Evening commute,30,NO CONTROLS,CLEAR,DAYLIGHT,REAR END,DIVIDED - W/MEDIAN (NOT RAISED),DRY,INJURY AND / OR TOW DUE TO CRASH,,,"OVER $1,500",FOLLOWING TOO CLOSELY,2,NO INDICATION OF INJURY,0,0,41.742552981,-87.6048458717,60619,"CHICAGO MIDWAY AIRPORT, IL US",66.0,50.0,56.0,0.0,10.0,13.0
crash_03193,2022-10-01 14:00:00,2022,10,Oct,Sat,14,Daytime,25,NO CONTROLS,CLEAR,DAYLIGHT,TURNING,NOT DIVIDED,DRY,NO INJURY / DRIVE AWAY,,,"$501 - $1,500",NOT APPLICABLE,2,NO INDICATION OF INJURY,0,0,41.9654372121,-87.6626724441,60640,"CHICAGO MIDWAY AIRPORT, IL US",69.0,44.0,41.0,,10.0,17.0
crash_03194,2021-09-04 16:08:00,2021,9,Sep,Sat,16,Evening commute,30,NO CONTROLS,CLEAR,DAYLIGHT,REAR END,NOT DIVIDED,DRY,NO INJURY / DRIVE AWAY,,,"$501 - $1,500",FOLLOWING TOO CLOSELY,2,NO INDICATION OF INJURY,0,0,41.8244897811,-87.6850061029,60632,"CHICAGO MIDWAY AIRPORT, IL US",73.0,63.0,71.0,0.0,10.0,9.0
crash_03195,2024-02-18 13:00:00,2024,2,Feb,Sun,13,Daytime,30,NO CONTROLS,CLEAR,DAYLIGHT,SIDESWIPE SAME DIRECTION,NOT DIVIDED,DRY,NO INJURY / DRIVE AWAY,,,"$501 - $1,500",FAILING TO REDUCE SPEED TO AVOID CRASH,2,NO INDICATION OF INJURY,0,0,41.9180421033,-87.6502868076,60614,"CHICAGO MIDWAY AIRPORT, IL US",44.0,19.0,37.0,0.0,10.0,16.0
crash_03196,2023-05-12 10:02:00,2023,5,May,Fri,10,Daytime,30,STOP SIGN/FLASHER,CLEAR,DAYLIGHT,TURNING,NOT DIVIDED,DRY,INJURY AND / OR TOW DUE TO CRASH,true,,"OVER $1,500",FAILING TO YIELD RIGHT-OF-WAY,2,"REPORTED, NOT EVIDENT",1,0,41.8079024497,-87.7163759681,60632,"CHICAGO MIDWAY AIRPORT, IL US",70.0,62.0,76.0,0.01,10.0,6.0
crash_03197,2018-12-29 18:30:00,2018,12,Dec,Sat,18,Evening commute,40,NO CONTROLS,SNOW,DARKNESS,REAR END,RAMP,SNOW OR SLUSH,NO INJURY / DRIVE AWAY,,,"OVER $1,500",UNABLE TO DETERMINE,2,NO INDICATION OF INJURY,0,0,41.8911470717,-87.6143750572,60611,"CHICAGO MIDWAY AIRPORT, IL US",28.0,25.0,88.0,0.0,8.0,8.0
crash_03198,2024-02-13 04:45:00,2024,2,Feb,Tue,4,Night or early morning,45,NO CONTROLS,CLEAR,"DARKNESS, LIGHTED ROAD",FIXED OBJECT,DIVIDED - W/MEDIAN BARRIER,DRY,INJURY AND / OR TOW DUE TO CRASH,,,"OVER $1,500",UNABLE TO DETERMINE,1,NO INDICATION OF INJURY,0,0,41.91103585,-87.6261512941,60610,"CHICAGO MIDWAY AIRPORT, IL US",32.0,24.0,73.0,0.0,10.0,8.0
crash_03199,2020-01-29 15:15:00,2020,1,Jan,Wed,15,Evening commute,30,NO CONTROLS,CLEAR,DAYLIGHT,PARKED MOTOR VEHICLE,NOT DIVIDED,DRY,NO INJURY / DRIVE AWAY,,,"OVER $1,500",IMPROPER LANE USAGE,2,NO INDICATION OF INJURY,0,0,41.773466684,-87.6836311353,60629,"CHICAGO MIDWAY AIRPORT, IL US",32.0,26.0,79.0,0.0,7.0,0.0
crash_03200,2024-03-27 16:46:00,2024,3,Mar,Wed,16,Evening commute,30,NO CONTROLS,CLEAR,DAYLIGHT,REAR END,DIVIDED - W/MEDIAN (NOT RAISED),DRY,INJURY AND / OR TOW DUE TO CRASH,,,"OVER $1,500","OPERATING VEHICLE IN ERRATIC, RECKLESS, CARELESS, NEGLIGENT OR AGGRESSIVE MANNER",2,NO INDICATION OF INJURY,0,0,41.9756134495,-87.7308795675,60630,"CHICAGO OHARE INTERNATIONAL AIRPORT, IL US",42.0,23.0,47.0,0.0,10.0,20.0
crash_03201,2021-08-26 18:10:00,2021,8,Aug,Thu,18,Evening commute,30,TRAFFIC SIGNAL,CLEAR,DAYLIGHT,REAR END,DIVIDED - W/MEDIAN (NOT RAISED),DRY,NO INJURY / DRIVE AWAY,,,"OVER $1,500",FAILING TO REDUCE SPEED TO AVOID CRASH,2,NO INDICATION OF INJURY,0,0,41.9391826068,-87.7287604353,60641,"CHICAGO OHARE INTERNATIONAL AIRPORT, IL US",84.0,71.0,65.0,0.0,10.0,9.0
crash_03202,2021-01-18 04:00:00,2021,1,Jan,Mon,4,Night or early morning,25,NO CONTROLS,SNOW,"DARKNESS, LIGHTED ROAD",FIXED OBJECT,ONE-WAY,SNOW OR SLUSH,INJURY AND / OR TOW DUE TO CRASH,,,"OVER $1,500",UNABLE TO DETERMINE,1,INCAPACITATING INJURY,1,0,41.7821706041,-87.6202751266,60637,"CHICAGO MIDWAY AIRPORT, IL US",28.0,22.0,78.0,0.0,9.0,6.0
crash_03203,2018-07-31 18:15:00,2018,7,Jul,Tue,18,Evening commute,30,NO CONTROLS,CLEAR,DAYLIGHT,PARKED MOTOR VEHICLE,NOT DIVIDED,DRY,NO INJURY / DRIVE AWAY,,,"$501 - $1,500",UNABLE TO DETERMINE,2,NO INDICATION OF INJURY,0,0,41.8853303744,-87.6355478622,60606,"CHICAGO MIDWAY AIRPORT, IL US",75.0,61.0,62.0,0.0,10.0,5.0
crash_03204,2024-05-24 22:20:00,2024,5,May,Fri,22,Night or early morning,20,STOP SIGN/FLASHER,RAIN,"DARKNESS, LIGHTED ROAD",ANGLE,OTHER,WET,INJURY AND / OR TOW DUE TO CRASH,true,,"OVER $1,500",FAILING TO YIELD RIGHT-OF-WAY,2,NONINCAPACITATING INJURY,2,0,41.7571124437,-87.5640567972,60649,"CHICAGO MIDWAY AIRPORT, IL US",69.0,62.0,78.0,0.03,10.0,14.0
crash_03205,2021-12-12 03:30:00,2021,12,Dec,Sun,3,Night or early morning,30,TRAFFIC SIGNAL,CLEAR,"DARKNESS, LIGHTED ROAD",TURNING,FOUR WAY,DRY,INJURY AND / OR TOW DUE TO CRASH,true,,"OVER $1,500",IMPROPER OVERTAKING/PASSING,3,NONINCAPACITATING INJURY,1,0,41.822563836,-87.7241874791,60632,"CHICAGO MIDWAY AIRPORT, IL US",33.0,22.0,64.0,0.0,10.0,8.0
crash_03206,2019-03-25 15:30:00,2019,3,Mar,Mon,15,Evening commute,25,NO CONTROLS,CLEAR,DAYLIGHT,SIDESWIPE SAME DIRECTION,DIVIDED - W/MEDIAN (NOT RAISED),DRY,NO INJURY / DRIVE AWAY,,true,"$501 - $1,500",UNABLE TO DETERMINE,2,NO INDICATION OF INJURY,0,0,41.7702787561,-87.6641124326,60636,"CHICAGO MIDWAY AIRPORT, IL US",41.0,16.0,36.0,0.0,10.0,20.0
crash_03207,2018-02-11 16:35:00,2018,2,Feb,Sun,16,Evening commute,30,TRAFFIC SIGNAL,OTHER,DAYLIGHT,ANGLE,DIVIDED - W/MEDIAN (NOT RAISED),OTHER,INJURY AND / OR TOW DUE TO CRASH,true,,"OVER $1,500",FAILING TO YIELD RIGHT-OF-WAY,2,NO INDICATION OF INJURY,0,0,41.9392210489,-87.7077146023,60618,"CHICAGO MIDWAY AIRPORT, IL US",21.0,12.0,68.0,0.0,10.0,14.0
crash_03208,2022-03-18 13:00:00,2022,3,Mar,Fri,13,Daytime,30,TRAFFIC SIGNAL,RAIN,DAYLIGHT,TURNING,T-INTERSECTION,WET,INJURY AND / OR TOW DUE TO CRASH,true,,"$501 - $1,500",IMPROPER TURNING/NO SIGNAL,2,NO INDICATION OF INJURY,0,0,41.8967247556,-87.6172116164,60611,"CHICAGO MIDWAY AIRPORT, IL US",46.0,38.0,73.0,0.05,6.0,16.0
crash_03209,2018-10-29 08:52:00,2018,10,Oct,Mon,8,Morning commute,25,TRAFFIC SIGNAL,CLOUDY/OVERCAST,DAYLIGHT,REAR END,NOT DIVIDED,DRY,NO INJURY / DRIVE AWAY,true,,"$501 - $1,500",DRIVING SKILLS/KNOWLEDGE/EXPERIENCE,3,NO INDICATION OF INJURY,0,0,42.0121470766,-87.6828771548,60645,"CHICAGO OHARE INTERNATIONAL AIRPORT, IL US",43.0,37.0,80.0,0.0,10.0,10.0
crash_03210,2018-01-05 08:45:00,2018,1,Jan,Fri,8,Morning commute,30,NO CONTROLS,CLEAR,DAYLIGHT,REAR END,DIVIDED - W/MEDIAN (NOT RAISED),DRY,NO INJURY / DRIVE AWAY,,,"OVER $1,500",FOLLOWING TOO CLOSELY,2,NO INDICATION OF INJURY,0,0,41.9464876986,-87.7570823313,60641,"CHICAGO OHARE INTERNATIONAL AIRPORT, IL US",3.0,-7.0,62.0,0.0,10.0,15.0
crash_03211,2025-08-01 16:40:00,2025,8,Aug,Fri,16,Evening commute,15,NO CONTROLS,CLEAR,DAYLIGHT,PARKED MOTOR VEHICLE,PARKING LOT,DRY,INJURY AND / OR TOW DUE TO CRASH,,,"OVER $1,500",EQUIPMENT - VEHICLE CONDITION,2,NONINCAPACITATING INJURY,2,0,41.7934291488,-87.6550038579,60636,"CHICAGO MIDWAY AIRPORT, IL US",75.0,49.0,40.0,0.0,10.0,14.0
crash_03212,2024-01-04 10:00:00,2024,1,Jan,Thu,10,Daytime,15,NO CONTROLS,CLEAR,DAYLIGHT,REAR TO REAR,PARKING LOT,DRY,NO INJURY / DRIVE AWAY,,,$500 OR LESS,UNABLE TO DETERMINE,2,NO INDICATION OF INJURY,0,0,41.7213207693,-87.6629211899,60620,"CHICAGO MIDWAY AIRPORT, IL US",34.0,18.0,52.0,0.0,10.0,8.0
crash_03213,2021-03-29 17:00:00,2021,3,Mar,Mon,17,Evening commute,25,STOP SIGN/FLASHER,CLEAR,UNKNOWN,PARKED MOTOR VEHICLE,ONE-WAY,WET,NO INJURY / DRIVE AWAY,,true,"OVER $1,500",UNABLE TO DETERMINE,2,NO INDICATION OF INJURY,0,0,41.7244099507,-87.6422254912,60620,"CHICAGO MIDWAY AIRPORT, IL US",62.0,34.0,35.0,0.0,10.0,24.0
crash_03214,2021-08-17 18:24:00,2021,8,Aug,Tue,18,Evening commute,15,TRAFFIC SIGNAL,CLEAR,DAYLIGHT,ANGLE,FOUR WAY,DRY,INJURY AND / OR TOW DUE TO CRASH,true,,"OVER $1,500",DISTRACTION - FROM OUTSIDE VEHICLE,2,"REPORTED, NOT EVIDENT",3,0,41.8020814391,-87.6243567695,60615,"CHICAGO MIDWAY AIRPORT, IL US",79.0,66.0,65.0,0.0,10.0,10.0
crash_03215,2018-04-12 12:45:00,2018,4,Apr,Thu,12,Daytime,20,TRAFFIC SIGNAL,CLEAR,DAYLIGHT,PEDESTRIAN,NOT DIVIDED,DRY,INJURY AND / OR TOW DUE TO CRASH,true,,$500 OR LESS,"VISION OBSCURED (SIGNS, TREE LIMBS, BUILDINGS, ETC.)",2,INCAPACITATING INJURY,1,0,41.8423166582,-87.7246450384,60623,"CHICAGO MIDWAY AIRPORT, IL US",74.0,46.0,37.0,0.0,10.0,17.0
crash_03216,2022-05-10 15:30:00,2022,5,May,Tue,15,Evening commute,15,NO CONTROLS,CLEAR,DAYLIGHT,TURNING,PARKING LOT,DRY,NO INJURY / DRIVE AWAY,,,"$501 - $1,500",UNABLE TO DETERMINE,2,NO INDICATION OF INJURY,0,0,41.8479842593,-87.6962674942,60623,"CHICAGO MIDWAY AIRPORT, IL US",90.0,68.0,48.0,0.0,10.0,14.0
crash_03217,2022-02-04 01:00:00,2022,2,Feb,Fri,1,Night or early morning,30,NO CONTROLS,SNOW,UNKNOWN,PARKED MOTOR VEHICLE,NOT DIVIDED,SNOW OR SLUSH,NO INJURY / DRIVE AWAY,,,"OVER $1,500",NOT APPLICABLE,2,NO INDICATION OF INJURY,0,0,41.8860107063,-87.7210724717,60624,"CHICAGO MIDWAY AIRPORT, IL US",21.0,13.0,71.0,0.0,10.0,9.0
crash_03218,2025-01-30 08:00:00,2025,1,Jan,Thu,8,Morning commute,30,NO CONTROLS,CLEAR,DAYLIGHT,PEDESTRIAN,NOT DIVIDED,DRY,INJURY AND / OR TOW DUE TO CRASH,,,$500 OR LESS,DRIVING SKILLS/KNOWLEDGE/EXPERIENCE,2,"REPORTED, NOT EVIDENT",1,0,41.7798689996,-87.6307336935,60621,"CHICAGO MIDWAY AIRPORT, IL US",33.0,23.0,66.0,0.0,10.0,7.0
crash_03219,2021-02-22 16:10:00,2021,2,Feb,Mon,16,Evening commute,30,NO CONTROLS,CLEAR,DAYLIGHT,PARKED MOTOR VEHICLE,PARKING LOT,SNOW OR SLUSH,NO INJURY / DRIVE AWAY,,true,"$501 - $1,500",UNABLE TO DETERMINE,2,NO INDICATION OF INJURY,0,0,41.995612225,-87.7156400918,60659,"CHICAGO OHARE INTERNATIONAL AIRPORT, IL US",38.0,29.0,70.0,0.0,9.0,10.0
crash_03220,2018-11-03 13:00:00,2018,11,Nov,Sat,13,Daytime,15,NO CONTROLS,CLEAR,DAYLIGHT,ANGLE,OTHER,DRY,NO INJURY / DRIVE AWAY,,,"OVER $1,500",IMPROPER BACKING,2,NO INDICATION OF INJURY,0,0,41.9969237015,-87.8069451919,60631,"CHICAGO OHARE INTERNATIONAL AIRPORT, IL US",49.0,30.0,48.0,0.0,10.0,6.0
crash_03221,2025-02-04 20:30:00,2025,2,Feb,Tue,20,Night or early morning,30,TRAFFIC SIGNAL,UNKNOWN,"DARKNESS, LIGHTED ROAD",REAR END,NOT DIVIDED,UNKNOWN,INJURY AND / OR TOW DUE TO CRASH,,,"OVER $1,500",PHYSICAL CONDITION OF DRIVER,2,"REPORTED, NOT EVIDENT",1,0,41.9584835633,-87.6532144892,60613,"CHICAGO MIDWAY AIRPORT, IL US",26.0,18.0,71.0,0.0,10.0,9.0
crash_03222,2023-06-29 16:16:00,2023,6,Jun,Thu,16,Evening commute,30,NO CONTROLS,CLEAR,DAWN,PEDALCYCLIST,FOUR WAY,DRY,NO INJURY / DRIVE AWAY,true,,$500 OR LESS,FAILING TO YIELD RIGHT-OF-WAY,2,NO INDICATION OF INJURY,0,0,41.7905846021,-87.6583647377,60636,"CHICAGO MIDWAY AIRPORT, IL US",81.0,71.0,72.0,0.0,8.0,7.0
crash_03223,2021-09-04 13:30:00,2021,9,Sep,Sat,13,Daytime,30,STOP SIGN/FLASHER,CLEAR,DAYLIGHT,ANGLE,FOUR WAY,DRY,INJURY AND / OR TOW DUE TO CRASH,true,,"OVER $1,500",NOT APPLICABLE,2,NONINCAPACITATING INJURY,1,0,41.7976616915,-87.6745168947,60609,"CHICAGO MIDWAY AIRPORT, IL US",73.0,62.0,69.0,0.0,10.0,10.0
crash_03224,2020-08-19 20:30:00,2020,8,Aug,Wed,20,Night or early morning,35,TRAFFIC SIGNAL,CLEAR,"DARKNESS, LIGHTED ROAD",REAR END,DIVIDED - W/MEDIAN BARRIER,DRY,NO INJURY / DRIVE AWAY,,true,"$501 - $1,500",FAILING TO REDUCE SPEED TO AVOID CRASH,2,NO INDICATION OF INJURY,0,0,41.7796259952,-87.6252265316,60637,"CHICAGO MIDWAY AIRPORT, IL US",73.0,50.0,44.0,0.0,10.0,5.0
crash_03225,2021-10-01 21:15:00,2021,10,Oct,Fri,21,Night or early morning,35,NO CONTROLS,CLEAR,"DARKNESS, LIGHTED ROAD",REAR END,NOT DIVIDED,DRY,NO INJURY / DRIVE AWAY,,,"OVER $1,500",UNABLE TO DETERMINE,2,NO INDICATION OF INJURY,0,0,41.7497555444,-87.5833710168,60617,"CHICAGO MIDWAY AIRPORT, IL US",77.0,58.0,52.0,0.0,10.0,7.0
crash_03226,2020-12-19 14:40:00,2020,12,Dec,Sat,14,Daytime,30,TRAFFIC SIGNAL,CLEAR,DAYLIGHT,SIDESWIPE SAME DIRECTION,NOT DIVIDED,DRY,NO INJURY / DRIVE AWAY,true,true,"OVER $1,500",UNABLE TO DETERMINE,2,NO INDICATION OF INJURY,0,0,41.722257273,-87.5852755651,60628,"CHICAGO MIDWAY AIRPORT, IL US",44.0,34.0,68.0,0.0,10.0,11.0
crash_03227,2018-08-29 10:00:00,2018,8,Aug,Wed,10,Daytime,10,NO CONTROLS,CLEAR,DAYLIGHT,PARKED MOTOR VEHICLE,DIVIDED - W/MEDIAN (NOT RAISED),DRY,NO INJURY / DRIVE AWAY,,true,"$501 - $1,500",UNABLE TO DETERMINE,2,NO INDICATION OF INJURY,0,0,41.8830086947,-87.6784753419,60612,"CHICAGO MIDWAY AIRPORT, IL US",74.0,68.0,82.0,0.0,10.0,9.0