crash_id,crash_datetime,crash_year,crash_month,crash_month_name,crash_weekday_name,crash_hour,time_period,posted_speed_limit_mph,traffic_control_device,reported_weather_condition,reported_lighting_condition,first_crash_type,trafficway_type,reported_road_surface_condition,crash_type,intersection_related,hit_and_run,estimated_damage,primary_contributory_cause,unit_count,most_severe_injury,injuries_total,injuries_fatal,latitude,longitude,zip5,weather_station_name,temperature_f,dew_point_f,relative_humidity_percent,precipitation_inches,visibility_miles,wind_speed_mph
crash_03228,2024-01-08 06:22:00,2024,1,Jan,Mon,6,Morning commute,30,TRAFFIC SIGNAL,CLEAR,"DARKNESS, LIGHTED ROAD",REAR END,ONE-WAY,DRY,NO INJURY / DRIVE AWAY,,true,"OVER $1,500",FAILING TO YIELD RIGHT-OF-WAY,2,NO INDICATION OF INJURY,0,0,41.8575640708,-87.6390789106,60616,"CHICAGO MIDWAY AIRPORT, IL US",33.0,27.0,78.0,0.0,10.0,5.0
crash_03229,2022-12-20 08:28:00,2022,12,Dec,Tue,8,Morning commute,30,STOP SIGN/FLASHER,CLEAR,DAYLIGHT,FIXED OBJECT,DIVIDED - W/MEDIAN (NOT RAISED),DRY,NO INJURY / DRIVE AWAY,,,"OVER $1,500",NOT APPLICABLE,1,NO INDICATION OF INJURY,0,0,41.815805207,-87.6846936087,60632,"CHICAGO MIDWAY AIRPORT, IL US",26.0,20.0,78.0,0.0,10.0,6.0
crash_03230,2023-06-09 13:30:00,2023,6,Jun,Fri,13,Daytime,30,UNKNOWN,CLEAR,DAYLIGHT,PEDALCYCLIST,NOT DIVIDED,UNKNOWN,NO INJURY / DRIVE AWAY,,,"$501 - $1,500",IMPROPER OVERTAKING/PASSING,2,NO INDICATION OF INJURY,0,0,41.9527136638,-87.6546389062,60613,"CHICAGO MIDWAY AIRPORT, IL US",77.0,43.0,30.0,0.0,10.0,11.0
crash_03231,2020-09-03 12:30:00,2020,9,Sep,Thu,12,Daytime,30,TRAFFIC SIGNAL,CLEAR,DAYLIGHT,REAR END,NOT DIVIDED,DRY,NO INJURY / DRIVE AWAY,true,,"OVER $1,500",DRIVING SKILLS/KNOWLEDGE/EXPERIENCE,2,NO INDICATION OF INJURY,0,0,41.8947599504,-87.7749840169,60651,"CHICAGO MIDWAY AIRPORT, IL US",87.0,53.0,31.0,0.0,10.0,18.0
crash_03232,2020-06-30 02:13:00,2020,6,Jun,Tue,2,Night or early morning,30,NO CONTROLS,CLEAR,"DARKNESS, LIGHTED ROAD",PARKED MOTOR VEHICLE,NOT DIVIDED,DRY,NO INJURY / DRIVE AWAY,,false,$500 OR LESS,IMPROPER BACKING,2,NO INDICATION OF INJURY,0,0,41.7704374368,-87.6675504047,60636,"CHICAGO MIDWAY AIRPORT, IL US",76.0,70.0,82.0,,10.0,8.0
crash_03233,2024-04-07 00:05:00,2024,4,Apr,Sun,0,Night or early morning,30,TRAFFIC SIGNAL,CLEAR,"DARKNESS, LIGHTED ROAD",ANGLE,FOUR WAY,DRY,INJURY AND / OR TOW DUE TO CRASH,,true,"OVER $1,500",FAILING TO YIELD RIGHT-OF-WAY,3,INCAPACITATING INJURY,1,0,41.8831104043,-87.6719163406,60612,"CHICAGO MIDWAY AIRPORT, IL US",42.0,33.0,71.0,0.0,10.0,7.0
crash_03234,2019-11-02 10:30:00,2019,11,Nov,Sat,10,Daytime,30,TRAFFIC SIGNAL,CLEAR,DAYLIGHT,SIDESWIPE SAME DIRECTION,OTHER,DRY,NO INJURY / DRIVE AWAY,,true,"$501 - $1,500",UNABLE TO DETERMINE,2,NO INDICATION OF INJURY,0,0,41.8575308592,-87.6449286074,60616,"CHICAGO MIDWAY AIRPORT, IL US",41.0,31.0,67.0,0.0,10.0,15.0
crash_03235,2018-12-17 18:20:00,2018,12,Dec,Mon,18,Evening commute,30,NO CONTROLS,CLEAR,"DARKNESS, LIGHTED ROAD",REAR END,NOT DIVIDED,DRY,INJURY AND / OR TOW DUE TO CRASH,,,"OVER $1,500",FOLLOWING TOO CLOSELY,2,NO INDICATION OF INJURY,0,0,41.9101199348,-87.6958214672,60622,"CHICAGO MIDWAY AIRPORT, IL US",29.0,23.0,78.0,0.0,10.0,3.0
crash_03236,2018-05-26 22:39:00,2018,5,May,Sat,22,Night or early morning,35,TRAFFIC SIGNAL,CLEAR,"DARKNESS, LIGHTED ROAD",REAR END,DIVIDED - W/MEDIAN BARRIER,WET,NO INJURY / DRIVE AWAY,true,,"$501 - $1,500",FAILING TO REDUCE SPEED TO AVOID CRASH,2,NO INDICATION OF INJURY,0,0,41.8909475986,-87.6589495018,60642,"CHICAGO MIDWAY AIRPORT, IL US",78.0,59.0,52.0,0.0,10.0,5.0
crash_03237,2025-03-15 22:57:00,2025,3,Mar,Sat,22,Night or early morning,30,STOP SIGN/FLASHER,RAIN,DARKNESS,TURNING,ONE-WAY,WET,NO INJURY / DRIVE AWAY,,,"OVER $1,500",FOLLOWING TOO CLOSELY,2,NO INDICATION OF INJURY,0,0,41.8993517351,-87.6219869064,60611,"CHICAGO MIDWAY AIRPORT, IL US",45.0,35.0,68.0,0.0,10.0,9.0
crash_03238,2020-05-11 16:50:00,2020,5,May,Mon,16,Evening commute,30,STOP SIGN/FLASHER,UNKNOWN,DAYLIGHT,ANGLE,DIVIDED - W/MEDIAN (NOT RAISED),UNKNOWN,NO INJURY / DRIVE AWAY,true,,"OVER $1,500",UNABLE TO DETERMINE,2,NO INDICATION OF INJURY,0,0,41.8260645194,-87.6078171784,60653,"CHICAGO MIDWAY AIRPORT, IL US",46.0,34.0,63.0,0.0,10.0,11.0
crash_03239,2024-04-26 13:00:00,2024,4,Apr,Fri,13,Daytime,30,TRAFFIC SIGNAL,CLEAR,DAYLIGHT,REAR END,DIVIDED - W/MEDIAN (NOT RAISED),DRY,NO INJURY / DRIVE AWAY,true,,"OVER $1,500",FOLLOWING TOO CLOSELY,2,NO INDICATION OF INJURY,0,0,41.8876722207,-87.6205739399,60601,"CHICAGO MIDWAY AIRPORT, IL US",60.0,36.0,41.0,0.0,10.0,14.0
crash_03240,2018-05-18 08:30:00,2018,5,May,Fri,8,Morning commute,30,STOP SIGN/FLASHER,CLEAR,DAYLIGHT,PEDALCYCLIST,DIVIDED - W/MEDIAN (NOT RAISED),DRY,INJURY AND / OR TOW DUE TO CRASH,,,"OVER $1,500",FAILING TO YIELD RIGHT-OF-WAY,2,NONINCAPACITATING INJURY,1,0,41.8870858349,-87.6769476775,60612,"CHICAGO MIDWAY AIRPORT, IL US",61.0,46.0,58.0,0.0,10.0,15.0
crash_03241,2024-02-25 17:05:00,2024,2,Feb,Sun,17,Evening commute,30,NO CONTROLS,CLEAR,DAYLIGHT,SIDESWIPE SAME DIRECTION,ONE-WAY,DRY,NO INJURY / DRIVE AWAY,,,"OVER $1,500",UNABLE TO DETERMINE,2,NO INDICATION OF INJURY,0,0,41.7663652588,-87.5746300626,60649,"CHICAGO MIDWAY AIRPORT, IL US",60.0,32.0,35.0,0.0,10.0,9.0
crash_03242,2025-09-05 09:33:00,2025,9,Sep,Fri,9,Morning commute,30,TRAFFIC SIGNAL,CLEAR,DAYLIGHT,REAR END,NOT DIVIDED,DRY,NO INJURY / DRIVE AWAY,,,$500 OR LESS,FOLLOWING TOO CLOSELY,2,NO INDICATION OF INJURY,0,0,41.9380898311,-87.8066028081,60634,,,,,,,
crash_03243,2025-09-08 11:52:00,2025,9,Sep,Mon,11,Daytime,30,NO CONTROLS,CLEAR,DAYLIGHT,PARKED MOTOR VEHICLE,DIVIDED - W/MEDIAN (NOT RAISED),DRY,NO INJURY / DRIVE AWAY,,,$500 OR LESS,"VISION OBSCURED (SIGNS, TREE LIMBS, BUILDINGS, ETC.)",2,NO INDICATION OF INJURY,0,0,41.9301769191,-87.642583921,60614,,,,,,,
crash_03244,2023-07-27 14:15:00,2023,7,Jul,Thu,14,Daytime,30,NO CONTROLS,CLEAR,DAYLIGHT,TURNING,NOT DIVIDED,DRY,NO INJURY / DRIVE AWAY,,true,"$501 - $1,500",UNABLE TO DETERMINE,2,NO INDICATION OF INJURY,0,0,41.6559690606,-87.6049831845,60827,"CHICAGO MIDWAY AIRPORT, IL US",88.0,70.0,55.0,0.0,10.0,10.0
crash_03245,2019-01-11 08:00:00,2019,1,Jan,Fri,8,Morning commute,30,NO CONTROLS,CLEAR,DAYLIGHT,TURNING,DIVIDED - W/MEDIAN (NOT RAISED),DRY,NO INJURY / DRIVE AWAY,,true,$500 OR LESS,IMPROPER TURNING/NO SIGNAL,2,NO INDICATION OF INJURY,0,0,41.6582408198,-87.5977266214,60827,"CHICAGO MIDWAY AIRPORT, IL US",27.0,19.0,72.0,0.0,9.0,7.0
crash_03246,2019-10-05 19:30:00,2019,10,Oct,Sat,19,Night or early morning,35,NO CONTROLS,RAIN,DUSK,REAR END,DIVIDED - W/MEDIAN (NOT RAISED),WET,NO INJURY / DRIVE AWAY,,,"$501 - $1,500",IMPROPER LANE USAGE,2,NO INDICATION OF INJURY,0,0,41.891120593,-87.6239887043,60611,"CHICAGO MIDWAY AIRPORT, IL US",58.0,55.0,90.0,0.01,10.0,10.0
crash_03247,2025-07-23 16:24:00,2025,7,Jul,Wed,16,Evening commute,30,NO CONTROLS,CLEAR,DAYLIGHT,ANGLE,ALLEY,UNKNOWN,NO INJURY / DRIVE AWAY,,,"OVER $1,500",UNABLE TO DETERMINE,2,NO INDICATION OF INJURY,0,0,41.9488513682,-87.6596069421,60613,"CHICAGO MIDWAY AIRPORT, IL US",93.0,76.0,58.0,0.0,10.0,10.0
crash_03248,2023-12-22 08:00:00,2023,12,Dec,Fri,8,Morning commute,15,NO CONTROLS,UNKNOWN,UNKNOWN,PARKED MOTOR VEHICLE,ALLEY,UNKNOWN,INJURY AND / OR TOW DUE TO CRASH,,true,"OVER $1,500",UNABLE TO DETERMINE,2,NO INDICATION OF INJURY,0,0,41.7951640283,-87.6511166557,60609,"CHICAGO MIDWAY AIRPORT, IL US",44.0,37.0,76.0,0.01,10.0,6.0
crash_03249,2018-08-12 13:10:00,2018,8,Aug,Sun,13,Daytime,5,NO CONTROLS,CLEAR,DAYLIGHT,PARKED MOTOR VEHICLE,PARKING LOT,DRY,NO INJURY / DRIVE AWAY,,,$500 OR LESS,UNABLE TO DETERMINE,2,NO INDICATION OF INJURY,0,0,41.9612117008,-87.7152920589,60625,"CHICAGO OHARE INTERNATIONAL AIRPORT, IL US",86.0,58.0,39.0,0.0,10.0,11.0
crash_03250,2020-06-29 12:30:00,2020,6,Jun,Mon,12,Daytime,35,TRAFFIC SIGNAL,CLEAR,DAYLIGHT,REAR END,DIVIDED - W/MEDIAN (NOT RAISED),DRY,NO INJURY / DRIVE AWAY,,true,"OVER $1,500",FOLLOWING TOO CLOSELY,2,NO INDICATION OF INJURY,0,0,41.7427279656,-87.6828247929,60652,"CHICAGO MIDWAY AIRPORT, IL US",90.0,72.0,56.0,0.0,9.0,7.0
crash_03251,2022-08-20 20:00:00,2022,8,Aug,Sat,20,Night or early morning,30,NO CONTROLS,CLEAR,"DARKNESS, LIGHTED ROAD",PARKED MOTOR VEHICLE,PARKING LOT,DRY,INJURY AND / OR TOW DUE TO CRASH,,true,"OVER $1,500",UNABLE TO DETERMINE,2,NO INDICATION OF INJURY,0,0,41.8013601134,-87.6162887487,60615,"CHICAGO MIDWAY AIRPORT, IL US",75.0,67.0,76.0,,10.0,3.0
crash_03252,2018-08-01 19:30:00,2018,8,Aug,Wed,19,Night or early morning,30,NO CONTROLS,CLEAR,DAYLIGHT,PARKED MOTOR VEHICLE,NOT DIVIDED,DRY,NO INJURY / DRIVE AWAY,,true,$500 OR LESS,NOT APPLICABLE,2,,,,41.6556203724,-87.5950777303,60827,"CHICAGO MIDWAY AIRPORT, IL US",77.0,65.0,66.0,0.0,10.0,6.0
crash_03253,2022-01-26 20:00:00,2022,1,Jan,Wed,20,Night or early morning,35,UNKNOWN,SNOW,UNKNOWN,PARKED MOTOR VEHICLE,NOT DIVIDED,WET,NO INJURY / DRIVE AWAY,,true,"$501 - $1,500",UNABLE TO DETERMINE,2,NO INDICATION OF INJURY,0,0,41.9872399842,-87.7902417333,60631,"CHICAGO OHARE INTERNATIONAL AIRPORT, IL US",7.0,-3.0,63.0,0.0,10.0,9.0
crash_03254,2024-04-07 10:00:00,2024,4,Apr,Sun,10,Daytime,20,NO CONTROLS,RAIN,DAYLIGHT,TURNING,NOT DIVIDED,WET,INJURY AND / OR TOW DUE TO CRASH,,,"OVER $1,500",UNABLE TO DETERMINE,2,"REPORTED, NOT EVIDENT",1,0,41.7358522362,-87.720945711,60652,"CHICAGO MIDWAY AIRPORT, IL US",49.0,34.0,56.0,0.0,10.0,15.0
crash_03255,2025-12-22 19:30:00,2025,12,Dec,Mon,19,Night or early morning,30,TRAFFIC SIGNAL,CLEAR,DARKNESS,HEAD ON,FOUR WAY,DRY,NO INJURY / DRIVE AWAY,true,,"OVER $1,500",UNABLE TO DETERMINE,2,NO INDICATION OF INJURY,0,0,41.8847536764,-87.7112297886,60624,,,,,,,
crash_03256,2019-06-29 17:00:00,2019,6,Jun,Sat,17,Evening commute,25,NO CONTROLS,CLEAR,DAYLIGHT,PARKED MOTOR VEHICLE,NOT DIVIDED,DRY,NO INJURY / DRIVE AWAY,true,,"$501 - $1,500",IMPROPER TURNING/NO SIGNAL,2,NO INDICATION OF INJURY,0,0,42.0170650891,-87.6647474906,60626,"CHICAGO OHARE INTERNATIONAL AIRPORT, IL US",86.0,68.0,55.0,0.0,10.0,10.0
crash_03257,2019-02-10 03:29:00,2019,2,Feb,Sun,3,Night or early morning,30,NO CONTROLS,CLEAR,DARKNESS,PARKED MOTOR VEHICLE,NOT DIVIDED,DRY,INJURY AND / OR TOW DUE TO CRASH,,true,"OVER $1,500",UNABLE TO DETERMINE,3,NO INDICATION OF INJURY,0,0,41.9489140947,-87.7119718612,60618,"CHICAGO OHARE INTERNATIONAL AIRPORT, IL US",22.0,14.0,71.0,0.0,10.0,8.0
crash_03258,2023-06-03 22:01:00,2023,6,Jun,Sat,22,Night or early morning,30,NO CONTROLS,CLEAR,DARKNESS,PARKED MOTOR VEHICLE,NOT DIVIDED,DRY,INJURY AND / OR TOW DUE TO CRASH,,,"OVER $1,500",NOT APPLICABLE,4,FATAL,1,1,41.891843265,-87.722247692,60624,"CHICAGO MIDWAY AIRPORT, IL US",73.0,57.0,57.0,0.0,10.0,7.0
crash_03259,2018-12-10 10:32:00,2018,12,Dec,Mon,10,Daytime,30,STOP SIGN/FLASHER,CLEAR,DAYLIGHT,ANGLE,NOT DIVIDED,DRY,INJURY AND / OR TOW DUE TO CRASH,true,,"OVER $1,500",FAILING TO YIELD RIGHT-OF-WAY,2,NONINCAPACITATING INJURY,1,0,41.8871737439,-87.7701510123,60644,"CHICAGO MIDWAY AIRPORT, IL US",29.0,20.0,69.0,0.0,10.0,6.0
crash_03260,2023-02-16 20:40:00,2023,2,Feb,Thu,20,Night or early morning,30,NO CONTROLS,SNOW,"DARKNESS, LIGHTED ROAD",TURNING,DIVIDED - W/MEDIAN (NOT RAISED),SNOW OR SLUSH,INJURY AND / OR TOW DUE TO CRASH,,,"OVER $1,500",IMPROPER TURNING/NO SIGNAL,2,NO INDICATION OF INJURY,0,0,41.7952854044,-87.7659019894,60638,"CHICAGO MIDWAY AIRPORT, IL US",29.0,26.0,89.0,0.0,0.25,24.0
crash_03261,2020-01-26 07:20:00,2020,1,Jan,Sun,7,Morning commute,40,NO CONTROLS,CLEAR,DAYLIGHT,FIXED OBJECT,DIVIDED - W/MEDIAN BARRIER,WET,INJURY AND / OR TOW DUE TO CRASH,,,"OVER $1,500",FAILING TO REDUCE SPEED TO AVOID CRASH,1,NO INDICATION OF INJURY,0,0,41.9011654159,-87.6195823059,60611,"CHICAGO MIDWAY AIRPORT, IL US",32.0,28.0,85.0,0.0,7.0,8.0
crash_03262,2021-12-04 19:44:00,2021,12,Dec,Sat,19,Night or early morning,25,NO CONTROLS,CLEAR,"DARKNESS, LIGHTED ROAD",SIDESWIPE SAME DIRECTION,ONE-WAY,DRY,NO INJURY / DRIVE AWAY,,,"OVER $1,500",UNABLE TO DETERMINE,2,NO INDICATION OF INJURY,0,0,41.927598325,-87.670639873,60614,"CHICAGO MIDWAY AIRPORT, IL US",39.0,6.0,25.0,0.0,10.0,5.0
crash_03263,2025-12-31 10:27:00,2025,12,Dec,Wed,10,Daytime,30,NO CONTROLS,CLEAR,DAYLIGHT,REAR TO FRONT,ONE-WAY,DRY,NO INJURY / DRIVE AWAY,,true,"OVER $1,500",IMPROPER BACKING,2,NO INDICATION OF INJURY,0,0,42.0016319616,-87.8181282033,60631,,,,,,,
crash_03264,2021-11-02 21:09:00,2021,11,Nov,Tue,21,Night or early morning,30,NO CONTROLS,CLEAR,DUSK,PARKED MOTOR VEHICLE,NOT DIVIDED,DRY,INJURY AND / OR TOW DUE TO CRASH,,,"OVER $1,500",FAILING TO REDUCE SPEED TO AVOID CRASH,2,NONINCAPACITATING INJURY,3,0,41.6957353609,-87.6549937601,60643,"CHICAGO MIDWAY AIRPORT, IL US",39.0,23.0,53.0,0.0,10.0,6.0
crash_03265,2021-08-01 12:43:00,2021,8,Aug,Sun,12,Daytime,30,TRAFFIC SIGNAL,CLEAR,DAYLIGHT,TURNING,NOT DIVIDED,DRY,NO INJURY / DRIVE AWAY,true,,"$501 - $1,500",FOLLOWING TOO CLOSELY,2,NO INDICATION OF INJURY,0,0,41.7678445614,-87.7225482095,60629,"CHICAGO MIDWAY AIRPORT, IL US",76.0,54.0,47.0,0.0,10.0,16.0
crash_03266,2018-01-08 18:00:00,2018,1,Jan,Mon,18,Evening commute,30,TRAFFIC SIGNAL,FOG/SMOKE/HAZE,"DARKNESS, LIGHTED ROAD",ANGLE,DIVIDED - W/MEDIAN (NOT RAISED),WET,NO INJURY / DRIVE AWAY,true,,"OVER $1,500",FAILING TO YIELD RIGHT-OF-WAY,2,NO INDICATION OF INJURY,0,0,41.8910600413,-87.648732537,60642,"CHICAGO MIDWAY AIRPORT, IL US",34.0,29.0,82.0,0.0,10.0,11.0
crash_03267,2023-03-31 08:00:00,2023,3,Mar,Fri,8,Morning commute,25,NO CONTROLS,UNKNOWN,UNKNOWN,PARKED MOTOR VEHICLE,ONE-WAY,UNKNOWN,NO INJURY / DRIVE AWAY,,true,"OVER $1,500",UNABLE TO DETERMINE,2,NO INDICATION OF INJURY,0,0,41.945927337,-87.6445233632,60657,"CHICAGO MIDWAY AIRPORT, IL US",54.0,50.0,87.0,0.01,10.0,16.0
crash_03268,2019-06-25 12:25:00,2019,6,Jun,Tue,12,Daytime,15,NO CONTROLS,CLEAR,DAYLIGHT,TURNING,PARKING LOT,DRY,NO INJURY / DRIVE AWAY,,,"$501 - $1,500",IMPROPER BACKING,2,NO INDICATION OF INJURY,0,0,41.6860333533,-87.6786454881,60643,"CHICAGO MIDWAY AIRPORT, IL US",83.0,60.0,46.0,0.0,10.0,17.0
crash_03269,2018-07-28 00:08:00,2018,7,Jul,Sat,0,Night or early morning,30,TRAFFIC SIGNAL,CLEAR,"DARKNESS, LIGHTED ROAD",ANGLE,DIVIDED - W/MEDIAN (NOT RAISED),DRY,INJURY AND / OR TOW DUE TO CRASH,true,,"OVER $1,500",FAILING TO YIELD RIGHT-OF-WAY,2,INCAPACITATING INJURY,1,0,41.9394325907,-87.6979717707,60618,"CHICAGO MIDWAY AIRPORT, IL US",68.0,56.0,65.0,0.0,10.0,5.0
crash_03270,2021-04-28 11:00:00,2021,4,Apr,Wed,11,Daytime,30,NO CONTROLS,CLEAR,DAYLIGHT,REAR TO FRONT,NOT DIVIDED,DRY,NO INJURY / DRIVE AWAY,,,"$501 - $1,500",IMPROPER BACKING,2,NO INDICATION OF INJURY,0,0,41.7597539897,-87.6407647937,60621,"CHICAGO MIDWAY AIRPORT, IL US",49.0,42.0,77.0,0.0,9.0,11.0
crash_03271,2019-08-27 18:30:00,2019,8,Aug,Tue,18,Evening commute,30,TRAFFIC SIGNAL,CLEAR,DAYLIGHT,SIDESWIPE SAME DIRECTION,ONE-WAY,DRY,NO INJURY / DRIVE AWAY,true,true,"OVER $1,500",IMPROPER OVERTAKING/PASSING,2,NO INDICATION OF INJURY,0,0,41.892688793,-87.6372099378,60654,"CHICAGO MIDWAY AIRPORT, IL US",77.0,54.0,45.0,0.0,10.0,15.0
crash_03272,2020-01-20 15:00:00,2020,1,Jan,Mon,15,Evening commute,30,STOP SIGN/FLASHER,CLEAR,DAYLIGHT,TURNING,DIVIDED - W/MEDIAN (NOT RAISED),DRY,NO INJURY / DRIVE AWAY,,,"OVER $1,500",IMPROPER OVERTAKING/PASSING,2,NO INDICATION OF INJURY,0,0,41.762497024,-87.5635561356,60649,"CHICAGO MIDWAY AIRPORT, IL US",32.0,17.0,54.0,0.0,10.0,10.0
crash_03273,2019-10-10 14:30:00,2019,10,Oct,Thu,14,Daytime,30,TRAFFIC SIGNAL,CLEAR,DAYLIGHT,REAR END,ONE-WAY,DRY,NO INJURY / DRIVE AWAY,,,"OVER $1,500",FOLLOWING TOO CLOSELY,2,NO INDICATION OF INJURY,0,0,41.7946703847,-87.6305474761,60609,"CHICAGO MIDWAY AIRPORT, IL US",71.0,59.0,66.0,0.0,10.0,10.0
crash_03274,2020-08-16 12:45:00,2020,8,Aug,Sun,12,Daytime,30,NO CONTROLS,CLEAR,DAYLIGHT,PEDALCYCLIST,NOT DIVIDED,DRY,INJURY AND / OR TOW DUE TO CRASH,,,"OVER $1,500",IMPROPER OVERTAKING/PASSING,2,NONINCAPACITATING INJURY,1,0,41.9530069107,-87.6498100766,60613,"CHICAGO MIDWAY AIRPORT, IL US",83.0,48.0,30.0,0.0,10.0,7.0
crash_03275,2018-06-30 16:27:00,2018,6,Jun,Sat,16,Evening commute,30,TRAFFIC SIGNAL,CLEAR,DAYLIGHT,TURNING,NOT DIVIDED,DRY,INJURY AND / OR TOW DUE TO CRASH,,,"OVER $1,500",UNABLE TO DETERMINE,2,NO INDICATION OF INJURY,0,0,41.7564901494,-87.6152267936,60619,"CHICAGO MIDWAY AIRPORT, IL US",94.0,76.0,56.0,0.0,10.0,18.0
crash_03276,2021-09-25 11:10:00,2021,9,Sep,Sat,11,Daytime,30,TRAFFIC SIGNAL,CLEAR,DAYLIGHT,TURNING,NOT DIVIDED,DRY,NO INJURY / DRIVE AWAY,true,,"OVER $1,500",UNABLE TO DETERMINE,2,NO INDICATION OF INJURY,0,0,41.997814785,-87.8069386565,60631,"CHICAGO OHARE INTERNATIONAL AIRPORT, IL US",61.0,49.0,65.0,0.0,10.0,9.0
crash_03277,2019-04-08 17:00:00,2019,4,Apr,Mon,17,Evening commute,25,NO CONTROLS,CLEAR,DAYLIGHT,PARKED MOTOR VEHICLE,ONE-WAY,DRY,NO INJURY / DRIVE AWAY,,,"$501 - $1,500",IMPROPER BACKING,2,NO INDICATION OF INJURY,0,0,41.783445267,-87.7620053552,60638,"CHICAGO MIDWAY AIRPORT, IL US",73.0,31.0,21.0,0.0,10.0,8.0
crash_03278,2022-03-27 13:55:00,2022,3,Mar,Sun,13,Daytime,30,NO CONTROLS,CLEAR,DAYLIGHT,REAR TO FRONT,ONE-WAY,DRY,NO INJURY / DRIVE AWAY,,,"OVER $1,500",DRIVING SKILLS/KNOWLEDGE/EXPERIENCE,2,NO INDICATION OF INJURY,0,0,41.7653936078,-87.625050475,60621,"CHICAGO MIDWAY AIRPORT, IL US",34.0,9.0,35.0,0.0,10.0,7.0
crash_03279,2018-05-23 18:10:00,2018,5,May,Wed,18,Evening commute,30,TRAFFIC SIGNAL,CLEAR,DAYLIGHT,REAR END,NOT DIVIDED,WET,NO INJURY / DRIVE AWAY,,true,"$501 - $1,500",FAILING TO YIELD RIGHT-OF-WAY,2,NO INDICATION OF INJURY,0,0,41.9608703776,-87.7440970213,60630,"CHICAGO OHARE INTERNATIONAL AIRPORT, IL US",78.0,47.0,33.0,0.0,10.0,9.0
crash_03280,2018-06-18 15:28:00,2018,6,Jun,Mon,15,Evening commute,30,TRAFFIC SIGNAL,CLEAR,DAYLIGHT,ANGLE,NOT DIVIDED,DRY,NO INJURY / DRIVE AWAY,true,,"OVER $1,500",UNABLE TO DETERMINE,2,NO INDICATION OF INJURY,0,0,41.9973887205,-87.7639215193,60646,"CHICAGO OHARE INTERNATIONAL AIRPORT, IL US",93.0,69.0,46.0,0.0,10.0,18.0
crash_03281,2020-03-14 13:50:00,2020,3,Mar,Sat,13,Daytime,20,STOP SIGN/FLASHER,CLEAR,DAYLIGHT,PARKED MOTOR VEHICLE,ONE-WAY,DRY,INJURY AND / OR TOW DUE TO CRASH,,true,"OVER $1,500",IMPROPER LANE USAGE,2,NO INDICATION OF INJURY,0,0,41.9702486164,-87.7193825374,60625,"CHICAGO OHARE INTERNATIONAL AIRPORT, IL US",39.0,25.0,57.0,0.0,10.0,8.0
crash_03282,2021-07-04 14:30:00,2021,7,Jul,Sun,14,Daytime,30,NO CONTROLS,CLEAR,DAYLIGHT,TURNING,NOT DIVIDED,DRY,NO INJURY / DRIVE AWAY,,,"OVER $1,500",IMPROPER TURNING/NO SIGNAL,2,NO INDICATION OF INJURY,0,0,41.9142188417,-87.6349518237,60614,"CHICAGO MIDWAY AIRPORT, IL US",89.0,64.0,43.0,0.0,10.0,10.0
crash_03283,2022-05-26 11:21:00,2022,5,May,Thu,11,Daytime,30,TRAFFIC SIGNAL,CLOUDY/OVERCAST,DAYLIGHT,ANGLE,DIVIDED - W/MEDIAN (NOT RAISED),DRY,INJURY AND / OR TOW DUE TO CRASH,true,,"OVER $1,500",DISREGARDING TRAFFIC SIGNALS,2,NONINCAPACITATING INJURY,1,0,41.9244929098,-87.7170526456,60647,"CHICAGO MIDWAY AIRPORT, IL US",75.0,63.0,66.0,0.0,10.0,14.0
crash_03284,2021-11-27 00:20:00,2021,11,Nov,Sat,0,Night or early morning,30,NO CONTROLS,CLEAR,"DARKNESS, LIGHTED ROAD",PARKED MOTOR VEHICLE,NOT DIVIDED,DRY,INJURY AND / OR TOW DUE TO CRASH,,true,"OVER $1,500",UNABLE TO DETERMINE,4,NO INDICATION OF INJURY,0,0,41.9126259183,-87.7526138296,60639,"CHICAGO MIDWAY AIRPORT, IL US",30.0,16.0,56.0,0.0,10.0,7.0
crash_03285,2020-06-25 17:05:00,2020,6,Jun,Thu,17,Evening commute,30,NO CONTROLS,CLEAR,DAYLIGHT,HEAD ON,DIVIDED - W/MEDIAN (NOT RAISED),DRY,INJURY AND / OR TOW DUE TO CRASH,true,true,"OVER $1,500",UNABLE TO DETERMINE,2,NONINCAPACITATING INJURY,2,0,41.6518568901,-87.6170840492,60827,"CHICAGO MIDWAY AIRPORT, IL US",79.0,54.0,42.0,0.0,10.0,11.0
crash_03286,2025-02-18 08:50:00,2025,2,Feb,Tue,8,Morning commute,30,UNKNOWN,UNKNOWN,UNKNOWN,REAR END,UNKNOWN,UNKNOWN,NO INJURY / DRIVE AWAY,,,"OVER $1,500",UNABLE TO DETERMINE,2,NO INDICATION OF INJURY,0,0,41.7948057945,-87.6223898258,60615,"CHICAGO MIDWAY AIRPORT, IL US",1.0,-13.0,51.0,0.0,10.0,10.0
crash_03287,2022-06-26 05:55:00,2022,6,Jun,Sun,5,Night or early morning,30,TRAFFIC SIGNAL,CLEAR,DAWN,REAR END,FOUR WAY,DRY,NO INJURY / DRIVE AWAY,true,,"OVER $1,500",UNABLE TO DETERMINE,3,NO INDICATION OF INJURY,0,0,41.8977414009,-87.6870403917,60622,"CHICAGO MIDWAY AIRPORT, IL US",72.0,67.0,84.0,0.0,10.0,6.0