crash_id,crash_datetime,crash_year,crash_month,crash_month_name,crash_weekday_name,crash_hour,time_period,posted_speed_limit_mph,traffic_control_device,reported_weather_condition,reported_lighting_condition,first_crash_type,trafficway_type,reported_road_surface_condition,crash_type,intersection_related,hit_and_run,estimated_damage,primary_contributory_cause,unit_count,most_severe_injury,injuries_total,injuries_fatal,latitude,longitude,zip5,weather_station_name,temperature_f,dew_point_f,relative_humidity_percent,precipitation_inches,visibility_miles,wind_speed_mph
crash_03288,2021-12-28 10:00:00,2021,12,Dec,Tue,10,Daytime,30,NO CONTROLS,CLEAR,DARKNESS,PARKED MOTOR VEHICLE,ONE-WAY,UNKNOWN,NO INJURY / DRIVE AWAY,,true,"OVER $1,500",UNABLE TO DETERMINE,2,NO INDICATION OF INJURY,0,0,41.7973140294,-87.6900945266,60632,"CHICAGO MIDWAY AIRPORT, IL US",39.0,29.0,67.0,0.0,10.0,10.0
crash_03289,2024-04-06 16:00:00,2024,4,Apr,Sat,16,Evening commute,30,TRAFFIC SIGNAL,CLEAR,DAYLIGHT,REAR END,DIVIDED - W/MEDIAN (NOT RAISED),DRY,NO INJURY / DRIVE AWAY,true,,"OVER $1,500",NOT APPLICABLE,2,NO INDICATION OF INJURY,0,0,41.9554197739,-87.7334238811,60641,"CHICAGO OHARE INTERNATIONAL AIRPORT, IL US",52.0,28.0,40.0,0.0,10.0,9.0
crash_03290,2020-05-15 13:00:00,2020,5,May,Fri,13,Daytime,30,STOP SIGN/FLASHER,CLEAR,DAYLIGHT,REAR END,DIVIDED - W/MEDIAN (NOT RAISED),DRY,INJURY AND / OR TOW DUE TO CRASH,true,,"$501 - $1,500",FOLLOWING TOO CLOSELY,2,"REPORTED, NOT EVIDENT",1,0,41.7136358916,-87.6771450765,60643,"CHICAGO MIDWAY AIRPORT, IL US",70.0,61.0,73.0,0.0,10.0,6.0
crash_03291,2018-03-19 21:25:00,2018,3,Mar,Mon,21,Night or early morning,40,NO CONTROLS,CLEAR,"DARKNESS, LIGHTED ROAD",SIDESWIPE SAME DIRECTION,DIVIDED - W/MEDIAN BARRIER,DRY,INJURY AND / OR TOW DUE TO CRASH,,true,"OVER $1,500",IMPROPER LANE USAGE,2,NONINCAPACITATING INJURY,1,0,41.9619536314,-87.6460768099,60640,"CHICAGO MIDWAY AIRPORT, IL US",38.0,29.0,70.0,0.0,10.0,22.0
crash_03292,2023-11-26 04:15:00,2023,11,Nov,Sun,4,Night or early morning,20,STOP SIGN/FLASHER,CLEAR,"DARKNESS, LIGHTED ROAD",PARKED MOTOR VEHICLE,NOT DIVIDED,DRY,INJURY AND / OR TOW DUE TO CRASH,,true,"OVER $1,500",UNABLE TO DETERMINE,4,,,,41.8854785384,-87.665589386,60607,"CHICAGO MIDWAY AIRPORT, IL US",34.0,23.0,64.0,0.0,10.0,0.0
crash_03293,2020-07-01 19:30:00,2020,7,Jul,Wed,19,Night or early morning,30,TRAFFIC SIGNAL,CLEAR,DAYLIGHT,SIDESWIPE SAME DIRECTION,NOT DIVIDED,DRY,NO INJURY / DRIVE AWAY,,,"OVER $1,500",UNABLE TO DETERMINE,2,NO INDICATION OF INJURY,0,0,41.7720982328,-87.6641646176,60636,"CHICAGO MIDWAY AIRPORT, IL US",82.0,60.0,47.0,0.0,10.0,9.0
crash_03294,2021-04-30 15:00:00,2021,4,Apr,Fri,15,Evening commute,30,NO CONTROLS,CLEAR,DAYLIGHT,PARKED MOTOR VEHICLE,ONE-WAY,DRY,NO INJURY / DRIVE AWAY,,true,"OVER $1,500","OPERATING VEHICLE IN ERRATIC, RECKLESS, CARELESS, NEGLIGENT OR AGGRESSIVE MANNER",2,NO INDICATION OF INJURY,0,0,41.7349375793,-87.6571068871,60620,"CHICAGO MIDWAY AIRPORT, IL US",51.0,30.0,44.0,0.0,10.0,9.0
crash_03295,2024-06-21 16:40:00,2024,6,Jun,Fri,16,Evening commute,30,TRAFFIC SIGNAL,CLEAR,DAYLIGHT,ANGLE,FOUR WAY,DRY,NO INJURY / DRIVE AWAY,true,false,"OVER $1,500",DISREGARDING TRAFFIC SIGNALS,2,NO INDICATION OF INJURY,0,0,41.9284507437,-87.6976618858,60647,"CHICAGO MIDWAY AIRPORT, IL US",94.0,61.0,33.0,0.0,10.0,14.0
crash_03296,2023-12-01 14:30:00,2023,12,Dec,Fri,14,Daytime,10,NO CONTROLS,RAIN,DAYLIGHT,OTHER OBJECT,ALLEY,WET,NO INJURY / DRIVE AWAY,,,"OVER $1,500",UNABLE TO DETERMINE,2,NO INDICATION OF INJURY,0,0,41.7382110715,-87.659333153,60620,"CHICAGO MIDWAY AIRPORT, IL US",44.0,41.0,89.0,0.0,3.0,9.0
crash_03297,2020-03-15 23:25:00,2020,3,Mar,Sun,23,Night or early morning,15,NO CONTROLS,CLEAR,"DARKNESS, LIGHTED ROAD",FIXED OBJECT,ALLEY,DRY,NO INJURY / DRIVE AWAY,,,"OVER $1,500",UNABLE TO DETERMINE,1,NO INDICATION OF INJURY,0,0,41.9338151611,-87.7198206516,60618,"CHICAGO MIDWAY AIRPORT, IL US",35.0,29.0,78.0,0.0,10.0,6.0
crash_03298,2024-10-10 17:45:00,2024,10,Oct,Thu,17,Evening commute,30,NO CONTROLS,CLEAR,DUSK,ANGLE,NOT DIVIDED,DRY,NO INJURY / DRIVE AWAY,,true,"$501 - $1,500",UNABLE TO DETERMINE,2,NO INDICATION OF INJURY,0,0,41.712422005,-87.6140672521,60628,"CHICAGO MIDWAY AIRPORT, IL US",66.0,43.0,43.0,0.0,10.0,8.0
crash_03299,2018-07-22 15:25:00,2018,7,Jul,Sun,15,Evening commute,30,NO CONTROLS,CLEAR,DAYLIGHT,PEDESTRIAN,NOT DIVIDED,DRY,INJURY AND / OR TOW DUE TO CRASH,,,$500 OR LESS,NOT APPLICABLE,2,NONINCAPACITATING INJURY,1,0,41.9651075012,-87.6860845841,60625,"CHICAGO OHARE INTERNATIONAL AIRPORT, IL US",75.0,66.0,74.0,,10.0,21.0
crash_03300,2024-05-19 09:35:00,2024,5,May,Sun,9,Morning commute,30,NO CONTROLS,CLEAR,DAYLIGHT,TURNING,NOT DIVIDED,DRY,INJURY AND / OR TOW DUE TO CRASH,true,,"OVER $1,500",UNABLE TO DETERMINE,2,INCAPACITATING INJURY,1,0,41.9991950136,-87.7893755949,60646,"CHICAGO OHARE INTERNATIONAL AIRPORT, IL US",76.0,45.0,33.0,0.0,10.0,15.0
crash_03301,2021-01-31 00:05:00,2021,1,Jan,Sun,0,Night or early morning,30,TRAFFIC SIGNAL,SNOW,DARKNESS,REAR END,ONE-WAY,SNOW OR SLUSH,INJURY AND / OR TOW DUE TO CRASH,,true,"$501 - $1,500",FOLLOWING TOO CLOSELY,2,NONINCAPACITATING INJURY,1,0,41.8858467844,-87.6325223706,60601,"CHICAGO MIDWAY AIRPORT, IL US",30.0,26.0,85.0,0.02,0.75,18.0
crash_03302,2020-06-17 10:15:00,2020,6,Jun,Wed,10,Daytime,30,STOP SIGN/FLASHER,CLEAR,DAYLIGHT,TURNING,FOUR WAY,DRY,INJURY AND / OR TOW DUE TO CRASH,true,,"$501 - $1,500",FAILING TO YIELD RIGHT-OF-WAY,2,"REPORTED, NOT EVIDENT",1,0,41.7436127189,-87.6213295336,60619,"CHICAGO MIDWAY AIRPORT, IL US",81.0,55.0,41.0,0.0,10.0,0.0
crash_03303,2019-03-17 23:52:00,2019,3,Mar,Sun,23,Night or early morning,35,TRAFFIC SIGNAL,CLEAR,"DARKNESS, LIGHTED ROAD",REAR END,DIVIDED - W/MEDIAN (NOT RAISED),DRY,INJURY AND / OR TOW DUE TO CRASH,true,,"OVER $1,500",FAILING TO REDUCE SPEED TO AVOID CRASH,2,INCAPACITATING INJURY,4,0,41.8957045249,-87.7022185235,60622,"CHICAGO MIDWAY AIRPORT, IL US",35.0,22.0,59.0,0.0,10.0,0.0
crash_03304,2023-09-12 08:09:00,2023,9,Sep,Tue,8,Morning commute,30,TRAFFIC SIGNAL,CLEAR,DAYLIGHT,TURNING,DIVIDED - W/MEDIAN (NOT RAISED),DRY,INJURY AND / OR TOW DUE TO CRASH,true,,"OVER $1,500",FAILING TO YIELD RIGHT-OF-WAY,2,NO INDICATION OF INJURY,0,0,41.7648677516,-87.6636471575,60636,"CHICAGO MIDWAY AIRPORT, IL US",58.0,55.0,90.0,0.0,10.0,13.0
crash_03305,2021-08-20 06:45:00,2021,8,Aug,Fri,6,Morning commute,5,NO CONTROLS,CLEAR,DAYLIGHT,FIXED OBJECT,OTHER,DRY,NO INJURY / DRIVE AWAY,,,"OVER $1,500",UNABLE TO DETERMINE,1,NO INDICATION OF INJURY,0,0,41.7752200873,-87.5864366257,60637,"CHICAGO MIDWAY AIRPORT, IL US",74.0,70.0,88.0,0.0,8.0,0.0
crash_03306,2025-05-07 15:43:00,2025,5,May,Wed,15,Evening commute,25,NO CONTROLS,CLEAR,DAYLIGHT,PARKED MOTOR VEHICLE,NOT DIVIDED,DRY,INJURY AND / OR TOW DUE TO CRASH,,,"OVER $1,500",UNABLE TO DETERMINE,2,NO INDICATION OF INJURY,0,0,41.746124985,-87.5862784321,60619,"CHICAGO MIDWAY AIRPORT, IL US",59.0,42.0,54.0,0.0,10.0,13.0
crash_03307,2023-11-10 21:56:00,2023,11,Nov,Fri,21,Night or early morning,30,STOP SIGN/FLASHER,CLEAR,"DARKNESS, LIGHTED ROAD",ANGLE,FOUR WAY,DRY,INJURY AND / OR TOW DUE TO CRASH,,true,"OVER $1,500",FAILING TO YIELD RIGHT-OF-WAY,2,NONINCAPACITATING INJURY,1,0,41.7891477191,-87.6224723614,60637,"CHICAGO MIDWAY AIRPORT, IL US",37.0,28.0,70.0,0.0,10.0,5.0
crash_03308,2023-06-29 08:50:00,2023,6,Jun,Thu,8,Morning commute,30,NO CONTROLS,UNKNOWN,UNKNOWN,REAR END,NOT DIVIDED,UNKNOWN,NO INJURY / DRIVE AWAY,,true,$500 OR LESS,UNABLE TO DETERMINE,2,NO INDICATION OF INJURY,0,0,41.808523853,-87.6859353649,60632,"CHICAGO MIDWAY AIRPORT, IL US",79.0,64.0,61.0,,3.0,8.0
crash_03309,2019-03-26 09:50:00,2019,3,Mar,Tue,9,Morning commute,35,UNKNOWN,CLEAR,DAYLIGHT,SIDESWIPE SAME DIRECTION,DIVIDED - W/MEDIAN (NOT RAISED),DRY,NO INJURY / DRIVE AWAY,,,"OVER $1,500",UNABLE TO DETERMINE,2,NO INDICATION OF INJURY,0,0,41.8526991558,-87.6496796906,60608,"CHICAGO MIDWAY AIRPORT, IL US",38.0,7.0,27.0,0.0,10.0,10.0
crash_03310,2024-06-30 20:58:00,2024,6,Jun,Sun,20,Night or early morning,30,UNKNOWN,CLEAR,"DARKNESS, LIGHTED ROAD",SIDESWIPE SAME DIRECTION,NOT DIVIDED,UNKNOWN,NO INJURY / DRIVE AWAY,,true,"OVER $1,500",IMPROPER OVERTAKING/PASSING,2,NO INDICATION OF INJURY,0,0,41.7965113617,-87.6842515013,60632,"CHICAGO MIDWAY AIRPORT, IL US",64.0,41.0,43.0,0.0,10.0,13.0
crash_03311,2021-08-02 19:46:00,2021,8,Aug,Mon,19,Night or early morning,30,TRAFFIC SIGNAL,CLEAR,DAYLIGHT,ANGLE,DIVIDED - W/MEDIAN (NOT RAISED),DRY,NO INJURY / DRIVE AWAY,,,"OVER $1,500",DISREGARDING TRAFFIC SIGNALS,2,NO INDICATION OF INJURY,0,0,41.7429247381,-87.6827455377,60652,"CHICAGO MIDWAY AIRPORT, IL US",,,,0.0,10.0,7.0
crash_03312,2021-06-10 13:00:00,2021,6,Jun,Thu,13,Daytime,24,NO CONTROLS,CLEAR,DAYLIGHT,PARKED MOTOR VEHICLE,NOT DIVIDED,DRY,NO INJURY / DRIVE AWAY,,true,"$501 - $1,500",UNABLE TO DETERMINE,2,NO INDICATION OF INJURY,0,0,41.8281979618,-87.6924693108,60632,"CHICAGO MIDWAY AIRPORT, IL US",86.0,65.0,49.0,0.0,10.0,10.0
crash_03313,2019-01-31 09:30:00,2019,1,Jan,Thu,9,Morning commute,30,TRAFFIC SIGNAL,CLEAR,DAYLIGHT,REAR END,DIVIDED - W/MEDIAN (NOT RAISED),DRY,NO INJURY / DRIVE AWAY,,,"OVER $1,500",FOLLOWING TOO CLOSELY,2,NO INDICATION OF INJURY,0,0,41.8690257474,-87.7741136155,60644,"CHICAGO MIDWAY AIRPORT, IL US",-14.0,-23.0,63.0,0.0,10.0,9.0
crash_03314,2019-11-05 13:40:00,2019,11,Nov,Tue,13,Daytime,30,TRAFFIC SIGNAL,CLEAR,DAYLIGHT,SIDESWIPE OPPOSITE DIRECTION,DIVIDED - W/MEDIAN (NOT RAISED),DRY,NO INJURY / DRIVE AWAY,,,"OVER $1,500",UNABLE TO DETERMINE,2,NO INDICATION OF INJURY,0,0,41.9302954586,-87.6858187416,60647,"CHICAGO MIDWAY AIRPORT, IL US",41.0,16.0,36.0,0.0,10.0,16.0
crash_03315,2019-11-16 12:00:00,2019,11,Nov,Sat,12,Daytime,15,NO CONTROLS,CLEAR,DAYLIGHT,REAR TO SIDE,NOT DIVIDED,DRY,NO INJURY / DRIVE AWAY,,,"OVER $1,500",NOT APPLICABLE,2,NO INDICATION OF INJURY,0,0,41.7508782621,-87.7226638953,60652,"CHICAGO MIDWAY AIRPORT, IL US",39.0,28.0,65.0,0.0,10.0,7.0
crash_03316,2024-11-21 10:07:00,2024,11,Nov,Thu,10,Daytime,35,TRAFFIC SIGNAL,SNOW,DAYLIGHT,REAR END,NOT DIVIDED,SNOW OR SLUSH,INJURY AND / OR TOW DUE TO CRASH,true,,"OVER $1,500",FOLLOWING TOO CLOSELY,2,NO INDICATION OF INJURY,0,0,41.8926370648,-87.6204027168,60611,"CHICAGO MIDWAY AIRPORT, IL US",31.0,28.0,89.0,,0.5,14.0
crash_03317,2021-05-02 19:30:00,2021,5,May,Sun,19,Night or early morning,20,NO CONTROLS,CLEAR,DAYLIGHT,PARKED MOTOR VEHICLE,PARKING LOT,DRY,NO INJURY / DRIVE AWAY,,,"$501 - $1,500",NOT APPLICABLE,2,NO INDICATION OF INJURY,0,0,41.7788424584,-87.7179800027,60629,"CHICAGO MIDWAY AIRPORT, IL US",72.0,54.0,53.0,0.0,10.0,23.0
crash_03318,2020-01-15 21:30:00,2020,1,Jan,Wed,21,Night or early morning,30,NO CONTROLS,CLEAR,"DARKNESS, LIGHTED ROAD",FIXED OBJECT,NOT DIVIDED,DRY,NO INJURY / DRIVE AWAY,,,"$501 - $1,500",UNABLE TO DETERMINE,1,NO INDICATION OF INJURY,0,0,41.9932638835,-87.6556335305,60660,"CHICAGO OHARE INTERNATIONAL AIRPORT, IL US",33.0,30.0,89.0,,10.0,9.0
crash_03319,2021-04-24 20:50:00,2021,4,Apr,Sat,20,Night or early morning,30,STOP SIGN/FLASHER,RAIN,DARKNESS,PEDESTRIAN,NOT DIVIDED,WET,NO INJURY / DRIVE AWAY,,true,$500 OR LESS,DISREGARDING STOP SIGN,2,NO INDICATION OF INJURY,0,0,41.8385324659,-87.7342677722,60623,"CHICAGO MIDWAY AIRPORT, IL US",57.0,46.0,67.0,0.0,10.0,9.0
crash_03320,2023-02-09 05:50:00,2023,2,Feb,Thu,5,Night or early morning,30,TRAFFIC SIGNAL,RAIN,"DARKNESS, LIGHTED ROAD",ANGLE,DIVIDED - W/MEDIAN BARRIER,WET,INJURY AND / OR TOW DUE TO CRASH,true,true,"OVER $1,500",DISREGARDING TRAFFIC SIGNALS,2,NO INDICATION OF INJURY,0,0,41.8672861653,-87.6305809677,60605,"CHICAGO MIDWAY AIRPORT, IL US",39.0,37.0,93.0,0.08,2.5,18.0
crash_03321,2025-09-05 15:48:00,2025,9,Sep,Fri,15,Evening commute,30,NO CONTROLS,CLEAR,DAYLIGHT,TURNING,DIVIDED - W/MEDIAN (NOT RAISED),DRY,NO INJURY / DRIVE AWAY,,true,"OVER $1,500",FAILING TO YIELD RIGHT-OF-WAY,2,NO INDICATION OF INJURY,0,0,41.8581311268,-87.6516026311,60608,,,,,,,
crash_03322,2022-06-30 15:51:00,2022,6,Jun,Thu,15,Evening commute,30,NO CONTROLS,CLEAR,DAYLIGHT,SIDESWIPE SAME DIRECTION,NOT DIVIDED,DRY,NO INJURY / DRIVE AWAY,,true,"OVER $1,500",UNABLE TO DETERMINE,2,NO INDICATION OF INJURY,0,0,41.8782931458,-87.754843018,60644,"CHICAGO MIDWAY AIRPORT, IL US",93.0,57.0,30.0,0.0,10.0,18.0
crash_03323,2024-05-22 17:50:00,2024,5,May,Wed,17,Evening commute,30,NO CONTROLS,CLEAR,DAYLIGHT,REAR END,NOT DIVIDED,DRY,NO INJURY / DRIVE AWAY,,,$500 OR LESS,UNABLE TO DETERMINE,2,NO INDICATION OF INJURY,0,0,41.9249037978,-87.6788923439,60647,"CHICAGO MIDWAY AIRPORT, IL US",76.0,39.0,26.0,0.0,10.0,20.0
crash_03324,2023-05-22 17:32:00,2023,5,May,Mon,17,Evening commute,30,STOP SIGN/FLASHER,CLEAR,DAYLIGHT,PEDESTRIAN,T-INTERSECTION,DRY,INJURY AND / OR TOW DUE TO CRASH,true,,"OVER $1,500",NOT APPLICABLE,2,NONINCAPACITATING INJURY,1,0,41.8069956157,-87.6453385601,60609,"CHICAGO MIDWAY AIRPORT, IL US",77.0,40.0,26.0,0.0,10.0,15.0
crash_03325,2018-03-14 21:17:00,2018,3,Mar,Wed,21,Night or early morning,30,TRAFFIC SIGNAL,CLEAR,UNKNOWN,REAR END,NOT DIVIDED,UNKNOWN,NO INJURY / DRIVE AWAY,,,"$501 - $1,500",FAILING TO REDUCE SPEED TO AVOID CRASH,2,NO INDICATION OF INJURY,0,0,41.9334138731,-87.6975030575,60618,"CHICAGO MIDWAY AIRPORT, IL US",43.0,24.0,47.0,0.0,10.0,5.0
crash_03326,2020-02-11 15:20:00,2020,2,Feb,Tue,15,Evening commute,30,NO CONTROLS,CLEAR,DAYLIGHT,REAR END,NOT DIVIDED,DRY,NO INJURY / DRIVE AWAY,,true,"$501 - $1,500",NOT APPLICABLE,2,NO INDICATION OF INJURY,0,0,41.7988068949,-87.723174753,60632,"CHICAGO MIDWAY AIRPORT, IL US",34.0,21.0,59.0,0.0,10.0,14.0
crash_03327,2019-11-03 01:05:00,2019,11,Nov,Sun,1,Night or early morning,30,TRAFFIC SIGNAL,CLEAR,"DARKNESS, LIGHTED ROAD",REAR END,DIVIDED - W/MEDIAN (NOT RAISED),DRY,INJURY AND / OR TOW DUE TO CRASH,,,"OVER $1,500",FOLLOWING TOO CLOSELY,2,NO INDICATION OF INJURY,0,0,41.9179927834,-87.6713894611,60614,"CHICAGO MIDWAY AIRPORT, IL US",33.0,26.0,75.0,0.0,10.0,7.0
crash_03328,2019-07-20 19:06:00,2019,7,Jul,Sat,19,Night or early morning,25,TRAFFIC SIGNAL,CLEAR,DAYLIGHT,TURNING,DIVIDED - W/MEDIAN (NOT RAISED),DRY,NO INJURY / DRIVE AWAY,,,$500 OR LESS,DRIVING SKILLS/KNOWLEDGE/EXPERIENCE,2,NO INDICATION OF INJURY,0,0,41.9902174008,-87.6713019935,60660,"CHICAGO OHARE INTERNATIONAL AIRPORT, IL US",77.0,69.0,77.0,0.0,10.0,3.0
crash_03329,2025-06-17 08:00:00,2025,6,Jun,Tue,8,Morning commute,30,NO CONTROLS,CLEAR,DAYLIGHT,ANGLE,NOT DIVIDED,DRY,NO INJURY / DRIVE AWAY,,,"$501 - $1,500",UNABLE TO DETERMINE,2,NO INDICATION OF INJURY,0,0,41.9398493691,-87.6976924891,60618,"CHICAGO MIDWAY AIRPORT, IL US",77.0,69.0,77.0,0.0,10.0,14.0
crash_03330,2022-03-16 15:00:00,2022,3,Mar,Wed,15,Evening commute,30,TRAFFIC SIGNAL,CLEAR,DAYLIGHT,REAR END,DIVIDED - W/MEDIAN (NOT RAISED),DRY,NO INJURY / DRIVE AWAY,,,"$501 - $1,500",FAILING TO REDUCE SPEED TO AVOID CRASH,2,NO INDICATION OF INJURY,0,0,41.8991540521,-87.7065260275,60622,"CHICAGO MIDWAY AIRPORT, IL US",70.0,42.0,37.0,0.0,10.0,16.0
crash_03331,2025-09-07 04:50:00,2025,9,Sep,Sun,4,Night or early morning,30,NO CONTROLS,UNKNOWN,DARKNESS,OTHER OBJECT,ONE-WAY,UNKNOWN,NO INJURY / DRIVE AWAY,,true,"OVER $1,500",UNABLE TO DETERMINE,1,NO INDICATION OF INJURY,0,0,41.8743421598,-87.7348339089,60624,,,,,,,
crash_03332,2020-02-08 17:05:00,2020,2,Feb,Sat,17,Evening commute,10,NO CONTROLS,CLEAR,"DARKNESS, LIGHTED ROAD",FIXED OBJECT,OTHER,DRY,INJURY AND / OR TOW DUE TO CRASH,,,"OVER $1,500",DRIVING SKILLS/KNOWLEDGE/EXPERIENCE,1,NO INDICATION OF INJURY,0,0,,,,,,,,,,
crash_03333,2025-10-29 09:27:00,2025,10,Oct,Wed,9,Morning commute,30,TRAFFIC SIGNAL,CLEAR,DAYLIGHT,REAR END,FOUR WAY,DRY,NO INJURY / DRIVE AWAY,true,true,$500 OR LESS,UNABLE TO DETERMINE,2,NO INDICATION OF INJURY,0,0,41.7871089078,-87.6319285907,60621,,,,,,,
crash_03334,2021-12-11 03:30:00,2021,12,Dec,Sat,3,Night or early morning,10,NO CONTROLS,CLEAR,DAYLIGHT,ANGLE,PARKING LOT,DRY,NO INJURY / DRIVE AWAY,true,true,"$501 - $1,500",DISREGARDING TRAFFIC SIGNALS,2,NO INDICATION OF INJURY,0,0,41.7840711496,-87.7227658413,60629,"CHICAGO MIDWAY AIRPORT, IL US",59.0,52.0,77.0,,10.0,20.0
crash_03335,2019-08-16 16:50:00,2019,8,Aug,Fri,16,Evening commute,30,NO CONTROLS,CLEAR,DAYLIGHT,REAR END,NOT DIVIDED,DRY,NO INJURY / DRIVE AWAY,,,"OVER $1,500",NOT APPLICABLE,2,NO INDICATION OF INJURY,0,0,41.7672135217,-87.7223253934,60629,"CHICAGO MIDWAY AIRPORT, IL US",84.0,67.0,57.0,0.0,10.0,13.0
crash_03336,2022-04-27 18:30:00,2022,4,Apr,Wed,18,Evening commute,30,NO CONTROLS,CLEAR,DAYLIGHT,PARKED MOTOR VEHICLE,NOT DIVIDED,DRY,NO INJURY / DRIVE AWAY,,true,"OVER $1,500",UNABLE TO DETERMINE,2,NO INDICATION OF INJURY,0,0,41.8038788873,-87.612144518,60615,"CHICAGO MIDWAY AIRPORT, IL US",38.0,27.0,65.0,0.0,10.0,11.0
crash_03337,2019-02-10 11:55:00,2019,2,Feb,Sun,11,Daytime,30,UNKNOWN,CLEAR,DAYLIGHT,ANGLE,UNKNOWN,DRY,NO INJURY / DRIVE AWAY,,,"$501 - $1,500",FAILING TO YIELD RIGHT-OF-WAY,2,NO INDICATION OF INJURY,0,0,41.9398446622,-87.7837128205,60634,"CHICAGO OHARE INTERNATIONAL AIRPORT, IL US",28.0,17.0,63.0,0.0,10.0,8.0
crash_03338,2022-08-09 11:15:00,2022,8,Aug,Tue,11,Daytime,30,STOP SIGN/FLASHER,CLEAR,DAYLIGHT,PARKED MOTOR VEHICLE,ONE-WAY,DRY,INJURY AND / OR TOW DUE TO CRASH,,,"OVER $1,500",DISREGARDING STOP SIGN,3,NO INDICATION OF INJURY,0,0,41.8641726581,-87.7294359126,60623,"CHICAGO MIDWAY AIRPORT, IL US",73.0,57.0,57.0,,10.0,11.0
crash_03339,2022-06-01 02:01:00,2022,6,Jun,Wed,2,Night or early morning,30,TRAFFIC SIGNAL,RAIN,"DARKNESS, LIGHTED ROAD",TURNING,NOT DIVIDED,WET,NO INJURY / DRIVE AWAY,,,"OVER $1,500",UNABLE TO DETERMINE,2,NO INDICATION OF INJURY,0,0,41.793258058,-87.7107535727,60629,"CHICAGO MIDWAY AIRPORT, IL US",74.0,68.0,82.0,0.14,4.0,14.0
crash_03340,2020-09-12 12:13:00,2020,9,Sep,Sat,12,Daytime,30,NO CONTROLS,CLEAR,DAYLIGHT,FIXED OBJECT,DRIVEWAY,DRY,NO INJURY / DRIVE AWAY,,true,"OVER $1,500",UNABLE TO DETERMINE,1,NO INDICATION OF INJURY,0,0,41.8834359111,-87.6578109436,60607,"CHICAGO MIDWAY AIRPORT, IL US",67.0,65.0,93.0,0.04,3.0,9.0
crash_03341,2019-03-14 10:00:00,2019,3,Mar,Thu,10,Daytime,30,NO CONTROLS,RAIN,DAYLIGHT,PARKED MOTOR VEHICLE,ONE-WAY,DRY,NO INJURY / DRIVE AWAY,,true,"OVER $1,500",NOT APPLICABLE,2,NO INDICATION OF INJURY,0,0,41.7718920265,-87.5848956288,60649,"CHICAGO MIDWAY AIRPORT, IL US",57.0,50.0,78.0,0.0,10.0,13.0
crash_03342,2020-08-05 12:22:00,2020,8,Aug,Wed,12,Daytime,30,STOP SIGN/FLASHER,CLEAR,DAYLIGHT,OTHER OBJECT,NOT DIVIDED,DRY,INJURY AND / OR TOW DUE TO CRASH,,,"OVER $1,500",DRIVING SKILLS/KNOWLEDGE/EXPERIENCE,1,NO INDICATION OF INJURY,0,0,41.9487034324,-87.7620524547,60641,"CHICAGO OHARE INTERNATIONAL AIRPORT, IL US",75.0,51.0,43.0,0.0,10.0,7.0
crash_03343,2024-10-26 10:00:00,2024,10,Oct,Sat,10,Daytime,30,NO CONTROLS,CLEAR,DAYLIGHT,SIDESWIPE SAME DIRECTION,NOT DIVIDED,DRY,NO INJURY / DRIVE AWAY,,true,$500 OR LESS,UNABLE TO DETERMINE,2,NO INDICATION OF INJURY,0,0,41.814173226,-87.7038832128,60632,"CHICAGO MIDWAY AIRPORT, IL US",53.0,30.0,41.0,0.0,10.0,10.0
crash_03344,2021-02-18 10:40:00,2021,2,Feb,Thu,10,Daytime,15,NO CONTROLS,SNOW,DAYLIGHT,FIXED OBJECT,ALLEY,SNOW OR SLUSH,NO INJURY / DRIVE AWAY,,,"OVER $1,500",UNABLE TO DETERMINE,1,NO INDICATION OF INJURY,0,0,41.814573871,-87.6677088266,60609,"CHICAGO MIDWAY AIRPORT, IL US",23.0,13.0,65.0,0.0,5.0,3.0
crash_03345,2022-02-08 14:30:00,2022,2,Feb,Tue,14,Daytime,30,NO CONTROLS,CLEAR,DAYLIGHT,REAR END,NOT DIVIDED,UNKNOWN,NO INJURY / DRIVE AWAY,,true,"OVER $1,500",UNABLE TO DETERMINE,2,NO INDICATION OF INJURY,0,0,41.8914231563,-87.7458276747,60644,"CHICAGO MIDWAY AIRPORT, IL US",36.0,24.0,62.0,0.0,10.0,10.0
crash_03346,2021-11-20 11:47:00,2021,11,Nov,Sat,11,Daytime,15,NO CONTROLS,CLEAR,DAYLIGHT,SIDESWIPE SAME DIRECTION,ONE-WAY,DRY,NO INJURY / DRIVE AWAY,,,"OVER $1,500",FAILING TO YIELD RIGHT-OF-WAY,2,NO INDICATION OF INJURY,0,0,41.9260147548,-87.7768593279,60639,"CHICAGO OHARE INTERNATIONAL AIRPORT, IL US",45.0,30.0,56.0,0.0,10.0,13.0
crash_03347,2021-08-20 09:30:00,2021,8,Aug,Fri,9,Morning commute,30,NO CONTROLS,CLEAR,DAYLIGHT,SIDESWIPE SAME DIRECTION,NOT DIVIDED,DRY,INJURY AND / OR TOW DUE TO CRASH,,true,"OVER $1,500",IMPROPER LANE USAGE,2,NO INDICATION OF INJURY,0,0,41.8955513116,-87.7183294236,60651,"CHICAGO MIDWAY AIRPORT, IL US",82.0,70.0,67.0,0.0,10.0,0.0