crash_id,crash_datetime,crash_year,crash_month,crash_month_name,crash_weekday_name,crash_hour,time_period,posted_speed_limit_mph,traffic_control_device,reported_weather_condition,reported_lighting_condition,first_crash_type,trafficway_type,reported_road_surface_condition,crash_type,intersection_related,hit_and_run,estimated_damage,primary_contributory_cause,unit_count,most_severe_injury,injuries_total,injuries_fatal,latitude,longitude,zip5,weather_station_name,temperature_f,dew_point_f,relative_humidity_percent,precipitation_inches,visibility_miles,wind_speed_mph
crash_03348,2023-07-09 14:56:00,2023,7,Jul,Sun,14,Daytime,30,STOP SIGN/FLASHER,CLEAR,DAYLIGHT,ANGLE,DIVIDED - W/MEDIAN (NOT RAISED),DRY,INJURY AND / OR TOW DUE TO CRASH,true,,"OVER $1,500",FAILING TO YIELD RIGHT-OF-WAY,2,NO INDICATION OF INJURY,0,0,41.9331889972,-87.7664596188,60634,"CHICAGO OHARE INTERNATIONAL AIRPORT, IL US",83.0,54.0,37.0,0.0,10.0,8.0
crash_03349,2025-07-01 11:04:00,2025,7,Jul,Tue,11,Daytime,15,NO CONTROLS,CLEAR,DAYLIGHT,SIDESWIPE SAME DIRECTION,ALLEY,DRY,NO INJURY / DRIVE AWAY,,,"OVER $1,500",NOT APPLICABLE,2,NO INDICATION OF INJURY,0,0,41.9968566864,-87.699760518,60659,"CHICAGO OHARE INTERNATIONAL AIRPORT, IL US",81.0,61.0,51.0,0.0,10.0,11.0
crash_03350,2025-06-27 17:00:00,2025,6,Jun,Fri,17,Evening commute,30,NO CONTROLS,CLEAR,DAYLIGHT,TURNING,DIVIDED - W/MEDIAN (NOT RAISED),DRY,NO INJURY / DRIVE AWAY,,,"OVER $1,500",UNABLE TO DETERMINE,2,NO INDICATION OF INJURY,0,0,41.8659741961,-87.7449034944,60644,"CHICAGO MIDWAY AIRPORT, IL US",89.0,67.0,48.0,0.0,10.0,18.0
crash_03351,2024-10-26 19:00:00,2024,10,Oct,Sat,19,Night or early morning,30,UNKNOWN,CLEAR,"DARKNESS, LIGHTED ROAD",PEDALCYCLIST,DIVIDED - W/MEDIAN BARRIER,UNKNOWN,INJURY AND / OR TOW DUE TO CRASH,,,"OVER $1,500",UNABLE TO DETERMINE,2,NONINCAPACITATING INJURY,1,0,41.891120593,-87.6239887043,60611,"CHICAGO MIDWAY AIRPORT, IL US",49.0,32.0,52.0,0.0,10.0,7.0
crash_03352,2021-08-11 15:00:00,2021,8,Aug,Wed,15,Evening commute,10,NO CONTROLS,CLEAR,DAYLIGHT,SIDESWIPE SAME DIRECTION,ALLEY,DRY,NO INJURY / DRIVE AWAY,true,,"OVER $1,500",UNABLE TO DETERMINE,2,NO INDICATION OF INJURY,0,0,41.7894212673,-87.6852843477,60629,"CHICAGO MIDWAY AIRPORT, IL US",88.0,65.0,46.0,0.0,10.0,21.0
crash_03353,2025-04-12 22:30:00,2025,4,Apr,Sat,22,Night or early morning,30,NO CONTROLS,UNKNOWN,"DARKNESS, LIGHTED ROAD",PARKED MOTOR VEHICLE,OTHER,DRY,NO INJURY / DRIVE AWAY,,,"OVER $1,500",IMPROPER BACKING,2,NO INDICATION OF INJURY,0,0,41.9244818411,-87.7024581888,60647,"CHICAGO MIDWAY AIRPORT, IL US",56.0,29.0,36.0,0.0,10.0,7.0
crash_03354,2021-12-31 21:59:00,2021,12,Dec,Fri,21,Night or early morning,30,STOP SIGN/FLASHER,CLEAR,"DARKNESS, LIGHTED ROAD",SIDESWIPE SAME DIRECTION,NOT DIVIDED,UNKNOWN,NO INJURY / DRIVE AWAY,,true,"OVER $1,500",IMPROPER OVERTAKING/PASSING,2,NO INDICATION OF INJURY,0,0,41.7582500778,-87.62622877,60621,"CHICAGO MIDWAY AIRPORT, IL US",43.0,39.0,86.0,,4.0,10.0
crash_03355,2021-02-14 19:21:00,2021,2,Feb,Sun,19,Night or early morning,20,TRAFFIC SIGNAL,SNOW,"DARKNESS, LIGHTED ROAD",PARKED MOTOR VEHICLE,ONE-WAY,SNOW OR SLUSH,NO INJURY / DRIVE AWAY,,,"$501 - $1,500",UNABLE TO DETERMINE,2,NO INDICATION OF INJURY,0,0,41.9238225838,-87.7150268173,60647,"CHICAGO MIDWAY AIRPORT, IL US",2.0,-6.0,69.0,0.0,4.0,14.0
crash_03356,2019-05-28 07:34:00,2019,5,May,Tue,7,Morning commute,30,TRAFFIC SIGNAL,CLEAR,DAYLIGHT,SIDESWIPE SAME DIRECTION,DIVIDED - W/MEDIAN BARRIER,DRY,NO INJURY / DRIVE AWAY,,,"OVER $1,500",IMPROPER LANE USAGE,2,NO INDICATION OF INJURY,0,0,41.7140685129,-87.6428501911,60628,"CHICAGO MIDWAY AIRPORT, IL US",69.0,62.0,78.0,,10.0,10.0
crash_03357,2022-06-02 09:44:00,2022,6,Jun,Thu,9,Morning commute,30,TRAFFIC SIGNAL,CLEAR,DAYLIGHT,SIDESWIPE SAME DIRECTION,NOT DIVIDED,DRY,NO INJURY / DRIVE AWAY,,true,$500 OR LESS,IMPROPER OVERTAKING/PASSING,2,NO INDICATION OF INJURY,0,0,41.8862827142,-87.7382065929,60624,"CHICAGO MIDWAY AIRPORT, IL US",72.0,50.0,46.0,0.0,10.0,5.0
crash_03358,2020-09-02 15:30:00,2020,9,Sep,Wed,15,Evening commute,10,NO CONTROLS,CLEAR,DAYLIGHT,FIXED OBJECT,DRIVEWAY,DRY,NO INJURY / DRIVE AWAY,,,$500 OR LESS,DRIVING SKILLS/KNOWLEDGE/EXPERIENCE,1,NO INDICATION OF INJURY,0,0,41.9206252531,-87.6638349377,60614,"CHICAGO MIDWAY AIRPORT, IL US",87.0,47.0,25.0,0.0,10.0,15.0
crash_03359,2025-03-17 03:53:00,2025,3,Mar,Mon,3,Night or early morning,30,NO CONTROLS,CLEAR,"DARKNESS, LIGHTED ROAD",PARKED MOTOR VEHICLE,ONE-WAY,DRY,INJURY AND / OR TOW DUE TO CRASH,,,"OVER $1,500",FAILING TO REDUCE SPEED TO AVOID CRASH,4,NO INDICATION OF INJURY,0,0,41.874594835,-87.7181362872,60624,"CHICAGO MIDWAY AIRPORT, IL US",29.0,22.0,75.0,0.0,10.0,0.0
crash_03360,2023-05-04 17:13:00,2023,5,May,Thu,17,Evening commute,30,TRAFFIC SIGNAL,CLEAR,DAYLIGHT,ANGLE,T-INTERSECTION,DRY,NO INJURY / DRIVE AWAY,,,"$501 - $1,500",FAILING TO YIELD RIGHT-OF-WAY,2,NO INDICATION OF INJURY,0,0,41.6840411339,-87.7221546428,60655,"CHICAGO MIDWAY AIRPORT, IL US",72.0,36.0,27.0,0.0,10.0,8.0
crash_03361,2020-01-13 11:30:00,2020,1,Jan,Mon,11,Daytime,30,NO CONTROLS,CLEAR,DAYLIGHT,REAR END,NOT DIVIDED,DRY,INJURY AND / OR TOW DUE TO CRASH,,,"OVER $1,500",FOLLOWING TOO CLOSELY,3,NONINCAPACITATING INJURY,1,0,41.9810533356,-87.8061464878,60656,"CHICAGO OHARE INTERNATIONAL AIRPORT, IL US",31.0,24.0,76.0,0.0,10.0,6.0
crash_03362,2018-08-11 13:45:00,2018,8,Aug,Sat,13,Daytime,35,TRAFFIC SIGNAL,CLEAR,DAYLIGHT,ANGLE,NOT DIVIDED,DRY,INJURY AND / OR TOW DUE TO CRASH,true,,"OVER $1,500",FAILING TO YIELD RIGHT-OF-WAY,2,NO INDICATION OF INJURY,0,0,41.7432644906,-87.6439749802,60620,"CHICAGO MIDWAY AIRPORT, IL US",88.0,59.0,38.0,0.0,10.0,11.0
crash_03363,2020-09-01 14:27:00,2020,9,Sep,Tue,14,Daytime,30,NO CONTROLS,RAIN,DAYLIGHT,REAR END,NOT DIVIDED,WET,NO INJURY / DRIVE AWAY,,,"OVER $1,500",NOT APPLICABLE,2,NO INDICATION OF INJURY,0,0,41.9906004913,-87.6911630095,60659,"CHICAGO OHARE INTERNATIONAL AIRPORT, IL US",70.0,65.0,84.0,0.02,10.0,10.0
crash_03364,2024-03-20 15:00:00,2024,3,Mar,Wed,15,Evening commute,15,NO CONTROLS,CLEAR,DAYLIGHT,REAR END,ONE-WAY,DRY,NO INJURY / DRIVE AWAY,,,"$501 - $1,500",IMPROPER BACKING,2,NO INDICATION OF INJURY,0,0,41.9443094818,-87.7549614771,60641,"CHICAGO OHARE INTERNATIONAL AIRPORT, IL US",39.0,9.0,29.0,0.0,10.0,13.0
crash_03365,2021-11-28 00:00:00,2021,11,Nov,Sun,0,Night or early morning,30,NO CONTROLS,UNKNOWN,UNKNOWN,PARKED MOTOR VEHICLE,NOT DIVIDED,UNKNOWN,NO INJURY / DRIVE AWAY,,true,"OVER $1,500",UNABLE TO DETERMINE,2,NO INDICATION OF INJURY,0,0,41.7420134731,-87.6099673245,60619,"CHICAGO MIDWAY AIRPORT, IL US",33.0,21.0,61.0,0.0,10.0,13.0
crash_03366,2024-06-21 09:09:00,2024,6,Jun,Fri,9,Morning commute,30,NO CONTROLS,CLEAR,DAYLIGHT,SIDESWIPE SAME DIRECTION,NOT DIVIDED,DRY,NO INJURY / DRIVE AWAY,,true,"OVER $1,500",UNABLE TO DETERMINE,2,NO INDICATION OF INJURY,0,0,41.7989701971,-87.7416693496,60632,"CHICAGO MIDWAY AIRPORT, IL US",78.0,66.0,67.0,0.0,9.0,0.0
crash_03367,2022-12-24 14:14:00,2022,12,Dec,Sat,14,Daytime,25,TRAFFIC SIGNAL,CLEAR,DAYLIGHT,TURNING,ONE-WAY,SNOW OR SLUSH,NO INJURY / DRIVE AWAY,,,"OVER $1,500",IMPROPER TURNING/NO SIGNAL,2,NO INDICATION OF INJURY,0,0,41.8782869666,-87.6280276385,60604,"CHICAGO MIDWAY AIRPORT, IL US",12.0,1.0,61.0,0.0,10.0,23.0
crash_03368,2019-03-26 07:45:00,2019,3,Mar,Tue,7,Morning commute,30,NO CONTROLS,CLEAR,DAYLIGHT,PEDALCYCLIST,DIVIDED - W/MEDIAN (NOT RAISED),DRY,INJURY AND / OR TOW DUE TO CRASH,,,$500 OR LESS,DRIVING SKILLS/KNOWLEDGE/EXPERIENCE,2,"REPORTED, NOT EVIDENT",1,0,41.9247296333,-87.6940853495,60647,"CHICAGO MIDWAY AIRPORT, IL US",35.0,21.0,57.0,0.0,10.0,6.0
crash_03369,2019-03-01 21:15:00,2019,3,Mar,Fri,21,Night or early morning,30,NO CONTROLS,CLEAR,DARKNESS,SIDESWIPE SAME DIRECTION,NOT DIVIDED,DRY,INJURY AND / OR TOW DUE TO CRASH,,true,"OVER $1,500","OPERATING VEHICLE IN ERRATIC, RECKLESS, CARELESS, NEGLIGENT OR AGGRESSIVE MANNER",2,"REPORTED, NOT EVIDENT",1,0,41.7617716862,-87.6757337153,60636,"CHICAGO MIDWAY AIRPORT, IL US",31.0,23.0,72.0,0.0,10.0,5.0
crash_03370,2019-02-21 04:20:00,2019,2,Feb,Thu,4,Night or early morning,30,TRAFFIC SIGNAL,CLEAR,"DARKNESS, LIGHTED ROAD",TURNING,NOT DIVIDED,DRY,INJURY AND / OR TOW DUE TO CRASH,true,,"OVER $1,500",UNABLE TO DETERMINE,2,NO INDICATION OF INJURY,0,0,41.9755803828,-87.7780347433,60630,"CHICAGO OHARE INTERNATIONAL AIRPORT, IL US",27.0,19.0,72.0,0.0,10.0,13.0
crash_03371,2019-08-03 17:50:00,2019,8,Aug,Sat,17,Evening commute,30,NO CONTROLS,CLEAR,DAYLIGHT,SIDESWIPE SAME DIRECTION,NOT DIVIDED,DRY,NO INJURY / DRIVE AWAY,,,"OVER $1,500",IMPROPER LANE USAGE,2,NO INDICATION OF INJURY,0,0,41.8698487981,-87.6306555263,60605,"CHICAGO MIDWAY AIRPORT, IL US",87.0,54.0,32.0,0.0,10.0,8.0
crash_03372,2023-06-10 14:00:00,2023,6,Jun,Sat,14,Daytime,30,NO CONTROLS,RAIN,DAYLIGHT,PARKED MOTOR VEHICLE,ONE-WAY,WET,NO INJURY / DRIVE AWAY,,true,"$501 - $1,500",NOT APPLICABLE,2,NO INDICATION OF INJURY,0,0,41.7754664609,-87.7006661606,60629,"CHICAGO MIDWAY AIRPORT, IL US",84.0,42.0,23.0,0.0,10.0,11.0
crash_03373,2023-12-08 12:09:00,2023,12,Dec,Fri,12,Daytime,30,NO CONTROLS,CLEAR,DAYLIGHT,PARKED MOTOR VEHICLE,NOT DIVIDED,DRY,NO INJURY / DRIVE AWAY,,true,"OVER $1,500",UNABLE TO DETERMINE,3,NO INDICATION OF INJURY,0,0,41.7124375138,-87.5363397507,60617,"CHICAGO MIDWAY AIRPORT, IL US",55.0,42.0,62.0,,10.0,18.0
crash_03374,2019-07-05 17:00:00,2019,7,Jul,Fri,17,Evening commute,30,NO CONTROLS,CLEAR,DAYLIGHT,PEDALCYCLIST,NOT DIVIDED,DRY,NO INJURY / DRIVE AWAY,,,"$501 - $1,500",UNABLE TO DETERMINE,2,NO INDICATION OF INJURY,0,0,41.9107619487,-87.6661209959,60642,"CHICAGO MIDWAY AIRPORT, IL US",90.0,70.0,52.0,0.0,10.0,10.0
crash_03375,2023-10-27 21:15:00,2023,10,Oct,Fri,21,Night or early morning,30,NO CONTROLS,RAIN,"DARKNESS, LIGHTED ROAD",SIDESWIPE SAME DIRECTION,NOT DIVIDED,WET,NO INJURY / DRIVE AWAY,,,"$501 - $1,500",IMPROPER LANE USAGE,2,NO INDICATION OF INJURY,0,0,41.9654991094,-87.6886601871,60625,"CHICAGO OHARE INTERNATIONAL AIRPORT, IL US",51.0,42.0,71.0,0.0,10.0,10.0
crash_03376,2023-04-20 22:05:00,2023,4,Apr,Thu,22,Night or early morning,30,TRAFFIC SIGNAL,CLEAR,DARKNESS,TURNING,DIVIDED - W/MEDIAN (NOT RAISED),UNKNOWN,NO INJURY / DRIVE AWAY,true,true,"OVER $1,500",DISREGARDING TRAFFIC SIGNALS,2,NO INDICATION OF INJURY,0,0,41.8720580505,-87.7450793431,60644,"CHICAGO MIDWAY AIRPORT, IL US",57.0,49.0,74.0,,10.0,17.0
crash_03377,2020-03-29 04:50:00,2020,3,Mar,Sun,4,Night or early morning,30,NO CONTROLS,CLEAR,DAYLIGHT,SIDESWIPE SAME DIRECTION,NOT DIVIDED,DRY,INJURY AND / OR TOW DUE TO CRASH,,true,"OVER $1,500","OPERATING VEHICLE IN ERRATIC, RECKLESS, CARELESS, NEGLIGENT OR AGGRESSIVE MANNER",2,NO INDICATION OF INJURY,0,0,41.7381321578,-87.5850826707,60617,"CHICAGO MIDWAY AIRPORT, IL US",55.0,43.0,64.0,0.0,10.0,11.0
crash_03378,2024-01-18 14:50:00,2024,1,Jan,Thu,14,Daytime,30,TRAFFIC SIGNAL,CLEAR,DAYLIGHT,SIDESWIPE SAME DIRECTION,NOT DIVIDED,SNOW OR SLUSH,NO INJURY / DRIVE AWAY,,,"OVER $1,500",UNABLE TO DETERMINE,2,NO INDICATION OF INJURY,0,0,41.9173235757,-87.7032364046,60647,"CHICAGO MIDWAY AIRPORT, IL US",27.0,13.0,55.0,0.0,10.0,5.0
crash_03379,2019-07-19 10:15:00,2019,7,Jul,Fri,10,Daytime,30,TRAFFIC SIGNAL,CLEAR,DAYLIGHT,FIXED OBJECT,FOUR WAY,DRY,NO INJURY / DRIVE AWAY,true,,"OVER $1,500",NOT APPLICABLE,2,NO INDICATION OF INJURY,0,0,41.7502622404,-87.6635801171,60620,"CHICAGO MIDWAY AIRPORT, IL US",85.0,76.0,75.0,0.0,10.0,15.0
crash_03380,2019-06-19 19:00:00,2019,6,Jun,Wed,19,Night or early morning,30,NO CONTROLS,CLEAR,DAYLIGHT,PARKED MOTOR VEHICLE,NOT DIVIDED,DRY,NO INJURY / DRIVE AWAY,,,"$501 - $1,500",FOLLOWING TOO CLOSELY,2,NO INDICATION OF INJURY,0,0,41.9313751847,-87.6488184823,60614,"CHICAGO MIDWAY AIRPORT, IL US",58.0,57.0,97.0,0.01,8.0,10.0
crash_03381,2023-08-19 17:45:00,2023,8,Aug,Sat,17,Evening commute,30,TRAFFIC SIGNAL,UNKNOWN,DAYLIGHT,ANGLE,NOT REPORTED,UNKNOWN,NO INJURY / DRIVE AWAY,true,,"OVER $1,500",DISREGARDING TRAFFIC SIGNALS,2,NO INDICATION OF INJURY,0,0,41.8886713589,-87.6323632479,60654,"CHICAGO MIDWAY AIRPORT, IL US",82.0,63.0,53.0,0.0,10.0,16.0
crash_03382,2023-04-03 18:30:00,2023,4,Apr,Mon,18,Evening commute,30,NO CONTROLS,RAIN,DARKNESS,SIDESWIPE SAME DIRECTION,NOT DIVIDED,WET,NO INJURY / DRIVE AWAY,,true,"$501 - $1,500",IMPROPER OVERTAKING/PASSING,2,NO INDICATION OF INJURY,0,0,41.8080130052,-87.7143796234,60632,"CHICAGO MIDWAY AIRPORT, IL US",50.0,42.0,74.0,0.03,8.0,11.0
crash_03383,2019-03-23 10:23:00,2019,3,Mar,Sat,10,Daytime,30,NO CONTROLS,CLEAR,DAYLIGHT,REAR END,DIVIDED - W/MEDIAN (NOT RAISED),DRY,NO INJURY / DRIVE AWAY,,,"OVER $1,500",IMPROPER LANE USAGE,2,NO INDICATION OF INJURY,0,0,41.9949766305,-87.6896458323,60659,"CHICAGO OHARE INTERNATIONAL AIRPORT, IL US",40.0,25.0,55.0,0.0,10.0,6.0
crash_03384,2023-11-15 13:00:00,2023,11,Nov,Wed,13,Daytime,30,TRAFFIC SIGNAL,CLEAR,DAYLIGHT,TURNING,NOT DIVIDED,DRY,NO INJURY / DRIVE AWAY,true,,"OVER $1,500",IMPROPER TURNING/NO SIGNAL,2,NO INDICATION OF INJURY,0,0,41.8673283915,-87.6422642382,60607,"CHICAGO MIDWAY AIRPORT, IL US",64.0,37.0,37.0,0.0,10.0,11.0
crash_03385,2025-08-17 14:58:00,2025,8,Aug,Sun,14,Daytime,25,NO CONTROLS,CLOUDY/OVERCAST,DAYLIGHT,PEDALCYCLIST,NOT DIVIDED,DRY,INJURY AND / OR TOW DUE TO CRASH,,,"$501 - $1,500",FAILING TO YIELD RIGHT-OF-WAY,2,"REPORTED, NOT EVIDENT",1,0,41.9332836747,-87.6896435803,60618,"CHICAGO MIDWAY AIRPORT, IL US",81.0,70.0,69.0,0.0,10.0,8.0
crash_03386,2025-07-21 16:00:00,2025,7,Jul,Mon,16,Evening commute,30,NO CONTROLS,CLEAR,DAYLIGHT,TURNING,NOT DIVIDED,DRY,NO INJURY / DRIVE AWAY,,,"OVER $1,500",FAILING TO YIELD RIGHT-OF-WAY,2,NO INDICATION OF INJURY,0,0,41.9238849736,-87.8061924141,60707,"CHICAGO OHARE INTERNATIONAL AIRPORT, IL US",80.0,57.0,45.0,0.0,10.0,11.0
crash_03387,2025-02-12 11:00:00,2025,2,Feb,Wed,11,Daytime,30,TRAFFIC SIGNAL,SNOW,DAYLIGHT,SIDESWIPE SAME DIRECTION,NOT DIVIDED,SNOW OR SLUSH,NO INJURY / DRIVE AWAY,true,,"$501 - $1,500",IMPROPER OVERTAKING/PASSING,2,NO INDICATION OF INJURY,0,0,41.7228051559,-87.5366030086,60617,"CHICAGO MIDWAY AIRPORT, IL US",29.0,21.0,72.0,0.0,2.0,17.0
crash_03388,2024-10-05 14:30:00,2024,10,Oct,Sat,14,Daytime,30,UNKNOWN,CLEAR,DAYLIGHT,PARKED MOTOR VEHICLE,UNKNOWN,DRY,NO INJURY / DRIVE AWAY,,,"$501 - $1,500",UNABLE TO DETERMINE,2,NO INDICATION OF INJURY,0,0,41.846460664,-87.7038037641,60623,"CHICAGO MIDWAY AIRPORT, IL US",83.0,54.0,37.0,0.0,10.0,16.0
crash_03389,2021-01-20 03:00:00,2021,1,Jan,Wed,3,Night or early morning,30,UNKNOWN,SNOW,DAYLIGHT,PARKED MOTOR VEHICLE,ONE-WAY,UNKNOWN,NO INJURY / DRIVE AWAY,,true,"OVER $1,500",UNABLE TO DETERMINE,2,NO INDICATION OF INJURY,0,0,41.7367859875,-87.6592962179,60620,"CHICAGO MIDWAY AIRPORT, IL US",19.0,8.0,62.0,0.0,10.0,14.0
crash_03390,2019-04-05 01:03:00,2019,4,Apr,Fri,1,Night or early morning,30,TRAFFIC SIGNAL,RAIN,"DARKNESS, LIGHTED ROAD",REAR END,NOT DIVIDED,WET,INJURY AND / OR TOW DUE TO CRASH,,true,"OVER $1,500",UNABLE TO DETERMINE,3,NO INDICATION OF INJURY,0,0,41.8869508448,-87.7551657315,60644,"CHICAGO MIDWAY AIRPORT, IL US",41.0,38.0,89.0,0.0,7.0,7.0
crash_03391,2022-09-24 22:23:00,2022,9,Sep,Sat,22,Night or early morning,30,NO CONTROLS,RAIN,"DARKNESS, LIGHTED ROAD",SIDESWIPE SAME DIRECTION,NOT DIVIDED,WET,NO INJURY / DRIVE AWAY,,,"OVER $1,500",UNABLE TO DETERMINE,2,NO INDICATION OF INJURY,0,0,41.7135750528,-87.6807730642,60643,"CHICAGO MIDWAY AIRPORT, IL US",65.0,54.0,68.0,0.0,10.0,7.0
crash_03392,2018-10-14 01:00:00,2018,10,Oct,Sun,1,Night or early morning,30,NO CONTROLS,CLEAR,DARKNESS,PARKED MOTOR VEHICLE,NOT DIVIDED,WET,NO INJURY / DRIVE AWAY,,true,"OVER $1,500",UNABLE TO DETERMINE,2,NO INDICATION OF INJURY,0,0,41.8868519883,-87.7502584981,60644,"CHICAGO MIDWAY AIRPORT, IL US",43.0,36.0,76.0,0.0,10.0,5.0
crash_03393,2023-02-03 15:40:00,2023,2,Feb,Fri,15,Evening commute,30,STOP SIGN/FLASHER,CLEAR,DAYLIGHT,ANGLE,FOUR WAY,DRY,NO INJURY / DRIVE AWAY,true,true,"OVER $1,500",DISREGARDING STOP SIGN,2,NO INDICATION OF INJURY,0,0,41.8623424793,-87.7298843121,60623,"CHICAGO MIDWAY AIRPORT, IL US",12.0,-11.0,34.0,0.0,10.0,5.0
crash_03394,2020-02-27 14:00:00,2020,2,Feb,Thu,14,Daytime,30,NO CONTROLS,CLEAR,DAYLIGHT,REAR END,DIVIDED - W/MEDIAN (NOT RAISED),DRY,NO INJURY / DRIVE AWAY,,,"OVER $1,500",FOLLOWING TOO CLOSELY,2,NO INDICATION OF INJURY,0,0,41.7791127111,-87.6861499611,60629,"CHICAGO MIDWAY AIRPORT, IL US",30.0,15.0,54.0,0.0,10.0,18.0
crash_03395,2019-03-24 13:55:00,2019,3,Mar,Sun,13,Daytime,35,TRAFFIC SIGNAL,CLEAR,DAYLIGHT,TURNING,NOT DIVIDED,DRY,NO INJURY / DRIVE AWAY,true,,"$501 - $1,500",UNABLE TO DETERMINE,2,NO INDICATION OF INJURY,0,0,41.7062823319,-87.6817635946,60655,"CHICAGO MIDWAY AIRPORT, IL US",50.0,38.0,63.0,0.0,10.0,5.0
crash_03396,2024-09-26 15:00:00,2024,9,Sep,Thu,15,Evening commute,30,NO CONTROLS,CLEAR,DAYLIGHT,PARKED MOTOR VEHICLE,PARKING LOT,DRY,NO INJURY / DRIVE AWAY,,true,"OVER $1,500",UNABLE TO DETERMINE,2,NO INDICATION OF INJURY,0,0,41.9272890822,-87.7815433018,60639,"CHICAGO OHARE INTERNATIONAL AIRPORT, IL US",76.0,52.0,43.0,,10.0,13.0
crash_03397,2019-11-26 18:00:00,2019,11,Nov,Tue,18,Evening commute,30,TRAFFIC SIGNAL,RAIN,"DARKNESS, LIGHTED ROAD",SIDESWIPE SAME DIRECTION,DIVIDED - W/MEDIAN BARRIER,WET,NO INJURY / DRIVE AWAY,true,,"OVER $1,500",IMPROPER OVERTAKING/PASSING,2,NO INDICATION OF INJURY,0,0,41.884502594,-87.6325825744,60601,"CHICAGO MIDWAY AIRPORT, IL US",46.0,43.0,89.0,0.05,4.0,10.0
crash_03398,2025-03-12 16:15:00,2025,3,Mar,Wed,16,Evening commute,30,NO CONTROLS,CLEAR,DAYLIGHT,FIXED OBJECT,ONE-WAY,DRY,NO INJURY / DRIVE AWAY,,true,"OVER $1,500",IMPROPER BACKING,1,NO INDICATION OF INJURY,0,0,41.9982203816,-87.6863873136,60645,"CHICAGO OHARE INTERNATIONAL AIRPORT, IL US",50.0,23.0,35.0,0.0,10.0,10.0
crash_03399,2019-12-12 15:40:00,2019,12,Dec,Thu,15,Evening commute,30,TRAFFIC SIGNAL,CLEAR,DAYLIGHT,SIDESWIPE SAME DIRECTION,FOUR WAY,DRY,NO INJURY / DRIVE AWAY,,,"$501 - $1,500",IMPROPER OVERTAKING/PASSING,2,NO INDICATION OF INJURY,0,0,41.8909590167,-87.6474721676,60654,"CHICAGO MIDWAY AIRPORT, IL US",43.0,28.0,56.0,0.0,10.0,15.0
crash_03400,2021-05-16 19:30:00,2021,5,May,Sun,19,Night or early morning,30,NO CONTROLS,CLEAR,DAYLIGHT,PARKED MOTOR VEHICLE,ONE-WAY,DRY,NO INJURY / DRIVE AWAY,,true,"OVER $1,500",UNABLE TO DETERMINE,2,NO INDICATION OF INJURY,0,0,41.9074031055,-87.6906852369,60622,"CHICAGO MIDWAY AIRPORT, IL US",63.0,43.0,48.0,0.0,10.0,6.0
crash_03401,2020-09-11 14:30:00,2020,9,Sep,Fri,14,Daytime,35,TRAFFIC SIGNAL,CLEAR,DAYLIGHT,ANGLE,NOT DIVIDED,DRY,NO INJURY / DRIVE AWAY,true,,"OVER $1,500",NOT APPLICABLE,2,NO INDICATION OF INJURY,0,0,41.8084685242,-87.6893881621,60632,"CHICAGO MIDWAY AIRPORT, IL US",67.0,59.0,76.0,,8.0,7.0
crash_03402,2020-08-26 07:00:00,2020,8,Aug,Wed,7,Morning commute,30,NO CONTROLS,CLEAR,DAWN,REAR END,DIVIDED - W/MEDIAN BARRIER,DRY,NO INJURY / DRIVE AWAY,,true,"OVER $1,500",FOLLOWING TOO CLOSELY,2,NO INDICATION OF INJURY,0,0,41.8891794376,-87.6603000436,60642,"CHICAGO MIDWAY AIRPORT, IL US",76.0,69.0,79.0,0.0,10.0,7.0
crash_03403,2024-09-17 08:25:00,2024,9,Sep,Tue,8,Morning commute,30,TRAFFIC SIGNAL,CLEAR,DAYLIGHT,SIDESWIPE SAME DIRECTION,NOT DIVIDED,DRY,NO INJURY / DRIVE AWAY,true,,"$501 - $1,500",UNABLE TO DETERMINE,2,NO INDICATION OF INJURY,0,0,41.9001519223,-87.7109630936,60651,"CHICAGO MIDWAY AIRPORT, IL US",74.0,58.0,57.0,0.0,10.0,0.0
crash_03404,2024-07-01 07:21:00,2024,7,Jul,Mon,7,Morning commute,30,STOP SIGN/FLASHER,CLEAR,DAYLIGHT,PEDESTRIAN,NOT DIVIDED,DRY,INJURY AND / OR TOW DUE TO CRASH,,true,$500 OR LESS,NOT APPLICABLE,2,"REPORTED, NOT EVIDENT",1,0,41.771645893,-87.7031136981,60629,"CHICAGO MIDWAY AIRPORT, IL US",63.0,48.0,58.0,0.0,10.0,8.0
crash_03405,2018-04-29 11:15:00,2018,4,Apr,Sun,11,Daytime,30,STOP SIGN/FLASHER,CLEAR,DAYLIGHT,REAR END,NOT DIVIDED,DRY,NO INJURY / DRIVE AWAY,,true,"$501 - $1,500",UNABLE TO DETERMINE,2,NO INDICATION OF INJURY,0,0,41.8917099687,-87.7138256384,60624,"CHICAGO MIDWAY AIRPORT, IL US",49.0,23.0,36.0,0.0,10.0,8.0
crash_03406,2025-07-29 15:00:00,2025,7,Jul,Tue,15,Evening commute,30,TRAFFIC SIGNAL,CLEAR,DAYLIGHT,TURNING,NOT DIVIDED,DRY,NO INJURY / DRIVE AWAY,,,$500 OR LESS,FOLLOWING TOO CLOSELY,2,NO INDICATION OF INJURY,0,0,41.9240901988,-87.7660535302,60639,"CHICAGO OHARE INTERNATIONAL AIRPORT, IL US",91.0,69.0,49.0,0.0,10.0,10.0
crash_03407,2023-07-08 17:09:00,2023,7,Jul,Sat,17,Evening commute,30,NO CONTROLS,CLEAR,DAYLIGHT,PARKED MOTOR VEHICLE,PARKING LOT,DRY,NO INJURY / DRIVE AWAY,,,$500 OR LESS,IMPROPER BACKING,2,NO INDICATION OF INJURY,0,0,41.952310187,-87.7474336996,60641,"CHICAGO OHARE INTERNATIONAL AIRPORT, IL US",75.0,54.0,48.0,0.0,10.0,9.0