crash_id,crash_datetime,crash_year,crash_month,crash_month_name,crash_weekday_name,crash_hour,time_period,posted_speed_limit_mph,traffic_control_device,reported_weather_condition,reported_lighting_condition,first_crash_type,trafficway_type,reported_road_surface_condition,crash_type,intersection_related,hit_and_run,estimated_damage,primary_contributory_cause,unit_count,most_severe_injury,injuries_total,injuries_fatal,latitude,longitude,zip5,weather_station_name,temperature_f,dew_point_f,relative_humidity_percent,precipitation_inches,visibility_miles,wind_speed_mph
crash_03408,2022-10-30 19:27:00,2022,10,Oct,Sun,19,Night or early morning,45,TRAFFIC SIGNAL,CLEAR,DAYLIGHT,REAR END,DIVIDED - W/MEDIAN BARRIER,DRY,NO INJURY / DRIVE AWAY,true,,"$501 - $1,500",FAILING TO REDUCE SPEED TO AVOID CRASH,2,NO INDICATION OF INJURY,0,0,41.8967201137,-87.6175675066,60611,"CHICAGO MIDWAY AIRPORT, IL US",58.0,52.0,81.0,0.01,10.0,3.0
crash_03409,2019-12-28 13:48:00,2019,12,Dec,Sat,13,Daytime,30,NO CONTROLS,CLEAR,DAYLIGHT,PARKED MOTOR VEHICLE,ONE-WAY,DRY,NO INJURY / DRIVE AWAY,,true,"OVER $1,500",UNABLE TO DETERMINE,2,NO INDICATION OF INJURY,0,0,41.8205045189,-87.6054065555,60653,"CHICAGO MIDWAY AIRPORT, IL US",41.0,34.0,76.0,,7.0,8.0
crash_03410,2020-10-18 14:30:00,2020,10,Oct,Sun,14,Daytime,30,OTHER,CLOUDY/OVERCAST,UNKNOWN,PARKED MOTOR VEHICLE,ONE-WAY,UNKNOWN,NO INJURY / DRIVE AWAY,,true,"OVER $1,500",UNABLE TO DETERMINE,2,NO INDICATION OF INJURY,0,0,41.8920453732,-87.629812296,60654,"CHICAGO MIDWAY AIRPORT, IL US",44.0,40.0,85.0,0.01,10.0,11.0
crash_03411,2024-10-02 08:02:00,2024,10,Oct,Wed,8,Morning commute,30,STOP SIGN/FLASHER,CLEAR,DAYLIGHT,PARKED MOTOR VEHICLE,ONE-WAY,DRY,NO INJURY / DRIVE AWAY,true,,"OVER $1,500",NOT APPLICABLE,2,NO INDICATION OF INJURY,0,0,41.8102901436,-87.6892733715,60632,"CHICAGO MIDWAY AIRPORT, IL US",53.0,40.0,61.0,0.0,10.0,3.0
crash_03412,2021-04-27 22:03:00,2021,4,Apr,Tue,22,Night or early morning,30,NO CONTROLS,CLEAR,"DARKNESS, LIGHTED ROAD",TURNING,DIVIDED - W/MEDIAN (NOT RAISED),DRY,NO INJURY / DRIVE AWAY,,true,"OVER $1,500",IMPROPER TURNING/NO SIGNAL,2,NO INDICATION OF INJURY,0,0,41.7217314923,-87.6191517027,60628,"CHICAGO MIDWAY AIRPORT, IL US",64.0,46.0,52.0,0.0,10.0,7.0
crash_03413,2025-06-12 07:30:00,2025,6,Jun,Thu,7,Morning commute,5,NO CONTROLS,CLEAR,DAYLIGHT,REAR TO FRONT,PARKING LOT,DRY,NO INJURY / DRIVE AWAY,,,"$501 - $1,500",IMPROPER BACKING,2,NO INDICATION OF INJURY,0,0,41.9923449025,-87.7103231013,60659,"CHICAGO OHARE INTERNATIONAL AIRPORT, IL US",71.0,58.0,63.0,0.0,9.0,0.0
crash_03414,2018-08-22 15:20:00,2018,8,Aug,Wed,15,Evening commute,30,TRAFFIC SIGNAL,CLEAR,DAYLIGHT,REAR END,DIVIDED - W/MEDIAN (NOT RAISED),DRY,NO INJURY / DRIVE AWAY,,,"$501 - $1,500",FOLLOWING TOO CLOSELY,2,NO INDICATION OF INJURY,0,0,41.7219475411,-87.6433719809,60620,"CHICAGO MIDWAY AIRPORT, IL US",79.0,46.0,31.0,0.0,10.0,10.0
crash_03415,2019-12-21 12:15:00,2019,12,Dec,Sat,12,Daytime,30,STOP SIGN/FLASHER,CLEAR,DAYLIGHT,ANGLE,FOUR WAY,DRY,INJURY AND / OR TOW DUE TO CRASH,true,,"OVER $1,500",DISREGARDING STOP SIGN,2,"REPORTED, NOT EVIDENT",1,0,41.8148626081,-87.621281042,60653,"CHICAGO MIDWAY AIRPORT, IL US",44.0,30.0,58.0,0.0,10.0,10.0
crash_03416,2020-12-29 17:18:00,2020,12,Dec,Tue,17,Evening commute,30,TRAFFIC SIGNAL,SNOW,DAWN,REAR END,ONE-WAY,SNOW OR SLUSH,NO INJURY / DRIVE AWAY,true,true,"$501 - $1,500",FOLLOWING TOO CLOSELY,2,NO INDICATION OF INJURY,0,0,41.7671150761,-87.6203017608,60637,"CHICAGO MIDWAY AIRPORT, IL US",27.0,23.0,85.0,0.03,0.5,11.0
crash_03417,2025-08-24 04:50:00,2025,8,Aug,Sun,4,Night or early morning,30,NO CONTROLS,CLEAR,"DARKNESS, LIGHTED ROAD",PARKED MOTOR VEHICLE,NOT DIVIDED,DRY,NO INJURY / DRIVE AWAY,,true,"OVER $1,500",UNABLE TO DETERMINE,2,NO INDICATION OF INJURY,0,0,41.8800548293,-87.6806996719,60612,"CHICAGO MIDWAY AIRPORT, IL US",61.0,52.0,72.0,0.0,10.0,6.0
crash_03418,2021-06-21 22:00:00,2021,6,Jun,Mon,22,Night or early morning,10,OTHER WARNING SIGN,CLEAR,DAYLIGHT,PARKED MOTOR VEHICLE,PARKING LOT,DRY,NO INJURY / DRIVE AWAY,,true,"$501 - $1,500",IMPROPER LANE USAGE,2,NO INDICATION OF INJURY,0,0,41.8721022966,-87.632797134,60605,"CHICAGO MIDWAY AIRPORT, IL US",62.0,48.0,60.0,0.0,10.0,11.0
crash_03419,2020-10-22 13:30:00,2020,10,Oct,Thu,13,Daytime,30,TRAFFIC SIGNAL,UNKNOWN,DAYLIGHT,REAR END,NOT DIVIDED,UNKNOWN,INJURY AND / OR TOW DUE TO CRASH,true,true,$500 OR LESS,UNABLE TO DETERMINE,3,INCAPACITATING INJURY,1,0,41.9279199229,-87.7465929045,60639,"CHICAGO OHARE INTERNATIONAL AIRPORT, IL US",63.0,59.0,88.0,,5.0,6.0
crash_03420,2022-01-28 07:30:00,2022,1,Jan,Fri,7,Morning commute,30,NO CONTROLS,SNOW,DAYLIGHT,SIDESWIPE SAME DIRECTION,NOT DIVIDED,ICE,NO INJURY / DRIVE AWAY,,,"OVER $1,500",WEATHER,2,NO INDICATION OF INJURY,0,0,41.8468669654,-87.7370430668,60623,"CHICAGO MIDWAY AIRPORT, IL US",20.0,15.0,81.0,0.0,0.75,11.0
crash_03421,2020-04-17 07:00:00,2020,4,Apr,Fri,7,Morning commute,30,NO CONTROLS,SNOW,DAYLIGHT,PARKED MOTOR VEHICLE,NOT DIVIDED,WET,NO INJURY / DRIVE AWAY,,true,"$501 - $1,500",UNABLE TO DETERMINE,2,NO INDICATION OF INJURY,0,0,41.8444497712,-87.717845893,60623,"CHICAGO MIDWAY AIRPORT, IL US",33.0,33.0,100.0,0.03,1.25,9.0
crash_03422,2018-10-31 17:15:00,2018,10,Oct,Wed,17,Evening commute,30,STOP SIGN/FLASHER,CLEAR,"DARKNESS, LIGHTED ROAD",SIDESWIPE OPPOSITE DIRECTION,NOT DIVIDED,DRY,NO INJURY / DRIVE AWAY,,,$500 OR LESS,IMPROPER BACKING,2,NO INDICATION OF INJURY,0,0,41.7250527297,-87.6433693357,60620,"CHICAGO MIDWAY AIRPORT, IL US",56.0,34.0,44.0,0.0,10.0,7.0
crash_03423,2022-08-21 13:45:00,2022,8,Aug,Sun,13,Daytime,40,UNKNOWN,UNKNOWN,DAYLIGHT,REAR END,DIVIDED - W/MEDIAN (NOT RAISED),UNKNOWN,NO INJURY / DRIVE AWAY,,,$500 OR LESS,NOT APPLICABLE,4,NO INDICATION OF INJURY,0,0,41.9040223592,-87.6251604244,60610,"CHICAGO MIDWAY AIRPORT, IL US",78.0,65.0,64.0,,10.0,11.0
crash_03424,2020-08-26 13:55:00,2020,8,Aug,Wed,13,Daytime,30,NO CONTROLS,RAIN,DAYLIGHT,OTHER NONCOLLISION,DIVIDED - W/MEDIAN BARRIER,DRY,INJURY AND / OR TOW DUE TO CRASH,,,$500 OR LESS,ROAD CONSTRUCTION/MAINTENANCE,1,NO INDICATION OF INJURY,0,0,41.875519669,-87.6288082778,60605,"CHICAGO MIDWAY AIRPORT, IL US",92.0,65.0,41.0,0.0,10.0,13.0
crash_03425,2025-08-20 13:18:00,2025,8,Aug,Wed,13,Daytime,30,NO CONTROLS,CLEAR,DAYLIGHT,PARKED MOTOR VEHICLE,DIVIDED - W/MEDIAN (NOT RAISED),DRY,NO INJURY / DRIVE AWAY,,,"$501 - $1,500",IMPROPER BACKING,2,NO INDICATION OF INJURY,0,0,42.0022790805,-87.6609178092,60626,"CHICAGO OHARE INTERNATIONAL AIRPORT, IL US",74.0,61.0,64.0,,10.0,17.0
crash_03426,2018-11-11 04:39:00,2018,11,Nov,Sun,4,Night or early morning,20,NO CONTROLS,CLEAR,"DARKNESS, LIGHTED ROAD",PARKED MOTOR VEHICLE,NOT DIVIDED,DRY,INJURY AND / OR TOW DUE TO CRASH,,true,"OVER $1,500",UNABLE TO DETERMINE,2,NO INDICATION OF INJURY,0,0,41.797101398,-87.7329296914,60632,"CHICAGO MIDWAY AIRPORT, IL US",29.0,18.0,63.0,0.0,10.0,10.0
crash_03427,2021-12-23 15:40:00,2021,12,Dec,Thu,15,Evening commute,30,NO CONTROLS,CLEAR,DAYLIGHT,REAR END,DIVIDED - W/MEDIAN BARRIER,DRY,NO INJURY / DRIVE AWAY,,,$500 OR LESS,DRIVING SKILLS/KNOWLEDGE/EXPERIENCE,2,NO INDICATION OF INJURY,0,0,41.8916933531,-87.6240134394,60611,"CHICAGO MIDWAY AIRPORT, IL US",46.0,35.0,66.0,0.0,10.0,9.0
crash_03428,2018-11-04 16:10:00,2018,11,Nov,Sun,16,Evening commute,30,UNKNOWN,UNKNOWN,DAYLIGHT,REAR END,NOT DIVIDED,UNKNOWN,NO INJURY / DRIVE AWAY,true,,"OVER $1,500",NOT APPLICABLE,3,NO INDICATION OF INJURY,0,0,41.8784763659,-87.6181268938,60603,"CHICAGO MIDWAY AIRPORT, IL US",51.0,48.0,89.0,0.01,4.0,18.0
crash_03429,2019-07-14 18:00:00,2019,7,Jul,Sun,18,Evening commute,20,NO CONTROLS,CLEAR,DAYLIGHT,PARKED MOTOR VEHICLE,ONE-WAY,DRY,NO INJURY / DRIVE AWAY,,true,"OVER $1,500",UNABLE TO DETERMINE,2,NO INDICATION OF INJURY,0,0,41.9274745008,-87.7389570882,60639,"CHICAGO MIDWAY AIRPORT, IL US",83.0,64.0,53.0,0.0,10.0,10.0
crash_03430,2020-07-04 23:39:00,2020,7,Jul,Sat,23,Night or early morning,30,TRAFFIC SIGNAL,CLEAR,"DARKNESS, LIGHTED ROAD",REAR END,FOUR WAY,DRY,INJURY AND / OR TOW DUE TO CRASH,false,true,"OVER $1,500",FOLLOWING TOO CLOSELY,2,"REPORTED, NOT EVIDENT",3,0,41.7653936078,-87.625050475,60621,"CHICAGO MIDWAY AIRPORT, IL US",76.0,67.0,74.0,0.0,4.0,6.0
crash_03431,2021-02-04 14:05:00,2021,2,Feb,Thu,14,Daytime,30,NO CONTROLS,SNOW,DAYLIGHT,TURNING,DIVIDED - W/MEDIAN (NOT RAISED),SNOW OR SLUSH,NO INJURY / DRIVE AWAY,,,"$501 - $1,500",UNABLE TO DETERMINE,2,NO INDICATION OF INJURY,0,0,41.830296068,-87.6900586135,60608,"CHICAGO MIDWAY AIRPORT, IL US",34.0,30.0,85.0,0.11,1.0,11.0
crash_03432,2023-10-06 13:00:00,2023,10,Oct,Fri,13,Daytime,35,TRAFFIC SIGNAL,CLOUDY/OVERCAST,DAYLIGHT,ANGLE,FOUR WAY,WET,INJURY AND / OR TOW DUE TO CRASH,true,,"OVER $1,500",FAILING TO YIELD RIGHT-OF-WAY,2,NONINCAPACITATING INJURY,1,0,41.9459194906,-87.7669045943,60634,"CHICAGO OHARE INTERNATIONAL AIRPORT, IL US",57.0,43.0,60.0,0.0,10.0,16.0
crash_03433,2018-06-26 12:00:00,2018,6,Jun,Tue,12,Daytime,20,NO CONTROLS,CLOUDY/OVERCAST,DAYLIGHT,PARKED MOTOR VEHICLE,NOT DIVIDED,DRY,NO INJURY / DRIVE AWAY,,true,"OVER $1,500",NOT APPLICABLE,2,NO INDICATION OF INJURY,0,0,41.9042758576,-87.6660452319,60642,"CHICAGO MIDWAY AIRPORT, IL US",76.0,68.0,77.0,0.0,10.0,5.0
crash_03434,2024-09-11 15:40:00,2024,9,Sep,Wed,15,Evening commute,30,STOP SIGN/FLASHER,CLEAR,DAYLIGHT,TURNING,ONE-WAY,DRY,NO INJURY / DRIVE AWAY,,,"$501 - $1,500",UNABLE TO DETERMINE,2,NO INDICATION OF INJURY,0,0,41.7363800456,-87.627509219,60620,"CHICAGO MIDWAY AIRPORT, IL US",86.0,46.0,25.0,0.0,10.0,9.0
crash_03435,2020-11-22 14:00:00,2020,11,Nov,Sun,14,Daytime,30,UNKNOWN,CLEAR,DAYLIGHT,PARKED MOTOR VEHICLE,NOT DIVIDED,DRY,NO INJURY / DRIVE AWAY,,true,"OVER $1,500",UNABLE TO DETERMINE,2,NO INDICATION OF INJURY,0,0,41.9736106026,-87.7109099834,60625,"CHICAGO OHARE INTERNATIONAL AIRPORT, IL US",46.0,32.0,58.0,0.0,10.0,10.0
crash_03436,2023-08-23 17:40:00,2023,8,Aug,Wed,17,Evening commute,30,TRAFFIC SIGNAL,CLEAR,DAYLIGHT,REAR END,DIVIDED - W/MEDIAN BARRIER,DRY,NO INJURY / DRIVE AWAY,,,"$501 - $1,500",FOLLOWING TOO CLOSELY,2,NO INDICATION OF INJURY,0,0,41.7568763948,-87.7223217383,60652,"CHICAGO MIDWAY AIRPORT, IL US",96.0,77.0,54.0,0.0,10.0,13.0
crash_03437,2024-06-09 17:20:00,2024,6,Jun,Sun,17,Evening commute,30,STOP SIGN/FLASHER,CLEAR,DAYLIGHT,REAR END,NOT DIVIDED,DRY,NO INJURY / DRIVE AWAY,true,,"OVER $1,500",UNABLE TO DETERMINE,2,NO INDICATION OF INJURY,0,0,41.751591573,-87.5700316604,60617,"CHICAGO MIDWAY AIRPORT, IL US",79.0,38.0,23.0,0.0,10.0,22.0
crash_03438,2023-02-24 15:15:00,2023,2,Feb,Fri,15,Evening commute,30,NO CONTROLS,CLEAR,DAYLIGHT,ANGLE,NOT DIVIDED,DRY,NO INJURY / DRIVE AWAY,,,"OVER $1,500",UNABLE TO DETERMINE,2,NO INDICATION OF INJURY,0,0,41.8952609502,-87.7257442925,60624,"CHICAGO MIDWAY AIRPORT, IL US",27.0,15.0,61.0,0.0,10.0,8.0
crash_03439,2021-11-18 15:15:00,2021,11,Nov,Thu,15,Evening commute,30,NO CONTROLS,CLEAR,DAYLIGHT,PARKED MOTOR VEHICLE,NOT DIVIDED,DRY,NO INJURY / DRIVE AWAY,,true,"$501 - $1,500",UNABLE TO DETERMINE,2,NO INDICATION OF INJURY,0,0,41.911700944,-87.7352515147,60639,"CHICAGO MIDWAY AIRPORT, IL US",34.0,17.0,50.0,0.0,10.0,21.0
crash_03440,2024-09-14 17:53:00,2024,9,Sep,Sat,17,Evening commute,30,NO CONTROLS,CLEAR,DAYLIGHT,OTHER OBJECT,NOT DIVIDED,DRY,INJURY AND / OR TOW DUE TO CRASH,,,"OVER $1,500",UNABLE TO DETERMINE,2,"REPORTED, NOT EVIDENT",1,0,41.8858393492,-87.6221619572,60601,"CHICAGO MIDWAY AIRPORT, IL US",84.0,63.0,49.0,0.0,10.0,11.0
crash_03441,2022-02-04 19:30:00,2022,2,Feb,Fri,19,Night or early morning,30,NO CONTROLS,CLEAR,"DARKNESS, LIGHTED ROAD",PARKED MOTOR VEHICLE,NOT DIVIDED,DRY,NO INJURY / DRIVE AWAY,,,"OVER $1,500",UNABLE TO DETERMINE,2,NO INDICATION OF INJURY,0,0,41.9622771364,-87.65563977,60640,"CHICAGO MIDWAY AIRPORT, IL US",21.0,13.0,71.0,0.0,1.75,10.0
crash_03442,2022-04-16 21:45:00,2022,4,Apr,Sat,21,Night or early morning,30,TRAFFIC SIGNAL,CLEAR,DAYLIGHT,TURNING,T-INTERSECTION,UNKNOWN,NO INJURY / DRIVE AWAY,true,true,"OVER $1,500",UNABLE TO DETERMINE,2,NO INDICATION OF INJURY,0,0,41.8809822077,-87.6171046512,60603,"CHICAGO MIDWAY AIRPORT, IL US",38.0,26.0,62.0,0.0,10.0,9.0
crash_03443,2021-11-20 20:00:00,2021,11,Nov,Sat,20,Night or early morning,35,TRAFFIC SIGNAL,CLEAR,"DARKNESS, LIGHTED ROAD",TURNING,FOUR WAY,DRY,NO INJURY / DRIVE AWAY,true,,"OVER $1,500",FAILING TO YIELD RIGHT-OF-WAY,2,NO INDICATION OF INJURY,0,0,41.7062823319,-87.6817635946,60655,"CHICAGO MIDWAY AIRPORT, IL US",45.0,29.0,54.0,0.0,10.0,5.0
crash_03444,2022-03-25 20:32:00,2022,3,Mar,Fri,20,Night or early morning,35,NO CONTROLS,CLEAR,"DARKNESS, LIGHTED ROAD",REAR END,NOT DIVIDED,DRY,NO INJURY / DRIVE AWAY,,,"$501 - $1,500",FAILING TO REDUCE SPEED TO AVOID CRASH,2,NO INDICATION OF INJURY,0,0,41.9232785247,-87.6455199592,60614,"CHICAGO MIDWAY AIRPORT, IL US",40.0,29.0,65.0,0.0,10.0,18.0
crash_03445,2018-02-01 20:30:00,2018,2,Feb,Thu,20,Night or early morning,30,TRAFFIC SIGNAL,CLEAR,"DARKNESS, LIGHTED ROAD",TURNING,RAMP,DRY,NO INJURY / DRIVE AWAY,,true,"OVER $1,500",IMPROPER TURNING/NO SIGNAL,2,NO INDICATION OF INJURY,0,0,41.940297326,-87.6390742223,60657,"CHICAGO MIDWAY AIRPORT, IL US",13.0,-5.0,44.0,0.0,10.0,13.0
crash_03446,2019-08-01 18:30:00,2019,8,Aug,Thu,18,Evening commute,30,TRAFFIC SIGNAL,CLEAR,DAYLIGHT,REAR END,DIVIDED - W/MEDIAN BARRIER,DRY,NO INJURY / DRIVE AWAY,true,true,"$501 - $1,500",FAILING TO REDUCE SPEED TO AVOID CRASH,3,NO INDICATION OF INJURY,0,0,41.7219704652,-87.6033480401,60628,"CHICAGO MIDWAY AIRPORT, IL US",77.0,52.0,42.0,0.0,10.0,11.0
crash_03447,2021-11-30 12:00:00,2021,11,Nov,Tue,12,Daytime,30,TRAFFIC SIGNAL,CLEAR,DAYLIGHT,SIDESWIPE SAME DIRECTION,DIVIDED - W/MEDIAN BARRIER,DRY,NO INJURY / DRIVE AWAY,,,"OVER $1,500",UNABLE TO DETERMINE,2,NO INDICATION OF INJURY,0,0,41.7939648254,-87.6834837211,60609,"CHICAGO MIDWAY AIRPORT, IL US",49.0,28.0,44.0,0.0,10.0,14.0
crash_03448,2025-03-18 07:50:00,2025,3,Mar,Tue,7,Morning commute,30,NO CONTROLS,CLEAR,DAYLIGHT,SIDESWIPE SAME DIRECTION,DIVIDED - W/MEDIAN BARRIER,DRY,NO INJURY / DRIVE AWAY,,,"$501 - $1,500",FAILING TO YIELD RIGHT-OF-WAY,2,NO INDICATION OF INJURY,0,0,41.779710741,-87.6402118828,60621,"CHICAGO MIDWAY AIRPORT, IL US",46.0,34.0,63.0,0.0,10.0,9.0
crash_03449,2025-01-23 14:30:00,2025,1,Jan,Thu,14,Daytime,30,OTHER,CLEAR,DAYLIGHT,ANGLE,OTHER,UNKNOWN,NO INJURY / DRIVE AWAY,,,"OVER $1,500",UNABLE TO DETERMINE,2,NO INDICATION OF INJURY,0,0,41.9540773113,-87.7277757662,60641,"CHICAGO OHARE INTERNATIONAL AIRPORT, IL US",19.0,3.0,49.0,,10.0,11.0
crash_03450,2025-07-01 07:20:00,2025,7,Jul,Tue,7,Morning commute,35,TRAFFIC SIGNAL,CLEAR,DAYLIGHT,REAR END,DIVIDED - W/MEDIAN (NOT RAISED),DRY,INJURY AND / OR TOW DUE TO CRASH,,,"OVER $1,500",FOLLOWING TOO CLOSELY,2,NO INDICATION OF INJURY,0,0,41.7212475822,-87.6515083068,60643,"CHICAGO MIDWAY AIRPORT, IL US",75.0,63.0,66.0,0.0,10.0,8.0
crash_03451,2023-09-13 07:20:00,2023,9,Sep,Wed,7,Morning commute,30,TRAFFIC SIGNAL,CLEAR,DAYLIGHT,REAR END,DIVIDED - W/MEDIAN BARRIER,DRY,NO INJURY / DRIVE AWAY,true,,"OVER $1,500",IMPROPER OVERTAKING/PASSING,2,NO INDICATION OF INJURY,0,0,41.8949034326,-87.6241041941,60611,"CHICAGO MIDWAY AIRPORT, IL US",57.0,52.0,83.0,0.0,10.0,5.0
crash_03452,2023-04-26 08:00:00,2023,4,Apr,Wed,8,Morning commute,45,NO CONTROLS,CLEAR,DAYLIGHT,SIDESWIPE SAME DIRECTION,DIVIDED - W/MEDIAN (NOT RAISED),DRY,NO INJURY / DRIVE AWAY,,,"OVER $1,500",UNABLE TO DETERMINE,2,NO INDICATION OF INJURY,0,0,41.8783170107,-87.6170521254,60604,"CHICAGO MIDWAY AIRPORT, IL US",43.0,31.0,63.0,0.0,10.0,11.0
crash_03453,2023-07-15 18:00:00,2023,7,Jul,Sat,18,Evening commute,30,STOP SIGN/FLASHER,RAIN,"DARKNESS, LIGHTED ROAD",ANGLE,DIVIDED - W/MEDIAN (NOT RAISED),WET,INJURY AND / OR TOW DUE TO CRASH,,true,"OVER $1,500",DRIVING SKILLS/KNOWLEDGE/EXPERIENCE,2,NO INDICATION OF INJURY,0,0,41.6722831597,-87.6394670575,60628,"CHICAGO MIDWAY AIRPORT, IL US",83.0,64.0,53.0,0.0,10.0,10.0
crash_03454,2018-06-10 09:15:00,2018,6,Jun,Sun,9,Morning commute,15,NO CONTROLS,RAIN,DAYLIGHT,REAR END,DRIVEWAY,WET,NO INJURY / DRIVE AWAY,,,$500 OR LESS,IMPROPER BACKING,2,NO INDICATION OF INJURY,0,0,41.9687307336,-87.6726720328,60640,"CHICAGO OHARE INTERNATIONAL AIRPORT, IL US",67.0,64.0,91.0,0.09,3.0,0.0
crash_03455,2021-06-28 11:15:00,2021,6,Jun,Mon,11,Daytime,30,NO CONTROLS,CLEAR,DAYLIGHT,PARKED MOTOR VEHICLE,ONE-WAY,DRY,INJURY AND / OR TOW DUE TO CRASH,,,"OVER $1,500",NOT APPLICABLE,2,NO INDICATION OF INJURY,0,0,41.8708816022,-87.7210111898,60624,"CHICAGO MIDWAY AIRPORT, IL US",76.0,65.0,69.0,0.0,10.0,3.0
crash_03456,2019-08-02 18:57:00,2019,8,Aug,Fri,18,Evening commute,30,PEDESTRIAN CROSSING SIGN,CLEAR,DAYLIGHT,REAR END,DIVIDED - W/MEDIAN (NOT RAISED),DRY,NO INJURY / DRIVE AWAY,,true,"$501 - $1,500",FOLLOWING TOO CLOSELY,2,NO INDICATION OF INJURY,0,0,41.9535407491,-87.6497159027,60613,"CHICAGO MIDWAY AIRPORT, IL US",79.0,51.0,38.0,0.0,10.0,10.0
crash_03457,2019-10-26 21:00:00,2019,10,Oct,Sat,21,Night or early morning,30,NO CONTROLS,RAIN,DARKNESS,SIDESWIPE SAME DIRECTION,DIVIDED - W/MEDIAN (NOT RAISED),WET,NO INJURY / DRIVE AWAY,,true,"OVER $1,500",IMPROPER OVERTAKING/PASSING,2,NO INDICATION OF INJURY,0,0,41.7222951972,-87.6046313267,60619,"CHICAGO MIDWAY AIRPORT, IL US",49.0,48.0,97.0,0.17,2.0,18.0
crash_03458,2018-08-11 20:45:00,2018,8,Aug,Sat,20,Night or early morning,30,TRAFFIC SIGNAL,CLEAR,DARKNESS,TURNING,NOT DIVIDED,DRY,NO INJURY / DRIVE AWAY,,,$500 OR LESS,FAILING TO YIELD RIGHT-OF-WAY,2,NO INDICATION OF INJURY,0,0,41.9137673179,-87.7458381961,60639,"CHICAGO MIDWAY AIRPORT, IL US",81.0,57.0,44.0,0.0,10.0,3.0
crash_03459,2019-07-29 02:10:00,2019,7,Jul,Mon,2,Night or early morning,35,TRAFFIC SIGNAL,CLEAR,DARKNESS,FIXED OBJECT,DIVIDED - W/MEDIAN BARRIER,DRY,INJURY AND / OR TOW DUE TO CRASH,true,,"OVER $1,500",DISREGARDING TRAFFIC SIGNALS,1,INCAPACITATING INJURY,1,0,41.7127712418,-87.5354221874,60617,"CHICAGO MIDWAY AIRPORT, IL US",78.0,66.0,67.0,0.0,10.0,13.0
crash_03460,2025-06-18 17:25:00,2025,6,Jun,Wed,17,Evening commute,30,NO CONTROLS,RAIN,DAYLIGHT,PARKED MOTOR VEHICLE,T-INTERSECTION,UNKNOWN,NO INJURY / DRIVE AWAY,,true,"OVER $1,500",UNABLE TO DETERMINE,2,NO INDICATION OF INJURY,0,0,41.90241048,-87.7509358889,60651,"CHICAGO MIDWAY AIRPORT, IL US",73.0,67.0,81.0,0.01,9.0,9.0
crash_03461,2023-03-14 19:19:00,2023,3,Mar,Tue,19,Night or early morning,20,NO CONTROLS,UNKNOWN,"DARKNESS, LIGHTED ROAD",PARKED MOTOR VEHICLE,ONE-WAY,UNKNOWN,NO INJURY / DRIVE AWAY,,true,"$501 - $1,500",UNABLE TO DETERMINE,2,NO INDICATION OF INJURY,0,0,42.0020924963,-87.6925824837,60645,"CHICAGO OHARE INTERNATIONAL AIRPORT, IL US",35.0,10.0,35.0,0.0,10.0,5.0
crash_03462,2018-03-01 08:25:00,2018,3,Mar,Thu,8,Morning commute,30,NO CONTROLS,RAIN,DAYLIGHT,SIDESWIPE SAME DIRECTION,ONE-WAY,WET,NO INJURY / DRIVE AWAY,,,"OVER $1,500",FAILING TO YIELD RIGHT-OF-WAY,2,NO INDICATION OF INJURY,0,0,41.8799189876,-87.639772501,60661,"CHICAGO MIDWAY AIRPORT, IL US",38.0,36.0,93.0,0.11,5.0,18.0
crash_03463,2022-02-04 15:55:00,2022,2,Feb,Fri,15,Evening commute,30,STOP SIGN/FLASHER,CLEAR,DAYLIGHT,REAR END,ONE-WAY,SNOW OR SLUSH,NO INJURY / DRIVE AWAY,,,"OVER $1,500",UNABLE TO DETERMINE,2,NO INDICATION OF INJURY,0,0,41.7953429163,-87.7108312176,60632,"CHICAGO MIDWAY AIRPORT, IL US",24.0,9.0,52.0,0.0,10.0,13.0
crash_03464,2020-05-01 19:44:00,2020,5,May,Fri,19,Night or early morning,30,STOP SIGN/FLASHER,CLEAR,DAYLIGHT,TURNING,NOT DIVIDED,DRY,NO INJURY / DRIVE AWAY,,,"OVER $1,500",DISREGARDING STOP SIGN,2,NO INDICATION OF INJURY,0,0,41.9391200967,-87.6445152745,60657,"CHICAGO MIDWAY AIRPORT, IL US",59.0,39.0,48.0,0.0,10.0,8.0
crash_03465,2023-08-13 08:45:00,2023,8,Aug,Sun,8,Morning commute,30,TRAFFIC SIGNAL,CLEAR,DAYLIGHT,REAR END,NOT DIVIDED,DRY,NO INJURY / DRIVE AWAY,,true,"OVER $1,500",UNABLE TO DETERMINE,2,NO INDICATION OF INJURY,0,0,41.876926589,-87.745039137,60644,"CHICAGO MIDWAY AIRPORT, IL US",76.0,62.0,62.0,0.0,10.0,5.0
crash_03466,2022-12-16 12:30:00,2022,12,Dec,Fri,12,Daytime,25,STOP SIGN/FLASHER,CLEAR,DAYLIGHT,ANGLE,FOUR WAY,UNKNOWN,NO INJURY / DRIVE AWAY,,,"$501 - $1,500",UNABLE TO DETERMINE,2,NO INDICATION OF INJURY,0,0,41.7729148856,-87.6131845721,60637,"CHICAGO MIDWAY AIRPORT, IL US",29.0,23.0,78.0,0.0,3.0,13.0