crash_id,crash_datetime,crash_year,crash_month,crash_month_name,crash_weekday_name,crash_hour,time_period,posted_speed_limit_mph,traffic_control_device,reported_weather_condition,reported_lighting_condition,first_crash_type,trafficway_type,reported_road_surface_condition,crash_type,intersection_related,hit_and_run,estimated_damage,primary_contributory_cause,unit_count,most_severe_injury,injuries_total,injuries_fatal,latitude,longitude,zip5,weather_station_name,temperature_f,dew_point_f,relative_humidity_percent,precipitation_inches,visibility_miles,wind_speed_mph
crash_03467,2025-06-01 11:15:00,2025,6,Jun,Sun,11,Daytime,30,TRAFFIC SIGNAL,CLEAR,DAYLIGHT,TURNING,NOT DIVIDED,DRY,NO INJURY / DRIVE AWAY,,,"OVER $1,500",UNABLE TO DETERMINE,2,NO INDICATION OF INJURY,0,0,41.8844685033,-87.706337922,60624,"CHICAGO MIDWAY AIRPORT, IL US",66.0,33.0,29.0,0.0,10.0,5.0
crash_03468,2021-12-11 06:30:00,2021,12,Dec,Sat,6,Morning commute,35,NO CONTROLS,RAIN,DAWN,PARKED MOTOR VEHICLE,NOT DIVIDED,WET,NO INJURY / DRIVE AWAY,,true,"OVER $1,500",UNABLE TO DETERMINE,2,NO INDICATION OF INJURY,0,0,41.6745859058,-87.624818774,60628,"CHICAGO MIDWAY AIRPORT, IL US",38.0,30.0,73.0,,10.0,36.0
crash_03469,2018-06-04 06:30:00,2018,6,Jun,Mon,6,Morning commute,35,TRAFFIC SIGNAL,CLEAR,DAYLIGHT,SIDESWIPE SAME DIRECTION,NOT DIVIDED,DRY,NO INJURY / DRIVE AWAY,,,"OVER $1,500",UNABLE TO DETERMINE,2,NO INDICATION OF INJURY,0,0,41.8939002562,-87.6327316872,60654,"CHICAGO MIDWAY AIRPORT, IL US",60.0,52.0,75.0,0.0,10.0,8.0
crash_03470,2020-07-05 01:00:00,2020,7,Jul,Sun,1,Night or early morning,35,NO CONTROLS,CLEAR,UNKNOWN,PARKED MOTOR VEHICLE,ONE-WAY,UNKNOWN,NO INJURY / DRIVE AWAY,,true,$500 OR LESS,NOT APPLICABLE,2,NO INDICATION OF INJURY,0,0,41.7212841146,-87.6179027453,60628,"CHICAGO MIDWAY AIRPORT, IL US",76.0,66.0,72.0,0.0,4.0,6.0
crash_03471,2022-12-16 11:30:00,2022,12,Dec,Fri,11,Daytime,35,NO CONTROLS,SNOW,DAYLIGHT,REAR END,NOT DIVIDED,WET,NO INJURY / DRIVE AWAY,,true,"OVER $1,500",NOT APPLICABLE,2,NO INDICATION OF INJURY,0,0,41.7182846246,-87.6519120705,60643,"CHICAGO MIDWAY AIRPORT, IL US",29.0,23.0,78.0,0.0,2.5,16.0
crash_03472,2018-11-10 10:00:00,2018,11,Nov,Sat,10,Daytime,30,STOP SIGN/FLASHER,CLEAR,DAYLIGHT,ANGLE,ONE-WAY,DRY,INJURY AND / OR TOW DUE TO CRASH,,,"OVER $1,500",FAILING TO YIELD RIGHT-OF-WAY,2,NO INDICATION OF INJURY,0,0,41.7767115144,-87.7252993258,60629,"CHICAGO MIDWAY AIRPORT, IL US",26.0,13.0,57.0,0.0,10.0,9.0
crash_03473,2025-05-23 19:00:00,2025,5,May,Fri,19,Night or early morning,30,STOP SIGN/FLASHER,CLEAR,DAYLIGHT,SIDESWIPE OPPOSITE DIRECTION,ONE-WAY,DRY,NO INJURY / DRIVE AWAY,,true,"OVER $1,500",IMPROPER OVERTAKING/PASSING,2,NO INDICATION OF INJURY,0,0,41.9571141338,-87.747563559,60641,"CHICAGO OHARE INTERNATIONAL AIRPORT, IL US",54.0,40.0,59.0,0.0,10.0,10.0
crash_03474,2025-12-27 10:42:00,2025,12,Dec,Sat,10,Daytime,20,NO CONTROLS,CLEAR,DAYLIGHT,REAR TO SIDE,PARKING LOT,DRY,NO INJURY / DRIVE AWAY,,,$500 OR LESS,UNABLE TO DETERMINE,2,NO INDICATION OF INJURY,0,0,41.7708587251,-87.5864132973,60637,,,,,,,
crash_03475,2024-09-24 21:39:00,2024,9,Sep,Tue,21,Night or early morning,30,NO CONTROLS,UNKNOWN,"DARKNESS, LIGHTED ROAD",PARKED MOTOR VEHICLE,ONE-WAY,UNKNOWN,INJURY AND / OR TOW DUE TO CRASH,,true,"OVER $1,500",UNABLE TO DETERMINE,2,NO INDICATION OF INJURY,0,0,41.883745495,-87.7683904958,60644,"CHICAGO MIDWAY AIRPORT, IL US",64.0,61.0,88.0,,10.0,6.0
crash_03476,2019-05-18 20:25:00,2019,5,May,Sat,20,Night or early morning,30,NO CONTROLS,CLEAR,DAWN,FIXED OBJECT,NOT DIVIDED,UNKNOWN,NO INJURY / DRIVE AWAY,,true,"OVER $1,500",UNABLE TO DETERMINE,1,NO INDICATION OF INJURY,0,0,41.8819609333,-87.7248580001,60624,"CHICAGO MIDWAY AIRPORT, IL US",66.0,62.0,87.0,0.0,10.0,3.0
crash_03477,2023-01-25 15:40:00,2023,1,Jan,Wed,15,Evening commute,30,STOP SIGN/FLASHER,SNOW,DAYLIGHT,ANGLE,FOUR WAY,SNOW OR SLUSH,INJURY AND / OR TOW DUE TO CRASH,true,,"OVER $1,500",FAILING TO YIELD RIGHT-OF-WAY,4,NONINCAPACITATING INJURY,1,0,41.9169757551,-87.7328061115,60639,"CHICAGO MIDWAY AIRPORT, IL US",34.0,31.0,89.0,0.0,4.0,10.0
crash_03478,2018-11-27 09:00:00,2018,11,Nov,Tue,9,Morning commute,25,NO CONTROLS,SNOW,DAYLIGHT,PARKED MOTOR VEHICLE,ONE-WAY,ICE,NO INJURY / DRIVE AWAY,,,"OVER $1,500",WEATHER,2,NO INDICATION OF INJURY,0,0,41.6920419761,-87.661697637,60643,"CHICAGO MIDWAY AIRPORT, IL US",23.0,15.0,72.0,0.0,9.0,10.0
crash_03479,2023-07-22 19:12:00,2023,7,Jul,Sat,19,Night or early morning,30,UNKNOWN,CLEAR,DAYLIGHT,SIDESWIPE SAME DIRECTION,DIVIDED - W/MEDIAN (NOT RAISED),DRY,NO INJURY / DRIVE AWAY,,,"OVER $1,500",IMPROPER OVERTAKING/PASSING,2,NO INDICATION OF INJURY,0,0,41.8908530732,-87.6265427713,60611,"CHICAGO MIDWAY AIRPORT, IL US",74.0,59.0,60.0,0.0,10.0,8.0
crash_03480,2021-03-03 13:45:00,2021,3,Mar,Wed,13,Daytime,30,UNKNOWN,UNKNOWN,DAYLIGHT,PARKED MOTOR VEHICLE,NOT DIVIDED,UNKNOWN,NO INJURY / DRIVE AWAY,,true,"OVER $1,500",UNABLE TO DETERMINE,2,NO INDICATION OF INJURY,0,0,41.9647462865,-87.6891841476,60625,"CHICAGO OHARE INTERNATIONAL AIRPORT, IL US",57.0,28.0,33.0,0.0,10.0,14.0
crash_03481,2024-02-03 10:50:00,2024,2,Feb,Sat,10,Daytime,30,NO CONTROLS,CLEAR,DAYLIGHT,REAR END,ONE-WAY,DRY,NO INJURY / DRIVE AWAY,,true,$500 OR LESS,UNABLE TO DETERMINE,2,NO INDICATION OF INJURY,0,0,41.7033164895,-87.6101432015,60628,"CHICAGO MIDWAY AIRPORT, IL US",39.0,30.0,70.0,0.0,10.0,8.0
crash_03482,2021-12-30 18:25:00,2021,12,Dec,Thu,18,Evening commute,30,STOP SIGN/FLASHER,CLEAR,"DARKNESS, LIGHTED ROAD",TURNING,DIVIDED - W/MEDIAN BARRIER,DRY,INJURY AND / OR TOW DUE TO CRASH,true,,"OVER $1,500",UNABLE TO DETERMINE,2,FATAL,3,1,41.9492108667,-87.8170783741,60634,"CHICAGO OHARE INTERNATIONAL AIRPORT, IL US",35.0,32.0,89.0,0.0,4.0,6.0
crash_03483,2025-08-14 15:00:00,2025,8,Aug,Thu,15,Evening commute,30,NO CONTROLS,CLEAR,DAYLIGHT,TURNING,NOT DIVIDED,DRY,NO INJURY / DRIVE AWAY,,,"$501 - $1,500",FAILING TO YIELD RIGHT-OF-WAY,2,NO INDICATION OF INJURY,0,0,41.9139471316,-87.6477220749,60614,"CHICAGO MIDWAY AIRPORT, IL US",83.0,58.0,43.0,0.0,10.0,10.0
crash_03484,2018-08-03 23:40:00,2018,8,Aug,Fri,23,Night or early morning,30,NO CONTROLS,CLEAR,"DARKNESS, LIGHTED ROAD",PARKED MOTOR VEHICLE,OTHER,DRY,NO INJURY / DRIVE AWAY,,,"$501 - $1,500",NOT APPLICABLE,2,NO INDICATION OF INJURY,0,0,41.751022503,-87.6269802936,60620,"CHICAGO MIDWAY AIRPORT, IL US",75.0,66.0,74.0,0.0,10.0,6.0
crash_03485,2024-04-24 20:15:00,2024,4,Apr,Wed,20,Night or early morning,30,TRAFFIC SIGNAL,CLEAR,"DARKNESS, LIGHTED ROAD",REAR END,NOT DIVIDED,DRY,NO INJURY / DRIVE AWAY,,true,"OVER $1,500",UNABLE TO DETERMINE,2,NO INDICATION OF INJURY,0,0,41.8890667845,-87.6332174466,60654,"CHICAGO MIDWAY AIRPORT, IL US",39.0,26.0,60.0,0.0,10.0,7.0
crash_03486,2024-11-01 16:34:00,2024,11,Nov,Fri,16,Evening commute,35,TRAFFIC SIGNAL,CLEAR,DUSK,REAR END,NOT DIVIDED,DRY,NO INJURY / DRIVE AWAY,,,$500 OR LESS,DRIVING SKILLS/KNOWLEDGE/EXPERIENCE,2,NO INDICATION OF INJURY,0,0,41.7505449417,-87.6535920037,60620,"CHICAGO MIDWAY AIRPORT, IL US",50.0,35.0,57.0,0.0,10.0,9.0
crash_03487,2019-01-10 15:35:00,2019,1,Jan,Thu,15,Evening commute,25,STOP SIGN/FLASHER,CLEAR,DAYLIGHT,PARKED MOTOR VEHICLE,NOT DIVIDED,DRY,NO INJURY / DRIVE AWAY,,,"OVER $1,500",UNABLE TO DETERMINE,2,NO INDICATION OF INJURY,0,0,41.84923173,-87.6832387687,60608,"CHICAGO MIDWAY AIRPORT, IL US",25.0,15.0,66.0,0.0,10.0,5.0
crash_03488,2020-04-18 08:30:00,2020,4,Apr,Sat,8,Morning commute,20,NO CONTROLS,CLEAR,DAYLIGHT,PARKED MOTOR VEHICLE,ONE-WAY,DRY,INJURY AND / OR TOW DUE TO CRASH,,true,"OVER $1,500",UNABLE TO DETERMINE,4,NO INDICATION OF INJURY,0,0,41.9727310393,-87.6744186406,60640,"CHICAGO OHARE INTERNATIONAL AIRPORT, IL US",41.0,30.0,65.0,0.0,10.0,14.0
crash_03489,2022-09-03 14:00:00,2022,9,Sep,Sat,14,Daytime,30,NO CONTROLS,CLEAR,DAYLIGHT,PEDESTRIAN,OTHER,DRY,INJURY AND / OR TOW DUE TO CRASH,,,"OVER $1,500",FAILING TO REDUCE SPEED TO AVOID CRASH,2,NONINCAPACITATING INJURY,1,0,41.939109276,-87.7171782868,60618,"CHICAGO MIDWAY AIRPORT, IL US",89.0,63.0,42.0,,10.0,5.0
crash_03490,2024-12-18 07:30:00,2024,12,Dec,Wed,7,Morning commute,30,TRAFFIC SIGNAL,CLEAR,DAYLIGHT,REAR END,FOUR WAY,DRY,NO INJURY / DRIVE AWAY,,,"OVER $1,500",UNABLE TO DETERMINE,2,NO INDICATION OF INJURY,0,0,41.9426587072,-87.7028540507,60618,"CHICAGO MIDWAY AIRPORT, IL US",34.0,26.0,73.0,,10.0,9.0
crash_03491,2021-01-06 22:30:00,2021,1,Jan,Wed,22,Night or early morning,30,NO CONTROLS,CLEAR,"DARKNESS, LIGHTED ROAD",ANGLE,NOT DIVIDED,DRY,INJURY AND / OR TOW DUE TO CRASH,true,true,"OVER $1,500",FAILING TO YIELD RIGHT-OF-WAY,2,NONINCAPACITATING INJURY,1,0,41.8870279552,-87.7505266167,60644,"CHICAGO MIDWAY AIRPORT, IL US",37.0,30.0,76.0,0.0,10.0,5.0
crash_03492,2018-03-08 13:30:00,2018,3,Mar,Thu,13,Daytime,0,NO CONTROLS,CLEAR,DAYLIGHT,PARKED MOTOR VEHICLE,ONE-WAY,DRY,NO INJURY / DRIVE AWAY,,,"OVER $1,500",UNABLE TO DETERMINE,2,NO INDICATION OF INJURY,0,0,41.8012764654,-87.5935947992,60615,"CHICAGO MIDWAY AIRPORT, IL US",34.0,15.0,46.0,0.0,10.0,10.0
crash_03493,2021-07-13 10:30:00,2021,7,Jul,Tue,10,Daytime,30,NO CONTROLS,RAIN,DAYLIGHT,SIDESWIPE SAME DIRECTION,NOT DIVIDED,WET,INJURY AND / OR TOW DUE TO CRASH,,,"$501 - $1,500",IMPROPER OVERTAKING/PASSING,2,"REPORTED, NOT EVIDENT",1,0,41.9637159387,-87.654847524,60640,"CHICAGO MIDWAY AIRPORT, IL US",72.0,66.0,82.0,,10.0,8.0
crash_03494,2021-06-30 16:40:00,2021,6,Jun,Wed,16,Evening commute,30,TRAFFIC SIGNAL,CLEAR,DAYLIGHT,REAR END,DIVIDED - W/MEDIAN (NOT RAISED),UNKNOWN,INJURY AND / OR TOW DUE TO CRASH,,,"OVER $1,500",FAILING TO REDUCE SPEED TO AVOID CRASH,2,NONINCAPACITATING INJURY,1,0,41.9633187103,-87.6791776428,60625,"CHICAGO OHARE INTERNATIONAL AIRPORT, IL US",83.0,67.0,59.0,0.0,10.0,7.0
crash_03495,2023-07-03 17:10:00,2023,7,Jul,Mon,17,Evening commute,30,NO CONTROLS,CLEAR,DAYLIGHT,SIDESWIPE SAME DIRECTION,NOT DIVIDED,DRY,NO INJURY / DRIVE AWAY,,,"OVER $1,500",UNABLE TO DETERMINE,2,NO INDICATION OF INJURY,0,0,41.9108068192,-87.6631049341,60642,"CHICAGO MIDWAY AIRPORT, IL US",82.0,59.0,46.0,0.0,10.0,11.0
crash_03496,2021-09-01 12:20:00,2021,9,Sep,Wed,12,Daytime,10,TRAFFIC SIGNAL,CLEAR,DAYLIGHT,TURNING,OTHER,UNKNOWN,NO INJURY / DRIVE AWAY,,,"$501 - $1,500",UNABLE TO DETERMINE,3,NO INDICATION OF INJURY,0,0,41.8075327443,-87.7429064498,60632,"CHICAGO MIDWAY AIRPORT, IL US",76.0,54.0,47.0,0.0,10.0,14.0
crash_03497,2020-05-15 14:30:00,2020,5,May,Fri,14,Daytime,30,STOP SIGN/FLASHER,CLEAR,DAYLIGHT,REAR END,NOT DIVIDED,DRY,NO INJURY / DRIVE AWAY,,,"OVER $1,500",FOLLOWING TOO CLOSELY,2,NO INDICATION OF INJURY,0,0,41.7625239088,-87.5857768065,60649,"CHICAGO MIDWAY AIRPORT, IL US",75.0,54.0,48.0,0.0,10.0,7.0
crash_03498,2018-04-12 11:10:00,2018,4,Apr,Thu,11,Daytime,30,NO CONTROLS,CLEAR,DAYLIGHT,OTHER NONCOLLISION,NOT DIVIDED,DRY,INJURY AND / OR TOW DUE TO CRASH,,,"OVER $1,500",ROAD ENGINEERING/SURFACE/MARKING DEFECTS,1,NO INDICATION OF INJURY,0,0,41.8148730772,-87.7398483414,60632,"CHICAGO MIDWAY AIRPORT, IL US",70.0,45.0,41.0,0.0,10.0,17.0
crash_03499,2021-07-02 19:40:00,2021,7,Jul,Fri,19,Night or early morning,30,TRAFFIC SIGNAL,CLEAR,DAYLIGHT,REAR END,NOT DIVIDED,DRY,NO INJURY / DRIVE AWAY,,,"OVER $1,500",UNABLE TO DETERMINE,2,NO INDICATION OF INJURY,0,0,41.8009065405,-87.703914804,60632,"CHICAGO MIDWAY AIRPORT, IL US",69.0,47.0,45.0,0.0,10.0,8.0
crash_03500,2022-06-25 15:00:00,2022,6,Jun,Sat,15,Evening commute,30,TRAFFIC SIGNAL,CLEAR,DAYLIGHT,REAR END,FOUR WAY,DRY,NO INJURY / DRIVE AWAY,true,,$500 OR LESS,UNABLE TO DETERMINE,3,NO INDICATION OF INJURY,0,0,41.8717406197,-87.6276706791,60605,"CHICAGO MIDWAY AIRPORT, IL US",76.0,63.0,64.0,0.0,10.0,21.0
crash_03501,2022-11-23 00:20:00,2022,11,Nov,Wed,0,Night or early morning,40,NO CONTROLS,CLEAR,"DARKNESS, LIGHTED ROAD",FIXED OBJECT,DIVIDED - W/MEDIAN BARRIER,DRY,INJURY AND / OR TOW DUE TO CRASH,,,"$501 - $1,500",UNABLE TO DETERMINE,1,NO INDICATION OF INJURY,0,0,41.8983890531,-87.6180919118,60611,"CHICAGO MIDWAY AIRPORT, IL US",38.0,26.0,62.0,0.0,10.0,8.0
crash_03502,2020-05-10 14:10:00,2020,5,May,Sun,14,Daytime,30,TRAFFIC SIGNAL,CLEAR,DAYLIGHT,TURNING,FOUR WAY,DRY,NO INJURY / DRIVE AWAY,,,"OVER $1,500",IMPROPER TURNING/NO SIGNAL,2,NO INDICATION OF INJURY,0,0,41.7070263198,-87.6428960074,60643,"CHICAGO MIDWAY AIRPORT, IL US",43.0,41.0,93.0,0.09,5.0,16.0
crash_03503,2019-10-30 14:35:00,2019,10,Oct,Wed,14,Daytime,30,PEDESTRIAN CROSSING SIGN,RAIN,DAYLIGHT,PEDESTRIAN,DIVIDED - W/MEDIAN BARRIER,WET,NO INJURY / DRIVE AWAY,true,true,$500 OR LESS,DRIVING SKILLS/KNOWLEDGE/EXPERIENCE,2,NO INDICATION OF INJURY,0,0,41.8455330858,-87.6233262986,60616,"CHICAGO MIDWAY AIRPORT, IL US",41.0,39.0,93.0,0.01,2.0,13.0
crash_03504,2022-05-02 20:05:00,2022,5,May,Mon,20,Night or early morning,30,TRAFFIC SIGNAL,CLEAR,"DARKNESS, LIGHTED ROAD",TURNING,DIVIDED - W/MEDIAN BARRIER,DRY,INJURY AND / OR TOW DUE TO CRASH,true,true,"OVER $1,500",DISREGARDING TRAFFIC SIGNALS,2,"REPORTED, NOT EVIDENT",1,0,41.7946703847,-87.6305474761,60609,"CHICAGO MIDWAY AIRPORT, IL US",52.0,40.0,64.0,0.0,10.0,8.0
crash_03505,2019-01-14 01:20:00,2019,1,Jan,Mon,1,Night or early morning,35,TRAFFIC SIGNAL,OTHER,"DARKNESS, LIGHTED ROAD",REAR END,DIVIDED - W/MEDIAN BARRIER,WET,INJURY AND / OR TOW DUE TO CRASH,,,"OVER $1,500",FAILING TO REDUCE SPEED TO AVOID CRASH,2,NO INDICATION OF INJURY,0,0,41.802440426,-87.5847785738,60615,"CHICAGO MIDWAY AIRPORT, IL US",25.0,20.0,81.0,0.0,10.0,6.0
crash_03506,2024-08-10 01:00:00,2024,8,Aug,Sat,1,Night or early morning,25,NO CONTROLS,CLEAR,DARKNESS,PARKED MOTOR VEHICLE,ONE-WAY,DRY,NO INJURY / DRIVE AWAY,,,"OVER $1,500",IMPROPER BACKING,2,NO INDICATION OF INJURY,0,0,41.8905699831,-87.7474313675,60644,"CHICAGO MIDWAY AIRPORT, IL US",61.0,53.0,75.0,0.0,10.0,8.0
crash_03507,2024-02-09 11:20:00,2024,2,Feb,Fri,11,Daytime,35,TRAFFIC SIGNAL,CLEAR,DAYLIGHT,SIDESWIPE SAME DIRECTION,FOUR WAY,DRY,NO INJURY / DRIVE AWAY,true,,$500 OR LESS,UNABLE TO DETERMINE,2,NO INDICATION OF INJURY,0,0,41.8238246726,-87.6263451219,60653,"CHICAGO MIDWAY AIRPORT, IL US",54.0,35.0,49.0,0.0,10.0,23.0
crash_03508,2018-05-31 17:58:00,2018,5,May,Thu,17,Evening commute,30,NO CONTROLS,CLEAR,DAYLIGHT,PEDALCYCLIST,NOT DIVIDED,DRY,INJURY AND / OR TOW DUE TO CRASH,,,$500 OR LESS,FAILING TO YIELD RIGHT-OF-WAY,2,"REPORTED, NOT EVIDENT",1,0,41.9978610052,-87.688605085,60645,"CHICAGO OHARE INTERNATIONAL AIRPORT, IL US",86.0,66.0,51.0,0.0,10.0,9.0
crash_03509,2018-06-02 20:20:00,2018,6,Jun,Sat,20,Night or early morning,30,TRAFFIC SIGNAL,CLEAR,DUSK,SIDESWIPE SAME DIRECTION,DIVIDED - W/MEDIAN (NOT RAISED),DRY,NO INJURY / DRIVE AWAY,true,,"OVER $1,500",FAILING TO YIELD RIGHT-OF-WAY,2,NO INDICATION OF INJURY,0,0,41.9904287615,-87.711183885,60659,"CHICAGO OHARE INTERNATIONAL AIRPORT, IL US",64.0,56.0,75.0,0.0,10.0,10.0
crash_03510,2019-03-02 10:30:00,2019,3,Mar,Sat,10,Daytime,30,NO CONTROLS,CLEAR,DAYLIGHT,REAR END,NOT DIVIDED,DRY,NO INJURY / DRIVE AWAY,,,"OVER $1,500",IMPROPER BACKING,2,NO INDICATION OF INJURY,0,0,42.0139766102,-87.6835158791,60645,"CHICAGO OHARE INTERNATIONAL AIRPORT, IL US",30.0,20.0,66.0,0.0,10.0,10.0
crash_03511,2023-07-05 16:00:00,2023,7,Jul,Wed,16,Evening commute,30,TRAFFIC SIGNAL,CLEAR,DAYLIGHT,TURNING,FOUR WAY,WET,NO INJURY / DRIVE AWAY,true,true,"$501 - $1,500",FAILING TO REDUCE SPEED TO AVOID CRASH,2,NO INDICATION OF INJURY,0,0,41.8845154584,-87.6474973003,60607,"CHICAGO MIDWAY AIRPORT, IL US",83.0,68.0,61.0,0.0,10.0,6.0
crash_03512,2023-12-31 14:56:00,2023,12,Dec,Sun,14,Daytime,30,NO CONTROLS,SNOW,DAYLIGHT,ANGLE,NOT DIVIDED,SNOW OR SLUSH,NO INJURY / DRIVE AWAY,,,"OVER $1,500",FAILING TO YIELD RIGHT-OF-WAY,2,NO INDICATION OF INJURY,0,0,41.7996223514,-87.5917204099,60615,"CHICAGO MIDWAY AIRPORT, IL US",35.0,29.0,78.0,0.0,9.0,10.0
crash_03513,2020-01-09 16:15:00,2020,1,Jan,Thu,16,Evening commute,30,STOP SIGN/FLASHER,CLEAR,DAYLIGHT,REAR END,DIVIDED - W/MEDIAN (NOT RAISED),DRY,NO INJURY / DRIVE AWAY,true,,"$501 - $1,500",UNABLE TO DETERMINE,2,NO INDICATION OF INJURY,0,0,41.7367599578,-87.6047645676,60619,"CHICAGO MIDWAY AIRPORT, IL US",50.0,35.0,57.0,0.0,10.0,23.0
crash_03514,2025-01-01 12:35:00,2025,1,Jan,Wed,12,Daytime,30,NO CONTROLS,UNKNOWN,UNKNOWN,SIDESWIPE SAME DIRECTION,DIVIDED - W/MEDIAN (NOT RAISED),UNKNOWN,NO INJURY / DRIVE AWAY,,,"OVER $1,500",FAILING TO YIELD RIGHT-OF-WAY,2,NO INDICATION OF INJURY,0,0,41.9375815203,-87.7663148918,60641,"CHICAGO OHARE INTERNATIONAL AIRPORT, IL US",29.0,18.0,63.0,0.0,10.0,13.0
crash_03515,2021-07-20 07:45:00,2021,7,Jul,Tue,7,Morning commute,30,NO CONTROLS,CLEAR,DAYLIGHT,PARKED MOTOR VEHICLE,NOT DIVIDED,DRY,NO INJURY / DRIVE AWAY,,,"$501 - $1,500",UNABLE TO DETERMINE,2,NO INDICATION OF INJURY,0,0,41.7366848371,-87.7152248617,60652,"CHICAGO MIDWAY AIRPORT, IL US",75.0,61.0,62.0,0.0,10.0,6.0
crash_03516,2020-10-02 16:30:00,2020,10,Oct,Fri,16,Evening commute,30,NO CONTROLS,CLEAR,DAYLIGHT,PEDESTRIAN,NOT DIVIDED,DRY,INJURY AND / OR TOW DUE TO CRASH,,true,"OVER $1,500",UNABLE TO DETERMINE,2,FATAL,1,1,41.8729733773,-87.7252581707,60624,"CHICAGO MIDWAY AIRPORT, IL US",55.0,29.0,37.0,0.0,10.0,7.0
crash_03517,2021-12-26 00:55:00,2021,12,Dec,Sun,0,Night or early morning,30,NO CONTROLS,CLEAR,DARKNESS,SIDESWIPE SAME DIRECTION,FOUR WAY,DRY,INJURY AND / OR TOW DUE TO CRASH,,,"$501 - $1,500",UNABLE TO DETERMINE,2,NO INDICATION OF INJURY,0,0,41.7565259775,-87.6245785234,60619,"CHICAGO MIDWAY AIRPORT, IL US",36.0,29.0,76.0,0.0,10.0,0.0
crash_03518,2018-06-23 12:20:00,2018,6,Jun,Sat,12,Daytime,30,TRAFFIC SIGNAL,CLEAR,DAYLIGHT,REAR END,NOT DIVIDED,DRY,INJURY AND / OR TOW DUE TO CRASH,true,,"OVER $1,500",IMPROPER OVERTAKING/PASSING,3,NO INDICATION OF INJURY,0,0,41.8226665587,-87.6070015331,60653,"CHICAGO MIDWAY AIRPORT, IL US",73.0,57.0,57.0,0.0,10.0,0.0
crash_03519,2018-05-12 13:00:00,2018,5,May,Sat,13,Daytime,30,NO CONTROLS,CLEAR,DAYLIGHT,SIDESWIPE SAME DIRECTION,NOT DIVIDED,DRY,NO INJURY / DRIVE AWAY,,,"OVER $1,500",UNABLE TO DETERMINE,2,NO INDICATION OF INJURY,0,0,41.8673414957,-87.6414141413,60607,"CHICAGO MIDWAY AIRPORT, IL US",52.0,45.0,77.0,0.0,8.0,13.0
crash_03520,2023-09-17 12:30:00,2023,9,Sep,Sun,12,Daytime,15,STOP SIGN/FLASHER,RAIN,DAYLIGHT,FIXED OBJECT,PARKING LOT,WET,NO INJURY / DRIVE AWAY,,,"OVER $1,500",FAILING TO YIELD RIGHT-OF-WAY,1,NO INDICATION OF INJURY,0,0,,,,,,,,,,
crash_03521,2023-06-27 17:25:00,2023,6,Jun,Tue,17,Evening commute,30,NO CONTROLS,CLEAR,DAYLIGHT,REAR END,NOT DIVIDED,DRY,NO INJURY / DRIVE AWAY,,,"$501 - $1,500",FOLLOWING TOO CLOSELY,2,NO INDICATION OF INJURY,0,0,41.9692610412,-87.8069957216,60656,"CHICAGO OHARE INTERNATIONAL AIRPORT, IL US",72.0,55.0,55.0,0.0,1.5,8.0
crash_03522,2024-01-17 14:15:00,2024,1,Jan,Wed,14,Daytime,30,NO CONTROLS,CLEAR,DAYLIGHT,REAR END,NOT DIVIDED,DRY,NO INJURY / DRIVE AWAY,,,"$501 - $1,500",UNABLE TO DETERMINE,2,NO INDICATION OF INJURY,0,0,41.9583209982,-87.7080064985,60618,"CHICAGO OHARE INTERNATIONAL AIRPORT, IL US",17.0,6.0,62.0,0.0,10.0,13.0
crash_03523,2019-11-08 19:00:00,2019,11,Nov,Fri,19,Night or early morning,30,NO CONTROLS,CLEAR,DARKNESS,PEDALCYCLIST,DIVIDED - W/MEDIAN (NOT RAISED),DRY,NO INJURY / DRIVE AWAY,,,$500 OR LESS,UNABLE TO DETERMINE,2,NO INDICATION OF INJURY,0,0,41.9085601354,-87.6464526857,60610,"CHICAGO MIDWAY AIRPORT, IL US",29.0,8.0,41.0,0.0,10.0,9.0
crash_03524,2018-11-01 21:30:00,2018,11,Nov,Thu,21,Night or early morning,30,NO CONTROLS,CLEAR,"DARKNESS, LIGHTED ROAD",REAR END,DIVIDED - W/MEDIAN (NOT RAISED),DRY,NO INJURY / DRIVE AWAY,,,"$501 - $1,500",UNABLE TO DETERMINE,2,NO INDICATION OF INJURY,0,0,42.0017114678,-87.6608982407,60626,"CHICAGO OHARE INTERNATIONAL AIRPORT, IL US",46.0,35.0,66.0,0.0,10.0,15.0
crash_03525,2023-12-09 14:30:00,2023,12,Dec,Sat,14,Daytime,25,NO CONTROLS,CLEAR,DAYLIGHT,PEDALCYCLIST,NOT DIVIDED,DRY,INJURY AND / OR TOW DUE TO CRASH,,,$500 OR LESS,IMPROPER OVERTAKING/PASSING,2,"REPORTED, NOT EVIDENT",1,0,41.961398949,-87.6923267696,60625,"CHICAGO OHARE INTERNATIONAL AIRPORT, IL US",44.0,31.0,60.0,0.0,10.0,16.0
crash_03526,2020-01-04 22:00:00,2020,1,Jan,Sat,22,Night or early morning,30,TRAFFIC SIGNAL,CLEAR,"DARKNESS, LIGHTED ROAD",TURNING,NOT DIVIDED,DRY,NO INJURY / DRIVE AWAY,true,,"$501 - $1,500",IMPROPER TURNING/NO SIGNAL,2,NO INDICATION OF INJURY,0,0,41.8856101967,-87.6398020091,60606,"CHICAGO MIDWAY AIRPORT, IL US",29.0,21.0,72.0,0.0,10.0,11.0
crash_03527,2023-09-24 19:00:00,2023,9,Sep,Sun,19,Night or early morning,30,NO CONTROLS,CLEAR,"DARKNESS, LIGHTED ROAD",PARKED MOTOR VEHICLE,NOT DIVIDED,DRY,INJURY AND / OR TOW DUE TO CRASH,,,"OVER $1,500",UNABLE TO DETERMINE,2,NONINCAPACITATING INJURY,1,0,41.8783616514,-87.7133756618,60624,"CHICAGO MIDWAY AIRPORT, IL US",72.0,60.0,66.0,0.0,10.0,8.0