crash_id,crash_datetime,crash_year,crash_month,crash_month_name,crash_weekday_name,crash_hour,time_period,posted_speed_limit_mph,traffic_control_device,reported_weather_condition,reported_lighting_condition,first_crash_type,trafficway_type,reported_road_surface_condition,crash_type,intersection_related,hit_and_run,estimated_damage,primary_contributory_cause,unit_count,most_severe_injury,injuries_total,injuries_fatal,latitude,longitude,zip5,weather_station_name,temperature_f,dew_point_f,relative_humidity_percent,precipitation_inches,visibility_miles,wind_speed_mph
crash_03528,2024-10-12 15:25:00,2024,10,Oct,Sat,15,Evening commute,30,TRAFFIC SIGNAL,CLEAR,DAYLIGHT,ANGLE,NOT DIVIDED,DRY,INJURY AND / OR TOW DUE TO CRASH,true,,"OVER $1,500",FAILING TO YIELD RIGHT-OF-WAY,2,"REPORTED, NOT EVIDENT",1,0,41.9317700477,-87.7368781028,60641,"CHICAGO OHARE INTERNATIONAL AIRPORT, IL US",66.0,53.0,63.0,0.0,10.0,13.0
crash_03529,2021-06-16 12:00:00,2021,6,Jun,Wed,12,Daytime,25,NO CONTROLS,CLEAR,DAYLIGHT,ANGLE,ONE-WAY,DRY,NO INJURY / DRIVE AWAY,,,"OVER $1,500",UNABLE TO DETERMINE,2,NO INDICATION OF INJURY,0,0,41.7989733203,-87.686475356,60632,"CHICAGO MIDWAY AIRPORT, IL US",74.0,43.0,33.0,0.0,10.0,6.0
crash_03530,2018-03-20 07:00:00,2018,3,Mar,Tue,7,Morning commute,0,NO CONTROLS,CLEAR,DAYLIGHT,PARKED MOTOR VEHICLE,ONE-WAY,DRY,NO INJURY / DRIVE AWAY,,true,"OVER $1,500",UNABLE TO DETERMINE,2,NO INDICATION OF INJURY,0,0,41.8939710017,-87.703899251,60612,"CHICAGO MIDWAY AIRPORT, IL US",29.0,21.0,72.0,0.0,10.0,16.0
crash_03531,2019-02-07 12:40:00,2019,2,Feb,Thu,12,Daytime,30,NO CONTROLS,RAIN,DAYLIGHT,REAR END,NOT DIVIDED,WET,NO INJURY / DRIVE AWAY,,true,$500 OR LESS,IMPROPER BACKING,2,NO INDICATION OF INJURY,0,0,41.9068416913,-87.6701697386,60622,"CHICAGO MIDWAY AIRPORT, IL US",41.0,41.0,100.0,0.03,1.0,0.0
crash_03532,2024-09-07 00:19:00,2024,9,Sep,Sat,0,Night or early morning,30,STOP SIGN/FLASHER,CLEAR,DUSK,FIXED OBJECT,FOUR WAY,DRY,INJURY AND / OR TOW DUE TO CRASH,,,"OVER $1,500",UNABLE TO DETERMINE,1,NONINCAPACITATING INJURY,1,0,41.7509516446,-87.6182306248,60619,"CHICAGO MIDWAY AIRPORT, IL US",60.0,45.0,58.0,0.0,10.0,13.0
crash_03533,2025-04-25 17:55:00,2025,4,Apr,Fri,17,Evening commute,30,NO CONTROLS,CLEAR,DAYLIGHT,REAR END,DIVIDED - W/MEDIAN (NOT RAISED),DRY,INJURY AND / OR TOW DUE TO CRASH,,,"OVER $1,500",FOLLOWING TOO CLOSELY,2,NONINCAPACITATING INJURY,1,0,41.9567548713,-87.7128548437,60618,"CHICAGO OHARE INTERNATIONAL AIRPORT, IL US",54.0,42.0,64.0,0.0,10.0,17.0
crash_03534,2022-10-28 11:40:00,2022,10,Oct,Fri,11,Daytime,30,TRAFFIC SIGNAL,CLEAR,DAYLIGHT,ANGLE,T-INTERSECTION,DRY,INJURY AND / OR TOW DUE TO CRASH,,true,"OVER $1,500",DISREGARDING OTHER TRAFFIC SIGNS,2,NO INDICATION OF INJURY,0,0,41.8735219226,-87.7158048849,60624,"CHICAGO MIDWAY AIRPORT, IL US",58.0,38.0,48.0,0.0,10.0,3.0
crash_03535,2018-09-16 21:45:00,2018,9,Sep,Sun,21,Night or early morning,15,NO CONTROLS,CLEAR,"DARKNESS, LIGHTED ROAD",PARKED MOTOR VEHICLE,PARKING LOT,DRY,NO INJURY / DRIVE AWAY,,,"$501 - $1,500",IMPROPER BACKING,2,NO INDICATION OF INJURY,0,0,41.6991936006,-87.5351347558,60617,"CHICAGO MIDWAY AIRPORT, IL US",76.0,64.0,67.0,0.0,10.0,9.0
crash_03536,2020-05-15 05:50:00,2020,5,May,Fri,5,Night or early morning,45,NO CONTROLS,RAIN,DAWN,REAR END,DIVIDED - W/MEDIAN (NOT RAISED),WET,INJURY AND / OR TOW DUE TO CRASH,,,"OVER $1,500",FOLLOWING TOO CLOSELY,2,"REPORTED, NOT EVIDENT",1,0,41.9537660771,-87.9141970727,60666,"CHICAGO OHARE INTERNATIONAL AIRPORT, IL US",62.0,60.0,93.0,0.0,8.0,6.0
crash_03537,2018-09-21 17:15:00,2018,9,Sep,Fri,17,Evening commute,25,NO CONTROLS,CLEAR,DAYLIGHT,REAR END,DIVIDED - W/MEDIAN (NOT RAISED),DRY,NO INJURY / DRIVE AWAY,,,"OVER $1,500",FOLLOWING TOO CLOSELY,2,NO INDICATION OF INJURY,0,0,41.8911504963,-87.6312602843,60654,"CHICAGO MIDWAY AIRPORT, IL US",71.0,50.0,47.0,0.0,10.0,15.0
crash_03538,2022-07-17 21:30:00,2022,7,Jul,Sun,21,Night or early morning,30,NO CONTROLS,UNKNOWN,UNKNOWN,PARKED MOTOR VEHICLE,ONE-WAY,UNKNOWN,NO INJURY / DRIVE AWAY,,true,"$501 - $1,500",UNABLE TO DETERMINE,2,NO INDICATION OF INJURY,0,0,41.8524369136,-87.7075618985,60623,"CHICAGO MIDWAY AIRPORT, IL US",75.0,66.0,74.0,0.0,10.0,7.0
crash_03539,2018-09-08 14:01:00,2018,9,Sep,Sat,14,Daytime,30,TRAFFIC SIGNAL,CLEAR,DAYLIGHT,SIDESWIPE SAME DIRECTION,DIVIDED - W/MEDIAN (NOT RAISED),DRY,NO INJURY / DRIVE AWAY,false,true,"OVER $1,500",IMPROPER OVERTAKING/PASSING,2,NO INDICATION OF INJURY,0,0,41.8229542941,-87.685012986,60632,"CHICAGO MIDWAY AIRPORT, IL US",68.0,54.0,61.0,0.0,10.0,14.0
crash_03540,2025-08-02 17:30:00,2025,8,Aug,Sat,17,Evening commute,30,STOP SIGN/FLASHER,CLEAR,DAYLIGHT,ANGLE,NOT DIVIDED,DRY,INJURY AND / OR TOW DUE TO CRASH,,,"OVER $1,500",NOT APPLICABLE,2,NO INDICATION OF INJURY,0,0,41.7851214761,-87.7814804139,60638,"CHICAGO MIDWAY AIRPORT, IL US",77.0,48.0,36.0,0.0,10.0,8.0
crash_03541,2018-10-03 07:20:00,2018,10,Oct,Wed,7,Morning commute,30,NO CONTROLS,CLEAR,DAYLIGHT,SIDESWIPE SAME DIRECTION,DIVIDED - W/MEDIAN (NOT RAISED),DRY,NO INJURY / DRIVE AWAY,,,"OVER $1,500",FAILING TO YIELD RIGHT-OF-WAY,2,NO INDICATION OF INJURY,0,0,41.784164473,-87.606162911,60637,"CHICAGO MIDWAY AIRPORT, IL US",64.0,60.0,87.0,0.0,8.0,8.0
crash_03542,2020-09-09 17:44:00,2020,9,Sep,Wed,17,Evening commute,30,TRAFFIC SIGNAL,CLEAR,DAYLIGHT,TURNING,FOUR WAY,DRY,INJURY AND / OR TOW DUE TO CRASH,true,,"OVER $1,500",FAILING TO YIELD RIGHT-OF-WAY,2,NO INDICATION OF INJURY,0,0,41.7866541783,-87.6645391577,60636,"CHICAGO MIDWAY AIRPORT, IL US",64.0,59.0,84.0,0.0,9.0,9.0
crash_03543,2023-05-18 19:00:00,2023,5,May,Thu,19,Night or early morning,30,NO CONTROLS,CLEAR,DAYLIGHT,PARKED MOTOR VEHICLE,NOT DIVIDED,DRY,INJURY AND / OR TOW DUE TO CRASH,,true,"OVER $1,500",UNABLE TO DETERMINE,2,NO INDICATION OF INJURY,0,0,41.6979876725,-87.6210173645,60628,"CHICAGO MIDWAY AIRPORT, IL US",70.0,34.0,27.0,0.0,10.0,9.0
crash_03544,2024-02-01 08:40:00,2024,2,Feb,Thu,8,Morning commute,35,NO CONTROLS,CLEAR,DAYLIGHT,SIDESWIPE SAME DIRECTION,DIVIDED - W/MEDIAN (NOT RAISED),DRY,INJURY AND / OR TOW DUE TO CRASH,,,"OVER $1,500",FAILING TO YIELD RIGHT-OF-WAY,2,NO INDICATION OF INJURY,0,0,41.8804305291,-87.7415780011,60644,"CHICAGO MIDWAY AIRPORT, IL US",41.0,34.0,76.0,0.0,10.0,8.0
crash_03545,2018-12-27 16:35:00,2018,12,Dec,Thu,16,Evening commute,30,NO CONTROLS,RAIN,"DARKNESS, LIGHTED ROAD",TURNING,DIVIDED - W/MEDIAN (NOT RAISED),WET,NO INJURY / DRIVE AWAY,,true,"$501 - $1,500",FAILING TO YIELD RIGHT-OF-WAY,2,NO INDICATION OF INJURY,0,0,41.7717350987,-87.7419233957,60629,"CHICAGO MIDWAY AIRPORT, IL US",50.0,47.0,89.0,0.0,10.0,16.0
crash_03546,2022-11-02 14:15:00,2022,11,Nov,Wed,14,Daytime,30,STOP SIGN/FLASHER,CLEAR,DAYLIGHT,ANGLE,FOUR WAY,DRY,NO INJURY / DRIVE AWAY,,,"OVER $1,500",DRIVING SKILLS/KNOWLEDGE/EXPERIENCE,2,NO INDICATION OF INJURY,0,0,41.7801680427,-87.6145559297,60637,"CHICAGO MIDWAY AIRPORT, IL US",72.0,50.0,46.0,0.0,10.0,11.0
crash_03547,2019-12-22 17:45:00,2019,12,Dec,Sun,17,Evening commute,35,UNKNOWN,CLEAR,UNKNOWN,REAR TO FRONT,UNKNOWN,DRY,NO INJURY / DRIVE AWAY,,,$500 OR LESS,UNABLE TO DETERMINE,2,NO INDICATION OF INJURY,0,0,41.7930282961,-87.7328135219,60629,"CHICAGO MIDWAY AIRPORT, IL US",47.0,34.0,61.0,0.0,10.0,10.0
crash_03548,2022-09-05 22:30:00,2022,9,Sep,Mon,22,Night or early morning,30,NO CONTROLS,CLEAR,"DARKNESS, LIGHTED ROAD",PARKED MOTOR VEHICLE,NOT DIVIDED,DRY,NO INJURY / DRIVE AWAY,,,"OVER $1,500",DRIVING SKILLS/KNOWLEDGE/EXPERIENCE,3,NO INDICATION OF INJURY,0,0,41.8661855223,-87.6542317356,60608,"CHICAGO MIDWAY AIRPORT, IL US",72.0,63.0,73.0,,10.0,8.0
crash_03549,2022-07-29 17:05:00,2022,7,Jul,Fri,17,Evening commute,30,NO CONTROLS,CLEAR,DAYLIGHT,SIDESWIPE SAME DIRECTION,ONE-WAY,DRY,NO INJURY / DRIVE AWAY,,,"OVER $1,500",FAILING TO YIELD RIGHT-OF-WAY,2,NO INDICATION OF INJURY,0,0,41.8821131691,-87.6772361706,60612,"CHICAGO MIDWAY AIRPORT, IL US",80.0,53.0,39.0,0.0,10.0,16.0
crash_03550,2021-03-02 15:25:00,2021,3,Mar,Tue,15,Evening commute,30,NO CONTROLS,CLEAR,DAYLIGHT,PARKED MOTOR VEHICLE,NOT DIVIDED,DRY,NO INJURY / DRIVE AWAY,,true,$500 OR LESS,UNABLE TO DETERMINE,2,NO INDICATION OF INJURY,0,0,41.873961037,-87.6308044523,60605,"CHICAGO MIDWAY AIRPORT, IL US",43.0,25.0,49.0,0.0,10.0,14.0
crash_03551,2023-03-05 10:15:00,2023,3,Mar,Sun,10,Daytime,30,STOP SIGN/FLASHER,CLEAR,DAYLIGHT,TURNING,DIVIDED - W/MEDIAN (NOT RAISED),DRY,NO INJURY / DRIVE AWAY,,,"OVER $1,500",IMPROPER TURNING/NO SIGNAL,2,NO INDICATION OF INJURY,0,0,41.7718007954,-87.7017858374,60629,"CHICAGO MIDWAY AIRPORT, IL US",42.0,31.0,65.0,0.0,10.0,8.0
crash_03552,2024-04-03 14:51:00,2024,4,Apr,Wed,14,Daytime,30,NO CONTROLS,RAIN,DAYLIGHT,ANGLE,NOT DIVIDED,WET,NO INJURY / DRIVE AWAY,,,"OVER $1,500",DISREGARDING TRAFFIC SIGNALS,2,NO INDICATION OF INJURY,0,0,41.8362198921,-87.6658540091,60608,"CHICAGO MIDWAY AIRPORT, IL US",39.0,34.0,82.0,0.01,5.0,20.0
crash_03553,2020-12-25 20:00:00,2020,12,Dec,Fri,20,Night or early morning,30,TRAFFIC SIGNAL,CLEAR,"DARKNESS, LIGHTED ROAD",REAR END,FOUR WAY,DRY,NO INJURY / DRIVE AWAY,,,$500 OR LESS,UNABLE TO DETERMINE,2,NO INDICATION OF INJURY,0,0,41.7722402787,-87.6544543702,60636,"CHICAGO MIDWAY AIRPORT, IL US",20.0,5.0,52.0,0.0,10.0,16.0
crash_03554,2020-12-05 20:06:00,2020,12,Dec,Sat,20,Night or early morning,10,NO CONTROLS,UNKNOWN,UNKNOWN,PARKED MOTOR VEHICLE,PARKING LOT,DRY,NO INJURY / DRIVE AWAY,,,"$501 - $1,500",IMPROPER OVERTAKING/PASSING,2,NO INDICATION OF INJURY,0,0,41.8833203274,-87.6341572413,60606,"CHICAGO MIDWAY AIRPORT, IL US",36.0,25.0,64.0,0.0,10.0,5.0
crash_03555,2022-01-02 19:00:00,2022,1,Jan,Sun,19,Night or early morning,40,NO CONTROLS,SNOW,"DARKNESS, LIGHTED ROAD",FIXED OBJECT,DIVIDED - W/MEDIAN BARRIER,SNOW OR SLUSH,NO INJURY / DRIVE AWAY,,,"OVER $1,500",DRIVING SKILLS/KNOWLEDGE/EXPERIENCE,1,NO INDICATION OF INJURY,0,0,41.9855567666,-87.6533614803,60660,"CHICAGO OHARE INTERNATIONAL AIRPORT, IL US",20.0,13.0,74.0,0.0,10.0,8.0
crash_03556,2018-12-08 12:30:00,2018,12,Dec,Sat,12,Daytime,30,NO CONTROLS,CLEAR,"DARKNESS, LIGHTED ROAD",PARKED MOTOR VEHICLE,NOT DIVIDED,DRY,NO INJURY / DRIVE AWAY,,true,"OVER $1,500",UNABLE TO DETERMINE,2,NO INDICATION OF INJURY,0,0,41.9235324582,-87.6981395642,60647,"CHICAGO MIDWAY AIRPORT, IL US",29.0,16.0,58.0,0.0,10.0,0.0
crash_03557,2024-11-22 16:26:00,2024,11,Nov,Fri,16,Evening commute,35,NO CONTROLS,CLEAR,"DARKNESS, LIGHTED ROAD",PARKED MOTOR VEHICLE,DIVIDED - W/MEDIAN (NOT RAISED),DRY,NO INJURY / DRIVE AWAY,,,"OVER $1,500",IMPROPER LANE USAGE,2,NO INDICATION OF INJURY,0,0,41.8164044186,-87.6847943753,60632,"CHICAGO MIDWAY AIRPORT, IL US",47.0,37.0,69.0,0.0,10.0,14.0
crash_03558,2018-05-10 08:15:00,2018,5,May,Thu,8,Morning commute,10,NO CONTROLS,CLEAR,DAYLIGHT,ANGLE,PARKING LOT,DRY,NO INJURY / DRIVE AWAY,,,"OVER $1,500",UNABLE TO DETERMINE,2,NO INDICATION OF INJURY,0,0,41.9904287615,-87.711183885,60659,"CHICAGO OHARE INTERNATIONAL AIRPORT, IL US",62.0,53.0,73.0,,10.0,14.0
crash_03559,2020-06-13 12:34:00,2020,6,Jun,Sat,12,Daytime,30,TRAFFIC SIGNAL,CLEAR,DAYLIGHT,SIDESWIPE SAME DIRECTION,NOT DIVIDED,DRY,NO INJURY / DRIVE AWAY,,,"$501 - $1,500",UNABLE TO DETERMINE,2,NO INDICATION OF INJURY,0,0,41.8010777578,-87.6941496214,60632,"CHICAGO MIDWAY AIRPORT, IL US",65.0,50.0,59.0,0.0,10.0,11.0
crash_03560,2021-01-02 13:00:00,2021,1,Jan,Sat,13,Daytime,15,UNKNOWN,UNKNOWN,DAYLIGHT,FIXED OBJECT,ALLEY,UNKNOWN,NO INJURY / DRIVE AWAY,,true,"OVER $1,500",UNABLE TO DETERMINE,1,NO INDICATION OF INJURY,0,0,41.7100150557,-87.6228896157,60628,"CHICAGO MIDWAY AIRPORT, IL US",35.0,29.0,78.0,0.0,10.0,5.0
crash_03561,2019-01-15 20:45:00,2019,1,Jan,Tue,20,Night or early morning,30,STOP SIGN/FLASHER,CLEAR,"DARKNESS, LIGHTED ROAD",SIDESWIPE SAME DIRECTION,DIVIDED - W/MEDIAN (NOT RAISED),DRY,INJURY AND / OR TOW DUE TO CRASH,true,,"OVER $1,500",FAILING TO YIELD RIGHT-OF-WAY,2,NO INDICATION OF INJURY,0,0,41.9285462008,-87.7466192905,60639,"CHICAGO OHARE INTERNATIONAL AIRPORT, IL US",30.0,28.0,92.0,0.0,7.0,14.0
crash_03562,2025-12-30 19:47:00,2025,12,Dec,Tue,19,Night or early morning,30,TRAFFIC SIGNAL,SNOW,"DARKNESS, LIGHTED ROAD",TURNING,DIVIDED - W/MEDIAN (NOT RAISED),SNOW OR SLUSH,NO INJURY / DRIVE AWAY,true,,"OVER $1,500",UNABLE TO DETERMINE,2,NO INDICATION OF INJURY,0,0,41.9112496561,-87.6333002484,60614,,,,,,,
crash_03563,2025-08-22 08:15:00,2025,8,Aug,Fri,8,Morning commute,30,TRAFFIC SIGNAL,CLEAR,DAYLIGHT,SIDESWIPE SAME DIRECTION,NOT DIVIDED,DRY,NO INJURY / DRIVE AWAY,,true,"OVER $1,500",IMPROPER OVERTAKING/PASSING,2,NO INDICATION OF INJURY,0,0,41.8958400007,-87.6746688362,60622,"CHICAGO MIDWAY AIRPORT, IL US",71.0,64.0,79.0,,10.0,0.0
crash_03564,2019-12-20 00:14:00,2019,12,Dec,Fri,0,Night or early morning,30,UNKNOWN,CLEAR,"DARKNESS, LIGHTED ROAD",PARKED MOTOR VEHICLE,NOT DIVIDED,UNKNOWN,NO INJURY / DRIVE AWAY,,,"$501 - $1,500",UNABLE TO DETERMINE,2,NO INDICATION OF INJURY,0,0,41.9443556889,-87.727484753,60641,"CHICAGO OHARE INTERNATIONAL AIRPORT, IL US",26.0,23.0,88.0,0.0,6.0,0.0
crash_03565,2018-03-07 09:45:00,2018,3,Mar,Wed,9,Morning commute,30,NO CONTROLS,CLEAR,DAYLIGHT,REAR END,DIVIDED - W/MEDIAN (NOT RAISED),DRY,INJURY AND / OR TOW DUE TO CRASH,,,"OVER $1,500",FOLLOWING TOO CLOSELY,2,NO INDICATION OF INJURY,0,0,41.7568763948,-87.7223217383,60652,"CHICAGO MIDWAY AIRPORT, IL US",32.0,20.0,61.0,0.0,10.0,14.0
crash_03566,2023-04-17 16:35:00,2023,4,Apr,Mon,16,Evening commute,25,TRAFFIC SIGNAL,CLEAR,DAYLIGHT,TURNING,NOT DIVIDED,DRY,INJURY AND / OR TOW DUE TO CRASH,true,,"$501 - $1,500",FAILING TO YIELD RIGHT-OF-WAY,2,NONINCAPACITATING INJURY,1,0,41.7926452812,-87.7621532655,60638,"CHICAGO MIDWAY AIRPORT, IL US",38.0,26.0,62.0,0.0,10.0,20.0
crash_03567,2019-08-20 17:15:00,2019,8,Aug,Tue,17,Evening commute,30,TRAFFIC SIGNAL,CLEAR,DAYLIGHT,REAR END,NOT DIVIDED,DRY,NO INJURY / DRIVE AWAY,false,,"OVER $1,500",FOLLOWING TOO CLOSELY,2,NO INDICATION OF INJURY,0,0,41.9172810885,-87.7078566046,60647,"CHICAGO MIDWAY AIRPORT, IL US",75.0,68.0,79.0,0.0,10.0,5.0
crash_03568,2024-11-26 02:15:00,2024,11,Nov,Tue,2,Night or early morning,25,NO CONTROLS,CLEAR,"DARKNESS, LIGHTED ROAD",SIDESWIPE SAME DIRECTION,ONE-WAY,OTHER,NO INJURY / DRIVE AWAY,,true,"OVER $1,500",UNABLE TO DETERMINE,2,NO INDICATION OF INJURY,0,0,41.9219789361,-87.7092155142,60647,"CHICAGO MIDWAY AIRPORT, IL US",33.0,24.0,70.0,0.0,10.0,13.0
crash_03569,2022-03-07 08:30:00,2022,3,Mar,Mon,8,Morning commute,30,TRAFFIC SIGNAL,SNOW,DAYLIGHT,SIDESWIPE SAME DIRECTION,FOUR WAY,WET,INJURY AND / OR TOW DUE TO CRASH,,,"OVER $1,500",UNABLE TO DETERMINE,2,NO INDICATION OF INJURY,0,0,41.895049038,-87.7459555163,60651,"CHICAGO MIDWAY AIRPORT, IL US",34.0,30.0,85.0,0.0,3.0,11.0
crash_03570,2018-10-15 01:05:00,2018,10,Oct,Mon,1,Night or early morning,30,NO CONTROLS,RAIN,"DARKNESS, LIGHTED ROAD",PARKED MOTOR VEHICLE,ONE-WAY,WET,NO INJURY / DRIVE AWAY,,,"OVER $1,500",DRIVING SKILLS/KNOWLEDGE/EXPERIENCE,3,NO INDICATION OF INJURY,0,0,41.9074822866,-87.7076443566,60651,"CHICAGO MIDWAY AIRPORT, IL US",47.0,43.0,86.0,0.0,6.0,6.0
crash_03571,2018-09-20 07:30:00,2018,9,Sep,Thu,7,Morning commute,20,TRAFFIC SIGNAL,CLEAR,DAYLIGHT,REAR END,NOT DIVIDED,DRY,INJURY AND / OR TOW DUE TO CRASH,true,false,"OVER $1,500",FAILING TO REDUCE SPEED TO AVOID CRASH,3,"REPORTED, NOT EVIDENT",4,0,41.7503404373,-87.6731968977,60620,"CHICAGO MIDWAY AIRPORT, IL US",72.0,67.0,84.0,0.0,7.0,0.0
crash_03572,2020-08-07 12:55:00,2020,8,Aug,Fri,12,Daytime,25,STOP SIGN/FLASHER,CLEAR,DAYLIGHT,PARKED MOTOR VEHICLE,NOT DIVIDED,DRY,NO INJURY / DRIVE AWAY,,,"OVER $1,500",UNABLE TO DETERMINE,2,NO INDICATION OF INJURY,0,0,41.8132232438,-87.7421053266,60632,"CHICAGO MIDWAY AIRPORT, IL US",81.0,55.0,41.0,0.0,10.0,9.0
crash_03573,2025-08-21 07:00:00,2025,8,Aug,Thu,7,Morning commute,30,NO CONTROLS,CLEAR,DAYLIGHT,PARKED MOTOR VEHICLE,DIVIDED - W/MEDIAN BARRIER,DRY,INJURY AND / OR TOW DUE TO CRASH,,,"OVER $1,500",DISTRACTION - FROM OUTSIDE VEHICLE,2,NO INDICATION OF INJURY,0,0,41.9296662631,-87.6681555585,60614,"CHICAGO MIDWAY AIRPORT, IL US",68.0,64.0,87.0,0.0,10.0,7.0
crash_03574,2024-10-18 10:00:00,2024,10,Oct,Fri,10,Daytime,30,STOP SIGN/FLASHER,CLEAR,DAYLIGHT,ANGLE,FOUR WAY,DRY,INJURY AND / OR TOW DUE TO CRASH,true,,"OVER $1,500",FAILING TO YIELD RIGHT-OF-WAY,2,"REPORTED, NOT EVIDENT",1,0,41.9506558511,-87.7572142233,60641,"CHICAGO OHARE INTERNATIONAL AIRPORT, IL US",56.0,36.0,47.0,0.0,10.0,9.0
crash_03575,2021-07-04 23:40:00,2021,7,Jul,Sun,23,Night or early morning,30,TRAFFIC SIGNAL,CLEAR,"DARKNESS, LIGHTED ROAD",ANGLE,FOUR WAY,DRY,NO INJURY / DRIVE AWAY,,true,"OVER $1,500",DISREGARDING TRAFFIC SIGNALS,2,NO INDICATION OF INJURY,0,0,41.8624361444,-87.7249094531,60623,"CHICAGO MIDWAY AIRPORT, IL US",78.0,67.0,69.0,0.0,9.0,9.0
crash_03576,2020-10-04 11:25:00,2020,10,Oct,Sun,11,Daytime,30,STOP SIGN/FLASHER,CLEAR,DAYLIGHT,REAR END,DIVIDED - W/MEDIAN (NOT RAISED),DRY,INJURY AND / OR TOW DUE TO CRASH,false,,"OVER $1,500",DISREGARDING TRAFFIC SIGNALS,2,"REPORTED, NOT EVIDENT",1,0,41.9904340281,-87.7138524198,60659,"CHICAGO OHARE INTERNATIONAL AIRPORT, IL US",52.0,37.0,57.0,0.0,10.0,16.0
crash_03577,2020-06-03 14:45:00,2020,6,Jun,Wed,14,Daytime,30,TRAFFIC SIGNAL,CLEAR,DAYLIGHT,REAR END,DIVIDED - W/MEDIAN BARRIER,DRY,NO INJURY / DRIVE AWAY,,true,$500 OR LESS,FOLLOWING TOO CLOSELY,2,NO INDICATION OF INJURY,0,0,41.7941318845,-87.6647361125,60609,"CHICAGO MIDWAY AIRPORT, IL US",83.0,61.0,48.0,0.0,10.0,0.0
crash_03578,2022-09-18 18:00:00,2022,9,Sep,Sun,18,Evening commute,20,NO CONTROLS,CLEAR,DAYLIGHT,SIDESWIPE OPPOSITE DIRECTION,NOT DIVIDED,DRY,NO INJURY / DRIVE AWAY,,,"$501 - $1,500",UNABLE TO DETERMINE,2,NO INDICATION OF INJURY,0,0,41.7673577349,-87.6664608068,60636,"CHICAGO MIDWAY AIRPORT, IL US",86.0,63.0,46.0,0.0,10.0,9.0
crash_03579,2021-08-02 01:10:00,2021,8,Aug,Mon,1,Night or early morning,25,NO CONTROLS,CLEAR,"DARKNESS, LIGHTED ROAD",PARKED MOTOR VEHICLE,NOT DIVIDED,DRY,INJURY AND / OR TOW DUE TO CRASH,,,"OVER $1,500",EQUIPMENT - VEHICLE CONDITION,2,NO INDICATION OF INJURY,0,0,41.7519415185,-87.6734100508,60620,"CHICAGO MIDWAY AIRPORT, IL US",64.0,55.0,73.0,0.0,10.0,7.0
crash_03580,2020-06-17 21:06:00,2020,6,Jun,Wed,21,Night or early morning,30,NO CONTROLS,CLEAR,DARKNESS,SIDESWIPE SAME DIRECTION,NOT DIVIDED,DRY,NO INJURY / DRIVE AWAY,,true,"OVER $1,500",IMPROPER OVERTAKING/PASSING,2,NO INDICATION OF INJURY,0,0,41.8340469783,-87.6804198158,60608,"CHICAGO MIDWAY AIRPORT, IL US",77.0,51.0,40.0,0.0,10.0,7.0
crash_03581,2022-01-28 05:15:00,2022,1,Jan,Fri,5,Night or early morning,30,NO CONTROLS,SNOW,DAYLIGHT,ANGLE,NOT DIVIDED,SNOW OR SLUSH,INJURY AND / OR TOW DUE TO CRASH,,true,"OVER $1,500",IMPROPER BACKING,2,NO INDICATION OF INJURY,0,0,41.9388689042,-87.7568432847,60641,"CHICAGO OHARE INTERNATIONAL AIRPORT, IL US",17.0,12.0,80.0,0.0,1.75,13.0
crash_03582,2023-08-05 15:37:00,2023,8,Aug,Sat,15,Evening commute,30,UNKNOWN,UNKNOWN,UNKNOWN,REAR END,NOT DIVIDED,UNKNOWN,NO INJURY / DRIVE AWAY,,true,$500 OR LESS,UNABLE TO DETERMINE,2,NO INDICATION OF INJURY,0,0,42.0163284915,-87.6753982688,60626,"CHICAGO OHARE INTERNATIONAL AIRPORT, IL US",75.0,68.0,79.0,0.0,9.0,14.0
crash_03583,2024-01-11 12:30:00,2024,1,Jan,Thu,12,Daytime,30,UNKNOWN,CLEAR,DAYLIGHT,SIDESWIPE SAME DIRECTION,UNKNOWN,UNKNOWN,NO INJURY / DRIVE AWAY,,,"OVER $1,500",IMPROPER OVERTAKING/PASSING,2,NO INDICATION OF INJURY,0,0,41.9856410954,-87.6553885441,60660,"CHICAGO OHARE INTERNATIONAL AIRPORT, IL US",31.0,24.0,76.0,0.0,10.0,6.0
crash_03584,2023-03-24 06:36:00,2023,3,Mar,Fri,6,Morning commute,30,NO CONTROLS,CLOUDY/OVERCAST,DAWN,PARKED MOTOR VEHICLE,ONE-WAY,DRY,NO INJURY / DRIVE AWAY,,,"$501 - $1,500",IMPROPER TURNING/NO SIGNAL,2,NO INDICATION OF INJURY,0,0,41.9018398616,-87.7534620103,60651,"CHICAGO MIDWAY AIRPORT, IL US",38.0,32.0,79.0,0.0,10.0,10.0
crash_03585,2018-02-20 15:00:00,2018,2,Feb,Tue,15,Evening commute,35,TRAFFIC SIGNAL,RAIN,DUSK,ANGLE,NOT DIVIDED,WET,NO INJURY / DRIVE AWAY,,,"OVER $1,500",DRIVING SKILLS/KNOWLEDGE/EXPERIENCE,2,NO INDICATION OF INJURY,0,0,41.9319132731,-87.7259805673,60618,"CHICAGO MIDWAY AIRPORT, IL US",56.0,55.0,97.0,0.13,6.0,8.0