crash_id,crash_datetime,crash_year,crash_month,crash_month_name,crash_weekday_name,crash_hour,time_period,posted_speed_limit_mph,traffic_control_device,reported_weather_condition,reported_lighting_condition,first_crash_type,trafficway_type,reported_road_surface_condition,crash_type,intersection_related,hit_and_run,estimated_damage,primary_contributory_cause,unit_count,most_severe_injury,injuries_total,injuries_fatal,latitude,longitude,zip5,weather_station_name,temperature_f,dew_point_f,relative_humidity_percent,precipitation_inches,visibility_miles,wind_speed_mph
crash_03586,2019-07-16 11:02:00,2019,7,Jul,Tue,11,Daytime,30,TRAFFIC SIGNAL,CLEAR,DAYLIGHT,SIDESWIPE SAME DIRECTION,NOT DIVIDED,DRY,NO INJURY / DRIVE AWAY,,,"$501 - $1,500",UNABLE TO DETERMINE,2,NO INDICATION OF INJURY,0,0,41.8963837585,-87.6414916967,60654,"CHICAGO MIDWAY AIRPORT, IL US",79.0,72.0,79.0,,10.0,10.0
crash_03587,2018-08-20 14:23:00,2018,8,Aug,Mon,14,Daytime,30,NO CONTROLS,CLEAR,DAYLIGHT,SIDESWIPE SAME DIRECTION,NOT DIVIDED,DRY,NO INJURY / DRIVE AWAY,,,"OVER $1,500",UNABLE TO DETERMINE,2,NO INDICATION OF INJURY,0,0,41.7900544439,-87.6330247602,60621,"CHICAGO MIDWAY AIRPORT, IL US",77.0,73.0,88.0,0.03,7.0,20.0
crash_03588,2018-07-10 22:35:00,2018,7,Jul,Tue,22,Night or early morning,35,NO CONTROLS,CLEAR,"DARKNESS, LIGHTED ROAD",TURNING,DIVIDED - W/MEDIAN (NOT RAISED),DRY,NO INJURY / DRIVE AWAY,,,"$501 - $1,500",IMPROPER TURNING/NO SIGNAL,2,NO INDICATION OF INJURY,0,0,41.7510496442,-87.6827273504,60620,"CHICAGO MIDWAY AIRPORT, IL US",76.0,54.0,47.0,0.0,10.0,8.0
crash_03589,2025-05-21 10:00:00,2025,5,May,Wed,10,Daytime,35,OTHER,RAIN,DAYLIGHT,FIXED OBJECT,OTHER,WET,NO INJURY / DRIVE AWAY,,,"$501 - $1,500",IMPROPER BACKING,1,NO INDICATION OF INJURY,0,0,41.904810592,-87.631622403,60610,"CHICAGO MIDWAY AIRPORT, IL US",50.0,48.0,93.0,0.01,2.5,11.0
crash_03590,2019-03-23 06:00:00,2019,3,Mar,Sat,6,Morning commute,30,TRAFFIC SIGNAL,CLEAR,"DARKNESS, LIGHTED ROAD",REAR END,DIVIDED - W/MEDIAN (NOT RAISED),DRY,INJURY AND / OR TOW DUE TO CRASH,,,"OVER $1,500",FAILING TO REDUCE SPEED TO AVOID CRASH,2,NO INDICATION OF INJURY,0,0,41.7654623932,-87.5663559255,60649,"CHICAGO MIDWAY AIRPORT, IL US",27.0,24.0,89.0,0.0,10.0,3.0
crash_03591,2022-08-13 13:00:00,2022,8,Aug,Sat,13,Daytime,30,NO CONTROLS,CLEAR,DAYLIGHT,SIDESWIPE SAME DIRECTION,NOT DIVIDED,DRY,NO INJURY / DRIVE AWAY,,true,"$501 - $1,500",FAILING TO YIELD RIGHT-OF-WAY,2,NO INDICATION OF INJURY,0,0,41.875041653,-87.7648195432,60644,"CHICAGO MIDWAY AIRPORT, IL US",78.0,56.0,47.0,,10.0,15.0
crash_03592,2021-05-29 05:50:00,2021,5,May,Sat,5,Night or early morning,30,NO CONTROLS,CLEAR,DAYLIGHT,FIXED OBJECT,OTHER,DRY,NO INJURY / DRIVE AWAY,,true,"$501 - $1,500","OPERATING VEHICLE IN ERRATIC, RECKLESS, CARELESS, NEGLIGENT OR AGGRESSIVE MANNER",1,NO INDICATION OF INJURY,0,0,41.939208462,-87.7268093615,60618,"CHICAGO OHARE INTERNATIONAL AIRPORT, IL US",45.0,31.0,58.0,0.0,10.0,10.0
crash_03593,2025-08-25 11:30:00,2025,8,Aug,Mon,11,Daytime,30,STOP SIGN/FLASHER,CLEAR,DAYLIGHT,ANGLE,NOT DIVIDED,DRY,INJURY AND / OR TOW DUE TO CRASH,true,,"OVER $1,500",FAILING TO YIELD RIGHT-OF-WAY,2,"REPORTED, NOT EVIDENT",2,0,41.8003989305,-87.7284148596,60632,"CHICAGO MIDWAY AIRPORT, IL US",66.0,47.0,50.0,0.0,10.0,11.0
crash_03594,2024-11-20 08:47:00,2024,11,Nov,Wed,8,Morning commute,30,YIELD,CLEAR,DAYLIGHT,TURNING,NOT DIVIDED,DRY,INJURY AND / OR TOW DUE TO CRASH,,,"OVER $1,500",FAILING TO YIELD RIGHT-OF-WAY,2,NONINCAPACITATING INJURY,1,0,41.9725513698,-87.7471493925,60630,"CHICAGO OHARE INTERNATIONAL AIRPORT, IL US",42.0,35.0,76.0,0.0,10.0,10.0
crash_03595,2018-12-28 05:00:00,2018,12,Dec,Fri,5,Night or early morning,35,NO CONTROLS,CLEAR,"DARKNESS, LIGHTED ROAD",ANGLE,NOT DIVIDED,WET,NO INJURY / DRIVE AWAY,,,"OVER $1,500",UNABLE TO DETERMINE,2,NO INDICATION OF INJURY,0,0,41.7938156185,-87.7230290237,60632,"CHICAGO MIDWAY AIRPORT, IL US",47.0,39.0,74.0,0.0,10.0,18.0
crash_03596,2024-02-03 02:30:00,2024,2,Feb,Sat,2,Night or early morning,30,NO CONTROLS,CLEAR,DARKNESS,SIDESWIPE SAME DIRECTION,DIVIDED - W/MEDIAN (NOT RAISED),DRY,INJURY AND / OR TOW DUE TO CRASH,,true,"OVER $1,500",UNABLE TO DETERMINE,2,NONINCAPACITATING INJURY,1,0,41.7498980652,-87.7075159636,60652,"CHICAGO MIDWAY AIRPORT, IL US",32.0,28.0,85.0,0.0,10.0,6.0
crash_03597,2020-12-27 11:46:00,2020,12,Dec,Sun,11,Daytime,30,STOP SIGN/FLASHER,CLEAR,DAYLIGHT,ANGLE,NOT DIVIDED,DRY,INJURY AND / OR TOW DUE TO CRASH,true,,"OVER $1,500",FAILING TO YIELD RIGHT-OF-WAY,2,NO INDICATION OF INJURY,0,0,41.7718537002,-87.6981578935,60629,"CHICAGO MIDWAY AIRPORT, IL US",43.0,29.0,58.0,0.0,10.0,13.0
crash_03598,2018-02-09 02:00:00,2018,2,Feb,Fri,2,Night or early morning,30,NO CONTROLS,SNOW,UNKNOWN,PARKED MOTOR VEHICLE,NOT DIVIDED,SNOW OR SLUSH,INJURY AND / OR TOW DUE TO CRASH,,true,"OVER $1,500",UNABLE TO DETERMINE,2,NO INDICATION OF INJURY,0,0,41.7109209379,-87.6093908981,60628,"CHICAGO MIDWAY AIRPORT, IL US",24.0,21.0,88.0,0.03,1.0,7.0
crash_03599,2019-12-10 07:48:00,2019,12,Dec,Tue,7,Morning commute,30,NO CONTROLS,CLEAR,DAYLIGHT,REAR END,DIVIDED - W/MEDIAN BARRIER,UNKNOWN,INJURY AND / OR TOW DUE TO CRASH,,,"OVER $1,500",FOLLOWING TOO CLOSELY,2,"REPORTED, NOT EVIDENT",1,0,41.7152439909,-87.5351302932,60617,"CHICAGO MIDWAY AIRPORT, IL US",16.0,8.0,71.0,0.0,10.0,13.0
crash_03600,2024-05-23 21:00:00,2024,5,May,Thu,21,Night or early morning,25,NO CONTROLS,CLEAR,"DARKNESS, LIGHTED ROAD",OTHER OBJECT,DIVIDED - W/MEDIAN (NOT RAISED),DRY,NO INJURY / DRIVE AWAY,,,"OVER $1,500",UNABLE TO DETERMINE,1,NO INDICATION OF INJURY,0,0,41.8848166523,-87.6534331172,60607,"CHICAGO MIDWAY AIRPORT, IL US",71.0,43.0,36.0,0.0,10.0,7.0
crash_03601,2019-08-23 12:15:00,2019,8,Aug,Fri,12,Daytime,30,TRAFFIC SIGNAL,CLEAR,DAYLIGHT,PARKED MOTOR VEHICLE,NOT DIVIDED,DRY,NO INJURY / DRIVE AWAY,,false,"OVER $1,500",UNABLE TO DETERMINE,2,NO INDICATION OF INJURY,0,0,41.9238949572,-87.6384954912,60614,"CHICAGO MIDWAY AIRPORT, IL US",74.0,52.0,46.0,0.0,10.0,10.0
crash_03602,2021-07-07 13:20:00,2021,7,Jul,Wed,13,Daytime,30,TRAFFIC SIGNAL,CLEAR,DAYLIGHT,TURNING,"FIVE POINT, OR MORE",DRY,INJURY AND / OR TOW DUE TO CRASH,true,,"OVER $1,500",FAILING TO YIELD RIGHT-OF-WAY,2,NO INDICATION OF INJURY,0,0,41.8366356639,-87.6752915396,60608,"CHICAGO MIDWAY AIRPORT, IL US",88.0,63.0,43.0,0.0,10.0,14.0
crash_03603,2021-05-08 20:48:00,2021,5,May,Sat,20,Night or early morning,20,NO CONTROLS,RAIN,"DARKNESS, LIGHTED ROAD",SIDESWIPE SAME DIRECTION,DIVIDED - W/MEDIAN (NOT RAISED),WET,NO INJURY / DRIVE AWAY,,,"OVER $1,500",IMPROPER LANE USAGE,2,NO INDICATION OF INJURY,0,0,41.7442082912,-87.7104291135,60652,"CHICAGO MIDWAY AIRPORT, IL US",45.0,32.0,61.0,0.01,9.0,11.0
crash_03604,2018-06-30 14:00:00,2018,6,Jun,Sat,14,Daytime,30,TRAFFIC SIGNAL,CLEAR,DAYLIGHT,TURNING,ONE-WAY,DRY,NO INJURY / DRIVE AWAY,,,$500 OR LESS,IMPROPER TURNING/NO SIGNAL,2,NO INDICATION OF INJURY,0,0,41.8716356763,-87.6421883419,60607,"CHICAGO MIDWAY AIRPORT, IL US",93.0,76.0,58.0,0.0,10.0,11.0
crash_03605,2022-12-11 14:00:00,2022,12,Dec,Sun,14,Daytime,25,NO CONTROLS,CLEAR,"DARKNESS, LIGHTED ROAD",PARKED MOTOR VEHICLE,NOT DIVIDED,DRY,NO INJURY / DRIVE AWAY,,true,"OVER $1,500",UNABLE TO DETERMINE,5,NO INDICATION OF INJURY,0,0,41.9441300269,-87.7694017841,60634,"CHICAGO OHARE INTERNATIONAL AIRPORT, IL US",39.0,29.0,67.0,,10.0,6.0
crash_03606,2021-03-09 17:40:00,2021,3,Mar,Tue,17,Evening commute,30,NO CONTROLS,CLEAR,DAYLIGHT,TURNING,NOT DIVIDED,DRY,NO INJURY / DRIVE AWAY,,,"OVER $1,500",IMPROPER TURNING/NO SIGNAL,2,NO INDICATION OF INJURY,0,0,41.8736553139,-87.6992858007,60612,"CHICAGO MIDWAY AIRPORT, IL US",64.0,32.0,30.0,0.0,10.0,16.0
crash_03607,2018-09-22 16:30:00,2018,9,Sep,Sat,16,Evening commute,35,TRAFFIC SIGNAL,CLEAR,DAYLIGHT,TURNING,DIVIDED - W/MEDIAN BARRIER,DRY,NO INJURY / DRIVE AWAY,,,"OVER $1,500",IMPROPER TURNING/NO SIGNAL,2,NO INDICATION OF INJURY,0,0,41.9827403392,-87.7282833701,60625,"CHICAGO OHARE INTERNATIONAL AIRPORT, IL US",63.0,43.0,48.0,0.0,10.0,9.0
crash_03608,2025-05-12 13:30:00,2025,5,May,Mon,13,Daytime,30,TRAFFIC SIGNAL,CLEAR,DAYLIGHT,REAR END,NOT DIVIDED,UNKNOWN,NO INJURY / DRIVE AWAY,,,"OVER $1,500",FOLLOWING TOO CLOSELY,2,NO INDICATION OF INJURY,0,0,41.7783404499,-87.7421432762,60629,"CHICAGO MIDWAY AIRPORT, IL US",75.0,46.0,36.0,0.0,10.0,8.0
crash_03609,2025-06-27 08:35:00,2025,6,Jun,Fri,8,Morning commute,30,NO CONTROLS,CLEAR,DAYLIGHT,FIXED OBJECT,DIVIDED - W/MEDIAN BARRIER,DRY,INJURY AND / OR TOW DUE TO CRASH,,,"OVER $1,500",UNABLE TO DETERMINE,1,NO INDICATION OF INJURY,0,0,41.7660012088,-87.5725324676,60649,"CHICAGO MIDWAY AIRPORT, IL US",84.0,69.0,61.0,0.0,10.0,11.0
crash_03610,2022-01-01 07:35:00,2022,1,Jan,Sat,7,Morning commute,30,TRAFFIC SIGNAL,CLEAR,DAWN,TURNING,NOT DIVIDED,DRY,INJURY AND / OR TOW DUE TO CRASH,true,,"OVER $1,500",FAILING TO YIELD RIGHT-OF-WAY,2,NONINCAPACITATING INJURY,2,0,41.7509291854,-87.6195132682,60619,"CHICAGO MIDWAY AIRPORT, IL US",39.0,32.0,76.0,0.0,10.0,23.0
crash_03611,2023-02-03 18:30:00,2023,2,Feb,Fri,18,Evening commute,30,NO CONTROLS,UNKNOWN,UNKNOWN,PARKED MOTOR VEHICLE,ONE-WAY,UNKNOWN,NO INJURY / DRIVE AWAY,,true,"OVER $1,500",UNABLE TO DETERMINE,2,NO INDICATION OF INJURY,0,0,41.8811555224,-87.7561638156,60644,"CHICAGO MIDWAY AIRPORT, IL US",11.0,-6.0,46.0,0.0,10.0,9.0
crash_03612,2018-02-11 16:15:00,2018,2,Feb,Sun,16,Evening commute,35,TRAFFIC SIGNAL,SNOW,DAYLIGHT,REAR END,NOT DIVIDED,SNOW OR SLUSH,NO INJURY / DRIVE AWAY,,,"$501 - $1,500",IMPROPER BACKING,2,NO INDICATION OF INJURY,0,0,41.8706625775,-87.6260479048,60605,"CHICAGO MIDWAY AIRPORT, IL US",23.0,14.0,68.0,0.0,10.0,9.0
crash_03613,2018-03-22 21:20:00,2018,3,Mar,Thu,21,Night or early morning,30,NO CONTROLS,CLEAR,"DARKNESS, LIGHTED ROAD",FIXED OBJECT,DIVIDED - W/MEDIAN BARRIER,DRY,INJURY AND / OR TOW DUE TO CRASH,,,"OVER $1,500",UNABLE TO DETERMINE,1,INCAPACITATING INJURY,2,0,41.900752974,-87.6242349998,60611,"CHICAGO MIDWAY AIRPORT, IL US",37.0,25.0,62.0,0.0,10.0,9.0
crash_03614,2023-11-23 13:00:00,2023,11,Nov,Thu,13,Daytime,30,NO CONTROLS,CLEAR,DAYLIGHT,PARKED MOTOR VEHICLE,NOT DIVIDED,DRY,NO INJURY / DRIVE AWAY,,true,"OVER $1,500",IMPROPER OVERTAKING/PASSING,2,NO INDICATION OF INJURY,0,0,41.7778363724,-87.7093586873,60629,"CHICAGO MIDWAY AIRPORT, IL US",48.0,32.0,54.0,0.0,10.0,14.0
crash_03615,2025-07-06 21:00:00,2025,7,Jul,Sun,21,Night or early morning,25,NO CONTROLS,UNKNOWN,UNKNOWN,PARKED MOTOR VEHICLE,ONE-WAY,UNKNOWN,NO INJURY / DRIVE AWAY,,true,"OVER $1,500",DRIVING SKILLS/KNOWLEDGE/EXPERIENCE,2,NO INDICATION OF INJURY,0,0,42.0178294333,-87.6821169796,60645,"CHICAGO OHARE INTERNATIONAL AIRPORT, IL US",68.0,64.0,87.0,0.0,10.0,14.0
crash_03616,2019-10-06 02:57:00,2019,10,Oct,Sun,2,Night or early morning,30,TRAFFIC SIGNAL,CLEAR,"DARKNESS, LIGHTED ROAD",SIDESWIPE SAME DIRECTION,DIVIDED - W/MEDIAN (NOT RAISED),DRY,INJURY AND / OR TOW DUE TO CRASH,,,"OVER $1,500",IMPROPER TURNING/NO SIGNAL,2,"REPORTED, NOT EVIDENT",1,0,41.9315756084,-87.7467433011,60641,"CHICAGO OHARE INTERNATIONAL AIRPORT, IL US",57.0,52.0,83.0,0.0,10.0,10.0
crash_03617,2021-04-22 09:40:00,2021,4,Apr,Thu,9,Morning commute,30,TRAFFIC SIGNAL,CLEAR,DAYLIGHT,TURNING,DIVIDED - W/MEDIAN (NOT RAISED),DRY,NO INJURY / DRIVE AWAY,true,,"OVER $1,500",UNABLE TO DETERMINE,2,NO INDICATION OF INJURY,0,0,41.7783353905,-87.7424364942,60638,"CHICAGO MIDWAY AIRPORT, IL US",45.0,19.0,35.0,0.0,10.0,11.0
crash_03618,2023-04-21 16:23:00,2023,4,Apr,Fri,16,Evening commute,30,TRAFFIC SIGNAL,CLEAR,DAYLIGHT,PARKED MOTOR VEHICLE,FOUR WAY,DRY,INJURY AND / OR TOW DUE TO CRASH,true,,"OVER $1,500",IMPROPER LANE USAGE,4,NONINCAPACITATING INJURY,2,0,41.8960254975,-87.6674371268,60622,"CHICAGO MIDWAY AIRPORT, IL US",61.0,38.0,43.0,0.0,10.0,13.0
crash_03619,2020-04-06 05:00:00,2020,4,Apr,Mon,5,Night or early morning,30,TRAFFIC SIGNAL,CLEAR,DAYLIGHT,SIDESWIPE SAME DIRECTION,RAMP,DRY,NO INJURY / DRIVE AWAY,,,"$501 - $1,500",IMPROPER LANE USAGE,2,NO INDICATION OF INJURY,0,0,41.8781435911,-87.6365086159,60606,"CHICAGO MIDWAY AIRPORT, IL US",37.0,33.0,86.0,0.0,10.0,3.0
crash_03620,2022-01-03 08:50:00,2022,1,Jan,Mon,8,Morning commute,35,NO CONTROLS,CLEAR,DAYLIGHT,HEAD ON,OTHER,SNOW OR SLUSH,NO INJURY / DRIVE AWAY,,,"OVER $1,500",UNABLE TO DETERMINE,3,NO INDICATION OF INJURY,0,0,41.9109810547,-87.7388824226,60639,"CHICAGO MIDWAY AIRPORT, IL US",12.0,4.0,70.0,0.0,10.0,8.0
crash_03621,2020-04-03 13:25:00,2020,4,Apr,Fri,13,Daytime,35,TRAFFIC SIGNAL,CLEAR,DAYLIGHT,REAR END,NOT DIVIDED,DRY,NO INJURY / DRIVE AWAY,true,false,"$501 - $1,500",FOLLOWING TOO CLOSELY,3,NO INDICATION OF INJURY,0,0,41.8819885724,-87.7255608436,60624,"CHICAGO MIDWAY AIRPORT, IL US",69.0,41.0,36.0,0.0,10.0,9.0
crash_03622,2022-05-22 11:00:00,2022,5,May,Sun,11,Daytime,30,NO CONTROLS,CLEAR,DAYLIGHT,PARKED MOTOR VEHICLE,NOT DIVIDED,DRY,NO INJURY / DRIVE AWAY,,true,"$501 - $1,500",UNABLE TO DETERMINE,2,NO INDICATION OF INJURY,0,0,41.9493702384,-87.6542467478,60613,"CHICAGO MIDWAY AIRPORT, IL US",61.0,32.0,34.0,0.0,10.0,10.0
crash_03623,2020-01-07 18:50:00,2020,1,Jan,Tue,18,Evening commute,30,NO CONTROLS,CLEAR,DUSK,SIDESWIPE SAME DIRECTION,ALLEY,DRY,INJURY AND / OR TOW DUE TO CRASH,,,"OVER $1,500",IMPROPER OVERTAKING/PASSING,2,NO INDICATION OF INJURY,0,0,41.7360301752,-87.6290945086,60620,"CHICAGO MIDWAY AIRPORT, IL US",36.0,24.0,62.0,0.0,10.0,16.0
crash_03624,2021-09-11 12:00:00,2021,9,Sep,Sat,12,Daytime,30,OTHER,CLEAR,DAYLIGHT,REAR END,NOT DIVIDED,DRY,INJURY AND / OR TOW DUE TO CRASH,,,"OVER $1,500",FOLLOWING TOO CLOSELY,2,INCAPACITATING INJURY,1,0,41.8383842101,-87.6289946525,60616,"CHICAGO MIDWAY AIRPORT, IL US",80.0,62.0,54.0,0.0,10.0,8.0
crash_03625,2022-05-15 02:00:00,2022,5,May,Sun,2,Night or early morning,30,NO CONTROLS,CLEAR,DARKNESS,SIDESWIPE OPPOSITE DIRECTION,NOT DIVIDED,DRY,INJURY AND / OR TOW DUE TO CRASH,,true,"OVER $1,500",UNABLE TO DETERMINE,2,NO INDICATION OF INJURY,0,0,41.6815870153,-87.6022937394,60628,"CHICAGO MIDWAY AIRPORT, IL US",69.0,54.0,59.0,0.0,10.0,7.0
crash_03626,2025-09-07 02:07:00,2025,9,Sep,Sun,2,Night or early morning,25,STOP SIGN/FLASHER,CLEAR,"DARKNESS, LIGHTED ROAD",TURNING,DIVIDED - W/MEDIAN (NOT RAISED),DRY,NO INJURY / DRIVE AWAY,true,,"$501 - $1,500",IMPROPER TURNING/NO SIGNAL,2,NO INDICATION OF INJURY,0,0,41.9978610052,-87.688605085,60645,,,,,,,
crash_03627,2023-04-03 13:35:00,2023,4,Apr,Mon,13,Daytime,15,NO CONTROLS,CLEAR,DAYLIGHT,SIDESWIPE SAME DIRECTION,ALLEY,DRY,NO INJURY / DRIVE AWAY,,true,"OVER $1,500",IMPROPER OVERTAKING/PASSING,2,NO INDICATION OF INJURY,0,0,41.9604971953,-87.7567895539,60641,"CHICAGO OHARE INTERNATIONAL AIRPORT, IL US",64.0,23.0,21.0,0.0,10.0,11.0
crash_03628,2019-09-23 08:20:00,2019,9,Sep,Mon,8,Morning commute,30,NO CONTROLS,CLEAR,DAYLIGHT,SIDESWIPE SAME DIRECTION,NOT DIVIDED,DRY,NO INJURY / DRIVE AWAY,true,,"OVER $1,500",IMPROPER LANE USAGE,2,NO INDICATION OF INJURY,0,0,41.8803907215,-87.7450767808,60644,"CHICAGO MIDWAY AIRPORT, IL US",62.0,55.0,78.0,0.0,10.0,11.0
crash_03629,2023-03-09 13:18:00,2023,3,Mar,Thu,13,Daytime,10,NO CONTROLS,CLEAR,DAYLIGHT,PEDESTRIAN,ALLEY,DRY,INJURY AND / OR TOW DUE TO CRASH,,,"OVER $1,500",UNABLE TO DETERMINE,2,INCAPACITATING INJURY,1,0,41.8796067989,-87.6270709121,60603,"CHICAGO MIDWAY AIRPORT, IL US",39.0,25.0,57.0,0.0,10.0,10.0
crash_03630,2019-03-15 15:45:00,2019,3,Mar,Fri,15,Evening commute,30,NO CONTROLS,CLOUDY/OVERCAST,DAYLIGHT,ANGLE,ONE-WAY,DRY,INJURY AND / OR TOW DUE TO CRASH,,,"OVER $1,500",FAILING TO YIELD RIGHT-OF-WAY,2,NO INDICATION OF INJURY,0,0,41.9241043004,-87.7318033799,60639,"CHICAGO MIDWAY AIRPORT, IL US",37.0,28.0,70.0,,10.0,17.0
crash_03631,2020-08-31 15:54:00,2020,8,Aug,Mon,15,Evening commute,35,TRAFFIC SIGNAL,CLEAR,DAYLIGHT,REAR END,NOT DIVIDED,DRY,NO INJURY / DRIVE AWAY,true,,$500 OR LESS,FOLLOWING TOO CLOSELY,2,NO INDICATION OF INJURY,0,0,41.9764008098,-87.7880042263,60656,"CHICAGO OHARE INTERNATIONAL AIRPORT, IL US",83.0,58.0,43.0,,10.0,13.0
crash_03632,2020-08-13 14:25:00,2020,8,Aug,Thu,14,Daytime,30,NO CONTROLS,CLEAR,DAYLIGHT,REAR END,DIVIDED - W/MEDIAN (NOT RAISED),DRY,INJURY AND / OR TOW DUE TO CRASH,,,"OVER $1,500",UNABLE TO DETERMINE,3,"REPORTED, NOT EVIDENT",3,0,41.9042826934,-87.7461548435,60651,"CHICAGO MIDWAY AIRPORT, IL US",83.0,53.0,36.0,0.0,10.0,7.0
crash_03633,2021-10-25 15:49:00,2021,10,Oct,Mon,15,Evening commute,30,NO CONTROLS,CLEAR,DAYLIGHT,TURNING,DRIVEWAY,DRY,INJURY AND / OR TOW DUE TO CRASH,true,,"OVER $1,500",FAILING TO YIELD RIGHT-OF-WAY,2,NO INDICATION OF INJURY,0,0,41.8079986318,-87.7224215703,60632,"CHICAGO MIDWAY AIRPORT, IL US",53.0,42.0,66.0,0.0,10.0,20.0
crash_03634,2021-09-29 14:45:00,2021,9,Sep,Wed,14,Daytime,25,STOP SIGN/FLASHER,CLEAR,DAYLIGHT,SIDESWIPE SAME DIRECTION,NOT DIVIDED,DRY,NO INJURY / DRIVE AWAY,,,"$501 - $1,500",ROAD CONSTRUCTION/MAINTENANCE,2,NO INDICATION OF INJURY,0,0,41.8573936762,-87.6859589002,60608,"CHICAGO MIDWAY AIRPORT, IL US",79.0,53.0,41.0,0.0,10.0,11.0
crash_03635,2024-10-30 10:00:00,2024,10,Oct,Wed,10,Daytime,15,NO CONTROLS,CLEAR,DAYLIGHT,FIXED OBJECT,PARKING LOT,DRY,NO INJURY / DRIVE AWAY,,true,"OVER $1,500",FOLLOWING TOO CLOSELY,1,NO INDICATION OF INJURY,0,0,41.9322808531,-87.6881900575,60618,"CHICAGO MIDWAY AIRPORT, IL US",72.0,58.0,61.0,0.0,10.0,16.0
crash_03636,2022-11-11 20:45:00,2022,11,Nov,Fri,20,Night or early morning,25,UNKNOWN,UNKNOWN,UNKNOWN,REAR END,NOT DIVIDED,UNKNOWN,NO INJURY / DRIVE AWAY,,true,"OVER $1,500",NOT APPLICABLE,2,NO INDICATION OF INJURY,0,0,41.7433981579,-87.6342517745,60620,"CHICAGO MIDWAY AIRPORT, IL US",33.0,20.0,58.0,0.0,10.0,11.0
crash_03637,2020-07-16 14:59:00,2020,7,Jul,Thu,14,Daytime,30,NO CONTROLS,CLEAR,DAYLIGHT,REAR END,NOT DIVIDED,DRY,INJURY AND / OR TOW DUE TO CRASH,,,"$501 - $1,500",EQUIPMENT - VEHICLE CONDITION,2,NO INDICATION OF INJURY,0,0,41.9390764334,-87.7366562506,60641,"CHICAGO OHARE INTERNATIONAL AIRPORT, IL US",81.0,64.0,57.0,0.0,10.0,0.0
crash_03638,2025-12-14 09:48:00,2025,12,Dec,Sun,9,Morning commute,30,NO CONTROLS,CLEAR,DAYLIGHT,REAR TO FRONT,NOT DIVIDED,UNKNOWN,NO INJURY / DRIVE AWAY,,,"OVER $1,500",DRIVING SKILLS/KNOWLEDGE/EXPERIENCE,2,NO INDICATION OF INJURY,0,0,41.9576922115,-87.7975440334,60634,,,,,,,
crash_03639,2018-10-07 14:32:00,2018,10,Oct,Sun,14,Daytime,30,STOP SIGN/FLASHER,CLEAR,DAYLIGHT,ANGLE,NOT DIVIDED,DRY,INJURY AND / OR TOW DUE TO CRASH,true,,"OVER $1,500",FAILING TO YIELD RIGHT-OF-WAY,2,NONINCAPACITATING INJURY,1,0,41.8110070469,-87.6230291092,60653,"CHICAGO MIDWAY AIRPORT, IL US",60.0,56.0,86.0,0.0,10.0,11.0
crash_03640,2021-09-14 13:45:00,2021,9,Sep,Tue,13,Daytime,30,NO CONTROLS,CLEAR,DAYLIGHT,SIDESWIPE SAME DIRECTION,NOT DIVIDED,DRY,NO INJURY / DRIVE AWAY,,true,"$501 - $1,500",IMPROPER OVERTAKING/PASSING,2,NO INDICATION OF INJURY,0,0,41.7799971438,-87.636434665,60621,"CHICAGO MIDWAY AIRPORT, IL US",86.0,64.0,48.0,0.0,10.0,15.0
crash_03641,2018-04-12 16:00:00,2018,4,Apr,Thu,16,Evening commute,30,UNKNOWN,UNKNOWN,UNKNOWN,TURNING,NOT DIVIDED,UNKNOWN,NO INJURY / DRIVE AWAY,,,"OVER $1,500",UNABLE TO DETERMINE,2,NO INDICATION OF INJURY,0,0,41.873845896,-87.6863812944,60612,"CHICAGO MIDWAY AIRPORT, IL US",61.0,46.0,58.0,0.0,9.0,11.0
crash_03642,2022-09-28 06:40:00,2022,9,Sep,Wed,6,Morning commute,30,STOP SIGN/FLASHER,CLEAR,DAWN,ANGLE,T-INTERSECTION,DRY,INJURY AND / OR TOW DUE TO CRASH,,,"OVER $1,500",FAILING TO YIELD RIGHT-OF-WAY,2,NONINCAPACITATING INJURY,1,0,41.742788537,-87.6911631274,60652,"CHICAGO MIDWAY AIRPORT, IL US",49.0,40.0,71.0,0.0,10.0,13.0
crash_03643,2022-07-20 17:15:00,2022,7,Jul,Wed,17,Evening commute,30,NO CONTROLS,CLEAR,DAYLIGHT,SIDESWIPE SAME DIRECTION,DIVIDED - W/MEDIAN (NOT RAISED),DRY,NO INJURY / DRIVE AWAY,,true,"$501 - $1,500",IMPROPER OVERTAKING/PASSING,2,NO INDICATION OF INJURY,0,0,41.9117071121,-87.8057150513,60707,"CHICAGO OHARE INTERNATIONAL AIRPORT, IL US",84.0,64.0,51.0,0.0,10.0,20.0
crash_03644,2024-04-09 09:45:00,2024,4,Apr,Tue,9,Morning commute,30,NO CONTROLS,CLEAR,DAYLIGHT,REAR END,OTHER,DRY,NO INJURY / DRIVE AWAY,true,,"OVER $1,500",UNABLE TO DETERMINE,2,NO INDICATION OF INJURY,0,0,41.8339034582,-87.685047143,60608,"CHICAGO MIDWAY AIRPORT, IL US",60.0,40.0,47.0,0.0,10.0,15.0
crash_03645,2025-07-01 16:40:00,2025,7,Jul,Tue,16,Evening commute,30,NO CONTROLS,CLEAR,DAYLIGHT,TURNING,T-INTERSECTION,DRY,NO INJURY / DRIVE AWAY,,true,"$501 - $1,500",FAILING TO YIELD RIGHT-OF-WAY,2,NO INDICATION OF INJURY,0,0,41.9095135674,-87.7946582605,60707,"CHICAGO OHARE INTERNATIONAL AIRPORT, IL US",87.0,59.0,39.0,0.0,10.0,11.0