crash_id,crash_datetime,crash_year,crash_month,crash_month_name,crash_weekday_name,crash_hour,time_period,posted_speed_limit_mph,traffic_control_device,reported_weather_condition,reported_lighting_condition,first_crash_type,trafficway_type,reported_road_surface_condition,crash_type,intersection_related,hit_and_run,estimated_damage,primary_contributory_cause,unit_count,most_severe_injury,injuries_total,injuries_fatal,latitude,longitude,zip5,weather_station_name,temperature_f,dew_point_f,relative_humidity_percent,precipitation_inches,visibility_miles,wind_speed_mph
crash_03646,2019-08-06 17:22:00,2019,8,Aug,Tue,17,Evening commute,30,NO CONTROLS,CLEAR,DAYLIGHT,PARKED MOTOR VEHICLE,NOT DIVIDED,DRY,INJURY AND / OR TOW DUE TO CRASH,,true,"OVER $1,500",DRIVING SKILLS/KNOWLEDGE/EXPERIENCE,3,NONINCAPACITATING INJURY,1,0,41.7726493475,-87.6711685485,60636,"CHICAGO MIDWAY AIRPORT, IL US",84.0,63.0,49.0,0.0,10.0,3.0
crash_03647,2025-09-27 14:30:00,2025,9,Sep,Sat,14,Daytime,30,UNKNOWN,CLEAR,DAYLIGHT,PARKED MOTOR VEHICLE,PARKING LOT,DRY,NO INJURY / DRIVE AWAY,,true,"OVER $1,500",IMPROPER BACKING,2,NO INDICATION OF INJURY,0,0,41.7687107736,-87.6592150305,60636,,,,,,,
crash_03648,2025-08-01 07:05:00,2025,8,Aug,Fri,7,Morning commute,35,NO CONTROLS,CLEAR,DAYLIGHT,REAR END,NOT DIVIDED,DRY,NO INJURY / DRIVE AWAY,,,"$501 - $1,500",UNABLE TO DETERMINE,2,NO INDICATION OF INJURY,0,0,41.9614549265,-87.6712492253,60613,"CHICAGO MIDWAY AIRPORT, IL US",68.0,60.0,76.0,0.0,5.0,3.0
crash_03649,2025-11-29 07:00:00,2025,11,Nov,Sat,7,Morning commute,30,TRAFFIC SIGNAL,BLOWING SNOW,DAYLIGHT,ANGLE,DIVIDED - W/MEDIAN (NOT RAISED),SNOW OR SLUSH,NO INJURY / DRIVE AWAY,true,,"OVER $1,500",DRIVING SKILLS/KNOWLEDGE/EXPERIENCE,3,NO INDICATION OF INJURY,0,0,41.9400969044,-87.6445483667,60657,,,,,,,
crash_03650,2019-05-02 09:50:00,2019,5,May,Thu,9,Morning commute,25,NO CONTROLS,RAIN,DAYLIGHT,REAR END,ONE-WAY,WET,NO INJURY / DRIVE AWAY,,,"$501 - $1,500",UNABLE TO DETERMINE,2,NO INDICATION OF INJURY,0,0,41.8932993468,-87.6340394579,60654,"CHICAGO MIDWAY AIRPORT, IL US",46.0,45.0,93.0,,2.0,7.0
crash_03651,2018-12-19 09:23:00,2018,12,Dec,Wed,9,Morning commute,20,STOP SIGN/FLASHER,CLEAR,DAYLIGHT,REAR END,NOT DIVIDED,DRY,NO INJURY / DRIVE AWAY,,,$500 OR LESS,FOLLOWING TOO CLOSELY,3,NO INDICATION OF INJURY,0,0,41.938237376,-87.7977603483,60634,"CHICAGO OHARE INTERNATIONAL AIRPORT, IL US",40.0,30.0,68.0,0.0,10.0,8.0
crash_03652,2023-08-13 06:40:00,2023,8,Aug,Sun,6,Morning commute,30,NO CONTROLS,CLEAR,DAYLIGHT,PARKED MOTOR VEHICLE,NOT DIVIDED,DRY,NO INJURY / DRIVE AWAY,,true,"OVER $1,500",UNABLE TO DETERMINE,2,NO INDICATION OF INJURY,0,0,41.8724413776,-87.7195859945,60624,"CHICAGO MIDWAY AIRPORT, IL US",68.0,60.0,76.0,0.0,10.0,5.0
crash_03653,2021-11-02 16:00:00,2021,11,Nov,Tue,16,Evening commute,30,NO CONTROLS,CLEAR,DAYLIGHT,PEDESTRIAN,NOT DIVIDED,DRY,INJURY AND / OR TOW DUE TO CRASH,true,,"OVER $1,500",UNABLE TO DETERMINE,2,"REPORTED, NOT EVIDENT",1,0,41.8366927503,-87.7330005067,60623,"CHICAGO MIDWAY AIRPORT, IL US",46.0,20.0,35.0,0.0,10.0,10.0
crash_03654,2019-10-15 08:15:00,2019,10,Oct,Tue,8,Morning commute,30,NO CONTROLS,CLEAR,DAYLIGHT,SIDESWIPE SAME DIRECTION,NOT DIVIDED,DRY,NO INJURY / DRIVE AWAY,,,"OVER $1,500",IMPROPER LANE USAGE,2,NO INDICATION OF INJURY,0,0,41.9001828076,-87.7110402165,60651,"CHICAGO MIDWAY AIRPORT, IL US",47.0,36.0,66.0,0.0,10.0,13.0
crash_03655,2019-11-17 13:59:00,2019,11,Nov,Sun,13,Daytime,20,STOP SIGN/FLASHER,CLEAR,DAYLIGHT,PARKED MOTOR VEHICLE,NOT DIVIDED,DRY,NO INJURY / DRIVE AWAY,,,"$501 - $1,500",UNABLE TO DETERMINE,2,NO INDICATION OF INJURY,0,0,41.7320139025,-87.551141271,60617,"CHICAGO MIDWAY AIRPORT, IL US",41.0,30.0,65.0,0.0,10.0,7.0
crash_03656,2024-07-19 18:30:00,2024,7,Jul,Fri,18,Evening commute,20,NO CONTROLS,CLEAR,DAYLIGHT,SIDESWIPE SAME DIRECTION,NOT DIVIDED,DRY,NO INJURY / DRIVE AWAY,,,"OVER $1,500",IMPROPER OVERTAKING/PASSING,2,NO INDICATION OF INJURY,0,0,41.8956153135,-87.7067053251,60651,"CHICAGO MIDWAY AIRPORT, IL US",76.0,53.0,45.0,0.0,10.0,10.0
crash_03657,2020-12-27 18:08:00,2020,12,Dec,Sun,18,Evening commute,30,TRAFFIC SIGNAL,CLEAR,"DARKNESS, LIGHTED ROAD",TURNING,NOT DIVIDED,DRY,INJURY AND / OR TOW DUE TO CRASH,true,,"$501 - $1,500",DISREGARDING TRAFFIC SIGNALS,2,NO INDICATION OF INJURY,0,0,41.8518740398,-87.7053183263,60623,"CHICAGO MIDWAY AIRPORT, IL US",45.0,36.0,71.0,0.0,10.0,11.0
crash_03658,2018-08-26 09:45:00,2018,8,Aug,Sun,9,Morning commute,25,NO CONTROLS,UNKNOWN,UNKNOWN,PARKED MOTOR VEHICLE,ONE-WAY,UNKNOWN,INJURY AND / OR TOW DUE TO CRASH,,true,"OVER $1,500",UNABLE TO DETERMINE,3,NO INDICATION OF INJURY,0,0,41.7338392657,-87.6546425087,60620,"CHICAGO MIDWAY AIRPORT, IL US",83.0,75.0,77.0,0.0,9.0,9.0
crash_03659,2023-10-07 16:30:00,2023,10,Oct,Sat,16,Evening commute,30,NO CONTROLS,CLEAR,DAYLIGHT,TURNING,DIVIDED - W/MEDIAN (NOT RAISED),DRY,NO INJURY / DRIVE AWAY,,,"$501 - $1,500",IMPROPER TURNING/NO SIGNAL,2,NO INDICATION OF INJURY,0,0,41.9425147509,-87.6704724656,60657,"CHICAGO MIDWAY AIRPORT, IL US",58.0,30.0,35.0,0.0,10.0,14.0
crash_03660,2023-10-30 07:25:00,2023,10,Oct,Mon,7,Morning commute,30,TRAFFIC SIGNAL,CLEAR,DAYLIGHT,PARKED MOTOR VEHICLE,FOUR WAY,DRY,INJURY AND / OR TOW DUE TO CRASH,true,,"OVER $1,500",UNABLE TO DETERMINE,2,INCAPACITATING INJURY,1,0,41.902772339,-87.7267346157,60651,"CHICAGO MIDWAY AIRPORT, IL US",33.0,22.0,64.0,0.0,10.0,9.0
crash_03661,2018-02-22 16:30:00,2018,2,Feb,Thu,16,Evening commute,30,TRAFFIC SIGNAL,CLEAR,DAYLIGHT,REAR END,DIVIDED - W/MEDIAN BARRIER,DRY,NO INJURY / DRIVE AWAY,,,"OVER $1,500",FOLLOWING TOO CLOSELY,2,NO INDICATION OF INJURY,0,0,41.9828152029,-87.8070891663,60631,"CHICAGO OHARE INTERNATIONAL AIRPORT, IL US",39.0,28.0,65.0,0.0,10.0,13.0
crash_03662,2021-05-02 00:01:00,2021,5,May,Sun,0,Night or early morning,45,NO CONTROLS,CLEAR,"DARKNESS, LIGHTED ROAD",FIXED OBJECT,DIVIDED - W/MEDIAN BARRIER,DRY,INJURY AND / OR TOW DUE TO CRASH,,true,"OVER $1,500",UNABLE TO DETERMINE,1,NONINCAPACITATING INJURY,1,0,41.7934562511,-87.5803185417,60637,"CHICAGO MIDWAY AIRPORT, IL US",70.0,48.0,46.0,0.0,10.0,9.0
crash_03663,2019-06-28 16:30:00,2019,6,Jun,Fri,16,Evening commute,30,STOP SIGN/FLASHER,CLEAR,DAYLIGHT,REAR END,NOT DIVIDED,DRY,NO INJURY / DRIVE AWAY,,true,$500 OR LESS,UNABLE TO DETERMINE,2,NO INDICATION OF INJURY,0,0,41.7427123919,-87.6947333537,60652,"CHICAGO MIDWAY AIRPORT, IL US",90.0,69.0,50.0,0.0,10.0,14.0
crash_03664,2018-09-24 16:40:00,2018,9,Sep,Mon,16,Evening commute,25,STOP SIGN/FLASHER,CLOUDY/OVERCAST,UNKNOWN,SIDESWIPE SAME DIRECTION,NOT DIVIDED,WET,NO INJURY / DRIVE AWAY,true,,"$501 - $1,500",FAILING TO REDUCE SPEED TO AVOID CRASH,2,NO INDICATION OF INJURY,0,0,41.7082312418,-87.5632457622,60617,"CHICAGO MIDWAY AIRPORT, IL US",70.0,65.0,84.0,0.0,8.0,7.0
crash_03665,2025-10-30 11:00:00,2025,10,Oct,Thu,11,Daytime,30,NO CONTROLS,CLEAR,DAYLIGHT,SIDESWIPE SAME DIRECTION,OTHER,DRY,NO INJURY / DRIVE AWAY,,true,$500 OR LESS,FAILING TO YIELD RIGHT-OF-WAY,2,NO INDICATION OF INJURY,0,0,41.8098057912,-87.6303010643,60609,,,,,,,
crash_03666,2023-08-29 18:03:00,2023,8,Aug,Tue,18,Evening commute,30,TRAFFIC SIGNAL,CLEAR,DAYLIGHT,TURNING,FOUR WAY,DRY,NO INJURY / DRIVE AWAY,true,,"OVER $1,500",FAILING TO YIELD RIGHT-OF-WAY,2,NO INDICATION OF INJURY,0,0,41.7863411982,-87.703204308,60629,"CHICAGO MIDWAY AIRPORT, IL US",76.0,61.0,60.0,0.0,10.0,17.0
crash_03667,2020-08-27 10:43:00,2020,8,Aug,Thu,10,Daytime,20,NO CONTROLS,CLEAR,DAYLIGHT,PARKED MOTOR VEHICLE,ONE-WAY,DRY,INJURY AND / OR TOW DUE TO CRASH,,true,$500 OR LESS,"OPERATING VEHICLE IN ERRATIC, RECKLESS, CARELESS, NEGLIGENT OR AGGRESSIVE MANNER",2,NO INDICATION OF INJURY,0,0,41.7606136143,-87.6307444604,60621,"CHICAGO MIDWAY AIRPORT, IL US",89.0,71.0,55.0,0.0,10.0,13.0
crash_03668,2025-07-31 12:15:00,2025,7,Jul,Thu,12,Daytime,25,NO CONTROLS,CLEAR,DAYLIGHT,ANGLE,NOT DIVIDED,DRY,NO INJURY / DRIVE AWAY,,,"OVER $1,500",UNABLE TO DETERMINE,2,NO INDICATION OF INJURY,0,0,41.6955454088,-87.6820065211,60655,"CHICAGO MIDWAY AIRPORT, IL US",76.0,59.0,56.0,0.0,4.0,17.0
crash_03669,2022-03-09 12:20:00,2022,3,Mar,Wed,12,Daytime,30,TRAFFIC SIGNAL,CLEAR,DAYLIGHT,SIDESWIPE SAME DIRECTION,ONE-WAY,DRY,NO INJURY / DRIVE AWAY,true,,"OVER $1,500",IMPROPER LANE USAGE,2,NO INDICATION OF INJURY,0,0,41.8964553134,-87.6256451665,60611,"CHICAGO MIDWAY AIRPORT, IL US",43.0,25.0,49.0,0.0,10.0,13.0
crash_03670,2023-08-14 16:18:00,2023,8,Aug,Mon,16,Evening commute,30,TRAFFIC SIGNAL,RAIN,DAWN,TURNING,NOT DIVIDED,WET,NO INJURY / DRIVE AWAY,true,,"OVER $1,500",FAILING TO YIELD RIGHT-OF-WAY,2,NO INDICATION OF INJURY,0,0,41.8993434371,-87.7024967196,60622,"CHICAGO MIDWAY AIRPORT, IL US",70.0,67.0,90.0,0.01,5.0,3.0
crash_03671,2025-05-02 13:31:00,2025,5,May,Fri,13,Daytime,30,STOP SIGN/FLASHER,CLEAR,DAYLIGHT,TURNING,NOT DIVIDED,DRY,INJURY AND / OR TOW DUE TO CRASH,true,,"OVER $1,500",UNABLE TO DETERMINE,2,"REPORTED, NOT EVIDENT",1,0,41.8925638874,-87.657920041,60642,"CHICAGO MIDWAY AIRPORT, IL US",55.0,42.0,62.0,0.0,10.0,9.0
crash_03672,2018-09-14 17:00:00,2018,9,Sep,Fri,17,Evening commute,30,TRAFFIC SIGNAL,CLEAR,DAYLIGHT,REAR END,NOT DIVIDED,UNKNOWN,NO INJURY / DRIVE AWAY,,,"$501 - $1,500",UNABLE TO DETERMINE,2,NO INDICATION OF INJURY,0,0,41.8660060394,-87.7448173762,60644,"CHICAGO MIDWAY AIRPORT, IL US",78.0,58.0,50.0,0.0,10.0,11.0
crash_03673,2019-02-13 07:15:00,2019,2,Feb,Wed,7,Morning commute,30,TRAFFIC SIGNAL,CLEAR,DAYLIGHT,REAR END,NOT DIVIDED,WET,NO INJURY / DRIVE AWAY,true,,"$501 - $1,500",UNABLE TO DETERMINE,2,NO INDICATION OF INJURY,0,0,41.942343366,-87.7662033899,60641,"CHICAGO OHARE INTERNATIONAL AIRPORT, IL US",11.0,8.0,88.0,0.0,10.0,16.0
crash_03674,2019-07-29 09:28:00,2019,7,Jul,Mon,9,Morning commute,35,NO CONTROLS,RAIN,DAYLIGHT,ANGLE,ONE-WAY,WET,NO INJURY / DRIVE AWAY,,,"OVER $1,500",FAILING TO YIELD RIGHT-OF-WAY,2,NO INDICATION OF INJURY,0,0,41.8073980087,-87.6213080061,60615,"CHICAGO MIDWAY AIRPORT, IL US",74.0,72.0,94.0,0.06,4.0,10.0
crash_03675,2023-10-07 16:15:00,2023,10,Oct,Sat,16,Evening commute,35,TRAFFIC SIGNAL,CLEAR,DAYLIGHT,SIDESWIPE SAME DIRECTION,NOT DIVIDED,DRY,NO INJURY / DRIVE AWAY,,,$500 OR LESS,NOT APPLICABLE,2,NO INDICATION OF INJURY,0,0,41.7829651275,-87.6641593298,60636,"CHICAGO MIDWAY AIRPORT, IL US",59.0,32.0,36.0,0.0,10.0,13.0
crash_03676,2020-05-05 14:50:00,2020,5,May,Tue,14,Daytime,35,TRAFFIC SIGNAL,RAIN,DAYLIGHT,PEDESTRIAN,NOT DIVIDED,WET,INJURY AND / OR TOW DUE TO CRASH,true,,"OVER $1,500",UNABLE TO DETERMINE,2,INCAPACITATING INJURY,1,0,41.8463568161,-87.681117595,60608,"CHICAGO MIDWAY AIRPORT, IL US",44.0,39.0,83.0,0.03,9.0,8.0
crash_03677,2025-12-09 12:50:00,2025,12,Dec,Tue,12,Daytime,30,TRAFFIC SIGNAL,CLEAR,DAYLIGHT,SIDESWIPE SAME DIRECTION,FOUR WAY,UNKNOWN,NO INJURY / DRIVE AWAY,,,"OVER $1,500",UNABLE TO DETERMINE,2,NO INDICATION OF INJURY,0,0,41.7213088303,-87.6625400064,60620,,,,,,,
crash_03678,2021-02-14 12:50:00,2021,2,Feb,Sun,12,Daytime,30,NO CONTROLS,CLEAR,DAYLIGHT,REAR TO SIDE,PARKING LOT,SNOW OR SLUSH,INJURY AND / OR TOW DUE TO CRASH,,true,"OVER $1,500",IMPROPER BACKING,2,NO INDICATION OF INJURY,0,0,41.8742722975,-87.7353902407,60624,"CHICAGO MIDWAY AIRPORT, IL US",5.0,-12.0,45.0,0.0,10.0,10.0
crash_03679,2023-09-29 20:56:00,2023,9,Sep,Fri,20,Night or early morning,30,TRAFFIC SIGNAL,UNKNOWN,"DARKNESS, LIGHTED ROAD",SIDESWIPE SAME DIRECTION,DIVIDED - W/MEDIAN (NOT RAISED),UNKNOWN,INJURY AND / OR TOW DUE TO CRASH,,,"OVER $1,500",UNABLE TO DETERMINE,3,NO INDICATION OF INJURY,0,0,41.8857608381,-87.6476240152,60607,"CHICAGO MIDWAY AIRPORT, IL US",67.0,61.0,81.0,0.0,10.0,8.0
crash_03680,2024-02-27 14:28:00,2024,2,Feb,Tue,14,Daytime,30,STOP SIGN/FLASHER,CLEAR,DAYLIGHT,ANGLE,NOT DIVIDED,DRY,NO INJURY / DRIVE AWAY,true,,"$501 - $1,500",DISREGARDING STOP SIGN,2,NO INDICATION OF INJURY,0,0,41.8843060149,-87.7651519065,60644,"CHICAGO MIDWAY AIRPORT, IL US",72.0,57.0,59.0,0.0,10.0,13.0
crash_03681,2025-06-20 09:00:00,2025,6,Jun,Fri,9,Morning commute,30,UNKNOWN,UNKNOWN,UNKNOWN,SIDESWIPE SAME DIRECTION,NOT DIVIDED,UNKNOWN,NO INJURY / DRIVE AWAY,,true,$500 OR LESS,DRIVING SKILLS/KNOWLEDGE/EXPERIENCE,2,NO INDICATION OF INJURY,0,0,41.9112245556,-87.6264825724,60610,"CHICAGO MIDWAY AIRPORT, IL US",76.0,62.0,62.0,0.0,10.0,11.0
crash_03682,2020-05-16 18:00:00,2020,5,May,Sat,18,Evening commute,30,STOP SIGN/FLASHER,CLEAR,DAYLIGHT,ANGLE,"FIVE POINT, OR MORE",DRY,INJURY AND / OR TOW DUE TO CRASH,true,,"OVER $1,500",FAILING TO YIELD RIGHT-OF-WAY,2,NONINCAPACITATING INJURY,1,0,41.8769487979,-87.7278733901,60624,"CHICAGO MIDWAY AIRPORT, IL US",60.0,50.0,70.0,0.0,10.0,16.0
crash_03683,2021-02-25 07:58:00,2021,2,Feb,Thu,7,Morning commute,30,TRAFFIC SIGNAL,CLEAR,DAYLIGHT,TURNING,FOUR WAY,DRY,NO INJURY / DRIVE AWAY,true,true,$500 OR LESS,FAILING TO YIELD RIGHT-OF-WAY,2,NO INDICATION OF INJURY,0,0,41.8670455815,-87.6468275,60607,"CHICAGO MIDWAY AIRPORT, IL US",28.0,23.0,81.0,0.0,10.0,7.0
crash_03684,2025-11-26 15:30:00,2025,11,Nov,Wed,15,Evening commute,30,NO CONTROLS,CLEAR,DAYLIGHT,SIDESWIPE SAME DIRECTION,NOT DIVIDED,DRY,NO INJURY / DRIVE AWAY,,,$500 OR LESS,UNABLE TO DETERMINE,2,NO INDICATION OF INJURY,0,0,41.8077026597,-87.743850738,60638,,,,,,,
crash_03685,2023-09-11 18:55:00,2023,9,Sep,Mon,18,Evening commute,30,NO CONTROLS,RAIN,"DARKNESS, LIGHTED ROAD",PEDESTRIAN,ALLEY,WET,INJURY AND / OR TOW DUE TO CRASH,,,$500 OR LESS,FAILING TO YIELD RIGHT-OF-WAY,2,"REPORTED, NOT EVIDENT",1,0,41.7854532974,-87.7230943008,60629,"CHICAGO MIDWAY AIRPORT, IL US",63.0,61.0,93.0,0.02,5.0,10.0
crash_03686,2024-10-20 08:55:00,2024,10,Oct,Sun,8,Morning commute,35,TRAFFIC SIGNAL,CLEAR,DAYLIGHT,SIDESWIPE SAME DIRECTION,NOT DIVIDED,DRY,NO INJURY / DRIVE AWAY,,,"OVER $1,500",NOT APPLICABLE,2,NO INDICATION OF INJURY,0,0,41.837168961,-87.7022524142,60623,"CHICAGO MIDWAY AIRPORT, IL US",57.0,40.0,53.0,0.0,10.0,8.0
crash_03687,2023-03-27 05:15:00,2023,3,Mar,Mon,5,Night or early morning,30,NO CONTROLS,CLEAR,"DARKNESS, LIGHTED ROAD",TURNING,NOT DIVIDED,DRY,INJURY AND / OR TOW DUE TO CRASH,true,,"OVER $1,500",IMPROPER TURNING/NO SIGNAL,2,NO INDICATION OF INJURY,0,0,41.9755639492,-87.7744803023,60630,"CHICAGO OHARE INTERNATIONAL AIRPORT, IL US",33.0,29.0,85.0,0.0,10.0,5.0
crash_03688,2025-09-17 13:15:00,2025,9,Sep,Wed,13,Daytime,30,NO CONTROLS,CLEAR,DAYLIGHT,ANGLE,NOT DIVIDED,DRY,NO INJURY / DRIVE AWAY,,,$500 OR LESS,DRIVING SKILLS/KNOWLEDGE/EXPERIENCE,2,NO INDICATION OF INJURY,0,0,41.7845601288,-87.7801559292,60638,,,,,,,
crash_03689,2023-09-22 18:20:00,2023,9,Sep,Fri,18,Evening commute,45,NO CONTROLS,CLEAR,DAYLIGHT,REAR END,DIVIDED - W/MEDIAN BARRIER,DRY,INJURY AND / OR TOW DUE TO CRASH,,,"OVER $1,500",FOLLOWING TOO CLOSELY,2,NONINCAPACITATING INJURY,1,0,41.8291951203,-87.6046926893,60653,"CHICAGO MIDWAY AIRPORT, IL US",76.0,60.0,58.0,0.0,10.0,8.0
crash_03690,2019-03-24 18:20:00,2019,3,Mar,Sun,18,Evening commute,30,TRAFFIC SIGNAL,RAIN,DAYLIGHT,REAR END,DIVIDED - W/MEDIAN (NOT RAISED),WET,NO INJURY / DRIVE AWAY,true,,"$501 - $1,500",FOLLOWING TOO CLOSELY,2,NO INDICATION OF INJURY,0,0,41.9400230856,-87.6396056977,60657,"CHICAGO MIDWAY AIRPORT, IL US",46.0,42.0,86.0,0.0,7.0,10.0
crash_03691,2018-09-19 10:30:00,2018,9,Sep,Wed,10,Daytime,30,NO CONTROLS,CLEAR,DAYLIGHT,SIDESWIPE SAME DIRECTION,NOT DIVIDED,DRY,NO INJURY / DRIVE AWAY,,,"OVER $1,500",IMPROPER LANE USAGE,2,NO INDICATION OF INJURY,0,0,41.7740207916,-87.6059364816,60637,"CHICAGO MIDWAY AIRPORT, IL US",75.0,60.0,60.0,0.0,10.0,9.0
crash_03692,2024-09-14 00:26:00,2024,9,Sep,Sat,0,Night or early morning,30,TRAFFIC SIGNAL,CLEAR,"DARKNESS, LIGHTED ROAD",SIDESWIPE OPPOSITE DIRECTION,NOT DIVIDED,DRY,INJURY AND / OR TOW DUE TO CRASH,,,"OVER $1,500",DRIVING ON WRONG SIDE/WRONG WAY,2,NONINCAPACITATING INJURY,1,0,41.7694177669,-87.6103206299,60637,"CHICAGO MIDWAY AIRPORT, IL US",73.0,58.0,59.0,0.0,10.0,6.0
crash_03693,2025-05-16 15:40:00,2025,5,May,Fri,15,Evening commute,10,NO CONTROLS,CLEAR,DAYLIGHT,SIDESWIPE SAME DIRECTION,PARKING LOT,DRY,NO INJURY / DRIVE AWAY,,,$500 OR LESS,UNABLE TO DETERMINE,2,NO INDICATION OF INJURY,0,0,41.9543447187,-87.6453496206,60613,"CHICAGO MIDWAY AIRPORT, IL US",88.0,41.0,19.0,0.0,10.0,23.0
crash_03694,2020-01-13 06:55:00,2020,1,Jan,Mon,6,Morning commute,30,NO CONTROLS,CLEAR,DAYLIGHT,REAR END,NOT DIVIDED,DRY,NO INJURY / DRIVE AWAY,,,"$501 - $1,500",FOLLOWING TOO CLOSELY,2,NO INDICATION OF INJURY,0,0,41.9729474079,-87.7482504811,60630,"CHICAGO OHARE INTERNATIONAL AIRPORT, IL US",31.0,25.0,79.0,0.0,10.0,10.0
crash_03695,2022-12-04 15:38:00,2022,12,Dec,Sun,15,Evening commute,30,NO CONTROLS,CLEAR,DUSK,ANGLE,NOT DIVIDED,DRY,NO INJURY / DRIVE AWAY,true,,"$501 - $1,500",UNABLE TO DETERMINE,2,NO INDICATION OF INJURY,0,0,41.9748474386,-87.7830453755,60630,"CHICAGO OHARE INTERNATIONAL AIRPORT, IL US",39.0,14.0,36.0,0.0,10.0,10.0
crash_03696,2025-09-20 11:50:00,2025,9,Sep,Sat,11,Daytime,30,TRAFFIC SIGNAL,CLEAR,DAYLIGHT,PEDESTRIAN,FOUR WAY,DRY,INJURY AND / OR TOW DUE TO CRASH,,true,"OVER $1,500",UNABLE TO DETERMINE,2,"REPORTED, NOT EVIDENT",1,0,41.7621362769,-87.6056334905,60619,,,,,,,
crash_03697,2019-08-29 16:40:00,2019,8,Aug,Thu,16,Evening commute,30,TRAFFIC SIGNAL,CLEAR,DAYLIGHT,REAR END,DIVIDED - W/MEDIAN (NOT RAISED),DRY,NO INJURY / DRIVE AWAY,true,,"$501 - $1,500",FOLLOWING TOO CLOSELY,2,NO INDICATION OF INJURY,0,0,41.7429247381,-87.6827455377,60652,"CHICAGO MIDWAY AIRPORT, IL US",83.0,65.0,55.0,0.0,10.0,22.0
crash_03698,2025-06-28 00:14:00,2025,6,Jun,Sat,0,Night or early morning,30,NO CONTROLS,CLEAR,"DARKNESS, LIGHTED ROAD",FIXED OBJECT,NOT DIVIDED,DRY,INJURY AND / OR TOW DUE TO CRASH,,,"OVER $1,500",UNDER THE INFLUENCE OF ALCOHOL/DRUGS (USE WHEN ARREST IS EFFECTED),1,NO INDICATION OF INJURY,0,0,41.7895046244,-87.644887609,60621,"CHICAGO MIDWAY AIRPORT, IL US",76.0,64.0,67.0,0.0,10.0,8.0
crash_03699,2018-04-01 14:30:00,2018,4,Apr,Sun,14,Daytime,30,UNKNOWN,CLEAR,DAYLIGHT,REAR END,NOT DIVIDED,DRY,NO INJURY / DRIVE AWAY,,true,"OVER $1,500",UNABLE TO DETERMINE,2,NO INDICATION OF INJURY,0,0,41.9277023144,-87.7686122121,60639,"CHICAGO OHARE INTERNATIONAL AIRPORT, IL US",34.0,10.0,37.0,0.0,10.0,9.0
crash_03700,2025-06-17 19:00:00,2025,6,Jun,Tue,19,Night or early morning,20,NO CONTROLS,CLEAR,UNKNOWN,PARKED MOTOR VEHICLE,NOT DIVIDED,DRY,NO INJURY / DRIVE AWAY,,true,"OVER $1,500",IMPROPER BACKING,2,NO INDICATION OF INJURY,0,0,41.7147130758,-87.6637100599,60643,"CHICAGO MIDWAY AIRPORT, IL US",89.0,65.0,45.0,0.0,10.0,13.0
crash_03701,2025-05-01 04:00:00,2025,5,May,Thu,4,Night or early morning,25,NO CONTROLS,RAIN,"DARKNESS, LIGHTED ROAD",PARKED MOTOR VEHICLE,ONE-WAY,WET,INJURY AND / OR TOW DUE TO CRASH,,,"OVER $1,500",DRIVING ON WRONG SIDE/WRONG WAY,3,NONINCAPACITATING INJURY,1,0,41.9492287724,-87.78285261,60634,"CHICAGO OHARE INTERNATIONAL AIRPORT, IL US",51.0,48.0,89.0,0.05,9.0,10.0
crash_03702,2024-03-26 12:45:00,2024,3,Mar,Tue,12,Daytime,30,TRAFFIC SIGNAL,CLOUDY/OVERCAST,DAYLIGHT,PARKED MOTOR VEHICLE,DIVIDED - W/MEDIAN (NOT RAISED),WET,NO INJURY / DRIVE AWAY,,,"OVER $1,500",UNABLE TO DETERMINE,2,NO INDICATION OF INJURY,0,0,41.8845243618,-87.627764549,60601,"CHICAGO MIDWAY AIRPORT, IL US",48.0,39.0,71.0,,10.0,23.0
crash_03703,2025-07-24 09:36:00,2025,7,Jul,Thu,9,Morning commute,25,NO CONTROLS,UNKNOWN,DAYLIGHT,PARKED MOTOR VEHICLE,NOT DIVIDED,UNKNOWN,INJURY AND / OR TOW DUE TO CRASH,,true,"OVER $1,500",UNABLE TO DETERMINE,2,NO INDICATION OF INJURY,0,0,41.9834349363,-87.6652232017,60640,"CHICAGO OHARE INTERNATIONAL AIRPORT, IL US",85.0,75.0,72.0,0.0,10.0,10.0
crash_03704,2023-12-30 18:51:00,2023,12,Dec,Sat,18,Evening commute,30,NO CONTROLS,CLEAR,DARKNESS,TURNING,NOT DIVIDED,DRY,INJURY AND / OR TOW DUE TO CRASH,true,,"OVER $1,500",UNABLE TO DETERMINE,3,NONINCAPACITATING INJURY,3,0,41.9176663805,-87.6895524171,60647,"CHICAGO MIDWAY AIRPORT, IL US",38.0,33.0,83.0,0.0,10.0,6.0
crash_03705,2024-05-03 14:00:00,2024,5,May,Fri,14,Daytime,30,TRAFFIC SIGNAL,CLEAR,DAYLIGHT,REAR TO SIDE,NOT DIVIDED,DRY,NO INJURY / DRIVE AWAY,,,"OVER $1,500",IMPROPER BACKING,2,NO INDICATION OF INJURY,0,0,41.8580532553,-87.705555636,60623,"CHICAGO MIDWAY AIRPORT, IL US",66.0,48.0,52.0,0.0,10.0,11.0
crash_03706,2023-09-06 15:09:00,2023,9,Sep,Wed,15,Evening commute,20,NO CONTROLS,UNKNOWN,DAYLIGHT,SIDESWIPE SAME DIRECTION,UNKNOWN,UNKNOWN,NO INJURY / DRIVE AWAY,,,"$501 - $1,500",UNABLE TO DETERMINE,2,NO INDICATION OF INJURY,0,0,41.8470829281,-87.7260856184,60623,"CHICAGO MIDWAY AIRPORT, IL US",78.0,61.0,56.0,0.0,10.0,17.0