crash_id,crash_datetime,crash_year,crash_month,crash_month_name,crash_weekday_name,crash_hour,time_period,posted_speed_limit_mph,traffic_control_device,reported_weather_condition,reported_lighting_condition,first_crash_type,trafficway_type,reported_road_surface_condition,crash_type,intersection_related,hit_and_run,estimated_damage,primary_contributory_cause,unit_count,most_severe_injury,injuries_total,injuries_fatal,latitude,longitude,zip5,weather_station_name,temperature_f,dew_point_f,relative_humidity_percent,precipitation_inches,visibility_miles,wind_speed_mph
crash_03707,2022-10-06 14:00:00,2022,10,Oct,Thu,14,Daytime,10,NO CONTROLS,UNKNOWN,UNKNOWN,PARKED MOTOR VEHICLE,PARKING LOT,UNKNOWN,NO INJURY / DRIVE AWAY,,,"OVER $1,500",UNABLE TO DETERMINE,2,NO INDICATION OF INJURY,0,0,41.9244614441,-87.7380036291,60639,"CHICAGO MIDWAY AIRPORT, IL US",76.0,50.0,40.0,0.0,10.0,9.0
crash_03708,2022-10-30 12:50:00,2022,10,Oct,Sun,12,Daytime,30,TRAFFIC SIGNAL,CLEAR,DAYLIGHT,REAR END,NOT DIVIDED,DRY,NO INJURY / DRIVE AWAY,,,"OVER $1,500",NOT APPLICABLE,2,NO INDICATION OF INJURY,0,0,41.7971164238,-87.7525495457,60638,"CHICAGO MIDWAY AIRPORT, IL US",65.0,42.0,43.0,0.0,10.0,5.0
crash_03709,2021-09-17 13:30:00,2021,9,Sep,Fri,13,Daytime,30,NO CONTROLS,CLEAR,DAYLIGHT,SIDESWIPE SAME DIRECTION,NOT DIVIDED,DRY,NO INJURY / DRIVE AWAY,,,"OVER $1,500",DRIVING SKILLS/KNOWLEDGE/EXPERIENCE,2,NO INDICATION OF INJURY,0,0,41.7732928959,-87.5864423683,60637,"CHICAGO MIDWAY AIRPORT, IL US",88.0,52.0,29.0,0.0,10.0,8.0
crash_03710,2025-04-12 03:50:00,2025,4,Apr,Sat,3,Night or early morning,30,TRAFFIC SIGNAL,CLEAR,"DARKNESS, LIGHTED ROAD",ANGLE,DIVIDED - W/MEDIAN (NOT RAISED),DRY,NO INJURY / DRIVE AWAY,,true,"$501 - $1,500",DISREGARDING TRAFFIC SIGNALS,2,NO INDICATION OF INJURY,0,0,41.9102509232,-87.7070236502,60647,"CHICAGO MIDWAY AIRPORT, IL US",39.0,26.0,60.0,0.0,10.0,0.0
crash_03711,2023-05-24 22:19:00,2023,5,May,Wed,22,Night or early morning,30,TRAFFIC SIGNAL,CLEAR,DAYLIGHT,ANGLE,FOUR WAY,DRY,INJURY AND / OR TOW DUE TO CRASH,true,,"OVER $1,500",DISREGARDING TRAFFIC SIGNALS,3,"REPORTED, NOT EVIDENT",3,0,41.874007766,-87.6863826068,60612,"CHICAGO MIDWAY AIRPORT, IL US",56.0,40.0,55.0,0.0,10.0,10.0
crash_03712,2018-01-19 08:00:00,2018,1,Jan,Fri,8,Morning commute,30,NO CONTROLS,CLEAR,DAYLIGHT,REAR END,NOT DIVIDED,DRY,NO INJURY / DRIVE AWAY,,,"OVER $1,500",UNABLE TO DETERMINE,2,NO INDICATION OF INJURY,0,0,41.925516848,-87.6382218897,60614,"CHICAGO MIDWAY AIRPORT, IL US",30.0,19.0,64.0,0.0,10.0,13.0
crash_03713,2021-07-28 16:10:00,2021,7,Jul,Wed,16,Evening commute,30,TRAFFIC SIGNAL,CLEAR,DAYLIGHT,SIDESWIPE SAME DIRECTION,NOT DIVIDED,DRY,NO INJURY / DRIVE AWAY,,true,"$501 - $1,500",IMPROPER OVERTAKING/PASSING,2,NO INDICATION OF INJURY,0,0,41.779853803,-87.631809648,60621,"CHICAGO MIDWAY AIRPORT, IL US",89.0,72.0,57.0,0.0,10.0,10.0
crash_03714,2018-10-20 00:00:00,2018,10,Oct,Sat,0,Night or early morning,35,TRAFFIC SIGNAL,CLOUDY/OVERCAST,"DARKNESS, LIGHTED ROAD",REAR END,CENTER TURN LANE,WET,NO INJURY / DRIVE AWAY,,,"$501 - $1,500",FAILING TO REDUCE SPEED TO AVOID CRASH,2,NO INDICATION OF INJURY,0,0,41.8157845921,-87.6847774553,60632,"CHICAGO MIDWAY AIRPORT, IL US",52.0,47.0,83.0,0.0,10.0,8.0
crash_03715,2022-10-11 17:40:00,2022,10,Oct,Tue,17,Evening commute,30,TRAFFIC SIGNAL,RAIN,"DARKNESS, LIGHTED ROAD",ANGLE,FOUR WAY,WET,INJURY AND / OR TOW DUE TO CRASH,true,,"OVER $1,500",WEATHER,2,"REPORTED, NOT EVIDENT",1,0,41.9253266383,-87.6633926205,60614,"CHICAGO MIDWAY AIRPORT, IL US",62.0,57.0,84.0,0.08,5.0,18.0
crash_03716,2024-09-16 14:38:00,2024,9,Sep,Mon,14,Daytime,30,UNKNOWN,CLEAR,DAYLIGHT,REAR END,DIVIDED - W/MEDIAN BARRIER,UNKNOWN,NO INJURY / DRIVE AWAY,,,"OVER $1,500",UNABLE TO DETERMINE,2,NO INDICATION OF INJURY,0,0,41.9118569525,-87.6261695233,60614,"CHICAGO MIDWAY AIRPORT, IL US",89.0,42.0,19.0,0.0,10.0,15.0
crash_03717,2023-05-31 12:25:00,2023,5,May,Wed,12,Daytime,30,TRAFFIC SIGNAL,CLEAR,DAYLIGHT,TURNING,DIVIDED - W/MEDIAN BARRIER,DRY,NO INJURY / DRIVE AWAY,,,"OVER $1,500",DRIVING SKILLS/KNOWLEDGE/EXPERIENCE,2,NO INDICATION OF INJURY,0,0,41.7496110192,-87.703987352,60652,"CHICAGO MIDWAY AIRPORT, IL US",90.0,59.0,35.0,0.0,10.0,9.0
crash_03718,2022-09-19 15:00:00,2022,9,Sep,Mon,15,Evening commute,30,TRAFFIC SIGNAL,CLEAR,DAYLIGHT,REAR END,NOT DIVIDED,DRY,NO INJURY / DRIVE AWAY,true,true,"$501 - $1,500",FAILING TO REDUCE SPEED TO AVOID CRASH,2,NO INDICATION OF INJURY,0,0,41.750973465,-87.6295563059,60620,"CHICAGO MIDWAY AIRPORT, IL US",78.0,57.0,48.0,0.0,10.0,9.0
crash_03719,2019-03-20 18:31:00,2019,3,Mar,Wed,18,Evening commute,30,NO CONTROLS,CLEAR,DAYLIGHT,SIDESWIPE SAME DIRECTION,NOT DIVIDED,DRY,INJURY AND / OR TOW DUE TO CRASH,,,"OVER $1,500",NOT APPLICABLE,2,NO INDICATION OF INJURY,0,0,41.8827046971,-87.7042145276,60612,"CHICAGO MIDWAY AIRPORT, IL US",44.0,40.0,85.0,,5.0,7.0
crash_03720,2020-09-19 14:40:00,2020,9,Sep,Sat,14,Daytime,30,NO CONTROLS,CLEAR,DAYLIGHT,SIDESWIPE SAME DIRECTION,ONE-WAY,DRY,NO INJURY / DRIVE AWAY,,true,"$501 - $1,500",FAILING TO REDUCE SPEED TO AVOID CRASH,2,NO INDICATION OF INJURY,0,0,41.8185348971,-87.6314109469,60609,"CHICAGO MIDWAY AIRPORT, IL US",64.0,38.0,38.0,0.0,10.0,9.0
crash_03721,2021-06-06 16:00:00,2021,6,Jun,Sun,16,Evening commute,30,TRAFFIC SIGNAL,CLEAR,DAYLIGHT,REAR END,NOT DIVIDED,DRY,NO INJURY / DRIVE AWAY,,true,"$501 - $1,500",FOLLOWING TOO CLOSELY,2,NO INDICATION OF INJURY,0,0,41.9460875414,-87.7469149796,60641,"CHICAGO OHARE INTERNATIONAL AIRPORT, IL US",86.0,63.0,46.0,0.0,10.0,18.0
crash_03722,2018-12-29 21:06:00,2018,12,Dec,Sat,21,Night or early morning,30,NO CONTROLS,SNOW,"DARKNESS, LIGHTED ROAD",ANGLE,NOT DIVIDED,WET,NO INJURY / DRIVE AWAY,,,"$501 - $1,500",IMPROPER LANE USAGE,2,NO INDICATION OF INJURY,0,0,41.8374507132,-87.7278639695,60623,"CHICAGO MIDWAY AIRPORT, IL US",27.0,22.0,81.0,0.0,10.0,11.0
crash_03723,2022-10-21 05:20:00,2022,10,Oct,Fri,5,Night or early morning,30,TRAFFIC SIGNAL,CLEAR,"DARKNESS, LIGHTED ROAD",REAR END,NOT DIVIDED,DRY,INJURY AND / OR TOW DUE TO CRASH,,true,"OVER $1,500",UNABLE TO DETERMINE,2,NO INDICATION OF INJURY,0,0,41.9107150632,-87.6540281597,60642,"CHICAGO MIDWAY AIRPORT, IL US",46.0,33.0,61.0,0.0,10.0,7.0
crash_03724,2025-09-16 22:00:00,2025,9,Sep,Tue,22,Night or early morning,25,TRAFFIC SIGNAL,CLEAR,"DARKNESS, LIGHTED ROAD",ANGLE,DIVIDED - W/MEDIAN BARRIER,DRY,NO INJURY / DRIVE AWAY,true,true,"OVER $1,500",FAILING TO YIELD RIGHT-OF-WAY,2,NO INDICATION OF INJURY,0,0,,,,,,,,,,
crash_03725,2019-01-24 15:55:00,2019,1,Jan,Thu,15,Evening commute,30,NO CONTROLS,SNOW,DUSK,SIDESWIPE SAME DIRECTION,NOT DIVIDED,SNOW OR SLUSH,NO INJURY / DRIVE AWAY,,,"OVER $1,500",IMPROPER OVERTAKING/PASSING,2,NO INDICATION OF INJURY,0,0,41.7794865641,-87.7209518629,60629,"CHICAGO MIDWAY AIRPORT, IL US",22.0,17.0,82.0,0.0,3.0,15.0
crash_03726,2018-08-18 15:03:00,2018,8,Aug,Sat,15,Evening commute,35,NO CONTROLS,CLEAR,DAYLIGHT,REAR END,NOT DIVIDED,DRY,NO INJURY / DRIVE AWAY,,,"OVER $1,500",FOLLOWING TOO CLOSELY,2,NO INDICATION OF INJURY,0,0,41.9928646682,-87.7574776867,60646,"CHICAGO OHARE INTERNATIONAL AIRPORT, IL US",79.0,65.0,62.0,0.0,10.0,13.0
crash_03727,2022-04-29 15:49:00,2022,4,Apr,Fri,15,Evening commute,35,TRAFFIC SIGNAL,CLEAR,DAYLIGHT,REAR END,NOT DIVIDED,DRY,NO INJURY / DRIVE AWAY,,,"OVER $1,500",UNABLE TO DETERMINE,3,NO INDICATION OF INJURY,0,0,41.6905717012,-87.665826382,60643,"CHICAGO MIDWAY AIRPORT, IL US",69.0,39.0,33.0,0.0,10.0,21.0
crash_03728,2018-01-03 17:40:00,2018,1,Jan,Wed,17,Evening commute,30,TRAFFIC SIGNAL,SNOW,"DARKNESS, LIGHTED ROAD",REAR END,DIVIDED - W/MEDIAN (NOT RAISED),UNKNOWN,NO INJURY / DRIVE AWAY,,,"OVER $1,500",FOLLOWING TOO CLOSELY,2,NO INDICATION OF INJURY,0,0,41.8311215749,-87.6267068009,60616,"CHICAGO MIDWAY AIRPORT, IL US",14.0,3.0,61.0,0.0,10.0,11.0
crash_03729,2021-11-29 18:30:00,2021,11,Nov,Mon,18,Evening commute,30,NO CONTROLS,CLEAR,DARKNESS,PARKED MOTOR VEHICLE,NOT DIVIDED,DRY,NO INJURY / DRIVE AWAY,,true,"OVER $1,500",FAILING TO YIELD RIGHT-OF-WAY,2,NO INDICATION OF INJURY,0,0,41.9425340265,-87.8070569275,60634,"CHICAGO OHARE INTERNATIONAL AIRPORT, IL US",40.0,24.0,53.0,0.0,10.0,13.0
crash_03730,2020-01-04 17:51:00,2020,1,Jan,Sat,17,Evening commute,30,TRAFFIC SIGNAL,CLEAR,"DARKNESS, LIGHTED ROAD",TURNING,FOUR WAY,DRY,NO INJURY / DRIVE AWAY,true,,"$501 - $1,500",FOLLOWING TOO CLOSELY,2,NO INDICATION OF INJURY,0,0,41.9677698157,-87.7607034297,60630,"CHICAGO OHARE INTERNATIONAL AIRPORT, IL US",29.0,19.0,66.0,0.0,10.0,11.0
crash_03731,2025-06-11 17:40:00,2025,6,Jun,Wed,17,Evening commute,30,NO CONTROLS,CLEAR,DAYLIGHT,REAR END,NOT DIVIDED,DRY,NO INJURY / DRIVE AWAY,,,"OVER $1,500",UNABLE TO DETERMINE,2,NO INDICATION OF INJURY,0,0,41.9594789847,-87.6468511136,60613,"CHICAGO MIDWAY AIRPORT, IL US",90.0,57.0,33.0,0.0,10.0,15.0
crash_03732,2018-09-06 21:35:00,2018,9,Sep,Thu,21,Night or early morning,5,NO CONTROLS,CLEAR,"DARKNESS, LIGHTED ROAD",ANGLE,PARKING LOT,DRY,NO INJURY / DRIVE AWAY,,,"OVER $1,500",IMPROPER BACKING,2,NO INDICATION OF INJURY,0,0,41.9530102332,-87.7877071626,60634,"CHICAGO OHARE INTERNATIONAL AIRPORT, IL US",67.0,56.0,68.0,0.0,10.0,11.0
crash_03733,2022-03-20 10:00:00,2022,3,Mar,Sun,10,Daytime,30,NO CONTROLS,CLEAR,UNKNOWN,PARKED MOTOR VEHICLE,NOT DIVIDED,DRY,INJURY AND / OR TOW DUE TO CRASH,,true,"OVER $1,500",UNABLE TO DETERMINE,2,NO INDICATION OF INJURY,0,0,41.7466271207,-87.6354482145,60620,"CHICAGO MIDWAY AIRPORT, IL US",47.0,35.0,63.0,0.0,10.0,3.0
crash_03734,2023-09-28 19:02:00,2023,9,Sep,Thu,19,Night or early morning,30,NO CONTROLS,CLEAR,DAYLIGHT,PEDALCYCLIST,FOUR WAY,DRY,INJURY AND / OR TOW DUE TO CRASH,true,true,"OVER $1,500",FAILING TO YIELD RIGHT-OF-WAY,2,NONINCAPACITATING INJURY,1,0,41.8912927853,-87.7504269169,60644,"CHICAGO MIDWAY AIRPORT, IL US",66.0,58.0,75.0,0.0,10.0,7.0
crash_03735,2024-06-01 23:30:00,2024,6,Jun,Sat,23,Night or early morning,30,TRAFFIC SIGNAL,CLEAR,DARKNESS,REAR END,NOT DIVIDED,UNKNOWN,NO INJURY / DRIVE AWAY,true,true,"OVER $1,500",FAILING TO YIELD RIGHT-OF-WAY,2,NO INDICATION OF INJURY,0,0,41.879951968,-87.6764632939,60612,"CHICAGO MIDWAY AIRPORT, IL US",61.0,59.0,93.0,0.0,2.0,9.0
crash_03736,2024-12-30 20:01:00,2024,12,Dec,Mon,20,Night or early morning,30,NO CONTROLS,CLEAR,DARKNESS,SIDESWIPE SAME DIRECTION,OTHER,DRY,INJURY AND / OR TOW DUE TO CRASH,,,"$501 - $1,500",UNABLE TO DETERMINE,2,NONINCAPACITATING INJURY,1,0,41.8932567111,-87.6370077971,60654,"CHICAGO MIDWAY AIRPORT, IL US",41.0,36.0,82.0,,10.0,3.0
crash_03737,2020-10-23 11:15:00,2020,10,Oct,Fri,11,Daytime,30,TRAFFIC SIGNAL,RAIN,DAYLIGHT,TURNING,FOUR WAY,WET,NO INJURY / DRIVE AWAY,,,"OVER $1,500",UNABLE TO DETERMINE,2,NO INDICATION OF INJURY,0,0,41.7650192584,-87.6637378667,60636,"CHICAGO MIDWAY AIRPORT, IL US",52.0,49.0,89.0,0.12,5.0,8.0
crash_03738,2023-01-22 06:30:00,2023,1,Jan,Sun,6,Morning commute,25,NO CONTROLS,SNOW,"DARKNESS, LIGHTED ROAD",PEDESTRIAN,ONE-WAY,WET,INJURY AND / OR TOW DUE TO CRASH,,,$500 OR LESS,DRIVING SKILLS/KNOWLEDGE/EXPERIENCE,2,NONINCAPACITATING INJURY,1,0,41.9754846569,-87.7011940497,60625,"CHICAGO OHARE INTERNATIONAL AIRPORT, IL US",30.0,27.0,86.0,,1.5,0.0
crash_03739,2021-07-05 04:30:00,2021,7,Jul,Mon,4,Night or early morning,30,NO CONTROLS,CLEAR,"DARKNESS, LIGHTED ROAD",OTHER OBJECT,OTHER,DRY,INJURY AND / OR TOW DUE TO CRASH,,true,"OVER $1,500",DRIVING ON WRONG SIDE/WRONG WAY,2,NO INDICATION OF INJURY,0,0,41.9947933861,-87.8827076595,60666,"CHICAGO OHARE INTERNATIONAL AIRPORT, IL US",74.0,67.0,79.0,0.0,10.0,9.0
crash_03740,2025-11-26 10:25:00,2025,11,Nov,Wed,10,Daytime,30,NO CONTROLS,SEVERE CROSS WIND GATE,DAYLIGHT,ANGLE,ALLEY,DRY,NO INJURY / DRIVE AWAY,,,"$501 - $1,500",IMPROPER BACKING,2,NO INDICATION OF INJURY,0,0,41.9605139195,-87.7554420237,60641,,,,,,,
crash_03741,2020-01-25 12:30:00,2020,1,Jan,Sat,12,Daytime,30,TRAFFIC SIGNAL,SNOW,DAYLIGHT,PARKED MOTOR VEHICLE,DIVIDED - W/MEDIAN (NOT RAISED),WET,NO INJURY / DRIVE AWAY,,true,"$501 - $1,500",NOT APPLICABLE,2,NO INDICATION OF INJURY,0,0,41.8310678022,-87.6767736077,60608,"CHICAGO MIDWAY AIRPORT, IL US",35.0,33.0,93.0,0.01,3.0,11.0
crash_03742,2022-07-28 15:12:00,2022,7,Jul,Thu,15,Evening commute,30,NO CONTROLS,CLEAR,DAYLIGHT,SIDESWIPE SAME DIRECTION,NOT DIVIDED,DRY,NO INJURY / DRIVE AWAY,,true,"$501 - $1,500",IMPROPER LANE USAGE,2,NO INDICATION OF INJURY,0,0,41.9549217676,-87.7669105239,60641,"CHICAGO OHARE INTERNATIONAL AIRPORT, IL US",79.0,54.0,42.0,0.0,10.0,10.0
crash_03743,2023-05-07 21:09:00,2023,5,May,Sun,21,Night or early morning,30,NO CONTROLS,CLEAR,"DARKNESS, LIGHTED ROAD",PARKED MOTOR VEHICLE,PARKING LOT,DRY,NO INJURY / DRIVE AWAY,,true,"OVER $1,500",IMPROPER BACKING,2,NO INDICATION OF INJURY,0,0,41.9622348116,-87.7277137182,60625,"CHICAGO OHARE INTERNATIONAL AIRPORT, IL US",58.0,51.0,78.0,0.0,10.0,10.0
crash_03744,2022-06-10 09:53:00,2022,6,Jun,Fri,9,Morning commute,30,STOP SIGN/FLASHER,CLEAR,DAYLIGHT,REAR END,FOUR WAY,DRY,NO INJURY / DRIVE AWAY,true,true,$500 OR LESS,UNABLE TO DETERMINE,2,NO INDICATION OF INJURY,0,0,41.756792338,-87.5908133525,60619,"CHICAGO MIDWAY AIRPORT, IL US",76.0,51.0,42.0,0.0,10.0,9.0
crash_03745,2022-07-06 12:30:00,2022,7,Jul,Wed,12,Daytime,10,NO CONTROLS,CLEAR,DAYLIGHT,ANGLE,PARKING LOT,DRY,NO INJURY / DRIVE AWAY,,,"OVER $1,500",UNABLE TO DETERMINE,2,NO INDICATION OF INJURY,0,0,41.7863411982,-87.703204308,60629,"CHICAGO MIDWAY AIRPORT, IL US",80.0,67.0,64.0,0.0,10.0,9.0
crash_03746,2024-03-15 16:00:00,2024,3,Mar,Fri,16,Evening commute,30,TRAFFIC SIGNAL,CLEAR,DAYLIGHT,TURNING,NOT DIVIDED,DRY,INJURY AND / OR TOW DUE TO CRASH,true,,"OVER $1,500",FAILING TO REDUCE SPEED TO AVOID CRASH,2,NO INDICATION OF INJURY,0,0,41.835597487,-87.6658376996,60608,"CHICAGO MIDWAY AIRPORT, IL US",47.0,36.0,66.0,0.0,10.0,14.0
crash_03747,2020-07-17 15:20:00,2020,7,Jul,Fri,15,Evening commute,30,STOP SIGN/FLASHER,CLEAR,DAYLIGHT,TURNING,NOT DIVIDED,DRY,NO INJURY / DRIVE AWAY,true,,"OVER $1,500",FAILING TO YIELD RIGHT-OF-WAY,2,NO INDICATION OF INJURY,0,0,41.8125266311,-87.6503670026,60609,"CHICAGO MIDWAY AIRPORT, IL US",87.0,64.0,46.0,0.0,10.0,5.0
crash_03748,2023-08-28 15:45:00,2023,8,Aug,Mon,15,Evening commute,30,NO CONTROLS,CLEAR,DAYLIGHT,SIDESWIPE SAME DIRECTION,ONE-WAY,DRY,NO INJURY / DRIVE AWAY,,,"$501 - $1,500",UNABLE TO DETERMINE,2,NO INDICATION OF INJURY,0,0,41.8623541817,-87.7096086025,60623,"CHICAGO MIDWAY AIRPORT, IL US",77.0,51.0,40.0,0.0,10.0,7.0
crash_03749,2024-07-15 09:18:00,2024,7,Jul,Mon,9,Morning commute,30,TRAFFIC SIGNAL,CLEAR,DAYLIGHT,TURNING,FOUR WAY,DRY,INJURY AND / OR TOW DUE TO CRASH,true,,"OVER $1,500",UNABLE TO DETERMINE,2,NO INDICATION OF INJURY,0,0,41.9026194007,-87.7362732824,60651,"CHICAGO MIDWAY AIRPORT, IL US",76.0,68.0,77.0,0.0,10.0,9.0
crash_03750,2020-05-08 16:00:00,2020,5,May,Fri,16,Evening commute,40,NO CONTROLS,CLEAR,DAYLIGHT,OTHER OBJECT,DIVIDED - W/MEDIAN BARRIER,DRY,NO INJURY / DRIVE AWAY,,,$500 OR LESS,ROAD ENGINEERING/SURFACE/MARKING DEFECTS,1,NO INDICATION OF INJURY,0,0,41.9009589191,-87.6199281737,60611,"CHICAGO MIDWAY AIRPORT, IL US",42.0,22.0,45.0,0.0,10.0,16.0
crash_03751,2022-10-17 12:45:00,2022,10,Oct,Mon,12,Daytime,30,TRAFFIC SIGNAL,CLEAR,DAYLIGHT,REAR END,DIVIDED - W/MEDIAN (NOT RAISED),DRY,INJURY AND / OR TOW DUE TO CRASH,,,"OVER $1,500",FOLLOWING TOO CLOSELY,2,"REPORTED, NOT EVIDENT",1,0,41.7564004067,-87.6248696859,60620,"CHICAGO MIDWAY AIRPORT, IL US",43.0,27.0,53.0,0.0,10.0,15.0
crash_03752,2023-01-10 14:35:00,2023,1,Jan,Tue,14,Daytime,30,STOP SIGN/FLASHER,CLEAR,DAYLIGHT,PEDESTRIAN,DIVIDED - W/MEDIAN (NOT RAISED),DRY,INJURY AND / OR TOW DUE TO CRASH,,true,$500 OR LESS,FAILING TO YIELD RIGHT-OF-WAY,2,NONINCAPACITATING INJURY,1,0,41.9493588109,-87.7719597273,60634,"CHICAGO OHARE INTERNATIONAL AIRPORT, IL US",49.0,35.0,59.0,0.0,10.0,5.0
crash_03753,2020-07-05 14:00:00,2020,7,Jul,Sun,14,Daytime,30,NO CONTROLS,CLEAR,DAYLIGHT,PARKED MOTOR VEHICLE,ONE-WAY,DRY,NO INJURY / DRIVE AWAY,,true,"OVER $1,500",UNABLE TO DETERMINE,2,NO INDICATION OF INJURY,0,0,41.8840628007,-87.7689521391,60644,"CHICAGO MIDWAY AIRPORT, IL US",89.0,62.0,41.0,0.0,10.0,9.0
crash_03754,2024-02-15 05:50:00,2024,2,Feb,Thu,5,Night or early morning,30,TRAFFIC SIGNAL,RAIN,DUSK,TURNING,FOUR WAY,WET,INJURY AND / OR TOW DUE TO CRASH,true,,"OVER $1,500",IMPROPER TURNING/NO SIGNAL,2,"REPORTED, NOT EVIDENT",1,0,41.8348497483,-87.6706075416,60608,"CHICAGO MIDWAY AIRPORT, IL US",43.0,38.0,82.0,0.02,6.0,10.0
crash_03755,2025-04-04 18:58:00,2025,4,Apr,Fri,18,Evening commute,30,NO CONTROLS,CLEAR,"DARKNESS, LIGHTED ROAD",PARKED MOTOR VEHICLE,NOT DIVIDED,WET,NO INJURY / DRIVE AWAY,,,"OVER $1,500",IMPROPER OVERTAKING/PASSING,2,NO INDICATION OF INJURY,0,0,41.9317019925,-87.6468410014,60614,"CHICAGO MIDWAY AIRPORT, IL US",45.0,37.0,74.0,0.0,10.0,13.0
crash_03756,2023-04-28 11:30:00,2023,4,Apr,Fri,11,Daytime,30,TRAFFIC SIGNAL,CLEAR,DARKNESS,SIDESWIPE SAME DIRECTION,DIVIDED - W/MEDIAN (NOT RAISED),DRY,NO INJURY / DRIVE AWAY,,true,$500 OR LESS,UNABLE TO DETERMINE,2,NO INDICATION OF INJURY,0,0,41.8968049724,-87.6170274232,60611,"CHICAGO MIDWAY AIRPORT, IL US",57.0,37.0,47.0,0.0,10.0,9.0
crash_03757,2022-09-18 13:39:00,2022,9,Sep,Sun,13,Daytime,25,STOP SIGN/FLASHER,CLEAR,DAYLIGHT,ANGLE,FOUR WAY,DRY,INJURY AND / OR TOW DUE TO CRASH,true,,"OVER $1,500",FAILING TO REDUCE SPEED TO AVOID CRASH,2,"REPORTED, NOT EVIDENT",1,0,41.699630227,-87.6342248094,60628,"CHICAGO MIDWAY AIRPORT, IL US",84.0,63.0,49.0,0.0,10.0,14.0
crash_03758,2023-06-04 00:00:00,2023,6,Jun,Sun,0,Night or early morning,25,NO CONTROLS,CLEAR,"DARKNESS, LIGHTED ROAD",PARKED MOTOR VEHICLE,NOT DIVIDED,DRY,NO INJURY / DRIVE AWAY,,,"$501 - $1,500",UNABLE TO DETERMINE,2,NO INDICATION OF INJURY,0,0,41.7831832036,-87.7173227283,60629,"CHICAGO MIDWAY AIRPORT, IL US",71.0,58.0,63.0,0.0,10.0,7.0
crash_03759,2020-03-30 13:12:00,2020,3,Mar,Mon,13,Daytime,30,NO CONTROLS,CLEAR,DAYLIGHT,FIXED OBJECT,DIVIDED - W/MEDIAN (NOT RAISED),DRY,INJURY AND / OR TOW DUE TO CRASH,,,"OVER $1,500",FAILING TO REDUCE SPEED TO AVOID CRASH,1,NO INDICATION OF INJURY,0,0,41.7307127332,-87.6822186275,60620,"CHICAGO MIDWAY AIRPORT, IL US",49.0,32.0,52.0,0.0,10.0,13.0
crash_03760,2021-10-24 06:00:00,2021,10,Oct,Sun,6,Morning commute,30,NO CONTROLS,CLEAR,"DARKNESS, LIGHTED ROAD",PARKED MOTOR VEHICLE,NOT DIVIDED,DRY,INJURY AND / OR TOW DUE TO CRASH,,true,"OVER $1,500","OPERATING VEHICLE IN ERRATIC, RECKLESS, CARELESS, NEGLIGENT OR AGGRESSIVE MANNER",3,NO INDICATION OF INJURY,0,0,41.75968328,-87.655302253,60636,"CHICAGO MIDWAY AIRPORT, IL US",47.0,36.0,66.0,0.0,10.0,7.0
crash_03761,2020-01-15 07:31:00,2020,1,Jan,Wed,7,Morning commute,30,TRAFFIC SIGNAL,CLEAR,DAYLIGHT,SIDESWIPE SAME DIRECTION,DIVIDED - W/MEDIAN (NOT RAISED),DRY,NO INJURY / DRIVE AWAY,,,"$501 - $1,500",IMPROPER LANE USAGE,2,NO INDICATION OF INJURY,0,0,41.9543610718,-87.7277842317,60641,"CHICAGO OHARE INTERNATIONAL AIRPORT, IL US",33.0,31.0,92.0,0.0,5.0,9.0
crash_03762,2023-06-13 14:45:00,2023,6,Jun,Tue,14,Daytime,30,NO CONTROLS,RAIN,DAYLIGHT,SIDESWIPE SAME DIRECTION,DIVIDED - W/MEDIAN (NOT RAISED),WET,INJURY AND / OR TOW DUE TO CRASH,,true,"OVER $1,500",FAILING TO REDUCE SPEED TO AVOID CRASH,2,NO INDICATION OF INJURY,0,0,41.733749478,-87.5403460256,60617,"CHICAGO MIDWAY AIRPORT, IL US",62.0,57.0,84.0,0.04,6.0,10.0
crash_03763,2022-08-19 13:45:00,2022,8,Aug,Fri,13,Daytime,30,STOP SIGN/FLASHER,CLEAR,DAYLIGHT,PARKED MOTOR VEHICLE,NOT DIVIDED,DRY,INJURY AND / OR TOW DUE TO CRASH,,,"OVER $1,500",UNABLE TO DETERMINE,2,NO INDICATION OF INJURY,0,0,41.7975510875,-87.7967477183,60638,"CHICAGO MIDWAY AIRPORT, IL US",86.0,58.0,39.0,,10.0,13.0
crash_03764,2018-02-17 15:30:00,2018,2,Feb,Sat,15,Evening commute,30,TRAFFIC SIGNAL,SNOW,DAYLIGHT,REAR END,DIVIDED - W/MEDIAN (NOT RAISED),SNOW OR SLUSH,NO INJURY / DRIVE AWAY,,,"OVER $1,500",UNABLE TO DETERMINE,2,NO INDICATION OF INJURY,0,0,41.9538492261,-87.6883148561,60618,"CHICAGO MIDWAY AIRPORT, IL US",33.0,31.0,92.0,0.01,0.5,9.0
crash_03765,2023-03-23 08:50:00,2023,3,Mar,Thu,8,Morning commute,30,NO CONTROLS,RAIN,DAYLIGHT,TURNING,DIVIDED - W/MEDIAN (NOT RAISED),WET,NO INJURY / DRIVE AWAY,,,"OVER $1,500",UNABLE TO DETERMINE,2,NO INDICATION OF INJURY,0,0,41.807737271,-87.7431076076,60632,"CHICAGO MIDWAY AIRPORT, IL US",37.0,37.0,100.0,0.02,7.0,14.0