crash_id,crash_datetime,crash_year,crash_month,crash_month_name,crash_weekday_name,crash_hour,time_period,posted_speed_limit_mph,traffic_control_device,reported_weather_condition,reported_lighting_condition,first_crash_type,trafficway_type,reported_road_surface_condition,crash_type,intersection_related,hit_and_run,estimated_damage,primary_contributory_cause,unit_count,most_severe_injury,injuries_total,injuries_fatal,latitude,longitude,zip5,weather_station_name,temperature_f,dew_point_f,relative_humidity_percent,precipitation_inches,visibility_miles,wind_speed_mph
crash_03766,2022-03-20 15:45:00,2022,3,Mar,Sun,15,Evening commute,30,TRAFFIC SIGNAL,CLEAR,DAYLIGHT,REAR END,NOT DIVIDED,DRY,NO INJURY / DRIVE AWAY,,,"OVER $1,500",FOLLOWING TOO CLOSELY,2,NO INDICATION OF INJURY,0,0,41.7444668639,-87.5739896076,60617,"CHICAGO MIDWAY AIRPORT, IL US",63.0,37.0,38.0,0.0,10.0,7.0
crash_03767,2022-03-11 06:30:00,2022,3,Mar,Fri,6,Morning commute,30,NO CONTROLS,UNKNOWN,UNKNOWN,REAR END,NOT DIVIDED,UNKNOWN,NO INJURY / DRIVE AWAY,,,"OVER $1,500",UNABLE TO DETERMINE,2,NO INDICATION OF INJURY,0,0,41.7360440895,-87.6534042418,60620,"CHICAGO MIDWAY AIRPORT, IL US",23.0,18.0,80.0,0.0,10.0,5.0
crash_03768,2021-09-11 23:00:00,2021,9,Sep,Sat,23,Night or early morning,30,NO CONTROLS,CLEAR,"DARKNESS, LIGHTED ROAD",REAR END,ONE-WAY,DRY,NO INJURY / DRIVE AWAY,,true,"OVER $1,500",FOLLOWING TOO CLOSELY,2,NO INDICATION OF INJURY,0,0,41.8395426846,-87.7257868549,60623,"CHICAGO MIDWAY AIRPORT, IL US",78.0,63.0,60.0,0.0,10.0,7.0
crash_03769,2023-01-03 07:30:00,2023,1,Jan,Tue,7,Morning commute,30,TRAFFIC SIGNAL,RAIN,DAWN,SIDESWIPE SAME DIRECTION,DIVIDED - W/MEDIAN BARRIER,WET,NO INJURY / DRIVE AWAY,,,$500 OR LESS,UNABLE TO DETERMINE,2,NO INDICATION OF INJURY,0,0,41.8757254759,-87.6302401124,60605,"CHICAGO MIDWAY AIRPORT, IL US",42.0,42.0,100.0,0.01,5.0,8.0
crash_03770,2021-09-15 09:50:00,2021,9,Sep,Wed,9,Morning commute,10,NO CONTROLS,CLEAR,DAYLIGHT,SIDESWIPE SAME DIRECTION,PARKING LOT,UNKNOWN,NO INJURY / DRIVE AWAY,,,"OVER $1,500",UNABLE TO DETERMINE,2,NO INDICATION OF INJURY,0,0,41.8397719466,-87.6464675111,60608,"CHICAGO MIDWAY AIRPORT, IL US",72.0,49.0,44.0,0.0,10.0,7.0
crash_03771,2022-07-20 15:25:00,2022,7,Jul,Wed,15,Evening commute,30,TRAFFIC SIGNAL,CLEAR,DAYLIGHT,SIDESWIPE SAME DIRECTION,NOT DIVIDED,DRY,INJURY AND / OR TOW DUE TO CRASH,true,,"OVER $1,500",IMPROPER LANE USAGE,2,NO INDICATION OF INJURY,0,0,41.8916792806,-87.6354185257,60654,"CHICAGO MIDWAY AIRPORT, IL US",87.0,64.0,46.0,0.0,10.0,24.0
crash_03772,2021-02-06 15:00:00,2021,2,Feb,Sat,15,Evening commute,30,STOP SIGN/FLASHER,CLOUDY/OVERCAST,DAYLIGHT,REAR END,NOT DIVIDED,ICE,NO INJURY / DRIVE AWAY,true,,"OVER $1,500",WEATHER,3,NO INDICATION OF INJURY,0,0,41.9086616251,-87.6495239252,60642,"CHICAGO MIDWAY AIRPORT, IL US",12.0,3.0,67.0,0.0,1.5,8.0
crash_03773,2019-01-08 16:45:00,2019,1,Jan,Tue,16,Evening commute,30,NO CONTROLS,CLEAR,DAYLIGHT,PARKED MOTOR VEHICLE,PARKING LOT,DRY,NO INJURY / DRIVE AWAY,,,"$501 - $1,500",UNABLE TO DETERMINE,2,NO INDICATION OF INJURY,0,0,41.9959852861,-87.7876371171,60631,"CHICAGO OHARE INTERNATIONAL AIRPORT, IL US",40.0,26.0,58.0,0.0,10.0,18.0
crash_03774,2019-10-09 13:00:00,2019,10,Oct,Wed,13,Daytime,30,NO CONTROLS,CLEAR,DAYLIGHT,PARKED MOTOR VEHICLE,NOT DIVIDED,DRY,NO INJURY / DRIVE AWAY,,,"OVER $1,500",UNABLE TO DETERMINE,2,NO INDICATION OF INJURY,0,0,41.8327170172,-87.6862345527,60608,"CHICAGO MIDWAY AIRPORT, IL US",71.0,44.0,38.0,0.0,10.0,10.0
crash_03775,2018-04-14 20:30:00,2018,4,Apr,Sat,20,Night or early morning,30,NO CONTROLS,CLEAR,"DARKNESS, LIGHTED ROAD",TURNING,NOT DIVIDED,DRY,NO INJURY / DRIVE AWAY,,,$500 OR LESS,IMPROPER TURNING/NO SIGNAL,2,NO INDICATION OF INJURY,0,0,41.8904864444,-87.6268244603,60611,"CHICAGO MIDWAY AIRPORT, IL US",37.0,35.0,93.0,0.0,7.0,23.0
crash_03776,2024-08-11 06:25:00,2024,8,Aug,Sun,6,Morning commute,40,NO CONTROLS,CLEAR,DAWN,FIXED OBJECT,DIVIDED - W/MEDIAN BARRIER,DRY,INJURY AND / OR TOW DUE TO CRASH,,,"OVER $1,500",DRIVING SKILLS/KNOWLEDGE/EXPERIENCE,1,INCAPACITATING INJURY,1,0,41.8511074802,-87.6128666325,60616,"CHICAGO MIDWAY AIRPORT, IL US",61.0,51.0,70.0,0.0,10.0,7.0
crash_03777,2020-07-03 12:10:00,2020,7,Jul,Fri,12,Daytime,20,NO CONTROLS,CLEAR,DAYLIGHT,REAR TO SIDE,PARKING LOT,DRY,NO INJURY / DRIVE AWAY,,true,$500 OR LESS,FAILING TO YIELD RIGHT-OF-WAY,2,NO INDICATION OF INJURY,0,0,41.8009226425,-87.7277035767,60632,"CHICAGO MIDWAY AIRPORT, IL US",86.0,59.0,40.0,0.0,10.0,7.0
crash_03778,2021-07-22 12:00:00,2021,7,Jul,Thu,12,Daytime,30,NO CONTROLS,CLEAR,DAYLIGHT,OTHER NONCOLLISION,DIVIDED - W/MEDIAN (NOT RAISED),DRY,NO INJURY / DRIVE AWAY,,,"$501 - $1,500",NOT APPLICABLE,1,,,,41.8144499117,-87.7261322079,60632,"CHICAGO MIDWAY AIRPORT, IL US",80.0,65.0,60.0,0.0,8.0,6.0
crash_03779,2019-12-10 10:00:00,2019,12,Dec,Tue,10,Daytime,15,NO CONTROLS,CLEAR,DAYLIGHT,PARKED MOTOR VEHICLE,ALLEY,DRY,NO INJURY / DRIVE AWAY,,,"$501 - $1,500",IMPROPER BACKING,2,NO INDICATION OF INJURY,0,0,41.8735822883,-87.705488126,60612,"CHICAGO MIDWAY AIRPORT, IL US",18.0,7.0,62.0,0.0,10.0,10.0
crash_03780,2022-01-20 17:30:00,2022,1,Jan,Thu,17,Evening commute,30,NO CONTROLS,UNKNOWN,UNKNOWN,TURNING,NOT DIVIDED,UNKNOWN,NO INJURY / DRIVE AWAY,,,"OVER $1,500","VISION OBSCURED (SIGNS, TREE LIMBS, BUILDINGS, ETC.)",2,NO INDICATION OF INJURY,0,0,41.9320899051,-87.6880320798,60647,"CHICAGO MIDWAY AIRPORT, IL US",17.0,1.0,49.0,0.0,10.0,8.0
crash_03781,2021-09-17 15:06:00,2021,9,Sep,Fri,15,Evening commute,25,NO CONTROLS,CLEAR,DAYLIGHT,PARKED MOTOR VEHICLE,ONE-WAY,DRY,NO INJURY / DRIVE AWAY,,true,"$501 - $1,500",UNABLE TO DETERMINE,2,NO INDICATION OF INJURY,0,0,41.9891573424,-87.6583334216,60660,"CHICAGO OHARE INTERNATIONAL AIRPORT, IL US",87.0,56.0,35.0,0.0,10.0,10.0
crash_03782,2018-12-29 22:30:00,2018,12,Dec,Sat,22,Night or early morning,30,STOP SIGN/FLASHER,SNOW,"DARKNESS, LIGHTED ROAD",PARKED MOTOR VEHICLE,NOT DIVIDED,ICE,NO INJURY / DRIVE AWAY,,,$500 OR LESS,WEATHER,2,NO INDICATION OF INJURY,0,0,41.8691697381,-87.7278687772,60624,"CHICAGO MIDWAY AIRPORT, IL US",25.0,19.0,78.0,0.0,10.0,18.0
crash_03783,2021-11-09 15:30:00,2021,11,Nov,Tue,15,Evening commute,30,NO CONTROLS,CLEAR,DAYLIGHT,FIXED OBJECT,DIVIDED - W/MEDIAN (NOT RAISED),DRY,INJURY AND / OR TOW DUE TO CRASH,,,"OVER $1,500",IMPROPER LANE USAGE,1,NO INDICATION OF INJURY,0,0,41.6872483345,-87.7203165348,60655,"CHICAGO MIDWAY AIRPORT, IL US",54.0,42.0,64.0,0.0,10.0,13.0
crash_03784,2023-02-18 12:10:00,2023,2,Feb,Sat,12,Daytime,30,TRAFFIC SIGNAL,CLEAR,DAYLIGHT,SIDESWIPE SAME DIRECTION,DIVIDED - W/MEDIAN (NOT RAISED),DRY,INJURY AND / OR TOW DUE TO CRASH,,,"OVER $1,500",IMPROPER OVERTAKING/PASSING,2,NO INDICATION OF INJURY,0,0,41.9092570732,-87.7850565929,60707,"CHICAGO OHARE INTERNATIONAL AIRPORT, IL US",39.0,23.0,53.0,0.0,10.0,14.0
crash_03785,2020-01-11 15:10:00,2020,1,Jan,Sat,15,Evening commute,30,NO CONTROLS,RAIN,DAYLIGHT,REAR END,DIVIDED - W/MEDIAN (NOT RAISED),WET,NO INJURY / DRIVE AWAY,,,"$501 - $1,500",FAILING TO YIELD RIGHT-OF-WAY,2,NO INDICATION OF INJURY,0,0,41.7929651089,-87.7376108147,60629,"CHICAGO MIDWAY AIRPORT, IL US",33.0,32.0,96.0,0.0,1.0,23.0
crash_03786,2025-02-06 09:23:00,2025,2,Feb,Thu,9,Morning commute,30,TRAFFIC SIGNAL,CLEAR,DAYLIGHT,SIDESWIPE SAME DIRECTION,DIVIDED - W/MEDIAN (NOT RAISED),DRY,NO INJURY / DRIVE AWAY,true,true,"OVER $1,500",UNABLE TO DETERMINE,2,NO INDICATION OF INJURY,0,0,41.6825099084,-87.6208034028,60628,"CHICAGO MIDWAY AIRPORT, IL US",32.0,27.0,82.0,,10.0,15.0
crash_03787,2018-10-19 04:34:00,2018,10,Oct,Fri,4,Night or early morning,30,TRAFFIC SIGNAL,CLEAR,"DARKNESS, LIGHTED ROAD",FIXED OBJECT,NOT DIVIDED,DRY,INJURY AND / OR TOW DUE TO CRASH,true,,"OVER $1,500",PHYSICAL CONDITION OF DRIVER,1,NO INDICATION OF INJURY,0,0,41.9042661896,-87.721321814,60651,"CHICAGO MIDWAY AIRPORT, IL US",46.0,30.0,54.0,0.0,10.0,9.0
crash_03788,2019-06-07 15:15:00,2019,6,Jun,Fri,15,Evening commute,30,NO CONTROLS,CLEAR,DAYLIGHT,PARKED MOTOR VEHICLE,NOT DIVIDED,DRY,INJURY AND / OR TOW DUE TO CRASH,,,"$501 - $1,500",NOT APPLICABLE,2,NO INDICATION OF INJURY,0,0,41.8977642829,-87.6192666443,60611,"CHICAGO MIDWAY AIRPORT, IL US",80.0,59.0,49.0,0.0,10.0,10.0
crash_03789,2018-06-07 10:23:00,2018,6,Jun,Thu,10,Daytime,30,NO CONTROLS,CLEAR,DAYLIGHT,REAR END,NOT DIVIDED,DRY,NO INJURY / DRIVE AWAY,,,"$501 - $1,500",FOLLOWING TOO CLOSELY,2,NO INDICATION OF INJURY,0,0,41.9467926118,-87.6755085112,60657,"CHICAGO MIDWAY AIRPORT, IL US",76.0,58.0,54.0,0.0,10.0,13.0
crash_03790,2021-12-14 17:00:00,2021,12,Dec,Tue,17,Evening commute,30,NO CONTROLS,CLEAR,"DARKNESS, LIGHTED ROAD",REAR END,DIVIDED - W/MEDIAN (NOT RAISED),DRY,NO INJURY / DRIVE AWAY,,,"OVER $1,500",FOLLOWING TOO CLOSELY,2,NO INDICATION OF INJURY,0,0,41.8303634612,-87.6779478369,60608,"CHICAGO MIDWAY AIRPORT, IL US",54.0,37.0,53.0,0.0,10.0,11.0
crash_03791,2025-10-25 22:15:00,2025,10,Oct,Sat,22,Night or early morning,30,NO CONTROLS,CLEAR,"DARKNESS, LIGHTED ROAD",PARKED MOTOR VEHICLE,NOT DIVIDED,DRY,INJURY AND / OR TOW DUE TO CRASH,,true,"OVER $1,500",UNABLE TO DETERMINE,3,NO INDICATION OF INJURY,0,0,41.78357608,-87.6122475201,60637,,,,,,,
crash_03792,2021-12-17 19:23:00,2021,12,Dec,Fri,19,Night or early morning,20,STOP SIGN/FLASHER,CLOUDY/OVERCAST,"DARKNESS, LIGHTED ROAD",ANGLE,FOUR WAY,DRY,NO INJURY / DRIVE AWAY,true,,"$501 - $1,500",FAILING TO YIELD RIGHT-OF-WAY,2,NO INDICATION OF INJURY,0,0,41.9817762645,-87.6686714677,60640,"CHICAGO OHARE INTERNATIONAL AIRPORT, IL US",37.0,29.0,73.0,0.0,10.0,14.0
crash_03793,2020-12-13 19:41:00,2020,12,Dec,Sun,19,Night or early morning,30,NO CONTROLS,CLEAR,DAYLIGHT,PARKED MOTOR VEHICLE,ONE-WAY,DRY,NO INJURY / DRIVE AWAY,,,"OVER $1,500",IMPROPER BACKING,2,NO INDICATION OF INJURY,0,0,41.739337788,-87.5561776474,60617,"CHICAGO MIDWAY AIRPORT, IL US",34.0,25.0,70.0,0.0,10.0,13.0
crash_03794,2018-11-14 09:25:00,2018,11,Nov,Wed,9,Morning commute,30,NO CONTROLS,CLEAR,DAYLIGHT,PARKED MOTOR VEHICLE,DIVIDED - W/MEDIAN (NOT RAISED),DRY,NO INJURY / DRIVE AWAY,,,"OVER $1,500",IMPROPER BACKING,2,NO INDICATION OF INJURY,0,0,41.8967663408,-87.6296985432,60610,"CHICAGO MIDWAY AIRPORT, IL US",28.0,13.0,53.0,0.0,10.0,6.0
crash_03795,2019-01-22 00:30:00,2019,1,Jan,Tue,0,Night or early morning,15,NO CONTROLS,SNOW,DARKNESS,FIXED OBJECT,PARKING LOT,SNOW OR SLUSH,NO INJURY / DRIVE AWAY,,,"OVER $1,500",UNABLE TO DETERMINE,1,NO INDICATION OF INJURY,0,0,41.9816183432,-87.7618872403,60630,"CHICAGO OHARE INTERNATIONAL AIRPORT, IL US",14.0,2.0,58.0,0.0,10.0,13.0
crash_03796,2025-08-03 09:30:00,2025,8,Aug,Sun,9,Morning commute,30,NO CONTROLS,CLEAR,DAYLIGHT,SIDESWIPE SAME DIRECTION,DIVIDED - W/MEDIAN (NOT RAISED),DRY,INJURY AND / OR TOW DUE TO CRASH,,,"OVER $1,500",UNABLE TO DETERMINE,2,NO INDICATION OF INJURY,0,0,41.8073929688,-87.7234245981,60632,"CHICAGO MIDWAY AIRPORT, IL US",75.0,54.0,48.0,0.0,10.0,7.0
crash_03797,2020-11-05 17:33:00,2020,11,Nov,Thu,17,Evening commute,30,NO CONTROLS,CLEAR,"DARKNESS, LIGHTED ROAD",SIDESWIPE SAME DIRECTION,ONE-WAY,DRY,INJURY AND / OR TOW DUE TO CRASH,,,"OVER $1,500",UNABLE TO DETERMINE,3,NO INDICATION OF INJURY,0,0,41.7528976818,-87.6087681046,60619,"CHICAGO MIDWAY AIRPORT, IL US",65.0,43.0,45.0,0.0,10.0,6.0
crash_03798,2024-02-01 08:55:00,2024,2,Feb,Thu,8,Morning commute,30,STOP SIGN/FLASHER,CLEAR,DAYLIGHT,PEDALCYCLIST,FOUR WAY,DRY,NO INJURY / DRIVE AWAY,true,,$500 OR LESS,"VISION OBSCURED (SIGNS, TREE LIMBS, BUILDINGS, ETC.)",2,NO INDICATION OF INJURY,0,0,41.8866637508,-87.6766667328,60612,"CHICAGO MIDWAY AIRPORT, IL US",41.0,34.0,76.0,0.0,10.0,8.0
crash_03799,2023-06-21 23:00:00,2023,6,Jun,Wed,23,Night or early morning,30,NO CONTROLS,UNKNOWN,"DARKNESS, LIGHTED ROAD",PARKED MOTOR VEHICLE,PARKING LOT,DRY,NO INJURY / DRIVE AWAY,,true,"OVER $1,500",IMPROPER OVERTAKING/PASSING,2,NO INDICATION OF INJURY,0,0,41.8694598605,-87.6609556887,60607,"CHICAGO MIDWAY AIRPORT, IL US",74.0,59.0,60.0,0.0,10.0,7.0
crash_03800,2019-04-04 18:57:00,2019,4,Apr,Thu,18,Evening commute,30,NO CONTROLS,RAIN,DAYLIGHT,TURNING,DIVIDED - W/MEDIAN (NOT RAISED),WET,INJURY AND / OR TOW DUE TO CRASH,true,,"OVER $1,500",FAILING TO YIELD RIGHT-OF-WAY,2,NO INDICATION OF INJURY,0,0,41.7158749437,-87.6429171994,60628,"CHICAGO MIDWAY AIRPORT, IL US",43.0,39.0,86.0,0.0,10.0,14.0
crash_03801,2018-04-14 14:31:00,2018,4,Apr,Sat,14,Daytime,30,STOP SIGN/FLASHER,CLOUDY/OVERCAST,DAYLIGHT,TURNING,NOT DIVIDED,WET,NO INJURY / DRIVE AWAY,true,,"OVER $1,500",FAILING TO YIELD RIGHT-OF-WAY,2,NO INDICATION OF INJURY,0,0,41.7963968888,-87.762577214,60638,"CHICAGO MIDWAY AIRPORT, IL US",40.0,38.0,93.0,0.0,2.5,20.0
crash_03802,2021-12-20 15:59:00,2021,12,Dec,Mon,15,Evening commute,25,NO CONTROLS,CLEAR,DAYLIGHT,PARKED MOTOR VEHICLE,DIVIDED - W/MEDIAN (NOT RAISED),DRY,NO INJURY / DRIVE AWAY,,true,$500 OR LESS,IMPROPER BACKING,2,NO INDICATION OF INJURY,0,0,41.7566488216,-87.564969111,60649,"CHICAGO MIDWAY AIRPORT, IL US",43.0,27.0,53.0,0.0,10.0,11.0
crash_03803,2025-06-19 08:50:00,2025,6,Jun,Thu,8,Morning commute,30,TRAFFIC SIGNAL,CLEAR,DAYLIGHT,SIDESWIPE SAME DIRECTION,NOT DIVIDED,DRY,NO INJURY / DRIVE AWAY,true,,"OVER $1,500",DRIVING SKILLS/KNOWLEDGE/EXPERIENCE,2,NO INDICATION OF INJURY,0,0,41.7513336335,-87.5859741988,60619,"CHICAGO MIDWAY AIRPORT, IL US",71.0,64.0,79.0,0.0,10.0,6.0
crash_03804,2022-01-26 08:30:00,2022,1,Jan,Wed,8,Morning commute,30,STOP SIGN/FLASHER,CLEAR,DAYLIGHT,ANGLE,NOT DIVIDED,ICE,NO INJURY / DRIVE AWAY,true,,"$501 - $1,500",FAILING TO YIELD RIGHT-OF-WAY,2,NO INDICATION OF INJURY,0,0,41.7299377624,-87.5706244016,60617,"CHICAGO MIDWAY AIRPORT, IL US",-3.0,-11.0,68.0,0.0,10.0,6.0
crash_03805,2019-10-01 07:05:00,2019,10,Oct,Tue,7,Morning commute,30,NO CONTROLS,CLEAR,DAYLIGHT,ANGLE,ALLEY,DRY,NO INJURY / DRIVE AWAY,,,"$501 - $1,500",NOT APPLICABLE,2,NO INDICATION OF INJURY,0,0,41.7835517824,-87.7082491174,60629,"CHICAGO MIDWAY AIRPORT, IL US",72.0,67.0,84.0,0.0,10.0,8.0
crash_03806,2020-07-06 15:20:00,2020,7,Jul,Mon,15,Evening commute,30,TRAFFIC SIGNAL,CLEAR,DAYLIGHT,REAR END,DIVIDED - W/MEDIAN (NOT RAISED),DRY,NO INJURY / DRIVE AWAY,true,,"OVER $1,500",FOLLOWING TOO CLOSELY,2,NO INDICATION OF INJURY,0,0,41.8727169826,-87.7644353759,60644,"CHICAGO MIDWAY AIRPORT, IL US",94.0,60.0,32.0,0.0,10.0,7.0
crash_03807,2022-06-19 12:05:00,2022,6,Jun,Sun,12,Daytime,25,NO CONTROLS,CLEAR,DAYLIGHT,SIDESWIPE SAME DIRECTION,NOT DIVIDED,DRY,NO INJURY / DRIVE AWAY,,,"$501 - $1,500",IMPROPER OVERTAKING/PASSING,2,NO INDICATION OF INJURY,0,0,41.7137545602,-87.6690112043,60643,"CHICAGO MIDWAY AIRPORT, IL US",79.0,45.0,30.0,0.0,10.0,8.0
crash_03808,2024-07-27 05:30:00,2024,7,Jul,Sat,5,Night or early morning,30,STOP SIGN/FLASHER,CLEAR,DAWN,ANGLE,FOUR WAY,DRY,NO INJURY / DRIVE AWAY,true,,"OVER $1,500",DISREGARDING STOP SIGN,2,NO INDICATION OF INJURY,0,0,41.8576750507,-87.671242242,60608,"CHICAGO MIDWAY AIRPORT, IL US",68.0,57.0,68.0,0.0,10.0,5.0
crash_03809,2025-10-18 06:30:00,2025,10,Oct,Sat,6,Morning commute,30,NO CONTROLS,CLEAR,DAYLIGHT,PARKED MOTOR VEHICLE,ONE-WAY,DRY,NO INJURY / DRIVE AWAY,,true,"$501 - $1,500",UNABLE TO DETERMINE,2,NO INDICATION OF INJURY,0,0,41.9897661622,-87.6613943127,60660,,,,,,,
crash_03810,2021-10-04 17:00:00,2021,10,Oct,Mon,17,Evening commute,30,NO CONTROLS,CLEAR,DAYLIGHT,REAR END,ONE-WAY,DRY,NO INJURY / DRIVE AWAY,,true,"OVER $1,500",UNABLE TO DETERMINE,2,NO INDICATION OF INJURY,0,0,41.8739678277,-87.7620383706,60644,"CHICAGO MIDWAY AIRPORT, IL US",69.0,60.0,73.0,0.0,10.0,11.0
crash_03811,2019-10-26 16:30:00,2019,10,Oct,Sat,16,Evening commute,15,NO CONTROLS,RAIN,DAYLIGHT,PARKED MOTOR VEHICLE,PARKING LOT,WET,NO INJURY / DRIVE AWAY,,,"OVER $1,500",UNABLE TO DETERMINE,2,NO INDICATION OF INJURY,0,0,41.8662169512,-87.7296893366,60624,"CHICAGO MIDWAY AIRPORT, IL US",48.0,47.0,96.0,0.2,2.0,18.0
crash_03812,2020-09-26 11:20:00,2020,9,Sep,Sat,11,Daytime,30,NO CONTROLS,CLEAR,DAYLIGHT,PEDALCYCLIST,NOT DIVIDED,DRY,INJURY AND / OR TOW DUE TO CRASH,,,"$501 - $1,500",FAILING TO YIELD RIGHT-OF-WAY,2,NONINCAPACITATING INJURY,1,0,41.920627085,-87.6934038772,60647,"CHICAGO MIDWAY AIRPORT, IL US",66.0,60.0,81.0,0.0,8.0,13.0
crash_03813,2018-10-01 20:30:00,2018,10,Oct,Mon,20,Night or early morning,30,TRAFFIC SIGNAL,CLEAR,DARKNESS,REAR END,NOT DIVIDED,DRY,NO INJURY / DRIVE AWAY,,true,$500 OR LESS,FAILING TO YIELD RIGHT-OF-WAY,2,NO INDICATION OF INJURY,0,0,41.7791573844,-87.6980399782,60629,"CHICAGO MIDWAY AIRPORT, IL US",65.0,59.0,81.0,0.0,9.0,7.0
crash_03814,2018-07-21 13:00:00,2018,7,Jul,Sat,13,Daytime,30,UNKNOWN,CLEAR,DAYLIGHT,REAR END,NOT DIVIDED,DRY,NO INJURY / DRIVE AWAY,,,"$501 - $1,500",UNABLE TO DETERMINE,2,NO INDICATION OF INJURY,0,0,41.9155857619,-87.7658540008,60639,"CHICAGO OHARE INTERNATIONAL AIRPORT, IL US",75.0,64.0,69.0,0.0,10.0,16.0
crash_03815,2025-08-26 14:50:00,2025,8,Aug,Tue,14,Daytime,30,NO CONTROLS,CLEAR,DAYLIGHT,SIDESWIPE SAME DIRECTION,DIVIDED - W/MEDIAN (NOT RAISED),DRY,INJURY AND / OR TOW DUE TO CRASH,,,"OVER $1,500",UNABLE TO DETERMINE,2,"REPORTED, NOT EVIDENT",2,0,41.9521894731,-87.835167462,60634,,,,,,,
crash_03816,2018-09-14 11:41:00,2018,9,Sep,Fri,11,Daytime,25,NO CONTROLS,CLEAR,DAYLIGHT,PARKED MOTOR VEHICLE,ONE-WAY,DRY,NO INJURY / DRIVE AWAY,,,$500 OR LESS,NOT APPLICABLE,2,NO INDICATION OF INJURY,0,0,41.8853507119,-87.7127788679,60624,"CHICAGO MIDWAY AIRPORT, IL US",82.0,58.0,44.0,0.0,10.0,0.0
crash_03817,2019-03-02 21:02:00,2019,3,Mar,Sat,21,Night or early morning,30,TRAFFIC SIGNAL,CLEAR,"DARKNESS, LIGHTED ROAD",ANGLE,NOT DIVIDED,DRY,NO INJURY / DRIVE AWAY,true,,"OVER $1,500",UNABLE TO DETERMINE,2,NO INDICATION OF INJURY,0,0,41.8236590929,-87.6221112123,60653,"CHICAGO MIDWAY AIRPORT, IL US",28.0,19.0,69.0,0.0,10.0,8.0
crash_03818,2022-06-03 06:45:00,2022,6,Jun,Fri,6,Morning commute,30,TRAFFIC SIGNAL,CLEAR,DAYLIGHT,TURNING,T-INTERSECTION,DRY,NO INJURY / DRIVE AWAY,,,"OVER $1,500",IMPROPER LANE USAGE,2,NO INDICATION OF INJURY,0,0,41.9849390772,-87.662447174,60660,"CHICAGO OHARE INTERNATIONAL AIRPORT, IL US",61.0,45.0,56.0,0.0,10.0,7.0
crash_03819,2018-10-07 19:15:00,2018,10,Oct,Sun,19,Night or early morning,30,NO CONTROLS,CLEAR,"DARKNESS, LIGHTED ROAD",PARKED MOTOR VEHICLE,ONE-WAY,DRY,NO INJURY / DRIVE AWAY,,,"$501 - $1,500",UNABLE TO DETERMINE,2,NO INDICATION OF INJURY,0,0,41.8958396382,-87.6249881413,60611,"CHICAGO MIDWAY AIRPORT, IL US",61.0,58.0,90.0,,2.0,7.0
crash_03820,2024-04-20 18:03:00,2024,4,Apr,Sat,18,Evening commute,30,UNKNOWN,CLEAR,DAYLIGHT,PARKED MOTOR VEHICLE,ONE-WAY,DRY,NO INJURY / DRIVE AWAY,,,"OVER $1,500",FAILING TO YIELD RIGHT-OF-WAY,2,NO INDICATION OF INJURY,0,0,41.8858145501,-87.6431117402,60661,"CHICAGO MIDWAY AIRPORT, IL US",44.0,23.0,43.0,0.0,10.0,11.0
crash_03821,2024-05-16 06:49:00,2024,5,May,Thu,6,Morning commute,30,NO CONTROLS,CLEAR,DAYLIGHT,REAR END,NOT DIVIDED,DRY,NO INJURY / DRIVE AWAY,,true,"OVER $1,500",UNABLE TO DETERMINE,2,NO INDICATION OF INJURY,0,0,41.8174342414,-87.7432791424,60632,"CHICAGO MIDWAY AIRPORT, IL US",58.0,47.0,67.0,0.0,10.0,6.0
crash_03822,2024-12-27 19:30:00,2024,12,Dec,Fri,19,Night or early morning,35,TRAFFIC SIGNAL,UNKNOWN,"DARKNESS, LIGHTED ROAD",SIDESWIPE SAME DIRECTION,DIVIDED - W/MEDIAN (NOT RAISED),UNKNOWN,NO INJURY / DRIVE AWAY,,,"OVER $1,500",FAILING TO YIELD RIGHT-OF-WAY,2,NO INDICATION OF INJURY,0,0,41.7994366965,-87.5887312574,60615,"CHICAGO MIDWAY AIRPORT, IL US",52.0,49.0,89.0,0.01,2.5,9.0
crash_03823,2022-07-06 05:00:00,2022,7,Jul,Wed,5,Night or early morning,25,NO CONTROLS,CLEAR,DAYLIGHT,PARKED MOTOR VEHICLE,ONE-WAY,DRY,INJURY AND / OR TOW DUE TO CRASH,,true,"$501 - $1,500",NOT APPLICABLE,2,NO INDICATION OF INJURY,0,0,41.8796832895,-87.7282332073,60624,"CHICAGO MIDWAY AIRPORT, IL US",74.0,69.0,85.0,0.0,8.0,10.0
crash_03824,2025-12-05 23:00:00,2025,12,Dec,Fri,23,Night or early morning,30,NO CONTROLS,CLEAR,"DARKNESS, LIGHTED ROAD",SIDESWIPE SAME DIRECTION,NOT DIVIDED,DRY,INJURY AND / OR TOW DUE TO CRASH,true,,"OVER $1,500",IMPROPER TURNING/NO SIGNAL,2,NO INDICATION OF INJURY,0,0,41.9095632183,-87.7594567699,60639,,,,,,,
crash_03825,2024-10-27 17:55:00,2024,10,Oct,Sun,17,Evening commute,30,NO CONTROLS,CLEAR,"DARKNESS, LIGHTED ROAD",TURNING,DIVIDED - W/MEDIAN (NOT RAISED),DRY,INJURY AND / OR TOW DUE TO CRASH,,,"OVER $1,500",UNABLE TO DETERMINE,2,NONINCAPACITATING INJURY,1,0,41.7223710857,-87.5743526346,60617,"CHICAGO MIDWAY AIRPORT, IL US",57.0,25.0,29.0,0.0,10.0,3.0