crash_id,crash_datetime,crash_year,crash_month,crash_month_name,crash_weekday_name,crash_hour,time_period,posted_speed_limit_mph,traffic_control_device,reported_weather_condition,reported_lighting_condition,first_crash_type,trafficway_type,reported_road_surface_condition,crash_type,intersection_related,hit_and_run,estimated_damage,primary_contributory_cause,unit_count,most_severe_injury,injuries_total,injuries_fatal,latitude,longitude,zip5,weather_station_name,temperature_f,dew_point_f,relative_humidity_percent,precipitation_inches,visibility_miles,wind_speed_mph
crash_03826,2024-09-25 21:50:00,2024,9,Sep,Wed,21,Night or early morning,30,PEDESTRIAN CROSSING SIGN,CLEAR,DARKNESS,REAR END,DIVIDED - W/MEDIAN BARRIER,DRY,NO INJURY / DRIVE AWAY,true,true,"OVER $1,500",FAILING TO REDUCE SPEED TO AVOID CRASH,2,NO INDICATION OF INJURY,0,0,41.9755294243,-87.6599923769,60640,"CHICAGO OHARE INTERNATIONAL AIRPORT, IL US",65.0,55.0,70.0,0.0,10.0,0.0
crash_03827,2024-11-21 11:50:00,2024,11,Nov,Thu,11,Daytime,35,UNKNOWN,SNOW,DAYLIGHT,REAR END,NOT DIVIDED,SNOW OR SLUSH,NO INJURY / DRIVE AWAY,,,"OVER $1,500",UNABLE TO DETERMINE,2,NO INDICATION OF INJURY,0,0,41.9248630355,-87.7122570134,60647,"CHICAGO MIDWAY AIRPORT, IL US",34.0,30.0,87.0,,0.5,20.0
crash_03828,2022-11-13 03:35:00,2022,11,Nov,Sun,3,Night or early morning,30,NO CONTROLS,CLEAR,"DARKNESS, LIGHTED ROAD",PARKED MOTOR VEHICLE,NOT DIVIDED,DRY,INJURY AND / OR TOW DUE TO CRASH,,,"OVER $1,500",IMPROPER LANE USAGE,2,NO INDICATION OF INJURY,0,0,41.8176733986,-87.7044986717,60632,"CHICAGO MIDWAY AIRPORT, IL US",31.0,22.0,69.0,0.0,10.0,6.0
crash_03829,2021-08-21 16:20:00,2021,8,Aug,Sat,16,Evening commute,30,NO CONTROLS,CLEAR,DAYLIGHT,PARKED MOTOR VEHICLE,NOT DIVIDED,DRY,NO INJURY / DRIVE AWAY,,true,"$501 - $1,500",UNABLE TO DETERMINE,2,NO INDICATION OF INJURY,0,0,41.9594901002,-87.6535339767,60613,"CHICAGO MIDWAY AIRPORT, IL US",78.0,71.0,79.0,0.05,8.0,14.0
crash_03830,2018-08-11 14:30:00,2018,8,Aug,Sat,14,Daytime,30,UNKNOWN,CLEAR,DAYLIGHT,REAR END,NOT DIVIDED,DRY,NO INJURY / DRIVE AWAY,,true,"$501 - $1,500",UNABLE TO DETERMINE,2,NO INDICATION OF INJURY,0,0,41.7871751726,-87.6320955367,60621,"CHICAGO MIDWAY AIRPORT, IL US",88.0,58.0,36.0,0.0,10.0,11.0
crash_03831,2022-04-02 12:15:00,2022,4,Apr,Sat,12,Daytime,30,NO CONTROLS,RAIN,DAYLIGHT,SIDESWIPE SAME DIRECTION,NOT DIVIDED,WET,NO INJURY / DRIVE AWAY,,true,"OVER $1,500",IMPROPER OVERTAKING/PASSING,2,NO INDICATION OF INJURY,0,0,41.7651094319,-87.6445569518,60621,"CHICAGO MIDWAY AIRPORT, IL US",44.0,29.0,55.0,0.0,10.0,10.0
crash_03832,2022-04-02 18:45:00,2022,4,Apr,Sat,18,Evening commute,30,NO CONTROLS,SNOW,DUSK,TURNING,DIVIDED - W/MEDIAN (NOT RAISED),WET,INJURY AND / OR TOW DUE TO CRASH,,,"OVER $1,500",FAILING TO YIELD RIGHT-OF-WAY,2,NONINCAPACITATING INJURY,1,0,42.0079441589,-87.6703020822,60626,"CHICAGO OHARE INTERNATIONAL AIRPORT, IL US",36.0,33.0,89.0,0.0,9.0,11.0
crash_03833,2022-06-06 17:40:00,2022,6,Jun,Mon,17,Evening commute,30,TRAFFIC SIGNAL,CLEAR,DAYLIGHT,TURNING,FOUR WAY,DRY,INJURY AND / OR TOW DUE TO CRASH,true,,"OVER $1,500",IMPROPER LANE USAGE,2,NO INDICATION OF INJURY,0,0,41.7728349817,-87.6250702771,60637,"CHICAGO MIDWAY AIRPORT, IL US",75.0,63.0,66.0,0.0,10.0,3.0
crash_03834,2023-08-08 01:30:00,2023,8,Aug,Tue,1,Night or early morning,30,NO CONTROLS,CLEAR,DARKNESS,PARKED MOTOR VEHICLE,OTHER,DRY,NO INJURY / DRIVE AWAY,,true,"$501 - $1,500",NOT APPLICABLE,2,NO INDICATION OF INJURY,0,0,41.8729291335,-87.7018704479,60612,"CHICAGO MIDWAY AIRPORT, IL US",65.0,60.0,84.0,0.0,10.0,3.0
crash_03835,2024-06-16 05:42:00,2024,6,Jun,Sun,5,Night or early morning,30,UNKNOWN,CLEAR,DAYLIGHT,ANGLE,ALLEY,DRY,NO INJURY / DRIVE AWAY,,,$500 OR LESS,FAILING TO YIELD RIGHT-OF-WAY,2,NO INDICATION OF INJURY,0,0,41.9989702012,-87.6885492298,60645,"CHICAGO OHARE INTERNATIONAL AIRPORT, IL US",71.0,51.0,49.0,0.0,10.0,13.0
crash_03836,2019-08-21 05:45:00,2019,8,Aug,Wed,5,Night or early morning,20,NO CONTROLS,CLEAR,DAYLIGHT,PARKED MOTOR VEHICLE,ALLEY,DRY,NO INJURY / DRIVE AWAY,,,"OVER $1,500",NOT APPLICABLE,2,NO INDICATION OF INJURY,0,0,41.9918017645,-87.7804033255,60646,"CHICAGO OHARE INTERNATIONAL AIRPORT, IL US",65.0,63.0,93.0,0.0,10.0,0.0
crash_03837,2022-03-01 20:00:00,2022,3,Mar,Tue,20,Night or early morning,30,NO CONTROLS,CLEAR,DUSK,PARKED MOTOR VEHICLE,NOT DIVIDED,DRY,NO INJURY / DRIVE AWAY,,,"OVER $1,500",UNABLE TO DETERMINE,2,NO INDICATION OF INJURY,0,0,41.8579471792,-87.6635372668,60608,"CHICAGO MIDWAY AIRPORT, IL US",38.0,31.0,76.0,0.0,10.0,7.0
crash_03838,2021-07-27 18:30:00,2021,7,Jul,Tue,18,Evening commute,30,NO CONTROLS,CLEAR,DAYLIGHT,SIDESWIPE SAME DIRECTION,NOT DIVIDED,DRY,NO INJURY / DRIVE AWAY,,,"OVER $1,500",IMPROPER OVERTAKING/PASSING,2,NO INDICATION OF INJURY,0,0,41.8415103336,-87.6475101706,60608,"CHICAGO MIDWAY AIRPORT, IL US",85.0,64.0,50.0,0.0,10.0,9.0
crash_03839,2018-09-28 04:14:00,2018,9,Sep,Fri,4,Night or early morning,35,NO CONTROLS,CLEAR,"DARKNESS, LIGHTED ROAD",ANGLE,CENTER TURN LANE,DRY,INJURY AND / OR TOW DUE TO CRASH,,true,"OVER $1,500",FAILING TO REDUCE SPEED TO AVOID CRASH,2,NONINCAPACITATING INJURY,1,0,41.7441791379,-87.682855338,60652,"CHICAGO MIDWAY AIRPORT, IL US",57.0,44.0,62.0,0.0,10.0,7.0
crash_03840,2021-10-04 19:00:00,2021,10,Oct,Mon,19,Night or early morning,25,TRAFFIC SIGNAL,CLEAR,"DARKNESS, LIGHTED ROAD",SIDESWIPE SAME DIRECTION,NOT DIVIDED,DRY,NO INJURY / DRIVE AWAY,,,"$501 - $1,500",DRIVING ON WRONG SIDE/WRONG WAY,2,NO INDICATION OF INJURY,0,0,41.7863573187,-87.7034123861,60629,"CHICAGO MIDWAY AIRPORT, IL US",68.0,59.0,73.0,0.0,10.0,15.0
crash_03841,2018-10-03 23:00:00,2018,10,Oct,Wed,23,Night or early morning,30,NO CONTROLS,CLEAR,DARKNESS,PARKED MOTOR VEHICLE,ONE-WAY,DRY,NO INJURY / DRIVE AWAY,,true,"OVER $1,500",FAILING TO REDUCE SPEED TO AVOID CRASH,2,NO INDICATION OF INJURY,0,0,41.9413144036,-87.7578135475,60641,"CHICAGO OHARE INTERNATIONAL AIRPORT, IL US",82.0,64.0,55.0,0.0,10.0,21.0
crash_03842,2020-10-26 11:05:00,2020,10,Oct,Mon,11,Daytime,30,TRAFFIC SIGNAL,RAIN,DAYLIGHT,REAR END,FOUR WAY,WET,INJURY AND / OR TOW DUE TO CRASH,true,,"OVER $1,500",FOLLOWING TOO CLOSELY,2,NONINCAPACITATING INJURY,1,0,41.8664638437,-87.7101708298,60624,"CHICAGO MIDWAY AIRPORT, IL US",34.0,30.0,85.0,0.01,1.5,9.0
crash_03843,2020-09-23 14:48:00,2020,9,Sep,Wed,14,Daytime,30,NO CONTROLS,CLEAR,DAWN,PARKED MOTOR VEHICLE,PARKING LOT,DRY,NO INJURY / DRIVE AWAY,,true,"OVER $1,500",UNABLE TO DETERMINE,4,NO INDICATION OF INJURY,0,0,41.8327002432,-87.6168421528,60616,"CHICAGO MIDWAY AIRPORT, IL US",78.0,55.0,45.0,0.0,10.0,9.0
crash_03844,2020-09-24 20:45:00,2020,9,Sep,Thu,20,Night or early morning,24,STOP SIGN/FLASHER,CLEAR,"DARKNESS, LIGHTED ROAD",PARKED MOTOR VEHICLE,NOT DIVIDED,DRY,NO INJURY / DRIVE AWAY,,,$500 OR LESS,UNABLE TO DETERMINE,2,NO INDICATION OF INJURY,0,0,41.8307645485,-87.6532733094,60608,"CHICAGO MIDWAY AIRPORT, IL US",73.0,53.0,50.0,0.0,10.0,6.0
crash_03845,2024-09-28 03:30:00,2024,9,Sep,Sat,3,Night or early morning,35,NO CONTROLS,CLEAR,DAYLIGHT,FIXED OBJECT,NOT DIVIDED,DRY,NO INJURY / DRIVE AWAY,,true,"$501 - $1,500",UNABLE TO DETERMINE,2,NO INDICATION OF INJURY,0,0,41.9534484334,-87.735500362,60641,"CHICAGO OHARE INTERNATIONAL AIRPORT, IL US",66.0,61.0,84.0,0.0,5.0,14.0
crash_03846,2021-04-22 19:15:00,2021,4,Apr,Thu,19,Night or early morning,30,TRAFFIC SIGNAL,CLEAR,"DARKNESS, LIGHTED ROAD",TURNING,ONE-WAY,DRY,INJURY AND / OR TOW DUE TO CRASH,true,,"OVER $1,500",UNABLE TO DETERMINE,2,"REPORTED, NOT EVIDENT",1,0,41.8832555248,-87.6474360801,60607,"CHICAGO MIDWAY AIRPORT, IL US",58.0,21.0,24.0,0.0,10.0,8.0
crash_03847,2018-06-17 03:00:00,2018,6,Jun,Sun,3,Night or early morning,30,NO CONTROLS,CLEAR,"DARKNESS, LIGHTED ROAD",SIDESWIPE SAME DIRECTION,ONE-WAY,DRY,NO INJURY / DRIVE AWAY,,,"OVER $1,500",UNABLE TO DETERMINE,2,NO INDICATION OF INJURY,0,0,41.8932993468,-87.6340394579,60654,"CHICAGO MIDWAY AIRPORT, IL US",81.0,71.0,72.0,0.0,10.0,10.0
crash_03848,2024-12-16 16:55:00,2024,12,Dec,Mon,16,Evening commute,30,TRAFFIC SIGNAL,CLEAR,DARKNESS,TURNING,NOT DIVIDED,UNKNOWN,NO INJURY / DRIVE AWAY,true,,"OVER $1,500",IMPROPER TURNING/NO SIGNAL,2,NO INDICATION OF INJURY,0,0,41.8656390541,-87.7641645811,60644,"CHICAGO MIDWAY AIRPORT, IL US",42.0,36.0,79.0,,10.0,23.0
crash_03849,2024-09-19 16:50:00,2024,9,Sep,Thu,16,Evening commute,25,TRAFFIC SIGNAL,CLEAR,DAYLIGHT,TURNING,DIVIDED - W/MEDIAN BARRIER,DRY,NO INJURY / DRIVE AWAY,,,"$501 - $1,500",IMPROPER TURNING/NO SIGNAL,2,NO INDICATION OF INJURY,0,0,41.900752974,-87.6242349998,60611,"CHICAGO MIDWAY AIRPORT, IL US",88.0,52.0,29.0,0.0,10.0,3.0
crash_03850,2025-08-03 03:20:00,2025,8,Aug,Sun,3,Night or early morning,20,NO CONTROLS,UNKNOWN,UNKNOWN,PARKED MOTOR VEHICLE,ONE-WAY,UNKNOWN,NO INJURY / DRIVE AWAY,,true,"OVER $1,500",UNABLE TO DETERMINE,2,NO INDICATION OF INJURY,0,0,41.8935026461,-87.7175382618,60624,"CHICAGO MIDWAY AIRPORT, IL US",66.0,56.0,70.0,0.0,10.0,0.0
crash_03851,2024-06-30 22:00:00,2024,6,Jun,Sun,22,Night or early morning,30,UNKNOWN,UNKNOWN,"DARKNESS, LIGHTED ROAD",FIXED OBJECT,DIVIDED - W/MEDIAN (NOT RAISED),DRY,INJURY AND / OR TOW DUE TO CRASH,,,"OVER $1,500",UNABLE TO DETERMINE,1,NO INDICATION OF INJURY,0,0,41.722257273,-87.5852755651,60628,"CHICAGO MIDWAY AIRPORT, IL US",63.0,48.0,58.0,0.0,10.0,8.0
crash_03852,2018-12-20 01:09:00,2018,12,Dec,Thu,1,Night or early morning,30,TRAFFIC SIGNAL,CLEAR,"DARKNESS, LIGHTED ROAD",FIXED OBJECT,DIVIDED - W/MEDIAN (NOT RAISED),DRY,INJURY AND / OR TOW DUE TO CRASH,,true,"OVER $1,500",UNABLE TO DETERMINE,1,NO INDICATION OF INJURY,0,0,41.9680160742,-87.7278733747,60625,"CHICAGO OHARE INTERNATIONAL AIRPORT, IL US",44.0,38.0,79.0,0.0,10.0,8.0
crash_03853,2024-09-06 08:40:00,2024,9,Sep,Fri,8,Morning commute,30,NO CONTROLS,CLEAR,DAYLIGHT,SIDESWIPE SAME DIRECTION,NOT DIVIDED,DRY,NO INJURY / DRIVE AWAY,,,"$501 - $1,500",UNABLE TO DETERMINE,2,NO INDICATION OF INJURY,0,0,41.6572126304,-87.6062731686,60827,"CHICAGO MIDWAY AIRPORT, IL US",68.0,58.0,70.0,0.0,10.0,13.0
crash_03854,2020-12-10 16:50:00,2020,12,Dec,Thu,16,Evening commute,30,NO CONTROLS,CLEAR,DUSK,SIDESWIPE SAME DIRECTION,NOT DIVIDED,DRY,NO INJURY / DRIVE AWAY,,true,$500 OR LESS,DRIVING SKILLS/KNOWLEDGE/EXPERIENCE,2,NO INDICATION OF INJURY,0,0,41.813661929,-87.7051743547,60632,"CHICAGO MIDWAY AIRPORT, IL US",55.0,35.0,47.0,0.0,10.0,5.0
crash_03855,2019-12-05 11:45:00,2019,12,Dec,Thu,11,Daytime,30,NO CONTROLS,CLEAR,DAYLIGHT,ANGLE,NOT DIVIDED,DRY,NO INJURY / DRIVE AWAY,,,$500 OR LESS,FAILING TO YIELD RIGHT-OF-WAY,2,NO INDICATION OF INJURY,0,0,41.7780605238,-87.6316417893,60621,"CHICAGO MIDWAY AIRPORT, IL US",43.0,27.0,53.0,0.0,10.0,10.0
crash_03856,2023-12-01 19:20:00,2023,12,Dec,Fri,19,Night or early morning,30,STOP SIGN/FLASHER,RAIN,"DARKNESS, LIGHTED ROAD",REAR END,NOT DIVIDED,WET,INJURY AND / OR TOW DUE TO CRASH,true,true,"$501 - $1,500",FOLLOWING TOO CLOSELY,2,NONINCAPACITATING INJURY,1,0,41.9778428951,-87.6682074003,60640,"CHICAGO OHARE INTERNATIONAL AIRPORT, IL US",41.0,39.0,93.0,0.0,8.0,9.0
crash_03857,2021-05-09 05:55:00,2021,5,May,Sun,5,Night or early morning,20,NO CONTROLS,RAIN,DAWN,SIDESWIPE SAME DIRECTION,ONE-WAY,WET,NO INJURY / DRIVE AWAY,,true,"$501 - $1,500",FAILING TO YIELD RIGHT-OF-WAY,2,NO INDICATION OF INJURY,0,0,,,,,,,,,,
crash_03858,2019-05-23 20:10:00,2019,5,May,Thu,20,Night or early morning,30,TRAFFIC SIGNAL,CLEAR,DAYLIGHT,ANGLE,OTHER,DRY,NO INJURY / DRIVE AWAY,true,,$500 OR LESS,DRIVING SKILLS/KNOWLEDGE/EXPERIENCE,2,NO INDICATION OF INJURY,0,0,41.8907144803,-87.6242698743,60611,"CHICAGO MIDWAY AIRPORT, IL US",72.0,48.0,43.0,0.0,10.0,11.0
crash_03859,2022-07-27 15:05:00,2022,7,Jul,Wed,15,Evening commute,35,NO CONTROLS,CLEAR,DAYLIGHT,TURNING,NOT DIVIDED,DRY,INJURY AND / OR TOW DUE TO CRASH,true,,"OVER $1,500",UNABLE TO DETERMINE,2,"REPORTED, NOT EVIDENT",6,0,41.8476772004,-87.6783166822,60608,"CHICAGO MIDWAY AIRPORT, IL US",82.0,69.0,65.0,0.07,1.0,28.0
crash_03860,2021-06-06 10:11:00,2021,6,Jun,Sun,10,Daytime,30,NO CONTROLS,CLEAR,DAYLIGHT,PEDESTRIAN,DIVIDED - W/MEDIAN (NOT RAISED),DRY,INJURY AND / OR TOW DUE TO CRASH,,,$500 OR LESS,NOT APPLICABLE,2,"REPORTED, NOT EVIDENT",1,0,41.8445502728,-87.7106148922,60623,"CHICAGO MIDWAY AIRPORT, IL US",83.0,58.0,43.0,0.0,10.0,11.0
crash_03861,2020-05-22 13:30:00,2020,5,May,Fri,13,Daytime,30,NO CONTROLS,CLEAR,DAYLIGHT,REAR END,NOT DIVIDED,DRY,NO INJURY / DRIVE AWAY,,,"OVER $1,500",FOLLOWING TOO CLOSELY,2,NO INDICATION OF INJURY,0,0,41.9392533447,-87.702785233,60618,"CHICAGO MIDWAY AIRPORT, IL US",66.0,54.0,65.0,,10.0,3.0
crash_03862,2023-06-24 03:00:00,2023,6,Jun,Sat,3,Night or early morning,30,NO CONTROLS,CLEAR,UNKNOWN,PARKED MOTOR VEHICLE,NOT DIVIDED,DRY,NO INJURY / DRIVE AWAY,,true,"OVER $1,500",NOT APPLICABLE,2,NO INDICATION OF INJURY,0,0,41.8225753613,-87.7133522287,60632,"CHICAGO MIDWAY AIRPORT, IL US",69.0,55.0,61.0,0.0,10.0,3.0
crash_03863,2024-08-20 08:30:00,2024,8,Aug,Tue,8,Morning commute,30,NO CONTROLS,CLEAR,DAYLIGHT,REAR TO SIDE,ONE-WAY,DRY,NO INJURY / DRIVE AWAY,,,"OVER $1,500",IMPROPER BACKING,2,NO INDICATION OF INJURY,0,0,41.6974625007,-87.5283363529,60617,"CHICAGO MIDWAY AIRPORT, IL US",67.0,52.0,59.0,0.0,10.0,3.0
crash_03864,2021-07-27 23:50:00,2021,7,Jul,Tue,23,Night or early morning,30,NO CONTROLS,CLEAR,DAYLIGHT,PARKED MOTOR VEHICLE,ONE-WAY,WET,INJURY AND / OR TOW DUE TO CRASH,,,"OVER $1,500",ANIMAL,2,NO INDICATION OF INJURY,0,0,41.9703626648,-87.8023500277,60656,"CHICAGO OHARE INTERNATIONAL AIRPORT, IL US",79.0,69.0,72.0,0.0,10.0,5.0
crash_03865,2019-12-22 23:00:00,2019,12,Dec,Sun,23,Night or early morning,30,NO CONTROLS,CLEAR,"DARKNESS, LIGHTED ROAD",PARKED MOTOR VEHICLE,NOT DIVIDED,DRY,NO INJURY / DRIVE AWAY,,true,"OVER $1,500",UNABLE TO DETERMINE,2,NO INDICATION OF INJURY,0,0,41.9008277109,-87.6371889223,60610,"CHICAGO MIDWAY AIRPORT, IL US",39.0,28.0,65.0,0.0,10.0,13.0
crash_03866,2020-06-27 10:00:00,2020,6,Jun,Sat,10,Daytime,30,TRAFFIC SIGNAL,CLEAR,DAYLIGHT,SIDESWIPE SAME DIRECTION,NOT DIVIDED,DRY,NO INJURY / DRIVE AWAY,true,,"OVER $1,500",UNABLE TO DETERMINE,2,NO INDICATION OF INJURY,0,0,41.9278643682,-87.7060985771,60647,"CHICAGO MIDWAY AIRPORT, IL US",78.0,70.0,76.0,0.0,10.0,7.0
crash_03867,2018-12-19 07:40:00,2018,12,Dec,Wed,7,Morning commute,30,NO CONTROLS,CLEAR,DAYLIGHT,TURNING,DIVIDED - W/MEDIAN (NOT RAISED),DRY,NO INJURY / DRIVE AWAY,,,$500 OR LESS,IMPROPER LANE USAGE,2,NO INDICATION OF INJURY,0,0,41.9696257451,-87.6890852121,60625,"CHICAGO OHARE INTERNATIONAL AIRPORT, IL US",37.0,29.0,73.0,0.0,10.0,8.0
crash_03868,2019-07-01 17:00:00,2019,7,Jul,Mon,17,Evening commute,30,NO CONTROLS,CLEAR,DAYLIGHT,SIDESWIPE SAME DIRECTION,NOT DIVIDED,DRY,NO INJURY / DRIVE AWAY,,true,"OVER $1,500",UNABLE TO DETERMINE,3,NO INDICATION OF INJURY,0,0,41.8321338029,-87.6947280593,60608,"CHICAGO MIDWAY AIRPORT, IL US",87.0,70.0,57.0,0.0,10.0,10.0
crash_03869,2025-06-04 19:30:00,2025,6,Jun,Wed,19,Night or early morning,30,TRAFFIC SIGNAL,RAIN,"DARKNESS, LIGHTED ROAD",TURNING,DIVIDED - W/MEDIAN (NOT RAISED),WET,NO INJURY / DRIVE AWAY,true,true,"OVER $1,500",FAILING TO YIELD RIGHT-OF-WAY,2,NO INDICATION OF INJURY,0,0,41.9685605606,-87.7085363745,60625,"CHICAGO OHARE INTERNATIONAL AIRPORT, IL US",64.0,52.0,65.0,0.0,10.0,9.0
crash_03870,2023-04-22 01:00:00,2023,4,Apr,Sat,1,Night or early morning,15,NO CONTROLS,UNKNOWN,"DARKNESS, LIGHTED ROAD",PARKED MOTOR VEHICLE,NOT DIVIDED,UNKNOWN,INJURY AND / OR TOW DUE TO CRASH,,true,"OVER $1,500",UNABLE TO DETERMINE,2,NO INDICATION OF INJURY,0,0,41.9301979097,-87.7931579739,60707,"CHICAGO OHARE INTERNATIONAL AIRPORT, IL US",46.0,29.0,51.0,0.0,10.0,9.0
crash_03871,2021-09-17 17:00:00,2021,9,Sep,Fri,17,Evening commute,30,NO CONTROLS,CLEAR,DAYLIGHT,SIDESWIPE SAME DIRECTION,UNKNOWN,UNKNOWN,NO INJURY / DRIVE AWAY,,,"OVER $1,500",UNABLE TO DETERMINE,2,NO INDICATION OF INJURY,0,0,41.7929108835,-87.742077343,60638,"CHICAGO MIDWAY AIRPORT, IL US",88.0,51.0,28.0,0.0,10.0,10.0
crash_03872,2019-11-20 08:25:00,2019,11,Nov,Wed,8,Morning commute,30,NO CONTROLS,CLEAR,DAYLIGHT,SIDESWIPE SAME DIRECTION,NOT DIVIDED,DRY,NO INJURY / DRIVE AWAY,,,"OVER $1,500",FOLLOWING TOO CLOSELY,2,NO INDICATION OF INJURY,0,0,41.9765388391,-87.7952755016,60656,"CHICAGO OHARE INTERNATIONAL AIRPORT, IL US",40.0,38.0,93.0,,5.0,5.0
crash_03873,2018-09-06 11:15:00,2018,9,Sep,Thu,11,Daytime,30,NO CONTROLS,RAIN,DAYLIGHT,REAR END,NOT DIVIDED,WET,INJURY AND / OR TOW DUE TO CRASH,,,"OVER $1,500",UNABLE TO DETERMINE,2,NO INDICATION OF INJURY,0,0,41.9680502532,-87.7546723725,60630,"CHICAGO OHARE INTERNATIONAL AIRPORT, IL US",67.0,62.0,84.0,0.01,10.0,15.0
crash_03874,2023-09-30 22:40:00,2023,9,Sep,Sat,22,Night or early morning,30,TRAFFIC SIGNAL,CLEAR,"DARKNESS, LIGHTED ROAD",TURNING,DIVIDED - W/MEDIAN (NOT RAISED),DRY,NO INJURY / DRIVE AWAY,,,"OVER $1,500",FAILING TO YIELD RIGHT-OF-WAY,2,NO INDICATION OF INJURY,0,0,41.8301872553,-87.6851779251,60632,"CHICAGO MIDWAY AIRPORT, IL US",71.0,59.0,66.0,0.0,10.0,5.0
crash_03875,2025-11-26 10:30:00,2025,11,Nov,Wed,10,Daytime,30,STOP SIGN/FLASHER,CLOUDY/OVERCAST,DAYLIGHT,REAR END,NOT DIVIDED,DRY,NO INJURY / DRIVE AWAY,,,"OVER $1,500",FOLLOWING TOO CLOSELY,2,NO INDICATION OF INJURY,0,0,41.7363126574,-87.6211365181,60619,,,,,,,
crash_03876,2023-11-06 14:45:00,2023,11,Nov,Mon,14,Daytime,30,NO CONTROLS,UNKNOWN,DAYLIGHT,SIDESWIPE SAME DIRECTION,DIVIDED - W/MEDIAN (NOT RAISED),UNKNOWN,NO INJURY / DRIVE AWAY,,true,"OVER $1,500",UNABLE TO DETERMINE,2,NO INDICATION OF INJURY,0,0,41.9022553825,-87.7655647904,60651,"CHICAGO MIDWAY AIRPORT, IL US",69.0,50.0,51.0,0.0,10.0,18.0
crash_03877,2022-05-29 09:00:00,2022,5,May,Sun,9,Morning commute,20,NO CONTROLS,CLEAR,DAYLIGHT,PARKED MOTOR VEHICLE,ONE-WAY,DRY,NO INJURY / DRIVE AWAY,,true,"OVER $1,500",UNABLE TO DETERMINE,2,NO INDICATION OF INJURY,0,0,41.8566800304,-87.7235014574,60623,"CHICAGO MIDWAY AIRPORT, IL US",72.0,58.0,61.0,0.0,10.0,13.0
crash_03878,2025-07-20 04:00:00,2025,7,Jul,Sun,4,Night or early morning,20,STOP SIGN/FLASHER,CLEAR,"DARKNESS, LIGHTED ROAD",FIXED OBJECT,FOUR WAY,DRY,NO INJURY / DRIVE AWAY,true,,"OVER $1,500",NOT APPLICABLE,1,NO INDICATION OF INJURY,0,0,41.706308229,-87.5594979563,60617,"CHICAGO MIDWAY AIRPORT, IL US",75.0,70.0,84.0,0.0,10.0,5.0
crash_03879,2018-05-22 21:00:00,2018,5,May,Tue,21,Night or early morning,30,TRAFFIC SIGNAL,CLEAR,DARKNESS,REAR END,NOT DIVIDED,DRY,NO INJURY / DRIVE AWAY,true,,"$501 - $1,500",UNABLE TO DETERMINE,2,NO INDICATION OF INJURY,0,0,41.9871516032,-87.6554429861,60660,"CHICAGO OHARE INTERNATIONAL AIRPORT, IL US",58.0,51.0,78.0,0.0,10.0,5.0
crash_03880,2025-06-03 12:00:00,2025,6,Jun,Tue,12,Daytime,30,UNKNOWN,UNKNOWN,UNKNOWN,SIDESWIPE SAME DIRECTION,UNKNOWN,UNKNOWN,NO INJURY / DRIVE AWAY,,true,"OVER $1,500",UNABLE TO DETERMINE,2,NO INDICATION OF INJURY,0,0,41.9623144133,-87.74769051,60630,"CHICAGO OHARE INTERNATIONAL AIRPORT, IL US",84.0,60.0,44.0,0.0,10.0,24.0
crash_03881,2021-02-15 11:31:00,2021,2,Feb,Mon,11,Daytime,30,UNKNOWN,SNOW,DAYLIGHT,SIDESWIPE OPPOSITE DIRECTION,NOT DIVIDED,WET,NO INJURY / DRIVE AWAY,true,,"OVER $1,500",UNABLE TO DETERMINE,2,NO INDICATION OF INJURY,0,0,41.7432782923,-87.6407740845,60620,"CHICAGO MIDWAY AIRPORT, IL US",9.0,3.0,78.0,0.0,1.25,9.0
crash_03882,2023-08-02 03:27:00,2023,8,Aug,Wed,3,Night or early morning,30,TRAFFIC SIGNAL,CLEAR,"DARKNESS, LIGHTED ROAD",TURNING,FOUR WAY,DRY,INJURY AND / OR TOW DUE TO CRASH,true,true,"OVER $1,500",DRIVING ON WRONG SIDE/WRONG WAY,2,NO INDICATION OF INJURY,0,0,41.9685238442,-87.6887575155,60625,"CHICAGO OHARE INTERNATIONAL AIRPORT, IL US",70.0,59.0,68.0,0.0,10.0,3.0
crash_03883,2018-04-12 06:45:00,2018,4,Apr,Thu,6,Morning commute,15,NO CONTROLS,CLEAR,DAWN,PARKED MOTOR VEHICLE,PARKING LOT,DRY,NO INJURY / DRIVE AWAY,,,"$501 - $1,500",IMPROPER BACKING,2,NO INDICATION OF INJURY,0,0,41.8390323292,-87.7254792368,60623,"CHICAGO MIDWAY AIRPORT, IL US",56.0,41.0,57.0,0.0,10.0,11.0
crash_03884,2020-04-10 09:30:00,2020,4,Apr,Fri,9,Morning commute,30,NO CONTROLS,CLEAR,DAYLIGHT,REAR END,DIVIDED - W/MEDIAN (NOT RAISED),DRY,NO INJURY / DRIVE AWAY,,,"$501 - $1,500",FOLLOWING TOO CLOSELY,2,NO INDICATION OF INJURY,0,0,41.8817214029,-87.6573790418,60607,"CHICAGO MIDWAY AIRPORT, IL US",40.0,21.0,47.0,0.0,10.0,14.0