crash_id,crash_datetime,crash_year,crash_month,crash_month_name,crash_weekday_name,crash_hour,time_period,posted_speed_limit_mph,traffic_control_device,reported_weather_condition,reported_lighting_condition,first_crash_type,trafficway_type,reported_road_surface_condition,crash_type,intersection_related,hit_and_run,estimated_damage,primary_contributory_cause,unit_count,most_severe_injury,injuries_total,injuries_fatal,latitude,longitude,zip5,weather_station_name,temperature_f,dew_point_f,relative_humidity_percent,precipitation_inches,visibility_miles,wind_speed_mph
crash_03885,2018-02-08 08:28:00,2018,2,Feb,Thu,8,Morning commute,30,TRAFFIC SIGNAL,SNOW,DAYLIGHT,REAR END,DIVIDED - W/MEDIAN (NOT RAISED),ICE,NO INJURY / DRIVE AWAY,,true,"OVER $1,500",FOLLOWING TOO CLOSELY,2,NO INDICATION OF INJURY,0,0,41.773438566,-87.5668993058,60649,"CHICAGO MIDWAY AIRPORT, IL US",12.0,5.0,73.0,0.0,9.0,7.0
crash_03886,2024-04-21 15:00:00,2024,4,Apr,Sun,15,Evening commute,30,UNKNOWN,UNKNOWN,UNKNOWN,REAR END,FOUR WAY,UNKNOWN,NO INJURY / DRIVE AWAY,true,,"OVER $1,500",UNABLE TO DETERMINE,2,NO INDICATION OF INJURY,0,0,41.9254844446,-87.6536765004,60614,"CHICAGO MIDWAY AIRPORT, IL US",57.0,23.0,27.0,0.0,10.0,11.0
crash_03887,2021-07-18 03:00:00,2021,7,Jul,Sun,3,Night or early morning,30,TRAFFIC SIGNAL,CLEAR,"DARKNESS, LIGHTED ROAD",SIDESWIPE SAME DIRECTION,FOUR WAY,DRY,NO INJURY / DRIVE AWAY,true,,"OVER $1,500",DRIVING SKILLS/KNOWLEDGE/EXPERIENCE,2,NO INDICATION OF INJURY,0,0,41.8908030064,-87.6357031569,60654,"CHICAGO MIDWAY AIRPORT, IL US",69.0,59.0,70.0,0.0,10.0,5.0
crash_03888,2025-03-20 17:30:00,2025,3,Mar,Thu,17,Evening commute,25,TRAFFIC SIGNAL,CLEAR,DAYLIGHT,REAR END,TRAFFIC ROUTE,DRY,NO INJURY / DRIVE AWAY,,false,"OVER $1,500",UNABLE TO DETERMINE,2,NO INDICATION OF INJURY,0,0,41.7026476997,-87.5414033418,60617,"CHICAGO MIDWAY AIRPORT, IL US",44.0,18.0,35.0,0.0,10.0,14.0
crash_03889,2025-08-06 14:49:00,2025,8,Aug,Wed,14,Daytime,30,STOP SIGN/FLASHER,CLEAR,DAYLIGHT,TURNING,NOT DIVIDED,DRY,NO INJURY / DRIVE AWAY,,,"OVER $1,500",FAILING TO YIELD RIGHT-OF-WAY,2,NO INDICATION OF INJURY,0,0,41.9830238071,-87.6964449715,60625,"CHICAGO OHARE INTERNATIONAL AIRPORT, IL US",86.0,62.0,45.0,0.0,10.0,9.0
crash_03890,2020-07-21 20:16:00,2020,7,Jul,Tue,20,Night or early morning,30,NO CONTROLS,UNKNOWN,DUSK,OTHER OBJECT,OTHER,UNKNOWN,NO INJURY / DRIVE AWAY,,,"OVER $1,500",UNABLE TO DETERMINE,1,NO INDICATION OF INJURY,0,0,41.7850221545,-87.6642081971,60636,"CHICAGO MIDWAY AIRPORT, IL US",76.0,71.0,85.0,0.03,9.0,7.0
crash_03891,2021-08-01 22:19:00,2021,8,Aug,Sun,22,Night or early morning,30,NO CONTROLS,CLEAR,"DARKNESS, LIGHTED ROAD",PARKED MOTOR VEHICLE,NOT DIVIDED,DRY,INJURY AND / OR TOW DUE TO CRASH,,,"OVER $1,500",FAILING TO REDUCE SPEED TO AVOID CRASH,2,NO INDICATION OF INJURY,0,0,41.9612945053,-87.7085657433,60625,"CHICAGO OHARE INTERNATIONAL AIRPORT, IL US",66.0,57.0,73.0,0.0,10.0,10.0
crash_03892,2023-12-30 19:32:00,2023,12,Dec,Sat,19,Night or early morning,30,TRAFFIC SIGNAL,CLOUDY/OVERCAST,"DARKNESS, LIGHTED ROAD",ANGLE,UNKNOWN INTERSECTION TYPE,WET,INJURY AND / OR TOW DUE TO CRASH,true,,"OVER $1,500",FAILING TO REDUCE SPEED TO AVOID CRASH,2,"REPORTED, NOT EVIDENT",2,0,41.7946331743,-87.6326040066,60609,"CHICAGO MIDWAY AIRPORT, IL US",38.0,33.0,83.0,0.0,10.0,6.0
crash_03893,2018-01-11 17:08:00,2018,1,Jan,Thu,17,Evening commute,30,UNKNOWN,CLEAR,"DARKNESS, LIGHTED ROAD",PEDESTRIAN,NOT DIVIDED,WET,INJURY AND / OR TOW DUE TO CRASH,,true,$500 OR LESS,UNABLE TO DETERMINE,2,NONINCAPACITATING INJURY,2,0,41.8941336002,-87.6181791496,60611,"CHICAGO MIDWAY AIRPORT, IL US",53.0,51.0,93.0,0.0,5.0,16.0
crash_03894,2022-06-20 14:30:00,2022,6,Jun,Mon,14,Daytime,25,NO CONTROLS,CLEAR,DAYLIGHT,SIDESWIPE SAME DIRECTION,NOT DIVIDED,DRY,NO INJURY / DRIVE AWAY,,,"OVER $1,500",UNABLE TO DETERMINE,2,NO INDICATION OF INJURY,0,0,41.8948529614,-87.6229018004,60611,"CHICAGO MIDWAY AIRPORT, IL US",95.0,53.0,24.0,0.0,10.0,11.0
crash_03895,2019-07-14 18:25:00,2019,7,Jul,Sun,18,Evening commute,30,TRAFFIC SIGNAL,CLEAR,DAYLIGHT,SIDESWIPE SAME DIRECTION,FOUR WAY,DRY,NO INJURY / DRIVE AWAY,true,,$500 OR LESS,IMPROPER OVERTAKING/PASSING,2,NO INDICATION OF INJURY,0,0,41.8949541461,-87.745952653,60644,"CHICAGO MIDWAY AIRPORT, IL US",82.0,63.0,53.0,0.0,10.0,7.0
crash_03896,2025-05-16 12:30:00,2025,5,May,Fri,12,Daytime,30,UNKNOWN,CLEAR,DAYLIGHT,PARKED MOTOR VEHICLE,ONE-WAY,UNKNOWN,NO INJURY / DRIVE AWAY,,,"OVER $1,500",UNABLE TO DETERMINE,2,NO INDICATION OF INJURY,0,0,41.9235090212,-87.6496425188,60614,"CHICAGO MIDWAY AIRPORT, IL US",86.0,43.0,22.0,0.0,10.0,21.0
crash_03897,2021-07-30 16:08:00,2021,7,Jul,Fri,16,Evening commute,30,TRAFFIC SIGNAL,CLOUDY/OVERCAST,DAYLIGHT,TURNING,FOUR WAY,DRY,NO INJURY / DRIVE AWAY,true,,"$501 - $1,500",IMPROPER TURNING/NO SIGNAL,2,NO INDICATION OF INJURY,0,0,41.7795810129,-87.6497871291,60621,"CHICAGO MIDWAY AIRPORT, IL US",71.0,54.0,55.0,0.0,10.0,10.0
crash_03898,2024-09-17 17:45:00,2024,9,Sep,Tue,17,Evening commute,30,NO CONTROLS,CLEAR,DAYLIGHT,REAR END,NOT DIVIDED,DRY,NO INJURY / DRIVE AWAY,,,"OVER $1,500",FAILING TO REDUCE SPEED TO AVOID CRASH,2,NO INDICATION OF INJURY,0,0,41.700776287,-87.7010055527,60655,"CHICAGO MIDWAY AIRPORT, IL US",79.0,55.0,44.0,0.0,10.0,7.0
crash_03899,2024-10-28 16:00:00,2024,10,Oct,Mon,16,Evening commute,30,NO CONTROLS,CLEAR,DAYLIGHT,REAR END,DIVIDED - W/MEDIAN (NOT RAISED),DRY,NO INJURY / DRIVE AWAY,,true,$500 OR LESS,FOLLOWING TOO CLOSELY,2,NO INDICATION OF INJURY,0,0,41.8433077075,-87.6855021644,60608,"CHICAGO MIDWAY AIRPORT, IL US",67.0,37.0,33.0,0.0,10.0,9.0
crash_03900,2023-06-21 23:00:00,2023,6,Jun,Wed,23,Night or early morning,30,NO CONTROLS,CLEAR,"DARKNESS, LIGHTED ROAD",PARKED MOTOR VEHICLE,ONE-WAY,DRY,INJURY AND / OR TOW DUE TO CRASH,,true,"OVER $1,500",UNABLE TO DETERMINE,2,NO INDICATION OF INJURY,0,0,41.8724190745,-87.742600422,60644,"CHICAGO MIDWAY AIRPORT, IL US",74.0,59.0,60.0,0.0,10.0,7.0
crash_03901,2018-09-25 11:00:00,2018,9,Sep,Tue,11,Daytime,30,TRAFFIC SIGNAL,CLEAR,DAYLIGHT,TURNING,DIVIDED - W/MEDIAN (NOT RAISED),DRY,NO INJURY / DRIVE AWAY,,,"OVER $1,500",FOLLOWING TOO CLOSELY,2,NO INDICATION OF INJURY,0,0,41.7368226302,-87.5857834203,60619,"CHICAGO MIDWAY AIRPORT, IL US",75.0,67.0,76.0,0.0,8.0,9.0
crash_03902,2024-08-20 08:30:00,2024,8,Aug,Tue,8,Morning commute,30,NO CONTROLS,CLEAR,DAYLIGHT,PARKED MOTOR VEHICLE,NOT DIVIDED,DRY,INJURY AND / OR TOW DUE TO CRASH,,,"OVER $1,500",ANIMAL,2,NO INDICATION OF INJURY,0,0,41.7299641876,-87.5527831187,60617,"CHICAGO MIDWAY AIRPORT, IL US",67.0,52.0,59.0,0.0,10.0,3.0
crash_03903,2021-11-12 13:13:00,2021,11,Nov,Fri,13,Daytime,30,TRAFFIC SIGNAL,SLEET/HAIL,DAYLIGHT,REAR END,FOUR WAY,WET,INJURY AND / OR TOW DUE TO CRASH,,,"OVER $1,500",FOLLOWING TOO CLOSELY,2,NO INDICATION OF INJURY,0,0,41.663173271,-87.6367630788,60628,"CHICAGO MIDWAY AIRPORT, IL US",38.0,31.0,76.0,0.0,10.0,21.0
crash_03904,2018-07-06 18:43:00,2018,7,Jul,Fri,18,Evening commute,30,NO CONTROLS,CLEAR,DAYLIGHT,REAR END,DIVIDED - W/MEDIAN (NOT RAISED),DRY,NO INJURY / DRIVE AWAY,,true,"OVER $1,500",FOLLOWING TOO CLOSELY,3,NO INDICATION OF INJURY,0,0,42.0130903802,-87.6903902052,60645,"CHICAGO OHARE INTERNATIONAL AIRPORT, IL US",72.0,49.0,44.0,0.0,10.0,15.0
crash_03905,2023-10-18 14:15:00,2023,10,Oct,Wed,14,Daytime,30,UNKNOWN,UNKNOWN,UNKNOWN,REAR END,FOUR WAY,UNKNOWN,NO INJURY / DRIVE AWAY,true,,"OVER $1,500",UNABLE TO DETERMINE,2,NO INDICATION OF INJURY,0,0,41.9037696064,-87.6433689399,60610,"CHICAGO MIDWAY AIRPORT, IL US",64.0,47.0,54.0,0.0,10.0,14.0
crash_03906,2023-03-26 17:40:00,2023,3,Mar,Sun,17,Evening commute,10,NO CONTROLS,CLEAR,DAYLIGHT,ANGLE,PARKING LOT,WET,NO INJURY / DRIVE AWAY,,,"$501 - $1,500",UNABLE TO DETERMINE,2,NO INDICATION OF INJURY,0,0,41.9775183263,-87.8786234663,60666,"CHICAGO OHARE INTERNATIONAL AIRPORT, IL US",42.0,36.0,79.0,0.01,10.0,10.0
crash_03907,2024-02-25 11:46:00,2024,2,Feb,Sun,11,Daytime,30,OTHER,CLEAR,DAYLIGHT,PARKED MOTOR VEHICLE,NOT DIVIDED,DRY,INJURY AND / OR TOW DUE TO CRASH,,,"$501 - $1,500",UNABLE TO DETERMINE,2,NO INDICATION OF INJURY,0,0,41.6841321817,-87.627508083,60628,"CHICAGO MIDWAY AIRPORT, IL US",53.0,30.0,41.0,0.0,10.0,11.0
crash_03908,2022-02-21 18:58:00,2022,2,Feb,Mon,18,Evening commute,30,TRAFFIC SIGNAL,CLEAR,"DARKNESS, LIGHTED ROAD",TURNING,T-INTERSECTION,DRY,INJURY AND / OR TOW DUE TO CRASH,true,,"OVER $1,500",TURNING RIGHT ON RED,2,NO INDICATION OF INJURY,0,0,41.8916106197,-87.6398245382,60654,"CHICAGO MIDWAY AIRPORT, IL US",46.0,36.0,68.0,0.0,10.0,5.0
crash_03909,2019-03-17 13:11:00,2019,3,Mar,Sun,13,Daytime,30,TRAFFIC SIGNAL,CLEAR,DAYLIGHT,PARKED MOTOR VEHICLE,DIVIDED - W/MEDIAN BARRIER,DRY,NO INJURY / DRIVE AWAY,,,"$501 - $1,500",IMPROPER TURNING/NO SIGNAL,3,NO INDICATION OF INJURY,0,0,41.8800580216,-87.7696744823,60644,"CHICAGO MIDWAY AIRPORT, IL US",42.0,21.0,43.0,0.0,10.0,6.0
crash_03910,2024-11-26 17:00:00,2024,11,Nov,Tue,17,Evening commute,30,TRAFFIC SIGNAL,CLEAR,"DARKNESS, LIGHTED ROAD",SIDESWIPE SAME DIRECTION,TRAFFIC ROUTE,DRY,NO INJURY / DRIVE AWAY,,,"OVER $1,500",DRIVING SKILLS/KNOWLEDGE/EXPERIENCE,2,NO INDICATION OF INJURY,0,0,41.9537584266,-87.7275589211,60618,"CHICAGO OHARE INTERNATIONAL AIRPORT, IL US",37.0,21.0,52.0,0.0,10.0,10.0
crash_03911,2024-03-22 14:30:00,2024,3,Mar,Fri,14,Daytime,30,TRAFFIC SIGNAL,SNOW,DAYLIGHT,SIDESWIPE SAME DIRECTION,DIVIDED - W/MEDIAN BARRIER,WET,NO INJURY / DRIVE AWAY,,,"$501 - $1,500",DISTRACTION - FROM INSIDE VEHICLE,2,NO INDICATION OF INJURY,0,0,41.7358672646,-87.6327948012,60620,"CHICAGO MIDWAY AIRPORT, IL US",38.0,29.0,70.0,0.0,10.0,11.0
crash_03912,2023-10-09 06:55:00,2023,10,Oct,Mon,6,Morning commute,25,TRAFFIC SIGNAL,CLEAR,DAYLIGHT,TURNING,ONE-WAY,UNKNOWN,NO INJURY / DRIVE AWAY,true,,"OVER $1,500",UNABLE TO DETERMINE,2,NO INDICATION OF INJURY,0,0,41.8752368164,-87.642304049,60607,"CHICAGO MIDWAY AIRPORT, IL US",44.0,32.0,63.0,0.0,10.0,8.0
crash_03913,2025-06-27 05:50:00,2025,6,Jun,Fri,5,Night or early morning,30,NO CONTROLS,CLEAR,DAYLIGHT,SIDESWIPE SAME DIRECTION,NOT DIVIDED,DRY,NO INJURY / DRIVE AWAY,,,"OVER $1,500",FAILING TO YIELD RIGHT-OF-WAY,2,NO INDICATION OF INJURY,0,0,41.7717334715,-87.7224378735,60629,"CHICAGO MIDWAY AIRPORT, IL US",79.0,70.0,74.0,0.0,10.0,6.0
crash_03914,2019-06-12 00:15:00,2019,6,Jun,Wed,0,Night or early morning,30,NO CONTROLS,CLEAR,"DARKNESS, LIGHTED ROAD",PEDALCYCLIST,DIVIDED - W/MEDIAN (NOT RAISED),DRY,INJURY AND / OR TOW DUE TO CRASH,false,,"OVER $1,500",UNABLE TO DETERMINE,2,NONINCAPACITATING INJURY,1,0,41.9063687279,-87.6714198412,60622,"CHICAGO MIDWAY AIRPORT, IL US",72.0,42.0,34.0,0.0,10.0,11.0
crash_03915,2025-03-31 12:30:00,2025,3,Mar,Mon,12,Daytime,30,NO CONTROLS,CLEAR,DARKNESS,PARKED MOTOR VEHICLE,T-INTERSECTION,DRY,NO INJURY / DRIVE AWAY,,true,"OVER $1,500",UNABLE TO DETERMINE,2,,,,41.6629911036,-87.5554798916,60633,"CHICAGO MIDWAY AIRPORT, IL US",40.0,27.0,60.0,0.0,10.0,9.0
crash_03916,2021-06-03 10:30:00,2021,6,Jun,Thu,10,Daytime,30,TRAFFIC SIGNAL,CLEAR,DAYLIGHT,SIDESWIPE SAME DIRECTION,NOT DIVIDED,DRY,NO INJURY / DRIVE AWAY,true,,"OVER $1,500",FAILING TO YIELD RIGHT-OF-WAY,2,NO INDICATION OF INJURY,0,0,41.990320959,-87.7952658382,60631,"CHICAGO OHARE INTERNATIONAL AIRPORT, IL US",79.0,49.0,35.0,0.0,10.0,5.0
crash_03917,2021-02-09 16:40:00,2021,2,Feb,Tue,16,Evening commute,35,STOP SIGN/FLASHER,CLEAR,DAYLIGHT,ANGLE,DIVIDED - W/MEDIAN (NOT RAISED),SNOW OR SLUSH,NO INJURY / DRIVE AWAY,true,true,"OVER $1,500",DISREGARDING STOP SIGN,2,NO INDICATION OF INJURY,0,0,41.7140945387,-87.6614577747,60643,"CHICAGO MIDWAY AIRPORT, IL US",17.0,-4.0,39.0,0.0,10.0,3.0
crash_03918,2023-07-20 12:45:00,2023,7,Jul,Thu,12,Daytime,30,UNKNOWN,CLEAR,DAYLIGHT,REAR END,NOT DIVIDED,DRY,NO INJURY / DRIVE AWAY,true,,"$501 - $1,500",FOLLOWING TOO CLOSELY,2,NO INDICATION OF INJURY,0,0,41.997655095,-87.699498438,60645,"CHICAGO OHARE INTERNATIONAL AIRPORT, IL US",87.0,62.0,43.0,0.0,10.0,15.0
crash_03919,2023-06-24 16:00:00,2023,6,Jun,Sat,16,Evening commute,15,NO CONTROLS,CLEAR,DAYLIGHT,PARKED MOTOR VEHICLE,PARKING LOT,DRY,NO INJURY / DRIVE AWAY,,,"OVER $1,500",UNABLE TO DETERMINE,2,NO INDICATION OF INJURY,0,0,41.8950340785,-87.6254043391,60611,"CHICAGO MIDWAY AIRPORT, IL US",89.0,59.0,36.0,0.0,10.0,11.0
crash_03920,2021-11-08 15:00:00,2021,11,Nov,Mon,15,Evening commute,30,NO CONTROLS,CLEAR,DAYLIGHT,PARKED MOTOR VEHICLE,DIVIDED - W/MEDIAN (NOT RAISED),DRY,NO INJURY / DRIVE AWAY,,,$500 OR LESS,IMPROPER BACKING,2,NO INDICATION OF INJURY,0,0,41.9679050524,-87.6882710667,60625,"CHICAGO OHARE INTERNATIONAL AIRPORT, IL US",64.0,46.0,52.0,0.0,10.0,10.0
crash_03921,2019-06-30 15:00:00,2019,6,Jun,Sun,15,Evening commute,30,NO CONTROLS,CLEAR,DAYLIGHT,PARKED MOTOR VEHICLE,NOT DIVIDED,DRY,NO INJURY / DRIVE AWAY,,true,"OVER $1,500",IMPROPER TURNING/NO SIGNAL,2,NO INDICATION OF INJURY,0,0,41.8990584375,-87.6477304952,60610,"CHICAGO MIDWAY AIRPORT, IL US",74.0,69.0,85.0,0.2,10.0,16.0
crash_03922,2023-08-18 14:13:00,2023,8,Aug,Fri,14,Daytime,30,NO CONTROLS,CLEAR,DAYLIGHT,PARKED MOTOR VEHICLE,NOT DIVIDED,DRY,NO INJURY / DRIVE AWAY,,,"OVER $1,500",RELATED TO BUS STOP,2,NO INDICATION OF INJURY,0,0,41.9322808531,-87.6881900575,60618,"CHICAGO MIDWAY AIRPORT, IL US",78.0,48.0,35.0,0.0,10.0,0.0
crash_03923,2019-04-14 14:05:00,2019,4,Apr,Sun,14,Daytime,30,NO CONTROLS,SNOW,DAYLIGHT,OTHER OBJECT,NOT DIVIDED,SNOW OR SLUSH,NO INJURY / DRIVE AWAY,,,"OVER $1,500",WEATHER,1,NO INDICATION OF INJURY,0,0,41.7495738698,-87.5862356219,60619,"CHICAGO MIDWAY AIRPORT, IL US",34.0,32.0,92.0,0.0,2.0,21.0
crash_03924,2024-03-10 16:34:00,2024,3,Mar,Sun,16,Evening commute,40,DELINEATORS,CLEAR,DAYLIGHT,REAR END,DIVIDED - W/MEDIAN BARRIER,DRY,NO INJURY / DRIVE AWAY,,,$500 OR LESS,DRIVING SKILLS/KNOWLEDGE/EXPERIENCE,2,NO INDICATION OF INJURY,0,0,41.8649849,-87.6195106093,60605,"CHICAGO MIDWAY AIRPORT, IL US",47.0,18.0,31.0,0.0,10.0,5.0
crash_03925,2019-11-24 06:00:00,2019,11,Nov,Sun,6,Morning commute,5,NO CONTROLS,CLEAR,DAYLIGHT,FIXED OBJECT,OTHER,DRY,NO INJURY / DRIVE AWAY,,,"$501 - $1,500",NOT APPLICABLE,1,NO INDICATION OF INJURY,0,0,41.9179607417,-87.6727043698,60614,"CHICAGO MIDWAY AIRPORT, IL US",34.0,30.0,85.0,0.0,10.0,9.0
crash_03926,2018-02-22 19:28:00,2018,2,Feb,Thu,19,Night or early morning,30,TRAFFIC SIGNAL,CLEAR,"DARKNESS, LIGHTED ROAD",ANGLE,DIVIDED - W/MEDIAN (NOT RAISED),DRY,INJURY AND / OR TOW DUE TO CRASH,true,,"OVER $1,500",UNABLE TO DETERMINE,2,"REPORTED, NOT EVIDENT",1,0,41.7074051178,-87.6066722152,60628,"CHICAGO MIDWAY AIRPORT, IL US",40.0,34.0,79.0,0.0,10.0,10.0
crash_03927,2023-07-09 01:00:00,2023,7,Jul,Sun,1,Night or early morning,30,NO CONTROLS,CLEAR,"DARKNESS, LIGHTED ROAD",PARKED MOTOR VEHICLE,OTHER,DRY,NO INJURY / DRIVE AWAY,,true,"OVER $1,500",UNABLE TO DETERMINE,2,NO INDICATION OF INJURY,0,0,41.866213019,-87.7127816493,60623,"CHICAGO MIDWAY AIRPORT, IL US",63.0,54.0,73.0,0.0,10.0,3.0
crash_03928,2024-11-13 09:59:00,2024,11,Nov,Wed,9,Morning commute,30,NO CONTROLS,CLEAR,DAYLIGHT,TURNING,NOT DIVIDED,DRY,INJURY AND / OR TOW DUE TO CRASH,,,"OVER $1,500",IMPROPER TURNING/NO SIGNAL,2,NO INDICATION OF INJURY,0,0,41.9905709491,-87.8000182609,60631,"CHICAGO OHARE INTERNATIONAL AIRPORT, IL US",47.0,34.0,61.0,0.0,10.0,11.0
crash_03929,2021-10-01 07:40:00,2021,10,Oct,Fri,7,Morning commute,30,NO CONTROLS,CLEAR,DAYLIGHT,ANGLE,NOT DIVIDED,DRY,INJURY AND / OR TOW DUE TO CRASH,,,"OVER $1,500",UNABLE TO DETERMINE,2,NO INDICATION OF INJURY,0,0,41.6810029639,-87.6826553238,60655,"CHICAGO MIDWAY AIRPORT, IL US",63.0,50.0,63.0,0.0,10.0,6.0
crash_03930,2024-04-01 07:45:00,2024,4,Apr,Mon,7,Morning commute,30,STOP SIGN/FLASHER,CLEAR,DAYLIGHT,PEDESTRIAN,FOUR WAY,WET,INJURY AND / OR TOW DUE TO CRASH,true,,"$501 - $1,500",UNABLE TO DETERMINE,2,NONINCAPACITATING INJURY,1,0,41.8765267847,-87.6495927823,60607,"CHICAGO MIDWAY AIRPORT, IL US",44.0,40.0,85.0,,10.0,10.0
crash_03931,2022-12-22 03:15:00,2022,12,Dec,Thu,3,Night or early morning,30,NO CONTROLS,CLEAR,DARKNESS,TURNING,DIVIDED - W/MEDIAN (NOT RAISED),DRY,NO INJURY / DRIVE AWAY,,,"OVER $1,500",IMPROPER TURNING/NO SIGNAL,2,NO INDICATION OF INJURY,0,0,41.9765003796,-87.6553555508,60640,"CHICAGO OHARE INTERNATIONAL AIRPORT, IL US",33.0,26.0,75.0,0.0,7.0,7.0
crash_03932,2021-04-17 03:19:00,2021,4,Apr,Sat,3,Night or early morning,30,NO CONTROLS,CLEAR,"DARKNESS, LIGHTED ROAD",FIXED OBJECT,DIVIDED - W/MEDIAN (NOT RAISED),DRY,INJURY AND / OR TOW DUE TO CRASH,,true,"OVER $1,500",UNABLE TO DETERMINE,1,NO INDICATION OF INJURY,0,0,41.7541232519,-87.6442791602,60620,"CHICAGO MIDWAY AIRPORT, IL US",39.0,31.0,73.0,0.0,10.0,5.0
crash_03933,2019-01-18 11:15:00,2019,1,Jan,Fri,11,Daytime,30,NO CONTROLS,CLEAR,DAYLIGHT,PARKED MOTOR VEHICLE,ONE-WAY,DRY,NO INJURY / DRIVE AWAY,,,"OVER $1,500",DISTRACTION - FROM OUTSIDE VEHICLE,2,NO INDICATION OF INJURY,0,0,41.949879939,-87.7141757898,60618,"CHICAGO OHARE INTERNATIONAL AIRPORT, IL US",28.0,20.0,72.0,0.0,10.0,7.0
crash_03934,2019-07-31 14:15:00,2019,7,Jul,Wed,14,Daytime,30,TRAFFIC SIGNAL,CLEAR,DAYLIGHT,SIDESWIPE OPPOSITE DIRECTION,NOT DIVIDED,DRY,NO INJURY / DRIVE AWAY,true,,"$501 - $1,500",UNABLE TO DETERMINE,2,NO INDICATION OF INJURY,0,0,41.9033413846,-87.6611501707,60642,"CHICAGO MIDWAY AIRPORT, IL US",75.0,51.0,43.0,0.0,10.0,10.0
crash_03935,2024-05-28 18:44:00,2024,5,May,Tue,18,Evening commute,30,TRAFFIC SIGNAL,CLEAR,DAYLIGHT,REAR END,NOT DIVIDED,DRY,NO INJURY / DRIVE AWAY,,,"$501 - $1,500",FOLLOWING TOO CLOSELY,2,NO INDICATION OF INJURY,0,0,41.789992201,-87.7035193583,60629,"CHICAGO MIDWAY AIRPORT, IL US",62.0,54.0,75.0,0.0,10.0,9.0
crash_03936,2024-12-19 18:10:00,2024,12,Dec,Thu,18,Evening commute,30,UNKNOWN,UNKNOWN,UNKNOWN,PARKED MOTOR VEHICLE,NOT DIVIDED,UNKNOWN,NO INJURY / DRIVE AWAY,,true,"OVER $1,500",UNABLE TO DETERMINE,2,NO INDICATION OF INJURY,0,0,41.8908838178,-87.6349740862,60654,"CHICAGO MIDWAY AIRPORT, IL US",32.0,26.0,79.0,0.01,1.0,9.0
crash_03937,2024-08-11 02:21:00,2024,8,Aug,Sun,2,Night or early morning,30,NO CONTROLS,CLEAR,UNKNOWN,PARKED MOTOR VEHICLE,DIVIDED - W/MEDIAN (NOT RAISED),DRY,INJURY AND / OR TOW DUE TO CRASH,,true,"OVER $1,500",UNABLE TO DETERMINE,2,NO INDICATION OF INJURY,0,0,41.8526542876,-87.6530881772,60608,"CHICAGO MIDWAY AIRPORT, IL US",62.0,51.0,67.0,0.0,10.0,6.0
crash_03938,2022-08-15 10:00:00,2022,8,Aug,Mon,10,Daytime,30,TRAFFIC SIGNAL,CLEAR,DAYLIGHT,PARKED MOTOR VEHICLE,CENTER TURN LANE,DRY,NO INJURY / DRIVE AWAY,,,"OVER $1,500",FOLLOWING TOO CLOSELY,2,NO INDICATION OF INJURY,0,0,41.9614018463,-87.6888326228,60625,"CHICAGO OHARE INTERNATIONAL AIRPORT, IL US",74.0,60.0,62.0,0.0,10.0,11.0
crash_03939,2023-03-10 23:37:00,2023,3,Mar,Fri,23,Night or early morning,30,TRAFFIC SIGNAL,CLEAR,"DARKNESS, LIGHTED ROAD",ANGLE,ONE-WAY,DRY,NO INJURY / DRIVE AWAY,,,"OVER $1,500",UNABLE TO DETERMINE,2,NO INDICATION OF INJURY,0,0,41.9030261368,-87.6313487722,60610,"CHICAGO MIDWAY AIRPORT, IL US",34.0,30.0,85.0,0.0,6.0,11.0
crash_03940,2023-04-17 18:30:00,2023,4,Apr,Mon,18,Evening commute,30,TRAFFIC SIGNAL,CLOUDY/OVERCAST,DAWN,SIDESWIPE OPPOSITE DIRECTION,UNKNOWN,WET,NO INJURY / DRIVE AWAY,,,"$501 - $1,500",FAILING TO REDUCE SPEED TO AVOID CRASH,2,NO INDICATION OF INJURY,0,0,41.8766674324,-87.6391776641,60607,"CHICAGO MIDWAY AIRPORT, IL US",39.0,26.0,60.0,0.0,10.0,17.0
crash_03941,2019-03-03 14:00:00,2019,3,Mar,Sun,14,Daytime,30,TRAFFIC SIGNAL,CLEAR,DAYLIGHT,TURNING,NOT DIVIDED,DRY,NO INJURY / DRIVE AWAY,true,,$500 OR LESS,UNABLE TO DETERMINE,2,NO INDICATION OF INJURY,0,0,41.8103461274,-87.6651655862,60609,"CHICAGO MIDWAY AIRPORT, IL US",23.0,5.0,46.0,0.0,10.0,15.0
crash_03942,2020-11-13 14:30:00,2020,11,Nov,Fri,14,Daytime,30,NO CONTROLS,CLEAR,DAYLIGHT,ANGLE,ONE-WAY,DRY,NO INJURY / DRIVE AWAY,,,"OVER $1,500",UNABLE TO DETERMINE,2,NO INDICATION OF INJURY,0,0,41.9075905569,-87.7723038423,60651,"CHICAGO MIDWAY AIRPORT, IL US",40.0,20.0,45.0,0.0,10.0,7.0
crash_03943,2022-03-02 08:40:00,2022,3,Mar,Wed,8,Morning commute,30,TRAFFIC SIGNAL,CLEAR,DAYLIGHT,REAR END,NOT DIVIDED,DRY,NO INJURY / DRIVE AWAY,,,"$501 - $1,500",UNABLE TO DETERMINE,2,NO INDICATION OF INJURY,0,0,41.7592044458,-87.5965051144,60619,"CHICAGO MIDWAY AIRPORT, IL US",41.0,27.0,57.0,0.0,10.0,5.0
crash_03944,2023-10-21 23:41:00,2023,10,Oct,Sat,23,Night or early morning,30,NO CONTROLS,CLOUDY/OVERCAST,"DARKNESS, LIGHTED ROAD",OTHER OBJECT,NOT DIVIDED,DRY,INJURY AND / OR TOW DUE TO CRASH,,true,"OVER $1,500",UNABLE TO DETERMINE,2,INCAPACITATING INJURY,1,0,41.7803198844,-87.6172265634,60637,"CHICAGO MIDWAY AIRPORT, IL US",48.0,41.0,77.0,0.0,10.0,11.0