crash_id,crash_datetime,crash_year,crash_month,crash_month_name,crash_weekday_name,crash_hour,time_period,posted_speed_limit_mph,traffic_control_device,reported_weather_condition,reported_lighting_condition,first_crash_type,trafficway_type,reported_road_surface_condition,crash_type,intersection_related,hit_and_run,estimated_damage,primary_contributory_cause,unit_count,most_severe_injury,injuries_total,injuries_fatal,latitude,longitude,zip5,weather_station_name,temperature_f,dew_point_f,relative_humidity_percent,precipitation_inches,visibility_miles,wind_speed_mph
crash_03945,2022-01-23 00:21:00,2022,1,Jan,Sun,0,Night or early morning,30,TRAFFIC SIGNAL,SNOW,"DARKNESS, LIGHTED ROAD",REAR END,DIVIDED - W/MEDIAN BARRIER,WET,INJURY AND / OR TOW DUE TO CRASH,,,"OVER $1,500",FAILING TO REDUCE SPEED TO AVOID CRASH,2,NO INDICATION OF INJURY,0,0,41.7936928456,-87.6549273964,60636,"CHICAGO MIDWAY AIRPORT, IL US",22.0,17.0,82.0,0.01,1.0,7.0
crash_03946,2025-10-12 17:45:00,2025,10,Oct,Sun,17,Evening commute,30,NO CONTROLS,CLEAR,DAYLIGHT,SIDESWIPE SAME DIRECTION,NOT DIVIDED,DRY,NO INJURY / DRIVE AWAY,false,true,"OVER $1,500",FAILING TO YIELD RIGHT-OF-WAY,2,NO INDICATION OF INJURY,0,0,41.7223152189,-87.5788543234,60617,,,,,,,
crash_03947,2018-07-22 10:45:00,2018,7,Jul,Sun,10,Daytime,30,TRAFFIC SIGNAL,RAIN,DAYLIGHT,REAR END,DIVIDED - W/MEDIAN (NOT RAISED),WET,NO INJURY / DRIVE AWAY,,,"OVER $1,500",FOLLOWING TOO CLOSELY,2,NO INDICATION OF INJURY,0,0,41.9285359125,-87.6877059773,60647,"CHICAGO MIDWAY AIRPORT, IL US",70.0,70.0,100.0,,2.0,14.0
crash_03948,2022-11-04 12:37:00,2022,11,Nov,Fri,12,Daytime,30,STOP SIGN/FLASHER,RAIN,DAYLIGHT,TURNING,T-INTERSECTION,WET,NO INJURY / DRIVE AWAY,,,"OVER $1,500",FAILING TO YIELD RIGHT-OF-WAY,2,NO INDICATION OF INJURY,0,0,41.8536546629,-87.6992961727,60623,"CHICAGO MIDWAY AIRPORT, IL US",64.0,56.0,75.0,0.01,10.0,7.0
crash_03949,2025-06-13 15:45:00,2025,6,Jun,Fri,15,Evening commute,30,NO CONTROLS,CLOUDY/OVERCAST,DAYLIGHT,ANGLE,NOT DIVIDED,DRY,NO INJURY / DRIVE AWAY,,,"OVER $1,500",FAILING TO YIELD RIGHT-OF-WAY,2,NO INDICATION OF INJURY,0,0,41.801134224,-87.6918982255,60632,"CHICAGO MIDWAY AIRPORT, IL US",71.0,64.0,79.0,0.0,5.0,8.0
crash_03950,2025-10-17 08:00:00,2025,10,Oct,Fri,8,Morning commute,30,STOP SIGN/FLASHER,CLEAR,DAYLIGHT,ANGLE,NOT DIVIDED,UNKNOWN,INJURY AND / OR TOW DUE TO CRASH,true,true,"OVER $1,500",FAILING TO YIELD RIGHT-OF-WAY,2,"REPORTED, NOT EVIDENT",1,0,41.6939887896,-87.6651894069,60643,,,,,,,
crash_03951,2022-10-24 16:00:00,2022,10,Oct,Mon,16,Evening commute,30,UNKNOWN,UNKNOWN,UNKNOWN,SIDESWIPE OPPOSITE DIRECTION,NOT DIVIDED,DRY,NO INJURY / DRIVE AWAY,,,"OVER $1,500",IMPROPER BACKING,2,NO INDICATION OF INJURY,0,0,41.8477321252,-87.616360004,60616,"CHICAGO MIDWAY AIRPORT, IL US",79.0,54.0,42.0,0.0,10.0,20.0
crash_03952,2019-01-26 05:45:00,2019,1,Jan,Sat,5,Night or early morning,30,NO CONTROLS,SNOW,DARKNESS,PARKED MOTOR VEHICLE,ONE-WAY,WET,NO INJURY / DRIVE AWAY,,true,$500 OR LESS,UNABLE TO DETERMINE,2,NO INDICATION OF INJURY,0,0,41.7708967693,-87.6798042351,60636,"CHICAGO MIDWAY AIRPORT, IL US",-3.0,-10.0,71.0,0.0,10.0,5.0
crash_03953,2021-10-28 06:00:00,2021,10,Oct,Thu,6,Morning commute,30,NO CONTROLS,CLEAR,DARKNESS,FIXED OBJECT,NOT DIVIDED,DRY,INJURY AND / OR TOW DUE TO CRASH,,,"OVER $1,500",DRIVING SKILLS/KNOWLEDGE/EXPERIENCE,2,INCAPACITATING INJURY,1,0,41.8720602108,-87.7549798274,60644,"CHICAGO MIDWAY AIRPORT, IL US",51.0,43.0,74.0,0.0,10.0,11.0
crash_03954,2023-04-30 03:25:00,2023,4,Apr,Sun,3,Night or early morning,30,NO CONTROLS,CLEAR,"DARKNESS, LIGHTED ROAD",PARKED MOTOR VEHICLE,NOT DIVIDED,DRY,NO INJURY / DRIVE AWAY,,true,"$501 - $1,500",UNABLE TO DETERMINE,2,NO INDICATION OF INJURY,0,0,41.9541787004,-87.7488100609,60641,"CHICAGO OHARE INTERNATIONAL AIRPORT, IL US",43.0,35.0,74.0,0.0,10.0,9.0
crash_03955,2020-01-06 16:45:00,2020,1,Jan,Mon,16,Evening commute,25,STOP SIGN/FLASHER,CLEAR,"DARKNESS, LIGHTED ROAD",ANGLE,FOUR WAY,DRY,NO INJURY / DRIVE AWAY,true,,"OVER $1,500",FAILING TO YIELD RIGHT-OF-WAY,2,NO INDICATION OF INJURY,0,0,41.8464739332,-87.702701492,60623,"CHICAGO MIDWAY AIRPORT, IL US",38.0,20.0,48.0,0.0,10.0,9.0
crash_03956,2025-11-30 12:20:00,2025,11,Nov,Sun,12,Daytime,30,NO CONTROLS,SNOW,DAYLIGHT,PARKED MOTOR VEHICLE,NOT DIVIDED,SNOW OR SLUSH,NO INJURY / DRIVE AWAY,,true,"OVER $1,500",DRIVING SKILLS/KNOWLEDGE/EXPERIENCE,2,NO INDICATION OF INJURY,0,0,41.8300434047,-87.6917967516,60632,,,,,,,
crash_03957,2021-05-02 03:10:00,2021,5,May,Sun,3,Night or early morning,30,NO CONTROLS,CLEAR,"DARKNESS, LIGHTED ROAD",PARKED MOTOR VEHICLE,ONE-WAY,DRY,INJURY AND / OR TOW DUE TO CRASH,,true,"OVER $1,500",UNABLE TO DETERMINE,2,NO INDICATION OF INJURY,0,0,41.7889229551,-87.7047959559,60629,"CHICAGO MIDWAY AIRPORT, IL US",65.0,48.0,54.0,0.0,10.0,10.0
crash_03958,2020-03-22 21:47:00,2020,3,Mar,Sun,21,Night or early morning,30,UNKNOWN,SNOW,"DARKNESS, LIGHTED ROAD",OTHER NONCOLLISION,ONE-WAY,WET,INJURY AND / OR TOW DUE TO CRASH,,false,"OVER $1,500",NOT APPLICABLE,1,NO INDICATION OF INJURY,0,0,41.7656468769,-87.6234726993,60637,"CHICAGO MIDWAY AIRPORT, IL US",34.0,34.0,100.0,,1.0,6.0
crash_03959,2018-12-26 20:14:00,2018,12,Dec,Wed,20,Night or early morning,30,TRAFFIC SIGNAL,CLEAR,"DARKNESS, LIGHTED ROAD",TURNING,ONE-WAY,DRY,INJURY AND / OR TOW DUE TO CRASH,true,,$500 OR LESS,DISREGARDING TRAFFIC SIGNALS,2,NO INDICATION OF INJURY,0,0,41.8740481883,-87.6693308151,60612,"CHICAGO MIDWAY AIRPORT, IL US",43.0,29.0,58.0,0.0,10.0,7.0
crash_03960,2025-05-26 01:25:00,2025,5,May,Mon,1,Night or early morning,30,OTHER,CLEAR,"DARKNESS, LIGHTED ROAD",REAR TO FRONT,DRIVEWAY,DRY,NO INJURY / DRIVE AWAY,,,"$501 - $1,500",IMPROPER BACKING,2,NO INDICATION OF INJURY,0,0,41.6779176731,-87.6225486131,60628,"CHICAGO MIDWAY AIRPORT, IL US",50.0,40.0,68.0,0.0,10.0,5.0
crash_03961,2022-04-27 07:20:00,2022,4,Apr,Wed,7,Morning commute,30,STOP SIGN/FLASHER,CLEAR,DAYLIGHT,ANGLE,NOT DIVIDED,DRY,NO INJURY / DRIVE AWAY,,,"OVER $1,500",UNABLE TO DETERMINE,2,NO INDICATION OF INJURY,0,0,41.9509187942,-87.7153215812,60618,"CHICAGO OHARE INTERNATIONAL AIRPORT, IL US",35.0,22.0,59.0,0.0,10.0,6.0
crash_03962,2023-10-15 20:10:00,2023,10,Oct,Sun,20,Night or early morning,30,TRAFFIC SIGNAL,CLEAR,"DARKNESS, LIGHTED ROAD",TURNING,NOT DIVIDED,DRY,NO INJURY / DRIVE AWAY,,true,"OVER $1,500",UNABLE TO DETERMINE,2,NO INDICATION OF INJURY,0,0,41.6926439622,-87.613520126,60628,"CHICAGO MIDWAY AIRPORT, IL US",55.0,44.0,67.0,0.0,10.0,9.0
crash_03963,2023-10-07 17:25:00,2023,10,Oct,Sat,17,Evening commute,35,TRAFFIC SIGNAL,CLEAR,DAYLIGHT,REAR END,NOT DIVIDED,DRY,NO INJURY / DRIVE AWAY,true,,"OVER $1,500",UNABLE TO DETERMINE,2,NO INDICATION OF INJURY,0,0,41.8908104471,-87.6843133258,60612,"CHICAGO MIDWAY AIRPORT, IL US",56.0,31.0,39.0,0.0,10.0,11.0
crash_03964,2024-08-22 16:28:00,2024,8,Aug,Thu,16,Evening commute,30,NO CONTROLS,CLEAR,DAYLIGHT,PEDESTRIAN,DIVIDED - W/MEDIAN BARRIER,DRY,INJURY AND / OR TOW DUE TO CRASH,,true,"OVER $1,500",UNABLE TO DETERMINE,3,NONINCAPACITATING INJURY,1,0,41.9035903141,-87.6592132092,60642,"CHICAGO MIDWAY AIRPORT, IL US",78.0,51.0,39.0,0.0,10.0,6.0
crash_03965,2021-04-07 18:02:00,2021,4,Apr,Wed,18,Evening commute,30,TRAFFIC SIGNAL,CLEAR,DAYLIGHT,PEDALCYCLIST,NOT DIVIDED,DRY,INJURY AND / OR TOW DUE TO CRASH,,,"OVER $1,500","OPERATING VEHICLE IN ERRATIC, RECKLESS, CARELESS, NEGLIGENT OR AGGRESSIVE MANNER",2,NONINCAPACITATING INJURY,1,0,41.9655391849,-87.6548598419,60640,"CHICAGO MIDWAY AIRPORT, IL US",76.0,54.0,47.0,0.0,10.0,5.0
crash_03966,2018-10-21 00:57:00,2018,10,Oct,Sun,0,Night or early morning,30,NO CONTROLS,CLEAR,"DARKNESS, LIGHTED ROAD",PARKED MOTOR VEHICLE,NOT DIVIDED,DRY,INJURY AND / OR TOW DUE TO CRASH,,true,"OVER $1,500",UNDER THE INFLUENCE OF ALCOHOL/DRUGS (USE WHEN ARREST IS EFFECTED),2,NO INDICATION OF INJURY,0,0,41.8736561285,-87.6992095056,60612,"CHICAGO MIDWAY AIRPORT, IL US",32.0,20.0,61.0,0.0,10.0,6.0
crash_03967,2023-12-25 00:01:00,2023,12,Dec,Mon,0,Night or early morning,35,NO CONTROLS,UNKNOWN,UNKNOWN,PARKED MOTOR VEHICLE,DIVIDED - W/MEDIAN (NOT RAISED),UNKNOWN,INJURY AND / OR TOW DUE TO CRASH,,true,"OVER $1,500",IMPROPER LANE USAGE,2,NO INDICATION OF INJURY,0,0,41.9060693974,-87.7258813014,60651,"CHICAGO MIDWAY AIRPORT, IL US",54.0,49.0,83.0,0.0,10.0,7.0
crash_03968,2023-02-15 17:00:00,2023,2,Feb,Wed,17,Evening commute,30,STOP SIGN/FLASHER,CLEAR,UNKNOWN,PARKED MOTOR VEHICLE,DIVIDED - W/MEDIAN (NOT RAISED),UNKNOWN,INJURY AND / OR TOW DUE TO CRASH,,true,"OVER $1,500",UNABLE TO DETERMINE,4,NO INDICATION OF INJURY,0,0,41.9654376676,-87.6625879026,60640,"CHICAGO MIDWAY AIRPORT, IL US",40.0,31.0,70.0,0.0,10.0,17.0
crash_03969,2023-07-19 11:45:00,2023,7,Jul,Wed,11,Daytime,20,STOP SIGN/FLASHER,CLEAR,DAYLIGHT,SIDESWIPE SAME DIRECTION,ONE-WAY,DRY,NO INJURY / DRIVE AWAY,true,,"OVER $1,500",UNABLE TO DETERMINE,2,NO INDICATION OF INJURY,0,0,41.9967646767,-87.6985391947,60659,"CHICAGO OHARE INTERNATIONAL AIRPORT, IL US",81.0,57.0,44.0,0.0,10.0,6.0
crash_03970,2023-09-22 06:40:00,2023,9,Sep,Fri,6,Morning commute,10,NO CONTROLS,CLEAR,DAYLIGHT,PARKED MOTOR VEHICLE,ALLEY,DRY,NO INJURY / DRIVE AWAY,,,"OVER $1,500",IMPROPER BACKING,2,NO INDICATION OF INJURY,0,0,41.7999006011,-87.7023715855,60632,"CHICAGO MIDWAY AIRPORT, IL US",66.0,61.0,84.0,0.0,10.0,0.0
crash_03971,2022-01-08 16:10:00,2022,1,Jan,Sat,16,Evening commute,30,RAILROAD CROSSING GATE,CLEAR,"DARKNESS, LIGHTED ROAD",REAR END,NOT DIVIDED,DRY,NO INJURY / DRIVE AWAY,,,"OVER $1,500",DRIVING SKILLS/KNOWLEDGE/EXPERIENCE,2,NO INDICATION OF INJURY,0,0,41.8062942118,-87.7171921192,60632,"CHICAGO MIDWAY AIRPORT, IL US",29.0,25.0,85.0,0.0,2.5,9.0
crash_03972,2020-09-18 17:00:00,2020,9,Sep,Fri,17,Evening commute,30,NO CONTROLS,UNKNOWN,UNKNOWN,FIXED OBJECT,ALLEY,UNKNOWN,NO INJURY / DRIVE AWAY,,true,"OVER $1,500",UNABLE TO DETERMINE,1,NO INDICATION OF INJURY,0,0,41.8928443492,-87.7148676071,60624,"CHICAGO MIDWAY AIRPORT, IL US",59.0,35.0,41.0,0.0,10.0,18.0
crash_03973,2021-05-30 03:37:00,2021,5,May,Sun,3,Night or early morning,25,NO CONTROLS,CLEAR,DARKNESS,REAR END,NOT DIVIDED,DRY,NO INJURY / DRIVE AWAY,,,"$501 - $1,500",NOT APPLICABLE,2,NO INDICATION OF INJURY,0,0,41.8779327373,-87.7257240638,60624,"CHICAGO MIDWAY AIRPORT, IL US",45.0,35.0,68.0,0.0,10.0,3.0
crash_03974,2018-06-29 20:07:00,2018,6,Jun,Fri,20,Night or early morning,30,NO CONTROLS,CLEAR,DAYLIGHT,PARKED MOTOR VEHICLE,NOT DIVIDED,DRY,NO INJURY / DRIVE AWAY,,,"$501 - $1,500",IMPROPER LANE USAGE,2,NO INDICATION OF INJURY,0,0,41.7680186251,-87.6831862649,60636,"CHICAGO MIDWAY AIRPORT, IL US",90.0,78.0,68.0,0.0,10.0,13.0
crash_03975,2018-08-17 12:50:00,2018,8,Aug,Fri,12,Daytime,30,LANE USE MARKING,CLEAR,DAYLIGHT,FIXED OBJECT,NOT DIVIDED,DRY,INJURY AND / OR TOW DUE TO CRASH,,,"OVER $1,500",DRIVING SKILLS/KNOWLEDGE/EXPERIENCE,1,NO INDICATION OF INJURY,0,0,41.8243202136,-87.7035625166,60632,"CHICAGO MIDWAY AIRPORT, IL US",79.0,68.0,69.0,0.0,8.0,3.0
crash_03976,2022-03-26 21:24:00,2022,3,Mar,Sat,21,Night or early morning,30,NO CONTROLS,CLEAR,"DARKNESS, LIGHTED ROAD",PARKED MOTOR VEHICLE,NOT DIVIDED,DRY,INJURY AND / OR TOW DUE TO CRASH,,,"OVER $1,500",DISTRACTION - FROM INSIDE VEHICLE,2,NONINCAPACITATING INJURY,1,0,42.0029345316,-87.6706716644,60626,"CHICAGO OHARE INTERNATIONAL AIRPORT, IL US",29.0,14.0,54.0,0.0,10.0,10.0
crash_03977,2023-07-29 04:25:00,2023,7,Jul,Sat,4,Night or early morning,30,NO CONTROLS,CLEAR,DARKNESS,PARKED MOTOR VEHICLE,NOT DIVIDED,WET,NO INJURY / DRIVE AWAY,,,"OVER $1,500",UNABLE TO DETERMINE,2,NO INDICATION OF INJURY,0,0,41.7319025923,-87.5878785864,60619,"CHICAGO MIDWAY AIRPORT, IL US",70.0,67.0,90.0,0.0,10.0,7.0
crash_03978,2019-01-12 11:55:00,2019,1,Jan,Sat,11,Daytime,30,NO CONTROLS,SNOW,DAYLIGHT,TURNING,NOT DIVIDED,SNOW OR SLUSH,NO INJURY / DRIVE AWAY,,,"OVER $1,500",UNABLE TO DETERMINE,2,NO INDICATION OF INJURY,0,0,41.8101180259,-87.7099962811,60632,"CHICAGO MIDWAY AIRPORT, IL US",30.0,27.0,88.0,0.01,1.0,15.0
crash_03979,2021-01-16 07:00:00,2021,1,Jan,Sat,7,Morning commute,30,TRAFFIC SIGNAL,SNOW,DAYLIGHT,ANGLE,DIVIDED - W/MEDIAN (NOT RAISED),SNOW OR SLUSH,INJURY AND / OR TOW DUE TO CRASH,,,"OVER $1,500",WEATHER,2,"REPORTED, NOT EVIDENT",1,0,41.8810954108,-87.705060426,60612,"CHICAGO MIDWAY AIRPORT, IL US",31.0,28.0,89.0,0.02,1.5,8.0
crash_03980,2022-08-09 01:40:00,2022,8,Aug,Tue,1,Night or early morning,40,NO CONTROLS,CLEAR,"DARKNESS, LIGHTED ROAD",SIDESWIPE SAME DIRECTION,OTHER,UNKNOWN,NO INJURY / DRIVE AWAY,,,"OVER $1,500",UNABLE TO DETERMINE,2,NO INDICATION OF INJURY,0,0,41.900752974,-87.6242349998,60611,"CHICAGO MIDWAY AIRPORT, IL US",71.0,60.0,68.0,,10.0,7.0
crash_03981,2020-06-20 15:54:00,2020,6,Jun,Sat,15,Evening commute,30,NO CONTROLS,CLEAR,DAYLIGHT,PARKED MOTOR VEHICLE,ONE-WAY,DRY,NO INJURY / DRIVE AWAY,,,"OVER $1,500",DRIVING ON WRONG SIDE/WRONG WAY,2,NO INDICATION OF INJURY,0,0,41.6975860546,-87.5315121077,60617,"CHICAGO MIDWAY AIRPORT, IL US",89.0,59.0,36.0,0.0,10.0,13.0
crash_03982,2018-07-17 08:30:00,2018,7,Jul,Tue,8,Morning commute,30,TRAFFIC SIGNAL,CLEAR,DAYLIGHT,SIDESWIPE SAME DIRECTION,NOT DIVIDED,DRY,NO INJURY / DRIVE AWAY,,,$500 OR LESS,"OPERATING VEHICLE IN ERRATIC, RECKLESS, CARELESS, NEGLIGENT OR AGGRESSIVE MANNER",2,NO INDICATION OF INJURY,0,0,41.6993290675,-87.6711423925,60643,"CHICAGO MIDWAY AIRPORT, IL US",79.0,60.0,52.0,0.0,10.0,5.0
crash_03983,2024-04-20 13:20:00,2024,4,Apr,Sat,13,Daytime,30,NO CONTROLS,CLEAR,DAYLIGHT,TURNING,DIVIDED - W/MEDIAN (NOT RAISED),DRY,NO INJURY / DRIVE AWAY,,,"OVER $1,500",FAILING TO YIELD RIGHT-OF-WAY,2,NO INDICATION OF INJURY,0,0,41.8405350408,-87.734323333,60623,"CHICAGO MIDWAY AIRPORT, IL US",48.0,22.0,36.0,0.0,10.0,16.0
crash_03984,2022-12-24 11:46:00,2022,12,Dec,Sat,11,Daytime,30,TRAFFIC SIGNAL,CLEAR,DAYLIGHT,REAR END,NOT DIVIDED,DRY,NO INJURY / DRIVE AWAY,,,"OVER $1,500",FOLLOWING TOO CLOSELY,2,NO INDICATION OF INJURY,0,0,41.8181780969,-87.7436118562,60638,"CHICAGO MIDWAY AIRPORT, IL US",9.0,-1.0,64.0,0.0,10.0,26.0
crash_03985,2025-12-27 19:51:00,2025,12,Dec,Sat,19,Night or early morning,30,NO CONTROLS,OTHER,"DARKNESS, LIGHTED ROAD",PEDALCYCLIST,NOT DIVIDED,WET,INJURY AND / OR TOW DUE TO CRASH,,,"OVER $1,500",UNABLE TO DETERMINE,2,NONINCAPACITATING INJURY,1,0,41.9091875721,-87.6775767379,60622,,,,,,,
crash_03986,2018-04-24 13:20:00,2018,4,Apr,Tue,13,Daytime,30,TRAFFIC SIGNAL,CLEAR,DAYLIGHT,SIDESWIPE SAME DIRECTION,DIVIDED - W/MEDIAN (NOT RAISED),DRY,NO INJURY / DRIVE AWAY,true,true,"OVER $1,500",IMPROPER OVERTAKING/PASSING,2,NO INDICATION OF INJURY,0,0,41.7268505491,-87.6487879112,60620,"CHICAGO MIDWAY AIRPORT, IL US",62.0,49.0,62.0,0.0,10.0,8.0
crash_03987,2024-06-09 06:00:00,2024,6,Jun,Sun,6,Morning commute,30,NO CONTROLS,CLEAR,DAWN,TURNING,NOT DIVIDED,DRY,NO INJURY / DRIVE AWAY,,true,"OVER $1,500",IMPROPER TURNING/NO SIGNAL,2,NO INDICATION OF INJURY,0,0,41.8444692529,-87.7019302145,60623,"CHICAGO MIDWAY AIRPORT, IL US",57.0,54.0,90.0,0.0,10.0,9.0
crash_03988,2020-12-25 22:30:00,2020,12,Dec,Fri,22,Night or early morning,35,TRAFFIC SIGNAL,CLEAR,"DARKNESS, LIGHTED ROAD",REAR END,DIVIDED - W/MEDIAN (NOT RAISED),DRY,NO INJURY / DRIVE AWAY,true,,"$501 - $1,500",FOLLOWING TOO CLOSELY,2,NO INDICATION OF INJURY,0,0,41.7357852665,-87.6437588296,60620,"CHICAGO MIDWAY AIRPORT, IL US",20.0,4.0,50.0,0.0,10.0,20.0
crash_03989,2018-05-14 14:50:00,2018,5,May,Mon,14,Daytime,30,TRAFFIC SIGNAL,CLEAR,DAYLIGHT,REAR END,NOT DIVIDED,DRY,NO INJURY / DRIVE AWAY,,,"$501 - $1,500",IMPROPER BACKING,2,NO INDICATION OF INJURY,0,0,41.889956903,-87.6279381046,60611,"CHICAGO MIDWAY AIRPORT, IL US",84.0,63.0,49.0,0.0,10.0,9.0
crash_03990,2024-11-05 04:35:00,2024,11,Nov,Tue,4,Night or early morning,45,NO CONTROLS,RAIN,"DARKNESS, LIGHTED ROAD",REAR END,DIVIDED - W/MEDIAN BARRIER,WET,INJURY AND / OR TOW DUE TO CRASH,,,"OVER $1,500",WEATHER,2,NONINCAPACITATING INJURY,1,0,41.9008061097,-87.6197239614,60611,"CHICAGO MIDWAY AIRPORT, IL US",64.0,61.0,88.0,,6.0,15.0
crash_03991,2018-10-10 15:20:00,2018,10,Oct,Wed,15,Evening commute,30,NO CONTROLS,CLEAR,DAYLIGHT,PARKED MOTOR VEHICLE,NOT DIVIDED,DRY,NO INJURY / DRIVE AWAY,,true,"$501 - $1,500",UNABLE TO DETERMINE,2,NO INDICATION OF INJURY,0,0,41.9574259972,-87.7816721026,60634,"CHICAGO OHARE INTERNATIONAL AIRPORT, IL US",68.0,66.0,93.0,0.07,10.0,7.0
crash_03992,2024-06-24 15:10:00,2024,6,Jun,Mon,15,Evening commute,25,NO CONTROLS,CLEAR,DAYLIGHT,PARKED MOTOR VEHICLE,DIVIDED - W/MEDIAN (NOT RAISED),UNKNOWN,NO INJURY / DRIVE AWAY,,,"OVER $1,500",UNABLE TO DETERMINE,2,NO INDICATION OF INJURY,0,0,41.9580168991,-87.6718932965,60613,"CHICAGO MIDWAY AIRPORT, IL US",84.0,62.0,48.0,0.0,10.0,9.0
crash_03993,2022-07-27 16:40:00,2022,7,Jul,Wed,16,Evening commute,30,TRAFFIC SIGNAL,CLEAR,DAYLIGHT,TURNING,FOUR WAY,DRY,INJURY AND / OR TOW DUE TO CRASH,true,,"OVER $1,500",FAILING TO YIELD RIGHT-OF-WAY,3,NONINCAPACITATING INJURY,2,0,41.7580297464,-87.7415085407,60629,"CHICAGO MIDWAY AIRPORT, IL US",84.0,70.0,63.0,0.0,10.0,7.0
crash_03994,2022-06-23 15:00:00,2022,6,Jun,Thu,15,Evening commute,30,TRAFFIC SIGNAL,CLEAR,DAYLIGHT,TURNING,NOT DIVIDED,DRY,NO INJURY / DRIVE AWAY,,,"$501 - $1,500",UNABLE TO DETERMINE,2,NO INDICATION OF INJURY,0,0,41.7072220651,-87.6139116047,60628,"CHICAGO MIDWAY AIRPORT, IL US",83.0,46.0,27.0,0.0,10.0,10.0
crash_03995,2019-10-17 10:30:00,2019,10,Oct,Thu,10,Daytime,30,NO CONTROLS,CLEAR,UNKNOWN,PARKED MOTOR VEHICLE,NOT DIVIDED,DRY,INJURY AND / OR TOW DUE TO CRASH,,true,"OVER $1,500",UNABLE TO DETERMINE,2,NO INDICATION OF INJURY,0,0,42.0226602681,-87.6766472381,60626,"CHICAGO OHARE INTERNATIONAL AIRPORT, IL US",50.0,37.0,61.0,0.0,10.0,9.0
crash_03996,2022-03-22 15:44:00,2022,3,Mar,Tue,15,Evening commute,35,NO CONTROLS,RAIN,DAYLIGHT,TURNING,NOT DIVIDED,WET,NO INJURY / DRIVE AWAY,false,,"OVER $1,500",FAILING TO YIELD RIGHT-OF-WAY,2,NO INDICATION OF INJURY,0,0,41.8348266691,-87.6706511301,60608,"CHICAGO MIDWAY AIRPORT, IL US",59.0,45.0,60.0,,10.0,22.0
crash_03997,2018-05-22 15:12:00,2018,5,May,Tue,15,Evening commute,30,NO CONTROLS,CLEAR,DAYLIGHT,REAR END,DIVIDED - W/MEDIAN (NOT RAISED),DRY,INJURY AND / OR TOW DUE TO CRASH,,,"OVER $1,500",FAILING TO REDUCE SPEED TO AVOID CRASH,4,NO INDICATION OF INJURY,0,0,41.7645595315,-87.6850320701,60629,"CHICAGO MIDWAY AIRPORT, IL US",64.0,56.0,75.0,0.0,7.0,6.0
crash_03998,2025-04-08 07:18:00,2025,4,Apr,Tue,7,Morning commute,30,TRAFFIC SIGNAL,CLEAR,DAYLIGHT,PEDALCYCLIST,FOUR WAY,DRY,INJURY AND / OR TOW DUE TO CRASH,true,true,"OVER $1,500",DISREGARDING TRAFFIC SIGNALS,2,"REPORTED, NOT EVIDENT",1,0,41.8924247847,-87.6342371356,60654,"CHICAGO MIDWAY AIRPORT, IL US",27.0,14.0,58.0,0.0,10.0,7.0
crash_03999,2023-04-28 17:30:00,2023,4,Apr,Fri,17,Evening commute,30,NO CONTROLS,CLEAR,DARKNESS,PARKED MOTOR VEHICLE,NOT DIVIDED,DRY,NO INJURY / DRIVE AWAY,,true,"OVER $1,500",UNABLE TO DETERMINE,2,NO INDICATION OF INJURY,0,0,41.7057048897,-87.6102092618,60628,"CHICAGO MIDWAY AIRPORT, IL US",59.0,32.0,36.0,0.0,10.0,9.0
crash_04000,2024-07-23 13:30:00,2024,7,Jul,Tue,13,Daytime,30,NO CONTROLS,CLEAR,DAYLIGHT,TURNING,DIVIDED - W/MEDIAN (NOT RAISED),DRY,NO INJURY / DRIVE AWAY,,,"OVER $1,500",UNABLE TO DETERMINE,2,NO INDICATION OF INJURY,0,0,41.7026491621,-87.5426222943,60617,"CHICAGO MIDWAY AIRPORT, IL US",86.0,62.0,45.0,0.0,10.0,16.0
crash_04001,2024-02-20 17:19:00,2024,2,Feb,Tue,17,Evening commute,30,NO CONTROLS,CLEAR,DUSK,REAR TO SIDE,NOT DIVIDED,DRY,INJURY AND / OR TOW DUE TO CRASH,,,"OVER $1,500",UNABLE TO DETERMINE,2,NO INDICATION OF INJURY,0,0,41.8821444188,-87.7641752442,60644,"CHICAGO MIDWAY AIRPORT, IL US",56.0,29.0,36.0,0.0,10.0,13.0
crash_04002,2020-02-13 20:15:00,2020,2,Feb,Thu,20,Night or early morning,20,NO CONTROLS,CLEAR,"DARKNESS, LIGHTED ROAD",PARKED MOTOR VEHICLE,NOT DIVIDED,WET,NO INJURY / DRIVE AWAY,,true,"OVER $1,500",IMPROPER OVERTAKING/PASSING,2,NO INDICATION OF INJURY,0,0,41.9352562218,-87.6419606007,60657,"CHICAGO MIDWAY AIRPORT, IL US",9.0,-3.0,58.0,0.0,10.0,8.0
crash_04003,2023-03-27 00:07:00,2023,3,Mar,Mon,0,Night or early morning,30,NO CONTROLS,CLEAR,"DARKNESS, LIGHTED ROAD",FIXED OBJECT,NOT DIVIDED,DRY,INJURY AND / OR TOW DUE TO CRASH,,,"OVER $1,500",UNABLE TO DETERMINE,1,NONINCAPACITATING INJURY,1,0,41.7432782923,-87.6407740845,60620,"CHICAGO MIDWAY AIRPORT, IL US",37.0,33.0,86.0,0.0,10.0,15.0