crash_id,crash_datetime,crash_year,crash_month,crash_month_name,crash_weekday_name,crash_hour,time_period,posted_speed_limit_mph,traffic_control_device,reported_weather_condition,reported_lighting_condition,first_crash_type,trafficway_type,reported_road_surface_condition,crash_type,intersection_related,hit_and_run,estimated_damage,primary_contributory_cause,unit_count,most_severe_injury,injuries_total,injuries_fatal,latitude,longitude,zip5,weather_station_name,temperature_f,dew_point_f,relative_humidity_percent,precipitation_inches,visibility_miles,wind_speed_mph
crash_04004,2025-02-04 08:15:00,2025,2,Feb,Tue,8,Morning commute,35,TRAFFIC SIGNAL,CLEAR,DAYLIGHT,PEDESTRIAN,DIVIDED - W/MEDIAN (NOT RAISED),DRY,INJURY AND / OR TOW DUE TO CRASH,,,$500 OR LESS,UNABLE TO DETERMINE,2,"REPORTED, NOT EVIDENT",1,0,41.7857328077,-87.7384383227,60629,"CHICAGO MIDWAY AIRPORT, IL US",27.0,14.0,58.0,0.0,10.0,17.0
crash_04005,2024-06-18 17:30:00,2024,6,Jun,Tue,17,Evening commute,30,TRAFFIC SIGNAL,CLEAR,DAYLIGHT,TURNING,FOUR WAY,DRY,NO INJURY / DRIVE AWAY,true,,"$501 - $1,500",FAILING TO REDUCE SPEED TO AVOID CRASH,2,NO INDICATION OF INJURY,0,0,41.9677698157,-87.7607034297,60630,"CHICAGO OHARE INTERNATIONAL AIRPORT, IL US",91.0,68.0,47.0,0.0,10.0,15.0
crash_04006,2018-06-13 19:00:00,2018,6,Jun,Wed,19,Night or early morning,30,STOP SIGN/FLASHER,CLEAR,DAWN,ANGLE,DIVIDED - W/MEDIAN (NOT RAISED),DRY,NO INJURY / DRIVE AWAY,,,"OVER $1,500",FAILING TO YIELD RIGHT-OF-WAY,2,NO INDICATION OF INJURY,0,0,41.9816912949,-87.7730606933,60630,"CHICAGO OHARE INTERNATIONAL AIRPORT, IL US",79.0,47.0,32.0,0.0,10.0,9.0
crash_04007,2018-11-23 06:15:00,2018,11,Nov,Fri,6,Morning commute,30,NO CONTROLS,OTHER,DAWN,FIXED OBJECT,DIVIDED - W/MEDIAN BARRIER,WET,INJURY AND / OR TOW DUE TO CRASH,,,"OVER $1,500",DRIVING SKILLS/KNOWLEDGE/EXPERIENCE,1,NO INDICATION OF INJURY,0,0,41.7995693995,-87.5815490603,60615,"CHICAGO MIDWAY AIRPORT, IL US",37.0,31.0,79.0,0.0,6.0,8.0
crash_04008,2022-01-15 22:00:00,2022,1,Jan,Sat,22,Night or early morning,30,NO CONTROLS,UNKNOWN,"DARKNESS, LIGHTED ROAD",PARKED MOTOR VEHICLE,NOT DIVIDED,WET,INJURY AND / OR TOW DUE TO CRASH,,true,"OVER $1,500",IMPROPER LANE USAGE,3,NO INDICATION OF INJURY,0,0,41.9547740547,-87.7763803628,60634,"CHICAGO OHARE INTERNATIONAL AIRPORT, IL US",20.0,12.0,71.0,0.0,10.0,3.0
crash_04009,2022-06-03 19:53:00,2022,6,Jun,Fri,19,Night or early morning,15,NO CONTROLS,CLEAR,"DARKNESS, LIGHTED ROAD",PARKED MOTOR VEHICLE,PARKING LOT,DRY,NO INJURY / DRIVE AWAY,,,"OVER $1,500",UNABLE TO DETERMINE,2,NO INDICATION OF INJURY,0,0,41.9355581619,-87.6441015807,60657,"CHICAGO MIDWAY AIRPORT, IL US",77.0,31.0,18.0,0.0,10.0,7.0
crash_04010,2019-02-28 13:00:00,2019,2,Feb,Thu,13,Daytime,30,STOP SIGN/FLASHER,CLEAR,DAYLIGHT,ANGLE,OTHER,DRY,NO INJURY / DRIVE AWAY,true,,"OVER $1,500",FAILING TO YIELD RIGHT-OF-WAY,2,NO INDICATION OF INJURY,0,0,41.7843332489,-87.7034372971,60629,"CHICAGO MIDWAY AIRPORT, IL US",25.0,13.0,60.0,0.0,10.0,3.0
crash_04011,2023-08-03 16:30:00,2023,8,Aug,Thu,16,Evening commute,30,TRAFFIC SIGNAL,UNKNOWN,UNKNOWN,REAR END,NOT DIVIDED,UNKNOWN,NO INJURY / DRIVE AWAY,,,"$501 - $1,500",FOLLOWING TOO CLOSELY,2,NO INDICATION OF INJURY,0,0,41.9453733581,-87.8070703256,60634,"CHICAGO OHARE INTERNATIONAL AIRPORT, IL US",88.0,64.0,45.0,0.0,10.0,5.0
crash_04012,2025-07-03 17:55:00,2025,7,Jul,Thu,17,Evening commute,30,STOP SIGN/FLASHER,CLEAR,DAYLIGHT,ANGLE,NOT DIVIDED,DRY,NO INJURY / DRIVE AWAY,true,,"OVER $1,500",FAILING TO REDUCE SPEED TO AVOID CRASH,2,NO INDICATION OF INJURY,0,0,41.9531712675,-87.7744842636,60634,"CHICAGO OHARE INTERNATIONAL AIRPORT, IL US",90.0,65.0,44.0,0.0,10.0,9.0
crash_04013,2024-02-06 16:20:00,2024,2,Feb,Tue,16,Evening commute,20,TRAFFIC SIGNAL,CLEAR,DAYLIGHT,SIDESWIPE SAME DIRECTION,ONE-WAY,DRY,NO INJURY / DRIVE AWAY,,,$500 OR LESS,DRIVING SKILLS/KNOWLEDGE/EXPERIENCE,2,NO INDICATION OF INJURY,0,0,41.877914155,-87.6414053975,60661,"CHICAGO MIDWAY AIRPORT, IL US",42.0,32.0,68.0,0.0,9.0,7.0
crash_04014,2018-07-28 15:20:00,2018,7,Jul,Sat,15,Evening commute,30,NO CONTROLS,CLEAR,DAYLIGHT,PEDESTRIAN,NOT DIVIDED,DRY,INJURY AND / OR TOW DUE TO CRASH,,,$500 OR LESS,UNABLE TO DETERMINE,2,INCAPACITATING INJURY,1,0,41.9461531299,-87.655500028,60657,"CHICAGO MIDWAY AIRPORT, IL US",79.0,54.0,42.0,0.0,10.0,9.0
crash_04015,2018-11-17 14:10:00,2018,11,Nov,Sat,14,Daytime,25,NO CONTROLS,RAIN,DAYLIGHT,PEDALCYCLIST,DIVIDED - W/MEDIAN (NOT RAISED),WET,NO INJURY / DRIVE AWAY,,,$500 OR LESS,DRIVING SKILLS/KNOWLEDGE/EXPERIENCE,2,NO INDICATION OF INJURY,0,0,41.9830780852,-87.6990087593,60625,"CHICAGO OHARE INTERNATIONAL AIRPORT, IL US",33.0,31.0,92.0,0.0,1.75,11.0
crash_04016,2025-12-21 19:00:00,2025,12,Dec,Sun,19,Night or early morning,25,NO CONTROLS,CLEAR,DARKNESS,ANGLE,NOT DIVIDED,DRY,INJURY AND / OR TOW DUE TO CRASH,true,true,"OVER $1,500",UNABLE TO DETERMINE,2,NONINCAPACITATING INJURY,2,0,41.8805532629,-87.7495500702,60644,,,,,,,
crash_04017,2023-08-16 08:45:00,2023,8,Aug,Wed,8,Morning commute,25,NO CONTROLS,CLEAR,DAYLIGHT,REAR END,NOT DIVIDED,DRY,INJURY AND / OR TOW DUE TO CRASH,,,"$501 - $1,500",UNABLE TO DETERMINE,2,"REPORTED, NOT EVIDENT",1,0,41.9672176963,-87.6654109735,60640,"CHICAGO MIDWAY AIRPORT, IL US",70.0,57.0,64.0,0.0,10.0,3.0
crash_04018,2024-02-29 13:00:00,2024,2,Feb,Thu,13,Daytime,30,NO CONTROLS,CLEAR,DAYLIGHT,TURNING,PARKING LOT,DRY,NO INJURY / DRIVE AWAY,,,"OVER $1,500",UNABLE TO DETERMINE,2,NO INDICATION OF INJURY,0,0,41.7052084895,-87.7011632563,60655,"CHICAGO MIDWAY AIRPORT, IL US",40.0,10.0,29.0,0.0,10.0,14.0
crash_04019,2022-07-08 22:00:00,2022,7,Jul,Fri,22,Night or early morning,30,TRAFFIC SIGNAL,CLEAR,"DARKNESS, LIGHTED ROAD",TURNING,NOT DIVIDED,DRY,NO INJURY / DRIVE AWAY,true,,"OVER $1,500",UNABLE TO DETERMINE,2,NO INDICATION OF INJURY,0,0,41.9685101423,-87.7134257752,60625,"CHICAGO OHARE INTERNATIONAL AIRPORT, IL US",68.0,62.0,81.0,0.0,10.0,16.0
crash_04020,2019-09-14 13:40:00,2019,9,Sep,Sat,13,Daytime,35,STOP SIGN/FLASHER,CLEAR,DAYLIGHT,TURNING,DIVIDED - W/MEDIAN (NOT RAISED),DRY,NO INJURY / DRIVE AWAY,,,"$501 - $1,500",FAILING TO YIELD RIGHT-OF-WAY,2,NO INDICATION OF INJURY,0,0,41.8461897303,-87.7085964031,60623,"CHICAGO MIDWAY AIRPORT, IL US",78.0,60.0,54.0,0.0,10.0,9.0
crash_04021,2023-11-28 14:00:00,2023,11,Nov,Tue,14,Daytime,30,NO CONTROLS,UNKNOWN,UNKNOWN,OTHER OBJECT,ALLEY,UNKNOWN,NO INJURY / DRIVE AWAY,,,"$501 - $1,500",UNABLE TO DETERMINE,1,NO INDICATION OF INJURY,0,0,42.0056570599,-87.6603785594,60626,"CHICAGO OHARE INTERNATIONAL AIRPORT, IL US",22.0,8.0,55.0,0.0,10.0,11.0
crash_04022,2025-07-24 14:25:00,2025,7,Jul,Thu,14,Daytime,25,NO CONTROLS,RAIN,DAYLIGHT,ANGLE,ONE-WAY,WET,INJURY AND / OR TOW DUE TO CRASH,,,"OVER $1,500",NOT APPLICABLE,2,NO INDICATION OF INJURY,0,0,41.9365198066,-87.7207580057,60618,"CHICAGO MIDWAY AIRPORT, IL US",94.0,70.0,46.0,,10.0,17.0
crash_04023,2019-01-10 08:50:00,2019,1,Jan,Thu,8,Morning commute,30,NO CONTROLS,CLEAR,DAYLIGHT,TURNING,NOT DIVIDED,DRY,NO INJURY / DRIVE AWAY,true,,"$501 - $1,500",FOLLOWING TOO CLOSELY,2,NO INDICATION OF INJURY,0,0,41.9465790562,-87.720186259,60618,"CHICAGO OHARE INTERNATIONAL AIRPORT, IL US",17.0,9.0,70.0,0.0,10.0,8.0
crash_04024,2020-09-11 14:50:00,2020,9,Sep,Fri,14,Daytime,30,TRAFFIC SIGNAL,CLEAR,DAYLIGHT,REAR END,NOT DIVIDED,DRY,NO INJURY / DRIVE AWAY,,,"OVER $1,500",UNABLE TO DETERMINE,2,NO INDICATION OF INJURY,0,0,41.7798194485,-87.6472768343,60621,"CHICAGO MIDWAY AIRPORT, IL US",67.0,59.0,76.0,0.0,9.0,7.0
crash_04025,2021-11-23 17:34:00,2021,11,Nov,Tue,17,Evening commute,30,NO CONTROLS,CLEAR,"DARKNESS, LIGHTED ROAD",PEDESTRIAN,NOT DIVIDED,DRY,INJURY AND / OR TOW DUE TO CRASH,,,$500 OR LESS,UNABLE TO DETERMINE,2,"REPORTED, NOT EVIDENT",1,0,41.7496986536,-87.6441602865,60620,"CHICAGO MIDWAY AIRPORT, IL US",39.0,16.0,39.0,0.0,10.0,11.0
crash_04026,2019-12-08 02:16:00,2019,12,Dec,Sun,2,Night or early morning,20,NO CONTROLS,CLEAR,"DARKNESS, LIGHTED ROAD",PARKED MOTOR VEHICLE,ONE-WAY,DRY,NO INJURY / DRIVE AWAY,,true,"OVER $1,500",UNABLE TO DETERMINE,2,NO INDICATION OF INJURY,0,0,41.7769507746,-87.7216805654,60629,"CHICAGO MIDWAY AIRPORT, IL US",36.0,23.0,59.0,0.0,10.0,10.0
crash_04027,2019-05-01 16:00:00,2019,5,May,Wed,16,Evening commute,30,TRAFFIC SIGNAL,CLEAR,DAYLIGHT,TURNING,NOT DIVIDED,WET,NO INJURY / DRIVE AWAY,,true,"$501 - $1,500",IMPROPER LANE USAGE,2,NO INDICATION OF INJURY,0,0,41.9755803828,-87.7780347433,60630,"CHICAGO OHARE INTERNATIONAL AIRPORT, IL US",56.0,50.0,81.0,0.0,10.0,7.0
crash_04028,2019-02-12 17:23:00,2019,2,Feb,Tue,17,Evening commute,30,STOP SIGN/FLASHER,SNOW,DAYLIGHT,REAR END,NOT DIVIDED,SNOW OR SLUSH,NO INJURY / DRIVE AWAY,,,"OVER $1,500",FOLLOWING TOO CLOSELY,2,NO INDICATION OF INJURY,0,0,41.7475732604,-87.6015884973,60619,"CHICAGO MIDWAY AIRPORT, IL US",29.0,25.0,85.0,0.0,1.25,20.0
crash_04029,2022-06-12 19:00:00,2022,6,Jun,Sun,19,Night or early morning,30,NO CONTROLS,CLEAR,DAYLIGHT,PARKED MOTOR VEHICLE,ONE-WAY,DRY,NO INJURY / DRIVE AWAY,,true,"OVER $1,500",UNABLE TO DETERMINE,2,NO INDICATION OF INJURY,0,0,41.9960552529,-87.6877842098,60659,"CHICAGO OHARE INTERNATIONAL AIRPORT, IL US",63.0,51.0,65.0,,10.0,13.0
crash_04030,2018-12-21 15:42:00,2018,12,Dec,Fri,15,Evening commute,30,NO CONTROLS,CLEAR,DUSK,PEDALCYCLIST,NOT DIVIDED,DRY,INJURY AND / OR TOW DUE TO CRASH,,,$500 OR LESS,FAILING TO YIELD RIGHT-OF-WAY,2,NONINCAPACITATING INJURY,1,0,41.9429202133,-87.6934238739,60618,"CHICAGO MIDWAY AIRPORT, IL US",33.0,26.0,75.0,0.0,10.0,14.0
crash_04031,2025-09-18 16:00:00,2025,9,Sep,Thu,16,Evening commute,30,NO CONTROLS,CLEAR,DAYLIGHT,PARKED MOTOR VEHICLE,NOT DIVIDED,DRY,INJURY AND / OR TOW DUE TO CRASH,,,"$501 - $1,500",UNABLE TO DETERMINE,2,NONINCAPACITATING INJURY,1,0,41.8803857937,-87.6548068935,60607,,,,,,,
crash_04032,2018-08-04 15:30:00,2018,8,Aug,Sat,15,Evening commute,30,NO CONTROLS,CLEAR,DAYLIGHT,TURNING,DIVIDED - W/MEDIAN (NOT RAISED),DRY,NO INJURY / DRIVE AWAY,true,,"$501 - $1,500",IMPROPER TURNING/NO SIGNAL,2,NO INDICATION OF INJURY,0,0,41.8631198355,-87.6909893297,60608,"CHICAGO MIDWAY AIRPORT, IL US",96.0,63.0,34.0,0.0,10.0,15.0
crash_04033,2021-07-22 01:06:00,2021,7,Jul,Thu,1,Night or early morning,30,STOP SIGN/FLASHER,CLEAR,"DARKNESS, LIGHTED ROAD",ANGLE,FOUR WAY,DRY,INJURY AND / OR TOW DUE TO CRASH,true,,"OVER $1,500",FAILING TO YIELD RIGHT-OF-WAY,2,NONINCAPACITATING INJURY,1,0,41.741890475,-87.6148184593,60619,"CHICAGO MIDWAY AIRPORT, IL US",68.0,61.0,78.0,0.0,9.0,5.0
crash_04034,2020-11-17 14:22:00,2020,11,Nov,Tue,14,Daytime,30,NO CONTROLS,CLEAR,DAYLIGHT,ANGLE,NOT DIVIDED,DRY,NO INJURY / DRIVE AWAY,,true,"$501 - $1,500",NOT APPLICABLE,2,NO INDICATION OF INJURY,0,0,41.8079893672,-87.7239264252,60632,"CHICAGO MIDWAY AIRPORT, IL US",43.0,16.0,34.0,,10.0,10.0
crash_04035,2018-03-24 02:00:00,2018,3,Mar,Sat,2,Night or early morning,30,UNKNOWN,CLEAR,"DARKNESS, LIGHTED ROAD",PARKED MOTOR VEHICLE,ONE-WAY,UNKNOWN,NO INJURY / DRIVE AWAY,,true,"OVER $1,500",UNABLE TO DETERMINE,2,NO INDICATION OF INJURY,0,0,41.9461550156,-87.6566804301,60657,"CHICAGO MIDWAY AIRPORT, IL US",36.0,26.0,67.0,0.0,10.0,10.0
crash_04036,2018-10-21 09:50:00,2018,10,Oct,Sun,9,Morning commute,30,NO CONTROLS,CLEAR,DAYLIGHT,PARKED MOTOR VEHICLE,NOT DIVIDED,DRY,NO INJURY / DRIVE AWAY,,,"OVER $1,500",IMPROPER LANE USAGE,2,NO INDICATION OF INJURY,0,0,41.9779588114,-87.7821515939,60630,"CHICAGO OHARE INTERNATIONAL AIRPORT, IL US",38.0,20.0,48.0,0.0,10.0,10.0
crash_04037,2018-03-21 08:50:00,2018,3,Mar,Wed,8,Morning commute,30,NO CONTROLS,CLEAR,DAYLIGHT,SIDESWIPE SAME DIRECTION,DIVIDED - W/MEDIAN (NOT RAISED),DRY,NO INJURY / DRIVE AWAY,true,false,$500 OR LESS,IMPROPER OVERTAKING/PASSING,2,NO INDICATION OF INJURY,0,0,41.8624024249,-87.6664189682,60608,"CHICAGO MIDWAY AIRPORT, IL US",33.0,21.0,61.0,0.0,10.0,18.0
crash_04038,2022-07-31 19:45:00,2022,7,Jul,Sun,19,Night or early morning,25,NO CONTROLS,CLEAR,DUSK,PARKED MOTOR VEHICLE,ONE-WAY,DRY,NO INJURY / DRIVE AWAY,,,"OVER $1,500",UNABLE TO DETERMINE,2,NO INDICATION OF INJURY,0,0,41.9491764536,-87.6528649361,60613,"CHICAGO MIDWAY AIRPORT, IL US",82.0,61.0,49.0,0.0,10.0,11.0
crash_04039,2019-02-28 14:00:00,2019,2,Feb,Thu,14,Daytime,30,NO CONTROLS,CLEAR,DAYLIGHT,PARKED MOTOR VEHICLE,DIVIDED - W/MEDIAN (NOT RAISED),DRY,NO INJURY / DRIVE AWAY,,,$500 OR LESS,UNABLE TO DETERMINE,2,NO INDICATION OF INJURY,0,0,41.8131105621,-87.6652324295,60609,"CHICAGO MIDWAY AIRPORT, IL US",26.0,13.0,57.0,0.0,10.0,5.0
crash_04040,2025-05-12 13:55:00,2025,5,May,Mon,13,Daytime,30,NO CONTROLS,CLEAR,DAYLIGHT,REAR END,ONE-WAY,DRY,NO INJURY / DRIVE AWAY,,true,"OVER $1,500",UNABLE TO DETERMINE,2,NO INDICATION OF INJURY,0,0,41.6860715901,-87.6005838245,60628,"CHICAGO MIDWAY AIRPORT, IL US",75.0,46.0,36.0,0.0,10.0,8.0
crash_04041,2023-10-06 21:32:00,2023,10,Oct,Fri,21,Night or early morning,30,TRAFFIC SIGNAL,CLEAR,"DARKNESS, LIGHTED ROAD",TURNING,ONE-WAY,WET,INJURY AND / OR TOW DUE TO CRASH,true,,"$501 - $1,500",IMPROPER TURNING/NO SIGNAL,2,NONINCAPACITATING INJURY,1,0,41.8918234902,-87.6253177097,60611,"CHICAGO MIDWAY AIRPORT, IL US",48.0,40.0,74.0,0.0,10.0,13.0
crash_04042,2021-03-22 14:20:00,2021,3,Mar,Mon,14,Daytime,30,TRAFFIC SIGNAL,CLEAR,DAYLIGHT,REAR END,NOT DIVIDED,DRY,NO INJURY / DRIVE AWAY,true,,"$501 - $1,500",UNABLE TO DETERMINE,2,NO INDICATION OF INJURY,0,0,42.0089586028,-87.8068169032,60631,"CHICAGO OHARE INTERNATIONAL AIRPORT, IL US",63.0,32.0,31.0,0.0,10.0,13.0
crash_04043,2018-08-18 17:00:00,2018,8,Aug,Sat,17,Evening commute,30,NO CONTROLS,CLEAR,DAYLIGHT,SIDESWIPE SAME DIRECTION,ONE-WAY,DRY,NO INJURY / DRIVE AWAY,,,"$501 - $1,500",DRIVING SKILLS/KNOWLEDGE/EXPERIENCE,2,NO INDICATION OF INJURY,0,0,41.763835023,-87.6129448855,60619,"CHICAGO MIDWAY AIRPORT, IL US",81.0,65.0,58.0,0.0,10.0,11.0
crash_04044,2019-02-11 16:45:00,2019,2,Feb,Mon,16,Evening commute,25,STOP SIGN/FLASHER,SLEET/HAIL,DUSK,ANGLE,NOT DIVIDED,WET,NO INJURY / DRIVE AWAY,true,,"OVER $1,500",IMPROPER BACKING,2,NO INDICATION OF INJURY,0,0,41.7990473159,-87.6953175787,60632,"CHICAGO MIDWAY AIRPORT, IL US",32.0,27.0,80.0,,9.0,14.0
crash_04045,2021-11-27 16:05:00,2021,11,Nov,Sat,16,Evening commute,25,NO CONTROLS,CLEAR,DAYLIGHT,SIDESWIPE SAME DIRECTION,NOT DIVIDED,DRY,NO INJURY / DRIVE AWAY,,,"OVER $1,500",IMPROPER LANE USAGE,2,NO INDICATION OF INJURY,0,0,41.9650285093,-87.685482914,60625,"CHICAGO OHARE INTERNATIONAL AIRPORT, IL US",42.0,32.0,68.0,0.0,10.0,8.0
crash_04046,2019-03-11 18:30:00,2019,3,Mar,Mon,18,Evening commute,30,NO CONTROLS,CLEAR,DAYLIGHT,PARKED MOTOR VEHICLE,NOT DIVIDED,DRY,NO INJURY / DRIVE AWAY,,true,"OVER $1,500",FAILING TO REDUCE SPEED TO AVOID CRASH,2,NO INDICATION OF INJURY,0,0,41.7406461219,-87.6144931177,60619,"CHICAGO MIDWAY AIRPORT, IL US",38.0,21.0,51.0,0.0,10.0,10.0
crash_04047,2020-01-11 02:14:00,2020,1,Jan,Sat,2,Night or early morning,30,TRAFFIC SIGNAL,RAIN,"DARKNESS, LIGHTED ROAD",FIXED OBJECT,DIVIDED - W/MEDIAN BARRIER,WET,INJURY AND / OR TOW DUE TO CRASH,,,"OVER $1,500",DRIVING ON WRONG SIDE/WRONG WAY,1,NO INDICATION OF INJURY,0,0,41.7217597127,-87.6249577155,60620,"CHICAGO MIDWAY AIRPORT, IL US",38.0,36.0,93.0,0.15,3.0,17.0
crash_04048,2019-01-12 19:08:00,2019,1,Jan,Sat,19,Night or early morning,30,NO CONTROLS,CLEAR,DARKNESS,PARKED MOTOR VEHICLE,DIVIDED - W/MEDIAN (NOT RAISED),SNOW OR SLUSH,NO INJURY / DRIVE AWAY,,,"$501 - $1,500",UNABLE TO DETERMINE,2,NO INDICATION OF INJURY,0,0,41.9378117513,-87.7763414932,60634,"CHICAGO OHARE INTERNATIONAL AIRPORT, IL US",30.0,27.0,88.0,0.01,3.0,18.0
crash_04049,2025-01-15 22:38:00,2025,1,Jan,Wed,22,Night or early morning,35,NO CONTROLS,SNOW,"DARKNESS, LIGHTED ROAD",SIDESWIPE SAME DIRECTION,NOT DIVIDED,SNOW OR SLUSH,NO INJURY / DRIVE AWAY,,true,"OVER $1,500",UNABLE TO DETERMINE,2,NO INDICATION OF INJURY,0,0,41.799688993,-87.7372169102,60632,"CHICAGO MIDWAY AIRPORT, IL US",19.0,9.0,65.0,0.0,2.0,15.0
crash_04050,2018-10-21 17:05:00,2018,10,Oct,Sun,17,Evening commute,30,TRAFFIC SIGNAL,CLEAR,DUSK,REAR END,NOT DIVIDED,DRY,NO INJURY / DRIVE AWAY,true,,"OVER $1,500",FOLLOWING TOO CLOSELY,2,NO INDICATION OF INJURY,0,0,41.8381559611,-87.6462196139,60616,"CHICAGO MIDWAY AIRPORT, IL US",50.0,21.0,32.0,0.0,10.0,16.0
crash_04051,2025-10-28 08:11:00,2025,10,Oct,Tue,8,Morning commute,25,NO CONTROLS,CLEAR,DAYLIGHT,PARKED MOTOR VEHICLE,ONE-WAY,DRY,NO INJURY / DRIVE AWAY,,,"OVER $1,500",UNABLE TO DETERMINE,2,NO INDICATION OF INJURY,0,0,41.8784537998,-87.7478657034,60644,,,,,,,
crash_04052,2019-03-12 15:45:00,2019,3,Mar,Tue,15,Evening commute,30,NO CONTROLS,CLEAR,DAYLIGHT,REAR END,NOT DIVIDED,"SAND, MUD, DIRT",NO INJURY / DRIVE AWAY,,,"OVER $1,500",NOT APPLICABLE,2,NO INDICATION OF INJURY,0,0,41.9913425122,-87.7542237417,60646,"CHICAGO OHARE INTERNATIONAL AIRPORT, IL US",48.0,26.0,42.0,0.0,10.0,13.0
crash_04053,2025-08-19 15:25:00,2025,8,Aug,Tue,15,Evening commute,30,NO CONTROLS,CLEAR,DAYLIGHT,SIDESWIPE SAME DIRECTION,NOT DIVIDED,DRY,NO INJURY / DRIVE AWAY,,true,"OVER $1,500",UNABLE TO DETERMINE,2,NO INDICATION OF INJURY,0,0,41.8662810027,-87.7252342198,60624,"CHICAGO MIDWAY AIRPORT, IL US",77.0,66.0,69.0,0.0,10.0,10.0
crash_04054,2021-09-04 17:00:00,2021,9,Sep,Sat,17,Evening commute,25,NO CONTROLS,CLEAR,"DARKNESS, LIGHTED ROAD",PARKED MOTOR VEHICLE,ONE-WAY,DRY,NO INJURY / DRIVE AWAY,,true,"OVER $1,500",UNABLE TO DETERMINE,2,NO INDICATION OF INJURY,0,0,41.9015182033,-87.7248993618,60651,"CHICAGO MIDWAY AIRPORT, IL US",73.0,64.0,74.0,0.0,10.0,5.0
crash_04055,2022-10-12 17:30:00,2022,10,Oct,Wed,17,Evening commute,30,NO CONTROLS,UNKNOWN,"DARKNESS, LIGHTED ROAD",PARKED MOTOR VEHICLE,ONE-WAY,UNKNOWN,NO INJURY / DRIVE AWAY,,true,"OVER $1,500",NOT APPLICABLE,2,NO INDICATION OF INJURY,0,0,41.9130556775,-87.7882409761,60707,"CHICAGO OHARE INTERNATIONAL AIRPORT, IL US",57.0,45.0,64.0,0.0,10.0,5.0
crash_04056,2025-09-27 12:15:00,2025,9,Sep,Sat,12,Daytime,30,TRAFFIC SIGNAL,CLEAR,DAYLIGHT,REAR END,FOUR WAY,DRY,INJURY AND / OR TOW DUE TO CRASH,true,true,"OVER $1,500",UNABLE TO DETERMINE,2,NONINCAPACITATING INJURY,1,0,41.7499517265,-87.7022309432,60652,,,,,,,
crash_04057,2018-04-06 17:00:00,2018,4,Apr,Fri,17,Evening commute,30,TRAFFIC SIGNAL,CLEAR,DAYLIGHT,SIDESWIPE SAME DIRECTION,NOT DIVIDED,DRY,NO INJURY / DRIVE AWAY,,,"OVER $1,500",UNABLE TO DETERMINE,2,NO INDICATION OF INJURY,0,0,41.8867491397,-87.7456088529,60644,"CHICAGO MIDWAY AIRPORT, IL US",35.0,13.0,40.0,0.0,10.0,13.0
crash_04058,2024-04-03 05:05:00,2024,4,Apr,Wed,5,Night or early morning,30,STOP SIGN/FLASHER,RAIN,DARKNESS,TURNING,FOUR WAY,WET,NO INJURY / DRIVE AWAY,,true,"OVER $1,500",IMPROPER TURNING/NO SIGNAL,2,NO INDICATION OF INJURY,0,0,41.7106577657,-87.6285506561,60628,"CHICAGO MIDWAY AIRPORT, IL US",36.0,32.0,86.0,0.0,5.0,15.0
crash_04059,2023-02-07 18:30:00,2023,2,Feb,Tue,18,Evening commute,30,TRAFFIC SIGNAL,CLEAR,"DARKNESS, LIGHTED ROAD",REAR END,NOT DIVIDED,WET,NO INJURY / DRIVE AWAY,,,"OVER $1,500",NOT APPLICABLE,2,NO INDICATION OF INJURY,0,0,41.9853743181,-87.6580002386,60660,"CHICAGO OHARE INTERNATIONAL AIRPORT, IL US",35.0,29.0,78.0,0.0,10.0,7.0
crash_04060,2024-03-12 11:50:00,2024,3,Mar,Tue,11,Daytime,30,NO CONTROLS,CLEAR,DAYLIGHT,SIDESWIPE SAME DIRECTION,DIVIDED - W/MEDIAN BARRIER,DRY,NO INJURY / DRIVE AWAY,,,"$501 - $1,500",DRIVING SKILLS/KNOWLEDGE/EXPERIENCE,2,NO INDICATION OF INJURY,0,0,41.8326844767,-87.6654661759,60608,"CHICAGO MIDWAY AIRPORT, IL US",63.0,39.0,41.0,0.0,10.0,16.0
crash_04061,2018-02-05 02:00:00,2018,2,Feb,Mon,2,Night or early morning,35,NO CONTROLS,CLEAR,"DARKNESS, LIGHTED ROAD",PARKED MOTOR VEHICLE,NOT DIVIDED,DRY,NO INJURY / DRIVE AWAY,,true,$500 OR LESS,NOT APPLICABLE,2,NO INDICATION OF INJURY,0,0,41.9431873732,-87.6883020207,60618,"CHICAGO MIDWAY AIRPORT, IL US",4.0,-6.0,63.0,0.0,10.0,9.0
crash_04062,2019-09-23 11:13:00,2019,9,Sep,Mon,11,Daytime,30,TRAFFIC SIGNAL,CLEAR,DAYLIGHT,ANGLE,DIVIDED - W/MEDIAN (NOT RAISED),DRY,INJURY AND / OR TOW DUE TO CRASH,true,true,"OVER $1,500","OPERATING VEHICLE IN ERRATIC, RECKLESS, CARELESS, NEGLIGENT OR AGGRESSIVE MANNER",2,NONINCAPACITATING INJURY,1,0,41.8750085677,-87.6962456654,60612,"CHICAGO MIDWAY AIRPORT, IL US",68.0,53.0,59.0,0.0,10.0,9.0