crash_id,crash_datetime,crash_year,crash_month,crash_month_name,crash_weekday_name,crash_hour,time_period,posted_speed_limit_mph,traffic_control_device,reported_weather_condition,reported_lighting_condition,first_crash_type,trafficway_type,reported_road_surface_condition,crash_type,intersection_related,hit_and_run,estimated_damage,primary_contributory_cause,unit_count,most_severe_injury,injuries_total,injuries_fatal,latitude,longitude,zip5,weather_station_name,temperature_f,dew_point_f,relative_humidity_percent,precipitation_inches,visibility_miles,wind_speed_mph
crash_04063,2018-03-22 15:30:00,2018,3,Mar,Thu,15,Evening commute,10,NO CONTROLS,CLEAR,DAYLIGHT,PARKED MOTOR VEHICLE,PARKING LOT,DRY,NO INJURY / DRIVE AWAY,,,"OVER $1,500",UNABLE TO DETERMINE,2,NO INDICATION OF INJURY,0,0,41.8740601078,-87.6683847406,60612,"CHICAGO MIDWAY AIRPORT, IL US",44.0,16.0,32.0,0.0,10.0,11.0
crash_04064,2025-12-07 15:00:00,2025,12,Dec,Sun,15,Evening commute,30,TRAFFIC SIGNAL,UNKNOWN,UNKNOWN,SIDESWIPE SAME DIRECTION,NOT DIVIDED,UNKNOWN,NO INJURY / DRIVE AWAY,,,"OVER $1,500",NOT APPLICABLE,2,NO INDICATION OF INJURY,0,0,42.0066702555,-87.6611122703,60626,,,,,,,
crash_04065,2024-02-14 14:15:00,2024,2,Feb,Wed,14,Daytime,30,NO CONTROLS,CLEAR,DAYLIGHT,TURNING,NOT DIVIDED,DRY,NO INJURY / DRIVE AWAY,,true,"$501 - $1,500",IMPROPER TURNING/NO SIGNAL,2,NO INDICATION OF INJURY,0,0,41.7618480636,-87.7416706473,60629,"CHICAGO MIDWAY AIRPORT, IL US",47.0,22.0,37.0,0.0,10.0,0.0
crash_04066,2025-05-21 12:55:00,2025,5,May,Wed,12,Daytime,30,STOP SIGN/FLASHER,RAIN,DAYLIGHT,ANGLE,NOT DIVIDED,WET,INJURY AND / OR TOW DUE TO CRASH,true,,"OVER $1,500",FAILING TO YIELD RIGHT-OF-WAY,3,NO INDICATION OF INJURY,0,0,41.9465265503,-87.7071301134,60618,"CHICAGO MIDWAY AIRPORT, IL US",52.0,48.0,86.0,0.01,9.0,10.0
crash_04067,2020-01-03 12:00:00,2020,1,Jan,Fri,12,Daytime,35,NO CONTROLS,CLEAR,DAYLIGHT,PARKED MOTOR VEHICLE,NOT DIVIDED,DRY,NO INJURY / DRIVE AWAY,,,"OVER $1,500",DRIVING SKILLS/KNOWLEDGE/EXPERIENCE,2,NO INDICATION OF INJURY,0,0,41.7461025622,-87.692670366,60652,"CHICAGO MIDWAY AIRPORT, IL US",38.0,30.0,73.0,0.0,10.0,3.0
crash_04068,2022-11-16 09:00:00,2022,11,Nov,Wed,9,Morning commute,15,NO CONTROLS,SNOW,DAYLIGHT,SIDESWIPE SAME DIRECTION,OTHER,WET,NO INJURY / DRIVE AWAY,,,"$501 - $1,500",WEATHER,2,NO INDICATION OF INJURY,0,0,,,,,,,,,,
crash_04069,2019-07-09 08:15:00,2019,7,Jul,Tue,8,Morning commute,45,NO CONTROLS,CLEAR,DAYLIGHT,SIDESWIPE SAME DIRECTION,DIVIDED - W/MEDIAN (NOT RAISED),DRY,NO INJURY / DRIVE AWAY,,true,"$501 - $1,500",UNABLE TO DETERMINE,2,NO INDICATION OF INJURY,0,0,41.8000214161,-87.5811871855,60615,"CHICAGO MIDWAY AIRPORT, IL US",73.0,59.0,62.0,0.0,10.0,6.0
crash_04070,2019-08-31 11:47:00,2019,8,Aug,Sat,11,Daytime,30,NO CONTROLS,CLEAR,DAYLIGHT,SIDESWIPE OPPOSITE DIRECTION,NOT DIVIDED,DRY,INJURY AND / OR TOW DUE TO CRASH,,,"OVER $1,500",DRIVING ON WRONG SIDE/WRONG WAY,4,NO INDICATION OF INJURY,0,0,41.8663714475,-87.6984073915,60623,"CHICAGO MIDWAY AIRPORT, IL US",72.0,52.0,50.0,0.0,10.0,11.0
crash_04071,2022-04-05 09:00:00,2022,4,Apr,Tue,9,Morning commute,30,NO CONTROLS,UNKNOWN,UNKNOWN,PARKED MOTOR VEHICLE,ONE-WAY,UNKNOWN,NO INJURY / DRIVE AWAY,,true,"OVER $1,500",NOT APPLICABLE,2,NO INDICATION OF INJURY,0,0,41.9313327377,-87.7688259224,60634,"CHICAGO OHARE INTERNATIONAL AIRPORT, IL US",42.0,37.0,82.0,0.0,7.0,11.0
crash_04072,2024-09-17 09:20:00,2024,9,Sep,Tue,9,Morning commute,20,NO CONTROLS,CLEAR,DAWN,TURNING,FOUR WAY,DRY,NO INJURY / DRIVE AWAY,true,,$500 OR LESS,IMPROPER OVERTAKING/PASSING,2,NO INDICATION OF INJURY,0,0,41.9467332402,-87.7087935679,60618,"CHICAGO MIDWAY AIRPORT, IL US",74.0,58.0,57.0,0.0,10.0,0.0
crash_04073,2019-06-04 10:35:00,2019,6,Jun,Tue,10,Daytime,30,NO CONTROLS,RAIN,DAYLIGHT,SIDESWIPE SAME DIRECTION,NOT DIVIDED,WET,NO INJURY / DRIVE AWAY,,,"$501 - $1,500",IMPROPER LANE USAGE,2,NO INDICATION OF INJURY,0,0,41.8910223218,-87.6715298246,60622,"CHICAGO MIDWAY AIRPORT, IL US",61.0,58.0,90.0,0.12,5.0,8.0
crash_04074,2025-08-01 16:55:00,2025,8,Aug,Fri,16,Evening commute,35,UNKNOWN,UNKNOWN,UNKNOWN,FIXED OBJECT,UNKNOWN,UNKNOWN,NO INJURY / DRIVE AWAY,,,"OVER $1,500",UNABLE TO DETERMINE,1,NO INDICATION OF INJURY,0,0,41.9694086179,-87.6483172637,60640,"CHICAGO MIDWAY AIRPORT, IL US",75.0,49.0,40.0,0.0,10.0,14.0
crash_04075,2024-11-29 14:15:00,2024,11,Nov,Fri,14,Daytime,30,TRAFFIC SIGNAL,CLEAR,DAYLIGHT,REAR END,RAMP,DRY,NO INJURY / DRIVE AWAY,,,"$501 - $1,500",UNABLE TO DETERMINE,2,NO INDICATION OF INJURY,0,0,41.925064062,-87.6836816475,60647,"CHICAGO MIDWAY AIRPORT, IL US",24.0,8.0,50.0,0.0,10.0,17.0
crash_04076,2025-02-06 08:16:00,2025,2,Feb,Thu,8,Morning commute,15,NO CONTROLS,SLEET/HAIL,DAWN,TURNING,ONE-WAY,DRY,NO INJURY / DRIVE AWAY,,true,"OVER $1,500",IMPROPER OVERTAKING/PASSING,2,NO INDICATION OF INJURY,0,0,41.9660773633,-87.7364676681,60630,"CHICAGO OHARE INTERNATIONAL AIRPORT, IL US",31.0,26.0,82.0,0.0,10.0,8.0
crash_04077,2023-05-03 17:30:00,2023,5,May,Wed,17,Evening commute,20,NO CONTROLS,CLEAR,DAYLIGHT,SIDESWIPE SAME DIRECTION,ONE-WAY,DRY,INJURY AND / OR TOW DUE TO CRASH,,,"OVER $1,500",FAILING TO YIELD RIGHT-OF-WAY,2,"REPORTED, NOT EVIDENT",1,0,41.8863117473,-87.7701193121,60644,"CHICAGO MIDWAY AIRPORT, IL US",52.0,38.0,59.0,0.0,10.0,7.0
crash_04078,2024-07-24 19:38:00,2024,7,Jul,Wed,19,Night or early morning,30,NO CONTROLS,CLEAR,DUSK,FIXED OBJECT,ONE-WAY,DRY,INJURY AND / OR TOW DUE TO CRASH,,,"OVER $1,500","EVASIVE ACTION DUE TO ANIMAL, OBJECT, NONMOTORIST",1,NO INDICATION OF INJURY,0,0,41.6893665617,-87.6626196952,60643,"CHICAGO MIDWAY AIRPORT, IL US",72.0,61.0,68.0,0.0,10.0,11.0
crash_04079,2025-08-02 11:40:00,2025,8,Aug,Sat,11,Daytime,35,NO CONTROLS,CLEAR,DAYLIGHT,TURNING,NOT DIVIDED,DRY,INJURY AND / OR TOW DUE TO CRASH,,true,"OVER $1,500",UNABLE TO DETERMINE,3,NONINCAPACITATING INJURY,1,0,41.7863617959,-87.6896897317,60629,"CHICAGO MIDWAY AIRPORT, IL US",78.0,46.0,32.0,0.0,10.0,9.0
crash_04080,2023-09-18 17:40:00,2023,9,Sep,Mon,17,Evening commute,25,NO CONTROLS,CLEAR,DAYLIGHT,PARKED MOTOR VEHICLE,PARKING LOT,DRY,NO INJURY / DRIVE AWAY,,true,"$501 - $1,500",UNABLE TO DETERMINE,2,NO INDICATION OF INJURY,0,0,42.0022233751,-87.680128828,60626,"CHICAGO OHARE INTERNATIONAL AIRPORT, IL US",68.0,54.0,61.0,0.0,10.0,9.0
crash_04081,2018-09-22 15:51:00,2018,9,Sep,Sat,15,Evening commute,30,NO CONTROLS,UNKNOWN,DAYLIGHT,FIXED OBJECT,NOT DIVIDED,UNKNOWN,NO INJURY / DRIVE AWAY,,,"$501 - $1,500",UNABLE TO DETERMINE,1,NO INDICATION OF INJURY,0,0,41.9755609896,-87.715380562,60625,"CHICAGO OHARE INTERNATIONAL AIRPORT, IL US",63.0,42.0,47.0,0.0,10.0,9.0
crash_04082,2020-01-01 19:00:00,2020,1,Jan,Wed,19,Night or early morning,30,TRAFFIC SIGNAL,CLEAR,DARKNESS,REAR END,NOT DIVIDED,DRY,NO INJURY / DRIVE AWAY,true,,"OVER $1,500",UNABLE TO DETERMINE,2,NO INDICATION OF INJURY,0,0,41.6888459803,-87.6279443482,60628,"CHICAGO MIDWAY AIRPORT, IL US",42.0,31.0,65.0,0.0,10.0,15.0
crash_04083,2018-02-01 17:30:00,2018,2,Feb,Thu,17,Evening commute,30,NO CONTROLS,CLEAR,"DARKNESS, LIGHTED ROAD",TURNING,NOT DIVIDED,DRY,NO INJURY / DRIVE AWAY,,,$500 OR LESS,UNABLE TO DETERMINE,2,NO INDICATION OF INJURY,0,0,41.9102296082,-87.7062300461,60647,"CHICAGO MIDWAY AIRPORT, IL US",15.0,-5.0,40.0,0.0,10.0,18.0
crash_04084,2023-11-25 10:24:00,2023,11,Nov,Sat,10,Daytime,25,NO CONTROLS,CLEAR,"DARKNESS, LIGHTED ROAD",SIDESWIPE SAME DIRECTION,NOT DIVIDED,DRY,NO INJURY / DRIVE AWAY,,true,$500 OR LESS,UNABLE TO DETERMINE,2,NO INDICATION OF INJURY,0,0,41.9494755259,-87.6585148333,60613,"CHICAGO MIDWAY AIRPORT, IL US",34.0,16.0,48.0,0.0,10.0,6.0
crash_04085,2019-09-10 08:24:00,2019,9,Sep,Tue,8,Morning commute,30,STOP SIGN/FLASHER,CLEAR,DAYLIGHT,PARKED MOTOR VEHICLE,NOT DIVIDED,DRY,NO INJURY / DRIVE AWAY,,,"OVER $1,500",IMPROPER TURNING/NO SIGNAL,2,NO INDICATION OF INJURY,0,0,41.9707255029,-87.6763364464,60640,"CHICAGO OHARE INTERNATIONAL AIRPORT, IL US",75.0,66.0,74.0,0.0,10.0,8.0
crash_04086,2021-10-28 07:30:00,2021,10,Oct,Thu,7,Morning commute,30,NO CONTROLS,CLEAR,DAYLIGHT,SIDESWIPE SAME DIRECTION,NOT DIVIDED,DRY,NO INJURY / DRIVE AWAY,,,"OVER $1,500",UNABLE TO DETERMINE,2,NO INDICATION OF INJURY,0,0,41.8495228765,-87.7295344269,60623,"CHICAGO MIDWAY AIRPORT, IL US",52.0,44.0,75.0,0.0,10.0,11.0
crash_04087,2021-05-05 20:30:00,2021,5,May,Wed,20,Night or early morning,30,NO CONTROLS,CLEAR,DUSK,PARKED MOTOR VEHICLE,ONE-WAY,DRY,NO INJURY / DRIVE AWAY,,true,"$501 - $1,500",FOLLOWING TOO CLOSELY,2,NO INDICATION OF INJURY,0,0,41.6796156731,-87.6348724742,60628,"CHICAGO MIDWAY AIRPORT, IL US",48.0,30.0,50.0,0.0,10.0,6.0
crash_04088,2024-02-19 17:42:00,2024,2,Feb,Mon,17,Evening commute,30,TRAFFIC SIGNAL,CLEAR,"DARKNESS, LIGHTED ROAD",ANGLE,FOUR WAY,DRY,INJURY AND / OR TOW DUE TO CRASH,true,,$500 OR LESS,DRIVING ON WRONG SIDE/WRONG WAY,2,"REPORTED, NOT EVIDENT",1,0,41.9245595436,-87.7168459756,60647,"CHICAGO MIDWAY AIRPORT, IL US",47.0,25.0,42.0,0.0,10.0,7.0
crash_04089,2019-11-29 12:47:00,2019,11,Nov,Fri,12,Daytime,30,NO CONTROLS,CLEAR,DAYLIGHT,TURNING,FOUR WAY,DRY,INJURY AND / OR TOW DUE TO CRASH,true,,"OVER $1,500",FAILING TO YIELD RIGHT-OF-WAY,2,NONINCAPACITATING INJURY,1,0,41.9503083327,-87.8367759428,60634,"CHICAGO OHARE INTERNATIONAL AIRPORT, IL US",39.0,35.0,86.0,0.0,10.0,7.0
crash_04090,2021-03-13 10:25:00,2021,3,Mar,Sat,10,Daytime,25,NO CONTROLS,CLEAR,DAYLIGHT,REAR END,ONE-WAY,DRY,NO INJURY / DRIVE AWAY,,,$500 OR LESS,FOLLOWING TOO CLOSELY,2,NO INDICATION OF INJURY,0,0,,,,,,,,,,
crash_04091,2022-08-23 11:20:00,2022,8,Aug,Tue,11,Daytime,20,NO CONTROLS,CLEAR,DAYLIGHT,PARKED MOTOR VEHICLE,PARKING LOT,DRY,NO INJURY / DRIVE AWAY,,true,"OVER $1,500",IMPROPER BACKING,2,NO INDICATION OF INJURY,0,0,41.8230047302,-87.6750209459,60609,"CHICAGO MIDWAY AIRPORT, IL US",82.0,58.0,44.0,,10.0,6.0
crash_04092,2024-12-28 23:30:00,2024,12,Dec,Sat,23,Night or early morning,30,UNKNOWN,UNKNOWN,"DARKNESS, LIGHTED ROAD",SIDESWIPE SAME DIRECTION,DIVIDED - W/MEDIAN BARRIER,UNKNOWN,NO INJURY / DRIVE AWAY,,true,"OVER $1,500",UNABLE TO DETERMINE,2,NO INDICATION OF INJURY,0,0,41.8491604027,-87.6271478543,60616,"CHICAGO MIDWAY AIRPORT, IL US",47.0,43.0,86.0,,10.0,5.0
crash_04093,2021-04-13 11:23:00,2021,4,Apr,Tue,11,Daytime,30,STOP SIGN/FLASHER,CLEAR,DAYLIGHT,ANGLE,NOT DIVIDED,DRY,NO INJURY / DRIVE AWAY,,,"OVER $1,500",DISREGARDING STOP SIGN,2,NO INDICATION OF INJURY,0,0,41.7635835641,-87.6383256351,60621,"CHICAGO MIDWAY AIRPORT, IL US",51.0,30.0,44.0,0.0,10.0,20.0
crash_04094,2018-09-28 15:00:00,2018,9,Sep,Fri,15,Evening commute,20,NO CONTROLS,RAIN,DAYLIGHT,ANGLE,ALLEY,WET,INJURY AND / OR TOW DUE TO CRASH,,,"OVER $1,500",FAILING TO YIELD RIGHT-OF-WAY,2,NO INDICATION OF INJURY,0,0,41.9169694295,-87.705117731,60647,"CHICAGO MIDWAY AIRPORT, IL US",58.0,43.0,58.0,0.0,10.0,13.0
crash_04095,2025-03-08 06:20:00,2025,3,Mar,Sat,6,Morning commute,30,NO CONTROLS,CLEAR,DAYLIGHT,PARKED MOTOR VEHICLE,NOT DIVIDED,DRY,NO INJURY / DRIVE AWAY,,,"$501 - $1,500",DRIVING SKILLS/KNOWLEDGE/EXPERIENCE,2,NO INDICATION OF INJURY,0,0,41.7337495797,-87.5976302019,60619,"CHICAGO MIDWAY AIRPORT, IL US",31.0,23.0,72.0,,10.0,0.0
crash_04096,2019-08-16 12:15:00,2019,8,Aug,Fri,12,Daytime,30,NO CONTROLS,CLEAR,DAYLIGHT,SIDESWIPE SAME DIRECTION,DIVIDED - W/MEDIAN BARRIER,DRY,NO INJURY / DRIVE AWAY,,,"$501 - $1,500",IMPROPER OVERTAKING/PASSING,2,NO INDICATION OF INJURY,0,0,41.7358672646,-87.6327948012,60620,"CHICAGO MIDWAY AIRPORT, IL US",77.0,63.0,62.0,0.0,10.0,13.0
crash_04097,2021-06-20 06:00:00,2021,6,Jun,Sun,6,Morning commute,30,NO CONTROLS,CLEAR,UNKNOWN,PARKED MOTOR VEHICLE,NOT DIVIDED,DRY,INJURY AND / OR TOW DUE TO CRASH,,true,"OVER $1,500",UNABLE TO DETERMINE,2,NO INDICATION OF INJURY,0,0,41.8183000497,-87.6184705253,60653,"CHICAGO MIDWAY AIRPORT, IL US",68.0,61.0,78.0,0.0,10.0,0.0
crash_04098,2022-02-09 17:30:00,2022,2,Feb,Wed,17,Evening commute,30,TRAFFIC SIGNAL,CLEAR,"DARKNESS, LIGHTED ROAD",REAR END,DIVIDED - W/MEDIAN (NOT RAISED),UNKNOWN,NO INJURY / DRIVE AWAY,true,,"OVER $1,500",FOLLOWING TOO CLOSELY,2,NO INDICATION OF INJURY,0,0,41.9349682351,-87.6783481412,60618,"CHICAGO MIDWAY AIRPORT, IL US",39.0,30.0,70.0,0.0,10.0,16.0
crash_04099,2018-07-09 20:00:00,2018,7,Jul,Mon,20,Night or early morning,30,TRAFFIC SIGNAL,CLEAR,DUSK,REAR END,NOT DIVIDED,DRY,NO INJURY / DRIVE AWAY,,true,"OVER $1,500",FOLLOWING TOO CLOSELY,2,NO INDICATION OF INJURY,0,0,41.9093873162,-87.7561406127,60651,"CHICAGO MIDWAY AIRPORT, IL US",86.0,65.0,49.0,0.0,10.0,10.0
crash_04100,2018-05-16 08:00:00,2018,5,May,Wed,8,Morning commute,30,STOP SIGN/FLASHER,CLEAR,DAYLIGHT,PEDALCYCLIST,NOT DIVIDED,DRY,INJURY AND / OR TOW DUE TO CRASH,,true,$500 OR LESS,DISREGARDING STOP SIGN,2,"REPORTED, NOT EVIDENT",1,0,41.9616069186,-87.6758912972,60640,"CHICAGO MIDWAY AIRPORT, IL US",60.0,48.0,65.0,0.0,10.0,3.0
crash_04101,2021-03-09 15:00:00,2021,3,Mar,Tue,15,Evening commute,30,TRAFFIC SIGNAL,CLEAR,DAYLIGHT,SIDESWIPE SAME DIRECTION,NOT DIVIDED,DRY,NO INJURY / DRIVE AWAY,true,,"OVER $1,500",UNABLE TO DETERMINE,2,NO INDICATION OF INJURY,0,0,41.8094854275,-87.6067108184,60615,"CHICAGO MIDWAY AIRPORT, IL US",68.0,30.0,24.0,0.0,10.0,17.0
crash_04102,2021-12-27 07:06:00,2021,12,Dec,Mon,7,Morning commute,35,TRAFFIC SIGNAL,CLEAR,"DARKNESS, LIGHTED ROAD",REAR END,DIVIDED - W/MEDIAN BARRIER,UNKNOWN,NO INJURY / DRIVE AWAY,true,true,"OVER $1,500",FOLLOWING TOO CLOSELY,3,NO INDICATION OF INJURY,0,0,41.8794893287,-87.6244981249,60604,"CHICAGO MIDWAY AIRPORT, IL US",41.0,38.0,89.0,0.0,2.5,6.0
crash_04103,2020-08-16 20:30:00,2020,8,Aug,Sun,20,Night or early morning,30,UNKNOWN,CLEAR,DUSK,PEDALCYCLIST,NOT DIVIDED,DRY,INJURY AND / OR TOW DUE TO CRASH,,true,"OVER $1,500",UNABLE TO DETERMINE,2,NONINCAPACITATING INJURY,1,0,41.9530561236,-87.7842371542,60634,"CHICAGO OHARE INTERNATIONAL AIRPORT, IL US",76.0,57.0,52.0,0.0,10.0,5.0
crash_04104,2022-06-16 20:49:00,2022,6,Jun,Thu,20,Night or early morning,30,NO CONTROLS,UNKNOWN,UNKNOWN,PARKED MOTOR VEHICLE,NOT DIVIDED,UNKNOWN,NO INJURY / DRIVE AWAY,,,"OVER $1,500",UNABLE TO DETERMINE,2,NO INDICATION OF INJURY,0,0,41.8940866179,-87.7210017843,60624,"CHICAGO MIDWAY AIRPORT, IL US",89.0,54.0,30.0,0.0,10.0,8.0
crash_04105,2020-06-04 13:30:00,2020,6,Jun,Thu,13,Daytime,30,NO CONTROLS,RAIN,DAYLIGHT,REAR END,DIVIDED - W/MEDIAN (NOT RAISED),WET,NO INJURY / DRIVE AWAY,,,$500 OR LESS,FOLLOWING TOO CLOSELY,2,NO INDICATION OF INJURY,0,0,41.9688948071,-87.6610552212,60640,"CHICAGO MIDWAY AIRPORT, IL US",84.0,65.0,53.0,0.0,10.0,5.0
crash_04106,2025-08-16 15:00:00,2025,8,Aug,Sat,15,Evening commute,35,NO CONTROLS,CLEAR,DAYLIGHT,PARKED MOTOR VEHICLE,ONE-WAY,DRY,NO INJURY / DRIVE AWAY,,,"OVER $1,500",IMPROPER BACKING,2,NO INDICATION OF INJURY,0,0,41.7284557373,-87.6605627866,60620,"CHICAGO MIDWAY AIRPORT, IL US",94.0,71.0,48.0,0.0,10.0,0.0
crash_04107,2024-10-13 12:40:00,2024,10,Oct,Sun,12,Daytime,20,NO CONTROLS,CLEAR,DAYLIGHT,PARKED MOTOR VEHICLE,PARKING LOT,DRY,NO INJURY / DRIVE AWAY,,true,"$501 - $1,500",UNABLE TO DETERMINE,2,NO INDICATION OF INJURY,0,0,41.9680530472,-87.6494745552,60640,"CHICAGO MIDWAY AIRPORT, IL US",66.0,47.0,50.0,0.0,10.0,16.0
crash_04108,2025-08-10 17:00:00,2025,8,Aug,Sun,17,Evening commute,25,NO CONTROLS,UNKNOWN,UNKNOWN,PARKED MOTOR VEHICLE,NOT DIVIDED,UNKNOWN,NO INJURY / DRIVE AWAY,,true,"OVER $1,500",UNABLE TO DETERMINE,2,NO INDICATION OF INJURY,0,0,41.8767282133,-87.7581024173,60644,"CHICAGO MIDWAY AIRPORT, IL US",89.0,68.0,50.0,0.0,10.0,14.0
crash_04109,2025-10-26 10:28:00,2025,10,Oct,Sun,10,Daytime,30,NO CONTROLS,CLEAR,DAYLIGHT,TURNING,NOT DIVIDED,DRY,NO INJURY / DRIVE AWAY,,true,"OVER $1,500",FAILING TO YIELD RIGHT-OF-WAY,2,NO INDICATION OF INJURY,0,0,41.7655462787,-87.6296940879,60621,,,,,,,
crash_04110,2019-10-27 15:00:00,2019,10,Oct,Sun,15,Evening commute,35,NO CONTROLS,CLEAR,DAYLIGHT,SIDESWIPE SAME DIRECTION,PARKING LOT,DRY,NO INJURY / DRIVE AWAY,,true,"$501 - $1,500",UNABLE TO DETERMINE,2,NO INDICATION OF INJURY,0,0,41.8444479365,-87.7025065839,60623,"CHICAGO MIDWAY AIRPORT, IL US",58.0,40.0,51.0,0.0,10.0,11.0
crash_04111,2019-05-07 17:50:00,2019,5,May,Tue,17,Evening commute,30,NO CONTROLS,CLEAR,DAYLIGHT,SIDESWIPE SAME DIRECTION,DIVIDED - W/MEDIAN (NOT RAISED),UNKNOWN,NO INJURY / DRIVE AWAY,,,"OVER $1,500",FAILING TO YIELD RIGHT-OF-WAY,2,NO INDICATION OF INJURY,0,0,41.9684712773,-87.7172528206,60625,"CHICAGO OHARE INTERNATIONAL AIRPORT, IL US",46.0,34.0,63.0,0.0,10.0,17.0
crash_04112,2022-12-16 23:00:00,2022,12,Dec,Fri,23,Night or early morning,30,NO CONTROLS,UNKNOWN,"DARKNESS, LIGHTED ROAD",SIDESWIPE SAME DIRECTION,NOT DIVIDED,UNKNOWN,NO INJURY / DRIVE AWAY,,,"$501 - $1,500",IMPROPER LANE USAGE,2,NO INDICATION OF INJURY,0,0,41.9030919331,-87.6766033527,60622,"CHICAGO MIDWAY AIRPORT, IL US",27.0,19.0,72.0,0.0,10.0,17.0
crash_04113,2021-08-05 16:58:00,2021,8,Aug,Thu,16,Evening commute,45,NO CONTROLS,CLEAR,DAYLIGHT,REAR END,DIVIDED - W/MEDIAN BARRIER,DRY,NO INJURY / DRIVE AWAY,,,"$501 - $1,500",UNABLE TO DETERMINE,2,NO INDICATION OF INJURY,0,0,41.900752974,-87.6242349998,60611,"CHICAGO MIDWAY AIRPORT, IL US",85.0,52.0,32.0,0.0,10.0,13.0
crash_04114,2023-01-03 16:40:00,2023,1,Jan,Tue,16,Evening commute,30,NO CONTROLS,OTHER,"DARKNESS, LIGHTED ROAD",PARKED MOTOR VEHICLE,NOT DIVIDED,WET,INJURY AND / OR TOW DUE TO CRASH,,,"OVER $1,500",UNABLE TO DETERMINE,2,NO INDICATION OF INJURY,0,0,41.6988526017,-87.7093925427,60655,"CHICAGO MIDWAY AIRPORT, IL US",46.0,45.0,96.0,0.0,1.0,3.0
crash_04115,2020-10-24 13:36:00,2020,10,Oct,Sat,13,Daytime,30,NO CONTROLS,CLEAR,DAYLIGHT,HEAD ON,NOT DIVIDED,DRY,INJURY AND / OR TOW DUE TO CRASH,,false,"OVER $1,500",DRIVING ON WRONG SIDE/WRONG WAY,2,INCAPACITATING INJURY,1,0,41.7434462714,-87.6344056212,60620,"CHICAGO MIDWAY AIRPORT, IL US",45.0,30.0,56.0,0.0,10.0,8.0
crash_04116,2018-08-18 10:17:00,2018,8,Aug,Sat,10,Daytime,30,TRAFFIC SIGNAL,CLEAR,DAYLIGHT,PEDALCYCLIST,NOT DIVIDED,DRY,NO INJURY / DRIVE AWAY,true,,$500 OR LESS,DISREGARDING TRAFFIC SIGNALS,2,NO INDICATION OF INJURY,0,0,41.8823398593,-87.676787988,60612,"CHICAGO MIDWAY AIRPORT, IL US",79.0,68.0,69.0,0.0,10.0,11.0
crash_04117,2018-11-13 08:30:00,2018,11,Nov,Tue,8,Morning commute,30,NO CONTROLS,CLEAR,DAYLIGHT,ANGLE,DIVIDED - W/MEDIAN (NOT RAISED),DRY,NO INJURY / DRIVE AWAY,,,"OVER $1,500",FAILING TO YIELD RIGHT-OF-WAY,2,NO INDICATION OF INJURY,0,0,41.7817724763,-87.7227014695,60629,"CHICAGO MIDWAY AIRPORT, IL US",22.0,7.0,52.0,0.0,10.0,15.0
crash_04118,2024-10-29 23:00:00,2024,10,Oct,Tue,23,Night or early morning,30,TRAFFIC SIGNAL,CLEAR,"DARKNESS, LIGHTED ROAD",PEDESTRIAN,UNKNOWN INTERSECTION TYPE,DRY,INJURY AND / OR TOW DUE TO CRASH,true,true,"$501 - $1,500",UNABLE TO DETERMINE,2,NONINCAPACITATING INJURY,1,0,,,,,,,,,,
crash_04119,2021-07-08 15:50:00,2021,7,Jul,Thu,15,Evening commute,10,NO CONTROLS,CLEAR,DAYLIGHT,TURNING,PARKING LOT,DRY,NO INJURY / DRIVE AWAY,,,"OVER $1,500",UNABLE TO DETERMINE,2,NO INDICATION OF INJURY,0,0,41.9109763974,-87.6515095643,60614,"CHICAGO MIDWAY AIRPORT, IL US",66.0,58.0,75.0,0.0,9.0,7.0
crash_04120,2023-09-11 15:05:00,2023,9,Sep,Mon,15,Evening commute,15,NO CONTROLS,CLEAR,DAYLIGHT,PARKED MOTOR VEHICLE,ONE-WAY,WET,NO INJURY / DRIVE AWAY,,true,"OVER $1,500",UNABLE TO DETERMINE,2,NO INDICATION OF INJURY,0,0,41.975326387,-87.7146316315,60625,"CHICAGO OHARE INTERNATIONAL AIRPORT, IL US",65.0,62.0,90.0,0.02,7.0,6.0
crash_04121,2018-05-23 13:20:00,2018,5,May,Wed,13,Daytime,30,TRAFFIC SIGNAL,CLEAR,DAYLIGHT,TURNING,NOT DIVIDED,DRY,NO INJURY / DRIVE AWAY,true,,"OVER $1,500",UNABLE TO DETERMINE,2,NO INDICATION OF INJURY,0,0,41.8923301615,-87.6354480705,60654,"CHICAGO MIDWAY AIRPORT, IL US",76.0,57.0,52.0,0.0,10.0,6.0
crash_04122,2018-04-21 00:40:00,2018,4,Apr,Sat,0,Night or early morning,30,TRAFFIC SIGNAL,CLEAR,"DARKNESS, LIGHTED ROAD",SIDESWIPE SAME DIRECTION,DIVIDED - W/MEDIAN (NOT RAISED),DRY,NO INJURY / DRIVE AWAY,false,,"OVER $1,500",IMPROPER OVERTAKING/PASSING,2,NO INDICATION OF INJURY,0,0,41.7364550458,-87.6146729127,60619,"CHICAGO MIDWAY AIRPORT, IL US",43.0,19.0,38.0,0.0,10.0,6.0
crash_04123,2022-11-25 19:45:00,2022,11,Nov,Fri,19,Night or early morning,30,NO CONTROLS,CLEAR,DAYLIGHT,ANGLE,ONE-WAY,DRY,NO INJURY / DRIVE AWAY,,,"$501 - $1,500",FAILING TO YIELD RIGHT-OF-WAY,2,NO INDICATION OF INJURY,0,0,41.8831718348,-87.6521331004,60607,"CHICAGO MIDWAY AIRPORT, IL US",42.0,28.0,58.0,0.0,10.0,6.0
crash_04124,2018-05-02 18:15:00,2018,5,May,Wed,18,Evening commute,30,STOP SIGN/FLASHER,RAIN,DAYLIGHT,ANGLE,DIVIDED - W/MEDIAN (NOT RAISED),WET,NO INJURY / DRIVE AWAY,,,"OVER $1,500",UNABLE TO DETERMINE,2,NO INDICATION OF INJURY,0,0,41.9228170661,-87.7170871814,60647,"CHICAGO MIDWAY AIRPORT, IL US",78.0,65.0,64.0,0.0,10.0,8.0