crash_id,crash_datetime,crash_year,crash_month,crash_month_name,crash_weekday_name,crash_hour,time_period,posted_speed_limit_mph,traffic_control_device,reported_weather_condition,reported_lighting_condition,first_crash_type,trafficway_type,reported_road_surface_condition,crash_type,intersection_related,hit_and_run,estimated_damage,primary_contributory_cause,unit_count,most_severe_injury,injuries_total,injuries_fatal,latitude,longitude,zip5,weather_station_name,temperature_f,dew_point_f,relative_humidity_percent,precipitation_inches,visibility_miles,wind_speed_mph
crash_04125,2025-04-21 09:00:00,2025,4,Apr,Mon,9,Morning commute,30,NO CONTROLS,CLEAR,DAYLIGHT,REAR END,ONE-WAY,WET,NO INJURY / DRIVE AWAY,,,"$501 - $1,500",DRIVING SKILLS/KNOWLEDGE/EXPERIENCE,2,NO INDICATION OF INJURY,0,0,41.8736117072,-87.7212187382,60624,"CHICAGO MIDWAY AIRPORT, IL US",51.0,43.0,74.0,0.0,10.0,30.0
crash_04126,2020-11-09 15:15:00,2020,11,Nov,Mon,15,Evening commute,30,NO CONTROLS,CLEAR,DAYLIGHT,SIDESWIPE OPPOSITE DIRECTION,NOT DIVIDED,DRY,NO INJURY / DRIVE AWAY,,,"$501 - $1,500",UNABLE TO DETERMINE,2,NO INDICATION OF INJURY,0,0,41.9788511188,-87.6807501881,60625,"CHICAGO OHARE INTERNATIONAL AIRPORT, IL US",75.0,59.0,58.0,0.0,10.0,17.0
crash_04127,2019-09-05 10:30:00,2019,9,Sep,Thu,10,Daytime,10,NO CONTROLS,CLEAR,DAYLIGHT,PARKED MOTOR VEHICLE,PARKING LOT,DRY,NO INJURY / DRIVE AWAY,,true,"OVER $1,500",UNABLE TO DETERMINE,2,NO INDICATION OF INJURY,0,0,41.8682853974,-87.7097998579,60624,"CHICAGO MIDWAY AIRPORT, IL US",66.0,50.0,56.0,0.0,10.0,0.0
crash_04128,2019-12-09 17:30:00,2019,12,Dec,Mon,17,Evening commute,30,NO CONTROLS,UNKNOWN,UNKNOWN,REAR END,NOT DIVIDED,UNKNOWN,NO INJURY / DRIVE AWAY,,,"OVER $1,500",UNABLE TO DETERMINE,2,NO INDICATION OF INJURY,0,0,41.8669317531,-87.6714711072,60612,"CHICAGO MIDWAY AIRPORT, IL US",41.0,36.0,82.0,,9.0,22.0
crash_04129,2025-07-29 12:35:00,2025,7,Jul,Tue,12,Daytime,20,NO CONTROLS,CLEAR,DAYLIGHT,PEDESTRIAN,ALLEY,DRY,INJURY AND / OR TOW DUE TO CRASH,,,"OVER $1,500",UNABLE TO DETERMINE,3,NONINCAPACITATING INJURY,1,0,41.9092646856,-87.7100185825,60651,"CHICAGO MIDWAY AIRPORT, IL US",91.0,68.0,47.0,0.0,10.0,8.0
crash_04130,2025-04-17 16:00:00,2025,4,Apr,Thu,16,Evening commute,30,NO CONTROLS,CLEAR,DAWN,PARKED MOTOR VEHICLE,NOT DIVIDED,DRY,NO INJURY / DRIVE AWAY,,true,$500 OR LESS,FOLLOWING TOO CLOSELY,2,NO INDICATION OF INJURY,0,0,41.8797288839,-87.679194522,60612,"CHICAGO MIDWAY AIRPORT, IL US",60.0,43.0,53.0,0.0,10.0,23.0
crash_04131,2025-01-21 09:16:00,2025,1,Jan,Tue,9,Morning commute,30,STOP SIGN/FLASHER,CLEAR,DAYLIGHT,ANGLE,NOT DIVIDED,DRY,NO INJURY / DRIVE AWAY,,true,"OVER $1,500",FAILING TO YIELD RIGHT-OF-WAY,2,NO INDICATION OF INJURY,0,0,41.8987021135,-87.7546042771,60651,"CHICAGO MIDWAY AIRPORT, IL US",-5.0,-17.0,56.0,0.0,10.0,13.0
crash_04132,2021-11-03 15:10:00,2021,11,Nov,Wed,15,Evening commute,30,NO CONTROLS,CLEAR,DAYLIGHT,PARKED MOTOR VEHICLE,NOT DIVIDED,DRY,NO INJURY / DRIVE AWAY,,,"OVER $1,500",DRIVING SKILLS/KNOWLEDGE/EXPERIENCE,2,NO INDICATION OF INJURY,0,0,41.8087201855,-87.6645343133,60609,"CHICAGO MIDWAY AIRPORT, IL US",46.0,22.0,38.0,0.0,10.0,6.0
crash_04133,2021-06-17 16:00:00,2021,6,Jun,Thu,16,Evening commute,30,NO CONTROLS,CLEAR,DAYLIGHT,REAR END,NOT DIVIDED,DRY,NO INJURY / DRIVE AWAY,,,"OVER $1,500",DISTRACTION - FROM INSIDE VEHICLE,2,NO INDICATION OF INJURY,0,0,41.9378781393,-87.8081888845,60707,"CHICAGO OHARE INTERNATIONAL AIRPORT, IL US",88.0,54.0,31.0,0.0,10.0,10.0
crash_04134,2024-03-31 07:32:00,2024,3,Mar,Sun,7,Morning commute,30,NO CONTROLS,CLEAR,DAYLIGHT,PARKED MOTOR VEHICLE,ONE-WAY,DRY,NO INJURY / DRIVE AWAY,,,"$501 - $1,500",IMPROPER OVERTAKING/PASSING,2,NO INDICATION OF INJURY,0,0,41.7496354066,-87.5648389663,60617,"CHICAGO MIDWAY AIRPORT, IL US",41.0,34.0,76.0,0.0,10.0,5.0
crash_04135,2022-04-19 12:30:00,2022,4,Apr,Tue,12,Daytime,30,NO CONTROLS,CLEAR,DAYLIGHT,PARKED MOTOR VEHICLE,PARKING LOT,DRY,NO INJURY / DRIVE AWAY,,false,"OVER $1,500",UNABLE TO DETERMINE,2,NO INDICATION OF INJURY,0,0,41.9561598681,-87.6736978696,60613,"CHICAGO MIDWAY AIRPORT, IL US",47.0,28.0,48.0,0.0,10.0,10.0
crash_04136,2018-08-08 18:00:00,2018,8,Aug,Wed,18,Evening commute,20,NO CONTROLS,CLEAR,DAYLIGHT,PARKED MOTOR VEHICLE,NOT DIVIDED,UNKNOWN,NO INJURY / DRIVE AWAY,,true,"OVER $1,500",UNABLE TO DETERMINE,2,NO INDICATION OF INJURY,0,0,41.8289791367,-87.6328123308,60609,"CHICAGO MIDWAY AIRPORT, IL US",79.0,65.0,62.0,0.0,10.0,7.0
crash_04137,2022-05-13 10:45:00,2022,5,May,Fri,10,Daytime,30,NO CONTROLS,CLEAR,DAYLIGHT,REAR END,ONE-WAY,DRY,NO INJURY / DRIVE AWAY,true,,"OVER $1,500",UNABLE TO DETERMINE,2,NO INDICATION OF INJURY,0,0,41.9044748837,-87.7142710533,60651,"CHICAGO MIDWAY AIRPORT, IL US",85.0,54.0,35.0,0.0,10.0,10.0
crash_04138,2025-09-19 13:10:00,2025,9,Sep,Fri,13,Daytime,30,NO CONTROLS,CLEAR,DAYLIGHT,REAR TO SIDE,NOT DIVIDED,DRY,NO INJURY / DRIVE AWAY,,true,"OVER $1,500",IMPROPER BACKING,2,NO INDICATION OF INJURY,0,0,41.7935062703,-87.5857557812,60637,,,,,,,
crash_04139,2025-10-25 15:45:00,2025,10,Oct,Sat,15,Evening commute,30,STOP SIGN/FLASHER,CLEAR,DAYLIGHT,ANGLE,NOT DIVIDED,DRY,NO INJURY / DRIVE AWAY,true,,"$501 - $1,500",FAILING TO YIELD RIGHT-OF-WAY,2,NO INDICATION OF INJURY,0,0,41.9377938372,-87.6784456335,60618,,,,,,,
crash_04140,2023-10-19 07:11:00,2023,10,Oct,Thu,7,Morning commute,30,STOP SIGN/FLASHER,CLOUDY/OVERCAST,DAYLIGHT,ANGLE,DIVIDED - W/MEDIAN (NOT RAISED),WET,INJURY AND / OR TOW DUE TO CRASH,true,,"OVER $1,500",UNABLE TO DETERMINE,2,NONINCAPACITATING INJURY,1,0,41.9393380493,-87.7163971849,60618,"CHICAGO MIDWAY AIRPORT, IL US",55.0,52.0,90.0,0.0,10.0,6.0
crash_04141,2020-02-02 03:00:00,2020,2,Feb,Sun,3,Night or early morning,30,NO CONTROLS,CLEAR,"DARKNESS, LIGHTED ROAD",PARKED MOTOR VEHICLE,NOT DIVIDED,UNKNOWN,NO INJURY / DRIVE AWAY,,true,"OVER $1,500",UNABLE TO DETERMINE,2,NO INDICATION OF INJURY,0,0,41.9299847952,-87.7026120397,60647,"CHICAGO MIDWAY AIRPORT, IL US",38.0,30.0,73.0,0.0,10.0,18.0
crash_04142,2019-12-17 10:14:00,2019,12,Dec,Tue,10,Daytime,30,NO CONTROLS,CLEAR,DAYLIGHT,REAR END,RAMP,DRY,NO INJURY / DRIVE AWAY,,,"OVER $1,500",FOLLOWING TOO CLOSELY,2,NO INDICATION OF INJURY,0,0,41.858007607,-87.644942266,60616,"CHICAGO MIDWAY AIRPORT, IL US",25.0,17.0,72.0,0.0,10.0,8.0
crash_04143,2021-10-04 09:00:00,2021,10,Oct,Mon,9,Morning commute,30,NO CONTROLS,CLEAR,DAYLIGHT,PARKED MOTOR VEHICLE,NOT DIVIDED,DRY,NO INJURY / DRIVE AWAY,,,$500 OR LESS,IMPROPER OVERTAKING/PASSING,2,NO INDICATION OF INJURY,0,0,41.8556753903,-87.6950819144,60608,"CHICAGO MIDWAY AIRPORT, IL US",68.0,60.0,76.0,0.0,8.0,9.0
crash_04144,2022-10-19 10:40:00,2022,10,Oct,Wed,10,Daytime,30,NO CONTROLS,CLEAR,DAYLIGHT,SIDESWIPE SAME DIRECTION,DIVIDED - W/MEDIAN (NOT RAISED),DRY,NO INJURY / DRIVE AWAY,,,"OVER $1,500",FOLLOWING TOO CLOSELY,2,NO INDICATION OF INJURY,0,0,41.8130074909,-87.7431565319,60632,"CHICAGO MIDWAY AIRPORT, IL US",44.0,26.0,49.0,0.0,10.0,11.0
crash_04145,2025-09-03 12:00:00,2025,9,Sep,Wed,12,Daytime,30,NO CONTROLS,CLEAR,DAYLIGHT,PARKED MOTOR VEHICLE,DIVIDED - W/MEDIAN (NOT RAISED),DRY,NO INJURY / DRIVE AWAY,,true,"OVER $1,500",UNABLE TO DETERMINE,2,NO INDICATION OF INJURY,0,0,41.894310352,-87.7259054679,60624,,,,,,,
crash_04146,2023-02-03 15:30:00,2023,2,Feb,Fri,15,Evening commute,30,NO CONTROLS,CLEAR,DAYLIGHT,PARKED MOTOR VEHICLE,PARKING LOT,DRY,NO INJURY / DRIVE AWAY,,true,$500 OR LESS,UNABLE TO DETERMINE,2,NO INDICATION OF INJURY,0,0,41.6881094044,-87.5375500983,60617,"CHICAGO MIDWAY AIRPORT, IL US",12.0,-11.0,34.0,0.0,10.0,5.0
crash_04147,2021-07-06 21:53:00,2021,7,Jul,Tue,21,Night or early morning,20,NO CONTROLS,CLEAR,"DARKNESS, LIGHTED ROAD",SIDESWIPE SAME DIRECTION,ONE-WAY,DRY,NO INJURY / DRIVE AWAY,,,"OVER $1,500","OPERATING VEHICLE IN ERRATIC, RECKLESS, CARELESS, NEGLIGENT OR AGGRESSIVE MANNER",2,NO INDICATION OF INJURY,0,0,,,,,,,,,,
crash_04148,2025-11-09 12:30:00,2025,11,Nov,Sun,12,Daytime,30,NO CONTROLS,FREEZING RAIN/DRIZZLE,DAYLIGHT,FIXED OBJECT,T-INTERSECTION,SNOW OR SLUSH,INJURY AND / OR TOW DUE TO CRASH,true,,"OVER $1,500",WEATHER,1,"REPORTED, NOT EVIDENT",1,0,41.9843423112,-87.8212380957,60631,,,,,,,
crash_04149,2022-02-05 20:15:00,2022,2,Feb,Sat,20,Night or early morning,25,NO CONTROLS,CLEAR,DARKNESS,REAR TO FRONT,ONE-WAY,DRY,NO INJURY / DRIVE AWAY,,,"OVER $1,500",NOT APPLICABLE,2,NO INDICATION OF INJURY,0,0,41.9980581964,-87.6924827552,60645,"CHICAGO OHARE INTERNATIONAL AIRPORT, IL US",15.0,4.0,61.0,0.0,10.0,20.0
crash_04150,2020-02-17 10:02:00,2020,2,Feb,Mon,10,Daytime,20,SCHOOL ZONE,CLEAR,DAYLIGHT,REAR END,ONE-WAY,DRY,NO INJURY / DRIVE AWAY,,,"OVER $1,500",UNABLE TO DETERMINE,2,NO INDICATION OF INJURY,0,0,41.9294381086,-87.7594636897,60639,"CHICAGO OHARE INTERNATIONAL AIRPORT, IL US",38.0,25.0,60.0,0.0,10.0,10.0
crash_04151,2020-06-09 19:50:00,2020,6,Jun,Tue,19,Night or early morning,30,NO CONTROLS,CLEAR,DAYLIGHT,PARKED MOTOR VEHICLE,PARKING LOT,DRY,NO INJURY / DRIVE AWAY,,,"$501 - $1,500",UNABLE TO DETERMINE,2,NO INDICATION OF INJURY,0,0,41.9057938403,-87.7262511371,60651,"CHICAGO MIDWAY AIRPORT, IL US",78.0,74.0,87.0,0.02,10.0,20.0
crash_04152,2018-03-05 16:00:00,2018,3,Mar,Mon,16,Evening commute,30,TRAFFIC SIGNAL,CLEAR,DAYLIGHT,SIDESWIPE SAME DIRECTION,DIVIDED - W/MEDIAN (NOT RAISED),DRY,NO INJURY / DRIVE AWAY,true,,"$501 - $1,500",UNABLE TO DETERMINE,2,NO INDICATION OF INJURY,0,0,41.9754288622,-87.7276548858,60625,"CHICAGO OHARE INTERNATIONAL AIRPORT, IL US",39.0,19.0,45.0,0.0,10.0,22.0
crash_04153,2023-12-02 13:30:00,2023,12,Dec,Sat,13,Daytime,30,UNKNOWN,CLEAR,DAYLIGHT,PARKED MOTOR VEHICLE,UNKNOWN,DRY,NO INJURY / DRIVE AWAY,,true,"OVER $1,500",UNABLE TO DETERMINE,2,NO INDICATION OF INJURY,0,0,41.7942869423,-87.6206720841,60637,"CHICAGO MIDWAY AIRPORT, IL US",44.0,37.0,76.0,0.0,10.0,5.0
crash_04154,2023-10-12 00:10:00,2023,10,Oct,Thu,0,Night or early morning,30,TRAFFIC SIGNAL,RAIN,"DARKNESS, LIGHTED ROAD",TURNING,DIVIDED - W/MEDIAN BARRIER,WET,NO INJURY / DRIVE AWAY,,true,"OVER $1,500",UNABLE TO DETERMINE,2,NO INDICATION OF INJURY,0,0,41.7944101144,-87.6452846747,60609,"CHICAGO MIDWAY AIRPORT, IL US",55.0,51.0,87.0,0.08,5.0,7.0
crash_04155,2022-09-24 02:30:00,2022,9,Sep,Sat,2,Night or early morning,30,NO CONTROLS,RAIN,"DARKNESS, LIGHTED ROAD",PARKED MOTOR VEHICLE,DIVIDED - W/MEDIAN BARRIER,UNKNOWN,NO INJURY / DRIVE AWAY,,true,"$501 - $1,500",UNABLE TO DETERMINE,2,NO INDICATION OF INJURY,0,0,41.6619366667,-87.6415235913,60643,"CHICAGO MIDWAY AIRPORT, IL US",55.0,50.0,83.0,0.0,4.0,6.0
crash_04156,2019-08-12 14:27:00,2019,8,Aug,Mon,14,Daytime,25,STOP SIGN/FLASHER,CLEAR,DAYLIGHT,REAR END,NOT DIVIDED,DRY,NO INJURY / DRIVE AWAY,true,,"OVER $1,500",DISREGARDING STOP SIGN,2,NO INDICATION OF INJURY,0,0,41.8050196173,-87.6744538696,60609,"CHICAGO MIDWAY AIRPORT, IL US",82.0,72.0,72.0,0.0,7.0,3.0
crash_04157,2021-03-15 14:16:00,2021,3,Mar,Mon,14,Daytime,30,NO CONTROLS,SNOW,DAYLIGHT,TURNING,DIVIDED - W/MEDIAN BARRIER,WET,NO INJURY / DRIVE AWAY,,,"$501 - $1,500",FAILING TO REDUCE SPEED TO AVOID CRASH,2,NO INDICATION OF INJURY,0,0,41.8943329931,-87.6561002479,60642,"CHICAGO MIDWAY AIRPORT, IL US",30.0,26.0,85.0,0.01,1.0,18.0
crash_04158,2021-08-07 16:00:00,2021,8,Aug,Sat,16,Evening commute,30,NO CONTROLS,CLEAR,DAYLIGHT,REAR END,NOT DIVIDED,DRY,NO INJURY / DRIVE AWAY,,,$500 OR LESS,UNABLE TO DETERMINE,2,NO INDICATION OF INJURY,0,0,41.7211912177,-87.6719421769,60620,"CHICAGO MIDWAY AIRPORT, IL US",89.0,67.0,48.0,0.0,10.0,10.0
crash_04159,2020-06-04 17:00:00,2020,6,Jun,Thu,17,Evening commute,30,STOP SIGN/FLASHER,CLEAR,DAYLIGHT,SIDESWIPE SAME DIRECTION,ONE-WAY,DRY,NO INJURY / DRIVE AWAY,true,true,"OVER $1,500",UNABLE TO DETERMINE,2,NO INDICATION OF INJURY,0,0,41.9613129033,-87.7058623709,60625,"CHICAGO OHARE INTERNATIONAL AIRPORT, IL US",87.0,62.0,43.0,0.0,10.0,6.0
crash_04160,2024-06-21 14:20:00,2024,6,Jun,Fri,14,Daytime,30,NO CONTROLS,CLEAR,DAYLIGHT,REAR END,NOT DIVIDED,DRY,INJURY AND / OR TOW DUE TO CRASH,,,"OVER $1,500",FOLLOWING TOO CLOSELY,3,NO INDICATION OF INJURY,0,0,41.9104262859,-87.7374949386,60639,"CHICAGO MIDWAY AIRPORT, IL US",93.0,63.0,37.0,0.0,10.0,11.0
crash_04161,2020-02-10 08:20:00,2020,2,Feb,Mon,8,Morning commute,30,TRAFFIC SIGNAL,CLEAR,DAYLIGHT,SIDESWIPE SAME DIRECTION,NOT DIVIDED,DRY,NO INJURY / DRIVE AWAY,,,"$501 - $1,500",IMPROPER LANE USAGE,2,NO INDICATION OF INJURY,0,0,41.8421032366,-87.621900168,60616,"CHICAGO MIDWAY AIRPORT, IL US",28.0,23.0,81.0,,8.0,10.0
crash_04162,2019-07-23 15:16:00,2019,7,Jul,Tue,15,Evening commute,20,NO CONTROLS,CLEAR,DAYLIGHT,PARKED MOTOR VEHICLE,PARKING LOT,DRY,NO INJURY / DRIVE AWAY,,true,"OVER $1,500",NOT APPLICABLE,2,NO INDICATION OF INJURY,0,0,41.9814281642,-87.8364343021,60631,"CHICAGO OHARE INTERNATIONAL AIRPORT, IL US",78.0,59.0,52.0,0.0,10.0,11.0
crash_04163,2018-12-15 09:00:00,2018,12,Dec,Sat,9,Morning commute,30,STOP SIGN/FLASHER,CLEAR,DAYLIGHT,ANGLE,DIVIDED - W/MEDIAN (NOT RAISED),DRY,NO INJURY / DRIVE AWAY,,,"OVER $1,500",FAILING TO YIELD RIGHT-OF-WAY,2,NO INDICATION OF INJURY,0,0,41.9327922203,-87.795674233,60634,"CHICAGO OHARE INTERNATIONAL AIRPORT, IL US",34.0,33.0,97.0,0.0,6.0,7.0
crash_04164,2023-05-30 10:45:00,2023,5,May,Tue,10,Daytime,30,NO CONTROLS,CLEAR,DAYLIGHT,SIDESWIPE SAME DIRECTION,NOT DIVIDED,DRY,NO INJURY / DRIVE AWAY,,,"$501 - $1,500",IMPROPER OVERTAKING/PASSING,2,NO INDICATION OF INJURY,0,0,41.9558737131,-87.7475222961,60641,"CHICAGO OHARE INTERNATIONAL AIRPORT, IL US",85.0,51.0,31.0,0.0,10.0,7.0
crash_04165,2023-10-20 08:00:00,2023,10,Oct,Fri,8,Morning commute,30,TRAFFIC SIGNAL,RAIN,DAYLIGHT,ANGLE,FOUR WAY,OTHER,INJURY AND / OR TOW DUE TO CRASH,true,,"OVER $1,500",DISREGARDING TRAFFIC SIGNALS,3,NO INDICATION OF INJURY,0,0,41.8806062243,-87.7454022859,60644,"CHICAGO MIDWAY AIRPORT, IL US",53.0,47.0,80.0,0.0,10.0,6.0
crash_04166,2024-10-24 18:00:00,2024,10,Oct,Thu,18,Evening commute,30,UNKNOWN,CLEAR,"DARKNESS, LIGHTED ROAD",OTHER OBJECT,NOT DIVIDED,UNKNOWN,NO INJURY / DRIVE AWAY,,false,"OVER $1,500",UNABLE TO DETERMINE,1,,,,41.9045923883,-87.6652278573,60642,"CHICAGO MIDWAY AIRPORT, IL US",62.0,32.0,32.0,0.0,10.0,6.0
crash_04167,2019-12-11 11:20:00,2019,12,Dec,Wed,11,Daytime,30,TRAFFIC SIGNAL,CLOUDY/OVERCAST,DAYLIGHT,ANGLE,NOT DIVIDED,DRY,INJURY AND / OR TOW DUE TO CRASH,true,,"OVER $1,500",DISREGARDING TRAFFIC SIGNALS,2,NONINCAPACITATING INJURY,1,0,41.6924822339,-87.6280540569,60628,"CHICAGO MIDWAY AIRPORT, IL US",21.0,12.0,68.0,0.0,10.0,9.0
crash_04168,2021-04-01 16:05:00,2021,4,Apr,Thu,16,Evening commute,30,NO CONTROLS,CLEAR,DAYLIGHT,FIXED OBJECT,ONE-WAY,DRY,INJURY AND / OR TOW DUE TO CRASH,,,"OVER $1,500","EVASIVE ACTION DUE TO ANIMAL, OBJECT, NONMOTORIST",1,NO INDICATION OF INJURY,0,0,41.7833689995,-87.6536129441,60621,"CHICAGO MIDWAY AIRPORT, IL US",38.0,14.0,37.0,0.0,10.0,13.0
crash_04169,2021-10-08 11:59:00,2021,10,Oct,Fri,11,Daytime,30,NO CONTROLS,CLEAR,DAYLIGHT,PARKED MOTOR VEHICLE,NOT DIVIDED,WET,NO INJURY / DRIVE AWAY,,,"OVER $1,500","VISION OBSCURED (SIGNS, TREE LIMBS, BUILDINGS, ETC.)",2,NO INDICATION OF INJURY,0,0,41.9557183531,-87.7178075233,60618,"CHICAGO OHARE INTERNATIONAL AIRPORT, IL US",72.0,63.0,73.0,0.0,10.0,9.0
crash_04170,2022-01-25 20:30:00,2022,1,Jan,Tue,20,Night or early morning,30,UNKNOWN,CLEAR,UNKNOWN,HEAD ON,NOT DIVIDED,UNKNOWN,NO INJURY / DRIVE AWAY,,,"$501 - $1,500","EVASIVE ACTION DUE TO ANIMAL, OBJECT, NONMOTORIST",2,NO INDICATION OF INJURY,0,0,41.8068193307,-87.6553424579,60609,"CHICAGO MIDWAY AIRPORT, IL US",5.0,-9.0,52.0,0.0,10.0,11.0
crash_04171,2021-07-26 21:00:00,2021,7,Jul,Mon,21,Night or early morning,30,STOP SIGN/FLASHER,CLEAR,DARKNESS,ANGLE,NOT DIVIDED,DRY,NO INJURY / DRIVE AWAY,,,"$501 - $1,500",FAILING TO YIELD RIGHT-OF-WAY,2,NO INDICATION OF INJURY,0,0,41.7226409885,-87.5539916123,60617,"CHICAGO MIDWAY AIRPORT, IL US",85.0,61.0,45.0,0.0,10.0,8.0
crash_04172,2021-11-04 12:40:00,2021,11,Nov,Thu,12,Daytime,30,TRAFFIC SIGNAL,CLEAR,DAYLIGHT,REAR END,DIVIDED - W/MEDIAN (NOT RAISED),DRY,NO INJURY / DRIVE AWAY,true,true,"OVER $1,500",FOLLOWING TOO CLOSELY,2,NO INDICATION OF INJURY,0,0,41.7210477089,-87.6820048306,60620,"CHICAGO MIDWAY AIRPORT, IL US",45.0,19.0,35.0,0.0,10.0,7.0
crash_04173,2021-04-09 16:45:00,2021,4,Apr,Fri,16,Evening commute,30,NO CONTROLS,CLEAR,DAYLIGHT,SIDESWIPE SAME DIRECTION,DIVIDED - W/MEDIAN (NOT RAISED),DRY,INJURY AND / OR TOW DUE TO CRASH,,,"OVER $1,500",DRIVING SKILLS/KNOWLEDGE/EXPERIENCE,2,NO INDICATION OF INJURY,0,0,41.7915802043,-87.5855642152,60637,"CHICAGO MIDWAY AIRPORT, IL US",62.0,47.0,58.0,0.0,10.0,17.0
crash_04174,2024-08-31 04:10:00,2024,8,Aug,Sat,4,Night or early morning,25,NO CONTROLS,CLEAR,"DARKNESS, LIGHTED ROAD",SIDESWIPE OPPOSITE DIRECTION,NOT DIVIDED,DRY,NO INJURY / DRIVE AWAY,,true,"OVER $1,500",UNABLE TO DETERMINE,2,NO INDICATION OF INJURY,0,0,41.9093540945,-87.6526699586,60642,"CHICAGO MIDWAY AIRPORT, IL US",67.0,56.0,68.0,0.0,10.0,5.0
crash_04175,2020-09-13 12:00:00,2020,9,Sep,Sun,12,Daytime,20,NO CONTROLS,CLEAR,DAYLIGHT,PARKED MOTOR VEHICLE,ONE-WAY,DRY,INJURY AND / OR TOW DUE TO CRASH,,true,"OVER $1,500",UNABLE TO DETERMINE,3,NO INDICATION OF INJURY,0,0,41.7588942419,-87.6089112434,60619,"CHICAGO MIDWAY AIRPORT, IL US",71.0,54.0,55.0,0.0,10.0,9.0
crash_04176,2024-06-01 00:15:00,2024,6,Jun,Sat,0,Night or early morning,25,NO CONTROLS,CLEAR,"DARKNESS, LIGHTED ROAD",PARKED MOTOR VEHICLE,OTHER,DRY,NO INJURY / DRIVE AWAY,,true,"OVER $1,500",FOLLOWING TOO CLOSELY,2,NO INDICATION OF INJURY,0,0,41.8838969272,-87.648442099,60607,"CHICAGO MIDWAY AIRPORT, IL US",70.0,44.0,39.0,0.0,10.0,6.0
crash_04177,2018-01-05 15:06:00,2018,1,Jan,Fri,15,Evening commute,30,NO CONTROLS,CLEAR,DAYLIGHT,SIDESWIPE SAME DIRECTION,NOT DIVIDED,DRY,NO INJURY / DRIVE AWAY,,,"OVER $1,500",FAILING TO YIELD RIGHT-OF-WAY,2,NO INDICATION OF INJURY,0,0,41.9689253525,-87.7281959482,60630,"CHICAGO OHARE INTERNATIONAL AIRPORT, IL US",11.0,-5.0,48.0,0.0,10.0,13.0
crash_04178,2024-08-18 08:09:00,2024,8,Aug,Sun,8,Morning commute,30,STOP SIGN/FLASHER,CLEAR,DAYLIGHT,ANGLE,FOUR WAY,DRY,INJURY AND / OR TOW DUE TO CRASH,true,,"OVER $1,500",FAILING TO YIELD RIGHT-OF-WAY,2,"REPORTED, NOT EVIDENT",1,0,41.9027417081,-87.728828429,60651,"CHICAGO MIDWAY AIRPORT, IL US",71.0,64.0,79.0,0.0,10.0,15.0
crash_04179,2023-01-25 10:30:00,2023,1,Jan,Wed,10,Daytime,30,TRAFFIC SIGNAL,SNOW,DAYLIGHT,REAR END,FOUR WAY,SNOW OR SLUSH,INJURY AND / OR TOW DUE TO CRASH,,false,"OVER $1,500",UNABLE TO DETERMINE,2,"REPORTED, NOT EVIDENT",1,0,41.8079389654,-87.743304496,60638,"CHICAGO MIDWAY AIRPORT, IL US",34.0,31.0,89.0,0.01,1.25,8.0
crash_04180,2021-12-11 02:00:00,2021,12,Dec,Sat,2,Night or early morning,35,TRAFFIC SIGNAL,CLEAR,"DARKNESS, LIGHTED ROAD",ANGLE,T-INTERSECTION,DRY,INJURY AND / OR TOW DUE TO CRASH,,true,"OVER $1,500",DISREGARDING TRAFFIC SIGNALS,3,NO INDICATION OF INJURY,0,0,41.7946770026,-87.6304878508,60609,"CHICAGO MIDWAY AIRPORT, IL US",58.0,51.0,78.0,0.0,10.0,13.0
crash_04181,2021-08-11 17:45:00,2021,8,Aug,Wed,17,Evening commute,45,NO CONTROLS,CLEAR,DAYLIGHT,FIXED OBJECT,DIVIDED - W/MEDIAN BARRIER,DRY,NO INJURY / DRIVE AWAY,,,"OVER $1,500",EQUIPMENT - VEHICLE CONDITION,1,NO INDICATION OF INJURY,0,0,41.7167815692,-87.5851915328,60628,"CHICAGO MIDWAY AIRPORT, IL US",88.0,71.0,57.0,0.0,10.0,15.0
crash_04182,2022-09-09 00:40:00,2022,9,Sep,Fri,0,Night or early morning,30,NO CONTROLS,CLEAR,"DARKNESS, LIGHTED ROAD",OTHER OBJECT,PARKING LOT,DRY,NO INJURY / DRIVE AWAY,,,$500 OR LESS,UNABLE TO DETERMINE,1,NO INDICATION OF INJURY,0,0,41.8879595082,-87.7454056687,60644,"CHICAGO MIDWAY AIRPORT, IL US",70.0,55.0,59.0,0.0,10.0,6.0
crash_04183,2023-01-10 08:00:00,2023,1,Jan,Tue,8,Morning commute,30,TRAFFIC SIGNAL,CLEAR,DAYLIGHT,SIDESWIPE SAME DIRECTION,FOUR WAY,DRY,NO INJURY / DRIVE AWAY,true,,"OVER $1,500",FAILING TO YIELD RIGHT-OF-WAY,2,NO INDICATION OF INJURY,0,0,41.7939813466,-87.6841417413,60632,"CHICAGO MIDWAY AIRPORT, IL US",36.0,32.0,86.0,0.0,7.0,5.0
crash_04184,2023-04-14 17:00:00,2023,4,Apr,Fri,17,Evening commute,30,TRAFFIC SIGNAL,CLEAR,DAYLIGHT,REAR END,CENTER TURN LANE,DRY,NO INJURY / DRIVE AWAY,,,$500 OR LESS,FOLLOWING TOO CLOSELY,2,NO INDICATION OF INJURY,0,0,41.9759765434,-87.6925050938,60625,"CHICAGO OHARE INTERNATIONAL AIRPORT, IL US",82.0,43.0,25.0,0.0,10.0,9.0