crash_id,crash_datetime,crash_year,crash_month,crash_month_name,crash_weekday_name,crash_hour,time_period,posted_speed_limit_mph,traffic_control_device,reported_weather_condition,reported_lighting_condition,first_crash_type,trafficway_type,reported_road_surface_condition,crash_type,intersection_related,hit_and_run,estimated_damage,primary_contributory_cause,unit_count,most_severe_injury,injuries_total,injuries_fatal,latitude,longitude,zip5,weather_station_name,temperature_f,dew_point_f,relative_humidity_percent,precipitation_inches,visibility_miles,wind_speed_mph
crash_04185,2023-11-19 12:45:00,2023,11,Nov,Sun,12,Daytime,10,NO CONTROLS,CLEAR,DAYLIGHT,ANGLE,PARKING LOT,DRY,NO INJURY / DRIVE AWAY,,,"OVER $1,500",FAILING TO YIELD RIGHT-OF-WAY,2,NO INDICATION OF INJURY,0,0,41.7325901368,-87.6254857747,60620,"CHICAGO MIDWAY AIRPORT, IL US",54.0,35.0,49.0,0.0,10.0,7.0
crash_04186,2020-07-17 16:00:00,2020,7,Jul,Fri,16,Evening commute,30,STOP SIGN/FLASHER,CLEAR,DAYLIGHT,ANGLE,FOUR WAY,UNKNOWN,NO INJURY / DRIVE AWAY,true,true,"$501 - $1,500",UNABLE TO DETERMINE,2,NO INDICATION OF INJURY,0,0,41.9021601997,-87.7718721165,60651,"CHICAGO MIDWAY AIRPORT, IL US",88.0,63.0,43.0,0.0,10.0,9.0
crash_04187,2019-05-12 06:16:00,2019,5,May,Sun,6,Morning commute,30,TRAFFIC SIGNAL,CLOUDY/OVERCAST,DAYLIGHT,ANGLE,FOUR WAY,DRY,INJURY AND / OR TOW DUE TO CRASH,true,,"OVER $1,500",DISREGARDING TRAFFIC SIGNALS,2,NONINCAPACITATING INJURY,4,0,41.9102242986,-87.7070365056,60647,"CHICAGO MIDWAY AIRPORT, IL US",44.0,39.0,83.0,0.0,10.0,8.0
crash_04188,2025-10-03 00:05:00,2025,10,Oct,Fri,0,Night or early morning,30,NO CONTROLS,CLEAR,"DARKNESS, LIGHTED ROAD",FIXED OBJECT,NOT DIVIDED,DRY,INJURY AND / OR TOW DUE TO CRASH,,,"OVER $1,500",UNABLE TO DETERMINE,1,"REPORTED, NOT EVIDENT",1,0,41.8237819257,-87.6296251881,60609,,,,,,,
crash_04189,2018-11-29 16:05:00,2018,11,Nov,Thu,16,Evening commute,30,NO CONTROLS,CLEAR,DUSK,SIDESWIPE SAME DIRECTION,DIVIDED - W/MEDIAN (NOT RAISED),DRY,NO INJURY / DRIVE AWAY,,,"OVER $1,500",IMPROPER LANE USAGE,2,NO INDICATION OF INJURY,0,0,41.800977952,-87.6882125076,60632,"CHICAGO MIDWAY AIRPORT, IL US",36.0,26.0,67.0,0.0,10.0,0.0
crash_04190,2024-11-17 16:15:00,2024,11,Nov,Sun,16,Evening commute,30,TRAFFIC SIGNAL,CLEAR,DUSK,TURNING,NOT DIVIDED,DRY,NO INJURY / DRIVE AWAY,true,,"OVER $1,500",FAILING TO YIELD RIGHT-OF-WAY,2,NO INDICATION OF INJURY,0,0,41.8386678521,-87.6086914423,60616,"CHICAGO MIDWAY AIRPORT, IL US",59.0,48.0,67.0,0.0,10.0,9.0
crash_04191,2024-05-16 11:30:00,2024,5,May,Thu,11,Daytime,30,TRAFFIC SIGNAL,CLEAR,DAYLIGHT,REAR END,NOT DIVIDED,UNKNOWN,NO INJURY / DRIVE AWAY,true,true,$500 OR LESS,UNABLE TO DETERMINE,2,NO INDICATION OF INJURY,0,0,41.7949807541,-87.6014946868,60637,"CHICAGO MIDWAY AIRPORT, IL US",74.0,57.0,56.0,0.0,10.0,9.0
crash_04192,2018-06-07 11:00:00,2018,6,Jun,Thu,11,Daytime,35,TRAFFIC SIGNAL,CLEAR,DAYLIGHT,TURNING,DIVIDED - W/MEDIAN (NOT RAISED),DRY,NO INJURY / DRIVE AWAY,true,,"$501 - $1,500",FAILING TO YIELD RIGHT-OF-WAY,2,NO INDICATION OF INJURY,0,0,41.7760957556,-87.6448909473,60621,"CHICAGO MIDWAY AIRPORT, IL US",76.0,58.0,54.0,0.0,10.0,13.0
crash_04193,2024-09-05 08:15:00,2024,9,Sep,Thu,8,Morning commute,30,NO CONTROLS,CLEAR,DAYLIGHT,REAR END,NOT DIVIDED,DRY,NO INJURY / DRIVE AWAY,,,"$501 - $1,500",UNABLE TO DETERMINE,2,NO INDICATION OF INJURY,0,0,41.9319179614,-87.7071309088,60647,"CHICAGO MIDWAY AIRPORT, IL US",70.0,59.0,68.0,0.0,10.0,7.0
crash_04194,2024-05-16 11:40:00,2024,5,May,Thu,11,Daytime,30,NO CONTROLS,CLEAR,DAYLIGHT,TURNING,ONE-WAY,DRY,NO INJURY / DRIVE AWAY,,,"$501 - $1,500",IMPROPER OVERTAKING/PASSING,2,NO INDICATION OF INJURY,0,0,41.8924902353,-87.6347597788,60654,"CHICAGO MIDWAY AIRPORT, IL US",74.0,57.0,56.0,0.0,10.0,9.0
crash_04195,2025-10-28 15:11:00,2025,10,Oct,Tue,15,Evening commute,30,NO CONTROLS,CLEAR,DAYLIGHT,REAR END,FOUR WAY,DRY,INJURY AND / OR TOW DUE TO CRASH,,,"OVER $1,500",IMPROPER LANE USAGE,3,NO INDICATION OF INJURY,0,0,41.9100655481,-87.701451413,60622,,,,,,,
crash_04196,2020-08-06 15:30:00,2020,8,Aug,Thu,15,Evening commute,30,STOP SIGN/FLASHER,CLEAR,DAYLIGHT,FIXED OBJECT,NOT DIVIDED,DRY,NO INJURY / DRIVE AWAY,true,,$500 OR LESS,DISREGARDING TRAFFIC SIGNALS,1,NO INDICATION OF INJURY,0,0,41.8445149993,-87.6999995531,60623,"CHICAGO MIDWAY AIRPORT, IL US",78.0,52.0,40.0,0.0,10.0,9.0
crash_04197,2024-09-17 12:21:00,2024,9,Sep,Tue,12,Daytime,30,NO CONTROLS,CLEAR,DAYLIGHT,PARKED MOTOR VEHICLE,NOT DIVIDED,DRY,NO INJURY / DRIVE AWAY,,,"OVER $1,500",UNABLE TO DETERMINE,2,NO INDICATION OF INJURY,0,0,41.8131949278,-87.6263367998,60609,"CHICAGO MIDWAY AIRPORT, IL US",82.0,52.0,35.0,0.0,10.0,11.0
crash_04198,2022-06-07 10:30:00,2022,6,Jun,Tue,10,Daytime,30,UNKNOWN,CLEAR,DAYLIGHT,PARKED MOTOR VEHICLE,DIVIDED - W/MEDIAN (NOT RAISED),DRY,NO INJURY / DRIVE AWAY,,true,$500 OR LESS,UNABLE TO DETERMINE,2,NO INDICATION OF INJURY,0,0,41.8833471023,-87.6322661646,60602,"CHICAGO MIDWAY AIRPORT, IL US",58.0,52.0,81.0,,10.0,10.0
crash_04199,2020-01-10 20:21:00,2020,1,Jan,Fri,20,Night or early morning,30,NO CONTROLS,RAIN,"DARKNESS, LIGHTED ROAD",SIDESWIPE SAME DIRECTION,DIVIDED - W/MEDIAN (NOT RAISED),WET,NO INJURY / DRIVE AWAY,,,"OVER $1,500",IMPROPER OVERTAKING/PASSING,2,NO INDICATION OF INJURY,0,0,41.9398477057,-87.6509548088,60657,"CHICAGO MIDWAY AIRPORT, IL US",40.0,39.0,97.0,0.0,1.5,11.0
crash_04200,2023-11-14 08:30:00,2023,11,Nov,Tue,8,Morning commute,30,STOP SIGN/FLASHER,CLEAR,DAYLIGHT,REAR TO SIDE,T-INTERSECTION,DRY,NO INJURY / DRIVE AWAY,true,,"OVER $1,500",UNABLE TO DETERMINE,2,NO INDICATION OF INJURY,0,0,41.8073484143,-87.6245505128,60615,"CHICAGO MIDWAY AIRPORT, IL US",49.0,28.0,44.0,0.0,10.0,7.0
crash_04201,2024-05-29 10:45:00,2024,5,May,Wed,10,Daytime,30,TRAFFIC SIGNAL,CLEAR,DAYLIGHT,TURNING,FOUR WAY,DRY,INJURY AND / OR TOW DUE TO CRASH,true,,"OVER $1,500",FAILING TO YIELD RIGHT-OF-WAY,3,"REPORTED, NOT EVIDENT",2,0,41.9314219127,-87.7467154572,60639,"CHICAGO OHARE INTERNATIONAL AIRPORT, IL US",67.0,52.0,59.0,0.0,10.0,14.0
crash_04202,2018-03-11 05:00:00,2018,3,Mar,Sun,5,Night or early morning,35,STOP SIGN/FLASHER,CLEAR,DAYLIGHT,ANGLE,NOT DIVIDED,DRY,INJURY AND / OR TOW DUE TO CRASH,,true,"OVER $1,500",NOT APPLICABLE,2,NO INDICATION OF INJURY,0,0,41.7334033254,-87.6142994697,60619,"CHICAGO MIDWAY AIRPORT, IL US",32.0,27.0,82.0,0.0,10.0,7.0
crash_04203,2025-05-19 08:20:00,2025,5,May,Mon,8,Morning commute,25,NO CONTROLS,CLOUDY/OVERCAST,DAYLIGHT,TURNING,NOT DIVIDED,DRY,INJURY AND / OR TOW DUE TO CRASH,,,"OVER $1,500","VISION OBSCURED (SIGNS, TREE LIMBS, BUILDINGS, ETC.)",2,NO INDICATION OF INJURY,0,0,41.7459418627,-87.5834317159,60617,"CHICAGO MIDWAY AIRPORT, IL US",46.0,38.0,73.0,0.0,10.0,14.0
crash_04204,2018-05-22 07:06:00,2018,5,May,Tue,7,Morning commute,30,TRAFFIC SIGNAL,CLOUDY/OVERCAST,DAYLIGHT,SIDESWIPE SAME DIRECTION,ONE-WAY,DRY,NO INJURY / DRIVE AWAY,,,$500 OR LESS,IMPROPER LANE USAGE,2,NO INDICATION OF INJURY,0,0,41.7220025851,-87.6252033562,60620,"CHICAGO MIDWAY AIRPORT, IL US",57.0,57.0,100.0,,0.75,0.0
crash_04205,2021-01-01 04:03:00,2021,1,Jan,Fri,4,Night or early morning,30,NO CONTROLS,CLEAR,"DARKNESS, LIGHTED ROAD",REAR END,OTHER,ICE,NO INJURY / DRIVE AWAY,,,$500 OR LESS,UNABLE TO DETERMINE,2,NO INDICATION OF INJURY,0,0,41.7507550765,-87.6294820489,60620,"CHICAGO MIDWAY AIRPORT, IL US",27.0,21.0,78.0,0.0,9.0,7.0
crash_04206,2024-09-02 13:25:00,2024,9,Sep,Mon,13,Daytime,30,UNKNOWN,UNKNOWN,UNKNOWN,SIDESWIPE SAME DIRECTION,NOT DIVIDED,UNKNOWN,NO INJURY / DRIVE AWAY,,,$500 OR LESS,UNABLE TO DETERMINE,2,NO INDICATION OF INJURY,0,0,42.0029223589,-87.6606495291,60626,"CHICAGO OHARE INTERNATIONAL AIRPORT, IL US",75.0,49.0,40.0,0.0,10.0,8.0
crash_04207,2024-06-27 06:00:00,2024,6,Jun,Thu,6,Morning commute,30,UNKNOWN,UNKNOWN,UNKNOWN,PARKED MOTOR VEHICLE,UNKNOWN,UNKNOWN,NO INJURY / DRIVE AWAY,,true,"OVER $1,500",UNABLE TO DETERMINE,2,NO INDICATION OF INJURY,0,0,41.9558175504,-87.6503362287,60613,"CHICAGO MIDWAY AIRPORT, IL US",64.0,54.0,70.0,0.0,10.0,9.0
crash_04208,2018-06-09 09:05:00,2018,6,Jun,Sat,9,Morning commute,30,NO CONTROLS,RAIN,DAYLIGHT,PARKED MOTOR VEHICLE,NOT DIVIDED,WET,NO INJURY / DRIVE AWAY,,true,"$501 - $1,500",UNABLE TO DETERMINE,3,NO INDICATION OF INJURY,0,0,41.8367200177,-87.6329933491,60616,"CHICAGO MIDWAY AIRPORT, IL US",65.0,64.0,97.0,0.07,4.0,3.0
crash_04209,2019-09-02 10:30:00,2019,9,Sep,Mon,10,Daytime,30,NO CONTROLS,CLEAR,DAYLIGHT,TURNING,NOT DIVIDED,DRY,NO INJURY / DRIVE AWAY,,,"OVER $1,500",IMPROPER TURNING/NO SIGNAL,2,NO INDICATION OF INJURY,0,0,41.858775158,-87.7250995851,60623,"CHICAGO MIDWAY AIRPORT, IL US",78.0,64.0,62.0,0.0,10.0,7.0
crash_04210,2023-02-13 14:30:00,2023,2,Feb,Mon,14,Daytime,30,TRAFFIC SIGNAL,UNKNOWN,UNKNOWN,REAR END,NOT DIVIDED,UNKNOWN,NO INJURY / DRIVE AWAY,true,,"OVER $1,500",UNABLE TO DETERMINE,3,NO INDICATION OF INJURY,0,0,41.9463765768,-87.6556804551,60657,"CHICAGO MIDWAY AIRPORT, IL US",52.0,22.0,31.0,0.0,10.0,10.0
crash_04211,2024-05-17 13:30:00,2024,5,May,Fri,13,Daytime,15,NO CONTROLS,CLEAR,DAYLIGHT,PARKED MOTOR VEHICLE,PARKING LOT,DRY,NO INJURY / DRIVE AWAY,,true,"OVER $1,500",UNABLE TO DETERMINE,2,NO INDICATION OF INJURY,0,0,41.9786580304,-87.8463090595,60656,"CHICAGO OHARE INTERNATIONAL AIRPORT, IL US",79.0,49.0,35.0,0.0,10.0,6.0
crash_04212,2019-12-13 16:30:00,2019,12,Dec,Fri,16,Evening commute,30,NO CONTROLS,CLEAR,DAYLIGHT,TURNING,DIVIDED - W/MEDIAN (NOT RAISED),DRY,INJURY AND / OR TOW DUE TO CRASH,true,,"OVER $1,500",FAILING TO YIELD RIGHT-OF-WAY,2,NO INDICATION OF INJURY,0,0,41.7729141494,-87.6238862771,60637,"CHICAGO MIDWAY AIRPORT, IL US",42.0,28.0,58.0,0.0,10.0,6.0
crash_04213,2022-02-13 20:46:00,2022,2,Feb,Sun,20,Night or early morning,30,NO CONTROLS,UNKNOWN,"DARKNESS, LIGHTED ROAD",FIXED OBJECT,NOT DIVIDED,UNKNOWN,NO INJURY / DRIVE AWAY,,,"OVER $1,500",DRIVING SKILLS/KNOWLEDGE/EXPERIENCE,1,NO INDICATION OF INJURY,0,0,41.9234184776,-87.7070310325,60647,"CHICAGO MIDWAY AIRPORT, IL US",16.0,0.0,49.0,0.0,10.0,5.0
crash_04214,2022-12-24 13:45:00,2022,12,Dec,Sat,13,Daytime,30,TRAFFIC SIGNAL,SNOW,DAYLIGHT,REAR END,UNKNOWN INTERSECTION TYPE,SNOW OR SLUSH,INJURY AND / OR TOW DUE TO CRASH,,,"$501 - $1,500",FOLLOWING TOO CLOSELY,2,"REPORTED, NOT EVIDENT",1,0,41.7625267347,-87.566594977,60649,"CHICAGO MIDWAY AIRPORT, IL US",12.0,1.0,61.0,0.0,10.0,23.0
crash_04215,2023-01-27 16:30:00,2023,1,Jan,Fri,16,Evening commute,35,NO CONTROLS,CLOUDY/OVERCAST,DAYLIGHT,SIDESWIPE SAME DIRECTION,DIVIDED - W/MEDIAN (NOT RAISED),UNKNOWN,NO INJURY / DRIVE AWAY,,,"$501 - $1,500",UNABLE TO DETERMINE,2,NO INDICATION OF INJURY,0,0,41.7109434687,-87.5330710334,60617,"CHICAGO MIDWAY AIRPORT, IL US",36.0,30.0,79.0,0.0,8.0,20.0
crash_04216,2025-02-11 14:35:00,2025,2,Feb,Tue,14,Daytime,35,NO CONTROLS,UNKNOWN,UNKNOWN,TURNING,FOUR WAY,UNKNOWN,NO INJURY / DRIVE AWAY,,,"OVER $1,500",UNABLE TO DETERMINE,2,NO INDICATION OF INJURY,0,0,41.8348761286,-87.670101377,60608,"CHICAGO MIDWAY AIRPORT, IL US",25.0,16.0,69.0,0.0,10.0,14.0
crash_04217,2024-09-26 16:20:00,2024,9,Sep,Thu,16,Evening commute,30,TRAFFIC SIGNAL,CLEAR,DAYLIGHT,REAR END,NOT DIVIDED,DRY,INJURY AND / OR TOW DUE TO CRASH,,true,"OVER $1,500",UNABLE TO DETERMINE,3,NONINCAPACITATING INJURY,2,0,41.7658260531,-87.6736789935,60636,"CHICAGO MIDWAY AIRPORT, IL US",75.0,51.0,43.0,0.0,10.0,9.0
crash_04218,2022-05-20 20:35:00,2022,5,May,Fri,20,Night or early morning,35,STOP SIGN/FLASHER,CLEAR,DARKNESS,TURNING,NOT DIVIDED,DRY,INJURY AND / OR TOW DUE TO CRASH,true,,"OVER $1,500",FAILING TO YIELD RIGHT-OF-WAY,2,NONINCAPACITATING INJURY,5,0,41.9232372776,-87.7562582628,60639,"CHICAGO OHARE INTERNATIONAL AIRPORT, IL US",67.0,59.0,76.0,0.0,10.0,9.0
crash_04219,2020-09-23 16:40:00,2020,9,Sep,Wed,16,Evening commute,30,STOP SIGN/FLASHER,CLEAR,DAYLIGHT,ANGLE,NOT DIVIDED,DRY,INJURY AND / OR TOW DUE TO CRASH,true,,"OVER $1,500",UNABLE TO DETERMINE,2,NO INDICATION OF INJURY,0,0,41.8806340554,-87.7429547312,60644,"CHICAGO MIDWAY AIRPORT, IL US",77.0,54.0,45.0,0.0,10.0,11.0
crash_04220,2023-11-05 14:20:00,2023,11,Nov,Sun,14,Daytime,30,NO CONTROLS,CLEAR,DAYLIGHT,REAR END,DIVIDED - W/MEDIAN BARRIER,DRY,NO INJURY / DRIVE AWAY,,,"OVER $1,500",FAILING TO YIELD RIGHT-OF-WAY,2,NO INDICATION OF INJURY,0,0,41.8888476586,-87.6669213186,60642,"CHICAGO MIDWAY AIRPORT, IL US",60.0,38.0,44.0,0.0,10.0,10.0
crash_04221,2024-05-12 12:00:00,2024,5,May,Sun,12,Daytime,30,NO CONTROLS,CLEAR,DAYLIGHT,REAR END,DIVIDED - W/MEDIAN (NOT RAISED),DRY,NO INJURY / DRIVE AWAY,,,"OVER $1,500",UNABLE TO DETERMINE,2,NO INDICATION OF INJURY,0,0,41.9463770942,-87.7356479466,60641,"CHICAGO OHARE INTERNATIONAL AIRPORT, IL US",75.0,45.0,34.0,0.0,10.0,11.0
crash_04222,2019-08-15 15:30:00,2019,8,Aug,Thu,15,Evening commute,10,NO CONTROLS,CLEAR,DAYLIGHT,REAR TO REAR,PARKING LOT,UNKNOWN,NO INJURY / DRIVE AWAY,false,true,"OVER $1,500",UNABLE TO DETERMINE,2,NO INDICATION OF INJURY,0,0,41.837945673,-87.6454598273,60616,"CHICAGO MIDWAY AIRPORT, IL US",76.0,61.0,60.0,0.0,10.0,10.0
crash_04223,2018-06-30 10:49:00,2018,6,Jun,Sat,10,Daytime,30,NO CONTROLS,CLEAR,DAYLIGHT,TURNING,NOT DIVIDED,DRY,INJURY AND / OR TOW DUE TO CRASH,true,,"OVER $1,500",UNABLE TO DETERMINE,2,NO INDICATION OF INJURY,0,0,41.9024225932,-87.6676153284,60622,"CHICAGO MIDWAY AIRPORT, IL US",90.0,76.0,63.0,0.0,10.0,9.0
crash_04224,2020-10-03 12:35:00,2020,10,Oct,Sat,12,Daytime,30,STOP SIGN/FLASHER,CLEAR,DAYLIGHT,SIDESWIPE OPPOSITE DIRECTION,NOT DIVIDED,DRY,INJURY AND / OR TOW DUE TO CRASH,,,"OVER $1,500",UNABLE TO DETERMINE,2,"REPORTED, NOT EVIDENT",1,0,41.9090478343,-87.6386750563,60610,"CHICAGO MIDWAY AIRPORT, IL US",57.0,38.0,49.0,0.0,10.0,6.0
crash_04225,2023-07-29 13:00:00,2023,7,Jul,Sat,13,Daytime,30,TRAFFIC SIGNAL,CLEAR,DAYLIGHT,TURNING,NOT DIVIDED,UNKNOWN,NO INJURY / DRIVE AWAY,true,,"$501 - $1,500",UNABLE TO DETERMINE,2,NO INDICATION OF INJURY,0,0,,,,,,,,,,
crash_04226,2019-04-02 14:49:00,2019,4,Apr,Tue,14,Daytime,35,TRAFFIC SIGNAL,CLEAR,DAYLIGHT,REAR END,NOT DIVIDED,DRY,NO INJURY / DRIVE AWAY,true,,"$501 - $1,500",NOT APPLICABLE,2,NO INDICATION OF INJURY,0,0,41.7063672772,-87.6967576892,60655,"CHICAGO MIDWAY AIRPORT, IL US",51.0,34.0,52.0,0.0,9.0,24.0
crash_04227,2025-02-21 07:49:00,2025,2,Feb,Fri,7,Morning commute,30,TRAFFIC SIGNAL,CLEAR,DAYLIGHT,REAR END,FOUR WAY,DRY,NO INJURY / DRIVE AWAY,,,"OVER $1,500",FAILING TO REDUCE SPEED TO AVOID CRASH,2,NO INDICATION OF INJURY,0,0,41.707886172,-87.5856133654,60628,"CHICAGO MIDWAY AIRPORT, IL US",13.0,6.0,74.0,0.0,10.0,6.0
crash_04228,2023-04-25 09:30:00,2023,4,Apr,Tue,9,Morning commute,30,PEDESTRIAN CROSSING SIGN,RAIN,DAYLIGHT,REAR END,DIVIDED - W/MEDIAN (NOT RAISED),WET,INJURY AND / OR TOW DUE TO CRASH,,,"OVER $1,500",FAILING TO REDUCE SPEED TO AVOID CRASH,2,NO INDICATION OF INJURY,0,0,41.8429959896,-87.6953093057,60623,"CHICAGO MIDWAY AIRPORT, IL US",40.0,36.0,86.0,0.02,9.0,9.0
crash_04229,2022-04-23 11:39:00,2022,4,Apr,Sat,11,Daytime,10,NO CONTROLS,CLEAR,DAYLIGHT,ANGLE,OTHER,DRY,NO INJURY / DRIVE AWAY,,,"OVER $1,500",DISTRACTION - FROM OUTSIDE VEHICLE,2,NO INDICATION OF INJURY,0,0,41.7940299951,-87.6739417076,60609,"CHICAGO MIDWAY AIRPORT, IL US",79.0,59.0,50.0,0.0,10.0,20.0
crash_04230,2019-06-29 12:30:00,2019,6,Jun,Sat,12,Daytime,30,NO CONTROLS,CLEAR,DAYLIGHT,SIDESWIPE SAME DIRECTION,FOUR WAY,DRY,NO INJURY / DRIVE AWAY,true,,"$501 - $1,500",UNABLE TO DETERMINE,2,NO INDICATION OF INJURY,0,0,41.8779467134,-87.6542153774,60607,"CHICAGO MIDWAY AIRPORT, IL US",84.0,67.0,57.0,0.0,10.0,8.0
crash_04231,2021-01-20 07:50:00,2021,1,Jan,Wed,7,Morning commute,10,NO CONTROLS,CLEAR,DAYLIGHT,PARKED MOTOR VEHICLE,NOT DIVIDED,SNOW OR SLUSH,NO INJURY / DRIVE AWAY,,,"$501 - $1,500",UNABLE TO DETERMINE,2,NO INDICATION OF INJURY,0,0,42.0121870432,-87.8198383724,60631,"CHICAGO OHARE INTERNATIONAL AIRPORT, IL US",13.0,8.0,81.0,0.0,10.0,8.0
crash_04232,2023-03-11 21:30:00,2023,3,Mar,Sat,21,Night or early morning,30,STOP SIGN/FLASHER,RAIN,"DARKNESS, LIGHTED ROAD",ANGLE,DIVIDED - W/MEDIAN (NOT RAISED),WET,NO INJURY / DRIVE AWAY,true,,"OVER $1,500",FAILING TO YIELD RIGHT-OF-WAY,2,NO INDICATION OF INJURY,0,0,41.9978590363,-87.6887269145,60645,"CHICAGO OHARE INTERNATIONAL AIRPORT, IL US",34.0,30.0,85.0,0.03,2.5,8.0
crash_04233,2021-09-12 11:30:00,2021,9,Sep,Sun,11,Daytime,30,TRAFFIC SIGNAL,CLEAR,DAYLIGHT,REAR END,DIVIDED - W/MEDIAN (NOT RAISED),DRY,NO INJURY / DRIVE AWAY,,,$500 OR LESS,UNABLE TO DETERMINE,2,NO INDICATION OF INJURY,0,0,41.9676302105,-87.84639924,,"CHICAGO OHARE INTERNATIONAL AIRPORT, IL US",82.0,65.0,56.0,0.0,10.0,10.0
crash_04234,2021-03-20 20:20:00,2021,3,Mar,Sat,20,Night or early morning,30,NO CONTROLS,CLEAR,"DARKNESS, LIGHTED ROAD",SIDESWIPE SAME DIRECTION,DIVIDED - W/MEDIAN (NOT RAISED),DRY,NO INJURY / DRIVE AWAY,,true,"$501 - $1,500","OPERATING VEHICLE IN ERRATIC, RECKLESS, CARELESS, NEGLIGENT OR AGGRESSIVE MANNER",2,NO INDICATION OF INJURY,0,0,41.7494123812,-87.6635631108,60620,"CHICAGO MIDWAY AIRPORT, IL US",50.0,25.0,38.0,0.0,10.0,8.0
crash_04235,2019-12-11 12:00:00,2019,12,Dec,Wed,12,Daytime,30,STOP SIGN/FLASHER,CLEAR,DAYLIGHT,REAR END,DIVIDED - W/MEDIAN (NOT RAISED),DRY,NO INJURY / DRIVE AWAY,true,,"$501 - $1,500",FOLLOWING TOO CLOSELY,2,NO INDICATION OF INJURY,0,0,41.6979876725,-87.6210173645,60628,"CHICAGO MIDWAY AIRPORT, IL US",22.0,12.0,66.0,0.0,10.0,10.0
crash_04236,2024-05-04 14:00:00,2024,5,May,Sat,14,Daytime,30,TRAFFIC SIGNAL,CLEAR,DAYLIGHT,REAR END,NOT DIVIDED,UNKNOWN,NO INJURY / DRIVE AWAY,,true,"$501 - $1,500",UNABLE TO DETERMINE,2,NO INDICATION OF INJURY,0,0,41.9234466603,-87.6776806034,60614,"CHICAGO MIDWAY AIRPORT, IL US",79.0,59.0,50.0,0.0,10.0,11.0
crash_04237,2019-10-29 15:30:00,2019,10,Oct,Tue,15,Evening commute,30,NO CONTROLS,CLEAR,DAYLIGHT,REAR END,DIVIDED - W/MEDIAN (NOT RAISED),DRY,NO INJURY / DRIVE AWAY,,,"$501 - $1,500",FOLLOWING TOO CLOSELY,2,NO INDICATION OF INJURY,0,0,41.7929108835,-87.742077343,60638,"CHICAGO MIDWAY AIRPORT, IL US",42.0,33.0,71.0,0.0,10.0,8.0
crash_04238,2019-03-11 16:40:00,2019,3,Mar,Mon,16,Evening commute,35,TRAFFIC SIGNAL,CLEAR,DAYLIGHT,SIDESWIPE SAME DIRECTION,NOT DIVIDED,DRY,INJURY AND / OR TOW DUE TO CRASH,true,,"OVER $1,500",IMPROPER OVERTAKING/PASSING,2,NONINCAPACITATING INJURY,1,0,41.8661408676,-87.7350895601,60624,"CHICAGO MIDWAY AIRPORT, IL US",42.0,20.0,41.0,0.0,10.0,13.0
crash_04239,2019-05-29 00:05:00,2019,5,May,Wed,0,Night or early morning,15,OTHER REG. SIGN,RAIN,"DARKNESS, LIGHTED ROAD",FIXED OBJECT,ROUNDABOUT,WET,INJURY AND / OR TOW DUE TO CRASH,true,,"OVER $1,500",CELL PHONE USE OTHER THAN TEXTING,1,NO INDICATION OF INJURY,0,0,41.9440768558,-87.774120144,60634,"CHICAGO OHARE INTERNATIONAL AIRPORT, IL US",53.0,52.0,96.0,0.03,4.0,7.0
crash_04240,2019-07-18 09:46:00,2019,7,Jul,Thu,9,Morning commute,30,OTHER,RAIN,DAYLIGHT,ANGLE,FOUR WAY,WET,INJURY AND / OR TOW DUE TO CRASH,true,,"$501 - $1,500",FAILING TO YIELD RIGHT-OF-WAY,2,NO INDICATION OF INJURY,0,0,41.6972221331,-87.5402282829,60617,"CHICAGO MIDWAY AIRPORT, IL US",73.0,73.0,100.0,0.48,3.0,5.0
crash_04241,2023-09-30 10:20:00,2023,9,Sep,Sat,10,Daytime,30,UNKNOWN,UNKNOWN,UNKNOWN,PARKED MOTOR VEHICLE,NOT DIVIDED,UNKNOWN,NO INJURY / DRIVE AWAY,,true,"$501 - $1,500",UNABLE TO DETERMINE,2,NO INDICATION OF INJURY,0,0,41.7632450893,-87.6462238111,60621,"CHICAGO MIDWAY AIRPORT, IL US",70.0,59.0,68.0,0.0,10.0,7.0
crash_04242,2023-08-15 19:00:00,2023,8,Aug,Tue,19,Night or early morning,30,NO CONTROLS,UNKNOWN,"DARKNESS, LIGHTED ROAD",PARKED MOTOR VEHICLE,ONE-WAY,UNKNOWN,NO INJURY / DRIVE AWAY,,true,"OVER $1,500",UNABLE TO DETERMINE,2,NO INDICATION OF INJURY,0,0,41.7655101281,-87.6117761664,60619,"CHICAGO MIDWAY AIRPORT, IL US",74.0,53.0,48.0,0.0,10.0,7.0
crash_04243,2021-06-20 05:00:00,2021,6,Jun,Sun,5,Night or early morning,30,NO CONTROLS,CLEAR,UNKNOWN,PARKED MOTOR VEHICLE,ONE-WAY,DRY,NO INJURY / DRIVE AWAY,,true,"$501 - $1,500",UNABLE TO DETERMINE,2,NO INDICATION OF INJURY,0,0,41.9255926112,-87.7229868645,60647,"CHICAGO MIDWAY AIRPORT, IL US",68.0,59.0,73.0,0.0,10.0,5.0
crash_04244,2018-06-17 15:38:00,2018,6,Jun,Sun,15,Evening commute,30,TRAFFIC SIGNAL,CLEAR,DAYLIGHT,ANGLE,DIVIDED - W/MEDIAN (NOT RAISED),DRY,INJURY AND / OR TOW DUE TO CRASH,true,,"OVER $1,500",DISREGARDING TRAFFIC SIGNALS,2,NO INDICATION OF INJURY,0,0,41.8303903161,-87.6850999234,60608,"CHICAGO MIDWAY AIRPORT, IL US",94.0,71.0,48.0,0.0,10.0,17.0