crash_id,crash_datetime,crash_year,crash_month,crash_month_name,crash_weekday_name,crash_hour,time_period,posted_speed_limit_mph,traffic_control_device,reported_weather_condition,reported_lighting_condition,first_crash_type,trafficway_type,reported_road_surface_condition,crash_type,intersection_related,hit_and_run,estimated_damage,primary_contributory_cause,unit_count,most_severe_injury,injuries_total,injuries_fatal,latitude,longitude,zip5,weather_station_name,temperature_f,dew_point_f,relative_humidity_percent,precipitation_inches,visibility_miles,wind_speed_mph
crash_04245,2019-01-16 17:00:00,2019,1,Jan,Wed,17,Evening commute,10,NO CONTROLS,CLEAR,DARKNESS,PARKED MOTOR VEHICLE,PARKING LOT,SNOW OR SLUSH,NO INJURY / DRIVE AWAY,,true,"$501 - $1,500",UNABLE TO DETERMINE,2,NO INDICATION OF INJURY,0,0,41.809657473,-87.6037522889,60653,"CHICAGO MIDWAY AIRPORT, IL US",31.0,22.0,69.0,0.0,10.0,15.0
crash_04246,2022-05-30 08:04:00,2022,5,May,Mon,8,Morning commute,30,NO CONTROLS,CLEAR,DAYLIGHT,PARKED MOTOR VEHICLE,PARKING LOT,DRY,NO INJURY / DRIVE AWAY,,true,"OVER $1,500",UNABLE TO DETERMINE,2,NO INDICATION OF INJURY,0,0,41.9512988491,-87.6501116915,60613,"CHICAGO MIDWAY AIRPORT, IL US",75.0,59.0,58.0,0.0,10.0,17.0
crash_04247,2024-08-22 07:42:00,2024,8,Aug,Thu,7,Morning commute,30,TRAFFIC SIGNAL,CLEAR,DAYLIGHT,TURNING,NOT DIVIDED,DRY,NO INJURY / DRIVE AWAY,true,true,"OVER $1,500",FAILING TO YIELD RIGHT-OF-WAY,2,NO INDICATION OF INJURY,0,0,41.9024432983,-87.7338044889,60651,"CHICAGO MIDWAY AIRPORT, IL US",63.0,53.0,70.0,0.0,10.0,0.0
crash_04248,2023-09-05 15:00:00,2023,9,Sep,Tue,15,Evening commute,20,NO CONTROLS,CLEAR,DAYLIGHT,ANGLE,ONE-WAY,DRY,INJURY AND / OR TOW DUE TO CRASH,,,"OVER $1,500",UNABLE TO DETERMINE,2,"REPORTED, NOT EVIDENT",1,0,41.9697612284,-87.6957497368,60625,"CHICAGO OHARE INTERNATIONAL AIRPORT, IL US",90.0,65.0,44.0,0.0,10.0,17.0
crash_04249,2021-01-15 14:20:00,2021,1,Jan,Fri,14,Daytime,30,NO CONTROLS,CLEAR,DAYLIGHT,PARKED MOTOR VEHICLE,NOT DIVIDED,DRY,INJURY AND / OR TOW DUE TO CRASH,,,"OVER $1,500",IMPROPER BACKING,2,NO INDICATION OF INJURY,0,0,41.9390425233,-87.7224987441,60618,"CHICAGO MIDWAY AIRPORT, IL US",37.0,26.0,65.0,0.0,10.0,7.0
crash_04250,2018-12-09 06:52:00,2018,12,Dec,Sun,6,Morning commute,30,TRAFFIC SIGNAL,CLEAR,DAWN,REAR END,NOT DIVIDED,UNKNOWN,INJURY AND / OR TOW DUE TO CRASH,,,"OVER $1,500",UNABLE TO DETERMINE,3,"REPORTED, NOT EVIDENT",2,0,41.8075334573,-87.7430034212,60632,"CHICAGO MIDWAY AIRPORT, IL US",20.0,15.0,81.0,0.0,7.0,3.0
crash_04251,2021-04-12 16:32:00,2021,4,Apr,Mon,16,Evening commute,30,NO CONTROLS,CLEAR,DAYLIGHT,FIXED OBJECT,NOT DIVIDED,DRY,NO INJURY / DRIVE AWAY,,true,"OVER $1,500",UNABLE TO DETERMINE,1,NO INDICATION OF INJURY,0,0,41.8735195094,-87.7493098362,60644,"CHICAGO MIDWAY AIRPORT, IL US",61.0,37.0,41.0,0.0,10.0,18.0
crash_04252,2018-09-07 22:20:00,2018,9,Sep,Fri,22,Night or early morning,20,NO CONTROLS,CLEAR,"DARKNESS, LIGHTED ROAD",PARKED MOTOR VEHICLE,ONE-WAY,DRY,NO INJURY / DRIVE AWAY,,true,"OVER $1,500",IMPROPER OVERTAKING/PASSING,2,NO INDICATION OF INJURY,0,0,41.9480066728,-87.7003684871,60618,"CHICAGO MIDWAY AIRPORT, IL US",67.0,54.0,63.0,0.0,10.0,17.0
crash_04253,2020-08-07 17:30:00,2020,8,Aug,Fri,17,Evening commute,30,TRAFFIC SIGNAL,CLEAR,DAYLIGHT,REAR END,NOT DIVIDED,DRY,NO INJURY / DRIVE AWAY,,,$500 OR LESS,UNABLE TO DETERMINE,2,NO INDICATION OF INJURY,0,0,41.7799503795,-87.6391233983,60621,"CHICAGO MIDWAY AIRPORT, IL US",82.0,55.0,40.0,0.0,10.0,7.0
crash_04254,2019-06-30 13:43:00,2019,6,Jun,Sun,13,Daytime,30,NO CONTROLS,CLEAR,DAYLIGHT,TURNING,DIVIDED - W/MEDIAN (NOT RAISED),DRY,INJURY AND / OR TOW DUE TO CRASH,true,,"OVER $1,500",IMPROPER TURNING/NO SIGNAL,2,NONINCAPACITATING INJURY,2,0,41.8166952265,-87.6198755171,60653,"CHICAGO MIDWAY AIRPORT, IL US",86.0,68.0,55.0,0.0,10.0,14.0
crash_04255,2020-09-12 19:55:00,2020,9,Sep,Sat,19,Night or early morning,30,STOP SIGN/FLASHER,CLEAR,"DARKNESS, LIGHTED ROAD",PEDESTRIAN,DIVIDED - W/MEDIAN (NOT RAISED),DRY,INJURY AND / OR TOW DUE TO CRASH,true,,$500 OR LESS,DISTRACTION - FROM INSIDE VEHICLE,2,NONINCAPACITATING INJURY,1,0,41.9074726501,-87.7659913978,60651,"CHICAGO MIDWAY AIRPORT, IL US",70.0,64.0,82.0,0.0,10.0,9.0
crash_04256,2023-06-23 16:15:00,2023,6,Jun,Fri,16,Evening commute,30,NO CONTROLS,CLEAR,DAYLIGHT,REAR END,DIVIDED - W/MEDIAN (NOT RAISED),DRY,INJURY AND / OR TOW DUE TO CRASH,,,"OVER $1,500",UNABLE TO DETERMINE,2,NO INDICATION OF INJURY,0,0,41.9526373355,-87.8012920733,60634,"CHICAGO OHARE INTERNATIONAL AIRPORT, IL US",84.0,56.0,38.0,0.0,10.0,11.0
crash_04257,2022-05-14 21:30:00,2022,5,May,Sat,21,Night or early morning,30,TRAFFIC SIGNAL,CLEAR,"DARKNESS, LIGHTED ROAD",SIDESWIPE OPPOSITE DIRECTION,NOT DIVIDED,DRY,NO INJURY / DRIVE AWAY,,true,"OVER $1,500",IMPROPER OVERTAKING/PASSING,2,NO INDICATION OF INJURY,0,0,41.8823494369,-87.7653409209,60644,"CHICAGO MIDWAY AIRPORT, IL US",74.0,54.0,50.0,0.0,10.0,0.0
crash_04258,2021-03-05 16:32:00,2021,3,Mar,Fri,16,Evening commute,30,OTHER,CLEAR,DAYLIGHT,REAR END,FOUR WAY,DRY,INJURY AND / OR TOW DUE TO CRASH,true,,"OVER $1,500",FOLLOWING TOO CLOSELY,2,NO INDICATION OF INJURY,0,0,41.9303803362,-87.7026234049,60647,"CHICAGO MIDWAY AIRPORT, IL US",44.0,20.0,38.0,0.0,10.0,10.0
crash_04259,2018-04-20 16:20:00,2018,4,Apr,Fri,16,Evening commute,30,NO CONTROLS,CLEAR,DAYLIGHT,PARKED MOTOR VEHICLE,NOT DIVIDED,DRY,NO INJURY / DRIVE AWAY,,true,$500 OR LESS,UNABLE TO DETERMINE,2,NO INDICATION OF INJURY,0,0,41.8526076083,-87.6531999305,60608,"CHICAGO MIDWAY AIRPORT, IL US",58.0,14.0,18.0,0.0,10.0,14.0
crash_04260,2025-01-19 15:40:00,2025,1,Jan,Sun,15,Evening commute,45,OTHER,CLEAR,DAYLIGHT,REAR END,OTHER,DRY,INJURY AND / OR TOW DUE TO CRASH,,,"OVER $1,500",FOLLOWING TOO CLOSELY,2,"REPORTED, NOT EVIDENT",1,0,,,,,,,,,,
crash_04261,2023-11-06 11:48:00,2023,11,Nov,Mon,11,Daytime,30,STOP SIGN/FLASHER,CLEAR,DAYLIGHT,PEDALCYCLIST,FOUR WAY,DRY,INJURY AND / OR TOW DUE TO CRASH,true,,"OVER $1,500",FAILING TO YIELD RIGHT-OF-WAY,2,NONINCAPACITATING INJURY,1,0,41.88673056,-87.6244239173,60601,"CHICAGO MIDWAY AIRPORT, IL US",67.0,54.0,63.0,0.0,10.0,18.0
crash_04262,2025-05-20 09:10:00,2025,5,May,Tue,9,Morning commute,30,NO CONTROLS,CLEAR,DAYLIGHT,TURNING,NOT DIVIDED,WET,NO INJURY / DRIVE AWAY,,,"$501 - $1,500",UNABLE TO DETERMINE,2,NO INDICATION OF INJURY,0,0,41.9397901861,-87.7126666631,60618,"CHICAGO MIDWAY AIRPORT, IL US",53.0,48.0,83.0,0.0,10.0,10.0
crash_04263,2023-10-22 01:36:00,2023,10,Oct,Sun,1,Night or early morning,30,STOP SIGN/FLASHER,CLEAR,"DARKNESS, LIGHTED ROAD",TURNING,FOUR WAY,WET,NO INJURY / DRIVE AWAY,true,true,"OVER $1,500",FAILING TO YIELD RIGHT-OF-WAY,2,NO INDICATION OF INJURY,0,0,41.8097251024,-87.5991457895,60653,"CHICAGO MIDWAY AIRPORT, IL US",47.0,40.0,77.0,0.0,10.0,14.0
crash_04264,2022-01-14 18:50:00,2022,1,Jan,Fri,18,Evening commute,30,STOP SIGN/FLASHER,CLEAR,DAYLIGHT,ANIMAL,DIVIDED - W/MEDIAN (NOT RAISED),DRY,NO INJURY / DRIVE AWAY,,true,"OVER $1,500",IMPROPER TURNING/NO SIGNAL,1,NO INDICATION OF INJURY,0,0,41.8267755732,-87.6680094151,60609,"CHICAGO MIDWAY AIRPORT, IL US",32.0,25.0,75.0,0.0,9.0,18.0
crash_04265,2019-08-22 11:45:00,2019,8,Aug,Thu,11,Daytime,30,NO CONTROLS,CLEAR,DAYLIGHT,REAR TO FRONT,NOT DIVIDED,DRY,NO INJURY / DRIVE AWAY,,,"OVER $1,500",UNABLE TO DETERMINE,2,NO INDICATION OF INJURY,0,0,41.8833865771,-87.6533916472,60607,"CHICAGO MIDWAY AIRPORT, IL US",78.0,60.0,54.0,0.0,10.0,14.0
crash_04266,2021-07-11 00:38:00,2021,7,Jul,Sun,0,Night or early morning,25,UNKNOWN,UNKNOWN,UNKNOWN,SIDESWIPE SAME DIRECTION,NOT DIVIDED,UNKNOWN,NO INJURY / DRIVE AWAY,,,"$501 - $1,500",UNABLE TO DETERMINE,2,NO INDICATION OF INJURY,0,0,41.8904019174,-87.6326998984,60654,"CHICAGO MIDWAY AIRPORT, IL US",70.0,63.0,79.0,0.0,10.0,15.0
crash_04267,2025-12-16 08:20:00,2025,12,Dec,Tue,8,Morning commute,30,TRAFFIC SIGNAL,CLEAR,DAYLIGHT,TURNING,DIVIDED - W/MEDIAN (NOT RAISED),DRY,INJURY AND / OR TOW DUE TO CRASH,true,,"OVER $1,500",FAILING TO YIELD RIGHT-OF-WAY,2,NO INDICATION OF INJURY,0,0,41.7787172372,-87.7269092479,60629,,,,,,,
crash_04268,2018-05-30 13:00:00,2018,5,May,Wed,13,Daytime,30,TRAFFIC SIGNAL,CLEAR,DAYLIGHT,TURNING,NOT DIVIDED,DRY,NO INJURY / DRIVE AWAY,true,,"$501 - $1,500",IMPROPER TURNING/NO SIGNAL,2,NO INDICATION OF INJURY,0,0,41.9112496561,-87.6333002484,60614,"CHICAGO MIDWAY AIRPORT, IL US",86.0,69.0,57.0,0.0,10.0,9.0
crash_04269,2020-06-10 11:00:00,2020,6,Jun,Wed,11,Daytime,30,TRAFFIC SIGNAL,CLEAR,DAYLIGHT,TURNING,NOT DIVIDED,DRY,NO INJURY / DRIVE AWAY,true,true,"OVER $1,500",UNABLE TO DETERMINE,2,NO INDICATION OF INJURY,0,0,41.8167293867,-87.7435367125,60638,"CHICAGO MIDWAY AIRPORT, IL US",78.0,70.0,76.0,0.0,10.0,14.0
crash_04270,2018-02-03 21:46:00,2018,2,Feb,Sat,21,Night or early morning,30,NO CONTROLS,SNOW,"DARKNESS, LIGHTED ROAD",FIXED OBJECT,DIVIDED - W/MEDIAN (NOT RAISED),SNOW OR SLUSH,NO INJURY / DRIVE AWAY,,true,"OVER $1,500",UNABLE TO DETERMINE,1,NO INDICATION OF INJURY,0,0,41.8424315908,-87.6560584898,60608,"CHICAGO MIDWAY AIRPORT, IL US",31.0,29.0,92.0,0.01,4.0,11.0
crash_04271,2018-07-07 13:40:00,2018,7,Jul,Sat,13,Daytime,30,TRAFFIC SIGNAL,CLEAR,DAYLIGHT,SIDESWIPE SAME DIRECTION,DIVIDED - W/MEDIAN (NOT RAISED),DRY,NO INJURY / DRIVE AWAY,true,,$500 OR LESS,IMPROPER OVERTAKING/PASSING,2,NO INDICATION OF INJURY,0,0,41.7505495594,-87.6441883678,60620,"CHICAGO MIDWAY AIRPORT, IL US",80.0,46.0,30.0,0.0,10.0,9.0
crash_04272,2021-12-31 22:00:00,2021,12,Dec,Fri,22,Night or early morning,35,NO CONTROLS,CLEAR,"DARKNESS, LIGHTED ROAD",SIDESWIPE SAME DIRECTION,NOT DIVIDED,DRY,NO INJURY / DRIVE AWAY,,,"$501 - $1,500",DRIVING SKILLS/KNOWLEDGE/EXPERIENCE,2,NO INDICATION OF INJURY,0,0,41.7124749007,-87.619960826,60628,"CHICAGO MIDWAY AIRPORT, IL US",43.0,39.0,86.0,,4.0,10.0
crash_04273,2021-08-22 17:00:00,2021,8,Aug,Sun,17,Evening commute,30,NO CONTROLS,CLEAR,DAYLIGHT,SIDESWIPE SAME DIRECTION,DIVIDED - W/MEDIAN BARRIER,DRY,NO INJURY / DRIVE AWAY,,true,"$501 - $1,500",NOT APPLICABLE,2,NO INDICATION OF INJURY,0,0,41.7732928959,-87.5864423683,60637,"CHICAGO MIDWAY AIRPORT, IL US",79.0,64.0,60.0,0.0,10.0,11.0
crash_04274,2019-02-02 02:44:00,2019,2,Feb,Sat,2,Night or early morning,30,NO CONTROLS,CLEAR,"DARKNESS, LIGHTED ROAD",TURNING,NOT DIVIDED,WET,INJURY AND / OR TOW DUE TO CRASH,,,"OVER $1,500",UNABLE TO DETERMINE,2,NO INDICATION OF INJURY,0,0,41.7902536445,-87.7036100691,60629,"CHICAGO MIDWAY AIRPORT, IL US",17.0,14.0,88.0,0.0,7.0,9.0
crash_04275,2023-11-14 16:15:00,2023,11,Nov,Tue,16,Evening commute,30,NO CONTROLS,CLEAR,DUSK,FIXED OBJECT,DIVIDED - W/MEDIAN BARRIER,DRY,INJURY AND / OR TOW DUE TO CRASH,,,"OVER $1,500",UNABLE TO DETERMINE,1,NO INDICATION OF INJURY,0,0,41.7569721986,-87.5952068766,60619,"CHICAGO MIDWAY AIRPORT, IL US",62.0,22.0,21.0,0.0,10.0,10.0
crash_04276,2025-08-29 17:25:00,2025,8,Aug,Fri,17,Evening commute,25,NO CONTROLS,CLEAR,DAYLIGHT,PARKED MOTOR VEHICLE,PARKING LOT,DRY,NO INJURY / DRIVE AWAY,,true,"OVER $1,500",NOT APPLICABLE,2,NO INDICATION OF INJURY,0,0,41.9511747216,-87.6580752693,60613,,,,,,,
crash_04277,2021-07-24 13:30:00,2021,7,Jul,Sat,13,Daytime,40,DELINEATORS,CLEAR,DAYLIGHT,FIXED OBJECT,DIVIDED - W/MEDIAN BARRIER,DRY,INJURY AND / OR TOW DUE TO CRASH,,,"OVER $1,500",NOT APPLICABLE,2,NO INDICATION OF INJURY,0,0,41.8347388985,-87.6075599005,60616,"CHICAGO MIDWAY AIRPORT, IL US",92.0,70.0,49.0,0.0,10.0,16.0
crash_04278,2020-08-01 10:00:00,2020,8,Aug,Sat,10,Daytime,25,NO CONTROLS,CLEAR,DAYLIGHT,PARKED MOTOR VEHICLE,NOT DIVIDED,DRY,NO INJURY / DRIVE AWAY,,,"OVER $1,500",FAILING TO YIELD RIGHT-OF-WAY,2,NO INDICATION OF INJURY,0,0,41.7934645932,-87.6756471685,60636,"CHICAGO MIDWAY AIRPORT, IL US",74.0,61.0,64.0,0.0,10.0,3.0
crash_04279,2022-08-25 14:34:00,2022,8,Aug,Thu,14,Daytime,30,TRAFFIC SIGNAL,CLEAR,DAYLIGHT,TURNING,FOUR WAY,DRY,INJURY AND / OR TOW DUE TO CRASH,true,,"OVER $1,500",UNABLE TO DETERMINE,2,INCAPACITATING INJURY,1,0,41.990153594,-87.7187981986,60659,"CHICAGO OHARE INTERNATIONAL AIRPORT, IL US",75.0,68.0,78.0,,10.0,8.0
crash_04280,2025-03-05 07:50:00,2025,3,Mar,Wed,7,Morning commute,30,STOP SIGN/FLASHER,CLEAR,DAYLIGHT,ANGLE,NOT DIVIDED,DRY,NO INJURY / DRIVE AWAY,,true,"OVER $1,500",DRIVING SKILLS/KNOWLEDGE/EXPERIENCE,2,NO INDICATION OF INJURY,0,0,41.7044940549,-87.5621876209,60617,"CHICAGO MIDWAY AIRPORT, IL US",50.0,46.0,86.0,0.0,10.0,14.0
crash_04281,2019-07-02 19:45:00,2019,7,Jul,Tue,19,Night or early morning,30,NO CONTROLS,CLEAR,DAYLIGHT,TURNING,NOT DIVIDED,DRY,NO INJURY / DRIVE AWAY,,,"$501 - $1,500",FAILING TO YIELD RIGHT-OF-WAY,2,NO INDICATION OF INJURY,0,0,41.9242690761,-87.7367115483,60639,"CHICAGO MIDWAY AIRPORT, IL US",75.0,72.0,89.0,0.06,1.75,16.0
crash_04282,2022-11-16 18:50:00,2022,11,Nov,Wed,18,Evening commute,25,NO CONTROLS,FREEZING RAIN/DRIZZLE,"DARKNESS, LIGHTED ROAD",SIDESWIPE SAME DIRECTION,NOT DIVIDED,WET,INJURY AND / OR TOW DUE TO CRASH,,,"OVER $1,500",IMPROPER OVERTAKING/PASSING,2,INCAPACITATING INJURY,1,0,41.9383077637,-87.7785201208,60634,"CHICAGO OHARE INTERNATIONAL AIRPORT, IL US",34.0,27.0,75.0,0.0,10.0,10.0
crash_04283,2024-01-04 18:00:00,2024,1,Jan,Thu,18,Evening commute,25,TRAFFIC SIGNAL,UNKNOWN,UNKNOWN,REAR END,DIVIDED - W/MEDIAN (NOT RAISED),UNKNOWN,NO INJURY / DRIVE AWAY,true,,"OVER $1,500",UNABLE TO DETERMINE,2,NO INDICATION OF INJURY,0,0,41.9616790904,-87.6694091294,60640,"CHICAGO MIDWAY AIRPORT, IL US",32.0,20.0,61.0,0.0,10.0,5.0
crash_04284,2021-09-02 14:30:00,2021,9,Sep,Thu,14,Daytime,15,NO CONTROLS,CLEAR,DAYLIGHT,FIXED OBJECT,ALLEY,DRY,NO INJURY / DRIVE AWAY,,,"OVER $1,500",FAILING TO REDUCE SPEED TO AVOID CRASH,1,NO INDICATION OF INJURY,0,0,42.0125695072,-87.6874066054,60645,"CHICAGO OHARE INTERNATIONAL AIRPORT, IL US",77.0,54.0,45.0,0.0,10.0,9.0
crash_04285,2022-09-14 10:26:00,2022,9,Sep,Wed,10,Daytime,30,TRAFFIC SIGNAL,CLEAR,DAYLIGHT,ANGLE,NOT DIVIDED,DRY,NO INJURY / DRIVE AWAY,true,,"$501 - $1,500",UNABLE TO DETERMINE,2,NO INDICATION OF INJURY,0,0,41.9754497622,-87.7480592861,60630,"CHICAGO OHARE INTERNATIONAL AIRPORT, IL US",73.0,57.0,57.0,0.0,10.0,0.0
crash_04286,2018-09-26 12:10:00,2018,9,Sep,Wed,12,Daytime,30,NO CONTROLS,CLEAR,DAYLIGHT,SIDESWIPE SAME DIRECTION,NOT DIVIDED,DRY,NO INJURY / DRIVE AWAY,,,"OVER $1,500",FAILING TO YIELD RIGHT-OF-WAY,2,NO INDICATION OF INJURY,0,0,41.917987354,-87.6704506995,60614,"CHICAGO MIDWAY AIRPORT, IL US",62.0,41.0,46.0,0.0,10.0,10.0
crash_04287,2022-10-14 20:24:00,2022,10,Oct,Fri,20,Night or early morning,30,TRAFFIC SIGNAL,RAIN,"DARKNESS, LIGHTED ROAD",TURNING,FOUR WAY,WET,INJURY AND / OR TOW DUE TO CRASH,true,,"OVER $1,500",UNABLE TO DETERMINE,2,NONINCAPACITATING INJURY,1,0,41.9250099348,-87.6877047522,60647,"CHICAGO MIDWAY AIRPORT, IL US",48.0,41.0,77.0,0.07,9.0,6.0
crash_04288,2024-11-11 17:24:00,2024,11,Nov,Mon,17,Evening commute,30,NO CONTROLS,CLEAR,DAYLIGHT,SIDESWIPE SAME DIRECTION,NOT DIVIDED,DRY,NO INJURY / DRIVE AWAY,,,"OVER $1,500",NOT APPLICABLE,2,NO INDICATION OF INJURY,0,0,41.8801722279,-87.7622507092,60644,"CHICAGO MIDWAY AIRPORT, IL US",48.0,29.0,48.0,0.0,10.0,16.0
crash_04289,2018-10-20 16:50:00,2018,10,Oct,Sat,16,Evening commute,20,NO CONTROLS,CLEAR,DAYLIGHT,PARKED MOTOR VEHICLE,PARKING LOT,DRY,NO INJURY / DRIVE AWAY,,true,"OVER $1,500",UNABLE TO DETERMINE,2,NO INDICATION OF INJURY,0,0,41.9151582604,-87.7644691324,60639,"CHICAGO MIDWAY AIRPORT, IL US",40.0,25.0,55.0,0.0,10.0,24.0
crash_04290,2019-09-05 14:26:00,2019,9,Sep,Thu,14,Daytime,30,TRAFFIC SIGNAL,CLEAR,DAYLIGHT,REAR END,DIVIDED - W/MEDIAN (NOT RAISED),DRY,INJURY AND / OR TOW DUE TO CRASH,true,,"OVER $1,500",FOLLOWING TOO CLOSELY,4,"REPORTED, NOT EVIDENT",2,0,41.794225291,-87.6258360156,60621,"CHICAGO MIDWAY AIRPORT, IL US",72.0,54.0,53.0,0.0,10.0,5.0
crash_04291,2022-02-20 19:45:00,2022,2,Feb,Sun,19,Night or early morning,30,NO CONTROLS,CLEAR,"DARKNESS, LIGHTED ROAD",TURNING,T-INTERSECTION,DRY,NO INJURY / DRIVE AWAY,true,true,"OVER $1,500",UNABLE TO DETERMINE,2,NO INDICATION OF INJURY,0,0,41.9454901521,-87.6541264619,60657,"CHICAGO MIDWAY AIRPORT, IL US",44.0,33.0,65.0,0.0,10.0,8.0
crash_04292,2025-09-23 11:20:00,2025,9,Sep,Tue,11,Daytime,30,NO CONTROLS,CLEAR,DAYLIGHT,SIDESWIPE SAME DIRECTION,NOT DIVIDED,DRY,NO INJURY / DRIVE AWAY,,,"OVER $1,500",FAILING TO YIELD RIGHT-OF-WAY,2,NO INDICATION OF INJURY,0,0,41.9256286721,-87.6447988219,60614,,,,,,,
crash_04293,2023-03-13 14:30:00,2023,3,Mar,Mon,14,Daytime,10,NO CONTROLS,CLEAR,DAYLIGHT,PARKED MOTOR VEHICLE,PARKING LOT,WET,NO INJURY / DRIVE AWAY,,true,"$501 - $1,500",UNABLE TO DETERMINE,2,NO INDICATION OF INJURY,0,0,41.7613054714,-87.5577055153,60649,"CHICAGO MIDWAY AIRPORT, IL US",32.0,21.0,64.0,,10.0,16.0
crash_04294,2025-01-22 07:39:00,2025,1,Jan,Wed,7,Morning commute,25,UNKNOWN,CLEAR,DAYLIGHT,REAR END,NOT DIVIDED,DRY,NO INJURY / DRIVE AWAY,,,"OVER $1,500",FOLLOWING TOO CLOSELY,2,NO INDICATION OF INJURY,0,0,41.9453384125,-87.8071547691,60634,"CHICAGO OHARE INTERNATIONAL AIRPORT, IL US",11.0,-4.0,51.0,0.0,10.0,13.0
crash_04295,2021-05-14 09:45:00,2021,5,May,Fri,9,Morning commute,30,NO CONTROLS,CLEAR,DAYLIGHT,TURNING,OTHER,DRY,INJURY AND / OR TOW DUE TO CRASH,,,"OVER $1,500",UNABLE TO DETERMINE,2,NO INDICATION OF INJURY,0,0,41.9075653527,-87.7067914231,60622,"CHICAGO MIDWAY AIRPORT, IL US",67.0,28.0,23.0,0.0,10.0,0.0
crash_04296,2022-09-30 23:05:00,2022,9,Sep,Fri,23,Night or early morning,30,TRAFFIC SIGNAL,CLEAR,"DARKNESS, LIGHTED ROAD",SIDESWIPE SAME DIRECTION,ONE-WAY,DRY,NO INJURY / DRIVE AWAY,,true,"$501 - $1,500",UNABLE TO DETERMINE,2,NO INDICATION OF INJURY,0,0,41.8719520542,-87.7635789169,60644,"CHICAGO MIDWAY AIRPORT, IL US",60.0,51.0,72.0,,10.0,8.0
crash_04297,2025-07-12 17:42:00,2025,7,Jul,Sat,17,Evening commute,30,TRAFFIC SIGNAL,CLEAR,DAYLIGHT,ANGLE,FOUR WAY,DRY,INJURY AND / OR TOW DUE TO CRASH,true,true,"OVER $1,500","OPERATING VEHICLE IN ERRATIC, RECKLESS, CARELESS, NEGLIGENT OR AGGRESSIVE MANNER",5,NONINCAPACITATING INJURY,2,0,41.9207948178,-87.7365847275,60639,"CHICAGO MIDWAY AIRPORT, IL US",83.0,67.0,59.0,0.0,10.0,9.0
crash_04298,2020-05-18 14:42:00,2020,5,May,Mon,14,Daytime,30,TRAFFIC SIGNAL,CLEAR,DAYLIGHT,PEDALCYCLIST,NOT DIVIDED,DRY,NO INJURY / DRIVE AWAY,true,,"OVER $1,500",IMPROPER OVERTAKING/PASSING,2,NO INDICATION OF INJURY,0,0,41.8907407711,-87.6879695372,60612,"CHICAGO MIDWAY AIRPORT, IL US",65.0,56.0,73.0,0.0,10.0,9.0
crash_04299,2024-02-03 15:40:00,2024,2,Feb,Sat,15,Evening commute,30,NO CONTROLS,CLEAR,DAYLIGHT,PARKED MOTOR VEHICLE,ONE-WAY,DRY,NO INJURY / DRIVE AWAY,,true,"$501 - $1,500",UNABLE TO DETERMINE,2,NO INDICATION OF INJURY,0,0,41.8926596757,-87.75911004,60644,"CHICAGO MIDWAY AIRPORT, IL US",35.0,28.0,76.0,0.0,10.0,11.0
crash_04300,2022-05-26 18:46:00,2022,5,May,Thu,18,Evening commute,30,NO CONTROLS,CLEAR,DUSK,ANGLE,NOT DIVIDED,DRY,INJURY AND / OR TOW DUE TO CRASH,,true,"OVER $1,500",IMPROPER LANE USAGE,2,NO INDICATION OF INJURY,0,0,41.8806900723,-87.7381158607,60624,"CHICAGO MIDWAY AIRPORT, IL US",77.0,57.0,50.0,0.0,10.0,6.0
crash_04301,2019-03-06 10:31:00,2019,3,Mar,Wed,10,Daytime,30,NO CONTROLS,CLEAR,DAYLIGHT,SIDESWIPE SAME DIRECTION,NOT DIVIDED,DRY,NO INJURY / DRIVE AWAY,,true,$500 OR LESS,FOLLOWING TOO CLOSELY,2,NO INDICATION OF INJURY,0,0,41.8803816368,-87.7629689884,60644,"CHICAGO MIDWAY AIRPORT, IL US",21.0,5.0,50.0,0.0,10.0,14.0
crash_04302,2018-11-15 17:15:00,2018,11,Nov,Thu,17,Evening commute,30,NO CONTROLS,CLEAR,"DARKNESS, LIGHTED ROAD",PARKED MOTOR VEHICLE,NOT DIVIDED,SNOW OR SLUSH,NO INJURY / DRIVE AWAY,,,"$501 - $1,500",DRIVING SKILLS/KNOWLEDGE/EXPERIENCE,2,NO INDICATION OF INJURY,0,0,41.6964324517,-87.6157584768,60628,"CHICAGO MIDWAY AIRPORT, IL US",33.0,27.0,78.0,0.0,6.0,9.0
crash_04303,2019-06-10 19:25:00,2019,6,Jun,Mon,19,Night or early morning,30,TRAFFIC SIGNAL,CLEAR,DAYLIGHT,REAR END,NOT DIVIDED,DRY,NO INJURY / DRIVE AWAY,true,,"OVER $1,500",UNABLE TO DETERMINE,2,NO INDICATION OF INJURY,0,0,41.8992738849,-87.6269245588,60611,"CHICAGO MIDWAY AIRPORT, IL US",71.0,44.0,38.0,0.0,10.0,5.0
crash_04304,2019-07-06 15:33:00,2019,7,Jul,Sat,15,Evening commute,30,NO CONTROLS,CLEAR,DAYLIGHT,REAR END,DIVIDED - W/MEDIAN (NOT RAISED),DRY,NO INJURY / DRIVE AWAY,,,"OVER $1,500",NOT APPLICABLE,2,NO INDICATION OF INJURY,0,0,41.7881359927,-87.6937914597,60629,"CHICAGO MIDWAY AIRPORT, IL US",78.0,60.0,54.0,0.0,10.0,18.0