crash_id,crash_datetime,crash_year,crash_month,crash_month_name,crash_weekday_name,crash_hour,time_period,posted_speed_limit_mph,traffic_control_device,reported_weather_condition,reported_lighting_condition,first_crash_type,trafficway_type,reported_road_surface_condition,crash_type,intersection_related,hit_and_run,estimated_damage,primary_contributory_cause,unit_count,most_severe_injury,injuries_total,injuries_fatal,latitude,longitude,zip5,weather_station_name,temperature_f,dew_point_f,relative_humidity_percent,precipitation_inches,visibility_miles,wind_speed_mph
crash_04305,2019-07-04 15:15:00,2019,7,Jul,Thu,15,Evening commute,30,TRAFFIC SIGNAL,CLEAR,DAYLIGHT,TURNING,OTHER,DRY,INJURY AND / OR TOW DUE TO CRASH,true,,"OVER $1,500",FAILING TO YIELD RIGHT-OF-WAY,2,NONINCAPACITATING INJURY,2,0,41.9677593376,-87.7772658314,60630,"CHICAGO OHARE INTERNATIONAL AIRPORT, IL US",89.0,68.0,50.0,0.0,10.0,11.0
crash_04306,2018-03-02 09:20:00,2018,3,Mar,Fri,9,Morning commute,30,NO CONTROLS,CLEAR,DAYLIGHT,SIDESWIPE SAME DIRECTION,DIVIDED - W/MEDIAN BARRIER,DRY,NO INJURY / DRIVE AWAY,,,"$501 - $1,500",ROAD ENGINEERING/SURFACE/MARKING DEFECTS,2,NO INDICATION OF INJURY,0,0,41.9624714526,-87.7475181099,60630,"CHICAGO OHARE INTERNATIONAL AIRPORT, IL US",36.0,23.0,59.0,0.0,10.0,8.0
crash_04307,2021-08-22 00:30:00,2021,8,Aug,Sun,0,Night or early morning,35,NO CONTROLS,CLEAR,DARKNESS,SIDESWIPE SAME DIRECTION,NOT DIVIDED,DRY,NO INJURY / DRIVE AWAY,,,"OVER $1,500",DRIVING SKILLS/KNOWLEDGE/EXPERIENCE,2,NO INDICATION OF INJURY,0,0,41.9905801361,-87.6945958087,60659,"CHICAGO OHARE INTERNATIONAL AIRPORT, IL US",77.0,71.0,82.0,0.0,10.0,8.0
crash_04308,2021-11-24 11:20:00,2021,11,Nov,Wed,11,Daytime,30,NO CONTROLS,CLEAR,DAYLIGHT,REAR END,NOT DIVIDED,DRY,NO INJURY / DRIVE AWAY,,,"OVER $1,500",FOLLOWING TOO CLOSELY,2,NO INDICATION OF INJURY,0,0,41.9109406439,-87.6484190427,60614,"CHICAGO MIDWAY AIRPORT, IL US",47.0,27.0,46.0,0.0,10.0,21.0
crash_04309,2023-12-21 09:45:00,2023,12,Dec,Thu,9,Morning commute,30,TRAFFIC SIGNAL,CLOUDY/OVERCAST,DAYLIGHT,REAR END,NOT DIVIDED,DRY,NO INJURY / DRIVE AWAY,,,"$501 - $1,500",FOLLOWING TOO CLOSELY,3,NO INDICATION OF INJURY,0,0,41.6840755946,-87.7201277556,60655,"CHICAGO MIDWAY AIRPORT, IL US",42.0,27.0,55.0,0.0,10.0,3.0
crash_04310,2019-07-21 18:14:00,2019,7,Jul,Sun,18,Evening commute,30,TRAFFIC SIGNAL,CLEAR,DAYLIGHT,REAR END,NOT DIVIDED,DRY,NO INJURY / DRIVE AWAY,,true,"OVER $1,500",FAILING TO REDUCE SPEED TO AVOID CRASH,2,NO INDICATION OF INJURY,0,0,41.6589966497,-87.6168323007,60827,"CHICAGO MIDWAY AIRPORT, IL US",77.0,58.0,52.0,0.0,10.0,18.0
crash_04311,2020-05-11 16:30:00,2020,5,May,Mon,16,Evening commute,30,NO CONTROLS,CLEAR,DAYLIGHT,SIDESWIPE SAME DIRECTION,DIVIDED - W/MEDIAN (NOT RAISED),DRY,NO INJURY / DRIVE AWAY,,true,$500 OR LESS,UNABLE TO DETERMINE,2,NO INDICATION OF INJURY,0,0,41.8780234549,-87.7450446873,60644,"CHICAGO MIDWAY AIRPORT, IL US",46.0,34.0,63.0,0.0,10.0,11.0
crash_04312,2019-03-05 07:10:00,2019,3,Mar,Tue,7,Morning commute,35,UNKNOWN,CLEAR,DAYLIGHT,REAR END,NOT DIVIDED,DRY,NO INJURY / DRIVE AWAY,,,"OVER $1,500",UNABLE TO DETERMINE,2,NO INDICATION OF INJURY,0,0,41.9062588709,-87.7263534764,60651,"CHICAGO MIDWAY AIRPORT, IL US",10.0,3.0,73.0,0.0,5.0,18.0
crash_04313,2020-11-04 20:58:00,2020,11,Nov,Wed,20,Night or early morning,30,NO CONTROLS,CLEAR,"DARKNESS, LIGHTED ROAD",SIDESWIPE OPPOSITE DIRECTION,NOT DIVIDED,DRY,NO INJURY / DRIVE AWAY,,,"OVER $1,500",UNDER THE INFLUENCE OF ALCOHOL/DRUGS (USE WHEN ARREST IS EFFECTED),2,NO INDICATION OF INJURY,0,0,41.8127150783,-87.6661652104,60609,"CHICAGO MIDWAY AIRPORT, IL US",63.0,41.0,45.0,0.0,10.0,13.0
crash_04314,2019-11-16 17:00:00,2019,11,Nov,Sat,17,Evening commute,30,NO CONTROLS,CLEAR,"DARKNESS, LIGHTED ROAD",FIXED OBJECT,NOT DIVIDED,DRY,INJURY AND / OR TOW DUE TO CRASH,,,"OVER $1,500",UNABLE TO DETERMINE,1,NO INDICATION OF INJURY,0,0,41.8841851111,-87.6951997087,60612,"CHICAGO MIDWAY AIRPORT, IL US",37.0,28.0,70.0,0.0,10.0,8.0
crash_04315,2025-09-14 02:00:00,2025,9,Sep,Sun,2,Night or early morning,30,NO CONTROLS,CLEAR,DARKNESS,PARKED MOTOR VEHICLE,ONE-WAY,DRY,NO INJURY / DRIVE AWAY,,true,"OVER $1,500",UNABLE TO DETERMINE,2,NO INDICATION OF INJURY,0,0,41.6994205972,-87.6182891073,60628,,,,,,,
crash_04316,2021-02-11 11:30:00,2021,2,Feb,Thu,11,Daytime,30,NO CONTROLS,SNOW,DAYLIGHT,PARKED MOTOR VEHICLE,NOT DIVIDED,SNOW OR SLUSH,NO INJURY / DRIVE AWAY,,true,"$501 - $1,500",UNABLE TO DETERMINE,2,NO INDICATION OF INJURY,0,0,41.9515916405,-87.6475886949,60613,"CHICAGO MIDWAY AIRPORT, IL US",20.0,13.0,74.0,0.0,7.0,5.0
crash_04317,2019-08-27 16:30:00,2019,8,Aug,Tue,16,Evening commute,30,TRAFFIC SIGNAL,CLEAR,DAYLIGHT,SIDESWIPE SAME DIRECTION,DIVIDED - W/MEDIAN BARRIER,DRY,NO INJURY / DRIVE AWAY,false,true,$500 OR LESS,IMPROPER OVERTAKING/PASSING,2,NO INDICATION OF INJURY,0,0,41.8810539082,-87.6863045524,60612,"CHICAGO MIDWAY AIRPORT, IL US",80.0,58.0,47.0,0.0,10.0,11.0
crash_04318,2019-03-14 19:47:00,2019,3,Mar,Thu,19,Night or early morning,30,STOP SIGN/FLASHER,CLEAR,DUSK,ANGLE,NOT DIVIDED,DRY,NO INJURY / DRIVE AWAY,,true,"OVER $1,500","OPERATING VEHICLE IN ERRATIC, RECKLESS, CARELESS, NEGLIGENT OR AGGRESSIVE MANNER",2,NO INDICATION OF INJURY,0,0,41.8754866667,-87.7109748158,60624,"CHICAGO MIDWAY AIRPORT, IL US",44.0,36.0,73.0,0.0,10.0,16.0
crash_04319,2024-09-12 14:00:00,2024,9,Sep,Thu,14,Daytime,30,NO CONTROLS,CLEAR,DAYLIGHT,TURNING,NOT DIVIDED,DRY,NO INJURY / DRIVE AWAY,,,"OVER $1,500",UNABLE TO DETERMINE,2,NO INDICATION OF INJURY,0,0,41.8332701944,-87.7244186454,60632,"CHICAGO MIDWAY AIRPORT, IL US",86.0,53.0,32.0,0.0,10.0,13.0
crash_04320,2021-12-08 13:00:00,2021,12,Dec,Wed,13,Daytime,30,OTHER REG. SIGN,CLEAR,DAYLIGHT,PARKED MOTOR VEHICLE,ONE-WAY,DRY,NO INJURY / DRIVE AWAY,,true,"$501 - $1,500",UNABLE TO DETERMINE,2,NO INDICATION OF INJURY,0,0,41.9456981471,-87.6871611206,60618,"CHICAGO MIDWAY AIRPORT, IL US",34.0,17.0,50.0,0.0,10.0,9.0
crash_04321,2023-02-21 17:03:00,2023,2,Feb,Tue,17,Evening commute,30,NO CONTROLS,CLEAR,"DARKNESS, LIGHTED ROAD",FIXED OBJECT,PARKING LOT,DRY,NO INJURY / DRIVE AWAY,,,"$501 - $1,500",IMPROPER BACKING,1,NO INDICATION OF INJURY,0,0,41.9532281565,-87.7719558456,60634,"CHICAGO OHARE INTERNATIONAL AIRPORT, IL US",35.0,12.0,38.0,0.0,10.0,7.0
crash_04322,2021-07-29 23:00:00,2021,7,Jul,Thu,23,Night or early morning,35,TRAFFIC SIGNAL,CLEAR,"DARKNESS, LIGHTED ROAD",PEDESTRIAN,DIVIDED - W/MEDIAN BARRIER,DRY,INJURY AND / OR TOW DUE TO CRASH,true,true,$500 OR LESS,FAILING TO YIELD RIGHT-OF-WAY,2,NONINCAPACITATING INJURY,1,0,41.8869706445,-87.6221822899,60601,"CHICAGO MIDWAY AIRPORT, IL US",73.0,58.0,59.0,0.0,10.0,11.0
crash_04323,2018-02-13 09:00:00,2018,2,Feb,Tue,9,Morning commute,30,NO CONTROLS,CLEAR,DAYLIGHT,REAR END,DIVIDED - W/MEDIAN (NOT RAISED),DRY,NO INJURY / DRIVE AWAY,,true,"OVER $1,500",UNABLE TO DETERMINE,2,NO INDICATION OF INJURY,0,0,41.8694501832,-87.7447163489,60644,"CHICAGO MIDWAY AIRPORT, IL US",24.0,14.0,65.0,0.0,10.0,13.0
crash_04324,2019-09-11 22:54:00,2019,9,Sep,Wed,22,Night or early morning,30,NO CONTROLS,CLEAR,"DARKNESS, LIGHTED ROAD",TURNING,NOT DIVIDED,DRY,INJURY AND / OR TOW DUE TO CRASH,true,,"OVER $1,500",IMPROPER TURNING/NO SIGNAL,2,NONINCAPACITATING INJURY,1,0,41.9536885974,-87.7338976585,60641,"CHICAGO OHARE INTERNATIONAL AIRPORT, IL US",73.0,65.0,76.0,0.0,10.0,22.0
crash_04325,2022-10-28 20:10:00,2022,10,Oct,Fri,20,Night or early morning,30,NO CONTROLS,CLEAR,"DARKNESS, LIGHTED ROAD",PARKED MOTOR VEHICLE,NOT DIVIDED,UNKNOWN,NO INJURY / DRIVE AWAY,,,$500 OR LESS,UNABLE TO DETERMINE,2,NO INDICATION OF INJURY,0,0,41.6999061453,-87.6295752916,60628,"CHICAGO MIDWAY AIRPORT, IL US",53.0,40.0,61.0,0.0,10.0,3.0
crash_04326,2021-01-30 14:15:00,2021,1,Jan,Sat,14,Daytime,30,NO CONTROLS,CLEAR,DAYLIGHT,ANGLE,NOT DIVIDED,DRY,NO INJURY / DRIVE AWAY,,,"$501 - $1,500",FAILING TO YIELD RIGHT-OF-WAY,2,NO INDICATION OF INJURY,0,0,41.9164868196,-87.6871140678,60647,"CHICAGO MIDWAY AIRPORT, IL US",34.0,19.0,54.0,0.0,10.0,25.0
crash_04327,2019-06-12 15:10:00,2019,6,Jun,Wed,15,Evening commute,30,TRAFFIC SIGNAL,UNKNOWN,DAYLIGHT,ANGLE,DIVIDED - W/MEDIAN BARRIER,WET,INJURY AND / OR TOW DUE TO CRASH,true,,"OVER $1,500",UNABLE TO DETERMINE,2,NO INDICATION OF INJURY,0,0,41.885695503,-87.6366807165,60606,"CHICAGO MIDWAY AIRPORT, IL US",61.0,58.0,90.0,0.05,10.0,10.0
crash_04328,2024-01-30 17:05:00,2024,1,Jan,Tue,17,Evening commute,30,TRAFFIC SIGNAL,CLOUDY/OVERCAST,DUSK,SIDESWIPE SAME DIRECTION,ONE-WAY,DRY,NO INJURY / DRIVE AWAY,,true,"$501 - $1,500",UNABLE TO DETERMINE,2,NO INDICATION OF INJURY,0,0,41.8760970003,-87.6763928576,60612,"CHICAGO MIDWAY AIRPORT, IL US",41.0,31.0,67.0,0.0,10.0,9.0
crash_04329,2023-10-13 17:15:00,2023,10,Oct,Fri,17,Evening commute,30,UNKNOWN,RAIN,DARKNESS,TURNING,DIVIDED - W/MEDIAN (NOT RAISED),WET,NO INJURY / DRIVE AWAY,,,"OVER $1,500",IMPROPER LANE USAGE,2,NO INDICATION OF INJURY,0,0,41.7805596442,-87.6057866607,60637,"CHICAGO MIDWAY AIRPORT, IL US",55.0,52.0,90.0,0.04,8.0,14.0
crash_04330,2020-11-18 07:19:00,2020,11,Nov,Wed,7,Morning commute,30,NO CONTROLS,CLEAR,DAYLIGHT,TURNING,NOT DIVIDED,UNKNOWN,NO INJURY / DRIVE AWAY,,true,"OVER $1,500",UNABLE TO DETERMINE,2,NO INDICATION OF INJURY,0,0,41.7268433747,-87.64350675,60620,"CHICAGO MIDWAY AIRPORT, IL US",35.0,22.0,59.0,0.0,10.0,6.0
crash_04331,2023-05-24 09:00:00,2023,5,May,Wed,9,Morning commute,25,NO CONTROLS,UNKNOWN,UNKNOWN,PARKED MOTOR VEHICLE,NOT DIVIDED,UNKNOWN,NO INJURY / DRIVE AWAY,,true,"OVER $1,500",UNABLE TO DETERMINE,2,NO INDICATION OF INJURY,0,0,41.9593077011,-87.7219507346,60618,"CHICAGO OHARE INTERNATIONAL AIRPORT, IL US",62.0,47.0,58.0,,10.0,15.0
crash_04332,2019-01-10 11:30:00,2019,1,Jan,Thu,11,Daytime,25,NO CONTROLS,CLOUDY/OVERCAST,DAYLIGHT,PARKED MOTOR VEHICLE,ONE-WAY,UNKNOWN,NO INJURY / DRIVE AWAY,,true,"OVER $1,500",UNABLE TO DETERMINE,3,NO INDICATION OF INJURY,0,0,41.9072704962,-87.6763037021,60622,"CHICAGO MIDWAY AIRPORT, IL US",21.0,11.0,65.0,0.0,10.0,5.0
crash_04333,2023-08-06 02:21:00,2023,8,Aug,Sun,2,Night or early morning,30,NO CONTROLS,RAIN,"DARKNESS, LIGHTED ROAD",SIDESWIPE SAME DIRECTION,DIVIDED - W/MEDIAN BARRIER,WET,INJURY AND / OR TOW DUE TO CRASH,,true,"OVER $1,500",IMPROPER OVERTAKING/PASSING,2,NO INDICATION OF INJURY,0,0,41.7494429724,-87.7349099764,60652,"CHICAGO MIDWAY AIRPORT, IL US",67.0,64.0,91.0,0.03,4.0,17.0
crash_04334,2021-04-12 07:00:00,2021,4,Apr,Mon,7,Morning commute,30,TRAFFIC SIGNAL,CLEAR,DAYLIGHT,TURNING,DIVIDED - W/MEDIAN BARRIER,DRY,NO INJURY / DRIVE AWAY,,true,"OVER $1,500",UNABLE TO DETERMINE,2,NO INDICATION OF INJURY,0,0,41.7495018924,-87.7316968699,60652,"CHICAGO MIDWAY AIRPORT, IL US",51.0,46.0,83.0,0.0,10.0,10.0
crash_04335,2023-05-31 15:15:00,2023,5,May,Wed,15,Evening commute,30,TRAFFIC SIGNAL,CLOUDY/OVERCAST,DAYLIGHT,TURNING,FOUR WAY,WET,NO INJURY / DRIVE AWAY,true,,"OVER $1,500",UNABLE TO DETERMINE,2,NO INDICATION OF INJURY,0,0,41.8948927214,-87.7459270239,60644,"CHICAGO MIDWAY AIRPORT, IL US",88.0,57.0,35.0,,10.0,11.0
crash_04336,2025-05-12 16:47:00,2025,5,May,Mon,16,Evening commute,30,TRAFFIC SIGNAL,CLEAR,DAYLIGHT,SIDESWIPE SAME DIRECTION,NOT DIVIDED,DRY,NO INJURY / DRIVE AWAY,,,"OVER $1,500",IMPROPER OVERTAKING/PASSING,2,NO INDICATION OF INJURY,0,0,41.9686587505,-87.7784060586,60630,"CHICAGO OHARE INTERNATIONAL AIRPORT, IL US",77.0,50.0,39.0,0.0,10.0,8.0
crash_04337,2024-07-28 04:05:00,2024,7,Jul,Sun,4,Night or early morning,30,NO CONTROLS,CLEAR,"DARKNESS, LIGHTED ROAD",SIDESWIPE OPPOSITE DIRECTION,NOT DIVIDED,DRY,NO INJURY / DRIVE AWAY,,true,"OVER $1,500",UNABLE TO DETERMINE,2,NO INDICATION OF INJURY,0,0,41.9392423854,-87.723961324,60618,"CHICAGO OHARE INTERNATIONAL AIRPORT, IL US",72.0,61.0,68.0,0.0,10.0,5.0
crash_04338,2024-05-18 22:00:00,2024,5,May,Sat,22,Night or early morning,30,NO CONTROLS,CLEAR,"DARKNESS, LIGHTED ROAD",REAR END,NOT DIVIDED,DRY,NO INJURY / DRIVE AWAY,,true,"$501 - $1,500",UNABLE TO DETERMINE,2,NO INDICATION OF INJURY,0,0,41.9546892413,-87.6449746442,60613,"CHICAGO MIDWAY AIRPORT, IL US",79.0,57.0,47.0,0.0,10.0,6.0
crash_04339,2021-08-24 06:35:00,2021,8,Aug,Tue,6,Morning commute,30,NO CONTROLS,CLEAR,DAYLIGHT,SIDESWIPE SAME DIRECTION,DIVIDED - W/MEDIAN BARRIER,DRY,NO INJURY / DRIVE AWAY,,,$500 OR LESS,FAILING TO YIELD RIGHT-OF-WAY,2,NO INDICATION OF INJURY,0,0,41.7934711894,-87.6714549035,60636,"CHICAGO MIDWAY AIRPORT, IL US",77.0,69.0,77.0,0.0,10.0,5.0
crash_04340,2020-03-30 16:00:00,2020,3,Mar,Mon,16,Evening commute,15,NO CONTROLS,CLEAR,DAYLIGHT,OTHER OBJECT,NOT DIVIDED,DRY,NO INJURY / DRIVE AWAY,,,"OVER $1,500",UNABLE TO DETERMINE,1,NO INDICATION OF INJURY,0,0,41.8651966416,-87.6886733686,60608,"CHICAGO MIDWAY AIRPORT, IL US",46.0,34.0,63.0,0.0,10.0,10.0
crash_04341,2025-10-10 15:50:00,2025,10,Oct,Fri,15,Evening commute,25,TRAFFIC SIGNAL,CLEAR,DAYLIGHT,TURNING,NOT DIVIDED,DRY,INJURY AND / OR TOW DUE TO CRASH,,,"OVER $1,500",UNABLE TO DETERMINE,2,NO INDICATION OF INJURY,0,0,41.8845601425,-87.7011569893,60612,,,,,,,
crash_04342,2025-02-28 14:14:00,2025,2,Feb,Fri,14,Daytime,30,UNKNOWN,CLEAR,DAYLIGHT,SIDESWIPE SAME DIRECTION,NOT DIVIDED,UNKNOWN,NO INJURY / DRIVE AWAY,,true,"OVER $1,500",UNABLE TO DETERMINE,2,NO INDICATION OF INJURY,0,0,41.9038656786,-87.6406328769,60610,"CHICAGO MIDWAY AIRPORT, IL US",57.0,33.0,41.0,0.0,10.0,25.0
crash_04343,2021-09-30 11:55:00,2021,9,Sep,Thu,11,Daytime,30,TRAFFIC SIGNAL,CLEAR,DAYLIGHT,PEDALCYCLIST,NOT DIVIDED,DRY,INJURY AND / OR TOW DUE TO CRASH,true,,"OVER $1,500",FAILING TO YIELD RIGHT-OF-WAY,2,NONINCAPACITATING INJURY,1,0,41.6889070792,-87.6231416068,60628,"CHICAGO MIDWAY AIRPORT, IL US",79.0,50.0,36.0,0.0,10.0,3.0
crash_04344,2022-03-22 13:20:00,2022,3,Mar,Tue,13,Daytime,30,STOP SIGN/FLASHER,CLEAR,DAYLIGHT,REAR END,FOUR WAY,DRY,INJURY AND / OR TOW DUE TO CRASH,,,$500 OR LESS,FOLLOWING TOO CLOSELY,2,NONINCAPACITATING INJURY,1,0,41.8084195272,-87.6723124215,60609,"CHICAGO MIDWAY AIRPORT, IL US",58.0,46.0,65.0,0.0,10.0,21.0
crash_04345,2023-04-19 06:38:00,2023,4,Apr,Wed,6,Morning commute,30,TRAFFIC SIGNAL,CLEAR,DAYLIGHT,REAR END,NOT DIVIDED,DRY,NO INJURY / DRIVE AWAY,true,,"OVER $1,500",IMPROPER BACKING,2,NO INDICATION OF INJURY,0,0,41.8734748408,-87.639255919,60607,"CHICAGO MIDWAY AIRPORT, IL US",46.0,29.0,51.0,0.0,10.0,8.0
crash_04346,2018-05-05 23:12:00,2018,5,May,Sat,23,Night or early morning,30,NO CONTROLS,CLEAR,"DARKNESS, LIGHTED ROAD",ANGLE,PARKING LOT,DRY,NO INJURY / DRIVE AWAY,,,$500 OR LESS,IMPROPER BACKING,2,NO INDICATION OF INJURY,0,0,41.8475580502,-87.6454959917,60616,"CHICAGO MIDWAY AIRPORT, IL US",64.0,44.0,48.0,0.0,10.0,9.0
crash_04347,2024-02-19 08:52:00,2024,2,Feb,Mon,8,Morning commute,30,TRAFFIC SIGNAL,CLEAR,DAYLIGHT,TURNING,DIVIDED - W/MEDIAN BARRIER,DRY,NO INJURY / DRIVE AWAY,,,$500 OR LESS,UNABLE TO DETERMINE,2,NO INDICATION OF INJURY,0,0,41.8736196401,-87.6243585517,60605,"CHICAGO MIDWAY AIRPORT, IL US",33.0,22.0,64.0,0.0,10.0,3.0
crash_04348,2019-09-12 14:56:00,2019,9,Sep,Thu,14,Daytime,30,OTHER,CLEAR,DAYLIGHT,REAR END,NOT DIVIDED,DRY,NO INJURY / DRIVE AWAY,,,"$501 - $1,500",NOT APPLICABLE,2,NO INDICATION OF INJURY,0,0,41.7495737721,-87.7074172966,60652,"CHICAGO MIDWAY AIRPORT, IL US",80.0,70.0,71.0,0.0,10.0,6.0
crash_04349,2019-11-03 17:00:00,2019,11,Nov,Sun,17,Evening commute,25,NO CONTROLS,CLEAR,"DARKNESS, LIGHTED ROAD",OTHER NONCOLLISION,ALLEY,DRY,NO INJURY / DRIVE AWAY,,,"OVER $1,500",UNABLE TO DETERMINE,1,NO INDICATION OF INJURY,0,0,41.9535729789,-87.7818330288,60634,"CHICAGO OHARE INTERNATIONAL AIRPORT, IL US",50.0,32.0,50.0,0.0,10.0,10.0
crash_04350,2023-02-26 20:40:00,2023,2,Feb,Sun,20,Night or early morning,60,NO CONTROLS,CLEAR,"DARKNESS, LIGHTED ROAD",SIDESWIPE SAME DIRECTION,NOT DIVIDED,DRY,INJURY AND / OR TOW DUE TO CRASH,,true,"OVER $1,500",IMPROPER OVERTAKING/PASSING,3,NO INDICATION OF INJURY,0,0,41.8993788875,-87.618631502,60611,"CHICAGO MIDWAY AIRPORT, IL US",38.0,26.0,62.0,0.0,10.0,9.0
crash_04351,2021-08-01 16:00:00,2021,8,Aug,Sun,16,Evening commute,30,NO CONTROLS,CLEAR,UNKNOWN,PARKED MOTOR VEHICLE,NOT DIVIDED,DRY,INJURY AND / OR TOW DUE TO CRASH,,true,"$501 - $1,500",UNABLE TO DETERMINE,2,NO INDICATION OF INJURY,0,0,41.7989420769,-87.5856508109,60615,"CHICAGO MIDWAY AIRPORT, IL US",74.0,54.0,50.0,0.0,10.0,13.0
crash_04352,2025-08-21 17:31:00,2025,8,Aug,Thu,17,Evening commute,15,STOP SIGN/FLASHER,CLEAR,DAYLIGHT,TURNING,NOT DIVIDED,DRY,INJURY AND / OR TOW DUE TO CRASH,,,$500 OR LESS,FAILING TO REDUCE SPEED TO AVOID CRASH,2,"REPORTED, NOT EVIDENT",2,0,41.9571587212,-87.7381668882,60641,"CHICAGO OHARE INTERNATIONAL AIRPORT, IL US",73.0,62.0,69.0,0.0,10.0,10.0
crash_04353,2020-09-08 19:15:00,2020,9,Sep,Tue,19,Night or early morning,30,TRAFFIC SIGNAL,CLEAR,"DARKNESS, LIGHTED ROAD",SIDESWIPE SAME DIRECTION,DIVIDED - W/MEDIAN (NOT RAISED),DRY,NO INJURY / DRIVE AWAY,,,"OVER $1,500",UNABLE TO DETERMINE,2,NO INDICATION OF INJURY,0,0,41.7358683795,-87.632413342,60620,"CHICAGO MIDWAY AIRPORT, IL US",62.0,60.0,93.0,0.0,5.0,9.0
crash_04354,2018-03-10 07:37:00,2018,3,Mar,Sat,7,Morning commute,30,NO CONTROLS,CLEAR,DAYLIGHT,REAR END,ONE-WAY,DRY,INJURY AND / OR TOW DUE TO CRASH,,,$500 OR LESS,UNDER THE INFLUENCE OF ALCOHOL/DRUGS (USE WHEN ARREST IS EFFECTED),2,NO INDICATION OF INJURY,0,0,41.8924913615,-87.6295307323,60654,"CHICAGO MIDWAY AIRPORT, IL US",32.0,23.0,69.0,0.0,10.0,3.0
crash_04355,2021-09-14 15:58:00,2021,9,Sep,Tue,15,Evening commute,30,STOP SIGN/FLASHER,CLEAR,DAYLIGHT,ANGLE,FOUR WAY,DRY,INJURY AND / OR TOW DUE TO CRASH,true,,"OVER $1,500",DISREGARDING STOP SIGN,3,NO INDICATION OF INJURY,0,0,41.8498670957,-87.6383810729,60616,"CHICAGO MIDWAY AIRPORT, IL US",86.0,62.0,45.0,0.0,10.0,15.0
crash_04356,2019-07-09 08:30:00,2019,7,Jul,Tue,8,Morning commute,30,TRAFFIC SIGNAL,CLEAR,DAYLIGHT,TURNING,FOUR WAY,DRY,NO INJURY / DRIVE AWAY,true,,"OVER $1,500",IMPROPER TURNING/NO SIGNAL,2,NO INDICATION OF INJURY,0,0,41.9062502664,-87.7265567736,60651,"CHICAGO MIDWAY AIRPORT, IL US",77.0,60.0,56.0,0.0,10.0,6.0
crash_04357,2021-08-29 01:57:00,2021,8,Aug,Sun,1,Night or early morning,30,STOP SIGN/FLASHER,CLEAR,"DARKNESS, LIGHTED ROAD",PARKED MOTOR VEHICLE,ONE-WAY,DRY,NO INJURY / DRIVE AWAY,,true,"OVER $1,500",UNABLE TO DETERMINE,2,NO INDICATION OF INJURY,0,0,41.9057089913,-87.6288071662,60610,"CHICAGO MIDWAY AIRPORT, IL US",80.0,68.0,67.0,0.0,10.0,7.0
crash_04358,2022-07-14 05:30:00,2022,7,Jul,Thu,5,Night or early morning,30,NO CONTROLS,CLEAR,UNKNOWN,PARKED MOTOR VEHICLE,NOT DIVIDED,UNKNOWN,NO INJURY / DRIVE AWAY,,true,"OVER $1,500",UNABLE TO DETERMINE,2,NO INDICATION OF INJURY,0,0,41.9530710145,-87.7831155235,60634,"CHICAGO OHARE INTERNATIONAL AIRPORT, IL US",62.0,54.0,75.0,0.0,10.0,6.0
crash_04359,2019-04-27 11:50:00,2019,4,Apr,Sat,11,Daytime,30,TRAFFIC SIGNAL,RAIN,DAYLIGHT,PEDESTRIAN,NOT DIVIDED,WET,INJURY AND / OR TOW DUE TO CRASH,true,,"$501 - $1,500",FAILING TO YIELD RIGHT-OF-WAY,2,"REPORTED, NOT EVIDENT",1,0,41.8910445691,-87.6203718391,60611,"CHICAGO MIDWAY AIRPORT, IL US",33.0,32.0,96.0,0.15,0.5,6.0
crash_04360,2021-08-03 22:05:00,2021,8,Aug,Tue,22,Night or early morning,30,NO CONTROLS,CLEAR,"DARKNESS, LIGHTED ROAD",PARKED MOTOR VEHICLE,NOT DIVIDED,DRY,INJURY AND / OR TOW DUE TO CRASH,,,"OVER $1,500",UNABLE TO DETERMINE,3,NO INDICATION OF INJURY,0,0,41.9967332899,-87.6899975989,60659,"CHICAGO OHARE INTERNATIONAL AIRPORT, IL US",72.0,56.0,57.0,0.0,10.0,6.0
crash_04361,2019-06-23 00:30:00,2019,6,Jun,Sun,0,Night or early morning,20,NO CONTROLS,RAIN,DARKNESS,PARKED MOTOR VEHICLE,NOT DIVIDED,WET,INJURY AND / OR TOW DUE TO CRASH,,true,"OVER $1,500",UNABLE TO DETERMINE,2,NO INDICATION OF INJURY,0,0,41.9368889136,-87.7368200422,60641,"CHICAGO OHARE INTERNATIONAL AIRPORT, IL US",73.0,61.0,66.0,0.0,10.0,11.0
crash_04362,2024-05-31 14:44:00,2024,5,May,Fri,14,Daytime,30,NO CONTROLS,CLEAR,DAYLIGHT,OTHER OBJECT,NOT DIVIDED,DRY,INJURY AND / OR TOW DUE TO CRASH,,,"OVER $1,500",NOT APPLICABLE,1,NONINCAPACITATING INJURY,1,0,41.8658979899,-87.7366734274,60623,"CHICAGO MIDWAY AIRPORT, IL US",80.0,48.0,33.0,0.0,10.0,13.0
crash_04363,2022-12-10 01:00:00,2022,12,Dec,Sat,1,Night or early morning,30,NO CONTROLS,CLEAR,DARKNESS,PARKED MOTOR VEHICLE,NOT DIVIDED,DRY,NO INJURY / DRIVE AWAY,,true,"$501 - $1,500",UNABLE TO DETERMINE,2,NO INDICATION OF INJURY,0,0,41.7438221904,-87.607019474,60619,"CHICAGO MIDWAY AIRPORT, IL US",37.0,33.0,86.0,0.0,5.0,9.0