crash_id,crash_datetime,crash_year,crash_month,crash_month_name,crash_weekday_name,crash_hour,time_period,posted_speed_limit_mph,traffic_control_device,reported_weather_condition,reported_lighting_condition,first_crash_type,trafficway_type,reported_road_surface_condition,crash_type,intersection_related,hit_and_run,estimated_damage,primary_contributory_cause,unit_count,most_severe_injury,injuries_total,injuries_fatal,latitude,longitude,zip5,weather_station_name,temperature_f,dew_point_f,relative_humidity_percent,precipitation_inches,visibility_miles,wind_speed_mph
crash_04364,2021-12-30 12:15:00,2021,12,Dec,Thu,12,Daytime,30,TRAFFIC SIGNAL,CLEAR,DAYLIGHT,REAR END,NOT DIVIDED,DRY,NO INJURY / DRIVE AWAY,,,"OVER $1,500",FOLLOWING TOO CLOSELY,2,NO INDICATION OF INJURY,0,0,41.7786395043,-87.7226130871,60629,"CHICAGO MIDWAY AIRPORT, IL US",37.0,29.0,73.0,,10.0,6.0
crash_04365,2021-03-11 07:10:00,2021,3,Mar,Thu,7,Morning commute,30,TRAFFIC SIGNAL,CLEAR,DAYLIGHT,TURNING,FOUR WAY,DRY,NO INJURY / DRIVE AWAY,true,,"$501 - $1,500",UNABLE TO DETERMINE,2,NO INDICATION OF INJURY,0,0,41.8080984586,-87.7138892085,60632,"CHICAGO MIDWAY AIRPORT, IL US",49.0,34.0,56.0,0.0,10.0,18.0
crash_04366,2020-02-16 07:00:00,2020,2,Feb,Sun,7,Morning commute,30,NO CONTROLS,CLEAR,DAYLIGHT,FIXED OBJECT,NOT DIVIDED,DRY,INJURY AND / OR TOW DUE TO CRASH,,,"OVER $1,500",UNABLE TO DETERMINE,1,NO INDICATION OF INJURY,0,0,41.8164044186,-87.6847943753,60632,"CHICAGO MIDWAY AIRPORT, IL US",22.0,20.0,92.0,0.0,10.0,6.0
crash_04367,2022-07-12 15:36:00,2022,7,Jul,Tue,15,Evening commute,30,TRAFFIC SIGNAL,CLEAR,DAYLIGHT,SIDESWIPE SAME DIRECTION,NOT DIVIDED,DRY,NO INJURY / DRIVE AWAY,,,"$501 - $1,500",IMPROPER OVERTAKING/PASSING,3,NO INDICATION OF INJURY,0,0,41.873050422,-87.7445652087,60644,"CHICAGO MIDWAY AIRPORT, IL US",86.0,56.0,36.0,0.0,10.0,11.0
crash_04368,2025-11-10 20:00:00,2025,11,Nov,Mon,20,Night or early morning,30,TRAFFIC SIGNAL,UNKNOWN,UNKNOWN,REAR END,FOUR WAY,UNKNOWN,NO INJURY / DRIVE AWAY,true,,"OVER $1,500",FAILING TO REDUCE SPEED TO AVOID CRASH,2,NO INDICATION OF INJURY,0,0,41.9235666859,-87.7855622457,60707,,,,,,,
crash_04369,2018-11-16 18:00:00,2018,11,Nov,Fri,18,Evening commute,30,TRAFFIC SIGNAL,CLEAR,DARKNESS,REAR END,NOT DIVIDED,UNKNOWN,NO INJURY / DRIVE AWAY,,,"$501 - $1,500",FOLLOWING TOO CLOSELY,2,NO INDICATION OF INJURY,0,0,41.9469432254,-87.664914113,60657,"CHICAGO MIDWAY AIRPORT, IL US",37.0,28.0,70.0,0.0,10.0,11.0
crash_04370,2024-05-07 15:49:00,2024,5,May,Tue,15,Evening commute,30,TRAFFIC SIGNAL,CLEAR,DAYLIGHT,TURNING,NOT REPORTED,DRY,NO INJURY / DRIVE AWAY,true,,"OVER $1,500",IMPROPER LANE USAGE,2,NO INDICATION OF INJURY,0,0,41.8764211956,-87.6619994535,60607,"CHICAGO MIDWAY AIRPORT, IL US",70.0,63.0,78.0,,10.0,8.0
crash_04371,2019-04-26 19:05:00,2019,4,Apr,Fri,19,Night or early morning,20,STOP SIGN/FLASHER,CLEAR,DAYLIGHT,TURNING,NOT DIVIDED,DRY,NO INJURY / DRIVE AWAY,,,"OVER $1,500",NOT APPLICABLE,2,NO INDICATION OF INJURY,0,0,41.9610283804,-87.7276833905,60625,"CHICAGO OHARE INTERNATIONAL AIRPORT, IL US",59.0,25.0,27.0,0.0,10.0,15.0
crash_04372,2019-12-19 08:34:00,2019,12,Dec,Thu,8,Morning commute,30,TRAFFIC SIGNAL,CLEAR,DAYLIGHT,TURNING,NOT DIVIDED,DRY,INJURY AND / OR TOW DUE TO CRASH,true,,"OVER $1,500",UNABLE TO DETERMINE,2,NO INDICATION OF INJURY,0,0,41.7513397046,-87.5856322657,60617,"CHICAGO MIDWAY AIRPORT, IL US",23.0,11.0,60.0,0.0,10.0,14.0
crash_04373,2025-05-25 05:03:00,2025,5,May,Sun,5,Night or early morning,20,OTHER REG. SIGN,CLEAR,DAWN,FIXED OBJECT,OTHER,WET,NO INJURY / DRIVE AWAY,true,true,"OVER $1,500",ROAD ENGINEERING/SURFACE/MARKING DEFECTS,3,NO INDICATION OF INJURY,0,0,41.7717371592,-87.5766426532,60649,"CHICAGO MIDWAY AIRPORT, IL US",55.0,46.0,72.0,0.01,10.0,3.0
crash_04374,2019-06-19 14:00:00,2019,6,Jun,Wed,14,Daytime,30,NO CONTROLS,CLEAR,DAYLIGHT,SIDESWIPE SAME DIRECTION,NOT DIVIDED,DRY,NO INJURY / DRIVE AWAY,,true,"OVER $1,500",IMPROPER OVERTAKING/PASSING,2,NO INDICATION OF INJURY,0,0,42.0121879919,-87.699376529,60645,"CHICAGO OHARE INTERNATIONAL AIRPORT, IL US",65.0,59.0,81.0,0.0,10.0,9.0
crash_04375,2020-07-24 18:30:00,2020,7,Jul,Fri,18,Evening commute,30,NO CONTROLS,CLEAR,DAYLIGHT,REAR END,T-INTERSECTION,DRY,NO INJURY / DRIVE AWAY,,,"$501 - $1,500",FAILING TO REDUCE SPEED TO AVOID CRASH,2,NO INDICATION OF INJURY,0,0,41.7716411271,-87.5667423587,60649,"CHICAGO MIDWAY AIRPORT, IL US",81.0,64.0,57.0,0.0,10.0,7.0
crash_04376,2022-02-09 22:28:00,2022,2,Feb,Wed,22,Night or early morning,30,TRAFFIC SIGNAL,CLEAR,"DARKNESS, LIGHTED ROAD",REAR END,NOT DIVIDED,DRY,INJURY AND / OR TOW DUE TO CRASH,,,"OVER $1,500",FOLLOWING TOO CLOSELY,2,NO INDICATION OF INJURY,0,0,41.7509259188,-87.6196842899,60619,"CHICAGO MIDWAY AIRPORT, IL US",37.0,28.0,70.0,0.0,10.0,16.0
crash_04377,2020-10-04 12:50:00,2020,10,Oct,Sun,12,Daytime,30,NO CONTROLS,CLEAR,DAYLIGHT,REAR END,DIVIDED - W/MEDIAN (NOT RAISED),DRY,INJURY AND / OR TOW DUE TO CRASH,,,"OVER $1,500",FAILING TO REDUCE SPEED TO AVOID CRASH,3,NO INDICATION OF INJURY,0,0,41.9459961513,-87.7485331314,60641,"CHICAGO OHARE INTERNATIONAL AIRPORT, IL US",54.0,36.0,51.0,0.0,10.0,15.0
crash_04378,2023-01-05 11:15:00,2023,1,Jan,Thu,11,Daytime,30,NO CONTROLS,OTHER,DAYLIGHT,TURNING,DIVIDED - W/MEDIAN (NOT RAISED),WET,NO INJURY / DRIVE AWAY,,,"OVER $1,500",FAILING TO REDUCE SPEED TO AVOID CRASH,2,NO INDICATION OF INJURY,0,0,41.923657083,-87.8016565198,60707,"CHICAGO OHARE INTERNATIONAL AIRPORT, IL US",33.0,28.0,82.0,0.0,5.0,9.0
crash_04379,2024-08-08 09:22:00,2024,8,Aug,Thu,9,Morning commute,30,TRAFFIC SIGNAL,CLEAR,DAYLIGHT,REAR END,NOT DIVIDED,DRY,INJURY AND / OR TOW DUE TO CRASH,,,"OVER $1,500",FOLLOWING TOO CLOSELY,3,"REPORTED, NOT EVIDENT",1,0,41.9322879856,-87.6688743869,60614,"CHICAGO MIDWAY AIRPORT, IL US",74.0,61.0,64.0,0.0,10.0,8.0
crash_04380,2025-10-29 14:00:00,2025,10,Oct,Wed,14,Daytime,25,TRAFFIC SIGNAL,CLEAR,DAYLIGHT,SIDESWIPE SAME DIRECTION,OTHER,DRY,NO INJURY / DRIVE AWAY,,true,"$501 - $1,500",UNABLE TO DETERMINE,2,NO INDICATION OF INJURY,0,0,41.8226783708,-87.6840883904,60609,,,,,,,
crash_04381,2019-12-19 19:20:00,2019,12,Dec,Thu,19,Night or early morning,30,TRAFFIC SIGNAL,CLEAR,"DARKNESS, LIGHTED ROAD",REAR END,DIVIDED - W/MEDIAN (NOT RAISED),DRY,NO INJURY / DRIVE AWAY,true,,"OVER $1,500",FOLLOWING TOO CLOSELY,2,NO INDICATION OF INJURY,0,0,41.6837545692,-87.738760437,60655,"CHICAGO MIDWAY AIRPORT, IL US",31.0,24.0,76.0,0.0,8.0,7.0
crash_04382,2020-01-01 00:40:00,2020,1,Jan,Wed,0,Night or early morning,30,NO CONTROLS,CLEAR,"DARKNESS, LIGHTED ROAD",PARKED MOTOR VEHICLE,ONE-WAY,WET,NO INJURY / DRIVE AWAY,,,"$501 - $1,500",DRIVING SKILLS/KNOWLEDGE/EXPERIENCE,2,NO INDICATION OF INJURY,0,0,41.9265252363,-87.7169816978,60647,"CHICAGO MIDWAY AIRPORT, IL US",27.0,22.0,81.0,,9.0,8.0
crash_04383,2019-05-14 04:50:00,2019,5,May,Tue,4,Night or early morning,30,NO CONTROLS,CLEAR,DAYLIGHT,PARKED MOTOR VEHICLE,NOT DIVIDED,DRY,NO INJURY / DRIVE AWAY,,true,"$501 - $1,500",NOT APPLICABLE,2,NO INDICATION OF INJURY,0,0,41.746513854,-87.737555747,60652,"CHICAGO MIDWAY AIRPORT, IL US",44.0,39.0,83.0,0.0,10.0,0.0
crash_04384,2022-07-01 00:43:00,2022,7,Jul,Fri,0,Night or early morning,30,NO CONTROLS,CLEAR,"DARKNESS, LIGHTED ROAD",PARKED MOTOR VEHICLE,NOT DIVIDED,DRY,INJURY AND / OR TOW DUE TO CRASH,,true,"OVER $1,500",UNABLE TO DETERMINE,3,NO INDICATION OF INJURY,0,0,41.8018171829,-87.5862196183,60615,"CHICAGO MIDWAY AIRPORT, IL US",80.0,57.0,45.0,0.0,10.0,8.0
crash_04385,2021-07-27 15:25:00,2021,7,Jul,Tue,15,Evening commute,30,TRAFFIC SIGNAL,CLEAR,DAYLIGHT,REAR END,NOT DIVIDED,DRY,NO INJURY / DRIVE AWAY,,true,"$501 - $1,500",FOLLOWING TOO CLOSELY,2,NO INDICATION OF INJURY,0,0,41.9099284207,-87.7313179391,60639,"CHICAGO MIDWAY AIRPORT, IL US",88.0,63.0,43.0,0.0,10.0,11.0
crash_04386,2020-06-03 01:10:00,2020,6,Jun,Wed,1,Night or early morning,30,NO CONTROLS,CLEAR,"DARKNESS, LIGHTED ROAD",PARKED MOTOR VEHICLE,ONE-WAY,DRY,NO INJURY / DRIVE AWAY,,true,"OVER $1,500",UNABLE TO DETERMINE,4,NO INDICATION OF INJURY,0,0,41.7301720947,-87.603533409,60619,"CHICAGO MIDWAY AIRPORT, IL US",76.0,61.0,60.0,,10.0,13.0
crash_04387,2022-09-26 16:45:00,2022,9,Sep,Mon,16,Evening commute,30,NO CONTROLS,CLEAR,DAYLIGHT,SIDESWIPE SAME DIRECTION,ONE-WAY,DRY,NO INJURY / DRIVE AWAY,,true,"OVER $1,500",UNABLE TO DETERMINE,2,NO INDICATION OF INJURY,0,0,41.92657062,-87.7134375922,60647,"CHICAGO MIDWAY AIRPORT, IL US",63.0,42.0,47.0,0.0,10.0,16.0
crash_04388,2018-01-28 11:30:00,2018,1,Jan,Sun,11,Daytime,25,TRAFFIC SIGNAL,CLEAR,DAYLIGHT,TURNING,NOT DIVIDED,DRY,INJURY AND / OR TOW DUE TO CRASH,true,,"OVER $1,500",FAILING TO YIELD RIGHT-OF-WAY,2,INCAPACITATING INJURY,1,0,41.7503404373,-87.6731968977,60620,"CHICAGO MIDWAY AIRPORT, IL US",41.0,31.0,67.0,0.0,10.0,11.0
crash_04389,2025-02-10 08:45:00,2025,2,Feb,Mon,8,Morning commute,30,STOP SIGN/FLASHER,CLEAR,DAYLIGHT,REAR END,FOUR WAY,DRY,NO INJURY / DRIVE AWAY,true,,"OVER $1,500",FOLLOWING TOO CLOSELY,2,NO INDICATION OF INJURY,0,0,41.7586090061,-87.5957213605,60619,"CHICAGO MIDWAY AIRPORT, IL US",24.0,6.0,46.0,0.0,10.0,8.0
crash_04390,2025-02-18 02:17:00,2025,2,Feb,Tue,2,Night or early morning,25,NO CONTROLS,SNOW,"DARKNESS, LIGHTED ROAD",PARKED MOTOR VEHICLE,ONE-WAY,SNOW OR SLUSH,NO INJURY / DRIVE AWAY,,true,$500 OR LESS,IMPROPER BACKING,2,NO INDICATION OF INJURY,0,0,41.6831012846,-87.6448810098,60643,"CHICAGO MIDWAY AIRPORT, IL US",1.0,-14.0,48.0,0.0,10.0,13.0
crash_04391,2025-06-10 14:00:00,2025,6,Jun,Tue,14,Daytime,30,NO CONTROLS,UNKNOWN,DAYLIGHT,REAR TO FRONT,DIVIDED - W/MEDIAN BARRIER,UNKNOWN,NO INJURY / DRIVE AWAY,,,$500 OR LESS,UNABLE TO DETERMINE,2,NO INDICATION OF INJURY,0,0,41.8527741629,-87.6227588471,60616,"CHICAGO MIDWAY AIRPORT, IL US",75.0,49.0,40.0,0.0,10.0,13.0
crash_04392,2023-12-01 20:05:00,2023,12,Dec,Fri,20,Night or early morning,30,TRAFFIC SIGNAL,RAIN,"DARKNESS, LIGHTED ROAD",TURNING,NOT DIVIDED,WET,NO INJURY / DRIVE AWAY,,,"OVER $1,500",UNABLE TO DETERMINE,2,NO INDICATION OF INJURY,0,0,41.9759772153,-87.6923105046,60625,"CHICAGO OHARE INTERNATIONAL AIRPORT, IL US",41.0,40.0,96.0,0.0,10.0,8.0
crash_04393,2020-07-17 16:40:00,2020,7,Jul,Fri,16,Evening commute,30,NO CONTROLS,CLEAR,DAYLIGHT,REAR END,NOT DIVIDED,DRY,NO INJURY / DRIVE AWAY,,,"$501 - $1,500",NOT APPLICABLE,2,NO INDICATION OF INJURY,0,0,41.7930221645,-87.73310677,60629,"CHICAGO MIDWAY AIRPORT, IL US",86.0,63.0,46.0,0.0,10.0,11.0
crash_04394,2025-08-16 15:59:00,2025,8,Aug,Sat,15,Evening commute,10,NO CONTROLS,CLOUDY/OVERCAST,DAYLIGHT,REAR TO SIDE,ALLEY,DRY,INJURY AND / OR TOW DUE TO CRASH,,,"OVER $1,500",FAILING TO YIELD RIGHT-OF-WAY,2,NO INDICATION OF INJURY,0,0,41.9249596566,-87.7553673172,60639,"CHICAGO OHARE INTERNATIONAL AIRPORT, IL US",94.0,71.0,48.0,0.0,10.0,13.0
crash_04395,2020-01-31 07:45:00,2020,1,Jan,Fri,7,Morning commute,15,NO CONTROLS,SNOW,DAYLIGHT,REAR TO FRONT,PARKING LOT,WET,NO INJURY / DRIVE AWAY,,,"OVER $1,500",UNABLE TO DETERMINE,2,NO INDICATION OF INJURY,0,0,41.7674752862,-87.5858110642,60649,"CHICAGO MIDWAY AIRPORT, IL US",32.0,29.0,88.0,0.0,1.25,3.0
crash_04396,2025-06-29 18:38:00,2025,6,Jun,Sun,18,Evening commute,15,NO CONTROLS,CLEAR,DAYLIGHT,PARKED MOTOR VEHICLE,PARKING LOT,DRY,NO INJURY / DRIVE AWAY,,true,"OVER $1,500",UNABLE TO DETERMINE,2,NO INDICATION OF INJURY,0,0,41.8507529226,-87.7026248304,60623,"CHICAGO MIDWAY AIRPORT, IL US",88.0,68.0,52.0,0.0,10.0,13.0
crash_04397,2024-05-19 15:30:00,2024,5,May,Sun,15,Evening commute,30,NO CONTROLS,CLEAR,DAYLIGHT,PARKED MOTOR VEHICLE,NOT DIVIDED,DRY,INJURY AND / OR TOW DUE TO CRASH,,,"OVER $1,500",EQUIPMENT - VEHICLE CONDITION,2,NO INDICATION OF INJURY,0,0,41.9256840286,-87.641170713,60614,"CHICAGO MIDWAY AIRPORT, IL US",75.0,43.0,32.0,0.0,10.0,10.0
crash_04398,2021-08-22 04:21:00,2021,8,Aug,Sun,4,Night or early morning,30,NO CONTROLS,CLEAR,"DARKNESS, LIGHTED ROAD",PARKED MOTOR VEHICLE,ONE-WAY,DRY,INJURY AND / OR TOW DUE TO CRASH,,true,"OVER $1,500",UNABLE TO DETERMINE,4,NO INDICATION OF INJURY,0,0,41.8910789276,-87.7563872018,60644,"CHICAGO MIDWAY AIRPORT, IL US",75.0,60.0,60.0,0.0,10.0,13.0
crash_04399,2023-04-20 02:30:00,2023,4,Apr,Thu,2,Night or early morning,30,NO CONTROLS,UNKNOWN,"DARKNESS, LIGHTED ROAD",PARKED MOTOR VEHICLE,DIVIDED - W/MEDIAN BARRIER,DRY,NO INJURY / DRIVE AWAY,,true,"OVER $1,500",UNABLE TO DETERMINE,2,NO INDICATION OF INJURY,0,0,41.8091274775,-87.6045125804,60615,"CHICAGO MIDWAY AIRPORT, IL US",64.0,48.0,56.0,0.0,10.0,8.0
crash_04400,2025-08-03 10:00:00,2025,8,Aug,Sun,10,Daytime,30,UNKNOWN,CLEAR,DAYLIGHT,PARKED MOTOR VEHICLE,NOT DIVIDED,UNKNOWN,NO INJURY / DRIVE AWAY,,true,"OVER $1,500",UNABLE TO DETERMINE,2,NO INDICATION OF INJURY,0,0,41.9415782664,-87.7544518467,60641,"CHICAGO OHARE INTERNATIONAL AIRPORT, IL US",74.0,58.0,57.0,0.0,7.0,6.0
crash_04401,2023-01-01 03:40:00,2023,1,Jan,Sun,3,Night or early morning,35,NO CONTROLS,RAIN,"DARKNESS, LIGHTED ROAD",FIXED OBJECT,DIVIDED - W/MEDIAN BARRIER,WET,INJURY AND / OR TOW DUE TO CRASH,,,"OVER $1,500",UNABLE TO DETERMINE,1,"REPORTED, NOT EVIDENT",1,0,41.9023477585,-87.7394330025,60651,"CHICAGO MIDWAY AIRPORT, IL US",40.0,38.0,93.0,0.09,3.0,5.0
crash_04402,2024-12-30 17:36:00,2024,12,Dec,Mon,17,Evening commute,30,NO CONTROLS,CLEAR,"DARKNESS, LIGHTED ROAD",REAR END,DIVIDED - W/MEDIAN (NOT RAISED),DRY,NO INJURY / DRIVE AWAY,,,"$501 - $1,500",FAILING TO REDUCE SPEED TO AVOID CRASH,2,NO INDICATION OF INJURY,0,0,41.9438532613,-87.7957760358,60634,"CHICAGO OHARE INTERNATIONAL AIRPORT, IL US",37.0,33.0,86.0,,10.0,0.0
crash_04403,2022-09-16 07:30:00,2022,9,Sep,Fri,7,Morning commute,30,TRAFFIC SIGNAL,CLEAR,DAYLIGHT,REAR END,DIVIDED - W/MEDIAN (NOT RAISED),DRY,INJURY AND / OR TOW DUE TO CRASH,,,"OVER $1,500",FOLLOWING TOO CLOSELY,2,INCAPACITATING INJURY,1,0,42.0123713348,-87.6903939174,60645,"CHICAGO OHARE INTERNATIONAL AIRPORT, IL US",66.0,61.0,84.0,0.0,10.0,3.0
crash_04404,2020-08-30 19:30:00,2020,8,Aug,Sun,19,Night or early morning,30,NO CONTROLS,CLEAR,"DARKNESS, LIGHTED ROAD",REAR END,NOT DIVIDED,DRY,NO INJURY / DRIVE AWAY,,,"OVER $1,500",FOLLOWING TOO CLOSELY,2,NO INDICATION OF INJURY,0,0,41.7423299002,-87.5859156433,60619,"CHICAGO MIDWAY AIRPORT, IL US",71.0,56.0,59.0,0.0,10.0,10.0
crash_04405,2019-11-05 06:45:00,2019,11,Nov,Tue,6,Morning commute,30,NO CONTROLS,CLEAR,DAYLIGHT,REAR TO FRONT,DIVIDED - W/MEDIAN BARRIER,DRY,NO INJURY / DRIVE AWAY,,true,"$501 - $1,500",IMPROPER BACKING,2,NO INDICATION OF INJURY,0,0,41.9840066469,-87.8364340172,60631,"CHICAGO OHARE INTERNATIONAL AIRPORT, IL US",32.0,27.0,82.0,0.0,10.0,7.0
crash_04406,2022-06-10 19:45:00,2022,6,Jun,Fri,19,Night or early morning,30,NO CONTROLS,CLEAR,DAYLIGHT,PARKED MOTOR VEHICLE,PARKING LOT,DRY,NO INJURY / DRIVE AWAY,,,"OVER $1,500",IMPROPER BACKING,2,NO INDICATION OF INJURY,0,0,41.7626565399,-87.5590403537,60649,"CHICAGO MIDWAY AIRPORT, IL US",66.0,57.0,73.0,0.0,10.0,8.0
crash_04407,2023-09-29 07:17:00,2023,9,Sep,Fri,7,Morning commute,30,TRAFFIC SIGNAL,CLEAR,DAYLIGHT,REAR END,DIVIDED - W/MEDIAN (NOT RAISED),DRY,NO INJURY / DRIVE AWAY,,,"OVER $1,500",FOLLOWING TOO CLOSELY,2,NO INDICATION OF INJURY,0,0,41.9751372403,-87.7552164012,60630,"CHICAGO OHARE INTERNATIONAL AIRPORT, IL US",62.0,59.0,90.0,,3.0,5.0
crash_04408,2021-09-01 08:15:00,2021,9,Sep,Wed,8,Morning commute,30,TRAFFIC SIGNAL,CLEAR,DAYLIGHT,SIDESWIPE SAME DIRECTION,DIVIDED - W/MEDIAN BARRIER,DRY,NO INJURY / DRIVE AWAY,true,,"OVER $1,500",FAILING TO YIELD RIGHT-OF-WAY,2,NO INDICATION OF INJURY,0,0,41.8715659906,-87.6666754145,60612,"CHICAGO MIDWAY AIRPORT, IL US",73.0,56.0,55.0,0.0,10.0,16.0
crash_04409,2023-04-07 09:46:00,2023,4,Apr,Fri,9,Morning commute,30,NO CONTROLS,CLEAR,DAYLIGHT,PARKED MOTOR VEHICLE,DIVIDED - W/MEDIAN (NOT RAISED),DRY,NO INJURY / DRIVE AWAY,,,"OVER $1,500",UNABLE TO DETERMINE,2,NO INDICATION OF INJURY,0,0,41.953304405,-87.7665759029,60641,"CHICAGO OHARE INTERNATIONAL AIRPORT, IL US",43.0,26.0,51.0,0.0,10.0,10.0
crash_04410,2022-04-20 09:23:00,2022,4,Apr,Wed,9,Morning commute,25,TRAFFIC SIGNAL,CLEAR,DAYLIGHT,SIDESWIPE SAME DIRECTION,FOUR WAY,DRY,NO INJURY / DRIVE AWAY,true,,"OVER $1,500",IMPROPER OVERTAKING/PASSING,2,NO INDICATION OF INJURY,0,0,41.7928557541,-87.7616543745,60638,"CHICAGO MIDWAY AIRPORT, IL US",46.0,31.0,56.0,0.0,10.0,13.0
crash_04411,2022-05-03 11:00:00,2022,5,May,Tue,11,Daytime,35,UNKNOWN,CLEAR,DAYLIGHT,SIDESWIPE SAME DIRECTION,NOT DIVIDED,DRY,NO INJURY / DRIVE AWAY,,true,"$501 - $1,500",UNABLE TO DETERMINE,2,NO INDICATION OF INJURY,0,0,41.9537584266,-87.7275589211,60618,"CHICAGO OHARE INTERNATIONAL AIRPORT, IL US",48.0,45.0,89.0,0.0,5.0,18.0
crash_04412,2021-03-31 10:10:00,2021,3,Mar,Wed,10,Daytime,35,TRAFFIC SIGNAL,CLEAR,DAYLIGHT,TURNING,DIVIDED - W/MEDIAN BARRIER,DRY,NO INJURY / DRIVE AWAY,true,,"OVER $1,500",FAILING TO YIELD RIGHT-OF-WAY,2,NO INDICATION OF INJURY,0,0,41.8767674799,-87.6369910432,60607,"CHICAGO MIDWAY AIRPORT, IL US",38.0,14.0,37.0,0.0,10.0,18.0
crash_04413,2020-03-30 00:51:00,2020,3,Mar,Mon,0,Night or early morning,30,NO CONTROLS,CLEAR,"DARKNESS, LIGHTED ROAD",PARKED MOTOR VEHICLE,NOT DIVIDED,DRY,INJURY AND / OR TOW DUE TO CRASH,,,"OVER $1,500",UNABLE TO DETERMINE,2,NO INDICATION OF INJURY,0,0,41.7644596908,-87.6910993452,60629,"CHICAGO MIDWAY AIRPORT, IL US",45.0,36.0,71.0,0.0,10.0,17.0
crash_04414,2022-02-15 15:30:00,2022,2,Feb,Tue,15,Evening commute,25,NO CONTROLS,CLEAR,DAYLIGHT,TURNING,NOT DIVIDED,UNKNOWN,INJURY AND / OR TOW DUE TO CRASH,,,"OVER $1,500",IMPROPER OVERTAKING/PASSING,2,NONINCAPACITATING INJURY,2,0,41.9758596942,-87.7084649677,60625,"CHICAGO OHARE INTERNATIONAL AIRPORT, IL US",38.0,18.0,44.0,0.0,10.0,14.0
crash_04415,2025-05-24 21:10:00,2025,5,May,Sat,21,Night or early morning,30,NO CONTROLS,CLEAR,DAYLIGHT,SIDESWIPE SAME DIRECTION,NOT DIVIDED,DRY,NO INJURY / DRIVE AWAY,,,"OVER $1,500",FAILING TO YIELD RIGHT-OF-WAY,2,NO INDICATION OF INJURY,0,0,41.9328651858,-87.6471712309,60657,"CHICAGO MIDWAY AIRPORT, IL US",56.0,41.0,57.0,0.0,10.0,9.0
crash_04416,2024-12-05 14:09:00,2024,12,Dec,Thu,14,Daytime,30,NO CONTROLS,CLEAR,DAYLIGHT,REAR END,NOT DIVIDED,DRY,NO INJURY / DRIVE AWAY,true,true,"OVER $1,500",NOT APPLICABLE,3,NO INDICATION OF INJURY,0,0,41.8864048359,-87.740285418,60644,"CHICAGO MIDWAY AIRPORT, IL US",28.0,9.0,44.0,,10.0,14.0
crash_04417,2018-09-16 03:15:00,2018,9,Sep,Sun,3,Night or early morning,35,NO CONTROLS,CLEAR,"DARKNESS, LIGHTED ROAD",FIXED OBJECT,NOT DIVIDED,DRY,INJURY AND / OR TOW DUE TO CRASH,,,"OVER $1,500",NOT APPLICABLE,1,NO INDICATION OF INJURY,0,0,41.9525369266,-87.8124504354,60634,"CHICAGO OHARE INTERNATIONAL AIRPORT, IL US",67.0,64.0,91.0,0.0,8.0,5.0
crash_04418,2023-01-18 12:30:00,2023,1,Jan,Wed,12,Daytime,30,NO CONTROLS,CLEAR,DAYLIGHT,PARKED MOTOR VEHICLE,NOT DIVIDED,DRY,NO INJURY / DRIVE AWAY,,,"OVER $1,500",UNABLE TO DETERMINE,2,NO INDICATION OF INJURY,0,0,41.9394580308,-87.6787750127,60618,"CHICAGO MIDWAY AIRPORT, IL US",39.0,29.0,67.0,0.0,10.0,9.0
crash_04419,2020-03-01 10:20:00,2020,3,Mar,Sun,10,Daytime,15,NO CONTROLS,CLEAR,DAYLIGHT,TURNING,ONE-WAY,UNKNOWN,NO INJURY / DRIVE AWAY,,,"$501 - $1,500",UNABLE TO DETERMINE,2,NO INDICATION OF INJURY,0,0,41.7771443781,-87.6156957723,60637,"CHICAGO MIDWAY AIRPORT, IL US",44.0,28.0,53.0,0.0,10.0,20.0
crash_04420,2019-04-22 20:00:00,2019,4,Apr,Mon,20,Night or early morning,30,TRAFFIC SIGNAL,CLEAR,"DARKNESS, LIGHTED ROAD",TURNING,DIVIDED - W/MEDIAN (NOT RAISED),DRY,NO INJURY / DRIVE AWAY,true,true,"OVER $1,500",FAILING TO YIELD RIGHT-OF-WAY,2,NO INDICATION OF INJURY,0,0,41.8455681559,-87.6237812859,60616,"CHICAGO MIDWAY AIRPORT, IL US",68.0,57.0,68.0,0.07,10.0,11.0
crash_04421,2021-05-05 16:48:00,2021,5,May,Wed,16,Evening commute,35,NO CONTROLS,CLEAR,DAYLIGHT,REAR END,NOT DIVIDED,DRY,NO INJURY / DRIVE AWAY,,,"OVER $1,500",UNABLE TO DETERMINE,2,NO INDICATION OF INJURY,0,0,41.7648159238,-87.6625798632,60636,"CHICAGO MIDWAY AIRPORT, IL US",54.0,31.0,42.0,0.0,10.0,14.0
crash_04422,2018-06-23 03:00:00,2018,6,Jun,Sat,3,Night or early morning,20,TRAFFIC SIGNAL,CLEAR,"DARKNESS, LIGHTED ROAD",ANGLE,DIVIDED - W/MEDIAN (NOT RAISED),DRY,NO INJURY / DRIVE AWAY,,true,"OVER $1,500",UNABLE TO DETERMINE,2,NO INDICATION OF INJURY,0,0,41.8280351411,-87.7046977316,60632,"CHICAGO MIDWAY AIRPORT, IL US",64.0,61.0,90.0,0.0,8.0,3.0