crash_id,crash_datetime,crash_year,crash_month,crash_month_name,crash_weekday_name,crash_hour,time_period,posted_speed_limit_mph,traffic_control_device,reported_weather_condition,reported_lighting_condition,first_crash_type,trafficway_type,reported_road_surface_condition,crash_type,intersection_related,hit_and_run,estimated_damage,primary_contributory_cause,unit_count,most_severe_injury,injuries_total,injuries_fatal,latitude,longitude,zip5,weather_station_name,temperature_f,dew_point_f,relative_humidity_percent,precipitation_inches,visibility_miles,wind_speed_mph
crash_04423,2023-01-15 13:00:00,2023,1,Jan,Sun,13,Daytime,30,UNKNOWN,CLEAR,DAYLIGHT,PEDALCYCLIST,ONE-WAY,DRY,INJURY AND / OR TOW DUE TO CRASH,,,$500 OR LESS,FOLLOWING TOO CLOSELY,2,"REPORTED, NOT EVIDENT",1,0,41.8792431075,-87.6366277969,60606,"CHICAGO MIDWAY AIRPORT, IL US",41.0,24.0,51.0,0.0,10.0,15.0
crash_04424,2024-04-28 09:00:00,2024,4,Apr,Sun,9,Morning commute,30,NO CONTROLS,UNKNOWN,DAYLIGHT,PARKED MOTOR VEHICLE,UNKNOWN,UNKNOWN,NO INJURY / DRIVE AWAY,,true,"OVER $1,500",UNABLE TO DETERMINE,2,NO INDICATION OF INJURY,0,0,41.9484970325,-87.7131065533,60618,"CHICAGO OHARE INTERNATIONAL AIRPORT, IL US",66.0,62.0,87.0,0.0,7.0,3.0
crash_04425,2022-05-04 12:44:00,2022,5,May,Wed,12,Daytime,30,TRAFFIC SIGNAL,CLEAR,DAYLIGHT,HEAD ON,FOUR WAY,DRY,INJURY AND / OR TOW DUE TO CRASH,true,false,"OVER $1,500",DISREGARDING TRAFFIC SIGNALS,3,NONINCAPACITATING INJURY,1,0,41.8091935132,-87.6229793064,60615,"CHICAGO MIDWAY AIRPORT, IL US",53.0,41.0,64.0,0.0,10.0,15.0
crash_04426,2025-06-13 12:54:00,2025,6,Jun,Fri,12,Daytime,30,STOP SIGN/FLASHER,FREEZING RAIN/DRIZZLE,DAYLIGHT,TURNING,NOT DIVIDED,WET,NO INJURY / DRIVE AWAY,,,"OVER $1,500",IMPROPER OVERTAKING/PASSING,2,NO INDICATION OF INJURY,0,0,41.762497024,-87.5635561356,60649,"CHICAGO MIDWAY AIRPORT, IL US",70.0,63.0,79.0,0.01,4.0,6.0
crash_04427,2022-03-25 10:42:00,2022,3,Mar,Fri,10,Daytime,30,NO CONTROLS,CLEAR,DAYLIGHT,ANGLE,PARKING LOT,DRY,NO INJURY / DRIVE AWAY,,,"$501 - $1,500",NOT APPLICABLE,2,NO INDICATION OF INJURY,0,0,41.7862960144,-87.693651826,60629,"CHICAGO MIDWAY AIRPORT, IL US",47.0,33.0,59.0,0.0,10.0,18.0
crash_04428,2023-09-20 17:00:00,2023,9,Sep,Wed,17,Evening commute,10,NO CONTROLS,CLEAR,DAYLIGHT,PARKED MOTOR VEHICLE,PARKING LOT,DRY,NO INJURY / DRIVE AWAY,,true,"OVER $1,500",UNABLE TO DETERMINE,2,NO INDICATION OF INJURY,0,0,41.79799187,-87.7234437408,60632,"CHICAGO MIDWAY AIRPORT, IL US",79.0,57.0,47.0,0.0,10.0,10.0
crash_04429,2022-02-06 10:00:00,2022,2,Feb,Sun,10,Daytime,25,NO CONTROLS,SNOW,UNKNOWN,PARKED MOTOR VEHICLE,ONE-WAY,SNOW OR SLUSH,NO INJURY / DRIVE AWAY,,true,"OVER $1,500",UNABLE TO DETERMINE,2,NO INDICATION OF INJURY,0,0,41.9363372076,-87.6473413095,60657,"CHICAGO MIDWAY AIRPORT, IL US",27.0,15.0,61.0,0.0,10.0,16.0
crash_04430,2025-07-11 13:30:00,2025,7,Jul,Fri,13,Daytime,20,STOP SIGN/FLASHER,CLEAR,DAYLIGHT,REAR TO FRONT,UNKNOWN INTERSECTION TYPE,DRY,NO INJURY / DRIVE AWAY,true,,"$501 - $1,500",IMPROPER BACKING,2,NO INDICATION OF INJURY,0,0,41.7629881301,-87.6831312538,60636,"CHICAGO MIDWAY AIRPORT, IL US",87.0,72.0,61.0,0.0,10.0,9.0
crash_04431,2022-08-16 16:20:00,2022,8,Aug,Tue,16,Evening commute,30,NO CONTROLS,CLEAR,DAYLIGHT,ANGLE,NOT DIVIDED,DRY,NO INJURY / DRIVE AWAY,,,"OVER $1,500",UNABLE TO DETERMINE,2,NO INDICATION OF INJURY,0,0,41.8947846749,-87.6866702742,60612,"CHICAGO MIDWAY AIRPORT, IL US",82.0,50.0,33.0,,10.0,15.0
crash_04432,2018-05-21 14:00:00,2018,5,May,Mon,14,Daytime,30,NO CONTROLS,RAIN,DAYLIGHT,PARKED MOTOR VEHICLE,NOT DIVIDED,WET,NO INJURY / DRIVE AWAY,,true,"$501 - $1,500",UNABLE TO DETERMINE,2,NO INDICATION OF INJURY,0,0,41.8614562637,-87.729775691,60623,"CHICAGO MIDWAY AIRPORT, IL US",59.0,59.0,100.0,0.24,1.5,5.0
crash_04433,2018-05-21 17:30:00,2018,5,May,Mon,17,Evening commute,35,TRAFFIC SIGNAL,RAIN,DAYLIGHT,REAR END,NOT DIVIDED,WET,NO INJURY / DRIVE AWAY,,,"OVER $1,500",FOLLOWING TOO CLOSELY,3,NO INDICATION OF INJURY,0,0,41.7131695862,-87.5508298834,60617,"CHICAGO MIDWAY AIRPORT, IL US",63.0,61.0,94.0,,2.5,6.0
crash_04434,2020-11-11 07:22:00,2020,11,Nov,Wed,7,Morning commute,20,NO CONTROLS,CLEAR,DAYLIGHT,PARKED MOTOR VEHICLE,NOT DIVIDED,DRY,INJURY AND / OR TOW DUE TO CRASH,,,"OVER $1,500",UNABLE TO DETERMINE,2,NO INDICATION OF INJURY,0,0,41.9450119065,-87.7717451596,60634,"CHICAGO OHARE INTERNATIONAL AIRPORT, IL US",36.0,27.0,70.0,0.0,10.0,11.0
crash_04435,2019-08-14 13:00:00,2019,8,Aug,Wed,13,Daytime,25,STOP SIGN/FLASHER,CLEAR,DAYLIGHT,REAR END,ONE-WAY,DRY,NO INJURY / DRIVE AWAY,true,,"OVER $1,500",FAILING TO REDUCE SPEED TO AVOID CRASH,2,NO INDICATION OF INJURY,0,0,41.8780530407,-87.6338743329,60606,"CHICAGO MIDWAY AIRPORT, IL US",82.0,66.0,58.0,0.0,10.0,5.0
crash_04436,2020-10-13 12:00:00,2020,10,Oct,Tue,12,Daytime,30,NO CONTROLS,UNKNOWN,UNKNOWN,PARKED MOTOR VEHICLE,NOT DIVIDED,UNKNOWN,NO INJURY / DRIVE AWAY,,true,"$501 - $1,500",UNABLE TO DETERMINE,2,NO INDICATION OF INJURY,0,0,41.8329016751,-87.6472698681,60608,"CHICAGO MIDWAY AIRPORT, IL US",66.0,32.0,28.0,0.0,10.0,20.0
crash_04437,2022-05-02 10:00:00,2022,5,May,Mon,10,Daytime,30,NO CONTROLS,CLEAR,DAYLIGHT,TURNING,NOT DIVIDED,DRY,NO INJURY / DRIVE AWAY,true,,"OVER $1,500",UNABLE TO DETERMINE,2,NO INDICATION OF INJURY,0,0,41.7225533607,-87.5773636722,60617,"CHICAGO MIDWAY AIRPORT, IL US",51.0,39.0,64.0,0.0,10.0,9.0
crash_04438,2022-08-09 21:37:00,2022,8,Aug,Tue,21,Night or early morning,30,NO CONTROLS,CLEAR,"DARKNESS, LIGHTED ROAD",TURNING,NOT DIVIDED,DRY,INJURY AND / OR TOW DUE TO CRASH,,,"$501 - $1,500",IMPROPER TURNING/NO SIGNAL,2,NO INDICATION OF INJURY,0,0,41.9237124586,-87.7948126664,60707,"CHICAGO OHARE INTERNATIONAL AIRPORT, IL US",68.0,52.0,57.0,0.0,10.0,6.0
crash_04439,2018-09-24 15:20:00,2018,9,Sep,Mon,15,Evening commute,30,NO CONTROLS,RAIN,DAYLIGHT,REAR END,NOT DIVIDED,WET,INJURY AND / OR TOW DUE TO CRASH,,,"OVER $1,500",DISTRACTION - FROM INSIDE VEHICLE,3,NO INDICATION OF INJURY,0,0,41.8767509815,-87.7439593245,60644,"CHICAGO MIDWAY AIRPORT, IL US",68.0,64.0,87.0,0.0,5.0,7.0
crash_04440,2018-10-16 15:13:00,2018,10,Oct,Tue,15,Evening commute,30,STOP SIGN/FLASHER,CLEAR,DAYLIGHT,ANGLE,DIVIDED - W/MEDIAN (NOT RAISED),DRY,INJURY AND / OR TOW DUE TO CRASH,true,,"OVER $1,500",FAILING TO YIELD RIGHT-OF-WAY,2,NO INDICATION OF INJURY,0,0,41.8077935779,-87.7225033567,60632,"CHICAGO MIDWAY AIRPORT, IL US",56.0,30.0,37.0,0.0,10.0,17.0
crash_04441,2023-08-05 13:40:00,2023,8,Aug,Sat,13,Daytime,30,NO CONTROLS,RAIN,DAYLIGHT,SIDESWIPE SAME DIRECTION,DIVIDED - W/MEDIAN BARRIER,WET,NO INJURY / DRIVE AWAY,,true,"OVER $1,500",UNABLE TO DETERMINE,2,NO INDICATION OF INJURY,0,0,41.8095026782,-87.6648497436,60609,"CHICAGO MIDWAY AIRPORT, IL US",73.0,69.0,87.0,0.03,7.0,11.0
crash_04442,2024-10-16 08:32:00,2024,10,Oct,Wed,8,Morning commute,35,TRAFFIC SIGNAL,CLEAR,DAYLIGHT,REAR END,TRAFFIC ROUTE,DRY,NO INJURY / DRIVE AWAY,,,"OVER $1,500",UNABLE TO DETERMINE,2,NO INDICATION OF INJURY,0,0,41.8456049286,-87.6171500204,60616,"CHICAGO MIDWAY AIRPORT, IL US",43.0,32.0,65.0,0.0,10.0,14.0
crash_04443,2022-09-30 06:30:00,2022,9,Sep,Fri,6,Morning commute,30,NO CONTROLS,CLEAR,DAWN,PARKED MOTOR VEHICLE,NOT DIVIDED,DRY,NO INJURY / DRIVE AWAY,,true,"$501 - $1,500",UNABLE TO DETERMINE,2,NO INDICATION OF INJURY,0,0,41.7026309185,-87.5368057059,60617,"CHICAGO MIDWAY AIRPORT, IL US",51.0,43.0,74.0,,10.0,3.0
crash_04444,2021-12-08 14:00:00,2021,12,Dec,Wed,14,Daytime,5,NO CONTROLS,CLEAR,DAYLIGHT,PARKED MOTOR VEHICLE,PARKING LOT,DRY,NO INJURY / DRIVE AWAY,,,$500 OR LESS,IMPROPER BACKING,2,NO INDICATION OF INJURY,0,0,41.9542541916,-87.663525136,60613,"CHICAGO MIDWAY AIRPORT, IL US",35.0,17.0,48.0,0.0,10.0,8.0
crash_04445,2024-06-14 03:20:00,2024,6,Jun,Fri,3,Night or early morning,15,STOP SIGN/FLASHER,CLEAR,"DARKNESS, LIGHTED ROAD",PARKED MOTOR VEHICLE,ONE-WAY,DRY,INJURY AND / OR TOW DUE TO CRASH,,true,"OVER $1,500",UNABLE TO DETERMINE,3,NONINCAPACITATING INJURY,1,0,41.7626266513,-87.6928301692,60629,"CHICAGO MIDWAY AIRPORT, IL US",73.0,61.0,66.0,0.0,10.0,3.0
crash_04446,2022-02-19 17:15:00,2022,2,Feb,Sat,17,Evening commute,40,UNKNOWN,UNKNOWN,DUSK,OTHER NONCOLLISION,OTHER,UNKNOWN,NO INJURY / DRIVE AWAY,,,"OVER $1,500",UNABLE TO DETERMINE,1,NO INDICATION OF INJURY,0,0,41.9261607198,-87.6315146648,60614,"CHICAGO MIDWAY AIRPORT, IL US",20.0,3.0,48.0,0.0,10.0,9.0
crash_04447,2025-12-24 13:45:00,2025,12,Dec,Wed,13,Daytime,30,TRAFFIC SIGNAL,CLEAR,DAYLIGHT,REAR END,ONE-WAY,DRY,NO INJURY / DRIVE AWAY,,,"OVER $1,500",NOT APPLICABLE,2,NO INDICATION OF INJURY,0,0,41.8671342083,-87.6442375198,60607,,,,,,,
crash_04448,2021-12-01 02:45:00,2021,12,Dec,Wed,2,Night or early morning,20,NO CONTROLS,CLEAR,"DARKNESS, LIGHTED ROAD",SIDESWIPE SAME DIRECTION,ONE-WAY,DRY,NO INJURY / DRIVE AWAY,,,"OVER $1,500",FAILING TO YIELD RIGHT-OF-WAY,2,NO INDICATION OF INJURY,0,0,41.9345874379,-87.8077014029,60707,"CHICAGO OHARE INTERNATIONAL AIRPORT, IL US",37.0,26.0,65.0,0.0,10.0,0.0
crash_04449,2022-06-03 13:38:00,2022,6,Jun,Fri,13,Daytime,30,NO CONTROLS,CLEAR,DAYLIGHT,REAR TO FRONT,NOT DIVIDED,DRY,INJURY AND / OR TOW DUE TO CRASH,,,"OVER $1,500",IMPROPER LANE USAGE,2,NONINCAPACITATING INJURY,1,0,41.9688830978,-87.6598126855,60640,"CHICAGO MIDWAY AIRPORT, IL US",83.0,34.0,17.0,0.0,10.0,18.0
crash_04450,2023-09-27 05:12:00,2023,9,Sep,Wed,5,Night or early morning,30,TRAFFIC SIGNAL,RAIN,"DARKNESS, LIGHTED ROAD",ANGLE,FOUR WAY,WET,INJURY AND / OR TOW DUE TO CRASH,true,,"OVER $1,500",UNABLE TO DETERMINE,2,NO INDICATION OF INJURY,0,0,41.8833149123,-87.6354160364,60606,"CHICAGO MIDWAY AIRPORT, IL US",64.0,61.0,90.0,0.0,10.0,5.0
crash_04451,2024-07-04 13:50:00,2024,7,Jul,Thu,13,Daytime,35,UNKNOWN,CLEAR,DAYLIGHT,TURNING,UNKNOWN,DRY,INJURY AND / OR TOW DUE TO CRASH,,,"OVER $1,500",FAILING TO YIELD RIGHT-OF-WAY,2,NONINCAPACITATING INJURY,1,0,41.7341906789,-87.6460310432,60620,"CHICAGO MIDWAY AIRPORT, IL US",82.0,65.0,56.0,0.0,10.0,3.0
crash_04452,2019-07-19 08:05:00,2019,7,Jul,Fri,8,Morning commute,30,NO CONTROLS,CLEAR,DAYLIGHT,TURNING,NOT DIVIDED,DRY,NO INJURY / DRIVE AWAY,,,"OVER $1,500",IMPROPER TURNING/NO SIGNAL,2,NO INDICATION OF INJURY,0,0,41.8581062369,-87.6534630311,60608,"CHICAGO MIDWAY AIRPORT, IL US",83.0,77.0,82.0,0.0,10.0,11.0
crash_04453,2025-03-04 08:18:00,2025,3,Mar,Tue,8,Morning commute,30,STOP SIGN/FLASHER,CLEAR,DAYLIGHT,TURNING,T-INTERSECTION,WET,INJURY AND / OR TOW DUE TO CRASH,true,true,"$501 - $1,500",FAILING TO YIELD RIGHT-OF-WAY,3,NONINCAPACITATING INJURY,1,0,42.0194052037,-87.6877782608,60645,"CHICAGO OHARE INTERNATIONAL AIRPORT, IL US",47.0,43.0,86.0,0.02,10.0,13.0
crash_04454,2024-11-16 01:10:00,2024,11,Nov,Sat,1,Night or early morning,30,STOP SIGN/FLASHER,CLEAR,"DARKNESS, LIGHTED ROAD",ANGLE,FOUR WAY,DRY,INJURY AND / OR TOW DUE TO CRASH,true,,"OVER $1,500",UNABLE TO DETERMINE,2,"REPORTED, NOT EVIDENT",1,0,41.7384421536,-87.6144985718,60619,"CHICAGO MIDWAY AIRPORT, IL US",46.0,40.0,79.0,0.0,10.0,3.0
crash_04455,2020-03-16 20:25:00,2020,3,Mar,Mon,20,Night or early morning,30,TRAFFIC SIGNAL,CLEAR,"DARKNESS, LIGHTED ROAD",REAR END,DIVIDED - W/MEDIAN (NOT RAISED),DRY,NO INJURY / DRIVE AWAY,,true,"OVER $1,500",FOLLOWING TOO CLOSELY,3,NO INDICATION OF INJURY,0,0,41.773723921,-87.585794899,60649,"CHICAGO MIDWAY AIRPORT, IL US",39.0,37.0,93.0,0.0,1.75,6.0
crash_04456,2023-10-03 01:20:00,2023,10,Oct,Tue,1,Night or early morning,15,UNKNOWN,CLEAR,DARKNESS,OTHER OBJECT,PARKING LOT,DRY,INJURY AND / OR TOW DUE TO CRASH,,true,"OVER $1,500",UNABLE TO DETERMINE,1,NO INDICATION OF INJURY,0,0,41.7210731422,-87.6648983734,60643,"CHICAGO MIDWAY AIRPORT, IL US",71.0,58.0,63.0,0.0,10.0,5.0
crash_04457,2025-06-13 21:00:00,2025,6,Jun,Fri,21,Night or early morning,30,STOP SIGN/FLASHER,CLEAR,"DARKNESS, LIGHTED ROAD",SIDESWIPE SAME DIRECTION,DIVIDED - W/MEDIAN (NOT RAISED),DRY,NO INJURY / DRIVE AWAY,,,"OVER $1,500",UNABLE TO DETERMINE,2,NO INDICATION OF INJURY,0,0,41.8503596218,-87.6832675098,60608,"CHICAGO MIDWAY AIRPORT, IL US",68.0,62.0,81.0,0.0,6.0,10.0
crash_04458,2023-05-07 19:55:00,2023,5,May,Sun,19,Night or early morning,25,NO CONTROLS,CLEAR,DUSK,TURNING,NOT DIVIDED,DRY,NO INJURY / DRIVE AWAY,,true,"$501 - $1,500",UNABLE TO DETERMINE,2,NO INDICATION OF INJURY,0,0,41.8587421471,-87.7275420818,60623,"CHICAGO MIDWAY AIRPORT, IL US",64.0,55.0,73.0,0.0,10.0,18.0
crash_04459,2019-03-13 15:00:00,2019,3,Mar,Wed,15,Evening commute,30,UNKNOWN,UNKNOWN,UNKNOWN,SIDESWIPE SAME DIRECTION,UNKNOWN,UNKNOWN,NO INJURY / DRIVE AWAY,,true,"OVER $1,500",UNABLE TO DETERMINE,2,NO INDICATION OF INJURY,0,0,41.9974614091,-87.7878582447,60646,"CHICAGO OHARE INTERNATIONAL AIRPORT, IL US",52.0,46.0,80.0,0.0,10.0,10.0
crash_04460,2018-05-21 17:35:00,2018,5,May,Mon,17,Evening commute,30,STOP SIGN/FLASHER,CLOUDY/OVERCAST,DAYLIGHT,SIDESWIPE SAME DIRECTION,NOT DIVIDED,WET,NO INJURY / DRIVE AWAY,,,"OVER $1,500",IMPROPER BACKING,2,NO INDICATION OF INJURY,0,0,41.8094221361,-87.6079459959,60615,"CHICAGO MIDWAY AIRPORT, IL US",63.0,61.0,94.0,,2.5,6.0
crash_04461,2024-01-30 07:39:00,2024,1,Jan,Tue,7,Morning commute,35,TRAFFIC SIGNAL,RAIN,DAYLIGHT,TURNING,FOUR WAY,WET,NO INJURY / DRIVE AWAY,true,,"OVER $1,500",FAILING TO YIELD RIGHT-OF-WAY,2,NO INDICATION OF INJURY,0,0,41.9467192597,-87.7079719507,60618,"CHICAGO MIDWAY AIRPORT, IL US",38.0,36.0,93.0,0.0,2.5,3.0
crash_04462,2022-03-26 14:20:00,2022,3,Mar,Sat,14,Daytime,30,TRAFFIC SIGNAL,CLEAR,DAYLIGHT,REAR END,NOT DIVIDED,DRY,NO INJURY / DRIVE AWAY,,,"OVER $1,500",UNABLE TO DETERMINE,3,NO INDICATION OF INJURY,0,0,41.758068532,-87.6265169823,60620,"CHICAGO MIDWAY AIRPORT, IL US",32.0,16.0,52.0,0.0,10.0,21.0
crash_04463,2018-02-26 08:45:00,2018,2,Feb,Mon,8,Morning commute,40,LANE USE MARKING,CLEAR,DAYLIGHT,REAR END,ONE-WAY,DRY,NO INJURY / DRIVE AWAY,,,"OVER $1,500",DRIVING SKILLS/KNOWLEDGE/EXPERIENCE,2,NO INDICATION OF INJURY,0,0,41.8571007012,-87.6161950547,60616,"CHICAGO MIDWAY AIRPORT, IL US",39.0,28.0,65.0,0.0,10.0,7.0
crash_04464,2024-09-14 11:25:00,2024,9,Sep,Sat,11,Daytime,25,UNKNOWN,OTHER,UNKNOWN,ANGLE,FOUR WAY,UNKNOWN,INJURY AND / OR TOW DUE TO CRASH,,false,"OVER $1,500",UNABLE TO DETERMINE,2,NONINCAPACITATING INJURY,1,0,41.8302367756,-87.6846047573,60609,"CHICAGO MIDWAY AIRPORT, IL US",85.0,60.0,43.0,0.0,10.0,9.0
crash_04465,2018-03-05 16:10:00,2018,3,Mar,Mon,16,Evening commute,25,TRAFFIC SIGNAL,CLEAR,DAYLIGHT,REAR END,DIVIDED - W/MEDIAN BARRIER,DRY,INJURY AND / OR TOW DUE TO CRASH,,,"OVER $1,500",UNABLE TO DETERMINE,2,INCAPACITATING INJURY,1,0,41.8673736503,-87.6226289385,60605,"CHICAGO MIDWAY AIRPORT, IL US",42.0,20.0,41.0,0.0,10.0,15.0
crash_04466,2018-05-09 18:09:00,2018,5,May,Wed,18,Evening commute,30,NO CONTROLS,RAIN,DAYLIGHT,OTHER NONCOLLISION,ONE-WAY,WET,NO INJURY / DRIVE AWAY,,,"$501 - $1,500",NOT APPLICABLE,1,,,,41.9240447155,-87.802739692,60707,"CHICAGO OHARE INTERNATIONAL AIRPORT, IL US",81.0,56.0,42.0,,10.0,24.0
crash_04467,2023-06-25 04:30:00,2023,6,Jun,Sun,4,Night or early morning,30,NO CONTROLS,RAIN,"DARKNESS, LIGHTED ROAD",PARKED MOTOR VEHICLE,PARKING LOT,WET,NO INJURY / DRIVE AWAY,,,"$501 - $1,500",UNABLE TO DETERMINE,2,NO INDICATION OF INJURY,0,0,41.976201139,-87.9053091251,60666,"CHICAGO OHARE INTERNATIONAL AIRPORT, IL US",68.0,67.0,96.0,0.0,7.0,8.0
crash_04468,2023-04-20 21:56:00,2023,4,Apr,Thu,21,Night or early morning,30,NO CONTROLS,CLEAR,"DARKNESS, LIGHTED ROAD",PARKED MOTOR VEHICLE,NOT DIVIDED,DRY,INJURY AND / OR TOW DUE TO CRASH,,,"OVER $1,500",UNABLE TO DETERMINE,3,NO INDICATION OF INJURY,0,0,41.9124919472,-87.7167713964,60647,"CHICAGO MIDWAY AIRPORT, IL US",58.0,50.0,75.0,0.0,10.0,21.0
crash_04469,2019-04-01 20:00:00,2019,4,Apr,Mon,20,Night or early morning,30,NO CONTROLS,CLEAR,"DARKNESS, LIGHTED ROAD",PARKED MOTOR VEHICLE,ONE-WAY,DRY,NO INJURY / DRIVE AWAY,,,"$501 - $1,500",UNABLE TO DETERMINE,2,NO INDICATION OF INJURY,0,0,41.8917728271,-87.6339270578,60654,"CHICAGO MIDWAY AIRPORT, IL US",45.0,30.0,56.0,0.0,10.0,13.0
crash_04470,2020-03-19 15:40:00,2020,3,Mar,Thu,15,Evening commute,35,NO CONTROLS,RAIN,DAYLIGHT,TURNING,NOT DIVIDED,WET,NO INJURY / DRIVE AWAY,,,"OVER $1,500",IMPROPER TURNING/NO SIGNAL,2,NO INDICATION OF INJURY,0,0,41.9279254258,-87.7330627834,60639,"CHICAGO MIDWAY AIRPORT, IL US",52.0,52.0,100.0,0.03,1.25,11.0
crash_04471,2023-08-02 13:00:00,2023,8,Aug,Wed,13,Daytime,30,UNKNOWN,UNKNOWN,UNKNOWN,REAR END,UNKNOWN,UNKNOWN,NO INJURY / DRIVE AWAY,,,"OVER $1,500",UNABLE TO DETERMINE,2,NO INDICATION OF INJURY,0,0,41.9095520101,-87.7658117384,60639,"CHICAGO MIDWAY AIRPORT, IL US",82.0,60.0,47.0,0.0,10.0,10.0
crash_04472,2023-03-26 16:45:00,2023,3,Mar,Sun,16,Evening commute,30,NO CONTROLS,RAIN,DAYLIGHT,TURNING,NOT DIVIDED,WET,NO INJURY / DRIVE AWAY,,,"OVER $1,500",UNABLE TO DETERMINE,2,NO INDICATION OF INJURY,0,0,41.8320171643,-87.7048209183,60623,"CHICAGO MIDWAY AIRPORT, IL US",42.0,37.0,82.0,0.13,5.0,11.0
crash_04473,2018-06-20 19:20:00,2018,6,Jun,Wed,19,Night or early morning,30,TRAFFIC SIGNAL,CLEAR,DAYLIGHT,ANGLE,NOT DIVIDED,DRY,INJURY AND / OR TOW DUE TO CRASH,true,,"OVER $1,500",DISREGARDING TRAFFIC SIGNALS,2,"REPORTED, NOT EVIDENT",1,0,41.874532943,-87.7109540381,60624,"CHICAGO MIDWAY AIRPORT, IL US",70.0,63.0,79.0,0.0,10.0,6.0
crash_04474,2019-04-04 07:35:00,2019,4,Apr,Thu,7,Morning commute,25,TRAFFIC SIGNAL,CLEAR,DAYLIGHT,SIDESWIPE SAME DIRECTION,DIVIDED - W/MEDIAN (NOT RAISED),DRY,NO INJURY / DRIVE AWAY,true,,"$501 - $1,500",IMPROPER OVERTAKING/PASSING,2,NO INDICATION OF INJURY,0,0,41.8164388049,-87.6295865961,60609,"CHICAGO MIDWAY AIRPORT, IL US",45.0,41.0,86.0,0.0,10.0,10.0
crash_04475,2022-09-25 06:00:00,2022,9,Sep,Sun,6,Morning commute,30,NO CONTROLS,CLEAR,DARKNESS,SIDESWIPE SAME DIRECTION,ONE-WAY,DRY,INJURY AND / OR TOW DUE TO CRASH,true,false,"OVER $1,500",IMPROPER OVERTAKING/PASSING,2,NONINCAPACITATING INJURY,1,0,41.8879048818,-87.6183640115,60601,"CHICAGO MIDWAY AIRPORT, IL US",61.0,52.0,72.0,0.0,10.0,11.0
crash_04476,2019-12-26 17:41:00,2019,12,Dec,Thu,17,Evening commute,15,NO CONTROLS,CLEAR,DUSK,PARKED MOTOR VEHICLE,PARKING LOT,DRY,INJURY AND / OR TOW DUE TO CRASH,,,"$501 - $1,500",IMPROPER BACKING,2,NONINCAPACITATING INJURY,1,0,41.8880703776,-87.6296922567,60654,"CHICAGO MIDWAY AIRPORT, IL US",56.0,47.0,72.0,0.0,10.0,9.0
crash_04477,2020-12-01 14:40:00,2020,12,Dec,Tue,14,Daytime,30,TRAFFIC SIGNAL,CLEAR,DAYLIGHT,REAR END,NOT DIVIDED,DRY,INJURY AND / OR TOW DUE TO CRASH,,,"OVER $1,500",FOLLOWING TOO CLOSELY,3,INCAPACITATING INJURY,1,0,41.9253412402,-87.6489719386,60614,"CHICAGO MIDWAY AIRPORT, IL US",33.0,17.0,52.0,0.0,10.0,9.0
crash_04478,2022-11-05 11:38:00,2022,11,Nov,Sat,11,Daytime,20,NO CONTROLS,RAIN,DAYLIGHT,PARKED MOTOR VEHICLE,PARKING LOT,WET,NO INJURY / DRIVE AWAY,,true,"OVER $1,500","OPERATING VEHICLE IN ERRATIC, RECKLESS, CARELESS, NEGLIGENT OR AGGRESSIVE MANNER",2,NO INDICATION OF INJURY,0,0,41.8352821552,-87.6232011968,60616,"CHICAGO MIDWAY AIRPORT, IL US",66.0,56.0,70.0,0.01,10.0,28.0
crash_04479,2024-10-07 08:52:00,2024,10,Oct,Mon,8,Morning commute,30,TRAFFIC SIGNAL,CLEAR,DAYLIGHT,SIDESWIPE SAME DIRECTION,NOT DIVIDED,DRY,NO INJURY / DRIVE AWAY,,true,"OVER $1,500",IMPROPER OVERTAKING/PASSING,2,NO INDICATION OF INJURY,0,0,41.8761275956,-87.7012332201,60612,"CHICAGO MIDWAY AIRPORT, IL US",55.0,36.0,49.0,0.0,10.0,6.0
crash_04480,2024-10-02 19:03:00,2024,10,Oct,Wed,19,Night or early morning,30,UNKNOWN,CLEAR,"DARKNESS, LIGHTED ROAD",REAR END,UNKNOWN,UNKNOWN,NO INJURY / DRIVE AWAY,,,"OVER $1,500",UNABLE TO DETERMINE,2,NO INDICATION OF INJURY,0,0,41.7796807607,-87.575066734,60649,"CHICAGO MIDWAY AIRPORT, IL US",69.0,34.0,27.0,0.0,10.0,5.0
crash_04481,2019-02-14 10:40:00,2019,2,Feb,Thu,10,Daytime,30,NO CONTROLS,CLEAR,DAYLIGHT,ANGLE,PARKING LOT,DRY,NO INJURY / DRIVE AWAY,,,"OVER $1,500",NOT APPLICABLE,2,NO INDICATION OF INJURY,0,0,41.7916050351,-87.7036488822,60629,"CHICAGO MIDWAY AIRPORT, IL US",42.0,32.0,68.0,0.0,10.0,10.0
crash_04482,2025-02-04 19:00:00,2025,2,Feb,Tue,19,Night or early morning,30,STOP SIGN/FLASHER,CLEAR,DARKNESS,ANGLE,FOUR WAY,DRY,INJURY AND / OR TOW DUE TO CRASH,true,,"OVER $1,500",FAILING TO YIELD RIGHT-OF-WAY,2,"REPORTED, NOT EVIDENT",2,0,41.878043475,-87.6481802109,60607,"CHICAGO MIDWAY AIRPORT, IL US",25.0,16.0,69.0,0.0,10.0,14.0
crash_04483,2022-08-26 08:17:00,2022,8,Aug,Fri,8,Morning commute,30,NO CONTROLS,CLEAR,DAYLIGHT,REAR END,PARKING LOT,UNKNOWN,NO INJURY / DRIVE AWAY,,,"$501 - $1,500",UNABLE TO DETERMINE,2,NO INDICATION OF INJURY,0,0,41.8321440313,-87.7243959235,60632,"CHICAGO MIDWAY AIRPORT, IL US",69.0,64.0,84.0,,10.0,10.0