crash_id,crash_datetime,crash_year,crash_month,crash_month_name,crash_weekday_name,crash_hour,time_period,posted_speed_limit_mph,traffic_control_device,reported_weather_condition,reported_lighting_condition,first_crash_type,trafficway_type,reported_road_surface_condition,crash_type,intersection_related,hit_and_run,estimated_damage,primary_contributory_cause,unit_count,most_severe_injury,injuries_total,injuries_fatal,latitude,longitude,zip5,weather_station_name,temperature_f,dew_point_f,relative_humidity_percent,precipitation_inches,visibility_miles,wind_speed_mph
crash_04484,2024-12-10 12:45:00,2024,12,Dec,Tue,12,Daytime,30,NO CONTROLS,CLEAR,DAYLIGHT,TURNING,NOT DIVIDED,DRY,INJURY AND / OR TOW DUE TO CRASH,,true,"OVER $1,500",FAILING TO YIELD RIGHT-OF-WAY,2,NO INDICATION OF INJURY,0,0,41.9912479631,-87.6552734509,60660,"CHICAGO OHARE INTERNATIONAL AIRPORT, IL US",33.0,23.0,66.0,0.0,10.0,7.0
crash_04485,2019-05-25 04:28:00,2019,5,May,Sat,4,Night or early morning,25,NO CONTROLS,CLEAR,"DARKNESS, LIGHTED ROAD",PEDESTRIAN,ONE-WAY,DRY,INJURY AND / OR TOW DUE TO CRASH,,true,$500 OR LESS,UNABLE TO DETERMINE,2,NONINCAPACITATING INJURY,1,0,41.9189934097,-87.76960289,60639,"CHICAGO OHARE INTERNATIONAL AIRPORT, IL US",71.0,65.0,81.0,0.0,10.0,7.0
crash_04486,2018-12-29 17:10:00,2018,12,Dec,Sat,17,Evening commute,30,STOP SIGN/FLASHER,SNOW,"DARKNESS, LIGHTED ROAD",ANGLE,NOT DIVIDED,WET,INJURY AND / OR TOW DUE TO CRASH,,,"$501 - $1,500",FAILING TO YIELD RIGHT-OF-WAY,2,NONINCAPACITATING INJURY,1,0,41.87682363,-87.6861794046,60612,"CHICAGO MIDWAY AIRPORT, IL US",28.0,25.0,88.0,0.0,7.0,15.0
crash_04487,2023-07-10 13:03:00,2023,7,Jul,Mon,13,Daytime,30,TRAFFIC SIGNAL,CLEAR,DAYLIGHT,REAR END,NOT DIVIDED,DRY,NO INJURY / DRIVE AWAY,,,"OVER $1,500",UNABLE TO DETERMINE,2,NO INDICATION OF INJURY,0,0,41.926562264,-87.7462427208,60639,"CHICAGO OHARE INTERNATIONAL AIRPORT, IL US",85.0,58.0,40.0,0.0,10.0,13.0
crash_04488,2021-11-14 01:20:00,2021,11,Nov,Sun,1,Night or early morning,30,NO CONTROLS,FREEZING RAIN/DRIZZLE,"DARKNESS, LIGHTED ROAD",PARKED MOTOR VEHICLE,NOT DIVIDED,WET,NO INJURY / DRIVE AWAY,,true,"OVER $1,500",UNABLE TO DETERMINE,2,NO INDICATION OF INJURY,0,0,41.6992413809,-87.5399371332,60617,"CHICAGO MIDWAY AIRPORT, IL US",34.0,29.0,82.0,0.0,5.0,14.0
crash_04489,2021-05-13 03:10:00,2021,5,May,Thu,3,Night or early morning,30,NO CONTROLS,CLEAR,"DARKNESS, LIGHTED ROAD",PARKED MOTOR VEHICLE,PARKING LOT,DRY,NO INJURY / DRIVE AWAY,,true,"OVER $1,500",FAILING TO YIELD RIGHT-OF-WAY,2,NO INDICATION OF INJURY,0,0,41.8734046453,-87.7203996283,60624,"CHICAGO MIDWAY AIRPORT, IL US",41.0,30.0,65.0,0.0,10.0,3.0
crash_04490,2021-02-17 23:30:00,2021,2,Feb,Wed,23,Night or early morning,35,NO CONTROLS,CLEAR,"DARKNESS, LIGHTED ROAD",FIXED OBJECT,DIVIDED - W/MEDIAN BARRIER,UNKNOWN,INJURY AND / OR TOW DUE TO CRASH,,,"OVER $1,500",UNABLE TO DETERMINE,1,NO INDICATION OF INJURY,0,0,41.7951885625,-87.5793730012,60637,"CHICAGO MIDWAY AIRPORT, IL US",19.0,8.0,62.0,0.0,10.0,6.0
crash_04491,2023-05-03 19:00:00,2023,5,May,Wed,19,Night or early morning,30,STOP SIGN/FLASHER,CLEAR,DAYLIGHT,TURNING,L-INTERSECTION,DRY,NO INJURY / DRIVE AWAY,true,,"OVER $1,500",FAILING TO YIELD RIGHT-OF-WAY,2,NO INDICATION OF INJURY,0,0,41.6590543207,-87.6018685373,60827,"CHICAGO MIDWAY AIRPORT, IL US",50.0,37.0,61.0,0.0,10.0,8.0
crash_04492,2018-09-28 20:00:00,2018,9,Sep,Fri,20,Night or early morning,30,TRAFFIC SIGNAL,CLEAR,DARKNESS,SIDESWIPE SAME DIRECTION,NOT DIVIDED,DRY,NO INJURY / DRIVE AWAY,,,$500 OR LESS,UNABLE TO DETERMINE,2,NO INDICATION OF INJURY,0,0,41.8024145545,-87.7232806613,60632,"CHICAGO MIDWAY AIRPORT, IL US",50.0,43.0,77.0,0.0,10.0,8.0
crash_04493,2018-01-31 16:00:00,2018,1,Jan,Wed,16,Evening commute,30,TRAFFIC SIGNAL,CLEAR,DUSK,REAR END,NOT DIVIDED,DRY,NO INJURY / DRIVE AWAY,true,,"$501 - $1,500",FOLLOWING TOO CLOSELY,2,NO INDICATION OF INJURY,0,0,41.9239871186,-87.8061074318,60707,"CHICAGO OHARE INTERNATIONAL AIRPORT, IL US",41.0,28.0,60.0,0.0,10.0,10.0
crash_04494,2022-08-12 15:33:00,2022,8,Aug,Fri,15,Evening commute,30,TRAFFIC SIGNAL,CLEAR,DAYLIGHT,TURNING,FOUR WAY,UNKNOWN,NO INJURY / DRIVE AWAY,true,,"$501 - $1,500",UNABLE TO DETERMINE,2,NO INDICATION OF INJURY,0,0,41.9982179205,-87.6606952556,60626,"CHICAGO OHARE INTERNATIONAL AIRPORT, IL US",75.0,58.0,55.0,0.0,10.0,3.0
crash_04495,2019-05-11 13:15:00,2019,5,May,Sat,13,Daytime,30,TRAFFIC SIGNAL,RAIN,DAYLIGHT,SIDESWIPE SAME DIRECTION,ONE-WAY,WET,NO INJURY / DRIVE AWAY,true,,$500 OR LESS,FOLLOWING TOO CLOSELY,2,NO INDICATION OF INJURY,0,0,41.8958396382,-87.6249881413,60611,"CHICAGO MIDWAY AIRPORT, IL US",52.0,34.0,50.0,0.0,10.0,9.0
crash_04496,2025-03-10 12:40:00,2025,3,Mar,Mon,12,Daytime,30,NO CONTROLS,CLEAR,DAYLIGHT,SIDESWIPE SAME DIRECTION,NOT DIVIDED,UNKNOWN,NO INJURY / DRIVE AWAY,,,"OVER $1,500",UNABLE TO DETERMINE,2,NO INDICATION OF INJURY,0,0,41.9701539535,-87.6888091098,60625,"CHICAGO OHARE INTERNATIONAL AIRPORT, IL US",64.0,34.0,33.0,0.0,10.0,16.0
crash_04497,2024-02-09 13:30:00,2024,2,Feb,Fri,13,Daytime,30,TRAFFIC SIGNAL,CLEAR,DAYLIGHT,TURNING,FOUR WAY,DRY,NO INJURY / DRIVE AWAY,,,"OVER $1,500",IMPROPER TURNING/NO SIGNAL,2,NO INDICATION OF INJURY,0,0,41.8832549278,-87.6768151659,60612,"CHICAGO MIDWAY AIRPORT, IL US",57.0,38.0,49.0,0.0,10.0,17.0
crash_04498,2019-10-06 01:50:00,2019,10,Oct,Sun,1,Night or early morning,30,TRAFFIC SIGNAL,CLOUDY/OVERCAST,DARKNESS,REAR END,NOT DIVIDED,WET,NO INJURY / DRIVE AWAY,,,"$501 - $1,500",FOLLOWING TOO CLOSELY,2,NO INDICATION OF INJURY,0,0,41.9105903273,-87.6626241231,60642,"CHICAGO MIDWAY AIRPORT, IL US",60.0,56.0,86.0,0.0,10.0,8.0
crash_04499,2023-02-24 00:00:00,2023,2,Feb,Fri,0,Night or early morning,30,NO CONTROLS,CLEAR,"DARKNESS, LIGHTED ROAD",PARKED MOTOR VEHICLE,NOT DIVIDED,DRY,NO INJURY / DRIVE AWAY,,,"OVER $1,500",UNABLE TO DETERMINE,2,NO INDICATION OF INJURY,0,0,41.858033337,-87.6581395233,60608,"CHICAGO MIDWAY AIRPORT, IL US",24.0,11.0,57.0,0.0,10.0,10.0
crash_04500,2018-10-22 18:45:00,2018,10,Oct,Mon,18,Evening commute,30,NO CONTROLS,CLEAR,DUSK,SIDESWIPE SAME DIRECTION,DIVIDED - W/MEDIAN BARRIER,DRY,NO INJURY / DRIVE AWAY,,,"$501 - $1,500",IMPROPER LANE USAGE,2,NO INDICATION OF INJURY,0,0,41.8815102506,-87.6709457641,60612,"CHICAGO MIDWAY AIRPORT, IL US",57.0,34.0,42.0,0.0,10.0,7.0
crash_04501,2019-07-17 19:50:00,2019,7,Jul,Wed,19,Night or early morning,10,NO CONTROLS,CLEAR,DUSK,FIXED OBJECT,PARKING LOT,DRY,NO INJURY / DRIVE AWAY,,true,"OVER $1,500",UNABLE TO DETERMINE,1,NO INDICATION OF INJURY,0,0,41.7804036945,-87.6218374892,60637,"CHICAGO MIDWAY AIRPORT, IL US",79.0,72.0,79.0,0.0,10.0,7.0
crash_04502,2019-05-26 03:39:00,2019,5,May,Sun,3,Night or early morning,40,NO CONTROLS,CLEAR,"DARKNESS, LIGHTED ROAD",SIDESWIPE SAME DIRECTION,OTHER,DRY,NO INJURY / DRIVE AWAY,,,"OVER $1,500",IMPROPER OVERTAKING/PASSING,2,NO INDICATION OF INJURY,0,0,41.8926172461,-87.6143556287,60611,"CHICAGO MIDWAY AIRPORT, IL US",72.0,64.0,76.0,0.0,10.0,11.0
crash_04503,2024-06-22 10:00:00,2024,6,Jun,Sat,10,Daytime,30,NO CONTROLS,CLEAR,DAYLIGHT,PARKED MOTOR VEHICLE,NOT DIVIDED,UNKNOWN,NO INJURY / DRIVE AWAY,,true,"$501 - $1,500",UNABLE TO DETERMINE,2,NO INDICATION OF INJURY,0,0,41.9495910907,-87.7708864963,60634,"CHICAGO OHARE INTERNATIONAL AIRPORT, IL US",86.0,69.0,57.0,0.0,10.0,13.0
crash_04504,2021-06-23 19:00:00,2021,6,Jun,Wed,19,Night or early morning,15,NO CONTROLS,CLEAR,DAYLIGHT,PARKED MOTOR VEHICLE,PARKING LOT,DRY,NO INJURY / DRIVE AWAY,,,"$501 - $1,500",DRIVING SKILLS/KNOWLEDGE/EXPERIENCE,2,NO INDICATION OF INJURY,0,0,41.941632064,-87.6687762644,60657,"CHICAGO MIDWAY AIRPORT, IL US",79.0,50.0,36.0,0.0,10.0,23.0
crash_04505,2019-05-11 18:47:00,2019,5,May,Sat,18,Evening commute,30,NO CONTROLS,CLEAR,DAWN,ANGLE,ALLEY,DRY,INJURY AND / OR TOW DUE TO CRASH,false,,"OVER $1,500","VISION OBSCURED (SIGNS, TREE LIMBS, BUILDINGS, ETC.)",2,NO INDICATION OF INJURY,0,0,41.7953811294,-87.7071365,60632,"CHICAGO MIDWAY AIRPORT, IL US",46.0,39.0,77.0,0.0,10.0,16.0
crash_04506,2019-05-09 12:00:00,2019,5,May,Thu,12,Daytime,30,UNKNOWN,UNKNOWN,UNKNOWN,SIDESWIPE SAME DIRECTION,NOT DIVIDED,UNKNOWN,NO INJURY / DRIVE AWAY,,,"OVER $1,500",UNABLE TO DETERMINE,2,NO INDICATION OF INJURY,0,0,41.8809928345,-87.7137310747,60624,"CHICAGO MIDWAY AIRPORT, IL US",69.0,61.0,76.0,,10.0,16.0
crash_04507,2022-11-09 10:00:00,2022,11,Nov,Wed,10,Daytime,10,NO CONTROLS,CLEAR,DAYLIGHT,REAR TO FRONT,ALLEY,DRY,NO INJURY / DRIVE AWAY,,,"$501 - $1,500",UNABLE TO DETERMINE,2,NO INDICATION OF INJURY,0,0,41.7486811343,-87.6086551011,60619,"CHICAGO MIDWAY AIRPORT, IL US",56.0,36.0,47.0,0.0,10.0,13.0
crash_04508,2019-06-21 19:18:00,2019,6,Jun,Fri,19,Night or early morning,30,STOP SIGN/FLASHER,CLEAR,DAYLIGHT,PEDESTRIAN,FOUR WAY,DRY,INJURY AND / OR TOW DUE TO CRASH,true,true,"OVER $1,500",FAILING TO YIELD RIGHT-OF-WAY,2,NONINCAPACITATING INJURY,1,0,41.8588020096,-87.7372377971,60623,"CHICAGO MIDWAY AIRPORT, IL US",62.0,46.0,56.0,0.0,10.0,14.0
crash_04509,2024-02-13 18:30:00,2024,2,Feb,Tue,18,Evening commute,30,TRAFFIC SIGNAL,CLEAR,"DARKNESS, LIGHTED ROAD",REAR END,NOT DIVIDED,DRY,NO INJURY / DRIVE AWAY,,,$500 OR LESS,FOLLOWING TOO CLOSELY,2,NO INDICATION OF INJURY,0,0,41.9255963959,-87.6487503119,60614,"CHICAGO MIDWAY AIRPORT, IL US",34.0,18.0,52.0,0.0,10.0,5.0
crash_04510,2024-02-02 19:10:00,2024,2,Feb,Fri,19,Night or early morning,30,NO CONTROLS,CLEAR,"DARKNESS, LIGHTED ROAD",SIDESWIPE SAME DIRECTION,DIVIDED - W/MEDIAN (NOT RAISED),UNKNOWN,NO INJURY / DRIVE AWAY,,,"$501 - $1,500",UNABLE TO DETERMINE,2,NO INDICATION OF INJURY,0,0,41.9280032305,-87.727379565,60639,"CHICAGO MIDWAY AIRPORT, IL US",35.0,30.0,82.0,0.0,10.0,7.0
crash_04511,2019-02-11 01:00:00,2019,2,Feb,Mon,1,Night or early morning,30,NO CONTROLS,SNOW,"DARKNESS, LIGHTED ROAD",FIXED OBJECT,DRIVEWAY,SNOW OR SLUSH,NO INJURY / DRIVE AWAY,,true,"$501 - $1,500",NOT APPLICABLE,1,NO INDICATION OF INJURY,0,0,41.7431177933,-87.6680486699,60620,"CHICAGO MIDWAY AIRPORT, IL US",29.0,26.0,89.0,0.0,3.0,3.0
crash_04512,2021-06-09 15:40:00,2021,6,Jun,Wed,15,Evening commute,30,STOP SIGN/FLASHER,CLEAR,DAYLIGHT,SIDESWIPE SAME DIRECTION,FOUR WAY,DRY,NO INJURY / DRIVE AWAY,true,,"OVER $1,500",UNABLE TO DETERMINE,2,NO INDICATION OF INJURY,0,0,41.9031019359,-87.6895517546,60622,"CHICAGO MIDWAY AIRPORT, IL US",86.0,64.0,48.0,0.0,10.0,11.0
crash_04513,2019-04-24 18:30:00,2019,4,Apr,Wed,18,Evening commute,30,NO CONTROLS,CLEAR,DAWN,SIDESWIPE SAME DIRECTION,ONE-WAY,DRY,INJURY AND / OR TOW DUE TO CRASH,,,"OVER $1,500",RELATED TO BUS STOP,2,NO INDICATION OF INJURY,0,0,41.8932867017,-87.6207360377,60611,"CHICAGO MIDWAY AIRPORT, IL US",59.0,35.0,41.0,0.0,10.0,10.0
crash_04514,2020-11-26 17:30:00,2020,11,Nov,Thu,17,Evening commute,30,NO CONTROLS,CLEAR,DAYLIGHT,PARKED MOTOR VEHICLE,NOT DIVIDED,DRY,INJURY AND / OR TOW DUE TO CRASH,,,"OVER $1,500",FAILING TO REDUCE SPEED TO AVOID CRASH,3,NO INDICATION OF INJURY,0,0,41.8844327673,-87.7375683395,60624,"CHICAGO MIDWAY AIRPORT, IL US",42.0,35.0,76.0,0.0,10.0,10.0
crash_04515,2020-05-03 18:45:00,2020,5,May,Sun,18,Evening commute,30,TRAFFIC SIGNAL,CLEAR,DAYLIGHT,REAR END,T-INTERSECTION,DRY,NO INJURY / DRIVE AWAY,,,"$501 - $1,500",FOLLOWING TOO CLOSELY,2,NO INDICATION OF INJURY,0,0,41.7691039752,-87.6250922828,60621,"CHICAGO MIDWAY AIRPORT, IL US",72.0,34.0,25.0,0.0,10.0,14.0
crash_04516,2021-10-21 15:45:00,2021,10,Oct,Thu,15,Evening commute,30,NO CONTROLS,CLEAR,DAYLIGHT,REAR END,NOT DIVIDED,DRY,NO INJURY / DRIVE AWAY,,,"OVER $1,500",UNABLE TO DETERMINE,3,NO INDICATION OF INJURY,0,0,41.9092221227,-87.701567176,60622,"CHICAGO MIDWAY AIRPORT, IL US",54.0,45.0,72.0,,10.0,11.0
crash_04517,2018-12-13 20:00:00,2018,12,Dec,Thu,20,Night or early morning,30,NO CONTROLS,CLEAR,"DARKNESS, LIGHTED ROAD",PARKED MOTOR VEHICLE,NOT DIVIDED,WET,NO INJURY / DRIVE AWAY,,true,"OVER $1,500",UNABLE TO DETERMINE,2,NO INDICATION OF INJURY,0,0,41.9671791276,-87.7134735354,60625,"CHICAGO OHARE INTERNATIONAL AIRPORT, IL US",39.0,38.0,96.0,0.01,2.5,8.0
crash_04518,2021-09-02 11:30:00,2021,9,Sep,Thu,11,Daytime,30,TRAFFIC SIGNAL,CLEAR,DAYLIGHT,REAR END,DIVIDED - W/MEDIAN (NOT RAISED),DRY,NO INJURY / DRIVE AWAY,true,,"OVER $1,500",FAILING TO YIELD RIGHT-OF-WAY,2,NO INDICATION OF INJURY,0,0,41.7858527774,-87.6256211036,60621,"CHICAGO MIDWAY AIRPORT, IL US",76.0,49.0,39.0,0.0,10.0,6.0
crash_04519,2022-08-25 09:49:00,2022,8,Aug,Thu,9,Morning commute,30,NO CONTROLS,CLEAR,DAYLIGHT,REAR END,NOT DIVIDED,DRY,NO INJURY / DRIVE AWAY,,,"OVER $1,500",FOLLOWING TOO CLOSELY,2,NO INDICATION OF INJURY,0,0,41.9034553165,-87.667558994,60622,"CHICAGO MIDWAY AIRPORT, IL US",70.0,64.0,82.0,0.11,10.0,10.0
crash_04520,2018-07-06 06:24:00,2018,7,Jul,Fri,6,Morning commute,30,NO CONTROLS,CLEAR,DAYLIGHT,SIDESWIPE SAME DIRECTION,NOT DIVIDED,DRY,NO INJURY / DRIVE AWAY,,true,"OVER $1,500",UNABLE TO DETERMINE,2,NO INDICATION OF INJURY,0,0,41.8513752977,-87.638173103,60616,"CHICAGO MIDWAY AIRPORT, IL US",72.0,58.0,61.0,0.0,10.0,15.0
crash_04521,2025-07-28 05:00:00,2025,7,Jul,Mon,5,Night or early morning,20,NO CONTROLS,CLEAR,UNKNOWN,PARKED MOTOR VEHICLE,NOT DIVIDED,DRY,INJURY AND / OR TOW DUE TO CRASH,,true,"OVER $1,500",UNABLE TO DETERMINE,4,NO INDICATION OF INJURY,0,0,41.9585251746,-87.6557616495,60613,"CHICAGO MIDWAY AIRPORT, IL US",79.0,76.0,90.0,0.0,10.0,6.0
crash_04522,2019-11-21 20:50:00,2019,11,Nov,Thu,20,Night or early morning,30,TRAFFIC SIGNAL,CLEAR,DARKNESS,REAR END,FOUR WAY,UNKNOWN,INJURY AND / OR TOW DUE TO CRASH,true,,"OVER $1,500",FAILING TO REDUCE SPEED TO AVOID CRASH,2,NONINCAPACITATING INJURY,1,0,41.8862699923,-87.7379747758,60624,"CHICAGO MIDWAY AIRPORT, IL US",43.0,36.0,76.0,,10.0,18.0
crash_04523,2022-01-29 15:40:00,2022,1,Jan,Sat,15,Evening commute,30,NO CONTROLS,CLEAR,DAYLIGHT,SIDESWIPE SAME DIRECTION,DRIVEWAY,DRY,NO INJURY / DRIVE AWAY,,,"$501 - $1,500",UNABLE TO DETERMINE,2,NO INDICATION OF INJURY,0,0,41.833293769,-87.6168573403,60616,"CHICAGO MIDWAY AIRPORT, IL US",22.0,5.0,48.0,0.0,10.0,10.0
crash_04524,2025-10-08 22:45:00,2025,10,Oct,Wed,22,Night or early morning,30,STOP SIGN/FLASHER,CLEAR,"DARKNESS, LIGHTED ROAD",SIDESWIPE SAME DIRECTION,DIVIDED - W/MEDIAN (NOT RAISED),DRY,NO INJURY / DRIVE AWAY,,,$500 OR LESS,FAILING TO YIELD RIGHT-OF-WAY,2,NO INDICATION OF INJURY,0,0,,,,,,,,,,
crash_04525,2022-05-09 20:00:00,2022,5,May,Mon,20,Night or early morning,5,NO CONTROLS,CLEAR,"DARKNESS, LIGHTED ROAD",PARKED MOTOR VEHICLE,ONE-WAY,DRY,NO INJURY / DRIVE AWAY,,,"OVER $1,500",UNABLE TO DETERMINE,2,NO INDICATION OF INJURY,0,0,41.9253560559,-87.6939124712,60647,"CHICAGO MIDWAY AIRPORT, IL US",81.0,57.0,44.0,0.0,10.0,20.0
crash_04526,2021-08-15 19:36:00,2021,8,Aug,Sun,19,Night or early morning,30,NO CONTROLS,CLEAR,DAYLIGHT,REAR END,NOT DIVIDED,DRY,NO INJURY / DRIVE AWAY,,,$500 OR LESS,UNABLE TO DETERMINE,2,NO INDICATION OF INJURY,0,0,41.9071404282,-87.7063699037,60622,"CHICAGO MIDWAY AIRPORT, IL US",74.0,55.0,52.0,0.0,10.0,10.0
crash_04527,2023-09-01 19:00:00,2023,9,Sep,Fri,19,Night or early morning,30,NO CONTROLS,CLEAR,DAYLIGHT,PARKED MOTOR VEHICLE,OTHER,DRY,NO INJURY / DRIVE AWAY,,true,"OVER $1,500",NOT APPLICABLE,2,NO INDICATION OF INJURY,0,0,41.883102315,-87.6298273083,60602,"CHICAGO MIDWAY AIRPORT, IL US",81.0,56.0,42.0,0.0,10.0,10.0
crash_04528,2022-07-16 17:00:00,2022,7,Jul,Sat,17,Evening commute,10,NO CONTROLS,CLEAR,DAYLIGHT,PARKED MOTOR VEHICLE,PARKING LOT,UNKNOWN,NO INJURY / DRIVE AWAY,,,"$501 - $1,500",IMPROPER BACKING,2,NO INDICATION OF INJURY,0,0,41.9090188406,-87.6746199356,60622,"CHICAGO MIDWAY AIRPORT, IL US",76.0,65.0,69.0,0.0,10.0,14.0
crash_04529,2024-06-12 12:05:00,2024,6,Jun,Wed,12,Daytime,30,NO CONTROLS,CLEAR,DAYLIGHT,PARKED MOTOR VEHICLE,NOT DIVIDED,DRY,NO INJURY / DRIVE AWAY,,,"OVER $1,500",NOT APPLICABLE,2,NO INDICATION OF INJURY,0,0,41.8664892793,-87.6242793048,60605,"CHICAGO MIDWAY AIRPORT, IL US",83.0,58.0,43.0,0.0,10.0,6.0
crash_04530,2022-06-07 11:35:00,2022,6,Jun,Tue,11,Daytime,35,NO CONTROLS,CLEAR,DAYLIGHT,PARKED MOTOR VEHICLE,NOT DIVIDED,DRY,INJURY AND / OR TOW DUE TO CRASH,,,"OVER $1,500",IMPROPER LANE USAGE,2,NO INDICATION OF INJURY,0,0,41.8952704941,-87.7246141669,60624,"CHICAGO MIDWAY AIRPORT, IL US",63.0,54.0,73.0,,10.0,10.0
crash_04531,2019-10-31 18:26:00,2019,10,Oct,Thu,18,Evening commute,30,STOP SIGN/FLASHER,FREEZING RAIN/DRIZZLE,DARKNESS,TURNING,DIVIDED - W/MEDIAN (NOT RAISED),WET,INJURY AND / OR TOW DUE TO CRASH,true,,"OVER $1,500",FAILING TO YIELD RIGHT-OF-WAY,2,NONINCAPACITATING INJURY,1,0,41.8010855675,-87.6835248987,60609,"CHICAGO MIDWAY AIRPORT, IL US",32.0,27.0,80.0,,10.0,17.0
crash_04532,2021-08-13 10:00:00,2021,8,Aug,Fri,10,Daytime,30,TRAFFIC SIGNAL,CLEAR,DAYLIGHT,TURNING,NOT DIVIDED,DRY,NO INJURY / DRIVE AWAY,,,"OVER $1,500",UNABLE TO DETERMINE,2,NO INDICATION OF INJURY,0,0,41.7356229447,-87.6823703448,60620,"CHICAGO MIDWAY AIRPORT, IL US",77.0,52.0,42.0,0.0,10.0,7.0
crash_04533,2025-06-01 06:14:00,2025,6,Jun,Sun,6,Morning commute,30,TRAFFIC SIGNAL,UNKNOWN,UNKNOWN,REAR END,NOT DIVIDED,UNKNOWN,INJURY AND / OR TOW DUE TO CRASH,,true,"$501 - $1,500",UNABLE TO DETERMINE,2,"REPORTED, NOT EVIDENT",2,0,41.7783353905,-87.7424364942,60638,"CHICAGO MIDWAY AIRPORT, IL US",49.0,38.0,66.0,0.0,10.0,0.0
crash_04534,2020-07-07 14:00:00,2020,7,Jul,Tue,14,Daytime,30,TRAFFIC SIGNAL,CLEAR,DAYLIGHT,PARKED MOTOR VEHICLE,PARKING LOT,DRY,NO INJURY / DRIVE AWAY,true,,"$501 - $1,500",IMPROPER BACKING,2,NO INDICATION OF INJURY,0,0,41.8491402557,-87.6283594683,60616,"CHICAGO MIDWAY AIRPORT, IL US",93.0,66.0,41.0,0.0,10.0,6.0
crash_04535,2020-08-13 14:30:00,2020,8,Aug,Thu,14,Daytime,30,NO CONTROLS,CLEAR,DAYLIGHT,TURNING,NOT DIVIDED,DRY,INJURY AND / OR TOW DUE TO CRASH,true,,"OVER $1,500",FAILING TO YIELD RIGHT-OF-WAY,2,NONINCAPACITATING INJURY,1,0,41.9393703345,-87.7135660217,60618,"CHICAGO MIDWAY AIRPORT, IL US",83.0,53.0,36.0,0.0,10.0,7.0
crash_04536,2018-03-16 12:25:00,2018,3,Mar,Fri,12,Daytime,30,STOP SIGN/FLASHER,CLEAR,DAYLIGHT,ANGLE,NOT DIVIDED,DRY,NO INJURY / DRIVE AWAY,,,"OVER $1,500",UNABLE TO DETERMINE,2,NO INDICATION OF INJURY,0,0,41.890077898,-87.6477560898,60642,"CHICAGO MIDWAY AIRPORT, IL US",36.0,22.0,57.0,0.0,10.0,14.0
crash_04537,2021-05-25 10:00:00,2021,5,May,Tue,10,Daytime,30,NO CONTROLS,CLEAR,DAYLIGHT,PARKED MOTOR VEHICLE,ONE-WAY,DRY,NO INJURY / DRIVE AWAY,,true,"OVER $1,500",UNABLE TO DETERMINE,2,NO INDICATION OF INJURY,0,0,41.7899567322,-87.6189551968,60637,"CHICAGO MIDWAY AIRPORT, IL US",81.0,59.0,47.0,0.0,10.0,13.0
crash_04538,2019-02-15 07:35:00,2019,2,Feb,Fri,7,Morning commute,25,NO CONTROLS,CLEAR,DAYLIGHT,PARKED MOTOR VEHICLE,NOT DIVIDED,ICE,NO INJURY / DRIVE AWAY,true,,"OVER $1,500",WEATHER,2,NO INDICATION OF INJURY,0,0,41.9939147448,-87.6923533078,60659,"CHICAGO OHARE INTERNATIONAL AIRPORT, IL US",8.0,2.0,76.0,0.0,10.0,17.0
crash_04539,2023-11-08 11:35:00,2023,11,Nov,Wed,11,Daytime,30,TRAFFIC SIGNAL,UNKNOWN,UNKNOWN,ANGLE,FOUR WAY,UNKNOWN,NO INJURY / DRIVE AWAY,true,,"OVER $1,500",UNABLE TO DETERMINE,2,NO INDICATION OF INJURY,0,0,41.8803689479,-87.6442248288,60661,"CHICAGO MIDWAY AIRPORT, IL US",55.0,48.0,77.0,0.0,10.0,7.0
crash_04540,2025-05-13 15:40:00,2025,5,May,Tue,15,Evening commute,30,TRAFFIC SIGNAL,CLEAR,DAYLIGHT,TURNING,DIVIDED - W/MEDIAN (NOT RAISED),DRY,NO INJURY / DRIVE AWAY,,,"OVER $1,500",FAILING TO YIELD RIGHT-OF-WAY,2,NO INDICATION OF INJURY,0,0,41.9859279924,-87.7286634185,60646,"CHICAGO OHARE INTERNATIONAL AIRPORT, IL US",75.0,59.0,58.0,0.0,10.0,13.0
crash_04541,2025-03-03 21:30:00,2025,3,Mar,Mon,21,Night or early morning,30,UNKNOWN,UNKNOWN,UNKNOWN,REAR END,UNKNOWN,UNKNOWN,NO INJURY / DRIVE AWAY,,,"OVER $1,500",FOLLOWING TOO CLOSELY,2,NO INDICATION OF INJURY,0,0,41.9796502194,-87.836658111,60631,"CHICAGO OHARE INTERNATIONAL AIRPORT, IL US",46.0,26.0,46.0,0.0,10.0,14.0
crash_04542,2021-07-19 11:30:00,2021,7,Jul,Mon,11,Daytime,35,NO CONTROLS,CLEAR,DAYLIGHT,PARKED MOTOR VEHICLE,ONE-WAY,DRY,NO INJURY / DRIVE AWAY,,,"OVER $1,500",IMPROPER OVERTAKING/PASSING,2,NO INDICATION OF INJURY,0,0,41.7476379094,-87.6098343465,60619,"CHICAGO MIDWAY AIRPORT, IL US",81.0,63.0,54.0,0.0,10.0,6.0
crash_04543,2024-02-01 08:40:00,2024,2,Feb,Thu,8,Morning commute,30,NO CONTROLS,CLEAR,DAYLIGHT,ANGLE,ONE-WAY,DRY,INJURY AND / OR TOW DUE TO CRASH,,,"OVER $1,500",FAILING TO YIELD RIGHT-OF-WAY,2,"REPORTED, NOT EVIDENT",1,0,41.9096611092,-87.7728734871,60639,"CHICAGO MIDWAY AIRPORT, IL US",41.0,34.0,76.0,0.0,10.0,8.0