crash_id,crash_datetime,crash_year,crash_month,crash_month_name,crash_weekday_name,crash_hour,time_period,posted_speed_limit_mph,traffic_control_device,reported_weather_condition,reported_lighting_condition,first_crash_type,trafficway_type,reported_road_surface_condition,crash_type,intersection_related,hit_and_run,estimated_damage,primary_contributory_cause,unit_count,most_severe_injury,injuries_total,injuries_fatal,latitude,longitude,zip5,weather_station_name,temperature_f,dew_point_f,relative_humidity_percent,precipitation_inches,visibility_miles,wind_speed_mph
crash_04544,2019-07-02 18:00:00,2019,7,Jul,Tue,18,Evening commute,20,TRAFFIC SIGNAL,CLEAR,DAYLIGHT,TURNING,DIVIDED - W/MEDIAN (NOT RAISED),DRY,NO INJURY / DRIVE AWAY,,,"$501 - $1,500",IMPROPER TURNING/NO SIGNAL,2,NO INDICATION OF INJURY,0,0,41.8730493663,-87.6277114198,60605,"CHICAGO MIDWAY AIRPORT, IL US",92.0,72.0,52.0,0.0,10.0,13.0
crash_04545,2019-03-22 12:00:00,2019,3,Mar,Fri,12,Daytime,30,TRAFFIC SIGNAL,CLEAR,DAYLIGHT,SIDESWIPE SAME DIRECTION,DIVIDED - W/MEDIAN (NOT RAISED),DRY,NO INJURY / DRIVE AWAY,,,"$501 - $1,500",UNABLE TO DETERMINE,2,NO INDICATION OF INJURY,0,0,41.925010656,-87.6876177869,60647,"CHICAGO MIDWAY AIRPORT, IL US",44.0,26.0,49.0,0.0,10.0,20.0
crash_04546,2018-02-19 16:20:00,2018,2,Feb,Mon,16,Evening commute,30,NO CONTROLS,RAIN,DAYLIGHT,PARKED MOTOR VEHICLE,PARKING LOT,WET,INJURY AND / OR TOW DUE TO CRASH,,,"OVER $1,500",PHYSICAL CONDITION OF DRIVER,2,NONINCAPACITATING INJURY,1,0,41.9242571719,-87.7364272277,60639,"CHICAGO MIDWAY AIRPORT, IL US",57.0,55.0,93.0,0.0,10.0,15.0
crash_04547,2019-12-09 18:50:00,2019,12,Dec,Mon,18,Evening commute,30,NO CONTROLS,CLEAR,"DARKNESS, LIGHTED ROAD",TURNING,DIVIDED - W/MEDIAN (NOT RAISED),DRY,NO INJURY / DRIVE AWAY,,,"$501 - $1,500",FAILING TO YIELD RIGHT-OF-WAY,2,NO INDICATION OF INJURY,0,0,41.7787511551,-87.7239235817,60629,"CHICAGO MIDWAY AIRPORT, IL US",34.0,28.0,79.0,0.0,9.0,23.0
crash_04548,2025-05-09 19:46:00,2025,5,May,Fri,19,Night or early morning,30,TRAFFIC SIGNAL,CLEAR,"DARKNESS, LIGHTED ROAD",PARKED MOTOR VEHICLE,DIVIDED - W/MEDIAN (NOT RAISED),DRY,NO INJURY / DRIVE AWAY,,true,"$501 - $1,500",UNABLE TO DETERMINE,2,NO INDICATION OF INJURY,0,0,41.9671514871,-87.655034705,60640,"CHICAGO MIDWAY AIRPORT, IL US",58.0,18.0,21.0,0.0,10.0,6.0
crash_04549,2023-08-17 01:20:00,2023,8,Aug,Thu,1,Night or early morning,30,NO CONTROLS,UNKNOWN,UNKNOWN,PARKED MOTOR VEHICLE,NOT DIVIDED,UNKNOWN,INJURY AND / OR TOW DUE TO CRASH,,,"OVER $1,500",UNABLE TO DETERMINE,2,NO INDICATION OF INJURY,0,0,41.7850430425,-87.6158904248,60637,"CHICAGO MIDWAY AIRPORT, IL US",70.0,57.0,64.0,0.0,10.0,13.0
crash_04550,2025-08-11 23:00:00,2025,8,Aug,Mon,23,Night or early morning,30,NO CONTROLS,RAIN,"DARKNESS, LIGHTED ROAD",REAR END,ONE-WAY,WET,NO INJURY / DRIVE AWAY,,,"$501 - $1,500",FOLLOWING TOO CLOSELY,2,NO INDICATION OF INJURY,0,0,42.008035999,-87.6649739236,60626,"CHICAGO OHARE INTERNATIONAL AIRPORT, IL US",73.0,69.0,87.0,0.0,10.0,0.0
crash_04551,2018-07-23 19:00:00,2018,7,Jul,Mon,19,Night or early morning,30,NO CONTROLS,CLEAR,DUSK,FIXED OBJECT,RAMP,DRY,NO INJURY / DRIVE AWAY,,,"$501 - $1,500",DISTRACTION - FROM OUTSIDE VEHICLE,1,NO INDICATION OF INJURY,0,0,41.8090525862,-87.6307401664,60609,"CHICAGO MIDWAY AIRPORT, IL US",76.0,65.0,69.0,0.0,10.0,10.0
crash_04552,2023-02-11 10:10:00,2023,2,Feb,Sat,10,Daytime,30,NO CONTROLS,CLEAR,DAYLIGHT,SIDESWIPE SAME DIRECTION,NOT DIVIDED,DRY,NO INJURY / DRIVE AWAY,,,"OVER $1,500",IMPROPER OVERTAKING/PASSING,2,NO INDICATION OF INJURY,0,0,41.6517468496,-87.5351753689,60633,"CHICAGO MIDWAY AIRPORT, IL US",35.0,18.0,50.0,0.0,10.0,9.0
crash_04553,2023-09-29 06:47:00,2023,9,Sep,Fri,6,Morning commute,30,TRAFFIC SIGNAL,CLEAR,DAYLIGHT,REAR END,FOUR WAY,DRY,NO INJURY / DRIVE AWAY,,,"OVER $1,500",FOLLOWING TOO CLOSELY,2,NO INDICATION OF INJURY,0,0,41.9901271357,-87.7384212714,60646,"CHICAGO OHARE INTERNATIONAL AIRPORT, IL US",63.0,57.0,83.0,,3.0,3.0
crash_04554,2020-12-18 02:19:00,2020,12,Dec,Fri,2,Night or early morning,30,NO CONTROLS,CLEAR,"DARKNESS, LIGHTED ROAD",SIDESWIPE SAME DIRECTION,NOT DIVIDED,DRY,NO INJURY / DRIVE AWAY,,true,"$501 - $1,500",UNABLE TO DETERMINE,2,NO INDICATION OF INJURY,0,0,41.7859575801,-87.6912899799,60629,"CHICAGO MIDWAY AIRPORT, IL US",27.0,20.0,75.0,0.0,10.0,5.0
crash_04555,2025-12-01 10:30:00,2025,12,Dec,Mon,10,Daytime,30,TRAFFIC SIGNAL,SNOW,DAYLIGHT,SIDESWIPE SAME DIRECTION,NOT DIVIDED,SNOW OR SLUSH,NO INJURY / DRIVE AWAY,,,"OVER $1,500",UNABLE TO DETERMINE,2,NO INDICATION OF INJURY,0,0,41.7933756605,-87.6838820935,60636,,,,,,,
crash_04556,2021-03-22 13:40:00,2021,3,Mar,Mon,13,Daytime,15,NO CONTROLS,CLEAR,DAYLIGHT,PARKED MOTOR VEHICLE,PARKING LOT,DRY,NO INJURY / DRIVE AWAY,,true,"OVER $1,500",DRIVING SKILLS/KNOWLEDGE/EXPERIENCE,2,NO INDICATION OF INJURY,0,0,41.8643554061,-87.624227999,60605,"CHICAGO MIDWAY AIRPORT, IL US",66.0,30.0,26.0,0.0,10.0,17.0
crash_04557,2024-02-02 14:45:00,2024,2,Feb,Fri,14,Daytime,30,STOP SIGN/FLASHER,CLEAR,DAYLIGHT,TURNING,ONE-WAY,DRY,NO INJURY / DRIVE AWAY,,true,"OVER $1,500",IMPROPER OVERTAKING/PASSING,2,NO INDICATION OF INJURY,0,0,41.8948965794,-87.7655432585,60651,"CHICAGO MIDWAY AIRPORT, IL US",42.0,31.0,65.0,0.0,10.0,9.0
crash_04558,2021-09-06 03:17:00,2021,9,Sep,Mon,3,Night or early morning,30,TRAFFIC SIGNAL,CLEAR,"DARKNESS, LIGHTED ROAD",ANGLE,T-INTERSECTION,DRY,INJURY AND / OR TOW DUE TO CRASH,true,true,"OVER $1,500",DISREGARDING TRAFFIC SIGNALS,5,NO INDICATION OF INJURY,0,0,41.8623981495,-87.7057070111,60623,"CHICAGO MIDWAY AIRPORT, IL US",68.0,53.0,59.0,0.0,10.0,5.0
crash_04559,2021-11-25 09:58:00,2021,11,Nov,Thu,9,Morning commute,35,NO CONTROLS,CLEAR,DAYLIGHT,PARKED MOTOR VEHICLE,NOT DIVIDED,DRY,INJURY AND / OR TOW DUE TO CRASH,,true,"OVER $1,500",UNABLE TO DETERMINE,2,NO INDICATION OF INJURY,0,0,41.9405440426,-87.7270778801,60618,"CHICAGO OHARE INTERNATIONAL AIRPORT, IL US",42.0,34.0,73.0,0.0,10.0,15.0
crash_04560,2022-06-07 08:51:00,2022,6,Jun,Tue,8,Morning commute,30,NO CONTROLS,CLEAR,DAYLIGHT,FIXED OBJECT,DIVIDED - W/MEDIAN BARRIER,DRY,NO INJURY / DRIVE AWAY,,,"OVER $1,500",DRIVING SKILLS/KNOWLEDGE/EXPERIENCE,1,NO INDICATION OF INJURY,0,0,41.7499513924,-87.7019670001,60652,"CHICAGO MIDWAY AIRPORT, IL US",58.0,52.0,81.0,0.0,10.0,16.0
crash_04561,2024-10-23 11:30:00,2024,10,Oct,Wed,11,Daytime,35,TRAFFIC SIGNAL,CLEAR,DAYLIGHT,SIDESWIPE SAME DIRECTION,NOT DIVIDED,DRY,NO INJURY / DRIVE AWAY,,false,"OVER $1,500",UNABLE TO DETERMINE,2,NO INDICATION OF INJURY,0,0,41.7213688223,-87.6430650519,60628,"CHICAGO MIDWAY AIRPORT, IL US",62.0,38.0,41.0,0.0,10.0,14.0
crash_04562,2019-05-19 04:39:00,2019,5,May,Sun,4,Night or early morning,30,UNKNOWN,RAIN,"DARKNESS, LIGHTED ROAD",PARKED MOTOR VEHICLE,NOT DIVIDED,WET,INJURY AND / OR TOW DUE TO CRASH,,true,"OVER $1,500",UNABLE TO DETERMINE,2,NO INDICATION OF INJURY,0,0,41.7946338868,-87.693677472,60632,"CHICAGO MIDWAY AIRPORT, IL US",68.0,63.0,84.0,0.01,10.0,9.0
crash_04563,2018-01-31 10:20:00,2018,1,Jan,Wed,10,Daytime,30,NO CONTROLS,CLEAR,DAYLIGHT,PEDESTRIAN,NOT DIVIDED,DRY,INJURY AND / OR TOW DUE TO CRASH,,true,"OVER $1,500",NOT APPLICABLE,2,NONINCAPACITATING INJURY,1,0,41.8084273416,-87.6736149714,60609,"CHICAGO MIDWAY AIRPORT, IL US",40.0,23.0,51.0,0.0,10.0,22.0
crash_04564,2023-02-04 10:44:00,2023,2,Feb,Sat,10,Daytime,25,NO CONTROLS,CLEAR,DAYLIGHT,FIXED OBJECT,DIVIDED - W/MEDIAN BARRIER,DRY,NO INJURY / DRIVE AWAY,,,"OVER $1,500",UNABLE TO DETERMINE,1,NO INDICATION OF INJURY,0,0,41.9694132626,-87.6468500349,60640,"CHICAGO MIDWAY AIRPORT, IL US",29.0,15.0,56.0,0.0,10.0,14.0
crash_04565,2025-08-02 17:45:00,2025,8,Aug,Sat,17,Evening commute,30,TRAFFIC SIGNAL,CLEAR,DAYLIGHT,ANGLE,DIVIDED - W/MEDIAN (NOT RAISED),DRY,INJURY AND / OR TOW DUE TO CRASH,,,"$501 - $1,500",UNABLE TO DETERMINE,2,NONINCAPACITATING INJURY,1,0,41.8667492941,-87.6685422428,60608,"CHICAGO MIDWAY AIRPORT, IL US",77.0,48.0,36.0,0.0,10.0,8.0
crash_04566,2021-10-12 21:30:00,2021,10,Oct,Tue,21,Night or early morning,30,TRAFFIC SIGNAL,CLEAR,"DARKNESS, LIGHTED ROAD",PEDESTRIAN,NOT DIVIDED,DRY,NO INJURY / DRIVE AWAY,true,,"$501 - $1,500",UNABLE TO DETERMINE,2,NO INDICATION OF INJURY,0,0,41.8750709554,-87.6519824609,60607,"CHICAGO MIDWAY AIRPORT, IL US",60.0,54.0,80.0,0.0,10.0,0.0
crash_04567,2018-07-19 21:25:00,2018,7,Jul,Thu,21,Night or early morning,25,NO CONTROLS,CLEAR,"DARKNESS, LIGHTED ROAD",PARKED MOTOR VEHICLE,ONE-WAY,DRY,INJURY AND / OR TOW DUE TO CRASH,,true,"OVER $1,500",UNABLE TO DETERMINE,7,NO INDICATION OF INJURY,0,0,41.7762607057,-87.6898073586,60629,"CHICAGO MIDWAY AIRPORT, IL US",80.0,65.0,60.0,0.0,10.0,14.0
crash_04568,2018-10-12 17:35:00,2018,10,Oct,Fri,17,Evening commute,30,TRAFFIC SIGNAL,RAIN,DAYLIGHT,REAR END,ONE-WAY,WET,NO INJURY / DRIVE AWAY,,,"OVER $1,500",UNABLE TO DETERMINE,2,NO INDICATION OF INJURY,0,0,41.8891721923,-87.6371099271,60654,"CHICAGO MIDWAY AIRPORT, IL US",42.0,32.0,68.0,0.0,10.0,9.0
crash_04569,2019-05-02 02:00:00,2019,5,May,Thu,2,Night or early morning,10,NO CONTROLS,UNKNOWN,UNKNOWN,FIXED OBJECT,ALLEY,UNKNOWN,NO INJURY / DRIVE AWAY,,true,"OVER $1,500",UNABLE TO DETERMINE,1,NO INDICATION OF INJURY,0,0,41.8976133507,-87.7521401016,60651,"CHICAGO MIDWAY AIRPORT, IL US",45.0,43.0,93.0,0.0,3.0,8.0
crash_04570,2019-09-05 13:50:00,2019,9,Sep,Thu,13,Daytime,30,NO CONTROLS,CLEAR,DAYLIGHT,REAR TO SIDE,DIVIDED - W/MEDIAN (NOT RAISED),DRY,NO INJURY / DRIVE AWAY,true,,"$501 - $1,500",UNABLE TO DETERMINE,2,NO INDICATION OF INJURY,0,0,41.8091800184,-87.7120165565,60632,"CHICAGO MIDWAY AIRPORT, IL US",72.0,51.0,48.0,0.0,10.0,5.0
crash_04571,2019-11-12 06:30:00,2019,11,Nov,Tue,6,Morning commute,30,NO CONTROLS,CLEAR,DAWN,SIDESWIPE SAME DIRECTION,OTHER,DRY,NO INJURY / DRIVE AWAY,,,"OVER $1,500",UNABLE TO DETERMINE,2,NO INDICATION OF INJURY,0,0,41.9822749987,-87.8756954251,60666,"CHICAGO OHARE INTERNATIONAL AIRPORT, IL US",7.0,0.0,73.0,0.0,10.0,13.0
crash_04572,2020-05-01 17:05:00,2020,5,May,Fri,17,Evening commute,30,NO CONTROLS,CLOUDY/OVERCAST,DAYLIGHT,PARKED MOTOR VEHICLE,NOT DIVIDED,DRY,INJURY AND / OR TOW DUE TO CRASH,,,"OVER $1,500",UNABLE TO DETERMINE,2,NO INDICATION OF INJURY,0,0,41.9393344461,-87.6894353735,60618,"CHICAGO MIDWAY AIRPORT, IL US",61.0,33.0,35.0,0.0,10.0,10.0
crash_04573,2018-04-14 23:30:00,2018,4,Apr,Sat,23,Night or early morning,30,TRAFFIC SIGNAL,RAIN,"DARKNESS, LIGHTED ROAD",REAR END,DIVIDED - W/MEDIAN (NOT RAISED),WET,NO INJURY / DRIVE AWAY,,,"$501 - $1,500",IMPROPER LANE USAGE,2,NO INDICATION OF INJURY,0,0,41.9393300986,-87.7123475859,60618,"CHICAGO MIDWAY AIRPORT, IL US",38.0,37.0,97.0,0.07,3.0,9.0
crash_04574,2019-01-29 09:15:00,2019,1,Jan,Tue,9,Morning commute,25,NO CONTROLS,CLEAR,DAYLIGHT,SIDESWIPE SAME DIRECTION,NOT DIVIDED,SNOW OR SLUSH,NO INJURY / DRIVE AWAY,,,"OVER $1,500",EXCEEDING SAFE SPEED FOR CONDITIONS,2,NO INDICATION OF INJURY,0,0,41.9027878602,-87.6412790489,60610,"CHICAGO MIDWAY AIRPORT, IL US",2.0,-6.0,69.0,0.0,10.0,16.0
crash_04575,2022-10-07 08:30:00,2022,10,Oct,Fri,8,Morning commute,25,NO CONTROLS,RAIN,DARKNESS,PEDESTRIAN,ONE-WAY,WET,INJURY AND / OR TOW DUE TO CRASH,,,"OVER $1,500",DRIVING SKILLS/KNOWLEDGE/EXPERIENCE,2,NONINCAPACITATING INJURY,1,0,41.7903213714,-87.5900794483,60637,"CHICAGO MIDWAY AIRPORT, IL US",48.0,38.0,68.0,0.0,10.0,11.0
crash_04576,2022-11-01 21:29:00,2022,11,Nov,Tue,21,Night or early morning,25,NO CONTROLS,CLEAR,"DARKNESS, LIGHTED ROAD",REAR END,ONE-WAY,DRY,INJURY AND / OR TOW DUE TO CRASH,,true,$500 OR LESS,"OPERATING VEHICLE IN ERRATIC, RECKLESS, CARELESS, NEGLIGENT OR AGGRESSIVE MANNER",2,"REPORTED, NOT EVIDENT",1,0,41.8779083492,-87.722530872,60624,"CHICAGO MIDWAY AIRPORT, IL US",60.0,40.0,47.0,0.0,10.0,6.0
crash_04577,2022-01-03 14:00:00,2022,1,Jan,Mon,14,Daytime,30,NO CONTROLS,CLEAR,DAYLIGHT,REAR END,NOT DIVIDED,DRY,NO INJURY / DRIVE AWAY,,,"$501 - $1,500",FAILING TO REDUCE SPEED TO AVOID CRASH,3,NO INDICATION OF INJURY,0,0,41.9257752365,-87.7266613727,60647,"CHICAGO MIDWAY AIRPORT, IL US",23.0,7.0,50.0,0.0,10.0,10.0
crash_04578,2022-02-14 17:35:00,2022,2,Feb,Mon,17,Evening commute,30,TRAFFIC SIGNAL,CLEAR,"DARKNESS, LIGHTED ROAD",REAR END,NOT DIVIDED,DRY,INJURY AND / OR TOW DUE TO CRASH,,,"OVER $1,500",UNDER THE INFLUENCE OF ALCOHOL/DRUGS (USE WHEN ARREST IS EFFECTED),4,"REPORTED, NOT EVIDENT",1,0,41.8205947948,-87.7241422692,60632,"CHICAGO MIDWAY AIRPORT, IL US",26.0,13.0,57.0,0.0,10.0,8.0
crash_04579,2020-08-11 22:12:00,2020,8,Aug,Tue,22,Night or early morning,30,TRAFFIC SIGNAL,CLEAR,DARKNESS,TURNING,FOUR WAY,DRY,NO INJURY / DRIVE AWAY,true,,"OVER $1,500",DISREGARDING STOP SIGN,2,NO INDICATION OF INJURY,0,0,41.9378891298,-87.8064976187,60634,"CHICAGO OHARE INTERNATIONAL AIRPORT, IL US",74.0,53.0,48.0,0.0,10.0,5.0
crash_04580,2024-04-16 13:30:00,2024,4,Apr,Tue,13,Daytime,35,TRAFFIC SIGNAL,CLEAR,DAYLIGHT,TURNING,NOT DIVIDED,DRY,NO INJURY / DRIVE AWAY,true,,"OVER $1,500",IMPROPER OVERTAKING/PASSING,2,NO INDICATION OF INJURY,0,0,41.6917273878,-87.6813001283,60655,"CHICAGO MIDWAY AIRPORT, IL US",78.0,54.0,43.0,,10.0,18.0
crash_04581,2022-08-02 17:30:00,2022,8,Aug,Tue,17,Evening commute,30,NO CONTROLS,CLEAR,DUSK,TURNING,NOT DIVIDED,DRY,NO INJURY / DRIVE AWAY,,,"OVER $1,500",NOT APPLICABLE,2,NO INDICATION OF INJURY,0,0,41.884187654,-87.7014111681,60612,"CHICAGO MIDWAY AIRPORT, IL US",89.0,68.0,50.0,0.0,10.0,10.0
crash_04582,2022-02-08 14:35:00,2022,2,Feb,Tue,14,Daytime,20,NO CONTROLS,CLEAR,DAYLIGHT,PARKED MOTOR VEHICLE,NOT DIVIDED,DRY,NO INJURY / DRIVE AWAY,,,"$501 - $1,500",IMPROPER OVERTAKING/PASSING,2,NO INDICATION OF INJURY,0,0,41.8560583881,-87.6672475308,60608,"CHICAGO MIDWAY AIRPORT, IL US",36.0,24.0,62.0,0.0,10.0,10.0
crash_04583,2023-05-30 17:47:00,2023,5,May,Tue,17,Evening commute,30,STOP SIGN/FLASHER,CLEAR,DAYLIGHT,PEDALCYCLIST,UNKNOWN INTERSECTION TYPE,DRY,NO INJURY / DRIVE AWAY,true,,$500 OR LESS,IMPROPER LANE USAGE,2,NO INDICATION OF INJURY,0,0,41.7620353525,-87.610400498,60619,"CHICAGO MIDWAY AIRPORT, IL US",82.0,49.0,32.0,0.0,10.0,10.0
crash_04584,2019-10-28 23:50:00,2019,10,Oct,Mon,23,Night or early morning,25,TRAFFIC SIGNAL,CLEAR,"DARKNESS, LIGHTED ROAD",SIDESWIPE SAME DIRECTION,NOT DIVIDED,DRY,NO INJURY / DRIVE AWAY,,,"OVER $1,500",FOLLOWING TOO CLOSELY,2,NO INDICATION OF INJURY,0,0,41.7516814334,-87.5627418779,60617,"CHICAGO MIDWAY AIRPORT, IL US",47.0,43.0,86.0,0.0,8.0,6.0
crash_04585,2021-07-28 21:35:00,2021,7,Jul,Wed,21,Night or early morning,30,TRAFFIC SIGNAL,CLEAR,"DARKNESS, LIGHTED ROAD",FIXED OBJECT,NOT DIVIDED,DRY,INJURY AND / OR TOW DUE TO CRASH,true,,"OVER $1,500",UNABLE TO DETERMINE,1,"REPORTED, NOT EVIDENT",4,0,41.9029659626,-87.7044437089,60622,"CHICAGO MIDWAY AIRPORT, IL US",83.0,74.0,74.0,0.0,10.0,7.0
crash_04586,2021-05-28 07:52:00,2021,5,May,Fri,7,Morning commute,30,TRAFFIC SIGNAL,RAIN,UNKNOWN,TURNING,DIVIDED - W/MEDIAN (NOT RAISED),WET,INJURY AND / OR TOW DUE TO CRASH,true,,"OVER $1,500",IMPROPER TURNING/NO SIGNAL,2,NO INDICATION OF INJURY,0,0,41.7934033041,-87.7036126833,60629,"CHICAGO MIDWAY AIRPORT, IL US",46.0,40.0,79.0,0.0,10.0,17.0
crash_04587,2023-02-02 16:45:00,2023,2,Feb,Thu,16,Evening commute,30,NO CONTROLS,CLEAR,DAYLIGHT,SIDESWIPE SAME DIRECTION,NOT DIVIDED,DRY,NO INJURY / DRIVE AWAY,,,"$501 - $1,500",DRIVING SKILLS/KNOWLEDGE/EXPERIENCE,2,NO INDICATION OF INJURY,0,0,41.9070250046,-87.6777955459,60622,"CHICAGO MIDWAY AIRPORT, IL US",30.0,15.0,54.0,0.0,10.0,15.0
crash_04588,2020-09-05 10:30:00,2020,9,Sep,Sat,10,Daytime,30,NO CONTROLS,CLEAR,DAYLIGHT,REAR TO FRONT,ALLEY,DRY,NO INJURY / DRIVE AWAY,,,"OVER $1,500",IMPROPER BACKING,2,NO INDICATION OF INJURY,0,0,41.8540732303,-87.6466804711,60608,"CHICAGO MIDWAY AIRPORT, IL US",79.0,52.0,39.0,0.0,10.0,20.0
crash_04589,2024-07-03 09:05:00,2024,7,Jul,Wed,9,Morning commute,35,OTHER,RAIN,DAYLIGHT,SIDESWIPE SAME DIRECTION,DIVIDED - W/MEDIAN (NOT RAISED),WET,NO INJURY / DRIVE AWAY,,,$500 OR LESS,FAILING TO YIELD RIGHT-OF-WAY,2,NO INDICATION OF INJURY,0,0,42.0055868649,-87.6610773204,60626,"CHICAGO OHARE INTERNATIONAL AIRPORT, IL US",74.0,72.0,94.0,0.06,7.0,8.0
crash_04590,2019-09-17 14:30:00,2019,9,Sep,Tue,14,Daytime,10,NO CONTROLS,CLEAR,DAYLIGHT,REAR TO REAR,PARKING LOT,DRY,NO INJURY / DRIVE AWAY,,true,"$501 - $1,500",UNABLE TO DETERMINE,2,NO INDICATION OF INJURY,0,0,41.9096650487,-87.7516091991,60639,"CHICAGO MIDWAY AIRPORT, IL US",78.0,66.0,67.0,0.0,9.0,9.0
crash_04591,2024-04-09 17:55:00,2024,4,Apr,Tue,17,Evening commute,30,NO CONTROLS,CLEAR,DAYLIGHT,REAR END,NOT DIVIDED,DRY,NO INJURY / DRIVE AWAY,,,"$501 - $1,500",FAILING TO YIELD RIGHT-OF-WAY,2,NO INDICATION OF INJURY,0,0,41.8173902111,-87.743570533,60638,"CHICAGO MIDWAY AIRPORT, IL US",62.0,40.0,44.0,0.0,10.0,9.0
crash_04592,2019-07-14 02:11:00,2019,7,Jul,Sun,2,Night or early morning,35,TRAFFIC SIGNAL,CLEAR,"DARKNESS, LIGHTED ROAD",ANGLE,NOT DIVIDED,DRY,INJURY AND / OR TOW DUE TO CRASH,true,,"OVER $1,500",UNABLE TO DETERMINE,2,NO INDICATION OF INJURY,0,0,41.7918520654,-87.8013777989,60638,"CHICAGO MIDWAY AIRPORT, IL US",76.0,63.0,64.0,0.0,10.0,6.0
crash_04593,2020-07-16 11:00:00,2020,7,Jul,Thu,11,Daytime,30,TRAFFIC SIGNAL,CLEAR,DAYLIGHT,TURNING,NOT DIVIDED,DRY,NO INJURY / DRIVE AWAY,true,true,"OVER $1,500",UNABLE TO DETERMINE,2,NO INDICATION OF INJURY,0,0,41.8771738555,-87.7207841409,60624,"CHICAGO MIDWAY AIRPORT, IL US",74.0,65.0,74.0,0.0,10.0,7.0
crash_04594,2025-03-14 19:30:00,2025,3,Mar,Fri,19,Night or early morning,30,NO CONTROLS,CLEAR,"DARKNESS, LIGHTED ROAD",PEDESTRIAN,PARKING LOT,DRY,INJURY AND / OR TOW DUE TO CRASH,,true,"$501 - $1,500",IMPROPER BACKING,2,INCAPACITATING INJURY,1,0,41.7415446344,-87.7218056624,60652,"CHICAGO MIDWAY AIRPORT, IL US",75.0,49.0,40.0,0.0,10.0,15.0
crash_04595,2022-01-09 20:33:00,2022,1,Jan,Sun,20,Night or early morning,55,NO CONTROLS,CLEAR,"DARKNESS, LIGHTED ROAD",SIDESWIPE SAME DIRECTION,ONE-WAY,DRY,NO INJURY / DRIVE AWAY,,,"$501 - $1,500",UNABLE TO DETERMINE,2,NO INDICATION OF INJURY,0,0,,,,,,,,,,
crash_04596,2019-11-12 18:37:00,2019,11,Nov,Tue,18,Evening commute,15,NO CONTROLS,UNKNOWN,"DARKNESS, LIGHTED ROAD",SIDESWIPE OPPOSITE DIRECTION,ALLEY,ICE,NO INJURY / DRIVE AWAY,,,"OVER $1,500",UNABLE TO DETERMINE,2,NO INDICATION OF INJURY,0,0,41.9202753594,-87.781829045,60639,"CHICAGO OHARE INTERNATIONAL AIRPORT, IL US",12.0,0.0,58.0,0.0,10.0,3.0
crash_04597,2023-05-16 15:04:00,2023,5,May,Tue,15,Evening commute,30,NO CONTROLS,CLEAR,DAYLIGHT,PARKED MOTOR VEHICLE,ONE-WAY,DRY,NO INJURY / DRIVE AWAY,,,"OVER $1,500",ANIMAL,2,NO INDICATION OF INJURY,0,0,41.8602538271,-87.69490138,60608,"CHICAGO MIDWAY AIRPORT, IL US",79.0,41.0,26.0,0.0,10.0,10.0
crash_04598,2022-01-30 17:57:00,2022,1,Jan,Sun,17,Evening commute,30,NO CONTROLS,CLEAR,"DARKNESS, LIGHTED ROAD",PARKED MOTOR VEHICLE,ONE-WAY,UNKNOWN,NO INJURY / DRIVE AWAY,,,"OVER $1,500",UNABLE TO DETERMINE,2,NO INDICATION OF INJURY,0,0,41.9970135036,-87.6970328635,60659,"CHICAGO OHARE INTERNATIONAL AIRPORT, IL US",27.0,16.0,63.0,0.0,10.0,8.0
crash_04599,2019-12-09 18:25:00,2019,12,Dec,Mon,18,Evening commute,30,NO CONTROLS,CLEAR,"DARKNESS, LIGHTED ROAD",PARKED MOTOR VEHICLE,DIVIDED - W/MEDIAN (NOT RAISED),UNKNOWN,NO INJURY / DRIVE AWAY,,,"OVER $1,500",DRIVING SKILLS/KNOWLEDGE/EXPERIENCE,2,NO INDICATION OF INJURY,0,0,41.9279463246,-87.7659805829,60639,"CHICAGO OHARE INTERNATIONAL AIRPORT, IL US",33.0,28.0,82.0,0.0,10.0,23.0
crash_04600,2020-07-08 20:11:00,2020,7,Jul,Wed,20,Night or early morning,30,NO CONTROLS,CLEAR,DUSK,PARKED MOTOR VEHICLE,DIVIDED - W/MEDIAN (NOT RAISED),DRY,INJURY AND / OR TOW DUE TO CRASH,,,"OVER $1,500",UNDER THE INFLUENCE OF ALCOHOL/DRUGS (USE WHEN ARREST IS EFFECTED),2,NO INDICATION OF INJURY,0,0,41.8950269982,-87.7573606788,60651,"CHICAGO MIDWAY AIRPORT, IL US",84.0,64.0,51.0,0.0,10.0,5.0
crash_04601,2022-07-19 13:41:00,2022,7,Jul,Tue,13,Daytime,35,TRAFFIC SIGNAL,CLEAR,DAYLIGHT,SIDESWIPE SAME DIRECTION,FOUR WAY,DRY,NO INJURY / DRIVE AWAY,true,,"$501 - $1,500",FAILING TO YIELD RIGHT-OF-WAY,2,NO INDICATION OF INJURY,0,0,41.7228754552,-87.5510095823,60617,"CHICAGO MIDWAY AIRPORT, IL US",88.0,65.0,46.0,0.0,10.0,11.0
crash_04602,2022-12-15 14:30:00,2022,12,Dec,Thu,14,Daytime,10,NO CONTROLS,UNKNOWN,DAYLIGHT,FIXED OBJECT,ALLEY,UNKNOWN,NO INJURY / DRIVE AWAY,,true,"OVER $1,500",UNABLE TO DETERMINE,1,NO INDICATION OF INJURY,0,0,41.7750926242,-87.6129543448,60637,"CHICAGO MIDWAY AIRPORT, IL US",36.0,26.0,67.0,0.0,10.0,13.0