crash_id,crash_datetime,crash_year,crash_month,crash_month_name,crash_weekday_name,crash_hour,time_period,posted_speed_limit_mph,traffic_control_device,reported_weather_condition,reported_lighting_condition,first_crash_type,trafficway_type,reported_road_surface_condition,crash_type,intersection_related,hit_and_run,estimated_damage,primary_contributory_cause,unit_count,most_severe_injury,injuries_total,injuries_fatal,latitude,longitude,zip5,weather_station_name,temperature_f,dew_point_f,relative_humidity_percent,precipitation_inches,visibility_miles,wind_speed_mph
crash_04603,2023-05-06 11:55:00,2023,5,May,Sat,11,Daytime,30,OTHER,RAIN,DAYLIGHT,PEDALCYCLIST,FOUR WAY,WET,INJURY AND / OR TOW DUE TO CRASH,,,"OVER $1,500",UNABLE TO DETERMINE,2,INCAPACITATING INJURY,1,0,41.8964336115,-87.6518120567,60642,"CHICAGO MIDWAY AIRPORT, IL US",64.0,53.0,68.0,0.0,10.0,13.0
crash_04604,2021-03-19 16:10:00,2021,3,Mar,Fri,16,Evening commute,35,NO CONTROLS,CLEAR,DAYLIGHT,SIDESWIPE SAME DIRECTION,NOT DIVIDED,DRY,NO INJURY / DRIVE AWAY,,,"OVER $1,500",UNABLE TO DETERMINE,2,NO INDICATION OF INJURY,0,0,41.8076628466,-87.7314114329,60632,"CHICAGO MIDWAY AIRPORT, IL US",45.0,20.0,37.0,0.0,10.0,10.0
crash_04605,2018-12-04 18:49:00,2018,12,Dec,Tue,18,Evening commute,20,TRAFFIC SIGNAL,CLEAR,"DARKNESS, LIGHTED ROAD",TURNING,CENTER TURN LANE,DRY,NO INJURY / DRIVE AWAY,true,,"OVER $1,500",IMPROPER TURNING/NO SIGNAL,3,NO INDICATION OF INJURY,0,0,41.750115039,-87.6737417853,60620,"CHICAGO MIDWAY AIRPORT, IL US",30.0,21.0,69.0,,10.0,9.0
crash_04606,2021-12-09 20:13:00,2021,12,Dec,Thu,20,Night or early morning,30,TRAFFIC SIGNAL,CLEAR,"DARKNESS, LIGHTED ROAD",REAR TO FRONT,FOUR WAY,DRY,NO INJURY / DRIVE AWAY,true,,"$501 - $1,500",NOT APPLICABLE,2,NO INDICATION OF INJURY,0,0,41.8529197036,-87.6256475156,60616,"CHICAGO MIDWAY AIRPORT, IL US",44.0,32.0,63.0,0.0,10.0,7.0
crash_04607,2025-11-09 15:35:00,2025,11,Nov,Sun,15,Evening commute,30,STOP SIGN/FLASHER,FOG/SMOKE/HAZE,DAYLIGHT,PARKED MOTOR VEHICLE,NOT DIVIDED,DRY,NO INJURY / DRIVE AWAY,,true,"$501 - $1,500",IMPROPER OVERTAKING/PASSING,2,NO INDICATION OF INJURY,0,0,41.8022064365,-87.7467412916,60638,,,,,,,
crash_04608,2019-07-20 18:15:00,2019,7,Jul,Sat,18,Evening commute,25,STOP SIGN/FLASHER,CLEAR,DAYLIGHT,TURNING,NOT DIVIDED,DRY,NO INJURY / DRIVE AWAY,true,true,$500 OR LESS,IMPROPER TURNING/NO SIGNAL,2,NO INDICATION OF INJURY,0,0,41.9362667203,-87.6613796449,60657,"CHICAGO MIDWAY AIRPORT, IL US",79.0,70.0,74.0,0.0,10.0,16.0
crash_04609,2023-04-18 04:50:00,2023,4,Apr,Tue,4,Night or early morning,30,NO CONTROLS,CLEAR,DAYLIGHT,PARKED MOTOR VEHICLE,PARKING LOT,DRY,NO INJURY / DRIVE AWAY,,,"OVER $1,500",UNABLE TO DETERMINE,2,NO INDICATION OF INJURY,0,0,41.8755279488,-87.7061171625,60624,"CHICAGO MIDWAY AIRPORT, IL US",34.0,26.0,73.0,0.0,10.0,7.0
crash_04610,2018-07-31 10:00:00,2018,7,Jul,Tue,10,Daytime,30,NO CONTROLS,CLEAR,DAYLIGHT,PARKED MOTOR VEHICLE,PARKING LOT,DRY,NO INJURY / DRIVE AWAY,,,"OVER $1,500",UNABLE TO DETERMINE,2,NO INDICATION OF INJURY,0,0,41.8875286397,-87.6326468365,60654,"CHICAGO MIDWAY AIRPORT, IL US",75.0,65.0,71.0,0.0,10.0,11.0
crash_04611,2022-05-16 05:30:00,2022,5,May,Mon,5,Night or early morning,30,NO CONTROLS,CLEAR,DAYLIGHT,PARKED MOTOR VEHICLE,DIVIDED - W/MEDIAN (NOT RAISED),DRY,NO INJURY / DRIVE AWAY,,true,"OVER $1,500",UNABLE TO DETERMINE,2,NO INDICATION OF INJURY,0,0,41.8523388527,-87.6722053915,60608,"CHICAGO MIDWAY AIRPORT, IL US",57.0,49.0,74.0,0.0,10.0,9.0
crash_04612,2022-01-12 13:30:00,2022,1,Jan,Wed,13,Daytime,30,TRAFFIC SIGNAL,CLEAR,DAYLIGHT,SIDESWIPE SAME DIRECTION,FOUR WAY,DRY,NO INJURY / DRIVE AWAY,true,true,"OVER $1,500",UNABLE TO DETERMINE,2,NO INDICATION OF INJURY,0,0,41.8087321219,-87.6636175029,60609,"CHICAGO MIDWAY AIRPORT, IL US",41.0,29.0,62.0,0.0,10.0,9.0
crash_04613,2024-04-16 15:35:00,2024,4,Apr,Tue,15,Evening commute,35,TRAFFIC SIGNAL,CLEAR,DAYLIGHT,TURNING,NOT DIVIDED,DRY,INJURY AND / OR TOW DUE TO CRASH,true,true,"OVER $1,500",DISREGARDING TRAFFIC SIGNALS,2,"REPORTED, NOT EVIDENT",1,0,41.7988608803,-87.7430836068,60638,"CHICAGO MIDWAY AIRPORT, IL US",80.0,58.0,47.0,0.0,10.0,22.0
crash_04614,2018-09-30 06:45:00,2018,9,Sep,Sun,6,Morning commute,25,NO CONTROLS,UNKNOWN,DARKNESS,PARKED MOTOR VEHICLE,NOT DIVIDED,UNKNOWN,NO INJURY / DRIVE AWAY,,true,"OVER $1,500",NOT APPLICABLE,2,NO INDICATION OF INJURY,0,0,41.7651466829,-87.6384680392,60621,"CHICAGO MIDWAY AIRPORT, IL US",56.0,48.0,75.0,0.0,10.0,7.0
crash_04615,2020-06-01 18:50:00,2020,6,Jun,Mon,18,Evening commute,10,NO CONTROLS,CLEAR,DAYLIGHT,PARKED MOTOR VEHICLE,PARKING LOT,DRY,NO INJURY / DRIVE AWAY,,,"$501 - $1,500",IMPROPER BACKING,2,NO INDICATION OF INJURY,0,0,41.7060831053,-87.7024021269,60655,"CHICAGO MIDWAY AIRPORT, IL US",76.0,48.0,37.0,0.0,10.0,18.0
crash_04616,2024-04-05 07:30:00,2024,4,Apr,Fri,7,Morning commute,30,STOP SIGN/FLASHER,CLEAR,DAYLIGHT,PEDESTRIAN,NOT DIVIDED,DRY,NO INJURY / DRIVE AWAY,,,$500 OR LESS,NOT APPLICABLE,2,NO INDICATION OF INJURY,0,0,41.9281667396,-87.6973614825,60647,"CHICAGO MIDWAY AIRPORT, IL US",40.0,32.0,73.0,0.0,10.0,9.0
crash_04617,2024-08-14 17:28:00,2024,8,Aug,Wed,17,Evening commute,35,NO CONTROLS,CLEAR,DAYLIGHT,REAR END,NOT DIVIDED,DRY,NO INJURY / DRIVE AWAY,,true,"OVER $1,500",FAILING TO YIELD RIGHT-OF-WAY,2,NO INDICATION OF INJURY,0,0,41.8008982333,-87.70615204,60632,"CHICAGO MIDWAY AIRPORT, IL US",83.0,61.0,48.0,0.0,10.0,11.0
crash_04618,2024-09-02 16:00:00,2024,9,Sep,Mon,16,Evening commute,15,NO CONTROLS,CLEAR,DAYLIGHT,PARKED MOTOR VEHICLE,ALLEY,DRY,NO INJURY / DRIVE AWAY,,,"OVER $1,500",FOLLOWING TOO CLOSELY,2,NO INDICATION OF INJURY,0,0,41.9443556889,-87.727484753,60641,"CHICAGO OHARE INTERNATIONAL AIRPORT, IL US",74.0,48.0,40.0,0.0,10.0,6.0
crash_04619,2023-06-19 16:15:00,2023,6,Jun,Mon,16,Evening commute,30,NO CONTROLS,CLEAR,DAYLIGHT,REAR END,ONE-WAY,DRY,NO INJURY / DRIVE AWAY,,,"$501 - $1,500",FOLLOWING TOO CLOSELY,2,NO INDICATION OF INJURY,0,0,41.9959531865,-87.6944886187,60659,"CHICAGO OHARE INTERNATIONAL AIRPORT, IL US",85.0,51.0,31.0,0.0,10.0,15.0
crash_04620,2019-06-11 17:50:00,2019,6,Jun,Tue,17,Evening commute,30,NO CONTROLS,CLEAR,DAYLIGHT,REAR END,NOT DIVIDED,DRY,INJURY AND / OR TOW DUE TO CRASH,true,true,"OVER $1,500",UNDER THE INFLUENCE OF ALCOHOL/DRUGS (USE WHEN ARREST IS EFFECTED),3,NO INDICATION OF INJURY,0,0,41.7864560576,-87.6973179572,60629,"CHICAGO MIDWAY AIRPORT, IL US",81.0,39.0,22.0,0.0,10.0,8.0
crash_04621,2022-09-06 21:30:00,2022,9,Sep,Tue,21,Night or early morning,30,NO CONTROLS,CLEAR,"DARKNESS, LIGHTED ROAD",FIXED OBJECT,NOT DIVIDED,"SAND, MUD, DIRT",NO INJURY / DRIVE AWAY,,,"OVER $1,500",UNABLE TO DETERMINE,1,NO INDICATION OF INJURY,0,0,41.7251556079,-87.6494129151,60620,"CHICAGO MIDWAY AIRPORT, IL US",73.0,64.0,74.0,0.0,10.0,6.0
crash_04622,2019-05-08 14:40:00,2019,5,May,Wed,14,Daytime,30,NO CONTROLS,CLEAR,DAYLIGHT,FIXED OBJECT,ONE-WAY,DRY,INJURY AND / OR TOW DUE TO CRASH,,,"OVER $1,500",UNABLE TO DETERMINE,1,NO INDICATION OF INJURY,0,0,41.8761401545,-87.6917695778,60612,"CHICAGO MIDWAY AIRPORT, IL US",63.0,48.0,58.0,0.0,10.0,10.0
crash_04623,2020-09-08 17:19:00,2020,9,Sep,Tue,17,Evening commute,30,TRAFFIC SIGNAL,RAIN,DAYLIGHT,TURNING,FOUR WAY,WET,NO INJURY / DRIVE AWAY,true,,"OVER $1,500",FAILING TO YIELD RIGHT-OF-WAY,2,NO INDICATION OF INJURY,0,0,41.9606195527,-87.7649039347,60630,"CHICAGO OHARE INTERNATIONAL AIRPORT, IL US",62.0,58.0,86.0,0.0,5.0,20.0
crash_04624,2025-04-14 12:02:00,2025,4,Apr,Mon,12,Daytime,10,NO CONTROLS,CLEAR,DAYLIGHT,PARKED MOTOR VEHICLE,PARKING LOT,DRY,NO INJURY / DRIVE AWAY,,true,"OVER $1,500",UNABLE TO DETERMINE,2,NO INDICATION OF INJURY,0,0,41.8531945151,-87.7193289475,60623,"CHICAGO MIDWAY AIRPORT, IL US",63.0,33.0,33.0,0.0,10.0,25.0
crash_04625,2022-05-28 16:08:00,2022,5,May,Sat,16,Evening commute,30,NO CONTROLS,CLEAR,DAYLIGHT,PEDALCYCLIST,NOT DIVIDED,DRY,INJURY AND / OR TOW DUE TO CRASH,true,,$500 OR LESS,DISREGARDING YIELD SIGN,2,"REPORTED, NOT EVIDENT",1,0,41.9087055764,-87.648068015,60610,"CHICAGO MIDWAY AIRPORT, IL US",76.0,50.0,40.0,0.0,10.0,14.0
crash_04626,2025-05-03 18:00:00,2025,5,May,Sat,18,Evening commute,20,NO CONTROLS,CLEAR,DAYLIGHT,PARKED MOTOR VEHICLE,PARKING LOT,DRY,NO INJURY / DRIVE AWAY,,,"$501 - $1,500",IMPROPER BACKING,2,NO INDICATION OF INJURY,0,0,41.8848662222,-87.6224659045,60601,"CHICAGO MIDWAY AIRPORT, IL US",53.0,36.0,52.0,0.0,10.0,15.0
crash_04627,2020-03-11 16:07:00,2020,3,Mar,Wed,16,Evening commute,35,YIELD,CLEAR,DAYLIGHT,PEDESTRIAN,DRIVEWAY,DRY,INJURY AND / OR TOW DUE TO CRASH,,true,"OVER $1,500",FAILING TO YIELD RIGHT-OF-WAY,2,NONINCAPACITATING INJURY,1,0,41.9294099874,-87.7660331564,60639,"CHICAGO OHARE INTERNATIONAL AIRPORT, IL US",45.0,36.0,71.0,0.0,10.0,6.0
crash_04628,2020-07-10 14:20:00,2020,7,Jul,Fri,14,Daytime,30,NO CONTROLS,CLEAR,DAYLIGHT,SIDESWIPE SAME DIRECTION,NOT DIVIDED,DRY,NO INJURY / DRIVE AWAY,,,"OVER $1,500",IMPROPER OVERTAKING/PASSING,2,NO INDICATION OF INJURY,0,0,41.9521425871,-87.8368142669,60634,"CHICAGO OHARE INTERNATIONAL AIRPORT, IL US",84.0,66.0,55.0,0.0,10.0,14.0
crash_04629,2025-05-01 16:32:00,2025,5,May,Thu,16,Evening commute,30,NO CONTROLS,CLOUDY/OVERCAST,DAYLIGHT,TURNING,NOT DIVIDED,DRY,NO INJURY / DRIVE AWAY,,,"$501 - $1,500",IMPROPER TURNING/NO SIGNAL,2,NO INDICATION OF INJURY,0,0,41.7412819611,-87.702312387,60652,"CHICAGO MIDWAY AIRPORT, IL US",64.0,55.0,73.0,0.0,10.0,15.0
crash_04630,2025-09-18 13:35:00,2025,9,Sep,Thu,13,Daytime,30,NO CONTROLS,CLEAR,DAYLIGHT,REAR END,NOT DIVIDED,DRY,NO INJURY / DRIVE AWAY,,,"OVER $1,500",UNABLE TO DETERMINE,2,NO INDICATION OF INJURY,0,0,41.7800082774,-87.6255225119,60621,,,,,,,
crash_04631,2024-09-18 09:02:00,2024,9,Sep,Wed,9,Morning commute,30,NO CONTROLS,CLEAR,DAYLIGHT,TURNING,NOT DIVIDED,DRY,INJURY AND / OR TOW DUE TO CRASH,,,"OVER $1,500",RELATED TO BUS STOP,2,NO INDICATION OF INJURY,0,0,41.8909566533,-87.6587667347,60642,"CHICAGO MIDWAY AIRPORT, IL US",71.0,53.0,53.0,0.0,10.0,5.0
crash_04632,2023-08-27 01:00:00,2023,8,Aug,Sun,1,Night or early morning,30,NO CONTROLS,CLEAR,"DARKNESS, LIGHTED ROAD",SIDESWIPE OPPOSITE DIRECTION,DIVIDED - W/MEDIAN (NOT RAISED),DRY,INJURY AND / OR TOW DUE TO CRASH,,,"OVER $1,500",DRIVING ON WRONG SIDE/WRONG WAY,2,NO INDICATION OF INJURY,0,0,41.9682204184,-87.7399703223,60630,"CHICAGO OHARE INTERNATIONAL AIRPORT, IL US",63.0,58.0,84.0,0.0,10.0,8.0
crash_04633,2023-10-10 15:20:00,2023,10,Oct,Tue,15,Evening commute,30,NO CONTROLS,CLEAR,DAYLIGHT,SIDESWIPE SAME DIRECTION,NOT DIVIDED,DRY,NO INJURY / DRIVE AWAY,,true,"OVER $1,500",UNABLE TO DETERMINE,2,NO INDICATION OF INJURY,0,0,41.8541970502,-87.6858412728,60608,"CHICAGO MIDWAY AIRPORT, IL US",63.0,34.0,34.0,0.0,10.0,17.0
crash_04634,2024-07-08 00:02:00,2024,7,Jul,Mon,0,Night or early morning,35,NO CONTROLS,CLEAR,DAYLIGHT,PARKED MOTOR VEHICLE,NOT DIVIDED,DRY,NO INJURY / DRIVE AWAY,,true,"$501 - $1,500",UNABLE TO DETERMINE,2,NO INDICATION OF INJURY,0,0,41.9645227223,-87.7245554703,60625,"CHICAGO OHARE INTERNATIONAL AIRPORT, IL US",70.0,67.0,90.0,0.0,10.0,6.0
crash_04635,2021-12-27 01:20:00,2021,12,Dec,Mon,1,Night or early morning,30,NO CONTROLS,FREEZING RAIN/DRIZZLE,"DARKNESS, LIGHTED ROAD",REAR END,NOT DIVIDED,WET,INJURY AND / OR TOW DUE TO CRASH,,true,"OVER $1,500",UNABLE TO DETERMINE,2,NONINCAPACITATING INJURY,1,0,41.7698902393,-87.5765472273,60649,"CHICAGO MIDWAY AIRPORT, IL US",38.0,34.0,86.0,0.2,3.0,3.0
crash_04636,2019-07-21 02:30:00,2019,7,Jul,Sun,2,Night or early morning,30,NO CONTROLS,UNKNOWN,"DARKNESS, LIGHTED ROAD",TURNING,NOT DIVIDED,UNKNOWN,NO INJURY / DRIVE AWAY,,,"$501 - $1,500",IMPROPER TURNING/NO SIGNAL,2,NO INDICATION OF INJURY,0,0,41.7728015015,-87.6154290822,60637,"CHICAGO MIDWAY AIRPORT, IL US",74.0,68.0,82.0,0.0,10.0,5.0
crash_04637,2022-10-19 09:30:00,2022,10,Oct,Wed,9,Morning commute,30,TRAFFIC SIGNAL,CLEAR,DAYLIGHT,SIDESWIPE SAME DIRECTION,NOT DIVIDED,DRY,NO INJURY / DRIVE AWAY,,true,$500 OR LESS,IMPROPER OVERTAKING/PASSING,2,NO INDICATION OF INJURY,0,0,41.8720580505,-87.7450793431,60644,"CHICAGO MIDWAY AIRPORT, IL US",41.0,26.0,55.0,0.0,10.0,10.0
crash_04638,2022-12-17 02:24:00,2022,12,Dec,Sat,2,Night or early morning,30,TRAFFIC SIGNAL,CLEAR,"DARKNESS, LIGHTED ROAD",ANGLE,FOUR WAY,WET,INJURY AND / OR TOW DUE TO CRASH,true,,"OVER $1,500",DISREGARDING TRAFFIC SIGNALS,2,NONINCAPACITATING INJURY,3,0,41.7646089122,-87.6833870533,60629,"CHICAGO MIDWAY AIRPORT, IL US",25.0,20.0,81.0,0.0,3.0,15.0
crash_04639,2022-09-21 07:50:00,2022,9,Sep,Wed,7,Morning commute,35,UNKNOWN,UNKNOWN,UNKNOWN,SIDESWIPE SAME DIRECTION,UNKNOWN,UNKNOWN,NO INJURY / DRIVE AWAY,,,"$501 - $1,500",UNABLE TO DETERMINE,2,NO INDICATION OF INJURY,0,0,41.7938334743,-87.6452072749,60621,"CHICAGO MIDWAY AIRPORT, IL US",78.0,64.0,62.0,0.0,10.0,7.0
crash_04640,2018-09-24 22:15:00,2018,9,Sep,Mon,22,Night or early morning,30,NO CONTROLS,CLEAR,"DARKNESS, LIGHTED ROAD",TURNING,NOT DIVIDED,DRY,NO INJURY / DRIVE AWAY,,,"$501 - $1,500",FAILING TO YIELD RIGHT-OF-WAY,2,NO INDICATION OF INJURY,0,0,41.8662286985,-87.7250307045,60624,"CHICAGO MIDWAY AIRPORT, IL US",71.0,66.0,84.0,0.0,9.0,9.0
crash_04641,2020-03-13 21:30:00,2020,3,Mar,Fri,21,Night or early morning,20,NO CONTROLS,CLEAR,"DARKNESS, LIGHTED ROAD",ANGLE,NOT DIVIDED,DRY,INJURY AND / OR TOW DUE TO CRASH,,,"OVER $1,500",FAILING TO YIELD RIGHT-OF-WAY,2,NONINCAPACITATING INJURY,6,0,41.9722310781,-87.7048514944,60625,"CHICAGO OHARE INTERNATIONAL AIRPORT, IL US",42.0,19.0,40.0,0.0,10.0,9.0
crash_04642,2022-06-03 17:30:00,2022,6,Jun,Fri,17,Evening commute,30,NO CONTROLS,CLEAR,DAYLIGHT,SIDESWIPE SAME DIRECTION,NOT DIVIDED,DRY,INJURY AND / OR TOW DUE TO CRASH,,,"OVER $1,500",UNABLE TO DETERMINE,2,NO INDICATION OF INJURY,0,0,41.8958135921,-87.6906839416,60622,"CHICAGO MIDWAY AIRPORT, IL US",81.0,33.0,18.0,0.0,10.0,16.0
crash_04643,2019-05-15 07:30:00,2019,5,May,Wed,7,Morning commute,30,TRAFFIC SIGNAL,CLEAR,DAYLIGHT,SIDESWIPE SAME DIRECTION,DIVIDED - W/MEDIAN (NOT RAISED),DRY,NO INJURY / DRIVE AWAY,,,"OVER $1,500",IMPROPER OVERTAKING/PASSING,2,NO INDICATION OF INJURY,0,0,41.8581723432,-87.7012411749,60623,"CHICAGO MIDWAY AIRPORT, IL US",61.0,48.0,63.0,0.0,10.0,0.0
crash_04644,2023-07-16 19:50:00,2023,7,Jul,Sun,19,Night or early morning,30,TRAFFIC SIGNAL,CLEAR,DAWN,REAR END,FOUR WAY,DRY,NO INJURY / DRIVE AWAY,false,true,"OVER $1,500",UNABLE TO DETERMINE,2,NO INDICATION OF INJURY,0,0,41.8824561939,-87.6245265601,60602,"CHICAGO MIDWAY AIRPORT, IL US",77.0,58.0,52.0,0.0,10.0,11.0
crash_04645,2025-09-11 06:40:00,2025,9,Sep,Thu,6,Morning commute,30,STOP SIGN/FLASHER,CLEAR,DAWN,REAR END,NOT DIVIDED,DRY,NO INJURY / DRIVE AWAY,false,,"OVER $1,500",UNABLE TO DETERMINE,2,NO INDICATION OF INJURY,0,0,41.8659911411,-87.7301223283,60623,,,,,,,
crash_04646,2018-03-23 15:00:00,2018,3,Mar,Fri,15,Evening commute,35,TRAFFIC SIGNAL,CLEAR,DAYLIGHT,REAR END,NOT DIVIDED,DRY,INJURY AND / OR TOW DUE TO CRASH,true,,"OVER $1,500",FOLLOWING TOO CLOSELY,2,"REPORTED, NOT EVIDENT",1,0,41.7060829595,-87.7014667184,60655,"CHICAGO MIDWAY AIRPORT, IL US",40.0,18.0,41.0,0.0,10.0,13.0
crash_04647,2019-08-10 11:40:00,2019,8,Aug,Sat,11,Daytime,30,NO CONTROLS,CLEAR,DAYLIGHT,PARKED MOTOR VEHICLE,NOT DIVIDED,DRY,NO INJURY / DRIVE AWAY,,,"$501 - $1,500",UNABLE TO DETERMINE,2,NO INDICATION OF INJURY,0,0,41.862628294,-87.6150310941,60605,"CHICAGO MIDWAY AIRPORT, IL US",80.0,56.0,44.0,0.0,10.0,8.0
crash_04648,2024-02-13 14:20:00,2024,2,Feb,Tue,14,Daytime,30,NO CONTROLS,CLEAR,DAYLIGHT,REAR END,NOT DIVIDED,DRY,INJURY AND / OR TOW DUE TO CRASH,,,"OVER $1,500",FOLLOWING TOO CLOSELY,2,NONINCAPACITATING INJURY,1,0,41.9553406305,-87.7217699487,60618,"CHICAGO OHARE INTERNATIONAL AIRPORT, IL US",40.0,20.0,45.0,0.0,10.0,5.0
crash_04649,2024-04-10 18:20:00,2024,4,Apr,Wed,18,Evening commute,30,TRAFFIC SIGNAL,CLEAR,DAYLIGHT,ANGLE,NOT DIVIDED,DRY,INJURY AND / OR TOW DUE TO CRASH,true,,"OVER $1,500",UNABLE TO DETERMINE,2,"REPORTED, NOT EVIDENT",1,0,41.8229542941,-87.685012986,60632,"CHICAGO MIDWAY AIRPORT, IL US",63.0,38.0,40.0,0.0,10.0,9.0
crash_04650,2025-05-06 09:00:00,2025,5,May,Tue,9,Morning commute,30,NO CONTROLS,UNKNOWN,DAYLIGHT,REAR END,NOT DIVIDED,UNKNOWN,NO INJURY / DRIVE AWAY,,,"OVER $1,500",FOLLOWING TOO CLOSELY,2,NO INDICATION OF INJURY,0,0,41.7945139429,-87.722117376,60632,"CHICAGO MIDWAY AIRPORT, IL US",60.0,48.0,65.0,0.0,10.0,10.0
crash_04651,2018-05-17 19:30:00,2018,5,May,Thu,19,Night or early morning,10,NO CONTROLS,CLEAR,DARKNESS,PARKED MOTOR VEHICLE,PARKING LOT,DRY,NO INJURY / DRIVE AWAY,,true,"$501 - $1,500",UNABLE TO DETERMINE,2,NO INDICATION OF INJURY,0,0,41.8326053759,-87.6102842485,60616,"CHICAGO MIDWAY AIRPORT, IL US",56.0,43.0,62.0,0.0,10.0,11.0
crash_04652,2020-09-22 23:00:00,2020,9,Sep,Tue,23,Night or early morning,30,NO CONTROLS,CLEAR,"DARKNESS, LIGHTED ROAD",PARKED MOTOR VEHICLE,ONE-WAY,DRY,NO INJURY / DRIVE AWAY,,true,"OVER $1,500",UNABLE TO DETERMINE,2,NO INDICATION OF INJURY,0,0,41.8538252559,-87.7088178549,60623,"CHICAGO MIDWAY AIRPORT, IL US",67.0,54.0,63.0,0.0,10.0,8.0
crash_04653,2021-12-10 17:30:00,2021,12,Dec,Fri,17,Evening commute,30,TRAFFIC SIGNAL,RAIN,"DARKNESS, LIGHTED ROAD",REAR END,FOUR WAY,WET,NO INJURY / DRIVE AWAY,true,,"OVER $1,500",FOLLOWING TOO CLOSELY,2,NO INDICATION OF INJURY,0,0,41.7068233366,-87.6429774693,60643,"CHICAGO MIDWAY AIRPORT, IL US",45.0,41.0,86.0,0.01,5.0,5.0
crash_04654,2023-08-21 09:00:00,2023,8,Aug,Mon,9,Morning commute,30,NO CONTROLS,CLEAR,DAYLIGHT,REAR END,NOT DIVIDED,DRY,NO INJURY / DRIVE AWAY,,,"OVER $1,500",FOLLOWING TOO CLOSELY,2,NO INDICATION OF INJURY,0,0,41.909107755,-87.7266341469,60651,"CHICAGO MIDWAY AIRPORT, IL US",76.0,65.0,69.0,0.0,10.0,10.0
crash_04655,2022-03-18 20:00:00,2022,3,Mar,Fri,20,Night or early morning,30,TRAFFIC SIGNAL,RAIN,"DARKNESS, LIGHTED ROAD",REAR END,NOT DIVIDED,WET,NO INJURY / DRIVE AWAY,true,,"$501 - $1,500",UNABLE TO DETERMINE,2,NO INDICATION OF INJURY,0,0,41.9763128844,-87.6677237693,60640,"CHICAGO OHARE INTERNATIONAL AIRPORT, IL US",41.0,37.0,86.0,0.01,4.0,21.0
crash_04656,2022-05-17 09:30:00,2022,5,May,Tue,9,Morning commute,30,NO CONTROLS,CLEAR,DAYLIGHT,PARKED MOTOR VEHICLE,ONE-WAY,DRY,INJURY AND / OR TOW DUE TO CRASH,,true,"OVER $1,500",UNABLE TO DETERMINE,2,NO INDICATION OF INJURY,0,0,41.7793075246,-87.6667245056,60636,"CHICAGO MIDWAY AIRPORT, IL US",62.0,35.0,37.0,0.0,10.0,10.0
crash_04657,2021-06-02 13:10:00,2021,6,Jun,Wed,13,Daytime,30,NO CONTROLS,CLEAR,DAYLIGHT,SIDESWIPE SAME DIRECTION,DIVIDED - W/MEDIAN (NOT RAISED),DRY,NO INJURY / DRIVE AWAY,,,"OVER $1,500",IMPROPER LANE USAGE,2,NO INDICATION OF INJURY,0,0,41.7507084021,-87.6827185448,60620,"CHICAGO MIDWAY AIRPORT, IL US",76.0,47.0,36.0,0.0,10.0,9.0
crash_04658,2020-03-07 08:00:00,2020,3,Mar,Sat,8,Morning commute,30,TRAFFIC SIGNAL,CLEAR,DAYLIGHT,REAR END,NOT DIVIDED,DRY,NO INJURY / DRIVE AWAY,,,"OVER $1,500",FOLLOWING TOO CLOSELY,2,NO INDICATION OF INJURY,0,0,41.9960772725,-87.7638022001,60646,"CHICAGO OHARE INTERNATIONAL AIRPORT, IL US",30.0,24.0,79.0,0.0,9.0,9.0
crash_04659,2020-06-22 18:35:00,2020,6,Jun,Mon,18,Evening commute,35,NO CONTROLS,RAIN,DUSK,HEAD ON,NOT DIVIDED,WET,INJURY AND / OR TOW DUE TO CRASH,,true,"OVER $1,500",FAILING TO YIELD RIGHT-OF-WAY,2,NONINCAPACITATING INJURY,2,0,41.7223269607,-87.5779288374,60617,"CHICAGO MIDWAY AIRPORT, IL US",73.0,66.0,78.0,0.01,9.0,7.0
crash_04660,2020-10-31 19:16:00,2020,10,Oct,Sat,19,Night or early morning,30,NO CONTROLS,CLEAR,DARKNESS,PARKED MOTOR VEHICLE,ONE-WAY,DRY,NO INJURY / DRIVE AWAY,,true,$500 OR LESS,NOT APPLICABLE,2,NO INDICATION OF INJURY,0,0,41.9144982098,-87.7634034106,60639,"CHICAGO MIDWAY AIRPORT, IL US",56.0,37.0,49.0,0.0,10.0,17.0
crash_04661,2019-05-04 17:55:00,2019,5,May,Sat,17,Evening commute,30,TRAFFIC SIGNAL,CLEAR,DAYLIGHT,REAR END,NOT DIVIDED,DRY,NO INJURY / DRIVE AWAY,,true,"$501 - $1,500",UNABLE TO DETERMINE,2,NO INDICATION OF INJURY,0,0,41.6853782662,-87.612544162,60628,"CHICAGO MIDWAY AIRPORT, IL US",61.0,37.0,41.0,0.0,10.0,6.0
crash_04662,2018-10-02 23:55:00,2018,10,Oct,Tue,23,Night or early morning,30,NO CONTROLS,CLEAR,"DARKNESS, LIGHTED ROAD",PARKED MOTOR VEHICLE,NOT DIVIDED,DRY,INJURY AND / OR TOW DUE TO CRASH,,,"OVER $1,500",UNDER THE INFLUENCE OF ALCOHOL/DRUGS (USE WHEN ARREST IS EFFECTED),2,NO INDICATION OF INJURY,0,0,41.9241270121,-87.6356405911,60614,"CHICAGO MIDWAY AIRPORT, IL US",61.0,55.0,81.0,0.0,10.0,7.0