crash_id,crash_datetime,crash_year,crash_month,crash_month_name,crash_weekday_name,crash_hour,time_period,posted_speed_limit_mph,traffic_control_device,reported_weather_condition,reported_lighting_condition,first_crash_type,trafficway_type,reported_road_surface_condition,crash_type,intersection_related,hit_and_run,estimated_damage,primary_contributory_cause,unit_count,most_severe_injury,injuries_total,injuries_fatal,latitude,longitude,zip5,weather_station_name,temperature_f,dew_point_f,relative_humidity_percent,precipitation_inches,visibility_miles,wind_speed_mph
crash_04663,2021-04-27 20:00:00,2021,4,Apr,Tue,20,Night or early morning,25,NO CONTROLS,CLEAR,"DARKNESS, LIGHTED ROAD",PARKED MOTOR VEHICLE,NOT DIVIDED,DRY,INJURY AND / OR TOW DUE TO CRASH,,,"OVER $1,500",FAILING TO REDUCE SPEED TO AVOID CRASH,2,NO INDICATION OF INJURY,0,0,41.7300050662,-87.5654203342,60617,"CHICAGO MIDWAY AIRPORT, IL US",81.0,54.0,39.0,0.0,10.0,14.0
crash_04664,2019-12-19 15:39:00,2019,12,Dec,Thu,15,Evening commute,30,NO CONTROLS,UNKNOWN,UNKNOWN,ANGLE,CENTER TURN LANE,UNKNOWN,NO INJURY / DRIVE AWAY,,,"$501 - $1,500",FAILING TO REDUCE SPEED TO AVOID CRASH,2,NO INDICATION OF INJURY,0,0,41.737581396,-87.6049962309,60619,"CHICAGO MIDWAY AIRPORT, IL US",35.0,23.0,61.0,0.0,10.0,8.0
crash_04665,2022-10-05 01:50:00,2022,10,Oct,Wed,1,Night or early morning,30,TRAFFIC SIGNAL,CLEAR,"DARKNESS, LIGHTED ROAD",ANGLE,FOUR WAY,DRY,INJURY AND / OR TOW DUE TO CRASH,,true,"OVER $1,500",DISREGARDING TRAFFIC SIGNALS,2,NONINCAPACITATING INJURY,1,0,41.9319680663,-87.6877412495,60647,"CHICAGO MIDWAY AIRPORT, IL US",57.0,43.0,60.0,0.0,10.0,0.0
crash_04666,2019-06-16 15:30:00,2019,6,Jun,Sun,15,Evening commute,30,NO CONTROLS,CLEAR,DAYLIGHT,PARKED MOTOR VEHICLE,NOT DIVIDED,DRY,NO INJURY / DRIVE AWAY,,,"$501 - $1,500",UNABLE TO DETERMINE,2,NO INDICATION OF INJURY,0,0,41.8977547485,-87.6198995793,60611,"CHICAGO MIDWAY AIRPORT, IL US",61.0,54.0,78.0,,10.0,15.0
crash_04667,2021-12-22 10:45:00,2021,12,Dec,Wed,10,Daytime,25,NO CONTROLS,CLEAR,DAYLIGHT,TURNING,FOUR WAY,DRY,INJURY AND / OR TOW DUE TO CRASH,true,,"OVER $1,500",UNABLE TO DETERMINE,2,NO INDICATION OF INJURY,0,0,41.7288919623,-87.642261075,60620,"CHICAGO MIDWAY AIRPORT, IL US",27.0,8.0,45.0,0.0,10.0,9.0
crash_04668,2020-09-25 22:00:00,2020,9,Sep,Fri,22,Night or early morning,35,TRAFFIC SIGNAL,CLEAR,"DARKNESS, LIGHTED ROAD",REAR END,NOT DIVIDED,DRY,NO INJURY / DRIVE AWAY,,,"OVER $1,500",NOT APPLICABLE,2,NO INDICATION OF INJURY,0,0,41.7331879659,-87.5857126979,60619,"CHICAGO MIDWAY AIRPORT, IL US",72.0,53.0,52.0,0.0,10.0,8.0
crash_04669,2025-04-27 22:50:00,2025,4,Apr,Sun,22,Night or early morning,40,TRAFFIC SIGNAL,CLEAR,DAYLIGHT,SIDESWIPE SAME DIRECTION,CENTER TURN LANE,DRY,NO INJURY / DRIVE AWAY,,,"OVER $1,500",UNABLE TO DETERMINE,2,NO INDICATION OF INJURY,0,0,41.8808560477,-87.6176358918,60603,"CHICAGO MIDWAY AIRPORT, IL US",58.0,39.0,50.0,0.0,10.0,6.0
crash_04670,2019-08-06 08:40:00,2019,8,Aug,Tue,8,Morning commute,30,NO CONTROLS,CLEAR,DAYLIGHT,FIXED OBJECT,DIVIDED - W/MEDIAN (NOT RAISED),DRY,NO INJURY / DRIVE AWAY,,,"OVER $1,500",ROAD CONSTRUCTION/MAINTENANCE,1,NO INDICATION OF INJURY,0,0,41.9526450013,-87.8043800016,60634,"CHICAGO OHARE INTERNATIONAL AIRPORT, IL US",69.0,63.0,81.0,,10.0,14.0
crash_04671,2022-08-21 22:00:00,2022,8,Aug,Sun,22,Night or early morning,30,NO CONTROLS,CLEAR,DARKNESS,PARKED MOTOR VEHICLE,NOT DIVIDED,DRY,NO INJURY / DRIVE AWAY,,true,"$501 - $1,500",UNABLE TO DETERMINE,2,NO INDICATION OF INJURY,0,0,41.9142697919,-87.676180929,60622,"CHICAGO MIDWAY AIRPORT, IL US",72.0,63.0,73.0,,10.0,5.0
crash_04672,2025-09-26 16:00:00,2025,9,Sep,Fri,16,Evening commute,30,STOP SIGN/FLASHER,CLEAR,DAYLIGHT,ANGLE,NOT DIVIDED,DRY,NO INJURY / DRIVE AWAY,true,,$500 OR LESS,FAILING TO YIELD RIGHT-OF-WAY,2,NO INDICATION OF INJURY,0,0,41.8307805501,-87.6426004917,60609,,,,,,,
crash_04673,2021-11-16 14:00:00,2021,11,Nov,Tue,14,Daytime,20,NO CONTROLS,CLEAR,"DARKNESS, LIGHTED ROAD",ANGLE,ONE-WAY,DRY,NO INJURY / DRIVE AWAY,,,"$501 - $1,500",UNABLE TO DETERMINE,2,NO INDICATION OF INJURY,0,0,41.9708774149,-87.6933144844,60625,"CHICAGO OHARE INTERNATIONAL AIRPORT, IL US",47.0,36.0,66.0,0.0,10.0,11.0
crash_04674,2019-07-05 17:25:00,2019,7,Jul,Fri,17,Evening commute,30,NO CONTROLS,CLEAR,DAYLIGHT,PARKED MOTOR VEHICLE,NOT DIVIDED,DRY,NO INJURY / DRIVE AWAY,,true,"$501 - $1,500",UNABLE TO DETERMINE,2,NO INDICATION OF INJURY,0,0,41.8066631425,-87.735641303,60632,"CHICAGO MIDWAY AIRPORT, IL US",89.0,72.0,57.0,0.0,10.0,5.0
crash_04675,2025-03-13 12:00:00,2025,3,Mar,Thu,12,Daytime,30,UNKNOWN,CLEAR,DAYLIGHT,REAR TO FRONT,PARKING LOT,DRY,NO INJURY / DRIVE AWAY,,,"OVER $1,500",UNABLE TO DETERMINE,2,NO INDICATION OF INJURY,0,0,41.9270922614,-87.6802084928,60647,"CHICAGO MIDWAY AIRPORT, IL US",56.0,30.0,37.0,0.0,10.0,11.0
crash_04676,2021-10-27 14:30:00,2021,10,Oct,Wed,14,Daytime,30,TRAFFIC SIGNAL,CLEAR,DAYLIGHT,REAR END,DIVIDED - W/MEDIAN (NOT RAISED),DRY,NO INJURY / DRIVE AWAY,,,$500 OR LESS,IMPROPER OVERTAKING/PASSING,2,NO INDICATION OF INJURY,0,0,41.7923633931,-87.7864763871,60638,"CHICAGO MIDWAY AIRPORT, IL US",56.0,36.0,47.0,0.0,10.0,11.0
crash_04677,2023-04-21 11:27:00,2023,4,Apr,Fri,11,Daytime,30,NO CONTROLS,CLEAR,DAYLIGHT,SIDESWIPE SAME DIRECTION,DIVIDED - W/MEDIAN BARRIER,DRY,NO INJURY / DRIVE AWAY,,,$500 OR LESS,FAILING TO YIELD RIGHT-OF-WAY,2,NO INDICATION OF INJURY,0,0,41.6898282638,-87.6421524427,60628,"CHICAGO MIDWAY AIRPORT, IL US",53.0,35.0,51.0,0.0,10.0,10.0
crash_04678,2018-04-25 13:01:00,2018,4,Apr,Wed,13,Daytime,25,NO CONTROLS,CLEAR,DAYLIGHT,OTHER OBJECT,NOT DIVIDED,DRY,INJURY AND / OR TOW DUE TO CRASH,,,"OVER $1,500",EQUIPMENT - VEHICLE CONDITION,1,NONINCAPACITATING INJURY,1,0,42.0058140174,-87.7023480108,60645,"CHICAGO OHARE INTERNATIONAL AIRPORT, IL US",52.0,30.0,43.0,0.0,10.0,18.0
crash_04679,2025-08-18 18:03:00,2025,8,Aug,Mon,18,Evening commute,30,NO CONTROLS,RAIN,DAYLIGHT,REAR END,NOT DIVIDED,WET,NO INJURY / DRIVE AWAY,,,"OVER $1,500",FOLLOWING TOO CLOSELY,2,NO INDICATION OF INJURY,0,0,42.0119067754,-87.7089093161,60645,"CHICAGO OHARE INTERNATIONAL AIRPORT, IL US",71.0,70.0,96.0,0.05,4.0,10.0
crash_04680,2018-10-19 14:00:00,2018,10,Oct,Fri,14,Daytime,30,TRAFFIC SIGNAL,RAIN,DAYLIGHT,REAR END,DIVIDED - W/MEDIAN (NOT RAISED),DRY,NO INJURY / DRIVE AWAY,,,"OVER $1,500",FAILING TO REDUCE SPEED TO AVOID CRASH,2,NO INDICATION OF INJURY,0,0,41.7963968888,-87.762577214,60638,"CHICAGO MIDWAY AIRPORT, IL US",52.0,43.0,72.0,0.01,8.0,14.0
crash_04681,2024-07-12 15:40:00,2024,7,Jul,Fri,15,Evening commute,30,NO CONTROLS,CLEAR,DAYLIGHT,REAR END,NOT DIVIDED,DRY,NO INJURY / DRIVE AWAY,,,"$501 - $1,500",UNABLE TO DETERMINE,2,NO INDICATION OF INJURY,0,0,41.7366324742,-87.6131616591,60619,"CHICAGO MIDWAY AIRPORT, IL US",84.0,63.0,49.0,0.0,10.0,7.0
crash_04682,2019-06-08 17:50:00,2019,6,Jun,Sat,17,Evening commute,30,NO CONTROLS,CLEAR,DAYLIGHT,TURNING,DIVIDED - W/MEDIAN (NOT RAISED),DRY,INJURY AND / OR TOW DUE TO CRASH,,,"OVER $1,500",IMPROPER OVERTAKING/PASSING,3,NONINCAPACITATING INJURY,1,0,41.8091008621,-87.7237755881,60632,"CHICAGO MIDWAY AIRPORT, IL US",75.0,55.0,50.0,0.0,10.0,9.0
crash_04683,2022-05-03 17:30:00,2022,5,May,Tue,17,Evening commute,30,NO CONTROLS,CLEAR,DARKNESS,PARKED MOTOR VEHICLE,DIVIDED - W/MEDIAN (NOT RAISED),DRY,NO INJURY / DRIVE AWAY,,true,$500 OR LESS,UNABLE TO DETERMINE,2,NO INDICATION OF INJURY,0,0,41.8717185364,-87.6539513091,60607,"CHICAGO MIDWAY AIRPORT, IL US",47.0,43.0,86.0,0.0,2.0,17.0
crash_04684,2019-06-27 10:30:00,2019,6,Jun,Thu,10,Daytime,30,NO CONTROLS,CLEAR,DAYLIGHT,SIDESWIPE SAME DIRECTION,NOT DIVIDED,DRY,NO INJURY / DRIVE AWAY,,,"$501 - $1,500",FAILING TO YIELD RIGHT-OF-WAY,2,NO INDICATION OF INJURY,0,0,41.9537710643,-87.726694467,60618,"CHICAGO OHARE INTERNATIONAL AIRPORT, IL US",82.0,68.0,63.0,0.0,10.0,7.0
crash_04685,2023-05-05 15:15:00,2023,5,May,Fri,15,Evening commute,30,STOP SIGN/FLASHER,CLEAR,DAYLIGHT,TURNING,NOT DIVIDED,DRY,NO INJURY / DRIVE AWAY,true,,"OVER $1,500",NOT APPLICABLE,2,NO INDICATION OF INJURY,0,0,41.8694461533,-87.7450100114,60644,"CHICAGO MIDWAY AIRPORT, IL US",78.0,37.0,23.0,0.0,10.0,17.0
crash_04686,2024-05-06 10:30:00,2024,5,May,Mon,10,Daytime,30,STOP SIGN/FLASHER,CLEAR,DAYLIGHT,REAR TO FRONT,NOT DIVIDED,DRY,NO INJURY / DRIVE AWAY,,,"OVER $1,500",IMPROPER BACKING,2,NO INDICATION OF INJURY,0,0,41.7995583629,-87.7820749249,60638,"CHICAGO MIDWAY AIRPORT, IL US",64.0,51.0,63.0,0.0,10.0,8.0
crash_04687,2019-08-06 06:30:00,2019,8,Aug,Tue,6,Morning commute,35,TRAFFIC SIGNAL,RAIN,DAYLIGHT,REAR END,DIVIDED - W/MEDIAN (NOT RAISED),WET,NO INJURY / DRIVE AWAY,true,,"OVER $1,500",FAILING TO REDUCE SPEED TO AVOID CRASH,2,NO INDICATION OF INJURY,0,0,41.8806878785,-87.6256435041,60603,"CHICAGO MIDWAY AIRPORT, IL US",71.0,68.0,90.0,,10.0,15.0
crash_04688,2021-12-18 11:40:00,2021,12,Dec,Sat,11,Daytime,30,NO CONTROLS,CLEAR,DAYLIGHT,REAR END,NOT DIVIDED,DRY,NO INJURY / DRIVE AWAY,,,"$501 - $1,500",FOLLOWING TOO CLOSELY,2,NO INDICATION OF INJURY,0,0,41.9388918814,-87.7862245889,60634,"CHICAGO OHARE INTERNATIONAL AIRPORT, IL US",35.0,30.0,82.0,,10.0,14.0
crash_04689,2018-12-14 19:10:00,2018,12,Dec,Fri,19,Night or early morning,30,STOP SIGN/FLASHER,CLEAR,DARKNESS,ANGLE,ONE-WAY,WET,NO INJURY / DRIVE AWAY,true,,"OVER $1,500",DRIVING SKILLS/KNOWLEDGE/EXPERIENCE,2,NO INDICATION OF INJURY,0,0,41.7178804287,-87.6356997168,60628,"CHICAGO MIDWAY AIRPORT, IL US",38.0,37.0,97.0,0.0,1.75,10.0
crash_04690,2018-10-28 16:00:00,2018,10,Oct,Sun,16,Evening commute,30,NO CONTROLS,RAIN,DAYLIGHT,REAR END,DIVIDED - W/MEDIAN (NOT RAISED),WET,NO INJURY / DRIVE AWAY,,,"$501 - $1,500",FOLLOWING TOO CLOSELY,2,NO INDICATION OF INJURY,0,0,41.6998152474,-87.6207813569,60628,"CHICAGO MIDWAY AIRPORT, IL US",51.0,42.0,71.0,0.0,10.0,22.0
crash_04691,2020-07-01 15:01:00,2020,7,Jul,Wed,15,Evening commute,30,TRAFFIC SIGNAL,CLEAR,DAYLIGHT,SIDESWIPE SAME DIRECTION,ONE-WAY,DRY,NO INJURY / DRIVE AWAY,,true,"OVER $1,500",IMPROPER OVERTAKING/PASSING,2,NO INDICATION OF INJURY,0,0,41.8712819016,-87.7453336268,60644,"CHICAGO MIDWAY AIRPORT, IL US",86.0,64.0,48.0,0.0,10.0,13.0
crash_04692,2018-03-09 17:00:00,2018,3,Mar,Fri,17,Evening commute,35,NO CONTROLS,CLEAR,DAYLIGHT,SIDESWIPE SAME DIRECTION,DIVIDED - W/MEDIAN (NOT RAISED),DRY,NO INJURY / DRIVE AWAY,,true,"OVER $1,500",UNABLE TO DETERMINE,2,NO INDICATION OF INJURY,0,0,41.7936038337,-87.7048455612,60632,"CHICAGO MIDWAY AIRPORT, IL US",35.0,16.0,46.0,0.0,10.0,13.0
crash_04693,2025-02-20 17:30:00,2025,2,Feb,Thu,17,Evening commute,15,NO CONTROLS,CLEAR,"DARKNESS, LIGHTED ROAD",PARKED MOTOR VEHICLE,PARKING LOT,DRY,INJURY AND / OR TOW DUE TO CRASH,,true,"$501 - $1,500",IMPROPER BACKING,2,"REPORTED, NOT EVIDENT",2,0,41.9084597497,-87.7462256193,60651,"CHICAGO MIDWAY AIRPORT, IL US",22.0,9.0,57.0,0.0,10.0,13.0
crash_04694,2025-03-18 17:00:00,2025,3,Mar,Tue,17,Evening commute,30,NO CONTROLS,UNKNOWN,UNKNOWN,FIXED OBJECT,T-INTERSECTION,UNKNOWN,NO INJURY / DRIVE AWAY,true,,"OVER $1,500",UNABLE TO DETERMINE,1,NO INDICATION OF INJURY,0,0,41.7219704652,-87.6033480401,60628,"CHICAGO MIDWAY AIRPORT, IL US",73.0,43.0,34.0,0.0,10.0,14.0
crash_04695,2018-09-16 17:55:00,2018,9,Sep,Sun,17,Evening commute,35,TRAFFIC SIGNAL,CLEAR,DAYLIGHT,ANGLE,NOT DIVIDED,DRY,INJURY AND / OR TOW DUE TO CRASH,true,,"OVER $1,500",UNABLE TO DETERMINE,2,NONINCAPACITATING INJURY,1,0,41.8823931864,-87.7552876988,60644,"CHICAGO MIDWAY AIRPORT, IL US",83.0,63.0,51.0,0.0,10.0,15.0
crash_04696,2022-10-20 08:43:00,2022,10,Oct,Thu,8,Morning commute,30,TRAFFIC SIGNAL,CLEAR,DAYLIGHT,SIDESWIPE SAME DIRECTION,DIVIDED - W/MEDIAN (NOT RAISED),DRY,NO INJURY / DRIVE AWAY,,true,"$501 - $1,500",UNABLE TO DETERMINE,2,NO INDICATION OF INJURY,0,0,41.7573734069,-87.6866284669,60629,"CHICAGO MIDWAY AIRPORT, IL US",39.0,18.0,43.0,0.0,10.0,10.0
crash_04697,2025-01-13 10:40:00,2025,1,Jan,Mon,10,Daytime,30,TRAFFIC SIGNAL,SNOW,DAYLIGHT,REAR END,ONE-WAY,SNOW OR SLUSH,INJURY AND / OR TOW DUE TO CRASH,,true,"OVER $1,500",FAILING TO YIELD RIGHT-OF-WAY,2,NONINCAPACITATING INJURY,2,0,41.8585047062,-87.6436682107,60616,"CHICAGO MIDWAY AIRPORT, IL US",15.0,2.0,56.0,0.0,10.0,13.0
crash_04698,2023-04-05 17:15:00,2023,4,Apr,Wed,17,Evening commute,30,NO CONTROLS,CLEAR,DAYLIGHT,SIDESWIPE SAME DIRECTION,NOT DIVIDED,DRY,NO INJURY / DRIVE AWAY,,,"OVER $1,500",FAILING TO YIELD RIGHT-OF-WAY,2,NO INDICATION OF INJURY,0,0,41.9027625578,-87.6868726325,60622,"CHICAGO MIDWAY AIRPORT, IL US",49.0,36.0,61.0,0.0,10.0,21.0
crash_04699,2023-10-28 13:00:00,2023,10,Oct,Sat,13,Daytime,15,NO CONTROLS,CLEAR,DAYLIGHT,FIXED OBJECT,FOUR WAY,DRY,INJURY AND / OR TOW DUE TO CRASH,,,"OVER $1,500",PHYSICAL CONDITION OF DRIVER,1,NO INDICATION OF INJURY,0,0,41.9067143173,-87.6918897896,60622,"CHICAGO MIDWAY AIRPORT, IL US",49.0,37.0,64.0,0.0,10.0,11.0
crash_04700,2020-11-28 14:35:00,2020,11,Nov,Sat,14,Daytime,30,NO CONTROLS,CLEAR,DAYLIGHT,TURNING,PARKING LOT,DRY,NO INJURY / DRIVE AWAY,,,"OVER $1,500",DRIVING SKILLS/KNOWLEDGE/EXPERIENCE,2,NO INDICATION OF INJURY,0,0,41.7879763642,-87.7032512421,60629,"CHICAGO MIDWAY AIRPORT, IL US",49.0,31.0,50.0,0.0,10.0,11.0
crash_04701,2023-03-20 18:50:00,2023,3,Mar,Mon,18,Evening commute,30,NO CONTROLS,CLEAR,DAYLIGHT,TURNING,DIVIDED - W/MEDIAN (NOT RAISED),UNKNOWN,NO INJURY / DRIVE AWAY,,true,"$501 - $1,500",UNABLE TO DETERMINE,2,NO INDICATION OF INJURY,0,0,41.7225533607,-87.5773636722,60617,"CHICAGO MIDWAY AIRPORT, IL US",50.0,22.0,33.0,0.0,10.0,18.0
crash_04702,2020-09-04 17:15:00,2020,9,Sep,Fri,17,Evening commute,30,NO CONTROLS,CLEAR,DAYLIGHT,PARKED MOTOR VEHICLE,NOT DIVIDED,DRY,NO INJURY / DRIVE AWAY,,,"OVER $1,500",UNABLE TO DETERMINE,2,NO INDICATION OF INJURY,0,0,41.6541686112,-87.612996234,60827,"CHICAGO MIDWAY AIRPORT, IL US",79.0,42.0,27.0,0.0,10.0,10.0
crash_04703,2025-06-27 23:30:00,2025,6,Jun,Fri,23,Night or early morning,30,NO CONTROLS,CLEAR,"DARKNESS, LIGHTED ROAD",SIDESWIPE SAME DIRECTION,ONE-WAY,DRY,INJURY AND / OR TOW DUE TO CRASH,,true,"OVER $1,500",IMPROPER OVERTAKING/PASSING,2,"REPORTED, NOT EVIDENT",1,0,41.874594835,-87.7181362872,60624,"CHICAGO MIDWAY AIRPORT, IL US",76.0,64.0,67.0,0.0,10.0,8.0
crash_04704,2025-09-13 18:39:00,2025,9,Sep,Sat,18,Evening commute,30,STOP SIGN/FLASHER,CLEAR,DAYLIGHT,ANGLE,T-INTERSECTION,DRY,INJURY AND / OR TOW DUE TO CRASH,,true,"$501 - $1,500",DISREGARDING STOP SIGN,2,"REPORTED, NOT EVIDENT",4,0,41.8831497776,-87.7343924417,60624,,,,,,,
crash_04705,2025-04-18 15:00:00,2025,4,Apr,Fri,15,Evening commute,30,NO CONTROLS,CLOUDY/OVERCAST,DAYLIGHT,PEDESTRIAN,NOT DIVIDED,DRY,INJURY AND / OR TOW DUE TO CRASH,,false,$500 OR LESS,UNABLE TO DETERMINE,2,NONINCAPACITATING INJURY,1,0,41.7868114027,-87.6536210887,60621,"CHICAGO MIDWAY AIRPORT, IL US",77.0,60.0,56.0,0.0,10.0,18.0
crash_04706,2019-12-10 09:33:00,2019,12,Dec,Tue,9,Morning commute,30,NO CONTROLS,CLEAR,DAYLIGHT,SIDESWIPE SAME DIRECTION,NOT DIVIDED,DRY,NO INJURY / DRIVE AWAY,,true,"OVER $1,500",UNABLE TO DETERMINE,2,NO INDICATION OF INJURY,0,0,41.7493070168,-87.5854243265,60617,"CHICAGO MIDWAY AIRPORT, IL US",18.0,7.0,62.0,0.0,10.0,10.0
crash_04707,2018-06-09 11:20:00,2018,6,Jun,Sat,11,Daytime,30,TRAFFIC SIGNAL,RAIN,DAYLIGHT,REAR END,NOT DIVIDED,WET,NO INJURY / DRIVE AWAY,true,,"OVER $1,500",FOLLOWING TOO CLOSELY,2,NO INDICATION OF INJURY,0,0,41.9394405612,-87.7077185163,60618,"CHICAGO MIDWAY AIRPORT, IL US",68.0,66.0,93.0,,7.0,0.0
crash_04708,2018-05-08 11:40:00,2018,5,May,Tue,11,Daytime,30,NO CONTROLS,CLEAR,DAYLIGHT,FIXED OBJECT,DIVIDED - W/MEDIAN (NOT RAISED),DRY,NO INJURY / DRIVE AWAY,,,"OVER $1,500",FAILING TO REDUCE SPEED TO AVOID CRASH,1,NO INDICATION OF INJURY,0,0,41.7789280161,-87.7132945456,60629,"CHICAGO MIDWAY AIRPORT, IL US",78.0,41.0,27.0,0.0,10.0,5.0
crash_04709,2018-12-03 16:35:00,2018,12,Dec,Mon,16,Evening commute,30,TRAFFIC SIGNAL,UNKNOWN,DAWN,REAR END,DIVIDED - W/MEDIAN (NOT RAISED),UNKNOWN,NO INJURY / DRIVE AWAY,,,"OVER $1,500",FOLLOWING TOO CLOSELY,2,NO INDICATION OF INJURY,0,0,41.9322053951,-87.6976792439,60618,"CHICAGO MIDWAY AIRPORT, IL US",32.0,24.0,73.0,0.0,10.0,17.0
crash_04710,2019-11-15 07:10:00,2019,11,Nov,Fri,7,Morning commute,25,STOP SIGN/FLASHER,CLEAR,DAYLIGHT,PEDESTRIAN,NOT DIVIDED,DRY,INJURY AND / OR TOW DUE TO CRASH,false,,$500 OR LESS,FAILING TO YIELD RIGHT-OF-WAY,2,NONINCAPACITATING INJURY,1,0,41.6907793778,-87.667223993,60643,"CHICAGO MIDWAY AIRPORT, IL US",22.0,17.0,82.0,0.0,9.0,7.0
crash_04711,2024-05-30 14:42:00,2024,5,May,Thu,14,Daytime,30,TRAFFIC SIGNAL,CLEAR,DAYLIGHT,ANGLE,TRAFFIC ROUTE,DRY,NO INJURY / DRIVE AWAY,true,,"OVER $1,500",FAILING TO YIELD RIGHT-OF-WAY,2,NO INDICATION OF INJURY,0,0,41.8769574094,-87.6337728572,60606,"CHICAGO MIDWAY AIRPORT, IL US",70.0,33.0,26.0,0.0,10.0,9.0
crash_04712,2023-05-31 08:55:00,2023,5,May,Wed,8,Morning commute,30,TRAFFIC SIGNAL,CLEAR,DAYLIGHT,REAR END,FOUR WAY,DRY,NO INJURY / DRIVE AWAY,true,,$500 OR LESS,FOLLOWING TOO CLOSELY,2,NO INDICATION OF INJURY,0,0,41.8640015435,-87.6242257291,60605,"CHICAGO MIDWAY AIRPORT, IL US",79.0,61.0,54.0,0.0,10.0,11.0
crash_04713,2018-09-26 07:30:00,2018,9,Sep,Wed,7,Morning commute,30,TRAFFIC SIGNAL,CLEAR,DAYLIGHT,SIDESWIPE SAME DIRECTION,OTHER,DRY,NO INJURY / DRIVE AWAY,,,"OVER $1,500",IMPROPER LANE USAGE,2,NO INDICATION OF INJURY,0,0,41.9460160146,-87.7472041619,60641,"CHICAGO OHARE INTERNATIONAL AIRPORT, IL US",51.0,45.0,80.0,0.0,10.0,8.0
crash_04714,2024-11-26 20:13:00,2024,11,Nov,Tue,20,Night or early morning,30,NO CONTROLS,CLEAR,"DARKNESS, LIGHTED ROAD",PEDALCYCLIST,NOT DIVIDED,DRY,INJURY AND / OR TOW DUE TO CRASH,,true,"$501 - $1,500",UNABLE TO DETERMINE,3,"REPORTED, NOT EVIDENT",1,0,41.9145540998,-87.6852554517,60647,"CHICAGO MIDWAY AIRPORT, IL US",36.0,22.0,57.0,0.0,10.0,6.0
crash_04715,2018-06-04 22:00:00,2018,6,Jun,Mon,22,Night or early morning,30,UNKNOWN,CLEAR,"DARKNESS, LIGHTED ROAD",PARKED MOTOR VEHICLE,NOT DIVIDED,DRY,NO INJURY / DRIVE AWAY,,true,"OVER $1,500",UNABLE TO DETERMINE,2,NO INDICATION OF INJURY,0,0,41.9372645637,-87.718460449,60618,"CHICAGO MIDWAY AIRPORT, IL US",74.0,50.0,43.0,0.0,10.0,13.0
crash_04716,2019-08-21 14:17:00,2019,8,Aug,Wed,14,Daytime,35,TRAFFIC SIGNAL,CLEAR,DAYLIGHT,TURNING,NOT DIVIDED,DRY,INJURY AND / OR TOW DUE TO CRASH,true,,"OVER $1,500",FAILING TO YIELD RIGHT-OF-WAY,2,"REPORTED, NOT EVIDENT",2,0,41.8710541364,-87.7548734343,60644,"CHICAGO MIDWAY AIRPORT, IL US",83.0,70.0,65.0,0.0,10.0,11.0
crash_04717,2023-06-02 23:30:00,2023,6,Jun,Fri,23,Night or early morning,30,NO CONTROLS,UNKNOWN,UNKNOWN,PARKED MOTOR VEHICLE,ONE-WAY,UNKNOWN,NO INJURY / DRIVE AWAY,,true,"$501 - $1,500",UNABLE TO DETERMINE,2,NO INDICATION OF INJURY,0,0,41.9015017345,-87.7276435987,60651,"CHICAGO MIDWAY AIRPORT, IL US",74.0,47.0,38.0,0.0,10.0,8.0
crash_04718,2025-03-20 07:30:00,2025,3,Mar,Thu,7,Morning commute,30,TRAFFIC SIGNAL,CLEAR,DAYLIGHT,REAR END,DIVIDED - W/MEDIAN (NOT RAISED),SNOW OR SLUSH,NO INJURY / DRIVE AWAY,,true,"OVER $1,500",UNABLE TO DETERMINE,2,NO INDICATION OF INJURY,0,0,41.8743251279,-87.6651417459,60607,"CHICAGO MIDWAY AIRPORT, IL US",32.0,28.0,85.0,0.0,2.0,21.0
crash_04719,2024-02-12 00:27:00,2024,2,Feb,Mon,0,Night or early morning,30,NO CONTROLS,CLEAR,"DARKNESS, LIGHTED ROAD",REAR TO FRONT,DIVIDED - W/MEDIAN (NOT RAISED),DRY,NO INJURY / DRIVE AWAY,,,"$501 - $1,500",FOLLOWING TOO CLOSELY,2,NO INDICATION OF INJURY,0,0,41.8094705059,-87.6023881275,60615,"CHICAGO MIDWAY AIRPORT, IL US",30.0,24.0,79.0,0.0,10.0,5.0
crash_04720,2022-07-07 21:40:00,2022,7,Jul,Thu,21,Night or early morning,30,TRAFFIC SIGNAL,CLEAR,"DARKNESS, LIGHTED ROAD",TURNING,T-INTERSECTION,DRY,NO INJURY / DRIVE AWAY,true,,"OVER $1,500",DISREGARDING TRAFFIC SIGNALS,2,NO INDICATION OF INJURY,0,0,41.8794893287,-87.6244981249,60604,"CHICAGO MIDWAY AIRPORT, IL US",77.0,66.0,69.0,0.0,10.0,11.0
crash_04721,2025-02-11 09:09:00,2025,2,Feb,Tue,9,Morning commute,30,TRAFFIC SIGNAL,OTHER,DAYLIGHT,TURNING,NOT DIVIDED,WET,INJURY AND / OR TOW DUE TO CRASH,,true,"OVER $1,500",FAILING TO YIELD RIGHT-OF-WAY,2,NONINCAPACITATING INJURY,1,0,41.9093627913,-87.7756436607,60639,"CHICAGO MIDWAY AIRPORT, IL US",26.0,18.0,71.0,,10.0,13.0