crash_id,crash_datetime,crash_year,crash_month,crash_month_name,crash_weekday_name,crash_hour,time_period,posted_speed_limit_mph,traffic_control_device,reported_weather_condition,reported_lighting_condition,first_crash_type,trafficway_type,reported_road_surface_condition,crash_type,intersection_related,hit_and_run,estimated_damage,primary_contributory_cause,unit_count,most_severe_injury,injuries_total,injuries_fatal,latitude,longitude,zip5,weather_station_name,temperature_f,dew_point_f,relative_humidity_percent,precipitation_inches,visibility_miles,wind_speed_mph
crash_04722,2020-02-29 14:00:00,2020,2,Feb,Sat,14,Daytime,30,NO CONTROLS,CLEAR,DAYLIGHT,PARKED MOTOR VEHICLE,NOT DIVIDED,DRY,NO INJURY / DRIVE AWAY,,,"$501 - $1,500",UNABLE TO DETERMINE,2,NO INDICATION OF INJURY,0,0,41.904014776,-87.6301357182,60610,"CHICAGO MIDWAY AIRPORT, IL US",34.0,10.0,37.0,0.0,10.0,13.0
crash_04723,2024-08-09 16:00:00,2024,8,Aug,Fri,16,Evening commute,30,NO CONTROLS,CLEAR,DAYLIGHT,SIDESWIPE SAME DIRECTION,NOT DIVIDED,DRY,NO INJURY / DRIVE AWAY,,,"OVER $1,500",FAILING TO YIELD RIGHT-OF-WAY,2,NO INDICATION OF INJURY,0,0,41.9977152301,-87.6841895321,60659,"CHICAGO OHARE INTERNATIONAL AIRPORT, IL US",71.0,53.0,53.0,0.0,10.0,14.0
crash_04724,2021-11-14 22:00:00,2021,11,Nov,Sun,22,Night or early morning,30,NO CONTROLS,CLEAR,"DARKNESS, LIGHTED ROAD",PARKED MOTOR VEHICLE,NOT DIVIDED,DRY,NO INJURY / DRIVE AWAY,,,"$501 - $1,500",UNABLE TO DETERMINE,3,NO INDICATION OF INJURY,0,0,41.6943317932,-87.6120544511,60628,"CHICAGO MIDWAY AIRPORT, IL US",34.0,23.0,64.0,0.0,10.0,9.0
crash_04725,2024-08-22 00:30:00,2024,8,Aug,Thu,0,Night or early morning,30,TRAFFIC SIGNAL,CLEAR,"DARKNESS, LIGHTED ROAD",REAR END,FOUR WAY,DRY,NO INJURY / DRIVE AWAY,true,,"OVER $1,500",FOLLOWING TOO CLOSELY,4,NO INDICATION OF INJURY,0,0,41.896029058,-87.6766562925,60622,"CHICAGO MIDWAY AIRPORT, IL US",60.0,51.0,72.0,0.0,10.0,0.0
crash_04726,2024-06-12 21:00:00,2024,6,Jun,Wed,21,Night or early morning,40,NO CONTROLS,CLEAR,"DARKNESS, LIGHTED ROAD",REAR END,DIVIDED - W/MEDIAN BARRIER,UNKNOWN,NO INJURY / DRIVE AWAY,,true,"OVER $1,500",UNABLE TO DETERMINE,2,NO INDICATION OF INJURY,0,0,41.9620271555,-87.6466396613,60640,"CHICAGO MIDWAY AIRPORT, IL US",87.0,54.0,32.0,0.0,10.0,7.0
crash_04727,2025-03-25 18:00:00,2025,3,Mar,Tue,18,Evening commute,30,NO CONTROLS,CLEAR,DAYLIGHT,PARKED MOTOR VEHICLE,ALLEY,DRY,NO INJURY / DRIVE AWAY,,true,"OVER $1,500",IMPROPER OVERTAKING/PASSING,3,NO INDICATION OF INJURY,0,0,41.7722675752,-87.5910258417,60637,"CHICAGO MIDWAY AIRPORT, IL US",43.0,27.0,53.0,0.0,10.0,10.0
crash_04728,2023-10-25 16:20:00,2023,10,Oct,Wed,16,Evening commute,30,NO CONTROLS,RAIN,DUSK,SIDESWIPE SAME DIRECTION,DIVIDED - W/MEDIAN (NOT RAISED),WET,NO INJURY / DRIVE AWAY,,,"OVER $1,500",IMPROPER OVERTAKING/PASSING,2,NO INDICATION OF INJURY,0,0,41.9247919066,-87.6875217952,60647,"CHICAGO MIDWAY AIRPORT, IL US",66.0,61.0,84.0,0.0,6.0,8.0
crash_04729,2018-06-04 11:30:00,2018,6,Jun,Mon,11,Daytime,35,NO CONTROLS,CLEAR,DAYLIGHT,PARKED MOTOR VEHICLE,PARKING LOT,DRY,NO INJURY / DRIVE AWAY,,,"OVER $1,500",PHYSICAL CONDITION OF DRIVER,2,NO INDICATION OF INJURY,0,0,41.8066962538,-87.7050454145,60632,"CHICAGO MIDWAY AIRPORT, IL US",72.0,46.0,40.0,0.0,10.0,10.0
crash_04730,2020-08-18 07:09:00,2020,8,Aug,Tue,7,Morning commute,30,NO CONTROLS,CLEAR,DAYLIGHT,SIDESWIPE OPPOSITE DIRECTION,NOT DIVIDED,DRY,NO INJURY / DRIVE AWAY,,true,"$501 - $1,500",UNABLE TO DETERMINE,2,NO INDICATION OF INJURY,0,0,41.7450757614,-87.5974008645,60619,"CHICAGO MIDWAY AIRPORT, IL US",71.0,57.0,61.0,0.0,10.0,11.0
crash_04731,2024-08-15 15:13:00,2024,8,Aug,Thu,15,Evening commute,30,UNKNOWN,RAIN,DAYLIGHT,TURNING,NOT DIVIDED,WET,NO INJURY / DRIVE AWAY,,,"OVER $1,500",FAILING TO YIELD RIGHT-OF-WAY,2,NO INDICATION OF INJURY,0,0,41.8727331347,-87.7633248394,60644,"CHICAGO MIDWAY AIRPORT, IL US",75.0,67.0,76.0,0.0,10.0,11.0
crash_04732,2022-12-21 22:23:00,2022,12,Dec,Wed,22,Night or early morning,30,TRAFFIC SIGNAL,CLEAR,"DARKNESS, LIGHTED ROAD",SIDESWIPE SAME DIRECTION,L-INTERSECTION,DRY,INJURY AND / OR TOW DUE TO CRASH,true,,"OVER $1,500",UNDER THE INFLUENCE OF ALCOHOL/DRUGS (USE WHEN ARREST IS EFFECTED),3,NO INDICATION OF INJURY,0,0,41.913079572,-87.7435621766,60639,"CHICAGO MIDWAY AIRPORT, IL US",32.0,26.0,79.0,0.0,6.0,7.0
crash_04733,2020-03-17 09:10:00,2020,3,Mar,Tue,9,Morning commute,20,STOP SIGN/FLASHER,CLEAR,DAYLIGHT,TURNING,NOT DIVIDED,DRY,NO INJURY / DRIVE AWAY,true,,"OVER $1,500",FAILING TO YIELD RIGHT-OF-WAY,2,NO INDICATION OF INJURY,0,0,41.9252237513,-87.8052205235,60707,"CHICAGO OHARE INTERNATIONAL AIRPORT, IL US",37.0,25.0,62.0,0.0,10.0,14.0
crash_04734,2023-03-14 15:43:00,2023,3,Mar,Tue,15,Evening commute,30,NO CONTROLS,CLEAR,DAYLIGHT,REAR TO REAR,PARKING LOT,DRY,NO INJURY / DRIVE AWAY,,,"OVER $1,500",UNABLE TO DETERMINE,2,NO INDICATION OF INJURY,0,0,41.8624024249,-87.6664189682,60608,"CHICAGO MIDWAY AIRPORT, IL US",36.0,17.0,46.0,0.0,10.0,10.0
crash_04735,2021-12-28 09:00:00,2021,12,Dec,Tue,9,Morning commute,30,NO CONTROLS,CLEAR,UNKNOWN,PARKED MOTOR VEHICLE,NOT DIVIDED,DRY,NO INJURY / DRIVE AWAY,,true,"OVER $1,500",UNABLE TO DETERMINE,2,NO INDICATION OF INJURY,0,0,41.7954142373,-87.7650622377,60638,"CHICAGO MIDWAY AIRPORT, IL US",39.0,29.0,67.0,0.0,10.0,9.0
crash_04736,2022-08-17 09:44:00,2022,8,Aug,Wed,9,Morning commute,15,NO CONTROLS,CLEAR,DAYLIGHT,FIXED OBJECT,ALLEY,DRY,INJURY AND / OR TOW DUE TO CRASH,,,"OVER $1,500",EQUIPMENT - VEHICLE CONDITION,3,NO INDICATION OF INJURY,0,0,41.9425332245,-87.7341419315,60641,"CHICAGO OHARE INTERNATIONAL AIRPORT, IL US",77.0,63.0,62.0,0.0,10.0,9.0
crash_04737,2022-04-24 03:25:00,2022,4,Apr,Sun,3,Night or early morning,30,NO CONTROLS,CLEAR,DARKNESS,SIDESWIPE SAME DIRECTION,ONE-WAY,DRY,INJURY AND / OR TOW DUE TO CRASH,,true,"OVER $1,500",IMPROPER OVERTAKING/PASSING,2,"REPORTED, NOT EVIDENT",1,0,41.8724190745,-87.742600422,60644,"CHICAGO MIDWAY AIRPORT, IL US",71.0,55.0,57.0,0.0,10.0,16.0
crash_04738,2024-10-19 16:45:00,2024,10,Oct,Sat,16,Evening commute,30,TRAFFIC SIGNAL,CLEAR,DAYLIGHT,SIDESWIPE SAME DIRECTION,FOUR WAY,DRY,NO INJURY / DRIVE AWAY,true,,"OVER $1,500",IMPROPER TURNING/NO SIGNAL,2,NO INDICATION OF INJURY,0,0,41.8755731605,-87.6263761117,60605,"CHICAGO MIDWAY AIRPORT, IL US",71.0,38.0,30.0,0.0,10.0,11.0
crash_04739,2024-03-24 13:25:00,2024,3,Mar,Sun,13,Daytime,30,NO CONTROLS,CLEAR,DAYLIGHT,TURNING,DIVIDED - W/MEDIAN (NOT RAISED),DRY,NO INJURY / DRIVE AWAY,,,"$501 - $1,500",FAILING TO YIELD RIGHT-OF-WAY,2,NO INDICATION OF INJURY,0,0,41.789004599,-87.7032830252,60629,"CHICAGO MIDWAY AIRPORT, IL US",46.0,20.0,35.0,0.0,10.0,15.0
crash_04740,2018-04-10 10:54:00,2018,4,Apr,Tue,10,Daytime,30,NO CONTROLS,CLEAR,DAYLIGHT,PEDALCYCLIST,NOT DIVIDED,DRY,NO INJURY / DRIVE AWAY,,,$500 OR LESS,UNABLE TO DETERMINE,2,NO INDICATION OF INJURY,0,0,41.9499832321,-87.7276537122,60641,"CHICAGO OHARE INTERNATIONAL AIRPORT, IL US",40.0,23.0,51.0,0.0,10.0,9.0
crash_04741,2019-06-28 14:26:00,2019,6,Jun,Fri,14,Daytime,30,TRAFFIC SIGNAL,CLEAR,DAYLIGHT,REAR END,ONE-WAY,DRY,INJURY AND / OR TOW DUE TO CRASH,,,"OVER $1,500",UNDER THE INFLUENCE OF ALCOHOL/DRUGS (USE WHEN ARREST IS EFFECTED),2,NONINCAPACITATING INJURY,1,0,41.9819516451,-87.787689957,60630,"CHICAGO OHARE INTERNATIONAL AIRPORT, IL US",83.0,68.0,61.0,0.0,10.0,11.0
crash_04742,2018-10-16 15:40:00,2018,10,Oct,Tue,15,Evening commute,30,NO CONTROLS,CLEAR,DAYLIGHT,TURNING,NOT DIVIDED,DRY,INJURY AND / OR TOW DUE TO CRASH,,,"OVER $1,500",IMPROPER TURNING/NO SIGNAL,2,NONINCAPACITATING INJURY,1,0,41.8691847535,-87.6645096731,60607,"CHICAGO MIDWAY AIRPORT, IL US",58.0,30.0,35.0,0.0,10.0,17.0
crash_04743,2021-09-15 17:29:00,2021,9,Sep,Wed,17,Evening commute,30,TRAFFIC SIGNAL,CLEAR,DAYLIGHT,TURNING,FOUR WAY,DRY,INJURY AND / OR TOW DUE TO CRASH,true,,"OVER $1,500",FAILING TO YIELD RIGHT-OF-WAY,2,NO INDICATION OF INJURY,0,0,41.858775158,-87.7250995851,60623,"CHICAGO MIDWAY AIRPORT, IL US",72.0,51.0,48.0,0.0,10.0,11.0
crash_04744,2021-10-06 17:00:00,2021,10,Oct,Wed,17,Evening commute,30,TRAFFIC SIGNAL,CLEAR,DAYLIGHT,SIDESWIPE SAME DIRECTION,DIVIDED - W/MEDIAN (NOT RAISED),DRY,NO INJURY / DRIVE AWAY,true,true,$500 OR LESS,UNABLE TO DETERMINE,2,NO INDICATION OF INJURY,0,0,41.8644665013,-87.685831748,60608,"CHICAGO MIDWAY AIRPORT, IL US",68.0,60.0,76.0,0.0,6.0,13.0
crash_04745,2019-09-28 03:00:00,2019,9,Sep,Sat,3,Night or early morning,10,NO CONTROLS,CLEAR,DARKNESS,PARKED MOTOR VEHICLE,PARKING LOT,DRY,NO INJURY / DRIVE AWAY,,true,"OVER $1,500",UNABLE TO DETERMINE,2,NO INDICATION OF INJURY,0,0,41.7449144404,-87.6049126799,60619,"CHICAGO MIDWAY AIRPORT, IL US",67.0,66.0,97.0,0.01,7.0,8.0
crash_04746,2025-01-05 20:05:00,2025,1,Jan,Sun,20,Night or early morning,30,TRAFFIC SIGNAL,UNKNOWN,UNKNOWN,REAR END,NOT DIVIDED,UNKNOWN,NO INJURY / DRIVE AWAY,,true,"OVER $1,500",FOLLOWING TOO CLOSELY,2,NO INDICATION OF INJURY,0,0,41.721934481,-87.6030589686,60628,"CHICAGO MIDWAY AIRPORT, IL US",29.0,22.0,75.0,0.0,10.0,11.0
crash_04747,2019-05-07 09:30:00,2019,5,May,Tue,9,Morning commute,30,NO CONTROLS,RAIN,DAYLIGHT,PARKED MOTOR VEHICLE,ONE-WAY,WET,INJURY AND / OR TOW DUE TO CRASH,,true,"$501 - $1,500",DRIVING SKILLS/KNOWLEDGE/EXPERIENCE,2,"REPORTED, NOT EVIDENT",2,0,41.7221916468,-87.6152155793,60619,"CHICAGO MIDWAY AIRPORT, IL US",47.0,45.0,93.0,0.01,4.0,13.0
crash_04748,2023-11-09 11:15:00,2023,11,Nov,Thu,11,Daytime,30,NO CONTROLS,CLEAR,DAYLIGHT,ANGLE,PARKING LOT,DRY,NO INJURY / DRIVE AWAY,,true,"OVER $1,500",UNABLE TO DETERMINE,2,NO INDICATION OF INJURY,0,0,41.9308339152,-87.7891337875,60707,"CHICAGO OHARE INTERNATIONAL AIRPORT, IL US",50.0,32.0,50.0,0.0,10.0,10.0
crash_04749,2018-09-25 14:50:00,2018,9,Sep,Tue,14,Daytime,30,NO CONTROLS,CLEAR,DAYLIGHT,PEDESTRIAN,DIVIDED - W/MEDIAN (NOT RAISED),DRY,INJURY AND / OR TOW DUE TO CRASH,,,$500 OR LESS,UNABLE TO DETERMINE,2,"REPORTED, NOT EVIDENT",1,0,41.9855522807,-87.7878303787,60631,"CHICAGO OHARE INTERNATIONAL AIRPORT, IL US",82.0,64.0,55.0,0.0,10.0,10.0
crash_04750,2025-08-23 15:00:00,2025,8,Aug,Sat,15,Evening commute,15,NO CONTROLS,CLEAR,DAYLIGHT,REAR END,NOT DIVIDED,DRY,INJURY AND / OR TOW DUE TO CRASH,,,"OVER $1,500",UNABLE TO DETERMINE,2,"REPORTED, NOT EVIDENT",1,0,41.6926759833,-87.6084451739,60628,"CHICAGO MIDWAY AIRPORT, IL US",84.0,59.0,43.0,0.0,10.0,14.0
crash_04751,2019-11-13 14:30:00,2019,11,Nov,Wed,14,Daytime,15,STOP SIGN/FLASHER,CLEAR,DAYLIGHT,PARKED MOTOR VEHICLE,ONE-WAY,ICE,NO INJURY / DRIVE AWAY,true,,"$501 - $1,500",UNABLE TO DETERMINE,2,NO INDICATION OF INJURY,0,0,41.9957029139,-87.6733640056,60660,"CHICAGO OHARE INTERNATIONAL AIRPORT, IL US",24.0,9.0,52.0,0.0,10.0,11.0
crash_04752,2024-05-21 15:30:00,2024,5,May,Tue,15,Evening commute,30,NO CONTROLS,CLEAR,DAYLIGHT,SIDESWIPE SAME DIRECTION,NOT DIVIDED,DRY,NO INJURY / DRIVE AWAY,,false,"OVER $1,500",NOT APPLICABLE,2,NO INDICATION OF INJURY,0,0,41.7749685428,-87.7225189851,60629,"CHICAGO MIDWAY AIRPORT, IL US",90.0,60.0,37.0,0.0,10.0,23.0
crash_04753,2022-04-06 07:30:00,2022,4,Apr,Wed,7,Morning commute,30,STOP SIGN/FLASHER,RAIN,DAYLIGHT,ANGLE,DIVIDED - W/MEDIAN (NOT RAISED),WET,NO INJURY / DRIVE AWAY,,true,"$501 - $1,500",UNABLE TO DETERMINE,2,NO INDICATION OF INJURY,0,0,41.9611939913,-87.7167501169,60625,"CHICAGO OHARE INTERNATIONAL AIRPORT, IL US",46.0,42.0,86.0,0.01,10.0,9.0
crash_04754,2025-12-04 13:00:00,2025,12,Dec,Thu,13,Daytime,15,NO CONTROLS,CLEAR,DAYLIGHT,PARKED MOTOR VEHICLE,PARKING LOT,DRY,NO INJURY / DRIVE AWAY,,,"OVER $1,500",UNABLE TO DETERMINE,2,NO INDICATION OF INJURY,0,0,41.7066554944,-87.6572620088,60643,,,,,,,
crash_04755,2021-09-18 18:50:00,2021,9,Sep,Sat,18,Evening commute,30,STOP SIGN/FLASHER,CLEAR,"DARKNESS, LIGHTED ROAD",REAR END,NOT DIVIDED,DRY,NO INJURY / DRIVE AWAY,,true,"OVER $1,500",UNABLE TO DETERMINE,2,NO INDICATION OF INJURY,0,0,41.7179379579,-87.6430557534,60628,"CHICAGO MIDWAY AIRPORT, IL US",71.0,56.0,59.0,0.0,10.0,9.0
crash_04756,2023-09-28 19:02:00,2023,9,Sep,Thu,19,Night or early morning,30,NO CONTROLS,CLEAR,DUSK,PEDALCYCLIST,NOT DIVIDED,UNKNOWN,INJURY AND / OR TOW DUE TO CRASH,,,"$501 - $1,500",UNABLE TO DETERMINE,2,NONINCAPACITATING INJURY,1,0,41.8913762803,-87.7507239918,60644,"CHICAGO MIDWAY AIRPORT, IL US",66.0,58.0,75.0,0.0,10.0,7.0
crash_04757,2024-03-28 19:19:00,2024,3,Mar,Thu,19,Night or early morning,30,NO CONTROLS,CLEAR,"DARKNESS, LIGHTED ROAD",REAR END,NOT DIVIDED,DRY,INJURY AND / OR TOW DUE TO CRASH,,,$500 OR LESS,FAILING TO REDUCE SPEED TO AVOID CRASH,2,"REPORTED, NOT EVIDENT",3,0,41.9325186622,-87.6679495827,60657,"CHICAGO MIDWAY AIRPORT, IL US",49.0,30.0,48.0,0.0,10.0,9.0
crash_04758,2022-11-04 16:15:00,2022,11,Nov,Fri,16,Evening commute,30,STOP SIGN/FLASHER,RAIN,DAYLIGHT,REAR END,NOT DIVIDED,WET,NO INJURY / DRIVE AWAY,false,true,$500 OR LESS,UNABLE TO DETERMINE,2,NO INDICATION OF INJURY,0,0,41.8192399665,-87.6313219593,60609,"CHICAGO MIDWAY AIRPORT, IL US",75.0,57.0,54.0,0.0,10.0,20.0
crash_04759,2019-12-30 16:00:00,2019,12,Dec,Mon,16,Evening commute,30,NO CONTROLS,CLEAR,DAWN,PARKED MOTOR VEHICLE,NOT DIVIDED,WET,NO INJURY / DRIVE AWAY,,,$500 OR LESS,IMPROPER BACKING,2,NO INDICATION OF INJURY,0,0,41.9952114602,-87.6602779929,60660,"CHICAGO OHARE INTERNATIONAL AIRPORT, IL US",29.0,25.0,85.0,0.0,8.0,16.0
crash_04760,2019-12-28 17:00:00,2019,12,Dec,Sat,17,Evening commute,30,NO CONTROLS,CLEAR,"DARKNESS, LIGHTED ROAD",REAR END,NOT DIVIDED,DRY,INJURY AND / OR TOW DUE TO CRASH,,,"OVER $1,500",FAILING TO REDUCE SPEED TO AVOID CRASH,2,NO INDICATION OF INJURY,0,0,41.9015515657,-87.6345374449,60610,"CHICAGO MIDWAY AIRPORT, IL US",45.0,39.0,80.0,,7.0,8.0
crash_04761,2018-01-25 07:10:00,2018,1,Jan,Thu,7,Morning commute,30,NO CONTROLS,CLEAR,DAYLIGHT,TURNING,DIVIDED - W/MEDIAN (NOT RAISED),DRY,NO INJURY / DRIVE AWAY,,,"OVER $1,500",FAILING TO YIELD RIGHT-OF-WAY,2,NO INDICATION OF INJURY,0,0,41.9701800166,-87.7625958933,60630,"CHICAGO OHARE INTERNATIONAL AIRPORT, IL US",27.0,22.0,81.0,0.0,9.0,9.0
crash_04762,2019-02-28 21:50:00,2019,2,Feb,Thu,21,Night or early morning,25,STOP SIGN/FLASHER,CLEAR,"DARKNESS, LIGHTED ROAD",ANGLE,NOT DIVIDED,DRY,INJURY AND / OR TOW DUE TO CRASH,true,,"OVER $1,500",FAILING TO YIELD RIGHT-OF-WAY,2,NO INDICATION OF INJURY,0,0,41.9743069845,-87.7816935539,60630,"CHICAGO OHARE INTERNATIONAL AIRPORT, IL US",22.0,15.0,75.0,0.0,10.0,5.0
crash_04763,2018-11-20 00:30:00,2018,11,Nov,Tue,0,Night or early morning,30,NO CONTROLS,CLEAR,UNKNOWN,PARKED MOTOR VEHICLE,NOT DIVIDED,UNKNOWN,NO INJURY / DRIVE AWAY,,true,"OVER $1,500",UNABLE TO DETERMINE,2,NO INDICATION OF INJURY,0,0,41.7945855107,-87.6741748925,60609,"CHICAGO MIDWAY AIRPORT, IL US",31.0,21.0,67.0,0.0,9.0,11.0
crash_04764,2020-08-12 14:35:00,2020,8,Aug,Wed,14,Daytime,30,STOP SIGN/FLASHER,CLEAR,DAYLIGHT,ANGLE,OTHER,DRY,NO INJURY / DRIVE AWAY,true,,"$501 - $1,500","VISION OBSCURED (SIGNS, TREE LIMBS, BUILDINGS, ETC.)",2,NO INDICATION OF INJURY,0,0,41.751589426,-87.5845552455,60649,"CHICAGO MIDWAY AIRPORT, IL US",82.0,57.0,42.0,0.0,10.0,6.0
crash_04765,2020-12-12 20:05:00,2020,12,Dec,Sat,20,Night or early morning,30,TRAFFIC SIGNAL,CLEAR,"DARKNESS, LIGHTED ROAD",TURNING,FOUR WAY,DRY,INJURY AND / OR TOW DUE TO CRASH,true,,"OVER $1,500",FAILING TO YIELD RIGHT-OF-WAY,2,INCAPACITATING INJURY,2,0,41.9974507662,-87.7890997165,60631,"CHICAGO OHARE INTERNATIONAL AIRPORT, IL US",34.0,28.0,79.0,0.0,10.0,13.0
crash_04766,2021-10-24 00:07:00,2021,10,Oct,Sun,0,Night or early morning,30,NO CONTROLS,CLEAR,"DARKNESS, LIGHTED ROAD",PARKED MOTOR VEHICLE,ONE-WAY,DRY,NO INJURY / DRIVE AWAY,,true,"OVER $1,500",UNABLE TO DETERMINE,4,NO INDICATION OF INJURY,0,0,41.9083055262,-87.6807282453,60622,"CHICAGO MIDWAY AIRPORT, IL US",46.0,33.0,61.0,0.0,10.0,0.0
crash_04767,2025-10-17 09:30:00,2025,10,Oct,Fri,9,Morning commute,30,NO CONTROLS,CLEAR,DAYLIGHT,PARKED MOTOR VEHICLE,PARKING LOT,DRY,NO INJURY / DRIVE AWAY,,true,"OVER $1,500",FOLLOWING TOO CLOSELY,2,NO INDICATION OF INJURY,0,0,41.8467666109,-87.6171757775,60616,,,,,,,
crash_04768,2019-01-22 15:05:00,2019,1,Jan,Tue,15,Evening commute,25,TRAFFIC SIGNAL,CLEAR,DAYLIGHT,REAR END,NOT DIVIDED,WET,NO INJURY / DRIVE AWAY,true,,"OVER $1,500",FOLLOWING TOO CLOSELY,2,NO INDICATION OF INJURY,0,0,41.8697959108,-87.6391311285,60607,"CHICAGO MIDWAY AIRPORT, IL US",31.0,28.0,89.0,0.01,2.0,13.0
crash_04769,2020-05-26 17:12:00,2020,5,May,Tue,17,Evening commute,30,UNKNOWN,RAIN,DAYLIGHT,REAR END,OTHER,WET,NO INJURY / DRIVE AWAY,,,"OVER $1,500",FOLLOWING TOO CLOSELY,2,NO INDICATION OF INJURY,0,0,41.7586800528,-87.6058826973,60619,"CHICAGO MIDWAY AIRPORT, IL US",86.0,66.0,51.0,0.0,10.0,16.0
crash_04770,2023-07-16 16:05:00,2023,7,Jul,Sun,16,Evening commute,15,NO CONTROLS,CLOUDY/OVERCAST,DAYLIGHT,ANGLE,PARKING LOT,DRY,NO INJURY / DRIVE AWAY,,,"$501 - $1,500","OPERATING VEHICLE IN ERRATIC, RECKLESS, CARELESS, NEGLIGENT OR AGGRESSIVE MANNER",2,NO INDICATION OF INJURY,0,0,41.7362616994,-87.6290647164,60620,"CHICAGO MIDWAY AIRPORT, IL US",81.0,58.0,45.0,0.0,8.0,17.0
crash_04771,2019-09-19 09:00:00,2019,9,Sep,Thu,9,Morning commute,10,NO CONTROLS,CLEAR,DAYLIGHT,PARKED MOTOR VEHICLE,ONE-WAY,DRY,NO INJURY / DRIVE AWAY,,,"OVER $1,500",UNABLE TO DETERMINE,2,NO INDICATION OF INJURY,0,0,41.7642828412,-87.6138741689,60619,"CHICAGO MIDWAY AIRPORT, IL US",71.0,54.0,55.0,0.0,10.0,6.0
crash_04772,2019-10-07 16:45:00,2019,10,Oct,Mon,16,Evening commute,30,TRAFFIC SIGNAL,CLEAR,DAYLIGHT,REAR END,NOT DIVIDED,DRY,NO INJURY / DRIVE AWAY,,true,$500 OR LESS,TEXTING,2,NO INDICATION OF INJURY,0,0,41.7393389756,-87.6633009806,60620,"CHICAGO MIDWAY AIRPORT, IL US",69.0,39.0,33.0,0.0,10.0,7.0
crash_04773,2023-09-16 11:55:00,2023,9,Sep,Sat,11,Daytime,35,UNKNOWN,CLEAR,DAYLIGHT,HEAD ON,DIVIDED - W/MEDIAN BARRIER,DRY,INJURY AND / OR TOW DUE TO CRASH,,,"OVER $1,500",FAILING TO REDUCE SPEED TO AVOID CRASH,2,NONINCAPACITATING INJURY,1,0,41.9729942182,-87.765516696,60630,"CHICAGO OHARE INTERNATIONAL AIRPORT, IL US",68.0,54.0,61.0,0.0,10.0,0.0
crash_04774,2021-08-03 07:00:00,2021,8,Aug,Tue,7,Morning commute,39,NO CONTROLS,CLEAR,DAYLIGHT,PARKED MOTOR VEHICLE,NOT DIVIDED,DRY,NO INJURY / DRIVE AWAY,,true,"OVER $1,500",UNABLE TO DETERMINE,2,NO INDICATION OF INJURY,0,0,41.9619266436,-87.6517203067,60640,"CHICAGO MIDWAY AIRPORT, IL US",66.0,54.0,65.0,0.0,10.0,0.0
crash_04775,2024-10-23 16:18:00,2024,10,Oct,Wed,16,Evening commute,30,UNKNOWN,CLEAR,DAYLIGHT,TURNING,NOT DIVIDED,UNKNOWN,NO INJURY / DRIVE AWAY,,true,"OVER $1,500",UNABLE TO DETERMINE,2,NO INDICATION OF INJURY,0,0,41.9913425122,-87.7542237417,60646,"CHICAGO OHARE INTERNATIONAL AIRPORT, IL US",63.0,36.0,37.0,0.0,10.0,10.0
crash_04776,2021-09-12 20:30:00,2021,9,Sep,Sun,20,Night or early morning,30,NO CONTROLS,CLEAR,DARKNESS,PARKED MOTOR VEHICLE,ONE-WAY,UNKNOWN,NO INJURY / DRIVE AWAY,,,"OVER $1,500",UNABLE TO DETERMINE,2,NO INDICATION OF INJURY,0,0,41.7110225718,-87.6273537689,60628,"CHICAGO MIDWAY AIRPORT, IL US",73.0,65.0,76.0,0.0,10.0,10.0
crash_04777,2020-03-18 22:30:00,2020,3,Mar,Wed,22,Night or early morning,30,NO CONTROLS,CLEAR,"DARKNESS, LIGHTED ROAD",SIDESWIPE SAME DIRECTION,OTHER,WET,INJURY AND / OR TOW DUE TO CRASH,,,"OVER $1,500",FAILING TO REDUCE SPEED TO AVOID CRASH,3,INCAPACITATING INJURY,2,0,41.7768743167,-87.7225683819,60629,"CHICAGO MIDWAY AIRPORT, IL US",41.0,40.0,96.0,,5.0,9.0
crash_04778,2022-10-20 15:00:00,2022,10,Oct,Thu,15,Evening commute,30,UNKNOWN,CLEAR,DAYLIGHT,SIDESWIPE SAME DIRECTION,NOT DIVIDED,UNKNOWN,NO INJURY / DRIVE AWAY,,true,"OVER $1,500",UNABLE TO DETERMINE,2,NO INDICATION OF INJURY,0,0,41.8742301556,-87.6569662447,60607,"CHICAGO MIDWAY AIRPORT, IL US",62.0,22.0,21.0,0.0,10.0,8.0
crash_04779,2023-09-22 11:50:00,2023,9,Sep,Fri,11,Daytime,20,NO CONTROLS,CLEAR,DAYLIGHT,PARKED MOTOR VEHICLE,NOT DIVIDED,DRY,NO INJURY / DRIVE AWAY,,,"OVER $1,500",IMPROPER LANE USAGE,2,NO INDICATION OF INJURY,0,0,41.9520847549,-87.6591479021,60613,"CHICAGO MIDWAY AIRPORT, IL US",72.0,60.0,66.0,0.0,10.0,6.0
crash_04780,2025-05-15 14:34:00,2025,5,May,Thu,14,Daytime,25,NO CONTROLS,CLEAR,DAYLIGHT,FIXED OBJECT,ONE-WAY,DRY,INJURY AND / OR TOW DUE TO CRASH,,,"OVER $1,500",UNABLE TO DETERMINE,1,FATAL,1,1,41.8572007421,-87.7187011645,60623,"CHICAGO MIDWAY AIRPORT, IL US",94.0,66.0,40.0,0.0,10.0,14.0
crash_04781,2024-06-08 21:09:00,2024,6,Jun,Sat,21,Night or early morning,35,TRAFFIC SIGNAL,RAIN,"DARKNESS, LIGHTED ROAD",ANGLE,FOUR WAY,WET,INJURY AND / OR TOW DUE TO CRASH,true,,"OVER $1,500",FAILING TO YIELD RIGHT-OF-WAY,3,NO INDICATION OF INJURY,0,0,41.7588946702,-87.5665178399,60649,"CHICAGO MIDWAY AIRPORT, IL US",60.0,55.0,84.0,0.0,10.0,10.0