crash_id,crash_datetime,crash_year,crash_month,crash_month_name,crash_weekday_name,crash_hour,time_period,posted_speed_limit_mph,traffic_control_device,reported_weather_condition,reported_lighting_condition,first_crash_type,trafficway_type,reported_road_surface_condition,crash_type,intersection_related,hit_and_run,estimated_damage,primary_contributory_cause,unit_count,most_severe_injury,injuries_total,injuries_fatal,latitude,longitude,zip5,weather_station_name,temperature_f,dew_point_f,relative_humidity_percent,precipitation_inches,visibility_miles,wind_speed_mph
crash_04782,2025-12-13 02:30:00,2025,12,Dec,Sat,2,Night or early morning,30,NO CONTROLS,CLEAR,"DARKNESS, LIGHTED ROAD",PARKED MOTOR VEHICLE,ONE-WAY,DRY,NO INJURY / DRIVE AWAY,,true,"OVER $1,500",UNABLE TO DETERMINE,2,NO INDICATION OF INJURY,0,0,41.9205483576,-87.7231361853,60647,,,,,,,
crash_04783,2019-05-05 22:12:00,2019,5,May,Sun,22,Night or early morning,30,TRAFFIC SIGNAL,CLEAR,"DARKNESS, LIGHTED ROAD",TURNING,T-INTERSECTION,DRY,INJURY AND / OR TOW DUE TO CRASH,true,,"OVER $1,500",IMPROPER TURNING/NO SIGNAL,2,"REPORTED, NOT EVIDENT",1,0,41.8859453868,-87.6206083649,60601,"CHICAGO MIDWAY AIRPORT, IL US",66.0,46.0,49.0,0.0,10.0,6.0
crash_04784,2025-11-24 16:35:00,2025,11,Nov,Mon,16,Evening commute,30,NO CONTROLS,CLEAR,"DARKNESS, LIGHTED ROAD",REAR END,DIVIDED - W/MEDIAN (NOT RAISED),DRY,NO INJURY / DRIVE AWAY,,,"$501 - $1,500",FOLLOWING TOO CLOSELY,2,NO INDICATION OF INJURY,0,0,41.7839330554,-87.6644747084,60636,,,,,,,
crash_04785,2025-12-09 10:50:00,2025,12,Dec,Tue,10,Daytime,15,NO CONTROLS,CLEAR,DAYLIGHT,REAR TO SIDE,PARKING LOT,WET,NO INJURY / DRIVE AWAY,,,"$501 - $1,500",UNABLE TO DETERMINE,2,NO INDICATION OF INJURY,0,0,41.7214884683,-87.6819363105,60620,,,,,,,
crash_04786,2021-12-08 16:20:00,2021,12,Dec,Wed,16,Evening commute,30,TRAFFIC SIGNAL,CLEAR,DAYLIGHT,REAR END,NOT DIVIDED,DRY,NO INJURY / DRIVE AWAY,true,true,"OVER $1,500",FOLLOWING TOO CLOSELY,2,NO INDICATION OF INJURY,0,0,41.6778596094,-87.6465151022,60643,"CHICAGO MIDWAY AIRPORT, IL US",34.0,16.0,48.0,0.0,10.0,6.0
crash_04787,2020-02-10 07:20:00,2020,2,Feb,Mon,7,Morning commute,30,NO CONTROLS,CLEAR,DAYLIGHT,TURNING,ALLEY,ICE,INJURY AND / OR TOW DUE TO CRASH,,,"OVER $1,500",UNABLE TO DETERMINE,2,NO INDICATION OF INJURY,0,0,41.9363430219,-87.6470050719,60657,"CHICAGO MIDWAY AIRPORT, IL US",27.0,23.0,85.0,0.0,10.0,8.0
crash_04788,2021-12-13 11:25:00,2021,12,Dec,Mon,11,Daytime,30,NO CONTROLS,CLEAR,DAYLIGHT,ANGLE,PARKING LOT,DRY,NO INJURY / DRIVE AWAY,,,"OVER $1,500",FAILING TO YIELD RIGHT-OF-WAY,2,NO INDICATION OF INJURY,0,0,41.9236610623,-87.7661255171,60639,"CHICAGO OHARE INTERNATIONAL AIRPORT, IL US",47.0,29.0,50.0,0.0,10.0,13.0
crash_04789,2019-09-16 16:30:00,2019,9,Sep,Mon,16,Evening commute,30,TRAFFIC SIGNAL,CLEAR,DAYLIGHT,REAR END,NOT DIVIDED,DRY,NO INJURY / DRIVE AWAY,,,"OVER $1,500",FOLLOWING TOO CLOSELY,2,NO INDICATION OF INJURY,0,0,41.7732861901,-87.6059191026,60637,"CHICAGO MIDWAY AIRPORT, IL US",75.0,64.0,69.0,0.0,10.0,6.0
crash_04790,2020-07-09 12:30:00,2020,7,Jul,Thu,12,Daytime,25,NO CONTROLS,CLEAR,DAYLIGHT,FIXED OBJECT,RAMP,DRY,INJURY AND / OR TOW DUE TO CRASH,,,"$501 - $1,500",NOT APPLICABLE,2,NO INDICATION OF INJURY,0,0,41.8604499335,-87.6174881929,60605,"CHICAGO MIDWAY AIRPORT, IL US",90.0,66.0,45.0,0.0,10.0,8.0
crash_04791,2018-10-26 02:04:00,2018,10,Oct,Fri,2,Night or early morning,35,TRAFFIC SIGNAL,CLEAR,"DARKNESS, LIGHTED ROAD",REAR END,NOT DIVIDED,DRY,INJURY AND / OR TOW DUE TO CRASH,true,,"OVER $1,500",FAILING TO REDUCE SPEED TO AVOID CRASH,2,"REPORTED, NOT EVIDENT",1,0,41.7441952863,-87.5756392536,60617,"CHICAGO MIDWAY AIRPORT, IL US",47.0,36.0,66.0,0.0,10.0,6.0
crash_04792,2024-03-15 21:20:00,2024,3,Mar,Fri,21,Night or early morning,35,TRAFFIC SIGNAL,CLEAR,"DARKNESS, LIGHTED ROAD",REAR END,NOT DIVIDED,DRY,NO INJURY / DRIVE AWAY,,true,"OVER $1,500",IMPROPER OVERTAKING/PASSING,2,NO INDICATION OF INJURY,0,0,41.890058266,-87.6312298874,60654,"CHICAGO MIDWAY AIRPORT, IL US",42.0,34.0,73.0,0.0,10.0,3.0
crash_04793,2018-03-30 12:10:00,2018,3,Mar,Fri,12,Daytime,30,TRAFFIC SIGNAL,CLEAR,DAYLIGHT,ANGLE,OTHER,DRY,INJURY AND / OR TOW DUE TO CRASH,true,true,"OVER $1,500",DISREGARDING TRAFFIC SIGNALS,2,NONINCAPACITATING INJURY,1,0,41.9689262366,-87.6745864921,60640,"CHICAGO OHARE INTERNATIONAL AIRPORT, IL US",41.0,24.0,51.0,0.0,10.0,7.0
crash_04794,2021-10-14 08:50:00,2021,10,Oct,Thu,8,Morning commute,30,NO CONTROLS,CLEAR,DAYLIGHT,SIDESWIPE SAME DIRECTION,OTHER,WET,NO INJURY / DRIVE AWAY,,,"OVER $1,500",IMPROPER LANE USAGE,2,NO INDICATION OF INJURY,0,0,41.8566890927,-87.6435692882,60616,"CHICAGO MIDWAY AIRPORT, IL US",65.0,55.0,70.0,0.0,10.0,6.0
crash_04795,2020-06-24 17:23:00,2020,6,Jun,Wed,17,Evening commute,30,NO CONTROLS,CLEAR,DAYLIGHT,TURNING,FOUR WAY,UNKNOWN,INJURY AND / OR TOW DUE TO CRASH,true,true,"OVER $1,500",FAILING TO YIELD RIGHT-OF-WAY,2,NONINCAPACITATING INJURY,1,0,41.7070890234,-87.6380402888,60628,"CHICAGO MIDWAY AIRPORT, IL US",74.0,57.0,56.0,0.0,10.0,7.0
crash_04796,2023-11-28 11:55:00,2023,11,Nov,Tue,11,Daytime,30,NO CONTROLS,CLEAR,DAYLIGHT,PEDESTRIAN,DIVIDED - W/MEDIAN (NOT RAISED),DRY,NO INJURY / DRIVE AWAY,,true,$500 OR LESS,UNABLE TO DETERMINE,2,NO INDICATION OF INJURY,0,0,41.8517984007,-87.694983583,60608,"CHICAGO MIDWAY AIRPORT, IL US",24.0,7.0,48.0,0.0,10.0,9.0
crash_04797,2022-04-10 13:40:00,2022,4,Apr,Sun,13,Daytime,30,STOP SIGN/FLASHER,CLEAR,DAYLIGHT,TURNING,NOT DIVIDED,DRY,NO INJURY / DRIVE AWAY,,,"$501 - $1,500",NOT APPLICABLE,2,NO INDICATION OF INJURY,0,0,41.7789133984,-87.7008433868,60629,"CHICAGO MIDWAY AIRPORT, IL US",61.0,32.0,34.0,0.0,10.0,20.0
crash_04798,2025-08-10 14:25:00,2025,8,Aug,Sun,14,Daytime,30,NO CONTROLS,CLEAR,DAYLIGHT,REAR END,NOT DIVIDED,DRY,INJURY AND / OR TOW DUE TO CRASH,,,"OVER $1,500",FOLLOWING TOO CLOSELY,2,NONINCAPACITATING INJURY,3,0,41.931914858,-87.7258240123,60618,"CHICAGO MIDWAY AIRPORT, IL US",88.0,72.0,59.0,0.0,10.0,6.0
crash_04799,2020-07-02 03:17:00,2020,7,Jul,Thu,3,Night or early morning,30,TRAFFIC SIGNAL,CLEAR,"DARKNESS, LIGHTED ROAD",ANGLE,NOT DIVIDED,DRY,NO INJURY / DRIVE AWAY,,true,"$501 - $1,500",DISREGARDING TRAFFIC SIGNALS,2,NO INDICATION OF INJURY,0,0,41.7430516184,-87.6585430283,60620,"CHICAGO MIDWAY AIRPORT, IL US",73.0,67.0,81.0,0.0,10.0,3.0
crash_04800,2021-12-10 20:24:00,2021,12,Dec,Fri,20,Night or early morning,30,STOP SIGN/FLASHER,RAIN,DARKNESS,ANGLE,NOT DIVIDED,WET,INJURY AND / OR TOW DUE TO CRASH,true,,"OVER $1,500",FAILING TO YIELD RIGHT-OF-WAY,2,NO INDICATION OF INJURY,0,0,41.7814027865,-87.6643253577,60636,"CHICAGO MIDWAY AIRPORT, IL US",56.0,52.0,87.0,0.01,7.0,10.0
crash_04801,2024-02-04 03:35:00,2024,2,Feb,Sun,3,Night or early morning,25,NO CONTROLS,CLEAR,"DARKNESS, LIGHTED ROAD",PARKED MOTOR VEHICLE,NOT DIVIDED,DRY,INJURY AND / OR TOW DUE TO CRASH,,,"$501 - $1,500",NOT APPLICABLE,3,NO INDICATION OF INJURY,0,0,41.8100608864,-87.6892273232,60632,"CHICAGO MIDWAY AIRPORT, IL US",33.0,28.0,82.0,0.0,9.0,7.0
crash_04802,2019-09-20 19:50:00,2019,9,Sep,Fri,19,Night or early morning,20,NO CONTROLS,CLEAR,"DARKNESS, LIGHTED ROAD",SIDESWIPE SAME DIRECTION,DIVIDED - W/MEDIAN (NOT RAISED),DRY,NO INJURY / DRIVE AWAY,,,"$501 - $1,500",NOT APPLICABLE,2,NO INDICATION OF INJURY,0,0,41.9101564122,-87.6675330423,60642,"CHICAGO MIDWAY AIRPORT, IL US",82.0,67.0,60.0,0.0,10.0,3.0
crash_04803,2018-07-05 11:30:00,2018,7,Jul,Thu,11,Daytime,0,TRAFFIC SIGNAL,CLEAR,DAYLIGHT,REAR END,DIVIDED - W/MEDIAN (NOT RAISED),DRY,NO INJURY / DRIVE AWAY,,,"OVER $1,500",FOLLOWING TOO CLOSELY,2,NO INDICATION OF INJURY,0,0,41.8730493663,-87.6277114198,60605,"CHICAGO MIDWAY AIRPORT, IL US",91.0,75.0,59.0,0.0,10.0,5.0
crash_04804,2020-06-21 22:00:00,2020,6,Jun,Sun,22,Night or early morning,30,NO CONTROLS,CLEAR,"DARKNESS, LIGHTED ROAD",REAR TO REAR,NOT DIVIDED,DRY,NO INJURY / DRIVE AWAY,,true,"OVER $1,500",UNABLE TO DETERMINE,2,NO INDICATION OF INJURY,0,0,41.872350043,-87.7032726418,60612,"CHICAGO MIDWAY AIRPORT, IL US",76.0,63.0,64.0,0.0,10.0,6.0
crash_04805,2018-10-01 15:45:00,2018,10,Oct,Mon,15,Evening commute,30,NO CONTROLS,CLEAR,DAYLIGHT,SIDESWIPE SAME DIRECTION,NOT DIVIDED,DRY,NO INJURY / DRIVE AWAY,,,"OVER $1,500",UNABLE TO DETERMINE,2,NO INDICATION OF INJURY,0,0,41.9547518306,-87.7669041707,60641,"CHICAGO OHARE INTERNATIONAL AIRPORT, IL US",72.0,61.0,68.0,0.0,8.0,5.0
crash_04806,2024-05-16 10:00:00,2024,5,May,Thu,10,Daytime,30,TRAFFIC SIGNAL,CLEAR,DAYLIGHT,REAR END,NOT DIVIDED,DRY,INJURY AND / OR TOW DUE TO CRASH,true,true,"OVER $1,500",DISREGARDING ROAD MARKINGS,3,"REPORTED, NOT EVIDENT",1,0,,,,,,,,,,
crash_04807,2024-08-11 16:00:00,2024,8,Aug,Sun,16,Evening commute,30,NO CONTROLS,CLEAR,DAYLIGHT,SIDESWIPE SAME DIRECTION,DIVIDED - W/MEDIAN BARRIER,DRY,NO INJURY / DRIVE AWAY,,,"$501 - $1,500",UNABLE TO DETERMINE,2,NO INDICATION OF INJURY,0,0,41.8954144731,-87.6241167059,60611,"CHICAGO MIDWAY AIRPORT, IL US",79.0,49.0,35.0,0.0,10.0,10.0
crash_04808,2020-07-14 10:25:00,2020,7,Jul,Tue,10,Daytime,15,NO CONTROLS,CLEAR,DAYLIGHT,FIXED OBJECT,ALLEY,OTHER,NO INJURY / DRIVE AWAY,,,$500 OR LESS,IMPROPER BACKING,1,NO INDICATION OF INJURY,0,0,41.7023978902,-87.6644690705,60643,"CHICAGO MIDWAY AIRPORT, IL US",81.0,58.0,45.0,0.0,10.0,7.0
crash_04809,2022-04-17 09:40:00,2022,4,Apr,Sun,9,Morning commute,30,STOP SIGN/FLASHER,CLEAR,DAYLIGHT,ANGLE,FOUR WAY,DRY,NO INJURY / DRIVE AWAY,true,true,"$501 - $1,500",FAILING TO YIELD RIGHT-OF-WAY,2,NO INDICATION OF INJURY,0,0,41.753971858,-87.6588280265,60620,"CHICAGO MIDWAY AIRPORT, IL US",40.0,23.0,51.0,0.0,10.0,11.0
crash_04810,2022-08-24 08:15:00,2022,8,Aug,Wed,8,Morning commute,20,NO CONTROLS,CLEAR,DAYLIGHT,PARKED MOTOR VEHICLE,NOT DIVIDED,DRY,NO INJURY / DRIVE AWAY,,true,"OVER $1,500",UNABLE TO DETERMINE,2,NO INDICATION OF INJURY,0,0,41.7646099341,-87.6953318528,60629,"CHICAGO MIDWAY AIRPORT, IL US",73.0,60.0,64.0,,10.0,0.0
crash_04811,2023-02-21 09:15:00,2023,2,Feb,Tue,9,Morning commute,30,STOP SIGN/FLASHER,CLEAR,DAYLIGHT,SIDESWIPE SAME DIRECTION,DIVIDED - W/MEDIAN BARRIER,DRY,NO INJURY / DRIVE AWAY,,,"OVER $1,500",UNABLE TO DETERMINE,2,NO INDICATION OF INJURY,0,0,41.9164922484,-87.7560695922,60639,"CHICAGO MIDWAY AIRPORT, IL US",26.0,11.0,53.0,0.0,10.0,15.0
crash_04812,2018-07-10 06:57:00,2018,7,Jul,Tue,6,Morning commute,30,TRAFFIC SIGNAL,CLEAR,DAYLIGHT,ANGLE,DIVIDED - W/MEDIAN (NOT RAISED),DRY,NO INJURY / DRIVE AWAY,true,,"OVER $1,500",DISREGARDING TRAFFIC SIGNALS,2,NO INDICATION OF INJURY,0,0,41.873934467,-87.6762549872,60612,"CHICAGO MIDWAY AIRPORT, IL US",79.0,70.0,74.0,0.0,10.0,5.0
crash_04813,2023-03-06 00:03:00,2023,3,Mar,Mon,0,Night or early morning,30,TRAFFIC SIGNAL,RAIN,"DARKNESS, LIGHTED ROAD",ANGLE,NOT DIVIDED,WET,NO INJURY / DRIVE AWAY,true,,"OVER $1,500",FAILING TO REDUCE SPEED TO AVOID CRASH,2,NO INDICATION OF INJURY,0,0,41.8449346323,-87.6855315193,60608,"CHICAGO MIDWAY AIRPORT, IL US",40.0,34.0,79.0,0.01,10.0,15.0
crash_04814,2018-10-20 15:45:00,2018,10,Oct,Sat,15,Evening commute,30,NO CONTROLS,CLEAR,DAYLIGHT,REAR END,DIVIDED - W/MEDIAN (NOT RAISED),DRY,NO INJURY / DRIVE AWAY,,,$500 OR LESS,UNABLE TO DETERMINE,2,NO INDICATION OF INJURY,0,0,41.9106544181,-87.6590898128,60642,"CHICAGO MIDWAY AIRPORT, IL US",41.0,24.0,51.0,0.0,10.0,24.0
crash_04815,2020-02-21 12:45:00,2020,2,Feb,Fri,12,Daytime,30,TRAFFIC SIGNAL,CLEAR,DAYLIGHT,REAR END,NOT DIVIDED,DRY,NO INJURY / DRIVE AWAY,,,"OVER $1,500",FOLLOWING TOO CLOSELY,2,NO INDICATION OF INJURY,0,0,41.8244327986,-87.6945107021,60632,"CHICAGO MIDWAY AIRPORT, IL US",34.0,7.0,32.0,0.0,10.0,20.0
crash_04816,2025-03-26 12:22:00,2025,3,Mar,Wed,12,Daytime,30,STOP SIGN/FLASHER,CLEAR,DAYLIGHT,ANGLE,NOT DIVIDED,DRY,INJURY AND / OR TOW DUE TO CRASH,,,"OVER $1,500",FAILING TO YIELD RIGHT-OF-WAY,2,"REPORTED, NOT EVIDENT",1,0,41.8899252089,-87.6353867187,60654,"CHICAGO MIDWAY AIRPORT, IL US",45.0,27.0,49.0,0.0,10.0,3.0
crash_04817,2023-07-15 10:36:00,2023,7,Jul,Sat,10,Daytime,30,TRAFFIC SIGNAL,CLEAR,DAYLIGHT,TURNING,FOUR WAY,DRY,NO INJURY / DRIVE AWAY,,,"OVER $1,500",DRIVING SKILLS/KNOWLEDGE/EXPERIENCE,2,NO INDICATION OF INJURY,0,0,41.7732580146,-87.5763381955,60649,"CHICAGO MIDWAY AIRPORT, IL US",78.0,69.0,74.0,,10.0,11.0
crash_04818,2018-04-03 13:55:00,2018,4,Apr,Tue,13,Daytime,25,NO CONTROLS,CLEAR,DAYLIGHT,TURNING,ONE-WAY,WET,NO INJURY / DRIVE AWAY,,,$500 OR LESS,FAILING TO YIELD RIGHT-OF-WAY,2,NO INDICATION OF INJURY,0,0,41.91150738,-87.7331016973,60639,"CHICAGO MIDWAY AIRPORT, IL US",40.0,39.0,97.0,0.0,1.5,15.0
crash_04819,2025-07-08 14:00:00,2025,7,Jul,Tue,14,Daytime,20,NO CONTROLS,CLEAR,DAYLIGHT,PARKED MOTOR VEHICLE,PARKING LOT,DRY,NO INJURY / DRIVE AWAY,,true,"$501 - $1,500",UNABLE TO DETERMINE,2,NO INDICATION OF INJURY,0,0,,,,,,,,,,
crash_04820,2020-07-16 06:42:00,2020,7,Jul,Thu,6,Morning commute,30,NO CONTROLS,RAIN,DAYLIGHT,OTHER OBJECT,NOT DIVIDED,WET,INJURY AND / OR TOW DUE TO CRASH,,,"OVER $1,500",UNABLE TO DETERMINE,1,NO INDICATION OF INJURY,0,0,41.728395926,-87.6141946643,60619,"CHICAGO MIDWAY AIRPORT, IL US",69.0,66.0,90.0,0.0,6.0,15.0
crash_04821,2020-03-02 04:35:00,2020,3,Mar,Mon,4,Night or early morning,35,STOP SIGN/FLASHER,CLEAR,"DARKNESS, LIGHTED ROAD",TURNING,T-INTERSECTION,DRY,INJURY AND / OR TOW DUE TO CRASH,true,,"OVER $1,500",DISREGARDING STOP SIGN,2,NONINCAPACITATING INJURY,1,0,,,,,,,,,,
crash_04822,2023-09-11 17:36:00,2023,9,Sep,Mon,17,Evening commute,25,STOP SIGN/FLASHER,RAIN,DAYLIGHT,REAR END,ONE-WAY,WET,INJURY AND / OR TOW DUE TO CRASH,,,"OVER $1,500",UNABLE TO DETERMINE,3,"REPORTED, NOT EVIDENT",1,0,41.7802113218,-87.6157682918,60637,"CHICAGO MIDWAY AIRPORT, IL US",64.0,63.0,94.0,,4.0,0.0
crash_04823,2018-05-19 08:10:00,2018,5,May,Sat,8,Morning commute,35,NO CONTROLS,RAIN,DAYLIGHT,SIDESWIPE SAME DIRECTION,DIVIDED - W/MEDIAN BARRIER,WET,NO INJURY / DRIVE AWAY,,false,"OVER $1,500",IMPROPER LANE USAGE,2,NO INDICATION OF INJURY,0,0,41.7561068932,-87.6368796347,60620,"CHICAGO MIDWAY AIRPORT, IL US",57.0,57.0,100.0,0.01,2.0,0.0
crash_04824,2020-12-19 16:18:00,2020,12,Dec,Sat,16,Evening commute,35,TRAFFIC SIGNAL,CLEAR,"DARKNESS, LIGHTED ROAD",SIDESWIPE SAME DIRECTION,NOT DIVIDED,DRY,NO INJURY / DRIVE AWAY,true,,"$501 - $1,500",IMPROPER LANE USAGE,2,NO INDICATION OF INJURY,0,0,41.9107917775,-87.6494365745,60642,"CHICAGO MIDWAY AIRPORT, IL US",43.0,32.0,65.0,0.0,10.0,8.0
crash_04825,2018-08-04 02:45:00,2018,8,Aug,Sat,2,Night or early morning,30,TRAFFIC SIGNAL,CLEAR,"DARKNESS, LIGHTED ROAD",TURNING,NOT DIVIDED,DRY,NO INJURY / DRIVE AWAY,true,,"OVER $1,500",FAILING TO YIELD RIGHT-OF-WAY,2,NO INDICATION OF INJURY,0,0,41.7730784078,-87.6155344682,60637,"CHICAGO MIDWAY AIRPORT, IL US",75.0,66.0,74.0,0.0,10.0,7.0
crash_04826,2025-01-21 13:08:00,2025,1,Jan,Tue,13,Daytime,30,TRAFFIC SIGNAL,CLEAR,DAYLIGHT,TURNING,FOUR WAY,DRY,INJURY AND / OR TOW DUE TO CRASH,true,,"OVER $1,500",DISREGARDING TRAFFIC SIGNALS,2,NO INDICATION OF INJURY,0,0,41.8757452922,-87.6279742471,60605,"CHICAGO MIDWAY AIRPORT, IL US",0.0,-20.0,37.0,0.0,10.0,15.0
crash_04827,2019-08-27 17:17:00,2019,8,Aug,Tue,17,Evening commute,0,NO CONTROLS,CLEAR,DAYLIGHT,PARKED MOTOR VEHICLE,PARKING LOT,DRY,NO INJURY / DRIVE AWAY,,true,"$501 - $1,500",DRIVING SKILLS/KNOWLEDGE/EXPERIENCE,2,NO INDICATION OF INJURY,0,0,41.9976417014,-87.7012602811,60645,"CHICAGO OHARE INTERNATIONAL AIRPORT, IL US",77.0,56.0,48.0,0.0,10.0,11.0
crash_04828,2022-04-16 23:20:00,2022,4,Apr,Sat,23,Night or early morning,30,TRAFFIC SIGNAL,CLEAR,"DARKNESS, LIGHTED ROAD",SIDESWIPE SAME DIRECTION,T-INTERSECTION,DRY,NO INJURY / DRIVE AWAY,true,true,"$501 - $1,500",UNABLE TO DETERMINE,2,NO INDICATION OF INJURY,0,0,41.8968049724,-87.6170274232,60611,"CHICAGO MIDWAY AIRPORT, IL US",38.0,26.0,62.0,0.0,10.0,6.0
crash_04829,2024-12-15 12:00:00,2024,12,Dec,Sun,12,Daytime,10,NO CONTROLS,CLEAR,DAYLIGHT,PARKED MOTOR VEHICLE,PARKING LOT,DRY,NO INJURY / DRIVE AWAY,,true,"OVER $1,500",DRIVING SKILLS/KNOWLEDGE/EXPERIENCE,2,NO INDICATION OF INJURY,0,0,41.9189814883,-87.6973895336,60647,"CHICAGO MIDWAY AIRPORT, IL US",45.0,43.0,93.0,,4.0,8.0
crash_04830,2023-07-01 16:45:00,2023,7,Jul,Sat,16,Evening commute,30,NO CONTROLS,UNKNOWN,DAYLIGHT,ANGLE,NOT DIVIDED,UNKNOWN,NO INJURY / DRIVE AWAY,,,"$501 - $1,500",UNABLE TO DETERMINE,2,NO INDICATION OF INJURY,0,0,41.9406026413,-87.7593267983,60641,"CHICAGO OHARE INTERNATIONAL AIRPORT, IL US",81.0,71.0,72.0,0.03,8.0,7.0
crash_04831,2023-11-14 02:10:00,2023,11,Nov,Tue,2,Night or early morning,30,NO CONTROLS,CLEAR,"DARKNESS, LIGHTED ROAD",PARKED MOTOR VEHICLE,NOT DIVIDED,DRY,NO INJURY / DRIVE AWAY,,true,"OVER $1,500","OPERATING VEHICLE IN ERRATIC, RECKLESS, CARELESS, NEGLIGENT OR AGGRESSIVE MANNER",2,NO INDICATION OF INJURY,0,0,41.8808829474,-87.6548241287,60607,"CHICAGO MIDWAY AIRPORT, IL US",40.0,24.0,53.0,0.0,10.0,0.0
crash_04832,2018-09-15 00:50:00,2018,9,Sep,Sat,0,Night or early morning,30,TRAFFIC SIGNAL,CLEAR,"DARKNESS, LIGHTED ROAD",ANGLE,DIVIDED - W/MEDIAN (NOT RAISED),DRY,INJURY AND / OR TOW DUE TO CRASH,,true,"OVER $1,500",NOT APPLICABLE,2,NO INDICATION OF INJURY,0,0,41.8021379499,-87.6209491795,60615,"CHICAGO MIDWAY AIRPORT, IL US",66.0,61.0,84.0,0.0,10.0,0.0
crash_04833,2023-02-10 08:07:00,2023,2,Feb,Fri,8,Morning commute,20,NO CONTROLS,CLEAR,DAYLIGHT,SIDESWIPE SAME DIRECTION,NOT DIVIDED,WET,INJURY AND / OR TOW DUE TO CRASH,,,"OVER $1,500",FAILING TO YIELD RIGHT-OF-WAY,2,NO INDICATION OF INJURY,0,0,41.8786219403,-87.6778612673,60612,"CHICAGO MIDWAY AIRPORT, IL US",33.0,23.0,66.0,0.0,10.0,9.0
crash_04834,2022-03-25 23:30:00,2022,3,Mar,Fri,23,Night or early morning,30,NO CONTROLS,CLEAR,"DARKNESS, LIGHTED ROAD",OTHER NONCOLLISION,DIVIDED - W/MEDIAN BARRIER,DRY,INJURY AND / OR TOW DUE TO CRASH,,true,"OVER $1,500",NOT APPLICABLE,2,NO INDICATION OF INJURY,0,0,41.8693118553,-87.719478449,60624,"CHICAGO MIDWAY AIRPORT, IL US",37.0,27.0,67.0,0.0,9.0,18.0
crash_04835,2021-02-06 19:00:00,2021,2,Feb,Sat,19,Night or early morning,30,NO CONTROLS,UNKNOWN,DARKNESS,REAR TO SIDE,PARKING LOT,UNKNOWN,INJURY AND / OR TOW DUE TO CRASH,,,"OVER $1,500",DRIVING SKILLS/KNOWLEDGE/EXPERIENCE,2,NONINCAPACITATING INJURY,4,0,41.8310839078,-87.6146065242,60653,"CHICAGO MIDWAY AIRPORT, IL US",10.0,3.0,73.0,0.0,4.0,10.0
crash_04836,2018-10-06 15:20:00,2018,10,Oct,Sat,15,Evening commute,35,NO CONTROLS,OTHER,DAYLIGHT,REAR END,NOT DIVIDED,WET,NO INJURY / DRIVE AWAY,,,"OVER $1,500",IMPROPER LANE USAGE,2,NO INDICATION OF INJURY,0,0,41.997244471,-87.7876061527,60646,"CHICAGO OHARE INTERNATIONAL AIRPORT, IL US",61.0,56.0,84.0,,10.0,9.0
crash_04837,2021-11-24 14:45:00,2021,11,Nov,Wed,14,Daytime,25,TRAFFIC SIGNAL,CLEAR,DAYLIGHT,REAR END,NOT DIVIDED,DRY,NO INJURY / DRIVE AWAY,,,$500 OR LESS,FOLLOWING TOO CLOSELY,2,NO INDICATION OF INJURY,0,0,41.8085422443,-87.6845482018,60632,"CHICAGO MIDWAY AIRPORT, IL US",53.0,33.0,47.0,0.0,10.0,20.0
crash_04838,2025-03-12 20:23:00,2025,3,Mar,Wed,20,Night or early morning,30,NO CONTROLS,CLEAR,"DARKNESS, LIGHTED ROAD",FIXED OBJECT,DIVIDED - W/MEDIAN BARRIER,DRY,INJURY AND / OR TOW DUE TO CRASH,,,"OVER $1,500",UNABLE TO DETERMINE,1,NO INDICATION OF INJURY,0,0,41.6709245165,-87.5398034892,60633,"CHICAGO MIDWAY AIRPORT, IL US",44.0,22.0,41.0,0.0,10.0,7.0
crash_04839,2020-10-08 21:19:00,2020,10,Oct,Thu,21,Night or early morning,30,NO CONTROLS,CLEAR,DARKNESS,FIXED OBJECT,NOT DIVIDED,DRY,INJURY AND / OR TOW DUE TO CRASH,,,"OVER $1,500",UNABLE TO DETERMINE,1,NO INDICATION OF INJURY,0,0,41.8935090322,-87.7385793459,60624,"CHICAGO MIDWAY AIRPORT, IL US",57.0,47.0,69.0,0.0,10.0,6.0
crash_04840,2022-09-16 13:40:00,2022,9,Sep,Fri,13,Daytime,30,UNKNOWN,CLEAR,DAYLIGHT,SIDESWIPE SAME DIRECTION,UNKNOWN INTERSECTION TYPE,DRY,NO INJURY / DRIVE AWAY,,,"OVER $1,500",UNABLE TO DETERMINE,2,NO INDICATION OF INJURY,0,0,41.8832333163,-87.642848063,60661,"CHICAGO MIDWAY AIRPORT, IL US",84.0,60.0,44.0,0.0,10.0,10.0
crash_04841,2025-04-26 16:50:00,2025,4,Apr,Sat,16,Evening commute,25,UNKNOWN,UNKNOWN,DAYLIGHT,REAR END,UNKNOWN,UNKNOWN,NO INJURY / DRIVE AWAY,,true,"$501 - $1,500",FOLLOWING TOO CLOSELY,2,NO INDICATION OF INJURY,0,0,41.8998135025,-87.66762407,60622,"CHICAGO MIDWAY AIRPORT, IL US",54.0,34.0,47.0,0.0,10.0,16.0