crash_id,crash_datetime,crash_year,crash_month,crash_month_name,crash_weekday_name,crash_hour,time_period,posted_speed_limit_mph,traffic_control_device,reported_weather_condition,reported_lighting_condition,first_crash_type,trafficway_type,reported_road_surface_condition,crash_type,intersection_related,hit_and_run,estimated_damage,primary_contributory_cause,unit_count,most_severe_injury,injuries_total,injuries_fatal,latitude,longitude,zip5,weather_station_name,temperature_f,dew_point_f,relative_humidity_percent,precipitation_inches,visibility_miles,wind_speed_mph
crash_04842,2021-04-21 02:20:00,2021,4,Apr,Wed,2,Night or early morning,40,UNKNOWN,UNKNOWN,"DARKNESS, LIGHTED ROAD",REAR END,NOT DIVIDED,UNKNOWN,NO INJURY / DRIVE AWAY,,true,"OVER $1,500",UNABLE TO DETERMINE,2,NO INDICATION OF INJURY,0,0,41.976601023,-87.6500810693,60640,"CHICAGO MIDWAY AIRPORT, IL US",35.0,27.0,72.0,0.0,10.0,7.0
crash_04843,2021-10-19 13:25:00,2021,10,Oct,Tue,13,Daytime,30,TRAFFIC SIGNAL,CLEAR,DAYLIGHT,REAR END,NOT DIVIDED,DRY,NO INJURY / DRIVE AWAY,,,$500 OR LESS,DISTRACTION - FROM INSIDE VEHICLE,2,NO INDICATION OF INJURY,0,0,41.9063970733,-87.6434414869,60610,"CHICAGO MIDWAY AIRPORT, IL US",71.0,43.0,36.0,0.0,10.0,10.0
crash_04844,2021-06-14 09:30:00,2021,6,Jun,Mon,9,Morning commute,30,NO CONTROLS,CLEAR,DAYLIGHT,PARKED MOTOR VEHICLE,DIVIDED - W/MEDIAN (NOT RAISED),DRY,INJURY AND / OR TOW DUE TO CRASH,,,"OVER $1,500",UNABLE TO DETERMINE,3,NO INDICATION OF INJURY,0,0,41.8010393124,-87.6810935034,60609,"CHICAGO MIDWAY AIRPORT, IL US",74.0,51.0,45.0,0.0,10.0,16.0
crash_04845,2022-03-30 15:21:00,2022,3,Mar,Wed,15,Evening commute,30,STOP SIGN/FLASHER,RAIN,DAYLIGHT,TURNING,NOT DIVIDED,WET,NO INJURY / DRIVE AWAY,,,"OVER $1,500",UNABLE TO DETERMINE,2,NO INDICATION OF INJURY,0,0,41.9075733851,-87.6677516692,60622,"CHICAGO MIDWAY AIRPORT, IL US",63.0,59.0,87.0,0.03,6.0,14.0
crash_04846,2025-08-15 07:50:00,2025,8,Aug,Fri,7,Morning commute,30,NO CONTROLS,CLEAR,DAYLIGHT,PARKED MOTOR VEHICLE,ONE-WAY,DRY,INJURY AND / OR TOW DUE TO CRASH,,true,"OVER $1,500",UNABLE TO DETERMINE,2,NO INDICATION OF INJURY,0,0,41.8794066511,-87.7613049459,60644,"CHICAGO MIDWAY AIRPORT, IL US",76.0,61.0,60.0,0.0,10.0,5.0
crash_04847,2024-07-30 12:22:00,2024,7,Jul,Tue,12,Daytime,30,NO CONTROLS,CLEAR,DAYLIGHT,FIXED OBJECT,DRIVEWAY,DRY,NO INJURY / DRIVE AWAY,,,"OVER $1,500",IMPROPER TURNING/NO SIGNAL,1,NO INDICATION OF INJURY,0,0,41.8734628999,-87.7424271523,60644,"CHICAGO MIDWAY AIRPORT, IL US",87.0,66.0,50.0,0.0,10.0,6.0
crash_04848,2023-06-20 10:40:00,2023,6,Jun,Tue,10,Daytime,10,NO CONTROLS,CLEAR,DAYLIGHT,PEDESTRIAN,PARKING LOT,DRY,INJURY AND / OR TOW DUE TO CRASH,,,$500 OR LESS,UNABLE TO DETERMINE,2,NONINCAPACITATING INJURY,1,0,41.9804605454,-87.6803472724,60625,"CHICAGO OHARE INTERNATIONAL AIRPORT, IL US",80.0,56.0,44.0,0.0,10.0,11.0
crash_04849,2022-12-21 17:45:00,2022,12,Dec,Wed,17,Evening commute,35,NO CONTROLS,CLEAR,"DARKNESS, LIGHTED ROAD",PARKED MOTOR VEHICLE,NOT DIVIDED,DRY,NO INJURY / DRIVE AWAY,,true,"OVER $1,500",UNABLE TO DETERMINE,2,NO INDICATION OF INJURY,0,0,41.913981395,-87.6454736336,60614,"CHICAGO MIDWAY AIRPORT, IL US",31.0,24.0,76.0,0.0,7.0,8.0
crash_04850,2021-01-26 09:45:00,2021,1,Jan,Tue,9,Morning commute,30,NO CONTROLS,SNOW,DAYLIGHT,REAR END,NOT DIVIDED,SNOW OR SLUSH,NO INJURY / DRIVE AWAY,,,"OVER $1,500",FOLLOWING TOO CLOSELY,2,NO INDICATION OF INJURY,0,0,41.9290263144,-87.6589776197,60614,"CHICAGO MIDWAY AIRPORT, IL US",32.0,26.0,79.0,0.0,5.0,16.0
crash_04851,2025-01-08 17:30:00,2025,1,Jan,Wed,17,Evening commute,30,NO CONTROLS,CLEAR,"DARKNESS, LIGHTED ROAD",PEDALCYCLIST,NOT DIVIDED,DRY,INJURY AND / OR TOW DUE TO CRASH,,true,$500 OR LESS,UNABLE TO DETERMINE,2,NONINCAPACITATING INJURY,1,0,41.9670252667,-87.679378247,60625,"CHICAGO OHARE INTERNATIONAL AIRPORT, IL US",23.0,6.0,48.0,0.0,10.0,7.0
crash_04852,2021-06-07 17:30:00,2021,6,Jun,Mon,17,Evening commute,30,UNKNOWN,CLOUDY/OVERCAST,DAYLIGHT,REAR END,NOT DIVIDED,DRY,NO INJURY / DRIVE AWAY,,,"OVER $1,500",UNABLE TO DETERMINE,2,NO INDICATION OF INJURY,0,0,41.9471310036,-87.6669227318,60613,"CHICAGO MIDWAY AIRPORT, IL US",77.0,67.0,71.0,0.0,10.0,8.0
crash_04853,2024-02-26 12:00:00,2024,2,Feb,Mon,12,Daytime,30,NO CONTROLS,CLEAR,DAYLIGHT,PARKED MOTOR VEHICLE,DIVIDED - W/MEDIAN (NOT RAISED),DRY,NO INJURY / DRIVE AWAY,,true,"$501 - $1,500",UNABLE TO DETERMINE,2,NO INDICATION OF INJURY,0,0,41.8800055944,-87.6865508544,60612,"CHICAGO MIDWAY AIRPORT, IL US",62.0,39.0,43.0,0.0,10.0,11.0
crash_04854,2019-11-15 16:08:00,2019,11,Nov,Fri,16,Evening commute,35,TRAFFIC SIGNAL,CLEAR,"DARKNESS, LIGHTED ROAD",TURNING,T-INTERSECTION,DRY,INJURY AND / OR TOW DUE TO CRASH,true,,"OVER $1,500",FAILING TO YIELD RIGHT-OF-WAY,2,NO INDICATION OF INJURY,0,0,41.884589493,-87.620498427,60601,"CHICAGO MIDWAY AIRPORT, IL US",38.0,27.0,65.0,0.0,9.0,0.0
crash_04855,2022-05-18 09:45:00,2022,5,May,Wed,9,Morning commute,30,NO CONTROLS,RAIN,DAYLIGHT,REAR TO FRONT,NOT DIVIDED,WET,NO INJURY / DRIVE AWAY,,,$500 OR LESS,UNABLE TO DETERMINE,2,NO INDICATION OF INJURY,0,0,41.7796315359,-87.6608870173,60636,"CHICAGO MIDWAY AIRPORT, IL US",56.0,50.0,81.0,0.18,4.0,7.0
crash_04856,2021-11-07 15:00:00,2021,11,Nov,Sun,15,Evening commute,30,TRAFFIC SIGNAL,CLEAR,DAYLIGHT,TURNING,NOT DIVIDED,DRY,INJURY AND / OR TOW DUE TO CRASH,,true,"OVER $1,500",FAILING TO YIELD RIGHT-OF-WAY,2,NONINCAPACITATING INJURY,1,0,41.972730751,-87.7136304133,60625,"CHICAGO OHARE INTERNATIONAL AIRPORT, IL US",65.0,43.0,45.0,0.0,10.0,16.0
crash_04857,2020-03-02 07:59:00,2020,3,Mar,Mon,7,Morning commute,20,STOP SIGN/FLASHER,CLEAR,DAYLIGHT,TURNING,NOT DIVIDED,DRY,NO INJURY / DRIVE AWAY,true,,$500 OR LESS,UNABLE TO DETERMINE,2,NO INDICATION OF INJURY,0,0,41.9794149428,-87.7661152123,60630,"CHICAGO OHARE INTERNATIONAL AIRPORT, IL US",37.0,29.0,73.0,0.0,10.0,8.0
crash_04858,2020-09-21 04:50:00,2020,9,Sep,Mon,4,Night or early morning,35,TRAFFIC SIGNAL,CLEAR,"DARKNESS, LIGHTED ROAD",REAR END,ONE-WAY,DRY,NO INJURY / DRIVE AWAY,true,,"OVER $1,500",FOLLOWING TOO CLOSELY,2,NO INDICATION OF INJURY,0,0,,,,,,,,,,
crash_04859,2018-10-20 18:04:00,2018,10,Oct,Sat,18,Evening commute,30,NO CONTROLS,CLEAR,DAWN,REAR END,NOT DIVIDED,DRY,NO INJURY / DRIVE AWAY,,,"$501 - $1,500",NOT APPLICABLE,2,NO INDICATION OF INJURY,0,0,41.7642517877,-87.7190217247,60629,"CHICAGO MIDWAY AIRPORT, IL US",41.0,23.0,49.0,0.0,10.0,20.0
crash_04860,2024-05-11 09:00:00,2024,5,May,Sat,9,Morning commute,30,OTHER,OTHER,UNKNOWN,PARKED MOTOR VEHICLE,UNKNOWN,OTHER,INJURY AND / OR TOW DUE TO CRASH,,,"OVER $1,500",UNABLE TO DETERMINE,2,NO INDICATION OF INJURY,0,0,41.803350687,-87.6890359873,60632,"CHICAGO MIDWAY AIRPORT, IL US",59.0,41.0,51.0,0.0,10.0,18.0
crash_04861,2021-09-01 05:31:00,2021,9,Sep,Wed,5,Night or early morning,30,NO CONTROLS,CLEAR,"DARKNESS, LIGHTED ROAD",SIDESWIPE SAME DIRECTION,NOT DIVIDED,DRY,INJURY AND / OR TOW DUE TO CRASH,,,"OVER $1,500",UNABLE TO DETERMINE,2,"REPORTED, NOT EVIDENT",1,0,41.8888260418,-87.7457330811,60644,"CHICAGO MIDWAY AIRPORT, IL US",72.0,55.0,55.0,0.0,10.0,13.0
crash_04862,2018-04-22 15:45:00,2018,4,Apr,Sun,15,Evening commute,30,NO CONTROLS,CLEAR,DAYLIGHT,PARKED MOTOR VEHICLE,NOT DIVIDED,DRY,NO INJURY / DRIVE AWAY,,true,"$501 - $1,500",UNABLE TO DETERMINE,2,NO INDICATION OF INJURY,0,0,41.8605977316,-87.7105267193,60623,"CHICAGO MIDWAY AIRPORT, IL US",61.0,26.0,26.0,0.0,10.0,16.0
crash_04863,2023-04-02 05:45:00,2023,4,Apr,Sun,5,Night or early morning,30,NO CONTROLS,CLEAR,UNKNOWN,PARKED MOTOR VEHICLE,ONE-WAY,DRY,INJURY AND / OR TOW DUE TO CRASH,,true,"OVER $1,500",UNABLE TO DETERMINE,2,NO INDICATION OF INJURY,0,0,41.7657019918,-87.5807359504,60649,"CHICAGO MIDWAY AIRPORT, IL US",32.0,27.0,82.0,0.0,10.0,6.0
crash_04864,2023-06-05 20:20:00,2023,6,Jun,Mon,20,Night or early morning,30,NO CONTROLS,CLEAR,DAYLIGHT,REAR END,NOT DIVIDED,DRY,INJURY AND / OR TOW DUE TO CRASH,,,$500 OR LESS,UNABLE TO DETERMINE,2,NONINCAPACITATING INJURY,1,0,41.9092570732,-87.7850565929,60707,"CHICAGO OHARE INTERNATIONAL AIRPORT, IL US",76.0,43.0,31.0,0.0,10.0,7.0
crash_04865,2020-11-06 16:45:00,2020,11,Nov,Fri,16,Evening commute,30,NO CONTROLS,CLEAR,DAYLIGHT,PARKED MOTOR VEHICLE,DIVIDED - W/MEDIAN (NOT RAISED),DRY,INJURY AND / OR TOW DUE TO CRASH,,true,"OVER $1,500",UNABLE TO DETERMINE,2,NO INDICATION OF INJURY,0,0,41.7455906799,-87.6052248317,60619,"CHICAGO MIDWAY AIRPORT, IL US",71.0,48.0,44.0,0.0,10.0,8.0
crash_04866,2025-06-20 20:20:00,2025,6,Jun,Fri,20,Night or early morning,30,NO CONTROLS,CLEAR,DAYLIGHT,REAR TO FRONT,NOT DIVIDED,UNKNOWN,NO INJURY / DRIVE AWAY,,,"OVER $1,500",DRIVING SKILLS/KNOWLEDGE/EXPERIENCE,2,NO INDICATION OF INJURY,0,0,41.7825375469,-87.7145308942,60629,"CHICAGO MIDWAY AIRPORT, IL US",83.0,63.0,51.0,0.0,10.0,14.0
crash_04867,2020-12-11 16:36:00,2020,12,Dec,Fri,16,Evening commute,30,NO CONTROLS,RAIN,"DARKNESS, LIGHTED ROAD",REAR END,NOT DIVIDED,WET,NO INJURY / DRIVE AWAY,,,"OVER $1,500",FOLLOWING TOO CLOSELY,2,NO INDICATION OF INJURY,0,0,41.8846431406,-87.7259286637,60624,"CHICAGO MIDWAY AIRPORT, IL US",42.0,37.0,82.0,0.01,4.0,20.0
crash_04868,2023-07-18 16:11:00,2023,7,Jul,Tue,16,Evening commute,30,TRAFFIC SIGNAL,CLEAR,DAYLIGHT,TURNING,DIVIDED - W/MEDIAN (NOT RAISED),DRY,NO INJURY / DRIVE AWAY,,false,"OVER $1,500",UNABLE TO DETERMINE,2,NO INDICATION OF INJURY,0,0,41.9388756913,-87.7516267534,60641,"CHICAGO OHARE INTERNATIONAL AIRPORT, IL US",77.0,57.0,50.0,0.0,10.0,8.0
crash_04869,2018-06-21 10:00:00,2018,6,Jun,Thu,10,Daytime,35,TRAFFIC SIGNAL,RAIN,DAYLIGHT,REAR END,DIVIDED - W/MEDIAN (NOT RAISED),WET,NO INJURY / DRIVE AWAY,,true,"OVER $1,500",WEATHER,2,NO INDICATION OF INJURY,0,0,41.8914784643,-87.6891939664,60612,"CHICAGO MIDWAY AIRPORT, IL US",67.0,67.0,100.0,0.43,1.25,11.0
crash_04870,2022-03-04 17:25:00,2022,3,Mar,Fri,17,Evening commute,30,UNKNOWN,CLEAR,DAYLIGHT,SIDESWIPE SAME DIRECTION,NOT DIVIDED,DRY,NO INJURY / DRIVE AWAY,,true,"OVER $1,500",UNABLE TO DETERMINE,2,NO INDICATION OF INJURY,0,0,41.9614423675,-87.6872606198,60625,"CHICAGO OHARE INTERNATIONAL AIRPORT, IL US",37.0,23.0,57.0,0.0,10.0,9.0
crash_04871,2024-08-03 08:30:00,2024,8,Aug,Sat,8,Morning commute,30,TRAFFIC SIGNAL,CLEAR,DAYLIGHT,PEDALCYCLIST,NOT DIVIDED,DRY,INJURY AND / OR TOW DUE TO CRASH,,,"OVER $1,500",IMPROPER OVERTAKING/PASSING,2,NONINCAPACITATING INJURY,1,0,41.9396201739,-87.6833996511,60618,"CHICAGO MIDWAY AIRPORT, IL US",82.0,68.0,63.0,0.0,10.0,5.0
crash_04872,2025-09-15 09:47:00,2025,9,Sep,Mon,9,Morning commute,30,OTHER,CLEAR,DARKNESS,TURNING,UNKNOWN,DRY,NO INJURY / DRIVE AWAY,true,,"OVER $1,500",IMPROPER TURNING/NO SIGNAL,2,NO INDICATION OF INJURY,0,0,41.8110320839,-87.6214046233,60653,,,,,,,
crash_04873,2020-04-12 06:20:00,2020,4,Apr,Sun,6,Morning commute,30,NO CONTROLS,CLEAR,DAYLIGHT,PARKED MOTOR VEHICLE,NOT DIVIDED,WET,INJURY AND / OR TOW DUE TO CRASH,,,"OVER $1,500",DRIVING SKILLS/KNOWLEDGE/EXPERIENCE,4,NO INDICATION OF INJURY,0,0,41.7562209114,-87.6420571856,60620,"CHICAGO MIDWAY AIRPORT, IL US",50.0,43.0,77.0,0.0,10.0,0.0
crash_04874,2022-01-18 23:15:00,2022,1,Jan,Tue,23,Night or early morning,30,NO CONTROLS,UNKNOWN,"DARKNESS, LIGHTED ROAD",FIXED OBJECT,ALLEY,UNKNOWN,NO INJURY / DRIVE AWAY,,true,"OVER $1,500",UNABLE TO DETERMINE,1,NO INDICATION OF INJURY,0,0,41.8938334653,-87.7164146524,60624,"CHICAGO MIDWAY AIRPORT, IL US",43.0,33.0,68.0,0.0,10.0,17.0
crash_04875,2025-10-05 13:19:00,2025,10,Oct,Sun,13,Daytime,30,TRAFFIC SIGNAL,CLEAR,DAYLIGHT,ANGLE,NOT DIVIDED,DRY,INJURY AND / OR TOW DUE TO CRASH,,,"OVER $1,500",DISREGARDING TRAFFIC SIGNALS,2,"REPORTED, NOT EVIDENT",3,0,41.7594343236,-87.6589700191,60636,,,,,,,
crash_04876,2023-09-23 10:47:00,2023,9,Sep,Sat,10,Daytime,30,STOP SIGN/FLASHER,CLEAR,DAYLIGHT,ANGLE,FOUR WAY,DRY,NO INJURY / DRIVE AWAY,true,,"OVER $1,500",UNABLE TO DETERMINE,2,NO INDICATION OF INJURY,0,0,41.8991619776,-87.7224700456,60651,"CHICAGO MIDWAY AIRPORT, IL US",76.0,55.0,48.0,0.0,10.0,7.0
crash_04877,2025-03-16 01:00:00,2025,3,Mar,Sun,1,Night or early morning,30,STOP SIGN/FLASHER,CLEAR,DAYLIGHT,TURNING,DIVIDED - W/MEDIAN (NOT RAISED),WET,NO INJURY / DRIVE AWAY,true,,"OVER $1,500",DISREGARDING STOP SIGN,2,NO INDICATION OF INJURY,0,0,41.679830589,-87.6207140271,60628,"CHICAGO MIDWAY AIRPORT, IL US",44.0,36.0,73.0,0.0,10.0,8.0
crash_04878,2019-10-08 19:30:00,2019,10,Oct,Tue,19,Night or early morning,30,STOP SIGN/FLASHER,CLEAR,"DARKNESS, LIGHTED ROAD",ANGLE,FOUR WAY,DRY,INJURY AND / OR TOW DUE TO CRASH,true,,"OVER $1,500",UNABLE TO DETERMINE,2,NO INDICATION OF INJURY,0,0,41.8710562369,-87.7007785264,60612,"CHICAGO MIDWAY AIRPORT, IL US",62.0,48.0,60.0,0.0,10.0,8.0
crash_04879,2021-04-27 18:26:00,2021,4,Apr,Tue,18,Evening commute,20,TRAFFIC SIGNAL,CLEAR,DAYLIGHT,SIDESWIPE OPPOSITE DIRECTION,NOT DIVIDED,DRY,NO INJURY / DRIVE AWAY,,,"$501 - $1,500",UNABLE TO DETERMINE,2,NO INDICATION OF INJURY,0,0,41.9469502481,-87.6564857183,60657,"CHICAGO MIDWAY AIRPORT, IL US",84.0,53.0,34.0,0.0,10.0,23.0
crash_04880,2019-08-07 10:30:00,2019,8,Aug,Wed,10,Daytime,30,NO CONTROLS,CLEAR,DAYLIGHT,TURNING,PARKING LOT,DRY,NO INJURY / DRIVE AWAY,,,"$501 - $1,500",FAILING TO REDUCE SPEED TO AVOID CRASH,2,NO INDICATION OF INJURY,0,0,41.6776782074,-87.6437803707,60643,"CHICAGO MIDWAY AIRPORT, IL US",84.0,60.0,44.0,0.0,10.0,8.0
crash_04881,2019-11-03 10:10:00,2019,11,Nov,Sun,10,Daytime,25,NO CONTROLS,CLOUDY/OVERCAST,DAYLIGHT,PARKED MOTOR VEHICLE,NOT DIVIDED,DRY,INJURY AND / OR TOW DUE TO CRASH,,,"OVER $1,500",UNABLE TO DETERMINE,2,NO INDICATION OF INJURY,0,0,41.9976140659,-87.7028147495,60645,"CHICAGO OHARE INTERNATIONAL AIRPORT, IL US",40.0,30.0,68.0,0.0,10.0,9.0
crash_04882,2025-10-20 13:19:00,2025,10,Oct,Mon,13,Daytime,30,TRAFFIC SIGNAL,CLEAR,DAYLIGHT,REAR END,T-INTERSECTION,DRY,NO INJURY / DRIVE AWAY,true,true,"OVER $1,500",DRIVING SKILLS/KNOWLEDGE/EXPERIENCE,2,NO INDICATION OF INJURY,0,0,41.8675238585,-87.6273838639,60605,,,,,,,
crash_04883,2023-06-06 08:15:00,2023,6,Jun,Tue,8,Morning commute,30,TRAFFIC SIGNAL,CLEAR,DAYLIGHT,TURNING,FOUR WAY,DRY,NO INJURY / DRIVE AWAY,true,,"OVER $1,500",FAILING TO YIELD RIGHT-OF-WAY,2,NO INDICATION OF INJURY,0,0,41.8230967602,-87.6850189506,60632,"CHICAGO MIDWAY AIRPORT, IL US",72.0,52.0,50.0,0.0,8.0,6.0
crash_04884,2022-12-26 23:00:00,2022,12,Dec,Mon,23,Night or early morning,30,TRAFFIC SIGNAL,CLEAR,"DARKNESS, LIGHTED ROAD",ANGLE,FOUR WAY,SNOW OR SLUSH,INJURY AND / OR TOW DUE TO CRASH,true,true,"OVER $1,500",DISREGARDING OTHER TRAFFIC SIGNS,2,NONINCAPACITATING INJURY,1,0,41.8675665406,-87.6240941748,60605,"CHICAGO MIDWAY AIRPORT, IL US",14.0,7.0,73.0,0.0,10.0,6.0
crash_04885,2025-04-29 17:15:00,2025,4,Apr,Tue,17,Evening commute,30,TRAFFIC SIGNAL,CLEAR,DAYLIGHT,TURNING,FOUR WAY,DRY,INJURY AND / OR TOW DUE TO CRASH,true,true,"OVER $1,500",IMPROPER TURNING/NO SIGNAL,2,NONINCAPACITATING INJURY,2,0,41.7685988098,-87.6543544046,60636,"CHICAGO MIDWAY AIRPORT, IL US",65.0,42.0,43.0,0.0,10.0,14.0
crash_04886,2020-10-08 09:27:00,2020,10,Oct,Thu,9,Morning commute,20,STOP SIGN/FLASHER,CLEAR,DAYLIGHT,ANGLE,FOUR WAY,DRY,INJURY AND / OR TOW DUE TO CRASH,true,true,"OVER $1,500",DISREGARDING STOP SIGN,2,NO INDICATION OF INJURY,0,0,41.8879150921,-87.7719016595,60644,"CHICAGO MIDWAY AIRPORT, IL US",64.0,43.0,46.0,0.0,10.0,0.0
crash_04887,2020-02-07 13:40:00,2020,2,Feb,Fri,13,Daytime,30,NO CONTROLS,CLEAR,DAYLIGHT,PARKED MOTOR VEHICLE,NOT DIVIDED,DRY,NO INJURY / DRIVE AWAY,,,"OVER $1,500",UNABLE TO DETERMINE,2,NO INDICATION OF INJURY,0,0,41.8581265723,-87.6942650633,60608,"CHICAGO MIDWAY AIRPORT, IL US",37.0,12.0,36.0,0.0,10.0,14.0
crash_04888,2024-02-21 18:12:00,2024,2,Feb,Wed,18,Evening commute,15,NO CONTROLS,CLEAR,"DARKNESS, LIGHTED ROAD",PARKED MOTOR VEHICLE,PARKING LOT,DRY,NO INJURY / DRIVE AWAY,,,"OVER $1,500",UNABLE TO DETERMINE,2,NO INDICATION OF INJURY,0,0,41.9495778754,-87.7133666256,60618,"CHICAGO OHARE INTERNATIONAL AIRPORT, IL US",58.0,37.0,46.0,0.0,10.0,5.0
crash_04889,2025-10-03 15:19:00,2025,10,Oct,Fri,15,Evening commute,30,NO CONTROLS,CLEAR,DAYLIGHT,TURNING,NOT DIVIDED,DRY,NO INJURY / DRIVE AWAY,,,"$501 - $1,500",FAILING TO YIELD RIGHT-OF-WAY,2,NO INDICATION OF INJURY,0,0,41.798505044,-87.7234587371,60632,,,,,,,
crash_04890,2025-06-27 00:10:00,2025,6,Jun,Fri,0,Night or early morning,30,NO CONTROLS,CLEAR,"DARKNESS, LIGHTED ROAD",PARKED MOTOR VEHICLE,NOT DIVIDED,DRY,NO INJURY / DRIVE AWAY,,,"OVER $1,500",UNABLE TO DETERMINE,2,NO INDICATION OF INJURY,0,0,41.9853720874,-87.6631493586,60660,"CHICAGO OHARE INTERNATIONAL AIRPORT, IL US",77.0,71.0,82.0,0.0,10.0,5.0
crash_04891,2025-12-18 16:20:00,2025,12,Dec,Thu,16,Evening commute,30,TRAFFIC SIGNAL,RAIN,"DARKNESS, LIGHTED ROAD",REAR END,DIVIDED - W/MEDIAN (NOT RAISED),WET,NO INJURY / DRIVE AWAY,,,"$501 - $1,500",FOLLOWING TOO CLOSELY,2,NO INDICATION OF INJURY,0,0,41.9523931628,-87.8182361254,60634,,,,,,,
crash_04892,2018-03-16 07:00:00,2018,3,Mar,Fri,7,Morning commute,25,NO CONTROLS,CLEAR,DAYLIGHT,FIXED OBJECT,ALLEY,DRY,NO INJURY / DRIVE AWAY,,,$500 OR LESS,DRIVING SKILLS/KNOWLEDGE/EXPERIENCE,1,NO INDICATION OF INJURY,0,0,41.8834359111,-87.6578109436,60607,"CHICAGO MIDWAY AIRPORT, IL US",30.0,20.0,66.0,0.0,10.0,14.0
crash_04893,2022-05-23 11:00:00,2022,5,May,Mon,11,Daytime,30,NO CONTROLS,CLEAR,DAYLIGHT,REAR TO FRONT,NOT DIVIDED,DRY,NO INJURY / DRIVE AWAY,,,"OVER $1,500",IMPROPER BACKING,2,NO INDICATION OF INJURY,0,0,41.8865150938,-87.6619373502,60607,"CHICAGO MIDWAY AIRPORT, IL US",58.0,37.0,46.0,0.0,10.0,16.0
crash_04894,2024-06-27 22:59:00,2024,6,Jun,Thu,22,Night or early morning,30,TRAFFIC SIGNAL,CLEAR,DARKNESS,REAR END,CENTER TURN LANE,DRY,NO INJURY / DRIVE AWAY,,,"OVER $1,500",FAILING TO REDUCE SPEED TO AVOID CRASH,2,NO INDICATION OF INJURY,0,0,41.8807369747,-87.6474754555,60607,"CHICAGO MIDWAY AIRPORT, IL US",65.0,53.0,66.0,0.0,10.0,8.0
crash_04895,2019-11-27 15:20:00,2019,11,Nov,Wed,15,Evening commute,30,NO CONTROLS,CLEAR,DUSK,SIDESWIPE SAME DIRECTION,DIVIDED - W/MEDIAN (NOT RAISED),DRY,INJURY AND / OR TOW DUE TO CRASH,,,"OVER $1,500",UNABLE TO DETERMINE,2,NO INDICATION OF INJURY,0,0,41.857965774,-87.6475689641,60608,"CHICAGO MIDWAY AIRPORT, IL US",39.0,28.0,65.0,0.0,10.0,33.0
crash_04896,2018-07-19 18:02:00,2018,7,Jul,Thu,18,Evening commute,30,TRAFFIC SIGNAL,CLEAR,DAYLIGHT,REAR END,UNKNOWN,DRY,NO INJURY / DRIVE AWAY,,,"OVER $1,500",FOLLOWING TOO CLOSELY,2,NO INDICATION OF INJURY,0,0,41.8619488347,-87.6392211397,60607,"CHICAGO MIDWAY AIRPORT, IL US",85.0,60.0,43.0,0.0,10.0,10.0
crash_04897,2021-07-09 17:00:00,2021,7,Jul,Fri,17,Evening commute,20,NO CONTROLS,CLEAR,DAYLIGHT,REAR END,NOT DIVIDED,DRY,NO INJURY / DRIVE AWAY,,,"$501 - $1,500",FOLLOWING TOO CLOSELY,2,NO INDICATION OF INJURY,0,0,41.9022553825,-87.7655647904,60651,"CHICAGO MIDWAY AIRPORT, IL US",76.0,44.0,32.0,0.0,10.0,8.0
crash_04898,2018-08-23 09:35:00,2018,8,Aug,Thu,9,Morning commute,30,NO CONTROLS,CLEAR,DAYLIGHT,HEAD ON,NOT DIVIDED,DRY,NO INJURY / DRIVE AWAY,,,"$501 - $1,500",UNABLE TO DETERMINE,2,NO INDICATION OF INJURY,0,0,41.8705953007,-87.6716114857,60612,"CHICAGO MIDWAY AIRPORT, IL US",75.0,52.0,45.0,0.0,10.0,9.0
crash_04899,2020-02-10 18:30:00,2020,2,Feb,Mon,18,Evening commute,35,NO CONTROLS,CLEAR,DARKNESS,SIDESWIPE SAME DIRECTION,NOT DIVIDED,DRY,NO INJURY / DRIVE AWAY,,,"OVER $1,500",FAILING TO YIELD RIGHT-OF-WAY,2,NO INDICATION OF INJURY,0,0,41.9085809036,-87.6873230028,60622,"CHICAGO MIDWAY AIRPORT, IL US",32.0,25.0,75.0,0.0,10.0,3.0
crash_04900,2018-02-15 23:30:00,2018,2,Feb,Thu,23,Night or early morning,25,NO CONTROLS,UNKNOWN,UNKNOWN,PARKED MOTOR VEHICLE,NOT DIVIDED,UNKNOWN,NO INJURY / DRIVE AWAY,,true,"$501 - $1,500",UNABLE TO DETERMINE,2,NO INDICATION OF INJURY,0,0,41.6573596993,-87.600209542,60827,"CHICAGO MIDWAY AIRPORT, IL US",40.0,33.0,77.0,0.0,10.0,18.0
crash_04901,2019-12-29 16:30:00,2019,12,Dec,Sun,16,Evening commute,30,NO CONTROLS,CLEAR,"DARKNESS, LIGHTED ROAD",SIDESWIPE SAME DIRECTION,NOT DIVIDED,DRY,INJURY AND / OR TOW DUE TO CRASH,,,"OVER $1,500",UNABLE TO DETERMINE,3,NO INDICATION OF INJURY,0,0,41.754868744,-87.6442977368,60620,"CHICAGO MIDWAY AIRPORT, IL US",54.0,50.0,87.0,0.0,10.0,9.0
crash_04902,2023-02-02 17:15:00,2023,2,Feb,Thu,17,Evening commute,30,UNKNOWN,UNKNOWN,UNKNOWN,PEDALCYCLIST,FOUR WAY,UNKNOWN,INJURY AND / OR TOW DUE TO CRASH,,true,"OVER $1,500",UNABLE TO DETERMINE,2,"REPORTED, NOT EVIDENT",1,0,41.8924106658,-87.63720268,60654,"CHICAGO MIDWAY AIRPORT, IL US",30.0,15.0,54.0,0.0,10.0,15.0