crash_id,crash_datetime,crash_year,crash_month,crash_month_name,crash_weekday_name,crash_hour,time_period,posted_speed_limit_mph,traffic_control_device,reported_weather_condition,reported_lighting_condition,first_crash_type,trafficway_type,reported_road_surface_condition,crash_type,intersection_related,hit_and_run,estimated_damage,primary_contributory_cause,unit_count,most_severe_injury,injuries_total,injuries_fatal,latitude,longitude,zip5,weather_station_name,temperature_f,dew_point_f,relative_humidity_percent,precipitation_inches,visibility_miles,wind_speed_mph
crash_04903,2020-07-12 11:00:00,2020,7,Jul,Sun,11,Daytime,30,TRAFFIC SIGNAL,CLEAR,DAYLIGHT,REAR END,CENTER TURN LANE,DRY,NO INJURY / DRIVE AWAY,,,"OVER $1,500",FOLLOWING TOO CLOSELY,2,NO INDICATION OF INJURY,0,0,41.923745714,-87.7904484576,60707,"CHICAGO OHARE INTERNATIONAL AIRPORT, IL US",76.0,63.0,64.0,0.0,10.0,20.0
crash_04904,2023-08-03 07:30:00,2023,8,Aug,Thu,7,Morning commute,30,NO CONTROLS,CLEAR,DAYLIGHT,REAR END,NOT DIVIDED,DRY,NO INJURY / DRIVE AWAY,,,"$501 - $1,500",FOLLOWING TOO CLOSELY,2,NO INDICATION OF INJURY,0,0,41.7714827844,-87.7226398352,60629,"CHICAGO MIDWAY AIRPORT, IL US",72.0,66.0,82.0,0.0,9.0,0.0
crash_04905,2022-12-09 15:00:00,2022,12,Dec,Fri,15,Evening commute,35,OTHER,UNKNOWN,UNKNOWN,PARKED MOTOR VEHICLE,OTHER,UNKNOWN,NO INJURY / DRIVE AWAY,,,$500 OR LESS,IMPROPER OVERTAKING/PASSING,2,NO INDICATION OF INJURY,0,0,41.8846237846,-87.6204760444,60601,"CHICAGO MIDWAY AIRPORT, IL US",37.0,36.0,96.0,0.0,2.5,14.0
crash_04906,2023-10-30 15:30:00,2023,10,Oct,Mon,15,Evening commute,20,NO CONTROLS,CLEAR,DAYLIGHT,SIDESWIPE SAME DIRECTION,DIVIDED - W/MEDIAN (NOT RAISED),DRY,NO INJURY / DRIVE AWAY,,,"OVER $1,500",UNABLE TO DETERMINE,2,NO INDICATION OF INJURY,0,0,41.8482966016,-87.7345543582,60623,"CHICAGO MIDWAY AIRPORT, IL US",42.0,15.0,33.0,0.0,10.0,11.0
crash_04907,2020-09-30 15:20:00,2020,9,Sep,Wed,15,Evening commute,30,NO CONTROLS,CLEAR,DAYLIGHT,PARKED MOTOR VEHICLE,DIVIDED - W/MEDIAN (NOT RAISED),DRY,NO INJURY / DRIVE AWAY,,true,"OVER $1,500",UNABLE TO DETERMINE,2,NO INDICATION OF INJURY,0,0,41.8531269579,-87.7371496815,60623,"CHICAGO MIDWAY AIRPORT, IL US",60.0,43.0,53.0,0.0,10.0,22.0
crash_04908,2019-11-01 09:20:00,2019,11,Nov,Fri,9,Morning commute,30,NO CONTROLS,CLEAR,DAYLIGHT,PARKED MOTOR VEHICLE,ONE-WAY,SNOW OR SLUSH,NO INJURY / DRIVE AWAY,,,"$501 - $1,500",UNABLE TO DETERMINE,2,NO INDICATION OF INJURY,0,0,41.8761435353,-87.7371157265,60624,"CHICAGO MIDWAY AIRPORT, IL US",28.0,23.0,81.0,0.0,10.0,11.0
crash_04909,2022-09-03 11:34:00,2022,9,Sep,Sat,11,Daytime,30,TRAFFIC SIGNAL,CLEAR,DAYLIGHT,TURNING,DIVIDED - W/MEDIAN (NOT RAISED),DRY,NO INJURY / DRIVE AWAY,,,"OVER $1,500",FOLLOWING TOO CLOSELY,2,NO INDICATION OF INJURY,0,0,41.7075503333,-87.594340702,60628,"CHICAGO MIDWAY AIRPORT, IL US",87.0,62.0,43.0,,10.0,7.0
crash_04910,2022-12-06 13:45:00,2022,12,Dec,Tue,13,Daytime,25,TRAFFIC SIGNAL,CLEAR,DAYLIGHT,REAR END,FOUR WAY,DRY,NO INJURY / DRIVE AWAY,false,true,"OVER $1,500",FOLLOWING TOO CLOSELY,3,NO INDICATION OF INJURY,0,0,41.9982535262,-87.6647898083,60626,"CHICAGO OHARE INTERNATIONAL AIRPORT, IL US",43.0,36.0,76.0,0.0,6.0,9.0
crash_04911,2019-10-20 18:20:00,2019,10,Oct,Sun,18,Evening commute,30,NO CONTROLS,CLEAR,"DARKNESS, LIGHTED ROAD",PARKED MOTOR VEHICLE,DIVIDED - W/MEDIAN (NOT RAISED),DRY,NO INJURY / DRIVE AWAY,,,"$501 - $1,500",IMPROPER BACKING,2,NO INDICATION OF INJURY,0,0,41.7789479617,-87.6973581228,60629,"CHICAGO MIDWAY AIRPORT, IL US",52.0,49.0,89.0,,7.0,6.0
crash_04912,2023-03-12 08:00:00,2023,3,Mar,Sun,8,Morning commute,35,UNKNOWN,UNKNOWN,UNKNOWN,REAR END,UNKNOWN,UNKNOWN,NO INJURY / DRIVE AWAY,,,"OVER $1,500",UNABLE TO DETERMINE,2,NO INDICATION OF INJURY,0,0,41.7929108835,-87.742077343,60638,"CHICAGO MIDWAY AIRPORT, IL US",33.0,30.0,89.0,0.0,7.0,6.0
crash_04913,2018-08-31 13:10:00,2018,8,Aug,Fri,13,Daytime,30,NO CONTROLS,CLEAR,DAYLIGHT,TURNING,PARKING LOT,DRY,NO INJURY / DRIVE AWAY,,,$500 OR LESS,IMPROPER BACKING,2,NO INDICATION OF INJURY,0,0,41.7361451282,-87.626917844,60620,"CHICAGO MIDWAY AIRPORT, IL US",82.0,64.0,55.0,0.0,10.0,10.0
crash_04914,2018-05-02 17:32:00,2018,5,May,Wed,17,Evening commute,30,NO CONTROLS,RAIN,DAYLIGHT,PARKED MOTOR VEHICLE,OTHER,WET,INJURY AND / OR TOW DUE TO CRASH,,,"OVER $1,500",FAILING TO REDUCE SPEED TO AVOID CRASH,3,NO INDICATION OF INJURY,0,0,41.695383895,-87.5354289756,60617,"CHICAGO MIDWAY AIRPORT, IL US",75.0,62.0,64.0,0.01,10.0,0.0
crash_04915,2020-01-15 14:22:00,2020,1,Jan,Wed,14,Daytime,30,NO CONTROLS,CLOUDY/OVERCAST,DAYLIGHT,REAR END,DIVIDED - W/MEDIAN (NOT RAISED),WET,INJURY AND / OR TOW DUE TO CRASH,,,"OVER $1,500",PHYSICAL CONDITION OF DRIVER,3,NONINCAPACITATING INJURY,1,0,41.9261965065,-87.6975995853,60647,"CHICAGO MIDWAY AIRPORT, IL US",37.0,35.0,93.0,0.0,1.0,5.0
crash_04916,2025-04-12 16:50:00,2025,4,Apr,Sat,16,Evening commute,20,NO CONTROLS,CLEAR,DAYLIGHT,PARKED MOTOR VEHICLE,ONE-WAY,DRY,NO INJURY / DRIVE AWAY,,,"OVER $1,500",FOLLOWING TOO CLOSELY,2,NO INDICATION OF INJURY,0,0,41.9103353414,-87.7778349737,60639,"CHICAGO OHARE INTERNATIONAL AIRPORT, IL US",60.0,32.0,35.0,0.0,10.0,11.0
crash_04917,2025-01-28 12:00:00,2025,1,Jan,Tue,12,Daytime,30,UNKNOWN,UNKNOWN,DAYLIGHT,SIDESWIPE SAME DIRECTION,DIVIDED - W/MEDIAN (NOT RAISED),UNKNOWN,NO INJURY / DRIVE AWAY,,,"$501 - $1,500",UNABLE TO DETERMINE,2,NO INDICATION OF INJURY,0,0,42.0016340738,-87.6606014318,60626,"CHICAGO OHARE INTERNATIONAL AIRPORT, IL US",41.0,20.0,43.0,0.0,10.0,20.0
crash_04918,2020-04-02 14:20:00,2020,4,Apr,Thu,14,Daytime,30,NO CONTROLS,CLEAR,DAYLIGHT,OTHER OBJECT,NOT DIVIDED,DRY,NO INJURY / DRIVE AWAY,,,"OVER $1,500",IMPROPER TURNING/NO SIGNAL,1,NO INDICATION OF INJURY,0,0,41.8244439503,-87.6323409375,60609,"CHICAGO MIDWAY AIRPORT, IL US",57.0,36.0,45.0,0.0,10.0,9.0
crash_04919,2018-12-28 09:37:00,2018,12,Dec,Fri,9,Morning commute,30,TRAFFIC SIGNAL,RAIN,DAYLIGHT,PARKED MOTOR VEHICLE,DIVIDED - W/MEDIAN (NOT RAISED),WET,NO INJURY / DRIVE AWAY,,,"OVER $1,500",NOT APPLICABLE,3,NO INDICATION OF INJURY,0,0,41.8309879498,-87.6179953497,60653,"CHICAGO MIDWAY AIRPORT, IL US",33.0,29.0,85.0,0.0,10.0,17.0
crash_04920,2024-12-05 11:00:00,2024,12,Dec,Thu,11,Daytime,25,NO CONTROLS,UNKNOWN,DAYLIGHT,PARKED MOTOR VEHICLE,FOUR WAY,UNKNOWN,NO INJURY / DRIVE AWAY,,true,$500 OR LESS,UNABLE TO DETERMINE,2,NO INDICATION OF INJURY,0,0,41.6917321739,-87.6810072977,60643,"CHICAGO MIDWAY AIRPORT, IL US",22.0,7.0,52.0,,10.0,17.0
crash_04921,2018-11-08 06:30:00,2018,11,Nov,Thu,6,Morning commute,25,STOP SIGN/FLASHER,CLEAR,DAWN,TURNING,NOT DIVIDED,DRY,INJURY AND / OR TOW DUE TO CRASH,true,,"OVER $1,500",FAILING TO YIELD RIGHT-OF-WAY,2,NONINCAPACITATING INJURY,1,0,42.0193274018,-87.6791327937,60626,"CHICAGO OHARE INTERNATIONAL AIRPORT, IL US",34.0,24.0,67.0,0.0,10.0,5.0
crash_04922,2023-10-21 10:30:00,2023,10,Oct,Sat,10,Daytime,30,STOP SIGN/FLASHER,CLEAR,DAYLIGHT,TURNING,NOT DIVIDED,DRY,NO INJURY / DRIVE AWAY,,true,"OVER $1,500",DRIVING SKILLS/KNOWLEDGE/EXPERIENCE,2,NO INDICATION OF INJURY,0,0,41.8011954058,-87.7259861969,60632,"CHICAGO MIDWAY AIRPORT, IL US",62.0,47.0,58.0,0.0,10.0,10.0
crash_04923,2018-07-30 13:57:00,2018,7,Jul,Mon,13,Daytime,30,TRAFFIC SIGNAL,CLEAR,DAYLIGHT,TURNING,ONE-WAY,DRY,NO INJURY / DRIVE AWAY,true,,"$501 - $1,500",IMPROPER TURNING/NO SIGNAL,2,NO INDICATION OF INJURY,0,0,41.8916006499,-87.6254331099,60611,"CHICAGO MIDWAY AIRPORT, IL US",79.0,59.0,50.0,0.0,10.0,10.0
crash_04924,2020-08-11 10:00:00,2020,8,Aug,Tue,10,Daytime,30,TRAFFIC SIGNAL,CLEAR,DAYLIGHT,TURNING,NOT DIVIDED,DRY,NO INJURY / DRIVE AWAY,true,,"$501 - $1,500",UNABLE TO DETERMINE,2,NO INDICATION OF INJURY,0,0,41.8188891615,-87.6943863914,60632,"CHICAGO MIDWAY AIRPORT, IL US",77.0,55.0,47.0,0.0,10.0,10.0
crash_04925,2018-01-14 11:12:00,2018,1,Jan,Sun,11,Daytime,30,TRAFFIC SIGNAL,CLEAR,DAYLIGHT,SIDESWIPE SAME DIRECTION,OTHER,DRY,NO INJURY / DRIVE AWAY,,,$500 OR LESS,DRIVING SKILLS/KNOWLEDGE/EXPERIENCE,2,NO INDICATION OF INJURY,0,0,41.7653936078,-87.625050475,60621,"CHICAGO MIDWAY AIRPORT, IL US",16.0,0.0,49.0,0.0,10.0,8.0
crash_04926,2025-06-06 23:10:00,2025,6,Jun,Fri,23,Night or early morning,35,TRAFFIC SIGNAL,CLEAR,DARKNESS,SIDESWIPE SAME DIRECTION,ONE-WAY,DRY,NO INJURY / DRIVE AWAY,true,,"$501 - $1,500",IMPROPER OVERTAKING/PASSING,2,NO INDICATION OF INJURY,0,0,41.8832333163,-87.642848063,60661,"CHICAGO MIDWAY AIRPORT, IL US",65.0,42.0,43.0,0.0,10.0,7.0
crash_04927,2024-04-15 11:52:00,2024,4,Apr,Mon,11,Daytime,30,TRAFFIC SIGNAL,CLEAR,DAYLIGHT,ANGLE,DIVIDED - W/MEDIAN (NOT RAISED),DRY,NO INJURY / DRIVE AWAY,true,,"OVER $1,500",FAILING TO YIELD RIGHT-OF-WAY,2,NO INDICATION OF INJURY,0,0,41.9610516399,-87.7230775689,60625,"CHICAGO OHARE INTERNATIONAL AIRPORT, IL US",68.0,38.0,33.0,0.0,10.0,6.0
crash_04928,2018-04-22 10:45:00,2018,4,Apr,Sun,10,Daytime,25,STOP SIGN/FLASHER,CLEAR,DAYLIGHT,REAR END,ONE-WAY,DRY,NO INJURY / DRIVE AWAY,true,true,"OVER $1,500",UNABLE TO DETERMINE,2,NO INDICATION OF INJURY,0,0,41.9131105322,-87.7645026292,60639,"CHICAGO MIDWAY AIRPORT, IL US",56.0,25.0,30.0,0.0,10.0,13.0
crash_04929,2018-11-20 11:30:00,2018,11,Nov,Tue,11,Daytime,30,NO CONTROLS,CLEAR,DAYLIGHT,TURNING,NOT DIVIDED,DRY,NO INJURY / DRIVE AWAY,,,"OVER $1,500",IMPROPER TURNING/NO SIGNAL,2,NO INDICATION OF INJURY,0,0,41.8413330525,-87.6841581956,60608,"CHICAGO MIDWAY AIRPORT, IL US",35.0,21.0,57.0,0.0,10.0,9.0
crash_04930,2025-08-17 14:50:00,2025,8,Aug,Sun,14,Daytime,10,NO CONTROLS,CLEAR,DAYLIGHT,PARKED MOTOR VEHICLE,PARKING LOT,DRY,NO INJURY / DRIVE AWAY,,true,"OVER $1,500",UNABLE TO DETERMINE,2,NO INDICATION OF INJURY,0,0,41.8521006532,-87.6890511106,60608,"CHICAGO MIDWAY AIRPORT, IL US",81.0,70.0,69.0,0.0,10.0,8.0
crash_04931,2024-11-12 07:15:00,2024,11,Nov,Tue,7,Morning commute,30,TRAFFIC SIGNAL,FREEZING RAIN/DRIZZLE,UNKNOWN,SIDESWIPE SAME DIRECTION,NOT DIVIDED,UNKNOWN,NO INJURY / DRIVE AWAY,,true,"$501 - $1,500",UNABLE TO DETERMINE,2,NO INDICATION OF INJURY,0,0,41.7568754088,-87.7220285437,60652,"CHICAGO MIDWAY AIRPORT, IL US",47.0,34.0,61.0,0.0,10.0,14.0
crash_04932,2022-07-29 08:00:00,2022,7,Jul,Fri,8,Morning commute,10,NO CONTROLS,CLEAR,DAYLIGHT,PEDESTRIAN,PARKING LOT,DRY,NO INJURY / DRIVE AWAY,,,"$501 - $1,500",DISTRACTION - FROM OUTSIDE VEHICLE,3,NO INDICATION OF INJURY,0,0,41.8158938934,-87.6587972478,60609,"CHICAGO MIDWAY AIRPORT, IL US",70.0,56.0,61.0,0.0,10.0,7.0
crash_04933,2023-05-16 10:02:00,2023,5,May,Tue,10,Daytime,30,NO CONTROLS,CLEAR,DAYLIGHT,PARKED MOTOR VEHICLE,FOUR WAY,DRY,NO INJURY / DRIVE AWAY,,true,"OVER $1,500",IMPROPER OVERTAKING/PASSING,2,NO INDICATION OF INJURY,0,0,41.8092461899,-87.6183085202,60615,"CHICAGO MIDWAY AIRPORT, IL US",68.0,44.0,42.0,0.0,10.0,8.0
crash_04934,2018-09-06 17:00:00,2018,9,Sep,Thu,17,Evening commute,30,NO CONTROLS,CLEAR,DAYLIGHT,ANGLE,PARKING LOT,DRY,NO INJURY / DRIVE AWAY,,,"$501 - $1,500",IMPROPER BACKING,2,NO INDICATION OF INJURY,0,0,41.9139028888,-87.7151972545,60647,"CHICAGO MIDWAY AIRPORT, IL US",69.0,58.0,68.0,0.0,10.0,17.0
crash_04935,2024-11-13 20:00:00,2024,11,Nov,Wed,20,Night or early morning,30,TRAFFIC SIGNAL,RAIN,"DARKNESS, LIGHTED ROAD",PEDESTRIAN,FOUR WAY,WET,INJURY AND / OR TOW DUE TO CRASH,true,,$500 OR LESS,WEATHER,2,NONINCAPACITATING INJURY,1,0,41.8226972945,-87.7045640279,60632,"CHICAGO MIDWAY AIRPORT, IL US",49.0,44.0,83.0,0.09,2.5,7.0
crash_04936,2019-08-18 08:10:00,2019,8,Aug,Sun,8,Morning commute,10,NO CONTROLS,UNKNOWN,UNKNOWN,REAR TO FRONT,PARKING LOT,UNKNOWN,NO INJURY / DRIVE AWAY,,true,"$501 - $1,500",UNABLE TO DETERMINE,2,NO INDICATION OF INJURY,0,0,41.7483736451,-87.7055278701,60652,"CHICAGO MIDWAY AIRPORT, IL US",72.0,70.0,94.0,0.1,7.0,6.0
crash_04937,2018-05-29 11:36:00,2018,5,May,Tue,11,Daytime,5,NO CONTROLS,CLEAR,DAYLIGHT,FIXED OBJECT,ALLEY,DRY,NO INJURY / DRIVE AWAY,,true,"OVER $1,500","OPERATING VEHICLE IN ERRATIC, RECKLESS, CARELESS, NEGLIGENT OR AGGRESSIVE MANNER",1,NO INDICATION OF INJURY,0,0,41.9229637089,-87.6497421751,60614,"CHICAGO MIDWAY AIRPORT, IL US",80.0,62.0,54.0,0.0,10.0,6.0
crash_04938,2021-08-15 01:00:00,2021,8,Aug,Sun,1,Night or early morning,30,NO CONTROLS,UNKNOWN,UNKNOWN,PARKED MOTOR VEHICLE,ONE-WAY,UNKNOWN,INJURY AND / OR TOW DUE TO CRASH,,true,"OVER $1,500",UNABLE TO DETERMINE,2,NO INDICATION OF INJURY,0,0,41.8747082095,-87.7573357999,60644,"CHICAGO MIDWAY AIRPORT, IL US",69.0,53.0,57.0,0.0,10.0,3.0
crash_04939,2019-03-23 09:00:00,2019,3,Mar,Sat,9,Morning commute,30,NO CONTROLS,CLEAR,DAYLIGHT,PARKED MOTOR VEHICLE,DIVIDED - W/MEDIAN (NOT RAISED),DRY,INJURY AND / OR TOW DUE TO CRASH,,true,"OVER $1,500",UNABLE TO DETERMINE,3,NO INDICATION OF INJURY,0,0,42.0193311123,-87.6943254749,60645,"CHICAGO OHARE INTERNATIONAL AIRPORT, IL US",33.0,28.0,82.0,0.0,8.0,3.0
crash_04940,2022-12-05 09:35:00,2022,12,Dec,Mon,9,Morning commute,30,TRAFFIC SIGNAL,CLEAR,DAYLIGHT,SIDESWIPE SAME DIRECTION,NOT DIVIDED,DRY,NO INJURY / DRIVE AWAY,,,"OVER $1,500",UNABLE TO DETERMINE,2,NO INDICATION OF INJURY,0,0,41.9682625951,-87.7281753158,60630,"CHICAGO OHARE INTERNATIONAL AIRPORT, IL US",35.0,22.0,59.0,0.0,10.0,9.0
crash_04941,2021-04-25 20:24:00,2021,4,Apr,Sun,20,Night or early morning,30,TRAFFIC SIGNAL,CLEAR,"DARKNESS, LIGHTED ROAD",TURNING,DIVIDED - W/MEDIAN (NOT RAISED),DRY,INJURY AND / OR TOW DUE TO CRASH,true,,"OVER $1,500",DISREGARDING TRAFFIC SIGNALS,3,NONINCAPACITATING INJURY,2,0,41.9102827867,-87.7018837401,60647,"CHICAGO MIDWAY AIRPORT, IL US",41.0,23.0,49.0,0.0,10.0,11.0
crash_04942,2024-10-08 11:51:00,2024,10,Oct,Tue,11,Daytime,30,NO CONTROLS,CLEAR,DAYLIGHT,SIDESWIPE SAME DIRECTION,DIVIDED - W/MEDIAN BARRIER,DRY,NO INJURY / DRIVE AWAY,,,"OVER $1,500",IMPROPER OVERTAKING/PASSING,2,NO INDICATION OF INJURY,0,0,41.7916165742,-87.5799369721,60637,"CHICAGO MIDWAY AIRPORT, IL US",69.0,40.0,35.0,0.0,10.0,9.0
crash_04943,2022-06-05 01:00:00,2022,6,Jun,Sun,1,Night or early morning,30,NO CONTROLS,UNKNOWN,DARKNESS,SIDESWIPE SAME DIRECTION,DIVIDED - W/MEDIAN (NOT RAISED),UNKNOWN,NO INJURY / DRIVE AWAY,,true,"$501 - $1,500",UNABLE TO DETERMINE,2,NO INDICATION OF INJURY,0,0,41.9026821444,-87.7105587294,60651,"CHICAGO MIDWAY AIRPORT, IL US",64.0,45.0,50.0,0.0,10.0,6.0
crash_04944,2021-10-07 11:50:00,2021,10,Oct,Thu,11,Daytime,30,NO CONTROLS,RAIN,DAYLIGHT,PARKED MOTOR VEHICLE,NOT DIVIDED,WET,NO INJURY / DRIVE AWAY,,,"$501 - $1,500",IMPROPER LANE USAGE,2,NO INDICATION OF INJURY,0,0,41.8691372226,-87.6394017468,60607,"CHICAGO MIDWAY AIRPORT, IL US",70.0,64.0,83.0,,7.0,8.0
crash_04945,2025-10-17 23:05:00,2025,10,Oct,Fri,23,Night or early morning,30,NO CONTROLS,CLEAR,"DARKNESS, LIGHTED ROAD",PARKED MOTOR VEHICLE,ONE-WAY,DRY,INJURY AND / OR TOW DUE TO CRASH,,,"OVER $1,500",FAILING TO REDUCE SPEED TO AVOID CRASH,4,NO INDICATION OF INJURY,0,0,41.8139042545,-87.7410405887,60632,,,,,,,
crash_04946,2021-08-15 20:00:00,2021,8,Aug,Sun,20,Night or early morning,30,STOP SIGN/FLASHER,CLEAR,"DARKNESS, LIGHTED ROAD",OTHER NONCOLLISION,NOT DIVIDED,DRY,NO INJURY / DRIVE AWAY,false,,"$501 - $1,500",UNABLE TO DETERMINE,1,NO INDICATION OF INJURY,0,0,41.9215791652,-87.6630490059,60614,"CHICAGO MIDWAY AIRPORT, IL US",74.0,55.0,52.0,0.0,10.0,10.0
crash_04947,2025-10-02 18:00:00,2025,10,Oct,Thu,18,Evening commute,30,TRAFFIC SIGNAL,CLEAR,DAYLIGHT,SIDESWIPE SAME DIRECTION,NOT DIVIDED,DRY,INJURY AND / OR TOW DUE TO CRASH,,,"OVER $1,500",UNABLE TO DETERMINE,2,NONINCAPACITATING INJURY,4,0,41.7814053992,-87.5863354576,60637,,,,,,,
crash_04948,2023-04-04 15:25:00,2023,4,Apr,Tue,15,Evening commute,30,NO CONTROLS,CLEAR,DAYLIGHT,PARKED MOTOR VEHICLE,NOT DIVIDED,DRY,NO INJURY / DRIVE AWAY,,true,$500 OR LESS,UNABLE TO DETERMINE,2,NO INDICATION OF INJURY,0,0,41.7623858874,-87.6575268521,60636,"CHICAGO MIDWAY AIRPORT, IL US",54.0,49.0,83.0,0.0,9.0,16.0
crash_04949,2019-11-09 21:30:00,2019,11,Nov,Sat,21,Night or early morning,30,STOP SIGN/FLASHER,CLEAR,DUSK,ANGLE,NOT DIVIDED,DRY,NO INJURY / DRIVE AWAY,,,"OVER $1,500",FAILING TO YIELD RIGHT-OF-WAY,2,NO INDICATION OF INJURY,0,0,41.9319247503,-87.7062630808,60647,"CHICAGO MIDWAY AIRPORT, IL US",45.0,30.0,56.0,0.0,10.0,5.0
crash_04950,2021-07-18 17:20:00,2021,7,Jul,Sun,17,Evening commute,30,NO CONTROLS,CLEAR,DAYLIGHT,PARKED MOTOR VEHICLE,ONE-WAY,DRY,NO INJURY / DRIVE AWAY,,true,$500 OR LESS,UNABLE TO DETERMINE,3,NO INDICATION OF INJURY,0,0,41.8710035257,-87.7477651197,60644,"CHICAGO MIDWAY AIRPORT, IL US",81.0,59.0,47.0,0.0,10.0,10.0
crash_04951,2025-11-19 17:20:00,2025,11,Nov,Wed,17,Evening commute,40,NO CONTROLS,CLEAR,"DARKNESS, LIGHTED ROAD",SIDESWIPE SAME DIRECTION,DIVIDED - W/MEDIAN (NOT RAISED),UNKNOWN,INJURY AND / OR TOW DUE TO CRASH,,,"OVER $1,500",FAILING TO YIELD RIGHT-OF-WAY,2,NO INDICATION OF INJURY,0,0,41.7542674547,-87.5862486459,60619,,,,,,,
crash_04952,2022-06-10 16:25:00,2022,6,Jun,Fri,16,Evening commute,30,NO CONTROLS,RAIN,DAYLIGHT,REAR END,DIVIDED - W/MEDIAN BARRIER,WET,INJURY AND / OR TOW DUE TO CRASH,true,,"OVER $1,500",FAILING TO REDUCE SPEED TO AVOID CRASH,2,NO INDICATION OF INJURY,0,0,41.7630434927,-87.6638794539,60636,"CHICAGO MIDWAY AIRPORT, IL US",69.0,59.0,70.0,0.04,10.0,15.0
crash_04953,2018-07-18 19:30:00,2018,7,Jul,Wed,19,Night or early morning,15,NO CONTROLS,CLEAR,DUSK,PEDESTRIAN,ALLEY,DRY,INJURY AND / OR TOW DUE TO CRASH,,true,$500 OR LESS,FAILING TO YIELD RIGHT-OF-WAY,2,"REPORTED, NOT EVIDENT",1,0,41.9096633848,-87.7349637479,60651,"CHICAGO MIDWAY AIRPORT, IL US",74.0,51.0,45.0,0.0,10.0,10.0
crash_04954,2018-04-14 02:24:00,2018,4,Apr,Sat,2,Night or early morning,30,NO CONTROLS,RAIN,"DARKNESS, LIGHTED ROAD",PARKED MOTOR VEHICLE,NOT DIVIDED,WET,INJURY AND / OR TOW DUE TO CRASH,,,"OVER $1,500",EXCEEDING SAFE SPEED FOR CONDITIONS,4,NO INDICATION OF INJURY,0,0,41.8079861736,-87.7058933097,60632,"CHICAGO MIDWAY AIRPORT, IL US",40.0,39.0,97.0,0.02,2.5,16.0
crash_04955,2024-06-27 00:20:00,2024,6,Jun,Thu,0,Night or early morning,30,TRAFFIC SIGNAL,CLEAR,"DARKNESS, LIGHTED ROAD",REAR TO FRONT,FOUR WAY,DRY,INJURY AND / OR TOW DUE TO CRASH,,,"OVER $1,500",DISTRACTION - FROM OUTSIDE VEHICLE,2,NONINCAPACITATING INJURY,1,0,41.8857765808,-87.6473432898,60661,"CHICAGO MIDWAY AIRPORT, IL US",67.0,57.0,71.0,0.0,10.0,17.0
crash_04956,2020-09-12 07:00:00,2020,9,Sep,Sat,7,Morning commute,40,NO CONTROLS,CLOUDY/OVERCAST,DAYLIGHT,FIXED OBJECT,NOT DIVIDED,DRY,INJURY AND / OR TOW DUE TO CRASH,,true,"OVER $1,500",UNABLE TO DETERMINE,2,NONINCAPACITATING INJURY,1,0,41.9855948941,-87.6535421836,60660,"CHICAGO OHARE INTERNATIONAL AIRPORT, IL US",65.0,61.0,87.0,0.0,5.0,10.0
crash_04957,2023-06-19 17:20:00,2023,6,Jun,Mon,17,Evening commute,30,UNKNOWN,UNKNOWN,UNKNOWN,SIDESWIPE SAME DIRECTION,UNKNOWN,UNKNOWN,NO INJURY / DRIVE AWAY,,,"OVER $1,500",UNABLE TO DETERMINE,2,NO INDICATION OF INJURY,0,0,42.0021033812,-87.7622766802,60646,"CHICAGO OHARE INTERNATIONAL AIRPORT, IL US",84.0,49.0,30.0,0.0,10.0,15.0
crash_04958,2022-04-09 20:40:00,2022,4,Apr,Sat,20,Night or early morning,30,NO CONTROLS,CLEAR,DARKNESS,PARKED MOTOR VEHICLE,PARKING LOT,DRY,NO INJURY / DRIVE AWAY,,,"$501 - $1,500",NOT APPLICABLE,2,NO INDICATION OF INJURY,0,0,41.7952221414,-87.7663128682,60638,"CHICAGO MIDWAY AIRPORT, IL US",40.0,28.0,63.0,0.0,10.0,6.0
crash_04959,2024-03-16 10:05:00,2024,3,Mar,Sat,10,Daytime,30,NO CONTROLS,CLEAR,"DARKNESS, LIGHTED ROAD",PARKED MOTOR VEHICLE,ONE-WAY,DRY,INJURY AND / OR TOW DUE TO CRASH,,,"OVER $1,500",IMPROPER TURNING/NO SIGNAL,3,NONINCAPACITATING INJURY,1,0,41.9535217284,-87.7557750198,60641,"CHICAGO OHARE INTERNATIONAL AIRPORT, IL US",51.0,37.0,59.0,0.0,10.0,17.0
crash_04960,2019-06-14 21:45:00,2019,6,Jun,Fri,21,Night or early morning,30,OTHER REG. SIGN,RAIN,"DARKNESS, LIGHTED ROAD",REAR END,ONE-WAY,WET,NO INJURY / DRIVE AWAY,true,false,$500 OR LESS,UNABLE TO DETERMINE,3,NO INDICATION OF INJURY,0,0,41.7732514896,-87.5852245997,60649,"CHICAGO MIDWAY AIRPORT, IL US",65.0,56.0,73.0,0.02,10.0,20.0
crash_04961,2020-08-21 22:00:00,2020,8,Aug,Fri,22,Night or early morning,15,NO CONTROLS,CLEAR,"DARKNESS, LIGHTED ROAD",PARKED MOTOR VEHICLE,PARKING LOT,DRY,NO INJURY / DRIVE AWAY,,true,"OVER $1,500",UNABLE TO DETERMINE,2,NO INDICATION OF INJURY,0,0,41.7072061162,-87.6288150024,60628,"CHICAGO MIDWAY AIRPORT, IL US",76.0,57.0,52.0,0.0,10.0,5.0
crash_04962,2025-09-22 10:40:00,2025,9,Sep,Mon,10,Daytime,20,NO CONTROLS,CLEAR,DAYLIGHT,PARKED MOTOR VEHICLE,NOT DIVIDED,DRY,NO INJURY / DRIVE AWAY,,,"OVER $1,500",IMPROPER OVERTAKING/PASSING,2,NO INDICATION OF INJURY,0,0,41.7143488186,-87.6615783437,60643,,,,,,,