crash_id,crash_datetime,crash_year,crash_month,crash_month_name,crash_weekday_name,crash_hour,time_period,posted_speed_limit_mph,traffic_control_device,reported_weather_condition,reported_lighting_condition,first_crash_type,trafficway_type,reported_road_surface_condition,crash_type,intersection_related,hit_and_run,estimated_damage,primary_contributory_cause,unit_count,most_severe_injury,injuries_total,injuries_fatal,latitude,longitude,zip5,weather_station_name,temperature_f,dew_point_f,relative_humidity_percent,precipitation_inches,visibility_miles,wind_speed_mph
crash_04963,2022-06-01 04:40:00,2022,6,Jun,Wed,4,Night or early morning,30,NO CONTROLS,CLEAR,DAWN,PARKED MOTOR VEHICLE,NOT DIVIDED,WET,INJURY AND / OR TOW DUE TO CRASH,,,"OVER $1,500",UNABLE TO DETERMINE,2,NO INDICATION OF INJURY,0,0,41.7101538354,-87.6282455299,60628,"CHICAGO MIDWAY AIRPORT, IL US",73.0,69.0,87.0,0.0,10.0,3.0
crash_04964,2025-06-12 23:25:00,2025,6,Jun,Thu,23,Night or early morning,45,NO CONTROLS,CLEAR,DARKNESS,SIDESWIPE SAME DIRECTION,NOT DIVIDED,DRY,INJURY AND / OR TOW DUE TO CRASH,,true,"OVER $1,500",UNABLE TO DETERMINE,2,NO INDICATION OF INJURY,0,0,41.950979573,-87.8978403416,60666,"CHICAGO OHARE INTERNATIONAL AIRPORT, IL US",62.0,54.0,75.0,0.0,10.0,7.0
crash_04965,2018-02-07 07:35:00,2018,2,Feb,Wed,7,Morning commute,0,NO CONTROLS,CLEAR,DAYLIGHT,ANGLE,PARKING LOT,DRY,NO INJURY / DRIVE AWAY,,,"OVER $1,500",IMPROPER BACKING,2,NO INDICATION OF INJURY,0,0,41.7598785424,-87.6635101046,60636,"CHICAGO MIDWAY AIRPORT, IL US",17.0,12.0,80.0,0.0,7.0,9.0
crash_04966,2022-05-15 07:25:00,2022,5,May,Sun,7,Morning commute,30,NO CONTROLS,CLEAR,"DARKNESS, LIGHTED ROAD",PARKED MOTOR VEHICLE,NOT DIVIDED,UNKNOWN,NO INJURY / DRIVE AWAY,,true,"$501 - $1,500",UNABLE TO DETERMINE,2,NO INDICATION OF INJURY,0,0,41.9177909216,-87.6813486347,60647,"CHICAGO MIDWAY AIRPORT, IL US",73.0,55.0,53.0,0.0,10.0,7.0
crash_04967,2019-01-04 21:00:00,2019,1,Jan,Fri,21,Night or early morning,30,NO CONTROLS,CLEAR,"DARKNESS, LIGHTED ROAD",PARKED MOTOR VEHICLE,NOT DIVIDED,DRY,NO INJURY / DRIVE AWAY,,true,"OVER $1,500",UNABLE TO DETERMINE,2,NO INDICATION OF INJURY,0,0,41.9042963013,-87.6330821166,60610,"CHICAGO MIDWAY AIRPORT, IL US",38.0,32.0,79.0,0.0,10.0,7.0
crash_04968,2019-05-26 23:52:00,2019,5,May,Sun,23,Night or early morning,30,TRAFFIC SIGNAL,CLEAR,"DARKNESS, LIGHTED ROAD",PEDESTRIAN,NOT DIVIDED,DRY,INJURY AND / OR TOW DUE TO CRASH,,,"OVER $1,500",DRIVING SKILLS/KNOWLEDGE/EXPERIENCE,2,INCAPACITATING INJURY,1,0,41.7561079078,-87.6537410333,60620,"CHICAGO MIDWAY AIRPORT, IL US",56.0,47.0,72.0,0.0,10.0,0.0
crash_04969,2021-07-08 21:44:00,2021,7,Jul,Thu,21,Night or early morning,45,NO CONTROLS,CLEAR,"DARKNESS, LIGHTED ROAD",REAR END,DIVIDED - W/MEDIAN BARRIER,DRY,INJURY AND / OR TOW DUE TO CRASH,,,"OVER $1,500",NOT APPLICABLE,2,NO INDICATION OF INJURY,0,0,41.8816822365,-87.6170578858,60603,"CHICAGO MIDWAY AIRPORT, IL US",65.0,55.0,70.0,0.0,10.0,7.0
crash_04970,2019-02-16 13:20:00,2019,2,Feb,Sat,13,Daytime,30,OTHER REG. SIGN,CLEAR,DAYLIGHT,SIDESWIPE SAME DIRECTION,DIVIDED - W/MEDIAN (NOT RAISED),DRY,NO INJURY / DRIVE AWAY,,,"OVER $1,500",IMPROPER OVERTAKING/PASSING,2,NO INDICATION OF INJURY,0,0,41.9301493799,-87.6846468858,60647,"CHICAGO MIDWAY AIRPORT, IL US",30.0,20.0,66.0,0.0,10.0,10.0
crash_04971,2020-07-18 20:51:00,2020,7,Jul,Sat,20,Night or early morning,30,NO CONTROLS,CLEAR,"DARKNESS, LIGHTED ROAD",REAR TO FRONT,PARKING LOT,DRY,NO INJURY / DRIVE AWAY,,true,"OVER $1,500",IMPROPER BACKING,2,NO INDICATION OF INJURY,0,0,41.9560695643,-87.7228356871,60618,"CHICAGO OHARE INTERNATIONAL AIRPORT, IL US",88.0,77.0,70.0,0.0,10.0,15.0
crash_04972,2025-11-25 19:49:00,2025,11,Nov,Tue,19,Night or early morning,30,TRAFFIC SIGNAL,CLEAR,"DARKNESS, LIGHTED ROAD",TURNING,FOUR WAY,DRY,INJURY AND / OR TOW DUE TO CRASH,true,,"OVER $1,500",UNABLE TO DETERMINE,2,NO INDICATION OF INJURY,0,0,41.9978231586,-87.6897388222,60645,,,,,,,
crash_04973,2023-12-31 21:00:00,2023,12,Dec,Sun,21,Night or early morning,25,NO CONTROLS,CLEAR,"DARKNESS, LIGHTED ROAD",REAR END,NOT DIVIDED,UNKNOWN,NO INJURY / DRIVE AWAY,true,,"OVER $1,500",UNABLE TO DETERMINE,2,NO INDICATION OF INJURY,0,0,41.8761867005,-87.7012272775,60612,"CHICAGO MIDWAY AIRPORT, IL US",34.0,28.0,79.0,0.0,10.0,16.0
crash_04974,2019-09-22 15:55:00,2019,9,Sep,Sun,15,Evening commute,30,STOP SIGN/FLASHER,CLEAR,DAYLIGHT,REAR END,NOT DIVIDED,DRY,NO INJURY / DRIVE AWAY,,,"OVER $1,500",UNABLE TO DETERMINE,2,NO INDICATION OF INJURY,0,0,41.8095028776,-87.5993848075,60615,"CHICAGO MIDWAY AIRPORT, IL US",71.0,69.0,94.0,0.18,5.0,10.0
crash_04975,2021-10-06 17:40:00,2021,10,Oct,Wed,17,Evening commute,30,NO CONTROLS,CLEAR,DUSK,SIDESWIPE SAME DIRECTION,ONE-WAY,DRY,INJURY AND / OR TOW DUE TO CRASH,,,"OVER $1,500",FAILING TO YIELD RIGHT-OF-WAY,2,NO INDICATION OF INJURY,0,0,41.7571193779,-87.6264932491,60620,"CHICAGO MIDWAY AIRPORT, IL US",68.0,61.0,78.0,,6.0,13.0
crash_04976,2020-07-07 11:30:00,2020,7,Jul,Tue,11,Daytime,30,NO CONTROLS,CLEAR,DAYLIGHT,REAR TO FRONT,ONE-WAY,DRY,NO INJURY / DRIVE AWAY,,true,"$501 - $1,500",UNABLE TO DETERMINE,2,NO INDICATION OF INJURY,0,0,41.7695359952,-87.6871944018,60629,"CHICAGO MIDWAY AIRPORT, IL US",91.0,65.0,42.0,0.0,10.0,9.0
crash_04977,2022-11-03 14:00:00,2022,11,Nov,Thu,14,Daytime,30,NO CONTROLS,CLEAR,DAYLIGHT,PARKED MOTOR VEHICLE,NOT DIVIDED,DRY,NO INJURY / DRIVE AWAY,,,"OVER $1,500",FAILING TO REDUCE SPEED TO AVOID CRASH,2,NO INDICATION OF INJURY,0,0,41.7785877155,-87.6846965118,60629,"CHICAGO MIDWAY AIRPORT, IL US",74.0,48.0,40.0,0.0,10.0,20.0
crash_04978,2019-01-07 10:35:00,2019,1,Jan,Mon,10,Daytime,35,TRAFFIC SIGNAL,RAIN,DAYLIGHT,SIDESWIPE OPPOSITE DIRECTION,DIVIDED - W/MEDIAN (NOT RAISED),WET,NO INJURY / DRIVE AWAY,true,true,"$501 - $1,500",IMPROPER LANE USAGE,2,NO INDICATION OF INJURY,0,0,41.9648269009,-87.713258186,60625,"CHICAGO OHARE INTERNATIONAL AIRPORT, IL US",46.0,44.0,93.0,0.05,6.0,15.0
crash_04979,2018-11-09 18:30:00,2018,11,Nov,Fri,18,Evening commute,30,TRAFFIC SIGNAL,CLEAR,DARKNESS,SIDESWIPE SAME DIRECTION,DIVIDED - W/MEDIAN BARRIER,DRY,NO INJURY / DRIVE AWAY,,,"OVER $1,500",TEXTING,2,NO INDICATION OF INJURY,0,0,41.884525461,-87.6372163925,60606,"CHICAGO MIDWAY AIRPORT, IL US",28.0,16.0,60.0,0.0,10.0,22.0
crash_04980,2020-01-26 15:30:00,2020,1,Jan,Sun,15,Evening commute,30,NO CONTROLS,CLEAR,DAYLIGHT,PARKED MOTOR VEHICLE,PARKING LOT,DRY,NO INJURY / DRIVE AWAY,,true,"$501 - $1,500",UNABLE TO DETERMINE,2,NO INDICATION OF INJURY,0,0,41.6962325277,-87.5958061971,60628,"CHICAGO MIDWAY AIRPORT, IL US",31.0,27.0,85.0,,10.0,9.0
crash_04981,2020-04-25 12:30:00,2020,4,Apr,Sat,12,Daytime,35,NO CONTROLS,RAIN,DAYLIGHT,ANGLE,UNKNOWN,WET,NO INJURY / DRIVE AWAY,,,"$501 - $1,500",FAILING TO YIELD RIGHT-OF-WAY,2,NO INDICATION OF INJURY,0,0,41.86434945,-87.719319075,60623,"CHICAGO MIDWAY AIRPORT, IL US",47.0,44.0,90.0,0.0,8.0,15.0
crash_04982,2018-08-25 11:45:00,2018,8,Aug,Sat,11,Daytime,15,NO CONTROLS,CLEAR,DAYLIGHT,PARKED MOTOR VEHICLE,PARKING LOT,DRY,NO INJURY / DRIVE AWAY,,,"OVER $1,500",UNABLE TO DETERMINE,2,NO INDICATION OF INJURY,0,0,41.7651032302,-87.5857486797,60649,"CHICAGO MIDWAY AIRPORT, IL US",76.0,71.0,85.0,0.0,8.0,9.0
crash_04983,2024-02-08 20:13:00,2024,2,Feb,Thu,20,Night or early morning,30,TRAFFIC SIGNAL,CLEAR,"DARKNESS, LIGHTED ROAD",ANGLE,FOUR WAY,WET,INJURY AND / OR TOW DUE TO CRASH,true,true,$500 OR LESS,FAILING TO YIELD RIGHT-OF-WAY,3,NO INDICATION OF INJURY,0,0,41.8091980428,-87.6329803099,60609,"CHICAGO MIDWAY AIRPORT, IL US",55.0,48.0,77.0,0.0,10.0,22.0
crash_04984,2021-09-08 14:40:00,2021,9,Sep,Wed,14,Daytime,30,NO CONTROLS,CLEAR,DAYLIGHT,REAR END,NOT DIVIDED,DRY,INJURY AND / OR TOW DUE TO CRASH,true,,"OVER $1,500",UNABLE TO DETERMINE,2,NONINCAPACITATING INJURY,1,0,41.7234621206,-87.5852919849,60619,"CHICAGO MIDWAY AIRPORT, IL US",81.0,42.0,25.0,0.0,10.0,18.0
crash_04985,2023-10-26 09:30:00,2023,10,Oct,Thu,9,Morning commute,30,TRAFFIC SIGNAL,CLOUDY/OVERCAST,DAYLIGHT,SIDESWIPE SAME DIRECTION,FOUR WAY,DRY,NO INJURY / DRIVE AWAY,true,true,"$501 - $1,500",FAILING TO YIELD RIGHT-OF-WAY,2,NO INDICATION OF INJURY,0,0,41.8010357645,-87.68420154,60609,"CHICAGO MIDWAY AIRPORT, IL US",67.0,56.0,68.0,0.0,10.0,16.0
crash_04986,2020-09-24 09:00:00,2020,9,Sep,Thu,9,Morning commute,30,NO CONTROLS,CLEAR,DAYLIGHT,PARKED MOTOR VEHICLE,DIVIDED - W/MEDIAN (NOT RAISED),DRY,NO INJURY / DRIVE AWAY,,,"OVER $1,500",FAILING TO REDUCE SPEED TO AVOID CRASH,2,NO INDICATION OF INJURY,0,0,41.8345704016,-87.6415557999,60616,"CHICAGO MIDWAY AIRPORT, IL US",63.0,56.0,78.0,0.0,10.0,7.0
crash_04987,2024-08-30 12:12:00,2024,8,Aug,Fri,12,Daytime,30,NO CONTROLS,CLEAR,DAYLIGHT,REAR END,DIVIDED - W/MEDIAN (NOT RAISED),DRY,NO INJURY / DRIVE AWAY,,true,$500 OR LESS,FOLLOWING TOO CLOSELY,2,NO INDICATION OF INJURY,0,0,41.7654623932,-87.5663559255,60649,"CHICAGO MIDWAY AIRPORT, IL US",86.0,69.0,57.0,0.0,10.0,8.0
crash_04988,2023-07-22 20:00:00,2023,7,Jul,Sat,20,Night or early morning,30,NO CONTROLS,CLEAR,"DARKNESS, LIGHTED ROAD",PARKED MOTOR VEHICLE,NOT DIVIDED,UNKNOWN,INJURY AND / OR TOW DUE TO CRASH,,true,"OVER $1,500",IMPROPER BACKING,3,NO INDICATION OF INJURY,0,0,41.9291011542,-87.6449062928,60614,"CHICAGO MIDWAY AIRPORT, IL US",71.0,59.0,66.0,0.01,10.0,6.0
crash_04989,2020-10-25 00:30:00,2020,10,Oct,Sun,0,Night or early morning,30,NO CONTROLS,CLEAR,"DARKNESS, LIGHTED ROAD",PARKED MOTOR VEHICLE,NOT DIVIDED,DRY,NO INJURY / DRIVE AWAY,,true,"OVER $1,500",UNABLE TO DETERMINE,2,NO INDICATION OF INJURY,0,0,41.6887528761,-87.5351353454,60617,"CHICAGO MIDWAY AIRPORT, IL US",43.0,30.0,60.0,0.0,10.0,14.0
crash_04990,2018-01-17 08:20:00,2018,1,Jan,Wed,8,Morning commute,45,TRAFFIC SIGNAL,CLEAR,DAYLIGHT,REAR END,DIVIDED - W/MEDIAN BARRIER,WET,INJURY AND / OR TOW DUE TO CRASH,true,true,"OVER $1,500",FAILING TO REDUCE SPEED TO AVOID CRASH,3,"REPORTED, NOT EVIDENT",1,0,41.8809827009,-87.6176333442,60603,"CHICAGO MIDWAY AIRPORT, IL US",6.0,2.0,83.0,0.0,10.0,8.0
crash_04991,2023-12-22 19:36:00,2023,12,Dec,Fri,19,Night or early morning,30,NO CONTROLS,RAIN,"DARKNESS, LIGHTED ROAD",PARKED MOTOR VEHICLE,NOT DIVIDED,WET,NO INJURY / DRIVE AWAY,,,"OVER $1,500",IMPROPER LANE USAGE,2,NO INDICATION OF INJURY,0,0,41.6951072136,-87.5247835405,60617,"CHICAGO MIDWAY AIRPORT, IL US",45.0,43.0,93.0,,4.0,6.0
crash_04992,2024-11-16 12:15:00,2024,11,Nov,Sat,12,Daytime,30,NO CONTROLS,CLOUDY/OVERCAST,DAYLIGHT,PARKED MOTOR VEHICLE,DIVIDED - W/MEDIAN (NOT RAISED),DRY,NO INJURY / DRIVE AWAY,,true,$500 OR LESS,IMPROPER LANE USAGE,2,NO INDICATION OF INJURY,0,0,41.9824008997,-87.6598871808,60640,"CHICAGO OHARE INTERNATIONAL AIRPORT, IL US",52.0,40.0,64.0,0.0,10.0,13.0
crash_04993,2024-08-24 23:20:00,2024,8,Aug,Sat,23,Night or early morning,35,NO CONTROLS,CLEAR,"DARKNESS, LIGHTED ROAD",SIDESWIPE SAME DIRECTION,DIVIDED - W/MEDIAN (NOT RAISED),DRY,NO INJURY / DRIVE AWAY,,,"OVER $1,500",IMPROPER OVERTAKING/PASSING,2,NO INDICATION OF INJURY,0,0,42.0054123389,-87.6902257066,60645,"CHICAGO OHARE INTERNATIONAL AIRPORT, IL US",77.0,69.0,77.0,0.0,10.0,0.0
crash_04994,2021-05-06 01:01:00,2021,5,May,Thu,1,Night or early morning,30,TRAFFIC SIGNAL,CLEAR,"DARKNESS, LIGHTED ROAD",SIDESWIPE SAME DIRECTION,"FIVE POINT, OR MORE",DRY,NO INJURY / DRIVE AWAY,true,,"OVER $1,500",DISREGARDING ROAD MARKINGS,2,NO INDICATION OF INJURY,0,0,41.8932567111,-87.6370077971,60654,"CHICAGO MIDWAY AIRPORT, IL US",50.0,27.0,41.0,0.0,10.0,7.0
crash_04995,2022-01-02 12:45:00,2022,1,Jan,Sun,12,Daytime,40,DELINEATORS,BLOWING SNOW,DAYLIGHT,REAR END,DIVIDED - W/MEDIAN BARRIER,WET,INJURY AND / OR TOW DUE TO CRASH,,,"OVER $1,500",DRIVING SKILLS/KNOWLEDGE/EXPERIENCE,2,NO INDICATION OF INJURY,0,0,41.8577163376,-87.6161844555,60616,"CHICAGO MIDWAY AIRPORT, IL US",28.0,18.0,66.0,0.0,10.0,9.0
crash_04996,2019-06-08 17:20:00,2019,6,Jun,Sat,17,Evening commute,25,STOP SIGN/FLASHER,CLEAR,DAYLIGHT,SIDESWIPE SAME DIRECTION,FOUR WAY,DRY,INJURY AND / OR TOW DUE TO CRASH,true,,"OVER $1,500",FAILING TO YIELD RIGHT-OF-WAY,2,NO INDICATION OF INJURY,0,0,41.9752400271,-87.6649048658,60640,"CHICAGO OHARE INTERNATIONAL AIRPORT, IL US",73.0,55.0,53.0,0.0,10.0,9.0
crash_04997,2019-06-19 12:30:00,2019,6,Jun,Wed,12,Daytime,30,TRAFFIC SIGNAL,CLEAR,DAYLIGHT,REAR END,DIVIDED - W/MEDIAN BARRIER,DRY,NO INJURY / DRIVE AWAY,true,,"$501 - $1,500",FOLLOWING TOO CLOSELY,2,NO INDICATION OF INJURY,0,0,41.8651249911,-87.6195399245,60605,"CHICAGO MIDWAY AIRPORT, IL US",69.0,57.0,66.0,0.0,10.0,11.0
crash_04998,2022-11-15 21:00:00,2022,11,Nov,Tue,21,Night or early morning,35,UNKNOWN,RAIN,"DARKNESS, LIGHTED ROAD",PARKED MOTOR VEHICLE,DIVIDED - W/MEDIAN (NOT RAISED),WET,NO INJURY / DRIVE AWAY,,true,"OVER $1,500",DRIVING ON WRONG SIDE/WRONG WAY,2,NO INDICATION OF INJURY,0,0,41.8953708707,-87.7141519286,60624,"CHICAGO MIDWAY AIRPORT, IL US",34.0,32.0,92.0,0.0,4.0,8.0
crash_04999,2019-11-18 15:59:00,2019,11,Nov,Mon,15,Evening commute,30,UNKNOWN,CLEAR,DAYLIGHT,HEAD ON,NOT DIVIDED,DRY,NO INJURY / DRIVE AWAY,,,$500 OR LESS,NOT APPLICABLE,2,NO INDICATION OF INJURY,0,0,41.9653734857,-87.6672696664,60640,"CHICAGO MIDWAY AIRPORT, IL US",40.0,32.0,73.0,0.0,10.0,8.0
crash_05000,2023-02-20 16:30:00,2023,2,Feb,Mon,16,Evening commute,30,STOP SIGN/FLASHER,CLEAR,DAYLIGHT,FIXED OBJECT,DIVIDED - W/MEDIAN (NOT RAISED),DRY,NO INJURY / DRIVE AWAY,,,"OVER $1,500",UNABLE TO DETERMINE,1,NO INDICATION OF INJURY,0,0,41.8607688343,-87.7105312468,60623,"CHICAGO MIDWAY AIRPORT, IL US",42.0,29.0,60.0,0.0,10.0,7.0
crash_05001,2018-04-27 23:00:00,2018,4,Apr,Fri,23,Night or early morning,30,NO CONTROLS,CLEAR,DARKNESS,SIDESWIPE SAME DIRECTION,ONE-WAY,DRY,NO INJURY / DRIVE AWAY,,true,"OVER $1,500",UNABLE TO DETERMINE,2,NO INDICATION OF INJURY,0,0,41.9098377131,-87.7227292787,60651,"CHICAGO MIDWAY AIRPORT, IL US",41.0,36.0,82.0,0.0,10.0,20.0
crash_05002,2021-01-04 15:02:00,2021,1,Jan,Mon,15,Evening commute,30,TRAFFIC SIGNAL,CLOUDY/OVERCAST,DUSK,TURNING,FOUR WAY,DRY,NO INJURY / DRIVE AWAY,true,,"$501 - $1,500","VISION OBSCURED (SIGNS, TREE LIMBS, BUILDINGS, ETC.)",2,NO INDICATION OF INJURY,0,0,41.6997660458,-87.6282330272,60628,"CHICAGO MIDWAY AIRPORT, IL US",30.0,26.0,85.0,0.0,4.0,10.0
crash_05003,2021-02-03 17:30:00,2021,2,Feb,Wed,17,Evening commute,30,NO CONTROLS,CLEAR,DAYLIGHT,REAR END,DIVIDED - W/MEDIAN (NOT RAISED),DRY,NO INJURY / DRIVE AWAY,,,"OVER $1,500",FAILING TO REDUCE SPEED TO AVOID CRASH,2,NO INDICATION OF INJURY,0,0,41.7518421836,-87.6830392329,60652,"CHICAGO MIDWAY AIRPORT, IL US",29.0,18.0,63.0,0.0,10.0,8.0
crash_05004,2019-04-02 07:40:00,2019,4,Apr,Tue,7,Morning commute,30,NO CONTROLS,CLEAR,DAYLIGHT,REAR END,DIVIDED - W/MEDIAN BARRIER,DRY,NO INJURY / DRIVE AWAY,true,true,"$501 - $1,500",FOLLOWING TOO CLOSELY,2,NO INDICATION OF INJURY,0,0,41.9951404082,-87.7876533846,60631,"CHICAGO OHARE INTERNATIONAL AIRPORT, IL US",40.0,28.0,63.0,0.0,10.0,14.0
crash_05005,2019-01-15 17:30:00,2019,1,Jan,Tue,17,Evening commute,10,NO CONTROLS,CLEAR,"DARKNESS, LIGHTED ROAD",ANGLE,PARKING LOT,DRY,NO INJURY / DRIVE AWAY,,,"$501 - $1,500",FAILING TO YIELD RIGHT-OF-WAY,2,NO INDICATION OF INJURY,0,0,41.8089016637,-87.6066969662,60615,"CHICAGO MIDWAY AIRPORT, IL US",28.0,25.0,88.0,0.0,8.0,15.0
crash_05006,2019-06-11 14:00:00,2019,6,Jun,Tue,14,Daytime,30,TRAFFIC SIGNAL,CLEAR,DAYLIGHT,TURNING,NOT DIVIDED,DRY,INJURY AND / OR TOW DUE TO CRASH,,true,"OVER $1,500",NOT APPLICABLE,2,NO INDICATION OF INJURY,0,0,41.8951122186,-87.745932427,60651,"CHICAGO MIDWAY AIRPORT, IL US",80.0,40.0,24.0,0.0,10.0,5.0
crash_05007,2023-11-18 07:00:00,2023,11,Nov,Sat,7,Morning commute,30,NO CONTROLS,CLEAR,DAYLIGHT,PARKED MOTOR VEHICLE,PARKING LOT,DRY,NO INJURY / DRIVE AWAY,,true,"$501 - $1,500",UNABLE TO DETERMINE,2,NO INDICATION OF INJURY,0,0,41.8844077316,-87.65368149,60607,"CHICAGO MIDWAY AIRPORT, IL US",33.0,23.0,66.0,0.0,10.0,5.0
crash_05008,2018-07-29 17:46:00,2018,7,Jul,Sun,17,Evening commute,30,NO CONTROLS,CLEAR,DAYLIGHT,REAR END,DIVIDED - W/MEDIAN (NOT RAISED),DRY,NO INJURY / DRIVE AWAY,,true,"$501 - $1,500",UNABLE TO DETERMINE,2,NO INDICATION OF INJURY,0,0,41.9706043388,-87.7282431365,60630,"CHICAGO OHARE INTERNATIONAL AIRPORT, IL US",71.0,62.0,73.0,0.07,10.0,3.0
crash_05009,2024-10-30 20:59:00,2024,10,Oct,Wed,20,Night or early morning,30,NO CONTROLS,CLEAR,"DARKNESS, LIGHTED ROAD",FIXED OBJECT,NOT DIVIDED,DRY,INJURY AND / OR TOW DUE TO CRASH,,,"OVER $1,500",UNABLE TO DETERMINE,1,NO INDICATION OF INJURY,0,0,41.7278453993,-87.5756357046,60617,"CHICAGO MIDWAY AIRPORT, IL US",74.0,54.0,50.0,0.0,10.0,15.0
crash_05010,2023-03-23 15:00:00,2023,3,Mar,Thu,15,Evening commute,40,NO CONTROLS,CLEAR,DAYLIGHT,SIDESWIPE SAME DIRECTION,DIVIDED - W/MEDIAN BARRIER,DRY,NO INJURY / DRIVE AWAY,,true,"OVER $1,500",IMPROPER LANE USAGE,2,NO INDICATION OF INJURY,0,0,41.8095554388,-87.5947623568,60615,"CHICAGO MIDWAY AIRPORT, IL US",43.0,31.0,63.0,0.0,10.0,11.0
crash_05011,2025-06-27 21:00:00,2025,6,Jun,Fri,21,Night or early morning,15,NO CONTROLS,CLEAR,DAYLIGHT,PARKED MOTOR VEHICLE,ONE-WAY,UNKNOWN,NO INJURY / DRIVE AWAY,,true,"OVER $1,500",UNABLE TO DETERMINE,2,NO INDICATION OF INJURY,0,0,41.9675872807,-87.7244942283,60625,"CHICAGO OHARE INTERNATIONAL AIRPORT, IL US",79.0,66.0,65.0,0.0,10.0,7.0
crash_05012,2021-08-04 00:46:00,2021,8,Aug,Wed,0,Night or early morning,30,NO CONTROLS,CLEAR,"DARKNESS, LIGHTED ROAD",REAR END,NOT DIVIDED,DRY,INJURY AND / OR TOW DUE TO CRASH,,,"OVER $1,500",UNABLE TO DETERMINE,2,NO INDICATION OF INJURY,0,0,41.7727992669,-87.6187498131,60637,"CHICAGO MIDWAY AIRPORT, IL US",,,,0.0,10.0,3.0
crash_05013,2018-12-07 18:55:00,2018,12,Dec,Fri,18,Evening commute,30,TRAFFIC SIGNAL,CLEAR,"DARKNESS, LIGHTED ROAD",SIDESWIPE SAME DIRECTION,DIVIDED - W/MEDIAN BARRIER,DRY,NO INJURY / DRIVE AWAY,true,,"$501 - $1,500",UNABLE TO DETERMINE,2,NO INDICATION OF INJURY,0,0,41.8290934372,-87.704723556,60632,"CHICAGO MIDWAY AIRPORT, IL US",21.0,8.0,57.0,0.0,10.0,5.0
crash_05014,2020-09-15 06:00:00,2020,9,Sep,Tue,6,Morning commute,15,NO CONTROLS,CLEAR,DAYLIGHT,PARKED MOTOR VEHICLE,PARKING LOT,DRY,NO INJURY / DRIVE AWAY,,true,"OVER $1,500",UNABLE TO DETERMINE,2,NO INDICATION OF INJURY,0,0,41.9336578573,-87.6457492219,60657,"CHICAGO MIDWAY AIRPORT, IL US",60.0,54.0,80.0,,10.0,6.0
crash_05015,2022-04-15 13:30:00,2022,4,Apr,Fri,13,Daytime,30,STOP SIGN/FLASHER,CLEAR,DAYLIGHT,TURNING,NOT DIVIDED,DRY,INJURY AND / OR TOW DUE TO CRASH,true,,"OVER $1,500",UNABLE TO DETERMINE,2,NONINCAPACITATING INJURY,1,0,41.9248633066,-87.7266353276,60647,"CHICAGO MIDWAY AIRPORT, IL US",55.0,24.0,30.0,0.0,10.0,16.0
crash_05016,2020-02-16 21:44:00,2020,2,Feb,Sun,21,Night or early morning,0,NO CONTROLS,CLEAR,"DARKNESS, LIGHTED ROAD",PARKED MOTOR VEHICLE,PARKING LOT,DRY,NO INJURY / DRIVE AWAY,,,"OVER $1,500",FAILING TO REDUCE SPEED TO AVOID CRASH,3,NO INDICATION OF INJURY,0,0,41.9604410076,-87.767094471,60641,"CHICAGO OHARE INTERNATIONAL AIRPORT, IL US",30.0,22.0,72.0,0.0,10.0,5.0
crash_05017,2018-01-22 09:00:00,2018,1,Jan,Mon,9,Morning commute,10,NO CONTROLS,RAIN,DAYLIGHT,PARKED MOTOR VEHICLE,PARKING LOT,DRY,NO INJURY / DRIVE AWAY,,true,"$501 - $1,500",UNABLE TO DETERMINE,2,NO INDICATION OF INJURY,0,0,41.9993407136,-87.6605227085,60626,"CHICAGO OHARE INTERNATIONAL AIRPORT, IL US",50.0,47.0,89.0,0.01,7.0,17.0
crash_05018,2022-02-10 06:20:00,2022,2,Feb,Thu,6,Morning commute,30,TRAFFIC SIGNAL,CLEAR,DAWN,PEDESTRIAN,FOUR WAY,WET,INJURY AND / OR TOW DUE TO CRASH,true,,$500 OR LESS,WEATHER,2,NONINCAPACITATING INJURY,1,0,41.8103461274,-87.6651655862,60609,"CHICAGO MIDWAY AIRPORT, IL US",31.0,21.0,67.0,,10.0,10.0
crash_05019,2020-10-24 19:20:00,2020,10,Oct,Sat,19,Night or early morning,30,NO CONTROLS,CLEAR,DUSK,ANGLE,ALLEY,DRY,NO INJURY / DRIVE AWAY,,,"$501 - $1,500",NOT APPLICABLE,2,NO INDICATION OF INJURY,0,0,41.7810567967,-87.6929639035,60629,"CHICAGO MIDWAY AIRPORT, IL US",42.0,29.0,60.0,0.0,10.0,10.0
crash_05020,2023-08-03 13:15:00,2023,8,Aug,Thu,13,Daytime,30,NO CONTROLS,CLEAR,DAYLIGHT,PARKED MOTOR VEHICLE,NOT DIVIDED,DRY,NO INJURY / DRIVE AWAY,,true,$500 OR LESS,"OPERATING VEHICLE IN ERRATIC, RECKLESS, CARELESS, NEGLIGENT OR AGGRESSIVE MANNER",3,NO INDICATION OF INJURY,0,0,41.8714291449,-87.7129976975,60624,"CHICAGO MIDWAY AIRPORT, IL US",85.0,62.0,46.0,0.0,10.0,0.0