crash_id,crash_datetime,crash_year,crash_month,crash_month_name,crash_weekday_name,crash_hour,time_period,posted_speed_limit_mph,traffic_control_device,reported_weather_condition,reported_lighting_condition,first_crash_type,trafficway_type,reported_road_surface_condition,crash_type,intersection_related,hit_and_run,estimated_damage,primary_contributory_cause,unit_count,most_severe_injury,injuries_total,injuries_fatal,latitude,longitude,zip5,weather_station_name,temperature_f,dew_point_f,relative_humidity_percent,precipitation_inches,visibility_miles,wind_speed_mph
crash_05021,2021-01-23 23:10:00,2021,1,Jan,Sat,23,Night or early morning,30,TRAFFIC SIGNAL,CLEAR,"DARKNESS, LIGHTED ROAD",REAR END,NOT DIVIDED,DRY,NO INJURY / DRIVE AWAY,,,$500 OR LESS,UNABLE TO DETERMINE,2,NO INDICATION OF INJURY,0,0,41.9599447327,-87.727945599,60641,"CHICAGO OHARE INTERNATIONAL AIRPORT, IL US",29.0,16.0,58.0,0.0,10.0,6.0
crash_05022,2018-01-01 15:15:00,2018,1,Jan,Mon,15,Evening commute,30,TRAFFIC SIGNAL,CLEAR,DAYLIGHT,REAR END,NOT DIVIDED,DRY,NO INJURY / DRIVE AWAY,true,,"OVER $1,500",UNABLE TO DETERMINE,2,NO INDICATION OF INJURY,0,0,41.9175997274,-87.6971408655,60647,"CHICAGO MIDWAY AIRPORT, IL US",3.0,-9.0,57.0,0.0,10.0,13.0
crash_05023,2025-09-29 07:10:00,2025,9,Sep,Mon,7,Morning commute,20,NO CONTROLS,CLEAR,DAYLIGHT,PARKED MOTOR VEHICLE,ONE-WAY,DRY,NO INJURY / DRIVE AWAY,,true,"OVER $1,500",UNABLE TO DETERMINE,2,NO INDICATION OF INJURY,0,0,41.878689638,-87.7465779337,60644,,,,,,,
crash_05024,2025-05-06 12:35:00,2025,5,May,Tue,12,Daytime,30,TRAFFIC SIGNAL,CLEAR,DAYLIGHT,TURNING,FOUR WAY,DRY,NO INJURY / DRIVE AWAY,true,,"OVER $1,500",UNABLE TO DETERMINE,2,NO INDICATION OF INJURY,0,0,41.8374320346,-87.7000506314,60623,"CHICAGO MIDWAY AIRPORT, IL US",72.0,48.0,43.0,0.0,10.0,10.0
crash_05025,2018-11-25 15:30:00,2018,11,Nov,Sun,15,Evening commute,5,NO CONTROLS,CLOUDY/OVERCAST,DAYLIGHT,PARKED MOTOR VEHICLE,OTHER,WET,NO INJURY / DRIVE AWAY,,true,"OVER $1,500",UNABLE TO DETERMINE,2,NO INDICATION OF INJURY,0,0,41.8103044437,-87.7238220069,60632,"CHICAGO MIDWAY AIRPORT, IL US",39.0,33.0,79.0,0.0,10.0,20.0
crash_05026,2024-05-22 09:30:00,2024,5,May,Wed,9,Morning commute,30,NO CONTROLS,CLEAR,DAYLIGHT,REAR TO SIDE,ONE-WAY,DRY,NO INJURY / DRIVE AWAY,,,"OVER $1,500",IMPROPER BACKING,2,NO INDICATION OF INJURY,0,0,41.8562733943,-87.7189680461,60623,"CHICAGO MIDWAY AIRPORT, IL US",68.0,52.0,57.0,0.0,10.0,15.0
crash_05027,2022-12-09 18:00:00,2022,12,Dec,Fri,18,Evening commute,30,TRAFFIC SIGNAL,RAIN,"DARKNESS, LIGHTED ROAD",REAR END,DIVIDED - W/MEDIAN (NOT RAISED),WET,NO INJURY / DRIVE AWAY,true,true,"OVER $1,500",UNABLE TO DETERMINE,2,NO INDICATION OF INJURY,0,0,41.841668177,-87.6576415167,60608,"CHICAGO MIDWAY AIRPORT, IL US",37.0,36.0,96.0,0.0,7.0,14.0
crash_05028,2024-03-27 09:10:00,2024,3,Mar,Wed,9,Morning commute,30,NO CONTROLS,CLEAR,DAYLIGHT,SIDESWIPE SAME DIRECTION,ONE-WAY,DRY,NO INJURY / DRIVE AWAY,,,$500 OR LESS,NOT APPLICABLE,2,NO INDICATION OF INJURY,0,0,41.8781705843,-87.6383628248,60606,"CHICAGO MIDWAY AIRPORT, IL US",31.0,19.0,61.0,0.0,10.0,20.0
crash_05029,2023-12-12 20:34:00,2023,12,Dec,Tue,20,Night or early morning,30,TRAFFIC SIGNAL,CLEAR,"DARKNESS, LIGHTED ROAD",TURNING,FOUR WAY,DRY,NO INJURY / DRIVE AWAY,true,,"OVER $1,500",FAILING TO YIELD RIGHT-OF-WAY,2,NO INDICATION OF INJURY,0,0,41.9974998978,-87.7092879967,60645,"CHICAGO OHARE INTERNATIONAL AIRPORT, IL US",29.0,19.0,66.0,0.0,10.0,6.0
crash_05030,2020-03-08 03:11:00,2020,3,Mar,Sun,3,Night or early morning,30,NO CONTROLS,CLEAR,"DARKNESS, LIGHTED ROAD",OVERTURNED,NOT DIVIDED,DRY,INJURY AND / OR TOW DUE TO CRASH,,,"OVER $1,500","OPERATING VEHICLE IN ERRATIC, RECKLESS, CARELESS, NEGLIGENT OR AGGRESSIVE MANNER",1,NONINCAPACITATING INJURY,2,0,41.6847704741,-87.6700097218,60643,"CHICAGO MIDWAY AIRPORT, IL US",41.0,23.0,49.0,0.0,10.0,16.0
crash_05031,2024-02-18 18:40:00,2024,2,Feb,Sun,18,Evening commute,30,TRAFFIC SIGNAL,CLEAR,"DARKNESS, LIGHTED ROAD",REAR END,DIVIDED - W/MEDIAN (NOT RAISED),DRY,INJURY AND / OR TOW DUE TO CRASH,,true,"OVER $1,500",UNABLE TO DETERMINE,2,NONINCAPACITATING INJURY,1,0,41.6591261899,-87.5594327419,60633,"CHICAGO MIDWAY AIRPORT, IL US",38.0,16.0,41.0,0.0,10.0,5.0
crash_05032,2022-10-24 08:30:00,2022,10,Oct,Mon,8,Morning commute,20,STOP SIGN/FLASHER,CLEAR,DAYLIGHT,PEDESTRIAN,NOT DIVIDED,DRY,INJURY AND / OR TOW DUE TO CRASH,true,true,"OVER $1,500",FAILING TO YIELD RIGHT-OF-WAY,2,NONINCAPACITATING INJURY,1,0,41.790028246,-87.688586028,60629,"CHICAGO MIDWAY AIRPORT, IL US",68.0,47.0,47.0,0.0,10.0,15.0
crash_05033,2020-04-04 20:20:00,2020,4,Apr,Sat,20,Night or early morning,30,NO CONTROLS,CLEAR,"DARKNESS, LIGHTED ROAD",SIDESWIPE SAME DIRECTION,RAMP,DRY,NO INJURY / DRIVE AWAY,,,"OVER $1,500",UNABLE TO DETERMINE,2,NO INDICATION OF INJURY,0,0,41.8932567111,-87.6370077971,60654,"CHICAGO MIDWAY AIRPORT, IL US",40.0,35.0,83.0,0.0,10.0,9.0
crash_05034,2025-09-16 20:43:00,2025,9,Sep,Tue,20,Night or early morning,30,NO CONTROLS,CLEAR,DUSK,TURNING,NOT DIVIDED,DRY,NO INJURY / DRIVE AWAY,,,"$501 - $1,500",IMPROPER TURNING/NO SIGNAL,2,NO INDICATION OF INJURY,0,0,41.8961568865,-87.6554394505,60642,,,,,,,
crash_05035,2019-08-15 01:20:00,2019,8,Aug,Thu,1,Night or early morning,10,NO CONTROLS,CLEAR,DARKNESS,PARKED MOTOR VEHICLE,PARKING LOT,DRY,NO INJURY / DRIVE AWAY,,true,"OVER $1,500",UNABLE TO DETERMINE,2,NO INDICATION OF INJURY,0,0,41.7858938956,-87.7228133505,60629,"CHICAGO MIDWAY AIRPORT, IL US",69.0,64.0,84.0,0.0,10.0,9.0
crash_05036,2025-08-28 16:20:00,2025,8,Aug,Thu,16,Evening commute,25,UNKNOWN,UNKNOWN,UNKNOWN,REAR END,NOT DIVIDED,UNKNOWN,NO INJURY / DRIVE AWAY,,,"OVER $1,500",NOT APPLICABLE,2,NO INDICATION OF INJURY,0,0,41.7742521489,-87.6444965499,60621,,,,,,,
crash_05037,2021-02-15 12:20:00,2021,2,Feb,Mon,12,Daytime,30,NO CONTROLS,SNOW,DAYLIGHT,FIXED OBJECT,DIVIDED - W/MEDIAN (NOT RAISED),SNOW OR SLUSH,NO INJURY / DRIVE AWAY,,,"OVER $1,500",UNABLE TO DETERMINE,1,NO INDICATION OF INJURY,0,0,41.804197224,-87.6455586491,60609,"CHICAGO MIDWAY AIRPORT, IL US",11.0,4.0,73.0,0.0,0.5,9.0
crash_05038,2018-12-01 02:00:00,2018,12,Dec,Sat,2,Night or early morning,30,TRAFFIC SIGNAL,RAIN,DARKNESS,ANGLE,ONE-WAY,WET,NO INJURY / DRIVE AWAY,,,"OVER $1,500",DISREGARDING TRAFFIC SIGNALS,2,NO INDICATION OF INJURY,0,0,41.8061172722,-87.6163590498,60615,"CHICAGO MIDWAY AIRPORT, IL US",35.0,32.0,89.0,0.0,1.75,11.0
crash_05039,2018-01-31 07:30:00,2018,1,Jan,Wed,7,Morning commute,5,NO CONTROLS,CLEAR,DAYLIGHT,PARKED MOTOR VEHICLE,ALLEY,DRY,NO INJURY / DRIVE AWAY,,true,"OVER $1,500","OPERATING VEHICLE IN ERRATIC, RECKLESS, CARELESS, NEGLIGENT OR AGGRESSIVE MANNER",2,NO INDICATION OF INJURY,0,0,41.744664611,-87.5747873219,60617,"CHICAGO MIDWAY AIRPORT, IL US",33.0,21.0,61.0,0.0,10.0,14.0
crash_05040,2021-12-12 20:59:00,2021,12,Dec,Sun,20,Night or early morning,30,NO CONTROLS,CLEAR,"DARKNESS, LIGHTED ROAD",PEDESTRIAN,DIVIDED - W/MEDIAN (NOT RAISED),DRY,INJURY AND / OR TOW DUE TO CRASH,,true,$500 OR LESS,"VISION OBSCURED (SIGNS, TREE LIMBS, BUILDINGS, ETC.)",2,NONINCAPACITATING INJURY,1,0,41.9586593075,-87.6693195565,60613,"CHICAGO MIDWAY AIRPORT, IL US",43.0,25.0,49.0,0.0,10.0,17.0
crash_05041,2021-05-17 08:00:00,2021,5,May,Mon,8,Morning commute,30,TRAFFIC SIGNAL,CLEAR,DAYLIGHT,SIDESWIPE SAME DIRECTION,ONE-WAY,DRY,NO INJURY / DRIVE AWAY,,,"OVER $1,500",IMPROPER OVERTAKING/PASSING,2,NO INDICATION OF INJURY,0,0,41.8940853807,-87.62040431,60611,"CHICAGO MIDWAY AIRPORT, IL US",62.0,49.0,62.0,0.0,10.0,6.0
crash_05042,2022-04-09 03:21:00,2022,4,Apr,Sat,3,Night or early morning,15,NO CONTROLS,CLEAR,"DARKNESS, LIGHTED ROAD",REAR END,ONE-WAY,WET,NO INJURY / DRIVE AWAY,,true,"OVER $1,500",IMPROPER BACKING,2,NO INDICATION OF INJURY,0,0,41.8253560396,-87.7090323462,60632,"CHICAGO MIDWAY AIRPORT, IL US",35.0,28.0,76.0,0.0,10.0,9.0
crash_05043,2019-12-19 04:40:00,2019,12,Dec,Thu,4,Night or early morning,30,TRAFFIC SIGNAL,CLEAR,"DARKNESS, LIGHTED ROAD",REAR END,DIVIDED - W/MEDIAN (NOT RAISED),DRY,NO INJURY / DRIVE AWAY,,true,"OVER $1,500",UNABLE TO DETERMINE,2,NO INDICATION OF INJURY,0,0,41.8367158735,-87.7292689364,60623,"CHICAGO MIDWAY AIRPORT, IL US",17.0,2.0,51.0,0.0,10.0,13.0
crash_05044,2023-12-20 08:50:00,2023,12,Dec,Wed,8,Morning commute,20,NO CONTROLS,CLEAR,DAYLIGHT,ANGLE,ONE-WAY,DRY,NO INJURY / DRIVE AWAY,,,"OVER $1,500",FAILING TO YIELD RIGHT-OF-WAY,2,NO INDICATION OF INJURY,0,0,41.6881249262,-87.608172537,60628,"CHICAGO MIDWAY AIRPORT, IL US",34.0,22.0,61.0,0.0,10.0,8.0
crash_05045,2022-12-14 16:30:00,2022,12,Dec,Wed,16,Evening commute,30,NO CONTROLS,RAIN,UNKNOWN,SIDESWIPE SAME DIRECTION,ONE-WAY,WET,NO INJURY / DRIVE AWAY,,,"$501 - $1,500",UNABLE TO DETERMINE,2,NO INDICATION OF INJURY,0,0,41.7651593565,-87.6882980845,60629,"CHICAGO MIDWAY AIRPORT, IL US",43.0,41.0,93.0,0.0,1.75,11.0
crash_05046,2025-05-05 15:24:00,2025,5,May,Mon,15,Evening commute,30,STOP SIGN/FLASHER,CLEAR,DAYLIGHT,ANGLE,NOT DIVIDED,UNKNOWN,NO INJURY / DRIVE AWAY,,,"OVER $1,500",UNABLE TO DETERMINE,2,NO INDICATION OF INJURY,0,0,41.8854139135,-87.6864007785,60612,"CHICAGO MIDWAY AIRPORT, IL US",61.0,48.0,63.0,,10.0,9.0
crash_05047,2025-09-18 17:42:00,2025,9,Sep,Thu,17,Evening commute,30,TRAFFIC SIGNAL,CLEAR,DAYLIGHT,PARKED MOTOR VEHICLE,DIVIDED - W/MEDIAN (NOT RAISED),DRY,NO INJURY / DRIVE AWAY,,,"OVER $1,500",FAILING TO YIELD RIGHT-OF-WAY,3,NO INDICATION OF INJURY,0,0,41.7417416514,-87.6630733293,60620,,,,,,,
crash_05048,2022-08-20 09:00:00,2022,8,Aug,Sat,9,Morning commute,25,NO CONTROLS,RAIN,DAYLIGHT,TURNING,T-INTERSECTION,WET,NO INJURY / DRIVE AWAY,true,,"OVER $1,500",FAILING TO YIELD RIGHT-OF-WAY,2,NO INDICATION OF INJURY,0,0,41.7434014119,-87.6337685852,60620,"CHICAGO MIDWAY AIRPORT, IL US",70.0,64.0,82.0,0.0,10.0,8.0
crash_05049,2023-10-28 22:15:00,2023,10,Oct,Sat,22,Night or early morning,30,UNKNOWN,CLOUDY/OVERCAST,"DARKNESS, LIGHTED ROAD",PARKED MOTOR VEHICLE,UNKNOWN,UNKNOWN,NO INJURY / DRIVE AWAY,,,"$501 - $1,500",UNABLE TO DETERMINE,2,NO INDICATION OF INJURY,0,0,41.8529504172,-87.6299214318,60616,"CHICAGO MIDWAY AIRPORT, IL US",49.0,41.0,74.0,0.01,10.0,10.0
crash_05050,2024-08-09 18:00:00,2024,8,Aug,Fri,18,Evening commute,30,UNKNOWN,UNKNOWN,UNKNOWN,TURNING,FOUR WAY,UNKNOWN,NO INJURY / DRIVE AWAY,,,"$501 - $1,500",NOT APPLICABLE,2,NO INDICATION OF INJURY,0,0,41.8835099709,-87.6352044148,60606,"CHICAGO MIDWAY AIRPORT, IL US",70.0,52.0,53.0,0.0,10.0,15.0
crash_05051,2023-04-04 09:30:00,2023,4,Apr,Tue,9,Morning commute,30,NO CONTROLS,CLEAR,DAYLIGHT,TURNING,NOT DIVIDED,DRY,NO INJURY / DRIVE AWAY,,,"OVER $1,500",FAILING TO YIELD RIGHT-OF-WAY,2,NO INDICATION OF INJURY,0,0,41.9941011158,-87.6984409813,60659,"CHICAGO OHARE INTERNATIONAL AIRPORT, IL US",47.0,44.0,90.0,0.0,9.0,13.0
crash_05052,2023-04-03 17:50:00,2023,4,Apr,Mon,17,Evening commute,10,NO CONTROLS,CLEAR,DAYLIGHT,FIXED OBJECT,PARKING LOT,DRY,NO INJURY / DRIVE AWAY,,,"OVER $1,500",UNABLE TO DETERMINE,1,NO INDICATION OF INJURY,0,0,41.9267240533,-87.6801080771,60647,"CHICAGO MIDWAY AIRPORT, IL US",57.0,33.0,41.0,0.0,10.0,10.0
crash_05053,2021-10-11 19:50:00,2021,10,Oct,Mon,19,Night or early morning,30,TRAFFIC SIGNAL,RAIN,"DARKNESS, LIGHTED ROAD",TURNING,NOT DIVIDED,WET,NO INJURY / DRIVE AWAY,,,"$501 - $1,500",IMPROPER TURNING/NO SIGNAL,2,NO INDICATION OF INJURY,0,0,41.7986720327,-87.7435987784,60638,"CHICAGO MIDWAY AIRPORT, IL US",67.0,60.0,79.0,0.07,10.0,15.0
crash_05054,2023-06-09 12:00:00,2023,6,Jun,Fri,12,Daytime,30,STOP SIGN/FLASHER,CLEAR,DAYLIGHT,ANGLE,FOUR WAY,DRY,INJURY AND / OR TOW DUE TO CRASH,,true,"OVER $1,500",DISREGARDING STOP SIGN,2,NO INDICATION OF INJURY,0,0,41.7503864083,-87.6599473517,60620,"CHICAGO MIDWAY AIRPORT, IL US",75.0,43.0,32.0,0.0,10.0,5.0
crash_05055,2022-05-18 09:30:00,2022,5,May,Wed,9,Morning commute,30,NO CONTROLS,RAIN,DAYLIGHT,TURNING,NOT DIVIDED,WET,NO INJURY / DRIVE AWAY,,true,"$501 - $1,500",IMPROPER OVERTAKING/PASSING,2,NO INDICATION OF INJURY,0,0,41.7326411171,-87.6241805809,60620,"CHICAGO MIDWAY AIRPORT, IL US",56.0,50.0,81.0,0.15,1.75,7.0
crash_05056,2025-01-23 12:14:00,2025,1,Jan,Thu,12,Daytime,30,NO CONTROLS,CLEAR,DAYLIGHT,PARKED MOTOR VEHICLE,NOT DIVIDED,WET,NO INJURY / DRIVE AWAY,,true,"$501 - $1,500",UNABLE TO DETERMINE,2,NO INDICATION OF INJURY,0,0,41.9620737725,-87.6900759295,60625,"CHICAGO OHARE INTERNATIONAL AIRPORT, IL US",19.0,7.0,59.0,,10.0,13.0
crash_05057,2024-09-16 12:00:00,2024,9,Sep,Mon,12,Daytime,35,NO CONTROLS,CLEAR,DAYLIGHT,REAR END,DIVIDED - W/MEDIAN (NOT RAISED),DRY,NO INJURY / DRIVE AWAY,,,"$501 - $1,500",FOLLOWING TOO CLOSELY,2,NO INDICATION OF INJURY,0,0,41.7656188178,-87.615407248,60619,"CHICAGO MIDWAY AIRPORT, IL US",86.0,57.0,37.0,0.0,10.0,7.0
crash_05058,2024-05-20 07:35:00,2024,5,May,Mon,7,Morning commute,30,UNKNOWN,UNKNOWN,UNKNOWN,REAR TO SIDE,DIVIDED - W/MEDIAN (NOT RAISED),UNKNOWN,NO INJURY / DRIVE AWAY,,,"OVER $1,500",IMPROPER BACKING,2,NO INDICATION OF INJURY,0,0,41.8731725493,-87.6757280571,60612,"CHICAGO MIDWAY AIRPORT, IL US",74.0,59.0,60.0,0.0,10.0,7.0
crash_05059,2025-12-04 22:30:00,2025,12,Dec,Thu,22,Night or early morning,30,NO CONTROLS,CLEAR,DUSK,SIDESWIPE SAME DIRECTION,NOT DIVIDED,DRY,NO INJURY / DRIVE AWAY,,,"$501 - $1,500",IMPROPER OVERTAKING/PASSING,2,NO INDICATION OF INJURY,0,0,41.896870684,-87.7358461924,60651,,,,,,,
crash_05060,2021-06-25 18:45:00,2021,6,Jun,Fri,18,Evening commute,30,NO CONTROLS,CLEAR,DAYLIGHT,FIXED OBJECT,PARKING LOT,UNKNOWN,NO INJURY / DRIVE AWAY,,,$500 OR LESS,IMPROPER BACKING,1,NO INDICATION OF INJURY,0,0,41.9802032338,-87.8068311183,60656,"CHICAGO OHARE INTERNATIONAL AIRPORT, IL US",76.0,69.0,79.0,0.0,10.0,5.0
crash_05061,2023-04-26 07:30:00,2023,4,Apr,Wed,7,Morning commute,35,STOP SIGN/FLASHER,CLEAR,DAYLIGHT,TURNING,NOT DIVIDED,DRY,NO INJURY / DRIVE AWAY,true,,"$501 - $1,500",IMPROPER OVERTAKING/PASSING,2,NO INDICATION OF INJURY,0,0,41.8011083619,-87.7264838557,60632,"CHICAGO MIDWAY AIRPORT, IL US",43.0,31.0,63.0,0.0,10.0,11.0
crash_05062,2025-12-08 01:44:00,2025,12,Dec,Mon,1,Night or early morning,30,STOP SIGN/FLASHER,CLEAR,"DARKNESS, LIGHTED ROAD",TURNING,T-INTERSECTION,WET,INJURY AND / OR TOW DUE TO CRASH,true,,"OVER $1,500",FAILING TO YIELD RIGHT-OF-WAY,4,NONINCAPACITATING INJURY,1,0,42.0193247193,-87.6786770413,60626,,,,,,,
crash_05063,2021-10-04 23:30:00,2021,10,Oct,Mon,23,Night or early morning,30,NO CONTROLS,CLEAR,"DARKNESS, LIGHTED ROAD",REAR END,NOT DIVIDED,DRY,INJURY AND / OR TOW DUE TO CRASH,,true,"OVER $1,500",DISREGARDING STOP SIGN,2,NO INDICATION OF INJURY,0,0,41.8731610547,-87.7389820405,60624,"CHICAGO MIDWAY AIRPORT, IL US",66.0,60.0,81.0,0.0,10.0,11.0
crash_05064,2022-07-11 14:55:00,2022,7,Jul,Mon,14,Daytime,15,NO CONTROLS,CLEAR,DAYLIGHT,REAR TO REAR,PARKING LOT,DRY,NO INJURY / DRIVE AWAY,,,"OVER $1,500",UNABLE TO DETERMINE,2,NO INDICATION OF INJURY,0,0,41.8036956609,-87.5866145107,60615,"CHICAGO MIDWAY AIRPORT, IL US",84.0,69.0,61.0,0.0,10.0,16.0
crash_05065,2023-11-14 15:38:00,2023,11,Nov,Tue,15,Evening commute,30,NO CONTROLS,CLEAR,DAYLIGHT,SIDESWIPE SAME DIRECTION,ONE-WAY,DRY,NO INJURY / DRIVE AWAY,,,"OVER $1,500",IMPROPER TURNING/NO SIGNAL,2,NO INDICATION OF INJURY,0,0,41.8786992023,-87.7457648547,60644,"CHICAGO MIDWAY AIRPORT, IL US",62.0,22.0,21.0,0.0,10.0,10.0
crash_05066,2024-06-12 14:00:00,2024,6,Jun,Wed,14,Daytime,15,TRAFFIC SIGNAL,CLEAR,DAYLIGHT,SIDESWIPE SAME DIRECTION,T-INTERSECTION,DRY,NO INJURY / DRIVE AWAY,,true,"$501 - $1,500",IMPROPER OVERTAKING/PASSING,2,NO INDICATION OF INJURY,0,0,41.9373384373,-87.6444564715,60657,"CHICAGO MIDWAY AIRPORT, IL US",89.0,54.0,30.0,0.0,10.0,8.0
crash_05067,2024-03-31 08:56:00,2024,3,Mar,Sun,8,Morning commute,30,STOP SIGN/FLASHER,CLEAR,DAYLIGHT,REAR END,FOUR WAY,DRY,NO INJURY / DRIVE AWAY,true,,"OVER $1,500",FOLLOWING TOO CLOSELY,2,NO INDICATION OF INJURY,0,0,41.7765901409,-87.6302171981,60621,"CHICAGO MIDWAY AIRPORT, IL US",41.0,34.0,76.0,0.0,10.0,0.0
crash_05068,2019-07-26 16:30:00,2019,7,Jul,Fri,16,Evening commute,30,NO CONTROLS,CLEAR,DAYLIGHT,TURNING,DIVIDED - W/MEDIAN BARRIER,DRY,NO INJURY / DRIVE AWAY,,,"$501 - $1,500",DISREGARDING ROAD MARKINGS,2,NO INDICATION OF INJURY,0,0,41.9235496884,-87.7461338753,60639,"CHICAGO MIDWAY AIRPORT, IL US",84.0,63.0,49.0,0.0,10.0,14.0
crash_05069,2018-03-21 20:18:00,2018,3,Mar,Wed,20,Night or early morning,30,NO CONTROLS,CLEAR,"DARKNESS, LIGHTED ROAD",PEDESTRIAN,NOT DIVIDED,DRY,INJURY AND / OR TOW DUE TO CRASH,,,"OVER $1,500",UNABLE TO DETERMINE,2,INCAPACITATING INJURY,1,0,41.7559723775,-87.6455372155,60620,"CHICAGO MIDWAY AIRPORT, IL US",33.0,21.0,61.0,0.0,10.0,10.0
crash_05070,2020-12-23 11:30:00,2020,12,Dec,Wed,11,Daytime,30,TRAFFIC SIGNAL,CLEAR,DAYLIGHT,ANGLE,NOT DIVIDED,DRY,NO INJURY / DRIVE AWAY,,,"OVER $1,500",FAILING TO YIELD RIGHT-OF-WAY,2,NO INDICATION OF INJURY,0,0,41.9690072567,-87.6675996261,60640,"CHICAGO MIDWAY AIRPORT, IL US",53.0,35.0,51.0,0.0,10.0,30.0
crash_05071,2022-11-30 15:40:00,2022,11,Nov,Wed,15,Evening commute,30,NO CONTROLS,CLEAR,DAYLIGHT,SIDESWIPE OPPOSITE DIRECTION,ONE-WAY,DRY,NO INJURY / DRIVE AWAY,,,"OVER $1,500",IMPROPER OVERTAKING/PASSING,2,NO INDICATION OF INJURY,0,0,41.7585315713,-87.564084667,60649,"CHICAGO MIDWAY AIRPORT, IL US",27.0,11.0,51.0,0.0,10.0,25.0
crash_05072,2022-08-05 18:20:00,2022,8,Aug,Fri,18,Evening commute,30,UNKNOWN,CLEAR,DAYLIGHT,REAR TO FRONT,DIVIDED - W/MEDIAN (NOT RAISED),DRY,NO INJURY / DRIVE AWAY,,,"$501 - $1,500",DISTRACTION - FROM INSIDE VEHICLE,2,NO INDICATION OF INJURY,0,0,41.8674527309,-87.6323342366,60605,"CHICAGO MIDWAY AIRPORT, IL US",88.0,71.0,57.0,0.0,10.0,5.0
crash_05073,2023-10-28 10:35:00,2023,10,Oct,Sat,10,Daytime,30,STOP SIGN/FLASHER,CLEAR,DAYLIGHT,PEDALCYCLIST,DIVIDED - W/MEDIAN (NOT RAISED),DRY,INJURY AND / OR TOW DUE TO CRASH,true,false,"OVER $1,500",FAILING TO YIELD RIGHT-OF-WAY,2,NONINCAPACITATING INJURY,1,0,41.934151762,-87.6783277267,60618,"CHICAGO MIDWAY AIRPORT, IL US",46.0,34.0,63.0,0.0,10.0,13.0
crash_05074,2023-07-28 11:15:00,2023,7,Jul,Fri,11,Daytime,30,TRAFFIC SIGNAL,CLEAR,DAYLIGHT,REAR END,DIVIDED - W/MEDIAN (NOT RAISED),DRY,NO INJURY / DRIVE AWAY,,,"OVER $1,500",FOLLOWING TOO CLOSELY,2,NO INDICATION OF INJURY,0,0,41.9181941857,-87.6679113898,60614,"CHICAGO MIDWAY AIRPORT, IL US",81.0,70.0,69.0,0.0,10.0,15.0
crash_05075,2024-11-23 08:45:00,2024,11,Nov,Sat,8,Morning commute,15,NO CONTROLS,CLEAR,DAYLIGHT,ANGLE,T-INTERSECTION,DRY,NO INJURY / DRIVE AWAY,,,"$501 - $1,500",UNABLE TO DETERMINE,2,NO INDICATION OF INJURY,0,0,41.9571271704,-87.6510665439,60613,"CHICAGO MIDWAY AIRPORT, IL US",41.0,33.0,73.0,0.0,10.0,6.0
crash_05076,2018-12-10 08:30:00,2018,12,Dec,Mon,8,Morning commute,35,STOP SIGN/FLASHER,CLEAR,DAYLIGHT,REAR END,NOT DIVIDED,DRY,NO INJURY / DRIVE AWAY,,,"OVER $1,500",FOLLOWING TOO CLOSELY,2,NO INDICATION OF INJURY,0,0,41.9753546986,-87.755348489,60630,"CHICAGO OHARE INTERNATIONAL AIRPORT, IL US",21.0,18.0,88.0,0.0,7.0,6.0
crash_05077,2024-05-25 16:20:00,2024,5,May,Sat,16,Evening commute,30,TRAFFIC SIGNAL,UNKNOWN,UNKNOWN,REAR END,FOUR WAY,UNKNOWN,NO INJURY / DRIVE AWAY,,,"OVER $1,500",UNABLE TO DETERMINE,2,NO INDICATION OF INJURY,0,0,41.8380136803,-87.6415594381,60616,"CHICAGO MIDWAY AIRPORT, IL US",70.0,41.0,35.0,0.0,10.0,11.0
crash_05078,2018-10-02 07:56:00,2018,10,Oct,Tue,7,Morning commute,30,TRAFFIC SIGNAL,CLEAR,DAYLIGHT,REAR END,NOT DIVIDED,DRY,NO INJURY / DRIVE AWAY,,true,"$501 - $1,500",FOLLOWING TOO CLOSELY,2,NO INDICATION OF INJURY,0,0,41.8080542676,-87.7038255411,60632,"CHICAGO MIDWAY AIRPORT, IL US",60.0,56.0,86.0,0.0,10.0,10.0
crash_05079,2024-01-05 14:29:00,2024,1,Jan,Fri,14,Daytime,30,STOP SIGN/FLASHER,CLEAR,DAYLIGHT,SIDESWIPE SAME DIRECTION,NOT DIVIDED,DRY,NO INJURY / DRIVE AWAY,,,"OVER $1,500",FAILING TO YIELD RIGHT-OF-WAY,2,NO INDICATION OF INJURY,0,0,41.8752368164,-87.642304049,60607,"CHICAGO MIDWAY AIRPORT, IL US",37.0,23.0,57.0,0.0,10.0,7.0
crash_05080,2018-10-13 13:30:00,2018,10,Oct,Sat,13,Daytime,35,NO CONTROLS,CLEAR,DAYLIGHT,REAR END,NOT DIVIDED,DRY,NO INJURY / DRIVE AWAY,,true,"$501 - $1,500",UNABLE TO DETERMINE,2,NO INDICATION OF INJURY,0,0,,,,,,,,,,
crash_05081,2018-04-21 21:47:00,2018,4,Apr,Sat,21,Night or early morning,20,NO CONTROLS,CLEAR,"DARKNESS, LIGHTED ROAD",TURNING,DIVIDED - W/MEDIAN (NOT RAISED),DRY,NO INJURY / DRIVE AWAY,,,"$501 - $1,500",IMPROPER TURNING/NO SIGNAL,2,NO INDICATION OF INJURY,0,0,41.8788693331,-87.6471241912,60661,"CHICAGO MIDWAY AIRPORT, IL US",47.0,19.0,33.0,0.0,10.0,5.0