crash_id,crash_datetime,crash_year,crash_month,crash_month_name,crash_weekday_name,crash_hour,time_period,posted_speed_limit_mph,traffic_control_device,reported_weather_condition,reported_lighting_condition,first_crash_type,trafficway_type,reported_road_surface_condition,crash_type,intersection_related,hit_and_run,estimated_damage,primary_contributory_cause,unit_count,most_severe_injury,injuries_total,injuries_fatal,latitude,longitude,zip5,weather_station_name,temperature_f,dew_point_f,relative_humidity_percent,precipitation_inches,visibility_miles,wind_speed_mph
crash_05082,2020-10-09 19:13:00,2020,10,Oct,Fri,19,Night or early morning,30,TRAFFIC SIGNAL,CLEAR,"DARKNESS, LIGHTED ROAD",SIDESWIPE SAME DIRECTION,NOT DIVIDED,DRY,NO INJURY / DRIVE AWAY,true,,"OVER $1,500",UNABLE TO DETERMINE,2,NO INDICATION OF INJURY,0,0,41.8720593595,-87.7447856243,60644,"CHICAGO MIDWAY AIRPORT, IL US",77.0,49.0,37.0,0.0,10.0,10.0
crash_05083,2024-06-15 20:30:00,2024,6,Jun,Sat,20,Night or early morning,30,STOP SIGN/FLASHER,CLEAR,"DARKNESS, LIGHTED ROAD",ANGLE,FOUR WAY,DRY,NO INJURY / DRIVE AWAY,true,,$500 OR LESS,FAILING TO YIELD RIGHT-OF-WAY,2,NO INDICATION OF INJURY,0,0,41.8990295923,-87.7150638549,60651,"CHICAGO MIDWAY AIRPORT, IL US",80.0,53.0,39.0,0.0,10.0,11.0
crash_05084,2023-01-05 18:13:00,2023,1,Jan,Thu,18,Evening commute,35,TRAFFIC SIGNAL,CLEAR,DAWN,TURNING,FOUR WAY,WET,NO INJURY / DRIVE AWAY,true,,"OVER $1,500",UNABLE TO DETERMINE,2,NO INDICATION OF INJURY,0,0,41.836991174,-87.7244141476,60623,"CHICAGO MIDWAY AIRPORT, IL US",32.0,27.0,82.0,0.0,5.0,9.0
crash_05085,2021-12-24 19:30:00,2021,12,Dec,Fri,19,Night or early morning,30,STOP SIGN/FLASHER,CLEAR,"DARKNESS, LIGHTED ROAD",ANGLE,NOT DIVIDED,DRY,NO INJURY / DRIVE AWAY,true,,"OVER $1,500",FAILING TO REDUCE SPEED TO AVOID CRASH,2,NO INDICATION OF INJURY,0,0,41.9127702886,-87.7949650269,60707,"CHICAGO OHARE INTERNATIONAL AIRPORT, IL US",56.0,51.0,84.0,,10.0,13.0
crash_05086,2025-08-15 16:05:00,2025,8,Aug,Fri,16,Evening commute,30,NO CONTROLS,CLEAR,DAYLIGHT,OTHER OBJECT,ONE-WAY,DRY,NO INJURY / DRIVE AWAY,,true,"OVER $1,500",UNABLE TO DETERMINE,1,NO INDICATION OF INJURY,0,0,41.6953609254,-87.6233298077,60628,"CHICAGO MIDWAY AIRPORT, IL US",91.0,65.0,42.0,0.0,10.0,7.0
crash_05087,2019-12-25 11:45:00,2019,12,Dec,Wed,11,Daytime,30,UNKNOWN,CLEAR,DAYLIGHT,PARKED MOTOR VEHICLE,NOT DIVIDED,DRY,NO INJURY / DRIVE AWAY,,,"$501 - $1,500",IMPROPER TURNING/NO SIGNAL,2,NO INDICATION OF INJURY,0,0,41.8040014317,-87.603511512,60615,"CHICAGO MIDWAY AIRPORT, IL US",56.0,42.0,60.0,0.0,10.0,11.0
crash_05088,2018-02-19 12:30:00,2018,2,Feb,Mon,12,Daytime,30,TRAFFIC SIGNAL,CLEAR,DAYLIGHT,REAR END,DIVIDED - W/MEDIAN (NOT RAISED),WET,NO INJURY / DRIVE AWAY,true,,"OVER $1,500",FOLLOWING TOO CLOSELY,3,NO INDICATION OF INJURY,0,0,41.9108081879,-87.6620664297,60642,"CHICAGO MIDWAY AIRPORT, IL US",50.0,50.0,100.0,0.0,6.0,9.0
crash_05089,2019-05-22 22:20:00,2019,5,May,Wed,22,Night or early morning,30,STOP SIGN/FLASHER,CLEAR,"DARKNESS, LIGHTED ROAD",PARKED MOTOR VEHICLE,NOT DIVIDED,DRY,NO INJURY / DRIVE AWAY,true,,"OVER $1,500","EVASIVE ACTION DUE TO ANIMAL, OBJECT, NONMOTORIST",3,NO INDICATION OF INJURY,0,0,41.7907899127,-87.6339132678,60621,"CHICAGO MIDWAY AIRPORT, IL US",75.0,64.0,69.0,0.0,10.0,15.0
crash_05090,2025-08-02 05:15:00,2025,8,Aug,Sat,5,Night or early morning,30,TRAFFIC SIGNAL,CLEAR,"DARKNESS, LIGHTED ROAD",ANGLE,NOT DIVIDED,UNKNOWN,NO INJURY / DRIVE AWAY,true,true,"OVER $1,500",UNABLE TO DETERMINE,2,NO INDICATION OF INJURY,0,0,41.7871690244,-87.6329472395,60621,"CHICAGO MIDWAY AIRPORT, IL US",63.0,53.0,70.0,0.0,9.0,5.0
crash_05091,2024-05-03 05:45:00,2024,5,May,Fri,5,Night or early morning,30,NO CONTROLS,RAIN,DAYLIGHT,SIDESWIPE SAME DIRECTION,OTHER,WET,NO INJURY / DRIVE AWAY,,,"OVER $1,500",IMPROPER LANE USAGE,2,NO INDICATION OF INJURY,0,0,41.7385274814,-87.6417013427,60620,"CHICAGO MIDWAY AIRPORT, IL US",63.0,61.0,93.0,0.0,7.0,0.0
crash_05092,2020-02-20 11:45:00,2020,2,Feb,Thu,11,Daytime,30,NO CONTROLS,CLEAR,DAYLIGHT,REAR END,DIVIDED - W/MEDIAN (NOT RAISED),DRY,NO INJURY / DRIVE AWAY,,,"OVER $1,500",FOLLOWING TOO CLOSELY,2,NO INDICATION OF INJURY,0,0,41.9306854427,-87.6854287463,60647,"CHICAGO MIDWAY AIRPORT, IL US",23.0,-4.0,30.0,0.0,10.0,10.0
crash_05093,2023-08-03 18:09:00,2023,8,Aug,Thu,18,Evening commute,30,TRAFFIC SIGNAL,CLEAR,DAYLIGHT,REAR END,NOT DIVIDED,DRY,NO INJURY / DRIVE AWAY,,true,$500 OR LESS,UNABLE TO DETERMINE,2,NO INDICATION OF INJURY,0,0,41.7934007162,-87.7037964468,60629,"CHICAGO MIDWAY AIRPORT, IL US",87.0,63.0,45.0,0.0,10.0,0.0
crash_05094,2023-12-01 07:45:00,2023,12,Dec,Fri,7,Morning commute,30,TRAFFIC SIGNAL,RAIN,DAYLIGHT,REAR END,NOT DIVIDED,WET,NO INJURY / DRIVE AWAY,,,"OVER $1,500",FOLLOWING TOO CLOSELY,2,NO INDICATION OF INJURY,0,0,41.7813203119,-87.5750793654,60637,"CHICAGO MIDWAY AIRPORT, IL US",44.0,41.0,89.0,0.14,5.0,0.0
crash_05095,2025-05-16 16:25:00,2025,5,May,Fri,16,Evening commute,30,UNKNOWN,CLEAR,DAYLIGHT,SIDESWIPE SAME DIRECTION,NOT DIVIDED,UNKNOWN,NO INJURY / DRIVE AWAY,,true,"OVER $1,500",UNABLE TO DETERMINE,2,NO INDICATION OF INJURY,0,0,41.9792169069,-87.8068381631,60656,"CHICAGO OHARE INTERNATIONAL AIRPORT, IL US",86.0,41.0,20.0,0.0,10.0,25.0
crash_05096,2021-08-09 12:00:00,2021,8,Aug,Mon,12,Daytime,20,NO CONTROLS,CLEAR,DAYLIGHT,PARKED MOTOR VEHICLE,DIVIDED - W/MEDIAN (NOT RAISED),DRY,NO INJURY / DRIVE AWAY,,,$500 OR LESS,UNABLE TO DETERMINE,2,NO INDICATION OF INJURY,0,0,41.9986379864,-87.6607579682,60626,"CHICAGO OHARE INTERNATIONAL AIRPORT, IL US",75.0,70.0,84.0,,10.0,10.0
crash_05097,2018-05-03 04:00:00,2018,5,May,Thu,4,Night or early morning,20,NO CONTROLS,RAIN,"DARKNESS, LIGHTED ROAD",PARKED MOTOR VEHICLE,ONE-WAY,WET,NO INJURY / DRIVE AWAY,,true,"OVER $1,500",NOT APPLICABLE,2,NO INDICATION OF INJURY,0,0,41.7366909453,-87.6096190938,60619,"CHICAGO MIDWAY AIRPORT, IL US",66.0,64.0,93.0,0.02,2.5,6.0
crash_05098,2021-12-23 10:40:00,2021,12,Dec,Thu,10,Daytime,25,STOP SIGN/FLASHER,CLEAR,DAYLIGHT,PEDALCYCLIST,ONE-WAY,DRY,INJURY AND / OR TOW DUE TO CRASH,true,true,$500 OR LESS,UNABLE TO DETERMINE,2,NONINCAPACITATING INJURY,1,0,41.9817678111,-87.6691871524,60640,"CHICAGO OHARE INTERNATIONAL AIRPORT, IL US",40.0,28.0,63.0,0.0,10.0,16.0
crash_05099,2023-11-07 16:48:00,2023,11,Nov,Tue,16,Evening commute,25,NO CONTROLS,CLEAR,DARKNESS,ANGLE,NOT DIVIDED,DRY,NO INJURY / DRIVE AWAY,,true,$500 OR LESS,UNABLE TO DETERMINE,2,NO INDICATION OF INJURY,0,0,41.8863732309,-87.701234307,60612,"CHICAGO MIDWAY AIRPORT, IL US",49.0,40.0,71.0,0.0,10.0,14.0
crash_05100,2023-03-12 19:50:00,2023,3,Mar,Sun,19,Night or early morning,35,NO CONTROLS,RAIN,"DARKNESS, LIGHTED ROAD",SIDESWIPE SAME DIRECTION,ONE-WAY,WET,NO INJURY / DRIVE AWAY,,,"$501 - $1,500",WEATHER,2,NO INDICATION OF INJURY,0,0,41.8781070502,-87.6397082494,60661,"CHICAGO MIDWAY AIRPORT, IL US",33.0,24.0,70.0,0.0,10.0,14.0
crash_05101,2019-09-09 10:43:00,2019,9,Sep,Mon,10,Daytime,30,TRAFFIC SIGNAL,CLEAR,DAYLIGHT,PARKED MOTOR VEHICLE,DIVIDED - W/MEDIAN (NOT RAISED),DRY,INJURY AND / OR TOW DUE TO CRASH,,,"OVER $1,500",FAILING TO REDUCE SPEED TO AVOID CRASH,2,NO INDICATION OF INJURY,0,0,41.9423076661,-87.7566584946,60641,"CHICAGO OHARE INTERNATIONAL AIRPORT, IL US",69.0,61.0,76.0,0.0,10.0,8.0
crash_05102,2022-12-22 11:00:00,2022,12,Dec,Thu,11,Daytime,30,TRAFFIC SIGNAL,SNOW,DAYLIGHT,REAR END,DIVIDED - W/MEDIAN BARRIER,SNOW OR SLUSH,INJURY AND / OR TOW DUE TO CRASH,true,,"OVER $1,500",FAILING TO REDUCE SPEED TO AVOID CRASH,2,NO INDICATION OF INJURY,0,0,41.8738472258,-87.6860875694,60612,"CHICAGO MIDWAY AIRPORT, IL US",33.0,26.0,75.0,0.0,7.0,6.0
crash_05103,2024-03-14 16:00:00,2024,3,Mar,Thu,16,Evening commute,20,NO CONTROLS,CLEAR,"DARKNESS, LIGHTED ROAD",PARKED MOTOR VEHICLE,NOT DIVIDED,DRY,NO INJURY / DRIVE AWAY,,true,"$501 - $1,500",UNABLE TO DETERMINE,2,,,,41.8539264016,-87.6742470075,60608,"CHICAGO MIDWAY AIRPORT, IL US",49.0,44.0,83.0,0.0,8.0,16.0
crash_05104,2018-10-29 08:15:00,2018,10,Oct,Mon,8,Morning commute,30,TRAFFIC SIGNAL,CLEAR,DAYLIGHT,SIDESWIPE SAME DIRECTION,NOT DIVIDED,DRY,NO INJURY / DRIVE AWAY,,true,"OVER $1,500",FAILING TO YIELD RIGHT-OF-WAY,2,NO INDICATION OF INJURY,0,0,41.8452853968,-87.6465950786,60608,"CHICAGO MIDWAY AIRPORT, IL US",40.0,36.0,86.0,0.0,10.0,6.0
crash_05105,2025-05-02 00:03:00,2025,5,May,Fri,0,Night or early morning,30,STOP SIGN/FLASHER,CLEAR,"DARKNESS, LIGHTED ROAD",ANGLE,FOUR WAY,DRY,INJURY AND / OR TOW DUE TO CRASH,true,,"OVER $1,500",DISREGARDING STOP SIGN,4,NO INDICATION OF INJURY,0,0,41.9701029349,-87.788131143,60656,"CHICAGO OHARE INTERNATIONAL AIRPORT, IL US",57.0,53.0,87.0,,10.0,6.0
crash_05106,2018-12-27 19:00:00,2018,12,Dec,Thu,19,Night or early morning,25,NO CONTROLS,CLEAR,"DARKNESS, LIGHTED ROAD",PARKED MOTOR VEHICLE,ONE-WAY,WET,NO INJURY / DRIVE AWAY,,,"OVER $1,500",UNABLE TO DETERMINE,2,NO INDICATION OF INJURY,0,0,41.7991756033,-87.7173491099,60632,"CHICAGO MIDWAY AIRPORT, IL US",50.0,49.0,96.0,0.01,5.0,11.0
crash_05107,2019-12-08 11:10:00,2019,12,Dec,Sun,11,Daytime,30,NO CONTROLS,CLEAR,DAYLIGHT,ANGLE,NOT DIVIDED,DRY,NO INJURY / DRIVE AWAY,,,"$501 - $1,500",UNABLE TO DETERMINE,2,NO INDICATION OF INJURY,0,0,41.8891107516,-87.6304522718,60654,"CHICAGO MIDWAY AIRPORT, IL US",43.0,36.0,76.0,0.0,8.0,16.0
crash_05108,2024-12-21 19:45:00,2024,12,Dec,Sat,19,Night or early morning,10,NO CONTROLS,CLEAR,"DARKNESS, LIGHTED ROAD",ANGLE,RAMP,DRY,NO INJURY / DRIVE AWAY,,,"$501 - $1,500",FAILING TO YIELD RIGHT-OF-WAY,2,NO INDICATION OF INJURY,0,0,41.9317554005,-87.6409467068,60614,"CHICAGO MIDWAY AIRPORT, IL US",22.0,12.0,66.0,,10.0,3.0
crash_05109,2022-10-21 09:00:00,2022,10,Oct,Fri,9,Morning commute,30,NO CONTROLS,CLEAR,DAYLIGHT,PARKED MOTOR VEHICLE,PARKING LOT,DRY,NO INJURY / DRIVE AWAY,,,"OVER $1,500",FAILING TO YIELD RIGHT-OF-WAY,2,NO INDICATION OF INJURY,0,0,41.7862352694,-87.6973962072,60629,"CHICAGO MIDWAY AIRPORT, IL US",51.0,34.0,52.0,0.0,10.0,11.0
crash_05110,2020-11-06 19:15:00,2020,11,Nov,Fri,19,Night or early morning,30,STOP SIGN/FLASHER,CLEAR,"DARKNESS, LIGHTED ROAD",SIDESWIPE SAME DIRECTION,NOT DIVIDED,DRY,NO INJURY / DRIVE AWAY,,,$500 OR LESS,UNABLE TO DETERMINE,2,NO INDICATION OF INJURY,0,0,41.775360573,-87.6931491064,60629,"CHICAGO MIDWAY AIRPORT, IL US",67.0,48.0,51.0,0.0,10.0,9.0
crash_05111,2020-08-12 21:20:00,2020,8,Aug,Wed,21,Night or early morning,35,TRAFFIC SIGNAL,CLEAR,"DARKNESS, LIGHTED ROAD",TURNING,NOT DIVIDED,DRY,NO INJURY / DRIVE AWAY,true,,"OVER $1,500",UNABLE TO DETERMINE,2,NO INDICATION OF INJURY,0,0,41.9535305633,-87.7472243588,60641,"CHICAGO OHARE INTERNATIONAL AIRPORT, IL US",77.0,63.0,62.0,0.0,10.0,7.0
crash_05112,2021-03-11 10:02:00,2021,3,Mar,Thu,10,Daytime,10,NO CONTROLS,CLEAR,DAYLIGHT,PARKED MOTOR VEHICLE,OTHER,DRY,NO INJURY / DRIVE AWAY,,true,"OVER $1,500",NOT APPLICABLE,2,NO INDICATION OF INJURY,0,0,41.7374069411,-87.5850691403,60617,"CHICAGO MIDWAY AIRPORT, IL US",51.0,33.0,50.0,0.0,10.0,17.0
crash_05113,2023-10-12 11:23:00,2023,10,Oct,Thu,11,Daytime,30,NO CONTROLS,CLOUDY/OVERCAST,DAYLIGHT,PARKED MOTOR VEHICLE,NOT DIVIDED,UNKNOWN,NO INJURY / DRIVE AWAY,,true,$500 OR LESS,UNABLE TO DETERMINE,2,NO INDICATION OF INJURY,0,0,41.7085833637,-87.5643716309,60617,"CHICAGO MIDWAY AIRPORT, IL US",57.0,54.0,90.0,0.0,10.0,8.0
crash_05114,2023-08-14 12:05:00,2023,8,Aug,Mon,12,Daytime,40,NO CONTROLS,RAIN,DAYLIGHT,REAR END,DIVIDED - W/MEDIAN BARRIER,WET,NO INJURY / DRIVE AWAY,,,"$501 - $1,500",UNABLE TO DETERMINE,2,NO INDICATION OF INJURY,0,0,41.9009589191,-87.6199281737,60611,"CHICAGO MIDWAY AIRPORT, IL US",75.0,64.0,69.0,0.01,10.0,6.0
crash_05115,2019-04-02 09:10:00,2019,4,Apr,Tue,9,Morning commute,30,TRAFFIC SIGNAL,CLEAR,DAYLIGHT,REAR END,DIVIDED - W/MEDIAN (NOT RAISED),DRY,NO INJURY / DRIVE AWAY,true,,"$501 - $1,500",IMPROPER OVERTAKING/PASSING,2,NO INDICATION OF INJURY,0,0,41.9238706888,-87.7660492214,60639,"CHICAGO OHARE INTERNATIONAL AIRPORT, IL US",42.0,29.0,60.0,0.0,10.0,13.0
crash_05116,2024-02-08 20:13:00,2024,2,Feb,Thu,20,Night or early morning,30,TRAFFIC SIGNAL,RAIN,DARKNESS,TURNING,FOUR WAY,WET,INJURY AND / OR TOW DUE TO CRASH,true,,"OVER $1,500",UNABLE TO DETERMINE,2,NO INDICATION OF INJURY,0,0,41.735942014,-87.6451541748,60620,"CHICAGO MIDWAY AIRPORT, IL US",55.0,48.0,77.0,0.0,10.0,22.0
crash_05117,2021-09-02 12:20:00,2021,9,Sep,Thu,12,Daytime,30,NO CONTROLS,CLEAR,DAYLIGHT,REAR END,NOT DIVIDED,DRY,NO INJURY / DRIVE AWAY,,,"OVER $1,500",NOT APPLICABLE,2,NO INDICATION OF INJURY,0,0,41.8694176493,-87.6636039205,60607,"CHICAGO MIDWAY AIRPORT, IL US",76.0,49.0,39.0,0.0,10.0,6.0
crash_05118,2022-02-05 15:00:00,2022,2,Feb,Sat,15,Evening commute,30,NO CONTROLS,CLEAR,DAYLIGHT,REAR END,DIVIDED - W/MEDIAN (NOT RAISED),DRY,NO INJURY / DRIVE AWAY,,,"OVER $1,500",UNABLE TO DETERMINE,2,NO INDICATION OF INJURY,0,0,41.91975438,-87.687333666,60647,"CHICAGO MIDWAY AIRPORT, IL US",18.0,3.0,52.0,0.0,10.0,16.0
crash_05119,2023-06-10 10:35:00,2023,6,Jun,Sat,10,Daytime,30,NO CONTROLS,CLEAR,DAYLIGHT,PARKED MOTOR VEHICLE,NOT DIVIDED,DRY,NO INJURY / DRIVE AWAY,,true,"$501 - $1,500",UNABLE TO DETERMINE,2,NO INDICATION OF INJURY,0,0,41.9176669443,-87.6885341826,60647,"CHICAGO MIDWAY AIRPORT, IL US",81.0,43.0,26.0,0.0,10.0,9.0
crash_05120,2025-02-13 18:00:00,2025,2,Feb,Thu,18,Evening commute,30,TRAFFIC SIGNAL,UNKNOWN,DARKNESS,REAR END,NOT DIVIDED,UNKNOWN,INJURY AND / OR TOW DUE TO CRASH,,true,"OVER $1,500",UNABLE TO DETERMINE,2,"REPORTED, NOT EVIDENT",1,0,41.7511422976,-87.6198533579,60619,"CHICAGO MIDWAY AIRPORT, IL US",14.0,0.0,53.0,0.0,10.0,14.0
crash_05121,2021-05-26 18:39:00,2021,5,May,Wed,18,Evening commute,30,NO CONTROLS,CLEAR,DAYLIGHT,SIDESWIPE SAME DIRECTION,NOT DIVIDED,DRY,NO INJURY / DRIVE AWAY,,,"$501 - $1,500",NOT APPLICABLE,2,NO INDICATION OF INJURY,0,0,41.7622517327,-87.7175820496,60629,"CHICAGO MIDWAY AIRPORT, IL US",79.0,45.0,30.0,0.0,10.0,13.0
crash_05122,2022-07-18 15:20:00,2022,7,Jul,Mon,15,Evening commute,25,NO CONTROLS,CLEAR,DAYLIGHT,REAR END,NOT DIVIDED,DRY,NO INJURY / DRIVE AWAY,,,"$501 - $1,500",FOLLOWING TOO CLOSELY,2,NO INDICATION OF INJURY,0,0,41.7964202294,-87.7233987173,60632,"CHICAGO MIDWAY AIRPORT, IL US",89.0,61.0,39.0,0.0,10.0,8.0
crash_05123,2021-11-30 09:11:00,2021,11,Nov,Tue,9,Morning commute,30,STOP SIGN/FLASHER,CLEAR,DAYLIGHT,PEDESTRIAN,ONE-WAY,DRY,NO INJURY / DRIVE AWAY,true,,$500 OR LESS,FAILING TO YIELD RIGHT-OF-WAY,2,NO INDICATION OF INJURY,0,0,41.9173661693,-87.7054286975,60647,"CHICAGO MIDWAY AIRPORT, IL US",38.0,23.0,55.0,0.0,10.0,11.0
crash_05124,2019-02-08 23:22:00,2019,2,Feb,Fri,23,Night or early morning,30,TRAFFIC SIGNAL,CLEAR,"DARKNESS, LIGHTED ROAD",REAR END,NOT DIVIDED,WET,NO INJURY / DRIVE AWAY,true,true,"OVER $1,500",FOLLOWING TOO CLOSELY,2,NO INDICATION OF INJURY,0,0,41.9242858883,-87.7511057337,60639,"CHICAGO OHARE INTERNATIONAL AIRPORT, IL US",8.0,-1.0,66.0,0.0,10.0,10.0
crash_05125,2019-06-18 15:00:00,2019,6,Jun,Tue,15,Evening commute,30,TRAFFIC SIGNAL,CLEAR,DAYLIGHT,TURNING,ONE-WAY,DRY,NO INJURY / DRIVE AWAY,true,,"$501 - $1,500",IMPROPER TURNING/NO SIGNAL,2,NO INDICATION OF INJURY,0,0,41.884590847,-87.6292360117,60601,"CHICAGO MIDWAY AIRPORT, IL US",76.0,60.0,58.0,0.0,10.0,7.0
crash_05126,2024-02-15 20:10:00,2024,2,Feb,Thu,20,Night or early morning,35,NO CONTROLS,CLEAR,"DARKNESS, LIGHTED ROAD",PARKED MOTOR VEHICLE,ONE-WAY,DRY,NO INJURY / DRIVE AWAY,,,"OVER $1,500",DRIVING SKILLS/KNOWLEDGE/EXPERIENCE,2,NO INDICATION OF INJURY,0,0,41.9426395958,-87.7932848412,60634,"CHICAGO OHARE INTERNATIONAL AIRPORT, IL US",35.0,14.0,42.0,0.0,10.0,7.0
crash_05127,2018-05-02 19:10:00,2018,5,May,Wed,19,Night or early morning,30,NO CONTROLS,CLEAR,DAYLIGHT,SIDESWIPE SAME DIRECTION,NOT DIVIDED,DRY,NO INJURY / DRIVE AWAY,,,"$501 - $1,500",IMPROPER OVERTAKING/PASSING,2,NO INDICATION OF INJURY,0,0,41.9322053951,-87.6976792439,60618,"CHICAGO MIDWAY AIRPORT, IL US",78.0,59.0,52.0,0.0,10.0,3.0
crash_05128,2022-12-28 16:22:00,2022,12,Dec,Wed,16,Evening commute,30,STOP SIGN/FLASHER,CLEAR,"DARKNESS, LIGHTED ROAD",ANGLE,NOT DIVIDED,UNKNOWN,NO INJURY / DRIVE AWAY,,false,"OVER $1,500",NOT APPLICABLE,2,NO INDICATION OF INJURY,0,0,41.8879815856,-87.7700029034,60644,"CHICAGO MIDWAY AIRPORT, IL US",44.0,30.0,58.0,0.0,10.0,22.0
crash_05129,2018-03-15 07:15:00,2018,3,Mar,Thu,7,Morning commute,10,NO CONTROLS,CLEAR,DAYLIGHT,PARKED MOTOR VEHICLE,DIVIDED - W/MEDIAN (NOT RAISED),DRY,NO INJURY / DRIVE AWAY,,,$500 OR LESS,UNABLE TO DETERMINE,2,NO INDICATION OF INJURY,0,0,41.8813532144,-87.6659159393,60607,"CHICAGO MIDWAY AIRPORT, IL US",32.0,23.0,69.0,0.0,10.0,6.0
crash_05130,2021-04-09 15:48:00,2021,4,Apr,Fri,15,Evening commute,30,NO CONTROLS,CLEAR,DAYLIGHT,SIDESWIPE SAME DIRECTION,NOT DIVIDED,DRY,NO INJURY / DRIVE AWAY,,,"$501 - $1,500",IMPROPER OVERTAKING/PASSING,2,NO INDICATION OF INJURY,0,0,42.0146204159,-87.6840483451,60645,"CHICAGO OHARE INTERNATIONAL AIRPORT, IL US",60.0,48.0,65.0,0.0,10.0,14.0
crash_05131,2024-05-01 19:55:00,2024,5,May,Wed,19,Night or early morning,30,NO CONTROLS,CLEAR,DARKNESS,SIDESWIPE SAME DIRECTION,NOT DIVIDED,DRY,NO INJURY / DRIVE AWAY,,,"$501 - $1,500",IMPROPER OVERTAKING/PASSING,2,NO INDICATION OF INJURY,0,0,41.7720982328,-87.6641646176,60636,"CHICAGO MIDWAY AIRPORT, IL US",70.0,35.0,28.0,0.0,10.0,5.0
crash_05132,2025-05-20 17:35:00,2025,5,May,Tue,17,Evening commute,20,NO CONTROLS,RAIN,DAWN,SIDESWIPE SAME DIRECTION,ONE-WAY,WET,INJURY AND / OR TOW DUE TO CRASH,,,"OVER $1,500",FAILING TO YIELD RIGHT-OF-WAY,3,NO INDICATION OF INJURY,0,0,41.9440988945,-87.6698564129,60657,"CHICAGO MIDWAY AIRPORT, IL US",57.0,53.0,87.0,0.02,10.0,9.0
crash_05133,2018-06-19 20:11:00,2018,6,Jun,Tue,20,Night or early morning,30,NO CONTROLS,CLEAR,DAWN,ANGLE,NOT DIVIDED,DRY,NO INJURY / DRIVE AWAY,true,,"OVER $1,500",FAILING TO YIELD RIGHT-OF-WAY,2,NO INDICATION OF INJURY,0,0,41.8762094216,-87.6724962975,60612,"CHICAGO MIDWAY AIRPORT, IL US",71.0,65.0,81.0,0.0,10.0,6.0
crash_05134,2020-07-26 15:49:00,2020,7,Jul,Sun,15,Evening commute,30,TRAFFIC SIGNAL,CLEAR,DAYLIGHT,REAR END,NOT DIVIDED,DRY,NO INJURY / DRIVE AWAY,,,"OVER $1,500",FOLLOWING TOO CLOSELY,2,NO INDICATION OF INJURY,0,0,41.7789457502,-87.703283119,60629,"CHICAGO MIDWAY AIRPORT, IL US",94.0,70.0,46.0,0.0,10.0,18.0
crash_05135,2024-03-19 19:00:00,2024,3,Mar,Tue,19,Night or early morning,30,NO CONTROLS,CLEAR,"DARKNESS, LIGHTED ROAD",PARKED MOTOR VEHICLE,DIVIDED - W/MEDIAN BARRIER,DRY,NO INJURY / DRIVE AWAY,,,"OVER $1,500",DRIVING SKILLS/KNOWLEDGE/EXPERIENCE,2,NO INDICATION OF INJURY,0,0,41.8023181506,-87.5879612501,60615,"CHICAGO MIDWAY AIRPORT, IL US",57.0,27.0,32.0,0.0,10.0,15.0
crash_05136,2020-03-06 16:15:00,2020,3,Mar,Fri,16,Evening commute,30,NO CONTROLS,CLEAR,DAYLIGHT,SIDESWIPE SAME DIRECTION,NOT DIVIDED,DRY,NO INJURY / DRIVE AWAY,,true,"OVER $1,500",FOLLOWING TOO CLOSELY,2,NO INDICATION OF INJURY,0,0,41.8724568183,-87.7447964263,60644,"CHICAGO MIDWAY AIRPORT, IL US",37.0,23.0,57.0,0.0,10.0,13.0
crash_05137,2022-12-17 12:00:00,2022,12,Dec,Sat,12,Daytime,30,TRAFFIC SIGNAL,SNOW,DAYLIGHT,TURNING,FOUR WAY,SNOW OR SLUSH,NO INJURY / DRIVE AWAY,true,,"OVER $1,500",IMPROPER TURNING/NO SIGNAL,2,NO INDICATION OF INJURY,0,0,41.7354443724,-87.6823649393,60620,"CHICAGO MIDWAY AIRPORT, IL US",24.0,16.0,71.0,0.0,10.0,20.0
crash_05138,2021-09-30 07:40:00,2021,9,Sep,Thu,7,Morning commute,45,NO CONTROLS,CLEAR,DAYLIGHT,SIDESWIPE SAME DIRECTION,DIVIDED - W/MEDIAN BARRIER,DRY,NO INJURY / DRIVE AWAY,,,"OVER $1,500",IMPROPER LANE USAGE,2,NO INDICATION OF INJURY,0,0,41.8399651584,-87.6093799516,60616,"CHICAGO MIDWAY AIRPORT, IL US",63.0,49.0,60.0,0.0,10.0,5.0
crash_05139,2020-10-16 21:00:00,2020,10,Oct,Fri,21,Night or early morning,40,NO CONTROLS,CLEAR,"DARKNESS, LIGHTED ROAD",SIDESWIPE SAME DIRECTION,DIVIDED - W/MEDIAN BARRIER,DRY,NO INJURY / DRIVE AWAY,,,"OVER $1,500",IMPROPER OVERTAKING/PASSING,2,NO INDICATION OF INJURY,0,0,41.8992809909,-87.6188945123,60611,"CHICAGO MIDWAY AIRPORT, IL US",47.0,27.0,46.0,0.0,10.0,9.0
crash_05140,2021-11-26 12:00:00,2021,11,Nov,Fri,12,Daytime,30,NO CONTROLS,CLEAR,DARKNESS,PARKED MOTOR VEHICLE,NOT DIVIDED,DRY,NO INJURY / DRIVE AWAY,,true,"OVER $1,500",UNABLE TO DETERMINE,2,NO INDICATION OF INJURY,0,0,41.6499090733,-87.539485717,60633,"CHICAGO MIDWAY AIRPORT, IL US",27.0,6.0,41.0,0.0,10.0,8.0