crash_id,crash_datetime,crash_year,crash_month,crash_month_name,crash_weekday_name,crash_hour,time_period,posted_speed_limit_mph,traffic_control_device,reported_weather_condition,reported_lighting_condition,first_crash_type,trafficway_type,reported_road_surface_condition,crash_type,intersection_related,hit_and_run,estimated_damage,primary_contributory_cause,unit_count,most_severe_injury,injuries_total,injuries_fatal,latitude,longitude,zip5,weather_station_name,temperature_f,dew_point_f,relative_humidity_percent,precipitation_inches,visibility_miles,wind_speed_mph
crash_05141,2020-12-31 21:51:00,2020,12,Dec,Thu,21,Night or early morning,20,NO CONTROLS,CLEAR,"DARKNESS, LIGHTED ROAD",PARKED MOTOR VEHICLE,NOT DIVIDED,SNOW OR SLUSH,NO INJURY / DRIVE AWAY,,true,"$501 - $1,500",IMPROPER BACKING,2,NO INDICATION OF INJURY,0,0,41.859639093,-87.6575555061,60608,"CHICAGO MIDWAY AIRPORT, IL US",26.0,19.0,75.0,0.0,9.0,0.0
crash_05142,2021-09-18 23:55:00,2021,9,Sep,Sat,23,Night or early morning,35,UNKNOWN,UNKNOWN,"DARKNESS, LIGHTED ROAD",TURNING,UNKNOWN,UNKNOWN,NO INJURY / DRIVE AWAY,,true,"OVER $1,500",UNABLE TO DETERMINE,2,NO INDICATION OF INJURY,0,0,41.7205499833,-87.5754578131,60617,"CHICAGO MIDWAY AIRPORT, IL US",70.0,61.0,73.0,0.0,10.0,6.0
crash_05143,2021-08-13 21:54:00,2021,8,Aug,Fri,21,Night or early morning,30,NO CONTROLS,CLEAR,"DARKNESS, LIGHTED ROAD",ANGLE,NOT DIVIDED,DRY,INJURY AND / OR TOW DUE TO CRASH,true,true,"OVER $1,500",UNABLE TO DETERMINE,2,"REPORTED, NOT EVIDENT",1,0,41.8166675155,-87.6218341192,60653,"CHICAGO MIDWAY AIRPORT, IL US",74.0,55.0,52.0,0.0,10.0,3.0
crash_05144,2025-11-30 05:55:00,2025,11,Nov,Sun,5,Night or early morning,30,NO CONTROLS,UNKNOWN,UNKNOWN,SIDESWIPE SAME DIRECTION,DIVIDED - W/MEDIAN BARRIER,UNKNOWN,NO INJURY / DRIVE AWAY,,true,"OVER $1,500",UNABLE TO DETERMINE,2,NO INDICATION OF INJURY,0,0,41.8400533313,-87.6269754776,60616,,,,,,,
crash_05145,2025-03-17 13:35:00,2025,3,Mar,Mon,13,Daytime,30,TRAFFIC SIGNAL,CLEAR,DAYLIGHT,ANGLE,NOT DIVIDED,DRY,NO INJURY / DRIVE AWAY,,true,"$501 - $1,500",DISREGARDING TRAFFIC SIGNALS,2,NO INDICATION OF INJURY,0,0,41.6847087629,-87.6628557576,60643,"CHICAGO MIDWAY AIRPORT, IL US",49.0,26.0,41.0,0.0,10.0,24.0
crash_05146,2019-05-05 13:55:00,2019,5,May,Sun,13,Daytime,30,TRAFFIC SIGNAL,CLEAR,DAYLIGHT,SIDESWIPE SAME DIRECTION,NOT DIVIDED,UNKNOWN,NO INJURY / DRIVE AWAY,true,,"$501 - $1,500",UNABLE TO DETERMINE,3,NO INDICATION OF INJURY,0,0,41.9762124084,-87.6599281051,60640,"CHICAGO OHARE INTERNATIONAL AIRPORT, IL US",71.0,44.0,38.0,0.0,10.0,11.0
crash_05147,2019-11-27 08:00:00,2019,11,Nov,Wed,8,Morning commute,30,NO CONTROLS,SNOW,DAYLIGHT,PARKED MOTOR VEHICLE,ONE-WAY,DRY,INJURY AND / OR TOW DUE TO CRASH,,,"OVER $1,500",UNABLE TO DETERMINE,3,NO INDICATION OF INJURY,0,0,41.9613925019,-87.7368773884,60630,"CHICAGO OHARE INTERNATIONAL AIRPORT, IL US",44.0,36.0,73.0,0.0,10.0,29.0
crash_05148,2020-06-10 15:05:00,2020,6,Jun,Wed,15,Evening commute,30,STOP SIGN/FLASHER,CLEAR,DAYLIGHT,REAR END,PARKING LOT,DRY,NO INJURY / DRIVE AWAY,,,"OVER $1,500",UNABLE TO DETERMINE,2,NO INDICATION OF INJURY,0,0,41.7799152426,-87.6412368319,60621,"CHICAGO MIDWAY AIRPORT, IL US",76.0,58.0,54.0,0.0,10.0,28.0
crash_05149,2018-06-04 12:45:00,2018,6,Jun,Mon,12,Daytime,30,NO CONTROLS,CLEAR,DAYLIGHT,PARKED MOTOR VEHICLE,NOT DIVIDED,DRY,NO INJURY / DRIVE AWAY,,true,"$501 - $1,500",DRIVING SKILLS/KNOWLEDGE/EXPERIENCE,2,NO INDICATION OF INJURY,0,0,41.9556199968,-87.7221773518,60618,"CHICAGO OHARE INTERNATIONAL AIRPORT, IL US",73.0,45.0,37.0,0.0,10.0,11.0
crash_05150,2022-09-16 14:51:00,2022,9,Sep,Fri,14,Daytime,30,UNKNOWN,CLEAR,DAYLIGHT,PARKED MOTOR VEHICLE,ONE-WAY,DRY,NO INJURY / DRIVE AWAY,,,"$501 - $1,500",FOLLOWING TOO CLOSELY,2,NO INDICATION OF INJURY,0,0,41.9671443644,-87.6710528466,60640,"CHICAGO MIDWAY AIRPORT, IL US",84.0,59.0,43.0,0.0,10.0,11.0
crash_05151,2020-11-03 17:19:00,2020,11,Nov,Tue,17,Evening commute,30,TRAFFIC SIGNAL,CLEAR,"DARKNESS, LIGHTED ROAD",TURNING,DIVIDED - W/MEDIAN (NOT RAISED),DRY,INJURY AND / OR TOW DUE TO CRASH,true,,"OVER $1,500",IMPROPER TURNING/NO SIGNAL,2,NONINCAPACITATING INJURY,6,0,41.8580532553,-87.705555636,60623,"CHICAGO MIDWAY AIRPORT, IL US",65.0,35.0,33.0,0.0,10.0,9.0
crash_05152,2018-02-12 08:00:00,2018,2,Feb,Mon,8,Morning commute,30,NO CONTROLS,CLEAR,DAYLIGHT,PARKED MOTOR VEHICLE,ONE-WAY,SNOW OR SLUSH,NO INJURY / DRIVE AWAY,,,$500 OR LESS,NOT APPLICABLE,2,NO INDICATION OF INJURY,0,0,41.8255559976,-87.6171784181,60653,"CHICAGO MIDWAY AIRPORT, IL US",14.0,4.0,64.0,0.0,10.0,7.0
crash_05153,2023-09-09 14:00:00,2023,9,Sep,Sat,14,Daytime,25,NO CONTROLS,CLEAR,DAYLIGHT,PARKED MOTOR VEHICLE,NOT DIVIDED,DRY,NO INJURY / DRIVE AWAY,,true,"OVER $1,500",IMPROPER LANE USAGE,2,NO INDICATION OF INJURY,0,0,41.9365726633,-87.7540123202,60641,"CHICAGO OHARE INTERNATIONAL AIRPORT, IL US",75.0,48.0,39.0,0.0,10.0,11.0
crash_05154,2025-07-23 09:56:00,2025,7,Jul,Wed,9,Morning commute,25,UNKNOWN,CLEAR,DAYLIGHT,FIXED OBJECT,ONE-WAY,DRY,NO INJURY / DRIVE AWAY,,,"OVER $1,500",NOT APPLICABLE,1,NO INDICATION OF INJURY,0,0,41.8864966812,-87.6247141224,60601,"CHICAGO MIDWAY AIRPORT, IL US",83.0,68.0,61.0,0.0,10.0,13.0
crash_05155,2021-09-17 14:05:00,2021,9,Sep,Fri,14,Daytime,30,NO CONTROLS,CLEAR,DAYLIGHT,REAR END,NOT DIVIDED,DRY,INJURY AND / OR TOW DUE TO CRASH,,,"OVER $1,500",FOLLOWING TOO CLOSELY,2,NONINCAPACITATING INJURY,1,0,41.7366263508,-87.6135908495,60619,"CHICAGO MIDWAY AIRPORT, IL US",88.0,52.0,29.0,0.0,10.0,8.0
crash_05156,2019-01-15 15:15:00,2019,1,Jan,Tue,15,Evening commute,30,STOP SIGN/FLASHER,CLEAR,DAYLIGHT,TURNING,NOT DIVIDED,DRY,INJURY AND / OR TOW DUE TO CRASH,,,"OVER $1,500",FAILING TO YIELD RIGHT-OF-WAY,2,NONINCAPACITATING INJURY,2,0,41.885801756,-87.6453278635,60661,"CHICAGO MIDWAY AIRPORT, IL US",28.0,24.0,85.0,0.0,10.0,16.0
crash_05157,2024-01-22 17:00:00,2024,1,Jan,Mon,17,Evening commute,30,UNKNOWN,RAIN,DAYLIGHT,PARKED MOTOR VEHICLE,DIVIDED - W/MEDIAN (NOT RAISED),ICE,NO INJURY / DRIVE AWAY,,,"OVER $1,500",UNABLE TO DETERMINE,2,NO INDICATION OF INJURY,0,0,41.8146468892,-87.6847439613,60632,"CHICAGO MIDWAY AIRPORT, IL US",34.0,30.0,85.0,0.0,3.0,11.0
crash_05158,2021-10-29 10:00:00,2021,10,Oct,Fri,10,Daytime,30,NO CONTROLS,UNKNOWN,UNKNOWN,PARKED MOTOR VEHICLE,NOT DIVIDED,UNKNOWN,NO INJURY / DRIVE AWAY,,true,"$501 - $1,500",UNABLE TO DETERMINE,2,NO INDICATION OF INJURY,0,0,41.9091764566,-87.6509110422,60642,"CHICAGO MIDWAY AIRPORT, IL US",54.0,50.0,87.0,0.0,6.0,22.0
crash_05159,2024-05-02 17:38:00,2024,5,May,Thu,17,Evening commute,30,NO CONTROLS,CLEAR,DAYLIGHT,PEDESTRIAN,DIVIDED - W/MEDIAN (NOT RAISED),WET,INJURY AND / OR TOW DUE TO CRASH,,,"OVER $1,500",NOT APPLICABLE,2,"REPORTED, NOT EVIDENT",1,0,41.7449441588,-87.6537371546,60620,"CHICAGO MIDWAY AIRPORT, IL US",73.0,62.0,69.0,0.0,10.0,6.0
crash_05160,2018-10-13 12:00:00,2018,10,Oct,Sat,12,Daytime,30,STOP SIGN/FLASHER,CLEAR,DAYLIGHT,REAR END,DIVIDED - W/MEDIAN (NOT RAISED),DRY,NO INJURY / DRIVE AWAY,,,"OVER $1,500",FOLLOWING TOO CLOSELY,3,NO INDICATION OF INJURY,0,0,41.9373303996,-87.8065785241,60634,"CHICAGO OHARE INTERNATIONAL AIRPORT, IL US",48.0,34.0,58.0,0.0,10.0,14.0
crash_05161,2023-04-17 14:30:00,2023,4,Apr,Mon,14,Daytime,30,NO CONTROLS,CLEAR,UNKNOWN,PARKED MOTOR VEHICLE,NOT DIVIDED,UNKNOWN,NO INJURY / DRIVE AWAY,,true,"OVER $1,500",NOT APPLICABLE,2,NO INDICATION OF INJURY,0,0,41.7405103437,-87.7052288277,60652,"CHICAGO MIDWAY AIRPORT, IL US",39.0,25.0,57.0,0.0,10.0,16.0
crash_05162,2020-06-06 12:40:00,2020,6,Jun,Sat,12,Daytime,30,STOP SIGN/FLASHER,CLEAR,DAYLIGHT,TURNING,NOT DIVIDED,DRY,NO INJURY / DRIVE AWAY,true,,"OVER $1,500",DISREGARDING YIELD SIGN,2,NO INDICATION OF INJURY,0,0,41.8406277048,-87.7148368382,60623,"CHICAGO MIDWAY AIRPORT, IL US",74.0,48.0,40.0,0.0,10.0,14.0
crash_05163,2020-10-02 16:44:00,2020,10,Oct,Fri,16,Evening commute,30,NO CONTROLS,CLEAR,DAYLIGHT,ANGLE,FOUR WAY,DRY,INJURY AND / OR TOW DUE TO CRASH,true,,"OVER $1,500",UNABLE TO DETERMINE,2,NO INDICATION OF INJURY,0,0,41.876709998,-87.6519276804,60607,"CHICAGO MIDWAY AIRPORT, IL US",55.0,29.0,37.0,0.0,10.0,7.0
crash_05164,2019-09-30 16:04:00,2019,9,Sep,Mon,16,Evening commute,30,TRAFFIC SIGNAL,CLEAR,DAYLIGHT,ANGLE,FOUR WAY,DRY,NO INJURY / DRIVE AWAY,true,true,"OVER $1,500",DISREGARDING TRAFFIC SIGNALS,2,NO INDICATION OF INJURY,0,0,41.708162134,-87.6199123498,60628,"CHICAGO MIDWAY AIRPORT, IL US",86.0,69.0,57.0,0.0,10.0,14.0
crash_05165,2023-10-16 14:28:00,2023,10,Oct,Mon,14,Daytime,30,TRAFFIC SIGNAL,CLEAR,DAYLIGHT,SIDESWIPE SAME DIRECTION,ONE-WAY,DRY,INJURY AND / OR TOW DUE TO CRASH,,,"OVER $1,500",NOT APPLICABLE,2,NO INDICATION OF INJURY,0,0,41.8778301358,-87.6477360611,60607,"CHICAGO MIDWAY AIRPORT, IL US",53.0,45.0,74.0,0.0,10.0,15.0
crash_05166,2020-02-26 06:01:00,2020,2,Feb,Wed,6,Morning commute,15,NO CONTROLS,SNOW,UNKNOWN,FIXED OBJECT,ALLEY,SNOW OR SLUSH,INJURY AND / OR TOW DUE TO CRASH,,true,"OVER $1,500",UNABLE TO DETERMINE,1,NO INDICATION OF INJURY,0,0,41.7831312051,-87.6973091391,60629,"CHICAGO MIDWAY AIRPORT, IL US",31.0,28.0,89.0,0.0,2.0,10.0
crash_05167,2023-02-17 08:15:00,2023,2,Feb,Fri,8,Morning commute,30,TRAFFIC SIGNAL,CLEAR,DAYLIGHT,TURNING,DIVIDED - W/MEDIAN (NOT RAISED),ICE,INJURY AND / OR TOW DUE TO CRASH,true,,"OVER $1,500",UNABLE TO DETERMINE,2,NO INDICATION OF INJURY,0,0,41.8960993528,-87.6722985964,60622,"CHICAGO MIDWAY AIRPORT, IL US",20.0,10.0,65.0,0.0,10.0,16.0
crash_05168,2018-01-17 12:45:00,2018,1,Jan,Wed,12,Daytime,30,TRAFFIC SIGNAL,CLEAR,DAYLIGHT,SIDESWIPE SAME DIRECTION,DIVIDED - W/MEDIAN (NOT RAISED),DRY,NO INJURY / DRIVE AWAY,true,,"$501 - $1,500",IMPROPER OVERTAKING/PASSING,2,NO INDICATION OF INJURY,0,0,41.8671431598,-87.6392931741,60607,"CHICAGO MIDWAY AIRPORT, IL US",18.0,8.0,65.0,0.0,10.0,11.0
crash_05169,2025-04-17 11:47:00,2025,4,Apr,Thu,11,Daytime,30,TRAFFIC SIGNAL,CLEAR,DAYLIGHT,SIDESWIPE SAME DIRECTION,FOUR WAY,DRY,NO INJURY / DRIVE AWAY,,,"OVER $1,500",UNABLE TO DETERMINE,2,NO INDICATION OF INJURY,0,0,41.9170882015,-87.7364763715,60639,"CHICAGO MIDWAY AIRPORT, IL US",63.0,32.0,31.0,0.0,10.0,14.0
crash_05170,2023-10-03 16:41:00,2023,10,Oct,Tue,16,Evening commute,25,NO CONTROLS,CLEAR,DAYLIGHT,REAR END,NOT DIVIDED,DRY,NO INJURY / DRIVE AWAY,,,"OVER $1,500",UNABLE TO DETERMINE,2,NO INDICATION OF INJURY,0,0,41.9769762932,-87.7137223919,60625,"CHICAGO OHARE INTERNATIONAL AIRPORT, IL US",86.0,56.0,36.0,0.0,10.0,9.0
crash_05171,2024-06-22 03:50:00,2024,6,Jun,Sat,3,Night or early morning,15,NO CONTROLS,CLEAR,"DARKNESS, LIGHTED ROAD",PARKED MOTOR VEHICLE,PARKING LOT,DRY,INJURY AND / OR TOW DUE TO CRASH,,,"OVER $1,500",UNABLE TO DETERMINE,7,NO INDICATION OF INJURY,0,0,41.9912498487,-87.6895466228,60659,"CHICAGO OHARE INTERNATIONAL AIRPORT, IL US",71.0,65.0,81.0,0.0,10.0,8.0
crash_05172,2023-12-07 12:00:00,2023,12,Dec,Thu,12,Daytime,20,NO CONTROLS,CLEAR,DAYLIGHT,PARKED MOTOR VEHICLE,PARKING LOT,DRY,NO INJURY / DRIVE AWAY,,,"OVER $1,500",UNABLE TO DETERMINE,2,NO INDICATION OF INJURY,0,0,41.7367708377,-87.6039221824,60619,"CHICAGO MIDWAY AIRPORT, IL US",49.0,33.0,55.0,0.0,10.0,10.0
crash_05173,2018-12-27 15:00:00,2018,12,Dec,Thu,15,Evening commute,35,NO CONTROLS,RAIN,UNKNOWN,REAR END,NOT DIVIDED,WET,NO INJURY / DRIVE AWAY,,,"OVER $1,500",FAILING TO REDUCE SPEED TO AVOID CRASH,2,NO INDICATION OF INJURY,0,0,41.9572934343,-87.7246329256,60618,"CHICAGO OHARE INTERNATIONAL AIRPORT, IL US",48.0,45.0,89.0,0.0,10.0,17.0
crash_05174,2021-05-28 05:00:00,2021,5,May,Fri,5,Night or early morning,20,UNKNOWN,UNKNOWN,DARKNESS,OTHER OBJECT,ONE-WAY,UNKNOWN,NO INJURY / DRIVE AWAY,,true,$500 OR LESS,UNABLE TO DETERMINE,1,NO INDICATION OF INJURY,0,0,41.8618398259,-87.7031755962,60623,"CHICAGO MIDWAY AIRPORT, IL US",45.0,40.0,83.0,0.08,5.0,16.0
crash_05175,2018-08-01 16:25:00,2018,8,Aug,Wed,16,Evening commute,30,TRAFFIC SIGNAL,CLEAR,DAYLIGHT,SIDESWIPE SAME DIRECTION,DIVIDED - W/MEDIAN BARRIER,DRY,NO INJURY / DRIVE AWAY,,,"OVER $1,500",UNABLE TO DETERMINE,2,NO INDICATION OF INJURY,0,0,41.8693195024,-87.666609962,60612,"CHICAGO MIDWAY AIRPORT, IL US",77.0,61.0,58.0,0.0,10.0,7.0
crash_05176,2019-04-28 19:00:00,2019,4,Apr,Sun,19,Night or early morning,25,STOP SIGN/FLASHER,RAIN,"DARKNESS, LIGHTED ROAD",ANGLE,DIVIDED - W/MEDIAN (NOT RAISED),DRY,NO INJURY / DRIVE AWAY,,true,"OVER $1,500",DISREGARDING STOP SIGN,2,NO INDICATION OF INJURY,0,0,41.699364753,-87.6579028574,60643,"CHICAGO MIDWAY AIRPORT, IL US",47.0,23.0,39.0,0.0,10.0,9.0
crash_05177,2018-06-14 20:30:00,2018,6,Jun,Thu,20,Night or early morning,30,TRAFFIC SIGNAL,UNKNOWN,UNKNOWN,FIXED OBJECT,ONE-WAY,UNKNOWN,NO INJURY / DRIVE AWAY,,,$500 OR LESS,UNABLE TO DETERMINE,1,NO INDICATION OF INJURY,0,0,41.8858422539,-87.6254549955,60601,"CHICAGO MIDWAY AIRPORT, IL US",73.0,49.0,43.0,0.0,10.0,5.0
crash_05178,2022-03-09 14:45:00,2022,3,Mar,Wed,14,Daytime,20,NO CONTROLS,CLEAR,DAYLIGHT,PARKED MOTOR VEHICLE,NOT DIVIDED,DRY,NO INJURY / DRIVE AWAY,,,"$501 - $1,500",UNABLE TO DETERMINE,2,NO INDICATION OF INJURY,0,0,41.9315171999,-87.6421287745,60614,"CHICAGO MIDWAY AIRPORT, IL US",43.0,20.0,40.0,0.0,10.0,14.0
crash_05179,2025-10-07 10:00:00,2025,10,Oct,Tue,10,Daytime,15,NO CONTROLS,RAIN,DAYLIGHT,PARKED MOTOR VEHICLE,PARKING LOT,WET,NO INJURY / DRIVE AWAY,,,"OVER $1,500",NOT APPLICABLE,2,NO INDICATION OF INJURY,0,0,41.8307016873,-87.6233953459,60653,,,,,,,
crash_05180,2021-09-06 08:57:00,2021,9,Sep,Mon,8,Morning commute,30,TRAFFIC SIGNAL,CLEAR,DAYLIGHT,SIDESWIPE SAME DIRECTION,NOT DIVIDED,DRY,NO INJURY / DRIVE AWAY,,true,"$501 - $1,500",FOLLOWING TOO CLOSELY,2,NO INDICATION OF INJURY,0,0,41.7722939981,-87.6495130462,60621,"CHICAGO MIDWAY AIRPORT, IL US",71.0,55.0,57.0,0.0,10.0,0.0
crash_05181,2025-07-05 19:19:00,2025,7,Jul,Sat,19,Night or early morning,30,NO CONTROLS,CLEAR,DAYLIGHT,TURNING,NOT DIVIDED,DRY,NO INJURY / DRIVE AWAY,,,"OVER $1,500",FAILING TO YIELD RIGHT-OF-WAY,2,NO INDICATION OF INJURY,0,0,41.8520887772,-87.6900118864,60608,"CHICAGO MIDWAY AIRPORT, IL US",91.0,61.0,37.0,0.0,10.0,21.0
crash_05182,2019-10-14 19:28:00,2019,10,Oct,Mon,19,Night or early morning,30,OTHER,CLEAR,"DARKNESS, LIGHTED ROAD",PARKED MOTOR VEHICLE,NOT DIVIDED,DRY,INJURY AND / OR TOW DUE TO CRASH,,,"OVER $1,500",IMPROPER LANE USAGE,2,NO INDICATION OF INJURY,0,0,41.6779860017,-87.6362008551,60628,"CHICAGO MIDWAY AIRPORT, IL US",51.0,33.0,50.0,0.0,10.0,3.0
crash_05183,2020-02-11 17:45:00,2020,2,Feb,Tue,17,Evening commute,30,TRAFFIC SIGNAL,CLEAR,DAYLIGHT,REAR END,ONE-WAY,DRY,NO INJURY / DRIVE AWAY,,,"$501 - $1,500",FOLLOWING TOO CLOSELY,2,NO INDICATION OF INJURY,0,0,41.7526115902,-87.6090542801,60619,"CHICAGO MIDWAY AIRPORT, IL US",31.0,18.0,59.0,0.0,10.0,13.0
crash_05184,2020-01-24 08:03:00,2020,1,Jan,Fri,8,Morning commute,30,NO CONTROLS,RAIN,DAYLIGHT,TURNING,DIVIDED - W/MEDIAN (NOT RAISED),WET,INJURY AND / OR TOW DUE TO CRASH,,,"OVER $1,500",UNABLE TO DETERMINE,2,"REPORTED, NOT EVIDENT",1,0,41.7705686754,-87.5912540099,60637,"CHICAGO MIDWAY AIRPORT, IL US",36.0,35.0,97.0,0.0,1.5,7.0
crash_05185,2022-03-23 09:00:00,2022,3,Mar,Wed,9,Morning commute,30,NO CONTROLS,CLOUDY/OVERCAST,DAYLIGHT,REAR END,ONE-WAY,WET,NO INJURY / DRIVE AWAY,,true,"OVER $1,500",FOLLOWING TOO CLOSELY,2,NO INDICATION OF INJURY,0,0,41.7554039147,-87.6264472238,60620,"CHICAGO MIDWAY AIRPORT, IL US",54.0,51.0,90.0,0.0,7.0,8.0
crash_05186,2020-08-12 19:40:00,2020,8,Aug,Wed,19,Night or early morning,35,TRAFFIC SIGNAL,CLEAR,DUSK,REAR END,DIVIDED - W/MEDIAN (NOT RAISED),DRY,NO INJURY / DRIVE AWAY,true,,$500 OR LESS,UNABLE TO DETERMINE,2,NO INDICATION OF INJURY,0,0,41.6773626371,-87.680599498,60643,"CHICAGO MIDWAY AIRPORT, IL US",78.0,61.0,56.0,0.0,10.0,8.0
crash_05187,2022-08-23 08:30:00,2022,8,Aug,Tue,8,Morning commute,35,TRAFFIC SIGNAL,CLEAR,DAYLIGHT,REAR END,NOT DIVIDED,DRY,NO INJURY / DRIVE AWAY,,,"$501 - $1,500",UNABLE TO DETERMINE,2,NO INDICATION OF INJURY,0,0,41.8167293867,-87.7435367125,60638,"CHICAGO MIDWAY AIRPORT, IL US",75.0,60.0,60.0,,10.0,8.0
crash_05188,2022-09-29 23:20:00,2022,9,Sep,Thu,23,Night or early morning,30,NO CONTROLS,CLEAR,"DARKNESS, LIGHTED ROAD",SIDESWIPE SAME DIRECTION,NOT DIVIDED,DRY,NO INJURY / DRIVE AWAY,,,"OVER $1,500",FAILING TO YIELD RIGHT-OF-WAY,2,NO INDICATION OF INJURY,0,0,41.770178244,-87.7226914051,60629,"CHICAGO MIDWAY AIRPORT, IL US",59.0,49.0,69.0,0.0,10.0,6.0
crash_05189,2021-02-04 22:45:00,2021,2,Feb,Thu,22,Night or early morning,30,NO CONTROLS,SNOW,"DARKNESS, LIGHTED ROAD",PARKED MOTOR VEHICLE,ONE-WAY,ICE,NO INJURY / DRIVE AWAY,,true,"$501 - $1,500",UNABLE TO DETERMINE,2,NO INDICATION OF INJURY,0,0,42.0089235851,-87.6710374477,60626,"CHICAGO OHARE INTERNATIONAL AIRPORT, IL US",21.0,16.0,80.0,,3.0,23.0
crash_05190,2020-03-13 16:20:00,2020,3,Mar,Fri,16,Evening commute,30,NO CONTROLS,CLEAR,DAYLIGHT,SIDESWIPE SAME DIRECTION,NOT DIVIDED,DRY,NO INJURY / DRIVE AWAY,true,,"$501 - $1,500",UNABLE TO DETERMINE,2,NO INDICATION OF INJURY,0,0,41.9109487626,-87.6531595513,60614,"CHICAGO MIDWAY AIRPORT, IL US",48.0,16.0,28.0,0.0,10.0,18.0
crash_05191,2018-05-23 11:50:00,2018,5,May,Wed,11,Daytime,30,TRAFFIC SIGNAL,CLEAR,DAYLIGHT,REAR END,DIVIDED - W/MEDIAN (NOT RAISED),DRY,NO INJURY / DRIVE AWAY,true,,$500 OR LESS,FOLLOWING TOO CLOSELY,2,NO INDICATION OF INJURY,0,0,41.880887109,-87.6862763965,60612,"CHICAGO MIDWAY AIRPORT, IL US",73.0,57.0,57.0,0.0,10.0,3.0
crash_05192,2024-06-01 16:00:00,2024,6,Jun,Sat,16,Evening commute,30,TRAFFIC SIGNAL,RAIN,DAYLIGHT,REAR END,DIVIDED - W/MEDIAN (NOT RAISED),WET,NO INJURY / DRIVE AWAY,,,"OVER $1,500",FOLLOWING TOO CLOSELY,2,NO INDICATION OF INJURY,0,0,41.9085809036,-87.6873230028,60622,"CHICAGO MIDWAY AIRPORT, IL US",66.0,64.0,93.0,0.06,4.0,7.0
crash_05193,2022-09-03 02:20:00,2022,9,Sep,Sat,2,Night or early morning,30,NO CONTROLS,CLEAR,"DARKNESS, LIGHTED ROAD",OTHER OBJECT,DIVIDED - W/MEDIAN BARRIER,DRY,NO INJURY / DRIVE AWAY,,,"OVER $1,500","EVASIVE ACTION DUE TO ANIMAL, OBJECT, NONMOTORIST",1,NO INDICATION OF INJURY,0,0,41.7948015023,-87.6225518933,60615,"CHICAGO MIDWAY AIRPORT, IL US",74.0,64.0,71.0,,10.0,7.0
crash_05194,2025-08-15 12:00:00,2025,8,Aug,Fri,12,Daytime,30,NO CONTROLS,CLEAR,DAYLIGHT,PEDALCYCLIST,ONE-WAY,DRY,INJURY AND / OR TOW DUE TO CRASH,,true,$500 OR LESS,UNABLE TO DETERMINE,2,NONINCAPACITATING INJURY,1,0,41.7655520866,-87.6186225349,60619,"CHICAGO MIDWAY AIRPORT, IL US",87.0,67.0,51.0,0.0,10.0,7.0
crash_05195,2025-07-13 22:30:00,2025,7,Jul,Sun,22,Night or early morning,30,UNKNOWN,UNKNOWN,UNKNOWN,PARKED MOTOR VEHICLE,DIVIDED - W/MEDIAN (NOT RAISED),UNKNOWN,NO INJURY / DRIVE AWAY,,true,"$501 - $1,500",UNABLE TO DETERMINE,2,NO INDICATION OF INJURY,0,0,41.9420431002,-87.7860651817,60634,"CHICAGO OHARE INTERNATIONAL AIRPORT, IL US",72.0,60.0,66.0,0.0,10.0,0.0
crash_05196,2022-11-03 14:30:00,2022,11,Nov,Thu,14,Daytime,20,NO CONTROLS,CLEAR,DAYLIGHT,PARKED MOTOR VEHICLE,ONE-WAY,DRY,NO INJURY / DRIVE AWAY,,true,"OVER $1,500",UNABLE TO DETERMINE,2,NO INDICATION OF INJURY,0,0,41.8717746076,-87.7602775488,60644,"CHICAGO MIDWAY AIRPORT, IL US",75.0,48.0,39.0,0.0,10.0,20.0
crash_05197,2023-06-27 15:20:00,2023,6,Jun,Tue,15,Evening commute,35,OTHER,UNKNOWN,UNKNOWN,SIDESWIPE SAME DIRECTION,NOT DIVIDED,UNKNOWN,NO INJURY / DRIVE AWAY,,,$500 OR LESS,IMPROPER OVERTAKING/PASSING,2,NO INDICATION OF INJURY,0,0,41.8870687792,-87.6340079583,60606,"CHICAGO MIDWAY AIRPORT, IL US",75.0,54.0,48.0,,1.5,9.0
crash_05198,2022-11-14 08:00:00,2022,11,Nov,Mon,8,Morning commute,15,NO CONTROLS,CLEAR,DAYLIGHT,FIXED OBJECT,ALLEY,DRY,NO INJURY / DRIVE AWAY,,,"OVER $1,500",NOT APPLICABLE,1,NO INDICATION OF INJURY,0,0,41.9526414641,-87.8029936419,60634,"CHICAGO OHARE INTERNATIONAL AIRPORT, IL US",31.0,19.0,61.0,0.0,10.0,0.0
crash_05199,2019-06-03 17:30:00,2019,6,Jun,Mon,17,Evening commute,25,NO CONTROLS,UNKNOWN,UNKNOWN,PARKED MOTOR VEHICLE,NOT DIVIDED,UNKNOWN,NO INJURY / DRIVE AWAY,,true,$500 OR LESS,UNABLE TO DETERMINE,2,NO INDICATION OF INJURY,0,0,41.7935311686,-87.5837487006,60637,"CHICAGO MIDWAY AIRPORT, IL US",61.0,39.0,44.0,0.0,10.0,9.0
crash_05200,2021-08-08 11:30:00,2021,8,Aug,Sun,11,Daytime,30,STOP SIGN/FLASHER,CLEAR,DAYLIGHT,ANGLE,FOUR WAY,DRY,NO INJURY / DRIVE AWAY,true,true,$500 OR LESS,DISREGARDING STOP SIGN,2,NO INDICATION OF INJURY,0,0,41.7625267347,-87.566594977,60649,"CHICAGO MIDWAY AIRPORT, IL US",88.0,68.0,52.0,0.0,10.0,14.0