crash_id,crash_datetime,crash_year,crash_month,crash_month_name,crash_weekday_name,crash_hour,time_period,posted_speed_limit_mph,traffic_control_device,reported_weather_condition,reported_lighting_condition,first_crash_type,trafficway_type,reported_road_surface_condition,crash_type,intersection_related,hit_and_run,estimated_damage,primary_contributory_cause,unit_count,most_severe_injury,injuries_total,injuries_fatal,latitude,longitude,zip5,weather_station_name,temperature_f,dew_point_f,relative_humidity_percent,precipitation_inches,visibility_miles,wind_speed_mph
crash_05201,2019-01-20 23:18:00,2019,1,Jan,Sun,23,Night or early morning,15,NO CONTROLS,CLEAR,"DARKNESS, LIGHTED ROAD",PARKED MOTOR VEHICLE,NOT DIVIDED,SNOW OR SLUSH,NO INJURY / DRIVE AWAY,,,"$501 - $1,500",UNABLE TO DETERMINE,2,NO INDICATION OF INJURY,0,0,41.9149658507,-87.7575644389,60639,"CHICAGO MIDWAY AIRPORT, IL US",7.0,-3.0,63.0,0.0,10.0,9.0
crash_05202,2022-09-29 08:15:00,2022,9,Sep,Thu,8,Morning commute,30,NO CONTROLS,CLEAR,DAYLIGHT,PARKED MOTOR VEHICLE,DIVIDED - W/MEDIAN (NOT RAISED),DRY,NO INJURY / DRIVE AWAY,,true,"OVER $1,500",UNABLE TO DETERMINE,2,NO INDICATION OF INJURY,0,0,41.8231088218,-87.6838342636,60609,"CHICAGO MIDWAY AIRPORT, IL US",52.0,42.0,69.0,0.0,10.0,0.0
crash_05203,2018-01-10 16:51:00,2018,1,Jan,Wed,16,Evening commute,30,NO CONTROLS,CLOUDY/OVERCAST,"DARKNESS, LIGHTED ROAD",SIDESWIPE SAME DIRECTION,DIVIDED - W/MEDIAN BARRIER,WET,NO INJURY / DRIVE AWAY,,,$500 OR LESS,FAILING TO YIELD RIGHT-OF-WAY,2,NO INDICATION OF INJURY,0,0,41.893793147,-87.6243756627,60611,"CHICAGO MIDWAY AIRPORT, IL US",50.0,49.0,96.0,0.0,6.0,21.0
crash_05204,2022-03-26 08:00:00,2022,3,Mar,Sat,8,Morning commute,15,NO CONTROLS,CLEAR,DAYLIGHT,ANGLE,ALLEY,DRY,NO INJURY / DRIVE AWAY,,,"OVER $1,500",FAILING TO YIELD RIGHT-OF-WAY,2,NO INDICATION OF INJURY,0,0,41.9495074162,-87.7778263787,60634,"CHICAGO OHARE INTERNATIONAL AIRPORT, IL US",32.0,20.0,61.0,0.0,9.0,15.0
crash_05205,2025-05-24 06:15:00,2025,5,May,Sat,6,Morning commute,30,NO CONTROLS,CLEAR,DAYLIGHT,TURNING,NOT DIVIDED,DRY,INJURY AND / OR TOW DUE TO CRASH,,true,"OVER $1,500",FAILING TO YIELD RIGHT-OF-WAY,2,NO INDICATION OF INJURY,0,0,41.9287086995,-87.7660040091,60639,"CHICAGO OHARE INTERNATIONAL AIRPORT, IL US",45.0,41.0,86.0,0.0,10.0,3.0
crash_05206,2018-01-05 14:00:00,2018,1,Jan,Fri,14,Daytime,30,TRAFFIC SIGNAL,CLEAR,DAYLIGHT,REAR END,NOT DIVIDED,UNKNOWN,NO INJURY / DRIVE AWAY,,,"OVER $1,500",FOLLOWING TOO CLOSELY,2,NO INDICATION OF INJURY,0,0,41.764292465,-87.7417526072,60629,"CHICAGO MIDWAY AIRPORT, IL US",11.0,-5.0,48.0,0.0,10.0,13.0
crash_05207,2024-12-18 08:59:00,2024,12,Dec,Wed,8,Morning commute,30,TRAFFIC SIGNAL,CLEAR,DAYLIGHT,REAR END,NOT DIVIDED,DRY,NO INJURY / DRIVE AWAY,false,,"OVER $1,500",UNABLE TO DETERMINE,2,NO INDICATION OF INJURY,0,0,41.8805608804,-87.7454268433,60644,"CHICAGO MIDWAY AIRPORT, IL US",34.0,26.0,73.0,,10.0,9.0
crash_05208,2021-05-31 09:33:00,2021,5,May,Mon,9,Morning commute,30,STOP SIGN/FLASHER,CLEAR,DAYLIGHT,REAR END,FOUR WAY,DRY,INJURY AND / OR TOW DUE TO CRASH,,true,"OVER $1,500",NOT APPLICABLE,2,NONINCAPACITATING INJURY,3,0,41.8461263601,-87.714985056,60623,"CHICAGO MIDWAY AIRPORT, IL US",65.0,45.0,49.0,0.0,10.0,7.0
crash_05209,2021-05-30 10:00:00,2021,5,May,Sun,10,Daytime,10,NO CONTROLS,CLEAR,DAYLIGHT,REAR TO SIDE,PARKING LOT,DRY,NO INJURY / DRIVE AWAY,,,"OVER $1,500",UNABLE TO DETERMINE,2,NO INDICATION OF INJURY,0,0,42.0056145366,-87.7091715264,60645,"CHICAGO OHARE INTERNATIONAL AIRPORT, IL US",61.0,34.0,36.0,0.0,10.0,0.0
crash_05210,2022-06-26 19:00:00,2022,6,Jun,Sun,19,Night or early morning,30,NO CONTROLS,CLEAR,"DARKNESS, LIGHTED ROAD",SIDESWIPE SAME DIRECTION,NOT DIVIDED,DRY,NO INJURY / DRIVE AWAY,,,"OVER $1,500",FOLLOWING TOO CLOSELY,2,NO INDICATION OF INJURY,0,0,41.9382250068,-87.7848012844,60634,"CHICAGO OHARE INTERNATIONAL AIRPORT, IL US",77.0,50.0,39.0,0.0,10.0,15.0
crash_05211,2023-07-15 11:55:00,2023,7,Jul,Sat,11,Daytime,30,STOP SIGN/FLASHER,CLEAR,DAYLIGHT,REAR END,NOT DIVIDED,UNKNOWN,INJURY AND / OR TOW DUE TO CRASH,true,,"OVER $1,500",UNABLE TO DETERMINE,2,NONINCAPACITATING INJURY,1,0,41.9341815043,-87.7566695756,60641,"CHICAGO OHARE INTERNATIONAL AIRPORT, IL US",82.0,68.0,63.0,0.0,10.0,11.0
crash_05212,2022-01-12 07:40:00,2022,1,Jan,Wed,7,Morning commute,30,NO CONTROLS,CLEAR,DAYLIGHT,REAR END,NOT DIVIDED,WET,NO INJURY / DRIVE AWAY,,,"OVER $1,500",FOLLOWING TOO CLOSELY,3,NO INDICATION OF INJURY,0,0,41.7789132218,-87.6997108288,60629,"CHICAGO MIDWAY AIRPORT, IL US",35.0,26.0,70.0,0.0,10.0,9.0
crash_05213,2022-10-27 07:00:00,2022,10,Oct,Thu,7,Morning commute,30,NO CONTROLS,CLEAR,DAYLIGHT,SIDESWIPE SAME DIRECTION,NOT DIVIDED,DRY,NO INJURY / DRIVE AWAY,,,"$501 - $1,500",IMPROPER OVERTAKING/PASSING,2,NO INDICATION OF INJURY,0,0,41.9321390454,-87.7758499145,60634,"CHICAGO OHARE INTERNATIONAL AIRPORT, IL US",40.0,35.0,83.0,0.0,10.0,0.0
crash_05214,2019-07-01 12:35:00,2019,7,Jul,Mon,12,Daytime,25,NO CONTROLS,CLEAR,DAYLIGHT,PARKED MOTOR VEHICLE,NOT DIVIDED,DRY,INJURY AND / OR TOW DUE TO CRASH,,,"OVER $1,500",UNABLE TO DETERMINE,2,NO INDICATION OF INJURY,0,0,41.7401803969,-87.6038538605,60619,"CHICAGO MIDWAY AIRPORT, IL US",87.0,68.0,53.0,0.0,10.0,8.0
crash_05215,2024-04-18 11:18:00,2024,4,Apr,Thu,11,Daytime,25,NO CONTROLS,CLEAR,DAYLIGHT,PEDALCYCLIST,ALLEY,DRY,INJURY AND / OR TOW DUE TO CRASH,,,"OVER $1,500",NOT APPLICABLE,2,NONINCAPACITATING INJURY,1,0,42.0193698261,-87.6841272381,60645,"CHICAGO OHARE INTERNATIONAL AIRPORT, IL US",56.0,41.0,57.0,0.0,10.0,6.0
crash_05216,2019-08-20 12:10:00,2019,8,Aug,Tue,12,Daytime,30,TRAFFIC SIGNAL,RAIN,DAYLIGHT,HEAD ON,FOUR WAY,WET,NO INJURY / DRIVE AWAY,,,"OVER $1,500",UNABLE TO DETERMINE,2,NO INDICATION OF INJURY,0,0,41.9680480073,-87.7478759847,60630,"CHICAGO OHARE INTERNATIONAL AIRPORT, IL US",71.0,68.0,90.0,0.13,5.0,0.0
crash_05217,2022-09-20 16:00:00,2022,9,Sep,Tue,16,Evening commute,30,NO CONTROLS,CLEAR,DAYLIGHT,REAR END,NOT DIVIDED,DRY,NO INJURY / DRIVE AWAY,,,$500 OR LESS,FAILING TO REDUCE SPEED TO AVOID CRASH,2,NO INDICATION OF INJURY,0,0,41.7932878899,-87.5881110506,60637,"CHICAGO MIDWAY AIRPORT, IL US",90.0,69.0,50.0,0.0,10.0,6.0
crash_05218,2023-09-02 18:00:00,2023,9,Sep,Sat,18,Evening commute,30,TRAFFIC SIGNAL,CLEAR,DAYLIGHT,REAR END,NOT DIVIDED,UNKNOWN,NO INJURY / DRIVE AWAY,,,$500 OR LESS,UNABLE TO DETERMINE,2,NO INDICATION OF INJURY,0,0,41.9544720267,-87.6439801435,60613,"CHICAGO MIDWAY AIRPORT, IL US",86.0,56.0,36.0,0.0,10.0,13.0
crash_05219,2024-04-25 16:00:00,2024,4,Apr,Thu,16,Evening commute,30,NO CONTROLS,CLEAR,DAYLIGHT,REAR END,NOT DIVIDED,DRY,INJURY AND / OR TOW DUE TO CRASH,,,"OVER $1,500",UNABLE TO DETERMINE,2,NONINCAPACITATING INJURY,1,0,41.8372791414,-87.696593141,60623,"CHICAGO MIDWAY AIRPORT, IL US",56.0,34.0,44.0,0.0,10.0,10.0
crash_05220,2021-11-05 11:00:00,2021,11,Nov,Fri,11,Daytime,30,TRAFFIC SIGNAL,CLEAR,DAYLIGHT,TURNING,DIVIDED - W/MEDIAN (NOT RAISED),DRY,NO INJURY / DRIVE AWAY,,,"$501 - $1,500",IMPROPER TURNING/NO SIGNAL,2,NO INDICATION OF INJURY,0,0,41.8843814348,-87.6278265998,60602,"CHICAGO MIDWAY AIRPORT, IL US",47.0,27.0,46.0,0.0,10.0,10.0
crash_05221,2019-11-22 02:58:00,2019,11,Nov,Fri,2,Night or early morning,20,STOP SIGN/FLASHER,CLEAR,"DARKNESS, LIGHTED ROAD",ANGLE,FOUR WAY,DRY,INJURY AND / OR TOW DUE TO CRASH,true,,"OVER $1,500",DISREGARDING STOP SIGN,2,NO INDICATION OF INJURY,0,0,41.6989606416,-87.5271373944,60617,"CHICAGO MIDWAY AIRPORT, IL US",36.0,27.0,70.0,0.0,10.0,11.0
crash_05222,2021-02-15 14:30:00,2021,2,Feb,Mon,14,Daytime,30,NO CONTROLS,SNOW,DAYLIGHT,PARKED MOTOR VEHICLE,NOT DIVIDED,SNOW OR SLUSH,NO INJURY / DRIVE AWAY,,,"$501 - $1,500",WEATHER,2,NO INDICATION OF INJURY,0,0,41.85085335,-87.6329941366,60616,"CHICAGO MIDWAY AIRPORT, IL US",18.0,8.0,65.0,0.0,2.5,17.0
crash_05223,2023-07-22 15:00:00,2023,7,Jul,Sat,15,Evening commute,30,NO CONTROLS,CLEAR,DAYLIGHT,PARKED MOTOR VEHICLE,NOT DIVIDED,DRY,NO INJURY / DRIVE AWAY,,,"OVER $1,500",UNABLE TO DETERMINE,2,NO INDICATION OF INJURY,0,0,41.8878588104,-87.6533114956,60607,"CHICAGO MIDWAY AIRPORT, IL US",84.0,54.0,36.0,0.0,10.0,7.0
crash_05224,2020-05-15 01:20:00,2020,5,May,Fri,1,Night or early morning,35,NO CONTROLS,RAIN,"DARKNESS, LIGHTED ROAD",PARKED MOTOR VEHICLE,NOT DIVIDED,WET,INJURY AND / OR TOW DUE TO CRASH,,,"OVER $1,500",UNABLE TO DETERMINE,4,NO INDICATION OF INJURY,0,0,41.8161709842,-87.6398999162,60609,"CHICAGO MIDWAY AIRPORT, IL US",64.0,61.0,90.0,0.11,6.0,11.0
crash_05225,2023-05-10 20:15:00,2023,5,May,Wed,20,Night or early morning,30,NO CONTROLS,CLEAR,"DARKNESS, LIGHTED ROAD",SIDESWIPE SAME DIRECTION,NOT DIVIDED,DRY,NO INJURY / DRIVE AWAY,,,"$501 - $1,500",IMPROPER OVERTAKING/PASSING,2,NO INDICATION OF INJURY,0,0,41.9108375097,-87.6608337836,60642,"CHICAGO MIDWAY AIRPORT, IL US",66.0,42.0,42.0,0.0,10.0,7.0
crash_05226,2022-04-07 10:10:00,2022,4,Apr,Thu,10,Daytime,30,TRAFFIC SIGNAL,CLOUDY/OVERCAST,DAYLIGHT,REAR END,DIVIDED - W/MEDIAN (NOT RAISED),DRY,NO INJURY / DRIVE AWAY,true,,"$501 - $1,500",FOLLOWING TOO CLOSELY,2,NO INDICATION OF INJURY,0,0,41.90493125,-87.6872250946,60622,"CHICAGO MIDWAY AIRPORT, IL US",44.0,30.0,58.0,0.0,10.0,21.0
crash_05227,2018-01-10 19:00:00,2018,1,Jan,Wed,19,Night or early morning,30,NO CONTROLS,CLEAR,"DARKNESS, LIGHTED ROAD",ANGLE,DIVIDED - W/MEDIAN (NOT RAISED),WET,INJURY AND / OR TOW DUE TO CRASH,,,"OVER $1,500",EXCEEDING AUTHORIZED SPEED LIMIT,4,NO INDICATION OF INJURY,0,0,41.9070627633,-87.7070694526,60651,"CHICAGO MIDWAY AIRPORT, IL US",53.0,51.0,93.0,0.0,10.0,24.0
crash_05228,2025-07-03 19:21:00,2025,7,Jul,Thu,19,Night or early morning,30,NO CONTROLS,CLEAR,DAYLIGHT,TURNING,NOT DIVIDED,DRY,INJURY AND / OR TOW DUE TO CRASH,true,,"OVER $1,500",IMPROPER TURNING/NO SIGNAL,2,NONINCAPACITATING INJURY,1,0,41.7212772595,-87.6492292492,60643,"CHICAGO MIDWAY AIRPORT, IL US",87.0,62.0,43.0,0.0,10.0,9.0
crash_05229,2020-03-28 15:50:00,2020,3,Mar,Sat,15,Evening commute,30,NO CONTROLS,RAIN,DAYLIGHT,SIDESWIPE SAME DIRECTION,DIVIDED - W/MEDIAN (NOT RAISED),WET,NO INJURY / DRIVE AWAY,,,"OVER $1,500",DRIVING SKILLS/KNOWLEDGE/EXPERIENCE,2,NO INDICATION OF INJURY,0,0,41.9785162867,-87.6600750572,60640,"CHICAGO OHARE INTERNATIONAL AIRPORT, IL US",61.0,55.0,83.0,,10.0,6.0
crash_05230,2025-04-07 18:45:00,2025,4,Apr,Mon,18,Evening commute,30,STOP SIGN/FLASHER,CLEAR,DUSK,ANGLE,FOUR WAY,DRY,INJURY AND / OR TOW DUE TO CRASH,true,,"OVER $1,500",FAILING TO YIELD RIGHT-OF-WAY,2,NO INDICATION OF INJURY,0,0,41.8818923085,-87.7478984167,60644,"CHICAGO MIDWAY AIRPORT, IL US",35.0,21.0,57.0,0.0,10.0,16.0
crash_05231,2025-03-14 23:00:00,2025,3,Mar,Fri,23,Night or early morning,30,NO CONTROLS,CLEAR,"DARKNESS, LIGHTED ROAD",PARKED MOTOR VEHICLE,NOT DIVIDED,DRY,NO INJURY / DRIVE AWAY,,,"$501 - $1,500",DRIVING SKILLS/KNOWLEDGE/EXPERIENCE,2,NO INDICATION OF INJURY,0,0,41.9090009221,-87.6754213932,60622,"CHICAGO MIDWAY AIRPORT, IL US",73.0,48.0,41.0,0.0,10.0,18.0
crash_05232,2024-05-06 11:05:00,2024,5,May,Mon,11,Daytime,25,NO CONTROLS,CLEAR,DAYLIGHT,SIDESWIPE SAME DIRECTION,NOT DIVIDED,DRY,NO INJURY / DRIVE AWAY,,,"OVER $1,500",UNABLE TO DETERMINE,2,NO INDICATION OF INJURY,0,0,41.8997618717,-87.6709167783,60622,"CHICAGO MIDWAY AIRPORT, IL US",64.0,51.0,63.0,0.0,10.0,8.0
crash_05233,2023-10-20 18:32:00,2023,10,Oct,Fri,18,Evening commute,30,TRAFFIC SIGNAL,CLEAR,"DARKNESS, LIGHTED ROAD",ANGLE,FOUR WAY,DRY,INJURY AND / OR TOW DUE TO CRASH,true,,"OVER $1,500",DISREGARDING TRAFFIC SIGNALS,2,"REPORTED, NOT EVIDENT",1,0,41.8575477459,-87.6439260927,60616,"CHICAGO MIDWAY AIRPORT, IL US",54.0,42.0,64.0,0.0,10.0,0.0
crash_05234,2024-06-04 07:00:00,2024,6,Jun,Tue,7,Morning commute,30,STOP SIGN/FLASHER,CLEAR,DAYLIGHT,PEDESTRIAN,DIVIDED - W/MEDIAN (NOT RAISED),DRY,INJURY AND / OR TOW DUE TO CRASH,,true,"OVER $1,500",UNABLE TO DETERMINE,2,"REPORTED, NOT EVIDENT",1,0,41.9375820381,-87.7101534526,60618,"CHICAGO MIDWAY AIRPORT, IL US",74.0,60.0,62.0,0.0,10.0,6.0
crash_05235,2023-12-15 12:51:00,2023,12,Dec,Fri,12,Daytime,30,TRAFFIC SIGNAL,CLEAR,DAYLIGHT,SIDESWIPE SAME DIRECTION,FOUR WAY,DRY,NO INJURY / DRIVE AWAY,,true,"OVER $1,500",UNABLE TO DETERMINE,2,NO INDICATION OF INJURY,0,0,41.7213172357,-87.6819311083,60620,"CHICAGO MIDWAY AIRPORT, IL US",52.0,26.0,37.0,0.0,10.0,8.0
crash_05236,2024-02-08 16:15:00,2024,2,Feb,Thu,16,Evening commute,30,TRAFFIC SIGNAL,CLEAR,DUSK,FIXED OBJECT,DIVIDED - W/MEDIAN BARRIER,DRY,INJURY AND / OR TOW DUE TO CRASH,true,,"OVER $1,500",IMPROPER TURNING/NO SIGNAL,1,NO INDICATION OF INJURY,0,0,41.7805210247,-87.6058694992,60637,"CHICAGO MIDWAY AIRPORT, IL US",58.0,46.0,65.0,0.0,10.0,24.0
crash_05237,2021-07-04 09:30:00,2021,7,Jul,Sun,9,Morning commute,30,NO CONTROLS,CLEAR,DAYLIGHT,PARKED MOTOR VEHICLE,PARKING LOT,DRY,NO INJURY / DRIVE AWAY,,,"OVER $1,500",UNABLE TO DETERMINE,2,NO INDICATION OF INJURY,0,0,41.9759110646,-87.7877227201,60630,"CHICAGO OHARE INTERNATIONAL AIRPORT, IL US",80.0,66.0,62.0,0.0,10.0,9.0
crash_05238,2022-03-16 20:35:00,2022,3,Mar,Wed,20,Night or early morning,30,STOP SIGN/FLASHER,CLEAR,"DARKNESS, LIGHTED ROAD",PARKED MOTOR VEHICLE,NOT DIVIDED,DRY,INJURY AND / OR TOW DUE TO CRASH,,,"OVER $1,500",DRIVING SKILLS/KNOWLEDGE/EXPERIENCE,2,NO INDICATION OF INJURY,0,0,41.8955501957,-87.6951968312,60612,"CHICAGO MIDWAY AIRPORT, IL US",62.0,43.0,50.0,0.0,10.0,7.0
crash_05239,2022-04-10 02:01:00,2022,4,Apr,Sun,2,Night or early morning,30,NO CONTROLS,CLEAR,DAYLIGHT,REAR END,DIVIDED - W/MEDIAN BARRIER,DRY,INJURY AND / OR TOW DUE TO CRASH,,,"OVER $1,500",FOLLOWING TOO CLOSELY,2,NO INDICATION OF INJURY,0,0,41.8229996423,-87.7239038424,60632,"CHICAGO MIDWAY AIRPORT, IL US",38.0,28.0,68.0,0.0,10.0,0.0
crash_05240,2025-02-10 15:00:00,2025,2,Feb,Mon,15,Evening commute,30,TRAFFIC SIGNAL,CLEAR,DAYLIGHT,PEDESTRIAN,FOUR WAY,UNKNOWN,INJURY AND / OR TOW DUE TO CRASH,true,false,$500 OR LESS,UNABLE TO DETERMINE,2,NONINCAPACITATING INJURY,1,0,41.9983135376,-87.6591330838,60626,"CHICAGO OHARE INTERNATIONAL AIRPORT, IL US",35.0,4.0,27.0,0.0,10.0,3.0
crash_05241,2020-07-30 00:18:00,2020,7,Jul,Thu,0,Night or early morning,30,TRAFFIC SIGNAL,CLEAR,"DARKNESS, LIGHTED ROAD",SIDESWIPE SAME DIRECTION,NOT DIVIDED,DRY,NO INJURY / DRIVE AWAY,,,"$501 - $1,500",IMPROPER OVERTAKING/PASSING,2,NO INDICATION OF INJURY,0,0,41.84440733,-87.7050998494,60623,"CHICAGO MIDWAY AIRPORT, IL US",78.0,60.0,54.0,0.0,10.0,8.0
crash_05242,2020-12-02 18:18:00,2020,12,Dec,Wed,18,Evening commute,15,NO CONTROLS,UNKNOWN,DARKNESS,ANGLE,ALLEY,DRY,INJURY AND / OR TOW DUE TO CRASH,,,"OVER $1,500",FAILING TO REDUCE SPEED TO AVOID CRASH,2,"REPORTED, NOT EVIDENT",3,0,41.9087473698,-87.7299174616,60651,"CHICAGO MIDWAY AIRPORT, IL US",39.0,20.0,46.0,0.0,10.0,9.0
crash_05243,2018-04-14 20:35:00,2018,4,Apr,Sat,20,Night or early morning,20,NO CONTROLS,RAIN,"DARKNESS, LIGHTED ROAD",PARKED MOTOR VEHICLE,OTHER,WET,NO INJURY / DRIVE AWAY,,,"$501 - $1,500",NOT APPLICABLE,3,NO INDICATION OF INJURY,0,0,41.7175062943,-87.5522415562,60617,"CHICAGO MIDWAY AIRPORT, IL US",37.0,35.0,93.0,0.0,7.0,23.0
crash_05244,2022-10-28 16:07:00,2022,10,Oct,Fri,16,Evening commute,30,NO CONTROLS,CLEAR,DAYLIGHT,REAR END,DIVIDED - W/MEDIAN (NOT RAISED),DRY,NO INJURY / DRIVE AWAY,,,$500 OR LESS,DISTRACTION - FROM OUTSIDE VEHICLE,3,NO INDICATION OF INJURY,0,0,41.7433834487,-87.7114617832,60652,"CHICAGO MIDWAY AIRPORT, IL US",59.0,36.0,42.0,0.0,10.0,7.0
crash_05245,2025-04-24 17:30:00,2025,4,Apr,Thu,17,Evening commute,30,NO CONTROLS,CLEAR,DAYLIGHT,SIDESWIPE SAME DIRECTION,NOT DIVIDED,DRY,NO INJURY / DRIVE AWAY,,,"OVER $1,500",IMPROPER LANE USAGE,2,NO INDICATION OF INJURY,0,0,41.7361307992,-87.6472323886,60620,"CHICAGO MIDWAY AIRPORT, IL US",62.0,45.0,54.0,0.0,10.0,13.0
crash_05246,2025-07-25 13:45:00,2025,7,Jul,Fri,13,Daytime,30,NO CONTROLS,CLEAR,DAYLIGHT,SIDESWIPE SAME DIRECTION,NOT DIVIDED,DRY,NO INJURY / DRIVE AWAY,,,"OVER $1,500",IMPROPER OVERTAKING/PASSING,2,NO INDICATION OF INJURY,0,0,41.9473554594,-87.6542733491,60613,"CHICAGO MIDWAY AIRPORT, IL US",75.0,73.0,94.0,0.28,2.0,6.0
crash_05247,2023-07-08 16:38:00,2023,7,Jul,Sat,16,Evening commute,30,TRAFFIC SIGNAL,CLEAR,DAYLIGHT,TURNING,FOUR WAY,DRY,NO INJURY / DRIVE AWAY,true,true,"$501 - $1,500",IMPROPER BACKING,2,NO INDICATION OF INJURY,0,0,41.8014113054,-87.6646319953,60609,"CHICAGO MIDWAY AIRPORT, IL US",73.0,54.0,51.0,0.0,10.0,8.0
crash_05248,2021-12-16 08:35:00,2021,12,Dec,Thu,8,Morning commute,30,STOP SIGN/FLASHER,CLEAR,DAYLIGHT,ANGLE,NOT DIVIDED,DRY,INJURY AND / OR TOW DUE TO CRASH,,,"OVER $1,500",FAILING TO YIELD RIGHT-OF-WAY,2,NO INDICATION OF INJURY,0,0,41.8004039467,-87.7281215402,60632,"CHICAGO MIDWAY AIRPORT, IL US",42.0,30.0,62.0,0.0,10.0,25.0
crash_05249,2024-12-04 09:00:00,2024,12,Dec,Wed,9,Morning commute,30,TRAFFIC SIGNAL,CLEAR,DAYLIGHT,SIDESWIPE SAME DIRECTION,ONE-WAY,DRY,NO INJURY / DRIVE AWAY,,,"OVER $1,500",NOT APPLICABLE,2,NO INDICATION OF INJURY,0,0,41.734880619,-87.6255519406,60620,"CHICAGO MIDWAY AIRPORT, IL US",31.0,22.0,69.0,,10.0,14.0
crash_05250,2025-08-16 08:10:00,2025,8,Aug,Sat,8,Morning commute,30,NO CONTROLS,CLEAR,DAYLIGHT,PARKED MOTOR VEHICLE,PARKING LOT,DRY,NO INJURY / DRIVE AWAY,,,"OVER $1,500",UNABLE TO DETERMINE,2,NO INDICATION OF INJURY,0,0,41.9312879892,-87.7565400728,60639,"CHICAGO OHARE INTERNATIONAL AIRPORT, IL US",76.0,67.0,74.0,0.0,10.0,5.0
crash_05251,2023-05-08 09:00:00,2023,5,May,Mon,9,Morning commute,30,NO CONTROLS,RAIN,DAYLIGHT,TURNING,NOT DIVIDED,WET,NO INJURY / DRIVE AWAY,,,"OVER $1,500",UNABLE TO DETERMINE,2,NO INDICATION OF INJURY,0,0,41.736768708,-87.6040906423,60619,"CHICAGO MIDWAY AIRPORT, IL US",56.0,49.0,77.0,0.0,10.0,7.0
crash_05252,2019-11-06 00:01:00,2019,11,Nov,Wed,0,Night or early morning,15,STOP SIGN/FLASHER,CLEAR,UNKNOWN,PARKED MOTOR VEHICLE,DIVIDED - W/MEDIAN (NOT RAISED),DRY,NO INJURY / DRIVE AWAY,,true,"OVER $1,500",NOT APPLICABLE,2,NO INDICATION OF INJURY,0,0,41.8137900856,-87.6974420878,60632,"CHICAGO MIDWAY AIRPORT, IL US",34.0,22.0,61.0,0.0,10.0,3.0
crash_05253,2024-12-20 12:14:00,2024,12,Dec,Fri,12,Daytime,30,TRAFFIC SIGNAL,CLEAR,DAYLIGHT,PARKED MOTOR VEHICLE,FOUR WAY,DRY,NO INJURY / DRIVE AWAY,,true,"OVER $1,500",DRIVING SKILLS/KNOWLEDGE/EXPERIENCE,2,NO INDICATION OF INJURY,0,0,41.8517429742,-87.699152241,60623,"CHICAGO MIDWAY AIRPORT, IL US",34.0,27.0,75.0,0.0,10.0,21.0
crash_05254,2024-07-04 00:15:00,2024,7,Jul,Thu,0,Night or early morning,30,NO CONTROLS,CLEAR,DARKNESS,PARKED MOTOR VEHICLE,NOT DIVIDED,DRY,INJURY AND / OR TOW DUE TO CRASH,,,"OVER $1,500",FAILING TO REDUCE SPEED TO AVOID CRASH,2,NO INDICATION OF INJURY,0,0,41.9025172098,-87.7290972312,60651,"CHICAGO MIDWAY AIRPORT, IL US",79.0,63.0,58.0,0.0,10.0,6.0
crash_05255,2019-09-19 10:45:00,2019,9,Sep,Thu,10,Daytime,30,NO CONTROLS,CLEAR,DAYLIGHT,REAR END,NOT DIVIDED,DRY,INJURY AND / OR TOW DUE TO CRASH,,true,"OVER $1,500",FAILING TO REDUCE SPEED TO AVOID CRASH,2,NO INDICATION OF INJURY,0,0,41.8656256029,-87.7701989264,60644,"CHICAGO MIDWAY AIRPORT, IL US",79.0,60.0,52.0,0.0,10.0,5.0
crash_05256,2024-05-15 17:20:00,2024,5,May,Wed,17,Evening commute,30,NO CONTROLS,CLEAR,DAYLIGHT,SIDESWIPE SAME DIRECTION,NOT DIVIDED,DRY,NO INJURY / DRIVE AWAY,,,"OVER $1,500",NOT APPLICABLE,2,NO INDICATION OF INJURY,0,0,41.7740227142,-87.7322531529,60629,"CHICAGO MIDWAY AIRPORT, IL US",69.0,36.0,30.0,0.0,10.0,11.0
crash_05257,2023-03-15 19:50:00,2023,3,Mar,Wed,19,Night or early morning,25,STOP SIGN/FLASHER,CLEAR,"DARKNESS, LIGHTED ROAD",ANGLE,NOT DIVIDED,DRY,NO INJURY / DRIVE AWAY,,,"OVER $1,500",UNABLE TO DETERMINE,2,NO INDICATION OF INJURY,0,0,42.0126274519,-87.678337049,60626,"CHICAGO OHARE INTERNATIONAL AIRPORT, IL US",47.0,28.0,48.0,0.0,10.0,16.0
crash_05258,2019-01-18 12:30:00,2019,1,Jan,Fri,12,Daytime,30,TRAFFIC SIGNAL,CLEAR,DAYLIGHT,REAR END,ONE-WAY,DRY,NO INJURY / DRIVE AWAY,,true,"OVER $1,500",UNABLE TO DETERMINE,2,NO INDICATION OF INJURY,0,0,41.8421347709,-87.6203127639,60616,"CHICAGO MIDWAY AIRPORT, IL US",31.0,22.0,69.0,0.0,10.0,9.0
crash_05259,2020-04-30 17:25:00,2020,4,Apr,Thu,17,Evening commute,30,NO CONTROLS,CLEAR,DAYLIGHT,REAR END,NOT DIVIDED,DRY,NO INJURY / DRIVE AWAY,,,"OVER $1,500",FOLLOWING TOO CLOSELY,2,NO INDICATION OF INJURY,0,0,41.9464200829,-87.8071930122,60634,"CHICAGO OHARE INTERNATIONAL AIRPORT, IL US",54.0,40.0,59.0,0.0,10.0,10.0