crash_id,crash_datetime,crash_year,crash_month,crash_month_name,crash_weekday_name,crash_hour,time_period,posted_speed_limit_mph,traffic_control_device,reported_weather_condition,reported_lighting_condition,first_crash_type,trafficway_type,reported_road_surface_condition,crash_type,intersection_related,hit_and_run,estimated_damage,primary_contributory_cause,unit_count,most_severe_injury,injuries_total,injuries_fatal,latitude,longitude,zip5,weather_station_name,temperature_f,dew_point_f,relative_humidity_percent,precipitation_inches,visibility_miles,wind_speed_mph
crash_05260,2024-05-09 12:55:00,2024,5,May,Thu,12,Daytime,30,NO CONTROLS,CLEAR,DAYLIGHT,SIDESWIPE SAME DIRECTION,NOT DIVIDED,UNKNOWN,NO INJURY / DRIVE AWAY,,,"OVER $1,500",UNABLE TO DETERMINE,2,NO INDICATION OF INJURY,0,0,41.9057938403,-87.7262511371,60651,"CHICAGO MIDWAY AIRPORT, IL US",58.0,50.0,75.0,0.0,10.0,16.0
crash_05261,2022-04-18 20:19:00,2022,4,Apr,Mon,20,Night or early morning,30,TRAFFIC SIGNAL,CLEAR,DARKNESS,TURNING,FOUR WAY,DRY,INJURY AND / OR TOW DUE TO CRASH,,,"OVER $1,500",UNABLE TO DETERMINE,2,"REPORTED, NOT EVIDENT",1,0,41.6885551126,-87.7008602352,60655,"CHICAGO MIDWAY AIRPORT, IL US",39.0,27.0,62.0,0.0,10.0,15.0
crash_05262,2019-12-07 21:50:00,2019,12,Dec,Sat,21,Night or early morning,30,TRAFFIC SIGNAL,CLEAR,"DARKNESS, LIGHTED ROAD",ANGLE,FOUR WAY,DRY,INJURY AND / OR TOW DUE TO CRASH,true,,"OVER $1,500",DISREGARDING TRAFFIC SIGNALS,3,NONINCAPACITATING INJURY,1,0,41.8811351342,-87.7012509135,60612,"CHICAGO MIDWAY AIRPORT, IL US",37.0,25.0,62.0,0.0,10.0,10.0
crash_05263,2019-12-15 14:20:00,2019,12,Dec,Sun,14,Daytime,30,NO CONTROLS,CLEAR,DAYLIGHT,REAR END,NOT DIVIDED,DRY,NO INJURY / DRIVE AWAY,,,"OVER $1,500",FAILING TO REDUCE SPEED TO AVOID CRASH,2,NO INDICATION OF INJURY,0,0,41.7659722549,-87.7225886496,60629,"CHICAGO MIDWAY AIRPORT, IL US",27.0,15.0,61.0,0.0,10.0,7.0
crash_05264,2024-04-07 14:20:00,2024,4,Apr,Sun,14,Daytime,15,NO CONTROLS,CLEAR,DAYLIGHT,TURNING,PARKING LOT,DRY,NO INJURY / DRIVE AWAY,,,"OVER $1,500",IMPROPER OVERTAKING/PASSING,2,NO INDICATION OF INJURY,0,0,41.976201139,-87.9053091251,60666,"CHICAGO OHARE INTERNATIONAL AIRPORT, IL US",49.0,38.0,66.0,0.0,10.0,23.0
crash_05265,2025-06-23 12:45:00,2025,6,Jun,Mon,12,Daytime,30,UNKNOWN,CLEAR,DAYLIGHT,SIDESWIPE SAME DIRECTION,FOUR WAY,DRY,NO INJURY / DRIVE AWAY,true,,"$501 - $1,500",UNABLE TO DETERMINE,2,NO INDICATION OF INJURY,0,0,41.9256989212,-87.6401686894,60614,"CHICAGO MIDWAY AIRPORT, IL US",93.0,70.0,47.0,0.0,10.0,14.0
crash_05266,2019-07-20 01:19:00,2019,7,Jul,Sat,1,Night or early morning,35,NO CONTROLS,CLEAR,"DARKNESS, LIGHTED ROAD",SIDESWIPE SAME DIRECTION,NOT DIVIDED,DRY,NO INJURY / DRIVE AWAY,,,"OVER $1,500","VISION OBSCURED (SIGNS, TREE LIMBS, BUILDINGS, ETC.)",2,NO INDICATION OF INJURY,0,0,41.8528095306,-87.641890932,60616,"CHICAGO MIDWAY AIRPORT, IL US",85.0,77.0,77.0,0.0,10.0,16.0
crash_05267,2022-06-17 22:54:00,2022,6,Jun,Fri,22,Night or early morning,30,NO CONTROLS,CLEAR,"DARKNESS, LIGHTED ROAD",PARKED MOTOR VEHICLE,ONE-WAY,DRY,INJURY AND / OR TOW DUE TO CRASH,,,"OVER $1,500",CELL PHONE USE OTHER THAN TEXTING,2,NO INDICATION OF INJURY,0,0,41.8535499311,-87.7289569116,60623,"CHICAGO MIDWAY AIRPORT, IL US",73.0,49.0,43.0,0.0,10.0,11.0
crash_05268,2021-04-22 17:15:00,2021,4,Apr,Thu,17,Evening commute,30,NO CONTROLS,CLEAR,DAYLIGHT,FIXED OBJECT,NOT DIVIDED,DRY,NO INJURY / DRIVE AWAY,,,"OVER $1,500",FAILING TO YIELD RIGHT-OF-WAY,1,NO INDICATION OF INJURY,0,0,41.8068076799,-87.694310151,60632,"CHICAGO MIDWAY AIRPORT, IL US",60.0,24.0,25.0,0.0,10.0,15.0
crash_05269,2023-05-06 07:00:00,2023,5,May,Sat,7,Morning commute,20,NO CONTROLS,CLEAR,DAYLIGHT,PARKED MOTOR VEHICLE,DIVIDED - W/MEDIAN (NOT RAISED),DRY,NO INJURY / DRIVE AWAY,,true,"OVER $1,500",UNABLE TO DETERMINE,2,NO INDICATION OF INJURY,0,0,41.8829776101,-87.7488239284,60644,"CHICAGO MIDWAY AIRPORT, IL US",60.0,46.0,60.0,0.0,10.0,10.0
crash_05270,2024-08-28 06:15:00,2024,8,Aug,Wed,6,Morning commute,30,TRAFFIC SIGNAL,CLEAR,DAYLIGHT,ANGLE,NOT DIVIDED,DRY,NO INJURY / DRIVE AWAY,true,true,"OVER $1,500",UNABLE TO DETERMINE,2,NO INDICATION OF INJURY,0,0,41.7436384821,-87.6197140983,60619,"CHICAGO MIDWAY AIRPORT, IL US",73.0,70.0,90.0,0.0,10.0,3.0
crash_05271,2018-08-18 20:20:00,2018,8,Aug,Sat,20,Night or early morning,30,STOP SIGN/FLASHER,CLEAR,"DARKNESS, LIGHTED ROAD",REAR END,NOT DIVIDED,DRY,NO INJURY / DRIVE AWAY,false,,"OVER $1,500",FOLLOWING TOO CLOSELY,2,NO INDICATION OF INJURY,0,0,41.7721724942,-87.7227411876,60629,"CHICAGO MIDWAY AIRPORT, IL US",75.0,67.0,76.0,0.0,10.0,8.0
crash_05272,2020-09-29 09:00:00,2020,9,Sep,Tue,9,Morning commute,15,NO CONTROLS,CLEAR,DAYLIGHT,PARKED MOTOR VEHICLE,ONE-WAY,DRY,NO INJURY / DRIVE AWAY,,true,"$501 - $1,500",UNABLE TO DETERMINE,2,NO INDICATION OF INJURY,0,0,41.9857232813,-87.7006049155,60659,"CHICAGO OHARE INTERNATIONAL AIRPORT, IL US",50.0,45.0,83.0,0.0,10.0,7.0
crash_05273,2022-09-14 13:45:00,2022,9,Sep,Wed,13,Daytime,10,NO CONTROLS,CLEAR,DAYLIGHT,PARKED MOTOR VEHICLE,NOT DIVIDED,DRY,INJURY AND / OR TOW DUE TO CRASH,,,"OVER $1,500",PHYSICAL CONDITION OF DRIVER,3,NONINCAPACITATING INJURY,1,0,42.0018153614,-87.7744194717,60646,"CHICAGO OHARE INTERNATIONAL AIRPORT, IL US",78.0,55.0,45.0,0.0,10.0,3.0
crash_05274,2021-05-18 18:55:00,2021,5,May,Tue,18,Evening commute,30,NO CONTROLS,RAIN,DAYLIGHT,PARKED MOTOR VEHICLE,NOT DIVIDED,WET,INJURY AND / OR TOW DUE TO CRASH,,true,"OVER $1,500",DRIVING ON WRONG SIDE/WRONG WAY,2,NO INDICATION OF INJURY,0,0,41.81681215,-87.6967706409,60632,"CHICAGO MIDWAY AIRPORT, IL US",68.0,61.0,78.0,0.03,9.0,7.0
crash_05275,2023-05-16 17:00:00,2023,5,May,Tue,17,Evening commute,10,NO CONTROLS,CLEAR,DAYLIGHT,PARKED MOTOR VEHICLE,DIVIDED - W/MEDIAN (NOT RAISED),DRY,NO INJURY / DRIVE AWAY,,,"$501 - $1,500",UNABLE TO DETERMINE,2,NO INDICATION OF INJURY,0,0,41.9653641767,-87.6678795176,60640,"CHICAGO MIDWAY AIRPORT, IL US",80.0,42.0,26.0,0.0,10.0,15.0
crash_05276,2019-06-25 09:30:00,2019,6,Jun,Tue,9,Morning commute,30,NO CONTROLS,CLEAR,DAYLIGHT,PARKED MOTOR VEHICLE,ONE-WAY,DRY,NO INJURY / DRIVE AWAY,,true,"$501 - $1,500",UNABLE TO DETERMINE,2,NO INDICATION OF INJURY,0,0,41.829810636,-87.6468134091,60609,"CHICAGO MIDWAY AIRPORT, IL US",76.0,62.0,62.0,0.0,10.0,14.0
crash_05277,2019-01-05 19:50:00,2019,1,Jan,Sat,19,Night or early morning,30,NO CONTROLS,CLEAR,"DARKNESS, LIGHTED ROAD",SIDESWIPE SAME DIRECTION,NOT DIVIDED,DRY,NO INJURY / DRIVE AWAY,,true,"OVER $1,500",IMPROPER OVERTAKING/PASSING,2,NO INDICATION OF INJURY,0,0,41.9234791477,-87.6359167633,60614,"CHICAGO MIDWAY AIRPORT, IL US",46.0,38.0,73.0,0.0,10.0,8.0
crash_05278,2024-05-17 18:00:00,2024,5,May,Fri,18,Evening commute,30,NO CONTROLS,CLEAR,DAYLIGHT,PEDALCYCLIST,NOT DIVIDED,DRY,INJURY AND / OR TOW DUE TO CRASH,,true,$500 OR LESS,FAILING TO REDUCE SPEED TO AVOID CRASH,2,NONINCAPACITATING INJURY,1,0,41.9954937702,-87.7859394981,60646,"CHICAGO OHARE INTERNATIONAL AIRPORT, IL US",75.0,55.0,50.0,0.0,10.0,9.0
crash_05279,2021-12-15 18:30:00,2021,12,Dec,Wed,18,Evening commute,30,NO CONTROLS,CLEAR,"DARKNESS, LIGHTED ROAD",REAR END,NOT DIVIDED,DRY,NO INJURY / DRIVE AWAY,,,"OVER $1,500",UNABLE TO DETERMINE,2,NO INDICATION OF INJURY,0,0,41.9461757339,-87.7469215602,60641,"CHICAGO OHARE INTERNATIONAL AIRPORT, IL US",63.0,57.0,81.0,,10.0,26.0
crash_05280,2020-05-27 19:24:00,2020,5,May,Wed,19,Night or early morning,30,NO CONTROLS,CLEAR,DAWN,SIDESWIPE SAME DIRECTION,T-INTERSECTION,DRY,NO INJURY / DRIVE AWAY,true,,"OVER $1,500",FOLLOWING TOO CLOSELY,2,NO INDICATION OF INJURY,0,0,41.893019573,-87.7654696224,60644,"CHICAGO MIDWAY AIRPORT, IL US",76.0,68.0,77.0,0.0,10.0,8.0
crash_05281,2023-04-24 11:50:00,2023,4,Apr,Mon,11,Daytime,25,TRAFFIC SIGNAL,CLEAR,DAYLIGHT,REAR END,FOUR WAY,DRY,NO INJURY / DRIVE AWAY,true,,"$501 - $1,500",FOLLOWING TOO CLOSELY,2,NO INDICATION OF INJURY,0,0,41.8576920115,-87.6303712389,60616,"CHICAGO MIDWAY AIRPORT, IL US",50.0,24.0,36.0,0.0,10.0,11.0
crash_05282,2018-05-10 09:30:00,2018,5,May,Thu,9,Morning commute,30,TRAFFIC SIGNAL,CLEAR,DAYLIGHT,SIDESWIPE SAME DIRECTION,NOT DIVIDED,DRY,NO INJURY / DRIVE AWAY,,,"$501 - $1,500",IMPROPER OVERTAKING/PASSING,2,NO INDICATION OF INJURY,0,0,41.6850262563,-87.642297367,60643,"CHICAGO MIDWAY AIRPORT, IL US",64.0,54.0,70.0,0.0,10.0,10.0
crash_05283,2024-09-06 16:25:00,2024,9,Sep,Fri,16,Evening commute,25,NO CONTROLS,CLEAR,DAYLIGHT,SIDESWIPE SAME DIRECTION,ONE-WAY,DRY,NO INJURY / DRIVE AWAY,,,"$501 - $1,500",UNABLE TO DETERMINE,2,NO INDICATION OF INJURY,0,0,41.9984796224,-87.6876109043,60645,"CHICAGO OHARE INTERNATIONAL AIRPORT, IL US",68.0,50.0,53.0,0.0,10.0,14.0
crash_05284,2023-05-03 19:00:00,2023,5,May,Wed,19,Night or early morning,30,NO CONTROLS,CLEAR,DUSK,OTHER OBJECT,ALLEY,DRY,NO INJURY / DRIVE AWAY,,,"OVER $1,500","OPERATING VEHICLE IN ERRATIC, RECKLESS, CARELESS, NEGLIGENT OR AGGRESSIVE MANNER",1,NO INDICATION OF INJURY,0,0,41.7448293057,-87.7048374145,60652,"CHICAGO MIDWAY AIRPORT, IL US",50.0,37.0,61.0,0.0,10.0,8.0
crash_05285,2023-03-08 16:15:00,2023,3,Mar,Wed,16,Evening commute,25,TRAFFIC SIGNAL,UNKNOWN,UNKNOWN,SIDESWIPE SAME DIRECTION,NOT DIVIDED,UNKNOWN,NO INJURY / DRIVE AWAY,true,true,"$501 - $1,500",UNABLE TO DETERMINE,2,NO INDICATION OF INJURY,0,0,41.891658154,-87.6368791854,60654,"CHICAGO MIDWAY AIRPORT, IL US",43.0,18.0,37.0,0.0,10.0,15.0
crash_05286,2020-10-21 15:30:00,2020,10,Oct,Wed,15,Evening commute,10,NO CONTROLS,CLEAR,DAYLIGHT,HEAD ON,PARKING LOT,DRY,NO INJURY / DRIVE AWAY,,,"$501 - $1,500",UNABLE TO DETERMINE,2,NO INDICATION OF INJURY,0,0,41.8699219641,-87.7083340669,60624,"CHICAGO MIDWAY AIRPORT, IL US",57.0,39.0,51.0,0.0,10.0,6.0
crash_05287,2018-06-11 13:51:00,2018,6,Jun,Mon,13,Daytime,30,TRAFFIC SIGNAL,CLEAR,DAYLIGHT,SIDESWIPE SAME DIRECTION,ONE-WAY,DRY,NO INJURY / DRIVE AWAY,,,"OVER $1,500",FAILING TO YIELD RIGHT-OF-WAY,2,NO INDICATION OF INJURY,0,0,41.8806878785,-87.6256435041,60603,"CHICAGO MIDWAY AIRPORT, IL US",67.0,62.0,84.0,0.0,8.0,11.0
crash_05288,2023-12-16 17:30:00,2023,12,Dec,Sat,17,Evening commute,30,NO CONTROLS,CLEAR,DARKNESS,PARKED MOTOR VEHICLE,NOT DIVIDED,DRY,NO INJURY / DRIVE AWAY,,,"$501 - $1,500",NOT APPLICABLE,2,NO INDICATION OF INJURY,0,0,41.9208084786,-87.6374246318,60614,"CHICAGO MIDWAY AIRPORT, IL US",44.0,41.0,89.0,0.03,8.0,9.0
crash_05289,2023-03-07 13:30:00,2023,3,Mar,Tue,13,Daytime,30,NO CONTROLS,CLEAR,DAYLIGHT,REAR END,ONE-WAY,DRY,NO INJURY / DRIVE AWAY,,,"OVER $1,500",UNABLE TO DETERMINE,2,NO INDICATION OF INJURY,0,0,41.9236791917,-87.7388301709,60639,"CHICAGO MIDWAY AIRPORT, IL US",43.0,20.0,40.0,0.0,10.0,14.0
crash_05290,2020-01-21 18:25:00,2020,1,Jan,Tue,18,Evening commute,30,NO CONTROLS,CLEAR,"DARKNESS, LIGHTED ROAD",PARKED MOTOR VEHICLE,ONE-WAY,DRY,NO INJURY / DRIVE AWAY,,true,"OVER $1,500",DRIVING SKILLS/KNOWLEDGE/EXPERIENCE,2,NO INDICATION OF INJURY,0,0,41.9771082209,-87.6753361323,60640,"CHICAGO OHARE INTERNATIONAL AIRPORT, IL US",26.0,19.0,75.0,,10.0,7.0
crash_05291,2020-08-15 00:01:00,2020,8,Aug,Sat,0,Night or early morning,30,NO CONTROLS,CLEAR,"DARKNESS, LIGHTED ROAD",PARKED MOTOR VEHICLE,NOT DIVIDED,DRY,NO INJURY / DRIVE AWAY,,true,"OVER $1,500",UNABLE TO DETERMINE,2,NO INDICATION OF INJURY,0,0,41.9203233492,-87.6876451856,60647,"CHICAGO MIDWAY AIRPORT, IL US",76.0,63.0,64.0,0.0,10.0,6.0
crash_05292,2025-12-16 15:38:00,2025,12,Dec,Tue,15,Evening commute,30,NO CONTROLS,CLEAR,DAYLIGHT,SIDESWIPE SAME DIRECTION,NOT DIVIDED,DRY,NO INJURY / DRIVE AWAY,,,"OVER $1,500",DRIVING SKILLS/KNOWLEDGE/EXPERIENCE,2,NO INDICATION OF INJURY,0,0,41.7699454202,-87.6443877002,60621,,,,,,,
crash_05293,2024-12-05 21:16:00,2024,12,Dec,Thu,21,Night or early morning,30,NO CONTROLS,CLEAR,"DARKNESS, LIGHTED ROAD",SIDESWIPE SAME DIRECTION,NOT DIVIDED,DRY,INJURY AND / OR TOW DUE TO CRASH,,,"OVER $1,500",UNABLE TO DETERMINE,2,NO INDICATION OF INJURY,0,0,41.7892786287,-87.6448818735,60621,"CHICAGO MIDWAY AIRPORT, IL US",24.0,10.0,55.0,,10.0,8.0
crash_05294,2022-10-23 09:00:00,2022,10,Oct,Sun,9,Morning commute,30,NO CONTROLS,UNKNOWN,UNKNOWN,PARKED MOTOR VEHICLE,ONE-WAY,UNKNOWN,NO INJURY / DRIVE AWAY,,true,"OVER $1,500",UNABLE TO DETERMINE,2,NO INDICATION OF INJURY,0,0,41.7174346603,-87.6405291684,60628,"CHICAGO MIDWAY AIRPORT, IL US",67.0,51.0,57.0,0.0,10.0,15.0
crash_05295,2019-09-02 02:22:00,2019,9,Sep,Mon,2,Night or early morning,20,NO CONTROLS,CLEAR,"DARKNESS, LIGHTED ROAD",FIXED OBJECT,ALLEY,DRY,NO INJURY / DRIVE AWAY,,,"OVER $1,500",IMPROPER BACKING,1,NO INDICATION OF INJURY,0,0,41.7792893708,-87.6891327021,60629,"CHICAGO MIDWAY AIRPORT, IL US",63.0,60.0,90.0,0.0,5.0,5.0
crash_05296,2018-03-31 22:07:00,2018,3,Mar,Sat,22,Night or early morning,25,STOP SIGN/FLASHER,CLEAR,"DARKNESS, LIGHTED ROAD",PARKED MOTOR VEHICLE,ONE-WAY,DRY,NO INJURY / DRIVE AWAY,true,,"$501 - $1,500",EXCEEDING AUTHORIZED SPEED LIMIT,2,NO INDICATION OF INJURY,0,0,41.9991871199,-87.7046353459,60645,"CHICAGO OHARE INTERNATIONAL AIRPORT, IL US",37.0,23.0,57.0,0.0,10.0,16.0
crash_05297,2024-04-21 21:17:00,2024,4,Apr,Sun,21,Night or early morning,5,NO CONTROLS,CLEAR,"DARKNESS, LIGHTED ROAD",PARKED MOTOR VEHICLE,PARKING LOT,DRY,NO INJURY / DRIVE AWAY,,,$500 OR LESS,UNABLE TO DETERMINE,2,NO INDICATION OF INJURY,0,0,41.9379714755,-87.7666235024,60634,"CHICAGO OHARE INTERNATIONAL AIRPORT, IL US",52.0,26.0,37.0,0.0,10.0,5.0
crash_05298,2025-06-07 09:05:00,2025,6,Jun,Sat,9,Morning commute,30,TRAFFIC SIGNAL,CLEAR,DAYLIGHT,TURNING,NOT DIVIDED,DRY,NO INJURY / DRIVE AWAY,true,true,"OVER $1,500",DISREGARDING TRAFFIC SIGNALS,3,NO INDICATION OF INJURY,0,0,41.7725587141,-87.630098175,60621,"CHICAGO MIDWAY AIRPORT, IL US",69.0,53.0,57.0,0.0,10.0,3.0
crash_05299,2018-10-27 16:30:00,2018,10,Oct,Sat,16,Evening commute,0,NO CONTROLS,CLEAR,DAYLIGHT,FIXED OBJECT,PARKING LOT,DRY,NO INJURY / DRIVE AWAY,,,"OVER $1,500",UNABLE TO DETERMINE,1,NO INDICATION OF INJURY,0,0,41.86888416,-87.6393925403,60607,"CHICAGO MIDWAY AIRPORT, IL US",51.0,40.0,66.0,0.0,10.0,7.0
crash_05300,2022-08-14 03:37:00,2022,8,Aug,Sun,3,Night or early morning,30,NO CONTROLS,CLEAR,"DARKNESS, LIGHTED ROAD",FIXED OBJECT,DIVIDED - W/MEDIAN BARRIER,DRY,INJURY AND / OR TOW DUE TO CRASH,,,"OVER $1,500",UNABLE TO DETERMINE,1,NONINCAPACITATING INJURY,1,0,41.8382666028,-87.6376997949,60616,"CHICAGO MIDWAY AIRPORT, IL US",72.0,63.0,73.0,,10.0,8.0
crash_05301,2023-09-29 06:25:00,2023,9,Sep,Fri,6,Morning commute,30,NO CONTROLS,FOG/SMOKE/HAZE,DAWN,ANGLE,FOUR WAY,DRY,INJURY AND / OR TOW DUE TO CRASH,true,,"OVER $1,500",UNABLE TO DETERMINE,2,INCAPACITATING INJURY,2,0,41.7785411324,-87.7302195908,60629,"CHICAGO MIDWAY AIRPORT, IL US",61.0,60.0,97.0,,0.12,3.0
crash_05302,2025-08-04 04:05:00,2025,8,Aug,Mon,4,Night or early morning,30,NO CONTROLS,CLEAR,"DARKNESS, LIGHTED ROAD",PARKED MOTOR VEHICLE,ONE-WAY,DRY,NO INJURY / DRIVE AWAY,,true,"OVER $1,500",UNABLE TO DETERMINE,2,NO INDICATION OF INJURY,0,0,41.731522703,-87.5866548782,60619,"CHICAGO MIDWAY AIRPORT, IL US",71.0,61.0,71.0,0.0,10.0,3.0
crash_05303,2024-06-08 23:20:00,2024,6,Jun,Sat,23,Night or early morning,30,STOP SIGN/FLASHER,CLEAR,"DARKNESS, LIGHTED ROAD",ANGLE,FOUR WAY,DRY,NO INJURY / DRIVE AWAY,true,,"OVER $1,500",DISREGARDING STOP SIGN,2,NO INDICATION OF INJURY,0,0,41.8597177165,-87.6566246642,60608,"CHICAGO MIDWAY AIRPORT, IL US",57.0,54.0,90.0,0.0,10.0,3.0
crash_05304,2018-12-15 16:58:00,2018,12,Dec,Sat,16,Evening commute,30,NO CONTROLS,CLEAR,"DARKNESS, LIGHTED ROAD",REAR END,NOT DIVIDED,DRY,INJURY AND / OR TOW DUE TO CRASH,,,"OVER $1,500",FOLLOWING TOO CLOSELY,3,NONINCAPACITATING INJURY,2,0,41.8693794958,-87.6522589736,60607,"CHICAGO MIDWAY AIRPORT, IL US",40.0,33.0,77.0,0.0,10.0,10.0
crash_05305,2023-05-31 10:18:00,2023,5,May,Wed,10,Daytime,30,STOP SIGN/FLASHER,CLEAR,DAYLIGHT,REAR TO FRONT,FOUR WAY,DRY,NO INJURY / DRIVE AWAY,,,"OVER $1,500",UNABLE TO DETERMINE,2,NO INDICATION OF INJURY,0,0,41.7879702014,-87.7035444651,60629,"CHICAGO MIDWAY AIRPORT, IL US",84.0,62.0,48.0,0.0,10.0,9.0
crash_05306,2019-02-18 11:20:00,2019,2,Feb,Mon,11,Daytime,20,NO CONTROLS,CLEAR,DAYLIGHT,ANGLE,PARKING LOT,SNOW OR SLUSH,NO INJURY / DRIVE AWAY,,,"OVER $1,500",UNABLE TO DETERMINE,2,NO INDICATION OF INJURY,0,0,41.9394097949,-87.7105072264,60618,"CHICAGO MIDWAY AIRPORT, IL US",27.0,20.0,75.0,0.0,10.0,11.0
crash_05307,2019-08-21 13:50:00,2019,8,Aug,Wed,13,Daytime,30,TRAFFIC SIGNAL,CLEAR,DAYLIGHT,PEDALCYCLIST,FOUR WAY,DRY,INJURY AND / OR TOW DUE TO CRASH,true,,$500 OR LESS,FAILING TO YIELD RIGHT-OF-WAY,2,NONINCAPACITATING INJURY,1,0,41.8675710154,-87.6305864739,60605,"CHICAGO MIDWAY AIRPORT, IL US",83.0,70.0,65.0,0.0,10.0,11.0
crash_05308,2018-06-17 17:33:00,2018,6,Jun,Sun,17,Evening commute,30,STOP SIGN/FLASHER,CLEAR,DAYLIGHT,ANGLE,NOT DIVIDED,DRY,INJURY AND / OR TOW DUE TO CRASH,true,,"OVER $1,500",DISREGARDING STOP SIGN,3,NONINCAPACITATING INJURY,2,0,41.7790963503,-87.6872399771,60629,"CHICAGO MIDWAY AIRPORT, IL US",88.0,73.0,61.0,0.0,10.0,13.0
crash_05309,2025-06-21 14:50:00,2025,6,Jun,Sat,14,Daytime,5,NO CONTROLS,CLEAR,DAYLIGHT,REAR END,OTHER,DRY,NO INJURY / DRIVE AWAY,,,"OVER $1,500",FOLLOWING TOO CLOSELY,2,NO INDICATION OF INJURY,0,0,41.9931070628,-87.7290279118,60646,"CHICAGO OHARE INTERNATIONAL AIRPORT, IL US",94.0,75.0,54.0,0.0,10.0,22.0
crash_05310,2019-07-25 09:20:00,2019,7,Jul,Thu,9,Morning commute,35,NO CONTROLS,CLEAR,DAWN,PEDALCYCLIST,NOT DIVIDED,DRY,INJURY AND / OR TOW DUE TO CRASH,,,"OVER $1,500",FAILING TO YIELD RIGHT-OF-WAY,2,"REPORTED, NOT EVIDENT",1,0,41.885342706,-87.6602787255,60607,"CHICAGO MIDWAY AIRPORT, IL US",73.0,54.0,51.0,0.0,10.0,6.0
crash_05311,2020-06-07 09:00:00,2020,6,Jun,Sun,9,Morning commute,30,NO CONTROLS,CLEAR,DAYLIGHT,PARKED MOTOR VEHICLE,NOT DIVIDED,DRY,NO INJURY / DRIVE AWAY,,true,"OVER $1,500",UNABLE TO DETERMINE,2,NO INDICATION OF INJURY,0,0,41.7490188808,-87.5587629058,60617,"CHICAGO MIDWAY AIRPORT, IL US",67.0,56.0,68.0,0.0,10.0,5.0
crash_05312,2020-03-12 12:00:00,2020,3,Mar,Thu,12,Daytime,30,NO CONTROLS,CLEAR,DAYLIGHT,FIXED OBJECT,NOT DIVIDED,DRY,INJURY AND / OR TOW DUE TO CRASH,,true,"OVER $1,500",FAILING TO REDUCE SPEED TO AVOID CRASH,1,NO INDICATION OF INJURY,0,0,41.6553997945,-87.6106283661,60827,"CHICAGO MIDWAY AIRPORT, IL US",48.0,32.0,54.0,0.0,9.0,13.0
crash_05313,2019-07-22 00:02:00,2019,7,Jul,Mon,0,Night or early morning,15,NO CONTROLS,CLEAR,DARKNESS,SIDESWIPE OPPOSITE DIRECTION,ALLEY,DRY,NO INJURY / DRIVE AWAY,,,"$501 - $1,500",IMPROPER OVERTAKING/PASSING,2,NO INDICATION OF INJURY,0,0,41.7454611688,-87.6015291143,60619,"CHICAGO MIDWAY AIRPORT, IL US",72.0,59.0,64.0,0.0,10.0,7.0
crash_05314,2019-08-10 01:22:00,2019,8,Aug,Sat,1,Night or early morning,35,TRAFFIC SIGNAL,CLEAR,"DARKNESS, LIGHTED ROAD",TURNING,NOT DIVIDED,UNKNOWN,INJURY AND / OR TOW DUE TO CRASH,false,,"OVER $1,500",UNABLE TO DETERMINE,2,NO INDICATION OF INJURY,0,0,41.8997594972,-87.6610780614,60642,"CHICAGO MIDWAY AIRPORT, IL US",71.0,59.0,66.0,0.0,10.0,0.0
crash_05315,2018-07-13 14:05:00,2018,7,Jul,Fri,14,Daytime,15,NO CONTROLS,CLEAR,DAYLIGHT,PARKED MOTOR VEHICLE,PARKING LOT,DRY,NO INJURY / DRIVE AWAY,,,$500 OR LESS,FAILING TO YIELD RIGHT-OF-WAY,2,NO INDICATION OF INJURY,0,0,41.6926570343,-87.6262392632,60628,"CHICAGO MIDWAY AIRPORT, IL US",90.0,62.0,39.0,0.0,10.0,7.0
crash_05316,2025-08-04 15:15:00,2025,8,Aug,Mon,15,Evening commute,35,TRAFFIC SIGNAL,CLEAR,DAYLIGHT,ANGLE,NOT DIVIDED,DRY,INJURY AND / OR TOW DUE TO CRASH,true,,"OVER $1,500",UNABLE TO DETERMINE,2,NONINCAPACITATING INJURY,3,0,41.7281698188,-87.5499660024,60617,"CHICAGO MIDWAY AIRPORT, IL US",82.0,60.0,47.0,0.0,10.0,11.0
crash_05317,2025-05-13 13:00:00,2025,5,May,Tue,13,Daytime,30,NO CONTROLS,CLEAR,DAYLIGHT,REAR END,NOT DIVIDED,DRY,NO INJURY / DRIVE AWAY,,,"OVER $1,500",FOLLOWING TOO CLOSELY,2,NO INDICATION OF INJURY,0,0,41.8946961494,-87.7456507158,60644,"CHICAGO MIDWAY AIRPORT, IL US",76.0,59.0,56.0,0.0,10.0,5.0
crash_05318,2018-03-30 16:00:00,2018,3,Mar,Fri,16,Evening commute,25,NO CONTROLS,CLEAR,DAYLIGHT,TURNING,NOT DIVIDED,DRY,NO INJURY / DRIVE AWAY,,,"OVER $1,500",FAILING TO YIELD RIGHT-OF-WAY,2,NO INDICATION OF INJURY,0,0,41.7139597988,-87.6542047658,60643,"CHICAGO MIDWAY AIRPORT, IL US",47.0,27.0,46.0,0.0,10.0,3.0
crash_05319,2019-12-28 22:32:00,2019,12,Dec,Sat,22,Night or early morning,30,NO CONTROLS,RAIN,"DARKNESS, LIGHTED ROAD",ANGLE,DIVIDED - W/MEDIAN (NOT RAISED),WET,INJURY AND / OR TOW DUE TO CRASH,,,"OVER $1,500",FAILING TO YIELD RIGHT-OF-WAY,2,NONINCAPACITATING INJURY,1,0,41.7733684085,-87.5766385522,60649,"CHICAGO MIDWAY AIRPORT, IL US",50.0,48.0,93.0,0.01,5.0,9.0