crash_id,crash_datetime,crash_year,crash_month,crash_month_name,crash_weekday_name,crash_hour,time_period,posted_speed_limit_mph,traffic_control_device,reported_weather_condition,reported_lighting_condition,first_crash_type,trafficway_type,reported_road_surface_condition,crash_type,intersection_related,hit_and_run,estimated_damage,primary_contributory_cause,unit_count,most_severe_injury,injuries_total,injuries_fatal,latitude,longitude,zip5,weather_station_name,temperature_f,dew_point_f,relative_humidity_percent,precipitation_inches,visibility_miles,wind_speed_mph
crash_05320,2025-05-21 21:10:00,2025,5,May,Wed,21,Night or early morning,30,TRAFFIC SIGNAL,RAIN,"DARKNESS, LIGHTED ROAD",REAR END,DIVIDED - W/MEDIAN BARRIER,WET,NO INJURY / DRIVE AWAY,,,$500 OR LESS,WEATHER,2,NO INDICATION OF INJURY,0,0,41.8757001185,-87.6336295055,60605,"CHICAGO MIDWAY AIRPORT, IL US",51.0,46.0,83.0,0.0,8.0,8.0
crash_05321,2018-05-20 00:30:00,2018,5,May,Sun,0,Night or early morning,30,NO CONTROLS,RAIN,"DARKNESS, LIGHTED ROAD",FIXED OBJECT,DIVIDED - W/MEDIAN (NOT RAISED),WET,NO INJURY / DRIVE AWAY,,,$500 OR LESS,ROAD ENGINEERING/SURFACE/MARKING DEFECTS,1,NO INDICATION OF INJURY,0,0,41.8105501776,-87.6846479523,60632,"CHICAGO MIDWAY AIRPORT, IL US",60.0,57.0,90.0,0.0,8.0,13.0
crash_05322,2018-08-11 11:30:00,2018,8,Aug,Sat,11,Daytime,30,STOP SIGN/FLASHER,CLEAR,DAYLIGHT,TURNING,DIVIDED - W/MEDIAN BARRIER,DRY,INJURY AND / OR TOW DUE TO CRASH,,true,"$501 - $1,500",DISREGARDING STOP SIGN,2,INCAPACITATING INJURY,1,0,41.721318728,-87.6457845083,60643,"CHICAGO MIDWAY AIRPORT, IL US",86.0,59.0,40.0,0.0,10.0,6.0
crash_05323,2019-01-29 15:50:00,2019,1,Jan,Tue,15,Evening commute,30,TRAFFIC SIGNAL,CLEAR,DAYLIGHT,REAR END,DIVIDED - W/MEDIAN (NOT RAISED),WET,NO INJURY / DRIVE AWAY,,,"OVER $1,500",UNABLE TO DETERMINE,2,NO INDICATION OF INJURY,0,0,41.8352237072,-87.6463560321,60608,"CHICAGO MIDWAY AIRPORT, IL US",4.0,-8.0,57.0,0.0,5.0,17.0
crash_05324,2023-06-18 20:00:00,2023,6,Jun,Sun,20,Night or early morning,30,NO CONTROLS,CLEAR,DAYLIGHT,PARKED MOTOR VEHICLE,NOT DIVIDED,DRY,NO INJURY / DRIVE AWAY,,true,"OVER $1,500",IMPROPER LANE USAGE,2,NO INDICATION OF INJURY,0,0,41.7386604818,-87.5830622886,60617,"CHICAGO MIDWAY AIRPORT, IL US",75.0,52.0,45.0,0.0,10.0,11.0
crash_05325,2022-12-07 16:30:00,2022,12,Dec,Wed,16,Evening commute,30,NO CONTROLS,CLEAR,"DARKNESS, LIGHTED ROAD",PARKED MOTOR VEHICLE,ONE-WAY,DRY,NO INJURY / DRIVE AWAY,,true,"OVER $1,500",NOT APPLICABLE,2,NO INDICATION OF INJURY,0,0,41.8802882096,-87.7279596453,60624,"CHICAGO MIDWAY AIRPORT, IL US",41.0,34.0,76.0,,8.0,5.0
crash_05326,2020-11-02 14:00:00,2020,11,Nov,Mon,14,Daytime,30,NO CONTROLS,CLEAR,DAYLIGHT,SIDESWIPE SAME DIRECTION,DIVIDED - W/MEDIAN BARRIER,DRY,NO INJURY / DRIVE AWAY,,,"OVER $1,500",UNABLE TO DETERMINE,2,NO INDICATION OF INJURY,0,0,41.836857593,-87.6849099946,60608,"CHICAGO MIDWAY AIRPORT, IL US",50.0,18.0,28.0,0.0,10.0,20.0
crash_05327,2018-12-18 11:00:00,2018,12,Dec,Tue,11,Daytime,30,TRAFFIC SIGNAL,CLEAR,DAYLIGHT,REAR END,DIVIDED - W/MEDIAN (NOT RAISED),DRY,NO INJURY / DRIVE AWAY,true,,"OVER $1,500",UNABLE TO DETERMINE,2,NO INDICATION OF INJURY,0,0,41.8529912193,-87.629386933,60616,"CHICAGO MIDWAY AIRPORT, IL US",38.0,29.0,70.0,0.0,10.0,9.0
crash_05328,2018-05-14 15:49:00,2018,5,May,Mon,15,Evening commute,30,TRAFFIC SIGNAL,CLEAR,DAYLIGHT,TURNING,NOT DIVIDED,DRY,NO INJURY / DRIVE AWAY,,,"OVER $1,500",IMPROPER OVERTAKING/PASSING,3,NO INDICATION OF INJURY,0,0,41.7586671812,-87.6055423711,60619,"CHICAGO MIDWAY AIRPORT, IL US",86.0,63.0,46.0,0.0,10.0,14.0
crash_05329,2024-12-12 20:01:00,2024,12,Dec,Thu,20,Night or early morning,30,NO CONTROLS,CLEAR,"DARKNESS, LIGHTED ROAD",TURNING,NOT DIVIDED,DRY,INJURY AND / OR TOW DUE TO CRASH,true,,"OVER $1,500",FAILING TO YIELD RIGHT-OF-WAY,2,"REPORTED, NOT EVIDENT",1,0,41.997233842,-87.7886322022,60631,"CHICAGO OHARE INTERNATIONAL AIRPORT, IL US",15.0,-3.0,44.0,,10.0,7.0
crash_05330,2023-08-02 12:00:00,2023,8,Aug,Wed,12,Daytime,30,STOP SIGN/FLASHER,CLEAR,DAYLIGHT,ANGLE,FOUR WAY,DRY,NO INJURY / DRIVE AWAY,true,,"OVER $1,500",DISREGARDING STOP SIGN,2,NO INDICATION OF INJURY,0,0,41.7579568851,-87.556842692,60649,"CHICAGO MIDWAY AIRPORT, IL US",82.0,60.0,47.0,0.0,10.0,10.0
crash_05331,2020-08-01 00:30:00,2020,8,Aug,Sat,0,Night or early morning,30,NO CONTROLS,CLEAR,"DARKNESS, LIGHTED ROAD",PARKED MOTOR VEHICLE,NOT DIVIDED,DRY,INJURY AND / OR TOW DUE TO CRASH,,,"OVER $1,500",EQUIPMENT - VEHICLE CONDITION,2,"REPORTED, NOT EVIDENT",1,0,41.7259042474,-87.5830368464,60617,"CHICAGO MIDWAY AIRPORT, IL US",72.0,61.0,68.0,0.0,10.0,8.0
crash_05332,2021-03-02 17:30:00,2021,3,Mar,Tue,17,Evening commute,30,NO CONTROLS,CLEAR,DUSK,TURNING,NOT DIVIDED,DRY,NO INJURY / DRIVE AWAY,,,"OVER $1,500",IMPROPER BACKING,2,NO INDICATION OF INJURY,0,0,41.8508370203,-87.638628145,60616,"CHICAGO MIDWAY AIRPORT, IL US",41.0,29.0,62.0,0.0,10.0,11.0
crash_05333,2018-07-26 13:15:00,2018,7,Jul,Thu,13,Daytime,30,TRAFFIC SIGNAL,CLEAR,DAYLIGHT,REAR END,NOT DIVIDED,DRY,NO INJURY / DRIVE AWAY,,,"$501 - $1,500",UNABLE TO DETERMINE,2,NO INDICATION OF INJURY,0,0,41.707116243,-87.6357039635,60628,"CHICAGO MIDWAY AIRPORT, IL US",81.0,55.0,41.0,0.0,10.0,14.0
crash_05334,2024-05-31 22:30:00,2024,5,May,Fri,22,Night or early morning,30,NO CONTROLS,CLEAR,"DARKNESS, LIGHTED ROAD",TURNING,NOT DIVIDED,DRY,NO INJURY / DRIVE AWAY,,,"OVER $1,500",IMPROPER TURNING/NO SIGNAL,2,NO INDICATION OF INJURY,0,0,41.7359004487,-87.6630072619,60620,"CHICAGO MIDWAY AIRPORT, IL US",72.0,44.0,37.0,0.0,10.0,7.0
crash_05335,2022-11-17 21:35:00,2022,11,Nov,Thu,21,Night or early morning,30,STOP SIGN/FLASHER,CLEAR,"DARKNESS, LIGHTED ROAD",REAR END,DIVIDED - W/MEDIAN BARRIER,DRY,INJURY AND / OR TOW DUE TO CRASH,,true,"OVER $1,500",UNABLE TO DETERMINE,2,"REPORTED, NOT EVIDENT",1,0,41.8934927968,-87.6243658542,60611,"CHICAGO MIDWAY AIRPORT, IL US",31.0,18.0,59.0,0.0,10.0,15.0
crash_05336,2024-12-14 09:45:00,2024,12,Dec,Sat,9,Morning commute,30,NO CONTROLS,CLEAR,DAYLIGHT,SIDESWIPE SAME DIRECTION,NOT DIVIDED,DRY,NO INJURY / DRIVE AWAY,,,$500 OR LESS,UNABLE TO DETERMINE,2,NO INDICATION OF INJURY,0,0,41.7648751427,-87.6587488906,60636,"CHICAGO MIDWAY AIRPORT, IL US",35.0,20.0,54.0,,10.0,15.0
crash_05337,2023-07-28 16:00:00,2023,7,Jul,Fri,16,Evening commute,15,NO CONTROLS,CLEAR,DAYLIGHT,PARKED MOTOR VEHICLE,PARKING LOT,DRY,NO INJURY / DRIVE AWAY,,true,"OVER $1,500",NOT APPLICABLE,2,NO INDICATION OF INJURY,0,0,41.8801350623,-87.7649424467,60644,"CHICAGO MIDWAY AIRPORT, IL US",92.0,76.0,60.0,0.0,10.0,6.0
crash_05338,2024-03-23 21:33:00,2024,3,Mar,Sat,21,Night or early morning,55,TRAFFIC SIGNAL,CLEAR,"DARKNESS, LIGHTED ROAD",TURNING,FOUR WAY,DRY,INJURY AND / OR TOW DUE TO CRASH,true,true,"OVER $1,500",DISREGARDING TRAFFIC SIGNALS,2,NONINCAPACITATING INJURY,1,0,41.976201139,-87.9053091251,60666,"CHICAGO OHARE INTERNATIONAL AIRPORT, IL US",32.0,15.0,50.0,0.0,10.0,8.0
crash_05339,2019-06-25 11:10:00,2019,6,Jun,Tue,11,Daytime,30,TRAFFIC SIGNAL,CLEAR,DAYLIGHT,SIDESWIPE SAME DIRECTION,NOT DIVIDED,DRY,NO INJURY / DRIVE AWAY,,,"OVER $1,500",IMPROPER OVERTAKING/PASSING,2,NO INDICATION OF INJURY,0,0,41.885406589,-87.6205189617,60601,"CHICAGO MIDWAY AIRPORT, IL US",80.0,62.0,54.0,0.0,10.0,15.0
crash_05340,2018-06-22 08:05:00,2018,6,Jun,Fri,8,Morning commute,35,STOP SIGN/FLASHER,RAIN,DAYLIGHT,FIXED OBJECT,NOT DIVIDED,WET,INJURY AND / OR TOW DUE TO CRASH,,,"$501 - $1,500",NOT APPLICABLE,2,NO INDICATION OF INJURY,0,0,41.890996757,-87.7663797253,60644,"CHICAGO MIDWAY AIRPORT, IL US",62.0,60.0,93.0,0.04,6.0,15.0
crash_05341,2024-08-06 17:48:00,2024,8,Aug,Tue,17,Evening commute,30,NO CONTROLS,CLEAR,DAYLIGHT,SIDESWIPE SAME DIRECTION,NOT DIVIDED,DRY,NO INJURY / DRIVE AWAY,,,"OVER $1,500",FAILING TO YIELD RIGHT-OF-WAY,2,NO INDICATION OF INJURY,0,0,41.8496177212,-87.6906224921,60608,"CHICAGO MIDWAY AIRPORT, IL US",72.0,63.0,73.0,0.0,10.0,20.0
crash_05342,2024-10-05 10:30:00,2024,10,Oct,Sat,10,Daytime,30,TRAFFIC SIGNAL,CLEAR,DAYLIGHT,SIDESWIPE SAME DIRECTION,NOT DIVIDED,DRY,INJURY AND / OR TOW DUE TO CRASH,,,"OVER $1,500",UNABLE TO DETERMINE,2,NO INDICATION OF INJURY,0,0,41.7786249931,-87.7350293641,60629,"CHICAGO MIDWAY AIRPORT, IL US",71.0,52.0,51.0,0.0,10.0,14.0
crash_05343,2022-01-15 09:50:00,2022,1,Jan,Sat,9,Morning commute,25,NO CONTROLS,CLEAR,DAYLIGHT,PEDESTRIAN,ONE-WAY,DRY,NO INJURY / DRIVE AWAY,,true,$500 OR LESS,UNABLE TO DETERMINE,2,NO INDICATION OF INJURY,0,0,41.8600615618,-87.7031214051,60623,"CHICAGO MIDWAY AIRPORT, IL US",24.0,14.0,65.0,0.0,10.0,15.0
crash_05344,2024-05-09 06:46:00,2024,5,May,Thu,6,Morning commute,30,NO CONTROLS,RAIN,DAYLIGHT,PEDESTRIAN,NOT DIVIDED,WET,INJURY AND / OR TOW DUE TO CRASH,,,"OVER $1,500",FAILING TO YIELD RIGHT-OF-WAY,2,INCAPACITATING INJURY,1,0,41.9981991765,-87.679999457,60626,"CHICAGO OHARE INTERNATIONAL AIRPORT, IL US",55.0,53.0,93.0,0.16,6.0,10.0
crash_05345,2021-06-23 16:00:00,2021,6,Jun,Wed,16,Evening commute,30,TRAFFIC SIGNAL,CLEAR,DAYLIGHT,REAR END,NOT DIVIDED,DRY,NO INJURY / DRIVE AWAY,,true,"$501 - $1,500",UNABLE TO DETERMINE,2,NO INDICATION OF INJURY,0,0,41.8752842012,-87.6667549017,60612,"CHICAGO MIDWAY AIRPORT, IL US",78.0,52.0,40.0,0.0,10.0,21.0
crash_05346,2019-11-14 00:03:00,2019,11,Nov,Thu,0,Night or early morning,30,TRAFFIC SIGNAL,SLEET/HAIL,"DARKNESS, LIGHTED ROAD",ANGLE,FOUR WAY,ICE,NO INJURY / DRIVE AWAY,true,,"OVER $1,500",DISREGARDING TRAFFIC SIGNALS,2,NO INDICATION OF INJURY,0,0,41.8515214423,-87.7249047867,60623,"CHICAGO MIDWAY AIRPORT, IL US",27.0,20.0,75.0,0.0,5.0,9.0
crash_05347,2024-10-11 16:42:00,2024,10,Oct,Fri,16,Evening commute,30,TRAFFIC SIGNAL,CLEAR,DAYLIGHT,SIDESWIPE SAME DIRECTION,DIVIDED - W/MEDIAN (NOT RAISED),DRY,NO INJURY / DRIVE AWAY,,true,"$501 - $1,500",DRIVING SKILLS/KNOWLEDGE/EXPERIENCE,2,NO INDICATION OF INJURY,0,0,41.7726346256,-87.62527215,60621,"CHICAGO MIDWAY AIRPORT, IL US",81.0,42.0,25.0,0.0,10.0,14.0
crash_05348,2023-02-20 09:00:00,2023,2,Feb,Mon,9,Morning commute,30,NO CONTROLS,CLEAR,DAYLIGHT,ANGLE,NOT DIVIDED,DRY,NO INJURY / DRIVE AWAY,,,"$501 - $1,500",UNABLE TO DETERMINE,2,NO INDICATION OF INJURY,0,0,41.9235739689,-87.7596731396,60639,"CHICAGO OHARE INTERNATIONAL AIRPORT, IL US",35.0,27.0,72.0,0.0,10.0,6.0
crash_05349,2018-01-17 15:30:00,2018,1,Jan,Wed,15,Evening commute,30,TRAFFIC SIGNAL,SNOW,DAYLIGHT,SIDESWIPE SAME DIRECTION,DIVIDED - W/MEDIAN (NOT RAISED),SNOW OR SLUSH,NO INJURY / DRIVE AWAY,,,"$501 - $1,500",UNABLE TO DETERMINE,2,NO INDICATION OF INJURY,0,0,41.8077594246,-87.6066737898,60615,"CHICAGO MIDWAY AIRPORT, IL US",20.0,9.0,62.0,0.0,10.0,16.0
crash_05350,2022-09-04 11:53:00,2022,9,Sep,Sun,11,Daytime,30,NO CONTROLS,RAIN,DAYLIGHT,REAR END,RAMP,WET,NO INJURY / DRIVE AWAY,,,"OVER $1,500",FOLLOWING TOO CLOSELY,2,NO INDICATION OF INJURY,0,0,41.8671342083,-87.6442375198,60607,"CHICAGO MIDWAY AIRPORT, IL US",74.0,67.0,79.0,0.0,10.0,8.0
crash_05351,2018-09-15 18:25:00,2018,9,Sep,Sat,18,Evening commute,0,NO CONTROLS,CLEAR,DAYLIGHT,FIXED OBJECT,PARKING LOT,DRY,NO INJURY / DRIVE AWAY,,,"OVER $1,500",DRIVING SKILLS/KNOWLEDGE/EXPERIENCE,1,NO INDICATION OF INJURY,0,0,41.7996273096,-87.5912001518,60615,"CHICAGO MIDWAY AIRPORT, IL US",75.0,59.0,58.0,0.0,10.0,10.0
crash_05352,2018-10-27 18:28:00,2018,10,Oct,Sat,18,Evening commute,30,TRAFFIC SIGNAL,RAIN,"DARKNESS, LIGHTED ROAD",REAR END,DIVIDED - W/MEDIAN (NOT RAISED),WET,INJURY AND / OR TOW DUE TO CRASH,,,"OVER $1,500",FAILING TO REDUCE SPEED TO AVOID CRASH,2,"REPORTED, NOT EVIDENT",2,0,41.9891301929,-87.6697872502,60660,"CHICAGO OHARE INTERNATIONAL AIRPORT, IL US",49.0,41.0,74.0,0.0,10.0,5.0
crash_05353,2022-07-14 02:14:00,2022,7,Jul,Thu,2,Night or early morning,30,TRAFFIC SIGNAL,CLEAR,"DARKNESS, LIGHTED ROAD",REAR END,NOT DIVIDED,DRY,INJURY AND / OR TOW DUE TO CRASH,,,"OVER $1,500",FOLLOWING TOO CLOSELY,2,NO INDICATION OF INJURY,0,0,41.8818086816,-87.6475083354,60607,"CHICAGO MIDWAY AIRPORT, IL US",68.0,55.0,63.0,0.0,10.0,5.0
crash_05354,2022-07-01 09:00:00,2022,7,Jul,Fri,9,Morning commute,30,NO CONTROLS,CLEAR,DAYLIGHT,REAR END,NOT DIVIDED,DRY,NO INJURY / DRIVE AWAY,,,"OVER $1,500",FOLLOWING TOO CLOSELY,2,NO INDICATION OF INJURY,0,0,41.8667249065,-87.6858425533,60612,"CHICAGO MIDWAY AIRPORT, IL US",80.0,60.0,51.0,0.0,10.0,6.0
crash_05355,2024-03-20 17:11:00,2024,3,Mar,Wed,17,Evening commute,30,UNKNOWN,CLEAR,DAYLIGHT,TURNING,DIVIDED - W/MEDIAN (NOT RAISED),DRY,NO INJURY / DRIVE AWAY,,true,"OVER $1,500",IMPROPER OVERTAKING/PASSING,2,NO INDICATION OF INJURY,0,0,41.7450952615,-87.6440264523,60620,"CHICAGO MIDWAY AIRPORT, IL US",38.0,15.0,39.0,0.0,10.0,11.0
crash_05356,2020-10-02 16:30:00,2020,10,Oct,Fri,16,Evening commute,30,NO CONTROLS,UNKNOWN,UNKNOWN,PARKED MOTOR VEHICLE,PARKING LOT,UNKNOWN,NO INJURY / DRIVE AWAY,,true,"OVER $1,500",UNABLE TO DETERMINE,2,NO INDICATION OF INJURY,0,0,41.8826329387,-87.6866218293,60612,"CHICAGO MIDWAY AIRPORT, IL US",55.0,29.0,37.0,0.0,10.0,7.0
crash_05357,2022-04-09 16:40:00,2022,4,Apr,Sat,16,Evening commute,30,TRAFFIC SIGNAL,CLEAR,"DARKNESS, LIGHTED ROAD",REAR END,NOT DIVIDED,DRY,NO INJURY / DRIVE AWAY,true,,$500 OR LESS,UNABLE TO DETERMINE,2,NO INDICATION OF INJURY,0,0,42.0116439244,-87.6630533424,60626,"CHICAGO OHARE INTERNATIONAL AIRPORT, IL US",50.0,25.0,37.0,,10.0,7.0
crash_05358,2021-03-01 18:00:00,2021,3,Mar,Mon,18,Evening commute,30,STOP SIGN/FLASHER,CLEAR,UNKNOWN,REAR END,NOT DIVIDED,DRY,INJURY AND / OR TOW DUE TO CRASH,true,,"OVER $1,500",FAILING TO REDUCE SPEED TO AVOID CRASH,2,NO INDICATION OF INJURY,0,0,41.9042002433,-87.753245529,60651,"CHICAGO MIDWAY AIRPORT, IL US",31.0,9.0,40.0,0.0,10.0,9.0
crash_05359,2020-08-03 15:24:00,2020,8,Aug,Mon,15,Evening commute,30,TRAFFIC SIGNAL,CLEAR,DAYLIGHT,REAR END,DIVIDED - W/MEDIAN BARRIER,DRY,NO INJURY / DRIVE AWAY,true,,"$501 - $1,500",UNABLE TO DETERMINE,3,NO INDICATION OF INJURY,0,0,41.8833460178,-87.6670192247,60612,"CHICAGO MIDWAY AIRPORT, IL US",71.0,58.0,63.0,0.0,10.0,15.0
crash_05360,2023-03-18 14:45:00,2023,3,Mar,Sat,14,Daytime,25,NO CONTROLS,CLOUDY/OVERCAST,DAYLIGHT,SIDESWIPE OPPOSITE DIRECTION,DIVIDED - W/MEDIAN (NOT RAISED),DRY,INJURY AND / OR TOW DUE TO CRASH,true,,"OVER $1,500",PHYSICAL CONDITION OF DRIVER,3,NO INDICATION OF INJURY,0,0,41.939904917,-87.6618870023,60657,"CHICAGO MIDWAY AIRPORT, IL US",25.0,10.0,53.0,0.0,10.0,23.0
crash_05361,2024-09-30 14:27:00,2024,9,Sep,Mon,14,Daytime,25,NO CONTROLS,CLEAR,DAYLIGHT,REAR TO FRONT,NOT DIVIDED,DRY,NO INJURY / DRIVE AWAY,,true,"OVER $1,500","OPERATING VEHICLE IN ERRATIC, RECKLESS, CARELESS, NEGLIGENT OR AGGRESSIVE MANNER",2,NO INDICATION OF INJURY,0,0,41.9005773532,-87.6400798087,60610,"CHICAGO MIDWAY AIRPORT, IL US",78.0,62.0,58.0,0.0,10.0,10.0
crash_05362,2021-10-19 17:25:00,2021,10,Oct,Tue,17,Evening commute,25,NO CONTROLS,CLEAR,DUSK,PARKED MOTOR VEHICLE,NOT DIVIDED,DRY,NO INJURY / DRIVE AWAY,,,"OVER $1,500",NOT APPLICABLE,2,NO INDICATION OF INJURY,0,0,41.9355553185,-87.7190992203,60618,"CHICAGO MIDWAY AIRPORT, IL US",68.0,41.0,38.0,0.0,10.0,9.0
crash_05363,2022-04-24 12:00:00,2022,4,Apr,Sun,12,Daytime,30,NO CONTROLS,UNKNOWN,UNKNOWN,PARKED MOTOR VEHICLE,DIVIDED - W/MEDIAN (NOT RAISED),UNKNOWN,NO INJURY / DRIVE AWAY,,true,$500 OR LESS,UNABLE TO DETERMINE,2,NO INDICATION OF INJURY,0,0,41.7600109035,-87.6344729518,60621,"CHICAGO MIDWAY AIRPORT, IL US",70.0,62.0,76.0,0.01,8.0,20.0
crash_05364,2020-07-24 20:07:00,2020,7,Jul,Fri,20,Night or early morning,30,TRAFFIC SIGNAL,CLEAR,DAYLIGHT,PEDALCYCLIST,FOUR WAY,DRY,NO INJURY / DRIVE AWAY,true,,$500 OR LESS,UNABLE TO DETERMINE,2,NO INDICATION OF INJURY,0,0,41.9904368678,-87.7072273441,60659,"CHICAGO OHARE INTERNATIONAL AIRPORT, IL US",82.0,66.0,58.0,0.0,10.0,8.0
crash_05365,2024-11-19 22:40:00,2024,11,Nov,Tue,22,Night or early morning,30,NO CONTROLS,CLEAR,"DARKNESS, LIGHTED ROAD",PEDALCYCLIST,DIVIDED - W/MEDIAN (NOT RAISED),DRY,INJURY AND / OR TOW DUE TO CRASH,,true,$500 OR LESS,FOLLOWING TOO CLOSELY,2,NONINCAPACITATING INJURY,1,0,41.9168669028,-87.7422214645,60639,"CHICAGO MIDWAY AIRPORT, IL US",48.0,40.0,74.0,0.0,10.0,6.0
crash_05366,2024-07-17 17:41:00,2024,7,Jul,Wed,17,Evening commute,30,TRAFFIC SIGNAL,CLEAR,DAYLIGHT,PEDALCYCLIST,RAMP,DRY,INJURY AND / OR TOW DUE TO CRASH,,true,"OVER $1,500",FOLLOWING TOO CLOSELY,2,NONINCAPACITATING INJURY,1,0,41.8842620056,-87.6163677044,60602,"CHICAGO MIDWAY AIRPORT, IL US",77.0,59.0,54.0,0.0,10.0,13.0
crash_05367,2018-10-06 12:30:00,2018,10,Oct,Sat,12,Daytime,30,NO CONTROLS,CLEAR,DAYLIGHT,REAR END,NOT DIVIDED,DRY,NO INJURY / DRIVE AWAY,,,"OVER $1,500",UNABLE TO DETERMINE,2,NO INDICATION OF INJURY,0,0,41.92757344,-87.6813388394,60647,"CHICAGO MIDWAY AIRPORT, IL US",64.0,61.0,90.0,,8.0,16.0
crash_05368,2023-10-15 12:40:00,2023,10,Oct,Sun,12,Daytime,20,STOP SIGN/FLASHER,CLEAR,DAYLIGHT,REAR END,NOT DIVIDED,DRY,NO INJURY / DRIVE AWAY,true,,"$501 - $1,500",FOLLOWING TOO CLOSELY,2,NO INDICATION OF INJURY,0,0,41.935929574,-87.6444071626,60657,"CHICAGO MIDWAY AIRPORT, IL US",55.0,43.0,63.0,,10.0,10.0
crash_05369,2025-05-05 07:09:00,2025,5,May,Mon,7,Morning commute,35,TRAFFIC SIGNAL,RAIN,DAYLIGHT,REAR END,DIVIDED - W/MEDIAN (NOT RAISED),WET,NO INJURY / DRIVE AWAY,true,,"$501 - $1,500",UNABLE TO DETERMINE,2,NO INDICATION OF INJURY,0,0,41.9024731594,-87.7317262597,60651,"CHICAGO MIDWAY AIRPORT, IL US",48.0,45.0,89.0,0.01,5.0,8.0
crash_05370,2018-04-28 08:30:00,2018,4,Apr,Sat,8,Morning commute,30,NO CONTROLS,CLEAR,DAYLIGHT,TURNING,NOT DIVIDED,DRY,INJURY AND / OR TOW DUE TO CRASH,,,"OVER $1,500",NOT APPLICABLE,2,NO INDICATION OF INJURY,0,0,41.722320191,-87.5784341164,60617,"CHICAGO MIDWAY AIRPORT, IL US",44.0,33.0,65.0,0.0,10.0,13.0
crash_05371,2023-07-20 06:50:00,2023,7,Jul,Thu,6,Morning commute,30,STOP SIGN/FLASHER,CLEAR,DAYLIGHT,ANGLE,NOT DIVIDED,DRY,INJURY AND / OR TOW DUE TO CRASH,true,,"OVER $1,500",UNABLE TO DETERMINE,2,NONINCAPACITATING INJURY,1,0,41.9365553327,-87.806845354,60707,"CHICAGO OHARE INTERNATIONAL AIRPORT, IL US",73.0,65.0,76.0,0.0,10.0,7.0
crash_05372,2024-10-12 04:30:00,2024,10,Oct,Sat,4,Night or early morning,25,NO CONTROLS,CLEAR,DARKNESS,PARKED MOTOR VEHICLE,ONE-WAY,DRY,INJURY AND / OR TOW DUE TO CRASH,,true,"OVER $1,500",NOT APPLICABLE,4,NO INDICATION OF INJURY,0,0,41.8717442347,-87.7249498409,60624,"CHICAGO MIDWAY AIRPORT, IL US",63.0,51.0,65.0,0.0,10.0,10.0
crash_05373,2018-11-13 08:10:00,2018,11,Nov,Tue,8,Morning commute,30,NO CONTROLS,CLEAR,DAYLIGHT,PARKED MOTOR VEHICLE,NOT DIVIDED,DRY,INJURY AND / OR TOW DUE TO CRASH,,,"OVER $1,500",DRIVING SKILLS/KNOWLEDGE/EXPERIENCE,2,NO INDICATION OF INJURY,0,0,41.8528891354,-87.6977851053,60623,"CHICAGO MIDWAY AIRPORT, IL US",21.0,8.0,57.0,0.0,10.0,11.0
crash_05374,2024-12-16 15:45:00,2024,12,Dec,Mon,15,Evening commute,35,UNKNOWN,CLEAR,UNKNOWN,REAR END,NOT DIVIDED,WET,NO INJURY / DRIVE AWAY,,,"OVER $1,500",UNABLE TO DETERMINE,2,NO INDICATION OF INJURY,0,0,41.8848799673,-87.7172568183,60624,"CHICAGO MIDWAY AIRPORT, IL US",47.0,40.0,77.0,,10.0,14.0
crash_05375,2019-01-16 16:15:00,2019,1,Jan,Wed,16,Evening commute,30,TRAFFIC SIGNAL,CLEAR,DAYLIGHT,REAR END,NOT DIVIDED,DRY,INJURY AND / OR TOW DUE TO CRASH,,,"$501 - $1,500",FOLLOWING TOO CLOSELY,3,NONINCAPACITATING INJURY,1,0,41.9032356331,-87.6809611113,60622,"CHICAGO MIDWAY AIRPORT, IL US",31.0,23.0,72.0,0.0,10.0,13.0
crash_05376,2018-09-16 20:20:00,2018,9,Sep,Sun,20,Night or early morning,30,TRAFFIC SIGNAL,CLEAR,DARKNESS,SIDESWIPE SAME DIRECTION,NOT DIVIDED,DRY,NO INJURY / DRIVE AWAY,false,true,"$501 - $1,500",IMPROPER LANE USAGE,2,NO INDICATION OF INJURY,0,0,41.8446268551,-87.7051026734,60623,"CHICAGO MIDWAY AIRPORT, IL US",79.0,63.0,58.0,0.0,10.0,9.0
crash_05377,2024-03-04 08:33:00,2024,3,Mar,Mon,8,Morning commute,30,NO CONTROLS,CLEAR,DAYLIGHT,SIDESWIPE SAME DIRECTION,NOT DIVIDED,DRY,NO INJURY / DRIVE AWAY,,true,"$501 - $1,500",NOT APPLICABLE,2,NO INDICATION OF INJURY,0,0,41.7669428539,-87.690495155,60629,"CHICAGO MIDWAY AIRPORT, IL US",62.0,54.0,75.0,0.0,10.0,8.0
crash_05378,2024-05-24 21:00:00,2024,5,May,Fri,21,Night or early morning,30,TRAFFIC SIGNAL,CLOUDY/OVERCAST,"DARKNESS, LIGHTED ROAD",SIDESWIPE SAME DIRECTION,NOT DIVIDED,WET,NO INJURY / DRIVE AWAY,,,"OVER $1,500",UNABLE TO DETERMINE,2,NO INDICATION OF INJURY,0,0,41.8095347808,-87.5924502234,60615,"CHICAGO MIDWAY AIRPORT, IL US",72.0,58.0,61.0,0.01,10.0,9.0