crash_id,crash_datetime,crash_year,crash_month,crash_month_name,crash_weekday_name,crash_hour,time_period,posted_speed_limit_mph,traffic_control_device,reported_weather_condition,reported_lighting_condition,first_crash_type,trafficway_type,reported_road_surface_condition,crash_type,intersection_related,hit_and_run,estimated_damage,primary_contributory_cause,unit_count,most_severe_injury,injuries_total,injuries_fatal,latitude,longitude,zip5,weather_station_name,temperature_f,dew_point_f,relative_humidity_percent,precipitation_inches,visibility_miles,wind_speed_mph
crash_05379,2023-03-17 00:01:00,2023,3,Mar,Fri,0,Night or early morning,25,NO CONTROLS,UNKNOWN,UNKNOWN,PARKED MOTOR VEHICLE,ONE-WAY,UNKNOWN,NO INJURY / DRIVE AWAY,,,"OVER $1,500",UNABLE TO DETERMINE,2,NO INDICATION OF INJURY,0,0,41.9911018421,-87.6583945291,60660,"CHICAGO OHARE INTERNATIONAL AIRPORT, IL US",49.0,46.0,90.0,0.06,4.0,10.0
crash_05380,2025-05-17 02:36:00,2025,5,May,Sat,2,Night or early morning,30,NO CONTROLS,CLEAR,"DARKNESS, LIGHTED ROAD",FIXED OBJECT,NOT DIVIDED,DRY,INJURY AND / OR TOW DUE TO CRASH,,,"OVER $1,500",UNDER THE INFLUENCE OF ALCOHOL/DRUGS (USE WHEN ARREST IS EFFECTED),1,NO INDICATION OF INJURY,0,0,41.9614063795,-87.6910724901,60625,"CHICAGO OHARE INTERNATIONAL AIRPORT, IL US",57.0,44.0,62.0,0.0,10.0,23.0
crash_05381,2024-05-19 19:50:00,2024,5,May,Sun,19,Night or early morning,30,TRAFFIC SIGNAL,CLEAR,DAYLIGHT,SIDESWIPE SAME DIRECTION,NOT DIVIDED,DRY,NO INJURY / DRIVE AWAY,,true,"$501 - $1,500",FAILING TO REDUCE SPEED TO AVOID CRASH,2,NO INDICATION OF INJURY,0,0,41.820565773,-87.7436531982,60638,"CHICAGO MIDWAY AIRPORT, IL US",68.0,41.0,38.0,0.0,10.0,8.0
crash_05382,2023-12-22 10:45:00,2023,12,Dec,Fri,10,Daytime,20,NO CONTROLS,RAIN,DAYLIGHT,ANGLE,NOT DIVIDED,WET,NO INJURY / DRIVE AWAY,,,"OVER $1,500",FAILING TO YIELD RIGHT-OF-WAY,2,NO INDICATION OF INJURY,0,0,41.9338992687,-87.6758896714,60657,"CHICAGO MIDWAY AIRPORT, IL US",45.0,38.0,77.0,0.0,10.0,7.0
crash_05383,2020-09-30 11:30:00,2020,9,Sep,Wed,11,Daytime,30,NO CONTROLS,CLEAR,DAYLIGHT,TURNING,DIVIDED - W/MEDIAN (NOT RAISED),DRY,NO INJURY / DRIVE AWAY,,,"OVER $1,500",FAILING TO REDUCE SPEED TO AVOID CRASH,2,NO INDICATION OF INJURY,0,0,41.8668884596,-87.7155837235,60624,"CHICAGO MIDWAY AIRPORT, IL US",65.0,47.0,52.0,0.0,10.0,21.0
crash_05384,2023-05-25 16:10:00,2023,5,May,Thu,16,Evening commute,35,TRAFFIC SIGNAL,CLEAR,DAYLIGHT,SIDESWIPE SAME DIRECTION,FOUR WAY,DRY,NO INJURY / DRIVE AWAY,true,,"OVER $1,500",UNABLE TO DETERMINE,2,NO INDICATION OF INJURY,0,0,41.9169871008,-87.6582075536,60614,"CHICAGO MIDWAY AIRPORT, IL US",61.0,33.0,35.0,0.0,10.0,13.0
crash_05385,2021-12-04 19:00:00,2021,12,Dec,Sat,19,Night or early morning,35,TRAFFIC SIGNAL,CLEAR,DARKNESS,SIDESWIPE SAME DIRECTION,ONE-WAY,DRY,NO INJURY / DRIVE AWAY,,,"OVER $1,500",FAILING TO REDUCE SPEED TO AVOID CRASH,2,NO INDICATION OF INJURY,0,0,41.8930478037,-87.6364765073,60654,"CHICAGO MIDWAY AIRPORT, IL US",40.0,5.0,23.0,0.0,10.0,6.0
crash_05386,2024-12-06 18:30:00,2024,12,Dec,Fri,18,Evening commute,30,NO CONTROLS,CLEAR,"DARKNESS, LIGHTED ROAD",REAR END,FOUR WAY,UNKNOWN,NO INJURY / DRIVE AWAY,,,"OVER $1,500",FOLLOWING TOO CLOSELY,2,NO INDICATION OF INJURY,0,0,41.9526913626,-87.8074132476,60634,"CHICAGO OHARE INTERNATIONAL AIRPORT, IL US",30.0,10.0,43.0,,10.0,14.0
crash_05387,2018-11-27 15:00:00,2018,11,Nov,Tue,15,Evening commute,15,NO CONTROLS,CLEAR,DAYLIGHT,PARKED MOTOR VEHICLE,PARKING LOT,SNOW OR SLUSH,NO INJURY / DRIVE AWAY,,true,"$501 - $1,500",UNABLE TO DETERMINE,2,NO INDICATION OF INJURY,0,0,41.9988439115,-87.7059337144,60645,"CHICAGO OHARE INTERNATIONAL AIRPORT, IL US",23.0,15.0,72.0,0.0,10.0,13.0
crash_05388,2020-03-10 19:00:00,2020,3,Mar,Tue,19,Night or early morning,10,NO CONTROLS,CLEAR,"DARKNESS, LIGHTED ROAD",PEDESTRIAN,PARKING LOT,DRY,INJURY AND / OR TOW DUE TO CRASH,,,$500 OR LESS,UNABLE TO DETERMINE,2,"REPORTED, NOT EVIDENT",1,0,41.9269248056,-87.7927510481,60707,"CHICAGO OHARE INTERNATIONAL AIRPORT, IL US",39.0,27.0,62.0,0.0,10.0,9.0
crash_05389,2025-02-25 09:40:00,2025,2,Feb,Tue,9,Morning commute,30,TRAFFIC SIGNAL,CLEAR,DAYLIGHT,SIDESWIPE SAME DIRECTION,FOUR WAY,DRY,NO INJURY / DRIVE AWAY,,true,"OVER $1,500",UNABLE TO DETERMINE,2,NO INDICATION OF INJURY,0,0,41.7591586022,-87.6832464073,60629,"CHICAGO MIDWAY AIRPORT, IL US",50.0,37.0,61.0,0.0,10.0,9.0
crash_05390,2022-03-03 19:00:00,2022,3,Mar,Thu,19,Night or early morning,30,NO CONTROLS,CLEAR,DAYLIGHT,REAR END,NOT DIVIDED,DRY,NO INJURY / DRIVE AWAY,,,"OVER $1,500",UNABLE TO DETERMINE,3,NO INDICATION OF INJURY,0,0,41.9382690733,-87.7956394558,60634,"CHICAGO OHARE INTERNATIONAL AIRPORT, IL US",29.0,14.0,54.0,0.0,10.0,8.0
crash_05391,2025-05-04 21:30:00,2025,5,May,Sun,21,Night or early morning,20,NO CONTROLS,CLEAR,"DARKNESS, LIGHTED ROAD",PARKED MOTOR VEHICLE,ONE-WAY,DRY,NO INJURY / DRIVE AWAY,,true,"OVER $1,500",IMPROPER OVERTAKING/PASSING,2,NO INDICATION OF INJURY,0,0,41.9313517123,-87.7867763402,60634,"CHICAGO OHARE INTERNATIONAL AIRPORT, IL US",47.0,42.0,83.0,0.0,10.0,10.0
crash_05392,2022-09-07 20:50:00,2022,9,Sep,Wed,20,Night or early morning,30,NO CONTROLS,CLEAR,"DARKNESS, LIGHTED ROAD",SIDESWIPE SAME DIRECTION,ONE-WAY,DRY,NO INJURY / DRIVE AWAY,,,"OVER $1,500",IMPROPER LANE USAGE,2,NO INDICATION OF INJURY,0,0,41.8846794997,-87.6310912722,60601,"CHICAGO MIDWAY AIRPORT, IL US",74.0,56.0,54.0,0.0,10.0,5.0
crash_05393,2024-07-17 21:00:00,2024,7,Jul,Wed,21,Night or early morning,30,NO CONTROLS,CLEAR,"DARKNESS, LIGHTED ROAD",PARKED MOTOR VEHICLE,ONE-WAY,DRY,NO INJURY / DRIVE AWAY,,true,"OVER $1,500",UNABLE TO DETERMINE,2,NO INDICATION OF INJURY,0,0,41.7132904867,-87.635004688,60628,"CHICAGO MIDWAY AIRPORT, IL US",71.0,58.0,63.0,0.0,10.0,13.0
crash_05394,2018-02-15 02:00:00,2018,2,Feb,Thu,2,Night or early morning,30,STOP SIGN/FLASHER,FOG/SMOKE/HAZE,DAYLIGHT,ANGLE,NOT DIVIDED,WET,INJURY AND / OR TOW DUE TO CRASH,,,"OVER $1,500",DISREGARDING STOP SIGN,2,"REPORTED, NOT EVIDENT",2,0,41.8091935132,-87.6229793064,60615,"CHICAGO MIDWAY AIRPORT, IL US",40.0,40.0,100.0,0.0,0.5,11.0
crash_05395,2024-04-05 23:50:00,2024,4,Apr,Fri,23,Night or early morning,30,NO CONTROLS,CLEAR,DARKNESS,PARKED MOTOR VEHICLE,NOT DIVIDED,DRY,NO INJURY / DRIVE AWAY,,,"$501 - $1,500",IMPROPER BACKING,2,NO INDICATION OF INJURY,0,0,41.8554028935,-87.6987075449,60623,"CHICAGO MIDWAY AIRPORT, IL US",38.0,25.0,60.0,0.0,10.0,6.0
crash_05396,2020-04-23 18:15:00,2020,4,Apr,Thu,18,Evening commute,30,NO CONTROLS,CLEAR,DAYLIGHT,ANGLE,OTHER,DRY,NO INJURY / DRIVE AWAY,true,,"OVER $1,500",FAILING TO YIELD RIGHT-OF-WAY,2,NO INDICATION OF INJURY,0,0,41.7822483397,-87.7230081715,60629,"CHICAGO MIDWAY AIRPORT, IL US",51.0,42.0,71.0,0.0,6.0,11.0
crash_05397,2019-12-07 15:05:00,2019,12,Dec,Sat,15,Evening commute,30,NO CONTROLS,CLEAR,DAYLIGHT,TURNING,NOT DIVIDED,DRY,NO INJURY / DRIVE AWAY,,true,"OVER $1,500",IMPROPER TURNING/NO SIGNAL,2,NO INDICATION OF INJURY,0,0,41.9106239847,-87.6332790115,60610,"CHICAGO MIDWAY AIRPORT, IL US",39.0,23.0,53.0,0.0,10.0,10.0
crash_05398,2019-08-08 10:45:00,2019,8,Aug,Thu,10,Daytime,30,TRAFFIC SIGNAL,CLEAR,DAYLIGHT,TURNING,NOT DIVIDED,DRY,NO INJURY / DRIVE AWAY,,,$500 OR LESS,FOLLOWING TOO CLOSELY,2,NO INDICATION OF INJURY,0,0,41.9129164171,-87.74377775,60639,"CHICAGO MIDWAY AIRPORT, IL US",84.0,61.0,46.0,0.0,10.0,14.0
crash_05399,2021-10-14 16:30:00,2021,10,Oct,Thu,16,Evening commute,30,TRAFFIC SIGNAL,CLEAR,DAYLIGHT,TURNING,NOT DIVIDED,DRY,NO INJURY / DRIVE AWAY,,,"$501 - $1,500",UNABLE TO DETERMINE,2,NO INDICATION OF INJURY,0,0,41.6888459803,-87.6279443482,60628,"CHICAGO MIDWAY AIRPORT, IL US",68.0,48.0,49.0,0.0,10.0,8.0
crash_05400,2020-07-02 15:45:00,2020,7,Jul,Thu,15,Evening commute,35,NO CONTROLS,CLEAR,DAYLIGHT,PARKED MOTOR VEHICLE,NOT DIVIDED,DRY,NO INJURY / DRIVE AWAY,,,"$501 - $1,500",UNABLE TO DETERMINE,2,NO INDICATION OF INJURY,0,0,41.880052651,-87.7356040875,60624,"CHICAGO MIDWAY AIRPORT, IL US",89.0,58.0,35.0,0.0,10.0,9.0
crash_05401,2021-04-11 09:50:00,2021,4,Apr,Sun,9,Morning commute,30,TRAFFIC SIGNAL,CLEAR,DAYLIGHT,TURNING,DIVIDED - W/MEDIAN (NOT RAISED),DRY,NO INJURY / DRIVE AWAY,true,,"OVER $1,500",UNABLE TO DETERMINE,2,NO INDICATION OF INJURY,0,0,41.9248962846,-87.6975620208,60647,"CHICAGO MIDWAY AIRPORT, IL US",52.0,45.0,77.0,,10.0,3.0
crash_05402,2023-02-17 18:26:00,2023,2,Feb,Fri,18,Evening commute,35,NO CONTROLS,CLEAR,"DARKNESS, LIGHTED ROAD",REAR END,DIVIDED - W/MEDIAN BARRIER,DRY,INJURY AND / OR TOW DUE TO CRASH,,,"OVER $1,500",FOLLOWING TOO CLOSELY,3,NONINCAPACITATING INJURY,3,0,41.825882585,-87.6009718542,60653,"CHICAGO MIDWAY AIRPORT, IL US",23.0,14.0,68.0,0.0,10.0,8.0
crash_05403,2021-07-05 20:01:00,2021,7,Jul,Mon,20,Night or early morning,30,STOP SIGN/FLASHER,CLEAR,DAYLIGHT,TURNING,NOT DIVIDED,DRY,NO INJURY / DRIVE AWAY,,true,"OVER $1,500",DISREGARDING STOP SIGN,2,NO INDICATION OF INJURY,0,0,41.8857488699,-87.7456159771,60644,"CHICAGO MIDWAY AIRPORT, IL US",86.0,67.0,53.0,0.0,10.0,14.0
crash_05404,2021-06-07 08:42:00,2021,6,Jun,Mon,8,Morning commute,30,TRAFFIC SIGNAL,CLEAR,DAYLIGHT,ANGLE,DIVIDED - W/MEDIAN (NOT RAISED),DRY,INJURY AND / OR TOW DUE TO CRASH,true,,"OVER $1,500",DISREGARDING TRAFFIC SIGNALS,2,NO INDICATION OF INJURY,0,0,41.8696088242,-87.6421951742,60607,"CHICAGO MIDWAY AIRPORT, IL US",74.0,67.0,79.0,0.0,10.0,11.0
crash_05405,2023-05-25 11:13:00,2023,5,May,Thu,11,Daytime,15,NO CONTROLS,CLEAR,DAYLIGHT,ANGLE,PARKING LOT,DRY,NO INJURY / DRIVE AWAY,,,"OVER $1,500",FAILING TO YIELD RIGHT-OF-WAY,2,NO INDICATION OF INJURY,0,0,41.8662541761,-87.6665241401,60608,"CHICAGO MIDWAY AIRPORT, IL US",54.0,34.0,47.0,0.0,10.0,8.0
crash_05406,2024-03-16 22:00:00,2024,3,Mar,Sat,22,Night or early morning,30,NO CONTROLS,CLEAR,"DARKNESS, LIGHTED ROAD",PARKED MOTOR VEHICLE,ONE-WAY,UNKNOWN,NO INJURY / DRIVE AWAY,,true,"OVER $1,500",UNABLE TO DETERMINE,2,NO INDICATION OF INJURY,0,0,41.8517471461,-87.6236277576,60616,"CHICAGO MIDWAY AIRPORT, IL US",45.0,26.0,48.0,0.0,10.0,14.0
crash_05407,2019-10-23 12:30:00,2019,10,Oct,Wed,12,Daytime,30,TRAFFIC SIGNAL,CLEAR,DAYLIGHT,REAR END,DIVIDED - W/MEDIAN (NOT RAISED),DRY,NO INJURY / DRIVE AWAY,,true,$500 OR LESS,FOLLOWING TOO CLOSELY,2,NO INDICATION OF INJURY,0,0,41.8965992844,-87.6418067797,60610,"CHICAGO MIDWAY AIRPORT, IL US",53.0,38.0,57.0,0.0,10.0,7.0
crash_05408,2018-01-27 16:00:00,2018,1,Jan,Sat,16,Evening commute,30,TRAFFIC SIGNAL,CLEAR,DAYLIGHT,TURNING,DIVIDED - W/MEDIAN (NOT RAISED),DRY,NO INJURY / DRIVE AWAY,true,,"OVER $1,500",FAILING TO REDUCE SPEED TO AVOID CRASH,2,NO INDICATION OF INJURY,0,0,41.9388705551,-87.7470205618,60641,"CHICAGO OHARE INTERNATIONAL AIRPORT, IL US",47.0,24.0,41.0,0.0,10.0,13.0
crash_05409,2022-09-10 17:18:00,2022,9,Sep,Sat,17,Evening commute,30,STOP SIGN/FLASHER,CLEAR,DAYLIGHT,ANGLE,DIVIDED - W/MEDIAN (NOT RAISED),DRY,INJURY AND / OR TOW DUE TO CRASH,true,,"OVER $1,500",FAILING TO YIELD RIGHT-OF-WAY,2,INCAPACITATING INJURY,1,0,41.7307413963,-87.6436122776,60620,"CHICAGO MIDWAY AIRPORT, IL US",86.0,55.0,35.0,0.0,10.0,9.0
crash_05410,2023-08-14 23:50:00,2023,8,Aug,Mon,23,Night or early morning,30,TRAFFIC SIGNAL,RAIN,"DARKNESS, LIGHTED ROAD",PEDALCYCLIST,FOUR WAY,WET,NO INJURY / DRIVE AWAY,true,,$500 OR LESS,FAILING TO REDUCE SPEED TO AVOID CRASH,2,NO INDICATION OF INJURY,0,0,41.9527124023,-87.7668370952,60641,"CHICAGO OHARE INTERNATIONAL AIRPORT, IL US",64.0,62.0,93.0,0.05,5.0,9.0
crash_05411,2024-05-23 18:10:00,2024,5,May,Thu,18,Evening commute,30,TRAFFIC SIGNAL,CLEAR,DAYLIGHT,TURNING,DIVIDED - W/MEDIAN BARRIER,DRY,NO INJURY / DRIVE AWAY,true,,"$501 - $1,500",IMPROPER LANE USAGE,2,NO INDICATION OF INJURY,0,0,41.8673879139,-87.6204910341,60605,"CHICAGO MIDWAY AIRPORT, IL US",77.0,45.0,32.0,0.0,10.0,11.0
crash_05412,2025-03-08 01:30:00,2025,3,Mar,Sat,1,Night or early morning,30,TRAFFIC SIGNAL,CLEAR,"DARKNESS, LIGHTED ROAD",TURNING,DIVIDED - W/MEDIAN (NOT RAISED),DRY,INJURY AND / OR TOW DUE TO CRASH,true,true,"$501 - $1,500",IMPROPER TURNING/NO SIGNAL,2,NO INDICATION OF INJURY,0,0,41.7219704652,-87.6033480401,60628,"CHICAGO MIDWAY AIRPORT, IL US",33.0,29.0,85.0,0.0,9.0,6.0
crash_05413,2019-10-25 21:05:00,2019,10,Oct,Fri,21,Night or early morning,30,NO CONTROLS,CLEAR,"DARKNESS, LIGHTED ROAD",SIDESWIPE SAME DIRECTION,CENTER TURN LANE,DRY,NO INJURY / DRIVE AWAY,,,"$501 - $1,500",UNABLE TO DETERMINE,2,NO INDICATION OF INJURY,0,0,41.932277385,-87.7268451912,60618,"CHICAGO MIDWAY AIRPORT, IL US",44.0,36.0,73.0,,10.0,0.0
crash_05414,2023-12-01 21:05:00,2023,12,Dec,Fri,21,Night or early morning,30,NO CONTROLS,CLEAR,"DARKNESS, LIGHTED ROAD",PARKED MOTOR VEHICLE,DIVIDED - W/MEDIAN (NOT RAISED),DRY,NO INJURY / DRIVE AWAY,,,"OVER $1,500",IMPROPER BACKING,2,NO INDICATION OF INJURY,0,0,41.8920011335,-87.6279289617,60611,"CHICAGO MIDWAY AIRPORT, IL US",43.0,41.0,93.0,0.01,6.0,7.0
crash_05415,2018-11-12 11:00:00,2018,11,Nov,Mon,11,Daytime,30,NO CONTROLS,CLOUDY/OVERCAST,DAYLIGHT,SIDESWIPE SAME DIRECTION,DIVIDED - W/MEDIAN (NOT RAISED),DRY,NO INJURY / DRIVE AWAY,,,"$501 - $1,500",IMPROPER OVERTAKING/PASSING,2,NO INDICATION OF INJURY,0,0,41.9854044916,-87.6562536901,60660,"CHICAGO OHARE INTERNATIONAL AIRPORT, IL US",33.0,22.0,64.0,0.0,10.0,9.0
crash_05416,2021-04-27 22:06:00,2021,4,Apr,Tue,22,Night or early morning,35,TRAFFIC SIGNAL,CLEAR,"DARKNESS, LIGHTED ROAD",ANGLE,FOUR WAY,DRY,INJURY AND / OR TOW DUE TO CRASH,true,,"OVER $1,500",DISREGARDING TRAFFIC SIGNALS,2,NONINCAPACITATING INJURY,5,0,41.794225291,-87.6258360156,60621,"CHICAGO MIDWAY AIRPORT, IL US",64.0,46.0,52.0,0.0,10.0,7.0
crash_05417,2019-09-29 17:28:00,2019,9,Sep,Sun,17,Evening commute,30,NO CONTROLS,CLEAR,DAYLIGHT,PEDALCYCLIST,DIVIDED - W/MEDIAN (NOT RAISED),DRY,NO INJURY / DRIVE AWAY,,,$500 OR LESS,FAILING TO YIELD RIGHT-OF-WAY,2,NO INDICATION OF INJURY,0,0,41.7792352173,-87.6927437889,60629,"CHICAGO MIDWAY AIRPORT, IL US",69.0,65.0,87.0,,10.0,6.0
crash_05418,2024-04-30 08:54:00,2024,4,Apr,Tue,8,Morning commute,25,NO CONTROLS,CLEAR,DAYLIGHT,SIDESWIPE SAME DIRECTION,NOT DIVIDED,DRY,INJURY AND / OR TOW DUE TO CRASH,,,"OVER $1,500",FAILING TO YIELD RIGHT-OF-WAY,2,NO INDICATION OF INJURY,0,0,41.7282326221,-87.666731011,60620,"CHICAGO MIDWAY AIRPORT, IL US",59.0,43.0,56.0,0.0,10.0,9.0
crash_05419,2020-12-01 21:04:00,2020,12,Dec,Tue,21,Night or early morning,30,NO CONTROLS,CLEAR,"DARKNESS, LIGHTED ROAD",ANGLE,OTHER,DRY,INJURY AND / OR TOW DUE TO CRASH,,,"OVER $1,500",FAILING TO YIELD RIGHT-OF-WAY,3,NONINCAPACITATING INJURY,1,0,41.8945936427,-87.763704515,60644,"CHICAGO MIDWAY AIRPORT, IL US",29.0,18.0,63.0,0.0,10.0,7.0
crash_05420,2019-12-08 18:00:00,2019,12,Dec,Sun,18,Evening commute,10,NO CONTROLS,UNKNOWN,DARKNESS,REAR TO FRONT,OTHER,UNKNOWN,NO INJURY / DRIVE AWAY,,true,"$501 - $1,500",UNABLE TO DETERMINE,2,NO INDICATION OF INJURY,0,0,41.722372112,-87.5742746955,60617,"CHICAGO MIDWAY AIRPORT, IL US",48.0,42.0,80.0,0.0,7.0,5.0
crash_05421,2024-12-03 08:30:00,2024,12,Dec,Tue,8,Morning commute,25,NO CONTROLS,CLEAR,DAYLIGHT,PARKED MOTOR VEHICLE,ONE-WAY,DRY,NO INJURY / DRIVE AWAY,,,$500 OR LESS,DRIVING SKILLS/KNOWLEDGE/EXPERIENCE,2,NO INDICATION OF INJURY,0,0,41.7510941378,-87.6769558483,60620,"CHICAGO MIDWAY AIRPORT, IL US",21.0,15.0,78.0,,10.0,8.0
crash_05422,2019-09-24 07:12:00,2019,9,Sep,Tue,7,Morning commute,30,TRAFFIC SIGNAL,CLEAR,DAYLIGHT,TURNING,NOT DIVIDED,DRY,INJURY AND / OR TOW DUE TO CRASH,true,,"OVER $1,500",IMPROPER TURNING/NO SIGNAL,2,NO INDICATION OF INJURY,0,0,41.9851979302,-87.6624049613,60660,"CHICAGO OHARE INTERNATIONAL AIRPORT, IL US",59.0,54.0,83.0,0.0,10.0,7.0
crash_05423,2022-07-05 09:30:00,2022,7,Jul,Tue,9,Morning commute,25,UNKNOWN,CLEAR,DAYLIGHT,ANGLE,NOT DIVIDED,UNKNOWN,NO INJURY / DRIVE AWAY,true,,"OVER $1,500","VISION OBSCURED (SIGNS, TREE LIMBS, BUILDINGS, ETC.)",2,NO INDICATION OF INJURY,0,0,41.859931601,-87.6450206965,60616,"CHICAGO MIDWAY AIRPORT, IL US",87.0,75.0,67.0,0.0,10.0,9.0
crash_05424,2023-07-19 17:20:00,2023,7,Jul,Wed,17,Evening commute,35,STOP SIGN/FLASHER,CLEAR,DAYLIGHT,REAR END,DIVIDED - W/MEDIAN (NOT RAISED),DRY,NO INJURY / DRIVE AWAY,,,"OVER $1,500",UNABLE TO DETERMINE,2,NO INDICATION OF INJURY,0,0,41.6917199969,-87.5319754092,60617,"CHICAGO MIDWAY AIRPORT, IL US",85.0,55.0,36.0,0.0,10.0,6.0
crash_05425,2019-12-22 18:07:00,2019,12,Dec,Sun,18,Evening commute,30,NO CONTROLS,CLEAR,DUSK,OTHER OBJECT,ONE-WAY,DRY,INJURY AND / OR TOW DUE TO CRASH,true,,$500 OR LESS,EQUIPMENT - VEHICLE CONDITION,2,NO INDICATION OF INJURY,0,0,41.721211225,-87.5853248643,60628,"CHICAGO MIDWAY AIRPORT, IL US",47.0,34.0,61.0,0.0,10.0,10.0
crash_05426,2024-01-22 14:50:00,2024,1,Jan,Mon,14,Daytime,30,TRAFFIC SIGNAL,CLEAR,DAYLIGHT,SIDESWIPE SAME DIRECTION,DIVIDED - W/MEDIAN BARRIER,DRY,NO INJURY / DRIVE AWAY,,,"$501 - $1,500",IMPROPER OVERTAKING/PASSING,2,NO INDICATION OF INJURY,0,0,41.8672630984,-87.646972686,60607,"CHICAGO MIDWAY AIRPORT, IL US",33.0,30.0,89.0,0.0,9.0,13.0
crash_05427,2022-10-19 11:00:00,2022,10,Oct,Wed,11,Daytime,30,NO CONTROLS,CLEAR,DAYLIGHT,PARKED MOTOR VEHICLE,NOT DIVIDED,DRY,NO INJURY / DRIVE AWAY,,true,"OVER $1,500",UNABLE TO DETERMINE,2,NO INDICATION OF INJURY,0,0,41.886591337,-87.6814793955,60612,"CHICAGO MIDWAY AIRPORT, IL US",44.0,26.0,49.0,0.0,10.0,11.0
crash_05428,2023-08-21 22:17:00,2023,8,Aug,Mon,22,Night or early morning,30,NO CONTROLS,CLEAR,DARKNESS,REAR TO FRONT,ONE-WAY,DRY,INJURY AND / OR TOW DUE TO CRASH,,,"OVER $1,500",IMPROPER BACKING,2,NO INDICATION OF INJURY,0,0,41.8819548871,-87.7429975836,60644,"CHICAGO MIDWAY AIRPORT, IL US",72.0,64.0,76.0,0.0,10.0,9.0
crash_05429,2020-10-02 17:00:00,2020,10,Oct,Fri,17,Evening commute,35,TRAFFIC SIGNAL,CLEAR,DAYLIGHT,REAR END,NOT DIVIDED,DRY,NO INJURY / DRIVE AWAY,,,"$501 - $1,500",UNABLE TO DETERMINE,2,NO INDICATION OF INJURY,0,0,41.8483917906,-87.6758018018,60608,"CHICAGO MIDWAY AIRPORT, IL US",55.0,29.0,37.0,0.0,10.0,7.0
crash_05430,2023-12-09 04:40:00,2023,12,Dec,Sat,4,Night or early morning,30,STOP SIGN/FLASHER,RAIN,"DARKNESS, LIGHTED ROAD",PARKED MOTOR VEHICLE,NOT DIVIDED,WET,INJURY AND / OR TOW DUE TO CRASH,,true,"OVER $1,500",UNABLE TO DETERMINE,5,NO INDICATION OF INJURY,0,0,41.7767169387,-87.7053596215,60629,"CHICAGO MIDWAY AIRPORT, IL US",55.0,51.0,87.0,0.01,9.0,16.0
crash_05431,2023-03-04 21:30:00,2023,3,Mar,Sat,21,Night or early morning,30,NO CONTROLS,CLEAR,"DARKNESS, LIGHTED ROAD",TURNING,NOT DIVIDED,DRY,NO INJURY / DRIVE AWAY,,,"OVER $1,500",IMPROPER TURNING/NO SIGNAL,2,NO INDICATION OF INJURY,0,0,41.7112582322,-87.7209394734,60655,"CHICAGO MIDWAY AIRPORT, IL US",38.0,35.0,89.0,0.0,10.0,6.0
crash_05432,2020-11-25 04:45:00,2020,11,Nov,Wed,4,Night or early morning,30,NO CONTROLS,RAIN,"DARKNESS, LIGHTED ROAD",SIDESWIPE SAME DIRECTION,NOT DIVIDED,WET,NO INJURY / DRIVE AWAY,,true,"OVER $1,500",FAILING TO REDUCE SPEED TO AVOID CRASH,2,NO INDICATION OF INJURY,0,0,41.7360607413,-87.6522690499,60620,"CHICAGO MIDWAY AIRPORT, IL US",44.0,42.0,93.0,0.0,2.0,5.0
crash_05433,2025-03-24 10:16:00,2025,3,Mar,Mon,10,Daytime,35,NO CONTROLS,CLEAR,DAYLIGHT,TURNING,NOT DIVIDED,DRY,INJURY AND / OR TOW DUE TO CRASH,true,true,"OVER $1,500",IMPROPER TURNING/NO SIGNAL,3,NONINCAPACITATING INJURY,2,0,41.9537138965,-87.7152178304,60618,"CHICAGO OHARE INTERNATIONAL AIRPORT, IL US",34.0,23.0,64.0,0.0,10.0,24.0
crash_05434,2023-12-12 08:35:00,2023,12,Dec,Tue,8,Morning commute,30,NO CONTROLS,CLEAR,DAYLIGHT,REAR END,NOT DIVIDED,DRY,NO INJURY / DRIVE AWAY,,true,"OVER $1,500",UNABLE TO DETERMINE,2,NO INDICATION OF INJURY,0,0,42.0193480495,-87.6935406365,60645,"CHICAGO OHARE INTERNATIONAL AIRPORT, IL US",31.0,25.0,79.0,0.0,10.0,7.0
crash_05435,2019-12-30 14:45:00,2019,12,Dec,Mon,14,Daytime,30,NO CONTROLS,CLEAR,DAYLIGHT,PARKED MOTOR VEHICLE,NOT DIVIDED,DRY,NO INJURY / DRIVE AWAY,,,$500 OR LESS,"OPERATING VEHICLE IN ERRATIC, RECKLESS, CARELESS, NEGLIGENT OR AGGRESSIVE MANNER",2,NO INDICATION OF INJURY,0,0,41.9075703676,-87.6490807525,60642,"CHICAGO MIDWAY AIRPORT, IL US",31.0,24.0,76.0,0.0,9.0,22.0
crash_05436,2022-05-08 17:01:00,2022,5,May,Sun,17,Evening commute,35,NO CONTROLS,CLEAR,DAYLIGHT,PARKED MOTOR VEHICLE,NOT DIVIDED,DRY,INJURY AND / OR TOW DUE TO CRASH,,,"OVER $1,500",UNABLE TO DETERMINE,3,NO INDICATION OF INJURY,0,0,41.7893027117,-87.6548966835,60636,"CHICAGO MIDWAY AIRPORT, IL US",68.0,43.0,40.0,0.0,10.0,18.0