crash_id,crash_datetime,crash_year,crash_month,crash_month_name,crash_weekday_name,crash_hour,time_period,posted_speed_limit_mph,traffic_control_device,reported_weather_condition,reported_lighting_condition,first_crash_type,trafficway_type,reported_road_surface_condition,crash_type,intersection_related,hit_and_run,estimated_damage,primary_contributory_cause,unit_count,most_severe_injury,injuries_total,injuries_fatal,latitude,longitude,zip5,weather_station_name,temperature_f,dew_point_f,relative_humidity_percent,precipitation_inches,visibility_miles,wind_speed_mph
crash_05437,2025-07-26 17:30:00,2025,7,Jul,Sat,17,Evening commute,30,NO CONTROLS,CLEAR,DAYLIGHT,PARKED MOTOR VEHICLE,DIVIDED - W/MEDIAN (NOT RAISED),DRY,NO INJURY / DRIVE AWAY,,true,"$501 - $1,500",FOLLOWING TOO CLOSELY,2,NO INDICATION OF INJURY,0,0,41.7885517658,-87.7720565533,60638,"CHICAGO MIDWAY AIRPORT, IL US",83.0,70.0,65.0,0.0,10.0,5.0
crash_05438,2022-03-19 19:41:00,2022,3,Mar,Sat,19,Night or early morning,30,TRAFFIC SIGNAL,RAIN,DUSK,REAR END,DIVIDED - W/MEDIAN (NOT RAISED),WET,NO INJURY / DRIVE AWAY,true,,"OVER $1,500",FOLLOWING TOO CLOSELY,2,NO INDICATION OF INJURY,0,0,41.8922707326,-87.6347550031,60654,"CHICAGO MIDWAY AIRPORT, IL US",44.0,39.0,83.0,0.0,10.0,6.0
crash_05439,2018-11-26 06:45:00,2018,11,Nov,Mon,6,Morning commute,35,TRAFFIC SIGNAL,SNOW,DAYLIGHT,TURNING,NOT DIVIDED,SNOW OR SLUSH,NO INJURY / DRIVE AWAY,,,"OVER $1,500",DISREGARDING TRAFFIC SIGNALS,2,NO INDICATION OF INJURY,0,0,41.8515214423,-87.7249047867,60623,"CHICAGO MIDWAY AIRPORT, IL US",29.0,26.0,89.0,0.0,1.0,20.0
crash_05440,2022-11-15 12:40:00,2022,11,Nov,Tue,12,Daytime,30,NO CONTROLS,SNOW,DAYLIGHT,REAR END,NOT DIVIDED,WET,INJURY AND / OR TOW DUE TO CRASH,,,"$501 - $1,500",FOLLOWING TOO CLOSELY,2,NONINCAPACITATING INJURY,1,0,41.7496203331,-87.7035528892,60652,"CHICAGO MIDWAY AIRPORT, IL US",37.0,32.0,82.0,0.0,4.0,5.0
crash_05441,2022-09-25 01:31:00,2022,9,Sep,Sun,1,Night or early morning,30,NO CONTROLS,RAIN,"DARKNESS, LIGHTED ROAD",PARKED MOTOR VEHICLE,ONE-WAY,WET,INJURY AND / OR TOW DUE TO CRASH,,true,"OVER $1,500",NOT APPLICABLE,2,NO INDICATION OF INJURY,0,0,41.8074876455,-87.7420785064,60632,"CHICAGO MIDWAY AIRPORT, IL US",62.0,57.0,84.0,0.0,8.0,3.0
crash_05442,2018-12-26 12:15:00,2018,12,Dec,Wed,12,Daytime,30,NO CONTROLS,CLEAR,DAYLIGHT,SIDESWIPE SAME DIRECTION,DIVIDED - W/MEDIAN (NOT RAISED),DRY,NO INJURY / DRIVE AWAY,,true,"OVER $1,500",UNABLE TO DETERMINE,2,NO INDICATION OF INJURY,0,0,41.7215981148,-87.6263820782,60628,"CHICAGO MIDWAY AIRPORT, IL US",46.0,31.0,56.0,0.0,10.0,5.0
crash_05443,2022-02-24 17:47:00,2022,2,Feb,Thu,17,Evening commute,30,STOP SIGN/FLASHER,SNOW,"DARKNESS, LIGHTED ROAD",REAR TO SIDE,ONE-WAY,SNOW OR SLUSH,INJURY AND / OR TOW DUE TO CRASH,true,,"OVER $1,500",DRIVING ON WRONG SIDE/WRONG WAY,2,NONINCAPACITATING INJURY,1,0,41.9414111028,-87.6733669887,60657,"CHICAGO MIDWAY AIRPORT, IL US",28.0,21.0,74.0,,9.0,18.0
crash_05444,2020-01-29 23:57:00,2020,1,Jan,Wed,23,Night or early morning,30,NO CONTROLS,CLEAR,"DARKNESS, LIGHTED ROAD",FIXED OBJECT,DIVIDED - W/MEDIAN (NOT RAISED),DRY,INJURY AND / OR TOW DUE TO CRASH,,,"OVER $1,500",FOLLOWING TOO CLOSELY,1,NO INDICATION OF INJURY,0,0,41.9316641597,-87.7855648906,60634,"CHICAGO OHARE INTERNATIONAL AIRPORT, IL US",32.0,27.0,82.0,0.0,10.0,3.0
crash_05445,2023-10-20 16:55:00,2023,10,Oct,Fri,16,Evening commute,30,STOP SIGN/FLASHER,CLEAR,DAYLIGHT,TURNING,NOT DIVIDED,DRY,INJURY AND / OR TOW DUE TO CRASH,,,"OVER $1,500",IMPROPER LANE USAGE,3,"REPORTED, NOT EVIDENT",1,0,41.7558625625,-87.7162499875,60652,"CHICAGO MIDWAY AIRPORT, IL US",59.0,40.0,49.0,0.0,10.0,10.0
crash_05446,2024-08-12 11:26:00,2024,8,Aug,Mon,11,Daytime,30,TRAFFIC SIGNAL,CLEAR,DAYLIGHT,SIDESWIPE SAME DIRECTION,DIVIDED - W/MEDIAN (NOT RAISED),DRY,NO INJURY / DRIVE AWAY,false,,$500 OR LESS,IMPROPER OVERTAKING/PASSING,2,NO INDICATION OF INJURY,0,0,41.894893278,-87.7456569131,60644,"CHICAGO MIDWAY AIRPORT, IL US",76.0,53.0,45.0,0.0,10.0,8.0
crash_05447,2019-05-22 16:15:00,2019,5,May,Wed,16,Evening commute,30,TRAFFIC SIGNAL,CLEAR,DAYLIGHT,SIDESWIPE SAME DIRECTION,NOT DIVIDED,DRY,NO INJURY / DRIVE AWAY,,true,"OVER $1,500",IMPROPER LANE USAGE,3,NO INDICATION OF INJURY,0,0,41.9831790783,-87.728588389,60646,"CHICAGO OHARE INTERNATIONAL AIRPORT, IL US",81.0,54.0,39.0,0.0,10.0,24.0
crash_05448,2024-07-09 08:30:00,2024,7,Jul,Tue,8,Morning commute,35,TRAFFIC SIGNAL,CLEAR,DAYLIGHT,REAR END,DIVIDED - W/MEDIAN BARRIER,DRY,INJURY AND / OR TOW DUE TO CRASH,,,"$501 - $1,500",FOLLOWING TOO CLOSELY,2,"REPORTED, NOT EVIDENT",1,0,41.7210477089,-87.6820048306,60620,"CHICAGO MIDWAY AIRPORT, IL US",79.0,65.0,62.0,0.0,10.0,0.0
crash_05449,2025-01-30 17:55:00,2025,1,Jan,Thu,17,Evening commute,30,NO CONTROLS,RAIN,"DARKNESS, LIGHTED ROAD",REAR END,DIVIDED - W/MEDIAN BARRIER,WET,NO INJURY / DRIVE AWAY,,,"OVER $1,500",FOLLOWING TOO CLOSELY,2,NO INDICATION OF INJURY,0,0,41.8671354809,-87.6403063049,60607,"CHICAGO MIDWAY AIRPORT, IL US",42.0,38.0,85.0,0.04,5.0,8.0
crash_05450,2024-05-01 08:30:00,2024,5,May,Wed,8,Morning commute,15,OTHER REG. SIGN,CLEAR,DAYLIGHT,PARKED MOTOR VEHICLE,ONE-WAY,DRY,NO INJURY / DRIVE AWAY,,true,"OVER $1,500",UNABLE TO DETERMINE,2,NO INDICATION OF INJURY,0,0,41.9257722732,-87.7610520063,60639,"CHICAGO OHARE INTERNATIONAL AIRPORT, IL US",67.0,53.0,61.0,0.0,10.0,10.0
crash_05451,2021-10-05 10:41:00,2021,10,Oct,Tue,10,Daytime,30,TRAFFIC SIGNAL,CLOUDY/OVERCAST,DAYLIGHT,ANGLE,ONE-WAY,DRY,INJURY AND / OR TOW DUE TO CRASH,true,,"OVER $1,500",DISREGARDING STOP SIGN,2,NONINCAPACITATING INJURY,1,0,41.8695310894,-87.6438815301,60607,"CHICAGO MIDWAY AIRPORT, IL US",67.0,59.0,76.0,0.0,10.0,15.0
crash_05452,2019-05-08 18:25:00,2019,5,May,Wed,18,Evening commute,30,NO CONTROLS,CLEAR,DAYLIGHT,REAR END,NOT DIVIDED,DRY,INJURY AND / OR TOW DUE TO CRASH,,,$500 OR LESS,FAILING TO REDUCE SPEED TO AVOID CRASH,2,NONINCAPACITATING INJURY,1,0,41.8673447387,-87.7449444513,60644,"CHICAGO MIDWAY AIRPORT, IL US",73.0,55.0,53.0,0.0,10.0,20.0
crash_05453,2018-10-28 12:19:00,2018,10,Oct,Sun,12,Daytime,30,NO CONTROLS,CLOUDY/OVERCAST,DAYLIGHT,PARKED MOTOR VEHICLE,ONE-WAY,DRY,NO INJURY / DRIVE AWAY,,true,"OVER $1,500",UNABLE TO DETERMINE,2,NO INDICATION OF INJURY,0,0,41.7646163704,-87.5675548091,60649,"CHICAGO MIDWAY AIRPORT, IL US",49.0,40.0,71.0,0.0,10.0,16.0
crash_05454,2018-07-11 16:20:00,2018,7,Jul,Wed,16,Evening commute,40,NO CONTROLS,CLEAR,DAYLIGHT,SIDESWIPE SAME DIRECTION,DIVIDED - W/MEDIAN BARRIER,DRY,NO INJURY / DRIVE AWAY,,,"$501 - $1,500",FOLLOWING TOO CLOSELY,2,NO INDICATION OF INJURY,0,0,41.9261607198,-87.6315146648,60614,"CHICAGO MIDWAY AIRPORT, IL US",84.0,58.0,41.0,0.0,10.0,10.0
crash_05455,2018-11-07 17:30:00,2018,11,Nov,Wed,17,Evening commute,30,TRAFFIC SIGNAL,CLEAR,DARKNESS,TURNING,DIVIDED - W/MEDIAN BARRIER,DRY,INJURY AND / OR TOW DUE TO CRASH,true,,"OVER $1,500",UNABLE TO DETERMINE,2,NO INDICATION OF INJURY,0,0,41.8382102849,-87.6269217357,60616,"CHICAGO MIDWAY AIRPORT, IL US",37.0,26.0,65.0,0.0,10.0,13.0
crash_05456,2023-04-02 18:00:00,2023,4,Apr,Sun,18,Evening commute,30,NO CONTROLS,CLEAR,DAYLIGHT,PARKED MOTOR VEHICLE,NOT DIVIDED,DRY,NO INJURY / DRIVE AWAY,,true,"$501 - $1,500",UNABLE TO DETERMINE,2,NO INDICATION OF INJURY,0,0,41.7299229723,-87.6630387587,60620,"CHICAGO MIDWAY AIRPORT, IL US",56.0,37.0,49.0,0.0,10.0,16.0
crash_05457,2021-08-11 13:40:00,2021,8,Aug,Wed,13,Daytime,15,NO CONTROLS,CLEAR,DAYLIGHT,PARKED MOTOR VEHICLE,OTHER,DRY,NO INJURY / DRIVE AWAY,,,"$501 - $1,500",UNABLE TO DETERMINE,2,NO INDICATION OF INJURY,0,0,,,,,,,,,,
crash_05458,2018-07-28 01:35:00,2018,7,Jul,Sat,1,Night or early morning,30,NO CONTROLS,CLEAR,"DARKNESS, LIGHTED ROAD",FIXED OBJECT,NOT DIVIDED,DRY,INJURY AND / OR TOW DUE TO CRASH,true,,"OVER $1,500",EXCEEDING SAFE SPEED FOR CONDITIONS,1,NO INDICATION OF INJURY,0,0,41.8424389714,-87.6633084314,60608,"CHICAGO MIDWAY AIRPORT, IL US",66.0,55.0,68.0,0.0,10.0,5.0
crash_05459,2025-07-04 14:41:00,2025,7,Jul,Fri,14,Daytime,5,NO CONTROLS,CLEAR,DAYLIGHT,PARKED MOTOR VEHICLE,PARKING LOT,DRY,NO INJURY / DRIVE AWAY,,true,"OVER $1,500",UNABLE TO DETERMINE,2,NO INDICATION OF INJURY,0,0,41.7708587251,-87.5864132973,60637,"CHICAGO MIDWAY AIRPORT, IL US",87.0,68.0,53.0,0.0,10.0,8.0
crash_05460,2020-09-01 10:17:00,2020,9,Sep,Tue,10,Daytime,10,NO CONTROLS,CLOUDY/OVERCAST,DAYLIGHT,PARKED MOTOR VEHICLE,PARKING LOT,DRY,NO INJURY / DRIVE AWAY,,,"OVER $1,500",UNABLE TO DETERMINE,2,NO INDICATION OF INJURY,0,0,41.8828848325,-87.6862050495,60612,"CHICAGO MIDWAY AIRPORT, IL US",72.0,63.0,73.0,0.0,10.0,13.0
crash_05461,2025-09-25 15:15:00,2025,9,Sep,Thu,15,Evening commute,15,NO CONTROLS,CLEAR,DAYLIGHT,SIDESWIPE SAME DIRECTION,PARKING LOT,UNKNOWN,NO INJURY / DRIVE AWAY,,true,"OVER $1,500","OPERATING VEHICLE IN ERRATIC, RECKLESS, CARELESS, NEGLIGENT OR AGGRESSIVE MANNER",2,NO INDICATION OF INJURY,0,0,41.7640077493,-87.7224991077,60629,,,,,,,
crash_05462,2021-09-27 05:10:00,2021,9,Sep,Mon,5,Night or early morning,25,NO CONTROLS,CLEAR,"DARKNESS, LIGHTED ROAD",PARKED MOTOR VEHICLE,NOT DIVIDED,DRY,INJURY AND / OR TOW DUE TO CRASH,,true,"OVER $1,500",UNABLE TO DETERMINE,4,NO INDICATION OF INJURY,0,0,42.0064989838,-87.6831289392,60645,"CHICAGO OHARE INTERNATIONAL AIRPORT, IL US",67.0,56.0,68.0,0.0,10.0,10.0
crash_05463,2023-05-17 17:49:00,2023,5,May,Wed,17,Evening commute,30,NO CONTROLS,CLEAR,DAYLIGHT,HEAD ON,NOT DIVIDED,DRY,NO INJURY / DRIVE AWAY,,true,"OVER $1,500",FAILING TO YIELD RIGHT-OF-WAY,2,NO INDICATION OF INJURY,0,0,41.8656912617,-87.765304384,60644,"CHICAGO MIDWAY AIRPORT, IL US",58.0,39.0,50.0,0.0,10.0,10.0
crash_05464,2020-08-30 03:00:00,2020,8,Aug,Sun,3,Night or early morning,30,NO CONTROLS,CLEAR,DARKNESS,PARKED MOTOR VEHICLE,ONE-WAY,DRY,NO INJURY / DRIVE AWAY,,true,"OVER $1,500",UNABLE TO DETERMINE,2,NO INDICATION OF INJURY,0,0,41.7753361482,-87.709151554,60629,"CHICAGO MIDWAY AIRPORT, IL US",70.0,57.0,64.0,0.0,10.0,15.0
crash_05465,2022-05-03 18:30:00,2022,5,May,Tue,18,Evening commute,30,NO CONTROLS,CLEAR,DAYLIGHT,PARKED MOTOR VEHICLE,NOT DIVIDED,DRY,NO INJURY / DRIVE AWAY,,true,"OVER $1,500",FAILING TO REDUCE SPEED TO AVOID CRASH,2,NO INDICATION OF INJURY,0,0,41.7989842529,-87.6989778573,60632,"CHICAGO MIDWAY AIRPORT, IL US",46.0,43.0,89.0,0.0,1.5,18.0
crash_05466,2018-08-22 10:35:00,2018,8,Aug,Wed,10,Daytime,0,NO CONTROLS,CLEAR,DAYLIGHT,SIDESWIPE SAME DIRECTION,DRIVEWAY,DRY,NO INJURY / DRIVE AWAY,,,"OVER $1,500",FOLLOWING TOO CLOSELY,2,NO INDICATION OF INJURY,0,0,41.8022869486,-87.5941219302,60615,"CHICAGO MIDWAY AIRPORT, IL US",75.0,53.0,46.0,0.0,10.0,10.0
crash_05467,2023-12-05 08:15:00,2023,12,Dec,Tue,8,Morning commute,25,NO CONTROLS,RAIN,DAYLIGHT,SIDESWIPE SAME DIRECTION,NOT DIVIDED,WET,NO INJURY / DRIVE AWAY,,true,$500 OR LESS,UNABLE TO DETERMINE,2,NO INDICATION OF INJURY,0,0,41.9121104843,-87.6481608119,60614,"CHICAGO MIDWAY AIRPORT, IL US",35.0,32.0,89.0,0.0,1.75,6.0
crash_05468,2022-05-26 18:18:00,2022,5,May,Thu,18,Evening commute,30,NO CONTROLS,CLEAR,DAYLIGHT,REAR TO FRONT,NOT DIVIDED,DRY,NO INJURY / DRIVE AWAY,,true,"$501 - $1,500","OPERATING VEHICLE IN ERRATIC, RECKLESS, CARELESS, NEGLIGENT OR AGGRESSIVE MANNER",2,NO INDICATION OF INJURY,0,0,41.7912926053,-87.7227560038,60629,"CHICAGO MIDWAY AIRPORT, IL US",79.0,57.0,47.0,0.0,10.0,9.0
crash_05469,2019-05-26 22:31:00,2019,5,May,Sun,22,Night or early morning,30,TRAFFIC SIGNAL,CLEAR,"DARKNESS, LIGHTED ROAD",TURNING,NOT DIVIDED,DRY,INJURY AND / OR TOW DUE TO CRASH,true,,"OVER $1,500",CELL PHONE USE OTHER THAN TEXTING,2,NO INDICATION OF INJURY,0,0,41.932287183,-87.6879500934,60618,"CHICAGO MIDWAY AIRPORT, IL US",57.0,48.0,72.0,0.0,10.0,7.0
crash_05470,2023-11-28 21:30:00,2023,11,Nov,Tue,21,Night or early morning,25,NO CONTROLS,CLEAR,"DARKNESS, LIGHTED ROAD",PARKED MOTOR VEHICLE,NOT DIVIDED,UNKNOWN,NO INJURY / DRIVE AWAY,,,"OVER $1,500",UNABLE TO DETERMINE,2,NO INDICATION OF INJURY,0,0,41.9649166994,-87.7180022662,60625,"CHICAGO OHARE INTERNATIONAL AIRPORT, IL US",19.0,10.0,68.0,0.0,10.0,8.0
crash_05471,2019-02-02 16:34:00,2019,2,Feb,Sat,16,Evening commute,35,TRAFFIC SIGNAL,CLEAR,DAYLIGHT,REAR END,NOT DIVIDED,DRY,NO INJURY / DRIVE AWAY,,,"OVER $1,500",FOLLOWING TOO CLOSELY,2,NO INDICATION OF INJURY,0,0,41.7621362769,-87.6056334905,60619,"CHICAGO MIDWAY AIRPORT, IL US",39.0,35.0,86.0,,8.0,10.0
crash_05472,2019-01-29 22:33:00,2019,1,Jan,Tue,22,Night or early morning,30,TRAFFIC SIGNAL,SNOW,"DARKNESS, LIGHTED ROAD",PEDALCYCLIST,NOT DIVIDED,WET,INJURY AND / OR TOW DUE TO CRASH,,,"$501 - $1,500",DISREGARDING TRAFFIC SIGNALS,2,"REPORTED, NOT EVIDENT",1,0,41.9654796061,-87.6546415123,60640,"CHICAGO MIDWAY AIRPORT, IL US",-7.0,-18.0,58.0,0.0,10.0,17.0
crash_05473,2022-07-21 14:10:00,2022,7,Jul,Thu,14,Daytime,20,STOP SIGN/FLASHER,CLEAR,DAYLIGHT,ANGLE,NOT DIVIDED,DRY,NO INJURY / DRIVE AWAY,,,$500 OR LESS,IMPROPER LANE USAGE,2,NO INDICATION OF INJURY,0,0,41.9689954615,-87.6482218845,60640,"CHICAGO MIDWAY AIRPORT, IL US",93.0,64.0,38.0,0.0,10.0,18.0
crash_05474,2019-06-28 19:10:00,2019,6,Jun,Fri,19,Night or early morning,30,TRAFFIC SIGNAL,RAIN,DUSK,REAR END,DIVIDED - W/MEDIAN BARRIER,WET,NO INJURY / DRIVE AWAY,,,"OVER $1,500",UNABLE TO DETERMINE,2,NO INDICATION OF INJURY,0,0,41.8783101346,-87.6175759034,60604,"CHICAGO MIDWAY AIRPORT, IL US",85.0,63.0,48.0,,10.0,8.0
crash_05475,2022-07-28 17:30:00,2022,7,Jul,Thu,17,Evening commute,30,NO CONTROLS,CLEAR,DAYLIGHT,SIDESWIPE SAME DIRECTION,DIVIDED - W/MEDIAN (NOT RAISED),DRY,NO INJURY / DRIVE AWAY,,,"OVER $1,500",DRIVING SKILLS/KNOWLEDGE/EXPERIENCE,2,NO INDICATION OF INJURY,0,0,41.8083784079,-87.6845707169,60632,"CHICAGO MIDWAY AIRPORT, IL US",80.0,56.0,44.0,0.0,10.0,16.0
crash_05476,2025-02-08 10:30:00,2025,2,Feb,Sat,10,Daytime,10,NO CONTROLS,CLEAR,DAYLIGHT,TURNING,ALLEY,OTHER,NO INJURY / DRIVE AWAY,,,"OVER $1,500",UNABLE TO DETERMINE,2,NO INDICATION OF INJURY,0,0,41.9224913189,-87.7231930254,60647,"CHICAGO MIDWAY AIRPORT, IL US",33.0,16.0,49.0,0.0,10.0,11.0
crash_05477,2018-10-02 17:48:00,2018,10,Oct,Tue,17,Evening commute,25,NO CONTROLS,CLEAR,DAYLIGHT,SIDESWIPE OPPOSITE DIRECTION,NOT DIVIDED,DRY,INJURY AND / OR TOW DUE TO CRASH,,,"OVER $1,500",FAILING TO REDUCE SPEED TO AVOID CRASH,2,NO INDICATION OF INJURY,0,0,41.7643517505,-87.5852489927,60649,"CHICAGO MIDWAY AIRPORT, IL US",62.0,55.0,78.0,0.0,10.0,6.0
crash_05478,2023-08-11 04:45:00,2023,8,Aug,Fri,4,Night or early morning,30,NO CONTROLS,CLEAR,"DARKNESS, LIGHTED ROAD",PARKED MOTOR VEHICLE,DIVIDED - W/MEDIAN (NOT RAISED),DRY,INJURY AND / OR TOW DUE TO CRASH,,,"OVER $1,500",IMPROPER TURNING/NO SIGNAL,2,NO INDICATION OF INJURY,0,0,41.9315411976,-87.7112330823,60647,"CHICAGO MIDWAY AIRPORT, IL US",71.0,66.0,84.0,0.0,10.0,6.0
crash_05479,2020-07-30 11:11:00,2020,7,Jul,Thu,11,Daytime,20,STOP SIGN/FLASHER,CLEAR,DAYLIGHT,SIDESWIPE SAME DIRECTION,ONE-WAY,DRY,NO INJURY / DRIVE AWAY,,,"$501 - $1,500",UNABLE TO DETERMINE,2,NO INDICATION OF INJURY,0,0,41.9768675731,-87.6942297261,60625,"CHICAGO OHARE INTERNATIONAL AIRPORT, IL US",80.0,58.0,47.0,0.0,10.0,16.0
crash_05480,2018-09-01 09:00:00,2018,9,Sep,Sat,9,Morning commute,30,STOP SIGN/FLASHER,RAIN,DAYLIGHT,TURNING,DIVIDED - W/MEDIAN (NOT RAISED),WET,INJURY AND / OR TOW DUE TO CRASH,true,,"$501 - $1,500",FAILING TO YIELD RIGHT-OF-WAY,2,"REPORTED, NOT EVIDENT",1,0,41.9905855364,-87.6934562609,60659,"CHICAGO OHARE INTERNATIONAL AIRPORT, IL US",73.0,70.0,90.0,,7.0,10.0
crash_05481,2024-11-13 17:58:00,2024,11,Nov,Wed,17,Evening commute,30,NO CONTROLS,RAIN,"DARKNESS, LIGHTED ROAD",REAR END,NOT DIVIDED,WET,INJURY AND / OR TOW DUE TO CRASH,,false,"OVER $1,500",FOLLOWING TOO CLOSELY,3,NO INDICATION OF INJURY,0,0,41.836942301,-87.7148186177,60623,"CHICAGO MIDWAY AIRPORT, IL US",51.0,42.0,71.0,0.0,10.0,13.0
crash_05482,2025-08-09 10:40:00,2025,8,Aug,Sat,10,Daytime,10,NO CONTROLS,CLEAR,DAYLIGHT,PARKED MOTOR VEHICLE,NOT DIVIDED,DRY,NO INJURY / DRIVE AWAY,,,"$501 - $1,500",IMPROPER BACKING,2,NO INDICATION OF INJURY,0,0,41.7779153185,-87.7744623742,60638,"CHICAGO MIDWAY AIRPORT, IL US",88.0,68.0,52.0,0.0,10.0,20.0
crash_05483,2020-12-20 15:25:00,2020,12,Dec,Sun,15,Evening commute,30,TRAFFIC SIGNAL,CLEAR,DAYLIGHT,TURNING,NOT DIVIDED,DRY,NO INJURY / DRIVE AWAY,true,true,"OVER $1,500","OPERATING VEHICLE IN ERRATIC, RECKLESS, CARELESS, NEGLIGENT OR AGGRESSIVE MANNER",2,NO INDICATION OF INJURY,0,0,41.9099750102,-87.7264805231,60639,"CHICAGO MIDWAY AIRPORT, IL US",41.0,27.0,57.0,0.0,10.0,11.0
crash_05484,2023-03-20 15:00:00,2023,3,Mar,Mon,15,Evening commute,25,NO CONTROLS,CLEAR,DAYLIGHT,PARKED MOTOR VEHICLE,ONE-WAY,DRY,NO INJURY / DRIVE AWAY,,true,"OVER $1,500",UNABLE TO DETERMINE,2,NO INDICATION OF INJURY,0,0,41.8480256708,-87.7244977713,60623,"CHICAGO MIDWAY AIRPORT, IL US",50.0,15.0,25.0,0.0,10.0,23.0
crash_05485,2024-12-02 16:40:00,2024,12,Dec,Mon,16,Evening commute,30,NO CONTROLS,CLEAR,"DARKNESS, LIGHTED ROAD",PARKED MOTOR VEHICLE,ONE-WAY,DRY,NO INJURY / DRIVE AWAY,,,"OVER $1,500",IMPROPER OVERTAKING/PASSING,2,NO INDICATION OF INJURY,0,0,41.9630148229,-87.6621976644,60640,"CHICAGO MIDWAY AIRPORT, IL US",24.0,13.0,62.0,,10.0,14.0
crash_05486,2019-01-28 00:30:00,2019,1,Jan,Mon,0,Night or early morning,35,NO CONTROLS,SNOW,"DARKNESS, LIGHTED ROAD",PARKED MOTOR VEHICLE,NOT DIVIDED,SNOW OR SLUSH,INJURY AND / OR TOW DUE TO CRASH,,true,"OVER $1,500",NOT APPLICABLE,2,NO INDICATION OF INJURY,0,0,41.9974303667,-87.7931639621,60631,"CHICAGO OHARE INTERNATIONAL AIRPORT, IL US",11.0,2.0,67.0,0.0,1.75,11.0
crash_05487,2022-01-12 19:45:00,2022,1,Jan,Wed,19,Night or early morning,30,NO CONTROLS,CLEAR,DAYLIGHT,REAR END,NOT DIVIDED,DRY,NO INJURY / DRIVE AWAY,,,$500 OR LESS,UNABLE TO DETERMINE,2,NO INDICATION OF INJURY,0,0,41.9050507177,-87.6774579966,60622,"CHICAGO MIDWAY AIRPORT, IL US",38.0,30.0,73.0,0.0,10.0,3.0
crash_05488,2020-08-15 13:30:00,2020,8,Aug,Sat,13,Daytime,30,NO CONTROLS,CLEAR,DAYLIGHT,FIXED OBJECT,ALLEY,DRY,INJURY AND / OR TOW DUE TO CRASH,,true,"OVER $1,500",NOT APPLICABLE,2,NO INDICATION OF INJURY,0,0,41.7513808603,-87.6058766,60619,"CHICAGO MIDWAY AIRPORT, IL US",87.0,61.0,42.0,0.0,10.0,5.0
crash_05489,2020-06-29 14:30:00,2020,6,Jun,Mon,14,Daytime,10,NO CONTROLS,UNKNOWN,DAYLIGHT,PARKED MOTOR VEHICLE,PARKING LOT,UNKNOWN,NO INJURY / DRIVE AWAY,,true,"$501 - $1,500",UNABLE TO DETERMINE,2,NO INDICATION OF INJURY,0,0,41.7217200308,-87.6321010222,60620,"CHICAGO MIDWAY AIRPORT, IL US",91.0,70.0,50.0,0.0,10.0,8.0
crash_05490,2018-01-08 15:15:00,2018,1,Jan,Mon,15,Evening commute,35,NO CONTROLS,CLEAR,DAYLIGHT,FIXED OBJECT,ALLEY,WET,NO INJURY / DRIVE AWAY,,,"OVER $1,500",IMPROPER BACKING,1,NO INDICATION OF INJURY,0,0,41.7803576397,-87.6151462214,60637,"CHICAGO MIDWAY AIRPORT, IL US",36.0,29.0,76.0,0.0,10.0,15.0
crash_05491,2019-11-12 10:00:00,2019,11,Nov,Tue,10,Daytime,30,NO CONTROLS,CLEAR,DAYLIGHT,SIDESWIPE SAME DIRECTION,ONE-WAY,DRY,NO INJURY / DRIVE AWAY,,,"$501 - $1,500",UNABLE TO DETERMINE,2,NO INDICATION OF INJURY,0,0,41.8940423583,-87.6233851555,60611,"CHICAGO MIDWAY AIRPORT, IL US",14.0,1.0,56.0,0.0,10.0,10.0
crash_05492,2022-02-25 19:29:00,2022,2,Feb,Fri,19,Night or early morning,30,TRAFFIC SIGNAL,CLEAR,"DARKNESS, LIGHTED ROAD",REAR END,DIVIDED - W/MEDIAN (NOT RAISED),UNKNOWN,NO INJURY / DRIVE AWAY,,,"OVER $1,500",FOLLOWING TOO CLOSELY,3,NO INDICATION OF INJURY,0,0,41.7950757241,-87.6057161577,60615,"CHICAGO MIDWAY AIRPORT, IL US",25.0,16.0,69.0,0.0,10.0,9.0
crash_05493,2018-08-31 11:50:00,2018,8,Aug,Fri,11,Daytime,30,TRAFFIC SIGNAL,CLEAR,DAYLIGHT,REAR END,DIVIDED - W/MEDIAN (NOT RAISED),DRY,NO INJURY / DRIVE AWAY,true,,"$501 - $1,500",FOLLOWING TOO CLOSELY,3,NO INDICATION OF INJURY,0,0,41.7434687222,-87.6437724066,60620,"CHICAGO MIDWAY AIRPORT, IL US",81.0,63.0,54.0,0.0,10.0,9.0
crash_05494,2023-07-05 14:50:00,2023,7,Jul,Wed,14,Daytime,30,NO CONTROLS,CLEAR,DAYLIGHT,ANGLE,NOT DIVIDED,WET,INJURY AND / OR TOW DUE TO CRASH,true,,"OVER $1,500",UNABLE TO DETERMINE,2,NONINCAPACITATING INJURY,1,0,41.7023365308,-87.7206388953,60655,"CHICAGO MIDWAY AIRPORT, IL US",78.0,70.0,76.0,0.39,10.0,18.0
crash_05495,2023-02-17 11:00:00,2023,2,Feb,Fri,11,Daytime,25,NO CONTROLS,CLEAR,DAYLIGHT,PARKED MOTOR VEHICLE,ONE-WAY,SNOW OR SLUSH,NO INJURY / DRIVE AWAY,,true,"OVER $1,500",UNABLE TO DETERMINE,2,NO INDICATION OF INJURY,0,0,41.8042460221,-87.728231816,60632,"CHICAGO MIDWAY AIRPORT, IL US",22.0,11.0,63.0,0.0,10.0,11.0