crash_id,crash_datetime,crash_year,crash_month,crash_month_name,crash_weekday_name,crash_hour,time_period,posted_speed_limit_mph,traffic_control_device,reported_weather_condition,reported_lighting_condition,first_crash_type,trafficway_type,reported_road_surface_condition,crash_type,intersection_related,hit_and_run,estimated_damage,primary_contributory_cause,unit_count,most_severe_injury,injuries_total,injuries_fatal,latitude,longitude,zip5,weather_station_name,temperature_f,dew_point_f,relative_humidity_percent,precipitation_inches,visibility_miles,wind_speed_mph
crash_05496,2021-01-16 18:35:00,2021,1,Jan,Sat,18,Evening commute,30,TRAFFIC SIGNAL,CLEAR,"DARKNESS, LIGHTED ROAD",TURNING,DIVIDED - W/MEDIAN (NOT RAISED),DRY,NO INJURY / DRIVE AWAY,,,"OVER $1,500",UNABLE TO DETERMINE,2,NO INDICATION OF INJURY,0,0,41.9573963369,-87.707975456,60618,"CHICAGO OHARE INTERNATIONAL AIRPORT, IL US",35.0,30.0,82.0,0.0,10.0,7.0
crash_05497,2019-06-30 16:57:00,2019,6,Jun,Sun,16,Evening commute,25,NO CONTROLS,RAIN,DAYLIGHT,PARKED MOTOR VEHICLE,ONE-WAY,WET,NO INJURY / DRIVE AWAY,,true,"OVER $1,500",WEATHER,3,NO INDICATION OF INJURY,0,0,41.8492460821,-87.6930666273,60608,"CHICAGO MIDWAY AIRPORT, IL US",74.0,68.0,82.0,0.01,10.0,16.0
crash_05498,2024-06-25 08:40:00,2024,6,Jun,Tue,8,Morning commute,35,TRAFFIC SIGNAL,RAIN,DARKNESS,TURNING,T-INTERSECTION,WET,NO INJURY / DRIVE AWAY,true,true,"OVER $1,500",IMPROPER TURNING/NO SIGNAL,2,NO INDICATION OF INJURY,0,0,41.8529504172,-87.6299214318,60616,"CHICAGO MIDWAY AIRPORT, IL US",73.0,68.0,84.0,0.08,6.0,9.0
crash_05499,2021-09-25 13:20:00,2021,9,Sep,Sat,13,Daytime,30,TRAFFIC SIGNAL,CLEAR,DAYLIGHT,ANGLE,ONE-WAY,DRY,NO INJURY / DRIVE AWAY,true,,"$501 - $1,500",UNABLE TO DETERMINE,2,NO INDICATION OF INJURY,0,0,41.8845826561,-87.6325080097,60601,"CHICAGO MIDWAY AIRPORT, IL US",67.0,37.0,33.0,0.0,10.0,14.0
crash_05500,2023-09-16 11:47:00,2023,9,Sep,Sat,11,Daytime,30,STOP SIGN/FLASHER,CLEAR,DAYLIGHT,PEDALCYCLIST,NOT DIVIDED,DRY,NO INJURY / DRIVE AWAY,true,true,$500 OR LESS,FAILING TO YIELD RIGHT-OF-WAY,2,NO INDICATION OF INJURY,0,0,41.7266826772,-87.5508863102,60617,"CHICAGO MIDWAY AIRPORT, IL US",72.0,54.0,53.0,0.0,10.0,8.0
crash_05501,2024-09-13 22:30:00,2024,9,Sep,Fri,22,Night or early morning,30,NO CONTROLS,CLEAR,"DARKNESS, LIGHTED ROAD",PARKED MOTOR VEHICLE,ONE-WAY,DRY,NO INJURY / DRIVE AWAY,,,"OVER $1,500",UNABLE TO DETERMINE,2,NO INDICATION OF INJURY,0,0,41.7968383614,-87.757678081,60638,"CHICAGO MIDWAY AIRPORT, IL US",78.0,57.0,48.0,0.0,10.0,11.0
crash_05502,2021-11-05 04:56:00,2021,11,Nov,Fri,4,Night or early morning,35,NO CONTROLS,CLEAR,"DARKNESS, LIGHTED ROAD",SIDESWIPE SAME DIRECTION,DIVIDED - W/MEDIAN BARRIER,UNKNOWN,INJURY AND / OR TOW DUE TO CRASH,,true,"OVER $1,500",FAILING TO REDUCE SPEED TO AVOID CRASH,2,NONINCAPACITATING INJURY,2,0,41.9118569525,-87.6261695233,60614,"CHICAGO MIDWAY AIRPORT, IL US",35.0,25.0,67.0,0.0,10.0,5.0
crash_05503,2024-06-05 16:00:00,2024,6,Jun,Wed,16,Evening commute,30,NO CONTROLS,CLEAR,"DARKNESS, LIGHTED ROAD",PARKED MOTOR VEHICLE,NOT DIVIDED,DRY,NO INJURY / DRIVE AWAY,,true,"OVER $1,500",NOT APPLICABLE,2,NO INDICATION OF INJURY,0,0,41.9223520096,-87.7589549883,60639,"CHICAGO OHARE INTERNATIONAL AIRPORT, IL US",79.0,54.0,42.0,0.0,10.0,13.0
crash_05504,2021-07-12 01:00:00,2021,7,Jul,Mon,1,Night or early morning,30,UNKNOWN,UNKNOWN,"DARKNESS, LIGHTED ROAD",FIXED OBJECT,UNKNOWN,UNKNOWN,NO INJURY / DRIVE AWAY,,,"OVER $1,500",UNABLE TO DETERMINE,1,NO INDICATION OF INJURY,0,0,41.7026480061,-87.5366387351,60617,"CHICAGO MIDWAY AIRPORT, IL US",68.0,62.0,81.0,0.0,10.0,6.0
crash_05505,2021-06-27 16:13:00,2021,6,Jun,Sun,16,Evening commute,30,TRAFFIC SIGNAL,CLEAR,DAYLIGHT,SIDESWIPE SAME DIRECTION,FOUR WAY,DRY,NO INJURY / DRIVE AWAY,true,true,"OVER $1,500","OPERATING VEHICLE IN ERRATIC, RECKLESS, CARELESS, NEGLIGENT OR AGGRESSIVE MANNER",4,NO INDICATION OF INJURY,0,0,41.8817728143,-87.7108847277,60624,"CHICAGO MIDWAY AIRPORT, IL US",84.0,65.0,53.0,0.0,10.0,16.0
crash_05506,2020-11-02 13:50:00,2020,11,Nov,Mon,13,Daytime,30,STOP SIGN/FLASHER,CLEAR,DAYLIGHT,ANGLE,ONE-WAY,DRY,INJURY AND / OR TOW DUE TO CRASH,true,true,"OVER $1,500",UNABLE TO DETERMINE,2,"REPORTED, NOT EVIDENT",1,0,41.745585752,-87.613706583,60619,"CHICAGO MIDWAY AIRPORT, IL US",50.0,18.0,28.0,0.0,10.0,20.0
crash_05507,2022-09-16 15:19:00,2022,9,Sep,Fri,15,Evening commute,30,NO CONTROLS,CLEAR,DAYLIGHT,REAR END,OTHER,DRY,NO INJURY / DRIVE AWAY,,,"OVER $1,500",FOLLOWING TOO CLOSELY,2,NO INDICATION OF INJURY,0,0,41.976201139,-87.9053091251,60666,"CHICAGO OHARE INTERNATIONAL AIRPORT, IL US",81.0,60.0,49.0,0.0,10.0,9.0
crash_05508,2021-08-14 07:00:00,2021,8,Aug,Sat,7,Morning commute,25,NO CONTROLS,CLEAR,DAYLIGHT,SIDESWIPE OPPOSITE DIRECTION,NOT DIVIDED,DRY,NO INJURY / DRIVE AWAY,,true,$500 OR LESS,FOLLOWING TOO CLOSELY,2,NO INDICATION OF INJURY,0,0,41.8202576923,-87.6135688773,60653,"CHICAGO MIDWAY AIRPORT, IL US",67.0,56.0,68.0,0.0,10.0,3.0
crash_05509,2020-01-06 07:28:00,2020,1,Jan,Mon,7,Morning commute,30,STOP SIGN/FLASHER,CLEAR,DAYLIGHT,REAR END,NOT DIVIDED,DRY,NO INJURY / DRIVE AWAY,,,$500 OR LESS,FOLLOWING TOO CLOSELY,2,NO INDICATION OF INJURY,0,0,41.7505854218,-87.6417470662,60620,"CHICAGO MIDWAY AIRPORT, IL US",27.0,20.0,75.0,0.0,10.0,7.0
crash_05510,2020-01-21 07:30:00,2020,1,Jan,Tue,7,Morning commute,30,NO CONTROLS,CLEAR,DAYLIGHT,REAR END,DIVIDED - W/MEDIAN (NOT RAISED),DRY,NO INJURY / DRIVE AWAY,,,"$501 - $1,500",UNABLE TO DETERMINE,2,NO INDICATION OF INJURY,0,0,41.8816831584,-87.7471205757,60644,"CHICAGO MIDWAY AIRPORT, IL US",18.0,15.0,88.0,0.0,10.0,5.0
crash_05511,2023-08-26 20:30:00,2023,8,Aug,Sat,20,Night or early morning,15,NO CONTROLS,CLEAR,DARKNESS,PARKED MOTOR VEHICLE,PARKING LOT,DRY,NO INJURY / DRIVE AWAY,,,"OVER $1,500",UNABLE TO DETERMINE,2,NO INDICATION OF INJURY,0,0,41.9466232282,-87.6880268325,60618,"CHICAGO MIDWAY AIRPORT, IL US",69.0,59.0,70.0,0.0,10.0,18.0
crash_05512,2018-04-28 09:30:00,2018,4,Apr,Sat,9,Morning commute,30,TRAFFIC SIGNAL,CLEAR,DAYLIGHT,REAR END,NOT DIVIDED,DRY,NO INJURY / DRIVE AWAY,,,"OVER $1,500",FAILING TO REDUCE SPEED TO AVOID CRASH,2,NO INDICATION OF INJURY,0,0,41.9376598772,-87.8365065808,60634,"CHICAGO OHARE INTERNATIONAL AIRPORT, IL US",45.0,30.0,56.0,0.0,10.0,8.0
crash_05513,2023-07-10 13:45:00,2023,7,Jul,Mon,13,Daytime,15,NO CONTROLS,CLEAR,DAYLIGHT,PARKED MOTOR VEHICLE,OTHER,DRY,NO INJURY / DRIVE AWAY,,true,"OVER $1,500",UNABLE TO DETERMINE,2,NO INDICATION OF INJURY,0,0,41.8740163353,-87.6702608284,60612,"CHICAGO MIDWAY AIRPORT, IL US",84.0,58.0,41.0,0.0,10.0,10.0
crash_05514,2023-11-14 09:00:00,2023,11,Nov,Tue,9,Morning commute,20,NO CONTROLS,UNKNOWN,UNKNOWN,PARKED MOTOR VEHICLE,ONE-WAY,UNKNOWN,NO INJURY / DRIVE AWAY,,true,$500 OR LESS,UNABLE TO DETERMINE,2,NO INDICATION OF INJURY,0,0,41.9423347936,-87.7319712964,60641,"CHICAGO OHARE INTERNATIONAL AIRPORT, IL US",49.0,29.0,46.0,0.0,10.0,7.0
crash_05515,2018-11-15 22:08:00,2018,11,Nov,Thu,22,Night or early morning,25,NO CONTROLS,CLEAR,DARKNESS,SIDESWIPE SAME DIRECTION,ONE-WAY,DRY,NO INJURY / DRIVE AWAY,,true,$500 OR LESS,IMPROPER OVERTAKING/PASSING,2,NO INDICATION OF INJURY,0,0,41.7785185285,-87.732672306,60629,"CHICAGO MIDWAY AIRPORT, IL US",31.0,26.0,82.0,0.0,5.0,14.0
crash_05516,2018-08-24 08:50:00,2018,8,Aug,Fri,8,Morning commute,30,TRAFFIC SIGNAL,CLEAR,DAYLIGHT,TURNING,OTHER,DRY,NO INJURY / DRIVE AWAY,true,,$500 OR LESS,IMPROPER TURNING/NO SIGNAL,2,NO INDICATION OF INJURY,0,0,41.8132715982,-87.7239352143,60632,"CHICAGO MIDWAY AIRPORT, IL US",69.0,56.0,63.0,0.0,10.0,10.0
crash_05517,2018-01-30 08:00:00,2018,1,Jan,Tue,8,Morning commute,30,TRAFFIC SIGNAL,CLEAR,DAYLIGHT,REAR END,DIVIDED - W/MEDIAN (NOT RAISED),DRY,NO INJURY / DRIVE AWAY,,,"OVER $1,500",FOLLOWING TOO CLOSELY,2,NO INDICATION OF INJURY,0,0,41.9928646682,-87.7574776867,60646,"CHICAGO OHARE INTERNATIONAL AIRPORT, IL US",16.0,9.0,74.0,0.0,10.0,6.0
crash_05518,2021-11-26 06:15:00,2021,11,Nov,Fri,6,Morning commute,25,STOP SIGN/FLASHER,CLEAR,DAWN,ANGLE,NOT DIVIDED,DRY,INJURY AND / OR TOW DUE TO CRASH,,true,"OVER $1,500",FAILING TO YIELD RIGHT-OF-WAY,2,NO INDICATION OF INJURY,0,0,41.7277958023,-87.5828180237,60617,"CHICAGO MIDWAY AIRPORT, IL US",19.0,7.0,59.0,0.0,10.0,6.0
crash_05519,2018-06-27 13:15:00,2018,6,Jun,Wed,13,Daytime,30,NO CONTROLS,CLEAR,DAYLIGHT,PEDESTRIAN,OTHER,"SAND, MUD, DIRT",INJURY AND / OR TOW DUE TO CRASH,true,,$500 OR LESS,UNABLE TO DETERMINE,2,NONINCAPACITATING INJURY,1,0,41.7950806157,-87.7328728508,60632,"CHICAGO MIDWAY AIRPORT, IL US",77.0,67.0,71.0,,10.0,0.0
crash_05520,2025-04-16 19:07:00,2025,4,Apr,Wed,19,Night or early morning,20,NO CONTROLS,CLEAR,DAYLIGHT,REAR TO SIDE,PARKING LOT,DRY,NO INJURY / DRIVE AWAY,,,"$501 - $1,500",IMPROPER BACKING,2,NO INDICATION OF INJURY,0,0,,,,,,,,,,
crash_05521,2019-09-20 21:13:00,2019,9,Sep,Fri,21,Night or early morning,30,TRAFFIC SIGNAL,CLEAR,"DARKNESS, LIGHTED ROAD",TURNING,NOT DIVIDED,DRY,INJURY AND / OR TOW DUE TO CRASH,true,true,"OVER $1,500",DISREGARDING TRAFFIC SIGNALS,3,NONINCAPACITATING INJURY,1,0,41.8323015305,-87.6950285522,60623,"CHICAGO MIDWAY AIRPORT, IL US",80.0,67.0,64.0,0.0,10.0,5.0
crash_05522,2024-12-14 07:25:00,2024,12,Dec,Sat,7,Morning commute,30,NO CONTROLS,CLEAR,DAYLIGHT,REAR END,NOT DIVIDED,DRY,NO INJURY / DRIVE AWAY,,,"OVER $1,500",FAILING TO REDUCE SPEED TO AVOID CRASH,2,NO INDICATION OF INJURY,0,0,41.8494945579,-87.6759187513,60608,"CHICAGO MIDWAY AIRPORT, IL US",29.0,18.0,63.0,,10.0,9.0
crash_05523,2019-12-15 18:58:00,2019,12,Dec,Sun,18,Evening commute,35,NO CONTROLS,CLEAR,"DARKNESS, LIGHTED ROAD",PARKED MOTOR VEHICLE,ONE-WAY,DRY,NO INJURY / DRIVE AWAY,,,"OVER $1,500",UNABLE TO DETERMINE,2,NO INDICATION OF INJURY,0,0,41.9038131679,-87.6301298511,60610,"CHICAGO MIDWAY AIRPORT, IL US",26.0,16.0,66.0,0.0,10.0,5.0
crash_05524,2020-01-12 23:17:00,2020,1,Jan,Sun,23,Night or early morning,30,NO CONTROLS,CLOUDY/OVERCAST,DARKNESS,PARKED MOTOR VEHICLE,NOT DIVIDED,SNOW OR SLUSH,INJURY AND / OR TOW DUE TO CRASH,,true,"OVER $1,500",UNABLE TO DETERMINE,2,NO INDICATION OF INJURY,0,0,42.0089247941,-87.6709593898,60626,"CHICAGO OHARE INTERNATIONAL AIRPORT, IL US",31.0,29.0,92.0,0.0,5.0,6.0
crash_05525,2025-08-20 18:20:00,2025,8,Aug,Wed,18,Evening commute,30,STOP SIGN/FLASHER,CLEAR,DAYLIGHT,ANGLE,NOT DIVIDED,DRY,INJURY AND / OR TOW DUE TO CRASH,true,,"OVER $1,500",FAILING TO YIELD RIGHT-OF-WAY,4,NONINCAPACITATING INJURY,2,0,41.9327374847,-87.7858941351,60634,"CHICAGO OHARE INTERNATIONAL AIRPORT, IL US",72.0,59.0,64.0,0.0,10.0,17.0
crash_05526,2022-10-07 07:45:00,2022,10,Oct,Fri,7,Morning commute,30,TRAFFIC SIGNAL,RAIN,DAYLIGHT,TURNING,T-INTERSECTION,WET,NO INJURY / DRIVE AWAY,true,,"OVER $1,500",IMPROPER LANE USAGE,2,NO INDICATION OF INJURY,0,0,41.8819370709,-87.6277468056,60603,"CHICAGO MIDWAY AIRPORT, IL US",47.0,37.0,69.0,0.0,10.0,15.0
crash_05527,2025-09-11 18:30:00,2025,9,Sep,Thu,18,Evening commute,30,NO CONTROLS,CLEAR,DUSK,PEDALCYCLIST,DIVIDED - W/MEDIAN (NOT RAISED),DRY,INJURY AND / OR TOW DUE TO CRASH,,,"OVER $1,500",FOLLOWING TOO CLOSELY,2,"REPORTED, NOT EVIDENT",1,0,41.9238055653,-87.7842862241,60639,,,,,,,
crash_05528,2024-12-04 16:29:00,2024,12,Dec,Wed,16,Evening commute,30,TRAFFIC SIGNAL,CLEAR,"DARKNESS, LIGHTED ROAD",TURNING,FOUR WAY,DRY,NO INJURY / DRIVE AWAY,true,,"$501 - $1,500",UNABLE TO DETERMINE,2,NO INDICATION OF INJURY,0,0,41.7516362692,-87.5663781214,60617,"CHICAGO MIDWAY AIRPORT, IL US",40.0,28.0,63.0,0.0,6.0,17.0
crash_05529,2024-03-14 11:00:00,2024,3,Mar,Thu,11,Daytime,25,NO CONTROLS,CLEAR,DAYLIGHT,REAR END,NOT DIVIDED,DRY,NO INJURY / DRIVE AWAY,,,"$501 - $1,500",NOT APPLICABLE,2,NO INDICATION OF INJURY,0,0,41.8785715424,-87.7450600136,60644,"CHICAGO MIDWAY AIRPORT, IL US",58.0,53.0,84.0,0.0,10.0,15.0
crash_05530,2018-04-27 08:40:00,2018,4,Apr,Fri,8,Morning commute,35,NO CONTROLS,CLEAR,DAYLIGHT,REAR END,DIVIDED - W/MEDIAN BARRIER,DRY,NO INJURY / DRIVE AWAY,,,"OVER $1,500",FOLLOWING TOO CLOSELY,2,NO INDICATION OF INJURY,0,0,41.7819943785,-87.7422618369,60629,"CHICAGO MIDWAY AIRPORT, IL US",49.0,36.0,61.0,0.0,10.0,16.0
crash_05531,2022-08-18 17:00:00,2022,8,Aug,Thu,17,Evening commute,30,STOP SIGN/FLASHER,UNKNOWN,UNKNOWN,ANGLE,FOUR WAY,UNKNOWN,NO INJURY / DRIVE AWAY,true,true,"$501 - $1,500",FAILING TO YIELD RIGHT-OF-WAY,2,NO INDICATION OF INJURY,0,0,41.8822361256,-87.7732201282,60644,"CHICAGO MIDWAY AIRPORT, IL US",85.0,55.0,36.0,,10.0,10.0
crash_05532,2021-03-26 11:07:00,2021,3,Mar,Fri,11,Daytime,30,NO CONTROLS,CLEAR,DAYLIGHT,TURNING,DIVIDED - W/MEDIAN (NOT RAISED),DRY,INJURY AND / OR TOW DUE TO CRASH,,,"OVER $1,500",IMPROPER TURNING/NO SIGNAL,2,NONINCAPACITATING INJURY,1,0,41.7692613896,-87.6271136094,60621,"CHICAGO MIDWAY AIRPORT, IL US",40.0,33.0,77.0,0.0,10.0,3.0
crash_05533,2018-06-19 17:02:00,2018,6,Jun,Tue,17,Evening commute,20,UNKNOWN,CLEAR,DAYLIGHT,PEDALCYCLIST,ONE-WAY,UNKNOWN,INJURY AND / OR TOW DUE TO CRASH,,,"OVER $1,500",DRIVING ON WRONG SIDE/WRONG WAY,2,INCAPACITATING INJURY,1,0,41.7123246775,-87.6406995089,60628,"CHICAGO MIDWAY AIRPORT, IL US",74.0,66.0,76.0,0.0,10.0,8.0
crash_05534,2020-12-16 01:00:00,2020,12,Dec,Wed,1,Night or early morning,30,NO CONTROLS,CLEAR,"DARKNESS, LIGHTED ROAD",OTHER OBJECT,NOT DIVIDED,UNKNOWN,NO INJURY / DRIVE AWAY,,true,"OVER $1,500",UNABLE TO DETERMINE,1,NO INDICATION OF INJURY,0,0,41.8324183322,-87.6737800576,60608,"CHICAGO MIDWAY AIRPORT, IL US",29.0,19.0,66.0,0.0,10.0,9.0
crash_05535,2019-03-18 15:30:00,2019,3,Mar,Mon,15,Evening commute,40,NO CONTROLS,CLEAR,DAYLIGHT,FIXED OBJECT,DIVIDED - W/MEDIAN (NOT RAISED),DRY,INJURY AND / OR TOW DUE TO CRASH,,,"OVER $1,500",UNABLE TO DETERMINE,1,NONINCAPACITATING INJURY,1,0,41.9695788316,-87.6483571632,60640,"CHICAGO MIDWAY AIRPORT, IL US",43.0,25.0,49.0,0.0,10.0,15.0
crash_05536,2024-12-20 09:50:00,2024,12,Dec,Fri,9,Morning commute,30,TRAFFIC SIGNAL,CLEAR,DAYLIGHT,REAR END,NOT DIVIDED,DRY,NO INJURY / DRIVE AWAY,,true,$500 OR LESS,UNABLE TO DETERMINE,2,NO INDICATION OF INJURY,0,0,41.8665302229,-87.684102914,60608,"CHICAGO MIDWAY AIRPORT, IL US",35.0,27.0,72.0,0.0,10.0,23.0
crash_05537,2024-01-03 14:34:00,2024,1,Jan,Wed,14,Daytime,30,NO CONTROLS,CLEAR,DAYLIGHT,PEDESTRIAN,DIVIDED - W/MEDIAN (NOT RAISED),DRY,INJURY AND / OR TOW DUE TO CRASH,true,,$500 OR LESS,UNABLE TO DETERMINE,2,NONINCAPACITATING INJURY,1,0,41.9388673209,-87.7359829905,60641,"CHICAGO OHARE INTERNATIONAL AIRPORT, IL US",35.0,27.0,72.0,,10.0,9.0
crash_05538,2023-04-07 11:47:00,2023,4,Apr,Fri,11,Daytime,25,NO CONTROLS,CLEAR,DAYLIGHT,PARKED MOTOR VEHICLE,ONE-WAY,DRY,NO INJURY / DRIVE AWAY,,,"OVER $1,500",IMPROPER LANE USAGE,2,NO INDICATION OF INJURY,0,0,41.9617192533,-87.7329045606,60630,"CHICAGO OHARE INTERNATIONAL AIRPORT, IL US",47.0,25.0,42.0,0.0,10.0,7.0
crash_05539,2024-08-06 15:30:00,2024,8,Aug,Tue,15,Evening commute,25,TRAFFIC SIGNAL,CLOUDY/OVERCAST,DAYLIGHT,REAR END,NOT DIVIDED,DRY,INJURY AND / OR TOW DUE TO CRASH,,,"OVER $1,500",FOLLOWING TOO CLOSELY,2,"REPORTED, NOT EVIDENT",1,0,41.7588062756,-87.5948392818,60619,"CHICAGO MIDWAY AIRPORT, IL US",71.0,63.0,76.0,0.0,10.0,18.0
crash_05540,2020-01-27 14:30:00,2020,1,Jan,Mon,14,Daytime,20,NO CONTROLS,CLEAR,DAYLIGHT,PARKED MOTOR VEHICLE,ONE-WAY,DRY,NO INJURY / DRIVE AWAY,,true,"$501 - $1,500",NOT APPLICABLE,2,NO INDICATION OF INJURY,0,0,41.7785771737,-87.6968867644,60629,"CHICAGO MIDWAY AIRPORT, IL US",36.0,29.0,76.0,0.0,9.0,7.0
crash_05541,2022-01-22 18:25:00,2022,1,Jan,Sat,18,Evening commute,30,TRAFFIC SIGNAL,CLEAR,"DARKNESS, LIGHTED ROAD",REAR END,NOT DIVIDED,DRY,NO INJURY / DRIVE AWAY,true,,"OVER $1,500",FOLLOWING TOO CLOSELY,2,NO INDICATION OF INJURY,0,0,41.9286697899,-87.6879222355,60647,"CHICAGO MIDWAY AIRPORT, IL US",26.0,11.0,53.0,0.0,10.0,15.0
crash_05542,2021-01-29 17:30:00,2021,1,Jan,Fri,17,Evening commute,30,NO CONTROLS,CLEAR,DARKNESS,REAR END,DIVIDED - W/MEDIAN (NOT RAISED),OTHER,NO INJURY / DRIVE AWAY,,,"OVER $1,500",FOLLOWING TOO CLOSELY,2,NO INDICATION OF INJURY,0,0,41.9392769873,-87.7212034318,60618,"CHICAGO MIDWAY AIRPORT, IL US",31.0,17.0,56.0,0.0,10.0,8.0
crash_05543,2021-09-24 08:33:00,2021,9,Sep,Fri,8,Morning commute,30,TRAFFIC SIGNAL,CLEAR,DAYLIGHT,REAR END,DIVIDED - W/MEDIAN (NOT RAISED),DRY,NO INJURY / DRIVE AWAY,,,$500 OR LESS,UNABLE TO DETERMINE,2,NO INDICATION OF INJURY,0,0,41.9798674763,-87.6698627542,60640,"CHICAGO OHARE INTERNATIONAL AIRPORT, IL US",59.0,45.0,60.0,0.0,10.0,8.0
crash_05544,2020-02-27 23:55:00,2020,2,Feb,Thu,23,Night or early morning,30,NO CONTROLS,CLEAR,"DARKNESS, LIGHTED ROAD",PARKED MOTOR VEHICLE,ONE-WAY,DRY,NO INJURY / DRIVE AWAY,,true,"OVER $1,500",UNABLE TO DETERMINE,2,NO INDICATION OF INJURY,0,0,41.9002959414,-87.7636114829,60651,"CHICAGO MIDWAY AIRPORT, IL US",22.0,9.0,57.0,0.0,10.0,8.0
crash_05545,2019-05-31 22:15:00,2019,5,May,Fri,22,Night or early morning,30,NO CONTROLS,UNKNOWN,"DARKNESS, LIGHTED ROAD",REAR END,NOT DIVIDED,UNKNOWN,NO INJURY / DRIVE AWAY,,,"OVER $1,500",UNABLE TO DETERMINE,2,NO INDICATION OF INJURY,0,0,41.8768625296,-87.6277969701,60605,"CHICAGO MIDWAY AIRPORT, IL US",74.0,61.0,64.0,0.0,10.0,8.0
crash_05546,2019-07-20 12:45:00,2019,7,Jul,Sat,12,Daytime,30,TRAFFIC SIGNAL,CLEAR,DAYLIGHT,REAR END,DIVIDED - W/MEDIAN (NOT RAISED),DRY,NO INJURY / DRIVE AWAY,,,"OVER $1,500",UNABLE TO DETERMINE,2,NO INDICATION OF INJURY,0,0,41.7948338985,-87.6207681523,60615,"CHICAGO MIDWAY AIRPORT, IL US",93.0,78.0,62.0,0.0,10.0,21.0
crash_05547,2025-11-22 09:55:00,2025,11,Nov,Sat,9,Morning commute,35,NO CONTROLS,CLEAR,DAYLIGHT,SIDESWIPE SAME DIRECTION,NOT DIVIDED,DRY,NO INJURY / DRIVE AWAY,,,"OVER $1,500",UNABLE TO DETERMINE,2,NO INDICATION OF INJURY,0,0,41.9703185007,-87.6891091791,60625,,,,,,,
crash_05548,2025-02-11 12:20:00,2025,2,Feb,Tue,12,Daytime,30,OTHER,CLEAR,DAYLIGHT,FIXED OBJECT,NOT DIVIDED,DRY,NO INJURY / DRIVE AWAY,,,"OVER $1,500",DRIVING SKILLS/KNOWLEDGE/EXPERIENCE,1,NO INDICATION OF INJURY,0,0,41.8466671869,-87.7345423633,60623,"CHICAGO MIDWAY AIRPORT, IL US",26.0,18.0,71.0,0.0,10.0,14.0
crash_05549,2019-08-15 21:15:00,2019,8,Aug,Thu,21,Night or early morning,15,NO CONTROLS,CLEAR,"DARKNESS, LIGHTED ROAD",REAR TO FRONT,ONE-WAY,DRY,NO INJURY / DRIVE AWAY,,,"OVER $1,500",DISTRACTION - FROM OUTSIDE VEHICLE,2,NO INDICATION OF INJURY,0,0,41.7752252828,-87.6606009849,60636,"CHICAGO MIDWAY AIRPORT, IL US",71.0,61.0,71.0,0.0,10.0,6.0
crash_05550,2025-01-23 08:25:00,2025,1,Jan,Thu,8,Morning commute,10,NO CONTROLS,CLEAR,DAYLIGHT,ANGLE,ALLEY,WET,NO INJURY / DRIVE AWAY,,,"OVER $1,500",FAILING TO YIELD RIGHT-OF-WAY,2,NO INDICATION OF INJURY,0,0,41.8649995335,-87.6242430055,60605,"CHICAGO MIDWAY AIRPORT, IL US",21.0,13.0,71.0,0.0,10.0,15.0
crash_05551,2022-03-11 08:30:00,2022,3,Mar,Fri,8,Morning commute,15,NO CONTROLS,CLEAR,DAYLIGHT,PARKED MOTOR VEHICLE,PARKING LOT,DRY,NO INJURY / DRIVE AWAY,,true,"OVER $1,500",UNABLE TO DETERMINE,2,NO INDICATION OF INJURY,0,0,,,,,,,,,,
crash_05552,2019-02-13 15:11:00,2019,2,Feb,Wed,15,Evening commute,30,NO CONTROLS,CLEAR,DAYLIGHT,PARKED MOTOR VEHICLE,NOT DIVIDED,WET,NO INJURY / DRIVE AWAY,,,"OVER $1,500",IMPROPER OVERTAKING/PASSING,2,NO INDICATION OF INJURY,0,0,41.9398009841,-87.6541610861,60657,"CHICAGO MIDWAY AIRPORT, IL US",25.0,16.0,69.0,0.0,10.0,14.0
crash_05553,2025-06-07 13:55:00,2025,6,Jun,Sat,13,Daytime,30,NO CONTROLS,CLEAR,DAYLIGHT,REAR END,Y-INTERSECTION,DRY,NO INJURY / DRIVE AWAY,,true,"OVER $1,500",UNABLE TO DETERMINE,2,NO INDICATION OF INJURY,0,0,41.756823954,-87.5870911591,60619,"CHICAGO MIDWAY AIRPORT, IL US",77.0,59.0,54.0,0.0,10.0,9.0
crash_05554,2023-01-02 19:00:00,2023,1,Jan,Mon,19,Night or early morning,30,TRAFFIC SIGNAL,RAIN,"DARKNESS, LIGHTED ROAD",ANGLE,DIVIDED - W/MEDIAN (NOT RAISED),WET,INJURY AND / OR TOW DUE TO CRASH,true,,"OVER $1,500",DISREGARDING TRAFFIC SIGNALS,2,"REPORTED, NOT EVIDENT",1,0,41.7360065646,-87.645341819,60620,"CHICAGO MIDWAY AIRPORT, IL US",39.0,37.0,93.0,,4.0,9.0
crash_05555,2024-09-08 18:36:00,2024,9,Sep,Sun,18,Evening commute,30,NO CONTROLS,CLEAR,DAYLIGHT,REAR END,ONE-WAY,DRY,INJURY AND / OR TOW DUE TO CRASH,,true,"OVER $1,500",UNABLE TO DETERMINE,2,NO INDICATION OF INJURY,0,0,41.7707986743,-87.6975723899,60629,"CHICAGO MIDWAY AIRPORT, IL US",70.0,47.0,44.0,0.0,10.0,8.0
crash_05556,2018-10-07 18:00:00,2018,10,Oct,Sun,18,Evening commute,30,NO CONTROLS,CLEAR,DAYLIGHT,HEAD ON,NOT DIVIDED,DRY,NO INJURY / DRIVE AWAY,,,"OVER $1,500",UNABLE TO DETERMINE,2,NO INDICATION OF INJURY,0,0,41.9943979643,-87.7139588468,60659,"CHICAGO OHARE INTERNATIONAL AIRPORT, IL US",59.0,56.0,90.0,0.0,10.0,13.0