crash_id,crash_datetime,crash_year,crash_month,crash_month_name,crash_weekday_name,crash_hour,time_period,posted_speed_limit_mph,traffic_control_device,reported_weather_condition,reported_lighting_condition,first_crash_type,trafficway_type,reported_road_surface_condition,crash_type,intersection_related,hit_and_run,estimated_damage,primary_contributory_cause,unit_count,most_severe_injury,injuries_total,injuries_fatal,latitude,longitude,zip5,weather_station_name,temperature_f,dew_point_f,relative_humidity_percent,precipitation_inches,visibility_miles,wind_speed_mph
crash_05557,2019-07-13 21:55:00,2019,7,Jul,Sat,21,Night or early morning,30,STOP SIGN/FLASHER,CLEAR,"DARKNESS, LIGHTED ROAD",REAR END,NOT DIVIDED,DRY,NO INJURY / DRIVE AWAY,true,,"$501 - $1,500",FOLLOWING TOO CLOSELY,2,NO INDICATION OF INJURY,0,0,41.8852872239,-87.7207758189,60624,"CHICAGO MIDWAY AIRPORT, IL US",76.0,68.0,77.0,0.0,10.0,10.0
crash_05558,2025-11-23 13:30:00,2025,11,Nov,Sun,13,Daytime,30,TRAFFIC SIGNAL,CLEAR,DAYLIGHT,SIDESWIPE SAME DIRECTION,DIVIDED - W/MEDIAN (NOT RAISED),DRY,NO INJURY / DRIVE AWAY,,true,"OVER $1,500",UNABLE TO DETERMINE,2,NO INDICATION OF INJURY,0,0,41.7935624679,-87.7034090594,60632,,,,,,,
crash_05559,2019-11-25 13:30:00,2019,11,Nov,Mon,13,Daytime,30,TRAFFIC SIGNAL,CLEAR,DAYLIGHT,REAR END,NOT DIVIDED,DRY,NO INJURY / DRIVE AWAY,,,"$501 - $1,500",FOLLOWING TOO CLOSELY,2,NO INDICATION OF INJURY,0,0,41.8923301615,-87.6354480705,60654,"CHICAGO MIDWAY AIRPORT, IL US",53.0,39.0,59.0,0.0,10.0,7.0
crash_05560,2023-04-14 21:16:00,2023,4,Apr,Fri,21,Night or early morning,35,TRAFFIC SIGNAL,CLEAR,"DARKNESS, LIGHTED ROAD",TURNING,DIVIDED - W/MEDIAN (NOT RAISED),DRY,INJURY AND / OR TOW DUE TO CRASH,true,false,"OVER $1,500",DISREGARDING TRAFFIC SIGNALS,2,NONINCAPACITATING INJURY,1,0,41.7698121937,-87.5857555739,60649,"CHICAGO MIDWAY AIRPORT, IL US",68.0,39.0,35.0,0.0,10.0,7.0
crash_05561,2023-01-18 07:15:00,2023,1,Jan,Wed,7,Morning commute,30,NO CONTROLS,CLEAR,DAYLIGHT,TURNING,NOT DIVIDED,DRY,NO INJURY / DRIVE AWAY,,,"OVER $1,500",DRIVING SKILLS/KNOWLEDGE/EXPERIENCE,2,NO INDICATION OF INJURY,0,0,41.8779434399,-87.6593126456,60607,"CHICAGO MIDWAY AIRPORT, IL US",37.0,30.0,76.0,0.0,10.0,0.0
crash_05562,2025-04-03 23:46:00,2025,4,Apr,Thu,23,Night or early morning,30,NO CONTROLS,CLEAR,DARKNESS,PARKED MOTOR VEHICLE,ONE-WAY,DRY,INJURY AND / OR TOW DUE TO CRASH,,,"OVER $1,500",UNDER THE INFLUENCE OF ALCOHOL/DRUGS (USE WHEN ARREST IS EFFECTED),2,NONINCAPACITATING INJURY,1,0,41.8433382997,-87.7219359088,60623,"CHICAGO MIDWAY AIRPORT, IL US",45.0,35.0,68.0,0.0,10.0,3.0
crash_05563,2018-09-21 15:30:00,2018,9,Sep,Fri,15,Evening commute,0,NO CONTROLS,CLEAR,DAYLIGHT,OTHER OBJECT,NOT DIVIDED,DRY,NO INJURY / DRIVE AWAY,,,"OVER $1,500",UNABLE TO DETERMINE,1,NO INDICATION OF INJURY,0,0,41.9166124899,-87.6392450477,60614,"CHICAGO MIDWAY AIRPORT, IL US",73.0,51.0,46.0,0.0,10.0,16.0
crash_05564,2022-07-13 05:35:00,2022,7,Jul,Wed,5,Night or early morning,30,UNKNOWN,CLEAR,"DARKNESS, LIGHTED ROAD",PARKED MOTOR VEHICLE,NOT DIVIDED,DRY,NO INJURY / DRIVE AWAY,,true,"OVER $1,500",NOT APPLICABLE,4,NO INDICATION OF INJURY,0,0,41.9122120329,-87.6909942221,60647,"CHICAGO MIDWAY AIRPORT, IL US",70.0,61.0,73.0,0.0,10.0,6.0
crash_05565,2022-04-23 15:15:00,2022,4,Apr,Sat,15,Evening commute,30,TRAFFIC SIGNAL,CLEAR,DAYLIGHT,TURNING,FOUR WAY,DRY,INJURY AND / OR TOW DUE TO CRASH,true,,"$501 - $1,500",FAILING TO YIELD RIGHT-OF-WAY,2,NONINCAPACITATING INJURY,2,0,41.8237727478,-87.6171420204,60653,"CHICAGO MIDWAY AIRPORT, IL US",84.0,57.0,40.0,0.0,10.0,28.0
crash_05566,2022-10-15 12:30:00,2022,10,Oct,Sat,12,Daytime,10,NO CONTROLS,CLEAR,DAYLIGHT,FIXED OBJECT,PARKING LOT,DRY,INJURY AND / OR TOW DUE TO CRASH,,,"OVER $1,500",DRIVING SKILLS/KNOWLEDGE/EXPERIENCE,1,NO INDICATION OF INJURY,0,0,41.7637945402,-87.717337449,60629,"CHICAGO MIDWAY AIRPORT, IL US",51.0,33.0,50.0,0.0,10.0,14.0
crash_05567,2025-04-22 10:30:00,2025,4,Apr,Tue,10,Daytime,30,NO CONTROLS,CLEAR,DAYLIGHT,SIDESWIPE SAME DIRECTION,NOT DIVIDED,DRY,NO INJURY / DRIVE AWAY,,,"OVER $1,500",FAILING TO YIELD RIGHT-OF-WAY,2,NO INDICATION OF INJURY,0,0,41.932233724,-87.6732982456,60614,"CHICAGO MIDWAY AIRPORT, IL US",59.0,42.0,54.0,0.0,10.0,14.0
crash_05568,2021-10-10 23:00:00,2021,10,Oct,Sun,23,Night or early morning,30,NO CONTROLS,UNKNOWN,UNKNOWN,PARKED MOTOR VEHICLE,NOT DIVIDED,DRY,NO INJURY / DRIVE AWAY,,true,"$501 - $1,500",UNABLE TO DETERMINE,2,NO INDICATION OF INJURY,0,0,41.8558869491,-87.6809754753,60608,"CHICAGO MIDWAY AIRPORT, IL US",76.0,59.0,56.0,0.0,10.0,13.0
crash_05569,2023-08-12 18:15:00,2023,8,Aug,Sat,18,Evening commute,30,NO CONTROLS,CLEAR,DAYLIGHT,TURNING,DIVIDED - W/MEDIAN (NOT RAISED),DRY,NO INJURY / DRIVE AWAY,,,"OVER $1,500",IMPROPER TURNING/NO SIGNAL,2,NO INDICATION OF INJURY,0,0,41.77763444,-87.7777382826,60638,"CHICAGO MIDWAY AIRPORT, IL US",86.0,55.0,35.0,0.0,10.0,10.0
crash_05570,2023-12-30 18:50:00,2023,12,Dec,Sat,18,Evening commute,30,STOP SIGN/FLASHER,UNKNOWN,"DARKNESS, LIGHTED ROAD",PEDESTRIAN,ONE-WAY,UNKNOWN,INJURY AND / OR TOW DUE TO CRASH,,,$500 OR LESS,FAILING TO YIELD RIGHT-OF-WAY,2,"REPORTED, NOT EVIDENT",1,0,41.9099968517,-87.7289243386,60639,"CHICAGO MIDWAY AIRPORT, IL US",38.0,33.0,83.0,0.0,10.0,6.0
crash_05571,2023-02-09 17:45:00,2023,2,Feb,Thu,17,Evening commute,30,NO CONTROLS,RAIN,"DARKNESS, LIGHTED ROAD",SIDESWIPE SAME DIRECTION,NOT DIVIDED,WET,NO INJURY / DRIVE AWAY,,,"$501 - $1,500",IMPROPER OVERTAKING/PASSING,2,NO INDICATION OF INJURY,0,0,41.9112712167,-87.6346329603,60614,"CHICAGO MIDWAY AIRPORT, IL US",37.0,36.0,96.0,0.0,10.0,15.0
crash_05572,2024-11-12 19:14:00,2024,11,Nov,Tue,19,Night or early morning,15,NO CONTROLS,CLEAR,"DARKNESS, LIGHTED ROAD",ANGLE,ONE-WAY,DRY,NO INJURY / DRIVE AWAY,,,"OVER $1,500",IMPROPER BACKING,2,NO INDICATION OF INJURY,0,0,41.8805542454,-87.6474704057,60607,"CHICAGO MIDWAY AIRPORT, IL US",48.0,34.0,58.0,0.0,10.0,8.0
crash_05573,2018-06-11 09:50:00,2018,6,Jun,Mon,9,Morning commute,30,TRAFFIC SIGNAL,CLEAR,DAYLIGHT,TURNING,DIVIDED - W/MEDIAN (NOT RAISED),DRY,NO INJURY / DRIVE AWAY,true,,"$501 - $1,500",DISREGARDING TRAFFIC SIGNALS,2,NO INDICATION OF INJURY,0,0,41.7929108835,-87.742077343,60638,"CHICAGO MIDWAY AIRPORT, IL US",63.0,63.0,100.0,,2.0,8.0
crash_05574,2019-01-24 08:10:00,2019,1,Jan,Thu,8,Morning commute,30,NO CONTROLS,OTHER,DAYLIGHT,REAR END,DIVIDED - W/MEDIAN (NOT RAISED),WET,NO INJURY / DRIVE AWAY,,,"OVER $1,500",FOLLOWING TOO CLOSELY,2,NO INDICATION OF INJURY,0,0,41.7647322605,-87.6702821757,60636,"CHICAGO MIDWAY AIRPORT, IL US",11.0,8.0,88.0,0.0,5.0,8.0
crash_05575,2025-11-21 13:22:00,2025,11,Nov,Fri,13,Daytime,30,TRAFFIC SIGNAL,CLEAR,DAYLIGHT,ANGLE,NOT DIVIDED,DRY,NO INJURY / DRIVE AWAY,true,,"OVER $1,500",UNABLE TO DETERMINE,2,NO INDICATION OF INJURY,0,0,41.8606059465,-87.7248590702,60623,,,,,,,
crash_05576,2024-07-02 08:50:00,2024,7,Jul,Tue,8,Morning commute,30,NO CONTROLS,CLEAR,DAYLIGHT,PARKED MOTOR VEHICLE,ONE-WAY,DRY,NO INJURY / DRIVE AWAY,,,$500 OR LESS,UNABLE TO DETERMINE,2,NO INDICATION OF INJURY,0,0,41.8947524393,-87.7188787332,60624,"CHICAGO MIDWAY AIRPORT, IL US",71.0,51.0,49.0,0.0,10.0,7.0
crash_05577,2024-11-18 00:10:00,2024,11,Nov,Mon,0,Night or early morning,35,NO CONTROLS,CLEAR,"DARKNESS, LIGHTED ROAD",TURNING,DIVIDED - W/MEDIAN BARRIER,DRY,NO INJURY / DRIVE AWAY,,true,"OVER $1,500",FAILING TO REDUCE SPEED TO AVOID CRASH,2,NO INDICATION OF INJURY,0,0,41.7792969745,-87.6885860471,60629,"CHICAGO MIDWAY AIRPORT, IL US",56.0,51.0,84.0,0.0,10.0,0.0
crash_05578,2019-06-11 17:12:00,2019,6,Jun,Tue,17,Evening commute,30,TRAFFIC SIGNAL,CLEAR,DAYLIGHT,TURNING,CENTER TURN LANE,DRY,NO INJURY / DRIVE AWAY,,true,"OVER $1,500",UNABLE TO DETERMINE,2,NO INDICATION OF INJURY,0,0,41.8950998418,-87.7749952716,60651,"CHICAGO MIDWAY AIRPORT, IL US",80.0,38.0,22.0,0.0,10.0,9.0
crash_05579,2019-06-24 14:30:00,2019,6,Jun,Mon,14,Daytime,30,TRAFFIC SIGNAL,RAIN,DAYLIGHT,REAR END,NOT DIVIDED,WET,NO INJURY / DRIVE AWAY,,,"OVER $1,500",FAILING TO REDUCE SPEED TO AVOID CRASH,2,NO INDICATION OF INJURY,0,0,41.9489033373,-87.6690562075,60613,"CHICAGO MIDWAY AIRPORT, IL US",75.0,70.0,83.0,0.0,10.0,16.0
crash_05580,2018-03-09 11:15:00,2018,3,Mar,Fri,11,Daytime,30,TRAFFIC SIGNAL,CLEAR,DAYLIGHT,REAR END,NOT DIVIDED,DRY,NO INJURY / DRIVE AWAY,,,$500 OR LESS,UNABLE TO DETERMINE,2,NO INDICATION OF INJURY,0,0,41.997817807,-87.6900330347,60645,"CHICAGO OHARE INTERNATIONAL AIRPORT, IL US",34.0,13.0,42.0,0.0,10.0,9.0
crash_05581,2024-12-10 04:55:00,2024,12,Dec,Tue,4,Night or early morning,30,TRAFFIC SIGNAL,CLEAR,"DARKNESS, LIGHTED ROAD",REAR END,NOT DIVIDED,DRY,INJURY AND / OR TOW DUE TO CRASH,,,"OVER $1,500",FAILING TO REDUCE SPEED TO AVOID CRASH,2,"REPORTED, NOT EVIDENT",1,0,41.9612022355,-87.6887413974,60618,"CHICAGO OHARE INTERNATIONAL AIRPORT, IL US",34.0,26.0,73.0,,10.0,8.0
crash_05582,2024-08-04 10:14:00,2024,8,Aug,Sun,10,Daytime,35,NO CONTROLS,CLEAR,DAYLIGHT,PARKED MOTOR VEHICLE,NOT DIVIDED,DRY,INJURY AND / OR TOW DUE TO CRASH,,,"OVER $1,500",UNABLE TO DETERMINE,2,NO INDICATION OF INJURY,0,0,41.7724547347,-87.5766142067,60649,"CHICAGO MIDWAY AIRPORT, IL US",84.0,63.0,49.0,0.0,10.0,3.0
crash_05583,2019-02-08 12:20:00,2019,2,Feb,Fri,12,Daytime,30,NO CONTROLS,CLEAR,DAYLIGHT,SIDESWIPE SAME DIRECTION,ONE-WAY,DRY,NO INJURY / DRIVE AWAY,,,"OVER $1,500",IMPROPER OVERTAKING/PASSING,2,NO INDICATION OF INJURY,0,0,41.8852537981,-87.6308156141,60601,"CHICAGO MIDWAY AIRPORT, IL US",11.0,-2.0,55.0,0.0,10.0,21.0
crash_05584,2019-01-03 19:25:00,2019,1,Jan,Thu,19,Night or early morning,30,TRAFFIC SIGNAL,CLEAR,DARKNESS,TURNING,DIVIDED - W/MEDIAN (NOT RAISED),UNKNOWN,NO INJURY / DRIVE AWAY,,true,$500 OR LESS,IMPROPER TURNING/NO SIGNAL,2,NO INDICATION OF INJURY,0,0,41.7215329106,-87.6249866523,60628,"CHICAGO MIDWAY AIRPORT, IL US",36.0,30.0,79.0,0.0,10.0,14.0
crash_05585,2021-03-16 03:05:00,2021,3,Mar,Tue,3,Night or early morning,30,NO CONTROLS,FREEZING RAIN/DRIZZLE,"DARKNESS, LIGHTED ROAD",PARKED MOTOR VEHICLE,NOT DIVIDED,WET,INJURY AND / OR TOW DUE TO CRASH,false,,"OVER $1,500",DRIVING SKILLS/KNOWLEDGE/EXPERIENCE,2,NO INDICATION OF INJURY,0,0,41.7228222361,-87.5555443433,60617,"CHICAGO MIDWAY AIRPORT, IL US",33.0,30.0,89.0,,2.5,5.0
crash_05586,2022-06-19 19:50:00,2022,6,Jun,Sun,19,Night or early morning,30,NO CONTROLS,CLEAR,"DARKNESS, LIGHTED ROAD",TURNING,DIVIDED - W/MEDIAN (NOT RAISED),DRY,NO INJURY / DRIVE AWAY,,,"OVER $1,500",UNABLE TO DETERMINE,2,NO INDICATION OF INJURY,0,0,41.7225186946,-87.604636809,60619,"CHICAGO MIDWAY AIRPORT, IL US",85.0,41.0,21.0,0.0,10.0,7.0
crash_05587,2023-05-17 18:15:00,2023,5,May,Wed,18,Evening commute,30,STOP SIGN/FLASHER,CLEAR,DAYLIGHT,REAR END,ONE-WAY,DRY,NO INJURY / DRIVE AWAY,false,true,"OVER $1,500",FOLLOWING TOO CLOSELY,2,NO INDICATION OF INJURY,0,0,41.7246900313,-87.5537676344,60617,"CHICAGO MIDWAY AIRPORT, IL US",58.0,39.0,50.0,0.0,10.0,10.0
crash_05588,2022-07-08 15:30:00,2022,7,Jul,Fri,15,Evening commute,15,NO CONTROLS,CLEAR,DAYLIGHT,PARKED MOTOR VEHICLE,PARKING LOT,UNKNOWN,NO INJURY / DRIVE AWAY,,true,"$501 - $1,500",IMPROPER OVERTAKING/PASSING,2,NO INDICATION OF INJURY,0,0,41.8512884884,-87.7238508433,60623,"CHICAGO MIDWAY AIRPORT, IL US",80.0,66.0,62.0,0.0,10.0,10.0
crash_05589,2021-11-29 14:50:00,2021,11,Nov,Mon,14,Daytime,30,UNKNOWN,CLOUDY/OVERCAST,DAYLIGHT,REAR END,NOT DIVIDED,UNKNOWN,NO INJURY / DRIVE AWAY,,,"OVER $1,500",UNABLE TO DETERMINE,2,NO INDICATION OF INJURY,0,0,41.9399969919,-87.6402366251,60657,"CHICAGO MIDWAY AIRPORT, IL US",41.0,17.0,38.0,0.0,10.0,15.0
crash_05590,2022-09-28 15:50:00,2022,9,Sep,Wed,15,Evening commute,30,STOP SIGN/FLASHER,CLEAR,DAYLIGHT,ANGLE,FOUR WAY,DRY,NO INJURY / DRIVE AWAY,true,,"OVER $1,500",FAILING TO YIELD RIGHT-OF-WAY,2,NO INDICATION OF INJURY,0,0,41.8387533287,-87.7172261362,60623,"CHICAGO MIDWAY AIRPORT, IL US",62.0,38.0,41.0,0.0,10.0,11.0
crash_05591,2025-01-11 00:30:00,2025,1,Jan,Sat,0,Night or early morning,30,NO CONTROLS,SNOW,"DARKNESS, LIGHTED ROAD",FIXED OBJECT,DIVIDED - W/MEDIAN (NOT RAISED),SNOW OR SLUSH,INJURY AND / OR TOW DUE TO CRASH,,,"OVER $1,500",WEATHER,1,NO INDICATION OF INJURY,0,0,41.769889047,-87.6443861397,60621,"CHICAGO MIDWAY AIRPORT, IL US",29.0,22.0,75.0,0.0,8.0,8.0
crash_05592,2018-03-28 19:00:00,2018,3,Mar,Wed,19,Night or early morning,30,UNKNOWN,CLEAR,"DARKNESS, LIGHTED ROAD",REAR END,DIVIDED - W/MEDIAN (NOT RAISED),DRY,NO INJURY / DRIVE AWAY,,,"$501 - $1,500",FAILING TO YIELD RIGHT-OF-WAY,2,NO INDICATION OF INJURY,0,0,41.9110587048,-87.6348546707,60610,"CHICAGO MIDWAY AIRPORT, IL US",46.0,38.0,73.0,0.0,9.0,9.0
crash_05593,2019-01-24 16:00:00,2019,1,Jan,Thu,16,Evening commute,25,TRAFFIC SIGNAL,SNOW,DARKNESS,ANGLE,ONE-WAY,SNOW OR SLUSH,INJURY AND / OR TOW DUE TO CRASH,true,,"OVER $1,500",UNABLE TO DETERMINE,2,NONINCAPACITATING INJURY,2,0,41.9204012294,-87.7672202157,60639,"CHICAGO OHARE INTERNATIONAL AIRPORT, IL US",22.0,15.0,75.0,0.0,4.0,13.0
crash_05594,2019-01-08 08:04:00,2019,1,Jan,Tue,8,Morning commute,30,STOP SIGN/FLASHER,CLEAR,DAYLIGHT,ANGLE,DIVIDED - W/MEDIAN (NOT RAISED),DRY,NO INJURY / DRIVE AWAY,true,,$500 OR LESS,FAILING TO YIELD RIGHT-OF-WAY,2,NO INDICATION OF INJURY,0,0,41.9395691813,-87.756573566,60641,"CHICAGO OHARE INTERNATIONAL AIRPORT, IL US",38.0,36.0,93.0,0.0,8.0,3.0
crash_05595,2022-10-15 03:53:00,2022,10,Oct,Sat,3,Night or early morning,30,TRAFFIC SIGNAL,CLEAR,"DARKNESS, LIGHTED ROAD",ANGLE,NOT DIVIDED,DRY,INJURY AND / OR TOW DUE TO CRASH,,true,"OVER $1,500",UNABLE TO DETERMINE,2,NO INDICATION OF INJURY,0,0,41.8855803183,-87.7259219239,60624,"CHICAGO MIDWAY AIRPORT, IL US",40.0,33.0,77.0,0.0,10.0,8.0
crash_05596,2025-03-01 08:00:00,2025,3,Mar,Sat,8,Morning commute,30,NO CONTROLS,UNKNOWN,UNKNOWN,PARKED MOTOR VEHICLE,ONE-WAY,DRY,NO INJURY / DRIVE AWAY,,true,"$501 - $1,500",UNABLE TO DETERMINE,2,NO INDICATION OF INJURY,0,0,41.9656240472,-87.6891654772,60625,"CHICAGO OHARE INTERNATIONAL AIRPORT, IL US",24.0,7.0,48.0,0.0,10.0,21.0
crash_05597,2025-09-01 21:10:00,2025,9,Sep,Mon,21,Night or early morning,30,TRAFFIC SIGNAL,CLEAR,"DARKNESS, LIGHTED ROAD",REAR END,NOT DIVIDED,DRY,NO INJURY / DRIVE AWAY,,,"OVER $1,500",UNABLE TO DETERMINE,2,NO INDICATION OF INJURY,0,0,41.7861553079,-87.7034931406,60629,,,,,,,
crash_05598,2019-10-14 09:05:00,2019,10,Oct,Mon,9,Morning commute,30,NO CONTROLS,CLEAR,DAYLIGHT,PARKED MOTOR VEHICLE,DIVIDED - W/MEDIAN (NOT RAISED),DRY,INJURY AND / OR TOW DUE TO CRASH,,true,"OVER $1,500",UNABLE TO DETERMINE,3,NO INDICATION OF INJURY,0,0,41.8727693675,-87.7157745317,60624,"CHICAGO MIDWAY AIRPORT, IL US",43.0,32.0,65.0,0.0,10.0,10.0
crash_05599,2018-03-06 03:00:00,2018,3,Mar,Tue,3,Night or early morning,30,STOP SIGN/FLASHER,CLEAR,"DARKNESS, LIGHTED ROAD",REAR END,NOT DIVIDED,DRY,NO INJURY / DRIVE AWAY,,,"OVER $1,500",FOLLOWING TOO CLOSELY,2,NO INDICATION OF INJURY,0,0,41.759634931,-87.6468428189,60621,"CHICAGO MIDWAY AIRPORT, IL US",35.0,35.0,100.0,0.0,2.0,9.0
crash_05600,2022-01-11 15:35:00,2022,1,Jan,Tue,15,Evening commute,30,TRAFFIC SIGNAL,CLEAR,DAYLIGHT,TURNING,ONE-WAY,DRY,NO INJURY / DRIVE AWAY,true,,"OVER $1,500",IMPROPER TURNING/NO SIGNAL,2,NO INDICATION OF INJURY,0,0,41.8379669674,-87.6452109984,60616,"CHICAGO MIDWAY AIRPORT, IL US",35.0,19.0,52.0,0.0,10.0,21.0
crash_05601,2025-09-08 13:26:00,2025,9,Sep,Mon,13,Daytime,15,NO CONTROLS,CLEAR,DAYLIGHT,FIXED OBJECT,ALLEY,DRY,NO INJURY / DRIVE AWAY,,,$500 OR LESS,FOLLOWING TOO CLOSELY,1,NO INDICATION OF INJURY,0,0,42.0121283864,-87.6922023259,60645,,,,,,,
crash_05602,2021-04-21 15:50:00,2021,4,Apr,Wed,15,Evening commute,30,TRAFFIC SIGNAL,CLEAR,DAYLIGHT,TURNING,DIVIDED - W/MEDIAN (NOT RAISED),DRY,NO INJURY / DRIVE AWAY,,,$500 OR LESS,UNABLE TO DETERMINE,2,NO INDICATION OF INJURY,0,0,41.935138656,-87.7465919737,60641,"CHICAGO OHARE INTERNATIONAL AIRPORT, IL US",47.0,24.0,41.0,0.0,10.0,11.0
crash_05603,2022-02-13 03:00:00,2022,2,Feb,Sun,3,Night or early morning,30,NO CONTROLS,CLEAR,"DARKNESS, LIGHTED ROAD",REAR END,NOT DIVIDED,DRY,NO INJURY / DRIVE AWAY,,,"$501 - $1,500",IMPROPER LANE USAGE,2,NO INDICATION OF INJURY,0,0,41.9688011182,-87.6669622399,60640,"CHICAGO MIDWAY AIRPORT, IL US",15.0,4.0,61.0,0.0,10.0,8.0
crash_05604,2025-05-09 17:15:00,2025,5,May,Fri,17,Evening commute,25,TRAFFIC SIGNAL,CLEAR,DAYLIGHT,REAR END,NOT DIVIDED,DRY,NO INJURY / DRIVE AWAY,,,"OVER $1,500",NOT APPLICABLE,2,NO INDICATION OF INJURY,0,0,41.9547002709,-87.6480278739,60613,"CHICAGO MIDWAY AIRPORT, IL US",64.0,15.0,15.0,0.0,10.0,8.0
crash_05605,2023-01-20 14:00:00,2023,1,Jan,Fri,14,Daytime,30,TRAFFIC SIGNAL,CLOUDY/OVERCAST,DAYLIGHT,TURNING,NOT DIVIDED,DRY,NO INJURY / DRIVE AWAY,true,true,"OVER $1,500",UNABLE TO DETERMINE,2,NO INDICATION OF INJURY,0,0,41.6958759168,-87.6606146605,60643,"CHICAGO MIDWAY AIRPORT, IL US",32.0,24.0,73.0,0.0,10.0,15.0
crash_05606,2019-12-13 13:45:00,2019,12,Dec,Fri,13,Daytime,30,NO CONTROLS,CLEAR,DAYLIGHT,FIXED OBJECT,NOT DIVIDED,DRY,INJURY AND / OR TOW DUE TO CRASH,,true,"OVER $1,500",UNABLE TO DETERMINE,1,NO INDICATION OF INJURY,0,0,41.6736488988,-87.5615259509,60633,"CHICAGO MIDWAY AIRPORT, IL US",44.0,30.0,58.0,0.0,10.0,5.0
crash_05607,2024-02-01 17:22:00,2024,2,Feb,Thu,17,Evening commute,30,NO CONTROLS,CLEAR,"DARKNESS, LIGHTED ROAD",PEDESTRIAN,DIVIDED - W/MEDIAN (NOT RAISED),DRY,INJURY AND / OR TOW DUE TO CRASH,false,true,"OVER $1,500",UNABLE TO DETERMINE,2,INCAPACITATING INJURY,1,0,41.9216143622,-87.6954814291,60647,"CHICAGO MIDWAY AIRPORT, IL US",40.0,36.0,86.0,,4.0,13.0
crash_05608,2023-04-04 13:00:00,2023,4,Apr,Tue,13,Daytime,30,NO CONTROLS,CLOUDY/OVERCAST,DAYLIGHT,PARKED MOTOR VEHICLE,ONE-WAY,WET,NO INJURY / DRIVE AWAY,,,"OVER $1,500",IMPROPER BACKING,2,NO INDICATION OF INJURY,0,0,41.8737755455,-87.7597886959,60644,"CHICAGO MIDWAY AIRPORT, IL US",51.0,46.0,83.0,,10.0,16.0
crash_05609,2025-12-11 17:40:00,2025,12,Dec,Thu,17,Evening commute,30,NO CONTROLS,SNOW,DUSK,FIXED OBJECT,ONE-WAY,SNOW OR SLUSH,INJURY AND / OR TOW DUE TO CRASH,,,"OVER $1,500",FAILING TO REDUCE SPEED TO AVOID CRASH,1,"REPORTED, NOT EVIDENT",1,0,41.773834547,-87.6695862884,60636,,,,,,,
crash_05610,2023-02-03 09:32:00,2023,2,Feb,Fri,9,Morning commute,30,TRAFFIC SIGNAL,CLEAR,DAYLIGHT,SIDESWIPE SAME DIRECTION,ONE-WAY,DRY,NO INJURY / DRIVE AWAY,,,"$501 - $1,500",IMPROPER OVERTAKING/PASSING,2,NO INDICATION OF INJURY,0,0,41.883687389,-87.6295799301,60602,"CHICAGO MIDWAY AIRPORT, IL US",5.0,-10.0,49.0,0.0,10.0,10.0
crash_05611,2018-06-15 20:15:00,2018,6,Jun,Fri,20,Night or early morning,0,NO CONTROLS,CLEAR,"DARKNESS, LIGHTED ROAD",TURNING,PARKING LOT,DRY,NO INJURY / DRIVE AWAY,,,"$501 - $1,500",UNABLE TO DETERMINE,2,NO INDICATION OF INJURY,0,0,41.8501088555,-87.6854376462,60608,"CHICAGO MIDWAY AIRPORT, IL US",87.0,66.0,50.0,0.0,10.0,13.0
crash_05612,2022-09-11 13:00:00,2022,9,Sep,Sun,13,Daytime,25,NO CONTROLS,RAIN,DAYLIGHT,OTHER OBJECT,DIVIDED - W/MEDIAN BARRIER,WET,INJURY AND / OR TOW DUE TO CRASH,,,"OVER $1,500",FAILING TO REDUCE SPEED TO AVOID CRASH,1,NO INDICATION OF INJURY,0,0,41.9009589191,-87.6199281737,60611,"CHICAGO MIDWAY AIRPORT, IL US",70.0,63.0,79.0,0.0,10.0,13.0
crash_05613,2020-12-24 15:30:00,2020,12,Dec,Thu,15,Evening commute,10,NO CONTROLS,CLEAR,DAYLIGHT,PEDESTRIAN,PARKING LOT,DRY,INJURY AND / OR TOW DUE TO CRASH,,true,"OVER $1,500",UNABLE TO DETERMINE,2,NONINCAPACITATING INJURY,1,0,41.9319132731,-87.7259805673,60618,"CHICAGO MIDWAY AIRPORT, IL US",16.0,2.0,54.0,0.0,10.0,14.0
crash_05614,2020-08-26 12:00:00,2020,8,Aug,Wed,12,Daytime,30,NO CONTROLS,CLEAR,DAYLIGHT,SIDESWIPE SAME DIRECTION,DIVIDED - W/MEDIAN BARRIER,DRY,NO INJURY / DRIVE AWAY,,true,"$501 - $1,500",UNABLE TO DETERMINE,2,NO INDICATION OF INJURY,0,0,41.7985578996,-87.6645571752,60609,"CHICAGO MIDWAY AIRPORT, IL US",90.0,67.0,47.0,0.0,10.0,13.0
crash_05615,2022-04-07 11:30:00,2022,4,Apr,Thu,11,Daytime,30,NO CONTROLS,CLEAR,DAYLIGHT,PARKED MOTOR VEHICLE,NOT DIVIDED,DRY,NO INJURY / DRIVE AWAY,,,"OVER $1,500",UNABLE TO DETERMINE,2,NO INDICATION OF INJURY,0,0,41.9488771822,-87.6579262594,60613,"CHICAGO MIDWAY AIRPORT, IL US",45.0,30.0,56.0,0.0,10.0,20.0