crash_id,crash_datetime,crash_year,crash_month,crash_month_name,crash_weekday_name,crash_hour,time_period,posted_speed_limit_mph,traffic_control_device,reported_weather_condition,reported_lighting_condition,first_crash_type,trafficway_type,reported_road_surface_condition,crash_type,intersection_related,hit_and_run,estimated_damage,primary_contributory_cause,unit_count,most_severe_injury,injuries_total,injuries_fatal,latitude,longitude,zip5,weather_station_name,temperature_f,dew_point_f,relative_humidity_percent,precipitation_inches,visibility_miles,wind_speed_mph
crash_05616,2019-04-12 16:20:00,2019,4,Apr,Fri,16,Evening commute,30,NO CONTROLS,CLEAR,DAYLIGHT,REAR END,DIVIDED - W/MEDIAN BARRIER,DRY,NO INJURY / DRIVE AWAY,,,$500 OR LESS,FOLLOWING TOO CLOSELY,2,NO INDICATION OF INJURY,0,0,41.8378256867,-87.6951871639,60623,"CHICAGO MIDWAY AIRPORT, IL US",51.0,26.0,38.0,0.0,10.0,24.0
crash_05617,2018-08-03 21:05:00,2018,8,Aug,Fri,21,Night or early morning,30,TRAFFIC SIGNAL,RAIN,"DARKNESS, LIGHTED ROAD",REAR END,DIVIDED - W/MEDIAN BARRIER,DRY,NO INJURY / DRIVE AWAY,,true,"OVER $1,500",FOLLOWING TOO CLOSELY,2,NO INDICATION OF INJURY,0,0,41.873704115,-87.7008646171,60612,"CHICAGO MIDWAY AIRPORT, IL US",77.0,63.0,62.0,0.0,10.0,9.0
crash_05618,2021-05-12 15:40:00,2021,5,May,Wed,15,Evening commute,30,STOP SIGN/FLASHER,CLEAR,DAYLIGHT,ANGLE,T-INTERSECTION,DRY,INJURY AND / OR TOW DUE TO CRASH,,,"OVER $1,500",UNABLE TO DETERMINE,2,NO INDICATION OF INJURY,0,0,41.6773714546,-87.6832166247,60655,"CHICAGO MIDWAY AIRPORT, IL US",58.0,23.0,26.0,0.0,10.0,9.0
crash_05619,2022-09-10 03:30:00,2022,9,Sep,Sat,3,Night or early morning,30,NO CONTROLS,CLEAR,"DARKNESS, LIGHTED ROAD",SIDESWIPE SAME DIRECTION,DIVIDED - W/MEDIAN (NOT RAISED),DRY,NO INJURY / DRIVE AWAY,,true,"OVER $1,500",IMPROPER OVERTAKING/PASSING,3,NO INDICATION OF INJURY,0,0,41.7965665737,-87.6842528466,60632,"CHICAGO MIDWAY AIRPORT, IL US",69.0,59.0,70.0,0.0,10.0,0.0
crash_05620,2023-03-08 22:00:00,2023,3,Mar,Wed,22,Night or early morning,30,NO CONTROLS,CLEAR,UNKNOWN,PARKED MOTOR VEHICLE,ONE-WAY,UNKNOWN,NO INJURY / DRIVE AWAY,,true,"OVER $1,500",UNABLE TO DETERMINE,2,NO INDICATION OF INJURY,0,0,41.7757273743,-87.7968613348,60638,"CHICAGO MIDWAY AIRPORT, IL US",41.0,23.0,49.0,0.0,10.0,9.0
crash_05621,2023-09-02 13:07:00,2023,9,Sep,Sat,13,Daytime,30,TRAFFIC SIGNAL,CLEAR,DAYLIGHT,PEDALCYCLIST,NOT DIVIDED,DRY,INJURY AND / OR TOW DUE TO CRASH,,false,"OVER $1,500",UNABLE TO DETERMINE,2,INCAPACITATING INJURY,1,0,41.8830365754,-87.6866324686,60612,"CHICAGO MIDWAY AIRPORT, IL US",84.0,59.0,43.0,0.0,10.0,14.0
crash_05622,2025-08-27 07:29:00,2025,8,Aug,Wed,7,Morning commute,30,NO CONTROLS,CLEAR,DAYLIGHT,SIDESWIPE SAME DIRECTION,NOT DIVIDED,DRY,NO INJURY / DRIVE AWAY,,,"OVER $1,500",IMPROPER LANE USAGE,2,NO INDICATION OF INJURY,0,0,41.8071794738,-87.7157688717,60632,,,,,,,
crash_05623,2019-04-08 22:00:00,2019,4,Apr,Mon,22,Night or early morning,20,NO CONTROLS,UNKNOWN,"DARKNESS, LIGHTED ROAD",FIXED OBJECT,ALLEY,UNKNOWN,NO INJURY / DRIVE AWAY,,,"OVER $1,500",UNABLE TO DETERMINE,1,NO INDICATION OF INJURY,0,0,41.9818219721,-87.698967973,60625,"CHICAGO OHARE INTERNATIONAL AIRPORT, IL US",65.0,42.0,43.0,0.0,10.0,11.0
crash_05624,2019-02-21 13:47:00,2019,2,Feb,Thu,13,Daytime,25,NO CONTROLS,CLEAR,DAYLIGHT,TURNING,NOT DIVIDED,DRY,NO INJURY / DRIVE AWAY,,,"OVER $1,500",IMPROPER TURNING/NO SIGNAL,2,NO INDICATION OF INJURY,0,0,41.7443994335,-87.6051923072,60619,"CHICAGO MIDWAY AIRPORT, IL US",34.0,18.0,52.0,0.0,10.0,11.0
crash_05625,2024-08-14 18:27:00,2024,8,Aug,Wed,18,Evening commute,30,NO CONTROLS,CLEAR,DAYLIGHT,ANGLE,NOT DIVIDED,DRY,INJURY AND / OR TOW DUE TO CRASH,true,,"OVER $1,500","VISION OBSCURED (SIGNS, TREE LIMBS, BUILDINGS, ETC.)",4,NONINCAPACITATING INJURY,2,0,41.8370337375,-87.7219726095,60623,"CHICAGO MIDWAY AIRPORT, IL US",81.0,61.0,51.0,0.0,10.0,11.0
crash_05626,2019-08-11 02:24:00,2019,8,Aug,Sun,2,Night or early morning,30,TRAFFIC SIGNAL,CLEAR,"DARKNESS, LIGHTED ROAD",TURNING,NOT DIVIDED,DRY,INJURY AND / OR TOW DUE TO CRASH,true,,"OVER $1,500",FAILING TO YIELD RIGHT-OF-WAY,2,NONINCAPACITATING INJURY,1,0,41.9865014778,-87.7774501708,60646,"CHICAGO OHARE INTERNATIONAL AIRPORT, IL US",71.0,55.0,57.0,0.0,10.0,5.0
crash_05627,2018-12-29 12:40:00,2018,12,Dec,Sat,12,Daytime,30,STOP SIGN/FLASHER,SNOW,DAYLIGHT,ANGLE,NOT DIVIDED,WET,INJURY AND / OR TOW DUE TO CRASH,true,,"OVER $1,500","VISION OBSCURED (SIGNS, TREE LIMBS, BUILDINGS, ETC.)",2,"REPORTED, NOT EVIDENT",1,0,41.8996788115,-87.676080724,60622,"CHICAGO MIDWAY AIRPORT, IL US",30.0,28.0,93.0,,10.0,5.0
crash_05628,2023-03-25 04:00:00,2023,3,Mar,Sat,4,Night or early morning,30,STOP SIGN/FLASHER,RAIN,"DARKNESS, LIGHTED ROAD",ANGLE,ONE-WAY,WET,INJURY AND / OR TOW DUE TO CRASH,,true,"OVER $1,500",UNABLE TO DETERMINE,2,NO INDICATION OF INJURY,0,0,41.7527672003,-87.6196620806,60619,"CHICAGO MIDWAY AIRPORT, IL US",36.0,34.0,93.0,0.1,3.0,16.0
crash_05629,2018-07-23 20:20:00,2018,7,Jul,Mon,20,Night or early morning,30,TRAFFIC SIGNAL,CLEAR,"DARKNESS, LIGHTED ROAD",PEDESTRIAN,NOT DIVIDED,DRY,INJURY AND / OR TOW DUE TO CRASH,,,$500 OR LESS,NOT APPLICABLE,2,NONINCAPACITATING INJURY,1,0,41.7914416215,-87.6061208782,60637,"CHICAGO MIDWAY AIRPORT, IL US",75.0,64.0,69.0,0.0,10.0,10.0
crash_05630,2018-03-31 19:30:00,2018,3,Mar,Sat,19,Night or early morning,30,NO CONTROLS,CLEAR,DAYLIGHT,ANGLE,NOT DIVIDED,DRY,NO INJURY / DRIVE AWAY,,,"$501 - $1,500",DRIVING SKILLS/KNOWLEDGE/EXPERIENCE,2,NO INDICATION OF INJURY,0,0,41.7250911705,-87.5974379671,60619,"CHICAGO MIDWAY AIRPORT, IL US",44.0,28.0,53.0,0.0,10.0,16.0
crash_05631,2019-03-16 14:45:00,2019,3,Mar,Sat,14,Daytime,15,NO CONTROLS,CLEAR,DAYLIGHT,PARKED MOTOR VEHICLE,ONE-WAY,DRY,NO INJURY / DRIVE AWAY,,,"OVER $1,500",IMPROPER BACKING,2,NO INDICATION OF INJURY,0,0,41.9375585233,-87.722028511,60618,"CHICAGO MIDWAY AIRPORT, IL US",43.0,21.0,42.0,0.0,10.0,14.0
crash_05632,2024-11-10 10:45:00,2024,11,Nov,Sun,10,Daytime,30,TRAFFIC SIGNAL,CLEAR,DAYLIGHT,PARKED MOTOR VEHICLE,NOT DIVIDED,DRY,NO INJURY / DRIVE AWAY,true,,"$501 - $1,500",UNABLE TO DETERMINE,2,NO INDICATION OF INJURY,0,0,41.8243563076,-87.7045936543,60632,"CHICAGO MIDWAY AIRPORT, IL US",60.0,52.0,75.0,0.0,10.0,13.0
crash_05633,2018-06-28 04:40:00,2018,6,Jun,Thu,4,Night or early morning,30,TRAFFIC SIGNAL,CLEAR,DAYLIGHT,TURNING,NOT DIVIDED,DRY,NO INJURY / DRIVE AWAY,,,"OVER $1,500",UNABLE TO DETERMINE,2,NO INDICATION OF INJURY,0,0,41.6591261899,-87.5594327419,60633,"CHICAGO MIDWAY AIRPORT, IL US",67.0,64.0,91.0,0.0,4.0,0.0
crash_05634,2018-01-03 08:55:00,2018,1,Jan,Wed,8,Morning commute,30,NO CONTROLS,CLEAR,DAYLIGHT,SIDESWIPE SAME DIRECTION,NOT DIVIDED,DRY,NO INJURY / DRIVE AWAY,,,"$501 - $1,500",DRIVING SKILLS/KNOWLEDGE/EXPERIENCE,2,NO INDICATION OF INJURY,0,0,41.8659688191,-87.6390587195,60607,"CHICAGO MIDWAY AIRPORT, IL US",16.0,11.0,80.0,0.0,2.5,9.0
crash_05635,2021-04-08 16:40:00,2021,4,Apr,Thu,16,Evening commute,5,NO CONTROLS,RAIN,DAYLIGHT,OTHER OBJECT,DRIVEWAY,WET,NO INJURY / DRIVE AWAY,,,"OVER $1,500",NOT APPLICABLE,1,NO INDICATION OF INJURY,0,0,41.9681238782,-87.7287699391,60630,"CHICAGO OHARE INTERNATIONAL AIRPORT, IL US",57.0,54.0,88.0,,9.0,5.0
crash_05636,2025-10-10 17:05:00,2025,10,Oct,Fri,17,Evening commute,30,TRAFFIC SIGNAL,CLEAR,DAYLIGHT,PARKED MOTOR VEHICLE,DIVIDED - W/MEDIAN (NOT RAISED),DRY,NO INJURY / DRIVE AWAY,,,"OVER $1,500","VISION OBSCURED (SIGNS, TREE LIMBS, BUILDINGS, ETC.)",2,NO INDICATION OF INJURY,0,0,41.8444082094,-87.7049775732,60623,,,,,,,
crash_05637,2025-02-06 15:54:00,2025,2,Feb,Thu,15,Evening commute,30,UNKNOWN,CLEAR,DAYLIGHT,ANGLE,ALLEY,DRY,NO INJURY / DRIVE AWAY,,,"$501 - $1,500",UNABLE TO DETERMINE,2,NO INDICATION OF INJURY,0,0,41.782457244,-87.59578011,60637,"CHICAGO MIDWAY AIRPORT, IL US",39.0,23.0,53.0,0.0,10.0,13.0
crash_05638,2023-11-27 13:00:00,2023,11,Nov,Mon,13,Daytime,30,NO CONTROLS,CLOUDY/OVERCAST,DAYLIGHT,REAR TO FRONT,NOT DIVIDED,UNKNOWN,NO INJURY / DRIVE AWAY,,true,"$501 - $1,500",UNABLE TO DETERMINE,2,NO INDICATION OF INJURY,0,0,41.9187398509,-87.7561407368,60639,"CHICAGO MIDWAY AIRPORT, IL US",26.0,14.0,60.0,0.0,10.0,15.0
crash_05639,2023-08-19 08:30:00,2023,8,Aug,Sat,8,Morning commute,30,NO CONTROLS,CLEAR,DAYLIGHT,SIDESWIPE SAME DIRECTION,NOT DIVIDED,DRY,NO INJURY / DRIVE AWAY,true,,"OVER $1,500",UNABLE TO DETERMINE,2,NO INDICATION OF INJURY,0,0,41.7931263583,-87.7429317724,60638,"CHICAGO MIDWAY AIRPORT, IL US",69.0,56.0,63.0,0.0,10.0,7.0
crash_05640,2022-04-01 17:42:00,2022,4,Apr,Fri,17,Evening commute,30,NO CONTROLS,CLEAR,DAYLIGHT,PARKED MOTOR VEHICLE,NOT DIVIDED,DRY,NO INJURY / DRIVE AWAY,,true,"OVER $1,500",IMPROPER BACKING,2,NO INDICATION OF INJURY,0,0,41.9111182586,-87.63261971,60610,"CHICAGO MIDWAY AIRPORT, IL US",42.0,25.0,51.0,0.0,10.0,10.0
crash_05641,2024-09-03 01:55:00,2024,9,Sep,Tue,1,Night or early morning,30,TRAFFIC SIGNAL,CLEAR,"DARKNESS, LIGHTED ROAD",TURNING,DIVIDED - W/MEDIAN BARRIER,DRY,INJURY AND / OR TOW DUE TO CRASH,true,,"OVER $1,500",UNABLE TO DETERMINE,2,"REPORTED, NOT EVIDENT",4,0,41.8794893287,-87.6244981249,60604,"CHICAGO MIDWAY AIRPORT, IL US",63.0,51.0,65.0,0.0,10.0,3.0
crash_05642,2024-11-02 03:00:00,2024,11,Nov,Sat,3,Night or early morning,15,NO CONTROLS,CLEAR,"DARKNESS, LIGHTED ROAD",PARKED MOTOR VEHICLE,OTHER,DRY,NO INJURY / DRIVE AWAY,,,"$501 - $1,500",UNABLE TO DETERMINE,2,NO INDICATION OF INJURY,0,0,41.8932511985,-87.6324930122,60654,"CHICAGO MIDWAY AIRPORT, IL US",43.0,35.0,74.0,0.0,10.0,5.0
crash_05643,2019-08-04 12:35:00,2019,8,Aug,Sun,12,Daytime,30,NO CONTROLS,CLEAR,DAYLIGHT,PARKED MOTOR VEHICLE,NOT DIVIDED,DRY,NO INJURY / DRIVE AWAY,,,"OVER $1,500",UNABLE TO DETERMINE,2,NO INDICATION OF INJURY,0,0,41.8447870658,-87.6203104353,60616,"CHICAGO MIDWAY AIRPORT, IL US",85.0,64.0,50.0,0.0,10.0,7.0
crash_05644,2018-07-11 23:39:00,2018,7,Jul,Wed,23,Night or early morning,30,TRAFFIC SIGNAL,CLEAR,"DARKNESS, LIGHTED ROAD",REAR END,NOT DIVIDED,DRY,NO INJURY / DRIVE AWAY,true,true,$500 OR LESS,UNABLE TO DETERMINE,2,NO INDICATION OF INJURY,0,0,41.808082162,-87.7156714095,60632,"CHICAGO MIDWAY AIRPORT, IL US",75.0,63.0,66.0,0.0,10.0,8.0
crash_05645,2019-10-31 17:30:00,2019,10,Oct,Thu,17,Evening commute,30,STOP SIGN/FLASHER,SNOW,DAYLIGHT,REAR END,NOT DIVIDED,SNOW OR SLUSH,NO INJURY / DRIVE AWAY,,,"OVER $1,500",FOLLOWING TOO CLOSELY,2,NO INDICATION OF INJURY,0,0,41.9482112449,-87.8182338239,60634,"CHICAGO OHARE INTERNATIONAL AIRPORT, IL US",30.0,27.0,86.0,,10.0,13.0
crash_05646,2025-01-07 19:22:00,2025,1,Jan,Tue,19,Night or early morning,30,NO CONTROLS,CLEAR,DARKNESS,ANGLE,NOT DIVIDED,DRY,NO INJURY / DRIVE AWAY,,,"OVER $1,500",FAILING TO YIELD RIGHT-OF-WAY,2,NO INDICATION OF INJURY,0,0,41.9586002696,-87.7783311978,60634,"CHICAGO OHARE INTERNATIONAL AIRPORT, IL US",21.0,11.0,65.0,0.0,10.0,6.0
crash_05647,2024-12-11 17:58:00,2024,12,Dec,Wed,17,Evening commute,30,TRAFFIC SIGNAL,CLEAR,"DARKNESS, LIGHTED ROAD",ANGLE,FOUR WAY,DRY,NO INJURY / DRIVE AWAY,true,,"OVER $1,500",DISREGARDING TRAFFIC SIGNALS,2,NO INDICATION OF INJURY,0,0,41.8932447739,-87.6327867038,60654,"CHICAGO MIDWAY AIRPORT, IL US",22.0,4.0,46.0,,10.0,21.0
crash_05648,2024-07-16 08:35:00,2024,7,Jul,Tue,8,Morning commute,30,TRAFFIC SIGNAL,CLEAR,DAYLIGHT,TURNING,FOUR WAY,DRY,INJURY AND / OR TOW DUE TO CRASH,true,true,"OVER $1,500",FAILING TO YIELD RIGHT-OF-WAY,2,"REPORTED, NOT EVIDENT",1,0,41.8873286797,-87.7651918974,60644,"CHICAGO MIDWAY AIRPORT, IL US",75.0,68.0,79.0,0.0,10.0,11.0
crash_05649,2024-06-13 14:45:00,2024,6,Jun,Thu,14,Daytime,30,NO CONTROLS,CLEAR,DAYLIGHT,REAR END,NOT DIVIDED,DRY,NO INJURY / DRIVE AWAY,,,"OVER $1,500",FOLLOWING TOO CLOSELY,2,NO INDICATION OF INJURY,0,0,41.7931550607,-87.7233037646,60629,"CHICAGO MIDWAY AIRPORT, IL US",88.0,66.0,49.0,,10.0,11.0
crash_05650,2023-09-22 12:40:00,2023,9,Sep,Fri,12,Daytime,30,NO CONTROLS,UNKNOWN,UNKNOWN,PARKED MOTOR VEHICLE,NOT DIVIDED,UNKNOWN,NO INJURY / DRIVE AWAY,,true,"OVER $1,500",UNABLE TO DETERMINE,2,NO INDICATION OF INJURY,0,0,41.884543045,-87.7279962998,60624,"CHICAGO MIDWAY AIRPORT, IL US",74.0,58.0,57.0,0.0,10.0,6.0
crash_05651,2021-07-18 17:44:00,2021,7,Jul,Sun,17,Evening commute,30,TRAFFIC SIGNAL,CLEAR,DAYLIGHT,REAR END,DIVIDED - W/MEDIAN (NOT RAISED),DRY,INJURY AND / OR TOW DUE TO CRASH,,true,"OVER $1,500",FOLLOWING TOO CLOSELY,2,NO INDICATION OF INJURY,0,0,41.9456894749,-87.7349060273,60641,"CHICAGO OHARE INTERNATIONAL AIRPORT, IL US",77.0,60.0,56.0,0.0,10.0,13.0
crash_05652,2018-04-13 10:45:00,2018,4,Apr,Fri,10,Daytime,30,TRAFFIC SIGNAL,CLOUDY/OVERCAST,DAYLIGHT,REAR END,DIVIDED - W/MEDIAN (NOT RAISED),DRY,NO INJURY / DRIVE AWAY,,,"OVER $1,500",FAILING TO REDUCE SPEED TO AVOID CRASH,3,NO INDICATION OF INJURY,0,0,41.9466552269,-87.712863252,60618,"CHICAGO OHARE INTERNATIONAL AIRPORT, IL US",47.0,39.0,74.0,0.0,10.0,8.0
crash_05653,2025-05-14 23:15:00,2025,5,May,Wed,23,Night or early morning,30,TRAFFIC SIGNAL,CLEAR,"DARKNESS, LIGHTED ROAD",REAR END,DIVIDED - W/MEDIAN BARRIER,DRY,NO INJURY / DRIVE AWAY,,,"OVER $1,500",FAILING TO REDUCE SPEED TO AVOID CRASH,2,NO INDICATION OF INJURY,0,0,41.8870417691,-87.6310782127,60601,"CHICAGO MIDWAY AIRPORT, IL US",62.0,56.0,80.0,0.0,10.0,5.0
crash_05654,2021-09-10 14:30:00,2021,9,Sep,Fri,14,Daytime,30,TRAFFIC SIGNAL,CLEAR,DAYLIGHT,SIDESWIPE SAME DIRECTION,NOT DIVIDED,DRY,NO INJURY / DRIVE AWAY,,,"OVER $1,500",UNABLE TO DETERMINE,2,NO INDICATION OF INJURY,0,0,41.9544324414,-87.6624462591,60613,"CHICAGO MIDWAY AIRPORT, IL US",80.0,48.0,33.0,0.0,10.0,8.0
crash_05655,2023-12-09 07:45:00,2023,12,Dec,Sat,7,Morning commute,25,NO CONTROLS,RAIN,DAYLIGHT,SIDESWIPE SAME DIRECTION,ONE-WAY,WET,NO INJURY / DRIVE AWAY,,,"OVER $1,500",FAILING TO YIELD RIGHT-OF-WAY,2,NO INDICATION OF INJURY,0,0,,,,,,,,,,
crash_05656,2024-07-03 15:30:00,2024,7,Jul,Wed,15,Evening commute,20,NO CONTROLS,CLEAR,DAYLIGHT,FIXED OBJECT,OTHER,DRY,NO INJURY / DRIVE AWAY,,,"OVER $1,500",NOT APPLICABLE,1,NO INDICATION OF INJURY,0,0,,,,,,,,,,
crash_05657,2025-12-03 07:30:00,2025,12,Dec,Wed,7,Morning commute,30,NO CONTROLS,CLEAR,DAYLIGHT,REAR END,NOT DIVIDED,SNOW OR SLUSH,NO INJURY / DRIVE AWAY,,,"OVER $1,500",NOT APPLICABLE,2,NO INDICATION OF INJURY,0,0,41.9699326528,-87.7878407483,60630,,,,,,,
crash_05658,2023-04-11 20:50:00,2023,4,Apr,Tue,20,Night or early morning,30,NO CONTROLS,CLEAR,"DARKNESS, LIGHTED ROAD",REAR END,DIVIDED - W/MEDIAN (NOT RAISED),DRY,NO INJURY / DRIVE AWAY,,true,"OVER $1,500",DRIVING SKILLS/KNOWLEDGE/EXPERIENCE,2,NO INDICATION OF INJURY,0,0,41.8556740769,-87.6806462039,60608,"CHICAGO MIDWAY AIRPORT, IL US",72.0,45.0,38.0,0.0,10.0,10.0
crash_05659,2018-09-29 22:15:00,2018,9,Sep,Sat,22,Night or early morning,30,TRAFFIC SIGNAL,CLEAR,"DARKNESS, LIGHTED ROAD",REAR END,NOT DIVIDED,DRY,NO INJURY / DRIVE AWAY,true,,"$501 - $1,500",UNABLE TO DETERMINE,2,NO INDICATION OF INJURY,0,0,41.8931710772,-87.6324898726,60654,"CHICAGO MIDWAY AIRPORT, IL US",55.0,44.0,67.0,0.02,10.0,9.0
crash_05660,2024-11-06 11:47:00,2024,11,Nov,Wed,11,Daytime,30,NO CONTROLS,CLOUDY/OVERCAST,DAYLIGHT,SIDESWIPE SAME DIRECTION,ONE-WAY,DRY,INJURY AND / OR TOW DUE TO CRASH,,,"OVER $1,500",UNABLE TO DETERMINE,2,INCAPACITATING INJURY,1,0,41.8163945337,-87.6313400898,60609,"CHICAGO MIDWAY AIRPORT, IL US",54.0,42.0,64.0,0.0,10.0,8.0
crash_05661,2019-08-04 16:10:00,2019,8,Aug,Sun,16,Evening commute,30,NO CONTROLS,CLEAR,DAYLIGHT,PARKED MOTOR VEHICLE,NOT DIVIDED,DRY,NO INJURY / DRIVE AWAY,,true,"$501 - $1,500",UNABLE TO DETERMINE,2,NO INDICATION OF INJURY,0,0,41.8433016337,-87.7246699776,60623,"CHICAGO MIDWAY AIRPORT, IL US",84.0,67.0,57.0,0.0,10.0,8.0
crash_05662,2020-08-22 21:13:00,2020,8,Aug,Sat,21,Night or early morning,30,TRAFFIC SIGNAL,CLEAR,"DARKNESS, LIGHTED ROAD",REAR END,NOT DIVIDED,DRY,NO INJURY / DRIVE AWAY,true,true,"OVER $1,500",FOLLOWING TOO CLOSELY,2,NO INDICATION OF INJURY,0,0,41.8670834338,-87.6440975927,60607,"CHICAGO MIDWAY AIRPORT, IL US",80.0,59.0,49.0,0.0,10.0,9.0
crash_05663,2025-10-02 17:15:00,2025,10,Oct,Thu,17,Evening commute,35,TRAFFIC SIGNAL,CLEAR,DAYLIGHT,REAR END,DIVIDED - W/MEDIAN BARRIER,DRY,NO INJURY / DRIVE AWAY,,,"OVER $1,500",UNABLE TO DETERMINE,2,NO INDICATION OF INJURY,0,0,41.7953492546,-87.6841373737,60632,,,,,,,
crash_05664,2024-05-17 15:52:00,2024,5,May,Fri,15,Evening commute,30,NO CONTROLS,CLEAR,DAYLIGHT,SIDESWIPE SAME DIRECTION,NOT DIVIDED,DRY,NO INJURY / DRIVE AWAY,,,"OVER $1,500",IMPROPER OVERTAKING/PASSING,2,NO INDICATION OF INJURY,0,0,41.8291176758,-87.6172536911,60653,"CHICAGO MIDWAY AIRPORT, IL US",77.0,56.0,48.0,0.0,10.0,14.0
crash_05665,2020-12-24 15:39:00,2020,12,Dec,Thu,15,Evening commute,30,NO CONTROLS,UNKNOWN,UNKNOWN,PARKED MOTOR VEHICLE,ONE-WAY,UNKNOWN,NO INJURY / DRIVE AWAY,,true,"OVER $1,500",UNABLE TO DETERMINE,2,NO INDICATION OF INJURY,0,0,41.6917728237,-87.6122773739,60628,"CHICAGO MIDWAY AIRPORT, IL US",16.0,2.0,54.0,0.0,10.0,14.0
crash_05666,2018-10-06 13:50:00,2018,10,Oct,Sat,13,Daytime,15,NO CONTROLS,CLOUDY/OVERCAST,DAYLIGHT,TURNING,PARKING LOT,DRY,INJURY AND / OR TOW DUE TO CRASH,,,$500 OR LESS,DRIVING SKILLS/KNOWLEDGE/EXPERIENCE,2,NONINCAPACITATING INJURY,1,0,41.9295417287,-87.7858048946,60707,"CHICAGO OHARE INTERNATIONAL AIRPORT, IL US",60.0,57.0,90.0,0.0,10.0,13.0
crash_05667,2020-07-27 16:48:00,2020,7,Jul,Mon,16,Evening commute,30,TRAFFIC SIGNAL,CLEAR,DAYLIGHT,PARKED MOTOR VEHICLE,DIVIDED - W/MEDIAN BARRIER,DRY,NO INJURY / DRIVE AWAY,,,"OVER $1,500",NOT APPLICABLE,2,NO INDICATION OF INJURY,0,0,41.9730270651,-87.6596304083,60640,"CHICAGO MIDWAY AIRPORT, IL US",85.0,55.0,36.0,0.0,10.0,16.0
crash_05668,2019-05-25 15:45:00,2019,5,May,Sat,15,Evening commute,25,UNKNOWN,CLEAR,DAYLIGHT,SIDESWIPE SAME DIRECTION,NOT DIVIDED,DRY,NO INJURY / DRIVE AWAY,,false,"OVER $1,500",UNABLE TO DETERMINE,2,NO INDICATION OF INJURY,0,0,41.7519752858,-87.6721160614,60620,"CHICAGO MIDWAY AIRPORT, IL US",82.0,65.0,56.0,0.0,10.0,15.0
crash_05669,2024-07-20 16:47:00,2024,7,Jul,Sat,16,Evening commute,30,NO CONTROLS,CLEAR,DAYLIGHT,TURNING,NOT DIVIDED,DRY,INJURY AND / OR TOW DUE TO CRASH,,,"OVER $1,500",NOT APPLICABLE,2,NO INDICATION OF INJURY,0,0,41.8266649792,-87.6842132948,60609,"CHICAGO MIDWAY AIRPORT, IL US",78.0,55.0,45.0,0.0,10.0,9.0
crash_05670,2020-08-06 12:35:00,2020,8,Aug,Thu,12,Daytime,30,NO CONTROLS,CLEAR,DAYLIGHT,REAR END,NOT DIVIDED,DRY,INJURY AND / OR TOW DUE TO CRASH,,,"OVER $1,500",NOT APPLICABLE,2,NO INDICATION OF INJURY,0,0,41.9905275636,-87.7038582037,60659,"CHICAGO OHARE INTERNATIONAL AIRPORT, IL US",81.0,53.0,38.0,0.0,10.0,8.0
crash_05671,2024-09-15 07:00:00,2024,9,Sep,Sun,7,Morning commute,30,NO CONTROLS,CLEAR,DAYLIGHT,REAR TO FRONT,ONE-WAY,DRY,NO INJURY / DRIVE AWAY,,,$500 OR LESS,"VISION OBSCURED (SIGNS, TREE LIMBS, BUILDINGS, ETC.)",2,NO INDICATION OF INJURY,0,0,41.7261380856,-87.6092628186,60619,"CHICAGO MIDWAY AIRPORT, IL US",70.0,60.0,71.0,0.0,10.0,3.0
crash_05672,2021-12-28 13:55:00,2021,12,Dec,Tue,13,Daytime,35,TRAFFIC SIGNAL,RAIN,"DARKNESS, LIGHTED ROAD",TURNING,DIVIDED - W/MEDIAN BARRIER,WET,INJURY AND / OR TOW DUE TO CRASH,true,,"OVER $1,500",FAILING TO YIELD RIGHT-OF-WAY,2,NO INDICATION OF INJURY,0,0,41.8870693044,-87.6303678686,60601,"CHICAGO MIDWAY AIRPORT, IL US",35.0,32.0,89.0,0.06,1.0,9.0
crash_05673,2019-08-25 05:09:00,2019,8,Aug,Sun,5,Night or early morning,10,TRAFFIC SIGNAL,CLEAR,"DARKNESS, LIGHTED ROAD",REAR END,DIVIDED - W/MEDIAN (NOT RAISED),DRY,INJURY AND / OR TOW DUE TO CRASH,,true,"OVER $1,500",UNABLE TO DETERMINE,2,NO INDICATION OF INJURY,0,0,41.7496568092,-87.7220643582,60652,"CHICAGO MIDWAY AIRPORT, IL US",62.0,52.0,70.0,0.0,10.0,8.0
crash_05674,2024-02-26 09:30:00,2024,2,Feb,Mon,9,Morning commute,10,NO CONTROLS,CLEAR,DAYLIGHT,PARKED MOTOR VEHICLE,PARKING LOT,DRY,NO INJURY / DRIVE AWAY,,,"OVER $1,500",FOLLOWING TOO CLOSELY,2,NO INDICATION OF INJURY,0,0,41.9825634124,-87.7634297744,60630,"CHICAGO OHARE INTERNATIONAL AIRPORT, IL US",53.0,35.0,51.0,0.0,10.0,13.0
crash_05675,2023-08-22 15:00:00,2023,8,Aug,Tue,15,Evening commute,30,TRAFFIC SIGNAL,CLEAR,DAYLIGHT,TURNING,FOUR WAY,DRY,INJURY AND / OR TOW DUE TO CRASH,true,,"OVER $1,500",UNABLE TO DETERMINE,2,NO INDICATION OF INJURY,0,0,41.8543516538,-87.714948457,60623,"CHICAGO MIDWAY AIRPORT, IL US",87.0,71.0,59.0,0.0,10.0,9.0
crash_05676,2020-08-24 21:57:00,2020,8,Aug,Mon,21,Night or early morning,35,TRAFFIC SIGNAL,CLEAR,"DARKNESS, LIGHTED ROAD",REAR END,DIVIDED - W/MEDIAN (NOT RAISED),DRY,NO INJURY / DRIVE AWAY,,,$500 OR LESS,DISTRACTION - FROM INSIDE VEHICLE,2,NO INDICATION OF INJURY,0,0,41.8158143069,-87.6839802863,60609,"CHICAGO MIDWAY AIRPORT, IL US",86.0,68.0,55.0,0.0,10.0,6.0