crash_id,crash_datetime,crash_year,crash_month,crash_month_name,crash_weekday_name,crash_hour,time_period,posted_speed_limit_mph,traffic_control_device,reported_weather_condition,reported_lighting_condition,first_crash_type,trafficway_type,reported_road_surface_condition,crash_type,intersection_related,hit_and_run,estimated_damage,primary_contributory_cause,unit_count,most_severe_injury,injuries_total,injuries_fatal,latitude,longitude,zip5,weather_station_name,temperature_f,dew_point_f,relative_humidity_percent,precipitation_inches,visibility_miles,wind_speed_mph
crash_05677,2024-08-10 13:18:00,2024,8,Aug,Sat,13,Daytime,30,NO CONTROLS,CLEAR,DAYLIGHT,TURNING,DIVIDED - W/MEDIAN (NOT RAISED),DRY,NO INJURY / DRIVE AWAY,true,,"OVER $1,500",UNABLE TO DETERMINE,2,NO INDICATION OF INJURY,0,0,42.0120157559,-87.7069400985,60645,"CHICAGO OHARE INTERNATIONAL AIRPORT, IL US",71.0,49.0,46.0,0.0,10.0,15.0
crash_05678,2023-08-05 22:30:00,2023,8,Aug,Sat,22,Night or early morning,30,NO CONTROLS,RAIN,"DARKNESS, LIGHTED ROAD",REAR END,NOT DIVIDED,WET,NO INJURY / DRIVE AWAY,,true,"OVER $1,500",UNABLE TO DETERMINE,2,NO INDICATION OF INJURY,0,0,41.7077400141,-87.594141282,60628,"CHICAGO MIDWAY AIRPORT, IL US",70.0,64.0,82.0,0.01,8.0,13.0
crash_05679,2018-07-09 18:30:00,2018,7,Jul,Mon,18,Evening commute,30,NO CONTROLS,CLEAR,DAYLIGHT,REAR END,DIVIDED - W/MEDIAN BARRIER,DRY,NO INJURY / DRIVE AWAY,,,"$501 - $1,500",UNABLE TO DETERMINE,2,NO INDICATION OF INJURY,0,0,41.7212684659,-87.6498211995,60643,"CHICAGO MIDWAY AIRPORT, IL US",87.0,62.0,43.0,0.0,10.0,13.0
crash_05680,2018-12-19 11:05:00,2018,12,Dec,Wed,11,Daytime,30,TRAFFIC SIGNAL,CLEAR,DAYLIGHT,TURNING,DIVIDED - W/MEDIAN (NOT RAISED),DRY,INJURY AND / OR TOW DUE TO CRASH,true,,"OVER $1,500",FAILING TO YIELD RIGHT-OF-WAY,2,NO INDICATION OF INJURY,0,0,41.8741332734,-87.6667440829,60612,"CHICAGO MIDWAY AIRPORT, IL US",44.0,31.0,60.0,0.0,10.0,14.0
crash_05681,2020-02-04 21:18:00,2020,2,Feb,Tue,21,Night or early morning,30,TRAFFIC SIGNAL,CLEAR,"DARKNESS, LIGHTED ROAD",TURNING,FOUR WAY,DRY,INJURY AND / OR TOW DUE TO CRASH,true,,"OVER $1,500",FAILING TO YIELD RIGHT-OF-WAY,2,NO INDICATION OF INJURY,0,0,42.0193503717,-87.67613937,60626,"CHICAGO OHARE INTERNATIONAL AIRPORT, IL US",31.0,18.0,59.0,0.0,10.0,16.0
crash_05682,2025-10-05 15:00:00,2025,10,Oct,Sun,15,Evening commute,25,UNKNOWN,UNKNOWN,UNKNOWN,SIDESWIPE SAME DIRECTION,NOT DIVIDED,UNKNOWN,NO INJURY / DRIVE AWAY,,,"OVER $1,500",NOT APPLICABLE,2,NO INDICATION OF INJURY,0,0,41.9200307814,-87.6365455506,60614,,,,,,,
crash_05683,2018-06-10 15:25:00,2018,6,Jun,Sun,15,Evening commute,40,NO CONTROLS,RAIN,DAYLIGHT,REAR END,DIVIDED - W/MEDIAN BARRIER,WET,NO INJURY / DRIVE AWAY,,,"OVER $1,500",FAILING TO REDUCE SPEED TO AVOID CRASH,3,NO INDICATION OF INJURY,0,0,41.8602572412,-87.6177106332,60616,"CHICAGO MIDWAY AIRPORT, IL US",66.0,65.0,96.0,,4.0,10.0
crash_05684,2020-03-08 03:53:00,2020,3,Mar,Sun,3,Night or early morning,30,NO CONTROLS,CLEAR,"DARKNESS, LIGHTED ROAD",SIDESWIPE SAME DIRECTION,NOT DIVIDED,DRY,INJURY AND / OR TOW DUE TO CRASH,,,"OVER $1,500",UNABLE TO DETERMINE,2,NO INDICATION OF INJURY,0,0,41.7800978457,-87.6300768844,60621,"CHICAGO MIDWAY AIRPORT, IL US",41.0,23.0,49.0,0.0,10.0,18.0
crash_05685,2021-05-08 12:00:00,2021,5,May,Sat,12,Daytime,30,NO CONTROLS,CLEAR,DAYLIGHT,PARKED MOTOR VEHICLE,ONE-WAY,DRY,INJURY AND / OR TOW DUE TO CRASH,,true,"OVER $1,500",UNABLE TO DETERMINE,2,NO INDICATION OF INJURY,0,0,41.8957979228,-87.7140312915,60651,"CHICAGO MIDWAY AIRPORT, IL US",51.0,30.0,44.0,0.0,10.0,10.0
crash_05686,2022-09-08 13:45:00,2022,9,Sep,Thu,13,Daytime,30,NO CONTROLS,CLEAR,DAYLIGHT,SIDESWIPE SAME DIRECTION,DIVIDED - W/MEDIAN BARRIER,DRY,NO INJURY / DRIVE AWAY,,,$500 OR LESS,IMPROPER LANE USAGE,2,NO INDICATION OF INJURY,0,0,41.9093507673,-87.6678009402,60622,"CHICAGO MIDWAY AIRPORT, IL US",84.0,54.0,36.0,0.0,10.0,6.0
crash_05687,2018-07-06 07:00:00,2018,7,Jul,Fri,7,Morning commute,30,UNKNOWN,UNKNOWN,UNKNOWN,FIXED OBJECT,UNKNOWN,UNKNOWN,NO INJURY / DRIVE AWAY,,true,"$501 - $1,500",NOT APPLICABLE,2,NO INDICATION OF INJURY,0,0,41.7540797416,-87.6196889132,60619,"CHICAGO MIDWAY AIRPORT, IL US",72.0,58.0,61.0,0.0,10.0,15.0
crash_05688,2022-02-23 12:15:00,2022,2,Feb,Wed,12,Daytime,30,TRAFFIC SIGNAL,CLEAR,DAYLIGHT,TURNING,NOT REPORTED,DRY,NO INJURY / DRIVE AWAY,true,,"OVER $1,500",IMPROPER TURNING/NO SIGNAL,2,NO INDICATION OF INJURY,0,0,41.8760381715,-87.7011030232,60612,"CHICAGO MIDWAY AIRPORT, IL US",24.0,6.0,46.0,0.0,10.0,6.0
crash_05689,2025-04-17 10:54:00,2025,4,Apr,Thu,10,Daytime,25,NO CONTROLS,CLEAR,DAYLIGHT,ANGLE,ONE-WAY,DRY,INJURY AND / OR TOW DUE TO CRASH,,,"OVER $1,500",FAILING TO YIELD RIGHT-OF-WAY,2,"REPORTED, NOT EVIDENT",1,0,41.7217401998,-87.6564615256,60620,"CHICAGO MIDWAY AIRPORT, IL US",62.0,32.0,32.0,0.0,10.0,22.0
crash_05690,2018-10-01 05:05:00,2018,10,Oct,Mon,5,Night or early morning,30,NO CONTROLS,CLEAR,"DARKNESS, LIGHTED ROAD",SIDESWIPE SAME DIRECTION,NOT DIVIDED,DRY,NO INJURY / DRIVE AWAY,,true,"$501 - $1,500",UNABLE TO DETERMINE,2,NO INDICATION OF INJURY,0,0,41.9127476224,-87.6265020504,60614,"CHICAGO MIDWAY AIRPORT, IL US",58.0,53.0,84.0,0.0,10.0,8.0
crash_05691,2018-08-11 19:16:00,2018,8,Aug,Sat,19,Night or early morning,30,TRAFFIC SIGNAL,CLEAR,DAYLIGHT,TURNING,DIVIDED - W/MEDIAN (NOT RAISED),DRY,INJURY AND / OR TOW DUE TO CRASH,true,,"$501 - $1,500",FAILING TO YIELD RIGHT-OF-WAY,2,NO INDICATION OF INJURY,0,0,41.9759962512,-87.6742129634,60640,"CHICAGO OHARE INTERNATIONAL AIRPORT, IL US",84.0,56.0,38.0,0.0,10.0,5.0
crash_05692,2024-01-19 09:20:00,2024,1,Jan,Fri,9,Morning commute,30,NO CONTROLS,CLEAR,DAYLIGHT,SIDESWIPE SAME DIRECTION,UNKNOWN,SNOW OR SLUSH,NO INJURY / DRIVE AWAY,,,"OVER $1,500",FAILING TO YIELD RIGHT-OF-WAY,2,NO INDICATION OF INJURY,0,0,41.9286261777,-87.6915017204,60647,"CHICAGO MIDWAY AIRPORT, IL US",12.0,4.0,70.0,0.0,9.0,18.0
crash_05693,2018-05-26 20:53:00,2018,5,May,Sat,20,Night or early morning,30,NO CONTROLS,CLEAR,"DARKNESS, LIGHTED ROAD",ANGLE,NOT DIVIDED,DRY,NO INJURY / DRIVE AWAY,,,"OVER $1,500",FAILING TO YIELD RIGHT-OF-WAY,2,NO INDICATION OF INJURY,0,0,41.89449903,-87.7456437928,60644,"CHICAGO MIDWAY AIRPORT, IL US",80.0,58.0,47.0,0.0,10.0,5.0
crash_05694,2023-09-19 19:23:00,2023,9,Sep,Tue,19,Night or early morning,25,PEDESTRIAN CROSSING SIGN,RAIN,"DARKNESS, LIGHTED ROAD",PEDESTRIAN,ONE-WAY,WET,INJURY AND / OR TOW DUE TO CRASH,true,,"OVER $1,500",FAILING TO YIELD RIGHT-OF-WAY,2,NONINCAPACITATING INJURY,1,0,,,,,,,,,,
crash_05695,2025-07-26 03:50:00,2025,7,Jul,Sat,3,Night or early morning,25,TRAFFIC SIGNAL,CLEAR,"DARKNESS, LIGHTED ROAD",ANGLE,FOUR WAY,WET,INJURY AND / OR TOW DUE TO CRASH,true,,"OVER $1,500",DISREGARDING TRAFFIC SIGNALS,2,NO INDICATION OF INJURY,0,0,41.8932974365,-87.634188275,60654,"CHICAGO MIDWAY AIRPORT, IL US",74.0,70.0,88.0,0.0,7.0,5.0
crash_05696,2024-07-10 22:14:00,2024,7,Jul,Wed,22,Night or early morning,30,TRAFFIC SIGNAL,CLEAR,"DARKNESS, LIGHTED ROAD",SIDESWIPE SAME DIRECTION,DIVIDED - W/MEDIAN (NOT RAISED),DRY,NO INJURY / DRIVE AWAY,true,,$500 OR LESS,UNDER THE INFLUENCE OF ALCOHOL/DRUGS (USE WHEN ARREST IS EFFECTED),2,NO INDICATION OF INJURY,0,0,41.685297554,-87.6181902718,60628,"CHICAGO MIDWAY AIRPORT, IL US",72.0,63.0,73.0,0.0,10.0,5.0
crash_05697,2024-12-30 13:37:00,2024,12,Dec,Mon,13,Daytime,30,TRAFFIC SIGNAL,CLEAR,DAYLIGHT,ANGLE,NOT DIVIDED,DRY,NO INJURY / DRIVE AWAY,true,,"OVER $1,500",DRIVING SKILLS/KNOWLEDGE/EXPERIENCE,2,NO INDICATION OF INJURY,0,0,41.8456993187,-87.626734915,60616,"CHICAGO MIDWAY AIRPORT, IL US",41.0,33.0,73.0,,10.0,8.0
crash_05698,2022-02-16 14:35:00,2022,2,Feb,Wed,14,Daytime,15,NO CONTROLS,CLEAR,DAYLIGHT,PARKED MOTOR VEHICLE,PARKING LOT,WET,NO INJURY / DRIVE AWAY,,true,"$501 - $1,500",UNABLE TO DETERMINE,2,NO INDICATION OF INJURY,0,0,41.7361451282,-87.626917844,60620,"CHICAGO MIDWAY AIRPORT, IL US",53.0,44.0,72.0,0.0,10.0,17.0
crash_05699,2018-08-10 21:10:00,2018,8,Aug,Fri,21,Night or early morning,25,NO CONTROLS,CLEAR,"DARKNESS, LIGHTED ROAD",FIXED OBJECT,ONE-WAY,DRY,NO INJURY / DRIVE AWAY,,true,"OVER $1,500",NOT APPLICABLE,1,NO INDICATION OF INJURY,0,0,41.7884584951,-87.6852565771,60629,"CHICAGO MIDWAY AIRPORT, IL US",75.0,68.0,79.0,0.0,10.0,7.0
crash_05700,2025-02-13 00:00:00,2025,2,Feb,Thu,0,Night or early morning,30,NO CONTROLS,SNOW,"DARKNESS, LIGHTED ROAD",PARKED MOTOR VEHICLE,ONE-WAY,SNOW OR SLUSH,INJURY AND / OR TOW DUE TO CRASH,,true,"OVER $1,500",UNABLE TO DETERMINE,2,NO INDICATION OF INJURY,0,0,41.7348028462,-87.6604596759,60620,"CHICAGO MIDWAY AIRPORT, IL US",27.0,23.0,85.0,0.0,6.0,8.0
crash_05701,2019-01-09 07:30:00,2019,1,Jan,Wed,7,Morning commute,30,TRAFFIC SIGNAL,CLEAR,DAYLIGHT,SIDESWIPE SAME DIRECTION,ONE-WAY,DRY,NO INJURY / DRIVE AWAY,,,"OVER $1,500",IMPROPER OVERTAKING/PASSING,2,NO INDICATION OF INJURY,0,0,41.8560492269,-87.64343475,60616,"CHICAGO MIDWAY AIRPORT, IL US",20.0,8.0,60.0,0.0,10.0,14.0
crash_05702,2020-06-28 14:00:00,2020,6,Jun,Sun,14,Daytime,35,TRAFFIC SIGNAL,CLEAR,DAYLIGHT,REAR END,DIVIDED - W/MEDIAN (NOT RAISED),DRY,INJURY AND / OR TOW DUE TO CRASH,true,,"OVER $1,500",FAILING TO REDUCE SPEED TO AVOID CRASH,2,NONINCAPACITATING INJURY,1,0,41.9903253128,-87.7009270765,60659,"CHICAGO OHARE INTERNATIONAL AIRPORT, IL US",81.0,70.0,69.0,0.0,10.0,7.0
crash_05703,2023-12-18 08:10:00,2023,12,Dec,Mon,8,Morning commute,30,STOP SIGN/FLASHER,CLOUDY/OVERCAST,DAYLIGHT,PEDALCYCLIST,Y-INTERSECTION,DRY,INJURY AND / OR TOW DUE TO CRASH,true,true,"OVER $1,500",UNABLE TO DETERMINE,2,NONINCAPACITATING INJURY,1,0,41.8918455097,-87.6488178364,60642,"CHICAGO MIDWAY AIRPORT, IL US",33.0,18.0,54.0,0.0,10.0,23.0
crash_05704,2019-05-28 08:15:00,2019,5,May,Tue,8,Morning commute,35,TRAFFIC SIGNAL,CLOUDY/OVERCAST,DAYLIGHT,TURNING,DIVIDED - W/MEDIAN BARRIER,DRY,NO INJURY / DRIVE AWAY,true,,"OVER $1,500",FAILING TO REDUCE SPEED TO AVOID CRASH,2,NO INDICATION OF INJURY,0,0,41.8914017986,-87.6203750093,60611,"CHICAGO MIDWAY AIRPORT, IL US",69.0,63.0,81.0,0.0,10.0,8.0
crash_05705,2025-08-08 03:23:00,2025,8,Aug,Fri,3,Night or early morning,35,STOP SIGN/FLASHER,CLEAR,DARKNESS,ANGLE,FOUR WAY,DRY,NO INJURY / DRIVE AWAY,,,"$501 - $1,500",DISREGARDING STOP SIGN,2,NO INDICATION OF INJURY,0,0,41.9956833587,-87.6994260723,60659,"CHICAGO OHARE INTERNATIONAL AIRPORT, IL US",75.0,71.0,88.0,0.0,10.0,5.0
crash_05706,2025-04-04 23:59:00,2025,4,Apr,Fri,23,Night or early morning,30,STOP SIGN/FLASHER,RAIN,"DARKNESS, LIGHTED ROAD",REAR TO SIDE,FOUR WAY,WET,NO INJURY / DRIVE AWAY,true,true,"OVER $1,500",DISREGARDING STOP SIGN,2,NO INDICATION OF INJURY,0,0,41.7632703981,-87.6457215942,60621,"CHICAGO MIDWAY AIRPORT, IL US",44.0,41.0,89.0,0.03,1.75,13.0
crash_05707,2019-08-31 21:45:00,2019,8,Aug,Sat,21,Night or early morning,30,TRAFFIC SIGNAL,RAIN,"DARKNESS, LIGHTED ROAD",SIDESWIPE SAME DIRECTION,NOT DIVIDED,WET,NO INJURY / DRIVE AWAY,,,"$501 - $1,500",DRIVING SKILLS/KNOWLEDGE/EXPERIENCE,2,NO INDICATION OF INJURY,0,0,41.9906508958,-87.6749180109,60660,"CHICAGO OHARE INTERNATIONAL AIRPORT, IL US",66.0,62.0,87.0,0.01,10.0,8.0
crash_05708,2021-08-17 22:00:00,2021,8,Aug,Tue,22,Night or early morning,30,NO CONTROLS,CLEAR,DAYLIGHT,SIDESWIPE SAME DIRECTION,NOT DIVIDED,DRY,NO INJURY / DRIVE AWAY,true,,"OVER $1,500",FAILING TO YIELD RIGHT-OF-WAY,2,NO INDICATION OF INJURY,0,0,41.8280351411,-87.7046977316,60632,"CHICAGO MIDWAY AIRPORT, IL US",76.0,66.0,72.0,0.0,10.0,7.0
crash_05709,2018-05-11 07:09:00,2018,5,May,Fri,7,Morning commute,30,TRAFFIC SIGNAL,RAIN,DAYLIGHT,TURNING,OTHER,WET,NO INJURY / DRIVE AWAY,true,true,"OVER $1,500",IMPROPER OVERTAKING/PASSING,2,NO INDICATION OF INJURY,0,0,41.6922347231,-87.6631842891,60643,"CHICAGO MIDWAY AIRPORT, IL US",51.0,43.0,74.0,0.04,10.0,13.0
crash_05710,2019-02-01 18:30:00,2019,2,Feb,Fri,18,Evening commute,30,UNKNOWN,SNOW,DARKNESS,SIDESWIPE OPPOSITE DIRECTION,NOT DIVIDED,SNOW OR SLUSH,NO INJURY / DRIVE AWAY,,true,$500 OR LESS,DRIVING SKILLS/KNOWLEDGE/EXPERIENCE,2,NO INDICATION OF INJURY,0,0,41.9505290127,-87.6690123823,60613,"CHICAGO MIDWAY AIRPORT, IL US",16.0,8.0,71.0,0.0,10.0,7.0
crash_05711,2025-12-27 23:20:00,2025,12,Dec,Sat,23,Night or early morning,20,NO CONTROLS,RAIN,"DARKNESS, LIGHTED ROAD",SIDESWIPE SAME DIRECTION,NOT DIVIDED,WET,NO INJURY / DRIVE AWAY,true,,"OVER $1,500",IMPROPER TURNING/NO SIGNAL,3,NO INDICATION OF INJURY,0,0,41.805810188,-87.717547745,60632,,,,,,,
crash_05712,2021-07-03 01:13:00,2021,7,Jul,Sat,1,Night or early morning,30,TRAFFIC SIGNAL,CLEAR,"DARKNESS, LIGHTED ROAD",TURNING,NOT DIVIDED,DRY,INJURY AND / OR TOW DUE TO CRASH,true,true,"OVER $1,500","OPERATING VEHICLE IN ERRATIC, RECKLESS, CARELESS, NEGLIGENT OR AGGRESSIVE MANNER",2,FATAL,1,1,41.9385292417,-87.761470573,60641,"CHICAGO OHARE INTERNATIONAL AIRPORT, IL US",61.0,53.0,75.0,0.0,10.0,3.0
crash_05713,2023-08-11 11:40:00,2023,8,Aug,Fri,11,Daytime,35,OTHER,UNKNOWN,UNKNOWN,PARKED MOTOR VEHICLE,NOT DIVIDED,UNKNOWN,NO INJURY / DRIVE AWAY,,,$500 OR LESS,IMPROPER OVERTAKING/PASSING,2,NO INDICATION OF INJURY,0,0,41.859961248,-87.6238343668,60616,"CHICAGO MIDWAY AIRPORT, IL US",79.0,67.0,67.0,0.0,10.0,16.0
crash_05714,2018-08-11 14:15:00,2018,8,Aug,Sat,14,Daytime,30,TRAFFIC SIGNAL,CLEAR,DAYLIGHT,REAR END,DIVIDED - W/MEDIAN (NOT RAISED),DRY,NO INJURY / DRIVE AWAY,,true,"$501 - $1,500",FOLLOWING TOO CLOSELY,2,NO INDICATION OF INJURY,0,0,41.8674910286,-87.6299460502,60605,"CHICAGO MIDWAY AIRPORT, IL US",88.0,59.0,38.0,0.0,10.0,11.0
crash_05715,2021-03-09 00:16:00,2021,3,Mar,Tue,0,Night or early morning,30,NO CONTROLS,CLEAR,DUSK,PARKED MOTOR VEHICLE,ONE-WAY,DRY,INJURY AND / OR TOW DUE TO CRASH,,true,"OVER $1,500",UNABLE TO DETERMINE,2,NO INDICATION OF INJURY,0,0,41.876119615,-87.7389941272,60624,"CHICAGO MIDWAY AIRPORT, IL US",50.0,37.0,61.0,0.0,10.0,6.0
crash_05716,2022-05-28 17:30:00,2022,5,May,Sat,17,Evening commute,30,NO CONTROLS,CLEAR,DAYLIGHT,PARKED MOTOR VEHICLE,DIVIDED - W/MEDIAN (NOT RAISED),DRY,NO INJURY / DRIVE AWAY,,true,"$501 - $1,500",UNABLE TO DETERMINE,2,NO INDICATION OF INJURY,0,0,41.8588273304,-87.7184525465,60623,"CHICAGO MIDWAY AIRPORT, IL US",76.0,50.0,40.0,0.0,10.0,13.0
crash_05717,2022-03-17 07:25:00,2022,3,Mar,Thu,7,Morning commute,15,NO CONTROLS,CLEAR,DAYLIGHT,REAR TO REAR,PARKING LOT,DRY,NO INJURY / DRIVE AWAY,,,$500 OR LESS,UNABLE TO DETERMINE,2,NO INDICATION OF INJURY,0,0,41.9963972701,-87.8060578492,60631,"CHICAGO OHARE INTERNATIONAL AIRPORT, IL US",50.0,42.0,74.0,0.0,10.0,3.0
crash_05718,2023-03-09 21:15:00,2023,3,Mar,Thu,21,Night or early morning,25,NO CONTROLS,SNOW,"DARKNESS, LIGHTED ROAD",ANGLE,ONE-WAY,WET,INJURY AND / OR TOW DUE TO CRASH,true,,"OVER $1,500",UNABLE TO DETERMINE,2,NO INDICATION OF INJURY,0,0,41.831006938,-87.6296846703,60616,"CHICAGO MIDWAY AIRPORT, IL US",36.0,33.0,89.0,0.01,4.0,13.0
crash_05719,2024-02-16 11:15:00,2024,2,Feb,Fri,11,Daytime,30,TRAFFIC SIGNAL,CLEAR,DAYLIGHT,SIDESWIPE SAME DIRECTION,CENTER TURN LANE,DRY,NO INJURY / DRIVE AWAY,,true,"$501 - $1,500",IMPROPER OVERTAKING/PASSING,2,NO INDICATION OF INJURY,0,0,41.8083784079,-87.6845707169,60632,"CHICAGO MIDWAY AIRPORT, IL US",29.0,15.0,56.0,0.0,10.0,6.0
crash_05720,2019-03-21 06:50:00,2019,3,Mar,Thu,6,Morning commute,30,STOP SIGN/FLASHER,RAIN,DAWN,ANGLE,NOT DIVIDED,WET,NO INJURY / DRIVE AWAY,true,true,"OVER $1,500",DISREGARDING STOP SIGN,2,NO INDICATION OF INJURY,0,0,41.8137114188,-87.6896187478,60632,"CHICAGO MIDWAY AIRPORT, IL US",38.0,35.0,89.0,0.0,4.0,15.0
crash_05721,2018-05-20 02:12:00,2018,5,May,Sun,2,Night or early morning,30,STOP SIGN/FLASHER,CLEAR,"DARKNESS, LIGHTED ROAD",SIDESWIPE SAME DIRECTION,ONE-WAY,DRY,NO INJURY / DRIVE AWAY,,true,$500 OR LESS,UNABLE TO DETERMINE,2,NO INDICATION OF INJURY,0,0,41.7480855152,-87.5602574567,60617,"CHICAGO MIDWAY AIRPORT, IL US",53.0,52.0,96.0,0.0,8.0,11.0
crash_05722,2025-05-12 17:54:00,2025,5,May,Mon,17,Evening commute,35,TRAFFIC SIGNAL,CLEAR,DAYLIGHT,REAR END,NOT DIVIDED,OTHER,NO INJURY / DRIVE AWAY,true,,"OVER $1,500",NOT APPLICABLE,2,NO INDICATION OF INJURY,0,0,41.8319215216,-87.6753793408,60608,"CHICAGO MIDWAY AIRPORT, IL US",77.0,47.0,35.0,0.0,10.0,11.0
crash_05723,2021-05-16 13:20:00,2021,5,May,Sun,13,Daytime,30,NO CONTROLS,CLEAR,DAYLIGHT,PARKED MOTOR VEHICLE,NOT DIVIDED,DRY,NO INJURY / DRIVE AWAY,,,"$501 - $1,500",UNABLE TO DETERMINE,2,NO INDICATION OF INJURY,0,0,41.8577710109,-87.6761195654,60608,"CHICAGO MIDWAY AIRPORT, IL US",71.0,46.0,41.0,0.0,10.0,6.0
crash_05724,2025-04-01 15:01:00,2025,4,Apr,Tue,15,Evening commute,30,TRAFFIC SIGNAL,CLEAR,DAYLIGHT,SIDESWIPE SAME DIRECTION,FOUR WAY,DRY,NO INJURY / DRIVE AWAY,true,,"OVER $1,500",IMPROPER LANE USAGE,2,NO INDICATION OF INJURY,0,0,41.794225291,-87.6258360156,60621,"CHICAGO MIDWAY AIRPORT, IL US",43.0,24.0,47.0,0.0,10.0,11.0
crash_05725,2019-06-27 15:30:00,2019,6,Jun,Thu,15,Evening commute,30,TRAFFIC SIGNAL,CLEAR,DAYLIGHT,SIDESWIPE SAME DIRECTION,NOT DIVIDED,DRY,NO INJURY / DRIVE AWAY,,,"$501 - $1,500",UNABLE TO DETERMINE,2,NO INDICATION OF INJURY,0,0,41.9130563873,-87.6522927091,60614,"CHICAGO MIDWAY AIRPORT, IL US",89.0,69.0,52.0,0.0,10.0,6.0
crash_05726,2022-08-09 17:26:00,2022,8,Aug,Tue,17,Evening commute,30,TRAFFIC SIGNAL,CLEAR,DAYLIGHT,PEDALCYCLIST,NOT DIVIDED,DRY,INJURY AND / OR TOW DUE TO CRASH,,,$500 OR LESS,FAILING TO YIELD RIGHT-OF-WAY,2,NONINCAPACITATING INJURY,1,0,41.9027863137,-87.7260601174,60651,"CHICAGO MIDWAY AIRPORT, IL US",76.0,55.0,48.0,,10.0,9.0
crash_05727,2025-03-14 10:00:00,2025,3,Mar,Fri,10,Daytime,25,NO CONTROLS,CLEAR,DAYLIGHT,PARKED MOTOR VEHICLE,ONE-WAY,DRY,NO INJURY / DRIVE AWAY,,,"$501 - $1,500",IMPROPER BACKING,2,NO INDICATION OF INJURY,0,0,41.9192130989,-87.7176357871,60647,"CHICAGO MIDWAY AIRPORT, IL US",62.0,46.0,56.0,0.0,10.0,11.0
crash_05728,2018-11-20 15:43:00,2018,11,Nov,Tue,15,Evening commute,30,TRAFFIC SIGNAL,CLEAR,DAYLIGHT,SIDESWIPE SAME DIRECTION,DIVIDED - W/MEDIAN BARRIER,DRY,NO INJURY / DRIVE AWAY,,true,$500 OR LESS,FOLLOWING TOO CLOSELY,2,NO INDICATION OF INJURY,0,0,41.908996544,-87.804119441,60707,"CHICAGO OHARE INTERNATIONAL AIRPORT, IL US",31.0,19.0,61.0,0.0,10.0,11.0
crash_05729,2020-08-11 12:30:00,2020,8,Aug,Tue,12,Daytime,30,TRAFFIC SIGNAL,CLEAR,DAYLIGHT,FIXED OBJECT,RAMP,DRY,NO INJURY / DRIVE AWAY,,,"OVER $1,500","VISION OBSCURED (SIGNS, TREE LIMBS, BUILDINGS, ETC.)",1,NO INDICATION OF INJURY,0,0,41.9545260417,-87.6453226136,60613,"CHICAGO MIDWAY AIRPORT, IL US",80.0,52.0,38.0,0.0,10.0,11.0
crash_05730,2024-09-06 07:00:00,2024,9,Sep,Fri,7,Morning commute,30,TRAFFIC SIGNAL,CLEAR,DAYLIGHT,REAR END,NOT DIVIDED,DRY,NO INJURY / DRIVE AWAY,,,"OVER $1,500",FOLLOWING TOO CLOSELY,3,NO INDICATION OF INJURY,0,0,41.7922728231,-87.7966133283,60638,"CHICAGO MIDWAY AIRPORT, IL US",67.0,58.0,73.0,0.0,10.0,9.0
crash_05731,2020-02-29 11:50:00,2020,2,Feb,Sat,11,Daytime,30,NO CONTROLS,CLEAR,UNKNOWN,PARKED MOTOR VEHICLE,NOT DIVIDED,DRY,NO INJURY / DRIVE AWAY,,,"$501 - $1,500",UNABLE TO DETERMINE,2,NO INDICATION OF INJURY,0,0,41.8807760078,-87.7306983837,60624,"CHICAGO MIDWAY AIRPORT, IL US",31.0,3.0,30.0,0.0,10.0,13.0
crash_05732,2020-08-21 21:40:00,2020,8,Aug,Fri,21,Night or early morning,15,NO CONTROLS,CLEAR,"DARKNESS, LIGHTED ROAD",SIDESWIPE SAME DIRECTION,PARKING LOT,DRY,NO INJURY / DRIVE AWAY,,,"OVER $1,500",UNABLE TO DETERMINE,2,NO INDICATION OF INJURY,0,0,41.9304965319,-87.7095113245,60647,"CHICAGO MIDWAY AIRPORT, IL US",76.0,57.0,52.0,0.0,10.0,5.0
crash_05733,2025-11-27 05:15:00,2025,11,Nov,Thu,5,Night or early morning,20,NO CONTROLS,CLEAR,"DARKNESS, LIGHTED ROAD",FIXED OBJECT,OTHER,DRY,NO INJURY / DRIVE AWAY,,true,$500 OR LESS,UNABLE TO DETERMINE,1,NO INDICATION OF INJURY,0,0,41.8231583451,-87.6892366472,60632,,,,,,,
crash_05734,2025-10-09 05:30:00,2025,10,Oct,Thu,5,Night or early morning,30,TRAFFIC SIGNAL,CLEAR,DAWN,REAR END,FOUR WAY,DRY,NO INJURY / DRIVE AWAY,true,true,"OVER $1,500",UNABLE TO DETERMINE,2,NO INDICATION OF INJURY,0,0,41.8167293867,-87.7435367125,60638,,,,,,,
crash_05735,2021-01-22 21:40:00,2021,1,Jan,Fri,21,Night or early morning,25,NO CONTROLS,CLEAR,DARKNESS,PARKED MOTOR VEHICLE,NOT DIVIDED,DRY,NO INJURY / DRIVE AWAY,,true,"OVER $1,500",UNABLE TO DETERMINE,3,NO INDICATION OF INJURY,0,0,41.9133465004,-87.7496191127,60639,"CHICAGO MIDWAY AIRPORT, IL US",14.0,1.0,56.0,0.0,10.0,6.0