crash_id,crash_datetime,crash_year,crash_month,crash_month_name,crash_weekday_name,crash_hour,time_period,posted_speed_limit_mph,traffic_control_device,reported_weather_condition,reported_lighting_condition,first_crash_type,trafficway_type,reported_road_surface_condition,crash_type,intersection_related,hit_and_run,estimated_damage,primary_contributory_cause,unit_count,most_severe_injury,injuries_total,injuries_fatal,latitude,longitude,zip5,weather_station_name,temperature_f,dew_point_f,relative_humidity_percent,precipitation_inches,visibility_miles,wind_speed_mph
crash_05736,2021-01-04 17:30:00,2021,1,Jan,Mon,17,Evening commute,30,NO CONTROLS,CLEAR,DAWN,REAR END,ONE-WAY,DRY,NO INJURY / DRIVE AWAY,,true,$500 OR LESS,FOLLOWING TOO CLOSELY,2,NO INDICATION OF INJURY,0,0,41.751633599,-87.5651606509,60617,"CHICAGO MIDWAY AIRPORT, IL US",30.0,27.0,88.0,,0.5,7.0
crash_05737,2018-04-10 09:00:00,2018,4,Apr,Tue,9,Morning commute,20,NO CONTROLS,CLEAR,DAYLIGHT,SIDESWIPE SAME DIRECTION,NOT DIVIDED,DRY,NO INJURY / DRIVE AWAY,,true,"$501 - $1,500",UNABLE TO DETERMINE,2,NO INDICATION OF INJURY,0,0,41.8297219747,-87.6228807155,60653,"CHICAGO MIDWAY AIRPORT, IL US",35.0,24.0,64.0,0.0,10.0,0.0
crash_05738,2025-10-08 07:45:00,2025,10,Oct,Wed,7,Morning commute,30,UNKNOWN,CLEAR,DAYLIGHT,SIDESWIPE SAME DIRECTION,UNKNOWN,DRY,NO INJURY / DRIVE AWAY,true,,"OVER $1,500",UNABLE TO DETERMINE,3,NO INDICATION OF INJURY,0,0,41.7935494395,-87.708523971,60632,,,,,,,
crash_05739,2025-11-09 06:10:00,2025,11,Nov,Sun,6,Morning commute,35,NO CONTROLS,SNOW,DAYLIGHT,REAR TO REAR,UNKNOWN,WET,NO INJURY / DRIVE AWAY,,,$500 OR LESS,UNABLE TO DETERMINE,2,NO INDICATION OF INJURY,0,0,41.8097954827,-87.5923738666,60653,,,,,,,
crash_05740,2024-06-05 08:20:00,2024,6,Jun,Wed,8,Morning commute,30,TRAFFIC SIGNAL,CLEAR,DAYLIGHT,TURNING,NOT DIVIDED,WET,NO INJURY / DRIVE AWAY,,,"OVER $1,500",IMPROPER BACKING,2,NO INDICATION OF INJURY,0,0,41.9374173185,-87.6487956065,60657,"CHICAGO MIDWAY AIRPORT, IL US",72.0,64.0,76.0,0.0,10.0,13.0
crash_05741,2020-08-16 16:30:00,2020,8,Aug,Sun,16,Evening commute,30,UNKNOWN,CLEAR,DARKNESS,REAR END,DIVIDED - W/MEDIAN BARRIER,DRY,NO INJURY / DRIVE AWAY,,true,"OVER $1,500",FOLLOWING TOO CLOSELY,2,NO INDICATION OF INJURY,0,0,41.7514606032,-87.585971993,60619,"CHICAGO MIDWAY AIRPORT, IL US",81.0,58.0,45.0,0.0,10.0,13.0
crash_05742,2018-02-12 09:00:00,2018,2,Feb,Mon,9,Morning commute,30,NO CONTROLS,SNOW,DAYLIGHT,PARKED MOTOR VEHICLE,NOT DIVIDED,SNOW OR SLUSH,NO INJURY / DRIVE AWAY,,true,$500 OR LESS,UNABLE TO DETERMINE,2,NO INDICATION OF INJURY,0,0,41.7514766166,-87.5776017108,60617,"CHICAGO MIDWAY AIRPORT, IL US",17.0,6.0,62.0,0.0,10.0,8.0
crash_05743,2019-07-15 15:45:00,2019,7,Jul,Mon,15,Evening commute,30,NO CONTROLS,CLEAR,DAYLIGHT,PARKED MOTOR VEHICLE,ONE-WAY,DRY,NO INJURY / DRIVE AWAY,,,"$501 - $1,500",UNABLE TO DETERMINE,2,NO INDICATION OF INJURY,0,0,41.8959735646,-87.7569994,60651,"CHICAGO MIDWAY AIRPORT, IL US",91.0,65.0,42.0,0.0,10.0,18.0
crash_05744,2018-09-23 03:00:00,2018,9,Sep,Sun,3,Night or early morning,0,NO CONTROLS,CLEAR,DARKNESS,PARKED MOTOR VEHICLE,PARKING LOT,DRY,NO INJURY / DRIVE AWAY,,,$500 OR LESS,UNABLE TO DETERMINE,2,NO INDICATION OF INJURY,0,0,41.7785441877,-87.7418953542,60629,"CHICAGO MIDWAY AIRPORT, IL US",56.0,46.0,70.0,0.0,10.0,3.0
crash_05745,2020-05-02 14:00:00,2020,5,May,Sat,14,Daytime,30,TRAFFIC SIGNAL,CLEAR,DAYLIGHT,REAR END,DIVIDED - W/MEDIAN (NOT RAISED),DRY,NO INJURY / DRIVE AWAY,true,,"OVER $1,500",UNABLE TO DETERMINE,2,NO INDICATION OF INJURY,0,0,41.8765603692,-87.7743849879,60644,"CHICAGO MIDWAY AIRPORT, IL US",77.0,51.0,40.0,0.0,10.0,18.0
crash_05746,2023-01-16 03:30:00,2023,1,Jan,Mon,3,Night or early morning,30,NO CONTROLS,CLEAR,"DARKNESS, LIGHTED ROAD",TURNING,NOT DIVIDED,DRY,NO INJURY / DRIVE AWAY,true,true,"OVER $1,500",FAILING TO YIELD RIGHT-OF-WAY,2,NO INDICATION OF INJURY,0,0,41.8869233838,-87.7401920688,60624,"CHICAGO MIDWAY AIRPORT, IL US",42.0,22.0,45.0,0.0,10.0,13.0
crash_05747,2021-12-17 15:30:00,2021,12,Dec,Fri,15,Evening commute,30,NO CONTROLS,CLEAR,DAYLIGHT,ANGLE,DIVIDED - W/MEDIAN (NOT RAISED),DRY,NO INJURY / DRIVE AWAY,,,"OVER $1,500",UNABLE TO DETERMINE,2,NO INDICATION OF INJURY,0,0,41.9168323872,-87.7452379541,60639,"CHICAGO MIDWAY AIRPORT, IL US",39.0,28.0,65.0,0.0,10.0,14.0
crash_05748,2024-02-01 04:18:00,2024,2,Feb,Thu,4,Night or early morning,30,STOP SIGN/FLASHER,CLEAR,"DARKNESS, LIGHTED ROAD",ANGLE,FOUR WAY,DRY,INJURY AND / OR TOW DUE TO CRASH,true,true,"OVER $1,500",FAILING TO YIELD RIGHT-OF-WAY,2,NO INDICATION OF INJURY,0,0,41.6907246863,-87.6231976381,60628,"CHICAGO MIDWAY AIRPORT, IL US",37.0,33.0,86.0,0.0,10.0,10.0
crash_05749,2025-11-18 15:42:00,2025,11,Nov,Tue,15,Evening commute,30,STOP SIGN/FLASHER,CLEAR,DAYLIGHT,TURNING,NOT DIVIDED,DRY,INJURY AND / OR TOW DUE TO CRASH,,,"OVER $1,500",IMPROPER TURNING/NO SIGNAL,2,"REPORTED, NOT EVIDENT",1,0,41.7717730713,-87.6906202173,60629,,,,,,,
crash_05750,2022-03-03 00:00:00,2022,3,Mar,Thu,0,Night or early morning,30,NO CONTROLS,CLEAR,"DARKNESS, LIGHTED ROAD",PARKED MOTOR VEHICLE,ONE-WAY,UNKNOWN,INJURY AND / OR TOW DUE TO CRASH,,true,"OVER $1,500",UNABLE TO DETERMINE,2,NO INDICATION OF INJURY,0,0,41.9507434227,-87.7274972578,60618,"CHICAGO OHARE INTERNATIONAL AIRPORT, IL US",34.0,26.0,73.0,0.0,10.0,17.0
crash_05751,2025-07-04 16:10:00,2025,7,Jul,Fri,16,Evening commute,10,NO CONTROLS,CLEAR,DAYLIGHT,REAR TO SIDE,PARKING LOT,DRY,INJURY AND / OR TOW DUE TO CRASH,,,"OVER $1,500",DRIVING SKILLS/KNOWLEDGE/EXPERIENCE,2,"REPORTED, NOT EVIDENT",3,0,41.6797078561,-87.6625865829,60643,"CHICAGO MIDWAY AIRPORT, IL US",90.0,68.0,48.0,0.0,10.0,7.0
crash_05752,2022-06-10 15:17:00,2022,6,Jun,Fri,15,Evening commute,30,NO CONTROLS,CLEAR,DAYLIGHT,REAR END,DIVIDED - W/MEDIAN (NOT RAISED),DRY,NO INJURY / DRIVE AWAY,,,"OVER $1,500",UNABLE TO DETERMINE,2,NO INDICATION OF INJURY,0,0,41.9381237812,-87.791062016,60634,"CHICAGO OHARE INTERNATIONAL AIRPORT, IL US",69.0,57.0,66.0,0.0,10.0,7.0
crash_05753,2025-04-12 00:10:00,2025,4,Apr,Sat,0,Night or early morning,30,TRAFFIC SIGNAL,CLEAR,"DARKNESS, LIGHTED ROAD",OTHER OBJECT,FOUR WAY,DRY,INJURY AND / OR TOW DUE TO CRASH,true,,"OVER $1,500",IMPROPER TURNING/NO SIGNAL,1,NO INDICATION OF INJURY,0,0,41.9242835898,-87.7464501903,60639,"CHICAGO MIDWAY AIRPORT, IL US",43.0,23.0,45.0,0.0,10.0,3.0
crash_05754,2024-03-16 12:05:00,2024,3,Mar,Sat,12,Daytime,35,TRAFFIC SIGNAL,UNKNOWN,DAYLIGHT,ANGLE,UNKNOWN,UNKNOWN,NO INJURY / DRIVE AWAY,true,true,"OVER $1,500",UNABLE TO DETERMINE,2,NO INDICATION OF INJURY,0,0,41.8695310894,-87.6438815301,60607,"CHICAGO MIDWAY AIRPORT, IL US",56.0,38.0,51.0,0.0,10.0,21.0
crash_05755,2022-08-27 14:45:00,2022,8,Aug,Sat,14,Daytime,30,NO CONTROLS,CLEAR,DAYLIGHT,REAR END,NOT DIVIDED,DRY,NO INJURY / DRIVE AWAY,,true,"OVER $1,500",FOLLOWING TOO CLOSELY,2,NO INDICATION OF INJURY,0,0,41.8957454292,-87.6992010784,60622,"CHICAGO MIDWAY AIRPORT, IL US",82.0,61.0,49.0,,10.0,10.0
crash_05756,2021-06-25 12:17:00,2021,6,Jun,Fri,12,Daytime,30,TRAFFIC SIGNAL,CLEAR,DAYLIGHT,SIDESWIPE SAME DIRECTION,NOT DIVIDED,DRY,INJURY AND / OR TOW DUE TO CRASH,,,"OVER $1,500",UNABLE TO DETERMINE,2,NONINCAPACITATING INJURY,1,0,41.7358751047,-87.6320609564,60620,"CHICAGO MIDWAY AIRPORT, IL US",73.0,69.0,87.0,0.0,10.0,11.0
crash_05757,2021-07-09 15:30:00,2021,7,Jul,Fri,15,Evening commute,30,NO CONTROLS,CLEAR,DAYLIGHT,TURNING,DIVIDED - W/MEDIAN (NOT RAISED),DRY,INJURY AND / OR TOW DUE TO CRASH,,,"OVER $1,500",FAILING TO YIELD RIGHT-OF-WAY,2,NONINCAPACITATING INJURY,1,0,41.9606525412,-87.6834845306,60618,"CHICAGO MIDWAY AIRPORT, IL US",75.0,45.0,34.0,0.0,10.0,9.0
crash_05758,2018-10-16 07:55:00,2018,10,Oct,Tue,7,Morning commute,30,NO CONTROLS,CLEAR,DAYLIGHT,REAR END,NOT DIVIDED,DRY,INJURY AND / OR TOW DUE TO CRASH,,,"OVER $1,500","OPERATING VEHICLE IN ERRATIC, RECKLESS, CARELESS, NEGLIGENT OR AGGRESSIVE MANNER",5,INCAPACITATING INJURY,3,0,41.9868877056,-87.6603151811,60660,"CHICAGO OHARE INTERNATIONAL AIRPORT, IL US",35.0,30.0,82.0,0.0,10.0,10.0
crash_05759,2018-02-14 07:30:00,2018,2,Feb,Wed,7,Morning commute,30,UNKNOWN,UNKNOWN,UNKNOWN,SIDESWIPE SAME DIRECTION,UNKNOWN,UNKNOWN,NO INJURY / DRIVE AWAY,,true,"OVER $1,500",UNABLE TO DETERMINE,2,NO INDICATION OF INJURY,0,0,41.9973163771,-87.8069441091,60631,"CHICAGO OHARE INTERNATIONAL AIRPORT, IL US",29.0,25.0,85.0,0.0,5.0,10.0
crash_05760,2021-05-13 19:00:00,2021,5,May,Thu,19,Night or early morning,15,NO CONTROLS,CLEAR,DAWN,PARKED MOTOR VEHICLE,PARKING LOT,DRY,NO INJURY / DRIVE AWAY,,true,"OVER $1,500",UNABLE TO DETERMINE,2,NO INDICATION OF INJURY,0,0,41.9448810738,-87.7128050888,60618,"CHICAGO OHARE INTERNATIONAL AIRPORT, IL US",65.0,21.0,19.0,0.0,10.0,10.0
crash_05761,2020-02-14 13:00:00,2020,2,Feb,Fri,13,Daytime,30,TRAFFIC SIGNAL,CLEAR,DAYLIGHT,REAR END,DIVIDED - W/MEDIAN (NOT RAISED),SNOW OR SLUSH,NO INJURY / DRIVE AWAY,,,"OVER $1,500",FOLLOWING TOO CLOSELY,2,NO INDICATION OF INJURY,0,0,41.7362094694,-87.6243055191,60620,"CHICAGO MIDWAY AIRPORT, IL US",12.0,-3.0,51.0,0.0,10.0,6.0
crash_05762,2019-05-01 18:30:00,2019,5,May,Wed,18,Evening commute,30,UNKNOWN,CLEAR,DAYLIGHT,PARKED MOTOR VEHICLE,ONE-WAY,DRY,NO INJURY / DRIVE AWAY,,true,$500 OR LESS,UNABLE TO DETERMINE,2,NO INDICATION OF INJURY,0,0,41.9388881297,-87.6432976952,60657,"CHICAGO MIDWAY AIRPORT, IL US",52.0,46.0,80.0,,10.0,9.0
crash_05763,2018-05-01 16:37:00,2018,5,May,Tue,16,Evening commute,20,STOP SIGN/FLASHER,CLEAR,DAYLIGHT,ANGLE,DIVIDED - W/MEDIAN (NOT RAISED),DRY,INJURY AND / OR TOW DUE TO CRASH,,true,"OVER $1,500","OPERATING VEHICLE IN ERRATIC, RECKLESS, CARELESS, NEGLIGENT OR AGGRESSIVE MANNER",2,NO INDICATION OF INJURY,0,0,41.7672078762,-87.6494624066,60621,"CHICAGO MIDWAY AIRPORT, IL US",84.0,44.0,25.0,0.0,10.0,23.0
crash_05764,2024-11-18 14:45:00,2024,11,Nov,Mon,14,Daytime,30,TRAFFIC SIGNAL,RAIN,DAYLIGHT,REAR END,NOT DIVIDED,WET,NO INJURY / DRIVE AWAY,,,"OVER $1,500",FOLLOWING TOO CLOSELY,2,NO INDICATION OF INJURY,0,0,41.9537695773,-87.7127538217,60618,"CHICAGO OHARE INTERNATIONAL AIRPORT, IL US",55.0,54.0,94.0,,2.5,10.0
crash_05765,2020-09-26 17:06:00,2020,9,Sep,Sat,17,Evening commute,30,NO CONTROLS,CLEAR,DAYLIGHT,ANGLE,ONE-WAY,DRY,INJURY AND / OR TOW DUE TO CRASH,true,,"OVER $1,500",UNABLE TO DETERMINE,2,NO INDICATION OF INJURY,0,0,41.7506002596,-87.6199029837,60619,"CHICAGO MIDWAY AIRPORT, IL US",77.0,61.0,58.0,0.0,10.0,15.0
crash_05766,2023-02-24 22:03:00,2023,2,Feb,Fri,22,Night or early morning,30,NO CONTROLS,SNOW,DARKNESS,PARKED MOTOR VEHICLE,ONE-WAY,SNOW OR SLUSH,INJURY AND / OR TOW DUE TO CRASH,,,"OVER $1,500",NOT APPLICABLE,2,NO INDICATION OF INJURY,0,0,41.9574191182,-87.7105388749,60618,"CHICAGO OHARE INTERNATIONAL AIRPORT, IL US",25.0,20.0,81.0,0.01,1.0,5.0
crash_05767,2019-09-25 20:42:00,2019,9,Sep,Wed,20,Night or early morning,30,NO CONTROLS,CLEAR,"DARKNESS, LIGHTED ROAD",PARKED MOTOR VEHICLE,ONE-WAY,DRY,NO INJURY / DRIVE AWAY,,,"OVER $1,500",PHYSICAL CONDITION OF DRIVER,2,NO INDICATION OF INJURY,0,0,41.8540756286,-87.7189042505,60623,"CHICAGO MIDWAY AIRPORT, IL US",71.0,49.0,46.0,0.0,10.0,13.0
crash_05768,2024-08-13 08:30:00,2024,8,Aug,Tue,8,Morning commute,15,NO CONTROLS,CLEAR,DAYLIGHT,PARKED MOTOR VEHICLE,OTHER,DRY,NO INJURY / DRIVE AWAY,,true,"OVER $1,500",FAILING TO YIELD RIGHT-OF-WAY,2,NO INDICATION OF INJURY,0,0,41.8806769909,-87.7258161269,60624,"CHICAGO MIDWAY AIRPORT, IL US",76.0,59.0,56.0,0.0,10.0,3.0
crash_05769,2021-05-22 18:40:00,2021,5,May,Sat,18,Evening commute,30,NO CONTROLS,CLEAR,DAYLIGHT,SIDESWIPE SAME DIRECTION,DIVIDED - W/MEDIAN BARRIER,DRY,NO INJURY / DRIVE AWAY,,,$500 OR LESS,IMPROPER OVERTAKING/PASSING,2,NO INDICATION OF INJURY,0,0,41.7750775264,-87.5864509851,60637,"CHICAGO MIDWAY AIRPORT, IL US",84.0,56.0,38.0,0.0,10.0,14.0
crash_05770,2020-08-07 01:00:00,2020,8,Aug,Fri,1,Night or early morning,30,TRAFFIC SIGNAL,CLEAR,"DARKNESS, LIGHTED ROAD",REAR END,DIVIDED - W/MEDIAN BARRIER,DRY,INJURY AND / OR TOW DUE TO CRASH,,true,"OVER $1,500",UNABLE TO DETERMINE,2,NONINCAPACITATING INJURY,1,0,41.6591261899,-87.5594327419,60633,"CHICAGO MIDWAY AIRPORT, IL US",69.0,59.0,70.0,0.0,10.0,5.0
crash_05771,2020-12-16 10:40:00,2020,12,Dec,Wed,10,Daytime,30,TRAFFIC SIGNAL,CLOUDY/OVERCAST,DAYLIGHT,REAR END,NOT DIVIDED,DRY,NO INJURY / DRIVE AWAY,,,"$501 - $1,500",FOLLOWING TOO CLOSELY,3,NO INDICATION OF INJURY,0,0,41.6920389859,-87.6720847652,60643,"CHICAGO MIDWAY AIRPORT, IL US",31.0,23.0,72.0,0.0,10.0,5.0
crash_05772,2022-09-12 17:22:00,2022,9,Sep,Mon,17,Evening commute,40,NO CONTROLS,CLEAR,DAYLIGHT,REAR END,DIVIDED - W/MEDIAN BARRIER,DRY,NO INJURY / DRIVE AWAY,,,"$501 - $1,500",DRIVING SKILLS/KNOWLEDGE/EXPERIENCE,2,NO INDICATION OF INJURY,0,0,41.8738348795,-87.6174716497,60605,"CHICAGO MIDWAY AIRPORT, IL US",65.0,53.0,66.0,0.0,10.0,10.0
crash_05773,2018-03-07 16:45:00,2018,3,Mar,Wed,16,Evening commute,30,STOP SIGN/FLASHER,CLEAR,DUSK,TURNING,NOT DIVIDED,DRY,NO INJURY / DRIVE AWAY,true,true,"OVER $1,500",UNABLE TO DETERMINE,2,NO INDICATION OF INJURY,0,0,41.8976525743,-87.6219870698,60611,"CHICAGO MIDWAY AIRPORT, IL US",32.0,14.0,47.0,0.0,10.0,14.0
crash_05774,2018-06-18 02:36:00,2018,6,Jun,Mon,2,Night or early morning,30,TRAFFIC SIGNAL,CLEAR,"DARKNESS, LIGHTED ROAD",TURNING,DIVIDED - W/MEDIAN (NOT RAISED),DRY,INJURY AND / OR TOW DUE TO CRASH,true,,"OVER $1,500",IMPROPER TURNING/NO SIGNAL,2,NONINCAPACITATING INJURY,1,0,41.7545598918,-87.5896179811,60619,"CHICAGO MIDWAY AIRPORT, IL US",81.0,74.0,79.0,0.0,10.0,10.0
crash_05775,2019-09-12 19:15:00,2019,9,Sep,Thu,19,Night or early morning,30,NO CONTROLS,CLEAR,"DARKNESS, LIGHTED ROAD",REAR END,DIVIDED - W/MEDIAN (NOT RAISED),DRY,NO INJURY / DRIVE AWAY,,,"OVER $1,500",FOLLOWING TOO CLOSELY,2,NO INDICATION OF INJURY,0,0,41.804064909,-87.7429168148,60632,"CHICAGO MIDWAY AIRPORT, IL US",79.0,71.0,77.0,0.0,10.0,9.0
crash_05776,2018-01-10 11:14:00,2018,1,Jan,Wed,11,Daytime,30,TRAFFIC SIGNAL,CLOUDY/OVERCAST,DAYLIGHT,TURNING,NOT DIVIDED,WET,NO INJURY / DRIVE AWAY,,true,$500 OR LESS,UNABLE TO DETERMINE,2,NO INDICATION OF INJURY,0,0,41.8818156316,-87.647214717,60661,"CHICAGO MIDWAY AIRPORT, IL US",42.0,42.0,100.0,0.0,1.5,16.0
crash_05777,2024-01-30 17:45:00,2024,1,Jan,Tue,17,Evening commute,30,TRAFFIC SIGNAL,CLEAR,"DARKNESS, LIGHTED ROAD",PEDALCYCLIST,FOUR WAY,DRY,NO INJURY / DRIVE AWAY,true,,"$501 - $1,500",UNABLE TO DETERMINE,2,NO INDICATION OF INJURY,0,0,41.8845853706,-87.6207921526,60601,"CHICAGO MIDWAY AIRPORT, IL US",40.0,32.0,73.0,0.0,9.0,14.0
crash_05778,2022-04-30 15:00:00,2022,4,Apr,Sat,15,Evening commute,30,NO CONTROLS,CLEAR,DAYLIGHT,SIDESWIPE SAME DIRECTION,NOT DIVIDED,DRY,NO INJURY / DRIVE AWAY,,,"$501 - $1,500",FAILING TO YIELD RIGHT-OF-WAY,2,NO INDICATION OF INJURY,0,0,41.9655345561,-87.6553641841,60640,"CHICAGO MIDWAY AIRPORT, IL US",71.0,55.0,57.0,0.0,10.0,16.0
crash_05779,2024-01-22 11:23:00,2024,1,Jan,Mon,11,Daytime,30,NO CONTROLS,RAIN,DAYLIGHT,REAR END,NOT DIVIDED,WET,NO INJURY / DRIVE AWAY,,false,"OVER $1,500",UNABLE TO DETERMINE,2,NO INDICATION OF INJURY,0,0,41.9053915251,-87.7262391126,60651,"CHICAGO MIDWAY AIRPORT, IL US",31.0,26.0,82.0,0.0,10.0,13.0
crash_05780,2024-04-12 09:14:00,2024,4,Apr,Fri,9,Morning commute,30,TRAFFIC SIGNAL,CLOUDY/OVERCAST,DAYLIGHT,SIDESWIPE SAME DIRECTION,FOUR WAY,DRY,NO INJURY / DRIVE AWAY,,,"OVER $1,500",IMPROPER LANE USAGE,2,NO INDICATION OF INJURY,0,0,41.8833923105,-87.7258934386,60624,"CHICAGO MIDWAY AIRPORT, IL US",53.0,42.0,66.0,0.0,10.0,21.0
crash_05781,2024-12-05 13:20:00,2024,12,Dec,Thu,13,Daytime,30,NO CONTROLS,CLEAR,DAYLIGHT,SIDESWIPE SAME DIRECTION,NOT DIVIDED,DRY,NO INJURY / DRIVE AWAY,,,"$501 - $1,500",NOT APPLICABLE,2,NO INDICATION OF INJURY,0,0,41.976201139,-87.9053091251,60666,"CHICAGO OHARE INTERNATIONAL AIRPORT, IL US",27.0,10.0,49.0,,10.0,14.0
crash_05782,2025-05-10 13:10:00,2025,5,May,Sat,13,Daytime,30,NO CONTROLS,CLEAR,DAYLIGHT,REAR TO SIDE,PARKING LOT,DRY,NO INJURY / DRIVE AWAY,,,"OVER $1,500",FAILING TO YIELD RIGHT-OF-WAY,2,NO INDICATION OF INJURY,0,0,41.7995700057,-87.5962391078,60615,"CHICAGO MIDWAY AIRPORT, IL US",60.0,38.0,44.0,0.0,10.0,16.0
crash_05783,2025-04-15 11:15:00,2025,4,Apr,Tue,11,Daytime,30,NO CONTROLS,UNKNOWN,DAYLIGHT,SIDESWIPE SAME DIRECTION,ONE-WAY,UNKNOWN,NO INJURY / DRIVE AWAY,,,"OVER $1,500",UNABLE TO DETERMINE,2,NO INDICATION OF INJURY,0,0,,,,,,,,,,
crash_05784,2019-04-26 17:25:00,2019,4,Apr,Fri,17,Evening commute,20,NO CONTROLS,CLEAR,DAYLIGHT,TURNING,NOT DIVIDED,DRY,NO INJURY / DRIVE AWAY,true,,$500 OR LESS,NOT APPLICABLE,2,NO INDICATION OF INJURY,0,0,41.8720623919,-87.7549042458,60644,"CHICAGO MIDWAY AIRPORT, IL US",63.0,29.0,28.0,0.0,10.0,16.0
crash_05785,2020-04-07 08:12:00,2020,4,Apr,Tue,8,Morning commute,30,NO CONTROLS,CLEAR,DAYLIGHT,PARKED MOTOR VEHICLE,NOT DIVIDED,WET,NO INJURY / DRIVE AWAY,,false,"$501 - $1,500",IMPROPER OVERTAKING/PASSING,2,NO INDICATION OF INJURY,0,0,41.8804148116,-87.7356155112,60624,"CHICAGO MIDWAY AIRPORT, IL US",58.0,57.0,97.0,0.0,9.0,9.0
crash_05786,2024-03-27 23:30:00,2024,3,Mar,Wed,23,Night or early morning,30,TRAFFIC SIGNAL,CLEAR,DARKNESS,ANGLE,DIVIDED - W/MEDIAN (NOT RAISED),DRY,INJURY AND / OR TOW DUE TO CRASH,true,true,"OVER $1,500",DISREGARDING TRAFFIC SIGNALS,2,NO INDICATION OF INJURY,0,0,41.758051433,-87.6263415839,60620,"CHICAGO MIDWAY AIRPORT, IL US",35.0,24.0,64.0,0.0,10.0,6.0
crash_05787,2024-11-20 08:30:00,2024,11,Nov,Wed,8,Morning commute,30,TRAFFIC SIGNAL,CLOUDY/OVERCAST,DAYLIGHT,TURNING,FOUR WAY,DRY,NO INJURY / DRIVE AWAY,true,,"OVER $1,500",FAILING TO YIELD RIGHT-OF-WAY,2,NO INDICATION OF INJURY,0,0,41.8022206334,-87.60655293,60615,"CHICAGO MIDWAY AIRPORT, IL US",43.0,36.0,76.0,0.0,10.0,8.0
crash_05788,2024-10-31 09:59:00,2024,10,Oct,Thu,9,Morning commute,5,NO CONTROLS,CLOUDY/OVERCAST,DAYLIGHT,OTHER OBJECT,PARKING LOT,UNKNOWN,NO INJURY / DRIVE AWAY,,,$500 OR LESS,UNABLE TO DETERMINE,1,NO INDICATION OF INJURY,0,0,41.7354919115,-87.691070605,60652,"CHICAGO MIDWAY AIRPORT, IL US",66.0,56.0,70.0,0.0,10.0,15.0
crash_05789,2023-05-31 15:30:00,2023,5,May,Wed,15,Evening commute,30,TRAFFIC SIGNAL,CLEAR,DAYLIGHT,REAR END,NOT DIVIDED,DRY,NO INJURY / DRIVE AWAY,,,"$501 - $1,500",FOLLOWING TOO CLOSELY,2,NO INDICATION OF INJURY,0,0,41.8674645421,-87.6302903543,60605,"CHICAGO MIDWAY AIRPORT, IL US",86.0,60.0,42.0,0.0,10.0,10.0
crash_05790,2018-03-27 19:00:00,2018,3,Mar,Tue,19,Night or early morning,5,NO CONTROLS,CLEAR,DUSK,FIXED OBJECT,PARKING LOT,DRY,NO INJURY / DRIVE AWAY,,,"OVER $1,500",UNABLE TO DETERMINE,1,NO INDICATION OF INJURY,0,0,41.9833767649,-87.7139116593,60659,"CHICAGO OHARE INTERNATIONAL AIRPORT, IL US",47.0,38.0,71.0,0.0,10.0,6.0
crash_05791,2025-10-18 19:15:00,2025,10,Oct,Sat,19,Night or early morning,30,NO CONTROLS,RAIN,"DARKNESS, LIGHTED ROAD",SIDESWIPE SAME DIRECTION,DIVIDED - W/MEDIAN BARRIER,WET,NO INJURY / DRIVE AWAY,,,"OVER $1,500",IMPROPER LANE USAGE,2,NO INDICATION OF INJURY,0,0,41.7207355778,-87.6819112275,60643,,,,,,,
crash_05792,2022-07-24 14:00:00,2022,7,Jul,Sun,14,Daytime,30,NO CONTROLS,CLEAR,DAYLIGHT,FIXED OBJECT,ALLEY,DRY,NO INJURY / DRIVE AWAY,,,"OVER $1,500",IMPROPER TURNING/NO SIGNAL,1,NO INDICATION OF INJURY,0,0,41.8659697165,-87.7727713687,60644,"CHICAGO MIDWAY AIRPORT, IL US",83.0,72.0,70.0,0.0,10.0,14.0
crash_05793,2025-03-01 13:52:00,2025,3,Mar,Sat,13,Daytime,30,NO CONTROLS,CLEAR,DAYLIGHT,ANGLE,NOT DIVIDED,DRY,NO INJURY / DRIVE AWAY,,,"OVER $1,500",FAILING TO YIELD RIGHT-OF-WAY,2,NO INDICATION OF INJURY,0,0,41.9283538297,-87.6487167555,60614,"CHICAGO MIDWAY AIRPORT, IL US",30.0,-1.0,26.0,0.0,10.0,10.0
crash_05794,2023-01-15 12:00:00,2023,1,Jan,Sun,12,Daytime,30,NO CONTROLS,CLEAR,DAYLIGHT,PARKED MOTOR VEHICLE,FOUR WAY,DRY,INJURY AND / OR TOW DUE TO CRASH,true,,"OVER $1,500",PHYSICAL CONDITION OF DRIVER,2,NONINCAPACITATING INJURY,2,0,41.7611735819,-87.6807422835,60636,"CHICAGO MIDWAY AIRPORT, IL US",39.0,24.0,55.0,0.0,10.0,16.0
crash_05795,2023-12-14 17:00:00,2023,12,Dec,Thu,17,Evening commute,30,NO CONTROLS,CLEAR,DARKNESS,SIDESWIPE SAME DIRECTION,NOT DIVIDED,DRY,INJURY AND / OR TOW DUE TO CRASH,,,"OVER $1,500",IMPROPER LANE USAGE,2,NONINCAPACITATING INJURY,2,0,41.8818652549,-87.6311772473,60603,"CHICAGO MIDWAY AIRPORT, IL US",48.0,29.0,48.0,0.0,10.0,7.0