crash_id,crash_datetime,crash_year,crash_month,crash_month_name,crash_weekday_name,crash_hour,time_period,posted_speed_limit_mph,traffic_control_device,reported_weather_condition,reported_lighting_condition,first_crash_type,trafficway_type,reported_road_surface_condition,crash_type,intersection_related,hit_and_run,estimated_damage,primary_contributory_cause,unit_count,most_severe_injury,injuries_total,injuries_fatal,latitude,longitude,zip5,weather_station_name,temperature_f,dew_point_f,relative_humidity_percent,precipitation_inches,visibility_miles,wind_speed_mph
crash_05796,2023-01-11 11:00:00,2023,1,Jan,Wed,11,Daytime,30,NO CONTROLS,CLEAR,DAYLIGHT,SIDESWIPE SAME DIRECTION,NOT DIVIDED,DRY,NO INJURY / DRIVE AWAY,,,"OVER $1,500",IMPROPER OVERTAKING/PASSING,2,NO INDICATION OF INJURY,0,0,41.7158702032,-87.6432101395,60643,"CHICAGO MIDWAY AIRPORT, IL US",49.0,37.0,64.0,0.0,10.0,6.0
crash_05797,2025-08-02 23:38:00,2025,8,Aug,Sat,23,Night or early morning,30,TRAFFIC SIGNAL,CLEAR,"DARKNESS, LIGHTED ROAD",REAR END,DIVIDED - W/MEDIAN (NOT RAISED),DRY,INJURY AND / OR TOW DUE TO CRASH,,,"OVER $1,500",FOLLOWING TOO CLOSELY,2,"REPORTED, NOT EVIDENT",3,0,41.9689035752,-87.6762826511,60640,"CHICAGO OHARE INTERNATIONAL AIRPORT, IL US",67.0,55.0,66.0,0.0,10.0,3.0
crash_05798,2020-05-10 20:34:00,2020,5,May,Sun,20,Night or early morning,30,TRAFFIC SIGNAL,RAIN,DARKNESS,ANGLE,FOUR WAY,WET,INJURY AND / OR TOW DUE TO CRASH,,,"OVER $1,500",FAILING TO YIELD RIGHT-OF-WAY,2,NO INDICATION OF INJURY,0,0,41.8586908596,-87.7297772098,60623,"CHICAGO MIDWAY AIRPORT, IL US",38.0,36.0,93.0,0.0,10.0,6.0
crash_05799,2021-10-01 21:00:00,2021,10,Oct,Fri,21,Night or early morning,20,NO CONTROLS,UNKNOWN,UNKNOWN,PARKED MOTOR VEHICLE,NOT DIVIDED,UNKNOWN,NO INJURY / DRIVE AWAY,,true,"OVER $1,500",IMPROPER BACKING,2,NO INDICATION OF INJURY,0,0,41.7109855561,-87.6559594292,60643,"CHICAGO MIDWAY AIRPORT, IL US",77.0,58.0,52.0,0.0,10.0,7.0
crash_05800,2019-05-11 15:49:00,2019,5,May,Sat,15,Evening commute,30,TRAFFIC SIGNAL,RAIN,DAYLIGHT,SIDESWIPE SAME DIRECTION,ONE-WAY,WET,NO INJURY / DRIVE AWAY,,,"$501 - $1,500",IMPROPER OVERTAKING/PASSING,2,NO INDICATION OF INJURY,0,0,41.956619245,-87.7226481261,60618,"CHICAGO OHARE INTERNATIONAL AIRPORT, IL US",46.0,39.0,77.0,0.04,10.0,10.0
crash_05801,2022-07-15 13:10:00,2022,7,Jul,Fri,13,Daytime,30,NO CONTROLS,RAIN,DAYLIGHT,REAR END,NOT DIVIDED,WET,NO INJURY / DRIVE AWAY,,,"OVER $1,500",UNABLE TO DETERMINE,2,NO INDICATION OF INJURY,0,0,41.8369453287,-87.7146508477,60623,"CHICAGO MIDWAY AIRPORT, IL US",70.0,66.0,87.0,0.01,6.0,10.0
crash_05802,2022-06-09 16:23:00,2022,6,Jun,Thu,16,Evening commute,30,TRAFFIC SIGNAL,CLEAR,DAYLIGHT,SIDESWIPE SAME DIRECTION,FOUR WAY,DRY,NO INJURY / DRIVE AWAY,true,,"OVER $1,500",IMPROPER LANE USAGE,2,NO INDICATION OF INJURY,0,0,41.9900919811,-87.6705144789,60660,"CHICAGO OHARE INTERNATIONAL AIRPORT, IL US",78.0,44.0,30.0,0.0,10.0,11.0
crash_05803,2023-10-31 20:00:00,2023,10,Oct,Tue,20,Night or early morning,30,NO CONTROLS,SNOW,DARKNESS,PARKED MOTOR VEHICLE,ONE-WAY,SNOW OR SLUSH,NO INJURY / DRIVE AWAY,,true,"OVER $1,500",UNABLE TO DETERMINE,2,NO INDICATION OF INJURY,0,0,41.8029583306,-87.6686164273,60609,"CHICAGO MIDWAY AIRPORT, IL US",36.0,30.0,79.0,0.0,9.0,18.0
crash_05804,2025-08-15 21:50:00,2025,8,Aug,Fri,21,Night or early morning,30,NO CONTROLS,CLEAR,"DARKNESS, LIGHTED ROAD",PARKED MOTOR VEHICLE,NOT DIVIDED,DRY,INJURY AND / OR TOW DUE TO CRASH,,true,"OVER $1,500",UNABLE TO DETERMINE,3,NO INDICATION OF INJURY,0,0,41.7807432304,-87.5846540136,60637,"CHICAGO MIDWAY AIRPORT, IL US",85.0,69.0,59.0,0.0,10.0,6.0
crash_05805,2023-07-16 16:20:00,2023,7,Jul,Sun,16,Evening commute,25,NO CONTROLS,CLEAR,DAYLIGHT,ANGLE,NOT DIVIDED,DRY,INJURY AND / OR TOW DUE TO CRASH,true,,"OVER $1,500",UNABLE TO DETERMINE,2,INCAPACITATING INJURY,1,0,41.8830922877,-87.6567518569,60607,"CHICAGO MIDWAY AIRPORT, IL US",81.0,58.0,45.0,0.0,8.0,17.0
crash_05806,2021-02-04 09:45:00,2021,2,Feb,Thu,9,Morning commute,30,TRAFFIC SIGNAL,CLOUDY/OVERCAST,DAYLIGHT,REAR END,DIVIDED - W/MEDIAN (NOT RAISED),DRY,NO INJURY / DRIVE AWAY,,true,"OVER $1,500",FOLLOWING TOO CLOSELY,2,NO INDICATION OF INJURY,0,0,41.8578353731,-87.6662869258,60608,"CHICAGO MIDWAY AIRPORT, IL US",36.0,23.0,59.0,0.0,10.0,11.0
crash_05807,2021-07-17 00:01:00,2021,7,Jul,Sat,0,Night or early morning,25,STOP SIGN/FLASHER,CLEAR,"DARKNESS, LIGHTED ROAD",PARKED MOTOR VEHICLE,ONE-WAY,DRY,NO INJURY / DRIVE AWAY,,true,"OVER $1,500",UNABLE TO DETERMINE,2,NO INDICATION OF INJURY,0,0,41.9616819141,-87.7527298651,60630,"CHICAGO OHARE INTERNATIONAL AIRPORT, IL US",69.0,63.0,81.0,0.0,10.0,11.0
crash_05808,2025-10-10 16:35:00,2025,10,Oct,Fri,16,Evening commute,30,TRAFFIC SIGNAL,UNKNOWN,UNKNOWN,ANGLE,DIVIDED - W/MEDIAN (NOT RAISED),UNKNOWN,NO INJURY / DRIVE AWAY,true,,"OVER $1,500",FAILING TO YIELD RIGHT-OF-WAY,2,NO INDICATION OF INJURY,0,0,41.8761343708,-87.6815486501,60612,,,,,,,
crash_05809,2024-04-08 21:26:00,2024,4,Apr,Mon,21,Night or early morning,30,NO CONTROLS,CLEAR,"DARKNESS, LIGHTED ROAD",REAR END,DIVIDED - W/MEDIAN BARRIER,DRY,NO INJURY / DRIVE AWAY,,true,"$501 - $1,500",UNABLE TO DETERMINE,2,NO INDICATION OF INJURY,0,0,41.7941820389,-87.6259364906,60621,"CHICAGO MIDWAY AIRPORT, IL US",64.0,39.0,40.0,0.0,10.0,7.0
crash_05810,2025-02-28 13:50:00,2025,2,Feb,Fri,13,Daytime,30,TRAFFIC SIGNAL,CLEAR,DAYLIGHT,REAR END,DIVIDED - W/MEDIAN BARRIER,DRY,NO INJURY / DRIVE AWAY,true,,"OVER $1,500",UNABLE TO DETERMINE,2,NO INDICATION OF INJURY,0,0,41.8090521559,-87.6308774513,60609,"CHICAGO MIDWAY AIRPORT, IL US",57.0,33.0,41.0,0.0,10.0,25.0
crash_05811,2018-06-21 10:30:00,2018,6,Jun,Thu,10,Daytime,30,NO CONTROLS,RAIN,DAYLIGHT,PARKED MOTOR VEHICLE,NOT DIVIDED,WET,INJURY AND / OR TOW DUE TO CRASH,,true,"OVER $1,500",UNABLE TO DETERMINE,2,NO INDICATION OF INJURY,0,0,,,,,,,,,,
crash_05812,2021-04-27 20:40:00,2021,4,Apr,Tue,20,Night or early morning,30,UNKNOWN,CLEAR,"DARKNESS, LIGHTED ROAD",PEDESTRIAN,FOUR WAY,DRY,INJURY AND / OR TOW DUE TO CRASH,true,true,"OVER $1,500",FAILING TO YIELD RIGHT-OF-WAY,2,NONINCAPACITATING INJURY,1,0,41.8520751652,-87.690745043,60608,"CHICAGO MIDWAY AIRPORT, IL US",79.0,53.0,41.0,0.0,10.0,15.0
crash_05813,2025-05-08 08:00:00,2025,5,May,Thu,8,Morning commute,30,TRAFFIC SIGNAL,CLEAR,DAYLIGHT,SIDESWIPE SAME DIRECTION,NOT DIVIDED,DRY,NO INJURY / DRIVE AWAY,,,"$501 - $1,500",IMPROPER OVERTAKING/PASSING,2,NO INDICATION OF INJURY,0,0,41.9901093086,-87.6710829566,60660,"CHICAGO OHARE INTERNATIONAL AIRPORT, IL US",48.0,40.0,74.0,0.0,10.0,18.0
crash_05814,2022-05-02 08:59:00,2022,5,May,Mon,8,Morning commute,35,NO CONTROLS,CLOUDY/OVERCAST,DAYLIGHT,PARKED MOTOR VEHICLE,ONE-WAY,UNKNOWN,NO INJURY / DRIVE AWAY,,,"$501 - $1,500",NOT APPLICABLE,2,NO INDICATION OF INJURY,0,0,41.7265066177,-87.5947430568,60619,"CHICAGO MIDWAY AIRPORT, IL US",50.0,39.0,66.0,0.0,10.0,10.0
crash_05815,2024-04-02 14:55:00,2024,4,Apr,Tue,14,Daytime,30,STOP SIGN/FLASHER,RAIN,DAYLIGHT,ANGLE,FOUR WAY,WET,NO INJURY / DRIVE AWAY,true,true,"OVER $1,500",DISREGARDING STOP SIGN,2,NO INDICATION OF INJURY,0,0,41.8003989305,-87.7284148596,60632,"CHICAGO MIDWAY AIRPORT, IL US",56.0,54.0,93.0,0.08,5.0,17.0
crash_05816,2020-06-21 14:08:00,2020,6,Jun,Sun,14,Daytime,25,NO CONTROLS,CLEAR,DAYLIGHT,PEDESTRIAN,PARKING LOT,DRY,INJURY AND / OR TOW DUE TO CRASH,,,"OVER $1,500","OPERATING VEHICLE IN ERRATIC, RECKLESS, CARELESS, NEGLIGENT OR AGGRESSIVE MANNER",2,NONINCAPACITATING INJURY,1,0,41.8635625188,-87.6528430332,60608,"CHICAGO MIDWAY AIRPORT, IL US",80.0,63.0,56.0,0.0,10.0,7.0
crash_05817,2021-04-11 01:00:00,2021,4,Apr,Sun,1,Night or early morning,45,TRAFFIC SIGNAL,UNKNOWN,"DARKNESS, LIGHTED ROAD",TURNING,FOUR WAY,DRY,INJURY AND / OR TOW DUE TO CRASH,true,true,"OVER $1,500",IMPROPER LANE USAGE,2,NO INDICATION OF INJURY,0,0,41.976201139,-87.9053091251,60666,"CHICAGO OHARE INTERNATIONAL AIRPORT, IL US",49.0,43.0,80.0,0.0,10.0,3.0
crash_05818,2023-08-06 13:33:00,2023,8,Aug,Sun,13,Daytime,30,UNKNOWN,UNKNOWN,UNKNOWN,SIDESWIPE SAME DIRECTION,UNKNOWN,UNKNOWN,NO INJURY / DRIVE AWAY,,,"OVER $1,500",UNABLE TO DETERMINE,2,NO INDICATION OF INJURY,0,0,41.9814281642,-87.8364343021,60631,"CHICAGO OHARE INTERNATIONAL AIRPORT, IL US",70.0,64.0,83.0,,10.0,15.0
crash_05819,2023-11-17 05:40:00,2023,11,Nov,Fri,5,Night or early morning,30,UNKNOWN,RAIN,DUSK,PEDESTRIAN,OTHER,WET,INJURY AND / OR TOW DUE TO CRASH,,true,"OVER $1,500",UNABLE TO DETERMINE,2,NONINCAPACITATING INJURY,1,0,41.860333658,-87.6240471213,60605,"CHICAGO MIDWAY AIRPORT, IL US",59.0,50.0,72.0,,10.0,9.0
crash_05820,2023-05-25 19:00:00,2023,5,May,Thu,19,Night or early morning,30,NO CONTROLS,CLEAR,DAYLIGHT,REAR END,NOT DIVIDED,DRY,INJURY AND / OR TOW DUE TO CRASH,,,"$501 - $1,500",UNABLE TO DETERMINE,3,NO INDICATION OF INJURY,0,0,41.6535582957,-87.6157740465,60827,"CHICAGO MIDWAY AIRPORT, IL US",55.0,35.0,47.0,0.0,10.0,15.0
crash_05821,2025-04-21 21:45:00,2025,4,Apr,Mon,21,Night or early morning,25,NO CONTROLS,CLEAR,"DARKNESS, LIGHTED ROAD",PARKED MOTOR VEHICLE,ONE-WAY,DRY,NO INJURY / DRIVE AWAY,,true,"OVER $1,500",UNABLE TO DETERMINE,2,NO INDICATION OF INJURY,0,0,41.6522713828,-87.5376034222,60633,"CHICAGO MIDWAY AIRPORT, IL US",52.0,39.0,61.0,0.0,10.0,6.0
crash_05822,2020-01-06 16:38:00,2020,1,Jan,Mon,16,Evening commute,30,NO CONTROLS,CLEAR,DAWN,SIDESWIPE SAME DIRECTION,DIVIDED - W/MEDIAN (NOT RAISED),DRY,NO INJURY / DRIVE AWAY,,true,$500 OR LESS,FAILING TO YIELD RIGHT-OF-WAY,2,NO INDICATION OF INJURY,0,0,41.9104015188,-87.6652876048,60642,"CHICAGO MIDWAY AIRPORT, IL US",38.0,20.0,48.0,0.0,10.0,9.0
crash_05823,2025-11-12 09:15:00,2025,11,Nov,Wed,9,Morning commute,30,NO CONTROLS,CLEAR,DAYLIGHT,PARKED MOTOR VEHICLE,NOT DIVIDED,DRY,NO INJURY / DRIVE AWAY,,true,"OVER $1,500",UNABLE TO DETERMINE,2,NO INDICATION OF INJURY,0,0,41.7870545542,-87.7329277133,60629,,,,,,,
crash_05824,2021-11-14 11:50:00,2021,11,Nov,Sun,11,Daytime,30,STOP SIGN/FLASHER,UNKNOWN,DAYLIGHT,ANGLE,NOT DIVIDED,UNKNOWN,NO INJURY / DRIVE AWAY,,,"$501 - $1,500",DISREGARDING STOP SIGN,2,NO INDICATION OF INJURY,0,0,41.8426025264,-87.7051278107,60623,"CHICAGO MIDWAY AIRPORT, IL US",37.0,30.0,76.0,0.0,10.0,14.0
crash_05825,2019-02-14 05:05:00,2019,2,Feb,Thu,5,Night or early morning,30,TRAFFIC SIGNAL,CLEAR,"DARKNESS, LIGHTED ROAD",TURNING,DIVIDED - W/MEDIAN (NOT RAISED),WET,INJURY AND / OR TOW DUE TO CRASH,true,,"OVER $1,500",DISREGARDING TRAFFIC SIGNALS,2,NO INDICATION OF INJURY,0,0,41.9465908128,-87.7193169258,60618,"CHICAGO OHARE INTERNATIONAL AIRPORT, IL US",38.0,29.0,70.0,0.0,10.0,10.0
crash_05826,2018-10-29 20:41:00,2018,10,Oct,Mon,20,Night or early morning,30,NO CONTROLS,CLEAR,"DARKNESS, LIGHTED ROAD",TURNING,NOT DIVIDED,DRY,NO INJURY / DRIVE AWAY,,,"OVER $1,500",IMPROPER OVERTAKING/PASSING,2,NO INDICATION OF INJURY,0,0,41.9372604074,-87.6493212864,60657,"CHICAGO MIDWAY AIRPORT, IL US",49.0,42.0,77.0,0.0,9.0,6.0
crash_05827,2021-10-17 13:10:00,2021,10,Oct,Sun,13,Daytime,30,TRAFFIC SIGNAL,CLEAR,DAYLIGHT,TURNING,NOT DIVIDED,DRY,INJURY AND / OR TOW DUE TO CRASH,true,,"OVER $1,500",UNABLE TO DETERMINE,2,NO INDICATION OF INJURY,0,0,41.8080472717,-87.7041188223,60632,"CHICAGO MIDWAY AIRPORT, IL US",65.0,34.0,32.0,0.0,10.0,10.0
crash_05828,2021-09-24 02:20:00,2021,9,Sep,Fri,2,Night or early morning,30,NO CONTROLS,CLEAR,DARKNESS,REAR END,ONE-WAY,DRY,NO INJURY / DRIVE AWAY,,,"OVER $1,500",IMPROPER OVERTAKING/PASSING,2,NO INDICATION OF INJURY,0,0,41.8807347665,-87.7733917266,60644,"CHICAGO MIDWAY AIRPORT, IL US",55.0,42.0,62.0,0.0,10.0,8.0
crash_05829,2023-07-29 02:42:00,2023,7,Jul,Sat,2,Night or early morning,30,TRAFFIC SIGNAL,RAIN,"DARKNESS, LIGHTED ROAD",ANGLE,NOT DIVIDED,WET,NO INJURY / DRIVE AWAY,true,,"OVER $1,500",UNABLE TO DETERMINE,2,NO INDICATION OF INJURY,0,0,41.8984231223,-87.706616405,60622,"CHICAGO MIDWAY AIRPORT, IL US",71.0,66.0,84.0,0.0,10.0,8.0
crash_05830,2019-11-12 16:05:00,2019,11,Nov,Tue,16,Evening commute,30,TRAFFIC SIGNAL,CLEAR,DAYLIGHT,REAR END,NOT DIVIDED,ICE,NO INJURY / DRIVE AWAY,,,"OVER $1,500",FOLLOWING TOO CLOSELY,2,NO INDICATION OF INJURY,0,0,41.8537681219,-87.6861981656,60608,"CHICAGO MIDWAY AIRPORT, IL US",18.0,0.0,45.0,0.0,10.0,9.0
crash_05831,2024-05-15 10:07:00,2024,5,May,Wed,10,Daytime,30,NO CONTROLS,CLEAR,DAYLIGHT,PEDESTRIAN,NOT DIVIDED,DRY,NO INJURY / DRIVE AWAY,,true,$500 OR LESS,"OPERATING VEHICLE IN ERRATIC, RECKLESS, CARELESS, NEGLIGENT OR AGGRESSIVE MANNER",2,NO INDICATION OF INJURY,0,0,41.7868497925,-87.6648014122,60636,"CHICAGO MIDWAY AIRPORT, IL US",60.0,46.0,60.0,0.0,10.0,15.0
crash_05832,2019-10-07 18:41:00,2019,10,Oct,Mon,18,Evening commute,30,TRAFFIC SIGNAL,CLEAR,DARKNESS,ANGLE,NOT DIVIDED,DRY,INJURY AND / OR TOW DUE TO CRASH,true,,"OVER $1,500",FAILING TO YIELD RIGHT-OF-WAY,2,NO INDICATION OF INJURY,0,0,41.8967618804,-87.6300273079,60610,"CHICAGO MIDWAY AIRPORT, IL US",63.0,40.0,43.0,0.0,10.0,5.0
crash_05833,2021-07-22 13:00:00,2021,7,Jul,Thu,13,Daytime,15,NO CONTROLS,CLEAR,DAYLIGHT,ANGLE,PARKING LOT,DRY,NO INJURY / DRIVE AWAY,,,"$501 - $1,500",UNABLE TO DETERMINE,2,NO INDICATION OF INJURY,0,0,41.9530102332,-87.7877071626,60634,"CHICAGO OHARE INTERNATIONAL AIRPORT, IL US",81.0,69.0,67.0,0.0,7.0,7.0
crash_05834,2022-12-23 01:25:00,2022,12,Dec,Fri,1,Night or early morning,30,TRAFFIC SIGNAL,BLOWING SNOW,"DARKNESS, LIGHTED ROAD",REAR END,NOT DIVIDED,SNOW OR SLUSH,NO INJURY / DRIVE AWAY,,true,"OVER $1,500",UNABLE TO DETERMINE,2,NO INDICATION OF INJURY,0,0,41.7512244672,-87.6148107293,60619,"CHICAGO MIDWAY AIRPORT, IL US",-9.0,-17.0,67.0,0.0,5.0,24.0
crash_05835,2024-04-04 08:05:00,2024,4,Apr,Thu,8,Morning commute,30,NO CONTROLS,CLEAR,DAYLIGHT,SIDESWIPE SAME DIRECTION,NOT DIVIDED,DRY,NO INJURY / DRIVE AWAY,,,"OVER $1,500",UNABLE TO DETERMINE,2,NO INDICATION OF INJURY,0,0,41.8770391119,-87.6275083638,60604,"CHICAGO MIDWAY AIRPORT, IL US",38.0,32.0,79.0,0.0,10.0,18.0
crash_05836,2022-05-27 18:00:00,2022,5,May,Fri,18,Evening commute,30,STOP SIGN/FLASHER,CLEAR,DAYLIGHT,TURNING,NOT DIVIDED,DRY,NO INJURY / DRIVE AWAY,true,,"OVER $1,500",UNABLE TO DETERMINE,3,NO INDICATION OF INJURY,0,0,41.8367587111,-87.7254254603,60623,"CHICAGO MIDWAY AIRPORT, IL US",64.0,50.0,60.0,0.0,10.0,10.0
crash_05837,2023-08-26 15:47:00,2023,8,Aug,Sat,15,Evening commute,10,NO CONTROLS,CLEAR,DAYLIGHT,PARKED MOTOR VEHICLE,PARKING LOT,DRY,NO INJURY / DRIVE AWAY,,,"OVER $1,500",DRIVING SKILLS/KNOWLEDGE/EXPERIENCE,2,NO INDICATION OF INJURY,0,0,41.8667243541,-87.6259611484,60605,"CHICAGO MIDWAY AIRPORT, IL US",75.0,61.0,62.0,0.0,10.0,17.0
crash_05838,2022-11-22 19:28:00,2022,11,Nov,Tue,19,Night or early morning,35,TRAFFIC SIGNAL,CLEAR,DAYLIGHT,SIDESWIPE SAME DIRECTION,DIVIDED - W/MEDIAN (NOT RAISED),DRY,NO INJURY / DRIVE AWAY,,,"$501 - $1,500",UNABLE TO DETERMINE,2,NO INDICATION OF INJURY,0,0,41.7497284151,-87.7022464674,60652,"CHICAGO MIDWAY AIRPORT, IL US",42.0,24.0,49.0,0.0,10.0,6.0
crash_05839,2018-04-20 05:50:00,2018,4,Apr,Fri,5,Night or early morning,15,NO CONTROLS,CLEAR,DAYLIGHT,SIDESWIPE SAME DIRECTION,NOT DIVIDED,DRY,NO INJURY / DRIVE AWAY,,,"OVER $1,500",UNABLE TO DETERMINE,2,NO INDICATION OF INJURY,0,0,41.9165005391,-87.7438217213,60639,"CHICAGO MIDWAY AIRPORT, IL US",35.0,24.0,64.0,0.0,10.0,0.0
crash_05840,2023-08-28 11:40:00,2023,8,Aug,Mon,11,Daytime,30,NO CONTROLS,CLEAR,DAYLIGHT,PARKED MOTOR VEHICLE,DIVIDED - W/MEDIAN (NOT RAISED),DRY,NO INJURY / DRIVE AWAY,,true,$500 OR LESS,IMPROPER LANE USAGE,2,NO INDICATION OF INJURY,0,0,41.9273888534,-87.7044280567,60647,"CHICAGO MIDWAY AIRPORT, IL US",77.0,51.0,40.0,0.0,10.0,6.0
crash_05841,2024-02-26 11:15:00,2024,2,Feb,Mon,11,Daytime,30,NO CONTROLS,UNKNOWN,UNKNOWN,PARKED MOTOR VEHICLE,ONE-WAY,UNKNOWN,NO INJURY / DRIVE AWAY,,true,"OVER $1,500",UNABLE TO DETERMINE,2,NO INDICATION OF INJURY,0,0,41.8065767434,-87.6142751345,60615,"CHICAGO MIDWAY AIRPORT, IL US",59.0,38.0,46.0,0.0,10.0,8.0
crash_05842,2022-06-14 07:30:00,2022,6,Jun,Tue,7,Morning commute,10,NO CONTROLS,CLEAR,DAYLIGHT,SIDESWIPE SAME DIRECTION,ONE-WAY,DRY,NO INJURY / DRIVE AWAY,,,"$501 - $1,500",FAILING TO YIELD RIGHT-OF-WAY,2,NO INDICATION OF INJURY,0,0,41.7893386418,-87.7413525626,60629,"CHICAGO MIDWAY AIRPORT, IL US",86.0,76.0,72.0,0.0,10.0,10.0
crash_05843,2023-08-18 17:05:00,2023,8,Aug,Fri,17,Evening commute,30,UNKNOWN,UNKNOWN,UNKNOWN,REAR END,UNKNOWN,UNKNOWN,NO INJURY / DRIVE AWAY,,true,"OVER $1,500",UNABLE TO DETERMINE,2,NO INDICATION OF INJURY,0,0,41.9450108216,-87.8142730043,60634,"CHICAGO OHARE INTERNATIONAL AIRPORT, IL US",77.0,52.0,42.0,0.0,10.0,7.0
crash_05844,2020-12-11 21:00:00,2020,12,Dec,Fri,21,Night or early morning,30,TRAFFIC SIGNAL,RAIN,"DARKNESS, LIGHTED ROAD",TURNING,FOUR WAY,WET,NO INJURY / DRIVE AWAY,true,,"$501 - $1,500",WEATHER,2,NO INDICATION OF INJURY,0,0,41.9681329619,-87.7480531882,60630,"CHICAGO OHARE INTERNATIONAL AIRPORT, IL US",41.0,38.0,89.0,0.12,3.0,17.0
crash_05845,2021-11-10 14:30:00,2021,11,Nov,Wed,14,Daytime,30,TRAFFIC SIGNAL,CLEAR,DAYLIGHT,REAR END,FOUR WAY,DRY,NO INJURY / DRIVE AWAY,true,,"$501 - $1,500",IMPROPER BACKING,2,NO INDICATION OF INJURY,0,0,41.7075503333,-87.594340702,60628,"CHICAGO MIDWAY AIRPORT, IL US",56.0,44.0,65.0,0.0,9.0,8.0
crash_05846,2022-03-28 16:45:00,2022,3,Mar,Mon,16,Evening commute,30,NO CONTROLS,CLEAR,DAYLIGHT,REAR END,DIVIDED - W/MEDIAN (NOT RAISED),DRY,INJURY AND / OR TOW DUE TO CRASH,,,"OVER $1,500",UNABLE TO DETERMINE,2,NO INDICATION OF INJURY,0,0,41.9378498324,-87.8149794087,60707,"CHICAGO OHARE INTERNATIONAL AIRPORT, IL US",34.0,11.0,38.0,0.0,10.0,10.0
crash_05847,2021-08-15 02:45:00,2021,8,Aug,Sun,2,Night or early morning,30,UNKNOWN,UNKNOWN,UNKNOWN,FIXED OBJECT,UNKNOWN,UNKNOWN,INJURY AND / OR TOW DUE TO CRASH,,,"$501 - $1,500",NOT APPLICABLE,1,"REPORTED, NOT EVIDENT",1,0,41.7524246212,-87.6231753571,60619,"CHICAGO MIDWAY AIRPORT, IL US",65.0,52.0,63.0,0.0,10.0,0.0
crash_05848,2024-10-04 17:35:00,2024,10,Oct,Fri,17,Evening commute,15,STOP SIGN/FLASHER,CLEAR,DAYLIGHT,TURNING,FOUR WAY,DRY,INJURY AND / OR TOW DUE TO CRASH,true,,"OVER $1,500",IMPROPER TURNING/NO SIGNAL,2,NONINCAPACITATING INJURY,1,0,41.9548762466,-87.7595185553,60641,"CHICAGO OHARE INTERNATIONAL AIRPORT, IL US",64.0,52.0,65.0,0.0,10.0,15.0
crash_05849,2025-02-20 13:10:00,2025,2,Feb,Thu,13,Daytime,30,NO CONTROLS,CLEAR,DAYLIGHT,PARKED MOTOR VEHICLE,PARKING LOT,UNKNOWN,NO INJURY / DRIVE AWAY,,,"OVER $1,500",UNABLE TO DETERMINE,2,NO INDICATION OF INJURY,0,0,41.9839522006,-87.6690061635,60660,"CHICAGO OHARE INTERNATIONAL AIRPORT, IL US",21.0,7.0,54.0,0.0,10.0,10.0
crash_05850,2025-05-14 23:00:00,2025,5,May,Wed,23,Night or early morning,30,TRAFFIC SIGNAL,CLEAR,"DARKNESS, LIGHTED ROAD",PARKED MOTOR VEHICLE,NOT DIVIDED,DRY,NO INJURY / DRIVE AWAY,,,"$501 - $1,500",UNABLE TO DETERMINE,2,NO INDICATION OF INJURY,0,0,41.9689796407,-87.6548894387,60640,"CHICAGO MIDWAY AIRPORT, IL US",62.0,56.0,80.0,0.0,10.0,5.0
crash_05851,2019-04-19 15:53:00,2019,4,Apr,Fri,15,Evening commute,30,TRAFFIC SIGNAL,CLEAR,DAYLIGHT,SIDESWIPE SAME DIRECTION,ONE-WAY,DRY,NO INJURY / DRIVE AWAY,,,"$501 - $1,500",IMPROPER OVERTAKING/PASSING,2,NO INDICATION OF INJURY,0,0,41.8668708314,-87.6439453095,60607,"CHICAGO MIDWAY AIRPORT, IL US",48.0,32.0,54.0,0.0,10.0,23.0
crash_05852,2018-08-06 18:00:00,2018,8,Aug,Mon,18,Evening commute,30,NO CONTROLS,CLEAR,DAYLIGHT,PARKED MOTOR VEHICLE,PARKING LOT,DRY,NO INJURY / DRIVE AWAY,,true,"OVER $1,500",DISTRACTION - FROM INSIDE VEHICLE,2,NO INDICATION OF INJURY,0,0,41.7731578119,-87.6111108613,60637,"CHICAGO MIDWAY AIRPORT, IL US",80.0,71.0,74.0,0.0,10.0,8.0
crash_05853,2022-02-25 20:55:00,2022,2,Feb,Fri,20,Night or early morning,30,TRAFFIC SIGNAL,CLEAR,"DARKNESS, LIGHTED ROAD",SIDESWIPE SAME DIRECTION,UNKNOWN INTERSECTION TYPE,SNOW OR SLUSH,NO INJURY / DRIVE AWAY,true,,"OVER $1,500",UNABLE TO DETERMINE,2,NO INDICATION OF INJURY,0,0,41.8830922877,-87.6567518569,60607,"CHICAGO MIDWAY AIRPORT, IL US",24.0,15.0,68.0,0.0,10.0,8.0
crash_05854,2021-06-04 11:15:00,2021,6,Jun,Fri,11,Daytime,30,TRAFFIC SIGNAL,CLEAR,DAYLIGHT,TURNING,DIVIDED - W/MEDIAN (NOT RAISED),DRY,NO INJURY / DRIVE AWAY,true,,"OVER $1,500",IMPROPER TURNING/NO SIGNAL,2,NO INDICATION OF INJURY,0,0,41.9027998545,-87.7182623585,60651,"CHICAGO MIDWAY AIRPORT, IL US",84.0,51.0,32.0,0.0,10.0,20.0
crash_05855,2023-05-23 10:03:00,2023,5,May,Tue,10,Daytime,30,NO CONTROLS,CLEAR,DAYLIGHT,FIXED OBJECT,DIVIDED - W/MEDIAN (NOT RAISED),DRY,INJURY AND / OR TOW DUE TO CRASH,,,"OVER $1,500",UNABLE TO DETERMINE,1,INCAPACITATING INJURY,1,0,41.8805226311,-87.7647196157,60644,"CHICAGO MIDWAY AIRPORT, IL US",75.0,47.0,37.0,0.0,10.0,0.0