crash_id,crash_datetime,crash_year,crash_month,crash_month_name,crash_weekday_name,crash_hour,time_period,posted_speed_limit_mph,traffic_control_device,reported_weather_condition,reported_lighting_condition,first_crash_type,trafficway_type,reported_road_surface_condition,crash_type,intersection_related,hit_and_run,estimated_damage,primary_contributory_cause,unit_count,most_severe_injury,injuries_total,injuries_fatal,latitude,longitude,zip5,weather_station_name,temperature_f,dew_point_f,relative_humidity_percent,precipitation_inches,visibility_miles,wind_speed_mph
crash_05856,2023-09-01 18:48:00,2023,9,Sep,Fri,18,Evening commute,30,TRAFFIC SIGNAL,CLEAR,DUSK,ANGLE,FOUR WAY,DRY,NO INJURY / DRIVE AWAY,,true,"OVER $1,500",DISREGARDING TRAFFIC SIGNALS,2,NO INDICATION OF INJURY,0,0,41.8696551844,-87.6438859021,60607,"CHICAGO MIDWAY AIRPORT, IL US",81.0,56.0,42.0,0.0,10.0,10.0
crash_05857,2021-10-09 03:00:00,2021,10,Oct,Sat,3,Night or early morning,30,NO CONTROLS,CLEAR,DAYLIGHT,PARKED MOTOR VEHICLE,NOT DIVIDED,DRY,INJURY AND / OR TOW DUE TO CRASH,,true,"OVER $1,500",UNABLE TO DETERMINE,2,NO INDICATION OF INJURY,0,0,41.9684932693,-87.7150428978,60625,"CHICAGO OHARE INTERNATIONAL AIRPORT, IL US",65.0,62.0,90.0,0.0,9.0,0.0
crash_05858,2018-07-18 13:00:00,2018,7,Jul,Wed,13,Daytime,5,NO CONTROLS,CLEAR,DAYLIGHT,PARKED MOTOR VEHICLE,PARKING LOT,DRY,NO INJURY / DRIVE AWAY,,true,"OVER $1,500",UNABLE TO DETERMINE,2,NO INDICATION OF INJURY,0,0,41.8411149917,-87.6851320348,60608,"CHICAGO MIDWAY AIRPORT, IL US",78.0,52.0,40.0,0.0,10.0,10.0
crash_05859,2019-04-06 18:15:00,2019,4,Apr,Sat,18,Evening commute,30,STOP SIGN/FLASHER,CLEAR,DUSK,SIDESWIPE OPPOSITE DIRECTION,NOT DIVIDED,DRY,NO INJURY / DRIVE AWAY,true,,"$501 - $1,500",IMPROPER BACKING,2,NO INDICATION OF INJURY,0,0,41.9016345571,-87.6674196814,60642,"CHICAGO MIDWAY AIRPORT, IL US",58.0,48.0,70.0,0.0,10.0,14.0
crash_05860,2022-03-17 07:38:00,2022,3,Mar,Thu,7,Morning commute,30,TRAFFIC SIGNAL,CLEAR,DAYLIGHT,TURNING,NOT DIVIDED,DRY,INJURY AND / OR TOW DUE TO CRASH,true,,"OVER $1,500",FAILING TO YIELD RIGHT-OF-WAY,2,NO INDICATION OF INJURY,0,0,41.9283144791,-87.7023583396,60647,"CHICAGO MIDWAY AIRPORT, IL US",53.0,41.0,64.0,0.0,10.0,5.0
crash_05861,2018-05-09 07:40:00,2018,5,May,Wed,7,Morning commute,25,NO CONTROLS,RAIN,DAYLIGHT,REAR END,NOT DIVIDED,WET,NO INJURY / DRIVE AWAY,,,"OVER $1,500",WEATHER,2,NO INDICATION OF INJURY,0,0,41.9689101629,-87.6758261825,60640,"CHICAGO OHARE INTERNATIONAL AIRPORT, IL US",57.0,52.0,83.0,0.24,5.0,7.0
crash_05862,2018-12-29 18:15:00,2018,12,Dec,Sat,18,Evening commute,30,TRAFFIC SIGNAL,SNOW,"DARKNESS, LIGHTED ROAD",TURNING,NOT DIVIDED,SNOW OR SLUSH,NO INJURY / DRIVE AWAY,,,"OVER $1,500",UNABLE TO DETERMINE,2,NO INDICATION OF INJURY,0,0,41.8706981805,-87.7195866294,60624,"CHICAGO MIDWAY AIRPORT, IL US",28.0,25.0,88.0,0.0,8.0,8.0
crash_05863,2023-04-01 18:30:00,2023,4,Apr,Sat,18,Evening commute,30,NO CONTROLS,CLEAR,DAYLIGHT,SIDESWIPE SAME DIRECTION,ONE-WAY,DRY,NO INJURY / DRIVE AWAY,,,"OVER $1,500",UNABLE TO DETERMINE,2,NO INDICATION OF INJURY,0,0,41.8868708394,-87.6505011937,60607,"CHICAGO MIDWAY AIRPORT, IL US",39.0,27.0,62.0,0.0,10.0,13.0
crash_05864,2023-02-08 09:40:00,2023,2,Feb,Wed,9,Morning commute,30,NO CONTROLS,CLEAR,DAYLIGHT,PARKED MOTOR VEHICLE,PARKING LOT,DRY,NO INJURY / DRIVE AWAY,,,"OVER $1,500",DRIVING SKILLS/KNOWLEDGE/EXPERIENCE,2,NO INDICATION OF INJURY,0,0,41.7858924006,-87.7377909561,60629,"CHICAGO MIDWAY AIRPORT, IL US",34.0,27.0,75.0,0.0,10.0,0.0
crash_05865,2020-08-08 14:25:00,2020,8,Aug,Sat,14,Daytime,30,UNKNOWN,CLEAR,DAYLIGHT,SIDESWIPE SAME DIRECTION,UNKNOWN,DRY,NO INJURY / DRIVE AWAY,,,"OVER $1,500",UNABLE TO DETERMINE,2,NO INDICATION OF INJURY,0,0,41.8075545601,-87.6647984112,60609,"CHICAGO MIDWAY AIRPORT, IL US",86.0,66.0,51.0,0.0,10.0,9.0
crash_05866,2019-08-28 07:58:00,2019,8,Aug,Wed,7,Morning commute,30,NO CONTROLS,CLEAR,DAYLIGHT,SIDESWIPE SAME DIRECTION,NOT DIVIDED,DRY,NO INJURY / DRIVE AWAY,,,"OVER $1,500",UNABLE TO DETERMINE,2,NO INDICATION OF INJURY,0,0,41.8944482783,-87.7262030479,60624,"CHICAGO MIDWAY AIRPORT, IL US",63.0,52.0,68.0,0.0,10.0,8.0
crash_05867,2023-09-19 02:17:00,2023,9,Sep,Tue,2,Night or early morning,35,NO CONTROLS,CLEAR,"DARKNESS, LIGHTED ROAD",SIDESWIPE SAME DIRECTION,ONE-WAY,DRY,INJURY AND / OR TOW DUE TO CRASH,,,"OVER $1,500",IMPROPER OVERTAKING/PASSING,3,NO INDICATION OF INJURY,0,0,41.9388504277,-87.6718454905,60657,"CHICAGO MIDWAY AIRPORT, IL US",59.0,51.0,75.0,0.0,10.0,5.0
crash_05868,2020-02-14 08:40:00,2020,2,Feb,Fri,8,Morning commute,30,NO CONTROLS,CLEAR,DAYLIGHT,REAR END,ONE-WAY,UNKNOWN,NO INJURY / DRIVE AWAY,,,$500 OR LESS,UNABLE TO DETERMINE,2,NO INDICATION OF INJURY,0,0,41.9264192637,-87.7082928363,60647,"CHICAGO MIDWAY AIRPORT, IL US",1.0,-8.0,65.0,0.0,10.0,6.0
crash_05869,2018-07-30 07:30:00,2018,7,Jul,Mon,7,Morning commute,30,TRAFFIC SIGNAL,CLEAR,DAYLIGHT,REAR END,NOT DIVIDED,DRY,INJURY AND / OR TOW DUE TO CRASH,,,$500 OR LESS,UNABLE TO DETERMINE,2,"REPORTED, NOT EVIDENT",1,0,41.7754179895,-87.5738975998,60649,"CHICAGO MIDWAY AIRPORT, IL US",69.0,62.0,78.0,0.0,10.0,0.0
crash_05870,2021-03-21 10:00:00,2021,3,Mar,Sun,10,Daytime,30,NO CONTROLS,CLEAR,DAYLIGHT,PARKED MOTOR VEHICLE,NOT DIVIDED,DRY,INJURY AND / OR TOW DUE TO CRASH,,true,"OVER $1,500",UNABLE TO DETERMINE,2,NO INDICATION OF INJURY,0,0,41.8999595381,-87.7263707703,60651,"CHICAGO MIDWAY AIRPORT, IL US",53.0,24.0,32.0,0.0,10.0,10.0
crash_05871,2019-06-23 19:30:00,2019,6,Jun,Sun,19,Night or early morning,45,NO CONTROLS,RAIN,DAYLIGHT,SIDESWIPE SAME DIRECTION,DIVIDED - W/MEDIAN BARRIER,WET,NO INJURY / DRIVE AWAY,,,"OVER $1,500",UNABLE TO DETERMINE,3,NO INDICATION OF INJURY,0,0,41.7824286294,-87.5758922137,60637,"CHICAGO MIDWAY AIRPORT, IL US",74.0,71.0,91.0,0.02,10.0,6.0
crash_05872,2023-09-12 19:00:00,2023,9,Sep,Tue,19,Night or early morning,30,UNKNOWN,CLEAR,DAYLIGHT,REAR END,NOT DIVIDED,DRY,NO INJURY / DRIVE AWAY,,,$500 OR LESS,UNABLE TO DETERMINE,2,NO INDICATION OF INJURY,0,0,41.9683595432,-87.7272665366,60625,"CHICAGO OHARE INTERNATIONAL AIRPORT, IL US",65.0,48.0,54.0,0.0,10.0,8.0
crash_05873,2025-09-25 09:00:00,2025,9,Sep,Thu,9,Morning commute,30,NO CONTROLS,CLEAR,DAYLIGHT,TURNING,OTHER,DRY,NO INJURY / DRIVE AWAY,,,"OVER $1,500",IMPROPER TURNING/NO SIGNAL,2,NO INDICATION OF INJURY,0,0,41.8519815618,-87.6812616756,60608,,,,,,,
crash_05874,2021-02-15 15:15:00,2021,2,Feb,Mon,15,Evening commute,30,NO CONTROLS,CLEAR,DAYLIGHT,PARKED MOTOR VEHICLE,DIVIDED - W/MEDIAN (NOT RAISED),SNOW OR SLUSH,NO INJURY / DRIVE AWAY,,true,"$501 - $1,500",UNABLE TO DETERMINE,2,NO INDICATION OF INJURY,0,0,41.9972196622,-87.7647090275,60646,"CHICAGO OHARE INTERNATIONAL AIRPORT, IL US",11.0,5.0,77.0,0.0,0.5,18.0
crash_05875,2021-07-16 19:30:00,2021,7,Jul,Fri,19,Night or early morning,10,NO CONTROLS,UNKNOWN,DUSK,PARKED MOTOR VEHICLE,PARKING LOT,DRY,NO INJURY / DRIVE AWAY,,true,"$501 - $1,500",UNABLE TO DETERMINE,2,NO INDICATION OF INJURY,0,0,42.0192885501,-87.6750585094,60626,"CHICAGO OHARE INTERNATIONAL AIRPORT, IL US",70.0,55.0,59.0,,10.0,10.0
crash_05876,2021-05-07 17:23:00,2021,5,May,Fri,17,Evening commute,30,STOP SIGN/FLASHER,CLEAR,DAYLIGHT,ANGLE,FOUR WAY,DRY,INJURY AND / OR TOW DUE TO CRASH,,,"OVER $1,500",UNABLE TO DETERMINE,2,NO INDICATION OF INJURY,0,0,41.7514250386,-87.602698567,60619,"CHICAGO MIDWAY AIRPORT, IL US",50.0,32.0,50.0,0.0,10.0,17.0
crash_05877,2023-12-25 04:45:00,2023,12,Dec,Mon,4,Night or early morning,30,TRAFFIC SIGNAL,CLEAR,"DARKNESS, LIGHTED ROAD",TURNING,DIVIDED - W/MEDIAN (NOT RAISED),DRY,INJURY AND / OR TOW DUE TO CRASH,,,"OVER $1,500",IMPROPER TURNING/NO SIGNAL,2,NO INDICATION OF INJURY,0,0,41.9469592329,-87.6639515252,60657,"CHICAGO MIDWAY AIRPORT, IL US",51.0,47.0,86.0,0.0,10.0,7.0
crash_05878,2025-08-21 18:15:00,2025,8,Aug,Thu,18,Evening commute,30,STOP SIGN/FLASHER,CLEAR,DAYLIGHT,PEDESTRIAN,FOUR WAY,DRY,INJURY AND / OR TOW DUE TO CRASH,true,,$500 OR LESS,"VISION OBSCURED (SIGNS, TREE LIMBS, BUILDINGS, ETC.)",2,"REPORTED, NOT EVIDENT",1,0,41.9139725782,-87.6461031701,60614,"CHICAGO MIDWAY AIRPORT, IL US",76.0,60.0,58.0,0.0,10.0,10.0
crash_05879,2022-08-26 02:05:00,2022,8,Aug,Fri,2,Night or early morning,35,NO CONTROLS,CLEAR,"DARKNESS, LIGHTED ROAD",PEDESTRIAN,NOT DIVIDED,DRY,INJURY AND / OR TOW DUE TO CRASH,true,,"OVER $1,500",FAILING TO REDUCE SPEED TO AVOID CRASH,2,INCAPACITATING INJURY,1,0,41.7512911775,-87.5942086587,60619,"CHICAGO MIDWAY AIRPORT, IL US",73.0,66.0,79.0,,10.0,7.0
crash_05880,2018-05-01 17:00:00,2018,5,May,Tue,17,Evening commute,30,NO CONTROLS,CLEAR,DAYLIGHT,PARKED MOTOR VEHICLE,NOT DIVIDED,DRY,NO INJURY / DRIVE AWAY,,,"$501 - $1,500",UNABLE TO DETERMINE,2,NO INDICATION OF INJURY,0,0,41.7659281922,-87.5864700779,60619,"CHICAGO MIDWAY AIRPORT, IL US",84.0,44.0,25.0,0.0,10.0,23.0
crash_05881,2025-08-24 00:30:00,2025,8,Aug,Sun,0,Night or early morning,30,TRAFFIC SIGNAL,CLEAR,"DARKNESS, LIGHTED ROAD",SIDESWIPE SAME DIRECTION,FOUR WAY,UNKNOWN,NO INJURY / DRIVE AWAY,true,,"$501 - $1,500",IMPROPER LANE USAGE,2,NO INDICATION OF INJURY,0,0,41.954745513,-87.6453293959,60613,"CHICAGO MIDWAY AIRPORT, IL US",66.0,52.0,61.0,0.0,10.0,5.0
crash_05882,2019-07-01 01:00:00,2019,7,Jul,Mon,1,Night or early morning,30,UNKNOWN,CLEAR,DUSK,PARKED MOTOR VEHICLE,NOT DIVIDED,DRY,NO INJURY / DRIVE AWAY,,true,"$501 - $1,500",NOT APPLICABLE,2,NO INDICATION OF INJURY,0,0,41.8852708264,-87.660909998,60607,"CHICAGO MIDWAY AIRPORT, IL US",73.0,70.0,90.0,0.0,10.0,5.0
crash_05883,2019-10-25 17:37:00,2019,10,Oct,Fri,17,Evening commute,30,NO CONTROLS,CLEAR,DUSK,PARKED MOTOR VEHICLE,NOT DIVIDED,DRY,NO INJURY / DRIVE AWAY,,,"OVER $1,500",DRIVING SKILLS/KNOWLEDGE/EXPERIENCE,2,NO INDICATION OF INJURY,0,0,41.8549554284,-87.6662172533,60608,"CHICAGO MIDWAY AIRPORT, IL US",47.0,31.0,54.0,0.0,10.0,0.0
crash_05884,2022-12-16 09:12:00,2022,12,Dec,Fri,9,Morning commute,30,STOP SIGN/FLASHER,SNOW,DAYLIGHT,REAR END,NOT DIVIDED,WET,NO INJURY / DRIVE AWAY,,,"OVER $1,500",NOT APPLICABLE,2,NO INDICATION OF INJURY,0,0,41.7887956628,-87.6548855794,60636,"CHICAGO MIDWAY AIRPORT, IL US",31.0,24.0,76.0,0.0,1.75,13.0
crash_05885,2025-05-22 00:53:00,2025,5,May,Thu,0,Night or early morning,30,NO CONTROLS,RAIN,"DARKNESS, LIGHTED ROAD",FIXED OBJECT,NOT DIVIDED,WET,INJURY AND / OR TOW DUE TO CRASH,,,"OVER $1,500",UNABLE TO DETERMINE,1,NO INDICATION OF INJURY,0,0,41.7577325515,-87.6637545548,60620,"CHICAGO MIDWAY AIRPORT, IL US",50.0,46.0,86.0,0.0,10.0,9.0
crash_05886,2021-12-31 19:13:00,2021,12,Dec,Fri,19,Night or early morning,30,TRAFFIC SIGNAL,CLEAR,"DARKNESS, LIGHTED ROAD",REAR END,DIVIDED - W/MEDIAN (NOT RAISED),DRY,NO INJURY / DRIVE AWAY,,,"OVER $1,500",DISTRACTION - FROM INSIDE VEHICLE,2,NO INDICATION OF INJURY,0,0,41.7788232107,-87.7229116038,60629,"CHICAGO MIDWAY AIRPORT, IL US",46.0,41.0,83.0,0.0,4.0,8.0
crash_05887,2021-09-20 23:00:00,2021,9,Sep,Mon,23,Night or early morning,30,TRAFFIC SIGNAL,CLEAR,"DARKNESS, LIGHTED ROAD",ANGLE,FOUR WAY,DRY,INJURY AND / OR TOW DUE TO CRASH,true,,"OVER $1,500",DISTRACTION - FROM OUTSIDE VEHICLE,2,NO INDICATION OF INJURY,0,0,41.8690450883,-87.6764610335,60612,"CHICAGO MIDWAY AIRPORT, IL US",76.0,67.0,74.0,0.0,10.0,16.0
crash_05888,2019-05-10 17:55:00,2019,5,May,Fri,17,Evening commute,30,NO CONTROLS,CLEAR,DAYLIGHT,REAR END,NOT DIVIDED,DRY,NO INJURY / DRIVE AWAY,,,"$501 - $1,500",FOLLOWING TOO CLOSELY,3,NO INDICATION OF INJURY,0,0,41.9096407833,-87.7534514432,60639,"CHICAGO MIDWAY AIRPORT, IL US",54.0,38.0,55.0,0.0,10.0,9.0
crash_05889,2021-05-02 03:00:00,2021,5,May,Sun,3,Night or early morning,25,NO CONTROLS,CLEAR,"DARKNESS, LIGHTED ROAD",PARKED MOTOR VEHICLE,ONE-WAY,DRY,NO INJURY / DRIVE AWAY,,true,"OVER $1,500",UNABLE TO DETERMINE,2,NO INDICATION OF INJURY,0,0,41.9508585509,-87.754481055,60641,"CHICAGO OHARE INTERNATIONAL AIRPORT, IL US",66.0,48.0,52.0,0.0,10.0,10.0
crash_05890,2018-01-22 19:00:00,2018,1,Jan,Mon,19,Night or early morning,30,NO CONTROLS,CLEAR,"DARKNESS, LIGHTED ROAD",FIXED OBJECT,DIVIDED - W/MEDIAN (NOT RAISED),WET,NO INJURY / DRIVE AWAY,,,"$501 - $1,500",ROAD ENGINEERING/SURFACE/MARKING DEFECTS,1,NO INDICATION OF INJURY,0,0,41.969261067,-87.650422729,60640,"CHICAGO MIDWAY AIRPORT, IL US",47.0,43.0,86.0,0.01,9.0,29.0
crash_05891,2020-09-22 17:50:00,2020,9,Sep,Tue,17,Evening commute,15,NO CONTROLS,CLEAR,DAYLIGHT,PARKED MOTOR VEHICLE,NOT DIVIDED,DRY,INJURY AND / OR TOW DUE TO CRASH,,true,"OVER $1,500",DRIVING SKILLS/KNOWLEDGE/EXPERIENCE,2,NO INDICATION OF INJURY,0,0,41.752880675,-87.708734217,60652,"CHICAGO MIDWAY AIRPORT, IL US",76.0,53.0,45.0,0.0,10.0,9.0
crash_05892,2025-07-14 20:30:00,2025,7,Jul,Mon,20,Night or early morning,30,TRAFFIC SIGNAL,CLEAR,"DARKNESS, LIGHTED ROAD",SIDESWIPE SAME DIRECTION,FOUR WAY,DRY,NO INJURY / DRIVE AWAY,true,,"OVER $1,500",UNABLE TO DETERMINE,2,NO INDICATION OF INJURY,0,0,41.8877057691,-87.624703858,60601,"CHICAGO MIDWAY AIRPORT, IL US",83.0,56.0,40.0,0.0,10.0,5.0
crash_05893,2019-01-01 11:15:00,2019,1,Jan,Tue,11,Daytime,30,TRAFFIC SIGNAL,RAIN,DAYLIGHT,TURNING,NOT DIVIDED,WET,INJURY AND / OR TOW DUE TO CRASH,true,,"OVER $1,500",UNABLE TO DETERMINE,2,NONINCAPACITATING INJURY,1,0,41.7595469084,-87.6541177478,60636,"CHICAGO MIDWAY AIRPORT, IL US",31.0,28.0,89.0,0.0,6.0,9.0
crash_05894,2021-01-19 16:07:00,2021,1,Jan,Tue,16,Evening commute,30,NO CONTROLS,SNOW,DAYLIGHT,ANGLE,DIVIDED - W/MEDIAN (NOT RAISED),UNKNOWN,INJURY AND / OR TOW DUE TO CRASH,,,"OVER $1,500",UNABLE TO DETERMINE,3,NO INDICATION OF INJURY,0,0,41.9527947488,-87.7176214153,60618,"CHICAGO OHARE INTERNATIONAL AIRPORT, IL US",28.0,24.0,85.0,0.0,5.0,11.0
crash_05895,2022-03-15 00:00:00,2022,3,Mar,Tue,0,Night or early morning,30,NO CONTROLS,UNKNOWN,UNKNOWN,PARKED MOTOR VEHICLE,ONE-WAY,UNKNOWN,NO INJURY / DRIVE AWAY,,true,"OVER $1,500",UNABLE TO DETERMINE,2,NO INDICATION OF INJURY,0,0,41.883002183,-87.7329510013,60624,"CHICAGO MIDWAY AIRPORT, IL US",40.0,33.0,77.0,0.0,10.0,8.0
crash_05896,2021-12-28 00:01:00,2021,12,Dec,Tue,0,Night or early morning,30,NO CONTROLS,FREEZING RAIN/DRIZZLE,DAYLIGHT,PARKED MOTOR VEHICLE,ONE-WAY,WET,INJURY AND / OR TOW DUE TO CRASH,,true,"OVER $1,500",UNABLE TO DETERMINE,2,NO INDICATION OF INJURY,0,0,41.7519370261,-87.6004997552,60619,"CHICAGO MIDWAY AIRPORT, IL US",34.0,25.0,70.0,0.0,10.0,9.0
crash_05897,2020-07-24 16:03:00,2020,7,Jul,Fri,16,Evening commute,35,NO CONTROLS,CLEAR,DAYLIGHT,SIDESWIPE SAME DIRECTION,ONE-WAY,DRY,NO INJURY / DRIVE AWAY,,,$500 OR LESS,IMPROPER OVERTAKING/PASSING,2,NO INDICATION OF INJURY,0,0,41.8113081045,-87.6164957548,60653,"CHICAGO MIDWAY AIRPORT, IL US",83.0,65.0,55.0,0.0,10.0,8.0
crash_05898,2019-03-21 14:10:00,2019,3,Mar,Thu,14,Daytime,30,STOP SIGN/FLASHER,CLEAR,DAYLIGHT,TURNING,DIVIDED - W/MEDIAN (NOT RAISED),DRY,NO INJURY / DRIVE AWAY,,,"OVER $1,500",DRIVING ON WRONG SIDE/WRONG WAY,2,NO INDICATION OF INJURY,0,0,41.8956717884,-87.655770687,60642,"CHICAGO MIDWAY AIRPORT, IL US",42.0,35.0,76.0,0.0,8.0,9.0
crash_05899,2023-07-02 02:40:00,2023,7,Jul,Sun,2,Night or early morning,25,NO CONTROLS,RAIN,"DARKNESS, LIGHTED ROAD",PARKED MOTOR VEHICLE,ONE-WAY,WET,INJURY AND / OR TOW DUE TO CRASH,,true,"OVER $1,500",UNABLE TO DETERMINE,4,NO INDICATION OF INJURY,0,0,41.9380361408,-87.7297836116,60641,"CHICAGO OHARE INTERNATIONAL AIRPORT, IL US",73.0,71.0,94.0,0.01,3.0,3.0
crash_05900,2019-01-31 16:24:00,2019,1,Jan,Thu,16,Evening commute,25,NO CONTROLS,SNOW,DAYLIGHT,REAR END,NOT DIVIDED,SNOW OR SLUSH,INJURY AND / OR TOW DUE TO CRASH,,,"OVER $1,500",EQUIPMENT - VEHICLE CONDITION,2,"REPORTED, NOT EVIDENT",2,0,41.7558770893,-87.6569242208,60620,"CHICAGO MIDWAY AIRPORT, IL US",-2.0,-14.0,56.0,0.0,5.0,0.0
crash_05901,2018-05-02 17:10:00,2018,5,May,Wed,17,Evening commute,20,STOP SIGN/FLASHER,CLEAR,DAYLIGHT,ANGLE,NOT DIVIDED,DRY,NO INJURY / DRIVE AWAY,,,"OVER $1,500",DISREGARDING TRAFFIC SIGNALS,2,NO INDICATION OF INJURY,0,0,41.7683929797,-87.6737700561,60636,"CHICAGO MIDWAY AIRPORT, IL US",75.0,62.0,64.0,0.01,10.0,0.0
crash_05902,2018-07-21 23:00:00,2018,7,Jul,Sat,23,Night or early morning,25,NO CONTROLS,CLEAR,"DARKNESS, LIGHTED ROAD",PARKED MOTOR VEHICLE,ONE-WAY,WET,NO INJURY / DRIVE AWAY,,true,$500 OR LESS,UNABLE TO DETERMINE,2,NO INDICATION OF INJURY,0,0,41.9445798966,-87.6547449509,60657,"CHICAGO MIDWAY AIRPORT, IL US",71.0,68.0,90.0,0.0,10.0,11.0
crash_05903,2021-11-29 13:30:00,2021,11,Nov,Mon,13,Daytime,30,UNKNOWN,UNKNOWN,DAYLIGHT,SIDESWIPE SAME DIRECTION,NOT DIVIDED,UNKNOWN,INJURY AND / OR TOW DUE TO CRASH,,,"$501 - $1,500",IMPROPER OVERTAKING/PASSING,2,INCAPACITATING INJURY,1,0,41.8767673738,-87.7550633597,60644,"CHICAGO MIDWAY AIRPORT, IL US",40.0,16.0,38.0,0.0,10.0,13.0
crash_05904,2023-05-19 17:45:00,2023,5,May,Fri,17,Evening commute,30,NO CONTROLS,CLEAR,DAYLIGHT,REAR END,NOT DIVIDED,DRY,NO INJURY / DRIVE AWAY,,,"OVER $1,500",UNABLE TO DETERMINE,2,NO INDICATION OF INJURY,0,0,41.9585298411,-87.6887468192,60618,"CHICAGO OHARE INTERNATIONAL AIRPORT, IL US",66.0,49.0,54.0,0.0,6.0,10.0
crash_05905,2021-10-31 14:45:00,2021,10,Oct,Sun,14,Daytime,30,NO CONTROLS,CLEAR,DAYLIGHT,ANGLE,NOT DIVIDED,DRY,NO INJURY / DRIVE AWAY,,,"OVER $1,500",FAILING TO YIELD RIGHT-OF-WAY,2,NO INDICATION OF INJURY,0,0,41.7658812858,-87.7225871577,60629,"CHICAGO MIDWAY AIRPORT, IL US",52.0,37.0,57.0,0.0,10.0,18.0
crash_05906,2020-12-28 14:15:00,2020,12,Dec,Mon,14,Daytime,30,TRAFFIC SIGNAL,CLEAR,DAYLIGHT,REAR END,NOT DIVIDED,DRY,NO INJURY / DRIVE AWAY,,,"OVER $1,500",UNABLE TO DETERMINE,2,NO INDICATION OF INJURY,0,0,41.7585173358,-87.6840970523,60629,"CHICAGO MIDWAY AIRPORT, IL US",33.0,14.0,45.0,0.0,10.0,9.0
crash_05907,2024-05-01 18:48:00,2024,5,May,Wed,18,Evening commute,25,NO CONTROLS,CLEAR,DAYLIGHT,PEDESTRIAN,ONE-WAY,DRY,INJURY AND / OR TOW DUE TO CRASH,,true,$500 OR LESS,FAILING TO YIELD RIGHT-OF-WAY,2,"REPORTED, NOT EVIDENT",2,0,,,,,,,,,,
crash_05908,2021-07-18 22:00:00,2021,7,Jul,Sun,22,Night or early morning,30,NO CONTROLS,CLEAR,"DARKNESS, LIGHTED ROAD",TURNING,ONE-WAY,DRY,INJURY AND / OR TOW DUE TO CRASH,false,,"OVER $1,500",IMPROPER TURNING/NO SIGNAL,2,"REPORTED, NOT EVIDENT",2,0,41.8963028804,-87.6266949626,60611,"CHICAGO MIDWAY AIRPORT, IL US",72.0,59.0,64.0,0.0,10.0,7.0
crash_05909,2019-07-21 12:00:00,2019,7,Jul,Sun,12,Daytime,25,NO CONTROLS,CLEAR,DAYLIGHT,PARKED MOTOR VEHICLE,NOT DIVIDED,DRY,NO INJURY / DRIVE AWAY,,,"$501 - $1,500",CELL PHONE USE OTHER THAN TEXTING,2,NO INDICATION OF INJURY,0,0,41.997631331,-87.6892700017,60659,"CHICAGO OHARE INTERNATIONAL AIRPORT, IL US",71.0,68.0,90.0,0.02,10.0,10.0
crash_05910,2022-10-09 03:15:00,2022,10,Oct,Sun,3,Night or early morning,30,UNKNOWN,UNKNOWN,UNKNOWN,SIDESWIPE SAME DIRECTION,NOT DIVIDED,UNKNOWN,INJURY AND / OR TOW DUE TO CRASH,,,"OVER $1,500",UNABLE TO DETERMINE,2,NONINCAPACITATING INJURY,1,0,41.8966859183,-87.6357766906,60610,"CHICAGO MIDWAY AIRPORT, IL US",48.0,31.0,52.0,0.0,10.0,11.0
crash_05911,2022-04-26 11:39:00,2022,4,Apr,Tue,11,Daytime,30,NO CONTROLS,CLEAR,DAYLIGHT,PARKED MOTOR VEHICLE,T-INTERSECTION,DRY,NO INJURY / DRIVE AWAY,true,true,"OVER $1,500",UNABLE TO DETERMINE,2,NO INDICATION OF INJURY,0,0,41.763288775,-87.5806743632,60649,"CHICAGO MIDWAY AIRPORT, IL US",44.0,27.0,51.0,0.0,10.0,11.0
crash_05912,2022-11-02 14:55:00,2022,11,Nov,Wed,14,Daytime,30,TRAFFIC SIGNAL,CLEAR,DAYLIGHT,REAR END,NOT DIVIDED,DRY,INJURY AND / OR TOW DUE TO CRASH,,true,"OVER $1,500",FAILING TO YIELD RIGHT-OF-WAY,2,NONINCAPACITATING INJURY,2,0,41.7977943541,-87.6453932148,60609,"CHICAGO MIDWAY AIRPORT, IL US",74.0,49.0,41.0,0.0,10.0,7.0
crash_05913,2019-07-04 22:50:00,2019,7,Jul,Thu,22,Night or early morning,30,TRAFFIC SIGNAL,CLEAR,"DARKNESS, LIGHTED ROAD",PEDESTRIAN,NOT DIVIDED,DRY,INJURY AND / OR TOW DUE TO CRASH,,true,$500 OR LESS,UNABLE TO DETERMINE,2,NONINCAPACITATING INJURY,1,0,41.8806092777,-87.7451576412,60644,"CHICAGO MIDWAY AIRPORT, IL US",80.0,71.0,74.0,0.0,6.0,6.0
crash_05914,2023-01-31 17:24:00,2023,1,Jan,Tue,17,Evening commute,30,STOP SIGN/FLASHER,CLEAR,"DARKNESS, LIGHTED ROAD",ANGLE,FOUR WAY,DRY,INJURY AND / OR TOW DUE TO CRASH,,true,"OVER $1,500",DISREGARDING STOP SIGN,2,NO INDICATION OF INJURY,0,0,41.9081670898,-87.7266137964,60651,"CHICAGO MIDWAY AIRPORT, IL US",10.0,-8.0,43.0,0.0,10.0,7.0