crash_id,crash_datetime,crash_year,crash_month,crash_month_name,crash_weekday_name,crash_hour,time_period,posted_speed_limit_mph,traffic_control_device,reported_weather_condition,reported_lighting_condition,first_crash_type,trafficway_type,reported_road_surface_condition,crash_type,intersection_related,hit_and_run,estimated_damage,primary_contributory_cause,unit_count,most_severe_injury,injuries_total,injuries_fatal,latitude,longitude,zip5,weather_station_name,temperature_f,dew_point_f,relative_humidity_percent,precipitation_inches,visibility_miles,wind_speed_mph
crash_05915,2022-08-05 23:10:00,2022,8,Aug,Fri,23,Night or early morning,30,TRAFFIC SIGNAL,CLEAR,"DARKNESS, LIGHTED ROAD",SIDESWIPE SAME DIRECTION,DIVIDED - W/MEDIAN (NOT RAISED),DRY,NO INJURY / DRIVE AWAY,,true,"$501 - $1,500",UNABLE TO DETERMINE,2,NO INDICATION OF INJURY,0,0,41.9537018671,-87.7328203589,60641,"CHICAGO OHARE INTERNATIONAL AIRPORT, IL US",78.0,73.0,85.0,0.0,7.0,9.0
crash_05916,2025-11-30 22:56:00,2025,11,Nov,Sun,22,Night or early morning,30,NO CONTROLS,UNKNOWN,"DARKNESS, LIGHTED ROAD",PARKED MOTOR VEHICLE,ONE-WAY,UNKNOWN,NO INJURY / DRIVE AWAY,,true,"OVER $1,500",DRIVING SKILLS/KNOWLEDGE/EXPERIENCE,2,NO INDICATION OF INJURY,0,0,41.921402321,-87.7216452551,60647,,,,,,,
crash_05917,2023-08-01 19:00:00,2023,8,Aug,Tue,19,Night or early morning,30,NO CONTROLS,CLEAR,DAYLIGHT,REAR END,DIVIDED - W/MEDIAN BARRIER,DRY,NO INJURY / DRIVE AWAY,,true,"OVER $1,500","OPERATING VEHICLE IN ERRATIC, RECKLESS, CARELESS, NEGLIGENT OR AGGRESSIVE MANNER",2,NO INDICATION OF INJURY,0,0,41.7935901159,-87.6647209959,60636,"CHICAGO MIDWAY AIRPORT, IL US",81.0,61.0,51.0,0.0,10.0,11.0
crash_05918,2022-12-03 19:08:00,2022,12,Dec,Sat,19,Night or early morning,30,TRAFFIC SIGNAL,CLEAR,DARKNESS,REAR END,NOT DIVIDED,UNKNOWN,NO INJURY / DRIVE AWAY,,,"$501 - $1,500",FOLLOWING TOO CLOSELY,2,NO INDICATION OF INJURY,0,0,41.9757465801,-87.7184866285,60625,"CHICAGO OHARE INTERNATIONAL AIRPORT, IL US",26.0,8.0,46.0,0.0,10.0,7.0
crash_05919,2024-04-06 16:59:00,2024,4,Apr,Sat,16,Evening commute,30,NO CONTROLS,CLEAR,DAYLIGHT,SIDESWIPE SAME DIRECTION,DIVIDED - W/MEDIAN BARRIER,DRY,NO INJURY / DRIVE AWAY,,,$500 OR LESS,IMPROPER OVERTAKING/PASSING,2,NO INDICATION OF INJURY,0,0,41.8205700021,-87.7433597642,60638,"CHICAGO MIDWAY AIRPORT, IL US",51.0,24.0,35.0,0.0,10.0,10.0
crash_05920,2019-08-27 07:53:00,2019,8,Aug,Tue,7,Morning commute,30,NO CONTROLS,CLEAR,DAYLIGHT,ANGLE,NOT DIVIDED,DRY,NO INJURY / DRIVE AWAY,,,"OVER $1,500",UNABLE TO DETERMINE,2,NO INDICATION OF INJURY,0,0,41.9923815714,-87.8038533996,60631,"CHICAGO OHARE INTERNATIONAL AIRPORT, IL US",66.0,62.0,87.0,0.0,10.0,7.0
crash_05921,2023-05-23 09:45:00,2023,5,May,Tue,9,Morning commute,35,TRAFFIC SIGNAL,CLEAR,"DARKNESS, LIGHTED ROAD",REAR END,ONE-WAY,DRY,NO INJURY / DRIVE AWAY,true,true,"OVER $1,500",DISTRACTION - FROM INSIDE VEHICLE,2,NO INDICATION OF INJURY,0,0,41.8924974223,-87.6341662254,60654,"CHICAGO MIDWAY AIRPORT, IL US",75.0,47.0,37.0,0.0,10.0,0.0
crash_05922,2022-06-16 13:10:00,2022,6,Jun,Thu,13,Daytime,30,NO CONTROLS,CLEAR,DAYLIGHT,TURNING,NOT DIVIDED,DRY,INJURY AND / OR TOW DUE TO CRASH,,true,"OVER $1,500",IMPROPER TURNING/NO SIGNAL,3,"REPORTED, NOT EVIDENT",3,0,41.7666374582,-87.663982209,60636,"CHICAGO MIDWAY AIRPORT, IL US",94.0,56.0,28.0,0.0,10.0,15.0
crash_05923,2018-04-06 17:15:00,2018,4,Apr,Fri,17,Evening commute,30,NO CONTROLS,CLEAR,DAYLIGHT,PARKED MOTOR VEHICLE,NOT DIVIDED,DRY,NO INJURY / DRIVE AWAY,,,"$501 - $1,500",UNABLE TO DETERMINE,2,NO INDICATION OF INJURY,0,0,41.759878685,-87.5611955086,60649,"CHICAGO MIDWAY AIRPORT, IL US",35.0,13.0,40.0,0.0,10.0,13.0
crash_05924,2020-09-03 16:23:00,2020,9,Sep,Thu,16,Evening commute,30,NO CONTROLS,CLEAR,DAYLIGHT,PARKED MOTOR VEHICLE,NOT DIVIDED,DRY,NO INJURY / DRIVE AWAY,,,"OVER $1,500",IMPROPER LANE USAGE,3,NO INDICATION OF INJURY,0,0,41.7044524336,-87.6816486543,60655,"CHICAGO MIDWAY AIRPORT, IL US",86.0,52.0,31.0,0.0,10.0,24.0
crash_05925,2023-07-30 05:00:00,2023,7,Jul,Sun,5,Night or early morning,30,TRAFFIC SIGNAL,UNKNOWN,UNKNOWN,PARKED MOTOR VEHICLE,FOUR WAY,UNKNOWN,NO INJURY / DRIVE AWAY,,true,"OVER $1,500",UNABLE TO DETERMINE,2,NO INDICATION OF INJURY,0,0,42.0127043706,-87.6745007192,60626,"CHICAGO OHARE INTERNATIONAL AIRPORT, IL US",69.0,60.0,73.0,0.0,10.0,3.0
crash_05926,2025-01-13 10:30:00,2025,1,Jan,Mon,10,Daytime,30,NO CONTROLS,CLEAR,DAYLIGHT,TURNING,DIVIDED - W/MEDIAN (NOT RAISED),DRY,INJURY AND / OR TOW DUE TO CRASH,,,"OVER $1,500","VISION OBSCURED (SIGNS, TREE LIMBS, BUILDINGS, ETC.)",2,NO INDICATION OF INJURY,0,0,41.7866541783,-87.6645391577,60636,"CHICAGO MIDWAY AIRPORT, IL US",15.0,2.0,56.0,0.0,10.0,13.0
crash_05927,2023-12-23 02:16:00,2023,12,Dec,Sat,2,Night or early morning,30,TRAFFIC SIGNAL,CLEAR,"DARKNESS, LIGHTED ROAD",REAR END,NOT DIVIDED,WET,INJURY AND / OR TOW DUE TO CRASH,,true,"OVER $1,500",UNABLE TO DETERMINE,3,"REPORTED, NOT EVIDENT",1,0,41.9249652238,-87.6924009192,60647,"CHICAGO MIDWAY AIRPORT, IL US",45.0,44.0,97.0,,0.75,3.0
crash_05928,2025-10-23 12:03:00,2025,10,Oct,Thu,12,Daytime,30,YIELD,CLEAR,DAYLIGHT,PARKED MOTOR VEHICLE,DIVIDED - W/MEDIAN (NOT RAISED),DRY,NO INJURY / DRIVE AWAY,,,"$501 - $1,500",IMPROPER BACKING,2,NO INDICATION OF INJURY,0,0,41.9285412897,-87.6420763443,60614,,,,,,,
crash_05929,2018-10-18 17:20:00,2018,10,Oct,Thu,17,Evening commute,30,NO CONTROLS,CLEAR,"DARKNESS, LIGHTED ROAD",SIDESWIPE OPPOSITE DIRECTION,PARKING LOT,UNKNOWN,NO INJURY / DRIVE AWAY,,,"$501 - $1,500",UNABLE TO DETERMINE,2,NO INDICATION OF INJURY,0,0,41.9766938822,-87.6600229568,60640,"CHICAGO OHARE INTERNATIONAL AIRPORT, IL US",58.0,26.0,29.0,0.0,10.0,11.0
crash_05930,2019-05-20 15:00:00,2019,5,May,Mon,15,Evening commute,10,NO CONTROLS,UNKNOWN,DAYLIGHT,PARKED MOTOR VEHICLE,ONE-WAY,UNKNOWN,NO INJURY / DRIVE AWAY,,true,"OVER $1,500",UNABLE TO DETERMINE,2,NO INDICATION OF INJURY,0,0,41.7908583845,-87.6707160789,60636,"CHICAGO MIDWAY AIRPORT, IL US",52.0,39.0,61.0,0.0,10.0,9.0
crash_05931,2022-11-11 00:28:00,2022,11,Nov,Fri,0,Night or early morning,25,NO CONTROLS,CLEAR,"DARKNESS, LIGHTED ROAD",SIDESWIPE SAME DIRECTION,NOT DIVIDED,DRY,NO INJURY / DRIVE AWAY,,,"OVER $1,500",UNABLE TO DETERMINE,2,NO INDICATION OF INJURY,0,0,41.8901230051,-87.6316845966,60654,"CHICAGO MIDWAY AIRPORT, IL US",58.0,47.0,67.0,0.0,10.0,7.0
crash_05932,2022-03-17 00:15:00,2022,3,Mar,Thu,0,Night or early morning,30,NO CONTROLS,CLEAR,"DARKNESS, LIGHTED ROAD",PARKED MOTOR VEHICLE,NOT DIVIDED,DRY,INJURY AND / OR TOW DUE TO CRASH,,,"OVER $1,500",NOT APPLICABLE,2,NONINCAPACITATING INJURY,1,0,41.7898301878,-87.6840737568,60629,"CHICAGO MIDWAY AIRPORT, IL US",57.0,42.0,58.0,0.0,10.0,6.0
crash_05933,2019-07-10 12:27:00,2019,7,Jul,Wed,12,Daytime,30,NO CONTROLS,CLEAR,DAYLIGHT,HEAD ON,OTHER,DRY,INJURY AND / OR TOW DUE TO CRASH,,,"OVER $1,500",NOT APPLICABLE,2,NO INDICATION OF INJURY,0,0,41.9544939556,-87.6472443312,60613,"CHICAGO MIDWAY AIRPORT, IL US",93.0,71.0,49.0,0.0,10.0,10.0
crash_05934,2019-06-20 19:27:00,2019,6,Jun,Thu,19,Night or early morning,30,NO CONTROLS,CLEAR,DAYLIGHT,REAR TO FRONT,PARKING LOT,DRY,NO INJURY / DRIVE AWAY,,,"OVER $1,500",IMPROPER BACKING,2,NO INDICATION OF INJURY,0,0,41.7775606866,-87.6643137473,60636,"CHICAGO MIDWAY AIRPORT, IL US",63.0,54.0,73.0,0.0,10.0,10.0
crash_05935,2020-09-03 01:50:00,2020,9,Sep,Thu,1,Night or early morning,30,NO CONTROLS,CLEAR,"DARKNESS, LIGHTED ROAD",FIXED OBJECT,NOT DIVIDED,DRY,INJURY AND / OR TOW DUE TO CRASH,,,"OVER $1,500",DISTRACTION - FROM INSIDE VEHICLE,1,NO INDICATION OF INJURY,0,0,41.7826789546,-87.664445143,60636,"CHICAGO MIDWAY AIRPORT, IL US",70.0,63.0,79.0,0.0,10.0,9.0
crash_05936,2019-01-05 16:30:00,2019,1,Jan,Sat,16,Evening commute,30,NO CONTROLS,CLEAR,DAYLIGHT,REAR END,NOT DIVIDED,UNKNOWN,NO INJURY / DRIVE AWAY,,,"$501 - $1,500",UNABLE TO DETERMINE,2,NO INDICATION OF INJURY,0,0,41.8058300466,-87.6023674073,60615,"CHICAGO MIDWAY AIRPORT, IL US",49.0,37.0,64.0,0.0,10.0,8.0
crash_05937,2022-12-02 01:05:00,2022,12,Dec,Fri,1,Night or early morning,30,TRAFFIC SIGNAL,CLEAR,"DARKNESS, LIGHTED ROAD",REAR END,DIVIDED - W/MEDIAN (NOT RAISED),DRY,INJURY AND / OR TOW DUE TO CRASH,,true,"OVER $1,500",UNABLE TO DETERMINE,2,NO INDICATION OF INJURY,0,0,41.7365384338,-87.6049663647,60619,"CHICAGO MIDWAY AIRPORT, IL US",36.0,19.0,50.0,0.0,10.0,11.0
crash_05938,2020-12-11 16:00:00,2020,12,Dec,Fri,16,Evening commute,30,TRAFFIC SIGNAL,RAIN,"DARKNESS, LIGHTED ROAD",REAR END,NOT DIVIDED,WET,NO INJURY / DRIVE AWAY,,,"$501 - $1,500",DISREGARDING TRAFFIC SIGNALS,2,NO INDICATION OF INJURY,0,0,41.7366337615,-87.6130757851,60619,"CHICAGO MIDWAY AIRPORT, IL US",42.0,38.0,85.0,0.01,6.0,11.0
crash_05939,2019-06-30 11:50:00,2019,6,Jun,Sun,11,Daytime,30,NO CONTROLS,CLEAR,DAYLIGHT,PEDALCYCLIST,NOT DIVIDED,DRY,INJURY AND / OR TOW DUE TO CRASH,,,"OVER $1,500",FAILING TO YIELD RIGHT-OF-WAY,2,NONINCAPACITATING INJURY,1,0,41.9536917616,-87.6543754144,60613,"CHICAGO MIDWAY AIRPORT, IL US",87.0,69.0,55.0,0.0,10.0,9.0
crash_05940,2021-10-08 08:36:00,2021,10,Oct,Fri,8,Morning commute,35,TRAFFIC SIGNAL,CLEAR,DAYLIGHT,REAR END,DIVIDED - W/MEDIAN (NOT RAISED),WET,INJURY AND / OR TOW DUE TO CRASH,true,,"OVER $1,500",UNABLE TO DETERMINE,2,NO INDICATION OF INJURY,0,0,41.9946870986,-87.6556745525,60660,"CHICAGO OHARE INTERNATIONAL AIRPORT, IL US",63.0,63.0,100.0,,4.0,3.0
crash_05941,2024-07-16 23:00:00,2024,7,Jul,Tue,23,Night or early morning,30,STOP SIGN/FLASHER,CLEAR,"DARKNESS, LIGHTED ROAD",REAR END,FOUR WAY,DRY,INJURY AND / OR TOW DUE TO CRASH,,true,"$501 - $1,500",FAILING TO REDUCE SPEED TO AVOID CRASH,2,"REPORTED, NOT EVIDENT",3,0,41.8867977847,-87.7334137989,60624,"CHICAGO MIDWAY AIRPORT, IL US",77.0,66.0,69.0,0.0,10.0,6.0
crash_05942,2022-06-18 05:10:00,2022,6,Jun,Sat,5,Night or early morning,25,STOP SIGN/FLASHER,CLEAR,DAYLIGHT,ANGLE,T-INTERSECTION,DRY,INJURY AND / OR TOW DUE TO CRASH,true,,"OVER $1,500",UNABLE TO DETERMINE,2,NONINCAPACITATING INJURY,1,0,41.8988690186,-87.7285881049,60651,"CHICAGO MIDWAY AIRPORT, IL US",64.0,50.0,60.0,0.0,10.0,9.0
crash_05943,2019-10-14 14:00:00,2019,10,Oct,Mon,14,Daytime,10,NO CONTROLS,CLEAR,DAYLIGHT,PARKED MOTOR VEHICLE,PARKING LOT,DRY,NO INJURY / DRIVE AWAY,,true,"OVER $1,500",UNABLE TO DETERMINE,2,NO INDICATION OF INJURY,0,0,41.722243815,-87.5849691185,60617,"CHICAGO MIDWAY AIRPORT, IL US",52.0,32.0,47.0,0.0,10.0,6.0
crash_05944,2021-12-01 18:20:00,2021,12,Dec,Wed,18,Evening commute,30,NO CONTROLS,CLEAR,DAWN,SIDESWIPE SAME DIRECTION,DIVIDED - W/MEDIAN (NOT RAISED),DRY,INJURY AND / OR TOW DUE TO CRASH,,,"OVER $1,500",FAILING TO YIELD RIGHT-OF-WAY,2,NO INDICATION OF INJURY,0,0,41.9245271723,-87.7658644412,60639,"CHICAGO OHARE INTERNATIONAL AIRPORT, IL US",46.0,42.0,86.0,0.0,9.0,8.0
crash_05945,2019-01-31 13:00:00,2019,1,Jan,Thu,13,Daytime,15,NO CONTROLS,SNOW,DAYLIGHT,FIXED OBJECT,ALLEY,SNOW OR SLUSH,NO INJURY / DRIVE AWAY,,,"OVER $1,500",WEATHER,1,NO INDICATION OF INJURY,0,0,42.0042318261,-87.6609854742,60626,"CHICAGO OHARE INTERNATIONAL AIRPORT, IL US",-7.0,-18.0,58.0,0.0,10.0,11.0
crash_05946,2020-06-02 17:40:00,2020,6,Jun,Tue,17,Evening commute,30,NO CONTROLS,CLEAR,DAYLIGHT,SIDESWIPE SAME DIRECTION,DIVIDED - W/MEDIAN (NOT RAISED),DRY,NO INJURY / DRIVE AWAY,,,"OVER $1,500",IMPROPER OVERTAKING/PASSING,2,NO INDICATION OF INJURY,0,0,41.8916529248,-87.6371928799,60654,"CHICAGO MIDWAY AIRPORT, IL US",93.0,61.0,34.0,0.0,10.0,17.0
crash_05947,2020-02-23 10:12:00,2020,2,Feb,Sun,10,Daytime,30,STOP SIGN/FLASHER,CLEAR,DAYLIGHT,ANGLE,NOT DIVIDED,DRY,NO INJURY / DRIVE AWAY,,,"$501 - $1,500",FAILING TO YIELD RIGHT-OF-WAY,2,NO INDICATION OF INJURY,0,0,41.929073552,-87.7857880542,60707,"CHICAGO OHARE INTERNATIONAL AIRPORT, IL US",44.0,27.0,51.0,0.0,10.0,10.0
crash_05948,2025-05-12 01:34:00,2025,5,May,Mon,1,Night or early morning,30,NO CONTROLS,CLEAR,"DARKNESS, LIGHTED ROAD",TURNING,NOT DIVIDED,DRY,INJURY AND / OR TOW DUE TO CRASH,,,"OVER $1,500",UNABLE TO DETERMINE,2,NO INDICATION OF INJURY,0,0,42.0114428424,-87.6826253414,60645,"CHICAGO OHARE INTERNATIONAL AIRPORT, IL US",51.0,40.0,66.0,0.0,10.0,5.0
crash_05949,2018-06-28 10:30:00,2018,6,Jun,Thu,10,Daytime,30,NO CONTROLS,CLEAR,DAYLIGHT,PARKED MOTOR VEHICLE,NOT DIVIDED,DRY,NO INJURY / DRIVE AWAY,,true,"$501 - $1,500",EXCEEDING AUTHORIZED SPEED LIMIT,2,NO INDICATION OF INJURY,0,0,41.9495809331,-87.7534757016,60641,"CHICAGO OHARE INTERNATIONAL AIRPORT, IL US",81.0,65.0,58.0,0.0,10.0,0.0
crash_05950,2023-06-29 08:00:00,2023,6,Jun,Thu,8,Morning commute,30,NO CONTROLS,CLEAR,DAYLIGHT,PARKED MOTOR VEHICLE,DIVIDED - W/MEDIAN (NOT RAISED),DRY,NO INJURY / DRIVE AWAY,,,"$501 - $1,500",UNABLE TO DETERMINE,2,NO INDICATION OF INJURY,0,0,41.9479473244,-87.6884404339,60618,"CHICAGO MIDWAY AIRPORT, IL US",77.0,63.0,62.0,0.0,2.0,9.0
crash_05951,2018-03-18 07:35:00,2018,3,Mar,Sun,7,Morning commute,0,NO CONTROLS,CLEAR,DAYLIGHT,PARKED MOTOR VEHICLE,DIVIDED - W/MEDIAN (NOT RAISED),DRY,INJURY AND / OR TOW DUE TO CRASH,,,"OVER $1,500","DISTRACTION - OTHER ELECTRONIC DEVICE (NAVIGATION DEVICE, DVD PLAYER, ETC.)",3,NO INDICATION OF INJURY,0,0,41.9377480435,-87.7214045188,60618,"CHICAGO MIDWAY AIRPORT, IL US",31.0,26.0,82.0,0.0,10.0,0.0
crash_05952,2019-11-16 14:10:00,2019,11,Nov,Sat,14,Daytime,30,STOP SIGN/FLASHER,CLEAR,DAYLIGHT,ANGLE,FOUR WAY,UNKNOWN,NO INJURY / DRIVE AWAY,true,,"OVER $1,500",FAILING TO YIELD RIGHT-OF-WAY,2,NO INDICATION OF INJURY,0,0,41.8344511936,-87.6353769402,60616,"CHICAGO MIDWAY AIRPORT, IL US",42.0,27.0,55.0,0.0,10.0,9.0
crash_05953,2021-02-20 18:30:00,2021,2,Feb,Sat,18,Evening commute,30,NO CONTROLS,CLEAR,DARKNESS,SIDESWIPE SAME DIRECTION,NOT DIVIDED,UNKNOWN,NO INJURY / DRIVE AWAY,,,"OVER $1,500",IMPROPER OVERTAKING/PASSING,2,NO INDICATION OF INJURY,0,0,41.8800636784,-87.6474565616,60607,"CHICAGO MIDWAY AIRPORT, IL US",26.0,13.0,57.0,0.0,10.0,7.0
crash_05954,2024-06-14 22:16:00,2024,6,Jun,Fri,22,Night or early morning,25,TRAFFIC SIGNAL,CLEAR,"DARKNESS, LIGHTED ROAD",PEDESTRIAN,FOUR WAY,DRY,INJURY AND / OR TOW DUE TO CRASH,,true,"OVER $1,500",FAILING TO YIELD RIGHT-OF-WAY,2,INCAPACITATING INJURY,1,0,41.7799026134,-87.6302938056,60621,"CHICAGO MIDWAY AIRPORT, IL US",67.0,47.0,49.0,0.0,10.0,11.0
crash_05955,2022-08-31 23:00:00,2022,8,Aug,Wed,23,Night or early morning,30,NO CONTROLS,CLEAR,"DARKNESS, LIGHTED ROAD",SIDESWIPE SAME DIRECTION,NOT DIVIDED,DRY,INJURY AND / OR TOW DUE TO CRASH,,true,"OVER $1,500",UNABLE TO DETERMINE,2,NO INDICATION OF INJURY,0,0,41.850031719,-87.6955434727,60623,"CHICAGO MIDWAY AIRPORT, IL US",76.0,63.0,64.0,,10.0,8.0
crash_05956,2024-02-03 07:10:00,2024,2,Feb,Sat,7,Morning commute,10,POLICE/FLAGMAN,UNKNOWN,UNKNOWN,REAR TO REAR,OTHER,UNKNOWN,NO INJURY / DRIVE AWAY,,,"$501 - $1,500",UNABLE TO DETERMINE,2,NO INDICATION OF INJURY,0,0,41.7893293233,-87.7416456442,60638,"CHICAGO MIDWAY AIRPORT, IL US",31.0,27.0,85.0,0.0,10.0,5.0
crash_05957,2024-07-17 12:30:00,2024,7,Jul,Wed,12,Daytime,30,NO CONTROLS,CLEAR,DAYLIGHT,TURNING,FOUR WAY,DRY,NO INJURY / DRIVE AWAY,true,,$500 OR LESS,FAILING TO YIELD RIGHT-OF-WAY,2,NO INDICATION OF INJURY,0,0,41.8354568663,-87.6658340173,60608,"CHICAGO MIDWAY AIRPORT, IL US",83.0,56.0,40.0,0.0,10.0,14.0
crash_05958,2019-07-10 09:30:00,2019,7,Jul,Wed,9,Morning commute,30,NO CONTROLS,CLEAR,DAYLIGHT,TURNING,NOT DIVIDED,DRY,NO INJURY / DRIVE AWAY,,,"OVER $1,500",UNABLE TO DETERMINE,2,NO INDICATION OF INJURY,0,0,41.8732625766,-87.6756209541,60612,"CHICAGO MIDWAY AIRPORT, IL US",86.0,75.0,70.0,0.0,10.0,8.0
crash_05959,2023-05-29 03:32:00,2023,5,May,Mon,3,Night or early morning,30,NO CONTROLS,CLEAR,"DARKNESS, LIGHTED ROAD",FIXED OBJECT,PARKING LOT,DRY,NO INJURY / DRIVE AWAY,,true,"OVER $1,500",FAILING TO REDUCE SPEED TO AVOID CRASH,1,NO INDICATION OF INJURY,0,0,41.8950539854,-87.7456617615,60651,"CHICAGO MIDWAY AIRPORT, IL US",59.0,43.0,56.0,0.0,10.0,5.0
crash_05960,2023-02-23 12:00:00,2023,2,Feb,Thu,12,Daytime,30,NO CONTROLS,CLEAR,DAYLIGHT,PARKED MOTOR VEHICLE,NOT DIVIDED,DRY,INJURY AND / OR TOW DUE TO CRASH,,false,"OVER $1,500",DRIVING SKILLS/KNOWLEDGE/EXPERIENCE,2,NONINCAPACITATING INJURY,1,0,41.7388491337,-87.5851309511,60617,"CHICAGO MIDWAY AIRPORT, IL US",37.0,31.0,79.0,0.0,10.0,25.0
crash_05961,2020-09-14 15:00:00,2020,9,Sep,Mon,15,Evening commute,30,STOP SIGN/FLASHER,CLEAR,DAYLIGHT,SIDESWIPE SAME DIRECTION,ONE-WAY,DRY,NO INJURY / DRIVE AWAY,,,"$501 - $1,500",IMPROPER OVERTAKING/PASSING,2,NO INDICATION OF INJURY,0,0,41.719935971,-87.6166608115,60628,"CHICAGO MIDWAY AIRPORT, IL US",74.0,56.0,54.0,0.0,10.0,5.0
crash_05962,2024-08-03 16:15:00,2024,8,Aug,Sat,16,Evening commute,30,TRAFFIC SIGNAL,CLEAR,DAYLIGHT,REAR END,DIVIDED - W/MEDIAN (NOT RAISED),DRY,NO INJURY / DRIVE AWAY,,,"$501 - $1,500",UNABLE TO DETERMINE,2,NO INDICATION OF INJURY,0,0,41.938714441,-87.7469943681,60641,"CHICAGO OHARE INTERNATIONAL AIRPORT, IL US",88.0,68.0,52.0,0.0,10.0,9.0
crash_05963,2021-10-02 09:00:00,2021,10,Oct,Sat,9,Morning commute,30,NO CONTROLS,CLEAR,UNKNOWN,PARKED MOTOR VEHICLE,NOT DIVIDED,DRY,NO INJURY / DRIVE AWAY,,true,"OVER $1,500",UNABLE TO DETERMINE,2,NO INDICATION OF INJURY,0,0,41.9472280275,-87.7592712029,60641,"CHICAGO OHARE INTERNATIONAL AIRPORT, IL US",69.0,63.0,81.0,0.0,10.0,7.0
crash_05964,2024-12-04 06:40:00,2024,12,Dec,Wed,6,Morning commute,20,STOP SIGN/FLASHER,CLEAR,DAYLIGHT,PARKED MOTOR VEHICLE,ONE-WAY,DRY,NO INJURY / DRIVE AWAY,true,,"OVER $1,500",IMPROPER TURNING/NO SIGNAL,2,NO INDICATION OF INJURY,0,0,41.8349081855,-87.6485587557,60608,"CHICAGO MIDWAY AIRPORT, IL US",28.0,20.0,72.0,,10.0,16.0
crash_05965,2021-08-01 21:42:00,2021,8,Aug,Sun,21,Night or early morning,30,STOP SIGN/FLASHER,CLEAR,DARKNESS,PEDALCYCLIST,T-INTERSECTION,DRY,INJURY AND / OR TOW DUE TO CRASH,true,true,$500 OR LESS,FAILING TO YIELD RIGHT-OF-WAY,2,NONINCAPACITATING INJURY,1,0,41.8644611604,-87.6871858198,60608,"CHICAGO MIDWAY AIRPORT, IL US",68.0,55.0,63.0,0.0,10.0,10.0
crash_05966,2023-07-23 15:30:00,2023,7,Jul,Sun,15,Evening commute,10,NO CONTROLS,CLEAR,DAYLIGHT,REAR TO SIDE,PARKING LOT,DRY,NO INJURY / DRIVE AWAY,,,"OVER $1,500",DRIVING SKILLS/KNOWLEDGE/EXPERIENCE,2,NO INDICATION OF INJURY,0,0,41.7357448514,-87.6587177057,60620,"CHICAGO MIDWAY AIRPORT, IL US",84.0,58.0,41.0,0.0,10.0,13.0
crash_05967,2023-11-07 12:30:00,2023,11,Nov,Tue,12,Daytime,25,NO CONTROLS,CLEAR,DAYLIGHT,PARKED MOTOR VEHICLE,PARKING LOT,DRY,NO INJURY / DRIVE AWAY,,,"$501 - $1,500",IMPROPER BACKING,2,NO INDICATION OF INJURY,0,0,41.6781204127,-87.6626390272,60643,"CHICAGO MIDWAY AIRPORT, IL US",52.0,40.0,64.0,0.0,10.0,10.0
crash_05968,2025-04-12 12:53:00,2025,4,Apr,Sat,12,Daytime,30,STOP SIGN/FLASHER,CLEAR,DAYLIGHT,REAR END,DIVIDED - W/MEDIAN BARRIER,UNKNOWN,NO INJURY / DRIVE AWAY,true,,"$501 - $1,500",FAILING TO REDUCE SPEED TO AVOID CRASH,2,NO INDICATION OF INJURY,0,0,41.8657146878,-87.6226579441,60605,"CHICAGO MIDWAY AIRPORT, IL US",59.0,28.0,31.0,0.0,10.0,6.0
crash_05969,2019-06-14 20:16:00,2019,6,Jun,Fri,20,Night or early morning,25,NO CONTROLS,CLEAR,DUSK,REAR TO FRONT,NOT DIVIDED,DRY,NO INJURY / DRIVE AWAY,,,"OVER $1,500",IMPROPER BACKING,2,NO INDICATION OF INJURY,0,0,41.9610095678,-87.7325822455,60630,"CHICAGO OHARE INTERNATIONAL AIRPORT, IL US",73.0,45.0,37.0,0.0,10.0,16.0
crash_05970,2019-04-22 07:45:00,2019,4,Apr,Mon,7,Morning commute,35,NO CONTROLS,CLEAR,DAYLIGHT,ANGLE,NOT DIVIDED,DRY,INJURY AND / OR TOW DUE TO CRASH,,,"OVER $1,500",UNABLE TO DETERMINE,2,NO INDICATION OF INJURY,0,0,41.9434047137,-87.6710946222,60657,"CHICAGO MIDWAY AIRPORT, IL US",62.0,40.0,44.0,0.0,10.0,11.0
crash_05971,2025-09-20 20:30:00,2025,9,Sep,Sat,20,Night or early morning,30,NO CONTROLS,RAIN,"DARKNESS, LIGHTED ROAD",PARKED MOTOR VEHICLE,ONE-WAY,WET,NO INJURY / DRIVE AWAY,,true,"$501 - $1,500",FAILING TO YIELD RIGHT-OF-WAY,2,NO INDICATION OF INJURY,0,0,41.7767878853,-87.6469936307,60621,,,,,,,
crash_05972,2022-09-19 15:45:00,2022,9,Sep,Mon,15,Evening commute,30,UNKNOWN,CLEAR,DAYLIGHT,ANGLE,ONE-WAY,UNKNOWN,NO INJURY / DRIVE AWAY,,,"$501 - $1,500",UNABLE TO DETERMINE,2,NO INDICATION OF INJURY,0,0,41.9898228809,-87.668444982,60660,"CHICAGO OHARE INTERNATIONAL AIRPORT, IL US",78.0,55.0,45.0,0.0,10.0,5.0
crash_05973,2024-11-10 21:45:00,2024,11,Nov,Sun,21,Night or early morning,30,TRAFFIC SIGNAL,CLEAR,"DARKNESS, LIGHTED ROAD",TURNING,FOUR WAY,DRY,NO INJURY / DRIVE AWAY,true,,"$501 - $1,500",IMPROPER TURNING/NO SIGNAL,2,NO INDICATION OF INJURY,0,0,41.8926025135,-87.6268232664,60611,"CHICAGO MIDWAY AIRPORT, IL US",53.0,44.0,72.0,0.0,10.0,13.0