crash_id,crash_datetime,crash_year,crash_month,crash_month_name,crash_weekday_name,crash_hour,time_period,posted_speed_limit_mph,traffic_control_device,reported_weather_condition,reported_lighting_condition,first_crash_type,trafficway_type,reported_road_surface_condition,crash_type,intersection_related,hit_and_run,estimated_damage,primary_contributory_cause,unit_count,most_severe_injury,injuries_total,injuries_fatal,latitude,longitude,zip5,weather_station_name,temperature_f,dew_point_f,relative_humidity_percent,precipitation_inches,visibility_miles,wind_speed_mph
crash_05974,2019-05-15 18:55:00,2019,5,May,Wed,18,Evening commute,20,NO CONTROLS,CLEAR,DAYLIGHT,PARKED MOTOR VEHICLE,PARKING LOT,DRY,NO INJURY / DRIVE AWAY,,,"$501 - $1,500",UNABLE TO DETERMINE,2,NO INDICATION OF INJURY,0,0,41.9020237838,-87.7663347729,60651,"CHICAGO MIDWAY AIRPORT, IL US",73.0,50.0,44.0,0.0,10.0,6.0
crash_05975,2025-12-20 14:00:00,2025,12,Dec,Sat,14,Daytime,30,NO CONTROLS,CLEAR,UNKNOWN,PARKED MOTOR VEHICLE,ONE-WAY,DRY,NO INJURY / DRIVE AWAY,,true,"OVER $1,500",DRIVING SKILLS/KNOWLEDGE/EXPERIENCE,2,NO INDICATION OF INJURY,0,0,41.7721991052,-87.5741611551,60649,,,,,,,
crash_05976,2023-07-22 08:45:00,2023,7,Jul,Sat,8,Morning commute,30,NO CONTROLS,RAIN,DARKNESS,REAR END,FOUR WAY,WET,INJURY AND / OR TOW DUE TO CRASH,true,true,"OVER $1,500",FAILING TO REDUCE SPEED TO AVOID CRASH,2,INCAPACITATING INJURY,1,0,41.6519286432,-87.6171512005,60827,"CHICAGO MIDWAY AIRPORT, IL US",75.0,59.0,58.0,0.0,10.0,7.0
crash_05977,2022-06-22 10:00:00,2022,6,Jun,Wed,10,Daytime,30,NO CONTROLS,CLEAR,DAYLIGHT,SIDESWIPE SAME DIRECTION,DIVIDED - W/MEDIAN (NOT RAISED),DRY,NO INJURY / DRIVE AWAY,,,"$501 - $1,500",IMPROPER OVERTAKING/PASSING,2,NO INDICATION OF INJURY,0,0,41.7216736436,-87.6205060962,60628,"CHICAGO MIDWAY AIRPORT, IL US",82.0,55.0,40.0,0.0,10.0,7.0
crash_05978,2021-10-18 10:00:00,2021,10,Oct,Mon,10,Daytime,25,STOP SIGN/FLASHER,CLEAR,DAYLIGHT,TURNING,DIVIDED - W/MEDIAN (NOT RAISED),DRY,INJURY AND / OR TOW DUE TO CRASH,,,"OVER $1,500",IMPROPER TURNING/NO SIGNAL,2,NO INDICATION OF INJURY,0,0,41.9332273446,-87.6338854771,60614,"CHICAGO MIDWAY AIRPORT, IL US",59.0,40.0,49.0,0.0,10.0,3.0
crash_05979,2024-02-13 16:30:00,2024,2,Feb,Tue,16,Evening commute,30,NO CONTROLS,CLEAR,DAYLIGHT,PARKED MOTOR VEHICLE,NOT DIVIDED,DRY,NO INJURY / DRIVE AWAY,,true,"$501 - $1,500",NOT APPLICABLE,2,NO INDICATION OF INJURY,0,0,41.855431999,-87.6237282156,60616,"CHICAGO MIDWAY AIRPORT, IL US",38.0,17.0,43.0,0.0,10.0,10.0
crash_05980,2020-01-29 07:45:00,2020,1,Jan,Wed,7,Morning commute,30,NO CONTROLS,CLOUDY/OVERCAST,DAYLIGHT,SIDESWIPE SAME DIRECTION,DIVIDED - W/MEDIAN (NOT RAISED),DRY,NO INJURY / DRIVE AWAY,,,"OVER $1,500",IMPROPER OVERTAKING/PASSING,2,NO INDICATION OF INJURY,0,0,41.9591463526,-87.7279228689,60641,"CHICAGO OHARE INTERNATIONAL AIRPORT, IL US",31.0,23.0,72.0,0.0,10.0,8.0
crash_05981,2019-06-01 14:00:00,2019,6,Jun,Sat,14,Daytime,30,TRAFFIC SIGNAL,CLOUDY/OVERCAST,DAYLIGHT,REAR END,NOT DIVIDED,DRY,NO INJURY / DRIVE AWAY,true,,"$501 - $1,500",FOLLOWING TOO CLOSELY,2,NO INDICATION OF INJURY,0,0,41.7358152523,-87.6388909174,60620,"CHICAGO MIDWAY AIRPORT, IL US",71.0,59.0,66.0,0.0,10.0,7.0
crash_05982,2025-10-19 10:00:00,2025,10,Oct,Sun,10,Daytime,30,UNKNOWN,RAIN,UNKNOWN,SIDESWIPE SAME DIRECTION,ONE-WAY,WET,NO INJURY / DRIVE AWAY,,,"OVER $1,500",IMPROPER OVERTAKING/PASSING,2,NO INDICATION OF INJURY,0,0,41.8911163596,-87.6200659574,60611,,,,,,,
crash_05983,2020-02-07 11:00:00,2020,2,Feb,Fri,11,Daytime,30,NO CONTROLS,CLEAR,DAYLIGHT,PARKED MOTOR VEHICLE,ONE-WAY,DRY,NO INJURY / DRIVE AWAY,,true,"$501 - $1,500",NOT APPLICABLE,2,NO INDICATION OF INJURY,0,0,41.7970209974,-87.7063491074,60632,"CHICAGO MIDWAY AIRPORT, IL US",34.0,14.0,44.0,0.0,10.0,6.0
crash_05984,2022-05-20 15:15:00,2022,5,May,Fri,15,Evening commute,15,NO CONTROLS,CLEAR,DAYLIGHT,PEDESTRIAN,PARKING LOT,DRY,INJURY AND / OR TOW DUE TO CRASH,,true,$500 OR LESS,"OPERATING VEHICLE IN ERRATIC, RECKLESS, CARELESS, NEGLIGENT OR AGGRESSIVE MANNER",3,NONINCAPACITATING INJURY,1,0,42.0184354483,-87.6903328274,60645,"CHICAGO OHARE INTERNATIONAL AIRPORT, IL US",82.0,66.0,58.0,0.0,10.0,17.0
crash_05985,2022-04-17 02:15:00,2022,4,Apr,Sun,2,Night or early morning,15,STOP SIGN/FLASHER,CLEAR,"DARKNESS, LIGHTED ROAD",TURNING,PARKING LOT,DRY,INJURY AND / OR TOW DUE TO CRASH,,,"OVER $1,500",FAILING TO YIELD RIGHT-OF-WAY,2,NO INDICATION OF INJURY,0,0,41.7538935443,-87.7397907916,60652,"CHICAGO MIDWAY AIRPORT, IL US",34.0,25.0,70.0,0.0,10.0,0.0
crash_05986,2024-10-04 15:45:00,2024,10,Oct,Fri,15,Evening commute,30,NO CONTROLS,CLEAR,DUSK,SIDESWIPE SAME DIRECTION,NOT DIVIDED,DRY,NO INJURY / DRIVE AWAY,true,,"$501 - $1,500",IMPROPER LANE USAGE,2,NO INDICATION OF INJURY,0,0,41.781801653,-87.5960874354,60637,"CHICAGO MIDWAY AIRPORT, IL US",70.0,51.0,51.0,0.0,10.0,15.0
crash_05987,2022-02-26 09:10:00,2022,2,Feb,Sat,9,Morning commute,30,STOP SIGN/FLASHER,CLEAR,DAYLIGHT,REAR END,DIVIDED - W/MEDIAN (NOT RAISED),WET,INJURY AND / OR TOW DUE TO CRASH,,,"OVER $1,500",DRIVING SKILLS/KNOWLEDGE/EXPERIENCE,2,NO INDICATION OF INJURY,0,0,41.9190371922,-87.7267631397,60639,"CHICAGO MIDWAY AIRPORT, IL US",20.0,10.0,65.0,0.0,10.0,11.0
crash_05988,2022-04-22 08:44:00,2022,4,Apr,Fri,8,Morning commute,30,TRAFFIC SIGNAL,CLEAR,DAYLIGHT,TURNING,DIVIDED - W/MEDIAN (NOT RAISED),WET,NO INJURY / DRIVE AWAY,true,true,"$501 - $1,500",IMPROPER TURNING/NO SIGNAL,2,NO INDICATION OF INJURY,0,0,41.953071563,-87.7671352904,60634,"CHICAGO OHARE INTERNATIONAL AIRPORT, IL US",50.0,41.0,71.0,0.0,10.0,9.0
crash_05989,2022-07-29 00:56:00,2022,7,Jul,Fri,0,Night or early morning,30,NO CONTROLS,CLEAR,"DARKNESS, LIGHTED ROAD",PARKED MOTOR VEHICLE,DIVIDED - W/MEDIAN BARRIER,DRY,INJURY AND / OR TOW DUE TO CRASH,,,"OVER $1,500",UNABLE TO DETERMINE,2,NONINCAPACITATING INJURY,1,0,41.9536307192,-87.7213377018,60618,"CHICAGO OHARE INTERNATIONAL AIRPORT, IL US",68.0,56.0,65.0,0.0,10.0,6.0
crash_05990,2025-01-03 14:10:00,2025,1,Jan,Fri,14,Daytime,30,NO CONTROLS,CLEAR,DAYLIGHT,REAR END,NOT DIVIDED,DRY,NO INJURY / DRIVE AWAY,,,"OVER $1,500",FOLLOWING TOO CLOSELY,2,NO INDICATION OF INJURY,0,0,41.7712452227,-87.7416662578,60629,"CHICAGO MIDWAY AIRPORT, IL US",25.0,9.0,50.0,0.0,10.0,15.0
crash_05991,2018-08-21 07:55:00,2018,8,Aug,Tue,7,Morning commute,35,TRAFFIC SIGNAL,CLEAR,DAYLIGHT,REAR END,NOT DIVIDED,DRY,NO INJURY / DRIVE AWAY,true,,"OVER $1,500",FAILING TO REDUCE SPEED TO AVOID CRASH,2,NO INDICATION OF INJURY,0,0,41.9972314882,-87.7668182559,60646,"CHICAGO OHARE INTERNATIONAL AIRPORT, IL US",70.0,68.0,93.0,0.0,4.0,6.0
crash_05992,2024-09-17 06:14:00,2024,9,Sep,Tue,6,Morning commute,30,TRAFFIC SIGNAL,CLEAR,DAWN,ANGLE,DIVIDED - W/MEDIAN (NOT RAISED),DRY,NO INJURY / DRIVE AWAY,true,false,"OVER $1,500",UNABLE TO DETERMINE,2,NO INDICATION OF INJURY,0,0,41.9537938065,-87.7277681189,60641,"CHICAGO OHARE INTERNATIONAL AIRPORT, IL US",63.0,55.0,75.0,0.0,10.0,0.0
crash_05993,2019-11-10 14:00:00,2019,11,Nov,Sun,14,Daytime,30,NO CONTROLS,CLOUDY/OVERCAST,DAYLIGHT,PARKED MOTOR VEHICLE,NOT DIVIDED,UNKNOWN,NO INJURY / DRIVE AWAY,,true,"$501 - $1,500",UNABLE TO DETERMINE,2,NO INDICATION OF INJURY,0,0,41.9506670901,-87.6752863283,60613,"CHICAGO MIDWAY AIRPORT, IL US",42.0,34.0,73.0,0.0,10.0,9.0
crash_05994,2019-06-16 21:25:00,2019,6,Jun,Sun,21,Night or early morning,30,TRAFFIC SIGNAL,CLEAR,"DARKNESS, LIGHTED ROAD",TURNING,NOT DIVIDED,DRY,INJURY AND / OR TOW DUE TO CRASH,true,true,"OVER $1,500",FAILING TO YIELD RIGHT-OF-WAY,2,NO INDICATION OF INJURY,0,0,41.8083895872,-87.6942693207,60632,"CHICAGO MIDWAY AIRPORT, IL US",57.0,53.0,87.0,0.0,10.0,7.0
crash_05995,2022-07-03 00:01:00,2022,7,Jul,Sun,0,Night or early morning,25,NO CONTROLS,UNKNOWN,UNKNOWN,PARKED MOTOR VEHICLE,UNKNOWN,UNKNOWN,NO INJURY / DRIVE AWAY,,,"OVER $1,500",UNABLE TO DETERMINE,2,NO INDICATION OF INJURY,0,0,41.9973926277,-87.6683410703,60660,"CHICAGO OHARE INTERNATIONAL AIRPORT, IL US",75.0,49.0,40.0,0.0,10.0,7.0
crash_05996,2021-03-15 21:20:00,2021,3,Mar,Mon,21,Night or early morning,30,NO CONTROLS,SNOW,"DARKNESS, LIGHTED ROAD",SIDESWIPE SAME DIRECTION,DIVIDED - W/MEDIAN (NOT RAISED),WET,NO INJURY / DRIVE AWAY,,false,"OVER $1,500",FAILING TO YIELD RIGHT-OF-WAY,2,NO INDICATION OF INJURY,0,0,41.9241860612,-87.742116995,60639,"CHICAGO MIDWAY AIRPORT, IL US",33.0,29.0,85.0,0.0,2.0,10.0
crash_05997,2018-09-29 01:20:00,2018,9,Sep,Sat,1,Night or early morning,20,NO CONTROLS,OTHER,DARKNESS,HEAD ON,ONE-WAY,WET,NO INJURY / DRIVE AWAY,,true,"OVER $1,500",WEATHER,2,NO INDICATION OF INJURY,0,0,41.9389066022,-87.7492192513,60641,"CHICAGO OHARE INTERNATIONAL AIRPORT, IL US",46.0,41.0,83.0,0.0,10.0,6.0
crash_05998,2023-05-27 15:40:00,2023,5,May,Sat,15,Evening commute,15,TRAFFIC SIGNAL,CLEAR,DAYLIGHT,TURNING,FOUR WAY,DRY,NO INJURY / DRIVE AWAY,true,,"$501 - $1,500",UNABLE TO DETERMINE,2,NO INDICATION OF INJURY,0,0,41.7915802043,-87.5855642152,60637,"CHICAGO MIDWAY AIRPORT, IL US",72.0,35.0,26.0,0.0,10.0,13.0
crash_05999,2022-01-07 22:24:00,2022,1,Jan,Fri,22,Night or early morning,30,NO CONTROLS,CLEAR,"DARKNESS, LIGHTED ROAD",PARKED MOTOR VEHICLE,NOT DIVIDED,DRY,NO INJURY / DRIVE AWAY,,true,"OVER $1,500",UNABLE TO DETERMINE,3,NO INDICATION OF INJURY,0,0,41.8468529653,-87.7270987075,60623,"CHICAGO MIDWAY AIRPORT, IL US",14.0,4.0,64.0,0.0,10.0,7.0
crash_06000,2018-05-16 08:31:00,2018,5,May,Wed,8,Morning commute,35,NO CONTROLS,CLEAR,DAYLIGHT,REAR END,NOT DIVIDED,DRY,NO INJURY / DRIVE AWAY,,,"OVER $1,500",IMPROPER BACKING,2,NO INDICATION OF INJURY,0,0,41.9156303637,-87.6896840789,60647,"CHICAGO MIDWAY AIRPORT, IL US",66.0,51.0,59.0,0.0,10.0,6.0
crash_06001,2023-03-25 15:30:00,2023,3,Mar,Sat,15,Evening commute,30,TRAFFIC SIGNAL,UNKNOWN,DAYLIGHT,REAR END,NOT DIVIDED,DRY,NO INJURY / DRIVE AWAY,,,"OVER $1,500",UNABLE TO DETERMINE,2,NO INDICATION OF INJURY,0,0,41.9848385962,-87.6622841157,60660,"CHICAGO OHARE INTERNATIONAL AIRPORT, IL US",40.0,30.0,68.0,,10.0,13.0
crash_06002,2024-10-30 20:30:00,2024,10,Oct,Wed,20,Night or early morning,30,TRAFFIC SIGNAL,CLEAR,"DARKNESS, LIGHTED ROAD",ANGLE,FOUR WAY,UNKNOWN,NO INJURY / DRIVE AWAY,true,,"$501 - $1,500",UNABLE TO DETERMINE,2,NO INDICATION OF INJURY,0,0,41.9392533447,-87.702785233,60618,"CHICAGO MIDWAY AIRPORT, IL US",74.0,54.0,50.0,0.0,10.0,15.0
crash_06003,2025-04-17 08:02:00,2025,4,Apr,Thu,8,Morning commute,35,UNKNOWN,CLOUDY/OVERCAST,DAYLIGHT,REAR TO FRONT,ONE-WAY,DRY,NO INJURY / DRIVE AWAY,,true,"OVER $1,500",UNABLE TO DETERMINE,2,NO INDICATION OF INJURY,0,0,41.9494804543,-87.7368278966,60641,"CHICAGO OHARE INTERNATIONAL AIRPORT, IL US",49.0,30.0,48.0,0.0,10.0,15.0
crash_06004,2018-06-11 18:35:00,2018,6,Jun,Mon,18,Evening commute,25,NO CONTROLS,CLEAR,DAYLIGHT,TURNING,NOT DIVIDED,DRY,NO INJURY / DRIVE AWAY,,,"OVER $1,500",UNABLE TO DETERMINE,2,NO INDICATION OF INJURY,0,0,41.9537070415,-87.688605087,60618,"CHICAGO MIDWAY AIRPORT, IL US",68.0,65.0,90.0,0.0,6.0,11.0
crash_06005,2019-08-23 15:20:00,2019,8,Aug,Fri,15,Evening commute,30,TRAFFIC SIGNAL,CLEAR,DAYLIGHT,REAR END,NOT DIVIDED,DRY,NO INJURY / DRIVE AWAY,true,,$500 OR LESS,UNABLE TO DETERMINE,2,NO INDICATION OF INJURY,0,0,41.8372820366,-87.6948787589,60608,"CHICAGO MIDWAY AIRPORT, IL US",74.0,53.0,48.0,0.0,10.0,11.0
crash_06006,2025-02-23 04:00:00,2025,2,Feb,Sun,4,Night or early morning,30,UNKNOWN,UNKNOWN,UNKNOWN,REAR END,DIVIDED - W/MEDIAN BARRIER,UNKNOWN,NO INJURY / DRIVE AWAY,,true,"OVER $1,500",FOLLOWING TOO CLOSELY,2,NO INDICATION OF INJURY,0,0,41.900943696,-87.6197079423,60611,"CHICAGO MIDWAY AIRPORT, IL US",26.0,17.0,69.0,0.0,10.0,5.0
crash_06007,2020-01-09 18:33:00,2020,1,Jan,Thu,18,Evening commute,30,TRAFFIC SIGNAL,CLEAR,"DARKNESS, LIGHTED ROAD",REAR END,DIVIDED - W/MEDIAN BARRIER,DRY,INJURY AND / OR TOW DUE TO CRASH,,true,"$501 - $1,500",FOLLOWING TOO CLOSELY,2,NONINCAPACITATING INJURY,1,0,41.9842341972,-87.8364339921,60631,"CHICAGO OHARE INTERNATIONAL AIRPORT, IL US",50.0,42.0,74.0,0.0,10.0,20.0
crash_06008,2020-01-23 09:00:00,2020,1,Jan,Thu,9,Morning commute,30,TRAFFIC SIGNAL,SNOW,DAYLIGHT,SIDESWIPE SAME DIRECTION,ONE-WAY,WET,NO INJURY / DRIVE AWAY,,,$500 OR LESS,IMPROPER OVERTAKING/PASSING,2,NO INDICATION OF INJURY,0,0,41.8907534487,-87.628192919,60654,"CHICAGO MIDWAY AIRPORT, IL US",32.0,29.0,88.0,0.01,1.5,9.0
crash_06009,2025-08-19 02:16:00,2025,8,Aug,Tue,2,Night or early morning,30,TRAFFIC SIGNAL,RAIN,"DARKNESS, LIGHTED ROAD",REAR TO SIDE,FOUR WAY,WET,INJURY AND / OR TOW DUE TO CRASH,,true,"OVER $1,500",DISREGARDING TRAFFIC SIGNALS,2,NO INDICATION OF INJURY,0,0,41.8698037263,-87.7352418376,60624,"CHICAGO MIDWAY AIRPORT, IL US",74.0,70.0,88.0,,10.0,6.0
crash_06010,2022-07-27 07:09:00,2022,7,Jul,Wed,7,Morning commute,30,TRAFFIC SIGNAL,CLEAR,DAYLIGHT,REAR END,NOT DIVIDED,DRY,NO INJURY / DRIVE AWAY,,,"$501 - $1,500",FOLLOWING TOO CLOSELY,2,NO INDICATION OF INJURY,0,0,41.8576958107,-87.6300776284,60616,"CHICAGO MIDWAY AIRPORT, IL US",73.0,68.0,84.0,0.0,10.0,6.0
crash_06011,2018-08-11 20:00:00,2018,8,Aug,Sat,20,Night or early morning,5,NO CONTROLS,CLEAR,"DARKNESS, LIGHTED ROAD",PARKED MOTOR VEHICLE,PARKING LOT,DRY,NO INJURY / DRIVE AWAY,,true,"$501 - $1,500",UNABLE TO DETERMINE,2,NO INDICATION OF INJURY,0,0,41.7730519917,-87.6056198385,60637,"CHICAGO MIDWAY AIRPORT, IL US",81.0,59.0,47.0,0.0,10.0,5.0
crash_06012,2023-09-14 22:10:00,2023,9,Sep,Thu,22,Night or early morning,30,TRAFFIC SIGNAL,CLEAR,"DARKNESS, LIGHTED ROAD",REAR END,NOT DIVIDED,DRY,NO INJURY / DRIVE AWAY,,true,"OVER $1,500",HAD BEEN DRINKING (USE WHEN ARREST IS NOT MADE),2,NO INDICATION OF INJURY,0,0,41.9255944282,-87.6468678029,60614,"CHICAGO MIDWAY AIRPORT, IL US",65.0,52.0,63.0,0.0,10.0,3.0
crash_06013,2025-03-07 12:30:00,2025,3,Mar,Fri,12,Daytime,30,NO CONTROLS,SNOW,DAYLIGHT,ANGLE,ONE-WAY,WET,NO INJURY / DRIVE AWAY,,,"OVER $1,500",FAILING TO YIELD RIGHT-OF-WAY,2,NO INDICATION OF INJURY,0,0,41.7408533622,-87.5557750908,60617,"CHICAGO MIDWAY AIRPORT, IL US",37.0,32.0,82.0,0.02,6.0,7.0
crash_06014,2018-06-23 17:00:00,2018,6,Jun,Sat,17,Evening commute,30,NO CONTROLS,CLEAR,DAYLIGHT,SIDESWIPE SAME DIRECTION,ONE-WAY,DRY,NO INJURY / DRIVE AWAY,,,"OVER $1,500",FAILING TO YIELD RIGHT-OF-WAY,2,NO INDICATION OF INJURY,0,0,41.8917308012,-87.6180779631,60611,"CHICAGO MIDWAY AIRPORT, IL US",77.0,54.0,45.0,0.0,10.0,9.0
crash_06015,2021-11-03 08:48:00,2021,11,Nov,Wed,8,Morning commute,20,PEDESTRIAN CROSSING SIGN,CLEAR,DAYLIGHT,REAR END,NOT DIVIDED,DRY,INJURY AND / OR TOW DUE TO CRASH,true,,"OVER $1,500",FOLLOWING TOO CLOSELY,2,INCAPACITATING INJURY,1,0,41.86063132,-87.7053576387,60623,"CHICAGO MIDWAY AIRPORT, IL US",35.0,25.0,67.0,0.0,10.0,3.0
crash_06016,2023-11-20 18:20:00,2023,11,Nov,Mon,18,Evening commute,30,TRAFFIC SIGNAL,RAIN,DAWN,REAR END,NOT DIVIDED,WET,INJURY AND / OR TOW DUE TO CRASH,true,,"OVER $1,500",FOLLOWING TOO CLOSELY,2,NO INDICATION OF INJURY,0,0,41.9325502107,-87.66604833,60657,"CHICAGO MIDWAY AIRPORT, IL US",46.0,36.0,68.0,0.03,9.0,13.0
crash_06017,2019-12-14 15:10:00,2019,12,Dec,Sat,15,Evening commute,35,NO CONTROLS,CLEAR,DAYLIGHT,TURNING,NOT DIVIDED,DRY,NO INJURY / DRIVE AWAY,,,"$501 - $1,500",UNABLE TO DETERMINE,2,NO INDICATION OF INJURY,0,0,41.946196155,-87.7325473166,60641,"CHICAGO OHARE INTERNATIONAL AIRPORT, IL US",30.0,24.0,79.0,,9.0,13.0
crash_06018,2019-01-10 09:00:00,2019,1,Jan,Thu,9,Morning commute,25,NO CONTROLS,CLEAR,DAYLIGHT,SIDESWIPE SAME DIRECTION,DIVIDED - W/MEDIAN BARRIER,DRY,NO INJURY / DRIVE AWAY,,,$500 OR LESS,IMPROPER OVERTAKING/PASSING,2,NO INDICATION OF INJURY,0,0,41.8815861391,-87.6395306871,60606,"CHICAGO MIDWAY AIRPORT, IL US",18.0,8.0,65.0,0.0,10.0,9.0
crash_06019,2022-01-21 19:50:00,2022,1,Jan,Fri,19,Night or early morning,30,NO CONTROLS,CLEAR,"DARKNESS, LIGHTED ROAD",SIDESWIPE SAME DIRECTION,NOT DIVIDED,DRY,INJURY AND / OR TOW DUE TO CRASH,,,"OVER $1,500",IMPROPER LANE USAGE,2,NO INDICATION OF INJURY,0,0,41.874614354,-87.6317213483,60605,"CHICAGO MIDWAY AIRPORT, IL US",22.0,9.0,57.0,0.0,10.0,6.0
crash_06020,2025-05-22 16:13:00,2025,5,May,Thu,16,Evening commute,30,TRAFFIC SIGNAL,CLEAR,DAYLIGHT,REAR END,DIVIDED - W/MEDIAN (NOT RAISED),DRY,NO INJURY / DRIVE AWAY,,,$500 OR LESS,UNABLE TO DETERMINE,2,NO INDICATION OF INJURY,0,0,41.9537055097,-87.7325509812,60641,"CHICAGO OHARE INTERNATIONAL AIRPORT, IL US",56.0,41.0,57.0,0.0,10.0,6.0
crash_06021,2022-10-30 04:00:00,2022,10,Oct,Sun,4,Night or early morning,10,NO CONTROLS,CLEAR,"DARKNESS, LIGHTED ROAD",PARKED MOTOR VEHICLE,ONE-WAY,DRY,INJURY AND / OR TOW DUE TO CRASH,,,"OVER $1,500",UNABLE TO DETERMINE,2,NO INDICATION OF INJURY,0,0,41.799674106,-87.7063296306,60632,"CHICAGO MIDWAY AIRPORT, IL US",50.0,38.0,63.0,0.0,10.0,0.0
crash_06022,2025-02-27 12:17:00,2025,2,Feb,Thu,12,Daytime,30,TRAFFIC SIGNAL,CLEAR,DAYLIGHT,TURNING,DIVIDED - W/MEDIAN BARRIER,DRY,INJURY AND / OR TOW DUE TO CRASH,true,true,"OVER $1,500",IMPROPER TURNING/NO SIGNAL,2,"REPORTED, NOT EVIDENT",2,0,41.7659281922,-87.5864700779,60619,"CHICAGO MIDWAY AIRPORT, IL US",49.0,33.0,55.0,0.0,10.0,15.0
crash_06023,2022-03-18 04:50:00,2022,3,Mar,Fri,4,Night or early morning,35,NO CONTROLS,CLEAR,"DARKNESS, LIGHTED ROAD",TURNING,NOT DIVIDED,DRY,INJURY AND / OR TOW DUE TO CRASH,,,"OVER $1,500",IMPROPER TURNING/NO SIGNAL,2,NONINCAPACITATING INJURY,1,0,41.6590850841,-87.5784902303,60633,"CHICAGO MIDWAY AIRPORT, IL US",47.0,35.0,63.0,0.0,10.0,8.0
crash_06024,2024-01-09 08:50:00,2024,1,Jan,Tue,8,Morning commute,35,STOP SIGN/FLASHER,SLEET/HAIL,DAYLIGHT,SIDESWIPE SAME DIRECTION,T-INTERSECTION,SNOW OR SLUSH,NO INJURY / DRIVE AWAY,true,,"OVER $1,500",IMPROPER OVERTAKING/PASSING,2,NO INDICATION OF INJURY,0,0,41.9411209081,-87.7078189718,60618,"CHICAGO MIDWAY AIRPORT, IL US",37.0,35.0,93.0,0.0,6.0,14.0
crash_06025,2020-11-27 19:22:00,2020,11,Nov,Fri,19,Night or early morning,30,NO CONTROLS,CLEAR,DAYLIGHT,PARKED MOTOR VEHICLE,NOT DIVIDED,DRY,NO INJURY / DRIVE AWAY,,,"$501 - $1,500",UNABLE TO DETERMINE,2,NO INDICATION OF INJURY,0,0,41.8124879879,-87.5991774747,60653,"CHICAGO MIDWAY AIRPORT, IL US",38.0,30.0,73.0,0.0,10.0,7.0
crash_06026,2021-09-29 16:35:00,2021,9,Sep,Wed,16,Evening commute,30,UNKNOWN,CLEAR,DAYLIGHT,PARKED MOTOR VEHICLE,ONE-WAY,DRY,NO INJURY / DRIVE AWAY,,true,"OVER $1,500",UNABLE TO DETERMINE,2,NO INDICATION OF INJURY,0,0,41.6598611936,-87.6387616481,60628,"CHICAGO MIDWAY AIRPORT, IL US",78.0,52.0,40.0,0.0,10.0,7.0
crash_06027,2023-11-15 13:15:00,2023,11,Nov,Wed,13,Daytime,30,NO CONTROLS,CLEAR,DAYLIGHT,REAR END,NOT DIVIDED,DRY,NO INJURY / DRIVE AWAY,,,$500 OR LESS,FOLLOWING TOO CLOSELY,2,NO INDICATION OF INJURY,0,0,41.7724134523,-87.6563434255,60636,"CHICAGO MIDWAY AIRPORT, IL US",64.0,37.0,37.0,0.0,10.0,11.0
crash_06028,2022-05-16 12:00:00,2022,5,May,Mon,12,Daytime,30,NO CONTROLS,UNKNOWN,UNKNOWN,TURNING,DIVIDED - W/MEDIAN (NOT RAISED),UNKNOWN,NO INJURY / DRIVE AWAY,,true,"OVER $1,500",UNABLE TO DETERMINE,2,NO INDICATION OF INJURY,0,0,41.7662735478,-87.5839734806,60649,"CHICAGO MIDWAY AIRPORT, IL US",77.0,43.0,30.0,0.0,10.0,18.0
crash_06029,2025-07-30 23:02:00,2025,7,Jul,Wed,23,Night or early morning,30,TRAFFIC SIGNAL,RAIN,"DARKNESS, LIGHTED ROAD",REAR END,NOT DIVIDED,WET,INJURY AND / OR TOW DUE TO CRASH,false,,"OVER $1,500",UNABLE TO DETERMINE,2,"REPORTED, NOT EVIDENT",1,0,41.8019762799,-87.6173240697,60615,"CHICAGO MIDWAY AIRPORT, IL US",71.0,67.0,87.0,,3.0,16.0
crash_06030,2024-08-16 19:00:00,2024,8,Aug,Fri,19,Night or early morning,30,NO CONTROLS,RAIN,DUSK,SIDESWIPE SAME DIRECTION,NOT DIVIDED,WET,NO INJURY / DRIVE AWAY,,,"OVER $1,500",IMPROPER OVERTAKING/PASSING,2,NO INDICATION OF INJURY,0,0,41.939236051,-87.724573999,60618,"CHICAGO OHARE INTERNATIONAL AIRPORT, IL US",83.0,65.0,55.0,0.0,10.0,9.0
crash_06031,2021-08-30 10:30:00,2021,8,Aug,Mon,10,Daytime,35,TRAFFIC SIGNAL,CLEAR,DAYLIGHT,REAR END,DIVIDED - W/MEDIAN (NOT RAISED),DRY,NO INJURY / DRIVE AWAY,true,true,"OVER $1,500",FOLLOWING TOO CLOSELY,2,NO INDICATION OF INJURY,0,0,41.7514606032,-87.585971993,60619,"CHICAGO MIDWAY AIRPORT, IL US",81.0,55.0,41.0,0.0,10.0,0.0
crash_06032,2024-06-13 17:22:00,2024,6,Jun,Thu,17,Evening commute,30,NO CONTROLS,CLEAR,DAYLIGHT,REAR END,NOT DIVIDED,DRY,NO INJURY / DRIVE AWAY,,,"$501 - $1,500","DISTRACTION - OTHER ELECTRONIC DEVICE (NAVIGATION DEVICE, DVD PLAYER, ETC.)",2,NO INDICATION OF INJURY,0,0,41.9454815182,-87.7902711304,60634,"CHICAGO OHARE INTERNATIONAL AIRPORT, IL US",88.0,60.0,39.0,0.0,10.0,9.0