crash_id,crash_datetime,crash_year,crash_month,crash_month_name,crash_weekday_name,crash_hour,time_period,posted_speed_limit_mph,traffic_control_device,reported_weather_condition,reported_lighting_condition,first_crash_type,trafficway_type,reported_road_surface_condition,crash_type,intersection_related,hit_and_run,estimated_damage,primary_contributory_cause,unit_count,most_severe_injury,injuries_total,injuries_fatal,latitude,longitude,zip5,weather_station_name,temperature_f,dew_point_f,relative_humidity_percent,precipitation_inches,visibility_miles,wind_speed_mph
crash_06033,2021-04-21 01:30:00,2021,4,Apr,Wed,1,Night or early morning,30,TRAFFIC SIGNAL,CLEAR,DARKNESS,REAR END,DIVIDED - W/MEDIAN (NOT RAISED),DRY,INJURY AND / OR TOW DUE TO CRASH,,,"OVER $1,500",UNABLE TO DETERMINE,2,INCAPACITATING INJURY,1,0,41.8912503944,-87.7556115463,60644,"CHICAGO MIDWAY AIRPORT, IL US",35.0,27.0,72.0,0.0,10.0,7.0
crash_06034,2019-06-05 12:15:00,2019,6,Jun,Wed,12,Daytime,30,NO CONTROLS,CLEAR,DAYLIGHT,PARKED MOTOR VEHICLE,PARKING LOT,DRY,NO INJURY / DRIVE AWAY,,,$500 OR LESS,IMPROPER BACKING,2,NO INDICATION OF INJURY,0,0,41.7521368378,-87.6442289066,60620,"CHICAGO MIDWAY AIRPORT, IL US",79.0,63.0,58.0,0.0,10.0,11.0
crash_06035,2020-09-11 00:01:00,2020,9,Sep,Fri,0,Night or early morning,30,NO CONTROLS,CLEAR,"DARKNESS, LIGHTED ROAD",PARKED MOTOR VEHICLE,NOT DIVIDED,DRY,NO INJURY / DRIVE AWAY,,true,"OVER $1,500",UNABLE TO DETERMINE,2,NO INDICATION OF INJURY,0,0,41.7394432089,-87.5877611023,60619,"CHICAGO MIDWAY AIRPORT, IL US",62.0,58.0,86.0,0.0,10.0,10.0
crash_06036,2019-10-18 07:26:00,2019,10,Oct,Fri,7,Morning commute,30,TRAFFIC SIGNAL,CLOUDY/OVERCAST,DAYLIGHT,TURNING,DIVIDED - W/MEDIAN (NOT RAISED),DRY,NO INJURY / DRIVE AWAY,true,,$500 OR LESS,IMPROPER LANE USAGE,2,NO INDICATION OF INJURY,0,0,41.9137733701,-87.7459158347,60639,"CHICAGO MIDWAY AIRPORT, IL US",43.0,37.0,80.0,0.0,10.0,5.0
crash_06037,2019-07-15 08:15:00,2019,7,Jul,Mon,8,Morning commute,30,STOP SIGN/FLASHER,CLEAR,DAYLIGHT,TURNING,NOT DIVIDED,DRY,INJURY AND / OR TOW DUE TO CRASH,,,"OVER $1,500",UNABLE TO DETERMINE,2,"REPORTED, NOT EVIDENT",2,0,41.6632260238,-87.6174983606,60628,"CHICAGO MIDWAY AIRPORT, IL US",80.0,68.0,67.0,0.0,10.0,13.0
crash_06038,2023-04-13 12:00:00,2023,4,Apr,Thu,12,Daytime,30,TRAFFIC SIGNAL,CLEAR,DAYLIGHT,TURNING,FOUR WAY,DRY,NO INJURY / DRIVE AWAY,true,,"OVER $1,500",UNABLE TO DETERMINE,2,NO INDICATION OF INJURY,0,0,41.8742110549,-87.7353870892,60624,"CHICAGO MIDWAY AIRPORT, IL US",78.0,43.0,29.0,0.0,10.0,16.0
crash_06039,2023-12-06 08:50:00,2023,12,Dec,Wed,8,Morning commute,35,UNKNOWN,UNKNOWN,UNKNOWN,TURNING,UNKNOWN,UNKNOWN,NO INJURY / DRIVE AWAY,,,"OVER $1,500",UNABLE TO DETERMINE,2,NO INDICATION OF INJURY,0,0,41.7025786009,-87.5263131827,60617,"CHICAGO MIDWAY AIRPORT, IL US",36.0,26.0,67.0,0.0,10.0,9.0
crash_06040,2020-01-19 20:50:00,2020,1,Jan,Sun,20,Night or early morning,30,NO CONTROLS,CLEAR,"DARKNESS, LIGHTED ROAD",SIDESWIPE SAME DIRECTION,NOT DIVIDED,DRY,NO INJURY / DRIVE AWAY,,true,"OVER $1,500",IMPROPER OVERTAKING/PASSING,2,NO INDICATION OF INJURY,0,0,41.7314749443,-87.5912965731,60619,"CHICAGO MIDWAY AIRPORT, IL US",18.0,9.0,68.0,0.0,10.0,8.0
crash_06041,2018-01-16 12:00:00,2018,1,Jan,Tue,12,Daytime,30,NO CONTROLS,SNOW,UNKNOWN,PARKED MOTOR VEHICLE,ONE-WAY,WET,NO INJURY / DRIVE AWAY,,true,"OVER $1,500",FOLLOWING TOO CLOSELY,2,NO INDICATION OF INJURY,0,0,41.8572701789,-87.6628255265,60608,"CHICAGO MIDWAY AIRPORT, IL US",23.0,15.0,72.0,0.0,10.0,15.0
crash_06042,2025-05-25 11:30:00,2025,5,May,Sun,11,Daytime,10,NO CONTROLS,RAIN,DAYLIGHT,FIXED OBJECT,PARKING LOT,WET,NO INJURY / DRIVE AWAY,,true,"OVER $1,500",UNABLE TO DETERMINE,1,NO INDICATION OF INJURY,0,0,41.8353405208,-87.6655373617,60608,"CHICAGO MIDWAY AIRPORT, IL US",57.0,43.0,60.0,0.0,10.0,7.0
crash_06043,2024-04-05 21:30:00,2024,4,Apr,Fri,21,Night or early morning,30,UNKNOWN,CLEAR,"DARKNESS, LIGHTED ROAD",REAR END,DIVIDED - W/MEDIAN BARRIER,DRY,NO INJURY / DRIVE AWAY,,true,"$501 - $1,500",UNABLE TO DETERMINE,2,NO INDICATION OF INJURY,0,0,41.8698214662,-87.7203845733,60624,"CHICAGO MIDWAY AIRPORT, IL US",42.0,23.0,47.0,0.0,10.0,3.0
crash_06044,2024-09-19 21:30:00,2024,9,Sep,Thu,21,Night or early morning,30,TRAFFIC SIGNAL,CLEAR,"DARKNESS, LIGHTED ROAD",REAR END,NOT DIVIDED,DRY,NO INJURY / DRIVE AWAY,,,"$501 - $1,500",FAILING TO YIELD RIGHT-OF-WAY,2,NO INDICATION OF INJURY,0,0,41.8991094792,-87.7263425919,60651,"CHICAGO MIDWAY AIRPORT, IL US",78.0,57.0,48.0,0.0,10.0,6.0
crash_06045,2021-03-03 02:20:00,2021,3,Mar,Wed,2,Night or early morning,30,NO CONTROLS,CLEAR,"DARKNESS, LIGHTED ROAD",PARKED MOTOR VEHICLE,NOT DIVIDED,DRY,NO INJURY / DRIVE AWAY,,false,"OVER $1,500",FAILING TO REDUCE SPEED TO AVOID CRASH,2,NO INDICATION OF INJURY,0,0,41.7640543363,-87.7151894866,60629,"CHICAGO MIDWAY AIRPORT, IL US",39.0,29.0,67.0,0.0,10.0,11.0
crash_06046,2021-05-04 12:30:00,2021,5,May,Tue,12,Daytime,30,NO CONTROLS,CLEAR,DAYLIGHT,PARKED MOTOR VEHICLE,ONE-WAY,DRY,NO INJURY / DRIVE AWAY,,,$500 OR LESS,NOT APPLICABLE,2,NO INDICATION OF INJURY,0,0,41.9055558148,-87.696745688,60622,"CHICAGO MIDWAY AIRPORT, IL US",50.0,47.0,89.0,0.0,8.0,5.0
crash_06047,2022-05-20 12:00:00,2022,5,May,Fri,12,Daytime,30,NO CONTROLS,CLEAR,DAYLIGHT,REAR END,NOT DIVIDED,DRY,NO INJURY / DRIVE AWAY,,,"$501 - $1,500",NOT APPLICABLE,2,NO INDICATION OF INJURY,0,0,41.7963968888,-87.762577214,60638,"CHICAGO MIDWAY AIRPORT, IL US",81.0,66.0,61.0,0.0,10.0,26.0
crash_06048,2024-06-09 13:30:00,2024,6,Jun,Sun,13,Daytime,35,NO CONTROLS,CLEAR,DAYLIGHT,TURNING,NOT DIVIDED,DRY,NO INJURY / DRIVE AWAY,,,$500 OR LESS,UNABLE TO DETERMINE,2,NO INDICATION OF INJURY,0,0,41.9927056303,-87.7484778686,60646,"CHICAGO OHARE INTERNATIONAL AIRPORT, IL US",78.0,42.0,28.0,0.0,10.0,14.0
crash_06049,2021-02-22 14:50:00,2021,2,Feb,Mon,14,Daytime,25,NO CONTROLS,CLEAR,DAYLIGHT,REAR END,NOT DIVIDED,WET,NO INJURY / DRIVE AWAY,,true,"OVER $1,500",UNABLE TO DETERMINE,2,NO INDICATION OF INJURY,0,0,41.8588809029,-87.7153513345,60623,"CHICAGO MIDWAY AIRPORT, IL US",37.0,27.0,67.0,0.0,10.0,13.0
crash_06050,2023-08-12 08:32:00,2023,8,Aug,Sat,8,Morning commute,30,TRAFFIC SIGNAL,CLEAR,DAYLIGHT,TURNING,FOUR WAY,DRY,NO INJURY / DRIVE AWAY,true,,"OVER $1,500",IMPROPER TURNING/NO SIGNAL,2,NO INDICATION OF INJURY,0,0,41.9747432812,-87.7686443534,60630,"CHICAGO OHARE INTERNATIONAL AIRPORT, IL US",77.0,62.0,60.0,0.0,10.0,11.0
crash_06051,2021-06-29 23:02:00,2021,6,Jun,Tue,23,Night or early morning,10,NO CONTROLS,CLOUDY/OVERCAST,"DARKNESS, LIGHTED ROAD",PARKED MOTOR VEHICLE,PARKING LOT,WET,NO INJURY / DRIVE AWAY,,true,$500 OR LESS,"OPERATING VEHICLE IN ERRATIC, RECKLESS, CARELESS, NEGLIGENT OR AGGRESSIVE MANNER",2,NO INDICATION OF INJURY,0,0,41.8440380884,-87.6285900783,60616,"CHICAGO MIDWAY AIRPORT, IL US",75.0,67.0,76.0,0.12,10.0,8.0
crash_06052,2018-01-20 12:15:00,2018,1,Jan,Sat,12,Daytime,30,TRAFFIC SIGNAL,CLEAR,DAYLIGHT,REAR END,DIVIDED - W/MEDIAN BARRIER,DRY,NO INJURY / DRIVE AWAY,,,"OVER $1,500",FOLLOWING TOO CLOSELY,2,NO INDICATION OF INJURY,0,0,41.9800826682,-87.83643445,60631,"CHICAGO OHARE INTERNATIONAL AIRPORT, IL US",42.0,30.0,62.0,0.0,10.0,8.0
crash_06053,2018-12-05 22:00:00,2018,12,Dec,Wed,22,Night or early morning,35,TRAFFIC SIGNAL,CLEAR,DARKNESS,ANGLE,NOT DIVIDED,DRY,INJURY AND / OR TOW DUE TO CRASH,true,,"OVER $1,500",DISREGARDING TRAFFIC SIGNALS,2,NO INDICATION OF INJURY,0,0,41.9028967724,-87.7021204078,60622,"CHICAGO MIDWAY AIRPORT, IL US",31.0,25.0,79.0,0.0,10.0,11.0
crash_06054,2024-04-25 07:48:00,2024,4,Apr,Thu,7,Morning commute,20,NO CONTROLS,CLEAR,DAYLIGHT,PEDALCYCLIST,NOT DIVIDED,DRY,INJURY AND / OR TOW DUE TO CRASH,,,$500 OR LESS,FAILING TO YIELD RIGHT-OF-WAY,2,"REPORTED, NOT EVIDENT",1,0,41.9430202752,-87.6853269716,60618,"CHICAGO MIDWAY AIRPORT, IL US",41.0,34.0,76.0,0.0,10.0,3.0
crash_06055,2022-10-03 14:00:00,2022,10,Oct,Mon,14,Daytime,30,TRAFFIC SIGNAL,CLEAR,DAYLIGHT,SIDESWIPE SAME DIRECTION,ONE-WAY,DRY,NO INJURY / DRIVE AWAY,,,"$501 - $1,500",IMPROPER LANE USAGE,2,NO INDICATION OF INJURY,0,0,41.8795932636,-87.6295010122,60603,"CHICAGO MIDWAY AIRPORT, IL US",68.0,43.0,40.0,,10.0,8.0
crash_06056,2018-03-03 15:30:00,2018,3,Mar,Sat,15,Evening commute,30,UNKNOWN,UNKNOWN,DAYLIGHT,REAR END,PARKING LOT,UNKNOWN,NO INJURY / DRIVE AWAY,,true,$500 OR LESS,FAILING TO REDUCE SPEED TO AVOID CRASH,2,NO INDICATION OF INJURY,0,0,41.7355839727,-87.6629137676,60620,"CHICAGO MIDWAY AIRPORT, IL US",41.0,20.0,43.0,0.0,10.0,11.0
crash_06057,2025-04-21 16:07:00,2025,4,Apr,Mon,16,Evening commute,30,NO CONTROLS,CLEAR,DAYLIGHT,SIDESWIPE OPPOSITE DIRECTION,OTHER,DRY,NO INJURY / DRIVE AWAY,,,"OVER $1,500",UNABLE TO DETERMINE,2,NO INDICATION OF INJURY,0,0,41.9458891755,-87.757041123,60641,"CHICAGO OHARE INTERNATIONAL AIRPORT, IL US",54.0,42.0,64.0,0.0,10.0,20.0
crash_06058,2023-08-30 04:55:00,2023,8,Aug,Wed,4,Night or early morning,35,NO CONTROLS,CLEAR,"DARKNESS, LIGHTED ROAD",PARKED MOTOR VEHICLE,NOT DIVIDED,DRY,INJURY AND / OR TOW DUE TO CRASH,,,"OVER $1,500",UNABLE TO DETERMINE,2,NO INDICATION OF INJURY,0,0,41.9340396309,-87.7664872338,60634,"CHICAGO OHARE INTERNATIONAL AIRPORT, IL US",60.0,52.0,75.0,0.0,10.0,13.0
crash_06059,2025-01-10 22:11:00,2025,1,Jan,Fri,22,Night or early morning,35,TRAFFIC SIGNAL,SNOW,"DARKNESS, LIGHTED ROAD",FIXED OBJECT,DIVIDED - W/MEDIAN (NOT RAISED),SNOW OR SLUSH,INJURY AND / OR TOW DUE TO CRASH,,true,"OVER $1,500",NOT APPLICABLE,1,NO INDICATION OF INJURY,0,0,41.8228528183,-87.6856809323,60632,"CHICAGO MIDWAY AIRPORT, IL US",29.0,23.0,78.0,0.0,2.0,8.0
crash_06060,2023-01-17 17:09:00,2023,1,Jan,Tue,17,Evening commute,30,STOP SIGN/FLASHER,CLEAR,"DARKNESS, LIGHTED ROAD",ANGLE,NOT DIVIDED,DRY,INJURY AND / OR TOW DUE TO CRASH,true,,"OVER $1,500",FAILING TO YIELD RIGHT-OF-WAY,2,NO INDICATION OF INJURY,0,0,41.8984445649,-87.7593658235,60651,"CHICAGO MIDWAY AIRPORT, IL US",39.0,32.0,76.0,0.0,9.0,17.0
crash_06061,2024-11-01 10:30:00,2024,11,Nov,Fri,10,Daytime,30,NO CONTROLS,UNKNOWN,UNKNOWN,PARKED MOTOR VEHICLE,NOT DIVIDED,UNKNOWN,NO INJURY / DRIVE AWAY,,true,"OVER $1,500",UNABLE TO DETERMINE,2,NO INDICATION OF INJURY,0,0,41.7622520768,-87.7197380153,60629,"CHICAGO MIDWAY AIRPORT, IL US",48.0,32.0,54.0,0.0,10.0,7.0
crash_06062,2024-09-23 23:43:00,2024,9,Sep,Mon,23,Night or early morning,30,TRAFFIC SIGNAL,RAIN,"DARKNESS, LIGHTED ROAD",SIDESWIPE OPPOSITE DIRECTION,NOT DIVIDED,WET,NO INJURY / DRIVE AWAY,,true,"OVER $1,500",IMPROPER LANE USAGE,2,NO INDICATION OF INJURY,0,0,41.968680809,-87.693861033,60625,"CHICAGO OHARE INTERNATIONAL AIRPORT, IL US",62.0,59.0,90.0,0.01,4.0,0.0
crash_06063,2024-08-25 18:30:00,2024,8,Aug,Sun,18,Evening commute,30,NO CONTROLS,CLEAR,DAWN,SIDESWIPE SAME DIRECTION,NOT DIVIDED,DRY,NO INJURY / DRIVE AWAY,,,"OVER $1,500",FAILING TO YIELD RIGHT-OF-WAY,2,NO INDICATION OF INJURY,0,0,41.9032848905,-87.7261722308,60651,"CHICAGO MIDWAY AIRPORT, IL US",89.0,64.0,43.0,0.0,10.0,11.0
crash_06064,2024-08-09 21:00:00,2024,8,Aug,Fri,21,Night or early morning,30,TRAFFIC SIGNAL,CLEAR,DUSK,SIDESWIPE SAME DIRECTION,NOT DIVIDED,DRY,NO INJURY / DRIVE AWAY,true,,$500 OR LESS,IMPROPER LANE USAGE,2,NO INDICATION OF INJURY,0,0,41.7544470685,-87.621310207,60619,"CHICAGO MIDWAY AIRPORT, IL US",66.0,51.0,59.0,0.0,10.0,8.0
crash_06065,2019-10-26 10:50:00,2019,10,Oct,Sat,10,Daytime,15,NO CONTROLS,CLEAR,DAYLIGHT,PARKED MOTOR VEHICLE,NOT DIVIDED,DRY,NO INJURY / DRIVE AWAY,,true,$500 OR LESS,UNABLE TO DETERMINE,2,NO INDICATION OF INJURY,0,0,41.9604676617,-87.718165357,60618,"CHICAGO OHARE INTERNATIONAL AIRPORT, IL US",47.0,39.0,74.0,0.0,10.0,16.0
crash_06066,2020-01-17 17:10:00,2020,1,Jan,Fri,17,Evening commute,30,TRAFFIC SIGNAL,SNOW,"DARKNESS, LIGHTED ROAD",TURNING,ONE-WAY,WET,NO INJURY / DRIVE AWAY,true,,"OVER $1,500",IMPROPER LANE USAGE,2,NO INDICATION OF INJURY,0,0,41.877480177,-87.6244465885,60604,"CHICAGO MIDWAY AIRPORT, IL US",26.0,22.0,84.0,0.01,0.5,11.0
crash_06067,2020-06-08 22:28:00,2020,6,Jun,Mon,22,Night or early morning,30,NO CONTROLS,CLEAR,"DARKNESS, LIGHTED ROAD",PEDESTRIAN,NOT DIVIDED,DRY,INJURY AND / OR TOW DUE TO CRASH,,,$500 OR LESS,IMPROPER LANE USAGE,2,NONINCAPACITATING INJURY,1,0,41.873860438,-87.700586149,60612,"CHICAGO MIDWAY AIRPORT, IL US",81.0,48.0,32.0,0.0,10.0,10.0
crash_06068,2019-02-03 00:45:00,2019,2,Feb,Sun,0,Night or early morning,30,TRAFFIC SIGNAL,CLEAR,"DARKNESS, LIGHTED ROAD",REAR END,DIVIDED - W/MEDIAN (NOT RAISED),DRY,NO INJURY / DRIVE AWAY,,,"$501 - $1,500",FOLLOWING TOO CLOSELY,2,NO INDICATION OF INJURY,0,0,41.8816675873,-87.6473858065,60607,"CHICAGO MIDWAY AIRPORT, IL US",39.0,39.0,100.0,,5.0,11.0
crash_06069,2025-04-02 22:00:00,2025,4,Apr,Wed,22,Night or early morning,30,NO CONTROLS,CLEAR,DARKNESS,PARKED MOTOR VEHICLE,ONE-WAY,UNKNOWN,NO INJURY / DRIVE AWAY,,true,"OVER $1,500",UNABLE TO DETERMINE,2,NO INDICATION OF INJURY,0,0,41.9840782632,-87.7097846677,60659,"CHICAGO OHARE INTERNATIONAL AIRPORT, IL US",64.0,55.0,73.0,0.0,10.0,13.0
crash_06070,2025-02-02 14:33:00,2025,2,Feb,Sun,14,Daytime,30,NO CONTROLS,UNKNOWN,UNKNOWN,PARKED MOTOR VEHICLE,DIVIDED - W/MEDIAN (NOT RAISED),UNKNOWN,INJURY AND / OR TOW DUE TO CRASH,,true,"OVER $1,500",UNABLE TO DETERMINE,2,NO INDICATION OF INJURY,0,0,41.8810770715,-87.725532248,60624,"CHICAGO MIDWAY AIRPORT, IL US",44.0,36.0,73.0,0.0,10.0,8.0
crash_06071,2018-03-04 21:13:00,2018,3,Mar,Sun,21,Night or early morning,30,NO CONTROLS,CLEAR,"DARKNESS, LIGHTED ROAD",ANGLE,NOT DIVIDED,DRY,NO INJURY / DRIVE AWAY,,,"OVER $1,500",FAILING TO YIELD RIGHT-OF-WAY,2,NO INDICATION OF INJURY,0,0,42.0078491718,-87.6629064386,60626,"CHICAGO OHARE INTERNATIONAL AIRPORT, IL US",40.0,22.0,49.0,0.0,10.0,15.0
crash_06072,2024-06-12 14:00:00,2024,6,Jun,Wed,14,Daytime,30,STOP SIGN/FLASHER,CLEAR,DAYLIGHT,REAR END,DIVIDED - W/MEDIAN (NOT RAISED),DRY,NO INJURY / DRIVE AWAY,true,,"OVER $1,500",UNABLE TO DETERMINE,2,NO INDICATION OF INJURY,0,0,41.8367705919,-87.7244869714,60623,"CHICAGO MIDWAY AIRPORT, IL US",89.0,54.0,30.0,0.0,10.0,8.0
crash_06073,2018-01-11 15:30:00,2018,1,Jan,Thu,15,Evening commute,30,STOP SIGN/FLASHER,RAIN,DAYLIGHT,TURNING,DIVIDED - W/MEDIAN (NOT RAISED),WET,NO INJURY / DRIVE AWAY,,true,"$501 - $1,500",IMPROPER BACKING,2,NO INDICATION OF INJURY,0,0,41.7558729861,-87.6520997935,60620,"CHICAGO MIDWAY AIRPORT, IL US",60.0,57.0,90.0,,10.0,15.0
crash_06074,2025-09-17 15:15:00,2025,9,Sep,Wed,15,Evening commute,30,STOP SIGN/FLASHER,CLEAR,DAYLIGHT,PARKED MOTOR VEHICLE,DRIVEWAY,DRY,NO INJURY / DRIVE AWAY,,true,"OVER $1,500",UNABLE TO DETERMINE,2,NO INDICATION OF INJURY,0,0,41.7502491982,-87.5481658192,60617,,,,,,,
crash_06075,2021-02-02 19:00:00,2021,2,Feb,Tue,19,Night or early morning,30,TRAFFIC SIGNAL,CLEAR,DAYLIGHT,REAR END,NOT DIVIDED,DRY,NO INJURY / DRIVE AWAY,,,"$501 - $1,500",UNABLE TO DETERMINE,3,NO INDICATION OF INJURY,0,0,41.8205331601,-87.6939686381,60632,"CHICAGO MIDWAY AIRPORT, IL US",31.0,19.0,61.0,0.0,10.0,10.0
crash_06076,2024-01-10 22:20:00,2024,1,Jan,Wed,22,Night or early morning,30,NO CONTROLS,CLEAR,"DARKNESS, LIGHTED ROAD",ANGLE,NOT DIVIDED,DRY,INJURY AND / OR TOW DUE TO CRASH,true,,"OVER $1,500",FAILING TO YIELD RIGHT-OF-WAY,2,NONINCAPACITATING INJURY,1,0,41.7412316627,-87.6729818158,60620,"CHICAGO MIDWAY AIRPORT, IL US",33.0,27.0,78.0,0.0,9.0,7.0
crash_06077,2019-02-20 17:00:00,2019,2,Feb,Wed,17,Evening commute,30,NO CONTROLS,CLEAR,DUSK,PARKED MOTOR VEHICLE,NOT DIVIDED,DRY,NO INJURY / DRIVE AWAY,,true,"OVER $1,500",NOT APPLICABLE,2,NO INDICATION OF INJURY,0,0,41.7640183958,-87.7225139918,60629,"CHICAGO MIDWAY AIRPORT, IL US",36.0,33.0,89.0,0.0,10.0,17.0
crash_06078,2025-07-04 16:30:00,2025,7,Jul,Fri,16,Evening commute,10,NO CONTROLS,CLEAR,DAYLIGHT,PARKED MOTOR VEHICLE,NOT DIVIDED,DRY,NO INJURY / DRIVE AWAY,,,"OVER $1,500",UNABLE TO DETERMINE,2,NO INDICATION OF INJURY,0,0,41.7780429504,-87.7101180233,60629,"CHICAGO MIDWAY AIRPORT, IL US",92.0,67.0,44.0,0.0,10.0,14.0
crash_06079,2025-11-16 20:53:00,2025,11,Nov,Sun,20,Night or early morning,30,TRAFFIC SIGNAL,CLEAR,"DARKNESS, LIGHTED ROAD",ANGLE,"FIVE POINT, OR MORE",DRY,NO INJURY / DRIVE AWAY,,,"$501 - $1,500",UNABLE TO DETERMINE,2,NO INDICATION OF INJURY,0,0,41.7933602426,-87.7420070884,60632,,,,,,,
crash_06080,2018-05-26 08:33:00,2018,5,May,Sat,8,Morning commute,30,NO CONTROLS,CLEAR,DAYLIGHT,FIXED OBJECT,NOT DIVIDED,DRY,NO INJURY / DRIVE AWAY,,,$500 OR LESS,IMPROPER BACKING,1,NO INDICATION OF INJURY,0,0,41.8695102923,-87.6406464188,60607,"CHICAGO MIDWAY AIRPORT, IL US",76.0,66.0,72.0,0.0,10.0,5.0
crash_06081,2020-05-12 14:10:00,2020,5,May,Tue,14,Daytime,5,NO CONTROLS,CLEAR,DAYLIGHT,FIXED OBJECT,DIVIDED - W/MEDIAN (NOT RAISED),DRY,NO INJURY / DRIVE AWAY,,,"$501 - $1,500",NOT APPLICABLE,1,NO INDICATION OF INJURY,0,0,41.9735433221,-87.7492192946,60630,"CHICAGO OHARE INTERNATIONAL AIRPORT, IL US",60.0,27.0,28.0,0.0,10.0,10.0
crash_06082,2019-09-06 08:45:00,2019,9,Sep,Fri,8,Morning commute,30,TRAFFIC SIGNAL,CLEAR,DAYLIGHT,SIDESWIPE SAME DIRECTION,DIVIDED - W/MEDIAN (NOT RAISED),DRY,NO INJURY / DRIVE AWAY,,,"$501 - $1,500",IMPROPER TURNING/NO SIGNAL,2,NO INDICATION OF INJURY,0,0,41.9251644351,-87.67558174,60614,"CHICAGO MIDWAY AIRPORT, IL US",70.0,62.0,76.0,0.0,10.0,8.0
crash_06083,2021-10-06 12:45:00,2021,10,Oct,Wed,12,Daytime,30,STOP SIGN/FLASHER,CLEAR,DAYLIGHT,PEDESTRIAN,T-INTERSECTION,DRY,INJURY AND / OR TOW DUE TO CRASH,,,"OVER $1,500",UNABLE TO DETERMINE,2,"REPORTED, NOT EVIDENT",1,0,41.8515587746,-87.6321237583,60616,"CHICAGO MIDWAY AIRPORT, IL US",67.0,60.0,79.0,0.0,4.0,10.0
crash_06084,2022-06-16 10:20:00,2022,6,Jun,Thu,10,Daytime,30,NO CONTROLS,CLEAR,DAYLIGHT,SIDESWIPE OPPOSITE DIRECTION,PARKING LOT,DRY,NO INJURY / DRIVE AWAY,,,"OVER $1,500",DRIVING SKILLS/KNOWLEDGE/EXPERIENCE,2,NO INDICATION OF INJURY,0,0,42.004709911,-87.6902098002,60645,"CHICAGO OHARE INTERNATIONAL AIRPORT, IL US",82.0,62.0,51.0,0.0,10.0,11.0
crash_06085,2021-08-23 21:45:00,2021,8,Aug,Mon,21,Night or early morning,30,NO CONTROLS,CLEAR,"DARKNESS, LIGHTED ROAD",REAR END,NOT DIVIDED,DRY,NO INJURY / DRIVE AWAY,,,"$501 - $1,500",FOLLOWING TOO CLOSELY,2,NO INDICATION OF INJURY,0,0,41.9903425078,-87.6978687948,60659,"CHICAGO OHARE INTERNATIONAL AIRPORT, IL US",81.0,71.0,72.0,0.0,10.0,9.0
crash_06086,2020-02-21 22:00:00,2020,2,Feb,Fri,22,Night or early morning,10,OTHER,UNKNOWN,DARKNESS,SIDESWIPE SAME DIRECTION,ONE-WAY,WET,NO INJURY / DRIVE AWAY,,true,$500 OR LESS,NOT APPLICABLE,2,NO INDICATION OF INJURY,0,0,41.9443580642,-87.6533550897,60657,"CHICAGO MIDWAY AIRPORT, IL US",31.0,17.0,56.0,0.0,10.0,14.0
crash_06087,2022-04-23 08:40:00,2022,4,Apr,Sat,8,Morning commute,30,TRAFFIC SIGNAL,CLEAR,DAYLIGHT,REAR END,NOT DIVIDED,DRY,INJURY AND / OR TOW DUE TO CRASH,,,"OVER $1,500",PHYSICAL CONDITION OF DRIVER,3,NONINCAPACITATING INJURY,3,0,41.9026725166,-87.7123128628,60651,"CHICAGO MIDWAY AIRPORT, IL US",71.0,56.0,59.0,0.0,10.0,14.0
crash_06088,2024-11-14 05:31:00,2024,11,Nov,Thu,5,Night or early morning,30,NO CONTROLS,RAIN,"DARKNESS, LIGHTED ROAD",FIXED OBJECT,ONE-WAY,WET,NO INJURY / DRIVE AWAY,,,"OVER $1,500",NOT APPLICABLE,1,NO INDICATION OF INJURY,0,0,41.7874875881,-87.6849365679,60629,"CHICAGO MIDWAY AIRPORT, IL US",52.0,50.0,94.0,,1.5,0.0
crash_06089,2021-10-17 01:00:00,2021,10,Oct,Sun,1,Night or early morning,30,TRAFFIC SIGNAL,CLEAR,"DARKNESS, LIGHTED ROAD",FIXED OBJECT,FOUR WAY,DRY,INJURY AND / OR TOW DUE TO CRASH,true,true,"OVER $1,500",UNABLE TO DETERMINE,1,NO INDICATION OF INJURY,0,0,41.9971665847,-87.7636946072,60646,"CHICAGO OHARE INTERNATIONAL AIRPORT, IL US",47.0,35.0,63.0,0.0,10.0,8.0
crash_06090,2019-04-28 18:10:00,2019,4,Apr,Sun,18,Evening commute,25,STOP SIGN/FLASHER,CLEAR,DAYLIGHT,ANGLE,NOT DIVIDED,DRY,NO INJURY / DRIVE AWAY,true,,"$501 - $1,500",NOT APPLICABLE,2,NO INDICATION OF INJURY,0,0,41.9449164612,-87.7616808433,60641,"CHICAGO OHARE INTERNATIONAL AIRPORT, IL US",51.0,20.0,29.0,0.0,10.0,9.0
crash_06091,2025-10-18 16:09:00,2025,10,Oct,Sat,16,Evening commute,30,TRAFFIC SIGNAL,CLEAR,DAYLIGHT,REAR END,ONE-WAY,DRY,INJURY AND / OR TOW DUE TO CRASH,,,"OVER $1,500",DISTRACTION - FROM INSIDE VEHICLE,2,"REPORTED, NOT EVIDENT",1,0,41.7954390188,-87.6223389102,60615,,,,,,,