crash_id,crash_datetime,crash_year,crash_month,crash_month_name,crash_weekday_name,crash_hour,time_period,posted_speed_limit_mph,traffic_control_device,reported_weather_condition,reported_lighting_condition,first_crash_type,trafficway_type,reported_road_surface_condition,crash_type,intersection_related,hit_and_run,estimated_damage,primary_contributory_cause,unit_count,most_severe_injury,injuries_total,injuries_fatal,latitude,longitude,zip5,weather_station_name,temperature_f,dew_point_f,relative_humidity_percent,precipitation_inches,visibility_miles,wind_speed_mph
crash_06092,2023-04-01 17:13:00,2023,4,Apr,Sat,17,Evening commute,30,NO CONTROLS,CLEAR,DAYLIGHT,REAR END,NOT DIVIDED,DRY,INJURY AND / OR TOW DUE TO CRASH,,,"OVER $1,500",FAILING TO REDUCE SPEED TO AVOID CRASH,3,NO INDICATION OF INJURY,0,0,41.8243269874,-87.6850024941,60632,"CHICAGO MIDWAY AIRPORT, IL US",39.0,28.0,65.0,0.0,10.0,20.0
crash_06093,2023-09-30 17:36:00,2023,9,Sep,Sat,17,Evening commute,30,NO CONTROLS,CLEAR,DUSK,TURNING,NOT DIVIDED,DRY,INJURY AND / OR TOW DUE TO CRASH,,,"OVER $1,500",FAILING TO YIELD RIGHT-OF-WAY,2,NO INDICATION OF INJURY,0,0,41.868082661,-87.6393654159,60607,"CHICAGO MIDWAY AIRPORT, IL US",80.0,61.0,52.0,0.0,10.0,8.0
crash_06094,2025-06-01 15:00:00,2025,6,Jun,Sun,15,Evening commute,30,NO CONTROLS,UNKNOWN,UNKNOWN,PARKED MOTOR VEHICLE,NOT DIVIDED,UNKNOWN,NO INJURY / DRIVE AWAY,,true,"OVER $1,500",NOT APPLICABLE,2,NO INDICATION OF INJURY,0,0,41.8306554774,-87.6449472757,60609,"CHICAGO MIDWAY AIRPORT, IL US",64.0,30.0,28.0,0.0,10.0,10.0
crash_06095,2018-06-15 02:30:00,2018,6,Jun,Fri,2,Night or early morning,20,NO CONTROLS,CLEAR,DARKNESS,PARKED MOTOR VEHICLE,ONE-WAY,DRY,NO INJURY / DRIVE AWAY,,true,"OVER $1,500",UNABLE TO DETERMINE,2,NO INDICATION OF INJURY,0,0,41.7627665388,-87.6092989196,60619,"CHICAGO MIDWAY AIRPORT, IL US",67.0,57.0,71.0,0.0,10.0,5.0
crash_06096,2022-11-11 23:00:00,2022,11,Nov,Fri,23,Night or early morning,30,NO CONTROLS,CLEAR,"DARKNESS, LIGHTED ROAD",PARKED MOTOR VEHICLE,NOT DIVIDED,DRY,NO INJURY / DRIVE AWAY,,false,"$501 - $1,500",UNABLE TO DETERMINE,2,NO INDICATION OF INJURY,0,0,41.700916101,-87.616177716,60628,"CHICAGO MIDWAY AIRPORT, IL US",33.0,20.0,58.0,0.0,10.0,14.0
crash_06097,2025-01-17 17:20:00,2025,1,Jan,Fri,17,Evening commute,15,NO CONTROLS,CLEAR,"DARKNESS, LIGHTED ROAD",PARKED MOTOR VEHICLE,PARKING LOT,WET,NO INJURY / DRIVE AWAY,,,"OVER $1,500",DRIVING SKILLS/KNOWLEDGE/EXPERIENCE,2,NO INDICATION OF INJURY,0,0,41.7578056585,-87.586268258,60619,"CHICAGO MIDWAY AIRPORT, IL US",42.0,29.0,60.0,0.0,10.0,14.0
crash_06098,2024-12-20 23:59:00,2024,12,Dec,Fri,23,Night or early morning,30,STOP SIGN/FLASHER,CLEAR,DARKNESS,TURNING,FOUR WAY,DRY,INJURY AND / OR TOW DUE TO CRASH,true,,"OVER $1,500",TURNING RIGHT ON RED,2,"REPORTED, NOT EVIDENT",2,0,41.6776306491,-87.6624507112,60643,"CHICAGO MIDWAY AIRPORT, IL US",24.0,15.0,68.0,,10.0,11.0
crash_06099,2021-01-26 13:15:00,2021,1,Jan,Tue,13,Daytime,30,STOP SIGN/FLASHER,SNOW,DAYLIGHT,REAR END,ONE-WAY,SNOW OR SLUSH,NO INJURY / DRIVE AWAY,,,"OVER $1,500",FOLLOWING TOO CLOSELY,2,NO INDICATION OF INJURY,0,0,41.9817470807,-87.6564917791,60640,"CHICAGO OHARE INTERNATIONAL AIRPORT, IL US",32.0,28.0,85.0,0.0,5.0,16.0
crash_06100,2025-04-28 16:26:00,2025,4,Apr,Mon,16,Evening commute,20,NO CONTROLS,CLEAR,DAYLIGHT,ANGLE,ALLEY,DRY,NO INJURY / DRIVE AWAY,,true,"OVER $1,500",FAILING TO YIELD RIGHT-OF-WAY,3,NO INDICATION OF INJURY,0,0,41.9190893633,-87.7279006487,60639,"CHICAGO MIDWAY AIRPORT, IL US",85.0,58.0,40.0,0.0,10.0,20.0
crash_06101,2023-08-07 14:50:00,2023,8,Aug,Mon,14,Daytime,20,NO CONTROLS,CLEAR,DAYLIGHT,ANGLE,ONE-WAY,DRY,NO INJURY / DRIVE AWAY,,,"OVER $1,500",FAILING TO YIELD RIGHT-OF-WAY,2,NO INDICATION OF INJURY,0,0,41.934120703,-87.6681886537,60657,"CHICAGO MIDWAY AIRPORT, IL US",77.0,57.0,50.0,0.0,10.0,9.0
crash_06102,2020-09-26 04:01:00,2020,9,Sep,Sat,4,Night or early morning,30,STOP SIGN/FLASHER,CLEAR,DARKNESS,PARKED MOTOR VEHICLE,DIVIDED - W/MEDIAN (NOT RAISED),DRY,INJURY AND / OR TOW DUE TO CRASH,,,"OVER $1,500",PHYSICAL CONDITION OF DRIVER,3,NONINCAPACITATING INJURY,1,0,41.7830400501,-87.7831703069,60638,"CHICAGO MIDWAY AIRPORT, IL US",64.0,59.0,84.0,0.0,10.0,11.0
crash_06103,2019-08-28 19:51:00,2019,8,Aug,Wed,19,Night or early morning,30,NO CONTROLS,CLEAR,"DARKNESS, LIGHTED ROAD",PARKED MOTOR VEHICLE,NOT DIVIDED,DRY,INJURY AND / OR TOW DUE TO CRASH,,true,"OVER $1,500",UNABLE TO DETERMINE,6,NO INDICATION OF INJURY,0,0,41.9527658235,-87.7720213938,60634,"CHICAGO OHARE INTERNATIONAL AIRPORT, IL US",70.0,51.0,51.0,0.0,10.0,8.0
crash_06104,2019-06-04 16:30:00,2019,6,Jun,Tue,16,Evening commute,20,NO CONTROLS,CLEAR,DAYLIGHT,ANGLE,ONE-WAY,DRY,NO INJURY / DRIVE AWAY,,,"OVER $1,500",FAILING TO YIELD RIGHT-OF-WAY,2,NO INDICATION OF INJURY,0,0,41.9664135491,-87.7185095223,60625,"CHICAGO OHARE INTERNATIONAL AIRPORT, IL US",81.0,57.0,44.0,0.0,10.0,13.0
crash_06105,2018-05-07 16:00:00,2018,5,May,Mon,16,Evening commute,30,NO CONTROLS,CLEAR,DAYLIGHT,ANGLE,NOT DIVIDED,DRY,NO INJURY / DRIVE AWAY,,,"$501 - $1,500",UNABLE TO DETERMINE,2,NO INDICATION OF INJURY,0,0,41.7063152147,-87.5551295051,60617,"CHICAGO MIDWAY AIRPORT, IL US",71.0,39.0,31.0,0.0,10.0,11.0
crash_06106,2018-10-21 12:05:00,2018,10,Oct,Sun,12,Daytime,30,NO CONTROLS,CLEAR,DAYLIGHT,SIDESWIPE SAME DIRECTION,NOT DIVIDED,DRY,INJURY AND / OR TOW DUE TO CRASH,,,"OVER $1,500",UNABLE TO DETERMINE,2,NO INDICATION OF INJURY,0,0,41.9854270296,-87.6612582821,60660,"CHICAGO OHARE INTERNATIONAL AIRPORT, IL US",43.0,20.0,40.0,0.0,10.0,10.0
crash_06107,2020-01-11 12:16:00,2020,1,Jan,Sat,12,Daytime,30,NO CONTROLS,RAIN,DAYLIGHT,PARKED MOTOR VEHICLE,PARKING LOT,WET,NO INJURY / DRIVE AWAY,,true,"$501 - $1,500",UNABLE TO DETERMINE,2,NO INDICATION OF INJURY,0,0,41.7996832256,-87.7428003499,60632,"CHICAGO MIDWAY AIRPORT, IL US",34.0,32.0,92.0,0.0,2.0,25.0
crash_06108,2022-12-16 11:40:00,2022,12,Dec,Fri,11,Daytime,30,NO CONTROLS,SNOW,DAYLIGHT,SIDESWIPE SAME DIRECTION,NOT DIVIDED,SNOW OR SLUSH,INJURY AND / OR TOW DUE TO CRASH,,,"OVER $1,500",IMPROPER LANE USAGE,2,NONINCAPACITATING INJURY,2,0,41.8009966064,-87.6843657632,60632,"CHICAGO MIDWAY AIRPORT, IL US",29.0,23.0,78.0,0.0,2.5,16.0
crash_06109,2025-07-06 14:42:00,2025,7,Jul,Sun,14,Daytime,30,NO CONTROLS,CLEAR,DAYLIGHT,PARKED MOTOR VEHICLE,DIVIDED - W/MEDIAN (NOT RAISED),DRY,NO INJURY / DRIVE AWAY,,true,"OVER $1,500",UNABLE TO DETERMINE,3,NO INDICATION OF INJURY,0,0,41.7438541194,-87.6188564624,60619,"CHICAGO MIDWAY AIRPORT, IL US",86.0,70.0,59.0,0.0,10.0,11.0
crash_06110,2018-08-12 17:43:00,2018,8,Aug,Sun,17,Evening commute,30,TRAFFIC SIGNAL,CLEAR,DAYLIGHT,FIXED OBJECT,NOT DIVIDED,DRY,NO INJURY / DRIVE AWAY,,,"OVER $1,500",FAILING TO REDUCE SPEED TO AVOID CRASH,1,NO INDICATION OF INJURY,0,0,41.8307821806,-87.6267901762,60609,"CHICAGO MIDWAY AIRPORT, IL US",85.0,53.0,33.0,0.0,10.0,11.0
crash_06111,2024-03-07 18:15:00,2024,3,Mar,Thu,18,Evening commute,30,NO CONTROLS,CLEAR,"DARKNESS, LIGHTED ROAD",TURNING,OTHER,DRY,NO INJURY / DRIVE AWAY,,true,"$501 - $1,500",UNABLE TO DETERMINE,2,NO INDICATION OF INJURY,0,0,41.7500613384,-87.7025490607,60652,"CHICAGO MIDWAY AIRPORT, IL US",44.0,37.0,76.0,0.0,10.0,9.0
crash_06112,2020-09-01 17:22:00,2020,9,Sep,Tue,17,Evening commute,30,NO CONTROLS,RAIN,DAYLIGHT,FIXED OBJECT,NOT DIVIDED,WET,INJURY AND / OR TOW DUE TO CRASH,,,"OVER $1,500",DRIVING SKILLS/KNOWLEDGE/EXPERIENCE,1,NO INDICATION OF INJURY,0,0,41.8882620166,-87.7208417352,60624,"CHICAGO MIDWAY AIRPORT, IL US",70.0,68.0,93.0,0.01,9.0,5.0
crash_06113,2022-06-19 21:01:00,2022,6,Jun,Sun,21,Night or early morning,25,STOP SIGN/FLASHER,CLEAR,DAYLIGHT,FIXED OBJECT,T-INTERSECTION,DRY,INJURY AND / OR TOW DUE TO CRASH,true,,"$501 - $1,500",DISREGARDING STOP SIGN,1,NO INDICATION OF INJURY,0,0,41.7866141962,-87.6678850047,60636,"CHICAGO MIDWAY AIRPORT, IL US",83.0,42.0,24.0,0.0,10.0,6.0
crash_06114,2020-11-18 10:00:00,2020,11,Nov,Wed,10,Daytime,30,NO CONTROLS,CLEAR,DAYLIGHT,PARKED MOTOR VEHICLE,NOT DIVIDED,DRY,NO INJURY / DRIVE AWAY,,true,"OVER $1,500",UNABLE TO DETERMINE,2,NO INDICATION OF INJURY,0,0,41.8940005206,-87.6419496012,60654,"CHICAGO MIDWAY AIRPORT, IL US",44.0,17.0,34.0,0.0,10.0,13.0
crash_06115,2018-07-02 13:40:00,2018,7,Jul,Mon,13,Daytime,30,NO CONTROLS,CLEAR,DAYLIGHT,SIDESWIPE SAME DIRECTION,ONE-WAY,DRY,NO INJURY / DRIVE AWAY,,true,$500 OR LESS,IMPROPER BACKING,2,NO INDICATION OF INJURY,0,0,41.8799470599,-87.6262903102,60603,"CHICAGO MIDWAY AIRPORT, IL US",80.0,62.0,54.0,0.0,10.0,8.0
crash_06116,2022-01-20 08:30:00,2022,1,Jan,Thu,8,Morning commute,30,TRAFFIC SIGNAL,CLEAR,DAYLIGHT,REAR END,FOUR WAY,DRY,INJURY AND / OR TOW DUE TO CRASH,,,"OVER $1,500",FOLLOWING TOO CLOSELY,2,NONINCAPACITATING INJURY,1,0,41.7914202821,-87.5801477687,60637,"CHICAGO MIDWAY AIRPORT, IL US",11.0,-3.0,53.0,0.0,10.0,13.0
crash_06117,2025-10-16 07:15:00,2025,10,Oct,Thu,7,Morning commute,30,STOP SIGN/FLASHER,CLEAR,DAYLIGHT,ANGLE,FOUR WAY,DRY,INJURY AND / OR TOW DUE TO CRASH,true,,"OVER $1,500",UNABLE TO DETERMINE,2,NO INDICATION OF INJURY,0,0,41.9524204558,-87.6788530611,60618,,,,,,,
crash_06118,2020-09-19 22:00:00,2020,9,Sep,Sat,22,Night or early morning,35,NO CONTROLS,CLEAR,DARKNESS,PARKED MOTOR VEHICLE,DIVIDED - W/MEDIAN (NOT RAISED),DRY,NO INJURY / DRIVE AWAY,,false,"OVER $1,500",FOLLOWING TOO CLOSELY,2,NO INDICATION OF INJURY,0,0,41.7510660671,-87.612646846,60619,"CHICAGO MIDWAY AIRPORT, IL US",56.0,41.0,57.0,0.0,10.0,5.0
crash_06119,2025-10-25 14:46:00,2025,10,Oct,Sat,14,Daytime,30,STOP SIGN/FLASHER,CLEAR,DAYLIGHT,ANGLE,NOT DIVIDED,DRY,INJURY AND / OR TOW DUE TO CRASH,true,,"OVER $1,500",UNABLE TO DETERMINE,2,NO INDICATION OF INJURY,0,0,41.9369453624,-87.7368218508,60641,,,,,,,
crash_06120,2025-04-21 07:29:00,2025,4,Apr,Mon,7,Morning commute,30,NO CONTROLS,RAIN,DAYLIGHT,TURNING,NOT DIVIDED,WET,INJURY AND / OR TOW DUE TO CRASH,,,"OVER $1,500",UNABLE TO DETERMINE,2,NO INDICATION OF INJURY,0,0,41.7733736847,-87.5733932464,60649,"CHICAGO MIDWAY AIRPORT, IL US",53.0,45.0,74.0,0.0,10.0,29.0
crash_06121,2025-12-10 21:10:00,2025,12,Dec,Wed,21,Night or early morning,30,STOP SIGN/FLASHER,CLEAR,"DARKNESS, LIGHTED ROAD",REAR END,DIVIDED - W/MEDIAN (NOT RAISED),WET,NO INJURY / DRIVE AWAY,false,,"OVER $1,500",FOLLOWING TOO CLOSELY,2,NO INDICATION OF INJURY,0,0,41.875042889,-87.7452149674,60644,,,,,,,
crash_06122,2019-03-18 07:42:00,2019,3,Mar,Mon,7,Morning commute,30,NO CONTROLS,CLEAR,DAYLIGHT,FIXED OBJECT,DIVIDED - W/MEDIAN (NOT RAISED),DRY,NO INJURY / DRIVE AWAY,,,$500 OR LESS,UNABLE TO DETERMINE,1,NO INDICATION OF INJURY,0,0,41.880112251,-87.7664118974,60644,"CHICAGO MIDWAY AIRPORT, IL US",30.0,25.0,82.0,0.0,8.0,5.0
crash_06123,2022-09-10 23:52:00,2022,9,Sep,Sat,23,Night or early morning,30,TRAFFIC SIGNAL,CLEAR,"DARKNESS, LIGHTED ROAD",ANGLE,FOUR WAY,DRY,INJURY AND / OR TOW DUE TO CRASH,true,true,"OVER $1,500",DISREGARDING TRAFFIC SIGNALS,2,NO INDICATION OF INJURY,0,0,41.9764063566,-87.7878625958,60656,"CHICAGO OHARE INTERNATIONAL AIRPORT, IL US",70.0,66.0,87.0,0.0,10.0,13.0
crash_06124,2021-07-16 11:05:00,2021,7,Jul,Fri,11,Daytime,30,TRAFFIC SIGNAL,CLOUDY/OVERCAST,DAYLIGHT,REAR END,FOUR WAY,DRY,INJURY AND / OR TOW DUE TO CRASH,true,,"OVER $1,500",FAILING TO REDUCE SPEED TO AVOID CRASH,2,INCAPACITATING INJURY,1,0,41.7077237672,-87.5829916905,60617,"CHICAGO MIDWAY AIRPORT, IL US",72.0,64.0,76.0,0.0,10.0,10.0
crash_06125,2019-08-03 19:49:00,2019,8,Aug,Sat,19,Night or early morning,30,TRAFFIC SIGNAL,CLEAR,UNKNOWN,TURNING,OTHER,UNKNOWN,NO INJURY / DRIVE AWAY,true,,"$501 - $1,500",UNABLE TO DETERMINE,2,NO INDICATION OF INJURY,0,0,41.8925170782,-87.6326841979,60654,"CHICAGO MIDWAY AIRPORT, IL US",81.0,53.0,38.0,0.0,10.0,8.0
crash_06126,2019-03-18 17:22:00,2019,3,Mar,Mon,17,Evening commute,30,NO CONTROLS,CLEAR,DAYLIGHT,SIDESWIPE SAME DIRECTION,ONE-WAY,DRY,NO INJURY / DRIVE AWAY,,,"OVER $1,500",NOT APPLICABLE,2,NO INDICATION OF INJURY,0,0,41.8773051923,-87.6350420552,60606,"CHICAGO MIDWAY AIRPORT, IL US",42.0,23.0,47.0,0.0,10.0,10.0
crash_06127,2018-11-26 19:00:00,2018,11,Nov,Mon,19,Night or early morning,15,NO CONTROLS,CLEAR,"DARKNESS, LIGHTED ROAD",PARKED MOTOR VEHICLE,PARKING LOT,SNOW OR SLUSH,NO INJURY / DRIVE AWAY,,,"$501 - $1,500",FAILING TO REDUCE SPEED TO AVOID CRASH,2,NO INDICATION OF INJURY,0,0,41.9461086638,-87.7570470277,60641,"CHICAGO OHARE INTERNATIONAL AIRPORT, IL US",27.0,19.0,72.0,0.0,10.0,8.0
crash_06128,2023-11-30 18:48:00,2023,11,Nov,Thu,18,Evening commute,30,NO CONTROLS,CLEAR,DARKNESS,FIXED OBJECT,DIVIDED - W/MEDIAN (NOT RAISED),DRY,INJURY AND / OR TOW DUE TO CRASH,,,"OVER $1,500",UNABLE TO DETERMINE,1,"REPORTED, NOT EVIDENT",1,0,41.7312567563,-87.6145388554,60619,"CHICAGO MIDWAY AIRPORT, IL US",50.0,40.0,68.0,0.0,10.0,8.0
crash_06129,2025-09-15 16:00:00,2025,9,Sep,Mon,16,Evening commute,25,TRAFFIC SIGNAL,CLEAR,DAYLIGHT,ANGLE,NOT REPORTED,DRY,INJURY AND / OR TOW DUE TO CRASH,,,"$501 - $1,500",UNABLE TO DETERMINE,2,"REPORTED, NOT EVIDENT",1,0,41.9285327719,-87.7025621544,60647,,,,,,,
crash_06130,2021-05-02 03:40:00,2021,5,May,Sun,3,Night or early morning,25,NO CONTROLS,CLEAR,DARKNESS,FIXED OBJECT,ONE-WAY,DRY,INJURY AND / OR TOW DUE TO CRASH,,false,"OVER $1,500",DRIVING SKILLS/KNOWLEDGE/EXPERIENCE,1,NO INDICATION OF INJURY,0,0,,,,,,,,,,
crash_06131,2019-09-28 12:32:00,2019,9,Sep,Sat,12,Daytime,30,STOP SIGN/FLASHER,CLEAR,DAYLIGHT,REAR END,Y-INTERSECTION,DRY,NO INJURY / DRIVE AWAY,true,,$500 OR LESS,FAILING TO REDUCE SPEED TO AVOID CRASH,2,NO INDICATION OF INJURY,0,0,41.9006236667,-87.6624419582,60642,"CHICAGO MIDWAY AIRPORT, IL US",59.0,58.0,96.0,0.0,3.0,10.0
crash_06132,2025-06-14 13:30:00,2025,6,Jun,Sat,13,Daytime,30,NO CONTROLS,CLEAR,DAYLIGHT,REAR END,NOT DIVIDED,DRY,NO INJURY / DRIVE AWAY,,,"OVER $1,500",UNABLE TO DETERMINE,2,NO INDICATION OF INJURY,0,0,41.9688386919,-87.6811370018,60625,"CHICAGO OHARE INTERNATIONAL AIRPORT, IL US",71.0,59.0,66.0,0.0,10.0,9.0
crash_06133,2020-02-08 18:00:00,2020,2,Feb,Sat,18,Evening commute,30,TRAFFIC SIGNAL,CLEAR,DARKNESS,REAR END,NOT DIVIDED,UNKNOWN,NO INJURY / DRIVE AWAY,,,"$501 - $1,500",FOLLOWING TOO CLOSELY,2,NO INDICATION OF INJURY,0,0,41.9398728534,-87.6491423837,60657,"CHICAGO MIDWAY AIRPORT, IL US",32.0,22.0,66.0,0.0,10.0,7.0
crash_06134,2018-06-22 18:00:00,2018,6,Jun,Fri,18,Evening commute,30,NO CONTROLS,CLEAR,DAYLIGHT,PARKED MOTOR VEHICLE,NOT DIVIDED,DRY,NO INJURY / DRIVE AWAY,,,"$501 - $1,500",IMPROPER OVERTAKING/PASSING,2,NO INDICATION OF INJURY,0,0,41.753313056,-87.6151540816,60619,"CHICAGO MIDWAY AIRPORT, IL US",62.0,59.0,90.0,0.0,9.0,11.0
crash_06135,2019-01-04 11:45:00,2019,1,Jan,Fri,11,Daytime,0,STOP SIGN/FLASHER,CLEAR,DAYLIGHT,TURNING,DIVIDED - W/MEDIAN BARRIER,DRY,INJURY AND / OR TOW DUE TO CRASH,true,,"OVER $1,500",FAILING TO YIELD RIGHT-OF-WAY,2,NONINCAPACITATING INJURY,1,0,41.7555859165,-87.7219710251,60652,"CHICAGO MIDWAY AIRPORT, IL US",45.0,28.0,52.0,0.0,10.0,9.0
crash_06136,2022-07-30 02:40:00,2022,7,Jul,Sat,2,Night or early morning,30,TRAFFIC SIGNAL,CLEAR,"DARKNESS, LIGHTED ROAD",FIXED OBJECT,ONE-WAY,DRY,INJURY AND / OR TOW DUE TO CRASH,true,,"OVER $1,500",UNABLE TO DETERMINE,1,INCAPACITATING INJURY,1,0,41.8856325622,-87.6263727555,60601,"CHICAGO MIDWAY AIRPORT, IL US",70.0,58.0,66.0,0.0,10.0,3.0
crash_06137,2024-01-09 15:57:00,2024,1,Jan,Tue,15,Evening commute,30,NO CONTROLS,RAIN,"DARKNESS, LIGHTED ROAD",REAR TO SIDE,NOT DIVIDED,SNOW OR SLUSH,INJURY AND / OR TOW DUE TO CRASH,,,"OVER $1,500",FAILING TO YIELD RIGHT-OF-WAY,2,NO INDICATION OF INJURY,0,0,41.8903200853,-87.655918804,60642,"CHICAGO MIDWAY AIRPORT, IL US",34.0,33.0,97.0,0.04,1.5,7.0
crash_06138,2018-07-04 20:00:00,2018,7,Jul,Wed,20,Night or early morning,0,NO CONTROLS,CLEAR,DARKNESS,TURNING,NOT DIVIDED,DRY,NO INJURY / DRIVE AWAY,,,"OVER $1,500",IMPROPER TURNING/NO SIGNAL,2,NO INDICATION OF INJURY,0,0,41.8421347709,-87.6203127639,60616,"CHICAGO MIDWAY AIRPORT, IL US",86.0,74.0,67.0,0.0,10.0,5.0
crash_06139,2019-09-09 17:00:00,2019,9,Sep,Mon,17,Evening commute,30,TRAFFIC SIGNAL,CLEAR,DAYLIGHT,TURNING,NOT DIVIDED,DRY,NO INJURY / DRIVE AWAY,true,true,"$501 - $1,500",FAILING TO YIELD RIGHT-OF-WAY,2,NO INDICATION OF INJURY,0,0,41.9460123519,-87.7471910385,60641,"CHICAGO OHARE INTERNATIONAL AIRPORT, IL US",74.0,64.0,71.0,0.0,10.0,11.0
crash_06140,2021-09-14 17:15:00,2021,9,Sep,Tue,17,Evening commute,30,TRAFFIC SIGNAL,CLEAR,DAYLIGHT,ANGLE,CENTER TURN LANE,DRY,NO INJURY / DRIVE AWAY,,,"OVER $1,500",IMPROPER LANE USAGE,2,NO INDICATION OF INJURY,0,0,42.019095965,-87.7085154682,60645,"CHICAGO OHARE INTERNATIONAL AIRPORT, IL US",82.0,61.0,49.0,0.0,10.0,16.0
crash_06141,2019-06-01 18:05:00,2019,6,Jun,Sat,18,Evening commute,30,TRAFFIC SIGNAL,CLEAR,DUSK,REAR END,NOT DIVIDED,DRY,NO INJURY / DRIVE AWAY,true,,"$501 - $1,500",UNABLE TO DETERMINE,2,NO INDICATION OF INJURY,0,0,41.8858555922,-87.6247934002,60601,"CHICAGO MIDWAY AIRPORT, IL US",58.0,53.0,84.0,0.0,9.0,17.0
crash_06142,2022-08-15 13:00:00,2022,8,Aug,Mon,13,Daytime,30,TRAFFIC SIGNAL,CLEAR,DAYLIGHT,REAR END,FOUR WAY,DRY,INJURY AND / OR TOW DUE TO CRASH,true,,"OVER $1,500",FAILING TO REDUCE SPEED TO AVOID CRASH,2,NO INDICATION OF INJURY,0,0,41.7797944163,-87.6449341904,60621,"CHICAGO MIDWAY AIRPORT, IL US",79.0,58.0,49.0,,10.0,11.0
crash_06143,2021-12-05 18:50:00,2021,12,Dec,Sun,18,Evening commute,30,NO CONTROLS,RAIN,"DARKNESS, LIGHTED ROAD",SIDESWIPE SAME DIRECTION,NOT DIVIDED,WET,NO INJURY / DRIVE AWAY,,,"OVER $1,500",IMPROPER LANE USAGE,2,NO INDICATION OF INJURY,0,0,41.9980997597,-87.6585749141,60660,"CHICAGO OHARE INTERNATIONAL AIRPORT, IL US",39.0,37.0,93.0,0.01,2.0,5.0
crash_06144,2023-02-08 14:52:00,2023,2,Feb,Wed,14,Daytime,30,NO CONTROLS,CLEAR,DAYLIGHT,REAR END,DIVIDED - W/MEDIAN (NOT RAISED),DRY,NO INJURY / DRIVE AWAY,,,"$501 - $1,500",FOLLOWING TOO CLOSELY,2,NO INDICATION OF INJURY,0,0,41.9537040292,-87.7474517015,60641,"CHICAGO OHARE INTERNATIONAL AIRPORT, IL US",44.0,26.0,49.0,0.0,10.0,7.0
crash_06145,2023-02-15 15:45:00,2023,2,Feb,Wed,15,Evening commute,25,NO CONTROLS,CLEAR,DAYLIGHT,PARKED MOTOR VEHICLE,DIVIDED - W/MEDIAN (NOT RAISED),DRY,NO INJURY / DRIVE AWAY,,true,"OVER $1,500",UNABLE TO DETERMINE,2,NO INDICATION OF INJURY,0,0,41.8507486782,-87.7029184008,60623,"CHICAGO MIDWAY AIRPORT, IL US",41.0,32.0,70.0,0.0,10.0,20.0
crash_06146,2020-12-18 03:00:00,2020,12,Dec,Fri,3,Night or early morning,25,NO CONTROLS,CLEAR,"DARKNESS, LIGHTED ROAD",PARKED MOTOR VEHICLE,ONE-WAY,DRY,NO INJURY / DRIVE AWAY,,true,"OVER $1,500",UNABLE TO DETERMINE,2,NO INDICATION OF INJURY,0,0,41.8233274893,-87.708591412,60632,"CHICAGO MIDWAY AIRPORT, IL US",26.0,20.0,78.0,0.0,10.0,3.0
crash_06147,2022-06-16 15:36:00,2022,6,Jun,Thu,15,Evening commute,30,STOP SIGN/FLASHER,CLEAR,DAYLIGHT,ANGLE,FOUR WAY,DRY,INJURY AND / OR TOW DUE TO CRASH,true,,"$501 - $1,500",FAILING TO YIELD RIGHT-OF-WAY,3,NONINCAPACITATING INJURY,2,0,41.9365348472,-87.786020222,60634,"CHICAGO OHARE INTERNATIONAL AIRPORT, IL US",93.0,50.0,23.0,0.0,10.0,18.0
crash_06148,2018-03-17 17:45:00,2018,3,Mar,Sat,17,Evening commute,30,TRAFFIC SIGNAL,CLEAR,DAYLIGHT,FIXED OBJECT,NOT DIVIDED,DRY,INJURY AND / OR TOW DUE TO CRASH,true,,"OVER $1,500",IMPROPER TURNING/NO SIGNAL,1,NO INDICATION OF INJURY,0,0,41.8551726204,-87.7149533683,60623,"CHICAGO MIDWAY AIRPORT, IL US",44.0,18.0,35.0,0.0,10.0,9.0
crash_06149,2022-03-29 09:30:00,2022,3,Mar,Tue,9,Morning commute,35,TRAFFIC SIGNAL,CLEAR,DAYLIGHT,REAR END,NOT DIVIDED,DRY,INJURY AND / OR TOW DUE TO CRASH,,,$500 OR LESS,UNABLE TO DETERMINE,2,"REPORTED, NOT EVIDENT",2,0,41.7079332906,-87.5683491228,60617,"CHICAGO MIDWAY AIRPORT, IL US",34.0,13.0,42.0,0.0,10.0,13.0
crash_06150,2018-11-10 03:00:00,2018,11,Nov,Sat,3,Night or early morning,5,NO CONTROLS,UNKNOWN,"DARKNESS, LIGHTED ROAD",PARKED MOTOR VEHICLE,ALLEY,UNKNOWN,NO INJURY / DRIVE AWAY,,true,"OVER $1,500",UNABLE TO DETERMINE,2,NO INDICATION OF INJURY,0,0,41.7342040208,-87.6443894216,60620,"CHICAGO MIDWAY AIRPORT, IL US",22.0,12.0,66.0,0.0,10.0,24.0
crash_06151,2023-11-22 15:15:00,2023,11,Nov,Wed,15,Evening commute,30,STOP SIGN/FLASHER,CLEAR,DAYLIGHT,ANGLE,NOT DIVIDED,DRY,INJURY AND / OR TOW DUE TO CRASH,,true,"OVER $1,500",FAILING TO YIELD RIGHT-OF-WAY,2,NO INDICATION OF INJURY,0,0,41.9614642851,-87.7575614205,60630,"CHICAGO OHARE INTERNATIONAL AIRPORT, IL US",44.0,33.0,65.0,,10.0,10.0