crash_id,crash_datetime,crash_year,crash_month,crash_month_name,crash_weekday_name,crash_hour,time_period,posted_speed_limit_mph,traffic_control_device,reported_weather_condition,reported_lighting_condition,first_crash_type,trafficway_type,reported_road_surface_condition,crash_type,intersection_related,hit_and_run,estimated_damage,primary_contributory_cause,unit_count,most_severe_injury,injuries_total,injuries_fatal,latitude,longitude,zip5,weather_station_name,temperature_f,dew_point_f,relative_humidity_percent,precipitation_inches,visibility_miles,wind_speed_mph
crash_06152,2023-06-01 13:00:00,2023,6,Jun,Thu,13,Daytime,25,NO CONTROLS,CLEAR,DAYLIGHT,PARKED MOTOR VEHICLE,ONE-WAY,DRY,NO INJURY / DRIVE AWAY,,,"OVER $1,500",IMPROPER LANE USAGE,2,NO INDICATION OF INJURY,0,0,41.8824350404,-87.6263695894,60602,"CHICAGO MIDWAY AIRPORT, IL US",89.0,62.0,41.0,0.0,10.0,11.0
crash_06153,2025-10-08 09:45:00,2025,10,Oct,Wed,9,Morning commute,30,NO CONTROLS,CLEAR,DAYLIGHT,PARKED MOTOR VEHICLE,NOT DIVIDED,DRY,NO INJURY / DRIVE AWAY,,,"OVER $1,500",UNABLE TO DETERMINE,2,NO INDICATION OF INJURY,0,0,41.7313031767,-87.6035643176,60619,,,,,,,
crash_06154,2018-09-05 07:10:00,2018,9,Sep,Wed,7,Morning commute,30,NO CONTROLS,CLEAR,DAYLIGHT,FIXED OBJECT,OTHER,DRY,NO INJURY / DRIVE AWAY,,true,"OVER $1,500",IMPROPER BACKING,1,NO INDICATION OF INJURY,0,0,41.7591238149,-87.5862942854,60619,"CHICAGO MIDWAY AIRPORT, IL US",77.0,68.0,74.0,0.0,10.0,7.0
crash_06155,2023-09-18 11:15:00,2023,9,Sep,Mon,11,Daytime,30,NO CONTROLS,CLEAR,DAYLIGHT,REAR END,NOT DIVIDED,DRY,NO INJURY / DRIVE AWAY,,,"OVER $1,500",FOLLOWING TOO CLOSELY,2,NO INDICATION OF INJURY,0,0,41.9846662832,-87.8070730079,60631,"CHICAGO OHARE INTERNATIONAL AIRPORT, IL US",69.0,55.0,61.0,,10.0,5.0
crash_06156,2021-10-04 09:04:00,2021,10,Oct,Mon,9,Morning commute,35,NO CONTROLS,RAIN,DAYLIGHT,PARKED MOTOR VEHICLE,ONE-WAY,WET,NO INJURY / DRIVE AWAY,,,"$501 - $1,500",NOT APPLICABLE,2,NO INDICATION OF INJURY,0,0,41.7452668649,-87.5891898349,60619,"CHICAGO MIDWAY AIRPORT, IL US",68.0,60.0,76.0,0.0,8.0,9.0
crash_06157,2021-03-18 14:15:00,2021,3,Mar,Thu,14,Daytime,30,NO CONTROLS,CLEAR,DAYLIGHT,PARKED MOTOR VEHICLE,ONE-WAY,DRY,NO INJURY / DRIVE AWAY,,true,"OVER $1,500",UNABLE TO DETERMINE,2,NO INDICATION OF INJURY,0,0,41.7622039252,-87.6748246605,60636,"CHICAGO MIDWAY AIRPORT, IL US",41.0,32.0,70.0,0.0,10.0,29.0
crash_06158,2025-03-15 13:15:00,2025,3,Mar,Sat,13,Daytime,30,UNKNOWN,UNKNOWN,UNKNOWN,REAR TO SIDE,PARKING LOT,UNKNOWN,NO INJURY / DRIVE AWAY,,,$500 OR LESS,UNABLE TO DETERMINE,2,NO INDICATION OF INJURY,0,0,41.989900565,-87.6701266047,60660,"CHICAGO OHARE INTERNATIONAL AIRPORT, IL US",66.0,45.0,47.0,,8.0,21.0
crash_06159,2024-05-29 07:45:00,2024,5,May,Wed,7,Morning commute,30,NO CONTROLS,CLEAR,DAYLIGHT,ANGLE,UNKNOWN INTERSECTION TYPE,UNKNOWN,NO INJURY / DRIVE AWAY,true,,"OVER $1,500",UNABLE TO DETERMINE,2,NO INDICATION OF INJURY,0,0,41.9757645951,-87.786725602,60630,"CHICAGO OHARE INTERNATIONAL AIRPORT, IL US",59.0,53.0,81.0,0.0,10.0,8.0
crash_06160,2024-02-19 21:50:00,2024,2,Feb,Mon,21,Night or early morning,30,NO CONTROLS,CLEAR,"DARKNESS, LIGHTED ROAD",PARKED MOTOR VEHICLE,NOT DIVIDED,DRY,NO INJURY / DRIVE AWAY,,,"OVER $1,500",UNABLE TO DETERMINE,2,NO INDICATION OF INJURY,0,0,41.9699588631,-87.6598431782,60640,"CHICAGO MIDWAY AIRPORT, IL US",38.0,28.0,68.0,0.0,10.0,7.0
crash_06161,2023-07-19 17:30:00,2023,7,Jul,Wed,17,Evening commute,30,NO CONTROLS,CLEAR,DAYLIGHT,PARKED MOTOR VEHICLE,DIVIDED - W/MEDIAN (NOT RAISED),DRY,NO INJURY / DRIVE AWAY,,,"OVER $1,500","VISION OBSCURED (SIGNS, TREE LIMBS, BUILDINGS, ETC.)",2,NO INDICATION OF INJURY,0,0,41.9192351006,-87.769021094,60639,"CHICAGO OHARE INTERNATIONAL AIRPORT, IL US",85.0,55.0,36.0,0.0,10.0,7.0
crash_06162,2024-11-21 11:00:00,2024,11,Nov,Thu,11,Daytime,30,TRAFFIC SIGNAL,SNOW,DAYLIGHT,REAR END,DIVIDED - W/MEDIAN (NOT RAISED),SNOW OR SLUSH,INJURY AND / OR TOW DUE TO CRASH,,,$500 OR LESS,FOLLOWING TOO CLOSELY,2,"REPORTED, NOT EVIDENT",1,0,41.9461738753,-87.7343276728,60641,"CHICAGO OHARE INTERNATIONAL AIRPORT, IL US",32.0,30.0,92.0,,0.5,14.0
crash_06163,2022-10-18 14:19:00,2022,10,Oct,Tue,14,Daytime,30,TRAFFIC SIGNAL,CLOUDY/OVERCAST,DAYLIGHT,SIDESWIPE SAME DIRECTION,NOT DIVIDED,DRY,NO INJURY / DRIVE AWAY,true,,"OVER $1,500",UNABLE TO DETERMINE,2,NO INDICATION OF INJURY,0,0,41.7682384769,-87.6834869571,60629,"CHICAGO MIDWAY AIRPORT, IL US",47.0,26.0,44.0,0.0,10.0,15.0
crash_06164,2024-03-02 22:08:00,2024,3,Mar,Sat,22,Night or early morning,30,NO CONTROLS,CLEAR,"DARKNESS, LIGHTED ROAD",PARKED MOTOR VEHICLE,DIVIDED - W/MEDIAN (NOT RAISED),UNKNOWN,NO INJURY / DRIVE AWAY,,true,"OVER $1,500",UNABLE TO DETERMINE,2,NO INDICATION OF INJURY,0,0,41.9354058534,-87.7466029292,60641,"CHICAGO OHARE INTERNATIONAL AIRPORT, IL US",50.0,38.0,63.0,0.0,10.0,10.0
crash_06165,2024-08-16 15:00:00,2024,8,Aug,Fri,15,Evening commute,30,NO CONTROLS,UNKNOWN,UNKNOWN,PARKED MOTOR VEHICLE,ONE-WAY,UNKNOWN,INJURY AND / OR TOW DUE TO CRASH,,true,"OVER $1,500",UNABLE TO DETERMINE,2,NO INDICATION OF INJURY,0,0,41.9214152739,-87.708905875,60647,"CHICAGO MIDWAY AIRPORT, IL US",86.0,68.0,55.0,0.0,10.0,9.0
crash_06166,2022-05-23 12:00:00,2022,5,May,Mon,12,Daytime,30,NO CONTROLS,UNKNOWN,UNKNOWN,REAR END,NOT DIVIDED,UNKNOWN,INJURY AND / OR TOW DUE TO CRASH,,,"OVER $1,500",FAILING TO REDUCE SPEED TO AVOID CRASH,2,NONINCAPACITATING INJURY,1,0,41.9233286943,-87.6665753106,60614,"CHICAGO MIDWAY AIRPORT, IL US",60.0,38.0,44.0,0.0,10.0,14.0
crash_06167,2022-06-10 14:40:00,2022,6,Jun,Fri,14,Daytime,30,NO CONTROLS,CLEAR,DAYLIGHT,PARKED MOTOR VEHICLE,NOT DIVIDED,DRY,NO INJURY / DRIVE AWAY,,,$500 OR LESS,FAILING TO YIELD RIGHT-OF-WAY,2,NO INDICATION OF INJURY,0,0,41.9679959253,-87.7404775921,60630,"CHICAGO OHARE INTERNATIONAL AIRPORT, IL US",69.0,57.0,66.0,0.0,10.0,7.0
crash_06168,2018-05-01 08:15:00,2018,5,May,Tue,8,Morning commute,30,NO CONTROLS,CLEAR,DAYLIGHT,PARKED MOTOR VEHICLE,NOT DIVIDED,DRY,INJURY AND / OR TOW DUE TO CRASH,,,"OVER $1,500",PHYSICAL CONDITION OF DRIVER,3,NONINCAPACITATING INJURY,2,0,41.8442833691,-87.7142173533,60623,"CHICAGO MIDWAY AIRPORT, IL US",63.0,37.0,38.0,0.0,10.0,11.0
crash_06169,2021-02-27 00:00:00,2021,2,Feb,Sat,0,Night or early morning,30,NO CONTROLS,CLOUDY/OVERCAST,DAYLIGHT,PARKED MOTOR VEHICLE,NOT DIVIDED,WET,NO INJURY / DRIVE AWAY,,true,"OVER $1,500",FAILING TO YIELD RIGHT-OF-WAY,4,NO INDICATION OF INJURY,0,0,41.8153262341,-87.7056304062,60632,"CHICAGO MIDWAY AIRPORT, IL US",37.0,30.0,76.0,0.03,8.0,7.0
crash_06170,2021-08-27 22:23:00,2021,8,Aug,Fri,22,Night or early morning,30,NO CONTROLS,CLEAR,"DARKNESS, LIGHTED ROAD",REAR END,DIVIDED - W/MEDIAN (NOT RAISED),DRY,INJURY AND / OR TOW DUE TO CRASH,,,"OVER $1,500",UNABLE TO DETERMINE,2,NONINCAPACITATING INJURY,1,0,41.9540800679,-87.6988953984,60618,"CHICAGO OHARE INTERNATIONAL AIRPORT, IL US",83.0,74.0,74.0,0.0,10.0,9.0
crash_06171,2019-12-08 00:01:00,2019,12,Dec,Sun,0,Night or early morning,30,NO CONTROLS,UNKNOWN,UNKNOWN,PARKED MOTOR VEHICLE,DIVIDED - W/MEDIAN (NOT RAISED),UNKNOWN,INJURY AND / OR TOW DUE TO CRASH,,true,"OVER $1,500",UNABLE TO DETERMINE,2,NO INDICATION OF INJURY,0,0,41.8477666818,-87.7052845741,60623,"CHICAGO MIDWAY AIRPORT, IL US",36.0,24.0,62.0,0.0,10.0,11.0
crash_06172,2024-05-30 07:38:00,2024,5,May,Thu,7,Morning commute,30,NO CONTROLS,CLEAR,DAYLIGHT,PARKED MOTOR VEHICLE,NOT DIVIDED,DRY,INJURY AND / OR TOW DUE TO CRASH,,,"OVER $1,500",FOLLOWING TOO CLOSELY,3,NO INDICATION OF INJURY,0,0,41.9590041351,-87.7286992144,60641,"CHICAGO OHARE INTERNATIONAL AIRPORT, IL US",56.0,42.0,60.0,0.0,10.0,8.0
crash_06173,2024-03-25 13:50:00,2024,3,Mar,Mon,13,Daytime,15,NO CONTROLS,CLOUDY/OVERCAST,DAYLIGHT,REAR TO SIDE,ALLEY,WET,NO INJURY / DRIVE AWAY,,,"OVER $1,500",FAILING TO YIELD RIGHT-OF-WAY,2,NO INDICATION OF INJURY,0,0,41.9375815203,-87.7663148918,60641,"CHICAGO OHARE INTERNATIONAL AIRPORT, IL US",57.0,46.0,67.0,0.01,9.0,22.0
crash_06174,2022-12-15 17:00:00,2022,12,Dec,Thu,17,Evening commute,30,OTHER,CLOUDY/OVERCAST,"DARKNESS, LIGHTED ROAD",TURNING,NOT DIVIDED,WET,NO INJURY / DRIVE AWAY,,,$500 OR LESS,UNABLE TO DETERMINE,2,NO INDICATION OF INJURY,0,0,41.885342706,-87.6602787255,60607,"CHICAGO MIDWAY AIRPORT, IL US",32.0,30.0,92.0,0.03,1.0,11.0
crash_06175,2021-09-27 09:27:00,2021,9,Sep,Mon,9,Morning commute,10,NO CONTROLS,CLEAR,DAYLIGHT,FIXED OBJECT,PARKING LOT,DRY,INJURY AND / OR TOW DUE TO CRASH,,,"OVER $1,500",EQUIPMENT - VEHICLE CONDITION,1,NO INDICATION OF INJURY,0,0,41.9057938403,-87.7262511371,60651,"CHICAGO MIDWAY AIRPORT, IL US",75.0,54.0,48.0,0.0,10.0,16.0
crash_06176,2022-06-24 17:05:00,2022,6,Jun,Fri,17,Evening commute,30,TRAFFIC SIGNAL,CLEAR,DAYLIGHT,REAR END,NOT DIVIDED,DRY,NO INJURY / DRIVE AWAY,true,true,"OVER $1,500",UNABLE TO DETERMINE,2,NO INDICATION OF INJURY,0,0,41.7938690123,-87.6452949015,60621,"CHICAGO MIDWAY AIRPORT, IL US",90.0,54.0,29.0,0.0,10.0,13.0
crash_06177,2020-09-17 11:48:00,2020,9,Sep,Thu,11,Daytime,30,NO CONTROLS,CLEAR,DAYLIGHT,SIDESWIPE SAME DIRECTION,NOT DIVIDED,DRY,NO INJURY / DRIVE AWAY,,,"OVER $1,500",UNABLE TO DETERMINE,2,NO INDICATION OF INJURY,0,0,41.9761729344,-87.6772319964,60640,"CHICAGO OHARE INTERNATIONAL AIRPORT, IL US",68.0,48.0,49.0,0.0,10.0,13.0
crash_06178,2025-01-27 08:35:00,2025,1,Jan,Mon,8,Morning commute,30,NO CONTROLS,CLEAR,DAYLIGHT,ANGLE,DIVIDED - W/MEDIAN (NOT RAISED),DRY,NO INJURY / DRIVE AWAY,,,"OVER $1,500",IMPROPER OVERTAKING/PASSING,2,NO INDICATION OF INJURY,0,0,41.909420111,-87.7535502769,60651,"CHICAGO MIDWAY AIRPORT, IL US",25.0,7.0,46.0,,10.0,17.0
crash_06179,2022-05-31 00:23:00,2022,5,May,Tue,0,Night or early morning,30,TRAFFIC SIGNAL,CLEAR,"DARKNESS, LIGHTED ROAD",TURNING,FOUR WAY,DRY,NO INJURY / DRIVE AWAY,true,true,"$501 - $1,500",IMPROPER OVERTAKING/PASSING,2,NO INDICATION OF INJURY,0,0,41.9106704572,-87.6726390811,60622,"CHICAGO MIDWAY AIRPORT, IL US",80.0,62.0,54.0,0.0,10.0,16.0
crash_06180,2025-12-28 03:48:00,2025,12,Dec,Sun,3,Night or early morning,30,TRAFFIC SIGNAL,RAIN,"DARKNESS, LIGHTED ROAD",FIXED OBJECT,FOUR WAY,WET,INJURY AND / OR TOW DUE TO CRASH,true,,"OVER $1,500",UNABLE TO DETERMINE,1,NONINCAPACITATING INJURY,1,0,41.8955809633,-87.6674247797,60622,,,,,,,
crash_06181,2021-07-09 19:50:00,2021,7,Jul,Fri,19,Night or early morning,30,TRAFFIC SIGNAL,CLEAR,DAYLIGHT,REAR END,FOUR WAY,DRY,NO INJURY / DRIVE AWAY,,true,"OVER $1,500",UNABLE TO DETERMINE,2,NO INDICATION OF INJURY,0,0,41.9574472825,-87.7082718321,60618,"CHICAGO OHARE INTERNATIONAL AIRPORT, IL US",72.0,48.0,43.0,0.0,10.0,8.0
crash_06182,2024-03-24 13:00:00,2024,3,Mar,Sun,13,Daytime,15,NO CONTROLS,UNKNOWN,UNKNOWN,PARKED MOTOR VEHICLE,PARKING LOT,DRY,NO INJURY / DRIVE AWAY,,,"OVER $1,500",UNABLE TO DETERMINE,2,NO INDICATION OF INJURY,0,0,41.9947933861,-87.8827076595,60666,"CHICAGO OHARE INTERNATIONAL AIRPORT, IL US",45.0,23.0,42.0,0.0,10.0,17.0
crash_06183,2023-10-05 09:10:00,2023,10,Oct,Thu,9,Morning commute,45,DELINEATORS,RAIN,DAYLIGHT,REAR END,DIVIDED - W/MEDIAN BARRIER,WET,INJURY AND / OR TOW DUE TO CRASH,,,"OVER $1,500",WEATHER,2,"REPORTED, NOT EVIDENT",2,0,41.7907375876,-87.5797093603,60637,"CHICAGO MIDWAY AIRPORT, IL US",67.0,65.0,93.0,0.0,5.0,3.0
crash_06184,2023-12-19 17:45:00,2023,12,Dec,Tue,17,Evening commute,30,TRAFFIC SIGNAL,CLEAR,"DARKNESS, LIGHTED ROAD",SIDESWIPE SAME DIRECTION,FOUR WAY,DRY,NO INJURY / DRIVE AWAY,true,,$500 OR LESS,UNABLE TO DETERMINE,2,NO INDICATION OF INJURY,0,0,41.8023643092,-87.6063032172,60615,"CHICAGO MIDWAY AIRPORT, IL US",32.0,20.0,61.0,0.0,10.0,13.0
crash_06185,2025-03-10 17:10:00,2025,3,Mar,Mon,17,Evening commute,30,NO CONTROLS,CLEAR,DAYLIGHT,PARKED MOTOR VEHICLE,NOT DIVIDED,DRY,NO INJURY / DRIVE AWAY,,true,"OVER $1,500",UNABLE TO DETERMINE,2,NO INDICATION OF INJURY,0,0,41.7288700068,-87.6279104527,60620,"CHICAGO MIDWAY AIRPORT, IL US",69.0,30.0,23.0,0.0,10.0,16.0
crash_06186,2025-11-01 23:57:00,2025,11,Nov,Sat,23,Night or early morning,30,STOP SIGN/FLASHER,CLEAR,"DARKNESS, LIGHTED ROAD",ANGLE,FOUR WAY,DRY,NO INJURY / DRIVE AWAY,true,,$500 OR LESS,DISREGARDING STOP SIGN,2,NO INDICATION OF INJURY,0,0,41.7843332489,-87.7034372971,60629,,,,,,,
crash_06187,2020-06-06 23:45:00,2020,6,Jun,Sat,23,Night or early morning,20,NO CONTROLS,CLEAR,"DARKNESS, LIGHTED ROAD",PARKED MOTOR VEHICLE,ONE-WAY,DRY,NO INJURY / DRIVE AWAY,,true,"$501 - $1,500",UNABLE TO DETERMINE,2,NO INDICATION OF INJURY,0,0,41.8906017074,-87.7531420642,60644,"CHICAGO MIDWAY AIRPORT, IL US",62.0,48.0,60.0,0.0,10.0,13.0
crash_06188,2018-01-05 11:35:00,2018,1,Jan,Fri,11,Daytime,30,STOP SIGN/FLASHER,CLEAR,DAYLIGHT,REAR END,NOT DIVIDED,DRY,INJURY AND / OR TOW DUE TO CRASH,,,"$501 - $1,500",FOLLOWING TOO CLOSELY,2,NO INDICATION OF INJURY,0,0,41.8853472037,-87.6694892308,60612,"CHICAGO MIDWAY AIRPORT, IL US",10.0,-5.0,50.0,0.0,10.0,14.0
crash_06189,2018-07-02 14:25:00,2018,7,Jul,Mon,14,Daytime,30,NO CONTROLS,CLEAR,DAYLIGHT,SIDESWIPE SAME DIRECTION,DIVIDED - W/MEDIAN (NOT RAISED),DRY,NO INJURY / DRIVE AWAY,true,,"OVER $1,500",IMPROPER OVERTAKING/PASSING,2,NO INDICATION OF INJURY,0,0,41.7214176358,-87.6554465678,60620,"CHICAGO MIDWAY AIRPORT, IL US",81.0,62.0,53.0,0.0,10.0,7.0
crash_06190,2019-06-04 08:38:00,2019,6,Jun,Tue,8,Morning commute,35,TRAFFIC SIGNAL,UNKNOWN,UNKNOWN,TURNING,NOT DIVIDED,UNKNOWN,NO INJURY / DRIVE AWAY,,,"$501 - $1,500",IMPROPER LANE USAGE,2,NO INDICATION OF INJURY,0,0,41.8551366368,-87.6303046341,60616,"CHICAGO MIDWAY AIRPORT, IL US",65.0,55.0,70.0,0.0,10.0,13.0
crash_06191,2024-09-29 03:59:00,2024,9,Sep,Sun,3,Night or early morning,35,NO CONTROLS,CLEAR,"DARKNESS, LIGHTED ROAD",FIXED OBJECT,OTHER,OTHER,INJURY AND / OR TOW DUE TO CRASH,,true,"OVER $1,500",NOT APPLICABLE,1,NO INDICATION OF INJURY,0,0,41.7352583572,-87.6725640639,60620,"CHICAGO MIDWAY AIRPORT, IL US",70.0,58.0,66.0,0.0,10.0,13.0
crash_06192,2019-11-09 18:00:00,2019,11,Nov,Sat,18,Evening commute,30,NO CONTROLS,CLEAR,DARKNESS,FIXED OBJECT,RAMP,DRY,NO INJURY / DRIVE AWAY,,,$500 OR LESS,DISTRACTION - FROM OUTSIDE VEHICLE,1,NO INDICATION OF INJURY,0,0,41.8933480717,-87.6074490034,60611,"CHICAGO MIDWAY AIRPORT, IL US",45.0,27.0,49.0,0.0,10.0,7.0
crash_06193,2020-06-06 14:50:00,2020,6,Jun,Sat,14,Daytime,25,STOP SIGN/FLASHER,CLEAR,DAYLIGHT,HEAD ON,ONE-WAY,DRY,INJURY AND / OR TOW DUE TO CRASH,true,true,"OVER $1,500",UNABLE TO DETERMINE,2,NO INDICATION OF INJURY,0,0,41.8740765363,-87.7531138235,60644,"CHICAGO MIDWAY AIRPORT, IL US",75.0,48.0,39.0,0.0,10.0,14.0
crash_06194,2023-06-13 22:30:00,2023,6,Jun,Tue,22,Night or early morning,30,TRAFFIC SIGNAL,CLEAR,"DARKNESS, LIGHTED ROAD",REAR END,NOT DIVIDED,DRY,NO INJURY / DRIVE AWAY,true,,"$501 - $1,500",FOLLOWING TOO CLOSELY,2,NO INDICATION OF INJURY,0,0,41.9359777718,-87.6632849299,60657,"CHICAGO MIDWAY AIRPORT, IL US",63.0,57.0,83.0,,9.0,8.0
crash_06195,2024-07-31 08:53:00,2024,7,Jul,Wed,8,Morning commute,30,NO CONTROLS,CLEAR,DAYLIGHT,PEDALCYCLIST,ONE-WAY,DRY,INJURY AND / OR TOW DUE TO CRASH,,true,"OVER $1,500",DRIVING SKILLS/KNOWLEDGE/EXPERIENCE,2,NONINCAPACITATING INJURY,1,0,41.8853144913,-87.626413395,60601,"CHICAGO MIDWAY AIRPORT, IL US",77.0,69.0,77.0,0.0,10.0,8.0
crash_06196,2022-09-19 15:00:00,2022,9,Sep,Mon,15,Evening commute,30,STOP SIGN/FLASHER,CLEAR,DAYLIGHT,ANGLE,NOT DIVIDED,DRY,NO INJURY / DRIVE AWAY,true,,"OVER $1,500",UNABLE TO DETERMINE,2,NO INDICATION OF INJURY,0,0,41.7176287309,-87.5366382272,60617,"CHICAGO MIDWAY AIRPORT, IL US",78.0,57.0,48.0,0.0,10.0,9.0
crash_06197,2025-08-27 08:48:00,2025,8,Aug,Wed,8,Morning commute,30,STOP SIGN/FLASHER,CLEAR,DAYLIGHT,ANGLE,FOUR WAY,DRY,INJURY AND / OR TOW DUE TO CRASH,true,,"OVER $1,500",FAILING TO YIELD RIGHT-OF-WAY,2,"REPORTED, NOT EVIDENT",1,0,41.7996752873,-87.6454412782,60609,,,,,,,
crash_06198,2023-04-19 20:00:00,2023,4,Apr,Wed,20,Night or early morning,20,NO CONTROLS,RAIN,DAYLIGHT,SIDESWIPE SAME DIRECTION,ONE-WAY,WET,NO INJURY / DRIVE AWAY,,true,$500 OR LESS,IMPROPER OVERTAKING/PASSING,2,NO INDICATION OF INJURY,0,0,41.8102195856,-87.5903019893,60615,"CHICAGO MIDWAY AIRPORT, IL US",50.0,40.0,68.0,0.0,10.0,11.0
crash_06199,2024-04-04 12:00:00,2024,4,Apr,Thu,12,Daytime,30,NO CONTROLS,CLEAR,DAYLIGHT,SIDESWIPE SAME DIRECTION,DIVIDED - W/MEDIAN (NOT RAISED),UNKNOWN,NO INJURY / DRIVE AWAY,,,"OVER $1,500",UNABLE TO DETERMINE,2,NO INDICATION OF INJURY,0,0,41.9948669235,-87.8066770691,60631,"CHICAGO OHARE INTERNATIONAL AIRPORT, IL US",38.0,34.0,86.0,0.01,7.0,10.0
crash_06200,2022-08-28 21:00:00,2022,8,Aug,Sun,21,Night or early morning,30,TRAFFIC SIGNAL,CLEAR,"DARKNESS, LIGHTED ROAD",REAR END,DIVIDED - W/MEDIAN (NOT RAISED),DRY,NO INJURY / DRIVE AWAY,,,"OVER $1,500",FOLLOWING TOO CLOSELY,2,NO INDICATION OF INJURY,0,0,41.8496537739,-87.6189186792,60616,"CHICAGO MIDWAY AIRPORT, IL US",83.0,71.0,67.0,,10.0,10.0
crash_06201,2024-08-17 03:00:00,2024,8,Aug,Sat,3,Night or early morning,20,NO CONTROLS,CLEAR,"DARKNESS, LIGHTED ROAD",PARKED MOTOR VEHICLE,NOT DIVIDED,DRY,INJURY AND / OR TOW DUE TO CRASH,,,"OVER $1,500",NOT APPLICABLE,3,NO INDICATION OF INJURY,0,0,41.7952970688,-87.7328782075,60632,"CHICAGO MIDWAY AIRPORT, IL US",72.0,67.0,84.0,0.0,10.0,6.0
crash_06202,2025-02-12 08:50:00,2025,2,Feb,Wed,8,Morning commute,30,TRAFFIC SIGNAL,CLOUDY/OVERCAST,DAYLIGHT,REAR END,DIVIDED - W/MEDIAN (NOT RAISED),DRY,NO INJURY / DRIVE AWAY,,,"$501 - $1,500",FOLLOWING TOO CLOSELY,2,NO INDICATION OF INJURY,0,0,41.8774390046,-87.6713535675,60612,"CHICAGO MIDWAY AIRPORT, IL US",29.0,20.0,69.0,0.0,10.0,16.0
crash_06203,2025-03-16 02:17:00,2025,3,Mar,Sun,2,Night or early morning,55,NO CONTROLS,RAIN,"DARKNESS, LIGHTED ROAD",FIXED OBJECT,DIVIDED - W/MEDIAN BARRIER,WET,INJURY AND / OR TOW DUE TO CRASH,,,"OVER $1,500",DRIVING SKILLS/KNOWLEDGE/EXPERIENCE,1,NO INDICATION OF INJURY,0,0,41.9796685904,-87.8792690639,60666,"CHICAGO OHARE INTERNATIONAL AIRPORT, IL US",39.0,33.0,79.0,0.0,10.0,11.0
crash_06204,2024-03-17 03:11:00,2024,3,Mar,Sun,3,Night or early morning,30,TRAFFIC SIGNAL,CLEAR,"DARKNESS, LIGHTED ROAD",ANGLE,FOUR WAY,DRY,INJURY AND / OR TOW DUE TO CRASH,true,true,"OVER $1,500",DISREGARDING TRAFFIC SIGNALS,2,"REPORTED, NOT EVIDENT",2,0,41.8774362051,-87.7061343001,60624,"CHICAGO MIDWAY AIRPORT, IL US",39.0,22.0,50.0,0.0,10.0,14.0
crash_06205,2022-12-13 16:30:00,2022,12,Dec,Tue,16,Evening commute,30,NO CONTROLS,CLOUDY/OVERCAST,"DARKNESS, LIGHTED ROAD",SIDESWIPE SAME DIRECTION,NOT DIVIDED,DRY,NO INJURY / DRIVE AWAY,,,"$501 - $1,500",FAILING TO YIELD RIGHT-OF-WAY,2,NO INDICATION OF INJURY,0,0,41.9361042139,-87.6473919217,60657,"CHICAGO MIDWAY AIRPORT, IL US",37.0,28.0,70.0,0.0,10.0,18.0
crash_06206,2019-05-19 09:02:00,2019,5,May,Sun,9,Morning commute,30,TRAFFIC SIGNAL,CLOUDY/OVERCAST,DAYLIGHT,SIDESWIPE SAME DIRECTION,DIVIDED - W/MEDIAN BARRIER,WET,INJURY AND / OR TOW DUE TO CRASH,,,"OVER $1,500",FAILING TO YIELD RIGHT-OF-WAY,2,NONINCAPACITATING INJURY,1,0,41.8958495768,-87.6244206992,60611,"CHICAGO MIDWAY AIRPORT, IL US",68.0,63.0,84.0,0.0,10.0,16.0
crash_06207,2023-04-26 07:45:00,2023,4,Apr,Wed,7,Morning commute,30,TRAFFIC SIGNAL,CLEAR,DAYLIGHT,SIDESWIPE SAME DIRECTION,ONE-WAY,DRY,NO INJURY / DRIVE AWAY,,,"OVER $1,500",FAILING TO REDUCE SPEED TO AVOID CRASH,2,NO INDICATION OF INJURY,0,0,41.9029857042,-87.6607753829,60642,"CHICAGO MIDWAY AIRPORT, IL US",43.0,31.0,63.0,0.0,10.0,11.0
crash_06208,2021-08-23 19:46:00,2021,8,Aug,Mon,19,Night or early morning,10,NO CONTROLS,CLEAR,DAYLIGHT,REAR TO REAR,PARKING LOT,DRY,NO INJURY / DRIVE AWAY,,,"OVER $1,500",UNABLE TO DETERMINE,2,NO INDICATION OF INJURY,0,0,41.9535835052,-87.7431252322,60641,"CHICAGO OHARE INTERNATIONAL AIRPORT, IL US",83.0,71.0,67.0,0.0,10.0,6.0
crash_06209,2021-05-26 15:15:00,2021,5,May,Wed,15,Evening commute,30,STOP SIGN/FLASHER,CLEAR,DAYLIGHT,SIDESWIPE SAME DIRECTION,NOT DIVIDED,DRY,NO INJURY / DRIVE AWAY,,,"$501 - $1,500",IMPROPER OVERTAKING/PASSING,2,NO INDICATION OF INJURY,0,0,41.7070233197,-87.6308455381,60628,"CHICAGO MIDWAY AIRPORT, IL US",81.0,47.0,30.0,0.0,10.0,13.0
crash_06210,2019-09-01 09:15:00,2019,9,Sep,Sun,9,Morning commute,30,TRAFFIC SIGNAL,CLEAR,DAYLIGHT,REAR END,DIVIDED - W/MEDIAN (NOT RAISED),DRY,NO INJURY / DRIVE AWAY,,,"$501 - $1,500",DRIVING SKILLS/KNOWLEDGE/EXPERIENCE,2,NO INDICATION OF INJURY,0,0,41.7783404499,-87.7421432762,60629,"CHICAGO MIDWAY AIRPORT, IL US",65.0,59.0,81.0,0.0,10.0,0.0