crash_id,crash_datetime,crash_year,crash_month,crash_month_name,crash_weekday_name,crash_hour,time_period,posted_speed_limit_mph,traffic_control_device,reported_weather_condition,reported_lighting_condition,first_crash_type,trafficway_type,reported_road_surface_condition,crash_type,intersection_related,hit_and_run,estimated_damage,primary_contributory_cause,unit_count,most_severe_injury,injuries_total,injuries_fatal,latitude,longitude,zip5,weather_station_name,temperature_f,dew_point_f,relative_humidity_percent,precipitation_inches,visibility_miles,wind_speed_mph
crash_06211,2021-05-20 16:20:00,2021,5,May,Thu,16,Evening commute,30,NO CONTROLS,CLEAR,DAYLIGHT,REAR END,DIVIDED - W/MEDIAN BARRIER,DRY,NO INJURY / DRIVE AWAY,,true,"$501 - $1,500",UNABLE TO DETERMINE,2,NO INDICATION OF INJURY,0,0,41.8744068873,-87.7252983721,60624,"CHICAGO MIDWAY AIRPORT, IL US",85.0,56.0,37.0,0.0,10.0,17.0
crash_06212,2018-03-26 18:00:00,2018,3,Mar,Mon,18,Evening commute,35,NO CONTROLS,RAIN,DAYLIGHT,PARKED MOTOR VEHICLE,NOT DIVIDED,WET,NO INJURY / DRIVE AWAY,,true,"$501 - $1,500",UNABLE TO DETERMINE,2,NO INDICATION OF INJURY,0,0,41.9682556374,-87.7168773813,60625,"CHICAGO OHARE INTERNATIONAL AIRPORT, IL US",52.0,33.0,49.0,0.0,10.0,9.0
crash_06213,2023-04-12 18:30:00,2023,4,Apr,Wed,18,Evening commute,30,NO CONTROLS,CLEAR,DAYLIGHT,SIDESWIPE SAME DIRECTION,NOT DIVIDED,UNKNOWN,NO INJURY / DRIVE AWAY,,true,"$501 - $1,500",UNABLE TO DETERMINE,2,NO INDICATION OF INJURY,0,0,41.9648667821,-87.7009605405,60625,"CHICAGO OHARE INTERNATIONAL AIRPORT, IL US",79.0,39.0,24.0,0.0,10.0,13.0
crash_06214,2023-12-30 11:05:00,2023,12,Dec,Sat,11,Daytime,30,TRAFFIC SIGNAL,CLEAR,DAYLIGHT,TURNING,FOUR WAY,DRY,NO INJURY / DRIVE AWAY,,,"OVER $1,500",FAILING TO YIELD RIGHT-OF-WAY,2,NO INDICATION OF INJURY,0,0,41.8011044264,-87.6936880946,60632,"CHICAGO MIDWAY AIRPORT, IL US",33.0,31.0,92.0,0.0,8.0,13.0
crash_06215,2023-03-08 18:30:00,2023,3,Mar,Wed,18,Evening commute,30,TRAFFIC SIGNAL,CLEAR,DAYLIGHT,TURNING,NOT DIVIDED,DRY,INJURY AND / OR TOW DUE TO CRASH,,true,"OVER $1,500",DISREGARDING TRAFFIC SIGNALS,2,NO INDICATION OF INJURY,0,0,41.7648593824,-87.6639401763,60636,"CHICAGO MIDWAY AIRPORT, IL US",41.0,20.0,43.0,0.0,10.0,11.0
crash_06216,2021-09-17 16:00:00,2021,9,Sep,Fri,16,Evening commute,35,NO CONTROLS,CLEAR,DAYLIGHT,SIDESWIPE SAME DIRECTION,DIVIDED - W/MEDIAN BARRIER,DRY,NO INJURY / DRIVE AWAY,,true,"$501 - $1,500",IMPROPER OVERTAKING/PASSING,2,NO INDICATION OF INJURY,0,0,41.7665616709,-87.5857875626,60649,"CHICAGO MIDWAY AIRPORT, IL US",89.0,53.0,29.0,0.0,10.0,7.0
crash_06217,2022-06-05 01:38:00,2022,6,Jun,Sun,1,Night or early morning,30,NO CONTROLS,CLEAR,"DARKNESS, LIGHTED ROAD",SIDESWIPE OPPOSITE DIRECTION,FOUR WAY,DRY,INJURY AND / OR TOW DUE TO CRASH,true,true,"OVER $1,500",DRIVING ON WRONG SIDE/WRONG WAY,2,NO INDICATION OF INJURY,0,0,41.6853896079,-87.6052248634,60628,"CHICAGO MIDWAY AIRPORT, IL US",63.0,47.0,56.0,0.0,10.0,8.0
crash_06218,2024-09-05 13:41:00,2024,9,Sep,Thu,13,Daytime,30,TRAFFIC SIGNAL,CLEAR,DAYLIGHT,REAR TO FRONT,NOT DIVIDED,DRY,NO INJURY / DRIVE AWAY,,,"OVER $1,500",UNABLE TO DETERMINE,2,NO INDICATION OF INJURY,0,0,41.8952211913,-87.7259286081,60624,"CHICAGO MIDWAY AIRPORT, IL US",87.0,61.0,42.0,0.0,10.0,13.0
crash_06219,2022-06-05 20:01:00,2022,6,Jun,Sun,20,Night or early morning,30,NO CONTROLS,CLEAR,"DARKNESS, LIGHTED ROAD",TURNING,CENTER TURN LANE,DRY,NO INJURY / DRIVE AWAY,,,$500 OR LESS,IMPROPER OVERTAKING/PASSING,2,NO INDICATION OF INJURY,0,0,41.8354568663,-87.6658340173,60608,"CHICAGO MIDWAY AIRPORT, IL US",72.0,51.0,48.0,0.0,10.0,6.0
crash_06220,2025-07-14 16:00:00,2025,7,Jul,Mon,16,Evening commute,30,NO CONTROLS,CLEAR,DAYLIGHT,PARKED MOTOR VEHICLE,NOT DIVIDED,DRY,NO INJURY / DRIVE AWAY,,,"OVER $1,500",UNABLE TO DETERMINE,2,NO INDICATION OF INJURY,0,0,42.0142079272,-87.8079754698,60631,"CHICAGO OHARE INTERNATIONAL AIRPORT, IL US",86.0,55.0,35.0,0.0,8.0,6.0
crash_06221,2025-10-15 22:56:00,2025,10,Oct,Wed,22,Night or early morning,30,NO CONTROLS,CLEAR,"DARKNESS, LIGHTED ROAD",PARKED MOTOR VEHICLE,NOT DIVIDED,DRY,NO INJURY / DRIVE AWAY,,,"OVER $1,500",NOT APPLICABLE,2,,,,41.837301803,-87.6509805834,60608,,,,,,,
crash_06222,2023-05-14 16:55:00,2023,5,May,Sun,16,Evening commute,30,NO CONTROLS,RAIN,DAYLIGHT,ANGLE,ALLEY,WET,NO INJURY / DRIVE AWAY,,,"OVER $1,500",FAILING TO YIELD RIGHT-OF-WAY,2,NO INDICATION OF INJURY,0,0,41.7587908703,-87.6541114723,60636,"CHICAGO MIDWAY AIRPORT, IL US",58.0,44.0,60.0,0.0,10.0,14.0
crash_06223,2020-10-31 16:57:00,2020,10,Oct,Sat,16,Evening commute,20,NO CONTROLS,CLEAR,DAYLIGHT,REAR TO FRONT,ONE-WAY,DRY,NO INJURY / DRIVE AWAY,,,"$501 - $1,500","VISION OBSCURED (SIGNS, TREE LIMBS, BUILDINGS, ETC.)",2,NO INDICATION OF INJURY,0,0,41.7459369888,-87.6522548944,60620,"CHICAGO MIDWAY AIRPORT, IL US",59.0,33.0,38.0,0.0,10.0,18.0
crash_06224,2018-03-13 12:45:00,2018,3,Mar,Tue,12,Daytime,30,NO CONTROLS,CLEAR,DAYLIGHT,REAR END,NOT DIVIDED,DRY,NO INJURY / DRIVE AWAY,,,"OVER $1,500",IMPROPER OVERTAKING/PASSING,2,NO INDICATION OF INJURY,0,0,41.8673194053,-87.639056746,60607,"CHICAGO MIDWAY AIRPORT, IL US",34.0,20.0,56.0,0.0,5.0,15.0
crash_06225,2018-10-22 08:10:00,2018,10,Oct,Mon,8,Morning commute,30,OTHER,CLEAR,DAYLIGHT,REAR END,NOT DIVIDED,DRY,INJURY AND / OR TOW DUE TO CRASH,,,"OVER $1,500",FAILING TO REDUCE SPEED TO AVOID CRASH,2,NO INDICATION OF INJURY,0,0,41.6841446405,-87.7156598139,60655,"CHICAGO MIDWAY AIRPORT, IL US",39.0,29.0,67.0,0.0,10.0,9.0
crash_06226,2023-12-22 12:30:00,2023,12,Dec,Fri,12,Daytime,30,NO CONTROLS,CLOUDY/OVERCAST,DAYLIGHT,SIDESWIPE SAME DIRECTION,DIVIDED - W/MEDIAN (NOT RAISED),DRY,NO INJURY / DRIVE AWAY,true,true,"OVER $1,500",UNABLE TO DETERMINE,2,NO INDICATION OF INJURY,0,0,41.7050015457,-87.6429209365,60643,"CHICAGO MIDWAY AIRPORT, IL US",47.0,39.0,74.0,0.0,10.0,7.0
crash_06227,2021-06-10 18:54:00,2021,6,Jun,Thu,18,Evening commute,15,STOP SIGN/FLASHER,CLEAR,DAYLIGHT,ANGLE,NOT DIVIDED,DRY,INJURY AND / OR TOW DUE TO CRASH,true,,"OVER $1,500",FAILING TO YIELD RIGHT-OF-WAY,2,"REPORTED, NOT EVIDENT",1,0,41.780326898,-87.7278407007,60629,"CHICAGO MIDWAY AIRPORT, IL US",83.0,64.0,53.0,0.0,10.0,8.0
crash_06228,2018-02-14 14:30:00,2018,2,Feb,Wed,14,Daytime,30,NO CONTROLS,CLEAR,DAYLIGHT,SIDESWIPE SAME DIRECTION,DIVIDED - W/MEDIAN (NOT RAISED),WET,NO INJURY / DRIVE AWAY,,,"OVER $1,500",IMPROPER LANE USAGE,2,NO INDICATION OF INJURY,0,0,41.7208971162,-87.6774572803,60643,"CHICAGO MIDWAY AIRPORT, IL US",43.0,37.0,80.0,0.0,5.0,9.0
crash_06229,2024-11-19 15:40:00,2024,11,Nov,Tue,15,Evening commute,25,NO CONTROLS,CLEAR,DUSK,SIDESWIPE SAME DIRECTION,NOT DIVIDED,DRY,NO INJURY / DRIVE AWAY,,,"$501 - $1,500",UNABLE TO DETERMINE,2,NO INDICATION OF INJURY,0,0,41.7058788621,-87.6581215849,60643,"CHICAGO MIDWAY AIRPORT, IL US",63.0,47.0,56.0,0.0,10.0,15.0
crash_06230,2018-10-29 20:35:00,2018,10,Oct,Mon,20,Night or early morning,0,NO CONTROLS,CLEAR,"DARKNESS, LIGHTED ROAD",PARKED MOTOR VEHICLE,PARKING LOT,DRY,NO INJURY / DRIVE AWAY,,true,$500 OR LESS,IMPROPER BACKING,2,NO INDICATION OF INJURY,0,0,41.9962900308,-87.7167508882,60659,"CHICAGO OHARE INTERNATIONAL AIRPORT, IL US",47.0,42.0,83.0,0.0,10.0,5.0
crash_06231,2020-11-25 14:45:00,2020,11,Nov,Wed,14,Daytime,30,STOP SIGN/FLASHER,RAIN,DAYLIGHT,ANGLE,ONE-WAY,WET,NO INJURY / DRIVE AWAY,,,"$501 - $1,500",FAILING TO YIELD RIGHT-OF-WAY,2,NO INDICATION OF INJURY,0,0,41.8936022996,-87.7699500655,60644,"CHICAGO MIDWAY AIRPORT, IL US",47.0,45.0,93.0,0.0,5.0,7.0
crash_06232,2021-08-10 17:40:00,2021,8,Aug,Tue,17,Evening commute,30,NO CONTROLS,CLEAR,DAYLIGHT,REAR END,NOT DIVIDED,DRY,NO INJURY / DRIVE AWAY,,,"OVER $1,500",UNABLE TO DETERMINE,2,NO INDICATION OF INJURY,0,0,41.9281673464,-87.731385967,60639,"CHICAGO MIDWAY AIRPORT, IL US",,,,0.0,10.0,21.0
crash_06233,2025-05-21 15:05:00,2025,5,May,Wed,15,Evening commute,30,TRAFFIC SIGNAL,CLEAR,DAYLIGHT,REAR END,DIVIDED - W/MEDIAN BARRIER,WET,NO INJURY / DRIVE AWAY,,,"OVER $1,500",UNABLE TO DETERMINE,2,NO INDICATION OF INJURY,0,0,41.8379140423,-87.6851775051,60608,"CHICAGO MIDWAY AIRPORT, IL US",53.0,48.0,83.0,0.0,9.0,10.0
crash_06234,2024-05-29 08:00:00,2024,5,May,Wed,8,Morning commute,35,TRAFFIC SIGNAL,CLEAR,DAYLIGHT,OTHER OBJECT,NOT DIVIDED,DRY,NO INJURY / DRIVE AWAY,,,"OVER $1,500",ROAD CONSTRUCTION/MAINTENANCE,1,NO INDICATION OF INJURY,0,0,41.7152212361,-87.6431052708,60643,"CHICAGO MIDWAY AIRPORT, IL US",60.0,52.0,75.0,0.0,10.0,8.0
crash_06235,2023-06-25 01:00:00,2023,6,Jun,Sun,1,Night or early morning,25,TRAFFIC SIGNAL,UNKNOWN,DARKNESS,ANGLE,FOUR WAY,UNKNOWN,INJURY AND / OR TOW DUE TO CRASH,true,,"OVER $1,500",UNABLE TO DETERMINE,2,INCAPACITATING INJURY,1,0,41.7933134483,-87.7110473044,60629,"CHICAGO MIDWAY AIRPORT, IL US",82.0,56.0,41.0,0.0,10.0,8.0
crash_06236,2021-10-30 18:50:00,2021,10,Oct,Sat,18,Evening commute,30,TRAFFIC SIGNAL,CLEAR,DAYLIGHT,REAR END,NOT DIVIDED,DRY,NO INJURY / DRIVE AWAY,true,,"OVER $1,500",NOT APPLICABLE,2,NO INDICATION OF INJURY,0,0,41.728389214,-87.6629956527,60620,"CHICAGO MIDWAY AIRPORT, IL US",52.0,44.0,75.0,0.0,10.0,5.0
crash_06237,2024-01-25 09:00:00,2024,1,Jan,Thu,9,Morning commute,45,NO CONTROLS,FOG/SMOKE/HAZE,DAYLIGHT,SIDESWIPE SAME DIRECTION,DIVIDED - W/MEDIAN (NOT RAISED),DRY,NO INJURY / DRIVE AWAY,,,"OVER $1,500",IMPROPER OVERTAKING/PASSING,2,NO INDICATION OF INJURY,0,0,41.8783170107,-87.6170521254,60604,"CHICAGO MIDWAY AIRPORT, IL US",39.0,38.0,96.0,0.0,0.5,3.0
crash_06238,2019-07-13 22:10:00,2019,7,Jul,Sat,22,Night or early morning,30,UNKNOWN,CLEAR,"DARKNESS, LIGHTED ROAD",REAR END,DIVIDED - W/MEDIAN (NOT RAISED),DRY,NO INJURY / DRIVE AWAY,,,"$501 - $1,500",UNDER THE INFLUENCE OF ALCOHOL/DRUGS (USE WHEN ARREST IS EFFECTED),2,NO INDICATION OF INJURY,0,0,41.9061011278,-87.7259603741,60651,"CHICAGO MIDWAY AIRPORT, IL US",76.0,68.0,77.0,0.0,10.0,10.0
crash_06239,2022-02-25 19:45:00,2022,2,Feb,Fri,19,Night or early morning,30,NO CONTROLS,CLEAR,"DARKNESS, LIGHTED ROAD",REAR TO SIDE,NOT DIVIDED,WET,NO INJURY / DRIVE AWAY,,,$500 OR LESS,IMPROPER BACKING,2,NO INDICATION OF INJURY,0,0,41.9265006203,-87.7022148581,60647,"CHICAGO MIDWAY AIRPORT, IL US",25.0,16.0,69.0,0.0,10.0,9.0
crash_06240,2024-04-12 12:14:00,2024,4,Apr,Fri,12,Daytime,30,TRAFFIC SIGNAL,CLEAR,DAYLIGHT,REAR END,FOUR WAY,DRY,NO INJURY / DRIVE AWAY,,,"OVER $1,500",FOLLOWING TOO CLOSELY,2,NO INDICATION OF INJURY,0,0,41.9026358525,-87.717718398,60651,"CHICAGO MIDWAY AIRPORT, IL US",61.0,40.0,46.0,0.0,10.0,24.0
crash_06241,2021-11-13 19:30:00,2021,11,Nov,Sat,19,Night or early morning,30,NO CONTROLS,CLEAR,"DARKNESS, LIGHTED ROAD",PARKED MOTOR VEHICLE,DIVIDED - W/MEDIAN (NOT RAISED),DRY,NO INJURY / DRIVE AWAY,,true,"OVER $1,500",DRIVING SKILLS/KNOWLEDGE/EXPERIENCE,2,NO INDICATION OF INJURY,0,0,41.8657216492,-87.6592363033,60608,"CHICAGO MIDWAY AIRPORT, IL US",37.0,25.0,62.0,0.0,10.0,10.0
crash_06242,2019-08-12 11:35:00,2019,8,Aug,Mon,11,Daytime,30,TRAFFIC SIGNAL,CLEAR,DAYLIGHT,SIDESWIPE SAME DIRECTION,NOT DIVIDED,DRY,NO INJURY / DRIVE AWAY,,true,"OVER $1,500",NOT APPLICABLE,2,NO INDICATION OF INJURY,0,0,41.9979724235,-87.6700384639,60660,"CHICAGO OHARE INTERNATIONAL AIRPORT, IL US",81.0,68.0,65.0,0.0,10.0,6.0
crash_06243,2021-11-19 15:30:00,2021,11,Nov,Fri,15,Evening commute,25,TRAFFIC SIGNAL,CLEAR,DAYLIGHT,TURNING,NOT DIVIDED,DRY,NO INJURY / DRIVE AWAY,true,,"$501 - $1,500",IMPROPER TURNING/NO SIGNAL,2,NO INDICATION OF INJURY,0,0,42.0126569699,-87.6700479787,60626,"CHICAGO OHARE INTERNATIONAL AIRPORT, IL US",38.0,20.0,48.0,0.0,10.0,9.0
crash_06244,2019-12-15 21:38:00,2019,12,Dec,Sun,21,Night or early morning,30,TRAFFIC SIGNAL,CLEAR,"DARKNESS, LIGHTED ROAD",PEDESTRIAN,FOUR WAY,DRY,INJURY AND / OR TOW DUE TO CRASH,true,true,$500 OR LESS,FAILING TO YIELD RIGHT-OF-WAY,2,NONINCAPACITATING INJURY,1,0,41.8844340667,-87.6260999451,60602,"CHICAGO MIDWAY AIRPORT, IL US",26.0,17.0,69.0,0.0,10.0,5.0
crash_06245,2022-08-16 13:00:00,2022,8,Aug,Tue,13,Daytime,30,NO CONTROLS,CLEAR,DAYLIGHT,REAR END,DIVIDED - W/MEDIAN BARRIER,DRY,NO INJURY / DRIVE AWAY,,true,$500 OR LESS,UNABLE TO DETERMINE,2,NO INDICATION OF INJURY,0,0,41.8110106177,-87.6872538149,60632,"CHICAGO MIDWAY AIRPORT, IL US",82.0,53.0,37.0,,10.0,11.0
crash_06246,2023-10-03 14:10:00,2023,10,Oct,Tue,14,Daytime,25,NO CONTROLS,CLEAR,DAYLIGHT,FIXED OBJECT,ONE-WAY,DRY,NO INJURY / DRIVE AWAY,,,"OVER $1,500",NOT APPLICABLE,1,NO INDICATION OF INJURY,0,0,41.7998563643,-87.6852734785,60632,"CHICAGO MIDWAY AIRPORT, IL US",85.0,53.0,33.0,0.0,10.0,13.0
crash_06247,2025-08-28 13:30:00,2025,8,Aug,Thu,13,Daytime,30,STOP SIGN/FLASHER,CLEAR,DAYLIGHT,PARKED MOTOR VEHICLE,PARKING LOT,DRY,NO INJURY / DRIVE AWAY,,true,"OVER $1,500",UNABLE TO DETERMINE,2,NO INDICATION OF INJURY,0,0,41.9103309406,-87.6966452612,60647,,,,,,,
crash_06248,2018-01-14 16:15:00,2018,1,Jan,Sun,16,Evening commute,30,NO CONTROLS,CLEAR,DAYLIGHT,REAR END,DIVIDED - W/MEDIAN (NOT RAISED),DRY,INJURY AND / OR TOW DUE TO CRASH,,,"OVER $1,500",DISTRACTION - FROM INSIDE VEHICLE,2,NONINCAPACITATING INJURY,1,0,41.9918656495,-87.7095450826,60659,"CHICAGO OHARE INTERNATIONAL AIRPORT, IL US",21.0,4.0,47.0,0.0,10.0,11.0
crash_06249,2020-01-29 14:00:00,2020,1,Jan,Wed,14,Daytime,30,NO CONTROLS,CLEAR,DAYLIGHT,SIDESWIPE SAME DIRECTION,NOT DIVIDED,DRY,INJURY AND / OR TOW DUE TO CRASH,,,"OVER $1,500",UNABLE TO DETERMINE,2,"REPORTED, NOT EVIDENT",2,0,41.8830673823,-87.7452265036,60644,"CHICAGO MIDWAY AIRPORT, IL US",32.0,25.0,75.0,0.0,8.0,0.0
crash_06250,2022-08-08 15:03:00,2022,8,Aug,Mon,15,Evening commute,25,TRAFFIC SIGNAL,RAIN,DAYLIGHT,SIDESWIPE SAME DIRECTION,T-INTERSECTION,WET,NO INJURY / DRIVE AWAY,true,,$500 OR LESS,UNABLE TO DETERMINE,2,NO INDICATION OF INJURY,0,0,41.8739357909,-87.6569693482,60607,"CHICAGO MIDWAY AIRPORT, IL US",82.0,73.0,74.0,0.0,10.0,10.0
crash_06251,2023-10-11 15:20:00,2023,10,Oct,Wed,15,Evening commute,35,STOP SIGN/FLASHER,CLEAR,DAYLIGHT,TURNING,NOT DIVIDED,DRY,INJURY AND / OR TOW DUE TO CRASH,true,,"OVER $1,500",FAILING TO YIELD RIGHT-OF-WAY,2,NO INDICATION OF INJURY,0,0,41.8078535989,-87.7162884081,60632,"CHICAGO MIDWAY AIRPORT, IL US",65.0,35.0,33.0,0.0,10.0,5.0
crash_06252,2023-08-10 15:05:00,2023,8,Aug,Thu,15,Evening commute,30,NO CONTROLS,CLEAR,DAYLIGHT,PARKED MOTOR VEHICLE,NOT DIVIDED,DRY,NO INJURY / DRIVE AWAY,,true,"OVER $1,500",UNABLE TO DETERMINE,2,NO INDICATION OF INJURY,0,0,41.6918936603,-87.6800652556,60643,"CHICAGO MIDWAY AIRPORT, IL US",83.0,65.0,55.0,0.0,10.0,14.0
crash_06253,2025-05-21 16:03:00,2025,5,May,Wed,16,Evening commute,15,NO CONTROLS,UNKNOWN,DAYLIGHT,REAR END,OTHER,UNKNOWN,NO INJURY / DRIVE AWAY,,true,"OVER $1,500",FOLLOWING TOO CLOSELY,2,NO INDICATION OF INJURY,0,0,41.7510095803,-87.6244014161,60619,"CHICAGO MIDWAY AIRPORT, IL US",54.0,47.0,77.0,0.0,9.0,13.0
crash_06254,2025-04-16 09:00:00,2025,4,Apr,Wed,9,Morning commute,20,STOP SIGN/FLASHER,CLEAR,DAYLIGHT,PARKED MOTOR VEHICLE,NOT DIVIDED,DRY,INJURY AND / OR TOW DUE TO CRASH,,,"OVER $1,500",IMPROPER TURNING/NO SIGNAL,2,NO INDICATION OF INJURY,0,0,41.8780000744,-87.6506875578,60607,"CHICAGO MIDWAY AIRPORT, IL US",43.0,29.0,58.0,0.0,10.0,5.0
crash_06255,2021-11-25 02:39:00,2021,11,Nov,Thu,2,Night or early morning,35,NO CONTROLS,RAIN,"DARKNESS, LIGHTED ROAD",SIDESWIPE SAME DIRECTION,DIVIDED - W/MEDIAN (NOT RAISED),WET,NO INJURY / DRIVE AWAY,,true,"OVER $1,500",UNABLE TO DETERMINE,2,NO INDICATION OF INJURY,0,0,41.7654314175,-87.6368973975,60621,"CHICAGO MIDWAY AIRPORT, IL US",48.0,44.0,86.0,,8.0,5.0
crash_06256,2019-10-08 10:00:00,2019,10,Oct,Tue,10,Daytime,30,TRAFFIC SIGNAL,CLEAR,DAYLIGHT,REAR END,DIVIDED - W/MEDIAN (NOT RAISED),DRY,NO INJURY / DRIVE AWAY,,,"OVER $1,500",UNABLE TO DETERMINE,2,NO INDICATION OF INJURY,0,0,41.9904895681,-87.6840734404,60659,"CHICAGO OHARE INTERNATIONAL AIRPORT, IL US",60.0,47.0,62.0,0.0,10.0,0.0
crash_06257,2024-09-11 18:01:00,2024,9,Sep,Wed,18,Evening commute,30,TRAFFIC SIGNAL,CLEAR,DUSK,TURNING,DIVIDED - W/MEDIAN (NOT RAISED),DRY,NO INJURY / DRIVE AWAY,true,,"OVER $1,500",IMPROPER TURNING/NO SIGNAL,2,NO INDICATION OF INJURY,0,0,41.9605141724,-87.7719854988,60630,"CHICAGO OHARE INTERNATIONAL AIRPORT, IL US",84.0,50.0,31.0,0.0,10.0,7.0
crash_06258,2021-11-18 06:11:00,2021,11,Nov,Thu,6,Morning commute,30,TRAFFIC SIGNAL,CLEAR,DAYLIGHT,ANGLE,FOUR WAY,DRY,NO INJURY / DRIVE AWAY,true,,"OVER $1,500",FAILING TO YIELD RIGHT-OF-WAY,2,NO INDICATION OF INJURY,0,0,41.8819758869,-87.686333091,60612,"CHICAGO MIDWAY AIRPORT, IL US",34.0,20.0,56.0,0.0,10.0,15.0
crash_06259,2022-08-09 23:45:00,2022,8,Aug,Tue,23,Night or early morning,15,NO CONTROLS,CLEAR,"DARKNESS, LIGHTED ROAD",PARKED MOTOR VEHICLE,PARKING LOT,DRY,NO INJURY / DRIVE AWAY,,true,"OVER $1,500",DISTRACTION - FROM OUTSIDE VEHICLE,2,NO INDICATION OF INJURY,0,0,41.8030208842,-87.5863047257,60615,"CHICAGO MIDWAY AIRPORT, IL US",70.0,58.0,66.0,,10.0,0.0
crash_06260,2021-05-14 11:18:00,2021,5,May,Fri,11,Daytime,30,NO CONTROLS,CLEAR,DAYLIGHT,SIDESWIPE OPPOSITE DIRECTION,NOT DIVIDED,UNKNOWN,NO INJURY / DRIVE AWAY,,,"OVER $1,500",UNABLE TO DETERMINE,2,NO INDICATION OF INJURY,0,0,41.8819506533,-87.7280091665,60624,"CHICAGO MIDWAY AIRPORT, IL US",68.0,26.0,21.0,0.0,10.0,3.0
crash_06261,2023-12-04 16:00:00,2023,12,Dec,Mon,16,Evening commute,30,NO CONTROLS,CLOUDY/OVERCAST,DAYLIGHT,PARKED MOTOR VEHICLE,NOT DIVIDED,UNKNOWN,NO INJURY / DRIVE AWAY,,,"OVER $1,500",UNABLE TO DETERMINE,2,NO INDICATION OF INJURY,0,0,41.9756744756,-87.758883278,60630,"CHICAGO OHARE INTERNATIONAL AIRPORT, IL US",38.0,28.0,68.0,0.0,10.0,3.0
crash_06262,2022-09-20 18:30:00,2022,9,Sep,Tue,18,Evening commute,15,UNKNOWN,RAIN,"DARKNESS, LIGHTED ROAD",ANGLE,DRIVEWAY,WET,NO INJURY / DRIVE AWAY,,,"OVER $1,500",UNABLE TO DETERMINE,2,NO INDICATION OF INJURY,0,0,41.8887410381,-87.6370805406,60606,"CHICAGO MIDWAY AIRPORT, IL US",79.0,66.0,65.0,,2.5,22.0
crash_06263,2018-03-03 11:35:00,2018,3,Mar,Sat,11,Daytime,30,NO CONTROLS,CLEAR,DAYLIGHT,ANGLE,NOT DIVIDED,DRY,NO INJURY / DRIVE AWAY,,,"OVER $1,500",UNABLE TO DETERMINE,2,NO INDICATION OF INJURY,0,0,41.9023833311,-87.6241468795,60611,"CHICAGO MIDWAY AIRPORT, IL US",42.0,19.0,40.0,0.0,10.0,13.0
crash_06264,2021-11-30 08:15:00,2021,11,Nov,Tue,8,Morning commute,30,NO CONTROLS,CLEAR,DAYLIGHT,ANGLE,OTHER,DRY,NO INJURY / DRIVE AWAY,true,,"OVER $1,500",FAILING TO YIELD RIGHT-OF-WAY,2,NO INDICATION OF INJURY,0,0,41.7641948629,-87.5857247134,60649,"CHICAGO MIDWAY AIRPORT, IL US",34.0,23.0,64.0,0.0,10.0,5.0
crash_06265,2023-01-28 02:00:00,2023,1,Jan,Sat,2,Night or early morning,30,UNKNOWN,UNKNOWN,UNKNOWN,FIXED OBJECT,ALLEY,UNKNOWN,NO INJURY / DRIVE AWAY,,true,"OVER $1,500",UNABLE TO DETERMINE,1,NO INDICATION OF INJURY,0,0,41.9437522425,-87.8132119142,60634,"CHICAGO OHARE INTERNATIONAL AIRPORT, IL US",21.0,13.0,71.0,0.0,10.0,6.0
crash_06266,2020-11-12 14:30:00,2020,11,Nov,Thu,14,Daytime,30,STOP SIGN/FLASHER,CLEAR,DAYLIGHT,PARKED MOTOR VEHICLE,NOT DIVIDED,DRY,INJURY AND / OR TOW DUE TO CRASH,,,"OVER $1,500",DISTRACTION - FROM INSIDE VEHICLE,2,NO INDICATION OF INJURY,0,0,41.7678979433,-87.5735876163,60649,"CHICAGO MIDWAY AIRPORT, IL US",53.0,30.0,41.0,0.0,10.0,10.0
crash_06267,2023-06-26 13:30:00,2023,6,Jun,Mon,13,Daytime,5,NO CONTROLS,CLEAR,DAYLIGHT,FIXED OBJECT,PARKING LOT,DRY,NO INJURY / DRIVE AWAY,,true,"OVER $1,500",UNABLE TO DETERMINE,1,NO INDICATION OF INJURY,0,0,41.706454243,-87.6705321731,60643,"CHICAGO MIDWAY AIRPORT, IL US",74.0,61.0,64.0,0.0,10.0,18.0
crash_06268,2023-06-10 18:33:00,2023,6,Jun,Sat,18,Evening commute,30,NO CONTROLS,CLEAR,DAYLIGHT,FIXED OBJECT,OTHER,DRY,NO INJURY / DRIVE AWAY,,,"$501 - $1,500",UNABLE TO DETERMINE,1,NO INDICATION OF INJURY,0,0,41.9099793821,-87.7093192646,60651,"CHICAGO MIDWAY AIRPORT, IL US",82.0,40.0,22.0,0.0,10.0,6.0
crash_06269,2024-07-08 09:50:00,2024,7,Jul,Mon,9,Morning commute,25,NO CONTROLS,CLEAR,DAYLIGHT,PARKED MOTOR VEHICLE,PARKING LOT,DRY,NO INJURY / DRIVE AWAY,,,"$501 - $1,500",UNABLE TO DETERMINE,2,NO INDICATION OF INJURY,0,0,41.8682853974,-87.7097998579,60624,"CHICAGO MIDWAY AIRPORT, IL US",78.0,66.0,67.0,0.0,10.0,7.0
crash_06270,2023-03-27 09:30:00,2023,3,Mar,Mon,9,Morning commute,20,NO CONTROLS,CLEAR,DAYLIGHT,OTHER OBJECT,ONE-WAY,DRY,NO INJURY / DRIVE AWAY,,,"$501 - $1,500",NOT APPLICABLE,1,NO INDICATION OF INJURY,0,0,41.9936506902,-87.6846558639,60659,"CHICAGO OHARE INTERNATIONAL AIRPORT, IL US",41.0,33.0,73.0,0.0,10.0,16.0