crash_id,crash_datetime,crash_year,crash_month,crash_month_name,crash_weekday_name,crash_hour,time_period,posted_speed_limit_mph,traffic_control_device,reported_weather_condition,reported_lighting_condition,first_crash_type,trafficway_type,reported_road_surface_condition,crash_type,intersection_related,hit_and_run,estimated_damage,primary_contributory_cause,unit_count,most_severe_injury,injuries_total,injuries_fatal,latitude,longitude,zip5,weather_station_name,temperature_f,dew_point_f,relative_humidity_percent,precipitation_inches,visibility_miles,wind_speed_mph
crash_06271,2022-10-08 23:50:00,2022,10,Oct,Sat,23,Night or early morning,30,TRAFFIC SIGNAL,CLEAR,"DARKNESS, LIGHTED ROAD",REAR END,FOUR WAY,DRY,NO INJURY / DRIVE AWAY,true,true,"OVER $1,500",UNABLE TO DETERMINE,2,NO INDICATION OF INJURY,0,0,41.7725843869,-87.6264387044,60621,"CHICAGO MIDWAY AIRPORT, IL US",49.0,30.0,48.0,0.0,10.0,8.0
crash_06272,2019-04-08 12:25:00,2019,4,Apr,Mon,12,Daytime,30,NO CONTROLS,CLEAR,DAYLIGHT,SIDESWIPE SAME DIRECTION,NOT DIVIDED,DRY,NO INJURY / DRIVE AWAY,,,"$501 - $1,500",FAILING TO YIELD RIGHT-OF-WAY,2,NO INDICATION OF INJURY,0,0,41.9074973325,-87.7263018212,60651,"CHICAGO MIDWAY AIRPORT, IL US",70.0,37.0,30.0,0.0,10.0,9.0
crash_06273,2023-01-28 19:00:00,2023,1,Jan,Sat,19,Night or early morning,30,NO CONTROLS,CLOUDY/OVERCAST,"DARKNESS, LIGHTED ROAD",ANGLE,NOT DIVIDED,WET,NO INJURY / DRIVE AWAY,,,"OVER $1,500",NOT APPLICABLE,2,NO INDICATION OF INJURY,0,0,41.7716501459,-87.7227296463,60629,"CHICAGO MIDWAY AIRPORT, IL US",31.0,25.0,79.0,0.0,10.0,13.0
crash_06274,2020-06-25 07:45:00,2020,6,Jun,Thu,7,Morning commute,40,NO CONTROLS,CLEAR,DAYLIGHT,REAR END,DIVIDED - W/MEDIAN BARRIER,DRY,NO INJURY / DRIVE AWAY,,,"OVER $1,500",FOLLOWING TOO CLOSELY,3,NO INDICATION OF INJURY,0,0,41.8747583982,-87.6174927877,60605,"CHICAGO MIDWAY AIRPORT, IL US",70.0,55.0,59.0,0.0,10.0,8.0
crash_06275,2024-04-22 20:30:00,2024,4,Apr,Mon,20,Night or early morning,35,NO CONTROLS,CLEAR,"DARKNESS, LIGHTED ROAD",FIXED OBJECT,OTHER,DRY,INJURY AND / OR TOW DUE TO CRASH,true,,"OVER $1,500",DRIVING SKILLS/KNOWLEDGE/EXPERIENCE,1,NO INDICATION OF INJURY,0,0,41.9761844986,-87.8783833015,60666,"CHICAGO OHARE INTERNATIONAL AIRPORT, IL US",61.0,28.0,29.0,0.0,10.0,11.0
crash_06276,2022-02-25 15:15:00,2022,2,Feb,Fri,15,Evening commute,30,TRAFFIC SIGNAL,SNOW,DAYLIGHT,TURNING,CENTER TURN LANE,WET,NO INJURY / DRIVE AWAY,,,"$501 - $1,500",IMPROPER TURNING/NO SIGNAL,3,NO INDICATION OF INJURY,0,0,41.7498806899,-87.6829864475,60652,"CHICAGO MIDWAY AIRPORT, IL US",30.0,14.0,51.0,0.0,7.0,5.0
crash_06277,2019-07-11 13:30:00,2019,7,Jul,Thu,13,Daytime,40,NO CONTROLS,CLEAR,DAYLIGHT,PEDESTRIAN,NOT DIVIDED,DRY,INJURY AND / OR TOW DUE TO CRASH,,true,$500 OR LESS,UNABLE TO DETERMINE,2,"REPORTED, NOT EVIDENT",1,0,41.7500603627,-87.6826991273,60620,"CHICAGO MIDWAY AIRPORT, IL US",80.0,65.0,60.0,0.0,10.0,10.0
crash_06278,2025-06-10 13:19:00,2025,6,Jun,Tue,13,Daytime,20,NO CONTROLS,CLEAR,DAYLIGHT,PARKED MOTOR VEHICLE,ALLEY,DRY,INJURY AND / OR TOW DUE TO CRASH,,true,"OVER $1,500",UNABLE TO DETERMINE,2,NO INDICATION OF INJURY,0,0,41.9738339157,-87.7246963574,60625,"CHICAGO OHARE INTERNATIONAL AIRPORT, IL US",72.0,53.0,52.0,0.0,10.0,16.0
crash_06279,2018-08-18 21:45:00,2018,8,Aug,Sat,21,Night or early morning,30,TRAFFIC SIGNAL,CLEAR,"DARKNESS, LIGHTED ROAD",REAR END,ONE-WAY,DRY,INJURY AND / OR TOW DUE TO CRASH,true,true,"OVER $1,500",FOLLOWING TOO CLOSELY,2,"REPORTED, NOT EVIDENT",1,0,41.8831117757,-87.6261859739,60602,"CHICAGO MIDWAY AIRPORT, IL US",74.0,69.0,85.0,0.0,10.0,6.0
crash_06280,2023-06-05 11:58:00,2023,6,Jun,Mon,11,Daytime,30,NO CONTROLS,CLEAR,DAYLIGHT,PARKED MOTOR VEHICLE,DIVIDED - W/MEDIAN (NOT RAISED),DRY,NO INJURY / DRIVE AWAY,,,$500 OR LESS,UNABLE TO DETERMINE,2,NO INDICATION OF INJURY,0,0,41.9974774532,-87.7868027018,60646,"CHICAGO OHARE INTERNATIONAL AIRPORT, IL US",78.0,45.0,31.0,0.0,10.0,0.0
crash_06281,2025-06-30 16:49:00,2025,6,Jun,Mon,16,Evening commute,30,NO CONTROLS,CLEAR,DAYLIGHT,PARKED MOTOR VEHICLE,NOT DIVIDED,DRY,INJURY AND / OR TOW DUE TO CRASH,,,"OVER $1,500",DISTRACTION - FROM OUTSIDE VEHICLE,3,NO INDICATION OF INJURY,0,0,41.743933077,-87.5992908336,60619,"CHICAGO MIDWAY AIRPORT, IL US",91.0,61.0,37.0,0.0,10.0,11.0
crash_06282,2025-12-19 00:00:00,2025,12,Dec,Fri,0,Night or early morning,30,NO CONTROLS,CLEAR,UNKNOWN,PARKED MOTOR VEHICLE,NOT DIVIDED,DRY,NO INJURY / DRIVE AWAY,,true,"OVER $1,500",UNABLE TO DETERMINE,2,NO INDICATION OF INJURY,0,0,41.9978717427,-87.6880163178,60645,,,,,,,
crash_06283,2018-12-27 01:30:00,2018,12,Dec,Thu,1,Night or early morning,30,TRAFFIC SIGNAL,CLEAR,"DARKNESS, LIGHTED ROAD",REAR END,NOT DIVIDED,DRY,NO INJURY / DRIVE AWAY,,true,$500 OR LESS,UNABLE TO DETERMINE,2,NO INDICATION OF INJURY,0,0,41.7225941565,-87.5852911401,60619,"CHICAGO MIDWAY AIRPORT, IL US",42.0,29.0,60.0,0.0,10.0,14.0
crash_06284,2018-11-16 12:54:00,2018,11,Nov,Fri,12,Daytime,30,TRAFFIC SIGNAL,CLEAR,DAYLIGHT,SIDESWIPE SAME DIRECTION,DIVIDED - W/MEDIAN BARRIER,DRY,NO INJURY / DRIVE AWAY,false,,"OVER $1,500",IMPROPER OVERTAKING/PASSING,2,NO INDICATION OF INJURY,0,0,41.9287453548,-87.687925017,60647,"CHICAGO MIDWAY AIRPORT, IL US",41.0,30.0,65.0,0.0,10.0,11.0
crash_06285,2024-09-30 08:15:00,2024,9,Sep,Mon,8,Morning commute,30,UNKNOWN,UNKNOWN,UNKNOWN,REAR END,NOT DIVIDED,UNKNOWN,NO INJURY / DRIVE AWAY,,,"OVER $1,500",UNABLE TO DETERMINE,2,NO INDICATION OF INJURY,0,0,41.9316818088,-87.7269140341,60647,"CHICAGO MIDWAY AIRPORT, IL US",69.0,61.0,76.0,0.0,10.0,6.0
crash_06286,2025-02-17 07:25:00,2025,2,Feb,Mon,7,Morning commute,30,TRAFFIC SIGNAL,CLEAR,DAYLIGHT,SIDESWIPE OPPOSITE DIRECTION,FOUR WAY,DRY,NO INJURY / DRIVE AWAY,true,true,"OVER $1,500",UNABLE TO DETERMINE,2,NO INDICATION OF INJURY,0,0,41.756495379,-87.6258652039,60620,"CHICAGO MIDWAY AIRPORT, IL US",4.0,-6.0,63.0,0.0,10.0,11.0
crash_06287,2019-11-04 16:55:00,2019,11,Nov,Mon,16,Evening commute,30,NO CONTROLS,CLEAR,"DARKNESS, LIGHTED ROAD",SIDESWIPE SAME DIRECTION,ONE-WAY,DRY,INJURY AND / OR TOW DUE TO CRASH,,true,"OVER $1,500",IMPROPER OVERTAKING/PASSING,2,NO INDICATION OF INJURY,0,0,41.941553244,-87.7563562095,60641,"CHICAGO OHARE INTERNATIONAL AIRPORT, IL US",47.0,34.0,61.0,0.0,10.0,8.0
crash_06288,2021-04-10 03:10:00,2021,4,Apr,Sat,3,Night or early morning,30,TRAFFIC SIGNAL,CLEAR,DARKNESS,ANGLE,FOUR WAY,DRY,INJURY AND / OR TOW DUE TO CRASH,,,"$501 - $1,500",DISREGARDING TRAFFIC SIGNALS,2,NO INDICATION OF INJURY,0,0,41.7718840277,-87.6835884021,60629,"CHICAGO MIDWAY AIRPORT, IL US",50.0,44.0,80.0,0.0,10.0,0.0
crash_06289,2024-03-15 04:56:00,2024,3,Mar,Fri,4,Night or early morning,30,TRAFFIC SIGNAL,CLEAR,"DARKNESS, LIGHTED ROAD",TURNING,"FIVE POINT, OR MORE",DRY,INJURY AND / OR TOW DUE TO CRASH,true,,"OVER $1,500",FAILING TO YIELD RIGHT-OF-WAY,2,NO INDICATION OF INJURY,0,0,41.8524380492,-87.6661522304,60608,"CHICAGO MIDWAY AIRPORT, IL US",40.0,34.0,79.0,0.0,10.0,20.0
crash_06290,2018-10-30 11:08:00,2018,10,Oct,Tue,11,Daytime,15,NO CONTROLS,CLEAR,DAYLIGHT,REAR END,PARKING LOT,DRY,NO INJURY / DRIVE AWAY,,true,"OVER $1,500",EXCEEDING AUTHORIZED SPEED LIMIT,2,NO INDICATION OF INJURY,0,0,41.860937298,-87.6936847078,60608,"CHICAGO MIDWAY AIRPORT, IL US",57.0,42.0,58.0,0.0,10.0,11.0
crash_06291,2023-06-02 20:23:00,2023,6,Jun,Fri,20,Night or early morning,35,TRAFFIC SIGNAL,CLEAR,DAYLIGHT,REAR END,ONE-WAY,DRY,NO INJURY / DRIVE AWAY,true,,"$501 - $1,500",FOLLOWING TOO CLOSELY,2,NO INDICATION OF INJURY,0,0,41.8925362695,-87.6312216512,60654,"CHICAGO MIDWAY AIRPORT, IL US",78.0,47.0,33.0,0.0,10.0,9.0
crash_06292,2020-05-10 05:17:00,2020,5,May,Sun,5,Night or early morning,30,TRAFFIC SIGNAL,CLOUDY/OVERCAST,"DARKNESS, LIGHTED ROAD",ANGLE,FOUR WAY,DRY,INJURY AND / OR TOW DUE TO CRASH,true,,"OVER $1,500",DISREGARDING TRAFFIC SIGNALS,2,NO INDICATION OF INJURY,0,0,41.9098635734,-87.7363802961,60639,"CHICAGO MIDWAY AIRPORT, IL US",51.0,35.0,54.0,0.0,10.0,10.0
crash_06293,2024-04-02 13:06:00,2024,4,Apr,Tue,13,Daytime,30,NO CONTROLS,FREEZING RAIN/DRIZZLE,DAYLIGHT,REAR TO FRONT,PARKING LOT,WET,NO INJURY / DRIVE AWAY,,,"$501 - $1,500",NOT APPLICABLE,2,NO INDICATION OF INJURY,0,0,41.768425613,-87.6831998755,60636,"CHICAGO MIDWAY AIRPORT, IL US",46.0,44.0,93.0,0.06,1.75,9.0
crash_06294,2018-03-23 01:55:00,2018,3,Mar,Fri,1,Night or early morning,30,NO CONTROLS,CLEAR,"DARKNESS, LIGHTED ROAD",TURNING,NOT DIVIDED,DRY,INJURY AND / OR TOW DUE TO CRASH,true,,$500 OR LESS,FOLLOWING TOO CLOSELY,2,"REPORTED, NOT EVIDENT",1,0,41.7516042247,-87.5675101689,60617,"CHICAGO MIDWAY AIRPORT, IL US",33.0,23.0,66.0,0.0,10.0,3.0
crash_06295,2025-05-24 08:10:00,2025,5,May,Sat,8,Morning commute,30,NO CONTROLS,CLEAR,DAYLIGHT,SIDESWIPE SAME DIRECTION,DIVIDED - W/MEDIAN (NOT RAISED),DRY,NO INJURY / DRIVE AWAY,,true,"OVER $1,500",FAILING TO YIELD RIGHT-OF-WAY,2,NO INDICATION OF INJURY,0,0,41.741621153,-87.6450832241,60620,"CHICAGO MIDWAY AIRPORT, IL US",55.0,42.0,62.0,0.0,10.0,8.0
crash_06296,2024-03-31 20:35:00,2024,3,Mar,Sun,20,Night or early morning,30,NO CONTROLS,RAIN,"DARKNESS, LIGHTED ROAD",FIXED OBJECT,NOT DIVIDED,WET,INJURY AND / OR TOW DUE TO CRASH,,,"OVER $1,500",IMPROPER OVERTAKING/PASSING,1,NONINCAPACITATING INJURY,1,0,41.7325675235,-87.662826305,60620,"CHICAGO MIDWAY AIRPORT, IL US",42.0,39.0,89.0,0.09,6.0,15.0
crash_06297,2018-02-22 15:10:00,2018,2,Feb,Thu,15,Evening commute,25,NO CONTROLS,CLEAR,DAYLIGHT,PARKED MOTOR VEHICLE,DIVIDED - W/MEDIAN (NOT RAISED),DRY,NO INJURY / DRIVE AWAY,,,"$501 - $1,500",UNABLE TO DETERMINE,2,NO INDICATION OF INJURY,0,0,41.7414450818,-87.7172821083,60652,"CHICAGO MIDWAY AIRPORT, IL US",39.0,30.0,70.0,0.0,10.0,17.0
crash_06298,2024-04-19 09:00:00,2024,4,Apr,Fri,9,Morning commute,30,NO CONTROLS,CLEAR,DAYLIGHT,PARKED MOTOR VEHICLE,DIVIDED - W/MEDIAN (NOT RAISED),DRY,NO INJURY / DRIVE AWAY,,true,"$501 - $1,500",DRIVING SKILLS/KNOWLEDGE/EXPERIENCE,2,NO INDICATION OF INJURY,0,0,41.8209615951,-87.6843501937,60609,"CHICAGO MIDWAY AIRPORT, IL US",48.0,23.0,37.0,0.0,10.0,15.0
crash_06299,2022-10-28 13:15:00,2022,10,Oct,Fri,13,Daytime,30,NO CONTROLS,CLEAR,DAWN,TURNING,NOT DIVIDED,DRY,NO INJURY / DRIVE AWAY,,,"OVER $1,500",UNABLE TO DETERMINE,2,NO INDICATION OF INJURY,0,0,41.7765116011,-87.7423723414,60638,"CHICAGO MIDWAY AIRPORT, IL US",59.0,39.0,48.0,0.0,10.0,6.0
crash_06300,2018-12-01 03:45:00,2018,12,Dec,Sat,3,Night or early morning,20,NO CONTROLS,UNKNOWN,DARKNESS,PARKED MOTOR VEHICLE,ONE-WAY,WET,NO INJURY / DRIVE AWAY,,true,"$501 - $1,500",FAILING TO REDUCE SPEED TO AVOID CRASH,2,NO INDICATION OF INJURY,0,0,41.7488138972,-87.6517483665,60620,"CHICAGO MIDWAY AIRPORT, IL US",36.0,33.0,89.0,0.0,2.0,15.0
crash_06301,2024-12-01 15:29:00,2024,12,Dec,Sun,15,Evening commute,30,STOP SIGN/FLASHER,CLEAR,DAYLIGHT,ANGLE,FOUR WAY,DRY,INJURY AND / OR TOW DUE TO CRASH,,,"OVER $1,500",FAILING TO YIELD RIGHT-OF-WAY,2,NO INDICATION OF INJURY,0,0,41.9905658534,-87.6970285427,60659,"CHICAGO OHARE INTERNATIONAL AIRPORT, IL US",25.0,11.0,55.0,,10.0,9.0
crash_06302,2019-05-03 15:55:00,2019,5,May,Fri,15,Evening commute,35,NO CONTROLS,CLEAR,DAYLIGHT,PARKED MOTOR VEHICLE,ONE-WAY,DRY,NO INJURY / DRIVE AWAY,,,$500 OR LESS,UNABLE TO DETERMINE,2,NO INDICATION OF INJURY,0,0,41.776292434,-87.6861501922,60629,"CHICAGO MIDWAY AIRPORT, IL US",55.0,37.0,51.0,0.0,10.0,15.0
crash_06303,2024-11-24 12:58:00,2024,11,Nov,Sun,12,Daytime,10,NO CONTROLS,CLEAR,DAYLIGHT,FIXED OBJECT,PARKING LOT,DRY,NO INJURY / DRIVE AWAY,,true,"OVER $1,500",UNABLE TO DETERMINE,1,NO INDICATION OF INJURY,0,0,41.7325901368,-87.6254857747,60620,"CHICAGO MIDWAY AIRPORT, IL US",51.0,39.0,64.0,0.0,10.0,8.0
crash_06304,2022-04-06 11:00:00,2022,4,Apr,Wed,11,Daytime,30,STOP SIGN/FLASHER,CLEAR,DAYLIGHT,ANGLE,T-INTERSECTION,DRY,INJURY AND / OR TOW DUE TO CRASH,true,,"OVER $1,500",FAILING TO YIELD RIGHT-OF-WAY,2,"REPORTED, NOT EVIDENT",1,0,41.9251290276,-87.6619562843,60614,"CHICAGO MIDWAY AIRPORT, IL US",51.0,42.0,71.0,0.0,10.0,20.0
crash_06305,2018-12-08 17:45:00,2018,12,Dec,Sat,17,Evening commute,10,NO CONTROLS,CLEAR,"DARKNESS, LIGHTED ROAD",PARKED MOTOR VEHICLE,PARKING LOT,DRY,NO INJURY / DRIVE AWAY,,true,"OVER $1,500",UNABLE TO DETERMINE,2,NO INDICATION OF INJURY,0,0,41.8239832515,-87.6168538908,60653,"CHICAGO MIDWAY AIRPORT, IL US",26.0,16.0,66.0,0.0,10.0,6.0
crash_06306,2024-12-11 08:00:00,2024,12,Dec,Wed,8,Morning commute,30,NO CONTROLS,CLEAR,DAYLIGHT,TURNING,DIVIDED - W/MEDIAN (NOT RAISED),DRY,NO INJURY / DRIVE AWAY,,true,"OVER $1,500",FAILING TO YIELD RIGHT-OF-WAY,3,NO INDICATION OF INJURY,0,0,41.9172618697,-87.757073782,60639,"CHICAGO MIDWAY AIRPORT, IL US",28.0,19.0,69.0,,10.0,8.0
crash_06307,2023-08-19 22:11:00,2023,8,Aug,Sat,22,Night or early morning,30,NO CONTROLS,CLEAR,"DARKNESS, LIGHTED ROAD",PEDESTRIAN,DIVIDED - W/MEDIAN (NOT RAISED),DRY,INJURY AND / OR TOW DUE TO CRASH,true,true,"OVER $1,500",UNABLE TO DETERMINE,2,NONINCAPACITATING INJURY,1,0,41.7362554618,-87.6229175082,60619,"CHICAGO MIDWAY AIRPORT, IL US",77.0,62.0,60.0,0.0,10.0,8.0
crash_06308,2021-08-26 08:00:00,2021,8,Aug,Thu,8,Morning commute,30,TRAFFIC SIGNAL,CLEAR,DAYLIGHT,TURNING,NOT DIVIDED,DRY,INJURY AND / OR TOW DUE TO CRASH,true,,"OVER $1,500",UNABLE TO DETERMINE,2,"REPORTED, NOT EVIDENT",1,0,41.8464160326,-87.6945632846,60608,"CHICAGO MIDWAY AIRPORT, IL US",75.0,67.0,76.0,0.0,10.0,0.0
crash_06309,2021-02-05 16:10:00,2021,2,Feb,Fri,16,Evening commute,30,TRAFFIC SIGNAL,CLEAR,DAYLIGHT,REAR END,DIVIDED - W/MEDIAN (NOT RAISED),ICE,INJURY AND / OR TOW DUE TO CRASH,,,"OVER $1,500",FOLLOWING TOO CLOSELY,2,"REPORTED, NOT EVIDENT",1,0,41.865746166,-87.762204325,60644,"CHICAGO MIDWAY AIRPORT, IL US",16.0,2.0,54.0,0.0,10.0,22.0
crash_06310,2025-09-03 14:45:00,2025,9,Sep,Wed,14,Daytime,30,STOP SIGN/FLASHER,CLEAR,DAYLIGHT,ANGLE,FOUR WAY,DRY,NO INJURY / DRIVE AWAY,true,,"OVER $1,500",FAILING TO YIELD RIGHT-OF-WAY,2,NO INDICATION OF INJURY,0,0,41.9958558754,-87.6997274624,60659,,,,,,,
crash_06311,2021-02-01 15:20:00,2021,2,Feb,Mon,15,Evening commute,25,TRAFFIC SIGNAL,CLOUDY/OVERCAST,DAYLIGHT,TURNING,FOUR WAY,SNOW OR SLUSH,NO INJURY / DRIVE AWAY,,true,$500 OR LESS,UNABLE TO DETERMINE,2,NO INDICATION OF INJURY,0,0,41.9978564374,-87.676425026,60660,"CHICAGO OHARE INTERNATIONAL AIRPORT, IL US",32.0,22.0,66.0,0.0,10.0,15.0
crash_06312,2021-02-08 17:40:00,2021,2,Feb,Mon,17,Evening commute,25,STOP SIGN/FLASHER,SNOW,DUSK,REAR END,FOUR WAY,SNOW OR SLUSH,INJURY AND / OR TOW DUE TO CRASH,true,,"OVER $1,500",WEATHER,2,NONINCAPACITATING INJURY,1,0,42.0126836044,-87.6782938185,60626,"CHICAGO OHARE INTERNATIONAL AIRPORT, IL US",12.0,7.0,80.0,0.02,1.25,10.0
crash_06313,2024-03-05 07:00:00,2024,3,Mar,Tue,7,Morning commute,30,NO CONTROLS,RAIN,DAYLIGHT,SIDESWIPE SAME DIRECTION,DIVIDED - W/MEDIAN (NOT RAISED),WET,NO INJURY / DRIVE AWAY,,true,"$501 - $1,500",IMPROPER TURNING/NO SIGNAL,2,NO INDICATION OF INJURY,0,0,41.8304271122,-87.7044824879,60623,"CHICAGO MIDWAY AIRPORT, IL US",43.0,39.0,86.0,0.02,8.0,16.0
crash_06314,2022-05-13 09:05:00,2022,5,May,Fri,9,Morning commute,30,TRAFFIC SIGNAL,CLEAR,DAYLIGHT,REAR END,DIVIDED - W/MEDIAN BARRIER,DRY,NO INJURY / DRIVE AWAY,,,"OVER $1,500",UNABLE TO DETERMINE,2,NO INDICATION OF INJURY,0,0,41.7659593516,-87.576235484,60649,"CHICAGO MIDWAY AIRPORT, IL US",80.0,53.0,39.0,0.0,10.0,11.0
crash_06315,2023-03-25 20:00:00,2023,3,Mar,Sat,20,Night or early morning,30,NO CONTROLS,CLEAR,DAYLIGHT,PARKED MOTOR VEHICLE,PARKING LOT,DRY,NO INJURY / DRIVE AWAY,,,"OVER $1,500",UNABLE TO DETERMINE,2,NO INDICATION OF INJURY,0,0,41.8667243541,-87.6259611484,60605,"CHICAGO MIDWAY AIRPORT, IL US",42.0,26.0,53.0,0.0,10.0,8.0
crash_06316,2019-08-04 14:15:00,2019,8,Aug,Sun,14,Daytime,30,NO CONTROLS,CLEAR,DAYLIGHT,PARKED MOTOR VEHICLE,NOT DIVIDED,DRY,NO INJURY / DRIVE AWAY,,,"$501 - $1,500",FAILING TO YIELD RIGHT-OF-WAY,2,NO INDICATION OF INJURY,0,0,41.8732493441,-87.6254145755,60605,"CHICAGO MIDWAY AIRPORT, IL US",84.0,68.0,59.0,0.0,10.0,8.0
crash_06317,2018-08-17 14:00:00,2018,8,Aug,Fri,14,Daytime,30,TRAFFIC SIGNAL,CLEAR,DAYLIGHT,REAR END,DIVIDED - W/MEDIAN (NOT RAISED),UNKNOWN,INJURY AND / OR TOW DUE TO CRASH,,true,"OVER $1,500",UNABLE TO DETERMINE,3,"REPORTED, NOT EVIDENT",1,0,41.9148767112,-87.7755617354,60639,"CHICAGO OHARE INTERNATIONAL AIRPORT, IL US",78.0,66.0,67.0,0.0,10.0,9.0
crash_06318,2019-09-03 15:45:00,2019,9,Sep,Tue,15,Evening commute,30,TRAFFIC SIGNAL,CLOUDY/OVERCAST,DAYLIGHT,PEDALCYCLIST,"FIVE POINT, OR MORE",DRY,INJURY AND / OR TOW DUE TO CRASH,true,,"$501 - $1,500",UNABLE TO DETERMINE,2,NONINCAPACITATING INJURY,1,0,41.9094466336,-87.6530899716,60642,"CHICAGO MIDWAY AIRPORT, IL US",78.0,71.0,79.0,0.0,9.0,18.0
crash_06319,2018-04-02 20:00:00,2018,4,Apr,Mon,20,Night or early morning,30,NO CONTROLS,CLEAR,DARKNESS,REAR END,OTHER,DRY,NO INJURY / DRIVE AWAY,,,$500 OR LESS,DRIVING SKILLS/KNOWLEDGE/EXPERIENCE,2,NO INDICATION OF INJURY,0,0,41.7714103349,-87.7288712978,60629,"CHICAGO MIDWAY AIRPORT, IL US",39.0,28.0,65.0,0.0,10.0,9.0
crash_06320,2024-05-31 12:20:00,2024,5,May,Fri,12,Daytime,15,NO CONTROLS,CLEAR,DAYLIGHT,PEDESTRIAN,PARKING LOT,UNKNOWN,INJURY AND / OR TOW DUE TO CRASH,,true,"OVER $1,500",FAILING TO YIELD RIGHT-OF-WAY,2,"REPORTED, NOT EVIDENT",1,0,41.9694592415,-87.7282108954,60630,"CHICAGO OHARE INTERNATIONAL AIRPORT, IL US",73.0,46.0,38.0,0.0,10.0,5.0
crash_06321,2025-05-13 16:40:00,2025,5,May,Tue,16,Evening commute,30,NO CONTROLS,CLEAR,DAYLIGHT,SIDESWIPE SAME DIRECTION,DIVIDED - W/MEDIAN (NOT RAISED),DRY,NO INJURY / DRIVE AWAY,,,"OVER $1,500",FAILING TO YIELD RIGHT-OF-WAY,2,NO INDICATION OF INJURY,0,0,41.7085281347,-87.5527390577,60617,"CHICAGO MIDWAY AIRPORT, IL US",75.0,58.0,55.0,0.0,10.0,13.0
crash_06322,2025-06-24 10:25:00,2025,6,Jun,Tue,10,Daytime,20,NO CONTROLS,CLEAR,DAYLIGHT,SIDESWIPE SAME DIRECTION,ONE-WAY,UNKNOWN,NO INJURY / DRIVE AWAY,,true,"$501 - $1,500",IMPROPER LANE USAGE,2,NO INDICATION OF INJURY,0,0,,,,,,,,,,
crash_06323,2018-05-18 22:00:00,2018,5,May,Fri,22,Night or early morning,30,TRAFFIC SIGNAL,RAIN,"DARKNESS, LIGHTED ROAD",TURNING,NOT DIVIDED,WET,NO INJURY / DRIVE AWAY,true,,"OVER $1,500",IMPROPER TURNING/NO SIGNAL,2,NO INDICATION OF INJURY,0,0,41.8865554184,-87.628105632,60601,"CHICAGO MIDWAY AIRPORT, IL US",60.0,58.0,93.0,0.0,4.0,10.0
crash_06324,2018-04-19 06:30:00,2018,4,Apr,Thu,6,Morning commute,30,TRAFFIC SIGNAL,CLEAR,DAYLIGHT,ANGLE,NOT DIVIDED,DRY,INJURY AND / OR TOW DUE TO CRASH,true,true,"$501 - $1,500",FAILING TO YIELD RIGHT-OF-WAY,2,NO INDICATION OF INJURY,0,0,41.925597623,-87.6406509731,60614,"CHICAGO MIDWAY AIRPORT, IL US",35.0,31.0,85.0,0.0,10.0,13.0
crash_06325,2024-11-19 12:30:00,2024,11,Nov,Tue,12,Daytime,30,NO CONTROLS,CLEAR,DAYLIGHT,SIDESWIPE SAME DIRECTION,NOT DIVIDED,DRY,NO INJURY / DRIVE AWAY,,,"OVER $1,500",NOT APPLICABLE,2,NO INDICATION OF INJURY,0,0,41.951412545,-87.7471148298,60641,"CHICAGO OHARE INTERNATIONAL AIRPORT, IL US",60.0,49.0,67.0,,10.0,16.0
crash_06326,2024-05-12 19:20:00,2024,5,May,Sun,19,Night or early morning,30,TRAFFIC SIGNAL,CLEAR,DAYLIGHT,SIDESWIPE SAME DIRECTION,NOT DIVIDED,DRY,NO INJURY / DRIVE AWAY,,,"$501 - $1,500",IMPROPER LANE USAGE,2,NO INDICATION OF INJURY,0,0,41.7942954882,-87.6226029911,60637,"CHICAGO MIDWAY AIRPORT, IL US",81.0,48.0,32.0,0.0,10.0,11.0
crash_06327,2022-12-27 07:40:00,2022,12,Dec,Tue,7,Morning commute,30,TRAFFIC SIGNAL,CLEAR,DAYLIGHT,REAR END,NOT DIVIDED,UNKNOWN,NO INJURY / DRIVE AWAY,,,"OVER $1,500",UNABLE TO DETERMINE,2,NO INDICATION OF INJURY,0,0,41.7766846147,-87.6059935789,60637,"CHICAGO MIDWAY AIRPORT, IL US",9.0,5.0,84.0,0.0,10.0,8.0
crash_06328,2022-08-24 13:45:00,2022,8,Aug,Wed,13,Daytime,30,NO CONTROLS,CLEAR,DAYLIGHT,TURNING,NOT DIVIDED,DRY,NO INJURY / DRIVE AWAY,,,"$501 - $1,500",FOLLOWING TOO CLOSELY,2,NO INDICATION OF INJURY,0,0,41.9980061249,-87.6673696516,60660,"CHICAGO OHARE INTERNATIONAL AIRPORT, IL US",82.0,56.0,41.0,0.0,10.0,3.0
crash_06329,2020-06-20 22:44:00,2020,6,Jun,Sat,22,Night or early morning,30,NO CONTROLS,RAIN,DARKNESS,TURNING,NOT DIVIDED,WET,INJURY AND / OR TOW DUE TO CRASH,,true,"OVER $1,500",FAILING TO YIELD RIGHT-OF-WAY,2,NO INDICATION OF INJURY,0,0,41.8666965236,-87.688511819,60612,"CHICAGO MIDWAY AIRPORT, IL US",71.0,68.0,90.0,0.04,10.0,9.0
crash_06330,2024-03-10 07:00:00,2024,3,Mar,Sun,7,Morning commute,30,NO CONTROLS,CLEAR,DAYLIGHT,PARKED MOTOR VEHICLE,PARKING LOT,DRY,NO INJURY / DRIVE AWAY,false,true,"OVER $1,500",UNABLE TO DETERMINE,2,NO INDICATION OF INJURY,0,0,41.7591432415,-87.6140472236,60619,"CHICAGO MIDWAY AIRPORT, IL US",31.0,18.0,59.0,0.0,10.0,10.0