crash_id,crash_datetime,crash_year,crash_month,crash_month_name,crash_weekday_name,crash_hour,time_period,posted_speed_limit_mph,traffic_control_device,reported_weather_condition,reported_lighting_condition,first_crash_type,trafficway_type,reported_road_surface_condition,crash_type,intersection_related,hit_and_run,estimated_damage,primary_contributory_cause,unit_count,most_severe_injury,injuries_total,injuries_fatal,latitude,longitude,zip5,weather_station_name,temperature_f,dew_point_f,relative_humidity_percent,precipitation_inches,visibility_miles,wind_speed_mph
crash_06449,2023-06-24 11:40:00,2023,6,Jun,Sat,11,Daytime,30,STOP SIGN/FLASHER,CLEAR,DAYLIGHT,TURNING,FOUR WAY,DRY,NO INJURY / DRIVE AWAY,true,,"OVER $1,500",IMPROPER TURNING/NO SIGNAL,2,NO INDICATION OF INJURY,0,0,41.9512044463,-87.6542997979,60613,"CHICAGO MIDWAY AIRPORT, IL US",86.0,57.0,37.0,0.0,10.0,5.0
crash_06450,2019-03-12 08:00:00,2019,3,Mar,Tue,8,Morning commute,30,TRAFFIC SIGNAL,CLEAR,DAYLIGHT,SIDESWIPE SAME DIRECTION,DIVIDED - W/MEDIAN (NOT RAISED),DRY,NO INJURY / DRIVE AWAY,,true,"$501 - $1,500",UNABLE TO DETERMINE,2,NO INDICATION OF INJURY,0,0,41.7361825711,-87.6436598151,60620,"CHICAGO MIDWAY AIRPORT, IL US",28.0,23.0,81.0,0.0,10.0,6.0
crash_06451,2024-12-22 13:22:00,2024,12,Dec,Sun,13,Daytime,30,NO CONTROLS,CLEAR,DAYLIGHT,REAR END,DIVIDED - W/MEDIAN BARRIER,DRY,NO INJURY / DRIVE AWAY,,true,"OVER $1,500",UNABLE TO DETERMINE,2,NO INDICATION OF INJURY,0,0,41.7941393091,-87.6642265248,60609,"CHICAGO MIDWAY AIRPORT, IL US",32.0,21.0,64.0,,10.0,9.0
crash_06452,2020-11-19 06:58:00,2020,11,Nov,Thu,6,Morning commute,30,TRAFFIC SIGNAL,CLEAR,DAYLIGHT,FIXED OBJECT,DIVIDED - W/MEDIAN (NOT RAISED),DRY,INJURY AND / OR TOW DUE TO CRASH,,,"OVER $1,500",FAILING TO REDUCE SPEED TO AVOID CRASH,1,NO INDICATION OF INJURY,0,0,,,,,,,,,,
crash_06453,2023-09-06 17:30:00,2023,9,Sep,Wed,17,Evening commute,20,STOP SIGN/FLASHER,CLOUDY/OVERCAST,DUSK,HEAD ON,ONE-WAY,DRY,NO INJURY / DRIVE AWAY,,true,"OVER $1,500",UNABLE TO DETERMINE,2,NO INDICATION OF INJURY,0,0,41.9149227969,-87.6344574325,60614,"CHICAGO MIDWAY AIRPORT, IL US",72.0,64.0,76.0,,10.0,21.0
crash_06454,2022-09-08 13:00:00,2022,9,Sep,Thu,13,Daytime,30,UNKNOWN,CLEAR,DAYLIGHT,ANGLE,NOT DIVIDED,DRY,NO INJURY / DRIVE AWAY,,,"OVER $1,500",UNABLE TO DETERMINE,2,NO INDICATION OF INJURY,0,0,41.974256214,-87.6962674622,60625,"CHICAGO OHARE INTERNATIONAL AIRPORT, IL US",81.0,55.0,41.0,0.0,10.0,5.0
crash_06455,2019-09-22 13:00:00,2019,9,Sep,Sun,13,Daytime,30,NO CONTROLS,CLEAR,DAYLIGHT,ANGLE,FOUR WAY,DRY,INJURY AND / OR TOW DUE TO CRASH,true,,"OVER $1,500",FAILING TO YIELD RIGHT-OF-WAY,2,NO INDICATION OF INJURY,0,0,41.8543948037,-87.6238153288,60616,"CHICAGO MIDWAY AIRPORT, IL US",78.0,65.0,64.0,0.0,10.0,18.0
crash_06456,2025-11-02 16:30:00,2025,11,Nov,Sun,16,Evening commute,30,UNKNOWN,CLEAR,DAYLIGHT,SIDESWIPE SAME DIRECTION,UNKNOWN,DRY,NO INJURY / DRIVE AWAY,true,,$500 OR LESS,IMPROPER OVERTAKING/PASSING,2,NO INDICATION OF INJURY,0,0,41.8947091562,-87.6372715049,60654,,,,,,,
crash_06457,2023-10-07 18:00:00,2023,10,Oct,Sat,18,Evening commute,25,NO CONTROLS,CLEAR,DAYLIGHT,REAR END,NOT DIVIDED,DRY,NO INJURY / DRIVE AWAY,,true,"OVER $1,500",NOT APPLICABLE,2,NO INDICATION OF INJURY,0,0,41.7792504694,-87.6916609502,60629,"CHICAGO MIDWAY AIRPORT, IL US",56.0,31.0,39.0,0.0,10.0,11.0
crash_06458,2018-09-02 04:00:00,2018,9,Sep,Sun,4,Night or early morning,30,NO CONTROLS,CLEAR,UNKNOWN,PARKED MOTOR VEHICLE,NOT DIVIDED,DRY,INJURY AND / OR TOW DUE TO CRASH,,true,"OVER $1,500",UNABLE TO DETERMINE,2,NO INDICATION OF INJURY,0,0,41.740173927,-87.604273057,60619,"CHICAGO MIDWAY AIRPORT, IL US",74.0,65.0,74.0,0.0,10.0,9.0
crash_06459,2018-09-06 16:00:00,2018,9,Sep,Thu,16,Evening commute,30,TRAFFIC SIGNAL,CLEAR,DAYLIGHT,REAR END,NOT DIVIDED,DRY,NO INJURY / DRIVE AWAY,,,"OVER $1,500",UNABLE TO DETERMINE,3,NO INDICATION OF INJURY,0,0,41.9433399941,-87.7471336653,60641,"CHICAGO OHARE INTERNATIONAL AIRPORT, IL US",68.0,55.0,63.0,0.0,10.0,20.0
crash_06460,2018-10-28 15:50:00,2018,10,Oct,Sun,15,Evening commute,30,TRAFFIC SIGNAL,CLOUDY/OVERCAST,DAYLIGHT,SIDESWIPE SAME DIRECTION,NOT DIVIDED,DRY,NO INJURY / DRIVE AWAY,,true,"OVER $1,500",IMPROPER LANE USAGE,3,NO INDICATION OF INJURY,0,0,41.8872342795,-87.7652539303,60644,"CHICAGO MIDWAY AIRPORT, IL US",51.0,42.0,71.0,0.0,10.0,22.0
crash_06461,2024-05-22 18:44:00,2024,5,May,Wed,18,Evening commute,35,NO CONTROLS,CLEAR,DAYLIGHT,SIDESWIPE SAME DIRECTION,ONE-WAY,DRY,NO INJURY / DRIVE AWAY,,true,"$501 - $1,500",FAILING TO YIELD RIGHT-OF-WAY,2,NO INDICATION OF INJURY,0,0,41.910545507,-87.6801813174,60647,"CHICAGO MIDWAY AIRPORT, IL US",75.0,39.0,27.0,0.0,10.0,15.0
crash_06462,2025-06-13 14:10:00,2025,6,Jun,Fri,14,Daytime,30,TRAFFIC SIGNAL,RAIN,DAYLIGHT,SIDESWIPE SAME DIRECTION,DIVIDED - W/MEDIAN (NOT RAISED),WET,NO INJURY / DRIVE AWAY,,true,$500 OR LESS,FAILING TO YIELD RIGHT-OF-WAY,2,NO INDICATION OF INJURY,0,0,41.9244317115,-87.7219398593,60647,"CHICAGO MIDWAY AIRPORT, IL US",69.0,63.0,81.0,0.02,5.0,8.0
crash_06463,2019-03-07 09:20:00,2019,3,Mar,Thu,9,Morning commute,30,NO CONTROLS,UNKNOWN,DAYLIGHT,PARKED MOTOR VEHICLE,ONE-WAY,UNKNOWN,NO INJURY / DRIVE AWAY,,true,"OVER $1,500",UNABLE TO DETERMINE,2,NO INDICATION OF INJURY,0,0,41.9534870914,-87.7790905407,60634,"CHICAGO OHARE INTERNATIONAL AIRPORT, IL US",20.0,8.0,60.0,0.0,10.0,8.0
crash_06464,2018-06-17 16:15:00,2018,6,Jun,Sun,16,Evening commute,30,NO CONTROLS,CLEAR,DAYLIGHT,HEAD ON,NOT DIVIDED,DRY,INJURY AND / OR TOW DUE TO CRASH,,,"OVER $1,500",EXCEEDING SAFE SPEED FOR CONDITIONS,2,NONINCAPACITATING INJURY,2,0,41.6562373637,-87.6106386827,60827,"CHICAGO MIDWAY AIRPORT, IL US",94.0,71.0,48.0,0.0,10.0,17.0
crash_06465,2025-12-06 16:50:00,2025,12,Dec,Sat,16,Evening commute,30,TRAFFIC SIGNAL,CLEAR,DAYLIGHT,TURNING,NOT DIVIDED,DRY,INJURY AND / OR TOW DUE TO CRASH,,,"OVER $1,500",UNABLE TO DETERMINE,2,NO INDICATION OF INJURY,0,0,41.722454974,-87.5706738059,60617,,,,,,,
crash_06466,2018-09-25 18:42:00,2018,9,Sep,Tue,18,Evening commute,30,TRAFFIC SIGNAL,RAIN,"DARKNESS, LIGHTED ROAD",TURNING,NOT DIVIDED,WET,NO INJURY / DRIVE AWAY,,true,$500 OR LESS,DISREGARDING OTHER TRAFFIC SIGNS,2,NO INDICATION OF INJURY,0,0,41.9569765069,-87.6522529175,60613,"CHICAGO MIDWAY AIRPORT, IL US",68.0,63.0,84.0,0.19,10.0,8.0
crash_06467,2018-05-29 16:00:00,2018,5,May,Tue,16,Evening commute,30,NO CONTROLS,CLEAR,DAYLIGHT,PARKED MOTOR VEHICLE,NOT DIVIDED,DRY,NO INJURY / DRIVE AWAY,,,"$501 - $1,500",FOLLOWING TOO CLOSELY,2,NO INDICATION OF INJURY,0,0,42.0099220552,-87.6820875451,60645,"CHICAGO OHARE INTERNATIONAL AIRPORT, IL US",81.0,64.0,57.0,0.0,10.0,10.0
crash_06468,2019-06-29 13:30:00,2019,6,Jun,Sat,13,Daytime,30,TRAFFIC SIGNAL,CLEAR,DAYLIGHT,REAR END,NOT DIVIDED,DRY,NO INJURY / DRIVE AWAY,,true,"OVER $1,500",UNABLE TO DETERMINE,2,NO INDICATION OF INJURY,0,0,41.8665500635,-87.6861832896,60608,"CHICAGO MIDWAY AIRPORT, IL US",85.0,68.0,57.0,0.0,10.0,8.0
crash_06469,2021-05-23 07:38:00,2021,5,May,Sun,7,Morning commute,30,NO CONTROLS,RAIN,DAYLIGHT,OTHER OBJECT,PARKING LOT,DRY,NO INJURY / DRIVE AWAY,,,"OVER $1,500",UNABLE TO DETERMINE,1,NO INDICATION OF INJURY,0,0,41.891338206,-87.6489425083,60642,"CHICAGO MIDWAY AIRPORT, IL US",72.0,63.0,73.0,0.0,10.0,8.0
crash_06470,2024-08-26 11:04:00,2024,8,Aug,Mon,11,Daytime,30,NO CONTROLS,CLEAR,DAYLIGHT,REAR END,NOT DIVIDED,DRY,NO INJURY / DRIVE AWAY,,,"OVER $1,500",FOLLOWING TOO CLOSELY,2,NO INDICATION OF INJURY,0,0,42.0194052037,-87.6877782608,60645,"CHICAGO OHARE INTERNATIONAL AIRPORT, IL US",87.0,68.0,53.0,0.0,10.0,11.0
crash_06471,2018-03-09 12:23:00,2018,3,Mar,Fri,12,Daytime,30,NO CONTROLS,CLEAR,DAYLIGHT,REAR END,DIVIDED - W/MEDIAN (NOT RAISED),DRY,NO INJURY / DRIVE AWAY,,true,$500 OR LESS,NOT APPLICABLE,2,NO INDICATION OF INJURY,0,0,41.7792032226,-87.6643607554,60636,"CHICAGO MIDWAY AIRPORT, IL US",38.0,14.0,37.0,0.0,10.0,6.0
crash_06472,2019-08-28 19:00:00,2019,8,Aug,Wed,19,Night or early morning,35,TRAFFIC SIGNAL,CLEAR,DUSK,SIDESWIPE SAME DIRECTION,DIVIDED - W/MEDIAN (NOT RAISED),DRY,NO INJURY / DRIVE AWAY,,,"$501 - $1,500",UNABLE TO DETERMINE,2,NO INDICATION OF INJURY,0,0,41.7923797672,-87.7856131262,60638,"CHICAGO MIDWAY AIRPORT, IL US",74.0,51.0,45.0,0.0,10.0,20.0
crash_06473,2022-07-23 04:34:00,2022,7,Jul,Sat,4,Night or early morning,30,NO CONTROLS,RAIN,"DARKNESS, LIGHTED ROAD",OTHER NONCOLLISION,DIVIDED - W/MEDIAN BARRIER,WET,INJURY AND / OR TOW DUE TO CRASH,,,$500 OR LESS,IMPROPER OVERTAKING/PASSING,3,NO INDICATION OF INJURY,0,0,41.9123306142,-87.6686469099,60622,"CHICAGO MIDWAY AIRPORT, IL US",77.0,66.0,69.0,,10.0,22.0
crash_06474,2023-02-08 15:30:00,2023,2,Feb,Wed,15,Evening commute,10,NO CONTROLS,CLEAR,DAYLIGHT,PARKED MOTOR VEHICLE,OTHER,DRY,NO INJURY / DRIVE AWAY,,,"$501 - $1,500",IMPROPER BACKING,2,NO INDICATION OF INJURY,0,0,41.8963357343,-87.6343406345,60654,"CHICAGO MIDWAY AIRPORT, IL US",42.0,27.0,55.0,0.0,10.0,6.0
crash_06475,2025-06-28 08:48:00,2025,6,Jun,Sat,8,Morning commute,30,UNKNOWN,CLEAR,DAYLIGHT,ANGLE,NOT DIVIDED,UNKNOWN,NO INJURY / DRIVE AWAY,,,"OVER $1,500",UNABLE TO DETERMINE,2,NO INDICATION OF INJURY,0,0,41.8640356398,-87.6192970692,60605,"CHICAGO MIDWAY AIRPORT, IL US",75.0,63.0,66.0,0.0,10.0,5.0
crash_06476,2021-05-05 07:50:00,2021,5,May,Wed,7,Morning commute,30,NO CONTROLS,CLEAR,DAYLIGHT,PARKED MOTOR VEHICLE,ONE-WAY,DRY,NO INJURY / DRIVE AWAY,,true,"OVER $1,500",UNABLE TO DETERMINE,2,NO INDICATION OF INJURY,0,0,41.9501594836,-87.7088247362,60618,"CHICAGO OHARE INTERNATIONAL AIRPORT, IL US",48.0,39.0,71.0,0.0,10.0,9.0
crash_06477,2019-07-05 13:45:00,2019,7,Jul,Fri,13,Daytime,30,NO CONTROLS,CLEAR,DAYLIGHT,PARKED MOTOR VEHICLE,NOT DIVIDED,DRY,NO INJURY / DRIVE AWAY,,,"OVER $1,500",UNABLE TO DETERMINE,2,NO INDICATION OF INJURY,0,0,41.7818947845,-87.7229987122,60629,"CHICAGO MIDWAY AIRPORT, IL US",90.0,72.0,56.0,0.0,10.0,9.0
crash_06478,2025-02-17 19:10:00,2025,2,Feb,Mon,19,Night or early morning,30,UNKNOWN,UNKNOWN,UNKNOWN,SIDESWIPE SAME DIRECTION,OTHER,UNKNOWN,NO INJURY / DRIVE AWAY,,,"OVER $1,500",FOLLOWING TOO CLOSELY,2,NO INDICATION OF INJURY,0,0,41.7893293233,-87.7416456442,60638,"CHICAGO MIDWAY AIRPORT, IL US",7.0,-8.0,50.0,0.0,10.0,13.0
crash_06479,2025-02-08 08:56:00,2025,2,Feb,Sat,8,Morning commute,30,TRAFFIC SIGNAL,CLEAR,DAYLIGHT,ANGLE,FOUR WAY,DRY,NO INJURY / DRIVE AWAY,true,true,"OVER $1,500",DISREGARDING TRAFFIC SIGNALS,2,NO INDICATION OF INJURY,0,0,41.7653985858,-87.6266955007,60621,"CHICAGO MIDWAY AIRPORT, IL US",32.0,16.0,52.0,0.0,10.0,14.0
crash_06480,2025-01-23 14:40:00,2025,1,Jan,Thu,14,Daytime,30,UNKNOWN,UNKNOWN,DAYLIGHT,REAR END,NOT DIVIDED,UNKNOWN,NO INJURY / DRIVE AWAY,,,"OVER $1,500",UNABLE TO DETERMINE,2,NO INDICATION OF INJURY,0,0,41.9052077515,-87.6481714997,60642,"CHICAGO MIDWAY AIRPORT, IL US",21.0,4.0,47.0,,10.0,11.0
crash_06481,2024-10-23 20:10:00,2024,10,Oct,Wed,20,Night or early morning,35,NO CONTROLS,CLEAR,"DARKNESS, LIGHTED ROAD",TURNING,FOUR WAY,DRY,INJURY AND / OR TOW DUE TO CRASH,true,,"OVER $1,500",FAILING TO REDUCE SPEED TO AVOID CRASH,3,NO INDICATION OF INJURY,0,0,41.7645896091,-87.7222396043,60629,"CHICAGO MIDWAY AIRPORT, IL US",56.0,34.0,44.0,0.0,10.0,6.0
crash_06482,2022-03-18 08:25:00,2022,3,Mar,Fri,8,Morning commute,20,NO CONTROLS,CLEAR,DAYLIGHT,PARKED MOTOR VEHICLE,ONE-WAY,DRY,NO INJURY / DRIVE AWAY,,true,"$501 - $1,500",UNABLE TO DETERMINE,2,NO INDICATION OF INJURY,0,0,41.8854996454,-87.7724716233,60644,"CHICAGO MIDWAY AIRPORT, IL US",44.0,35.0,71.0,0.0,10.0,21.0
crash_06483,2021-09-24 03:08:00,2021,9,Sep,Fri,3,Night or early morning,30,NO CONTROLS,CLEAR,"DARKNESS, LIGHTED ROAD",OVERTURNED,DIVIDED - W/MEDIAN (NOT RAISED),DRY,INJURY AND / OR TOW DUE TO CRASH,,,"OVER $1,500",UNABLE TO DETERMINE,1,FATAL,1,1,41.8708081395,-87.6203948336,60605,"CHICAGO MIDWAY AIRPORT, IL US",55.0,43.0,64.0,0.0,10.0,7.0
crash_06484,2025-10-27 13:16:00,2025,10,Oct,Mon,13,Daytime,30,TRAFFIC SIGNAL,CLEAR,DAYLIGHT,SIDESWIPE SAME DIRECTION,T-INTERSECTION,DRY,NO INJURY / DRIVE AWAY,,,"OVER $1,500",DISTRACTION - FROM OUTSIDE VEHICLE,3,NO INDICATION OF INJURY,0,0,41.8060023119,-87.6065514227,60615,,,,,,,
crash_06485,2018-10-24 13:22:00,2018,10,Oct,Wed,13,Daytime,30,STOP SIGN/FLASHER,CLEAR,DAYLIGHT,PARKED MOTOR VEHICLE,ONE-WAY,DRY,NO INJURY / DRIVE AWAY,,true,"$501 - $1,500",DRIVING ON WRONG SIDE/WRONG WAY,3,NO INDICATION OF INJURY,0,0,41.7733306979,-87.5788007844,60649,"CHICAGO MIDWAY AIRPORT, IL US",49.0,34.0,56.0,0.0,10.0,6.0
crash_06486,2019-09-25 11:50:00,2019,9,Sep,Wed,11,Daytime,30,NO CONTROLS,CLEAR,DAYLIGHT,REAR END,DIVIDED - W/MEDIAN (NOT RAISED),DRY,NO INJURY / DRIVE AWAY,,,"OVER $1,500",UNABLE TO DETERMINE,2,NO INDICATION OF INJURY,0,0,41.831620095,-87.6657349066,60608,"CHICAGO MIDWAY AIRPORT, IL US",71.0,63.0,76.0,0.0,10.0,16.0
crash_06487,2024-05-08 16:45:00,2024,5,May,Wed,16,Evening commute,25,NO CONTROLS,UNKNOWN,UNKNOWN,SIDESWIPE SAME DIRECTION,DIVIDED - W/MEDIAN (NOT RAISED),UNKNOWN,NO INJURY / DRIVE AWAY,,,"OVER $1,500",UNABLE TO DETERMINE,2,NO INDICATION OF INJURY,0,0,41.9899388483,-87.6702041794,60660,"CHICAGO OHARE INTERNATIONAL AIRPORT, IL US",76.0,39.0,26.0,0.0,10.0,16.0
crash_06488,2025-07-03 23:58:00,2025,7,Jul,Thu,23,Night or early morning,15,NO CONTROLS,CLEAR,"DARKNESS, LIGHTED ROAD",SIDESWIPE SAME DIRECTION,OTHER,DRY,NO INJURY / DRIVE AWAY,,,"OVER $1,500",UNABLE TO DETERMINE,2,NO INDICATION OF INJURY,0,0,41.7497633231,-87.6438701182,60620,"CHICAGO MIDWAY AIRPORT, IL US",83.0,64.0,53.0,0.0,10.0,3.0
crash_06489,2019-04-23 08:50:00,2019,4,Apr,Tue,8,Morning commute,15,NO CONTROLS,CLOUDY/OVERCAST,DAYLIGHT,PARKED MOTOR VEHICLE,ONE-WAY,DRY,NO INJURY / DRIVE AWAY,,,"$501 - $1,500",UNABLE TO DETERMINE,2,NO INDICATION OF INJURY,0,0,41.7495671276,-87.6051278448,60619,"CHICAGO MIDWAY AIRPORT, IL US",51.0,44.0,77.0,0.0,10.0,11.0
crash_06490,2022-06-02 21:00:00,2022,6,Jun,Thu,21,Night or early morning,30,STOP SIGN/FLASHER,CLEAR,"DARKNESS, LIGHTED ROAD",TURNING,NOT DIVIDED,DRY,NO INJURY / DRIVE AWAY,true,,"OVER $1,500",DISREGARDING STOP SIGN,2,NO INDICATION OF INJURY,0,0,41.8523191693,-87.6735159796,60608,"CHICAGO MIDWAY AIRPORT, IL US",70.0,44.0,39.0,0.0,10.0,6.0
crash_06491,2024-05-02 16:08:00,2024,5,May,Thu,16,Evening commute,30,TRAFFIC SIGNAL,CLEAR,DAYLIGHT,REAR END,NOT DIVIDED,DRY,NO INJURY / DRIVE AWAY,true,,"OVER $1,500",UNABLE TO DETERMINE,2,NO INDICATION OF INJURY,0,0,41.8895220444,-87.7457612819,60644,"CHICAGO MIDWAY AIRPORT, IL US",73.0,62.0,69.0,,10.0,6.0
crash_06492,2019-12-19 11:45:00,2019,12,Dec,Thu,11,Daytime,25,TRAFFIC SIGNAL,CLEAR,DAYLIGHT,TURNING,NOT DIVIDED,DRY,NO INJURY / DRIVE AWAY,true,,"$501 - $1,500",IMPROPER OVERTAKING/PASSING,2,NO INDICATION OF INJURY,0,0,41.8924106658,-87.63720268,60654,"CHICAGO MIDWAY AIRPORT, IL US",35.0,20.0,54.0,0.0,10.0,15.0
crash_06493,2022-10-31 17:33:00,2022,10,Oct,Mon,17,Evening commute,35,STOP SIGN/FLASHER,CLEAR,DUSK,PEDALCYCLIST,DIVIDED - W/MEDIAN (NOT RAISED),WET,INJURY AND / OR TOW DUE TO CRASH,,true,"OVER $1,500",IMPROPER OVERTAKING/PASSING,2,NONINCAPACITATING INJURY,1,0,41.8800858906,-87.6789957958,60612,"CHICAGO MIDWAY AIRPORT, IL US",59.0,53.0,81.0,0.0,4.0,3.0
crash_06494,2023-05-20 03:36:00,2023,5,May,Sat,3,Night or early morning,30,NO CONTROLS,CLEAR,"DARKNESS, LIGHTED ROAD",PARKED MOTOR VEHICLE,ONE-WAY,DRY,INJURY AND / OR TOW DUE TO CRASH,,true,"OVER $1,500",UNABLE TO DETERMINE,3,NO INDICATION OF INJURY,0,0,41.872007685,-87.7029047203,60612,"CHICAGO MIDWAY AIRPORT, IL US",52.0,41.0,66.0,0.0,10.0,8.0
crash_06495,2025-12-02 08:45:00,2025,12,Dec,Tue,8,Morning commute,30,UNKNOWN,SNOW,DAYLIGHT,PARKED MOTOR VEHICLE,NOT DIVIDED,WET,NO INJURY / DRIVE AWAY,,true,"OVER $1,500",WEATHER,2,NO INDICATION OF INJURY,0,0,41.8749162153,-87.7446444656,60644,,,,,,,
crash_06496,2022-01-04 14:10:00,2022,1,Jan,Tue,14,Daytime,25,TRAFFIC SIGNAL,CLEAR,DAYLIGHT,REAR END,ONE-WAY,DRY,NO INJURY / DRIVE AWAY,,,"$501 - $1,500",UNABLE TO DETERMINE,2,NO INDICATION OF INJURY,0,0,41.7586090061,-87.5957213605,60619,"CHICAGO MIDWAY AIRPORT, IL US",35.0,23.0,61.0,0.0,10.0,14.0
crash_06497,2022-04-29 13:50:00,2022,4,Apr,Fri,13,Daytime,30,NO CONTROLS,CLEAR,DAYLIGHT,ANGLE,DIVIDED - W/MEDIAN BARRIER,DRY,INJURY AND / OR TOW DUE TO CRASH,,,"OVER $1,500","VISION OBSCURED (SIGNS, TREE LIMBS, BUILDINGS, ETC.)",2,NONINCAPACITATING INJURY,1,0,41.7216709057,-87.6359993978,60620,"CHICAGO MIDWAY AIRPORT, IL US",68.0,39.0,35.0,0.0,10.0,20.0
crash_06498,2021-10-31 15:30:00,2021,10,Oct,Sun,15,Evening commute,30,NO CONTROLS,CLOUDY/OVERCAST,DAYLIGHT,PARKED MOTOR VEHICLE,ONE-WAY,DRY,NO INJURY / DRIVE AWAY,,true,"OVER $1,500",UNABLE TO DETERMINE,2,NO INDICATION OF INJURY,0,0,41.8728398231,-87.7103318644,60624,"CHICAGO MIDWAY AIRPORT, IL US",54.0,33.0,45.0,0.0,10.0,14.0
crash_06499,2020-07-29 18:30:00,2020,7,Jul,Wed,18,Evening commute,30,NO CONTROLS,CLEAR,DAYLIGHT,PARKED MOTOR VEHICLE,NOT DIVIDED,DRY,NO INJURY / DRIVE AWAY,,,"$501 - $1,500",UNABLE TO DETERMINE,2,NO INDICATION OF INJURY,0,0,41.9098955304,-87.652772439,60642,"CHICAGO MIDWAY AIRPORT, IL US",80.0,64.0,58.0,0.0,10.0,11.0
crash_06500,2024-12-28 01:40:00,2024,12,Dec,Sat,1,Night or early morning,35,TRAFFIC SIGNAL,FREEZING RAIN/DRIZZLE,"DARKNESS, LIGHTED ROAD",TURNING,DIVIDED - W/MEDIAN (NOT RAISED),WET,NO INJURY / DRIVE AWAY,,,"OVER $1,500",IMPROPER OVERTAKING/PASSING,2,NO INDICATION OF INJURY,0,0,42.0193007607,-87.6764261525,60626,"CHICAGO OHARE INTERNATIONAL AIRPORT, IL US",50.0,47.0,89.0,,10.0,18.0
crash_06501,2025-09-22 08:40:00,2025,9,Sep,Mon,8,Morning commute,30,TRAFFIC SIGNAL,CLEAR,DAYLIGHT,TURNING,FOUR WAY,DRY,NO INJURY / DRIVE AWAY,,true,"$501 - $1,500",IMPROPER TURNING/NO SIGNAL,2,NO INDICATION OF INJURY,0,0,42.0125284026,-87.6745195325,60626,,,,,,,
crash_06502,2024-09-05 17:45:00,2024,9,Sep,Thu,17,Evening commute,30,TRAFFIC SIGNAL,CLEAR,DAYLIGHT,SIDESWIPE SAME DIRECTION,DIVIDED - W/MEDIAN (NOT RAISED),DRY,NO INJURY / DRIVE AWAY,,,"OVER $1,500",FOLLOWING TOO CLOSELY,2,NO INDICATION OF INJURY,0,0,41.9938466174,-87.7139482926,60659,"CHICAGO OHARE INTERNATIONAL AIRPORT, IL US",83.0,59.0,44.0,0.0,10.0,10.0
crash_06503,2019-05-20 06:45:00,2019,5,May,Mon,6,Morning commute,30,TRAFFIC SIGNAL,CLEAR,DAYLIGHT,TURNING,DIVIDED - W/MEDIAN (NOT RAISED),DRY,NO INJURY / DRIVE AWAY,true,,"$501 - $1,500",NOT APPLICABLE,2,NO INDICATION OF INJURY,0,0,41.9812056652,-87.8367285543,60631,"CHICAGO OHARE INTERNATIONAL AIRPORT, IL US",48.0,40.0,74.0,0.0,10.0,11.0
crash_06504,2018-01-14 23:15:00,2018,1,Jan,Sun,23,Night or early morning,30,TRAFFIC SIGNAL,SNOW,DARKNESS,REAR END,NOT DIVIDED,SNOW OR SLUSH,INJURY AND / OR TOW DUE TO CRASH,true,,"$501 - $1,500",EXCEEDING SAFE SPEED FOR CONDITIONS,2,INCAPACITATING INJURY,1,0,41.756558067,-87.6102710051,60619,"CHICAGO MIDWAY AIRPORT, IL US",19.0,15.0,84.0,0.0,2.5,11.0
crash_06505,2025-02-25 11:00:00,2025,2,Feb,Tue,11,Daytime,30,NO CONTROLS,CLEAR,DAYLIGHT,REAR END,NOT DIVIDED,DRY,NO INJURY / DRIVE AWAY,,,"OVER $1,500",FOLLOWING TOO CLOSELY,2,NO INDICATION OF INJURY,0,0,41.7791285113,-87.7000535416,60629,"CHICAGO MIDWAY AIRPORT, IL US",53.0,37.0,55.0,0.0,10.0,7.0
crash_06506,2022-09-16 19:35:00,2022,9,Sep,Fri,19,Night or early morning,25,TRAFFIC SIGNAL,CLEAR,DAYLIGHT,REAR END,NOT DIVIDED,DRY,NO INJURY / DRIVE AWAY,true,true,"OVER $1,500",UNABLE TO DETERMINE,2,NO INDICATION OF INJURY,0,0,41.8955889835,-87.6918890843,60612,"CHICAGO MIDWAY AIRPORT, IL US",80.0,59.0,49.0,0.0,10.0,9.0
crash_06507,2018-02-08 08:03:00,2018,2,Feb,Thu,8,Morning commute,35,TRAFFIC SIGNAL,CLOUDY/OVERCAST,DAYLIGHT,REAR END,DIVIDED - W/MEDIAN BARRIER,WET,NO INJURY / DRIVE AWAY,,,"OVER $1,500",FOLLOWING TOO CLOSELY,2,NO INDICATION OF INJURY,0,0,41.9929350224,-87.7114095697,60659,"CHICAGO OHARE INTERNATIONAL AIRPORT, IL US",11.0,3.0,70.0,0.0,10.0,5.0
crash_06508,2025-02-28 14:30:00,2025,2,Feb,Fri,14,Daytime,30,TRAFFIC SIGNAL,CLEAR,DAYLIGHT,TURNING,NOT DIVIDED,DRY,NO INJURY / DRIVE AWAY,,true,"$501 - $1,500",FAILING TO YIELD RIGHT-OF-WAY,2,NO INDICATION OF INJURY,0,0,41.89596285,-87.6673492997,60622,"CHICAGO MIDWAY AIRPORT, IL US",59.0,32.0,36.0,0.0,10.0,25.0
crash_06509,2019-02-19 08:55:00,2019,2,Feb,Tue,8,Morning commute,30,TRAFFIC SIGNAL,CLEAR,DAYLIGHT,SIDESWIPE SAME DIRECTION,NOT DIVIDED,DRY,NO INJURY / DRIVE AWAY,,,"OVER $1,500",UNABLE TO DETERMINE,2,NO INDICATION OF INJURY,0,0,41.9604887808,-87.7575075433,60641,"CHICAGO OHARE INTERNATIONAL AIRPORT, IL US",19.0,13.0,77.0,0.0,10.0,0.0