crash_id,crash_datetime,crash_year,crash_month,crash_month_name,crash_weekday_name,crash_hour,time_period,posted_speed_limit_mph,traffic_control_device,reported_weather_condition,reported_lighting_condition,first_crash_type,trafficway_type,reported_road_surface_condition,crash_type,intersection_related,hit_and_run,estimated_damage,primary_contributory_cause,unit_count,most_severe_injury,injuries_total,injuries_fatal,latitude,longitude,zip5,weather_station_name,temperature_f,dew_point_f,relative_humidity_percent,precipitation_inches,visibility_miles,wind_speed_mph
crash_06510,2024-03-23 13:53:00,2024,3,Mar,Sat,13,Daytime,30,STOP SIGN/FLASHER,CLEAR,DAYLIGHT,TURNING,NOT DIVIDED,DRY,INJURY AND / OR TOW DUE TO CRASH,true,,"OVER $1,500",FAILING TO REDUCE SPEED TO AVOID CRASH,2,"REPORTED, NOT EVIDENT",1,0,41.9110578748,-87.7654190437,60639,"CHICAGO MIDWAY AIRPORT, IL US",39.0,17.0,41.0,0.0,10.0,15.0
crash_06511,2023-05-04 10:38:00,2023,5,May,Thu,10,Daytime,30,NO CONTROLS,CLEAR,DAYLIGHT,REAR TO SIDE,NOT DIVIDED,DRY,NO INJURY / DRIVE AWAY,,,"OVER $1,500",UNABLE TO DETERMINE,2,NO INDICATION OF INJURY,0,0,41.7954256691,-87.5841019304,60615,"CHICAGO MIDWAY AIRPORT, IL US",63.0,36.0,37.0,0.0,10.0,8.0
crash_06512,2024-07-08 21:30:00,2024,7,Jul,Mon,21,Night or early morning,30,NO CONTROLS,CLEAR,"DARKNESS, LIGHTED ROAD",REAR END,NOT DIVIDED,DRY,NO INJURY / DRIVE AWAY,,true,$500 OR LESS,FOLLOWING TOO CLOSELY,2,NO INDICATION OF INJURY,0,0,41.9204634252,-87.775700337,60639,"CHICAGO OHARE INTERNATIONAL AIRPORT, IL US",78.0,67.0,69.0,0.0,10.0,5.0
crash_06513,2024-08-11 19:00:00,2024,8,Aug,Sun,19,Night or early morning,35,NO CONTROLS,CLEAR,DAYLIGHT,SIDESWIPE SAME DIRECTION,ONE-WAY,DRY,NO INJURY / DRIVE AWAY,,,"$501 - $1,500",IMPROPER OVERTAKING/PASSING,2,NO INDICATION OF INJURY,0,0,41.8858070197,-87.6441718947,60661,"CHICAGO MIDWAY AIRPORT, IL US",77.0,49.0,37.0,0.0,10.0,9.0
crash_06514,2023-07-05 12:30:00,2023,7,Jul,Wed,12,Daytime,30,UNKNOWN,CLEAR,DAYLIGHT,PARKED MOTOR VEHICLE,UNKNOWN,DRY,NO INJURY / DRIVE AWAY,,true,"OVER $1,500",UNABLE TO DETERMINE,2,NO INDICATION OF INJURY,0,0,41.8949721153,-87.6291491331,60654,"CHICAGO MIDWAY AIRPORT, IL US",91.0,69.0,49.0,0.0,10.0,9.0
crash_06515,2020-05-22 15:08:00,2020,5,May,Fri,15,Evening commute,30,TRAFFIC SIGNAL,CLEAR,DAYLIGHT,SIDESWIPE SAME DIRECTION,ROUNDABOUT,DRY,NO INJURY / DRIVE AWAY,true,,"$501 - $1,500",UNABLE TO DETERMINE,2,NO INDICATION OF INJURY,0,0,41.9278642027,-87.7061618819,60647,"CHICAGO MIDWAY AIRPORT, IL US",65.0,56.0,73.0,0.0,10.0,7.0
crash_06516,2022-12-14 18:45:00,2022,12,Dec,Wed,18,Evening commute,30,TRAFFIC SIGNAL,RAIN,"DARKNESS, LIGHTED ROAD",SIDESWIPE SAME DIRECTION,DIVIDED - W/MEDIAN (NOT RAISED),WET,NO INJURY / DRIVE AWAY,true,true,"OVER $1,500",UNABLE TO DETERMINE,2,NO INDICATION OF INJURY,0,0,41.8494657743,-87.72969713,60623,"CHICAGO MIDWAY AIRPORT, IL US",40.0,37.0,89.0,0.03,4.0,15.0
crash_06517,2025-05-27 17:00:00,2025,5,May,Tue,17,Evening commute,30,NO CONTROLS,CLEAR,DAYLIGHT,SIDESWIPE SAME DIRECTION,DIVIDED - W/MEDIAN BARRIER,DRY,INJURY AND / OR TOW DUE TO CRASH,,,"OVER $1,500",UNABLE TO DETERMINE,2,NO INDICATION OF INJURY,0,0,41.8888629119,-87.6242213654,60611,"CHICAGO MIDWAY AIRPORT, IL US",67.0,45.0,45.0,0.0,10.0,8.0
crash_06518,2019-06-07 15:50:00,2019,6,Jun,Fri,15,Evening commute,20,NO CONTROLS,CLEAR,DAYLIGHT,PARKED MOTOR VEHICLE,NOT DIVIDED,DRY,NO INJURY / DRIVE AWAY,,,$500 OR LESS,UNABLE TO DETERMINE,2,NO INDICATION OF INJURY,0,0,41.9460493513,-87.825520151,60634,"CHICAGO OHARE INTERNATIONAL AIRPORT, IL US",78.0,60.0,54.0,0.0,10.0,11.0
crash_06519,2019-11-01 11:30:00,2019,11,Nov,Fri,11,Daytime,30,NO CONTROLS,CLEAR,DAYLIGHT,SIDESWIPE OPPOSITE DIRECTION,DIVIDED - W/MEDIAN (NOT RAISED),DRY,NO INJURY / DRIVE AWAY,,,"OVER $1,500",DRIVING SKILLS/KNOWLEDGE/EXPERIENCE,2,NO INDICATION OF INJURY,0,0,41.8305591877,-87.6522825516,60609,"CHICAGO MIDWAY AIRPORT, IL US",38.0,26.0,62.0,0.0,10.0,10.0
crash_06520,2022-01-28 15:52:00,2022,1,Jan,Fri,15,Evening commute,30,TRAFFIC SIGNAL,SNOW,DAYLIGHT,SIDESWIPE SAME DIRECTION,NOT DIVIDED,SNOW OR SLUSH,NO INJURY / DRIVE AWAY,true,,"OVER $1,500",WEATHER,2,NO INDICATION OF INJURY,0,0,41.9456592141,-87.7766980045,60634,"CHICAGO OHARE INTERNATIONAL AIRPORT, IL US",22.0,7.0,52.0,0.0,10.0,6.0
crash_06521,2019-12-13 15:30:00,2019,12,Dec,Fri,15,Evening commute,30,TRAFFIC SIGNAL,CLEAR,DARKNESS,REAR END,DIVIDED - W/MEDIAN (NOT RAISED),DRY,NO INJURY / DRIVE AWAY,true,,"$501 - $1,500",FOLLOWING TOO CLOSELY,2,NO INDICATION OF INJURY,0,0,41.7931263583,-87.7429317724,60638,"CHICAGO MIDWAY AIRPORT, IL US",43.0,28.0,56.0,0.0,10.0,6.0
crash_06522,2024-11-12 15:30:00,2024,11,Nov,Tue,15,Evening commute,30,TRAFFIC SIGNAL,CLEAR,DAYLIGHT,PEDALCYCLIST,DIVIDED - W/MEDIAN BARRIER,DRY,INJURY AND / OR TOW DUE TO CRASH,,true,$500 OR LESS,FAILING TO YIELD RIGHT-OF-WAY,2,INCAPACITATING INJURY,1,0,41.8640760775,-87.6763219403,60608,"CHICAGO MIDWAY AIRPORT, IL US",50.0,34.0,54.0,0.0,10.0,10.0
crash_06523,2019-10-02 09:35:00,2019,10,Oct,Wed,9,Morning commute,30,NO CONTROLS,RAIN,DAYLIGHT,ANGLE,DIVIDED - W/MEDIAN (NOT RAISED),WET,NO INJURY / DRIVE AWAY,,,"OVER $1,500",WEATHER,2,NO INDICATION OF INJURY,0,0,41.8309356324,-87.6404175996,60616,"CHICAGO MIDWAY AIRPORT, IL US",60.0,58.0,93.0,,2.5,14.0
crash_06524,2020-02-20 19:25:00,2020,2,Feb,Thu,19,Night or early morning,30,TRAFFIC SIGNAL,CLEAR,"DARKNESS, LIGHTED ROAD",TURNING,FOUR WAY,DRY,INJURY AND / OR TOW DUE TO CRASH,true,,"OVER $1,500",DISREGARDING TRAFFIC SIGNALS,2,NO INDICATION OF INJURY,0,0,41.976201139,-87.9053091251,60666,"CHICAGO OHARE INTERNATIONAL AIRPORT, IL US",16.0,-3.0,43.0,0.0,10.0,8.0
crash_06525,2025-05-17 23:15:00,2025,5,May,Sat,23,Night or early morning,30,NO CONTROLS,CLEAR,DAYLIGHT,SIDESWIPE SAME DIRECTION,ONE-WAY,DRY,NO INJURY / DRIVE AWAY,,,"OVER $1,500",IMPROPER LANE USAGE,2,NO INDICATION OF INJURY,0,0,41.8925283064,-87.6318352923,60654,"CHICAGO MIDWAY AIRPORT, IL US",63.0,43.0,48.0,0.0,10.0,9.0
crash_06526,2023-11-25 23:56:00,2023,11,Nov,Sat,23,Night or early morning,30,NO CONTROLS,CLEAR,DARKNESS,REAR END,NOT DIVIDED,DRY,NO INJURY / DRIVE AWAY,,false,"OVER $1,500",IMPROPER BACKING,2,NO INDICATION OF INJURY,0,0,41.8463829109,-87.6921089741,60608,"CHICAGO MIDWAY AIRPORT, IL US",34.0,21.0,59.0,0.0,10.0,3.0
crash_06527,2024-04-01 11:37:00,2024,4,Apr,Mon,11,Daytime,30,NO CONTROLS,CLEAR,DAYLIGHT,REAR TO FRONT,PARKING LOT,DRY,INJURY AND / OR TOW DUE TO CRASH,,,"OVER $1,500",IMPROPER BACKING,2,"REPORTED, NOT EVIDENT",1,0,41.8629791047,-87.6225950315,60605,"CHICAGO MIDWAY AIRPORT, IL US",47.0,41.0,80.0,0.0,10.0,14.0
crash_06528,2022-11-16 15:50:00,2022,11,Nov,Wed,15,Evening commute,25,NO CONTROLS,RAIN,DAYLIGHT,PEDESTRIAN,T-INTERSECTION,WET,INJURY AND / OR TOW DUE TO CRASH,true,,"$501 - $1,500",UNABLE TO DETERMINE,2,NONINCAPACITATING INJURY,1,0,41.8517733735,-87.6466152426,60608,"CHICAGO MIDWAY AIRPORT, IL US",35.0,32.0,89.0,0.0,7.0,9.0
crash_06529,2021-11-30 18:12:00,2021,11,Nov,Tue,18,Evening commute,30,TRAFFIC SIGNAL,CLEAR,"DARKNESS, LIGHTED ROAD",TURNING,Y-INTERSECTION,DRY,NO INJURY / DRIVE AWAY,true,,"OVER $1,500",FAILING TO YIELD RIGHT-OF-WAY,2,NO INDICATION OF INJURY,0,0,41.8304091267,-87.6778761696,60608,"CHICAGO MIDWAY AIRPORT, IL US",46.0,24.0,42.0,0.0,10.0,7.0
crash_06530,2022-05-04 19:22:00,2022,5,May,Wed,19,Night or early morning,30,TRAFFIC SIGNAL,CLEAR,DUSK,ANGLE,FOUR WAY,DRY,NO INJURY / DRIVE AWAY,true,,"$501 - $1,500",UNABLE TO DETERMINE,2,NO INDICATION OF INJURY,0,0,41.8866856602,-87.7450550191,60644,"CHICAGO MIDWAY AIRPORT, IL US",54.0,41.0,62.0,0.0,10.0,9.0
crash_06531,2020-06-21 03:00:00,2020,6,Jun,Sun,3,Night or early morning,30,NO CONTROLS,UNKNOWN,"DARKNESS, LIGHTED ROAD",PARKED MOTOR VEHICLE,DIVIDED - W/MEDIAN (NOT RAISED),UNKNOWN,INJURY AND / OR TOW DUE TO CRASH,,true,"OVER $1,500",UNABLE TO DETERMINE,3,NO INDICATION OF INJURY,0,0,41.7849176029,-87.7230796543,60629,"CHICAGO MIDWAY AIRPORT, IL US",70.0,68.0,93.0,0.0,10.0,8.0
crash_06532,2018-03-30 09:30:00,2018,3,Mar,Fri,9,Morning commute,30,STOP SIGN/FLASHER,CLEAR,DAYLIGHT,TURNING,NOT DIVIDED,DRY,NO INJURY / DRIVE AWAY,,,"OVER $1,500",UNABLE TO DETERMINE,2,NO INDICATION OF INJURY,0,0,41.9942429667,-87.6873794813,60659,"CHICAGO OHARE INTERNATIONAL AIRPORT, IL US",38.0,26.0,62.0,,10.0,9.0
crash_06533,2020-05-24 00:42:00,2020,5,May,Sun,0,Night or early morning,35,STOP SIGN/FLASHER,CLEAR,"DARKNESS, LIGHTED ROAD",ANGLE,NOT DIVIDED,WET,NO INJURY / DRIVE AWAY,true,,"$501 - $1,500","VISION OBSCURED (SIGNS, TREE LIMBS, BUILDINGS, ETC.)",2,NO INDICATION OF INJURY,0,0,41.7137499438,-87.5388189996,60617,"CHICAGO MIDWAY AIRPORT, IL US",68.0,67.0,96.0,0.0,10.0,6.0
crash_06534,2023-07-21 23:35:00,2023,7,Jul,Fri,23,Night or early morning,30,NO CONTROLS,CLEAR,"DARKNESS, LIGHTED ROAD",FIXED OBJECT,PARKING LOT,DRY,NO INJURY / DRIVE AWAY,,,$500 OR LESS,NOT APPLICABLE,1,NO INDICATION OF INJURY,0,0,41.8673561822,-87.6402266406,60607,"CHICAGO MIDWAY AIRPORT, IL US",71.0,54.0,55.0,0.0,10.0,3.0
crash_06535,2022-01-09 01:20:00,2022,1,Jan,Sun,1,Night or early morning,30,NO CONTROLS,FREEZING RAIN/DRIZZLE,DARKNESS,PARKED MOTOR VEHICLE,NOT DIVIDED,ICE,NO INJURY / DRIVE AWAY,,,"OVER $1,500",WEATHER,2,NO INDICATION OF INJURY,0,0,41.7117837763,-87.6103812827,60628,"CHICAGO MIDWAY AIRPORT, IL US",36.0,33.0,89.0,0.0,10.0,7.0
crash_06536,2018-09-21 15:05:00,2018,9,Sep,Fri,15,Evening commute,30,NO CONTROLS,CLEAR,DAYLIGHT,PARKED MOTOR VEHICLE,NOT DIVIDED,DRY,NO INJURY / DRIVE AWAY,true,true,"OVER $1,500",UNABLE TO DETERMINE,3,NO INDICATION OF INJURY,0,0,41.7949430012,-87.7230663778,60632,"CHICAGO MIDWAY AIRPORT, IL US",75.0,51.0,43.0,0.0,10.0,18.0
crash_06537,2021-03-13 14:30:00,2021,3,Mar,Sat,14,Daytime,24,NO CONTROLS,CLEAR,DAYLIGHT,FIXED OBJECT,NOT DIVIDED,DRY,INJURY AND / OR TOW DUE TO CRASH,,,"OVER $1,500",DISREGARDING OTHER TRAFFIC SIGNS,1,NO INDICATION OF INJURY,0,0,41.8357975116,-87.6703898932,60608,"CHICAGO MIDWAY AIRPORT, IL US",58.0,19.0,22.0,0.0,10.0,3.0
crash_06538,2025-01-04 00:46:00,2025,1,Jan,Sat,0,Night or early morning,30,UNKNOWN,CLEAR,"DARKNESS, LIGHTED ROAD",SIDESWIPE SAME DIRECTION,NOT DIVIDED,DRY,NO INJURY / DRIVE AWAY,,true,"OVER $1,500",UNABLE TO DETERMINE,2,NO INDICATION OF INJURY,0,0,41.9359544104,-87.718926354,60618,"CHICAGO MIDWAY AIRPORT, IL US",18.0,4.0,54.0,0.0,10.0,9.0
crash_06539,2025-10-11 11:15:00,2025,10,Oct,Sat,11,Daytime,30,NO CONTROLS,CLEAR,UNKNOWN,PARKED MOTOR VEHICLE,NOT DIVIDED,DRY,NO INJURY / DRIVE AWAY,,true,"OVER $1,500",UNABLE TO DETERMINE,2,NO INDICATION OF INJURY,0,0,41.7774024042,-87.6935638996,60629,,,,,,,
crash_06540,2018-07-06 17:20:00,2018,7,Jul,Fri,17,Evening commute,30,TRAFFIC SIGNAL,CLEAR,DAWN,PEDALCYCLIST,NOT DIVIDED,DRY,INJURY AND / OR TOW DUE TO CRASH,true,,$500 OR LESS,UNABLE TO DETERMINE,2,NONINCAPACITATING INJURY,1,0,41.9250380064,-87.678047191,60647,"CHICAGO MIDWAY AIRPORT, IL US",74.0,54.0,50.0,0.0,10.0,11.0
crash_06541,2018-11-19 18:40:00,2018,11,Nov,Mon,18,Evening commute,25,TRAFFIC SIGNAL,CLEAR,DARKNESS,REAR END,UNKNOWN,UNKNOWN,NO INJURY / DRIVE AWAY,,,"$501 - $1,500",UNABLE TO DETERMINE,2,NO INDICATION OF INJURY,0,0,41.9176545349,-87.6848127652,60647,"CHICAGO MIDWAY AIRPORT, IL US",34.0,27.0,75.0,0.0,8.0,8.0
crash_06542,2022-09-29 07:30:00,2022,9,Sep,Thu,7,Morning commute,30,NO CONTROLS,CLEAR,DAYLIGHT,SIDESWIPE SAME DIRECTION,NOT DIVIDED,DRY,NO INJURY / DRIVE AWAY,,,$500 OR LESS,IMPROPER OVERTAKING/PASSING,2,NO INDICATION OF INJURY,0,0,41.7935975128,-87.6939420481,60629,"CHICAGO MIDWAY AIRPORT, IL US",52.0,42.0,69.0,0.0,10.0,0.0
crash_06543,2024-08-12 15:46:00,2024,8,Aug,Mon,15,Evening commute,30,STOP SIGN/FLASHER,CLEAR,DAYLIGHT,REAR END,OTHER,DRY,NO INJURY / DRIVE AWAY,,,$500 OR LESS,IMPROPER OVERTAKING/PASSING,2,NO INDICATION OF INJURY,0,0,41.875361763,-87.6623242039,60607,"CHICAGO MIDWAY AIRPORT, IL US",81.0,52.0,37.0,0.0,10.0,3.0
crash_06544,2023-12-23 22:26:00,2023,12,Dec,Sat,22,Night or early morning,25,NO CONTROLS,RAIN,"DARKNESS, LIGHTED ROAD",FIXED OBJECT,NOT DIVIDED,WET,INJURY AND / OR TOW DUE TO CRASH,,,"OVER $1,500",DRIVING SKILLS/KNOWLEDGE/EXPERIENCE,1,NO INDICATION OF INJURY,0,0,41.976201139,-87.9053091251,60666,"CHICAGO OHARE INTERNATIONAL AIRPORT, IL US",47.0,46.0,97.0,,0.12,0.0
crash_06545,2023-12-31 14:30:00,2023,12,Dec,Sun,14,Daytime,30,NO CONTROLS,UNKNOWN,UNKNOWN,REAR TO SIDE,PARKING LOT,UNKNOWN,NO INJURY / DRIVE AWAY,,,"OVER $1,500",UNABLE TO DETERMINE,2,NO INDICATION OF INJURY,0,0,41.7242787698,-87.604378375,60619,"CHICAGO MIDWAY AIRPORT, IL US",35.0,29.0,78.0,0.0,9.0,10.0
crash_06546,2022-04-30 20:20:00,2022,4,Apr,Sat,20,Night or early morning,30,NO CONTROLS,RAIN,"DARKNESS, LIGHTED ROAD",REAR END,NOT DIVIDED,WET,NO INJURY / DRIVE AWAY,,,"OVER $1,500",UNABLE TO DETERMINE,2,NO INDICATION OF INJURY,0,0,41.8910472101,-87.774861084,60644,"CHICAGO MIDWAY AIRPORT, IL US",62.0,57.0,84.0,0.31,3.0,18.0
crash_06547,2020-05-07 12:05:00,2020,5,May,Thu,12,Daytime,10,NO CONTROLS,CLEAR,DAYLIGHT,FIXED OBJECT,PARKING LOT,DRY,NO INJURY / DRIVE AWAY,,,$500 OR LESS,NOT APPLICABLE,1,NO INDICATION OF INJURY,0,0,41.8188405804,-87.7241129298,60632,"CHICAGO MIDWAY AIRPORT, IL US",65.0,31.0,28.0,0.0,10.0,22.0
crash_06548,2024-07-03 10:25:00,2024,7,Jul,Wed,10,Daytime,30,NO CONTROLS,UNKNOWN,DAYLIGHT,PARKED MOTOR VEHICLE,NOT DIVIDED,UNKNOWN,NO INJURY / DRIVE AWAY,,,"$501 - $1,500",UNABLE TO DETERMINE,2,NO INDICATION OF INJURY,0,0,41.7667328841,-87.6929352413,60629,"CHICAGO MIDWAY AIRPORT, IL US",78.0,71.0,79.0,0.0,10.0,6.0
crash_06549,2022-06-13 15:30:00,2022,6,Jun,Mon,15,Evening commute,30,NO CONTROLS,CLEAR,DAYLIGHT,REAR TO SIDE,NOT DIVIDED,DRY,NO INJURY / DRIVE AWAY,,,"OVER $1,500",IMPROPER BACKING,2,NO INDICATION OF INJURY,0,0,41.7023873079,-87.6522724559,60643,"CHICAGO MIDWAY AIRPORT, IL US",89.0,73.0,59.0,0.0,10.0,7.0
crash_06550,2019-05-30 17:48:00,2019,5,May,Thu,17,Evening commute,10,NO CONTROLS,CLEAR,DAYLIGHT,FIXED OBJECT,ALLEY,DRY,NO INJURY / DRIVE AWAY,,,"OVER $1,500",IMPROPER BACKING,1,NO INDICATION OF INJURY,0,0,41.9988587842,-87.6607839261,60626,"CHICAGO OHARE INTERNATIONAL AIRPORT, IL US",75.0,57.0,54.0,0.0,10.0,8.0
crash_06551,2024-12-07 08:30:00,2024,12,Dec,Sat,8,Morning commute,20,NO CONTROLS,UNKNOWN,UNKNOWN,PARKED MOTOR VEHICLE,PARKING LOT,UNKNOWN,NO INJURY / DRIVE AWAY,,,"OVER $1,500",NOT APPLICABLE,2,NO INDICATION OF INJURY,0,0,41.9847765691,-87.7681563515,60646,"CHICAGO OHARE INTERNATIONAL AIRPORT, IL US",28.0,15.0,58.0,,10.0,13.0
crash_06552,2022-07-21 15:00:00,2022,7,Jul,Thu,15,Evening commute,25,UNKNOWN,CLEAR,DAYLIGHT,PARKED MOTOR VEHICLE,PARKING LOT,DRY,NO INJURY / DRIVE AWAY,,,"$501 - $1,500",UNABLE TO DETERMINE,2,NO INDICATION OF INJURY,0,0,41.77966308,-87.5865913664,60637,"CHICAGO MIDWAY AIRPORT, IL US",93.0,64.0,38.0,0.0,10.0,16.0
crash_06553,2025-09-21 07:58:00,2025,9,Sep,Sun,7,Morning commute,30,TRAFFIC SIGNAL,RAIN,DAYLIGHT,HEAD ON,NOT DIVIDED,WET,INJURY AND / OR TOW DUE TO CRASH,true,,"OVER $1,500",DRIVING ON WRONG SIDE/WRONG WAY,2,"REPORTED, NOT EVIDENT",2,0,41.7860486166,-87.7228424157,60629,,,,,,,
crash_06554,2024-09-21 11:51:00,2024,9,Sep,Sat,11,Daytime,30,TRAFFIC SIGNAL,CLEAR,DAYLIGHT,PEDALCYCLIST,DIVIDED - W/MEDIAN (NOT RAISED),DRY,INJURY AND / OR TOW DUE TO CRASH,true,,"$501 - $1,500",UNABLE TO DETERMINE,2,"REPORTED, NOT EVIDENT",1,0,41.7857434633,-87.7328917418,60629,"CHICAGO MIDWAY AIRPORT, IL US",86.0,51.0,30.0,0.0,10.0,5.0
crash_06555,2021-06-21 08:00:00,2021,6,Jun,Mon,8,Morning commute,30,TRAFFIC SIGNAL,CLEAR,DAYLIGHT,SIDESWIPE SAME DIRECTION,DIVIDED - W/MEDIAN BARRIER,DRY,NO INJURY / DRIVE AWAY,true,,"$501 - $1,500",UNABLE TO DETERMINE,2,NO INDICATION OF INJURY,0,0,41.7513492487,-87.5854920616,60617,"CHICAGO MIDWAY AIRPORT, IL US",66.0,53.0,63.0,0.0,10.0,17.0
crash_06556,2021-06-11 20:11:00,2021,6,Jun,Fri,20,Night or early morning,25,NO CONTROLS,CLEAR,"DARKNESS, LIGHTED ROAD",FIXED OBJECT,T-INTERSECTION,DRY,NO INJURY / DRIVE AWAY,,,"OVER $1,500",UNABLE TO DETERMINE,1,NO INDICATION OF INJURY,0,0,41.9077868569,-87.6339154542,60610,"CHICAGO MIDWAY AIRPORT, IL US",86.0,62.0,45.0,0.0,10.0,8.0
crash_06557,2019-03-14 15:15:00,2019,3,Mar,Thu,15,Evening commute,30,UNKNOWN,UNKNOWN,UNKNOWN,REAR END,NOT DIVIDED,UNKNOWN,NO INJURY / DRIVE AWAY,,,"OVER $1,500",NOT APPLICABLE,2,NO INDICATION OF INJURY,0,0,41.7591586022,-87.6832464073,60629,"CHICAGO MIDWAY AIRPORT, IL US",63.0,51.0,65.0,0.01,10.0,28.0
crash_06558,2018-09-23 01:45:00,2018,9,Sep,Sun,1,Night or early morning,30,TRAFFIC SIGNAL,CLEAR,"DARKNESS, LIGHTED ROAD",ANGLE,ONE-WAY,DRY,INJURY AND / OR TOW DUE TO CRASH,true,,"OVER $1,500",DISREGARDING TRAFFIC SIGNALS,2,NONINCAPACITATING INJURY,2,0,41.8745518803,-87.7204536586,60624,"CHICAGO MIDWAY AIRPORT, IL US",56.0,47.0,72.0,0.0,10.0,0.0
crash_06559,2021-01-25 13:04:00,2021,1,Jan,Mon,13,Daytime,30,OTHER,CLEAR,DAYLIGHT,PARKED MOTOR VEHICLE,ONE-WAY,DRY,NO INJURY / DRIVE AWAY,,,"OVER $1,500","OPERATING VEHICLE IN ERRATIC, RECKLESS, CARELESS, NEGLIGENT OR AGGRESSIVE MANNER",2,NO INDICATION OF INJURY,0,0,41.8727074226,-87.7020949596,60612,"CHICAGO MIDWAY AIRPORT, IL US",34.0,25.0,70.0,0.0,10.0,17.0
crash_06560,2019-07-15 18:00:00,2019,7,Jul,Mon,18,Evening commute,45,NO CONTROLS,CLEAR,DAYLIGHT,SIDESWIPE SAME DIRECTION,DIVIDED - W/MEDIAN BARRIER,DRY,NO INJURY / DRIVE AWAY,,,"$501 - $1,500",FAILING TO YIELD RIGHT-OF-WAY,2,NO INDICATION OF INJURY,0,0,41.8831705188,-87.616458079,60602,"CHICAGO MIDWAY AIRPORT, IL US",89.0,66.0,47.0,0.0,10.0,20.0
crash_06561,2018-08-20 18:30:00,2018,8,Aug,Mon,18,Evening commute,30,NO CONTROLS,CLEAR,DUSK,FIXED OBJECT,ALLEY,DRY,NO INJURY / DRIVE AWAY,,,"OVER $1,500",UNABLE TO DETERMINE,1,NO INDICATION OF INJURY,0,0,41.9800017548,-87.6684374361,60640,"CHICAGO OHARE INTERNATIONAL AIRPORT, IL US",77.0,70.0,79.0,,10.0,13.0
crash_06562,2022-06-03 11:21:00,2022,6,Jun,Fri,11,Daytime,30,NO CONTROLS,CLEAR,DAYLIGHT,REAR END,DIVIDED - W/MEDIAN BARRIER,DRY,INJURY AND / OR TOW DUE TO CRASH,,,"OVER $1,500",FOLLOWING TOO CLOSELY,2,NO INDICATION OF INJURY,0,0,41.8527476511,-87.6248811309,60616,"CHICAGO MIDWAY AIRPORT, IL US",79.0,40.0,25.0,0.0,10.0,17.0
crash_06563,2025-05-19 18:15:00,2025,5,May,Mon,18,Evening commute,30,NO CONTROLS,CLEAR,DAYLIGHT,SIDESWIPE SAME DIRECTION,DIVIDED - W/MEDIAN (NOT RAISED),DRY,NO INJURY / DRIVE AWAY,,,"OVER $1,500",IMPROPER LANE USAGE,2,NO INDICATION OF INJURY,0,0,41.9288926485,-87.7060042854,60647,"CHICAGO MIDWAY AIRPORT, IL US",52.0,41.0,66.0,0.0,10.0,16.0
crash_06564,2020-11-02 12:15:00,2020,11,Nov,Mon,12,Daytime,30,NO CONTROLS,CLEAR,DAYLIGHT,REAR END,NOT DIVIDED,DRY,NO INJURY / DRIVE AWAY,,,"OVER $1,500",UNABLE TO DETERMINE,2,NO INDICATION OF INJURY,0,0,41.8772264074,-87.7232306793,60624,"CHICAGO MIDWAY AIRPORT, IL US",46.0,16.0,30.0,0.0,10.0,15.0
crash_06565,2018-12-22 22:20:00,2018,12,Dec,Sat,22,Night or early morning,30,NO CONTROLS,CLEAR,DUSK,SIDESWIPE SAME DIRECTION,NOT DIVIDED,WET,INJURY AND / OR TOW DUE TO CRASH,,,"OVER $1,500",FOLLOWING TOO CLOSELY,2,INCAPACITATING INJURY,1,0,41.9608898224,-87.7426495052,60630,"CHICAGO OHARE INTERNATIONAL AIRPORT, IL US",32.0,28.0,85.0,,9.0,9.0
crash_06566,2018-08-27 17:20:00,2018,8,Aug,Mon,17,Evening commute,30,NO CONTROLS,CLEAR,DAYLIGHT,OTHER OBJECT,NOT DIVIDED,DRY,NO INJURY / DRIVE AWAY,,,"$501 - $1,500",NOT APPLICABLE,2,NO INDICATION OF INJURY,0,0,41.9975075311,-87.6557622948,60660,"CHICAGO OHARE INTERNATIONAL AIRPORT, IL US",93.0,68.0,44.0,0.0,8.0,23.0
crash_06567,2021-07-16 16:36:00,2021,7,Jul,Fri,16,Evening commute,30,STOP SIGN/FLASHER,CLEAR,DAYLIGHT,ANGLE,NOT REPORTED,DRY,INJURY AND / OR TOW DUE TO CRASH,true,true,"OVER $1,500",DISREGARDING STOP SIGN,2,NONINCAPACITATING INJURY,1,0,41.8110320839,-87.6214046233,60653,"CHICAGO MIDWAY AIRPORT, IL US",73.0,59.0,62.0,0.0,10.0,15.0
crash_06568,2021-12-11 22:00:00,2021,12,Dec,Sat,22,Night or early morning,35,NO CONTROLS,CLEAR,"DARKNESS, LIGHTED ROAD",TURNING,NOT DIVIDED,DRY,INJURY AND / OR TOW DUE TO CRASH,,,"OVER $1,500",UNABLE TO DETERMINE,2,NO INDICATION OF INJURY,0,0,41.7661952023,-87.562908182,60649,"CHICAGO MIDWAY AIRPORT, IL US",34.0,24.0,67.0,0.0,10.0,9.0