crash_id,crash_datetime,crash_year,crash_month,crash_month_name,crash_weekday_name,crash_hour,time_period,posted_speed_limit_mph,traffic_control_device,reported_weather_condition,reported_lighting_condition,first_crash_type,trafficway_type,reported_road_surface_condition,crash_type,intersection_related,hit_and_run,estimated_damage,primary_contributory_cause,unit_count,most_severe_injury,injuries_total,injuries_fatal,latitude,longitude,zip5,weather_station_name,temperature_f,dew_point_f,relative_humidity_percent,precipitation_inches,visibility_miles,wind_speed_mph
crash_06569,2018-02-18 05:05:00,2018,2,Feb,Sun,5,Night or early morning,30,NO CONTROLS,CLEAR,"DARKNESS, LIGHTED ROAD",PARKED MOTOR VEHICLE,NOT DIVIDED,WET,INJURY AND / OR TOW DUE TO CRASH,,,"OVER $1,500",UNABLE TO DETERMINE,2,NO INDICATION OF INJURY,0,0,41.9722903206,-87.6888838647,60625,"CHICAGO OHARE INTERNATIONAL AIRPORT, IL US",16.0,14.0,92.0,0.0,5.0,6.0
crash_06570,2020-06-11 16:03:00,2020,6,Jun,Thu,16,Evening commute,30,NO CONTROLS,CLEAR,DAYLIGHT,PARKED MOTOR VEHICLE,PARKING LOT,DRY,NO INJURY / DRIVE AWAY,,,"OVER $1,500",UNABLE TO DETERMINE,2,NO INDICATION OF INJURY,0,0,41.7686927634,-87.5858458133,60649,"CHICAGO MIDWAY AIRPORT, IL US",82.0,44.0,26.0,0.0,10.0,21.0
crash_06571,2019-11-13 18:50:00,2019,11,Nov,Wed,18,Evening commute,30,STOP SIGN/FLASHER,CLEAR,"DARKNESS, LIGHTED ROAD",REAR END,NOT DIVIDED,ICE,NO INJURY / DRIVE AWAY,true,,"$501 - $1,500",UNABLE TO DETERMINE,2,NO INDICATION OF INJURY,0,0,41.9577819949,-87.6728826594,60613,"CHICAGO MIDWAY AIRPORT, IL US",26.0,15.0,63.0,0.0,10.0,13.0
crash_06572,2018-02-05 18:30:00,2018,2,Feb,Mon,18,Evening commute,30,STOP SIGN/FLASHER,SNOW,"DARKNESS, LIGHTED ROAD",ANGLE,DIVIDED - W/MEDIAN (NOT RAISED),SNOW OR SLUSH,INJURY AND / OR TOW DUE TO CRASH,true,,"OVER $1,500",FAILING TO YIELD RIGHT-OF-WAY,2,NO INDICATION OF INJURY,0,0,41.8912792475,-87.648850939,60642,"CHICAGO MIDWAY AIRPORT, IL US",11.0,7.0,84.0,0.01,1.0,7.0
crash_06573,2022-06-13 11:00:00,2022,6,Jun,Mon,11,Daytime,30,TRAFFIC SIGNAL,CLEAR,DAYLIGHT,REAR END,DIVIDED - W/MEDIAN (NOT RAISED),DRY,NO INJURY / DRIVE AWAY,true,,"$501 - $1,500",DISTRACTION - FROM INSIDE VEHICLE,2,NO INDICATION OF INJURY,0,0,41.9759500623,-87.6960663533,60625,"CHICAGO OHARE INTERNATIONAL AIRPORT, IL US",82.0,68.0,63.0,0.0,10.0,13.0
crash_06574,2018-02-28 09:00:00,2018,2,Feb,Wed,9,Morning commute,30,NO CONTROLS,CLEAR,DAYLIGHT,PARKED MOTOR VEHICLE,NOT DIVIDED,DRY,NO INJURY / DRIVE AWAY,,true,"OVER $1,500",UNABLE TO DETERMINE,2,NO INDICATION OF INJURY,0,0,41.9156783343,-87.7527268086,60639,"CHICAGO MIDWAY AIRPORT, IL US",55.0,46.0,72.0,0.0,10.0,13.0
crash_06575,2020-01-13 17:10:00,2020,1,Jan,Mon,17,Evening commute,30,NO CONTROLS,CLEAR,DARKNESS,REAR END,NOT DIVIDED,DRY,NO INJURY / DRIVE AWAY,,,"OVER $1,500",UNABLE TO DETERMINE,3,NO INDICATION OF INJURY,0,0,41.7944525947,-87.762214609,60638,"CHICAGO MIDWAY AIRPORT, IL US",33.0,26.0,75.0,0.0,10.0,7.0
crash_06576,2023-08-08 09:49:00,2023,8,Aug,Tue,9,Morning commute,30,TRAFFIC SIGNAL,CLEAR,DAYLIGHT,REAR END,T-INTERSECTION,DRY,NO INJURY / DRIVE AWAY,true,,"OVER $1,500",FAILING TO REDUCE SPEED TO AVOID CRASH,3,NO INDICATION OF INJURY,0,0,41.8877918975,-87.6110826843,60601,"CHICAGO MIDWAY AIRPORT, IL US",79.0,63.0,58.0,0.0,10.0,7.0
crash_06577,2025-03-16 00:25:00,2025,3,Mar,Sun,0,Night or early morning,30,STOP SIGN/FLASHER,RAIN,"DARKNESS, LIGHTED ROAD",ANGLE,T-INTERSECTION,WET,NO INJURY / DRIVE AWAY,true,true,"OVER $1,500",FAILING TO YIELD RIGHT-OF-WAY,2,NO INDICATION OF INJURY,0,0,41.857810072,-87.658300283,60608,"CHICAGO MIDWAY AIRPORT, IL US",44.0,36.0,73.0,0.0,10.0,8.0
crash_06578,2025-04-24 14:29:00,2025,4,Apr,Thu,14,Daytime,35,NO CONTROLS,CLEAR,DAYLIGHT,REAR END,NOT DIVIDED,DRY,INJURY AND / OR TOW DUE TO CRASH,,,"OVER $1,500",FAILING TO REDUCE SPEED TO AVOID CRASH,3,NO INDICATION OF INJURY,0,0,41.7828905426,-87.8009926655,60638,"CHICAGO MIDWAY AIRPORT, IL US",72.0,47.0,41.0,0.0,10.0,13.0
crash_06579,2018-05-03 08:45:00,2018,5,May,Thu,8,Morning commute,20,NO CONTROLS,CLEAR,DAYLIGHT,PARKED MOTOR VEHICLE,NOT DIVIDED,DRY,NO INJURY / DRIVE AWAY,,,"OVER $1,500",IMPROPER OVERTAKING/PASSING,2,NO INDICATION OF INJURY,0,0,41.9881813579,-87.802992071,60631,"CHICAGO OHARE INTERNATIONAL AIRPORT, IL US",65.0,62.0,90.0,0.01,7.0,6.0
crash_06580,2020-08-27 10:15:00,2020,8,Aug,Thu,10,Daytime,30,TRAFFIC SIGNAL,CLEAR,DAYLIGHT,ANGLE,FOUR WAY,DRY,NO INJURY / DRIVE AWAY,true,,"OVER $1,500",UNABLE TO DETERMINE,2,NO INDICATION OF INJURY,0,0,41.8089659596,-87.6334356245,60609,"CHICAGO MIDWAY AIRPORT, IL US",86.0,71.0,61.0,0.0,10.0,13.0
crash_06581,2018-03-18 14:45:00,2018,3,Mar,Sun,14,Daytime,30,TRAFFIC SIGNAL,CLEAR,DAYLIGHT,TURNING,NOT DIVIDED,DRY,NO INJURY / DRIVE AWAY,,,"OVER $1,500",FAILING TO REDUCE SPEED TO AVOID CRASH,2,NO INDICATION OF INJURY,0,0,41.7933705543,-87.6841753768,60629,"CHICAGO MIDWAY AIRPORT, IL US",55.0,21.0,26.0,0.0,10.0,0.0
crash_06582,2025-07-17 21:00:00,2025,7,Jul,Thu,21,Night or early morning,30,UNKNOWN,CLEAR,"DARKNESS, LIGHTED ROAD",PEDALCYCLIST,ONE-WAY,DRY,NO INJURY / DRIVE AWAY,,,$500 OR LESS,UNABLE TO DETERMINE,2,NO INDICATION OF INJURY,0,0,41.8918642666,-87.6230434937,60611,"CHICAGO MIDWAY AIRPORT, IL US",67.0,56.0,68.0,0.0,10.0,13.0
crash_06583,2024-07-01 13:25:00,2024,7,Jul,Mon,13,Daytime,30,TRAFFIC SIGNAL,CLEAR,DUSK,REAR END,NOT DIVIDED,DRY,NO INJURY / DRIVE AWAY,true,false,"$501 - $1,500",IMPROPER LANE USAGE,2,NO INDICATION OF INJURY,0,0,41.7510739605,-87.6110609578,60619,"CHICAGO MIDWAY AIRPORT, IL US",74.0,44.0,34.0,0.0,10.0,10.0
crash_06584,2020-07-04 07:30:00,2020,7,Jul,Sat,7,Morning commute,15,NO CONTROLS,CLEAR,DAYLIGHT,FIXED OBJECT,PARKING LOT,DRY,NO INJURY / DRIVE AWAY,,true,"OVER $1,500",FAILING TO REDUCE SPEED TO AVOID CRASH,3,NO INDICATION OF INJURY,0,0,41.8797865639,-87.7035306161,60612,"CHICAGO MIDWAY AIRPORT, IL US",78.0,68.0,71.0,0.0,10.0,6.0
crash_06585,2021-01-06 13:20:00,2021,1,Jan,Wed,13,Daytime,20,NO CONTROLS,CLEAR,DAYLIGHT,PARKED MOTOR VEHICLE,NOT DIVIDED,DRY,NO INJURY / DRIVE AWAY,,true,"OVER $1,500",UNABLE TO DETERMINE,2,NO INDICATION OF INJURY,0,0,41.7701320149,-87.6751750678,60636,"CHICAGO MIDWAY AIRPORT, IL US",38.0,29.0,70.0,0.0,7.0,7.0
crash_06586,2024-07-05 09:35:00,2024,7,Jul,Fri,9,Morning commute,30,UNKNOWN,CLEAR,DAYLIGHT,REAR END,FOUR WAY,DRY,NO INJURY / DRIVE AWAY,true,,"OVER $1,500",FOLLOWING TOO CLOSELY,2,NO INDICATION OF INJURY,0,0,41.9907862118,-87.6797603677,60660,"CHICAGO OHARE INTERNATIONAL AIRPORT, IL US",79.0,62.0,56.0,0.0,10.0,10.0
crash_06587,2019-04-02 07:20:00,2019,4,Apr,Tue,7,Morning commute,30,TRAFFIC SIGNAL,CLEAR,DAYLIGHT,TURNING,NOT DIVIDED,DRY,NO INJURY / DRIVE AWAY,true,,"OVER $1,500",IMPROPER LANE USAGE,2,NO INDICATION OF INJURY,0,0,41.9760797264,-87.6684730553,60640,"CHICAGO OHARE INTERNATIONAL AIRPORT, IL US",39.0,29.0,67.0,0.0,10.0,13.0
crash_06588,2023-12-11 15:38:00,2023,12,Dec,Mon,15,Evening commute,30,NO CONTROLS,CLEAR,DAYLIGHT,TURNING,FOUR WAY,DRY,INJURY AND / OR TOW DUE TO CRASH,,,"OVER $1,500",FAILING TO YIELD RIGHT-OF-WAY,2,"REPORTED, NOT EVIDENT",5,0,41.7436620123,-87.6310542179,60620,"CHICAGO MIDWAY AIRPORT, IL US",36.0,23.0,59.0,0.0,10.0,11.0
crash_06589,2024-10-22 14:35:00,2024,10,Oct,Tue,14,Daytime,30,STOP SIGN/FLASHER,CLEAR,DAYLIGHT,REAR END,NOT DIVIDED,DRY,NO INJURY / DRIVE AWAY,true,,$500 OR LESS,FOLLOWING TOO CLOSELY,2,NO INDICATION OF INJURY,0,0,41.9550979812,-87.767211332,60634,"CHICAGO OHARE INTERNATIONAL AIRPORT, IL US",71.0,46.0,41.0,0.0,10.0,11.0
crash_06590,2024-10-23 20:55:00,2024,10,Oct,Wed,20,Night or early morning,30,NO CONTROLS,CLEAR,"DARKNESS, LIGHTED ROAD",SIDESWIPE SAME DIRECTION,NOT DIVIDED,DRY,NO INJURY / DRIVE AWAY,,,"OVER $1,500",UNABLE TO DETERMINE,2,NO INDICATION OF INJURY,0,0,41.8523899153,-87.6688181106,60608,"CHICAGO MIDWAY AIRPORT, IL US",54.0,34.0,47.0,0.0,10.0,3.0
crash_06591,2024-07-27 18:30:00,2024,7,Jul,Sat,18,Evening commute,30,NO CONTROLS,CLEAR,DAYLIGHT,SIDESWIPE SAME DIRECTION,NOT DIVIDED,DRY,NO INJURY / DRIVE AWAY,true,,"OVER $1,500",UNABLE TO DETERMINE,2,NO INDICATION OF INJURY,0,0,41.9176497307,-87.6914578742,60647,"CHICAGO MIDWAY AIRPORT, IL US",82.0,58.0,44.0,0.0,10.0,9.0
crash_06592,2023-05-21 16:30:00,2023,5,May,Sun,16,Evening commute,30,TRAFFIC SIGNAL,CLEAR,DAYLIGHT,REAR END,DIVIDED - W/MEDIAN BARRIER,DRY,NO INJURY / DRIVE AWAY,,,"OVER $1,500",FOLLOWING TOO CLOSELY,2,NO INDICATION OF INJURY,0,0,,,,,,,,,,
crash_06593,2021-11-14 16:17:00,2021,11,Nov,Sun,16,Evening commute,30,NO CONTROLS,CLEAR,DUSK,TURNING,NOT DIVIDED,DRY,INJURY AND / OR TOW DUE TO CRASH,,true,"OVER $1,500",UNABLE TO DETERMINE,2,NO INDICATION OF INJURY,0,0,41.9490393632,-87.6881747139,60618,"CHICAGO MIDWAY AIRPORT, IL US",37.0,25.0,62.0,,10.0,21.0
crash_06594,2025-06-24 16:45:00,2025,6,Jun,Tue,16,Evening commute,30,NO CONTROLS,CLEAR,DAYLIGHT,REAR END,T-INTERSECTION,DRY,NO INJURY / DRIVE AWAY,true,,"$501 - $1,500",IMPROPER LANE USAGE,2,NO INDICATION OF INJURY,0,0,41.8526269149,-87.7249318687,60623,"CHICAGO MIDWAY AIRPORT, IL US",86.0,66.0,52.0,,10.0,9.0
crash_06595,2018-02-11 18:00:00,2018,2,Feb,Sun,18,Evening commute,35,NO CONTROLS,CLEAR,"DARKNESS, LIGHTED ROAD",PARKED MOTOR VEHICLE,NOT DIVIDED,SNOW OR SLUSH,NO INJURY / DRIVE AWAY,,true,"$501 - $1,500",UNABLE TO DETERMINE,2,NO INDICATION OF INJURY,0,0,41.9557518127,-87.7504308008,60641,"CHICAGO OHARE INTERNATIONAL AIRPORT, IL US",19.0,8.0,62.0,0.0,10.0,10.0
crash_06596,2023-11-18 12:34:00,2023,11,Nov,Sat,12,Daytime,35,TRAFFIC SIGNAL,OTHER,DAYLIGHT,TURNING,FOUR WAY,DRY,NO INJURY / DRIVE AWAY,,,"$501 - $1,500",FAILING TO YIELD RIGHT-OF-WAY,2,NO INDICATION OF INJURY,0,0,42.011772472,-87.7089195354,60645,"CHICAGO OHARE INTERNATIONAL AIRPORT, IL US",51.0,22.0,32.0,0.0,10.0,11.0
crash_06597,2022-04-29 11:15:00,2022,4,Apr,Fri,11,Daytime,30,NO CONTROLS,CLEAR,DAYLIGHT,REAR END,T-INTERSECTION,DRY,INJURY AND / OR TOW DUE TO CRASH,,,"OVER $1,500",FAILING TO REDUCE SPEED TO AVOID CRASH,2,NO INDICATION OF INJURY,0,0,41.924523167,-87.7145908606,60647,"CHICAGO MIDWAY AIRPORT, IL US",59.0,34.0,39.0,0.0,10.0,11.0
crash_06598,2020-11-16 14:00:00,2020,11,Nov,Mon,14,Daytime,30,NO CONTROLS,CLEAR,DAYLIGHT,SIDESWIPE SAME DIRECTION,NOT DIVIDED,UNKNOWN,NO INJURY / DRIVE AWAY,,,"$501 - $1,500",UNABLE TO DETERMINE,2,NO INDICATION OF INJURY,0,0,42.0096567191,-87.6623938421,60626,"CHICAGO OHARE INTERNATIONAL AIRPORT, IL US",45.0,22.0,40.0,0.0,10.0,7.0
crash_06599,2018-03-16 18:52:00,2018,3,Mar,Fri,18,Evening commute,30,TRAFFIC SIGNAL,CLEAR,"DARKNESS, LIGHTED ROAD",TURNING,DIVIDED - W/MEDIAN (NOT RAISED),DRY,NO INJURY / DRIVE AWAY,true,,"$501 - $1,500",IMPROPER OVERTAKING/PASSING,2,NO INDICATION OF INJURY,0,0,41.9890034683,-87.6690822443,60660,"CHICAGO OHARE INTERNATIONAL AIRPORT, IL US",32.0,22.0,66.0,0.0,10.0,14.0
crash_06600,2022-01-31 16:00:00,2022,1,Jan,Mon,16,Evening commute,30,NO CONTROLS,CLEAR,DAYLIGHT,PARKED MOTOR VEHICLE,ONE-WAY,DRY,NO INJURY / DRIVE AWAY,,true,"OVER $1,500",UNABLE TO DETERMINE,2,NO INDICATION OF INJURY,0,0,41.7802851047,-87.7315010751,60629,"CHICAGO MIDWAY AIRPORT, IL US",34.0,17.0,50.0,0.0,10.0,15.0
crash_06601,2023-11-12 03:15:00,2023,11,Nov,Sun,3,Night or early morning,30,NO CONTROLS,CLEAR,"DARKNESS, LIGHTED ROAD",PARKED MOTOR VEHICLE,NOT DIVIDED,DRY,NO INJURY / DRIVE AWAY,,,"OVER $1,500",UNABLE TO DETERMINE,2,NO INDICATION OF INJURY,0,0,41.8040014317,-87.603511512,60615,"CHICAGO MIDWAY AIRPORT, IL US",45.0,28.0,52.0,0.0,10.0,8.0
crash_06602,2019-05-14 12:00:00,2019,5,May,Tue,12,Daytime,30,TRAFFIC SIGNAL,CLEAR,DAYLIGHT,REAR END,FOUR WAY,DRY,INJURY AND / OR TOW DUE TO CRASH,true,true,"OVER $1,500",FAILING TO REDUCE SPEED TO AVOID CRASH,2,"REPORTED, NOT EVIDENT",1,0,41.7068233366,-87.6429774693,60643,"CHICAGO MIDWAY AIRPORT, IL US",67.0,37.0,33.0,0.0,10.0,0.0
crash_06603,2021-06-02 12:50:00,2021,6,Jun,Wed,12,Daytime,10,NO CONTROLS,CLEAR,DAYLIGHT,OTHER OBJECT,RAMP,DRY,NO INJURY / DRIVE AWAY,,,"OVER $1,500",UNABLE TO DETERMINE,1,NO INDICATION OF INJURY,0,0,41.8840008077,-87.6263848087,60602,"CHICAGO MIDWAY AIRPORT, IL US",76.0,47.0,36.0,0.0,10.0,9.0
crash_06604,2022-09-01 11:20:00,2022,9,Sep,Thu,11,Daytime,30,TRAFFIC SIGNAL,CLEAR,DAYLIGHT,REAR END,ONE-WAY,DRY,NO INJURY / DRIVE AWAY,,,"OVER $1,500",UNABLE TO DETERMINE,3,NO INDICATION OF INJURY,0,0,41.8924186885,-87.6253254431,60611,"CHICAGO MIDWAY AIRPORT, IL US",85.0,59.0,42.0,0.0,10.0,0.0
crash_06605,2025-12-30 02:22:00,2025,12,Dec,Tue,2,Night or early morning,30,STOP SIGN/FLASHER,SNOW,"DARKNESS, LIGHTED ROAD",FIXED OBJECT,OTHER,SNOW OR SLUSH,INJURY AND / OR TOW DUE TO CRASH,,false,"OVER $1,500",UNABLE TO DETERMINE,1,NO INDICATION OF INJURY,0,0,41.8552242782,-87.7234578879,60623,,,,,,,
crash_06606,2025-07-16 08:50:00,2025,7,Jul,Wed,8,Morning commute,30,NO CONTROLS,CLEAR,DAYLIGHT,PARKED MOTOR VEHICLE,PARKING LOT,DRY,NO INJURY / DRIVE AWAY,,,"OVER $1,500",DRIVING SKILLS/KNOWLEDGE/EXPERIENCE,2,NO INDICATION OF INJURY,0,0,41.8321440313,-87.7243959235,60632,"CHICAGO MIDWAY AIRPORT, IL US",82.0,73.0,74.0,0.0,10.0,9.0
crash_06607,2022-07-30 20:17:00,2022,7,Jul,Sat,20,Night or early morning,30,STOP SIGN/FLASHER,CLEAR,DUSK,TURNING,NOT DIVIDED,DRY,INJURY AND / OR TOW DUE TO CRASH,true,,"OVER $1,500",FAILING TO YIELD RIGHT-OF-WAY,2,INCAPACITATING INJURY,4,0,41.6855088911,-87.6156562765,60628,"CHICAGO MIDWAY AIRPORT, IL US",81.0,56.0,42.0,0.0,10.0,7.0
crash_06608,2019-06-14 11:40:00,2019,6,Jun,Fri,11,Daytime,30,NO CONTROLS,CLEAR,DAYLIGHT,REAR END,DIVIDED - W/MEDIAN (NOT RAISED),DRY,NO INJURY / DRIVE AWAY,,,"$501 - $1,500",IMPROPER OVERTAKING/PASSING,3,NO INDICATION OF INJURY,0,0,41.8775253912,-87.67054517,60612,"CHICAGO MIDWAY AIRPORT, IL US",75.0,48.0,39.0,0.0,10.0,23.0
crash_06609,2020-09-28 16:30:00,2020,9,Sep,Mon,16,Evening commute,15,NO CONTROLS,CLOUDY/OVERCAST,DUSK,PARKED MOTOR VEHICLE,ONE-WAY,DRY,NO INJURY / DRIVE AWAY,,true,$500 OR LESS,"OPERATING VEHICLE IN ERRATIC, RECKLESS, CARELESS, NEGLIGENT OR AGGRESSIVE MANNER",3,NO INDICATION OF INJURY,0,0,41.8958638336,-87.6231742082,60611,"CHICAGO MIDWAY AIRPORT, IL US",62.0,49.0,62.0,0.0,10.0,15.0
crash_06610,2019-02-03 00:40:00,2019,2,Feb,Sun,0,Night or early morning,30,NO CONTROLS,CLEAR,"DARKNESS, LIGHTED ROAD",PEDESTRIAN,ONE-WAY,WET,INJURY AND / OR TOW DUE TO CRASH,true,true,"OVER $1,500",DRIVING SKILLS/KNOWLEDGE/EXPERIENCE,2,"REPORTED, NOT EVIDENT",2,0,41.8770013828,-87.6297018851,60604,"CHICAGO MIDWAY AIRPORT, IL US",39.0,39.0,100.0,,5.0,11.0
crash_06611,2024-09-12 04:00:00,2024,9,Sep,Thu,4,Night or early morning,30,NO CONTROLS,CLEAR,"DARKNESS, LIGHTED ROAD",PARKED MOTOR VEHICLE,NOT DIVIDED,DRY,NO INJURY / DRIVE AWAY,,,"$501 - $1,500",UNABLE TO DETERMINE,2,NO INDICATION OF INJURY,0,0,41.8574997271,-87.6805992712,60608,"CHICAGO MIDWAY AIRPORT, IL US",68.0,55.0,63.0,0.0,10.0,0.0
crash_06612,2020-02-16 10:51:00,2020,2,Feb,Sun,10,Daytime,30,TRAFFIC SIGNAL,CLEAR,DAYLIGHT,REAR END,NOT DIVIDED,DRY,INJURY AND / OR TOW DUE TO CRASH,,,$500 OR LESS,FAILING TO REDUCE SPEED TO AVOID CRASH,2,NONINCAPACITATING INJURY,1,0,41.8080465236,-87.6940519421,60632,"CHICAGO MIDWAY AIRPORT, IL US",34.0,22.0,61.0,0.0,10.0,0.0
crash_06613,2025-05-18 17:11:00,2025,5,May,Sun,17,Evening commute,30,UNKNOWN,RAIN,DAYLIGHT,TURNING,NOT DIVIDED,UNKNOWN,INJURY AND / OR TOW DUE TO CRASH,,,"$501 - $1,500",UNABLE TO DETERMINE,2,NONINCAPACITATING INJURY,1,0,41.7143391978,-87.6247303233,60628,"CHICAGO MIDWAY AIRPORT, IL US",57.0,43.0,60.0,0.0,10.0,10.0
crash_06614,2024-01-09 23:10:00,2024,1,Jan,Tue,23,Night or early morning,30,TRAFFIC SIGNAL,RAIN,"DARKNESS, LIGHTED ROAD",TURNING,FOUR WAY,WET,INJURY AND / OR TOW DUE TO CRASH,true,,"OVER $1,500",FAILING TO YIELD RIGHT-OF-WAY,2,NO INDICATION OF INJURY,0,0,41.9606849048,-87.7473842477,60641,"CHICAGO OHARE INTERNATIONAL AIRPORT, IL US",34.0,31.0,89.0,0.0,6.0,17.0
crash_06615,2022-11-26 16:45:00,2022,11,Nov,Sat,16,Evening commute,35,TRAFFIC SIGNAL,CLEAR,"DARKNESS, LIGHTED ROAD",REAR END,FOUR WAY,DRY,NO INJURY / DRIVE AWAY,true,true,"OVER $1,500",FAILING TO REDUCE SPEED TO AVOID CRASH,2,NO INDICATION OF INJURY,0,0,41.9752302605,-87.7480544603,60630,"CHICAGO OHARE INTERNATIONAL AIRPORT, IL US",51.0,22.0,32.0,0.0,10.0,7.0
crash_06616,2022-06-26 18:23:00,2022,6,Jun,Sun,18,Evening commute,30,TRAFFIC SIGNAL,CLEAR,DAYLIGHT,PEDALCYCLIST,NOT DIVIDED,DRY,NO INJURY / DRIVE AWAY,true,true,"OVER $1,500",FAILING TO YIELD RIGHT-OF-WAY,3,NO INDICATION OF INJURY,0,0,41.9176669443,-87.6885341826,60647,"CHICAGO MIDWAY AIRPORT, IL US",80.0,52.0,38.0,0.0,10.0,17.0
crash_06617,2021-12-07 13:00:00,2021,12,Dec,Tue,13,Daytime,15,NO CONTROLS,CLEAR,UNKNOWN,REAR TO REAR,PARKING LOT,UNKNOWN,NO INJURY / DRIVE AWAY,,,"$501 - $1,500",FAILING TO YIELD RIGHT-OF-WAY,2,NO INDICATION OF INJURY,0,0,41.9795935502,-87.7585892718,60630,"CHICAGO OHARE INTERNATIONAL AIRPORT, IL US",22.0,-2.0,35.0,0.0,10.0,6.0
crash_06618,2022-10-04 14:30:00,2022,10,Oct,Tue,14,Daytime,30,NO CONTROLS,CLEAR,DAYLIGHT,PARKED MOTOR VEHICLE,ONE-WAY,DRY,NO INJURY / DRIVE AWAY,,true,"OVER $1,500",UNABLE TO DETERMINE,2,NO INDICATION OF INJURY,0,0,41.7576393245,-87.6181520572,60619,"CHICAGO MIDWAY AIRPORT, IL US",74.0,34.0,23.0,,10.0,5.0
crash_06619,2023-06-19 17:50:00,2023,6,Jun,Mon,17,Evening commute,30,UNKNOWN,CLEAR,DAYLIGHT,REAR END,T-INTERSECTION,DRY,NO INJURY / DRIVE AWAY,,,"$501 - $1,500",UNABLE TO DETERMINE,2,NO INDICATION OF INJURY,0,0,41.9461546817,-87.7359943469,60641,"CHICAGO OHARE INTERNATIONAL AIRPORT, IL US",83.0,52.0,34.0,0.0,10.0,14.0
crash_06620,2022-03-30 16:30:00,2022,3,Mar,Wed,16,Evening commute,30,TRAFFIC SIGNAL,RAIN,DAYLIGHT,REAR END,NOT DIVIDED,WET,NO INJURY / DRIVE AWAY,,,$500 OR LESS,FOLLOWING TOO CLOSELY,2,NO INDICATION OF INJURY,0,0,41.9746980571,-87.7664394996,60630,"CHICAGO OHARE INTERNATIONAL AIRPORT, IL US",60.0,57.0,90.0,0.01,10.0,13.0
crash_06621,2022-06-16 08:13:00,2022,6,Jun,Thu,8,Morning commute,25,NO CONTROLS,UNKNOWN,UNKNOWN,PARKED MOTOR VEHICLE,NOT DIVIDED,UNKNOWN,INJURY AND / OR TOW DUE TO CRASH,,true,"OVER $1,500",UNABLE TO DETERMINE,2,NO INDICATION OF INJURY,0,0,41.7650572103,-87.7222737937,60629,"CHICAGO MIDWAY AIRPORT, IL US",78.0,68.0,71.0,0.0,10.0,9.0
crash_06622,2020-12-29 21:00:00,2020,12,Dec,Tue,21,Night or early morning,5,NO CONTROLS,SNOW,DARKNESS,PARKED MOTOR VEHICLE,OTHER,SNOW OR SLUSH,NO INJURY / DRIVE AWAY,,true,"$501 - $1,500",UNABLE TO DETERMINE,2,NO INDICATION OF INJURY,0,0,41.717956927,-87.6576505783,60643,"CHICAGO MIDWAY AIRPORT, IL US",31.0,20.0,64.0,0.0,10.0,15.0
crash_06623,2022-03-01 07:38:00,2022,3,Mar,Tue,7,Morning commute,15,NO CONTROLS,CLEAR,DAYLIGHT,PARKED MOTOR VEHICLE,NOT DIVIDED,WET,INJURY AND / OR TOW DUE TO CRASH,,true,"OVER $1,500",FAILING TO REDUCE SPEED TO AVOID CRASH,2,NO INDICATION OF INJURY,0,0,41.920883942,-87.7307917659,60639,"CHICAGO MIDWAY AIRPORT, IL US",45.0,30.0,56.0,0.0,10.0,10.0
crash_06624,2024-12-04 12:00:00,2024,12,Dec,Wed,12,Daytime,30,NO CONTROLS,CLEAR,DAYLIGHT,TURNING,NOT DIVIDED,DRY,NO INJURY / DRIVE AWAY,true,true,"$501 - $1,500",UNABLE TO DETERMINE,2,NO INDICATION OF INJURY,0,0,41.8865993248,-87.7015098503,60612,"CHICAGO MIDWAY AIRPORT, IL US",38.0,26.0,62.0,,10.0,15.0
crash_06625,2018-02-19 05:40:00,2018,2,Feb,Mon,5,Night or early morning,40,NO CONTROLS,RAIN,"DARKNESS, LIGHTED ROAD",FIXED OBJECT,DIVIDED - W/MEDIAN (NOT RAISED),WET,NO INJURY / DRIVE AWAY,,,"$501 - $1,500",UNABLE TO DETERMINE,1,NO INDICATION OF INJURY,0,0,41.8065720644,-87.7429770182,60632,"CHICAGO MIDWAY AIRPORT, IL US",40.0,39.0,97.0,0.0,6.0,8.0
crash_06626,2021-04-02 20:15:00,2021,4,Apr,Fri,20,Night or early morning,30,TRAFFIC SIGNAL,CLEAR,"DARKNESS, LIGHTED ROAD",REAR END,NOT DIVIDED,DRY,NO INJURY / DRIVE AWAY,true,false,"OVER $1,500",UNABLE TO DETERMINE,2,NO INDICATION OF INJURY,0,0,41.903156154,-87.6724223195,60622,"CHICAGO MIDWAY AIRPORT, IL US",48.0,7.0,19.0,0.0,10.0,10.0
crash_06627,2022-01-29 13:30:00,2022,1,Jan,Sat,13,Daytime,30,NO CONTROLS,CLEAR,DAYLIGHT,TURNING,NOT DIVIDED,DRY,NO INJURY / DRIVE AWAY,true,,"OVER $1,500",IMPROPER LANE USAGE,2,NO INDICATION OF INJURY,0,0,41.9366539114,-87.6587086462,60657,"CHICAGO MIDWAY AIRPORT, IL US",22.0,5.0,48.0,0.0,10.0,7.0
crash_06628,2024-12-09 16:00:00,2024,12,Dec,Mon,16,Evening commute,30,TRAFFIC SIGNAL,CLEAR,DAYLIGHT,TURNING,NOT DIVIDED,UNKNOWN,NO INJURY / DRIVE AWAY,,true,"OVER $1,500",UNABLE TO DETERMINE,2,NO INDICATION OF INJURY,0,0,41.7211606121,-87.6628281394,60643,"CHICAGO MIDWAY AIRPORT, IL US",53.0,27.0,37.0,,10.0,10.0