crash_id,crash_datetime,crash_year,crash_month,crash_month_name,crash_weekday_name,crash_hour,time_period,posted_speed_limit_mph,traffic_control_device,reported_weather_condition,reported_lighting_condition,first_crash_type,trafficway_type,reported_road_surface_condition,crash_type,intersection_related,hit_and_run,estimated_damage,primary_contributory_cause,unit_count,most_severe_injury,injuries_total,injuries_fatal,latitude,longitude,zip5,weather_station_name,temperature_f,dew_point_f,relative_humidity_percent,precipitation_inches,visibility_miles,wind_speed_mph
crash_06629,2024-11-18 07:50:00,2024,11,Nov,Mon,7,Morning commute,30,TRAFFIC SIGNAL,CLOUDY/OVERCAST,DAYLIGHT,ANGLE,DIVIDED - W/MEDIAN (NOT RAISED),DRY,INJURY AND / OR TOW DUE TO CRASH,,,"OVER $1,500",FAILING TO YIELD RIGHT-OF-WAY,2,NO INDICATION OF INJURY,0,0,41.9313916124,-87.7538118363,60639,"CHICAGO OHARE INTERNATIONAL AIRPORT, IL US",52.0,50.0,93.0,0.0,4.0,6.0
crash_06630,2018-05-02 05:20:00,2018,5,May,Wed,5,Night or early morning,30,NO CONTROLS,CLEAR,DAWN,SIDESWIPE SAME DIRECTION,DIVIDED - W/MEDIAN (NOT RAISED),DRY,INJURY AND / OR TOW DUE TO CRASH,,,"OVER $1,500","EVASIVE ACTION DUE TO ANIMAL, OBJECT, NONMOTORIST",3,NO INDICATION OF INJURY,0,0,41.7743001746,-87.5864713024,60637,"CHICAGO MIDWAY AIRPORT, IL US",71.0,51.0,49.0,0.0,10.0,15.0
crash_06631,2022-04-25 22:00:00,2022,4,Apr,Mon,22,Night or early morning,30,NO CONTROLS,CLEAR,"DARKNESS, LIGHTED ROAD",SIDESWIPE SAME DIRECTION,NOT DIVIDED,DRY,NO INJURY / DRIVE AWAY,,true,"OVER $1,500",UNABLE TO DETERMINE,2,NO INDICATION OF INJURY,0,0,41.8953179143,-87.719819009,60624,"CHICAGO MIDWAY AIRPORT, IL US",44.0,28.0,53.0,0.0,10.0,13.0
crash_06632,2018-12-01 02:45:00,2018,12,Dec,Sat,2,Night or early morning,35,NO CONTROLS,CLEAR,DARKNESS,FIXED OBJECT,DIVIDED - W/MEDIAN BARRIER,DRY,INJURY AND / OR TOW DUE TO CRASH,,,"OVER $1,500",NOT APPLICABLE,1,NO INDICATION OF INJURY,0,0,41.7580715723,-87.6247870491,60620,"CHICAGO MIDWAY AIRPORT, IL US",35.0,32.0,89.0,0.0,2.0,14.0
crash_06633,2024-03-03 09:05:00,2024,3,Mar,Sun,9,Morning commute,30,STOP SIGN/FLASHER,CLEAR,DAYLIGHT,ANGLE,DIVIDED - W/MEDIAN (NOT RAISED),DRY,NO INJURY / DRIVE AWAY,true,,"OVER $1,500",FAILING TO YIELD RIGHT-OF-WAY,2,NO INDICATION OF INJURY,0,0,41.8148369132,-87.6229037453,60653,"CHICAGO MIDWAY AIRPORT, IL US",54.0,44.0,69.0,0.0,10.0,15.0
crash_06634,2019-09-10 18:13:00,2019,9,Sep,Tue,18,Evening commute,30,TRAFFIC SIGNAL,CLEAR,DAYLIGHT,SIDESWIPE SAME DIRECTION,DIVIDED - W/MEDIAN (NOT RAISED),DRY,NO INJURY / DRIVE AWAY,,true,"OVER $1,500",DRIVING ON WRONG SIDE/WRONG WAY,2,NO INDICATION OF INJURY,0,0,41.8969442533,-87.6172167446,60611,"CHICAGO MIDWAY AIRPORT, IL US",86.0,69.0,57.0,0.0,10.0,14.0
crash_06635,2018-11-14 14:08:00,2018,11,Nov,Wed,14,Daytime,30,NO CONTROLS,CLEAR,DAYLIGHT,PARKED MOTOR VEHICLE,NOT DIVIDED,DRY,INJURY AND / OR TOW DUE TO CRASH,,,"OVER $1,500","VISION OBSCURED (SIGNS, TREE LIMBS, BUILDINGS, ETC.)",2,NO INDICATION OF INJURY,0,0,41.7062658232,-87.6622121427,60643,"CHICAGO MIDWAY AIRPORT, IL US",35.0,21.0,57.0,0.0,10.0,7.0
crash_06636,2021-06-11 00:30:00,2021,6,Jun,Fri,0,Night or early morning,35,NO CONTROLS,CLEAR,DAYLIGHT,SIDESWIPE OPPOSITE DIRECTION,DIVIDED - W/MEDIAN (NOT RAISED),DRY,NO INJURY / DRIVE AWAY,,,"OVER $1,500",IMPROPER OVERTAKING/PASSING,2,NO INDICATION OF INJURY,0,0,41.7359301214,-87.6474289592,60620,"CHICAGO MIDWAY AIRPORT, IL US",74.0,64.0,71.0,0.0,10.0,5.0
crash_06637,2024-12-19 17:35:00,2024,12,Dec,Thu,17,Evening commute,25,STOP SIGN/FLASHER,FREEZING RAIN/DRIZZLE,DARKNESS,ANGLE,ONE-WAY,WET,NO INJURY / DRIVE AWAY,true,,$500 OR LESS,IMPROPER LANE USAGE,2,NO INDICATION OF INJURY,0,0,41.9957649955,-87.6923246366,60659,"CHICAGO OHARE INTERNATIONAL AIRPORT, IL US",32.0,24.0,73.0,0.01,7.0,11.0
crash_06638,2023-02-23 15:30:00,2023,2,Feb,Thu,15,Evening commute,30,NO CONTROLS,UNKNOWN,DAYLIGHT,PARKED MOTOR VEHICLE,ONE-WAY,UNKNOWN,NO INJURY / DRIVE AWAY,,true,"OVER $1,500",NOT APPLICABLE,2,NO INDICATION OF INJURY,0,0,41.7457569581,-87.6003199107,60619,"CHICAGO MIDWAY AIRPORT, IL US",33.0,22.0,64.0,0.0,10.0,25.0
crash_06639,2024-01-11 09:20:00,2024,1,Jan,Thu,9,Morning commute,10,NO CONTROLS,CLEAR,DAYLIGHT,PARKED MOTOR VEHICLE,PARKING LOT,UNKNOWN,NO INJURY / DRIVE AWAY,,,"$501 - $1,500",UNABLE TO DETERMINE,2,NO INDICATION OF INJURY,0,0,41.7061237753,-87.7136935963,60655,"CHICAGO MIDWAY AIRPORT, IL US",33.0,26.0,75.0,0.0,10.0,14.0
crash_06640,2023-03-12 18:05:00,2023,3,Mar,Sun,18,Evening commute,30,TRAFFIC SIGNAL,CLOUDY/OVERCAST,DAYLIGHT,TURNING,NOT DIVIDED,WET,INJURY AND / OR TOW DUE TO CRASH,true,true,"OVER $1,500",FAILING TO YIELD RIGHT-OF-WAY,2,NO INDICATION OF INJURY,0,0,41.8908229383,-87.7020930546,60612,"CHICAGO MIDWAY AIRPORT, IL US",36.0,33.0,89.0,0.01,10.0,6.0
crash_06641,2020-09-01 18:24:00,2020,9,Sep,Tue,18,Evening commute,30,TRAFFIC SIGNAL,RAIN,DARKNESS,TURNING,NOT DIVIDED,WET,INJURY AND / OR TOW DUE TO CRASH,false,true,$500 OR LESS,FOLLOWING TOO CLOSELY,2,"REPORTED, NOT EVIDENT",1,0,41.7364606826,-87.6143799083,60619,"CHICAGO MIDWAY AIRPORT, IL US",71.0,69.0,94.0,0.0,9.0,7.0
crash_06642,2018-09-14 01:48:00,2018,9,Sep,Fri,1,Night or early morning,30,TRAFFIC SIGNAL,CLEAR,"DARKNESS, LIGHTED ROAD",TURNING,NOT DIVIDED,DRY,NO INJURY / DRIVE AWAY,true,true,"OVER $1,500",IMPROPER TURNING/NO SIGNAL,2,NO INDICATION OF INJURY,0,0,41.8083227084,-87.6845477903,60632,"CHICAGO MIDWAY AIRPORT, IL US",63.0,60.0,90.0,0.0,10.0,0.0
crash_06643,2025-11-06 06:47:00,2025,11,Nov,Thu,6,Morning commute,30,STOP SIGN/FLASHER,CLEAR,DAYLIGHT,TURNING,NOT DIVIDED,DRY,INJURY AND / OR TOW DUE TO CRASH,true,,"OVER $1,500",IMPROPER TURNING/NO SIGNAL,2,NO INDICATION OF INJURY,0,0,41.9695578233,-87.7673876721,60630,,,,,,,
crash_06644,2022-02-26 23:15:00,2022,2,Feb,Sat,23,Night or early morning,30,NO CONTROLS,SNOW,"DARKNESS, LIGHTED ROAD",ANGLE,ONE-WAY,SNOW OR SLUSH,NO INJURY / DRIVE AWAY,,,"OVER $1,500",FAILING TO YIELD RIGHT-OF-WAY,2,NO INDICATION OF INJURY,0,0,42.0077764139,-87.6882224361,60645,"CHICAGO OHARE INTERNATIONAL AIRPORT, IL US",29.0,21.0,72.0,0.0,10.0,11.0
crash_06645,2021-04-17 13:35:00,2021,4,Apr,Sat,13,Daytime,30,TRAFFIC SIGNAL,CLEAR,DAYLIGHT,TURNING,FOUR WAY,DRY,INJURY AND / OR TOW DUE TO CRASH,true,,"OVER $1,500",FAILING TO YIELD RIGHT-OF-WAY,3,NO INDICATION OF INJURY,0,0,41.9754507992,-87.7479747009,60630,"CHICAGO OHARE INTERNATIONAL AIRPORT, IL US",51.0,31.0,46.0,0.0,10.0,10.0
crash_06646,2024-10-26 09:51:00,2024,10,Oct,Sat,9,Morning commute,30,NO CONTROLS,CLEAR,DAYLIGHT,PEDESTRIAN,PARKING LOT,DRY,INJURY AND / OR TOW DUE TO CRASH,,,$500 OR LESS,UNABLE TO DETERMINE,2,NONINCAPACITATING INJURY,1,0,41.7367304958,-87.6067919516,60619,"CHICAGO MIDWAY AIRPORT, IL US",53.0,30.0,41.0,0.0,10.0,10.0
crash_06647,2024-12-23 14:16:00,2024,12,Dec,Mon,14,Daytime,30,TRAFFIC SIGNAL,CLEAR,DAYLIGHT,REAR END,NOT DIVIDED,DRY,NO INJURY / DRIVE AWAY,true,true,"$501 - $1,500",UNABLE TO DETERMINE,2,NO INDICATION OF INJURY,0,0,41.8989583227,-87.7361674738,60651,"CHICAGO MIDWAY AIRPORT, IL US",40.0,29.0,65.0,,10.0,8.0
crash_06648,2018-07-17 20:00:00,2018,7,Jul,Tue,20,Night or early morning,30,NO CONTROLS,CLEAR,DAYLIGHT,PARKED MOTOR VEHICLE,NOT DIVIDED,DRY,NO INJURY / DRIVE AWAY,,true,$500 OR LESS,IMPROPER BACKING,2,NO INDICATION OF INJURY,0,0,41.6952222631,-87.650572403,60643,"CHICAGO MIDWAY AIRPORT, IL US",73.0,59.0,62.0,0.0,10.0,11.0
crash_06649,2020-12-29 17:00:00,2020,12,Dec,Tue,17,Evening commute,30,NO CONTROLS,SNOW,DAYLIGHT,REAR END,NOT DIVIDED,SNOW OR SLUSH,NO INJURY / DRIVE AWAY,,,"OVER $1,500",FOLLOWING TOO CLOSELY,2,NO INDICATION OF INJURY,0,0,41.9528466114,-87.7964235045,60634,"CHICAGO OHARE INTERNATIONAL AIRPORT, IL US",27.0,23.0,85.0,0.05,0.5,11.0
crash_06650,2019-07-13 16:45:00,2019,7,Jul,Sat,16,Evening commute,40,NO CONTROLS,CLEAR,DAYLIGHT,SIDESWIPE SAME DIRECTION,DIVIDED - W/MEDIAN BARRIER,DRY,INJURY AND / OR TOW DUE TO CRASH,,true,"OVER $1,500",UNABLE TO DETERMINE,2,"REPORTED, NOT EVIDENT",1,0,41.9766216279,-87.6507900262,60640,"CHICAGO MIDWAY AIRPORT, IL US",89.0,69.0,52.0,0.0,10.0,10.0
crash_06651,2022-11-06 08:00:00,2022,11,Nov,Sun,8,Morning commute,15,NO CONTROLS,CLEAR,UNKNOWN,PARKED MOTOR VEHICLE,ONE-WAY,UNKNOWN,NO INJURY / DRIVE AWAY,,true,"OVER $1,500",UNABLE TO DETERMINE,2,NO INDICATION OF INJURY,0,0,41.7888942781,-87.6558087088,60636,"CHICAGO MIDWAY AIRPORT, IL US",49.0,38.0,66.0,0.0,10.0,13.0
crash_06652,2022-01-30 08:00:00,2022,1,Jan,Sun,8,Morning commute,30,TRAFFIC SIGNAL,CLEAR,DAYLIGHT,REAR END,NOT DIVIDED,WET,INJURY AND / OR TOW DUE TO CRASH,true,true,"OVER $1,500",FOLLOWING TOO CLOSELY,2,"REPORTED, NOT EVIDENT",1,0,41.8729469284,-87.7638460857,60644,"CHICAGO MIDWAY AIRPORT, IL US",19.0,11.0,71.0,0.0,10.0,9.0
crash_06653,2022-06-15 23:12:00,2022,6,Jun,Wed,23,Night or early morning,45,TRAFFIC SIGNAL,CLEAR,DARKNESS,SIDESWIPE SAME DIRECTION,OTHER,DRY,INJURY AND / OR TOW DUE TO CRASH,,,"OVER $1,500",UNABLE TO DETERMINE,3,NONINCAPACITATING INJURY,4,0,41.8674842272,-87.6191503834,60605,"CHICAGO MIDWAY AIRPORT, IL US",90.0,65.0,44.0,0.0,10.0,16.0
crash_06654,2019-12-15 10:53:00,2019,12,Dec,Sun,10,Daytime,30,NO CONTROLS,CLEAR,DAYLIGHT,PARKED MOTOR VEHICLE,ONE-WAY,DRY,INJURY AND / OR TOW DUE TO CRASH,,false,"$501 - $1,500",UNABLE TO DETERMINE,2,NO INDICATION OF INJURY,0,0,41.7520265198,-87.6663884137,60620,"CHICAGO MIDWAY AIRPORT, IL US",24.0,14.0,65.0,0.0,10.0,5.0
crash_06655,2025-04-07 07:40:00,2025,4,Apr,Mon,7,Morning commute,30,NO CONTROLS,CLEAR,DAYLIGHT,SIDESWIPE SAME DIRECTION,NOT DIVIDED,DRY,NO INJURY / DRIVE AWAY,,,"OVER $1,500",IMPROPER OVERTAKING/PASSING,2,NO INDICATION OF INJURY,0,0,41.8134840353,-87.7043331067,60632,"CHICAGO MIDWAY AIRPORT, IL US",44.0,25.0,47.0,0.0,10.0,15.0
crash_06656,2025-03-09 18:40:00,2025,3,Mar,Sun,18,Evening commute,20,TRAFFIC SIGNAL,CLEAR,DAYLIGHT,TURNING,FOUR WAY,DRY,INJURY AND / OR TOW DUE TO CRASH,true,,"OVER $1,500",DISREGARDING TRAFFIC SIGNALS,2,"REPORTED, NOT EVIDENT",1,0,42.0052314857,-87.6803381316,60645,"CHICAGO OHARE INTERNATIONAL AIRPORT, IL US",55.0,32.0,42.0,0.0,10.0,10.0
crash_06657,2025-01-01 10:04:00,2025,1,Jan,Wed,10,Daytime,30,TRAFFIC SIGNAL,CLEAR,DAYLIGHT,SIDESWIPE SAME DIRECTION,FOUR WAY,DRY,INJURY AND / OR TOW DUE TO CRASH,true,,"OVER $1,500",FAILING TO YIELD RIGHT-OF-WAY,2,NONINCAPACITATING INJURY,3,0,41.8763884889,-87.6668123501,60612,"CHICAGO MIDWAY AIRPORT, IL US",31.0,19.0,61.0,0.0,10.0,18.0
crash_06658,2023-08-29 11:21:00,2023,8,Aug,Tue,11,Daytime,30,UNKNOWN,CLEAR,DAYLIGHT,SIDESWIPE SAME DIRECTION,NOT DIVIDED,DRY,INJURY AND / OR TOW DUE TO CRASH,,,"OVER $1,500",UNABLE TO DETERMINE,2,NO INDICATION OF INJURY,0,0,41.7359618817,-87.6589049465,60620,"CHICAGO MIDWAY AIRPORT, IL US",78.0,60.0,54.0,0.0,10.0,14.0
crash_06659,2019-11-15 10:47:00,2019,11,Nov,Fri,10,Daytime,30,NO CONTROLS,CLEAR,DAYLIGHT,PARKED MOTOR VEHICLE,FOUR WAY,DRY,NO INJURY / DRIVE AWAY,true,,"$501 - $1,500",DRIVING SKILLS/KNOWLEDGE/EXPERIENCE,2,NO INDICATION OF INJURY,0,0,41.9246133769,-87.7253368308,60647,"CHICAGO MIDWAY AIRPORT, IL US",32.0,22.0,66.0,,8.0,6.0
crash_06660,2020-12-29 21:50:00,2020,12,Dec,Tue,21,Night or early morning,35,TRAFFIC SIGNAL,SNOW,"DARKNESS, LIGHTED ROAD",REAR END,DIVIDED - W/MEDIAN BARRIER,SNOW OR SLUSH,NO INJURY / DRIVE AWAY,,true,$500 OR LESS,WEATHER,2,NO INDICATION OF INJURY,0,0,41.8924441521,-87.6372003798,60654,"CHICAGO MIDWAY AIRPORT, IL US",32.0,21.0,64.0,0.0,9.0,8.0
crash_06661,2025-05-10 16:44:00,2025,5,May,Sat,16,Evening commute,30,OTHER RAILROAD CROSSING,CLEAR,DAYLIGHT,REAR TO SIDE,DIVIDED - W/MEDIAN (NOT RAISED),DRY,NO INJURY / DRIVE AWAY,true,,"OVER $1,500",FAILING TO YIELD RIGHT-OF-WAY,2,NO INDICATION OF INJURY,0,0,41.7660021592,-87.5723637102,60649,"CHICAGO MIDWAY AIRPORT, IL US",60.0,38.0,44.0,0.0,10.0,16.0
crash_06662,2023-05-29 00:50:00,2023,5,May,Mon,0,Night or early morning,30,TRAFFIC SIGNAL,CLEAR,"DARKNESS, LIGHTED ROAD",TURNING,FOUR WAY,DRY,INJURY AND / OR TOW DUE TO CRASH,true,,"OVER $1,500",UNABLE TO DETERMINE,2,"REPORTED, NOT EVIDENT",1,0,41.7142017106,-87.6534273897,60643,"CHICAGO MIDWAY AIRPORT, IL US",60.0,41.0,50.0,0.0,10.0,3.0
crash_06663,2020-01-08 08:10:00,2020,1,Jan,Wed,8,Morning commute,30,TRAFFIC SIGNAL,CLEAR,DAYLIGHT,REAR END,NOT DIVIDED,DRY,INJURY AND / OR TOW DUE TO CRASH,,,"$501 - $1,500",FOLLOWING TOO CLOSELY,2,"REPORTED, NOT EVIDENT",1,0,41.9033330473,-87.6611145314,60642,"CHICAGO MIDWAY AIRPORT, IL US",17.0,2.0,51.0,0.0,10.0,11.0
crash_06664,2024-07-10 17:30:00,2024,7,Jul,Wed,17,Evening commute,30,UNKNOWN,CLEAR,DAYLIGHT,SIDESWIPE SAME DIRECTION,DIVIDED - W/MEDIAN BARRIER,DRY,NO INJURY / DRIVE AWAY,,,"OVER $1,500",IMPROPER TURNING/NO SIGNAL,2,NO INDICATION OF INJURY,0,0,41.9045143612,-87.6330897207,60610,"CHICAGO MIDWAY AIRPORT, IL US",80.0,60.0,51.0,0.0,10.0,10.0
crash_06665,2023-09-04 13:00:00,2023,9,Sep,Mon,13,Daytime,30,NO CONTROLS,CLEAR,DAYLIGHT,PARKED MOTOR VEHICLE,PARKING LOT,DRY,NO INJURY / DRIVE AWAY,,,"$501 - $1,500",DRIVING SKILLS/KNOWLEDGE/EXPERIENCE,2,NO INDICATION OF INJURY,0,0,41.9929375042,-87.6602103263,60660,"CHICAGO OHARE INTERNATIONAL AIRPORT, IL US",91.0,68.0,47.0,0.0,10.0,11.0
crash_06666,2022-03-12 12:30:00,2022,3,Mar,Sat,12,Daytime,20,STOP SIGN/FLASHER,SLEET/HAIL,"DARKNESS, LIGHTED ROAD",PARKED MOTOR VEHICLE,ONE-WAY,WET,NO INJURY / DRIVE AWAY,,,"OVER $1,500",IMPROPER OVERTAKING/PASSING,2,NO INDICATION OF INJURY,0,0,41.9117096092,-87.6822298786,60647,"CHICAGO MIDWAY AIRPORT, IL US",23.0,1.0,38.0,0.0,10.0,15.0
crash_06667,2024-03-18 12:00:00,2024,3,Mar,Mon,12,Daytime,30,NO CONTROLS,CLEAR,DAYLIGHT,FIXED OBJECT,NOT DIVIDED,DRY,NO INJURY / DRIVE AWAY,,true,"OVER $1,500","OPERATING VEHICLE IN ERRATIC, RECKLESS, CARELESS, NEGLIGENT OR AGGRESSIVE MANNER",2,NO INDICATION OF INJURY,0,0,41.7776871251,-87.7956230189,60638,"CHICAGO MIDWAY AIRPORT, IL US",31.0,18.0,59.0,0.0,10.0,15.0
crash_06668,2019-01-13 18:19:00,2019,1,Jan,Sun,18,Evening commute,35,NO CONTROLS,CLEAR,"DARKNESS, LIGHTED ROAD",SIDESWIPE SAME DIRECTION,NOT DIVIDED,SNOW OR SLUSH,INJURY AND / OR TOW DUE TO CRASH,,,"OVER $1,500",WEATHER,2,NO INDICATION OF INJURY,0,0,41.938944662,-87.7273278853,60641,"CHICAGO OHARE INTERNATIONAL AIRPORT, IL US",26.0,20.0,78.0,0.0,10.0,10.0
crash_06669,2018-12-01 18:00:00,2018,12,Dec,Sat,18,Evening commute,0,NO CONTROLS,RAIN,"DARKNESS, LIGHTED ROAD",SIDESWIPE OPPOSITE DIRECTION,NOT DIVIDED,WET,NO INJURY / DRIVE AWAY,,true,"OVER $1,500",IMPROPER LANE USAGE,2,NO INDICATION OF INJURY,0,0,41.8275159725,-87.6220796518,60653,"CHICAGO MIDWAY AIRPORT, IL US",43.0,40.0,89.0,0.0,4.0,10.0
crash_06670,2025-03-25 12:45:00,2025,3,Mar,Tue,12,Daytime,10,NO CONTROLS,CLEAR,DAYLIGHT,PARKED MOTOR VEHICLE,PARKING LOT,DRY,NO INJURY / DRIVE AWAY,,,"OVER $1,500",IMPROPER BACKING,2,NO INDICATION OF INJURY,0,0,41.8097943068,-87.5927904181,60653,"CHICAGO MIDWAY AIRPORT, IL US",50.0,17.0,27.0,0.0,10.0,13.0
crash_06671,2022-10-18 08:45:00,2022,10,Oct,Tue,8,Morning commute,30,NO CONTROLS,CLEAR,DAYLIGHT,PARKED MOTOR VEHICLE,NOT DIVIDED,DRY,NO INJURY / DRIVE AWAY,,true,"OVER $1,500",UNABLE TO DETERMINE,2,NO INDICATION OF INJURY,0,0,41.7579779102,-87.6371341735,60620,"CHICAGO MIDWAY AIRPORT, IL US",38.0,23.0,55.0,0.0,10.0,17.0
crash_06672,2024-11-03 22:14:00,2024,11,Nov,Sun,22,Night or early morning,40,NO CONTROLS,CLOUDY/OVERCAST,"DARKNESS, LIGHTED ROAD",SIDESWIPE SAME DIRECTION,DIVIDED - W/MEDIAN BARRIER,WET,INJURY AND / OR TOW DUE TO CRASH,,,"OVER $1,500",FAILING TO REDUCE SPEED TO AVOID CRASH,2,NO INDICATION OF INJURY,0,0,41.9010332452,-87.62009763,60611,"CHICAGO MIDWAY AIRPORT, IL US",64.0,54.0,70.0,0.0,10.0,10.0
crash_06673,2019-10-31 16:45:00,2019,10,Oct,Thu,16,Evening commute,30,UNKNOWN,CLEAR,DAYLIGHT,REAR END,UNKNOWN,WET,NO INJURY / DRIVE AWAY,,,"OVER $1,500",UNABLE TO DETERMINE,2,NO INDICATION OF INJURY,0,0,41.8111537884,-87.6164914905,60653,"CHICAGO MIDWAY AIRPORT, IL US",34.0,28.0,81.0,,1.5,17.0
crash_06674,2021-11-15 18:15:00,2021,11,Nov,Mon,18,Evening commute,30,TRAFFIC SIGNAL,CLEAR,DARKNESS,TURNING,NOT DIVIDED,DRY,NO INJURY / DRIVE AWAY,,,"OVER $1,500",UNABLE TO DETERMINE,2,NO INDICATION OF INJURY,0,0,41.8766468411,-87.6406951193,60607,"CHICAGO MIDWAY AIRPORT, IL US",35.0,25.0,67.0,0.0,10.0,6.0
crash_06675,2018-03-26 17:45:00,2018,3,Mar,Mon,17,Evening commute,30,NO CONTROLS,CLEAR,DAYLIGHT,REAR END,PARKING LOT,DRY,NO INJURY / DRIVE AWAY,,,"$501 - $1,500",DRIVING SKILLS/KNOWLEDGE/EXPERIENCE,2,NO INDICATION OF INJURY,0,0,41.6870217865,-87.6210641945,60628,"CHICAGO MIDWAY AIRPORT, IL US",55.0,38.0,53.0,0.0,10.0,11.0
crash_06676,2025-12-18 13:30:00,2025,12,Dec,Thu,13,Daytime,25,NO CONTROLS,CLEAR,DAYLIGHT,TURNING,DIVIDED - W/MEDIAN (NOT RAISED),WET,NO INJURY / DRIVE AWAY,,,"$501 - $1,500",FOLLOWING TOO CLOSELY,2,NO INDICATION OF INJURY,0,0,41.9470026537,-87.7079795096,60618,,,,,,,
crash_06677,2024-06-24 09:45:00,2024,6,Jun,Mon,9,Morning commute,30,STOP SIGN/FLASHER,CLEAR,DAYLIGHT,ANGLE,UNKNOWN INTERSECTION TYPE,DRY,INJURY AND / OR TOW DUE TO CRASH,true,,"$501 - $1,500",FAILING TO YIELD RIGHT-OF-WAY,2,NO INDICATION OF INJURY,0,0,41.7260713086,-87.571940741,60617,"CHICAGO MIDWAY AIRPORT, IL US",80.0,60.0,51.0,0.0,10.0,0.0
crash_06678,2023-01-21 10:15:00,2023,1,Jan,Sat,10,Daytime,30,TRAFFIC SIGNAL,CLEAR,DAYLIGHT,REAR END,ONE-WAY,DRY,NO INJURY / DRIVE AWAY,,true,"$501 - $1,500",FOLLOWING TOO CLOSELY,2,NO INDICATION OF INJURY,0,0,41.7363580134,-87.6240150581,60619,"CHICAGO MIDWAY AIRPORT, IL US",29.0,22.0,75.0,0.0,10.0,7.0
crash_06679,2024-12-27 20:00:00,2024,12,Dec,Fri,20,Night or early morning,20,NO CONTROLS,UNKNOWN,UNKNOWN,PARKED MOTOR VEHICLE,NOT DIVIDED,UNKNOWN,NO INJURY / DRIVE AWAY,,true,"OVER $1,500",UNABLE TO DETERMINE,2,NO INDICATION OF INJURY,0,0,41.972847804,-87.7159274289,60625,"CHICAGO OHARE INTERNATIONAL AIRPORT, IL US",51.0,50.0,96.0,0.0,2.0,10.0
crash_06680,2018-12-08 05:00:00,2018,12,Dec,Sat,5,Night or early morning,30,NO CONTROLS,CLEAR,DAYLIGHT,REAR END,ONE-WAY,DRY,NO INJURY / DRIVE AWAY,,true,"$501 - $1,500",NOT APPLICABLE,2,NO INDICATION OF INJURY,0,0,41.8163578773,-87.743526691,60638,"CHICAGO MIDWAY AIRPORT, IL US",23.0,15.0,72.0,0.0,10.0,5.0
crash_06681,2021-07-28 15:34:00,2021,7,Jul,Wed,15,Evening commute,30,NO CONTROLS,CLEAR,DAYLIGHT,ANGLE,DIVIDED - W/MEDIAN (NOT RAISED),DRY,INJURY AND / OR TOW DUE TO CRASH,,true,"OVER $1,500",UNABLE TO DETERMINE,2,NONINCAPACITATING INJURY,1,0,41.7531326527,-87.6101918493,60619,"CHICAGO MIDWAY AIRPORT, IL US",89.0,72.0,57.0,0.0,10.0,10.0
crash_06682,2025-09-17 08:47:00,2025,9,Sep,Wed,8,Morning commute,30,TRAFFIC SIGNAL,CLEAR,DAYLIGHT,ANGLE,FOUR WAY,DRY,NO INJURY / DRIVE AWAY,,,"OVER $1,500",UNABLE TO DETERMINE,2,NO INDICATION OF INJURY,0,0,41.7941933748,-87.6256041233,60637,,,,,,,
crash_06683,2021-12-31 21:30:00,2021,12,Dec,Fri,21,Night or early morning,30,STOP SIGN/FLASHER,UNKNOWN,DARKNESS,HEAD ON,FOUR WAY,UNKNOWN,INJURY AND / OR TOW DUE TO CRASH,true,true,"OVER $1,500",UNABLE TO DETERMINE,2,NO INDICATION OF INJURY,0,0,41.7721900679,-87.6629464239,60636,"CHICAGO MIDWAY AIRPORT, IL US",44.0,39.0,83.0,,1.75,8.0
crash_06684,2020-04-03 17:45:00,2020,4,Apr,Fri,17,Evening commute,30,NO CONTROLS,CLEAR,DAYLIGHT,PARKED MOTOR VEHICLE,NOT DIVIDED,DRY,NO INJURY / DRIVE AWAY,,,"$501 - $1,500",NOT APPLICABLE,2,NO INDICATION OF INJURY,0,0,41.7965179466,-87.7579177965,60638,"CHICAGO MIDWAY AIRPORT, IL US",63.0,39.0,41.0,0.0,10.0,11.0
crash_06685,2019-08-13 18:45:00,2019,8,Aug,Tue,18,Evening commute,25,NO CONTROLS,RAIN,DAYLIGHT,REAR END,NOT DIVIDED,WET,NO INJURY / DRIVE AWAY,,,"OVER $1,500",FOLLOWING TOO CLOSELY,2,NO INDICATION OF INJURY,0,0,41.8757452922,-87.6279742471,60605,"CHICAGO MIDWAY AIRPORT, IL US",78.0,69.0,74.0,,10.0,14.0
crash_06686,2023-02-03 10:24:00,2023,2,Feb,Fri,10,Daytime,30,NO CONTROLS,CLEAR,DAYLIGHT,PARKED MOTOR VEHICLE,NOT DIVIDED,DRY,NO INJURY / DRIVE AWAY,,true,"$501 - $1,500",FOLLOWING TOO CLOSELY,2,NO INDICATION OF INJURY,0,0,41.6993885485,-87.6682373669,60643,"CHICAGO MIDWAY AIRPORT, IL US",6.0,-12.0,43.0,0.0,10.0,9.0
crash_06687,2020-11-22 10:00:00,2020,11,Nov,Sun,10,Daytime,30,TRAFFIC SIGNAL,CLEAR,DAYLIGHT,REAR END,NOT DIVIDED,DRY,NO INJURY / DRIVE AWAY,,,"OVER $1,500",FOLLOWING TOO CLOSELY,2,NO INDICATION OF INJURY,0,0,41.9835115102,-87.66012948,60640,"CHICAGO OHARE INTERNATIONAL AIRPORT, IL US",43.0,35.0,74.0,,10.0,6.0