crash_id,crash_datetime,crash_year,crash_month,crash_month_name,crash_weekday_name,crash_hour,time_period,posted_speed_limit_mph,traffic_control_device,reported_weather_condition,reported_lighting_condition,first_crash_type,trafficway_type,reported_road_surface_condition,crash_type,intersection_related,hit_and_run,estimated_damage,primary_contributory_cause,unit_count,most_severe_injury,injuries_total,injuries_fatal,latitude,longitude,zip5,weather_station_name,temperature_f,dew_point_f,relative_humidity_percent,precipitation_inches,visibility_miles,wind_speed_mph
crash_06688,2024-02-19 20:20:00,2024,2,Feb,Mon,20,Night or early morning,30,NO CONTROLS,UNKNOWN,UNKNOWN,PARKED MOTOR VEHICLE,NOT DIVIDED,UNKNOWN,NO INJURY / DRIVE AWAY,,true,"OVER $1,500",IMPROPER OVERTAKING/PASSING,3,NO INDICATION OF INJURY,0,0,42.0020816511,-87.6654862377,60626,"CHICAGO OHARE INTERNATIONAL AIRPORT, IL US",42.0,27.0,55.0,0.0,10.0,6.0
crash_06689,2021-01-06 11:00:00,2021,1,Jan,Wed,11,Daytime,25,TRAFFIC SIGNAL,CLEAR,DAYLIGHT,SIDESWIPE SAME DIRECTION,DIVIDED - W/MEDIAN (NOT RAISED),DRY,NO INJURY / DRIVE AWAY,,,"OVER $1,500",IMPROPER OVERTAKING/PASSING,2,NO INDICATION OF INJURY,0,0,41.9901773832,-87.6895150898,60659,"CHICAGO OHARE INTERNATIONAL AIRPORT, IL US",35.0,29.0,78.0,0.0,7.0,0.0
crash_06690,2019-04-07 02:51:00,2019,4,Apr,Sun,2,Night or early morning,30,NO CONTROLS,CLEAR,"DARKNESS, LIGHTED ROAD",REAR END,NOT DIVIDED,DRY,INJURY AND / OR TOW DUE TO CRASH,,,"OVER $1,500",IMPROPER OVERTAKING/PASSING,2,NO INDICATION OF INJURY,0,0,41.839738814,-87.6621802505,60608,"CHICAGO MIDWAY AIRPORT, IL US",55.0,46.0,72.0,0.0,10.0,3.0
crash_06691,2023-06-23 17:45:00,2023,6,Jun,Fri,17,Evening commute,30,TRAFFIC SIGNAL,CLEAR,DAYLIGHT,SIDESWIPE SAME DIRECTION,NOT DIVIDED,DRY,NO INJURY / DRIVE AWAY,,,"OVER $1,500",FAILING TO YIELD RIGHT-OF-WAY,2,NO INDICATION OF INJURY,0,0,41.8949590936,-87.7456588987,60644,"CHICAGO MIDWAY AIRPORT, IL US",82.0,54.0,38.0,0.0,10.0,7.0
crash_06692,2021-09-14 16:00:00,2021,9,Sep,Tue,16,Evening commute,30,TRAFFIC SIGNAL,CLEAR,DAYLIGHT,REAR END,NOT DIVIDED,DRY,NO INJURY / DRIVE AWAY,,true,"$501 - $1,500",FOLLOWING TOO CLOSELY,2,NO INDICATION OF INJURY,0,0,41.7258881,-87.5855587858,60619,"CHICAGO MIDWAY AIRPORT, IL US",86.0,62.0,45.0,0.0,10.0,15.0
crash_06693,2020-12-13 15:05:00,2020,12,Dec,Sun,15,Evening commute,25,NO CONTROLS,CLEAR,DAYLIGHT,PARKED MOTOR VEHICLE,NOT DIVIDED,DRY,INJURY AND / OR TOW DUE TO CRASH,,,"OVER $1,500",UNABLE TO DETERMINE,4,NO INDICATION OF INJURY,0,0,41.9937186361,-87.7553331335,60646,"CHICAGO OHARE INTERNATIONAL AIRPORT, IL US",35.0,25.0,67.0,0.0,10.0,10.0
crash_06694,2019-09-16 09:50:00,2019,9,Sep,Mon,9,Morning commute,30,STOP SIGN/FLASHER,CLEAR,DAYLIGHT,SIDESWIPE SAME DIRECTION,ONE-WAY,DRY,NO INJURY / DRIVE AWAY,,,"OVER $1,500",FAILING TO YIELD RIGHT-OF-WAY,3,NO INDICATION OF INJURY,0,0,41.8750244525,-87.6699354582,60612,"CHICAGO MIDWAY AIRPORT, IL US",70.0,67.0,90.0,0.0,7.0,7.0
crash_06695,2022-10-18 07:00:00,2022,10,Oct,Tue,7,Morning commute,35,NO CONTROLS,CLEAR,DAYLIGHT,REAR END,NOT DIVIDED,DRY,NO INJURY / DRIVE AWAY,,,"$501 - $1,500",FOLLOWING TOO CLOSELY,2,NO INDICATION OF INJURY,0,0,41.7361191255,-87.6480989256,60620,"CHICAGO MIDWAY AIRPORT, IL US",38.0,24.0,57.0,0.0,10.0,16.0
crash_06696,2020-11-28 15:59:00,2020,11,Nov,Sat,15,Evening commute,30,NO CONTROLS,CLEAR,DUSK,TURNING,CENTER TURN LANE,DRY,INJURY AND / OR TOW DUE TO CRASH,,true,"OVER $1,500",FAILING TO YIELD RIGHT-OF-WAY,2,NONINCAPACITATING INJURY,2,0,41.7732537332,-87.6055431394,60637,"CHICAGO MIDWAY AIRPORT, IL US",48.0,33.0,56.0,0.0,10.0,11.0
crash_06697,2022-01-30 03:00:00,2022,1,Jan,Sun,3,Night or early morning,30,NO CONTROLS,CLEAR,"DARKNESS, LIGHTED ROAD",TURNING,NOT DIVIDED,DRY,NO INJURY / DRIVE AWAY,true,true,"OVER $1,500",IMPROPER TURNING/NO SIGNAL,2,NO INDICATION OF INJURY,0,0,41.8444244786,-87.7183081669,60623,"CHICAGO MIDWAY AIRPORT, IL US",19.0,9.0,65.0,0.0,10.0,3.0
crash_06698,2024-06-30 08:16:00,2024,6,Jun,Sun,8,Morning commute,30,NO CONTROLS,CLEAR,DAYLIGHT,SIDESWIPE SAME DIRECTION,DIVIDED - W/MEDIAN (NOT RAISED),DRY,NO INJURY / DRIVE AWAY,,,"$501 - $1,500",FAILING TO YIELD RIGHT-OF-WAY,2,NO INDICATION OF INJURY,0,0,41.7916050351,-87.7036488822,60629,"CHICAGO MIDWAY AIRPORT, IL US",65.0,50.0,59.0,0.0,10.0,18.0
crash_06699,2019-07-13 21:25:00,2019,7,Jul,Sat,21,Night or early morning,30,NO CONTROLS,CLEAR,"DARKNESS, LIGHTED ROAD",SIDESWIPE SAME DIRECTION,ONE-WAY,DRY,NO INJURY / DRIVE AWAY,,true,"$501 - $1,500","OPERATING VEHICLE IN ERRATIC, RECKLESS, CARELESS, NEGLIGENT OR AGGRESSIVE MANNER",2,NO INDICATION OF INJURY,0,0,41.8845966302,-87.6286484951,60601,"CHICAGO MIDWAY AIRPORT, IL US",76.0,68.0,77.0,0.0,10.0,10.0
crash_06700,2018-01-31 11:28:00,2018,1,Jan,Wed,11,Daytime,35,TRAFFIC SIGNAL,CLEAR,DAYLIGHT,SIDESWIPE SAME DIRECTION,NOT DIVIDED,DRY,INJURY AND / OR TOW DUE TO CRASH,true,,"$501 - $1,500",IMPROPER LANE USAGE,2,INCAPACITATING INJURY,1,0,41.9970192636,-87.7179392912,60659,"CHICAGO OHARE INTERNATIONAL AIRPORT, IL US",41.0,25.0,53.0,0.0,10.0,17.0
crash_06701,2020-09-16 16:00:00,2020,9,Sep,Wed,16,Evening commute,30,TRAFFIC SIGNAL,CLEAR,DAYLIGHT,TURNING,NOT DIVIDED,DRY,INJURY AND / OR TOW DUE TO CRASH,true,,"OVER $1,500",FAILING TO YIELD RIGHT-OF-WAY,2,NO INDICATION OF INJURY,0,0,41.9380764443,-87.8141376678,60634,"CHICAGO OHARE INTERNATIONAL AIRPORT, IL US",83.0,60.0,46.0,0.0,10.0,8.0
crash_06702,2024-09-06 14:11:00,2024,9,Sep,Fri,14,Daytime,30,TRAFFIC SIGNAL,CLEAR,DAYLIGHT,SIDESWIPE SAME DIRECTION,NOT DIVIDED,DRY,NO INJURY / DRIVE AWAY,,true,$500 OR LESS,UNABLE TO DETERMINE,2,NO INDICATION OF INJURY,0,0,41.9247919066,-87.6875217952,60647,"CHICAGO MIDWAY AIRPORT, IL US",70.0,50.0,49.0,0.0,10.0,17.0
crash_06703,2021-01-25 14:00:00,2021,1,Jan,Mon,14,Daytime,30,TRAFFIC SIGNAL,CLEAR,DAYLIGHT,REAR END,ONE-WAY,DRY,INJURY AND / OR TOW DUE TO CRASH,,,"OVER $1,500",FOLLOWING TOO CLOSELY,2,"REPORTED, NOT EVIDENT",1,0,41.8832549278,-87.6768151659,60612,"CHICAGO MIDWAY AIRPORT, IL US",34.0,25.0,70.0,0.0,10.0,17.0
crash_06704,2021-01-21 16:30:00,2021,1,Jan,Thu,16,Evening commute,30,UNKNOWN,CLEAR,DAYLIGHT,REAR END,OTHER,UNKNOWN,INJURY AND / OR TOW DUE TO CRASH,true,true,"$501 - $1,500",NOT APPLICABLE,2,NO INDICATION OF INJURY,0,0,41.8935606729,-87.6176001788,60611,"CHICAGO MIDWAY AIRPORT, IL US",37.0,21.0,52.0,0.0,10.0,20.0
crash_06705,2018-04-02 12:30:00,2018,4,Apr,Mon,12,Daytime,30,TRAFFIC SIGNAL,CLEAR,DAYLIGHT,SIDESWIPE SAME DIRECTION,OTHER,DRY,NO INJURY / DRIVE AWAY,,true,"$501 - $1,500",IMPROPER OVERTAKING/PASSING,2,NO INDICATION OF INJURY,0,0,41.7509181383,-87.6246901225,60620,"CHICAGO MIDWAY AIRPORT, IL US",42.0,13.0,30.0,0.0,10.0,7.0
crash_06706,2021-09-08 09:25:00,2021,9,Sep,Wed,9,Morning commute,30,FLASHING CONTROL SIGNAL,CLEAR,DAYLIGHT,REAR END,DIVIDED - W/MEDIAN BARRIER,DRY,INJURY AND / OR TOW DUE TO CRASH,,,"OVER $1,500",FAILING TO REDUCE SPEED TO AVOID CRASH,3,NO INDICATION OF INJURY,0,0,41.9971403406,-87.7392165307,60646,"CHICAGO OHARE INTERNATIONAL AIRPORT, IL US",71.0,49.0,46.0,0.0,10.0,9.0
crash_06707,2025-12-13 21:35:00,2025,12,Dec,Sat,21,Night or early morning,30,NO CONTROLS,CLEAR,"DARKNESS, LIGHTED ROAD",SIDESWIPE SAME DIRECTION,NOT DIVIDED,DRY,NO INJURY / DRIVE AWAY,,true,"OVER $1,500",IMPROPER OVERTAKING/PASSING,2,NO INDICATION OF INJURY,0,0,41.8799475858,-87.6767569934,60612,,,,,,,
crash_06708,2024-08-04 19:30:00,2024,8,Aug,Sun,19,Night or early morning,30,NO CONTROLS,CLEAR,UNKNOWN,PARKED MOTOR VEHICLE,ONE-WAY,DRY,NO INJURY / DRIVE AWAY,,true,"$501 - $1,500",UNABLE TO DETERMINE,2,NO INDICATION OF INJURY,0,0,41.9354161069,-87.6440479229,60657,"CHICAGO MIDWAY AIRPORT, IL US",85.0,68.0,57.0,0.0,10.0,9.0
crash_06709,2021-05-01 15:00:00,2021,5,May,Sat,15,Evening commute,30,NO CONTROLS,CLEAR,DAYLIGHT,PARKED MOTOR VEHICLE,ONE-WAY,DRY,NO INJURY / DRIVE AWAY,,true,"OVER $1,500",UNABLE TO DETERMINE,2,NO INDICATION OF INJURY,0,0,41.7770156538,-87.6509351111,60621,"CHICAGO MIDWAY AIRPORT, IL US",79.0,44.0,29.0,0.0,10.0,28.0
crash_06710,2025-08-17 13:27:00,2025,8,Aug,Sun,13,Daytime,30,NO CONTROLS,CLEAR,DAYLIGHT,REAR END,NOT DIVIDED,DRY,NO INJURY / DRIVE AWAY,,,"OVER $1,500",FOLLOWING TOO CLOSELY,2,NO INDICATION OF INJURY,0,0,41.792090107,-87.7993244066,60638,"CHICAGO MIDWAY AIRPORT, IL US",80.0,70.0,71.0,0.0,10.0,9.0
crash_06711,2025-11-29 02:11:00,2025,11,Nov,Sat,2,Night or early morning,30,NO CONTROLS,CLEAR,"DARKNESS, LIGHTED ROAD",FIXED OBJECT,DIVIDED - W/MEDIAN (NOT RAISED),DRY,INJURY AND / OR TOW DUE TO CRASH,,,"OVER $1,500",UNABLE TO DETERMINE,1,NO INDICATION OF INJURY,0,0,41.7572888242,-87.5656926751,60649,,,,,,,
crash_06712,2025-08-07 17:30:00,2025,8,Aug,Thu,17,Evening commute,30,NO CONTROLS,CLEAR,DAYLIGHT,REAR END,NOT DIVIDED,DRY,NO INJURY / DRIVE AWAY,,,"OVER $1,500",FOLLOWING TOO CLOSELY,2,NO INDICATION OF INJURY,0,0,41.8799621922,-87.6572352481,60607,"CHICAGO MIDWAY AIRPORT, IL US",89.0,70.0,53.0,0.0,10.0,13.0
crash_06713,2020-12-04 13:45:00,2020,12,Dec,Fri,13,Daytime,30,TRAFFIC SIGNAL,CLEAR,DAYLIGHT,TURNING,FOUR WAY,DRY,INJURY AND / OR TOW DUE TO CRASH,true,,"OVER $1,500",FAILING TO YIELD RIGHT-OF-WAY,2,"REPORTED, NOT EVIDENT",1,0,41.8735844846,-87.7106341624,60624,"CHICAGO MIDWAY AIRPORT, IL US",45.0,27.0,49.0,0.0,10.0,9.0
crash_06714,2024-07-04 11:33:00,2024,7,Jul,Thu,11,Daytime,30,NO CONTROLS,CLEAR,DAYLIGHT,REAR TO FRONT,NOT DIVIDED,DRY,NO INJURY / DRIVE AWAY,,,$500 OR LESS,IMPROPER BACKING,2,NO INDICATION OF INJURY,0,0,41.9634811976,-87.6723876428,60640,"CHICAGO MIDWAY AIRPORT, IL US",80.0,67.0,64.0,0.0,10.0,6.0
crash_06715,2024-03-22 12:00:00,2024,3,Mar,Fri,12,Daytime,30,NO CONTROLS,CLEAR,DAYLIGHT,OTHER OBJECT,NOT DIVIDED,WET,INJURY AND / OR TOW DUE TO CRASH,,true,"OVER $1,500",UNABLE TO DETERMINE,1,NO INDICATION OF INJURY,0,0,41.7865576959,-87.6108801117,60637,"CHICAGO MIDWAY AIRPORT, IL US",36.0,31.0,82.0,0.0,3.0,8.0
crash_06716,2023-04-21 09:10:00,2023,4,Apr,Fri,9,Morning commute,30,TRAFFIC SIGNAL,CLEAR,DAYLIGHT,SIDESWIPE OPPOSITE DIRECTION,FOUR WAY,DRY,NO INJURY / DRIVE AWAY,true,true,$500 OR LESS,UNABLE TO DETERMINE,2,NO INDICATION OF INJURY,0,0,41.9099506549,-87.7112446937,60651,"CHICAGO MIDWAY AIRPORT, IL US",48.0,38.0,68.0,0.0,10.0,8.0
crash_06717,2020-06-23 22:55:00,2020,6,Jun,Tue,22,Night or early morning,30,TRAFFIC SIGNAL,CLEAR,"DARKNESS, LIGHTED ROAD",REAR END,NOT DIVIDED,DRY,NO INJURY / DRIVE AWAY,true,,$500 OR LESS,FOLLOWING TOO CLOSELY,2,NO INDICATION OF INJURY,0,0,41.8095143161,-87.6152078665,60653,"CHICAGO MIDWAY AIRPORT, IL US",66.0,57.0,73.0,0.0,10.0,5.0
crash_06718,2024-01-23 19:45:00,2024,1,Jan,Tue,19,Night or early morning,30,NO CONTROLS,FOG/SMOKE/HAZE,"DARKNESS, LIGHTED ROAD",PARKED MOTOR VEHICLE,ONE-WAY,WET,NO INJURY / DRIVE AWAY,,,$500 OR LESS,UNABLE TO DETERMINE,2,NO INDICATION OF INJURY,0,0,41.9187228352,-87.7316483107,60639,"CHICAGO MIDWAY AIRPORT, IL US",37.0,36.0,93.0,,0.25,0.0
crash_06719,2025-08-10 12:00:00,2025,8,Aug,Sun,12,Daytime,30,STOP SIGN/FLASHER,CLEAR,DAYLIGHT,TURNING,NOT DIVIDED,DRY,NO INJURY / DRIVE AWAY,true,false,"OVER $1,500",UNABLE TO DETERMINE,2,NO INDICATION OF INJURY,0,0,41.7924552555,-87.7818768499,60638,"CHICAGO MIDWAY AIRPORT, IL US",90.0,69.0,50.0,0.0,10.0,18.0
crash_06720,2020-03-02 20:20:00,2020,3,Mar,Mon,20,Night or early morning,30,TRAFFIC SIGNAL,CLEAR,"DARKNESS, LIGHTED ROAD",SIDESWIPE SAME DIRECTION,ONE-WAY,DRY,INJURY AND / OR TOW DUE TO CRASH,true,true,"OVER $1,500",UNABLE TO DETERMINE,2,NO INDICATION OF INJURY,0,0,41.8820455926,-87.6814181585,60612,"CHICAGO MIDWAY AIRPORT, IL US",40.0,32.0,73.0,0.0,10.0,5.0
crash_06721,2021-08-15 00:30:00,2021,8,Aug,Sun,0,Night or early morning,20,NO CONTROLS,CLEAR,"DARKNESS, LIGHTED ROAD",PARKED MOTOR VEHICLE,ONE-WAY,DRY,NO INJURY / DRIVE AWAY,,true,"OVER $1,500",NOT APPLICABLE,2,NO INDICATION OF INJURY,0,0,41.9193538993,-87.7509488391,60639,"CHICAGO MIDWAY AIRPORT, IL US",69.0,53.0,57.0,0.0,10.0,3.0
crash_06722,2023-11-16 19:20:00,2023,11,Nov,Thu,19,Night or early morning,30,NO CONTROLS,CLEAR,"DARKNESS, LIGHTED ROAD",ANGLE,NOT DIVIDED,DRY,NO INJURY / DRIVE AWAY,,,"OVER $1,500","OPERATING VEHICLE IN ERRATIC, RECKLESS, CARELESS, NEGLIGENT OR AGGRESSIVE MANNER",2,NO INDICATION OF INJURY,0,0,41.7793216819,-87.6868834153,60629,"CHICAGO MIDWAY AIRPORT, IL US",63.0,50.0,63.0,0.0,10.0,13.0
crash_06723,2025-07-19 12:00:00,2025,7,Jul,Sat,12,Daytime,30,TRAFFIC SIGNAL,RAIN,DAYLIGHT,REAR END,NOT DIVIDED,WET,NO INJURY / DRIVE AWAY,,true,"OVER $1,500",FAILING TO REDUCE SPEED TO AVOID CRASH,2,NO INDICATION OF INJURY,0,0,41.902815701,-87.717648644,60651,"CHICAGO MIDWAY AIRPORT, IL US",78.0,72.0,82.0,0.09,6.0,7.0
crash_06724,2023-02-21 10:30:00,2023,2,Feb,Tue,10,Daytime,10,NO CONTROLS,CLEAR,DAYLIGHT,PARKED MOTOR VEHICLE,PARKING LOT,DRY,NO INJURY / DRIVE AWAY,,true,"OVER $1,500",UNABLE TO DETERMINE,2,NO INDICATION OF INJURY,0,0,41.8490519502,-87.7294104621,60623,"CHICAGO MIDWAY AIRPORT, IL US",29.0,10.0,45.0,0.0,10.0,11.0
crash_06725,2021-12-10 18:46:00,2021,12,Dec,Fri,18,Evening commute,20,NO CONTROLS,RAIN,DARKNESS,ANGLE,DRIVEWAY,WET,NO INJURY / DRIVE AWAY,,,$500 OR LESS,IMPROPER BACKING,2,NO INDICATION OF INJURY,0,0,41.8852130043,-87.6469962977,60661,"CHICAGO MIDWAY AIRPORT, IL US",47.0,43.0,86.0,0.11,3.0,5.0
crash_06726,2022-05-19 11:15:00,2022,5,May,Thu,11,Daytime,30,STOP SIGN/FLASHER,CLEAR,DAYLIGHT,ANGLE,NOT DIVIDED,DRY,NO INJURY / DRIVE AWAY,true,,"OVER $1,500",UNABLE TO DETERMINE,2,NO INDICATION OF INJURY,0,0,41.7927800362,-87.6241840004,60637,"CHICAGO MIDWAY AIRPORT, IL US",76.0,61.0,60.0,0.0,10.0,8.0
crash_06727,2022-01-06 02:57:00,2022,1,Jan,Thu,2,Night or early morning,30,NO CONTROLS,CLEAR,"DARKNESS, LIGHTED ROAD",FIXED OBJECT,NOT DIVIDED,DRY,INJURY AND / OR TOW DUE TO CRASH,,,"OVER $1,500",PHYSICAL CONDITION OF DRIVER,1,NO INDICATION OF INJURY,0,0,41.6535689285,-87.5465741254,60633,"CHICAGO MIDWAY AIRPORT, IL US",11.0,2.0,67.0,0.0,10.0,13.0
crash_06728,2019-02-08 20:50:00,2019,2,Feb,Fri,20,Night or early morning,30,OTHER,CLEAR,"DARKNESS, LIGHTED ROAD",REAR END,NOT DIVIDED,DRY,NO INJURY / DRIVE AWAY,,,"$501 - $1,500",FOLLOWING TOO CLOSELY,2,NO INDICATION OF INJURY,0,0,41.9106267514,-87.6345471582,60610,"CHICAGO MIDWAY AIRPORT, IL US",10.0,1.0,67.0,0.0,10.0,11.0
crash_06729,2023-05-20 10:45:00,2023,5,May,Sat,10,Daytime,30,TRAFFIC SIGNAL,CLEAR,DAYLIGHT,REAR END,DIVIDED - W/MEDIAN (NOT RAISED),DRY,INJURY AND / OR TOW DUE TO CRASH,true,,"OVER $1,500",FAILING TO REDUCE SPEED TO AVOID CRASH,3,NONINCAPACITATING INJURY,1,0,41.943321422,-87.6786034156,60618,"CHICAGO MIDWAY AIRPORT, IL US",62.0,43.0,50.0,0.0,10.0,9.0
crash_06730,2021-04-21 11:13:00,2021,4,Apr,Wed,11,Daytime,30,TRAFFIC SIGNAL,CLEAR,DAYLIGHT,TURNING,NOT DIVIDED,DRY,INJURY AND / OR TOW DUE TO CRASH,true,,"OVER $1,500","OPERATING VEHICLE IN ERRATIC, RECKLESS, CARELESS, NEGLIGENT OR AGGRESSIVE MANNER",2,NO INDICATION OF INJURY,0,0,41.8776922673,-87.6665433804,60607,"CHICAGO MIDWAY AIRPORT, IL US",46.0,18.0,32.0,0.0,10.0,15.0
crash_06731,2025-12-28 13:35:00,2025,12,Dec,Sun,13,Daytime,35,TRAFFIC SIGNAL,RAIN,DAYLIGHT,ANGLE,FOUR WAY,WET,INJURY AND / OR TOW DUE TO CRASH,true,,"OVER $1,500",DISREGARDING TRAFFIC SIGNALS,3,NO INDICATION OF INJURY,0,0,41.8931646527,-87.6327835638,60654,,,,,,,
crash_06732,2023-03-20 15:30:00,2023,3,Mar,Mon,15,Evening commute,20,TRAFFIC SIGNAL,CLEAR,DAYLIGHT,TURNING,ONE-WAY,DRY,NO INJURY / DRIVE AWAY,true,,"OVER $1,500",IMPROPER TURNING/NO SIGNAL,2,NO INDICATION OF INJURY,0,0,41.8833205136,-87.6309819052,60602,"CHICAGO MIDWAY AIRPORT, IL US",50.0,17.0,27.0,0.0,10.0,23.0
crash_06733,2018-10-21 07:50:00,2018,10,Oct,Sun,7,Morning commute,30,TRAFFIC SIGNAL,CLEAR,DAYLIGHT,ANGLE,NOT DIVIDED,DRY,INJURY AND / OR TOW DUE TO CRASH,true,,"OVER $1,500",UNABLE TO DETERMINE,2,NONINCAPACITATING INJURY,2,0,42.0161299449,-87.6652531975,60626,"CHICAGO OHARE INTERNATIONAL AIRPORT, IL US",29.0,22.0,75.0,0.0,10.0,3.0
crash_06734,2019-05-30 19:42:00,2019,5,May,Thu,19,Night or early morning,30,TRAFFIC SIGNAL,CLEAR,DAYLIGHT,REAR END,DIVIDED - W/MEDIAN BARRIER,DRY,INJURY AND / OR TOW DUE TO CRASH,,,"$501 - $1,500",FOLLOWING TOO CLOSELY,2,"REPORTED, NOT EVIDENT",1,0,41.896828045,-87.6172077033,60611,"CHICAGO MIDWAY AIRPORT, IL US",71.0,55.0,57.0,0.0,10.0,6.0
crash_06735,2021-11-06 19:29:00,2021,11,Nov,Sat,19,Night or early morning,30,NO CONTROLS,CLEAR,DARKNESS,PARKED MOTOR VEHICLE,NOT DIVIDED,DRY,NO INJURY / DRIVE AWAY,,,$500 OR LESS,EQUIPMENT - VEHICLE CONDITION,2,NO INDICATION OF INJURY,0,0,41.8803025002,-87.7519761247,60644,"CHICAGO MIDWAY AIRPORT, IL US",53.0,34.0,48.0,0.0,10.0,10.0
crash_06736,2024-03-17 00:01:00,2024,3,Mar,Sun,0,Night or early morning,15,NO CONTROLS,CLEAR,DARKNESS,PARKED MOTOR VEHICLE,ONE-WAY,DRY,NO INJURY / DRIVE AWAY,,,"OVER $1,500",UNABLE TO DETERMINE,2,NO INDICATION OF INJURY,0,0,41.9737839223,-87.7072556532,60625,"CHICAGO OHARE INTERNATIONAL AIRPORT, IL US",42.0,27.0,55.0,0.0,10.0,13.0
crash_06737,2021-06-03 19:55:00,2021,6,Jun,Thu,19,Night or early morning,5,NO CONTROLS,CLEAR,DAYLIGHT,FIXED OBJECT,OTHER,DRY,NO INJURY / DRIVE AWAY,,true,"OVER $1,500",IMPROPER BACKING,1,NO INDICATION OF INJURY,0,0,41.8380290365,-87.6390328027,60616,"CHICAGO MIDWAY AIRPORT, IL US",82.0,45.0,27.0,0.0,10.0,9.0
crash_06738,2023-08-20 09:05:00,2023,8,Aug,Sun,9,Morning commute,30,NO CONTROLS,CLEAR,DAYLIGHT,TURNING,NOT DIVIDED,DRY,INJURY AND / OR TOW DUE TO CRASH,,,"OVER $1,500",UNABLE TO DETERMINE,2,NONINCAPACITATING INJURY,3,0,41.7806728614,-87.6057892556,60637,"CHICAGO MIDWAY AIRPORT, IL US",77.0,67.0,71.0,0.0,10.0,0.0
crash_06739,2024-02-25 01:33:00,2024,2,Feb,Sun,1,Night or early morning,30,NO CONTROLS,CLEAR,"DARKNESS, LIGHTED ROAD",PARKED MOTOR VEHICLE,OTHER,DRY,INJURY AND / OR TOW DUE TO CRASH,,true,"OVER $1,500",UNABLE TO DETERMINE,2,NO INDICATION OF INJURY,0,0,41.7765767086,-87.6703663569,60636,"CHICAGO MIDWAY AIRPORT, IL US",33.0,19.0,56.0,0.0,10.0,11.0
crash_06740,2023-12-14 17:40:00,2023,12,Dec,Thu,17,Evening commute,30,NO CONTROLS,CLEAR,"DARKNESS, LIGHTED ROAD",REAR END,NOT DIVIDED,DRY,NO INJURY / DRIVE AWAY,,,$500 OR LESS,IMPROPER BACKING,2,NO INDICATION OF INJURY,0,0,41.7909235411,-87.624615477,60637,"CHICAGO MIDWAY AIRPORT, IL US",46.0,29.0,51.0,0.0,10.0,5.0
crash_06741,2023-08-04 10:08:00,2023,8,Aug,Fri,10,Daytime,30,TRAFFIC SIGNAL,CLEAR,DAYLIGHT,SIDESWIPE SAME DIRECTION,NOT DIVIDED,DRY,NO INJURY / DRIVE AWAY,,,"OVER $1,500",UNABLE TO DETERMINE,2,NO INDICATION OF INJURY,0,0,41.8954564568,-87.7262305405,60651,"CHICAGO MIDWAY AIRPORT, IL US",81.0,68.0,65.0,0.0,10.0,8.0
crash_06742,2018-07-10 23:26:00,2018,7,Jul,Tue,23,Night or early morning,30,OTHER,CLEAR,"DARKNESS, LIGHTED ROAD",PARKED MOTOR VEHICLE,NOT DIVIDED,DRY,INJURY AND / OR TOW DUE TO CRASH,,,"$501 - $1,500",IMPROPER BACKING,4,NO INDICATION OF INJURY,0,0,41.766473614,-87.6576474908,60636,"CHICAGO MIDWAY AIRPORT, IL US",75.0,53.0,46.0,0.0,10.0,8.0
crash_06743,2023-11-21 10:30:00,2023,11,Nov,Tue,10,Daytime,10,NO CONTROLS,CLOUDY/OVERCAST,DAYLIGHT,PARKED MOTOR VEHICLE,PARKING LOT,DRY,NO INJURY / DRIVE AWAY,,,$500 OR LESS,UNABLE TO DETERMINE,2,NO INDICATION OF INJURY,0,0,41.8162179738,-87.726311809,60632,"CHICAGO MIDWAY AIRPORT, IL US",44.0,40.0,85.0,0.0,9.0,15.0
crash_06744,2025-07-03 21:25:00,2025,7,Jul,Thu,21,Night or early morning,30,TRAFFIC SIGNAL,CLEAR,"DARKNESS, LIGHTED ROAD",SIDESWIPE SAME DIRECTION,FOUR WAY,DRY,INJURY AND / OR TOW DUE TO CRASH,,,"$501 - $1,500",NOT APPLICABLE,2,NO INDICATION OF INJURY,0,0,41.722257273,-87.5852755651,60628,"CHICAGO MIDWAY AIRPORT, IL US",84.0,61.0,46.0,0.0,10.0,3.0
crash_06745,2020-11-04 18:30:00,2020,11,Nov,Wed,18,Evening commute,30,NO CONTROLS,CLEAR,DARKNESS,PARKED MOTOR VEHICLE,NOT DIVIDED,DRY,NO INJURY / DRIVE AWAY,,true,"OVER $1,500",UNABLE TO DETERMINE,2,NO INDICATION OF INJURY,0,0,41.8985309522,-87.7498299587,60651,"CHICAGO MIDWAY AIRPORT, IL US",66.0,41.0,40.0,0.0,10.0,11.0
crash_06746,2019-10-28 09:50:00,2019,10,Oct,Mon,9,Morning commute,20,TRAFFIC SIGNAL,CLEAR,DAYLIGHT,REAR END,DIVIDED - W/MEDIAN (NOT RAISED),DRY,NO INJURY / DRIVE AWAY,,,"OVER $1,500",UNABLE TO DETERMINE,2,NO INDICATION OF INJURY,0,0,41.8795873845,-87.7744925559,60644,"CHICAGO MIDWAY AIRPORT, IL US",48.0,41.0,77.0,0.0,10.0,6.0
crash_06747,2020-01-06 21:00:00,2020,1,Jan,Mon,21,Night or early morning,35,TRAFFIC SIGNAL,CLEAR,"DARKNESS, LIGHTED ROAD",REAR END,FOUR WAY,DRY,NO INJURY / DRIVE AWAY,true,,$500 OR LESS,UNABLE TO DETERMINE,2,NO INDICATION OF INJURY,0,0,41.7733684085,-87.5766385522,60649,"CHICAGO MIDWAY AIRPORT, IL US",35.0,19.0,52.0,0.0,10.0,9.0