crash_id,crash_datetime,crash_year,crash_month,crash_month_name,crash_weekday_name,crash_hour,time_period,posted_speed_limit_mph,traffic_control_device,reported_weather_condition,reported_lighting_condition,first_crash_type,trafficway_type,reported_road_surface_condition,crash_type,intersection_related,hit_and_run,estimated_damage,primary_contributory_cause,unit_count,most_severe_injury,injuries_total,injuries_fatal,latitude,longitude,zip5,weather_station_name,temperature_f,dew_point_f,relative_humidity_percent,precipitation_inches,visibility_miles,wind_speed_mph
crash_06748,2023-12-05 19:45:00,2023,12,Dec,Tue,19,Night or early morning,30,NO CONTROLS,CLOUDY/OVERCAST,"DARKNESS, LIGHTED ROAD",PARKED MOTOR VEHICLE,NOT DIVIDED,WET,INJURY AND / OR TOW DUE TO CRASH,,,"OVER $1,500",UNABLE TO DETERMINE,2,"REPORTED, NOT EVIDENT",2,0,41.9786829676,-87.6548896561,60640,"CHICAGO OHARE INTERNATIONAL AIRPORT, IL US",36.0,28.0,73.0,0.0,10.0,11.0
crash_06749,2023-08-01 17:22:00,2023,8,Aug,Tue,17,Evening commute,45,NO CONTROLS,CLEAR,DAYLIGHT,FIXED OBJECT,DIVIDED - W/MEDIAN BARRIER,DRY,INJURY AND / OR TOW DUE TO CRASH,,,"OVER $1,500",UNABLE TO DETERMINE,1,NO INDICATION OF INJURY,0,0,41.8147945491,-87.5936775319,60653,"CHICAGO MIDWAY AIRPORT, IL US",84.0,60.0,44.0,0.0,10.0,5.0
crash_06750,2022-07-16 09:20:00,2022,7,Jul,Sat,9,Morning commute,30,TRAFFIC SIGNAL,CLEAR,DAYLIGHT,REAR END,FOUR WAY,UNKNOWN,NO INJURY / DRIVE AWAY,true,,"OVER $1,500",UNABLE TO DETERMINE,2,NO INDICATION OF INJURY,0,0,41.7372110604,-87.585782207,60619,"CHICAGO MIDWAY AIRPORT, IL US",73.0,67.0,81.0,,9.0,13.0
crash_06751,2025-03-18 19:30:00,2025,3,Mar,Tue,19,Night or early morning,30,TRAFFIC SIGNAL,CLEAR,"DARKNESS, LIGHTED ROAD",REAR END,NOT DIVIDED,DRY,NO INJURY / DRIVE AWAY,,,"$501 - $1,500",UNABLE TO DETERMINE,2,NO INDICATION OF INJURY,0,0,41.9250478523,-87.677753522,60614,"CHICAGO MIDWAY AIRPORT, IL US",70.0,45.0,41.0,0.0,10.0,9.0
crash_06752,2021-11-11 20:23:00,2021,11,Nov,Thu,20,Night or early morning,30,TRAFFIC SIGNAL,CLEAR,"DARKNESS, LIGHTED ROAD",SIDESWIPE SAME DIRECTION,ONE-WAY,DRY,NO INJURY / DRIVE AWAY,,,"OVER $1,500",UNABLE TO DETERMINE,3,NO INDICATION OF INJURY,0,0,41.890027918,-87.6278603458,60611,"CHICAGO MIDWAY AIRPORT, IL US",46.0,31.0,56.0,0.0,10.0,8.0
crash_06753,2019-02-08 10:04:00,2019,2,Feb,Fri,10,Daytime,30,NO CONTROLS,CLEAR,DAYLIGHT,SIDESWIPE SAME DIRECTION,NOT DIVIDED,DRY,NO INJURY / DRIVE AWAY,,,"OVER $1,500",UNABLE TO DETERMINE,2,NO INDICATION OF INJURY,0,0,41.9614217264,-87.6887469798,60625,"CHICAGO OHARE INTERNATIONAL AIRPORT, IL US",6.0,-3.0,66.0,0.0,10.0,18.0
crash_06754,2023-09-03 20:30:00,2023,9,Sep,Sun,20,Night or early morning,30,NO CONTROLS,CLEAR,"DARKNESS, LIGHTED ROAD",TURNING,NOT DIVIDED,DRY,INJURY AND / OR TOW DUE TO CRASH,false,,"OVER $1,500",IMPROPER TURNING/NO SIGNAL,2,NO INDICATION OF INJURY,0,0,41.758424659,-87.6080671028,60619,"CHICAGO MIDWAY AIRPORT, IL US",84.0,67.0,57.0,0.0,10.0,8.0
crash_06755,2019-04-17 17:30:00,2019,4,Apr,Wed,17,Evening commute,30,TRAFFIC SIGNAL,CLEAR,DAYLIGHT,REAR END,DIVIDED - W/MEDIAN (NOT RAISED),DRY,NO INJURY / DRIVE AWAY,,,"OVER $1,500",FOLLOWING TOO CLOSELY,2,NO INDICATION OF INJURY,0,0,41.85273296,-87.632667026,60616,"CHICAGO MIDWAY AIRPORT, IL US",74.0,53.0,48.0,0.0,10.0,16.0
crash_06756,2019-01-25 18:30:00,2019,1,Jan,Fri,18,Evening commute,25,NO CONTROLS,SLEET/HAIL,"DARKNESS, LIGHTED ROAD",ANGLE,ONE-WAY,SNOW OR SLUSH,NO INJURY / DRIVE AWAY,true,,"$501 - $1,500",FAILING TO YIELD RIGHT-OF-WAY,2,NO INDICATION OF INJURY,0,0,41.9238540958,-87.7682713063,60639,"CHICAGO OHARE INTERNATIONAL AIRPORT, IL US",4.0,-1.0,80.0,0.0,5.0,3.0
crash_06757,2025-03-30 14:10:00,2025,3,Mar,Sun,14,Daytime,35,NO CONTROLS,RAIN,DAYLIGHT,FIXED OBJECT,T-INTERSECTION,WET,INJURY AND / OR TOW DUE TO CRASH,true,,"OVER $1,500",UNABLE TO DETERMINE,1,INCAPACITATING INJURY,1,0,41.6860333533,-87.6786454881,60643,"CHICAGO MIDWAY AIRPORT, IL US",78.0,56.0,47.0,0.0,10.0,25.0
crash_06758,2024-09-01 10:15:00,2024,9,Sep,Sun,10,Daytime,30,NO CONTROLS,CLEAR,DAYLIGHT,REAR END,T-INTERSECTION,DRY,NO INJURY / DRIVE AWAY,true,,"$501 - $1,500",FOLLOWING TOO CLOSELY,2,NO INDICATION OF INJURY,0,0,41.9611353593,-87.7215673192,60625,"CHICAGO OHARE INTERNATIONAL AIRPORT, IL US",75.0,59.0,58.0,0.0,10.0,16.0
crash_06759,2019-07-31 16:45:00,2019,7,Jul,Wed,16,Evening commute,30,NO CONTROLS,RAIN,DAYLIGHT,OTHER OBJECT,UNKNOWN,OTHER,NO INJURY / DRIVE AWAY,,,$500 OR LESS,NOT APPLICABLE,1,,,,41.6960509949,-87.6288584275,60628,"CHICAGO MIDWAY AIRPORT, IL US",75.0,55.0,50.0,0.0,10.0,10.0
crash_06760,2021-11-08 08:00:00,2021,11,Nov,Mon,8,Morning commute,20,NO CONTROLS,UNKNOWN,UNKNOWN,PARKED MOTOR VEHICLE,ONE-WAY,UNKNOWN,NO INJURY / DRIVE AWAY,,true,"OVER $1,500",UNABLE TO DETERMINE,2,NO INDICATION OF INJURY,0,0,41.9985242046,-87.6848874227,60645,"CHICAGO OHARE INTERNATIONAL AIRPORT, IL US",50.0,41.0,71.0,0.0,10.0,11.0
crash_06761,2021-08-14 00:40:00,2021,8,Aug,Sat,0,Night or early morning,30,NO CONTROLS,CLEAR,"DARKNESS, LIGHTED ROAD",FIXED OBJECT,DIVIDED - W/MEDIAN (NOT RAISED),DRY,INJURY AND / OR TOW DUE TO CRASH,,true,"OVER $1,500",UNABLE TO DETERMINE,2,NO INDICATION OF INJURY,0,0,41.9424366288,-87.831294317,60634,"CHICAGO OHARE INTERNATIONAL AIRPORT, IL US",72.0,57.0,59.0,0.0,10.0,10.0
crash_06762,2022-04-27 23:55:00,2022,4,Apr,Wed,23,Night or early morning,30,UNKNOWN,CLEAR,"DARKNESS, LIGHTED ROAD",PARKED MOTOR VEHICLE,NOT DIVIDED,DRY,NO INJURY / DRIVE AWAY,,true,"OVER $1,500",UNABLE TO DETERMINE,2,NO INDICATION OF INJURY,0,0,41.7724241983,-87.6930752945,60629,"CHICAGO MIDWAY AIRPORT, IL US",39.0,30.0,70.0,0.0,10.0,15.0
crash_06763,2024-11-01 09:02:00,2024,11,Nov,Fri,9,Morning commute,30,NO CONTROLS,CLEAR,DAYLIGHT,PARKED MOTOR VEHICLE,ONE-WAY,DRY,NO INJURY / DRIVE AWAY,,true,"OVER $1,500",UNABLE TO DETERMINE,2,NO INDICATION OF INJURY,0,0,41.9060933683,-87.7544971531,60651,"CHICAGO MIDWAY AIRPORT, IL US",43.0,32.0,65.0,0.0,10.0,8.0
crash_06764,2023-03-09 20:45:00,2023,3,Mar,Thu,20,Night or early morning,10,NO CONTROLS,RAIN,"DARKNESS, LIGHTED ROAD",ANGLE,NOT DIVIDED,SNOW OR SLUSH,NO INJURY / DRIVE AWAY,,,"OVER $1,500",UNABLE TO DETERMINE,2,NO INDICATION OF INJURY,0,0,41.7866229574,-87.7032111998,60629,"CHICAGO MIDWAY AIRPORT, IL US",36.0,33.0,89.0,0.06,5.0,14.0
crash_06765,2025-02-05 23:58:00,2025,2,Feb,Wed,23,Night or early morning,30,UNKNOWN,RAIN,"DARKNESS, LIGHTED ROAD",PARKED MOTOR VEHICLE,ONE-WAY,ICE,NO INJURY / DRIVE AWAY,,true,"OVER $1,500",UNABLE TO DETERMINE,2,NO INDICATION OF INJURY,0,0,41.7991772739,-87.6490745648,60609,"CHICAGO MIDWAY AIRPORT, IL US",30.0,27.0,88.0,0.0,2.0,6.0
crash_06766,2020-11-21 11:38:00,2020,11,Nov,Sat,11,Daytime,35,NO CONTROLS,CLEAR,DAYLIGHT,REAR END,DIVIDED - W/MEDIAN (NOT RAISED),DRY,INJURY AND / OR TOW DUE TO CRASH,,,"OVER $1,500",FOLLOWING TOO CLOSELY,2,NO INDICATION OF INJURY,0,0,41.7145544707,-87.6817205965,60643,"CHICAGO MIDWAY AIRPORT, IL US",46.0,32.0,58.0,0.0,10.0,7.0
crash_06767,2020-08-12 08:30:00,2020,8,Aug,Wed,8,Morning commute,30,NO CONTROLS,CLEAR,DAYLIGHT,PARKED MOTOR VEHICLE,NOT DIVIDED,DRY,NO INJURY / DRIVE AWAY,,,$500 OR LESS,IMPROPER BACKING,2,NO INDICATION OF INJURY,0,0,42.0055825153,-87.8121605637,60631,"CHICAGO OHARE INTERNATIONAL AIRPORT, IL US",77.0,54.0,45.0,0.0,10.0,3.0
crash_06768,2018-01-09 22:50:00,2018,1,Jan,Tue,22,Night or early morning,30,NO CONTROLS,CLEAR,"DARKNESS, LIGHTED ROAD",REAR END,ONE-WAY,DRY,NO INJURY / DRIVE AWAY,,,"$501 - $1,500",DISTRACTION - FROM OUTSIDE VEHICLE,2,NO INDICATION OF INJURY,0,0,41.9241518743,-87.7562946618,60639,"CHICAGO OHARE INTERNATIONAL AIRPORT, IL US",28.0,26.0,92.0,0.0,4.0,7.0
crash_06769,2018-05-14 14:00:00,2018,5,May,Mon,14,Daytime,15,NO CONTROLS,CLEAR,DAYLIGHT,PARKED MOTOR VEHICLE,PARKING LOT,DRY,NO INJURY / DRIVE AWAY,,,"OVER $1,500",DRIVING SKILLS/KNOWLEDGE/EXPERIENCE,2,NO INDICATION OF INJURY,0,0,41.8078225463,-87.7358848655,60632,"CHICAGO MIDWAY AIRPORT, IL US",82.0,63.0,53.0,0.0,10.0,11.0
crash_06770,2020-06-04 15:55:00,2020,6,Jun,Thu,15,Evening commute,30,NO CONTROLS,CLEAR,DAYLIGHT,SIDESWIPE SAME DIRECTION,NOT DIVIDED,UNKNOWN,NO INJURY / DRIVE AWAY,,,"OVER $1,500",IMPROPER OVERTAKING/PASSING,2,NO INDICATION OF INJURY,0,0,41.9334282161,-87.6637414204,60657,"CHICAGO MIDWAY AIRPORT, IL US",83.0,62.0,49.0,0.0,10.0,8.0
crash_06771,2025-07-17 21:30:00,2025,7,Jul,Thu,21,Night or early morning,30,NO CONTROLS,CLEAR,DAYLIGHT,ANGLE,NOT DIVIDED,WET,NO INJURY / DRIVE AWAY,,true,"OVER $1,500",UNABLE TO DETERMINE,2,NO INDICATION OF INJURY,0,0,41.8846511912,-87.6890545595,60612,"CHICAGO MIDWAY AIRPORT, IL US",66.0,55.0,68.0,0.0,10.0,11.0
crash_06772,2023-01-22 01:10:00,2023,1,Jan,Sun,1,Night or early morning,30,NO CONTROLS,CLEAR,"DARKNESS, LIGHTED ROAD",REAR END,NOT DIVIDED,DRY,NO INJURY / DRIVE AWAY,,true,"OVER $1,500",UNABLE TO DETERMINE,2,NO INDICATION OF INJURY,0,0,41.9124134592,-87.729927313,60639,"CHICAGO MIDWAY AIRPORT, IL US",32.0,26.0,79.0,0.0,10.0,5.0
crash_06773,2025-10-30 16:00:00,2025,10,Oct,Thu,16,Evening commute,30,TRAFFIC SIGNAL,CLEAR,DAYLIGHT,REAR END,DIVIDED - W/MEDIAN (NOT RAISED),DRY,NO INJURY / DRIVE AWAY,,,"OVER $1,500",UNABLE TO DETERMINE,2,NO INDICATION OF INJURY,0,0,41.9237399255,-87.791266885,60707,,,,,,,
crash_06774,2019-06-06 09:15:00,2019,6,Jun,Thu,9,Morning commute,20,NO CONTROLS,CLEAR,DAYLIGHT,ANGLE,ONE-WAY,DRY,NO INJURY / DRIVE AWAY,,,$500 OR LESS,IMPROPER BACKING,2,NO INDICATION OF INJURY,0,0,41.7536987554,-87.6660996311,60620,"CHICAGO MIDWAY AIRPORT, IL US",68.0,58.0,70.0,0.0,9.0,9.0
crash_06775,2021-06-22 22:20:00,2021,6,Jun,Tue,22,Night or early morning,30,NO CONTROLS,UNKNOWN,"DARKNESS, LIGHTED ROAD",TURNING,NOT DIVIDED,UNKNOWN,INJURY AND / OR TOW DUE TO CRASH,,,"$501 - $1,500",UNABLE TO DETERMINE,2,"REPORTED, NOT EVIDENT",4,0,41.7817724763,-87.7227014695,60629,"CHICAGO MIDWAY AIRPORT, IL US",71.0,44.0,38.0,0.0,10.0,6.0
crash_06776,2021-08-01 02:30:00,2021,8,Aug,Sun,2,Night or early morning,30,TRAFFIC SIGNAL,CLEAR,"DARKNESS, LIGHTED ROAD",ANGLE,FOUR WAY,DRY,INJURY AND / OR TOW DUE TO CRASH,true,,"OVER $1,500",FAILING TO REDUCE SPEED TO AVOID CRASH,2,INCAPACITATING INJURY,2,0,41.7720309151,-87.6738595381,60636,"CHICAGO MIDWAY AIRPORT, IL US",69.0,61.0,76.0,0.0,10.0,6.0
crash_06777,2023-10-28 19:15:00,2023,10,Oct,Sat,19,Night or early morning,30,TRAFFIC SIGNAL,RAIN,DARKNESS,TURNING,NOT DIVIDED,WET,NO INJURY / DRIVE AWAY,true,true,"OVER $1,500",UNABLE TO DETERMINE,2,NO INDICATION OF INJURY,0,0,41.7431240501,-87.6536844125,60620,"CHICAGO MIDWAY AIRPORT, IL US",49.0,37.0,64.0,0.0,10.0,10.0
crash_06778,2018-08-22 09:15:00,2018,8,Aug,Wed,9,Morning commute,30,TRAFFIC SIGNAL,CLEAR,DAYLIGHT,REAR END,ONE-WAY,DRY,NO INJURY / DRIVE AWAY,,,$500 OR LESS,FOLLOWING TOO CLOSELY,2,NO INDICATION OF INJURY,0,0,41.7949157408,-87.6303766654,60609,"CHICAGO MIDWAY AIRPORT, IL US",68.0,55.0,63.0,0.0,10.0,9.0
crash_06779,2023-03-17 21:45:00,2023,3,Mar,Fri,21,Night or early morning,30,UNKNOWN,CLEAR,"DARKNESS, LIGHTED ROAD",ANGLE,T-INTERSECTION,DRY,NO INJURY / DRIVE AWAY,true,,"$501 - $1,500",DISREGARDING STOP SIGN,2,NO INDICATION OF INJURY,0,0,41.7602070134,-87.611652118,60619,"CHICAGO MIDWAY AIRPORT, IL US",27.0,15.0,61.0,0.0,10.0,22.0
crash_06780,2025-11-03 09:00:00,2025,11,Nov,Mon,9,Morning commute,30,OTHER,OTHER,UNKNOWN,PARKED MOTOR VEHICLE,PARKING LOT,UNKNOWN,NO INJURY / DRIVE AWAY,,true,"OVER $1,500",UNABLE TO DETERMINE,2,NO INDICATION OF INJURY,0,0,41.8454681615,-87.6274529904,60616,,,,,,,
crash_06781,2021-08-26 15:15:00,2021,8,Aug,Thu,15,Evening commute,30,NO CONTROLS,CLEAR,DAYLIGHT,ANGLE,NOT DIVIDED,DRY,NO INJURY / DRIVE AWAY,,true,"OVER $1,500",DRIVING SKILLS/KNOWLEDGE/EXPERIENCE,2,NO INDICATION OF INJURY,0,0,41.9465294805,-87.688106391,60618,"CHICAGO MIDWAY AIRPORT, IL US",88.0,67.0,50.0,0.0,10.0,5.0
crash_06782,2019-06-05 17:30:00,2019,6,Jun,Wed,17,Evening commute,30,UNKNOWN,CLEAR,UNKNOWN,REAR END,NOT DIVIDED,DRY,NO INJURY / DRIVE AWAY,,,"OVER $1,500",UNABLE TO DETERMINE,2,NO INDICATION OF INJURY,0,0,41.8095004652,-87.6162063994,60653,"CHICAGO MIDWAY AIRPORT, IL US",80.0,62.0,54.0,0.0,10.0,9.0
crash_06783,2024-04-03 07:15:00,2024,4,Apr,Wed,7,Morning commute,30,NO CONTROLS,RAIN,DAYLIGHT,ANGLE,FOUR WAY,WET,INJURY AND / OR TOW DUE TO CRASH,true,,"OVER $1,500",WEATHER,2,NO INDICATION OF INJURY,0,0,41.8304165969,-87.6826645398,60608,"CHICAGO MIDWAY AIRPORT, IL US",35.0,32.0,89.0,0.0,1.75,14.0
crash_06784,2019-05-29 14:25:00,2019,5,May,Wed,14,Daytime,30,TRAFFIC SIGNAL,CLEAR,DAYLIGHT,REAR END,NOT DIVIDED,DRY,INJURY AND / OR TOW DUE TO CRASH,true,,"$501 - $1,500",PHYSICAL CONDITION OF DRIVER,3,NO INDICATION OF INJURY,0,0,41.8968140392,-87.6262778234,60611,"CHICAGO MIDWAY AIRPORT, IL US",68.0,57.0,68.0,0.0,9.0,7.0
crash_06785,2022-11-21 10:05:00,2022,11,Nov,Mon,10,Daytime,30,STOP SIGN/FLASHER,CLEAR,DAYLIGHT,REAR TO FRONT,DIVIDED - W/MEDIAN BARRIER,DRY,NO INJURY / DRIVE AWAY,true,,$500 OR LESS,IMPROPER BACKING,2,NO INDICATION OF INJURY,0,0,41.6760813054,-87.6419969653,60643,"CHICAGO MIDWAY AIRPORT, IL US",38.0,18.0,44.0,0.0,10.0,15.0
crash_06786,2023-08-05 13:20:00,2023,8,Aug,Sat,13,Daytime,30,STOP SIGN/FLASHER,CLEAR,DAYLIGHT,TURNING,NOT DIVIDED,WET,NO INJURY / DRIVE AWAY,,true,"OVER $1,500",FAILING TO YIELD RIGHT-OF-WAY,2,NO INDICATION OF INJURY,0,0,41.8009809096,-87.6880439957,60632,"CHICAGO MIDWAY AIRPORT, IL US",73.0,67.0,81.0,0.04,7.0,9.0
crash_06787,2025-10-01 22:00:00,2025,10,Oct,Wed,22,Night or early morning,30,UNKNOWN,CLEAR,"DARKNESS, LIGHTED ROAD",REAR END,DIVIDED - W/MEDIAN (NOT RAISED),UNKNOWN,NO INJURY / DRIVE AWAY,,,"$501 - $1,500",FOLLOWING TOO CLOSELY,2,NO INDICATION OF INJURY,0,0,41.948869047,-87.7123401222,60618,,,,,,,
crash_06788,2022-08-25 10:00:00,2022,8,Aug,Thu,10,Daytime,30,TRAFFIC SIGNAL,CLEAR,DAYLIGHT,REAR END,NOT DIVIDED,UNKNOWN,NO INJURY / DRIVE AWAY,true,,"OVER $1,500",UNABLE TO DETERMINE,2,NO INDICATION OF INJURY,0,0,41.9098935128,-87.653267831,60642,"CHICAGO MIDWAY AIRPORT, IL US",70.0,64.0,82.0,0.11,10.0,10.0
crash_06789,2023-03-15 16:40:00,2023,3,Mar,Wed,16,Evening commute,30,NO CONTROLS,CLEAR,DAYLIGHT,TURNING,DIVIDED - W/MEDIAN (NOT RAISED),DRY,INJURY AND / OR TOW DUE TO CRASH,,,"OVER $1,500",FAILING TO YIELD RIGHT-OF-WAY,2,NO INDICATION OF INJURY,0,0,42.0118077088,-87.7064068474,60645,"CHICAGO OHARE INTERNATIONAL AIRPORT, IL US",50.0,28.0,43.0,0.0,10.0,14.0
crash_06790,2018-07-14 09:30:00,2018,7,Jul,Sat,9,Morning commute,30,TRAFFIC SIGNAL,RAIN,DAYLIGHT,TURNING,DIVIDED - W/MEDIAN (NOT RAISED),WET,INJURY AND / OR TOW DUE TO CRASH,,,"OVER $1,500",FAILING TO YIELD RIGHT-OF-WAY,2,"REPORTED, NOT EVIDENT",1,0,41.9094821915,-87.7486983106,60651,"CHICAGO MIDWAY AIRPORT, IL US",76.0,72.0,88.0,0.01,10.0,5.0
crash_06791,2018-11-29 16:10:00,2018,11,Nov,Thu,16,Evening commute,30,NO CONTROLS,CLEAR,DUSK,PARKED MOTOR VEHICLE,DIVIDED - W/MEDIAN BARRIER,WET,NO INJURY / DRIVE AWAY,,true,"$501 - $1,500",UNABLE TO DETERMINE,2,NO INDICATION OF INJURY,0,0,41.8670351432,-87.6475220819,60608,"CHICAGO MIDWAY AIRPORT, IL US",36.0,26.0,67.0,0.0,10.0,0.0
crash_06792,2018-04-11 07:30:00,2018,4,Apr,Wed,7,Morning commute,35,NO CONTROLS,CLEAR,DAYLIGHT,TURNING,DIVIDED - W/MEDIAN (NOT RAISED),WET,INJURY AND / OR TOW DUE TO CRASH,true,,"OVER $1,500",FAILING TO YIELD RIGHT-OF-WAY,2,NO INDICATION OF INJURY,0,0,41.7922127778,-87.7828690696,60638,"CHICAGO MIDWAY AIRPORT, IL US",41.0,30.0,65.0,0.0,10.0,13.0
crash_06793,2020-07-17 17:00:00,2020,7,Jul,Fri,17,Evening commute,25,TRAFFIC SIGNAL,CLEAR,DAYLIGHT,TURNING,NOT DIVIDED,DRY,NO INJURY / DRIVE AWAY,true,true,"OVER $1,500",FOLLOWING TOO CLOSELY,2,NO INDICATION OF INJURY,0,0,41.7870091064,-87.6496822423,60621,"CHICAGO MIDWAY AIRPORT, IL US",86.0,63.0,46.0,0.0,10.0,11.0
crash_06794,2018-05-09 11:44:00,2018,5,May,Wed,11,Daytime,30,NO CONTROLS,CLEAR,DAYLIGHT,TURNING,NOT DIVIDED,DRY,NO INJURY / DRIVE AWAY,,,$500 OR LESS,IMPROPER LANE USAGE,2,NO INDICATION OF INJURY,0,0,41.8692062045,-87.6766985262,60612,"CHICAGO MIDWAY AIRPORT, IL US",73.0,57.0,57.0,0.0,10.0,13.0
crash_06795,2021-07-25 00:30:00,2021,7,Jul,Sun,0,Night or early morning,30,NO CONTROLS,CLEAR,"DARKNESS, LIGHTED ROAD",TURNING,NOT DIVIDED,DRY,INJURY AND / OR TOW DUE TO CRASH,,,"OVER $1,500",FAILING TO YIELD RIGHT-OF-WAY,2,NONINCAPACITATING INJURY,2,0,41.7631970947,-87.6830525998,60636,"CHICAGO MIDWAY AIRPORT, IL US",77.0,69.0,77.0,0.0,10.0,0.0
crash_06796,2023-06-20 17:30:00,2023,6,Jun,Tue,17,Evening commute,30,NO CONTROLS,CLEAR,DAYLIGHT,PARKED MOTOR VEHICLE,NOT DIVIDED,DRY,NO INJURY / DRIVE AWAY,,true,"OVER $1,500",UNABLE TO DETERMINE,3,NO INDICATION OF INJURY,0,0,41.9119015642,-87.6533228024,60614,"CHICAGO MIDWAY AIRPORT, IL US",82.0,55.0,40.0,0.0,10.0,16.0
crash_06797,2023-04-01 18:00:00,2023,4,Apr,Sat,18,Evening commute,45,TRAFFIC SIGNAL,UNKNOWN,DUSK,SIDESWIPE SAME DIRECTION,DIVIDED - W/MEDIAN BARRIER,UNKNOWN,NO INJURY / DRIVE AWAY,,true,"OVER $1,500",FAILING TO YIELD RIGHT-OF-WAY,2,NO INDICATION OF INJURY,0,0,41.896828045,-87.6172077033,60611,"CHICAGO MIDWAY AIRPORT, IL US",39.0,28.0,65.0,0.0,10.0,16.0
crash_06798,2022-05-27 11:06:00,2022,5,May,Fri,11,Daytime,40,NO CONTROLS,RAIN,DAYLIGHT,FIXED OBJECT,DIVIDED - W/MEDIAN BARRIER,WET,INJURY AND / OR TOW DUE TO CRASH,,,"OVER $1,500",FAILING TO REDUCE SPEED TO AVOID CRASH,2,NO INDICATION OF INJURY,0,0,41.8838664685,-87.6150688784,60602,"CHICAGO MIDWAY AIRPORT, IL US",56.0,51.0,84.0,0.03,10.0,17.0
crash_06799,2018-07-15 12:13:00,2018,7,Jul,Sun,12,Daytime,30,LANE USE MARKING,CLEAR,DAYLIGHT,SIDESWIPE SAME DIRECTION,DIVIDED - W/MEDIAN (NOT RAISED),DRY,NO INJURY / DRIVE AWAY,,,"OVER $1,500",IMPROPER OVERTAKING/PASSING,2,NO INDICATION OF INJURY,0,0,41.9102242986,-87.7070365056,60647,"CHICAGO MIDWAY AIRPORT, IL US",89.0,71.0,55.0,0.0,10.0,9.0
crash_06800,2023-01-26 18:29:00,2023,1,Jan,Thu,18,Evening commute,30,TRAFFIC SIGNAL,SNOW,"DARKNESS, LIGHTED ROAD",TURNING,DIVIDED - W/MEDIAN BARRIER,WET,NO INJURY / DRIVE AWAY,,true,"OVER $1,500",UNABLE TO DETERMINE,4,NO INDICATION OF INJURY,0,0,41.8734776445,-87.6174637707,60605,"CHICAGO MIDWAY AIRPORT, IL US",20.0,14.0,78.0,0.0,9.0,15.0
crash_06801,2023-10-13 23:30:00,2023,10,Oct,Fri,23,Night or early morning,30,TRAFFIC SIGNAL,RAIN,"DARKNESS, LIGHTED ROAD",PEDALCYCLIST,NOT DIVIDED,WET,NO INJURY / DRIVE AWAY,true,,$500 OR LESS,FAILING TO YIELD RIGHT-OF-WAY,2,NO INDICATION OF INJURY,0,0,41.9538492261,-87.6883148561,60618,"CHICAGO MIDWAY AIRPORT, IL US",56.0,53.0,90.0,,10.0,9.0
crash_06802,2024-02-15 12:50:00,2024,2,Feb,Thu,12,Daytime,30,TRAFFIC SIGNAL,CLEAR,DAYLIGHT,SIDESWIPE OPPOSITE DIRECTION,NOT DIVIDED,DRY,NO INJURY / DRIVE AWAY,true,,"OVER $1,500",UNABLE TO DETERMINE,2,NO INDICATION OF INJURY,0,0,41.997730287,-87.806645117,60631,"CHICAGO OHARE INTERNATIONAL AIRPORT, IL US",42.0,24.0,49.0,0.0,10.0,21.0
crash_06803,2022-06-30 15:05:00,2022,6,Jun,Thu,15,Evening commute,30,NO CONTROLS,UNKNOWN,DAYLIGHT,REAR END,DIVIDED - W/MEDIAN BARRIER,UNKNOWN,NO INJURY / DRIVE AWAY,,,"$501 - $1,500",UNABLE TO DETERMINE,2,NO INDICATION OF INJURY,0,0,41.8673307157,-87.6186546377,60605,"CHICAGO MIDWAY AIRPORT, IL US",93.0,58.0,31.0,0.0,10.0,17.0
crash_06804,2020-12-10 08:00:00,2020,12,Dec,Thu,8,Morning commute,30,TRAFFIC SIGNAL,CLEAR,DAYLIGHT,TURNING,T-INTERSECTION,DRY,INJURY AND / OR TOW DUE TO CRASH,true,,"OVER $1,500",FAILING TO YIELD RIGHT-OF-WAY,2,"REPORTED, NOT EVIDENT",1,0,41.8794893287,-87.6244981249,60604,"CHICAGO MIDWAY AIRPORT, IL US",32.0,28.0,85.0,0.0,10.0,3.0
crash_06805,2024-07-17 19:37:00,2024,7,Jul,Wed,19,Night or early morning,30,TRAFFIC SIGNAL,CLEAR,DAYLIGHT,TURNING,NOT DIVIDED,DRY,NO INJURY / DRIVE AWAY,,true,"$501 - $1,500",IMPROPER TURNING/NO SIGNAL,2,NO INDICATION OF INJURY,0,0,41.8711963272,-87.7450724656,60644,"CHICAGO MIDWAY AIRPORT, IL US",73.0,58.0,59.0,0.0,10.0,15.0
crash_06806,2018-09-09 21:30:00,2018,9,Sep,Sun,21,Night or early morning,45,NO CONTROLS,CLEAR,"DARKNESS, LIGHTED ROAD",SIDESWIPE SAME DIRECTION,DIVIDED - W/MEDIAN BARRIER,DRY,NO INJURY / DRIVE AWAY,,true,"OVER $1,500",UNABLE TO DETERMINE,2,NO INDICATION OF INJURY,0,0,41.9260875299,-87.630992552,60614,"CHICAGO MIDWAY AIRPORT, IL US",65.0,52.0,63.0,0.0,10.0,20.0