crash_id,crash_datetime,crash_year,crash_month,crash_month_name,crash_weekday_name,crash_hour,time_period,posted_speed_limit_mph,traffic_control_device,reported_weather_condition,reported_lighting_condition,first_crash_type,trafficway_type,reported_road_surface_condition,crash_type,intersection_related,hit_and_run,estimated_damage,primary_contributory_cause,unit_count,most_severe_injury,injuries_total,injuries_fatal,latitude,longitude,zip5,weather_station_name,temperature_f,dew_point_f,relative_humidity_percent,precipitation_inches,visibility_miles,wind_speed_mph
crash_06807,2025-02-26 19:33:00,2025,2,Feb,Wed,19,Night or early morning,30,STOP SIGN/FLASHER,CLEAR,"DARKNESS, LIGHTED ROAD",ANGLE,FOUR WAY,DRY,INJURY AND / OR TOW DUE TO CRASH,true,,"OVER $1,500",DISREGARDING STOP SIGN,2,NONINCAPACITATING INJURY,2,0,41.6798993875,-87.6275812719,60628,"CHICAGO MIDWAY AIRPORT, IL US",45.0,35.0,68.0,0.0,10.0,9.0
crash_06808,2018-12-15 16:00:00,2018,12,Dec,Sat,16,Evening commute,10,NO CONTROLS,CLEAR,DAYLIGHT,PARKED MOTOR VEHICLE,PARKING LOT,DRY,NO INJURY / DRIVE AWAY,,true,"$501 - $1,500",UNABLE TO DETERMINE,2,NO INDICATION OF INJURY,0,0,41.9386693214,-87.7677755434,60634,"CHICAGO OHARE INTERNATIONAL AIRPORT, IL US",40.0,32.0,73.0,0.0,10.0,13.0
crash_06809,2025-12-19 19:24:00,2025,12,Dec,Fri,19,Night or early morning,30,STOP SIGN/FLASHER,CLEAR,"DARKNESS, LIGHTED ROAD",ANGLE,FOUR WAY,DRY,INJURY AND / OR TOW DUE TO CRASH,true,,"OVER $1,500",DISREGARDING STOP SIGN,2,NO INDICATION OF INJURY,0,0,41.8804145476,-87.742950126,60644,,,,,,,
crash_06810,2020-02-01 19:39:00,2020,2,Feb,Sat,19,Night or early morning,30,TRAFFIC SIGNAL,CLEAR,"DARKNESS, LIGHTED ROAD",SIDESWIPE SAME DIRECTION,DIVIDED - W/MEDIAN (NOT RAISED),DRY,NO INJURY / DRIVE AWAY,true,,"OVER $1,500",FAILING TO YIELD RIGHT-OF-WAY,2,NO INDICATION OF INJURY,0,0,41.9324841851,-87.6661332851,60657,"CHICAGO MIDWAY AIRPORT, IL US",34.0,29.0,82.0,0.0,10.0,15.0
crash_06811,2018-12-07 10:05:00,2018,12,Dec,Fri,10,Daytime,45,NO CONTROLS,CLEAR,DAYLIGHT,SIDESWIPE SAME DIRECTION,DIVIDED - W/MEDIAN BARRIER,DRY,INJURY AND / OR TOW DUE TO CRASH,,true,"OVER $1,500",IMPROPER OVERTAKING/PASSING,3,"REPORTED, NOT EVIDENT",1,0,41.835730112,-87.6082952288,60616,"CHICAGO MIDWAY AIRPORT, IL US",22.0,11.0,63.0,0.0,10.0,8.0
crash_06812,2024-01-26 03:10:00,2024,1,Jan,Fri,3,Night or early morning,30,STOP SIGN/FLASHER,RAIN,"DARKNESS, LIGHTED ROAD",TURNING,NOT DIVIDED,WET,NO INJURY / DRIVE AWAY,true,,"OVER $1,500",DISREGARDING STOP SIGN,2,NO INDICATION OF INJURY,0,0,41.7080328363,-87.5634483632,60617,"CHICAGO MIDWAY AIRPORT, IL US",39.0,39.0,100.0,0.03,4.0,10.0
crash_06813,2023-06-03 13:00:00,2023,6,Jun,Sat,13,Daytime,10,NO CONTROLS,CLEAR,DAYLIGHT,PARKED MOTOR VEHICLE,PARKING LOT,DRY,NO INJURY / DRIVE AWAY,,,"OVER $1,500",UNABLE TO DETERMINE,2,NO INDICATION OF INJURY,0,0,41.9312664548,-87.6862720477,60647,"CHICAGO MIDWAY AIRPORT, IL US",88.0,49.0,26.0,0.0,10.0,13.0
crash_06814,2021-07-12 08:00:00,2021,7,Jul,Mon,8,Morning commute,10,NO CONTROLS,CLEAR,DAYLIGHT,FIXED OBJECT,PARKING LOT,DRY,NO INJURY / DRIVE AWAY,,,"OVER $1,500",NOT APPLICABLE,2,NO INDICATION OF INJURY,0,0,41.7765106171,-87.6156798597,60637,"CHICAGO MIDWAY AIRPORT, IL US",69.0,63.0,81.0,0.0,10.0,8.0
crash_06815,2023-06-17 10:00:00,2023,6,Jun,Sat,10,Daytime,30,NO CONTROLS,CLEAR,DAYLIGHT,SIDESWIPE SAME DIRECTION,DIVIDED - W/MEDIAN (NOT RAISED),DRY,NO INJURY / DRIVE AWAY,,,"$501 - $1,500",UNABLE TO DETERMINE,2,NO INDICATION OF INJURY,0,0,41.990373699,-87.6921585543,60659,"CHICAGO OHARE INTERNATIONAL AIRPORT, IL US",70.0,53.0,55.0,0.0,7.0,5.0
crash_06816,2019-06-30 03:23:00,2019,6,Jun,Sun,3,Night or early morning,25,TRAFFIC SIGNAL,CLEAR,DARKNESS,REAR TO FRONT,DIVIDED - W/MEDIAN (NOT RAISED),DRY,NO INJURY / DRIVE AWAY,,,"OVER $1,500",IMPROPER BACKING,2,NO INDICATION OF INJURY,0,0,41.7215745959,-87.6235803661,60628,"CHICAGO MIDWAY AIRPORT, IL US",74.0,64.0,71.0,0.0,10.0,0.0
crash_06817,2022-09-14 15:38:00,2022,9,Sep,Wed,15,Evening commute,30,TRAFFIC SIGNAL,CLEAR,DAYLIGHT,TURNING,NOT DIVIDED,DRY,NO INJURY / DRIVE AWAY,,,"OVER $1,500",DRIVING ON WRONG SIDE/WRONG WAY,2,NO INDICATION OF INJURY,0,0,41.906776733,-87.6870641706,60622,"CHICAGO MIDWAY AIRPORT, IL US",76.0,62.0,62.0,0.0,10.0,11.0
crash_06818,2021-10-22 12:42:00,2021,10,Oct,Fri,12,Daytime,35,NO CONTROLS,CLEAR,DAYLIGHT,SIDESWIPE SAME DIRECTION,DIVIDED - W/MEDIAN (NOT RAISED),DRY,NO INJURY / DRIVE AWAY,,,"$501 - $1,500",DISTRACTION - FROM INSIDE VEHICLE,2,NO INDICATION OF INJURY,0,0,41.7827353214,-87.6644466318,60636,"CHICAGO MIDWAY AIRPORT, IL US",55.0,33.0,44.0,0.0,10.0,10.0
crash_06819,2025-01-24 07:05:00,2025,1,Jan,Fri,7,Morning commute,30,NO CONTROLS,CLEAR,DAYLIGHT,TURNING,NOT DIVIDED,DRY,INJURY AND / OR TOW DUE TO CRASH,,,"OVER $1,500",IMPROPER LANE USAGE,2,NONINCAPACITATING INJURY,1,0,41.8125870183,-87.7040040294,60632,"CHICAGO MIDWAY AIRPORT, IL US",4.0,-2.0,76.0,,10.0,6.0
crash_06820,2020-09-09 15:00:00,2020,9,Sep,Wed,15,Evening commute,30,TRAFFIC SIGNAL,CLEAR,DAYLIGHT,REAR END,DIVIDED - W/MEDIAN BARRIER,DRY,NO INJURY / DRIVE AWAY,true,,"$501 - $1,500",FOLLOWING TOO CLOSELY,2,NO INDICATION OF INJURY,0,0,41.8970982809,-87.6173958894,60611,"CHICAGO MIDWAY AIRPORT, IL US",66.0,59.0,78.0,0.0,10.0,10.0
crash_06821,2023-09-18 20:45:00,2023,9,Sep,Mon,20,Night or early morning,10,NO CONTROLS,CLEAR,"DARKNESS, LIGHTED ROAD",PARKED MOTOR VEHICLE,PARKING LOT,DRY,NO INJURY / DRIVE AWAY,,,"OVER $1,500",FAILING TO YIELD RIGHT-OF-WAY,2,NO INDICATION OF INJURY,0,0,41.9784106244,-87.8145564726,60656,"CHICAGO OHARE INTERNATIONAL AIRPORT, IL US",61.0,53.0,75.0,0.0,10.0,5.0
crash_06822,2022-08-31 17:15:00,2022,8,Aug,Wed,17,Evening commute,30,TRAFFIC SIGNAL,CLEAR,DAYLIGHT,REAR END,NOT DIVIDED,DRY,NO INJURY / DRIVE AWAY,,,"$501 - $1,500",FOLLOWING TOO CLOSELY,2,NO INDICATION OF INJURY,0,0,41.9468427414,-87.6880305725,60618,"CHICAGO MIDWAY AIRPORT, IL US",86.0,58.0,39.0,,10.0,15.0
crash_06823,2019-08-30 16:28:00,2019,8,Aug,Fri,16,Evening commute,25,NO CONTROLS,CLEAR,DAYLIGHT,PARKED MOTOR VEHICLE,NOT DIVIDED,DRY,NO INJURY / DRIVE AWAY,,,"OVER $1,500",IMPROPER OVERTAKING/PASSING,2,NO INDICATION OF INJURY,0,0,41.9380320176,-87.6509900653,60657,"CHICAGO MIDWAY AIRPORT, IL US",73.0,49.0,43.0,0.0,10.0,10.0
crash_06824,2018-06-13 11:25:00,2018,6,Jun,Wed,11,Daytime,25,NO CONTROLS,CLEAR,DAYLIGHT,PEDESTRIAN,OTHER,DRY,INJURY AND / OR TOW DUE TO CRASH,,,"OVER $1,500",UNABLE TO DETERMINE,2,FATAL,2,2,41.7864852357,-87.676665443,60636,"CHICAGO MIDWAY AIRPORT, IL US",79.0,53.0,41.0,0.0,10.0,15.0
crash_06825,2022-01-01 02:18:00,2022,1,Jan,Sat,2,Night or early morning,30,TRAFFIC SIGNAL,FOG/SMOKE/HAZE,"DARKNESS, LIGHTED ROAD",ANGLE,DIVIDED - W/MEDIAN (NOT RAISED),WET,INJURY AND / OR TOW DUE TO CRASH,true,,"OVER $1,500",FAILING TO REDUCE SPEED TO AVOID CRASH,2,NONINCAPACITATING INJURY,1,0,41.7944101144,-87.6452846747,60609,"CHICAGO MIDWAY AIRPORT, IL US",40.0,36.0,86.0,0.0,4.0,9.0
crash_06826,2019-03-03 12:16:00,2019,3,Mar,Sun,12,Daytime,30,STOP SIGN/FLASHER,CLEAR,DAYLIGHT,REAR END,NOT DIVIDED,DRY,NO INJURY / DRIVE AWAY,,,"OVER $1,500",UNABLE TO DETERMINE,2,NO INDICATION OF INJURY,0,0,41.8309734694,-87.6206957476,60653,"CHICAGO MIDWAY AIRPORT, IL US",22.0,8.0,55.0,0.0,10.0,11.0
crash_06827,2022-08-07 23:30:00,2022,8,Aug,Sun,23,Night or early morning,30,NO CONTROLS,RAIN,"DARKNESS, LIGHTED ROAD",REAR END,DIVIDED - W/MEDIAN (NOT RAISED),WET,NO INJURY / DRIVE AWAY,,true,"$501 - $1,500",FAILING TO REDUCE SPEED TO AVOID CRASH,2,NO INDICATION OF INJURY,0,0,41.9978637268,-87.6884366732,60645,"CHICAGO OHARE INTERNATIONAL AIRPORT, IL US",77.0,74.0,90.0,0.0,10.0,5.0
crash_06828,2018-07-21 13:15:00,2018,7,Jul,Sat,13,Daytime,30,UNKNOWN,UNKNOWN,DAYLIGHT,SIDESWIPE SAME DIRECTION,NOT DIVIDED,DRY,NO INJURY / DRIVE AWAY,,,$500 OR LESS,UNABLE TO DETERMINE,2,NO INDICATION OF INJURY,0,0,41.9537370514,-87.7277666118,60641,"CHICAGO OHARE INTERNATIONAL AIRPORT, IL US",75.0,64.0,69.0,0.0,10.0,16.0
crash_06829,2025-12-18 18:25:00,2025,12,Dec,Thu,18,Evening commute,30,TRAFFIC SIGNAL,CLEAR,"DARKNESS, LIGHTED ROAD",PEDESTRIAN,FOUR WAY,DRY,INJURY AND / OR TOW DUE TO CRASH,true,true,$500 OR LESS,FAILING TO YIELD RIGHT-OF-WAY,2,NONINCAPACITATING INJURY,1,0,41.9612396706,-87.713076618,60625,,,,,,,
crash_06830,2019-04-14 13:10:00,2019,4,Apr,Sun,13,Daytime,30,NO CONTROLS,OTHER,DAYLIGHT,ANGLE,PARKING LOT,SNOW OR SLUSH,NO INJURY / DRIVE AWAY,,,"$501 - $1,500",NOT APPLICABLE,2,NO INDICATION OF INJURY,0,0,41.7943548532,-87.7705271521,60638,"CHICAGO MIDWAY AIRPORT, IL US",33.0,32.0,96.0,0.02,0.5,23.0
crash_06831,2020-08-06 16:40:00,2020,8,Aug,Thu,16,Evening commute,30,STOP SIGN/FLASHER,CLEAR,DAYLIGHT,TURNING,ONE-WAY,DRY,NO INJURY / DRIVE AWAY,,true,"$501 - $1,500",UNABLE TO DETERMINE,2,NO INDICATION OF INJURY,0,0,41.89204086,-87.7701474475,60644,"CHICAGO MIDWAY AIRPORT, IL US",78.0,53.0,42.0,0.0,10.0,8.0
crash_06832,2023-12-23 16:30:00,2023,12,Dec,Sat,16,Evening commute,30,TRAFFIC SIGNAL,UNKNOWN,UNKNOWN,REAR END,NOT DIVIDED,UNKNOWN,NO INJURY / DRIVE AWAY,true,,"OVER $1,500",FOLLOWING TOO CLOSELY,2,NO INDICATION OF INJURY,0,0,41.9982717615,-87.6607027833,60626,"CHICAGO OHARE INTERNATIONAL AIRPORT, IL US",47.0,46.0,97.0,0.0,3.0,5.0
crash_06833,2021-06-15 21:30:00,2021,6,Jun,Tue,21,Night or early morning,30,TRAFFIC SIGNAL,CLEAR,DAYLIGHT,TURNING,"FIVE POINT, OR MORE",DRY,NO INJURY / DRIVE AWAY,true,,"$501 - $1,500",FAILING TO YIELD RIGHT-OF-WAY,2,NO INDICATION OF INJURY,0,0,41.932287183,-87.6879500934,60618,"CHICAGO MIDWAY AIRPORT, IL US",67.0,40.0,37.0,0.0,10.0,8.0
crash_06834,2022-08-23 17:48:00,2022,8,Aug,Tue,17,Evening commute,30,NO CONTROLS,CLEAR,DAYLIGHT,TURNING,NOT DIVIDED,DRY,NO INJURY / DRIVE AWAY,,,"OVER $1,500",UNABLE TO DETERMINE,2,NO INDICATION OF INJURY,0,0,41.7938248782,-87.692524311,60632,"CHICAGO MIDWAY AIRPORT, IL US",82.0,56.0,41.0,,10.0,9.0
crash_06835,2024-08-07 18:00:00,2024,8,Aug,Wed,18,Evening commute,30,TRAFFIC SIGNAL,CLEAR,DAYLIGHT,REAR END,NOT DIVIDED,DRY,NO INJURY / DRIVE AWAY,,true,"OVER $1,500",FOLLOWING TOO CLOSELY,2,NO INDICATION OF INJURY,0,0,41.9447191644,-87.8071314097,60634,"CHICAGO OHARE INTERNATIONAL AIRPORT, IL US",75.0,56.0,52.0,0.0,10.0,9.0
crash_06836,2020-06-15 00:18:00,2020,6,Jun,Mon,0,Night or early morning,35,TRAFFIC SIGNAL,CLEAR,"DARKNESS, LIGHTED ROAD",SIDESWIPE SAME DIRECTION,FOUR WAY,DRY,INJURY AND / OR TOW DUE TO CRASH,,,"OVER $1,500",UNABLE TO DETERMINE,2,NO INDICATION OF INJURY,0,0,41.7949100567,-87.6159156878,60615,"CHICAGO MIDWAY AIRPORT, IL US",57.0,45.0,64.0,0.0,10.0,7.0
crash_06837,2021-12-29 05:00:00,2021,12,Dec,Wed,5,Night or early morning,30,OTHER,SNOW,DARKNESS,PARKED MOTOR VEHICLE,ONE-WAY,WET,NO INJURY / DRIVE AWAY,,true,"$501 - $1,500",WEATHER,2,NO INDICATION OF INJURY,0,0,41.8781831387,-87.7137081822,60624,"CHICAGO MIDWAY AIRPORT, IL US",38.0,33.0,83.0,0.0,10.0,7.0
crash_06838,2021-05-19 19:19:00,2021,5,May,Wed,19,Night or early morning,40,TRAFFIC SIGNAL,CLEAR,DAYLIGHT,REAR END,T-INTERSECTION,DRY,INJURY AND / OR TOW DUE TO CRASH,true,,"OVER $1,500",UNABLE TO DETERMINE,2,INCAPACITATING INJURY,1,0,41.8784445153,-87.6170550926,60603,"CHICAGO MIDWAY AIRPORT, IL US",71.0,60.0,68.0,0.0,10.0,14.0
crash_06839,2019-09-30 16:00:00,2019,9,Sep,Mon,16,Evening commute,20,TRAFFIC SIGNAL,CLEAR,DAYLIGHT,REAR END,NOT DIVIDED,DRY,NO INJURY / DRIVE AWAY,,true,"$501 - $1,500",UNABLE TO DETERMINE,2,NO INDICATION OF INJURY,0,0,41.9542582535,-87.6632160411,60613,"CHICAGO MIDWAY AIRPORT, IL US",86.0,69.0,57.0,0.0,10.0,14.0
crash_06840,2025-10-11 16:05:00,2025,10,Oct,Sat,16,Evening commute,30,TRAFFIC SIGNAL,CLEAR,DAYLIGHT,REAR END,NOT DIVIDED,DRY,NO INJURY / DRIVE AWAY,,,"OVER $1,500",FOLLOWING TOO CLOSELY,2,NO INDICATION OF INJURY,0,0,41.8523754932,-87.6661713958,60608,,,,,,,
crash_06841,2019-01-29 19:00:00,2019,1,Jan,Tue,19,Night or early morning,30,TRAFFIC SIGNAL,CLEAR,"DARKNESS, LIGHTED ROAD",FIXED OBJECT,NOT DIVIDED,DRY,NO INJURY / DRIVE AWAY,true,,"$501 - $1,500",DRIVING SKILLS/KNOWLEDGE/EXPERIENCE,1,NO INDICATION OF INJURY,0,0,41.8408096454,-87.7050749478,60623,"CHICAGO MIDWAY AIRPORT, IL US",-1.0,-12.0,59.0,0.0,10.0,21.0
crash_06842,2020-04-02 17:00:00,2020,4,Apr,Thu,17,Evening commute,30,TRAFFIC SIGNAL,CLEAR,DAYLIGHT,TURNING,T-INTERSECTION,DRY,NO INJURY / DRIVE AWAY,,,$500 OR LESS,FOLLOWING TOO CLOSELY,2,NO INDICATION OF INJURY,0,0,41.9617024521,-87.6691844745,60640,"CHICAGO MIDWAY AIRPORT, IL US",56.0,31.0,39.0,0.0,10.0,13.0
crash_06843,2024-03-15 18:45:00,2024,3,Mar,Fri,18,Evening commute,30,NO CONTROLS,CLEAR,DAYLIGHT,PARKED MOTOR VEHICLE,ONE-WAY,DRY,NO INJURY / DRIVE AWAY,,true,"OVER $1,500",UNABLE TO DETERMINE,2,NO INDICATION OF INJURY,0,0,41.9251073334,-87.7489564531,60639,"CHICAGO OHARE INTERNATIONAL AIRPORT, IL US",45.0,36.0,71.0,0.0,10.0,7.0
crash_06844,2024-06-01 16:27:00,2024,6,Jun,Sat,16,Evening commute,30,TRAFFIC SIGNAL,RAIN,DAYLIGHT,REAR END,NOT DIVIDED,WET,INJURY AND / OR TOW DUE TO CRASH,,,"OVER $1,500",FOLLOWING TOO CLOSELY,2,NO INDICATION OF INJURY,0,0,41.899277999,-87.7087697912,60651,"CHICAGO MIDWAY AIRPORT, IL US",68.0,65.0,90.0,0.03,4.0,10.0
crash_06845,2020-06-04 19:30:00,2020,6,Jun,Thu,19,Night or early morning,30,NO CONTROLS,CLEAR,DAWN,PARKED MOTOR VEHICLE,PARKING LOT,DRY,NO INJURY / DRIVE AWAY,,true,"OVER $1,500",UNABLE TO DETERMINE,2,NO INDICATION OF INJURY,0,0,41.7995778336,-87.5954321093,60615,"CHICAGO MIDWAY AIRPORT, IL US",82.0,62.0,51.0,0.0,10.0,9.0
crash_06846,2019-09-24 14:40:00,2019,9,Sep,Tue,14,Daytime,30,NO CONTROLS,CLEAR,DAYLIGHT,FIXED OBJECT,DIVIDED - W/MEDIAN (NOT RAISED),DRY,NO INJURY / DRIVE AWAY,,,"OVER $1,500",DRIVING SKILLS/KNOWLEDGE/EXPERIENCE,1,NO INDICATION OF INJURY,0,0,41.8076042228,-87.7528757697,60638,"CHICAGO MIDWAY AIRPORT, IL US",79.0,58.0,49.0,0.0,10.0,15.0
crash_06847,2021-07-09 10:20:00,2021,7,Jul,Fri,10,Daytime,30,NO CONTROLS,CLEAR,DAYLIGHT,REAR END,NOT DIVIDED,DRY,NO INJURY / DRIVE AWAY,,,"$501 - $1,500",NOT APPLICABLE,2,NO INDICATION OF INJURY,0,0,41.7648751427,-87.6587488906,60636,"CHICAGO MIDWAY AIRPORT, IL US",71.0,49.0,46.0,0.0,10.0,8.0
crash_06848,2023-08-25 11:17:00,2023,8,Aug,Fri,11,Daytime,30,TRAFFIC SIGNAL,CLEAR,DAYLIGHT,TURNING,FOUR WAY,DRY,NO INJURY / DRIVE AWAY,true,true,"OVER $1,500",DRIVING SKILLS/KNOWLEDGE/EXPERIENCE,2,NO INDICATION OF INJURY,0,0,41.7622649383,-87.7401946691,60629,"CHICAGO MIDWAY AIRPORT, IL US",76.0,67.0,74.0,,10.0,8.0
crash_06849,2019-03-05 17:45:00,2019,3,Mar,Tue,17,Evening commute,35,TRAFFIC SIGNAL,CLEAR,DAYLIGHT,SIDESWIPE SAME DIRECTION,DIVIDED - W/MEDIAN BARRIER,DRY,NO INJURY / DRIVE AWAY,,true,"OVER $1,500",IMPROPER LANE USAGE,2,NO INDICATION OF INJURY,0,0,41.7368226302,-87.5857834203,60619,"CHICAGO MIDWAY AIRPORT, IL US",18.0,0.0,45.0,0.0,10.0,18.0
crash_06850,2021-07-25 12:10:00,2021,7,Jul,Sun,12,Daytime,30,STOP SIGN/FLASHER,CLEAR,"DARKNESS, LIGHTED ROAD",PEDESTRIAN,DIVIDED - W/MEDIAN (NOT RAISED),DRY,INJURY AND / OR TOW DUE TO CRASH,true,,$500 OR LESS,UNABLE TO DETERMINE,2,NONINCAPACITATING INJURY,1,0,41.8941092963,-87.6282831607,60654,"CHICAGO MIDWAY AIRPORT, IL US",88.0,49.0,26.0,0.0,10.0,3.0
crash_06851,2019-11-15 23:30:00,2019,11,Nov,Fri,23,Night or early morning,40,TRAFFIC SIGNAL,CLEAR,"DARKNESS, LIGHTED ROAD",OTHER OBJECT,DIVIDED - W/MEDIAN BARRIER,DRY,INJURY AND / OR TOW DUE TO CRASH,,true,"OVER $1,500",UNABLE TO DETERMINE,1,NO INDICATION OF INJURY,0,0,41.7824286294,-87.5758922137,60637,"CHICAGO MIDWAY AIRPORT, IL US",30.0,26.0,85.0,0.0,10.0,0.0
crash_06852,2018-05-18 17:30:00,2018,5,May,Fri,17,Evening commute,30,UNKNOWN,CLEAR,DAYLIGHT,ANGLE,ALLEY,DRY,NO INJURY / DRIVE AWAY,,,"$501 - $1,500",UNABLE TO DETERMINE,2,NO INDICATION OF INJURY,0,0,41.9460170195,-87.7643622945,60641,"CHICAGO OHARE INTERNATIONAL AIRPORT, IL US",59.0,45.0,60.0,0.0,10.0,11.0
crash_06853,2022-01-26 10:50:00,2022,1,Jan,Wed,10,Daytime,30,TRAFFIC SIGNAL,UNKNOWN,UNKNOWN,REAR TO FRONT,DIVIDED - W/MEDIAN (NOT RAISED),UNKNOWN,NO INJURY / DRIVE AWAY,true,,"$501 - $1,500",IMPROPER BACKING,2,NO INDICATION OF INJURY,0,0,41.7494732554,-87.7171730622,60652,"CHICAGO MIDWAY AIRPORT, IL US",5.0,-9.0,52.0,0.0,10.0,9.0
crash_06854,2020-01-30 08:04:00,2020,1,Jan,Thu,8,Morning commute,30,TRAFFIC SIGNAL,CLEAR,DAYLIGHT,SIDESWIPE SAME DIRECTION,NOT DIVIDED,DRY,NO INJURY / DRIVE AWAY,,,"OVER $1,500",IMPROPER LANE USAGE,2,NO INDICATION OF INJURY,0,0,41.7650192584,-87.6637378667,60636,"CHICAGO MIDWAY AIRPORT, IL US",32.0,25.0,75.0,0.0,8.0,5.0
crash_06855,2021-12-01 09:20:00,2021,12,Dec,Wed,9,Morning commute,30,TRAFFIC SIGNAL,CLEAR,DAYLIGHT,REAR END,FOUR WAY,DRY,INJURY AND / OR TOW DUE TO CRASH,true,,"OVER $1,500",DRIVING SKILLS/KNOWLEDGE/EXPERIENCE,2,NO INDICATION OF INJURY,0,0,41.9946628693,-87.6603452036,60660,"CHICAGO OHARE INTERNATIONAL AIRPORT, IL US",42.0,33.0,71.0,0.0,9.0,7.0
crash_06856,2021-05-12 15:30:00,2021,5,May,Wed,15,Evening commute,30,TRAFFIC SIGNAL,CLEAR,DAYLIGHT,REAR TO FRONT,NOT DIVIDED,DRY,NO INJURY / DRIVE AWAY,,true,$500 OR LESS,UNABLE TO DETERMINE,2,NO INDICATION OF INJURY,0,0,41.8772598918,-87.711032087,60624,"CHICAGO MIDWAY AIRPORT, IL US",58.0,23.0,26.0,0.0,10.0,9.0
crash_06857,2019-03-15 20:23:00,2019,3,Mar,Fri,20,Night or early morning,30,NO CONTROLS,CLEAR,DARKNESS,REAR END,NOT DIVIDED,DRY,INJURY AND / OR TOW DUE TO CRASH,true,,"OVER $1,500",FAILING TO REDUCE SPEED TO AVOID CRASH,2,NONINCAPACITATING INJURY,1,0,41.6926500979,-87.6112484794,60628,"CHICAGO MIDWAY AIRPORT, IL US",39.0,22.0,50.0,0.0,10.0,14.0
crash_06858,2023-12-15 10:50:00,2023,12,Dec,Fri,10,Daytime,20,TRAFFIC SIGNAL,CLEAR,DAYLIGHT,SIDESWIPE SAME DIRECTION,NOT DIVIDED,DRY,NO INJURY / DRIVE AWAY,,,"OVER $1,500",FAILING TO YIELD RIGHT-OF-WAY,2,NO INDICATION OF INJURY,0,0,41.9637889643,-87.6566064924,60640,"CHICAGO MIDWAY AIRPORT, IL US",50.0,24.0,36.0,0.0,10.0,10.0
crash_06859,2020-12-15 13:05:00,2020,12,Dec,Tue,13,Daytime,30,TRAFFIC SIGNAL,CLEAR,DAYLIGHT,SIDESWIPE SAME DIRECTION,NOT DIVIDED,DRY,NO INJURY / DRIVE AWAY,,,"$501 - $1,500",IMPROPER LANE USAGE,2,NO INDICATION OF INJURY,0,0,41.8793534777,-87.6412580732,60661,"CHICAGO MIDWAY AIRPORT, IL US",33.0,18.0,54.0,0.0,10.0,10.0
crash_06860,2022-05-30 00:00:00,2022,5,May,Mon,0,Night or early morning,30,NO CONTROLS,UNKNOWN,UNKNOWN,PARKED MOTOR VEHICLE,ONE-WAY,UNKNOWN,INJURY AND / OR TOW DUE TO CRASH,true,true,"OVER $1,500",UNABLE TO DETERMINE,2,NO INDICATION OF INJURY,0,0,41.750126209,-87.5615029721,60617,"CHICAGO MIDWAY AIRPORT, IL US",76.0,60.0,58.0,0.0,10.0,13.0
crash_06861,2023-03-14 16:04:00,2023,3,Mar,Tue,16,Evening commute,30,NO CONTROLS,UNKNOWN,UNKNOWN,PARKED MOTOR VEHICLE,PARKING LOT,UNKNOWN,NO INJURY / DRIVE AWAY,,true,"OVER $1,500",UNABLE TO DETERMINE,2,NO INDICATION OF INJURY,0,0,41.7254874292,-87.6431735913,60620,"CHICAGO MIDWAY AIRPORT, IL US",36.0,17.0,46.0,0.0,10.0,10.0
crash_06862,2025-11-01 02:00:00,2025,11,Nov,Sat,2,Night or early morning,30,NO CONTROLS,CLEAR,"DARKNESS, LIGHTED ROAD",PARKED MOTOR VEHICLE,ONE-WAY,WET,INJURY AND / OR TOW DUE TO CRASH,,,"OVER $1,500",WEATHER,4,NO INDICATION OF INJURY,0,0,41.9590170997,-87.720274504,60618,,,,,,,
crash_06863,2025-09-16 20:52:00,2025,9,Sep,Tue,20,Night or early morning,30,TRAFFIC SIGNAL,CLEAR,"DARKNESS, LIGHTED ROAD",REAR END,NOT DIVIDED,DRY,NO INJURY / DRIVE AWAY,,,"$501 - $1,500",DISTRACTION - FROM INSIDE VEHICLE,2,NO INDICATION OF INJURY,0,0,41.7649516715,-87.6537994484,60621,,,,,,,
crash_06864,2022-09-06 14:19:00,2022,9,Sep,Tue,14,Daytime,15,TRAFFIC SIGNAL,CLEAR,DAYLIGHT,TURNING,FOUR WAY,DRY,INJURY AND / OR TOW DUE TO CRASH,,true,"OVER $1,500",FAILING TO YIELD RIGHT-OF-WAY,2,NONINCAPACITATING INJURY,1,0,41.6852606299,-87.6230344828,60628,"CHICAGO MIDWAY AIRPORT, IL US",80.0,63.0,56.0,0.0,10.0,8.0
crash_06865,2020-03-20 17:55:00,2020,3,Mar,Fri,17,Evening commute,30,TRAFFIC SIGNAL,CLOUDY/OVERCAST,DAYLIGHT,TURNING,NOT DIVIDED,WET,INJURY AND / OR TOW DUE TO CRASH,true,,"OVER $1,500",FAILING TO YIELD RIGHT-OF-WAY,2,"REPORTED, NOT EVIDENT",1,0,41.7432644906,-87.6439749802,60620,"CHICAGO MIDWAY AIRPORT, IL US",35.0,25.0,67.0,0.0,10.0,13.0
crash_06866,2021-12-13 12:05:00,2021,12,Dec,Mon,12,Daytime,30,OTHER,CLEAR,DAYLIGHT,REAR END,NOT DIVIDED,DRY,NO INJURY / DRIVE AWAY,,,"OVER $1,500",NOT APPLICABLE,2,NO INDICATION OF INJURY,0,0,41.8770084541,-87.7354975172,60624,"CHICAGO MIDWAY AIRPORT, IL US",47.0,27.0,46.0,0.0,10.0,14.0
crash_06867,2019-09-01 02:19:00,2019,9,Sep,Sun,2,Night or early morning,30,NO CONTROLS,RAIN,"DARKNESS, LIGHTED ROAD",PARKED MOTOR VEHICLE,DIVIDED - W/MEDIAN (NOT RAISED),WET,INJURY AND / OR TOW DUE TO CRASH,,true,"OVER $1,500",UNABLE TO DETERMINE,2,NO INDICATION OF INJURY,0,0,41.7362816314,-87.6219748585,60619,"CHICAGO MIDWAY AIRPORT, IL US",65.0,62.0,90.0,0.13,4.0,11.0