crash_id,crash_datetime,crash_year,crash_month,crash_month_name,crash_weekday_name,crash_hour,time_period,posted_speed_limit_mph,traffic_control_device,reported_weather_condition,reported_lighting_condition,first_crash_type,trafficway_type,reported_road_surface_condition,crash_type,intersection_related,hit_and_run,estimated_damage,primary_contributory_cause,unit_count,most_severe_injury,injuries_total,injuries_fatal,latitude,longitude,zip5,weather_station_name,temperature_f,dew_point_f,relative_humidity_percent,precipitation_inches,visibility_miles,wind_speed_mph
crash_06868,2023-11-04 12:09:00,2023,11,Nov,Sat,12,Daytime,30,TRAFFIC SIGNAL,CLEAR,DAYLIGHT,ANGLE,NOT DIVIDED,DRY,INJURY AND / OR TOW DUE TO CRASH,true,,"OVER $1,500",DISREGARDING STOP SIGN,2,NONINCAPACITATING INJURY,2,0,41.8235685921,-87.7069996287,60632,"CHICAGO MIDWAY AIRPORT, IL US",57.0,44.0,62.0,0.0,10.0,7.0
crash_06869,2019-04-29 22:00:00,2019,4,Apr,Mon,22,Night or early morning,30,TRAFFIC SIGNAL,CLEAR,"DARKNESS, LIGHTED ROAD",ANGLE,NOT DIVIDED,DRY,INJURY AND / OR TOW DUE TO CRASH,true,,"OVER $1,500",UNABLE TO DETERMINE,2,NO INDICATION OF INJURY,0,0,41.7555865186,-87.6731388299,60620,"CHICAGO MIDWAY AIRPORT, IL US",52.0,48.0,86.0,0.0,8.0,7.0
crash_06870,2019-09-05 12:00:00,2019,9,Sep,Thu,12,Daytime,30,TRAFFIC SIGNAL,CLEAR,DAYLIGHT,ANGLE,DIVIDED - W/MEDIAN (NOT RAISED),DRY,INJURY AND / OR TOW DUE TO CRASH,true,true,"OVER $1,500",DISREGARDING TRAFFIC SIGNALS,2,INCAPACITATING INJURY,2,0,41.846037569,-87.7247613705,60623,"CHICAGO MIDWAY AIRPORT, IL US",68.0,51.0,55.0,0.0,10.0,0.0
crash_06871,2021-07-28 11:00:00,2021,7,Jul,Wed,11,Daytime,30,NO CONTROLS,CLEAR,DAYLIGHT,SIDESWIPE SAME DIRECTION,NOT DIVIDED,DRY,NO INJURY / DRIVE AWAY,,,"OVER $1,500",FAILING TO YIELD RIGHT-OF-WAY,2,NO INDICATION OF INJURY,0,0,41.8926404699,-87.7749138369,60644,"CHICAGO MIDWAY AIRPORT, IL US",86.0,71.0,61.0,0.0,10.0,10.0
crash_06872,2021-09-16 19:56:00,2021,9,Sep,Thu,19,Night or early morning,30,NO CONTROLS,CLEAR,"DARKNESS, LIGHTED ROAD",PARKED MOTOR VEHICLE,ONE-WAY,DRY,INJURY AND / OR TOW DUE TO CRASH,,true,"OVER $1,500",FAILING TO REDUCE SPEED TO AVOID CRASH,2,NO INDICATION OF INJURY,0,0,41.8011430157,-87.690193474,60632,"CHICAGO MIDWAY AIRPORT, IL US",75.0,55.0,50.0,0.0,10.0,9.0
crash_06873,2024-11-06 19:22:00,2024,11,Nov,Wed,19,Night or early morning,20,NO CONTROLS,RAIN,"DARKNESS, LIGHTED ROAD",PARKED MOTOR VEHICLE,PARKING LOT,WET,INJURY AND / OR TOW DUE TO CRASH,,true,"OVER $1,500","VISION OBSCURED (SIGNS, TREE LIMBS, BUILDINGS, ETC.)",2,"REPORTED, NOT EVIDENT",1,0,41.9962900308,-87.7167508882,60659,"CHICAGO OHARE INTERNATIONAL AIRPORT, IL US",50.0,46.0,86.0,,10.0,11.0
crash_06874,2019-09-11 18:15:00,2019,9,Sep,Wed,18,Evening commute,15,NO CONTROLS,CLEAR,DAYLIGHT,PEDESTRIAN,ALLEY,DRY,INJURY AND / OR TOW DUE TO CRASH,,false,$500 OR LESS,NOT APPLICABLE,2,"REPORTED, NOT EVIDENT",2,0,41.9424476554,-87.7578462666,60641,"CHICAGO OHARE INTERNATIONAL AIRPORT, IL US",85.0,71.0,63.0,0.0,10.0,10.0
crash_06875,2018-02-08 17:30:00,2018,2,Feb,Thu,17,Evening commute,30,NO CONTROLS,CLEAR,"DARKNESS, LIGHTED ROAD",REAR END,ONE-WAY,SNOW OR SLUSH,NO INJURY / DRIVE AWAY,,,$500 OR LESS,FOLLOWING TOO CLOSELY,2,NO INDICATION OF INJURY,0,0,41.7568156061,-87.6297492774,60620,"CHICAGO MIDWAY AIRPORT, IL US",20.0,13.0,74.0,0.0,9.0,7.0
crash_06876,2024-11-26 07:34:00,2024,11,Nov,Tue,7,Morning commute,25,TRAFFIC SIGNAL,CLEAR,DAYLIGHT,REAR END,ONE-WAY,DRY,NO INJURY / DRIVE AWAY,,,"OVER $1,500",EQUIPMENT - VEHICLE CONDITION,3,NO INDICATION OF INJURY,0,0,41.7509181383,-87.6246901225,60620,"CHICAGO MIDWAY AIRPORT, IL US",28.0,17.0,63.0,0.0,10.0,10.0
crash_06877,2024-10-16 08:20:00,2024,10,Oct,Wed,8,Morning commute,30,NO CONTROLS,CLEAR,DAYLIGHT,PARKED MOTOR VEHICLE,DIVIDED - W/MEDIAN (NOT RAISED),DRY,NO INJURY / DRIVE AWAY,,,"OVER $1,500",UNABLE TO DETERMINE,2,NO INDICATION OF INJURY,0,0,41.9348557183,-87.690220665,60618,"CHICAGO MIDWAY AIRPORT, IL US",40.0,32.0,73.0,0.0,10.0,11.0
crash_06878,2021-07-01 17:00:00,2021,7,Jul,Thu,17,Evening commute,25,NO CONTROLS,CLEAR,DAYLIGHT,REAR END,PARKING LOT,DRY,NO INJURY / DRIVE AWAY,,,$500 OR LESS,UNABLE TO DETERMINE,2,NO INDICATION OF INJURY,0,0,41.8071794738,-87.7157688717,60632,"CHICAGO MIDWAY AIRPORT, IL US",74.0,51.0,45.0,0.0,10.0,17.0
crash_06879,2023-05-01 19:45:00,2023,5,May,Mon,19,Night or early morning,30,STOP SIGN/FLASHER,CLEAR,DARKNESS,FIXED OBJECT,FOUR WAY,WET,INJURY AND / OR TOW DUE TO CRASH,true,true,"OVER $1,500",FAILING TO YIELD RIGHT-OF-WAY,1,NONINCAPACITATING INJURY,1,0,41.7645019385,-87.5666342728,60649,"CHICAGO MIDWAY AIRPORT, IL US",50.0,37.0,61.0,0.0,10.0,14.0
crash_06880,2023-09-30 17:00:00,2023,9,Sep,Sat,17,Evening commute,30,UNKNOWN,CLEAR,DAYLIGHT,SIDESWIPE SAME DIRECTION,NOT DIVIDED,UNKNOWN,NO INJURY / DRIVE AWAY,,true,"$501 - $1,500",UNABLE TO DETERMINE,2,NO INDICATION OF INJURY,0,0,41.9321628897,-87.679175059,60647,"CHICAGO MIDWAY AIRPORT, IL US",82.0,62.0,51.0,0.0,10.0,10.0
crash_06881,2022-06-13 20:00:00,2022,6,Jun,Mon,20,Night or early morning,30,TRAFFIC SIGNAL,RAIN,UNKNOWN,REAR END,NOT DIVIDED,WET,NO INJURY / DRIVE AWAY,,true,"OVER $1,500",UNABLE TO DETERMINE,2,NO INDICATION OF INJURY,0,0,41.8515178086,-87.7200176005,60623,"CHICAGO MIDWAY AIRPORT, IL US",,,,0.04,10.0,18.0
crash_06882,2021-07-12 01:31:00,2021,7,Jul,Mon,1,Night or early morning,30,NO CONTROLS,FREEZING RAIN/DRIZZLE,"DARKNESS, LIGHTED ROAD",PEDALCYCLIST,NOT DIVIDED,WET,INJURY AND / OR TOW DUE TO CRASH,,,"OVER $1,500",UNABLE TO DETERMINE,2,NONINCAPACITATING INJURY,1,0,41.8994123315,-87.6431991659,60610,"CHICAGO MIDWAY AIRPORT, IL US",68.0,61.0,78.0,0.0,10.0,9.0
crash_06883,2019-12-12 09:25:00,2019,12,Dec,Thu,9,Morning commute,30,TRAFFIC SIGNAL,CLEAR,DAYLIGHT,TURNING,DIVIDED - W/MEDIAN (NOT RAISED),DRY,INJURY AND / OR TOW DUE TO CRASH,true,,"OVER $1,500",FAILING TO YIELD RIGHT-OF-WAY,3,NO INDICATION OF INJURY,0,0,41.7356384439,-87.682405788,60620,"CHICAGO MIDWAY AIRPORT, IL US",34.0,23.0,64.0,0.0,10.0,13.0
crash_06884,2023-04-21 20:00:00,2023,4,Apr,Fri,20,Night or early morning,30,NO CONTROLS,CLEAR,DAYLIGHT,PARKED MOTOR VEHICLE,NOT DIVIDED,UNKNOWN,NO INJURY / DRIVE AWAY,,true,$500 OR LESS,UNABLE TO DETERMINE,2,NO INDICATION OF INJURY,0,0,41.9125086811,-87.6843696441,60647,"CHICAGO MIDWAY AIRPORT, IL US",56.0,31.0,39.0,0.0,10.0,11.0
crash_06885,2023-09-10 23:47:00,2023,9,Sep,Sun,23,Night or early morning,30,NO CONTROLS,CLEAR,"DARKNESS, LIGHTED ROAD",PARKED MOTOR VEHICLE,NOT DIVIDED,DRY,INJURY AND / OR TOW DUE TO CRASH,,,"OVER $1,500",EQUIPMENT - VEHICLE CONDITION,3,"REPORTED, NOT EVIDENT",1,0,41.9163883627,-87.7364586663,60639,"CHICAGO MIDWAY AIRPORT, IL US",71.0,55.0,57.0,0.0,10.0,7.0
crash_06886,2023-01-03 12:35:00,2023,1,Jan,Tue,12,Daytime,35,NO CONTROLS,RAIN,DAYLIGHT,SIDESWIPE OPPOSITE DIRECTION,NOT DIVIDED,WET,NO INJURY / DRIVE AWAY,,,"OVER $1,500",IMPROPER LANE USAGE,2,NO INDICATION OF INJURY,0,0,41.7569605243,-87.6881645409,60652,"CHICAGO MIDWAY AIRPORT, IL US",44.0,43.0,96.0,0.0,1.0,3.0
crash_06887,2022-09-09 12:44:00,2022,9,Sep,Fri,12,Daytime,30,NO CONTROLS,CLEAR,DAYLIGHT,REAR END,DIVIDED - W/MEDIAN (NOT RAISED),DRY,NO INJURY / DRIVE AWAY,,,"$501 - $1,500",FAILING TO REDUCE SPEED TO AVOID CRASH,2,NO INDICATION OF INJURY,0,0,41.9198941794,-87.7460480465,60639,"CHICAGO MIDWAY AIRPORT, IL US",83.0,55.0,38.0,0.0,10.0,11.0
crash_06888,2021-04-03 20:41:00,2021,4,Apr,Sat,20,Night or early morning,30,STOP SIGN/FLASHER,CLEAR,"DARKNESS, LIGHTED ROAD",TURNING,DIVIDED - W/MEDIAN (NOT RAISED),DRY,INJURY AND / OR TOW DUE TO CRASH,,true,"$501 - $1,500",UNABLE TO DETERMINE,2,NONINCAPACITATING INJURY,1,0,41.9480045508,-87.6641862307,60613,"CHICAGO MIDWAY AIRPORT, IL US",63.0,35.0,35.0,0.0,10.0,3.0
crash_06889,2018-07-18 18:15:00,2018,7,Jul,Wed,18,Evening commute,30,NO CONTROLS,CLEAR,DAYLIGHT,SIDESWIPE SAME DIRECTION,NOT DIVIDED,DRY,NO INJURY / DRIVE AWAY,,,"OVER $1,500",UNABLE TO DETERMINE,2,NO INDICATION OF INJURY,0,0,41.8845272111,-87.6455250623,60661,"CHICAGO MIDWAY AIRPORT, IL US",77.0,51.0,40.0,0.0,10.0,11.0
crash_06890,2018-06-26 17:55:00,2018,6,Jun,Tue,17,Evening commute,30,TRAFFIC SIGNAL,CLEAR,DAYLIGHT,SIDESWIPE SAME DIRECTION,DIVIDED - W/MEDIAN (NOT RAISED),DRY,NO INJURY / DRIVE AWAY,true,,"OVER $1,500",IMPROPER OVERTAKING/PASSING,2,NO INDICATION OF INJURY,0,0,41.8893542519,-87.6241024562,60611,"CHICAGO MIDWAY AIRPORT, IL US",83.0,70.0,65.0,0.0,10.0,14.0
crash_06891,2024-08-25 23:56:00,2024,8,Aug,Sun,23,Night or early morning,30,UNKNOWN,UNKNOWN,"DARKNESS, LIGHTED ROAD",PARKED MOTOR VEHICLE,NOT DIVIDED,UNKNOWN,NO INJURY / DRIVE AWAY,,true,"OVER $1,500",UNABLE TO DETERMINE,2,NO INDICATION OF INJURY,0,0,41.9492148746,-87.6485623944,60613,"CHICAGO MIDWAY AIRPORT, IL US",83.0,64.0,53.0,0.0,10.0,8.0
crash_06892,2020-12-02 15:09:00,2020,12,Dec,Wed,15,Evening commute,15,NO CONTROLS,CLEAR,DAYLIGHT,FIXED OBJECT,RAMP,DRY,NO INJURY / DRIVE AWAY,,,"$501 - $1,500",EQUIPMENT - VEHICLE CONDITION,1,NO INDICATION OF INJURY,0,0,41.8511074802,-87.6128666325,60616,"CHICAGO MIDWAY AIRPORT, IL US",47.0,16.0,29.0,0.0,10.0,7.0
crash_06893,2021-06-11 16:56:00,2021,6,Jun,Fri,16,Evening commute,30,TRAFFIC SIGNAL,CLEAR,DAYLIGHT,TURNING,FOUR WAY,DRY,INJURY AND / OR TOW DUE TO CRASH,true,,"OVER $1,500",DISREGARDING TRAFFIC SIGNALS,2,NO INDICATION OF INJURY,0,0,41.7766688824,-87.6057847351,60637,"CHICAGO MIDWAY AIRPORT, IL US",90.0,60.0,37.0,0.0,10.0,3.0
crash_06894,2023-10-27 08:45:00,2023,10,Oct,Fri,8,Morning commute,20,NO CONTROLS,CLOUDY/OVERCAST,DAYLIGHT,PARKED MOTOR VEHICLE,ONE-WAY,DRY,NO INJURY / DRIVE AWAY,,,"OVER $1,500","VISION OBSCURED (SIGNS, TREE LIMBS, BUILDINGS, ETC.)",2,NO INDICATION OF INJURY,0,0,41.9631372257,-87.7063147005,60625,"CHICAGO OHARE INTERNATIONAL AIRPORT, IL US",66.0,62.0,87.0,0.0,8.0,14.0
crash_06895,2025-06-25 15:00:00,2025,6,Jun,Wed,15,Evening commute,30,NO CONTROLS,CLEAR,DAYLIGHT,PARKED MOTOR VEHICLE,DIVIDED - W/MEDIAN BARRIER,DRY,INJURY AND / OR TOW DUE TO CRASH,,true,"OVER $1,500",UNABLE TO DETERMINE,2,NO INDICATION OF INJURY,0,0,41.8871656281,-87.7622539309,60644,"CHICAGO MIDWAY AIRPORT, IL US",86.0,71.0,61.0,0.0,10.0,9.0
crash_06896,2023-06-07 19:35:00,2023,6,Jun,Wed,19,Night or early morning,30,NO CONTROLS,CLEAR,DAYLIGHT,PARKED MOTOR VEHICLE,DIVIDED - W/MEDIAN BARRIER,DRY,NO INJURY / DRIVE AWAY,,true,"OVER $1,500",UNABLE TO DETERMINE,2,NO INDICATION OF INJURY,0,0,41.8800834614,-87.768199889,60644,"CHICAGO MIDWAY AIRPORT, IL US",64.0,34.0,33.0,0.0,10.0,16.0
crash_06897,2023-04-22 17:00:00,2023,4,Apr,Sat,17,Evening commute,25,STOP SIGN/FLASHER,CLEAR,DAYLIGHT,ANGLE,NOT DIVIDED,DRY,NO INJURY / DRIVE AWAY,true,,"OVER $1,500",FAILING TO YIELD RIGHT-OF-WAY,2,NO INDICATION OF INJURY,0,0,,,,,,,,,,
crash_06898,2022-10-11 18:13:00,2022,10,Oct,Tue,18,Evening commute,30,TRAFFIC SIGNAL,RAIN,"DARKNESS, LIGHTED ROAD",REAR END,FOUR WAY,WET,NO INJURY / DRIVE AWAY,true,,"OVER $1,500",FAILING TO REDUCE SPEED TO AVOID CRASH,2,NO INDICATION OF INJURY,0,0,41.7141098854,-87.6598526513,60643,"CHICAGO MIDWAY AIRPORT, IL US",62.0,57.0,84.0,0.08,5.0,18.0
crash_06899,2019-02-11 23:35:00,2019,2,Feb,Mon,23,Night or early morning,30,NO CONTROLS,SNOW,DARKNESS,PARKED MOTOR VEHICLE,NOT DIVIDED,SNOW OR SLUSH,NO INJURY / DRIVE AWAY,,,"$501 - $1,500",WEATHER,2,NO INDICATION OF INJURY,0,0,42.0136588757,-87.6741750421,60626,"CHICAGO OHARE INTERNATIONAL AIRPORT, IL US",31.0,29.0,92.0,0.05,4.0,17.0
crash_06900,2025-08-14 09:13:00,2025,8,Aug,Thu,9,Morning commute,30,TRAFFIC SIGNAL,CLEAR,DAYLIGHT,TURNING,FOUR WAY,DRY,INJURY AND / OR TOW DUE TO CRASH,true,,"OVER $1,500",IMPROPER TURNING/NO SIGNAL,2,"REPORTED, NOT EVIDENT",2,0,41.870226179,-87.7349621207,60624,"CHICAGO MIDWAY AIRPORT, IL US",77.0,63.0,62.0,0.0,10.0,6.0
crash_06901,2019-05-09 16:01:00,2019,5,May,Thu,16,Evening commute,30,TRAFFIC SIGNAL,CLEAR,DAYLIGHT,REAR END,NOT DIVIDED,DRY,INJURY AND / OR TOW DUE TO CRASH,,,"$501 - $1,500",EQUIPMENT - VEHICLE CONDITION,3,NO INDICATION OF INJURY,0,0,41.9967539758,-87.8066587314,60631,"CHICAGO OHARE INTERNATIONAL AIRPORT, IL US",56.0,46.0,70.0,0.0,10.0,16.0
crash_06902,2019-02-22 10:30:00,2019,2,Feb,Fri,10,Daytime,30,NO CONTROLS,CLEAR,DAYLIGHT,PARKED MOTOR VEHICLE,PARKING LOT,DRY,NO INJURY / DRIVE AWAY,,true,"OVER $1,500",UNABLE TO DETERMINE,2,NO INDICATION OF INJURY,0,0,41.8516733816,-87.7236432606,60623,"CHICAGO MIDWAY AIRPORT, IL US",35.0,23.0,61.0,0.0,9.0,7.0
crash_06903,2025-04-04 01:20:00,2025,4,Apr,Fri,1,Night or early morning,30,TRAFFIC SIGNAL,CLEAR,"DARKNESS, LIGHTED ROAD",ANGLE,FOUR WAY,DRY,NO INJURY / DRIVE AWAY,true,,"OVER $1,500",UNABLE TO DETERMINE,2,NO INDICATION OF INJURY,0,0,41.9350160299,-87.766522647,60634,"CHICAGO OHARE INTERNATIONAL AIRPORT, IL US",41.0,34.0,76.0,0.0,10.0,0.0
crash_06904,2020-09-01 16:00:00,2020,9,Sep,Tue,16,Evening commute,30,TRAFFIC SIGNAL,RAIN,DAYLIGHT,REAR END,NOT DIVIDED,WET,NO INJURY / DRIVE AWAY,true,true,"OVER $1,500",FOLLOWING TOO CLOSELY,3,NO INDICATION OF INJURY,0,0,41.8659741961,-87.7449034944,60644,"CHICAGO MIDWAY AIRPORT, IL US",70.0,67.0,90.0,0.01,10.0,0.0
crash_06905,2022-09-12 15:45:00,2022,9,Sep,Mon,15,Evening commute,20,TRAFFIC SIGNAL,CLEAR,DAYLIGHT,REAR END,DIVIDED - W/MEDIAN (NOT RAISED),DRY,NO INJURY / DRIVE AWAY,,,"$501 - $1,500",FAILING TO YIELD RIGHT-OF-WAY,3,NO INDICATION OF INJURY,0,0,41.9448254222,-87.6883506595,60618,"CHICAGO MIDWAY AIRPORT, IL US",65.0,54.0,68.0,0.0,10.0,5.0
crash_06906,2023-05-25 17:00:00,2023,5,May,Thu,17,Evening commute,30,STOP SIGN/FLASHER,CLEAR,DAYLIGHT,TURNING,T-INTERSECTION,DRY,NO INJURY / DRIVE AWAY,true,,"$501 - $1,500",IMPROPER OVERTAKING/PASSING,2,NO INDICATION OF INJURY,0,0,41.8105924989,-87.5893711119,60615,"CHICAGO MIDWAY AIRPORT, IL US",61.0,32.0,34.0,0.0,10.0,13.0
crash_06907,2022-05-31 13:49:00,2022,5,May,Tue,13,Daytime,25,UNKNOWN,CLEAR,DAYLIGHT,SIDESWIPE OPPOSITE DIRECTION,NOT DIVIDED,DRY,NO INJURY / DRIVE AWAY,,,$500 OR LESS,UNABLE TO DETERMINE,2,NO INDICATION OF INJURY,0,0,41.8080977724,-87.7142913571,60632,"CHICAGO MIDWAY AIRPORT, IL US",87.0,66.0,50.0,0.0,10.0,16.0
crash_06908,2019-04-29 14:30:00,2019,4,Apr,Mon,14,Daytime,30,NO CONTROLS,CLEAR,DAYLIGHT,PARKED MOTOR VEHICLE,NOT DIVIDED,DRY,NO INJURY / DRIVE AWAY,true,,"$501 - $1,500",UNABLE TO DETERMINE,2,NO INDICATION OF INJURY,0,0,41.8067837043,-87.654121115,60609,"CHICAGO MIDWAY AIRPORT, IL US",50.0,45.0,83.0,0.0,10.0,5.0
crash_06909,2024-11-25 19:00:00,2024,11,Nov,Mon,19,Night or early morning,30,NO CONTROLS,CLEAR,"DARKNESS, LIGHTED ROAD",PARKED MOTOR VEHICLE,NOT DIVIDED,DRY,NO INJURY / DRIVE AWAY,,true,"OVER $1,500",UNABLE TO DETERMINE,2,NO INDICATION OF INJURY,0,0,41.9193935876,-87.648700538,60614,"CHICAGO MIDWAY AIRPORT, IL US",43.0,34.0,71.0,0.0,10.0,15.0
crash_06910,2025-09-05 21:00:00,2025,9,Sep,Fri,21,Night or early morning,30,NO CONTROLS,UNKNOWN,UNKNOWN,PARKED MOTOR VEHICLE,NOT DIVIDED,UNKNOWN,NO INJURY / DRIVE AWAY,,true,"OVER $1,500",UNABLE TO DETERMINE,2,NO INDICATION OF INJURY,0,0,41.7786427274,-87.7166632892,60629,,,,,,,
crash_06911,2021-10-13 15:50:00,2021,10,Oct,Wed,15,Evening commute,30,STOP SIGN/FLASHER,RAIN,DAYLIGHT,TURNING,NOT DIVIDED,WET,NO INJURY / DRIVE AWAY,true,,$500 OR LESS,FAILING TO YIELD RIGHT-OF-WAY,2,NO INDICATION OF INJURY,0,0,41.8631031773,-87.676296565,60608,"CHICAGO MIDWAY AIRPORT, IL US",63.0,57.0,81.0,0.12,10.0,10.0
crash_06912,2018-10-02 04:23:00,2018,10,Oct,Tue,4,Night or early morning,15,NO CONTROLS,RAIN,DARKNESS,PARKED MOTOR VEHICLE,ONE-WAY,WET,NO INJURY / DRIVE AWAY,,,"OVER $1,500",UNABLE TO DETERMINE,2,NO INDICATION OF INJURY,0,0,41.9690302948,-87.7159752891,60625,"CHICAGO OHARE INTERNATIONAL AIRPORT, IL US",61.0,59.0,93.0,0.0,8.0,13.0
crash_06913,2025-08-05 15:50:00,2025,8,Aug,Tue,15,Evening commute,30,TRAFFIC SIGNAL,CLEAR,DAYLIGHT,TURNING,FOUR WAY,DRY,NO INJURY / DRIVE AWAY,true,,"OVER $1,500",DISREGARDING TRAFFIC SIGNALS,2,NO INDICATION OF INJURY,0,0,41.9249359441,-87.6877902547,60647,"CHICAGO MIDWAY AIRPORT, IL US",83.0,56.0,40.0,0.0,10.0,7.0
crash_06914,2018-06-18 11:06:00,2018,6,Jun,Mon,11,Daytime,30,NO CONTROLS,CLEAR,DAYLIGHT,PARKED MOTOR VEHICLE,NOT DIVIDED,DRY,NO INJURY / DRIVE AWAY,,true,"OVER $1,500","OPERATING VEHICLE IN ERRATIC, RECKLESS, CARELESS, NEGLIGENT OR AGGRESSIVE MANNER",2,NO INDICATION OF INJURY,0,0,41.8799101982,-87.722593858,60624,"CHICAGO MIDWAY AIRPORT, IL US",90.0,75.0,62.0,0.0,10.0,15.0
crash_06915,2019-11-27 16:00:00,2019,11,Nov,Wed,16,Evening commute,30,UNKNOWN,CLEAR,DAYLIGHT,SIDESWIPE OPPOSITE DIRECTION,UNKNOWN,DRY,NO INJURY / DRIVE AWAY,,,"OVER $1,500",UNABLE TO DETERMINE,2,NO INDICATION OF INJURY,0,0,41.8018686328,-87.6239142714,60615,"CHICAGO MIDWAY AIRPORT, IL US",38.0,27.0,65.0,0.0,10.0,24.0
crash_06916,2023-12-18 12:50:00,2023,12,Dec,Mon,12,Daytime,30,NO CONTROLS,CLEAR,DAYLIGHT,SIDESWIPE SAME DIRECTION,NOT DIVIDED,DRY,NO INJURY / DRIVE AWAY,,,"OVER $1,500",IMPROPER OVERTAKING/PASSING,2,NO INDICATION OF INJURY,0,0,42.0115290673,-87.8181069915,60631,"CHICAGO OHARE INTERNATIONAL AIRPORT, IL US",30.0,13.0,49.0,0.0,10.0,23.0
crash_06917,2019-07-09 10:45:00,2019,7,Jul,Tue,10,Daytime,30,TRAFFIC SIGNAL,CLEAR,DAYLIGHT,REAR END,NOT DIVIDED,DRY,NO INJURY / DRIVE AWAY,true,,"OVER $1,500",FOLLOWING TOO CLOSELY,2,NO INDICATION OF INJURY,0,0,41.9679383546,-87.7475749753,60630,"CHICAGO OHARE INTERNATIONAL AIRPORT, IL US",82.0,60.0,47.0,0.0,10.0,7.0
crash_06918,2022-05-27 23:50:00,2022,5,May,Fri,23,Night or early morning,30,TRAFFIC SIGNAL,CLEAR,"DARKNESS, LIGHTED ROAD",ANGLE,FOUR WAY,DRY,INJURY AND / OR TOW DUE TO CRASH,true,,"OVER $1,500",UNABLE TO DETERMINE,2,NONINCAPACITATING INJURY,2,0,41.8900161868,-87.7210892122,60624,"CHICAGO MIDWAY AIRPORT, IL US",56.0,48.0,75.0,0.0,10.0,3.0
crash_06919,2022-08-24 03:21:00,2022,8,Aug,Wed,3,Night or early morning,30,NO CONTROLS,CLEAR,"DARKNESS, LIGHTED ROAD",FIXED OBJECT,ONE-WAY,UNKNOWN,INJURY AND / OR TOW DUE TO CRASH,,,"OVER $1,500",EQUIPMENT - VEHICLE CONDITION,1,NO INDICATION OF INJURY,0,0,41.7893386418,-87.7413525626,60629,"CHICAGO MIDWAY AIRPORT, IL US",69.0,58.0,68.0,,10.0,3.0
crash_06920,2021-05-20 16:36:00,2021,5,May,Thu,16,Evening commute,30,NO CONTROLS,CLEAR,DAYLIGHT,SIDESWIPE SAME DIRECTION,NOT DIVIDED,DRY,NO INJURY / DRIVE AWAY,,,"$501 - $1,500",FAILING TO YIELD RIGHT-OF-WAY,2,NO INDICATION OF INJURY,0,0,41.7841464254,-87.606158241,60637,"CHICAGO MIDWAY AIRPORT, IL US",85.0,58.0,40.0,0.0,10.0,15.0
crash_06921,2023-06-19 17:50:00,2023,6,Jun,Mon,17,Evening commute,40,NO CONTROLS,CLEAR,DAYLIGHT,SIDESWIPE SAME DIRECTION,ONE-WAY,DRY,NO INJURY / DRIVE AWAY,,,"OVER $1,500",UNABLE TO DETERMINE,2,NO INDICATION OF INJURY,0,0,41.8950740512,-87.6160435368,60611,"CHICAGO MIDWAY AIRPORT, IL US",82.0,50.0,33.0,0.0,10.0,14.0
crash_06922,2019-03-17 17:10:00,2019,3,Mar,Sun,17,Evening commute,10,OTHER,CLEAR,DAYLIGHT,REAR END,PARKING LOT,DRY,NO INJURY / DRIVE AWAY,,,$500 OR LESS,FOLLOWING TOO CLOSELY,2,NO INDICATION OF INJURY,0,0,41.855347014,-87.6316990261,60616,"CHICAGO MIDWAY AIRPORT, IL US",43.0,15.0,32.0,0.0,10.0,14.0
crash_06923,2022-11-11 20:00:00,2022,11,Nov,Fri,20,Night or early morning,30,UNKNOWN,UNKNOWN,UNKNOWN,REAR END,NOT DIVIDED,UNKNOWN,NO INJURY / DRIVE AWAY,,,"OVER $1,500",UNABLE TO DETERMINE,2,NO INDICATION OF INJURY,0,0,41.8857781949,-87.6277937366,60601,"CHICAGO MIDWAY AIRPORT, IL US",34.0,21.0,59.0,0.0,10.0,16.0
crash_06924,2018-05-09 15:55:00,2018,5,May,Wed,15,Evening commute,30,TRAFFIC SIGNAL,CLEAR,DAYLIGHT,SIDESWIPE SAME DIRECTION,ONE-WAY,DRY,NO INJURY / DRIVE AWAY,true,,$500 OR LESS,IMPROPER OVERTAKING/PASSING,2,NO INDICATION OF INJURY,0,0,41.8968221231,-87.6255607058,60611,"CHICAGO MIDWAY AIRPORT, IL US",82.0,63.0,53.0,0.0,10.0,18.0
crash_06925,2021-07-07 12:45:00,2021,7,Jul,Wed,12,Daytime,10,NO CONTROLS,CLEAR,DAYLIGHT,REAR END,PARKING LOT,DRY,NO INJURY / DRIVE AWAY,,,"OVER $1,500",IMPROPER BACKING,2,NO INDICATION OF INJURY,0,0,41.9535544384,-87.7450553112,60641,"CHICAGO OHARE INTERNATIONAL AIRPORT, IL US",88.0,63.0,43.0,0.0,10.0,11.0
crash_06926,2024-05-04 13:57:00,2024,5,May,Sat,13,Daytime,15,UNKNOWN,CLEAR,DAYLIGHT,REAR TO SIDE,PARKING LOT,DRY,NO INJURY / DRIVE AWAY,,,"$501 - $1,500",UNABLE TO DETERMINE,2,NO INDICATION OF INJURY,0,0,41.9713547394,-87.6595857318,60640,"CHICAGO MIDWAY AIRPORT, IL US",79.0,59.0,50.0,0.0,10.0,11.0