crash_id,crash_datetime,crash_year,crash_month,crash_month_name,crash_weekday_name,crash_hour,time_period,posted_speed_limit_mph,traffic_control_device,reported_weather_condition,reported_lighting_condition,first_crash_type,trafficway_type,reported_road_surface_condition,crash_type,intersection_related,hit_and_run,estimated_damage,primary_contributory_cause,unit_count,most_severe_injury,injuries_total,injuries_fatal,latitude,longitude,zip5,weather_station_name,temperature_f,dew_point_f,relative_humidity_percent,precipitation_inches,visibility_miles,wind_speed_mph
crash_06927,2018-01-18 13:00:00,2018,1,Jan,Thu,13,Daytime,30,NO CONTROLS,CLEAR,DAYLIGHT,TURNING,ONE-WAY,DRY,NO INJURY / DRIVE AWAY,,true,"$501 - $1,500",UNABLE TO DETERMINE,2,NO INDICATION OF INJURY,0,0,41.8933067372,-87.6335089591,60654,"CHICAGO MIDWAY AIRPORT, IL US",30.0,16.0,56.0,0.0,10.0,16.0
crash_06928,2021-01-01 08:05:00,2021,1,Jan,Fri,8,Morning commute,30,NO CONTROLS,CLEAR,DAYLIGHT,FIXED OBJECT,NOT DIVIDED,DRY,INJURY AND / OR TOW DUE TO CRASH,,,"OVER $1,500",UNABLE TO DETERMINE,1,INCAPACITATING INJURY,1,0,41.7596291877,-87.6634986611,60636,"CHICAGO MIDWAY AIRPORT, IL US",31.0,24.0,76.0,0.0,9.0,13.0
crash_06929,2018-02-21 18:30:00,2018,2,Feb,Wed,18,Evening commute,30,TRAFFIC SIGNAL,UNKNOWN,"DARKNESS, LIGHTED ROAD",REAR END,DIVIDED - W/MEDIAN (NOT RAISED),UNKNOWN,NO INJURY / DRIVE AWAY,,true,"OVER $1,500",UNABLE TO DETERMINE,2,NO INDICATION OF INJURY,0,0,42.0123713348,-87.6903939174,60645,"CHICAGO OHARE INTERNATIONAL AIRPORT, IL US",29.0,19.0,66.0,0.0,10.0,11.0
crash_06930,2020-12-22 10:00:00,2020,12,Dec,Tue,10,Daytime,30,NO CONTROLS,CLEAR,UNKNOWN,PARKED MOTOR VEHICLE,NOT DIVIDED,DRY,NO INJURY / DRIVE AWAY,,true,"OVER $1,500",UNABLE TO DETERMINE,2,NO INDICATION OF INJURY,0,0,41.8189889801,-87.7020788111,60632,"CHICAGO MIDWAY AIRPORT, IL US",36.0,25.0,64.0,0.0,10.0,6.0
crash_06931,2018-05-05 23:45:00,2018,5,May,Sat,23,Night or early morning,30,TRAFFIC SIGNAL,CLEAR,"DARKNESS, LIGHTED ROAD",SIDESWIPE SAME DIRECTION,DIVIDED - W/MEDIAN BARRIER,DRY,INJURY AND / OR TOW DUE TO CRASH,,,"OVER $1,500",FAILING TO YIELD RIGHT-OF-WAY,2,NONINCAPACITATING INJURY,1,0,41.8669722896,-87.6654550796,60607,"CHICAGO MIDWAY AIRPORT, IL US",61.0,44.0,54.0,0.0,10.0,5.0
crash_06932,2022-03-09 09:40:00,2022,3,Mar,Wed,9,Morning commute,30,TRAFFIC SIGNAL,CLEAR,DAYLIGHT,TURNING,DIVIDED - W/MEDIAN (NOT RAISED),DRY,NO INJURY / DRIVE AWAY,,,"OVER $1,500",UNABLE TO DETERMINE,2,NO INDICATION OF INJURY,0,0,41.9315170743,-87.6880307983,60647,"CHICAGO MIDWAY AIRPORT, IL US",40.0,25.0,55.0,0.0,10.0,10.0
crash_06933,2024-02-18 19:00:00,2024,2,Feb,Sun,19,Night or early morning,20,NO CONTROLS,CLEAR,"DARKNESS, LIGHTED ROAD",PARKED MOTOR VEHICLE,ONE-WAY,DRY,NO INJURY / DRIVE AWAY,,,"$501 - $1,500",DRIVING SKILLS/KNOWLEDGE/EXPERIENCE,2,NO INDICATION OF INJURY,0,0,41.9624490916,-87.7145508865,60625,"CHICAGO OHARE INTERNATIONAL AIRPORT, IL US",39.0,16.0,39.0,0.0,10.0,5.0
crash_06934,2018-05-20 00:30:00,2018,5,May,Sun,0,Night or early morning,30,UNKNOWN,CLEAR,DUSK,SIDESWIPE OPPOSITE DIRECTION,NOT DIVIDED,DRY,NO INJURY / DRIVE AWAY,,true,"$501 - $1,500",NOT APPLICABLE,2,NO INDICATION OF INJURY,0,0,41.8803313497,-87.6889446049,60612,"CHICAGO MIDWAY AIRPORT, IL US",60.0,57.0,90.0,0.0,8.0,13.0
crash_06935,2021-07-20 12:15:00,2021,7,Jul,Tue,12,Daytime,30,NO CONTROLS,CLEAR,DAYLIGHT,TURNING,NOT DIVIDED,DRY,INJURY AND / OR TOW DUE TO CRASH,,true,"OVER $1,500",IMPROPER OVERTAKING/PASSING,3,NONINCAPACITATING INJURY,1,0,41.7955799711,-87.6193933782,60615,"CHICAGO MIDWAY AIRPORT, IL US",84.0,61.0,46.0,0.0,10.0,10.0
crash_06936,2019-04-23 12:05:00,2019,4,Apr,Tue,12,Daytime,30,TRAFFIC SIGNAL,CLEAR,DAYLIGHT,FIXED OBJECT,NOT DIVIDED,DRY,NO INJURY / DRIVE AWAY,,,"OVER $1,500",UNABLE TO DETERMINE,1,NO INDICATION OF INJURY,0,0,41.7775637386,-87.7911611411,60638,"CHICAGO MIDWAY AIRPORT, IL US",54.0,44.0,69.0,0.0,10.0,6.0
crash_06937,2018-12-04 07:26:00,2018,12,Dec,Tue,7,Morning commute,25,STOP SIGN/FLASHER,CLEAR,DAYLIGHT,SIDESWIPE SAME DIRECTION,DIVIDED - W/MEDIAN (NOT RAISED),DRY,INJURY AND / OR TOW DUE TO CRASH,,true,$500 OR LESS,IMPROPER TURNING/NO SIGNAL,3,"REPORTED, NOT EVIDENT",2,0,42.0124270662,-87.6831378895,60645,"CHICAGO OHARE INTERNATIONAL AIRPORT, IL US",30.0,21.0,69.0,0.0,10.0,10.0
crash_06938,2022-07-02 19:35:00,2022,7,Jul,Sat,19,Night or early morning,30,NO CONTROLS,CLEAR,DAYLIGHT,REAR END,NOT DIVIDED,DRY,INJURY AND / OR TOW DUE TO CRASH,,,"OVER $1,500",UNABLE TO DETERMINE,2,NO INDICATION OF INJURY,0,0,41.8176021691,-87.6845289981,60609,"CHICAGO MIDWAY AIRPORT, IL US",81.0,46.0,29.0,0.0,10.0,8.0
crash_06939,2021-03-18 20:20:00,2021,3,Mar,Thu,20,Night or early morning,10,NO CONTROLS,CLEAR,"DARKNESS, LIGHTED ROAD",PARKED MOTOR VEHICLE,ONE-WAY,DRY,INJURY AND / OR TOW DUE TO CRASH,,true,"OVER $1,500",UNABLE TO DETERMINE,4,NO INDICATION OF INJURY,0,0,41.9292542022,-87.7721942985,60639,"CHICAGO OHARE INTERNATIONAL AIRPORT, IL US",38.0,27.0,65.0,0.0,10.0,24.0
crash_06940,2021-06-04 21:00:00,2021,6,Jun,Fri,21,Night or early morning,30,UNKNOWN,CLEAR,DUSK,REAR END,NOT DIVIDED,DRY,NO INJURY / DRIVE AWAY,true,,$500 OR LESS,UNABLE TO DETERMINE,2,NO INDICATION OF INJURY,0,0,41.8964740178,-87.6478949927,60642,"CHICAGO MIDWAY AIRPORT, IL US",81.0,48.0,32.0,0.0,10.0,9.0
crash_06941,2018-07-08 22:12:00,2018,7,Jul,Sun,22,Night or early morning,35,NO CONTROLS,CLEAR,"DARKNESS, LIGHTED ROAD",SIDESWIPE SAME DIRECTION,DIVIDED - W/MEDIAN (NOT RAISED),DRY,INJURY AND / OR TOW DUE TO CRASH,false,,"OVER $1,500",EXCEEDING AUTHORIZED SPEED LIMIT,3,NONINCAPACITATING INJURY,3,0,41.7240949172,-87.6626006042,60620,"CHICAGO MIDWAY AIRPORT, IL US",78.0,58.0,50.0,0.0,10.0,7.0
crash_06942,2018-09-29 15:06:00,2018,9,Sep,Sat,15,Evening commute,30,NO CONTROLS,CLEAR,DAYLIGHT,REAR END,DIVIDED - W/MEDIAN BARRIER,DRY,INJURY AND / OR TOW DUE TO CRASH,,,"OVER $1,500",FOLLOWING TOO CLOSELY,2,NONINCAPACITATING INJURY,1,0,41.907442154,-87.7265941406,60651,"CHICAGO MIDWAY AIRPORT, IL US",58.0,35.0,42.0,0.0,10.0,10.0
crash_06943,2018-10-19 14:50:00,2018,10,Oct,Fri,14,Daytime,30,STOP SIGN/FLASHER,RAIN,DAYLIGHT,ANGLE,OTHER,WET,INJURY AND / OR TOW DUE TO CRASH,true,true,"OVER $1,500",DISREGARDING STOP SIGN,2,NO INDICATION OF INJURY,0,0,41.7775639522,-87.6628749897,60636,"CHICAGO MIDWAY AIRPORT, IL US",51.0,44.0,77.0,0.02,9.0,13.0
crash_06944,2018-01-30 18:55:00,2018,1,Jan,Tue,18,Evening commute,30,LANE USE MARKING,CLEAR,"DARKNESS, LIGHTED ROAD",SIDESWIPE SAME DIRECTION,NOT DIVIDED,DRY,NO INJURY / DRIVE AWAY,,,"OVER $1,500",IMPROPER OVERTAKING/PASSING,2,NO INDICATION OF INJURY,0,0,41.8852737056,-87.6280766008,60601,"CHICAGO MIDWAY AIRPORT, IL US",30.0,16.0,56.0,0.0,10.0,11.0
crash_06945,2023-01-10 11:11:00,2023,1,Jan,Tue,11,Daytime,30,NO CONTROLS,CLEAR,DAYLIGHT,REAR END,NOT DIVIDED,DRY,NO INJURY / DRIVE AWAY,,,"OVER $1,500",FAILING TO REDUCE SPEED TO AVOID CRASH,2,NO INDICATION OF INJURY,0,0,41.8085320154,-87.6621332948,60609,"CHICAGO MIDWAY AIRPORT, IL US",42.0,34.0,73.0,0.0,9.0,6.0
crash_06946,2023-01-27 13:30:00,2023,1,Jan,Fri,13,Daytime,30,TRAFFIC SIGNAL,SNOW,DAYLIGHT,REAR END,NOT DIVIDED,SNOW OR SLUSH,NO INJURY / DRIVE AWAY,,,"$501 - $1,500",FOLLOWING TOO CLOSELY,2,NO INDICATION OF INJURY,0,0,41.7440850356,-87.5860147026,60619,"CHICAGO MIDWAY AIRPORT, IL US",32.0,26.0,79.0,0.0,0.5,14.0
crash_06947,2018-05-31 16:00:00,2018,5,May,Thu,16,Evening commute,30,NO CONTROLS,CLEAR,DAYLIGHT,SIDESWIPE OPPOSITE DIRECTION,NOT DIVIDED,DRY,NO INJURY / DRIVE AWAY,,,"OVER $1,500",IMPROPER BACKING,2,NO INDICATION OF INJURY,0,0,41.773638557,-87.5864455189,60637,"CHICAGO MIDWAY AIRPORT, IL US",87.0,68.0,53.0,0.0,10.0,11.0
crash_06948,2025-06-27 20:30:00,2025,6,Jun,Fri,20,Night or early morning,30,TRAFFIC SIGNAL,CLEAR,DAYLIGHT,SIDESWIPE SAME DIRECTION,NOT DIVIDED,DRY,NO INJURY / DRIVE AWAY,,true,"OVER $1,500",UNABLE TO DETERMINE,2,NO INDICATION OF INJURY,0,0,41.8998219477,-87.7114386571,60651,"CHICAGO MIDWAY AIRPORT, IL US",82.0,63.0,53.0,0.0,10.0,9.0
crash_06949,2022-03-12 21:30:00,2022,3,Mar,Sat,21,Night or early morning,30,NO CONTROLS,CLEAR,"DARKNESS, LIGHTED ROAD",SIDESWIPE SAME DIRECTION,NOT DIVIDED,DRY,NO INJURY / DRIVE AWAY,,,"OVER $1,500",UNABLE TO DETERMINE,2,NO INDICATION OF INJURY,0,0,41.8913055579,-87.6468066285,60654,"CHICAGO MIDWAY AIRPORT, IL US",21.0,8.0,57.0,0.0,10.0,15.0
crash_06950,2023-06-17 11:27:00,2023,6,Jun,Sat,11,Daytime,30,NO CONTROLS,CLEAR,DAYLIGHT,PEDALCYCLIST,DIVIDED - W/MEDIAN (NOT RAISED),DRY,INJURY AND / OR TOW DUE TO CRASH,,,$500 OR LESS,UNABLE TO DETERMINE,2,INCAPACITATING INJURY,1,0,41.9647960036,-87.6864189282,60625,"CHICAGO OHARE INTERNATIONAL AIRPORT, IL US",75.0,53.0,46.0,0.0,6.0,0.0
crash_06951,2020-09-27 05:00:00,2020,9,Sep,Sun,5,Night or early morning,30,NO CONTROLS,CLEAR,"DARKNESS, LIGHTED ROAD",FIXED OBJECT,DIVIDED - W/MEDIAN BARRIER,DRY,INJURY AND / OR TOW DUE TO CRASH,,,"OVER $1,500",UNABLE TO DETERMINE,1,NONINCAPACITATING INJURY,1,0,41.8962357579,-87.6504145622,60642,"CHICAGO MIDWAY AIRPORT, IL US",66.0,59.0,78.0,0.0,10.0,13.0
crash_06952,2021-06-16 07:00:00,2021,6,Jun,Wed,7,Morning commute,30,NO CONTROLS,CLEAR,DAYLIGHT,PARKED MOTOR VEHICLE,NOT DIVIDED,DRY,INJURY AND / OR TOW DUE TO CRASH,,,"OVER $1,500",DISTRACTION - FROM OUTSIDE VEHICLE,3,NO INDICATION OF INJURY,0,0,41.8245036478,-87.7048009771,60632,"CHICAGO MIDWAY AIRPORT, IL US",65.0,49.0,56.0,0.0,10.0,10.0
crash_06953,2020-02-03 17:40:00,2020,2,Feb,Mon,17,Evening commute,30,NO CONTROLS,CLEAR,"DARKNESS, LIGHTED ROAD",PARKED MOTOR VEHICLE,NOT DIVIDED,DRY,INJURY AND / OR TOW DUE TO CRASH,,true,"OVER $1,500",DISTRACTION - FROM INSIDE VEHICLE,2,NO INDICATION OF INJURY,0,0,41.8655346778,-87.6408133123,60607,"CHICAGO MIDWAY AIRPORT, IL US",40.0,33.0,77.0,0.0,10.0,11.0
crash_06954,2020-05-24 00:47:00,2020,5,May,Sun,0,Night or early morning,25,NO CONTROLS,CLEAR,"DARKNESS, LIGHTED ROAD",HEAD ON,NOT DIVIDED,WET,NO INJURY / DRIVE AWAY,,true,"OVER $1,500","OPERATING VEHICLE IN ERRATIC, RECKLESS, CARELESS, NEGLIGENT OR AGGRESSIVE MANNER",2,NO INDICATION OF INJURY,0,0,41.7340629615,-87.6489219881,60620,"CHICAGO MIDWAY AIRPORT, IL US",68.0,67.0,96.0,0.0,10.0,6.0
crash_06955,2018-12-11 22:40:00,2018,12,Dec,Tue,22,Night or early morning,30,NO CONTROLS,CLEAR,"DARKNESS, LIGHTED ROAD",PARKED MOTOR VEHICLE,ONE-WAY,DRY,NO INJURY / DRIVE AWAY,,true,"OVER $1,500",UNABLE TO DETERMINE,2,NO INDICATION OF INJURY,0,0,41.8914681408,-87.7224487092,60624,"CHICAGO MIDWAY AIRPORT, IL US",32.0,26.0,79.0,0.0,6.0,9.0
crash_06956,2018-04-23 22:30:00,2018,4,Apr,Mon,22,Night or early morning,30,NO CONTROLS,CLEAR,"DARKNESS, LIGHTED ROAD",PARKED MOTOR VEHICLE,NOT DIVIDED,DRY,NO INJURY / DRIVE AWAY,,true,"$501 - $1,500",UNABLE TO DETERMINE,2,NO INDICATION OF INJURY,0,0,41.8651557405,-87.6589685763,60608,"CHICAGO MIDWAY AIRPORT, IL US",52.0,34.0,50.0,0.0,10.0,3.0
crash_06957,2018-10-05 07:45:00,2018,10,Oct,Fri,7,Morning commute,30,TRAFFIC SIGNAL,RAIN,DAYLIGHT,REAR END,NOT DIVIDED,WET,NO INJURY / DRIVE AWAY,,,"$501 - $1,500",FOLLOWING TOO CLOSELY,2,NO INDICATION OF INJURY,0,0,41.7363550121,-87.6284072403,60620,"CHICAGO MIDWAY AIRPORT, IL US",54.0,52.0,94.0,,6.0,11.0
crash_06958,2019-03-08 20:25:00,2019,3,Mar,Fri,20,Night or early morning,30,NO CONTROLS,CLEAR,DARKNESS,REAR END,PARKING LOT,DRY,NO INJURY / DRIVE AWAY,,,"OVER $1,500",FAILING TO REDUCE SPEED TO AVOID CRASH,2,NO INDICATION OF INJURY,0,0,41.7362179608,-87.6293104365,60620,"CHICAGO MIDWAY AIRPORT, IL US",33.0,26.0,75.0,0.0,10.0,7.0
crash_06959,2023-10-06 08:35:00,2023,10,Oct,Fri,8,Morning commute,30,TRAFFIC SIGNAL,CLEAR,DAYLIGHT,TURNING,FOUR WAY,DRY,NO INJURY / DRIVE AWAY,,,"OVER $1,500",IMPROPER TURNING/NO SIGNAL,2,NO INDICATION OF INJURY,0,0,41.9286697899,-87.6879222355,60647,"CHICAGO MIDWAY AIRPORT, IL US",55.0,42.0,62.0,0.0,10.0,11.0
crash_06960,2024-09-22 10:17:00,2024,9,Sep,Sun,10,Daytime,30,TRAFFIC SIGNAL,CLEAR,DAYLIGHT,TURNING,DIVIDED - W/MEDIAN (NOT RAISED),WET,INJURY AND / OR TOW DUE TO CRASH,true,,"OVER $1,500",TURNING RIGHT ON RED,2,NONINCAPACITATING INJURY,3,0,41.8024093232,-87.7235739831,60632,"CHICAGO MIDWAY AIRPORT, IL US",71.0,68.0,90.0,0.1,8.0,7.0
crash_06961,2024-05-20 17:40:00,2024,5,May,Mon,17,Evening commute,30,NO CONTROLS,CLEAR,DAYLIGHT,SIDESWIPE SAME DIRECTION,NOT DIVIDED,DRY,NO INJURY / DRIVE AWAY,,,"$501 - $1,500",UNABLE TO DETERMINE,2,NO INDICATION OF INJURY,0,0,41.66350259,-87.6265061119,60628,"CHICAGO MIDWAY AIRPORT, IL US",82.0,56.0,41.0,0.0,10.0,18.0
crash_06962,2024-09-14 21:15:00,2024,9,Sep,Sat,21,Night or early morning,30,TRAFFIC SIGNAL,UNKNOWN,UNKNOWN,ANGLE,OTHER,UNKNOWN,NO INJURY / DRIVE AWAY,true,,"OVER $1,500",UNABLE TO DETERMINE,2,NO INDICATION OF INJURY,0,0,41.8751309789,-87.6765109831,60612,"CHICAGO MIDWAY AIRPORT, IL US",78.0,64.0,62.0,0.0,10.0,6.0
crash_06963,2018-09-21 20:18:00,2018,9,Sep,Fri,20,Night or early morning,30,TRAFFIC SIGNAL,CLEAR,"DARKNESS, LIGHTED ROAD",PEDALCYCLIST,DIVIDED - W/MEDIAN (NOT RAISED),DRY,INJURY AND / OR TOW DUE TO CRASH,,true,"$501 - $1,500",UNABLE TO DETERMINE,2,"REPORTED, NOT EVIDENT",1,0,41.9247969338,-87.7073677247,60647,"CHICAGO MIDWAY AIRPORT, IL US",64.0,45.0,50.0,0.0,10.0,13.0
crash_06964,2023-10-05 12:30:00,2023,10,Oct,Thu,12,Daytime,30,NO CONTROLS,UNKNOWN,UNKNOWN,PARKED MOTOR VEHICLE,ONE-WAY,UNKNOWN,NO INJURY / DRIVE AWAY,,true,"OVER $1,500",UNABLE TO DETERMINE,2,NO INDICATION OF INJURY,0,0,41.8744964381,-87.7233589376,60624,"CHICAGO MIDWAY AIRPORT, IL US",68.0,63.0,83.0,,7.0,5.0
crash_06965,2023-02-09 07:18:00,2023,2,Feb,Thu,7,Morning commute,25,NO CONTROLS,RAIN,DAYLIGHT,PARKED MOTOR VEHICLE,ONE-WAY,WET,INJURY AND / OR TOW DUE TO CRASH,,,"OVER $1,500","OPERATING VEHICLE IN ERRATIC, RECKLESS, CARELESS, NEGLIGENT OR AGGRESSIVE MANNER",2,NONINCAPACITATING INJURY,1,0,41.8617641835,-87.7236816864,60623,"CHICAGO MIDWAY AIRPORT, IL US",,,,,0.75,14.0
crash_06966,2023-06-01 10:35:00,2023,6,Jun,Thu,10,Daytime,30,STOP SIGN/FLASHER,CLEAR,DAYLIGHT,TURNING,OTHER,DRY,INJURY AND / OR TOW DUE TO CRASH,true,,"OVER $1,500",FAILING TO YIELD RIGHT-OF-WAY,3,NO INDICATION OF INJURY,0,0,41.7943136791,-87.6191321536,60637,"CHICAGO MIDWAY AIRPORT, IL US",85.0,61.0,45.0,0.0,10.0,3.0
crash_06967,2020-08-09 20:45:00,2020,8,Aug,Sun,20,Night or early morning,15,UNKNOWN,CLEAR,DUSK,PARKED MOTOR VEHICLE,OTHER,DRY,INJURY AND / OR TOW DUE TO CRASH,,true,"OVER $1,500",UNABLE TO DETERMINE,2,NONINCAPACITATING INJURY,2,0,41.7793698231,-87.6862418794,60629,"CHICAGO MIDWAY AIRPORT, IL US",84.0,71.0,65.0,0.0,10.0,8.0
crash_06968,2019-07-08 12:40:00,2019,7,Jul,Mon,12,Daytime,30,NO CONTROLS,CLEAR,DAYLIGHT,SIDESWIPE SAME DIRECTION,DIVIDED - W/MEDIAN (NOT RAISED),DRY,NO INJURY / DRIVE AWAY,,,"OVER $1,500",FAILING TO YIELD RIGHT-OF-WAY,2,NO INDICATION OF INJURY,0,0,41.924900358,-87.6993796184,60647,"CHICAGO MIDWAY AIRPORT, IL US",81.0,57.0,44.0,0.0,10.0,6.0
crash_06969,2024-01-25 09:44:00,2024,1,Jan,Thu,9,Morning commute,30,NO CONTROLS,FOG/SMOKE/HAZE,DAYLIGHT,SIDESWIPE SAME DIRECTION,DIVIDED - W/MEDIAN (NOT RAISED),WET,NO INJURY / DRIVE AWAY,,,"$501 - $1,500",UNABLE TO DETERMINE,2,NO INDICATION OF INJURY,0,0,41.7786480494,-87.8008219628,60638,"CHICAGO MIDWAY AIRPORT, IL US",40.0,38.0,93.0,0.0,0.75,6.0
crash_06970,2021-06-11 08:00:00,2021,6,Jun,Fri,8,Morning commute,30,NO CONTROLS,CLEAR,DAYLIGHT,SIDESWIPE SAME DIRECTION,UNKNOWN,DRY,NO INJURY / DRIVE AWAY,,true,"OVER $1,500",UNABLE TO DETERMINE,2,NO INDICATION OF INJURY,0,0,41.812445597,-87.6227752333,60653,"CHICAGO MIDWAY AIRPORT, IL US",80.0,66.0,62.0,0.0,10.0,0.0
crash_06971,2022-05-29 13:30:00,2022,5,May,Sun,13,Daytime,20,NO CONTROLS,CLEAR,DAYLIGHT,SIDESWIPE OPPOSITE DIRECTION,ONE-WAY,DRY,NO INJURY / DRIVE AWAY,,true,"OVER $1,500",UNABLE TO DETERMINE,3,NO INDICATION OF INJURY,0,0,41.7827713254,-87.6857552489,60629,"CHICAGO MIDWAY AIRPORT, IL US",85.0,59.0,42.0,0.0,10.0,16.0
crash_06972,2024-01-18 14:10:00,2024,1,Jan,Thu,14,Daytime,30,NO CONTROLS,CLEAR,DAYLIGHT,ANGLE,NOT DIVIDED,SNOW OR SLUSH,INJURY AND / OR TOW DUE TO CRASH,,,"OVER $1,500",FAILING TO YIELD RIGHT-OF-WAY,4,NO INDICATION OF INJURY,0,0,41.956313343,-87.6931459758,60618,"CHICAGO OHARE INTERNATIONAL AIRPORT, IL US",27.0,11.0,51.0,0.0,10.0,5.0
crash_06973,2018-03-30 17:20:00,2018,3,Mar,Fri,17,Evening commute,30,UNKNOWN,CLEAR,DAYLIGHT,PARKED MOTOR VEHICLE,NOT DIVIDED,DRY,NO INJURY / DRIVE AWAY,,true,"OVER $1,500",UNABLE TO DETERMINE,2,NO INDICATION OF INJURY,0,0,41.900607767,-87.7477075863,60651,"CHICAGO MIDWAY AIRPORT, IL US",46.0,28.0,50.0,0.0,10.0,15.0
crash_06974,2019-05-22 14:30:00,2019,5,May,Wed,14,Daytime,30,TRAFFIC SIGNAL,CLEAR,DAYLIGHT,REAR END,NOT DIVIDED,DRY,NO INJURY / DRIVE AWAY,,,"$501 - $1,500",UNABLE TO DETERMINE,2,NO INDICATION OF INJURY,0,0,41.9902849746,-87.7074819556,60659,"CHICAGO OHARE INTERNATIONAL AIRPORT, IL US",81.0,55.0,41.0,0.0,10.0,15.0
crash_06975,2020-02-17 15:06:00,2020,2,Feb,Mon,15,Evening commute,30,NO CONTROLS,SLEET/HAIL,DAYLIGHT,TURNING,ONE-WAY,WET,INJURY AND / OR TOW DUE TO CRASH,,,"OVER $1,500",FAILING TO YIELD RIGHT-OF-WAY,2,NO INDICATION OF INJURY,0,0,41.9234208063,-87.7670399263,60639,"CHICAGO OHARE INTERNATIONAL AIRPORT, IL US",38.0,33.0,83.0,0.04,5.0,10.0
crash_06976,2018-02-14 07:15:00,2018,2,Feb,Wed,7,Morning commute,30,NO CONTROLS,UNKNOWN,DAYLIGHT,OTHER OBJECT,NOT DIVIDED,UNKNOWN,NO INJURY / DRIVE AWAY,,,$500 OR LESS,NOT APPLICABLE,1,NO INDICATION OF INJURY,0,0,41.954105717,-87.693290369,60618,"CHICAGO MIDWAY AIRPORT, IL US",29.0,26.0,89.0,0.0,3.0,9.0
crash_06977,2022-11-29 22:20:00,2022,11,Nov,Tue,22,Night or early morning,30,TRAFFIC SIGNAL,CLEAR,"DARKNESS, LIGHTED ROAD",TURNING,FOUR WAY,DRY,NO INJURY / DRIVE AWAY,true,,"OVER $1,500",IMPROPER TURNING/NO SIGNAL,2,NO INDICATION OF INJURY,0,0,41.8755326521,-87.6338038912,60607,"CHICAGO MIDWAY AIRPORT, IL US",40.0,35.0,83.0,,10.0,18.0
crash_06978,2018-04-30 16:00:00,2018,4,Apr,Mon,16,Evening commute,30,STOP SIGN/FLASHER,CLEAR,DAYLIGHT,TURNING,NOT DIVIDED,DRY,NO INJURY / DRIVE AWAY,,,"$501 - $1,500",DISREGARDING STOP SIGN,2,NO INDICATION OF INJURY,0,0,41.9198952572,-87.7851810753,60639,"CHICAGO OHARE INTERNATIONAL AIRPORT, IL US",79.0,26.0,14.0,0.0,10.0,17.0
crash_06979,2021-04-21 18:50:00,2021,4,Apr,Wed,18,Evening commute,30,NO CONTROLS,CLEAR,DAYLIGHT,SIDESWIPE SAME DIRECTION,DIVIDED - W/MEDIAN (NOT RAISED),DRY,INJURY AND / OR TOW DUE TO CRASH,,,"OVER $1,500",FOLLOWING TOO CLOSELY,2,NO INDICATION OF INJURY,0,0,42.0123874974,-87.6897760326,60645,"CHICAGO OHARE INTERNATIONAL AIRPORT, IL US",38.0,30.0,73.0,0.0,10.0,9.0
crash_06980,2021-06-24 15:30:00,2021,6,Jun,Thu,15,Evening commute,30,NO CONTROLS,RAIN,DAYLIGHT,REAR END,FOUR WAY,WET,NO INJURY / DRIVE AWAY,true,,"OVER $1,500",UNABLE TO DETERMINE,2,NO INDICATION OF INJURY,0,0,41.8733092193,-87.7426905589,60644,"CHICAGO MIDWAY AIRPORT, IL US",71.0,66.0,84.0,0.0,7.0,8.0
crash_06981,2022-12-27 11:18:00,2022,12,Dec,Tue,11,Daytime,25,NO CONTROLS,SNOW,DAYLIGHT,TURNING,T-INTERSECTION,WET,NO INJURY / DRIVE AWAY,true,,"OVER $1,500",UNABLE TO DETERMINE,2,NO INDICATION OF INJURY,0,0,41.9313182786,-87.6444237581,60614,"CHICAGO MIDWAY AIRPORT, IL US",18.0,8.0,65.0,0.0,10.0,10.0
crash_06982,2022-05-11 16:45:00,2022,5,May,Wed,16,Evening commute,30,OTHER,CLEAR,DAYLIGHT,REAR END,NOT DIVIDED,DRY,NO INJURY / DRIVE AWAY,,,"OVER $1,500",FOLLOWING TOO CLOSELY,3,NO INDICATION OF INJURY,0,0,41.7538242393,-87.5890220425,60619,"CHICAGO MIDWAY AIRPORT, IL US",91.0,69.0,49.0,0.0,10.0,16.0
crash_06983,2023-01-23 16:43:00,2023,1,Jan,Mon,16,Evening commute,30,NO CONTROLS,CLEAR,DAYLIGHT,REAR END,NOT DIVIDED,DRY,NO INJURY / DRIVE AWAY,,true,"$501 - $1,500",FOLLOWING TOO CLOSELY,2,NO INDICATION OF INJURY,0,0,41.9091046688,-87.7971738882,60707,"CHICAGO OHARE INTERNATIONAL AIRPORT, IL US",28.0,21.0,75.0,0.0,10.0,11.0
crash_06984,2023-08-19 09:13:00,2023,8,Aug,Sat,9,Morning commute,30,NO CONTROLS,CLEAR,DAYLIGHT,PARKED MOTOR VEHICLE,PARKING LOT,DRY,NO INJURY / DRIVE AWAY,,,"OVER $1,500",UNABLE TO DETERMINE,2,NO INDICATION OF INJURY,0,0,41.7438064316,-87.6082811323,60619,"CHICAGO MIDWAY AIRPORT, IL US",69.0,56.0,63.0,0.0,10.0,7.0
crash_06985,2020-04-06 06:00:00,2020,4,Apr,Mon,6,Morning commute,35,NO CONTROLS,CLEAR,DAYLIGHT,ANGLE,DIVIDED - W/MEDIAN BARRIER,DRY,INJURY AND / OR TOW DUE TO CRASH,true,,"OVER $1,500",UNABLE TO DETERMINE,2,NO INDICATION OF INJURY,0,0,41.7215018142,-87.6320234214,60628,"CHICAGO MIDWAY AIRPORT, IL US",37.0,34.0,89.0,0.0,10.0,0.0