crash_id,crash_datetime,crash_year,crash_month,crash_month_name,crash_weekday_name,crash_hour,time_period,posted_speed_limit_mph,traffic_control_device,reported_weather_condition,reported_lighting_condition,first_crash_type,trafficway_type,reported_road_surface_condition,crash_type,intersection_related,hit_and_run,estimated_damage,primary_contributory_cause,unit_count,most_severe_injury,injuries_total,injuries_fatal,latitude,longitude,zip5,weather_station_name,temperature_f,dew_point_f,relative_humidity_percent,precipitation_inches,visibility_miles,wind_speed_mph
crash_06986,2021-08-15 02:26:00,2021,8,Aug,Sun,2,Night or early morning,30,STOP SIGN/FLASHER,CLEAR,"DARKNESS, LIGHTED ROAD",OTHER OBJECT,NOT DIVIDED,DRY,INJURY AND / OR TOW DUE TO CRASH,true,,"OVER $1,500",FAILING TO REDUCE SPEED TO AVOID CRASH,1,INCAPACITATING INJURY,3,0,41.96640925,-87.7388000092,60630,"CHICAGO OHARE INTERNATIONAL AIRPORT, IL US",62.0,54.0,75.0,0.0,10.0,0.0
crash_06987,2025-10-09 01:45:00,2025,10,Oct,Thu,1,Night or early morning,30,NO CONTROLS,CLEAR,"DARKNESS, LIGHTED ROAD",FIXED OBJECT,CENTER TURN LANE,DRY,INJURY AND / OR TOW DUE TO CRASH,,,"OVER $1,500",UNABLE TO DETERMINE,1,NONINCAPACITATING INJURY,1,0,41.7782151561,-87.633464426,60621,,,,,,,
crash_06988,2020-12-27 18:20:00,2020,12,Dec,Sun,18,Evening commute,20,STOP SIGN/FLASHER,CLEAR,DARKNESS,ANGLE,NOT REPORTED,DRY,INJURY AND / OR TOW DUE TO CRASH,true,,"OVER $1,500",DISREGARDING STOP SIGN,2,NO INDICATION OF INJURY,0,0,41.8189889801,-87.7020788111,60632,"CHICAGO MIDWAY AIRPORT, IL US",45.0,36.0,71.0,0.0,10.0,11.0
crash_06989,2024-08-26 17:15:00,2024,8,Aug,Mon,17,Evening commute,30,TRAFFIC SIGNAL,CLEAR,DAYLIGHT,REAR END,NOT DIVIDED,DRY,INJURY AND / OR TOW DUE TO CRASH,,true,"OVER $1,500",FOLLOWING TOO CLOSELY,2,"REPORTED, NOT EVIDENT",1,0,41.7142252745,-87.5354230769,60617,"CHICAGO MIDWAY AIRPORT, IL US",94.0,71.0,48.0,0.0,10.0,16.0
crash_06990,2022-03-11 01:10:00,2022,3,Mar,Fri,1,Night or early morning,30,NO CONTROLS,SNOW,"DARKNESS, LIGHTED ROAD",PARKED MOTOR VEHICLE,ONE-WAY,SNOW OR SLUSH,NO INJURY / DRIVE AWAY,,false,"OVER $1,500",DISTRACTION - FROM INSIDE VEHICLE,5,NO INDICATION OF INJURY,0,0,41.751164224,-87.6028998076,60619,"CHICAGO MIDWAY AIRPORT, IL US",26.0,20.0,78.0,0.0,3.0,7.0
crash_06991,2024-05-17 23:00:00,2024,5,May,Fri,23,Night or early morning,30,NO CONTROLS,CLEAR,"DARKNESS, LIGHTED ROAD",PARKED MOTOR VEHICLE,NOT DIVIDED,DRY,NO INJURY / DRIVE AWAY,,true,"OVER $1,500",NOT APPLICABLE,2,NO INDICATION OF INJURY,0,0,42.0188571484,-87.6805994988,60645,"CHICAGO OHARE INTERNATIONAL AIRPORT, IL US",63.0,53.0,70.0,0.0,10.0,3.0
crash_06992,2020-10-14 16:45:00,2020,10,Oct,Wed,16,Evening commute,30,NO CONTROLS,CLEAR,DAYLIGHT,FIXED OBJECT,NOT DIVIDED,DRY,NO INJURY / DRIVE AWAY,,,"$501 - $1,500",IMPROPER BACKING,1,NO INDICATION OF INJURY,0,0,41.6871913887,-87.6685020389,60643,"CHICAGO MIDWAY AIRPORT, IL US",77.0,37.0,24.0,0.0,10.0,21.0
crash_06993,2022-06-08 06:30:00,2022,6,Jun,Wed,6,Morning commute,30,NO CONTROLS,CLEAR,DAYLIGHT,ANGLE,PARKING LOT,DRY,NO INJURY / DRIVE AWAY,,true,"OVER $1,500",FAILING TO REDUCE SPEED TO AVOID CRASH,2,NO INDICATION OF INJURY,0,0,41.7935912941,-87.6644276372,60636,"CHICAGO MIDWAY AIRPORT, IL US",64.0,47.0,54.0,0.0,10.0,7.0
crash_06994,2018-04-01 12:43:00,2018,4,Apr,Sun,12,Daytime,15,NO CONTROLS,CLEAR,DAYLIGHT,HEAD ON,OTHER,DRY,NO INJURY / DRIVE AWAY,,true,$500 OR LESS,IMPROPER BACKING,2,NO INDICATION OF INJURY,0,0,41.7691553353,-87.6268126763,60621,"CHICAGO MIDWAY AIRPORT, IL US",35.0,14.0,42.0,0.0,10.0,8.0
crash_06995,2020-11-06 18:25:00,2020,11,Nov,Fri,18,Evening commute,30,TRAFFIC SIGNAL,CLEAR,DAYLIGHT,SIDESWIPE SAME DIRECTION,DIVIDED - W/MEDIAN (NOT RAISED),DRY,NO INJURY / DRIVE AWAY,true,,"$501 - $1,500",FAILING TO YIELD RIGHT-OF-WAY,2,NO INDICATION OF INJURY,0,0,41.9252605694,-87.668206473,60614,"CHICAGO MIDWAY AIRPORT, IL US",67.0,48.0,51.0,0.0,10.0,9.0
crash_06996,2020-12-11 22:30:00,2020,12,Dec,Fri,22,Night or early morning,35,NO CONTROLS,RAIN,"DARKNESS, LIGHTED ROAD",SIDESWIPE SAME DIRECTION,DIVIDED - W/MEDIAN (NOT RAISED),WET,NO INJURY / DRIVE AWAY,,true,"OVER $1,500",FAILING TO YIELD RIGHT-OF-WAY,2,NO INDICATION OF INJURY,0,0,41.9668985407,-87.6582661664,60640,"CHICAGO MIDWAY AIRPORT, IL US",42.0,39.0,89.0,0.12,4.0,10.0
crash_06997,2021-08-11 13:59:00,2021,8,Aug,Wed,13,Daytime,30,TRAFFIC SIGNAL,CLEAR,DAYLIGHT,PEDESTRIAN,ONE-WAY,DRY,INJURY AND / OR TOW DUE TO CRASH,true,,$500 OR LESS,UNABLE TO DETERMINE,2,INCAPACITATING INJURY,1,0,41.8843814348,-87.6278265998,60602,"CHICAGO MIDWAY AIRPORT, IL US",87.0,62.0,43.0,0.0,10.0,13.0
crash_06998,2025-02-14 13:00:00,2025,2,Feb,Fri,13,Daytime,25,NO CONTROLS,CLEAR,DAYLIGHT,PARKED MOTOR VEHICLE,ONE-WAY,DRY,NO INJURY / DRIVE AWAY,,,"$501 - $1,500",NOT APPLICABLE,2,NO INDICATION OF INJURY,0,0,41.8833155057,-87.635269277,60606,"CHICAGO MIDWAY AIRPORT, IL US",24.0,5.0,44.0,0.0,10.0,11.0
crash_06999,2025-06-16 08:05:00,2025,6,Jun,Mon,8,Morning commute,30,UNKNOWN,CLEAR,DAYLIGHT,PARKED MOTOR VEHICLE,NOT DIVIDED,DRY,NO INJURY / DRIVE AWAY,,true,"OVER $1,500",NOT APPLICABLE,2,NO INDICATION OF INJURY,0,0,41.7647890027,-87.6005197687,60619,"CHICAGO MIDWAY AIRPORT, IL US",72.0,59.0,64.0,0.0,10.0,6.0
crash_07000,2025-04-06 13:24:00,2025,4,Apr,Sun,13,Daytime,30,NO CONTROLS,CLEAR,DAYLIGHT,PEDALCYCLIST,NOT DIVIDED,DRY,INJURY AND / OR TOW DUE TO CRASH,,,"OVER $1,500",UNABLE TO DETERMINE,2,NONINCAPACITATING INJURY,1,0,41.910545507,-87.6801813174,60647,"CHICAGO MIDWAY AIRPORT, IL US",46.0,19.0,34.0,0.0,10.0,13.0
crash_07001,2018-06-11 07:05:00,2018,6,Jun,Mon,7,Morning commute,30,NO CONTROLS,RAIN,DAYLIGHT,ANGLE,DRIVEWAY,WET,NO INJURY / DRIVE AWAY,,,"OVER $1,500",IMPROPER BACKING,2,NO INDICATION OF INJURY,0,0,41.9370467042,-87.7368296522,60641,"CHICAGO OHARE INTERNATIONAL AIRPORT, IL US",62.0,58.0,86.0,0.0,7.0,10.0
crash_07002,2025-09-03 16:40:00,2025,9,Sep,Wed,16,Evening commute,30,TRAFFIC SIGNAL,RAIN,DAYLIGHT,SIDESWIPE SAME DIRECTION,FOUR WAY,WET,NO INJURY / DRIVE AWAY,true,true,"OVER $1,500",IMPROPER OVERTAKING/PASSING,2,NO INDICATION OF INJURY,0,0,41.876943094,-87.6241429542,60605,,,,,,,
crash_07003,2024-09-11 08:10:00,2024,9,Sep,Wed,8,Morning commute,30,TRAFFIC SIGNAL,CLEAR,DAYLIGHT,FIXED OBJECT,NOT DIVIDED,DRY,NO INJURY / DRIVE AWAY,,,"OVER $1,500",FAILING TO REDUCE SPEED TO AVOID CRASH,1,NO INDICATION OF INJURY,0,0,41.8712887333,-87.7450732032,60644,"CHICAGO MIDWAY AIRPORT, IL US",65.0,50.0,59.0,0.0,10.0,0.0
crash_07004,2025-07-05 00:05:00,2025,7,Jul,Sat,0,Night or early morning,30,TRAFFIC SIGNAL,CLEAR,"DARKNESS, LIGHTED ROAD",TURNING,FOUR WAY,DRY,NO INJURY / DRIVE AWAY,true,,"OVER $1,500",UNABLE TO DETERMINE,2,NO INDICATION OF INJURY,0,0,41.7357852665,-87.6437588296,60620,"CHICAGO MIDWAY AIRPORT, IL US",83.0,66.0,57.0,0.0,8.0,8.0
crash_07005,2025-02-15 15:47:00,2025,2,Feb,Sat,15,Evening commute,30,NO CONTROLS,CLEAR,DAYLIGHT,FIXED OBJECT,DIVIDED - W/MEDIAN BARRIER,SNOW OR SLUSH,INJURY AND / OR TOW DUE TO CRASH,,,"OVER $1,500",UNABLE TO DETERMINE,2,NONINCAPACITATING INJURY,1,0,41.8949814875,-87.7415991876,60644,"CHICAGO MIDWAY AIRPORT, IL US",33.0,26.0,75.0,0.0,9.0,7.0
crash_07006,2020-04-24 04:00:00,2020,4,Apr,Fri,4,Night or early morning,25,TRAFFIC SIGNAL,CLEAR,"DARKNESS, LIGHTED ROAD",FIXED OBJECT,DIVIDED - W/MEDIAN BARRIER,DRY,INJURY AND / OR TOW DUE TO CRASH,true,true,$500 OR LESS,UNABLE TO DETERMINE,1,NO INDICATION OF INJURY,0,0,41.7215609937,-87.623706011,60628,"CHICAGO MIDWAY AIRPORT, IL US",43.0,42.0,97.0,0.0,2.0,10.0
crash_07007,2018-02-16 09:15:00,2018,2,Feb,Fri,9,Morning commute,30,STOP SIGN/FLASHER,CLOUDY/OVERCAST,DAYLIGHT,ANGLE,NOT DIVIDED,DRY,NO INJURY / DRIVE AWAY,true,,"OVER $1,500",UNABLE TO DETERMINE,2,NO INDICATION OF INJURY,0,0,41.9106522944,-87.6737412533,60622,"CHICAGO MIDWAY AIRPORT, IL US",33.0,23.0,66.0,,10.0,16.0
crash_07008,2023-09-07 11:00:00,2023,9,Sep,Thu,11,Daytime,30,NO CONTROLS,CLEAR,DAYLIGHT,FIXED OBJECT,NOT DIVIDED,DRY,NO INJURY / DRIVE AWAY,,,"OVER $1,500",NOT APPLICABLE,1,NO INDICATION OF INJURY,0,0,41.8731252221,-87.7409157774,60644,"CHICAGO MIDWAY AIRPORT, IL US",67.0,60.0,79.0,,10.0,10.0
crash_07009,2020-08-29 08:29:00,2020,8,Aug,Sat,8,Morning commute,30,TRAFFIC SIGNAL,CLEAR,DAYLIGHT,SIDESWIPE SAME DIRECTION,DIVIDED - W/MEDIAN (NOT RAISED),DRY,NO INJURY / DRIVE AWAY,true,,"$501 - $1,500",UNABLE TO DETERMINE,2,NO INDICATION OF INJURY,0,0,41.8596892049,-87.7021144857,60623,"CHICAGO MIDWAY AIRPORT, IL US",73.0,59.0,61.0,,10.0,23.0
crash_07010,2020-09-05 11:27:00,2020,9,Sep,Sat,11,Daytime,30,TRAFFIC SIGNAL,CLEAR,DAYLIGHT,PEDESTRIAN,NOT DIVIDED,DRY,INJURY AND / OR TOW DUE TO CRASH,,,$500 OR LESS,NOT APPLICABLE,2,NONINCAPACITATING INJURY,1,0,41.9279317269,-87.726723166,60647,"CHICAGO MIDWAY AIRPORT, IL US",83.0,50.0,32.0,0.0,10.0,18.0
crash_07011,2018-07-14 13:40:00,2018,7,Jul,Sat,13,Daytime,30,NO CONTROLS,CLEAR,DAYLIGHT,REAR END,NOT DIVIDED,DRY,NO INJURY / DRIVE AWAY,,,"OVER $1,500",UNABLE TO DETERMINE,3,NO INDICATION OF INJURY,0,0,41.9460116311,-87.7647578268,60641,"CHICAGO OHARE INTERNATIONAL AIRPORT, IL US",77.0,69.0,77.0,0.0,10.0,3.0
crash_07012,2025-06-24 16:08:00,2025,6,Jun,Tue,16,Evening commute,30,STOP SIGN/FLASHER,CLEAR,DAYLIGHT,TURNING,T-INTERSECTION,DRY,INJURY AND / OR TOW DUE TO CRASH,true,,"OVER $1,500",IMPROPER TURNING/NO SIGNAL,2,NO INDICATION OF INJURY,0,0,41.8345355874,-87.6426865075,60616,"CHICAGO MIDWAY AIRPORT, IL US",86.0,72.0,63.0,,10.0,13.0
crash_07013,2025-05-15 10:48:00,2025,5,May,Thu,10,Daytime,30,TRAFFIC SIGNAL,CLEAR,DAYLIGHT,REAR END,ONE-WAY,DRY,NO INJURY / DRIVE AWAY,true,,"OVER $1,500",UNABLE TO DETERMINE,2,NO INDICATION OF INJURY,0,0,41.7141256493,-87.6428525474,60628,"CHICAGO MIDWAY AIRPORT, IL US",83.0,64.0,53.0,0.0,10.0,14.0
crash_07014,2019-05-09 16:40:00,2019,5,May,Thu,16,Evening commute,30,YIELD,CLEAR,DAYLIGHT,REAR END,DIVIDED - W/MEDIAN BARRIER,DRY,NO INJURY / DRIVE AWAY,,,"OVER $1,500",FOLLOWING TOO CLOSELY,2,NO INDICATION OF INJURY,0,0,41.7514606032,-87.585971993,60619,"CHICAGO MIDWAY AIRPORT, IL US",58.0,46.0,65.0,0.0,10.0,16.0
crash_07015,2021-02-20 06:00:00,2021,2,Feb,Sat,6,Morning commute,20,NO CONTROLS,CLEAR,DAYLIGHT,PARKED MOTOR VEHICLE,ONE-WAY,SNOW OR SLUSH,NO INJURY / DRIVE AWAY,,true,"OVER $1,500",UNABLE TO DETERMINE,2,NO INDICATION OF INJURY,0,0,41.8956916193,-87.7508710213,60651,"CHICAGO MIDWAY AIRPORT, IL US",7.0,2.0,80.0,0.0,3.0,5.0
crash_07016,2020-02-04 15:15:00,2020,2,Feb,Tue,15,Evening commute,35,NO CONTROLS,CLEAR,DAYLIGHT,PARKED MOTOR VEHICLE,ONE-WAY,DRY,NO INJURY / DRIVE AWAY,,,$500 OR LESS,NOT APPLICABLE,2,NO INDICATION OF INJURY,0,0,41.8080116316,-87.676956909,60609,"CHICAGO MIDWAY AIRPORT, IL US",34.0,23.0,64.0,0.0,10.0,20.0
crash_07017,2025-10-16 17:45:00,2025,10,Oct,Thu,17,Evening commute,30,NO CONTROLS,CLEAR,DUSK,PEDALCYCLIST,DIVIDED - W/MEDIAN (NOT RAISED),DRY,NO INJURY / DRIVE AWAY,,,"$501 - $1,500",UNABLE TO DETERMINE,2,NO INDICATION OF INJURY,0,0,41.9033174306,-87.6343120597,60610,,,,,,,
crash_07018,2020-02-12 12:52:00,2020,2,Feb,Wed,12,Daytime,30,NO CONTROLS,CLEAR,DAYLIGHT,SIDESWIPE SAME DIRECTION,ONE-WAY,DRY,NO INJURY / DRIVE AWAY,,true,$500 OR LESS,IMPROPER OVERTAKING/PASSING,2,NO INDICATION OF INJURY,0,0,41.9057365121,-87.6261857286,60610,"CHICAGO MIDWAY AIRPORT, IL US",36.0,24.0,62.0,0.0,10.0,10.0
crash_07019,2022-10-20 07:18:00,2022,10,Oct,Thu,7,Morning commute,10,NO CONTROLS,CLOUDY/OVERCAST,DAYLIGHT,PARKED MOTOR VEHICLE,PARKING LOT,DRY,INJURY AND / OR TOW DUE TO CRASH,,,"OVER $1,500",IMPROPER BACKING,2,"REPORTED, NOT EVIDENT",1,0,41.8485213306,-87.7147603327,60623,"CHICAGO MIDWAY AIRPORT, IL US",35.0,18.0,50.0,0.0,10.0,8.0
crash_07020,2024-05-08 09:30:00,2024,5,May,Wed,9,Morning commute,30,OTHER WARNING SIGN,CLEAR,DAYLIGHT,REAR END,OTHER,DRY,NO INJURY / DRIVE AWAY,true,,"OVER $1,500",FAILING TO YIELD RIGHT-OF-WAY,3,NO INDICATION OF INJURY,0,0,41.852894346,-87.6390551853,60616,"CHICAGO MIDWAY AIRPORT, IL US",72.0,43.0,35.0,0.0,10.0,3.0
crash_07021,2021-05-11 13:10:00,2021,5,May,Tue,13,Daytime,30,NO CONTROLS,CLEAR,DAYLIGHT,SIDESWIPE SAME DIRECTION,NOT DIVIDED,DRY,NO INJURY / DRIVE AWAY,,,$500 OR LESS,NOT APPLICABLE,2,NO INDICATION OF INJURY,0,0,41.7870628607,-87.6500744902,60621,"CHICAGO MIDWAY AIRPORT, IL US",53.0,32.0,45.0,0.0,10.0,14.0
crash_07022,2021-02-23 00:50:00,2021,2,Feb,Tue,0,Night or early morning,25,NO CONTROLS,CLEAR,"DARKNESS, LIGHTED ROAD",FIXED OBJECT,DIVIDED - W/MEDIAN BARRIER,DRY,INJURY AND / OR TOW DUE TO CRASH,,,"OVER $1,500","OPERATING VEHICLE IN ERRATIC, RECKLESS, CARELESS, NEGLIGENT OR AGGRESSIVE MANNER",1,NO INDICATION OF INJURY,0,0,41.9852722985,-87.6528776791,60660,"CHICAGO OHARE INTERNATIONAL AIRPORT, IL US",39.0,30.0,70.0,0.0,10.0,14.0
crash_07023,2025-08-06 16:18:00,2025,8,Aug,Wed,16,Evening commute,30,TRAFFIC SIGNAL,CLEAR,DAWN,SIDESWIPE SAME DIRECTION,NOT DIVIDED,DRY,NO INJURY / DRIVE AWAY,,,"OVER $1,500",IMPROPER OVERTAKING/PASSING,2,NO INDICATION OF INJURY,0,0,41.7929065516,-87.7427590267,60638,"CHICAGO MIDWAY AIRPORT, IL US",86.0,63.0,46.0,0.0,9.0,13.0
crash_07024,2020-08-23 16:00:00,2020,8,Aug,Sun,16,Evening commute,30,TRAFFIC SIGNAL,CLEAR,DAYLIGHT,REAR END,DIVIDED - W/MEDIAN (NOT RAISED),DRY,NO INJURY / DRIVE AWAY,,,"$501 - $1,500",UNABLE TO DETERMINE,2,NO INDICATION OF INJURY,0,0,41.8663452189,-87.7008469366,60623,"CHICAGO MIDWAY AIRPORT, IL US",88.0,65.0,46.0,0.0,10.0,14.0
crash_07025,2025-08-26 08:00:00,2025,8,Aug,Tue,8,Morning commute,25,UNKNOWN,UNKNOWN,UNKNOWN,SIDESWIPE SAME DIRECTION,NOT DIVIDED,UNKNOWN,NO INJURY / DRIVE AWAY,,,"OVER $1,500",NOT APPLICABLE,2,NO INDICATION OF INJURY,0,0,41.895078838,-87.6158466585,60611,,,,,,,
crash_07026,2024-03-04 07:22:00,2024,3,Mar,Mon,7,Morning commute,30,TRAFFIC SIGNAL,CLEAR,DAYLIGHT,REAR END,FOUR WAY,UNKNOWN,NO INJURY / DRIVE AWAY,true,,"OVER $1,500",DISTRACTION - FROM OUTSIDE VEHICLE,2,NO INDICATION OF INJURY,0,0,41.7360065646,-87.645341819,60620,"CHICAGO MIDWAY AIRPORT, IL US",55.0,50.0,83.0,0.0,10.0,8.0
crash_07027,2024-02-26 08:45:00,2024,2,Feb,Mon,8,Morning commute,30,TRAFFIC SIGNAL,CLEAR,DAYLIGHT,PEDESTRIAN,FOUR WAY,DRY,INJURY AND / OR TOW DUE TO CRASH,true,true,$500 OR LESS,DISREGARDING TRAFFIC SIGNALS,2,NONINCAPACITATING INJURY,1,0,41.9170795021,-87.7264072012,60647,"CHICAGO MIDWAY AIRPORT, IL US",49.0,35.0,59.0,0.0,10.0,11.0
crash_07028,2025-02-17 11:40:00,2025,2,Feb,Mon,11,Daytime,30,STOP SIGN/FLASHER,CLEAR,DAYLIGHT,TURNING,DIVIDED - W/MEDIAN (NOT RAISED),ICE,INJURY AND / OR TOW DUE TO CRASH,true,,"OVER $1,500",UNABLE TO DETERMINE,2,NO INDICATION OF INJURY,0,0,41.8078569293,-87.7161250932,60632,"CHICAGO MIDWAY AIRPORT, IL US",10.0,-6.0,48.0,0.0,10.0,15.0
crash_07029,2020-10-30 17:00:00,2020,10,Oct,Fri,17,Evening commute,30,TRAFFIC SIGNAL,CLEAR,DAYLIGHT,REAR END,DIVIDED - W/MEDIAN (NOT RAISED),DRY,NO INJURY / DRIVE AWAY,,,"OVER $1,500",FAILING TO REDUCE SPEED TO AVOID CRASH,2,NO INDICATION OF INJURY,0,0,41.8011865425,-87.6746521808,60609,"CHICAGO MIDWAY AIRPORT, IL US",40.0,22.0,49.0,0.0,10.0,9.0
crash_07030,2021-11-17 08:10:00,2021,11,Nov,Wed,8,Morning commute,30,TRAFFIC SIGNAL,CLOUDY/OVERCAST,DAYLIGHT,TURNING,NOT DIVIDED,WET,NO INJURY / DRIVE AWAY,true,true,"OVER $1,500",UNABLE TO DETERMINE,2,NO INDICATION OF INJURY,0,0,41.8529657039,-87.6317559891,60616,"CHICAGO MIDWAY AIRPORT, IL US",61.0,54.0,78.0,0.0,10.0,10.0
crash_07031,2022-03-13 08:15:00,2022,3,Mar,Sun,8,Morning commute,30,NO CONTROLS,UNKNOWN,UNKNOWN,PARKED MOTOR VEHICLE,NOT DIVIDED,UNKNOWN,INJURY AND / OR TOW DUE TO CRASH,,true,"OVER $1,500",UNABLE TO DETERMINE,2,NO INDICATION OF INJURY,0,0,41.8440544729,-87.6205844495,60616,"CHICAGO MIDWAY AIRPORT, IL US",31.0,16.0,54.0,0.0,10.0,10.0
crash_07032,2020-01-19 23:01:00,2020,1,Jan,Sun,23,Night or early morning,30,NO CONTROLS,CLEAR,"DARKNESS, LIGHTED ROAD",TURNING,DIVIDED - W/MEDIAN (NOT RAISED),DRY,NO INJURY / DRIVE AWAY,,,"$501 - $1,500",IMPROPER TURNING/NO SIGNAL,2,NO INDICATION OF INJURY,0,0,41.750825387,-87.626474838,60620,"CHICAGO MIDWAY AIRPORT, IL US",18.0,11.0,74.0,0.0,10.0,10.0
crash_07033,2024-04-16 12:29:00,2024,4,Apr,Tue,12,Daytime,30,NO CONTROLS,CLEAR,DAYLIGHT,PARKED MOTOR VEHICLE,ONE-WAY,DRY,NO INJURY / DRIVE AWAY,,,"OVER $1,500",UNABLE TO DETERMINE,2,NO INDICATION OF INJURY,0,0,41.8833282382,-87.6271288675,60602,"CHICAGO MIDWAY AIRPORT, IL US",74.0,48.0,40.0,0.0,10.0,13.0
crash_07034,2020-08-15 21:00:00,2020,8,Aug,Sat,21,Night or early morning,30,TRAFFIC SIGNAL,CLEAR,"DARKNESS, LIGHTED ROAD",REAR TO FRONT,NOT DIVIDED,DRY,NO INJURY / DRIVE AWAY,true,,$500 OR LESS,IMPROPER BACKING,2,NO INDICATION OF INJURY,0,0,41.8931710772,-87.6324898726,60654,"CHICAGO MIDWAY AIRPORT, IL US",75.0,67.0,76.0,0.0,10.0,11.0
crash_07035,2025-12-30 18:40:00,2025,12,Dec,Tue,18,Evening commute,45,NO CONTROLS,SNOW,"DARKNESS, LIGHTED ROAD",REAR END,DIVIDED - W/MEDIAN BARRIER,SNOW OR SLUSH,INJURY AND / OR TOW DUE TO CRASH,,,"OVER $1,500",WEATHER,2,NO INDICATION OF INJURY,0,0,41.95517597,-87.8930788455,60666,,,,,,,
crash_07036,2022-02-18 08:40:00,2022,2,Feb,Fri,8,Morning commute,30,TRAFFIC SIGNAL,CLEAR,DAYLIGHT,PEDESTRIAN,DIVIDED - W/MEDIAN (NOT RAISED),WET,INJURY AND / OR TOW DUE TO CRASH,true,,$500 OR LESS,FAILING TO YIELD RIGHT-OF-WAY,2,INCAPACITATING INJURY,1,0,41.9396073882,-87.6685118779,60657,"CHICAGO MIDWAY AIRPORT, IL US",13.0,3.0,64.0,0.0,10.0,9.0
crash_07037,2018-02-21 18:40:00,2018,2,Feb,Wed,18,Evening commute,15,NO CONTROLS,CLEAR,"DARKNESS, LIGHTED ROAD",REAR END,ALLEY,DRY,NO INJURY / DRIVE AWAY,,true,"OVER $1,500",UNABLE TO DETERMINE,2,NO INDICATION OF INJURY,0,0,41.9605579699,-87.769909693,60630,"CHICAGO OHARE INTERNATIONAL AIRPORT, IL US",29.0,19.0,66.0,0.0,10.0,11.0
crash_07038,2022-03-04 13:27:00,2022,3,Mar,Fri,13,Daytime,35,TRAFFIC SIGNAL,CLEAR,DAYLIGHT,ANGLE,FOUR WAY,DRY,INJURY AND / OR TOW DUE TO CRASH,true,,"OVER $1,500",FAILING TO YIELD RIGHT-OF-WAY,2,NONINCAPACITATING INJURY,1,0,41.8663988918,-87.7154836783,60624,"CHICAGO MIDWAY AIRPORT, IL US",41.0,20.0,43.0,0.0,10.0,13.0
crash_07039,2023-04-15 04:00:00,2023,4,Apr,Sat,4,Night or early morning,20,NO CONTROLS,CLEAR,UNKNOWN,PARKED MOTOR VEHICLE,ONE-WAY,DRY,NO INJURY / DRIVE AWAY,,true,"OVER $1,500",UNABLE TO DETERMINE,3,NO INDICATION OF INJURY,0,0,41.7637549232,-87.5656064562,60649,"CHICAGO MIDWAY AIRPORT, IL US",68.0,53.0,59.0,0.0,10.0,7.0
crash_07040,2025-04-01 04:27:00,2025,4,Apr,Tue,4,Night or early morning,30,NO CONTROLS,CLEAR,"DARKNESS, LIGHTED ROAD",PARKED MOTOR VEHICLE,ONE-WAY,DRY,NO INJURY / DRIVE AWAY,,true,"OVER $1,500",UNABLE TO DETERMINE,2,NO INDICATION OF INJURY,0,0,41.7630341935,-87.5837386012,60649,"CHICAGO MIDWAY AIRPORT, IL US",35.0,22.0,59.0,0.0,10.0,13.0
crash_07041,2025-06-04 13:11:00,2025,6,Jun,Wed,13,Daytime,30,NO CONTROLS,RAIN,DAYLIGHT,REAR END,NOT DIVIDED,WET,INJURY AND / OR TOW DUE TO CRASH,,,"OVER $1,500",UNABLE TO DETERMINE,2,INCAPACITATING INJURY,3,0,41.8829300749,-87.7455154,60644,"CHICAGO MIDWAY AIRPORT, IL US",62.0,57.0,84.0,0.02,2.5,6.0
crash_07042,2022-04-27 09:45:00,2022,4,Apr,Wed,9,Morning commute,30,UNKNOWN,CLEAR,DAYLIGHT,SIDESWIPE SAME DIRECTION,NOT DIVIDED,DRY,NO INJURY / DRIVE AWAY,false,,"$501 - $1,500",IMPROPER LANE USAGE,2,NO INDICATION OF INJURY,0,0,41.883171112,-87.6245440168,60602,"CHICAGO MIDWAY AIRPORT, IL US",43.0,28.0,56.0,0.0,10.0,8.0
crash_07043,2023-09-20 00:30:00,2023,9,Sep,Wed,0,Night or early morning,35,NO CONTROLS,CLEAR,"DARKNESS, LIGHTED ROAD",PARKED MOTOR VEHICLE,NOT DIVIDED,DRY,INJURY AND / OR TOW DUE TO CRASH,,,"OVER $1,500",EQUIPMENT - VEHICLE CONDITION,2,NO INDICATION OF INJURY,0,0,41.6872546635,-87.6676298895,60643,"CHICAGO MIDWAY AIRPORT, IL US",67.0,51.0,57.0,0.0,10.0,9.0
crash_07044,2021-11-13 21:00:00,2021,11,Nov,Sat,21,Night or early morning,30,TRAFFIC SIGNAL,CLEAR,DARKNESS,TURNING,NOT DIVIDED,DRY,NO INJURY / DRIVE AWAY,true,,"OVER $1,500",IMPROPER TURNING/NO SIGNAL,2,NO INDICATION OF INJURY,0,0,41.7445811965,-87.5529020208,60617,"CHICAGO MIDWAY AIRPORT, IL US",37.0,26.0,65.0,0.0,10.0,15.0
crash_07045,2023-03-29 12:51:00,2023,3,Mar,Wed,12,Daytime,30,STOP SIGN/FLASHER,CLEAR,DAYLIGHT,TURNING,FOUR WAY,DRY,NO INJURY / DRIVE AWAY,,,"OVER $1,500",IMPROPER TURNING/NO SIGNAL,2,NO INDICATION OF INJURY,0,0,41.7687649682,-87.6434126062,60621,"CHICAGO MIDWAY AIRPORT, IL US",41.0,15.0,35.0,0.0,10.0,14.0