crash_id,crash_datetime,crash_year,crash_month,crash_month_name,crash_weekday_name,crash_hour,time_period,posted_speed_limit_mph,traffic_control_device,reported_weather_condition,reported_lighting_condition,first_crash_type,trafficway_type,reported_road_surface_condition,crash_type,intersection_related,hit_and_run,estimated_damage,primary_contributory_cause,unit_count,most_severe_injury,injuries_total,injuries_fatal,latitude,longitude,zip5,weather_station_name,temperature_f,dew_point_f,relative_humidity_percent,precipitation_inches,visibility_miles,wind_speed_mph
crash_07046,2025-01-26 13:00:00,2025,1,Jan,Sun,13,Daytime,30,TRAFFIC SIGNAL,CLEAR,DAYLIGHT,SIDESWIPE SAME DIRECTION,DIVIDED - W/MEDIAN BARRIER,DRY,NO INJURY / DRIVE AWAY,,,"$501 - $1,500",IMPROPER LANE USAGE,2,NO INDICATION OF INJURY,0,0,41.8755213933,-87.6285718615,60605,"CHICAGO MIDWAY AIRPORT, IL US",29.0,9.0,43.0,0.0,10.0,7.0
crash_07047,2025-03-10 15:41:00,2025,3,Mar,Mon,15,Evening commute,20,NO CONTROLS,CLEAR,DAYLIGHT,PARKED MOTOR VEHICLE,PARKING LOT,DRY,INJURY AND / OR TOW DUE TO CRASH,,,"OVER $1,500",IMPROPER BACKING,2,NONINCAPACITATING INJURY,1,0,41.7749229945,-87.7423209596,60638,"CHICAGO MIDWAY AIRPORT, IL US",69.0,33.0,26.0,0.0,10.0,15.0
crash_07048,2025-04-07 17:30:00,2025,4,Apr,Mon,17,Evening commute,30,TRAFFIC SIGNAL,CLEAR,DAYLIGHT,REAR END,DIVIDED - W/MEDIAN (NOT RAISED),DRY,INJURY AND / OR TOW DUE TO CRASH,,,"OVER $1,500",FOLLOWING TOO CLOSELY,2,"REPORTED, NOT EVIDENT",2,0,41.7794243354,-87.6834989393,60636,"CHICAGO MIDWAY AIRPORT, IL US",36.0,21.0,55.0,0.0,10.0,18.0
crash_07049,2024-02-02 14:00:00,2024,2,Feb,Fri,14,Daytime,30,TRAFFIC SIGNAL,CLEAR,DAYLIGHT,SIDESWIPE SAME DIRECTION,DIVIDED - W/MEDIAN BARRIER,DRY,NO INJURY / DRIVE AWAY,,true,"OVER $1,500",IMPROPER OVERTAKING/PASSING,2,NO INDICATION OF INJURY,0,0,41.8898747913,-87.6242597614,60611,"CHICAGO MIDWAY AIRPORT, IL US",42.0,31.0,65.0,0.0,10.0,11.0
crash_07050,2021-09-09 06:50:00,2021,9,Sep,Thu,6,Morning commute,30,TRAFFIC SIGNAL,CLEAR,DAYLIGHT,SIDESWIPE SAME DIRECTION,ONE-WAY,DRY,NO INJURY / DRIVE AWAY,,,$500 OR LESS,IMPROPER OVERTAKING/PASSING,2,NO INDICATION OF INJURY,0,0,41.8233155857,-87.629778268,60609,"CHICAGO MIDWAY AIRPORT, IL US",59.0,51.0,75.0,0.0,10.0,3.0
crash_07051,2021-09-09 23:00:00,2021,9,Sep,Thu,23,Night or early morning,30,NO CONTROLS,CLEAR,"DARKNESS, LIGHTED ROAD",PARKED MOTOR VEHICLE,NOT DIVIDED,DRY,NO INJURY / DRIVE AWAY,,,"OVER $1,500",IMPROPER BACKING,2,NO INDICATION OF INJURY,0,0,41.8581014091,-87.6539004732,60608,"CHICAGO MIDWAY AIRPORT, IL US",66.0,50.0,56.0,0.0,10.0,5.0
crash_07052,2023-07-14 23:20:00,2023,7,Jul,Fri,23,Night or early morning,30,NO CONTROLS,CLEAR,"DARKNESS, LIGHTED ROAD",ANGLE,DIVIDED - W/MEDIAN (NOT RAISED),DRY,NO INJURY / DRIVE AWAY,,,"OVER $1,500",IMPROPER OVERTAKING/PASSING,2,NO INDICATION OF INJURY,0,0,41.8843091165,-87.7478047708,60644,"CHICAGO MIDWAY AIRPORT, IL US",71.0,67.0,87.0,0.1,10.0,5.0
crash_07053,2023-08-01 11:40:00,2023,8,Aug,Tue,11,Daytime,30,TRAFFIC SIGNAL,CLEAR,DAYLIGHT,ANGLE,FOUR WAY,DRY,INJURY AND / OR TOW DUE TO CRASH,,true,"OVER $1,500",DISREGARDING OTHER TRAFFIC SIGNS,2,NONINCAPACITATING INJURY,1,0,41.749506859,-87.7147359029,60652,"CHICAGO MIDWAY AIRPORT, IL US",78.0,59.0,52.0,0.0,10.0,9.0
crash_07054,2023-10-18 13:36:00,2023,10,Oct,Wed,13,Daytime,30,NO CONTROLS,CLEAR,DAYLIGHT,PEDESTRIAN,NOT DIVIDED,DRY,INJURY AND / OR TOW DUE TO CRASH,true,,$500 OR LESS,UNABLE TO DETERMINE,2,INCAPACITATING INJURY,1,0,41.8307555886,-87.6386548781,60609,"CHICAGO MIDWAY AIRPORT, IL US",64.0,47.0,54.0,0.0,10.0,14.0
crash_07055,2025-04-03 09:53:00,2025,4,Apr,Thu,9,Morning commute,30,TRAFFIC SIGNAL,CLEAR,DAYLIGHT,ANGLE,DIVIDED - W/MEDIAN (NOT RAISED),DRY,INJURY AND / OR TOW DUE TO CRASH,true,true,"OVER $1,500",DISREGARDING TRAFFIC SIGNALS,2,NONINCAPACITATING INJURY,1,0,41.8247210606,-87.6947879465,60632,"CHICAGO MIDWAY AIRPORT, IL US",52.0,35.0,53.0,0.0,10.0,21.0
crash_07056,2024-05-12 11:27:00,2024,5,May,Sun,11,Daytime,30,STOP SIGN/FLASHER,CLEAR,DAYLIGHT,REAR END,NOT DIVIDED,DRY,INJURY AND / OR TOW DUE TO CRASH,,,"OVER $1,500","VISION OBSCURED (SIGNS, TREE LIMBS, BUILDINGS, ETC.)",3,NO INDICATION OF INJURY,0,0,41.9051054203,-87.7656123844,60651,"CHICAGO MIDWAY AIRPORT, IL US",76.0,45.0,33.0,0.0,10.0,9.0
crash_07057,2021-03-10 07:50:00,2021,3,Mar,Wed,7,Morning commute,30,NO CONTROLS,CLEAR,DAYLIGHT,SIDESWIPE SAME DIRECTION,NOT DIVIDED,DRY,NO INJURY / DRIVE AWAY,,,"OVER $1,500",UNABLE TO DETERMINE,2,NO INDICATION OF INJURY,0,0,41.9171123812,-87.7217236671,60647,"CHICAGO MIDWAY AIRPORT, IL US",57.0,38.0,49.0,0.0,10.0,17.0
crash_07058,2025-08-07 19:50:00,2025,8,Aug,Thu,19,Night or early morning,30,NO CONTROLS,CLEAR,DAYLIGHT,REAR END,NOT DIVIDED,DRY,NO INJURY / DRIVE AWAY,,,"OVER $1,500",FOLLOWING TOO CLOSELY,2,NO INDICATION OF INJURY,0,0,41.9838584958,-87.6525460157,60640,"CHICAGO OHARE INTERNATIONAL AIRPORT, IL US",85.0,72.0,65.0,0.0,10.0,9.0
crash_07059,2021-05-27 14:35:00,2021,5,May,Thu,14,Daytime,30,TRAFFIC SIGNAL,CLEAR,DAYLIGHT,TURNING,NOT DIVIDED,DRY,NO INJURY / DRIVE AWAY,true,,"OVER $1,500",UNABLE TO DETERMINE,2,NO INDICATION OF INJURY,0,0,41.8670838903,-87.644064643,60607,"CHICAGO MIDWAY AIRPORT, IL US",52.0,43.0,72.0,0.0,10.0,22.0
crash_07060,2021-05-29 20:45:00,2021,5,May,Sat,20,Night or early morning,30,STOP SIGN/FLASHER,CLEAR,"DARKNESS, LIGHTED ROAD",TURNING,UNKNOWN,DRY,NO INJURY / DRIVE AWAY,,,"OVER $1,500",UNABLE TO DETERMINE,2,NO INDICATION OF INJURY,0,0,41.926840021,-87.7039964477,60647,"CHICAGO MIDWAY AIRPORT, IL US",52.0,27.0,38.0,0.0,10.0,9.0
crash_07061,2021-02-19 23:41:00,2021,2,Feb,Fri,23,Night or early morning,30,NO CONTROLS,CLEAR,"DARKNESS, LIGHTED ROAD",PARKED MOTOR VEHICLE,ONE-WAY,SNOW OR SLUSH,NO INJURY / DRIVE AWAY,,true,"OVER $1,500",UNABLE TO DETERMINE,2,NO INDICATION OF INJURY,0,0,41.782800037,-87.6979717484,60629,"CHICAGO MIDWAY AIRPORT, IL US",15.0,7.0,70.0,0.0,8.0,7.0
crash_07062,2021-02-13 20:37:00,2021,2,Feb,Sat,20,Night or early morning,30,TRAFFIC SIGNAL,SLEET/HAIL,"DARKNESS, LIGHTED ROAD",ANGLE,DIVIDED - W/MEDIAN (NOT RAISED),SNOW OR SLUSH,NO INJURY / DRIVE AWAY,true,,"$501 - $1,500",TURNING RIGHT ON RED,2,NO INDICATION OF INJURY,0,0,41.8381387795,-87.6461339302,60616,"CHICAGO MIDWAY AIRPORT, IL US",3.0,-6.0,66.0,0.0,10.0,16.0
crash_07063,2018-02-01 00:00:00,2018,2,Feb,Thu,0,Night or early morning,30,NO CONTROLS,UNKNOWN,"DARKNESS, LIGHTED ROAD",PARKED MOTOR VEHICLE,ONE-WAY,DRY,NO INJURY / DRIVE AWAY,,true,"OVER $1,500",UNABLE TO DETERMINE,2,NO INDICATION OF INJURY,0,0,41.9739926509,-87.7868436936,60630,"CHICAGO OHARE INTERNATIONAL AIRPORT, IL US",35.0,25.0,67.0,0.0,10.0,10.0
crash_07064,2024-08-15 12:40:00,2024,8,Aug,Thu,12,Daytime,30,TRAFFIC SIGNAL,RAIN,DAYLIGHT,REAR END,NOT DIVIDED,DRY,NO INJURY / DRIVE AWAY,,,"$501 - $1,500",FOLLOWING TOO CLOSELY,2,NO INDICATION OF INJURY,0,0,41.7885899383,-87.781521088,60638,"CHICAGO MIDWAY AIRPORT, IL US",71.0,65.0,81.0,0.01,10.0,10.0
crash_07065,2024-08-06 22:20:00,2024,8,Aug,Tue,22,Night or early morning,15,NO CONTROLS,CLEAR,"DARKNESS, LIGHTED ROAD",PARKED MOTOR VEHICLE,ONE-WAY,DRY,NO INJURY / DRIVE AWAY,,true,"OVER $1,500",DRIVING SKILLS/KNOWLEDGE/EXPERIENCE,3,NO INDICATION OF INJURY,0,0,41.897573246,-87.6419360225,60610,"CHICAGO MIDWAY AIRPORT, IL US",73.0,62.0,69.0,0.0,10.0,15.0
crash_07066,2021-01-30 06:55:00,2021,1,Jan,Sat,6,Morning commute,30,NO CONTROLS,CLEAR,DAYLIGHT,SIDESWIPE SAME DIRECTION,NOT DIVIDED,DRY,NO INJURY / DRIVE AWAY,,,$500 OR LESS,UNABLE TO DETERMINE,2,NO INDICATION OF INJURY,0,0,41.8022839425,-87.7237108873,60632,"CHICAGO MIDWAY AIRPORT, IL US",30.0,16.0,56.0,0.0,10.0,16.0
crash_07067,2023-12-15 20:00:00,2023,12,Dec,Fri,20,Night or early morning,30,TRAFFIC SIGNAL,CLEAR,"DARKNESS, LIGHTED ROAD",TURNING,NOT DIVIDED,DRY,NO INJURY / DRIVE AWAY,,true,"OVER $1,500",UNABLE TO DETERMINE,2,NO INDICATION OF INJURY,0,0,41.8167293867,-87.7435367125,60638,"CHICAGO MIDWAY AIRPORT, IL US",49.0,28.0,44.0,0.0,10.0,5.0
crash_07068,2024-06-09 21:00:00,2024,6,Jun,Sun,21,Night or early morning,30,TRAFFIC SIGNAL,CLEAR,"DARKNESS, LIGHTED ROAD",PEDALCYCLIST,NOT DIVIDED,DRY,INJURY AND / OR TOW DUE TO CRASH,true,true,"OVER $1,500",FAILING TO YIELD RIGHT-OF-WAY,2,NONINCAPACITATING INJURY,1,0,41.8983862666,-87.7655829193,60651,"CHICAGO MIDWAY AIRPORT, IL US",63.0,50.0,63.0,0.0,10.0,16.0
crash_07069,2019-01-27 10:33:00,2019,1,Jan,Sun,10,Daytime,10,NO CONTROLS,OTHER,UNKNOWN,PARKED MOTOR VEHICLE,OTHER,OTHER,NO INJURY / DRIVE AWAY,,,"OVER $1,500",DISTRACTION - FROM INSIDE VEHICLE,2,NO INDICATION OF INJURY,0,0,41.8589452403,-87.6270803104,60616,"CHICAGO MIDWAY AIRPORT, IL US",5.0,-6.0,60.0,0.0,10.0,7.0
crash_07070,2018-12-19 16:30:00,2018,12,Dec,Wed,16,Evening commute,30,TRAFFIC SIGNAL,CLEAR,"DARKNESS, LIGHTED ROAD",TURNING,NOT DIVIDED,DRY,NO INJURY / DRIVE AWAY,true,,"OVER $1,500",IMPROPER TURNING/NO SIGNAL,2,NO INDICATION OF INJURY,0,0,41.9036057522,-87.6432801036,60610,"CHICAGO MIDWAY AIRPORT, IL US",47.0,40.0,77.0,0.0,10.0,13.0
crash_07071,2018-07-28 07:20:00,2018,7,Jul,Sat,7,Morning commute,30,NO CONTROLS,CLEAR,DAYLIGHT,PARKED MOTOR VEHICLE,DIVIDED - W/MEDIAN (NOT RAISED),DRY,NO INJURY / DRIVE AWAY,,false,"OVER $1,500",IMPROPER LANE USAGE,2,NO INDICATION OF INJURY,0,0,41.8419362503,-87.6428809949,60616,"CHICAGO MIDWAY AIRPORT, IL US",64.0,56.0,75.0,0.0,10.0,0.0
crash_07072,2020-05-28 03:45:00,2020,5,May,Thu,3,Night or early morning,20,NO CONTROLS,CLEAR,"DARKNESS, LIGHTED ROAD",PARKED MOTOR VEHICLE,ALLEY,DRY,INJURY AND / OR TOW DUE TO CRASH,,true,"OVER $1,500",FAILING TO REDUCE SPEED TO AVOID CRASH,2,NO INDICATION OF INJURY,0,0,41.9400328782,-87.8057233497,60634,"CHICAGO OHARE INTERNATIONAL AIRPORT, IL US",71.0,65.0,81.0,0.0,10.0,7.0
crash_07073,2024-12-06 07:18:00,2024,12,Dec,Fri,7,Morning commute,30,TRAFFIC SIGNAL,CLEAR,DAYLIGHT,REAR END,DIVIDED - W/MEDIAN BARRIER,DRY,INJURY AND / OR TOW DUE TO CRASH,,,"OVER $1,500",FAILING TO REDUCE SPEED TO AVOID CRASH,2,NO INDICATION OF INJURY,0,0,41.9537449782,-87.7130475708,60618,"CHICAGO OHARE INTERNATIONAL AIRPORT, IL US",15.0,8.0,74.0,,10.0,7.0
crash_07074,2019-10-18 16:30:00,2019,10,Oct,Fri,16,Evening commute,30,TRAFFIC SIGNAL,CLEAR,DUSK,TURNING,FOUR WAY,DRY,NO INJURY / DRIVE AWAY,true,,"OVER $1,500",IMPROPER LANE USAGE,2,NO INDICATION OF INJURY,0,0,41.8868854561,-87.6356218242,60606,"CHICAGO MIDWAY AIRPORT, IL US",60.0,39.0,46.0,0.0,10.0,11.0
crash_07075,2018-12-04 07:00:00,2018,12,Dec,Tue,7,Morning commute,30,NO CONTROLS,CLEAR,DAYLIGHT,ANGLE,ONE-WAY,DRY,NO INJURY / DRIVE AWAY,,,"$501 - $1,500",IMPROPER BACKING,2,NO INDICATION OF INJURY,0,0,41.7681807245,-87.7311711791,60629,"CHICAGO MIDWAY AIRPORT, IL US",30.0,20.0,66.0,0.0,10.0,11.0
crash_07076,2024-11-22 10:15:00,2024,11,Nov,Fri,10,Daytime,30,NO CONTROLS,CLEAR,DAYLIGHT,REAR END,DIVIDED - W/MEDIAN BARRIER,WET,NO INJURY / DRIVE AWAY,,true,"OVER $1,500",UNABLE TO DETERMINE,2,NO INDICATION OF INJURY,0,0,41.9906361312,-87.6756313477,60660,"CHICAGO OHARE INTERNATIONAL AIRPORT, IL US",45.0,38.0,77.0,0.0,10.0,15.0
crash_07077,2022-09-18 22:30:00,2022,9,Sep,Sun,22,Night or early morning,45,NO CONTROLS,CLEAR,"DARKNESS, LIGHTED ROAD",SIDESWIPE SAME DIRECTION,ONE-WAY,DRY,NO INJURY / DRIVE AWAY,,false,"OVER $1,500",NOT APPLICABLE,2,NO INDICATION OF INJURY,0,0,41.8919370838,-87.6137762312,60611,"CHICAGO MIDWAY AIRPORT, IL US",82.0,65.0,56.0,0.0,10.0,5.0
crash_07078,2018-11-23 13:05:00,2018,11,Nov,Fri,13,Daytime,30,TRAFFIC SIGNAL,CLEAR,DAYLIGHT,TURNING,NOT DIVIDED,DRY,NO INJURY / DRIVE AWAY,,,"$501 - $1,500",FOLLOWING TOO CLOSELY,2,NO INDICATION OF INJURY,0,0,41.9526554062,-87.8073313241,60634,"CHICAGO OHARE INTERNATIONAL AIRPORT, IL US",50.0,36.0,59.0,0.0,10.0,16.0
crash_07079,2023-11-16 06:10:00,2023,11,Nov,Thu,6,Morning commute,30,NO CONTROLS,CLEAR,DAWN,PEDESTRIAN,DIVIDED - W/MEDIAN (NOT RAISED),DRY,INJURY AND / OR TOW DUE TO CRASH,,,"$501 - $1,500",UNABLE TO DETERMINE,2,NONINCAPACITATING INJURY,1,0,41.691730609,-87.6962946207,60655,"CHICAGO MIDWAY AIRPORT, IL US",47.0,35.0,63.0,0.0,10.0,7.0
crash_07080,2024-11-14 17:13:00,2024,11,Nov,Thu,17,Evening commute,30,NO CONTROLS,CLEAR,"DARKNESS, LIGHTED ROAD",SIDESWIPE SAME DIRECTION,NOT DIVIDED,DRY,NO INJURY / DRIVE AWAY,,,"$501 - $1,500",UNABLE TO DETERMINE,2,NO INDICATION OF INJURY,0,0,41.8693460235,-87.6274347983,60605,"CHICAGO MIDWAY AIRPORT, IL US",52.0,46.0,80.0,0.0,10.0,16.0
crash_07081,2025-12-21 18:39:00,2025,12,Dec,Sun,18,Evening commute,30,TRAFFIC SIGNAL,CLEAR,"DARKNESS, LIGHTED ROAD",ANGLE,FOUR WAY,DRY,INJURY AND / OR TOW DUE TO CRASH,,,"OVER $1,500",DISREGARDING TRAFFIC SIGNALS,2,NO INDICATION OF INJURY,0,0,41.8744067935,-87.6396530627,60607,,,,,,,
crash_07082,2025-05-02 12:25:00,2025,5,May,Fri,12,Daytime,30,NO CONTROLS,CLEAR,DAYLIGHT,SIDESWIPE SAME DIRECTION,CENTER TURN LANE,DRY,NO INJURY / DRIVE AWAY,,,"OVER $1,500",FAILING TO YIELD RIGHT-OF-WAY,2,NO INDICATION OF INJURY,0,0,41.9326660117,-87.6461872718,60614,"CHICAGO MIDWAY AIRPORT, IL US",53.0,42.0,66.0,0.0,10.0,7.0
crash_07083,2025-12-06 17:06:00,2025,12,Dec,Sat,17,Evening commute,15,NO CONTROLS,UNKNOWN,DARKNESS,FIXED OBJECT,ALLEY,SNOW OR SLUSH,NO INJURY / DRIVE AWAY,,,"OVER $1,500",UNABLE TO DETERMINE,1,NO INDICATION OF INJURY,0,0,41.758222157,-87.6440904984,60621,,,,,,,
crash_07084,2021-12-08 17:00:00,2021,12,Dec,Wed,17,Evening commute,30,STOP SIGN/FLASHER,CLEAR,DARKNESS,REAR END,NOT DIVIDED,DRY,NO INJURY / DRIVE AWAY,,,"OVER $1,500",FOLLOWING TOO CLOSELY,2,NO INDICATION OF INJURY,0,0,41.7627109859,-87.5631281767,60649,"CHICAGO MIDWAY AIRPORT, IL US",32.0,16.0,52.0,0.0,10.0,6.0
crash_07085,2019-12-13 07:41:00,2019,12,Dec,Fri,7,Morning commute,30,STOP SIGN/FLASHER,CLEAR,DAYLIGHT,SIDESWIPE SAME DIRECTION,NOT DIVIDED,DRY,NO INJURY / DRIVE AWAY,,true,"$501 - $1,500",IMPROPER OVERTAKING/PASSING,2,NO INDICATION OF INJURY,0,0,41.8379748337,-87.6594610257,60608,"CHICAGO MIDWAY AIRPORT, IL US",37.0,28.0,70.0,0.0,10.0,7.0
crash_07086,2018-09-16 17:20:00,2018,9,Sep,Sun,17,Evening commute,30,NO CONTROLS,CLEAR,DAYLIGHT,REAR END,PARKING LOT,DRY,NO INJURY / DRIVE AWAY,,true,"$501 - $1,500",IMPROPER BACKING,2,NO INDICATION OF INJURY,0,0,41.903825234,-87.64328636,60610,"CHICAGO MIDWAY AIRPORT, IL US",84.0,65.0,53.0,0.0,10.0,15.0
crash_07087,2018-03-18 00:01:00,2018,3,Mar,Sun,0,Night or early morning,25,NO CONTROLS,CLEAR,DARKNESS,PARKED MOTOR VEHICLE,ONE-WAY,DRY,NO INJURY / DRIVE AWAY,,true,"OVER $1,500",UNABLE TO DETERMINE,3,NO INDICATION OF INJURY,0,0,41.8026338673,-87.6537289331,60609,"CHICAGO MIDWAY AIRPORT, IL US",32.0,19.0,59.0,0.0,10.0,0.0
crash_07088,2021-02-09 14:30:00,2021,2,Feb,Tue,14,Daytime,30,NO CONTROLS,CLEAR,DAYLIGHT,SIDESWIPE SAME DIRECTION,PARKING LOT,DRY,INJURY AND / OR TOW DUE TO CRASH,,,"OVER $1,500",IMPROPER BACKING,2,"REPORTED, NOT EVIDENT",1,0,41.7647997332,-87.663734792,60636,"CHICAGO MIDWAY AIRPORT, IL US",18.0,-4.0,37.0,0.0,10.0,3.0
crash_07089,2023-09-12 16:52:00,2023,9,Sep,Tue,16,Evening commute,30,NO CONTROLS,CLEAR,DAYLIGHT,REAR TO REAR,DIVIDED - W/MEDIAN (NOT RAISED),DRY,INJURY AND / OR TOW DUE TO CRASH,,,"$501 - $1,500","OPERATING VEHICLE IN ERRATIC, RECKLESS, CARELESS, NEGLIGENT OR AGGRESSIVE MANNER",2,NO INDICATION OF INJURY,0,0,41.8591258372,-87.6254933506,60616,"CHICAGO MIDWAY AIRPORT, IL US",69.0,53.0,57.0,0.0,10.0,8.0
crash_07090,2024-07-31 21:53:00,2024,7,Jul,Wed,21,Night or early morning,30,TRAFFIC SIGNAL,UNKNOWN,UNKNOWN,REAR END,UNKNOWN,UNKNOWN,NO INJURY / DRIVE AWAY,true,true,"OVER $1,500",DRIVING SKILLS/KNOWLEDGE/EXPERIENCE,2,NO INDICATION OF INJURY,0,0,41.8880820673,-87.6205011708,60601,"CHICAGO MIDWAY AIRPORT, IL US",82.0,69.0,65.0,0.0,10.0,9.0
crash_07091,2021-08-24 19:00:00,2021,8,Aug,Tue,19,Night or early morning,30,TRAFFIC SIGNAL,RAIN,"DARKNESS, LIGHTED ROAD",SIDESWIPE SAME DIRECTION,NOT DIVIDED,WET,NO INJURY / DRIVE AWAY,,,"OVER $1,500",UNABLE TO DETERMINE,2,NO INDICATION OF INJURY,0,0,41.8799756222,-87.7647124867,60644,"CHICAGO MIDWAY AIRPORT, IL US",79.0,69.0,72.0,0.0,9.0,15.0
crash_07092,2021-05-13 07:50:00,2021,5,May,Thu,7,Morning commute,25,NO CONTROLS,CLEAR,DAYLIGHT,TURNING,NOT DIVIDED,DRY,NO INJURY / DRIVE AWAY,,,"$501 - $1,500",UNABLE TO DETERMINE,2,NO INDICATION OF INJURY,0,0,41.9889026315,-87.655202871,60660,"CHICAGO OHARE INTERNATIONAL AIRPORT, IL US",53.0,26.0,35.0,0.0,10.0,6.0
crash_07093,2019-10-30 12:27:00,2019,10,Oct,Wed,12,Daytime,20,TRAFFIC SIGNAL,RAIN,"DARKNESS, LIGHTED ROAD",SIDESWIPE SAME DIRECTION,NOT DIVIDED,WET,NO INJURY / DRIVE AWAY,true,,$500 OR LESS,FAILING TO YIELD RIGHT-OF-WAY,2,NO INDICATION OF INJURY,0,0,41.8992808849,-87.7087065792,60651,"CHICAGO MIDWAY AIRPORT, IL US",41.0,38.0,89.0,0.01,10.0,11.0
crash_07094,2018-04-02 21:45:00,2018,4,Apr,Mon,21,Night or early morning,10,NO CONTROLS,CLEAR,"DARKNESS, LIGHTED ROAD",ANGLE,PARKING LOT,UNKNOWN,NO INJURY / DRIVE AWAY,,,"OVER $1,500",FAILING TO YIELD RIGHT-OF-WAY,2,NO INDICATION OF INJURY,0,0,41.9095051477,-87.7469599363,60651,"CHICAGO MIDWAY AIRPORT, IL US",41.0,31.0,67.0,0.0,10.0,7.0
crash_07095,2019-08-13 06:45:00,2019,8,Aug,Tue,6,Morning commute,30,OTHER,CLEAR,DAYLIGHT,SIDESWIPE SAME DIRECTION,NOT DIVIDED,DRY,NO INJURY / DRIVE AWAY,,,"$501 - $1,500",IMPROPER LANE USAGE,2,NO INDICATION OF INJURY,0,0,41.7217928111,-87.6237002764,60619,"CHICAGO MIDWAY AIRPORT, IL US",73.0,72.0,94.0,,3.0,6.0
crash_07096,2018-03-03 01:53:00,2018,3,Mar,Sat,1,Night or early morning,30,TRAFFIC SIGNAL,CLEAR,"DARKNESS, LIGHTED ROAD",REAR END,NOT DIVIDED,DRY,INJURY AND / OR TOW DUE TO CRASH,,true,"OVER $1,500",FOLLOWING TOO CLOSELY,2,NO INDICATION OF INJURY,0,0,41.8820046743,-87.7745721931,60644,"CHICAGO MIDWAY AIRPORT, IL US",37.0,23.0,57.0,0.0,10.0,8.0
crash_07097,2020-09-26 20:13:00,2020,9,Sep,Sat,20,Night or early morning,30,NO CONTROLS,CLEAR,"DARKNESS, LIGHTED ROAD",OTHER NONCOLLISION,NOT DIVIDED,DRY,NO INJURY / DRIVE AWAY,,,"OVER $1,500",UNABLE TO DETERMINE,1,NO INDICATION OF INJURY,0,0,41.931468226,-87.7596856659,60641,"CHICAGO OHARE INTERNATIONAL AIRPORT, IL US",78.0,57.0,48.0,0.0,10.0,20.0
crash_07098,2022-06-14 09:07:00,2022,6,Jun,Tue,9,Morning commute,30,NO CONTROLS,CLEAR,DAYLIGHT,REAR END,NOT DIVIDED,DRY,INJURY AND / OR TOW DUE TO CRASH,,,"OVER $1,500",FOLLOWING TOO CLOSELY,3,NO INDICATION OF INJURY,0,0,41.8669478065,-87.6529685633,60608,"CHICAGO MIDWAY AIRPORT, IL US",89.0,76.0,65.0,0.0,10.0,11.0
crash_07099,2019-02-07 09:30:00,2019,2,Feb,Thu,9,Morning commute,30,NO CONTROLS,CLEAR,DAYLIGHT,OTHER OBJECT,NOT DIVIDED,DRY,NO INJURY / DRIVE AWAY,,,"$501 - $1,500",UNABLE TO DETERMINE,1,NO INDICATION OF INJURY,0,0,41.9414953361,-87.8149402253,60634,"CHICAGO OHARE INTERNATIONAL AIRPORT, IL US",37.0,36.0,93.0,,0.75,5.0
crash_07100,2021-01-19 02:00:00,2021,1,Jan,Tue,2,Night or early morning,30,NO CONTROLS,SNOW,DARKNESS,FIXED OBJECT,ONE-WAY,WET,INJURY AND / OR TOW DUE TO CRASH,,,"OVER $1,500",DRIVING SKILLS/KNOWLEDGE/EXPERIENCE,1,"REPORTED, NOT EVIDENT",1,0,41.9921329002,-87.6956559853,60659,"CHICAGO OHARE INTERNATIONAL AIRPORT, IL US",21.0,15.0,78.0,0.0,10.0,6.0
crash_07101,2023-08-02 12:08:00,2023,8,Aug,Wed,12,Daytime,30,TRAFFIC SIGNAL,CLEAR,DAYLIGHT,PARKED MOTOR VEHICLE,NOT DIVIDED,DRY,NO INJURY / DRIVE AWAY,,,"OVER $1,500","OPERATING VEHICLE IN ERRATIC, RECKLESS, CARELESS, NEGLIGENT OR AGGRESSIVE MANNER",2,NO INDICATION OF INJURY,0,0,41.9541388599,-87.7200155608,60618,"CHICAGO OHARE INTERNATIONAL AIRPORT, IL US",82.0,60.0,47.0,0.0,10.0,11.0
crash_07102,2024-01-12 17:51:00,2024,1,Jan,Fri,17,Evening commute,25,NO CONTROLS,SNOW,"DARKNESS, LIGHTED ROAD",TURNING,ALLEY,SNOW OR SLUSH,NO INJURY / DRIVE AWAY,,,"OVER $1,500",UNABLE TO DETERMINE,2,NO INDICATION OF INJURY,0,0,41.8931191936,-87.7542496367,60644,"CHICAGO MIDWAY AIRPORT, IL US",38.0,36.0,93.0,0.01,6.0,11.0
crash_07103,2022-02-03 14:20:00,2022,2,Feb,Thu,14,Daytime,30,NO CONTROLS,SNOW,DAYLIGHT,PARKED MOTOR VEHICLE,NOT DIVIDED,SNOW OR SLUSH,NO INJURY / DRIVE AWAY,,,"$501 - $1,500",IMPROPER OVERTAKING/PASSING,2,NO INDICATION OF INJURY,0,0,41.9279103109,-87.6487027362,60614,"CHICAGO MIDWAY AIRPORT, IL US",26.0,16.0,66.0,0.0,10.0,21.0
crash_07104,2025-09-26 18:41:00,2025,9,Sep,Fri,18,Evening commute,25,TRAFFIC SIGNAL,CLEAR,DUSK,TURNING,FOUR WAY,DRY,NO INJURY / DRIVE AWAY,,true,"OVER $1,500",IMPROPER TURNING/NO SIGNAL,2,NO INDICATION OF INJURY,0,0,41.7653936078,-87.625050475,60621,,,,,,,