crash_id,crash_datetime,crash_year,crash_month,crash_month_name,crash_weekday_name,crash_hour,time_period,posted_speed_limit_mph,traffic_control_device,reported_weather_condition,reported_lighting_condition,first_crash_type,trafficway_type,reported_road_surface_condition,crash_type,intersection_related,hit_and_run,estimated_damage,primary_contributory_cause,unit_count,most_severe_injury,injuries_total,injuries_fatal,latitude,longitude,zip5,weather_station_name,temperature_f,dew_point_f,relative_humidity_percent,precipitation_inches,visibility_miles,wind_speed_mph
crash_07105,2023-08-03 19:30:00,2023,8,Aug,Thu,19,Night or early morning,30,NO CONTROLS,CLEAR,"DARKNESS, LIGHTED ROAD",ANGLE,NOT DIVIDED,DRY,NO INJURY / DRIVE AWAY,,,"OVER $1,500",IMPROPER BACKING,2,NO INDICATION OF INJURY,0,0,42.017647105,-87.6912261546,60645,"CHICAGO OHARE INTERNATIONAL AIRPORT, IL US",82.0,68.0,63.0,0.0,10.0,8.0
crash_07106,2019-08-16 14:30:00,2019,8,Aug,Fri,14,Daytime,25,TRAFFIC SIGNAL,CLEAR,DAYLIGHT,SIDESWIPE SAME DIRECTION,FOUR WAY,DRY,INJURY AND / OR TOW DUE TO CRASH,true,,"OVER $1,500",UNABLE TO DETERMINE,2,NO INDICATION OF INJURY,0,0,41.8448473085,-87.6948115679,60608,"CHICAGO MIDWAY AIRPORT, IL US",83.0,66.0,57.0,0.0,10.0,18.0
crash_07107,2019-09-11 18:00:00,2019,9,Sep,Wed,18,Evening commute,20,NO CONTROLS,CLEAR,"DARKNESS, LIGHTED ROAD",PARKED MOTOR VEHICLE,DIVIDED - W/MEDIAN (NOT RAISED),DRY,NO INJURY / DRIVE AWAY,,true,"$501 - $1,500",UNABLE TO DETERMINE,2,NO INDICATION OF INJURY,0,0,42.0035318045,-87.6741217017,60626,"CHICAGO OHARE INTERNATIONAL AIRPORT, IL US",85.0,71.0,63.0,0.0,10.0,10.0
crash_07108,2019-10-17 08:15:00,2019,10,Oct,Thu,8,Morning commute,30,NO CONTROLS,CLEAR,DAYLIGHT,PARKED MOTOR VEHICLE,NOT DIVIDED,DRY,NO INJURY / DRIVE AWAY,,true,"OVER $1,500",UNABLE TO DETERMINE,2,NO INDICATION OF INJURY,0,0,41.9652240172,-87.6777508865,60640,"CHICAGO OHARE INTERNATIONAL AIRPORT, IL US",41.0,37.0,86.0,0.0,10.0,6.0
crash_07109,2023-04-20 20:14:00,2023,4,Apr,Thu,20,Night or early morning,30,NO CONTROLS,UNKNOWN,DAWN,PARKED MOTOR VEHICLE,NOT DIVIDED,UNKNOWN,NO INJURY / DRIVE AWAY,,true,"OVER $1,500",UNABLE TO DETERMINE,3,NO INDICATION OF INJURY,0,0,41.8545798674,-87.724692042,60623,"CHICAGO MIDWAY AIRPORT, IL US",64.0,57.0,78.0,,10.0,8.0
crash_07110,2018-12-10 14:00:00,2018,12,Dec,Mon,14,Daytime,30,OTHER,RAIN,DAYLIGHT,ANGLE,OTHER,DRY,NO INJURY / DRIVE AWAY,,,$500 OR LESS,NOT APPLICABLE,2,NO INDICATION OF INJURY,0,0,41.9414751629,-87.6688577294,60657,"CHICAGO MIDWAY AIRPORT, IL US",33.0,19.0,56.0,0.0,10.0,11.0
crash_07111,2023-02-12 17:32:00,2023,2,Feb,Sun,17,Evening commute,30,UNKNOWN,UNKNOWN,UNKNOWN,SIDESWIPE OPPOSITE DIRECTION,NOT DIVIDED,UNKNOWN,NO INJURY / DRIVE AWAY,,false,"OVER $1,500",UNABLE TO DETERMINE,2,NO INDICATION OF INJURY,0,0,41.917103631,-87.687248767,60647,"CHICAGO MIDWAY AIRPORT, IL US",46.0,22.0,38.0,0.0,10.0,7.0
crash_07112,2018-11-20 11:00:00,2018,11,Nov,Tue,11,Daytime,30,NO CONTROLS,CLEAR,DAYLIGHT,SIDESWIPE SAME DIRECTION,NOT DIVIDED,DRY,NO INJURY / DRIVE AWAY,,,"OVER $1,500",IMPROPER LANE USAGE,2,NO INDICATION OF INJURY,0,0,41.7387880507,-87.624055764,60619,"CHICAGO MIDWAY AIRPORT, IL US",35.0,22.0,59.0,0.0,10.0,8.0
crash_07113,2025-02-07 16:10:00,2025,2,Feb,Fri,16,Evening commute,30,NO CONTROLS,CLEAR,DAYLIGHT,TURNING,CENTER TURN LANE,DRY,NO INJURY / DRIVE AWAY,true,,"OVER $1,500",FAILING TO REDUCE SPEED TO AVOID CRASH,2,NO INDICATION OF INJURY,0,0,41.8233324147,-87.6509327133,60609,"CHICAGO MIDWAY AIRPORT, IL US",33.0,6.0,32.0,0.0,10.0,6.0
crash_07114,2018-09-13 17:10:00,2018,9,Sep,Thu,17,Evening commute,35,NO CONTROLS,CLEAR,DAYLIGHT,TURNING,DIVIDED - W/MEDIAN BARRIER,DRY,INJURY AND / OR TOW DUE TO CRASH,,,"OVER $1,500",FAILING TO YIELD RIGHT-OF-WAY,2,NO INDICATION OF INJURY,0,0,41.7500188532,-87.6968817102,60652,"CHICAGO MIDWAY AIRPORT, IL US",75.0,59.0,58.0,0.0,10.0,9.0
crash_07115,2022-11-25 13:38:00,2022,11,Nov,Fri,13,Daytime,30,NO CONTROLS,CLEAR,DAYLIGHT,PARKED MOTOR VEHICLE,NOT DIVIDED,DRY,NO INJURY / DRIVE AWAY,,,"$501 - $1,500",NOT APPLICABLE,2,NO INDICATION OF INJURY,0,0,41.9364501676,-87.650552452,60657,"CHICAGO MIDWAY AIRPORT, IL US",51.0,28.0,41.0,0.0,10.0,11.0
crash_07116,2018-01-23 20:10:00,2018,1,Jan,Tue,20,Night or early morning,30,TRAFFIC SIGNAL,CLEAR,"DARKNESS, LIGHTED ROAD",TURNING,NOT DIVIDED,DRY,INJURY AND / OR TOW DUE TO CRASH,true,,"OVER $1,500",FAILING TO YIELD RIGHT-OF-WAY,2,NO INDICATION OF INJURY,0,0,41.9945423053,-87.7138967838,60659,"CHICAGO OHARE INTERNATIONAL AIRPORT, IL US",30.0,22.0,72.0,0.0,10.0,11.0
crash_07117,2019-02-22 01:15:00,2019,2,Feb,Fri,1,Night or early morning,30,NO CONTROLS,CLEAR,DARKNESS,PARKED MOTOR VEHICLE,NOT DIVIDED,DRY,INJURY AND / OR TOW DUE TO CRASH,,true,"OVER $1,500",UNABLE TO DETERMINE,2,NO INDICATION OF INJURY,0,0,41.7107603485,-87.6366229022,60628,"CHICAGO MIDWAY AIRPORT, IL US",26.0,18.0,71.0,0.0,10.0,6.0
crash_07118,2025-07-25 11:50:00,2025,7,Jul,Fri,11,Daytime,30,TRAFFIC SIGNAL,CLEAR,DAYLIGHT,REAR END,NOT DIVIDED,DRY,INJURY AND / OR TOW DUE TO CRASH,,,"OVER $1,500",DISTRACTION - FROM INSIDE VEHICLE,2,NONINCAPACITATING INJURY,1,0,41.9973619559,-87.6606330429,60660,"CHICAGO OHARE INTERNATIONAL AIRPORT, IL US",82.0,71.0,69.0,0.0,10.0,7.0
crash_07119,2024-06-17 07:30:00,2024,6,Jun,Mon,7,Morning commute,30,UNKNOWN,CLEAR,DAYLIGHT,PARKED MOTOR VEHICLE,NOT DIVIDED,UNKNOWN,NO INJURY / DRIVE AWAY,,true,"OVER $1,500",UNABLE TO DETERMINE,2,NO INDICATION OF INJURY,0,0,41.9266957847,-87.6343064499,60614,"CHICAGO MIDWAY AIRPORT, IL US",83.0,70.0,65.0,0.0,10.0,13.0
crash_07120,2021-09-11 02:11:00,2021,9,Sep,Sat,2,Night or early morning,30,TRAFFIC SIGNAL,CLEAR,"DARKNESS, LIGHTED ROAD",ANGLE,DIVIDED - W/MEDIAN BARRIER,DRY,INJURY AND / OR TOW DUE TO CRASH,true,false,"OVER $1,500",DISREGARDING TRAFFIC SIGNALS,2,INCAPACITATING INJURY,4,0,41.8884651695,-87.6250072579,60601,"CHICAGO MIDWAY AIRPORT, IL US",69.0,52.0,55.0,0.0,10.0,8.0
crash_07121,2024-03-06 20:41:00,2024,3,Mar,Wed,20,Night or early morning,25,TRAFFIC SIGNAL,CLEAR,"DARKNESS, LIGHTED ROAD",REAR END,FOUR WAY,DRY,NO INJURY / DRIVE AWAY,true,,$500 OR LESS,DRIVING SKILLS/KNOWLEDGE/EXPERIENCE,2,NO INDICATION OF INJURY,0,0,41.8766674324,-87.6391776641,60607,"CHICAGO MIDWAY AIRPORT, IL US",41.0,33.0,73.0,0.0,10.0,9.0
crash_07122,2019-02-19 11:00:00,2019,2,Feb,Tue,11,Daytime,30,NO CONTROLS,CLEAR,DAYLIGHT,REAR END,DIVIDED - W/MEDIAN (NOT RAISED),WET,NO INJURY / DRIVE AWAY,,,"OVER $1,500",UNABLE TO DETERMINE,2,NO INDICATION OF INJURY,0,0,41.9964083631,-87.6703720112,60660,"CHICAGO OHARE INTERNATIONAL AIRPORT, IL US",28.0,12.0,51.0,0.0,10.0,3.0
crash_07123,2022-06-15 10:20:00,2022,6,Jun,Wed,10,Daytime,10,NO CONTROLS,CLEAR,DAYLIGHT,PARKED MOTOR VEHICLE,OTHER,DRY,NO INJURY / DRIVE AWAY,,,"$501 - $1,500",UNABLE TO DETERMINE,2,NO INDICATION OF INJURY,0,0,41.9768950984,-87.6922796678,60625,"CHICAGO OHARE INTERNATIONAL AIRPORT, IL US",87.0,70.0,57.0,0.0,10.0,8.0
crash_07124,2018-10-28 06:45:00,2018,10,Oct,Sun,6,Morning commute,30,NO CONTROLS,RAIN,DAWN,FIXED OBJECT,DIVIDED - W/MEDIAN (NOT RAISED),WET,INJURY AND / OR TOW DUE TO CRASH,,,"OVER $1,500",UNABLE TO DETERMINE,1,"REPORTED, NOT EVIDENT",1,0,41.7939229464,-87.8014421117,60638,"CHICAGO MIDWAY AIRPORT, IL US",47.0,44.0,90.0,0.02,6.0,9.0
crash_07125,2025-08-15 04:07:00,2025,8,Aug,Fri,4,Night or early morning,30,NO CONTROLS,CLEAR,DAWN,FIXED OBJECT,NOT DIVIDED,DRY,NO INJURY / DRIVE AWAY,,,"OVER $1,500",NOT APPLICABLE,1,NO INDICATION OF INJURY,0,0,41.7661466218,-87.6831364127,60636,"CHICAGO MIDWAY AIRPORT, IL US",73.0,62.0,69.0,0.0,10.0,3.0
crash_07126,2023-09-02 10:30:00,2023,9,Sep,Sat,10,Daytime,30,NO CONTROLS,CLEAR,DAYLIGHT,REAR END,NOT DIVIDED,DRY,INJURY AND / OR TOW DUE TO CRASH,,,"OVER $1,500",FOLLOWING TOO CLOSELY,2,NONINCAPACITATING INJURY,1,0,41.7584916621,-87.6165487606,60619,"CHICAGO MIDWAY AIRPORT, IL US",79.0,60.0,52.0,0.0,10.0,11.0
crash_07127,2021-10-26 13:00:00,2021,10,Oct,Tue,13,Daytime,30,UNKNOWN,UNKNOWN,UNKNOWN,REAR END,UNKNOWN,UNKNOWN,NO INJURY / DRIVE AWAY,,,"OVER $1,500",UNABLE TO DETERMINE,2,NO INDICATION OF INJURY,0,0,41.9175585479,-87.7851114255,60639,"CHICAGO OHARE INTERNATIONAL AIRPORT, IL US",56.0,42.0,60.0,0.0,10.0,10.0
crash_07128,2021-01-09 14:30:00,2021,1,Jan,Sat,14,Daytime,30,NO CONTROLS,CLEAR,DAYLIGHT,ANGLE,NOT DIVIDED,DRY,NO INJURY / DRIVE AWAY,,,"$501 - $1,500",UNABLE TO DETERMINE,2,NO INDICATION OF INJURY,0,0,41.8341473875,-87.6745978564,60608,"CHICAGO MIDWAY AIRPORT, IL US",38.0,23.0,55.0,0.0,10.0,6.0
crash_07129,2023-03-31 20:00:00,2023,3,Mar,Fri,20,Night or early morning,30,NO CONTROLS,UNKNOWN,DARKNESS,PARKED MOTOR VEHICLE,NOT DIVIDED,UNKNOWN,NO INJURY / DRIVE AWAY,,true,"OVER $1,500",IMPROPER OVERTAKING/PASSING,2,NO INDICATION OF INJURY,0,0,41.8871253691,-87.7554673895,60644,"CHICAGO MIDWAY AIRPORT, IL US",66.0,61.0,84.0,0.0,10.0,20.0
crash_07130,2021-05-04 16:00:00,2021,5,May,Tue,16,Evening commute,30,NO CONTROLS,CLEAR,DAYLIGHT,SIDESWIPE SAME DIRECTION,NOT DIVIDED,DRY,NO INJURY / DRIVE AWAY,,true,"OVER $1,500",UNABLE TO DETERMINE,2,NO INDICATION OF INJURY,0,0,41.7503223874,-87.6441824061,60620,"CHICAGO MIDWAY AIRPORT, IL US",50.0,45.0,83.0,0.0,10.0,5.0
crash_07131,2021-02-05 18:45:00,2021,2,Feb,Fri,18,Evening commute,30,UNKNOWN,SNOW,DAYLIGHT,REAR TO FRONT,NOT DIVIDED,SNOW OR SLUSH,NO INJURY / DRIVE AWAY,,,"$501 - $1,500",IMPROPER BACKING,2,NO INDICATION OF INJURY,0,0,41.9138642987,-87.6334413152,60614,"CHICAGO MIDWAY AIRPORT, IL US",13.0,2.0,61.0,0.0,10.0,20.0
crash_07132,2023-06-07 17:00:00,2023,6,Jun,Wed,17,Evening commute,30,TRAFFIC SIGNAL,CLEAR,DAYLIGHT,ANGLE,NOT DIVIDED,DRY,NO INJURY / DRIVE AWAY,,true,"OVER $1,500",DISREGARDING TRAFFIC SIGNALS,2,NO INDICATION OF INJURY,0,0,41.8257031758,-87.6850411227,60632,"CHICAGO MIDWAY AIRPORT, IL US",71.0,44.0,38.0,0.0,10.0,16.0
crash_07133,2023-03-03 11:10:00,2023,3,Mar,Fri,11,Daytime,30,NO CONTROLS,CLOUDY/OVERCAST,DAYLIGHT,SIDESWIPE SAME DIRECTION,NOT DIVIDED,DRY,NO INJURY / DRIVE AWAY,,true,"$501 - $1,500",IMPROPER LANE USAGE,2,NO INDICATION OF INJURY,0,0,41.7504679865,-87.6482406917,60620,"CHICAGO MIDWAY AIRPORT, IL US",37.0,30.0,76.0,0.0,9.0,18.0
crash_07134,2019-05-08 16:00:00,2019,5,May,Wed,16,Evening commute,10,NO CONTROLS,CLEAR,DAYLIGHT,FIXED OBJECT,PARKING LOT,DRY,INJURY AND / OR TOW DUE TO CRASH,,,"OVER $1,500",DISTRACTION - FROM INSIDE VEHICLE,1,NONINCAPACITATING INJURY,2,0,41.7217992199,-87.614287076,60628,"CHICAGO MIDWAY AIRPORT, IL US",67.0,51.0,57.0,0.0,10.0,10.0
crash_07135,2024-10-23 13:30:00,2024,10,Oct,Wed,13,Daytime,10,NO CONTROLS,CLEAR,DAYLIGHT,PARKED MOTOR VEHICLE,PARKING LOT,DRY,NO INJURY / DRIVE AWAY,,,"$501 - $1,500",IMPROPER BACKING,2,NO INDICATION OF INJURY,0,0,41.7993714309,-87.7231920617,60632,"CHICAGO MIDWAY AIRPORT, IL US",64.0,38.0,38.0,0.0,10.0,11.0
crash_07136,2019-06-13 16:30:00,2019,6,Jun,Thu,16,Evening commute,30,NO CONTROLS,CLEAR,DAYLIGHT,PARKED MOTOR VEHICLE,NOT DIVIDED,DRY,INJURY AND / OR TOW DUE TO CRASH,,,"OVER $1,500",FAILING TO REDUCE SPEED TO AVOID CRASH,2,NONINCAPACITATING INJURY,1,0,41.9860561126,-87.7095849877,60659,"CHICAGO OHARE INTERNATIONAL AIRPORT, IL US",67.0,39.0,36.0,0.0,10.0,18.0
crash_07137,2024-03-28 20:35:00,2024,3,Mar,Thu,20,Night or early morning,25,NO CONTROLS,CLEAR,DARKNESS,REAR TO FRONT,NOT DIVIDED,UNKNOWN,NO INJURY / DRIVE AWAY,,,"OVER $1,500",UNABLE TO DETERMINE,2,NO INDICATION OF INJURY,0,0,41.9583729322,-87.6548016285,60613,"CHICAGO MIDWAY AIRPORT, IL US",45.0,29.0,54.0,0.0,10.0,5.0
crash_07138,2024-04-27 05:39:00,2024,4,Apr,Sat,5,Night or early morning,30,NO CONTROLS,CLEAR,DAWN,FIXED OBJECT,NOT DIVIDED,WET,NO INJURY / DRIVE AWAY,,,"OVER $1,500",PHYSICAL CONDITION OF DRIVER,1,NO INDICATION OF INJURY,0,0,41.7740950899,-87.6661487056,60636,"CHICAGO MIDWAY AIRPORT, IL US",63.0,58.0,84.0,0.0,10.0,13.0
crash_07139,2024-07-18 09:01:00,2024,7,Jul,Thu,9,Morning commute,30,TRAFFIC SIGNAL,CLEAR,DAYLIGHT,TURNING,NOT DIVIDED,DRY,NO INJURY / DRIVE AWAY,true,,"OVER $1,500",IMPROPER BACKING,2,NO INDICATION OF INJURY,0,0,41.7930879051,-87.7526587151,60638,"CHICAGO MIDWAY AIRPORT, IL US",71.0,56.0,59.0,0.0,10.0,13.0
crash_07140,2018-09-29 15:51:00,2018,9,Sep,Sat,15,Evening commute,15,NO CONTROLS,CLOUDY/OVERCAST,DAYLIGHT,PARKED MOTOR VEHICLE,PARKING LOT,DRY,NO INJURY / DRIVE AWAY,,true,"OVER $1,500",FAILING TO REDUCE SPEED TO AVOID CRASH,2,NO INDICATION OF INJURY,0,0,41.975759996,-87.6924940586,60625,"CHICAGO OHARE INTERNATIONAL AIRPORT, IL US",57.0,37.0,47.0,0.0,10.0,9.0
crash_07141,2025-01-09 12:06:00,2025,1,Jan,Thu,12,Daytime,30,NO CONTROLS,CLEAR,DAYLIGHT,PARKED MOTOR VEHICLE,NOT DIVIDED,DRY,NO INJURY / DRIVE AWAY,true,,"$501 - $1,500",UNABLE TO DETERMINE,2,NO INDICATION OF INJURY,0,0,41.7577325515,-87.6637545548,60620,"CHICAGO MIDWAY AIRPORT, IL US",27.0,5.0,39.0,0.0,10.0,11.0
crash_07142,2018-06-15 23:31:00,2018,6,Jun,Fri,23,Night or early morning,30,NO CONTROLS,CLEAR,"DARKNESS, LIGHTED ROAD",PARKED MOTOR VEHICLE,NOT DIVIDED,DRY,INJURY AND / OR TOW DUE TO CRASH,,,"OVER $1,500",IMPROPER LANE USAGE,5,NO INDICATION OF INJURY,0,0,42.0073989917,-87.6613504844,60626,"CHICAGO OHARE INTERNATIONAL AIRPORT, IL US",80.0,68.0,67.0,0.0,10.0,6.0
crash_07143,2024-01-09 13:30:00,2024,1,Jan,Tue,13,Daytime,30,NO CONTROLS,RAIN,DAYLIGHT,SIDESWIPE SAME DIRECTION,DIVIDED - W/MEDIAN (NOT RAISED),WET,NO INJURY / DRIVE AWAY,,,"OVER $1,500",DRIVING SKILLS/KNOWLEDGE/EXPERIENCE,2,NO INDICATION OF INJURY,0,0,41.9858642175,-87.7681330691,60646,"CHICAGO OHARE INTERNATIONAL AIRPORT, IL US",34.0,32.0,92.0,0.09,0.5,10.0
crash_07144,2022-03-28 14:05:00,2022,3,Mar,Mon,14,Daytime,30,NO CONTROLS,CLEAR,DAYLIGHT,SIDESWIPE SAME DIRECTION,NOT DIVIDED,DRY,NO INJURY / DRIVE AWAY,,true,"OVER $1,500",FAILING TO YIELD RIGHT-OF-WAY,2,NO INDICATION OF INJURY,0,0,41.8058349453,-87.731393578,60632,"CHICAGO MIDWAY AIRPORT, IL US",34.0,10.0,37.0,0.0,10.0,9.0
crash_07145,2023-06-25 20:00:00,2023,6,Jun,Sun,20,Night or early morning,30,UNKNOWN,UNKNOWN,UNKNOWN,SIDESWIPE SAME DIRECTION,DRIVEWAY,UNKNOWN,NO INJURY / DRIVE AWAY,,,"OVER $1,500",UNABLE TO DETERMINE,2,NO INDICATION OF INJURY,0,0,41.8878619269,-87.6174198161,60601,"CHICAGO MIDWAY AIRPORT, IL US",69.0,63.0,81.0,0.24,10.0,11.0
crash_07146,2025-07-07 16:20:00,2025,7,Jul,Mon,16,Evening commute,30,TRAFFIC SIGNAL,CLEAR,DAYLIGHT,REAR END,DIVIDED - W/MEDIAN (NOT RAISED),DRY,NO INJURY / DRIVE AWAY,true,,"OVER $1,500",FOLLOWING TOO CLOSELY,2,NO INDICATION OF INJURY,0,0,41.9058460549,-87.7659352507,60651,"CHICAGO MIDWAY AIRPORT, IL US",82.0,54.0,38.0,0.0,10.0,8.0
crash_07147,2025-06-28 00:20:00,2025,6,Jun,Sat,0,Night or early morning,30,NO CONTROLS,CLEAR,"DARKNESS, LIGHTED ROAD",PARKED MOTOR VEHICLE,CENTER TURN LANE,DRY,NO INJURY / DRIVE AWAY,,,"OVER $1,500",IMPROPER TURNING/NO SIGNAL,2,NO INDICATION OF INJURY,0,0,41.9238426742,-87.7678110432,60639,"CHICAGO OHARE INTERNATIONAL AIRPORT, IL US",74.0,65.0,74.0,0.0,10.0,5.0
crash_07148,2018-12-23 12:30:00,2018,12,Dec,Sun,12,Daytime,35,TRAFFIC SIGNAL,CLEAR,DAYLIGHT,TURNING,ONE-WAY,DRY,NO INJURY / DRIVE AWAY,,,"$501 - $1,500",IMPROPER OVERTAKING/PASSING,2,NO INDICATION OF INJURY,0,0,41.8833205136,-87.6309819052,60602,"CHICAGO MIDWAY AIRPORT, IL US",37.0,26.0,65.0,0.0,10.0,16.0
crash_07149,2022-02-09 11:42:00,2022,2,Feb,Wed,11,Daytime,30,TRAFFIC SIGNAL,CLEAR,DAYLIGHT,REAR END,NOT DIVIDED,DRY,NO INJURY / DRIVE AWAY,,,"OVER $1,500",UNABLE TO DETERMINE,4,NO INDICATION OF INJURY,0,0,41.7459437834,-87.6052353391,60619,"CHICAGO MIDWAY AIRPORT, IL US",40.0,29.0,65.0,0.0,10.0,14.0
crash_07150,2024-05-08 17:57:00,2024,5,May,Wed,17,Evening commute,30,TRAFFIC SIGNAL,CLEAR,DAYLIGHT,PEDALCYCLIST,FOUR WAY,DRY,INJURY AND / OR TOW DUE TO CRASH,,,"OVER $1,500",NOT APPLICABLE,2,NONINCAPACITATING INJURY,1,0,41.8675245555,-87.6256838262,60605,"CHICAGO MIDWAY AIRPORT, IL US",72.0,37.0,28.0,0.0,10.0,15.0
crash_07151,2024-12-28 10:25:00,2024,12,Dec,Sat,10,Daytime,30,TRAFFIC SIGNAL,CLEAR,DAYLIGHT,SIDESWIPE SAME DIRECTION,DIVIDED - W/MEDIAN (NOT RAISED),DRY,NO INJURY / DRIVE AWAY,,,"$501 - $1,500",DRIVING ON WRONG SIDE/WRONG WAY,2,NO INDICATION OF INJURY,0,0,41.8408141312,-87.7047814293,60623,"CHICAGO MIDWAY AIRPORT, IL US",49.0,41.0,74.0,,10.0,14.0
crash_07152,2025-05-22 07:13:00,2025,5,May,Thu,7,Morning commute,30,STOP SIGN/FLASHER,CLEAR,DAYLIGHT,TURNING,T-INTERSECTION,DRY,INJURY AND / OR TOW DUE TO CRASH,true,,"OVER $1,500",IMPROPER TURNING/NO SIGNAL,2,NO INDICATION OF INJURY,0,0,41.8086141587,-87.6758524897,60609,"CHICAGO MIDWAY AIRPORT, IL US",50.0,44.0,80.0,0.0,10.0,8.0
crash_07153,2021-10-19 18:00:00,2021,10,Oct,Tue,18,Evening commute,30,TRAFFIC SIGNAL,CLEAR,DAYLIGHT,REAR END,DIVIDED - W/MEDIAN (NOT RAISED),DRY,NO INJURY / DRIVE AWAY,,,"OVER $1,500",FAILING TO REDUCE SPEED TO AVOID CRASH,2,NO INDICATION OF INJURY,0,0,41.7427279656,-87.6828247929,60652,"CHICAGO MIDWAY AIRPORT, IL US",68.0,41.0,38.0,0.0,10.0,9.0
crash_07154,2020-09-28 18:00:00,2020,9,Sep,Mon,18,Evening commute,25,UNKNOWN,CLEAR,DAYLIGHT,FIXED OBJECT,NOT DIVIDED,DRY,NO INJURY / DRIVE AWAY,,,"OVER $1,500",DISTRACTION - FROM OUTSIDE VEHICLE,1,NO INDICATION OF INJURY,0,0,41.895311519,-87.7204530735,60624,"CHICAGO MIDWAY AIRPORT, IL US",59.0,45.0,60.0,0.01,10.0,13.0
crash_07155,2022-07-01 16:30:00,2022,7,Jul,Fri,16,Evening commute,30,TRAFFIC SIGNAL,CLEAR,DAYLIGHT,TURNING,NOT DIVIDED,DRY,INJURY AND / OR TOW DUE TO CRASH,false,,"$501 - $1,500",IMPROPER OVERTAKING/PASSING,2,NO INDICATION OF INJURY,0,0,41.845140941,-87.6856043879,60608,"CHICAGO MIDWAY AIRPORT, IL US",76.0,58.0,54.0,0.0,10.0,0.0
crash_07156,2018-07-18 18:55:00,2018,7,Jul,Wed,18,Evening commute,30,TRAFFIC SIGNAL,CLEAR,DUSK,SIDESWIPE SAME DIRECTION,DIVIDED - W/MEDIAN (NOT RAISED),DRY,NO INJURY / DRIVE AWAY,true,,$500 OR LESS,FAILING TO REDUCE SPEED TO AVOID CRASH,2,NO INDICATION OF INJURY,0,0,41.9757609595,-87.7783252683,60630,"CHICAGO OHARE INTERNATIONAL AIRPORT, IL US",75.0,51.0,43.0,0.0,10.0,11.0
crash_07157,2024-09-01 11:00:00,2024,9,Sep,Sun,11,Daytime,30,NO CONTROLS,CLEAR,UNKNOWN,PARKED MOTOR VEHICLE,NOT DIVIDED,DRY,NO INJURY / DRIVE AWAY,,false,"OVER $1,500",UNABLE TO DETERMINE,2,NO INDICATION OF INJURY,0,0,41.9079505352,-87.7273711527,60651,"CHICAGO MIDWAY AIRPORT, IL US",76.0,57.0,52.0,0.0,10.0,16.0
crash_07158,2023-06-03 13:00:00,2023,6,Jun,Sat,13,Daytime,30,NO CONTROLS,CLEAR,DAYLIGHT,SIDESWIPE SAME DIRECTION,DIVIDED - W/MEDIAN (NOT RAISED),DRY,NO INJURY / DRIVE AWAY,,,"OVER $1,500",FAILING TO YIELD RIGHT-OF-WAY,2,NO INDICATION OF INJURY,0,0,41.921702061,-87.6489437316,60614,"CHICAGO MIDWAY AIRPORT, IL US",88.0,49.0,26.0,0.0,10.0,13.0
crash_07159,2022-07-09 21:49:00,2022,7,Jul,Sat,21,Night or early morning,30,NO CONTROLS,CLEAR,"DARKNESS, LIGHTED ROAD",TURNING,ONE-WAY,DRY,NO INJURY / DRIVE AWAY,,true,"OVER $1,500",UNABLE TO DETERMINE,2,NO INDICATION OF INJURY,0,0,41.9000802608,-87.6263992843,60611,"CHICAGO MIDWAY AIRPORT, IL US",70.0,55.0,59.0,0.0,10.0,7.0
crash_07160,2023-07-12 08:30:00,2023,7,Jul,Wed,8,Morning commute,30,STOP SIGN/FLASHER,CLEAR,DAYLIGHT,ANGLE,T-INTERSECTION,WET,NO INJURY / DRIVE AWAY,,,"OVER $1,500",DISREGARDING TRAFFIC SIGNALS,2,NO INDICATION OF INJURY,0,0,41.8958970763,-87.6842776449,60622,"CHICAGO MIDWAY AIRPORT, IL US",65.0,60.0,84.0,0.01,10.0,6.0
crash_07161,2018-04-10 09:00:00,2018,4,Apr,Tue,9,Morning commute,30,TRAFFIC SIGNAL,CLEAR,DAYLIGHT,REAR END,NOT DIVIDED,UNKNOWN,NO INJURY / DRIVE AWAY,true,,"$501 - $1,500",FOLLOWING TOO CLOSELY,2,NO INDICATION OF INJURY,0,0,41.866501191,-87.686157599,60608,"CHICAGO MIDWAY AIRPORT, IL US",35.0,24.0,64.0,0.0,10.0,0.0
crash_07162,2023-10-29 11:30:00,2023,10,Oct,Sun,11,Daytime,30,NO CONTROLS,CLOUDY/OVERCAST,DAYLIGHT,ANGLE,NOT DIVIDED,DRY,NO INJURY / DRIVE AWAY,true,,"OVER $1,500",FAILING TO YIELD RIGHT-OF-WAY,2,NO INDICATION OF INJURY,0,0,41.7713552059,-87.7336075359,60629,"CHICAGO MIDWAY AIRPORT, IL US",46.0,39.0,76.0,,10.0,14.0
crash_07163,2021-04-29 13:15:00,2021,4,Apr,Thu,13,Daytime,30,STOP SIGN/FLASHER,CLEAR,DAYLIGHT,PARKED MOTOR VEHICLE,T-INTERSECTION,DRY,NO INJURY / DRIVE AWAY,,,"OVER $1,500",NOT APPLICABLE,2,NO INDICATION OF INJURY,0,0,41.9929695238,-87.6797447451,60660,"CHICAGO OHARE INTERNATIONAL AIRPORT, IL US",61.0,50.0,67.0,,10.0,11.0
crash_07164,2023-07-17 12:00:00,2023,7,Jul,Mon,12,Daytime,30,NO CONTROLS,CLEAR,DAYLIGHT,TURNING,NOT DIVIDED,DRY,NO INJURY / DRIVE AWAY,,,"OVER $1,500",UNABLE TO DETERMINE,2,NO INDICATION OF INJURY,0,0,41.8618131985,-87.6956226861,60608,"CHICAGO MIDWAY AIRPORT, IL US",77.0,51.0,40.0,0.0,10.0,13.0