crash_id,crash_datetime,crash_year,crash_month,crash_month_name,crash_weekday_name,crash_hour,time_period,posted_speed_limit_mph,traffic_control_device,reported_weather_condition,reported_lighting_condition,first_crash_type,trafficway_type,reported_road_surface_condition,crash_type,intersection_related,hit_and_run,estimated_damage,primary_contributory_cause,unit_count,most_severe_injury,injuries_total,injuries_fatal,latitude,longitude,zip5,weather_station_name,temperature_f,dew_point_f,relative_humidity_percent,precipitation_inches,visibility_miles,wind_speed_mph
crash_07165,2020-10-23 10:10:00,2020,10,Oct,Fri,10,Daytime,15,NO CONTROLS,RAIN,DAYLIGHT,FIXED OBJECT,PARKING LOT,WET,NO INJURY / DRIVE AWAY,,,"$501 - $1,500",IMPROPER BACKING,1,NO INDICATION OF INJURY,0,0,41.7026196472,-87.6064555242,60628,"CHICAGO MIDWAY AIRPORT, IL US",55.0,52.0,90.0,0.06,6.0,8.0
crash_07166,2021-07-29 20:28:00,2021,7,Jul,Thu,20,Night or early morning,30,STOP SIGN/FLASHER,CLEAR,DUSK,REAR END,NOT DIVIDED,DRY,NO INJURY / DRIVE AWAY,,true,"OVER $1,500",FOLLOWING TOO CLOSELY,2,NO INDICATION OF INJURY,0,0,41.885755293,-87.6485857157,60607,"CHICAGO MIDWAY AIRPORT, IL US",74.0,62.0,67.0,0.0,10.0,13.0
crash_07167,2018-02-04 12:30:00,2018,2,Feb,Sun,12,Daytime,30,STOP SIGN/FLASHER,SNOW,DAYLIGHT,ANGLE,DIVIDED - W/MEDIAN BARRIER,SNOW OR SLUSH,NO INJURY / DRIVE AWAY,true,,"OVER $1,500",WEATHER,2,NO INDICATION OF INJURY,0,0,41.845349367,-87.6365016101,60616,"CHICAGO MIDWAY AIRPORT, IL US",18.0,12.0,77.0,0.0,8.0,22.0
crash_07168,2022-11-07 18:00:00,2022,11,Nov,Mon,18,Evening commute,30,NO CONTROLS,CLEAR,"DARKNESS, LIGHTED ROAD",SIDESWIPE SAME DIRECTION,DIVIDED - W/MEDIAN (NOT RAISED),DRY,NO INJURY / DRIVE AWAY,,true,"OVER $1,500",UNABLE TO DETERMINE,2,NO INDICATION OF INJURY,0,0,41.8517008022,-87.7214901062,60623,"CHICAGO MIDWAY AIRPORT, IL US",48.0,30.0,50.0,0.0,10.0,10.0
crash_07169,2022-05-13 16:00:00,2022,5,May,Fri,16,Evening commute,30,NO CONTROLS,CLEAR,DAYLIGHT,REAR END,NOT DIVIDED,DRY,NO INJURY / DRIVE AWAY,false,true,"OVER $1,500",UNABLE TO DETERMINE,2,NO INDICATION OF INJURY,0,0,41.9006872766,-87.6252044149,60611,"CHICAGO MIDWAY AIRPORT, IL US",93.0,43.0,18.0,0.0,10.0,9.0
crash_07170,2024-07-15 15:35:00,2024,7,Jul,Mon,15,Evening commute,30,TRAFFIC SIGNAL,CLEAR,DAYLIGHT,TURNING,FOUR WAY,DRY,INJURY AND / OR TOW DUE TO CRASH,true,,"OVER $1,500",FAILING TO YIELD RIGHT-OF-WAY,2,NO INDICATION OF INJURY,0,0,41.7720832688,-87.6639568574,60636,"CHICAGO MIDWAY AIRPORT, IL US",90.0,73.0,58.0,0.0,10.0,10.0
crash_07171,2019-01-20 19:40:00,2019,1,Jan,Sun,19,Night or early morning,30,NO CONTROLS,CLEAR,"DARKNESS, LIGHTED ROAD",REAR END,NOT DIVIDED,SNOW OR SLUSH,NO INJURY / DRIVE AWAY,,true,"$501 - $1,500",FOLLOWING TOO CLOSELY,2,NO INDICATION OF INJURY,0,0,41.8243563076,-87.7045936543,60632,"CHICAGO MIDWAY AIRPORT, IL US",10.0,-2.0,58.0,,10.0,17.0
crash_07172,2018-04-09 17:30:00,2018,4,Apr,Mon,17,Evening commute,25,NO CONTROLS,CLEAR,DAYLIGHT,PARKED MOTOR VEHICLE,DIVIDED - W/MEDIAN BARRIER,DRY,NO INJURY / DRIVE AWAY,,true,"$501 - $1,500",UNABLE TO DETERMINE,2,NO INDICATION OF INJURY,0,0,41.7967130346,-87.7566484947,60638,"CHICAGO MIDWAY AIRPORT, IL US",37.0,29.0,73.0,0.0,10.0,10.0
crash_07173,2023-08-11 07:55:00,2023,8,Aug,Fri,7,Morning commute,30,TRAFFIC SIGNAL,CLOUDY/OVERCAST,DAYLIGHT,TURNING,DIVIDED - W/MEDIAN (NOT RAISED),DRY,NO INJURY / DRIVE AWAY,,,"$501 - $1,500",UNABLE TO DETERMINE,2,NO INDICATION OF INJURY,0,0,41.9249094545,-87.6783829865,60647,"CHICAGO MIDWAY AIRPORT, IL US",73.0,66.0,79.0,0.0,10.0,6.0
crash_07174,2025-02-01 14:30:00,2025,2,Feb,Sat,14,Daytime,30,NO CONTROLS,CLEAR,DAYLIGHT,SIDESWIPE SAME DIRECTION,T-INTERSECTION,DRY,NO INJURY / DRIVE AWAY,,true,"$501 - $1,500",UNABLE TO DETERMINE,2,NO INDICATION OF INJURY,0,0,41.6949489463,-87.6423134098,60628,"CHICAGO MIDWAY AIRPORT, IL US",33.0,18.0,54.0,0.0,10.0,9.0
crash_07175,2019-02-27 14:30:00,2019,2,Feb,Wed,14,Daytime,30,TRAFFIC SIGNAL,CLEAR,DAYLIGHT,REAR END,DIVIDED - W/MEDIAN (NOT RAISED),DRY,NO INJURY / DRIVE AWAY,true,true,"OVER $1,500",FOLLOWING TOO CLOSELY,2,NO INDICATION OF INJURY,0,0,41.9661483537,-87.6886831658,60625,"CHICAGO OHARE INTERNATIONAL AIRPORT, IL US",28.0,18.0,66.0,,10.0,11.0
crash_07176,2019-07-11 18:12:00,2019,7,Jul,Thu,18,Evening commute,30,STOP SIGN/FLASHER,CLEAR,DAYLIGHT,ANGLE,FOUR WAY,DRY,NO INJURY / DRIVE AWAY,true,,"OVER $1,500",FAILING TO YIELD RIGHT-OF-WAY,2,NO INDICATION OF INJURY,0,0,41.8113065009,-87.6166556667,60653,"CHICAGO MIDWAY AIRPORT, IL US",76.0,62.0,62.0,0.0,10.0,14.0
crash_07177,2019-12-29 14:30:00,2019,12,Dec,Sun,14,Daytime,30,NO CONTROLS,CLEAR,DAYLIGHT,PARKED MOTOR VEHICLE,ONE-WAY,DRY,NO INJURY / DRIVE AWAY,,,"OVER $1,500",NOT APPLICABLE,2,NO INDICATION OF INJURY,0,0,41.8956415208,-87.6233897619,60611,"CHICAGO MIDWAY AIRPORT, IL US",56.0,51.0,84.0,0.0,10.0,10.0
crash_07178,2023-09-07 07:50:00,2023,9,Sep,Thu,7,Morning commute,30,NO CONTROLS,CLEAR,DAYLIGHT,REAR END,NOT DIVIDED,DRY,NO INJURY / DRIVE AWAY,,,"OVER $1,500",UNABLE TO DETERMINE,2,NO INDICATION OF INJURY,0,0,41.9836125724,-87.8070812057,60631,"CHICAGO OHARE INTERNATIONAL AIRPORT, IL US",66.0,63.0,90.0,0.0,10.0,10.0
crash_07179,2018-08-22 18:35:00,2018,8,Aug,Wed,18,Evening commute,30,NO CONTROLS,CLEAR,DAYLIGHT,TURNING,NOT DIVIDED,DRY,INJURY AND / OR TOW DUE TO CRASH,true,,"OVER $1,500",IMPROPER OVERTAKING/PASSING,2,NO INDICATION OF INJURY,0,0,41.6870984079,-87.6682112692,60643,"CHICAGO MIDWAY AIRPORT, IL US",76.0,46.0,35.0,0.0,10.0,13.0
crash_07180,2025-11-23 16:32:00,2025,11,Nov,Sun,16,Evening commute,30,TRAFFIC SIGNAL,CLEAR,DUSK,REAR END,DIVIDED - W/MEDIAN BARRIER,DRY,NO INJURY / DRIVE AWAY,,true,$500 OR LESS,FOLLOWING TOO CLOSELY,2,NO INDICATION OF INJURY,0,0,41.6577736728,-87.5594368577,60633,,,,,,,
crash_07181,2024-04-18 14:45:00,2024,4,Apr,Thu,14,Daytime,30,TRAFFIC SIGNAL,CLEAR,DAYLIGHT,SIDESWIPE SAME DIRECTION,NOT DIVIDED,DRY,NO INJURY / DRIVE AWAY,,,"$501 - $1,500",UNABLE TO DETERMINE,2,NO INDICATION OF INJURY,0,0,41.8074414739,-87.664794934,60609,"CHICAGO MIDWAY AIRPORT, IL US",59.0,39.0,48.0,0.0,10.0,10.0
crash_07182,2021-03-07 17:48:00,2021,3,Mar,Sun,17,Evening commute,30,TRAFFIC SIGNAL,CLEAR,DUSK,ANGLE,Y-INTERSECTION,DRY,INJURY AND / OR TOW DUE TO CRASH,true,,"OVER $1,500",DISREGARDING TRAFFIC SIGNALS,4,NONINCAPACITATING INJURY,2,0,41.7373081104,-87.5656585147,60617,"CHICAGO MIDWAY AIRPORT, IL US",50.0,26.0,39.0,0.0,10.0,11.0
crash_07183,2018-05-07 10:30:00,2018,5,May,Mon,10,Daytime,30,NO CONTROLS,CLEAR,DAYLIGHT,REAR END,ONE-WAY,DRY,NO INJURY / DRIVE AWAY,,,"$501 - $1,500",IMPROPER BACKING,2,NO INDICATION OF INJURY,0,0,41.9968878777,-87.6875621241,60659,"CHICAGO OHARE INTERNATIONAL AIRPORT, IL US",68.0,43.0,40.0,0.0,10.0,0.0
crash_07184,2018-05-21 17:45:00,2018,5,May,Mon,17,Evening commute,30,NO CONTROLS,RAIN,DAYLIGHT,SIDESWIPE OPPOSITE DIRECTION,DIVIDED - W/MEDIAN BARRIER,WET,NO INJURY / DRIVE AWAY,,true,"$501 - $1,500",DRIVING SKILLS/KNOWLEDGE/EXPERIENCE,2,NO INDICATION OF INJURY,0,0,41.7935725032,-87.7058607451,60632,"CHICAGO MIDWAY AIRPORT, IL US",63.0,61.0,94.0,,2.5,6.0
crash_07185,2025-03-02 16:20:00,2025,3,Mar,Sun,16,Evening commute,30,NO CONTROLS,CLEAR,DAYLIGHT,SIDESWIPE SAME DIRECTION,NOT DIVIDED,UNKNOWN,NO INJURY / DRIVE AWAY,,true,$500 OR LESS,IMPROPER OVERTAKING/PASSING,2,NO INDICATION OF INJURY,0,0,41.9075907068,-87.7548228247,60651,"CHICAGO MIDWAY AIRPORT, IL US",38.0,5.0,25.0,0.0,10.0,6.0
crash_07186,2021-06-04 14:40:00,2021,6,Jun,Fri,14,Daytime,30,UNKNOWN,UNKNOWN,DAYLIGHT,SIDESWIPE SAME DIRECTION,DIVIDED - W/MEDIAN (NOT RAISED),UNKNOWN,NO INJURY / DRIVE AWAY,,true,"OVER $1,500",IMPROPER OVERTAKING/PASSING,2,NO INDICATION OF INJURY,0,0,41.7507407803,-87.6053703511,60619,"CHICAGO MIDWAY AIRPORT, IL US",90.0,48.0,24.0,0.0,10.0,15.0
crash_07187,2024-09-29 03:47:00,2024,9,Sep,Sun,3,Night or early morning,35,TRAFFIC SIGNAL,CLEAR,"DARKNESS, LIGHTED ROAD",PEDALCYCLIST,ONE-WAY,DRY,INJURY AND / OR TOW DUE TO CRASH,true,,"OVER $1,500",BICYCLE ADVANCING LEGALLY ON RED LIGHT,2,INCAPACITATING INJURY,1,0,41.8915155159,-87.6311970679,60654,"CHICAGO MIDWAY AIRPORT, IL US",70.0,58.0,66.0,0.0,10.0,13.0
crash_07188,2024-04-10 14:20:00,2024,4,Apr,Wed,14,Daytime,20,STOP SIGN/FLASHER,CLEAR,DAYLIGHT,REAR END,NOT DIVIDED,UNKNOWN,NO INJURY / DRIVE AWAY,,,"$501 - $1,500",UNABLE TO DETERMINE,2,NO INDICATION OF INJURY,0,0,41.930822968,-87.7928796354,60707,"CHICAGO OHARE INTERNATIONAL AIRPORT, IL US",67.0,38.0,35.0,0.0,10.0,0.0
crash_07189,2025-04-30 14:00:00,2025,4,Apr,Wed,14,Daytime,30,NO CONTROLS,CLEAR,DAYLIGHT,SIDESWIPE SAME DIRECTION,NOT DIVIDED,DRY,NO INJURY / DRIVE AWAY,,true,"OVER $1,500",UNABLE TO DETERMINE,2,NO INDICATION OF INJURY,0,0,41.6619588785,-87.588988595,60633,"CHICAGO MIDWAY AIRPORT, IL US",59.0,43.0,56.0,0.0,10.0,10.0
crash_07190,2023-09-08 21:15:00,2023,9,Sep,Fri,21,Night or early morning,30,TRAFFIC SIGNAL,UNKNOWN,UNKNOWN,TURNING,NOT DIVIDED,UNKNOWN,NO INJURY / DRIVE AWAY,,,"OVER $1,500",NOT APPLICABLE,2,NO INDICATION OF INJURY,0,0,41.7078449551,-87.5889387252,60628,"CHICAGO MIDWAY AIRPORT, IL US",64.0,56.0,75.0,0.0,10.0,6.0
crash_07191,2023-11-21 06:49:00,2023,11,Nov,Tue,6,Morning commute,30,NO CONTROLS,RAIN,DAWN,ANGLE,FOUR WAY,WET,INJURY AND / OR TOW DUE TO CRASH,true,,"OVER $1,500",FAILING TO YIELD RIGHT-OF-WAY,2,NO INDICATION OF INJURY,0,0,41.7679923221,-87.585899131,60649,"CHICAGO MIDWAY AIRPORT, IL US",44.0,41.0,89.0,0.0,8.0,3.0
crash_07192,2018-09-10 16:00:00,2018,9,Sep,Mon,16,Evening commute,30,NO CONTROLS,CLEAR,DAYLIGHT,REAR END,NOT DIVIDED,DRY,NO INJURY / DRIVE AWAY,,,"OVER $1,500",FOLLOWING TOO CLOSELY,2,NO INDICATION OF INJURY,0,0,41.9849918235,-87.7878488945,60631,"CHICAGO OHARE INTERNATIONAL AIRPORT, IL US",72.0,58.0,61.0,0.0,10.0,8.0
crash_07193,2021-07-06 11:20:00,2021,7,Jul,Tue,11,Daytime,35,NO CONTROLS,CLEAR,DAYLIGHT,REAR END,DIVIDED - W/MEDIAN (NOT RAISED),DRY,INJURY AND / OR TOW DUE TO CRASH,,,"OVER $1,500",FAILING TO REDUCE SPEED TO AVOID CRASH,2,INCAPACITATING INJURY,5,0,41.7443536513,-87.5754362408,60617,"CHICAGO MIDWAY AIRPORT, IL US",87.0,67.0,51.0,0.0,10.0,11.0
crash_07194,2018-11-27 09:55:00,2018,11,Nov,Tue,9,Morning commute,35,NO CONTROLS,CLEAR,DAYLIGHT,PARKED MOTOR VEHICLE,DIVIDED - W/MEDIAN (NOT RAISED),DRY,NO INJURY / DRIVE AWAY,,false,$500 OR LESS,UNABLE TO DETERMINE,2,,,,41.903973232,-87.6338260054,60610,"CHICAGO MIDWAY AIRPORT, IL US",24.0,15.0,68.0,0.0,10.0,11.0
crash_07195,2020-11-09 13:20:00,2020,11,Nov,Mon,13,Daytime,30,NO CONTROLS,CLEAR,DAYLIGHT,ANGLE,OTHER,DRY,NO INJURY / DRIVE AWAY,,false,"$501 - $1,500",UNABLE TO DETERMINE,2,NO INDICATION OF INJURY,0,0,41.744151639,-87.585945067,60619,"CHICAGO MIDWAY AIRPORT, IL US",75.0,58.0,55.0,0.0,10.0,15.0
crash_07196,2020-06-13 16:07:00,2020,6,Jun,Sat,16,Evening commute,30,TRAFFIC SIGNAL,CLEAR,DAYLIGHT,REAR END,NOT DIVIDED,DRY,INJURY AND / OR TOW DUE TO CRASH,true,true,"OVER $1,500",FAILING TO REDUCE SPEED TO AVOID CRASH,2,NONINCAPACITATING INJURY,1,0,41.8727722222,-87.7647318505,60644,"CHICAGO MIDWAY AIRPORT, IL US",67.0,44.0,44.0,0.0,10.0,16.0
crash_07197,2018-11-09 02:40:00,2018,11,Nov,Fri,2,Night or early morning,30,TRAFFIC SIGNAL,RAIN,"DARKNESS, LIGHTED ROAD",SIDESWIPE OPPOSITE DIRECTION,NOT DIVIDED,WET,INJURY AND / OR TOW DUE TO CRASH,,true,"$501 - $1,500",NOT APPLICABLE,2,NONINCAPACITATING INJURY,3,0,41.7439287752,-87.6142901613,60619,"CHICAGO MIDWAY AIRPORT, IL US",36.0,30.0,79.0,0.01,4.0,0.0
crash_07198,2019-05-04 10:46:00,2019,5,May,Sat,10,Daytime,30,TRAFFIC SIGNAL,CLEAR,DAYLIGHT,ANGLE,NOT REPORTED,DRY,INJURY AND / OR TOW DUE TO CRASH,true,,"OVER $1,500",DISREGARDING TRAFFIC SIGNALS,3,NO INDICATION OF INJURY,0,0,41.8832359171,-87.6354904422,60606,"CHICAGO MIDWAY AIRPORT, IL US",56.0,38.0,51.0,0.0,10.0,11.0
crash_07199,2019-10-08 14:30:00,2019,10,Oct,Tue,14,Daytime,15,NO CONTROLS,UNKNOWN,UNKNOWN,FIXED OBJECT,ALLEY,UNKNOWN,NO INJURY / DRIVE AWAY,,true,"OVER $1,500",UNABLE TO DETERMINE,1,NO INDICATION OF INJURY,0,0,41.9494555799,-87.7767908887,60634,"CHICAGO OHARE INTERNATIONAL AIRPORT, IL US",69.0,40.0,35.0,0.0,10.0,7.0
crash_07200,2018-05-30 08:05:00,2018,5,May,Wed,8,Morning commute,25,NO CONTROLS,CLEAR,DAYLIGHT,PARKED MOTOR VEHICLE,NOT DIVIDED,DRY,NO INJURY / DRIVE AWAY,,,"OVER $1,500",DRIVING SKILLS/KNOWLEDGE/EXPERIENCE,2,NO INDICATION OF INJURY,0,0,41.9900169614,-87.7457497464,60646,"CHICAGO OHARE INTERNATIONAL AIRPORT, IL US",76.0,65.0,69.0,0.0,10.0,8.0
crash_07201,2021-01-16 17:20:00,2021,1,Jan,Sat,17,Evening commute,30,UNKNOWN,UNKNOWN,UNKNOWN,REAR END,NOT DIVIDED,UNKNOWN,NO INJURY / DRIVE AWAY,,,"OVER $1,500",UNABLE TO DETERMINE,2,NO INDICATION OF INJURY,0,0,41.9125486321,-87.6871311921,60647,"CHICAGO MIDWAY AIRPORT, IL US",37.0,29.0,73.0,0.0,10.0,9.0
crash_07202,2020-04-20 16:09:00,2020,4,Apr,Mon,16,Evening commute,25,NO CONTROLS,CLEAR,DAYLIGHT,PARKED MOTOR VEHICLE,NOT DIVIDED,DRY,INJURY AND / OR TOW DUE TO CRASH,,true,"OVER $1,500",UNABLE TO DETERMINE,2,NO INDICATION OF INJURY,0,0,41.8459749369,-87.6344727232,60616,"CHICAGO MIDWAY AIRPORT, IL US",63.0,32.0,31.0,0.0,10.0,20.0
crash_07203,2024-02-04 21:00:00,2024,2,Feb,Sun,21,Night or early morning,35,STOP SIGN/FLASHER,CLEAR,DAYLIGHT,ANGLE,NOT DIVIDED,DRY,NO INJURY / DRIVE AWAY,true,,"OVER $1,500",NOT APPLICABLE,2,NO INDICATION OF INJURY,0,0,41.8820363761,-87.7356411956,60624,"CHICAGO MIDWAY AIRPORT, IL US",36.0,32.0,86.0,0.0,10.0,7.0
crash_07204,2018-02-07 03:10:00,2018,2,Feb,Wed,3,Night or early morning,35,NO CONTROLS,SNOW,"DARKNESS, LIGHTED ROAD",FIXED OBJECT,DIVIDED - W/MEDIAN BARRIER,SNOW OR SLUSH,INJURY AND / OR TOW DUE TO CRASH,,,"OVER $1,500",WEATHER,1,NO INDICATION OF INJURY,0,0,41.7360572684,-87.633792757,60620,"CHICAGO MIDWAY AIRPORT, IL US",18.0,14.0,84.0,0.0,1.25,10.0
crash_07205,2021-05-04 22:45:00,2021,5,May,Tue,22,Night or early morning,45,NO CONTROLS,CLEAR,"DARKNESS, LIGHTED ROAD",SIDESWIPE SAME DIRECTION,DIVIDED - W/MEDIAN (NOT RAISED),DRY,NO INJURY / DRIVE AWAY,,true,"OVER $1,500",UNABLE TO DETERMINE,2,NO INDICATION OF INJURY,0,0,41.8383932992,-87.6087495204,60616,"CHICAGO MIDWAY AIRPORT, IL US",51.0,39.0,64.0,0.0,10.0,5.0
crash_07206,2022-08-19 19:30:00,2022,8,Aug,Fri,19,Night or early morning,30,NO CONTROLS,CLEAR,DUSK,PARKED MOTOR VEHICLE,NOT DIVIDED,DRY,INJURY AND / OR TOW DUE TO CRASH,,,"OVER $1,500",PHYSICAL CONDITION OF DRIVER,4,NO INDICATION OF INJURY,0,0,41.8833549234,-87.7648195708,60644,"CHICAGO MIDWAY AIRPORT, IL US",82.0,59.0,46.0,,10.0,9.0
crash_07207,2020-08-10 17:10:00,2020,8,Aug,Mon,17,Evening commute,25,NO CONTROLS,RAIN,DAYLIGHT,PARKED MOTOR VEHICLE,NOT DIVIDED,WET,NO INJURY / DRIVE AWAY,,,$500 OR LESS,WEATHER,2,NO INDICATION OF INJURY,0,0,41.7722878412,-87.70554425,60629,"CHICAGO MIDWAY AIRPORT, IL US",71.0,67.0,87.0,0.2,7.0,28.0
crash_07208,2021-05-14 23:36:00,2021,5,May,Fri,23,Night or early morning,25,STOP SIGN/FLASHER,CLEAR,"DARKNESS, LIGHTED ROAD",ANGLE,UNKNOWN INTERSECTION TYPE,DRY,INJURY AND / OR TOW DUE TO CRASH,true,true,"OVER $1,500",UNABLE TO DETERMINE,2,NONINCAPACITATING INJURY,1,0,41.9228585222,-87.6956406666,60647,"CHICAGO MIDWAY AIRPORT, IL US",58.0,32.0,38.0,0.0,10.0,5.0
crash_07209,2024-12-30 10:20:00,2024,12,Dec,Mon,10,Daytime,15,NO CONTROLS,CLEAR,DAYLIGHT,PARKED MOTOR VEHICLE,ALLEY,DRY,NO INJURY / DRIVE AWAY,,,"OVER $1,500",UNABLE TO DETERMINE,2,NO INDICATION OF INJURY,0,0,41.9236952552,-87.6984085507,60647,"CHICAGO MIDWAY AIRPORT, IL US",35.0,32.0,89.0,,3.0,7.0
crash_07210,2020-02-04 15:00:00,2020,2,Feb,Tue,15,Evening commute,30,NO CONTROLS,CLEAR,DAYLIGHT,REAR END,ONE-WAY,DRY,NO INJURY / DRIVE AWAY,,,"OVER $1,500",UNABLE TO DETERMINE,2,NO INDICATION OF INJURY,0,0,41.7042394518,-87.6829770532,60655,"CHICAGO MIDWAY AIRPORT, IL US",34.0,23.0,64.0,0.0,10.0,20.0
crash_07211,2022-10-25 08:08:00,2022,10,Oct,Tue,8,Morning commute,30,STOP SIGN/FLASHER,RAIN,DAYLIGHT,ANGLE,FOUR WAY,WET,INJURY AND / OR TOW DUE TO CRASH,true,,"OVER $1,500",FAILING TO YIELD RIGHT-OF-WAY,2,NONINCAPACITATING INJURY,1,0,41.9514948302,-87.7572387402,60641,"CHICAGO OHARE INTERNATIONAL AIRPORT, IL US",60.0,57.0,90.0,0.01,1.5,6.0
crash_07212,2023-01-19 17:44:00,2023,1,Jan,Thu,17,Evening commute,30,NO CONTROLS,RAIN,DARKNESS,REAR END,DIVIDED - W/MEDIAN (NOT RAISED),WET,NO INJURY / DRIVE AWAY,,true,"OVER $1,500",FOLLOWING TOO CLOSELY,3,NO INDICATION OF INJURY,0,0,41.9608399142,-87.7276071068,60618,"CHICAGO OHARE INTERNATIONAL AIRPORT, IL US",37.0,33.0,86.0,0.0,9.0,11.0
crash_07213,2022-11-21 15:00:00,2022,11,Nov,Mon,15,Evening commute,30,TRAFFIC SIGNAL,CLEAR,DAYLIGHT,SIDESWIPE SAME DIRECTION,NOT DIVIDED,DRY,NO INJURY / DRIVE AWAY,,,"OVER $1,500",IMPROPER OVERTAKING/PASSING,2,NO INDICATION OF INJURY,0,0,41.8930415294,-87.6266041654,60611,"CHICAGO MIDWAY AIRPORT, IL US",47.0,21.0,36.0,0.0,10.0,13.0
crash_07214,2018-04-20 16:22:00,2018,4,Apr,Fri,16,Evening commute,20,TRAFFIC SIGNAL,CLEAR,DAYLIGHT,TURNING,NOT DIVIDED,DRY,INJURY AND / OR TOW DUE TO CRASH,true,,"OVER $1,500",UNABLE TO DETERMINE,2,NO INDICATION OF INJURY,0,0,41.8956410645,-87.6280265641,60611,"CHICAGO MIDWAY AIRPORT, IL US",58.0,14.0,18.0,0.0,10.0,14.0
crash_07215,2018-12-28 20:15:00,2018,12,Dec,Fri,20,Night or early morning,30,NO CONTROLS,CLEAR,"DARKNESS, LIGHTED ROAD",SIDESWIPE SAME DIRECTION,NOT DIVIDED,DRY,NO INJURY / DRIVE AWAY,,,"OVER $1,500",DRIVING SKILLS/KNOWLEDGE/EXPERIENCE,2,NO INDICATION OF INJURY,0,0,41.7751658112,-87.6056675286,60637,"CHICAGO MIDWAY AIRPORT, IL US",30.0,27.0,88.0,0.0,3.0,14.0
crash_07216,2020-05-03 12:10:00,2020,5,May,Sun,12,Daytime,30,TRAFFIC SIGNAL,CLEAR,DAYLIGHT,REAR END,NOT DIVIDED,DRY,NO INJURY / DRIVE AWAY,,,"OVER $1,500",EQUIPMENT - VEHICLE CONDITION,2,NO INDICATION OF INJURY,0,0,41.7583733671,-87.6103969635,60619,"CHICAGO MIDWAY AIRPORT, IL US",69.0,36.0,30.0,0.0,10.0,5.0
crash_07217,2021-07-18 11:38:00,2021,7,Jul,Sun,11,Daytime,30,TRAFFIC SIGNAL,CLEAR,DAYLIGHT,ANGLE,FOUR WAY,DRY,NO INJURY / DRIVE AWAY,true,,"OVER $1,500",DRIVING SKILLS/KNOWLEDGE/EXPERIENCE,2,NO INDICATION OF INJURY,0,0,41.7508910466,-87.6259685054,60620,"CHICAGO MIDWAY AIRPORT, IL US",81.0,62.0,53.0,0.0,10.0,9.0
crash_07218,2023-06-03 12:25:00,2023,6,Jun,Sat,12,Daytime,30,NO CONTROLS,CLEAR,DAYLIGHT,PEDALCYCLIST,DIVIDED - W/MEDIAN (NOT RAISED),DRY,INJURY AND / OR TOW DUE TO CRASH,,,"OVER $1,500",NOT APPLICABLE,2,NONINCAPACITATING INJURY,1,0,41.9785477687,-87.6684740441,60640,"CHICAGO OHARE INTERNATIONAL AIRPORT, IL US",87.0,53.0,31.0,0.0,10.0,11.0
crash_07219,2023-08-24 16:30:00,2023,8,Aug,Thu,16,Evening commute,30,NO CONTROLS,CLEAR,DAYLIGHT,REAR END,NOT DIVIDED,UNKNOWN,NO INJURY / DRIVE AWAY,,true,"$501 - $1,500",UNABLE TO DETERMINE,2,NO INDICATION OF INJURY,0,0,41.9391384889,-87.7321737607,60641,"CHICAGO OHARE INTERNATIONAL AIRPORT, IL US",99.0,75.0,46.0,0.0,10.0,20.0
crash_07220,2022-06-17 00:07:00,2022,6,Jun,Fri,0,Night or early morning,25,NO CONTROLS,CLEAR,"DARKNESS, LIGHTED ROAD",PARKED MOTOR VEHICLE,ONE-WAY,DRY,INJURY AND / OR TOW DUE TO CRASH,,,"OVER $1,500",NOT APPLICABLE,3,NO INDICATION OF INJURY,0,0,41.9019524083,-87.7191176222,60651,"CHICAGO MIDWAY AIRPORT, IL US",83.0,52.0,34.0,0.0,10.0,10.0
crash_07221,2021-08-21 11:30:00,2021,8,Aug,Sat,11,Daytime,10,NO CONTROLS,CLEAR,DAYLIGHT,REAR TO SIDE,PARKING LOT,DRY,NO INJURY / DRIVE AWAY,,,"$501 - $1,500",UNABLE TO DETERMINE,2,NO INDICATION OF INJURY,0,0,41.8364683477,-87.6655669021,60608,"CHICAGO MIDWAY AIRPORT, IL US",87.0,65.0,48.0,0.0,10.0,15.0
crash_07222,2024-04-29 10:00:00,2024,4,Apr,Mon,10,Daytime,15,NO CONTROLS,CLEAR,DAYLIGHT,PARKED MOTOR VEHICLE,ONE-WAY,DRY,NO INJURY / DRIVE AWAY,,,"OVER $1,500",UNABLE TO DETERMINE,2,NO INDICATION OF INJURY,0,0,41.9483841605,-87.7382406317,60641,"CHICAGO OHARE INTERNATIONAL AIRPORT, IL US",65.0,58.0,78.0,0.0,10.0,15.0
crash_07223,2023-12-21 17:20:00,2023,12,Dec,Thu,17,Evening commute,30,UNKNOWN,UNKNOWN,UNKNOWN,PARKED MOTOR VEHICLE,NOT DIVIDED,UNKNOWN,NO INJURY / DRIVE AWAY,,,"OVER $1,500",UNABLE TO DETERMINE,2,NO INDICATION OF INJURY,0,0,41.7370514232,-87.583714261,60617,"CHICAGO MIDWAY AIRPORT, IL US",46.0,33.0,61.0,0.0,10.0,6.0