crash_id,crash_datetime,crash_year,crash_month,crash_month_name,crash_weekday_name,crash_hour,time_period,posted_speed_limit_mph,traffic_control_device,reported_weather_condition,reported_lighting_condition,first_crash_type,trafficway_type,reported_road_surface_condition,crash_type,intersection_related,hit_and_run,estimated_damage,primary_contributory_cause,unit_count,most_severe_injury,injuries_total,injuries_fatal,latitude,longitude,zip5,weather_station_name,temperature_f,dew_point_f,relative_humidity_percent,precipitation_inches,visibility_miles,wind_speed_mph
crash_07224,2020-02-20 13:09:00,2020,2,Feb,Thu,13,Daytime,30,STOP SIGN/FLASHER,CLEAR,DAYLIGHT,SIDESWIPE SAME DIRECTION,NOT DIVIDED,UNKNOWN,NO INJURY / DRIVE AWAY,,,"$501 - $1,500",UNABLE TO DETERMINE,2,NO INDICATION OF INJURY,0,0,41.9764068384,-87.7683260379,60630,"CHICAGO OHARE INTERNATIONAL AIRPORT, IL US",23.0,-2.0,33.0,0.0,10.0,9.0
crash_07225,2024-09-03 10:00:00,2024,9,Sep,Tue,10,Daytime,25,NO CONTROLS,CLEAR,UNKNOWN,PARKED MOTOR VEHICLE,OTHER,DRY,INJURY AND / OR TOW DUE TO CRASH,,true,"OVER $1,500",NOT APPLICABLE,2,NO INDICATION OF INJURY,0,0,41.9971075108,-87.7079735563,60659,"CHICAGO OHARE INTERNATIONAL AIRPORT, IL US",68.0,48.0,49.0,0.0,10.0,8.0
crash_07226,2018-03-17 00:55:00,2018,3,Mar,Sat,0,Night or early morning,30,NO CONTROLS,CLEAR,"DARKNESS, LIGHTED ROAD",TURNING,NOT DIVIDED,DRY,NO INJURY / DRIVE AWAY,,,"OVER $1,500",FOLLOWING TOO CLOSELY,2,NO INDICATION OF INJURY,0,0,41.9243176065,-87.7486376575,60639,"CHICAGO MIDWAY AIRPORT, IL US",34.0,27.0,75.0,0.0,10.0,6.0
crash_07227,2025-03-30 00:30:00,2025,3,Mar,Sun,0,Night or early morning,25,NO CONTROLS,RAIN,DARKNESS,PARKED MOTOR VEHICLE,DIVIDED - W/MEDIAN (NOT RAISED),WET,NO INJURY / DRIVE AWAY,,true,"OVER $1,500",UNABLE TO DETERMINE,2,NO INDICATION OF INJURY,0,0,41.9724570957,-87.6666250562,60640,"CHICAGO OHARE INTERNATIONAL AIRPORT, IL US",43.0,41.0,93.0,0.01,3.0,7.0
crash_07228,2023-03-10 00:45:00,2023,3,Mar,Fri,0,Night or early morning,30,TRAFFIC SIGNAL,FREEZING RAIN/DRIZZLE,"DARKNESS, LIGHTED ROAD",REAR END,DIVIDED - W/MEDIAN BARRIER,WET,NO INJURY / DRIVE AWAY,true,true,"OVER $1,500",WEATHER,2,NO INDICATION OF INJURY,0,0,41.9883030455,-87.6696674864,60660,"CHICAGO OHARE INTERNATIONAL AIRPORT, IL US",34.0,30.0,87.0,,1.0,7.0
crash_07229,2023-08-06 05:00:00,2023,8,Aug,Sun,5,Night or early morning,25,NO CONTROLS,CLEAR,"DARKNESS, LIGHTED ROAD",REAR END,DIVIDED - W/MEDIAN (NOT RAISED),DRY,NO INJURY / DRIVE AWAY,,true,"OVER $1,500",UNABLE TO DETERMINE,2,NO INDICATION OF INJURY,0,0,41.9101032513,-87.7167561833,60647,"CHICAGO MIDWAY AIRPORT, IL US",67.0,63.0,87.0,0.01,5.0,17.0
crash_07230,2020-06-16 23:04:00,2020,6,Jun,Tue,23,Night or early morning,30,TRAFFIC SIGNAL,CLEAR,"DARKNESS, LIGHTED ROAD",TURNING,DIVIDED - W/MEDIAN (NOT RAISED),DRY,INJURY AND / OR TOW DUE TO CRASH,,,"$501 - $1,500",IMPROPER TURNING/NO SIGNAL,2,INCAPACITATING INJURY,2,0,41.7788232107,-87.7229116038,60629,"CHICAGO MIDWAY AIRPORT, IL US",70.0,57.0,64.0,0.0,10.0,5.0
crash_07231,2023-09-14 10:06:00,2023,9,Sep,Thu,10,Daytime,30,TRAFFIC SIGNAL,CLEAR,DAYLIGHT,SIDESWIPE SAME DIRECTION,NOT DIVIDED,DRY,INJURY AND / OR TOW DUE TO CRASH,,,"OVER $1,500",UNABLE TO DETERMINE,2,INCAPACITATING INJURY,2,0,41.9614018463,-87.6888326228,60625,"CHICAGO OHARE INTERNATIONAL AIRPORT, IL US",67.0,54.0,63.0,0.0,10.0,3.0
crash_07232,2022-01-24 06:30:00,2022,1,Jan,Mon,6,Morning commute,30,TRAFFIC SIGNAL,SNOW,DAYLIGHT,REAR END,DIVIDED - W/MEDIAN (NOT RAISED),SNOW OR SLUSH,NO INJURY / DRIVE AWAY,,,"$501 - $1,500",UNABLE TO DETERMINE,2,NO INDICATION OF INJURY,0,0,41.968383013,-87.8067957093,60656,"CHICAGO OHARE INTERNATIONAL AIRPORT, IL US",17.0,13.0,84.0,0.03,1.0,5.0
crash_07233,2025-04-04 23:04:00,2025,4,Apr,Fri,23,Night or early morning,10,NO CONTROLS,CLEAR,"DARKNESS, LIGHTED ROAD",PARKED MOTOR VEHICLE,ALLEY,DRY,INJURY AND / OR TOW DUE TO CRASH,,,"OVER $1,500",UNABLE TO DETERMINE,2,NO INDICATION OF INJURY,0,0,41.7936288133,-87.6589854148,60636,"CHICAGO MIDWAY AIRPORT, IL US",45.0,42.0,90.0,0.06,2.0,14.0
crash_07234,2020-09-14 14:05:00,2020,9,Sep,Mon,14,Daytime,30,NO CONTROLS,CLEAR,DAYLIGHT,REAR END,NOT DIVIDED,DRY,NO INJURY / DRIVE AWAY,,,"OVER $1,500",FOLLOWING TOO CLOSELY,2,NO INDICATION OF INJURY,0,0,41.9376598772,-87.8365065808,60634,"CHICAGO OHARE INTERNATIONAL AIRPORT, IL US",74.0,58.0,57.0,0.0,10.0,5.0
crash_07235,2023-05-26 15:45:00,2023,5,May,Fri,15,Evening commute,30,UNKNOWN,UNKNOWN,UNKNOWN,SIDESWIPE SAME DIRECTION,NOT DIVIDED,UNKNOWN,NO INJURY / DRIVE AWAY,,true,"OVER $1,500",IMPROPER LANE USAGE,2,NO INDICATION OF INJURY,0,0,41.8863250165,-87.6352803721,60606,"CHICAGO MIDWAY AIRPORT, IL US",69.0,30.0,23.0,0.0,10.0,11.0
crash_07236,2021-04-15 21:44:00,2021,4,Apr,Thu,21,Night or early morning,35,TRAFFIC SIGNAL,UNKNOWN,UNKNOWN,SIDESWIPE SAME DIRECTION,UNKNOWN,UNKNOWN,NO INJURY / DRIVE AWAY,,true,"OVER $1,500",UNABLE TO DETERMINE,2,NO INDICATION OF INJURY,0,0,41.8165273393,-87.6312559585,60609,"CHICAGO MIDWAY AIRPORT, IL US",44.0,30.0,58.0,0.0,10.0,0.0
crash_07237,2019-07-02 08:15:00,2019,7,Jul,Tue,8,Morning commute,30,STOP SIGN/FLASHER,CLEAR,DAYLIGHT,REAR END,NOT DIVIDED,DRY,NO INJURY / DRIVE AWAY,,true,"OVER $1,500",UNABLE TO DETERMINE,2,NO INDICATION OF INJURY,0,0,41.7213866492,-87.6578758446,60620,"CHICAGO MIDWAY AIRPORT, IL US",81.0,72.0,74.0,0.0,10.0,8.0
crash_07238,2021-04-20 06:30:00,2021,4,Apr,Tue,6,Morning commute,20,NO CONTROLS,CLEAR,DAYLIGHT,FIXED OBJECT,PARKING LOT,DRY,NO INJURY / DRIVE AWAY,,,"$501 - $1,500",NOT APPLICABLE,1,NO INDICATION OF INJURY,0,0,,,,,,,,,,
crash_07239,2020-09-09 11:47:00,2020,9,Sep,Wed,11,Daytime,30,NO CONTROLS,CLOUDY/OVERCAST,DAYLIGHT,REAR TO FRONT,PARKING LOT,DRY,NO INJURY / DRIVE AWAY,,,"$501 - $1,500",UNABLE TO DETERMINE,2,NO INDICATION OF INJURY,0,0,41.9729082412,-87.7480617787,60630,"CHICAGO OHARE INTERNATIONAL AIRPORT, IL US",62.0,56.0,80.0,0.0,10.0,14.0
crash_07240,2018-07-05 14:00:00,2018,7,Jul,Thu,14,Daytime,20,STOP SIGN/FLASHER,CLEAR,DAYLIGHT,SIDESWIPE OPPOSITE DIRECTION,NOT DIVIDED,DRY,NO INJURY / DRIVE AWAY,,,$500 OR LESS,ROAD CONSTRUCTION/MAINTENANCE,2,NO INDICATION OF INJURY,0,0,41.9363019104,-87.6589898344,60657,"CHICAGO MIDWAY AIRPORT, IL US",86.0,71.0,61.0,0.07,1.75,16.0
crash_07241,2022-07-17 05:20:00,2022,7,Jul,Sun,5,Night or early morning,25,NO CONTROLS,RAIN,"DARKNESS, LIGHTED ROAD",PARKED MOTOR VEHICLE,NOT DIVIDED,WET,NO INJURY / DRIVE AWAY,,true,"OVER $1,500",IMPROPER LANE USAGE,2,NO INDICATION OF INJURY,0,0,41.9396546489,-87.6506090487,60657,"CHICAGO MIDWAY AIRPORT, IL US",73.0,69.0,87.0,0.0,5.0,11.0
crash_07242,2018-07-22 20:15:00,2018,7,Jul,Sun,20,Night or early morning,30,NO CONTROLS,CLEAR,DUSK,PARKED MOTOR VEHICLE,ONE-WAY,DRY,NO INJURY / DRIVE AWAY,,true,"OVER $1,500",IMPROPER OVERTAKING/PASSING,2,NO INDICATION OF INJURY,0,0,41.7072392313,-87.6126933344,60628,"CHICAGO MIDWAY AIRPORT, IL US",71.0,66.0,84.0,,10.0,8.0
crash_07243,2024-03-06 16:24:00,2024,3,Mar,Wed,16,Evening commute,30,NO CONTROLS,CLEAR,DUSK,PARKED MOTOR VEHICLE,NOT DIVIDED,DRY,NO INJURY / DRIVE AWAY,,,"OVER $1,500",UNABLE TO DETERMINE,2,NO INDICATION OF INJURY,0,0,41.9031846116,-87.6908736745,60622,"CHICAGO MIDWAY AIRPORT, IL US",46.0,31.0,56.0,0.0,10.0,11.0
crash_07244,2020-05-22 14:10:00,2020,5,May,Fri,14,Daytime,30,NO CONTROLS,CLEAR,DAYLIGHT,OTHER OBJECT,NOT DIVIDED,DRY,INJURY AND / OR TOW DUE TO CRASH,,true,"OVER $1,500",NOT APPLICABLE,2,NO INDICATION OF INJURY,0,0,41.9536951683,-87.7165241158,60618,"CHICAGO OHARE INTERNATIONAL AIRPORT, IL US",66.0,55.0,68.0,,10.0,6.0
crash_07245,2023-11-28 07:50:00,2023,11,Nov,Tue,7,Morning commute,30,NO CONTROLS,CLEAR,DAYLIGHT,REAR END,DIVIDED - W/MEDIAN BARRIER,DRY,INJURY AND / OR TOW DUE TO CRASH,,,"OVER $1,500",EQUIPMENT - VEHICLE CONDITION,2,"REPORTED, NOT EVIDENT",2,0,41.8889589029,-87.7555290259,60644,"CHICAGO MIDWAY AIRPORT, IL US",17.0,4.0,56.0,0.0,10.0,9.0
crash_07246,2022-09-01 10:25:00,2022,9,Sep,Thu,10,Daytime,30,OTHER,CLEAR,DAYLIGHT,REAR END,NOT DIVIDED,DRY,NO INJURY / DRIVE AWAY,,true,"OVER $1,500",FOLLOWING TOO CLOSELY,2,NO INDICATION OF INJURY,0,0,41.8757194148,-87.6307628076,60605,"CHICAGO MIDWAY AIRPORT, IL US",85.0,59.0,42.0,0.0,10.0,0.0
crash_07247,2019-05-08 13:45:00,2019,5,May,Wed,13,Daytime,30,TRAFFIC SIGNAL,CLEAR,DAYLIGHT,TURNING,ONE-WAY,DRY,NO INJURY / DRIVE AWAY,,,"OVER $1,500",IMPROPER TURNING/NO SIGNAL,2,NO INDICATION OF INJURY,0,0,41.8845357375,-87.6310849515,60601,"CHICAGO MIDWAY AIRPORT, IL US",60.0,45.0,58.0,0.0,10.0,13.0
crash_07248,2025-10-07 14:23:00,2025,10,Oct,Tue,14,Daytime,30,NO CONTROLS,CLEAR,DAYLIGHT,ANGLE,ALLEY,DRY,INJURY AND / OR TOW DUE TO CRASH,,,"OVER $1,500",FAILING TO REDUCE SPEED TO AVOID CRASH,2,NONINCAPACITATING INJURY,1,0,41.9316524652,-87.7458838174,60641,,,,,,,
crash_07249,2019-11-03 20:13:00,2019,11,Nov,Sun,20,Night or early morning,30,STOP SIGN/FLASHER,CLEAR,"DARKNESS, LIGHTED ROAD",TURNING,FOUR WAY,DRY,NO INJURY / DRIVE AWAY,,true,"OVER $1,500",DISREGARDING STOP SIGN,2,NO INDICATION OF INJURY,0,0,41.8716003288,-87.7350129593,60624,"CHICAGO MIDWAY AIRPORT, IL US",50.0,34.0,54.0,0.0,10.0,11.0
crash_07250,2023-07-05 20:30:00,2023,7,Jul,Wed,20,Night or early morning,30,NO CONTROLS,RAIN,"DARKNESS, LIGHTED ROAD",PARKED MOTOR VEHICLE,PARKING LOT,WET,NO INJURY / DRIVE AWAY,,true,"$501 - $1,500",IMPROPER BACKING,2,NO INDICATION OF INJURY,0,0,41.9613977799,-87.6545929748,60613,"CHICAGO MIDWAY AIRPORT, IL US",72.0,69.0,91.0,0.06,4.0,7.0
crash_07251,2022-08-24 10:30:00,2022,8,Aug,Wed,10,Daytime,10,NO CONTROLS,CLEAR,DAYLIGHT,PARKED MOTOR VEHICLE,OTHER,DRY,NO INJURY / DRIVE AWAY,,true,"OVER $1,500",UNABLE TO DETERMINE,2,NO INDICATION OF INJURY,0,0,41.8868315123,-87.6265560849,60601,"CHICAGO MIDWAY AIRPORT, IL US",84.0,57.0,40.0,,10.0,3.0
crash_07252,2021-11-16 18:12:00,2021,11,Nov,Tue,18,Evening commute,30,TRAFFIC SIGNAL,CLEAR,"DARKNESS, LIGHTED ROAD",SIDESWIPE SAME DIRECTION,NOT DIVIDED,DRY,NO INJURY / DRIVE AWAY,true,,"OVER $1,500",FAILING TO YIELD RIGHT-OF-WAY,2,NO INDICATION OF INJURY,0,0,41.9378215944,-87.6684474855,60657,"CHICAGO MIDWAY AIRPORT, IL US",48.0,36.0,63.0,0.0,10.0,14.0
crash_07253,2023-10-25 13:30:00,2023,10,Oct,Wed,13,Daytime,30,TRAFFIC SIGNAL,UNKNOWN,DAYLIGHT,PEDESTRIAN,FOUR WAY,UNKNOWN,INJURY AND / OR TOW DUE TO CRASH,true,true,"OVER $1,500",UNABLE TO DETERMINE,2,INCAPACITATING INJURY,1,0,41.8671631768,-87.6390825496,60607,"CHICAGO MIDWAY AIRPORT, IL US",65.0,59.0,81.0,0.0,10.0,11.0
crash_07254,2022-11-01 11:00:00,2022,11,Nov,Tue,11,Daytime,40,NO CONTROLS,CLEAR,DAYLIGHT,SIDESWIPE SAME DIRECTION,DIVIDED - W/MEDIAN BARRIER,UNKNOWN,NO INJURY / DRIVE AWAY,,,"$501 - $1,500",UNABLE TO DETERMINE,2,NO INDICATION OF INJURY,0,0,41.8029962048,-87.5818764938,60615,"CHICAGO MIDWAY AIRPORT, IL US",60.0,43.0,53.0,0.0,10.0,8.0
crash_07255,2019-06-10 22:18:00,2019,6,Jun,Mon,22,Night or early morning,25,TRAFFIC SIGNAL,CLEAR,"DARKNESS, LIGHTED ROAD",TURNING,CENTER TURN LANE,DRY,NO INJURY / DRIVE AWAY,,,"OVER $1,500",FAILING TO YIELD RIGHT-OF-WAY,2,NO INDICATION OF INJURY,0,0,41.8710704833,-87.7449739046,60644,"CHICAGO MIDWAY AIRPORT, IL US",65.0,44.0,47.0,0.0,10.0,6.0
crash_07256,2019-04-15 19:02:00,2019,4,Apr,Mon,19,Night or early morning,30,STOP SIGN/FLASHER,CLEAR,DUSK,ANGLE,NOT DIVIDED,DRY,INJURY AND / OR TOW DUE TO CRASH,true,,"OVER $1,500",UNABLE TO DETERMINE,2,NO INDICATION OF INJURY,0,0,41.9939552453,-87.6921467805,60659,"CHICAGO OHARE INTERNATIONAL AIRPORT, IL US",50.0,30.0,46.0,0.0,10.0,9.0
crash_07257,2024-10-05 10:12:00,2024,10,Oct,Sat,10,Daytime,25,TRAFFIC SIGNAL,CLEAR,DAYLIGHT,REAR END,NOT DIVIDED,DRY,NO INJURY / DRIVE AWAY,,,"OVER $1,500",UNABLE TO DETERMINE,2,NO INDICATION OF INJURY,0,0,42.0197543906,-87.6732404218,60626,"CHICAGO OHARE INTERNATIONAL AIRPORT, IL US",66.0,51.0,59.0,0.0,10.0,15.0
crash_07258,2020-11-28 20:00:00,2020,11,Nov,Sat,20,Night or early morning,35,OTHER,CLEAR,DARKNESS,PARKED MOTOR VEHICLE,ONE-WAY,DRY,NO INJURY / DRIVE AWAY,,true,"OVER $1,500",UNABLE TO DETERMINE,2,NO INDICATION OF INJURY,0,0,41.784994943,-87.6122163964,60637,"CHICAGO MIDWAY AIRPORT, IL US",44.0,34.0,68.0,0.0,10.0,14.0
crash_07259,2024-10-31 16:45:00,2024,10,Oct,Thu,16,Evening commute,30,TRAFFIC SIGNAL,CLEAR,DAYLIGHT,SIDESWIPE SAME DIRECTION,DIVIDED - W/MEDIAN (NOT RAISED),DRY,NO INJURY / DRIVE AWAY,,,"$501 - $1,500",IMPROPER LANE USAGE,2,NO INDICATION OF INJURY,0,0,41.9298489966,-87.6846437835,60647,"CHICAGO MIDWAY AIRPORT, IL US",55.0,40.0,57.0,0.0,10.0,20.0
crash_07260,2024-08-27 13:20:00,2024,8,Aug,Tue,13,Daytime,30,NO CONTROLS,CLEAR,DAYLIGHT,PARKED MOTOR VEHICLE,PARKING LOT,DRY,NO INJURY / DRIVE AWAY,,,"OVER $1,500",IMPROPER BACKING,2,NO INDICATION OF INJURY,0,0,41.7657167263,-87.605584027,60619,"CHICAGO MIDWAY AIRPORT, IL US",94.0,76.0,56.0,0.0,10.0,13.0
crash_07261,2025-09-12 07:30:00,2025,9,Sep,Fri,7,Morning commute,30,NO CONTROLS,CLEAR,DAYLIGHT,REAR END,DIVIDED - W/MEDIAN (NOT RAISED),DRY,NO INJURY / DRIVE AWAY,,true,$500 OR LESS,UNABLE TO DETERMINE,2,NO INDICATION OF INJURY,0,0,41.9536257884,-87.7217816905,60618,,,,,,,
crash_07262,2025-06-04 08:15:00,2025,6,Jun,Wed,8,Morning commute,30,TRAFFIC SIGNAL,RAIN,DAYLIGHT,PEDESTRIAN,FOUR WAY,WET,INJURY AND / OR TOW DUE TO CRASH,true,true,"OVER $1,500",UNABLE TO DETERMINE,3,NONINCAPACITATING INJURY,1,0,41.7830176115,-87.6644540123,60636,"CHICAGO MIDWAY AIRPORT, IL US",59.0,56.0,90.0,0.15,0.75,13.0
crash_07263,2020-02-07 16:03:00,2020,2,Feb,Fri,16,Evening commute,30,NO CONTROLS,CLEAR,DAYLIGHT,SIDESWIPE SAME DIRECTION,NOT DIVIDED,DRY,NO INJURY / DRIVE AWAY,,,"OVER $1,500",UNABLE TO DETERMINE,2,NO INDICATION OF INJURY,0,0,41.8311924087,-87.6192891995,60616,"CHICAGO MIDWAY AIRPORT, IL US",36.0,12.0,37.0,0.0,10.0,10.0
crash_07264,2018-08-14 19:30:00,2018,8,Aug,Tue,19,Night or early morning,20,STOP SIGN/FLASHER,CLEAR,DAYLIGHT,REAR END,ONE-WAY,DRY,NO INJURY / DRIVE AWAY,true,,"$501 - $1,500",UNABLE TO DETERMINE,2,NO INDICATION OF INJURY,0,0,41.9428545151,-87.7249953184,60618,"CHICAGO OHARE INTERNATIONAL AIRPORT, IL US",82.0,63.0,53.0,0.0,9.0,3.0
crash_07265,2020-03-10 19:18:00,2020,3,Mar,Tue,19,Night or early morning,30,NO CONTROLS,CLEAR,"DARKNESS, LIGHTED ROAD",PARKED MOTOR VEHICLE,DIVIDED - W/MEDIAN (NOT RAISED),DRY,NO INJURY / DRIVE AWAY,,true,$500 OR LESS,UNABLE TO DETERMINE,2,NO INDICATION OF INJURY,0,0,41.9993351815,-87.660816921,60626,"CHICAGO OHARE INTERNATIONAL AIRPORT, IL US",39.0,27.0,62.0,0.0,10.0,9.0
crash_07266,2019-11-01 22:38:00,2019,11,Nov,Fri,22,Night or early morning,30,STOP SIGN/FLASHER,CLEAR,"DARKNESS, LIGHTED ROAD",ANGLE,NOT DIVIDED,DRY,NO INJURY / DRIVE AWAY,true,,"$501 - $1,500",UNABLE TO DETERMINE,2,NO INDICATION OF INJURY,0,0,41.9685973852,-87.7818952107,60630,"CHICAGO OHARE INTERNATIONAL AIRPORT, IL US",36.0,34.0,93.0,,10.0,8.0
crash_07267,2022-07-15 22:35:00,2022,7,Jul,Fri,22,Night or early morning,40,NO CONTROLS,RAIN,"DARKNESS, LIGHTED ROAD",SIDESWIPE SAME DIRECTION,DIVIDED - W/MEDIAN BARRIER,WET,INJURY AND / OR TOW DUE TO CRASH,,,"OVER $1,500",FAILING TO REDUCE SPEED TO AVOID CRASH,3,NO INDICATION OF INJURY,0,0,41.8951786579,-87.6153802903,60611,"CHICAGO MIDWAY AIRPORT, IL US",73.0,68.0,84.0,0.0,9.0,6.0
crash_07268,2021-06-05 13:00:00,2021,6,Jun,Sat,13,Daytime,15,NO CONTROLS,CLEAR,DAYLIGHT,PARKED MOTOR VEHICLE,PARKING LOT,DRY,NO INJURY / DRIVE AWAY,,,"$501 - $1,500",DRIVING SKILLS/KNOWLEDGE/EXPERIENCE,2,NO INDICATION OF INJURY,0,0,41.9334048747,-87.6685803309,60657,"CHICAGO MIDWAY AIRPORT, IL US",88.0,57.0,35.0,0.0,10.0,17.0
crash_07269,2018-05-20 15:15:00,2018,5,May,Sun,15,Evening commute,30,STOP SIGN/FLASHER,CLEAR,DAYLIGHT,REAR END,NOT DIVIDED,DRY,INJURY AND / OR TOW DUE TO CRASH,,,$500 OR LESS,FOLLOWING TOO CLOSELY,2,"REPORTED, NOT EVIDENT",1,0,41.7501517186,-87.6707667235,60620,"CHICAGO MIDWAY AIRPORT, IL US",51.0,46.0,83.0,,10.0,13.0
crash_07270,2024-04-09 17:30:00,2024,4,Apr,Tue,17,Evening commute,30,TRAFFIC SIGNAL,CLEAR,DAYLIGHT,REAR END,ONE-WAY,UNKNOWN,NO INJURY / DRIVE AWAY,,,"OVER $1,500",FOLLOWING TOO CLOSELY,2,NO INDICATION OF INJURY,0,0,41.8822601517,-87.6817390951,60612,"CHICAGO MIDWAY AIRPORT, IL US",62.0,40.0,44.0,0.0,10.0,9.0
crash_07271,2022-05-07 22:30:00,2022,5,May,Sat,22,Night or early morning,30,NO CONTROLS,UNKNOWN,"DARKNESS, LIGHTED ROAD",PARKED MOTOR VEHICLE,NOT DIVIDED,UNKNOWN,NO INJURY / DRIVE AWAY,,true,"OVER $1,500",UNABLE TO DETERMINE,2,NO INDICATION OF INJURY,0,0,42.0024122358,-87.8163460383,60631,"CHICAGO OHARE INTERNATIONAL AIRPORT, IL US",47.0,30.0,52.0,0.0,10.0,5.0
crash_07272,2025-06-29 15:00:00,2025,6,Jun,Sun,15,Evening commute,30,NO CONTROLS,CLEAR,DAYLIGHT,PARKED MOTOR VEHICLE,ONE-WAY,UNKNOWN,NO INJURY / DRIVE AWAY,,true,"OVER $1,500",UNABLE TO DETERMINE,2,NO INDICATION OF INJURY,0,0,41.8759881026,-87.7056228256,60612,"CHICAGO MIDWAY AIRPORT, IL US",89.0,66.0,47.0,0.0,10.0,11.0
crash_07273,2024-09-17 14:30:00,2024,9,Sep,Tue,14,Daytime,35,NO CONTROLS,CLEAR,DAYLIGHT,FIXED OBJECT,PARKING LOT,DRY,NO INJURY / DRIVE AWAY,,,"OVER $1,500",UNABLE TO DETERMINE,1,NO INDICATION OF INJURY,0,0,41.7487254254,-87.6441319399,60620,"CHICAGO MIDWAY AIRPORT, IL US",84.0,47.0,27.0,0.0,10.0,11.0
crash_07274,2020-09-01 13:30:00,2020,9,Sep,Tue,13,Daytime,35,STOP SIGN/FLASHER,RAIN,DAYLIGHT,TURNING,NOT DIVIDED,WET,NO INJURY / DRIVE AWAY,true,,$500 OR LESS,FOLLOWING TOO CLOSELY,2,NO INDICATION OF INJURY,0,0,41.9391398421,-87.7320876337,60641,"CHICAGO OHARE INTERNATIONAL AIRPORT, IL US",70.0,63.0,79.0,0.09,6.0,6.0
crash_07275,2019-03-20 13:10:00,2019,3,Mar,Wed,13,Daytime,15,NO CONTROLS,RAIN,DAYLIGHT,HEAD ON,PARKING LOT,WET,NO INJURY / DRIVE AWAY,,true,"OVER $1,500",FAILING TO REDUCE SPEED TO AVOID CRASH,2,NO INDICATION OF INJURY,0,0,41.7942742617,-87.7230433945,60632,"CHICAGO MIDWAY AIRPORT, IL US",40.0,38.0,93.0,0.01,2.5,11.0
crash_07276,2023-04-02 09:39:00,2023,4,Apr,Sun,9,Morning commute,30,NO CONTROLS,CLEAR,"DARKNESS, LIGHTED ROAD",PARKED MOTOR VEHICLE,ONE-WAY,DRY,NO INJURY / DRIVE AWAY,,true,"$501 - $1,500",UNABLE TO DETERMINE,2,NO INDICATION OF INJURY,0,0,41.7424234101,-87.54678227,60617,"CHICAGO MIDWAY AIRPORT, IL US",40.0,29.0,65.0,0.0,10.0,13.0
crash_07277,2021-09-13 08:15:00,2021,9,Sep,Mon,8,Morning commute,20,TRAFFIC SIGNAL,CLEAR,DAYLIGHT,SIDESWIPE SAME DIRECTION,NOT DIVIDED,DRY,NO INJURY / DRIVE AWAY,,,"OVER $1,500",DRIVING SKILLS/KNOWLEDGE/EXPERIENCE,2,NO INDICATION OF INJURY,0,0,41.8030016033,-87.7225426959,60632,"CHICAGO MIDWAY AIRPORT, IL US",72.0,66.0,82.0,0.0,9.0,6.0
crash_07278,2018-10-17 16:15:00,2018,10,Oct,Wed,16,Evening commute,30,UNKNOWN,UNKNOWN,DAYLIGHT,PARKED MOTOR VEHICLE,NOT DIVIDED,UNKNOWN,NO INJURY / DRIVE AWAY,,,"OVER $1,500",UNABLE TO DETERMINE,2,NO INDICATION OF INJURY,0,0,41.8554028935,-87.6987075449,60623,"CHICAGO MIDWAY AIRPORT, IL US",51.0,25.0,36.0,0.0,10.0,16.0
crash_07279,2021-04-30 13:30:00,2021,4,Apr,Fri,13,Daytime,30,NO CONTROLS,CLEAR,DAYLIGHT,HEAD ON,NOT DIVIDED,DRY,INJURY AND / OR TOW DUE TO CRASH,,true,"OVER $1,500",UNABLE TO DETERMINE,2,NONINCAPACITATING INJURY,1,0,41.975581906,-87.7303858591,60630,"CHICAGO OHARE INTERNATIONAL AIRPORT, IL US",51.0,32.0,48.0,0.0,10.0,18.0
crash_07280,2024-06-11 10:05:00,2024,6,Jun,Tue,10,Daytime,30,NO CONTROLS,CLEAR,DAYLIGHT,REAR TO SIDE,DIVIDED - W/MEDIAN BARRIER,DRY,NO INJURY / DRIVE AWAY,,,$500 OR LESS,"VISION OBSCURED (SIGNS, TREE LIMBS, BUILDINGS, ETC.)",2,NO INDICATION OF INJURY,0,0,41.9045894138,-87.6676759655,60622,"CHICAGO MIDWAY AIRPORT, IL US",68.0,40.0,36.0,0.0,10.0,0.0
crash_07281,2022-03-05 11:30:00,2022,3,Mar,Sat,11,Daytime,30,NO CONTROLS,CLEAR,DAYLIGHT,PARKED MOTOR VEHICLE,ONE-WAY,UNKNOWN,NO INJURY / DRIVE AWAY,,true,"OVER $1,500",UNABLE TO DETERMINE,2,NO INDICATION OF INJURY,0,0,41.8174855062,-87.6169631635,60653,"CHICAGO MIDWAY AIRPORT, IL US",66.0,44.0,45.0,0.0,10.0,15.0
crash_07282,2022-03-14 22:00:00,2022,3,Mar,Mon,22,Night or early morning,35,STOP SIGN/FLASHER,CLEAR,"DARKNESS, LIGHTED ROAD",PARKED MOTOR VEHICLE,DIVIDED - W/MEDIAN (NOT RAISED),DRY,NO INJURY / DRIVE AWAY,,true,"OVER $1,500",IMPROPER OVERTAKING/PASSING,2,NO INDICATION OF INJURY,0,0,41.7504577594,-87.6502471095,60620,"CHICAGO MIDWAY AIRPORT, IL US",42.0,34.0,73.0,0.0,10.0,8.0
crash_07283,2024-03-11 17:26:00,2024,3,Mar,Mon,17,Evening commute,30,TRAFFIC SIGNAL,CLEAR,DAYLIGHT,TURNING,T-INTERSECTION,DRY,NO INJURY / DRIVE AWAY,true,,"OVER $1,500",DRIVING SKILLS/KNOWLEDGE/EXPERIENCE,2,NO INDICATION OF INJURY,0,0,41.9008016495,-87.6242724679,60611,"CHICAGO MIDWAY AIRPORT, IL US",67.0,33.0,28.0,0.0,10.0,17.0