crash_id,crash_datetime,crash_year,crash_month,crash_month_name,crash_weekday_name,crash_hour,time_period,posted_speed_limit_mph,traffic_control_device,reported_weather_condition,reported_lighting_condition,first_crash_type,trafficway_type,reported_road_surface_condition,crash_type,intersection_related,hit_and_run,estimated_damage,primary_contributory_cause,unit_count,most_severe_injury,injuries_total,injuries_fatal,latitude,longitude,zip5,weather_station_name,temperature_f,dew_point_f,relative_humidity_percent,precipitation_inches,visibility_miles,wind_speed_mph
crash_07284,2021-06-28 20:15:00,2021,6,Jun,Mon,20,Night or early morning,30,NO CONTROLS,CLEAR,DUSK,REAR END,OTHER,WET,NO INJURY / DRIVE AWAY,,,"OVER $1,500",UNABLE TO DETERMINE,2,NO INDICATION OF INJURY,0,0,,,,,,,,,,
crash_07285,2023-10-21 21:45:00,2023,10,Oct,Sat,21,Night or early morning,25,TRAFFIC SIGNAL,UNKNOWN,"DARKNESS, LIGHTED ROAD",REAR END,NOT DIVIDED,UNKNOWN,NO INJURY / DRIVE AWAY,,true,"$501 - $1,500",UNABLE TO DETERMINE,2,NO INDICATION OF INJURY,0,0,41.8916041061,-87.625306945,60611,"CHICAGO MIDWAY AIRPORT, IL US",51.0,45.0,80.0,0.0,10.0,17.0
crash_07286,2022-10-05 09:25:00,2022,10,Oct,Wed,9,Morning commute,30,TRAFFIC SIGNAL,CLEAR,"DARKNESS, LIGHTED ROAD",TURNING,NOT DIVIDED,DRY,NO INJURY / DRIVE AWAY,true,,"$501 - $1,500",DISREGARDING TRAFFIC SIGNALS,2,NO INDICATION OF INJURY,0,0,41.8023659733,-87.7235767661,60632,"CHICAGO MIDWAY AIRPORT, IL US",64.0,39.0,40.0,0.0,10.0,5.0
crash_07287,2019-03-02 19:48:00,2019,3,Mar,Sat,19,Night or early morning,30,NO CONTROLS,CLEAR,"DARKNESS, LIGHTED ROAD",PEDALCYCLIST,DIVIDED - W/MEDIAN (NOT RAISED),DRY,NO INJURY / DRIVE AWAY,,,$500 OR LESS,UNABLE TO DETERMINE,2,NO INDICATION OF INJURY,0,0,41.9119545898,-87.6724643357,60622,"CHICAGO MIDWAY AIRPORT, IL US",28.0,20.0,72.0,0.0,10.0,10.0
crash_07288,2024-12-14 07:30:00,2024,12,Dec,Sat,7,Morning commute,30,STOP SIGN/FLASHER,SNOW,DAYLIGHT,PEDESTRIAN,NOT DIVIDED,SNOW OR SLUSH,INJURY AND / OR TOW DUE TO CRASH,true,true,"$501 - $1,500",UNABLE TO DETERMINE,3,INCAPACITATING INJURY,2,0,41.7744470969,-87.7080018896,60629,"CHICAGO MIDWAY AIRPORT, IL US",29.0,18.0,63.0,,10.0,9.0
crash_07289,2018-01-16 15:30:00,2018,1,Jan,Tue,15,Evening commute,30,UNKNOWN,CLEAR,DAYLIGHT,SIDESWIPE SAME DIRECTION,DIVIDED - W/MEDIAN (NOT RAISED),DRY,NO INJURY / DRIVE AWAY,,,"OVER $1,500",UNABLE TO DETERMINE,2,NO INDICATION OF INJURY,0,0,41.9971660175,-87.7191254649,60659,"CHICAGO OHARE INTERNATIONAL AIRPORT, IL US",24.0,11.0,57.0,0.0,10.0,14.0
crash_07290,2019-01-26 15:30:00,2019,1,Jan,Sat,15,Evening commute,30,NO CONTROLS,SNOW,DAYLIGHT,ANGLE,ALLEY,SNOW OR SLUSH,NO INJURY / DRIVE AWAY,,,"$501 - $1,500",IMPROPER BACKING,2,NO INDICATION OF INJURY,0,0,41.9225277017,-87.7770355689,60639,"CHICAGO OHARE INTERNATIONAL AIRPORT, IL US",12.0,4.0,70.0,0.0,1.5,9.0
crash_07291,2023-03-27 13:00:00,2023,3,Mar,Mon,13,Daytime,10,NO CONTROLS,CLEAR,DAYLIGHT,REAR END,PARKING LOT,UNKNOWN,NO INJURY / DRIVE AWAY,,,$500 OR LESS,UNABLE TO DETERMINE,2,NO INDICATION OF INJURY,0,0,41.9686920332,-87.6884593231,60625,"CHICAGO OHARE INTERNATIONAL AIRPORT, IL US",44.0,28.0,53.0,0.0,10.0,15.0
crash_07292,2024-05-04 17:05:00,2024,5,May,Sat,17,Evening commute,30,TRAFFIC SIGNAL,CLEAR,DAYLIGHT,REAR END,NOT DIVIDED,DRY,NO INJURY / DRIVE AWAY,,true,"OVER $1,500",FOLLOWING TOO CLOSELY,2,NO INDICATION OF INJURY,0,0,41.8091786754,-87.6227516954,60615,"CHICAGO MIDWAY AIRPORT, IL US",82.0,57.0,42.0,0.0,10.0,14.0
crash_07293,2022-11-12 16:00:00,2022,11,Nov,Sat,16,Evening commute,25,NO CONTROLS,UNKNOWN,UNKNOWN,SIDESWIPE SAME DIRECTION,NOT DIVIDED,UNKNOWN,NO INJURY / DRIVE AWAY,,,"OVER $1,500",IMPROPER OVERTAKING/PASSING,2,NO INDICATION OF INJURY,0,0,41.9546408254,-87.6515690124,60613,"CHICAGO MIDWAY AIRPORT, IL US",35.0,21.0,57.0,0.0,10.0,9.0
crash_07294,2019-11-18 18:20:00,2019,11,Nov,Mon,18,Evening commute,30,NO CONTROLS,CLEAR,DARKNESS,REAR END,DIVIDED - W/MEDIAN (NOT RAISED),DRY,INJURY AND / OR TOW DUE TO CRASH,,,"OVER $1,500",FOLLOWING TOO CLOSELY,3,"REPORTED, NOT EVIDENT",1,0,41.9845298826,-87.8364339595,60631,"CHICAGO OHARE INTERNATIONAL AIRPORT, IL US",38.0,32.0,79.0,0.0,10.0,7.0
crash_07295,2025-07-22 11:55:00,2025,7,Jul,Tue,11,Daytime,25,NO CONTROLS,CLEAR,DAYLIGHT,ANGLE,FOUR WAY,DRY,NO INJURY / DRIVE AWAY,,,"$501 - $1,500",UNABLE TO DETERMINE,2,NO INDICATION OF INJURY,0,0,41.9184185509,-87.6535261004,60614,"CHICAGO MIDWAY AIRPORT, IL US",84.0,63.0,49.0,0.0,9.0,9.0
crash_07296,2025-05-27 08:30:00,2025,5,May,Tue,8,Morning commute,30,NO CONTROLS,CLEAR,DAYLIGHT,PARKED MOTOR VEHICLE,NOT DIVIDED,DRY,NO INJURY / DRIVE AWAY,,,"OVER $1,500",UNABLE TO DETERMINE,2,NO INDICATION OF INJURY,0,0,41.9593092374,-87.6916018669,60618,"CHICAGO OHARE INTERNATIONAL AIRPORT, IL US",61.0,46.0,58.0,0.0,10.0,11.0
crash_07297,2022-02-02 20:46:00,2022,2,Feb,Wed,20,Night or early morning,30,NO CONTROLS,SNOW,"DARKNESS, LIGHTED ROAD",PARKED MOTOR VEHICLE,ONE-WAY,SNOW OR SLUSH,NO INJURY / DRIVE AWAY,,true,"OVER $1,500",FAILING TO REDUCE SPEED TO AVOID CRASH,2,NO INDICATION OF INJURY,0,0,41.8469775696,-87.7012864642,60623,"CHICAGO MIDWAY AIRPORT, IL US",20.0,10.0,65.0,0.0,10.0,16.0
crash_07298,2024-06-13 07:40:00,2024,6,Jun,Thu,7,Morning commute,25,NO CONTROLS,CLEAR,DAYLIGHT,TURNING,DIVIDED - W/MEDIAN (NOT RAISED),DRY,INJURY AND / OR TOW DUE TO CRASH,,,"OVER $1,500",FAILING TO YIELD RIGHT-OF-WAY,3,NO INDICATION OF INJURY,0,0,41.8895687264,-87.679588572,60612,"CHICAGO MIDWAY AIRPORT, IL US",77.0,62.0,60.0,0.0,10.0,13.0
crash_07299,2025-09-20 08:00:00,2025,9,Sep,Sat,8,Morning commute,15,NO CONTROLS,CLEAR,DAYLIGHT,PARKED MOTOR VEHICLE,PARKING LOT,WET,NO INJURY / DRIVE AWAY,,,"OVER $1,500",DRIVING SKILLS/KNOWLEDGE/EXPERIENCE,2,NO INDICATION OF INJURY,0,0,41.8646467296,-87.6860025122,60608,,,,,,,
crash_07300,2025-08-31 22:30:00,2025,8,Aug,Sun,22,Night or early morning,30,UNKNOWN,CLEAR,"DARKNESS, LIGHTED ROAD",SIDESWIPE SAME DIRECTION,NOT DIVIDED,DRY,NO INJURY / DRIVE AWAY,,,"OVER $1,500",IMPROPER OVERTAKING/PASSING,2,NO INDICATION OF INJURY,0,0,41.8375549936,-87.6658858304,60608,,,,,,,
crash_07301,2018-04-06 17:00:00,2018,4,Apr,Fri,17,Evening commute,30,NO CONTROLS,CLEAR,DAYLIGHT,SIDESWIPE SAME DIRECTION,ONE-WAY,DRY,NO INJURY / DRIVE AWAY,,,"OVER $1,500",UNABLE TO DETERMINE,2,NO INDICATION OF INJURY,0,0,41.883652693,-87.631064466,60602,"CHICAGO MIDWAY AIRPORT, IL US",35.0,13.0,40.0,0.0,10.0,13.0
crash_07302,2019-04-20 19:06:00,2019,4,Apr,Sat,19,Night or early morning,30,TRAFFIC SIGNAL,CLEAR,DAYLIGHT,ANGLE,FOUR WAY,DRY,INJURY AND / OR TOW DUE TO CRASH,true,,"OVER $1,500",FAILING TO YIELD RIGHT-OF-WAY,2,NO INDICATION OF INJURY,0,0,41.8784440505,-87.6205179576,60603,"CHICAGO MIDWAY AIRPORT, IL US",60.0,11.0,14.0,0.0,10.0,11.0
crash_07303,2024-09-18 08:30:00,2024,9,Sep,Wed,8,Morning commute,30,NO CONTROLS,CLEAR,DAYLIGHT,TURNING,NOT DIVIDED,DRY,INJURY AND / OR TOW DUE TO CRASH,,,"OVER $1,500",FAILING TO YIELD RIGHT-OF-WAY,2,NONINCAPACITATING INJURY,2,0,41.8954327223,-87.7284885376,60651,"CHICAGO MIDWAY AIRPORT, IL US",71.0,53.0,53.0,0.0,10.0,5.0
crash_07304,2020-11-13 18:11:00,2020,11,Nov,Fri,18,Evening commute,30,NO CONTROLS,CLEAR,"DARKNESS, LIGHTED ROAD",SIDESWIPE OPPOSITE DIRECTION,NOT DIVIDED,UNKNOWN,INJURY AND / OR TOW DUE TO CRASH,,,"OVER $1,500",FAILING TO REDUCE SPEED TO AVOID CRASH,3,NO INDICATION OF INJURY,0,0,41.8593987224,-87.7300066132,60623,"CHICAGO MIDWAY AIRPORT, IL US",35.0,21.0,57.0,0.0,10.0,5.0
crash_07305,2018-11-08 15:30:00,2018,11,Nov,Thu,15,Evening commute,10,NO CONTROLS,CLEAR,DAYLIGHT,HEAD ON,PARKING LOT,DRY,NO INJURY / DRIVE AWAY,,,"OVER $1,500",FAILING TO YIELD RIGHT-OF-WAY,2,NO INDICATION OF INJURY,0,0,41.9395605457,-87.6705926939,60657,"CHICAGO MIDWAY AIRPORT, IL US",40.0,24.0,53.0,0.0,10.0,6.0
crash_07306,2019-05-01 19:40:00,2019,5,May,Wed,19,Night or early morning,30,NO CONTROLS,CLEAR,"DARKNESS, LIGHTED ROAD",SIDESWIPE SAME DIRECTION,DIVIDED - W/MEDIAN (NOT RAISED),DRY,NO INJURY / DRIVE AWAY,,,"$501 - $1,500",UNABLE TO DETERMINE,2,NO INDICATION OF INJURY,0,0,41.8993202353,-87.624276146,60611,"CHICAGO MIDWAY AIRPORT, IL US",48.0,44.0,86.0,,9.0,10.0
crash_07307,2023-01-26 17:50:00,2023,1,Jan,Thu,17,Evening commute,30,NO CONTROLS,SNOW,"DARKNESS, LIGHTED ROAD",SIDESWIPE SAME DIRECTION,DIVIDED - W/MEDIAN (NOT RAISED),WET,NO INJURY / DRIVE AWAY,,true,$500 OR LESS,IMPROPER OVERTAKING/PASSING,2,NO INDICATION OF INJURY,0,0,41.8776675576,-87.6241574527,60604,"CHICAGO MIDWAY AIRPORT, IL US",20.0,14.0,78.0,0.0,6.0,15.0
crash_07308,2025-12-15 20:10:00,2025,12,Dec,Mon,20,Night or early morning,30,TRAFFIC SIGNAL,CLEAR,DARKNESS,OTHER NONCOLLISION,DIVIDED - W/MEDIAN (NOT RAISED),DRY,NO INJURY / DRIVE AWAY,,,"$501 - $1,500",ROAD CONSTRUCTION/MAINTENANCE,1,NO INDICATION OF INJURY,0,0,41.8961138672,-87.6674395814,60622,,,,,,,
crash_07309,2018-08-04 04:00:00,2018,8,Aug,Sat,4,Night or early morning,30,TRAFFIC SIGNAL,CLEAR,"DARKNESS, LIGHTED ROAD",ANGLE,DIVIDED - W/MEDIAN (NOT RAISED),DRY,INJURY AND / OR TOW DUE TO CRASH,true,,"OVER $1,500",DISREGARDING TRAFFIC SIGNALS,2,NONINCAPACITATING INJURY,2,0,41.7493390001,-87.7220520909,60652,"CHICAGO MIDWAY AIRPORT, IL US",75.0,66.0,74.0,0.0,10.0,7.0
crash_07310,2023-01-05 09:40:00,2023,1,Jan,Thu,9,Morning commute,20,UNKNOWN,UNKNOWN,UNKNOWN,PARKED MOTOR VEHICLE,UNKNOWN,UNKNOWN,NO INJURY / DRIVE AWAY,,,"OVER $1,500",UNABLE TO DETERMINE,2,NO INDICATION OF INJURY,0,0,41.7363761095,-87.617903043,60619,"CHICAGO MIDWAY AIRPORT, IL US",32.0,28.0,85.0,0.0,3.0,10.0
crash_07311,2020-09-02 09:00:00,2020,9,Sep,Wed,9,Morning commute,10,NO CONTROLS,CLEAR,DAYLIGHT,PARKED MOTOR VEHICLE,ALLEY,DRY,NO INJURY / DRIVE AWAY,,true,"OVER $1,500",UNABLE TO DETERMINE,3,NO INDICATION OF INJURY,0,0,41.6764532946,-87.639311456,60628,"CHICAGO MIDWAY AIRPORT, IL US",72.0,64.0,76.0,0.0,10.0,9.0
crash_07312,2023-03-17 16:58:00,2023,3,Mar,Fri,16,Evening commute,25,NO CONTROLS,CLEAR,DAYLIGHT,PARKED MOTOR VEHICLE,PARKING LOT,DRY,NO INJURY / DRIVE AWAY,,true,"OVER $1,500",UNABLE TO DETERMINE,2,NO INDICATION OF INJURY,0,0,41.7544871206,-87.5505433362,60649,"CHICAGO MIDWAY AIRPORT, IL US",35.0,21.0,57.0,0.0,10.0,26.0
crash_07313,2022-07-20 15:25:00,2022,7,Jul,Wed,15,Evening commute,25,NO CONTROLS,CLEAR,DAYLIGHT,TURNING,NOT DIVIDED,DRY,NO INJURY / DRIVE AWAY,,true,"OVER $1,500",UNABLE TO DETERMINE,2,NO INDICATION OF INJURY,0,0,41.7912044921,-87.6062159464,60637,"CHICAGO MIDWAY AIRPORT, IL US",87.0,64.0,46.0,0.0,10.0,24.0
crash_07314,2018-02-14 04:45:00,2018,2,Feb,Wed,4,Night or early morning,30,NO CONTROLS,SNOW,"DARKNESS, LIGHTED ROAD",FIXED OBJECT,DIVIDED - W/MEDIAN BARRIER,SNOW OR SLUSH,NO INJURY / DRIVE AWAY,,,$500 OR LESS,WEATHER,1,NO INDICATION OF INJURY,0,0,41.8917824609,-87.7739130027,60644,"CHICAGO MIDWAY AIRPORT, IL US",29.0,26.0,89.0,0.0,4.0,6.0
crash_07315,2018-01-10 17:45:00,2018,1,Jan,Wed,17,Evening commute,30,OTHER WARNING SIGN,RAIN,"DARKNESS, LIGHTED ROAD",REAR END,DIVIDED - W/MEDIAN (NOT RAISED),WET,INJURY AND / OR TOW DUE TO CRASH,,,"OVER $1,500",FAILING TO REDUCE SPEED TO AVOID CRASH,3,NO INDICATION OF INJURY,0,0,41.9706661679,-87.846689669,60656,"CHICAGO OHARE INTERNATIONAL AIRPORT, IL US",52.0,46.0,82.0,,10.0,21.0
crash_07316,2025-01-18 15:45:00,2025,1,Jan,Sat,15,Evening commute,30,TRAFFIC SIGNAL,CLEAR,DAYLIGHT,TURNING,T-INTERSECTION,DRY,NO INJURY / DRIVE AWAY,true,,"OVER $1,500",UNABLE TO DETERMINE,2,NO INDICATION OF INJURY,0,0,41.8936671345,-87.6575950821,60642,"CHICAGO MIDWAY AIRPORT, IL US",30.0,7.0,38.0,0.0,10.0,11.0
crash_07317,2023-05-27 16:16:00,2023,5,May,Sat,16,Evening commute,30,NO CONTROLS,CLEAR,DAYLIGHT,PARKED MOTOR VEHICLE,ONE-WAY,DRY,NO INJURY / DRIVE AWAY,,true,$500 OR LESS,DRIVING SKILLS/KNOWLEDGE/EXPERIENCE,2,NO INDICATION OF INJURY,0,0,41.9063968841,-87.6390536543,60610,"CHICAGO MIDWAY AIRPORT, IL US",72.0,35.0,26.0,0.0,10.0,13.0
crash_07318,2021-09-13 15:15:00,2021,9,Sep,Mon,15,Evening commute,30,TRAFFIC SIGNAL,CLEAR,DAYLIGHT,SIDESWIPE SAME DIRECTION,DIVIDED - W/MEDIAN (NOT RAISED),DRY,NO INJURY / DRIVE AWAY,,,"OVER $1,500",IMPROPER TURNING/NO SIGNAL,2,NO INDICATION OF INJURY,0,0,41.6594342977,-87.5978530294,60628,"CHICAGO MIDWAY AIRPORT, IL US",88.0,63.0,43.0,0.0,10.0,10.0
crash_07319,2024-02-17 19:30:00,2024,2,Feb,Sat,19,Night or early morning,30,NO CONTROLS,CLEAR,"DARKNESS, LIGHTED ROAD",PARKED MOTOR VEHICLE,NOT DIVIDED,DRY,NO INJURY / DRIVE AWAY,,,"OVER $1,500",UNABLE TO DETERMINE,2,NO INDICATION OF INJURY,0,0,41.8518323547,-87.6926408612,60608,"CHICAGO MIDWAY AIRPORT, IL US",23.0,12.0,63.0,0.0,10.0,25.0
crash_07320,2022-05-01 14:00:00,2022,5,May,Sun,14,Daytime,30,TRAFFIC SIGNAL,CLEAR,DAYLIGHT,REAR END,DIVIDED - W/MEDIAN (NOT RAISED),DRY,NO INJURY / DRIVE AWAY,,true,"$501 - $1,500",IMPROPER BACKING,2,NO INDICATION OF INJURY,0,0,41.9541260909,-87.7078746442,60618,"CHICAGO OHARE INTERNATIONAL AIRPORT, IL US",51.0,43.0,74.0,0.0,10.0,16.0
crash_07321,2020-12-22 13:45:00,2020,12,Dec,Tue,13,Daytime,15,NO CONTROLS,CLEAR,DAYLIGHT,FIXED OBJECT,PARKING LOT,DRY,NO INJURY / DRIVE AWAY,,,"OVER $1,500",NOT APPLICABLE,1,NO INDICATION OF INJURY,0,0,41.9761211219,-87.6893073156,60625,"CHICAGO OHARE INTERNATIONAL AIRPORT, IL US",39.0,27.0,62.0,0.0,10.0,10.0
crash_07322,2025-02-20 12:31:00,2025,2,Feb,Thu,12,Daytime,30,NO CONTROLS,CLEAR,DAYLIGHT,HEAD ON,NOT DIVIDED,DRY,INJURY AND / OR TOW DUE TO CRASH,,,"OVER $1,500",UNABLE TO DETERMINE,2,INCAPACITATING INJURY,2,0,41.7566275129,-87.618786686,60619,"CHICAGO MIDWAY AIRPORT, IL US",23.0,5.0,46.0,0.0,10.0,13.0
crash_07323,2025-03-14 18:10:00,2025,3,Mar,Fri,18,Evening commute,30,TRAFFIC SIGNAL,UNKNOWN,DAYLIGHT,SIDESWIPE SAME DIRECTION,ONE-WAY,UNKNOWN,INJURY AND / OR TOW DUE TO CRASH,,,"OVER $1,500",FAILING TO YIELD RIGHT-OF-WAY,2,NO INDICATION OF INJURY,0,0,41.8922758639,-87.6343310475,60654,"CHICAGO MIDWAY AIRPORT, IL US",78.0,50.0,37.0,0.0,10.0,17.0
crash_07324,2023-07-29 06:00:00,2023,7,Jul,Sat,6,Morning commute,35,TRAFFIC SIGNAL,UNKNOWN,UNKNOWN,PARKED MOTOR VEHICLE,NOT DIVIDED,UNKNOWN,INJURY AND / OR TOW DUE TO CRASH,,true,"OVER $1,500",UNABLE TO DETERMINE,2,NO INDICATION OF INJURY,0,0,41.9278265386,-87.756137186,60639,"CHICAGO OHARE INTERNATIONAL AIRPORT, IL US",70.0,67.0,90.0,0.0,10.0,8.0
crash_07325,2025-04-26 10:41:00,2025,4,Apr,Sat,10,Daytime,30,NO CONTROLS,UNKNOWN,UNKNOWN,REAR END,NOT DIVIDED,UNKNOWN,NO INJURY / DRIVE AWAY,,,"$501 - $1,500",FOLLOWING TOO CLOSELY,2,NO INDICATION OF INJURY,0,0,42.0123693227,-87.6881365385,60645,"CHICAGO OHARE INTERNATIONAL AIRPORT, IL US",50.0,38.0,63.0,0.0,10.0,18.0
crash_07326,2021-05-23 08:05:00,2021,5,May,Sun,8,Morning commute,30,TRAFFIC SIGNAL,CLEAR,DAYLIGHT,PARKED MOTOR VEHICLE,NOT DIVIDED,DRY,INJURY AND / OR TOW DUE TO CRASH,,true,"OVER $1,500",UNABLE TO DETERMINE,2,NO INDICATION OF INJURY,0,0,41.8161469034,-87.6410999825,60609,"CHICAGO MIDWAY AIRPORT, IL US",72.0,63.0,73.0,0.0,10.0,8.0
crash_07327,2022-04-16 12:40:00,2022,4,Apr,Sat,12,Daytime,30,STOP SIGN/FLASHER,CLEAR,DAYLIGHT,REAR END,NOT DIVIDED,DRY,NO INJURY / DRIVE AWAY,,true,"$501 - $1,500",FOLLOWING TOO CLOSELY,2,NO INDICATION OF INJURY,0,0,41.9040736472,-87.7507661812,60651,"CHICAGO MIDWAY AIRPORT, IL US",46.0,25.0,44.0,0.0,10.0,11.0
crash_07328,2020-11-07 17:00:00,2020,11,Nov,Sat,17,Evening commute,35,STOP SIGN/FLASHER,CLEAR,"DARKNESS, LIGHTED ROAD",ANGLE,FOUR WAY,DRY,INJURY AND / OR TOW DUE TO CRASH,true,,"OVER $1,500",FAILING TO YIELD RIGHT-OF-WAY,2,NO INDICATION OF INJURY,0,0,41.9514948302,-87.7572387402,60641,"CHICAGO OHARE INTERNATIONAL AIRPORT, IL US",67.0,45.0,45.0,0.0,10.0,7.0
crash_07329,2019-09-17 05:15:00,2019,9,Sep,Tue,5,Night or early morning,30,NO CONTROLS,CLEAR,"DARKNESS, LIGHTED ROAD",SIDESWIPE SAME DIRECTION,ONE-WAY,DRY,NO INJURY / DRIVE AWAY,,,"OVER $1,500",IMPROPER LANE USAGE,2,NO INDICATION OF INJURY,0,0,41.8529657039,-87.6317559891,60616,"CHICAGO MIDWAY AIRPORT, IL US",67.0,65.0,93.0,0.0,6.0,6.0
crash_07330,2018-11-03 12:30:00,2018,11,Nov,Sat,12,Daytime,30,UNKNOWN,CLOUDY/OVERCAST,DAYLIGHT,PARKED MOTOR VEHICLE,NOT DIVIDED,DRY,NO INJURY / DRIVE AWAY,,true,"$501 - $1,500",UNABLE TO DETERMINE,2,NO INDICATION OF INJURY,0,0,41.8001075354,-87.7344682735,60632,"CHICAGO MIDWAY AIRPORT, IL US",48.0,31.0,52.0,0.0,10.0,8.0
crash_07331,2020-07-11 03:10:00,2020,7,Jul,Sat,3,Night or early morning,25,NO CONTROLS,CLEAR,DAYLIGHT,PARKED MOTOR VEHICLE,PARKING LOT,DRY,NO INJURY / DRIVE AWAY,,,$500 OR LESS,IMPROPER BACKING,2,NO INDICATION OF INJURY,0,0,41.9919307298,-87.6604548095,60660,"CHICAGO OHARE INTERNATIONAL AIRPORT, IL US",73.0,63.0,71.0,0.0,10.0,7.0
crash_07332,2019-02-05 09:09:00,2019,2,Feb,Tue,9,Morning commute,15,STOP SIGN/FLASHER,CLOUDY/OVERCAST,DAYLIGHT,REAR END,NOT DIVIDED,DRY,NO INJURY / DRIVE AWAY,true,,"OVER $1,500",EQUIPMENT - VEHICLE CONDITION,2,NO INDICATION OF INJURY,0,0,41.9123257827,-87.669107268,60622,"CHICAGO MIDWAY AIRPORT, IL US",28.0,21.0,75.0,0.0,10.0,10.0
crash_07333,2021-06-15 17:46:00,2021,6,Jun,Tue,17,Evening commute,30,TRAFFIC SIGNAL,CLEAR,"DARKNESS, LIGHTED ROAD",TURNING,FOUR WAY,DRY,NO INJURY / DRIVE AWAY,true,,"OVER $1,500",IMPROPER TURNING/NO SIGNAL,2,NO INDICATION OF INJURY,0,0,41.8880556939,-87.6244675986,60601,"CHICAGO MIDWAY AIRPORT, IL US",74.0,47.0,38.0,0.0,10.0,15.0
crash_07334,2018-12-06 17:15:00,2018,12,Dec,Thu,17,Evening commute,30,NO CONTROLS,CLEAR,"DARKNESS, LIGHTED ROAD",SIDESWIPE SAME DIRECTION,DIVIDED - W/MEDIAN BARRIER,DRY,NO INJURY / DRIVE AWAY,,,"OVER $1,500",FAILING TO YIELD RIGHT-OF-WAY,2,NO INDICATION OF INJURY,0,0,41.8885431809,-87.6204045266,60601,"CHICAGO MIDWAY AIRPORT, IL US",27.0,13.0,55.0,0.0,10.0,8.0
crash_07335,2023-06-27 20:38:00,2023,6,Jun,Tue,20,Night or early morning,20,NO CONTROLS,CLEAR,"DARKNESS, LIGHTED ROAD",ANGLE,NOT DIVIDED,DRY,NO INJURY / DRIVE AWAY,,,"$501 - $1,500",IMPROPER BACKING,2,NO INDICATION OF INJURY,0,0,41.9708335733,-87.8391481291,60656,"CHICAGO OHARE INTERNATIONAL AIRPORT, IL US",66.0,52.0,60.0,,1.75,0.0
crash_07336,2020-03-13 12:15:00,2020,3,Mar,Fri,12,Daytime,30,TRAFFIC SIGNAL,CLEAR,DAYLIGHT,REAR END,NOT DIVIDED,UNKNOWN,NO INJURY / DRIVE AWAY,,true,"OVER $1,500",FOLLOWING TOO CLOSELY,2,NO INDICATION OF INJURY,0,0,41.7577325515,-87.6637545548,60620,"CHICAGO MIDWAY AIRPORT, IL US",41.0,19.0,41.0,0.0,10.0,18.0
crash_07337,2019-12-29 20:30:00,2019,12,Dec,Sun,20,Night or early morning,30,TRAFFIC SIGNAL,RAIN,DAWN,TURNING,ONE-WAY,WET,NO INJURY / DRIVE AWAY,,,"OVER $1,500",UNABLE TO DETERMINE,2,NO INDICATION OF INJURY,0,0,41.7941994854,-87.6319254825,60609,"CHICAGO MIDWAY AIRPORT, IL US",53.0,50.0,89.0,0.03,8.0,15.0
crash_07338,2019-01-19 07:00:00,2019,1,Jan,Sat,7,Morning commute,30,TRAFFIC SIGNAL,SNOW,DAYLIGHT,FIXED OBJECT,NOT DIVIDED,SNOW OR SLUSH,NO INJURY / DRIVE AWAY,true,,"OVER $1,500",WEATHER,1,NO INDICATION OF INJURY,0,0,41.8982762183,-87.6242457855,60611,"CHICAGO MIDWAY AIRPORT, IL US",27.0,25.0,92.0,0.01,0.75,21.0
crash_07339,2025-12-19 14:48:00,2025,12,Dec,Fri,14,Daytime,25,TRAFFIC SIGNAL,CLEAR,DAYLIGHT,ANGLE,L-INTERSECTION,DRY,INJURY AND / OR TOW DUE TO CRASH,true,,"OVER $1,500",DISREGARDING TRAFFIC SIGNALS,3,NO INDICATION OF INJURY,0,0,41.7940866545,-87.630743967,60621,,,,,,,
crash_07340,2020-05-19 16:50:00,2020,5,May,Tue,16,Evening commute,30,TRAFFIC SIGNAL,RAIN,DAYLIGHT,TURNING,NOT DIVIDED,WET,NO INJURY / DRIVE AWAY,true,true,"OVER $1,500",FAILING TO YIELD RIGHT-OF-WAY,2,NO INDICATION OF INJURY,0,0,41.9062060635,-87.7363889279,60651,"CHICAGO MIDWAY AIRPORT, IL US",61.0,57.0,88.0,,9.0,18.0
crash_07341,2024-08-26 15:30:00,2024,8,Aug,Mon,15,Evening commute,30,STOP SIGN/FLASHER,CLEAR,DAYLIGHT,REAR END,NOT DIVIDED,DRY,INJURY AND / OR TOW DUE TO CRASH,,,"OVER $1,500",FAILING TO REDUCE SPEED TO AVOID CRASH,2,NONINCAPACITATING INJURY,1,0,41.786163895,-87.7154949999,60629,"CHICAGO MIDWAY AIRPORT, IL US",95.0,72.0,47.0,0.0,10.0,17.0
crash_07342,2021-10-05 09:32:00,2021,10,Oct,Tue,9,Morning commute,30,NO CONTROLS,CLOUDY/OVERCAST,DAYLIGHT,PARKED MOTOR VEHICLE,ONE-WAY,DRY,NO INJURY / DRIVE AWAY,,true,$500 OR LESS,UNABLE TO DETERMINE,2,NO INDICATION OF INJURY,0,0,41.7689129232,-87.6859505185,60629,"CHICAGO MIDWAY AIRPORT, IL US",66.0,58.0,75.0,0.0,10.0,14.0
crash_07343,2018-04-04 09:30:00,2018,4,Apr,Wed,9,Morning commute,10,NO CONTROLS,CLEAR,DAYLIGHT,ANGLE,PARKING LOT,UNKNOWN,NO INJURY / DRIVE AWAY,,,"OVER $1,500",UNABLE TO DETERMINE,2,NO INDICATION OF INJURY,0,0,41.809668528,-87.6751156964,60609,"CHICAGO MIDWAY AIRPORT, IL US",30.0,17.0,58.0,0.0,10.0,22.0