crash_id,crash_datetime,crash_year,crash_month,crash_month_name,crash_weekday_name,crash_hour,time_period,posted_speed_limit_mph,traffic_control_device,reported_weather_condition,reported_lighting_condition,first_crash_type,trafficway_type,reported_road_surface_condition,crash_type,intersection_related,hit_and_run,estimated_damage,primary_contributory_cause,unit_count,most_severe_injury,injuries_total,injuries_fatal,latitude,longitude,zip5,weather_station_name,temperature_f,dew_point_f,relative_humidity_percent,precipitation_inches,visibility_miles,wind_speed_mph
crash_07344,2022-05-05 15:00:00,2022,5,May,Thu,15,Evening commute,30,NO CONTROLS,RAIN,DAYLIGHT,TURNING,DIVIDED - W/MEDIAN (NOT RAISED),WET,NO INJURY / DRIVE AWAY,true,,"OVER $1,500",IMPROPER TURNING/NO SIGNAL,2,NO INDICATION OF INJURY,0,0,41.7301483624,-87.6630451054,60620,"CHICAGO MIDWAY AIRPORT, IL US",54.0,49.0,83.0,0.02,6.0,8.0
crash_07345,2021-06-30 12:00:00,2021,6,Jun,Wed,12,Daytime,0,NO CONTROLS,CLEAR,DAYLIGHT,REAR TO REAR,OTHER,DRY,NO INJURY / DRIVE AWAY,,,"OVER $1,500",IMPROPER BACKING,2,NO INDICATION OF INJURY,0,0,41.890867765,-87.6669797593,60642,"CHICAGO MIDWAY AIRPORT, IL US",81.0,67.0,62.0,0.0,10.0,10.0
crash_07346,2022-08-18 14:00:00,2022,8,Aug,Thu,14,Daytime,45,OTHER,CLEAR,DAYLIGHT,REAR TO FRONT,ONE-WAY,DRY,NO INJURY / DRIVE AWAY,,true,"OVER $1,500",IMPROPER BACKING,2,NO INDICATION OF INJURY,0,0,41.7336169423,-87.5643058563,60617,"CHICAGO MIDWAY AIRPORT, IL US",83.0,54.0,37.0,,10.0,9.0
crash_07347,2021-10-14 22:00:00,2021,10,Oct,Thu,22,Night or early morning,30,NO CONTROLS,CLEAR,DARKNESS,PARKED MOTOR VEHICLE,NOT DIVIDED,WET,NO INJURY / DRIVE AWAY,,true,"$501 - $1,500",IMPROPER OVERTAKING/PASSING,2,NO INDICATION OF INJURY,0,0,41.7911899717,-87.6214380017,60637,"CHICAGO MIDWAY AIRPORT, IL US",61.0,50.0,67.0,0.0,10.0,0.0
crash_07348,2020-11-28 21:30:00,2020,11,Nov,Sat,21,Night or early morning,30,NO CONTROLS,CLEAR,"DARKNESS, LIGHTED ROAD",TURNING,NOT DIVIDED,DRY,INJURY AND / OR TOW DUE TO CRASH,,,"OVER $1,500",IMPROPER TURNING/NO SIGNAL,2,NO INDICATION OF INJURY,0,0,41.9936607949,-87.801476091,60631,"CHICAGO OHARE INTERNATIONAL AIRPORT, IL US",43.0,35.0,74.0,0.0,10.0,15.0
crash_07349,2018-08-25 20:55:00,2018,8,Aug,Sat,20,Night or early morning,35,TRAFFIC SIGNAL,CLEAR,"DARKNESS, LIGHTED ROAD",PEDESTRIAN,NOT DIVIDED,DRY,INJURY AND / OR TOW DUE TO CRASH,true,,"OVER $1,500",FAILING TO YIELD RIGHT-OF-WAY,2,INCAPACITATING INJURY,1,0,41.801234297,-87.6843737344,60632,"CHICAGO MIDWAY AIRPORT, IL US",82.0,75.0,79.0,0.0,9.0,6.0
crash_07350,2022-11-16 12:45:00,2022,11,Nov,Wed,12,Daytime,30,NO CONTROLS,UNKNOWN,UNKNOWN,SIDESWIPE SAME DIRECTION,NOT DIVIDED,UNKNOWN,NO INJURY / DRIVE AWAY,,,"OVER $1,500",UNABLE TO DETERMINE,2,NO INDICATION OF INJURY,0,0,41.7299694771,-87.6821963856,60620,"CHICAGO MIDWAY AIRPORT, IL US",36.0,32.0,87.0,,2.5,11.0
crash_07351,2020-06-30 10:05:00,2020,6,Jun,Tue,10,Daytime,30,TRAFFIC SIGNAL,CLEAR,DAYLIGHT,SIDESWIPE SAME DIRECTION,NOT DIVIDED,DRY,NO INJURY / DRIVE AWAY,true,true,"$501 - $1,500",IMPROPER OVERTAKING/PASSING,2,NO INDICATION OF INJURY,0,0,41.9358820331,-87.6783827245,60618,"CHICAGO MIDWAY AIRPORT, IL US",84.0,70.0,63.0,0.0,10.0,3.0
crash_07352,2022-08-16 11:30:00,2022,8,Aug,Tue,11,Daytime,10,NO CONTROLS,CLEAR,DAYLIGHT,PARKED MOTOR VEHICLE,PARKING LOT,DRY,NO INJURY / DRIVE AWAY,,true,"$501 - $1,500",UNABLE TO DETERMINE,2,NO INDICATION OF INJURY,0,0,41.9036684177,-87.6536993637,60642,"CHICAGO MIDWAY AIRPORT, IL US",80.0,54.0,41.0,,10.0,10.0
crash_07353,2022-07-03 11:40:00,2022,7,Jul,Sun,11,Daytime,30,NO CONTROLS,CLEAR,DAYLIGHT,PARKED MOTOR VEHICLE,ONE-WAY,DRY,NO INJURY / DRIVE AWAY,,,"$501 - $1,500",UNABLE TO DETERMINE,2,NO INDICATION OF INJURY,0,0,41.8941755463,-87.7237481264,60624,"CHICAGO MIDWAY AIRPORT, IL US",87.0,57.0,36.0,0.0,10.0,5.0
crash_07354,2018-07-25 15:50:00,2018,7,Jul,Wed,15,Evening commute,30,NO CONTROLS,CLEAR,DAYLIGHT,SIDESWIPE SAME DIRECTION,ONE-WAY,UNKNOWN,NO INJURY / DRIVE AWAY,,,"OVER $1,500",FAILING TO YIELD RIGHT-OF-WAY,3,NO INDICATION OF INJURY,0,0,41.9359704306,-87.6663093383,60657,"CHICAGO MIDWAY AIRPORT, IL US",86.0,57.0,37.0,0.0,10.0,7.0
crash_07355,2022-07-20 11:15:00,2022,7,Jul,Wed,11,Daytime,30,TRAFFIC SIGNAL,CLEAR,DAYLIGHT,TURNING,FOUR WAY,DRY,NO INJURY / DRIVE AWAY,true,,$500 OR LESS,FAILING TO YIELD RIGHT-OF-WAY,2,NO INDICATION OF INJURY,0,0,41.7510095803,-87.6244014161,60619,"CHICAGO MIDWAY AIRPORT, IL US",88.0,64.0,45.0,0.0,10.0,16.0
crash_07356,2018-12-07 16:04:00,2018,12,Dec,Fri,16,Evening commute,15,NO CONTROLS,CLEAR,"DARKNESS, LIGHTED ROAD",ANGLE,NOT DIVIDED,DRY,NO INJURY / DRIVE AWAY,,,"OVER $1,500",FAILING TO YIELD RIGHT-OF-WAY,2,NO INDICATION OF INJURY,0,0,41.8087777933,-87.6601687836,60609,"CHICAGO MIDWAY AIRPORT, IL US",23.0,9.0,55.0,0.0,10.0,15.0
crash_07357,2025-04-09 18:10:00,2025,4,Apr,Wed,18,Evening commute,30,NO CONTROLS,RAIN,DUSK,REAR END,DIVIDED - W/MEDIAN (NOT RAISED),WET,NO INJURY / DRIVE AWAY,,,"OVER $1,500",UNABLE TO DETERMINE,2,NO INDICATION OF INJURY,0,0,41.7922295956,-87.6741007357,60636,"CHICAGO MIDWAY AIRPORT, IL US",41.0,33.0,73.0,0.0,10.0,9.0
crash_07358,2020-09-04 18:15:00,2020,9,Sep,Fri,18,Evening commute,30,STOP SIGN/FLASHER,CLEAR,DAWN,ANGLE,FOUR WAY,DRY,NO INJURY / DRIVE AWAY,true,,"OVER $1,500",DISREGARDING STOP SIGN,2,NO INDICATION OF INJURY,0,0,41.7177498822,-87.6420438321,60628,"CHICAGO MIDWAY AIRPORT, IL US",79.0,43.0,28.0,0.0,10.0,14.0
crash_07359,2024-03-01 10:17:00,2024,3,Mar,Fri,10,Daytime,25,UNKNOWN,CLEAR,DAYLIGHT,HEAD ON,NOT DIVIDED,DRY,NO INJURY / DRIVE AWAY,,true,"OVER $1,500",DISREGARDING STOP SIGN,2,NO INDICATION OF INJURY,0,0,41.8466637359,-87.687812048,60608,"CHICAGO MIDWAY AIRPORT, IL US",41.0,16.0,36.0,0.0,10.0,9.0
crash_07360,2025-01-10 07:44:00,2025,1,Jan,Fri,7,Morning commute,30,NO CONTROLS,SNOW,DAYLIGHT,REAR END,NOT DIVIDED,SNOW OR SLUSH,NO INJURY / DRIVE AWAY,,,"$501 - $1,500",DRIVING SKILLS/KNOWLEDGE/EXPERIENCE,2,NO INDICATION OF INJURY,0,0,,,,,,,,,,
crash_07361,2019-08-14 02:25:00,2019,8,Aug,Wed,2,Night or early morning,25,NO CONTROLS,CLEAR,"DARKNESS, LIGHTED ROAD",FIXED OBJECT,NOT DIVIDED,DRY,NO INJURY / DRIVE AWAY,,,$500 OR LESS,UNABLE TO DETERMINE,1,NO INDICATION OF INJURY,0,0,41.8563250532,-87.7027152555,60623,"CHICAGO MIDWAY AIRPORT, IL US",68.0,66.0,93.0,0.0,10.0,5.0
crash_07362,2020-05-10 16:45:00,2020,5,May,Sun,16,Evening commute,30,TRAFFIC SIGNAL,RAIN,DAYLIGHT,TURNING,NOT DIVIDED,WET,INJURY AND / OR TOW DUE TO CRASH,,,"OVER $1,500",WEATHER,2,NO INDICATION OF INJURY,0,0,41.9286887761,-87.6681210703,60614,"CHICAGO MIDWAY AIRPORT, IL US",39.0,36.0,89.0,0.02,8.0,22.0
crash_07363,2025-05-12 01:00:00,2025,5,May,Mon,1,Night or early morning,30,NO CONTROLS,CLEAR,"DARKNESS, LIGHTED ROAD",PARKED MOTOR VEHICLE,NOT DIVIDED,DRY,NO INJURY / DRIVE AWAY,,,"OVER $1,500",UNABLE TO DETERMINE,2,NO INDICATION OF INJURY,0,0,41.8724376434,-87.7246747441,60624,"CHICAGO MIDWAY AIRPORT, IL US",56.0,41.0,57.0,0.0,10.0,0.0
crash_07364,2021-02-10 16:30:00,2021,2,Feb,Wed,16,Evening commute,30,STOP SIGN/FLASHER,SNOW,DAYLIGHT,ANGLE,FOUR WAY,SNOW OR SLUSH,NO INJURY / DRIVE AWAY,true,true,"OVER $1,500",UNABLE TO DETERMINE,2,NO INDICATION OF INJURY,0,0,41.7627255112,-87.6867147072,60629,"CHICAGO MIDWAY AIRPORT, IL US",16.0,6.0,65.0,,9.0,13.0
crash_07365,2022-10-24 19:30:00,2022,10,Oct,Mon,19,Night or early morning,30,NO CONTROLS,CLEAR,"DARKNESS, LIGHTED ROAD",REAR END,ONE-WAY,DRY,NO INJURY / DRIVE AWAY,,,$500 OR LESS,UNABLE TO DETERMINE,2,NO INDICATION OF INJURY,0,0,,,,,,,,,,
crash_07366,2019-07-17 15:45:00,2019,7,Jul,Wed,15,Evening commute,30,NO CONTROLS,CLEAR,DAYLIGHT,TURNING,NOT DIVIDED,DRY,NO INJURY / DRIVE AWAY,true,,$500 OR LESS,FAILING TO YIELD RIGHT-OF-WAY,2,NO INDICATION OF INJURY,0,0,41.7369621819,-87.5902317829,60619,"CHICAGO MIDWAY AIRPORT, IL US",90.0,72.0,56.0,0.0,10.0,9.0
crash_07367,2021-11-22 08:00:00,2021,11,Nov,Mon,8,Morning commute,30,TRAFFIC SIGNAL,CLEAR,DAYLIGHT,SIDESWIPE SAME DIRECTION,NOT DIVIDED,DRY,NO INJURY / DRIVE AWAY,false,,"OVER $1,500",IMPROPER OVERTAKING/PASSING,2,NO INDICATION OF INJURY,0,0,41.9033878764,-87.6583090516,60642,"CHICAGO MIDWAY AIRPORT, IL US",25.0,11.0,55.0,0.0,10.0,9.0
crash_07368,2023-06-26 09:30:00,2023,6,Jun,Mon,9,Morning commute,30,NO CONTROLS,CLEAR,DAYLIGHT,PARKED MOTOR VEHICLE,OTHER,DRY,NO INJURY / DRIVE AWAY,,,"OVER $1,500",UNABLE TO DETERMINE,2,NO INDICATION OF INJURY,0,0,41.9960905642,-87.6858425856,60659,"CHICAGO OHARE INTERNATIONAL AIRPORT, IL US",72.0,63.0,73.0,,10.0,17.0
crash_07369,2022-04-02 22:30:00,2022,4,Apr,Sat,22,Night or early morning,30,STOP SIGN/FLASHER,CLEAR,"DARKNESS, LIGHTED ROAD",PARKED MOTOR VEHICLE,NOT DIVIDED,DRY,INJURY AND / OR TOW DUE TO CRASH,,true,"OVER $1,500",UNABLE TO DETERMINE,2,NO INDICATION OF INJURY,0,0,41.7341643087,-87.5512106163,60617,"CHICAGO MIDWAY AIRPORT, IL US",38.0,33.0,83.0,0.0,10.0,6.0
crash_07370,2019-05-18 15:00:00,2019,5,May,Sat,15,Evening commute,30,TRAFFIC SIGNAL,RAIN,DAYLIGHT,TURNING,NOT DIVIDED,WET,NO INJURY / DRIVE AWAY,true,,"$501 - $1,500",UNABLE TO DETERMINE,2,NO INDICATION OF INJURY,0,0,41.8932993468,-87.6340394579,60654,"CHICAGO MIDWAY AIRPORT, IL US",66.0,62.0,87.0,0.02,6.0,6.0
crash_07371,2024-12-04 08:30:00,2024,12,Dec,Wed,8,Morning commute,10,NO CONTROLS,CLEAR,DAYLIGHT,PARKED MOTOR VEHICLE,OTHER,DRY,NO INJURY / DRIVE AWAY,,true,"OVER $1,500",UNABLE TO DETERMINE,2,NO INDICATION OF INJURY,0,0,41.8307016873,-87.6233953459,60653,"CHICAGO MIDWAY AIRPORT, IL US",31.0,22.0,69.0,,10.0,14.0
crash_07372,2021-05-13 13:18:00,2021,5,May,Thu,13,Daytime,30,STOP SIGN/FLASHER,CLEAR,DAYLIGHT,TURNING,FOUR WAY,DRY,NO INJURY / DRIVE AWAY,true,,"$501 - $1,500",FAILING TO YIELD RIGHT-OF-WAY,2,NO INDICATION OF INJURY,0,0,41.7240747838,-87.5853032325,60619,"CHICAGO MIDWAY AIRPORT, IL US",66.0,23.0,19.0,0.0,10.0,5.0
crash_07373,2019-05-25 12:55:00,2019,5,May,Sat,12,Daytime,15,NO CONTROLS,CLEAR,DAYLIGHT,PARKED MOTOR VEHICLE,PARKING LOT,DRY,NO INJURY / DRIVE AWAY,,true,"$501 - $1,500",UNABLE TO DETERMINE,2,NO INDICATION OF INJURY,0,0,41.9278717231,-87.6732588146,60614,"CHICAGO MIDWAY AIRPORT, IL US",78.0,63.0,60.0,0.0,10.0,18.0
crash_07374,2022-12-10 22:15:00,2022,12,Dec,Sat,22,Night or early morning,20,NO CONTROLS,CLEAR,"DARKNESS, LIGHTED ROAD",PARKED MOTOR VEHICLE,ONE-WAY,DRY,INJURY AND / OR TOW DUE TO CRASH,,,"OVER $1,500",DRIVING SKILLS/KNOWLEDGE/EXPERIENCE,4,NO INDICATION OF INJURY,0,0,41.9589290818,-87.7227198695,60618,"CHICAGO OHARE INTERNATIONAL AIRPORT, IL US",39.0,36.0,89.0,,3.0,5.0
crash_07375,2022-04-20 15:30:00,2022,4,Apr,Wed,15,Evening commute,30,NO CONTROLS,CLEAR,DAYLIGHT,FIXED OBJECT,ONE-WAY,DRY,NO INJURY / DRIVE AWAY,,,"OVER $1,500",UNABLE TO DETERMINE,1,NO INDICATION OF INJURY,0,0,41.7822319609,-87.6726223023,60636,"CHICAGO MIDWAY AIRPORT, IL US",52.0,37.0,57.0,0.0,10.0,20.0
crash_07376,2021-04-20 15:00:00,2021,4,Apr,Tue,15,Evening commute,25,NO CONTROLS,CLEAR,DAYLIGHT,PARKED MOTOR VEHICLE,ONE-WAY,DRY,NO INJURY / DRIVE AWAY,,true,$500 OR LESS,UNABLE TO DETERMINE,2,NO INDICATION OF INJURY,0,0,41.9319634283,-87.793202585,60634,"CHICAGO OHARE INTERNATIONAL AIRPORT, IL US",42.0,22.0,45.0,0.0,10.0,6.0
crash_07377,2019-08-10 12:00:00,2019,8,Aug,Sat,12,Daytime,30,NO CONTROLS,CLEAR,DAYLIGHT,TURNING,NOT DIVIDED,DRY,NO INJURY / DRIVE AWAY,,,"OVER $1,500",FAILING TO YIELD RIGHT-OF-WAY,2,NO INDICATION OF INJURY,0,0,41.8080294548,-87.7196487879,60632,"CHICAGO MIDWAY AIRPORT, IL US",80.0,56.0,44.0,0.0,10.0,8.0
crash_07378,2019-04-15 16:05:00,2019,4,Apr,Mon,16,Evening commute,30,NO CONTROLS,CLEAR,DAYLIGHT,TURNING,NOT DIVIDED,DRY,INJURY AND / OR TOW DUE TO CRASH,true,,"OVER $1,500",UNABLE TO DETERMINE,2,NO INDICATION OF INJURY,0,0,41.8370136813,-87.7230731743,60623,"CHICAGO MIDWAY AIRPORT, IL US",52.0,29.0,41.0,0.0,10.0,8.0
crash_07379,2018-01-18 08:50:00,2018,1,Jan,Thu,8,Morning commute,35,TRAFFIC SIGNAL,CLEAR,DAYLIGHT,SIDESWIPE SAME DIRECTION,CENTER TURN LANE,WET,NO INJURY / DRIVE AWAY,,true,"OVER $1,500",IMPROPER OVERTAKING/PASSING,2,NO INDICATION OF INJURY,0,0,41.749879658,-87.7220725194,60652,"CHICAGO MIDWAY AIRPORT, IL US",20.0,11.0,68.0,0.0,10.0,18.0
crash_07380,2018-08-07 14:30:00,2018,8,Aug,Tue,14,Daytime,30,STOP SIGN/FLASHER,RAIN,DAYLIGHT,ANGLE,NOT DIVIDED,WET,NO INJURY / DRIVE AWAY,true,,"OVER $1,500",FAILING TO YIELD RIGHT-OF-WAY,2,NO INDICATION OF INJURY,0,0,41.7512055263,-87.6026942345,60619,"CHICAGO MIDWAY AIRPORT, IL US",77.0,73.0,89.0,,5.0,8.0
crash_07381,2021-04-19 23:00:00,2021,4,Apr,Mon,23,Night or early morning,30,NO CONTROLS,CLEAR,"DARKNESS, LIGHTED ROAD",PARKED MOTOR VEHICLE,DIVIDED - W/MEDIAN (NOT RAISED),DRY,INJURY AND / OR TOW DUE TO CRASH,,,"OVER $1,500",UNABLE TO DETERMINE,2,"REPORTED, NOT EVIDENT",1,0,41.9971973754,-87.6994805551,60659,"CHICAGO OHARE INTERNATIONAL AIRPORT, IL US",42.0,22.0,45.0,0.0,10.0,9.0
crash_07382,2021-10-14 07:30:00,2021,10,Oct,Thu,7,Morning commute,30,STOP SIGN/FLASHER,CLEAR,DAYLIGHT,ANGLE,FOUR WAY,WET,NO INJURY / DRIVE AWAY,true,,"OVER $1,500",FAILING TO YIELD RIGHT-OF-WAY,2,NO INDICATION OF INJURY,0,0,41.8074700169,-87.6166847743,60615,"CHICAGO MIDWAY AIRPORT, IL US",67.0,62.0,84.0,0.01,9.0,9.0
crash_07383,2024-06-09 03:46:00,2024,6,Jun,Sun,3,Night or early morning,30,NO CONTROLS,CLEAR,DAWN,PARKED MOTOR VEHICLE,ONE-WAY,DRY,NO INJURY / DRIVE AWAY,,,"OVER $1,500",UNABLE TO DETERMINE,2,NO INDICATION OF INJURY,0,0,41.8745347611,-87.7215940899,60624,"CHICAGO MIDWAY AIRPORT, IL US",55.0,53.0,93.0,0.0,7.0,6.0
crash_07384,2023-12-19 08:45:00,2023,12,Dec,Tue,8,Morning commute,30,TRAFFIC SIGNAL,CLEAR,DAYLIGHT,ANGLE,FOUR WAY,DRY,INJURY AND / OR TOW DUE TO CRASH,true,,"OVER $1,500",UNABLE TO DETERMINE,2,NO INDICATION OF INJURY,0,0,41.6852712229,-87.6209471584,60628,"CHICAGO MIDWAY AIRPORT, IL US",22.0,12.0,66.0,0.0,10.0,7.0
crash_07385,2023-06-17 12:00:00,2023,6,Jun,Sat,12,Daytime,35,STOP SIGN/FLASHER,CLEAR,DAYLIGHT,ANGLE,T-INTERSECTION,DRY,NO INJURY / DRIVE AWAY,,,"OVER $1,500",UNABLE TO DETERMINE,2,NO INDICATION OF INJURY,0,0,41.9172454823,-87.7289416856,60639,"CHICAGO MIDWAY AIRPORT, IL US",76.0,53.0,45.0,0.0,8.0,0.0
crash_07386,2018-10-10 06:30:00,2018,10,Oct,Wed,6,Morning commute,30,STOP SIGN/FLASHER,CLEAR,DAYLIGHT,REAR END,ONE-WAY,DRY,NO INJURY / DRIVE AWAY,,,"OVER $1,500",FOLLOWING TOO CLOSELY,2,NO INDICATION OF INJURY,0,0,41.954024121,-87.7057240755,60618,"CHICAGO OHARE INTERNATIONAL AIRPORT, IL US",70.0,63.0,79.0,0.0,10.0,10.0
crash_07387,2019-10-23 10:30:00,2019,10,Oct,Wed,10,Daytime,30,TRAFFIC SIGNAL,CLEAR,DAYLIGHT,SIDESWIPE SAME DIRECTION,ONE-WAY,DRY,NO INJURY / DRIVE AWAY,,,$500 OR LESS,UNABLE TO DETERMINE,2,NO INDICATION OF INJURY,0,0,41.878285886,-87.6277300755,60604,"CHICAGO MIDWAY AIRPORT, IL US",50.0,35.0,57.0,0.0,10.0,9.0
crash_07388,2020-06-29 12:00:00,2020,6,Jun,Mon,12,Daytime,10,NO CONTROLS,CLEAR,"DARKNESS, LIGHTED ROAD",PARKED MOTOR VEHICLE,PARKING LOT,DRY,NO INJURY / DRIVE AWAY,,true,"OVER $1,500",UNABLE TO DETERMINE,2,NO INDICATION OF INJURY,0,0,41.8743010445,-87.6390821213,60607,"CHICAGO MIDWAY AIRPORT, IL US",87.0,74.0,65.0,0.0,10.0,9.0
crash_07389,2018-05-19 01:25:00,2018,5,May,Sat,1,Night or early morning,30,NO CONTROLS,RAIN,"DARKNESS, LIGHTED ROAD",PARKED MOTOR VEHICLE,NOT DIVIDED,WET,NO INJURY / DRIVE AWAY,,,"OVER $1,500",UNABLE TO DETERMINE,2,NO INDICATION OF INJURY,0,0,41.9731860052,-87.6681920985,60640,"CHICAGO OHARE INTERNATIONAL AIRPORT, IL US",57.0,55.0,93.0,0.01,5.0,9.0
crash_07390,2020-02-23 18:20:00,2020,2,Feb,Sun,18,Evening commute,30,NO CONTROLS,CLEAR,"DARKNESS, LIGHTED ROAD",TURNING,NOT DIVIDED,DRY,NO INJURY / DRIVE AWAY,,,"$501 - $1,500",UNABLE TO DETERMINE,2,NO INDICATION OF INJURY,0,0,41.9608065698,-87.7866761125,60630,"CHICAGO OHARE INTERNATIONAL AIRPORT, IL US",51.0,30.0,44.0,0.0,10.0,8.0
crash_07391,2024-07-17 15:14:00,2024,7,Jul,Wed,15,Evening commute,30,NO CONTROLS,CLEAR,DAYLIGHT,PARKED MOTOR VEHICLE,NOT DIVIDED,DRY,NO INJURY / DRIVE AWAY,,true,"$501 - $1,500",UNABLE TO DETERMINE,2,NO INDICATION OF INJURY,0,0,41.8554028935,-87.6987075449,60623,"CHICAGO MIDWAY AIRPORT, IL US",83.0,55.0,38.0,0.0,10.0,11.0
crash_07392,2019-11-08 07:48:00,2019,11,Nov,Fri,7,Morning commute,40,TRAFFIC SIGNAL,CLEAR,DAYLIGHT,SIDESWIPE SAME DIRECTION,DIVIDED - W/MEDIAN BARRIER,DRY,NO INJURY / DRIVE AWAY,,,"OVER $1,500",IMPROPER LANE USAGE,2,NO INDICATION OF INJURY,0,0,41.8813145641,-87.6176292132,60603,"CHICAGO MIDWAY AIRPORT, IL US",20.0,9.0,62.0,0.0,10.0,6.0
crash_07393,2022-03-23 13:30:00,2022,3,Mar,Wed,13,Daytime,25,NO CONTROLS,RAIN,DAYLIGHT,PARKED MOTOR VEHICLE,ONE-WAY,WET,NO INJURY / DRIVE AWAY,,true,"$501 - $1,500",NOT APPLICABLE,2,NO INDICATION OF INJURY,0,0,41.7683005668,-87.6235186616,60637,"CHICAGO MIDWAY AIRPORT, IL US",59.0,52.0,77.0,,10.0,5.0
crash_07394,2023-01-15 15:00:00,2023,1,Jan,Sun,15,Evening commute,30,TRAFFIC SIGNAL,CLEAR,DAYLIGHT,SIDESWIPE SAME DIRECTION,NOT DIVIDED,UNKNOWN,NO INJURY / DRIVE AWAY,,,"$501 - $1,500",IMPROPER OVERTAKING/PASSING,2,NO INDICATION OF INJURY,0,0,41.9471006865,-87.6884137194,60618,"CHICAGO MIDWAY AIRPORT, IL US",42.0,24.0,49.0,0.0,10.0,13.0
crash_07395,2022-03-25 04:16:00,2022,3,Mar,Fri,4,Night or early morning,30,NO CONTROLS,RAIN,"DARKNESS, LIGHTED ROAD",FIXED OBJECT,NOT DIVIDED,WET,INJURY AND / OR TOW DUE TO CRASH,,,"OVER $1,500",UNABLE TO DETERMINE,1,"REPORTED, NOT EVIDENT",1,0,41.8374687847,-87.6951780717,60623,"CHICAGO MIDWAY AIRPORT, IL US",41.0,36.0,82.0,0.0,9.0,7.0
crash_07396,2022-09-30 23:10:00,2022,9,Sep,Fri,23,Night or early morning,40,NO CONTROLS,CLEAR,"DARKNESS, LIGHTED ROAD",SIDESWIPE SAME DIRECTION,DIVIDED - W/MEDIAN BARRIER,DRY,NO INJURY / DRIVE AWAY,,true,"OVER $1,500",FAILING TO REDUCE SPEED TO AVOID CRASH,3,NO INDICATION OF INJURY,0,0,41.9095798667,-87.6260817682,60610,"CHICAGO MIDWAY AIRPORT, IL US",60.0,51.0,72.0,,10.0,8.0
crash_07397,2018-09-29 20:45:00,2018,9,Sep,Sat,20,Night or early morning,30,NO CONTROLS,CLEAR,"DARKNESS, LIGHTED ROAD",SIDESWIPE SAME DIRECTION,RAMP,DRY,NO INJURY / DRIVE AWAY,,true,"$501 - $1,500",UNABLE TO DETERMINE,2,NO INDICATION OF INJURY,0,0,41.8892152218,-87.6338644008,60654,"CHICAGO MIDWAY AIRPORT, IL US",56.0,42.0,60.0,0.0,10.0,9.0
crash_07398,2023-05-03 23:00:00,2023,5,May,Wed,23,Night or early morning,30,TRAFFIC SIGNAL,CLEAR,"DARKNESS, LIGHTED ROAD",SIDESWIPE SAME DIRECTION,DIVIDED - W/MEDIAN BARRIER,DRY,NO INJURY / DRIVE AWAY,,,"OVER $1,500",IMPROPER TURNING/NO SIGNAL,2,NO INDICATION OF INJURY,0,0,41.7565155058,-87.5862270638,60619,"CHICAGO MIDWAY AIRPORT, IL US",47.0,37.0,69.0,0.0,10.0,3.0
crash_07399,2022-08-24 16:30:00,2022,8,Aug,Wed,16,Evening commute,30,STOP SIGN/FLASHER,CLEAR,DAYLIGHT,ANGLE,NOT DIVIDED,DRY,INJURY AND / OR TOW DUE TO CRASH,true,true,"$501 - $1,500",DISREGARDING STOP SIGN,4,NO INDICATION OF INJURY,0,0,41.8901882299,-87.6482756055,60642,"CHICAGO MIDWAY AIRPORT, IL US",86.0,59.0,40.0,,10.0,7.0
crash_07400,2023-09-06 17:40:00,2023,9,Sep,Wed,17,Evening commute,30,TRAFFIC SIGNAL,CLEAR,DAYLIGHT,PARKED MOTOR VEHICLE,DIVIDED - W/MEDIAN (NOT RAISED),DRY,NO INJURY / DRIVE AWAY,,true,"OVER $1,500",NOT APPLICABLE,2,NO INDICATION OF INJURY,0,0,41.9611582953,-87.7298118385,60630,"CHICAGO OHARE INTERNATIONAL AIRPORT, IL US",72.0,65.0,79.0,0.0,10.0,10.0
crash_07401,2024-04-18 14:00:00,2024,4,Apr,Thu,14,Daytime,15,UNKNOWN,UNKNOWN,DAYLIGHT,PARKED MOTOR VEHICLE,OTHER,UNKNOWN,NO INJURY / DRIVE AWAY,,true,"$501 - $1,500",UNABLE TO DETERMINE,2,NO INDICATION OF INJURY,0,0,41.9680057073,-87.7583469676,60630,"CHICAGO OHARE INTERNATIONAL AIRPORT, IL US",54.0,42.0,64.0,0.0,10.0,9.0
crash_07402,2022-09-09 14:06:00,2022,9,Sep,Fri,14,Daytime,30,TRAFFIC SIGNAL,CLEAR,DAYLIGHT,ANGLE,DIVIDED - W/MEDIAN BARRIER,DRY,INJURY AND / OR TOW DUE TO CRASH,,,"OVER $1,500",FAILING TO YIELD RIGHT-OF-WAY,2,NO INDICATION OF INJURY,0,0,41.8956180188,-87.6550127885,60642,"CHICAGO MIDWAY AIRPORT, IL US",83.0,56.0,40.0,0.0,10.0,9.0
crash_07403,2023-12-02 19:20:00,2023,12,Dec,Sat,19,Night or early morning,35,TRAFFIC SIGNAL,CLEAR,"DARKNESS, LIGHTED ROAD",TURNING,UNKNOWN INTERSECTION TYPE,DRY,INJURY AND / OR TOW DUE TO CRASH,true,,"OVER $1,500",DISREGARDING TRAFFIC SIGNALS,2,"REPORTED, NOT EVIDENT",1,0,41.7515751796,-87.5855452131,60649,"CHICAGO MIDWAY AIRPORT, IL US",42.0,36.0,79.0,0.0,10.0,7.0