crash_id,crash_datetime,crash_year,crash_month,crash_month_name,crash_weekday_name,crash_hour,time_period,posted_speed_limit_mph,traffic_control_device,reported_weather_condition,reported_lighting_condition,first_crash_type,trafficway_type,reported_road_surface_condition,crash_type,intersection_related,hit_and_run,estimated_damage,primary_contributory_cause,unit_count,most_severe_injury,injuries_total,injuries_fatal,latitude,longitude,zip5,weather_station_name,temperature_f,dew_point_f,relative_humidity_percent,precipitation_inches,visibility_miles,wind_speed_mph
crash_07404,2022-01-14 13:47:00,2022,1,Jan,Fri,13,Daytime,30,TRAFFIC SIGNAL,CLEAR,DAYLIGHT,REAR END,NOT DIVIDED,DRY,NO INJURY / DRIVE AWAY,true,,"OVER $1,500",DISTRACTION - FROM OUTSIDE VEHICLE,2,NO INDICATION OF INJURY,0,0,41.9543828987,-87.6450600042,60613,"CHICAGO MIDWAY AIRPORT, IL US",34.0,26.0,73.0,0.0,10.0,11.0
crash_07405,2024-09-30 08:25:00,2024,9,Sep,Mon,8,Morning commute,30,TRAFFIC SIGNAL,CLEAR,DAYLIGHT,REAR END,FOUR WAY,DRY,NO INJURY / DRIVE AWAY,,true,"OVER $1,500",UNABLE TO DETERMINE,2,NO INDICATION OF INJURY,0,0,41.7363524609,-87.6173311588,60619,"CHICAGO MIDWAY AIRPORT, IL US",71.0,61.0,71.0,0.0,10.0,7.0
crash_07406,2025-07-09 17:35:00,2025,7,Jul,Wed,17,Evening commute,30,TRAFFIC SIGNAL,CLEAR,DAYLIGHT,REAR END,DIVIDED - W/MEDIAN (NOT RAISED),DRY,NO INJURY / DRIVE AWAY,,,"$501 - $1,500",FAILING TO REDUCE SPEED TO AVOID CRASH,2,NO INDICATION OF INJURY,0,0,41.9377411931,-87.806591369,60634,"CHICAGO OHARE INTERNATIONAL AIRPORT, IL US",74.0,65.0,74.0,0.0,10.0,13.0
crash_07407,2018-02-02 15:10:00,2018,2,Feb,Fri,15,Evening commute,30,NO CONTROLS,CLEAR,DAYLIGHT,TURNING,DIVIDED - W/MEDIAN (NOT RAISED),DRY,INJURY AND / OR TOW DUE TO CRASH,,,"OVER $1,500",IMPROPER TURNING/NO SIGNAL,2,NO INDICATION OF INJURY,0,0,41.8318158454,-87.6462779286,60608,"CHICAGO MIDWAY AIRPORT, IL US",19.0,-4.0,36.0,0.0,10.0,9.0
crash_07408,2023-04-22 14:00:00,2023,4,Apr,Sat,14,Daytime,30,NO CONTROLS,CLEAR,DAYLIGHT,FIXED OBJECT,NOT DIVIDED,DRY,INJURY AND / OR TOW DUE TO CRASH,true,,"OVER $1,500",FAILING TO REDUCE SPEED TO AVOID CRASH,1,NO INDICATION OF INJURY,0,0,41.6897868339,-87.6633786741,60643,"CHICAGO MIDWAY AIRPORT, IL US",43.0,32.0,65.0,0.0,10.0,13.0
crash_07409,2020-08-07 22:30:00,2020,8,Aug,Fri,22,Night or early morning,30,TRAFFIC SIGNAL,CLEAR,"DARKNESS, LIGHTED ROAD",TURNING,FOUR WAY,DRY,NO INJURY / DRIVE AWAY,true,true,"$501 - $1,500",IMPROPER OVERTAKING/PASSING,2,NO INDICATION OF INJURY,0,0,41.6918208362,-87.6719984039,60643,"CHICAGO MIDWAY AIRPORT, IL US",74.0,57.0,56.0,0.0,10.0,6.0
crash_07410,2024-04-12 20:45:00,2024,4,Apr,Fri,20,Night or early morning,20,NO CONTROLS,CLEAR,"DARKNESS, LIGHTED ROAD",PARKED MOTOR VEHICLE,ONE-WAY,DRY,NO INJURY / DRIVE AWAY,,,"OVER $1,500",UNABLE TO DETERMINE,2,NO INDICATION OF INJURY,0,0,41.9519133708,-87.8147657769,60634,"CHICAGO OHARE INTERNATIONAL AIRPORT, IL US",54.0,36.0,51.0,0.0,10.0,9.0
crash_07411,2018-03-03 18:05:00,2018,3,Mar,Sat,18,Evening commute,35,TRAFFIC SIGNAL,CLEAR,DARKNESS,SIDESWIPE OPPOSITE DIRECTION,NOT DIVIDED,DRY,INJURY AND / OR TOW DUE TO CRASH,true,true,"OVER $1,500",UNABLE TO DETERMINE,2,NO INDICATION OF INJURY,0,0,41.8773057604,-87.7009600679,60612,"CHICAGO MIDWAY AIRPORT, IL US",37.0,24.0,59.0,0.0,10.0,10.0
crash_07412,2025-07-22 08:50:00,2025,7,Jul,Tue,8,Morning commute,30,NO CONTROLS,CLEAR,DAYLIGHT,REAR END,DIVIDED - W/MEDIAN (NOT RAISED),DRY,NO INJURY / DRIVE AWAY,,true,"OVER $1,500",UNABLE TO DETERMINE,2,NO INDICATION OF INJURY,0,0,41.8996827837,-87.7104102595,60651,"CHICAGO MIDWAY AIRPORT, IL US",78.0,61.0,56.0,0.0,10.0,9.0
crash_07413,2023-02-17 07:52:00,2023,2,Feb,Fri,7,Morning commute,35,NO CONTROLS,SNOW,DAYLIGHT,TURNING,DIVIDED - W/MEDIAN BARRIER,ICE,INJURY AND / OR TOW DUE TO CRASH,true,,"OVER $1,500",IMPROPER TURNING/NO SIGNAL,2,NONINCAPACITATING INJURY,1,0,41.6686265303,-87.6414545717,60628,"CHICAGO MIDWAY AIRPORT, IL US",20.0,10.0,65.0,0.0,10.0,16.0
crash_07414,2023-08-22 14:45:00,2023,8,Aug,Tue,14,Daytime,30,STOP SIGN/FLASHER,CLEAR,DAYLIGHT,TURNING,UNKNOWN INTERSECTION TYPE,DRY,NO INJURY / DRIVE AWAY,true,,"OVER $1,500",UNABLE TO DETERMINE,2,NO INDICATION OF INJURY,0,0,41.8552219247,-87.7125225635,60623,"CHICAGO MIDWAY AIRPORT, IL US",87.0,71.0,59.0,0.0,10.0,9.0
crash_07415,2023-07-04 05:00:00,2023,7,Jul,Tue,5,Night or early morning,30,TRAFFIC SIGNAL,CLEAR,DAWN,TURNING,DIVIDED - W/MEDIAN (NOT RAISED),DRY,INJURY AND / OR TOW DUE TO CRASH,,true,"OVER $1,500",FAILING TO YIELD RIGHT-OF-WAY,2,NONINCAPACITATING INJURY,1,0,41.899248597,-87.6242749782,60611,"CHICAGO MIDWAY AIRPORT, IL US",71.0,62.0,73.0,0.0,10.0,6.0
crash_07416,2018-04-05 18:00:00,2018,4,Apr,Thu,18,Evening commute,30,NO CONTROLS,SNOW,DUSK,PARKED MOTOR VEHICLE,NOT DIVIDED,DRY,NO INJURY / DRIVE AWAY,,,$500 OR LESS,PASSING STOPPED SCHOOL BUS,2,NO INDICATION OF INJURY,0,0,41.9011530305,-87.6966899737,60622,"CHICAGO MIDWAY AIRPORT, IL US",36.0,33.0,89.0,0.0,5.0,10.0
crash_07417,2024-11-15 18:26:00,2024,11,Nov,Fri,18,Evening commute,30,NO CONTROLS,CLEAR,DARKNESS,REAR END,DIVIDED - W/MEDIAN (NOT RAISED),DRY,NO INJURY / DRIVE AWAY,,,"OVER $1,500",UNDER THE INFLUENCE OF ALCOHOL/DRUGS (USE WHEN ARREST IS EFFECTED),2,NO INDICATION OF INJURY,0,0,41.9467077527,-87.7275584391,60641,"CHICAGO OHARE INTERNATIONAL AIRPORT, IL US",46.0,39.0,77.0,0.0,10.0,5.0
crash_07418,2020-02-20 09:00:00,2020,2,Feb,Thu,9,Morning commute,30,TRAFFIC SIGNAL,CLEAR,DAYLIGHT,REAR END,NOT DIVIDED,DRY,NO INJURY / DRIVE AWAY,,true,$500 OR LESS,FOLLOWING TOO CLOSELY,2,NO INDICATION OF INJURY,0,0,41.8737549634,-87.6887111103,60612,"CHICAGO MIDWAY AIRPORT, IL US",14.0,-3.0,47.0,0.0,10.0,10.0
crash_07419,2018-12-14 23:58:00,2018,12,Dec,Fri,23,Night or early morning,30,NO CONTROLS,CLEAR,"DARKNESS, LIGHTED ROAD",PARKED MOTOR VEHICLE,NOT DIVIDED,WET,INJURY AND / OR TOW DUE TO CRASH,,false,"OVER $1,500",DRIVING SKILLS/KNOWLEDGE/EXPERIENCE,2,NO INDICATION OF INJURY,0,0,41.8765297348,-87.6902216573,60612,"CHICAGO MIDWAY AIRPORT, IL US",35.0,34.0,96.0,0.0,2.5,5.0
crash_07420,2025-01-02 15:05:00,2025,1,Jan,Thu,15,Evening commute,10,NO CONTROLS,CLEAR,DAYLIGHT,PARKED MOTOR VEHICLE,PARKING LOT,DRY,NO INJURY / DRIVE AWAY,,true,"OVER $1,500",DRIVING SKILLS/KNOWLEDGE/EXPERIENCE,2,NO INDICATION OF INJURY,0,0,41.7700017827,-87.644389254,60621,"CHICAGO MIDWAY AIRPORT, IL US",33.0,14.0,45.0,0.0,10.0,11.0
crash_07421,2020-11-14 19:00:00,2020,11,Nov,Sat,19,Night or early morning,30,NO CONTROLS,RAIN,"DARKNESS, LIGHTED ROAD",PARKED MOTOR VEHICLE,ONE-WAY,WET,NO INJURY / DRIVE AWAY,,,"OVER $1,500",NOT APPLICABLE,2,NO INDICATION OF INJURY,0,0,41.8777549208,-87.7488635498,60644,"CHICAGO MIDWAY AIRPORT, IL US",46.0,41.0,83.0,0.01,9.0,16.0
crash_07422,2023-12-03 14:30:00,2023,12,Dec,Sun,14,Daytime,30,TRAFFIC SIGNAL,RAIN,DAYLIGHT,REAR END,DIVIDED - W/MEDIAN (NOT RAISED),DRY,NO INJURY / DRIVE AWAY,,,"OVER $1,500",FOLLOWING TOO CLOSELY,2,NO INDICATION OF INJURY,0,0,41.7131266549,-87.7209771301,60655,"CHICAGO MIDWAY AIRPORT, IL US",40.0,35.0,83.0,,10.0,16.0
crash_07423,2021-11-02 03:00:00,2021,11,Nov,Tue,3,Night or early morning,15,NO CONTROLS,CLEAR,"DARKNESS, LIGHTED ROAD",PARKED MOTOR VEHICLE,ONE-WAY,DRY,NO INJURY / DRIVE AWAY,,true,"OVER $1,500",UNABLE TO DETERMINE,4,NO INDICATION OF INJURY,0,0,41.7449377775,-87.5839959116,60617,"CHICAGO MIDWAY AIRPORT, IL US",36.0,22.0,57.0,0.0,10.0,7.0
crash_07424,2020-06-03 14:45:00,2020,6,Jun,Wed,14,Daytime,15,NO CONTROLS,CLEAR,DAYLIGHT,FIXED OBJECT,PARKING LOT,DRY,NO INJURY / DRIVE AWAY,,,"OVER $1,500",IMPROPER BACKING,1,NO INDICATION OF INJURY,0,0,41.7962531855,-87.6226540009,60615,"CHICAGO MIDWAY AIRPORT, IL US",83.0,61.0,48.0,0.0,10.0,0.0
crash_07425,2020-06-16 23:08:00,2020,6,Jun,Tue,23,Night or early morning,45,TRAFFIC SIGNAL,CLEAR,"DARKNESS, LIGHTED ROAD",SIDESWIPE SAME DIRECTION,DIVIDED - W/MEDIAN BARRIER,DRY,INJURY AND / OR TOW DUE TO CRASH,,,"OVER $1,500",FAILING TO REDUCE SPEED TO AVOID CRASH,2,NONINCAPACITATING INJURY,1,0,41.8602572412,-87.6177106332,60616,"CHICAGO MIDWAY AIRPORT, IL US",70.0,57.0,64.0,0.0,10.0,5.0
crash_07426,2025-09-29 11:49:00,2025,9,Sep,Mon,11,Daytime,30,TRAFFIC SIGNAL,CLEAR,DAYLIGHT,REAR END,NOT DIVIDED,DRY,NO INJURY / DRIVE AWAY,true,true,"$501 - $1,500",IMPROPER OVERTAKING/PASSING,2,NO INDICATION OF INJURY,0,0,41.7729895172,-87.6203552836,60637,,,,,,,
crash_07427,2024-08-08 09:55:00,2024,8,Aug,Thu,9,Morning commute,25,NO CONTROLS,CLEAR,DAYLIGHT,PARKED MOTOR VEHICLE,NOT DIVIDED,DRY,NO INJURY / DRIVE AWAY,,,"$501 - $1,500",UNABLE TO DETERMINE,2,NO INDICATION OF INJURY,0,0,41.9837064778,-87.6618144662,60660,"CHICAGO OHARE INTERNATIONAL AIRPORT, IL US",75.0,61.0,62.0,0.0,10.0,6.0
crash_07428,2022-03-22 09:45:00,2022,3,Mar,Tue,9,Morning commute,30,NO CONTROLS,RAIN,DAYLIGHT,PARKED MOTOR VEHICLE,ONE-WAY,WET,NO INJURY / DRIVE AWAY,,,$500 OR LESS,IMPROPER BACKING,2,NO INDICATION OF INJURY,0,0,41.8843821311,-87.6276841078,60602,"CHICAGO MIDWAY AIRPORT, IL US",54.0,45.0,72.0,0.0,10.0,18.0
crash_07429,2018-07-08 00:20:00,2018,7,Jul,Sun,0,Night or early morning,30,NO CONTROLS,CLEAR,"DARKNESS, LIGHTED ROAD",PARKED MOTOR VEHICLE,ONE-WAY,DRY,NO INJURY / DRIVE AWAY,,,"$501 - $1,500",NOT APPLICABLE,2,NO INDICATION OF INJURY,0,0,41.7296007983,-87.6517968604,60620,"CHICAGO MIDWAY AIRPORT, IL US",69.0,58.0,68.0,0.0,10.0,6.0
crash_07430,2024-03-07 19:24:00,2024,3,Mar,Thu,19,Night or early morning,30,TRAFFIC SIGNAL,CLEAR,DARKNESS,PEDALCYCLIST,NOT DIVIDED,DRY,INJURY AND / OR TOW DUE TO CRASH,,true,"OVER $1,500",UNABLE TO DETERMINE,2,"REPORTED, NOT EVIDENT",1,0,41.7646089122,-87.6833870533,60629,"CHICAGO MIDWAY AIRPORT, IL US",45.0,37.0,76.0,,9.0,9.0
crash_07431,2023-08-25 11:00:00,2023,8,Aug,Fri,11,Daytime,30,NO CONTROLS,CLEAR,DAYLIGHT,PARKED MOTOR VEHICLE,ONE-WAY,DRY,NO INJURY / DRIVE AWAY,,,"$501 - $1,500",UNABLE TO DETERMINE,2,NO INDICATION OF INJURY,0,0,41.8915699948,-87.6275735131,60611,"CHICAGO MIDWAY AIRPORT, IL US",74.0,67.0,79.0,0.0,10.0,11.0
crash_07432,2018-06-01 17:05:00,2018,6,Jun,Fri,17,Evening commute,40,NO CONTROLS,CLEAR,DAYLIGHT,SIDESWIPE SAME DIRECTION,DIVIDED - W/MEDIAN BARRIER,DRY,NO INJURY / DRIVE AWAY,,,"OVER $1,500",FAILING TO YIELD RIGHT-OF-WAY,2,NO INDICATION OF INJURY,0,0,41.9058252192,-87.6246760777,60610,"CHICAGO MIDWAY AIRPORT, IL US",63.0,49.0,60.0,0.0,10.0,18.0
crash_07433,2024-07-28 21:35:00,2024,7,Jul,Sun,21,Night or early morning,30,TRAFFIC SIGNAL,CLEAR,"DARKNESS, LIGHTED ROAD",REAR END,NOT DIVIDED,DRY,INJURY AND / OR TOW DUE TO CRASH,true,,"OVER $1,500",FAILING TO REDUCE SPEED TO AVOID CRASH,2,"REPORTED, NOT EVIDENT",1,0,41.8201908751,-87.6167488704,60653,"CHICAGO MIDWAY AIRPORT, IL US",79.0,72.0,79.0,0.0,10.0,7.0
crash_07434,2020-12-20 15:41:00,2020,12,Dec,Sun,15,Evening commute,20,NO CONTROLS,CLEAR,DAYLIGHT,ANGLE,FOUR WAY,DRY,INJURY AND / OR TOW DUE TO CRASH,,true,"OVER $1,500",UNABLE TO DETERMINE,3,"REPORTED, NOT EVIDENT",1,0,41.9096319449,-87.7254404254,60651,"CHICAGO MIDWAY AIRPORT, IL US",41.0,27.0,57.0,0.0,10.0,11.0
crash_07435,2018-04-08 14:49:00,2018,4,Apr,Sun,14,Daytime,30,TRAFFIC SIGNAL,CLEAR,DAYLIGHT,OTHER OBJECT,DIVIDED - W/MEDIAN (NOT RAISED),DRY,NO INJURY / DRIVE AWAY,,,$500 OR LESS,NOT APPLICABLE,1,NO INDICATION OF INJURY,0,0,41.7222276214,-87.5854475291,60628,"CHICAGO MIDWAY AIRPORT, IL US",39.0,15.0,38.0,0.0,10.0,10.0
crash_07436,2022-11-23 11:00:00,2022,11,Nov,Wed,11,Daytime,25,STOP SIGN/FLASHER,UNKNOWN,DAYLIGHT,TURNING,NOT DIVIDED,UNKNOWN,NO INJURY / DRIVE AWAY,true,,"OVER $1,500",UNABLE TO DETERMINE,2,NO INDICATION OF INJURY,0,0,41.8845018678,-87.6483736766,60607,"CHICAGO MIDWAY AIRPORT, IL US",50.0,36.0,59.0,0.0,10.0,8.0
crash_07437,2023-06-22 18:58:00,2023,6,Jun,Thu,18,Evening commute,30,TRAFFIC SIGNAL,CLEAR,DAYLIGHT,TURNING,FOUR WAY,DRY,NO INJURY / DRIVE AWAY,true,,"OVER $1,500",UNABLE TO DETERMINE,2,NO INDICATION OF INJURY,0,0,41.9029404715,-87.7069135127,60651,"CHICAGO MIDWAY AIRPORT, IL US",77.0,54.0,45.0,0.0,10.0,15.0
crash_07438,2020-04-15 13:55:00,2020,4,Apr,Wed,13,Daytime,30,NO CONTROLS,CLOUDY/OVERCAST,DAYLIGHT,PARKED MOTOR VEHICLE,NOT DIVIDED,UNKNOWN,NO INJURY / DRIVE AWAY,,,"$501 - $1,500",IMPROPER OVERTAKING/PASSING,2,NO INDICATION OF INJURY,0,0,41.9280377499,-87.6506355204,60614,"CHICAGO MIDWAY AIRPORT, IL US",37.0,17.0,44.0,0.0,10.0,11.0
crash_07439,2024-06-06 11:00:00,2024,6,Jun,Thu,11,Daytime,15,NO CONTROLS,UNKNOWN,DAYLIGHT,PARKED MOTOR VEHICLE,PARKING LOT,UNKNOWN,NO INJURY / DRIVE AWAY,,,"$501 - $1,500",UNABLE TO DETERMINE,2,NO INDICATION OF INJURY,0,0,41.9936403023,-87.6553512174,60660,"CHICAGO OHARE INTERNATIONAL AIRPORT, IL US",76.0,45.0,33.0,0.0,10.0,23.0
crash_07440,2020-08-20 23:18:00,2020,8,Aug,Thu,23,Night or early morning,30,TRAFFIC SIGNAL,CLEAR,"DARKNESS, LIGHTED ROAD",TURNING,NOT DIVIDED,DRY,INJURY AND / OR TOW DUE TO CRASH,true,,"OVER $1,500",IMPROPER TURNING/NO SIGNAL,2,NONINCAPACITATING INJURY,1,0,41.7977943541,-87.6453932148,60609,"CHICAGO MIDWAY AIRPORT, IL US",74.0,55.0,52.0,0.0,10.0,7.0
crash_07441,2018-06-18 11:45:00,2018,6,Jun,Mon,11,Daytime,30,TRAFFIC SIGNAL,CLEAR,DAYLIGHT,REAR END,NOT DIVIDED,DRY,NO INJURY / DRIVE AWAY,,true,"OVER $1,500",FOLLOWING TOO CLOSELY,2,NO INDICATION OF INJURY,0,0,41.7513987479,-87.6049942336,60619,"CHICAGO MIDWAY AIRPORT, IL US",92.0,74.0,56.0,0.0,10.0,15.0
crash_07442,2021-05-05 14:00:00,2021,5,May,Wed,14,Daytime,30,STOP SIGN/FLASHER,CLEAR,DAYLIGHT,TURNING,DIVIDED - W/MEDIAN (NOT RAISED),DRY,NO INJURY / DRIVE AWAY,true,,"OVER $1,500",UNABLE TO DETERMINE,2,NO INDICATION OF INJURY,0,0,41.876164239,-87.7354426787,60624,"CHICAGO MIDWAY AIRPORT, IL US",56.0,37.0,49.0,0.0,10.0,13.0
crash_07443,2018-10-03 19:55:00,2018,10,Oct,Wed,19,Night or early morning,30,TRAFFIC SIGNAL,CLEAR,DARKNESS,ANGLE,DIVIDED - W/MEDIAN (NOT RAISED),UNKNOWN,INJURY AND / OR TOW DUE TO CRASH,true,true,"OVER $1,500",HAD BEEN DRINKING (USE WHEN ARREST IS NOT MADE),2,NONINCAPACITATING INJURY,3,0,41.8577105594,-87.6758490697,60608,"CHICAGO MIDWAY AIRPORT, IL US",84.0,64.0,51.0,0.0,10.0,18.0
crash_07444,2025-10-31 18:11:00,2025,10,Oct,Fri,18,Evening commute,30,FLASHING CONTROL SIGNAL,CLEAR,DAWN,ANGLE,NOT DIVIDED,DRY,INJURY AND / OR TOW DUE TO CRASH,,,"OVER $1,500",FAILING TO YIELD RIGHT-OF-WAY,2,"REPORTED, NOT EVIDENT",9,0,41.9173888995,-87.712051446,60647,,,,,,,
crash_07445,2025-09-28 19:42:00,2025,9,Sep,Sun,19,Night or early morning,30,TRAFFIC SIGNAL,CLEAR,"DARKNESS, LIGHTED ROAD",TURNING,NOT DIVIDED,DRY,INJURY AND / OR TOW DUE TO CRASH,true,true,"$501 - $1,500",DISREGARDING TRAFFIC SIGNALS,2,"REPORTED, NOT EVIDENT",3,0,41.7509837901,-87.6289614545,60620,,,,,,,
crash_07446,2024-12-19 19:16:00,2024,12,Dec,Thu,19,Night or early morning,20,UNKNOWN,SNOW,"DARKNESS, LIGHTED ROAD",PEDESTRIAN,NOT DIVIDED,WET,INJURY AND / OR TOW DUE TO CRASH,,true,"OVER $1,500",UNABLE TO DETERMINE,2,NONINCAPACITATING INJURY,1,0,41.8864957532,-87.7652322597,60644,"CHICAGO MIDWAY AIRPORT, IL US",32.0,29.0,88.0,0.0,1.75,7.0
crash_07447,2018-10-12 05:00:00,2018,10,Oct,Fri,5,Night or early morning,30,NO CONTROLS,CLEAR,DAYLIGHT,REAR END,NOT DIVIDED,DRY,NO INJURY / DRIVE AWAY,,,"$501 - $1,500",NOT APPLICABLE,2,NO INDICATION OF INJURY,0,0,41.822563836,-87.7241874791,60632,"CHICAGO MIDWAY AIRPORT, IL US",37.0,30.0,76.0,0.0,10.0,3.0
crash_07448,2019-01-20 18:55:00,2019,1,Jan,Sun,18,Evening commute,30,TRAFFIC SIGNAL,SNOW,"DARKNESS, LIGHTED ROAD",ANGLE,NOT DIVIDED,SNOW OR SLUSH,INJURY AND / OR TOW DUE TO CRASH,true,,"OVER $1,500",DISREGARDING TRAFFIC SIGNALS,4,INCAPACITATING INJURY,3,0,41.7793722205,-87.6643653474,60636,"CHICAGO MIDWAY AIRPORT, IL US",11.0,-3.0,53.0,0.0,10.0,16.0
crash_07449,2025-12-10 14:30:00,2025,12,Dec,Wed,14,Daytime,20,NO CONTROLS,CLEAR,DAYLIGHT,PARKED MOTOR VEHICLE,NOT DIVIDED,SNOW OR SLUSH,NO INJURY / DRIVE AWAY,,,"$501 - $1,500",NOT APPLICABLE,2,NO INDICATION OF INJURY,0,0,41.9615924192,-87.6768311102,60640,,,,,,,
crash_07450,2023-06-18 16:40:00,2023,6,Jun,Sun,16,Evening commute,30,UNKNOWN,UNKNOWN,UNKNOWN,TURNING,T-INTERSECTION,UNKNOWN,NO INJURY / DRIVE AWAY,true,,"$501 - $1,500",IMPROPER TURNING/NO SIGNAL,2,NO INDICATION OF INJURY,0,0,42.0079468459,-87.6701461746,60626,"CHICAGO OHARE INTERNATIONAL AIRPORT, IL US",85.0,52.0,32.0,0.0,9.0,17.0
crash_07451,2019-07-15 10:40:00,2019,7,Jul,Mon,10,Daytime,30,TRAFFIC SIGNAL,CLEAR,DAYLIGHT,REAR END,NOT DIVIDED,DRY,NO INJURY / DRIVE AWAY,,,"OVER $1,500",FOLLOWING TOO CLOSELY,2,NO INDICATION OF INJURY,0,0,41.8736455085,-87.7057682859,60612,"CHICAGO MIDWAY AIRPORT, IL US",85.0,66.0,53.0,0.0,10.0,13.0
crash_07452,2024-06-28 22:03:00,2024,6,Jun,Fri,22,Night or early morning,30,TRAFFIC SIGNAL,CLEAR,DARKNESS,SIDESWIPE SAME DIRECTION,DIVIDED - W/MEDIAN (NOT RAISED),DRY,NO INJURY / DRIVE AWAY,,,"OVER $1,500",UNABLE TO DETERMINE,2,NO INDICATION OF INJURY,0,0,41.9110784031,-87.648422296,60614,"CHICAGO MIDWAY AIRPORT, IL US",75.0,68.0,79.0,0.0,10.0,3.0
crash_07453,2021-12-24 19:20:00,2021,12,Dec,Fri,19,Night or early morning,30,NO CONTROLS,CLEAR,"DARKNESS, LIGHTED ROAD",REAR END,NOT DIVIDED,WET,NO INJURY / DRIVE AWAY,,true,"OVER $1,500",FOLLOWING TOO CLOSELY,2,NO INDICATION OF INJURY,0,0,41.9021263648,-87.7569475678,60651,"CHICAGO MIDWAY AIRPORT, IL US",58.0,51.0,78.0,0.0,10.0,11.0
crash_07454,2024-02-24 22:35:00,2024,2,Feb,Sat,22,Night or early morning,25,STOP SIGN/FLASHER,CLEAR,"DARKNESS, LIGHTED ROAD",PARKED MOTOR VEHICLE,ONE-WAY,DRY,NO INJURY / DRIVE AWAY,,,"OVER $1,500",UNABLE TO DETERMINE,2,NO INDICATION OF INJURY,0,0,41.9967769325,-87.6721004818,60660,"CHICAGO OHARE INTERNATIONAL AIRPORT, IL US",32.0,20.0,61.0,0.0,10.0,9.0
crash_07455,2018-05-01 17:40:00,2018,5,May,Tue,17,Evening commute,30,TRAFFIC SIGNAL,CLEAR,DAYLIGHT,PARKED MOTOR VEHICLE,DIVIDED - W/MEDIAN (NOT RAISED),DRY,NO INJURY / DRIVE AWAY,,,"OVER $1,500",UNABLE TO DETERMINE,2,NO INDICATION OF INJURY,0,0,41.9834200907,-87.6599158168,60640,"CHICAGO OHARE INTERNATIONAL AIRPORT, IL US",84.0,44.0,25.0,0.0,10.0,22.0
crash_07456,2022-05-02 21:15:00,2022,5,May,Mon,21,Night or early morning,30,NO CONTROLS,CLEAR,"DARKNESS, LIGHTED ROAD",PARKED MOTOR VEHICLE,ONE-WAY,DRY,NO INJURY / DRIVE AWAY,,true,"OVER $1,500",UNABLE TO DETERMINE,2,NO INDICATION OF INJURY,0,0,41.8824622224,-87.75895868,60644,"CHICAGO MIDWAY AIRPORT, IL US",51.0,40.0,66.0,0.0,10.0,10.0
crash_07457,2023-02-27 18:08:00,2023,2,Feb,Mon,18,Evening commute,15,NO CONTROLS,UNKNOWN,UNKNOWN,PARKED MOTOR VEHICLE,OTHER,UNKNOWN,NO INJURY / DRIVE AWAY,,true,$500 OR LESS,UNABLE TO DETERMINE,2,NO INDICATION OF INJURY,0,0,41.7223152189,-87.5788543234,60617,"CHICAGO MIDWAY AIRPORT, IL US",49.0,42.0,77.0,0.0,10.0,24.0
crash_07458,2018-04-15 18:30:00,2018,4,Apr,Sun,18,Evening commute,30,NO CONTROLS,CLEAR,DARKNESS,PARKED MOTOR VEHICLE,ONE-WAY,DRY,NO INJURY / DRIVE AWAY,,true,"OVER $1,500",UNABLE TO DETERMINE,2,NO INDICATION OF INJURY,0,0,41.9986383971,-87.6949401563,60645,"CHICAGO OHARE INTERNATIONAL AIRPORT, IL US",35.0,32.0,89.0,0.0,3.0,11.0
crash_07459,2024-11-14 17:39:00,2024,11,Nov,Thu,17,Evening commute,30,TRAFFIC SIGNAL,CLEAR,"DARKNESS, LIGHTED ROAD",TURNING,DIVIDED - W/MEDIAN (NOT RAISED),DRY,NO INJURY / DRIVE AWAY,,,"OVER $1,500",FAILING TO YIELD RIGHT-OF-WAY,2,NO INDICATION OF INJURY,0,0,41.9098635734,-87.7363802961,60639,"CHICAGO MIDWAY AIRPORT, IL US",52.0,45.0,77.0,,10.0,14.0
crash_07460,2022-04-12 14:13:00,2022,4,Apr,Tue,14,Daytime,30,TRAFFIC SIGNAL,CLEAR,DAYLIGHT,PEDESTRIAN,NOT DIVIDED,DRY,INJURY AND / OR TOW DUE TO CRASH,,,$500 OR LESS,UNABLE TO DETERMINE,2,NONINCAPACITATING INJURY,1,0,41.8951122186,-87.745932427,60651,"CHICAGO MIDWAY AIRPORT, IL US",71.0,39.0,31.0,0.0,10.0,16.0
crash_07461,2023-05-31 07:40:00,2023,5,May,Wed,7,Morning commute,30,NO CONTROLS,CLEAR,DAYLIGHT,ANGLE,PARKING LOT,DRY,NO INJURY / DRIVE AWAY,,,"OVER $1,500",UNABLE TO DETERMINE,2,NO INDICATION OF INJURY,0,0,41.8740163353,-87.6702608284,60612,"CHICAGO MIDWAY AIRPORT, IL US",77.0,61.0,58.0,0.0,10.0,8.0
crash_07462,2019-11-06 22:30:00,2019,11,Nov,Wed,22,Night or early morning,15,NO CONTROLS,OTHER,"DARKNESS, LIGHTED ROAD",ANGLE,PARKING LOT,WET,NO INJURY / DRIVE AWAY,,,"OVER $1,500",UNABLE TO DETERMINE,2,NO INDICATION OF INJURY,0,0,41.8128854465,-87.6838435762,60609,"CHICAGO MIDWAY AIRPORT, IL US",32.0,29.0,88.0,0.0,3.0,15.0
crash_07463,2020-01-16 09:30:00,2020,1,Jan,Thu,9,Morning commute,20,NO CONTROLS,CLEAR,DAYLIGHT,REAR TO SIDE,PARKING LOT,DRY,NO INJURY / DRIVE AWAY,,,"$501 - $1,500",NOT APPLICABLE,2,NO INDICATION OF INJURY,0,0,41.7809600959,-87.6838337262,60629,"CHICAGO MIDWAY AIRPORT, IL US",19.0,9.0,65.0,0.0,10.0,15.0