crash_id,crash_datetime,crash_year,crash_month,crash_month_name,crash_weekday_name,crash_hour,time_period,posted_speed_limit_mph,traffic_control_device,reported_weather_condition,reported_lighting_condition,first_crash_type,trafficway_type,reported_road_surface_condition,crash_type,intersection_related,hit_and_run,estimated_damage,primary_contributory_cause,unit_count,most_severe_injury,injuries_total,injuries_fatal,latitude,longitude,zip5,weather_station_name,temperature_f,dew_point_f,relative_humidity_percent,precipitation_inches,visibility_miles,wind_speed_mph
crash_07464,2021-03-26 09:00:00,2021,3,Mar,Fri,9,Morning commute,30,NO CONTROLS,CLEAR,DAYLIGHT,PARKED MOTOR VEHICLE,PARKING LOT,DRY,NO INJURY / DRIVE AWAY,,,"$501 - $1,500",UNABLE TO DETERMINE,2,NO INDICATION OF INJURY,0,0,41.9029719123,-87.6834849313,60622,"CHICAGO MIDWAY AIRPORT, IL US",37.0,32.0,82.0,0.0,10.0,0.0
crash_07465,2024-09-05 07:05:00,2024,9,Sep,Thu,7,Morning commute,20,STOP SIGN/FLASHER,CLEAR,DAYLIGHT,SIDESWIPE SAME DIRECTION,T-INTERSECTION,DRY,NO INJURY / DRIVE AWAY,,true,"OVER $1,500",IMPROPER OVERTAKING/PASSING,2,NO INDICATION OF INJURY,0,0,41.8758111262,-87.7648506205,60644,"CHICAGO MIDWAY AIRPORT, IL US",66.0,57.0,73.0,0.0,10.0,5.0
crash_07466,2020-11-07 12:30:00,2020,11,Nov,Sat,12,Daytime,30,TRAFFIC SIGNAL,CLEAR,DAYLIGHT,REAR END,NOT DIVIDED,DRY,NO INJURY / DRIVE AWAY,,true,$500 OR LESS,UNABLE TO DETERMINE,2,NO INDICATION OF INJURY,0,0,41.8059452387,-87.7236730791,60632,"CHICAGO MIDWAY AIRPORT, IL US",71.0,46.0,41.0,0.0,10.0,11.0
crash_07467,2025-10-03 18:30:00,2025,10,Oct,Fri,18,Evening commute,0,NO CONTROLS,CLEAR,UNKNOWN,REAR END,OTHER,OTHER,INJURY AND / OR TOW DUE TO CRASH,,,$500 OR LESS,DISTRACTION - FROM INSIDE VEHICLE,2,"REPORTED, NOT EVIDENT",1,0,41.9236732565,-87.7996266459,60707,,,,,,,
crash_07468,2021-05-12 12:15:00,2021,5,May,Wed,12,Daytime,30,TRAFFIC SIGNAL,CLEAR,DAYLIGHT,REAR END,FOUR WAY,UNKNOWN,NO INJURY / DRIVE AWAY,,true,"$501 - $1,500",FOLLOWING TOO CLOSELY,2,NO INDICATION OF INJURY,0,0,41.7732928959,-87.5864423683,60637,"CHICAGO MIDWAY AIRPORT, IL US",56.0,25.0,30.0,0.0,10.0,7.0
crash_07469,2024-03-19 11:40:00,2024,3,Mar,Tue,11,Daytime,15,NO CONTROLS,CLEAR,DAYLIGHT,PARKED MOTOR VEHICLE,NOT DIVIDED,DRY,NO INJURY / DRIVE AWAY,,true,"OVER $1,500",IMPROPER OVERTAKING/PASSING,2,NO INDICATION OF INJURY,0,0,41.6926513148,-87.6266864056,60628,"CHICAGO MIDWAY AIRPORT, IL US",47.0,20.0,34.0,0.0,10.0,25.0
crash_07470,2025-06-26 12:55:00,2025,6,Jun,Thu,12,Daytime,30,NO CONTROLS,CLEAR,DAYLIGHT,SIDESWIPE OPPOSITE DIRECTION,NOT DIVIDED,DRY,NO INJURY / DRIVE AWAY,,,"$501 - $1,500",UNABLE TO DETERMINE,2,NO INDICATION OF INJURY,0,0,41.8158412369,-87.6576443739,60609,"CHICAGO MIDWAY AIRPORT, IL US",92.0,70.0,49.0,0.0,10.0,10.0
crash_07471,2025-06-04 11:20:00,2025,6,Jun,Wed,11,Daytime,30,NO CONTROLS,RAIN,DAYLIGHT,HEAD ON,NOT DIVIDED,WET,INJURY AND / OR TOW DUE TO CRASH,,,"OVER $1,500",WEATHER,2,NONINCAPACITATING INJURY,1,0,41.8077048768,-87.7452063821,60638,"CHICAGO MIDWAY AIRPORT, IL US",61.0,57.0,87.0,0.0,6.0,8.0
crash_07472,2023-05-17 02:02:00,2023,5,May,Wed,2,Night or early morning,30,NO CONTROLS,CLEAR,"DARKNESS, LIGHTED ROAD",FIXED OBJECT,NOT DIVIDED,DRY,INJURY AND / OR TOW DUE TO CRASH,,,"OVER $1,500",UNABLE TO DETERMINE,1,NO INDICATION OF INJURY,0,0,41.7386910038,-87.5851033073,60617,"CHICAGO MIDWAY AIRPORT, IL US",51.0,38.0,61.0,0.0,10.0,11.0
crash_07473,2023-05-09 21:31:00,2023,5,May,Tue,21,Night or early morning,30,STOP SIGN/FLASHER,CLEAR,"DARKNESS, LIGHTED ROAD",FIXED OBJECT,NOT DIVIDED,DRY,INJURY AND / OR TOW DUE TO CRASH,true,,"OVER $1,500",FAILING TO REDUCE SPEED TO AVOID CRASH,1,NO INDICATION OF INJURY,0,0,41.8033560932,-87.6455379753,60609,"CHICAGO MIDWAY AIRPORT, IL US",58.0,40.0,51.0,0.0,10.0,6.0
crash_07474,2024-02-26 02:00:00,2024,2,Feb,Mon,2,Night or early morning,30,NO CONTROLS,UNKNOWN,"DARKNESS, LIGHTED ROAD",PARKED MOTOR VEHICLE,ONE-WAY,UNKNOWN,NO INJURY / DRIVE AWAY,,true,"$501 - $1,500",UNABLE TO DETERMINE,2,NO INDICATION OF INJURY,0,0,41.885636332,-87.7631267212,60644,"CHICAGO MIDWAY AIRPORT, IL US",45.0,35.0,68.0,0.0,10.0,3.0
crash_07475,2019-03-27 19:18:00,2019,3,Mar,Wed,19,Night or early morning,30,TRAFFIC SIGNAL,CLEAR,DAYLIGHT,SIDESWIPE SAME DIRECTION,NOT DIVIDED,DRY,INJURY AND / OR TOW DUE TO CRASH,true,false,"OVER $1,500","OPERATING VEHICLE IN ERRATIC, RECKLESS, CARELESS, NEGLIGENT OR AGGRESSIVE MANNER",2,NO INDICATION OF INJURY,0,0,41.7215707064,-87.6238733539,60628,"CHICAGO MIDWAY AIRPORT, IL US",56.0,29.0,36.0,0.0,10.0,13.0
crash_07476,2021-03-07 14:30:00,2021,3,Mar,Sun,14,Daytime,30,TRAFFIC SIGNAL,CLEAR,DAYLIGHT,REAR END,NOT DIVIDED,DRY,NO INJURY / DRIVE AWAY,true,true,"$501 - $1,500",FOLLOWING TOO CLOSELY,2,NO INDICATION OF INJURY,0,0,41.8672997743,-87.6443306921,60607,"CHICAGO MIDWAY AIRPORT, IL US",50.0,23.0,35.0,0.0,10.0,11.0
crash_07477,2019-02-08 08:00:00,2019,2,Feb,Fri,8,Morning commute,30,NO CONTROLS,CLEAR,DAYLIGHT,REAR END,NOT DIVIDED,DRY,NO INJURY / DRIVE AWAY,,,$500 OR LESS,FOLLOWING TOO CLOSELY,2,NO INDICATION OF INJURY,0,0,41.9905592229,-87.6983217171,60659,"CHICAGO OHARE INTERNATIONAL AIRPORT, IL US",4.0,-4.0,69.0,0.0,8.0,20.0
crash_07478,2023-03-07 23:28:00,2023,3,Mar,Tue,23,Night or early morning,25,NO CONTROLS,CLEAR,DARKNESS,PARKED MOTOR VEHICLE,NOT DIVIDED,DRY,NO INJURY / DRIVE AWAY,,true,"OVER $1,500","OPERATING VEHICLE IN ERRATIC, RECKLESS, CARELESS, NEGLIGENT OR AGGRESSIVE MANNER",2,NO INDICATION OF INJURY,0,0,41.7431895634,-87.5467996603,60617,"CHICAGO MIDWAY AIRPORT, IL US",38.0,22.0,52.0,0.0,10.0,10.0
crash_07479,2019-07-09 22:19:00,2019,7,Jul,Tue,22,Night or early morning,30,TRAFFIC SIGNAL,CLEAR,"DARKNESS, LIGHTED ROAD",ANGLE,FOUR WAY,DRY,INJURY AND / OR TOW DUE TO CRASH,true,,"OVER $1,500",EQUIPMENT - VEHICLE CONDITION,2,NONINCAPACITATING INJURY,1,0,41.759239025,-87.6735368322,60636,"CHICAGO MIDWAY AIRPORT, IL US",80.0,64.0,58.0,0.0,10.0,6.0
crash_07480,2024-12-05 11:07:00,2024,12,Dec,Thu,11,Daytime,35,NO CONTROLS,CLEAR,DAYLIGHT,FIXED OBJECT,ONE-WAY,DRY,INJURY AND / OR TOW DUE TO CRASH,,,"OVER $1,500",IMPROPER LANE USAGE,1,NO INDICATION OF INJURY,0,0,41.8770336897,-87.6262056987,60604,"CHICAGO MIDWAY AIRPORT, IL US",22.0,7.0,52.0,,10.0,17.0
crash_07481,2024-07-05 20:25:00,2024,7,Jul,Fri,20,Night or early morning,30,NO CONTROLS,CLEAR,DARKNESS,PARKED MOTOR VEHICLE,ONE-WAY,DRY,INJURY AND / OR TOW DUE TO CRASH,,,"OVER $1,500",UNABLE TO DETERMINE,2,NONINCAPACITATING INJURY,1,0,41.8844450425,-87.7700512737,60644,"CHICAGO MIDWAY AIRPORT, IL US",75.0,57.0,54.0,0.0,10.0,13.0
crash_07482,2020-02-08 15:15:00,2020,2,Feb,Sat,15,Evening commute,30,NO CONTROLS,CLEAR,DAYLIGHT,REAR END,NOT DIVIDED,DRY,NO INJURY / DRIVE AWAY,,,"$501 - $1,500",UNABLE TO DETERMINE,2,NO INDICATION OF INJURY,0,0,41.9109347402,-87.6493370134,60614,"CHICAGO MIDWAY AIRPORT, IL US",34.0,22.0,61.0,0.0,10.0,7.0
crash_07483,2019-12-07 04:30:00,2019,12,Dec,Sat,4,Night or early morning,35,NO CONTROLS,CLEAR,"DARKNESS, LIGHTED ROAD",PARKED MOTOR VEHICLE,DIVIDED - W/MEDIAN (NOT RAISED),DRY,INJURY AND / OR TOW DUE TO CRASH,,true,"OVER $1,500",UNABLE TO DETERMINE,2,NO INDICATION OF INJURY,0,0,41.7732790947,-87.5815595035,60649,"CHICAGO MIDWAY AIRPORT, IL US",27.0,22.0,81.0,0.0,10.0,0.0
crash_07484,2020-02-17 18:01:00,2020,2,Feb,Mon,18,Evening commute,30,STOP SIGN/FLASHER,RAIN,"DARKNESS, LIGHTED ROAD",TURNING,DIVIDED - W/MEDIAN (NOT RAISED),WET,INJURY AND / OR TOW DUE TO CRASH,,true,"OVER $1,500",DISREGARDING TRAFFIC SIGNALS,2,NONINCAPACITATING INJURY,1,0,41.9537568745,-87.7276985131,60641,"CHICAGO OHARE INTERNATIONAL AIRPORT, IL US",36.0,33.0,89.0,0.0,5.0,8.0
crash_07485,2022-06-03 04:09:00,2022,6,Jun,Fri,4,Night or early morning,30,NO CONTROLS,CLEAR,"DARKNESS, LIGHTED ROAD",FIXED OBJECT,NOT DIVIDED,DRY,INJURY AND / OR TOW DUE TO CRASH,,,"OVER $1,500",UNABLE TO DETERMINE,1,FATAL,1,1,41.7244540201,-87.6496754803,60620,"CHICAGO MIDWAY AIRPORT, IL US",64.0,42.0,45.0,0.0,10.0,7.0
crash_07486,2021-02-01 06:30:00,2021,2,Feb,Mon,6,Morning commute,30,NO CONTROLS,SNOW,DAYLIGHT,PARKED MOTOR VEHICLE,ONE-WAY,SNOW OR SLUSH,NO INJURY / DRIVE AWAY,,true,"OVER $1,500",UNABLE TO DETERMINE,2,NO INDICATION OF INJURY,0,0,41.7752830705,-87.7124526771,60629,"CHICAGO MIDWAY AIRPORT, IL US",28.0,21.0,75.0,0.0,10.0,11.0
crash_07487,2018-04-05 08:10:00,2018,4,Apr,Thu,8,Morning commute,20,NO CONTROLS,CLEAR,DAYLIGHT,PARKED MOTOR VEHICLE,ONE-WAY,DRY,NO INJURY / DRIVE AWAY,,true,$500 OR LESS,UNABLE TO DETERMINE,2,NO INDICATION OF INJURY,0,0,41.9413463188,-87.70137967,60618,"CHICAGO MIDWAY AIRPORT, IL US",27.0,13.0,55.0,0.0,10.0,5.0
crash_07488,2019-08-04 18:30:00,2019,8,Aug,Sun,18,Evening commute,30,NO CONTROLS,CLEAR,DAYLIGHT,PARKED MOTOR VEHICLE,NOT DIVIDED,DRY,NO INJURY / DRIVE AWAY,,,"$501 - $1,500",IMPROPER BACKING,2,NO INDICATION OF INJURY,0,0,41.997437913,-87.7642448557,60646,"CHICAGO OHARE INTERNATIONAL AIRPORT, IL US",81.0,67.0,62.0,0.0,10.0,7.0
crash_07489,2022-08-02 21:00:00,2022,8,Aug,Tue,21,Night or early morning,25,NO CONTROLS,CLEAR,DUSK,PEDESTRIAN,FOUR WAY,DRY,INJURY AND / OR TOW DUE TO CRASH,,,"$501 - $1,500",FAILING TO YIELD RIGHT-OF-WAY,2,NONINCAPACITATING INJURY,1,0,41.9684300625,-87.7208445951,60625,"CHICAGO OHARE INTERNATIONAL AIRPORT, IL US",82.0,65.0,56.0,0.0,10.0,10.0
crash_07490,2021-06-04 10:30:00,2021,6,Jun,Fri,10,Daytime,30,NO CONTROLS,CLEAR,DAYLIGHT,FIXED OBJECT,DIVIDED - W/MEDIAN (NOT RAISED),DRY,NO INJURY / DRIVE AWAY,,,"OVER $1,500",DISREGARDING OTHER TRAFFIC SIGNS,1,NO INDICATION OF INJURY,0,0,41.9139525902,-87.6972423133,60647,"CHICAGO MIDWAY AIRPORT, IL US",84.0,51.0,32.0,0.0,10.0,20.0
crash_07491,2022-10-12 03:55:00,2022,10,Oct,Wed,3,Night or early morning,30,NO CONTROLS,RAIN,"DARKNESS, LIGHTED ROAD",FIXED OBJECT,NOT DIVIDED,WET,NO INJURY / DRIVE AWAY,,false,"OVER $1,500","OPERATING VEHICLE IN ERRATIC, RECKLESS, CARELESS, NEGLIGENT OR AGGRESSIVE MANNER",1,NO INDICATION OF INJURY,0,0,41.7378491997,-87.6435208565,60620,"CHICAGO MIDWAY AIRPORT, IL US",62.0,55.0,78.0,0.03,10.0,14.0
crash_07492,2023-06-07 23:00:00,2023,6,Jun,Wed,23,Night or early morning,30,TRAFFIC SIGNAL,CLEAR,"DARKNESS, LIGHTED ROAD",REAR END,Y-INTERSECTION,DRY,NO INJURY / DRIVE AWAY,true,,"$501 - $1,500",UNABLE TO DETERMINE,2,NO INDICATION OF INJURY,0,0,41.6633483087,-87.6367173563,60628,"CHICAGO MIDWAY AIRPORT, IL US",60.0,40.0,47.0,0.0,10.0,9.0
crash_07493,2024-04-22 18:50:00,2024,4,Apr,Mon,18,Evening commute,30,TRAFFIC SIGNAL,CLEAR,DAYLIGHT,TURNING,ONE-WAY,DRY,NO INJURY / DRIVE AWAY,,,"OVER $1,500",IMPROPER LANE USAGE,2,NO INDICATION OF INJURY,0,0,41.6776535606,-87.6613889203,60643,"CHICAGO MIDWAY AIRPORT, IL US",65.0,26.0,23.0,0.0,10.0,21.0
crash_07494,2020-05-19 13:50:00,2020,5,May,Tue,13,Daytime,30,NO CONTROLS,CLEAR,DAYLIGHT,PARKED MOTOR VEHICLE,NOT DIVIDED,DRY,INJURY AND / OR TOW DUE TO CRASH,,,"OVER $1,500",EQUIPMENT - VEHICLE CONDITION,3,NO INDICATION OF INJURY,0,0,41.8906099823,-87.6831368641,60612,"CHICAGO MIDWAY AIRPORT, IL US",56.0,55.0,97.0,0.0,6.0,14.0
crash_07495,2025-03-07 18:27:00,2025,3,Mar,Fri,18,Evening commute,30,TRAFFIC SIGNAL,SNOW,"DARKNESS, LIGHTED ROAD",TURNING,NOT DIVIDED,WET,NO INJURY / DRIVE AWAY,,,$500 OR LESS,FAILING TO YIELD RIGHT-OF-WAY,2,NO INDICATION OF INJURY,0,0,41.7514606032,-87.585971993,60619,"CHICAGO MIDWAY AIRPORT, IL US",36.0,32.0,86.0,0.0,4.0,6.0
crash_07496,2024-10-10 09:46:00,2024,10,Oct,Thu,9,Morning commute,30,TRAFFIC SIGNAL,CLEAR,DAYLIGHT,SIDESWIPE SAME DIRECTION,ONE-WAY,DRY,NO INJURY / DRIVE AWAY,true,,"$501 - $1,500",DISTRACTION - FROM OUTSIDE VEHICLE,2,NO INDICATION OF INJURY,0,0,41.9278642027,-87.7061618819,60647,"CHICAGO MIDWAY AIRPORT, IL US",63.0,39.0,41.0,0.0,10.0,7.0
crash_07497,2018-03-21 17:55:00,2018,3,Mar,Wed,17,Evening commute,30,NO CONTROLS,CLEAR,DAYLIGHT,TURNING,DIVIDED - W/MEDIAN (NOT RAISED),DRY,NO INJURY / DRIVE AWAY,,,"$501 - $1,500",FAILING TO YIELD RIGHT-OF-WAY,2,NO INDICATION OF INJURY,0,0,41.9032792358,-87.6784446077,60622,"CHICAGO MIDWAY AIRPORT, IL US",37.0,19.0,48.0,0.0,10.0,10.0
crash_07498,2021-06-17 19:33:00,2021,6,Jun,Thu,19,Night or early morning,30,TRAFFIC SIGNAL,CLEAR,DAYLIGHT,TURNING,DIVIDED - W/MEDIAN (NOT RAISED),DRY,NO INJURY / DRIVE AWAY,true,,"OVER $1,500",UNABLE TO DETERMINE,2,NO INDICATION OF INJURY,0,0,41.8803340992,-87.6365802377,60606,"CHICAGO MIDWAY AIRPORT, IL US",86.0,51.0,30.0,0.0,10.0,9.0
crash_07499,2019-08-24 16:30:00,2019,8,Aug,Sat,16,Evening commute,30,NO CONTROLS,CLEAR,DAYLIGHT,SIDESWIPE SAME DIRECTION,ONE-WAY,DRY,NO INJURY / DRIVE AWAY,,,"$501 - $1,500",FAILING TO YIELD RIGHT-OF-WAY,2,NO INDICATION OF INJURY,0,0,41.8739715048,-87.7490329821,60644,"CHICAGO MIDWAY AIRPORT, IL US",72.0,50.0,46.0,0.0,10.0,9.0
crash_07500,2022-09-28 14:25:00,2022,9,Sep,Wed,14,Daytime,30,TRAFFIC SIGNAL,CLEAR,DAYLIGHT,TURNING,DIVIDED - W/MEDIAN (NOT RAISED),DRY,INJURY AND / OR TOW DUE TO CRASH,,true,"OVER $1,500","OPERATING VEHICLE IN ERRATIC, RECKLESS, CARELESS, NEGLIGENT OR AGGRESSIVE MANNER",3,NONINCAPACITATING INJURY,1,0,41.6594342977,-87.5978530294,60628,"CHICAGO MIDWAY AIRPORT, IL US",62.0,40.0,44.0,0.0,10.0,13.0
crash_07501,2022-07-23 00:46:00,2022,7,Jul,Sat,0,Night or early morning,30,NO CONTROLS,CLEAR,"DARKNESS, LIGHTED ROAD",PEDESTRIAN,NOT DIVIDED,DRY,INJURY AND / OR TOW DUE TO CRASH,,true,"OVER $1,500",UNABLE TO DETERMINE,2,INCAPACITATING INJURY,1,0,41.7723505621,-87.660691245,60636,"CHICAGO MIDWAY AIRPORT, IL US",82.0,66.0,58.0,0.0,10.0,15.0
crash_07502,2019-09-02 14:30:00,2019,9,Sep,Mon,14,Daytime,30,NO CONTROLS,CLEAR,DAYLIGHT,PARKED MOTOR VEHICLE,NOT DIVIDED,DRY,NO INJURY / DRIVE AWAY,,,"$501 - $1,500",UNABLE TO DETERMINE,2,NO INDICATION OF INJURY,0,0,41.8984332672,-87.6279229455,60611,"CHICAGO MIDWAY AIRPORT, IL US",82.0,64.0,55.0,0.0,10.0,5.0
crash_07503,2019-09-28 13:15:00,2019,9,Sep,Sat,13,Daytime,45,NO CONTROLS,CLEAR,DAYLIGHT,FIXED OBJECT,DIVIDED - W/MEDIAN (NOT RAISED),DRY,INJURY AND / OR TOW DUE TO CRASH,,,"OVER $1,500",NOT APPLICABLE,1,NO INDICATION OF INJURY,0,0,41.7352767744,-87.5665292962,60617,"CHICAGO MIDWAY AIRPORT, IL US",59.0,57.0,93.0,0.0,4.0,16.0
crash_07504,2020-11-15 21:50:00,2020,11,Nov,Sun,21,Night or early morning,30,NO CONTROLS,CLEAR,"DARKNESS, LIGHTED ROAD",PARKED MOTOR VEHICLE,ONE-WAY,DRY,NO INJURY / DRIVE AWAY,,true,$500 OR LESS,UNABLE TO DETERMINE,2,NO INDICATION OF INJURY,0,0,41.7670958861,-87.6567431852,60636,"CHICAGO MIDWAY AIRPORT, IL US",36.0,24.0,62.0,0.0,10.0,18.0
crash_07505,2025-06-15 17:10:00,2025,6,Jun,Sun,17,Evening commute,30,TRAFFIC SIGNAL,CLEAR,DAYLIGHT,REAR END,FOUR WAY,DRY,INJURY AND / OR TOW DUE TO CRASH,,,"OVER $1,500",UNABLE TO DETERMINE,2,"REPORTED, NOT EVIDENT",1,0,41.725895797,-87.5848243152,60617,"CHICAGO MIDWAY AIRPORT, IL US",79.0,58.0,49.0,0.0,10.0,10.0
crash_07506,2021-11-12 05:50:00,2021,11,Nov,Fri,5,Night or early morning,30,TRAFFIC SIGNAL,CLOUDY/OVERCAST,DAWN,TURNING,NOT DIVIDED,WET,INJURY AND / OR TOW DUE TO CRASH,,,"OVER $1,500",UNABLE TO DETERMINE,2,"REPORTED, NOT EVIDENT",1,0,41.7640077493,-87.7224991077,60629,"CHICAGO MIDWAY AIRPORT, IL US",43.0,30.0,61.0,0.01,10.0,23.0
crash_07507,2020-07-09 18:32:00,2020,7,Jul,Thu,18,Evening commute,30,TRAFFIC SIGNAL,CLEAR,DAYLIGHT,TURNING,DIVIDED - W/MEDIAN (NOT RAISED),DRY,NO INJURY / DRIVE AWAY,,,$500 OR LESS,UNABLE TO DETERMINE,2,NO INDICATION OF INJURY,0,0,41.8668314544,-87.625669609,60605,"CHICAGO MIDWAY AIRPORT, IL US",89.0,71.0,55.0,0.0,9.0,16.0
crash_07508,2018-11-02 09:35:00,2018,11,Nov,Fri,9,Morning commute,30,NO CONTROLS,CLEAR,DAYLIGHT,PARKED MOTOR VEHICLE,DIVIDED - W/MEDIAN (NOT RAISED),DRY,NO INJURY / DRIVE AWAY,,true,$500 OR LESS,IMPROPER OVERTAKING/PASSING,2,NO INDICATION OF INJURY,0,0,41.9507973612,-87.6885206282,60618,"CHICAGO MIDWAY AIRPORT, IL US",45.0,35.0,68.0,0.0,10.0,8.0
crash_07509,2020-07-24 14:30:00,2020,7,Jul,Fri,14,Daytime,20,NO CONTROLS,CLEAR,DAYLIGHT,PARKED MOTOR VEHICLE,PARKING LOT,DRY,NO INJURY / DRIVE AWAY,,true,"OVER $1,500",UNABLE TO DETERMINE,2,NO INDICATION OF INJURY,0,0,41.7802989076,-87.5774406179,60649,"CHICAGO MIDWAY AIRPORT, IL US",83.0,66.0,57.0,0.0,10.0,11.0
crash_07510,2020-12-29 15:10:00,2020,12,Dec,Tue,15,Evening commute,25,NO CONTROLS,SNOW,"DARKNESS, LIGHTED ROAD",PARKED MOTOR VEHICLE,NOT DIVIDED,WET,NO INJURY / DRIVE AWAY,,true,"OVER $1,500",UNABLE TO DETERMINE,2,NO INDICATION OF INJURY,0,0,41.8077615425,-87.5924312871,60615,"CHICAGO MIDWAY AIRPORT, IL US",32.0,13.0,45.0,0.0,10.0,15.0
crash_07511,2018-01-22 03:30:00,2018,1,Jan,Mon,3,Night or early morning,30,NO CONTROLS,RAIN,"DARKNESS, LIGHTED ROAD",PARKED MOTOR VEHICLE,ONE-WAY,WET,NO INJURY / DRIVE AWAY,,true,"OVER $1,500",UNABLE TO DETERMINE,2,NO INDICATION OF INJURY,0,0,41.755692212,-87.5649495411,60649,"CHICAGO MIDWAY AIRPORT, IL US",47.0,47.0,100.0,0.01,2.5,8.0
crash_07512,2022-12-27 03:04:00,2022,12,Dec,Tue,3,Night or early morning,15,UNKNOWN,SNOW,UNKNOWN,FIXED OBJECT,ALLEY,SNOW OR SLUSH,NO INJURY / DRIVE AWAY,,true,"OVER $1,500",UNABLE TO DETERMINE,2,NO INDICATION OF INJURY,0,0,41.9117737707,-87.752581283,60639,"CHICAGO MIDWAY AIRPORT, IL US",9.0,5.0,84.0,0.0,10.0,6.0
crash_07513,2023-03-14 04:00:00,2023,3,Mar,Tue,4,Night or early morning,30,NO CONTROLS,CLEAR,DARKNESS,PARKED MOTOR VEHICLE,NOT DIVIDED,DRY,NO INJURY / DRIVE AWAY,,true,"OVER $1,500",UNABLE TO DETERMINE,2,NO INDICATION OF INJURY,0,0,41.7633139179,-87.6561999859,60636,"CHICAGO MIDWAY AIRPORT, IL US",25.0,15.0,66.0,0.0,10.0,9.0
crash_07514,2021-01-25 17:10:00,2021,1,Jan,Mon,17,Evening commute,30,NO CONTROLS,CLEAR,DUSK,SIDESWIPE SAME DIRECTION,DIVIDED - W/MEDIAN (NOT RAISED),DRY,NO INJURY / DRIVE AWAY,,,"$501 - $1,500",IMPROPER OVERTAKING/PASSING,2,NO INDICATION OF INJURY,0,0,41.8567952109,-87.6501927409,60608,"CHICAGO MIDWAY AIRPORT, IL US",33.0,25.0,72.0,0.0,5.0,17.0
crash_07515,2022-09-01 16:55:00,2022,9,Sep,Thu,16,Evening commute,30,NO CONTROLS,CLEAR,DAYLIGHT,ANGLE,DIVIDED - W/MEDIAN (NOT RAISED),DRY,NO INJURY / DRIVE AWAY,,,"OVER $1,500",UNABLE TO DETERMINE,2,NO INDICATION OF INJURY,0,0,41.8674174105,-87.7446525418,60644,"CHICAGO MIDWAY AIRPORT, IL US",87.0,63.0,45.0,,10.0,14.0
crash_07516,2023-01-16 21:23:00,2023,1,Jan,Mon,21,Night or early morning,30,NO CONTROLS,RAIN,"DARKNESS, LIGHTED ROAD",FIXED OBJECT,NOT DIVIDED,WET,INJURY AND / OR TOW DUE TO CRASH,,,"OVER $1,500",UNABLE TO DETERMINE,1,NO INDICATION OF INJURY,0,0,41.7213991426,-87.6395087551,60628,"CHICAGO MIDWAY AIRPORT, IL US",51.0,47.0,86.0,,7.0,13.0
crash_07517,2019-11-05 15:45:00,2019,11,Nov,Tue,15,Evening commute,30,NO CONTROLS,CLEAR,DAYLIGHT,REAR END,NOT DIVIDED,DRY,NO INJURY / DRIVE AWAY,,true,"$501 - $1,500",IMPROPER BACKING,2,NO INDICATION OF INJURY,0,0,41.8271462544,-87.6247331332,60653,"CHICAGO MIDWAY AIRPORT, IL US",40.0,18.0,41.0,0.0,10.0,13.0
crash_07518,2021-11-21 15:00:00,2021,11,Nov,Sun,15,Evening commute,30,NO CONTROLS,CLEAR,DAYLIGHT,SIDESWIPE SAME DIRECTION,ONE-WAY,DRY,NO INJURY / DRIVE AWAY,,,"$501 - $1,500",FAILING TO YIELD RIGHT-OF-WAY,2,NO INDICATION OF INJURY,0,0,42.0066528556,-87.6615759522,60626,"CHICAGO OHARE INTERNATIONAL AIRPORT, IL US",54.0,33.0,45.0,0.0,10.0,17.0
crash_07519,2019-06-01 23:40:00,2019,6,Jun,Sat,23,Night or early morning,30,NO CONTROLS,CLOUDY/OVERCAST,DARKNESS,TURNING,DIVIDED - W/MEDIAN (NOT RAISED),DRY,NO INJURY / DRIVE AWAY,,,$500 OR LESS,UNABLE TO DETERMINE,2,NO INDICATION OF INJURY,0,0,41.9975075311,-87.6557622948,60660,"CHICAGO OHARE INTERNATIONAL AIRPORT, IL US",53.0,44.0,72.0,0.0,10.0,5.0
crash_07520,2020-01-07 08:40:00,2020,1,Jan,Tue,8,Morning commute,35,TRAFFIC SIGNAL,CLEAR,DAYLIGHT,REAR END,DIVIDED - W/MEDIAN BARRIER,DRY,NO INJURY / DRIVE AWAY,,,"OVER $1,500",FOLLOWING TOO CLOSELY,2,NO INDICATION OF INJURY,0,0,41.7914202821,-87.5801477687,60637,"CHICAGO MIDWAY AIRPORT, IL US",33.0,22.0,64.0,0.0,10.0,9.0
crash_07521,2022-12-09 08:11:00,2022,12,Dec,Fri,8,Morning commute,30,NO CONTROLS,RAIN,DAYLIGHT,FIXED OBJECT,NOT DIVIDED,WET,INJURY AND / OR TOW DUE TO CRASH,,,"OVER $1,500",WEATHER,1,NO INDICATION OF INJURY,0,0,41.7008163812,-87.6207267875,60628,"CHICAGO MIDWAY AIRPORT, IL US",35.0,32.0,89.0,0.14,5.0,11.0
crash_07522,2021-06-29 20:20:00,2021,6,Jun,Tue,20,Night or early morning,30,NO CONTROLS,RAIN,"DARKNESS, LIGHTED ROAD",REAR END,ONE-WAY,WET,INJURY AND / OR TOW DUE TO CRASH,,,"OVER $1,500",WEATHER,2,"REPORTED, NOT EVIDENT",1,0,41.7941994854,-87.6319254825,60609,"CHICAGO MIDWAY AIRPORT, IL US",83.0,69.0,63.0,,10.0,8.0