crash_id,crash_datetime,crash_year,crash_month,crash_month_name,crash_weekday_name,crash_hour,time_period,posted_speed_limit_mph,traffic_control_device,reported_weather_condition,reported_lighting_condition,first_crash_type,trafficway_type,reported_road_surface_condition,crash_type,intersection_related,hit_and_run,estimated_damage,primary_contributory_cause,unit_count,most_severe_injury,injuries_total,injuries_fatal,latitude,longitude,zip5,weather_station_name,temperature_f,dew_point_f,relative_humidity_percent,precipitation_inches,visibility_miles,wind_speed_mph
crash_07523,2019-06-11 17:15:00,2019,6,Jun,Tue,17,Evening commute,30,NO CONTROLS,CLEAR,DAYLIGHT,TURNING,NOT DIVIDED,DRY,NO INJURY / DRIVE AWAY,,,"OVER $1,500",UNABLE TO DETERMINE,2,NO INDICATION OF INJURY,0,0,41.7952933504,-87.7037582724,60632,"CHICAGO MIDWAY AIRPORT, IL US",80.0,38.0,22.0,0.0,10.0,9.0
crash_07524,2021-01-12 18:10:00,2021,1,Jan,Tue,18,Evening commute,30,NO CONTROLS,CLEAR,"DARKNESS, LIGHTED ROAD",REAR END,NOT DIVIDED,DRY,NO INJURY / DRIVE AWAY,,,"OVER $1,500",FOLLOWING TOO CLOSELY,2,NO INDICATION OF INJURY,0,0,41.777755969,-87.7712742075,60638,"CHICAGO MIDWAY AIRPORT, IL US",33.0,26.0,75.0,0.0,9.0,6.0
crash_07525,2020-03-15 17:45:00,2020,3,Mar,Sun,17,Evening commute,25,TRAFFIC SIGNAL,CLEAR,DUSK,TURNING,DIVIDED - W/MEDIAN BARRIER,DRY,NO INJURY / DRIVE AWAY,true,,"OVER $1,500",UNABLE TO DETERMINE,2,NO INDICATION OF INJURY,0,0,,,,,,,,,,
crash_07526,2023-01-10 13:30:00,2023,1,Jan,Tue,13,Daytime,30,NO CONTROLS,CLEAR,DAYLIGHT,SIDESWIPE SAME DIRECTION,UNKNOWN,UNKNOWN,NO INJURY / DRIVE AWAY,,,"OVER $1,500",UNABLE TO DETERMINE,2,NO INDICATION OF INJURY,0,0,41.980256589,-87.8404030369,60656,"CHICAGO OHARE INTERNATIONAL AIRPORT, IL US",49.0,35.0,59.0,0.0,10.0,7.0
crash_07527,2021-12-09 00:57:00,2021,12,Dec,Thu,0,Night or early morning,35,TRAFFIC SIGNAL,CLEAR,"DARKNESS, LIGHTED ROAD",TURNING,FOUR WAY,DRY,INJURY AND / OR TOW DUE TO CRASH,true,,"OVER $1,500",IMPROPER TURNING/NO SIGNAL,2,NO INDICATION OF INJURY,0,0,41.9830026422,-87.7891155772,60631,"CHICAGO OHARE INTERNATIONAL AIRPORT, IL US",28.0,21.0,75.0,0.0,9.0,8.0
crash_07528,2024-11-07 16:23:00,2024,11,Nov,Thu,16,Evening commute,30,NO CONTROLS,CLEAR,DAYLIGHT,ANGLE,NOT DIVIDED,DRY,INJURY AND / OR TOW DUE TO CRASH,true,,"OVER $1,500",FAILING TO REDUCE SPEED TO AVOID CRASH,3,NO INDICATION OF INJURY,0,0,41.8515779431,-87.6349203447,60616,"CHICAGO MIDWAY AIRPORT, IL US",55.0,37.0,51.0,0.0,10.0,6.0
crash_07529,2025-05-08 06:05:00,2025,5,May,Thu,6,Morning commute,30,NO CONTROLS,CLEAR,DAYLIGHT,SIDESWIPE SAME DIRECTION,DIVIDED - W/MEDIAN (NOT RAISED),DRY,INJURY AND / OR TOW DUE TO CRASH,true,,"OVER $1,500",IMPROPER TURNING/NO SIGNAL,3,INCAPACITATING INJURY,1,0,41.86888416,-87.6393925403,60607,"CHICAGO MIDWAY AIRPORT, IL US",50.0,41.0,71.0,0.0,10.0,16.0
crash_07530,2024-06-18 16:30:00,2024,6,Jun,Tue,16,Evening commute,30,UNKNOWN,UNKNOWN,UNKNOWN,REAR END,UNKNOWN,UNKNOWN,NO INJURY / DRIVE AWAY,,,"OVER $1,500",UNABLE TO DETERMINE,2,NO INDICATION OF INJURY,0,0,41.9531916121,-87.7570810252,60641,"CHICAGO OHARE INTERNATIONAL AIRPORT, IL US",92.0,67.0,44.0,0.0,10.0,21.0
crash_07531,2024-11-19 15:40:00,2024,11,Nov,Tue,15,Evening commute,30,NO CONTROLS,CLEAR,DAYLIGHT,SIDESWIPE SAME DIRECTION,NOT DIVIDED,DRY,NO INJURY / DRIVE AWAY,,true,"OVER $1,500",IMPROPER OVERTAKING/PASSING,2,NO INDICATION OF INJURY,0,0,41.7888914342,-87.7032795922,60629,"CHICAGO MIDWAY AIRPORT, IL US",63.0,47.0,56.0,0.0,10.0,15.0
crash_07532,2019-07-08 17:42:00,2019,7,Jul,Mon,17,Evening commute,10,NO CONTROLS,CLEAR,DAYLIGHT,SIDESWIPE SAME DIRECTION,PARKING LOT,DRY,NO INJURY / DRIVE AWAY,,true,$500 OR LESS,DRIVING SKILLS/KNOWLEDGE/EXPERIENCE,2,NO INDICATION OF INJURY,0,0,41.9535544384,-87.7450553112,60641,"CHICAGO OHARE INTERNATIONAL AIRPORT, IL US",78.0,55.0,45.0,0.0,10.0,9.0
crash_07533,2023-08-24 18:00:00,2023,8,Aug,Thu,18,Evening commute,30,NO CONTROLS,CLEAR,DAYLIGHT,PARKED MOTOR VEHICLE,ONE-WAY,DRY,NO INJURY / DRIVE AWAY,,true,"OVER $1,500",UNABLE TO DETERMINE,3,NO INDICATION OF INJURY,0,0,41.8780146941,-87.7315187287,60624,"CHICAGO MIDWAY AIRPORT, IL US",96.0,77.0,54.0,0.0,10.0,17.0
crash_07534,2024-05-20 14:50:00,2024,5,May,Mon,14,Daytime,30,NO CONTROLS,UNKNOWN,DAYLIGHT,REAR END,DIVIDED - W/MEDIAN (NOT RAISED),WET,NO INJURY / DRIVE AWAY,,,"OVER $1,500",UNABLE TO DETERMINE,3,NO INDICATION OF INJURY,0,0,41.9610916806,-87.7250073696,60625,"CHICAGO OHARE INTERNATIONAL AIRPORT, IL US",86.0,66.0,51.0,0.0,10.0,18.0
crash_07535,2019-11-10 08:25:00,2019,11,Nov,Sun,8,Morning commute,30,TRAFFIC SIGNAL,CLOUDY/OVERCAST,DAYLIGHT,ANGLE,OTHER,DRY,INJURY AND / OR TOW DUE TO CRASH,true,,"OVER $1,500",CELL PHONE USE OTHER THAN TEXTING,2,"REPORTED, NOT EVIDENT",1,0,41.8579019844,-87.6661809529,60608,"CHICAGO MIDWAY AIRPORT, IL US",42.0,33.0,71.0,0.0,10.0,10.0
crash_07536,2021-11-19 23:05:00,2021,11,Nov,Fri,23,Night or early morning,30,TRAFFIC SIGNAL,CLEAR,"DARKNESS, LIGHTED ROAD",PEDALCYCLIST,FOUR WAY,DRY,INJURY AND / OR TOW DUE TO CRASH,true,,"OVER $1,500",FAILING TO YIELD RIGHT-OF-WAY,2,NONINCAPACITATING INJURY,1,0,41.896457755,-87.6360980423,60654,"CHICAGO MIDWAY AIRPORT, IL US",36.0,21.0,55.0,0.0,10.0,8.0
crash_07537,2022-02-18 18:15:00,2022,2,Feb,Fri,18,Evening commute,30,NO CONTROLS,CLEAR,"DARKNESS, LIGHTED ROAD",SIDESWIPE SAME DIRECTION,NOT DIVIDED,WET,NO INJURY / DRIVE AWAY,,,"OVER $1,500",IMPROPER LANE USAGE,2,NO INDICATION OF INJURY,0,0,41.9051317589,-87.6676892207,60622,"CHICAGO MIDWAY AIRPORT, IL US",27.0,13.0,55.0,0.0,10.0,23.0
crash_07538,2021-01-29 14:20:00,2021,1,Jan,Fri,14,Daytime,10,NO CONTROLS,CLEAR,DAYLIGHT,ANGLE,PARKING LOT,UNKNOWN,NO INJURY / DRIVE AWAY,,true,"$501 - $1,500",UNABLE TO DETERMINE,2,NO INDICATION OF INJURY,0,0,41.9314609382,-87.743717307,60639,"CHICAGO OHARE INTERNATIONAL AIRPORT, IL US",31.0,11.0,43.0,0.0,10.0,10.0
crash_07539,2025-01-14 10:22:00,2025,1,Jan,Tue,10,Daytime,30,NO CONTROLS,CLEAR,DAYLIGHT,REAR END,NOT DIVIDED,WET,INJURY AND / OR TOW DUE TO CRASH,,,"OVER $1,500",FAILING TO REDUCE SPEED TO AVOID CRASH,2,NO INDICATION OF INJURY,0,0,41.8964014712,-87.6401622216,60654,"CHICAGO MIDWAY AIRPORT, IL US",13.0,2.0,61.0,,10.0,18.0
crash_07540,2022-03-20 05:50:00,2022,3,Mar,Sun,5,Night or early morning,30,NO CONTROLS,CLEAR,"DARKNESS, LIGHTED ROAD",PARKED MOTOR VEHICLE,NOT DIVIDED,DRY,NO INJURY / DRIVE AWAY,,true,"OVER $1,500",UNABLE TO DETERMINE,3,NO INDICATION OF INJURY,0,0,41.9450109129,-87.7570324272,60641,"CHICAGO OHARE INTERNATIONAL AIRPORT, IL US",36.0,29.0,76.0,0.0,10.0,7.0
crash_07541,2018-12-23 12:30:00,2018,12,Dec,Sun,12,Daytime,30,TRAFFIC SIGNAL,CLEAR,DAYLIGHT,ANGLE,NOT DIVIDED,DRY,NO INJURY / DRIVE AWAY,true,,"$501 - $1,500",DISREGARDING TRAFFIC SIGNALS,2,NO INDICATION OF INJURY,0,0,41.8893187111,-87.6281526679,60654,"CHICAGO MIDWAY AIRPORT, IL US",37.0,26.0,65.0,0.0,10.0,16.0
crash_07542,2020-10-21 16:40:00,2020,10,Oct,Wed,16,Evening commute,30,NO CONTROLS,CLEAR,DAYLIGHT,HEAD ON,NOT DIVIDED,DRY,NO INJURY / DRIVE AWAY,,,"OVER $1,500",TEXTING,3,NO INDICATION OF INJURY,0,0,42.0084817077,-87.6934269056,60645,"CHICAGO OHARE INTERNATIONAL AIRPORT, IL US",56.0,39.0,53.0,0.0,10.0,3.0
crash_07543,2022-10-03 21:00:00,2022,10,Oct,Mon,21,Night or early morning,20,NO CONTROLS,UNKNOWN,UNKNOWN,SIDESWIPE SAME DIRECTION,PARKING LOT,UNKNOWN,NO INJURY / DRIVE AWAY,,,"OVER $1,500",IMPROPER BACKING,2,NO INDICATION OF INJURY,0,0,41.8636571531,-87.6352211016,60607,"CHICAGO MIDWAY AIRPORT, IL US",60.0,46.0,60.0,,10.0,0.0
crash_07544,2024-02-04 21:45:00,2024,2,Feb,Sun,21,Night or early morning,30,UNKNOWN,UNKNOWN,UNKNOWN,PARKED MOTOR VEHICLE,NOT DIVIDED,UNKNOWN,NO INJURY / DRIVE AWAY,,,"OVER $1,500",UNABLE TO DETERMINE,2,NO INDICATION OF INJURY,0,0,41.9739908724,-87.7628621923,60630,"CHICAGO OHARE INTERNATIONAL AIRPORT, IL US",31.0,29.0,92.0,0.0,10.0,6.0
crash_07545,2025-06-13 17:33:00,2025,6,Jun,Fri,17,Evening commute,30,NO CONTROLS,CLEAR,DAYLIGHT,REAR END,DIVIDED - W/MEDIAN BARRIER,DRY,INJURY AND / OR TOW DUE TO CRASH,,,"OVER $1,500",DISTRACTION - FROM INSIDE VEHICLE,2,NO INDICATION OF INJURY,0,0,41.7217862879,-87.6273919101,60620,"CHICAGO MIDWAY AIRPORT, IL US",71.0,63.0,76.0,0.0,6.0,10.0
crash_07546,2018-10-25 16:15:00,2018,10,Oct,Thu,16,Evening commute,30,TRAFFIC SIGNAL,CLEAR,DAYLIGHT,TURNING,NOT DIVIDED,DRY,INJURY AND / OR TOW DUE TO CRASH,true,,"OVER $1,500",UNABLE TO DETERMINE,2,NO INDICATION OF INJURY,0,0,41.8845289014,-87.6206856724,60601,"CHICAGO MIDWAY AIRPORT, IL US",50.0,33.0,52.0,0.0,10.0,8.0
crash_07547,2020-10-30 16:30:00,2020,10,Oct,Fri,16,Evening commute,25,NO CONTROLS,CLEAR,DAYLIGHT,REAR END,NOT DIVIDED,DRY,INJURY AND / OR TOW DUE TO CRASH,,,"$501 - $1,500",UNABLE TO DETERMINE,2,"REPORTED, NOT EVIDENT",1,0,41.8818797099,-87.7454892473,60644,"CHICAGO MIDWAY AIRPORT, IL US",40.0,22.0,49.0,0.0,10.0,9.0
crash_07548,2022-01-11 19:11:00,2022,1,Jan,Tue,19,Night or early morning,30,STOP SIGN/FLASHER,CLEAR,DARKNESS,ANGLE,NOT DIVIDED,DRY,INJURY AND / OR TOW DUE TO CRASH,true,,"OVER $1,500",FAILING TO YIELD RIGHT-OF-WAY,2,"REPORTED, NOT EVIDENT",1,0,41.7534370352,-87.5662057156,60649,"CHICAGO MIDWAY AIRPORT, IL US",35.0,23.0,61.0,0.0,10.0,18.0
crash_07549,2018-12-01 18:20:00,2018,12,Dec,Sat,18,Evening commute,30,NO CONTROLS,RAIN,"DARKNESS, LIGHTED ROAD",PARKED MOTOR VEHICLE,DIVIDED - W/MEDIAN (NOT RAISED),WET,NO INJURY / DRIVE AWAY,,,"OVER $1,500",FAILING TO YIELD RIGHT-OF-WAY,2,NO INDICATION OF INJURY,0,0,41.940111944,-87.806968561,60634,"CHICAGO OHARE INTERNATIONAL AIRPORT, IL US",41.0,40.0,96.0,0.0,4.0,11.0
crash_07550,2018-12-06 12:30:00,2018,12,Dec,Thu,12,Daytime,30,NO CONTROLS,CLEAR,DAYLIGHT,PARKED MOTOR VEHICLE,NOT DIVIDED,WET,NO INJURY / DRIVE AWAY,,,"OVER $1,500",IMPROPER LANE USAGE,2,NO INDICATION OF INJURY,0,0,41.8093988935,-87.608301674,60615,"CHICAGO MIDWAY AIRPORT, IL US",30.0,13.0,49.0,0.0,10.0,13.0
crash_07551,2024-01-19 23:15:00,2024,1,Jan,Fri,23,Night or early morning,30,TRAFFIC SIGNAL,UNKNOWN,"DARKNESS, LIGHTED ROAD",TURNING,FOUR WAY,DRY,INJURY AND / OR TOW DUE TO CRASH,true,,"OVER $1,500",DRIVING SKILLS/KNOWLEDGE/EXPERIENCE,2,NO INDICATION OF INJURY,0,0,41.7490394544,-87.7412914814,60652,"CHICAGO MIDWAY AIRPORT, IL US",7.0,0.0,73.0,0.0,8.0,13.0
crash_07552,2018-05-25 00:30:00,2018,5,May,Fri,0,Night or early morning,5,NO CONTROLS,CLEAR,DARKNESS,PARKED MOTOR VEHICLE,PARKING LOT,DRY,NO INJURY / DRIVE AWAY,,,"OVER $1,500",UNABLE TO DETERMINE,2,NO INDICATION OF INJURY,0,0,41.6929419347,-87.6046069177,60628,"CHICAGO MIDWAY AIRPORT, IL US",73.0,52.0,48.0,0.0,10.0,5.0
crash_07553,2019-08-09 17:40:00,2019,8,Aug,Fri,17,Evening commute,25,TRAFFIC SIGNAL,UNKNOWN,DAYLIGHT,REAR END,ONE-WAY,UNKNOWN,NO INJURY / DRIVE AWAY,,,"OVER $1,500",UNABLE TO DETERMINE,2,NO INDICATION OF INJURY,0,0,41.9377550166,-87.6683240481,60657,"CHICAGO MIDWAY AIRPORT, IL US",78.0,56.0,47.0,0.0,10.0,10.0
crash_07554,2020-02-13 20:33:00,2020,2,Feb,Thu,20,Night or early morning,30,TRAFFIC SIGNAL,CLEAR,DARKNESS,TURNING,NOT DIVIDED,DRY,NO INJURY / DRIVE AWAY,true,,"OVER $1,500",FAILING TO YIELD RIGHT-OF-WAY,2,NO INDICATION OF INJURY,0,0,42.0123713348,-87.6903939174,60645,"CHICAGO OHARE INTERNATIONAL AIRPORT, IL US",8.0,-4.0,57.0,0.0,10.0,8.0
crash_07555,2021-04-19 09:48:00,2021,4,Apr,Mon,9,Morning commute,10,NO CONTROLS,RAIN,DAYLIGHT,FIXED OBJECT,ALLEY,WET,NO INJURY / DRIVE AWAY,,,"OVER $1,500",UNABLE TO DETERMINE,1,NO INDICATION OF INJURY,0,0,41.9183120876,-87.7536374044,60639,"CHICAGO MIDWAY AIRPORT, IL US",53.0,36.0,52.0,0.0,10.0,15.0
crash_07556,2022-11-29 17:30:00,2022,11,Nov,Tue,17,Evening commute,30,TRAFFIC SIGNAL,UNKNOWN,"DARKNESS, LIGHTED ROAD",REAR TO FRONT,DIVIDED - W/MEDIAN (NOT RAISED),UNKNOWN,NO INJURY / DRIVE AWAY,,,"OVER $1,500",UNABLE TO DETERMINE,2,NO INDICATION OF INJURY,0,0,41.9590056722,-87.7476019159,60641,"CHICAGO OHARE INTERNATIONAL AIRPORT, IL US",58.0,51.0,78.0,0.0,10.0,15.0
crash_07557,2021-01-24 18:45:00,2021,1,Jan,Sun,18,Evening commute,30,NO CONTROLS,CLEAR,DARKNESS,SIDESWIPE SAME DIRECTION,NOT DIVIDED,DRY,INJURY AND / OR TOW DUE TO CRASH,,,"OVER $1,500",UNABLE TO DETERMINE,2,"REPORTED, NOT EVIDENT",1,0,41.7658812858,-87.7225871577,60629,"CHICAGO MIDWAY AIRPORT, IL US",34.0,24.0,67.0,0.0,10.0,6.0
crash_07558,2024-12-29 11:09:00,2024,12,Dec,Sun,11,Daytime,40,TRAFFIC SIGNAL,RAIN,DAYLIGHT,FIXED OBJECT,DIVIDED - W/MEDIAN BARRIER,WET,NO INJURY / DRIVE AWAY,,,"OVER $1,500",NOT APPLICABLE,1,NO INDICATION OF INJURY,0,0,41.8997621971,-87.6190179043,60611,"CHICAGO MIDWAY AIRPORT, IL US",45.0,42.0,90.0,0.01,8.0,10.0
crash_07559,2018-06-05 08:40:00,2018,6,Jun,Tue,8,Morning commute,30,TRAFFIC SIGNAL,CLEAR,DAYLIGHT,TURNING,DIVIDED - W/MEDIAN (NOT RAISED),DRY,NO INJURY / DRIVE AWAY,,,"OVER $1,500",UNABLE TO DETERMINE,2,NO INDICATION OF INJURY,0,0,41.932073733,-87.6866339568,60647,"CHICAGO MIDWAY AIRPORT, IL US",73.0,54.0,51.0,0.0,10.0,10.0
crash_07560,2023-09-05 21:20:00,2023,9,Sep,Tue,21,Night or early morning,30,TRAFFIC SIGNAL,CLEAR,"DARKNESS, LIGHTED ROAD",PEDESTRIAN,ONE-WAY,DRY,INJURY AND / OR TOW DUE TO CRASH,,,"OVER $1,500",UNABLE TO DETERMINE,2,NONINCAPACITATING INJURY,1,0,41.7657003202,-87.6105722663,60619,"CHICAGO MIDWAY AIRPORT, IL US",83.0,67.0,59.0,0.0,10.0,13.0
crash_07561,2022-12-10 21:05:00,2022,12,Dec,Sat,21,Night or early morning,30,NO CONTROLS,UNKNOWN,"DARKNESS, LIGHTED ROAD",REAR END,DIVIDED - W/MEDIAN BARRIER,UNKNOWN,NO INJURY / DRIVE AWAY,,,"$501 - $1,500",FAILING TO YIELD RIGHT-OF-WAY,2,NO INDICATION OF INJURY,0,0,41.8575630197,-87.6224716611,60616,"CHICAGO MIDWAY AIRPORT, IL US",38.0,37.0,97.0,0.0,3.0,6.0
crash_07562,2022-04-29 22:25:00,2022,4,Apr,Fri,22,Night or early morning,30,NO CONTROLS,CLEAR,"DARKNESS, LIGHTED ROAD",SIDESWIPE SAME DIRECTION,DIVIDED - W/MEDIAN (NOT RAISED),WET,NO INJURY / DRIVE AWAY,,,"$501 - $1,500",DRIVING SKILLS/KNOWLEDGE/EXPERIENCE,2,NO INDICATION OF INJURY,0,0,41.9004021689,-87.6868143878,60622,"CHICAGO MIDWAY AIRPORT, IL US",61.0,40.0,46.0,0.0,10.0,15.0
crash_07563,2024-03-31 01:37:00,2024,3,Mar,Sun,1,Night or early morning,30,TRAFFIC SIGNAL,CLEAR,"DARKNESS, LIGHTED ROAD",ANGLE,FOUR WAY,DRY,INJURY AND / OR TOW DUE TO CRASH,true,true,"OVER $1,500",DISREGARDING TRAFFIC SIGNALS,2,NO INDICATION OF INJURY,0,0,41.8529760301,-87.6237748695,60616,"CHICAGO MIDWAY AIRPORT, IL US",41.0,34.0,76.0,0.0,10.0,10.0
crash_07564,2023-08-04 00:55:00,2023,8,Aug,Fri,0,Night or early morning,30,NO CONTROLS,CLEAR,"DARKNESS, LIGHTED ROAD",PARKED MOTOR VEHICLE,NOT DIVIDED,DRY,NO INJURY / DRIVE AWAY,,true,"$501 - $1,500",UNABLE TO DETERMINE,3,NO INDICATION OF INJURY,0,0,41.9553024522,-87.7511389349,60641,"CHICAGO OHARE INTERNATIONAL AIRPORT, IL US",75.0,67.0,76.0,0.0,10.0,6.0
crash_07565,2024-03-13 22:16:00,2024,3,Mar,Wed,22,Night or early morning,30,NO CONTROLS,CLEAR,"DARKNESS, LIGHTED ROAD",PARKED MOTOR VEHICLE,OTHER,DRY,NO INJURY / DRIVE AWAY,,true,"OVER $1,500",UNABLE TO DETERMINE,3,NO INDICATION OF INJURY,0,0,41.8734120329,-87.7196023246,60624,"CHICAGO MIDWAY AIRPORT, IL US",52.0,36.0,55.0,,10.0,9.0
crash_07566,2024-11-28 10:50:00,2024,11,Nov,Thu,10,Daytime,20,NO CONTROLS,CLEAR,DAYLIGHT,ANGLE,ONE-WAY,DRY,NO INJURY / DRIVE AWAY,,,"OVER $1,500",UNABLE TO DETERMINE,2,NO INDICATION OF INJURY,0,0,41.9850713907,-87.6949682484,60659,"CHICAGO OHARE INTERNATIONAL AIRPORT, IL US",30.0,19.0,64.0,,10.0,10.0
crash_07567,2024-08-30 21:40:00,2024,8,Aug,Fri,21,Night or early morning,30,NO CONTROLS,CLEAR,"DARKNESS, LIGHTED ROAD",SIDESWIPE SAME DIRECTION,DIVIDED - W/MEDIAN BARRIER,DRY,NO INJURY / DRIVE AWAY,,true,"OVER $1,500",UNABLE TO DETERMINE,2,NO INDICATION OF INJURY,0,0,41.8719124671,-87.6169070247,60605,"CHICAGO MIDWAY AIRPORT, IL US",78.0,68.0,71.0,0.0,10.0,7.0
crash_07568,2025-08-14 17:00:00,2025,8,Aug,Thu,17,Evening commute,30,NO CONTROLS,CLEAR,DAYLIGHT,ANGLE,ALLEY,DRY,INJURY AND / OR TOW DUE TO CRASH,,,"OVER $1,500",FAILING TO YIELD RIGHT-OF-WAY,2,NONINCAPACITATING INJURY,3,0,41.8818388719,-87.7209653359,60624,"CHICAGO MIDWAY AIRPORT, IL US",82.0,56.0,41.0,0.0,10.0,8.0
crash_07569,2023-07-28 22:10:00,2023,7,Jul,Fri,22,Night or early morning,35,NO CONTROLS,CLEAR,"DARKNESS, LIGHTED ROAD",PARKED MOTOR VEHICLE,DIVIDED - W/MEDIAN BARRIER,DRY,NO INJURY / DRIVE AWAY,,,"OVER $1,500",UNABLE TO DETERMINE,2,NO INDICATION OF INJURY,0,0,41.8812414568,-87.674282534,60612,"CHICAGO MIDWAY AIRPORT, IL US",81.0,77.0,88.0,0.04,10.0,7.0
crash_07570,2022-09-10 11:24:00,2022,9,Sep,Sat,11,Daytime,30,UNKNOWN,UNKNOWN,UNKNOWN,TURNING,DIVIDED - W/MEDIAN (NOT RAISED),UNKNOWN,NO INJURY / DRIVE AWAY,,,"OVER $1,500",IMPROPER TURNING/NO SIGNAL,2,NO INDICATION OF INJURY,0,0,41.9401520755,-87.6445257003,60657,"CHICAGO MIDWAY AIRPORT, IL US",82.0,57.0,42.0,0.0,10.0,7.0
crash_07571,2023-06-20 16:36:00,2023,6,Jun,Tue,16,Evening commute,30,TRAFFIC SIGNAL,CLEAR,DAYLIGHT,SIDESWIPE SAME DIRECTION,CENTER TURN LANE,DRY,NO INJURY / DRIVE AWAY,,,"OVER $1,500",UNABLE TO DETERMINE,2,NO INDICATION OF INJURY,0,0,41.8673470131,-87.6240922184,60605,"CHICAGO MIDWAY AIRPORT, IL US",83.0,55.0,38.0,0.0,10.0,13.0
crash_07572,2019-03-05 11:30:00,2019,3,Mar,Tue,11,Daytime,30,STOP SIGN/FLASHER,CLEAR,DAYLIGHT,TURNING,NOT DIVIDED,UNKNOWN,NO INJURY / DRIVE AWAY,true,,"OVER $1,500",UNABLE TO DETERMINE,2,NO INDICATION OF INJURY,0,0,41.917907111,-87.6741248867,60614,"CHICAGO MIDWAY AIRPORT, IL US",18.0,0.0,45.0,0.0,10.0,16.0
crash_07573,2021-07-03 03:00:00,2021,7,Jul,Sat,3,Night or early morning,30,UNKNOWN,UNKNOWN,DARKNESS,OTHER OBJECT,NOT DIVIDED,DRY,INJURY AND / OR TOW DUE TO CRASH,,,"OVER $1,500",UNABLE TO DETERMINE,1,NO INDICATION OF INJURY,0,0,41.8080130052,-87.7143796234,60632,"CHICAGO MIDWAY AIRPORT, IL US",59.0,50.0,72.0,0.0,10.0,5.0
crash_07574,2025-02-15 12:00:00,2025,2,Feb,Sat,12,Daytime,25,NO CONTROLS,CLEAR,DARKNESS,PARKED MOTOR VEHICLE,NOT DIVIDED,DRY,NO INJURY / DRIVE AWAY,,true,"$501 - $1,500",NOT APPLICABLE,2,NO INDICATION OF INJURY,0,0,41.8784360652,-87.7111335802,60624,"CHICAGO MIDWAY AIRPORT, IL US",34.0,25.0,70.0,0.0,10.0,7.0
crash_07575,2024-07-01 12:25:00,2024,7,Jul,Mon,12,Daytime,30,UNKNOWN,UNKNOWN,UNKNOWN,SIDESWIPE SAME DIRECTION,NOT DIVIDED,UNKNOWN,NO INJURY / DRIVE AWAY,,,"OVER $1,500",UNABLE TO DETERMINE,2,NO INDICATION OF INJURY,0,0,42.0053031201,-87.6800599086,60626,"CHICAGO OHARE INTERNATIONAL AIRPORT, IL US",73.0,43.0,34.0,0.0,10.0,10.0
crash_07576,2025-04-22 18:41:00,2025,4,Apr,Tue,18,Evening commute,30,NO CONTROLS,CLEAR,"DARKNESS, LIGHTED ROAD",PARKED MOTOR VEHICLE,DIVIDED - W/MEDIAN BARRIER,DRY,NO INJURY / DRIVE AWAY,,true,"OVER $1,500",IMPROPER LANE USAGE,2,NO INDICATION OF INJURY,0,0,41.7328693696,-87.5849748024,60617,"CHICAGO MIDWAY AIRPORT, IL US",74.0,51.0,45.0,0.0,10.0,13.0
crash_07577,2025-05-11 02:30:00,2025,5,May,Sun,2,Night or early morning,30,TRAFFIC SIGNAL,CLEAR,"DARKNESS, LIGHTED ROAD",TURNING,FOUR WAY,DRY,INJURY AND / OR TOW DUE TO CRASH,false,,"OVER $1,500",IMPROPER LANE USAGE,2,NO INDICATION OF INJURY,0,0,41.8760055547,-87.7009372013,60612,"CHICAGO MIDWAY AIRPORT, IL US",47.0,36.0,66.0,0.0,10.0,9.0
crash_07578,2019-11-01 16:50:00,2019,11,Nov,Fri,16,Evening commute,30,NO CONTROLS,CLEAR,DAYLIGHT,PARKED MOTOR VEHICLE,NOT DIVIDED,DRY,NO INJURY / DRIVE AWAY,,,"OVER $1,500","OPERATING VEHICLE IN ERRATIC, RECKLESS, CARELESS, NEGLIGENT OR AGGRESSIVE MANNER",2,NO INDICATION OF INJURY,0,0,41.9335422019,-87.6513158572,60657,"CHICAGO MIDWAY AIRPORT, IL US",45.0,27.0,49.0,0.0,10.0,15.0
crash_07579,2023-10-28 18:30:00,2023,10,Oct,Sat,18,Evening commute,30,NO CONTROLS,CLEAR,DUSK,ANGLE,NOT DIVIDED,DRY,INJURY AND / OR TOW DUE TO CRASH,true,,"OVER $1,500",FAILING TO YIELD RIGHT-OF-WAY,2,"REPORTED, NOT EVIDENT",1,0,41.8929137167,-87.6354614054,60654,"CHICAGO MIDWAY AIRPORT, IL US",49.0,37.0,64.0,0.0,10.0,10.0
crash_07580,2019-04-29 09:56:00,2019,4,Apr,Mon,9,Morning commute,35,NO CONTROLS,RAIN,DAYLIGHT,SIDESWIPE SAME DIRECTION,NOT DIVIDED,WET,NO INJURY / DRIVE AWAY,,,"$501 - $1,500",FAILING TO YIELD RIGHT-OF-WAY,2,NO INDICATION OF INJURY,0,0,41.9181648087,-87.6568628321,60614,"CHICAGO MIDWAY AIRPORT, IL US",45.0,43.0,93.0,0.08,4.0,20.0
crash_07581,2023-12-29 16:30:00,2023,12,Dec,Fri,16,Evening commute,30,TRAFFIC SIGNAL,CLOUDY/OVERCAST,"DARKNESS, LIGHTED ROAD",TURNING,DIVIDED - W/MEDIAN BARRIER,WET,NO INJURY / DRIVE AWAY,,true,"OVER $1,500",IMPROPER TURNING/NO SIGNAL,2,NO INDICATION OF INJURY,0,0,41.79799187,-87.7234437408,60632,"CHICAGO MIDWAY AIRPORT, IL US",40.0,36.0,86.0,0.0,10.0,10.0