crash_id,crash_datetime,crash_year,crash_month,crash_month_name,crash_weekday_name,crash_hour,time_period,posted_speed_limit_mph,traffic_control_device,reported_weather_condition,reported_lighting_condition,first_crash_type,trafficway_type,reported_road_surface_condition,crash_type,intersection_related,hit_and_run,estimated_damage,primary_contributory_cause,unit_count,most_severe_injury,injuries_total,injuries_fatal,latitude,longitude,zip5,weather_station_name,temperature_f,dew_point_f,relative_humidity_percent,precipitation_inches,visibility_miles,wind_speed_mph
crash_07582,2021-09-08 12:50:00,2021,9,Sep,Wed,12,Daytime,10,NO CONTROLS,CLEAR,DAYLIGHT,SIDESWIPE SAME DIRECTION,ALLEY,DRY,NO INJURY / DRIVE AWAY,,,"OVER $1,500",DRIVING SKILLS/KNOWLEDGE/EXPERIENCE,2,NO INDICATION OF INJURY,0,0,41.7506651193,-87.6016766054,60619,"CHICAGO MIDWAY AIRPORT, IL US",80.0,45.0,29.0,0.0,10.0,14.0
crash_07583,2019-09-16 01:00:00,2019,9,Sep,Mon,1,Night or early morning,30,NO CONTROLS,CLEAR,"DARKNESS, LIGHTED ROAD",PEDALCYCLIST,ONE-WAY,DRY,NO INJURY / DRIVE AWAY,,true,"OVER $1,500",UNABLE TO DETERMINE,2,NO INDICATION OF INJURY,0,0,41.8909446567,-87.629554048,60654,"CHICAGO MIDWAY AIRPORT, IL US",72.0,69.0,91.0,0.0,10.0,0.0
crash_07584,2018-12-23 02:19:00,2018,12,Dec,Sun,2,Night or early morning,30,NO CONTROLS,CLEAR,"DARKNESS, LIGHTED ROAD",PARKED MOTOR VEHICLE,NOT DIVIDED,DRY,INJURY AND / OR TOW DUE TO CRASH,,,"OVER $1,500",EXCEEDING AUTHORIZED SPEED LIMIT,3,NO INDICATION OF INJURY,0,0,41.8366732972,-87.732996354,60623,"CHICAGO MIDWAY AIRPORT, IL US",32.0,27.0,82.0,0.0,8.0,10.0
crash_07585,2023-03-27 09:30:00,2023,3,Mar,Mon,9,Morning commute,30,STOP SIGN/FLASHER,CLEAR,DAYLIGHT,REAR END,NOT DIVIDED,DRY,NO INJURY / DRIVE AWAY,false,,"OVER $1,500",UNABLE TO DETERMINE,2,NO INDICATION OF INJURY,0,0,41.9454831042,-87.7901948934,60634,"CHICAGO OHARE INTERNATIONAL AIRPORT, IL US",41.0,33.0,73.0,0.0,10.0,16.0
crash_07586,2021-11-14 18:13:00,2021,11,Nov,Sun,18,Evening commute,30,STOP SIGN/FLASHER,CLEAR,DARKNESS,PARKED MOTOR VEHICLE,NOT DIVIDED,DRY,INJURY AND / OR TOW DUE TO CRASH,true,,"OVER $1,500",UNABLE TO DETERMINE,3,NO INDICATION OF INJURY,0,0,41.8463870419,-87.6856314635,60608,"CHICAGO MIDWAY AIRPORT, IL US",37.0,25.0,62.0,0.0,10.0,13.0
crash_07587,2022-12-28 08:10:00,2022,12,Dec,Wed,8,Morning commute,30,TRAFFIC SIGNAL,CLEAR,DAYLIGHT,HEAD ON,NOT DIVIDED,UNKNOWN,NO INJURY / DRIVE AWAY,true,,$500 OR LESS,DRIVING SKILLS/KNOWLEDGE/EXPERIENCE,2,NO INDICATION OF INJURY,0,0,42.0053665728,-87.6732620057,60626,"CHICAGO OHARE INTERNATIONAL AIRPORT, IL US",31.0,22.0,69.0,0.0,10.0,13.0
crash_07588,2019-02-11 21:10:00,2019,2,Feb,Mon,21,Night or early morning,35,TRAFFIC SIGNAL,SLEET/HAIL,"DARKNESS, LIGHTED ROAD",REAR END,DIVIDED - W/MEDIAN BARRIER,WET,INJURY AND / OR TOW DUE TO CRASH,,,"$501 - $1,500",WEATHER,2,NO INDICATION OF INJURY,0,0,,,,,,,,,,
crash_07589,2022-12-29 17:58:00,2022,12,Dec,Thu,17,Evening commute,15,NO CONTROLS,RAIN,DAYLIGHT,PARKED MOTOR VEHICLE,ALLEY,WET,NO INJURY / DRIVE AWAY,,,"OVER $1,500",UNABLE TO DETERMINE,2,NO INDICATION OF INJURY,0,0,41.8397284254,-87.7340158848,60623,"CHICAGO MIDWAY AIRPORT, IL US",55.0,50.0,83.0,0.0,10.0,15.0
crash_07590,2023-06-15 23:20:00,2023,6,Jun,Thu,23,Night or early morning,30,NO CONTROLS,CLEAR,"DARKNESS, LIGHTED ROAD",PARKED MOTOR VEHICLE,NOT DIVIDED,DRY,NO INJURY / DRIVE AWAY,,true,"OVER $1,500",UNABLE TO DETERMINE,2,NO INDICATION OF INJURY,0,0,41.7283372846,-87.6627011384,60620,"CHICAGO MIDWAY AIRPORT, IL US",55.0,45.0,69.0,0.0,10.0,15.0
crash_07591,2025-10-13 12:18:00,2025,10,Oct,Mon,12,Daytime,25,UNKNOWN,UNKNOWN,UNKNOWN,PARKED MOTOR VEHICLE,UNKNOWN,UNKNOWN,NO INJURY / DRIVE AWAY,,,"OVER $1,500",NOT APPLICABLE,2,NO INDICATION OF INJURY,0,0,41.9017619073,-87.6293413002,60610,,,,,,,
crash_07592,2022-07-14 08:50:00,2022,7,Jul,Thu,8,Morning commute,30,NO CONTROLS,CLEAR,DAYLIGHT,REAR END,NOT DIVIDED,DRY,NO INJURY / DRIVE AWAY,,,"$501 - $1,500",FOLLOWING TOO CLOSELY,2,NO INDICATION OF INJURY,0,0,41.6914484363,-87.7015398635,60655,"CHICAGO MIDWAY AIRPORT, IL US",73.0,59.0,62.0,0.0,10.0,6.0
crash_07593,2025-05-05 13:47:00,2025,5,May,Mon,13,Daytime,30,TRAFFIC SIGNAL,UNKNOWN,DAYLIGHT,TURNING,NOT DIVIDED,UNKNOWN,NO INJURY / DRIVE AWAY,,,"OVER $1,500",IMPROPER LANE USAGE,2,NO INDICATION OF INJURY,0,0,41.7507987472,-87.7020243778,60652,"CHICAGO MIDWAY AIRPORT, IL US",60.0,48.0,65.0,0.0,10.0,0.0
crash_07594,2021-09-08 13:30:00,2021,9,Sep,Wed,13,Daytime,30,NO CONTROLS,CLEAR,DAYLIGHT,SIDESWIPE SAME DIRECTION,NOT DIVIDED,DRY,INJURY AND / OR TOW DUE TO CRASH,,,"OVER $1,500",UNABLE TO DETERMINE,2,NONINCAPACITATING INJURY,1,0,41.9928811984,-87.7088061933,60659,"CHICAGO OHARE INTERNATIONAL AIRPORT, IL US",76.0,44.0,32.0,0.0,10.0,18.0
crash_07595,2025-03-01 10:28:00,2025,3,Mar,Sat,10,Daytime,15,NO CONTROLS,CLEAR,DAYLIGHT,PARKED MOTOR VEHICLE,PARKING LOT,DRY,INJURY AND / OR TOW DUE TO CRASH,,,"OVER $1,500",UNABLE TO DETERMINE,6,NO INDICATION OF INJURY,0,0,41.7765720082,-87.7029359895,60629,"CHICAGO MIDWAY AIRPORT, IL US",27.0,4.0,37.0,0.0,10.0,14.0
crash_07596,2020-06-01 09:22:00,2020,6,Jun,Mon,9,Morning commute,30,TRAFFIC SIGNAL,CLOUDY/OVERCAST,DAYLIGHT,ANGLE,FOUR WAY,DRY,INJURY AND / OR TOW DUE TO CRASH,true,,"OVER $1,500",DISREGARDING TRAFFIC SIGNALS,2,NO INDICATION OF INJURY,0,0,41.8049486733,-87.6650130743,60609,"CHICAGO MIDWAY AIRPORT, IL US",65.0,42.0,43.0,0.0,10.0,8.0
crash_07597,2023-12-16 18:44:00,2023,12,Dec,Sat,18,Evening commute,30,TRAFFIC SIGNAL,RAIN,"DARKNESS, LIGHTED ROAD",ANGLE,FOUR WAY,WET,NO INJURY / DRIVE AWAY,true,,"OVER $1,500",FAILING TO YIELD RIGHT-OF-WAY,3,NO INDICATION OF INJURY,0,0,41.9524255996,-87.8170008753,60634,"CHICAGO OHARE INTERNATIONAL AIRPORT, IL US",44.0,41.0,89.0,0.02,7.0,13.0
crash_07598,2018-12-12 16:30:00,2018,12,Dec,Wed,16,Evening commute,30,NO CONTROLS,CLEAR,DUSK,REAR END,NOT DIVIDED,DRY,NO INJURY / DRIVE AWAY,,,"$501 - $1,500",FOLLOWING TOO CLOSELY,2,NO INDICATION OF INJURY,0,0,41.9001889874,-87.6188007935,60611,"CHICAGO MIDWAY AIRPORT, IL US",34.0,23.0,65.0,,10.0,15.0
crash_07599,2025-04-15 04:00:00,2025,4,Apr,Tue,4,Night or early morning,20,NO CONTROLS,CLEAR,"DARKNESS, LIGHTED ROAD",PARKED MOTOR VEHICLE,ONE-WAY,DRY,NO INJURY / DRIVE AWAY,,true,"OVER $1,500",UNABLE TO DETERMINE,2,NO INDICATION OF INJURY,0,0,41.7448946913,-87.6736338225,60620,"CHICAGO MIDWAY AIRPORT, IL US",45.0,34.0,66.0,0.0,10.0,16.0
crash_07600,2019-01-14 19:03:00,2019,1,Jan,Mon,19,Night or early morning,30,NO CONTROLS,CLEAR,"DARKNESS, LIGHTED ROAD",ANGLE,ONE-WAY,SNOW OR SLUSH,NO INJURY / DRIVE AWAY,,true,"OVER $1,500","OPERATING VEHICLE IN ERRATIC, RECKLESS, CARELESS, NEGLIGENT OR AGGRESSIVE MANNER",2,NO INDICATION OF INJURY,0,0,41.8759515134,-87.7449566419,60644,"CHICAGO MIDWAY AIRPORT, IL US",26.0,21.0,81.0,0.0,8.0,11.0
crash_07601,2025-03-25 17:20:00,2025,3,Mar,Tue,17,Evening commute,35,TRAFFIC SIGNAL,CLEAR,DAYLIGHT,TURNING,FOUR WAY,DRY,INJURY AND / OR TOW DUE TO CRASH,true,,"OVER $1,500",FAILING TO REDUCE SPEED TO AVOID CRASH,2,INCAPACITATING INJURY,2,0,41.9538559461,-87.8070340721,60634,"CHICAGO OHARE INTERNATIONAL AIRPORT, IL US",46.0,28.0,50.0,0.0,10.0,11.0
crash_07602,2022-02-24 05:25:00,2022,2,Feb,Thu,5,Night or early morning,20,NO CONTROLS,CLEAR,"DARKNESS, LIGHTED ROAD",SIDESWIPE SAME DIRECTION,OTHER,WET,NO INJURY / DRIVE AWAY,,true,"OVER $1,500",DISTRACTION - FROM INSIDE VEHICLE,2,NO INDICATION OF INJURY,0,0,,,,,,,,,,
crash_07603,2024-02-20 15:20:00,2024,2,Feb,Tue,15,Evening commute,35,TRAFFIC SIGNAL,CLEAR,DAYLIGHT,SIDESWIPE SAME DIRECTION,NOT DIVIDED,DRY,NO INJURY / DRIVE AWAY,,,"OVER $1,500",FAILING TO YIELD RIGHT-OF-WAY,2,NO INDICATION OF INJURY,0,0,41.9759110646,-87.7877227201,60630,"CHICAGO OHARE INTERNATIONAL AIRPORT, IL US",57.0,26.0,30.0,0.0,10.0,17.0
crash_07604,2018-06-02 13:00:00,2018,6,Jun,Sat,13,Daytime,15,NO CONTROLS,CLEAR,DAYLIGHT,FIXED OBJECT,DRIVEWAY,OTHER,NO INJURY / DRIVE AWAY,,,"OVER $1,500",UNABLE TO DETERMINE,1,NO INDICATION OF INJURY,0,0,41.9462774275,-87.7437832191,60641,"CHICAGO OHARE INTERNATIONAL AIRPORT, IL US",66.0,57.0,73.0,0.0,10.0,10.0
crash_07605,2024-10-03 11:45:00,2024,10,Oct,Thu,11,Daytime,30,UNKNOWN,UNKNOWN,UNKNOWN,REAR END,UNKNOWN,UNKNOWN,NO INJURY / DRIVE AWAY,,,"OVER $1,500",UNABLE TO DETERMINE,2,NO INDICATION OF INJURY,0,0,41.8947847791,-87.6226058409,60611,"CHICAGO MIDWAY AIRPORT, IL US",72.0,45.0,38.0,0.0,10.0,5.0
crash_07606,2018-12-11 13:00:00,2018,12,Dec,Tue,13,Daytime,35,STOP SIGN/FLASHER,CLEAR,DAYLIGHT,PARKED MOTOR VEHICLE,NOT DIVIDED,DRY,NO INJURY / DRIVE AWAY,,,$500 OR LESS,UNABLE TO DETERMINE,2,NO INDICATION OF INJURY,0,0,41.7440595939,-87.606223517,60619,"CHICAGO MIDWAY AIRPORT, IL US",37.0,24.0,59.0,0.0,10.0,7.0
crash_07607,2020-03-08 12:00:00,2020,3,Mar,Sun,12,Daytime,30,NO CONTROLS,CLEAR,DAYLIGHT,SIDESWIPE SAME DIRECTION,NOT DIVIDED,DRY,NO INJURY / DRIVE AWAY,,,"$501 - $1,500",UNABLE TO DETERMINE,2,NO INDICATION OF INJURY,0,0,41.9397814291,-87.7470395493,60641,"CHICAGO OHARE INTERNATIONAL AIRPORT, IL US",56.0,25.0,30.0,0.0,10.0,17.0
crash_07608,2023-08-17 07:25:00,2023,8,Aug,Thu,7,Morning commute,30,TRAFFIC SIGNAL,CLEAR,DAYLIGHT,REAR END,ONE-WAY,DRY,NO INJURY / DRIVE AWAY,,,"OVER $1,500",UNABLE TO DETERMINE,2,NO INDICATION OF INJURY,0,0,41.8347692361,-87.6277974566,60616,"CHICAGO MIDWAY AIRPORT, IL US",69.0,59.0,70.0,,10.0,10.0
crash_07609,2018-06-21 12:25:00,2018,6,Jun,Thu,12,Daytime,35,TRAFFIC SIGNAL,RAIN,DAYLIGHT,SIDESWIPE SAME DIRECTION,DIVIDED - W/MEDIAN BARRIER,WET,NO INJURY / DRIVE AWAY,,,"OVER $1,500",FAILING TO REDUCE SPEED TO AVOID CRASH,2,NO INDICATION OF INJURY,0,0,41.8874785284,-87.6160851318,60601,"CHICAGO MIDWAY AIRPORT, IL US",66.0,65.0,96.0,0.08,3.0,14.0
crash_07610,2024-11-12 10:56:00,2024,11,Nov,Tue,10,Daytime,30,TRAFFIC SIGNAL,CLEAR,DAYLIGHT,TURNING,NOT DIVIDED,DRY,NO INJURY / DRIVE AWAY,,true,"$501 - $1,500",IMPROPER LANE USAGE,2,NO INDICATION OF INJURY,0,0,41.9030408963,-87.7182522221,60651,"CHICAGO MIDWAY AIRPORT, IL US",48.0,35.0,61.0,0.0,10.0,11.0
crash_07611,2024-10-13 08:30:00,2024,10,Oct,Sun,8,Morning commute,30,NO CONTROLS,CLEAR,DAYLIGHT,ANGLE,NOT DIVIDED,DRY,NO INJURY / DRIVE AWAY,,,"OVER $1,500",FAILING TO YIELD RIGHT-OF-WAY,2,NO INDICATION OF INJURY,0,0,41.9680502532,-87.7546723725,60630,"CHICAGO OHARE INTERNATIONAL AIRPORT, IL US",58.0,51.0,78.0,0.0,10.0,7.0
crash_07612,2023-07-11 16:52:00,2023,7,Jul,Tue,16,Evening commute,30,NO CONTROLS,RAIN,DAYLIGHT,REAR END,DIVIDED - W/MEDIAN BARRIER,WET,INJURY AND / OR TOW DUE TO CRASH,,false,"OVER $1,500",FOLLOWING TOO CLOSELY,2,NO INDICATION OF INJURY,0,0,41.7214386576,-87.6367242455,60628,"CHICAGO MIDWAY AIRPORT, IL US",71.0,66.0,84.0,0.0,10.0,13.0
crash_07613,2020-06-09 16:30:00,2020,6,Jun,Tue,16,Evening commute,30,NO CONTROLS,CLEAR,DAYLIGHT,PEDALCYCLIST,NOT DIVIDED,DRY,NO INJURY / DRIVE AWAY,,,"OVER $1,500",FAILING TO REDUCE SPEED TO AVOID CRASH,2,NO INDICATION OF INJURY,0,0,41.8005277021,-87.7235192748,60632,"CHICAGO MIDWAY AIRPORT, IL US",83.0,72.0,70.0,,10.0,21.0
crash_07614,2018-07-15 10:55:00,2018,7,Jul,Sun,10,Daytime,35,TRAFFIC SIGNAL,CLEAR,DAYLIGHT,SIDESWIPE SAME DIRECTION,NOT DIVIDED,DRY,NO INJURY / DRIVE AWAY,,true,"OVER $1,500",IMPROPER OVERTAKING/PASSING,2,NO INDICATION OF INJURY,0,0,41.8095725994,-87.5930806348,60615,"CHICAGO MIDWAY AIRPORT, IL US",86.0,70.0,59.0,0.0,10.0,8.0
crash_07615,2025-02-06 07:59:00,2025,2,Feb,Thu,7,Morning commute,30,NO CONTROLS,SLEET/HAIL,DAYLIGHT,PARKED MOTOR VEHICLE,NOT DIVIDED,ICE,NO INJURY / DRIVE AWAY,,,"OVER $1,500",WEATHER,3,NO INDICATION OF INJURY,0,0,41.8549104373,-87.6686029747,60608,"CHICAGO MIDWAY AIRPORT, IL US",32.0,26.0,79.0,0.0,10.0,10.0
crash_07616,2025-11-14 11:00:00,2025,11,Nov,Fri,11,Daytime,30,NO CONTROLS,CLEAR,DAYLIGHT,SIDESWIPE SAME DIRECTION,NOT DIVIDED,DRY,NO INJURY / DRIVE AWAY,,true,$500 OR LESS,UNABLE TO DETERMINE,2,NO INDICATION OF INJURY,0,0,41.7459282584,-87.5859949102,60619,,,,,,,
crash_07617,2024-11-11 08:10:00,2024,11,Nov,Mon,8,Morning commute,30,STOP SIGN/FLASHER,CLOUDY/OVERCAST,DAYLIGHT,REAR END,DIVIDED - W/MEDIAN (NOT RAISED),DRY,INJURY AND / OR TOW DUE TO CRASH,,,"OVER $1,500",FOLLOWING TOO CLOSELY,2,"REPORTED, NOT EVIDENT",1,0,41.7662605821,-87.5858669776,60649,"CHICAGO MIDWAY AIRPORT, IL US",53.0,44.0,72.0,0.0,10.0,16.0
crash_07618,2025-06-03 23:55:00,2025,6,Jun,Tue,23,Night or early morning,25,TRAFFIC SIGNAL,CLEAR,"DARKNESS, LIGHTED ROAD",TURNING,FOUR WAY,DRY,NO INJURY / DRIVE AWAY,true,,"OVER $1,500",DISREGARDING TRAFFIC SIGNALS,2,NO INDICATION OF INJURY,0,0,41.8808927846,-87.6241895271,60603,"CHICAGO MIDWAY AIRPORT, IL US",77.0,62.0,60.0,0.0,10.0,14.0
crash_07619,2018-04-11 12:30:00,2018,4,Apr,Wed,12,Daytime,30,NO CONTROLS,CLEAR,DAYLIGHT,REAR END,NOT DIVIDED,UNKNOWN,NO INJURY / DRIVE AWAY,,true,"OVER $1,500",UNABLE TO DETERMINE,2,NO INDICATION OF INJURY,0,0,41.8468086314,-87.6475907486,60608,"CHICAGO MIDWAY AIRPORT, IL US",61.0,38.0,43.0,0.0,10.0,8.0
crash_07620,2019-09-02 02:40:00,2019,9,Sep,Mon,2,Night or early morning,30,NO CONTROLS,CLEAR,"DARKNESS, LIGHTED ROAD",PARKED MOTOR VEHICLE,NOT DIVIDED,DRY,NO INJURY / DRIVE AWAY,,true,"OVER $1,500",UNABLE TO DETERMINE,2,NO INDICATION OF INJURY,0,0,41.9097254413,-87.746903271,60639,"CHICAGO MIDWAY AIRPORT, IL US",63.0,61.0,93.0,0.0,4.0,3.0
crash_07621,2018-06-08 15:30:00,2018,6,Jun,Fri,15,Evening commute,30,NO CONTROLS,CLEAR,DAYLIGHT,SIDESWIPE SAME DIRECTION,NOT DIVIDED,DRY,NO INJURY / DRIVE AWAY,,,"$501 - $1,500",UNABLE TO DETERMINE,2,NO INDICATION OF INJURY,0,0,41.8893732447,-87.6275559684,60611,"CHICAGO MIDWAY AIRPORT, IL US",71.0,58.0,63.0,0.0,10.0,9.0
crash_07622,2022-06-24 12:10:00,2022,6,Jun,Fri,12,Daytime,25,STOP SIGN/FLASHER,CLEAR,DAYLIGHT,REAR END,NOT DIVIDED,DRY,NO INJURY / DRIVE AWAY,true,,"OVER $1,500",FOLLOWING TOO CLOSELY,2,NO INDICATION OF INJURY,0,0,42.0072680912,-87.6812785347,60645,"CHICAGO OHARE INTERNATIONAL AIRPORT, IL US",87.0,53.0,31.0,0.0,10.0,5.0
crash_07623,2019-12-24 21:12:00,2019,12,Dec,Tue,21,Night or early morning,30,STOP SIGN/FLASHER,CLEAR,"DARKNESS, LIGHTED ROAD",TURNING,NOT DIVIDED,DRY,NO INJURY / DRIVE AWAY,,,"$501 - $1,500",DISREGARDING STOP SIGN,2,NO INDICATION OF INJURY,0,0,41.7773124825,-87.6994910742,60629,"CHICAGO MIDWAY AIRPORT, IL US",48.0,40.0,74.0,0.0,10.0,10.0
crash_07624,2018-02-09 16:45:00,2018,2,Feb,Fri,16,Evening commute,15,NO CONTROLS,SNOW,DAYLIGHT,FIXED OBJECT,ALLEY,SNOW OR SLUSH,NO INJURY / DRIVE AWAY,,,"OVER $1,500",WEATHER,1,NO INDICATION OF INJURY,0,0,41.7446024579,-87.7048314416,60652,"CHICAGO MIDWAY AIRPORT, IL US",28.0,21.0,75.0,0.0,8.0,13.0
crash_07625,2022-06-16 13:00:00,2022,6,Jun,Thu,13,Daytime,30,STOP SIGN/FLASHER,CLEAR,DAYLIGHT,TURNING,FOUR WAY,DRY,INJURY AND / OR TOW DUE TO CRASH,true,,"OVER $1,500",IMPROPER TURNING/NO SIGNAL,2,NONINCAPACITATING INJURY,4,0,41.7440217285,-87.5914350342,60619,"CHICAGO MIDWAY AIRPORT, IL US",94.0,56.0,28.0,0.0,10.0,15.0
crash_07626,2024-03-06 07:29:00,2024,3,Mar,Wed,7,Morning commute,30,NO CONTROLS,CLEAR,DAYLIGHT,PEDALCYCLIST,ALLEY,DRY,INJURY AND / OR TOW DUE TO CRASH,,true,"OVER $1,500",FAILING TO YIELD RIGHT-OF-WAY,2,NONINCAPACITATING INJURY,1,0,41.9027417081,-87.728828429,60651,"CHICAGO MIDWAY AIRPORT, IL US",42.0,38.0,85.0,0.0,7.0,11.0
crash_07627,2025-04-26 22:50:00,2025,4,Apr,Sat,22,Night or early morning,35,YIELD,CLEAR,"DARKNESS, LIGHTED ROAD",ANGLE,TRAFFIC ROUTE,DRY,NO INJURY / DRIVE AWAY,true,,"OVER $1,500",DISREGARDING STOP SIGN,2,NO INDICATION OF INJURY,0,0,41.8771920356,-87.7136321791,60624,"CHICAGO MIDWAY AIRPORT, IL US",46.0,29.0,51.0,0.0,10.0,6.0
crash_07628,2020-12-29 13:15:00,2020,12,Dec,Tue,13,Daytime,25,NO CONTROLS,CLEAR,DAYLIGHT,PARKED MOTOR VEHICLE,NOT DIVIDED,DRY,INJURY AND / OR TOW DUE TO CRASH,,true,"OVER $1,500",UNABLE TO DETERMINE,2,NO INDICATION OF INJURY,0,0,41.7726349436,-87.6131675871,60637,"CHICAGO MIDWAY AIRPORT, IL US",31.0,17.0,56.0,0.0,10.0,11.0
crash_07629,2024-07-13 20:34:00,2024,7,Jul,Sat,20,Night or early morning,30,TRAFFIC SIGNAL,CLEAR,"DARKNESS, LIGHTED ROAD",REAR END,DIVIDED - W/MEDIAN (NOT RAISED),DRY,NO INJURY / DRIVE AWAY,,,"$501 - $1,500",FOLLOWING TOO CLOSELY,2,NO INDICATION OF INJURY,0,0,41.9272086305,-87.6875745389,60647,"CHICAGO MIDWAY AIRPORT, IL US",82.0,61.0,49.0,0.0,10.0,6.0
crash_07630,2020-08-20 12:40:00,2020,8,Aug,Thu,12,Daytime,35,NO CONTROLS,CLEAR,DAYLIGHT,FIXED OBJECT,DIVIDED - W/MEDIAN BARRIER,DRY,INJURY AND / OR TOW DUE TO CRASH,,,"OVER $1,500",UNABLE TO DETERMINE,1,NO INDICATION OF INJURY,0,0,41.8675460409,-87.6254787127,60605,"CHICAGO MIDWAY AIRPORT, IL US",82.0,51.0,34.0,0.0,10.0,7.0
crash_07631,2021-11-15 09:00:00,2021,11,Nov,Mon,9,Morning commute,30,NO CONTROLS,CLEAR,DAYLIGHT,FIXED OBJECT,NOT DIVIDED,DRY,INJURY AND / OR TOW DUE TO CRASH,,,"OVER $1,500",FAILING TO YIELD RIGHT-OF-WAY,1,NO INDICATION OF INJURY,0,0,41.9396539312,-87.8386483678,60634,"CHICAGO OHARE INTERNATIONAL AIRPORT, IL US",32.0,22.0,66.0,0.0,10.0,6.0
crash_07632,2024-06-03 10:30:00,2024,6,Jun,Mon,10,Daytime,30,STOP SIGN/FLASHER,CLEAR,DAYLIGHT,PARKED MOTOR VEHICLE,ONE-WAY,DRY,INJURY AND / OR TOW DUE TO CRASH,,,"OVER $1,500",EQUIPMENT - VEHICLE CONDITION,3,NO INDICATION OF INJURY,0,0,41.764686104,-87.6895089734,60629,"CHICAGO MIDWAY AIRPORT, IL US",79.0,63.0,58.0,0.0,10.0,13.0
crash_07633,2019-12-05 17:37:00,2019,12,Dec,Thu,17,Evening commute,30,NO CONTROLS,CLEAR,"DARKNESS, LIGHTED ROAD",ANGLE,ONE-WAY,DRY,NO INJURY / DRIVE AWAY,,,"$501 - $1,500",FOLLOWING TOO CLOSELY,2,NO INDICATION OF INJURY,0,0,41.7948067635,-87.6319351084,60609,"CHICAGO MIDWAY AIRPORT, IL US",45.0,33.0,63.0,0.0,10.0,6.0
crash_07634,2023-01-23 10:00:00,2023,1,Jan,Mon,10,Daytime,10,NO CONTROLS,CLEAR,DAYLIGHT,REAR END,OTHER,DRY,NO INJURY / DRIVE AWAY,,,"$501 - $1,500",IMPROPER BACKING,2,NO INDICATION OF INJURY,0,0,41.9690234296,-87.6695904335,60640,"CHICAGO OHARE INTERNATIONAL AIRPORT, IL US",26.0,21.0,81.0,0.0,9.0,13.0
crash_07635,2024-07-21 11:30:00,2024,7,Jul,Sun,11,Daytime,30,UNKNOWN,UNKNOWN,UNKNOWN,SIDESWIPE SAME DIRECTION,ONE-WAY,UNKNOWN,NO INJURY / DRIVE AWAY,,,"OVER $1,500",IMPROPER LANE USAGE,2,NO INDICATION OF INJURY,0,0,41.7981421763,-87.5948478904,60615,"CHICAGO MIDWAY AIRPORT, IL US",80.0,57.0,45.0,0.0,10.0,0.0
crash_07636,2021-06-06 00:12:00,2021,6,Jun,Sun,0,Night or early morning,35,TRAFFIC SIGNAL,CLEAR,"DARKNESS, LIGHTED ROAD",TURNING,NOT DIVIDED,DRY,NO INJURY / DRIVE AWAY,true,,"OVER $1,500",FAILING TO YIELD RIGHT-OF-WAY,2,NO INDICATION OF INJURY,0,0,41.8397526992,-87.6141458237,60616,"CHICAGO MIDWAY AIRPORT, IL US",79.0,55.0,44.0,0.0,10.0,10.0
crash_07637,2018-12-13 12:50:00,2018,12,Dec,Thu,12,Daytime,30,TRAFFIC SIGNAL,CLEAR,DAYLIGHT,REAR END,DIVIDED - W/MEDIAN BARRIER,DRY,INJURY AND / OR TOW DUE TO CRASH,true,,"OVER $1,500",UNABLE TO DETERMINE,2,NONINCAPACITATING INJURY,1,0,41.808474558,-87.6842800379,60609,"CHICAGO MIDWAY AIRPORT, IL US",41.0,31.0,67.0,0.0,9.0,11.0
crash_07638,2019-01-30 08:35:00,2019,1,Jan,Wed,8,Morning commute,30,TRAFFIC SIGNAL,CLEAR,DAYLIGHT,REAR END,CENTER TURN LANE,SNOW OR SLUSH,INJURY AND / OR TOW DUE TO CRASH,,,"OVER $1,500",FOLLOWING TOO CLOSELY,2,INCAPACITATING INJURY,1,0,41.9302728218,-87.6854485072,60647,"CHICAGO MIDWAY AIRPORT, IL US",-21.0,-32.0,55.0,0.0,10.0,16.0
crash_07639,2022-08-11 18:45:00,2022,8,Aug,Thu,18,Evening commute,30,STOP SIGN/FLASHER,CLEAR,DAYLIGHT,TURNING,FOUR WAY,DRY,INJURY AND / OR TOW DUE TO CRASH,true,,"OVER $1,500",FAILING TO YIELD RIGHT-OF-WAY,2,NONINCAPACITATING INJURY,2,0,41.6929273729,-87.6626120611,60643,"CHICAGO MIDWAY AIRPORT, IL US",76.0,50.0,40.0,,10.0,14.0
crash_07640,2021-07-12 12:15:00,2021,7,Jul,Mon,12,Daytime,30,NO CONTROLS,CLEAR,DAYLIGHT,SIDESWIPE OPPOSITE DIRECTION,NOT DIVIDED,DRY,NO INJURY / DRIVE AWAY,,,"$501 - $1,500",FAILING TO YIELD RIGHT-OF-WAY,2,NO INDICATION OF INJURY,0,0,41.936589073,-87.7616693424,60641,"CHICAGO OHARE INTERNATIONAL AIRPORT, IL US",71.0,65.0,81.0,0.0,10.0,8.0
crash_07641,2021-07-12 00:46:00,2021,7,Jul,Mon,0,Night or early morning,30,TRAFFIC SIGNAL,RAIN,"DARKNESS, LIGHTED ROAD",TURNING,FOUR WAY,WET,INJURY AND / OR TOW DUE TO CRASH,true,,"OVER $1,500",IMPROPER TURNING/NO SIGNAL,2,NO INDICATION OF INJURY,0,0,41.7659281922,-87.5864700779,60619,"CHICAGO MIDWAY AIRPORT, IL US",68.0,62.0,81.0,0.0,10.0,6.0