crash_id,crash_datetime,crash_year,crash_month,crash_month_name,crash_weekday_name,crash_hour,time_period,posted_speed_limit_mph,traffic_control_device,reported_weather_condition,reported_lighting_condition,first_crash_type,trafficway_type,reported_road_surface_condition,crash_type,intersection_related,hit_and_run,estimated_damage,primary_contributory_cause,unit_count,most_severe_injury,injuries_total,injuries_fatal,latitude,longitude,zip5,weather_station_name,temperature_f,dew_point_f,relative_humidity_percent,precipitation_inches,visibility_miles,wind_speed_mph
crash_07642,2018-09-17 07:00:00,2018,9,Sep,Mon,7,Morning commute,30,TRAFFIC SIGNAL,CLEAR,DAYLIGHT,TURNING,DIVIDED - W/MEDIAN (NOT RAISED),DRY,NO INJURY / DRIVE AWAY,true,,"OVER $1,500",DRIVING SKILLS/KNOWLEDGE/EXPERIENCE,2,NO INDICATION OF INJURY,0,0,41.9170434014,-87.7459914174,60639,"CHICAGO MIDWAY AIRPORT, IL US",72.0,64.0,76.0,0.0,10.0,0.0
crash_07643,2025-07-03 21:29:00,2025,7,Jul,Thu,21,Night or early morning,30,STOP SIGN/FLASHER,CLEAR,"DARKNESS, LIGHTED ROAD",ANGLE,FOUR WAY,DRY,NO INJURY / DRIVE AWAY,true,,"OVER $1,500",FAILING TO YIELD RIGHT-OF-WAY,2,NO INDICATION OF INJURY,0,0,41.7623902738,-87.6571210565,60636,"CHICAGO MIDWAY AIRPORT, IL US",84.0,61.0,46.0,0.0,10.0,3.0
crash_07644,2018-02-08 17:40:00,2018,2,Feb,Thu,17,Evening commute,30,STOP SIGN/FLASHER,CLEAR,"DARKNESS, LIGHTED ROAD",TURNING,DIVIDED - W/MEDIAN (NOT RAISED),DRY,NO INJURY / DRIVE AWAY,true,,"$501 - $1,500",UNABLE TO DETERMINE,2,NO INDICATION OF INJURY,0,0,41.985890541,-87.6694651261,60660,"CHICAGO OHARE INTERNATIONAL AIRPORT, IL US",20.0,12.0,71.0,0.0,4.0,8.0
crash_07645,2023-09-06 16:30:00,2023,9,Sep,Wed,16,Evening commute,30,NO CONTROLS,CLEAR,DAYLIGHT,PARKED MOTOR VEHICLE,ONE-WAY,DRY,NO INJURY / DRIVE AWAY,,true,"OVER $1,500",UNABLE TO DETERMINE,2,NO INDICATION OF INJURY,0,0,41.9190250674,-87.7149579821,60647,"CHICAGO MIDWAY AIRPORT, IL US",74.0,63.0,69.0,0.0,10.0,18.0
crash_07646,2019-03-30 19:17:00,2019,3,Mar,Sat,19,Night or early morning,30,TRAFFIC SIGNAL,CLEAR,"DARKNESS, LIGHTED ROAD",REAR END,DIVIDED - W/MEDIAN BARRIER,DRY,NO INJURY / DRIVE AWAY,true,,"$501 - $1,500",IMPROPER OVERTAKING/PASSING,2,NO INDICATION OF INJURY,0,0,41.7902820893,-87.5789775156,60637,"CHICAGO MIDWAY AIRPORT, IL US",35.0,28.0,76.0,0.0,10.0,15.0
crash_07647,2022-09-09 16:35:00,2022,9,Sep,Fri,16,Evening commute,25,NO CONTROLS,CLEAR,DAYLIGHT,PARKED MOTOR VEHICLE,NOT DIVIDED,DRY,NO INJURY / DRIVE AWAY,,,"OVER $1,500",UNABLE TO DETERMINE,2,NO INDICATION OF INJURY,0,0,42.0107672754,-87.8185760929,60631,"CHICAGO OHARE INTERNATIONAL AIRPORT, IL US",83.0,54.0,37.0,0.0,10.0,10.0
crash_07648,2025-05-08 16:38:00,2025,5,May,Thu,16,Evening commute,30,NO CONTROLS,CLEAR,DAYLIGHT,SIDESWIPE SAME DIRECTION,NOT DIVIDED,DRY,INJURY AND / OR TOW DUE TO CRASH,,,"OVER $1,500",FAILING TO YIELD RIGHT-OF-WAY,2,"REPORTED, NOT EVIDENT",1,0,41.8853696938,-87.7256562397,60624,"CHICAGO MIDWAY AIRPORT, IL US",55.0,36.0,49.0,0.0,10.0,20.0
crash_07649,2019-08-05 17:00:00,2019,8,Aug,Mon,17,Evening commute,30,NO CONTROLS,CLEAR,DAYLIGHT,REAR TO REAR,NOT DIVIDED,DRY,NO INJURY / DRIVE AWAY,,,"$501 - $1,500",IMPROPER BACKING,2,NO INDICATION OF INJURY,0,0,41.9928754428,-87.7835214846,60646,"CHICAGO OHARE INTERNATIONAL AIRPORT, IL US",88.0,62.0,42.0,0.0,10.0,10.0
crash_07650,2024-11-18 14:47:00,2024,11,Nov,Mon,14,Daytime,30,NO CONTROLS,UNKNOWN,DAYLIGHT,PARKED MOTOR VEHICLE,NOT DIVIDED,UNKNOWN,NO INJURY / DRIVE AWAY,,true,"OVER $1,500",UNABLE TO DETERMINE,2,NO INDICATION OF INJURY,0,0,41.7652914226,-87.604543742,60619,"CHICAGO MIDWAY AIRPORT, IL US",57.0,55.0,93.0,0.03,1.5,8.0
crash_07651,2023-07-08 20:40:00,2023,7,Jul,Sat,20,Night or early morning,30,NO CONTROLS,CLEAR,DARKNESS,PEDALCYCLIST,NOT DIVIDED,DRY,NO INJURY / DRIVE AWAY,,,"$501 - $1,500",UNABLE TO DETERMINE,2,NO INDICATION OF INJURY,0,0,41.9307942488,-87.6487996682,60614,"CHICAGO MIDWAY AIRPORT, IL US",69.0,52.0,55.0,0.0,10.0,5.0
crash_07652,2024-05-09 12:45:00,2024,5,May,Thu,12,Daytime,30,UNKNOWN,UNKNOWN,UNKNOWN,PARKED MOTOR VEHICLE,ONE-WAY,UNKNOWN,NO INJURY / DRIVE AWAY,,true,"OVER $1,500",UNABLE TO DETERMINE,2,NO INDICATION OF INJURY,0,0,41.7696652844,-87.579082197,60649,"CHICAGO MIDWAY AIRPORT, IL US",58.0,50.0,75.0,0.0,10.0,16.0
crash_07653,2019-07-21 04:30:00,2019,7,Jul,Sun,4,Night or early morning,30,STOP SIGN/FLASHER,CLEAR,DARKNESS,ANGLE,FOUR WAY,DRY,INJURY AND / OR TOW DUE TO CRASH,,true,"OVER $1,500",UNABLE TO DETERMINE,2,NONINCAPACITATING INJURY,1,0,41.7504749298,-87.6538833344,60620,"CHICAGO MIDWAY AIRPORT, IL US",73.0,70.0,89.0,,10.0,11.0
crash_07654,2020-01-24 07:30:00,2020,1,Jan,Fri,7,Morning commute,30,STOP SIGN/FLASHER,RAIN,"DARKNESS, LIGHTED ROAD",OTHER OBJECT,NOT DIVIDED,WET,NO INJURY / DRIVE AWAY,,,"OVER $1,500",UNABLE TO DETERMINE,1,NO INDICATION OF INJURY,0,0,41.8076202611,-87.7359633564,60632,"CHICAGO MIDWAY AIRPORT, IL US",36.0,35.0,97.0,0.0,1.5,7.0
crash_07655,2019-07-10 15:10:00,2019,7,Jul,Wed,15,Evening commute,30,TRAFFIC SIGNAL,CLEAR,DAYLIGHT,TURNING,ONE-WAY,DRY,NO INJURY / DRIVE AWAY,,,"OVER $1,500",IMPROPER LANE USAGE,2,NO INDICATION OF INJURY,0,0,41.8829022397,-87.7063028812,60624,"CHICAGO MIDWAY AIRPORT, IL US",95.0,69.0,43.0,0.0,10.0,10.0
crash_07656,2021-03-15 09:50:00,2021,3,Mar,Mon,9,Morning commute,30,TRAFFIC SIGNAL,CLEAR,DAYLIGHT,REAR END,OTHER,DRY,NO INJURY / DRIVE AWAY,,true,$500 OR LESS,DRIVING SKILLS/KNOWLEDGE/EXPERIENCE,2,NO INDICATION OF INJURY,0,0,41.8577487693,-87.6662852177,60608,"CHICAGO MIDWAY AIRPORT, IL US",34.0,11.0,38.0,0.0,10.0,22.0
crash_07657,2018-05-04 16:30:00,2018,5,May,Fri,16,Evening commute,30,STOP SIGN/FLASHER,UNKNOWN,UNKNOWN,PARKED MOTOR VEHICLE,ONE-WAY,UNKNOWN,INJURY AND / OR TOW DUE TO CRASH,,true,"OVER $1,500",EXCEEDING SAFE SPEED FOR CONDITIONS,2,NO INDICATION OF INJURY,0,0,41.875733541,-87.7479842957,60644,"CHICAGO MIDWAY AIRPORT, IL US",75.0,46.0,36.0,0.0,10.0,15.0
crash_07658,2019-07-17 09:45:00,2019,7,Jul,Wed,9,Morning commute,30,NO CONTROLS,CLEAR,DAYLIGHT,PARKED MOTOR VEHICLE,ONE-WAY,DRY,NO INJURY / DRIVE AWAY,,true,"$501 - $1,500",IMPROPER OVERTAKING/PASSING,2,NO INDICATION OF INJURY,0,0,41.700050122,-87.5271251066,60617,"CHICAGO MIDWAY AIRPORT, IL US",84.0,72.0,67.0,0.0,10.0,6.0
crash_07659,2024-02-12 07:30:00,2024,2,Feb,Mon,7,Morning commute,15,NO CONTROLS,CLEAR,DARKNESS,PARKED MOTOR VEHICLE,PARKING LOT,DRY,NO INJURY / DRIVE AWAY,,true,"OVER $1,500",NOT APPLICABLE,3,NO INDICATION OF INJURY,0,0,41.8505320078,-87.6223744749,60616,"CHICAGO MIDWAY AIRPORT, IL US",30.0,26.0,85.0,0.0,10.0,0.0
crash_07660,2020-09-07 13:56:00,2020,9,Sep,Mon,13,Daytime,5,NO CONTROLS,CLEAR,DAYLIGHT,PARKED MOTOR VEHICLE,PARKING LOT,DRY,NO INJURY / DRIVE AWAY,,,"OVER $1,500",UNABLE TO DETERMINE,2,NO INDICATION OF INJURY,0,0,42.0180174394,-87.6903373682,60645,"CHICAGO OHARE INTERNATIONAL AIRPORT, IL US",75.0,54.0,48.0,0.0,10.0,14.0
crash_07661,2025-02-10 18:17:00,2025,2,Feb,Mon,18,Evening commute,30,NO CONTROLS,CLEAR,DAYLIGHT,PARKED MOTOR VEHICLE,DIVIDED - W/MEDIAN (NOT RAISED),DRY,NO INJURY / DRIVE AWAY,,,"OVER $1,500",UNABLE TO DETERMINE,2,NO INDICATION OF INJURY,0,0,41.9393703345,-87.7135660217,60618,"CHICAGO MIDWAY AIRPORT, IL US",30.0,12.0,47.0,0.0,10.0,8.0
crash_07662,2022-12-03 13:45:00,2022,12,Dec,Sat,13,Daytime,30,NO CONTROLS,CLEAR,DAYLIGHT,PARKED MOTOR VEHICLE,NOT DIVIDED,DRY,NO INJURY / DRIVE AWAY,,,"$501 - $1,500",UNABLE TO DETERMINE,2,NO INDICATION OF INJURY,0,0,41.8870876819,-87.7649572507,60644,"CHICAGO MIDWAY AIRPORT, IL US",32.0,9.0,38.0,0.0,10.0,15.0
crash_07663,2024-03-11 00:30:00,2024,3,Mar,Mon,0,Night or early morning,20,NO CONTROLS,CLEAR,"DARKNESS, LIGHTED ROAD",PARKED MOTOR VEHICLE,ONE-WAY,DRY,NO INJURY / DRIVE AWAY,,true,"OVER $1,500",UNABLE TO DETERMINE,2,NO INDICATION OF INJURY,0,0,41.9126176356,-87.7449005279,60639,"CHICAGO MIDWAY AIRPORT, IL US",35.0,23.0,61.0,0.0,10.0,6.0
crash_07664,2022-12-17 02:23:00,2022,12,Dec,Sat,2,Night or early morning,30,OTHER,CLEAR,"DARKNESS, LIGHTED ROAD",REAR END,OTHER,DRY,NO INJURY / DRIVE AWAY,,true,"OVER $1,500",FAILING TO REDUCE SPEED TO AVOID CRASH,2,NO INDICATION OF INJURY,0,0,41.9305006719,-87.6436175839,60614,"CHICAGO MIDWAY AIRPORT, IL US",25.0,20.0,81.0,0.0,3.0,15.0
crash_07665,2022-12-14 13:00:00,2022,12,Dec,Wed,13,Daytime,30,UNKNOWN,RAIN,DAYLIGHT,REAR END,OTHER,WET,NO INJURY / DRIVE AWAY,,true,$500 OR LESS,UNABLE TO DETERMINE,2,NO INDICATION OF INJURY,0,0,41.8967023925,-87.6188485145,60611,"CHICAGO MIDWAY AIRPORT, IL US",43.0,41.0,93.0,0.0,2.5,13.0
crash_07666,2018-03-01 18:45:00,2018,3,Mar,Thu,18,Evening commute,30,NO CONTROLS,CLEAR,"DARKNESS, LIGHTED ROAD",PARKED MOTOR VEHICLE,ONE-WAY,DRY,NO INJURY / DRIVE AWAY,,,$500 OR LESS,UNABLE TO DETERMINE,2,NO INDICATION OF INJURY,0,0,41.9040384904,-87.7480320346,60651,"CHICAGO MIDWAY AIRPORT, IL US",38.0,29.0,70.0,0.0,10.0,5.0
crash_07667,2018-11-21 18:00:00,2018,11,Nov,Wed,18,Evening commute,30,NO CONTROLS,CLEAR,"DARKNESS, LIGHTED ROAD",SIDESWIPE SAME DIRECTION,NOT DIVIDED,DRY,NO INJURY / DRIVE AWAY,,,"OVER $1,500",DRIVING SKILLS/KNOWLEDGE/EXPERIENCE,2,NO INDICATION OF INJURY,0,0,41.7922887586,-87.790417097,60638,"CHICAGO MIDWAY AIRPORT, IL US",32.0,22.0,66.0,0.0,10.0,13.0
crash_07668,2023-05-10 15:30:00,2023,5,May,Wed,15,Evening commute,40,NO CONTROLS,CLEAR,DAYLIGHT,REAR END,DIVIDED - W/MEDIAN BARRIER,DRY,NO INJURY / DRIVE AWAY,,false,"OVER $1,500",TEXTING,2,NO INDICATION OF INJURY,0,0,41.8911523839,-87.6137479277,60611,"CHICAGO MIDWAY AIRPORT, IL US",78.0,43.0,29.0,0.0,10.0,5.0
crash_07669,2024-11-19 07:30:00,2024,11,Nov,Tue,7,Morning commute,10,NO CONTROLS,CLOUDY/OVERCAST,DAYLIGHT,PARKED MOTOR VEHICLE,PARKING LOT,UNKNOWN,NO INJURY / DRIVE AWAY,,,"OVER $1,500",IMPROPER BACKING,2,NO INDICATION OF INJURY,0,0,41.896790572,-87.6243806554,60611,"CHICAGO MIDWAY AIRPORT, IL US",62.0,53.0,73.0,,10.0,16.0
crash_07670,2021-10-25 11:28:00,2021,10,Oct,Mon,11,Daytime,30,UNKNOWN,CLEAR,DARKNESS,ANGLE,FOUR WAY,UNKNOWN,INJURY AND / OR TOW DUE TO CRASH,true,,"OVER $1,500",DISREGARDING STOP SIGN,3,NO INDICATION OF INJURY,0,0,41.7531959815,-87.6065555547,60619,"CHICAGO MIDWAY AIRPORT, IL US",52.0,43.0,72.0,0.0,10.0,28.0
crash_07671,2018-12-23 05:00:00,2018,12,Dec,Sun,5,Night or early morning,30,NO CONTROLS,CLEAR,"DARKNESS, LIGHTED ROAD",PARKED MOTOR VEHICLE,NOT DIVIDED,DRY,INJURY AND / OR TOW DUE TO CRASH,,,"OVER $1,500","OPERATING VEHICLE IN ERRATIC, RECKLESS, CARELESS, NEGLIGENT OR AGGRESSIVE MANNER",3,NO INDICATION OF INJURY,0,0,41.8932983906,-87.6628957318,60642,"CHICAGO MIDWAY AIRPORT, IL US",32.0,26.0,79.0,0.0,8.0,8.0
crash_07672,2025-03-31 18:00:00,2025,3,Mar,Mon,18,Evening commute,30,NO CONTROLS,CLEAR,DAYLIGHT,PARKED MOTOR VEHICLE,PARKING LOT,DRY,NO INJURY / DRIVE AWAY,,true,"OVER $1,500",UNABLE TO DETERMINE,3,NO INDICATION OF INJURY,0,0,41.7074372381,-87.6129505164,60628,"CHICAGO MIDWAY AIRPORT, IL US",44.0,30.0,58.0,,10.0,10.0
crash_07673,2020-09-11 16:00:00,2020,9,Sep,Fri,16,Evening commute,30,STOP SIGN/FLASHER,CLEAR,DAYLIGHT,ANGLE,DIVIDED - W/MEDIAN (NOT RAISED),DRY,NO INJURY / DRIVE AWAY,,,"$501 - $1,500",UNABLE TO DETERMINE,2,NO INDICATION OF INJURY,0,0,41.9948820682,-87.7149159288,60659,"CHICAGO OHARE INTERNATIONAL AIRPORT, IL US",65.0,58.0,78.0,0.0,10.0,10.0
crash_07674,2023-03-04 14:48:00,2023,3,Mar,Sat,14,Daytime,30,NO CONTROLS,CLEAR,DAYLIGHT,ANGLE,DIVIDED - W/MEDIAN (NOT RAISED),UNKNOWN,NO INJURY / DRIVE AWAY,,true,"OVER $1,500",FAILING TO YIELD RIGHT-OF-WAY,2,NO INDICATION OF INJURY,0,0,41.9022226624,-87.7215628357,60651,"CHICAGO MIDWAY AIRPORT, IL US",48.0,32.0,54.0,0.0,10.0,13.0
crash_07675,2022-09-14 08:21:00,2022,9,Sep,Wed,8,Morning commute,30,NO CONTROLS,CLEAR,DAYLIGHT,REAR TO FRONT,DIVIDED - W/MEDIAN (NOT RAISED),DRY,NO INJURY / DRIVE AWAY,,,"OVER $1,500",IMPROPER BACKING,2,NO INDICATION OF INJURY,0,0,41.7681571669,-87.6876649884,60629,"CHICAGO MIDWAY AIRPORT, IL US",63.0,55.0,75.0,0.0,10.0,0.0
crash_07676,2022-10-16 16:46:00,2022,10,Oct,Sun,16,Evening commute,25,TRAFFIC SIGNAL,CLEAR,DAYLIGHT,REAR END,NOT DIVIDED,DRY,INJURY AND / OR TOW DUE TO CRASH,,,$500 OR LESS,FOLLOWING TOO CLOSELY,3,"REPORTED, NOT EVIDENT",1,0,41.9773600412,-87.7554099023,60630,"CHICAGO OHARE INTERNATIONAL AIRPORT, IL US",51.0,33.0,50.0,0.0,10.0,9.0
crash_07677,2025-09-02 00:03:00,2025,9,Sep,Tue,0,Night or early morning,30,NO CONTROLS,CLEAR,"DARKNESS, LIGHTED ROAD",PARKED MOTOR VEHICLE,ONE-WAY,DRY,INJURY AND / OR TOW DUE TO CRASH,,true,"OVER $1,500",UNABLE TO DETERMINE,2,NO INDICATION OF INJURY,0,0,41.7451291776,-87.6573823477,60620,,,,,,,
crash_07678,2024-07-07 16:15:00,2024,7,Jul,Sun,16,Evening commute,50,NO CONTROLS,CLOUDY/OVERCAST,DAYLIGHT,SIDESWIPE SAME DIRECTION,DIVIDED - W/MEDIAN BARRIER,DRY,INJURY AND / OR TOW DUE TO CRASH,,,"OVER $1,500",IMPROPER LANE USAGE,2,NONINCAPACITATING INJURY,1,0,41.8295457392,-87.6050345224,60653,"CHICAGO MIDWAY AIRPORT, IL US",76.0,63.0,64.0,0.0,10.0,17.0
crash_07679,2020-10-06 11:34:00,2020,10,Oct,Tue,11,Daytime,15,NO CONTROLS,CLEAR,DAYLIGHT,TURNING,NOT DIVIDED,DRY,NO INJURY / DRIVE AWAY,,true,"OVER $1,500","OPERATING VEHICLE IN ERRATIC, RECKLESS, CARELESS, NEGLIGENT OR AGGRESSIVE MANNER",2,NO INDICATION OF INJURY,0,0,41.9221551367,-87.7731624045,60639,"CHICAGO OHARE INTERNATIONAL AIRPORT, IL US",65.0,47.0,52.0,0.0,10.0,9.0
crash_07680,2022-09-20 07:50:00,2022,9,Sep,Tue,7,Morning commute,15,NO CONTROLS,CLEAR,DAYLIGHT,ANGLE,ALLEY,DRY,INJURY AND / OR TOW DUE TO CRASH,,,"OVER $1,500",FAILING TO REDUCE SPEED TO AVOID CRASH,2,"REPORTED, NOT EVIDENT",2,0,41.8131968766,-87.7251578953,60632,"CHICAGO MIDWAY AIRPORT, IL US",68.0,56.0,65.0,0.0,10.0,7.0
crash_07681,2023-07-08 20:20:00,2023,7,Jul,Sat,20,Night or early morning,30,NO CONTROLS,CLEAR,DAYLIGHT,SIDESWIPE SAME DIRECTION,NOT DIVIDED,DRY,NO INJURY / DRIVE AWAY,,,"OVER $1,500",UNABLE TO DETERMINE,2,NO INDICATION OF INJURY,0,0,41.837452855,-87.6847649801,60608,"CHICAGO MIDWAY AIRPORT, IL US",71.0,53.0,53.0,0.0,10.0,9.0
crash_07682,2023-03-11 00:30:00,2023,3,Mar,Sat,0,Night or early morning,20,NO CONTROLS,CLEAR,"DARKNESS, LIGHTED ROAD",HEAD ON,DIVIDED - W/MEDIAN (NOT RAISED),DRY,NO INJURY / DRIVE AWAY,,true,"OVER $1,500",UNABLE TO DETERMINE,2,NO INDICATION OF INJURY,0,0,41.8688653429,-87.741995172,60644,"CHICAGO MIDWAY AIRPORT, IL US",34.0,28.0,79.0,0.0,10.0,10.0
crash_07683,2023-10-14 04:50:00,2023,10,Oct,Sat,4,Night or early morning,35,NO CONTROLS,RAIN,DARKNESS,SIDESWIPE SAME DIRECTION,NOT DIVIDED,WET,NO INJURY / DRIVE AWAY,,true,$500 OR LESS,IMPROPER OVERTAKING/PASSING,2,NO INDICATION OF INJURY,0,0,42.0119985779,-87.7077027457,60645,"CHICAGO OHARE INTERNATIONAL AIRPORT, IL US",56.0,52.0,87.0,0.01,7.0,16.0
crash_07684,2019-10-19 09:30:00,2019,10,Oct,Sat,9,Morning commute,30,NO CONTROLS,CLEAR,DAYLIGHT,PARKED MOTOR VEHICLE,ONE-WAY,DRY,NO INJURY / DRIVE AWAY,,true,"OVER $1,500",UNABLE TO DETERMINE,2,NO INDICATION OF INJURY,0,0,41.7795322321,-87.698132951,60629,"CHICAGO MIDWAY AIRPORT, IL US",56.0,41.0,57.0,0.0,10.0,11.0
crash_07685,2019-01-19 08:30:00,2019,1,Jan,Sat,8,Morning commute,30,NO CONTROLS,SNOW,DAYLIGHT,OTHER OBJECT,NOT DIVIDED,SNOW OR SLUSH,NO INJURY / DRIVE AWAY,,,"$501 - $1,500",UNABLE TO DETERMINE,2,NO INDICATION OF INJURY,0,0,41.975933372,-87.6892995892,60625,"CHICAGO OHARE INTERNATIONAL AIRPORT, IL US",25.0,23.0,92.0,0.0,0.75,18.0
crash_07686,2023-04-21 09:29:00,2023,4,Apr,Fri,9,Morning commute,25,NO CONTROLS,CLEAR,DAYLIGHT,PARKED MOTOR VEHICLE,NOT DIVIDED,DRY,NO INJURY / DRIVE AWAY,,true,"$501 - $1,500",UNABLE TO DETERMINE,2,NO INDICATION OF INJURY,0,0,41.7511456267,-87.5503520925,60617,"CHICAGO MIDWAY AIRPORT, IL US",49.0,37.0,64.0,0.0,10.0,5.0
crash_07687,2019-02-20 07:10:00,2019,2,Feb,Wed,7,Morning commute,20,NO CONTROLS,SLEET/HAIL,DAYLIGHT,PARKED MOTOR VEHICLE,NOT DIVIDED,WET,NO INJURY / DRIVE AWAY,,true,"OVER $1,500",UNABLE TO DETERMINE,2,NO INDICATION OF INJURY,0,0,41.9623479026,-87.7302210525,60630,"CHICAGO OHARE INTERNATIONAL AIRPORT, IL US",29.0,27.0,92.0,0.0,1.75,15.0
crash_07688,2021-02-21 12:30:00,2021,2,Feb,Sun,12,Daytime,20,NO CONTROLS,CLOUDY/OVERCAST,DAYLIGHT,PARKED MOTOR VEHICLE,ONE-WAY,SNOW OR SLUSH,NO INJURY / DRIVE AWAY,,true,$500 OR LESS,FOLLOWING TOO CLOSELY,2,NO INDICATION OF INJURY,0,0,41.8607999497,-87.7058460285,60623,"CHICAGO MIDWAY AIRPORT, IL US",35.0,20.0,54.0,0.0,10.0,11.0
crash_07689,2025-08-20 18:22:00,2025,8,Aug,Wed,18,Evening commute,30,NO CONTROLS,CLEAR,DAYLIGHT,FIXED OBJECT,PARKING LOT,DRY,INJURY AND / OR TOW DUE TO CRASH,,,"OVER $1,500",FAILING TO REDUCE SPEED TO AVOID CRASH,1,NO INDICATION OF INJURY,0,0,41.785979319,-87.7231095783,60629,"CHICAGO MIDWAY AIRPORT, IL US",74.0,60.0,62.0,0.0,10.0,14.0
crash_07690,2023-12-30 22:10:00,2023,12,Dec,Sat,22,Night or early morning,30,TRAFFIC SIGNAL,CLEAR,"DARKNESS, LIGHTED ROAD",ANGLE,FOUR WAY,DRY,INJURY AND / OR TOW DUE TO CRASH,true,,"OVER $1,500",UNABLE TO DETERMINE,2,NONINCAPACITATING INJURY,1,0,41.9170524236,-87.7559621926,60639,"CHICAGO MIDWAY AIRPORT, IL US",38.0,32.0,79.0,0.0,10.0,8.0
crash_07691,2021-06-12 10:10:00,2021,6,Jun,Sat,10,Daytime,30,TRAFFIC SIGNAL,CLEAR,DAYLIGHT,REAR END,NOT DIVIDED,DRY,NO INJURY / DRIVE AWAY,true,,"OVER $1,500",FOLLOWING TOO CLOSELY,2,NO INDICATION OF INJURY,0,0,41.8770773752,-87.7352290762,60624,"CHICAGO MIDWAY AIRPORT, IL US",88.0,65.0,46.0,0.0,10.0,3.0
crash_07692,2020-02-11 20:46:00,2020,2,Feb,Tue,20,Night or early morning,20,NO CONTROLS,CLEAR,"DARKNESS, LIGHTED ROAD",ANGLE,ONE-WAY,DRY,NO INJURY / DRIVE AWAY,,,"$501 - $1,500",FAILING TO YIELD RIGHT-OF-WAY,2,NO INDICATION OF INJURY,0,0,41.9973345099,-87.6863584992,60659,"CHICAGO OHARE INTERNATIONAL AIRPORT, IL US",28.0,18.0,66.0,0.0,10.0,7.0
crash_07693,2025-02-18 13:30:00,2025,2,Feb,Tue,13,Daytime,25,STOP SIGN/FLASHER,CLEAR,DAYLIGHT,TURNING,FOUR WAY,DRY,INJURY AND / OR TOW DUE TO CRASH,true,,"OVER $1,500",FAILING TO YIELD RIGHT-OF-WAY,2,NO INDICATION OF INJURY,0,0,41.7623999708,-87.7197412655,60629,"CHICAGO MIDWAY AIRPORT, IL US",16.0,-7.0,35.0,0.0,10.0,8.0
crash_07694,2022-08-01 00:47:00,2022,8,Aug,Mon,0,Night or early morning,30,NO CONTROLS,CLEAR,"DARKNESS, LIGHTED ROAD",FIXED OBJECT,NOT DIVIDED,DRY,INJURY AND / OR TOW DUE TO CRASH,true,,"OVER $1,500",DISTRACTION - FROM OUTSIDE VEHICLE,1,NO INDICATION OF INJURY,0,0,41.8093523672,-87.7433410195,60638,"CHICAGO MIDWAY AIRPORT, IL US",77.0,64.0,64.0,0.0,10.0,13.0
crash_07695,2018-05-28 11:10:00,2018,5,May,Mon,11,Daytime,5,NO CONTROLS,CLEAR,DAYLIGHT,OTHER OBJECT,PARKING LOT,DRY,NO INJURY / DRIVE AWAY,,,"OVER $1,500",EQUIPMENT - VEHICLE CONDITION,1,NO INDICATION OF INJURY,0,0,41.8926779984,-87.6458072634,60654,"CHICAGO MIDWAY AIRPORT, IL US",84.0,62.0,48.0,0.0,10.0,23.0
crash_07696,2025-01-31 22:00:00,2025,1,Jan,Fri,22,Night or early morning,30,NO CONTROLS,CLEAR,"DARKNESS, LIGHTED ROAD",FIXED OBJECT,NOT DIVIDED,ICE,INJURY AND / OR TOW DUE TO CRASH,,true,"OVER $1,500",UNABLE TO DETERMINE,1,NO INDICATION OF INJURY,0,0,41.7416923218,-87.6393737112,60620,"CHICAGO MIDWAY AIRPORT, IL US",36.0,26.0,67.0,0.0,10.0,13.0
crash_07697,2018-03-15 09:10:00,2018,3,Mar,Thu,9,Morning commute,30,NO CONTROLS,CLEAR,DAYLIGHT,FIXED OBJECT,DRIVEWAY,DRY,NO INJURY / DRIVE AWAY,,,"$501 - $1,500",UNABLE TO DETERMINE,1,NO INDICATION OF INJURY,0,0,41.7684781133,-87.6802225707,60636,"CHICAGO MIDWAY AIRPORT, IL US",37.0,26.0,65.0,0.0,10.0,5.0
crash_07698,2023-03-02 15:50:00,2023,3,Mar,Thu,15,Evening commute,20,STOP SIGN/FLASHER,CLEAR,DAYLIGHT,TURNING,ONE-WAY,DRY,NO INJURY / DRIVE AWAY,,true,"OVER $1,500",IMPROPER TURNING/NO SIGNAL,2,NO INDICATION OF INJURY,0,0,41.9207249483,-87.7424183783,60639,"CHICAGO MIDWAY AIRPORT, IL US",36.0,26.0,67.0,0.0,10.0,10.0
crash_07699,2025-04-14 16:52:00,2025,4,Apr,Mon,16,Evening commute,35,STOP SIGN/FLASHER,CLEAR,DAYLIGHT,TURNING,NOT DIVIDED,DRY,NO INJURY / DRIVE AWAY,,true,"$501 - $1,500",UNABLE TO DETERMINE,2,NO INDICATION OF INJURY,0,0,41.749427537,-87.5859851645,60619,"CHICAGO MIDWAY AIRPORT, IL US",65.0,31.0,28.0,0.0,10.0,20.0
crash_07700,2025-11-02 14:30:00,2025,11,Nov,Sun,14,Daytime,30,NO CONTROLS,CLEAR,DAYLIGHT,ANGLE,OTHER,DRY,NO INJURY / DRIVE AWAY,,,"OVER $1,500",UNABLE TO DETERMINE,2,NO INDICATION OF INJURY,0,0,41.9292146488,-87.6478152717,60614,,,,,,,