crash_id,crash_datetime,crash_year,crash_month,crash_month_name,crash_weekday_name,crash_hour,time_period,posted_speed_limit_mph,traffic_control_device,reported_weather_condition,reported_lighting_condition,first_crash_type,trafficway_type,reported_road_surface_condition,crash_type,intersection_related,hit_and_run,estimated_damage,primary_contributory_cause,unit_count,most_severe_injury,injuries_total,injuries_fatal,latitude,longitude,zip5,weather_station_name,temperature_f,dew_point_f,relative_humidity_percent,precipitation_inches,visibility_miles,wind_speed_mph
crash_07701,2024-11-15 11:36:00,2024,11,Nov,Fri,11,Daytime,30,STOP SIGN/FLASHER,CLEAR,DAYLIGHT,ANGLE,FOUR WAY,DRY,INJURY AND / OR TOW DUE TO CRASH,true,,"OVER $1,500",FAILING TO YIELD RIGHT-OF-WAY,2,NO INDICATION OF INJURY,0,0,41.6618007823,-87.6424517049,60643,"CHICAGO MIDWAY AIRPORT, IL US",52.0,43.0,72.0,,10.0,5.0
crash_07702,2019-10-04 08:00:00,2019,10,Oct,Fri,8,Morning commute,30,STOP SIGN/FLASHER,CLEAR,DAYLIGHT,REAR END,NOT DIVIDED,DRY,NO INJURY / DRIVE AWAY,,,"$501 - $1,500",FOLLOWING TOO CLOSELY,2,NO INDICATION OF INJURY,0,0,41.7901370921,-87.6938461771,60629,"CHICAGO MIDWAY AIRPORT, IL US",51.0,46.0,83.0,0.0,10.0,10.0
crash_07703,2021-11-26 18:10:00,2021,11,Nov,Fri,18,Evening commute,30,TRAFFIC SIGNAL,CLEAR,"DARKNESS, LIGHTED ROAD",PEDESTRIAN,FOUR WAY,DRY,INJURY AND / OR TOW DUE TO CRASH,true,,$500 OR LESS,FAILING TO YIELD RIGHT-OF-WAY,2,"REPORTED, NOT EVIDENT",1,0,41.6844127887,-87.6810710493,60655,"CHICAGO MIDWAY AIRPORT, IL US",29.0,9.0,43.0,0.0,10.0,7.0
crash_07704,2022-11-24 17:00:00,2022,11,Nov,Thu,17,Evening commute,30,TRAFFIC SIGNAL,FREEZING RAIN/DRIZZLE,DARKNESS,ANGLE,NOT DIVIDED,WET,NO INJURY / DRIVE AWAY,,true,"$501 - $1,500",WEATHER,2,NO INDICATION OF INJURY,0,0,41.8318358109,-87.6754618393,60608,"CHICAGO MIDWAY AIRPORT, IL US",47.0,42.0,83.0,0.0,9.0,9.0
crash_07705,2018-02-09 00:29:00,2018,2,Feb,Fri,0,Night or early morning,30,STOP SIGN/FLASHER,SNOW,"DARKNESS, LIGHTED ROAD",ANGLE,NOT DIVIDED,SNOW OR SLUSH,INJURY AND / OR TOW DUE TO CRASH,true,,"OVER $1,500",WEATHER,2,NO INDICATION OF INJURY,0,0,41.7370507305,-87.6973011371,60652,"CHICAGO MIDWAY AIRPORT, IL US",22.0,19.0,89.0,0.01,0.75,8.0
crash_07706,2019-01-14 21:01:00,2019,1,Jan,Mon,21,Night or early morning,15,NO CONTROLS,SNOW,DARKNESS,FIXED OBJECT,ALLEY,SNOW OR SLUSH,INJURY AND / OR TOW DUE TO CRASH,,true,"OVER $1,500",UNABLE TO DETERMINE,1,NO INDICATION OF INJURY,0,0,41.9283933109,-87.7148769001,60647,"CHICAGO MIDWAY AIRPORT, IL US",24.0,20.0,84.0,0.0,5.0,13.0
crash_07707,2025-07-15 12:36:00,2025,7,Jul,Tue,12,Daytime,30,NO CONTROLS,CLEAR,DAYLIGHT,ANGLE,ONE-WAY,DRY,INJURY AND / OR TOW DUE TO CRASH,,,"OVER $1,500",FAILING TO YIELD RIGHT-OF-WAY,2,NO INDICATION OF INJURY,0,0,42.0065569411,-87.6993005391,60645,"CHICAGO OHARE INTERNATIONAL AIRPORT, IL US",87.0,68.0,53.0,0.0,10.0,8.0
crash_07708,2024-03-22 17:00:00,2024,3,Mar,Fri,17,Evening commute,35,NO CONTROLS,CLEAR,DAYLIGHT,ANGLE,ONE-WAY,DRY,NO INJURY / DRIVE AWAY,,,"OVER $1,500",IMPROPER TURNING/NO SIGNAL,2,NO INDICATION OF INJURY,0,0,41.9457992673,-87.7642335068,60641,"CHICAGO OHARE INTERNATIONAL AIRPORT, IL US",34.0,31.0,89.0,,5.0,13.0
crash_07709,2024-04-21 20:30:00,2024,4,Apr,Sun,20,Night or early morning,30,NO CONTROLS,UNKNOWN,"DARKNESS, LIGHTED ROAD",PARKED MOTOR VEHICLE,NOT DIVIDED,DRY,NO INJURY / DRIVE AWAY,,true,"OVER $1,500",UNABLE TO DETERMINE,2,NO INDICATION OF INJURY,0,0,41.9588675248,-87.7324853256,60641,"CHICAGO OHARE INTERNATIONAL AIRPORT, IL US",52.0,26.0,37.0,0.0,10.0,5.0
crash_07710,2021-03-21 19:28:00,2021,3,Mar,Sun,19,Night or early morning,30,NO CONTROLS,CLEAR,"DARKNESS, LIGHTED ROAD",REAR END,DIVIDED - W/MEDIAN (NOT RAISED),DRY,NO INJURY / DRIVE AWAY,,true,"$501 - $1,500",FOLLOWING TOO CLOSELY,2,NO INDICATION OF INJURY,0,0,41.9505820495,-87.8070454288,60634,"CHICAGO OHARE INTERNATIONAL AIRPORT, IL US",59.0,25.0,27.0,0.0,10.0,11.0
crash_07711,2019-11-26 17:50:00,2019,11,Nov,Tue,17,Evening commute,30,NO CONTROLS,RAIN,"DARKNESS, LIGHTED ROAD",TURNING,NOT DIVIDED,WET,NO INJURY / DRIVE AWAY,,,"$501 - $1,500",IMPROPER TURNING/NO SIGNAL,2,NO INDICATION OF INJURY,0,0,41.9823735641,-87.7875984413,60630,"CHICAGO OHARE INTERNATIONAL AIRPORT, IL US",43.0,41.0,93.0,0.04,5.0,11.0
crash_07712,2018-09-15 03:05:00,2018,9,Sep,Sat,3,Night or early morning,30,NO CONTROLS,CLEAR,DAWN,SIDESWIPE SAME DIRECTION,NOT DIVIDED,DRY,NO INJURY / DRIVE AWAY,,,"$501 - $1,500",UNABLE TO DETERMINE,2,NO INDICATION OF INJURY,0,0,41.8937827774,-87.6357793414,60654,"CHICAGO MIDWAY AIRPORT, IL US",64.0,61.0,90.0,0.0,10.0,5.0
crash_07713,2018-02-18 23:58:00,2018,2,Feb,Sun,23,Night or early morning,30,NO CONTROLS,RAIN,"DARKNESS, LIGHTED ROAD",PARKED MOTOR VEHICLE,NOT DIVIDED,WET,NO INJURY / DRIVE AWAY,,true,"OVER $1,500",UNABLE TO DETERMINE,2,NO INDICATION OF INJURY,0,0,41.7565649682,-87.6223473399,60619,"CHICAGO MIDWAY AIRPORT, IL US",41.0,31.0,67.0,0.0,10.0,11.0
crash_07714,2023-03-13 11:35:00,2023,3,Mar,Mon,11,Daytime,35,TRAFFIC SIGNAL,CLOUDY/OVERCAST,DAYLIGHT,REAR END,NOT DIVIDED,WET,INJURY AND / OR TOW DUE TO CRASH,true,,"$501 - $1,500",DISTRACTION - FROM INSIDE VEHICLE,2,NONINCAPACITATING INJURY,2,0,41.9464753924,-87.7128572021,60618,"CHICAGO OHARE INTERNATIONAL AIRPORT, IL US",32.0,24.0,73.0,0.0,10.0,21.0
crash_07715,2021-05-05 12:55:00,2021,5,May,Wed,12,Daytime,30,TRAFFIC SIGNAL,CLEAR,DAYLIGHT,REAR END,FOUR WAY,DRY,INJURY AND / OR TOW DUE TO CRASH,,,"OVER $1,500",UNABLE TO DETERMINE,2,NO INDICATION OF INJURY,0,0,41.798747281,-87.7427856868,60632,"CHICAGO MIDWAY AIRPORT, IL US",57.0,38.0,49.0,0.0,10.0,11.0
crash_07716,2019-09-18 16:15:00,2019,9,Sep,Wed,16,Evening commute,25,TRAFFIC SIGNAL,CLEAR,DAYLIGHT,SIDESWIPE SAME DIRECTION,FOUR WAY,DRY,NO INJURY / DRIVE AWAY,true,,"OVER $1,500",IMPROPER OVERTAKING/PASSING,2,NO INDICATION OF INJURY,0,0,41.8673683718,-87.6239895865,60605,"CHICAGO MIDWAY AIRPORT, IL US",82.0,61.0,49.0,0.0,10.0,10.0
crash_07717,2025-07-27 11:20:00,2025,7,Jul,Sun,11,Daytime,30,TRAFFIC SIGNAL,CLEAR,DAYLIGHT,TURNING,DIVIDED - W/MEDIAN BARRIER,DRY,NO INJURY / DRIVE AWAY,true,,"OVER $1,500",FAILING TO REDUCE SPEED TO AVOID CRASH,2,NO INDICATION OF INJURY,0,0,41.8674680336,-87.6313136562,60605,"CHICAGO MIDWAY AIRPORT, IL US",85.0,73.0,68.0,0.0,10.0,0.0
crash_07718,2023-07-28 08:36:00,2023,7,Jul,Fri,8,Morning commute,30,NO CONTROLS,CLEAR,DAYLIGHT,REAR END,NOT DIVIDED,WET,INJURY AND / OR TOW DUE TO CRASH,,,"OVER $1,500",FOLLOWING TOO CLOSELY,2,NO INDICATION OF INJURY,0,0,41.9077397333,-87.7014119111,60622,"CHICAGO MIDWAY AIRPORT, IL US",75.0,72.0,89.0,,10.0,10.0
crash_07719,2020-11-08 19:25:00,2020,11,Nov,Sun,19,Night or early morning,30,TRAFFIC SIGNAL,CLEAR,"DARKNESS, LIGHTED ROAD",REAR END,DIVIDED - W/MEDIAN (NOT RAISED),DRY,NO INJURY / DRIVE AWAY,,,"OVER $1,500",FOLLOWING TOO CLOSELY,3,NO INDICATION OF INJURY,0,0,41.8673414957,-87.6414141413,60607,"CHICAGO MIDWAY AIRPORT, IL US",71.0,57.0,61.0,0.0,10.0,8.0
crash_07720,2023-04-02 22:00:00,2023,4,Apr,Sun,22,Night or early morning,30,NO CONTROLS,CLEAR,DARKNESS,REAR END,ONE-WAY,UNKNOWN,NO INJURY / DRIVE AWAY,,,"$501 - $1,500",FOLLOWING TOO CLOSELY,2,NO INDICATION OF INJURY,0,0,41.786288257,-87.6940180552,60629,"CHICAGO MIDWAY AIRPORT, IL US",53.0,37.0,55.0,0.0,10.0,14.0
crash_07721,2022-12-02 16:15:00,2022,12,Dec,Fri,16,Evening commute,30,NO CONTROLS,CLEAR,DAYLIGHT,TURNING,NOT DIVIDED,DRY,NO INJURY / DRIVE AWAY,,,"$501 - $1,500",FAILING TO YIELD RIGHT-OF-WAY,2,NO INDICATION OF INJURY,0,0,41.8648627939,-87.6564729568,60608,"CHICAGO MIDWAY AIRPORT, IL US",52.0,33.0,49.0,0.0,10.0,22.0
crash_07722,2024-08-07 11:00:00,2024,8,Aug,Wed,11,Daytime,30,TRAFFIC SIGNAL,CLEAR,DAYLIGHT,REAR END,NOT DIVIDED,DRY,NO INJURY / DRIVE AWAY,,,"$501 - $1,500",DISTRACTION - FROM INSIDE VEHICLE,2,NO INDICATION OF INJURY,0,0,41.8086893232,-87.655093352,60609,"CHICAGO MIDWAY AIRPORT, IL US",75.0,58.0,55.0,0.0,10.0,18.0
crash_07723,2020-02-06 15:39:00,2020,2,Feb,Thu,15,Evening commute,30,NO CONTROLS,SNOW,DAYLIGHT,FIXED OBJECT,DIVIDED - W/MEDIAN (NOT RAISED),SNOW OR SLUSH,INJURY AND / OR TOW DUE TO CRASH,,,"OVER $1,500",FAILING TO REDUCE SPEED TO AVOID CRASH,1,INCAPACITATING INJURY,1,0,41.7332720293,-87.6631413416,60620,"CHICAGO MIDWAY AIRPORT, IL US",29.0,22.0,75.0,0.0,10.0,11.0
crash_07724,2022-01-18 15:00:00,2022,1,Jan,Tue,15,Evening commute,30,NO CONTROLS,CLEAR,DAYLIGHT,REAR END,NOT DIVIDED,DRY,NO INJURY / DRIVE AWAY,,,"OVER $1,500",FOLLOWING TOO CLOSELY,2,NO INDICATION OF INJURY,0,0,41.7899596893,-87.6935477131,60629,"CHICAGO MIDWAY AIRPORT, IL US",45.0,30.0,56.0,0.0,10.0,23.0
crash_07725,2024-08-30 10:14:00,2024,8,Aug,Fri,10,Daytime,15,NO CONTROLS,CLEAR,DAYLIGHT,PARKED MOTOR VEHICLE,ALLEY,DRY,NO INJURY / DRIVE AWAY,,,"OVER $1,500",IMPROPER OVERTAKING/PASSING,2,NO INDICATION OF INJURY,0,0,41.9542395987,-87.6805778803,60618,"CHICAGO MIDWAY AIRPORT, IL US",81.0,69.0,67.0,,10.0,5.0
crash_07726,2021-05-23 18:22:00,2021,5,May,Sun,18,Evening commute,30,NO CONTROLS,CLEAR,DAYLIGHT,TURNING,FOUR WAY,DRY,NO INJURY / DRIVE AWAY,true,,"$501 - $1,500",IMPROPER TURNING/NO SIGNAL,2,NO INDICATION OF INJURY,0,0,41.9246042148,-87.7244768391,60647,"CHICAGO MIDWAY AIRPORT, IL US",76.0,65.0,69.0,0.01,10.0,7.0
crash_07727,2019-07-17 08:55:00,2019,7,Jul,Wed,8,Morning commute,25,STOP SIGN/FLASHER,CLEAR,DAYLIGHT,REAR END,NOT DIVIDED,DRY,NO INJURY / DRIVE AWAY,true,,"$501 - $1,500",NOT APPLICABLE,2,NO INDICATION OF INJURY,0,0,41.9465408621,-87.704288711,60618,"CHICAGO MIDWAY AIRPORT, IL US",84.0,72.0,67.0,0.0,10.0,5.0
crash_07728,2024-02-05 11:00:00,2024,2,Feb,Mon,11,Daytime,30,UNKNOWN,UNKNOWN,DAYLIGHT,ANGLE,NOT DIVIDED,UNKNOWN,NO INJURY / DRIVE AWAY,,,"OVER $1,500",UNABLE TO DETERMINE,2,NO INDICATION OF INJURY,0,0,41.9663473641,-87.6889836464,60625,"CHICAGO OHARE INTERNATIONAL AIRPORT, IL US",37.0,31.0,79.0,0.0,10.0,13.0
crash_07729,2024-05-08 12:05:00,2024,5,May,Wed,12,Daytime,20,NO CONTROLS,CLEAR,DAYLIGHT,PARKED MOTOR VEHICLE,ONE-WAY,DRY,NO INJURY / DRIVE AWAY,,true,"OVER $1,500",UNABLE TO DETERMINE,2,NO INDICATION OF INJURY,0,0,41.9103841845,-87.7445279201,60639,"CHICAGO MIDWAY AIRPORT, IL US",77.0,45.0,32.0,0.0,10.0,3.0
crash_07730,2024-11-15 10:47:00,2024,11,Nov,Fri,10,Daytime,30,TRAFFIC SIGNAL,CLEAR,DAYLIGHT,SIDESWIPE SAME DIRECTION,NOT DIVIDED,DRY,INJURY AND / OR TOW DUE TO CRASH,,,"OVER $1,500","VISION OBSCURED (SIGNS, TREE LIMBS, BUILDINGS, ETC.)",3,NONINCAPACITATING INJURY,1,0,41.8414840391,-87.6580219776,60608,"CHICAGO MIDWAY AIRPORT, IL US",51.0,42.0,71.0,0.0,10.0,6.0
crash_07731,2019-07-05 21:18:00,2019,7,Jul,Fri,21,Night or early morning,30,NO CONTROLS,CLEAR,DAYLIGHT,REAR END,NOT DIVIDED,DRY,INJURY AND / OR TOW DUE TO CRASH,,,"OVER $1,500",FOLLOWING TOO CLOSELY,2,NO INDICATION OF INJURY,0,0,41.8091077869,-87.6271140129,60609,"CHICAGO MIDWAY AIRPORT, IL US",85.0,71.0,63.0,0.0,10.0,3.0
crash_07732,2023-07-14 14:03:00,2023,7,Jul,Fri,14,Daytime,30,NO CONTROLS,CLEAR,DAYLIGHT,SIDESWIPE SAME DIRECTION,NOT DIVIDED,DRY,INJURY AND / OR TOW DUE TO CRASH,,,"OVER $1,500",IMPROPER OVERTAKING/PASSING,2,NO INDICATION OF INJURY,0,0,41.7931588862,-87.7408296953,60632,"CHICAGO MIDWAY AIRPORT, IL US",88.0,66.0,48.0,0.0,10.0,16.0
crash_07733,2023-11-25 15:10:00,2023,11,Nov,Sat,15,Evening commute,15,NO CONTROLS,CLEAR,DAYLIGHT,REAR TO FRONT,PARKING LOT,DRY,NO INJURY / DRIVE AWAY,,true,"OVER $1,500",NOT APPLICABLE,2,NO INDICATION OF INJURY,0,0,41.7503108908,-87.6827074015,60620,"CHICAGO MIDWAY AIRPORT, IL US",39.0,15.0,38.0,0.0,10.0,0.0
crash_07734,2025-12-03 14:20:00,2025,12,Dec,Wed,14,Daytime,30,NO CONTROLS,SNOW,DAYLIGHT,TURNING,NOT DIVIDED,SNOW OR SLUSH,INJURY AND / OR TOW DUE TO CRASH,,,"$501 - $1,500",IMPROPER TURNING/NO SIGNAL,2,NO INDICATION OF INJURY,0,0,41.8464711887,-87.737481256,60623,,,,,,,
crash_07735,2021-05-21 16:55:00,2021,5,May,Fri,16,Evening commute,30,TRAFFIC SIGNAL,CLEAR,DAYLIGHT,TURNING,FOUR WAY,DRY,INJURY AND / OR TOW DUE TO CRASH,,,"OVER $1,500",FAILING TO YIELD RIGHT-OF-WAY,3,NONINCAPACITATING INJURY,1,0,41.8804523498,-87.7574467771,60644,"CHICAGO MIDWAY AIRPORT, IL US",85.0,54.0,35.0,0.0,10.0,15.0
crash_07736,2024-02-17 12:30:00,2024,2,Feb,Sat,12,Daytime,30,TRAFFIC SIGNAL,CLEAR,DAYLIGHT,TURNING,TRAFFIC ROUTE,DRY,NO INJURY / DRIVE AWAY,true,,"OVER $1,500",IMPROPER OVERTAKING/PASSING,2,NO INDICATION OF INJURY,0,0,41.8720602108,-87.7549798274,60644,"CHICAGO MIDWAY AIRPORT, IL US",27.0,6.0,41.0,0.0,10.0,16.0
crash_07737,2023-06-27 20:45:00,2023,6,Jun,Tue,20,Night or early morning,35,NO CONTROLS,CLEAR,"DARKNESS, LIGHTED ROAD",ANGLE,DIVIDED - W/MEDIAN BARRIER,DRY,INJURY AND / OR TOW DUE TO CRASH,,true,"OVER $1,500",UNABLE TO DETERMINE,2,NO INDICATION OF INJURY,0,0,41.767965342,-87.5665869384,60649,"CHICAGO MIDWAY AIRPORT, IL US",66.0,51.0,59.0,0.0,1.25,6.0
crash_07738,2021-03-23 00:50:00,2021,3,Mar,Tue,0,Night or early morning,15,NO CONTROLS,CLEAR,"DARKNESS, LIGHTED ROAD",REAR TO FRONT,PARKING LOT,DRY,NO INJURY / DRIVE AWAY,,true,"OVER $1,500",IMPROPER BACKING,2,NO INDICATION OF INJURY,0,0,41.755939435,-87.6443269829,60620,"CHICAGO MIDWAY AIRPORT, IL US",55.0,37.0,51.0,0.0,10.0,5.0
crash_07739,2020-02-13 14:30:00,2020,2,Feb,Thu,14,Daytime,30,TRAFFIC SIGNAL,CLEAR,DUSK,TURNING,NOT DIVIDED,DRY,NO INJURY / DRIVE AWAY,,,$500 OR LESS,UNABLE TO DETERMINE,2,NO INDICATION OF INJURY,0,0,41.75000301,-87.7022538906,60652,"CHICAGO MIDWAY AIRPORT, IL US",15.0,6.0,67.0,0.0,5.0,15.0
crash_07740,2018-10-23 15:35:00,2018,10,Oct,Tue,15,Evening commute,30,TRAFFIC SIGNAL,CLEAR,DAYLIGHT,REAR END,DIVIDED - W/MEDIAN (NOT RAISED),DRY,NO INJURY / DRIVE AWAY,,true,"OVER $1,500",UNABLE TO DETERMINE,2,NO INDICATION OF INJURY,0,0,41.7499705592,-87.700015894,60652,"CHICAGO MIDWAY AIRPORT, IL US",51.0,35.0,54.0,0.0,10.0,6.0
crash_07741,2020-03-06 17:00:00,2020,3,Mar,Fri,17,Evening commute,35,TRAFFIC SIGNAL,CLEAR,DAYLIGHT,SIDESWIPE SAME DIRECTION,DIVIDED - W/MEDIAN (NOT RAISED),DRY,NO INJURY / DRIVE AWAY,true,,"OVER $1,500",FAILING TO YIELD RIGHT-OF-WAY,2,NO INDICATION OF INJURY,0,0,41.7361651101,-87.625587569,60620,"CHICAGO MIDWAY AIRPORT, IL US",35.0,23.0,61.0,0.0,10.0,13.0
crash_07742,2019-05-07 07:30:00,2019,5,May,Tue,7,Morning commute,30,RAILROAD CROSSING GATE,RAIN,DAYLIGHT,FIXED OBJECT,DIVIDED - W/MEDIAN BARRIER,WET,INJURY AND / OR TOW DUE TO CRASH,,,"OVER $1,500",WEATHER,1,NONINCAPACITATING INJURY,1,0,41.7579407661,-87.6853746771,60629,"CHICAGO MIDWAY AIRPORT, IL US",46.0,44.0,93.0,0.02,4.0,7.0
crash_07743,2021-04-22 13:42:00,2021,4,Apr,Thu,13,Daytime,30,TRAFFIC SIGNAL,CLEAR,DAYLIGHT,TURNING,NOT DIVIDED,DRY,NO INJURY / DRIVE AWAY,true,,"OVER $1,500",FAILING TO REDUCE SPEED TO AVOID CRASH,2,NO INDICATION OF INJURY,0,0,41.8909532747,-87.6589403175,60642,"CHICAGO MIDWAY AIRPORT, IL US",54.0,24.0,31.0,0.0,10.0,11.0
crash_07744,2024-06-09 18:35:00,2024,6,Jun,Sun,18,Evening commute,25,STOP SIGN/FLASHER,CLEAR,DAYLIGHT,ANGLE,FOUR WAY,DRY,INJURY AND / OR TOW DUE TO CRASH,true,,"OVER $1,500",FAILING TO YIELD RIGHT-OF-WAY,2,NO INDICATION OF INJURY,0,0,41.9683779106,-87.7818884711,60630,"CHICAGO OHARE INTERNATIONAL AIRPORT, IL US",76.0,48.0,37.0,0.0,10.0,15.0
crash_07745,2020-10-29 18:36:00,2020,10,Oct,Thu,18,Evening commute,25,STOP SIGN/FLASHER,CLOUDY/OVERCAST,"DARKNESS, LIGHTED ROAD",TURNING,NOT DIVIDED,DRY,INJURY AND / OR TOW DUE TO CRASH,true,,"OVER $1,500",FAILING TO YIELD RIGHT-OF-WAY,2,NO INDICATION OF INJURY,0,0,41.9031750646,-87.671224369,60622,"CHICAGO MIDWAY AIRPORT, IL US",42.0,31.0,65.0,0.0,10.0,16.0
crash_07746,2021-02-21 22:07:00,2021,2,Feb,Sun,22,Night or early morning,30,NO CONTROLS,SNOW,DARKNESS,PARKED MOTOR VEHICLE,DIVIDED - W/MEDIAN (NOT RAISED),SNOW OR SLUSH,INJURY AND / OR TOW DUE TO CRASH,,,"OVER $1,500",UNABLE TO DETERMINE,3,NO INDICATION OF INJURY,0,0,41.7604003273,-87.5763216421,60649,"CHICAGO MIDWAY AIRPORT, IL US",36.0,32.0,86.0,0.02,4.0,16.0
crash_07747,2020-09-04 09:45:00,2020,9,Sep,Fri,9,Morning commute,30,NO CONTROLS,CLEAR,"DARKNESS, LIGHTED ROAD",SIDESWIPE SAME DIRECTION,DIVIDED - W/MEDIAN BARRIER,UNKNOWN,NO INJURY / DRIVE AWAY,,,"OVER $1,500",IMPROPER OVERTAKING/PASSING,2,NO INDICATION OF INJURY,0,0,41.7230267795,-87.5755152868,60617,"CHICAGO MIDWAY AIRPORT, IL US",69.0,42.0,38.0,0.0,10.0,11.0
crash_07748,2024-09-19 10:40:00,2024,9,Sep,Thu,10,Daytime,30,STOP SIGN/FLASHER,CLEAR,DAYLIGHT,TURNING,NOT DIVIDED,UNKNOWN,NO INJURY / DRIVE AWAY,,,"OVER $1,500",FAILING TO YIELD RIGHT-OF-WAY,2,NO INDICATION OF INJURY,0,0,41.9463654808,-87.7197433017,60618,"CHICAGO OHARE INTERNATIONAL AIRPORT, IL US",83.0,55.0,38.0,0.0,10.0,7.0
crash_07749,2018-09-03 14:25:00,2018,9,Sep,Mon,14,Daytime,30,STOP SIGN/FLASHER,RAIN,DAYLIGHT,ANGLE,DIVIDED - W/MEDIAN (NOT RAISED),WET,INJURY AND / OR TOW DUE TO CRASH,true,,"OVER $1,500",WEATHER,2,INCAPACITATING INJURY,1,0,41.9607900227,-87.7476893588,60630,"CHICAGO OHARE INTERNATIONAL AIRPORT, IL US",74.0,70.0,88.0,0.32,6.0,20.0
crash_07750,2024-09-10 23:40:00,2024,9,Sep,Tue,23,Night or early morning,30,UNKNOWN,CLEAR,"DARKNESS, LIGHTED ROAD",PARKED MOTOR VEHICLE,NOT DIVIDED,DRY,INJURY AND / OR TOW DUE TO CRASH,,true,"OVER $1,500",UNDER THE INFLUENCE OF ALCOHOL/DRUGS (USE WHEN ARREST IS EFFECTED),2,NO INDICATION OF INJURY,0,0,41.9647057492,-87.6937990379,60625,"CHICAGO OHARE INTERNATIONAL AIRPORT, IL US",68.0,49.0,51.0,0.0,10.0,3.0
crash_07751,2025-05-31 10:18:00,2025,5,May,Sat,10,Daytime,25,NO CONTROLS,CLEAR,DAYLIGHT,SIDESWIPE SAME DIRECTION,NOT DIVIDED,DRY,NO INJURY / DRIVE AWAY,,,"OVER $1,500",FAILING TO YIELD RIGHT-OF-WAY,2,NO INDICATION OF INJURY,0,0,41.9024063177,-87.7513302402,60651,"CHICAGO MIDWAY AIRPORT, IL US",57.0,41.0,55.0,0.0,10.0,13.0
crash_07752,2019-09-04 11:24:00,2019,9,Sep,Wed,11,Daytime,35,NO CONTROLS,CLEAR,DAYLIGHT,PARKED MOTOR VEHICLE,PARKING LOT,DRY,NO INJURY / DRIVE AWAY,,true,"OVER $1,500",UNABLE TO DETERMINE,2,NO INDICATION OF INJURY,0,0,41.6849450131,-87.6442192832,60643,"CHICAGO MIDWAY AIRPORT, IL US",69.0,56.0,63.0,0.0,10.0,13.0
crash_07753,2020-01-18 09:50:00,2020,1,Jan,Sat,9,Morning commute,30,NO CONTROLS,SNOW,DAYLIGHT,REAR END,DIVIDED - W/MEDIAN (NOT RAISED),SNOW OR SLUSH,NO INJURY / DRIVE AWAY,,,"$501 - $1,500",FOLLOWING TOO CLOSELY,2,NO INDICATION OF INJURY,0,0,41.7783332314,-87.7411283413,60629,"CHICAGO MIDWAY AIRPORT, IL US",36.0,34.0,93.0,0.01,8.0,16.0
crash_07754,2023-02-12 15:27:00,2023,2,Feb,Sun,15,Evening commute,20,NO CONTROLS,CLEAR,DAYLIGHT,OTHER OBJECT,NOT DIVIDED,DRY,INJURY AND / OR TOW DUE TO CRASH,,,"OVER $1,500","VISION OBSCURED (SIGNS, TREE LIMBS, BUILDINGS, ETC.)",1,NO INDICATION OF INJURY,0,0,41.9862066136,-87.7472382477,60646,"CHICAGO OHARE INTERNATIONAL AIRPORT, IL US",51.0,23.0,33.0,0.0,10.0,11.0
crash_07755,2023-06-11 16:10:00,2023,6,Jun,Sun,16,Evening commute,30,UNKNOWN,CLEAR,DAYLIGHT,SIDESWIPE SAME DIRECTION,NOT DIVIDED,DRY,NO INJURY / DRIVE AWAY,,true,"OVER $1,500",UNABLE TO DETERMINE,2,NO INDICATION OF INJURY,0,0,41.8621152537,-87.7227633853,60623,"CHICAGO MIDWAY AIRPORT, IL US",56.0,50.0,81.0,0.0,10.0,23.0
crash_07756,2023-02-06 08:15:00,2023,2,Feb,Mon,8,Morning commute,20,NO CONTROLS,CLEAR,DAYLIGHT,OTHER OBJECT,DIVIDED - W/MEDIAN (NOT RAISED),DRY,NO INJURY / DRIVE AWAY,,,"OVER $1,500",UNABLE TO DETERMINE,1,NO INDICATION OF INJURY,0,0,41.8851233932,-87.7214028542,60624,"CHICAGO MIDWAY AIRPORT, IL US",28.0,24.0,85.0,0.0,9.0,5.0
crash_07757,2018-01-04 10:55:00,2018,1,Jan,Thu,10,Daytime,5,NO CONTROLS,CLEAR,DAYLIGHT,PARKED MOTOR VEHICLE,PARKING LOT,WET,NO INJURY / DRIVE AWAY,,,"$501 - $1,500",IMPROPER BACKING,2,NO INDICATION OF INJURY,0,0,41.7952973181,-87.5878225555,60615,"CHICAGO MIDWAY AIRPORT, IL US",9.0,-4.0,55.0,0.0,10.0,14.0
crash_07758,2025-01-19 14:45:00,2025,1,Jan,Sun,14,Daytime,25,NO CONTROLS,CLEAR,DUSK,TURNING,NOT DIVIDED,DRY,NO INJURY / DRIVE AWAY,,,"OVER $1,500",IMPROPER TURNING/NO SIGNAL,2,NO INDICATION OF INJURY,0,0,41.8563618747,-87.7104063401,60623,"CHICAGO MIDWAY AIRPORT, IL US",11.0,-10.0,38.0,0.0,10.0,15.0
crash_07759,2021-12-28 19:20:00,2021,12,Dec,Tue,19,Night or early morning,30,TRAFFIC SIGNAL,SNOW,"DARKNESS, LIGHTED ROAD",TURNING,NOT DIVIDED,WET,NO INJURY / DRIVE AWAY,true,,"OVER $1,500",TURNING RIGHT ON RED,2,NO INDICATION OF INJURY,0,0,41.9033756192,-87.6724295832,60622,"CHICAGO MIDWAY AIRPORT, IL US",38.0,35.0,89.0,0.0,2.0,6.0
crash_07760,2025-04-07 18:00:00,2025,4,Apr,Mon,18,Evening commute,30,NO CONTROLS,CLEAR,DAYLIGHT,SIDESWIPE SAME DIRECTION,NOT DIVIDED,DRY,NO INJURY / DRIVE AWAY,,,"OVER $1,500",UNABLE TO DETERMINE,2,NO INDICATION OF INJURY,0,0,41.8727806141,-87.6307715124,60605,"CHICAGO MIDWAY AIRPORT, IL US",37.0,21.0,52.0,0.0,10.0,16.0