crash_id,crash_datetime,crash_year,crash_month,crash_month_name,crash_weekday_name,crash_hour,time_period,posted_speed_limit_mph,traffic_control_device,reported_weather_condition,reported_lighting_condition,first_crash_type,trafficway_type,reported_road_surface_condition,crash_type,intersection_related,hit_and_run,estimated_damage,primary_contributory_cause,unit_count,most_severe_injury,injuries_total,injuries_fatal,latitude,longitude,zip5,weather_station_name,temperature_f,dew_point_f,relative_humidity_percent,precipitation_inches,visibility_miles,wind_speed_mph
crash_07761,2025-12-23 15:15:00,2025,12,Dec,Tue,15,Evening commute,25,NO CONTROLS,CLEAR,DAYLIGHT,SIDESWIPE SAME DIRECTION,NOT DIVIDED,DRY,NO INJURY / DRIVE AWAY,,,$500 OR LESS,IMPROPER OVERTAKING/PASSING,2,NO INDICATION OF INJURY,0,0,41.93723783,-87.6483066404,60657,,,,,,,
crash_07762,2025-01-07 09:51:00,2025,1,Jan,Tue,9,Morning commute,30,TRAFFIC SIGNAL,CLEAR,DAYLIGHT,ANGLE,FOUR WAY,DRY,INJURY AND / OR TOW DUE TO CRASH,true,,"OVER $1,500",DISREGARDING TRAFFIC SIGNALS,2,NO INDICATION OF INJURY,0,0,41.8750085677,-87.6962456654,60612,"CHICAGO MIDWAY AIRPORT, IL US",23.0,12.0,63.0,0.0,10.0,9.0
crash_07763,2023-01-12 11:30:00,2023,1,Jan,Thu,11,Daytime,25,NO CONTROLS,CLEAR,DAYLIGHT,SIDESWIPE SAME DIRECTION,NOT DIVIDED,DRY,NO INJURY / DRIVE AWAY,,,"OVER $1,500",UNABLE TO DETERMINE,2,NO INDICATION OF INJURY,0,0,41.7925362087,-87.5837912062,60637,"CHICAGO MIDWAY AIRPORT, IL US",38.0,31.0,76.0,0.0,10.0,20.0
crash_07764,2018-02-10 00:10:00,2018,2,Feb,Sat,0,Night or early morning,25,TRAFFIC SIGNAL,SNOW,"DARKNESS, LIGHTED ROAD",HEAD ON,DIVIDED - W/MEDIAN (NOT RAISED),SNOW OR SLUSH,INJURY AND / OR TOW DUE TO CRASH,true,true,"OVER $1,500",UNABLE TO DETERMINE,2,"REPORTED, NOT EVIDENT",1,0,42.0192867305,-87.6761096745,60626,"CHICAGO OHARE INTERNATIONAL AIRPORT, IL US",18.0,10.0,71.0,0.0,10.0,14.0
crash_07765,2019-09-26 07:30:00,2019,9,Sep,Thu,7,Morning commute,30,NO CONTROLS,CLEAR,DAYLIGHT,SIDESWIPE SAME DIRECTION,NOT DIVIDED,DRY,NO INJURY / DRIVE AWAY,,,"OVER $1,500",UNABLE TO DETERMINE,2,NO INDICATION OF INJURY,0,0,41.7720982328,-87.6641646176,60636,"CHICAGO MIDWAY AIRPORT, IL US",59.0,48.0,67.0,0.0,10.0,8.0
crash_07766,2020-12-31 21:05:00,2020,12,Dec,Thu,21,Night or early morning,20,NO CONTROLS,UNKNOWN,"DARKNESS, LIGHTED ROAD",PARKED MOTOR VEHICLE,NOT DIVIDED,UNKNOWN,NO INJURY / DRIVE AWAY,,true,"$501 - $1,500",NOT APPLICABLE,2,NO INDICATION OF INJURY,0,0,41.9800978386,-87.6589042385,60640,"CHICAGO OHARE INTERNATIONAL AIRPORT, IL US",20.0,16.0,85.0,0.0,8.0,5.0
crash_07767,2021-06-09 19:14:00,2021,6,Jun,Wed,19,Night or early morning,30,STOP SIGN/FLASHER,CLEAR,DAYLIGHT,PARKED MOTOR VEHICLE,NOT DIVIDED,DRY,NO INJURY / DRIVE AWAY,true,,"OVER $1,500",FAILING TO YIELD RIGHT-OF-WAY,2,NO INDICATION OF INJURY,0,0,41.8452091303,-87.6426641727,60616,"CHICAGO MIDWAY AIRPORT, IL US",81.0,65.0,58.0,0.0,10.0,13.0
crash_07768,2024-10-13 23:30:00,2024,10,Oct,Sun,23,Night or early morning,30,UNKNOWN,CLEAR,"DARKNESS, LIGHTED ROAD",SIDESWIPE SAME DIRECTION,FOUR WAY,DRY,NO INJURY / DRIVE AWAY,,,"OVER $1,500",UNABLE TO DETERMINE,2,NO INDICATION OF INJURY,0,0,41.7581510931,-87.6232252723,60619,"CHICAGO MIDWAY AIRPORT, IL US",51.0,38.0,61.0,0.0,10.0,21.0
crash_07769,2024-09-01 22:04:00,2024,9,Sep,Sun,22,Night or early morning,30,STOP SIGN/FLASHER,CLEAR,"DARKNESS, LIGHTED ROAD",PARKED MOTOR VEHICLE,NOT DIVIDED,DRY,NO INJURY / DRIVE AWAY,true,true,"OVER $1,500",NOT APPLICABLE,2,NO INDICATION OF INJURY,0,0,41.8188151879,-87.6138471119,60653,"CHICAGO MIDWAY AIRPORT, IL US",69.0,53.0,57.0,0.0,10.0,9.0
crash_07770,2025-11-21 20:00:00,2025,11,Nov,Fri,20,Night or early morning,30,NO CONTROLS,CLEAR,"DARKNESS, LIGHTED ROAD",SIDESWIPE SAME DIRECTION,NOT DIVIDED,DRY,NO INJURY / DRIVE AWAY,,,"OVER $1,500",UNABLE TO DETERMINE,2,NO INDICATION OF INJURY,0,0,41.9467192597,-87.7079719507,60618,,,,,,,
crash_07771,2018-02-23 15:00:00,2018,2,Feb,Fri,15,Evening commute,30,NO CONTROLS,CLOUDY/OVERCAST,DAYLIGHT,FIXED OBJECT,ONE-WAY,DRY,INJURY AND / OR TOW DUE TO CRASH,,true,"OVER $1,500",UNABLE TO DETERMINE,1,NO INDICATION OF INJURY,0,0,41.7465168979,-87.5567218246,60617,"CHICAGO MIDWAY AIRPORT, IL US",40.0,36.0,86.0,0.0,10.0,17.0
crash_07772,2018-11-20 08:20:00,2018,11,Nov,Tue,8,Morning commute,30,STOP SIGN/FLASHER,CLEAR,DAYLIGHT,TURNING,NOT DIVIDED,SNOW OR SLUSH,NO INJURY / DRIVE AWAY,,,"OVER $1,500",FAILING TO YIELD RIGHT-OF-WAY,2,NO INDICATION OF INJURY,0,0,41.9149029622,-87.6871946622,60647,"CHICAGO MIDWAY AIRPORT, IL US",31.0,23.0,72.0,0.0,10.0,9.0
crash_07773,2024-10-26 01:00:00,2024,10,Oct,Sat,1,Night or early morning,30,NO CONTROLS,CLEAR,"DARKNESS, LIGHTED ROAD",PARKED MOTOR VEHICLE,DIVIDED - W/MEDIAN (NOT RAISED),DRY,NO INJURY / DRIVE AWAY,,true,"OVER $1,500",UNABLE TO DETERMINE,3,NO INDICATION OF INJURY,0,0,41.7996893893,-87.7357419323,60632,"CHICAGO MIDWAY AIRPORT, IL US",49.0,36.0,61.0,0.0,10.0,6.0
crash_07774,2022-12-11 07:55:00,2022,12,Dec,Sun,7,Morning commute,20,NO CONTROLS,CLOUDY/OVERCAST,DAYLIGHT,TURNING,DIVIDED - W/MEDIAN (NOT RAISED),DRY,NO INJURY / DRIVE AWAY,,,"OVER $1,500",IMPROPER TURNING/NO SIGNAL,2,NO INDICATION OF INJURY,0,0,41.8516972321,-87.7021940204,60623,"CHICAGO MIDWAY AIRPORT, IL US",38.0,33.0,83.0,0.0,10.0,9.0
crash_07775,2024-08-16 14:05:00,2024,8,Aug,Fri,14,Daytime,30,UNKNOWN,CLEAR,DAYLIGHT,REAR END,FOUR WAY,DRY,NO INJURY / DRIVE AWAY,true,true,"OVER $1,500",UNABLE TO DETERMINE,2,NO INDICATION OF INJURY,0,0,41.8664218945,-87.7009336438,60623,"CHICAGO MIDWAY AIRPORT, IL US",85.0,68.0,57.0,0.0,10.0,10.0
crash_07776,2018-09-15 00:04:00,2018,9,Sep,Sat,0,Night or early morning,30,TRAFFIC SIGNAL,CLEAR,"DARKNESS, LIGHTED ROAD",TURNING,DIVIDED - W/MEDIAN (NOT RAISED),DRY,NO INJURY / DRIVE AWAY,,true,$500 OR LESS,FOLLOWING TOO CLOSELY,2,NO INDICATION OF INJURY,0,0,41.8710541364,-87.7548734343,60644,"CHICAGO MIDWAY AIRPORT, IL US",66.0,62.0,87.0,0.0,10.0,0.0
crash_07777,2025-06-16 12:30:00,2025,6,Jun,Mon,12,Daytime,30,NO CONTROLS,CLEAR,DAYLIGHT,PARKED MOTOR VEHICLE,PARKING LOT,DRY,NO INJURY / DRIVE AWAY,,true,"OVER $1,500",IMPROPER LANE USAGE,2,NO INDICATION OF INJURY,0,0,41.7766536724,-87.5708246098,60649,"CHICAGO MIDWAY AIRPORT, IL US",84.0,57.0,40.0,0.0,10.0,8.0
crash_07778,2019-03-16 19:12:00,2019,3,Mar,Sat,19,Night or early morning,30,TRAFFIC SIGNAL,CLEAR,DUSK,REAR END,NOT DIVIDED,UNKNOWN,INJURY AND / OR TOW DUE TO CRASH,,,"$501 - $1,500",DRIVING SKILLS/KNOWLEDGE/EXPERIENCE,2,NO INDICATION OF INJURY,0,0,41.7659027811,-87.6104916604,60637,"CHICAGO MIDWAY AIRPORT, IL US",39.0,18.0,43.0,0.0,10.0,10.0
crash_07779,2021-01-23 17:10:00,2021,1,Jan,Sat,17,Evening commute,30,TRAFFIC SIGNAL,CLEAR,"DARKNESS, LIGHTED ROAD",REAR END,DIVIDED - W/MEDIAN (NOT RAISED),DRY,NO INJURY / DRIVE AWAY,,,"$501 - $1,500",FAILING TO YIELD RIGHT-OF-WAY,2,NO INDICATION OF INJURY,0,0,41.9535100101,-87.7304930814,60641,"CHICAGO OHARE INTERNATIONAL AIRPORT, IL US",29.0,12.0,49.0,0.0,10.0,7.0
crash_07780,2021-02-25 10:06:00,2021,2,Feb,Thu,10,Daytime,30,NO CONTROLS,CLEAR,DAYLIGHT,TURNING,NOT DIVIDED,DRY,NO INJURY / DRIVE AWAY,,,"OVER $1,500",UNABLE TO DETERMINE,2,NO INDICATION OF INJURY,0,0,41.7170466861,-87.5644874392,60617,"CHICAGO MIDWAY AIRPORT, IL US",35.0,23.0,61.0,0.0,10.0,7.0
crash_07781,2025-02-09 16:40:00,2025,2,Feb,Sun,16,Evening commute,30,NO CONTROLS,CLEAR,DAYLIGHT,PEDALCYCLIST,DIVIDED - W/MEDIAN (NOT RAISED),DRY,INJURY AND / OR TOW DUE TO CRASH,,,"$501 - $1,500",FAILING TO YIELD RIGHT-OF-WAY,2,NONINCAPACITATING INJURY,1,0,41.9194571952,-87.6369287666,60614,"CHICAGO MIDWAY AIRPORT, IL US",31.0,13.0,47.0,0.0,10.0,7.0
crash_07782,2018-05-03 08:17:00,2018,5,May,Thu,8,Morning commute,30,OTHER REG. SIGN,OTHER,DAYLIGHT,FIXED OBJECT,DIVIDED - W/MEDIAN (NOT RAISED),WET,NO INJURY / DRIVE AWAY,,,"OVER $1,500",DISREGARDING OTHER TRAFFIC SIGNS,1,NO INDICATION OF INJURY,0,0,41.8047190537,-87.6455712072,60609,"CHICAGO MIDWAY AIRPORT, IL US",66.0,64.0,93.0,,5.0,9.0
crash_07783,2018-12-17 18:20:00,2018,12,Dec,Mon,18,Evening commute,30,NO CONTROLS,CLEAR,DARKNESS,SIDESWIPE SAME DIRECTION,NOT DIVIDED,DRY,NO INJURY / DRIVE AWAY,,,"$501 - $1,500",UNABLE TO DETERMINE,2,NO INDICATION OF INJURY,0,0,41.8875578728,-87.6281530647,60654,"CHICAGO MIDWAY AIRPORT, IL US",29.0,23.0,78.0,0.0,10.0,3.0
crash_07784,2019-01-03 20:20:00,2019,1,Jan,Thu,20,Night or early morning,30,NO CONTROLS,CLEAR,"DARKNESS, LIGHTED ROAD",SIDESWIPE SAME DIRECTION,DIVIDED - W/MEDIAN (NOT RAISED),DRY,INJURY AND / OR TOW DUE TO CRASH,,,"OVER $1,500",FAILING TO YIELD RIGHT-OF-WAY,2,NO INDICATION OF INJURY,0,0,41.7786278117,-87.7176527021,60629,"CHICAGO MIDWAY AIRPORT, IL US",36.0,30.0,79.0,0.0,10.0,14.0
crash_07785,2022-10-07 08:00:00,2022,10,Oct,Fri,8,Morning commute,30,NO CONTROLS,CLEAR,DAYLIGHT,PARKED MOTOR VEHICLE,ALLEY,DRY,NO INJURY / DRIVE AWAY,,true,"OVER $1,500",IMPROPER OVERTAKING/PASSING,2,NO INDICATION OF INJURY,0,0,41.7500927737,-87.6243777225,60619,"CHICAGO MIDWAY AIRPORT, IL US",47.0,37.0,69.0,0.0,10.0,15.0
crash_07786,2022-01-29 18:39:00,2022,1,Jan,Sat,18,Evening commute,35,TRAFFIC SIGNAL,CLEAR,DARKNESS,ANGLE,Y-INTERSECTION,DRY,NO INJURY / DRIVE AWAY,true,,"OVER $1,500",DISREGARDING TRAFFIC SIGNALS,2,NO INDICATION OF INJURY,0,0,41.7413587396,-87.7139347723,60652,"CHICAGO MIDWAY AIRPORT, IL US",23.0,8.0,53.0,0.0,10.0,7.0
crash_07787,2024-10-26 12:42:00,2024,10,Oct,Sat,12,Daytime,30,NO CONTROLS,CLEAR,DAYLIGHT,REAR END,PARKING LOT,DRY,NO INJURY / DRIVE AWAY,,,"$501 - $1,500",UNABLE TO DETERMINE,2,NO INDICATION OF INJURY,0,0,41.7086439852,-87.6430243478,60643,"CHICAGO MIDWAY AIRPORT, IL US",58.0,25.0,28.0,0.0,10.0,6.0
crash_07788,2021-04-30 03:00:00,2021,4,Apr,Fri,3,Night or early morning,30,NO CONTROLS,CLEAR,"DARKNESS, LIGHTED ROAD",PARKED MOTOR VEHICLE,NOT DIVIDED,DRY,NO INJURY / DRIVE AWAY,,true,"OVER $1,500",UNABLE TO DETERMINE,2,NO INDICATION OF INJURY,0,0,41.685288176,-87.6672318253,60643,"CHICAGO MIDWAY AIRPORT, IL US",49.0,40.0,71.0,0.0,10.0,6.0
crash_07789,2024-10-02 08:00:00,2024,10,Oct,Wed,8,Morning commute,10,NO CONTROLS,CLEAR,DAYLIGHT,PARKED MOTOR VEHICLE,PARKING LOT,DRY,NO INJURY / DRIVE AWAY,,true,"$501 - $1,500",UNABLE TO DETERMINE,2,NO INDICATION OF INJURY,0,0,41.7053699933,-87.6298509297,60628,"CHICAGO MIDWAY AIRPORT, IL US",53.0,40.0,61.0,0.0,10.0,3.0
crash_07790,2021-04-28 15:30:00,2021,4,Apr,Wed,15,Evening commute,30,TRAFFIC SIGNAL,UNKNOWN,DAYLIGHT,REAR END,DIVIDED - W/MEDIAN (NOT RAISED),UNKNOWN,NO INJURY / DRIVE AWAY,,,"$501 - $1,500",UNABLE TO DETERMINE,2,NO INDICATION OF INJURY,0,0,41.8739688835,-87.7451764021,60644,"CHICAGO MIDWAY AIRPORT, IL US",46.0,40.0,79.0,0.16,2.0,9.0
crash_07791,2023-09-24 02:48:00,2023,9,Sep,Sun,2,Night or early morning,35,TRAFFIC SIGNAL,CLEAR,"DARKNESS, LIGHTED ROAD",FIXED OBJECT,"FIVE POINT, OR MORE",DRY,INJURY AND / OR TOW DUE TO CRASH,true,false,"OVER $1,500",UNABLE TO DETERMINE,1,NO INDICATION OF INJURY,0,0,41.8514607383,-87.7231205688,60623,"CHICAGO MIDWAY AIRPORT, IL US",62.0,51.0,67.0,0.0,10.0,6.0
crash_07792,2018-06-21 17:05:00,2018,6,Jun,Thu,17,Evening commute,30,NO CONTROLS,RAIN,DAYLIGHT,REAR END,NOT DIVIDED,WET,NO INJURY / DRIVE AWAY,,,"$501 - $1,500",FAILING TO REDUCE SPEED TO AVOID CRASH,2,NO INDICATION OF INJURY,0,0,41.9977534483,-87.8040463778,60631,"CHICAGO OHARE INTERNATIONAL AIRPORT, IL US",66.0,62.0,87.0,0.0,5.0,14.0
crash_07793,2022-10-13 14:00:00,2022,10,Oct,Thu,14,Daytime,30,UNKNOWN,CLEAR,DAYLIGHT,ANGLE,UNKNOWN,DRY,NO INJURY / DRIVE AWAY,,,"OVER $1,500",UNABLE TO DETERMINE,2,NO INDICATION OF INJURY,0,0,41.8483520422,-87.6856819345,60608,"CHICAGO MIDWAY AIRPORT, IL US",56.0,25.0,30.0,0.0,10.0,23.0
crash_07794,2018-09-24 16:00:00,2018,9,Sep,Mon,16,Evening commute,30,TRAFFIC SIGNAL,CLOUDY/OVERCAST,DAYLIGHT,REAR END,DIVIDED - W/MEDIAN BARRIER,DRY,INJURY AND / OR TOW DUE TO CRASH,true,,$500 OR LESS,UNABLE TO DETERMINE,2,"REPORTED, NOT EVIDENT",2,0,41.9616862904,-87.6691151547,60640,"CHICAGO MIDWAY AIRPORT, IL US",69.0,64.0,84.0,0.0,6.0,7.0
crash_07795,2018-11-17 10:15:00,2018,11,Nov,Sat,10,Daytime,30,STOP SIGN/FLASHER,SNOW,DAYLIGHT,REAR END,ONE-WAY,WET,INJURY AND / OR TOW DUE TO CRASH,,true,"OVER $1,500","OPERATING VEHICLE IN ERRATIC, RECKLESS, CARELESS, NEGLIGENT OR AGGRESSIVE MANNER",4,NONINCAPACITATING INJURY,1,0,41.7522805219,-87.6488779538,60620,"CHICAGO MIDWAY AIRPORT, IL US",34.0,31.0,89.0,0.02,1.25,7.0
crash_07796,2023-12-22 20:20:00,2023,12,Dec,Fri,20,Night or early morning,30,TRAFFIC SIGNAL,RAIN,"DARKNESS, LIGHTED ROAD",REAR END,FOUR WAY,WET,NO INJURY / DRIVE AWAY,true,,"OVER $1,500",FOLLOWING TOO CLOSELY,2,NO INDICATION OF INJURY,0,0,41.8707848909,-87.7108308862,60624,"CHICAGO MIDWAY AIRPORT, IL US",45.0,42.0,90.0,0.06,4.0,5.0
crash_07797,2023-04-27 21:40:00,2023,4,Apr,Thu,21,Night or early morning,20,NO CONTROLS,CLEAR,DARKNESS,PARKED MOTOR VEHICLE,NOT DIVIDED,DRY,NO INJURY / DRIVE AWAY,,,"OVER $1,500",DRIVING SKILLS/KNOWLEDGE/EXPERIENCE,2,NO INDICATION OF INJURY,0,0,41.7886068431,-87.7693259787,60638,"CHICAGO MIDWAY AIRPORT, IL US",52.0,35.0,53.0,0.0,10.0,8.0
crash_07798,2019-12-01 06:05:00,2019,12,Dec,Sun,6,Morning commute,45,NO CONTROLS,CLEAR,"DARKNESS, LIGHTED ROAD",FIXED OBJECT,DIVIDED - W/MEDIAN BARRIER,WET,INJURY AND / OR TOW DUE TO CRASH,,,"OVER $1,500",FAILING TO REDUCE SPEED TO AVOID CRASH,1,NO INDICATION OF INJURY,0,0,41.9009589191,-87.6199281737,60611,"CHICAGO MIDWAY AIRPORT, IL US",43.0,42.0,97.0,0.0,6.0,5.0
crash_07799,2024-09-08 05:15:00,2024,9,Sep,Sun,5,Night or early morning,30,TRAFFIC SIGNAL,CLEAR,"DARKNESS, LIGHTED ROAD",TURNING,DIVIDED - W/MEDIAN BARRIER,DRY,INJURY AND / OR TOW DUE TO CRASH,,true,"OVER $1,500",IMPROPER TURNING/NO SIGNAL,2,NONINCAPACITATING INJURY,1,0,41.8711976366,-87.7447787507,60644,"CHICAGO MIDWAY AIRPORT, IL US",51.0,43.0,74.0,0.0,10.0,7.0
crash_07800,2020-01-11 18:40:00,2020,1,Jan,Sat,18,Evening commute,30,TRAFFIC SIGNAL,FREEZING RAIN/DRIZZLE,"DARKNESS, LIGHTED ROAD",REAR END,FOUR WAY,ICE,NO INJURY / DRIVE AWAY,true,true,"OVER $1,500",UNABLE TO DETERMINE,2,NO INDICATION OF INJURY,0,0,41.7360065646,-87.645341819,60620,"CHICAGO MIDWAY AIRPORT, IL US",31.0,28.0,89.0,0.0,3.0,23.0
crash_07801,2023-10-03 14:45:00,2023,10,Oct,Tue,14,Daytime,15,NO CONTROLS,UNKNOWN,UNKNOWN,PARKED MOTOR VEHICLE,NOT DIVIDED,DRY,NO INJURY / DRIVE AWAY,,,"OVER $1,500",UNABLE TO DETERMINE,2,NO INDICATION OF INJURY,0,0,41.9312941369,-87.7794724578,60634,"CHICAGO OHARE INTERNATIONAL AIRPORT, IL US",87.0,57.0,36.0,0.0,10.0,11.0
crash_07802,2018-01-09 08:55:00,2018,1,Jan,Tue,8,Morning commute,30,TRAFFIC SIGNAL,CLOUDY/OVERCAST,DAWN,REAR END,DIVIDED - W/MEDIAN (NOT RAISED),UNKNOWN,NO INJURY / DRIVE AWAY,true,,"$501 - $1,500",FOLLOWING TOO CLOSELY,2,NO INDICATION OF INJURY,0,0,41.9400230856,-87.6396056977,60657,"CHICAGO MIDWAY AIRPORT, IL US",28.0,28.0,100.0,0.0,0.5,9.0
crash_07803,2021-10-30 19:57:00,2021,10,Oct,Sat,19,Night or early morning,20,STOP SIGN/FLASHER,CLEAR,"DARKNESS, LIGHTED ROAD",ANGLE,FOUR WAY,DRY,INJURY AND / OR TOW DUE TO CRASH,true,,"OVER $1,500",UNDER THE INFLUENCE OF ALCOHOL/DRUGS (USE WHEN ARREST IS EFFECTED),6,NO INDICATION OF INJURY,0,0,41.7912053079,-87.7330515932,60629,"CHICAGO MIDWAY AIRPORT, IL US",50.0,43.0,77.0,0.0,10.0,0.0
crash_07804,2021-03-04 14:30:00,2021,3,Mar,Thu,14,Daytime,30,NO CONTROLS,CLEAR,DAYLIGHT,TURNING,NOT DIVIDED,DRY,NO INJURY / DRIVE AWAY,,,"$501 - $1,500",UNABLE TO DETERMINE,2,NO INDICATION OF INJURY,0,0,42.0117551479,-87.7088029427,60645,"CHICAGO OHARE INTERNATIONAL AIRPORT, IL US",36.0,23.0,59.0,0.0,10.0,16.0
crash_07805,2019-05-11 02:34:00,2019,5,May,Sat,2,Night or early morning,35,TRAFFIC SIGNAL,CLEAR,"DARKNESS, LIGHTED ROAD",REAR TO FRONT,FOUR WAY,DRY,NO INJURY / DRIVE AWAY,,,"OVER $1,500",IMPROPER BACKING,2,NO INDICATION OF INJURY,0,0,41.8077729723,-87.7041107286,60632,"CHICAGO MIDWAY AIRPORT, IL US",48.0,39.0,71.0,0.0,10.0,0.0
crash_07806,2021-04-10 14:52:00,2021,4,Apr,Sat,14,Daytime,30,NO CONTROLS,RAIN,DAYLIGHT,SIDESWIPE SAME DIRECTION,DIVIDED - W/MEDIAN (NOT RAISED),WET,NO INJURY / DRIVE AWAY,,,"OVER $1,500",FAILING TO YIELD RIGHT-OF-WAY,2,NO INDICATION OF INJURY,0,0,41.9165502983,-87.6571654807,60614,"CHICAGO MIDWAY AIRPORT, IL US",51.0,48.0,89.0,0.03,6.0,9.0
crash_07807,2024-04-24 17:55:00,2024,4,Apr,Wed,17,Evening commute,30,NO CONTROLS,CLEAR,DAYLIGHT,REAR END,NOT DIVIDED,DRY,NO INJURY / DRIVE AWAY,,,"OVER $1,500",NOT APPLICABLE,3,NO INDICATION OF INJURY,0,0,41.7950037861,-87.766275323,60638,"CHICAGO MIDWAY AIRPORT, IL US",44.0,25.0,47.0,0.0,10.0,11.0
crash_07808,2022-10-31 21:58:00,2022,10,Oct,Mon,21,Night or early morning,30,NO CONTROLS,CLEAR,DARKNESS,FIXED OBJECT,PARKING LOT,WET,INJURY AND / OR TOW DUE TO CRASH,,,"OVER $1,500",UNABLE TO DETERMINE,2,NONINCAPACITATING INJURY,1,0,41.7915433249,-87.6911532176,60629,"CHICAGO MIDWAY AIRPORT, IL US",55.0,52.0,90.0,0.0,3.0,3.0
crash_07809,2024-07-14 03:25:00,2024,7,Jul,Sun,3,Night or early morning,40,NO CONTROLS,RAIN,"DARKNESS, LIGHTED ROAD",FIXED OBJECT,OTHER,WET,INJURY AND / OR TOW DUE TO CRASH,,,"OVER $1,500",UNABLE TO DETERMINE,1,NO INDICATION OF INJURY,0,0,41.9576136825,-87.6461136729,60613,"CHICAGO MIDWAY AIRPORT, IL US",70.0,67.0,90.0,0.06,10.0,6.0
crash_07810,2022-04-26 12:15:00,2022,4,Apr,Tue,12,Daytime,30,STOP SIGN/FLASHER,CLEAR,DAYLIGHT,ANGLE,ONE-WAY,UNKNOWN,NO INJURY / DRIVE AWAY,true,true,"OVER $1,500",DISREGARDING OTHER TRAFFIC SIGNS,2,NO INDICATION OF INJURY,0,0,41.7937901081,-87.647640599,60621,"CHICAGO MIDWAY AIRPORT, IL US",44.0,27.0,51.0,0.0,10.0,11.0
crash_07811,2019-01-16 20:40:00,2019,1,Jan,Wed,20,Night or early morning,30,TRAFFIC SIGNAL,CLEAR,"DARKNESS, LIGHTED ROAD",PEDESTRIAN,NOT DIVIDED,DRY,INJURY AND / OR TOW DUE TO CRASH,,true,"OVER $1,500",NOT APPLICABLE,2,"REPORTED, NOT EVIDENT",1,0,41.8806329318,-87.7451356519,60644,"CHICAGO MIDWAY AIRPORT, IL US",30.0,21.0,69.0,0.0,10.0,11.0
crash_07812,2024-05-11 02:30:00,2024,5,May,Sat,2,Night or early morning,20,NO CONTROLS,RAIN,DARKNESS,PARKED MOTOR VEHICLE,NOT DIVIDED,WET,NO INJURY / DRIVE AWAY,,true,"OVER $1,500",FAILING TO REDUCE SPEED TO AVOID CRASH,2,NO INDICATION OF INJURY,0,0,41.7174670117,-87.5378470817,60617,"CHICAGO MIDWAY AIRPORT, IL US",53.0,47.0,80.0,0.0,10.0,6.0
crash_07813,2023-10-20 18:15:00,2023,10,Oct,Fri,18,Evening commute,30,NO CONTROLS,CLEAR,"DARKNESS, LIGHTED ROAD",PARKED MOTOR VEHICLE,NOT DIVIDED,DRY,NO INJURY / DRIVE AWAY,,true,"OVER $1,500",UNABLE TO DETERMINE,2,NO INDICATION OF INJURY,0,0,41.7515568283,-87.5712491227,60617,"CHICAGO MIDWAY AIRPORT, IL US",57.0,41.0,55.0,0.0,10.0,5.0
crash_07814,2022-04-06 09:30:00,2022,4,Apr,Wed,9,Morning commute,30,NO CONTROLS,RAIN,DAYLIGHT,REAR END,NOT DIVIDED,WET,NO INJURY / DRIVE AWAY,,true,"OVER $1,500",UNABLE TO DETERMINE,2,NO INDICATION OF INJURY,0,0,41.7448274639,-87.5467486008,60617,"CHICAGO MIDWAY AIRPORT, IL US",48.0,42.0,80.0,0.0,10.0,14.0
crash_07815,2024-09-18 18:47:00,2024,9,Sep,Wed,18,Evening commute,25,NO CONTROLS,CLEAR,DAYLIGHT,SIDESWIPE SAME DIRECTION,NOT DIVIDED,DRY,NO INJURY / DRIVE AWAY,,,"$501 - $1,500",UNABLE TO DETERMINE,2,NO INDICATION OF INJURY,0,0,41.6934819452,-87.6640383161,60643,"CHICAGO MIDWAY AIRPORT, IL US",78.0,54.0,43.0,0.0,10.0,7.0
crash_07816,2022-06-08 16:30:00,2022,6,Jun,Wed,16,Evening commute,15,NO CONTROLS,CLEAR,DAYLIGHT,PARKED MOTOR VEHICLE,PARKING LOT,DRY,NO INJURY / DRIVE AWAY,,true,"$501 - $1,500",UNABLE TO DETERMINE,2,NO INDICATION OF INJURY,0,0,41.7361591411,-87.627784584,60620,"CHICAGO MIDWAY AIRPORT, IL US",62.0,56.0,80.0,,10.0,7.0
crash_07817,2021-09-30 17:10:00,2021,9,Sep,Thu,17,Evening commute,30,TRAFFIC SIGNAL,CLEAR,DAYLIGHT,REAR END,NOT DIVIDED,DRY,NO INJURY / DRIVE AWAY,,true,"$501 - $1,500",UNABLE TO DETERMINE,2,NO INDICATION OF INJURY,0,0,41.7559957905,-87.6443282389,60620,"CHICAGO MIDWAY AIRPORT, IL US",79.0,43.0,28.0,0.0,10.0,10.0
crash_07818,2024-05-21 16:05:00,2024,5,May,Tue,16,Evening commute,30,NO CONTROLS,CLEAR,DAYLIGHT,REAR END,DIVIDED - W/MEDIAN (NOT RAISED),DRY,NO INJURY / DRIVE AWAY,,,"$501 - $1,500",FOLLOWING TOO CLOSELY,2,NO INDICATION OF INJURY,0,0,41.9071470947,-87.7361192952,60651,"CHICAGO MIDWAY AIRPORT, IL US",90.0,60.0,37.0,0.0,10.0,23.0