crash_id,crash_datetime,crash_year,crash_month,crash_month_name,crash_weekday_name,crash_hour,time_period,posted_speed_limit_mph,traffic_control_device,reported_weather_condition,reported_lighting_condition,first_crash_type,trafficway_type,reported_road_surface_condition,crash_type,intersection_related,hit_and_run,estimated_damage,primary_contributory_cause,unit_count,most_severe_injury,injuries_total,injuries_fatal,latitude,longitude,zip5,weather_station_name,temperature_f,dew_point_f,relative_humidity_percent,precipitation_inches,visibility_miles,wind_speed_mph
crash_07819,2021-05-15 13:50:00,2021,5,May,Sat,13,Daytime,35,NO CONTROLS,RAIN,DAYLIGHT,TURNING,NOT DIVIDED,WET,INJURY AND / OR TOW DUE TO CRASH,,,"OVER $1,500",UNABLE TO DETERMINE,2,NONINCAPACITATING INJURY,1,0,41.8795361677,-87.6208945286,60604,"CHICAGO MIDWAY AIRPORT, IL US",57.0,48.0,72.0,0.0,10.0,9.0
crash_07820,2019-09-27 13:22:00,2019,9,Sep,Fri,13,Daytime,40,TRAFFIC SIGNAL,RAIN,DAYLIGHT,REAR END,DIVIDED - W/MEDIAN BARRIER,WET,NO INJURY / DRIVE AWAY,,true,"OVER $1,500","OPERATING VEHICLE IN ERRATIC, RECKLESS, CARELESS, NEGLIGENT OR AGGRESSIVE MANNER",5,NO INDICATION OF INJURY,0,0,41.7902983222,-87.5793790395,60637,"CHICAGO MIDWAY AIRPORT, IL US",64.0,63.0,96.0,0.06,8.0,11.0
crash_07821,2025-09-11 22:50:00,2025,9,Sep,Thu,22,Night or early morning,30,NO CONTROLS,CLEAR,"DARKNESS, LIGHTED ROAD",FIXED OBJECT,NOT DIVIDED,DRY,INJURY AND / OR TOW DUE TO CRASH,,,"OVER $1,500",UNDER THE INFLUENCE OF ALCOHOL/DRUGS (USE WHEN ARREST IS EFFECTED),1,NO INDICATION OF INJURY,0,0,41.8346239588,-87.704894871,60623,,,,,,,
crash_07822,2022-11-27 23:05:00,2022,11,Nov,Sun,23,Night or early morning,30,TRAFFIC SIGNAL,CLEAR,"DARKNESS, LIGHTED ROAD",ANGLE,NOT DIVIDED,DRY,INJURY AND / OR TOW DUE TO CRASH,true,,"OVER $1,500",FAILING TO YIELD RIGHT-OF-WAY,2,INCAPACITATING INJURY,4,0,41.692112887,-87.6598989521,60643,"CHICAGO MIDWAY AIRPORT, IL US",37.0,30.0,76.0,0.0,10.0,5.0
crash_07823,2023-10-31 05:50:00,2023,10,Oct,Tue,5,Night or early morning,30,TRAFFIC SIGNAL,UNKNOWN,"DARKNESS, LIGHTED ROAD",REAR END,DIVIDED - W/MEDIAN (NOT RAISED),UNKNOWN,NO INJURY / DRIVE AWAY,,,"OVER $1,500",UNABLE TO DETERMINE,2,NO INDICATION OF INJURY,0,0,41.818349017,-87.7240964055,60632,"CHICAGO MIDWAY AIRPORT, IL US",30.0,22.0,72.0,0.0,10.0,8.0
crash_07824,2022-07-14 21:35:00,2022,7,Jul,Thu,21,Night or early morning,40,TRAFFIC SIGNAL,CLEAR,"DARKNESS, LIGHTED ROAD",TURNING,FOUR WAY,DRY,INJURY AND / OR TOW DUE TO CRASH,true,,"OVER $1,500",DISREGARDING TRAFFIC SIGNALS,4,FATAL,6,1,,,,,,,,,,
crash_07825,2018-01-07 02:40:00,2018,1,Jan,Sun,2,Night or early morning,30,TRAFFIC SIGNAL,CLEAR,"DARKNESS, LIGHTED ROAD",ANGLE,NOT DIVIDED,WET,INJURY AND / OR TOW DUE TO CRASH,true,,"OVER $1,500",FAILING TO REDUCE SPEED TO AVOID CRASH,2,NO INDICATION OF INJURY,0,0,41.8862307131,-87.7372864117,60624,"CHICAGO MIDWAY AIRPORT, IL US",13.0,1.0,59.0,0.0,10.0,9.0
crash_07826,2024-09-02 11:40:00,2024,9,Sep,Mon,11,Daytime,15,UNKNOWN,CLEAR,DAYLIGHT,PARKED MOTOR VEHICLE,PARKING LOT,DRY,NO INJURY / DRIVE AWAY,,,"OVER $1,500",IMPROPER BACKING,2,NO INDICATION OF INJURY,0,0,41.9655372266,-87.6550274072,60640,"CHICAGO MIDWAY AIRPORT, IL US",72.0,46.0,40.0,0.0,10.0,13.0
crash_07827,2020-10-13 10:00:00,2020,10,Oct,Tue,10,Daytime,30,NO CONTROLS,CLEAR,DAYLIGHT,PARKED MOTOR VEHICLE,ONE-WAY,DRY,NO INJURY / DRIVE AWAY,,,"OVER $1,500",UNABLE TO DETERMINE,2,NO INDICATION OF INJURY,0,0,41.7519470955,-87.6745476478,60620,"CHICAGO MIDWAY AIRPORT, IL US",59.0,34.0,39.0,0.0,10.0,15.0
crash_07828,2025-11-29 20:20:00,2025,11,Nov,Sat,20,Night or early morning,30,TRAFFIC SIGNAL,SNOW,"DARKNESS, LIGHTED ROAD",SIDESWIPE SAME DIRECTION,DIVIDED - W/MEDIAN BARRIER,SNOW OR SLUSH,NO INJURY / DRIVE AWAY,true,,"OVER $1,500",FAILING TO YIELD RIGHT-OF-WAY,2,NO INDICATION OF INJURY,0,0,41.8674829196,-87.630492795,60605,,,,,,,
crash_07829,2023-11-16 08:10:00,2023,11,Nov,Thu,8,Morning commute,30,NO CONTROLS,CLEAR,DAYLIGHT,TURNING,NOT DIVIDED,DRY,INJURY AND / OR TOW DUE TO CRASH,,,"OVER $1,500",FAILING TO YIELD RIGHT-OF-WAY,3,NO INDICATION OF INJURY,0,0,41.6578226761,-87.5961669339,60827,"CHICAGO MIDWAY AIRPORT, IL US",49.0,36.0,61.0,0.0,10.0,7.0
crash_07830,2019-05-18 11:00:00,2019,5,May,Sat,11,Daytime,30,STOP SIGN/FLASHER,CLEAR,DAYLIGHT,REAR END,NOT DIVIDED,DRY,NO INJURY / DRIVE AWAY,,,"OVER $1,500",UNABLE TO DETERMINE,2,NO INDICATION OF INJURY,0,0,41.7475332863,-87.6052788008,60619,"CHICAGO MIDWAY AIRPORT, IL US",76.0,61.0,60.0,0.0,9.0,9.0
crash_07831,2023-06-13 09:03:00,2023,6,Jun,Tue,9,Morning commute,30,TRAFFIC SIGNAL,CLEAR,DAYLIGHT,PEDESTRIAN,CENTER TURN LANE,DRY,INJURY AND / OR TOW DUE TO CRASH,,true,$500 OR LESS,IMPROPER LANE USAGE,2,INCAPACITATING INJURY,1,0,41.8659985942,-87.7296046774,60623,"CHICAGO MIDWAY AIRPORT, IL US",61.0,52.0,72.0,0.0,10.0,11.0
crash_07832,2021-09-10 12:00:00,2021,9,Sep,Fri,12,Daytime,30,TRAFFIC SIGNAL,CLEAR,DAYLIGHT,SIDESWIPE SAME DIRECTION,DIVIDED - W/MEDIAN (NOT RAISED),DRY,NO INJURY / DRIVE AWAY,,true,"OVER $1,500",UNABLE TO DETERMINE,2,NO INDICATION OF INJURY,0,0,41.8233668972,-87.6457753434,60609,"CHICAGO MIDWAY AIRPORT, IL US",78.0,49.0,36.0,0.0,10.0,10.0
crash_07833,2018-04-04 06:10:00,2018,4,Apr,Wed,6,Morning commute,30,STOP SIGN/FLASHER,CLOUDY/OVERCAST,"DARKNESS, LIGHTED ROAD",REAR END,NOT DIVIDED,SNOW OR SLUSH,NO INJURY / DRIVE AWAY,,,"OVER $1,500",FAILING TO REDUCE SPEED TO AVOID CRASH,2,NO INDICATION OF INJURY,0,0,41.9772652589,-87.7685955554,60630,"CHICAGO OHARE INTERNATIONAL AIRPORT, IL US",27.0,20.0,75.0,0.0,10.0,20.0
crash_07834,2018-12-18 12:22:00,2018,12,Dec,Tue,12,Daytime,30,NO CONTROLS,CLEAR,DAYLIGHT,PEDESTRIAN,NOT DIVIDED,DRY,INJURY AND / OR TOW DUE TO CRASH,,true,"OVER $1,500",UNABLE TO DETERMINE,2,NONINCAPACITATING INJURY,1,0,41.7668347506,-87.6831557807,60636,"CHICAGO MIDWAY AIRPORT, IL US",40.0,28.0,63.0,0.0,10.0,11.0
crash_07835,2024-04-27 01:57:00,2024,4,Apr,Sat,1,Night or early morning,25,NO CONTROLS,RAIN,"DARKNESS, LIGHTED ROAD",PARKED MOTOR VEHICLE,ONE-WAY,WET,INJURY AND / OR TOW DUE TO CRASH,,,"OVER $1,500",UNABLE TO DETERMINE,8,NO INDICATION OF INJURY,0,0,41.9621149875,-87.7194367458,60625,"CHICAGO OHARE INTERNATIONAL AIRPORT, IL US",60.0,57.0,90.0,0.0,10.0,11.0
crash_07836,2020-01-09 14:30:00,2020,1,Jan,Thu,14,Daytime,20,NO CONTROLS,RAIN,DAYLIGHT,REAR END,NOT DIVIDED,WET,NO INJURY / DRIVE AWAY,,,"OVER $1,500",UNABLE TO DETERMINE,3,NO INDICATION OF INJURY,0,0,41.8834642568,-87.6962036337,60612,"CHICAGO MIDWAY AIRPORT, IL US",50.0,34.0,54.0,0.0,10.0,23.0
crash_07837,2019-01-07 14:30:00,2019,1,Jan,Mon,14,Daytime,15,OTHER,RAIN,DAYLIGHT,FIXED OBJECT,ALLEY,WET,INJURY AND / OR TOW DUE TO CRASH,,,"OVER $1,500",EQUIPMENT - VEHICLE CONDITION,1,NO INDICATION OF INJURY,0,0,41.9352768275,-87.6527746401,60657,"CHICAGO MIDWAY AIRPORT, IL US",54.0,51.0,90.0,0.04,2.0,22.0
crash_07838,2021-06-12 01:20:00,2021,6,Jun,Sat,1,Night or early morning,30,NO CONTROLS,CLEAR,"DARKNESS, LIGHTED ROAD",SIDESWIPE SAME DIRECTION,NOT DIVIDED,DRY,INJURY AND / OR TOW DUE TO CRASH,,,"OVER $1,500",UNABLE TO DETERMINE,2,NONINCAPACITATING INJURY,1,0,41.9490851688,-87.7400039696,60641,"CHICAGO OHARE INTERNATIONAL AIRPORT, IL US",76.0,69.0,79.0,0.0,10.0,5.0
crash_07839,2020-07-16 15:00:00,2020,7,Jul,Thu,15,Evening commute,35,STOP SIGN/FLASHER,CLEAR,DAYLIGHT,REAR END,NOT DIVIDED,DRY,NO INJURY / DRIVE AWAY,,true,"$501 - $1,500",FOLLOWING TOO CLOSELY,2,NO INDICATION OF INJURY,0,0,41.6652165433,-87.6413404726,60628,"CHICAGO MIDWAY AIRPORT, IL US",81.0,64.0,57.0,0.0,10.0,5.0
crash_07840,2022-10-19 19:21:00,2022,10,Oct,Wed,19,Night or early morning,20,NO CONTROLS,CLEAR,"DARKNESS, LIGHTED ROAD",PARKED MOTOR VEHICLE,ONE-WAY,DRY,INJURY AND / OR TOW DUE TO CRASH,,true,"OVER $1,500",UNABLE TO DETERMINE,3,NO INDICATION OF INJURY,0,0,41.878680928,-87.7320747099,60624,"CHICAGO MIDWAY AIRPORT, IL US",45.0,19.0,35.0,0.0,10.0,9.0
crash_07841,2018-08-09 17:38:00,2018,8,Aug,Thu,17,Evening commute,30,TRAFFIC SIGNAL,CLEAR,DAWN,TURNING,NOT DIVIDED,DRY,NO INJURY / DRIVE AWAY,,true,"OVER $1,500",EXCEEDING AUTHORIZED SPEED LIMIT,2,NO INDICATION OF INJURY,0,0,41.8720580505,-87.7450793431,60644,"CHICAGO MIDWAY AIRPORT, IL US",90.0,67.0,47.0,0.0,10.0,13.0
crash_07842,2023-11-18 14:00:00,2023,11,Nov,Sat,14,Daytime,30,NO CONTROLS,CLEAR,DAYLIGHT,PARKED MOTOR VEHICLE,NOT DIVIDED,DRY,NO INJURY / DRIVE AWAY,,,"OVER $1,500",UNABLE TO DETERMINE,2,NO INDICATION OF INJURY,0,0,41.8382034829,-87.6597869752,60608,"CHICAGO MIDWAY AIRPORT, IL US",53.0,20.0,27.0,0.0,10.0,13.0
crash_07843,2020-12-22 13:00:00,2020,12,Dec,Tue,13,Daytime,30,UNKNOWN,UNKNOWN,UNKNOWN,SIDESWIPE SAME DIRECTION,DIVIDED - W/MEDIAN BARRIER,UNKNOWN,NO INJURY / DRIVE AWAY,,true,"$501 - $1,500",UNABLE TO DETERMINE,2,NO INDICATION OF INJURY,0,0,41.904076743,-87.6248039371,60610,"CHICAGO MIDWAY AIRPORT, IL US",39.0,26.0,60.0,0.0,10.0,10.0
crash_07844,2023-07-08 19:47:00,2023,7,Jul,Sat,19,Night or early morning,30,TRAFFIC SIGNAL,CLEAR,DAYLIGHT,ANGLE,ONE-WAY,DRY,INJURY AND / OR TOW DUE TO CRASH,true,false,"OVER $1,500",UNABLE TO DETERMINE,2,NONINCAPACITATING INJURY,1,0,41.8933600173,-87.629619981,60654,"CHICAGO MIDWAY AIRPORT, IL US",71.0,53.0,53.0,0.0,10.0,9.0
crash_07845,2024-03-21 21:00:00,2024,3,Mar,Thu,21,Night or early morning,3,NO CONTROLS,CLEAR,DAYLIGHT,TURNING,DIVIDED - W/MEDIAN (NOT RAISED),DRY,NO INJURY / DRIVE AWAY,true,true,"OVER $1,500",IMPROPER TURNING/NO SIGNAL,2,NO INDICATION OF INJURY,0,0,41.8369656544,-87.6175993896,60616,"CHICAGO MIDWAY AIRPORT, IL US",37.0,20.0,50.0,0.0,10.0,11.0
crash_07846,2020-07-08 07:00:00,2020,7,Jul,Wed,7,Morning commute,30,NO CONTROLS,CLEAR,DAYLIGHT,REAR END,NOT DIVIDED,DRY,NO INJURY / DRIVE AWAY,,,"OVER $1,500",FOLLOWING TOO CLOSELY,2,NO INDICATION OF INJURY,0,0,41.7592412011,-87.6732436399,60636,"CHICAGO MIDWAY AIRPORT, IL US",78.0,68.0,71.0,0.0,10.0,0.0
crash_07847,2020-09-03 05:00:00,2020,9,Sep,Thu,5,Night or early morning,30,NO CONTROLS,CLEAR,DAYLIGHT,PARKED MOTOR VEHICLE,NOT DIVIDED,DRY,INJURY AND / OR TOW DUE TO CRASH,,true,"OVER $1,500",FAILING TO REDUCE SPEED TO AVOID CRASH,3,NO INDICATION OF INJURY,0,0,41.8145330962,-87.6725593268,60609,"CHICAGO MIDWAY AIRPORT, IL US",67.0,63.0,87.0,0.0,10.0,7.0
crash_07848,2020-12-11 19:00:00,2020,12,Dec,Fri,19,Night or early morning,30,NO CONTROLS,RAIN,"DARKNESS, LIGHTED ROAD",PARKED MOTOR VEHICLE,DIVIDED - W/MEDIAN (NOT RAISED),WET,NO INJURY / DRIVE AWAY,,true,"OVER $1,500",IMPROPER LANE USAGE,2,NO INDICATION OF INJURY,0,0,41.9094934169,-87.6870511445,60622,"CHICAGO MIDWAY AIRPORT, IL US",42.0,38.0,85.0,0.09,3.0,20.0
crash_07849,2019-04-10 09:40:00,2019,4,Apr,Wed,9,Morning commute,30,NO CONTROLS,CLEAR,DAYLIGHT,SIDESWIPE SAME DIRECTION,NOT DIVIDED,DRY,INJURY AND / OR TOW DUE TO CRASH,,,"OVER $1,500",FAILING TO YIELD RIGHT-OF-WAY,2,NO INDICATION OF INJURY,0,0,41.8746004716,-87.6285394254,60605,"CHICAGO MIDWAY AIRPORT, IL US",39.0,31.0,73.0,0.0,10.0,13.0
crash_07850,2021-01-14 13:30:00,2021,1,Jan,Thu,13,Daytime,20,NO CONTROLS,CLEAR,DAYLIGHT,PARKED MOTOR VEHICLE,NOT DIVIDED,DRY,NO INJURY / DRIVE AWAY,,true,"OVER $1,500",IMPROPER BACKING,2,NO INDICATION OF INJURY,0,0,41.7798527603,-87.7030142867,60629,"CHICAGO MIDWAY AIRPORT, IL US",40.0,31.0,70.0,0.0,10.0,13.0
crash_07851,2019-10-12 21:35:00,2019,10,Oct,Sat,21,Night or early morning,30,TRAFFIC SIGNAL,CLEAR,"DARKNESS, LIGHTED ROAD",TURNING,NOT DIVIDED,DRY,INJURY AND / OR TOW DUE TO CRASH,true,,"OVER $1,500",UNABLE TO DETERMINE,3,NONINCAPACITATING INJURY,3,0,41.9900080073,-87.7483769512,60646,"CHICAGO OHARE INTERNATIONAL AIRPORT, IL US",51.0,31.0,46.0,0.0,10.0,14.0
crash_07852,2018-04-01 14:30:00,2018,4,Apr,Sun,14,Daytime,20,NO CONTROLS,CLEAR,DAYLIGHT,PARKED MOTOR VEHICLE,ONE-WAY,DRY,NO INJURY / DRIVE AWAY,,,"$501 - $1,500",TEXTING,2,NO INDICATION OF INJURY,0,0,41.845431196,-87.7064313224,60623,"CHICAGO MIDWAY AIRPORT, IL US",36.0,13.0,39.0,0.0,10.0,13.0
crash_07853,2021-02-10 16:40:00,2021,2,Feb,Wed,16,Evening commute,30,NO CONTROLS,SNOW,DAYLIGHT,SIDESWIPE SAME DIRECTION,DIVIDED - W/MEDIAN (NOT RAISED),SNOW OR SLUSH,NO INJURY / DRIVE AWAY,,,"OVER $1,500",FAILING TO YIELD RIGHT-OF-WAY,2,NO INDICATION OF INJURY,0,0,41.890991605,-87.6554687167,60642,"CHICAGO MIDWAY AIRPORT, IL US",16.0,2.0,54.0,0.0,10.0,10.0
crash_07854,2020-10-25 01:07:00,2020,10,Oct,Sun,1,Night or early morning,30,STOP SIGN/FLASHER,CLEAR,"DARKNESS, LIGHTED ROAD",PARKED MOTOR VEHICLE,NOT DIVIDED,DRY,INJURY AND / OR TOW DUE TO CRASH,,,"OVER $1,500",UNABLE TO DETERMINE,2,NO INDICATION OF INJURY,0,0,41.8155083876,-87.7078790137,60632,"CHICAGO MIDWAY AIRPORT, IL US",43.0,30.0,60.0,0.0,10.0,14.0
crash_07855,2018-09-04 08:00:00,2018,9,Sep,Tue,8,Morning commute,0,TRAFFIC SIGNAL,CLEAR,DAYLIGHT,REAR END,NOT DIVIDED,DRY,NO INJURY / DRIVE AWAY,,,"OVER $1,500",FOLLOWING TOO CLOSELY,2,NO INDICATION OF INJURY,0,0,41.9027796711,-87.7263690269,60651,"CHICAGO MIDWAY AIRPORT, IL US",76.0,69.0,79.0,0.0,10.0,8.0
crash_07856,2024-04-27 20:00:00,2024,4,Apr,Sat,20,Night or early morning,30,TRAFFIC SIGNAL,CLEAR,DUSK,TURNING,NOT DIVIDED,DRY,NO INJURY / DRIVE AWAY,true,,"OVER $1,500",IMPROPER LANE USAGE,2,NO INDICATION OF INJURY,0,0,41.7367860468,-87.588271992,60619,"CHICAGO MIDWAY AIRPORT, IL US",75.0,61.0,62.0,0.0,10.0,17.0
crash_07857,2020-03-01 18:17:00,2020,3,Mar,Sun,18,Evening commute,30,NO CONTROLS,CLEAR,"DARKNESS, LIGHTED ROAD",PARKED MOTOR VEHICLE,NOT DIVIDED,DRY,NO INJURY / DRIVE AWAY,,true,"OVER $1,500",UNABLE TO DETERMINE,2,NO INDICATION OF INJURY,0,0,41.7779347432,-87.6157145525,60637,"CHICAGO MIDWAY AIRPORT, IL US",53.0,42.0,66.0,0.0,10.0,13.0
crash_07858,2022-12-18 20:00:00,2022,12,Dec,Sun,20,Night or early morning,30,NO CONTROLS,CLEAR,DAYLIGHT,PARKED MOTOR VEHICLE,NOT DIVIDED,DRY,INJURY AND / OR TOW DUE TO CRASH,,true,"OVER $1,500",UNABLE TO DETERMINE,2,NO INDICATION OF INJURY,0,0,41.9107102112,-87.7167220402,60647,"CHICAGO MIDWAY AIRPORT, IL US",16.0,8.0,71.0,0.0,10.0,13.0
crash_07859,2021-04-07 17:00:00,2021,4,Apr,Wed,17,Evening commute,30,NO CONTROLS,CLEAR,DAYLIGHT,SIDESWIPE SAME DIRECTION,NOT DIVIDED,DRY,NO INJURY / DRIVE AWAY,,,"OVER $1,500",FAILING TO YIELD RIGHT-OF-WAY,2,NO INDICATION OF INJURY,0,0,41.9057056281,-87.6699273301,60622,"CHICAGO MIDWAY AIRPORT, IL US",74.0,53.0,48.0,0.0,10.0,6.0
crash_07860,2024-11-04 09:05:00,2024,11,Nov,Mon,9,Morning commute,30,NO CONTROLS,RAIN,DAYLIGHT,REAR END,NOT DIVIDED,WET,NO INJURY / DRIVE AWAY,,,"$501 - $1,500",FOLLOWING TOO CLOSELY,2,NO INDICATION OF INJURY,0,0,41.7847987305,-87.7392159778,60629,"CHICAGO MIDWAY AIRPORT, IL US",66.0,61.0,84.0,0.0,10.0,18.0
crash_07861,2022-05-01 03:15:00,2022,5,May,Sun,3,Night or early morning,30,NO CONTROLS,CLEAR,DARKNESS,PARKED MOTOR VEHICLE,NOT DIVIDED,WET,INJURY AND / OR TOW DUE TO CRASH,,,"OVER $1,500",IMPROPER TURNING/NO SIGNAL,3,NO INDICATION OF INJURY,0,0,41.8598359781,-87.6588679713,60608,"CHICAGO MIDWAY AIRPORT, IL US",55.0,44.0,67.0,0.0,10.0,13.0
crash_07862,2025-01-13 12:20:00,2025,1,Jan,Mon,12,Daytime,30,UNKNOWN,CLEAR,DAYLIGHT,REAR END,NOT DIVIDED,UNKNOWN,NO INJURY / DRIVE AWAY,,,"OVER $1,500",UNABLE TO DETERMINE,2,NO INDICATION OF INJURY,0,0,41.8806053658,-87.745471064,60644,"CHICAGO MIDWAY AIRPORT, IL US",17.0,3.0,54.0,0.0,10.0,20.0
crash_07863,2023-03-14 19:00:00,2023,3,Mar,Tue,19,Night or early morning,30,TRAFFIC SIGNAL,CLEAR,"DARKNESS, LIGHTED ROAD",REAR END,NOT DIVIDED,DRY,NO INJURY / DRIVE AWAY,true,,"OVER $1,500",FAILING TO YIELD RIGHT-OF-WAY,2,NO INDICATION OF INJURY,0,0,41.8094981191,-87.6163432087,60653,"CHICAGO MIDWAY AIRPORT, IL US",31.0,18.0,59.0,0.0,10.0,9.0
crash_07864,2024-08-05 15:40:00,2024,8,Aug,Mon,15,Evening commute,30,NO CONTROLS,CLEAR,DAYLIGHT,REAR END,DIVIDED - W/MEDIAN BARRIER,DRY,NO INJURY / DRIVE AWAY,,,"$501 - $1,500",IMPROPER BACKING,2,NO INDICATION OF INJURY,0,0,41.9837108562,-87.689607318,60659,"CHICAGO OHARE INTERNATIONAL AIRPORT, IL US",84.0,72.0,67.0,0.0,10.0,14.0
crash_07865,2021-12-29 13:15:00,2021,12,Dec,Wed,13,Daytime,30,NO CONTROLS,CLEAR,DAYLIGHT,SIDESWIPE SAME DIRECTION,ONE-WAY,DRY,NO INJURY / DRIVE AWAY,,true,"OVER $1,500",UNABLE TO DETERMINE,2,NO INDICATION OF INJURY,0,0,41.6927091271,-87.6120125598,60628,"CHICAGO MIDWAY AIRPORT, IL US",38.0,24.0,57.0,0.0,10.0,6.0
crash_07866,2022-05-10 16:15:00,2022,5,May,Tue,16,Evening commute,30,NO CONTROLS,CLEAR,DAYLIGHT,TURNING,DIVIDED - W/MEDIAN (NOT RAISED),DRY,INJURY AND / OR TOW DUE TO CRASH,true,,"OVER $1,500",IMPROPER OVERTAKING/PASSING,2,NO INDICATION OF INJURY,0,0,41.8526026256,-87.6563271856,60608,"CHICAGO MIDWAY AIRPORT, IL US",90.0,68.0,48.0,0.0,10.0,14.0
crash_07867,2025-06-17 17:40:00,2025,6,Jun,Tue,17,Evening commute,30,NO CONTROLS,CLEAR,DAYLIGHT,REAR END,DIVIDED - W/MEDIAN (NOT RAISED),DRY,NO INJURY / DRIVE AWAY,,true,"$501 - $1,500",UNABLE TO DETERMINE,3,NO INDICATION OF INJURY,0,0,41.8017868428,-87.7235545527,60632,"CHICAGO MIDWAY AIRPORT, IL US",91.0,64.0,41.0,0.0,10.0,13.0
crash_07868,2022-08-21 01:00:00,2022,8,Aug,Sun,1,Night or early morning,30,NO CONTROLS,CLEAR,DARKNESS,PARKED MOTOR VEHICLE,NOT DIVIDED,DRY,NO INJURY / DRIVE AWAY,,true,"OVER $1,500",UNABLE TO DETERMINE,2,NO INDICATION OF INJURY,0,0,41.7630585078,-87.6585943156,60636,"CHICAGO MIDWAY AIRPORT, IL US",73.0,68.0,83.0,,7.0,6.0
crash_07869,2025-09-23 18:05:00,2025,9,Sep,Tue,18,Evening commute,15,NO CONTROLS,CLEAR,DAYLIGHT,PEDESTRIAN,OTHER,DRY,INJURY AND / OR TOW DUE TO CRASH,,,$500 OR LESS,"VISION OBSCURED (SIGNS, TREE LIMBS, BUILDINGS, ETC.)",2,NONINCAPACITATING INJURY,2,0,41.7930028559,-87.7521195809,60638,,,,,,,
crash_07870,2021-10-25 08:50:00,2021,10,Oct,Mon,8,Morning commute,30,NO CONTROLS,UNKNOWN,UNKNOWN,PARKED MOTOR VEHICLE,ONE-WAY,UNKNOWN,NO INJURY / DRIVE AWAY,,true,"OVER $1,500",UNABLE TO DETERMINE,2,NO INDICATION OF INJURY,0,0,41.7985436322,-87.6049827477,60615,"CHICAGO MIDWAY AIRPORT, IL US",50.0,44.0,80.0,0.02,7.0,36.0
crash_07871,2019-10-29 22:15:00,2019,10,Oct,Tue,22,Night or early morning,20,OTHER WARNING SIGN,CLEAR,"DARKNESS, LIGHTED ROAD",SIDESWIPE SAME DIRECTION,ONE-WAY,DRY,NO INJURY / DRIVE AWAY,,,"$501 - $1,500",UNABLE TO DETERMINE,2,NO INDICATION OF INJURY,0,0,41.8756990817,-87.6326285865,60605,"CHICAGO MIDWAY AIRPORT, IL US",40.0,29.0,65.0,0.0,10.0,8.0
crash_07872,2018-10-03 18:05:00,2018,10,Oct,Wed,18,Evening commute,30,UNKNOWN,CLEAR,DAYLIGHT,REAR END,ONE-WAY,UNKNOWN,NO INJURY / DRIVE AWAY,,,"$501 - $1,500",UNABLE TO DETERMINE,2,NO INDICATION OF INJURY,0,0,41.9236642302,-87.6536127587,60614,"CHICAGO MIDWAY AIRPORT, IL US",86.0,63.0,46.0,0.0,10.0,21.0
crash_07873,2018-03-29 19:00:00,2018,3,Mar,Thu,19,Night or early morning,30,NO CONTROLS,CLEAR,DAWN,PARKED MOTOR VEHICLE,NOT DIVIDED,DRY,NO INJURY / DRIVE AWAY,,true,"OVER $1,500",IMPROPER OVERTAKING/PASSING,2,NO INDICATION OF INJURY,0,0,41.9700960249,-87.7671309335,60630,"CHICAGO OHARE INTERNATIONAL AIRPORT, IL US",39.0,31.0,73.0,0.0,10.0,11.0
crash_07874,2018-09-07 16:30:00,2018,9,Sep,Fri,16,Evening commute,50,TRAFFIC SIGNAL,UNKNOWN,UNKNOWN,ANGLE,ONE-WAY,UNKNOWN,NO INJURY / DRIVE AWAY,true,true,"OVER $1,500",IMPROPER LANE USAGE,2,NO INDICATION OF INJURY,0,0,41.9112245556,-87.6264825724,60610,"CHICAGO MIDWAY AIRPORT, IL US",68.0,55.0,63.0,0.0,10.0,14.0
crash_07875,2019-11-30 18:45:00,2019,11,Nov,Sat,18,Evening commute,30,TRAFFIC SIGNAL,CLEAR,DAWN,TURNING,NOT DIVIDED,DRY,NO INJURY / DRIVE AWAY,true,,"$501 - $1,500",FOLLOWING TOO CLOSELY,2,NO INDICATION OF INJURY,0,0,41.885778441,-87.6399982286,60661,"CHICAGO MIDWAY AIRPORT, IL US",40.0,38.0,93.0,0.0,2.0,15.0
crash_07876,2024-11-23 22:58:00,2024,11,Nov,Sat,22,Night or early morning,35,NO CONTROLS,CLEAR,"DARKNESS, LIGHTED ROAD",FIXED OBJECT,NOT DIVIDED,DRY,INJURY AND / OR TOW DUE TO CRASH,,,"OVER $1,500",NOT APPLICABLE,1,NO INDICATION OF INJURY,0,0,41.7701949997,-87.6543987761,60636,"CHICAGO MIDWAY AIRPORT, IL US",39.0,33.0,79.0,0.0,10.0,9.0
crash_07877,2025-05-01 05:58:00,2025,5,May,Thu,5,Night or early morning,55,NO CONTROLS,RAIN,DAYLIGHT,REAR TO SIDE,FOUR WAY,WET,INJURY AND / OR TOW DUE TO CRASH,true,,"OVER $1,500",WEATHER,2,NO INDICATION OF INJURY,0,0,,,,,,,,,,
crash_07878,2023-07-26 11:50:00,2023,7,Jul,Wed,11,Daytime,30,TRAFFIC SIGNAL,CLEAR,DAYLIGHT,TURNING,DIVIDED - W/MEDIAN BARRIER,WET,NO INJURY / DRIVE AWAY,,,"OVER $1,500",UNABLE TO DETERMINE,2,NO INDICATION OF INJURY,0,0,41.9096716765,-87.7459674076,60639,"CHICAGO MIDWAY AIRPORT, IL US",82.0,75.0,79.0,0.0,8.0,7.0