crash_id,crash_datetime,crash_year,crash_month,crash_month_name,crash_weekday_name,crash_hour,time_period,posted_speed_limit_mph,traffic_control_device,reported_weather_condition,reported_lighting_condition,first_crash_type,trafficway_type,reported_road_surface_condition,crash_type,intersection_related,hit_and_run,estimated_damage,primary_contributory_cause,unit_count,most_severe_injury,injuries_total,injuries_fatal,latitude,longitude,zip5,weather_station_name,temperature_f,dew_point_f,relative_humidity_percent,precipitation_inches,visibility_miles,wind_speed_mph
crash_07879,2021-02-19 15:10:00,2021,2,Feb,Fri,15,Evening commute,30,NO CONTROLS,CLEAR,DAYLIGHT,SIDESWIPE SAME DIRECTION,NOT DIVIDED,DRY,NO INJURY / DRIVE AWAY,,,"OVER $1,500",IMPROPER LANE USAGE,2,NO INDICATION OF INJURY,0,0,41.7888292523,-87.6319259058,60621,"CHICAGO MIDWAY AIRPORT, IL US",20.0,9.0,62.0,0.0,8.0,15.0
crash_07880,2024-10-11 07:50:00,2024,10,Oct,Fri,7,Morning commute,30,NO CONTROLS,CLEAR,DAYLIGHT,REAR TO SIDE,DIVIDED - W/MEDIAN (NOT RAISED),DRY,NO INJURY / DRIVE AWAY,,true,"$501 - $1,500",UNABLE TO DETERMINE,2,NO INDICATION OF INJURY,0,0,41.8887956445,-87.7456119423,60644,"CHICAGO MIDWAY AIRPORT, IL US",56.0,43.0,62.0,0.0,10.0,5.0
crash_07881,2023-07-16 16:00:00,2023,7,Jul,Sun,16,Evening commute,30,TRAFFIC SIGNAL,CLEAR,DAYLIGHT,TURNING,NOT DIVIDED,DRY,INJURY AND / OR TOW DUE TO CRASH,,,"OVER $1,500",IMPROPER OVERTAKING/PASSING,2,INCAPACITATING INJURY,2,0,41.9318310256,-87.727126873,60641,"CHICAGO MIDWAY AIRPORT, IL US",81.0,58.0,45.0,0.0,8.0,17.0
crash_07882,2018-06-19 15:50:00,2018,6,Jun,Tue,15,Evening commute,30,NO CONTROLS,CLEAR,DAYLIGHT,REAR END,NOT DIVIDED,UNKNOWN,NO INJURY / DRIVE AWAY,,,"$501 - $1,500",FOLLOWING TOO CLOSELY,2,NO INDICATION OF INJURY,0,0,41.830266261,-87.6422931128,60609,"CHICAGO MIDWAY AIRPORT, IL US",76.0,67.0,74.0,0.0,10.0,11.0
crash_07883,2018-09-16 15:00:00,2018,9,Sep,Sun,15,Evening commute,25,NO CONTROLS,CLEAR,DAYLIGHT,PARKED MOTOR VEHICLE,PARKING LOT,DRY,NO INJURY / DRIVE AWAY,,true,"$501 - $1,500",NOT APPLICABLE,2,NO INDICATION OF INJURY,0,0,41.8446400036,-87.70387455,60623,"CHICAGO MIDWAY AIRPORT, IL US",85.0,67.0,55.0,0.0,10.0,14.0
crash_07884,2023-05-09 19:31:00,2023,5,May,Tue,19,Night or early morning,30,STOP SIGN/FLASHER,CLEAR,DAYLIGHT,SIDESWIPE SAME DIRECTION,NOT DIVIDED,DRY,NO INJURY / DRIVE AWAY,false,true,"OVER $1,500","OPERATING VEHICLE IN ERRATIC, RECKLESS, CARELESS, NEGLIGENT OR AGGRESSIVE MANNER",3,NO INDICATION OF INJURY,0,0,41.895314759,-87.7201998415,60624,"CHICAGO MIDWAY AIRPORT, IL US",62.0,37.0,40.0,0.0,10.0,6.0
crash_07885,2018-06-18 14:40:00,2018,6,Jun,Mon,14,Daytime,30,NO CONTROLS,CLEAR,DAYLIGHT,TURNING,DIVIDED - W/MEDIAN (NOT RAISED),DRY,NO INJURY / DRIVE AWAY,,,"OVER $1,500",FAILING TO YIELD RIGHT-OF-WAY,2,NO INDICATION OF INJURY,0,0,41.8677529119,-87.6256858362,60605,"CHICAGO MIDWAY AIRPORT, IL US",94.0,72.0,49.0,0.0,10.0,17.0
crash_07886,2020-07-28 17:44:00,2020,7,Jul,Tue,17,Evening commute,30,NO CONTROLS,CLEAR,DAYLIGHT,SIDESWIPE SAME DIRECTION,NOT DIVIDED,DRY,NO INJURY / DRIVE AWAY,,,"OVER $1,500",UNABLE TO DETERMINE,2,NO INDICATION OF INJURY,0,0,41.7584317793,-87.6198482157,60619,"CHICAGO MIDWAY AIRPORT, IL US",85.0,61.0,45.0,0.0,10.0,13.0
crash_07887,2025-11-23 00:23:00,2025,11,Nov,Sun,0,Night or early morning,30,TRAFFIC SIGNAL,CLEAR,"DARKNESS, LIGHTED ROAD",FIXED OBJECT,ONE-WAY,DRY,INJURY AND / OR TOW DUE TO CRASH,,,"OVER $1,500",UNABLE TO DETERMINE,1,NONINCAPACITATING INJURY,1,0,41.8744983688,-87.71965751,60624,,,,,,,
crash_07888,2018-07-16 14:00:00,2018,7,Jul,Mon,14,Daytime,30,STOP SIGN/FLASHER,RAIN,DAYLIGHT,TURNING,OTHER,WET,INJURY AND / OR TOW DUE TO CRASH,true,,"OVER $1,500",FAILING TO YIELD RIGHT-OF-WAY,2,NONINCAPACITATING INJURY,3,0,41.9320324463,-87.7161130953,60618,"CHICAGO MIDWAY AIRPORT, IL US",91.0,69.0,49.0,0.0,10.0,9.0
crash_07889,2018-06-27 14:09:00,2018,6,Jun,Wed,14,Daytime,20,STOP SIGN/FLASHER,CLEAR,DAYLIGHT,SIDESWIPE SAME DIRECTION,ONE-WAY,DRY,NO INJURY / DRIVE AWAY,,,"OVER $1,500",UNABLE TO DETERMINE,3,NO INDICATION OF INJURY,0,0,41.8951550503,-87.7201092193,60624,"CHICAGO MIDWAY AIRPORT, IL US",79.0,68.0,69.0,0.0,10.0,0.0
crash_07890,2022-07-01 12:40:00,2022,7,Jul,Fri,12,Daytime,30,TRAFFIC SIGNAL,CLEAR,DAYLIGHT,TURNING,NOT DIVIDED,WET,NO INJURY / DRIVE AWAY,true,,"$501 - $1,500",FOLLOWING TOO CLOSELY,2,NO INDICATION OF INJURY,0,0,41.9023938231,-87.6284689242,60610,"CHICAGO MIDWAY AIRPORT, IL US",75.0,56.0,52.0,0.0,10.0,10.0
crash_07891,2023-11-17 08:00:00,2023,11,Nov,Fri,8,Morning commute,30,NO CONTROLS,CLEAR,DAYLIGHT,SIDESWIPE SAME DIRECTION,DIVIDED - W/MEDIAN (NOT RAISED),DRY,NO INJURY / DRIVE AWAY,,,"OVER $1,500",IMPROPER LANE USAGE,2,NO INDICATION OF INJURY,0,0,41.9494895044,-87.6884814099,60618,"CHICAGO MIDWAY AIRPORT, IL US",50.0,38.0,63.0,0.0,10.0,15.0
crash_07892,2021-06-28 12:45:00,2021,6,Jun,Mon,12,Daytime,30,TRAFFIC SIGNAL,CLEAR,DAYLIGHT,REAR END,NOT DIVIDED,UNKNOWN,NO INJURY / DRIVE AWAY,,true,"$501 - $1,500",IMPROPER OVERTAKING/PASSING,2,NO INDICATION OF INJURY,0,0,41.9363142418,-87.6541313644,60657,"CHICAGO MIDWAY AIRPORT, IL US",81.0,69.0,67.0,,10.0,3.0
crash_07893,2019-08-13 11:45:00,2019,8,Aug,Tue,11,Daytime,25,TRAFFIC SIGNAL,CLEAR,DAYLIGHT,PEDESTRIAN,NOT DIVIDED,DRY,NO INJURY / DRIVE AWAY,true,true,$500 OR LESS,UNABLE TO DETERMINE,2,NO INDICATION OF INJURY,0,0,41.7510204707,-87.6151022455,60619,"CHICAGO MIDWAY AIRPORT, IL US",80.0,69.0,69.0,,10.0,6.0
crash_07894,2021-10-09 14:59:00,2021,10,Oct,Sat,14,Daytime,30,NO CONTROLS,CLEAR,DAYLIGHT,FIXED OBJECT,DIVIDED - W/MEDIAN (NOT RAISED),DRY,NO INJURY / DRIVE AWAY,,,$500 OR LESS,UNABLE TO DETERMINE,1,NO INDICATION OF INJURY,0,0,41.8691046038,-87.6203560584,60605,"CHICAGO MIDWAY AIRPORT, IL US",80.0,57.0,45.0,0.0,10.0,9.0
crash_07895,2024-04-27 15:00:00,2024,4,Apr,Sat,15,Evening commute,35,NO CONTROLS,CLEAR,DAYLIGHT,PARKED MOTOR VEHICLE,ALLEY,DRY,NO INJURY / DRIVE AWAY,,true,"OVER $1,500",DRIVING SKILLS/KNOWLEDGE/EXPERIENCE,2,NO INDICATION OF INJURY,0,0,41.8081631903,-87.7077076671,60632,"CHICAGO MIDWAY AIRPORT, IL US",78.0,62.0,58.0,0.0,10.0,22.0
crash_07896,2024-03-19 14:59:00,2024,3,Mar,Tue,14,Daytime,30,UNKNOWN,CLEAR,DAYLIGHT,REAR TO FRONT,FOUR WAY,DRY,INJURY AND / OR TOW DUE TO CRASH,true,,"OVER $1,500",UNABLE TO DETERMINE,2,NO INDICATION OF INJURY,0,0,41.7934448357,-87.6742248084,60636,"CHICAGO MIDWAY AIRPORT, IL US",56.0,26.0,32.0,0.0,10.0,18.0
crash_07897,2021-05-08 06:24:00,2021,5,May,Sat,6,Morning commute,30,TRAFFIC SIGNAL,CLEAR,DAYLIGHT,ANGLE,FOUR WAY,DRY,INJURY AND / OR TOW DUE TO CRASH,true,,"OVER $1,500",DISREGARDING TRAFFIC SIGNALS,2,"REPORTED, NOT EVIDENT",1,0,41.8758324041,-87.6243527094,60605,"CHICAGO MIDWAY AIRPORT, IL US",41.0,34.0,76.0,0.0,10.0,6.0
crash_07898,2020-02-12 08:30:00,2020,2,Feb,Wed,8,Morning commute,30,NO CONTROLS,CLEAR,DAYLIGHT,PARKED MOTOR VEHICLE,NOT DIVIDED,DRY,NO INJURY / DRIVE AWAY,,,"$501 - $1,500",UNABLE TO DETERMINE,2,NO INDICATION OF INJURY,0,0,41.9986977557,-87.6607603618,60626,"CHICAGO OHARE INTERNATIONAL AIRPORT, IL US",31.0,19.0,61.0,0.0,10.0,9.0
crash_07899,2025-10-22 07:45:00,2025,10,Oct,Wed,7,Morning commute,30,STOP SIGN/FLASHER,CLEAR,DAYLIGHT,TURNING,NOT DIVIDED,DRY,NO INJURY / DRIVE AWAY,true,,"OVER $1,500",FAILING TO YIELD RIGHT-OF-WAY,2,NO INDICATION OF INJURY,0,0,41.8167520311,-87.6995329552,60632,,,,,,,
crash_07900,2021-01-09 16:46:00,2021,1,Jan,Sat,16,Evening commute,30,NO CONTROLS,CLEAR,DAYLIGHT,PEDESTRIAN,NOT DIVIDED,DRY,INJURY AND / OR TOW DUE TO CRASH,true,,$500 OR LESS,UNABLE TO DETERMINE,2,INCAPACITATING INJURY,1,0,41.9631157707,-87.7564546785,60630,"CHICAGO OHARE INTERNATIONAL AIRPORT, IL US",33.0,23.0,66.0,0.0,10.0,8.0
crash_07901,2023-03-10 15:00:00,2023,3,Mar,Fri,15,Evening commute,30,NO CONTROLS,CLEAR,DAYLIGHT,REAR END,DIVIDED - W/MEDIAN (NOT RAISED),DRY,INJURY AND / OR TOW DUE TO CRASH,,true,"OVER $1,500",UNABLE TO DETERMINE,2,"REPORTED, NOT EVIDENT",1,0,41.705584458,-87.6426469368,60628,"CHICAGO MIDWAY AIRPORT, IL US",36.0,31.0,82.0,0.0,10.0,13.0
crash_07902,2018-03-13 01:55:00,2018,3,Mar,Tue,1,Night or early morning,30,TRAFFIC SIGNAL,CLEAR,"DARKNESS, LIGHTED ROAD",ANGLE,OTHER,DRY,INJURY AND / OR TOW DUE TO CRASH,true,true,"OVER $1,500",DISREGARDING TRAFFIC SIGNALS,2,NO INDICATION OF INJURY,0,0,41.8745991564,-87.7157409093,60624,"CHICAGO MIDWAY AIRPORT, IL US",31.0,21.0,67.0,0.0,10.0,7.0
crash_07903,2019-08-07 13:15:00,2019,8,Aug,Wed,13,Daytime,30,STOP SIGN/FLASHER,CLEAR,DAYLIGHT,REAR END,NOT DIVIDED,DRY,NO INJURY / DRIVE AWAY,,,"OVER $1,500",FOLLOWING TOO CLOSELY,2,NO INDICATION OF INJURY,0,0,41.7561304291,-87.6566144329,60620,"CHICAGO MIDWAY AIRPORT, IL US",86.0,59.0,40.0,0.0,10.0,10.0
crash_07904,2021-04-19 11:22:00,2021,4,Apr,Mon,11,Daytime,35,TRAFFIC SIGNAL,RAIN,DAWN,SIDESWIPE SAME DIRECTION,DIVIDED - W/MEDIAN (NOT RAISED),WET,NO INJURY / DRIVE AWAY,,true,$500 OR LESS,UNABLE TO DETERMINE,2,NO INDICATION OF INJURY,0,0,41.7514606032,-87.585971993,60619,"CHICAGO MIDWAY AIRPORT, IL US",45.0,37.0,74.0,0.03,10.0,18.0
crash_07905,2022-06-22 22:00:00,2022,6,Jun,Wed,22,Night or early morning,30,UNKNOWN,UNKNOWN,UNKNOWN,REAR END,NOT DIVIDED,UNKNOWN,NO INJURY / DRIVE AWAY,,true,"OVER $1,500",UNABLE TO DETERMINE,2,NO INDICATION OF INJURY,0,0,41.8751782773,-87.745219034,60644,"CHICAGO MIDWAY AIRPORT, IL US",81.0,55.0,41.0,0.0,10.0,3.0
crash_07906,2019-04-22 23:45:00,2019,4,Apr,Mon,23,Night or early morning,30,TRAFFIC SIGNAL,CLEAR,"DARKNESS, LIGHTED ROAD",TURNING,NOT DIVIDED,DRY,NO INJURY / DRIVE AWAY,true,,"OVER $1,500",DISREGARDING TRAFFIC SIGNALS,2,NO INDICATION OF INJURY,0,0,41.8954767516,-87.7261443599,60651,"CHICAGO MIDWAY AIRPORT, IL US",68.0,52.0,57.0,0.0,10.0,18.0
crash_07907,2018-06-27 20:05:00,2018,6,Jun,Wed,20,Night or early morning,30,NO CONTROLS,CLEAR,DAYLIGHT,REAR END,NOT DIVIDED,DRY,NO INJURY / DRIVE AWAY,true,,"OVER $1,500",FAILING TO REDUCE SPEED TO AVOID CRASH,4,NO INDICATION OF INJURY,0,0,41.9268228984,-87.7563925652,60639,"CHICAGO OHARE INTERNATIONAL AIRPORT, IL US",75.0,63.0,66.0,0.0,10.0,5.0
crash_07908,2018-04-24 17:06:00,2018,4,Apr,Tue,17,Evening commute,30,STOP SIGN/FLASHER,CLEAR,DAYLIGHT,ANGLE,NOT DIVIDED,DRY,INJURY AND / OR TOW DUE TO CRASH,,,"OVER $1,500",FAILING TO YIELD RIGHT-OF-WAY,2,NO INDICATION OF INJURY,0,0,41.9606819313,-87.7597303521,60630,"CHICAGO OHARE INTERNATIONAL AIRPORT, IL US",63.0,47.0,56.0,0.0,10.0,10.0
crash_07909,2024-03-02 02:22:00,2024,3,Mar,Sat,2,Night or early morning,30,NO CONTROLS,CLEAR,"DARKNESS, LIGHTED ROAD",SIDESWIPE OPPOSITE DIRECTION,FOUR WAY,DRY,INJURY AND / OR TOW DUE TO CRASH,true,false,"OVER $1,500",DRIVING ON WRONG SIDE/WRONG WAY,2,NO INDICATION OF INJURY,0,0,41.7587272575,-87.6022073903,60619,"CHICAGO MIDWAY AIRPORT, IL US",42.0,32.0,68.0,0.0,10.0,8.0
crash_07910,2023-08-05 16:56:00,2023,8,Aug,Sat,16,Evening commute,25,STOP SIGN/FLASHER,CLEAR,DAYLIGHT,REAR END,T-INTERSECTION,WET,NO INJURY / DRIVE AWAY,,,"$501 - $1,500",FOLLOWING TOO CLOSELY,2,NO INDICATION OF INJURY,0,0,41.8025097363,-87.5937766523,60615,"CHICAGO MIDWAY AIRPORT, IL US",73.0,68.0,84.0,0.0,10.0,11.0
crash_07911,2025-04-03 07:23:00,2025,4,Apr,Thu,7,Morning commute,30,NO CONTROLS,CLEAR,DAYLIGHT,REAR END,NOT DIVIDED,DRY,NO INJURY / DRIVE AWAY,,,"OVER $1,500",UNABLE TO DETERMINE,3,NO INDICATION OF INJURY,0,0,41.9171704254,-87.6973375021,60647,"CHICAGO MIDWAY AIRPORT, IL US",49.0,37.0,64.0,0.0,10.0,18.0
crash_07912,2021-04-04 11:55:00,2021,4,Apr,Sun,11,Daytime,30,STOP SIGN/FLASHER,CLEAR,DAYLIGHT,HEAD ON,NOT DIVIDED,DRY,INJURY AND / OR TOW DUE TO CRASH,,,"OVER $1,500",FAILING TO YIELD RIGHT-OF-WAY,3,NONINCAPACITATING INJURY,2,0,41.8081443013,-87.7105958324,60632,"CHICAGO MIDWAY AIRPORT, IL US",68.0,39.0,35.0,0.0,10.0,6.0
crash_07913,2021-04-11 16:25:00,2021,4,Apr,Sun,16,Evening commute,45,NO CONTROLS,CLEAR,DAYLIGHT,FIXED OBJECT,RAMP,DRY,INJURY AND / OR TOW DUE TO CRASH,,true,"OVER $1,500",UNABLE TO DETERMINE,1,NO INDICATION OF INJURY,0,0,41.8474209823,-87.612391204,60616,"CHICAGO MIDWAY AIRPORT, IL US",53.0,41.0,64.0,,10.0,5.0
crash_07914,2020-06-17 23:06:00,2020,6,Jun,Wed,23,Night or early morning,30,NO CONTROLS,CLEAR,"DARKNESS, LIGHTED ROAD",PARKED MOTOR VEHICLE,ONE-WAY,DRY,INJURY AND / OR TOW DUE TO CRASH,,,"OVER $1,500",UNABLE TO DETERMINE,3,NO INDICATION OF INJURY,0,0,41.9574858958,-87.7758511753,60634,"CHICAGO OHARE INTERNATIONAL AIRPORT, IL US",74.0,52.0,46.0,0.0,10.0,0.0
crash_07915,2020-12-20 02:00:00,2020,12,Dec,Sun,2,Night or early morning,25,NO CONTROLS,CLEAR,"DARKNESS, LIGHTED ROAD",PARKED MOTOR VEHICLE,ONE-WAY,DRY,INJURY AND / OR TOW DUE TO CRASH,,,"OVER $1,500",UNABLE TO DETERMINE,2,NO INDICATION OF INJURY,0,0,41.9569323973,-87.7226572787,60618,"CHICAGO OHARE INTERNATIONAL AIRPORT, IL US",35.0,30.0,82.0,0.0,6.0,7.0
crash_07916,2022-03-30 18:43:00,2022,3,Mar,Wed,18,Evening commute,25,NO CONTROLS,RAIN,"DARKNESS, LIGHTED ROAD",TURNING,NOT DIVIDED,WET,NO INJURY / DRIVE AWAY,,,"OVER $1,500",UNABLE TO DETERMINE,2,NO INDICATION OF INJURY,0,0,41.8497912612,-87.6756313169,60608,"CHICAGO MIDWAY AIRPORT, IL US",61.0,57.0,87.0,0.06,5.0,9.0
crash_07917,2021-05-22 05:38:00,2021,5,May,Sat,5,Night or early morning,30,UNKNOWN,CLEAR,DARKNESS,PARKED MOTOR VEHICLE,NOT DIVIDED,DRY,INJURY AND / OR TOW DUE TO CRASH,,true,"OVER $1,500",UNABLE TO DETERMINE,4,NO INDICATION OF INJURY,0,0,41.9742707542,-87.6514953089,60640,"CHICAGO MIDWAY AIRPORT, IL US",70.0,56.0,61.0,0.0,10.0,7.0
crash_07918,2018-08-26 07:21:00,2018,8,Aug,Sun,7,Morning commute,15,NO CONTROLS,CLEAR,DAYLIGHT,PARKED MOTOR VEHICLE,ALLEY,DRY,INJURY AND / OR TOW DUE TO CRASH,,,"OVER $1,500",UNDER THE INFLUENCE OF ALCOHOL/DRUGS (USE WHEN ARREST IS EFFECTED),2,NO INDICATION OF INJURY,0,0,41.7378348048,-87.6554267447,60620,"CHICAGO MIDWAY AIRPORT, IL US",75.0,74.0,96.0,0.0,5.0,5.0
crash_07919,2021-10-02 19:07:00,2021,10,Oct,Sat,19,Night or early morning,15,NO CONTROLS,CLEAR,"DARKNESS, LIGHTED ROAD",PARKED MOTOR VEHICLE,ALLEY,DRY,INJURY AND / OR TOW DUE TO CRASH,,,"OVER $1,500",FAILING TO REDUCE SPEED TO AVOID CRASH,2,NO INDICATION OF INJURY,0,0,41.9781363245,-87.6988493039,60625,"CHICAGO OHARE INTERNATIONAL AIRPORT, IL US",70.0,68.0,93.0,0.0,10.0,7.0
crash_07920,2020-10-30 04:00:00,2020,10,Oct,Fri,4,Night or early morning,30,STOP SIGN/FLASHER,CLEAR,DAYLIGHT,PARKED MOTOR VEHICLE,ONE-WAY,DRY,NO INJURY / DRIVE AWAY,,true,"OVER $1,500",UNABLE TO DETERMINE,3,NO INDICATION OF INJURY,0,0,41.8201411827,-87.6979575227,60632,"CHICAGO MIDWAY AIRPORT, IL US",33.0,22.0,64.0,0.0,10.0,9.0
crash_07921,2020-01-17 19:03:00,2020,1,Jan,Fri,19,Night or early morning,30,NO CONTROLS,SNOW,"DARKNESS, LIGHTED ROAD",FIXED OBJECT,NOT DIVIDED,SNOW OR SLUSH,NO INJURY / DRIVE AWAY,,,"OVER $1,500",UNABLE TO DETERMINE,1,NO INDICATION OF INJURY,0,0,41.7326367064,-87.6436678771,60620,"CHICAGO MIDWAY AIRPORT, IL US",26.0,23.0,88.0,0.0,1.0,17.0
crash_07922,2025-10-29 17:00:00,2025,10,Oct,Wed,17,Evening commute,30,TRAFFIC SIGNAL,CLEAR,DAYLIGHT,REAR END,NOT DIVIDED,UNKNOWN,NO INJURY / DRIVE AWAY,,,"OVER $1,500",FOLLOWING TOO CLOSELY,2,NO INDICATION OF INJURY,0,0,41.6736789862,-87.5593986073,60633,,,,,,,
crash_07923,2023-11-16 08:10:00,2023,11,Nov,Thu,8,Morning commute,25,STOP SIGN/FLASHER,CLEAR,DAWN,TURNING,FOUR WAY,DRY,INJURY AND / OR TOW DUE TO CRASH,,,"OVER $1,500",IMPROPER TURNING/NO SIGNAL,2,"REPORTED, NOT EVIDENT",1,0,41.7713642474,-87.7202695338,60629,"CHICAGO MIDWAY AIRPORT, IL US",49.0,36.0,61.0,0.0,10.0,7.0
crash_07924,2020-12-16 17:00:00,2020,12,Dec,Wed,17,Evening commute,30,NO CONTROLS,CLEAR,DAYLIGHT,PARKED MOTOR VEHICLE,NOT DIVIDED,DRY,NO INJURY / DRIVE AWAY,,true,"$501 - $1,500",NOT APPLICABLE,2,NO INDICATION OF INJURY,0,0,41.8389549944,-87.7074637901,60623,"CHICAGO MIDWAY AIRPORT, IL US",33.0,24.0,70.0,0.0,9.0,8.0
crash_07925,2020-05-23 12:20:00,2020,5,May,Sat,12,Daytime,0,NO CONTROLS,CLEAR,DAYLIGHT,PARKED MOTOR VEHICLE,PARKING LOT,DRY,NO INJURY / DRIVE AWAY,,true,"OVER $1,500",UNABLE TO DETERMINE,2,NO INDICATION OF INJURY,0,0,41.8388723304,-87.6461509665,60616,"CHICAGO MIDWAY AIRPORT, IL US",78.0,58.0,50.0,0.0,10.0,17.0
crash_07926,2024-01-17 16:00:00,2024,1,Jan,Wed,16,Evening commute,30,TRAFFIC SIGNAL,CLEAR,DAYLIGHT,HEAD ON,CENTER TURN LANE,DRY,NO INJURY / DRIVE AWAY,,true,"OVER $1,500",UNABLE TO DETERMINE,2,NO INDICATION OF INJURY,0,0,41.7718840277,-87.6835884021,60629,"CHICAGO MIDWAY AIRPORT, IL US",19.0,6.0,57.0,0.0,10.0,16.0
crash_07927,2018-04-24 15:25:00,2018,4,Apr,Tue,15,Evening commute,30,NO CONTROLS,CLEAR,DAYLIGHT,ANGLE,ONE-WAY,DRY,NO INJURY / DRIVE AWAY,,,"$501 - $1,500",FAILING TO YIELD RIGHT-OF-WAY,2,NO INDICATION OF INJURY,0,0,41.9462380809,-87.7468276311,60641,"CHICAGO OHARE INTERNATIONAL AIRPORT, IL US",63.0,47.0,56.0,0.0,10.0,10.0
crash_07928,2025-08-05 17:35:00,2025,8,Aug,Tue,17,Evening commute,30,NO CONTROLS,CLEAR,DAYLIGHT,REAR END,DIVIDED - W/MEDIAN BARRIER,DRY,NO INJURY / DRIVE AWAY,,,"OVER $1,500",FOLLOWING TOO CLOSELY,2,NO INDICATION OF INJURY,0,0,41.9304460869,-87.6876971843,60647,"CHICAGO MIDWAY AIRPORT, IL US",81.0,58.0,45.0,0.0,10.0,9.0
crash_07929,2024-02-15 11:40:00,2024,2,Feb,Thu,11,Daytime,30,STOP SIGN/FLASHER,CLEAR,DAYLIGHT,SIDESWIPE SAME DIRECTION,ONE-WAY,DRY,NO INJURY / DRIVE AWAY,,,"OVER $1,500",UNABLE TO DETERMINE,2,NO INDICATION OF INJURY,0,0,41.9103275578,-87.6797566382,60622,"CHICAGO MIDWAY AIRPORT, IL US",42.0,28.0,58.0,0.0,10.0,15.0
crash_07930,2020-02-13 16:30:00,2020,2,Feb,Thu,16,Evening commute,30,NO CONTROLS,SNOW,"DARKNESS, LIGHTED ROAD",SIDESWIPE SAME DIRECTION,NOT DIVIDED,WET,NO INJURY / DRIVE AWAY,,,"$501 - $1,500",UNABLE TO DETERMINE,2,NO INDICATION OF INJURY,0,0,41.7263555463,-87.5855514927,60619,"CHICAGO MIDWAY AIRPORT, IL US",12.0,1.0,62.0,,10.0,15.0
crash_07931,2018-05-10 08:15:00,2018,5,May,Thu,8,Morning commute,30,NO CONTROLS,CLEAR,DAYLIGHT,REAR END,DIVIDED - W/MEDIAN BARRIER,DRY,NO INJURY / DRIVE AWAY,,,"OVER $1,500",FOLLOWING TOO CLOSELY,3,NO INDICATION OF INJURY,0,0,41.7718230606,-87.6249586294,60637,"CHICAGO MIDWAY AIRPORT, IL US",63.0,54.0,73.0,,10.0,11.0
crash_07932,2020-08-14 14:53:00,2020,8,Aug,Fri,14,Daytime,30,TRAFFIC SIGNAL,CLEAR,DAYLIGHT,PEDALCYCLIST,FOUR WAY,DRY,INJURY AND / OR TOW DUE TO CRASH,true,,"$501 - $1,500","OPERATING VEHICLE IN ERRATIC, RECKLESS, CARELESS, NEGLIGENT OR AGGRESSIVE MANNER",2,INCAPACITATING INJURY,1,0,41.8673024412,-87.6275176117,60605,"CHICAGO MIDWAY AIRPORT, IL US",87.0,55.0,34.0,0.0,10.0,10.0
crash_07933,2025-09-23 08:17:00,2025,9,Sep,Tue,8,Morning commute,25,STOP SIGN/FLASHER,CLEAR,DAYLIGHT,ANGLE,NOT DIVIDED,DRY,NO INJURY / DRIVE AWAY,,true,$500 OR LESS,UNABLE TO DETERMINE,2,NO INDICATION OF INJURY,0,0,41.8877721028,-87.7576363591,60644,,,,,,,
crash_07934,2020-11-17 12:50:00,2020,11,Nov,Tue,12,Daytime,30,NO CONTROLS,CLEAR,DAYLIGHT,SIDESWIPE SAME DIRECTION,NOT DIVIDED,DRY,NO INJURY / DRIVE AWAY,,true,"OVER $1,500",FAILING TO REDUCE SPEED TO AVOID CRASH,2,NO INDICATION OF INJURY,0,0,41.9393974689,-87.7470269006,60641,"CHICAGO OHARE INTERNATIONAL AIRPORT, IL US",40.0,18.0,41.0,0.0,10.0,13.0
crash_07935,2023-08-14 19:06:00,2023,8,Aug,Mon,19,Night or early morning,30,NO CONTROLS,RAIN,DUSK,REAR TO FRONT,ONE-WAY,WET,NO INJURY / DRIVE AWAY,false,,"$501 - $1,500",IMPROPER BACKING,2,NO INDICATION OF INJURY,0,0,41.9756867841,-87.6868707174,60625,"CHICAGO OHARE INTERNATIONAL AIRPORT, IL US",66.0,63.0,90.0,0.01,10.0,11.0
crash_07936,2025-12-19 08:57:00,2025,12,Dec,Fri,8,Morning commute,30,TRAFFIC SIGNAL,CLEAR,DAYLIGHT,REAR END,NOT DIVIDED,DRY,INJURY AND / OR TOW DUE TO CRASH,,,"OVER $1,500",EQUIPMENT - VEHICLE CONDITION,2,NO INDICATION OF INJURY,0,0,41.7742521489,-87.6444965499,60621,,,,,,,
crash_07937,2021-08-22 02:50:00,2021,8,Aug,Sun,2,Night or early morning,30,NO CONTROLS,CLEAR,"DARKNESS, LIGHTED ROAD",PARKED MOTOR VEHICLE,NOT DIVIDED,DRY,NO INJURY / DRIVE AWAY,,true,"$501 - $1,500",UNABLE TO DETERMINE,2,NO INDICATION OF INJURY,0,0,41.6934765927,-87.6341385293,60628,"CHICAGO MIDWAY AIRPORT, IL US",77.0,64.0,64.0,0.0,10.0,14.0
crash_07938,2023-12-15 17:43:00,2023,12,Dec,Fri,17,Evening commute,30,NO CONTROLS,CLEAR,DUSK,TURNING,PARKING LOT,DRY,INJURY AND / OR TOW DUE TO CRASH,,true,$500 OR LESS,FOLLOWING TOO CLOSELY,3,NONINCAPACITATING INJURY,2,0,41.9761866177,-87.7283996818,60630,"CHICAGO OHARE INTERNATIONAL AIRPORT, IL US",47.0,30.0,52.0,0.0,10.0,3.0