crash_id,crash_datetime,crash_year,crash_month,crash_month_name,crash_weekday_name,crash_hour,time_period,posted_speed_limit_mph,traffic_control_device,reported_weather_condition,reported_lighting_condition,first_crash_type,trafficway_type,reported_road_surface_condition,crash_type,intersection_related,hit_and_run,estimated_damage,primary_contributory_cause,unit_count,most_severe_injury,injuries_total,injuries_fatal,latitude,longitude,zip5,weather_station_name,temperature_f,dew_point_f,relative_humidity_percent,precipitation_inches,visibility_miles,wind_speed_mph
crash_07939,2025-11-20 18:05:00,2025,11,Nov,Thu,18,Evening commute,30,NO CONTROLS,CLEAR,"DARKNESS, LIGHTED ROAD",PARKED MOTOR VEHICLE,NOT DIVIDED,DRY,INJURY AND / OR TOW DUE TO CRASH,,,"OVER $1,500",FAILING TO REDUCE SPEED TO AVOID CRASH,4,NONINCAPACITATING INJURY,1,0,41.9742285077,-87.7811395349,60630,,,,,,,
crash_07940,2020-11-28 18:41:00,2020,11,Nov,Sat,18,Evening commute,30,NO CONTROLS,CLEAR,"DARKNESS, LIGHTED ROAD",SIDESWIPE SAME DIRECTION,ONE-WAY,DRY,NO INJURY / DRIVE AWAY,,true,"$501 - $1,500",IMPROPER LANE USAGE,2,NO INDICATION OF INJURY,0,0,41.8839557397,-87.6260902649,60602,"CHICAGO MIDWAY AIRPORT, IL US",44.0,35.0,71.0,0.0,10.0,17.0
crash_07941,2018-07-26 17:35:00,2018,7,Jul,Thu,17,Evening commute,25,NO CONTROLS,CLEAR,DAYLIGHT,PARKED MOTOR VEHICLE,NOT DIVIDED,DRY,NO INJURY / DRIVE AWAY,,,"OVER $1,500",NOT APPLICABLE,2,NO INDICATION OF INJURY,0,0,41.9372032129,-87.6832886096,60618,"CHICAGO MIDWAY AIRPORT, IL US",78.0,55.0,45.0,0.0,10.0,14.0
crash_07942,2023-12-02 14:30:00,2023,12,Dec,Sat,14,Daytime,30,NO CONTROLS,CLEAR,DAYLIGHT,PARKED MOTOR VEHICLE,DIVIDED - W/MEDIAN BARRIER,DRY,NO INJURY / DRIVE AWAY,,true,"$501 - $1,500",UNABLE TO DETERMINE,2,NO INDICATION OF INJURY,0,0,41.7942882568,-87.6205910422,60637,"CHICAGO MIDWAY AIRPORT, IL US",44.0,36.0,73.0,0.0,10.0,0.0
crash_07943,2023-11-04 00:29:00,2023,11,Nov,Sat,0,Night or early morning,30,STOP SIGN/FLASHER,RAIN,"DARKNESS, LIGHTED ROAD",TURNING,FOUR WAY,WET,INJURY AND / OR TOW DUE TO CRASH,true,,"OVER $1,500",FAILING TO YIELD RIGHT-OF-WAY,4,NONINCAPACITATING INJURY,1,0,41.9450598024,-87.8216217647,60634,"CHICAGO OHARE INTERNATIONAL AIRPORT, IL US",50.0,43.0,77.0,0.0,10.0,3.0
crash_07944,2022-02-05 12:47:00,2022,2,Feb,Sat,12,Daytime,30,TRAFFIC SIGNAL,CLEAR,DAYLIGHT,TURNING,NOT DIVIDED,SNOW OR SLUSH,INJURY AND / OR TOW DUE TO CRASH,true,,"OVER $1,500",UNABLE TO DETERMINE,3,NONINCAPACITATING INJURY,1,0,41.9594675067,-87.8368420506,60656,"CHICAGO OHARE INTERNATIONAL AIRPORT, IL US",18.0,4.0,54.0,0.0,10.0,13.0
crash_07945,2020-05-17 14:15:00,2020,5,May,Sun,14,Daytime,30,NO CONTROLS,RAIN,DAWN,TURNING,DIVIDED - W/MEDIAN BARRIER,WET,INJURY AND / OR TOW DUE TO CRASH,,,"OVER $1,500",IMPROPER OVERTAKING/PASSING,2,NO INDICATION OF INJURY,0,0,41.7580778438,-87.6276904452,60620,"CHICAGO MIDWAY AIRPORT, IL US",66.0,65.0,96.0,0.16,1.75,10.0
crash_07946,2024-09-30 11:47:00,2024,9,Sep,Mon,11,Daytime,30,STOP SIGN/FLASHER,CLEAR,DAYLIGHT,ANGLE,FOUR WAY,DRY,INJURY AND / OR TOW DUE TO CRASH,true,,"OVER $1,500",FAILING TO YIELD RIGHT-OF-WAY,2,NONINCAPACITATING INJURY,1,0,41.7973947475,-87.6842729635,60632,"CHICAGO MIDWAY AIRPORT, IL US",75.0,62.0,64.0,0.0,10.0,7.0
crash_07947,2025-07-29 15:20:00,2025,7,Jul,Tue,15,Evening commute,20,NO CONTROLS,CLEAR,DAYLIGHT,REAR END,DIVIDED - W/MEDIAN (NOT RAISED),DRY,NO INJURY / DRIVE AWAY,,true,"OVER $1,500",FOLLOWING TOO CLOSELY,2,NO INDICATION OF INJURY,0,0,41.9761132113,-87.6812708033,60625,"CHICAGO OHARE INTERNATIONAL AIRPORT, IL US",91.0,69.0,49.0,0.0,10.0,10.0
crash_07948,2023-04-07 22:05:00,2023,4,Apr,Fri,22,Night or early morning,30,NO CONTROLS,CLEAR,"DARKNESS, LIGHTED ROAD",FIXED OBJECT,T-INTERSECTION,DRY,INJURY AND / OR TOW DUE TO CRASH,,true,"OVER $1,500",UNABLE TO DETERMINE,1,NO INDICATION OF INJURY,0,0,41.8847864445,-87.7259303768,60624,"CHICAGO MIDWAY AIRPORT, IL US",41.0,29.0,62.0,0.0,10.0,7.0
crash_07949,2019-05-27 11:40:00,2019,5,May,Mon,11,Daytime,30,NO CONTROLS,CLEAR,DAYLIGHT,SIDESWIPE SAME DIRECTION,DIVIDED - W/MEDIAN (NOT RAISED),DRY,NO INJURY / DRIVE AWAY,,true,"$501 - $1,500",UNABLE TO DETERMINE,2,NO INDICATION OF INJURY,0,0,41.9380268254,-87.8175982834,60634,"CHICAGO OHARE INTERNATIONAL AIRPORT, IL US",73.0,60.0,64.0,0.0,10.0,9.0
crash_07950,2022-07-10 16:55:00,2022,7,Jul,Sun,16,Evening commute,30,NO CONTROLS,CLEAR,DAYLIGHT,REAR END,DIVIDED - W/MEDIAN BARRIER,DRY,INJURY AND / OR TOW DUE TO CRASH,,false,"OVER $1,500",UNABLE TO DETERMINE,2,NONINCAPACITATING INJURY,2,0,41.8418285826,-87.6270169621,60616,"CHICAGO MIDWAY AIRPORT, IL US",86.0,50.0,29.0,0.0,10.0,9.0
crash_07951,2019-10-27 17:30:00,2019,10,Oct,Sun,17,Evening commute,25,NO CONTROLS,CLEAR,DAYLIGHT,PARKED MOTOR VEHICLE,ONE-WAY,DRY,NO INJURY / DRIVE AWAY,,,"OVER $1,500",UNABLE TO DETERMINE,2,NO INDICATION OF INJURY,0,0,41.8825866865,-87.7634162196,60644,"CHICAGO MIDWAY AIRPORT, IL US",57.0,43.0,60.0,0.0,10.0,7.0
crash_07952,2019-12-23 11:50:00,2019,12,Dec,Mon,11,Daytime,30,TRAFFIC SIGNAL,CLEAR,DAYLIGHT,SIDESWIPE SAME DIRECTION,DIVIDED - W/MEDIAN (NOT RAISED),DRY,INJURY AND / OR TOW DUE TO CRASH,,,$500 OR LESS,IMPROPER OVERTAKING/PASSING,2,NONINCAPACITATING INJURY,1,0,41.9701539535,-87.6888091098,60625,"CHICAGO OHARE INTERNATIONAL AIRPORT, IL US",47.0,33.0,59.0,0.0,10.0,9.0
crash_07953,2022-01-25 08:07:00,2022,1,Jan,Tue,8,Morning commute,30,NO CONTROLS,SNOW,DAYLIGHT,PARKED MOTOR VEHICLE,ONE-WAY,OTHER,NO INJURY / DRIVE AWAY,,,"$501 - $1,500",UNABLE TO DETERMINE,2,NO INDICATION OF INJURY,0,0,41.7845357733,-87.7033586743,60629,"CHICAGO MIDWAY AIRPORT, IL US",6.0,-4.0,63.0,0.0,10.0,8.0
crash_07954,2018-02-14 13:50:00,2018,2,Feb,Wed,13,Daytime,30,STOP SIGN/FLASHER,CLEAR,DAYLIGHT,ANGLE,OTHER,WET,INJURY AND / OR TOW DUE TO CRASH,true,,"OVER $1,500",FAILING TO YIELD RIGHT-OF-WAY,3,INCAPACITATING INJURY,2,0,41.9970145861,-87.8104134816,60631,"CHICAGO OHARE INTERNATIONAL AIRPORT, IL US",43.0,34.0,71.0,0.0,10.0,16.0
crash_07955,2025-04-09 17:24:00,2025,4,Apr,Wed,17,Evening commute,30,NO CONTROLS,RAIN,DAYLIGHT,REAR END,NOT DIVIDED,WET,NO INJURY / DRIVE AWAY,,,"$501 - $1,500",FOLLOWING TOO CLOSELY,2,NO INDICATION OF INJURY,0,0,41.8588331008,-87.7150565177,60623,"CHICAGO MIDWAY AIRPORT, IL US",41.0,33.0,73.0,0.0,10.0,9.0
crash_07956,2020-07-29 08:04:00,2020,7,Jul,Wed,8,Morning commute,30,TRAFFIC SIGNAL,CLEAR,DAYLIGHT,ANGLE,NOT DIVIDED,DRY,INJURY AND / OR TOW DUE TO CRASH,true,,"OVER $1,500",FAILING TO REDUCE SPEED TO AVOID CRASH,2,"REPORTED, NOT EVIDENT",1,0,41.8831762668,-87.635194817,60606,"CHICAGO MIDWAY AIRPORT, IL US",74.0,65.0,74.0,0.0,10.0,11.0
crash_07957,2020-02-15 03:55:00,2020,2,Feb,Sat,3,Night or early morning,30,TRAFFIC SIGNAL,CLEAR,"DARKNESS, LIGHTED ROAD",SIDESWIPE OPPOSITE DIRECTION,FOUR WAY,ICE,NO INJURY / DRIVE AWAY,true,,"OVER $1,500",IMPROPER BACKING,2,NO INDICATION OF INJURY,0,0,41.8815015272,-87.6716084446,60612,"CHICAGO MIDWAY AIRPORT, IL US",15.0,5.0,64.0,0.0,10.0,14.0
crash_07958,2023-03-31 20:45:00,2023,3,Mar,Fri,20,Night or early morning,25,NO CONTROLS,SEVERE CROSS WIND GATE,"DARKNESS, LIGHTED ROAD",OTHER NONCOLLISION,ONE-WAY,WET,INJURY AND / OR TOW DUE TO CRASH,,,"OVER $1,500",WEATHER,1,,,,41.7767707145,-87.7190698362,60629,"CHICAGO MIDWAY AIRPORT, IL US",57.0,48.0,72.0,0.04,9.0,31.0
crash_07959,2021-09-14 08:05:00,2021,9,Sep,Tue,8,Morning commute,15,NO CONTROLS,CLEAR,DAYLIGHT,PARKED MOTOR VEHICLE,NOT DIVIDED,DRY,NO INJURY / DRIVE AWAY,,,"OVER $1,500",IMPROPER BACKING,2,NO INDICATION OF INJURY,0,0,41.7081077919,-87.5341393856,60617,"CHICAGO MIDWAY AIRPORT, IL US",75.0,66.0,74.0,0.0,10.0,17.0
crash_07960,2019-03-25 10:30:00,2019,3,Mar,Mon,10,Daytime,30,TRAFFIC SIGNAL,CLEAR,DAYLIGHT,REAR END,DIVIDED - W/MEDIAN BARRIER,DRY,NO INJURY / DRIVE AWAY,,,"$501 - $1,500",UNABLE TO DETERMINE,2,NO INDICATION OF INJURY,0,0,41.8090521559,-87.6308774513,60609,"CHICAGO MIDWAY AIRPORT, IL US",39.0,24.0,55.0,0.0,10.0,17.0
crash_07961,2018-10-28 19:45:00,2018,10,Oct,Sun,19,Night or early morning,30,TRAFFIC SIGNAL,CLEAR,DAYLIGHT,TURNING,DIVIDED - W/MEDIAN (NOT RAISED),DRY,NO INJURY / DRIVE AWAY,true,,"OVER $1,500",IMPROPER TURNING/NO SIGNAL,2,NO INDICATION OF INJURY,0,0,41.8880370137,-87.6362006829,60654,"CHICAGO MIDWAY AIRPORT, IL US",48.0,41.0,77.0,0.0,10.0,13.0
crash_07962,2020-02-12 15:20:00,2020,2,Feb,Wed,15,Evening commute,30,STOP SIGN/FLASHER,SNOW,DAYLIGHT,ANGLE,NOT DIVIDED,SNOW OR SLUSH,INJURY AND / OR TOW DUE TO CRASH,true,,"OVER $1,500",FAILING TO YIELD RIGHT-OF-WAY,3,NONINCAPACITATING INJURY,1,0,41.9305939496,-87.7565373658,60639,"CHICAGO OHARE INTERNATIONAL AIRPORT, IL US",34.0,28.0,79.0,0.01,0.75,8.0
crash_07963,2025-05-14 19:00:00,2025,5,May,Wed,19,Night or early morning,20,NO CONTROLS,CLEAR,UNKNOWN,PARKED MOTOR VEHICLE,NOT DIVIDED,UNKNOWN,NO INJURY / DRIVE AWAY,,,"$501 - $1,500",IMPROPER BACKING,2,NO INDICATION OF INJURY,0,0,41.8830557333,-87.7422236357,60644,"CHICAGO MIDWAY AIRPORT, IL US",73.0,59.0,62.0,0.0,10.0,11.0
crash_07964,2022-12-05 11:00:00,2022,12,Dec,Mon,11,Daytime,30,TRAFFIC SIGNAL,CLEAR,DAYLIGHT,REAR END,DIVIDED - W/MEDIAN (NOT RAISED),DRY,NO INJURY / DRIVE AWAY,,,"OVER $1,500",UNABLE TO DETERMINE,2,NO INDICATION OF INJURY,0,0,41.9380619825,-87.8158672996,60634,"CHICAGO OHARE INTERNATIONAL AIRPORT, IL US",38.0,23.0,55.0,0.0,10.0,9.0
crash_07965,2025-01-28 15:00:00,2025,1,Jan,Tue,15,Evening commute,20,NO CONTROLS,CLEAR,DAYLIGHT,PARKED MOTOR VEHICLE,ONE-WAY,DRY,NO INJURY / DRIVE AWAY,,true,"OVER $1,500",UNABLE TO DETERMINE,2,NO INDICATION OF INJURY,0,0,41.7739068203,-87.6970672986,60629,"CHICAGO MIDWAY AIRPORT, IL US",48.0,23.0,37.0,,10.0,22.0
crash_07966,2025-02-22 03:00:00,2025,2,Feb,Sat,3,Night or early morning,30,NO CONTROLS,CLEAR,"DARKNESS, LIGHTED ROAD",PARKED MOTOR VEHICLE,ONE-WAY,DRY,NO INJURY / DRIVE AWAY,,true,$500 OR LESS,UNABLE TO DETERMINE,2,NO INDICATION OF INJURY,0,0,41.7825765225,-87.6143222744,60637,"CHICAGO MIDWAY AIRPORT, IL US",21.0,10.0,62.0,0.0,10.0,10.0
crash_07967,2024-02-14 08:05:00,2024,2,Feb,Wed,8,Morning commute,30,NO CONTROLS,CLEAR,DAYLIGHT,REAR END,NOT DIVIDED,DRY,INJURY AND / OR TOW DUE TO CRASH,,true,"OVER $1,500",UNABLE TO DETERMINE,2,NONINCAPACITATING INJURY,1,0,41.9786291929,-87.8068449342,60656,"CHICAGO OHARE INTERNATIONAL AIRPORT, IL US",30.0,22.0,72.0,0.0,10.0,5.0
crash_07968,2020-09-08 11:40:00,2020,9,Sep,Tue,11,Daytime,25,NO CONTROLS,RAIN,DAYLIGHT,REAR END,DIVIDED - W/MEDIAN BARRIER,WET,INJURY AND / OR TOW DUE TO CRASH,,,"$501 - $1,500",FOLLOWING TOO CLOSELY,2,"REPORTED, NOT EVIDENT",1,0,41.9541935847,-87.6836752695,60618,"CHICAGO MIDWAY AIRPORT, IL US",64.0,59.0,84.0,0.0,7.0,15.0
crash_07969,2020-06-04 10:13:00,2020,6,Jun,Thu,10,Daytime,15,NO CONTROLS,CLEAR,DAYLIGHT,TURNING,FOUR WAY,DRY,NO INJURY / DRIVE AWAY,true,,"OVER $1,500",IMPROPER LANE USAGE,2,NO INDICATION OF INJURY,0,0,41.8587160699,-87.7321390633,60623,"CHICAGO MIDWAY AIRPORT, IL US",80.0,68.0,67.0,0.0,10.0,9.0
crash_07970,2024-11-22 09:15:00,2024,11,Nov,Fri,9,Morning commute,30,NO CONTROLS,CLOUDY/OVERCAST,DAYLIGHT,SIDESWIPE SAME DIRECTION,NOT DIVIDED,DRY,NO INJURY / DRIVE AWAY,,,"OVER $1,500",FAILING TO YIELD RIGHT-OF-WAY,2,NO INDICATION OF INJURY,0,0,41.8967201137,-87.6175675066,60611,"CHICAGO MIDWAY AIRPORT, IL US",45.0,37.0,74.0,,10.0,16.0
crash_07971,2023-04-12 18:50:00,2023,4,Apr,Wed,18,Evening commute,10,UNKNOWN,CLEAR,DAYLIGHT,PARKED MOTOR VEHICLE,ALLEY,DRY,NO INJURY / DRIVE AWAY,,,"OVER $1,500",UNABLE TO DETERMINE,2,NO INDICATION OF INJURY,0,0,41.9452158345,-87.8038425862,60634,"CHICAGO OHARE INTERNATIONAL AIRPORT, IL US",79.0,39.0,24.0,0.0,10.0,13.0
crash_07972,2025-05-12 18:20:00,2025,5,May,Mon,18,Evening commute,30,NO CONTROLS,CLEAR,DAYLIGHT,PARKED MOTOR VEHICLE,ONE-WAY,DRY,NO INJURY / DRIVE AWAY,,,$500 OR LESS,DRIVING SKILLS/KNOWLEDGE/EXPERIENCE,2,NO INDICATION OF INJURY,0,0,,,,,,,,,,
crash_07973,2018-01-20 11:00:00,2018,1,Jan,Sat,11,Daytime,30,STOP SIGN/FLASHER,CLEAR,DAYLIGHT,PARKED MOTOR VEHICLE,NOT DIVIDED,DRY,NO INJURY / DRIVE AWAY,true,true,"OVER $1,500",UNABLE TO DETERMINE,2,NO INDICATION OF INJURY,0,0,41.7850691776,-87.6423416946,60621,"CHICAGO MIDWAY AIRPORT, IL US",42.0,31.0,65.0,0.0,10.0,9.0
crash_07974,2020-10-17 21:45:00,2020,10,Oct,Sat,21,Night or early morning,30,TRAFFIC SIGNAL,CLEAR,DARKNESS,ANGLE,NOT DIVIDED,DRY,NO INJURY / DRIVE AWAY,true,,"OVER $1,500",DISREGARDING TRAFFIC SIGNALS,2,NO INDICATION OF INJURY,0,0,41.802111715,-87.6225708369,60615,"CHICAGO MIDWAY AIRPORT, IL US",60.0,25.0,26.0,0.0,10.0,18.0
crash_07975,2022-01-23 02:20:00,2022,1,Jan,Sun,2,Night or early morning,30,TRAFFIC SIGNAL,SNOW,"DARKNESS, LIGHTED ROAD",TURNING,"FIVE POINT, OR MORE",SNOW OR SLUSH,INJURY AND / OR TOW DUE TO CRASH,true,true,"OVER $1,500",FAILING TO YIELD RIGHT-OF-WAY,2,NO INDICATION OF INJURY,0,0,42.0157859949,-87.6753128629,60626,"CHICAGO OHARE INTERNATIONAL AIRPORT, IL US",20.0,16.0,85.0,0.07,0.5,6.0
crash_07976,2020-09-12 12:45:00,2020,9,Sep,Sat,12,Daytime,30,NO CONTROLS,RAIN,DAYLIGHT,REAR END,NOT DIVIDED,WET,NO INJURY / DRIVE AWAY,,,"OVER $1,500",FOLLOWING TOO CLOSELY,3,NO INDICATION OF INJURY,0,0,41.9446985786,-87.7864745678,60634,"CHICAGO OHARE INTERNATIONAL AIRPORT, IL US",68.0,66.0,94.0,,3.0,9.0
crash_07977,2024-09-23 14:00:00,2024,9,Sep,Mon,14,Daytime,30,UNKNOWN,UNKNOWN,UNKNOWN,REAR END,DIVIDED - W/MEDIAN BARRIER,UNKNOWN,NO INJURY / DRIVE AWAY,,,"OVER $1,500",UNABLE TO DETERMINE,2,NO INDICATION OF INJURY,0,0,41.9533256302,-87.6688743004,60613,"CHICAGO MIDWAY AIRPORT, IL US",68.0,50.0,53.0,0.0,10.0,8.0
crash_07978,2018-12-04 18:30:00,2018,12,Dec,Tue,18,Evening commute,35,TRAFFIC SIGNAL,CLEAR,DARKNESS,PARKED MOTOR VEHICLE,DIVIDED - W/MEDIAN (NOT RAISED),DRY,NO INJURY / DRIVE AWAY,,true,"$501 - $1,500",UNABLE TO DETERMINE,2,NO INDICATION OF INJURY,0,0,41.9981555121,-87.6900440726,60645,"CHICAGO OHARE INTERNATIONAL AIRPORT, IL US",30.0,22.0,72.0,0.0,9.0,7.0
crash_07979,2023-11-01 07:50:00,2023,11,Nov,Wed,7,Morning commute,30,UNKNOWN,CLEAR,DAYLIGHT,TURNING,NOT DIVIDED,DRY,NO INJURY / DRIVE AWAY,true,,"OVER $1,500",IMPROPER TURNING/NO SIGNAL,2,NO INDICATION OF INJURY,0,0,41.9005280358,-87.7114373518,60651,"CHICAGO MIDWAY AIRPORT, IL US",28.0,24.0,85.0,0.0,10.0,3.0
crash_07980,2019-01-09 16:06:00,2019,1,Jan,Wed,16,Evening commute,15,OTHER,CLEAR,"DARKNESS, LIGHTED ROAD",OTHER OBJECT,NOT DIVIDED,DRY,NO INJURY / DRIVE AWAY,,true,$500 OR LESS,FAILING TO YIELD RIGHT-OF-WAY,2,NO INDICATION OF INJURY,0,0,41.8320171643,-87.7048209183,60623,"CHICAGO MIDWAY AIRPORT, IL US",21.0,6.0,52.0,0.0,10.0,13.0
crash_07981,2019-04-29 12:00:00,2019,4,Apr,Mon,12,Daytime,35,NO CONTROLS,RAIN,DAYLIGHT,SIDESWIPE SAME DIRECTION,NOT DIVIDED,WET,INJURY AND / OR TOW DUE TO CRASH,,,"OVER $1,500",UNABLE TO DETERMINE,2,NO INDICATION OF INJURY,0,0,41.9231521016,-87.6453432405,60614,"CHICAGO MIDWAY AIRPORT, IL US",46.0,45.0,96.0,0.07,7.0,16.0
crash_07982,2019-02-24 10:08:00,2019,2,Feb,Sun,10,Daytime,30,TRAFFIC SIGNAL,CLEAR,DAYLIGHT,TURNING,NOT DIVIDED,DRY,NO INJURY / DRIVE AWAY,true,,"$501 - $1,500",UNABLE TO DETERMINE,2,NO INDICATION OF INJURY,0,0,41.8806062243,-87.7454022859,60644,"CHICAGO MIDWAY AIRPORT, IL US",30.0,23.0,75.0,0.0,10.0,30.0
crash_07983,2021-01-25 15:30:00,2021,1,Jan,Mon,15,Evening commute,30,TRAFFIC SIGNAL,CLEAR,DAYLIGHT,REAR END,NOT DIVIDED,DRY,NO INJURY / DRIVE AWAY,,,"OVER $1,500",FOLLOWING TOO CLOSELY,2,NO INDICATION OF INJURY,0,0,41.7355454302,-87.6728895856,60620,"CHICAGO MIDWAY AIRPORT, IL US",33.0,24.0,70.0,0.0,9.0,17.0
crash_07984,2023-01-26 15:00:00,2023,1,Jan,Thu,15,Evening commute,30,UNKNOWN,UNKNOWN,UNKNOWN,PARKED MOTOR VEHICLE,UNKNOWN,UNKNOWN,NO INJURY / DRIVE AWAY,,true,"OVER $1,500",UNABLE TO DETERMINE,2,NO INDICATION OF INJURY,0,0,41.9843233817,-87.7642673126,60646,"CHICAGO OHARE INTERNATIONAL AIRPORT, IL US",23.0,17.0,78.0,0.0,4.0,16.0
crash_07985,2019-09-03 08:35:00,2019,9,Sep,Tue,8,Morning commute,30,TRAFFIC SIGNAL,RAIN,DAYLIGHT,REAR END,NOT DIVIDED,WET,NO INJURY / DRIVE AWAY,,,"OVER $1,500",DRIVING SKILLS/KNOWLEDGE/EXPERIENCE,2,NO INDICATION OF INJURY,0,0,41.8125409026,-87.6457818383,60609,"CHICAGO MIDWAY AIRPORT, IL US",69.0,65.0,87.0,0.04,10.0,25.0
crash_07986,2022-12-15 16:15:00,2022,12,Dec,Thu,16,Evening commute,30,NO CONTROLS,SNOW,DUSK,ANGLE,ONE-WAY,WET,NO INJURY / DRIVE AWAY,,,"OVER $1,500",FAILING TO REDUCE SPEED TO AVOID CRASH,2,NO INDICATION OF INJURY,0,0,41.891338206,-87.6489425083,60642,"CHICAGO MIDWAY AIRPORT, IL US",33.0,30.0,89.0,,1.0,11.0
crash_07987,2020-09-16 20:30:00,2020,9,Sep,Wed,20,Night or early morning,30,TRAFFIC SIGNAL,CLEAR,"DARKNESS, LIGHTED ROAD",SIDESWIPE SAME DIRECTION,NOT DIVIDED,DRY,NO INJURY / DRIVE AWAY,true,,"OVER $1,500",IMPROPER LANE USAGE,2,NO INDICATION OF INJURY,0,0,41.8804959314,-87.6442280645,60661,"CHICAGO MIDWAY AIRPORT, IL US",74.0,61.0,64.0,0.0,10.0,11.0
crash_07988,2020-02-02 02:15:00,2020,2,Feb,Sun,2,Night or early morning,30,TRAFFIC SIGNAL,UNKNOWN,"DARKNESS, LIGHTED ROAD",REAR END,NOT DIVIDED,UNKNOWN,NO INJURY / DRIVE AWAY,,true,"OVER $1,500",FOLLOWING TOO CLOSELY,3,NO INDICATION OF INJURY,0,0,41.7583928091,-87.610400252,60619,"CHICAGO MIDWAY AIRPORT, IL US",36.0,30.0,79.0,0.0,10.0,14.0
crash_07989,2024-10-05 10:15:00,2024,10,Oct,Sat,10,Daytime,30,NO CONTROLS,CLEAR,DAYLIGHT,SIDESWIPE SAME DIRECTION,NOT DIVIDED,DRY,NO INJURY / DRIVE AWAY,,,"OVER $1,500",IMPROPER LANE USAGE,2,NO INDICATION OF INJURY,0,0,41.7502981815,-87.6764746803,60620,"CHICAGO MIDWAY AIRPORT, IL US",67.0,51.0,57.0,0.0,10.0,11.0
crash_07990,2022-09-28 15:59:00,2022,9,Sep,Wed,15,Evening commute,30,NO CONTROLS,CLEAR,DAYLIGHT,TURNING,NOT DIVIDED,DRY,NO INJURY / DRIVE AWAY,,,"$501 - $1,500",UNABLE TO DETERMINE,2,NO INDICATION OF INJURY,0,0,41.8956320522,-87.6869868676,60612,"CHICAGO MIDWAY AIRPORT, IL US",62.0,38.0,41.0,0.0,10.0,11.0
crash_07991,2019-03-26 16:00:00,2019,3,Mar,Tue,16,Evening commute,30,NO CONTROLS,CLEAR,DAYLIGHT,REAR END,NOT DIVIDED,DRY,INJURY AND / OR TOW DUE TO CRASH,,true,"OVER $1,500",UNABLE TO DETERMINE,2,NO INDICATION OF INJURY,0,0,41.9729377779,-87.7783832169,60630,"CHICAGO OHARE INTERNATIONAL AIRPORT, IL US",47.0,6.0,19.0,0.0,10.0,7.0
crash_07992,2021-07-24 03:32:00,2021,7,Jul,Sat,3,Night or early morning,30,TRAFFIC SIGNAL,CLEAR,"DARKNESS, LIGHTED ROAD",PEDESTRIAN,DIVIDED - W/MEDIAN (NOT RAISED),DRY,INJURY AND / OR TOW DUE TO CRASH,true,,$500 OR LESS,TURNING RIGHT ON RED,2,NONINCAPACITATING INJURY,1,0,41.9400010764,-87.6542558592,60657,"CHICAGO MIDWAY AIRPORT, IL US",77.0,68.0,74.0,0.0,9.0,8.0
crash_07993,2022-07-14 17:00:00,2022,7,Jul,Thu,17,Evening commute,30,NO CONTROLS,CLEAR,DAYLIGHT,PEDALCYCLIST,NOT DIVIDED,DRY,INJURY AND / OR TOW DUE TO CRASH,,true,"$501 - $1,500",FOLLOWING TOO CLOSELY,3,"REPORTED, NOT EVIDENT",1,0,41.9209230257,-87.727654653,60639,"CHICAGO MIDWAY AIRPORT, IL US",81.0,56.0,42.0,0.0,10.0,6.0
crash_07994,2022-11-29 17:00:00,2022,11,Nov,Tue,17,Evening commute,30,NO CONTROLS,CLEAR,DARKNESS,PARKED MOTOR VEHICLE,NOT DIVIDED,DRY,NO INJURY / DRIVE AWAY,,true,"OVER $1,500",UNABLE TO DETERMINE,2,NO INDICATION OF INJURY,0,0,41.8454827503,-87.6305114241,60616,"CHICAGO MIDWAY AIRPORT, IL US",58.0,49.0,72.0,0.0,10.0,16.0
crash_07995,2018-10-26 21:55:00,2018,10,Oct,Fri,21,Night or early morning,30,NO CONTROLS,CLEAR,"DARKNESS, LIGHTED ROAD",REAR END,DIVIDED - W/MEDIAN (NOT RAISED),DRY,NO INJURY / DRIVE AWAY,,,"$501 - $1,500",FOLLOWING TOO CLOSELY,2,NO INDICATION OF INJURY,0,0,41.9903810956,-87.6910995987,60659,"CHICAGO OHARE INTERNATIONAL AIRPORT, IL US",49.0,41.0,74.0,0.0,10.0,9.0
crash_07996,2019-04-25 02:30:00,2019,4,Apr,Thu,2,Night or early morning,30,NO CONTROLS,CLEAR,"DARKNESS, LIGHTED ROAD",PARKED MOTOR VEHICLE,DIVIDED - W/MEDIAN (NOT RAISED),DRY,NO INJURY / DRIVE AWAY,,true,"OVER $1,500",PHYSICAL CONDITION OF DRIVER,2,NO INDICATION OF INJURY,0,0,41.9091665232,-87.726634993,60651,"CHICAGO MIDWAY AIRPORT, IL US",52.0,33.0,49.0,0.0,10.0,0.0
crash_07997,2025-11-20 19:30:00,2025,11,Nov,Thu,19,Night or early morning,30,NO CONTROLS,CLEAR,"DARKNESS, LIGHTED ROAD",REAR END,DIVIDED - W/MEDIAN (NOT RAISED),DRY,NO INJURY / DRIVE AWAY,,,"OVER $1,500",FOLLOWING TOO CLOSELY,3,NO INDICATION OF INJURY,0,0,41.9679617245,-87.7439286587,60630,,,,,,,
crash_07998,2021-04-15 20:20:00,2021,4,Apr,Thu,20,Night or early morning,30,TRAFFIC SIGNAL,CLEAR,"DARKNESS, LIGHTED ROAD",SIDESWIPE SAME DIRECTION,DIVIDED - W/MEDIAN (NOT RAISED),DRY,NO INJURY / DRIVE AWAY,,,"OVER $1,500",FAILING TO YIELD RIGHT-OF-WAY,2,NO INDICATION OF INJURY,0,0,41.8529666606,-87.6347354908,60616,"CHICAGO MIDWAY AIRPORT, IL US",44.0,30.0,58.0,0.0,10.0,7.0