crash_id,crash_datetime,crash_year,crash_month,crash_month_name,crash_weekday_name,crash_hour,time_period,posted_speed_limit_mph,traffic_control_device,reported_weather_condition,reported_lighting_condition,first_crash_type,trafficway_type,reported_road_surface_condition,crash_type,intersection_related,hit_and_run,estimated_damage,primary_contributory_cause,unit_count,most_severe_injury,injuries_total,injuries_fatal,latitude,longitude,zip5,weather_station_name,temperature_f,dew_point_f,relative_humidity_percent,precipitation_inches,visibility_miles,wind_speed_mph
crash_07999,2025-10-14 13:34:00,2025,10,Oct,Tue,13,Daytime,30,NO CONTROLS,CLEAR,DAYLIGHT,PARKED MOTOR VEHICLE,NOT DIVIDED,DRY,NO INJURY / DRIVE AWAY,,,"OVER $1,500",FOLLOWING TOO CLOSELY,2,NO INDICATION OF INJURY,0,0,41.8468753252,-87.6804108779,60608,,,,,,,
crash_08000,2021-01-01 11:13:00,2021,1,Jan,Fri,11,Daytime,25,STOP SIGN/FLASHER,SNOW,DAYLIGHT,TURNING,FOUR WAY,SNOW OR SLUSH,NO INJURY / DRIVE AWAY,true,,"OVER $1,500",WEATHER,2,NO INDICATION OF INJURY,0,0,41.7134344735,-87.5647317531,60617,"CHICAGO MIDWAY AIRPORT, IL US",32.0,26.0,79.0,0.0,6.0,16.0
crash_08001,2021-12-25 08:54:00,2021,12,Dec,Sat,8,Morning commute,40,NO CONTROLS,CLEAR,DAYLIGHT,FIXED OBJECT,DIVIDED - W/MEDIAN BARRIER,WET,INJURY AND / OR TOW DUE TO CRASH,,,"OVER $1,500",UNABLE TO DETERMINE,1,NO INDICATION OF INJURY,0,0,41.91103585,-87.6261512941,60610,"CHICAGO MIDWAY AIRPORT, IL US",45.0,36.0,71.0,0.0,10.0,10.0
crash_08002,2019-06-25 14:00:00,2019,6,Jun,Tue,14,Daytime,10,NO CONTROLS,CLEAR,DAYLIGHT,REAR TO SIDE,PARKING LOT,DRY,NO INJURY / DRIVE AWAY,,,"OVER $1,500",FAILING TO YIELD RIGHT-OF-WAY,2,NO INDICATION OF INJURY,0,0,41.8941134637,-87.6194285458,60611,"CHICAGO MIDWAY AIRPORT, IL US",85.0,59.0,42.0,0.0,10.0,20.0
crash_08003,2022-03-24 08:35:00,2022,3,Mar,Thu,8,Morning commute,30,NO CONTROLS,RAIN,DAYLIGHT,TURNING,NOT DIVIDED,WET,NO INJURY / DRIVE AWAY,true,,"$501 - $1,500",UNABLE TO DETERMINE,2,NO INDICATION OF INJURY,0,0,41.9025932347,-87.7225824939,60651,"CHICAGO MIDWAY AIRPORT, IL US",44.0,39.0,83.0,0.01,10.0,13.0
crash_08004,2022-02-15 16:59:00,2022,2,Feb,Tue,16,Evening commute,30,TRAFFIC SIGNAL,CLEAR,DAYLIGHT,TURNING,FOUR WAY,DRY,NO INJURY / DRIVE AWAY,true,,"OVER $1,500",FAILING TO YIELD RIGHT-OF-WAY,2,NO INDICATION OF INJURY,0,0,41.9180420456,-87.6679961798,60614,"CHICAGO MIDWAY AIRPORT, IL US",37.0,21.0,52.0,0.0,10.0,15.0
crash_08005,2019-01-26 11:45:00,2019,1,Jan,Sat,11,Daytime,30,TRAFFIC SIGNAL,CLOUDY/OVERCAST,DAYLIGHT,SIDESWIPE SAME DIRECTION,DIVIDED - W/MEDIAN (NOT RAISED),DRY,NO INJURY / DRIVE AWAY,true,true,"$501 - $1,500",IMPROPER OVERTAKING/PASSING,2,NO INDICATION OF INJURY,0,0,41.9466019794,-87.6939304387,60618,"CHICAGO MIDWAY AIRPORT, IL US",11.0,-2.0,55.0,0.0,10.0,8.0
crash_08006,2019-08-05 17:45:00,2019,8,Aug,Mon,17,Evening commute,20,NO CONTROLS,CLEAR,DAYLIGHT,PARKED MOTOR VEHICLE,ONE-WAY,DRY,NO INJURY / DRIVE AWAY,,true,"$501 - $1,500",UNABLE TO DETERMINE,2,NO INDICATION OF INJURY,0,0,41.9969372688,-87.6982507237,60659,"CHICAGO OHARE INTERNATIONAL AIRPORT, IL US",88.0,59.0,38.0,0.0,10.0,15.0
crash_08007,2019-06-25 17:11:00,2019,6,Jun,Tue,17,Evening commute,30,NO CONTROLS,CLEAR,DAYLIGHT,REAR END,DIVIDED - W/MEDIAN (NOT RAISED),WET,NO INJURY / DRIVE AWAY,,,"OVER $1,500",NOT APPLICABLE,3,NO INDICATION OF INJURY,0,0,41.9174140344,-87.6931572689,60647,"CHICAGO MIDWAY AIRPORT, IL US",85.0,62.0,46.0,,10.0,16.0
crash_08008,2025-06-29 15:00:00,2025,6,Jun,Sun,15,Evening commute,30,NO CONTROLS,CLEAR,DAYLIGHT,PARKED MOTOR VEHICLE,ONE-WAY,DRY,NO INJURY / DRIVE AWAY,,,"OVER $1,500","DISTRACTION - OTHER ELECTRONIC DEVICE (NAVIGATION DEVICE, DVD PLAYER, ETC.)",2,NO INDICATION OF INJURY,0,0,41.707678602,-87.6500039584,60643,"CHICAGO MIDWAY AIRPORT, IL US",89.0,66.0,47.0,0.0,10.0,11.0
crash_08009,2019-12-04 09:41:00,2019,12,Dec,Wed,9,Morning commute,30,STOP SIGN/FLASHER,CLEAR,DAYLIGHT,PARKED MOTOR VEHICLE,NOT DIVIDED,DRY,NO INJURY / DRIVE AWAY,,true,"$501 - $1,500",UNABLE TO DETERMINE,2,NO INDICATION OF INJURY,0,0,41.8894102698,-87.7635205986,60644,"CHICAGO MIDWAY AIRPORT, IL US",39.0,28.0,65.0,0.0,10.0,15.0
crash_08010,2023-06-28 17:00:00,2023,6,Jun,Wed,17,Evening commute,30,UNKNOWN,CLEAR,DAYLIGHT,REAR TO REAR,UNKNOWN,DRY,NO INJURY / DRIVE AWAY,,,"OVER $1,500",NOT APPLICABLE,2,NO INDICATION OF INJURY,0,0,41.8060894456,-87.7270588776,60632,"CHICAGO MIDWAY AIRPORT, IL US",82.0,56.0,41.0,0.0,1.75,11.0
crash_08011,2024-08-20 10:30:00,2024,8,Aug,Tue,10,Daytime,30,TRAFFIC SIGNAL,CLEAR,DAYLIGHT,TURNING,NOT DIVIDED,DRY,NO INJURY / DRIVE AWAY,,,"$501 - $1,500",FOLLOWING TOO CLOSELY,2,NO INDICATION OF INJURY,0,0,41.7208489266,-87.6819151126,60643,"CHICAGO MIDWAY AIRPORT, IL US",69.0,50.0,51.0,0.0,10.0,15.0
crash_08012,2025-07-20 15:40:00,2025,7,Jul,Sun,15,Evening commute,30,NO CONTROLS,CLEAR,DAYLIGHT,REAR END,DIVIDED - W/MEDIAN (NOT RAISED),UNKNOWN,NO INJURY / DRIVE AWAY,,true,"OVER $1,500",FOLLOWING TOO CLOSELY,2,NO INDICATION OF INJURY,0,0,41.9972946699,-87.7084628471,60659,"CHICAGO OHARE INTERNATIONAL AIRPORT, IL US",72.0,64.0,76.0,0.0,10.0,13.0
crash_08013,2020-10-25 12:42:00,2020,10,Oct,Sun,12,Daytime,30,TRAFFIC SIGNAL,CLEAR,DAYLIGHT,TURNING,NOT DIVIDED,DRY,INJURY AND / OR TOW DUE TO CRASH,true,,"OVER $1,500",IMPROPER TURNING/NO SIGNAL,2,NONINCAPACITATING INJURY,1,0,41.875658543,-87.6244049409,60605,"CHICAGO MIDWAY AIRPORT, IL US",47.0,34.0,61.0,0.0,10.0,14.0
crash_08014,2019-11-30 16:50:00,2019,11,Nov,Sat,16,Evening commute,35,TRAFFIC SIGNAL,RAIN,DARKNESS,REAR END,NOT DIVIDED,WET,NO INJURY / DRIVE AWAY,,true,"$501 - $1,500",IMPROPER OVERTAKING/PASSING,2,NO INDICATION OF INJURY,0,0,41.8180187462,-87.7237903822,60632,"CHICAGO MIDWAY AIRPORT, IL US",40.0,36.0,86.0,0.01,7.0,20.0
crash_08015,2022-09-25 15:03:00,2022,9,Sep,Sun,15,Evening commute,30,NO CONTROLS,CLEAR,DAYLIGHT,FIXED OBJECT,NOT DIVIDED,WET,INJURY AND / OR TOW DUE TO CRASH,,,"OVER $1,500",NOT APPLICABLE,1,INCAPACITATING INJURY,2,0,41.8051797815,-87.6942630022,60632,"CHICAGO MIDWAY AIRPORT, IL US",67.0,53.0,61.0,0.0,10.0,13.0
crash_08016,2025-04-05 00:40:00,2025,4,Apr,Sat,0,Night or early morning,30,TRAFFIC SIGNAL,RAIN,"DARKNESS, LIGHTED ROAD",SIDESWIPE SAME DIRECTION,NOT DIVIDED,WET,NO INJURY / DRIVE AWAY,false,,"OVER $1,500",UNABLE TO DETERMINE,2,NO INDICATION OF INJURY,0,0,41.9976186888,-87.6899394819,60659,"CHICAGO OHARE INTERNATIONAL AIRPORT, IL US",42.0,40.0,92.0,0.03,3.0,13.0
crash_08017,2021-03-03 10:30:00,2021,3,Mar,Wed,10,Daytime,35,NO CONTROLS,CLEAR,DAYLIGHT,PARKED MOTOR VEHICLE,NOT DIVIDED,DRY,NO INJURY / DRIVE AWAY,,,"OVER $1,500",NOT APPLICABLE,2,NO INDICATION OF INJURY,0,0,41.9725653463,-87.8069322659,60656,"CHICAGO OHARE INTERNATIONAL AIRPORT, IL US",50.0,34.0,54.0,0.0,10.0,0.0
crash_08018,2018-01-04 16:22:00,2018,1,Jan,Thu,16,Evening commute,30,STOP SIGN/FLASHER,CLEAR,DAYLIGHT,ANGLE,NOT DIVIDED,DRY,NO INJURY / DRIVE AWAY,true,,"$501 - $1,500",DISREGARDING STOP SIGN,2,NO INDICATION OF INJURY,0,0,41.8307610545,-87.6535112891,60608,"CHICAGO MIDWAY AIRPORT, IL US",12.0,-3.0,51.0,0.0,10.0,10.0
crash_08019,2022-04-24 10:00:00,2022,4,Apr,Sun,10,Daytime,30,STOP SIGN/FLASHER,RAIN,DAYLIGHT,TURNING,NOT DIVIDED,WET,INJURY AND / OR TOW DUE TO CRASH,true,,"OVER $1,500",IMPROPER TURNING/NO SIGNAL,2,NO INDICATION OF INJURY,0,0,41.9025822489,-87.7238021749,60651,"CHICAGO MIDWAY AIRPORT, IL US",70.0,59.0,68.0,0.0,10.0,21.0
crash_08020,2024-08-31 14:35:00,2024,8,Aug,Sat,14,Daytime,30,STOP SIGN/FLASHER,CLEAR,DAYLIGHT,SIDESWIPE SAME DIRECTION,DIVIDED - W/MEDIAN (NOT RAISED),DRY,INJURY AND / OR TOW DUE TO CRASH,true,,"OVER $1,500",IMPROPER TURNING/NO SIGNAL,2,NO INDICATION OF INJURY,0,0,41.8709605052,-87.7010694821,60612,"CHICAGO MIDWAY AIRPORT, IL US",83.0,56.0,40.0,0.0,10.0,3.0
crash_08021,2024-09-25 08:12:00,2024,9,Sep,Wed,8,Morning commute,25,NO CONTROLS,CLEAR,DAYLIGHT,REAR END,NOT DIVIDED,DRY,NO INJURY / DRIVE AWAY,,,"OVER $1,500",UNABLE TO DETERMINE,2,NO INDICATION OF INJURY,0,0,41.9528136429,-87.6466944863,60613,"CHICAGO MIDWAY AIRPORT, IL US",60.0,54.0,80.0,0.0,10.0,0.0
crash_08022,2024-07-20 23:00:00,2024,7,Jul,Sat,23,Night or early morning,30,NO CONTROLS,CLEAR,DARKNESS,REAR END,DIVIDED - W/MEDIAN (NOT RAISED),DRY,NO INJURY / DRIVE AWAY,,true,"OVER $1,500",NOT APPLICABLE,2,NO INDICATION OF INJURY,0,0,41.9102858143,-87.7013726845,60647,"CHICAGO MIDWAY AIRPORT, IL US",74.0,55.0,52.0,0.0,10.0,3.0
crash_08023,2021-10-06 07:53:00,2021,10,Oct,Wed,7,Morning commute,30,UNKNOWN,UNKNOWN,UNKNOWN,REAR END,UNKNOWN,UNKNOWN,NO INJURY / DRIVE AWAY,,,"OVER $1,500",NOT APPLICABLE,2,NO INDICATION OF INJURY,0,0,41.7497239717,-87.7025395717,60652,"CHICAGO MIDWAY AIRPORT, IL US",66.0,59.0,78.0,0.0,4.0,9.0
crash_08024,2022-05-19 17:30:00,2022,5,May,Thu,17,Evening commute,25,NO CONTROLS,UNKNOWN,DAYLIGHT,ANGLE,NOT DIVIDED,UNKNOWN,NO INJURY / DRIVE AWAY,,true,"$501 - $1,500",UNABLE TO DETERMINE,2,NO INDICATION OF INJURY,0,0,41.8861438812,-87.7395583148,60624,"CHICAGO MIDWAY AIRPORT, IL US",87.0,51.0,29.0,0.0,10.0,14.0
crash_08025,2021-12-25 09:13:00,2021,12,Dec,Sat,9,Morning commute,30,STOP SIGN/FLASHER,RAIN,DAYLIGHT,ANGLE,FOUR WAY,WET,INJURY AND / OR TOW DUE TO CRASH,,,"OVER $1,500",UNABLE TO DETERMINE,3,NONINCAPACITATING INJURY,1,0,41.763290088,-87.6445109252,60621,"CHICAGO MIDWAY AIRPORT, IL US",45.0,36.0,71.0,0.0,10.0,10.0
crash_08026,2021-03-21 13:10:00,2021,3,Mar,Sun,13,Daytime,20,NO CONTROLS,CLEAR,DAYLIGHT,REAR TO FRONT,NOT DIVIDED,DRY,NO INJURY / DRIVE AWAY,,,"$501 - $1,500",IMPROPER BACKING,2,NO INDICATION OF INJURY,0,0,41.7211296176,-87.6663975756,60643,"CHICAGO MIDWAY AIRPORT, IL US",61.0,24.0,24.0,0.0,10.0,10.0
crash_08027,2018-12-10 16:40:00,2018,12,Dec,Mon,16,Evening commute,10,NO CONTROLS,CLEAR,DUSK,ANGLE,PARKING LOT,UNKNOWN,NO INJURY / DRIVE AWAY,,,"$501 - $1,500",IMPROPER BACKING,2,NO INDICATION OF INJURY,0,0,41.9499611711,-87.6756711293,60613,"CHICAGO MIDWAY AIRPORT, IL US",27.0,22.0,81.0,0.0,5.0,13.0
crash_08028,2024-06-17 15:30:00,2024,6,Jun,Mon,15,Evening commute,30,NO CONTROLS,CLEAR,DAYLIGHT,SIDESWIPE SAME DIRECTION,DIVIDED - W/MEDIAN BARRIER,DRY,NO INJURY / DRIVE AWAY,,,"$501 - $1,500",IMPROPER LANE USAGE,2,NO INDICATION OF INJURY,0,0,41.8692593716,-87.6642215684,60607,"CHICAGO MIDWAY AIRPORT, IL US",94.0,67.0,41.0,,10.0,16.0
crash_08029,2019-09-19 11:15:00,2019,9,Sep,Thu,11,Daytime,30,TRAFFIC SIGNAL,CLEAR,DAYLIGHT,TURNING,DIVIDED - W/MEDIAN (NOT RAISED),DRY,INJURY AND / OR TOW DUE TO CRASH,true,,"OVER $1,500",FAILING TO YIELD RIGHT-OF-WAY,2,NO INDICATION OF INJURY,0,0,41.967624849,-87.7774307361,60630,"CHICAGO OHARE INTERNATIONAL AIRPORT, IL US",77.0,59.0,54.0,0.0,10.0,6.0
crash_08030,2023-06-04 09:30:00,2023,6,Jun,Sun,9,Morning commute,30,NO CONTROLS,CLEAR,DAYLIGHT,ANGLE,NOT DIVIDED,DRY,NO INJURY / DRIVE AWAY,,,"OVER $1,500",UNABLE TO DETERMINE,2,NO INDICATION OF INJURY,0,0,41.8909345574,-87.7053312219,60612,"CHICAGO MIDWAY AIRPORT, IL US",72.0,48.0,43.0,0.0,10.0,11.0
crash_08031,2023-11-26 16:50:00,2023,11,Nov,Sun,16,Evening commute,30,UNKNOWN,UNKNOWN,UNKNOWN,REAR END,UNKNOWN,UNKNOWN,NO INJURY / DRIVE AWAY,,,$500 OR LESS,UNABLE TO DETERMINE,2,NO INDICATION OF INJURY,0,0,41.9934661188,-87.7873900639,60646,"CHICAGO OHARE INTERNATIONAL AIRPORT, IL US",33.0,28.0,82.0,0.0,9.0,10.0
crash_08032,2021-12-10 15:30:00,2021,12,Dec,Fri,15,Evening commute,10,NO CONTROLS,RAIN,DAYLIGHT,PARKED MOTOR VEHICLE,PARKING LOT,WET,NO INJURY / DRIVE AWAY,,true,$500 OR LESS,IMPROPER BACKING,2,NO INDICATION OF INJURY,0,0,41.9776187914,-87.6551689279,60640,"CHICAGO OHARE INTERNATIONAL AIRPORT, IL US",43.0,39.0,86.0,0.0,2.5,14.0
crash_08033,2021-07-18 10:30:00,2021,7,Jul,Sun,10,Daytime,20,NO CONTROLS,CLEAR,DAYLIGHT,PARKED MOTOR VEHICLE,NOT DIVIDED,DRY,NO INJURY / DRIVE AWAY,,true,"$501 - $1,500",FAILING TO REDUCE SPEED TO AVOID CRASH,2,NO INDICATION OF INJURY,0,0,41.7986224361,-87.7818524588,60638,"CHICAGO MIDWAY AIRPORT, IL US",80.0,64.0,58.0,0.0,10.0,7.0
crash_08034,2020-06-10 12:51:00,2020,6,Jun,Wed,12,Daytime,30,NO CONTROLS,CLEAR,DAYLIGHT,TURNING,NOT DIVIDED,DRY,INJURY AND / OR TOW DUE TO CRASH,,,"OVER $1,500",IMPROPER TURNING/NO SIGNAL,2,NONINCAPACITATING INJURY,1,0,41.769025668,-87.6397350317,60621,"CHICAGO MIDWAY AIRPORT, IL US",84.0,60.0,44.0,0.0,10.0,21.0
crash_08035,2018-07-12 10:45:00,2018,7,Jul,Thu,10,Daytime,30,TRAFFIC SIGNAL,CLEAR,DAYLIGHT,TURNING,DIVIDED - W/MEDIAN (NOT RAISED),DRY,NO INJURY / DRIVE AWAY,true,,"$501 - $1,500",UNABLE TO DETERMINE,2,NO INDICATION OF INJURY,0,0,41.7362124202,-87.6240124453,60619,"CHICAGO MIDWAY AIRPORT, IL US",83.0,60.0,46.0,0.0,10.0,11.0
crash_08036,2020-06-04 19:40:00,2020,6,Jun,Thu,19,Night or early morning,30,STOP SIGN/FLASHER,CLEAR,DAYLIGHT,PARKED MOTOR VEHICLE,NOT DIVIDED,DRY,NO INJURY / DRIVE AWAY,,true,"OVER $1,500",IMPROPER LANE USAGE,2,NO INDICATION OF INJURY,0,0,41.9276813267,-87.7700637014,60639,"CHICAGO OHARE INTERNATIONAL AIRPORT, IL US",82.0,62.0,51.0,0.0,10.0,8.0
crash_08037,2022-05-04 14:50:00,2022,5,May,Wed,14,Daytime,30,UNKNOWN,CLEAR,DAYLIGHT,REAR END,NOT DIVIDED,DRY,NO INJURY / DRIVE AWAY,,,"OVER $1,500",NOT APPLICABLE,2,NO INDICATION OF INJURY,0,0,41.8232849121,-87.7239103245,60632,"CHICAGO MIDWAY AIRPORT, IL US",54.0,41.0,62.0,0.0,10.0,11.0
crash_08038,2018-04-11 07:05:00,2018,4,Apr,Wed,7,Morning commute,30,DELINEATORS,UNKNOWN,UNKNOWN,REAR END,UNKNOWN,UNKNOWN,NO INJURY / DRIVE AWAY,,true,"OVER $1,500",UNABLE TO DETERMINE,2,NO INDICATION OF INJURY,0,0,41.975570733,-87.7693658928,60630,"CHICAGO OHARE INTERNATIONAL AIRPORT, IL US",41.0,30.0,65.0,0.0,10.0,14.0
crash_08039,2024-12-11 18:47:00,2024,12,Dec,Wed,18,Evening commute,30,NO CONTROLS,CLEAR,"DARKNESS, LIGHTED ROAD",REAR END,NOT DIVIDED,DRY,INJURY AND / OR TOW DUE TO CRASH,,,"OVER $1,500",UNABLE TO DETERMINE,3,NO INDICATION OF INJURY,0,0,41.7560259116,-87.6404638025,60620,"CHICAGO MIDWAY AIRPORT, IL US",22.0,5.0,48.0,,10.0,18.0
crash_08040,2021-12-21 11:20:00,2021,12,Dec,Tue,11,Daytime,30,NO CONTROLS,CLEAR,DAYLIGHT,SIDESWIPE SAME DIRECTION,NOT DIVIDED,DRY,INJURY AND / OR TOW DUE TO CRASH,,,"OVER $1,500",IMPROPER OVERTAKING/PASSING,2,"REPORTED, NOT EVIDENT",1,0,41.9238316714,-87.7684788437,60639,"CHICAGO OHARE INTERNATIONAL AIRPORT, IL US",38.0,26.0,62.0,0.0,10.0,16.0
crash_08041,2025-08-20 09:25:00,2025,8,Aug,Wed,9,Morning commute,30,TRAFFIC SIGNAL,CLOUDY/OVERCAST,DAYLIGHT,REAR END,ONE-WAY,DRY,NO INJURY / DRIVE AWAY,,,"OVER $1,500",FOLLOWING TOO CLOSELY,2,NO INDICATION OF INJURY,0,0,41.6920542716,-87.6596166837,60643,"CHICAGO MIDWAY AIRPORT, IL US",75.0,64.0,69.0,0.0,10.0,14.0
crash_08042,2023-03-26 18:14:00,2023,3,Mar,Sun,18,Evening commute,30,TRAFFIC SIGNAL,RAIN,DAYLIGHT,ANGLE,FOUR WAY,WET,INJURY AND / OR TOW DUE TO CRASH,true,true,"OVER $1,500",FAILING TO YIELD RIGHT-OF-WAY,2,NO INDICATION OF INJURY,0,0,41.8659442259,-87.7348149417,60623,"CHICAGO MIDWAY AIRPORT, IL US",44.0,38.0,79.0,0.01,10.0,14.0
crash_08043,2023-04-18 07:36:00,2023,4,Apr,Tue,7,Morning commute,30,TRAFFIC SIGNAL,CLEAR,DAYLIGHT,TURNING,FOUR WAY,DRY,NO INJURY / DRIVE AWAY,true,,"OVER $1,500",IMPROPER TURNING/NO SIGNAL,2,NO INDICATION OF INJURY,0,0,41.8856395609,-87.7308603642,60624,"CHICAGO MIDWAY AIRPORT, IL US",38.0,27.0,65.0,0.0,10.0,9.0
crash_08044,2025-08-25 09:00:00,2025,8,Aug,Mon,9,Morning commute,30,TRAFFIC SIGNAL,CLEAR,DAYLIGHT,SIDESWIPE SAME DIRECTION,NOT DIVIDED,DRY,NO INJURY / DRIVE AWAY,true,,"$501 - $1,500",UNABLE TO DETERMINE,2,NO INDICATION OF INJURY,0,0,41.8769894075,-87.6278007118,60604,"CHICAGO MIDWAY AIRPORT, IL US",63.0,50.0,63.0,0.0,10.0,10.0
crash_08045,2025-02-15 01:00:00,2025,2,Feb,Sat,1,Night or early morning,30,NO CONTROLS,SNOW,"DARKNESS, LIGHTED ROAD",ANGLE,NOT DIVIDED,SNOW OR SLUSH,NO INJURY / DRIVE AWAY,true,,"OVER $1,500","VISION OBSCURED (SIGNS, TREE LIMBS, BUILDINGS, ETC.)",2,NO INDICATION OF INJURY,0,0,41.8482526489,-87.6881651987,60608,"CHICAGO MIDWAY AIRPORT, IL US",29.0,21.0,72.0,0.0,10.0,9.0
crash_08046,2024-07-17 12:30:00,2024,7,Jul,Wed,12,Daytime,30,NO CONTROLS,CLEAR,DAYLIGHT,TURNING,DIVIDED - W/MEDIAN (NOT RAISED),DRY,NO INJURY / DRIVE AWAY,,,"OVER $1,500",UNABLE TO DETERMINE,2,NO INDICATION OF INJURY,0,0,41.9164494332,-87.7459346963,60639,"CHICAGO MIDWAY AIRPORT, IL US",83.0,56.0,40.0,0.0,10.0,14.0
crash_08047,2023-06-23 09:00:00,2023,6,Jun,Fri,9,Morning commute,30,TRAFFIC SIGNAL,CLOUDY/OVERCAST,DAYLIGHT,ANGLE,FOUR WAY,DRY,NO INJURY / DRIVE AWAY,true,true,"OVER $1,500",FAILING TO YIELD RIGHT-OF-WAY,2,NO INDICATION OF INJURY,0,0,41.9381242903,-87.8010731462,60634,"CHICAGO OHARE INTERNATIONAL AIRPORT, IL US",76.0,55.0,48.0,0.0,6.0,5.0
crash_08048,2021-05-01 16:00:00,2021,5,May,Sat,16,Evening commute,30,TRAFFIC SIGNAL,RAIN,DAYLIGHT,REAR END,NOT DIVIDED,DRY,NO INJURY / DRIVE AWAY,,,"$501 - $1,500",FOLLOWING TOO CLOSELY,2,NO INDICATION OF INJURY,0,0,41.9233132029,-87.7875747344,60707,"CHICAGO OHARE INTERNATIONAL AIRPORT, IL US",82.0,46.0,28.0,0.0,10.0,31.0
crash_08049,2020-09-11 18:45:00,2020,9,Sep,Fri,18,Evening commute,30,TRAFFIC SIGNAL,CLEAR,"DARKNESS, LIGHTED ROAD",REAR END,DIVIDED - W/MEDIAN (NOT RAISED),DRY,NO INJURY / DRIVE AWAY,true,,"OVER $1,500",UNABLE TO DETERMINE,2,NO INDICATION OF INJURY,0,0,41.8675665406,-87.6240941748,60605,"CHICAGO MIDWAY AIRPORT, IL US",68.0,59.0,73.0,0.0,10.0,11.0
crash_08050,2023-04-05 08:45:00,2023,4,Apr,Wed,8,Morning commute,30,NO CONTROLS,CLEAR,DAYLIGHT,TURNING,NOT DIVIDED,DRY,NO INJURY / DRIVE AWAY,,,"$501 - $1,500",UNABLE TO DETERMINE,2,NO INDICATION OF INJURY,0,0,41.909070476,-87.7997915828,60707,"CHICAGO OHARE INTERNATIONAL AIRPORT, IL US",66.0,56.0,70.0,0.23,8.0,18.0
crash_08051,2018-05-23 23:00:00,2018,5,May,Wed,23,Night or early morning,30,NO CONTROLS,CLEAR,"DARKNESS, LIGHTED ROAD",REAR END,NOT DIVIDED,DRY,NO INJURY / DRIVE AWAY,,true,"OVER $1,500",UNABLE TO DETERMINE,2,NO INDICATION OF INJURY,0,0,41.9616903524,-87.6531219787,60613,"CHICAGO MIDWAY AIRPORT, IL US",62.0,55.0,78.0,0.0,10.0,6.0
crash_08052,2021-08-08 19:00:00,2021,8,Aug,Sun,19,Night or early morning,30,NO CONTROLS,CLEAR,DAYLIGHT,PARKED MOTOR VEHICLE,ONE-WAY,DRY,INJURY AND / OR TOW DUE TO CRASH,,true,"OVER $1,500",UNABLE TO DETERMINE,3,NO INDICATION OF INJURY,0,0,41.8820375948,-87.6819456797,60612,"CHICAGO MIDWAY AIRPORT, IL US",78.0,66.0,67.0,0.01,10.0,11.0
crash_08053,2020-01-12 14:25:00,2020,1,Jan,Sun,14,Daytime,15,NO CONTROLS,CLEAR,DAYLIGHT,ANGLE,NOT DIVIDED,WET,NO INJURY / DRIVE AWAY,,,"OVER $1,500",FAILING TO YIELD RIGHT-OF-WAY,2,NO INDICATION OF INJURY,0,0,41.7926196459,-87.7328023749,60629,"CHICAGO MIDWAY AIRPORT, IL US",31.0,26.0,82.0,0.0,10.0,6.0
crash_08054,2021-10-27 07:40:00,2021,10,Oct,Wed,7,Morning commute,30,STOP SIGN/FLASHER,CLEAR,DAYLIGHT,TURNING,DIVIDED - W/MEDIAN (NOT RAISED),DRY,NO INJURY / DRIVE AWAY,,,$500 OR LESS,UNABLE TO DETERMINE,2,NO INDICATION OF INJURY,0,0,41.8930247797,-87.6572858298,60642,"CHICAGO MIDWAY AIRPORT, IL US",43.0,37.0,80.0,0.0,10.0,6.0
crash_08055,2019-09-18 10:40:00,2019,9,Sep,Wed,10,Daytime,30,NO CONTROLS,CLEAR,DAYLIGHT,SIDESWIPE SAME DIRECTION,NOT DIVIDED,DRY,NO INJURY / DRIVE AWAY,,true,"OVER $1,500",IMPROPER OVERTAKING/PASSING,2,NO INDICATION OF INJURY,0,0,41.8884293794,-87.6243486195,60601,"CHICAGO MIDWAY AIRPORT, IL US",77.0,61.0,58.0,0.0,10.0,8.0
crash_08056,2023-09-08 23:08:00,2023,9,Sep,Fri,23,Night or early morning,30,POLICE/FLAGMAN,CLEAR,"DARKNESS, LIGHTED ROAD",PARKED MOTOR VEHICLE,NOT DIVIDED,DRY,NO INJURY / DRIVE AWAY,,,$500 OR LESS,DISTRACTION - FROM INSIDE VEHICLE,2,NO INDICATION OF INJURY,0,0,41.9461531299,-87.655500028,60657,"CHICAGO MIDWAY AIRPORT, IL US",64.0,55.0,73.0,0.0,10.0,9.0
crash_08057,2018-12-08 21:00:00,2018,12,Dec,Sat,21,Night or early morning,30,TRAFFIC SIGNAL,CLEAR,"DARKNESS, LIGHTED ROAD",REAR END,NOT DIVIDED,DRY,INJURY AND / OR TOW DUE TO CRASH,true,,"OVER $1,500",FOLLOWING TOO CLOSELY,2,"REPORTED, NOT EVIDENT",1,0,41.8870391498,-87.6325580563,60601,"CHICAGO MIDWAY AIRPORT, IL US",24.0,16.0,71.0,0.0,10.0,3.0
crash_08058,2022-01-13 19:57:00,2022,1,Jan,Thu,19,Night or early morning,30,NO CONTROLS,CLEAR,DAYLIGHT,TURNING,NOT DIVIDED,DRY,NO INJURY / DRIVE AWAY,,,"OVER $1,500",UNABLE TO DETERMINE,2,NO INDICATION OF INJURY,0,0,41.744381594,-87.5637517502,60617,"CHICAGO MIDWAY AIRPORT, IL US",38.0,30.0,73.0,0.0,10.0,0.0