crash_id,crash_datetime,crash_year,crash_month,crash_month_name,crash_weekday_name,crash_hour,time_period,posted_speed_limit_mph,traffic_control_device,reported_weather_condition,reported_lighting_condition,first_crash_type,trafficway_type,reported_road_surface_condition,crash_type,intersection_related,hit_and_run,estimated_damage,primary_contributory_cause,unit_count,most_severe_injury,injuries_total,injuries_fatal,latitude,longitude,zip5,weather_station_name,temperature_f,dew_point_f,relative_humidity_percent,precipitation_inches,visibility_miles,wind_speed_mph
crash_08059,2022-03-26 14:00:00,2022,3,Mar,Sat,14,Daytime,30,NO CONTROLS,CLEAR,DAYLIGHT,PARKED MOTOR VEHICLE,DIVIDED - W/MEDIAN (NOT RAISED),DRY,NO INJURY / DRIVE AWAY,,,"$501 - $1,500",UNABLE TO DETERMINE,2,NO INDICATION OF INJURY,0,0,41.9285484248,-87.6635793718,60614,"CHICAGO MIDWAY AIRPORT, IL US",32.0,16.0,52.0,0.0,10.0,21.0
crash_08060,2025-04-12 08:50:00,2025,4,Apr,Sat,8,Morning commute,30,NO CONTROLS,CLEAR,DAYLIGHT,TURNING,NOT DIVIDED,DRY,NO INJURY / DRIVE AWAY,,,"$501 - $1,500",DRIVING SKILLS/KNOWLEDGE/EXPERIENCE,2,NO INDICATION OF INJURY,0,0,41.7261602157,-87.580260495,60617,"CHICAGO MIDWAY AIRPORT, IL US",48.0,27.0,44.0,0.0,10.0,5.0
crash_08061,2021-04-23 18:04:00,2021,4,Apr,Fri,18,Evening commute,30,TRAFFIC SIGNAL,CLEAR,DAYLIGHT,SIDESWIPE SAME DIRECTION,DIVIDED - W/MEDIAN BARRIER,DRY,NO INJURY / DRIVE AWAY,,,"OVER $1,500",FAILING TO YIELD RIGHT-OF-WAY,2,NO INDICATION OF INJURY,0,0,41.9543793262,-87.6691991198,60613,"CHICAGO MIDWAY AIRPORT, IL US",58.0,32.0,38.0,0.0,10.0,14.0
crash_08062,2021-08-28 13:46:00,2021,8,Aug,Sat,13,Daytime,30,NO CONTROLS,CLEAR,DAYLIGHT,TURNING,T-INTERSECTION,DRY,INJURY AND / OR TOW DUE TO CRASH,true,,"OVER $1,500",FAILING TO REDUCE SPEED TO AVOID CRASH,3,INCAPACITATING INJURY,1,0,41.9484867518,-87.8367062006,60634,"CHICAGO OHARE INTERNATIONAL AIRPORT, IL US",91.0,74.0,57.0,0.0,10.0,11.0
crash_08063,2024-11-14 11:44:00,2024,11,Nov,Thu,11,Daytime,25,UNKNOWN,RAIN,DAYLIGHT,SIDESWIPE SAME DIRECTION,NOT DIVIDED,WET,INJURY AND / OR TOW DUE TO CRASH,,,"OVER $1,500",UNABLE TO DETERMINE,2,"REPORTED, NOT EVIDENT",1,0,41.8443814009,-87.7231822341,60623,"CHICAGO MIDWAY AIRPORT, IL US",54.0,49.0,83.0,0.0,10.0,7.0
crash_08064,2022-10-09 12:20:00,2022,10,Oct,Sun,12,Daytime,30,NO CONTROLS,CLEAR,DAYLIGHT,REAR END,NOT DIVIDED,UNKNOWN,NO INJURY / DRIVE AWAY,,true,"OVER $1,500",UNABLE TO DETERMINE,2,NO INDICATION OF INJURY,0,0,41.9827617499,-87.8067948699,60656,"CHICAGO OHARE INTERNATIONAL AIRPORT, IL US",62.0,37.0,40.0,0.0,10.0,8.0
crash_08065,2018-05-05 19:00:00,2018,5,May,Sat,19,Night or early morning,30,UNKNOWN,CLEAR,DAYLIGHT,HEAD ON,OTHER,DRY,NO INJURY / DRIVE AWAY,,true,"OVER $1,500",FAILING TO YIELD RIGHT-OF-WAY,2,NO INDICATION OF INJURY,0,0,41.8937406451,-87.7139703144,60624,"CHICAGO MIDWAY AIRPORT, IL US",82.0,41.0,23.0,0.0,10.0,16.0
crash_08066,2025-10-06 15:43:00,2025,10,Oct,Mon,15,Evening commute,30,NO CONTROLS,UNKNOWN,UNKNOWN,REAR END,FOUR WAY,UNKNOWN,NO INJURY / DRIVE AWAY,,,"$501 - $1,500",FOLLOWING TOO CLOSELY,2,NO INDICATION OF INJURY,0,0,41.9456894278,-87.7738648566,60634,,,,,,,
crash_08067,2020-08-20 16:54:00,2020,8,Aug,Thu,16,Evening commute,30,NO CONTROLS,CLEAR,DAYLIGHT,PARKED MOTOR VEHICLE,NOT DIVIDED,DRY,INJURY AND / OR TOW DUE TO CRASH,,,"OVER $1,500",FAILING TO YIELD RIGHT-OF-WAY,2,NONINCAPACITATING INJURY,1,0,41.8515436845,-87.7321998316,60623,"CHICAGO MIDWAY AIRPORT, IL US",84.0,52.0,33.0,0.0,10.0,10.0
crash_08068,2024-04-28 22:30:00,2024,4,Apr,Sun,22,Night or early morning,30,NO CONTROLS,CLEAR,"DARKNESS, LIGHTED ROAD",OTHER OBJECT,DIVIDED - W/MEDIAN BARRIER,DRY,NO INJURY / DRIVE AWAY,,,"$501 - $1,500",DRIVING SKILLS/KNOWLEDGE/EXPERIENCE,1,NO INDICATION OF INJURY,0,0,41.9686192039,-87.6811312466,60625,"CHICAGO OHARE INTERNATIONAL AIRPORT, IL US",69.0,62.0,78.0,0.0,10.0,9.0
crash_08069,2025-06-21 14:00:00,2025,6,Jun,Sat,14,Daytime,30,TRAFFIC SIGNAL,CLEAR,DAYLIGHT,REAR END,NOT DIVIDED,DRY,NO INJURY / DRIVE AWAY,,,"OVER $1,500",FAILING TO REDUCE SPEED TO AVOID CRASH,2,NO INDICATION OF INJURY,0,0,41.9381182678,-87.8058410811,60634,"CHICAGO OHARE INTERNATIONAL AIRPORT, IL US",93.0,74.0,54.0,0.0,10.0,22.0
crash_08070,2021-11-03 13:44:00,2021,11,Nov,Wed,13,Daytime,30,NO CONTROLS,CLEAR,DAYLIGHT,ANGLE,NOT DIVIDED,DRY,NO INJURY / DRIVE AWAY,,,"OVER $1,500",FAILING TO YIELD RIGHT-OF-WAY,2,NO INDICATION OF INJURY,0,0,41.9327897468,-87.6513807999,60657,"CHICAGO MIDWAY AIRPORT, IL US",44.0,20.0,38.0,0.0,10.0,6.0
crash_08071,2020-03-17 14:51:00,2020,3,Mar,Tue,14,Daytime,30,TRAFFIC SIGNAL,UNKNOWN,DAYLIGHT,REAR END,DIVIDED - W/MEDIAN (NOT RAISED),UNKNOWN,NO INJURY / DRIVE AWAY,true,,"$501 - $1,500",FOLLOWING TOO CLOSELY,2,NO INDICATION OF INJURY,0,0,41.7868576873,-87.6643366707,60636,"CHICAGO MIDWAY AIRPORT, IL US",47.0,18.0,31.0,0.0,10.0,6.0
crash_08072,2020-05-01 16:29:00,2020,5,May,Fri,16,Evening commute,35,NO CONTROLS,CLEAR,DAYLIGHT,REAR END,NOT DIVIDED,DRY,INJURY AND / OR TOW DUE TO CRASH,true,,"OVER $1,500",UNABLE TO DETERMINE,2,NO INDICATION OF INJURY,0,0,41.7939229464,-87.8014421117,60638,"CHICAGO MIDWAY AIRPORT, IL US",61.0,33.0,35.0,0.0,10.0,10.0
crash_08073,2024-10-14 15:30:00,2024,10,Oct,Mon,15,Evening commute,10,NO CONTROLS,CLOUDY/OVERCAST,DAYLIGHT,PARKED MOTOR VEHICLE,PARKING LOT,UNKNOWN,NO INJURY / DRIVE AWAY,,true,"OVER $1,500",NOT APPLICABLE,2,NO INDICATION OF INJURY,0,0,41.9695053613,-87.7083609865,60625,"CHICAGO OHARE INTERNATIONAL AIRPORT, IL US",55.0,32.0,42.0,0.0,10.0,10.0
crash_08074,2023-05-19 18:00:00,2023,5,May,Fri,18,Evening commute,30,UNKNOWN,CLEAR,DAYLIGHT,PARKED MOTOR VEHICLE,ONE-WAY,DRY,NO INJURY / DRIVE AWAY,,,"OVER $1,500",DRIVING SKILLS/KNOWLEDGE/EXPERIENCE,2,NO INDICATION OF INJURY,0,0,41.7042701931,-87.6273909542,60628,"CHICAGO MIDWAY AIRPORT, IL US",66.0,49.0,54.0,0.0,6.0,17.0
crash_08075,2023-03-13 07:40:00,2023,3,Mar,Mon,7,Morning commute,20,NO CONTROLS,SNOW,DAYLIGHT,PARKED MOTOR VEHICLE,ONE-WAY,SNOW OR SLUSH,NO INJURY / DRIVE AWAY,,true,"OVER $1,500",UNABLE TO DETERMINE,2,NO INDICATION OF INJURY,0,0,41.7859013386,-87.6946542371,60629,"CHICAGO MIDWAY AIRPORT, IL US",28.0,23.0,80.0,,2.0,9.0
crash_08076,2024-05-25 08:00:00,2024,5,May,Sat,8,Morning commute,30,NO CONTROLS,CLEAR,UNKNOWN,PARKED MOTOR VEHICLE,ONE-WAY,DRY,INJURY AND / OR TOW DUE TO CRASH,,true,"OVER $1,500",UNABLE TO DETERMINE,2,NO INDICATION OF INJURY,0,0,41.8739506064,-87.7635153817,60644,"CHICAGO MIDWAY AIRPORT, IL US",60.0,48.0,65.0,0.0,10.0,9.0
crash_08077,2018-02-12 15:56:00,2018,2,Feb,Mon,15,Evening commute,30,NO CONTROLS,CLEAR,DAYLIGHT,REAR END,DIVIDED - W/MEDIAN (NOT RAISED),DRY,NO INJURY / DRIVE AWAY,,,"OVER $1,500",FAILING TO REDUCE SPEED TO AVOID CRASH,2,NO INDICATION OF INJURY,0,0,41.8120170272,-87.6846769146,60632,"CHICAGO MIDWAY AIRPORT, IL US",24.0,8.0,50.0,0.0,10.0,9.0
crash_08078,2020-02-08 01:45:00,2020,2,Feb,Sat,1,Night or early morning,15,NO CONTROLS,CLEAR,"DARKNESS, LIGHTED ROAD",OTHER OBJECT,ALLEY,SNOW OR SLUSH,INJURY AND / OR TOW DUE TO CRASH,,true,"OVER $1,500","OPERATING VEHICLE IN ERRATIC, RECKLESS, CARELESS, NEGLIGENT OR AGGRESSIVE MANNER",1,NO INDICATION OF INJURY,0,0,41.9002266602,-87.7543548824,60651,"CHICAGO MIDWAY AIRPORT, IL US",29.0,22.0,75.0,0.0,10.0,8.0
crash_08079,2023-07-20 16:45:00,2023,7,Jul,Thu,16,Evening commute,30,UNKNOWN,UNKNOWN,UNKNOWN,SIDESWIPE SAME DIRECTION,NOT DIVIDED,UNKNOWN,NO INJURY / DRIVE AWAY,,,$500 OR LESS,UNABLE TO DETERMINE,2,NO INDICATION OF INJURY,0,0,41.9867614767,-87.6551380964,60660,"CHICAGO OHARE INTERNATIONAL AIRPORT, IL US",85.0,58.0,40.0,0.0,10.0,18.0
crash_08080,2022-03-25 11:05:00,2022,3,Mar,Fri,11,Daytime,30,TRAFFIC SIGNAL,CLEAR,DAYLIGHT,REAR END,NOT DIVIDED,DRY,NO INJURY / DRIVE AWAY,true,true,"OVER $1,500",DISTRACTION - FROM OUTSIDE VEHICLE,3,NO INDICATION OF INJURY,0,0,41.8084697367,-87.6845733986,60632,"CHICAGO MIDWAY AIRPORT, IL US",47.0,33.0,59.0,0.0,10.0,18.0
crash_08081,2020-07-06 22:30:00,2020,7,Jul,Mon,22,Night or early morning,30,UNKNOWN,CLEAR,"DARKNESS, LIGHTED ROAD",PARKED MOTOR VEHICLE,ONE-WAY,DRY,NO INJURY / DRIVE AWAY,,true,"OVER $1,500",UNABLE TO DETERMINE,2,NO INDICATION OF INJURY,0,0,41.8787135991,-87.7293983967,60624,"CHICAGO MIDWAY AIRPORT, IL US",85.0,65.0,51.0,0.0,10.0,5.0
crash_08082,2021-12-24 14:56:00,2021,12,Dec,Fri,14,Daytime,30,NO CONTROLS,CLEAR,DAYLIGHT,SIDESWIPE SAME DIRECTION,NOT DIVIDED,WET,NO INJURY / DRIVE AWAY,,true,"OVER $1,500",UNABLE TO DETERMINE,2,NO INDICATION OF INJURY,0,0,41.9570739969,-87.7770596621,60634,"CHICAGO OHARE INTERNATIONAL AIRPORT, IL US",53.0,49.0,86.0,0.0,7.0,10.0
crash_08083,2023-11-16 15:49:00,2023,11,Nov,Thu,15,Evening commute,30,STOP SIGN/FLASHER,CLEAR,DAYLIGHT,OTHER NONCOLLISION,NOT DIVIDED,DRY,INJURY AND / OR TOW DUE TO CRASH,,true,"$501 - $1,500",FAILING TO YIELD RIGHT-OF-WAY,2,NONINCAPACITATING INJURY,1,0,41.9915292942,-87.7540691158,60646,"CHICAGO OHARE INTERNATIONAL AIRPORT, IL US",64.0,51.0,63.0,0.0,10.0,16.0
crash_08084,2021-02-02 19:25:00,2021,2,Feb,Tue,19,Night or early morning,5,NO CONTROLS,SNOW,DARKNESS,PARKED MOTOR VEHICLE,PARKING LOT,SNOW OR SLUSH,NO INJURY / DRIVE AWAY,,,$500 OR LESS,IMPROPER BACKING,2,NO INDICATION OF INJURY,0,0,41.9381224275,-87.7911326999,60634,"CHICAGO OHARE INTERNATIONAL AIRPORT, IL US",26.0,18.0,71.0,,10.0,9.0
crash_08085,2019-05-20 17:30:00,2019,5,May,Mon,17,Evening commute,20,NO CONTROLS,CLEAR,DAYLIGHT,REAR TO FRONT,OTHER,DRY,NO INJURY / DRIVE AWAY,,,"$501 - $1,500",UNABLE TO DETERMINE,2,NO INDICATION OF INJURY,0,0,41.8511074802,-87.6128666325,60616,"CHICAGO MIDWAY AIRPORT, IL US",52.0,39.0,61.0,0.0,10.0,8.0
crash_08086,2019-09-21 22:30:00,2019,9,Sep,Sat,22,Night or early morning,15,NO CONTROLS,UNKNOWN,UNKNOWN,PARKED MOTOR VEHICLE,ONE-WAY,UNKNOWN,NO INJURY / DRIVE AWAY,,true,"OVER $1,500",UNABLE TO DETERMINE,2,NO INDICATION OF INJURY,0,0,42.0191807421,-87.6774876624,60626,"CHICAGO OHARE INTERNATIONAL AIRPORT, IL US",72.0,69.0,91.0,0.0,10.0,11.0
crash_08087,2024-09-13 21:35:00,2024,9,Sep,Fri,21,Night or early morning,30,NO CONTROLS,CLEAR,"DARKNESS, LIGHTED ROAD",ANGLE,UNKNOWN,DRY,NO INJURY / DRIVE AWAY,,,"OVER $1,500",UNABLE TO DETERMINE,2,NO INDICATION OF INJURY,0,0,41.8250891897,-87.6339454514,60609,"CHICAGO MIDWAY AIRPORT, IL US",78.0,58.0,50.0,0.0,10.0,9.0
crash_08088,2018-10-16 15:35:00,2018,10,Oct,Tue,15,Evening commute,30,NO CONTROLS,CLEAR,DAYLIGHT,TURNING,DIVIDED - W/MEDIAN (NOT RAISED),DRY,NO INJURY / DRIVE AWAY,,true,$500 OR LESS,FOLLOWING TOO CLOSELY,2,NO INDICATION OF INJURY,0,0,41.9376961693,-87.6684430604,60657,"CHICAGO MIDWAY AIRPORT, IL US",58.0,30.0,35.0,0.0,10.0,17.0
crash_08089,2023-09-13 10:30:00,2023,9,Sep,Wed,10,Daytime,30,NO CONTROLS,CLEAR,DAYLIGHT,REAR TO REAR,NOT DIVIDED,DRY,NO INJURY / DRIVE AWAY,,,"OVER $1,500",IMPROPER BACKING,2,NO INDICATION OF INJURY,0,0,42.0056391137,-87.6616726732,60626,"CHICAGO OHARE INTERNATIONAL AIRPORT, IL US",67.0,55.0,66.0,0.0,10.0,6.0
crash_08090,2021-06-23 18:27:00,2021,6,Jun,Wed,18,Evening commute,30,NO CONTROLS,CLEAR,DAYLIGHT,PARKED MOTOR VEHICLE,NOT DIVIDED,DRY,INJURY AND / OR TOW DUE TO CRASH,,,"OVER $1,500",DISTRACTION - FROM OUTSIDE VEHICLE,2,NONINCAPACITATING INJURY,1,0,41.867442902,-87.7544425675,60644,"CHICAGO MIDWAY AIRPORT, IL US",79.0,50.0,36.0,0.0,10.0,23.0
crash_08091,2018-03-24 01:32:00,2018,3,Mar,Sat,1,Night or early morning,30,TRAFFIC SIGNAL,CLEAR,"DARKNESS, LIGHTED ROAD",REAR END,NOT DIVIDED,DRY,INJURY AND / OR TOW DUE TO CRASH,,true,"OVER $1,500",IMPROPER BACKING,2,NO INDICATION OF INJURY,0,0,41.9975286931,-87.6897292008,60659,"CHICAGO OHARE INTERNATIONAL AIRPORT, IL US",35.0,27.0,72.0,0.0,10.0,9.0
crash_08092,2025-09-01 22:22:00,2025,9,Sep,Mon,22,Night or early morning,30,NO CONTROLS,CLEAR,DAYLIGHT,REAR END,NOT DIVIDED,DRY,NO INJURY / DRIVE AWAY,,true,"OVER $1,500",FAILING TO REDUCE SPEED TO AVOID CRASH,2,NO INDICATION OF INJURY,0,0,41.8745328641,-87.6959711882,60612,,,,,,,
crash_08093,2025-04-12 05:30:00,2025,4,Apr,Sat,5,Night or early morning,30,NO CONTROLS,CLEAR,DUSK,SIDESWIPE SAME DIRECTION,NOT DIVIDED,DRY,NO INJURY / DRIVE AWAY,true,,"$501 - $1,500",IMPROPER LANE USAGE,2,NO INDICATION OF INJURY,0,0,41.7277664539,-87.5848778198,60617,"CHICAGO MIDWAY AIRPORT, IL US",37.0,26.0,65.0,0.0,10.0,0.0
crash_08094,2024-05-03 20:00:00,2024,5,May,Fri,20,Night or early morning,30,UNKNOWN,UNKNOWN,UNKNOWN,PARKED MOTOR VEHICLE,UNKNOWN,UNKNOWN,NO INJURY / DRIVE AWAY,,true,"OVER $1,500",UNABLE TO DETERMINE,2,NO INDICATION OF INJURY,0,0,41.9887873063,-87.703134134,60659,"CHICAGO OHARE INTERNATIONAL AIRPORT, IL US",61.0,35.0,38.0,0.0,10.0,6.0
crash_08095,2023-10-27 18:15:00,2023,10,Oct,Fri,18,Evening commute,30,NO CONTROLS,RAIN,DAYLIGHT,REAR END,NOT DIVIDED,WET,NO INJURY / DRIVE AWAY,,,"OVER $1,500",FOLLOWING TOO CLOSELY,2,NO INDICATION OF INJURY,0,0,41.8672634302,-87.630486968,60605,"CHICAGO MIDWAY AIRPORT, IL US",62.0,56.0,80.0,0.0,10.0,18.0
crash_08096,2019-10-15 17:45:00,2019,10,Oct,Tue,17,Evening commute,30,NO CONTROLS,CLEAR,DAYLIGHT,REAR TO REAR,ONE-WAY,DRY,NO INJURY / DRIVE AWAY,,,"OVER $1,500",FOLLOWING TOO CLOSELY,2,NO INDICATION OF INJURY,0,0,41.789139016,-87.6585354447,60636,"CHICAGO MIDWAY AIRPORT, IL US",62.0,59.0,90.0,0.0,9.0,13.0
crash_08097,2024-03-01 15:11:00,2024,3,Mar,Fri,15,Evening commute,30,NO CONTROLS,CLEAR,DAYLIGHT,PARKED MOTOR VEHICLE,NOT DIVIDED,DRY,NO INJURY / DRIVE AWAY,,,"OVER $1,500",DRIVING SKILLS/KNOWLEDGE/EXPERIENCE,2,NO INDICATION OF INJURY,0,0,41.8808651559,-87.7233759678,60624,"CHICAGO MIDWAY AIRPORT, IL US",46.0,21.0,37.0,0.0,10.0,11.0
crash_08098,2021-05-20 23:58:00,2021,5,May,Thu,23,Night or early morning,30,STOP SIGN/FLASHER,CLEAR,"DARKNESS, LIGHTED ROAD",FIXED OBJECT,FOUR WAY,DRY,INJURY AND / OR TOW DUE TO CRASH,,,"OVER $1,500",UNABLE TO DETERMINE,1,NO INDICATION OF INJURY,0,0,41.7813884694,-87.6495373254,60621,"CHICAGO MIDWAY AIRPORT, IL US",72.0,57.0,59.0,0.0,10.0,7.0
crash_08099,2022-10-21 12:05:00,2022,10,Oct,Fri,12,Daytime,30,TRAFFIC SIGNAL,CLEAR,DAYLIGHT,REAR END,NOT DIVIDED,DRY,NO INJURY / DRIVE AWAY,,,"$501 - $1,500",FOLLOWING TOO CLOSELY,2,NO INDICATION OF INJURY,0,0,41.9108338152,-87.6610302224,60642,"CHICAGO MIDWAY AIRPORT, IL US",66.0,37.0,34.0,0.0,10.0,16.0
crash_08100,2023-11-02 07:40:00,2023,11,Nov,Thu,7,Morning commute,30,NO CONTROLS,CLEAR,DAYLIGHT,TURNING,T-INTERSECTION,DRY,NO INJURY / DRIVE AWAY,true,,"OVER $1,500",FAILING TO YIELD RIGHT-OF-WAY,2,NO INDICATION OF INJURY,0,0,41.8884137431,-87.629410813,60654,"CHICAGO MIDWAY AIRPORT, IL US",34.0,24.0,67.0,0.0,10.0,10.0
crash_08101,2025-03-26 15:00:00,2025,3,Mar,Wed,15,Evening commute,30,NO CONTROLS,CLEAR,DAYLIGHT,PEDESTRIAN,PARKING LOT,UNKNOWN,INJURY AND / OR TOW DUE TO CRASH,,true,$500 OR LESS,UNABLE TO DETERMINE,2,NONINCAPACITATING INJURY,1,0,41.8284243092,-87.6266469196,60609,"CHICAGO MIDWAY AIRPORT, IL US",52.0,27.0,38.0,0.0,10.0,3.0
crash_08102,2022-06-24 14:00:00,2022,6,Jun,Fri,14,Daytime,20,NO CONTROLS,CLEAR,DAYLIGHT,PARKED MOTOR VEHICLE,NOT DIVIDED,DRY,NO INJURY / DRIVE AWAY,,,"$501 - $1,500",UNABLE TO DETERMINE,2,NO INDICATION OF INJURY,0,0,41.7351143013,-87.7349448073,60652,"CHICAGO MIDWAY AIRPORT, IL US",92.0,51.0,25.0,0.0,10.0,5.0
crash_08103,2025-12-26 08:00:00,2025,12,Dec,Fri,8,Morning commute,20,NO CONTROLS,CLOUDY/OVERCAST,DAYLIGHT,PARKED MOTOR VEHICLE,ONE-WAY,WET,NO INJURY / DRIVE AWAY,,true,"OVER $1,500",DRIVING SKILLS/KNOWLEDGE/EXPERIENCE,2,NO INDICATION OF INJURY,0,0,41.7859216963,-87.6864103941,60629,,,,,,,
crash_08104,2021-04-19 13:15:00,2021,4,Apr,Mon,13,Daytime,30,NO CONTROLS,CLEAR,DAYLIGHT,PARKED MOTOR VEHICLE,OTHER,DRY,NO INJURY / DRIVE AWAY,,,"OVER $1,500",IMPROPER BACKING,2,NO INDICATION OF INJURY,0,0,41.891722404,-87.7261201868,60624,"CHICAGO MIDWAY AIRPORT, IL US",45.0,38.0,77.0,0.01,10.0,13.0
crash_08105,2019-05-11 16:00:00,2019,5,May,Sat,16,Evening commute,30,TRAFFIC SIGNAL,RAIN,DAYLIGHT,REAR END,NOT DIVIDED,WET,NO INJURY / DRIVE AWAY,,true,"OVER $1,500",IMPROPER OVERTAKING/PASSING,2,NO INDICATION OF INJURY,0,0,41.8850319304,-87.7160477357,60624,"CHICAGO MIDWAY AIRPORT, IL US",48.0,41.0,77.0,0.03,10.0,9.0
crash_08106,2022-12-31 23:55:00,2022,12,Dec,Sat,23,Night or early morning,20,UNKNOWN,UNKNOWN,UNKNOWN,PARKED MOTOR VEHICLE,UNKNOWN,UNKNOWN,INJURY AND / OR TOW DUE TO CRASH,,true,"OVER $1,500",UNABLE TO DETERMINE,2,NONINCAPACITATING INJURY,1,0,41.9120740607,-87.7754628419,60639,"CHICAGO OHARE INTERNATIONAL AIRPORT, IL US",37.0,32.0,82.0,0.0,7.0,7.0
crash_08107,2025-07-21 09:50:00,2025,7,Jul,Mon,9,Morning commute,15,NO CONTROLS,CLEAR,DAYLIGHT,PARKED MOTOR VEHICLE,PARKING LOT,DRY,NO INJURY / DRIVE AWAY,,true,"OVER $1,500",FAILING TO REDUCE SPEED TO AVOID CRASH,2,NO INDICATION OF INJURY,0,0,41.9966348285,-87.6997527677,60659,"CHICAGO OHARE INTERNATIONAL AIRPORT, IL US",76.0,64.0,67.0,0.0,8.0,10.0
crash_08108,2025-01-31 05:57:00,2025,1,Jan,Fri,5,Night or early morning,30,STOP SIGN/FLASHER,RAIN,DAYLIGHT,SIDESWIPE SAME DIRECTION,NOT DIVIDED,WET,NO INJURY / DRIVE AWAY,,,"OVER $1,500",UNABLE TO DETERMINE,2,NO INDICATION OF INJURY,0,0,41.8914662509,-87.7384465642,60624,"CHICAGO MIDWAY AIRPORT, IL US",39.0,37.0,93.0,0.0,0.12,9.0
crash_08109,2021-08-04 17:00:00,2021,8,Aug,Wed,17,Evening commute,30,STOP SIGN/FLASHER,CLEAR,DAYLIGHT,ANGLE,NOT DIVIDED,DRY,NO INJURY / DRIVE AWAY,,,"OVER $1,500",UNABLE TO DETERMINE,2,NO INDICATION OF INJURY,0,0,41.8094291211,-87.6194488603,60653,"CHICAGO MIDWAY AIRPORT, IL US",83.0,50.0,32.0,0.0,10.0,9.0
crash_08110,2022-08-26 13:30:00,2022,8,Aug,Fri,13,Daytime,20,NO CONTROLS,CLEAR,DAYLIGHT,PARKED MOTOR VEHICLE,ONE-WAY,DRY,NO INJURY / DRIVE AWAY,,true,"$501 - $1,500",UNABLE TO DETERMINE,2,NO INDICATION OF INJURY,0,0,41.7080688117,-87.6503066867,60643,"CHICAGO MIDWAY AIRPORT, IL US",78.0,60.0,54.0,,10.0,8.0
crash_08111,2019-11-26 08:17:00,2019,11,Nov,Tue,8,Morning commute,30,TRAFFIC SIGNAL,CLEAR,DAYLIGHT,SIDESWIPE SAME DIRECTION,DIVIDED - W/MEDIAN (NOT RAISED),DRY,NO INJURY / DRIVE AWAY,,,"$501 - $1,500","VISION OBSCURED (SIGNS, TREE LIMBS, BUILDINGS, ETC.)",2,NO INDICATION OF INJURY,0,0,41.9170737126,-87.725276375,60647,"CHICAGO MIDWAY AIRPORT, IL US",37.0,33.0,86.0,0.0,10.0,0.0
crash_08112,2025-08-22 15:10:00,2025,8,Aug,Fri,15,Evening commute,30,NO CONTROLS,CLEAR,DAYLIGHT,PARKED MOTOR VEHICLE,NOT DIVIDED,DRY,NO INJURY / DRIVE AWAY,,true,"OVER $1,500",UNABLE TO DETERMINE,2,NO INDICATION OF INJURY,0,0,41.709654646,-87.6818667194,60655,"CHICAGO MIDWAY AIRPORT, IL US",80.0,62.0,54.0,0.0,10.0,7.0
crash_08113,2024-08-23 12:30:00,2024,8,Aug,Fri,12,Daytime,30,NO CONTROLS,CLEAR,DAYLIGHT,PARKED MOTOR VEHICLE,NOT DIVIDED,DRY,NO INJURY / DRIVE AWAY,,,"$501 - $1,500",UNABLE TO DETERMINE,2,NO INDICATION OF INJURY,0,0,41.9737329558,-87.6611881842,60640,"CHICAGO OHARE INTERNATIONAL AIRPORT, IL US",78.0,52.0,40.0,0.0,10.0,9.0
crash_08114,2025-09-15 12:40:00,2025,9,Sep,Mon,12,Daytime,30,NO CONTROLS,CLEAR,DAYLIGHT,PARKED MOTOR VEHICLE,NOT DIVIDED,DRY,NO INJURY / DRIVE AWAY,,true,$500 OR LESS,UNABLE TO DETERMINE,2,NO INDICATION OF INJURY,0,0,42.0169600376,-87.6900528688,60645,,,,,,,
crash_08115,2019-10-02 18:00:00,2019,10,Oct,Wed,18,Evening commute,30,TRAFFIC SIGNAL,RAIN,DUSK,REAR END,NOT DIVIDED,WET,NO INJURY / DRIVE AWAY,,,"$501 - $1,500",UNABLE TO DETERMINE,2,NO INDICATION OF INJURY,0,0,41.9316740489,-87.7274033467,60639,"CHICAGO MIDWAY AIRPORT, IL US",61.0,59.0,93.0,0.0,6.0,10.0
crash_08116,2024-05-12 14:20:00,2024,5,May,Sun,14,Daytime,20,NO CONTROLS,CLEAR,DAYLIGHT,PARKED MOTOR VEHICLE,PARKING LOT,DRY,NO INJURY / DRIVE AWAY,,true,"OVER $1,500",UNABLE TO DETERMINE,2,NO INDICATION OF INJURY,0,0,41.9521364304,-87.747428873,60641,"CHICAGO OHARE INTERNATIONAL AIRPORT, IL US",80.0,47.0,31.0,0.0,10.0,16.0
crash_08117,2018-11-16 16:40:00,2018,11,Nov,Fri,16,Evening commute,30,NO CONTROLS,CLEAR,DUSK,REAR END,NOT DIVIDED,DRY,NO INJURY / DRIVE AWAY,,true,"$501 - $1,500",IMPROPER BACKING,2,NO INDICATION OF INJURY,0,0,41.8579173321,-87.6655804219,60608,"CHICAGO MIDWAY AIRPORT, IL US",38.0,29.0,70.0,0.0,10.0,11.0
crash_08118,2022-08-19 23:00:00,2022,8,Aug,Fri,23,Night or early morning,30,NO CONTROLS,CLEAR,UNKNOWN,PARKED MOTOR VEHICLE,NOT DIVIDED,DRY,NO INJURY / DRIVE AWAY,,true,"$501 - $1,500",UNABLE TO DETERMINE,2,NO INDICATION OF INJURY,0,0,41.9233733965,-87.6460768698,60614,"CHICAGO MIDWAY AIRPORT, IL US",80.0,59.0,49.0,0.0,10.0,9.0