crash_id,crash_datetime,crash_year,crash_month,crash_month_name,crash_weekday_name,crash_hour,time_period,posted_speed_limit_mph,traffic_control_device,reported_weather_condition,reported_lighting_condition,first_crash_type,trafficway_type,reported_road_surface_condition,crash_type,intersection_related,hit_and_run,estimated_damage,primary_contributory_cause,unit_count,most_severe_injury,injuries_total,injuries_fatal,latitude,longitude,zip5,weather_station_name,temperature_f,dew_point_f,relative_humidity_percent,precipitation_inches,visibility_miles,wind_speed_mph
crash_08119,2025-05-02 09:13:00,2025,5,May,Fri,9,Morning commute,30,TRAFFIC SIGNAL,CLOUDY/OVERCAST,DAYLIGHT,PEDESTRIAN,NOT DIVIDED,DRY,INJURY AND / OR TOW DUE TO CRASH,true,,$500 OR LESS,UNABLE TO DETERMINE,3,NONINCAPACITATING INJURY,2,0,41.8959191946,-87.6204950309,60611,"CHICAGO MIDWAY AIRPORT, IL US",47.0,44.0,90.0,0.0,3.0,10.0
crash_08120,2024-05-06 16:40:00,2024,5,May,Mon,16,Evening commute,20,NO CONTROLS,CLEAR,DAYLIGHT,TURNING,NOT DIVIDED,DRY,NO INJURY / DRIVE AWAY,,,"OVER $1,500",FAILING TO YIELD RIGHT-OF-WAY,2,NO INDICATION OF INJURY,0,0,41.9707172058,-87.7282463943,60630,"CHICAGO OHARE INTERNATIONAL AIRPORT, IL US",70.0,52.0,53.0,0.0,10.0,11.0
crash_08121,2023-10-21 17:00:00,2023,10,Oct,Sat,17,Evening commute,30,STOP SIGN/FLASHER,CLEAR,DUSK,SIDESWIPE SAME DIRECTION,NOT DIVIDED,DRY,NO INJURY / DRIVE AWAY,,,"OVER $1,500",IMPROPER LANE USAGE,2,NO INDICATION OF INJURY,0,0,41.7546601244,-87.7413847586,60652,"CHICAGO MIDWAY AIRPORT, IL US",57.0,45.0,64.0,0.0,10.0,17.0
crash_08122,2022-04-03 23:38:00,2022,4,Apr,Sun,23,Night or early morning,30,NO CONTROLS,RAIN,DARKNESS,FIXED OBJECT,NOT DIVIDED,WET,NO INJURY / DRIVE AWAY,,,"$501 - $1,500",WEATHER,1,NO INDICATION OF INJURY,0,0,41.8855752339,-87.6592692818,60607,"CHICAGO MIDWAY AIRPORT, IL US",42.0,38.0,85.0,0.05,6.0,0.0
crash_08123,2022-08-24 10:15:00,2022,8,Aug,Wed,10,Daytime,30,NO CONTROLS,CLEAR,DAYLIGHT,PARKED MOTOR VEHICLE,ALLEY,DRY,NO INJURY / DRIVE AWAY,,true,"OVER $1,500",UNABLE TO DETERMINE,2,NO INDICATION OF INJURY,0,0,42.0003465344,-87.8199471222,60631,"CHICAGO OHARE INTERNATIONAL AIRPORT, IL US",79.0,57.0,47.0,0.0,10.0,3.0
crash_08124,2020-01-21 18:20:00,2020,1,Jan,Tue,18,Evening commute,30,STOP SIGN/FLASHER,CLEAR,"DARKNESS, LIGHTED ROAD",ANGLE,FOUR WAY,DRY,NO INJURY / DRIVE AWAY,true,,"OVER $1,500",NOT APPLICABLE,2,NO INDICATION OF INJURY,0,0,41.762009489,-87.612901284,60619,"CHICAGO MIDWAY AIRPORT, IL US",29.0,19.0,66.0,0.0,10.0,10.0
crash_08125,2021-01-21 07:30:00,2021,1,Jan,Thu,7,Morning commute,20,NO CONTROLS,UNKNOWN,DAYLIGHT,PARKED MOTOR VEHICLE,ONE-WAY,UNKNOWN,NO INJURY / DRIVE AWAY,,true,"OVER $1,500",UNABLE TO DETERMINE,2,NO INDICATION OF INJURY,0,0,41.76120018,-87.5646592216,60649,"CHICAGO MIDWAY AIRPORT, IL US",33.0,22.0,64.0,0.0,10.0,13.0
crash_08126,2024-07-08 15:26:00,2024,7,Jul,Mon,15,Evening commute,30,NO CONTROLS,CLEAR,DAYLIGHT,REAR END,NOT DIVIDED,DRY,NO INJURY / DRIVE AWAY,,,"OVER $1,500",FOLLOWING TOO CLOSELY,2,NO INDICATION OF INJURY,0,0,41.8166565081,-87.6212633789,60653,"CHICAGO MIDWAY AIRPORT, IL US",85.0,66.0,53.0,0.0,10.0,9.0
crash_08127,2023-09-16 14:43:00,2023,9,Sep,Sat,14,Daytime,30,NO CONTROLS,CLEAR,DAYLIGHT,SIDESWIPE SAME DIRECTION,NOT DIVIDED,DRY,NO INJURY / DRIVE AWAY,,true,"OVER $1,500",IMPROPER LANE USAGE,2,NO INDICATION OF INJURY,0,0,41.84679506,-87.7365551532,60623,"CHICAGO MIDWAY AIRPORT, IL US",67.0,57.0,71.0,0.01,10.0,5.0
crash_08128,2023-11-04 00:55:00,2023,11,Nov,Sat,0,Night or early morning,30,TRAFFIC SIGNAL,CLEAR,"DARKNESS, LIGHTED ROAD",TURNING,NOT DIVIDED,DRY,INJURY AND / OR TOW DUE TO CRASH,true,,"OVER $1,500",UNABLE TO DETERMINE,2,NONINCAPACITATING INJURY,2,0,41.7799265177,-87.6319793256,60621,"CHICAGO MIDWAY AIRPORT, IL US",53.0,35.0,51.0,0.0,10.0,5.0
crash_08129,2021-12-10 03:00:00,2021,12,Dec,Fri,3,Night or early morning,30,NO CONTROLS,UNKNOWN,UNKNOWN,PARKED MOTOR VEHICLE,NOT DIVIDED,UNKNOWN,NO INJURY / DRIVE AWAY,,true,"$501 - $1,500",UNABLE TO DETERMINE,2,NO INDICATION OF INJURY,0,0,41.8733141251,-87.7424461874,60644,"CHICAGO MIDWAY AIRPORT, IL US",39.0,31.0,73.0,0.0,10.0,0.0
crash_08130,2018-08-28 20:00:00,2018,8,Aug,Tue,20,Night or early morning,30,TRAFFIC SIGNAL,CLEAR,"DARKNESS, LIGHTED ROAD",REAR END,DIVIDED - W/MEDIAN (NOT RAISED),DRY,NO INJURY / DRIVE AWAY,true,,"$501 - $1,500",FOLLOWING TOO CLOSELY,2,NO INDICATION OF INJURY,0,0,41.7662877009,-87.5666332658,60649,"CHICAGO MIDWAY AIRPORT, IL US",79.0,70.0,74.0,0.0,10.0,5.0
crash_08131,2025-11-08 02:21:00,2025,11,Nov,Sat,2,Night or early morning,30,TRAFFIC SIGNAL,RAIN,"DARKNESS, LIGHTED ROAD",REAR END,NOT DIVIDED,WET,INJURY AND / OR TOW DUE TO CRASH,,,"OVER $1,500",FAILING TO REDUCE SPEED TO AVOID CRASH,2,"REPORTED, NOT EVIDENT",1,0,41.9247884583,-87.687937573,60647,,,,,,,
crash_08132,2022-06-03 07:35:00,2022,6,Jun,Fri,7,Morning commute,30,TRAFFIC SIGNAL,CLEAR,DAYLIGHT,SIDESWIPE SAME DIRECTION,NOT DIVIDED,DRY,INJURY AND / OR TOW DUE TO CRASH,true,,"OVER $1,500",EQUIPMENT - VEHICLE CONDITION,4,"REPORTED, NOT EVIDENT",3,0,41.9154902491,-87.7266655124,60639,"CHICAGO MIDWAY AIRPORT, IL US",67.0,45.0,45.0,0.0,10.0,11.0
crash_08133,2023-09-15 13:30:00,2023,9,Sep,Fri,13,Daytime,30,NO CONTROLS,CLEAR,DAYLIGHT,SIDESWIPE SAME DIRECTION,NOT DIVIDED,DRY,NO INJURY / DRIVE AWAY,,true,"OVER $1,500",IMPROPER OVERTAKING/PASSING,2,NO INDICATION OF INJURY,0,0,41.9185203643,-87.6973759822,60647,"CHICAGO MIDWAY AIRPORT, IL US",75.0,49.0,40.0,0.0,10.0,5.0
crash_08134,2022-03-04 16:53:00,2022,3,Mar,Fri,16,Evening commute,30,NO CONTROLS,CLEAR,DAYLIGHT,PARKED MOTOR VEHICLE,DIVIDED - W/MEDIAN BARRIER,DRY,NO INJURY / DRIVE AWAY,,,"$501 - $1,500",IMPROPER OVERTAKING/PASSING,2,NO INDICATION OF INJURY,0,0,41.8984239509,-87.6242510039,60611,"CHICAGO MIDWAY AIRPORT, IL US",40.0,23.0,51.0,0.0,10.0,13.0
crash_08135,2021-04-29 10:00:00,2021,4,Apr,Thu,10,Daytime,30,NO CONTROLS,RAIN,DAYLIGHT,SIDESWIPE SAME DIRECTION,DIVIDED - W/MEDIAN BARRIER,WET,INJURY AND / OR TOW DUE TO CRASH,,true,"OVER $1,500",ROAD CONSTRUCTION/MAINTENANCE,2,NONINCAPACITATING INJURY,1,0,41.826913984,-87.6948755261,60632,"CHICAGO MIDWAY AIRPORT, IL US",51.0,46.0,83.0,0.01,7.0,8.0
crash_08136,2019-04-26 14:20:00,2019,4,Apr,Fri,14,Daytime,30,NO CONTROLS,CLEAR,DAYLIGHT,REAR END,NOT DIVIDED,DRY,NO INJURY / DRIVE AWAY,true,,"OVER $1,500",FOLLOWING TOO CLOSELY,2,NO INDICATION OF INJURY,0,0,41.8988292111,-87.6341387187,60610,"CHICAGO MIDWAY AIRPORT, IL US",63.0,30.0,29.0,0.0,10.0,18.0
crash_08137,2018-02-20 15:56:00,2018,2,Feb,Tue,15,Evening commute,30,TRAFFIC SIGNAL,RAIN,DAYLIGHT,REAR END,NOT DIVIDED,WET,NO INJURY / DRIVE AWAY,,,"OVER $1,500",FOLLOWING TOO CLOSELY,2,NO INDICATION OF INJURY,0,0,41.8114751445,-87.616793876,60653,"CHICAGO MIDWAY AIRPORT, IL US",55.0,55.0,100.0,0.07,7.0,9.0
crash_08138,2021-02-08 08:35:00,2021,2,Feb,Mon,8,Morning commute,30,STOP SIGN/FLASHER,SNOW,DAYLIGHT,REAR END,NOT DIVIDED,SNOW OR SLUSH,INJURY AND / OR TOW DUE TO CRASH,,,"OVER $1,500",FOLLOWING TOO CLOSELY,3,NONINCAPACITATING INJURY,1,0,41.8941114337,-87.6694684305,60622,"CHICAGO MIDWAY AIRPORT, IL US",7.0,-2.0,66.0,0.0,6.0,3.0
crash_08139,2018-10-30 12:55:00,2018,10,Oct,Tue,12,Daytime,25,NO CONTROLS,CLEAR,DAYLIGHT,REAR END,NOT DIVIDED,DRY,NO INJURY / DRIVE AWAY,,,"OVER $1,500",FOLLOWING TOO CLOSELY,3,NO INDICATION OF INJURY,0,0,41.7135362963,-87.6843654091,60655,"CHICAGO MIDWAY AIRPORT, IL US",58.0,45.0,62.0,0.0,10.0,11.0
crash_08140,2022-11-04 15:30:00,2022,11,Nov,Fri,15,Evening commute,30,NO CONTROLS,UNKNOWN,UNKNOWN,PARKED MOTOR VEHICLE,OTHER,UNKNOWN,NO INJURY / DRIVE AWAY,,true,"$501 - $1,500",UNABLE TO DETERMINE,2,NO INDICATION OF INJURY,0,0,41.8873895782,-87.6247342879,60601,"CHICAGO MIDWAY AIRPORT, IL US",75.0,57.0,54.0,0.0,10.0,20.0
crash_08141,2024-01-15 13:45:00,2024,1,Jan,Mon,13,Daytime,10,NO CONTROLS,CLEAR,DAYLIGHT,PARKED MOTOR VEHICLE,PARKING LOT,SNOW OR SLUSH,NO INJURY / DRIVE AWAY,,true,"$501 - $1,500",UNABLE TO DETERMINE,2,NO INDICATION OF INJURY,0,0,41.9480076631,-87.6881477707,60618,"CHICAGO MIDWAY AIRPORT, IL US",3.0,-8.0,60.0,0.0,10.0,10.0
crash_08142,2021-06-14 08:11:00,2021,6,Jun,Mon,8,Morning commute,35,NO CONTROLS,CLEAR,DAYLIGHT,PARKED MOTOR VEHICLE,NOT DIVIDED,DRY,NO INJURY / DRIVE AWAY,,true,"$501 - $1,500",UNABLE TO DETERMINE,2,NO INDICATION OF INJURY,0,0,41.9900951967,-87.7874541787,60646,"CHICAGO OHARE INTERNATIONAL AIRPORT, IL US",68.0,57.0,68.0,0.0,10.0,14.0
crash_08143,2023-09-14 16:06:00,2023,9,Sep,Thu,16,Evening commute,30,TRAFFIC SIGNAL,CLEAR,DAYLIGHT,TURNING,FOUR WAY,DRY,NO INJURY / DRIVE AWAY,true,,"OVER $1,500",UNABLE TO DETERMINE,2,NO INDICATION OF INJURY,0,0,41.8832359171,-87.6354904422,60606,"CHICAGO MIDWAY AIRPORT, IL US",71.0,49.0,46.0,0.0,10.0,6.0
crash_08144,2024-06-19 10:25:00,2024,6,Jun,Wed,10,Daytime,15,NO CONTROLS,CLEAR,DAYLIGHT,PARKED MOTOR VEHICLE,PARKING LOT,DRY,NO INJURY / DRIVE AWAY,,,$500 OR LESS,UNABLE TO DETERMINE,2,NO INDICATION OF INJURY,0,0,41.9366409312,-87.6395828599,60657,"CHICAGO MIDWAY AIRPORT, IL US",88.0,67.0,50.0,0.0,10.0,8.0
crash_08145,2019-07-18 08:15:00,2019,7,Jul,Thu,8,Morning commute,30,NO CONTROLS,RAIN,DAYLIGHT,SIDESWIPE SAME DIRECTION,DIVIDED - W/MEDIAN (NOT RAISED),WET,NO INJURY / DRIVE AWAY,,,"OVER $1,500",UNABLE TO DETERMINE,2,NO INDICATION OF INJURY,0,0,41.8744341332,-87.6287879833,60605,"CHICAGO MIDWAY AIRPORT, IL US",75.0,73.0,94.0,0.27,5.0,9.0
crash_08146,2024-07-09 11:50:00,2024,7,Jul,Tue,11,Daytime,30,NO CONTROLS,CLEAR,DAYLIGHT,SIDESWIPE OPPOSITE DIRECTION,NOT DIVIDED,DRY,NO INJURY / DRIVE AWAY,,true,"OVER $1,500",UNABLE TO DETERMINE,2,NO INDICATION OF INJURY,0,0,41.9733431792,-87.7522792623,60630,"CHICAGO OHARE INTERNATIONAL AIRPORT, IL US",80.0,65.0,60.0,0.0,10.0,6.0
crash_08147,2018-11-24 07:26:00,2018,11,Nov,Sat,7,Morning commute,30,TRAFFIC SIGNAL,RAIN,DAYLIGHT,FIXED OBJECT,NOT DIVIDED,WET,INJURY AND / OR TOW DUE TO CRASH,,,"OVER $1,500",UNABLE TO DETERMINE,1,NO INDICATION OF INJURY,0,0,41.8946097586,-87.6340008233,60654,"CHICAGO MIDWAY AIRPORT, IL US",45.0,43.0,93.0,0.0,4.0,10.0
crash_08148,2020-11-09 22:59:00,2020,11,Nov,Mon,22,Night or early morning,30,NO CONTROLS,CLEAR,"DARKNESS, LIGHTED ROAD",REAR END,NOT DIVIDED,DRY,INJURY AND / OR TOW DUE TO CRASH,,,"OVER $1,500",IMPROPER LANE USAGE,2,NONINCAPACITATING INJURY,1,0,41.9348153844,-87.7468727647,60641,"CHICAGO OHARE INTERNATIONAL AIRPORT, IL US",70.0,58.0,66.0,0.0,10.0,14.0
crash_08149,2020-12-14 04:00:00,2020,12,Dec,Mon,4,Night or early morning,15,NO CONTROLS,CLEAR,"DARKNESS, LIGHTED ROAD",PARKED MOTOR VEHICLE,ONE-WAY,UNKNOWN,INJURY AND / OR TOW DUE TO CRASH,,true,"OVER $1,500",UNABLE TO DETERMINE,4,NO INDICATION OF INJURY,0,0,41.9648932801,-87.7289980545,60630,"CHICAGO OHARE INTERNATIONAL AIRPORT, IL US",29.0,19.0,66.0,0.0,10.0,15.0
crash_08150,2022-10-28 03:00:00,2022,10,Oct,Fri,3,Night or early morning,30,NO CONTROLS,CLEAR,"DARKNESS, LIGHTED ROAD",SIDESWIPE OPPOSITE DIRECTION,NOT DIVIDED,DRY,INJURY AND / OR TOW DUE TO CRASH,,,"OVER $1,500",UNABLE TO DETERMINE,2,"REPORTED, NOT EVIDENT",2,0,41.884187654,-87.7014111681,60612,"CHICAGO MIDWAY AIRPORT, IL US",47.0,33.0,59.0,0.0,10.0,8.0
crash_08151,2024-12-18 16:03:00,2024,12,Dec,Wed,16,Evening commute,30,NO CONTROLS,CLEAR,DAYLIGHT,REAR END,NOT DIVIDED,DRY,INJURY AND / OR TOW DUE TO CRASH,,,"OVER $1,500",UNABLE TO DETERMINE,2,NO INDICATION OF INJURY,0,0,41.7735168616,-87.673893695,60636,"CHICAGO MIDWAY AIRPORT, IL US",32.0,19.0,59.0,,10.0,11.0
crash_08152,2024-09-16 08:15:00,2024,9,Sep,Mon,8,Morning commute,30,TRAFFIC SIGNAL,CLEAR,DAYLIGHT,TURNING,DIVIDED - W/MEDIAN (NOT RAISED),DRY,NO INJURY / DRIVE AWAY,,,"OVER $1,500",IMPROPER TURNING/NO SIGNAL,2,NO INDICATION OF INJURY,0,0,41.9567435286,-87.7669728233,60641,"CHICAGO OHARE INTERNATIONAL AIRPORT, IL US",68.0,53.0,59.0,0.0,10.0,6.0
crash_08153,2024-10-07 20:30:00,2024,10,Oct,Mon,20,Night or early morning,30,STOP SIGN/FLASHER,CLEAR,"DARKNESS, LIGHTED ROAD",ANGLE,DIVIDED - W/MEDIAN (NOT RAISED),DRY,INJURY AND / OR TOW DUE TO CRASH,true,,"OVER $1,500",FAILING TO YIELD RIGHT-OF-WAY,2,"REPORTED, NOT EVIDENT",1,0,41.7923993245,-87.7746447029,60638,"CHICAGO MIDWAY AIRPORT, IL US",56.0,30.0,37.0,0.0,10.0,3.0
crash_08154,2020-12-28 14:45:00,2020,12,Dec,Mon,14,Daytime,30,TRAFFIC SIGNAL,CLEAR,DAYLIGHT,SIDESWIPE SAME DIRECTION,ONE-WAY,UNKNOWN,NO INJURY / DRIVE AWAY,true,,"OVER $1,500",FAILING TO YIELD RIGHT-OF-WAY,2,NO INDICATION OF INJURY,0,0,41.8830625948,-87.6426257514,60661,"CHICAGO MIDWAY AIRPORT, IL US",34.0,14.0,44.0,0.0,10.0,9.0
crash_08155,2022-06-20 20:31:00,2022,6,Jun,Mon,20,Night or early morning,30,UNKNOWN,CLEAR,DAYLIGHT,PEDALCYCLIST,FOUR WAY,DRY,NO INJURY / DRIVE AWAY,,true,"OVER $1,500",NOT APPLICABLE,2,NO INDICATION OF INJURY,0,0,41.9981756816,-87.6712530227,60626,"CHICAGO OHARE INTERNATIONAL AIRPORT, IL US",86.0,53.0,32.0,0.0,10.0,9.0
crash_08156,2024-11-22 17:45:00,2024,11,Nov,Fri,17,Evening commute,45,NO CONTROLS,CLEAR,"DARKNESS, LIGHTED ROAD",REAR END,DRIVEWAY,DRY,NO INJURY / DRIVE AWAY,,true,"$501 - $1,500",FOLLOWING TOO CLOSELY,3,NO INDICATION OF INJURY,0,0,41.8623482384,-87.6182341519,60605,"CHICAGO MIDWAY AIRPORT, IL US",46.0,37.0,71.0,0.0,10.0,16.0
crash_08157,2019-06-20 16:05:00,2019,6,Jun,Thu,16,Evening commute,30,NO CONTROLS,CLEAR,DAYLIGHT,ANGLE,FOUR WAY,DRY,NO INJURY / DRIVE AWAY,true,,"OVER $1,500",IMPROPER OVERTAKING/PASSING,2,NO INDICATION OF INJURY,0,0,41.9405684259,-87.7568998545,60641,"CHICAGO OHARE INTERNATIONAL AIRPORT, IL US",69.0,59.0,70.0,0.0,10.0,13.0
crash_08158,2018-07-06 18:40:00,2018,7,Jul,Fri,18,Evening commute,30,NO CONTROLS,CLEAR,DAYLIGHT,TURNING,NOT DIVIDED,DRY,NO INJURY / DRIVE AWAY,true,,"$501 - $1,500",FOLLOWING TOO CLOSELY,2,NO INDICATION OF INJURY,0,0,41.9241199169,-87.7469558974,60639,"CHICAGO MIDWAY AIRPORT, IL US",73.0,51.0,46.0,0.0,10.0,15.0
crash_08159,2025-09-21 18:30:00,2025,9,Sep,Sun,18,Evening commute,30,NO CONTROLS,CLEAR,DAYLIGHT,OTHER OBJECT,OTHER,OTHER,NO INJURY / DRIVE AWAY,,,"$501 - $1,500",NOT APPLICABLE,1,NO INDICATION OF INJURY,0,0,41.9558845727,-87.7004453613,60618,,,,,,,
crash_08160,2020-09-16 10:10:00,2020,9,Sep,Wed,10,Daytime,30,TRAFFIC SIGNAL,CLEAR,DAYLIGHT,SIDESWIPE SAME DIRECTION,DIVIDED - W/MEDIAN BARRIER,DRY,NO INJURY / DRIVE AWAY,true,,"OVER $1,500",IMPROPER OVERTAKING/PASSING,2,NO INDICATION OF INJURY,0,0,41.8119069611,-87.6652030609,60609,"CHICAGO MIDWAY AIRPORT, IL US",68.0,56.0,65.0,0.0,10.0,11.0
crash_08161,2019-09-25 20:30:00,2019,9,Sep,Wed,20,Night or early morning,25,NO CONTROLS,CLEAR,DARKNESS,PARKED MOTOR VEHICLE,ONE-WAY,DRY,NO INJURY / DRIVE AWAY,,true,"OVER $1,500",UNABLE TO DETERMINE,2,NO INDICATION OF INJURY,0,0,41.9346824975,-87.80372101,60634,"CHICAGO OHARE INTERNATIONAL AIRPORT, IL US",69.0,49.0,49.0,0.0,10.0,10.0
crash_08162,2018-07-24 17:25:00,2018,7,Jul,Tue,17,Evening commute,30,TRAFFIC SIGNAL,CLEAR,DAYLIGHT,REAR END,DIVIDED - W/MEDIAN (NOT RAISED),DRY,NO INJURY / DRIVE AWAY,,,"$501 - $1,500",FOLLOWING TOO CLOSELY,2,NO INDICATION OF INJURY,0,0,41.857670213,-87.6301843777,60616,"CHICAGO MIDWAY AIRPORT, IL US",83.0,60.0,46.0,0.0,10.0,8.0
crash_08163,2022-05-15 20:40:00,2022,5,May,Sun,20,Night or early morning,30,NO CONTROLS,CLEAR,"DARKNESS, LIGHTED ROAD",SIDESWIPE OPPOSITE DIRECTION,PARKING LOT,DRY,NO INJURY / DRIVE AWAY,,,"$501 - $1,500",FAILING TO YIELD RIGHT-OF-WAY,2,NO INDICATION OF INJURY,0,0,41.9294041298,-87.7663270393,60639,"CHICAGO OHARE INTERNATIONAL AIRPORT, IL US",63.0,50.0,63.0,0.0,10.0,6.0
crash_08164,2024-12-31 14:15:00,2024,12,Dec,Tue,14,Daytime,30,OTHER,RAIN,"DARKNESS, LIGHTED ROAD",TURNING,UNKNOWN INTERSECTION TYPE,WET,NO INJURY / DRIVE AWAY,,,"OVER $1,500",WEATHER,2,NO INDICATION OF INJURY,0,0,41.6632260238,-87.6174983606,60628,"CHICAGO MIDWAY AIRPORT, IL US",39.0,34.0,82.0,0.0,10.0,20.0
crash_08165,2020-09-22 20:05:00,2020,9,Sep,Tue,20,Night or early morning,35,TRAFFIC SIGNAL,CLEAR,DARKNESS,TURNING,NOT DIVIDED,DRY,INJURY AND / OR TOW DUE TO CRASH,true,,"OVER $1,500",UNABLE TO DETERMINE,3,NO INDICATION OF INJURY,0,0,41.9243499158,-87.7462435909,60639,"CHICAGO MIDWAY AIRPORT, IL US",74.0,53.0,48.0,0.0,10.0,7.0
crash_08166,2024-10-23 23:48:00,2024,10,Oct,Wed,23,Night or early morning,35,NO CONTROLS,CLEAR,"DARKNESS, LIGHTED ROAD",FIXED OBJECT,DIVIDED - W/MEDIAN (NOT RAISED),DRY,INJURY AND / OR TOW DUE TO CRASH,,true,"OVER $1,500",UNABLE TO DETERMINE,1,NO INDICATION OF INJURY,0,0,41.6918469088,-87.5593180207,60617,"CHICAGO MIDWAY AIRPORT, IL US",50.0,36.0,59.0,0.0,10.0,0.0
crash_08167,2019-09-10 18:49:00,2019,9,Sep,Tue,18,Evening commute,20,NO CONTROLS,CLEAR,DARKNESS,PARKED MOTOR VEHICLE,NOT DIVIDED,DRY,NO INJURY / DRIVE AWAY,,,"OVER $1,500",FOLLOWING TOO CLOSELY,2,,,,41.9487182689,-87.8107168207,60634,"CHICAGO OHARE INTERNATIONAL AIRPORT, IL US",84.0,68.0,59.0,0.0,10.0,7.0
crash_08168,2018-06-18 21:05:00,2018,6,Jun,Mon,21,Night or early morning,30,TRAFFIC SIGNAL,RAIN,"DARKNESS, LIGHTED ROAD",TURNING,NOT DIVIDED,WET,INJURY AND / OR TOW DUE TO CRASH,true,,"OVER $1,500",FAILING TO YIELD RIGHT-OF-WAY,2,NO INDICATION OF INJURY,0,0,41.7723714335,-87.6592296705,60636,"CHICAGO MIDWAY AIRPORT, IL US",76.0,71.0,85.0,0.0,10.0,8.0
crash_08169,2019-07-07 22:45:00,2019,7,Jul,Sun,22,Night or early morning,30,TRAFFIC SIGNAL,CLEAR,"DARKNESS, LIGHTED ROAD",SIDESWIPE SAME DIRECTION,NOT DIVIDED,DRY,NO INJURY / DRIVE AWAY,,true,"OVER $1,500",IMPROPER OVERTAKING/PASSING,2,NO INDICATION OF INJURY,0,0,41.7801681289,-87.7422010621,60629,"CHICAGO MIDWAY AIRPORT, IL US",69.0,53.0,57.0,0.0,10.0,7.0
crash_08170,2024-06-02 16:00:00,2024,6,Jun,Sun,16,Evening commute,30,NO CONTROLS,CLEAR,DAYLIGHT,SIDESWIPE SAME DIRECTION,DIVIDED - W/MEDIAN BARRIER,DRY,NO INJURY / DRIVE AWAY,,false,"$501 - $1,500",FAILING TO YIELD RIGHT-OF-WAY,2,NO INDICATION OF INJURY,0,0,41.8511998366,-87.6188194842,60616,"CHICAGO MIDWAY AIRPORT, IL US",75.0,58.0,55.0,0.0,10.0,8.0
crash_08171,2024-03-04 13:15:00,2024,3,Mar,Mon,13,Daytime,35,TRAFFIC SIGNAL,CLEAR,DAYLIGHT,REAR END,NOT DIVIDED,DRY,NO INJURY / DRIVE AWAY,true,,"OVER $1,500",FAILING TO YIELD RIGHT-OF-WAY,2,NO INDICATION OF INJURY,0,0,41.7712394955,-87.7419980162,60629,"CHICAGO MIDWAY AIRPORT, IL US",65.0,56.0,73.0,0.0,10.0,11.0
crash_08172,2019-08-15 17:00:00,2019,8,Aug,Thu,17,Evening commute,25,TRAFFIC SIGNAL,CLEAR,DAYLIGHT,REAR END,NOT DIVIDED,DRY,NO INJURY / DRIVE AWAY,true,true,"OVER $1,500",FAILING TO REDUCE SPEED TO AVOID CRASH,2,NO INDICATION OF INJURY,0,0,41.8673626926,-87.6392931946,60607,"CHICAGO MIDWAY AIRPORT, IL US",78.0,61.0,56.0,0.0,10.0,9.0
crash_08173,2025-08-21 08:30:00,2025,8,Aug,Thu,8,Morning commute,30,UNKNOWN,UNKNOWN,UNKNOWN,PARKED MOTOR VEHICLE,NOT DIVIDED,UNKNOWN,NO INJURY / DRIVE AWAY,true,,"OVER $1,500",IMPROPER OVERTAKING/PASSING,2,NO INDICATION OF INJURY,0,0,41.7994056819,-87.5856611313,60615,"CHICAGO MIDWAY AIRPORT, IL US",74.0,62.0,67.0,0.0,10.0,10.0
crash_08174,2022-01-19 10:35:00,2022,1,Jan,Wed,10,Daytime,30,TRAFFIC SIGNAL,CLEAR,DAYLIGHT,REAR END,NOT DIVIDED,DRY,NO INJURY / DRIVE AWAY,,,"OVER $1,500",FOLLOWING TOO CLOSELY,2,NO INDICATION OF INJURY,0,0,41.9235425599,-87.7885366893,60707,"CHICAGO OHARE INTERNATIONAL AIRPORT, IL US",20.0,8.0,60.0,0.0,10.0,11.0
crash_08175,2023-01-06 07:00:00,2023,1,Jan,Fri,7,Morning commute,25,NO CONTROLS,CLEAR,"DARKNESS, LIGHTED ROAD",PARKED MOTOR VEHICLE,NOT DIVIDED,DRY,NO INJURY / DRIVE AWAY,,true,"$501 - $1,500",NOT APPLICABLE,2,NO INDICATION OF INJURY,0,0,41.7665470802,-87.6882483472,60629,"CHICAGO MIDWAY AIRPORT, IL US",31.0,26.0,82.0,0.0,10.0,10.0
crash_08176,2021-07-24 04:40:00,2021,7,Jul,Sat,4,Night or early morning,30,NO CONTROLS,CLEAR,"DARKNESS, LIGHTED ROAD",PEDESTRIAN,DIVIDED - W/MEDIAN (NOT RAISED),DRY,INJURY AND / OR TOW DUE TO CRASH,,true,$500 OR LESS,"OPERATING VEHICLE IN ERRATIC, RECKLESS, CARELESS, NEGLIGENT OR AGGRESSIVE MANNER",2,INCAPACITATING INJURY,1,0,41.8518323547,-87.6926408612,60608,"CHICAGO MIDWAY AIRPORT, IL US",76.0,68.0,77.0,0.0,10.0,9.0
crash_08177,2019-03-03 10:40:00,2019,3,Mar,Sun,10,Daytime,30,STOP SIGN/FLASHER,CLEAR,DAYLIGHT,ANGLE,OTHER,DRY,INJURY AND / OR TOW DUE TO CRASH,true,,"OVER $1,500",FAILING TO YIELD RIGHT-OF-WAY,2,NO INDICATION OF INJURY,0,0,41.8614178574,-87.6663882562,60608,"CHICAGO MIDWAY AIRPORT, IL US",21.0,9.0,59.0,,10.0,11.0
crash_08178,2022-10-04 05:45:00,2022,10,Oct,Tue,5,Night or early morning,30,NO CONTROLS,CLEAR,DARKNESS,SIDESWIPE SAME DIRECTION,NOT DIVIDED,DRY,NO INJURY / DRIVE AWAY,,true,"$501 - $1,500",IMPROPER LANE USAGE,2,NO INDICATION OF INJURY,0,0,41.9326268437,-87.6611932158,60657,"CHICAGO MIDWAY AIRPORT, IL US",48.0,42.0,80.0,,10.0,0.0