crash_id,crash_datetime,crash_year,crash_month,crash_month_name,crash_weekday_name,crash_hour,time_period,posted_speed_limit_mph,traffic_control_device,reported_weather_condition,reported_lighting_condition,first_crash_type,trafficway_type,reported_road_surface_condition,crash_type,intersection_related,hit_and_run,estimated_damage,primary_contributory_cause,unit_count,most_severe_injury,injuries_total,injuries_fatal,latitude,longitude,zip5,weather_station_name,temperature_f,dew_point_f,relative_humidity_percent,precipitation_inches,visibility_miles,wind_speed_mph
crash_08179,2018-10-02 10:10:00,2018,10,Oct,Tue,10,Daytime,35,NO CONTROLS,CLEAR,DAYLIGHT,PARKED MOTOR VEHICLE,NOT DIVIDED,DRY,NO INJURY / DRIVE AWAY,,,"$501 - $1,500",UNABLE TO DETERMINE,2,NO INDICATION OF INJURY,0,0,41.8715305393,-87.6688882131,60612,"CHICAGO MIDWAY AIRPORT, IL US",60.0,54.0,80.0,,10.0,7.0
crash_08180,2018-07-09 07:55:00,2018,7,Jul,Mon,7,Morning commute,25,TRAFFIC SIGNAL,CLEAR,DAYLIGHT,SIDESWIPE SAME DIRECTION,NOT DIVIDED,DRY,NO INJURY / DRIVE AWAY,true,,"OVER $1,500",IMPROPER LANE USAGE,2,NO INDICATION OF INJURY,0,0,41.8791830927,-87.6474262345,60607,"CHICAGO MIDWAY AIRPORT, IL US",76.0,65.0,69.0,0.0,10.0,6.0
crash_08181,2023-08-26 17:15:00,2023,8,Aug,Sat,17,Evening commute,45,NO CONTROLS,CLEAR,DAYLIGHT,FIXED OBJECT,DIVIDED - W/MEDIAN BARRIER,DRY,INJURY AND / OR TOW DUE TO CRASH,,,"OVER $1,500",IMPROPER LANE USAGE,1,NO INDICATION OF INJURY,0,0,41.7620766995,-87.6032013374,60619,"CHICAGO MIDWAY AIRPORT, IL US",73.0,60.0,64.0,0.0,10.0,16.0
crash_08182,2022-05-20 15:00:00,2022,5,May,Fri,15,Evening commute,30,NO CONTROLS,CLEAR,DAWN,REAR END,NOT DIVIDED,DRY,NO INJURY / DRIVE AWAY,true,true,$500 OR LESS,UNABLE TO DETERMINE,2,NO INDICATION OF INJURY,0,0,41.8797186691,-87.7331411656,60624,"CHICAGO MIDWAY AIRPORT, IL US",85.0,65.0,51.0,0.0,10.0,26.0
crash_08183,2025-10-05 21:41:00,2025,10,Oct,Sun,21,Night or early morning,30,NO CONTROLS,CLEAR,"DARKNESS, LIGHTED ROAD",PARKED MOTOR VEHICLE,NOT DIVIDED,DRY,NO INJURY / DRIVE AWAY,,,"OVER $1,500",UNABLE TO DETERMINE,3,NO INDICATION OF INJURY,0,0,41.7669733409,-87.6809185782,60636,,,,,,,
crash_08184,2023-11-04 08:18:00,2023,11,Nov,Sat,8,Morning commute,30,NO CONTROLS,CLEAR,DAYLIGHT,PEDESTRIAN,DIVIDED - W/MEDIAN (NOT RAISED),DRY,INJURY AND / OR TOW DUE TO CRASH,true,true,"OVER $1,500","OPERATING VEHICLE IN ERRATIC, RECKLESS, CARELESS, NEGLIGENT OR AGGRESSIVE MANNER",2,NONINCAPACITATING INJURY,1,0,41.7702433751,-87.683248237,60636,"CHICAGO MIDWAY AIRPORT, IL US",43.0,39.0,86.0,0.0,10.0,7.0
crash_08185,2019-07-04 16:00:00,2019,7,Jul,Thu,16,Evening commute,30,NO CONTROLS,CLEAR,UNKNOWN,PARKED MOTOR VEHICLE,ONE-WAY,DRY,NO INJURY / DRIVE AWAY,,true,"$501 - $1,500",UNABLE TO DETERMINE,2,NO INDICATION OF INJURY,0,0,41.7218695155,-87.628521564,60620,"CHICAGO MIDWAY AIRPORT, IL US",91.0,70.0,50.0,0.0,10.0,9.0
crash_08186,2021-05-06 13:27:00,2021,5,May,Thu,13,Daytime,30,UNKNOWN,CLOUDY/OVERCAST,DAYLIGHT,REAR END,NOT DIVIDED,UNKNOWN,NO INJURY / DRIVE AWAY,,true,$500 OR LESS,NOT APPLICABLE,2,NO INDICATION OF INJURY,0,0,41.8083107168,-87.6856496636,60632,"CHICAGO MIDWAY AIRPORT, IL US",50.0,40.0,68.0,0.01,10.0,11.0
crash_08187,2019-12-09 07:45:00,2019,12,Dec,Mon,7,Morning commute,30,STOP SIGN/FLASHER,RAIN,DAYLIGHT,ANGLE,FOUR WAY,WET,NO INJURY / DRIVE AWAY,true,,"$501 - $1,500","VISION OBSCURED (SIGNS, TREE LIMBS, BUILDINGS, ETC.)",2,NO INDICATION OF INJURY,0,0,41.8521543478,-87.6698715342,60608,"CHICAGO MIDWAY AIRPORT, IL US",47.0,45.0,93.0,0.0,3.0,10.0
crash_08188,2023-03-10 19:24:00,2023,3,Mar,Fri,19,Night or early morning,25,UNKNOWN,RAIN,"DARKNESS, LIGHTED ROAD",SIDESWIPE SAME DIRECTION,UNKNOWN,WET,NO INJURY / DRIVE AWAY,,,"OVER $1,500",UNABLE TO DETERMINE,2,NO INDICATION OF INJURY,0,0,41.8934843855,-87.6218349455,60611,"CHICAGO MIDWAY AIRPORT, IL US",34.0,30.0,85.0,0.0,9.0,10.0
crash_08189,2019-05-30 17:00:00,2019,5,May,Thu,17,Evening commute,30,TRAFFIC SIGNAL,CLEAR,DAYLIGHT,TURNING,OTHER,DRY,NO INJURY / DRIVE AWAY,,,"OVER $1,500",IMPROPER TURNING/NO SIGNAL,2,NO INDICATION OF INJURY,0,0,41.7934202368,-87.7036975085,60629,"CHICAGO MIDWAY AIRPORT, IL US",79.0,59.0,50.0,0.0,10.0,5.0
crash_08190,2022-11-17 18:40:00,2022,11,Nov,Thu,18,Evening commute,30,TRAFFIC SIGNAL,CLEAR,"DARKNESS, LIGHTED ROAD",REAR END,NOT DIVIDED,DRY,NO INJURY / DRIVE AWAY,,,"$501 - $1,500",UNABLE TO DETERMINE,2,NO INDICATION OF INJURY,0,0,41.7585236687,-87.6148053874,60619,"CHICAGO MIDWAY AIRPORT, IL US",32.0,23.0,69.0,,9.0,16.0
crash_08191,2018-05-11 17:35:00,2018,5,May,Fri,17,Evening commute,15,NO CONTROLS,CLEAR,DAYLIGHT,TURNING,NOT DIVIDED,DRY,INJURY AND / OR TOW DUE TO CRASH,,,"OVER $1,500","VISION OBSCURED (SIGNS, TREE LIMBS, BUILDINGS, ETC.)",2,NO INDICATION OF INJURY,0,0,41.7790278966,-87.7326861329,60629,"CHICAGO MIDWAY AIRPORT, IL US",51.0,43.0,74.0,,10.0,20.0
crash_08192,2019-09-18 19:40:00,2019,9,Sep,Wed,19,Night or early morning,35,NO CONTROLS,CLEAR,DARKNESS,SIDESWIPE SAME DIRECTION,NOT DIVIDED,DRY,NO INJURY / DRIVE AWAY,,,"OVER $1,500",IMPROPER OVERTAKING/PASSING,2,NO INDICATION OF INJURY,0,0,41.7785799607,-87.7386794371,60629,"CHICAGO MIDWAY AIRPORT, IL US",75.0,61.0,62.0,0.0,10.0,8.0
crash_08193,2025-11-10 17:14:00,2025,11,Nov,Mon,17,Evening commute,30,TRAFFIC SIGNAL,CLEAR,"DARKNESS, LIGHTED ROAD",PEDESTRIAN,DIVIDED - W/MEDIAN (NOT RAISED),DRY,NO INJURY / DRIVE AWAY,,,$500 OR LESS,UNABLE TO DETERMINE,2,NO INDICATION OF INJURY,0,0,41.7509723044,-87.5859521986,60619,,,,,,,
crash_08194,2019-09-28 09:05:00,2019,9,Sep,Sat,9,Morning commute,10,NO CONTROLS,RAIN,DAYLIGHT,PARKED MOTOR VEHICLE,OTHER,WET,NO INJURY / DRIVE AWAY,,true,"$501 - $1,500",UNABLE TO DETERMINE,2,NO INDICATION OF INJURY,0,0,41.7743432697,-87.5881885181,60637,"CHICAGO MIDWAY AIRPORT, IL US",61.0,59.0,93.0,0.01,1.5,9.0
crash_08195,2018-11-18 17:00:00,2018,11,Nov,Sun,17,Evening commute,30,UNKNOWN,CLEAR,DAYLIGHT,SIDESWIPE SAME DIRECTION,NOT DIVIDED,DRY,INJURY AND / OR TOW DUE TO CRASH,,,"OVER $1,500",NOT APPLICABLE,2,NONINCAPACITATING INJURY,1,0,41.9095737085,-87.7586844373,60639,"CHICAGO MIDWAY AIRPORT, IL US",34.0,26.0,73.0,0.0,10.0,6.0
crash_08196,2021-08-05 23:25:00,2021,8,Aug,Thu,23,Night or early morning,30,NO CONTROLS,CLEAR,"DARKNESS, LIGHTED ROAD",FIXED OBJECT,DIVIDED - W/MEDIAN (NOT RAISED),DRY,INJURY AND / OR TOW DUE TO CRASH,,,"OVER $1,500",DISTRACTION - FROM INSIDE VEHICLE,1,NONINCAPACITATING INJURY,2,0,41.8626132887,-87.7201896869,60623,"CHICAGO MIDWAY AIRPORT, IL US",76.0,56.0,50.0,0.0,10.0,8.0
crash_08197,2020-12-10 13:26:00,2020,12,Dec,Thu,13,Daytime,30,OTHER,CLEAR,DAYLIGHT,REAR END,NOT DIVIDED,DRY,NO INJURY / DRIVE AWAY,,true,$500 OR LESS,UNABLE TO DETERMINE,2,NO INDICATION OF INJURY,0,0,41.8225110778,-87.7046231556,60632,"CHICAGO MIDWAY AIRPORT, IL US",56.0,34.0,44.0,0.0,10.0,13.0
crash_08198,2025-08-25 14:24:00,2025,8,Aug,Mon,14,Daytime,30,NO CONTROLS,CLEAR,DAYLIGHT,REAR END,DIVIDED - W/MEDIAN (NOT RAISED),DRY,NO INJURY / DRIVE AWAY,,,"OVER $1,500",FOLLOWING TOO CLOSELY,2,NO INDICATION OF INJURY,0,0,41.9634316562,-87.7084641351,60625,,,,,,,
crash_08199,2020-04-25 15:41:00,2020,4,Apr,Sat,15,Evening commute,25,NO CONTROLS,RAIN,DAYLIGHT,PARKED MOTOR VEHICLE,ONE-WAY,WET,NO INJURY / DRIVE AWAY,,,"OVER $1,500",UNABLE TO DETERMINE,2,NO INDICATION OF INJURY,0,0,41.9568649179,-87.6886706907,60618,"CHICAGO MIDWAY AIRPORT, IL US",43.0,39.0,86.0,0.04,9.0,22.0
crash_08200,2021-11-23 13:30:00,2021,11,Nov,Tue,13,Daytime,30,NO CONTROLS,CLEAR,DAYLIGHT,SIDESWIPE SAME DIRECTION,ONE-WAY,DRY,NO INJURY / DRIVE AWAY,,,"OVER $1,500",IMPROPER LANE USAGE,2,NO INDICATION OF INJURY,0,0,41.8105048325,-87.6227236069,60653,"CHICAGO MIDWAY AIRPORT, IL US",43.0,9.0,25.0,0.0,10.0,16.0
crash_08201,2018-09-13 12:30:00,2018,9,Sep,Thu,12,Daytime,15,NO CONTROLS,CLEAR,DAYLIGHT,ANGLE,PARKING LOT,DRY,NO INJURY / DRIVE AWAY,,,"OVER $1,500",FAILING TO YIELD RIGHT-OF-WAY,2,NO INDICATION OF INJURY,0,0,41.9660114013,-87.8368311691,60656,"CHICAGO OHARE INTERNATIONAL AIRPORT, IL US",77.0,57.0,50.0,0.0,10.0,5.0
crash_08202,2023-01-13 07:05:00,2023,1,Jan,Fri,7,Morning commute,30,NO CONTROLS,CLEAR,DAYLIGHT,SIDESWIPE SAME DIRECTION,NOT DIVIDED,UNKNOWN,NO INJURY / DRIVE AWAY,,true,"OVER $1,500",IMPROPER OVERTAKING/PASSING,2,NO INDICATION OF INJURY,0,0,41.9467004409,-87.7108635816,60618,"CHICAGO OHARE INTERNATIONAL AIRPORT, IL US",31.0,24.0,76.0,0.0,10.0,18.0
crash_08203,2018-08-08 12:30:00,2018,8,Aug,Wed,12,Daytime,30,TRAFFIC SIGNAL,CLEAR,DAYLIGHT,TURNING,NOT DIVIDED,DRY,INJURY AND / OR TOW DUE TO CRASH,true,,"OVER $1,500",IMPROPER TURNING/NO SIGNAL,2,NO INDICATION OF INJURY,0,0,41.8287208821,-87.7240271036,60623,"CHICAGO MIDWAY AIRPORT, IL US",79.0,67.0,67.0,0.0,10.0,5.0
crash_08204,2024-12-22 15:30:00,2024,12,Dec,Sun,15,Evening commute,30,NO CONTROLS,CLEAR,DAYLIGHT,SIDESWIPE SAME DIRECTION,NOT DIVIDED,DRY,NO INJURY / DRIVE AWAY,,,"OVER $1,500",FAILING TO YIELD RIGHT-OF-WAY,2,NO INDICATION OF INJURY,0,0,41.9336784443,-87.7268840049,60618,"CHICAGO MIDWAY AIRPORT, IL US",34.0,24.0,67.0,,10.0,13.0
crash_08205,2025-03-01 09:50:00,2025,3,Mar,Sat,9,Morning commute,30,STOP SIGN/FLASHER,CLEAR,DAYLIGHT,TURNING,T-INTERSECTION,DRY,NO INJURY / DRIVE AWAY,true,,"OVER $1,500",FAILING TO YIELD RIGHT-OF-WAY,2,NO INDICATION OF INJURY,0,0,41.9175391587,-87.7037278881,60647,"CHICAGO MIDWAY AIRPORT, IL US",25.0,4.0,40.0,0.0,10.0,16.0
crash_08206,2024-05-01 19:26:00,2024,5,May,Wed,19,Night or early morning,30,TRAFFIC SIGNAL,CLEAR,DAYLIGHT,TURNING,FOUR WAY,DRY,INJURY AND / OR TOW DUE TO CRASH,,,"OVER $1,500",IMPROPER TURNING/NO SIGNAL,2,NONINCAPACITATING INJURY,1,0,41.8671631768,-87.6390825496,60607,"CHICAGO MIDWAY AIRPORT, IL US",70.0,35.0,28.0,0.0,10.0,5.0
crash_08207,2022-07-24 12:30:00,2022,7,Jul,Sun,12,Daytime,30,TRAFFIC SIGNAL,CLOUDY/OVERCAST,DAYLIGHT,TURNING,"FIVE POINT, OR MORE",WET,INJURY AND / OR TOW DUE TO CRASH,true,,"OVER $1,500",FAILING TO YIELD RIGHT-OF-WAY,3,"REPORTED, NOT EVIDENT",1,0,41.8520166088,-87.666168584,60608,"CHICAGO MIDWAY AIRPORT, IL US",84.0,71.0,65.0,0.0,10.0,20.0
crash_08208,2025-04-15 18:37:00,2025,4,Apr,Tue,18,Evening commute,30,NO CONTROLS,CLEAR,DAYLIGHT,REAR TO FRONT,NOT DIVIDED,DRY,NO INJURY / DRIVE AWAY,,true,$500 OR LESS,FAILING TO REDUCE SPEED TO AVOID CRASH,2,NO INDICATION OF INJURY,0,0,41.8151010211,-87.7240052334,60632,"CHICAGO MIDWAY AIRPORT, IL US",54.0,26.0,34.0,0.0,10.0,16.0
crash_08209,2023-03-12 06:07:00,2023,3,Mar,Sun,6,Morning commute,30,NO CONTROLS,OTHER,DAWN,FIXED OBJECT,NOT DIVIDED,WET,INJURY AND / OR TOW DUE TO CRASH,,true,"OVER $1,500",UNABLE TO DETERMINE,2,NO INDICATION OF INJURY,0,0,41.7864265598,-87.6855735513,60629,"CHICAGO MIDWAY AIRPORT, IL US",34.0,31.0,89.0,0.0,7.0,6.0
crash_08210,2023-11-15 14:47:00,2023,11,Nov,Wed,14,Daytime,30,STOP SIGN/FLASHER,CLEAR,DAYLIGHT,ANGLE,NOT DIVIDED,DRY,INJURY AND / OR TOW DUE TO CRASH,true,,"OVER $1,500",DISREGARDING STOP SIGN,2,NO INDICATION OF INJURY,0,0,41.7619895624,-87.6138195017,60619,"CHICAGO MIDWAY AIRPORT, IL US",66.0,38.0,36.0,0.0,10.0,10.0
crash_08211,2022-10-22 15:20:00,2022,10,Oct,Sat,15,Evening commute,30,NO CONTROLS,CLEAR,DAYLIGHT,TURNING,NOT DIVIDED,DRY,NO INJURY / DRIVE AWAY,,,"$501 - $1,500",UNABLE TO DETERMINE,2,NO INDICATION OF INJURY,0,0,41.9117260969,-87.6776398445,60647,"CHICAGO MIDWAY AIRPORT, IL US",81.0,50.0,34.0,0.0,10.0,18.0
crash_08212,2022-02-01 18:30:00,2022,2,Feb,Tue,18,Evening commute,30,UNKNOWN,CLEAR,DARKNESS,PARKED MOTOR VEHICLE,NOT DIVIDED,WET,NO INJURY / DRIVE AWAY,,,$500 OR LESS,UNABLE TO DETERMINE,2,NO INDICATION OF INJURY,0,0,41.8766664699,-87.7630254167,60644,"CHICAGO MIDWAY AIRPORT, IL US",39.0,35.0,86.0,0.0,9.0,6.0
crash_08213,2023-01-29 03:35:00,2023,1,Jan,Sun,3,Night or early morning,30,TRAFFIC SIGNAL,SNOW,"DARKNESS, LIGHTED ROAD",SIDESWIPE OPPOSITE DIRECTION,DIVIDED - W/MEDIAN (NOT RAISED),WET,NO INJURY / DRIVE AWAY,,true,"$501 - $1,500",UNABLE TO DETERMINE,2,NO INDICATION OF INJURY,0,0,41.8366732972,-87.732996354,60623,"CHICAGO MIDWAY AIRPORT, IL US",30.0,27.0,86.0,,6.0,14.0
crash_08214,2022-11-03 16:20:00,2022,11,Nov,Thu,16,Evening commute,30,UNKNOWN,CLEAR,DAYLIGHT,PEDESTRIAN,FOUR WAY,DRY,INJURY AND / OR TOW DUE TO CRASH,true,,$500 OR LESS,UNABLE TO DETERMINE,2,NONINCAPACITATING INJURY,1,0,41.7074051178,-87.6066722152,60628,"CHICAGO MIDWAY AIRPORT, IL US",75.0,48.0,39.0,0.0,10.0,17.0
crash_08215,2022-01-12 14:55:00,2022,1,Jan,Wed,14,Daytime,30,NO CONTROLS,CLOUDY/OVERCAST,DAYLIGHT,REAR END,DIVIDED - W/MEDIAN BARRIER,SNOW OR SLUSH,NO INJURY / DRIVE AWAY,,true,"$501 - $1,500",FOLLOWING TOO CLOSELY,2,NO INDICATION OF INJURY,0,0,41.7214726519,-87.6343519306,60628,"CHICAGO MIDWAY AIRPORT, IL US",41.0,29.0,62.0,0.0,10.0,9.0
crash_08216,2021-04-12 04:00:00,2021,4,Apr,Mon,4,Night or early morning,20,NO CONTROLS,CLEAR,DARKNESS,PARKED MOTOR VEHICLE,ONE-WAY,DRY,NO INJURY / DRIVE AWAY,,true,"OVER $1,500",UNABLE TO DETERMINE,2,NO INDICATION OF INJURY,0,0,41.8790937962,-87.7008797485,60612,"CHICAGO MIDWAY AIRPORT, IL US",52.0,47.0,83.0,0.0,10.0,6.0
crash_08217,2019-11-06 12:30:00,2019,11,Nov,Wed,12,Daytime,30,TRAFFIC SIGNAL,CLEAR,DAYLIGHT,SIDESWIPE SAME DIRECTION,DIVIDED - W/MEDIAN (NOT RAISED),DRY,NO INJURY / DRIVE AWAY,,,"$501 - $1,500",UNABLE TO DETERMINE,2,NO INDICATION OF INJURY,0,0,41.9764319202,-87.659931806,60640,"CHICAGO OHARE INTERNATIONAL AIRPORT, IL US",54.0,31.0,42.0,0.0,10.0,17.0
crash_08218,2025-03-20 06:17:00,2025,3,Mar,Thu,6,Morning commute,30,NO CONTROLS,SNOW,DUSK,FIXED OBJECT,ONE-WAY,SNOW OR SLUSH,INJURY AND / OR TOW DUE TO CRASH,,,"OVER $1,500",UNABLE TO DETERMINE,1,NO INDICATION OF INJURY,0,0,41.7946000014,-87.6346976437,60609,"CHICAGO MIDWAY AIRPORT, IL US",33.0,30.0,89.0,0.0,1.25,15.0
crash_08219,2019-07-25 06:26:00,2019,7,Jul,Thu,6,Morning commute,35,TRAFFIC SIGNAL,CLEAR,DAYLIGHT,SIDESWIPE SAME DIRECTION,NOT DIVIDED,DRY,NO INJURY / DRIVE AWAY,,,$500 OR LESS,IMPROPER OVERTAKING/PASSING,2,NO INDICATION OF INJURY,0,0,41.8522844108,-87.6662862889,60608,"CHICAGO MIDWAY AIRPORT, IL US",65.0,55.0,70.0,0.0,10.0,3.0
crash_08220,2021-04-04 23:45:00,2021,4,Apr,Sun,23,Night or early morning,30,NO CONTROLS,CLEAR,"DARKNESS, LIGHTED ROAD",PARKED MOTOR VEHICLE,ONE-WAY,DRY,INJURY AND / OR TOW DUE TO CRASH,,true,"OVER $1,500",UNABLE TO DETERMINE,2,NO INDICATION OF INJURY,0,0,41.7574943316,-87.6100874503,60619,"CHICAGO MIDWAY AIRPORT, IL US",64.0,40.0,41.0,0.0,10.0,9.0
crash_08221,2025-04-17 14:45:00,2025,4,Apr,Thu,14,Daytime,30,TRAFFIC SIGNAL,CLEAR,DAYLIGHT,PARKED MOTOR VEHICLE,NOT DIVIDED,DRY,INJURY AND / OR TOW DUE TO CRASH,,true,"OVER $1,500",FAILING TO REDUCE SPEED TO AVOID CRASH,2,"REPORTED, NOT EVIDENT",1,0,41.8399527502,-87.6464705468,60608,"CHICAGO MIDWAY AIRPORT, IL US",66.0,33.0,29.0,0.0,10.0,18.0
crash_08222,2019-01-20 20:30:00,2019,1,Jan,Sun,20,Night or early morning,30,NO CONTROLS,SNOW,DARKNESS,PARKED MOTOR VEHICLE,DIVIDED - W/MEDIAN (NOT RAISED),SNOW OR SLUSH,NO INJURY / DRIVE AWAY,,,"OVER $1,500",UNABLE TO DETERMINE,2,NO INDICATION OF INJURY,0,0,41.9975097921,-87.6962958057,60659,"CHICAGO OHARE INTERNATIONAL AIRPORT, IL US",6.0,-5.0,60.0,0.0,10.0,11.0
crash_08223,2022-04-29 17:10:00,2022,4,Apr,Fri,17,Evening commute,40,TRAFFIC SIGNAL,CLEAR,DAYLIGHT,SIDESWIPE SAME DIRECTION,ONE-WAY,DRY,NO INJURY / DRIVE AWAY,,,"OVER $1,500",UNABLE TO DETERMINE,2,NO INDICATION OF INJURY,0,0,41.8674461119,-87.6189044881,60605,"CHICAGO MIDWAY AIRPORT, IL US",68.0,40.0,36.0,0.0,10.0,14.0
crash_08224,2025-01-10 13:45:00,2025,1,Jan,Fri,13,Daytime,30,NO CONTROLS,UNKNOWN,UNKNOWN,PARKED MOTOR VEHICLE,OTHER,UNKNOWN,NO INJURY / DRIVE AWAY,,true,"$501 - $1,500",UNABLE TO DETERMINE,2,NO INDICATION OF INJURY,0,0,41.8850719055,-87.6426059442,60661,"CHICAGO MIDWAY AIRPORT, IL US",30.0,25.0,82.0,0.0,1.0,10.0
crash_08225,2025-10-18 17:00:00,2025,10,Oct,Sat,17,Evening commute,30,NO CONTROLS,CLEAR,DAYLIGHT,SIDESWIPE SAME DIRECTION,ONE-WAY,DRY,NO INJURY / DRIVE AWAY,,true,"$501 - $1,500",UNABLE TO DETERMINE,2,NO INDICATION OF INJURY,0,0,41.8730766363,-87.7533602369,60644,,,,,,,
crash_08226,2021-12-25 17:15:00,2021,12,Dec,Sat,17,Evening commute,10,NO CONTROLS,CLEAR,"DARKNESS, LIGHTED ROAD",PARKED MOTOR VEHICLE,PARKING LOT,UNKNOWN,NO INJURY / DRIVE AWAY,,,"$501 - $1,500",UNABLE TO DETERMINE,2,NO INDICATION OF INJURY,0,0,41.9310303035,-87.7759031318,60639,"CHICAGO OHARE INTERNATIONAL AIRPORT, IL US",39.0,28.0,65.0,0.0,10.0,7.0
crash_08227,2024-06-11 14:00:00,2024,6,Jun,Tue,14,Daytime,30,UNKNOWN,CLEAR,DAYLIGHT,SIDESWIPE SAME DIRECTION,UNKNOWN INTERSECTION TYPE,DRY,NO INJURY / DRIVE AWAY,true,true,"$501 - $1,500",UNABLE TO DETERMINE,2,NO INDICATION OF INJURY,0,0,41.7242392349,-87.5852165995,60617,"CHICAGO MIDWAY AIRPORT, IL US",76.0,42.0,30.0,0.0,10.0,6.0
crash_08228,2024-08-01 19:01:00,2024,8,Aug,Thu,19,Night or early morning,30,TRAFFIC SIGNAL,CLEAR,DAYLIGHT,OTHER OBJECT,FOUR WAY,DRY,INJURY AND / OR TOW DUE TO CRASH,true,,"OVER $1,500",FAILING TO YIELD RIGHT-OF-WAY,2,NONINCAPACITATING INJURY,1,0,41.8708823204,-87.7157072251,60624,"CHICAGO MIDWAY AIRPORT, IL US",79.0,72.0,79.0,0.2,3.0,18.0
crash_08229,2019-08-23 11:50:00,2019,8,Aug,Fri,11,Daytime,30,NO CONTROLS,CLEAR,DAYLIGHT,FIXED OBJECT,NOT DIVIDED,DRY,NO INJURY / DRIVE AWAY,,,"$501 - $1,500",NOT APPLICABLE,1,NO INDICATION OF INJURY,0,0,41.955623216,-87.6886613104,60618,"CHICAGO MIDWAY AIRPORT, IL US",74.0,52.0,46.0,0.0,10.0,10.0
crash_08230,2018-06-19 22:30:00,2018,6,Jun,Tue,22,Night or early morning,20,NO CONTROLS,CLEAR,DARKNESS,PARKED MOTOR VEHICLE,ONE-WAY,UNKNOWN,NO INJURY / DRIVE AWAY,,true,"$501 - $1,500",UNABLE TO DETERMINE,2,NO INDICATION OF INJURY,0,0,41.9485742626,-87.7986840564,60634,"CHICAGO OHARE INTERNATIONAL AIRPORT, IL US",67.0,61.0,81.0,,10.0,14.0
crash_08231,2025-06-11 12:00:00,2025,6,Jun,Wed,12,Daytime,30,NO CONTROLS,CLEAR,DAYLIGHT,SIDESWIPE SAME DIRECTION,NOT DIVIDED,DRY,NO INJURY / DRIVE AWAY,,,"$501 - $1,500",UNABLE TO DETERMINE,2,NO INDICATION OF INJURY,0,0,41.8773526142,-87.6766893267,60612,"CHICAGO MIDWAY AIRPORT, IL US",85.0,57.0,39.0,0.0,10.0,17.0
crash_08232,2024-12-02 14:18:00,2024,12,Dec,Mon,14,Daytime,30,TRAFFIC SIGNAL,CLEAR,DAYLIGHT,TURNING,FOUR WAY,UNKNOWN,INJURY AND / OR TOW DUE TO CRASH,true,,"OVER $1,500",UNABLE TO DETERMINE,2,NO INDICATION OF INJURY,0,0,41.7427279656,-87.6828247929,60652,"CHICAGO MIDWAY AIRPORT, IL US",27.0,15.0,61.0,,10.0,9.0
crash_08233,2023-06-24 02:00:00,2023,6,Jun,Sat,2,Night or early morning,35,NO CONTROLS,CLEAR,"DARKNESS, LIGHTED ROAD",PARKED MOTOR VEHICLE,NOT DIVIDED,UNKNOWN,NO INJURY / DRIVE AWAY,,true,"$501 - $1,500",IMPROPER LANE USAGE,2,NO INDICATION OF INJURY,0,0,41.9334202644,-87.6548364703,60657,"CHICAGO MIDWAY AIRPORT, IL US",70.0,54.0,57.0,0.0,10.0,0.0
crash_08234,2025-11-08 02:53:00,2025,11,Nov,Sat,2,Night or early morning,30,TRAFFIC SIGNAL,RAIN,"DARKNESS, LIGHTED ROAD",ANGLE,DIVIDED - W/MEDIAN (NOT RAISED),WET,NO INJURY / DRIVE AWAY,,,"OVER $1,500",UNABLE TO DETERMINE,2,NO INDICATION OF INJURY,0,0,41.9097363475,-87.7460534468,60639,,,,,,,
crash_08235,2024-08-24 17:24:00,2024,8,Aug,Sat,17,Evening commute,30,FLASHING CONTROL SIGNAL,CLEAR,DAYLIGHT,SIDESWIPE SAME DIRECTION,DIVIDED - W/MEDIAN (NOT RAISED),DRY,NO INJURY / DRIVE AWAY,,true,"$501 - $1,500",IMPROPER OVERTAKING/PASSING,2,NO INDICATION OF INJURY,0,0,41.7651094319,-87.6445569518,60621,"CHICAGO MIDWAY AIRPORT, IL US",89.0,66.0,47.0,0.0,10.0,10.0
crash_08236,2021-03-09 12:50:00,2021,3,Mar,Tue,12,Daytime,30,NO CONTROLS,CLEAR,DAYLIGHT,PARKED MOTOR VEHICLE,ONE-WAY,DRY,NO INJURY / DRIVE AWAY,,true,"OVER $1,500",UNABLE TO DETERMINE,2,NO INDICATION OF INJURY,0,0,41.7425988377,-87.6545922678,60620,"CHICAGO MIDWAY AIRPORT, IL US",66.0,34.0,30.0,0.0,10.0,16.0
crash_08237,2025-11-03 09:45:00,2025,11,Nov,Mon,9,Morning commute,30,NO CONTROLS,CLEAR,DAYLIGHT,PARKED MOTOR VEHICLE,ONE-WAY,DRY,NO INJURY / DRIVE AWAY,,true,"OVER $1,500",IMPROPER LANE USAGE,2,NO INDICATION OF INJURY,0,0,41.7355217942,-87.6471349548,60620,,,,,,,
crash_08238,2024-12-29 03:45:00,2024,12,Dec,Sun,3,Night or early morning,25,NO CONTROLS,RAIN,"DARKNESS, LIGHTED ROAD",PARKED MOTOR VEHICLE,DIVIDED - W/MEDIAN (NOT RAISED),WET,NO INJURY / DRIVE AWAY,,,"OVER $1,500",DRIVING SKILLS/KNOWLEDGE/EXPERIENCE,3,NO INDICATION OF INJURY,0,0,41.9208075961,-87.7371476604,60639,"CHICAGO MIDWAY AIRPORT, IL US",48.0,42.0,80.0,0.0,9.0,11.0