crash_id,crash_datetime,crash_year,crash_month,crash_month_name,crash_weekday_name,crash_hour,time_period,posted_speed_limit_mph,traffic_control_device,reported_weather_condition,reported_lighting_condition,first_crash_type,trafficway_type,reported_road_surface_condition,crash_type,intersection_related,hit_and_run,estimated_damage,primary_contributory_cause,unit_count,most_severe_injury,injuries_total,injuries_fatal,latitude,longitude,zip5,weather_station_name,temperature_f,dew_point_f,relative_humidity_percent,precipitation_inches,visibility_miles,wind_speed_mph
crash_08239,2023-03-01 08:32:00,2023,3,Mar,Wed,8,Morning commute,30,NO CONTROLS,CLEAR,DAYLIGHT,SIDESWIPE SAME DIRECTION,DIVIDED - W/MEDIAN (NOT RAISED),DRY,NO INJURY / DRIVE AWAY,,true,"OVER $1,500",IMPROPER LANE USAGE,2,NO INDICATION OF INJURY,0,0,41.7993704832,-87.7035780411,60632,"CHICAGO MIDWAY AIRPORT, IL US",43.0,37.0,80.0,0.0,9.0,6.0
crash_08240,2021-08-10 09:00:00,2021,8,Aug,Tue,9,Morning commute,30,NO CONTROLS,UNKNOWN,DARKNESS,OTHER OBJECT,NOT DIVIDED,UNKNOWN,NO INJURY / DRIVE AWAY,,true,"OVER $1,500",UNABLE TO DETERMINE,1,NO INDICATION OF INJURY,0,0,41.7639949024,-87.7219738424,60629,"CHICAGO MIDWAY AIRPORT, IL US",81.0,74.0,79.0,0.0,10.0,3.0
crash_08241,2025-12-19 09:00:00,2025,12,Dec,Fri,9,Morning commute,30,NO CONTROLS,UNKNOWN,DAYLIGHT,REAR TO FRONT,OTHER,UNKNOWN,NO INJURY / DRIVE AWAY,,,"$501 - $1,500",IMPROPER BACKING,2,NO INDICATION OF INJURY,0,0,41.8715962504,-87.6758214829,60612,,,,,,,
crash_08242,2022-09-27 10:45:00,2022,9,Sep,Tue,10,Daytime,25,NO CONTROLS,CLEAR,DAYLIGHT,SIDESWIPE SAME DIRECTION,ONE-WAY,DRY,NO INJURY / DRIVE AWAY,,true,"$501 - $1,500",FOLLOWING TOO CLOSELY,2,NO INDICATION OF INJURY,0,0,41.7584890809,-87.6321990743,60621,"CHICAGO MIDWAY AIRPORT, IL US",57.0,37.0,47.0,0.0,10.0,15.0
crash_08243,2019-02-10 23:39:00,2019,2,Feb,Sun,23,Night or early morning,25,NO CONTROLS,CLEAR,"DARKNESS, LIGHTED ROAD",FIXED OBJECT,OTHER,DRY,INJURY AND / OR TOW DUE TO CRASH,,true,"$501 - $1,500","OPERATING VEHICLE IN ERRATIC, RECKLESS, CARELESS, NEGLIGENT OR AGGRESSIVE MANNER",1,NO INDICATION OF INJURY,0,0,41.9685725436,-87.6775438138,60640,"CHICAGO OHARE INTERNATIONAL AIRPORT, IL US",28.0,25.0,88.0,0.0,5.0,5.0
crash_08244,2021-08-20 00:25:00,2021,8,Aug,Fri,0,Night or early morning,30,TRAFFIC SIGNAL,CLEAR,"DARKNESS, LIGHTED ROAD",FIXED OBJECT,NOT DIVIDED,DRY,NO INJURY / DRIVE AWAY,,,"OVER $1,500",DISTRACTION - FROM OUTSIDE VEHICLE,1,NO INDICATION OF INJURY,0,0,41.9300778899,-87.6433216327,60614,"CHICAGO MIDWAY AIRPORT, IL US",76.0,67.0,74.0,0.0,10.0,3.0
crash_08245,2023-04-30 15:54:00,2023,4,Apr,Sun,15,Evening commute,30,UNKNOWN,RAIN,DAYLIGHT,REAR END,DIVIDED - W/MEDIAN (NOT RAISED),WET,INJURY AND / OR TOW DUE TO CRASH,,,"OVER $1,500",FAILING TO REDUCE SPEED TO AVOID CRASH,2,"REPORTED, NOT EVIDENT",2,0,41.9236968429,-87.7966343002,60707,"CHICAGO OHARE INTERNATIONAL AIRPORT, IL US",40.0,35.0,83.0,0.05,9.0,13.0
crash_08246,2019-03-17 11:35:00,2019,3,Mar,Sun,11,Daytime,30,NO CONTROLS,CLEAR,DAYLIGHT,ANGLE,DIVIDED - W/MEDIAN (NOT RAISED),DRY,NO INJURY / DRIVE AWAY,,,"OVER $1,500",FAILING TO YIELD RIGHT-OF-WAY,2,NO INDICATION OF INJURY,0,0,41.9531007122,-87.7809275129,60634,"CHICAGO OHARE INTERNATIONAL AIRPORT, IL US",41.0,22.0,47.0,0.0,10.0,11.0
crash_08247,2023-06-26 13:30:00,2023,6,Jun,Mon,13,Daytime,30,UNKNOWN,UNKNOWN,UNKNOWN,ANGLE,PARKING LOT,UNKNOWN,NO INJURY / DRIVE AWAY,,,"OVER $1,500",UNABLE TO DETERMINE,2,NO INDICATION OF INJURY,0,0,41.8912307869,-87.6398459931,60654,"CHICAGO MIDWAY AIRPORT, IL US",74.0,61.0,64.0,0.0,10.0,18.0
crash_08248,2020-11-23 14:15:00,2020,11,Nov,Mon,14,Daytime,30,TRAFFIC SIGNAL,CLEAR,DAYLIGHT,REAR END,NOT DIVIDED,DRY,NO INJURY / DRIVE AWAY,,,"OVER $1,500",FOLLOWING TOO CLOSELY,2,NO INDICATION OF INJURY,0,0,41.8229542941,-87.685012986,60632,"CHICAGO MIDWAY AIRPORT, IL US",45.0,26.0,48.0,0.0,10.0,3.0
crash_08249,2023-12-27 20:11:00,2023,12,Dec,Wed,20,Night or early morning,20,NO CONTROLS,CLEAR,"DARKNESS, LIGHTED ROAD",PARKED MOTOR VEHICLE,NOT DIVIDED,DRY,NO INJURY / DRIVE AWAY,,true,"$501 - $1,500",UNABLE TO DETERMINE,3,NO INDICATION OF INJURY,0,0,41.8077842533,-87.6079005533,60615,"CHICAGO MIDWAY AIRPORT, IL US",41.0,34.0,76.0,0.0,10.0,13.0
crash_08250,2021-01-09 16:17:00,2021,1,Jan,Sat,16,Evening commute,30,TRAFFIC SIGNAL,CLEAR,DAYLIGHT,REAR END,DIVIDED - W/MEDIAN (NOT RAISED),DRY,INJURY AND / OR TOW DUE TO CRASH,true,,"OVER $1,500",FAILING TO REDUCE SPEED TO AVOID CRASH,2,NONINCAPACITATING INJURY,2,0,41.8855737724,-87.7257378548,60624,"CHICAGO MIDWAY AIRPORT, IL US",37.0,23.0,57.0,0.0,10.0,8.0
crash_08251,2018-06-21 19:30:00,2018,6,Jun,Thu,19,Night or early morning,30,TRAFFIC SIGNAL,CLEAR,"DARKNESS, LIGHTED ROAD",SIDESWIPE SAME DIRECTION,DIVIDED - W/MEDIAN (NOT RAISED),DRY,INJURY AND / OR TOW DUE TO CRASH,,,"OVER $1,500",IMPROPER OVERTAKING/PASSING,2,NO INDICATION OF INJURY,0,0,41.8807058074,-87.627582584,60603,"CHICAGO MIDWAY AIRPORT, IL US",66.0,62.0,87.0,,9.0,13.0
crash_08252,2023-04-20 16:47:00,2023,4,Apr,Thu,16,Evening commute,15,NO CONTROLS,CLEAR,DAYLIGHT,PARKED MOTOR VEHICLE,PARKING LOT,DRY,NO INJURY / DRIVE AWAY,,,"$501 - $1,500",IMPROPER TURNING/NO SIGNAL,2,NO INDICATION OF INJURY,0,0,41.7222901928,-87.5806721675,60617,"CHICAGO MIDWAY AIRPORT, IL US",79.0,54.0,42.0,0.0,10.0,25.0
crash_08253,2024-10-27 00:03:00,2024,10,Oct,Sun,0,Night or early morning,30,NO CONTROLS,CLEAR,"DARKNESS, LIGHTED ROAD",PARKED MOTOR VEHICLE,ONE-WAY,DRY,NO INJURY / DRIVE AWAY,,,$500 OR LESS,IMPROPER OVERTAKING/PASSING,2,NO INDICATION OF INJURY,0,0,41.8824794893,-87.7356809475,60624,"CHICAGO MIDWAY AIRPORT, IL US",46.0,36.0,68.0,0.0,10.0,0.0
crash_08254,2021-06-23 04:33:00,2021,6,Jun,Wed,4,Night or early morning,30,TRAFFIC SIGNAL,CLEAR,"DARKNESS, LIGHTED ROAD",REAR END,FOUR WAY,DRY,NO INJURY / DRIVE AWAY,true,true,"OVER $1,500",DISREGARDING TRAFFIC SIGNALS,2,NO INDICATION OF INJURY,0,0,41.9240915369,-87.7659312962,60639,"CHICAGO OHARE INTERNATIONAL AIRPORT, IL US",66.0,50.0,56.0,0.0,10.0,11.0
crash_08255,2025-09-09 09:15:00,2025,9,Sep,Tue,9,Morning commute,30,NO CONTROLS,CLEAR,DAYLIGHT,REAR END,NOT DIVIDED,DRY,NO INJURY / DRIVE AWAY,,,"OVER $1,500",FAILING TO YIELD RIGHT-OF-WAY,2,NO INDICATION OF INJURY,0,0,41.7772596082,-87.7814003061,60638,,,,,,,
crash_08256,2019-04-03 18:32:00,2019,4,Apr,Wed,18,Evening commute,10,NO CONTROLS,CLEAR,DAYLIGHT,HEAD ON,ALLEY,DRY,NO INJURY / DRIVE AWAY,,true,"$501 - $1,500",NOT APPLICABLE,2,NO INDICATION OF INJURY,0,0,41.8501049557,-87.7004509448,60623,"CHICAGO MIDWAY AIRPORT, IL US",56.0,29.0,36.0,0.0,10.0,9.0
crash_08257,2020-12-08 15:30:00,2020,12,Dec,Tue,15,Evening commute,30,UNKNOWN,UNKNOWN,UNKNOWN,REAR END,UNKNOWN,UNKNOWN,NO INJURY / DRIVE AWAY,,,"OVER $1,500",UNABLE TO DETERMINE,2,NO INDICATION OF INJURY,0,0,41.9951555765,-87.7647776785,60646,"CHICAGO OHARE INTERNATIONAL AIRPORT, IL US",34.0,26.0,73.0,0.0,8.0,15.0
crash_08258,2018-06-18 11:20:00,2018,6,Jun,Mon,11,Daytime,30,NO CONTROLS,CLEAR,DAYLIGHT,SIDESWIPE SAME DIRECTION,ONE-WAY,DRY,INJURY AND / OR TOW DUE TO CRASH,,,"OVER $1,500",FAILING TO YIELD RIGHT-OF-WAY,2,NO INDICATION OF INJURY,0,0,41.9744666918,-87.7011634924,60625,"CHICAGO OHARE INTERNATIONAL AIRPORT, IL US",89.0,72.0,57.0,0.0,10.0,13.0
crash_08259,2024-11-07 11:40:00,2024,11,Nov,Thu,11,Daytime,30,NO CONTROLS,CLEAR,DAYLIGHT,TURNING,NOT DIVIDED,DRY,NO INJURY / DRIVE AWAY,,,"OVER $1,500",FOLLOWING TOO CLOSELY,2,NO INDICATION OF INJURY,0,0,41.8842596513,-87.6989636779,60612,"CHICAGO MIDWAY AIRPORT, IL US",56.0,38.0,51.0,0.0,10.0,5.0
crash_08260,2021-11-28 05:02:00,2021,11,Nov,Sun,5,Night or early morning,30,NO CONTROLS,CLEAR,"DARKNESS, LIGHTED ROAD",PARKED MOTOR VEHICLE,NOT DIVIDED,DRY,NO INJURY / DRIVE AWAY,,,"OVER $1,500",DRIVING SKILLS/KNOWLEDGE/EXPERIENCE,2,NO INDICATION OF INJURY,0,0,41.9944369693,-87.6610464932,60660,"CHICAGO OHARE INTERNATIONAL AIRPORT, IL US",30.0,22.0,72.0,0.0,10.0,9.0
crash_08261,2023-07-25 04:15:00,2023,7,Jul,Tue,4,Night or early morning,35,UNKNOWN,CLEAR,"DARKNESS, LIGHTED ROAD",ANGLE,ONE-WAY,UNKNOWN,NO INJURY / DRIVE AWAY,,true,"$501 - $1,500",DRIVING ON WRONG SIDE/WRONG WAY,3,NO INDICATION OF INJURY,0,0,41.7772211998,-87.6406535511,60621,"CHICAGO MIDWAY AIRPORT, IL US",70.0,61.0,73.0,0.0,7.0,3.0
crash_08262,2020-12-11 14:00:00,2020,12,Dec,Fri,14,Daytime,30,NO CONTROLS,CLEAR,DAYLIGHT,PARKED MOTOR VEHICLE,NOT DIVIDED,DRY,NO INJURY / DRIVE AWAY,,true,"OVER $1,500",UNABLE TO DETERMINE,3,NO INDICATION OF INJURY,0,0,41.8480106105,-87.6774471715,60608,"CHICAGO MIDWAY AIRPORT, IL US",43.0,36.0,76.0,0.0,10.0,14.0
crash_08263,2022-09-02 14:15:00,2022,9,Sep,Fri,14,Daytime,30,UNKNOWN,CLEAR,DAYLIGHT,SIDESWIPE SAME DIRECTION,NOT DIVIDED,DRY,NO INJURY / DRIVE AWAY,,true,"$501 - $1,500",IMPROPER OVERTAKING/PASSING,2,NO INDICATION OF INJURY,0,0,41.7972827082,-87.6320425396,60609,"CHICAGO MIDWAY AIRPORT, IL US",86.0,61.0,43.0,0.0,10.0,14.0
crash_08264,2018-07-30 08:00:00,2018,7,Jul,Mon,8,Morning commute,15,NO CONTROLS,UNKNOWN,UNKNOWN,PARKED MOTOR VEHICLE,PARKING LOT,UNKNOWN,NO INJURY / DRIVE AWAY,,true,"OVER $1,500",UNABLE TO DETERMINE,2,NO INDICATION OF INJURY,0,0,41.8413953294,-87.6293391527,60616,"CHICAGO MIDWAY AIRPORT, IL US",69.0,62.0,78.0,0.0,10.0,0.0
crash_08265,2025-12-04 08:49:00,2025,12,Dec,Thu,8,Morning commute,30,NO CONTROLS,SNOW,DAYLIGHT,PEDESTRIAN,NOT DIVIDED,SNOW OR SLUSH,INJURY AND / OR TOW DUE TO CRASH,,,"OVER $1,500",FAILING TO YIELD RIGHT-OF-WAY,2,NONINCAPACITATING INJURY,1,0,41.7483442631,-87.6586795787,60620,,,,,,,
crash_08266,2023-10-27 17:05:00,2023,10,Oct,Fri,17,Evening commute,55,NO CONTROLS,RAIN,DAYLIGHT,REAR END,ONE-WAY,WET,INJURY AND / OR TOW DUE TO CRASH,true,,"OVER $1,500",NOT APPLICABLE,2,"REPORTED, NOT EVIDENT",1,0,,,,,,,,,,
crash_08267,2022-11-19 14:22:00,2022,11,Nov,Sat,14,Daytime,30,STOP SIGN/FLASHER,CLEAR,DAYLIGHT,SIDESWIPE SAME DIRECTION,ONE-WAY,WET,NO INJURY / DRIVE AWAY,,,"OVER $1,500",UNABLE TO DETERMINE,2,NO INDICATION OF INJURY,0,0,41.7476007451,-87.6128285399,60619,"CHICAGO MIDWAY AIRPORT, IL US",26.0,13.0,57.0,0.0,10.0,20.0
crash_08268,2024-04-13 12:25:00,2024,4,Apr,Sat,12,Daytime,30,NO CONTROLS,CLEAR,DAYLIGHT,REAR END,DIVIDED - W/MEDIAN (NOT RAISED),DRY,NO INJURY / DRIVE AWAY,,,"OVER $1,500",UNABLE TO DETERMINE,2,NO INDICATION OF INJURY,0,0,41.9460875414,-87.7469149796,60641,"CHICAGO OHARE INTERNATIONAL AIRPORT, IL US",64.0,34.0,33.0,0.0,10.0,8.0
crash_08269,2019-12-18 22:00:00,2019,12,Dec,Wed,22,Night or early morning,30,TRAFFIC SIGNAL,CLEAR,DARKNESS,TURNING,DIVIDED - W/MEDIAN (NOT RAISED),DRY,INJURY AND / OR TOW DUE TO CRASH,,true,"OVER $1,500",IMPROPER OVERTAKING/PASSING,2,NO INDICATION OF INJURY,0,0,41.8853182356,-87.7209868523,60624,"CHICAGO MIDWAY AIRPORT, IL US",19.0,2.0,47.0,0.0,10.0,7.0
crash_08270,2021-11-14 01:00:00,2021,11,Nov,Sun,1,Night or early morning,25,STOP SIGN/FLASHER,CLOUDY/OVERCAST,"DARKNESS, LIGHTED ROAD",PARKED MOTOR VEHICLE,ONE-WAY,WET,NO INJURY / DRIVE AWAY,true,true,"OVER $1,500",UNABLE TO DETERMINE,2,NO INDICATION OF INJURY,0,0,41.8497737249,-87.7135749763,60623,"CHICAGO MIDWAY AIRPORT, IL US",34.0,29.0,82.0,0.0,9.0,14.0
crash_08271,2022-12-03 13:30:00,2022,12,Dec,Sat,13,Daytime,15,NO CONTROLS,CLEAR,DAYLIGHT,TURNING,OTHER,DRY,NO INJURY / DRIVE AWAY,,,"OVER $1,500",IMPROPER TURNING/NO SIGNAL,2,NO INDICATION OF INJURY,0,0,42.0180174394,-87.6903373682,60645,"CHICAGO OHARE INTERNATIONAL AIRPORT, IL US",32.0,9.0,38.0,0.0,10.0,13.0
crash_08272,2020-02-28 07:35:00,2020,2,Feb,Fri,7,Morning commute,30,NO CONTROLS,CLEAR,DAYLIGHT,SIDESWIPE SAME DIRECTION,DIVIDED - W/MEDIAN (NOT RAISED),DRY,NO INJURY / DRIVE AWAY,,true,"$501 - $1,500",UNABLE TO DETERMINE,2,NO INDICATION OF INJURY,0,0,41.8860510476,-87.7379962945,60624,"CHICAGO MIDWAY AIRPORT, IL US",20.0,7.0,57.0,0.0,10.0,8.0
crash_08273,2020-04-13 15:28:00,2020,4,Apr,Mon,15,Evening commute,35,UNKNOWN,CLEAR,DAYLIGHT,FIXED OBJECT,NOT DIVIDED,DRY,NO INJURY / DRIVE AWAY,true,,"OVER $1,500",UNABLE TO DETERMINE,1,NO INDICATION OF INJURY,0,0,41.873105365,-87.7419054181,60644,"CHICAGO MIDWAY AIRPORT, IL US",43.0,18.0,37.0,0.0,10.0,26.0
crash_08274,2024-04-15 11:30:00,2024,4,Apr,Mon,11,Daytime,30,UNKNOWN,UNKNOWN,UNKNOWN,PARKED MOTOR VEHICLE,ONE-WAY,UNKNOWN,NO INJURY / DRIVE AWAY,,true,"$501 - $1,500",UNABLE TO DETERMINE,2,NO INDICATION OF INJURY,0,0,41.9981313969,-87.6848744068,60645,"CHICAGO OHARE INTERNATIONAL AIRPORT, IL US",68.0,38.0,33.0,0.0,10.0,6.0
crash_08275,2024-07-31 15:45:00,2024,7,Jul,Wed,15,Evening commute,30,NO CONTROLS,CLEAR,DAYLIGHT,REAR END,NOT DIVIDED,DRY,NO INJURY / DRIVE AWAY,,,"OVER $1,500",UNABLE TO DETERMINE,2,NO INDICATION OF INJURY,0,0,41.8307384879,-87.6386804037,60609,"CHICAGO MIDWAY AIRPORT, IL US",92.0,65.0,41.0,0.0,10.0,8.0
crash_08276,2018-11-27 14:43:00,2018,11,Nov,Tue,14,Daytime,30,NO CONTROLS,CLEAR,DAYLIGHT,SIDESWIPE SAME DIRECTION,DIVIDED - W/MEDIAN BARRIER,DRY,INJURY AND / OR TOW DUE TO CRASH,true,,"OVER $1,500",UNABLE TO DETERMINE,2,NO INDICATION OF INJURY,0,0,41.901809135,-87.6327098529,60610,"CHICAGO MIDWAY AIRPORT, IL US",23.0,14.0,68.0,0.0,10.0,11.0
crash_08277,2025-03-17 10:30:00,2025,3,Mar,Mon,10,Daytime,25,UNKNOWN,CLEAR,DAYLIGHT,PARKED MOTOR VEHICLE,OTHER,UNKNOWN,NO INJURY / DRIVE AWAY,,true,"OVER $1,500",NOT APPLICABLE,2,NO INDICATION OF INJURY,0,0,41.8858150391,-87.6496672665,60607,"CHICAGO MIDWAY AIRPORT, IL US",43.0,21.0,42.0,0.0,10.0,11.0
crash_08278,2022-01-31 20:01:00,2022,1,Jan,Mon,20,Night or early morning,30,NO CONTROLS,CLEAR,"DARKNESS, LIGHTED ROAD",REAR END,DIVIDED - W/MEDIAN (NOT RAISED),DRY,NO INJURY / DRIVE AWAY,,true,"OVER $1,500",IMPROPER OVERTAKING/PASSING,2,NO INDICATION OF INJURY,0,0,41.896189838,-87.6669192901,60642,"CHICAGO MIDWAY AIRPORT, IL US",32.0,19.0,59.0,0.0,10.0,10.0
crash_08279,2025-04-24 07:15:00,2025,4,Apr,Thu,7,Morning commute,30,NO CONTROLS,CLEAR,DAYLIGHT,REAR END,NOT DIVIDED,DRY,NO INJURY / DRIVE AWAY,,true,$500 OR LESS,FAILING TO YIELD RIGHT-OF-WAY,2,NO INDICATION OF INJURY,0,0,41.8832905753,-87.6395430823,60606,"CHICAGO MIDWAY AIRPORT, IL US",59.0,47.0,64.0,0.0,10.0,3.0
crash_08280,2022-01-16 17:33:00,2022,1,Jan,Sun,17,Evening commute,30,TRAFFIC SIGNAL,UNKNOWN,DARKNESS,PARKED MOTOR VEHICLE,FOUR WAY,WET,NO INJURY / DRIVE AWAY,,true,"OVER $1,500",IMPROPER TURNING/NO SIGNAL,2,NO INDICATION OF INJURY,0,0,41.7357630154,-87.6727212571,60620,"CHICAGO MIDWAY AIRPORT, IL US",29.0,12.0,49.0,0.0,10.0,8.0
crash_08281,2025-01-23 12:10:00,2025,1,Jan,Thu,12,Daytime,30,TRAFFIC SIGNAL,CLEAR,DAYLIGHT,REAR TO FRONT,DIVIDED - W/MEDIAN (NOT RAISED),WET,NO INJURY / DRIVE AWAY,true,,"OVER $1,500",DISTRACTION - FROM OUTSIDE VEHICLE,2,NO INDICATION OF INJURY,0,0,41.8817374179,-87.627615319,60603,"CHICAGO MIDWAY AIRPORT, IL US",21.0,8.0,57.0,,10.0,13.0
crash_08282,2018-08-16 10:34:00,2018,8,Aug,Thu,10,Daytime,30,NO CONTROLS,CLEAR,DAYLIGHT,REAR END,NOT DIVIDED,DRY,INJURY AND / OR TOW DUE TO CRASH,false,,"OVER $1,500",FOLLOWING TOO CLOSELY,2,NO INDICATION OF INJURY,0,0,41.9026087772,-87.7207302518,60651,"CHICAGO MIDWAY AIRPORT, IL US",80.0,69.0,69.0,0.0,10.0,3.0
crash_08283,2019-07-03 15:00:00,2019,7,Jul,Wed,15,Evening commute,30,NO CONTROLS,CLEAR,DAYLIGHT,TURNING,NOT DIVIDED,DRY,NO INJURY / DRIVE AWAY,,,"$501 - $1,500",UNABLE TO DETERMINE,2,NO INDICATION OF INJURY,0,0,41.7693902451,-87.6185473646,60637,"CHICAGO MIDWAY AIRPORT, IL US",85.0,73.0,68.0,0.0,10.0,8.0
crash_08284,2020-06-26 13:00:00,2020,6,Jun,Fri,13,Daytime,30,TRAFFIC SIGNAL,CLEAR,DAYLIGHT,REAR END,FOUR WAY,DRY,INJURY AND / OR TOW DUE TO CRASH,false,true,"OVER $1,500",FOLLOWING TOO CLOSELY,2,NONINCAPACITATING INJURY,1,0,41.8818440115,-87.7206716483,60624,"CHICAGO MIDWAY AIRPORT, IL US",72.0,69.0,91.0,0.05,9.0,6.0
crash_08285,2019-05-29 23:14:00,2019,5,May,Wed,23,Night or early morning,5,OTHER,UNKNOWN,"DARKNESS, LIGHTED ROAD",FIXED OBJECT,DIVIDED - W/MEDIAN BARRIER,UNKNOWN,NO INJURY / DRIVE AWAY,,true,"OVER $1,500",UNABLE TO DETERMINE,1,NO INDICATION OF INJURY,0,0,,,,,,,,,,
crash_08286,2020-05-26 18:50:00,2020,5,May,Tue,18,Evening commute,30,UNKNOWN,UNKNOWN,DAWN,SIDESWIPE SAME DIRECTION,NOT DIVIDED,UNKNOWN,NO INJURY / DRIVE AWAY,,,"$501 - $1,500",FAILING TO YIELD RIGHT-OF-WAY,2,NO INDICATION OF INJURY,0,0,41.787614663,-87.6169995435,60637,"CHICAGO MIDWAY AIRPORT, IL US",84.0,64.0,51.0,0.0,10.0,11.0
crash_08287,2018-09-10 16:30:00,2018,9,Sep,Mon,16,Evening commute,30,STOP SIGN/FLASHER,CLEAR,DAYLIGHT,REAR END,DIVIDED - W/MEDIAN (NOT RAISED),DRY,NO INJURY / DRIVE AWAY,,,"$501 - $1,500",FAILING TO REDUCE SPEED TO AVOID CRASH,2,NO INDICATION OF INJURY,0,0,41.9319905658,-87.7195771809,60618,"CHICAGO MIDWAY AIRPORT, IL US",72.0,57.0,59.0,0.0,10.0,13.0
crash_08288,2022-12-09 09:30:00,2022,12,Dec,Fri,9,Morning commute,15,NO CONTROLS,RAIN,DAYLIGHT,TURNING,NOT DIVIDED,WET,INJURY AND / OR TOW DUE TO CRASH,,true,"OVER $1,500",UNABLE TO DETERMINE,2,NONINCAPACITATING INJURY,1,0,41.8898677452,-87.7014197053,60612,"CHICAGO MIDWAY AIRPORT, IL US",37.0,35.0,93.0,0.03,6.0,17.0
crash_08289,2018-09-24 01:15:00,2018,9,Sep,Mon,1,Night or early morning,35,TRAFFIC SIGNAL,CLEAR,"DARKNESS, LIGHTED ROAD",REAR END,DIVIDED - W/MEDIAN BARRIER,DRY,NO INJURY / DRIVE AWAY,true,true,"OVER $1,500",NOT APPLICABLE,2,NO INDICATION OF INJURY,0,0,41.7368226302,-87.5857834203,60619,"CHICAGO MIDWAY AIRPORT, IL US",63.0,52.0,68.0,0.0,10.0,8.0
crash_08290,2018-11-06 21:30:00,2018,11,Nov,Tue,21,Night or early morning,30,NO CONTROLS,CLEAR,"DARKNESS, LIGHTED ROAD",PARKED MOTOR VEHICLE,NOT DIVIDED,DRY,NO INJURY / DRIVE AWAY,,true,"OVER $1,500",UNABLE TO DETERMINE,2,NO INDICATION OF INJURY,0,0,41.8555280629,-87.7049376301,60623,"CHICAGO MIDWAY AIRPORT, IL US",42.0,30.0,62.0,,10.0,18.0
crash_08291,2025-04-30 12:28:00,2025,4,Apr,Wed,12,Daytime,25,NO CONTROLS,CLEAR,DAYLIGHT,PARKED MOTOR VEHICLE,ONE-WAY,DRY,NO INJURY / DRIVE AWAY,,,"OVER $1,500",UNABLE TO DETERMINE,2,NO INDICATION OF INJURY,0,0,41.8839299325,-87.7697413112,60644,"CHICAGO MIDWAY AIRPORT, IL US",60.0,41.0,50.0,0.0,10.0,9.0
crash_08292,2021-06-02 17:22:00,2021,6,Jun,Wed,17,Evening commute,20,NO CONTROLS,CLEAR,DAYLIGHT,PEDESTRIAN,FOUR WAY,DRY,INJURY AND / OR TOW DUE TO CRASH,true,,"OVER $1,500",UNABLE TO DETERMINE,2,NONINCAPACITATING INJURY,1,0,41.7503166294,-87.6585269401,60620,"CHICAGO MIDWAY AIRPORT, IL US",77.0,47.0,35.0,0.0,10.0,11.0
crash_08293,2020-01-17 16:47:00,2020,1,Jan,Fri,16,Evening commute,30,TRAFFIC SIGNAL,SNOW,"DARKNESS, LIGHTED ROAD",HEAD ON,FOUR WAY,SNOW OR SLUSH,INJURY AND / OR TOW DUE TO CRASH,true,,"OVER $1,500",FAILING TO REDUCE SPEED TO AVOID CRASH,3,NO INDICATION OF INJURY,0,0,41.722795881,-87.5458476418,60617,"CHICAGO MIDWAY AIRPORT, IL US",26.0,21.0,81.0,0.0,1.5,10.0
crash_08294,2020-07-19 21:24:00,2020,7,Jul,Sun,21,Night or early morning,30,TRAFFIC SIGNAL,CLEAR,DARKNESS,REAR END,FOUR WAY,DRY,NO INJURY / DRIVE AWAY,true,,"OVER $1,500",UNABLE TO DETERMINE,2,NO INDICATION OF INJURY,0,0,41.8808074767,-87.7108799284,60624,"CHICAGO MIDWAY AIRPORT, IL US",76.0,62.0,62.0,0.0,10.0,5.0
crash_08295,2021-12-21 19:53:00,2021,12,Dec,Tue,19,Night or early morning,30,TRAFFIC SIGNAL,CLEAR,"DARKNESS, LIGHTED ROAD",REAR END,NOT DIVIDED,DRY,NO INJURY / DRIVE AWAY,,,"OVER $1,500",FOLLOWING TOO CLOSELY,3,NO INDICATION OF INJURY,0,0,41.852736056,-87.6324439672,60616,"CHICAGO MIDWAY AIRPORT, IL US",34.0,20.0,56.0,0.0,10.0,15.0
crash_08296,2019-04-02 16:00:00,2019,4,Apr,Tue,16,Evening commute,35,NO CONTROLS,CLEAR,DAYLIGHT,REAR END,NOT DIVIDED,DRY,NO INJURY / DRIVE AWAY,,,"OVER $1,500",FOLLOWING TOO CLOSELY,2,NO INDICATION OF INJURY,0,0,41.7803215146,-87.60442376,60637,"CHICAGO MIDWAY AIRPORT, IL US",48.0,36.0,63.0,0.0,9.0,18.0
crash_08297,2022-05-07 11:00:00,2022,5,May,Sat,11,Daytime,30,NO CONTROLS,CLEAR,DAYLIGHT,SIDESWIPE SAME DIRECTION,NOT DIVIDED,DRY,NO INJURY / DRIVE AWAY,,,"OVER $1,500",FAILING TO YIELD RIGHT-OF-WAY,2,NO INDICATION OF INJURY,0,0,41.979323218,-87.8364364147,60656,"CHICAGO OHARE INTERNATIONAL AIRPORT, IL US",59.0,32.0,36.0,0.0,10.0,8.0
crash_08298,2023-08-29 00:30:00,2023,8,Aug,Tue,0,Night or early morning,30,TRAFFIC SIGNAL,CLEAR,DARKNESS,REAR END,FOUR WAY,DRY,NO INJURY / DRIVE AWAY,,,$500 OR LESS,FAILING TO REDUCE SPEED TO AVOID CRASH,2,NO INDICATION OF INJURY,0,0,41.8543295766,-87.6662008444,60608,"CHICAGO MIDWAY AIRPORT, IL US",67.0,53.0,61.0,0.0,10.0,6.0