crash_id,crash_datetime,crash_year,crash_month,crash_month_name,crash_weekday_name,crash_hour,time_period,posted_speed_limit_mph,traffic_control_device,reported_weather_condition,reported_lighting_condition,first_crash_type,trafficway_type,reported_road_surface_condition,crash_type,intersection_related,hit_and_run,estimated_damage,primary_contributory_cause,unit_count,most_severe_injury,injuries_total,injuries_fatal,latitude,longitude,zip5,weather_station_name,temperature_f,dew_point_f,relative_humidity_percent,precipitation_inches,visibility_miles,wind_speed_mph
crash_08299,2023-05-09 18:00:00,2023,5,May,Tue,18,Evening commute,15,NO CONTROLS,CLEAR,DAYLIGHT,PARKED MOTOR VEHICLE,ONE-WAY,DRY,NO INJURY / DRIVE AWAY,,,$500 OR LESS,IMPROPER LANE USAGE,2,NO INDICATION OF INJURY,0,0,,,,,,,,,,
crash_08300,2018-12-14 11:30:00,2018,12,Dec,Fri,11,Daytime,30,NO CONTROLS,CLEAR,DAYLIGHT,ANGLE,NOT DIVIDED,DRY,NO INJURY / DRIVE AWAY,,,"OVER $1,500",UNABLE TO DETERMINE,2,NO INDICATION OF INJURY,0,0,41.7360851569,-87.6143677008,60619,"CHICAGO MIDWAY AIRPORT, IL US",42.0,41.0,96.0,0.0,1.75,8.0
crash_08301,2022-11-09 02:35:00,2022,11,Nov,Wed,2,Night or early morning,30,NO CONTROLS,CLEAR,"DARKNESS, LIGHTED ROAD",OTHER OBJECT,NOT DIVIDED,DRY,INJURY AND / OR TOW DUE TO CRASH,,,"OVER $1,500",UNABLE TO DETERMINE,1,NO INDICATION OF INJURY,0,0,41.993046392,-87.7578657579,60646,"CHICAGO OHARE INTERNATIONAL AIRPORT, IL US",48.0,36.0,63.0,0.0,10.0,8.0
crash_08302,2025-08-03 22:24:00,2025,8,Aug,Sun,22,Night or early morning,30,NO CONTROLS,CLEAR,"DARKNESS, LIGHTED ROAD",PEDALCYCLIST,NOT DIVIDED,DRY,INJURY AND / OR TOW DUE TO CRASH,,,"OVER $1,500",FAILING TO REDUCE SPEED TO AVOID CRASH,2,"REPORTED, NOT EVIDENT",1,0,41.8695830899,-87.6257373175,60605,"CHICAGO MIDWAY AIRPORT, IL US",73.0,62.0,69.0,0.0,9.0,9.0
crash_08303,2023-05-28 21:30:00,2023,5,May,Sun,21,Night or early morning,25,UNKNOWN,CLEAR,UNKNOWN,PARKED MOTOR VEHICLE,NOT DIVIDED,WET,NO INJURY / DRIVE AWAY,,true,"OVER $1,500",UNABLE TO DETERMINE,2,NO INDICATION OF INJURY,0,0,41.9867866828,-87.6635383548,60660,"CHICAGO OHARE INTERNATIONAL AIRPORT, IL US",63.0,39.0,41.0,0.0,10.0,10.0
crash_08304,2025-09-20 09:10:00,2025,9,Sep,Sat,9,Morning commute,10,NO CONTROLS,CLEAR,DAYLIGHT,PARKED MOTOR VEHICLE,PARKING LOT,DRY,NO INJURY / DRIVE AWAY,,,"$501 - $1,500",UNABLE TO DETERMINE,2,NO INDICATION OF INJURY,0,0,41.9719812207,-87.7279868979,60625,,,,,,,
crash_08305,2021-08-07 20:20:00,2021,8,Aug,Sat,20,Night or early morning,30,NO CONTROLS,CLEAR,"DARKNESS, LIGHTED ROAD",REAR END,DIVIDED - W/MEDIAN (NOT RAISED),DRY,INJURY AND / OR TOW DUE TO CRASH,,true,"OVER $1,500",FOLLOWING TOO CLOSELY,4,INCAPACITATING INJURY,1,0,41.8349730628,-87.7244547818,60623,"CHICAGO MIDWAY AIRPORT, IL US",,,,0.0,10.0,14.0
crash_08306,2022-02-28 21:10:00,2022,2,Feb,Mon,21,Night or early morning,45,TRAFFIC SIGNAL,CLEAR,"DARKNESS, LIGHTED ROAD",REAR END,DIVIDED - W/MEDIAN BARRIER,DRY,INJURY AND / OR TOW DUE TO CRASH,,true,"OVER $1,500",UNABLE TO DETERMINE,2,"REPORTED, NOT EVIDENT",1,0,41.7860096212,-87.5776347001,60637,"CHICAGO MIDWAY AIRPORT, IL US",46.0,31.0,56.0,0.0,10.0,6.0
crash_08307,2025-07-16 01:02:00,2025,7,Jul,Wed,1,Night or early morning,30,TRAFFIC SIGNAL,CLEAR,"DARKNESS, LIGHTED ROAD",REAR END,FOUR WAY,DRY,INJURY AND / OR TOW DUE TO CRASH,true,,"OVER $1,500",UNABLE TO DETERMINE,2,NONINCAPACITATING INJURY,1,0,41.8963269159,-87.6428578583,60654,"CHICAGO MIDWAY AIRPORT, IL US",81.0,72.0,74.0,0.0,10.0,6.0
crash_08308,2025-11-10 09:25:00,2025,11,Nov,Mon,9,Morning commute,30,TRAFFIC SIGNAL,SNOW,DAYLIGHT,REAR END,FOUR WAY,SNOW OR SLUSH,NO INJURY / DRIVE AWAY,true,,"OVER $1,500",WEATHER,3,NO INDICATION OF INJURY,0,0,41.8956733853,-87.6845155385,60612,,,,,,,
crash_08309,2023-10-17 15:23:00,2023,10,Oct,Tue,15,Evening commute,30,TRAFFIC SIGNAL,CLEAR,DAYLIGHT,SIDESWIPE SAME DIRECTION,DIVIDED - W/MEDIAN (NOT RAISED),DRY,NO INJURY / DRIVE AWAY,,,"OVER $1,500",UNABLE TO DETERMINE,2,NO INDICATION OF INJURY,0,0,41.9534823714,-87.7328150317,60641,"CHICAGO OHARE INTERNATIONAL AIRPORT, IL US",63.0,42.0,47.0,0.0,10.0,8.0
crash_08310,2022-09-28 16:18:00,2022,9,Sep,Wed,16,Evening commute,25,TRAFFIC SIGNAL,UNKNOWN,DAYLIGHT,SIDESWIPE SAME DIRECTION,T-INTERSECTION,UNKNOWN,NO INJURY / DRIVE AWAY,true,true,$500 OR LESS,UNABLE TO DETERMINE,2,NO INDICATION OF INJURY,0,0,41.7699113097,-87.5763384481,60649,"CHICAGO MIDWAY AIRPORT, IL US",62.0,38.0,41.0,0.0,10.0,11.0
crash_08311,2018-11-10 01:48:00,2018,11,Nov,Sat,1,Night or early morning,30,NO CONTROLS,CLEAR,"DARKNESS, LIGHTED ROAD",PARKED MOTOR VEHICLE,DIVIDED - W/MEDIAN (NOT RAISED),DRY,INJURY AND / OR TOW DUE TO CRASH,,,"OVER $1,500",UNDER THE INFLUENCE OF ALCOHOL/DRUGS (USE WHEN ARREST IS EFFECTED),7,INCAPACITATING INJURY,2,0,41.9241134438,-87.6990905008,60647,"CHICAGO MIDWAY AIRPORT, IL US",22.0,13.0,68.0,0.0,10.0,16.0
crash_08312,2019-06-28 22:50:00,2019,6,Jun,Fri,22,Night or early morning,30,NO CONTROLS,CLEAR,"DARKNESS, LIGHTED ROAD",ANGLE,DIVIDED - W/MEDIAN (NOT RAISED),DRY,NO INJURY / DRIVE AWAY,,,"$501 - $1,500",FAILING TO YIELD RIGHT-OF-WAY,2,NO INDICATION OF INJURY,0,0,41.7716501459,-87.7227296463,60629,"CHICAGO MIDWAY AIRPORT, IL US",79.0,70.0,74.0,0.0,10.0,5.0
crash_08313,2022-01-13 09:00:00,2022,1,Jan,Thu,9,Morning commute,30,UNKNOWN,CLEAR,DAYLIGHT,REAR END,UNKNOWN,DRY,NO INJURY / DRIVE AWAY,true,,"OVER $1,500",UNABLE TO DETERMINE,2,NO INDICATION OF INJURY,0,0,41.8805278219,-87.6242094659,60604,"CHICAGO MIDWAY AIRPORT, IL US",39.0,33.0,79.0,,10.0,6.0
crash_08314,2023-10-01 16:10:00,2023,10,Oct,Sun,16,Evening commute,15,STOP SIGN/FLASHER,CLEAR,DAYLIGHT,SIDESWIPE SAME DIRECTION,NOT DIVIDED,DRY,NO INJURY / DRIVE AWAY,,,"OVER $1,500",UNABLE TO DETERMINE,2,NO INDICATION OF INJURY,0,0,41.7783353905,-87.7424364942,60638,"CHICAGO MIDWAY AIRPORT, IL US",83.0,60.0,46.0,0.0,10.0,8.0
crash_08315,2018-08-07 13:00:00,2018,8,Aug,Tue,13,Daytime,40,NO CONTROLS,CLEAR,DAYLIGHT,SIDESWIPE SAME DIRECTION,RAMP,DRY,NO INJURY / DRIVE AWAY,,,"OVER $1,500",IMPROPER LANE USAGE,2,NO INDICATION OF INJURY,0,0,41.8981058529,-87.6180972157,60611,"CHICAGO MIDWAY AIRPORT, IL US",85.0,66.0,53.0,0.0,10.0,7.0
crash_08316,2021-07-28 11:15:00,2021,7,Jul,Wed,11,Daytime,30,NO CONTROLS,CLEAR,DAYLIGHT,TURNING,DIVIDED - W/MEDIAN (NOT RAISED),DRY,NO INJURY / DRIVE AWAY,,,"OVER $1,500",FAILING TO YIELD RIGHT-OF-WAY,2,NO INDICATION OF INJURY,0,0,41.7979238244,-87.762609025,60638,"CHICAGO MIDWAY AIRPORT, IL US",86.0,71.0,61.0,0.0,10.0,10.0
crash_08317,2018-04-09 20:00:00,2018,4,Apr,Mon,20,Night or early morning,30,NO CONTROLS,CLEAR,"DARKNESS, LIGHTED ROAD",TURNING,NOT DIVIDED,DRY,NO INJURY / DRIVE AWAY,,,"$501 - $1,500",IMPROPER TURNING/NO SIGNAL,2,NO INDICATION OF INJURY,0,0,41.9463846516,-87.6465248633,60657,"CHICAGO MIDWAY AIRPORT, IL US",36.0,29.0,76.0,0.0,9.0,0.0
crash_08318,2023-03-31 12:30:00,2023,3,Mar,Fri,12,Daytime,30,TRAFFIC SIGNAL,CLEAR,DAYLIGHT,TURNING,DIVIDED - W/MEDIAN (NOT RAISED),DRY,NO INJURY / DRIVE AWAY,,,"OVER $1,500",IMPROPER LANE USAGE,2,NO INDICATION OF INJURY,0,0,41.9001828076,-87.7110402165,60651,"CHICAGO MIDWAY AIRPORT, IL US",67.0,55.0,66.0,0.0,10.0,20.0
crash_08319,2023-05-03 09:30:00,2023,5,May,Wed,9,Morning commute,30,NO CONTROLS,CLEAR,DAYLIGHT,PARKED MOTOR VEHICLE,NOT DIVIDED,DRY,NO INJURY / DRIVE AWAY,,true,"$501 - $1,500",UNABLE TO DETERMINE,2,NO INDICATION OF INJURY,0,0,41.9441363351,-87.6407607855,60657,"CHICAGO MIDWAY AIRPORT, IL US",46.0,34.0,63.0,0.0,10.0,8.0
crash_08320,2022-10-11 16:32:00,2022,10,Oct,Tue,16,Evening commute,30,NO CONTROLS,RAIN,DAYLIGHT,SIDESWIPE SAME DIRECTION,NOT DIVIDED,WET,NO INJURY / DRIVE AWAY,,,"$501 - $1,500",IMPROPER OVERTAKING/PASSING,2,NO INDICATION OF INJURY,0,0,41.7501209128,-87.6731936281,60620,"CHICAGO MIDWAY AIRPORT, IL US",63.0,58.0,84.0,0.12,4.0,14.0
crash_08321,2022-06-23 10:00:00,2022,6,Jun,Thu,10,Daytime,30,TRAFFIC SIGNAL,CLEAR,DAYLIGHT,REAR END,NOT DIVIDED,DRY,NO INJURY / DRIVE AWAY,true,,$500 OR LESS,NOT APPLICABLE,2,NO INDICATION OF INJURY,0,0,41.8082243935,-87.7038417889,60632,"CHICAGO MIDWAY AIRPORT, IL US",79.0,55.0,44.0,0.0,10.0,8.0
crash_08322,2025-03-21 11:30:00,2025,3,Mar,Fri,11,Daytime,30,TRAFFIC SIGNAL,CLEAR,DAYLIGHT,REAR END,DIVIDED - W/MEDIAN (NOT RAISED),DRY,NO INJURY / DRIVE AWAY,true,,"OVER $1,500",FOLLOWING TOO CLOSELY,3,NO INDICATION OF INJURY,0,0,41.6920106297,-87.6615602701,60643,"CHICAGO MIDWAY AIRPORT, IL US",50.0,27.0,41.0,0.0,10.0,23.0
crash_08323,2021-07-19 15:00:00,2021,7,Jul,Mon,15,Evening commute,30,TRAFFIC SIGNAL,CLEAR,DAYLIGHT,ANGLE,NOT DIVIDED,DRY,INJURY AND / OR TOW DUE TO CRASH,true,,"OVER $1,500",DISTRACTION - FROM INSIDE VEHICLE,2,NONINCAPACITATING INJURY,1,0,41.8761861666,-87.6766739725,60612,"CHICAGO MIDWAY AIRPORT, IL US",83.0,61.0,48.0,0.0,10.0,11.0
crash_08324,2022-06-14 08:36:00,2022,6,Jun,Tue,8,Morning commute,30,STOP SIGN/FLASHER,CLEAR,DAYLIGHT,ANGLE,FOUR WAY,DRY,INJURY AND / OR TOW DUE TO CRASH,true,true,"$501 - $1,500",DISREGARDING STOP SIGN,2,"REPORTED, NOT EVIDENT",1,0,41.8823842432,-87.7617588189,60644,"CHICAGO MIDWAY AIRPORT, IL US",89.0,76.0,65.0,0.0,10.0,11.0
crash_08325,2021-04-27 00:20:00,2021,4,Apr,Tue,0,Night or early morning,35,TRAFFIC SIGNAL,CLEAR,"DARKNESS, LIGHTED ROAD",REAR END,FOUR WAY,DRY,NO INJURY / DRIVE AWAY,,true,"$501 - $1,500",FAILING TO REDUCE SPEED TO AVOID CRASH,2,NO INDICATION OF INJURY,0,0,41.7735299845,-87.5788907566,60649,"CHICAGO MIDWAY AIRPORT, IL US",68.0,42.0,39.0,0.0,10.0,14.0
crash_08326,2021-04-11 04:00:00,2021,4,Apr,Sun,4,Night or early morning,30,STOP SIGN/FLASHER,RAIN,"DARKNESS, LIGHTED ROAD",PARKED MOTOR VEHICLE,NOT DIVIDED,WET,INJURY AND / OR TOW DUE TO CRASH,,true,"OVER $1,500",FAILING TO REDUCE SPEED TO AVOID CRASH,3,NO INDICATION OF INJURY,0,0,41.8043340357,-87.7221948186,60632,"CHICAGO MIDWAY AIRPORT, IL US",46.0,40.0,79.0,0.0,10.0,7.0
crash_08327,2024-02-10 19:30:00,2024,2,Feb,Sat,19,Night or early morning,30,TRAFFIC SIGNAL,CLEAR,"DARKNESS, LIGHTED ROAD",SIDESWIPE SAME DIRECTION,DIVIDED - W/MEDIAN (NOT RAISED),DRY,NO INJURY / DRIVE AWAY,true,,"$501 - $1,500",UNABLE TO DETERMINE,2,NO INDICATION OF INJURY,0,0,41.8952187507,-87.7262224304,60624,"CHICAGO MIDWAY AIRPORT, IL US",38.0,24.0,57.0,0.0,10.0,5.0
crash_08328,2021-10-15 13:00:00,2021,10,Oct,Fri,13,Daytime,25,NO CONTROLS,RAIN,DAYLIGHT,SIDESWIPE SAME DIRECTION,NOT DIVIDED,WET,NO INJURY / DRIVE AWAY,,,"OVER $1,500",UNABLE TO DETERMINE,2,NO INDICATION OF INJURY,0,0,41.7677876425,-87.6151671861,60637,"CHICAGO MIDWAY AIRPORT, IL US",61.0,51.0,70.0,0.0,10.0,10.0
crash_08329,2019-01-26 02:00:00,2019,1,Jan,Sat,2,Night or early morning,30,NO CONTROLS,CLEAR,"DARKNESS, LIGHTED ROAD",PARKED MOTOR VEHICLE,NOT DIVIDED,DRY,NO INJURY / DRIVE AWAY,,true,"OVER $1,500",IMPROPER LANE USAGE,2,NO INDICATION OF INJURY,0,0,41.9635217906,-87.7598475644,60630,"CHICAGO OHARE INTERNATIONAL AIRPORT, IL US",-4.0,-9.0,79.0,0.0,10.0,7.0
crash_08330,2020-04-20 14:22:00,2020,4,Apr,Mon,14,Daytime,30,NO CONTROLS,CLEAR,DAYLIGHT,PARKED MOTOR VEHICLE,PARKING LOT,DRY,NO INJURY / DRIVE AWAY,,true,"$501 - $1,500",IMPROPER BACKING,2,NO INDICATION OF INJURY,0,0,41.8520256918,-87.6784122433,60608,"CHICAGO MIDWAY AIRPORT, IL US",63.0,30.0,29.0,0.0,10.0,20.0
crash_08331,2021-11-09 16:55:00,2021,11,Nov,Tue,16,Evening commute,35,STOP SIGN/FLASHER,CLEAR,"DARKNESS, LIGHTED ROAD",PEDALCYCLIST,FOUR WAY,DRY,NO INJURY / DRIVE AWAY,true,,"OVER $1,500",UNABLE TO DETERMINE,2,NO INDICATION OF INJURY,0,0,41.7441987792,-87.7169828917,60652,"CHICAGO MIDWAY AIRPORT, IL US",53.0,42.0,66.0,0.0,10.0,8.0
crash_08332,2024-10-16 15:08:00,2024,10,Oct,Wed,15,Evening commute,30,STOP SIGN/FLASHER,CLEAR,DAYLIGHT,SIDESWIPE SAME DIRECTION,NOT DIVIDED,DRY,NO INJURY / DRIVE AWAY,,,"OVER $1,500",UNABLE TO DETERMINE,2,NO INDICATION OF INJURY,0,0,41.8284491501,-87.6680525167,60609,"CHICAGO MIDWAY AIRPORT, IL US",56.0,27.0,33.0,0.0,10.0,6.0
crash_08333,2023-05-14 20:40:00,2023,5,May,Sun,20,Night or early morning,35,TRAFFIC SIGNAL,CLEAR,"DARKNESS, LIGHTED ROAD",TURNING,FOUR WAY,WET,NO INJURY / DRIVE AWAY,true,,"OVER $1,500",UNABLE TO DETERMINE,2,NO INDICATION OF INJURY,0,0,41.893946913,-87.6342786334,60654,"CHICAGO MIDWAY AIRPORT, IL US",56.0,42.0,60.0,0.01,10.0,10.0
crash_08334,2020-11-06 13:42:00,2020,11,Nov,Fri,13,Daytime,30,NO CONTROLS,CLEAR,DAYLIGHT,REAR END,NOT DIVIDED,DRY,INJURY AND / OR TOW DUE TO CRASH,,,"$501 - $1,500",UNABLE TO DETERMINE,3,"REPORTED, NOT EVIDENT",1,0,41.8249123309,-87.6021174866,60653,"CHICAGO MIDWAY AIRPORT, IL US",74.0,48.0,40.0,0.0,10.0,16.0
crash_08335,2025-08-16 16:00:00,2025,8,Aug,Sat,16,Evening commute,30,UNKNOWN,CLEAR,DAYLIGHT,REAR TO REAR,PARKING LOT,UNKNOWN,NO INJURY / DRIVE AWAY,,,"OVER $1,500",UNABLE TO DETERMINE,2,NO INDICATION OF INJURY,0,0,41.9044725439,-87.6403336244,60610,"CHICAGO MIDWAY AIRPORT, IL US",94.0,71.0,48.0,0.0,10.0,6.0
crash_08336,2023-05-14 08:20:00,2023,5,May,Sun,8,Morning commute,30,STOP SIGN/FLASHER,CLEAR,DAYLIGHT,REAR END,NOT DIVIDED,DRY,NO INJURY / DRIVE AWAY,,,"$501 - $1,500",FOLLOWING TOO CLOSELY,2,NO INDICATION OF INJURY,0,0,41.7926990973,-87.7696951827,60638,"CHICAGO MIDWAY AIRPORT, IL US",62.0,49.0,62.0,0.0,10.0,6.0
crash_08337,2019-10-31 10:30:00,2019,10,Oct,Thu,10,Daytime,30,NO CONTROLS,CLEAR,DAYLIGHT,PARKED MOTOR VEHICLE,PARKING LOT,DRY,NO INJURY / DRIVE AWAY,,,"OVER $1,500",IMPROPER BACKING,2,NO INDICATION OF INJURY,0,0,41.9098418597,-87.6377347345,60610,"CHICAGO MIDWAY AIRPORT, IL US",33.0,31.0,92.0,0.0,1.25,20.0
crash_08338,2020-09-08 07:30:00,2020,9,Sep,Tue,7,Morning commute,30,STOP SIGN/FLASHER,RAIN,DAYLIGHT,ANGLE,ONE-WAY,WET,NO INJURY / DRIVE AWAY,,,"OVER $1,500",UNABLE TO DETERMINE,2,NO INDICATION OF INJURY,0,0,41.7108700949,-87.6258535643,60628,"CHICAGO MIDWAY AIRPORT, IL US",63.0,61.0,93.0,0.05,5.0,9.0
crash_08339,2018-07-02 18:10:00,2018,7,Jul,Mon,18,Evening commute,15,NO CONTROLS,CLEAR,DAYLIGHT,SIDESWIPE SAME DIRECTION,PARKING LOT,DRY,NO INJURY / DRIVE AWAY,,true,"$501 - $1,500",IMPROPER OVERTAKING/PASSING,2,NO INDICATION OF INJURY,0,0,41.7361451282,-87.626917844,60620,"CHICAGO MIDWAY AIRPORT, IL US",81.0,56.0,42.0,0.0,10.0,8.0
crash_08340,2018-05-26 03:15:00,2018,5,May,Sat,3,Night or early morning,30,TRAFFIC SIGNAL,CLEAR,"DARKNESS, LIGHTED ROAD",SIDESWIPE SAME DIRECTION,DIVIDED - W/MEDIAN (NOT RAISED),DRY,NO INJURY / DRIVE AWAY,true,,"OVER $1,500",FOLLOWING TOO CLOSELY,2,NO INDICATION OF INJURY,0,0,41.7375185832,-87.663253754,60620,"CHICAGO MIDWAY AIRPORT, IL US",71.0,68.0,90.0,0.0,8.0,7.0
crash_08341,2024-07-13 03:50:00,2024,7,Jul,Sat,3,Night or early morning,15,NO CONTROLS,CLEAR,"DARKNESS, LIGHTED ROAD",REAR END,OTHER,DRY,NO INJURY / DRIVE AWAY,,true,$500 OR LESS,FAILING TO REDUCE SPEED TO AVOID CRASH,2,NO INDICATION OF INJURY,0,0,41.7893386418,-87.7413525626,60629,"CHICAGO MIDWAY AIRPORT, IL US",73.0,65.0,76.0,0.0,10.0,3.0
crash_08342,2021-10-03 23:00:00,2021,10,Oct,Sun,23,Night or early morning,30,TRAFFIC SIGNAL,CLEAR,"DARKNESS, LIGHTED ROAD",REAR END,ONE-WAY,WET,INJURY AND / OR TOW DUE TO CRASH,true,true,"OVER $1,500",UNABLE TO DETERMINE,3,NONINCAPACITATING INJURY,2,0,41.7945600708,-87.6319284748,60609,"CHICAGO MIDWAY AIRPORT, IL US",68.0,62.0,81.0,0.0,10.0,3.0
crash_08343,2025-11-08 18:47:00,2025,11,Nov,Sat,18,Evening commute,20,NO CONTROLS,RAIN,"DARKNESS, LIGHTED ROAD",PEDESTRIAN,PARKING LOT,WET,INJURY AND / OR TOW DUE TO CRASH,,,"OVER $1,500",FAILING TO YIELD RIGHT-OF-WAY,2,NONINCAPACITATING INJURY,1,0,41.7352956696,-87.7022190188,60652,,,,,,,
crash_08344,2023-05-12 18:03:00,2023,5,May,Fri,18,Evening commute,30,UNKNOWN,RAIN,DAYLIGHT,PARKED MOTOR VEHICLE,ONE-WAY,WET,INJURY AND / OR TOW DUE TO CRASH,,,"OVER $1,500",UNABLE TO DETERMINE,3,NO INDICATION OF INJURY,0,0,41.7819991379,-87.61285713,60637,"CHICAGO MIDWAY AIRPORT, IL US",68.0,63.0,84.0,0.03,8.0,8.0
crash_08345,2023-03-07 23:00:00,2023,3,Mar,Tue,23,Night or early morning,25,NO CONTROLS,CLEAR,DARKNESS,PARKED MOTOR VEHICLE,ONE-WAY,DRY,NO INJURY / DRIVE AWAY,,true,"OVER $1,500",NOT APPLICABLE,2,NO INDICATION OF INJURY,0,0,41.920967563,-87.7672412611,60639,"CHICAGO OHARE INTERNATIONAL AIRPORT, IL US",39.0,24.0,55.0,0.0,10.0,9.0
crash_08346,2025-06-20 02:05:00,2025,6,Jun,Fri,2,Night or early morning,25,NO CONTROLS,CLEAR,DARKNESS,PARKED MOTOR VEHICLE,NOT DIVIDED,DRY,NO INJURY / DRIVE AWAY,,true,$500 OR LESS,DRIVING SKILLS/KNOWLEDGE/EXPERIENCE,2,NO INDICATION OF INJURY,0,0,41.6707131338,-87.617515318,60628,"CHICAGO MIDWAY AIRPORT, IL US",72.0,60.0,66.0,0.0,10.0,7.0
crash_08347,2021-04-06 17:25:00,2021,4,Apr,Tue,17,Evening commute,30,NO CONTROLS,CLEAR,DAYLIGHT,ANGLE,NOT DIVIDED,DRY,INJURY AND / OR TOW DUE TO CRASH,true,,"OVER $1,500",UNABLE TO DETERMINE,2,"REPORTED, NOT EVIDENT",1,0,41.853316582,-87.7344141536,60623,"CHICAGO MIDWAY AIRPORT, IL US",79.0,48.0,34.0,0.0,10.0,13.0
crash_08348,2021-04-26 04:45:00,2021,4,Apr,Mon,4,Night or early morning,30,TRAFFIC SIGNAL,CLEAR,"DARKNESS, LIGHTED ROAD",ANGLE,FOUR WAY,DRY,NO INJURY / DRIVE AWAY,true,,"OVER $1,500",DISREGARDING TRAFFIC SIGNALS,2,NO INDICATION OF INJURY,0,0,41.7217992199,-87.614287076,60628,"CHICAGO MIDWAY AIRPORT, IL US",41.0,30.0,65.0,0.0,10.0,9.0
crash_08349,2024-06-17 15:04:00,2024,6,Jun,Mon,15,Evening commute,30,NO CONTROLS,CLEAR,DAYLIGHT,FIXED OBJECT,NOT DIVIDED,DRY,INJURY AND / OR TOW DUE TO CRASH,,,"OVER $1,500",DRIVING SKILLS/KNOWLEDGE/EXPERIENCE,1,NO INDICATION OF INJURY,0,0,41.9365338171,-87.7027994271,60618,"CHICAGO MIDWAY AIRPORT, IL US",94.0,67.0,41.0,,10.0,16.0
crash_08350,2025-07-08 20:47:00,2025,7,Jul,Tue,20,Night or early morning,25,STOP SIGN/FLASHER,RAIN,"DARKNESS, LIGHTED ROAD",PEDALCYCLIST,FOUR WAY,WET,NO INJURY / DRIVE AWAY,,true,"OVER $1,500",FAILING TO YIELD RIGHT-OF-WAY,2,NO INDICATION OF INJURY,0,0,41.8270571803,-87.6410778298,60609,"CHICAGO MIDWAY AIRPORT, IL US",78.0,69.0,74.0,0.03,9.0,3.0
crash_08351,2024-06-13 09:55:00,2024,6,Jun,Thu,9,Morning commute,30,TRAFFIC SIGNAL,CLEAR,DAYLIGHT,TURNING,NOT DIVIDED,DRY,NO INJURY / DRIVE AWAY,true,,"OVER $1,500",IMPROPER LANE USAGE,2,NO INDICATION OF INJURY,0,0,41.8515536623,-87.7149372241,60623,"CHICAGO MIDWAY AIRPORT, IL US",82.0,65.0,56.0,0.0,10.0,14.0
crash_08352,2024-01-06 03:35:00,2024,1,Jan,Sat,3,Night or early morning,30,NO CONTROLS,SNOW,"DARKNESS, LIGHTED ROAD",FIXED OBJECT,NOT DIVIDED,SNOW OR SLUSH,INJURY AND / OR TOW DUE TO CRASH,,,"OVER $1,500",WEATHER,1,NO INDICATION OF INJURY,0,0,41.8895505305,-87.7650438428,60644,"CHICAGO MIDWAY AIRPORT, IL US",32.0,29.0,88.0,0.01,1.0,6.0
crash_08353,2018-08-13 14:02:00,2018,8,Aug,Mon,14,Daytime,30,NO CONTROLS,CLEAR,DAYLIGHT,TURNING,NOT DIVIDED,DRY,INJURY AND / OR TOW DUE TO CRASH,,,"OVER $1,500",IMPROPER TURNING/NO SIGNAL,2,INCAPACITATING INJURY,1,0,41.9176669443,-87.6885341826,60647,"CHICAGO MIDWAY AIRPORT, IL US",87.0,59.0,39.0,0.0,10.0,8.0
crash_08354,2018-01-12 11:00:00,2018,1,Jan,Fri,11,Daytime,30,NO CONTROLS,CLOUDY/OVERCAST,DAYLIGHT,REAR END,DIVIDED - W/MEDIAN (NOT RAISED),DRY,NO INJURY / DRIVE AWAY,,,"OVER $1,500",UNABLE TO DETERMINE,2,NO INDICATION OF INJURY,0,0,41.9109817397,-87.651209308,60614,"CHICAGO MIDWAY AIRPORT, IL US",23.0,15.0,72.0,0.0,9.0,29.0
crash_08355,2022-03-22 14:00:00,2022,3,Mar,Tue,14,Daytime,30,NO CONTROLS,CLEAR,DAYLIGHT,TURNING,NOT DIVIDED,DRY,NO INJURY / DRIVE AWAY,,,"OVER $1,500",IMPROPER LANE USAGE,2,NO INDICATION OF INJURY,0,0,41.7561362831,-87.5860598762,60649,"CHICAGO MIDWAY AIRPORT, IL US",59.0,45.0,60.0,0.0,10.0,18.0
crash_08356,2023-05-06 06:00:00,2023,5,May,Sat,6,Morning commute,30,NO CONTROLS,CLEAR,DAYLIGHT,PARKED MOTOR VEHICLE,NOT DIVIDED,DRY,NO INJURY / DRIVE AWAY,,true,"OVER $1,500",UNABLE TO DETERMINE,2,NO INDICATION OF INJURY,0,0,41.7720614704,-87.6656474465,60636,"CHICAGO MIDWAY AIRPORT, IL US",60.0,47.0,62.0,0.0,10.0,9.0
crash_08357,2021-06-10 10:00:00,2021,6,Jun,Thu,10,Daytime,30,NO CONTROLS,CLEAR,DAYLIGHT,PARKED MOTOR VEHICLE,NOT DIVIDED,UNKNOWN,NO INJURY / DRIVE AWAY,,true,"OVER $1,500",UNABLE TO DETERMINE,2,NO INDICATION OF INJURY,0,0,41.8202163934,-87.6459842815,60609,"CHICAGO MIDWAY AIRPORT, IL US",82.0,65.0,56.0,0.0,10.0,0.0
crash_08358,2020-08-28 16:30:00,2020,8,Aug,Fri,16,Evening commute,30,NO CONTROLS,CLEAR,DAYLIGHT,PARKED MOTOR VEHICLE,DIVIDED - W/MEDIAN (NOT RAISED),DRY,NO INJURY / DRIVE AWAY,,,$500 OR LESS,DRIVING SKILLS/KNOWLEDGE/EXPERIENCE,2,NO INDICATION OF INJURY,0,0,41.750211231,-87.6663424279,60620,"CHICAGO MIDWAY AIRPORT, IL US",94.0,65.0,38.0,0.0,10.0,10.0