crash_id,crash_datetime,crash_year,crash_month,crash_month_name,crash_weekday_name,crash_hour,time_period,posted_speed_limit_mph,traffic_control_device,reported_weather_condition,reported_lighting_condition,first_crash_type,trafficway_type,reported_road_surface_condition,crash_type,intersection_related,hit_and_run,estimated_damage,primary_contributory_cause,unit_count,most_severe_injury,injuries_total,injuries_fatal,latitude,longitude,zip5,weather_station_name,temperature_f,dew_point_f,relative_humidity_percent,precipitation_inches,visibility_miles,wind_speed_mph
crash_08359,2020-11-03 14:30:00,2020,11,Nov,Tue,14,Daytime,30,NO CONTROLS,CLEAR,DAYLIGHT,REAR END,NOT DIVIDED,DRY,INJURY AND / OR TOW DUE TO CRASH,,,"OVER $1,500",FOLLOWING TOO CLOSELY,2,"REPORTED, NOT EVIDENT",1,0,41.9958252449,-87.8050974542,60631,"CHICAGO OHARE INTERNATIONAL AIRPORT, IL US",69.0,35.0,29.0,0.0,10.0,14.0
crash_08360,2025-08-01 11:40:00,2025,8,Aug,Fri,11,Daytime,30,RAILROAD CROSSING GATE,CLEAR,DAYLIGHT,REAR END,NOT DIVIDED,DRY,INJURY AND / OR TOW DUE TO CRASH,,,"OVER $1,500",EQUIPMENT - VEHICLE CONDITION,2,NONINCAPACITATING INJURY,1,0,41.8559238267,-87.7344986438,60623,"CHICAGO MIDWAY AIRPORT, IL US",76.0,55.0,48.0,0.0,8.0,14.0
crash_08361,2018-08-07 18:50:00,2018,8,Aug,Tue,18,Evening commute,30,NO CONTROLS,CLEAR,DAYLIGHT,SIDESWIPE SAME DIRECTION,NOT DIVIDED,DRY,NO INJURY / DRIVE AWAY,,true,"$501 - $1,500",IMPROPER LANE USAGE,2,NO INDICATION OF INJURY,0,0,41.9759992077,-87.6694637897,60640,"CHICAGO OHARE INTERNATIONAL AIRPORT, IL US",71.0,65.0,81.0,0.0,10.0,8.0
crash_08362,2021-05-27 15:25:00,2021,5,May,Thu,15,Evening commute,30,NO CONTROLS,CLEAR,DAYLIGHT,SIDESWIPE SAME DIRECTION,NOT DIVIDED,DRY,NO INJURY / DRIVE AWAY,true,,"OVER $1,500",UNABLE TO DETERMINE,2,NO INDICATION OF INJURY,0,0,41.9298489966,-87.6846437835,60647,"CHICAGO MIDWAY AIRPORT, IL US",51.0,44.0,77.0,0.04,6.0,22.0
crash_08363,2020-07-22 22:00:00,2020,7,Jul,Wed,22,Night or early morning,30,NO CONTROLS,CLEAR,UNKNOWN,PARKED MOTOR VEHICLE,NOT DIVIDED,DRY,NO INJURY / DRIVE AWAY,,true,"OVER $1,500",UNABLE TO DETERMINE,2,NO INDICATION OF INJURY,0,0,41.6965109433,-87.6112629002,60628,"CHICAGO MIDWAY AIRPORT, IL US",77.0,61.0,58.0,0.0,10.0,6.0
crash_08364,2025-12-15 14:30:00,2025,12,Dec,Mon,14,Daytime,30,NO CONTROLS,CLOUDY/OVERCAST,DAYLIGHT,SIDESWIPE SAME DIRECTION,DIVIDED - W/MEDIAN (NOT RAISED),UNKNOWN,NO INJURY / DRIVE AWAY,,,"OVER $1,500",FAILING TO YIELD RIGHT-OF-WAY,2,NO INDICATION OF INJURY,0,0,41.8947847791,-87.6226058409,60611,,,,,,,
crash_08365,2019-12-24 09:15:00,2019,12,Dec,Tue,9,Morning commute,30,NO CONTROLS,CLEAR,DAYLIGHT,SIDESWIPE OPPOSITE DIRECTION,ONE-WAY,DRY,NO INJURY / DRIVE AWAY,,,"$501 - $1,500",IMPROPER OVERTAKING/PASSING,2,NO INDICATION OF INJURY,0,0,41.9985817727,-87.6815263586,60645,"CHICAGO OHARE INTERNATIONAL AIRPORT, IL US",34.0,34.0,100.0,,0.25,5.0
crash_08366,2018-03-11 10:00:00,2018,3,Mar,Sun,10,Daytime,20,TRAFFIC SIGNAL,CLEAR,DAYLIGHT,ANGLE,OTHER,DRY,INJURY AND / OR TOW DUE TO CRASH,true,,"OVER $1,500",DISREGARDING STOP SIGN,2,NO INDICATION OF INJURY,0,0,41.7619056431,-87.6185393335,60619,"CHICAGO MIDWAY AIRPORT, IL US",37.0,22.0,54.0,0.0,10.0,11.0
crash_08367,2021-09-10 12:00:00,2021,9,Sep,Fri,12,Daytime,25,NO CONTROLS,CLEAR,DAYLIGHT,REAR END,NOT DIVIDED,DRY,INJURY AND / OR TOW DUE TO CRASH,,true,"OVER $1,500",UNABLE TO DETERMINE,2,NONINCAPACITATING INJURY,1,0,41.8845347571,-87.7112517561,60624,"CHICAGO MIDWAY AIRPORT, IL US",78.0,49.0,36.0,0.0,10.0,10.0
crash_08368,2021-07-14 17:35:00,2021,7,Jul,Wed,17,Evening commute,30,TRAFFIC SIGNAL,CLEAR,DAYLIGHT,ANGLE,DIVIDED - W/MEDIAN BARRIER,DRY,NO INJURY / DRIVE AWAY,true,,"$501 - $1,500",IMPROPER LANE USAGE,2,NO INDICATION OF INJURY,0,0,41.8769380115,-87.6244366179,60605,"CHICAGO MIDWAY AIRPORT, IL US",81.0,67.0,62.0,0.0,10.0,9.0
crash_08369,2018-03-02 14:21:00,2018,3,Mar,Fri,14,Daytime,0,STOP SIGN/FLASHER,CLEAR,DAYLIGHT,ANGLE,DIVIDED - W/MEDIAN (NOT RAISED),DRY,INJURY AND / OR TOW DUE TO CRASH,true,,"OVER $1,500",UNABLE TO DETERMINE,2,NO INDICATION OF INJURY,0,0,41.890077898,-87.6477560898,60642,"CHICAGO MIDWAY AIRPORT, IL US",46.0,18.0,32.0,0.0,10.0,9.0
crash_08370,2023-01-21 11:29:00,2023,1,Jan,Sat,11,Daytime,40,NO CONTROLS,CLEAR,DAYLIGHT,REAR END,DIVIDED - W/MEDIAN BARRIER,DRY,INJURY AND / OR TOW DUE TO CRASH,,false,"OVER $1,500",FAILING TO REDUCE SPEED TO AVOID CRASH,2,NO INDICATION OF INJURY,0,0,41.8951786579,-87.6153802903,60611,"CHICAGO MIDWAY AIRPORT, IL US",30.0,23.0,75.0,0.0,10.0,9.0
crash_08371,2023-09-15 23:00:00,2023,9,Sep,Fri,23,Night or early morning,30,NO CONTROLS,CLEAR,"DARKNESS, LIGHTED ROAD",OTHER OBJECT,NOT DIVIDED,DRY,NO INJURY / DRIVE AWAY,,,$500 OR LESS,NOT APPLICABLE,1,NO INDICATION OF INJURY,0,0,41.9395759643,-87.6871600959,60618,"CHICAGO MIDWAY AIRPORT, IL US",67.0,54.0,63.0,0.0,10.0,7.0
crash_08372,2019-08-22 20:30:00,2019,8,Aug,Thu,20,Night or early morning,30,NO CONTROLS,CLEAR,"DARKNESS, LIGHTED ROAD",REAR END,NOT DIVIDED,DRY,NO INJURY / DRIVE AWAY,,,$500 OR LESS,FOLLOWING TOO CLOSELY,2,NO INDICATION OF INJURY,0,0,41.9036946068,-87.6522285877,60642,"CHICAGO MIDWAY AIRPORT, IL US",70.0,53.0,55.0,0.0,10.0,11.0
crash_08373,2019-05-28 18:50:00,2019,5,May,Tue,18,Evening commute,30,TRAFFIC SIGNAL,CLEAR,DARKNESS,REAR END,NOT DIVIDED,DRY,NO INJURY / DRIVE AWAY,true,true,"OVER $1,500",FOLLOWING TOO CLOSELY,3,NO INDICATION OF INJURY,0,0,41.91699995,-87.6594798879,60614,"CHICAGO MIDWAY AIRPORT, IL US",55.0,51.0,87.0,0.0,10.0,9.0
crash_08374,2019-09-25 16:20:00,2019,9,Sep,Wed,16,Evening commute,30,TRAFFIC SIGNAL,CLEAR,DAYLIGHT,TURNING,FOUR WAY,DRY,INJURY AND / OR TOW DUE TO CRASH,true,,"OVER $1,500",FAILING TO YIELD RIGHT-OF-WAY,2,NO INDICATION OF INJURY,0,0,41.8665138882,-87.705733599,60624,"CHICAGO MIDWAY AIRPORT, IL US",78.0,55.0,45.0,0.0,10.0,11.0
crash_08375,2025-11-09 01:50:00,2025,11,Nov,Sun,1,Night or early morning,30,TRAFFIC SIGNAL,RAIN,"DARKNESS, LIGHTED ROAD",ANGLE,NOT DIVIDED,WET,NO INJURY / DRIVE AWAY,true,,"OVER $1,500",UNABLE TO DETERMINE,2,NO INDICATION OF INJURY,0,0,41.7226027789,-87.5608678863,60617,,,,,,,
crash_08376,2022-11-21 05:30:00,2022,11,Nov,Mon,5,Night or early morning,35,STOP SIGN/FLASHER,CLEAR,"DARKNESS, LIGHTED ROAD",FIXED OBJECT,NOT DIVIDED,DRY,NO INJURY / DRIVE AWAY,,true,$500 OR LESS,"OPERATING VEHICLE IN ERRATIC, RECKLESS, CARELESS, NEGLIGENT OR AGGRESSIVE MANNER",1,NO INDICATION OF INJURY,0,0,41.7309440366,-87.6125287061,60619,"CHICAGO MIDWAY AIRPORT, IL US",33.0,14.0,45.0,0.0,10.0,16.0
crash_08377,2022-07-19 18:58:00,2022,7,Jul,Tue,18,Evening commute,30,TRAFFIC SIGNAL,CLEAR,DAYLIGHT,HEAD ON,NOT DIVIDED,DRY,INJURY AND / OR TOW DUE TO CRASH,,,"OVER $1,500",UNABLE TO DETERMINE,2,NO INDICATION OF INJURY,0,0,41.9461757339,-87.7469215602,60641,"CHICAGO OHARE INTERNATIONAL AIRPORT, IL US",85.0,65.0,51.0,0.0,10.0,10.0
crash_08378,2020-03-09 16:45:00,2020,3,Mar,Mon,16,Evening commute,30,TRAFFIC SIGNAL,RAIN,DAYLIGHT,TURNING,FOUR WAY,WET,NO INJURY / DRIVE AWAY,true,,"$501 - $1,500",UNABLE TO DETERMINE,2,NO INDICATION OF INJURY,0,0,41.8987896138,-87.74602339,60651,"CHICAGO MIDWAY AIRPORT, IL US",55.0,51.0,87.0,0.06,5.0,15.0
crash_08379,2019-06-06 18:25:00,2019,6,Jun,Thu,18,Evening commute,30,TRAFFIC SIGNAL,CLEAR,DAYLIGHT,SIDESWIPE SAME DIRECTION,NOT DIVIDED,DRY,NO INJURY / DRIVE AWAY,,true,"OVER $1,500",IMPROPER OVERTAKING/PASSING,2,NO INDICATION OF INJURY,0,0,41.9106951442,-87.6552300572,60642,"CHICAGO MIDWAY AIRPORT, IL US",70.0,61.0,73.0,0.0,10.0,9.0
crash_08380,2023-09-07 14:14:00,2023,9,Sep,Thu,14,Daytime,30,STOP SIGN/FLASHER,CLEAR,DAYLIGHT,PEDESTRIAN,DIVIDED - W/MEDIAN (NOT RAISED),DRY,INJURY AND / OR TOW DUE TO CRASH,,,$500 OR LESS,DISREGARDING STOP SIGN,2,NONINCAPACITATING INJURY,1,0,41.9767196985,-87.6925471944,60625,"CHICAGO OHARE INTERNATIONAL AIRPORT, IL US",69.0,58.0,68.0,0.0,10.0,6.0
crash_08381,2018-03-27 21:30:00,2018,3,Mar,Tue,21,Night or early morning,30,TRAFFIC SIGNAL,CLEAR,"DARKNESS, LIGHTED ROAD",REAR END,NOT DIVIDED,DRY,NO INJURY / DRIVE AWAY,,true,"OVER $1,500",UNABLE TO DETERMINE,2,NO INDICATION OF INJURY,0,0,41.90969567,-87.7491776073,60639,"CHICAGO MIDWAY AIRPORT, IL US",47.0,37.0,69.0,0.0,10.0,9.0
crash_08382,2024-07-26 22:00:00,2024,7,Jul,Fri,22,Night or early morning,15,NO CONTROLS,CLEAR,UNKNOWN,FIXED OBJECT,OTHER,UNKNOWN,NO INJURY / DRIVE AWAY,,,"OVER $1,500",UNABLE TO DETERMINE,4,NO INDICATION OF INJURY,0,0,41.8524092963,-87.6613109926,60608,"CHICAGO MIDWAY AIRPORT, IL US",74.0,62.0,67.0,0.0,10.0,8.0
crash_08383,2018-10-20 01:20:00,2018,10,Oct,Sat,1,Night or early morning,30,TRAFFIC SIGNAL,CLEAR,"DARKNESS, LIGHTED ROAD",SIDESWIPE SAME DIRECTION,ONE-WAY,DRY,NO INJURY / DRIVE AWAY,,,"OVER $1,500",DRIVING SKILLS/KNOWLEDGE/EXPERIENCE,2,NO INDICATION OF INJURY,0,0,41.8804671112,-87.7527681351,60644,"CHICAGO MIDWAY AIRPORT, IL US",50.0,46.0,86.0,0.0,10.0,8.0
crash_08384,2021-06-25 02:40:00,2021,6,Jun,Fri,2,Night or early morning,30,OTHER,CLEAR,"DARKNESS, LIGHTED ROAD",SIDESWIPE SAME DIRECTION,NOT DIVIDED,DRY,NO INJURY / DRIVE AWAY,,,"OVER $1,500",IMPROPER OVERTAKING/PASSING,2,NO INDICATION OF INJURY,0,0,41.8512944787,-87.6661668044,60608,"CHICAGO MIDWAY AIRPORT, IL US",71.0,66.0,84.0,0.01,8.0,6.0
crash_08385,2021-05-15 22:30:00,2021,5,May,Sat,22,Night or early morning,20,NO CONTROLS,CLEAR,"DARKNESS, LIGHTED ROAD",SIDESWIPE SAME DIRECTION,OTHER,DRY,NO INJURY / DRIVE AWAY,,,"OVER $1,500",ROAD ENGINEERING/SURFACE/MARKING DEFECTS,2,NO INDICATION OF INJURY,0,0,41.7576110609,-87.646796583,60620,"CHICAGO MIDWAY AIRPORT, IL US",59.0,44.0,58.0,0.0,10.0,5.0
crash_08386,2023-10-18 13:00:00,2023,10,Oct,Wed,13,Daytime,30,TRAFFIC SIGNAL,CLEAR,DAYLIGHT,TURNING,FOUR WAY,DRY,NO INJURY / DRIVE AWAY,,,"$501 - $1,500",IMPROPER TURNING/NO SIGNAL,2,NO INDICATION OF INJURY,0,0,41.883171112,-87.6245440168,60602,"CHICAGO MIDWAY AIRPORT, IL US",63.0,47.0,56.0,0.0,10.0,14.0
crash_08387,2023-01-07 17:05:00,2023,1,Jan,Sat,17,Evening commute,15,NO CONTROLS,CLEAR,"DARKNESS, LIGHTED ROAD",SIDESWIPE SAME DIRECTION,OTHER,DRY,NO INJURY / DRIVE AWAY,,,"OVER $1,500",FAILING TO YIELD RIGHT-OF-WAY,2,NO INDICATION OF INJURY,0,0,,,,,,,,,,
crash_08388,2021-07-12 07:30:00,2021,7,Jul,Mon,7,Morning commute,30,TRAFFIC SIGNAL,CLOUDY/OVERCAST,DAYLIGHT,REAR END,DIVIDED - W/MEDIAN (NOT RAISED),DRY,NO INJURY / DRIVE AWAY,true,,"OVER $1,500",FOLLOWING TOO CLOSELY,2,NO INDICATION OF INJURY,0,0,41.9380540729,-87.8163807574,60634,"CHICAGO OHARE INTERNATIONAL AIRPORT, IL US",68.0,64.0,87.0,,10.0,7.0
crash_08389,2025-06-01 17:40:00,2025,6,Jun,Sun,17,Evening commute,30,NO CONTROLS,CLEAR,DAYLIGHT,SIDESWIPE OPPOSITE DIRECTION,NOT DIVIDED,DRY,INJURY AND / OR TOW DUE TO CRASH,,,"OVER $1,500",EQUIPMENT - VEHICLE CONDITION,2,NO INDICATION OF INJURY,0,0,41.787925641,-87.7720318445,60638,"CHICAGO MIDWAY AIRPORT, IL US",63.0,31.0,30.0,0.0,10.0,8.0
crash_08390,2024-03-22 11:30:00,2024,3,Mar,Fri,11,Daytime,30,NO CONTROLS,CLEAR,DAYLIGHT,REAR END,NOT DIVIDED,WET,NO INJURY / DRIVE AWAY,,,"OVER $1,500",FOLLOWING TOO CLOSELY,2,NO INDICATION OF INJURY,0,0,42.0091926212,-87.673860242,60626,"CHICAGO OHARE INTERNATIONAL AIRPORT, IL US",36.0,26.0,67.0,0.0,10.0,8.0
crash_08391,2023-05-09 08:10:00,2023,5,May,Tue,8,Morning commute,15,NO CONTROLS,CLEAR,DAYLIGHT,REAR TO FRONT,ALLEY,DRY,INJURY AND / OR TOW DUE TO CRASH,true,,"OVER $1,500",IMPROPER BACKING,2,NONINCAPACITATING INJURY,1,0,41.885564701,-87.6468550832,60661,"CHICAGO MIDWAY AIRPORT, IL US",56.0,47.0,72.0,0.0,10.0,5.0
crash_08392,2024-07-31 14:00:00,2024,7,Jul,Wed,14,Daytime,25,NO CONTROLS,CLEAR,DAYLIGHT,TURNING,DIVIDED - W/MEDIAN (NOT RAISED),DRY,NO INJURY / DRIVE AWAY,true,,"OVER $1,500",FAILING TO YIELD RIGHT-OF-WAY,2,NO INDICATION OF INJURY,0,0,41.8132715982,-87.7239352143,60632,"CHICAGO MIDWAY AIRPORT, IL US",89.0,70.0,53.0,0.0,10.0,5.0
crash_08393,2020-08-15 21:40:00,2020,8,Aug,Sat,21,Night or early morning,30,NO CONTROLS,CLEAR,DARKNESS,TURNING,NOT DIVIDED,DRY,NO INJURY / DRIVE AWAY,,true,"OVER $1,500",FAILING TO YIELD RIGHT-OF-WAY,2,NO INDICATION OF INJURY,0,0,41.7644512128,-87.7053252994,60629,"CHICAGO MIDWAY AIRPORT, IL US",74.0,63.0,69.0,0.0,10.0,13.0
crash_08394,2024-10-12 05:53:00,2024,10,Oct,Sat,5,Night or early morning,30,NO CONTROLS,CLEAR,DUSK,PARKED MOTOR VEHICLE,DIVIDED - W/MEDIAN (NOT RAISED),DRY,INJURY AND / OR TOW DUE TO CRASH,,,"OVER $1,500",EQUIPMENT - VEHICLE CONDITION,2,NO INDICATION OF INJURY,0,0,41.9096870886,-87.733024031,60651,"CHICAGO MIDWAY AIRPORT, IL US",63.0,50.0,63.0,0.0,10.0,15.0
crash_08395,2025-08-14 17:53:00,2025,8,Aug,Thu,17,Evening commute,30,TRAFFIC SIGNAL,CLEAR,DAYLIGHT,REAR END,FOUR WAY,DRY,NO INJURY / DRIVE AWAY,true,false,"OVER $1,500",FOLLOWING TOO CLOSELY,2,NO INDICATION OF INJURY,0,0,41.7595636031,-87.6635610209,60636,"CHICAGO MIDWAY AIRPORT, IL US",81.0,56.0,42.0,0.0,10.0,10.0
crash_08396,2024-07-15 07:44:00,2024,7,Jul,Mon,7,Morning commute,30,STOP SIGN/FLASHER,CLEAR,DAYLIGHT,REAR END,DIVIDED - W/MEDIAN (NOT RAISED),WET,NO INJURY / DRIVE AWAY,,,"OVER $1,500",UNABLE TO DETERMINE,2,NO INDICATION OF INJURY,0,0,41.9084028084,-87.7068176218,60622,"CHICAGO MIDWAY AIRPORT, IL US",73.0,67.0,81.0,0.0,10.0,8.0
crash_08397,2024-07-11 03:15:00,2024,7,Jul,Thu,3,Night or early morning,15,NO CONTROLS,CLEAR,DARKNESS,FIXED OBJECT,PARKING LOT,DRY,NO INJURY / DRIVE AWAY,,,"OVER $1,500",UNABLE TO DETERMINE,1,NO INDICATION OF INJURY,0,0,41.757955949,-87.5796464769,60649,"CHICAGO MIDWAY AIRPORT, IL US",69.0,63.0,81.0,0.0,10.0,5.0
crash_08398,2021-02-25 15:30:00,2021,2,Feb,Thu,15,Evening commute,30,NO CONTROLS,CLEAR,DAYLIGHT,TURNING,NOT DIVIDED,DRY,NO INJURY / DRIVE AWAY,,true,"OVER $1,500",FAILING TO YIELD RIGHT-OF-WAY,2,NO INDICATION OF INJURY,0,0,41.7535330064,-87.7027057399,60652,"CHICAGO MIDWAY AIRPORT, IL US",39.0,21.0,48.0,0.0,10.0,9.0
crash_08399,2023-01-11 10:25:00,2023,1,Jan,Wed,10,Daytime,15,NO CONTROLS,CLEAR,DAYLIGHT,FIXED OBJECT,ALLEY,DRY,NO INJURY / DRIVE AWAY,,,"OVER $1,500",NOT APPLICABLE,1,NO INDICATION OF INJURY,0,0,41.9055850087,-87.7659250555,60651,"CHICAGO MIDWAY AIRPORT, IL US",49.0,37.0,64.0,0.0,10.0,6.0
crash_08400,2023-10-08 12:30:00,2023,10,Oct,Sun,12,Daytime,25,NO CONTROLS,CLOUDY/OVERCAST,DAYLIGHT,PARKED MOTOR VEHICLE,ONE-WAY,UNKNOWN,NO INJURY / DRIVE AWAY,,true,"OVER $1,500",DRIVING SKILLS/KNOWLEDGE/EXPERIENCE,2,NO INDICATION OF INJURY,0,0,41.9255739703,-87.7245040683,60647,"CHICAGO MIDWAY AIRPORT, IL US",55.0,34.0,45.0,0.0,10.0,10.0
crash_08401,2022-01-01 00:00:00,2022,1,Jan,Sat,0,Night or early morning,30,NO CONTROLS,UNKNOWN,DARKNESS,PARKED MOTOR VEHICLE,FOUR WAY,UNKNOWN,INJURY AND / OR TOW DUE TO CRASH,,true,"OVER $1,500",UNABLE TO DETERMINE,2,NO INDICATION OF INJURY,0,0,41.8784347037,-87.7491973366,60644,"CHICAGO MIDWAY AIRPORT, IL US",42.0,37.0,82.0,0.0,6.0,14.0
crash_08402,2024-06-01 20:30:00,2024,6,Jun,Sat,20,Night or early morning,30,NO CONTROLS,RAIN,"DARKNESS, LIGHTED ROAD",REAR TO REAR,PARKING LOT,WET,NO INJURY / DRIVE AWAY,,,"$501 - $1,500",IMPROPER BACKING,2,NO INDICATION OF INJURY,0,0,41.9022216243,-87.7677718455,60651,"CHICAGO MIDWAY AIRPORT, IL US",68.0,65.0,90.0,0.0,9.0,6.0
crash_08403,2019-10-26 17:52:00,2019,10,Oct,Sat,17,Evening commute,30,NO CONTROLS,RAIN,DARKNESS,TURNING,PARKING LOT,WET,INJURY AND / OR TOW DUE TO CRASH,,,"$501 - $1,500",IMPROPER TURNING/NO SIGNAL,2,NO INDICATION OF INJURY,0,0,41.8259328773,-87.6315371844,60609,"CHICAGO MIDWAY AIRPORT, IL US",48.0,47.0,96.0,0.45,1.75,21.0
crash_08404,2018-02-02 18:00:00,2018,2,Feb,Fri,18,Evening commute,30,NO CONTROLS,CLEAR,DAYLIGHT,TURNING,DIVIDED - W/MEDIAN (NOT RAISED),DRY,NO INJURY / DRIVE AWAY,,true,"OVER $1,500",UNABLE TO DETERMINE,2,NO INDICATION OF INJURY,0,0,41.7565813989,-87.6214230726,60619,"CHICAGO MIDWAY AIRPORT, IL US",19.0,-1.0,41.0,0.0,10.0,10.0
crash_08405,2021-05-08 18:40:00,2021,5,May,Sat,18,Evening commute,30,NO CONTROLS,CLEAR,DAYLIGHT,PARKED MOTOR VEHICLE,PARKING LOT,DRY,NO INJURY / DRIVE AWAY,,true,"OVER $1,500",FAILING TO REDUCE SPEED TO AVOID CRASH,2,NO INDICATION OF INJURY,0,0,41.7546601244,-87.7413847586,60652,"CHICAGO MIDWAY AIRPORT, IL US",48.0,29.0,48.0,0.0,10.0,14.0
crash_08406,2023-09-13 07:20:00,2023,9,Sep,Wed,7,Morning commute,30,STOP SIGN/FLASHER,CLEAR,DAYLIGHT,ANGLE,FOUR WAY,DRY,INJURY AND / OR TOW DUE TO CRASH,true,,"OVER $1,500",FAILING TO YIELD RIGHT-OF-WAY,2,NONINCAPACITATING INJURY,1,0,41.9568386318,-87.7733834862,60634,"CHICAGO OHARE INTERNATIONAL AIRPORT, IL US",56.0,52.0,87.0,0.0,10.0,3.0
crash_08407,2025-01-12 04:54:00,2025,1,Jan,Sun,4,Night or early morning,30,STOP SIGN/FLASHER,CLEAR,"DARKNESS, LIGHTED ROAD",TURNING,T-INTERSECTION,DRY,NO INJURY / DRIVE AWAY,,,$500 OR LESS,UNDER THE INFLUENCE OF ALCOHOL/DRUGS (USE WHEN ARREST IS EFFECTED),2,NO INDICATION OF INJURY,0,0,41.9221286821,-87.7608580703,60639,"CHICAGO OHARE INTERNATIONAL AIRPORT, IL US",29.0,23.0,78.0,0.0,8.0,15.0
crash_08408,2025-05-21 13:15:00,2025,5,May,Wed,13,Daytime,15,NO CONTROLS,RAIN,DARKNESS,FIXED OBJECT,PARKING LOT,WET,NO INJURY / DRIVE AWAY,,,"$501 - $1,500","VISION OBSCURED (SIGNS, TREE LIMBS, BUILDINGS, ETC.)",1,NO INDICATION OF INJURY,0,0,41.8735987784,-87.7037360133,60612,"CHICAGO MIDWAY AIRPORT, IL US",52.0,48.0,86.0,0.01,9.0,10.0
crash_08409,2021-08-31 00:03:00,2021,8,Aug,Tue,0,Night or early morning,30,TRAFFIC SIGNAL,CLEAR,DARKNESS,PARKED MOTOR VEHICLE,CENTER TURN LANE,DRY,INJURY AND / OR TOW DUE TO CRASH,,true,"OVER $1,500","OPERATING VEHICLE IN ERRATIC, RECKLESS, CARELESS, NEGLIGENT OR AGGRESSIVE MANNER",2,NO INDICATION OF INJURY,0,0,41.9401367714,-87.6452109855,60657,"CHICAGO MIDWAY AIRPORT, IL US",75.0,59.0,58.0,0.0,10.0,5.0
crash_08410,2019-07-08 02:00:00,2019,7,Jul,Mon,2,Night or early morning,20,NO CONTROLS,CLEAR,"DARKNESS, LIGHTED ROAD",PARKED MOTOR VEHICLE,ONE-WAY,DRY,NO INJURY / DRIVE AWAY,,true,"OVER $1,500",UNABLE TO DETERMINE,2,NO INDICATION OF INJURY,0,0,41.9104342454,-87.7301624185,60639,"CHICAGO MIDWAY AIRPORT, IL US",67.0,49.0,53.0,0.0,10.0,7.0
crash_08411,2023-02-17 08:00:00,2023,2,Feb,Fri,8,Morning commute,15,NO CONTROLS,SNOW,DAYLIGHT,TURNING,NOT DIVIDED,ICE,NO INJURY / DRIVE AWAY,,,"OVER $1,500",UNABLE TO DETERMINE,2,NO INDICATION OF INJURY,0,0,41.9293075474,-87.6450291327,60614,"CHICAGO MIDWAY AIRPORT, IL US",20.0,10.0,65.0,0.0,10.0,16.0
crash_08412,2023-04-13 19:15:00,2023,4,Apr,Thu,19,Night or early morning,30,NO CONTROLS,CLEAR,DUSK,REAR END,NOT DIVIDED,DRY,INJURY AND / OR TOW DUE TO CRASH,,,"OVER $1,500",FOLLOWING TOO CLOSELY,2,"REPORTED, NOT EVIDENT",1,0,41.8871314977,-87.6867345924,60612,"CHICAGO MIDWAY AIRPORT, IL US",80.0,36.0,20.0,0.0,10.0,11.0
crash_08413,2023-01-06 05:02:00,2023,1,Jan,Fri,5,Night or early morning,30,NO CONTROLS,CLEAR,"DARKNESS, LIGHTED ROAD",PARKED MOTOR VEHICLE,NOT DIVIDED,DRY,INJURY AND / OR TOW DUE TO CRASH,,,"OVER $1,500",UNABLE TO DETERMINE,2,NO INDICATION OF INJURY,0,0,41.8221826385,-87.6947855415,60632,"CHICAGO MIDWAY AIRPORT, IL US",32.0,27.0,82.0,0.0,9.0,11.0
crash_08414,2019-12-12 09:43:00,2019,12,Dec,Thu,9,Morning commute,30,TRAFFIC SIGNAL,CLEAR,DAYLIGHT,SIDESWIPE SAME DIRECTION,NOT DIVIDED,DRY,INJURY AND / OR TOW DUE TO CRASH,,,"OVER $1,500",UNABLE TO DETERMINE,2,"REPORTED, NOT EVIDENT",1,0,41.9538931601,-87.6909334682,60618,"CHICAGO MIDWAY AIRPORT, IL US",34.0,23.0,64.0,0.0,10.0,13.0
crash_08415,2025-10-14 13:00:00,2025,10,Oct,Tue,13,Daytime,25,NO CONTROLS,CLEAR,DAYLIGHT,REAR END,NOT DIVIDED,DRY,NO INJURY / DRIVE AWAY,,,"OVER $1,500",UNABLE TO DETERMINE,2,NO INDICATION OF INJURY,0,0,41.8519714342,-87.7227932076,60623,,,,,,,
crash_08416,2019-07-20 11:30:00,2019,7,Jul,Sat,11,Daytime,30,TRAFFIC SIGNAL,CLEAR,DAYLIGHT,REAR END,FOUR WAY,DRY,INJURY AND / OR TOW DUE TO CRASH,true,,"OVER $1,500",NOT APPLICABLE,7,NONINCAPACITATING INJURY,1,0,41.6776031411,-87.6626183739,60643,"CHICAGO MIDWAY AIRPORT, IL US",91.0,79.0,68.0,0.0,10.0,16.0
crash_08417,2019-08-27 14:00:00,2019,8,Aug,Tue,14,Daytime,30,NO CONTROLS,CLEAR,DAYLIGHT,ANGLE,NOT DIVIDED,DRY,INJURY AND / OR TOW DUE TO CRASH,,,"OVER $1,500",DRIVING SKILLS/KNOWLEDGE/EXPERIENCE,2,NONINCAPACITATING INJURY,1,0,41.9098297115,-87.7386109591,60639,"CHICAGO MIDWAY AIRPORT, IL US",78.0,61.0,56.0,0.0,10.0,10.0