crash_id,crash_datetime,crash_year,crash_month,crash_month_name,crash_weekday_name,crash_hour,time_period,posted_speed_limit_mph,traffic_control_device,reported_weather_condition,reported_lighting_condition,first_crash_type,trafficway_type,reported_road_surface_condition,crash_type,intersection_related,hit_and_run,estimated_damage,primary_contributory_cause,unit_count,most_severe_injury,injuries_total,injuries_fatal,latitude,longitude,zip5,weather_station_name,temperature_f,dew_point_f,relative_humidity_percent,precipitation_inches,visibility_miles,wind_speed_mph
crash_08418,2025-07-19 18:15:00,2025,7,Jul,Sat,18,Evening commute,30,NO CONTROLS,CLEAR,DAYLIGHT,REAR END,DIVIDED - W/MEDIAN (NOT RAISED),DRY,NO INJURY / DRIVE AWAY,,true,"$501 - $1,500","OPERATING VEHICLE IN ERRATIC, RECKLESS, CARELESS, NEGLIGENT OR AGGRESSIVE MANNER",2,NO INDICATION OF INJURY,0,0,41.7710678219,-87.6735429732,60636,"CHICAGO MIDWAY AIRPORT, IL US",85.0,68.0,57.0,0.0,10.0,11.0
crash_08419,2022-12-09 09:33:00,2022,12,Dec,Fri,9,Morning commute,30,NO CONTROLS,RAIN,DAYLIGHT,SIDESWIPE SAME DIRECTION,NOT DIVIDED,WET,NO INJURY / DRIVE AWAY,,,"OVER $1,500",DRIVING SKILLS/KNOWLEDGE/EXPERIENCE,2,NO INDICATION OF INJURY,0,0,41.8802365439,-87.7572203921,60644,"CHICAGO MIDWAY AIRPORT, IL US",37.0,35.0,93.0,0.03,6.0,17.0
crash_08420,2024-04-12 18:30:00,2024,4,Apr,Fri,18,Evening commute,30,NO CONTROLS,CLEAR,DAYLIGHT,ANGLE,NOT DIVIDED,DRY,NO INJURY / DRIVE AWAY,,,"OVER $1,500",FAILING TO YIELD RIGHT-OF-WAY,2,NO INDICATION OF INJURY,0,0,41.7650852053,-87.6448925057,60621,"CHICAGO MIDWAY AIRPORT, IL US",55.0,41.0,59.0,0.01,10.0,11.0
crash_08421,2022-01-30 08:30:00,2022,1,Jan,Sun,8,Morning commute,30,STOP SIGN/FLASHER,CLEAR,DAYLIGHT,ANGLE,NOT DIVIDED,DRY,NO INJURY / DRIVE AWAY,true,,"$501 - $1,500",FAILING TO YIELD RIGHT-OF-WAY,2,NO INDICATION OF INJURY,0,0,41.7074699982,-87.6107665048,60628,"CHICAGO MIDWAY AIRPORT, IL US",20.0,12.0,71.0,0.0,10.0,8.0
crash_08422,2019-07-28 00:00:00,2019,7,Jul,Sun,0,Night or early morning,30,NO CONTROLS,UNKNOWN,UNKNOWN,PARKED MOTOR VEHICLE,NOT DIVIDED,UNKNOWN,INJURY AND / OR TOW DUE TO CRASH,,true,"OVER $1,500",UNABLE TO DETERMINE,2,NO INDICATION OF INJURY,0,0,41.8996875948,-87.6618813425,60642,"CHICAGO MIDWAY AIRPORT, IL US",78.0,65.0,64.0,,10.0,9.0
crash_08423,2018-05-22 14:30:00,2018,5,May,Tue,14,Daytime,30,NO CONTROLS,CLEAR,DAYLIGHT,SIDESWIPE SAME DIRECTION,DIVIDED - W/MEDIAN BARRIER,DRY,NO INJURY / DRIVE AWAY,,,"OVER $1,500",IMPROPER LANE USAGE,2,NO INDICATION OF INJURY,0,0,41.7508989247,-87.7412748177,60652,"CHICAGO MIDWAY AIRPORT, IL US",64.0,55.0,73.0,,7.0,7.0
crash_08424,2020-08-22 18:40:00,2020,8,Aug,Sat,18,Evening commute,10,NO CONTROLS,CLEAR,UNKNOWN,FIXED OBJECT,PARKING LOT,DRY,INJURY AND / OR TOW DUE TO CRASH,,,"OVER $1,500",UNABLE TO DETERMINE,1,NONINCAPACITATING INJURY,1,0,41.8743096245,-87.6666408822,60612,"CHICAGO MIDWAY AIRPORT, IL US",83.0,59.0,44.0,0.0,10.0,11.0
crash_08425,2024-03-01 12:41:00,2024,3,Mar,Fri,12,Daytime,30,NO CONTROLS,CLEAR,DAYLIGHT,SIDESWIPE SAME DIRECTION,NOT DIVIDED,DRY,INJURY AND / OR TOW DUE TO CRASH,,,"OVER $1,500",FAILING TO YIELD RIGHT-OF-WAY,2,NONINCAPACITATING INJURY,1,0,41.987784007,-87.7789939698,60646,"CHICAGO OHARE INTERNATIONAL AIRPORT, IL US",44.0,19.0,37.0,0.0,10.0,11.0
crash_08426,2025-08-18 13:08:00,2025,8,Aug,Mon,13,Daytime,20,NO CONTROLS,CLEAR,DAYLIGHT,PEDESTRIAN,NOT DIVIDED,DRY,INJURY AND / OR TOW DUE TO CRASH,,,$500 OR LESS,FAILING TO YIELD RIGHT-OF-WAY,2,NONINCAPACITATING INJURY,1,0,41.9386514521,-87.7690711638,60634,"CHICAGO OHARE INTERNATIONAL AIRPORT, IL US",81.0,72.0,74.0,0.0,10.0,11.0
crash_08427,2022-03-12 01:53:00,2022,3,Mar,Sat,1,Night or early morning,30,TRAFFIC SIGNAL,CLEAR,"DARKNESS, LIGHTED ROAD",ANGLE,FOUR WAY,DRY,INJURY AND / OR TOW DUE TO CRASH,true,,"OVER $1,500",FAILING TO YIELD RIGHT-OF-WAY,2,INCAPACITATING INJURY,1,0,41.8808342998,-87.7257965972,60624,"CHICAGO MIDWAY AIRPORT, IL US",16.0,-1.0,47.0,0.0,10.0,15.0
crash_08428,2019-02-24 15:00:00,2019,2,Feb,Sun,15,Evening commute,30,TRAFFIC SIGNAL,CLEAR,DAYLIGHT,TURNING,ONE-WAY,DRY,NO INJURY / DRIVE AWAY,true,true,$500 OR LESS,FAILING TO REDUCE SPEED TO AVOID CRASH,2,NO INDICATION OF INJURY,0,0,41.7946443947,-87.6314065367,60609,"CHICAGO MIDWAY AIRPORT, IL US",28.0,16.0,60.0,0.0,10.0,38.0
crash_08429,2025-07-04 19:20:00,2025,7,Jul,Fri,19,Night or early morning,30,TRAFFIC SIGNAL,CLEAR,DAYLIGHT,SIDESWIPE SAME DIRECTION,NOT DIVIDED,DRY,NO INJURY / DRIVE AWAY,,,"OVER $1,500",IMPROPER OVERTAKING/PASSING,2,NO INDICATION OF INJURY,0,0,41.8856392632,-87.6289762369,60601,"CHICAGO MIDWAY AIRPORT, IL US",90.0,64.0,42.0,0.0,10.0,13.0
crash_08430,2019-07-12 14:15:00,2019,7,Jul,Fri,14,Daytime,30,NO CONTROLS,CLEAR,DAYLIGHT,SIDESWIPE SAME DIRECTION,NOT DIVIDED,DRY,NO INJURY / DRIVE AWAY,,,"$501 - $1,500",UNABLE TO DETERMINE,2,NO INDICATION OF INJURY,0,0,41.9684339232,-87.7878665625,60630,"CHICAGO OHARE INTERNATIONAL AIRPORT, IL US",82.0,56.0,41.0,0.0,10.0,8.0
crash_08431,2021-04-11 15:00:00,2021,4,Apr,Sun,15,Evening commute,30,UNKNOWN,CLEAR,DAYLIGHT,REAR TO SIDE,NOT DIVIDED,DRY,NO INJURY / DRIVE AWAY,,,"OVER $1,500",DISREGARDING STOP SIGN,2,NO INDICATION OF INJURY,0,0,41.9104354203,-87.6735657863,60622,"CHICAGO MIDWAY AIRPORT, IL US",53.0,41.0,64.0,0.0,10.0,3.0
crash_08432,2024-06-10 18:43:00,2024,6,Jun,Mon,18,Evening commute,30,STOP SIGN/FLASHER,CLEAR,DAYLIGHT,REAR END,NOT DIVIDED,DRY,NO INJURY / DRIVE AWAY,,,"OVER $1,500",FAILING TO REDUCE SPEED TO AVOID CRASH,2,NO INDICATION OF INJURY,0,0,41.893399136,-87.6940276532,60612,"CHICAGO MIDWAY AIRPORT, IL US",64.0,35.0,34.0,0.0,10.0,9.0
crash_08433,2019-11-29 14:00:00,2019,11,Nov,Fri,14,Daytime,15,NO CONTROLS,CLEAR,DAYLIGHT,REAR TO SIDE,PARKING LOT,DRY,NO INJURY / DRIVE AWAY,,,"OVER $1,500",UNABLE TO DETERMINE,2,NO INDICATION OF INJURY,0,0,41.7363347132,-87.6286452216,60620,"CHICAGO MIDWAY AIRPORT, IL US",39.0,34.0,82.0,0.0,8.0,6.0
crash_08434,2022-09-06 17:00:00,2022,9,Sep,Tue,17,Evening commute,30,NO CONTROLS,CLEAR,DAYLIGHT,SIDESWIPE SAME DIRECTION,DIVIDED - W/MEDIAN (NOT RAISED),DRY,NO INJURY / DRIVE AWAY,,,"OVER $1,500",UNABLE TO DETERMINE,2,NO INDICATION OF INJURY,0,0,41.9541184058,-87.7382317361,60641,"CHICAGO OHARE INTERNATIONAL AIRPORT, IL US",78.0,62.0,58.0,0.0,10.0,7.0
crash_08435,2024-01-18 08:34:00,2024,1,Jan,Thu,8,Morning commute,25,UNKNOWN,CLEAR,DAYLIGHT,REAR END,DIVIDED - W/MEDIAN (NOT RAISED),DRY,NO INJURY / DRIVE AWAY,,,"OVER $1,500",UNABLE TO DETERMINE,2,NO INDICATION OF INJURY,0,0,41.9392100697,-87.7088187145,60618,"CHICAGO MIDWAY AIRPORT, IL US",22.0,13.0,68.0,0.0,10.0,0.0
crash_08436,2025-04-10 16:55:00,2025,4,Apr,Thu,16,Evening commute,30,STOP SIGN/FLASHER,CLEAR,DAYLIGHT,ANGLE,FOUR WAY,DRY,INJURY AND / OR TOW DUE TO CRASH,true,,"OVER $1,500",UNABLE TO DETERMINE,2,NO INDICATION OF INJURY,0,0,41.7771007881,-87.7029475419,60629,"CHICAGO MIDWAY AIRPORT, IL US",44.0,33.0,65.0,0.0,10.0,11.0
crash_08437,2018-08-12 01:45:00,2018,8,Aug,Sun,1,Night or early morning,25,NO CONTROLS,CLEAR,"DARKNESS, LIGHTED ROAD",REAR END,ONE-WAY,DRY,NO INJURY / DRIVE AWAY,,true,"OVER $1,500",FOLLOWING TOO CLOSELY,2,NO INDICATION OF INJURY,0,0,41.8480976206,-87.7193785741,60623,"CHICAGO MIDWAY AIRPORT, IL US",74.0,63.0,69.0,0.0,10.0,0.0
crash_08438,2018-01-06 11:59:00,2018,1,Jan,Sat,11,Daytime,30,TRAFFIC SIGNAL,CLEAR,DAYLIGHT,ANGLE,NOT DIVIDED,DRY,INJURY AND / OR TOW DUE TO CRASH,,,"OVER $1,500",UNABLE TO DETERMINE,4,NO INDICATION OF INJURY,0,0,41.8876722207,-87.6205739399,60601,"CHICAGO MIDWAY AIRPORT, IL US",14.0,-4.0,44.0,0.0,10.0,6.0
crash_08439,2023-04-12 14:13:00,2023,4,Apr,Wed,14,Daytime,30,STOP SIGN/FLASHER,CLEAR,DAYLIGHT,ANGLE,FOUR WAY,DRY,INJURY AND / OR TOW DUE TO CRASH,true,,"OVER $1,500",UNABLE TO DETERMINE,2,NO INDICATION OF INJURY,0,0,41.7674771765,-87.6154518101,60637,"CHICAGO MIDWAY AIRPORT, IL US",81.0,42.0,25.0,0.0,10.0,23.0
crash_08440,2019-02-14 17:14:00,2019,2,Feb,Thu,17,Evening commute,30,TRAFFIC SIGNAL,CLEAR,DUSK,PEDESTRIAN,ONE-WAY,WET,INJURY AND / OR TOW DUE TO CRASH,,,$500 OR LESS,UNABLE TO DETERMINE,2,NONINCAPACITATING INJURY,1,0,41.8794989008,-87.6334631904,60603,"CHICAGO MIDWAY AIRPORT, IL US",45.0,37.0,74.0,0.0,10.0,10.0
crash_08441,2019-07-16 09:00:00,2019,7,Jul,Tue,9,Morning commute,30,NO CONTROLS,CLEAR,DAYLIGHT,REAR END,NOT DIVIDED,DRY,NO INJURY / DRIVE AWAY,,,$500 OR LESS,UNABLE TO DETERMINE,2,NO INDICATION OF INJURY,0,0,41.7586726977,-87.5846445426,60649,"CHICAGO MIDWAY AIRPORT, IL US",75.0,73.0,94.0,,10.0,8.0
crash_08442,2023-09-11 12:46:00,2023,9,Sep,Mon,12,Daytime,30,UNKNOWN,RAIN,DAYLIGHT,ANGLE,NOT DIVIDED,WET,INJURY AND / OR TOW DUE TO CRASH,,,"$501 - $1,500",UNABLE TO DETERMINE,2,NO INDICATION OF INJURY,0,0,41.7513296877,-87.6089354188,60619,"CHICAGO MIDWAY AIRPORT, IL US",66.0,64.0,93.0,0.03,3.0,5.0
crash_08443,2022-03-04 21:30:00,2022,3,Mar,Fri,21,Night or early morning,15,NO CONTROLS,CLEAR,DARKNESS,PARKED MOTOR VEHICLE,DIVIDED - W/MEDIAN (NOT RAISED),DRY,NO INJURY / DRIVE AWAY,,,"$501 - $1,500",UNABLE TO DETERMINE,2,NO INDICATION OF INJURY,0,0,41.8993283401,-87.6235301721,60611,"CHICAGO MIDWAY AIRPORT, IL US",42.0,21.0,43.0,0.0,10.0,10.0
crash_08444,2022-07-27 11:03:00,2022,7,Jul,Wed,11,Daytime,30,NO CONTROLS,CLEAR,DAYLIGHT,SIDESWIPE SAME DIRECTION,DIVIDED - W/MEDIAN (NOT RAISED),DRY,NO INJURY / DRIVE AWAY,,,"$501 - $1,500",UNABLE TO DETERMINE,2,NO INDICATION OF INJURY,0,0,41.9929061826,-87.8002014848,60631,"CHICAGO OHARE INTERNATIONAL AIRPORT, IL US",77.0,66.0,69.0,0.0,10.0,14.0
crash_08445,2023-07-23 15:30:00,2023,7,Jul,Sun,15,Evening commute,20,TRAFFIC SIGNAL,CLEAR,DAYLIGHT,REAR END,CENTER TURN LANE,UNKNOWN,NO INJURY / DRIVE AWAY,,,"OVER $1,500",FAILING TO YIELD RIGHT-OF-WAY,2,NO INDICATION OF INJURY,0,0,41.9461980296,-87.732306651,60641,"CHICAGO OHARE INTERNATIONAL AIRPORT, IL US",81.0,61.0,51.0,0.0,10.0,8.0
crash_08446,2021-01-12 16:05:00,2021,1,Jan,Tue,16,Evening commute,30,NO CONTROLS,CLEAR,DAYLIGHT,ANGLE,NOT DIVIDED,DRY,INJURY AND / OR TOW DUE TO CRASH,,,"OVER $1,500",FAILING TO YIELD RIGHT-OF-WAY,2,NO INDICATION OF INJURY,0,0,41.6894319268,-87.6630144739,60643,"CHICAGO MIDWAY AIRPORT, IL US",37.0,27.0,67.0,0.0,10.0,14.0
crash_08447,2021-03-03 18:20:00,2021,3,Mar,Wed,18,Evening commute,30,TRAFFIC SIGNAL,CLEAR,"DARKNESS, LIGHTED ROAD",PEDALCYCLIST,ONE-WAY,DRY,NO INJURY / DRIVE AWAY,true,,"OVER $1,500",UNABLE TO DETERMINE,2,NO INDICATION OF INJURY,0,0,41.7790935491,-87.6886680867,60629,"CHICAGO MIDWAY AIRPORT, IL US",48.0,29.0,48.0,0.0,10.0,7.0
crash_08448,2025-01-26 20:41:00,2025,1,Jan,Sun,20,Night or early morning,30,TRAFFIC SIGNAL,CLEAR,"DARKNESS, LIGHTED ROAD",ANGLE,FOUR WAY,DRY,INJURY AND / OR TOW DUE TO CRASH,true,,"OVER $1,500",DISREGARDING TRAFFIC SIGNALS,2,NONINCAPACITATING INJURY,1,0,41.8742388499,-87.6442832498,60607,"CHICAGO MIDWAY AIRPORT, IL US",25.0,9.0,50.0,0.0,10.0,7.0
crash_08449,2023-01-18 22:00:00,2023,1,Jan,Wed,22,Night or early morning,30,TRAFFIC SIGNAL,RAIN,"DARKNESS, LIGHTED ROAD",PEDESTRIAN,FOUR WAY,WET,INJURY AND / OR TOW DUE TO CRASH,true,,$500 OR LESS,FAILING TO REDUCE SPEED TO AVOID CRASH,2,"REPORTED, NOT EVIDENT",1,0,41.9401520755,-87.6445257003,60657,"CHICAGO MIDWAY AIRPORT, IL US",38.0,35.0,89.0,0.04,4.0,22.0
crash_08450,2025-06-25 21:09:00,2025,6,Jun,Wed,21,Night or early morning,30,NO CONTROLS,CLEAR,"DARKNESS, LIGHTED ROAD",REAR END,ONE-WAY,DRY,INJURY AND / OR TOW DUE TO CRASH,,true,"OVER $1,500",UNABLE TO DETERMINE,6,INCAPACITATING INJURY,2,0,41.8747774035,-87.6979176089,60612,"CHICAGO MIDWAY AIRPORT, IL US",77.0,69.0,77.0,0.0,10.0,6.0
crash_08451,2020-03-25 08:45:00,2020,3,Mar,Wed,8,Morning commute,30,TRAFFIC SIGNAL,CLEAR,DAYLIGHT,ANGLE,FOUR WAY,DRY,NO INJURY / DRIVE AWAY,true,,"OVER $1,500",FAILING TO REDUCE SPEED TO AVOID CRASH,2,NO INDICATION OF INJURY,0,0,41.8079929327,-87.7236491204,60632,"CHICAGO MIDWAY AIRPORT, IL US",40.0,37.0,89.0,0.0,5.0,5.0
crash_08452,2022-03-30 07:35:00,2022,3,Mar,Wed,7,Morning commute,30,NO CONTROLS,CLEAR,DAYLIGHT,TURNING,NOT DIVIDED,DRY,INJURY AND / OR TOW DUE TO CRASH,,,"OVER $1,500",FAILING TO YIELD RIGHT-OF-WAY,2,NO INDICATION OF INJURY,0,0,41.6923229272,-87.6544199098,60643,"CHICAGO MIDWAY AIRPORT, IL US",51.0,38.0,61.0,0.0,10.0,15.0
crash_08453,2021-09-20 16:00:00,2021,9,Sep,Mon,16,Evening commute,15,SCHOOL ZONE,CLEAR,DAYLIGHT,SIDESWIPE OPPOSITE DIRECTION,NOT DIVIDED,DRY,NO INJURY / DRIVE AWAY,,true,"OVER $1,500",DRIVING ON WRONG SIDE/WRONG WAY,2,NO INDICATION OF INJURY,0,0,41.7056787858,-87.6041074906,60628,"CHICAGO MIDWAY AIRPORT, IL US",83.0,65.0,55.0,0.0,10.0,15.0
crash_08454,2020-09-16 10:45:00,2020,9,Sep,Wed,10,Daytime,35,NO CONTROLS,CLEAR,DAYLIGHT,REAR END,NOT DIVIDED,DRY,NO INJURY / DRIVE AWAY,,true,"OVER $1,500",IMPROPER LANE USAGE,2,NO INDICATION OF INJURY,0,0,41.8825381113,-87.6279973543,60602,"CHICAGO MIDWAY AIRPORT, IL US",73.0,58.0,59.0,0.0,10.0,11.0
crash_08455,2023-06-01 14:30:00,2023,6,Jun,Thu,14,Daytime,35,TRAFFIC SIGNAL,CLEAR,DAYLIGHT,SIDESWIPE SAME DIRECTION,DIVIDED - W/MEDIAN (NOT RAISED),DRY,NO INJURY / DRIVE AWAY,true,,"OVER $1,500",IMPROPER OVERTAKING/PASSING,2,NO INDICATION OF INJURY,0,0,41.7362094694,-87.6243055191,60620,"CHICAGO MIDWAY AIRPORT, IL US",88.0,60.0,39.0,0.0,10.0,11.0
crash_08456,2023-01-17 15:00:00,2023,1,Jan,Tue,15,Evening commute,30,NO CONTROLS,UNKNOWN,UNKNOWN,PARKED MOTOR VEHICLE,NOT DIVIDED,UNKNOWN,NO INJURY / DRIVE AWAY,,true,"OVER $1,500",UNABLE TO DETERMINE,2,NO INDICATION OF INJURY,0,0,41.8932076508,-87.6819962027,60612,"CHICAGO MIDWAY AIRPORT, IL US",39.0,32.0,76.0,0.0,10.0,20.0
crash_08457,2023-12-10 09:30:00,2023,12,Dec,Sun,9,Morning commute,30,STOP SIGN/FLASHER,CLEAR,DAYLIGHT,SIDESWIPE SAME DIRECTION,DIVIDED - W/MEDIAN (NOT RAISED),DRY,NO INJURY / DRIVE AWAY,true,true,"OVER $1,500",IMPROPER OVERTAKING/PASSING,2,NO INDICATION OF INJURY,0,0,41.9292630499,-87.7855013011,60639,"CHICAGO OHARE INTERNATIONAL AIRPORT, IL US",35.0,27.0,72.0,0.0,10.0,13.0
crash_08458,2023-05-22 23:45:00,2023,5,May,Mon,23,Night or early morning,30,NO CONTROLS,CLEAR,"DARKNESS, LIGHTED ROAD",PARKED MOTOR VEHICLE,NOT DIVIDED,DRY,INJURY AND / OR TOW DUE TO CRASH,,,"OVER $1,500",UNABLE TO DETERMINE,3,NO INDICATION OF INJURY,0,0,41.9679656861,-87.7083117361,60625,"CHICAGO OHARE INTERNATIONAL AIRPORT, IL US",63.0,41.0,45.0,0.0,10.0,6.0
crash_08459,2025-04-11 15:52:00,2025,4,Apr,Fri,15,Evening commute,30,TRAFFIC SIGNAL,CLEAR,DAYLIGHT,SIDESWIPE SAME DIRECTION,NOT DIVIDED,DRY,NO INJURY / DRIVE AWAY,,true,"$501 - $1,500",UNABLE TO DETERMINE,2,NO INDICATION OF INJURY,0,0,41.8444939237,-87.714850931,60623,"CHICAGO MIDWAY AIRPORT, IL US",52.0,23.0,32.0,0.0,10.0,10.0
crash_08460,2021-08-22 01:00:00,2021,8,Aug,Sun,1,Night or early morning,20,NO CONTROLS,CLEAR,UNKNOWN,PARKED MOTOR VEHICLE,ONE-WAY,DRY,NO INJURY / DRIVE AWAY,,true,"OVER $1,500",UNABLE TO DETERMINE,2,NO INDICATION OF INJURY,0,0,41.9232047472,-87.7216959739,60647,"CHICAGO MIDWAY AIRPORT, IL US",77.0,71.0,82.0,0.0,10.0,6.0
crash_08461,2025-02-15 14:20:00,2025,2,Feb,Sat,14,Daytime,30,UNKNOWN,UNKNOWN,UNKNOWN,SIDESWIPE SAME DIRECTION,DIVIDED - W/MEDIAN BARRIER,UNKNOWN,NO INJURY / DRIVE AWAY,,true,"OVER $1,500",FAILING TO YIELD RIGHT-OF-WAY,2,NO INDICATION OF INJURY,0,0,41.8846320758,-87.6222479911,60601,"CHICAGO MIDWAY AIRPORT, IL US",33.0,26.0,75.0,0.0,10.0,7.0
crash_08462,2022-05-28 21:30:00,2022,5,May,Sat,21,Night or early morning,30,UNKNOWN,UNKNOWN,UNKNOWN,PARKED MOTOR VEHICLE,NOT DIVIDED,UNKNOWN,NO INJURY / DRIVE AWAY,,true,"OVER $1,500",IMPROPER LANE USAGE,2,NO INDICATION OF INJURY,0,0,41.920831463,-87.71702116,60647,"CHICAGO MIDWAY AIRPORT, IL US",71.0,54.0,55.0,0.0,10.0,11.0
crash_08463,2021-02-05 09:00:00,2021,2,Feb,Fri,9,Morning commute,30,TRAFFIC SIGNAL,CLEAR,DAYLIGHT,REAR END,DIVIDED - W/MEDIAN (NOT RAISED),DRY,NO INJURY / DRIVE AWAY,,true,"OVER $1,500",UNABLE TO DETERMINE,2,NO INDICATION OF INJURY,0,0,41.7929943849,-87.7418060289,60629,"CHICAGO MIDWAY AIRPORT, IL US",14.0,2.0,58.0,0.0,10.0,24.0
crash_08464,2023-09-13 20:19:00,2023,9,Sep,Wed,20,Night or early morning,15,NO CONTROLS,CLEAR,DUSK,TURNING,PARKING LOT,DRY,NO INJURY / DRIVE AWAY,,,"$501 - $1,500",UNABLE TO DETERMINE,2,NO INDICATION OF INJURY,0,0,42.0188878562,-87.6847217484,60645,"CHICAGO OHARE INTERNATIONAL AIRPORT, IL US",63.0,50.0,63.0,0.0,10.0,8.0
crash_08465,2023-05-25 07:03:00,2023,5,May,Thu,7,Morning commute,30,UNKNOWN,UNKNOWN,UNKNOWN,PARKED MOTOR VEHICLE,NOT DIVIDED,UNKNOWN,NO INJURY / DRIVE AWAY,,,"OVER $1,500",UNABLE TO DETERMINE,2,NO INDICATION OF INJURY,0,0,41.9380320176,-87.6509900653,60657,"CHICAGO MIDWAY AIRPORT, IL US",51.0,31.0,46.0,0.0,10.0,11.0
crash_08466,2023-09-20 17:05:00,2023,9,Sep,Wed,17,Evening commute,30,TRAFFIC SIGNAL,CLEAR,DAYLIGHT,ANGLE,DIVIDED - W/MEDIAN (NOT RAISED),DRY,NO INJURY / DRIVE AWAY,true,,"OVER $1,500",UNABLE TO DETERMINE,2,NO INDICATION OF INJURY,0,0,41.953203301,-87.756048735,60641,"CHICAGO OHARE INTERNATIONAL AIRPORT, IL US",78.0,59.0,52.0,0.0,10.0,7.0
crash_08467,2018-12-27 18:54:00,2018,12,Dec,Thu,18,Evening commute,30,STOP SIGN/FLASHER,RAIN,"DARKNESS, LIGHTED ROAD",TURNING,DIVIDED - W/MEDIAN (NOT RAISED),WET,INJURY AND / OR TOW DUE TO CRASH,true,,"OVER $1,500",UNABLE TO DETERMINE,2,NO INDICATION OF INJURY,0,0,41.8550127226,-87.6633820263,60608,"CHICAGO MIDWAY AIRPORT, IL US",50.0,49.0,96.0,0.01,5.0,11.0
crash_08468,2023-01-21 11:30:00,2023,1,Jan,Sat,11,Daytime,30,NO CONTROLS,CLEAR,DAYLIGHT,TURNING,NOT DIVIDED,DRY,INJURY AND / OR TOW DUE TO CRASH,,,"OVER $1,500",FAILING TO YIELD RIGHT-OF-WAY,2,"REPORTED, NOT EVIDENT",3,0,41.6777603931,-87.6536621376,60643,"CHICAGO MIDWAY AIRPORT, IL US",30.0,23.0,75.0,0.0,10.0,9.0
crash_08469,2018-12-20 16:00:00,2018,12,Dec,Thu,16,Evening commute,30,TRAFFIC SIGNAL,CLEAR,DAYLIGHT,TURNING,DIVIDED - W/MEDIAN BARRIER,DRY,NO INJURY / DRIVE AWAY,,,"OVER $1,500",NOT APPLICABLE,2,NO INDICATION OF INJURY,0,0,41.7949100567,-87.6159156878,60615,"CHICAGO MIDWAY AIRPORT, IL US",48.0,44.0,86.0,0.0,8.0,5.0
crash_08470,2021-09-26 14:56:00,2021,9,Sep,Sun,14,Daytime,20,NO CONTROLS,CLEAR,DAYLIGHT,REAR TO FRONT,NOT DIVIDED,DRY,NO INJURY / DRIVE AWAY,,,"OVER $1,500",IMPROPER BACKING,2,NO INDICATION OF INJURY,0,0,41.9650384693,-87.6394972784,60640,"CHICAGO MIDWAY AIRPORT, IL US",84.0,42.0,23.0,0.0,10.0,20.0
crash_08471,2021-04-16 22:30:00,2021,4,Apr,Fri,22,Night or early morning,30,STOP SIGN/FLASHER,CLEAR,DARKNESS,REAR END,NOT DIVIDED,DRY,INJURY AND / OR TOW DUE TO CRASH,,true,"OVER $1,500",FOLLOWING TOO CLOSELY,2,"REPORTED, NOT EVIDENT",1,0,41.8731284748,-87.7493597166,60644,"CHICAGO MIDWAY AIRPORT, IL US",41.0,33.0,73.0,0.0,10.0,5.0
crash_08472,2018-11-26 09:50:00,2018,11,Nov,Mon,9,Morning commute,30,TRAFFIC SIGNAL,SNOW,DAYLIGHT,REAR END,NOT DIVIDED,SNOW OR SLUSH,NO INJURY / DRIVE AWAY,true,,$500 OR LESS,WEATHER,2,NO INDICATION OF INJURY,0,0,41.8442210021,-87.7344090207,60623,"CHICAGO MIDWAY AIRPORT, IL US",28.0,22.0,78.0,0.0,10.0,24.0
crash_08473,2022-11-03 14:20:00,2022,11,Nov,Thu,14,Daytime,30,TRAFFIC SIGNAL,CLEAR,DAYLIGHT,TURNING,FOUR WAY,DRY,INJURY AND / OR TOW DUE TO CRASH,true,true,"OVER $1,500",DISREGARDING OTHER TRAFFIC SIGNS,2,"REPORTED, NOT EVIDENT",1,0,41.8740893295,-87.6766045617,60612,"CHICAGO MIDWAY AIRPORT, IL US",74.0,48.0,40.0,0.0,10.0,20.0
crash_08474,2025-05-29 15:45:00,2025,5,May,Thu,15,Evening commute,45,TRAFFIC SIGNAL,CLEAR,DAYLIGHT,TURNING,DIVIDED - W/MEDIAN BARRIER,DRY,NO INJURY / DRIVE AWAY,,,"$501 - $1,500",FOLLOWING TOO CLOSELY,2,NO INDICATION OF INJURY,0,0,41.8784445153,-87.6170550926,60603,"CHICAGO MIDWAY AIRPORT, IL US",69.0,49.0,49.0,0.0,10.0,7.0
crash_08475,2019-01-01 22:10:00,2019,1,Jan,Tue,22,Night or early morning,30,TRAFFIC SIGNAL,CLEAR,"DARKNESS, LIGHTED ROAD",TURNING,DIVIDED - W/MEDIAN (NOT RAISED),DRY,INJURY AND / OR TOW DUE TO CRASH,true,,"OVER $1,500",FAILING TO YIELD RIGHT-OF-WAY,4,NO INDICATION OF INJURY,0,0,41.7369631273,-87.5758627085,60617,"CHICAGO MIDWAY AIRPORT, IL US",27.0,24.0,89.0,0.0,3.0,5.0
crash_08476,2022-12-21 15:45:00,2022,12,Dec,Wed,15,Evening commute,15,NO CONTROLS,CLOUDY/OVERCAST,DAYLIGHT,PARKED MOTOR VEHICLE,PARKING LOT,DRY,NO INJURY / DRIVE AWAY,,true,"$501 - $1,500",UNABLE TO DETERMINE,2,NO INDICATION OF INJURY,0,0,41.7063128446,-87.6997671192,60655,"CHICAGO MIDWAY AIRPORT, IL US",31.0,23.0,72.0,,8.0,7.0
crash_08477,2022-01-25 00:10:00,2022,1,Jan,Tue,0,Night or early morning,20,TRAFFIC SIGNAL,SNOW,"DARKNESS, LIGHTED ROAD",ANGLE,NOT DIVIDED,WET,INJURY AND / OR TOW DUE TO CRASH,true,true,"OVER $1,500",FAILING TO YIELD RIGHT-OF-WAY,2,NO INDICATION OF INJURY,0,0,41.8893187111,-87.6281526679,60654,"CHICAGO MIDWAY AIRPORT, IL US",13.0,3.0,64.0,0.0,10.0,10.0