crash_id,crash_datetime,crash_year,crash_month,crash_month_name,crash_weekday_name,crash_hour,time_period,posted_speed_limit_mph,traffic_control_device,reported_weather_condition,reported_lighting_condition,first_crash_type,trafficway_type,reported_road_surface_condition,crash_type,intersection_related,hit_and_run,estimated_damage,primary_contributory_cause,unit_count,most_severe_injury,injuries_total,injuries_fatal,latitude,longitude,zip5,weather_station_name,temperature_f,dew_point_f,relative_humidity_percent,precipitation_inches,visibility_miles,wind_speed_mph
crash_08478,2022-07-11 14:00:00,2022,7,Jul,Mon,14,Daytime,30,NO CONTROLS,CLEAR,DAYLIGHT,REAR END,NOT DIVIDED,DRY,INJURY AND / OR TOW DUE TO CRASH,,,"OVER $1,500",UNABLE TO DETERMINE,2,"REPORTED, NOT EVIDENT",1,0,41.7506614079,-87.6500449265,60620,"CHICAGO MIDWAY AIRPORT, IL US",83.0,68.0,61.0,,10.0,13.0
crash_08479,2020-12-22 10:22:00,2020,12,Dec,Tue,10,Daytime,30,TRAFFIC SIGNAL,CLEAR,DAYLIGHT,REAR END,NOT DIVIDED,DRY,NO INJURY / DRIVE AWAY,,,$500 OR LESS,UNABLE TO DETERMINE,2,NO INDICATION OF INJURY,0,0,41.6927627012,-87.618138939,60628,"CHICAGO MIDWAY AIRPORT, IL US",36.0,25.0,64.0,0.0,10.0,6.0
crash_08480,2019-05-24 22:30:00,2019,5,May,Fri,22,Night or early morning,15,NO CONTROLS,CLEAR,"DARKNESS, LIGHTED ROAD",REAR TO SIDE,PARKING LOT,DRY,NO INJURY / DRIVE AWAY,true,,"OVER $1,500",IMPROPER BACKING,2,NO INDICATION OF INJURY,0,0,41.89261824,-87.6261603485,60611,"CHICAGO MIDWAY AIRPORT, IL US",71.0,65.0,81.0,,10.0,5.0
crash_08481,2020-05-31 17:10:00,2020,5,May,Sun,17,Evening commute,30,TRAFFIC SIGNAL,CLEAR,DAYLIGHT,REAR END,NOT DIVIDED,DRY,NO INJURY / DRIVE AWAY,true,,"OVER $1,500",FAILING TO REDUCE SPEED TO AVOID CRASH,2,NO INDICATION OF INJURY,0,0,41.960744909,-87.7866742564,60630,"CHICAGO OHARE INTERNATIONAL AIRPORT, IL US",68.0,39.0,35.0,0.0,10.0,10.0
crash_08482,2022-04-16 13:00:00,2022,4,Apr,Sat,13,Daytime,20,STOP SIGN/FLASHER,CLEAR,DAYLIGHT,ANGLE,NOT DIVIDED,DRY,INJURY AND / OR TOW DUE TO CRASH,,true,"OVER $1,500",FAILING TO YIELD RIGHT-OF-WAY,2,NONINCAPACITATING INJURY,1,0,41.6920950269,-87.5977846185,60628,"CHICAGO MIDWAY AIRPORT, IL US",46.0,25.0,44.0,0.0,10.0,11.0
crash_08483,2021-09-24 13:15:00,2021,9,Sep,Fri,13,Daytime,30,NO CONTROLS,CLEAR,DAYLIGHT,ANGLE,NOT DIVIDED,DRY,NO INJURY / DRIVE AWAY,,true,"$501 - $1,500",NOT APPLICABLE,2,NO INDICATION OF INJURY,0,0,41.8016700348,-87.7039383619,60632,"CHICAGO MIDWAY AIRPORT, IL US",76.0,43.0,31.0,0.0,10.0,16.0
crash_08484,2020-10-24 02:35:00,2020,10,Oct,Sat,2,Night or early morning,30,NO CONTROLS,CLEAR,"DARKNESS, LIGHTED ROAD",PARKED MOTOR VEHICLE,DIVIDED - W/MEDIAN (NOT RAISED),DRY,INJURY AND / OR TOW DUE TO CRASH,,true,"OVER $1,500",UNABLE TO DETERMINE,3,NO INDICATION OF INJURY,0,0,41.9029413965,-87.7658297498,60651,"CHICAGO MIDWAY AIRPORT, IL US",38.0,29.0,70.0,0.0,10.0,9.0
crash_08485,2021-01-16 11:40:00,2021,1,Jan,Sat,11,Daytime,20,NO CONTROLS,FREEZING RAIN/DRIZZLE,DAYLIGHT,PARKED MOTOR VEHICLE,ONE-WAY,WET,NO INJURY / DRIVE AWAY,,,$500 OR LESS,EQUIPMENT - VEHICLE CONDITION,2,NO INDICATION OF INJURY,0,0,41.9575469247,-87.6905923229,60618,"CHICAGO OHARE INTERNATIONAL AIRPORT, IL US",36.0,31.0,82.0,0.0,10.0,10.0
crash_08486,2022-09-18 01:00:00,2022,9,Sep,Sun,1,Night or early morning,30,TRAFFIC SIGNAL,CLEAR,"DARKNESS, LIGHTED ROAD",REAR END,FOUR WAY,DRY,NO INJURY / DRIVE AWAY,true,true,"$501 - $1,500",FAILING TO REDUCE SPEED TO AVOID CRASH,2,NO INDICATION OF INJURY,0,0,41.8755326521,-87.6338038912,60607,"CHICAGO MIDWAY AIRPORT, IL US",77.0,59.0,54.0,0.0,10.0,16.0
crash_08487,2025-08-10 20:43:00,2025,8,Aug,Sun,20,Night or early morning,30,UNKNOWN,CLEAR,"DARKNESS, LIGHTED ROAD",PARKED MOTOR VEHICLE,NOT DIVIDED,DRY,NO INJURY / DRIVE AWAY,,,"OVER $1,500",UNABLE TO DETERMINE,2,NO INDICATION OF INJURY,0,0,41.7807271102,-87.6157824196,60637,"CHICAGO MIDWAY AIRPORT, IL US",85.0,69.0,59.0,0.0,10.0,10.0
crash_08488,2019-05-05 20:02:00,2019,5,May,Sun,20,Night or early morning,30,NO CONTROLS,CLEAR,DUSK,FIXED OBJECT,DIVIDED - W/MEDIAN (NOT RAISED),DRY,INJURY AND / OR TOW DUE TO CRASH,,,"OVER $1,500",UNABLE TO DETERMINE,1,NO INDICATION OF INJURY,0,0,41.7881505208,-87.6840246853,60629,"CHICAGO MIDWAY AIRPORT, IL US",69.0,46.0,44.0,0.0,10.0,6.0
crash_08489,2020-07-16 18:51:00,2020,7,Jul,Thu,18,Evening commute,30,NO CONTROLS,CLEAR,DAYLIGHT,PARKED MOTOR VEHICLE,NOT DIVIDED,DRY,INJURY AND / OR TOW DUE TO CRASH,,,"OVER $1,500",PHYSICAL CONDITION OF DRIVER,5,NO INDICATION OF INJURY,0,0,41.932266333,-87.6890651069,60618,"CHICAGO MIDWAY AIRPORT, IL US",77.0,64.0,64.0,0.0,10.0,8.0
crash_08490,2025-11-13 23:00:00,2025,11,Nov,Thu,23,Night or early morning,30,UNKNOWN,CLEAR,DUSK,SIDESWIPE SAME DIRECTION,NOT DIVIDED,DRY,NO INJURY / DRIVE AWAY,true,true,"$501 - $1,500",UNABLE TO DETERMINE,2,NO INDICATION OF INJURY,0,0,41.8779147522,-87.6473882814,60607,,,,,,,
crash_08491,2023-12-14 07:30:00,2023,12,Dec,Thu,7,Morning commute,30,NO CONTROLS,CLEAR,DAYLIGHT,PARKED MOTOR VEHICLE,NOT DIVIDED,DRY,NO INJURY / DRIVE AWAY,,true,$500 OR LESS,UNABLE TO DETERMINE,2,NO INDICATION OF INJURY,0,0,41.7055889989,-87.6566233768,60643,"CHICAGO MIDWAY AIRPORT, IL US",34.0,22.0,61.0,0.0,10.0,5.0
crash_08492,2021-04-07 18:10:00,2021,4,Apr,Wed,18,Evening commute,30,TRAFFIC SIGNAL,CLEAR,DAYLIGHT,SIDESWIPE SAME DIRECTION,NOT DIVIDED,DRY,NO INJURY / DRIVE AWAY,true,true,"$501 - $1,500",IMPROPER OVERTAKING/PASSING,2,NO INDICATION OF INJURY,0,0,41.8008956363,-87.6941441217,60632,"CHICAGO MIDWAY AIRPORT, IL US",76.0,54.0,47.0,0.0,10.0,5.0
crash_08493,2020-08-21 00:10:00,2020,8,Aug,Fri,0,Night or early morning,35,STOP SIGN/FLASHER,CLEAR,"DARKNESS, LIGHTED ROAD",PEDESTRIAN,FOUR WAY,DRY,INJURY AND / OR TOW DUE TO CRASH,true,true,$500 OR LESS,UNABLE TO DETERMINE,2,INCAPACITATING INJURY,1,0,41.7660980604,-87.5951896387,60637,"CHICAGO MIDWAY AIRPORT, IL US",73.0,56.0,55.0,0.0,10.0,3.0
crash_08494,2021-05-20 13:25:00,2021,5,May,Thu,13,Daytime,30,STOP SIGN/FLASHER,CLEAR,DAYLIGHT,SIDESWIPE SAME DIRECTION,ONE-WAY,DRY,NO INJURY / DRIVE AWAY,,true,"$501 - $1,500",FAILING TO YIELD RIGHT-OF-WAY,2,NO INDICATION OF INJURY,0,0,41.8717314703,-87.7637293239,60644,"CHICAGO MIDWAY AIRPORT, IL US",84.0,56.0,38.0,0.0,10.0,18.0
crash_08495,2025-04-07 18:25:00,2025,4,Apr,Mon,18,Evening commute,30,TRAFFIC SIGNAL,CLEAR,DAYLIGHT,REAR END,FOUR WAY,DRY,INJURY AND / OR TOW DUE TO CRASH,,true,"$501 - $1,500",UNABLE TO DETERMINE,2,"REPORTED, NOT EVIDENT",3,0,41.7514606032,-87.585971993,60619,"CHICAGO MIDWAY AIRPORT, IL US",36.0,21.0,55.0,0.0,10.0,15.0
crash_08496,2025-01-25 20:11:00,2025,1,Jan,Sat,20,Night or early morning,30,TRAFFIC SIGNAL,CLEAR,"DARKNESS, LIGHTED ROAD",ANGLE,NOT DIVIDED,DRY,INJURY AND / OR TOW DUE TO CRASH,true,,"OVER $1,500",FAILING TO YIELD RIGHT-OF-WAY,2,NONINCAPACITATING INJURY,2,0,41.8915229935,-87.6357204249,60654,"CHICAGO MIDWAY AIRPORT, IL US",36.0,19.0,50.0,0.0,10.0,17.0
crash_08497,2021-11-04 13:41:00,2021,11,Nov,Thu,13,Daytime,30,NO CONTROLS,CLEAR,DAYLIGHT,SIDESWIPE SAME DIRECTION,OTHER,DRY,NO INJURY / DRIVE AWAY,,true,"$501 - $1,500",NOT APPLICABLE,2,NO INDICATION OF INJURY,0,0,41.7535391836,-87.7026045185,60652,"CHICAGO MIDWAY AIRPORT, IL US",47.0,22.0,37.0,0.0,10.0,7.0
crash_08498,2022-10-27 07:40:00,2022,10,Oct,Thu,7,Morning commute,30,TRAFFIC SIGNAL,CLEAR,DAYLIGHT,PEDESTRIAN,FOUR WAY,DRY,INJURY AND / OR TOW DUE TO CRASH,true,,$500 OR LESS,FAILING TO YIELD RIGHT-OF-WAY,2,NONINCAPACITATING INJURY,1,0,41.8934730528,-87.6226001116,60611,"CHICAGO MIDWAY AIRPORT, IL US",45.0,37.0,74.0,0.0,10.0,7.0
crash_08499,2021-11-28 23:35:00,2021,11,Nov,Sun,23,Night or early morning,30,TRAFFIC SIGNAL,CLEAR,"DARKNESS, LIGHTED ROAD",ANGLE,NOT DIVIDED,DRY,INJURY AND / OR TOW DUE TO CRASH,true,,"OVER $1,500",UNABLE TO DETERMINE,2,NONINCAPACITATING INJURY,1,0,41.7348993211,-87.7212933983,60652,"CHICAGO MIDWAY AIRPORT, IL US",28.0,13.0,53.0,0.0,10.0,6.0
crash_08500,2022-01-15 01:52:00,2022,1,Jan,Sat,1,Night or early morning,30,NO CONTROLS,SNOW,"DARKNESS, LIGHTED ROAD",PARKED MOTOR VEHICLE,NOT DIVIDED,WET,NO INJURY / DRIVE AWAY,,true,"OVER $1,500",PHYSICAL CONDITION OF DRIVER,2,NO INDICATION OF INJURY,0,0,41.8932820257,-87.6352038233,60654,"CHICAGO MIDWAY AIRPORT, IL US",26.0,21.0,81.0,0.0,3.0,15.0
crash_08501,2021-10-23 15:10:00,2021,10,Oct,Sat,15,Evening commute,30,TRAFFIC SIGNAL,CLEAR,DAYLIGHT,PEDESTRIAN,T-INTERSECTION,DRY,INJURY AND / OR TOW DUE TO CRASH,true,true,"OVER $1,500",FAILING TO YIELD RIGHT-OF-WAY,2,NONINCAPACITATING INJURY,1,0,41.6758965588,-87.6419907812,60643,"CHICAGO MIDWAY AIRPORT, IL US",56.0,27.0,33.0,0.0,10.0,6.0
crash_08502,2018-03-27 13:40:00,2018,3,Mar,Tue,13,Daytime,0,NO CONTROLS,CLEAR,DAYLIGHT,SIDESWIPE SAME DIRECTION,DIVIDED - W/MEDIAN (NOT RAISED),DRY,NO INJURY / DRIVE AWAY,,,"OVER $1,500",DRIVING SKILLS/KNOWLEDGE/EXPERIENCE,2,NO INDICATION OF INJURY,0,0,41.802341317,-87.5893724357,60615,"CHICAGO MIDWAY AIRPORT, IL US",50.0,44.0,80.0,,10.0,11.0
crash_08503,2023-04-11 22:03:00,2023,4,Apr,Tue,22,Night or early morning,30,TRAFFIC SIGNAL,CLEAR,"DARKNESS, LIGHTED ROAD",SIDESWIPE SAME DIRECTION,T-INTERSECTION,DRY,NO INJURY / DRIVE AWAY,true,true,$500 OR LESS,UNABLE TO DETERMINE,2,NO INDICATION OF INJURY,0,0,42.0118962214,-87.7877317277,60646,"CHICAGO OHARE INTERNATIONAL AIRPORT, IL US",69.0,45.0,42.0,0.0,10.0,7.0
crash_08504,2019-05-02 20:30:00,2019,5,May,Thu,20,Night or early morning,30,TRAFFIC SIGNAL,CLEAR,"DARKNESS, LIGHTED ROAD",SIDESWIPE SAME DIRECTION,NOT DIVIDED,DRY,NO INJURY / DRIVE AWAY,,true,"OVER $1,500",FAILING TO YIELD RIGHT-OF-WAY,2,NO INDICATION OF INJURY,0,0,41.9541965362,-87.6834759709,60618,"CHICAGO MIDWAY AIRPORT, IL US",44.0,42.0,93.0,0.0,6.0,10.0
crash_08505,2020-03-24 10:17:00,2020,3,Mar,Tue,10,Daytime,30,TRAFFIC SIGNAL,CLEAR,DAYLIGHT,REAR END,DIVIDED - W/MEDIAN BARRIER,DRY,NO INJURY / DRIVE AWAY,true,,"$501 - $1,500",UNABLE TO DETERMINE,2,NO INDICATION OF INJURY,0,0,41.9131860784,-87.6327010523,60614,"CHICAGO MIDWAY AIRPORT, IL US",39.0,34.0,82.0,0.0,7.0,13.0
crash_08506,2019-01-13 06:00:00,2019,1,Jan,Sun,6,Morning commute,30,NO CONTROLS,SNOW,DAWN,FIXED OBJECT,DIVIDED - W/MEDIAN BARRIER,SNOW OR SLUSH,INJURY AND / OR TOW DUE TO CRASH,,,"OVER $1,500",WEATHER,2,NO INDICATION OF INJURY,0,0,41.7370580147,-87.5678413315,60617,"CHICAGO MIDWAY AIRPORT, IL US",30.0,23.0,75.0,0.0,10.0,14.0
crash_08507,2020-11-24 18:25:00,2020,11,Nov,Tue,18,Evening commute,20,STOP SIGN/FLASHER,RAIN,"DARKNESS, LIGHTED ROAD",REAR END,NOT DIVIDED,WET,NO INJURY / DRIVE AWAY,,,"$501 - $1,500",FOLLOWING TOO CLOSELY,2,NO INDICATION OF INJURY,0,0,41.8829602837,-87.6647198949,60607,"CHICAGO MIDWAY AIRPORT, IL US",44.0,37.0,76.0,0.01,7.0,10.0
crash_08508,2023-12-31 00:06:00,2023,12,Dec,Sun,0,Night or early morning,30,NO CONTROLS,CLEAR,"DARKNESS, LIGHTED ROAD",REAR END,OTHER,DRY,INJURY AND / OR TOW DUE TO CRASH,,true,"OVER $1,500",UNABLE TO DETERMINE,4,NO INDICATION OF INJURY,0,0,41.7341906789,-87.6460310432,60620,"CHICAGO MIDWAY AIRPORT, IL US",38.0,32.0,79.0,0.0,10.0,9.0
crash_08509,2025-05-08 18:05:00,2025,5,May,Thu,18,Evening commute,30,TRAFFIC SIGNAL,CLEAR,DAYLIGHT,TURNING,FOUR WAY,DRY,NO INJURY / DRIVE AWAY,true,,"OVER $1,500",FAILING TO YIELD RIGHT-OF-WAY,2,NO INDICATION OF INJURY,0,0,41.9756954582,-87.708533186,60625,"CHICAGO OHARE INTERNATIONAL AIRPORT, IL US",52.0,36.0,55.0,0.0,10.0,23.0
crash_08510,2019-08-03 11:00:00,2019,8,Aug,Sat,11,Daytime,30,NO CONTROLS,CLEAR,DAYLIGHT,PEDESTRIAN,TRAFFIC ROUTE,DRY,NO INJURY / DRIVE AWAY,true,,$500 OR LESS,FAILING TO YIELD RIGHT-OF-WAY,2,NO INDICATION OF INJURY,0,0,41.9585570437,-87.6531148233,60613,"CHICAGO MIDWAY AIRPORT, IL US",81.0,55.0,41.0,0.0,10.0,3.0
crash_08511,2021-09-14 19:30:00,2021,9,Sep,Tue,19,Night or early morning,30,NO CONTROLS,CLEAR,DAYLIGHT,ANGLE,DIVIDED - W/MEDIAN (NOT RAISED),DRY,NO INJURY / DRIVE AWAY,,,"OVER $1,500",UNABLE TO DETERMINE,2,NO INDICATION OF INJURY,0,0,41.7931876717,-87.6841696908,60629,"CHICAGO MIDWAY AIRPORT, IL US",73.0,54.0,51.0,0.0,10.0,16.0
crash_08512,2024-04-12 08:49:00,2024,4,Apr,Fri,8,Morning commute,25,STOP SIGN/FLASHER,CLEAR,DAYLIGHT,REAR END,NOT DIVIDED,DRY,NO INJURY / DRIVE AWAY,,,"OVER $1,500",NOT APPLICABLE,2,NO INDICATION OF INJURY,0,0,41.9647082256,-87.7275344961,60625,"CHICAGO OHARE INTERNATIONAL AIRPORT, IL US",53.0,41.0,64.0,0.0,10.0,20.0
crash_08513,2022-11-16 10:22:00,2022,11,Nov,Wed,10,Daytime,30,TRAFFIC SIGNAL,RAIN,DAYLIGHT,ANGLE,FOUR WAY,WET,INJURY AND / OR TOW DUE TO CRASH,true,,"OVER $1,500",DISREGARDING TRAFFIC SIGNALS,2,"REPORTED, NOT EVIDENT",2,0,41.6922347231,-87.6631842891,60643,"CHICAGO MIDWAY AIRPORT, IL US",34.0,31.0,89.0,0.0,4.0,10.0
crash_08514,2025-03-14 13:48:00,2025,3,Mar,Fri,13,Daytime,30,NO CONTROLS,CLEAR,DAYLIGHT,PEDALCYCLIST,NOT DIVIDED,DRY,INJURY AND / OR TOW DUE TO CRASH,,,$500 OR LESS,UNABLE TO DETERMINE,2,NONINCAPACITATING INJURY,1,0,41.9391730926,-87.7295234275,60641,"CHICAGO OHARE INTERNATIONAL AIRPORT, IL US",77.0,51.0,40.0,0.0,10.0,28.0
crash_08515,2024-01-17 15:30:00,2024,1,Jan,Wed,15,Evening commute,30,STOP SIGN/FLASHER,CLEAR,DAWN,REAR END,NOT DIVIDED,UNKNOWN,NO INJURY / DRIVE AWAY,,,"OVER $1,500",FOLLOWING TOO CLOSELY,2,NO INDICATION OF INJURY,0,0,41.921739546,-87.6620472593,60614,"CHICAGO MIDWAY AIRPORT, IL US",19.0,6.0,57.0,0.0,10.0,16.0
crash_08516,2025-06-05 14:20:00,2025,6,Jun,Thu,14,Daytime,10,NO CONTROLS,CLEAR,DAYLIGHT,PARKED MOTOR VEHICLE,PARKING LOT,DRY,NO INJURY / DRIVE AWAY,,true,"OVER $1,500",UNABLE TO DETERMINE,2,NO INDICATION OF INJURY,0,0,41.9310210058,-87.6768640181,60614,"CHICAGO MIDWAY AIRPORT, IL US",68.0,56.0,65.0,0.0,7.0,16.0
crash_08517,2023-11-04 17:20:00,2023,11,Nov,Sat,17,Evening commute,25,NO CONTROLS,UNKNOWN,UNKNOWN,PEDALCYCLIST,ALLEY,UNKNOWN,INJURY AND / OR TOW DUE TO CRASH,,,$500 OR LESS,UNABLE TO DETERMINE,2,"REPORTED, NOT EVIDENT",1,0,41.8642743821,-87.6466890712,60607,"CHICAGO MIDWAY AIRPORT, IL US",53.0,42.0,66.0,0.0,10.0,8.0
crash_08518,2019-12-21 18:10:00,2019,12,Dec,Sat,18,Evening commute,30,NO CONTROLS,CLEAR,"DARKNESS, LIGHTED ROAD",PARKED MOTOR VEHICLE,NOT DIVIDED,DRY,NO INJURY / DRIVE AWAY,,,"OVER $1,500","OPERATING VEHICLE IN ERRATIC, RECKLESS, CARELESS, NEGLIGENT OR AGGRESSIVE MANNER",2,NO INDICATION OF INJURY,0,0,41.8022605699,-87.5890043476,60615,"CHICAGO MIDWAY AIRPORT, IL US",42.0,31.0,65.0,0.0,10.0,7.0
crash_08519,2023-07-17 16:00:00,2023,7,Jul,Mon,16,Evening commute,30,TRAFFIC SIGNAL,CLEAR,DAYLIGHT,TURNING,NOT DIVIDED,DRY,NO INJURY / DRIVE AWAY,true,,"OVER $1,500",UNABLE TO DETERMINE,2,NO INDICATION OF INJURY,0,0,41.7516362692,-87.5663781214,60617,"CHICAGO MIDWAY AIRPORT, IL US",79.0,50.0,36.0,0.0,10.0,13.0
crash_08520,2022-03-05 23:47:00,2022,3,Mar,Sat,23,Night or early morning,30,NO CONTROLS,RAIN,"DARKNESS, LIGHTED ROAD",PEDALCYCLIST,NOT DIVIDED,WET,NO INJURY / DRIVE AWAY,,true,$500 OR LESS,UNABLE TO DETERMINE,2,NO INDICATION OF INJURY,0,0,41.9108166034,-87.66211403,60642,"CHICAGO MIDWAY AIRPORT, IL US",55.0,48.0,77.0,,4.0,20.0
crash_08521,2019-04-26 17:20:00,2019,4,Apr,Fri,17,Evening commute,30,TRAFFIC SIGNAL,CLEAR,DAYLIGHT,SIDESWIPE SAME DIRECTION,DIVIDED - W/MEDIAN BARRIER,DRY,NO INJURY / DRIVE AWAY,,,"$501 - $1,500",IMPROPER OVERTAKING/PASSING,2,NO INDICATION OF INJURY,0,0,41.8802633722,-87.6245049804,60603,"CHICAGO MIDWAY AIRPORT, IL US",64.0,28.0,26.0,0.0,10.0,23.0
crash_08522,2025-07-07 00:00:00,2025,7,Jul,Mon,0,Night or early morning,30,NO CONTROLS,UNKNOWN,UNKNOWN,PARKED MOTOR VEHICLE,NOT DIVIDED,UNKNOWN,NO INJURY / DRIVE AWAY,,true,"OVER $1,500",UNABLE TO DETERMINE,2,NO INDICATION OF INJURY,0,0,41.8839712797,-87.7648435648,60644,"CHICAGO MIDWAY AIRPORT, IL US",70.0,63.0,79.0,0.0,10.0,11.0
crash_08523,2020-07-25 12:30:00,2020,7,Jul,Sat,12,Daytime,30,TRAFFIC SIGNAL,CLEAR,DAYLIGHT,REAR END,DIVIDED - W/MEDIAN (NOT RAISED),DRY,INJURY AND / OR TOW DUE TO CRASH,,,"OVER $1,500",DRIVING SKILLS/KNOWLEDGE/EXPERIENCE,3,NONINCAPACITATING INJURY,1,0,41.8997473335,-87.6719704076,60622,"CHICAGO MIDWAY AIRPORT, IL US",87.0,62.0,43.0,0.0,10.0,9.0
crash_08524,2024-10-04 08:00:00,2024,10,Oct,Fri,8,Morning commute,30,TRAFFIC SIGNAL,CLOUDY/OVERCAST,DAYLIGHT,REAR END,DIVIDED - W/MEDIAN (NOT RAISED),WET,NO INJURY / DRIVE AWAY,,,"OVER $1,500",FAILING TO REDUCE SPEED TO AVOID CRASH,2,NO INDICATION OF INJURY,0,0,41.8526221441,-87.7198829438,60623,"CHICAGO MIDWAY AIRPORT, IL US",64.0,53.0,68.0,0.03,10.0,11.0
crash_08525,2024-09-20 16:40:00,2024,9,Sep,Fri,16,Evening commute,30,NO CONTROLS,CLEAR,DAYLIGHT,REAR END,ONE-WAY,DRY,NO INJURY / DRIVE AWAY,,,$500 OR LESS,IMPROPER OVERTAKING/PASSING,2,NO INDICATION OF INJURY,0,0,41.8948667139,-87.622625618,60611,"CHICAGO MIDWAY AIRPORT, IL US",86.0,65.0,49.0,0.0,10.0,9.0
crash_08526,2018-08-12 04:00:00,2018,8,Aug,Sun,4,Night or early morning,25,NO CONTROLS,CLEAR,DAYLIGHT,PARKED MOTOR VEHICLE,NOT DIVIDED,DRY,NO INJURY / DRIVE AWAY,,true,$500 OR LESS,UNABLE TO DETERMINE,2,NO INDICATION OF INJURY,0,0,41.658021196,-87.6011647749,60827,"CHICAGO MIDWAY AIRPORT, IL US",72.0,62.0,71.0,0.0,10.0,0.0
crash_08527,2019-11-24 17:00:00,2019,11,Nov,Sun,17,Evening commute,10,NO CONTROLS,CLEAR,"DARKNESS, LIGHTED ROAD",PARKED MOTOR VEHICLE,PARKING LOT,DRY,NO INJURY / DRIVE AWAY,,,"OVER $1,500",IMPROPER OVERTAKING/PASSING,2,NO INDICATION OF INJURY,0,0,41.9544250186,-87.6513240171,60613,"CHICAGO MIDWAY AIRPORT, IL US",49.0,36.0,61.0,0.0,10.0,6.0
crash_08528,2022-04-16 14:00:00,2022,4,Apr,Sat,14,Daytime,30,NO CONTROLS,CLEAR,DAYLIGHT,TURNING,DIVIDED - W/MEDIAN BARRIER,DRY,NO INJURY / DRIVE AWAY,true,,"OVER $1,500",UNABLE TO DETERMINE,2,NO INDICATION OF INJURY,0,0,41.7527169549,-87.7221662116,60652,"CHICAGO MIDWAY AIRPORT, IL US",46.0,25.0,44.0,0.0,10.0,14.0
crash_08529,2023-04-04 22:30:00,2023,4,Apr,Tue,22,Night or early morning,30,NO CONTROLS,CLEAR,"DARKNESS, LIGHTED ROAD",REAR END,NOT DIVIDED,WET,NO INJURY / DRIVE AWAY,,,"$501 - $1,500",FOLLOWING TOO CLOSELY,2,NO INDICATION OF INJURY,0,0,41.9233776585,-87.7878578742,60707,"CHICAGO OHARE INTERNATIONAL AIRPORT, IL US",67.0,62.0,84.0,0.09,10.0,14.0
crash_08530,2025-08-20 07:40:00,2025,8,Aug,Wed,7,Morning commute,30,TRAFFIC SIGNAL,CLEAR,DAYLIGHT,SIDESWIPE SAME DIRECTION,DIVIDED - W/MEDIAN BARRIER,DRY,NO INJURY / DRIVE AWAY,,true,"OVER $1,500",UNABLE TO DETERMINE,2,NO INDICATION OF INJURY,0,0,41.9541727409,-87.6696179587,60613,"CHICAGO MIDWAY AIRPORT, IL US",73.0,66.0,79.0,0.0,10.0,11.0
crash_08531,2019-03-09 00:30:00,2019,3,Mar,Sat,0,Night or early morning,35,NO CONTROLS,CLEAR,DAYLIGHT,ANGLE,NOT DIVIDED,DRY,NO INJURY / DRIVE AWAY,true,,"$501 - $1,500",UNABLE TO DETERMINE,2,NO INDICATION OF INJURY,0,0,41.9612224935,-87.7129910882,60625,"CHICAGO OHARE INTERNATIONAL AIRPORT, IL US",28.0,26.0,92.0,0.0,7.0,5.0
crash_08532,2019-08-20 14:30:00,2019,8,Aug,Tue,14,Daytime,30,TRAFFIC SIGNAL,RAIN,DAYLIGHT,REAR END,OTHER,WET,INJURY AND / OR TOW DUE TO CRASH,true,,"$501 - $1,500",FOLLOWING TOO CLOSELY,2,"REPORTED, NOT EVIDENT",1,0,41.8916933531,-87.6240134394,60611,"CHICAGO MIDWAY AIRPORT, IL US",73.0,69.0,87.0,0.0,10.0,0.0
crash_08533,2023-03-16 13:23:00,2023,3,Mar,Thu,13,Daytime,25,NO CONTROLS,RAIN,DAYLIGHT,TURNING,NOT DIVIDED,WET,INJURY AND / OR TOW DUE TO CRASH,,,"OVER $1,500",UNABLE TO DETERMINE,3,NONINCAPACITATING INJURY,1,0,41.8297361918,-87.6097072907,60653,"CHICAGO MIDWAY AIRPORT, IL US",44.0,37.0,76.0,0.01,8.0,13.0
crash_08534,2018-02-10 23:00:00,2018,2,Feb,Sat,23,Night or early morning,25,STOP SIGN/FLASHER,SNOW,"DARKNESS, LIGHTED ROAD",SIDESWIPE SAME DIRECTION,ONE-WAY,SNOW OR SLUSH,NO INJURY / DRIVE AWAY,,,"OVER $1,500",UNABLE TO DETERMINE,2,NO INDICATION OF INJURY,0,0,41.8636149211,-87.7032244616,60623,"CHICAGO MIDWAY AIRPORT, IL US",25.0,21.0,85.0,0.0,2.5,10.0
crash_08535,2024-01-23 22:35:00,2024,1,Jan,Tue,22,Night or early morning,25,NO CONTROLS,RAIN,"DARKNESS, LIGHTED ROAD",ANGLE,PARKING LOT,WET,NO INJURY / DRIVE AWAY,,,"$501 - $1,500",FAILING TO YIELD RIGHT-OF-WAY,2,NO INDICATION OF INJURY,0,0,41.6758965588,-87.6419907812,60643,"CHICAGO MIDWAY AIRPORT, IL US",36.0,36.0,100.0,,1.0,0.0
crash_08536,2024-05-03 23:10:00,2024,5,May,Fri,23,Night or early morning,30,NO CONTROLS,CLEAR,"DARKNESS, LIGHTED ROAD",REAR TO FRONT,DIVIDED - W/MEDIAN (NOT RAISED),DRY,NO INJURY / DRIVE AWAY,,true,"OVER $1,500",IMPROPER BACKING,2,NO INDICATION OF INJURY,0,0,41.9178090324,-87.6690340624,60622,"CHICAGO MIDWAY AIRPORT, IL US",56.0,37.0,49.0,0.0,10.0,7.0