crash_id,crash_datetime,crash_year,crash_month,crash_month_name,crash_weekday_name,crash_hour,time_period,posted_speed_limit_mph,traffic_control_device,reported_weather_condition,reported_lighting_condition,first_crash_type,trafficway_type,reported_road_surface_condition,crash_type,intersection_related,hit_and_run,estimated_damage,primary_contributory_cause,unit_count,most_severe_injury,injuries_total,injuries_fatal,latitude,longitude,zip5,weather_station_name,temperature_f,dew_point_f,relative_humidity_percent,precipitation_inches,visibility_miles,wind_speed_mph
crash_08537,2022-10-04 17:50:00,2022,10,Oct,Tue,17,Evening commute,30,NO CONTROLS,UNKNOWN,UNKNOWN,PARKED MOTOR VEHICLE,DIVIDED - W/MEDIAN (NOT RAISED),UNKNOWN,NO INJURY / DRIVE AWAY,,,"$501 - $1,500",UNABLE TO DETERMINE,2,NO INDICATION OF INJURY,0,0,41.994135389,-87.6954394005,60659,"CHICAGO OHARE INTERNATIONAL AIRPORT, IL US",69.0,42.0,38.0,,10.0,5.0
crash_08538,2019-01-07 16:00:00,2019,1,Jan,Mon,16,Evening commute,30,NO CONTROLS,RAIN,"DARKNESS, LIGHTED ROAD",TURNING,DIVIDED - W/MEDIAN (NOT RAISED),WET,INJURY AND / OR TOW DUE TO CRASH,true,,"OVER $1,500",IMPROPER TURNING/NO SIGNAL,2,NO INDICATION OF INJURY,0,0,,,,,,,,,,
crash_08539,2023-03-03 07:50:00,2023,3,Mar,Fri,7,Morning commute,30,NO CONTROLS,CLEAR,DAYLIGHT,TURNING,NOT DIVIDED,DRY,NO INJURY / DRIVE AWAY,,true,"OVER $1,500",IMPROPER OVERTAKING/PASSING,2,NO INDICATION OF INJURY,0,0,41.8299574781,-87.7243462801,60632,"CHICAGO MIDWAY AIRPORT, IL US",37.0,31.0,79.0,0.0,8.0,13.0
crash_08540,2022-08-01 13:47:00,2022,8,Aug,Mon,13,Daytime,15,NO CONTROLS,CLEAR,DAYLIGHT,ANGLE,PARKING LOT,DRY,NO INJURY / DRIVE AWAY,,true,"OVER $1,500",IMPROPER OVERTAKING/PASSING,2,NO INDICATION OF INJURY,0,0,41.8801350623,-87.7649424467,60644,"CHICAGO MIDWAY AIRPORT, IL US",86.0,64.0,48.0,0.0,10.0,17.0
crash_08541,2020-09-20 15:50:00,2020,9,Sep,Sun,15,Evening commute,35,NO CONTROLS,CLEAR,DAYLIGHT,PARKED MOTOR VEHICLE,NOT DIVIDED,DRY,NO INJURY / DRIVE AWAY,,true,"OVER $1,500",NOT APPLICABLE,2,NO INDICATION OF INJURY,0,0,41.7858884944,-87.7231065914,60629,"CHICAGO MIDWAY AIRPORT, IL US",72.0,34.0,25.0,0.0,10.0,9.0
crash_08542,2025-01-08 16:09:00,2025,1,Jan,Wed,16,Evening commute,30,TRAFFIC SIGNAL,CLEAR,DAYLIGHT,SIDESWIPE SAME DIRECTION,NOT REPORTED,DRY,INJURY AND / OR TOW DUE TO CRASH,true,,"OVER $1,500","OPERATING VEHICLE IN ERRATIC, RECKLESS, CARELESS, NEGLIGENT OR AGGRESSIVE MANNER",3,NONINCAPACITATING INJURY,4,0,41.8057593094,-87.6224819886,60615,"CHICAGO MIDWAY AIRPORT, IL US",25.0,6.0,44.0,0.0,10.0,10.0
crash_08543,2025-07-10 19:30:00,2025,7,Jul,Thu,19,Night or early morning,30,STOP SIGN/FLASHER,RAIN,"DARKNESS, LIGHTED ROAD",REAR END,NOT DIVIDED,WET,INJURY AND / OR TOW DUE TO CRASH,,,"OVER $1,500",WEATHER,2,"REPORTED, NOT EVIDENT",3,0,41.8729624879,-87.7625909791,60644,"CHICAGO MIDWAY AIRPORT, IL US",79.0,61.0,54.0,0.0,10.0,5.0
crash_08544,2021-03-14 04:00:00,2021,3,Mar,Sun,4,Night or early morning,20,STOP SIGN/FLASHER,CLEAR,"DARKNESS, LIGHTED ROAD",PARKED MOTOR VEHICLE,NOT DIVIDED,DRY,NO INJURY / DRIVE AWAY,,true,"OVER $1,500",FAILING TO REDUCE SPEED TO AVOID CRASH,2,NO INDICATION OF INJURY,0,0,41.7554637943,-87.5514917264,60649,"CHICAGO MIDWAY AIRPORT, IL US",41.0,27.0,57.0,0.0,10.0,5.0
crash_08545,2019-02-10 18:32:00,2019,2,Feb,Sun,18,Evening commute,25,TRAFFIC SIGNAL,CLOUDY/OVERCAST,DARKNESS,SIDESWIPE SAME DIRECTION,NOT DIVIDED,SNOW OR SLUSH,NO INJURY / DRIVE AWAY,,true,"$501 - $1,500",IMPROPER OVERTAKING/PASSING,2,NO INDICATION OF INJURY,0,0,41.7793318443,-87.6836757608,60629,"CHICAGO MIDWAY AIRPORT, IL US",28.0,25.0,88.0,0.0,3.0,6.0
crash_08546,2018-10-10 15:00:00,2018,10,Oct,Wed,15,Evening commute,30,TRAFFIC SIGNAL,RAIN,DAYLIGHT,TURNING,NOT DIVIDED,UNKNOWN,INJURY AND / OR TOW DUE TO CRASH,true,,"OVER $1,500",UNABLE TO DETERMINE,2,NO INDICATION OF INJURY,0,0,41.8068759659,-87.6647770605,60609,"CHICAGO MIDWAY AIRPORT, IL US",68.0,65.0,90.0,0.04,3.0,14.0
crash_08547,2021-07-11 02:34:00,2021,7,Jul,Sun,2,Night or early morning,35,TRAFFIC SIGNAL,RAIN,"DARKNESS, LIGHTED ROAD",TURNING,NOT DIVIDED,WET,INJURY AND / OR TOW DUE TO CRASH,true,true,"OVER $1,500",NOT APPLICABLE,2,NO INDICATION OF INJURY,0,0,41.997463981,-87.7876102434,60646,"CHICAGO OHARE INTERNATIONAL AIRPORT, IL US",66.0,64.0,93.0,0.0,9.0,11.0
crash_08548,2019-03-02 11:30:00,2019,3,Mar,Sat,11,Daytime,30,STOP SIGN/FLASHER,CLEAR,DAYLIGHT,REAR END,NOT DIVIDED,DRY,NO INJURY / DRIVE AWAY,,,"$501 - $1,500",FOLLOWING TOO CLOSELY,2,NO INDICATION OF INJURY,0,0,41.9756948859,-87.7928673454,60656,"CHICAGO OHARE INTERNATIONAL AIRPORT, IL US",30.0,20.0,66.0,0.0,10.0,8.0
crash_08549,2020-09-23 19:25:00,2020,9,Sep,Wed,19,Night or early morning,30,TRAFFIC SIGNAL,CLEAR,"DARKNESS, LIGHTED ROAD",PEDALCYCLIST,NOT DIVIDED,DRY,NO INJURY / DRIVE AWAY,true,,$500 OR LESS,FOLLOWING TOO CLOSELY,2,NO INDICATION OF INJURY,0,0,41.9093905663,-87.7756631011,60639,"CHICAGO MIDWAY AIRPORT, IL US",71.0,53.0,53.0,0.0,10.0,8.0
crash_08550,2023-11-17 14:00:00,2023,11,Nov,Fri,14,Daytime,30,NO CONTROLS,CLEAR,DAYLIGHT,TURNING,FOUR WAY,DRY,NO INJURY / DRIVE AWAY,,,$500 OR LESS,UNABLE TO DETERMINE,2,NO INDICATION OF INJURY,0,0,41.7214892448,-87.649696606,60620,"CHICAGO MIDWAY AIRPORT, IL US",50.0,32.0,50.0,0.0,10.0,10.0
crash_08551,2025-08-07 16:10:00,2025,8,Aug,Thu,16,Evening commute,30,NO CONTROLS,CLEAR,DAYLIGHT,SIDESWIPE SAME DIRECTION,DIVIDED - W/MEDIAN (NOT RAISED),DRY,NO INJURY / DRIVE AWAY,,,"OVER $1,500",UNABLE TO DETERMINE,2,NO INDICATION OF INJURY,0,0,41.8862183072,-87.7012048968,60612,"CHICAGO MIDWAY AIRPORT, IL US",89.0,68.0,50.0,0.0,10.0,11.0
crash_08552,2023-01-26 17:41:00,2023,1,Jan,Thu,17,Evening commute,30,STOP SIGN/FLASHER,SNOW,DUSK,ANGLE,DIVIDED - W/MEDIAN (NOT RAISED),WET,INJURY AND / OR TOW DUE TO CRASH,true,,"OVER $1,500",FAILING TO YIELD RIGHT-OF-WAY,3,NO INDICATION OF INJURY,0,0,41.7420781933,-87.6145307877,60619,"CHICAGO MIDWAY AIRPORT, IL US",20.0,14.0,78.0,0.0,6.0,15.0
crash_08553,2022-09-27 19:30:00,2022,9,Sep,Tue,19,Night or early morning,30,NO CONTROLS,CLEAR,"DARKNESS, LIGHTED ROAD",SIDESWIPE SAME DIRECTION,NOT DIVIDED,DRY,NO INJURY / DRIVE AWAY,,,"$501 - $1,500",UNABLE TO DETERMINE,2,NO INDICATION OF INJURY,0,0,41.9534754858,-87.7333542313,60641,"CHICAGO OHARE INTERNATIONAL AIRPORT, IL US",54.0,37.0,53.0,0.0,10.0,9.0
crash_08554,2023-10-30 20:30:00,2023,10,Oct,Mon,20,Night or early morning,35,TRAFFIC SIGNAL,UNKNOWN,UNKNOWN,TURNING,DIVIDED - W/MEDIAN BARRIER,UNKNOWN,NO INJURY / DRIVE AWAY,true,true,"OVER $1,500",UNABLE TO DETERMINE,2,NO INDICATION OF INJURY,0,0,41.7947522007,-87.6256185914,60615,"CHICAGO MIDWAY AIRPORT, IL US",35.0,17.0,48.0,0.0,10.0,6.0
crash_08555,2019-11-13 16:00:00,2019,11,Nov,Wed,16,Evening commute,35,TRAFFIC SIGNAL,CLEAR,DAYLIGHT,SIDESWIPE SAME DIRECTION,NOT DIVIDED,DRY,NO INJURY / DRIVE AWAY,,true,$500 OR LESS,IMPROPER OVERTAKING/PASSING,2,NO INDICATION OF INJURY,0,0,41.7211062476,-87.662619812,60643,"CHICAGO MIDWAY AIRPORT, IL US",25.0,9.0,50.0,0.0,10.0,16.0
crash_08556,2024-07-28 16:10:00,2024,7,Jul,Sun,16,Evening commute,30,TRAFFIC SIGNAL,CLEAR,DAYLIGHT,ANGLE,FOUR WAY,DRY,INJURY AND / OR TOW DUE TO CRASH,true,,"OVER $1,500",DISREGARDING TRAFFIC SIGNALS,5,NONINCAPACITATING INJURY,3,0,41.9733921425,-87.6694118885,60640,"CHICAGO OHARE INTERNATIONAL AIRPORT, IL US",80.0,71.0,74.0,0.0,10.0,14.0
crash_08557,2018-10-18 16:30:00,2018,10,Oct,Thu,16,Evening commute,25,TRAFFIC SIGNAL,CLEAR,DAYLIGHT,REAR END,NOT DIVIDED,DRY,NO INJURY / DRIVE AWAY,,,"OVER $1,500",FOLLOWING TOO CLOSELY,2,NO INDICATION OF INJURY,0,0,41.9973443318,-87.6702424787,60660,"CHICAGO OHARE INTERNATIONAL AIRPORT, IL US",58.0,26.0,29.0,0.0,10.0,11.0
crash_08558,2019-07-21 14:03:00,2019,7,Jul,Sun,14,Daytime,30,NO CONTROLS,RAIN,DAYLIGHT,PARKED MOTOR VEHICLE,ONE-WAY,WET,NO INJURY / DRIVE AWAY,,true,$500 OR LESS,UNABLE TO DETERMINE,2,NO INDICATION OF INJURY,0,0,41.7575618586,-87.564987535,60649,"CHICAGO MIDWAY AIRPORT, IL US",74.0,71.0,91.0,0.0,10.0,10.0
crash_08559,2022-10-12 19:24:00,2022,10,Oct,Wed,19,Night or early morning,15,NO CONTROLS,CLEAR,"DARKNESS, LIGHTED ROAD",OTHER OBJECT,OTHER,DRY,INJURY AND / OR TOW DUE TO CRASH,,true,"OVER $1,500",UNABLE TO DETERMINE,1,NO INDICATION OF INJURY,0,0,41.7254623927,-87.5691896682,60617,"CHICAGO MIDWAY AIRPORT, IL US",55.0,46.0,72.0,0.0,10.0,7.0
crash_08560,2019-01-24 12:30:00,2019,1,Jan,Thu,12,Daytime,30,NO CONTROLS,CLEAR,DAYLIGHT,FIXED OBJECT,ONE-WAY,DRY,NO INJURY / DRIVE AWAY,,,$500 OR LESS,DRIVING ON WRONG SIDE/WRONG WAY,2,NO INDICATION OF INJURY,0,0,41.7068255129,-87.6478394989,60643,"CHICAGO MIDWAY AIRPORT, IL US",18.0,12.0,77.0,0.0,3.0,15.0
crash_08561,2018-03-17 12:30:00,2018,3,Mar,Sat,12,Daytime,30,STOP SIGN/FLASHER,CLEAR,DAYLIGHT,TURNING,CENTER TURN LANE,DRY,NO INJURY / DRIVE AWAY,true,,"OVER $1,500",IMPROPER TURNING/NO SIGNAL,2,NO INDICATION OF INJURY,0,0,41.8842792889,-87.6485417803,60607,"CHICAGO MIDWAY AIRPORT, IL US",39.0,25.0,57.0,0.0,10.0,11.0
crash_08562,2025-01-13 15:06:00,2025,1,Jan,Mon,15,Evening commute,30,NO CONTROLS,CLEAR,DAYLIGHT,OTHER OBJECT,PARKING LOT,UNKNOWN,NO INJURY / DRIVE AWAY,,true,"$501 - $1,500",UNABLE TO DETERMINE,2,NO INDICATION OF INJURY,0,0,41.7796401656,-87.6448485742,60621,"CHICAGO MIDWAY AIRPORT, IL US",19.0,4.0,51.0,0.0,10.0,16.0
crash_08563,2018-05-29 19:20:00,2018,5,May,Tue,19,Night or early morning,30,NO CONTROLS,CLEAR,DAYLIGHT,PARKED MOTOR VEHICLE,DIVIDED - W/MEDIAN (NOT RAISED),DRY,NO INJURY / DRIVE AWAY,,true,"OVER $1,500",UNABLE TO DETERMINE,2,NO INDICATION OF INJURY,0,0,41.9141273882,-87.6553735466,60614,"CHICAGO MIDWAY AIRPORT, IL US",74.0,61.0,64.0,0.0,10.0,11.0
crash_08564,2021-12-10 08:30:00,2021,12,Dec,Fri,8,Morning commute,30,STOP SIGN/FLASHER,CLEAR,DAYLIGHT,ANGLE,FOUR WAY,DRY,INJURY AND / OR TOW DUE TO CRASH,true,true,"OVER $1,500",DISREGARDING STOP SIGN,3,NO INDICATION OF INJURY,0,0,41.7642869061,-87.5666319057,60649,"CHICAGO MIDWAY AIRPORT, IL US",43.0,36.0,76.0,0.0,10.0,7.0
crash_08565,2019-01-26 18:00:00,2019,1,Jan,Sat,18,Evening commute,30,NO CONTROLS,SNOW,"DARKNESS, LIGHTED ROAD",FIXED OBJECT,DIVIDED - W/MEDIAN BARRIER,ICE,NO INJURY / DRIVE AWAY,,,"$501 - $1,500",WEATHER,1,NO INDICATION OF INJURY,0,0,41.7757423583,-87.6794103416,60636,"CHICAGO MIDWAY AIRPORT, IL US",12.0,7.0,80.0,0.01,1.0,5.0
crash_08566,2022-09-08 23:46:00,2022,9,Sep,Thu,23,Night or early morning,15,NO CONTROLS,CLEAR,"DARKNESS, LIGHTED ROAD",PARKED MOTOR VEHICLE,T-INTERSECTION,DRY,INJURY AND / OR TOW DUE TO CRASH,true,,"OVER $1,500","OPERATING VEHICLE IN ERRATIC, RECKLESS, CARELESS, NEGLIGENT OR AGGRESSIVE MANNER",3,NO INDICATION OF INJURY,0,0,41.9179948452,-87.777808957,60639,"CHICAGO OHARE INTERNATIONAL AIRPORT, IL US",68.0,56.0,65.0,0.0,10.0,3.0
crash_08567,2022-05-09 14:20:00,2022,5,May,Mon,14,Daytime,30,TRAFFIC SIGNAL,CLEAR,DAYLIGHT,REAR END,NOT DIVIDED,DRY,NO INJURY / DRIVE AWAY,true,true,"OVER $1,500",FOLLOWING TOO CLOSELY,2,NO INDICATION OF INJURY,0,0,41.8542114485,-87.6239964943,60616,"CHICAGO MIDWAY AIRPORT, IL US",82.0,56.0,41.0,0.0,10.0,14.0
crash_08568,2018-05-06 05:06:00,2018,5,May,Sun,5,Night or early morning,30,NO CONTROLS,CLEAR,"DARKNESS, LIGHTED ROAD",PARKED MOTOR VEHICLE,DIVIDED - W/MEDIAN (NOT RAISED),DRY,INJURY AND / OR TOW DUE TO CRASH,,,"OVER $1,500",UNABLE TO DETERMINE,3,NO INDICATION OF INJURY,0,0,41.9529430058,-87.7313298703,60641,"CHICAGO OHARE INTERNATIONAL AIRPORT, IL US",55.0,44.0,67.0,0.0,10.0,6.0
crash_08569,2024-02-24 16:39:00,2024,2,Feb,Sat,16,Evening commute,30,TRAFFIC SIGNAL,CLEAR,DAYLIGHT,SIDESWIPE SAME DIRECTION,DIVIDED - W/MEDIAN (NOT RAISED),DRY,NO INJURY / DRIVE AWAY,,true,$500 OR LESS,UNABLE TO DETERMINE,2,NO INDICATION OF INJURY,0,0,41.6631876078,-87.6412725878,60628,"CHICAGO MIDWAY AIRPORT, IL US",35.0,18.0,50.0,0.0,10.0,10.0
crash_08570,2018-10-20 13:20:00,2018,10,Oct,Sat,13,Daytime,30,NO CONTROLS,CLEAR,DAYLIGHT,TURNING,NOT DIVIDED,DRY,NO INJURY / DRIVE AWAY,,true,"$501 - $1,500",UNABLE TO DETERMINE,2,NO INDICATION OF INJURY,0,0,41.7026858266,-87.5597477072,60617,"CHICAGO MIDWAY AIRPORT, IL US",45.0,30.0,56.0,0.0,10.0,26.0
crash_08571,2020-12-21 12:00:00,2020,12,Dec,Mon,12,Daytime,30,STOP SIGN/FLASHER,CLEAR,DAYLIGHT,REAR END,NOT DIVIDED,DRY,NO INJURY / DRIVE AWAY,,,"$501 - $1,500",FOLLOWING TOO CLOSELY,2,NO INDICATION OF INJURY,0,0,41.9242835038,-87.7513519637,60639,"CHICAGO OHARE INTERNATIONAL AIRPORT, IL US",44.0,31.0,60.0,0.0,10.0,15.0
crash_08572,2018-02-02 20:48:00,2018,2,Feb,Fri,20,Night or early morning,30,TRAFFIC SIGNAL,CLEAR,"DARKNESS, LIGHTED ROAD",SIDESWIPE SAME DIRECTION,DIVIDED - W/MEDIAN (NOT RAISED),DRY,NO INJURY / DRIVE AWAY,,,"$501 - $1,500",FAILING TO YIELD RIGHT-OF-WAY,2,NO INDICATION OF INJURY,0,0,41.7141256493,-87.6428525474,60628,"CHICAGO MIDWAY AIRPORT, IL US",20.0,1.0,43.0,0.0,10.0,9.0
crash_08573,2021-03-03 16:00:00,2021,3,Mar,Wed,16,Evening commute,30,NO CONTROLS,UNKNOWN,DAYLIGHT,TURNING,NOT DIVIDED,UNKNOWN,NO INJURY / DRIVE AWAY,true,,"$501 - $1,500",UNABLE TO DETERMINE,2,NO INDICATION OF INJURY,0,0,41.9683616417,-87.7270324938,60625,"CHICAGO OHARE INTERNATIONAL AIRPORT, IL US",55.0,24.0,30.0,0.0,10.0,11.0
crash_08574,2025-08-27 07:58:00,2025,8,Aug,Wed,7,Morning commute,30,NO CONTROLS,CLEAR,DAYLIGHT,OTHER OBJECT,ONE-WAY,DRY,INJURY AND / OR TOW DUE TO CRASH,,,"OVER $1,500",FAILING TO YIELD RIGHT-OF-WAY,2,INCAPACITATING INJURY,1,0,41.9307531008,-87.7688069956,60639,,,,,,,
crash_08575,2022-02-04 10:40:00,2022,2,Feb,Fri,10,Daytime,20,NO CONTROLS,CLEAR,DAYLIGHT,PARKED MOTOR VEHICLE,PARKING LOT,DRY,NO INJURY / DRIVE AWAY,,,"OVER $1,500",IMPROPER BACKING,2,NO INDICATION OF INJURY,0,0,41.7546909054,-87.6455066637,60620,"CHICAGO MIDWAY AIRPORT, IL US",24.0,11.0,57.0,0.0,10.0,8.0
crash_08576,2018-07-29 21:18:00,2018,7,Jul,Sun,21,Night or early morning,30,NO CONTROLS,CLEAR,"DARKNESS, LIGHTED ROAD",TURNING,NOT DIVIDED,DRY,INJURY AND / OR TOW DUE TO CRASH,true,,"OVER $1,500",FAILING TO YIELD RIGHT-OF-WAY,2,NONINCAPACITATING INJURY,1,0,41.7632861919,-87.6539239451,60621,"CHICAGO MIDWAY AIRPORT, IL US",72.0,57.0,59.0,0.0,10.0,3.0
crash_08577,2018-01-19 18:15:00,2018,1,Jan,Fri,18,Evening commute,30,TRAFFIC SIGNAL,CLEAR,"DARKNESS, LIGHTED ROAD",PARKED MOTOR VEHICLE,NOT DIVIDED,DRY,NO INJURY / DRIVE AWAY,,,$500 OR LESS,IMPROPER OVERTAKING/PASSING,2,NO INDICATION OF INJURY,0,0,41.9112570455,-87.6318516719,60614,"CHICAGO MIDWAY AIRPORT, IL US",38.0,29.0,70.0,0.0,10.0,18.0
crash_08578,2021-07-10 06:25:00,2021,7,Jul,Sat,6,Morning commute,30,TRAFFIC SIGNAL,CLEAR,DUSK,PARKED MOTOR VEHICLE,FOUR WAY,DRY,INJURY AND / OR TOW DUE TO CRASH,true,,"OVER $1,500","OPERATING VEHICLE IN ERRATIC, RECKLESS, CARELESS, NEGLIGENT OR AGGRESSIVE MANNER",2,NONINCAPACITATING INJURY,1,0,41.7708587251,-87.5864132973,60637,"CHICAGO MIDWAY AIRPORT, IL US",68.0,58.0,70.0,0.0,10.0,6.0
crash_08579,2019-03-15 22:00:00,2019,3,Mar,Fri,22,Night or early morning,30,NO CONTROLS,CLEAR,"DARKNESS, LIGHTED ROAD",FIXED OBJECT,OTHER,DRY,NO INJURY / DRIVE AWAY,,,"OVER $1,500",UNABLE TO DETERMINE,2,NO INDICATION OF INJURY,0,0,41.8517014042,-87.702951091,60623,"CHICAGO MIDWAY AIRPORT, IL US",35.0,22.0,59.0,0.0,10.0,14.0
crash_08580,2020-12-15 10:43:00,2020,12,Dec,Tue,10,Daytime,30,TRAFFIC SIGNAL,CLEAR,DAYLIGHT,TURNING,FOUR WAY,DRY,INJURY AND / OR TOW DUE TO CRASH,true,,"OVER $1,500",FAILING TO YIELD RIGHT-OF-WAY,2,NONINCAPACITATING INJURY,1,0,41.7356353288,-87.6826503426,60652,"CHICAGO MIDWAY AIRPORT, IL US",31.0,17.0,56.0,0.0,10.0,6.0
crash_08581,2023-01-26 15:00:00,2023,1,Jan,Thu,15,Evening commute,30,TRAFFIC SIGNAL,CLEAR,DAYLIGHT,REAR END,NOT DIVIDED,WET,NO INJURY / DRIVE AWAY,,true,"OVER $1,500",UNABLE TO DETERMINE,2,NO INDICATION OF INJURY,0,0,41.7367954576,-87.5862725091,60619,"CHICAGO MIDWAY AIRPORT, IL US",22.0,16.0,78.0,0.0,9.0,17.0
crash_08582,2019-07-18 09:20:00,2019,7,Jul,Thu,9,Morning commute,30,STOP SIGN/FLASHER,RAIN,DAYLIGHT,TURNING,T-INTERSECTION,WET,NO INJURY / DRIVE AWAY,,true,$500 OR LESS,FOLLOWING TOO CLOSELY,2,NO INDICATION OF INJURY,0,0,41.9344403062,-87.8067679273,,"CHICAGO OHARE INTERNATIONAL AIRPORT, IL US",72.0,71.0,97.0,0.21,6.0,8.0
crash_08583,2022-11-10 09:05:00,2022,11,Nov,Thu,9,Morning commute,30,TRAFFIC SIGNAL,CLEAR,DAYLIGHT,TURNING,FOUR WAY,DRY,NO INJURY / DRIVE AWAY,true,,"OVER $1,500",FAILING TO YIELD RIGHT-OF-WAY,2,NO INDICATION OF INJURY,0,0,41.926005042,-87.6313043359,60614,"CHICAGO MIDWAY AIRPORT, IL US",66.0,49.0,54.0,0.0,10.0,17.0
crash_08584,2024-05-29 07:30:00,2024,5,May,Wed,7,Morning commute,30,NO CONTROLS,CLEAR,DAYLIGHT,TURNING,NOT DIVIDED,DRY,NO INJURY / DRIVE AWAY,,,"OVER $1,500",FAILING TO YIELD RIGHT-OF-WAY,6,NO INDICATION OF INJURY,0,0,41.7769511304,-87.6348218151,60621,"CHICAGO MIDWAY AIRPORT, IL US",60.0,52.0,75.0,0.0,10.0,8.0
crash_08585,2018-11-13 17:25:00,2018,11,Nov,Tue,17,Evening commute,30,TRAFFIC SIGNAL,CLEAR,"DARKNESS, LIGHTED ROAD",TURNING,DIVIDED - W/MEDIAN (NOT RAISED),DRY,NO INJURY / DRIVE AWAY,true,,"$501 - $1,500",IMPROPER OVERTAKING/PASSING,2,NO INDICATION OF INJURY,0,0,41.7434273331,-87.632181132,60620,"CHICAGO MIDWAY AIRPORT, IL US",26.0,9.0,48.0,0.0,10.0,6.0
crash_08586,2021-09-23 14:45:00,2021,9,Sep,Thu,14,Daytime,30,TRAFFIC SIGNAL,CLEAR,DAYLIGHT,SIDESWIPE SAME DIRECTION,DIVIDED - W/MEDIAN (NOT RAISED),DRY,NO INJURY / DRIVE AWAY,,,"$501 - $1,500",IMPROPER OVERTAKING/PASSING,2,NO INDICATION OF INJURY,0,0,41.9249420035,-87.687496402,60647,"CHICAGO MIDWAY AIRPORT, IL US",65.0,35.0,33.0,0.0,10.0,15.0
crash_08587,2021-06-21 16:00:00,2021,6,Jun,Mon,16,Evening commute,30,NO CONTROLS,CLEAR,DAYLIGHT,SIDESWIPE SAME DIRECTION,DIVIDED - W/MEDIAN (NOT RAISED),DRY,NO INJURY / DRIVE AWAY,,,"OVER $1,500",IMPROPER OVERTAKING/PASSING,2,NO INDICATION OF INJURY,0,0,41.9434323134,-87.6689127564,60657,"CHICAGO MIDWAY AIRPORT, IL US",72.0,41.0,33.0,0.0,10.0,15.0
crash_08588,2021-01-09 14:00:00,2021,1,Jan,Sat,14,Daytime,30,NO CONTROLS,CLEAR,DAYLIGHT,ANGLE,NOT DIVIDED,DRY,NO INJURY / DRIVE AWAY,,true,"$501 - $1,500",FAILING TO YIELD RIGHT-OF-WAY,2,NO INDICATION OF INJURY,0,0,41.9321750018,-87.7855820979,60634,"CHICAGO OHARE INTERNATIONAL AIRPORT, IL US",36.0,24.0,62.0,0.0,10.0,6.0
crash_08589,2020-05-23 14:45:00,2020,5,May,Sat,14,Daytime,15,NO CONTROLS,CLOUDY/OVERCAST,DAYLIGHT,ANGLE,PARKING LOT,DRY,NO INJURY / DRIVE AWAY,,,"$501 - $1,500",UNABLE TO DETERMINE,2,NO INDICATION OF INJURY,0,0,41.9020321325,-87.7658681318,60651,"CHICAGO MIDWAY AIRPORT, IL US",79.0,61.0,54.0,0.0,10.0,18.0
crash_08590,2022-09-13 13:49:00,2022,9,Sep,Tue,13,Daytime,30,STOP SIGN/FLASHER,CLEAR,DAYLIGHT,TURNING,DIVIDED - W/MEDIAN (NOT RAISED),DRY,NO INJURY / DRIVE AWAY,,,"OVER $1,500",IMPROPER TURNING/NO SIGNAL,2,NO INDICATION OF INJURY,0,0,41.7479335431,-87.7024887612,60652,"CHICAGO MIDWAY AIRPORT, IL US",77.0,57.0,50.0,0.0,10.0,9.0
crash_08591,2019-06-26 18:15:00,2019,6,Jun,Wed,18,Evening commute,30,NO CONTROLS,CLEAR,DAYLIGHT,SIDESWIPE SAME DIRECTION,ONE-WAY,DRY,NO INJURY / DRIVE AWAY,false,true,"$501 - $1,500",UNABLE TO DETERMINE,2,NO INDICATION OF INJURY,0,0,41.8843510441,-87.6367537441,60606,"CHICAGO MIDWAY AIRPORT, IL US",83.0,61.0,48.0,,10.0,9.0
crash_08592,2018-07-08 10:55:00,2018,7,Jul,Sun,10,Daytime,30,NO CONTROLS,CLEAR,DAYLIGHT,REAR END,DIVIDED - W/MEDIAN (NOT RAISED),DRY,NO INJURY / DRIVE AWAY,,true,"OVER $1,500",FOLLOWING TOO CLOSELY,2,NO INDICATION OF INJURY,0,0,41.924570061,-87.7104884922,60647,"CHICAGO MIDWAY AIRPORT, IL US",80.0,53.0,39.0,0.0,10.0,6.0
crash_08593,2024-02-26 06:30:00,2024,2,Feb,Mon,6,Morning commute,30,NO CONTROLS,CLEAR,"DARKNESS, LIGHTED ROAD",PARKED MOTOR VEHICLE,ONE-WAY,DRY,NO INJURY / DRIVE AWAY,,true,"OVER $1,500",IMPROPER OVERTAKING/PASSING,2,NO INDICATION OF INJURY,0,0,41.9032549134,-87.7567659821,60651,"CHICAGO MIDWAY AIRPORT, IL US",45.0,32.0,61.0,0.0,10.0,11.0
crash_08594,2023-06-10 05:47:00,2023,6,Jun,Sat,5,Night or early morning,30,TRAFFIC SIGNAL,CLEAR,DAYLIGHT,ANGLE,NOT DIVIDED,DRY,INJURY AND / OR TOW DUE TO CRASH,true,,"OVER $1,500",DISREGARDING TRAFFIC SIGNALS,2,INCAPACITATING INJURY,2,0,41.7905734823,-87.6452083898,60621,"CHICAGO MIDWAY AIRPORT, IL US",62.0,40.0,44.0,0.0,10.0,6.0