crash_id,crash_datetime,crash_year,crash_month,crash_month_name,crash_weekday_name,crash_hour,time_period,posted_speed_limit_mph,traffic_control_device,reported_weather_condition,reported_lighting_condition,first_crash_type,trafficway_type,reported_road_surface_condition,crash_type,intersection_related,hit_and_run,estimated_damage,primary_contributory_cause,unit_count,most_severe_injury,injuries_total,injuries_fatal,latitude,longitude,zip5,weather_station_name,temperature_f,dew_point_f,relative_humidity_percent,precipitation_inches,visibility_miles,wind_speed_mph
crash_08595,2021-04-19 06:34:00,2021,4,Apr,Mon,6,Morning commute,30,NO CONTROLS,CLEAR,DAYLIGHT,PARKED MOTOR VEHICLE,NOT DIVIDED,DRY,NO INJURY / DRIVE AWAY,,,$500 OR LESS,IMPROPER TURNING/NO SIGNAL,2,NO INDICATION OF INJURY,0,0,41.706707034,-87.5594991851,60617,"CHICAGO MIDWAY AIRPORT, IL US",49.0,33.0,55.0,0.0,10.0,11.0
crash_08596,2019-05-03 08:15:00,2019,5,May,Fri,8,Morning commute,30,NO CONTROLS,CLEAR,DAYLIGHT,REAR TO REAR,PARKING LOT,DRY,NO INJURY / DRIVE AWAY,,true,"$501 - $1,500",IMPROPER BACKING,2,NO INDICATION OF INJURY,0,0,41.7580961025,-87.6242081331,60619,"CHICAGO MIDWAY AIRPORT, IL US",47.0,40.0,77.0,0.0,10.0,9.0
crash_08597,2019-12-04 06:00:00,2019,12,Dec,Wed,6,Morning commute,30,TRAFFIC SIGNAL,CLEAR,DAWN,PEDESTRIAN,OTHER,DRY,INJURY AND / OR TOW DUE TO CRASH,,true,"OVER $1,500",FAILING TO YIELD RIGHT-OF-WAY,2,NONINCAPACITATING INJURY,1,0,41.7580921764,-87.6249022282,60620,"CHICAGO MIDWAY AIRPORT, IL US",32.0,26.0,79.0,0.0,10.0,10.0
crash_08598,2018-02-14 00:01:00,2018,2,Feb,Wed,0,Night or early morning,20,NO CONTROLS,CLEAR,DAYLIGHT,PARKED MOTOR VEHICLE,NOT DIVIDED,SNOW OR SLUSH,NO INJURY / DRIVE AWAY,,true,"OVER $1,500",UNABLE TO DETERMINE,2,NO INDICATION OF INJURY,0,0,41.8923301615,-87.6354480705,60654,"CHICAGO MIDWAY AIRPORT, IL US",30.0,24.0,79.0,0.0,8.0,7.0
crash_08599,2024-08-11 14:45:00,2024,8,Aug,Sun,14,Daytime,30,TRAFFIC SIGNAL,CLEAR,DAYLIGHT,REAR END,FOUR WAY,DRY,NO INJURY / DRIVE AWAY,true,,"OVER $1,500",UNABLE TO DETERMINE,2,NO INDICATION OF INJURY,0,0,41.9651620131,-87.6666663968,60640,"CHICAGO MIDWAY AIRPORT, IL US",79.0,49.0,35.0,0.0,10.0,11.0
crash_08600,2024-03-12 07:52:00,2024,3,Mar,Tue,7,Morning commute,20,NO CONTROLS,CLEAR,DAYLIGHT,PARKED MOTOR VEHICLE,NOT DIVIDED,DRY,NO INJURY / DRIVE AWAY,,,"OVER $1,500",DRIVING SKILLS/KNOWLEDGE/EXPERIENCE,2,NO INDICATION OF INJURY,0,0,41.9429487201,-87.7789720068,60634,"CHICAGO OHARE INTERNATIONAL AIRPORT, IL US",48.0,34.0,58.0,0.0,10.0,11.0
crash_08601,2021-08-21 17:00:00,2021,8,Aug,Sat,17,Evening commute,30,NO CONTROLS,CLEAR,DAYLIGHT,REAR END,NOT DIVIDED,DRY,NO INJURY / DRIVE AWAY,,true,"$501 - $1,500",UNABLE TO DETERMINE,2,NO INDICATION OF INJURY,0,0,41.7650011681,-87.6442605674,60621,"CHICAGO MIDWAY AIRPORT, IL US",79.0,70.0,74.0,0.02,10.0,6.0
crash_08602,2023-01-01 02:34:00,2023,1,Jan,Sun,2,Night or early morning,30,STOP SIGN/FLASHER,RAIN,"DARKNESS, LIGHTED ROAD",ANGLE,FOUR WAY,WET,NO INJURY / DRIVE AWAY,false,true,"OVER $1,500",DISREGARDING STOP SIGN,2,NO INDICATION OF INJURY,0,0,41.9305939496,-87.7565373658,60639,"CHICAGO OHARE INTERNATIONAL AIRPORT, IL US",38.0,34.0,86.0,0.02,4.0,7.0
crash_08603,2019-09-11 11:15:00,2019,9,Sep,Wed,11,Daytime,30,NO CONTROLS,CLEAR,DAYLIGHT,PARKED MOTOR VEHICLE,NOT DIVIDED,UNKNOWN,NO INJURY / DRIVE AWAY,,,"OVER $1,500",IMPROPER BACKING,2,NO INDICATION OF INJURY,0,0,41.829139928,-87.6410454369,60609,"CHICAGO MIDWAY AIRPORT, IL US",83.0,72.0,70.0,0.0,10.0,13.0
crash_08604,2019-05-09 16:50:00,2019,5,May,Thu,16,Evening commute,30,NO CONTROLS,CLEAR,DAYLIGHT,REAR END,NOT DIVIDED,DRY,NO INJURY / DRIVE AWAY,,,"$501 - $1,500",FOLLOWING TOO CLOSELY,2,NO INDICATION OF INJURY,0,0,41.9523151644,-87.8215688652,60634,"CHICAGO OHARE INTERNATIONAL AIRPORT, IL US",54.0,45.0,72.0,0.0,10.0,14.0
crash_08605,2021-03-10 08:43:00,2021,3,Mar,Wed,8,Morning commute,30,STOP SIGN/FLASHER,CLEAR,DAYLIGHT,PEDESTRIAN,DIVIDED - W/MEDIAN (NOT RAISED),DRY,INJURY AND / OR TOW DUE TO CRASH,true,,"$501 - $1,500",FAILING TO YIELD RIGHT-OF-WAY,2,NONINCAPACITATING INJURY,1,0,41.9063114853,-87.6483006347,60642,"CHICAGO MIDWAY AIRPORT, IL US",58.0,39.0,50.0,0.0,10.0,18.0
crash_08606,2022-12-24 10:45:00,2022,12,Dec,Sat,10,Daytime,15,NO CONTROLS,CLEAR,DAYLIGHT,REAR END,ALLEY,SNOW OR SLUSH,NO INJURY / DRIVE AWAY,,,$500 OR LESS,IMPROPER BACKING,2,NO INDICATION OF INJURY,0,0,41.7594520127,-87.6723243383,60636,"CHICAGO MIDWAY AIRPORT, IL US",7.0,-3.0,63.0,0.0,10.0,18.0
crash_08607,2025-04-16 18:15:00,2025,4,Apr,Wed,18,Evening commute,30,UNKNOWN,CLEAR,DAYLIGHT,SIDESWIPE SAME DIRECTION,"FIVE POINT, OR MORE",UNKNOWN,NO INJURY / DRIVE AWAY,,true,"OVER $1,500",UNABLE TO DETERMINE,2,NO INDICATION OF INJURY,0,0,41.7527456405,-87.5875234853,60619,"CHICAGO MIDWAY AIRPORT, IL US",44.0,29.0,55.0,0.0,10.0,10.0
crash_08608,2019-11-03 12:00:00,2019,11,Nov,Sun,12,Daytime,30,NO CONTROLS,CLEAR,DAYLIGHT,PARKED MOTOR VEHICLE,ONE-WAY,DRY,NO INJURY / DRIVE AWAY,,true,"OVER $1,500",UNABLE TO DETERMINE,2,NO INDICATION OF INJURY,0,0,41.7856892069,-87.700747591,60629,"CHICAGO MIDWAY AIRPORT, IL US",50.0,30.0,46.0,0.0,10.0,16.0
crash_08609,2024-03-20 15:15:00,2024,3,Mar,Wed,15,Evening commute,30,NO CONTROLS,CLEAR,DAYLIGHT,SIDESWIPE SAME DIRECTION,NOT DIVIDED,DRY,NO INJURY / DRIVE AWAY,,,"$501 - $1,500",FAILING TO YIELD RIGHT-OF-WAY,2,NO INDICATION OF INJURY,0,0,41.868303185,-87.6408286384,60607,"CHICAGO MIDWAY AIRPORT, IL US",42.0,8.0,24.0,0.0,10.0,16.0
crash_08610,2025-07-30 01:45:00,2025,7,Jul,Wed,1,Night or early morning,30,NO CONTROLS,CLEAR,"DARKNESS, LIGHTED ROAD",PARKED MOTOR VEHICLE,NOT DIVIDED,DRY,INJURY AND / OR TOW DUE TO CRASH,,,"OVER $1,500",UNABLE TO DETERMINE,2,NO INDICATION OF INJURY,0,0,41.8469278652,-87.6954478508,60623,"CHICAGO MIDWAY AIRPORT, IL US",81.0,73.0,77.0,0.0,10.0,6.0
crash_08611,2019-12-25 22:00:00,2019,12,Dec,Wed,22,Night or early morning,30,NO CONTROLS,CLEAR,DAYLIGHT,PARKED MOTOR VEHICLE,NOT DIVIDED,DRY,NO INJURY / DRIVE AWAY,,,"OVER $1,500",UNABLE TO DETERMINE,2,NO INDICATION OF INJURY,0,0,41.9609306687,-87.7203466211,60618,"CHICAGO OHARE INTERNATIONAL AIRPORT, IL US",55.0,46.0,72.0,0.0,10.0,10.0
crash_08612,2023-10-19 15:40:00,2023,10,Oct,Thu,15,Evening commute,40,NO CONTROLS,CLEAR,DAYLIGHT,REAR END,OTHER,DRY,NO INJURY / DRIVE AWAY,,,$500 OR LESS,FOLLOWING TOO CLOSELY,2,NO INDICATION OF INJURY,0,0,,,,,,,,,,
crash_08613,2022-03-25 11:25:00,2022,3,Mar,Fri,11,Daytime,30,TRAFFIC SIGNAL,RAIN,DAYLIGHT,REAR END,NOT DIVIDED,WET,NO INJURY / DRIVE AWAY,,true,"OVER $1,500",FOLLOWING TOO CLOSELY,2,NO INDICATION OF INJURY,0,0,41.9172413008,-87.7068151468,60647,"CHICAGO MIDWAY AIRPORT, IL US",48.0,35.0,61.0,0.0,10.0,14.0
crash_08614,2025-03-13 16:32:00,2025,3,Mar,Thu,16,Evening commute,30,UNKNOWN,CLEAR,DAYLIGHT,PARKED MOTOR VEHICLE,DIVIDED - W/MEDIAN (NOT RAISED),DRY,NO INJURY / DRIVE AWAY,,true,"OVER $1,500",UNABLE TO DETERMINE,2,NO INDICATION OF INJURY,0,0,41.9049451643,-87.6434032163,60610,"CHICAGO MIDWAY AIRPORT, IL US",57.0,29.0,34.0,0.0,10.0,11.0
crash_08615,2025-11-25 08:33:00,2025,11,Nov,Tue,8,Morning commute,30,TRAFFIC SIGNAL,RAIN,DAYLIGHT,PEDESTRIAN,FOUR WAY,WET,INJURY AND / OR TOW DUE TO CRASH,true,true,"OVER $1,500",FAILING TO YIELD RIGHT-OF-WAY,2,NONINCAPACITATING INJURY,1,0,41.8996056082,-87.6675365713,60622,,,,,,,
crash_08616,2025-11-13 08:42:00,2025,11,Nov,Thu,8,Morning commute,15,NO CONTROLS,CLEAR,DAYLIGHT,PARKED MOTOR VEHICLE,NOT DIVIDED,DRY,NO INJURY / DRIVE AWAY,,,$500 OR LESS,UNABLE TO DETERMINE,2,NO INDICATION OF INJURY,0,0,41.9294322253,-87.7233907536,60647,,,,,,,
crash_08617,2019-04-29 07:00:00,2019,4,Apr,Mon,7,Morning commute,30,NO CONTROLS,RAIN,DAYLIGHT,SIDESWIPE SAME DIRECTION,DIVIDED - W/MEDIAN (NOT RAISED),WET,NO INJURY / DRIVE AWAY,,true,$500 OR LESS,UNABLE TO DETERMINE,2,NO INDICATION OF INJURY,0,0,41.9003236027,-87.7558777401,60651,"CHICAGO MIDWAY AIRPORT, IL US",44.0,41.0,89.0,0.16,4.0,11.0
crash_08618,2020-09-18 17:30:00,2020,9,Sep,Fri,17,Evening commute,30,TRAFFIC SIGNAL,CLEAR,"DARKNESS, LIGHTED ROAD",REAR END,DIVIDED - W/MEDIAN (NOT RAISED),DRY,NO INJURY / DRIVE AWAY,,,"$501 - $1,500",FAILING TO YIELD RIGHT-OF-WAY,2,NO INDICATION OF INJURY,0,0,41.946825589,-87.6930531842,60618,"CHICAGO MIDWAY AIRPORT, IL US",57.0,36.0,45.0,0.0,10.0,15.0
crash_08619,2021-02-07 16:00:00,2021,2,Feb,Sun,16,Evening commute,30,NO CONTROLS,CLEAR,DAYLIGHT,PARKED MOTOR VEHICLE,ONE-WAY,ICE,NO INJURY / DRIVE AWAY,,,"OVER $1,500",UNABLE TO DETERMINE,2,NO INDICATION OF INJURY,0,0,41.9382199409,-87.7325060154,60641,"CHICAGO OHARE INTERNATIONAL AIRPORT, IL US",3.0,-11.0,51.0,0.0,10.0,10.0
crash_08620,2019-06-12 09:43:00,2019,6,Jun,Wed,9,Morning commute,30,TRAFFIC SIGNAL,CLEAR,DAYLIGHT,SIDESWIPE SAME DIRECTION,FOUR WAY,DRY,NO INJURY / DRIVE AWAY,true,,"$501 - $1,500",IMPROPER LANE USAGE,2,NO INDICATION OF INJURY,0,0,41.69166843,-87.6810440617,60643,"CHICAGO MIDWAY AIRPORT, IL US",73.0,48.0,41.0,0.0,10.0,14.0
crash_08621,2025-11-24 06:45:00,2025,11,Nov,Mon,6,Morning commute,30,TRAFFIC SIGNAL,CLEAR,DAYLIGHT,PEDESTRIAN,DIVIDED - W/MEDIAN (NOT RAISED),DRY,INJURY AND / OR TOW DUE TO CRASH,true,true,"OVER $1,500",UNABLE TO DETERMINE,2,NONINCAPACITATING INJURY,1,0,41.851753289,-87.714854932,60623,,,,,,,
crash_08622,2018-05-03 16:30:00,2018,5,May,Thu,16,Evening commute,30,NO CONTROLS,CLEAR,DAYLIGHT,PARKED MOTOR VEHICLE,ONE-WAY,DRY,NO INJURY / DRIVE AWAY,,,$500 OR LESS,DRIVING SKILLS/KNOWLEDGE/EXPERIENCE,2,NO INDICATION OF INJURY,0,0,41.9123246863,-87.6445455566,60614,"CHICAGO MIDWAY AIRPORT, IL US",59.0,54.0,83.0,0.0,10.0,3.0
crash_08623,2022-10-11 21:00:00,2022,10,Oct,Tue,21,Night or early morning,30,NO CONTROLS,CLEAR,"DARKNESS, LIGHTED ROAD",SIDESWIPE OPPOSITE DIRECTION,NOT DIVIDED,WET,INJURY AND / OR TOW DUE TO CRASH,,,"OVER $1,500",IMPROPER LANE USAGE,2,NO INDICATION OF INJURY,0,0,41.9603275592,-87.7867466987,60630,"CHICAGO OHARE INTERNATIONAL AIRPORT, IL US",58.0,54.0,87.0,0.0,10.0,10.0
crash_08624,2023-05-16 15:25:00,2023,5,May,Tue,15,Evening commute,25,UNKNOWN,UNKNOWN,DAYLIGHT,PARKED MOTOR VEHICLE,UNKNOWN,UNKNOWN,NO INJURY / DRIVE AWAY,,,"$501 - $1,500",DRIVING SKILLS/KNOWLEDGE/EXPERIENCE,2,NO INDICATION OF INJURY,0,0,41.9599501856,-87.7940912316,60634,"CHICAGO OHARE INTERNATIONAL AIRPORT, IL US",81.0,40.0,23.0,0.0,10.0,13.0
crash_08625,2021-01-26 15:32:00,2021,1,Jan,Tue,15,Evening commute,30,NO CONTROLS,CLEAR,DAYLIGHT,PARKED MOTOR VEHICLE,DIVIDED - W/MEDIAN (NOT RAISED),SNOW OR SLUSH,NO INJURY / DRIVE AWAY,,true,"OVER $1,500",UNABLE TO DETERMINE,2,NO INDICATION OF INJURY,0,0,41.9335114921,-87.7112607891,60618,"CHICAGO MIDWAY AIRPORT, IL US",32.0,27.0,82.0,0.0,0.5,15.0
crash_08626,2018-10-09 17:00:00,2018,10,Oct,Tue,17,Evening commute,30,TRAFFIC SIGNAL,CLEAR,DAYLIGHT,REAR END,NOT DIVIDED,WET,NO INJURY / DRIVE AWAY,true,,"OVER $1,500",FOLLOWING TOO CLOSELY,2,NO INDICATION OF INJURY,0,0,41.8436337779,-87.6535685879,60608,"CHICAGO MIDWAY AIRPORT, IL US",79.0,68.0,69.0,0.09,10.0,3.0
crash_08627,2025-12-11 15:35:00,2025,12,Dec,Thu,15,Evening commute,25,UNKNOWN,CLEAR,DAYLIGHT,SIDESWIPE SAME DIRECTION,NOT DIVIDED,DRY,NO INJURY / DRIVE AWAY,,true,"$501 - $1,500",FOLLOWING TOO CLOSELY,2,NO INDICATION OF INJURY,0,0,41.9105443849,-87.6317970804,60610,,,,,,,
crash_08628,2021-03-22 22:20:00,2021,3,Mar,Mon,22,Night or early morning,30,NO CONTROLS,CLEAR,"DARKNESS, LIGHTED ROAD",ANGLE,T-INTERSECTION,DRY,NO INJURY / DRIVE AWAY,,,"OVER $1,500",FAILING TO YIELD RIGHT-OF-WAY,2,NO INDICATION OF INJURY,0,0,41.9398189188,-87.652819706,60657,"CHICAGO MIDWAY AIRPORT, IL US",58.0,37.0,46.0,0.0,10.0,6.0
crash_08629,2021-04-30 16:05:00,2021,4,Apr,Fri,16,Evening commute,30,STOP SIGN/FLASHER,CLEAR,DAYLIGHT,ANGLE,FOUR WAY,DRY,NO INJURY / DRIVE AWAY,,,"$501 - $1,500",FAILING TO YIELD RIGHT-OF-WAY,2,NO INDICATION OF INJURY,0,0,41.9182353335,-87.6520106815,60614,"CHICAGO MIDWAY AIRPORT, IL US",51.0,29.0,43.0,0.0,10.0,10.0
crash_08630,2020-06-29 06:40:00,2020,6,Jun,Mon,6,Morning commute,30,NO CONTROLS,CLEAR,DAYLIGHT,PARKED MOTOR VEHICLE,DIVIDED - W/MEDIAN BARRIER,DRY,NO INJURY / DRIVE AWAY,,,"$501 - $1,500",DRIVING SKILLS/KNOWLEDGE/EXPERIENCE,2,NO INDICATION OF INJURY,0,0,41.9386655951,-87.6684792002,60657,"CHICAGO MIDWAY AIRPORT, IL US",77.0,71.0,82.0,0.0,10.0,6.0
crash_08631,2025-06-26 22:40:00,2025,6,Jun,Thu,22,Night or early morning,30,NO CONTROLS,CLEAR,DAYLIGHT,PARKED MOTOR VEHICLE,DRIVEWAY,DRY,NO INJURY / DRIVE AWAY,,,"$501 - $1,500",UNABLE TO DETERMINE,2,NO INDICATION OF INJURY,0,0,41.6789479715,-87.6240672369,60628,"CHICAGO MIDWAY AIRPORT, IL US",85.0,69.0,59.0,0.0,10.0,8.0
crash_08632,2018-03-02 12:00:00,2018,3,Mar,Fri,12,Daytime,30,OTHER RAILROAD CROSSING,CLEAR,DAYLIGHT,OTHER NONCOLLISION,DIVIDED - W/MEDIAN BARRIER,DRY,NO INJURY / DRIVE AWAY,,,$500 OR LESS,UNABLE TO DETERMINE,2,NO INDICATION OF INJURY,0,0,41.9170868284,-87.6641961403,60614,"CHICAGO MIDWAY AIRPORT, IL US",44.0,17.0,34.0,0.0,10.0,5.0
crash_08633,2023-10-22 04:12:00,2023,10,Oct,Sun,4,Night or early morning,30,UNKNOWN,CLEAR,"DARKNESS, LIGHTED ROAD",FIXED OBJECT,DIVIDED - W/MEDIAN (NOT RAISED),DRY,INJURY AND / OR TOW DUE TO CRASH,,,"OVER $1,500",UNABLE TO DETERMINE,1,NO INDICATION OF INJURY,0,0,41.8807377317,-87.7208976979,60624,"CHICAGO MIDWAY AIRPORT, IL US",47.0,40.0,77.0,0.0,10.0,10.0
crash_08634,2022-10-03 20:40:00,2022,10,Oct,Mon,20,Night or early morning,25,NO CONTROLS,CLEAR,"DARKNESS, LIGHTED ROAD",PEDALCYCLIST,DIVIDED - W/MEDIAN (NOT RAISED),DRY,INJURY AND / OR TOW DUE TO CRASH,,,$500 OR LESS,UNABLE TO DETERMINE,2,"REPORTED, NOT EVIDENT",1,0,41.7929561077,-87.7404617428,60629,"CHICAGO MIDWAY AIRPORT, IL US",60.0,46.0,60.0,,10.0,0.0
crash_08635,2023-08-26 08:55:00,2023,8,Aug,Sat,8,Morning commute,20,NO CONTROLS,CLEAR,DAYLIGHT,ANGLE,ALLEY,DRY,NO INJURY / DRIVE AWAY,,,"$501 - $1,500",UNABLE TO DETERMINE,2,NO INDICATION OF INJURY,0,0,41.7364427866,-87.6595807195,60620,"CHICAGO MIDWAY AIRPORT, IL US",73.0,66.0,79.0,0.0,10.0,13.0
crash_08636,2018-08-25 04:15:00,2018,8,Aug,Sat,4,Night or early morning,30,NO CONTROLS,RAIN,"DARKNESS, LIGHTED ROAD",TURNING,ONE-WAY,WET,NO INJURY / DRIVE AWAY,,,"OVER $1,500",UNABLE TO DETERMINE,2,NO INDICATION OF INJURY,0,0,41.9251773539,-87.7555248707,60639,"CHICAGO OHARE INTERNATIONAL AIRPORT, IL US",66.0,63.0,90.0,0.01,4.0,7.0
crash_08637,2021-09-19 07:00:00,2021,9,Sep,Sun,7,Morning commute,20,NO CONTROLS,CLEAR,DAYLIGHT,PARKED MOTOR VEHICLE,ONE-WAY,DRY,NO INJURY / DRIVE AWAY,,,"OVER $1,500",DRIVING SKILLS/KNOWLEDGE/EXPERIENCE,3,NO INDICATION OF INJURY,0,0,41.9057466213,-87.6909344223,60622,"CHICAGO MIDWAY AIRPORT, IL US",68.0,59.0,73.0,0.0,10.0,3.0
crash_08638,2021-08-18 16:20:00,2021,8,Aug,Wed,16,Evening commute,30,NO CONTROLS,CLEAR,DAYLIGHT,REAR END,NOT DIVIDED,DRY,INJURY AND / OR TOW DUE TO CRASH,,,"$501 - $1,500",NOT APPLICABLE,2,NONINCAPACITATING INJURY,1,0,41.7777439932,-87.7719462584,60638,"CHICAGO MIDWAY AIRPORT, IL US",85.0,68.0,57.0,,10.0,10.0
crash_08639,2018-03-15 17:45:00,2018,3,Mar,Thu,17,Evening commute,30,STOP SIGN/FLASHER,CLEAR,DAYLIGHT,ANGLE,NOT DIVIDED,DRY,NO INJURY / DRIVE AWAY,true,true,"OVER $1,500",FAILING TO YIELD RIGHT-OF-WAY,2,NO INDICATION OF INJURY,0,0,41.7693275263,-87.6217157871,60637,"CHICAGO MIDWAY AIRPORT, IL US",39.0,25.0,57.0,0.0,10.0,11.0
crash_08640,2023-01-24 08:21:00,2023,1,Jan,Tue,8,Morning commute,30,STOP SIGN/FLASHER,CLEAR,DAYLIGHT,SIDESWIPE SAME DIRECTION,NOT DIVIDED,DRY,NO INJURY / DRIVE AWAY,,true,"OVER $1,500",IMPROPER OVERTAKING/PASSING,2,NO INDICATION OF INJURY,0,0,41.7859020177,-87.7181770049,60629,"CHICAGO MIDWAY AIRPORT, IL US",29.0,24.0,82.0,0.0,8.0,8.0
crash_08641,2023-02-25 11:55:00,2023,2,Feb,Sat,11,Daytime,30,STOP SIGN/FLASHER,CLEAR,DAYLIGHT,ANGLE,FOUR WAY,DRY,INJURY AND / OR TOW DUE TO CRASH,false,,"OVER $1,500",FAILING TO YIELD RIGHT-OF-WAY,2,"REPORTED, NOT EVIDENT",3,0,41.7994232311,-87.663367399,60609,"CHICAGO MIDWAY AIRPORT, IL US",33.0,24.0,70.0,0.0,10.0,10.0
crash_08642,2020-05-13 18:10:00,2020,5,May,Wed,18,Evening commute,35,TRAFFIC SIGNAL,CLEAR,DAWN,REAR END,NOT DIVIDED,DRY,NO INJURY / DRIVE AWAY,,,$500 OR LESS,FOLLOWING TOO CLOSELY,2,NO INDICATION OF INJURY,0,0,41.785633439,-87.6836639263,60636,"CHICAGO MIDWAY AIRPORT, IL US",66.0,35.0,32.0,0.0,10.0,13.0
crash_08643,2024-05-03 22:07:00,2024,5,May,Fri,22,Night or early morning,30,STOP SIGN/FLASHER,CLEAR,"DARKNESS, LIGHTED ROAD",TURNING,T-INTERSECTION,DRY,INJURY AND / OR TOW DUE TO CRASH,true,,"OVER $1,500",IMPROPER TURNING/NO SIGNAL,2,INCAPACITATING INJURY,1,0,41.8055714663,-87.5892740261,60615,"CHICAGO MIDWAY AIRPORT, IL US",59.0,31.0,35.0,0.0,10.0,8.0
crash_08644,2018-02-27 16:30:00,2018,2,Feb,Tue,16,Evening commute,30,NO CONTROLS,CLEAR,DAYLIGHT,ANGLE,ONE-WAY,DRY,NO INJURY / DRIVE AWAY,true,,"OVER $1,500",FAILING TO YIELD RIGHT-OF-WAY,2,NO INDICATION OF INJURY,0,0,41.9521263158,-87.7719990437,60634,"CHICAGO OHARE INTERNATIONAL AIRPORT, IL US",59.0,34.0,39.0,0.0,10.0,16.0
crash_08645,2023-04-14 11:00:00,2023,4,Apr,Fri,11,Daytime,30,NO CONTROLS,CLEAR,DAYLIGHT,SIDESWIPE SAME DIRECTION,NOT DIVIDED,DRY,NO INJURY / DRIVE AWAY,,true,"OVER $1,500",NOT APPLICABLE,2,NO INDICATION OF INJURY,0,0,41.7788185771,-87.7059035755,60629,"CHICAGO MIDWAY AIRPORT, IL US",77.0,39.0,26.0,0.0,10.0,5.0
crash_08646,2021-09-11 16:35:00,2021,9,Sep,Sat,16,Evening commute,30,TRAFFIC SIGNAL,CLEAR,DAYLIGHT,PEDALCYCLIST,Y-INTERSECTION,DRY,INJURY AND / OR TOW DUE TO CRASH,true,,"$501 - $1,500",FAILING TO YIELD RIGHT-OF-WAY,2,NONINCAPACITATING INJURY,1,0,41.8956424498,-87.6542629709,60642,"CHICAGO MIDWAY AIRPORT, IL US",87.0,64.0,46.0,0.0,10.0,15.0
crash_08647,2019-03-11 12:00:00,2019,3,Mar,Mon,12,Daytime,30,YIELD,CLEAR,DAYLIGHT,REAR END,ONE-WAY,DRY,NO INJURY / DRIVE AWAY,,,$500 OR LESS,UNABLE TO DETERMINE,2,NO INDICATION OF INJURY,0,0,41.8090525862,-87.6307401664,60609,"CHICAGO MIDWAY AIRPORT, IL US",35.0,16.0,46.0,0.0,10.0,9.0
crash_08648,2021-09-27 05:10:00,2021,9,Sep,Mon,5,Night or early morning,35,NO CONTROLS,CLEAR,DAWN,FIXED OBJECT,DIVIDED - W/MEDIAN BARRIER,DRY,NO INJURY / DRIVE AWAY,,,"OVER $1,500",UNABLE TO DETERMINE,1,NO INDICATION OF INJURY,0,0,41.9681321929,-87.7481218378,60630,"CHICAGO OHARE INTERNATIONAL AIRPORT, IL US",67.0,56.0,68.0,0.0,10.0,10.0
crash_08649,2023-11-27 08:06:00,2023,11,Nov,Mon,8,Morning commute,40,NO CONTROLS,CLEAR,DAYLIGHT,REAR END,DIVIDED - W/MEDIAN BARRIER,DRY,NO INJURY / DRIVE AWAY,,,"OVER $1,500",DRIVING SKILLS/KNOWLEDGE/EXPERIENCE,2,NO INDICATION OF INJURY,0,0,41.8059150738,-87.5848390166,60615,"CHICAGO MIDWAY AIRPORT, IL US",26.0,12.0,55.0,0.0,10.0,16.0
crash_08650,2025-12-19 21:31:00,2025,12,Dec,Fri,21,Night or early morning,30,UNKNOWN,CLEAR,"DARKNESS, LIGHTED ROAD",HEAD ON,UNKNOWN INTERSECTION TYPE,UNKNOWN,NO INJURY / DRIVE AWAY,,,"OVER $1,500",UNABLE TO DETERMINE,2,NO INDICATION OF INJURY,0,0,41.8075550983,-87.6229359272,60615,,,,,,,
crash_08651,2022-05-30 17:20:00,2022,5,May,Mon,17,Evening commute,30,TRAFFIC SIGNAL,CLEAR,DAYLIGHT,REAR END,NOT DIVIDED,DRY,NO INJURY / DRIVE AWAY,,,"OVER $1,500",FOLLOWING TOO CLOSELY,2,NO INDICATION OF INJURY,0,0,41.9821744213,-87.6598808338,60640,"CHICAGO OHARE INTERNATIONAL AIRPORT, IL US",88.0,58.0,36.0,0.0,10.0,20.0
crash_08652,2024-02-14 06:30:00,2024,2,Feb,Wed,6,Morning commute,35,TRAFFIC SIGNAL,CLEAR,DAYLIGHT,REAR END,NOT DIVIDED,DRY,NO INJURY / DRIVE AWAY,,,"OVER $1,500",NOT APPLICABLE,2,NO INDICATION OF INJURY,0,0,41.8449761349,-87.6856002343,60608,"CHICAGO MIDWAY AIRPORT, IL US",30.0,21.0,69.0,0.0,10.0,6.0
crash_08653,2025-04-29 18:08:00,2025,4,Apr,Tue,18,Evening commute,30,NO CONTROLS,CLEAR,DAYLIGHT,PEDALCYCLIST,DIVIDED - W/MEDIAN (NOT RAISED),DRY,NO INJURY / DRIVE AWAY,,true,"OVER $1,500",UNABLE TO DETERMINE,2,NO INDICATION OF INJURY,0,0,41.9753432848,-87.7356931416,60630,"CHICAGO OHARE INTERNATIONAL AIRPORT, IL US",65.0,44.0,47.0,,10.0,9.0
crash_08654,2022-04-10 23:49:00,2022,4,Apr,Sun,23,Night or early morning,30,STOP SIGN/FLASHER,CLEAR,"DARKNESS, LIGHTED ROAD",HEAD ON,T-INTERSECTION,DRY,INJURY AND / OR TOW DUE TO CRASH,true,,"OVER $1,500",FAILING TO REDUCE SPEED TO AVOID CRASH,2,NO INDICATION OF INJURY,0,0,41.8442747984,-87.730838378,60623,"CHICAGO MIDWAY AIRPORT, IL US",61.0,37.0,41.0,0.0,10.0,17.0
crash_08655,2019-03-18 12:55:00,2019,3,Mar,Mon,12,Daytime,30,STOP SIGN/FLASHER,CLEAR,DAYLIGHT,REAR END,NOT DIVIDED,DRY,NO INJURY / DRIVE AWAY,,,"$501 - $1,500",FOLLOWING TOO CLOSELY,2,NO INDICATION OF INJURY,0,0,41.9235058409,-87.663409316,60614,"CHICAGO MIDWAY AIRPORT, IL US",42.0,23.0,47.0,0.0,10.0,9.0