crash_id,crash_datetime,crash_year,crash_month,crash_month_name,crash_weekday_name,crash_hour,time_period,posted_speed_limit_mph,traffic_control_device,reported_weather_condition,reported_lighting_condition,first_crash_type,trafficway_type,reported_road_surface_condition,crash_type,intersection_related,hit_and_run,estimated_damage,primary_contributory_cause,unit_count,most_severe_injury,injuries_total,injuries_fatal,latitude,longitude,zip5,weather_station_name,temperature_f,dew_point_f,relative_humidity_percent,precipitation_inches,visibility_miles,wind_speed_mph
crash_08656,2020-02-26 12:00:00,2020,2,Feb,Wed,12,Daytime,30,NO CONTROLS,CLEAR,DAYLIGHT,TURNING,NOT DIVIDED,WET,NO INJURY / DRIVE AWAY,,,"$501 - $1,500",FAILING TO YIELD RIGHT-OF-WAY,3,NO INDICATION OF INJURY,0,0,41.7585143008,-87.6014959537,60619,"CHICAGO MIDWAY AIRPORT, IL US",31.0,24.0,76.0,0.0,9.0,21.0
crash_08657,2025-02-15 11:20:00,2025,2,Feb,Sat,11,Daytime,30,TRAFFIC SIGNAL,CLEAR,DAYLIGHT,REAR END,NOT DIVIDED,DRY,NO INJURY / DRIVE AWAY,,,"OVER $1,500",FOLLOWING TOO CLOSELY,2,NO INDICATION OF INJURY,0,0,41.9527810435,-87.7882574154,60634,"CHICAGO OHARE INTERNATIONAL AIRPORT, IL US",33.0,25.0,72.0,0.0,8.0,5.0
crash_08658,2023-06-08 04:30:00,2023,6,Jun,Thu,4,Night or early morning,15,NO CONTROLS,CLEAR,"DARKNESS, LIGHTED ROAD",FIXED OBJECT,ALLEY,DRY,INJURY AND / OR TOW DUE TO CRASH,,true,"OVER $1,500",UNABLE TO DETERMINE,1,NONINCAPACITATING INJURY,1,0,41.6507331213,-87.5388145207,60633,"CHICAGO MIDWAY AIRPORT, IL US",56.0,48.0,75.0,0.0,10.0,6.0
crash_08659,2020-11-19 18:22:00,2020,11,Nov,Thu,18,Evening commute,30,TRAFFIC SIGNAL,UNKNOWN,UNKNOWN,ANGLE,ONE-WAY,UNKNOWN,NO INJURY / DRIVE AWAY,true,,"OVER $1,500",DISREGARDING TRAFFIC SIGNALS,2,NO INDICATION OF INJURY,0,0,41.7436384821,-87.6197140983,60619,"CHICAGO MIDWAY AIRPORT, IL US",62.0,33.0,34.0,0.0,10.0,22.0
crash_08660,2024-03-16 12:40:00,2024,3,Mar,Sat,12,Daytime,20,NO CONTROLS,CLEAR,DAYLIGHT,REAR END,NOT DIVIDED,DRY,NO INJURY / DRIVE AWAY,,,"$501 - $1,500",FOLLOWING TOO CLOSELY,2,NO INDICATION OF INJURY,0,0,41.9949189349,-87.6553882375,60660,"CHICAGO OHARE INTERNATIONAL AIRPORT, IL US",56.0,39.0,53.0,0.0,10.0,21.0
crash_08661,2023-11-11 01:18:00,2023,11,Nov,Sat,1,Night or early morning,30,NO CONTROLS,CLEAR,"DARKNESS, LIGHTED ROAD",PARKED MOTOR VEHICLE,NOT DIVIDED,DRY,INJURY AND / OR TOW DUE TO CRASH,,,"OVER $1,500","OPERATING VEHICLE IN ERRATIC, RECKLESS, CARELESS, NEGLIGENT OR AGGRESSIVE MANNER",2,NO INDICATION OF INJURY,0,0,41.8176182152,-87.7042028513,60632,"CHICAGO MIDWAY AIRPORT, IL US",35.0,27.0,72.0,0.0,10.0,7.0
crash_08662,2021-05-04 14:00:00,2021,5,May,Tue,14,Daytime,30,NO CONTROLS,CLEAR,DAYLIGHT,PARKED MOTOR VEHICLE,PARKING LOT,DRY,NO INJURY / DRIVE AWAY,,true,"OVER $1,500",UNABLE TO DETERMINE,2,NO INDICATION OF INJURY,0,0,41.8746442832,-87.6296485038,60605,"CHICAGO MIDWAY AIRPORT, IL US",50.0,46.0,86.0,0.0,3.0,8.0
crash_08663,2019-07-30 13:20:00,2019,7,Jul,Tue,13,Daytime,25,NO CONTROLS,CLEAR,DAYLIGHT,REAR END,ONE-WAY,DRY,NO INJURY / DRIVE AWAY,,,"$501 - $1,500",UNABLE TO DETERMINE,2,NO INDICATION OF INJURY,0,0,,,,,,,,,,
crash_08664,2022-10-29 01:30:00,2022,10,Oct,Sat,1,Night or early morning,30,TRAFFIC SIGNAL,CLEAR,"DARKNESS, LIGHTED ROAD",ANGLE,NOT DIVIDED,DRY,NO INJURY / DRIVE AWAY,true,,"$501 - $1,500",FAILING TO YIELD RIGHT-OF-WAY,2,NO INDICATION OF INJURY,0,0,41.9239995025,-87.7560195174,60639,"CHICAGO OHARE INTERNATIONAL AIRPORT, IL US",42.0,38.0,85.0,0.0,9.0,0.0
crash_08665,2020-10-02 10:19:00,2020,10,Oct,Fri,10,Daytime,35,STOP SIGN/FLASHER,CLEAR,DAYLIGHT,TURNING,FOUR WAY,DRY,INJURY AND / OR TOW DUE TO CRASH,true,,"OVER $1,500",UNABLE TO DETERMINE,2,"REPORTED, NOT EVIDENT",1,0,41.756004194,-87.5855222349,60649,"CHICAGO MIDWAY AIRPORT, IL US",50.0,29.0,44.0,0.0,10.0,10.0
crash_08666,2024-10-19 15:40:00,2024,10,Oct,Sat,15,Evening commute,30,TRAFFIC SIGNAL,CLEAR,DAYLIGHT,SIDESWIPE SAME DIRECTION,FOUR WAY,DRY,NO INJURY / DRIVE AWAY,true,,"$501 - $1,500",IMPROPER OVERTAKING/PASSING,2,NO INDICATION OF INJURY,0,0,41.8074635862,-87.6940355044,60632,"CHICAGO MIDWAY AIRPORT, IL US",72.0,37.0,28.0,0.0,10.0,10.0
crash_08667,2018-02-17 05:00:00,2018,2,Feb,Sat,5,Night or early morning,30,TRAFFIC SIGNAL,CLEAR,"DARKNESS, LIGHTED ROAD",HEAD ON,NOT DIVIDED,DRY,INJURY AND / OR TOW DUE TO CRASH,,,"OVER $1,500",IMPROPER LANE USAGE,2,"REPORTED, NOT EVIDENT",2,0,41.743790733,-87.6353103261,60620,"CHICAGO MIDWAY AIRPORT, IL US",17.0,10.0,74.0,0.0,10.0,5.0
crash_08668,2018-09-09 18:30:00,2018,9,Sep,Sun,18,Evening commute,30,TRAFFIC SIGNAL,CLEAR,DAWN,ANGLE,DIVIDED - W/MEDIAN (NOT RAISED),UNKNOWN,NO INJURY / DRIVE AWAY,true,,"$501 - $1,500",UNABLE TO DETERMINE,2,NO INDICATION OF INJURY,0,0,41.8369177881,-87.7171747776,60623,"CHICAGO MIDWAY AIRPORT, IL US",67.0,49.0,53.0,0.0,10.0,18.0
crash_08669,2019-01-29 19:30:00,2019,1,Jan,Tue,19,Night or early morning,30,NO CONTROLS,CLEAR,"DARKNESS, LIGHTED ROAD",SIDESWIPE SAME DIRECTION,NOT DIVIDED,SNOW OR SLUSH,NO INJURY / DRIVE AWAY,,,"OVER $1,500",UNABLE TO DETERMINE,2,NO INDICATION OF INJURY,0,0,41.9385004375,-87.7638263292,60641,"CHICAGO OHARE INTERNATIONAL AIRPORT, IL US",-4.0,-13.0,65.0,0.0,10.0,17.0
crash_08670,2024-12-16 22:10:00,2024,12,Dec,Mon,22,Night or early morning,30,STOP SIGN/FLASHER,CLEAR,"DARKNESS, LIGHTED ROAD",REAR END,NOT DIVIDED,DRY,NO INJURY / DRIVE AWAY,,,"OVER $1,500",FOLLOWING TOO CLOSELY,2,NO INDICATION OF INJURY,0,0,41.9174214868,-87.6923178126,60647,"CHICAGO MIDWAY AIRPORT, IL US",38.0,34.0,86.0,,10.0,14.0
crash_08671,2022-05-07 12:15:00,2022,5,May,Sat,12,Daytime,30,UNKNOWN,UNKNOWN,DAYLIGHT,SIDESWIPE SAME DIRECTION,NOT DIVIDED,UNKNOWN,NO INJURY / DRIVE AWAY,,,"$501 - $1,500",UNABLE TO DETERMINE,2,NO INDICATION OF INJURY,0,0,41.7786249931,-87.7350293641,60629,"CHICAGO MIDWAY AIRPORT, IL US",63.0,32.0,31.0,0.0,10.0,11.0
crash_08672,2018-04-27 22:30:00,2018,4,Apr,Fri,22,Night or early morning,35,TRAFFIC SIGNAL,CLEAR,"DARKNESS, LIGHTED ROAD",REAR END,DIVIDED - W/MEDIAN BARRIER,DRY,NO INJURY / DRIVE AWAY,,,"OVER $1,500",FAILING TO REDUCE SPEED TO AVOID CRASH,2,NO INDICATION OF INJURY,0,0,41.7331879659,-87.5857126979,60619,"CHICAGO MIDWAY AIRPORT, IL US",41.0,36.0,82.0,,10.0,17.0
crash_08673,2023-03-21 08:00:00,2023,3,Mar,Tue,8,Morning commute,30,NO CONTROLS,CLEAR,DAYLIGHT,REAR END,NOT DIVIDED,DRY,NO INJURY / DRIVE AWAY,,,"OVER $1,500",FAILING TO REDUCE SPEED TO AVOID CRASH,2,NO INDICATION OF INJURY,0,0,41.9201851106,-87.7851891574,60639,"CHICAGO OHARE INTERNATIONAL AIRPORT, IL US",38.0,26.0,62.0,0.0,10.0,8.0
crash_08674,2021-12-27 07:55:00,2021,12,Dec,Mon,7,Morning commute,30,TRAFFIC SIGNAL,RAIN,DAYLIGHT,TURNING,FOUR WAY,WET,INJURY AND / OR TOW DUE TO CRASH,,,"OVER $1,500","OPERATING VEHICLE IN ERRATIC, RECKLESS, CARELESS, NEGLIGENT OR AGGRESSIVE MANNER",2,NONINCAPACITATING INJURY,1,0,41.8468404693,-87.6463255949,60616,"CHICAGO MIDWAY AIRPORT, IL US",41.0,38.0,89.0,0.0,2.0,0.0
crash_08675,2023-02-26 06:20:00,2023,2,Feb,Sun,6,Morning commute,30,NO CONTROLS,CLEAR,DAWN,PARKED MOTOR VEHICLE,DIVIDED - W/MEDIAN (NOT RAISED),ICE,INJURY AND / OR TOW DUE TO CRASH,,,"OVER $1,500",FAILING TO REDUCE SPEED TO AVOID CRASH,5,NO INDICATION OF INJURY,0,0,41.9209159784,-87.7268171657,60639,"CHICAGO MIDWAY AIRPORT, IL US",28.0,25.0,88.0,0.0,10.0,5.0
crash_08676,2023-05-05 21:20:00,2023,5,May,Fri,21,Night or early morning,30,NO CONTROLS,CLEAR,"DARKNESS, LIGHTED ROAD",PARKED MOTOR VEHICLE,DIVIDED - W/MEDIAN (NOT RAISED),DRY,INJURY AND / OR TOW DUE TO CRASH,,,"OVER $1,500",DISTRACTION - FROM OUTSIDE VEHICLE,3,NO INDICATION OF INJURY,0,0,41.7666559999,-87.680822633,60636,"CHICAGO MIDWAY AIRPORT, IL US",72.0,41.0,33.0,0.0,10.0,13.0
crash_08677,2020-05-07 17:35:00,2020,5,May,Thu,17,Evening commute,30,TRAFFIC SIGNAL,CLEAR,DAYLIGHT,REAR END,FOUR WAY,DRY,NO INJURY / DRIVE AWAY,true,,"OVER $1,500",UNABLE TO DETERMINE,2,NO INDICATION OF INJURY,0,0,41.8521413068,-87.6857526416,60608,"CHICAGO MIDWAY AIRPORT, IL US",52.0,26.0,37.0,0.0,10.0,13.0
crash_08678,2025-07-27 11:30:00,2025,7,Jul,Sun,11,Daytime,30,NO CONTROLS,CLEAR,DAYLIGHT,SIDESWIPE OPPOSITE DIRECTION,NOT DIVIDED,DRY,NO INJURY / DRIVE AWAY,,,$500 OR LESS,UNABLE TO DETERMINE,2,NO INDICATION OF INJURY,0,0,41.810145958,-87.6979933863,60632,"CHICAGO MIDWAY AIRPORT, IL US",86.0,73.0,65.0,0.0,10.0,6.0
crash_08679,2019-04-25 05:25:00,2019,4,Apr,Thu,5,Night or early morning,45,NO CONTROLS,CLEAR,DAYLIGHT,OTHER OBJECT,DIVIDED - W/MEDIAN BARRIER,DRY,INJURY AND / OR TOW DUE TO CRASH,,true,"OVER $1,500",UNABLE TO DETERMINE,2,NO INDICATION OF INJURY,0,0,41.8940867538,-87.6151762865,60611,"CHICAGO MIDWAY AIRPORT, IL US",50.0,40.0,68.0,0.0,10.0,3.0
crash_08680,2018-04-19 15:29:00,2018,4,Apr,Thu,15,Evening commute,30,TRAFFIC SIGNAL,CLEAR,DAYLIGHT,SIDESWIPE SAME DIRECTION,DIVIDED - W/MEDIAN (NOT RAISED),DRY,NO INJURY / DRIVE AWAY,,,$500 OR LESS,IMPROPER LANE USAGE,2,NO INDICATION OF INJURY,0,0,41.8968743636,-87.6221206945,60611,"CHICAGO MIDWAY AIRPORT, IL US",53.0,19.0,26.0,0.0,10.0,13.0
crash_08681,2024-11-07 04:30:00,2024,11,Nov,Thu,4,Night or early morning,30,UNKNOWN,UNKNOWN,UNKNOWN,PARKED MOTOR VEHICLE,NOT DIVIDED,UNKNOWN,NO INJURY / DRIVE AWAY,,true,"$501 - $1,500",UNABLE TO DETERMINE,2,NO INDICATION OF INJURY,0,0,41.9996542827,-87.6898735532,60645,"CHICAGO OHARE INTERNATIONAL AIRPORT, IL US",47.0,39.0,74.0,0.0,10.0,7.0
crash_08682,2018-04-21 17:15:00,2018,4,Apr,Sat,17,Evening commute,30,NO CONTROLS,CLEAR,DAWN,TURNING,NOT DIVIDED,DRY,NO INJURY / DRIVE AWAY,true,,$500 OR LESS,UNABLE TO DETERMINE,2,NO INDICATION OF INJURY,0,0,41.8940953161,-87.6243835709,60611,"CHICAGO MIDWAY AIRPORT, IL US",53.0,23.0,31.0,0.0,10.0,10.0
crash_08683,2022-07-06 15:30:00,2022,7,Jul,Wed,15,Evening commute,30,TRAFFIC SIGNAL,CLEAR,DAYLIGHT,REAR END,NOT DIVIDED,DRY,NO INJURY / DRIVE AWAY,,,"$501 - $1,500",FOLLOWING TOO CLOSELY,2,NO INDICATION OF INJURY,0,0,42.0193742058,-87.684571147,60645,"CHICAGO OHARE INTERNATIONAL AIRPORT, IL US",77.0,67.0,71.0,,10.0,14.0
crash_08684,2023-05-17 16:00:00,2023,5,May,Wed,16,Evening commute,30,NO CONTROLS,CLEAR,DAYLIGHT,SIDESWIPE SAME DIRECTION,DIVIDED - W/MEDIAN BARRIER,DRY,NO INJURY / DRIVE AWAY,,false,"OVER $1,500",IMPROPER OVERTAKING/PASSING,2,NO INDICATION OF INJURY,0,0,41.8091306798,-87.6651308271,60609,"CHICAGO MIDWAY AIRPORT, IL US",61.0,39.0,44.0,0.0,10.0,15.0
crash_08685,2022-12-22 17:30:00,2022,12,Dec,Thu,17,Evening commute,30,NO CONTROLS,SNOW,"DARKNESS, LIGHTED ROAD",REAR END,ONE-WAY,SNOW OR SLUSH,NO INJURY / DRIVE AWAY,,,"$501 - $1,500",WEATHER,2,NO INDICATION OF INJURY,0,0,41.6980048597,-87.6197728379,60628,"CHICAGO MIDWAY AIRPORT, IL US",5.0,-1.0,76.0,0.0,0.5,17.0
crash_08686,2024-07-19 13:30:00,2024,7,Jul,Fri,13,Daytime,30,NO CONTROLS,CLEAR,DAYLIGHT,ANGLE,FOUR WAY,DRY,NO INJURY / DRIVE AWAY,true,,"OVER $1,500",FAILING TO YIELD RIGHT-OF-WAY,2,NO INDICATION OF INJURY,0,0,41.9828889408,-87.7842611001,60630,"CHICAGO OHARE INTERNATIONAL AIRPORT, IL US",77.0,53.0,43.0,0.0,10.0,0.0
crash_08687,2021-02-05 14:35:00,2021,2,Feb,Fri,14,Daytime,30,NO CONTROLS,SNOW,DAYLIGHT,PARKED MOTOR VEHICLE,ONE-WAY,SNOW OR SLUSH,NO INJURY / DRIVE AWAY,,,"OVER $1,500",WEATHER,2,NO INDICATION OF INJURY,0,0,41.9630703747,-87.7128006898,60625,"CHICAGO OHARE INTERNATIONAL AIRPORT, IL US",14.0,4.0,64.0,0.0,10.0,26.0
crash_08688,2024-06-17 16:40:00,2024,6,Jun,Mon,16,Evening commute,30,NO CONTROLS,CLEAR,DAYLIGHT,ANGLE,NOT DIVIDED,DRY,NO INJURY / DRIVE AWAY,,,"OVER $1,500",IMPROPER OVERTAKING/PASSING,2,NO INDICATION OF INJURY,0,0,41.8808806698,-87.6169755904,60603,"CHICAGO MIDWAY AIRPORT, IL US",95.0,65.0,37.0,0.0,10.0,15.0
crash_08689,2018-06-28 15:00:00,2018,6,Jun,Thu,15,Evening commute,25,NO CONTROLS,CLEAR,DAYLIGHT,REAR END,DIVIDED - W/MEDIAN (NOT RAISED),DRY,NO INJURY / DRIVE AWAY,,true,"$501 - $1,500",UNABLE TO DETERMINE,2,NO INDICATION OF INJURY,0,0,41.8258791502,-87.6852308732,60632,"CHICAGO MIDWAY AIRPORT, IL US",85.0,68.0,57.0,0.0,10.0,11.0
crash_08690,2018-10-14 10:00:00,2018,10,Oct,Sun,10,Daytime,30,NO CONTROLS,CLEAR,DAYLIGHT,SIDESWIPE SAME DIRECTION,NOT DIVIDED,DRY,NO INJURY / DRIVE AWAY,,,"$501 - $1,500",IMPROPER LANE USAGE,2,NO INDICATION OF INJURY,0,0,41.7078495554,-87.5808542712,60617,"CHICAGO MIDWAY AIRPORT, IL US",50.0,38.0,63.0,0.0,10.0,6.0
crash_08691,2020-08-12 18:15:00,2020,8,Aug,Wed,18,Evening commute,30,TRAFFIC SIGNAL,CLEAR,DAYLIGHT,TURNING,NOT DIVIDED,DRY,INJURY AND / OR TOW DUE TO CRASH,true,,"OVER $1,500",DRIVING ON WRONG SIDE/WRONG WAY,2,NONINCAPACITATING INJURY,1,0,41.8804715738,-87.7380330582,60624,"CHICAGO MIDWAY AIRPORT, IL US",82.0,60.0,47.0,0.0,10.0,10.0
crash_08692,2019-10-22 06:18:00,2019,10,Oct,Tue,6,Morning commute,30,NO CONTROLS,CLEAR,DARKNESS,REAR END,NOT DIVIDED,DRY,NO INJURY / DRIVE AWAY,,,"$501 - $1,500",UNABLE TO DETERMINE,2,NO INDICATION OF INJURY,0,0,41.9003877864,-87.6378190165,60610,"CHICAGO MIDWAY AIRPORT, IL US",49.0,42.0,77.0,0.0,10.0,18.0
crash_08693,2019-12-07 13:15:00,2019,12,Dec,Sat,13,Daytime,30,NO CONTROLS,CLEAR,DAYLIGHT,ANGLE,ONE-WAY,DRY,NO INJURY / DRIVE AWAY,,,"$501 - $1,500",IMPROPER BACKING,2,NO INDICATION OF INJURY,0,0,41.7585634328,-87.6126178735,60619,"CHICAGO MIDWAY AIRPORT, IL US",37.0,24.0,59.0,0.0,10.0,11.0
crash_08694,2020-10-30 18:30:00,2020,10,Oct,Fri,18,Evening commute,35,TRAFFIC SIGNAL,CLEAR,DAYLIGHT,ANGLE,NOT DIVIDED,DRY,NO INJURY / DRIVE AWAY,,true,"$501 - $1,500",UNABLE TO DETERMINE,2,NO INDICATION OF INJURY,0,0,41.94577243,-87.7863727505,60634,"CHICAGO OHARE INTERNATIONAL AIRPORT, IL US",37.0,24.0,59.0,0.0,10.0,8.0
crash_08695,2018-05-22 16:03:00,2018,5,May,Tue,16,Evening commute,30,TRAFFIC SIGNAL,UNKNOWN,DAYLIGHT,ANGLE,NOT DIVIDED,DRY,NO INJURY / DRIVE AWAY,,true,"$501 - $1,500",UNABLE TO DETERMINE,2,NO INDICATION OF INJURY,0,0,41.7933274013,-87.7624662365,60638,"CHICAGO MIDWAY AIRPORT, IL US",63.0,54.0,73.0,0.0,9.0,7.0
crash_08696,2018-05-30 17:40:00,2018,5,May,Wed,17,Evening commute,30,NO CONTROLS,UNKNOWN,DAYLIGHT,PARKED MOTOR VEHICLE,ONE-WAY,UNKNOWN,NO INJURY / DRIVE AWAY,,,"$501 - $1,500",UNABLE TO DETERMINE,3,NO INDICATION OF INJURY,0,0,41.7445869305,-87.6667906663,60620,"CHICAGO MIDWAY AIRPORT, IL US",78.0,70.0,76.0,0.0,10.0,6.0
crash_08697,2023-03-10 22:00:00,2023,3,Mar,Fri,22,Night or early morning,20,NO CONTROLS,CLEAR,"DARKNESS, LIGHTED ROAD",PARKED MOTOR VEHICLE,NOT DIVIDED,DRY,NO INJURY / DRIVE AWAY,,true,"$501 - $1,500",UNABLE TO DETERMINE,2,NO INDICATION OF INJURY,0,0,41.9900949178,-87.6609552753,60660,"CHICAGO OHARE INTERNATIONAL AIRPORT, IL US",34.0,28.0,79.0,0.0,4.0,11.0
crash_08698,2024-10-05 23:00:00,2024,10,Oct,Sat,23,Night or early morning,10,NO CONTROLS,CLEAR,"DARKNESS, LIGHTED ROAD",PARKED MOTOR VEHICLE,PARKING LOT,DRY,NO INJURY / DRIVE AWAY,,true,"$501 - $1,500",IMPROPER BACKING,2,NO INDICATION OF INJURY,0,0,41.7072061162,-87.6288150024,60628,"CHICAGO MIDWAY AIRPORT, IL US",77.0,57.0,50.0,0.0,10.0,18.0
crash_08699,2020-12-29 19:00:00,2020,12,Dec,Tue,19,Night or early morning,30,NO CONTROLS,SNOW,"DARKNESS, LIGHTED ROAD",PARKED MOTOR VEHICLE,NOT DIVIDED,SNOW OR SLUSH,NO INJURY / DRIVE AWAY,,true,"OVER $1,500",UNABLE TO DETERMINE,2,NO INDICATION OF INJURY,0,0,41.9316804569,-87.6322702753,60614,"CHICAGO MIDWAY AIRPORT, IL US",29.0,24.0,82.0,0.0,2.0,20.0
crash_08700,2022-10-13 17:56:00,2022,10,Oct,Thu,17,Evening commute,25,STOP SIGN/FLASHER,CLEAR,DAYLIGHT,ANGLE,UNKNOWN INTERSECTION TYPE,DRY,NO INJURY / DRIVE AWAY,true,true,"OVER $1,500","OPERATING VEHICLE IN ERRATIC, RECKLESS, CARELESS, NEGLIGENT OR AGGRESSIVE MANNER",2,NO INDICATION OF INJURY,0,0,41.7194524138,-87.6675897273,60643,"CHICAGO MIDWAY AIRPORT, IL US",48.0,28.0,46.0,0.0,10.0,10.0
crash_08701,2021-05-16 12:30:00,2021,5,May,Sun,12,Daytime,30,TRAFFIC SIGNAL,CLEAR,DAYLIGHT,SIDESWIPE SAME DIRECTION,NOT DIVIDED,DRY,NO INJURY / DRIVE AWAY,,true,"$501 - $1,500",UNABLE TO DETERMINE,2,NO INDICATION OF INJURY,0,0,41.8586185085,-87.6688227892,60608,"CHICAGO MIDWAY AIRPORT, IL US",71.0,46.0,41.0,0.0,10.0,6.0
crash_08702,2024-12-27 17:28:00,2024,12,Dec,Fri,17,Evening commute,30,NO CONTROLS,RAIN,DUSK,TURNING,PARKING LOT,WET,INJURY AND / OR TOW DUE TO CRASH,,true,"OVER $1,500",UNABLE TO DETERMINE,2,NONINCAPACITATING INJURY,1,0,41.7220031253,-87.6140856363,60619,"CHICAGO MIDWAY AIRPORT, IL US",51.0,49.0,92.0,0.0,2.5,11.0
crash_08703,2024-06-16 13:50:00,2024,6,Jun,Sun,13,Daytime,30,NO CONTROLS,CLEAR,DAYLIGHT,SIDESWIPE SAME DIRECTION,DIVIDED - W/MEDIAN (NOT RAISED),DRY,INJURY AND / OR TOW DUE TO CRASH,,,"OVER $1,500",IMPROPER OVERTAKING/PASSING,2,NO INDICATION OF INJURY,0,0,41.7422668214,-87.5859142858,60619,"CHICAGO MIDWAY AIRPORT, IL US",93.0,65.0,40.0,0.0,10.0,20.0
crash_08704,2019-03-14 14:21:00,2019,3,Mar,Thu,14,Daytime,30,TRAFFIC SIGNAL,CLEAR,DAYLIGHT,SIDESWIPE SAME DIRECTION,NOT DIVIDED,DRY,NO INJURY / DRIVE AWAY,,true,$500 OR LESS,IMPROPER LANE USAGE,2,NO INDICATION OF INJURY,0,0,41.7796575004,-87.6449309928,60621,"CHICAGO MIDWAY AIRPORT, IL US",61.0,54.0,78.0,0.01,10.0,23.0
crash_08705,2020-04-17 17:12:00,2020,4,Apr,Fri,17,Evening commute,25,UNKNOWN,CLEAR,DAYLIGHT,FIXED OBJECT,NOT DIVIDED,DRY,NO INJURY / DRIVE AWAY,,,"$501 - $1,500",PHYSICAL CONDITION OF DRIVER,1,NO INDICATION OF INJURY,0,0,41.9205461505,-87.740639173,60639,"CHICAGO MIDWAY AIRPORT, IL US",39.0,32.0,76.0,0.0,10.0,6.0
crash_08706,2024-12-15 10:15:00,2024,12,Dec,Sun,10,Daytime,30,NO CONTROLS,RAIN,DAYLIGHT,PARKED MOTOR VEHICLE,NOT DIVIDED,WET,INJURY AND / OR TOW DUE TO CRASH,,,"OVER $1,500",CELL PHONE USE OTHER THAN TEXTING,3,NONINCAPACITATING INJURY,1,0,41.8692874697,-87.6579906465,60607,"CHICAGO MIDWAY AIRPORT, IL US",45.0,42.0,90.0,,2.0,8.0
crash_08707,2024-12-31 14:00:00,2024,12,Dec,Tue,14,Daytime,45,NO CONTROLS,CLEAR,DAYLIGHT,OTHER NONCOLLISION,RAMP,UNKNOWN,INJURY AND / OR TOW DUE TO CRASH,,,"OVER $1,500",ROAD ENGINEERING/SURFACE/MARKING DEFECTS,1,NO INDICATION OF INJURY,0,0,41.9011654159,-87.6195823059,60611,"CHICAGO MIDWAY AIRPORT, IL US",39.0,34.0,82.0,0.0,10.0,20.0
crash_08708,2018-05-28 17:14:00,2018,5,May,Mon,17,Evening commute,20,NO CONTROLS,CLEAR,DAYLIGHT,REAR END,OTHER,DRY,INJURY AND / OR TOW DUE TO CRASH,,,"OVER $1,500",IMPROPER OVERTAKING/PASSING,2,NONINCAPACITATING INJURY,3,0,41.6995705115,-87.6576292407,60643,"CHICAGO MIDWAY AIRPORT, IL US",94.0,64.0,37.0,0.0,10.0,0.0
crash_08709,2024-08-10 17:45:00,2024,8,Aug,Sat,17,Evening commute,30,TRAFFIC SIGNAL,CLEAR,DAYLIGHT,SIDESWIPE SAME DIRECTION,FOUR WAY,DRY,NO INJURY / DRIVE AWAY,true,true,$500 OR LESS,IMPROPER OVERTAKING/PASSING,2,NO INDICATION OF INJURY,0,0,41.8655786371,-87.7734782516,60644,"CHICAGO MIDWAY AIRPORT, IL US",75.0,48.0,39.0,0.0,10.0,16.0
crash_08710,2019-01-19 10:30:00,2019,1,Jan,Sat,10,Daytime,35,TRAFFIC SIGNAL,SNOW,DAYLIGHT,ANGLE,NOT DIVIDED,SNOW OR SLUSH,INJURY AND / OR TOW DUE TO CRASH,true,true,"OVER $1,500",FAILING TO REDUCE SPEED TO AVOID CRASH,2,NO INDICATION OF INJURY,0,0,41.7587557444,-87.5771268172,60649,"CHICAGO MIDWAY AIRPORT, IL US",27.0,23.0,86.0,,1.5,21.0
crash_08711,2018-05-25 15:30:00,2018,5,May,Fri,15,Evening commute,10,NO CONTROLS,CLEAR,DAYLIGHT,PARKED MOTOR VEHICLE,PARKING LOT,DRY,NO INJURY / DRIVE AWAY,,true,"$501 - $1,500",UNABLE TO DETERMINE,2,NO INDICATION OF INJURY,0,0,41.7788185771,-87.7059035755,60629,"CHICAGO MIDWAY AIRPORT, IL US",89.0,58.0,35.0,0.0,10.0,8.0
crash_08712,2024-08-24 22:09:00,2024,8,Aug,Sat,22,Night or early morning,30,NO CONTROLS,CLEAR,"DARKNESS, LIGHTED ROAD",TURNING,DIVIDED - W/MEDIAN (NOT RAISED),DRY,NO INJURY / DRIVE AWAY,,,"OVER $1,500",FAILING TO YIELD RIGHT-OF-WAY,2,NO INDICATION OF INJURY,0,0,41.9101302017,-87.714390857,60647,"CHICAGO MIDWAY AIRPORT, IL US",83.0,69.0,63.0,0.0,10.0,6.0
crash_08713,2022-08-20 02:51:00,2022,8,Aug,Sat,2,Night or early morning,30,STOP SIGN/FLASHER,RAIN,"DARKNESS, LIGHTED ROAD",REAR END,DIVIDED - W/MEDIAN (NOT RAISED),WET,NO INJURY / DRIVE AWAY,,,"OVER $1,500",UNABLE TO DETERMINE,2,NO INDICATION OF INJURY,0,0,41.7504400399,-87.6514614792,60620,"CHICAGO MIDWAY AIRPORT, IL US",71.0,63.0,76.0,0.03,7.0,10.0
crash_08714,2025-12-19 17:30:00,2025,12,Dec,Fri,17,Evening commute,30,TRAFFIC SIGNAL,CLEAR,DARKNESS,REAR END,ONE-WAY,DRY,NO INJURY / DRIVE AWAY,,,"OVER $1,500",FOLLOWING TOO CLOSELY,2,NO INDICATION OF INJURY,0,0,41.8913276824,-87.6452801926,60654,,,,,,,