crash_id,crash_datetime,crash_year,crash_month,crash_month_name,crash_weekday_name,crash_hour,time_period,posted_speed_limit_mph,traffic_control_device,reported_weather_condition,reported_lighting_condition,first_crash_type,trafficway_type,reported_road_surface_condition,crash_type,intersection_related,hit_and_run,estimated_damage,primary_contributory_cause,unit_count,most_severe_injury,injuries_total,injuries_fatal,latitude,longitude,zip5,weather_station_name,temperature_f,dew_point_f,relative_humidity_percent,precipitation_inches,visibility_miles,wind_speed_mph
crash_08715,2024-02-13 07:50:00,2024,2,Feb,Tue,7,Morning commute,30,NO CONTROLS,CLEAR,DAYLIGHT,ANGLE,DIVIDED - W/MEDIAN (NOT RAISED),DRY,NO INJURY / DRIVE AWAY,,,"$501 - $1,500",UNABLE TO DETERMINE,2,NO INDICATION OF INJURY,0,0,41.8485391874,-87.6754169836,60608,"CHICAGO MIDWAY AIRPORT, IL US",32.0,23.0,69.0,0.0,10.0,7.0
crash_08716,2024-04-07 18:45:00,2024,4,Apr,Sun,18,Evening commute,30,NO CONTROLS,UNKNOWN,UNKNOWN,PARKED MOTOR VEHICLE,NOT DIVIDED,UNKNOWN,NO INJURY / DRIVE AWAY,,true,"OVER $1,500",UNABLE TO DETERMINE,2,NO INDICATION OF INJURY,0,0,41.8099316436,-87.619755971,60653,"CHICAGO MIDWAY AIRPORT, IL US",51.0,43.0,74.0,0.0,10.0,16.0
crash_08717,2019-05-04 15:30:00,2019,5,May,Sat,15,Evening commute,30,NO CONTROLS,CLEAR,DAYLIGHT,SIDESWIPE SAME DIRECTION,NOT DIVIDED,DRY,NO INJURY / DRIVE AWAY,,,"$501 - $1,500",NOT APPLICABLE,2,NO INDICATION OF INJURY,0,0,41.7929108835,-87.742077343,60638,"CHICAGO MIDWAY AIRPORT, IL US",60.0,37.0,42.0,0.0,10.0,8.0
crash_08718,2018-08-06 11:00:00,2018,8,Aug,Mon,11,Daytime,35,TRAFFIC SIGNAL,CLOUDY/OVERCAST,DAYLIGHT,REAR END,DIVIDED - W/MEDIAN BARRIER,WET,NO INJURY / DRIVE AWAY,,,"OVER $1,500",UNABLE TO DETERMINE,2,NO INDICATION OF INJURY,0,0,41.8777593418,-87.6241601993,60604,"CHICAGO MIDWAY AIRPORT, IL US",74.0,71.0,91.0,0.01,10.0,10.0
crash_08719,2020-02-21 15:16:00,2020,2,Feb,Fri,15,Evening commute,25,TRAFFIC SIGNAL,CLEAR,DAYLIGHT,REAR END,DIVIDED - W/MEDIAN BARRIER,DRY,INJURY AND / OR TOW DUE TO CRASH,,,$500 OR LESS,UNABLE TO DETERMINE,2,"REPORTED, NOT EVIDENT",1,0,41.9471006865,-87.6884137194,60618,"CHICAGO MIDWAY AIRPORT, IL US",37.0,9.0,31.0,0.0,10.0,17.0
crash_08720,2025-06-24 11:35:00,2025,6,Jun,Tue,11,Daytime,30,NO CONTROLS,CLEAR,DAYLIGHT,REAR TO FRONT,"FIVE POINT, OR MORE",DRY,NO INJURY / DRIVE AWAY,,,"OVER $1,500",UNABLE TO DETERMINE,2,NO INDICATION OF INJURY,0,0,41.9318477823,-87.6585382175,60614,"CHICAGO MIDWAY AIRPORT, IL US",92.0,71.0,51.0,0.0,10.0,16.0
crash_08721,2022-09-17 12:19:00,2022,9,Sep,Sat,12,Daytime,25,TRAFFIC SIGNAL,CLEAR,DAYLIGHT,TURNING,NOT DIVIDED,DRY,INJURY AND / OR TOW DUE TO CRASH,true,,"OVER $1,500",FAILING TO YIELD RIGHT-OF-WAY,2,NONINCAPACITATING INJURY,2,0,41.9765322114,-87.768621661,60630,"CHICAGO OHARE INTERNATIONAL AIRPORT, IL US",82.0,61.0,49.0,0.0,10.0,20.0
crash_08722,2020-08-18 10:25:00,2020,8,Aug,Tue,10,Daytime,30,NO CONTROLS,CLEAR,DAYLIGHT,PARKED MOTOR VEHICLE,NOT DIVIDED,DRY,INJURY AND / OR TOW DUE TO CRASH,,,"OVER $1,500","VISION OBSCURED (SIGNS, TREE LIMBS, BUILDINGS, ETC.)",2,NO INDICATION OF INJURY,0,0,41.8856536682,-87.774688353,60644,"CHICAGO MIDWAY AIRPORT, IL US",74.0,53.0,48.0,0.0,10.0,14.0
crash_08723,2024-10-31 21:32:00,2024,10,Oct,Thu,21,Night or early morning,25,UNKNOWN,CLEAR,"DARKNESS, LIGHTED ROAD",REAR END,DIVIDED - W/MEDIAN (NOT RAISED),UNKNOWN,NO INJURY / DRIVE AWAY,,,"OVER $1,500",UNABLE TO DETERMINE,2,NO INDICATION OF INJURY,0,0,41.9140602024,-87.7755316898,60639,"CHICAGO OHARE INTERNATIONAL AIRPORT, IL US",46.0,33.0,61.0,0.0,10.0,29.0
crash_08724,2023-11-18 18:41:00,2023,11,Nov,Sat,18,Evening commute,30,NO CONTROLS,CLEAR,DARKNESS,PARKED MOTOR VEHICLE,ONE-WAY,DRY,INJURY AND / OR TOW DUE TO CRASH,,true,"OVER $1,500",DRIVING ON WRONG SIDE/WRONG WAY,2,NO INDICATION OF INJURY,0,0,41.8459166458,-87.7186422485,60623,"CHICAGO MIDWAY AIRPORT, IL US",48.0,23.0,37.0,0.0,10.0,6.0
crash_08725,2021-05-16 15:30:00,2021,5,May,Sun,15,Evening commute,30,NO CONTROLS,CLEAR,DAYLIGHT,TURNING,DIVIDED - W/MEDIAN (NOT RAISED),DRY,INJURY AND / OR TOW DUE TO CRASH,true,true,"OVER $1,500",UNABLE TO DETERMINE,2,"REPORTED, NOT EVIDENT",1,0,41.8857142876,-87.7554090777,60644,"CHICAGO MIDWAY AIRPORT, IL US",70.0,45.0,41.0,0.0,10.0,8.0
crash_08726,2020-09-18 18:15:00,2020,9,Sep,Fri,18,Evening commute,30,STOP SIGN/FLASHER,CLEAR,DAYLIGHT,SIDESWIPE SAME DIRECTION,NOT DIVIDED,DRY,NO INJURY / DRIVE AWAY,,,"$501 - $1,500",IMPROPER TURNING/NO SIGNAL,2,NO INDICATION OF INJURY,0,0,41.9093762377,-87.7337227544,60651,"CHICAGO MIDWAY AIRPORT, IL US",57.0,36.0,45.0,0.0,10.0,15.0
crash_08727,2021-08-20 22:00:00,2021,8,Aug,Fri,22,Night or early morning,30,STOP SIGN/FLASHER,CLEAR,DAYLIGHT,REAR TO FRONT,ONE-WAY,DRY,NO INJURY / DRIVE AWAY,true,true,"OVER $1,500",IMPROPER BACKING,2,NO INDICATION OF INJURY,0,0,41.799456861,-87.5919317114,60615,"CHICAGO MIDWAY AIRPORT, IL US",82.0,66.0,58.0,0.0,10.0,6.0
crash_08728,2025-02-26 07:00:00,2025,2,Feb,Wed,7,Morning commute,30,STOP SIGN/FLASHER,RAIN,DAYLIGHT,PEDESTRIAN,FOUR WAY,WET,INJURY AND / OR TOW DUE TO CRASH,,true,"OVER $1,500",DISREGARDING STOP SIGN,2,INCAPACITATING INJURY,1,0,41.8841946224,-87.6533244511,60607,"CHICAGO MIDWAY AIRPORT, IL US",42.0,34.0,73.0,0.0,9.0,7.0
crash_08729,2019-11-06 15:49:00,2019,11,Nov,Wed,15,Evening commute,30,TRAFFIC SIGNAL,CLEAR,DUSK,REAR END,NOT DIVIDED,DRY,NO INJURY / DRIVE AWAY,,,"OVER $1,500",FOLLOWING TOO CLOSELY,2,NO INDICATION OF INJURY,0,0,41.7691695558,-87.6300083987,60621,"CHICAGO MIDWAY AIRPORT, IL US",55.0,35.0,47.0,0.0,10.0,11.0
crash_08730,2018-06-10 21:30:00,2018,6,Jun,Sun,21,Night or early morning,30,TRAFFIC SIGNAL,FOG/SMOKE/HAZE,"DARKNESS, LIGHTED ROAD",TURNING,CENTER TURN LANE,UNKNOWN,INJURY AND / OR TOW DUE TO CRASH,true,,"OVER $1,500",IMPROPER TURNING/NO SIGNAL,2,NO INDICATION OF INJURY,0,0,41.7692897145,-87.6261374687,60621,"CHICAGO MIDWAY AIRPORT, IL US",62.0,62.0,100.0,0.0,0.75,3.0
crash_08731,2022-06-08 17:40:00,2022,6,Jun,Wed,17,Evening commute,25,NO CONTROLS,CLOUDY/OVERCAST,DAYLIGHT,SIDESWIPE SAME DIRECTION,ONE-WAY,DRY,INJURY AND / OR TOW DUE TO CRASH,,,"OVER $1,500",IMPROPER OVERTAKING/PASSING,2,NO INDICATION OF INJURY,0,0,41.8866559929,-87.6500592156,60607,"CHICAGO MIDWAY AIRPORT, IL US",64.0,55.0,73.0,,10.0,0.0
crash_08732,2024-01-07 14:10:00,2024,1,Jan,Sun,14,Daytime,30,NO CONTROLS,CLEAR,DAYLIGHT,PARKED MOTOR VEHICLE,NOT DIVIDED,DRY,NO INJURY / DRIVE AWAY,,,"$501 - $1,500",UNABLE TO DETERMINE,2,NO INDICATION OF INJURY,0,0,41.908670967,-87.6490142052,60642,"CHICAGO MIDWAY AIRPORT, IL US",35.0,24.0,64.0,0.0,10.0,13.0
crash_08733,2018-05-31 16:25:00,2018,5,May,Thu,16,Evening commute,30,STOP SIGN/FLASHER,CLEAR,DAYLIGHT,SIDESWIPE SAME DIRECTION,NOT DIVIDED,DRY,INJURY AND / OR TOW DUE TO CRASH,,,"OVER $1,500",UNABLE TO DETERMINE,2,NO INDICATION OF INJURY,0,0,41.809383975,-87.6892088468,60632,"CHICAGO MIDWAY AIRPORT, IL US",85.0,69.0,59.0,0.0,10.0,11.0
crash_08734,2021-06-22 10:15:00,2021,6,Jun,Tue,10,Daytime,15,NO CONTROLS,CLEAR,DAYLIGHT,PARKED MOTOR VEHICLE,PARKING LOT,DRY,NO INJURY / DRIVE AWAY,,true,"OVER $1,500",UNABLE TO DETERMINE,2,NO INDICATION OF INJURY,0,0,41.8364683477,-87.6655669021,60608,"CHICAGO MIDWAY AIRPORT, IL US",67.0,41.0,39.0,0.0,10.0,11.0
crash_08735,2024-10-11 23:55:00,2024,10,Oct,Fri,23,Night or early morning,30,NO CONTROLS,CLEAR,"DARKNESS, LIGHTED ROAD",SIDESWIPE SAME DIRECTION,NOT DIVIDED,DRY,NO INJURY / DRIVE AWAY,,,$500 OR LESS,UNABLE TO DETERMINE,2,NO INDICATION OF INJURY,0,0,41.7914308414,-87.8013603909,60638,"CHICAGO MIDWAY AIRPORT, IL US",72.0,46.0,40.0,0.0,10.0,9.0
crash_08736,2022-06-17 11:50:00,2022,6,Jun,Fri,11,Daytime,30,TRAFFIC SIGNAL,CLEAR,DAYLIGHT,TURNING,DIVIDED - W/MEDIAN (NOT RAISED),DRY,INJURY AND / OR TOW DUE TO CRASH,true,,"OVER $1,500",DISREGARDING TRAFFIC SIGNALS,2,"REPORTED, NOT EVIDENT",1,0,41.8964740178,-87.6478949927,60642,"CHICAGO MIDWAY AIRPORT, IL US",84.0,52.0,33.0,0.0,10.0,11.0
crash_08737,2020-09-30 14:30:00,2020,9,Sep,Wed,14,Daytime,30,TRAFFIC SIGNAL,CLEAR,DAYLIGHT,PARKED MOTOR VEHICLE,NOT DIVIDED,DRY,NO INJURY / DRIVE AWAY,,true,$500 OR LESS,UNABLE TO DETERMINE,2,NO INDICATION OF INJURY,0,0,41.8759326286,-87.7550474762,60644,"CHICAGO MIDWAY AIRPORT, IL US",60.0,43.0,53.0,0.0,10.0,22.0
crash_08738,2024-11-21 09:45:00,2024,11,Nov,Thu,9,Morning commute,30,TRAFFIC SIGNAL,SNOW,DAYLIGHT,TURNING,NOT DIVIDED,WET,NO INJURY / DRIVE AWAY,,,"$501 - $1,500",FAILING TO REDUCE SPEED TO AVOID CRASH,2,NO INDICATION OF INJURY,0,0,41.9645899546,-87.7082911545,60625,"CHICAGO OHARE INTERNATIONAL AIRPORT, IL US",30.0,28.0,92.0,0.08,0.25,11.0
crash_08739,2021-06-25 13:45:00,2021,6,Jun,Fri,13,Daytime,10,NO CONTROLS,CLEAR,DAYLIGHT,PARKED MOTOR VEHICLE,PARKING LOT,UNKNOWN,NO INJURY / DRIVE AWAY,,,"$501 - $1,500",IMPROPER OVERTAKING/PASSING,2,NO INDICATION OF INJURY,0,0,41.9613977799,-87.6545929748,60613,"CHICAGO MIDWAY AIRPORT, IL US",74.0,68.0,82.0,0.0,10.0,13.0
crash_08740,2023-07-13 13:53:00,2023,7,Jul,Thu,13,Daytime,30,NO CONTROLS,CLEAR,DAYLIGHT,REAR END,DIVIDED - W/MEDIAN (NOT RAISED),DRY,INJURY AND / OR TOW DUE TO CRASH,,,"OVER $1,500",FOLLOWING TOO CLOSELY,2,NO INDICATION OF INJURY,0,0,41.9247542929,-87.7137195348,60647,"CHICAGO MIDWAY AIRPORT, IL US",75.0,60.0,60.0,0.0,8.0,0.0
crash_08741,2019-11-16 00:23:00,2019,11,Nov,Sat,0,Night or early morning,30,TRAFFIC SIGNAL,CLEAR,"DARKNESS, LIGHTED ROAD",PEDESTRIAN,NOT DIVIDED,DRY,INJURY AND / OR TOW DUE TO CRASH,,true,"OVER $1,500",FAILING TO YIELD RIGHT-OF-WAY,2,NONINCAPACITATING INJURY,1,0,41.8947895089,-87.637274552,60654,"CHICAGO MIDWAY AIRPORT, IL US",30.0,27.0,88.0,0.0,10.0,3.0
crash_08742,2019-10-14 19:00:00,2019,10,Oct,Mon,19,Night or early morning,30,TRAFFIC SIGNAL,CLEAR,"DARKNESS, LIGHTED ROAD",REAR END,DIVIDED - W/MEDIAN (NOT RAISED),DRY,NO INJURY / DRIVE AWAY,,,"OVER $1,500",FOLLOWING TOO CLOSELY,2,NO INDICATION OF INJURY,0,0,41.7089550993,-87.5598335952,60617,"CHICAGO MIDWAY AIRPORT, IL US",51.0,33.0,50.0,0.0,10.0,3.0
crash_08743,2021-07-12 15:10:00,2021,7,Jul,Mon,15,Evening commute,35,NO CONTROLS,CLEAR,DAYLIGHT,REAR END,DIVIDED - W/MEDIAN BARRIER,DRY,INJURY AND / OR TOW DUE TO CRASH,,,"OVER $1,500",EQUIPMENT - VEHICLE CONDITION,2,NO INDICATION OF INJURY,0,0,41.7211515077,-87.6588935295,60643,"CHICAGO MIDWAY AIRPORT, IL US",74.0,65.0,74.0,0.0,9.0,9.0
crash_08744,2022-09-20 15:48:00,2022,9,Sep,Tue,15,Evening commute,30,UNKNOWN,UNKNOWN,UNKNOWN,TURNING,UNKNOWN,UNKNOWN,NO INJURY / DRIVE AWAY,,,"$501 - $1,500",UNABLE TO DETERMINE,2,NO INDICATION OF INJURY,0,0,41.8863562324,-87.7431704228,60644,"CHICAGO MIDWAY AIRPORT, IL US",90.0,69.0,50.0,0.0,10.0,6.0
crash_08745,2023-12-27 22:24:00,2023,12,Dec,Wed,22,Night or early morning,30,STOP SIGN/FLASHER,CLEAR,"DARKNESS, LIGHTED ROAD",ANGLE,NOT DIVIDED,DRY,INJURY AND / OR TOW DUE TO CRASH,false,,"OVER $1,500",FAILING TO YIELD RIGHT-OF-WAY,2,INCAPACITATING INJURY,2,0,41.8732785864,-87.7301706054,60624,"CHICAGO MIDWAY AIRPORT, IL US",40.0,32.0,73.0,0.0,10.0,14.0
crash_08746,2018-01-08 18:45:00,2018,1,Jan,Mon,18,Evening commute,30,NO CONTROLS,CLEAR,"DARKNESS, LIGHTED ROAD",ANGLE,DIVIDED - W/MEDIAN (NOT RAISED),DRY,INJURY AND / OR TOW DUE TO CRASH,,,"OVER $1,500",UNABLE TO DETERMINE,2,NONINCAPACITATING INJURY,2,0,41.9533778816,-87.7188482337,60618,"CHICAGO OHARE INTERNATIONAL AIRPORT, IL US",33.0,28.0,82.0,0.0,10.0,11.0
crash_08747,2019-01-20 01:47:00,2019,1,Jan,Sun,1,Night or early morning,35,NO CONTROLS,SNOW,"DARKNESS, LIGHTED ROAD",HEAD ON,NOT DIVIDED,SNOW OR SLUSH,INJURY AND / OR TOW DUE TO CRASH,,,"OVER $1,500",WEATHER,3,NO INDICATION OF INJURY,0,0,41.7647181221,-87.6676030869,60636,"CHICAGO MIDWAY AIRPORT, IL US",14.0,8.0,77.0,0.0,4.0,15.0
crash_08748,2025-12-22 00:35:00,2025,12,Dec,Mon,0,Night or early morning,30,TRAFFIC SIGNAL,CLEAR,"DARKNESS, LIGHTED ROAD",REAR END,FOUR WAY,DRY,INJURY AND / OR TOW DUE TO CRASH,true,true,$500 OR LESS,FOLLOWING TOO CLOSELY,2,"REPORTED, NOT EVIDENT",3,0,41.8816715757,-87.7159382082,60624,,,,,,,
crash_08749,2024-04-26 18:28:00,2024,4,Apr,Fri,18,Evening commute,30,NO CONTROLS,RAIN,DUSK,PARKED MOTOR VEHICLE,NOT DIVIDED,WET,NO INJURY / DRIVE AWAY,,,"OVER $1,500",IMPROPER BACKING,2,NO INDICATION OF INJURY,0,0,41.7748791452,-87.6493717052,60621,"CHICAGO MIDWAY AIRPORT, IL US",56.0,50.0,81.0,,10.0,14.0
crash_08750,2018-02-12 07:50:00,2018,2,Feb,Mon,7,Morning commute,30,TRAFFIC SIGNAL,CLEAR,DAYLIGHT,REAR END,DIVIDED - W/MEDIAN BARRIER,DRY,NO INJURY / DRIVE AWAY,,,$500 OR LESS,UNABLE TO DETERMINE,2,NO INDICATION OF INJURY,0,0,41.7944747217,-87.6416397582,60609,"CHICAGO MIDWAY AIRPORT, IL US",14.0,4.0,64.0,0.0,10.0,7.0
crash_08751,2023-02-19 21:52:00,2023,2,Feb,Sun,21,Night or early morning,30,NO CONTROLS,UNKNOWN,UNKNOWN,PARKED MOTOR VEHICLE,NOT DIVIDED,UNKNOWN,NO INJURY / DRIVE AWAY,,,$500 OR LESS,UNABLE TO DETERMINE,2,NO INDICATION OF INJURY,0,0,41.9871686232,-87.6596733956,60660,"CHICAGO OHARE INTERNATIONAL AIRPORT, IL US",40.0,32.0,73.0,0.0,10.0,11.0
crash_08752,2023-06-24 08:20:00,2023,6,Jun,Sat,8,Morning commute,20,NO CONTROLS,CLEAR,DAYLIGHT,TURNING,ONE-WAY,DRY,NO INJURY / DRIVE AWAY,,true,"OVER $1,500",FAILING TO YIELD RIGHT-OF-WAY,2,NO INDICATION OF INJURY,0,0,41.9168172193,-87.8040456119,60707,"CHICAGO OHARE INTERNATIONAL AIRPORT, IL US",75.0,57.0,54.0,0.0,10.0,3.0
crash_08753,2025-04-13 01:59:00,2025,4,Apr,Sun,1,Night or early morning,30,NO CONTROLS,CLEAR,"DARKNESS, LIGHTED ROAD",PARKED MOTOR VEHICLE,ONE-WAY,DRY,INJURY AND / OR TOW DUE TO CRASH,,,"OVER $1,500",UNABLE TO DETERMINE,2,"REPORTED, NOT EVIDENT",1,0,41.9010496795,-87.730094035,60651,"CHICAGO MIDWAY AIRPORT, IL US",54.0,30.0,40.0,0.0,10.0,7.0
crash_08754,2025-04-26 13:04:00,2025,4,Apr,Sat,13,Daytime,30,NO CONTROLS,CLEAR,DAYLIGHT,PARKED MOTOR VEHICLE,DIVIDED - W/MEDIAN BARRIER,DRY,NO INJURY / DRIVE AWAY,,,"OVER $1,500",UNABLE TO DETERMINE,2,NO INDICATION OF INJURY,0,0,41.8675023817,-87.6242752602,60605,"CHICAGO MIDWAY AIRPORT, IL US",52.0,36.0,55.0,0.0,10.0,17.0
crash_08755,2019-06-07 15:43:00,2019,6,Jun,Fri,15,Evening commute,20,NO CONTROLS,CLEAR,DAYLIGHT,PARKED MOTOR VEHICLE,NOT DIVIDED,DRY,NO INJURY / DRIVE AWAY,,true,"OVER $1,500",UNABLE TO DETERMINE,2,NO INDICATION OF INJURY,0,0,41.7999522284,-87.596505917,60615,"CHICAGO MIDWAY AIRPORT, IL US",79.0,60.0,52.0,0.0,10.0,15.0
crash_08756,2024-09-19 15:30:00,2024,9,Sep,Thu,15,Evening commute,30,NO CONTROLS,CLEAR,DAYLIGHT,OTHER OBJECT,DIVIDED - W/MEDIAN BARRIER,DRY,NO INJURY / DRIVE AWAY,,,"$501 - $1,500",UNABLE TO DETERMINE,1,NO INDICATION OF INJURY,0,0,41.9261607198,-87.6315146648,60614,"CHICAGO MIDWAY AIRPORT, IL US",89.0,52.0,28.0,0.0,10.0,8.0
crash_08757,2019-05-30 18:00:00,2019,5,May,Thu,18,Evening commute,30,STOP SIGN/FLASHER,CLEAR,DAYLIGHT,ANGLE,FOUR WAY,DRY,INJURY AND / OR TOW DUE TO CRASH,true,,"OVER $1,500",FAILING TO YIELD RIGHT-OF-WAY,2,NONINCAPACITATING INJURY,3,0,41.834383493,-87.6402439842,60616,"CHICAGO MIDWAY AIRPORT, IL US",72.0,56.0,57.0,0.0,10.0,9.0
crash_08758,2025-02-15 08:04:00,2025,2,Feb,Sat,8,Morning commute,25,NO CONTROLS,CLEAR,DAYLIGHT,SIDESWIPE SAME DIRECTION,ONE-WAY,SNOW OR SLUSH,NO INJURY / DRIVE AWAY,,,"OVER $1,500",DRIVING SKILLS/KNOWLEDGE/EXPERIENCE,2,NO INDICATION OF INJURY,0,0,41.7618772146,-87.6198548751,60619,"CHICAGO MIDWAY AIRPORT, IL US",31.0,24.0,76.0,0.0,10.0,3.0
crash_08759,2019-04-16 13:35:00,2019,4,Apr,Tue,13,Daytime,35,TRAFFIC SIGNAL,CLEAR,DAYLIGHT,REAR END,NOT DIVIDED,DRY,NO INJURY / DRIVE AWAY,,,"OVER $1,500",FOLLOWING TOO CLOSELY,2,NO INDICATION OF INJURY,0,0,41.7568688964,-87.6052856576,60619,"CHICAGO MIDWAY AIRPORT, IL US",72.0,51.0,48.0,0.0,10.0,11.0
crash_08760,2021-06-22 11:50:00,2021,6,Jun,Tue,11,Daytime,20,STOP SIGN/FLASHER,CLEAR,DAYLIGHT,REAR END,FOUR WAY,DRY,NO INJURY / DRIVE AWAY,true,true,"OVER $1,500",FOLLOWING TOO CLOSELY,2,NO INDICATION OF INJURY,0,0,41.7722926501,-87.6508123076,60621,"CHICAGO MIDWAY AIRPORT, IL US",70.0,40.0,34.0,0.0,10.0,17.0
crash_08761,2024-01-25 19:40:00,2024,1,Jan,Thu,19,Night or early morning,30,NO CONTROLS,CLOUDY/OVERCAST,"DARKNESS, LIGHTED ROAD",ANGLE,DIVIDED - W/MEDIAN (NOT RAISED),DRY,NO INJURY / DRIVE AWAY,true,true,"OVER $1,500",FAILING TO YIELD RIGHT-OF-WAY,2,NO INDICATION OF INJURY,0,0,41.7364921839,-87.6122406209,60619,"CHICAGO MIDWAY AIRPORT, IL US",41.0,39.0,93.0,,3.0,10.0
crash_08762,2023-03-16 16:00:00,2023,3,Mar,Thu,16,Evening commute,30,UNKNOWN,CLEAR,DAYLIGHT,ANGLE,UNKNOWN,UNKNOWN,NO INJURY / DRIVE AWAY,,,$500 OR LESS,NOT APPLICABLE,2,NO INDICATION OF INJURY,0,0,41.9430778344,-87.6758781581,60657,"CHICAGO MIDWAY AIRPORT, IL US",47.0,40.0,77.0,0.0,10.0,14.0
crash_08763,2022-04-29 20:55:00,2022,4,Apr,Fri,20,Night or early morning,30,TRAFFIC SIGNAL,CLEAR,"DARKNESS, LIGHTED ROAD",SIDESWIPE SAME DIRECTION,NOT DIVIDED,DRY,NO INJURY / DRIVE AWAY,,true,"OVER $1,500",IMPROPER LANE USAGE,2,NO INDICATION OF INJURY,0,0,41.909350413,-87.7766327522,60639,"CHICAGO OHARE INTERNATIONAL AIRPORT, IL US",57.0,45.0,64.0,0.01,10.0,11.0
crash_08764,2025-10-24 09:30:00,2025,10,Oct,Fri,9,Morning commute,30,TRAFFIC SIGNAL,CLEAR,"DARKNESS, LIGHTED ROAD",REAR END,DIVIDED - W/MEDIAN (NOT RAISED),UNKNOWN,NO INJURY / DRIVE AWAY,,,"$501 - $1,500",UNABLE TO DETERMINE,2,NO INDICATION OF INJURY,0,0,41.9715164409,-87.6598856362,60640,,,,,,,
crash_08765,2020-06-23 23:30:00,2020,6,Jun,Tue,23,Night or early morning,30,NO CONTROLS,CLEAR,"DARKNESS, LIGHTED ROAD",PARKED MOTOR VEHICLE,ONE-WAY,DRY,NO INJURY / DRIVE AWAY,,true,"OVER $1,500","OPERATING VEHICLE IN ERRATIC, RECKLESS, CARELESS, NEGLIGENT OR AGGRESSIVE MANNER",2,NO INDICATION OF INJURY,0,0,41.679818804,-87.6348834297,60628,"CHICAGO MIDWAY AIRPORT, IL US",64.0,58.0,81.0,0.0,10.0,5.0
crash_08766,2024-07-28 06:23:00,2024,7,Jul,Sun,6,Morning commute,25,NO CONTROLS,CLEAR,DAWN,PARKED MOTOR VEHICLE,NOT DIVIDED,DRY,NO INJURY / DRIVE AWAY,,true,"OVER $1,500",FAILING TO REDUCE SPEED TO AVOID CRASH,4,NO INDICATION OF INJURY,0,0,41.8850266982,-87.6724214748,60612,"CHICAGO MIDWAY AIRPORT, IL US",75.0,61.0,62.0,0.0,10.0,7.0
crash_08767,2022-11-30 18:04:00,2022,11,Nov,Wed,18,Evening commute,30,NO CONTROLS,CLEAR,"DARKNESS, LIGHTED ROAD",PEDESTRIAN,NOT DIVIDED,DRY,INJURY AND / OR TOW DUE TO CRASH,true,,$500 OR LESS,FAILING TO YIELD RIGHT-OF-WAY,3,NONINCAPACITATING INJURY,2,0,41.8657187406,-87.6223643031,60605,"CHICAGO MIDWAY AIRPORT, IL US",26.0,12.0,55.0,0.0,10.0,28.0
crash_08768,2019-12-01 13:30:00,2019,12,Dec,Sun,13,Daytime,30,NO CONTROLS,RAIN,DAYLIGHT,PARKED MOTOR VEHICLE,NOT DIVIDED,SNOW OR SLUSH,NO INJURY / DRIVE AWAY,,,$500 OR LESS,IMPROPER BACKING,2,NO INDICATION OF INJURY,0,0,41.8802501416,-87.7549159065,60644,"CHICAGO MIDWAY AIRPORT, IL US",40.0,35.0,83.0,0.01,9.0,13.0
crash_08769,2023-10-14 02:30:00,2023,10,Oct,Sat,2,Night or early morning,30,TRAFFIC SIGNAL,RAIN,"DARKNESS, LIGHTED ROAD",TURNING,NOT DIVIDED,WET,NO INJURY / DRIVE AWAY,,true,"OVER $1,500",IMPROPER TURNING/NO SIGNAL,2,NO INDICATION OF INJURY,0,0,41.9016426571,-87.6277734042,60611,"CHICAGO MIDWAY AIRPORT, IL US",55.0,54.0,94.0,,3.0,8.0
crash_08770,2021-03-27 11:55:00,2021,3,Mar,Sat,11,Daytime,35,TRAFFIC SIGNAL,CLEAR,DAYLIGHT,TURNING,DIVIDED - W/MEDIAN (NOT RAISED),DRY,INJURY AND / OR TOW DUE TO CRASH,true,,"OVER $1,500",DISREGARDING TRAFFIC SIGNALS,4,NO INDICATION OF INJURY,0,0,41.8802692153,-87.7208774364,60624,"CHICAGO MIDWAY AIRPORT, IL US",58.0,43.0,58.0,0.0,10.0,13.0
crash_08771,2019-09-06 18:17:00,2019,9,Sep,Fri,18,Evening commute,35,NO CONTROLS,CLEAR,DAYLIGHT,TURNING,DIVIDED - W/MEDIAN BARRIER,DRY,NO INJURY / DRIVE AWAY,,true,"OVER $1,500",FAILING TO YIELD RIGHT-OF-WAY,2,NO INDICATION OF INJURY,0,0,41.8818033004,-87.6245042739,60603,"CHICAGO MIDWAY AIRPORT, IL US",70.0,58.0,66.0,0.0,10.0,10.0
crash_08772,2025-12-31 21:16:00,2025,12,Dec,Wed,21,Night or early morning,30,TRAFFIC SIGNAL,SLEET/HAIL,"DARKNESS, LIGHTED ROAD",TURNING,ONE-WAY,SNOW OR SLUSH,NO INJURY / DRIVE AWAY,true,,"OVER $1,500",FAILING TO REDUCE SPEED TO AVOID CRASH,2,NO INDICATION OF INJURY,0,0,41.8819465715,-87.6427363689,60661,,,,,,,
crash_08773,2021-08-13 18:06:00,2021,8,Aug,Fri,18,Evening commute,30,NO CONTROLS,RAIN,DAYLIGHT,PARKED MOTOR VEHICLE,PARKING LOT,DRY,NO INJURY / DRIVE AWAY,,true,"$501 - $1,500",UNABLE TO DETERMINE,2,NO INDICATION OF INJURY,0,0,41.7546601244,-87.7413847586,60652,"CHICAGO MIDWAY AIRPORT, IL US",78.0,53.0,42.0,0.0,10.0,8.0