crash_id,crash_datetime,crash_year,crash_month,crash_month_name,crash_weekday_name,crash_hour,time_period,posted_speed_limit_mph,traffic_control_device,reported_weather_condition,reported_lighting_condition,first_crash_type,trafficway_type,reported_road_surface_condition,crash_type,intersection_related,hit_and_run,estimated_damage,primary_contributory_cause,unit_count,most_severe_injury,injuries_total,injuries_fatal,latitude,longitude,zip5,weather_station_name,temperature_f,dew_point_f,relative_humidity_percent,precipitation_inches,visibility_miles,wind_speed_mph
crash_08774,2025-10-18 18:20:00,2025,10,Oct,Sat,18,Evening commute,30,NO CONTROLS,CLEAR,"DARKNESS, LIGHTED ROAD",REAR END,NOT DIVIDED,WET,NO INJURY / DRIVE AWAY,,,"OVER $1,500",FOLLOWING TOO CLOSELY,2,NO INDICATION OF INJURY,0,0,41.684351622,-87.6799416899,60643,,,,,,,
crash_08775,2024-02-18 04:40:00,2024,2,Feb,Sun,4,Night or early morning,30,TRAFFIC SIGNAL,CLEAR,"DARKNESS, LIGHTED ROAD",REAR TO FRONT,DIVIDED - W/MEDIAN (NOT RAISED),DRY,NO INJURY / DRIVE AWAY,,,"OVER $1,500",UNABLE TO DETERMINE,2,NO INDICATION OF INJURY,0,0,41.9384264625,-87.7860893978,60634,"CHICAGO OHARE INTERNATIONAL AIRPORT, IL US",25.0,15.0,66.0,0.0,10.0,13.0
crash_08776,2019-08-24 15:30:00,2019,8,Aug,Sat,15,Evening commute,30,TRAFFIC SIGNAL,CLEAR,DAYLIGHT,TURNING,FOUR WAY,DRY,NO INJURY / DRIVE AWAY,true,,"$501 - $1,500",FAILING TO REDUCE SPEED TO AVOID CRASH,2,NO INDICATION OF INJURY,0,0,41.8767647293,-87.7449979714,60644,"CHICAGO MIDWAY AIRPORT, IL US",73.0,49.0,43.0,0.0,10.0,14.0
crash_08777,2024-08-26 15:20:00,2024,8,Aug,Mon,15,Evening commute,30,TRAFFIC SIGNAL,CLEAR,DAYLIGHT,REAR TO SIDE,ONE-WAY,DRY,NO INJURY / DRIVE AWAY,,,$500 OR LESS,IMPROPER BACKING,2,NO INDICATION OF INJURY,0,0,41.840674864,-87.7245124904,60623,"CHICAGO MIDWAY AIRPORT, IL US",94.0,71.0,48.0,0.0,10.0,13.0
crash_08778,2020-07-06 20:30:00,2020,7,Jul,Mon,20,Night or early morning,30,NO CONTROLS,CLEAR,"DARKNESS, LIGHTED ROAD",SIDESWIPE SAME DIRECTION,NOT DIVIDED,DRY,NO INJURY / DRIVE AWAY,,,"$501 - $1,500",FAILING TO YIELD RIGHT-OF-WAY,2,NO INDICATION OF INJURY,0,0,41.9091391894,-87.7945809697,60707,"CHICAGO OHARE INTERNATIONAL AIRPORT, IL US",86.0,65.0,49.0,0.0,10.0,6.0
crash_08779,2023-05-01 16:00:00,2023,5,May,Mon,16,Evening commute,30,STOP SIGN/FLASHER,RAIN,DAYLIGHT,REAR END,RAMP,WET,INJURY AND / OR TOW DUE TO CRASH,,true,"OVER $1,500",UNABLE TO DETERMINE,2,NO INDICATION OF INJURY,0,0,41.8105924989,-87.5893711119,60615,"CHICAGO MIDWAY AIRPORT, IL US",45.0,39.0,80.0,0.0,9.0,14.0
crash_08780,2018-06-30 13:30:00,2018,6,Jun,Sat,13,Daytime,30,TRAFFIC SIGNAL,CLEAR,DAYLIGHT,REAR END,NOT DIVIDED,DRY,NO INJURY / DRIVE AWAY,true,,"$501 - $1,500",FAILING TO REDUCE SPEED TO AVOID CRASH,2,NO INDICATION OF INJURY,0,0,41.9216780032,-87.6681082358,60614,"CHICAGO MIDWAY AIRPORT, IL US",93.0,76.0,58.0,0.0,10.0,11.0
crash_08781,2018-12-22 02:55:00,2018,12,Dec,Sat,2,Night or early morning,30,LANE USE MARKING,CLEAR,"DARKNESS, LIGHTED ROAD",PARKED MOTOR VEHICLE,DIVIDED - W/MEDIAN (NOT RAISED),UNKNOWN,INJURY AND / OR TOW DUE TO CRASH,,,"OVER $1,500",DRIVING SKILLS/KNOWLEDGE/EXPERIENCE,2,NO INDICATION OF INJURY,0,0,41.7780870451,-87.7542907785,60638,"CHICAGO MIDWAY AIRPORT, IL US",30.0,24.0,79.0,0.0,10.0,9.0
crash_08782,2025-11-07 15:00:00,2025,11,Nov,Fri,15,Evening commute,25,UNKNOWN,UNKNOWN,UNKNOWN,SIDESWIPE SAME DIRECTION,UNKNOWN,UNKNOWN,NO INJURY / DRIVE AWAY,,,"OVER $1,500",NOT APPLICABLE,2,NO INDICATION OF INJURY,0,0,41.8949795111,-87.6243999705,60611,,,,,,,
crash_08783,2025-08-03 01:00:00,2025,8,Aug,Sun,1,Night or early morning,30,NO CONTROLS,CLEAR,DARKNESS,SIDESWIPE SAME DIRECTION,DIVIDED - W/MEDIAN (NOT RAISED),DRY,NO INJURY / DRIVE AWAY,,true,"OVER $1,500",UNABLE TO DETERMINE,2,NO INDICATION OF INJURY,0,0,41.8797518877,-87.7072806814,60624,"CHICAGO MIDWAY AIRPORT, IL US",69.0,55.0,61.0,0.0,10.0,3.0
crash_08784,2023-01-21 22:00:00,2023,1,Jan,Sat,22,Night or early morning,35,NO CONTROLS,CLEAR,"DARKNESS, LIGHTED ROAD",SIDESWIPE SAME DIRECTION,DIVIDED - W/MEDIAN BARRIER,WET,NO INJURY / DRIVE AWAY,,true,"OVER $1,500",IMPROPER LANE USAGE,2,NO INDICATION OF INJURY,0,0,41.8855803183,-87.7259219239,60624,"CHICAGO MIDWAY AIRPORT, IL US",31.0,26.0,82.0,0.0,10.0,6.0
crash_08785,2020-11-27 19:10:00,2020,11,Nov,Fri,19,Night or early morning,30,TRAFFIC SIGNAL,CLEAR,"DARKNESS, LIGHTED ROAD",TURNING,NOT DIVIDED,DRY,NO INJURY / DRIVE AWAY,,,"OVER $1,500",IMPROPER TURNING/NO SIGNAL,2,NO INDICATION OF INJURY,0,0,41.891682324,-87.6327307134,60654,"CHICAGO MIDWAY AIRPORT, IL US",38.0,30.0,73.0,0.0,10.0,7.0
crash_08786,2019-06-13 15:00:00,2019,6,Jun,Thu,15,Evening commute,20,NO CONTROLS,CLEAR,DAYLIGHT,SIDESWIPE OPPOSITE DIRECTION,ALLEY,DRY,NO INJURY / DRIVE AWAY,,true,"OVER $1,500",IMPROPER OVERTAKING/PASSING,2,NO INDICATION OF INJURY,0,0,41.7493903804,-87.5869993154,60619,"CHICAGO MIDWAY AIRPORT, IL US",65.0,42.0,43.0,0.0,10.0,21.0
crash_08787,2024-04-12 05:12:00,2024,4,Apr,Fri,5,Night or early morning,30,UNKNOWN,CLEAR,DAWN,ANGLE,"FIVE POINT, OR MORE",WET,INJURY AND / OR TOW DUE TO CRASH,true,,"OVER $1,500",FAILING TO REDUCE SPEED TO AVOID CRASH,2,"REPORTED, NOT EVIDENT",1,0,41.9101814096,-87.7362488704,60639,"CHICAGO MIDWAY AIRPORT, IL US",50.0,45.0,83.0,0.0,10.0,9.0
crash_08788,2021-10-09 18:06:00,2021,10,Oct,Sat,18,Evening commute,30,TRAFFIC SIGNAL,CLEAR,DAYLIGHT,PEDESTRIAN,FOUR WAY,DRY,INJURY AND / OR TOW DUE TO CRASH,true,true,$500 OR LESS,FAILING TO REDUCE SPEED TO AVOID CRASH,2,NONINCAPACITATING INJURY,1,0,41.8760911134,-87.6961293988,60612,"CHICAGO MIDWAY AIRPORT, IL US",74.0,60.0,62.0,0.0,10.0,10.0
crash_08789,2018-06-27 22:00:00,2018,6,Jun,Wed,22,Night or early morning,30,NO CONTROLS,CLEAR,"DARKNESS, LIGHTED ROAD",PARKED MOTOR VEHICLE,NOT DIVIDED,DRY,NO INJURY / DRIVE AWAY,,true,"OVER $1,500",UNABLE TO DETERMINE,2,NO INDICATION OF INJURY,0,0,41.9139361262,-87.6484245858,60614,"CHICAGO MIDWAY AIRPORT, IL US",71.0,63.0,76.0,0.0,10.0,3.0
crash_08790,2022-05-06 14:55:00,2022,5,May,Fri,14,Daytime,15,STOP SIGN/FLASHER,RAIN,DAWN,TURNING,NOT DIVIDED,WET,INJURY AND / OR TOW DUE TO CRASH,true,,"OVER $1,500",DISREGARDING STOP SIGN,2,"REPORTED, NOT EVIDENT",1,0,41.9014736225,-87.6448949825,60610,"CHICAGO MIDWAY AIRPORT, IL US",51.0,47.0,86.0,0.02,3.0,18.0
crash_08791,2022-06-02 08:55:00,2022,6,Jun,Thu,8,Morning commute,30,NO CONTROLS,CLEAR,DAYLIGHT,PEDESTRIAN,NOT DIVIDED,DRY,INJURY AND / OR TOW DUE TO CRASH,,,"$501 - $1,500",DISTRACTION - FROM OUTSIDE VEHICLE,2,NONINCAPACITATING INJURY,1,0,41.7820126208,-87.5866457411,60637,"CHICAGO MIDWAY AIRPORT, IL US",69.0,54.0,59.0,0.0,10.0,9.0
crash_08792,2025-06-28 11:15:00,2025,6,Jun,Sat,11,Daytime,30,UNKNOWN,UNKNOWN,DAYLIGHT,REAR TO FRONT,NOT DIVIDED,UNKNOWN,NO INJURY / DRIVE AWAY,,,"OVER $1,500",NOT APPLICABLE,2,NO INDICATION OF INJURY,0,0,41.896522771,-87.6314620835,60654,"CHICAGO MIDWAY AIRPORT, IL US",78.0,63.0,60.0,0.0,10.0,5.0
crash_08793,2023-12-09 18:30:00,2023,12,Dec,Sat,18,Evening commute,40,NO CONTROLS,CLEAR,"DARKNESS, LIGHTED ROAD",SIDESWIPE SAME DIRECTION,ONE-WAY,DRY,INJURY AND / OR TOW DUE TO CRASH,,,"OVER $1,500",DRIVING SKILLS/KNOWLEDGE/EXPERIENCE,2,NO INDICATION OF INJURY,0,0,41.8912792935,-87.6141075333,60611,"CHICAGO MIDWAY AIRPORT, IL US",42.0,28.0,58.0,0.0,10.0,18.0
crash_08794,2021-01-20 21:04:00,2021,1,Jan,Wed,21,Night or early morning,30,NO CONTROLS,CLEAR,DAWN,REAR END,NOT DIVIDED,WET,INJURY AND / OR TOW DUE TO CRASH,,,"OVER $1,500",UNABLE TO DETERMINE,2,NONINCAPACITATING INJURY,4,0,41.7216418308,-87.6223486487,60628,"CHICAGO MIDWAY AIRPORT, IL US",31.0,22.0,69.0,0.0,10.0,20.0
crash_08795,2023-05-18 18:45:00,2023,5,May,Thu,18,Evening commute,30,UNKNOWN,CLEAR,DAYLIGHT,TURNING,NOT DIVIDED,DRY,NO INJURY / DRIVE AWAY,,true,"OVER $1,500",UNABLE TO DETERMINE,2,NO INDICATION OF INJURY,0,0,41.9092344203,-87.707139599,60651,"CHICAGO MIDWAY AIRPORT, IL US",70.0,34.0,27.0,0.0,10.0,9.0
crash_08796,2019-06-17 07:43:00,2019,6,Jun,Mon,7,Morning commute,30,TRAFFIC SIGNAL,CLOUDY/OVERCAST,DAYLIGHT,TURNING,FOUR WAY,DRY,NO INJURY / DRIVE AWAY,true,,"OVER $1,500",FAILING TO YIELD RIGHT-OF-WAY,2,NO INDICATION OF INJURY,0,0,41.8244471106,-87.7045962358,60632,"CHICAGO MIDWAY AIRPORT, IL US",57.0,54.0,90.0,0.0,7.0,6.0
crash_08797,2022-06-27 09:21:00,2022,6,Jun,Mon,9,Morning commute,30,NO CONTROLS,CLEAR,DAYLIGHT,TURNING,NOT DIVIDED,DRY,NO INJURY / DRIVE AWAY,,true,"$501 - $1,500",UNABLE TO DETERMINE,2,NO INDICATION OF INJURY,0,0,41.8910110876,-87.6534018748,60642,"CHICAGO MIDWAY AIRPORT, IL US",72.0,43.0,35.0,0.0,10.0,13.0
crash_08798,2021-08-18 15:40:00,2021,8,Aug,Wed,15,Evening commute,30,NO CONTROLS,CLEAR,DAYLIGHT,ANGLE,DIVIDED - W/MEDIAN (NOT RAISED),DRY,INJURY AND / OR TOW DUE TO CRASH,,,"$501 - $1,500",NOT APPLICABLE,2,"REPORTED, NOT EVIDENT",1,0,41.7333574317,-87.5511900629,60617,"CHICAGO MIDWAY AIRPORT, IL US",84.0,67.0,57.0,,10.0,6.0
crash_08799,2024-10-07 07:55:00,2024,10,Oct,Mon,7,Morning commute,30,UNKNOWN,UNKNOWN,DAYLIGHT,REAR END,NOT DIVIDED,UNKNOWN,NO INJURY / DRIVE AWAY,,true,"$501 - $1,500",UNABLE TO DETERMINE,2,NO INDICATION OF INJURY,0,0,41.8175183574,-87.6943431501,60632,"CHICAGO MIDWAY AIRPORT, IL US",53.0,37.0,55.0,0.0,10.0,5.0
crash_08800,2023-09-01 15:30:00,2023,9,Sep,Fri,15,Evening commute,30,NO CONTROLS,CLEAR,DAYLIGHT,REAR END,NOT DIVIDED,DRY,NO INJURY / DRIVE AWAY,,,"$501 - $1,500",FOLLOWING TOO CLOSELY,3,NO INDICATION OF INJURY,0,0,41.9754729859,-87.7962998067,60656,"CHICAGO OHARE INTERNATIONAL AIRPORT, IL US",84.0,55.0,37.0,0.0,10.0,6.0
crash_08801,2019-04-08 07:35:00,2019,4,Apr,Mon,7,Morning commute,35,NO CONTROLS,CLEAR,DAYLIGHT,SIDESWIPE SAME DIRECTION,ONE-WAY,DRY,NO INJURY / DRIVE AWAY,false,,"OVER $1,500",UNABLE TO DETERMINE,2,NO INDICATION OF INJURY,0,0,41.7143126947,-87.6443035871,60643,"CHICAGO MIDWAY AIRPORT, IL US",57.0,52.0,83.0,0.0,10.0,5.0
crash_08802,2018-09-16 19:56:00,2018,9,Sep,Sun,19,Night or early morning,20,NO CONTROLS,CLEAR,DARKNESS,SIDESWIPE OPPOSITE DIRECTION,NOT DIVIDED,DRY,INJURY AND / OR TOW DUE TO CRASH,,true,"OVER $1,500",DRIVING ON WRONG SIDE/WRONG WAY,3,NO INDICATION OF INJURY,0,0,41.7558923945,-87.562526654,60649,"CHICAGO MIDWAY AIRPORT, IL US",79.0,63.0,58.0,0.0,10.0,9.0
crash_08803,2018-07-20 16:40:00,2018,7,Jul,Fri,16,Evening commute,30,NO CONTROLS,CLEAR,DAYLIGHT,REAR END,NOT DIVIDED,DRY,NO INJURY / DRIVE AWAY,,true,"$501 - $1,500",UNABLE TO DETERMINE,2,NO INDICATION OF INJURY,0,0,41.7460682096,-87.5760335222,60617,"CHICAGO MIDWAY AIRPORT, IL US",73.0,68.0,83.0,,10.0,14.0
crash_08804,2018-03-02 12:05:00,2018,3,Mar,Fri,12,Daytime,30,TRAFFIC SIGNAL,CLEAR,DAYLIGHT,REAR END,DIVIDED - W/MEDIAN (NOT RAISED),DRY,INJURY AND / OR TOW DUE TO CRASH,,,"OVER $1,500",FOLLOWING TOO CLOSELY,2,"REPORTED, NOT EVIDENT",1,0,41.9321391361,-87.7079964572,60618,"CHICAGO MIDWAY AIRPORT, IL US",44.0,17.0,34.0,0.0,10.0,5.0
crash_08805,2021-06-26 05:22:00,2021,6,Jun,Sat,5,Night or early morning,30,TRAFFIC SIGNAL,CLEAR,DAWN,SIDESWIPE OPPOSITE DIRECTION,DIVIDED - W/MEDIAN BARRIER,WET,NO INJURY / DRIVE AWAY,,true,$500 OR LESS,UNABLE TO DETERMINE,2,NO INDICATION OF INJURY,0,0,41.8232811808,-87.7242037824,60632,"CHICAGO MIDWAY AIRPORT, IL US",72.0,66.0,83.0,,10.0,7.0
crash_08806,2023-02-09 20:35:00,2023,2,Feb,Thu,20,Night or early morning,30,NO CONTROLS,RAIN,"DARKNESS, LIGHTED ROAD",SIDESWIPE SAME DIRECTION,NOT DIVIDED,WET,INJURY AND / OR TOW DUE TO CRASH,,true,"OVER $1,500",IMPROPER OVERTAKING/PASSING,2,NO INDICATION OF INJURY,0,0,41.9756520826,-87.7068891921,60625,"CHICAGO OHARE INTERNATIONAL AIRPORT, IL US",37.0,33.0,86.0,0.0,10.0,13.0
crash_08807,2018-10-27 20:35:00,2018,10,Oct,Sat,20,Night or early morning,30,STOP SIGN/FLASHER,RAIN,DARKNESS,ANGLE,DIVIDED - W/MEDIAN BARRIER,WET,NO INJURY / DRIVE AWAY,true,,"OVER $1,500",UNABLE TO DETERMINE,2,NO INDICATION OF INJURY,0,0,41.7185164547,-87.5960299337,60628,"CHICAGO MIDWAY AIRPORT, IL US",48.0,42.0,80.0,0.0,10.0,3.0
crash_08808,2019-06-05 07:35:00,2019,6,Jun,Wed,7,Morning commute,30,NO CONTROLS,CLEAR,DAYLIGHT,ANGLE,NOT DIVIDED,WET,INJURY AND / OR TOW DUE TO CRASH,true,,"OVER $1,500",NOT APPLICABLE,3,NO INDICATION OF INJURY,0,0,41.9779641613,-87.7926774637,60656,"CHICAGO OHARE INTERNATIONAL AIRPORT, IL US",66.0,64.0,93.0,0.0,10.0,7.0
crash_08809,2023-10-11 15:30:00,2023,10,Oct,Wed,15,Evening commute,35,NO CONTROLS,UNKNOWN,UNKNOWN,REAR END,DIVIDED - W/MEDIAN (NOT RAISED),UNKNOWN,NO INJURY / DRIVE AWAY,,,"OVER $1,500",UNABLE TO DETERMINE,2,NO INDICATION OF INJURY,0,0,41.8091150983,-87.6379685439,60609,"CHICAGO MIDWAY AIRPORT, IL US",66.0,37.0,34.0,0.0,10.0,5.0
crash_08810,2021-04-08 16:45:00,2021,4,Apr,Thu,16,Evening commute,30,TRAFFIC SIGNAL,CLEAR,DAYLIGHT,REAR END,NOT DIVIDED,DRY,NO INJURY / DRIVE AWAY,,true,$500 OR LESS,UNABLE TO DETERMINE,2,NO INDICATION OF INJURY,0,0,41.9377588819,-87.6684452729,60657,"CHICAGO MIDWAY AIRPORT, IL US",58.0,52.0,81.0,0.01,5.0,7.0
crash_08811,2022-07-14 18:03:00,2022,7,Jul,Thu,18,Evening commute,30,TRAFFIC SIGNAL,CLEAR,DAYLIGHT,TURNING,NOT DIVIDED,DRY,NO INJURY / DRIVE AWAY,,,"$501 - $1,500",UNABLE TO DETERMINE,2,NO INDICATION OF INJURY,0,0,41.939403872,-87.7120457715,60618,"CHICAGO MIDWAY AIRPORT, IL US",80.0,57.0,45.0,0.0,10.0,9.0
crash_08812,2021-05-04 23:31:00,2021,5,May,Tue,23,Night or early morning,25,NO CONTROLS,CLEAR,"DARKNESS, LIGHTED ROAD",PARKED MOTOR VEHICLE,UNKNOWN,DRY,INJURY AND / OR TOW DUE TO CRASH,,,"OVER $1,500",DISTRACTION - FROM INSIDE VEHICLE,3,NO INDICATION OF INJURY,0,0,41.8766203874,-87.737640657,60624,"CHICAGO MIDWAY AIRPORT, IL US",47.0,40.0,77.0,0.0,10.0,6.0
crash_08813,2023-03-10 08:11:00,2023,3,Mar,Fri,8,Morning commute,30,UNKNOWN,UNKNOWN,UNKNOWN,SIDESWIPE SAME DIRECTION,FOUR WAY,UNKNOWN,NO INJURY / DRIVE AWAY,true,,"OVER $1,500",UNABLE TO DETERMINE,2,NO INDICATION OF INJURY,0,0,41.9421543863,-87.7765057532,60634,"CHICAGO OHARE INTERNATIONAL AIRPORT, IL US",34.0,30.0,85.0,0.0,5.0,7.0
crash_08814,2018-04-12 11:40:00,2018,4,Apr,Thu,11,Daytime,30,NO CONTROLS,CLEAR,DAYLIGHT,PARKED MOTOR VEHICLE,ONE-WAY,DRY,NO INJURY / DRIVE AWAY,,true,"$501 - $1,500",UNABLE TO DETERMINE,2,NO INDICATION OF INJURY,0,0,41.8595198697,-87.7202480059,60623,"CHICAGO MIDWAY AIRPORT, IL US",72.0,46.0,40.0,0.0,10.0,18.0
crash_08815,2024-12-24 06:49:00,2024,12,Dec,Tue,6,Morning commute,20,STOP SIGN/FLASHER,UNKNOWN,UNKNOWN,SIDESWIPE SAME DIRECTION,NOT DIVIDED,UNKNOWN,NO INJURY / DRIVE AWAY,,true,"OVER $1,500",UNABLE TO DETERMINE,2,NO INDICATION OF INJURY,0,0,41.7367860259,-87.6013295194,60619,"CHICAGO MIDWAY AIRPORT, IL US",37.0,31.0,79.0,,7.0,14.0
crash_08816,2023-12-11 08:30:00,2023,12,Dec,Mon,8,Morning commute,30,STOP SIGN/FLASHER,CLEAR,DAYLIGHT,ANGLE,FOUR WAY,DRY,INJURY AND / OR TOW DUE TO CRASH,true,,"OVER $1,500",DISREGARDING STOP SIGN,2,NO INDICATION OF INJURY,0,0,41.7859648163,-87.718202133,60629,"CHICAGO MIDWAY AIRPORT, IL US",30.0,19.0,64.0,0.0,10.0,9.0
crash_08817,2018-12-01 19:00:00,2018,12,Dec,Sat,19,Night or early morning,30,TRAFFIC SIGNAL,RAIN,DARKNESS,REAR END,ONE-WAY,SNOW OR SLUSH,NO INJURY / DRIVE AWAY,,,"OVER $1,500",FOLLOWING TOO CLOSELY,2,NO INDICATION OF INJURY,0,0,41.7946951569,-87.6292691631,60609,"CHICAGO MIDWAY AIRPORT, IL US",43.0,41.0,93.0,0.0,2.0,9.0
crash_08818,2024-10-05 19:15:00,2024,10,Oct,Sat,19,Night or early morning,30,TRAFFIC SIGNAL,UNKNOWN,UNKNOWN,REAR END,NOT DIVIDED,UNKNOWN,NO INJURY / DRIVE AWAY,,,"OVER $1,500",FOLLOWING TOO CLOSELY,2,NO INDICATION OF INJURY,0,0,42.0052897239,-87.6803650864,60645,"CHICAGO OHARE INTERNATIONAL AIRPORT, IL US",81.0,57.0,44.0,0.0,10.0,13.0
crash_08819,2021-05-04 17:30:00,2021,5,May,Tue,17,Evening commute,30,TRAFFIC SIGNAL,CLEAR,DAYLIGHT,REAR END,NOT DIVIDED,UNKNOWN,NO INJURY / DRIVE AWAY,true,,"OVER $1,500",UNABLE TO DETERMINE,2,NO INDICATION OF INJURY,0,0,,,,,,,,,,
crash_08820,2022-03-14 16:15:00,2022,3,Mar,Mon,16,Evening commute,45,NO CONTROLS,CLEAR,DAYLIGHT,SIDESWIPE SAME DIRECTION,DIVIDED - W/MEDIAN BARRIER,DRY,NO INJURY / DRIVE AWAY,,true,"$501 - $1,500",IMPROPER LANE USAGE,2,NO INDICATION OF INJURY,0,0,41.9299205114,-87.6323006958,60614,"CHICAGO MIDWAY AIRPORT, IL US",65.0,32.0,29.0,0.0,10.0,15.0
crash_08821,2020-02-11 17:00:00,2020,2,Feb,Tue,17,Evening commute,30,TRAFFIC SIGNAL,CLEAR,DAYLIGHT,TURNING,NOT DIVIDED,DRY,NO INJURY / DRIVE AWAY,,,"OVER $1,500",IMPROPER TURNING/NO SIGNAL,2,NO INDICATION OF INJURY,0,0,41.8732024143,-87.6275284925,60605,"CHICAGO MIDWAY AIRPORT, IL US",33.0,20.0,58.0,0.0,10.0,11.0
crash_08822,2020-08-05 12:20:00,2020,8,Aug,Wed,12,Daytime,30,NO CONTROLS,CLEAR,DAYLIGHT,PARKED MOTOR VEHICLE,ONE-WAY,DRY,NO INJURY / DRIVE AWAY,,true,"OVER $1,500",UNABLE TO DETERMINE,2,NO INDICATION OF INJURY,0,0,41.7868064187,-87.6436181525,60621,"CHICAGO MIDWAY AIRPORT, IL US",73.0,47.0,40.0,,10.0,11.0
crash_08823,2025-08-30 01:27:00,2025,8,Aug,Sat,1,Night or early morning,25,NO CONTROLS,CLEAR,"DARKNESS, LIGHTED ROAD",PARKED MOTOR VEHICLE,ONE-WAY,DRY,INJURY AND / OR TOW DUE TO CRASH,,,"OVER $1,500",NOT APPLICABLE,3,NO INDICATION OF INJURY,0,0,41.9387359576,-87.6813306998,60618,,,,,,,
crash_08824,2019-03-04 13:05:00,2019,3,Mar,Mon,13,Daytime,5,NO CONTROLS,CLEAR,DAYLIGHT,TURNING,PARKING LOT,DRY,NO INJURY / DRIVE AWAY,,,$500 OR LESS,FAILING TO REDUCE SPEED TO AVOID CRASH,2,NO INDICATION OF INJURY,0,0,41.9245670311,-87.7292846667,60639,"CHICAGO MIDWAY AIRPORT, IL US",11.0,-6.0,46.0,0.0,10.0,20.0
crash_08825,2021-11-30 12:20:00,2021,11,Nov,Tue,12,Daytime,30,TRAFFIC SIGNAL,CLEAR,DAYLIGHT,TURNING,FOUR WAY,DRY,NO INJURY / DRIVE AWAY,true,,"$501 - $1,500",FAILING TO YIELD RIGHT-OF-WAY,2,NO INDICATION OF INJURY,0,0,41.8509594569,-87.6383376331,60616,"CHICAGO MIDWAY AIRPORT, IL US",49.0,28.0,44.0,0.0,10.0,14.0
crash_08826,2020-03-07 16:44:00,2020,3,Mar,Sat,16,Evening commute,30,STOP SIGN/FLASHER,CLEAR,DAYLIGHT,PEDALCYCLIST,T-INTERSECTION,DRY,INJURY AND / OR TOW DUE TO CRASH,true,,$500 OR LESS,IMPROPER OVERTAKING/PASSING,2,NONINCAPACITATING INJURY,1,0,41.9245687129,-87.6440204571,60614,"CHICAGO MIDWAY AIRPORT, IL US",51.0,20.0,29.0,0.0,10.0,16.0
crash_08827,2018-01-01 13:30:00,2018,1,Jan,Mon,13,Daytime,30,NO CONTROLS,CLEAR,DAYLIGHT,TURNING,NOT DIVIDED,DRY,NO INJURY / DRIVE AWAY,true,,"$501 - $1,500",IMPROPER TURNING/NO SIGNAL,2,NO INDICATION OF INJURY,0,0,41.7082135528,-87.5644535308,60617,"CHICAGO MIDWAY AIRPORT, IL US",3.0,-10.0,54.0,0.0,10.0,11.0
crash_08828,2021-05-23 17:00:00,2021,5,May,Sun,17,Evening commute,25,NO CONTROLS,UNKNOWN,UNKNOWN,PARKED MOTOR VEHICLE,NOT DIVIDED,UNKNOWN,NO INJURY / DRIVE AWAY,,,$500 OR LESS,UNABLE TO DETERMINE,2,NO INDICATION OF INJURY,0,0,41.815614927,-87.5966771082,60653,"CHICAGO MIDWAY AIRPORT, IL US",79.0,63.0,58.0,0.0,10.0,5.0
crash_08829,2019-06-03 15:06:00,2019,6,Jun,Mon,15,Evening commute,30,TRAFFIC SIGNAL,CLEAR,DAYLIGHT,REAR END,DIVIDED - W/MEDIAN BARRIER,DRY,INJURY AND / OR TOW DUE TO CRASH,true,,"OVER $1,500",FAILING TO REDUCE SPEED TO AVOID CRASH,2,NO INDICATION OF INJURY,0,0,41.8527999459,-87.6206115641,60616,"CHICAGO MIDWAY AIRPORT, IL US",67.0,43.0,42.0,0.0,10.0,8.0
crash_08830,2020-11-16 07:30:00,2020,11,Nov,Mon,7,Morning commute,30,NO CONTROLS,CLEAR,DAYLIGHT,REAR END,DIVIDED - W/MEDIAN (NOT RAISED),DRY,NO INJURY / DRIVE AWAY,,,"OVER $1,500",FOLLOWING TOO CLOSELY,2,NO INDICATION OF INJURY,0,0,41.9093369398,-87.7776821728,60639,"CHICAGO OHARE INTERNATIONAL AIRPORT, IL US",33.0,24.0,70.0,0.0,10.0,11.0
crash_08831,2023-04-14 17:41:00,2023,4,Apr,Fri,17,Evening commute,30,TRAFFIC SIGNAL,CLEAR,DAYLIGHT,TURNING,NOT DIVIDED,DRY,INJURY AND / OR TOW DUE TO CRASH,true,,"OVER $1,500",UNABLE TO DETERMINE,2,NO INDICATION OF INJURY,0,0,41.8233548081,-87.6750318814,60609,"CHICAGO MIDWAY AIRPORT, IL US",78.0,41.0,27.0,0.0,10.0,13.0
crash_08832,2020-09-14 17:01:00,2020,9,Sep,Mon,17,Evening commute,35,NO CONTROLS,CLEAR,DAYLIGHT,TURNING,NOT DIVIDED,DRY,NO INJURY / DRIVE AWAY,,,"OVER $1,500",FAILING TO REDUCE SPEED TO AVOID CRASH,2,NO INDICATION OF INJURY,0,0,41.7517996213,-87.552955224,60617,"CHICAGO MIDWAY AIRPORT, IL US",73.0,52.0,48.0,0.0,10.0,8.0
crash_08833,2023-04-11 14:45:00,2023,4,Apr,Tue,14,Daytime,30,TRAFFIC SIGNAL,CLEAR,DAYLIGHT,TURNING,"FIVE POINT, OR MORE",DRY,NO INJURY / DRIVE AWAY,true,,"OVER $1,500",FAILING TO YIELD RIGHT-OF-WAY,2,NO INDICATION OF INJURY,0,0,41.9937115057,-87.7876798352,60631,"CHICAGO OHARE INTERNATIONAL AIRPORT, IL US",77.0,43.0,30.0,0.0,10.0,16.0