crash_id,crash_datetime,crash_year,crash_month,crash_month_name,crash_weekday_name,crash_hour,time_period,posted_speed_limit_mph,traffic_control_device,reported_weather_condition,reported_lighting_condition,first_crash_type,trafficway_type,reported_road_surface_condition,crash_type,intersection_related,hit_and_run,estimated_damage,primary_contributory_cause,unit_count,most_severe_injury,injuries_total,injuries_fatal,latitude,longitude,zip5,weather_station_name,temperature_f,dew_point_f,relative_humidity_percent,precipitation_inches,visibility_miles,wind_speed_mph
crash_08834,2025-08-05 15:20:00,2025,8,Aug,Tue,15,Evening commute,30,TRAFFIC SIGNAL,UNKNOWN,UNKNOWN,TURNING,DIVIDED - W/MEDIAN BARRIER,UNKNOWN,NO INJURY / DRIVE AWAY,true,,"OVER $1,500",IMPROPER TURNING/NO SIGNAL,2,NO INDICATION OF INJURY,0,0,41.9974543646,-87.7659041629,60646,"CHICAGO OHARE INTERNATIONAL AIRPORT, IL US",82.0,54.0,38.0,0.0,10.0,9.0
crash_08835,2025-03-01 14:40:00,2025,3,Mar,Sat,14,Daytime,30,UNKNOWN,CLEAR,DAYLIGHT,SIDESWIPE SAME DIRECTION,ONE-WAY,UNKNOWN,NO INJURY / DRIVE AWAY,,,"OVER $1,500",UNABLE TO DETERMINE,2,NO INDICATION OF INJURY,0,0,41.8797890292,-87.7666216249,60644,"CHICAGO MIDWAY AIRPORT, IL US",30.0,1.0,29.0,0.0,10.0,9.0
crash_08836,2023-12-04 09:45:00,2023,12,Dec,Mon,9,Morning commute,20,NO CONTROLS,CLEAR,DAYLIGHT,PARKED MOTOR VEHICLE,PARKING LOT,DRY,NO INJURY / DRIVE AWAY,,,"OVER $1,500",UNABLE TO DETERMINE,2,NO INDICATION OF INJURY,0,0,41.9089789212,-87.766009355,60651,"CHICAGO MIDWAY AIRPORT, IL US",38.0,32.0,79.0,0.0,10.0,9.0
crash_08837,2025-06-23 15:00:00,2025,6,Jun,Mon,15,Evening commute,25,STOP SIGN/FLASHER,CLEAR,DAYLIGHT,PEDALCYCLIST,ONE-WAY,DRY,INJURY AND / OR TOW DUE TO CRASH,true,,"OVER $1,500",FAILING TO YIELD RIGHT-OF-WAY,2,NONINCAPACITATING INJURY,1,0,41.8759381838,-87.6409413416,60607,"CHICAGO MIDWAY AIRPORT, IL US",95.0,69.0,43.0,0.0,10.0,20.0
crash_08838,2021-09-25 12:30:00,2021,9,Sep,Sat,12,Daytime,30,NO CONTROLS,UNKNOWN,"DARKNESS, LIGHTED ROAD",TURNING,NOT DIVIDED,UNKNOWN,NO INJURY / DRIVE AWAY,,true,"OVER $1,500",FAILING TO YIELD RIGHT-OF-WAY,2,NO INDICATION OF INJURY,0,0,41.7584848876,-87.6055332197,60619,"CHICAGO MIDWAY AIRPORT, IL US",67.0,37.0,33.0,0.0,10.0,14.0
crash_08839,2024-09-27 11:00:00,2024,9,Sep,Fri,11,Daytime,25,TRAFFIC SIGNAL,CLEAR,DAYLIGHT,REAR END,NOT DIVIDED,DRY,NO INJURY / DRIVE AWAY,,,$500 OR LESS,FAILING TO REDUCE SPEED TO AVOID CRASH,2,NO INDICATION OF INJURY,0,0,41.930831471,-87.7906910266,60707,"CHICAGO OHARE INTERNATIONAL AIRPORT, IL US",70.0,58.0,66.0,0.0,10.0,20.0
crash_08840,2025-04-03 14:30:00,2025,4,Apr,Thu,14,Daytime,30,NO CONTROLS,CLEAR,DAYLIGHT,PARKED MOTOR VEHICLE,NOT DIVIDED,DRY,NO INJURY / DRIVE AWAY,,true,"OVER $1,500",IMPROPER BACKING,2,NO INDICATION OF INJURY,0,0,41.9634098508,-87.7653893848,60630,"CHICAGO OHARE INTERNATIONAL AIRPORT, IL US",46.0,34.0,63.0,0.0,10.0,13.0
crash_08841,2018-03-26 16:25:00,2018,3,Mar,Mon,16,Evening commute,30,NO CONTROLS,CLEAR,DAYLIGHT,PARKED MOTOR VEHICLE,NOT DIVIDED,DRY,NO INJURY / DRIVE AWAY,,,"OVER $1,500",UNABLE TO DETERMINE,2,NO INDICATION OF INJURY,0,0,41.9835102607,-87.6602114737,60640,"CHICAGO OHARE INTERNATIONAL AIRPORT, IL US",51.0,29.0,43.0,0.0,10.0,8.0
crash_08842,2024-03-08 16:45:00,2024,3,Mar,Fri,16,Evening commute,30,TRAFFIC SIGNAL,RAIN,DAYLIGHT,SIDESWIPE SAME DIRECTION,NOT DIVIDED,WET,NO INJURY / DRIVE AWAY,,true,"OVER $1,500",UNABLE TO DETERMINE,2,NO INDICATION OF INJURY,0,0,41.8869887836,-87.7456603425,60644,"CHICAGO MIDWAY AIRPORT, IL US",45.0,43.0,93.0,,4.0,9.0
crash_08843,2019-04-25 21:00:00,2019,4,Apr,Thu,21,Night or early morning,30,NO CONTROLS,UNKNOWN,UNKNOWN,PARKED MOTOR VEHICLE,NOT DIVIDED,UNKNOWN,NO INJURY / DRIVE AWAY,,true,"OVER $1,500",UNABLE TO DETERMINE,2,NO INDICATION OF INJURY,0,0,41.7205891229,-87.5354354218,60617,"CHICAGO MIDWAY AIRPORT, IL US",56.0,40.0,55.0,0.0,10.0,3.0
crash_08844,2019-07-17 17:15:00,2019,7,Jul,Wed,17,Evening commute,35,TRAFFIC SIGNAL,CLOUDY/OVERCAST,DAYLIGHT,SIDESWIPE SAME DIRECTION,NOT DIVIDED,WET,NO INJURY / DRIVE AWAY,,true,"$501 - $1,500",IMPROPER OVERTAKING/PASSING,2,NO INDICATION OF INJURY,0,0,41.9678298429,-87.7547448643,60630,"CHICAGO OHARE INTERNATIONAL AIRPORT, IL US",87.0,72.0,61.0,0.0,10.0,8.0
crash_08845,2018-04-04 07:25:00,2018,4,Apr,Wed,7,Morning commute,30,STOP SIGN/FLASHER,SNOW,DAYLIGHT,TURNING,NOT DIVIDED,SNOW OR SLUSH,NO INJURY / DRIVE AWAY,true,,"OVER $1,500",FAILING TO YIELD RIGHT-OF-WAY,2,NO INDICATION OF INJURY,0,0,41.891052857,-87.6696235387,60622,"CHICAGO MIDWAY AIRPORT, IL US",27.0,19.0,72.0,0.0,10.0,23.0
crash_08846,2025-05-22 11:30:00,2025,5,May,Thu,11,Daytime,20,NO CONTROLS,CLOUDY/OVERCAST,DAYLIGHT,ANGLE,NOT DIVIDED,DRY,NO INJURY / DRIVE AWAY,,,"$501 - $1,500",FAILING TO YIELD RIGHT-OF-WAY,2,NO INDICATION OF INJURY,0,0,41.6915788484,-87.7059212504,60655,"CHICAGO MIDWAY AIRPORT, IL US",53.0,41.0,64.0,0.0,10.0,10.0
crash_08847,2025-05-24 21:36:00,2025,5,May,Sat,21,Night or early morning,30,TRAFFIC SIGNAL,CLEAR,"DARKNESS, LIGHTED ROAD",SIDESWIPE SAME DIRECTION,FOUR WAY,DRY,NO INJURY / DRIVE AWAY,true,,"$501 - $1,500",IMPROPER LANE USAGE,2,NO INDICATION OF INJURY,0,0,41.8932567111,-87.6370077971,60654,"CHICAGO MIDWAY AIRPORT, IL US",56.0,38.0,51.0,0.0,10.0,14.0
crash_08848,2019-10-13 14:20:00,2019,10,Oct,Sun,14,Daytime,30,TRAFFIC SIGNAL,CLEAR,DAYLIGHT,REAR END,NOT DIVIDED,DRY,NO INJURY / DRIVE AWAY,,true,"$501 - $1,500",FOLLOWING TOO CLOSELY,2,NO INDICATION OF INJURY,0,0,41.8909256189,-87.7553055693,60644,"CHICAGO MIDWAY AIRPORT, IL US",55.0,32.0,42.0,0.0,10.0,23.0
crash_08849,2025-07-26 04:14:00,2025,7,Jul,Sat,4,Night or early morning,30,NO CONTROLS,RAIN,"DARKNESS, LIGHTED ROAD",PARKED MOTOR VEHICLE,NOT DIVIDED,WET,INJURY AND / OR TOW DUE TO CRASH,,true,"OVER $1,500",NOT APPLICABLE,3,NO INDICATION OF INJURY,0,0,41.8012664293,-87.6805039792,60609,"CHICAGO MIDWAY AIRPORT, IL US",74.0,70.0,88.0,0.0,7.0,5.0
crash_08850,2023-03-16 02:00:00,2023,3,Mar,Thu,2,Night or early morning,35,UNKNOWN,CLEAR,"DARKNESS, LIGHTED ROAD",SIDESWIPE SAME DIRECTION,NOT DIVIDED,DRY,INJURY AND / OR TOW DUE TO CRASH,false,true,"OVER $1,500",IMPROPER OVERTAKING/PASSING,2,NO INDICATION OF INJURY,0,0,41.8851933625,-87.7256514804,60624,"CHICAGO MIDWAY AIRPORT, IL US",42.0,24.0,49.0,0.0,10.0,10.0
crash_08851,2018-07-29 08:00:00,2018,7,Jul,Sun,8,Morning commute,30,TRAFFIC SIGNAL,CLEAR,DAYLIGHT,REAR END,NOT DIVIDED,DRY,NO INJURY / DRIVE AWAY,,,$500 OR LESS,UNABLE TO DETERMINE,2,NO INDICATION OF INJURY,0,0,41.7726553354,-87.6269088527,60621,"CHICAGO MIDWAY AIRPORT, IL US",69.0,59.0,70.0,0.0,10.0,3.0
crash_08852,2019-12-18 13:30:00,2019,12,Dec,Wed,13,Daytime,30,TRAFFIC SIGNAL,CLEAR,DAYLIGHT,TURNING,NOT DIVIDED,DRY,NO INJURY / DRIVE AWAY,true,,"OVER $1,500",FAILING TO YIELD RIGHT-OF-WAY,2,NO INDICATION OF INJURY,0,0,41.8524660331,-87.6610191121,60608,"CHICAGO MIDWAY AIRPORT, IL US",18.0,-7.0,32.0,0.0,10.0,8.0
crash_08853,2022-01-27 19:40:00,2022,1,Jan,Thu,19,Night or early morning,25,NO CONTROLS,SNOW,DARKNESS,PARKED MOTOR VEHICLE,PARKING LOT,SNOW OR SLUSH,NO INJURY / DRIVE AWAY,,,"$501 - $1,500",NOT APPLICABLE,2,NO INDICATION OF INJURY,0,0,41.7310229996,-87.6627773275,60620,"CHICAGO MIDWAY AIRPORT, IL US",31.0,22.0,69.0,0.0,7.0,6.0
crash_08854,2024-05-08 14:00:00,2024,5,May,Wed,14,Daytime,30,TRAFFIC SIGNAL,CLEAR,DAYLIGHT,TURNING,NOT DIVIDED,DRY,NO INJURY / DRIVE AWAY,,,"$501 - $1,500",IMPROPER TURNING/NO SIGNAL,2,NO INDICATION OF INJURY,0,0,41.8132715982,-87.7239352143,60632,"CHICAGO MIDWAY AIRPORT, IL US",77.0,42.0,29.0,0.0,10.0,11.0
crash_08855,2018-12-22 14:20:00,2018,12,Dec,Sat,14,Daytime,30,NO CONTROLS,CLOUDY/OVERCAST,DAYLIGHT,PARKED MOTOR VEHICLE,NOT DIVIDED,DRY,NO INJURY / DRIVE AWAY,,,"OVER $1,500",UNABLE TO DETERMINE,2,NO INDICATION OF INJURY,0,0,41.8462332279,-87.7046898012,60623,"CHICAGO MIDWAY AIRPORT, IL US",33.0,25.0,72.0,0.0,10.0,9.0
crash_08856,2021-02-10 17:00:00,2021,2,Feb,Wed,17,Evening commute,30,NO CONTROLS,CLEAR,UNKNOWN,PARKED MOTOR VEHICLE,ONE-WAY,UNKNOWN,NO INJURY / DRIVE AWAY,,true,$500 OR LESS,IMPROPER BACKING,2,NO INDICATION OF INJURY,0,0,41.8472241035,-87.6922828326,60608,"CHICAGO MIDWAY AIRPORT, IL US",16.0,2.0,54.0,0.0,10.0,10.0
crash_08857,2023-01-05 06:00:00,2023,1,Jan,Thu,6,Morning commute,30,STOP SIGN/FLASHER,SNOW,"DARKNESS, LIGHTED ROAD",REAR TO SIDE,NOT DIVIDED,WET,INJURY AND / OR TOW DUE TO CRASH,true,,"OVER $1,500",FAILING TO YIELD RIGHT-OF-WAY,2,NO INDICATION OF INJURY,0,0,41.8821144768,-87.7660782141,60644,"CHICAGO MIDWAY AIRPORT, IL US",33.0,28.0,82.0,0.0,5.0,8.0
crash_08858,2023-08-01 06:40:00,2023,8,Aug,Tue,6,Morning commute,30,NO CONTROLS,CLEAR,DAYLIGHT,SIDESWIPE SAME DIRECTION,NOT DIVIDED,DRY,NO INJURY / DRIVE AWAY,,,"OVER $1,500",UNABLE TO DETERMINE,2,NO INDICATION OF INJURY,0,0,41.6605036954,-87.5886243148,60633,"CHICAGO MIDWAY AIRPORT, IL US",70.0,59.0,68.0,0.0,10.0,3.0
crash_08859,2021-04-29 23:50:00,2021,4,Apr,Thu,23,Night or early morning,30,NO CONTROLS,CLEAR,"DARKNESS, LIGHTED ROAD",FIXED OBJECT,NOT DIVIDED,DRY,NO INJURY / DRIVE AWAY,,,"OVER $1,500",FAILING TO REDUCE SPEED TO AVOID CRASH,1,NO INDICATION OF INJURY,0,0,41.8698737879,-87.7692294746,60644,"CHICAGO MIDWAY AIRPORT, IL US",56.0,41.0,57.0,0.0,10.0,10.0
crash_08860,2020-05-11 17:00:00,2020,5,May,Mon,17,Evening commute,30,NO CONTROLS,UNKNOWN,UNKNOWN,REAR TO SIDE,ONE-WAY,UNKNOWN,NO INJURY / DRIVE AWAY,,,$500 OR LESS,UNABLE TO DETERMINE,2,NO INDICATION OF INJURY,0,0,41.8084882516,-87.66753974,60609,"CHICAGO MIDWAY AIRPORT, IL US",46.0,34.0,63.0,0.0,10.0,11.0
crash_08861,2022-07-29 21:23:00,2022,7,Jul,Fri,21,Night or early morning,30,TRAFFIC SIGNAL,CLEAR,"DARKNESS, LIGHTED ROAD",REAR END,DIVIDED - W/MEDIAN (NOT RAISED),DRY,INJURY AND / OR TOW DUE TO CRASH,,,"OVER $1,500",FOLLOWING TOO CLOSELY,3,NONINCAPACITATING INJURY,3,0,41.7359383015,-87.6297753862,60620,"CHICAGO MIDWAY AIRPORT, IL US",76.0,55.0,48.0,0.0,10.0,6.0
crash_08862,2019-02-13 17:10:00,2019,2,Feb,Wed,17,Evening commute,30,TRAFFIC SIGNAL,CLEAR,DAYLIGHT,REAR END,NOT DIVIDED,DRY,NO INJURY / DRIVE AWAY,,true,"$501 - $1,500",UNABLE TO DETERMINE,2,NO INDICATION OF INJURY,0,0,41.8235035927,-87.6506663765,60609,"CHICAGO MIDWAY AIRPORT, IL US",25.0,17.0,72.0,0.0,10.0,14.0
crash_08863,2023-08-25 15:00:00,2023,8,Aug,Fri,15,Evening commute,30,NO CONTROLS,CLEAR,DAYLIGHT,TURNING,NOT DIVIDED,DRY,INJURY AND / OR TOW DUE TO CRASH,,,$500 OR LESS,FAILING TO REDUCE SPEED TO AVOID CRASH,3,NO INDICATION OF INJURY,0,0,41.8957648803,-87.6790703796,60612,"CHICAGO MIDWAY AIRPORT, IL US",76.0,66.0,72.0,0.0,10.0,7.0
crash_08864,2018-08-21 14:00:00,2018,8,Aug,Tue,14,Daytime,30,NO CONTROLS,CLEAR,DAYLIGHT,SIDESWIPE SAME DIRECTION,NOT DIVIDED,DRY,NO INJURY / DRIVE AWAY,,true,"$501 - $1,500",UNABLE TO DETERMINE,2,NO INDICATION OF INJURY,0,0,41.9755245873,-87.7394455497,60630,"CHICAGO OHARE INTERNATIONAL AIRPORT, IL US",75.0,62.0,64.0,0.0,10.0,21.0
crash_08865,2022-05-19 15:20:00,2022,5,May,Thu,15,Evening commute,10,NO CONTROLS,CLEAR,DAYLIGHT,SIDESWIPE SAME DIRECTION,PARKING LOT,UNKNOWN,NO INJURY / DRIVE AWAY,,,"OVER $1,500",FAILING TO YIELD RIGHT-OF-WAY,2,NO INDICATION OF INJURY,0,0,41.8167926955,-87.6007766148,60653,"CHICAGO MIDWAY AIRPORT, IL US",85.0,54.0,35.0,0.0,10.0,14.0
crash_08866,2025-03-14 20:18:00,2025,3,Mar,Fri,20,Night or early morning,30,TRAFFIC SIGNAL,CLEAR,"DARKNESS, LIGHTED ROAD",TURNING,NOT DIVIDED,DRY,INJURY AND / OR TOW DUE TO CRASH,true,,"OVER $1,500",FAILING TO YIELD RIGHT-OF-WAY,2,"REPORTED, NOT EVIDENT",2,0,41.9023962606,-87.7461261196,60651,"CHICAGO MIDWAY AIRPORT, IL US",75.0,49.0,40.0,0.0,10.0,15.0
crash_08867,2024-08-08 09:30:00,2024,8,Aug,Thu,9,Morning commute,30,OTHER,CLEAR,DAYLIGHT,REAR END,DIVIDED - W/MEDIAN (NOT RAISED),UNKNOWN,NO INJURY / DRIVE AWAY,true,true,$500 OR LESS,UNABLE TO DETERMINE,2,NO INDICATION OF INJURY,0,0,41.9589410094,-87.7476253546,60641,"CHICAGO OHARE INTERNATIONAL AIRPORT, IL US",75.0,61.0,62.0,0.0,10.0,6.0
crash_08868,2024-05-08 16:55:00,2024,5,May,Wed,16,Evening commute,30,STOP SIGN/FLASHER,CLEAR,DAYLIGHT,ANGLE,FOUR WAY,DRY,INJURY AND / OR TOW DUE TO CRASH,true,,"OVER $1,500",DISREGARDING STOP SIGN,2,"REPORTED, NOT EVIDENT",1,0,41.8040366719,-87.6161572132,60615,"CHICAGO MIDWAY AIRPORT, IL US",75.0,38.0,26.0,0.0,10.0,15.0
crash_08869,2019-01-12 13:55:00,2019,1,Jan,Sat,13,Daytime,30,NO CONTROLS,SNOW,DAYLIGHT,PARKED MOTOR VEHICLE,ONE-WAY,SNOW OR SLUSH,INJURY AND / OR TOW DUE TO CRASH,,,"OVER $1,500",FAILING TO REDUCE SPEED TO AVOID CRASH,2,NO INDICATION OF INJURY,0,0,41.9636507658,-87.6861768562,60625,"CHICAGO OHARE INTERNATIONAL AIRPORT, IL US",29.0,28.0,96.0,0.03,0.5,13.0
crash_08870,2021-07-08 17:00:00,2021,7,Jul,Thu,17,Evening commute,30,NO CONTROLS,CLEAR,DAYLIGHT,REAR END,NOT DIVIDED,DRY,NO INJURY / DRIVE AWAY,false,true,"$501 - $1,500",FOLLOWING TOO CLOSELY,2,NO INDICATION OF INJURY,0,0,41.9316294566,-87.7758332538,60634,"CHICAGO OHARE INTERNATIONAL AIRPORT, IL US",67.0,58.0,73.0,0.0,10.0,8.0
crash_08871,2024-12-08 23:00:00,2024,12,Dec,Sun,23,Night or early morning,30,NO CONTROLS,CLEAR,DUSK,PARKED MOTOR VEHICLE,NOT DIVIDED,DRY,NO INJURY / DRIVE AWAY,,,"$501 - $1,500",UNDER THE INFLUENCE OF ALCOHOL/DRUGS (USE WHEN ARREST IS EFFECTED),2,NO INDICATION OF INJURY,0,0,41.909148825,-87.7672610646,60651,"CHICAGO MIDWAY AIRPORT, IL US",50.0,43.0,77.0,0.0,9.0,10.0
crash_08872,2021-12-15 17:10:00,2021,12,Dec,Wed,17,Evening commute,30,TRAFFIC SIGNAL,CLEAR,DARKNESS,REAR END,FOUR WAY,WET,NO INJURY / DRIVE AWAY,true,,"$501 - $1,500",FOLLOWING TOO CLOSELY,2,NO INDICATION OF INJURY,0,0,41.8997594972,-87.6610780614,60642,"CHICAGO MIDWAY AIRPORT, IL US",65.0,58.0,78.0,0.0,10.0,22.0
crash_08873,2022-01-03 07:14:00,2022,1,Jan,Mon,7,Morning commute,30,PEDESTRIAN CROSSING SIGN,CLEAR,DAYLIGHT,PEDESTRIAN,NOT DIVIDED,ICE,NO INJURY / DRIVE AWAY,,,$500 OR LESS,FAILING TO YIELD RIGHT-OF-WAY,2,NO INDICATION OF INJURY,0,0,41.8461105615,-87.7147810691,60623,"CHICAGO MIDWAY AIRPORT, IL US",11.0,4.0,73.0,0.0,10.0,7.0
crash_08874,2021-05-28 13:30:00,2021,5,May,Fri,13,Daytime,25,TRAFFIC SIGNAL,CLOUDY/OVERCAST,DAYLIGHT,SIDESWIPE SAME DIRECTION,FOUR WAY,WET,NO INJURY / DRIVE AWAY,,,"OVER $1,500",IMPROPER OVERTAKING/PASSING,2,NO INDICATION OF INJURY,0,0,41.9541798068,-87.6691077443,60613,"CHICAGO MIDWAY AIRPORT, IL US",48.0,40.0,74.0,0.0,10.0,22.0
crash_08875,2022-07-10 02:15:00,2022,7,Jul,Sun,2,Night or early morning,30,TRAFFIC SIGNAL,CLEAR,"DARKNESS, LIGHTED ROAD",ANGLE,FOUR WAY,DRY,INJURY AND / OR TOW DUE TO CRASH,true,,"OVER $1,500",DISREGARDING TRAFFIC SIGNALS,2,"REPORTED, NOT EVIDENT",1,0,41.8577891552,-87.6257559805,60616,"CHICAGO MIDWAY AIRPORT, IL US",69.0,56.0,63.0,0.0,10.0,3.0
crash_08876,2022-07-18 19:15:00,2022,7,Jul,Mon,19,Night or early morning,30,NO CONTROLS,CLEAR,DAYLIGHT,SIDESWIPE SAME DIRECTION,NOT DIVIDED,DRY,NO INJURY / DRIVE AWAY,,true,"OVER $1,500",UNABLE TO DETERMINE,2,NO INDICATION OF INJURY,0,0,41.9241601084,-87.7606123474,60639,"CHICAGO OHARE INTERNATIONAL AIRPORT, IL US",85.0,65.0,51.0,0.0,10.0,8.0
crash_08877,2022-02-10 18:45:00,2022,2,Feb,Thu,18,Evening commute,15,NO CONTROLS,CLEAR,"DARKNESS, LIGHTED ROAD",PARKED MOTOR VEHICLE,ONE-WAY,DRY,NO INJURY / DRIVE AWAY,,true,"OVER $1,500",UNABLE TO DETERMINE,2,NO INDICATION OF INJURY,0,0,41.7773177619,-87.6858863365,60629,"CHICAGO MIDWAY AIRPORT, IL US",29.0,20.0,69.0,0.0,10.0,14.0
crash_08878,2019-01-06 19:39:00,2019,1,Jan,Sun,19,Night or early morning,30,TRAFFIC SIGNAL,CLEAR,"DARKNESS, LIGHTED ROAD",ANGLE,OTHER,DRY,INJURY AND / OR TOW DUE TO CRASH,true,,"OVER $1,500",DISREGARDING TRAFFIC SIGNALS,2,INCAPACITATING INJURY,2,0,41.7466220628,-87.6634893333,60620,"CHICAGO MIDWAY AIRPORT, IL US",40.0,32.0,73.0,0.0,10.0,15.0
crash_08879,2018-10-27 19:45:00,2018,10,Oct,Sat,19,Night or early morning,30,TRAFFIC SIGNAL,CLEAR,"DARKNESS, LIGHTED ROAD",SIDESWIPE SAME DIRECTION,NOT DIVIDED,WET,NO INJURY / DRIVE AWAY,,,"OVER $1,500",FAILING TO YIELD RIGHT-OF-WAY,2,NO INDICATION OF INJURY,0,0,41.9810276319,-87.8070807623,60656,"CHICAGO OHARE INTERNATIONAL AIRPORT, IL US",48.0,42.0,80.0,0.0,10.0,3.0
crash_08880,2021-03-25 09:50:00,2021,3,Mar,Thu,9,Morning commute,30,NO CONTROLS,CLEAR,DAYLIGHT,PARKED MOTOR VEHICLE,OTHER,DRY,NO INJURY / DRIVE AWAY,,true,"OVER $1,500",IMPROPER LANE USAGE,2,NO INDICATION OF INJURY,0,0,41.8867364089,-87.7649467072,60644,"CHICAGO MIDWAY AIRPORT, IL US",48.0,37.0,66.0,0.0,10.0,3.0
crash_08881,2025-03-30 12:35:00,2025,3,Mar,Sun,12,Daytime,30,NO CONTROLS,CLEAR,DAYLIGHT,SIDESWIPE SAME DIRECTION,NOT DIVIDED,DRY,INJURY AND / OR TOW DUE TO CRASH,,,"OVER $1,500",IMPROPER OVERTAKING/PASSING,2,NONINCAPACITATING INJURY,1,0,41.9385885716,-87.7738490927,60634,"CHICAGO OHARE INTERNATIONAL AIRPORT, IL US",73.0,60.0,64.0,0.0,10.0,16.0
crash_08882,2024-11-17 11:30:00,2024,11,Nov,Sun,11,Daytime,30,STOP SIGN/FLASHER,CLEAR,DAYLIGHT,TURNING,T-INTERSECTION,DRY,INJURY AND / OR TOW DUE TO CRASH,true,,"OVER $1,500",UNABLE TO DETERMINE,2,NO INDICATION OF INJURY,0,0,41.8078535989,-87.7162884081,60632,"CHICAGO MIDWAY AIRPORT, IL US",56.0,47.0,72.0,0.0,10.0,9.0
crash_08883,2022-07-03 01:00:00,2022,7,Jul,Sun,1,Night or early morning,30,NO CONTROLS,UNKNOWN,DARKNESS,PARKED MOTOR VEHICLE,NOT DIVIDED,UNKNOWN,INJURY AND / OR TOW DUE TO CRASH,,true,"OVER $1,500",UNABLE TO DETERMINE,2,NO INDICATION OF INJURY,0,0,41.9415942581,-87.7860466457,60634,"CHICAGO OHARE INTERNATIONAL AIRPORT, IL US",75.0,50.0,41.0,0.0,10.0,5.0
crash_08884,2021-09-27 17:30:00,2021,9,Sep,Mon,17,Evening commute,30,STOP SIGN/FLASHER,CLEAR,DAYLIGHT,ANGLE,FOUR WAY,DRY,NO INJURY / DRIVE AWAY,true,,"OVER $1,500",FAILING TO YIELD RIGHT-OF-WAY,2,NO INDICATION OF INJURY,0,0,41.7725054644,-87.7153712569,60629,"CHICAGO MIDWAY AIRPORT, IL US",78.0,59.0,52.0,,10.0,16.0
crash_08885,2019-05-25 00:30:00,2019,5,May,Sat,0,Night or early morning,30,TRAFFIC SIGNAL,CLEAR,"DARKNESS, LIGHTED ROAD",PEDESTRIAN,DIVIDED - W/MEDIAN (NOT RAISED),DRY,INJURY AND / OR TOW DUE TO CRASH,true,false,"OVER $1,500",UNABLE TO DETERMINE,2,NONINCAPACITATING INJURY,1,0,41.7720312711,-87.6735662735,60636,"CHICAGO MIDWAY AIRPORT, IL US",77.0,68.0,74.0,0.0,10.0,11.0
crash_08886,2025-08-27 14:35:00,2025,8,Aug,Wed,14,Daytime,30,TRAFFIC SIGNAL,CLEAR,DAYLIGHT,TURNING,NOT DIVIDED,DRY,INJURY AND / OR TOW DUE TO CRASH,,,"OVER $1,500",FAILING TO REDUCE SPEED TO AVOID CRASH,2,"REPORTED, NOT EVIDENT",3,0,41.8956607199,-87.6996797608,60622,,,,,,,
crash_08887,2023-07-01 09:00:00,2023,7,Jul,Sat,9,Morning commute,35,OTHER,UNKNOWN,UNKNOWN,PARKED MOTOR VEHICLE,NOT DIVIDED,UNKNOWN,NO INJURY / DRIVE AWAY,,true,$500 OR LESS,IMPROPER OVERTAKING/PASSING,2,NO INDICATION OF INJURY,0,0,41.8755326657,-87.6332264109,60605,"CHICAGO MIDWAY AIRPORT, IL US",73.0,67.0,81.0,0.0,9.0,0.0
crash_08888,2020-07-21 21:45:00,2020,7,Jul,Tue,21,Night or early morning,30,NO CONTROLS,RAIN,"DARKNESS, LIGHTED ROAD",SIDESWIPE OPPOSITE DIRECTION,NOT DIVIDED,DRY,NO INJURY / DRIVE AWAY,,,"OVER $1,500",IMPROPER TURNING/NO SIGNAL,2,NO INDICATION OF INJURY,0,0,41.7789479617,-87.6973581228,60629,"CHICAGO MIDWAY AIRPORT, IL US",75.0,72.0,90.0,0.01,10.0,5.0
crash_08889,2018-12-06 20:15:00,2018,12,Dec,Thu,20,Night or early morning,35,NO CONTROLS,CLEAR,"DARKNESS, LIGHTED ROAD",REAR END,NOT DIVIDED,DRY,NO INJURY / DRIVE AWAY,,,"OVER $1,500",FOLLOWING TOO CLOSELY,2,NO INDICATION OF INJURY,0,0,41.8673251528,-87.6424982351,60607,"CHICAGO MIDWAY AIRPORT, IL US",25.0,12.0,58.0,0.0,10.0,8.0
crash_08890,2024-02-24 23:17:00,2024,2,Feb,Sat,23,Night or early morning,30,NO CONTROLS,CLEAR,"DARKNESS, LIGHTED ROAD",TURNING,FOUR WAY,DRY,NO INJURY / DRIVE AWAY,true,,"OVER $1,500",IMPROPER TURNING/NO SIGNAL,2,NO INDICATION OF INJURY,0,0,41.7548381342,-87.6054397495,60619,"CHICAGO MIDWAY AIRPORT, IL US",33.0,20.0,58.0,0.0,10.0,9.0
crash_08891,2024-09-04 09:33:00,2024,9,Sep,Wed,9,Morning commute,25,NO CONTROLS,CLEAR,DAYLIGHT,SIDESWIPE SAME DIRECTION,ONE-WAY,DRY,NO INJURY / DRIVE AWAY,,,"$501 - $1,500",UNABLE TO DETERMINE,2,NO INDICATION OF INJURY,0,0,41.8925362695,-87.6312216512,60654,"CHICAGO MIDWAY AIRPORT, IL US",73.0,47.0,40.0,0.0,10.0,3.0
crash_08892,2024-04-03 07:12:00,2024,4,Apr,Wed,7,Morning commute,30,NO CONTROLS,RAIN,DAYLIGHT,REAR END,DIVIDED - W/MEDIAN (NOT RAISED),WET,INJURY AND / OR TOW DUE TO CRASH,,,"OVER $1,500",FOLLOWING TOO CLOSELY,2,NO INDICATION OF INJURY,0,0,41.9250985613,-87.6808491759,60647,"CHICAGO MIDWAY AIRPORT, IL US",35.0,32.0,89.0,0.0,2.0,13.0