crash_id,crash_datetime,crash_year,crash_month,crash_month_name,crash_weekday_name,crash_hour,time_period,posted_speed_limit_mph,traffic_control_device,reported_weather_condition,reported_lighting_condition,first_crash_type,trafficway_type,reported_road_surface_condition,crash_type,intersection_related,hit_and_run,estimated_damage,primary_contributory_cause,unit_count,most_severe_injury,injuries_total,injuries_fatal,latitude,longitude,zip5,weather_station_name,temperature_f,dew_point_f,relative_humidity_percent,precipitation_inches,visibility_miles,wind_speed_mph
crash_08893,2020-09-02 11:00:00,2020,9,Sep,Wed,11,Daytime,30,NO CONTROLS,CLEAR,DAYLIGHT,OTHER OBJECT,ALLEY,DRY,NO INJURY / DRIVE AWAY,,,"$501 - $1,500",UNABLE TO DETERMINE,1,NO INDICATION OF INJURY,0,0,41.9817938601,-87.6675351626,60640,"CHICAGO OHARE INTERNATIONAL AIRPORT, IL US",77.0,62.0,60.0,0.0,10.0,9.0
crash_08894,2020-07-10 22:19:00,2020,7,Jul,Fri,22,Night or early morning,30,NO CONTROLS,CLEAR,DAYLIGHT,PARKED MOTOR VEHICLE,NOT DIVIDED,DRY,NO INJURY / DRIVE AWAY,,,"OVER $1,500",IMPROPER OVERTAKING/PASSING,2,NO INDICATION OF INJURY,0,0,41.8947701492,-87.6328221703,60654,"CHICAGO MIDWAY AIRPORT, IL US",79.0,61.0,54.0,0.0,10.0,8.0
crash_08895,2018-11-06 08:30:00,2018,11,Nov,Tue,8,Morning commute,30,NO CONTROLS,RAIN,DAYLIGHT,TURNING,NOT DIVIDED,WET,INJURY AND / OR TOW DUE TO CRASH,true,,"OVER $1,500",IMPROPER OVERTAKING/PASSING,2,NONINCAPACITATING INJURY,1,0,41.7406049175,-87.5756283655,60617,"CHICAGO MIDWAY AIRPORT, IL US",47.0,43.0,86.0,0.01,4.0,16.0
crash_08896,2025-12-22 10:55:00,2025,12,Dec,Mon,10,Daytime,30,NO CONTROLS,CLOUDY/OVERCAST,DAYLIGHT,TURNING,NOT DIVIDED,DRY,INJURY AND / OR TOW DUE TO CRASH,,,"OVER $1,500",FAILING TO YIELD RIGHT-OF-WAY,2,"REPORTED, NOT EVIDENT",1,0,41.9325543216,-87.688582457,60618,,,,,,,
crash_08897,2025-12-11 14:08:00,2025,12,Dec,Thu,14,Daytime,30,NO CONTROLS,CLEAR,DAYLIGHT,PEDESTRIAN,NOT DIVIDED,DRY,INJURY AND / OR TOW DUE TO CRASH,,true,$500 OR LESS,FAILING TO REDUCE SPEED TO AVOID CRASH,2,"REPORTED, NOT EVIDENT",1,0,41.9963007813,-87.7870697024,60646,,,,,,,
crash_08898,2023-12-01 07:00:00,2023,12,Dec,Fri,7,Morning commute,30,TRAFFIC SIGNAL,RAIN,DAYLIGHT,REAR END,NOT DIVIDED,WET,NO INJURY / DRIVE AWAY,,,"OVER $1,500",NOT APPLICABLE,2,NO INDICATION OF INJURY,0,0,41.8010380868,-87.6842912591,60632,"CHICAGO MIDWAY AIRPORT, IL US",44.0,41.0,89.0,0.15,5.0,0.0
crash_08899,2021-01-13 14:10:00,2021,1,Jan,Wed,14,Daytime,20,NO CONTROLS,CLOUDY/OVERCAST,DAYLIGHT,REAR TO SIDE,PARKING LOT,DRY,NO INJURY / DRIVE AWAY,,,"OVER $1,500",IMPROPER BACKING,2,NO INDICATION OF INJURY,0,0,41.6860333533,-87.6786454881,60643,"CHICAGO MIDWAY AIRPORT, IL US",41.0,29.0,62.0,0.0,10.0,9.0
crash_08900,2024-03-31 01:30:00,2024,3,Mar,Sun,1,Night or early morning,25,NO CONTROLS,CLEAR,"DARKNESS, LIGHTED ROAD",REAR END,NOT DIVIDED,DRY,INJURY AND / OR TOW DUE TO CRASH,,true,"OVER $1,500","OPERATING VEHICLE IN ERRATIC, RECKLESS, CARELESS, NEGLIGENT OR AGGRESSIVE MANNER",2,"REPORTED, NOT EVIDENT",2,0,41.9224365365,-87.7851697555,60639,"CHICAGO OHARE INTERNATIONAL AIRPORT, IL US",40.0,34.0,79.0,,10.0,10.0
crash_08901,2023-12-29 16:40:00,2023,12,Dec,Fri,16,Evening commute,30,TRAFFIC SIGNAL,RAIN,DARKNESS,REAR END,NOT DIVIDED,WET,NO INJURY / DRIVE AWAY,,,"$501 - $1,500",UNABLE TO DETERMINE,2,NO INDICATION OF INJURY,0,0,41.9247500711,-87.7122543793,60647,"CHICAGO MIDWAY AIRPORT, IL US",40.0,36.0,86.0,0.0,10.0,10.0
crash_08902,2023-01-24 17:14:00,2023,1,Jan,Tue,17,Evening commute,30,NO CONTROLS,CLEAR,"DARKNESS, LIGHTED ROAD",REAR END,NOT DIVIDED,DRY,NO INJURY / DRIVE AWAY,,,"$501 - $1,500",FOLLOWING TOO CLOSELY,2,NO INDICATION OF INJURY,0,0,41.9975286931,-87.6897292008,60659,"CHICAGO OHARE INTERNATIONAL AIRPORT, IL US",36.0,27.0,70.0,0.0,10.0,6.0
crash_08903,2020-07-05 14:30:00,2020,7,Jul,Sun,14,Daytime,30,NO CONTROLS,CLEAR,DAYLIGHT,PEDALCYCLIST,DIVIDED - W/MEDIAN (NOT RAISED),DRY,NO INJURY / DRIVE AWAY,,,$500 OR LESS,UNABLE TO DETERMINE,2,NO INDICATION OF INJURY,0,0,41.966008334,-87.6546436787,60640,"CHICAGO MIDWAY AIRPORT, IL US",90.0,62.0,39.0,0.0,10.0,11.0
crash_08904,2024-10-21 08:31:00,2024,10,Oct,Mon,8,Morning commute,25,NO CONTROLS,CLEAR,DAYLIGHT,PARKED MOTOR VEHICLE,PARKING LOT,DRY,NO INJURY / DRIVE AWAY,,,"$501 - $1,500",UNABLE TO DETERMINE,2,NO INDICATION OF INJURY,0,0,41.747716211,-87.6052845465,60619,"CHICAGO MIDWAY AIRPORT, IL US",59.0,43.0,56.0,0.0,10.0,5.0
crash_08905,2023-02-15 13:56:00,2023,2,Feb,Wed,13,Daytime,35,OTHER,UNKNOWN,UNKNOWN,REAR END,NOT DIVIDED,UNKNOWN,NO INJURY / DRIVE AWAY,,true,$500 OR LESS,FAILING TO REDUCE SPEED TO AVOID CRASH,2,NO INDICATION OF INJURY,0,0,41.8577744035,-87.6389903804,60616,"CHICAGO MIDWAY AIRPORT, IL US",41.0,32.0,70.0,0.0,10.0,18.0
crash_08906,2021-01-15 01:26:00,2021,1,Jan,Fri,1,Night or early morning,25,TRAFFIC SIGNAL,RAIN,"DARKNESS, LIGHTED ROAD",ANGLE,FOUR WAY,WET,NO INJURY / DRIVE AWAY,true,,"OVER $1,500",UNABLE TO DETERMINE,2,NO INDICATION OF INJURY,0,0,41.916147281,-87.6679473535,60622,"CHICAGO MIDWAY AIRPORT, IL US",36.0,32.0,86.0,0.0,10.0,9.0
crash_08907,2022-10-10 20:25:00,2022,10,Oct,Mon,20,Night or early morning,35,NO CONTROLS,CLEAR,"DARKNESS, LIGHTED ROAD",SIDESWIPE SAME DIRECTION,NOT DIVIDED,DRY,INJURY AND / OR TOW DUE TO CRASH,,,"OVER $1,500",IMPROPER TURNING/NO SIGNAL,2,NONINCAPACITATING INJURY,1,0,41.9248978213,-87.6794201508,60647,"CHICAGO MIDWAY AIRPORT, IL US",60.0,52.0,75.0,0.0,10.0,6.0
crash_08908,2025-06-07 22:20:00,2025,6,Jun,Sat,22,Night or early morning,25,NO CONTROLS,CLEAR,"DARKNESS, LIGHTED ROAD",TURNING,ONE-WAY,WET,INJURY AND / OR TOW DUE TO CRASH,,true,"OVER $1,500",UNABLE TO DETERMINE,2,NONINCAPACITATING INJURY,1,0,41.8694588354,-87.6260274455,60605,"CHICAGO MIDWAY AIRPORT, IL US",66.0,48.0,52.0,0.0,10.0,7.0
crash_08909,2018-09-11 20:55:00,2018,9,Sep,Tue,20,Night or early morning,30,NO CONTROLS,CLEAR,"DARKNESS, LIGHTED ROAD",SIDESWIPE SAME DIRECTION,NOT DIVIDED,DRY,NO INJURY / DRIVE AWAY,,true,"$501 - $1,500","OPERATING VEHICLE IN ERRATIC, RECKLESS, CARELESS, NEGLIGENT OR AGGRESSIVE MANNER",3,NO INDICATION OF INJURY,0,0,41.915717526,-87.701891348,60647,"CHICAGO MIDWAY AIRPORT, IL US",64.0,59.0,84.0,0.0,10.0,10.0
crash_08910,2019-09-09 12:57:00,2019,9,Sep,Mon,12,Daytime,15,NO CONTROLS,CLEAR,DAYLIGHT,PARKED MOTOR VEHICLE,ONE-WAY,DRY,NO INJURY / DRIVE AWAY,,,"OVER $1,500",UNABLE TO DETERMINE,2,NO INDICATION OF INJURY,0,0,41.7714302183,-87.5827416637,60649,"CHICAGO MIDWAY AIRPORT, IL US",71.0,63.0,76.0,0.0,10.0,0.0
crash_08911,2023-09-11 15:00:00,2023,9,Sep,Mon,15,Evening commute,15,NO CONTROLS,CLEAR,DAYLIGHT,REAR TO FRONT,PARKING LOT,UNKNOWN,NO INJURY / DRIVE AWAY,,,"$501 - $1,500",UNABLE TO DETERMINE,2,NO INDICATION OF INJURY,0,0,41.8818685686,-87.6486806423,60607,"CHICAGO MIDWAY AIRPORT, IL US",64.0,62.0,93.0,0.06,2.0,6.0
crash_08912,2019-09-08 16:08:00,2019,9,Sep,Sun,16,Evening commute,30,NO CONTROLS,CLEAR,DAYLIGHT,SIDESWIPE SAME DIRECTION,NOT DIVIDED,DRY,INJURY AND / OR TOW DUE TO CRASH,false,,"OVER $1,500",FAILING TO YIELD RIGHT-OF-WAY,4,NO INDICATION OF INJURY,0,0,41.9903516206,-87.6960625184,60659,"CHICAGO OHARE INTERNATIONAL AIRPORT, IL US",64.0,52.0,65.0,0.0,10.0,11.0
crash_08913,2020-07-17 15:45:00,2020,7,Jul,Fri,15,Evening commute,30,NO CONTROLS,CLEAR,DAYLIGHT,REAR END,ONE-WAY,DRY,NO INJURY / DRIVE AWAY,,,"$501 - $1,500",UNABLE TO DETERMINE,2,NO INDICATION OF INJURY,0,0,41.8845267774,-87.6456462603,60661,"CHICAGO MIDWAY AIRPORT, IL US",88.0,63.0,43.0,0.0,10.0,9.0
crash_08914,2018-11-21 09:18:00,2018,11,Nov,Wed,9,Morning commute,30,NO CONTROLS,CLEAR,DAYLIGHT,TURNING,NOT DIVIDED,DRY,INJURY AND / OR TOW DUE TO CRASH,,,"OVER $1,500",FAILING TO YIELD RIGHT-OF-WAY,2,"REPORTED, NOT EVIDENT",1,0,41.7788555022,-87.7036308366,60629,"CHICAGO MIDWAY AIRPORT, IL US",34.0,24.0,67.0,0.0,10.0,9.0
crash_08915,2020-05-25 16:20:00,2020,5,May,Mon,16,Evening commute,40,NO CONTROLS,CLEAR,DAYLIGHT,REAR END,DIVIDED - W/MEDIAN BARRIER,DRY,NO INJURY / DRIVE AWAY,,,"OVER $1,500",FOLLOWING TOO CLOSELY,2,NO INDICATION OF INJURY,0,0,41.8650074212,-87.6191422216,60605,"CHICAGO MIDWAY AIRPORT, IL US",88.0,61.0,40.0,0.0,10.0,10.0
crash_08916,2023-06-11 10:48:00,2023,6,Jun,Sun,10,Daytime,35,NO CONTROLS,RAIN,DAYLIGHT,REAR END,DIVIDED - W/MEDIAN (NOT RAISED),WET,NO INJURY / DRIVE AWAY,,,"OVER $1,500",UNABLE TO DETERMINE,2,NO INDICATION OF INJURY,0,0,41.7063995824,-87.6938319507,60655,"CHICAGO MIDWAY AIRPORT, IL US",58.0,54.0,87.0,0.0,10.0,15.0
crash_08917,2018-07-18 16:57:00,2018,7,Jul,Wed,16,Evening commute,15,NO CONTROLS,CLEAR,DAYLIGHT,ANGLE,PARKING LOT,DRY,NO INJURY / DRIVE AWAY,,,"$501 - $1,500",UNABLE TO DETERMINE,2,NO INDICATION OF INJURY,0,0,41.9042006844,-87.6399540666,60610,"CHICAGO MIDWAY AIRPORT, IL US",77.0,51.0,40.0,0.0,10.0,11.0
crash_08918,2025-07-03 09:30:00,2025,7,Jul,Thu,9,Morning commute,45,TRAFFIC SIGNAL,CLEAR,DAYLIGHT,TURNING,DIVIDED - W/MEDIAN BARRIER,DRY,NO INJURY / DRIVE AWAY,true,,$500 OR LESS,NOT APPLICABLE,2,NO INDICATION OF INJURY,0,0,41.7915339165,-87.5802087355,60637,"CHICAGO MIDWAY AIRPORT, IL US",86.0,64.0,48.0,0.0,10.0,6.0
crash_08919,2023-03-01 12:53:00,2023,3,Mar,Wed,12,Daytime,25,NO CONTROLS,CLEAR,DAYLIGHT,FIXED OBJECT,UNKNOWN,DRY,NO INJURY / DRIVE AWAY,,,"OVER $1,500",UNABLE TO DETERMINE,1,NO INDICATION OF INJURY,0,0,41.7484752898,-87.6535375092,60620,"CHICAGO MIDWAY AIRPORT, IL US",55.0,40.0,57.0,0.0,10.0,9.0
crash_08920,2021-07-30 03:12:00,2021,7,Jul,Fri,3,Night or early morning,30,TRAFFIC SIGNAL,CLEAR,"DARKNESS, LIGHTED ROAD",REAR END,DIVIDED - W/MEDIAN BARRIER,DRY,NO INJURY / DRIVE AWAY,,,$500 OR LESS,FOLLOWING TOO CLOSELY,2,NO INDICATION OF INJURY,0,0,41.8713224688,-87.6860223577,60612,"CHICAGO MIDWAY AIRPORT, IL US",70.0,60.0,71.0,0.0,10.0,15.0
crash_08921,2024-11-15 22:58:00,2024,11,Nov,Fri,22,Night or early morning,30,NO CONTROLS,CLEAR,"DARKNESS, LIGHTED ROAD",HEAD ON,NOT DIVIDED,DRY,INJURY AND / OR TOW DUE TO CRASH,,,"OVER $1,500",DRIVING ON WRONG SIDE/WRONG WAY,2,NONINCAPACITATING INJURY,1,0,41.7570686023,-87.5847896679,60649,"CHICAGO MIDWAY AIRPORT, IL US",49.0,40.0,71.0,0.0,10.0,5.0
crash_08922,2020-12-23 15:00:00,2020,12,Dec,Wed,15,Evening commute,30,STOP SIGN/FLASHER,UNKNOWN,UNKNOWN,ANGLE,NOT DIVIDED,UNKNOWN,NO INJURY / DRIVE AWAY,,true,"OVER $1,500",UNABLE TO DETERMINE,2,NO INDICATION OF INJURY,0,0,41.7622633788,-87.5908333798,60619,"CHICAGO MIDWAY AIRPORT, IL US",56.0,42.0,60.0,0.0,10.0,25.0
crash_08923,2022-02-03 15:15:00,2022,2,Feb,Thu,15,Evening commute,20,UNKNOWN,SNOW,DAYLIGHT,REAR TO FRONT,OTHER,SNOW OR SLUSH,NO INJURY / DRIVE AWAY,,,"OVER $1,500",IMPROPER BACKING,2,NO INDICATION OF INJURY,0,0,41.9379647505,-87.7515601885,60641,"CHICAGO OHARE INTERNATIONAL AIRPORT, IL US",21.0,14.0,74.0,0.0,9.0,20.0
crash_08924,2018-05-01 06:45:00,2018,5,May,Tue,6,Morning commute,30,NO CONTROLS,CLEAR,DAYLIGHT,REAR END,DIVIDED - W/MEDIAN (NOT RAISED),DRY,NO INJURY / DRIVE AWAY,,,"$501 - $1,500",UNABLE TO DETERMINE,2,NO INDICATION OF INJURY,0,0,41.9354750357,-87.7272280124,60641,"CHICAGO MIDWAY AIRPORT, IL US",59.0,35.0,41.0,0.0,10.0,11.0
crash_08925,2024-05-19 02:15:00,2024,5,May,Sun,2,Night or early morning,30,NO CONTROLS,CLEAR,DARKNESS,PARKED MOTOR VEHICLE,NOT DIVIDED,DRY,NO INJURY / DRIVE AWAY,,,"$501 - $1,500",UNABLE TO DETERMINE,3,NO INDICATION OF INJURY,0,0,41.7641841141,-87.7088103354,60629,"CHICAGO MIDWAY AIRPORT, IL US",73.0,59.0,62.0,0.0,10.0,6.0
crash_08926,2022-06-07 15:00:00,2022,6,Jun,Tue,15,Evening commute,30,NO CONTROLS,CLEAR,DAYLIGHT,ANGLE,FOUR WAY,DRY,INJURY AND / OR TOW DUE TO CRASH,true,,"OVER $1,500",UNABLE TO DETERMINE,2,NONINCAPACITATING INJURY,2,0,41.7630434927,-87.6638794539,60636,"CHICAGO MIDWAY AIRPORT, IL US",71.0,51.0,49.0,0.0,10.0,11.0
crash_08927,2019-04-10 10:35:00,2019,4,Apr,Wed,10,Daytime,30,NO CONTROLS,CLOUDY/OVERCAST,DAYLIGHT,PARKED MOTOR VEHICLE,DIVIDED - W/MEDIAN (NOT RAISED),DRY,INJURY AND / OR TOW DUE TO CRASH,,true,"OVER $1,500",UNABLE TO DETERMINE,2,NO INDICATION OF INJURY,0,0,41.8113959611,-87.6246645531,60653,"CHICAGO MIDWAY AIRPORT, IL US",39.0,31.0,73.0,,10.0,13.0
crash_08928,2018-10-31 16:20:00,2018,10,Oct,Wed,16,Evening commute,30,NO CONTROLS,CLEAR,DAYLIGHT,REAR END,DIVIDED - W/MEDIAN (NOT RAISED),DRY,NO INJURY / DRIVE AWAY,,,$500 OR LESS,FOLLOWING TOO CLOSELY,3,NO INDICATION OF INJURY,0,0,41.8939989643,-87.6563829127,60642,"CHICAGO MIDWAY AIRPORT, IL US",60.0,37.0,42.0,0.0,10.0,7.0
crash_08929,2018-02-10 14:45:00,2018,2,Feb,Sat,14,Daytime,30,NO CONTROLS,CLEAR,DAYLIGHT,REAR END,NOT DIVIDED,SNOW OR SLUSH,NO INJURY / DRIVE AWAY,,,"OVER $1,500",UNABLE TO DETERMINE,2,NO INDICATION OF INJURY,0,0,41.9757071839,-87.6990432034,60625,"CHICAGO OHARE INTERNATIONAL AIRPORT, IL US",22.0,13.0,68.0,0.0,10.0,9.0
crash_08930,2019-11-15 04:08:00,2019,11,Nov,Fri,4,Night or early morning,25,TRAFFIC SIGNAL,CLEAR,"DARKNESS, LIGHTED ROAD",REAR END,DIVIDED - W/MEDIAN (NOT RAISED),ICE,NO INJURY / DRIVE AWAY,,,"OVER $1,500",FOLLOWING TOO CLOSELY,2,NO INDICATION OF INJURY,0,0,41.9389779582,-87.7439264445,60641,"CHICAGO OHARE INTERNATIONAL AIRPORT, IL US",22.0,17.0,82.0,0.0,9.0,8.0
crash_08931,2019-04-03 08:00:00,2019,4,Apr,Wed,8,Morning commute,30,TRAFFIC SIGNAL,CLEAR,DAYLIGHT,REAR END,DIVIDED - W/MEDIAN (NOT RAISED),DRY,NO INJURY / DRIVE AWAY,,,"OVER $1,500",FOLLOWING TOO CLOSELY,2,NO INDICATION OF INJURY,0,0,41.8909310933,-87.677034967,60612,"CHICAGO MIDWAY AIRPORT, IL US",41.0,30.0,65.0,0.0,10.0,7.0
crash_08932,2020-01-28 20:15:00,2020,1,Jan,Tue,20,Night or early morning,10,NO CONTROLS,CLEAR,"DARKNESS, LIGHTED ROAD",ANGLE,PARKING LOT,DRY,NO INJURY / DRIVE AWAY,,,"$501 - $1,500",UNABLE TO DETERMINE,2,NO INDICATION OF INJURY,0,0,41.8908838178,-87.6349740862,60654,"CHICAGO MIDWAY AIRPORT, IL US",32.0,23.0,69.0,0.0,10.0,0.0
crash_08933,2022-12-17 05:00:00,2022,12,Dec,Sat,5,Night or early morning,35,OTHER,CLEAR,DAYLIGHT,PARKED MOTOR VEHICLE,NOT DIVIDED,DRY,NO INJURY / DRIVE AWAY,,true,"$501 - $1,500",UNABLE TO DETERMINE,2,NO INDICATION OF INJURY,0,0,41.7913893389,-87.5915265603,60637,"CHICAGO MIDWAY AIRPORT, IL US",25.0,19.0,78.0,0.0,9.0,15.0
crash_08934,2018-01-30 18:48:00,2018,1,Jan,Tue,18,Evening commute,30,TRAFFIC SIGNAL,CLEAR,"DARKNESS, LIGHTED ROAD",OTHER OBJECT,DIVIDED - W/MEDIAN BARRIER,DRY,INJURY AND / OR TOW DUE TO CRASH,,,"$501 - $1,500",ROAD ENGINEERING/SURFACE/MARKING DEFECTS,1,NO INDICATION OF INJURY,0,0,41.8889381429,-87.6399430524,60606,"CHICAGO MIDWAY AIRPORT, IL US",30.0,16.0,56.0,0.0,10.0,11.0
crash_08935,2021-09-24 07:43:00,2021,9,Sep,Fri,7,Morning commute,30,STOP SIGN/FLASHER,CLEAR,DAYLIGHT,TURNING,NOT DIVIDED,DRY,NO INJURY / DRIVE AWAY,true,,"$501 - $1,500",FAILING TO YIELD RIGHT-OF-WAY,2,NO INDICATION OF INJURY,0,0,41.9050399209,-87.6434058975,60610,"CHICAGO MIDWAY AIRPORT, IL US",56.0,42.0,60.0,0.0,10.0,8.0
crash_08936,2021-09-26 13:30:00,2021,9,Sep,Sun,13,Daytime,25,NO CONTROLS,CLEAR,DAYLIGHT,REAR END,ONE-WAY,DRY,NO INJURY / DRIVE AWAY,,,"OVER $1,500",IMPROPER BACKING,2,NO INDICATION OF INJURY,0,0,41.9000621554,-87.6273923369,60611,"CHICAGO MIDWAY AIRPORT, IL US",82.0,43.0,25.0,0.0,10.0,20.0
crash_08937,2019-05-23 18:30:00,2019,5,May,Thu,18,Evening commute,35,TRAFFIC SIGNAL,CLEAR,DAYLIGHT,SIDESWIPE SAME DIRECTION,NOT DIVIDED,DRY,NO INJURY / DRIVE AWAY,,,"OVER $1,500",IMPROPER OVERTAKING/PASSING,2,NO INDICATION OF INJURY,0,0,41.7514302943,-87.6151127336,60619,"CHICAGO MIDWAY AIRPORT, IL US",74.0,47.0,38.0,0.0,10.0,11.0
crash_08938,2020-05-15 20:08:00,2020,5,May,Fri,20,Night or early morning,30,NO CONTROLS,CLEAR,DAYLIGHT,REAR END,ONE-WAY,DRY,INJURY AND / OR TOW DUE TO CRASH,,true,"OVER $1,500",UNABLE TO DETERMINE,2,NONINCAPACITATING INJURY,1,0,41.8729108828,-87.7035611535,60612,"CHICAGO MIDWAY AIRPORT, IL US",70.0,53.0,55.0,0.0,10.0,5.0
crash_08939,2019-09-01 01:15:00,2019,9,Sep,Sun,1,Night or early morning,35,TRAFFIC SIGNAL,RAIN,"DARKNESS, LIGHTED ROAD",TURNING,ONE-WAY,WET,NO INJURY / DRIVE AWAY,true,,"OVER $1,500",IMPROPER TURNING/NO SIGNAL,2,NO INDICATION OF INJURY,0,0,41.8932767034,-87.6356894424,60654,"CHICAGO MIDWAY AIRPORT, IL US",66.0,62.0,87.0,0.05,6.0,7.0
crash_08940,2019-10-27 15:10:00,2019,10,Oct,Sun,15,Evening commute,35,NO CONTROLS,CLEAR,DAYLIGHT,SIDESWIPE SAME DIRECTION,NOT DIVIDED,DRY,NO INJURY / DRIVE AWAY,,true,$500 OR LESS,UNABLE TO DETERMINE,2,NO INDICATION OF INJURY,0,0,41.7237104179,-87.5850012615,60617,"CHICAGO MIDWAY AIRPORT, IL US",58.0,40.0,51.0,0.0,10.0,11.0
crash_08941,2024-01-28 18:55:00,2024,1,Jan,Sun,18,Evening commute,30,NO CONTROLS,CLOUDY/OVERCAST,DARKNESS,SIDESWIPE OPPOSITE DIRECTION,NOT DIVIDED,WET,NO INJURY / DRIVE AWAY,,true,"OVER $1,500",UNABLE TO DETERMINE,2,NO INDICATION OF INJURY,0,0,41.8360386663,-87.6463764644,60608,"CHICAGO MIDWAY AIRPORT, IL US",37.0,29.0,73.0,0.0,10.0,11.0
crash_08942,2020-10-08 14:00:00,2020,10,Oct,Thu,14,Daytime,15,NO CONTROLS,CLEAR,DAYLIGHT,ANGLE,ALLEY,DRY,NO INJURY / DRIVE AWAY,,,"$501 - $1,500",FAILING TO YIELD RIGHT-OF-WAY,2,NO INDICATION OF INJURY,0,0,41.7870372176,-87.6292233121,60621,"CHICAGO MIDWAY AIRPORT, IL US",67.0,44.0,44.0,0.0,10.0,13.0
crash_08943,2018-03-27 17:00:00,2018,3,Mar,Tue,17,Evening commute,30,NO CONTROLS,CLEAR,DAYLIGHT,PARKED MOTOR VEHICLE,NOT DIVIDED,DRY,NO INJURY / DRIVE AWAY,true,true,"$501 - $1,500",UNABLE TO DETERMINE,2,NO INDICATION OF INJURY,0,0,41.7623619184,-87.5863772347,60619,"CHICAGO MIDWAY AIRPORT, IL US",47.0,40.0,77.0,0.0,10.0,13.0
crash_08944,2023-03-13 02:00:00,2023,3,Mar,Mon,2,Night or early morning,30,TRAFFIC SIGNAL,CLEAR,"DARKNESS, LIGHTED ROAD",OVERTURNED,NOT DIVIDED,DRY,INJURY AND / OR TOW DUE TO CRASH,,,"OVER $1,500",UNABLE TO DETERMINE,1,NO INDICATION OF INJURY,0,0,41.9033173454,-87.6618512005,60642,"CHICAGO MIDWAY AIRPORT, IL US",30.0,23.0,75.0,0.0,8.0,10.0
crash_08945,2018-01-24 09:27:00,2018,1,Jan,Wed,9,Morning commute,35,NO CONTROLS,CLEAR,DAYLIGHT,FIXED OBJECT,DIVIDED - W/MEDIAN BARRIER,DRY,NO INJURY / DRIVE AWAY,,,$500 OR LESS,UNABLE TO DETERMINE,1,NO INDICATION OF INJURY,0,0,41.9766216279,-87.6507900262,60640,"CHICAGO MIDWAY AIRPORT, IL US",30.0,24.0,79.0,0.0,10.0,3.0
crash_08946,2018-12-15 12:30:00,2018,12,Dec,Sat,12,Daytime,30,TRAFFIC SIGNAL,CLEAR,DAYLIGHT,FIXED OBJECT,CENTER TURN LANE,DRY,INJURY AND / OR TOW DUE TO CRASH,,,$500 OR LESS,UNABLE TO DETERMINE,1,NONINCAPACITATING INJURY,1,0,41.785807247,-87.5853009492,60637,"CHICAGO MIDWAY AIRPORT, IL US",48.0,30.0,50.0,0.0,10.0,11.0
crash_08947,2022-08-25 14:33:00,2022,8,Aug,Thu,14,Daytime,30,NO CONTROLS,CLEAR,DAYLIGHT,PARKED MOTOR VEHICLE,NOT DIVIDED,DRY,NO INJURY / DRIVE AWAY,,,"$501 - $1,500",UNABLE TO DETERMINE,2,NO INDICATION OF INJURY,0,0,41.8691363982,-87.6269985628,60605,"CHICAGO MIDWAY AIRPORT, IL US",79.0,68.0,70.0,,10.0,9.0
crash_08948,2024-07-14 19:40:00,2024,7,Jul,Sun,19,Night or early morning,30,NO CONTROLS,CLEAR,DUSK,PARKED MOTOR VEHICLE,DIVIDED - W/MEDIAN (NOT RAISED),DRY,INJURY AND / OR TOW DUE TO CRASH,,true,"OVER $1,500",UNABLE TO DETERMINE,2,NO INDICATION OF INJURY,0,0,41.9173780669,-87.7303814757,60639,"CHICAGO MIDWAY AIRPORT, IL US",86.0,73.0,65.0,0.0,10.0,9.0
crash_08949,2022-09-16 17:10:00,2022,9,Sep,Fri,17,Evening commute,30,TRAFFIC SIGNAL,CLEAR,DAYLIGHT,SIDESWIPE SAME DIRECTION,NOT DIVIDED,DRY,INJURY AND / OR TOW DUE TO CRASH,,,"OVER $1,500",UNABLE TO DETERMINE,2,NO INDICATION OF INJURY,0,0,41.9726366984,-87.7472862368,60630,"CHICAGO OHARE INTERNATIONAL AIRPORT, IL US",81.0,59.0,47.0,0.0,10.0,13.0
crash_08950,2023-10-03 17:55:00,2023,10,Oct,Tue,17,Evening commute,30,TRAFFIC SIGNAL,CLEAR,DAYLIGHT,REAR END,NOT DIVIDED,DRY,NO INJURY / DRIVE AWAY,,,"OVER $1,500",FAILING TO REDUCE SPEED TO AVOID CRASH,2,NO INDICATION OF INJURY,0,0,41.7832975552,-87.6741570021,60636,"CHICAGO MIDWAY AIRPORT, IL US",85.0,54.0,35.0,0.0,10.0,7.0
crash_08951,2021-09-10 17:40:00,2021,9,Sep,Fri,17,Evening commute,40,NO CONTROLS,CLEAR,DAYLIGHT,REAR END,RAMP,DRY,INJURY AND / OR TOW DUE TO CRASH,,,"OVER $1,500",FAILING TO REDUCE SPEED TO AVOID CRASH,3,NO INDICATION OF INJURY,0,0,41.9767789528,-87.6501635453,60640,"CHICAGO MIDWAY AIRPORT, IL US",79.0,48.0,34.0,0.0,10.0,11.0
crash_08952,2018-12-22 07:00:00,2018,12,Dec,Sat,7,Morning commute,30,NO CONTROLS,CLEAR,DAWN,PARKED MOTOR VEHICLE,NOT DIVIDED,DRY,INJURY AND / OR TOW DUE TO CRASH,,true,"$501 - $1,500",UNABLE TO DETERMINE,2,NO INDICATION OF INJURY,0,0,41.7968118751,-87.6242898861,60615,"CHICAGO MIDWAY AIRPORT, IL US",30.0,24.0,79.0,0.0,10.0,7.0