crash_id,crash_datetime,crash_year,crash_month,crash_month_name,crash_weekday_name,crash_hour,time_period,posted_speed_limit_mph,traffic_control_device,reported_weather_condition,reported_lighting_condition,first_crash_type,trafficway_type,reported_road_surface_condition,crash_type,intersection_related,hit_and_run,estimated_damage,primary_contributory_cause,unit_count,most_severe_injury,injuries_total,injuries_fatal,latitude,longitude,zip5,weather_station_name,temperature_f,dew_point_f,relative_humidity_percent,precipitation_inches,visibility_miles,wind_speed_mph
crash_08953,2018-02-27 12:45:00,2018,2,Feb,Tue,12,Daytime,30,NO CONTROLS,CLEAR,DAYLIGHT,PARKED MOTOR VEHICLE,ONE-WAY,DRY,NO INJURY / DRIVE AWAY,,true,"OVER $1,500",IMPROPER OVERTAKING/PASSING,2,NO INDICATION OF INJURY,0,0,41.9891285602,-87.7186853031,60659,"CHICAGO OHARE INTERNATIONAL AIRPORT, IL US",59.0,38.0,46.0,0.0,10.0,16.0
crash_08954,2023-01-06 17:16:00,2023,1,Jan,Fri,17,Evening commute,25,NO CONTROLS,CLEAR,DARKNESS,TURNING,NOT DIVIDED,DRY,NO INJURY / DRIVE AWAY,,,"OVER $1,500",DRIVING SKILLS/KNOWLEDGE/EXPERIENCE,2,NO INDICATION OF INJURY,0,0,41.9987546517,-87.8072363743,60631,"CHICAGO OHARE INTERNATIONAL AIRPORT, IL US",27.0,19.0,72.0,0.0,10.0,7.0
crash_08955,2025-02-09 15:50:00,2025,2,Feb,Sun,15,Evening commute,30,TRAFFIC SIGNAL,CLEAR,DAYLIGHT,REAR TO SIDE,NOT DIVIDED,DRY,NO INJURY / DRIVE AWAY,true,,"OVER $1,500",NOT APPLICABLE,2,NO INDICATION OF INJURY,0,0,41.880587422,-87.7279947934,60624,"CHICAGO MIDWAY AIRPORT, IL US",32.0,12.0,43.0,0.0,10.0,8.0
crash_08956,2023-01-27 07:00:00,2023,1,Jan,Fri,7,Morning commute,15,NO CONTROLS,CLEAR,DAYLIGHT,ANGLE,ALLEY,SNOW OR SLUSH,INJURY AND / OR TOW DUE TO CRASH,,true,"OVER $1,500",UNABLE TO DETERMINE,2,NO INDICATION OF INJURY,0,0,41.9803816042,-87.6577774783,60640,"CHICAGO OHARE INTERNATIONAL AIRPORT, IL US",18.0,10.0,71.0,0.0,10.0,15.0
crash_08957,2025-09-06 21:43:00,2025,9,Sep,Sat,21,Night or early morning,30,TRAFFIC SIGNAL,CLEAR,"DARKNESS, LIGHTED ROAD",ANGLE,FOUR WAY,DRY,INJURY AND / OR TOW DUE TO CRASH,true,,"OVER $1,500",EQUIPMENT - VEHICLE CONDITION,2,"REPORTED, NOT EVIDENT",1,0,41.9535082148,-87.7323241929,60641,,,,,,,
crash_08958,2024-07-15 16:56:00,2024,7,Jul,Mon,16,Evening commute,25,TRAFFIC SIGNAL,CLEAR,DAYLIGHT,REAR END,NOT DIVIDED,DRY,INJURY AND / OR TOW DUE TO CRASH,,,"OVER $1,500",FOLLOWING TOO CLOSELY,2,"REPORTED, NOT EVIDENT",1,0,41.8522222856,-87.6269285378,60616,"CHICAGO MIDWAY AIRPORT, IL US",91.0,74.0,57.0,0.0,10.0,10.0
crash_08959,2022-12-26 12:00:00,2022,12,Dec,Mon,12,Daytime,5,NO CONTROLS,CLEAR,DAYLIGHT,REAR END,UNKNOWN,WET,NO INJURY / DRIVE AWAY,,,"$501 - $1,500",UNABLE TO DETERMINE,2,NO INDICATION OF INJURY,0,0,41.8476146472,-87.645919865,60616,"CHICAGO MIDWAY AIRPORT, IL US",20.0,13.0,74.0,0.0,9.0,6.0
crash_08960,2021-02-07 17:50:00,2021,2,Feb,Sun,17,Evening commute,30,NO CONTROLS,SNOW,"DARKNESS, LIGHTED ROAD",PARKED MOTOR VEHICLE,ONE-WAY,ICE,INJURY AND / OR TOW DUE TO CRASH,,true,"OVER $1,500",UNABLE TO DETERMINE,3,NO INDICATION OF INJURY,0,0,41.7472489011,-87.6562238798,60620,"CHICAGO MIDWAY AIRPORT, IL US",2.0,-11.0,54.0,0.0,10.0,9.0
crash_08961,2024-10-18 15:00:00,2024,10,Oct,Fri,15,Evening commute,30,TRAFFIC SIGNAL,CLEAR,DAYLIGHT,TURNING,NOT DIVIDED,DRY,NO INJURY / DRIVE AWAY,true,true,"OVER $1,500",UNABLE TO DETERMINE,2,NO INDICATION OF INJURY,0,0,41.8083695489,-87.6840193967,60609,"CHICAGO MIDWAY AIRPORT, IL US",68.0,34.0,28.0,0.0,10.0,13.0
crash_08962,2022-12-19 08:30:00,2022,12,Dec,Mon,8,Morning commute,30,TRAFFIC SIGNAL,CLEAR,DAYLIGHT,REAR END,DIVIDED - W/MEDIAN (NOT RAISED),DRY,NO INJURY / DRIVE AWAY,,true,"OVER $1,500",FOLLOWING TOO CLOSELY,2,NO INDICATION OF INJURY,0,0,41.9237124586,-87.7948126664,60707,"CHICAGO OHARE INTERNATIONAL AIRPORT, IL US",12.0,4.0,70.0,0.0,10.0,5.0
crash_08963,2023-01-23 11:15:00,2023,1,Jan,Mon,11,Daytime,30,TRAFFIC SIGNAL,CLEAR,DAYLIGHT,REAR END,NOT DIVIDED,DRY,NO INJURY / DRIVE AWAY,,,"OVER $1,500",UNABLE TO DETERMINE,2,NO INDICATION OF INJURY,0,0,41.910850362,-87.6604450404,60642,"CHICAGO MIDWAY AIRPORT, IL US",28.0,21.0,75.0,0.0,10.0,15.0
crash_08964,2021-08-03 11:35:00,2021,8,Aug,Tue,11,Daytime,45,NO CONTROLS,CLEAR,DAYLIGHT,REAR END,DIVIDED - W/MEDIAN BARRIER,DRY,NO INJURY / DRIVE AWAY,,,"OVER $1,500",UNABLE TO DETERMINE,2,NO INDICATION OF INJURY,0,0,41.8641530913,-87.6186602973,60605,"CHICAGO MIDWAY AIRPORT, IL US",78.0,50.0,37.0,0.0,10.0,0.0
crash_08965,2023-06-29 16:30:00,2023,6,Jun,Thu,16,Evening commute,10,NO CONTROLS,CLEAR,DAYLIGHT,PARKED MOTOR VEHICLE,PARKING LOT,DRY,NO INJURY / DRIVE AWAY,,,"OVER $1,500",FAILING TO REDUCE SPEED TO AVOID CRASH,2,NO INDICATION OF INJURY,0,0,41.9150251479,-87.743653085,60639,"CHICAGO MIDWAY AIRPORT, IL US",79.0,72.0,79.0,,9.0,10.0
crash_08966,2021-02-23 12:10:00,2021,2,Feb,Tue,12,Daytime,20,NO CONTROLS,CLEAR,DAYLIGHT,FIXED OBJECT,ONE-WAY,WET,NO INJURY / DRIVE AWAY,,,$500 OR LESS,"VISION OBSCURED (SIGNS, TREE LIMBS, BUILDINGS, ETC.)",1,NO INDICATION OF INJURY,0,0,41.9302601253,-87.7833790949,60639,"CHICAGO OHARE INTERNATIONAL AIRPORT, IL US",45.0,32.0,61.0,0.0,10.0,7.0
crash_08967,2022-11-25 12:05:00,2022,11,Nov,Fri,12,Daytime,30,STOP SIGN/FLASHER,CLEAR,DAYLIGHT,ANGLE,DIVIDED - W/MEDIAN (NOT RAISED),DRY,NO INJURY / DRIVE AWAY,true,,"OVER $1,500",FAILING TO YIELD RIGHT-OF-WAY,2,NO INDICATION OF INJURY,0,0,41.939736114,-87.6739169044,60657,"CHICAGO MIDWAY AIRPORT, IL US",50.0,30.0,46.0,0.0,10.0,8.0
crash_08968,2021-07-21 23:00:00,2021,7,Jul,Wed,23,Night or early morning,30,TRAFFIC SIGNAL,CLEAR,DARKNESS,TURNING,FOUR WAY,DRY,INJURY AND / OR TOW DUE TO CRASH,true,,"OVER $1,500",FAILING TO REDUCE SPEED TO AVOID CRASH,2,NO INDICATION OF INJURY,0,0,41.7513940311,-87.6053639446,60619,"CHICAGO MIDWAY AIRPORT, IL US",68.0,60.0,76.0,0.0,9.0,9.0
crash_08969,2025-07-11 11:45:00,2025,7,Jul,Fri,11,Daytime,30,TRAFFIC SIGNAL,CLEAR,DAYLIGHT,REAR END,DIVIDED - W/MEDIAN (NOT RAISED),DRY,NO INJURY / DRIVE AWAY,true,,"OVER $1,500",DISTRACTION - FROM INSIDE VEHICLE,2,NO INDICATION OF INJURY,0,0,41.722257273,-87.5852755651,60628,"CHICAGO MIDWAY AIRPORT, IL US",83.0,71.0,67.0,0.0,10.0,9.0
crash_08970,2021-05-15 00:24:00,2021,5,May,Sat,0,Night or early morning,30,UNKNOWN,CLEAR,"DARKNESS, LIGHTED ROAD",PEDESTRIAN,NOT DIVIDED,DRY,INJURY AND / OR TOW DUE TO CRASH,,true,"OVER $1,500",UNABLE TO DETERMINE,2,INCAPACITATING INJURY,1,0,41.6895319425,-87.6131336844,60628,"CHICAGO MIDWAY AIRPORT, IL US",58.0,31.0,36.0,0.0,10.0,3.0
crash_08971,2019-12-30 01:00:00,2019,12,Dec,Mon,1,Night or early morning,25,NO CONTROLS,CLEAR,"DARKNESS, LIGHTED ROAD",PARKED MOTOR VEHICLE,ONE-WAY,UNKNOWN,NO INJURY / DRIVE AWAY,,true,"$501 - $1,500",UNABLE TO DETERMINE,2,NO INDICATION OF INJURY,0,0,41.9106359222,-87.7277242227,60639,"CHICAGO MIDWAY AIRPORT, IL US",43.0,40.0,89.0,0.0,6.0,22.0
crash_08972,2018-02-22 17:20:00,2018,2,Feb,Thu,17,Evening commute,20,NO CONTROLS,CLEAR,DAYLIGHT,REAR END,OTHER,DRY,NO INJURY / DRIVE AWAY,,,"OVER $1,500",FAILING TO REDUCE SPEED TO AVOID CRASH,2,NO INDICATION OF INJURY,0,0,41.7544587625,-87.7414657725,60652,"CHICAGO MIDWAY AIRPORT, IL US",40.0,31.0,70.0,0.0,10.0,13.0
crash_08973,2022-07-20 18:20:00,2022,7,Jul,Wed,18,Evening commute,35,STOP SIGN/FLASHER,CLEAR,DAYLIGHT,ANGLE,T-INTERSECTION,DRY,NO INJURY / DRIVE AWAY,,,"$501 - $1,500",FAILING TO YIELD RIGHT-OF-WAY,2,NO INDICATION OF INJURY,0,0,41.9290936462,-87.687309217,60647,"CHICAGO MIDWAY AIRPORT, IL US",86.0,65.0,49.0,0.0,10.0,18.0
crash_08974,2023-08-17 16:15:00,2023,8,Aug,Thu,16,Evening commute,30,UNKNOWN,CLEAR,DAYLIGHT,REAR END,FOUR WAY,DRY,NO INJURY / DRIVE AWAY,,,$500 OR LESS,UNABLE TO DETERMINE,3,NO INDICATION OF INJURY,0,0,41.9393196632,-87.7126412851,60618,"CHICAGO MIDWAY AIRPORT, IL US",78.0,54.0,43.0,0.0,10.0,16.0
crash_08975,2025-08-10 22:54:00,2025,8,Aug,Sun,22,Night or early morning,30,UNKNOWN,UNKNOWN,DARKNESS,SIDESWIPE SAME DIRECTION,NOT DIVIDED,UNKNOWN,INJURY AND / OR TOW DUE TO CRASH,,true,"OVER $1,500",IMPROPER LANE USAGE,2,NO INDICATION OF INJURY,0,0,41.9185407691,-87.6359971818,60614,"CHICAGO MIDWAY AIRPORT, IL US",83.0,69.0,63.0,0.0,10.0,9.0
crash_08976,2021-01-22 08:15:00,2021,1,Jan,Fri,8,Morning commute,40,NO CONTROLS,CLEAR,DAYLIGHT,SIDESWIPE SAME DIRECTION,DIVIDED - W/MEDIAN BARRIER,DRY,NO INJURY / DRIVE AWAY,,,"OVER $1,500",IMPROPER OVERTAKING/PASSING,2,NO INDICATION OF INJURY,0,0,41.8649613725,-87.6188348067,60605,"CHICAGO MIDWAY AIRPORT, IL US",16.0,3.0,56.0,0.0,10.0,11.0
crash_08977,2020-10-08 12:16:00,2020,10,Oct,Thu,12,Daytime,35,NO CONTROLS,CLEAR,DAYLIGHT,FIXED OBJECT,NOT DIVIDED,DRY,INJURY AND / OR TOW DUE TO CRASH,,,"$501 - $1,500",IMPROPER OVERTAKING/PASSING,2,NO INDICATION OF INJURY,0,0,41.7125330833,-87.6199696895,60628,"CHICAGO MIDWAY AIRPORT, IL US",70.0,40.0,34.0,0.0,10.0,8.0
crash_08978,2019-09-26 14:00:00,2019,9,Sep,Thu,14,Daytime,30,NO CONTROLS,CLEAR,DAYLIGHT,FIXED OBJECT,NOT DIVIDED,DRY,INJURY AND / OR TOW DUE TO CRASH,,,$500 OR LESS,IMPROPER BACKING,1,NONINCAPACITATING INJURY,1,0,41.7074231546,-87.6009756265,60628,"CHICAGO MIDWAY AIRPORT, IL US",72.0,41.0,33.0,0.0,10.0,14.0
crash_08979,2021-07-28 13:30:00,2021,7,Jul,Wed,13,Daytime,25,NO CONTROLS,CLEAR,DAYLIGHT,PARKED MOTOR VEHICLE,NOT DIVIDED,DRY,NO INJURY / DRIVE AWAY,,,"OVER $1,500",UNABLE TO DETERMINE,2,NO INDICATION OF INJURY,0,0,41.8438249938,-87.6591602077,60608,"CHICAGO MIDWAY AIRPORT, IL US",88.0,71.0,57.0,0.0,10.0,7.0
crash_08980,2023-09-12 11:20:00,2023,9,Sep,Tue,11,Daytime,30,TRAFFIC SIGNAL,CLEAR,DAYLIGHT,REAR END,DIVIDED - W/MEDIAN (NOT RAISED),DRY,INJURY AND / OR TOW DUE TO CRASH,true,,"OVER $1,500",UNABLE TO DETERMINE,3,"REPORTED, NOT EVIDENT",2,0,41.8733039323,-87.7057543249,60612,"CHICAGO MIDWAY AIRPORT, IL US",66.0,54.0,65.0,0.0,10.0,10.0
crash_08981,2019-05-12 01:00:00,2019,5,May,Sun,1,Night or early morning,35,NO CONTROLS,CLEAR,"DARKNESS, LIGHTED ROAD",PARKED MOTOR VEHICLE,ONE-WAY,DRY,NO INJURY / DRIVE AWAY,,true,"OVER $1,500",IMPROPER OVERTAKING/PASSING,2,NO INDICATION OF INJURY,0,0,41.8909552064,-87.6342004368,60654,"CHICAGO MIDWAY AIRPORT, IL US",45.0,40.0,83.0,0.0,10.0,10.0
crash_08982,2019-09-12 07:21:00,2019,9,Sep,Thu,7,Morning commute,15,NO CONTROLS,RAIN,DAYLIGHT,FIXED OBJECT,OTHER,WET,NO INJURY / DRIVE AWAY,,,"OVER $1,500",WEATHER,1,NO INDICATION OF INJURY,0,0,41.9434388787,-87.7517390858,60641,"CHICAGO OHARE INTERNATIONAL AIRPORT, IL US",63.0,63.0,100.0,0.0,0.25,8.0
crash_08983,2019-03-12 09:30:00,2019,3,Mar,Tue,9,Morning commute,30,STOP SIGN/FLASHER,CLEAR,DAYLIGHT,TURNING,DIVIDED - W/MEDIAN (NOT RAISED),DRY,NO INJURY / DRIVE AWAY,true,true,"$501 - $1,500",DISREGARDING STOP SIGN,2,NO INDICATION OF INJURY,0,0,41.9173205414,-87.7036422588,60647,"CHICAGO MIDWAY AIRPORT, IL US",36.0,23.0,59.0,0.0,10.0,3.0
crash_08984,2022-02-09 23:53:00,2022,2,Feb,Wed,23,Night or early morning,30,TRAFFIC SIGNAL,SNOW,"DARKNESS, LIGHTED ROAD",SIDESWIPE SAME DIRECTION,FOUR WAY,WET,INJURY AND / OR TOW DUE TO CRASH,true,,"OVER $1,500",DISREGARDING TRAFFIC SIGNALS,2,NO INDICATION OF INJURY,0,0,41.735711523,-87.7216114723,60652,"CHICAGO MIDWAY AIRPORT, IL US",36.0,28.0,73.0,0.0,10.0,14.0
crash_08985,2018-06-20 18:33:00,2018,6,Jun,Wed,18,Evening commute,30,NO CONTROLS,CLEAR,DAYLIGHT,REAR END,NOT DIVIDED,DRY,NO INJURY / DRIVE AWAY,,,"OVER $1,500",UNABLE TO DETERMINE,2,NO INDICATION OF INJURY,0,0,41.8937369251,-87.647831421,60642,"CHICAGO MIDWAY AIRPORT, IL US",70.0,63.0,79.0,0.0,10.0,6.0
crash_08986,2019-07-07 10:58:00,2019,7,Jul,Sun,10,Daytime,15,NO CONTROLS,CLEAR,DAYLIGHT,FIXED OBJECT,ALLEY,DRY,NO INJURY / DRIVE AWAY,,true,"$501 - $1,500",UNABLE TO DETERMINE,1,NO INDICATION OF INJURY,0,0,41.8468254136,-87.7288090412,60623,"CHICAGO MIDWAY AIRPORT, IL US",75.0,60.0,60.0,0.0,10.0,14.0
crash_08987,2022-08-14 11:00:00,2022,8,Aug,Sun,11,Daytime,30,NO CONTROLS,CLEAR,DAYLIGHT,TURNING,NOT DIVIDED,DRY,NO INJURY / DRIVE AWAY,,,"OVER $1,500",FAILING TO YIELD RIGHT-OF-WAY,2,NO INDICATION OF INJURY,0,0,41.7719404222,-87.72273529,60629,"CHICAGO MIDWAY AIRPORT, IL US",80.0,66.0,62.0,,10.0,8.0
crash_08988,2025-07-24 11:25:00,2025,7,Jul,Thu,11,Daytime,30,NO CONTROLS,CLEAR,DAYLIGHT,PEDESTRIAN,NOT DIVIDED,DRY,NO INJURY / DRIVE AWAY,,,$500 OR LESS,UNABLE TO DETERMINE,2,NO INDICATION OF INJURY,0,0,41.8183770485,-87.6970221392,60632,"CHICAGO MIDWAY AIRPORT, IL US",91.0,73.0,56.0,0.0,10.0,10.0
crash_08989,2018-01-01 00:47:00,2018,1,Jan,Mon,0,Night or early morning,30,NO CONTROLS,CLEAR,"DARKNESS, LIGHTED ROAD",FIXED OBJECT,NOT DIVIDED,DRY,NO INJURY / DRIVE AWAY,,,"OVER $1,500",UNABLE TO DETERMINE,1,NO INDICATION OF INJURY,0,0,41.9648287516,-87.7675327033,60630,"CHICAGO OHARE INTERNATIONAL AIRPORT, IL US",-3.0,-15.0,56.0,0.0,10.0,14.0
crash_08990,2025-10-28 07:00:00,2025,10,Oct,Tue,7,Morning commute,20,NO CONTROLS,CLEAR,DAYLIGHT,SIDESWIPE SAME DIRECTION,ONE-WAY,DRY,NO INJURY / DRIVE AWAY,,true,$500 OR LESS,IMPROPER OVERTAKING/PASSING,2,NO INDICATION OF INJURY,0,0,41.7487179237,-87.6584840856,60620,,,,,,,
crash_08991,2023-08-26 15:30:00,2023,8,Aug,Sat,15,Evening commute,30,NO CONTROLS,CLEAR,DAYLIGHT,REAR END,NOT DIVIDED,DRY,NO INJURY / DRIVE AWAY,,,"OVER $1,500",NOT APPLICABLE,2,NO INDICATION OF INJURY,0,0,41.7603882393,-87.7416271687,60629,"CHICAGO MIDWAY AIRPORT, IL US",75.0,61.0,62.0,0.0,10.0,17.0
crash_08992,2019-03-13 15:00:00,2019,3,Mar,Wed,15,Evening commute,30,NO CONTROLS,CLEAR,DAYLIGHT,ANGLE,DIVIDED - W/MEDIAN (NOT RAISED),DRY,NO INJURY / DRIVE AWAY,,,"OVER $1,500",NOT APPLICABLE,2,NO INDICATION OF INJURY,0,0,41.9252675286,-87.7954400991,60707,"CHICAGO OHARE INTERNATIONAL AIRPORT, IL US",52.0,46.0,80.0,0.0,10.0,10.0
crash_08993,2024-05-13 15:15:00,2024,5,May,Mon,15,Evening commute,30,TRAFFIC SIGNAL,UNKNOWN,DAYLIGHT,TURNING,DIVIDED - W/MEDIAN (NOT RAISED),UNKNOWN,NO INJURY / DRIVE AWAY,,true,"OVER $1,500",FAILING TO YIELD RIGHT-OF-WAY,2,NO INDICATION OF INJURY,0,0,41.722449457,-87.5850035691,60617,"CHICAGO MIDWAY AIRPORT, IL US",68.0,60.0,76.0,0.02,10.0,9.0
crash_08994,2022-10-17 07:00:00,2022,10,Oct,Mon,7,Morning commute,30,NO CONTROLS,CLEAR,DAYLIGHT,PARKED MOTOR VEHICLE,NOT DIVIDED,DRY,NO INJURY / DRIVE AWAY,,,"$501 - $1,500",UNABLE TO DETERMINE,2,NO INDICATION OF INJURY,0,0,41.9794715738,-87.7631537054,60630,"CHICAGO OHARE INTERNATIONAL AIRPORT, IL US",37.0,25.0,62.0,0.0,10.0,17.0
crash_08995,2025-09-05 17:00:00,2025,9,Sep,Fri,17,Evening commute,40,NO CONTROLS,CLEAR,DAYLIGHT,SIDESWIPE SAME DIRECTION,DIVIDED - W/MEDIAN BARRIER,DRY,NO INJURY / DRIVE AWAY,,true,"OVER $1,500",IMPROPER OVERTAKING/PASSING,2,NO INDICATION OF INJURY,0,0,41.9411423068,-87.6397236856,60657,,,,,,,
crash_08996,2022-02-10 18:00:00,2022,2,Feb,Thu,18,Evening commute,30,NO CONTROLS,CLEAR,"DARKNESS, LIGHTED ROAD",PARKED MOTOR VEHICLE,NOT DIVIDED,DRY,NO INJURY / DRIVE AWAY,,,"OVER $1,500",UNABLE TO DETERMINE,2,NO INDICATION OF INJURY,0,0,41.9121873426,-87.67800477,60647,"CHICAGO MIDWAY AIRPORT, IL US",28.0,20.0,72.0,0.0,10.0,11.0
crash_08997,2019-12-10 00:50:00,2019,12,Dec,Tue,0,Night or early morning,30,NO CONTROLS,CLEAR,"DARKNESS, LIGHTED ROAD",PARKED MOTOR VEHICLE,NOT DIVIDED,DRY,NO INJURY / DRIVE AWAY,,,"OVER $1,500",UNABLE TO DETERMINE,2,NO INDICATION OF INJURY,0,0,41.8082303099,-87.6906044476,60632,"CHICAGO MIDWAY AIRPORT, IL US",24.0,16.0,71.0,0.0,10.0,17.0
crash_08998,2019-12-03 02:11:00,2019,12,Dec,Tue,2,Night or early morning,10,NO CONTROLS,CLEAR,"DARKNESS, LIGHTED ROAD",PEDESTRIAN,PARKING LOT,DRY,INJURY AND / OR TOW DUE TO CRASH,,,$500 OR LESS,"OPERATING VEHICLE IN ERRATIC, RECKLESS, CARELESS, NEGLIGENT OR AGGRESSIVE MANNER",2,NONINCAPACITATING INJURY,1,0,41.9243559289,-87.7458495111,60639,"CHICAGO MIDWAY AIRPORT, IL US",31.0,25.0,79.0,0.0,10.0,10.0
crash_08999,2025-11-03 19:15:00,2025,11,Nov,Mon,19,Night or early morning,30,TRAFFIC SIGNAL,CLEAR,"DARKNESS, LIGHTED ROAD",TURNING,NOT DIVIDED,DRY,NO INJURY / DRIVE AWAY,,,"$501 - $1,500",FAILING TO YIELD RIGHT-OF-WAY,2,NO INDICATION OF INJURY,0,0,41.8964975915,-87.6332299752,60654,,,,,,,
crash_09000,2020-12-15 10:16:00,2020,12,Dec,Tue,10,Daytime,25,NO CONTROLS,CLEAR,DAYLIGHT,SIDESWIPE SAME DIRECTION,NOT DIVIDED,DRY,NO INJURY / DRIVE AWAY,,,"OVER $1,500",UNABLE TO DETERMINE,2,NO INDICATION OF INJURY,0,0,41.8720580505,-87.7450793431,60644,"CHICAGO MIDWAY AIRPORT, IL US",29.0,17.0,61.0,0.0,10.0,3.0
crash_09001,2021-06-30 01:16:00,2021,6,Jun,Wed,1,Night or early morning,30,TRAFFIC SIGNAL,RAIN,"DARKNESS, LIGHTED ROAD",TURNING,NOT DIVIDED,WET,INJURY AND / OR TOW DUE TO CRASH,true,,"OVER $1,500",TURNING RIGHT ON RED,2,NO INDICATION OF INJURY,0,0,41.7649156415,-87.6735964405,60636,"CHICAGO MIDWAY AIRPORT, IL US",74.0,68.0,82.0,0.0,10.0,5.0
crash_09002,2021-10-16 15:23:00,2021,10,Oct,Sat,15,Evening commute,30,NO CONTROLS,CLEAR,DAYLIGHT,TURNING,NOT DIVIDED,DRY,INJURY AND / OR TOW DUE TO CRASH,,,"OVER $1,500",UNABLE TO DETERMINE,2,NO INDICATION OF INJURY,0,0,41.8807253548,-87.7350511986,60624,"CHICAGO MIDWAY AIRPORT, IL US",59.0,31.0,35.0,0.0,10.0,16.0
crash_09003,2024-04-05 09:00:00,2024,4,Apr,Fri,9,Morning commute,30,TRAFFIC SIGNAL,CLEAR,DAYLIGHT,FIXED OBJECT,DIVIDED - W/MEDIAN BARRIER,DRY,INJURY AND / OR TOW DUE TO CRASH,,,"OVER $1,500",UNABLE TO DETERMINE,1,NO INDICATION OF INJURY,0,0,41.8075303729,-87.7432968212,60638,"CHICAGO MIDWAY AIRPORT, IL US",41.0,32.0,70.0,0.0,10.0,9.0
crash_09004,2023-09-10 21:38:00,2023,9,Sep,Sun,21,Night or early morning,30,TRAFFIC SIGNAL,CLEAR,"DARKNESS, LIGHTED ROAD",SIDESWIPE SAME DIRECTION,FOUR WAY,DRY,INJURY AND / OR TOW DUE TO CRASH,true,,"OVER $1,500",IMPROPER LANE USAGE,2,NO INDICATION OF INJURY,0,0,41.7955405234,-87.7627602842,60638,"CHICAGO MIDWAY AIRPORT, IL US",73.0,55.0,53.0,0.0,10.0,5.0
crash_09005,2025-11-02 15:45:00,2025,11,Nov,Sun,15,Evening commute,30,NO CONTROLS,CLEAR,DAYLIGHT,SIDESWIPE SAME DIRECTION,DIVIDED - W/MEDIAN (NOT RAISED),DRY,NO INJURY / DRIVE AWAY,,true,"OVER $1,500",IMPROPER LANE USAGE,2,NO INDICATION OF INJURY,0,0,41.8201128225,-87.6840344705,60609,,,,,,,
crash_09006,2022-02-25 09:10:00,2022,2,Feb,Fri,9,Morning commute,25,NO CONTROLS,CLEAR,DAYLIGHT,PARKED MOTOR VEHICLE,NOT DIVIDED,SNOW OR SLUSH,NO INJURY / DRIVE AWAY,,true,"OVER $1,500",ANIMAL,2,NO INDICATION OF INJURY,0,0,41.9985240669,-87.6681181652,60626,"CHICAGO OHARE INTERNATIONAL AIRPORT, IL US",21.0,15.0,78.0,0.0,10.0,11.0
crash_09007,2024-02-26 16:10:00,2024,2,Feb,Mon,16,Evening commute,30,NO CONTROLS,CLEAR,DAYLIGHT,TURNING,OTHER,DRY,INJURY AND / OR TOW DUE TO CRASH,true,true,"OVER $1,500",FAILING TO YIELD RIGHT-OF-WAY,2,NO INDICATION OF INJURY,0,0,41.8082146939,-87.7051253407,60632,"CHICAGO MIDWAY AIRPORT, IL US",71.0,32.0,24.0,0.0,10.0,15.0
crash_09008,2022-05-09 19:27:00,2022,5,May,Mon,19,Night or early morning,15,NO CONTROLS,CLEAR,DAYLIGHT,FIXED OBJECT,NOT DIVIDED,DRY,INJURY AND / OR TOW DUE TO CRASH,,true,"OVER $1,500","OPERATING VEHICLE IN ERRATIC, RECKLESS, CARELESS, NEGLIGENT OR AGGRESSIVE MANNER",1,NO INDICATION OF INJURY,0,0,41.7644089053,-87.6941869415,60629,"CHICAGO MIDWAY AIRPORT, IL US",81.0,57.0,44.0,0.0,10.0,20.0
crash_09009,2024-01-07 19:39:00,2024,1,Jan,Sun,19,Night or early morning,30,NO CONTROLS,CLEAR,"DARKNESS, LIGHTED ROAD",SIDESWIPE SAME DIRECTION,DIVIDED - W/MEDIAN BARRIER,DRY,NO INJURY / DRIVE AWAY,,,"$501 - $1,500",IMPROPER LANE USAGE,2,NO INDICATION OF INJURY,0,0,,,,,,,,,,
crash_09010,2023-08-19 15:00:00,2023,8,Aug,Sat,15,Evening commute,30,TRAFFIC SIGNAL,CLEAR,DAYLIGHT,SIDESWIPE SAME DIRECTION,FOUR WAY,DRY,NO INJURY / DRIVE AWAY,,,"OVER $1,500",IMPROPER LANE USAGE,2,NO INDICATION OF INJURY,0,0,41.9253466815,-87.665600294,60614,"CHICAGO MIDWAY AIRPORT, IL US",82.0,61.0,49.0,0.0,10.0,14.0
crash_09011,2023-01-30 15:00:00,2023,1,Jan,Mon,15,Evening commute,30,TRAFFIC SIGNAL,CLEAR,DAYLIGHT,TURNING,Y-INTERSECTION,SNOW OR SLUSH,INJURY AND / OR TOW DUE TO CRASH,true,,"OVER $1,500",IMPROPER TURNING/NO SIGNAL,2,NONINCAPACITATING INJURY,1,0,41.8315742532,-87.7048147158,60623,"CHICAGO MIDWAY AIRPORT, IL US",14.0,-2.0,49.0,0.0,10.0,10.0
crash_09012,2018-01-31 03:45:00,2018,1,Jan,Wed,3,Night or early morning,30,TRAFFIC SIGNAL,CLEAR,"DARKNESS, LIGHTED ROAD",REAR END,DIVIDED - W/MEDIAN (NOT RAISED),DRY,NO INJURY / DRIVE AWAY,,,"OVER $1,500",UNABLE TO DETERMINE,2,NO INDICATION OF INJURY,0,0,41.8091480464,-87.6247192671,60615,"CHICAGO MIDWAY AIRPORT, IL US",33.0,19.0,56.0,0.0,10.0,22.0