crash_id,crash_datetime,crash_year,crash_month,crash_month_name,crash_weekday_name,crash_hour,time_period,posted_speed_limit_mph,traffic_control_device,reported_weather_condition,reported_lighting_condition,first_crash_type,trafficway_type,reported_road_surface_condition,crash_type,intersection_related,hit_and_run,estimated_damage,primary_contributory_cause,unit_count,most_severe_injury,injuries_total,injuries_fatal,latitude,longitude,zip5,weather_station_name,temperature_f,dew_point_f,relative_humidity_percent,precipitation_inches,visibility_miles,wind_speed_mph
crash_09013,2023-03-16 16:14:00,2023,3,Mar,Thu,16,Evening commute,30,UNKNOWN,CLEAR,DAYLIGHT,SIDESWIPE SAME DIRECTION,UNKNOWN,DRY,NO INJURY / DRIVE AWAY,true,,"OVER $1,500",UNABLE TO DETERMINE,2,NO INDICATION OF INJURY,0,0,41.7943689623,-87.6209833126,60637,"CHICAGO MIDWAY AIRPORT, IL US",47.0,40.0,77.0,,10.0,16.0
crash_09014,2022-05-16 17:45:00,2022,5,May,Mon,17,Evening commute,30,NO CONTROLS,CLEAR,DAYLIGHT,ANGLE,ALLEY,DRY,NO INJURY / DRIVE AWAY,,,"OVER $1,500",FAILING TO YIELD RIGHT-OF-WAY,2,NO INDICATION OF INJURY,0,0,41.8155354215,-87.704305782,60632,"CHICAGO MIDWAY AIRPORT, IL US",79.0,40.0,25.0,0.0,10.0,13.0
crash_09015,2022-12-18 16:54:00,2022,12,Dec,Sun,16,Evening commute,35,TRAFFIC SIGNAL,CLEAR,DARKNESS,REAR END,DIVIDED - W/MEDIAN (NOT RAISED),DRY,INJURY AND / OR TOW DUE TO CRASH,true,,"OVER $1,500",FOLLOWING TOO CLOSELY,4,NONINCAPACITATING INJURY,4,0,41.9463654808,-87.7197433017,60618,"CHICAGO OHARE INTERNATIONAL AIRPORT, IL US",18.0,10.0,71.0,0.0,10.0,10.0
crash_09016,2024-07-14 06:15:00,2024,7,Jul,Sun,6,Morning commute,25,TRAFFIC SIGNAL,CLEAR,DAWN,REAR END,FOUR WAY,WET,INJURY AND / OR TOW DUE TO CRASH,,true,"OVER $1,500",UNABLE TO DETERMINE,2,NONINCAPACITATING INJURY,1,0,41.7432564172,-87.6582569352,60620,"CHICAGO MIDWAY AIRPORT, IL US",70.0,66.0,87.0,0.0,10.0,8.0
crash_09017,2018-11-11 13:00:00,2018,11,Nov,Sun,13,Daytime,25,NO CONTROLS,CLEAR,DAYLIGHT,SIDESWIPE SAME DIRECTION,ONE-WAY,DRY,NO INJURY / DRIVE AWAY,,true,"$501 - $1,500",UNABLE TO DETERMINE,2,NO INDICATION OF INJURY,0,0,41.7705414277,-87.6459107298,60621,"CHICAGO MIDWAY AIRPORT, IL US",39.0,21.0,48.0,0.0,10.0,11.0
crash_09018,2024-11-01 16:45:00,2024,11,Nov,Fri,16,Evening commute,30,UNKNOWN,CLEAR,UNKNOWN,SIDESWIPE SAME DIRECTION,NOT DIVIDED,DRY,NO INJURY / DRIVE AWAY,,,"$501 - $1,500",FOLLOWING TOO CLOSELY,2,NO INDICATION OF INJURY,0,0,41.7956987747,-87.6258749208,60609,"CHICAGO MIDWAY AIRPORT, IL US",50.0,35.0,57.0,0.0,10.0,9.0
crash_09019,2020-10-22 21:00:00,2020,10,Oct,Thu,21,Night or early morning,30,NO CONTROLS,RAIN,UNKNOWN,PARKED MOTOR VEHICLE,NOT DIVIDED,WET,NO INJURY / DRIVE AWAY,,true,"OVER $1,500",UNABLE TO DETERMINE,2,NO INDICATION OF INJURY,0,0,41.8639502324,-87.6557899192,60608,"CHICAGO MIDWAY AIRPORT, IL US",73.0,61.0,66.0,0.0,10.0,13.0
crash_09020,2021-02-03 15:11:00,2021,2,Feb,Wed,15,Evening commute,30,STOP SIGN/FLASHER,CLEAR,DAYLIGHT,TURNING,DIVIDED - W/MEDIAN (NOT RAISED),DRY,INJURY AND / OR TOW DUE TO CRASH,true,,"OVER $1,500",FAILING TO REDUCE SPEED TO AVOID CRASH,2,NO INDICATION OF INJURY,0,0,41.8321843334,-87.6754741622,60608,"CHICAGO MIDWAY AIRPORT, IL US",35.0,17.0,48.0,0.0,10.0,8.0
crash_09021,2020-11-20 17:05:00,2020,11,Nov,Fri,17,Evening commute,30,UNKNOWN,UNKNOWN,UNKNOWN,PEDALCYCLIST,FOUR WAY,UNKNOWN,NO INJURY / DRIVE AWAY,,true,$500 OR LESS,UNABLE TO DETERMINE,2,NO INDICATION OF INJURY,0,0,42.0053665728,-87.6732620057,60626,"CHICAGO OHARE INTERNATIONAL AIRPORT, IL US",54.0,31.0,42.0,0.0,10.0,7.0
crash_09022,2022-03-13 16:30:00,2022,3,Mar,Sun,16,Evening commute,30,STOP SIGN/FLASHER,CLEAR,DAYLIGHT,REAR END,NOT DIVIDED,DRY,NO INJURY / DRIVE AWAY,,true,"$501 - $1,500",UNABLE TO DETERMINE,2,NO INDICATION OF INJURY,0,0,41.8623783556,-87.6466330853,60607,"CHICAGO MIDWAY AIRPORT, IL US",53.0,30.0,41.0,0.0,10.0,17.0
crash_09023,2022-09-12 15:49:00,2022,9,Sep,Mon,15,Evening commute,35,TRAFFIC SIGNAL,CLEAR,DAYLIGHT,REAR END,FOUR WAY,DRY,NO INJURY / DRIVE AWAY,true,,"OVER $1,500",FOLLOWING TOO CLOSELY,2,NO INDICATION OF INJURY,0,0,,,,,,,,,,
crash_09024,2022-05-26 19:00:00,2022,5,May,Thu,19,Night or early morning,30,NO CONTROLS,CLEAR,DAYLIGHT,PARKED MOTOR VEHICLE,NOT DIVIDED,DRY,NO INJURY / DRIVE AWAY,,,"$501 - $1,500",IMPROPER BACKING,2,NO INDICATION OF INJURY,0,0,42.0178338999,-87.6829244927,60645,"CHICAGO OHARE INTERNATIONAL AIRPORT, IL US",74.0,57.0,56.0,0.0,10.0,9.0
crash_09025,2025-04-25 18:28:00,2025,4,Apr,Fri,18,Evening commute,30,NO CONTROLS,CLEAR,DAYLIGHT,PARKED MOTOR VEHICLE,NOT DIVIDED,DRY,NO INJURY / DRIVE AWAY,,,$500 OR LESS,UNABLE TO DETERMINE,2,NO INDICATION OF INJURY,0,0,41.9058371757,-87.6872493366,60622,"CHICAGO MIDWAY AIRPORT, IL US",51.0,41.0,69.0,0.0,10.0,20.0
crash_09026,2024-10-30 12:15:00,2024,10,Oct,Wed,12,Daytime,30,NO CONTROLS,CLEAR,DAYLIGHT,SIDESWIPE SAME DIRECTION,NOT DIVIDED,DRY,INJURY AND / OR TOW DUE TO CRASH,,true,"OVER $1,500",IMPROPER OVERTAKING/PASSING,2,"REPORTED, NOT EVIDENT",1,0,41.82492523,-87.7046133062,60632,"CHICAGO MIDWAY AIRPORT, IL US",75.0,59.0,58.0,0.0,10.0,21.0
crash_09027,2022-04-22 13:45:00,2022,4,Apr,Fri,13,Daytime,30,NO CONTROLS,UNKNOWN,UNKNOWN,SIDESWIPE SAME DIRECTION,NOT DIVIDED,UNKNOWN,INJURY AND / OR TOW DUE TO CRASH,,true,"OVER $1,500",IMPROPER OVERTAKING/PASSING,2,NONINCAPACITATING INJURY,1,0,41.8557543072,-87.6858850289,60608,"CHICAGO MIDWAY AIRPORT, IL US",54.0,46.0,77.0,0.05,5.0,10.0
crash_09028,2021-07-29 11:20:00,2021,7,Jul,Thu,11,Daytime,35,NO CONTROLS,CLEAR,DAYLIGHT,PARKED MOTOR VEHICLE,ONE-WAY,DRY,NO INJURY / DRIVE AWAY,,,"OVER $1,500",DRIVING ON WRONG SIDE/WRONG WAY,2,NO INDICATION OF INJURY,0,0,41.9168260303,-87.6704508845,60622,"CHICAGO MIDWAY AIRPORT, IL US",87.0,69.0,55.0,0.0,10.0,20.0
crash_09029,2024-11-14 00:01:00,2024,11,Nov,Thu,0,Night or early morning,30,TRAFFIC SIGNAL,RAIN,"DARKNESS, LIGHTED ROAD",ANGLE,DIVIDED - W/MEDIAN (NOT RAISED),WET,INJURY AND / OR TOW DUE TO CRASH,,,"OVER $1,500",UNABLE TO DETERMINE,2,"REPORTED, NOT EVIDENT",2,0,41.6591261899,-87.5594327419,60633,"CHICAGO MIDWAY AIRPORT, IL US",52.0,48.0,86.0,0.01,5.0,9.0
crash_09030,2021-11-26 23:30:00,2021,11,Nov,Fri,23,Night or early morning,30,NO CONTROLS,CLEAR,"DARKNESS, LIGHTED ROAD",SIDESWIPE SAME DIRECTION,NOT DIVIDED,DRY,INJURY AND / OR TOW DUE TO CRASH,,true,"OVER $1,500",DISREGARDING ROAD MARKINGS,2,NO INDICATION OF INJURY,0,0,41.924309106,-87.7322765091,60639,"CHICAGO MIDWAY AIRPORT, IL US",30.0,16.0,56.0,0.0,10.0,7.0
crash_09031,2021-03-16 22:30:00,2021,3,Mar,Tue,22,Night or early morning,30,NO CONTROLS,CLEAR,"DARKNESS, LIGHTED ROAD",REAR TO FRONT,NOT DIVIDED,DRY,NO INJURY / DRIVE AWAY,,,$500 OR LESS,UNABLE TO DETERMINE,2,NO INDICATION OF INJURY,0,0,41.692929443,-87.6054187865,60628,"CHICAGO MIDWAY AIRPORT, IL US",35.0,27.0,72.0,,10.0,10.0
crash_09032,2024-01-19 07:20:00,2024,1,Jan,Fri,7,Morning commute,30,NO CONTROLS,SNOW,DAYLIGHT,ANGLE,PARKING LOT,SNOW OR SLUSH,NO INJURY / DRIVE AWAY,,,"OVER $1,500",UNABLE TO DETERMINE,3,NO INDICATION OF INJURY,0,0,41.9395012148,-87.6907468066,60618,"CHICAGO MIDWAY AIRPORT, IL US",12.0,5.0,73.0,0.0,8.0,16.0
crash_09033,2023-01-24 09:46:00,2023,1,Jan,Tue,9,Morning commute,30,NO CONTROLS,CLEAR,"DARKNESS, LIGHTED ROAD",PARKED MOTOR VEHICLE,NOT DIVIDED,DRY,INJURY AND / OR TOW DUE TO CRASH,,,$500 OR LESS,PHYSICAL CONDITION OF DRIVER,2,"REPORTED, NOT EVIDENT",1,0,41.8768280125,-87.7376732465,60624,"CHICAGO MIDWAY AIRPORT, IL US",30.0,25.0,82.0,0.0,9.0,6.0
crash_09034,2019-11-06 17:45:00,2019,11,Nov,Wed,17,Evening commute,20,NO CONTROLS,CLEAR,"DARKNESS, LIGHTED ROAD",PARKED MOTOR VEHICLE,ONE-WAY,DRY,NO INJURY / DRIVE AWAY,,true,"OVER $1,500",IMPROPER BACKING,2,NO INDICATION OF INJURY,0,0,41.9434042784,-87.6798142507,60618,"CHICAGO MIDWAY AIRPORT, IL US",41.0,33.0,73.0,0.0,10.0,17.0
crash_09035,2022-04-04 23:30:00,2022,4,Apr,Mon,23,Night or early morning,45,NO CONTROLS,CLEAR,DARKNESS,FIXED OBJECT,ONE-WAY,DRY,INJURY AND / OR TOW DUE TO CRASH,,true,"OVER $1,500",UNABLE TO DETERMINE,1,"REPORTED, NOT EVIDENT",1,0,41.709891126,-87.5317720146,60617,"CHICAGO MIDWAY AIRPORT, IL US",46.0,38.0,73.0,0.0,10.0,7.0
crash_09036,2024-11-14 13:00:00,2024,11,Nov,Thu,13,Daytime,30,NO CONTROLS,UNKNOWN,UNKNOWN,PARKED MOTOR VEHICLE,NOT DIVIDED,UNKNOWN,NO INJURY / DRIVE AWAY,,true,"OVER $1,500",UNABLE TO DETERMINE,2,NO INDICATION OF INJURY,0,0,41.8698366467,-87.7154071152,60624,"CHICAGO MIDWAY AIRPORT, IL US",54.0,48.0,80.0,0.0,10.0,13.0
crash_09037,2021-07-17 14:49:00,2021,7,Jul,Sat,14,Daytime,30,TRAFFIC SIGNAL,CLEAR,DAYLIGHT,REAR END,FOUR WAY,DRY,INJURY AND / OR TOW DUE TO CRASH,,,"OVER $1,500",UNABLE TO DETERMINE,2,NONINCAPACITATING INJURY,2,0,41.7729100339,-87.6155947054,60637,"CHICAGO MIDWAY AIRPORT, IL US",77.0,63.0,62.0,0.0,10.0,13.0
crash_09038,2025-05-17 14:10:00,2025,5,May,Sat,14,Daytime,30,NO CONTROLS,CLEAR,DAYLIGHT,ANGLE,NOT DIVIDED,DRY,NO INJURY / DRIVE AWAY,,,"$501 - $1,500",FAILING TO YIELD RIGHT-OF-WAY,2,NO INDICATION OF INJURY,0,0,41.9338599978,-87.6902507419,60618,"CHICAGO MIDWAY AIRPORT, IL US",67.0,43.0,42.0,0.0,10.0,18.0
crash_09039,2018-01-28 21:24:00,2018,1,Jan,Sun,21,Night or early morning,30,TRAFFIC SIGNAL,SNOW,"DARKNESS, LIGHTED ROAD",REAR END,NOT DIVIDED,DRY,INJURY AND / OR TOW DUE TO CRASH,,true,"$501 - $1,500",FAILING TO REDUCE SPEED TO AVOID CRASH,2,NONINCAPACITATING INJURY,1,0,41.9061315492,-87.7262601925,60651,"CHICAGO MIDWAY AIRPORT, IL US",33.0,26.0,75.0,0.0,10.0,15.0
crash_09040,2019-02-09 02:00:00,2019,2,Feb,Sat,2,Night or early morning,30,NO CONTROLS,CLEAR,UNKNOWN,PARKED MOTOR VEHICLE,ONE-WAY,SNOW OR SLUSH,NO INJURY / DRIVE AWAY,,true,"OVER $1,500",UNABLE TO DETERMINE,2,NO INDICATION OF INJURY,0,0,41.7528189349,-87.581043927,60649,"CHICAGO MIDWAY AIRPORT, IL US",8.0,-1.0,66.0,0.0,10.0,10.0
crash_09041,2024-03-21 14:15:00,2024,3,Mar,Thu,14,Daytime,30,NO CONTROLS,CLEAR,DAYLIGHT,REAR END,NOT DIVIDED,DRY,NO INJURY / DRIVE AWAY,,,"OVER $1,500",UNABLE TO DETERMINE,2,NO INDICATION OF INJURY,0,0,41.7933705543,-87.6841753768,60629,"CHICAGO MIDWAY AIRPORT, IL US",40.0,16.0,38.0,0.0,10.0,0.0
crash_09042,2021-10-18 12:15:00,2021,10,Oct,Mon,12,Daytime,30,TRAFFIC SIGNAL,CLEAR,DAYLIGHT,FIXED OBJECT,FOUR WAY,DRY,INJURY AND / OR TOW DUE TO CRASH,true,,"OVER $1,500",EQUIPMENT - VEHICLE CONDITION,1,NO INDICATION OF INJURY,0,0,41.7749157713,-87.6253269174,60621,"CHICAGO MIDWAY AIRPORT, IL US",68.0,42.0,39.0,0.0,10.0,5.0
crash_09043,2022-10-09 14:45:00,2022,10,Oct,Sun,14,Daytime,30,NO CONTROLS,CLEAR,DAYLIGHT,TURNING,NOT DIVIDED,DRY,NO INJURY / DRIVE AWAY,,,"OVER $1,500",IMPROPER TURNING/NO SIGNAL,2,NO INDICATION OF INJURY,0,0,41.7785647546,-87.7215685458,60629,"CHICAGO MIDWAY AIRPORT, IL US",70.0,37.0,30.0,0.0,10.0,9.0
crash_09044,2020-08-11 18:12:00,2020,8,Aug,Tue,18,Evening commute,30,NO CONTROLS,CLEAR,DAYLIGHT,REAR END,NOT DIVIDED,DRY,INJURY AND / OR TOW DUE TO CRASH,,,"OVER $1,500",NOT APPLICABLE,2,NONINCAPACITATING INJURY,2,0,41.7516426496,-87.5646196317,60617,"CHICAGO MIDWAY AIRPORT, IL US",79.0,52.0,39.0,0.0,10.0,8.0
crash_09045,2019-07-21 18:20:00,2019,7,Jul,Sun,18,Evening commute,30,UNKNOWN,CLEAR,UNKNOWN,SIDESWIPE SAME DIRECTION,NOT DIVIDED,DRY,NO INJURY / DRIVE AWAY,,,"$501 - $1,500",UNABLE TO DETERMINE,2,NO INDICATION OF INJURY,0,0,41.6997769392,-87.6234568249,60628,"CHICAGO MIDWAY AIRPORT, IL US",77.0,58.0,52.0,0.0,10.0,18.0
crash_09046,2019-12-30 09:35:00,2019,12,Dec,Mon,9,Morning commute,30,TRAFFIC SIGNAL,SNOW,DAYLIGHT,TURNING,NOT DIVIDED,WET,INJURY AND / OR TOW DUE TO CRASH,true,true,"OVER $1,500",IMPROPER TURNING/NO SIGNAL,3,NONINCAPACITATING INJURY,1,0,,,,,,,,,,
crash_09047,2018-07-26 06:40:00,2018,7,Jul,Thu,6,Morning commute,30,TRAFFIC SIGNAL,CLEAR,DAYLIGHT,SIDESWIPE SAME DIRECTION,DIVIDED - W/MEDIAN (NOT RAISED),DRY,NO INJURY / DRIVE AWAY,true,,"OVER $1,500",UNABLE TO DETERMINE,2,NO INDICATION OF INJURY,0,0,41.8720593595,-87.7447856243,60644,"CHICAGO MIDWAY AIRPORT, IL US",72.0,65.0,79.0,0.0,10.0,10.0
crash_09048,2022-04-04 11:50:00,2022,4,Apr,Mon,11,Daytime,10,NO CONTROLS,CLEAR,DAYLIGHT,OTHER OBJECT,PARKING LOT,DRY,NO INJURY / DRIVE AWAY,,,"$501 - $1,500",NOT APPLICABLE,1,NO INDICATION OF INJURY,0,0,41.7942742617,-87.7230433945,60632,"CHICAGO MIDWAY AIRPORT, IL US",50.0,39.0,66.0,0.0,10.0,16.0
crash_09049,2024-11-28 05:15:00,2024,11,Nov,Thu,5,Night or early morning,30,NO CONTROLS,UNKNOWN,DARKNESS,PARKED MOTOR VEHICLE,NOT DIVIDED,UNKNOWN,NO INJURY / DRIVE AWAY,,true,"OVER $1,500",UNABLE TO DETERMINE,2,NO INDICATION OF INJURY,0,0,41.8414103685,-87.6581744795,60608,"CHICAGO MIDWAY AIRPORT, IL US",29.0,20.0,69.0,0.0,10.0,16.0
crash_09050,2022-06-08 15:46:00,2022,6,Jun,Wed,15,Evening commute,30,TRAFFIC SIGNAL,RAIN,DAYLIGHT,REAR END,DIVIDED - W/MEDIAN (NOT RAISED),WET,INJURY AND / OR TOW DUE TO CRASH,,,"$501 - $1,500",FOLLOWING TOO CLOSELY,2,NO INDICATION OF INJURY,0,0,41.684220303,-87.7103528762,60655,"CHICAGO MIDWAY AIRPORT, IL US",61.0,60.0,97.0,0.01,10.0,10.0
crash_09051,2023-02-22 15:53:00,2023,2,Feb,Wed,15,Evening commute,30,UNKNOWN,UNKNOWN,UNKNOWN,REAR END,UNKNOWN,UNKNOWN,NO INJURY / DRIVE AWAY,,,"OVER $1,500",UNABLE TO DETERMINE,2,NO INDICATION OF INJURY,0,0,41.9549559897,-87.7493866775,60641,"CHICAGO OHARE INTERNATIONAL AIRPORT, IL US",33.0,29.0,85.0,0.18,3.0,15.0
crash_09052,2018-10-18 14:00:00,2018,10,Oct,Thu,14,Daytime,35,NO CONTROLS,CLEAR,DAYLIGHT,SIDESWIPE SAME DIRECTION,NOT DIVIDED,DRY,NO INJURY / DRIVE AWAY,,,"OVER $1,500",IMPROPER LANE USAGE,2,NO INDICATION OF INJURY,0,0,41.7961724373,-87.7586959681,60638,"CHICAGO MIDWAY AIRPORT, IL US",56.0,27.0,33.0,0.0,10.0,13.0
crash_09053,2025-04-24 18:43:00,2025,4,Apr,Thu,18,Evening commute,30,NO CONTROLS,CLEAR,DAYLIGHT,REAR END,NOT DIVIDED,DRY,NO INJURY / DRIVE AWAY,,,"OVER $1,500",FOLLOWING TOO CLOSELY,2,NO INDICATION OF INJURY,0,0,41.9394468483,-87.7123550271,60618,"CHICAGO MIDWAY AIRPORT, IL US",56.0,44.0,65.0,0.0,10.0,14.0
crash_09054,2023-11-15 17:15:00,2023,11,Nov,Wed,17,Evening commute,30,NO CONTROLS,CLEAR,DUSK,PARKED MOTOR VEHICLE,NOT DIVIDED,UNKNOWN,NO INJURY / DRIVE AWAY,,,"$501 - $1,500",UNABLE TO DETERMINE,2,NO INDICATION OF INJURY,0,0,41.9040641516,-87.7338724131,60651,"CHICAGO MIDWAY AIRPORT, IL US",61.0,38.0,43.0,0.0,10.0,3.0
crash_09055,2023-11-16 18:30:00,2023,11,Nov,Thu,18,Evening commute,30,NO CONTROLS,CLEAR,DUSK,SIDESWIPE SAME DIRECTION,DIVIDED - W/MEDIAN (NOT RAISED),DRY,NO INJURY / DRIVE AWAY,,,"OVER $1,500",UNABLE TO DETERMINE,2,NO INDICATION OF INJURY,0,0,41.793330204,-87.7098281394,60629,"CHICAGO MIDWAY AIRPORT, IL US",63.0,50.0,63.0,0.0,10.0,13.0
crash_09056,2020-09-04 20:05:00,2020,9,Sep,Fri,20,Night or early morning,30,TRAFFIC SIGNAL,CLEAR,DARKNESS,PEDALCYCLIST,FOUR WAY,DRY,INJURY AND / OR TOW DUE TO CRASH,true,false,$500 OR LESS,DISREGARDING TRAFFIC SIGNALS,2,INCAPACITATING INJURY,1,0,41.9026765956,-87.7118021474,60651,"CHICAGO MIDWAY AIRPORT, IL US",74.0,44.0,34.0,0.0,10.0,6.0
crash_09057,2019-11-28 02:35:00,2019,11,Nov,Thu,2,Night or early morning,30,STOP SIGN/FLASHER,CLEAR,"DARKNESS, LIGHTED ROAD",TURNING,NOT DIVIDED,DRY,INJURY AND / OR TOW DUE TO CRASH,true,,"OVER $1,500",FAILING TO YIELD RIGHT-OF-WAY,2,NO INDICATION OF INJURY,0,0,41.9329298671,-87.7170685817,60618,"CHICAGO MIDWAY AIRPORT, IL US",32.0,22.0,66.0,0.0,10.0,14.0
crash_09058,2022-11-07 13:50:00,2022,11,Nov,Mon,13,Daytime,30,NO CONTROLS,CLEAR,DAYLIGHT,TURNING,NOT DIVIDED,DRY,INJURY AND / OR TOW DUE TO CRASH,,,"OVER $1,500",NOT APPLICABLE,2,NO INDICATION OF INJURY,0,0,41.7347140489,-87.6048970715,60619,"CHICAGO MIDWAY AIRPORT, IL US",58.0,21.0,24.0,0.0,10.0,7.0
crash_09059,2023-10-21 15:30:00,2023,10,Oct,Sat,15,Evening commute,35,NO CONTROLS,CLEAR,DAYLIGHT,TURNING,NOT DIVIDED,DRY,NO INJURY / DRIVE AWAY,,,"$501 - $1,500",FAILING TO REDUCE SPEED TO AVOID CRASH,2,NO INDICATION OF INJURY,0,0,41.7504395598,-87.7025697135,60652,"CHICAGO MIDWAY AIRPORT, IL US",58.0,45.0,62.0,0.0,10.0,23.0
crash_09060,2023-11-25 14:08:00,2023,11,Nov,Sat,14,Daytime,30,NO CONTROLS,CLEAR,DAYLIGHT,FIXED OBJECT,ONE-WAY,DRY,INJURY AND / OR TOW DUE TO CRASH,,,"OVER $1,500",FAILING TO REDUCE SPEED TO AVOID CRASH,1,NO INDICATION OF INJURY,0,0,41.8605661877,-87.7129628951,60623,"CHICAGO MIDWAY AIRPORT, IL US",38.0,16.0,41.0,0.0,10.0,5.0
crash_09061,2021-09-07 12:48:00,2021,9,Sep,Tue,12,Daytime,30,NO CONTROLS,CLEAR,DAYLIGHT,PARKED MOTOR VEHICLE,ONE-WAY,DRY,NO INJURY / DRIVE AWAY,,,"OVER $1,500",FAILING TO REDUCE SPEED TO AVOID CRASH,2,NO INDICATION OF INJURY,0,0,41.8771467862,-87.6291212332,60604,"CHICAGO MIDWAY AIRPORT, IL US",90.0,59.0,35.0,0.0,10.0,15.0
crash_09062,2023-03-29 16:40:00,2023,3,Mar,Wed,16,Evening commute,30,NO CONTROLS,CLEAR,DAYLIGHT,TURNING,NOT DIVIDED,DRY,NO INJURY / DRIVE AWAY,,,"OVER $1,500",IMPROPER TURNING/NO SIGNAL,2,NO INDICATION OF INJURY,0,0,41.8581097422,-87.6531631076,60608,"CHICAGO MIDWAY AIRPORT, IL US",37.0,15.0,41.0,0.0,10.0,13.0
crash_09063,2021-10-14 23:30:00,2021,10,Oct,Thu,23,Night or early morning,35,STOP SIGN/FLASHER,CLEAR,DARKNESS,REAR END,NOT DIVIDED,DRY,INJURY AND / OR TOW DUE TO CRASH,,true,"OVER $1,500",UNABLE TO DETERMINE,2,NO INDICATION OF INJURY,0,0,41.8706644349,-87.7423293622,60644,"CHICAGO MIDWAY AIRPORT, IL US",61.0,51.0,70.0,0.0,10.0,6.0
crash_09064,2022-10-02 10:15:00,2022,10,Oct,Sun,10,Daytime,10,NO CONTROLS,CLEAR,DAYLIGHT,TURNING,PARKING LOT,DRY,INJURY AND / OR TOW DUE TO CRASH,,true,"OVER $1,500",IMPROPER TURNING/NO SIGNAL,2,NONINCAPACITATING INJURY,3,0,41.7501971562,-87.6827036453,60620,"CHICAGO MIDWAY AIRPORT, IL US",63.0,53.0,70.0,,10.0,11.0
crash_09065,2023-01-16 15:45:00,2023,1,Jan,Mon,15,Evening commute,30,TRAFFIC SIGNAL,CLEAR,DAYLIGHT,REAR END,NOT DIVIDED,DRY,NO INJURY / DRIVE AWAY,true,true,"$501 - $1,500",FOLLOWING TOO CLOSELY,2,NO INDICATION OF INJURY,0,0,41.8809156055,-87.701248904,60612,"CHICAGO MIDWAY AIRPORT, IL US",45.0,42.0,90.0,0.0,8.0,15.0
crash_09066,2020-08-08 01:45:00,2020,8,Aug,Sat,1,Night or early morning,30,TRAFFIC SIGNAL,CLEAR,"DARKNESS, LIGHTED ROAD",ANGLE,FOUR WAY,DRY,INJURY AND / OR TOW DUE TO CRASH,true,true,"OVER $1,500",DISREGARDING TRAFFIC SIGNALS,2,NONINCAPACITATING INJURY,1,0,42.0121143597,-87.6998651643,60645,"CHICAGO OHARE INTERNATIONAL AIRPORT, IL US",72.0,57.0,59.0,0.0,10.0,8.0
crash_09067,2019-03-09 23:17:00,2019,3,Mar,Sat,23,Night or early morning,35,TRAFFIC SIGNAL,RAIN,"DARKNESS, LIGHTED ROAD",REAR END,DIVIDED - W/MEDIAN (NOT RAISED),WET,NO INJURY / DRIVE AWAY,,true,"$501 - $1,500",WEATHER,2,NO INDICATION OF INJURY,0,0,41.964508761,-87.7133915083,60625,"CHICAGO OHARE INTERNATIONAL AIRPORT, IL US",41.0,38.0,89.0,0.0,10.0,18.0
crash_09068,2019-07-08 01:30:00,2019,7,Jul,Mon,1,Night or early morning,35,NO CONTROLS,CLEAR,"DARKNESS, LIGHTED ROAD",REAR END,NOT DIVIDED,DRY,INJURY AND / OR TOW DUE TO CRASH,,,"OVER $1,500",NOT APPLICABLE,3,NO INDICATION OF INJURY,0,0,41.7248794508,-87.6095311857,60619,"CHICAGO MIDWAY AIRPORT, IL US",67.0,49.0,53.0,0.0,10.0,7.0
crash_09069,2018-05-11 22:20:00,2018,5,May,Fri,22,Night or early morning,30,NO CONTROLS,CLEAR,"DARKNESS, LIGHTED ROAD",SIDESWIPE SAME DIRECTION,ONE-WAY,UNKNOWN,NO INJURY / DRIVE AWAY,,true,$500 OR LESS,UNABLE TO DETERMINE,2,NO INDICATION OF INJURY,0,0,41.8818354659,-87.6338973886,60606,"CHICAGO MIDWAY AIRPORT, IL US",50.0,44.0,80.0,0.0,10.0,14.0
crash_09070,2025-09-12 09:45:00,2025,9,Sep,Fri,9,Morning commute,30,NO CONTROLS,CLEAR,DAYLIGHT,SIDESWIPE OPPOSITE DIRECTION,ONE-WAY,DRY,NO INJURY / DRIVE AWAY,,,"OVER $1,500",NOT APPLICABLE,2,NO INDICATION OF INJURY,0,0,41.8792249739,-87.7584072893,60644,,,,,,,
crash_09071,2025-11-03 13:30:00,2025,11,Nov,Mon,13,Daytime,30,NO CONTROLS,CLEAR,DAYLIGHT,PARKED MOTOR VEHICLE,NOT DIVIDED,DRY,NO INJURY / DRIVE AWAY,,,"OVER $1,500",DRIVING SKILLS/KNOWLEDGE/EXPERIENCE,2,NO INDICATION OF INJURY,0,0,41.7994028355,-87.5917166352,60615,,,,,,,
crash_09072,2022-02-02 10:30:00,2022,2,Feb,Wed,10,Daytime,10,NO CONTROLS,UNKNOWN,DAYLIGHT,PARKED MOTOR VEHICLE,PARKING LOT,UNKNOWN,NO INJURY / DRIVE AWAY,,,"OVER $1,500",UNABLE TO DETERMINE,2,NO INDICATION OF INJURY,0,0,41.8554028935,-87.6987075449,60623,"CHICAGO MIDWAY AIRPORT, IL US",21.0,16.0,81.0,0.0,0.5,16.0
crash_09073,2024-10-27 23:30:00,2024,10,Oct,Sun,23,Night or early morning,25,NO CONTROLS,CLEAR,"DARKNESS, LIGHTED ROAD",REAR END,ONE-WAY,DRY,NO INJURY / DRIVE AWAY,,,"OVER $1,500",UNABLE TO DETERMINE,2,NO INDICATION OF INJURY,0,0,41.9970542757,-87.6945937945,60659,"CHICAGO OHARE INTERNATIONAL AIRPORT, IL US",44.0,32.0,63.0,0.0,10.0,6.0