crash_id,crash_datetime,crash_year,crash_month,crash_month_name,crash_weekday_name,crash_hour,time_period,posted_speed_limit_mph,traffic_control_device,reported_weather_condition,reported_lighting_condition,first_crash_type,trafficway_type,reported_road_surface_condition,crash_type,intersection_related,hit_and_run,estimated_damage,primary_contributory_cause,unit_count,most_severe_injury,injuries_total,injuries_fatal,latitude,longitude,zip5,weather_station_name,temperature_f,dew_point_f,relative_humidity_percent,precipitation_inches,visibility_miles,wind_speed_mph
crash_09074,2021-12-20 17:20:00,2021,12,Dec,Mon,17,Evening commute,30,TRAFFIC SIGNAL,CLEAR,"DARKNESS, LIGHTED ROAD",REAR END,NOT DIVIDED,DRY,NO INJURY / DRIVE AWAY,,true,"OVER $1,500",FAILING TO REDUCE SPEED TO AVOID CRASH,2,NO INDICATION OF INJURY,0,0,41.9112720681,-87.6331171744,60614,"CHICAGO MIDWAY AIRPORT, IL US",41.0,27.0,57.0,0.0,10.0,7.0
crash_09075,2024-10-11 16:50:00,2024,10,Oct,Fri,16,Evening commute,30,TRAFFIC SIGNAL,CLEAR,DAYLIGHT,REAR END,FOUR WAY,UNKNOWN,NO INJURY / DRIVE AWAY,,,$500 OR LESS,NOT APPLICABLE,2,NO INDICATION OF INJURY,0,0,41.9988587842,-87.6607839261,60626,"CHICAGO OHARE INTERNATIONAL AIRPORT, IL US",81.0,46.0,29.0,0.0,10.0,8.0
crash_09076,2023-11-28 08:01:00,2023,11,Nov,Tue,8,Morning commute,30,NO CONTROLS,CLEAR,DAYLIGHT,SIDESWIPE SAME DIRECTION,DIVIDED - W/MEDIAN (NOT RAISED),DRY,NO INJURY / DRIVE AWAY,,,"OVER $1,500",FAILING TO YIELD RIGHT-OF-WAY,2,NO INDICATION OF INJURY,0,0,41.8952008013,-87.7416123504,60651,"CHICAGO MIDWAY AIRPORT, IL US",17.0,4.0,56.0,0.0,10.0,9.0
crash_09077,2024-12-15 16:30:00,2024,12,Dec,Sun,16,Evening commute,30,STOP SIGN/FLASHER,CLEAR,"DARKNESS, LIGHTED ROAD",REAR END,NOT DIVIDED,DRY,NO INJURY / DRIVE AWAY,,,"OVER $1,500",UNABLE TO DETERMINE,2,NO INDICATION OF INJURY,0,0,41.7437216343,-87.6271753755,60620,"CHICAGO MIDWAY AIRPORT, IL US",45.0,42.0,90.0,0.0,7.0,6.0
crash_09078,2018-04-02 19:58:00,2018,4,Apr,Mon,19,Night or early morning,15,NO CONTROLS,CLEAR,"DARKNESS, LIGHTED ROAD",ANGLE,PARKING LOT,DRY,NO INJURY / DRIVE AWAY,,,$500 OR LESS,UNABLE TO DETERMINE,2,NO INDICATION OF INJURY,0,0,41.9535436903,-87.7127434654,60618,"CHICAGO OHARE INTERNATIONAL AIRPORT, IL US",38.0,24.0,57.0,0.0,10.0,10.0
crash_09079,2023-11-02 14:00:00,2023,11,Nov,Thu,14,Daytime,30,NO CONTROLS,CLEAR,DAYLIGHT,ANGLE,DIVIDED - W/MEDIAN (NOT RAISED),DRY,NO INJURY / DRIVE AWAY,,,"OVER $1,500",DRIVING SKILLS/KNOWLEDGE/EXPERIENCE,2,NO INDICATION OF INJURY,0,0,41.7747665585,-87.7475944749,60638,"CHICAGO MIDWAY AIRPORT, IL US",53.0,28.0,38.0,0.0,10.0,16.0
crash_09080,2018-10-10 13:30:00,2018,10,Oct,Wed,13,Daytime,30,NO CONTROLS,RAIN,DARKNESS,SIDESWIPE SAME DIRECTION,NOT DIVIDED,WET,NO INJURY / DRIVE AWAY,,true,"$501 - $1,500",UNABLE TO DETERMINE,2,NO INDICATION OF INJURY,0,0,41.9542345075,-87.6809199226,60618,"CHICAGO MIDWAY AIRPORT, IL US",71.0,68.0,90.0,0.25,1.25,8.0
crash_09081,2021-07-14 12:30:00,2021,7,Jul,Wed,12,Daytime,30,NO CONTROLS,CLEAR,DAYLIGHT,PARKED MOTOR VEHICLE,DIVIDED - W/MEDIAN (NOT RAISED),DRY,NO INJURY / DRIVE AWAY,,,"$501 - $1,500",UNABLE TO DETERMINE,2,NO INDICATION OF INJURY,0,0,41.9703903162,-87.6696271874,60640,"CHICAGO OHARE INTERNATIONAL AIRPORT, IL US",84.0,64.0,51.0,0.0,10.0,13.0
crash_09082,2025-09-22 19:50:00,2025,9,Sep,Mon,19,Night or early morning,15,NO CONTROLS,UNKNOWN,UNKNOWN,REAR TO SIDE,PARKING LOT,UNKNOWN,NO INJURY / DRIVE AWAY,,,"$501 - $1,500",UNABLE TO DETERMINE,2,NO INDICATION OF INJURY,0,0,42.0118834449,-87.6903881345,60645,,,,,,,
crash_09083,2021-10-25 09:10:00,2021,10,Oct,Mon,9,Morning commute,30,NO CONTROLS,RAIN,DAYLIGHT,ANGLE,NOT REPORTED,WET,NO INJURY / DRIVE AWAY,,,"OVER $1,500",NOT APPLICABLE,2,NO INDICATION OF INJURY,0,0,41.8824655832,-87.7562065992,60644,"CHICAGO MIDWAY AIRPORT, IL US",51.0,44.0,77.0,0.0,9.0,25.0
crash_09084,2023-02-13 18:30:00,2023,2,Feb,Mon,18,Evening commute,30,UNKNOWN,UNKNOWN,UNKNOWN,REAR END,NOT DIVIDED,UNKNOWN,NO INJURY / DRIVE AWAY,true,,"OVER $1,500",UNABLE TO DETERMINE,2,NO INDICATION OF INJURY,0,0,41.924462295,-87.737848102,60639,"CHICAGO MIDWAY AIRPORT, IL US",44.0,19.0,37.0,0.0,10.0,6.0
crash_09085,2024-02-17 17:33:00,2024,2,Feb,Sat,17,Evening commute,30,TRAFFIC SIGNAL,CLEAR,"DARKNESS, LIGHTED ROAD",TURNING,T-INTERSECTION,DRY,NO INJURY / DRIVE AWAY,true,,"OVER $1,500",FOLLOWING TOO CLOSELY,3,NO INDICATION OF INJURY,0,0,41.9247674935,-87.6926943672,60647,"CHICAGO MIDWAY AIRPORT, IL US",26.0,12.0,55.0,0.0,10.0,21.0
crash_09086,2018-03-26 22:29:00,2018,3,Mar,Mon,22,Night or early morning,35,TRAFFIC SIGNAL,RAIN,"DARKNESS, LIGHTED ROAD",TURNING,NOT DIVIDED,WET,INJURY AND / OR TOW DUE TO CRASH,true,true,"OVER $1,500",UNABLE TO DETERMINE,2,NO INDICATION OF INJURY,0,0,41.7067235779,-87.6561945409,60643,"CHICAGO MIDWAY AIRPORT, IL US",49.0,45.0,86.0,0.05,3.0,13.0
crash_09087,2019-04-06 15:50:00,2019,4,Apr,Sat,15,Evening commute,10,NO CONTROLS,CLEAR,DAYLIGHT,PARKED MOTOR VEHICLE,NOT DIVIDED,DRY,NO INJURY / DRIVE AWAY,,,$500 OR LESS,UNABLE TO DETERMINE,2,NO INDICATION OF INJURY,0,0,41.8929552661,-87.6324814167,60654,"CHICAGO MIDWAY AIRPORT, IL US",62.0,48.0,60.0,0.0,9.0,13.0
crash_09088,2022-09-06 15:30:00,2022,9,Sep,Tue,15,Evening commute,20,STOP SIGN/FLASHER,UNKNOWN,UNKNOWN,PARKED MOTOR VEHICLE,ONE-WAY,UNKNOWN,INJURY AND / OR TOW DUE TO CRASH,,,"OVER $1,500",NOT APPLICABLE,2,NO INDICATION OF INJURY,0,0,41.6832452734,-87.6346252963,60628,"CHICAGO MIDWAY AIRPORT, IL US",80.0,62.0,54.0,0.0,10.0,7.0
crash_09089,2018-08-10 16:40:00,2018,8,Aug,Fri,16,Evening commute,30,NO CONTROLS,CLEAR,UNKNOWN,SIDESWIPE SAME DIRECTION,UNKNOWN,UNKNOWN,NO INJURY / DRIVE AWAY,,,"OVER $1,500",IMPROPER OVERTAKING/PASSING,2,NO INDICATION OF INJURY,0,0,41.8818354659,-87.6338973886,60606,"CHICAGO MIDWAY AIRPORT, IL US",81.0,69.0,67.0,0.0,10.0,14.0
crash_09090,2025-01-15 12:00:00,2025,1,Jan,Wed,12,Daytime,20,NO CONTROLS,CLEAR,DAYLIGHT,REAR TO FRONT,NOT DIVIDED,DRY,NO INJURY / DRIVE AWAY,,false,$500 OR LESS,UNABLE TO DETERMINE,2,NO INDICATION OF INJURY,0,0,41.8308381162,-87.6146248877,60653,"CHICAGO MIDWAY AIRPORT, IL US",17.0,2.0,51.0,0.0,10.0,11.0
crash_09091,2025-02-28 16:25:00,2025,2,Feb,Fri,16,Evening commute,30,UNKNOWN,CLEAR,DAYLIGHT,REAR END,NOT DIVIDED,UNKNOWN,NO INJURY / DRIVE AWAY,,true,"OVER $1,500",UNABLE TO DETERMINE,2,NO INDICATION OF INJURY,0,0,41.9617325802,-87.6499744396,60613,"CHICAGO MIDWAY AIRPORT, IL US",57.0,32.0,39.0,0.0,10.0,17.0
crash_09092,2019-07-12 22:02:00,2019,7,Jul,Fri,22,Night or early morning,25,NO CONTROLS,CLEAR,"DARKNESS, LIGHTED ROAD",PARKED MOTOR VEHICLE,ONE-WAY,DRY,INJURY AND / OR TOW DUE TO CRASH,,true,"OVER $1,500",UNABLE TO DETERMINE,4,NO INDICATION OF INJURY,0,0,41.9284172269,-87.8050423723,60707,"CHICAGO OHARE INTERNATIONAL AIRPORT, IL US",80.0,59.0,49.0,0.0,10.0,9.0
crash_09093,2018-03-26 01:01:00,2018,3,Mar,Mon,1,Night or early morning,20,NO CONTROLS,CLEAR,DARKNESS,SIDESWIPE SAME DIRECTION,ONE-WAY,DRY,NO INJURY / DRIVE AWAY,,,$500 OR LESS,IMPROPER BACKING,2,NO INDICATION OF INJURY,0,0,41.8908865139,-87.7580477874,60644,"CHICAGO MIDWAY AIRPORT, IL US",34.0,19.0,54.0,0.0,10.0,15.0
crash_09094,2023-02-22 13:50:00,2023,2,Feb,Wed,13,Daytime,30,NO CONTROLS,RAIN,DAYLIGHT,ANGLE,PARKING LOT,WET,NO INJURY / DRIVE AWAY,,,"$501 - $1,500",UNABLE TO DETERMINE,2,NO INDICATION OF INJURY,0,0,41.9919194724,-87.7096313344,60659,"CHICAGO OHARE INTERNATIONAL AIRPORT, IL US",33.0,30.0,89.0,0.17,3.0,23.0
crash_09095,2022-04-05 09:35:00,2022,4,Apr,Tue,9,Morning commute,25,NO CONTROLS,CLEAR,DAYLIGHT,PARKED MOTOR VEHICLE,NOT DIVIDED,DRY,NO INJURY / DRIVE AWAY,,,$500 OR LESS,DRIVING SKILLS/KNOWLEDGE/EXPERIENCE,2,NO INDICATION OF INJURY,0,0,41.9734987972,-87.6663131023,60640,"CHICAGO OHARE INTERNATIONAL AIRPORT, IL US",47.0,38.0,71.0,0.0,7.0,10.0
crash_09096,2022-05-26 10:20:00,2022,5,May,Thu,10,Daytime,30,TRAFFIC SIGNAL,CLEAR,DAYLIGHT,TURNING,FOUR WAY,DRY,NO INJURY / DRIVE AWAY,true,,"$501 - $1,500",IMPROPER OVERTAKING/PASSING,2,NO INDICATION OF INJURY,0,0,41.9972372887,-87.7117977826,60659,"CHICAGO OHARE INTERNATIONAL AIRPORT, IL US",73.0,64.0,74.0,,10.0,13.0
crash_09097,2025-03-02 16:20:00,2025,3,Mar,Sun,16,Evening commute,15,NO CONTROLS,UNKNOWN,DAYLIGHT,REAR TO SIDE,PARKING LOT,UNKNOWN,NO INJURY / DRIVE AWAY,,,"OVER $1,500",IMPROPER BACKING,2,NO INDICATION OF INJURY,0,0,41.8949550798,-87.7655451503,60651,"CHICAGO MIDWAY AIRPORT, IL US",38.0,5.0,25.0,0.0,10.0,6.0
crash_09098,2019-04-29 08:10:00,2019,4,Apr,Mon,8,Morning commute,25,NO CONTROLS,RAIN,DAYLIGHT,ANGLE,NOT DIVIDED,WET,NO INJURY / DRIVE AWAY,,,$500 OR LESS,FAILING TO YIELD RIGHT-OF-WAY,2,NO INDICATION OF INJURY,0,0,41.8830385174,-87.6495871246,60607,"CHICAGO MIDWAY AIRPORT, IL US",44.0,42.0,93.0,0.09,3.0,23.0
crash_09099,2018-06-08 09:00:00,2018,6,Jun,Fri,9,Morning commute,35,NO CONTROLS,CLOUDY/OVERCAST,DAYLIGHT,REAR END,NOT DIVIDED,WET,NO INJURY / DRIVE AWAY,,true,"$501 - $1,500",FOLLOWING TOO CLOSELY,2,NO INDICATION OF INJURY,0,0,41.9680356434,-87.7367249013,60630,"CHICAGO OHARE INTERNATIONAL AIRPORT, IL US",62.0,53.0,73.0,0.0,10.0,9.0
crash_09100,2020-02-07 01:02:00,2020,2,Feb,Fri,1,Night or early morning,30,NO CONTROLS,CLEAR,DARKNESS,SIDESWIPE SAME DIRECTION,NOT DIVIDED,SNOW OR SLUSH,NO INJURY / DRIVE AWAY,,,$500 OR LESS,UNABLE TO DETERMINE,2,NO INDICATION OF INJURY,0,0,41.7089291772,-87.62010754,60628,"CHICAGO MIDWAY AIRPORT, IL US",28.0,23.0,81.0,0.0,10.0,10.0
crash_09101,2019-07-23 08:30:00,2019,7,Jul,Tue,8,Morning commute,30,TRAFFIC SIGNAL,CLEAR,DAYLIGHT,TURNING,ONE-WAY,DRY,NO INJURY / DRIVE AWAY,true,true,"OVER $1,500",UNABLE TO DETERMINE,2,NO INDICATION OF INJURY,0,0,41.885592272,-87.6420002935,60661,"CHICAGO MIDWAY AIRPORT, IL US",73.0,56.0,55.0,0.0,10.0,8.0
crash_09102,2019-01-02 06:25:00,2019,1,Jan,Wed,6,Morning commute,30,NO CONTROLS,CLOUDY/OVERCAST,DARKNESS,TURNING,DIVIDED - W/MEDIAN (NOT RAISED),DRY,NO INJURY / DRIVE AWAY,,,"$501 - $1,500",FAILING TO YIELD RIGHT-OF-WAY,2,NO INDICATION OF INJURY,0,0,41.9616949684,-87.6527466165,60613,"CHICAGO MIDWAY AIRPORT, IL US",30.0,27.0,88.0,0.0,5.0,5.0
crash_09103,2021-07-06 23:55:00,2021,7,Jul,Tue,23,Night or early morning,30,TRAFFIC SIGNAL,CLEAR,"DARKNESS, LIGHTED ROAD",REAR END,DIVIDED - W/MEDIAN (NOT RAISED),DRY,NO INJURY / DRIVE AWAY,,true,"OVER $1,500",UNABLE TO DETERMINE,2,NO INDICATION OF INJURY,0,0,41.8713224688,-87.6860223577,60612,"CHICAGO MIDWAY AIRPORT, IL US",79.0,67.0,67.0,0.0,10.0,7.0
crash_09104,2024-03-13 17:10:00,2024,3,Mar,Wed,17,Evening commute,30,NO CONTROLS,CLEAR,DAYLIGHT,PARKED MOTOR VEHICLE,PARKING LOT,DRY,NO INJURY / DRIVE AWAY,,,"OVER $1,500",UNABLE TO DETERMINE,3,NO INDICATION OF INJURY,0,0,41.9244023418,-87.7423182596,60639,"CHICAGO MIDWAY AIRPORT, IL US",60.0,42.0,52.0,0.0,10.0,8.0
crash_09105,2018-10-02 14:30:00,2018,10,Oct,Tue,14,Daytime,30,NO CONTROLS,CLEAR,DAYLIGHT,FIXED OBJECT,OTHER,DRY,INJURY AND / OR TOW DUE TO CRASH,,,"OVER $1,500",UNABLE TO DETERMINE,1,NO INDICATION OF INJURY,0,0,41.8840645256,-87.6984067561,60612,"CHICAGO MIDWAY AIRPORT, IL US",64.0,55.0,73.0,0.0,10.0,3.0
crash_09106,2023-01-21 16:00:00,2023,1,Jan,Sat,16,Evening commute,30,TRAFFIC SIGNAL,CLEAR,DAYLIGHT,SIDESWIPE SAME DIRECTION,DIVIDED - W/MEDIAN BARRIER,DRY,NO INJURY / DRIVE AWAY,,,"$501 - $1,500",UNABLE TO DETERMINE,2,NO INDICATION OF INJURY,0,0,41.8675422895,-87.6257464888,60605,"CHICAGO MIDWAY AIRPORT, IL US",31.0,25.0,79.0,0.0,10.0,10.0
crash_09107,2024-07-24 07:58:00,2024,7,Jul,Wed,7,Morning commute,30,TRAFFIC SIGNAL,CLEAR,DAYLIGHT,REAR END,NOT DIVIDED,DRY,NO INJURY / DRIVE AWAY,false,,"OVER $1,500",FOLLOWING TOO CLOSELY,2,NO INDICATION OF INJURY,0,0,41.8673047184,-87.6439738806,60607,"CHICAGO MIDWAY AIRPORT, IL US",72.0,65.0,79.0,0.0,10.0,6.0
crash_09108,2023-06-29 12:55:00,2023,6,Jun,Thu,12,Daytime,35,TRAFFIC SIGNAL,CLEAR,DAYLIGHT,REAR END,NOT DIVIDED,DRY,NO INJURY / DRIVE AWAY,,,"OVER $1,500",FAILING TO REDUCE SPEED TO AVOID CRASH,2,NO INDICATION OF INJURY,0,0,41.7781618734,-87.7617802217,60638,"CHICAGO MIDWAY AIRPORT, IL US",86.0,69.0,57.0,0.0,7.0,10.0
crash_09109,2024-01-22 17:17:00,2024,1,Jan,Mon,17,Evening commute,30,TRAFFIC SIGNAL,CLEAR,"DARKNESS, LIGHTED ROAD",SIDESWIPE SAME DIRECTION,DIVIDED - W/MEDIAN (NOT RAISED),DRY,NO INJURY / DRIVE AWAY,,,"OVER $1,500",FAILING TO YIELD RIGHT-OF-WAY,2,NO INDICATION OF INJURY,0,0,41.7417416514,-87.6630733293,60620,"CHICAGO MIDWAY AIRPORT, IL US",34.0,31.0,89.0,0.0,2.5,9.0
crash_09110,2021-04-21 18:15:00,2021,4,Apr,Wed,18,Evening commute,30,NO CONTROLS,CLEAR,DAYLIGHT,PARKED MOTOR VEHICLE,NOT DIVIDED,DRY,NO INJURY / DRIVE AWAY,,true,"$501 - $1,500",UNABLE TO DETERMINE,2,NO INDICATION OF INJURY,0,0,41.9077713939,-87.7579308587,60651,"CHICAGO MIDWAY AIRPORT, IL US",39.0,28.0,65.0,0.0,10.0,9.0
crash_09111,2020-11-02 13:45:00,2020,11,Nov,Mon,13,Daytime,30,NO CONTROLS,CLEAR,DAYLIGHT,REAR END,NOT DIVIDED,DRY,NO INJURY / DRIVE AWAY,,,"$501 - $1,500",NOT APPLICABLE,2,NO INDICATION OF INJURY,0,0,41.8005635028,-87.7161544228,60632,"CHICAGO MIDWAY AIRPORT, IL US",50.0,18.0,28.0,0.0,10.0,20.0
crash_09112,2020-12-17 14:08:00,2020,12,Dec,Thu,14,Daytime,35,TRAFFIC SIGNAL,SNOW,DAYLIGHT,REAR END,DIVIDED - W/MEDIAN BARRIER,OTHER,INJURY AND / OR TOW DUE TO CRASH,true,,"OVER $1,500",FAILING TO REDUCE SPEED TO AVOID CRASH,2,NO INDICATION OF INJURY,0,0,41.7659368587,-87.5857724234,60649,"CHICAGO MIDWAY AIRPORT, IL US",34.0,23.0,64.0,0.0,10.0,5.0
crash_09113,2022-09-16 15:51:00,2022,9,Sep,Fri,15,Evening commute,30,NO CONTROLS,CLEAR,DAYLIGHT,SIDESWIPE SAME DIRECTION,ONE-WAY,DRY,INJURY AND / OR TOW DUE TO CRASH,,,"$501 - $1,500",FAILING TO YIELD RIGHT-OF-WAY,2,NO INDICATION OF INJURY,0,0,41.8789817606,-87.6681853873,60612,"CHICAGO MIDWAY AIRPORT, IL US",85.0,60.0,43.0,0.0,10.0,16.0
crash_09114,2022-02-05 00:18:00,2022,2,Feb,Sat,0,Night or early morning,35,NO CONTROLS,CLEAR,"DARKNESS, LIGHTED ROAD",PARKED MOTOR VEHICLE,ONE-WAY,DRY,INJURY AND / OR TOW DUE TO CRASH,,,"OVER $1,500",FAILING TO REDUCE SPEED TO AVOID CRASH,2,NO INDICATION OF INJURY,0,0,41.6967353639,-87.6909749018,60655,"CHICAGO MIDWAY AIRPORT, IL US",12.0,4.0,70.0,0.0,10.0,10.0
crash_09115,2018-06-14 08:10:00,2018,6,Jun,Thu,8,Morning commute,30,TRAFFIC SIGNAL,CLEAR,DAYLIGHT,TURNING,DIVIDED - W/MEDIAN (NOT RAISED),DRY,NO INJURY / DRIVE AWAY,true,true,"OVER $1,500",UNABLE TO DETERMINE,2,NO INDICATION OF INJURY,0,0,41.8850828333,-87.7207392193,60624,"CHICAGO MIDWAY AIRPORT, IL US",72.0,54.0,53.0,0.0,10.0,0.0
crash_09116,2020-07-31 17:00:00,2020,7,Jul,Fri,17,Evening commute,30,NO CONTROLS,CLEAR,DAYLIGHT,PARKED MOTOR VEHICLE,NOT DIVIDED,DRY,NO INJURY / DRIVE AWAY,,,"$501 - $1,500","EVASIVE ACTION DUE TO ANIMAL, OBJECT, NONMOTORIST",3,NO INDICATION OF INJURY,0,0,41.9364372974,-87.7368056022,60641,"CHICAGO OHARE INTERNATIONAL AIRPORT, IL US",79.0,57.0,47.0,0.0,10.0,14.0
crash_09117,2025-04-18 03:00:00,2025,4,Apr,Fri,3,Night or early morning,30,NO CONTROLS,UNKNOWN,DARKNESS,PARKED MOTOR VEHICLE,NOT DIVIDED,UNKNOWN,NO INJURY / DRIVE AWAY,,true,"OVER $1,500","OPERATING VEHICLE IN ERRATIC, RECKLESS, CARELESS, NEGLIGENT OR AGGRESSIVE MANNER",2,NO INDICATION OF INJURY,0,0,41.846209622,-87.63884993,60616,"CHICAGO MIDWAY AIRPORT, IL US",63.0,39.0,41.0,0.0,10.0,18.0
crash_09118,2020-07-26 21:00:00,2020,7,Jul,Sun,21,Night or early morning,30,TRAFFIC SIGNAL,CLEAR,"DARKNESS, LIGHTED ROAD",REAR END,NOT DIVIDED,DRY,NO INJURY / DRIVE AWAY,true,true,$500 OR LESS,UNABLE TO DETERMINE,2,NO INDICATION OF INJURY,0,0,41.6631333082,-87.6415721432,60643,"CHICAGO MIDWAY AIRPORT, IL US",87.0,74.0,65.0,0.0,10.0,10.0
crash_09119,2024-02-02 16:35:00,2024,2,Feb,Fri,16,Evening commute,30,NO CONTROLS,CLEAR,DAYLIGHT,SIDESWIPE SAME DIRECTION,NOT DIVIDED,DRY,INJURY AND / OR TOW DUE TO CRASH,true,true,"OVER $1,500",IMPROPER OVERTAKING/PASSING,2,NONINCAPACITATING INJURY,1,0,41.8852955889,-87.7109921502,60624,"CHICAGO MIDWAY AIRPORT, IL US",37.0,30.0,76.0,0.0,10.0,10.0
crash_09120,2025-07-14 08:52:00,2025,7,Jul,Mon,8,Morning commute,30,TRAFFIC SIGNAL,CLEAR,DAYLIGHT,SIDESWIPE SAME DIRECTION,DIVIDED - W/MEDIAN (NOT RAISED),DRY,NO INJURY / DRIVE AWAY,,true,$500 OR LESS,IMPROPER OVERTAKING/PASSING,2,NO INDICATION OF INJURY,0,0,41.9600893925,-87.7670832195,60641,"CHICAGO OHARE INTERNATIONAL AIRPORT, IL US",76.0,61.0,60.0,0.0,9.0,0.0
crash_09121,2022-04-15 12:00:00,2022,4,Apr,Fri,12,Daytime,30,NO CONTROLS,CLEAR,DAYLIGHT,FIXED OBJECT,PARKING LOT,DRY,INJURY AND / OR TOW DUE TO CRASH,,,$500 OR LESS,UNABLE TO DETERMINE,1,NO INDICATION OF INJURY,0,0,41.9388524408,-87.736980572,60641,"CHICAGO OHARE INTERNATIONAL AIRPORT, IL US",50.0,21.0,32.0,0.0,10.0,18.0
crash_09122,2018-05-19 23:15:00,2018,5,May,Sat,23,Night or early morning,30,TRAFFIC SIGNAL,CLEAR,"DARKNESS, LIGHTED ROAD",REAR END,NOT DIVIDED,DRY,NO INJURY / DRIVE AWAY,true,,$500 OR LESS,UNABLE TO DETERMINE,2,NO INDICATION OF INJURY,0,0,41.9035276712,-87.6480736456,60610,"CHICAGO MIDWAY AIRPORT, IL US",60.0,56.0,86.0,0.0,8.0,0.0
crash_09123,2024-09-09 08:30:00,2024,9,Sep,Mon,8,Morning commute,15,NO CONTROLS,CLEAR,DAYLIGHT,PARKED MOTOR VEHICLE,PARKING LOT,DRY,NO INJURY / DRIVE AWAY,,true,"OVER $1,500",IMPROPER BACKING,2,NO INDICATION OF INJURY,0,0,41.7668303305,-87.5857939795,60649,"CHICAGO MIDWAY AIRPORT, IL US",65.0,44.0,47.0,0.0,10.0,10.0
crash_09124,2020-07-08 14:50:00,2020,7,Jul,Wed,14,Daytime,30,NO CONTROLS,CLEAR,DAYLIGHT,REAR END,NOT DIVIDED,DRY,NO INJURY / DRIVE AWAY,,true,"OVER $1,500",FOLLOWING TOO CLOSELY,2,NO INDICATION OF INJURY,0,0,41.8244897811,-87.6850061029,60632,"CHICAGO MIDWAY AIRPORT, IL US",87.0,68.0,53.0,0.0,10.0,7.0
crash_09125,2020-05-11 17:45:00,2020,5,May,Mon,17,Evening commute,30,NO CONTROLS,CLEAR,DAYLIGHT,SIDESWIPE SAME DIRECTION,DIVIDED - W/MEDIAN (NOT RAISED),DRY,NO INJURY / DRIVE AWAY,,,"$501 - $1,500",DRIVING SKILLS/KNOWLEDGE/EXPERIENCE,2,NO INDICATION OF INJURY,0,0,41.9260538485,-87.7462219565,60639,"CHICAGO OHARE INTERNATIONAL AIRPORT, IL US",51.0,28.0,41.0,0.0,10.0,8.0
crash_09126,2022-02-17 17:30:00,2022,2,Feb,Thu,17,Evening commute,30,TRAFFIC SIGNAL,SNOW,DUSK,REAR END,FOUR WAY,SNOW OR SLUSH,NO INJURY / DRIVE AWAY,true,,"OVER $1,500",FOLLOWING TOO CLOSELY,2,NO INDICATION OF INJURY,0,0,41.8673971151,-87.6363127636,60607,"CHICAGO MIDWAY AIRPORT, IL US",23.0,19.0,85.0,0.01,0.25,17.0
crash_09127,2023-06-26 12:00:00,2023,6,Jun,Mon,12,Daytime,30,STOP SIGN/FLASHER,CLEAR,DAYLIGHT,REAR END,DIVIDED - W/MEDIAN (NOT RAISED),DRY,NO INJURY / DRIVE AWAY,,,"OVER $1,500",FOLLOWING TOO CLOSELY,2,NO INDICATION OF INJURY,0,0,41.9607551681,-87.7531129492,60630,"CHICAGO OHARE INTERNATIONAL AIRPORT, IL US",70.0,61.0,73.0,0.0,10.0,14.0
crash_09128,2020-02-13 19:30:00,2020,2,Feb,Thu,19,Night or early morning,30,NO CONTROLS,CLEAR,"DARKNESS, LIGHTED ROAD",SIDESWIPE SAME DIRECTION,NOT DIVIDED,DRY,NO INJURY / DRIVE AWAY,,,"$501 - $1,500",IMPROPER OVERTAKING/PASSING,2,NO INDICATION OF INJURY,0,0,41.8670132388,-87.7009499692,60612,"CHICAGO MIDWAY AIRPORT, IL US",9.0,-3.0,58.0,0.0,10.0,8.0
crash_09129,2024-02-04 13:30:00,2024,2,Feb,Sun,13,Daytime,30,TRAFFIC SIGNAL,CLEAR,DAYLIGHT,SIDESWIPE SAME DIRECTION,FOUR WAY,DRY,NO INJURY / DRIVE AWAY,true,,"$501 - $1,500",IMPROPER LANE USAGE,2,NO INDICATION OF INJURY,0,0,41.9095415639,-87.7436531891,60651,"CHICAGO MIDWAY AIRPORT, IL US",46.0,28.0,50.0,0.0,10.0,14.0
crash_09130,2018-09-18 17:10:00,2018,9,Sep,Tue,17,Evening commute,30,NO CONTROLS,CLEAR,DAYLIGHT,REAR END,DIVIDED - W/MEDIAN (NOT RAISED),DRY,NO INJURY / DRIVE AWAY,,,$500 OR LESS,FOLLOWING TOO CLOSELY,2,NO INDICATION OF INJURY,0,0,41.8817651782,-87.7228731926,60624,"CHICAGO MIDWAY AIRPORT, IL US",75.0,61.0,62.0,0.0,10.0,9.0
crash_09131,2024-07-26 22:00:00,2024,7,Jul,Fri,22,Night or early morning,30,NO CONTROLS,CLEAR,"DARKNESS, LIGHTED ROAD",PARKED MOTOR VEHICLE,ONE-WAY,DRY,NO INJURY / DRIVE AWAY,,true,"OVER $1,500",UNABLE TO DETERMINE,2,NO INDICATION OF INJURY,0,0,41.8731538425,-87.6846959887,60612,"CHICAGO MIDWAY AIRPORT, IL US",74.0,62.0,67.0,0.0,10.0,8.0
crash_09132,2021-11-11 10:31:00,2021,11,Nov,Thu,10,Daytime,30,TRAFFIC SIGNAL,RAIN,DAWN,REAR END,NOT DIVIDED,WET,NO INJURY / DRIVE AWAY,,true,"OVER $1,500",FOLLOWING TOO CLOSELY,2,NO INDICATION OF INJURY,0,0,41.7653113606,-87.6444774775,60621,"CHICAGO MIDWAY AIRPORT, IL US",53.0,47.0,80.0,0.09,7.0,18.0