crash_id,crash_datetime,crash_year,crash_month,crash_month_name,crash_weekday_name,crash_hour,time_period,posted_speed_limit_mph,traffic_control_device,reported_weather_condition,reported_lighting_condition,first_crash_type,trafficway_type,reported_road_surface_condition,crash_type,intersection_related,hit_and_run,estimated_damage,primary_contributory_cause,unit_count,most_severe_injury,injuries_total,injuries_fatal,latitude,longitude,zip5,weather_station_name,temperature_f,dew_point_f,relative_humidity_percent,precipitation_inches,visibility_miles,wind_speed_mph
crash_09133,2019-07-24 08:45:00,2019,7,Jul,Wed,8,Morning commute,40,TRAFFIC SIGNAL,CLEAR,DAYLIGHT,TURNING,NOT DIVIDED,DRY,NO INJURY / DRIVE AWAY,true,,"$501 - $1,500",UNABLE TO DETERMINE,2,NO INDICATION OF INJURY,0,0,41.8968049724,-87.6170274232,60611,"CHICAGO MIDWAY AIRPORT, IL US",74.0,50.0,43.0,0.0,10.0,7.0
crash_09134,2022-11-30 18:30:00,2022,11,Nov,Wed,18,Evening commute,30,STOP SIGN/FLASHER,CLEAR,"DARKNESS, LIGHTED ROAD",ANGLE,FOUR WAY,DRY,NO INJURY / DRIVE AWAY,true,true,"OVER $1,500",UNABLE TO DETERMINE,2,NO INDICATION OF INJURY,0,0,41.8134293009,-87.7114922794,60632,"CHICAGO MIDWAY AIRPORT, IL US",25.0,11.0,55.0,0.0,10.0,20.0
crash_09135,2024-10-24 16:30:00,2024,10,Oct,Thu,16,Evening commute,30,TRAFFIC SIGNAL,CLEAR,DAYLIGHT,SIDESWIPE SAME DIRECTION,NOT DIVIDED,DRY,NO INJURY / DRIVE AWAY,,true,"OVER $1,500",UNABLE TO DETERMINE,2,NO INDICATION OF INJURY,0,0,41.852207529,-87.6808074147,60608,"CHICAGO MIDWAY AIRPORT, IL US",63.0,32.0,31.0,0.0,10.0,10.0
crash_09136,2018-06-20 17:40:00,2018,6,Jun,Wed,17,Evening commute,30,TRAFFIC SIGNAL,CLEAR,DAYLIGHT,TURNING,DIVIDED - W/MEDIAN (NOT RAISED),DRY,NO INJURY / DRIVE AWAY,,,"$501 - $1,500",FAILING TO YIELD RIGHT-OF-WAY,2,NO INDICATION OF INJURY,0,0,41.9541575717,-87.6861051311,60618,"CHICAGO MIDWAY AIRPORT, IL US",71.0,63.0,76.0,0.0,9.0,9.0
crash_09137,2018-09-12 15:50:00,2018,9,Sep,Wed,15,Evening commute,30,NO CONTROLS,CLEAR,DAYLIGHT,PARKED MOTOR VEHICLE,NOT DIVIDED,DRY,NO INJURY / DRIVE AWAY,,,"OVER $1,500",DRIVING SKILLS/KNOWLEDGE/EXPERIENCE,2,NO INDICATION OF INJURY,0,0,41.6572987091,-87.6078012402,60827,"CHICAGO MIDWAY AIRPORT, IL US",80.0,49.0,34.0,0.0,10.0,6.0
crash_09138,2018-02-01 08:30:00,2018,2,Feb,Thu,8,Morning commute,25,NO CONTROLS,CLEAR,DAYLIGHT,PARKED MOTOR VEHICLE,NOT DIVIDED,DRY,INJURY AND / OR TOW DUE TO CRASH,,,"OVER $1,500","EVASIVE ACTION DUE TO ANIMAL, OBJECT, NONMOTORIST",2,NO INDICATION OF INJURY,0,0,42.0041578735,-87.7092049469,60645,"CHICAGO OHARE INTERNATIONAL AIRPORT, IL US",21.0,4.0,47.0,0.0,10.0,20.0
crash_09139,2019-03-03 12:00:00,2019,3,Mar,Sun,12,Daytime,35,TRAFFIC SIGNAL,CLEAR,DAYLIGHT,TURNING,OTHER,DRY,INJURY AND / OR TOW DUE TO CRASH,true,,"OVER $1,500",FAILING TO YIELD RIGHT-OF-WAY,2,INCAPACITATING INJURY,1,0,41.9376598772,-87.8365065808,60634,"CHICAGO OHARE INTERNATIONAL AIRPORT, IL US",18.0,5.0,57.0,0.0,10.0,13.0
crash_09140,2024-08-30 16:30:00,2024,8,Aug,Fri,16,Evening commute,30,TRAFFIC SIGNAL,CLEAR,DAYLIGHT,SIDESWIPE SAME DIRECTION,DIVIDED - W/MEDIAN (NOT RAISED),DRY,NO INJURY / DRIVE AWAY,,,"$501 - $1,500",UNABLE TO DETERMINE,2,NO INDICATION OF INJURY,0,0,41.8854114884,-87.6628416984,60607,"CHICAGO MIDWAY AIRPORT, IL US",83.0,68.0,61.0,0.0,10.0,11.0
crash_09141,2021-12-11 14:07:00,2021,12,Dec,Sat,14,Daytime,30,TRAFFIC SIGNAL,CLEAR,DAYLIGHT,SIDESWIPE SAME DIRECTION,ONE-WAY,DRY,NO INJURY / DRIVE AWAY,true,,"OVER $1,500",UNABLE TO DETERMINE,2,NO INDICATION OF INJURY,0,0,41.9340344731,-87.6933090215,60618,"CHICAGO MIDWAY AIRPORT, IL US",41.0,24.0,51.0,0.0,10.0,20.0
crash_09142,2024-02-01 15:54:00,2024,2,Feb,Thu,15,Evening commute,25,NO CONTROLS,CLEAR,DAYLIGHT,SIDESWIPE SAME DIRECTION,NOT DIVIDED,DRY,NO INJURY / DRIVE AWAY,,true,"OVER $1,500",UNABLE TO DETERMINE,2,NO INDICATION OF INJURY,0,0,41.8550989562,-87.7052019608,60623,"CHICAGO MIDWAY AIRPORT, IL US",47.0,37.0,69.0,0.0,10.0,13.0
crash_09143,2019-07-26 11:43:00,2019,7,Jul,Fri,11,Daytime,30,NO CONTROLS,CLEAR,DAYLIGHT,PEDESTRIAN,NOT DIVIDED,DRY,INJURY AND / OR TOW DUE TO CRASH,,true,$500 OR LESS,UNABLE TO DETERMINE,2,"REPORTED, NOT EVIDENT",1,0,41.973248401,-87.7615463742,60630,"CHICAGO OHARE INTERNATIONAL AIRPORT, IL US",80.0,63.0,56.0,0.0,10.0,8.0
crash_09144,2020-11-02 16:30:00,2020,11,Nov,Mon,16,Evening commute,25,NO CONTROLS,CLEAR,DUSK,PARKED MOTOR VEHICLE,OTHER,DRY,NO INJURY / DRIVE AWAY,,,"OVER $1,500",IMPROPER BACKING,2,NO INDICATION OF INJURY,0,0,41.72671701,-87.6327166908,60620,"CHICAGO MIDWAY AIRPORT, IL US",47.0,20.0,34.0,0.0,10.0,10.0
crash_09145,2025-11-05 17:00:00,2025,11,Nov,Wed,17,Evening commute,30,UNKNOWN,CLEAR,UNKNOWN,SIDESWIPE SAME DIRECTION,UNKNOWN,UNKNOWN,NO INJURY / DRIVE AWAY,,true,"OVER $1,500",UNABLE TO DETERMINE,2,NO INDICATION OF INJURY,0,0,41.9897884888,-87.7483738445,60646,,,,,,,
crash_09146,2021-02-10 03:30:00,2021,2,Feb,Wed,3,Night or early morning,30,TRAFFIC SIGNAL,CLEAR,"DARKNESS, LIGHTED ROAD",REAR END,FOUR WAY,DRY,INJURY AND / OR TOW DUE TO CRASH,,,"OVER $1,500","OPERATING VEHICLE IN ERRATIC, RECKLESS, CARELESS, NEGLIGENT OR AGGRESSIVE MANNER",2,NO INDICATION OF INJURY,0,0,41.7361825711,-87.6436598151,60620,"CHICAGO MIDWAY AIRPORT, IL US",9.0,-4.0,55.0,0.0,10.0,8.0
crash_09147,2025-12-27 21:11:00,2025,12,Dec,Sat,21,Night or early morning,30,TRAFFIC SIGNAL,CLEAR,"DARKNESS, LIGHTED ROAD",ANGLE,DIVIDED - W/MEDIAN (NOT RAISED),DRY,NO INJURY / DRIVE AWAY,true,true,"$501 - $1,500",UNABLE TO DETERMINE,2,NO INDICATION OF INJURY,0,0,41.794908912,-87.616471792,60615,,,,,,,
crash_09148,2018-11-19 21:00:00,2018,11,Nov,Mon,21,Night or early morning,30,TRAFFIC SIGNAL,CLEAR,"DARKNESS, LIGHTED ROAD",TURNING,DIVIDED - W/MEDIAN (NOT RAISED),DRY,NO INJURY / DRIVE AWAY,,,"OVER $1,500",IMPROPER LANE USAGE,2,NO INDICATION OF INJURY,0,0,41.8967045494,-87.6342801275,60610,"CHICAGO MIDWAY AIRPORT, IL US",34.0,28.0,79.0,0.0,5.0,0.0
crash_09149,2018-01-04 20:15:00,2018,1,Jan,Thu,20,Night or early morning,30,TRAFFIC SIGNAL,CLEAR,"DARKNESS, LIGHTED ROAD",TURNING,DIVIDED - W/MEDIAN BARRIER,DRY,NO INJURY / DRIVE AWAY,true,,$500 OR LESS,FAILING TO REDUCE SPEED TO AVOID CRASH,2,NO INDICATION OF INJURY,0,0,41.8717406197,-87.6276706791,60605,"CHICAGO MIDWAY AIRPORT, IL US",6.0,-4.0,63.0,0.0,10.0,10.0
crash_09150,2019-12-02 20:30:00,2019,12,Dec,Mon,20,Night or early morning,30,NO CONTROLS,RAIN,DARKNESS,PARKED MOTOR VEHICLE,ONE-WAY,WET,INJURY AND / OR TOW DUE TO CRASH,,true,"OVER $1,500","OPERATING VEHICLE IN ERRATIC, RECKLESS, CARELESS, NEGLIGENT OR AGGRESSIVE MANNER",2,NO INDICATION OF INJURY,0,0,41.7019657064,-87.6376804844,60628,"CHICAGO MIDWAY AIRPORT, IL US",30.0,25.0,80.0,,10.0,8.0
crash_09151,2022-12-15 17:05:00,2022,12,Dec,Thu,17,Evening commute,30,NO CONTROLS,CLEAR,DUSK,OTHER OBJECT,RAMP,DRY,NO INJURY / DRIVE AWAY,,,"$501 - $1,500",UNABLE TO DETERMINE,1,NO INDICATION OF INJURY,0,0,41.8836549629,-87.6307707083,60602,"CHICAGO MIDWAY AIRPORT, IL US",32.0,30.0,92.0,0.03,1.0,11.0
crash_09152,2023-08-20 13:30:00,2023,8,Aug,Sun,13,Daytime,30,NO CONTROLS,CLEAR,DAYLIGHT,REAR END,DIVIDED - W/MEDIAN (NOT RAISED),DRY,INJURY AND / OR TOW DUE TO CRASH,true,true,"OVER $1,500",FAILING TO REDUCE SPEED TO AVOID CRASH,3,"REPORTED, NOT EVIDENT",1,0,41.7514233165,-87.6353877622,60620,"CHICAGO MIDWAY AIRPORT, IL US",89.0,72.0,57.0,0.0,10.0,7.0
crash_09153,2024-09-18 12:50:00,2024,9,Sep,Wed,12,Daytime,35,NO CONTROLS,CLEAR,DAYLIGHT,ANGLE,DIVIDED - W/MEDIAN (NOT RAISED),DRY,NO INJURY / DRIVE AWAY,true,,"OVER $1,500",UNABLE TO DETERMINE,2,NO INDICATION OF INJURY,0,0,41.7687443409,-87.6446513782,60621,"CHICAGO MIDWAY AIRPORT, IL US",86.0,48.0,27.0,0.0,10.0,6.0
crash_09154,2021-04-12 16:40:00,2021,4,Apr,Mon,16,Evening commute,30,UNKNOWN,UNKNOWN,UNKNOWN,SIDESWIPE SAME DIRECTION,NOT DIVIDED,UNKNOWN,INJURY AND / OR TOW DUE TO CRASH,,,"OVER $1,500",UNABLE TO DETERMINE,2,"REPORTED, NOT EVIDENT",1,0,41.9023601628,-87.755716508,60651,"CHICAGO MIDWAY AIRPORT, IL US",61.0,37.0,41.0,0.0,10.0,18.0
crash_09155,2021-09-03 17:31:00,2021,9,Sep,Fri,17,Evening commute,30,NO CONTROLS,CLOUDY/OVERCAST,DUSK,HEAD ON,NOT DIVIDED,DRY,INJURY AND / OR TOW DUE TO CRASH,,,"OVER $1,500",UNABLE TO DETERMINE,2,NO INDICATION OF INJURY,0,0,41.7026047766,-87.6208774785,60628,"CHICAGO MIDWAY AIRPORT, IL US",74.0,55.0,52.0,0.0,10.0,10.0
crash_09156,2023-10-20 16:05:00,2023,10,Oct,Fri,16,Evening commute,25,NO CONTROLS,CLEAR,DAYLIGHT,PARKED MOTOR VEHICLE,DIVIDED - W/MEDIAN (NOT RAISED),DRY,INJURY AND / OR TOW DUE TO CRASH,,true,"OVER $1,500",UNABLE TO DETERMINE,2,NO INDICATION OF INJURY,0,0,41.7679148419,-87.6296910005,60621,"CHICAGO MIDWAY AIRPORT, IL US",59.0,43.0,56.0,0.0,10.0,11.0
crash_09157,2025-08-08 19:24:00,2025,8,Aug,Fri,19,Night or early morning,30,TRAFFIC SIGNAL,CLEAR,DAYLIGHT,REAR END,DIVIDED - W/MEDIAN (NOT RAISED),DRY,NO INJURY / DRIVE AWAY,true,,"OVER $1,500",FOLLOWING TOO CLOSELY,2,NO INDICATION OF INJURY,0,0,41.9319080934,-87.7121292292,60647,"CHICAGO MIDWAY AIRPORT, IL US",88.0,68.0,52.0,0.0,10.0,13.0
crash_09158,2021-09-24 06:30:00,2021,9,Sep,Fri,6,Morning commute,30,TRAFFIC SIGNAL,CLEAR,DAYLIGHT,REAR END,NOT DIVIDED,DRY,NO INJURY / DRIVE AWAY,,true,"$501 - $1,500",FOLLOWING TOO CLOSELY,2,NO INDICATION OF INJURY,0,0,41.9091647147,-87.775449959,60651,"CHICAGO MIDWAY AIRPORT, IL US",52.0,41.0,66.0,0.0,10.0,7.0
crash_09159,2024-09-22 13:29:00,2024,9,Sep,Sun,13,Daytime,30,NO CONTROLS,RAIN,DAYLIGHT,PARKED MOTOR VEHICLE,NOT DIVIDED,SNOW OR SLUSH,NO INJURY / DRIVE AWAY,,true,"OVER $1,500",IMPROPER BACKING,2,NO INDICATION OF INJURY,0,0,41.941366364,-87.6445886548,60657,"CHICAGO MIDWAY AIRPORT, IL US",70.0,67.0,90.0,0.29,4.0,3.0
crash_09160,2018-11-09 19:15:00,2018,11,Nov,Fri,19,Night or early morning,30,TRAFFIC SIGNAL,CLEAR,DAYLIGHT,SIDESWIPE SAME DIRECTION,NOT DIVIDED,DRY,NO INJURY / DRIVE AWAY,,,"$501 - $1,500",UNABLE TO DETERMINE,2,NO INDICATION OF INJURY,0,0,41.884525461,-87.6372163925,60606,"CHICAGO MIDWAY AIRPORT, IL US",28.0,16.0,60.0,0.0,10.0,22.0
crash_09161,2023-07-04 23:28:00,2023,7,Jul,Tue,23,Night or early morning,35,UNKNOWN,CLEAR,"DARKNESS, LIGHTED ROAD",ANGLE,T-INTERSECTION,DRY,INJURY AND / OR TOW DUE TO CRASH,true,,"OVER $1,500",UNABLE TO DETERMINE,2,NONINCAPACITATING INJURY,6,0,41.7749870691,-87.5930949069,60637,"CHICAGO MIDWAY AIRPORT, IL US",81.0,67.0,62.0,0.0,5.0,6.0
crash_09162,2021-02-20 19:50:00,2021,2,Feb,Sat,19,Night or early morning,30,NO CONTROLS,CLEAR,"DARKNESS, LIGHTED ROAD",REAR END,DIVIDED - W/MEDIAN BARRIER,DRY,NO INJURY / DRIVE AWAY,,true,"$501 - $1,500",FAILING TO REDUCE SPEED TO AVOID CRASH,2,NO INDICATION OF INJURY,0,0,41.8761605284,-87.686125875,60612,"CHICAGO MIDWAY AIRPORT, IL US",24.0,13.0,62.0,0.0,10.0,7.0
crash_09163,2018-04-14 17:10:00,2018,4,Apr,Sat,17,Evening commute,30,STOP SIGN/FLASHER,RAIN,DUSK,TURNING,DIVIDED - W/MEDIAN (NOT RAISED),WET,INJURY AND / OR TOW DUE TO CRASH,true,,"OVER $1,500",FAILING TO YIELD RIGHT-OF-WAY,2,"REPORTED, NOT EVIDENT",2,0,41.885563235,-87.6602057899,60607,"CHICAGO MIDWAY AIRPORT, IL US",38.0,36.0,93.0,0.0,5.0,24.0
crash_09164,2023-05-23 11:10:00,2023,5,May,Tue,11,Daytime,10,NO CONTROLS,CLEAR,DAYLIGHT,PARKED MOTOR VEHICLE,PARKING LOT,DRY,NO INJURY / DRIVE AWAY,,,$500 OR LESS,UNABLE TO DETERMINE,2,NO INDICATION OF INJURY,0,0,41.8738018026,-87.7054920878,60612,"CHICAGO MIDWAY AIRPORT, IL US",79.0,46.0,31.0,0.0,10.0,0.0
crash_09165,2018-04-02 08:00:00,2018,4,Apr,Mon,8,Morning commute,30,NO CONTROLS,CLEAR,DAYLIGHT,REAR END,NOT DIVIDED,DRY,NO INJURY / DRIVE AWAY,,true,"$501 - $1,500",UNABLE TO DETERMINE,2,NO INDICATION OF INJURY,0,0,41.8444248308,-87.7051854523,60623,"CHICAGO MIDWAY AIRPORT, IL US",27.0,19.0,72.0,0.0,10.0,0.0
crash_09166,2023-09-20 09:00:00,2023,9,Sep,Wed,9,Morning commute,30,STOP SIGN/FLASHER,CLEAR,DAYLIGHT,ANGLE,FOUR WAY,DRY,NO INJURY / DRIVE AWAY,true,,"OVER $1,500",DISREGARDING STOP SIGN,2,NO INDICATION OF INJURY,0,0,41.785038767,-87.6499303532,60621,"CHICAGO MIDWAY AIRPORT, IL US",66.0,53.0,63.0,0.0,10.0,8.0
crash_09167,2020-06-20 14:14:00,2020,6,Jun,Sat,14,Daytime,30,TRAFFIC SIGNAL,CLEAR,DAYLIGHT,PARKED MOTOR VEHICLE,T-INTERSECTION,DRY,NO INJURY / DRIVE AWAY,,,"$501 - $1,500",UNABLE TO DETERMINE,2,NO INDICATION OF INJURY,0,0,41.677906847,-87.623547768,60628,"CHICAGO MIDWAY AIRPORT, IL US",89.0,60.0,38.0,0.0,10.0,16.0
crash_09168,2020-06-05 17:00:00,2020,6,Jun,Fri,17,Evening commute,30,NO CONTROLS,CLEAR,DAYLIGHT,OTHER OBJECT,NOT DIVIDED,DRY,INJURY AND / OR TOW DUE TO CRASH,,,"OVER $1,500",FAILING TO REDUCE SPEED TO AVOID CRASH,1,INCAPACITATING INJURY,1,0,41.8760041142,-87.7425193444,60644,"CHICAGO MIDWAY AIRPORT, IL US",88.0,63.0,43.0,0.0,10.0,6.0
crash_09169,2020-01-20 16:45:00,2020,1,Jan,Mon,16,Evening commute,35,TRAFFIC SIGNAL,CLEAR,DAYLIGHT,TURNING,FOUR WAY,DRY,INJURY AND / OR TOW DUE TO CRASH,true,true,"$501 - $1,500",IMPROPER TURNING/NO SIGNAL,2,"REPORTED, NOT EVIDENT",1,0,41.7512240943,-87.6148969613,60619,"CHICAGO MIDWAY AIRPORT, IL US",29.0,18.0,63.0,0.0,10.0,9.0
crash_09170,2019-08-07 16:45:00,2019,8,Aug,Wed,16,Evening commute,30,TRAFFIC SIGNAL,CLEAR,DAYLIGHT,REAR END,NOT DIVIDED,DRY,NO INJURY / DRIVE AWAY,,true,"OVER $1,500",FOLLOWING TOO CLOSELY,2,NO INDICATION OF INJURY,0,0,41.9908743372,-87.671785647,60660,"CHICAGO OHARE INTERNATIONAL AIRPORT, IL US",86.0,59.0,40.0,0.0,10.0,14.0
crash_09171,2021-10-06 00:53:00,2021,10,Oct,Wed,0,Night or early morning,30,NO CONTROLS,CLEAR,"DARKNESS, LIGHTED ROAD",ANGLE,NOT DIVIDED,DRY,INJURY AND / OR TOW DUE TO CRASH,true,true,"OVER $1,500",UNABLE TO DETERMINE,2,NONINCAPACITATING INJURY,1,0,41.8112614364,-87.606749972,60653,"CHICAGO MIDWAY AIRPORT, IL US",66.0,61.0,84.0,0.0,9.0,7.0
crash_09172,2019-11-23 19:01:00,2019,11,Nov,Sat,19,Night or early morning,35,NO CONTROLS,CLEAR,"DARKNESS, LIGHTED ROAD",HEAD ON,FOUR WAY,DRY,INJURY AND / OR TOW DUE TO CRASH,,,"OVER $1,500",UNDER THE INFLUENCE OF ALCOHOL/DRUGS (USE WHEN ARREST IS EFFECTED),2,NONINCAPACITATING INJURY,1,0,41.7581510931,-87.6232252723,60619,"CHICAGO MIDWAY AIRPORT, IL US",34.0,27.0,75.0,0.0,10.0,9.0
crash_09173,2019-10-30 15:50:00,2019,10,Oct,Wed,15,Evening commute,30,STOP SIGN/FLASHER,RAIN,DAYLIGHT,ANGLE,FOUR WAY,WET,NO INJURY / DRIVE AWAY,true,,"OVER $1,500",DISREGARDING STOP SIGN,2,NO INDICATION OF INJURY,0,0,41.7564048051,-87.6200325039,60619,"CHICAGO MIDWAY AIRPORT, IL US",43.0,39.0,87.0,0.01,5.0,11.0
crash_09174,2025-04-11 12:51:00,2025,4,Apr,Fri,12,Daytime,30,TRAFFIC SIGNAL,CLEAR,DAYLIGHT,SIDESWIPE SAME DIRECTION,FOUR WAY,DRY,NO INJURY / DRIVE AWAY,true,,"OVER $1,500",UNABLE TO DETERMINE,2,NO INDICATION OF INJURY,0,0,41.8061759778,-87.7429672879,60632,"CHICAGO MIDWAY AIRPORT, IL US",50.0,25.0,38.0,0.0,10.0,17.0
crash_09175,2022-03-05 18:00:00,2022,3,Mar,Sat,18,Evening commute,30,NO CONTROLS,CLEAR,DARKNESS,PARKED MOTOR VEHICLE,OTHER,UNKNOWN,NO INJURY / DRIVE AWAY,,false,"OVER $1,500",UNABLE TO DETERMINE,2,NO INDICATION OF INJURY,0,0,41.86682801,-87.625963269,60605,"CHICAGO MIDWAY AIRPORT, IL US",69.0,50.0,51.0,0.0,10.0,22.0
crash_09176,2023-11-05 11:45:00,2023,11,Nov,Sun,11,Daytime,30,NO CONTROLS,CLEAR,DAYLIGHT,SIDESWIPE OPPOSITE DIRECTION,NOT DIVIDED,DRY,NO INJURY / DRIVE AWAY,,,$500 OR LESS,UNABLE TO DETERMINE,2,NO INDICATION OF INJURY,0,0,41.7559958695,-87.5981753423,60619,"CHICAGO MIDWAY AIRPORT, IL US",57.0,37.0,47.0,0.0,10.0,11.0
crash_09177,2018-10-18 11:35:00,2018,10,Oct,Thu,11,Daytime,25,TRAFFIC SIGNAL,CLEAR,DAYLIGHT,SIDESWIPE SAME DIRECTION,NOT DIVIDED,DRY,NO INJURY / DRIVE AWAY,,,"OVER $1,500",IMPROPER LANE USAGE,2,NO INDICATION OF INJURY,0,0,42.0120620024,-87.6951755653,60645,"CHICAGO OHARE INTERNATIONAL AIRPORT, IL US",52.0,24.0,34.0,0.0,10.0,10.0
crash_09178,2019-12-19 03:00:00,2019,12,Dec,Thu,3,Night or early morning,25,NO CONTROLS,CLEAR,"DARKNESS, LIGHTED ROAD",PARKED MOTOR VEHICLE,NOT DIVIDED,DRY,NO INJURY / DRIVE AWAY,,true,"OVER $1,500",NOT APPLICABLE,2,NO INDICATION OF INJURY,0,0,41.7186978023,-87.5645086245,60617,"CHICAGO MIDWAY AIRPORT, IL US",16.0,2.0,54.0,0.0,10.0,7.0
crash_09179,2019-09-14 12:30:00,2019,9,Sep,Sat,12,Daytime,10,NO CONTROLS,CLEAR,DAYLIGHT,REAR TO SIDE,ALLEY,UNKNOWN,NO INJURY / DRIVE AWAY,,,"$501 - $1,500",IMPROPER OVERTAKING/PASSING,2,NO INDICATION OF INJURY,0,0,41.9561598681,-87.6736978696,60613,"CHICAGO MIDWAY AIRPORT, IL US",76.0,58.0,54.0,0.0,10.0,13.0
crash_09180,2018-10-15 17:26:00,2018,10,Oct,Mon,17,Evening commute,35,TRAFFIC SIGNAL,CLEAR,DAYLIGHT,TURNING,NOT DIVIDED,DRY,INJURY AND / OR TOW DUE TO CRASH,true,,"OVER $1,500",FAILING TO YIELD RIGHT-OF-WAY,2,NO INDICATION OF INJURY,0,0,41.7082766112,-87.5597262147,60617,"CHICAGO MIDWAY AIRPORT, IL US",46.0,25.0,44.0,0.0,10.0,13.0
crash_09181,2018-01-03 13:17:00,2018,1,Jan,Wed,13,Daytime,30,NO CONTROLS,SNOW,DAYLIGHT,PARKED MOTOR VEHICLE,ALLEY,ICE,NO INJURY / DRIVE AWAY,,,"OVER $1,500",WEATHER,2,NO INDICATION OF INJURY,0,0,42.0141326711,-87.6824940816,60645,"CHICAGO OHARE INTERNATIONAL AIRPORT, IL US",16.0,5.0,62.0,0.0,10.0,18.0
crash_09182,2024-02-04 07:00:00,2024,2,Feb,Sun,7,Morning commute,30,TRAFFIC SIGNAL,CLEAR,DAYLIGHT,ANGLE,UNKNOWN INTERSECTION TYPE,DRY,INJURY AND / OR TOW DUE TO CRASH,true,,"OVER $1,500",FAILING TO YIELD RIGHT-OF-WAY,2,NO INDICATION OF INJURY,0,0,41.891975608,-87.6145802709,60611,"CHICAGO MIDWAY AIRPORT, IL US",34.0,30.0,85.0,0.0,8.0,9.0
crash_09183,2018-10-14 16:40:00,2018,10,Oct,Sun,16,Evening commute,30,NO CONTROLS,CLEAR,DAYLIGHT,REAR END,DIVIDED - W/MEDIAN (NOT RAISED),DRY,INJURY AND / OR TOW DUE TO CRASH,,,"$501 - $1,500",FAILING TO REDUCE SPEED TO AVOID CRASH,2,INCAPACITATING INJURY,1,0,41.7972228134,-87.7533261718,60638,"CHICAGO MIDWAY AIRPORT, IL US",56.0,43.0,62.0,0.0,10.0,9.0
crash_09184,2021-04-20 14:10:00,2021,4,Apr,Tue,14,Daytime,30,NO CONTROLS,CLEAR,DAYLIGHT,PARKED MOTOR VEHICLE,OTHER,WET,NO INJURY / DRIVE AWAY,,,"OVER $1,500",FOLLOWING TOO CLOSELY,2,NO INDICATION OF INJURY,0,0,41.8738687639,-87.6805368293,60612,"CHICAGO MIDWAY AIRPORT, IL US",41.0,22.0,47.0,0.0,10.0,11.0
crash_09185,2022-11-17 16:38:00,2022,11,Nov,Thu,16,Evening commute,30,NO CONTROLS,CLEAR,"DARKNESS, LIGHTED ROAD",SIDESWIPE SAME DIRECTION,NOT DIVIDED,DRY,NO INJURY / DRIVE AWAY,,,"OVER $1,500",FAILING TO YIELD RIGHT-OF-WAY,2,NO INDICATION OF INJURY,0,0,41.9310210058,-87.6768640181,60614,"CHICAGO MIDWAY AIRPORT, IL US",32.0,23.0,69.0,0.0,9.0,15.0
crash_09186,2024-04-27 13:00:00,2024,4,Apr,Sat,13,Daytime,30,TRAFFIC SIGNAL,CLEAR,DAYLIGHT,REAR END,DIVIDED - W/MEDIAN BARRIER,DRY,NO INJURY / DRIVE AWAY,,,"OVER $1,500",FAILING TO REDUCE SPEED TO AVOID CRASH,2,NO INDICATION OF INJURY,0,0,41.7211376637,-87.5848335665,60617,"CHICAGO MIDWAY AIRPORT, IL US",78.0,62.0,58.0,0.0,10.0,18.0
crash_09187,2019-08-27 22:30:00,2019,8,Aug,Tue,22,Night or early morning,30,TRAFFIC SIGNAL,CLEAR,"DARKNESS, LIGHTED ROAD",PEDALCYCLIST,NOT DIVIDED,DRY,INJURY AND / OR TOW DUE TO CRASH,,true,$500 OR LESS,UNABLE TO DETERMINE,2,NONINCAPACITATING INJURY,1,0,41.9360415683,-87.6781183572,60657,"CHICAGO MIDWAY AIRPORT, IL US",70.0,54.0,57.0,0.0,10.0,10.0
crash_09188,2023-01-06 20:15:00,2023,1,Jan,Fri,20,Night or early morning,30,NO CONTROLS,CLEAR,DARKNESS,SIDESWIPE SAME DIRECTION,NOT DIVIDED,DRY,NO INJURY / DRIVE AWAY,,true,"OVER $1,500",UNABLE TO DETERMINE,2,NO INDICATION OF INJURY,0,0,41.8997415415,-87.6723457348,60622,"CHICAGO MIDWAY AIRPORT, IL US",26.0,18.0,71.0,0.0,10.0,0.0
crash_09189,2024-05-10 07:50:00,2024,5,May,Fri,7,Morning commute,30,TRAFFIC SIGNAL,CLEAR,DAYLIGHT,REAR END,NOT DIVIDED,DRY,NO INJURY / DRIVE AWAY,,,"$501 - $1,500",FAILING TO REDUCE SPEED TO AVOID CRASH,2,NO INDICATION OF INJURY,0,0,41.9313655524,-87.7663965288,60634,"CHICAGO OHARE INTERNATIONAL AIRPORT, IL US",51.0,44.0,77.0,0.0,10.0,3.0
crash_09190,2021-06-21 08:00:00,2021,6,Jun,Mon,8,Morning commute,30,NO CONTROLS,CLEAR,DAYLIGHT,PARKED MOTOR VEHICLE,NOT DIVIDED,DRY,NO INJURY / DRIVE AWAY,,true,"$501 - $1,500",UNABLE TO DETERMINE,2,NO INDICATION OF INJURY,0,0,41.9003887175,-87.7669512718,60651,"CHICAGO MIDWAY AIRPORT, IL US",66.0,53.0,63.0,0.0,10.0,17.0
crash_09191,2018-09-18 12:45:00,2018,9,Sep,Tue,12,Daytime,15,YIELD,CLEAR,DAYLIGHT,FIXED OBJECT,PARKING LOT,DRY,NO INJURY / DRIVE AWAY,,,"$501 - $1,500",UNABLE TO DETERMINE,1,NO INDICATION OF INJURY,0,0,41.817993716,-87.6215935643,60653,"CHICAGO MIDWAY AIRPORT, IL US",79.0,63.0,58.0,0.0,10.0,10.0