crash_id,crash_datetime,crash_year,crash_month,crash_month_name,crash_weekday_name,crash_hour,time_period,posted_speed_limit_mph,traffic_control_device,reported_weather_condition,reported_lighting_condition,first_crash_type,trafficway_type,reported_road_surface_condition,crash_type,intersection_related,hit_and_run,estimated_damage,primary_contributory_cause,unit_count,most_severe_injury,injuries_total,injuries_fatal,latitude,longitude,zip5,weather_station_name,temperature_f,dew_point_f,relative_humidity_percent,precipitation_inches,visibility_miles,wind_speed_mph
crash_09192,2023-04-08 12:30:00,2023,4,Apr,Sat,12,Daytime,30,TRAFFIC SIGNAL,CLEAR,DAYLIGHT,REAR END,NOT DIVIDED,UNKNOWN,NO INJURY / DRIVE AWAY,true,,"OVER $1,500",UNABLE TO DETERMINE,2,NO INDICATION OF INJURY,0,0,41.909655591,-87.7522825703,60639,"CHICAGO MIDWAY AIRPORT, IL US",60.0,28.0,30.0,0.0,10.0,11.0
crash_09193,2021-12-23 18:48:00,2021,12,Dec,Thu,18,Evening commute,30,TRAFFIC SIGNAL,CLEAR,"DARKNESS, LIGHTED ROAD",TURNING,CENTER TURN LANE,DRY,INJURY AND / OR TOW DUE TO CRASH,true,,"OVER $1,500",UNABLE TO DETERMINE,2,"REPORTED, NOT EVIDENT",1,0,41.7994838255,-87.5874420363,60615,"CHICAGO MIDWAY AIRPORT, IL US",44.0,37.0,76.0,0.0,10.0,6.0
crash_09194,2020-02-08 08:00:00,2020,2,Feb,Sat,8,Morning commute,35,NO CONTROLS,CLEAR,DAYLIGHT,FIXED OBJECT,DIVIDED - W/MEDIAN BARRIER,DRY,INJURY AND / OR TOW DUE TO CRASH,,,"OVER $1,500",UNABLE TO DETERMINE,1,NO INDICATION OF INJURY,0,0,41.733749478,-87.5403460256,60617,"CHICAGO MIDWAY AIRPORT, IL US",27.0,24.0,89.0,0.0,7.0,6.0
crash_09195,2018-11-14 06:30:00,2018,11,Nov,Wed,6,Morning commute,30,TRAFFIC SIGNAL,CLEAR,DAWN,FIXED OBJECT,DIVIDED - W/MEDIAN (NOT RAISED),DRY,INJURY AND / OR TOW DUE TO CRASH,,,"OVER $1,500",DISREGARDING OTHER TRAFFIC SIGNS,1,NO INDICATION OF INJURY,0,0,41.9105551163,-87.6651783591,60642,"CHICAGO MIDWAY AIRPORT, IL US",20.0,7.0,57.0,0.0,10.0,7.0
crash_09196,2023-12-22 20:51:00,2023,12,Dec,Fri,20,Night or early morning,30,STOP SIGN/FLASHER,RAIN,"DARKNESS, LIGHTED ROAD",ANGLE,ONE-WAY,WET,NO INJURY / DRIVE AWAY,true,true,"OVER $1,500",FAILING TO YIELD RIGHT-OF-WAY,2,NO INDICATION OF INJURY,0,0,41.9472861222,-87.8010615613,60634,"CHICAGO OHARE INTERNATIONAL AIRPORT, IL US",44.0,43.0,96.0,0.07,4.0,6.0
crash_09197,2024-08-20 18:58:00,2024,8,Aug,Tue,18,Evening commute,35,NO CONTROLS,CLEAR,DAYLIGHT,PARKED MOTOR VEHICLE,ONE-WAY,DRY,NO INJURY / DRIVE AWAY,,true,"OVER $1,500",NOT APPLICABLE,2,NO INDICATION OF INJURY,0,0,41.6591566905,-87.6399365191,60628,"CHICAGO MIDWAY AIRPORT, IL US",67.0,49.0,53.0,0.0,10.0,9.0
crash_09198,2018-01-24 11:00:00,2018,1,Jan,Wed,11,Daytime,30,TRAFFIC SIGNAL,CLEAR,DAYLIGHT,REAR END,DIVIDED - W/MEDIAN BARRIER,DRY,NO INJURY / DRIVE AWAY,,,"$501 - $1,500",UNABLE TO DETERMINE,2,NO INDICATION OF INJURY,0,0,42.0002812,-87.6605581377,60626,"CHICAGO OHARE INTERNATIONAL AIRPORT, IL US",29.0,22.0,75.0,0.0,10.0,7.0
crash_09199,2018-08-15 09:16:00,2018,8,Aug,Wed,9,Morning commute,40,NO CONTROLS,CLEAR,DAYLIGHT,REAR END,DIVIDED - W/MEDIAN BARRIER,DRY,INJURY AND / OR TOW DUE TO CRASH,,,"OVER $1,500",FOLLOWING TOO CLOSELY,2,NONINCAPACITATING INJURY,1,0,41.9428746318,-87.6401809398,60657,"CHICAGO MIDWAY AIRPORT, IL US",79.0,69.0,72.0,0.0,10.0,5.0
crash_09200,2019-10-31 07:30:00,2019,10,Oct,Thu,7,Morning commute,30,NO CONTROLS,RAIN,UNKNOWN,PARKED MOTOR VEHICLE,DIVIDED - W/MEDIAN (NOT RAISED),WET,NO INJURY / DRIVE AWAY,,true,"OVER $1,500",UNABLE TO DETERMINE,2,NO INDICATION OF INJURY,0,0,41.9684660099,-87.6933672257,60625,"CHICAGO OHARE INTERNATIONAL AIRPORT, IL US",32.0,30.0,92.0,0.01,2.0,17.0
crash_09201,2025-04-02 07:50:00,2025,4,Apr,Wed,7,Morning commute,30,NO CONTROLS,RAIN,DAYLIGHT,SIDESWIPE SAME DIRECTION,DIVIDED - W/MEDIAN (NOT RAISED),WET,NO INJURY / DRIVE AWAY,,,"OVER $1,500",IMPROPER LANE USAGE,2,NO INDICATION OF INJURY,0,0,41.8762678863,-87.6766767723,60612,"CHICAGO MIDWAY AIRPORT, IL US",44.0,40.0,85.0,0.12,2.5,17.0
crash_09202,2022-12-22 13:35:00,2022,12,Dec,Thu,13,Daytime,30,TRAFFIC SIGNAL,SNOW,DAYLIGHT,TURNING,NOT DIVIDED,SNOW OR SLUSH,NO INJURY / DRIVE AWAY,true,,"OVER $1,500",FAILING TO YIELD RIGHT-OF-WAY,2,NO INDICATION OF INJURY,0,0,41.9237190156,-87.7939169789,60707,"CHICAGO OHARE INTERNATIONAL AIRPORT, IL US",19.0,14.0,81.0,0.01,0.75,21.0
crash_09203,2025-07-10 12:15:00,2025,7,Jul,Thu,12,Daytime,30,NO CONTROLS,CLEAR,DAYLIGHT,TURNING,DIVIDED - W/MEDIAN (NOT RAISED),DRY,NO INJURY / DRIVE AWAY,,,"OVER $1,500",UNABLE TO DETERMINE,2,NO INDICATION OF INJURY,0,0,41.742422442,-87.7134626197,60652,"CHICAGO MIDWAY AIRPORT, IL US",81.0,62.0,53.0,0.0,10.0,9.0
crash_09204,2022-07-29 11:45:00,2022,7,Jul,Fri,11,Daytime,35,NO CONTROLS,CLEAR,DAYLIGHT,REAR END,NOT DIVIDED,DRY,NO INJURY / DRIVE AWAY,,,"OVER $1,500",NOT APPLICABLE,3,NO INDICATION OF INJURY,0,0,41.9614217264,-87.6887469798,60625,"CHICAGO OHARE INTERNATIONAL AIRPORT, IL US",77.0,53.0,43.0,0.0,10.0,10.0
crash_09205,2020-06-22 00:13:00,2020,6,Jun,Mon,0,Night or early morning,30,TRAFFIC SIGNAL,CLEAR,"DARKNESS, LIGHTED ROAD",TURNING,FOUR WAY,DRY,NO INJURY / DRIVE AWAY,true,,"OVER $1,500",IMPROPER TURNING/NO SIGNAL,2,NO INDICATION OF INJURY,0,0,41.9282262596,-87.7267310198,60647,"CHICAGO MIDWAY AIRPORT, IL US",74.0,67.0,79.0,0.0,10.0,6.0
crash_09206,2024-10-05 19:44:00,2024,10,Oct,Sat,19,Night or early morning,30,TRAFFIC SIGNAL,CLEAR,DAWN,ANGLE,TRAFFIC ROUTE,DRY,INJURY AND / OR TOW DUE TO CRASH,,,"OVER $1,500",UNABLE TO DETERMINE,2,NONINCAPACITATING INJURY,1,0,41.8558837169,-87.6443001594,60616,"CHICAGO MIDWAY AIRPORT, IL US",81.0,53.0,38.0,0.0,10.0,15.0
crash_09207,2020-07-10 21:00:00,2020,7,Jul,Fri,21,Night or early morning,20,STOP SIGN/FLASHER,CLEAR,DAYLIGHT,ANGLE,ONE-WAY,DRY,NO INJURY / DRIVE AWAY,,true,"OVER $1,500",UNABLE TO DETERMINE,2,NO INDICATION OF INJURY,0,0,41.7757613685,-87.6615326667,60636,"CHICAGO MIDWAY AIRPORT, IL US",80.0,61.0,52.0,0.0,10.0,8.0
crash_09208,2021-07-19 09:30:00,2021,7,Jul,Mon,9,Morning commute,20,NO CONTROLS,CLEAR,DAYLIGHT,PARKED MOTOR VEHICLE,NOT DIVIDED,DRY,NO INJURY / DRIVE AWAY,,true,"OVER $1,500",UNABLE TO DETERMINE,2,NO INDICATION OF INJURY,0,0,41.7450497057,-87.5626323139,60617,"CHICAGO MIDWAY AIRPORT, IL US",79.0,65.0,62.0,0.0,10.0,0.0
crash_09209,2019-07-02 13:04:00,2019,7,Jul,Tue,13,Daytime,40,STOP SIGN/FLASHER,CLEAR,DAYLIGHT,ANGLE,UNKNOWN INTERSECTION TYPE,DRY,INJURY AND / OR TOW DUE TO CRASH,true,,"OVER $1,500",UNABLE TO DETERMINE,2,NO INDICATION OF INJURY,0,0,41.764185795,-87.5864263891,60619,"CHICAGO MIDWAY AIRPORT, IL US",91.0,71.0,52.0,0.0,10.0,13.0
crash_09210,2021-05-17 02:00:00,2021,5,May,Mon,2,Night or early morning,30,TRAFFIC SIGNAL,CLEAR,DAYLIGHT,REAR END,NOT DIVIDED,DRY,NO INJURY / DRIVE AWAY,,,"OVER $1,500",FOLLOWING TOO CLOSELY,2,NO INDICATION OF INJURY,0,0,41.9453384125,-87.8071547691,60634,"CHICAGO OHARE INTERNATIONAL AIRPORT, IL US",60.0,46.0,60.0,0.0,10.0,6.0
crash_09211,2024-03-03 16:40:00,2024,3,Mar,Sun,16,Evening commute,30,TRAFFIC SIGNAL,UNKNOWN,UNKNOWN,REAR END,FOUR WAY,UNKNOWN,NO INJURY / DRIVE AWAY,,true,"$501 - $1,500",UNABLE TO DETERMINE,2,NO INDICATION OF INJURY,0,0,41.9310078924,-87.7562588459,60639,"CHICAGO OHARE INTERNATIONAL AIRPORT, IL US",70.0,38.0,31.0,0.0,10.0,23.0
crash_09212,2021-07-27 17:49:00,2021,7,Jul,Tue,17,Evening commute,45,TRAFFIC SIGNAL,CLEAR,DAYLIGHT,SIDESWIPE SAME DIRECTION,DIVIDED - W/MEDIAN BARRIER,DRY,INJURY AND / OR TOW DUE TO CRASH,,,"$501 - $1,500",NOT APPLICABLE,2,NO INDICATION OF INJURY,0,0,41.8964847473,-87.6162709173,60611,"CHICAGO MIDWAY AIRPORT, IL US",87.0,62.0,43.0,0.0,10.0,11.0
crash_09213,2025-09-26 12:20:00,2025,9,Sep,Fri,12,Daytime,30,NO CONTROLS,CLEAR,DAYLIGHT,SIDESWIPE SAME DIRECTION,NOT DIVIDED,DRY,INJURY AND / OR TOW DUE TO CRASH,,,"OVER $1,500",IMPROPER LANE USAGE,2,NO INDICATION OF INJURY,0,0,41.9531226768,-87.7792848936,60634,,,,,,,
crash_09214,2021-01-29 07:45:00,2021,1,Jan,Fri,7,Morning commute,30,TRAFFIC SIGNAL,CLEAR,DAYLIGHT,TURNING,DIVIDED - W/MEDIAN (NOT RAISED),DRY,NO INJURY / DRIVE AWAY,,,"OVER $1,500",UNABLE TO DETERMINE,2,NO INDICATION OF INJURY,0,0,41.9934022405,-87.8219683868,60631,"CHICAGO OHARE INTERNATIONAL AIRPORT, IL US",19.0,10.0,68.0,0.0,10.0,6.0
crash_09215,2018-03-29 15:25:00,2018,3,Mar,Thu,15,Evening commute,30,NO CONTROLS,CLEAR,DAYLIGHT,SIDESWIPE SAME DIRECTION,NOT DIVIDED,DRY,NO INJURY / DRIVE AWAY,,,"OVER $1,500",FAILING TO YIELD RIGHT-OF-WAY,2,NO INDICATION OF INJURY,0,0,41.9677548101,-87.7608178588,60630,"CHICAGO OHARE INTERNATIONAL AIRPORT, IL US",41.0,32.0,70.0,0.0,10.0,16.0
crash_09216,2021-02-17 14:00:00,2021,2,Feb,Wed,14,Daytime,30,UNKNOWN,UNKNOWN,UNKNOWN,PARKED MOTOR VEHICLE,ONE-WAY,UNKNOWN,NO INJURY / DRIVE AWAY,,true,"OVER $1,500",UNABLE TO DETERMINE,2,NO INDICATION OF INJURY,0,0,41.8571307128,-87.7263670874,60623,"CHICAGO MIDWAY AIRPORT, IL US",24.0,6.0,46.0,0.0,10.0,0.0
crash_09217,2019-08-12 17:28:00,2019,8,Aug,Mon,17,Evening commute,30,NO CONTROLS,RAIN,DAYLIGHT,SIDESWIPE SAME DIRECTION,DIVIDED - W/MEDIAN (NOT RAISED),WET,NO INJURY / DRIVE AWAY,,true,"$501 - $1,500",UNABLE TO DETERMINE,2,NO INDICATION OF INJURY,0,0,41.691380293,-87.5977266601,60628,"CHICAGO MIDWAY AIRPORT, IL US",74.0,73.0,97.0,0.29,2.0,7.0
crash_09218,2022-01-20 14:30:00,2022,1,Jan,Thu,14,Daytime,30,TRAFFIC SIGNAL,CLEAR,DAYLIGHT,TURNING,DIVIDED - W/MEDIAN (NOT RAISED),DRY,NO INJURY / DRIVE AWAY,,,"OVER $1,500",UNABLE TO DETERMINE,2,NO INDICATION OF INJURY,0,0,41.9905081606,-87.7067186782,60659,"CHICAGO OHARE INTERNATIONAL AIRPORT, IL US",18.0,-2.0,41.0,0.0,10.0,8.0
crash_09219,2020-10-12 08:30:00,2020,10,Oct,Mon,8,Morning commute,30,TRAFFIC SIGNAL,CLOUDY/OVERCAST,DAYLIGHT,TURNING,DIVIDED - W/MEDIAN (NOT RAISED),DRY,INJURY AND / OR TOW DUE TO CRASH,true,,"OVER $1,500",FAILING TO REDUCE SPEED TO AVOID CRASH,2,"REPORTED, NOT EVIDENT",1,0,41.8092714491,-87.6308912136,60609,"CHICAGO MIDWAY AIRPORT, IL US",64.0,59.0,84.0,0.0,8.0,14.0
crash_09220,2020-12-26 13:10:00,2020,12,Dec,Sat,13,Daytime,35,TRAFFIC SIGNAL,CLEAR,DAYLIGHT,ANGLE,FOUR WAY,DRY,INJURY AND / OR TOW DUE TO CRASH,true,,"OVER $1,500",UNABLE TO DETERMINE,2,"REPORTED, NOT EVIDENT",1,0,41.7492988904,-87.7389899868,60652,"CHICAGO MIDWAY AIRPORT, IL US",32.0,14.0,47.0,0.0,10.0,0.0
crash_09221,2023-10-20 16:15:00,2023,10,Oct,Fri,16,Evening commute,30,NO CONTROLS,CLEAR,DAYLIGHT,PARKED MOTOR VEHICLE,ONE-WAY,DRY,NO INJURY / DRIVE AWAY,,true,"OVER $1,500",UNABLE TO DETERMINE,2,NO INDICATION OF INJURY,0,0,41.899365237,-87.7165903671,60651,"CHICAGO MIDWAY AIRPORT, IL US",59.0,43.0,56.0,0.0,10.0,11.0
crash_09222,2024-04-29 08:25:00,2024,4,Apr,Mon,8,Morning commute,30,STOP SIGN/FLASHER,CLEAR,DAYLIGHT,TURNING,NOT DIVIDED,WET,NO INJURY / DRIVE AWAY,true,,"$501 - $1,500",UNABLE TO DETERMINE,2,NO INDICATION OF INJURY,0,0,41.7400615784,-87.614768401,60619,"CHICAGO MIDWAY AIRPORT, IL US",63.0,59.0,87.0,0.0,10.0,8.0
crash_09223,2025-07-23 10:10:00,2025,7,Jul,Wed,10,Daytime,30,NO CONTROLS,CLEAR,DAYLIGHT,PARKED MOTOR VEHICLE,NOT DIVIDED,DRY,NO INJURY / DRIVE AWAY,,,"OVER $1,500",IMPROPER TURNING/NO SIGNAL,2,NO INDICATION OF INJURY,0,0,41.8444687703,-87.7166236813,60623,"CHICAGO MIDWAY AIRPORT, IL US",83.0,68.0,61.0,0.0,10.0,13.0
crash_09224,2025-09-06 10:45:00,2025,9,Sep,Sat,10,Daytime,30,NO CONTROLS,CLEAR,DAYLIGHT,REAR END,DIVIDED - W/MEDIAN (NOT RAISED),UNKNOWN,NO INJURY / DRIVE AWAY,,true,$500 OR LESS,UNABLE TO DETERMINE,2,NO INDICATION OF INJURY,0,0,41.7370544323,-87.5834855814,60617,,,,,,,
crash_09225,2018-02-28 14:00:00,2018,2,Feb,Wed,14,Daytime,30,NO CONTROLS,CLEAR,DAYLIGHT,PARKED MOTOR VEHICLE,PARKING LOT,DRY,NO INJURY / DRIVE AWAY,,true,"OVER $1,500",NOT APPLICABLE,2,NO INDICATION OF INJURY,0,0,41.8074412435,-87.748566779,60638,"CHICAGO MIDWAY AIRPORT, IL US",53.0,42.0,66.0,0.0,10.0,10.0
crash_09226,2020-03-10 17:40:00,2020,3,Mar,Tue,17,Evening commute,30,TRAFFIC SIGNAL,CLEAR,DAYLIGHT,ANGLE,FOUR WAY,DRY,INJURY AND / OR TOW DUE TO CRASH,true,,"OVER $1,500",FAILING TO YIELD RIGHT-OF-WAY,2,NO INDICATION OF INJURY,0,0,41.8924106658,-87.63720268,60654,"CHICAGO MIDWAY AIRPORT, IL US",39.0,29.0,67.0,0.0,10.0,7.0
crash_09227,2023-07-31 22:00:00,2023,7,Jul,Mon,22,Night or early morning,35,NO CONTROLS,UNKNOWN,UNKNOWN,PARKED MOTOR VEHICLE,DIVIDED - W/MEDIAN (NOT RAISED),UNKNOWN,INJURY AND / OR TOW DUE TO CRASH,,true,"$501 - $1,500",UNABLE TO DETERMINE,2,NO INDICATION OF INJURY,0,0,41.7103046131,-87.551984011,60617,"CHICAGO MIDWAY AIRPORT, IL US",74.0,57.0,56.0,0.0,10.0,5.0
crash_09228,2018-05-04 21:46:00,2018,5,May,Fri,21,Night or early morning,30,NO CONTROLS,CLEAR,"DARKNESS, LIGHTED ROAD",PARKED MOTOR VEHICLE,ONE-WAY,DRY,INJURY AND / OR TOW DUE TO CRASH,,,"OVER $1,500",UNABLE TO DETERMINE,2,"REPORTED, NOT EVIDENT",1,0,41.7926437117,-87.6222642409,60637,"CHICAGO MIDWAY AIRPORT, IL US",69.0,47.0,45.0,0.0,10.0,7.0
crash_09229,2019-06-17 10:35:00,2019,6,Jun,Mon,10,Daytime,30,TRAFFIC SIGNAL,CLOUDY/OVERCAST,DAYLIGHT,TURNING,FOUR WAY,DRY,NO INJURY / DRIVE AWAY,true,,"OVER $1,500","DISTRACTION - OTHER ELECTRONIC DEVICE (NAVIGATION DEVICE, DVD PLAYER, ETC.)",2,NO INDICATION OF INJURY,0,0,,,,,,,,,,
crash_09230,2021-05-26 12:55:00,2021,5,May,Wed,12,Daytime,30,NO CONTROLS,CLEAR,DAYLIGHT,OTHER OBJECT,NOT DIVIDED,DRY,INJURY AND / OR TOW DUE TO CRASH,,,"OVER $1,500",UNABLE TO DETERMINE,2,NONINCAPACITATING INJURY,1,0,41.8867593234,-87.7259881688,60624,"CHICAGO MIDWAY AIRPORT, IL US",79.0,49.0,35.0,0.0,10.0,15.0
crash_09231,2018-08-01 11:00:00,2018,8,Aug,Wed,11,Daytime,35,NO CONTROLS,CLEAR,DAYLIGHT,PARKED MOTOR VEHICLE,DIVIDED - W/MEDIAN (NOT RAISED),DRY,NO INJURY / DRIVE AWAY,,true,"$501 - $1,500",UNABLE TO DETERMINE,4,NO INDICATION OF INJURY,0,0,41.8705904208,-87.6713178433,60612,"CHICAGO MIDWAY AIRPORT, IL US",80.0,59.0,49.0,0.0,10.0,8.0
crash_09232,2021-01-19 22:15:00,2021,1,Jan,Tue,22,Night or early morning,30,NO CONTROLS,SNOW,"DARKNESS, LIGHTED ROAD",REAR END,ONE-WAY,SNOW OR SLUSH,NO INJURY / DRIVE AWAY,,,"$501 - $1,500",WEATHER,2,NO INDICATION OF INJURY,0,0,41.7563200058,-87.6264755773,60620,"CHICAGO MIDWAY AIRPORT, IL US",29.0,23.0,78.0,0.0,6.0,16.0
crash_09233,2018-11-08 10:30:00,2018,11,Nov,Thu,10,Daytime,5,NO CONTROLS,CLEAR,DAYLIGHT,PARKED MOTOR VEHICLE,PARKING LOT,DRY,NO INJURY / DRIVE AWAY,,true,"OVER $1,500",UNABLE TO DETERMINE,2,NO INDICATION OF INJURY,0,0,41.9851598284,-87.6988182985,60659,"CHICAGO OHARE INTERNATIONAL AIRPORT, IL US",35.0,24.0,64.0,0.0,10.0,3.0
crash_09234,2018-06-23 08:20:00,2018,6,Jun,Sat,8,Morning commute,15,NO CONTROLS,CLOUDY/OVERCAST,DAYLIGHT,FIXED OBJECT,DRIVEWAY,DRY,INJURY AND / OR TOW DUE TO CRASH,,,"OVER $1,500",FOLLOWING TOO CLOSELY,1,NO INDICATION OF INJURY,0,0,41.9630037457,-87.6594541987,60640,"CHICAGO MIDWAY AIRPORT, IL US",66.0,59.0,78.0,0.0,10.0,7.0
crash_09235,2020-05-22 15:17:00,2020,5,May,Fri,15,Evening commute,30,NO CONTROLS,CLEAR,DAYLIGHT,TURNING,NOT DIVIDED,DRY,INJURY AND / OR TOW DUE TO CRASH,,,"OVER $1,500",UNABLE TO DETERMINE,3,NO INDICATION OF INJURY,0,0,41.7926592361,-87.6546899634,60621,"CHICAGO MIDWAY AIRPORT, IL US",65.0,56.0,73.0,0.0,10.0,7.0
crash_09236,2022-05-10 17:20:00,2022,5,May,Tue,17,Evening commute,30,STOP SIGN/FLASHER,CLEAR,DAYLIGHT,ANGLE,NOT DIVIDED,DRY,NO INJURY / DRIVE AWAY,,,"$501 - $1,500",FAILING TO YIELD RIGHT-OF-WAY,2,NO INDICATION OF INJURY,0,0,41.6535913644,-87.548529068,60633,"CHICAGO MIDWAY AIRPORT, IL US",92.0,67.0,44.0,0.0,10.0,15.0
crash_09237,2019-12-07 10:30:00,2019,12,Dec,Sat,10,Daytime,30,TRAFFIC SIGNAL,CLEAR,DAYLIGHT,TURNING,NOT DIVIDED,DRY,NO INJURY / DRIVE AWAY,,true,"OVER $1,500",IMPROPER LANE USAGE,2,NO INDICATION OF INJURY,0,0,41.8580626576,-87.6467952716,60608,"CHICAGO MIDWAY AIRPORT, IL US",34.0,24.0,67.0,0.0,10.0,11.0
crash_09238,2024-09-02 04:25:00,2024,9,Sep,Mon,4,Night or early morning,30,NO CONTROLS,CLEAR,"DARKNESS, LIGHTED ROAD",PARKED MOTOR VEHICLE,ONE-WAY,DRY,NO INJURY / DRIVE AWAY,,,"OVER $1,500",NOT APPLICABLE,2,NO INDICATION OF INJURY,0,0,41.9260712954,-87.6438227172,60614,"CHICAGO MIDWAY AIRPORT, IL US",67.0,49.0,53.0,0.0,10.0,9.0
crash_09239,2023-09-02 18:45:00,2023,9,Sep,Sat,18,Evening commute,40,NO CONTROLS,CLEAR,DAYLIGHT,REAR END,DIVIDED - W/MEDIAN BARRIER,DRY,NO INJURY / DRIVE AWAY,,,"$501 - $1,500",UNABLE TO DETERMINE,2,NO INDICATION OF INJURY,0,0,41.8622004996,-87.6181872332,60605,"CHICAGO MIDWAY AIRPORT, IL US",83.0,53.0,36.0,0.0,10.0,11.0
crash_09240,2023-05-12 18:50:00,2023,5,May,Fri,18,Evening commute,30,NO CONTROLS,RAIN,DAYLIGHT,SIDESWIPE SAME DIRECTION,DIVIDED - W/MEDIAN (NOT RAISED),WET,NO INJURY / DRIVE AWAY,,,"OVER $1,500",FAILING TO YIELD RIGHT-OF-WAY,2,NO INDICATION OF INJURY,0,0,41.9466295076,-87.6876057143,60618,"CHICAGO MIDWAY AIRPORT, IL US",65.0,62.0,90.0,0.16,2.0,8.0
crash_09241,2018-10-26 20:10:00,2018,10,Oct,Fri,20,Night or early morning,30,STOP SIGN/FLASHER,CLEAR,DARKNESS,REAR END,DIVIDED - W/MEDIAN (NOT RAISED),DRY,NO INJURY / DRIVE AWAY,,,"$501 - $1,500",FOLLOWING TOO CLOSELY,2,NO INDICATION OF INJURY,0,0,41.775537904,-87.5861457093,60649,"CHICAGO MIDWAY AIRPORT, IL US",50.0,41.0,71.0,0.0,10.0,10.0
crash_09242,2023-01-25 09:00:00,2023,1,Jan,Wed,9,Morning commute,15,NO CONTROLS,SNOW,DAYLIGHT,FIXED OBJECT,PARKING LOT,SNOW OR SLUSH,NO INJURY / DRIVE AWAY,,,"OVER $1,500",UNABLE TO DETERMINE,1,NO INDICATION OF INJURY,0,0,41.7783238698,-87.753449851,60638,"CHICAGO MIDWAY AIRPORT, IL US",34.0,32.0,92.0,0.01,2.5,8.0
crash_09243,2020-02-19 14:00:00,2020,2,Feb,Wed,14,Daytime,10,NO CONTROLS,CLEAR,DAYLIGHT,PARKED MOTOR VEHICLE,DRIVEWAY,DRY,NO INJURY / DRIVE AWAY,,,"OVER $1,500",UNABLE TO DETERMINE,2,NO INDICATION OF INJURY,0,0,41.8622732257,-87.6927031911,60608,"CHICAGO MIDWAY AIRPORT, IL US",30.0,4.0,33.0,0.0,10.0,6.0
crash_09244,2022-12-14 12:15:00,2022,12,Dec,Wed,12,Daytime,25,TRAFFIC SIGNAL,RAIN,DAYLIGHT,REAR END,NOT DIVIDED,WET,NO INJURY / DRIVE AWAY,,,"$501 - $1,500",FOLLOWING TOO CLOSELY,2,NO INDICATION OF INJURY,0,0,41.7356419356,-87.6821308652,60620,"CHICAGO MIDWAY AIRPORT, IL US",43.0,40.0,89.0,,2.0,13.0
crash_09245,2018-05-30 21:30:00,2018,5,May,Wed,21,Night or early morning,5,NO CONTROLS,CLEAR,"DARKNESS, LIGHTED ROAD",PARKED MOTOR VEHICLE,PARKING LOT,DRY,NO INJURY / DRIVE AWAY,,true,"$501 - $1,500",UNABLE TO DETERMINE,2,NO INDICATION OF INJURY,0,0,41.9606458833,-87.7080815092,60618,"CHICAGO OHARE INTERNATIONAL AIRPORT, IL US",72.0,69.0,91.0,0.0,10.0,7.0
crash_09246,2020-03-23 22:28:00,2020,3,Mar,Mon,22,Night or early morning,35,TRAFFIC SIGNAL,CLEAR,"DARKNESS, LIGHTED ROAD",SIDESWIPE SAME DIRECTION,FOUR WAY,DRY,INJURY AND / OR TOW DUE TO CRASH,,,"$501 - $1,500",FAILING TO YIELD RIGHT-OF-WAY,2,NONINCAPACITATING INJURY,1,0,41.7860247351,-87.5867384664,60637,"CHICAGO MIDWAY AIRPORT, IL US",35.0,32.0,89.0,0.0,6.0,3.0
crash_09247,2018-08-20 15:28:00,2018,8,Aug,Mon,15,Evening commute,30,UNKNOWN,CLEAR,DAYLIGHT,ANGLE,DIVIDED - W/MEDIAN (NOT RAISED),DRY,INJURY AND / OR TOW DUE TO CRASH,true,,"OVER $1,500",UNABLE TO DETERMINE,2,NO INDICATION OF INJURY,0,0,41.8614995281,-87.6660966792,60608,"CHICAGO MIDWAY AIRPORT, IL US",77.0,72.0,85.0,0.0,8.0,14.0
crash_09248,2021-10-16 14:30:00,2021,10,Oct,Sat,14,Daytime,15,NO CONTROLS,UNKNOWN,UNKNOWN,OTHER OBJECT,PARKING LOT,DRY,NO INJURY / DRIVE AWAY,,true,"OVER $1,500",UNABLE TO DETERMINE,2,NO INDICATION OF INJURY,0,0,41.8925183008,-87.6185024269,60611,"CHICAGO MIDWAY AIRPORT, IL US",59.0,31.0,35.0,0.0,10.0,16.0
crash_09249,2019-12-16 07:45:00,2019,12,Dec,Mon,7,Morning commute,35,TRAFFIC SIGNAL,CLEAR,DAYLIGHT,REAR END,UNKNOWN,DRY,NO INJURY / DRIVE AWAY,,,"OVER $1,500",UNABLE TO DETERMINE,2,NO INDICATION OF INJURY,0,0,41.8121305219,-87.6652082529,60609,"CHICAGO MIDWAY AIRPORT, IL US",27.0,22.0,81.0,0.0,7.0,7.0
crash_09250,2024-11-12 09:00:00,2024,11,Nov,Tue,9,Morning commute,30,NO CONTROLS,UNKNOWN,UNKNOWN,PARKED MOTOR VEHICLE,DIVIDED - W/MEDIAN (NOT RAISED),UNKNOWN,NO INJURY / DRIVE AWAY,,true,"OVER $1,500",UNABLE TO DETERMINE,2,NO INDICATION OF INJURY,0,0,41.9446987236,-87.7468791921,60641,"CHICAGO OHARE INTERNATIONAL AIRPORT, IL US",46.0,35.0,66.0,0.0,10.0,13.0
crash_09251,2025-06-06 14:00:00,2025,6,Jun,Fri,14,Daytime,20,STOP SIGN/FLASHER,CLEAR,DAYLIGHT,ANGLE,FOUR WAY,DRY,INJURY AND / OR TOW DUE TO CRASH,true,,"OVER $1,500",FAILING TO YIELD RIGHT-OF-WAY,2,NO INDICATION OF INJURY,0,0,41.701365194,-87.6413896873,60628,"CHICAGO MIDWAY AIRPORT, IL US",77.0,49.0,37.0,0.0,8.0,9.0
crash_09252,2024-10-30 15:54:00,2024,10,Oct,Wed,15,Evening commute,30,STOP SIGN/FLASHER,CLEAR,DAYLIGHT,ANGLE,FOUR WAY,DRY,INJURY AND / OR TOW DUE TO CRASH,true,,"OVER $1,500",FAILING TO YIELD RIGHT-OF-WAY,2,NO INDICATION OF INJURY,0,0,41.890077898,-87.6477560898,60642,"CHICAGO MIDWAY AIRPORT, IL US",80.0,57.0,45.0,0.0,10.0,18.0