crash_id,crash_datetime,crash_year,crash_month,crash_month_name,crash_weekday_name,crash_hour,time_period,posted_speed_limit_mph,traffic_control_device,reported_weather_condition,reported_lighting_condition,first_crash_type,trafficway_type,reported_road_surface_condition,crash_type,intersection_related,hit_and_run,estimated_damage,primary_contributory_cause,unit_count,most_severe_injury,injuries_total,injuries_fatal,latitude,longitude,zip5,weather_station_name,temperature_f,dew_point_f,relative_humidity_percent,precipitation_inches,visibility_miles,wind_speed_mph
crash_09253,2018-03-25 09:45:00,2018,3,Mar,Sun,9,Morning commute,30,TRAFFIC SIGNAL,CLEAR,DAYLIGHT,REAR END,DIVIDED - W/MEDIAN (NOT RAISED),DRY,INJURY AND / OR TOW DUE TO CRASH,true,,"OVER $1,500",EQUIPMENT - VEHICLE CONDITION,3,NONINCAPACITATING INJURY,2,0,41.9607588931,-87.7527419467,60630,"CHICAGO OHARE INTERNATIONAL AIRPORT, IL US",33.0,16.0,49.0,0.0,10.0,13.0
crash_09254,2020-10-21 14:48:00,2020,10,Oct,Wed,14,Daytime,30,NO CONTROLS,CLEAR,DAYLIGHT,SIDESWIPE SAME DIRECTION,NOT DIVIDED,DRY,NO INJURY / DRIVE AWAY,,true,"OVER $1,500",UNABLE TO DETERMINE,2,NO INDICATION OF INJURY,0,0,41.6927331597,-87.6211956162,60628,"CHICAGO MIDWAY AIRPORT, IL US",56.0,40.0,55.0,0.0,10.0,0.0
crash_09255,2019-11-06 18:15:00,2019,11,Nov,Wed,18,Evening commute,30,TRAFFIC SIGNAL,CLEAR,"DARKNESS, LIGHTED ROAD",REAR END,DIVIDED - W/MEDIAN (NOT RAISED),DRY,NO INJURY / DRIVE AWAY,true,true,"$501 - $1,500",UNABLE TO DETERMINE,2,NO INDICATION OF INJURY,0,0,41.858775158,-87.7250995851,60623,"CHICAGO MIDWAY AIRPORT, IL US",40.0,33.0,77.0,,10.0,16.0
crash_09256,2019-03-14 18:51:00,2019,3,Mar,Thu,18,Evening commute,25,NO CONTROLS,CLOUDY/OVERCAST,DUSK,OTHER NONCOLLISION,DIVIDED - W/MEDIAN (NOT RAISED),WET,INJURY AND / OR TOW DUE TO CRASH,,,"OVER $1,500","EVASIVE ACTION DUE TO ANIMAL, OBJECT, NONMOTORIST",1,NONINCAPACITATING INJURY,2,0,41.736161509,-87.6451599715,60620,"CHICAGO MIDWAY AIRPORT, IL US",46.0,35.0,66.0,0.0,10.0,25.0
crash_09257,2023-12-02 08:40:00,2023,12,Dec,Sat,8,Morning commute,30,NO CONTROLS,CLEAR,DAYLIGHT,PARKED MOTOR VEHICLE,ONE-WAY,DRY,NO INJURY / DRIVE AWAY,,,"$501 - $1,500",PHYSICAL CONDITION OF DRIVER,3,NO INDICATION OF INJURY,0,0,41.8477172453,-87.7089331383,60623,"CHICAGO MIDWAY AIRPORT, IL US",43.0,37.0,81.0,,10.0,7.0
crash_09258,2018-01-05 15:30:00,2018,1,Jan,Fri,15,Evening commute,30,NO CONTROLS,CLEAR,DAYLIGHT,REAR END,DIVIDED - W/MEDIAN (NOT RAISED),DRY,INJURY AND / OR TOW DUE TO CRASH,,,"OVER $1,500",FOLLOWING TOO CLOSELY,2,NONINCAPACITATING INJURY,1,0,41.6776881568,-87.6587303382,60643,"CHICAGO MIDWAY AIRPORT, IL US",11.0,-6.0,46.0,0.0,10.0,11.0
crash_09259,2020-04-30 19:00:00,2020,4,Apr,Thu,19,Night or early morning,10,NO CONTROLS,CLEAR,DAYLIGHT,PARKED MOTOR VEHICLE,PARKING LOT,UNKNOWN,NO INJURY / DRIVE AWAY,,true,"$501 - $1,500",UNABLE TO DETERMINE,2,NO INDICATION OF INJURY,0,0,41.9612176267,-87.6524585474,60613,"CHICAGO MIDWAY AIRPORT, IL US",53.0,39.0,59.0,0.0,10.0,10.0
crash_09260,2018-09-10 07:31:00,2018,9,Sep,Mon,7,Morning commute,30,TRAFFIC SIGNAL,CLEAR,DAYLIGHT,TURNING,NOT DIVIDED,DRY,INJURY AND / OR TOW DUE TO CRASH,true,,"OVER $1,500",DISREGARDING TRAFFIC SIGNALS,2,NONINCAPACITATING INJURY,2,0,41.7370355437,-87.6449509606,60620,"CHICAGO MIDWAY AIRPORT, IL US",64.0,56.0,75.0,0.0,10.0,10.0
crash_09261,2019-10-22 15:58:00,2019,10,Oct,Tue,15,Evening commute,30,NO CONTROLS,CLEAR,DAYLIGHT,TURNING,DIVIDED - W/MEDIAN (NOT RAISED),DRY,INJURY AND / OR TOW DUE TO CRASH,,,"$501 - $1,500",IMPROPER TURNING/NO SIGNAL,2,NO INDICATION OF INJURY,0,0,41.7307572742,-87.6627691,60620,"CHICAGO MIDWAY AIRPORT, IL US",51.0,37.0,59.0,0.0,10.0,14.0
crash_09262,2025-06-16 16:30:00,2025,6,Jun,Mon,16,Evening commute,30,NO CONTROLS,CLEAR,DAYLIGHT,ANGLE,NOT DIVIDED,DRY,NO INJURY / DRIVE AWAY,,,"OVER $1,500",UNABLE TO DETERMINE,2,NO INDICATION OF INJURY,0,0,41.8543804421,-87.7249789944,60623,"CHICAGO MIDWAY AIRPORT, IL US",84.0,58.0,41.0,0.0,10.0,10.0
crash_09263,2025-10-27 07:47:00,2025,10,Oct,Mon,7,Morning commute,25,NO CONTROLS,CLEAR,DAYLIGHT,REAR END,NOT DIVIDED,DRY,NO INJURY / DRIVE AWAY,,,"OVER $1,500",FAILING TO REDUCE SPEED TO AVOID CRASH,2,NO INDICATION OF INJURY,0,0,41.8989960449,-87.7340877958,60651,,,,,,,
crash_09264,2021-09-21 19:15:00,2021,9,Sep,Tue,19,Night or early morning,30,NO CONTROLS,CLEAR,DARKNESS,PARKED MOTOR VEHICLE,ONE-WAY,DRY,NO INJURY / DRIVE AWAY,,,"OVER $1,500",PHYSICAL CONDITION OF DRIVER,5,NO INDICATION OF INJURY,0,0,41.9467044257,-87.73078883,60641,"CHICAGO OHARE INTERNATIONAL AIRPORT, IL US",62.0,52.0,70.0,0.0,10.0,11.0
crash_09265,2024-03-08 17:40:00,2024,3,Mar,Fri,17,Evening commute,30,RR CROSSING SIGN,UNKNOWN,UNKNOWN,REAR END,UNKNOWN,UNKNOWN,NO INJURY / DRIVE AWAY,,,"OVER $1,500",UNABLE TO DETERMINE,2,NO INDICATION OF INJURY,0,0,41.9757817195,-87.7753827185,60630,"CHICAGO OHARE INTERNATIONAL AIRPORT, IL US",42.0,40.0,92.0,0.07,5.0,17.0
crash_09266,2020-07-29 18:40:00,2020,7,Jul,Wed,18,Evening commute,30,NO CONTROLS,CLEAR,DAYLIGHT,FIXED OBJECT,NOT DIVIDED,DRY,INJURY AND / OR TOW DUE TO CRASH,,,"OVER $1,500",NOT APPLICABLE,1,NO INDICATION OF INJURY,0,0,41.7585185084,-87.6150621734,60619,"CHICAGO MIDWAY AIRPORT, IL US",80.0,64.0,58.0,0.0,10.0,11.0
crash_09267,2021-02-16 13:08:00,2021,2,Feb,Tue,13,Daytime,30,TRAFFIC SIGNAL,CLEAR,DAYLIGHT,REAR END,FOUR WAY,SNOW OR SLUSH,NO INJURY / DRIVE AWAY,true,,"$501 - $1,500",WEATHER,2,NO INDICATION OF INJURY,0,0,41.6917273878,-87.6813001283,60655,"CHICAGO MIDWAY AIRPORT, IL US",20.0,8.0,60.0,0.0,10.0,13.0
crash_09268,2021-03-25 07:45:00,2021,3,Mar,Thu,7,Morning commute,30,TRAFFIC SIGNAL,CLEAR,DAYLIGHT,TURNING,T-INTERSECTION,UNKNOWN,NO INJURY / DRIVE AWAY,true,,"OVER $1,500",UNABLE TO DETERMINE,2,NO INDICATION OF INJURY,0,0,41.708077429,-87.5598068713,60617,"CHICAGO MIDWAY AIRPORT, IL US",46.0,37.0,71.0,0.0,10.0,6.0
crash_09269,2022-05-19 13:00:00,2022,5,May,Thu,13,Daytime,30,NO CONTROLS,CLEAR,DAYLIGHT,ANGLE,OTHER,DRY,NO INJURY / DRIVE AWAY,,,"$501 - $1,500",NOT APPLICABLE,2,NO INDICATION OF INJURY,0,0,41.7972792453,-87.7524979685,60638,"CHICAGO MIDWAY AIRPORT, IL US",81.0,63.0,54.0,0.0,10.0,13.0
crash_09270,2020-01-05 16:30:00,2020,1,Jan,Sun,16,Evening commute,35,NO CONTROLS,CLEAR,"DARKNESS, LIGHTED ROAD",TURNING,DIVIDED - W/MEDIAN BARRIER,DRY,NO INJURY / DRIVE AWAY,true,true,"OVER $1,500",IMPROPER OVERTAKING/PASSING,2,NO INDICATION OF INJURY,0,0,41.7582557653,-87.5855810554,60649,"CHICAGO MIDWAY AIRPORT, IL US",43.0,31.0,63.0,0.0,10.0,20.0
crash_09271,2019-06-10 19:45:00,2019,6,Jun,Mon,19,Night or early morning,30,NO CONTROLS,CLEAR,DAYLIGHT,SIDESWIPE OPPOSITE DIRECTION,NOT DIVIDED,DRY,NO INJURY / DRIVE AWAY,,true,"OVER $1,500",IMPROPER OVERTAKING/PASSING,2,NO INDICATION OF INJURY,0,0,41.7820023199,-87.7413340097,60629,"CHICAGO MIDWAY AIRPORT, IL US",71.0,44.0,38.0,0.0,10.0,5.0
crash_09272,2019-06-29 20:45:00,2019,6,Jun,Sat,20,Night or early morning,30,TRAFFIC SIGNAL,CLEAR,"DARKNESS, LIGHTED ROAD",TURNING,DIVIDED - W/MEDIAN (NOT RAISED),DRY,INJURY AND / OR TOW DUE TO CRASH,,,"OVER $1,500",FAILING TO YIELD RIGHT-OF-WAY,2,INCAPACITATING INJURY,1,0,41.7362616994,-87.6290647164,60620,"CHICAGO MIDWAY AIRPORT, IL US",78.0,64.0,62.0,0.0,10.0,8.0
crash_09273,2023-10-26 16:00:00,2023,10,Oct,Thu,16,Evening commute,30,NO CONTROLS,CLEAR,DAYLIGHT,REAR END,NOT DIVIDED,DRY,NO INJURY / DRIVE AWAY,,,"$501 - $1,500",FOLLOWING TOO CLOSELY,2,NO INDICATION OF INJURY,0,0,41.7530541547,-87.6636495536,60620,"CHICAGO MIDWAY AIRPORT, IL US",68.0,63.0,84.0,0.0,10.0,11.0
crash_09274,2021-12-31 13:30:00,2021,12,Dec,Fri,13,Daytime,30,NO CONTROLS,CLEAR,DAYLIGHT,PARKED MOTOR VEHICLE,DIVIDED - W/MEDIAN (NOT RAISED),DRY,NO INJURY / DRIVE AWAY,,true,"$501 - $1,500",UNABLE TO DETERMINE,2,NO INDICATION OF INJURY,0,0,41.7294720743,-87.5513888014,60617,"CHICAGO MIDWAY AIRPORT, IL US",43.0,38.0,82.0,0.0,3.0,8.0
crash_09275,2021-08-04 13:55:00,2021,8,Aug,Wed,13,Daytime,30,TRAFFIC SIGNAL,CLEAR,DAYLIGHT,REAR END,DIVIDED - W/MEDIAN BARRIER,DRY,NO INJURY / DRIVE AWAY,,true,"OVER $1,500",FAILING TO REDUCE SPEED TO AVOID CRASH,2,NO INDICATION OF INJURY,0,0,41.8808901186,-87.624483266,60603,"CHICAGO MIDWAY AIRPORT, IL US",83.0,51.0,33.0,0.0,10.0,7.0
crash_09276,2021-05-18 13:20:00,2021,5,May,Tue,13,Daytime,30,TRAFFIC SIGNAL,CLEAR,DAYLIGHT,HEAD ON,NOT DIVIDED,DRY,NO INJURY / DRIVE AWAY,,,"OVER $1,500",UNABLE TO DETERMINE,2,NO INDICATION OF INJURY,0,0,41.8085422443,-87.6845482018,60632,"CHICAGO MIDWAY AIRPORT, IL US",74.0,54.0,50.0,0.0,10.0,13.0
crash_09277,2021-02-26 13:06:00,2021,2,Feb,Fri,13,Daytime,35,TRAFFIC SIGNAL,CLOUDY/OVERCAST,DAYLIGHT,ANGLE,NOT DIVIDED,DRY,INJURY AND / OR TOW DUE TO CRASH,true,,"OVER $1,500",IMPROPER TURNING/NO SIGNAL,3,NO INDICATION OF INJURY,0,0,41.7939173317,-87.6833297272,60609,"CHICAGO MIDWAY AIRPORT, IL US",41.0,16.0,36.0,0.0,10.0,15.0
crash_09278,2020-04-07 01:00:00,2020,4,Apr,Tue,1,Night or early morning,30,NO CONTROLS,RAIN,"DARKNESS, LIGHTED ROAD",PARKED MOTOR VEHICLE,NOT DIVIDED,WET,INJURY AND / OR TOW DUE TO CRASH,,,"OVER $1,500",UNABLE TO DETERMINE,2,NO INDICATION OF INJURY,0,0,41.9249730965,-87.6915518767,60647,"CHICAGO MIDWAY AIRPORT, IL US",59.0,57.0,93.0,0.0,10.0,3.0
crash_09279,2024-09-03 12:46:00,2024,9,Sep,Tue,12,Daytime,35,NO CONTROLS,CLEAR,DAYLIGHT,TURNING,NOT DIVIDED,DRY,NO INJURY / DRIVE AWAY,,,"$501 - $1,500",UNABLE TO DETERMINE,2,NO INDICATION OF INJURY,0,0,41.6961485068,-87.6208656241,60628,"CHICAGO MIDWAY AIRPORT, IL US",75.0,44.0,33.0,0.0,10.0,10.0
crash_09280,2025-03-08 18:36:00,2025,3,Mar,Sat,18,Evening commute,30,NO CONTROLS,CLEAR,DARKNESS,SIDESWIPE SAME DIRECTION,DIVIDED - W/MEDIAN (NOT RAISED),DRY,NO INJURY / DRIVE AWAY,,,"OVER $1,500",UNABLE TO DETERMINE,2,NO INDICATION OF INJURY,0,0,41.9300371499,-87.746679058,60639,"CHICAGO OHARE INTERNATIONAL AIRPORT, IL US",45.0,30.0,56.0,0.0,10.0,11.0
crash_09281,2020-08-03 16:41:00,2020,8,Aug,Mon,16,Evening commute,30,UNKNOWN,CLEAR,DAYLIGHT,PEDALCYCLIST,FOUR WAY,DRY,INJURY AND / OR TOW DUE TO CRASH,true,true,$500 OR LESS,UNABLE TO DETERMINE,2,NONINCAPACITATING INJURY,1,0,41.7791923824,-87.6764851645,60636,"CHICAGO MIDWAY AIRPORT, IL US",70.0,58.0,66.0,0.0,10.0,16.0
crash_09282,2022-09-19 08:46:00,2022,9,Sep,Mon,8,Morning commute,30,NO CONTROLS,CLEAR,DAYLIGHT,REAR END,ONE-WAY,DRY,INJURY AND / OR TOW DUE TO CRASH,,,"OVER $1,500",IMPROPER LANE USAGE,2,NONINCAPACITATING INJURY,1,0,41.8780019788,-87.6344091296,60606,"CHICAGO MIDWAY AIRPORT, IL US",73.0,64.0,74.0,,10.0,13.0
crash_09283,2023-08-03 11:40:00,2023,8,Aug,Thu,11,Daytime,30,NO CONTROLS,CLEAR,DAYLIGHT,PARKED MOTOR VEHICLE,PARKING LOT,DRY,NO INJURY / DRIVE AWAY,,,"OVER $1,500",IMPROPER BACKING,2,NO INDICATION OF INJURY,0,0,41.7225533607,-87.5773636722,60617,"CHICAGO MIDWAY AIRPORT, IL US",84.0,63.0,49.0,0.0,10.0,3.0
crash_09284,2025-11-12 17:52:00,2025,11,Nov,Wed,17,Evening commute,25,UNKNOWN,CLEAR,DUSK,PARKED MOTOR VEHICLE,NOT DIVIDED,DRY,NO INJURY / DRIVE AWAY,,,"OVER $1,500",NOT APPLICABLE,2,NO INDICATION OF INJURY,0,0,41.9706847092,-87.6791682562,60640,,,,,,,
crash_09285,2022-05-11 11:00:00,2022,5,May,Wed,11,Daytime,30,NO CONTROLS,CLEAR,DAYLIGHT,SIDESWIPE SAME DIRECTION,NOT DIVIDED,UNKNOWN,NO INJURY / DRIVE AWAY,,,$500 OR LESS,UNABLE TO DETERMINE,2,NO INDICATION OF INJURY,0,0,41.955406767,-87.6692268092,60613,"CHICAGO MIDWAY AIRPORT, IL US",88.0,71.0,57.0,0.0,10.0,5.0
crash_09286,2025-01-11 15:10:00,2025,1,Jan,Sat,15,Evening commute,30,NO CONTROLS,CLEAR,DAYLIGHT,PARKED MOTOR VEHICLE,ONE-WAY,DRY,NO INJURY / DRIVE AWAY,,,"$501 - $1,500",UNABLE TO DETERMINE,2,NO INDICATION OF INJURY,0,0,41.9291547984,-87.7140927856,60647,"CHICAGO MIDWAY AIRPORT, IL US",32.0,22.0,66.0,0.0,10.0,9.0
crash_09287,2018-08-22 13:00:00,2018,8,Aug,Wed,13,Daytime,30,TRAFFIC SIGNAL,CLEAR,DAYLIGHT,TURNING,NOT DIVIDED,DRY,INJURY AND / OR TOW DUE TO CRASH,true,,"$501 - $1,500",UNABLE TO DETERMINE,2,NONINCAPACITATING INJURY,3,0,41.7805210247,-87.6058694992,60637,"CHICAGO MIDWAY AIRPORT, IL US",77.0,49.0,37.0,0.0,10.0,14.0
crash_09288,2025-04-12 13:20:00,2025,4,Apr,Sat,13,Daytime,30,NO CONTROLS,CLEAR,DAYLIGHT,TURNING,NOT DIVIDED,DRY,NO INJURY / DRIVE AWAY,,,"OVER $1,500",UNABLE TO DETERMINE,2,NO INDICATION OF INJURY,0,0,41.9559191888,-87.6931350182,60618,"CHICAGO OHARE INTERNATIONAL AIRPORT, IL US",58.0,30.0,35.0,0.0,10.0,8.0
crash_09289,2019-06-11 11:20:00,2019,6,Jun,Tue,11,Daytime,20,NO CONTROLS,CLEAR,DAYLIGHT,SIDESWIPE OPPOSITE DIRECTION,NOT DIVIDED,DRY,NO INJURY / DRIVE AWAY,,,"$501 - $1,500",UNABLE TO DETERMINE,2,NO INDICATION OF INJURY,0,0,42.0003759862,-87.6803641671,60645,"CHICAGO OHARE INTERNATIONAL AIRPORT, IL US",76.0,45.0,33.0,0.0,10.0,7.0
crash_09290,2023-11-22 21:01:00,2023,11,Nov,Wed,21,Night or early morning,30,STOP SIGN/FLASHER,CLEAR,"DARKNESS, LIGHTED ROAD",TURNING,FOUR WAY,DRY,NO INJURY / DRIVE AWAY,true,,"OVER $1,500",FAILING TO YIELD RIGHT-OF-WAY,2,NO INDICATION OF INJURY,0,0,41.8842596513,-87.6989636779,60612,"CHICAGO MIDWAY AIRPORT, IL US",39.0,32.0,76.0,0.0,10.0,11.0
crash_09291,2020-09-02 17:00:00,2020,9,Sep,Wed,17,Evening commute,30,TRAFFIC SIGNAL,CLEAR,DAYLIGHT,REAR END,DIVIDED - W/MEDIAN (NOT RAISED),DRY,NO INJURY / DRIVE AWAY,true,,"OVER $1,500",UNABLE TO DETERMINE,3,NO INDICATION OF INJURY,0,0,41.9236428914,-87.780513673,60639,"CHICAGO OHARE INTERNATIONAL AIRPORT, IL US",86.0,48.0,27.0,0.0,10.0,14.0
crash_09292,2024-12-06 07:30:00,2024,12,Dec,Fri,7,Morning commute,30,TRAFFIC SIGNAL,RAIN,DAYLIGHT,REAR END,FOUR WAY,UNKNOWN,NO INJURY / DRIVE AWAY,,,"$501 - $1,500",UNABLE TO DETERMINE,2,NO INDICATION OF INJURY,0,0,41.7606374334,-87.7023764983,60629,"CHICAGO MIDWAY AIRPORT, IL US",16.0,9.0,74.0,,10.0,7.0
crash_09293,2025-02-05 06:28:00,2025,2,Feb,Wed,6,Morning commute,30,NO CONTROLS,CLEAR,DAYLIGHT,FIXED OBJECT,NOT DIVIDED,DRY,NO INJURY / DRIVE AWAY,,,"OVER $1,500",UNABLE TO DETERMINE,1,NO INDICATION OF INJURY,0,0,41.836839865,-87.6707065971,60608,"CHICAGO MIDWAY AIRPORT, IL US",27.0,16.0,63.0,,10.0,14.0
crash_09294,2025-11-18 06:51:00,2025,11,Nov,Tue,6,Morning commute,30,NO CONTROLS,RAIN,DAWN,SIDESWIPE SAME DIRECTION,NOT DIVIDED,WET,NO INJURY / DRIVE AWAY,,,"OVER $1,500",DRIVING SKILLS/KNOWLEDGE/EXPERIENCE,2,NO INDICATION OF INJURY,0,0,41.9229252138,-87.7867631772,60707,,,,,,,
crash_09295,2021-04-06 11:20:00,2021,4,Apr,Tue,11,Daytime,30,NO CONTROLS,CLEAR,"DARKNESS, LIGHTED ROAD",PARKED MOTOR VEHICLE,DIVIDED - W/MEDIAN (NOT RAISED),DRY,INJURY AND / OR TOW DUE TO CRASH,,true,"OVER $1,500",UNABLE TO DETERMINE,2,NO INDICATION OF INJURY,0,0,41.8662002399,-87.6603998503,60608,"CHICAGO MIDWAY AIRPORT, IL US",74.0,50.0,43.0,0.0,10.0,10.0
crash_09296,2022-06-17 19:38:00,2022,6,Jun,Fri,19,Night or early morning,30,TRAFFIC SIGNAL,CLEAR,DARKNESS,SIDESWIPE SAME DIRECTION,NOT DIVIDED,DRY,NO INJURY / DRIVE AWAY,,,"OVER $1,500",FAILING TO YIELD RIGHT-OF-WAY,2,NO INDICATION OF INJURY,0,0,41.7354062007,-87.6921025078,60652,"CHICAGO MIDWAY AIRPORT, IL US",80.0,51.0,37.0,0.0,10.0,14.0
crash_09297,2018-10-04 12:30:00,2018,10,Oct,Thu,12,Daytime,30,NO CONTROLS,CLEAR,DAYLIGHT,SIDESWIPE SAME DIRECTION,DIVIDED - W/MEDIAN (NOT RAISED),DRY,NO INJURY / DRIVE AWAY,,,"$501 - $1,500",UNABLE TO DETERMINE,2,NO INDICATION OF INJURY,0,0,41.891286183,-87.6480301587,60642,"CHICAGO MIDWAY AIRPORT, IL US",59.0,44.0,58.0,,10.0,16.0
crash_09298,2021-08-11 18:00:00,2021,8,Aug,Wed,18,Evening commute,30,NO CONTROLS,CLEAR,DAYLIGHT,SIDESWIPE SAME DIRECTION,DIVIDED - W/MEDIAN (NOT RAISED),DRY,NO INJURY / DRIVE AWAY,,,"OVER $1,500",UNABLE TO DETERMINE,2,NO INDICATION OF INJURY,0,0,41.9859279924,-87.7286634185,60646,"CHICAGO OHARE INTERNATIONAL AIRPORT, IL US",87.0,74.0,65.0,0.0,10.0,21.0
crash_09299,2022-10-26 16:20:00,2022,10,Oct,Wed,16,Evening commute,5,NO CONTROLS,CLEAR,DAYLIGHT,SIDESWIPE SAME DIRECTION,OTHER,DRY,NO INJURY / DRIVE AWAY,,,"OVER $1,500",IMPROPER TURNING/NO SIGNAL,2,NO INDICATION OF INJURY,0,0,41.7553893772,-87.70029918,60652,"CHICAGO MIDWAY AIRPORT, IL US",56.0,35.0,46.0,0.0,10.0,7.0
crash_09300,2021-09-20 20:12:00,2021,9,Sep,Mon,20,Night or early morning,30,NO CONTROLS,CLEAR,"DARKNESS, LIGHTED ROAD",ANGLE,NOT DIVIDED,DRY,NO INJURY / DRIVE AWAY,,true,"OVER $1,500",UNABLE TO DETERMINE,2,NO INDICATION OF INJURY,0,0,41.7428895857,-87.6828266386,60652,"CHICAGO MIDWAY AIRPORT, IL US",78.0,67.0,69.0,0.0,10.0,16.0
crash_09301,2019-01-24 11:25:00,2019,1,Jan,Thu,11,Daytime,30,TRAFFIC SIGNAL,CLOUDY/OVERCAST,DAYLIGHT,TURNING,NOT DIVIDED,DRY,INJURY AND / OR TOW DUE TO CRASH,true,,"$501 - $1,500",FAILING TO YIELD RIGHT-OF-WAY,2,NO INDICATION OF INJURY,0,0,41.9644676734,-87.7474831158,60630,"CHICAGO OHARE INTERNATIONAL AIRPORT, IL US",16.0,12.0,84.0,0.0,2.0,13.0
crash_09302,2023-08-28 15:04:00,2023,8,Aug,Mon,15,Evening commute,30,TRAFFIC SIGNAL,CLEAR,"DARKNESS, LIGHTED ROAD",REAR TO FRONT,FOUR WAY,DRY,INJURY AND / OR TOW DUE TO CRASH,,true,"OVER $1,500","OPERATING VEHICLE IN ERRATIC, RECKLESS, CARELESS, NEGLIGENT OR AGGRESSIVE MANNER",2,NONINCAPACITATING INJURY,2,0,41.8876994732,-87.6208487999,60601,"CHICAGO MIDWAY AIRPORT, IL US",77.0,50.0,39.0,0.0,10.0,7.0
crash_09303,2021-07-02 11:40:00,2021,7,Jul,Fri,11,Daytime,35,NO CONTROLS,CLEAR,DARKNESS,TURNING,NOT DIVIDED,DRY,NO INJURY / DRIVE AWAY,,,"$501 - $1,500",IMPROPER TURNING/NO SIGNAL,2,NO INDICATION OF INJURY,0,0,41.8553149485,-87.6467182377,60608,"CHICAGO MIDWAY AIRPORT, IL US",71.0,53.0,53.0,0.0,10.0,6.0
crash_09304,2023-03-30 15:20:00,2023,3,Mar,Thu,15,Evening commute,30,NO CONTROLS,UNKNOWN,UNKNOWN,PARKED MOTOR VEHICLE,NOT DIVIDED,UNKNOWN,NO INJURY / DRIVE AWAY,,,"OVER $1,500",UNABLE TO DETERMINE,2,NO INDICATION OF INJURY,0,0,41.8099416539,-87.6970391243,60632,"CHICAGO MIDWAY AIRPORT, IL US",50.0,25.0,38.0,0.0,10.0,10.0
crash_09305,2022-04-20 19:00:00,2022,4,Apr,Wed,19,Night or early morning,20,NO CONTROLS,CLEAR,"DARKNESS, LIGHTED ROAD",FIXED OBJECT,NOT DIVIDED,DRY,NO INJURY / DRIVE AWAY,,,"OVER $1,500",UNABLE TO DETERMINE,1,NO INDICATION OF INJURY,0,0,41.7671605061,-87.6299636811,60621,"CHICAGO MIDWAY AIRPORT, IL US",55.0,40.0,57.0,0.0,10.0,13.0
crash_09306,2020-11-27 19:55:00,2020,11,Nov,Fri,19,Night or early morning,30,NO CONTROLS,CLEAR,"DARKNESS, LIGHTED ROAD",REAR END,NOT DIVIDED,DRY,NO INJURY / DRIVE AWAY,,,"$501 - $1,500",FOLLOWING TOO CLOSELY,2,NO INDICATION OF INJURY,0,0,41.8801905103,-87.7745126421,60644,"CHICAGO MIDWAY AIRPORT, IL US",37.0,28.0,70.0,0.0,10.0,8.0
crash_09307,2025-02-06 12:05:00,2025,2,Feb,Thu,12,Daytime,30,TRAFFIC SIGNAL,CLEAR,DAYLIGHT,PEDALCYCLIST,NOT DIVIDED,WET,NO INJURY / DRIVE AWAY,,true,"$501 - $1,500",UNABLE TO DETERMINE,2,NO INDICATION OF INJURY,0,0,41.9212249582,-87.6379976555,60614,"CHICAGO MIDWAY AIRPORT, IL US",34.0,26.0,73.0,0.0,10.0,17.0
crash_09308,2023-12-24 10:15:00,2023,12,Dec,Sun,10,Daytime,30,TRAFFIC SIGNAL,CLOUDY/OVERCAST,DAYLIGHT,REAR END,DIVIDED - W/MEDIAN (NOT RAISED),WET,INJURY AND / OR TOW DUE TO CRASH,,,$500 OR LESS,DRIVING SKILLS/KNOWLEDGE/EXPERIENCE,2,NO INDICATION OF INJURY,0,0,41.8662827551,-87.7251121562,60624,"CHICAGO MIDWAY AIRPORT, IL US",51.0,50.0,96.0,,1.25,8.0
crash_09309,2023-04-11 15:39:00,2023,4,Apr,Tue,15,Evening commute,30,TRAFFIC SIGNAL,CLEAR,DAYLIGHT,REAR END,NOT DIVIDED,DRY,INJURY AND / OR TOW DUE TO CRASH,true,true,"OVER $1,500",UNABLE TO DETERMINE,2,NONINCAPACITATING INJURY,1,0,41.8092909105,-87.616733046,60615,"CHICAGO MIDWAY AIRPORT, IL US",79.0,45.0,30.0,0.0,10.0,18.0
crash_09310,2022-10-21 13:25:00,2022,10,Oct,Fri,13,Daytime,30,NO CONTROLS,CLEAR,DAYLIGHT,PARKED MOTOR VEHICLE,NOT DIVIDED,DRY,NO INJURY / DRIVE AWAY,,true,"OVER $1,500",UNABLE TO DETERMINE,2,NO INDICATION OF INJURY,0,0,41.8944482783,-87.7262030479,60624,"CHICAGO MIDWAY AIRPORT, IL US",76.0,39.0,26.0,0.0,10.0,14.0
crash_09311,2022-06-23 19:50:00,2022,6,Jun,Thu,19,Night or early morning,10,NO CONTROLS,CLEAR,DAYLIGHT,SIDESWIPE OPPOSITE DIRECTION,OTHER,DRY,INJURY AND / OR TOW DUE TO CRASH,,true,"$501 - $1,500",UNABLE TO DETERMINE,2,NONINCAPACITATING INJURY,1,0,41.8807919671,-87.7157451118,60624,"CHICAGO MIDWAY AIRPORT, IL US",79.0,48.0,34.0,0.0,10.0,9.0