crash_id,crash_datetime,crash_year,crash_month,crash_month_name,crash_weekday_name,crash_hour,time_period,posted_speed_limit_mph,traffic_control_device,reported_weather_condition,reported_lighting_condition,first_crash_type,trafficway_type,reported_road_surface_condition,crash_type,intersection_related,hit_and_run,estimated_damage,primary_contributory_cause,unit_count,most_severe_injury,injuries_total,injuries_fatal,latitude,longitude,zip5,weather_station_name,temperature_f,dew_point_f,relative_humidity_percent,precipitation_inches,visibility_miles,wind_speed_mph
crash_09312,2020-05-27 19:39:00,2020,5,May,Wed,19,Night or early morning,30,NO CONTROLS,CLEAR,DUSK,PARKED MOTOR VEHICLE,ONE-WAY,DRY,INJURY AND / OR TOW DUE TO CRASH,,true,"OVER $1,500","OPERATING VEHICLE IN ERRATIC, RECKLESS, CARELESS, NEGLIGENT OR AGGRESSIVE MANNER",3,NO INDICATION OF INJURY,0,0,41.7742263883,-87.7080707228,60629,"CHICAGO MIDWAY AIRPORT, IL US",76.0,68.0,77.0,0.0,10.0,8.0
crash_09313,2024-07-11 23:16:00,2024,7,Jul,Thu,23,Night or early morning,30,STOP SIGN/FLASHER,CLEAR,"DARKNESS, LIGHTED ROAD",PEDALCYCLIST,FOUR WAY,DRY,INJURY AND / OR TOW DUE TO CRASH,true,true,"OVER $1,500",FAILING TO YIELD RIGHT-OF-WAY,2,NONINCAPACITATING INJURY,1,0,41.8989343791,-87.7236941122,60651,"CHICAGO MIDWAY AIRPORT, IL US",72.0,62.0,71.0,0.0,10.0,6.0
crash_09314,2024-06-06 15:45:00,2024,6,Jun,Thu,15,Evening commute,30,STOP SIGN/FLASHER,UNKNOWN,UNKNOWN,ANGLE,FOUR WAY,UNKNOWN,NO INJURY / DRIVE AWAY,true,,"OVER $1,500",UNABLE TO DETERMINE,2,NO INDICATION OF INJURY,0,0,41.8615356152,-87.6686318773,60608,"CHICAGO MIDWAY AIRPORT, IL US",79.0,42.0,27.0,0.0,10.0,20.0
crash_09315,2018-03-03 13:30:00,2018,3,Mar,Sat,13,Daytime,30,NO CONTROLS,CLEAR,DAYLIGHT,SIDESWIPE OPPOSITE DIRECTION,NOT DIVIDED,DRY,NO INJURY / DRIVE AWAY,,false,$500 OR LESS,UNABLE TO DETERMINE,2,NO INDICATION OF INJURY,0,0,41.9767100258,-87.668552011,60640,"CHICAGO OHARE INTERNATIONAL AIRPORT, IL US",43.0,16.0,34.0,0.0,10.0,9.0
crash_09316,2021-04-23 06:55:00,2021,4,Apr,Fri,6,Morning commute,45,NO CONTROLS,UNKNOWN,DAYLIGHT,FIXED OBJECT,DIVIDED - W/MEDIAN BARRIER,UNKNOWN,NO INJURY / DRIVE AWAY,,,"$501 - $1,500",ROAD CONSTRUCTION/MAINTENANCE,1,NO INDICATION OF INJURY,0,0,41.9638922136,-87.6470795299,60640,"CHICAGO MIDWAY AIRPORT, IL US",45.0,28.0,52.0,0.0,10.0,7.0
crash_09317,2024-05-21 20:51:00,2024,5,May,Tue,20,Night or early morning,25,NO CONTROLS,CLEAR,"DARKNESS, LIGHTED ROAD",PARKED MOTOR VEHICLE,ONE-WAY,DRY,NO INJURY / DRIVE AWAY,,true,"$501 - $1,500",UNABLE TO DETERMINE,2,NO INDICATION OF INJURY,0,0,41.9937170225,-87.6747309381,60660,"CHICAGO OHARE INTERNATIONAL AIRPORT, IL US",85.0,63.0,48.0,0.0,10.0,17.0
crash_09318,2025-04-25 15:55:00,2025,4,Apr,Fri,15,Evening commute,30,NO CONTROLS,CLEAR,DAYLIGHT,SIDESWIPE SAME DIRECTION,DIVIDED - W/MEDIAN (NOT RAISED),DRY,NO INJURY / DRIVE AWAY,,,$500 OR LESS,UNABLE TO DETERMINE,2,NO INDICATION OF INJURY,0,0,41.9126009295,-87.6675989457,60642,"CHICAGO MIDWAY AIRPORT, IL US",52.0,44.0,75.0,0.0,10.0,15.0
crash_09319,2024-10-26 14:12:00,2024,10,Oct,Sat,14,Daytime,30,STOP SIGN/FLASHER,CLEAR,DAYLIGHT,ANGLE,NOT DIVIDED,DRY,NO INJURY / DRIVE AWAY,true,,"OVER $1,500",FAILING TO YIELD RIGHT-OF-WAY,2,NO INDICATION OF INJURY,0,0,41.9595207635,-87.6788407418,60613,"CHICAGO MIDWAY AIRPORT, IL US",57.0,28.0,33.0,0.0,10.0,10.0
crash_09320,2024-05-09 12:33:00,2024,5,May,Thu,12,Daytime,30,NO CONTROLS,UNKNOWN,DAYLIGHT,SIDESWIPE SAME DIRECTION,DIVIDED - W/MEDIAN (NOT RAISED),UNKNOWN,NO INJURY / DRIVE AWAY,,,"$501 - $1,500",UNABLE TO DETERMINE,2,NO INDICATION OF INJURY,0,0,41.998288857,-87.6613854212,60626,"CHICAGO OHARE INTERNATIONAL AIRPORT, IL US",55.0,50.0,82.0,,10.0,15.0
crash_09321,2025-11-28 14:57:00,2025,11,Nov,Fri,14,Daytime,30,STOP SIGN/FLASHER,CLEAR,DAYLIGHT,REAR TO FRONT,ONE-WAY,DRY,NO INJURY / DRIVE AWAY,,,"OVER $1,500",FAILING TO YIELD RIGHT-OF-WAY,2,NO INDICATION OF INJURY,0,0,41.8513057707,-87.7333619099,60623,,,,,,,
crash_09322,2018-02-21 18:40:00,2018,2,Feb,Wed,18,Evening commute,15,NO CONTROLS,CLEAR,DUSK,PEDESTRIAN,ALLEY,DRY,INJURY AND / OR TOW DUE TO CRASH,,,"$501 - $1,500",UNABLE TO DETERMINE,2,"REPORTED, NOT EVIDENT",1,0,41.9605579699,-87.769909693,60630,"CHICAGO OHARE INTERNATIONAL AIRPORT, IL US",29.0,19.0,66.0,0.0,10.0,11.0
crash_09323,2021-05-11 12:30:00,2021,5,May,Tue,12,Daytime,30,STOP SIGN/FLASHER,CLEAR,DAYLIGHT,ANGLE,NOT DIVIDED,DRY,NO INJURY / DRIVE AWAY,,,"OVER $1,500",FAILING TO YIELD RIGHT-OF-WAY,2,NO INDICATION OF INJURY,0,0,41.9310223008,-87.7930905709,60634,"CHICAGO OHARE INTERNATIONAL AIRPORT, IL US",55.0,33.0,44.0,0.0,10.0,18.0
crash_09324,2025-02-06 15:12:00,2025,2,Feb,Thu,15,Evening commute,30,NO CONTROLS,CLEAR,DAYLIGHT,SIDESWIPE SAME DIRECTION,NOT DIVIDED,DRY,INJURY AND / OR TOW DUE TO CRASH,,,$500 OR LESS,UNABLE TO DETERMINE,2,"REPORTED, NOT EVIDENT",2,0,41.6918974163,-87.6798562059,60643,"CHICAGO MIDWAY AIRPORT, IL US",39.0,24.0,55.0,0.0,10.0,18.0
crash_09325,2024-09-16 03:15:00,2024,9,Sep,Mon,3,Night or early morning,30,STOP SIGN/FLASHER,CLEAR,DAYLIGHT,TURNING,ROUNDABOUT,DRY,NO INJURY / DRIVE AWAY,true,,"OVER $1,500",FAILING TO REDUCE SPEED TO AVOID CRASH,2,NO INDICATION OF INJURY,0,0,41.8102963188,-87.6688077782,60609,"CHICAGO MIDWAY AIRPORT, IL US",72.0,51.0,48.0,0.0,10.0,3.0
crash_09326,2018-12-18 10:10:00,2018,12,Dec,Tue,10,Daytime,30,NO CONTROLS,CLEAR,DAYLIGHT,TURNING,NOT DIVIDED,DRY,NO INJURY / DRIVE AWAY,,,$500 OR LESS,UNABLE TO DETERMINE,2,NO INDICATION OF INJURY,0,0,41.9536604067,-87.6980846515,60618,"CHICAGO OHARE INTERNATIONAL AIRPORT, IL US",35.0,28.0,76.0,0.0,10.0,10.0
crash_09327,2023-06-09 09:50:00,2023,6,Jun,Fri,9,Morning commute,30,NO CONTROLS,CLEAR,DAYLIGHT,ANGLE,NOT DIVIDED,DRY,INJURY AND / OR TOW DUE TO CRASH,,true,"OVER $1,500",FAILING TO YIELD RIGHT-OF-WAY,2,NO INDICATION OF INJURY,0,0,41.8097693598,-87.5952554778,60653,"CHICAGO MIDWAY AIRPORT, IL US",71.0,45.0,39.0,0.0,10.0,3.0
crash_09328,2024-04-04 15:50:00,2024,4,Apr,Thu,15,Evening commute,30,NO CONTROLS,CLEAR,DAYLIGHT,SIDESWIPE SAME DIRECTION,NOT DIVIDED,DRY,NO INJURY / DRIVE AWAY,,true,"$501 - $1,500",IMPROPER OVERTAKING/PASSING,2,NO INDICATION OF INJURY,0,0,41.6775738205,-87.6655103408,60643,"CHICAGO MIDWAY AIRPORT, IL US",43.0,33.0,68.0,0.01,10.0,22.0
crash_09329,2023-11-08 18:50:00,2023,11,Nov,Wed,18,Evening commute,20,STOP SIGN/FLASHER,CLEAR,DAWN,ANGLE,FOUR WAY,WET,NO INJURY / DRIVE AWAY,,,"OVER $1,500",DRIVING SKILLS/KNOWLEDGE/EXPERIENCE,2,NO INDICATION OF INJURY,0,0,41.9652440494,-87.6837961134,60625,"CHICAGO OHARE INTERNATIONAL AIRPORT, IL US",52.0,50.0,93.0,0.01,5.0,7.0
crash_09330,2021-05-05 07:40:00,2021,5,May,Wed,7,Morning commute,30,NO CONTROLS,CLEAR,DAYLIGHT,SIDESWIPE SAME DIRECTION,NOT DIVIDED,DRY,NO INJURY / DRIVE AWAY,,,"$501 - $1,500",UNABLE TO DETERMINE,2,NO INDICATION OF INJURY,0,0,41.792996747,-87.7525722899,60638,"CHICAGO MIDWAY AIRPORT, IL US",48.0,36.0,63.0,0.0,10.0,8.0
crash_09331,2022-07-29 15:00:00,2022,7,Jul,Fri,15,Evening commute,30,TRAFFIC SIGNAL,CLEAR,DAYLIGHT,ANGLE,NOT DIVIDED,DRY,NO INJURY / DRIVE AWAY,true,,"OVER $1,500",FAILING TO YIELD RIGHT-OF-WAY,2,NO INDICATION OF INJURY,0,0,41.8908435686,-87.6378949757,60654,"CHICAGO MIDWAY AIRPORT, IL US",82.0,53.0,37.0,0.0,10.0,15.0
crash_09332,2020-07-12 14:30:00,2020,7,Jul,Sun,14,Daytime,10,NO CONTROLS,CLEAR,DAYLIGHT,FIXED OBJECT,PARKING LOT,DRY,NO INJURY / DRIVE AWAY,,,$500 OR LESS,IMPROPER BACKING,1,NO INDICATION OF INJURY,0,0,41.8834700627,-87.6292808522,60602,"CHICAGO MIDWAY AIRPORT, IL US",78.0,61.0,56.0,0.0,10.0,14.0
crash_09333,2022-03-16 17:57:00,2022,3,Mar,Wed,17,Evening commute,30,STOP SIGN/FLASHER,CLEAR,DAYLIGHT,PARKED MOTOR VEHICLE,NOT DIVIDED,DRY,INJURY AND / OR TOW DUE TO CRASH,,,"OVER $1,500",EQUIPMENT - VEHICLE CONDITION,2,NONINCAPACITATING INJURY,1,0,41.8689060937,-87.6837982656,60612,"CHICAGO MIDWAY AIRPORT, IL US",70.0,42.0,37.0,0.0,10.0,10.0
crash_09334,2022-01-15 10:00:00,2022,1,Jan,Sat,10,Daytime,10,NO CONTROLS,SNOW,DAYLIGHT,PARKED MOTOR VEHICLE,ONE-WAY,SNOW OR SLUSH,NO INJURY / DRIVE AWAY,,,"$501 - $1,500",UNABLE TO DETERMINE,2,NO INDICATION OF INJURY,0,0,41.9668303572,-87.694820732,60625,"CHICAGO OHARE INTERNATIONAL AIRPORT, IL US",22.0,14.0,71.0,0.0,10.0,17.0
crash_09335,2018-08-04 10:50:00,2018,8,Aug,Sat,10,Daytime,30,NO CONTROLS,CLEAR,DAYLIGHT,FIXED OBJECT,DIVIDED - W/MEDIAN (NOT RAISED),DRY,INJURY AND / OR TOW DUE TO CRASH,,,"OVER $1,500",IMPROPER LANE USAGE,2,NONINCAPACITATING INJURY,1,0,41.8304170644,-87.6636071771,60609,"CHICAGO MIDWAY AIRPORT, IL US",91.0,67.0,45.0,0.0,10.0,8.0
crash_09336,2024-08-22 23:35:00,2024,8,Aug,Thu,23,Night or early morning,30,NO CONTROLS,CLEAR,"DARKNESS, LIGHTED ROAD",REAR END,NOT DIVIDED,DRY,INJURY AND / OR TOW DUE TO CRASH,,true,"OVER $1,500",UNABLE TO DETERMINE,2,NONINCAPACITATING INJURY,1,0,41.7872017678,-87.6301695062,60621,"CHICAGO MIDWAY AIRPORT, IL US",67.0,53.0,61.0,0.0,10.0,3.0
crash_09337,2023-09-29 08:30:00,2023,9,Sep,Fri,8,Morning commute,30,TRAFFIC SIGNAL,CLEAR,DAYLIGHT,TURNING,ONE-WAY,DRY,NO INJURY / DRIVE AWAY,true,true,"$501 - $1,500",FAILING TO YIELD RIGHT-OF-WAY,2,NO INDICATION OF INJURY,0,0,41.83462545,-87.6219844352,60616,"CHICAGO MIDWAY AIRPORT, IL US",63.0,61.0,93.0,,2.0,0.0
crash_09338,2025-10-26 10:25:00,2025,10,Oct,Sun,10,Daytime,30,NO CONTROLS,UNKNOWN,UNKNOWN,PARKED MOTOR VEHICLE,NOT DIVIDED,UNKNOWN,NO INJURY / DRIVE AWAY,,true,"OVER $1,500","OPERATING VEHICLE IN ERRATIC, RECKLESS, CARELESS, NEGLIGENT OR AGGRESSIVE MANNER",2,NO INDICATION OF INJURY,0,0,41.8047882903,-87.6140168481,60615,,,,,,,
crash_09339,2024-11-04 21:14:00,2024,11,Nov,Mon,21,Night or early morning,30,TRAFFIC SIGNAL,RAIN,"DARKNESS, LIGHTED ROAD",TURNING,DIVIDED - W/MEDIAN (NOT RAISED),WET,INJURY AND / OR TOW DUE TO CRASH,true,,"OVER $1,500",UNABLE TO DETERMINE,2,NO INDICATION OF INJURY,0,0,41.9098854886,-87.716609866,60651,"CHICAGO MIDWAY AIRPORT, IL US",65.0,62.0,90.0,0.03,5.0,9.0
crash_09340,2018-10-25 16:50:00,2018,10,Oct,Thu,16,Evening commute,25,STOP SIGN/FLASHER,CLEAR,DAYLIGHT,ANGLE,ONE-WAY,DRY,INJURY AND / OR TOW DUE TO CRASH,true,true,"$501 - $1,500",DISREGARDING STOP SIGN,2,"REPORTED, NOT EVIDENT",2,0,41.7324984759,-87.6375840992,60620,"CHICAGO MIDWAY AIRPORT, IL US",49.0,33.0,55.0,0.0,10.0,8.0
crash_09341,2024-01-16 03:55:00,2024,1,Jan,Tue,3,Night or early morning,30,NO CONTROLS,CLEAR,"DARKNESS, LIGHTED ROAD",REAR TO SIDE,NOT DIVIDED,DRY,NO INJURY / DRIVE AWAY,,true,"OVER $1,500",IMPROPER TURNING/NO SIGNAL,2,NO INDICATION OF INJURY,0,0,41.824414561,-87.6339258771,60609,"CHICAGO MIDWAY AIRPORT, IL US",1.0,-8.0,65.0,0.0,8.0,17.0
crash_09342,2020-01-15 20:33:00,2020,1,Jan,Wed,20,Night or early morning,30,NO CONTROLS,CLEAR,"DARKNESS, LIGHTED ROAD",REAR END,DIVIDED - W/MEDIAN (NOT RAISED),WET,NO INJURY / DRIVE AWAY,,,$500 OR LESS,UNABLE TO DETERMINE,2,NO INDICATION OF INJURY,0,0,41.9397780805,-87.6707488092,60657,"CHICAGO MIDWAY AIRPORT, IL US",35.0,31.0,85.0,0.0,5.0,11.0
crash_09343,2023-08-23 07:20:00,2023,8,Aug,Wed,7,Morning commute,40,NO CONTROLS,CLEAR,DAYLIGHT,SIDESWIPE SAME DIRECTION,ONE-WAY,DRY,NO INJURY / DRIVE AWAY,,true,"OVER $1,500",FAILING TO YIELD RIGHT-OF-WAY,2,NO INDICATION OF INJURY,0,0,41.8757854895,-87.6267064251,60605,"CHICAGO MIDWAY AIRPORT, IL US",77.0,74.0,90.0,0.0,5.0,8.0
crash_09344,2021-11-15 17:48:00,2021,11,Nov,Mon,17,Evening commute,30,NO CONTROLS,CLEAR,"DARKNESS, LIGHTED ROAD",HEAD ON,ONE-WAY,DRY,NO INJURY / DRIVE AWAY,,true,$500 OR LESS,IMPROPER BACKING,2,NO INDICATION OF INJURY,0,0,41.7471091669,-87.61345928,60619,"CHICAGO MIDWAY AIRPORT, IL US",35.0,25.0,67.0,0.0,10.0,6.0
crash_09345,2024-05-24 11:30:00,2024,5,May,Fri,11,Daytime,35,NO CONTROLS,CLEAR,DAYLIGHT,PARKED MOTOR VEHICLE,DIVIDED - W/MEDIAN (NOT RAISED),DRY,NO INJURY / DRIVE AWAY,,,"$501 - $1,500",NOT APPLICABLE,2,NO INDICATION OF INJURY,0,0,41.758034227,-87.6829179418,60636,"CHICAGO MIDWAY AIRPORT, IL US",78.0,65.0,64.0,0.0,10.0,5.0
crash_09346,2024-06-25 10:20:00,2024,6,Jun,Tue,10,Daytime,30,NO CONTROLS,CLEAR,DAYLIGHT,TURNING,DIVIDED - W/MEDIAN (NOT RAISED),WET,INJURY AND / OR TOW DUE TO CRASH,,,$500 OR LESS,IMPROPER TURNING/NO SIGNAL,2,NO INDICATION OF INJURY,0,0,41.9531835391,-87.77510102,60634,"CHICAGO OHARE INTERNATIONAL AIRPORT, IL US",72.0,70.0,94.0,0.03,10.0,7.0
crash_09347,2020-12-04 21:30:00,2020,12,Dec,Fri,21,Night or early morning,30,UNKNOWN,UNKNOWN,DARKNESS,FIXED OBJECT,DIVIDED - W/MEDIAN BARRIER,UNKNOWN,INJURY AND / OR TOW DUE TO CRASH,,,"OVER $1,500",NOT APPLICABLE,1,NONINCAPACITATING INJURY,1,0,41.8731527741,-87.6277153356,60605,"CHICAGO MIDWAY AIRPORT, IL US",33.0,27.0,78.0,0.0,10.0,6.0
crash_09348,2018-02-08 17:30:00,2018,2,Feb,Thu,17,Evening commute,30,NO CONTROLS,SNOW,"DARKNESS, LIGHTED ROAD",TURNING,NOT DIVIDED,SNOW OR SLUSH,NO INJURY / DRIVE AWAY,,,"$501 - $1,500",IMPROPER LANE USAGE,2,NO INDICATION OF INJURY,0,0,41.8105924989,-87.5893711119,60615,"CHICAGO MIDWAY AIRPORT, IL US",20.0,13.0,74.0,0.0,9.0,7.0
crash_09349,2019-06-06 05:18:00,2019,6,Jun,Thu,5,Night or early morning,30,NO CONTROLS,CLEAR,UNKNOWN,PARKED MOTOR VEHICLE,ONE-WAY,DRY,NO INJURY / DRIVE AWAY,true,,"OVER $1,500",DISTRACTION - FROM INSIDE VEHICLE,2,NO INDICATION OF INJURY,0,0,41.7484487832,-87.5482127192,60617,"CHICAGO MIDWAY AIRPORT, IL US",59.0,56.0,90.0,0.0,5.0,7.0
crash_09350,2018-02-12 09:45:00,2018,2,Feb,Mon,9,Morning commute,25,NO CONTROLS,CLEAR,DAYLIGHT,SIDESWIPE SAME DIRECTION,NOT DIVIDED,DRY,NO INJURY / DRIVE AWAY,,true,"$501 - $1,500",NOT APPLICABLE,2,NO INDICATION OF INJURY,0,0,41.9023581147,-87.7558395341,60651,"CHICAGO MIDWAY AIRPORT, IL US",20.0,8.0,60.0,0.0,10.0,7.0
crash_09351,2018-09-29 11:00:00,2018,9,Sep,Sat,11,Daytime,30,UNKNOWN,UNKNOWN,DARKNESS,PARKED MOTOR VEHICLE,NOT DIVIDED,UNKNOWN,NO INJURY / DRIVE AWAY,,true,"OVER $1,500",UNABLE TO DETERMINE,2,NO INDICATION OF INJURY,0,0,41.8934843961,-87.7193060847,60624,"CHICAGO MIDWAY AIRPORT, IL US",59.0,34.0,39.0,0.0,10.0,3.0
crash_09352,2018-01-13 17:30:00,2018,1,Jan,Sat,17,Evening commute,30,STOP SIGN/FLASHER,CLEAR,"DARKNESS, LIGHTED ROAD",ANGLE,NOT DIVIDED,DRY,NO INJURY / DRIVE AWAY,true,,"$501 - $1,500",DISREGARDING STOP SIGN,2,NO INDICATION OF INJURY,0,0,41.8136416874,-87.6945145376,60632,"CHICAGO MIDWAY AIRPORT, IL US",14.0,-4.0,44.0,0.0,10.0,6.0
crash_09353,2025-09-05 16:13:00,2025,9,Sep,Fri,16,Evening commute,30,TRAFFIC SIGNAL,CLEAR,DAYLIGHT,PEDESTRIAN,NOT DIVIDED,DRY,INJURY AND / OR TOW DUE TO CRASH,,true,"OVER $1,500",UNABLE TO DETERMINE,2,NONINCAPACITATING INJURY,1,0,41.8484397867,-87.6755979527,60608,,,,,,,
crash_09354,2020-02-07 12:55:00,2020,2,Feb,Fri,12,Daytime,30,TRAFFIC SIGNAL,CLEAR,DAYLIGHT,REAR END,FOUR WAY,WET,INJURY AND / OR TOW DUE TO CRASH,true,,"$501 - $1,500",FOLLOWING TOO CLOSELY,2,NONINCAPACITATING INJURY,1,0,41.9980908432,-87.6606832398,60660,"CHICAGO OHARE INTERNATIONAL AIRPORT, IL US",37.0,13.0,37.0,0.0,10.0,10.0
crash_09355,2024-11-22 18:30:00,2024,11,Nov,Fri,18,Evening commute,25,TRAFFIC SIGNAL,CLOUDY/OVERCAST,"DARKNESS, LIGHTED ROAD",SIDESWIPE SAME DIRECTION,DIVIDED - W/MEDIAN (NOT RAISED),DRY,NO INJURY / DRIVE AWAY,,,"OVER $1,500",IMPROPER LANE USAGE,2,NO INDICATION OF INJURY,0,0,41.9287440784,-87.7025753021,60647,"CHICAGO MIDWAY AIRPORT, IL US",46.0,36.0,68.0,0.0,10.0,11.0
crash_09356,2020-03-07 09:35:00,2020,3,Mar,Sat,9,Morning commute,30,NO CONTROLS,CLEAR,DAYLIGHT,TURNING,NOT DIVIDED,DRY,NO INJURY / DRIVE AWAY,,false,"OVER $1,500",IMPROPER LANE USAGE,2,NO INDICATION OF INJURY,0,0,41.7723260638,-87.722452129,60629,"CHICAGO MIDWAY AIRPORT, IL US",36.0,24.0,62.0,0.0,10.0,10.0
crash_09357,2018-11-30 17:20:00,2018,11,Nov,Fri,17,Evening commute,30,NO CONTROLS,CLEAR,DAYLIGHT,TURNING,NOT DIVIDED,DRY,NO INJURY / DRIVE AWAY,true,,"$501 - $1,500",FOLLOWING TOO CLOSELY,2,NO INDICATION OF INJURY,0,0,41.8613682097,-87.6959545763,60623,"CHICAGO MIDWAY AIRPORT, IL US",38.0,31.0,76.0,0.0,5.0,7.0
crash_09358,2019-10-25 22:13:00,2019,10,Oct,Fri,22,Night or early morning,30,TRAFFIC SIGNAL,CLEAR,"DARKNESS, LIGHTED ROAD",REAR END,NOT DIVIDED,DRY,INJURY AND / OR TOW DUE TO CRASH,,,"OVER $1,500","OPERATING VEHICLE IN ERRATIC, RECKLESS, CARELESS, NEGLIGENT OR AGGRESSIVE MANNER",3,NO INDICATION OF INJURY,0,0,41.7508236851,-87.6353724512,60620,"CHICAGO MIDWAY AIRPORT, IL US",44.0,36.0,73.0,,10.0,0.0
crash_09359,2021-04-27 12:00:00,2021,4,Apr,Tue,12,Daytime,30,TRAFFIC SIGNAL,CLEAR,DAYLIGHT,SIDESWIPE SAME DIRECTION,ONE-WAY,DRY,NO INJURY / DRIVE AWAY,,,"$501 - $1,500",UNABLE TO DETERMINE,2,NO INDICATION OF INJURY,0,0,41.8845862672,-87.6310104459,60601,"CHICAGO MIDWAY AIRPORT, IL US",78.0,51.0,39.0,0.0,10.0,17.0
crash_09360,2023-02-08 16:10:00,2023,2,Feb,Wed,16,Evening commute,30,NO CONTROLS,CLEAR,DAYLIGHT,TURNING,NOT DIVIDED,DRY,NO INJURY / DRIVE AWAY,,,"$501 - $1,500",IMPROPER TURNING/NO SIGNAL,2,NO INDICATION OF INJURY,0,0,41.7966060745,-87.7430040257,60638,"CHICAGO MIDWAY AIRPORT, IL US",42.0,27.0,55.0,0.0,10.0,6.0
crash_09361,2020-03-31 06:00:00,2020,3,Mar,Tue,6,Morning commute,35,TRAFFIC SIGNAL,CLEAR,DAWN,REAR END,DIVIDED - W/MEDIAN BARRIER,DRY,INJURY AND / OR TOW DUE TO CRASH,true,,"OVER $1,500",DISTRACTION - FROM OUTSIDE VEHICLE,2,NO INDICATION OF INJURY,0,0,41.7361825711,-87.6436598151,60620,"CHICAGO MIDWAY AIRPORT, IL US",37.0,32.0,82.0,0.0,10.0,15.0
crash_09362,2022-06-01 07:40:00,2022,6,Jun,Wed,7,Morning commute,10,NO CONTROLS,CLEAR,DAYLIGHT,ANGLE,ALLEY,DRY,NO INJURY / DRIVE AWAY,,,"OVER $1,500",FAILING TO YIELD RIGHT-OF-WAY,2,NO INDICATION OF INJURY,0,0,41.8540943626,-87.6777683017,60608,"CHICAGO MIDWAY AIRPORT, IL US",71.0,62.0,73.0,,10.0,9.0
crash_09363,2019-12-05 17:30:00,2019,12,Dec,Thu,17,Evening commute,30,TRAFFIC SIGNAL,CLEAR,DAYLIGHT,TURNING,ONE-WAY,DRY,NO INJURY / DRIVE AWAY,true,,"OVER $1,500",IMPROPER LANE USAGE,2,NO INDICATION OF INJURY,0,0,41.889125488,-87.6294224888,60654,"CHICAGO MIDWAY AIRPORT, IL US",45.0,33.0,63.0,0.0,10.0,6.0
crash_09364,2018-01-25 11:30:00,2018,1,Jan,Thu,11,Daytime,30,NO CONTROLS,CLEAR,DAYLIGHT,REAR END,NOT DIVIDED,DRY,NO INJURY / DRIVE AWAY,,,"OVER $1,500",FOLLOWING TOO CLOSELY,2,NO INDICATION OF INJURY,0,0,41.8918389418,-87.7748872978,60644,"CHICAGO MIDWAY AIRPORT, IL US",39.0,29.0,67.0,0.0,10.0,14.0
crash_09365,2021-10-15 13:35:00,2021,10,Oct,Fri,13,Daytime,30,UNKNOWN,CLOUDY/OVERCAST,UNKNOWN,TURNING,UNKNOWN,UNKNOWN,NO INJURY / DRIVE AWAY,,,"OVER $1,500",UNABLE TO DETERMINE,2,NO INDICATION OF INJURY,0,0,41.9735642348,-87.8170740595,60656,"CHICAGO OHARE INTERNATIONAL AIRPORT, IL US",58.0,47.0,67.0,0.0,10.0,10.0
crash_09366,2021-08-08 12:56:00,2021,8,Aug,Sun,12,Daytime,30,TRAFFIC SIGNAL,CLEAR,DAYLIGHT,TURNING,DIVIDED - W/MEDIAN (NOT RAISED),DRY,INJURY AND / OR TOW DUE TO CRASH,,,"OVER $1,500",UNABLE TO DETERMINE,2,"REPORTED, NOT EVIDENT",2,0,41.7451262475,-87.6537406849,60620,"CHICAGO MIDWAY AIRPORT, IL US",90.0,68.0,48.0,0.0,10.0,18.0
crash_09367,2024-12-08 15:15:00,2024,12,Dec,Sun,15,Evening commute,30,NO CONTROLS,CLEAR,DAYLIGHT,SIDESWIPE SAME DIRECTION,NOT DIVIDED,DRY,NO INJURY / DRIVE AWAY,,,"OVER $1,500",IMPROPER OVERTAKING/PASSING,2,NO INDICATION OF INJURY,0,0,41.9928754428,-87.7835214846,60646,"CHICAGO OHARE INTERNATIONAL AIRPORT, IL US",55.0,37.0,51.0,,10.0,9.0
crash_09368,2024-10-31 16:30:00,2024,10,Oct,Thu,16,Evening commute,30,NO CONTROLS,CLEAR,DAYLIGHT,FIXED OBJECT,DIVIDED - W/MEDIAN (NOT RAISED),DRY,NO INJURY / DRIVE AWAY,,,"OVER $1,500",UNABLE TO DETERMINE,1,NO INDICATION OF INJURY,0,0,41.818944967,-87.6364636605,60609,"CHICAGO MIDWAY AIRPORT, IL US",55.0,40.0,57.0,0.0,10.0,20.0
crash_09369,2021-04-09 16:00:00,2021,4,Apr,Fri,16,Evening commute,35,RR CROSSING SIGN,CLEAR,DAYLIGHT,REAR END,DIVIDED - W/MEDIAN (NOT RAISED),DRY,NO INJURY / DRIVE AWAY,,,"OVER $1,500",DRIVING SKILLS/KNOWLEDGE/EXPERIENCE,2,NO INDICATION OF INJURY,0,0,41.659003412,-87.614901778,60827,"CHICAGO MIDWAY AIRPORT, IL US",61.0,46.0,58.0,0.0,10.0,17.0
crash_09370,2024-01-05 13:41:00,2024,1,Jan,Fri,13,Daytime,30,NO CONTROLS,CLEAR,DAYLIGHT,SIDESWIPE SAME DIRECTION,DIVIDED - W/MEDIAN (NOT RAISED),DRY,INJURY AND / OR TOW DUE TO CRASH,,,"OVER $1,500",FAILING TO YIELD RIGHT-OF-WAY,2,NO INDICATION OF INJURY,0,0,41.7092768016,-87.6815623498,60643,"CHICAGO MIDWAY AIRPORT, IL US",37.0,23.0,57.0,0.0,10.0,7.0
crash_09371,2025-02-06 08:30:00,2025,2,Feb,Thu,8,Morning commute,30,NO CONTROLS,FREEZING RAIN/DRIZZLE,DAYLIGHT,SIDESWIPE OPPOSITE DIRECTION,NOT DIVIDED,ICE,NO INJURY / DRIVE AWAY,,true,$500 OR LESS,WEATHER,2,NO INDICATION OF INJURY,0,0,41.8030461464,-87.7220067336,60632,"CHICAGO MIDWAY AIRPORT, IL US",32.0,26.0,79.0,,10.0,16.0