crash_id,crash_datetime,crash_year,crash_month,crash_month_name,crash_weekday_name,crash_hour,time_period,posted_speed_limit_mph,traffic_control_device,reported_weather_condition,reported_lighting_condition,first_crash_type,trafficway_type,reported_road_surface_condition,crash_type,intersection_related,hit_and_run,estimated_damage,primary_contributory_cause,unit_count,most_severe_injury,injuries_total,injuries_fatal,latitude,longitude,zip5,weather_station_name,temperature_f,dew_point_f,relative_humidity_percent,precipitation_inches,visibility_miles,wind_speed_mph
crash_09372,2018-03-05 14:20:00,2018,3,Mar,Mon,14,Daytime,35,NO CONTROLS,CLEAR,DAYLIGHT,ANGLE,DIVIDED - W/MEDIAN (NOT RAISED),DRY,INJURY AND / OR TOW DUE TO CRASH,,,"OVER $1,500",IMPROPER BACKING,2,NO INDICATION OF INJURY,0,0,42.0053190908,-87.7619341967,60646,"CHICAGO OHARE INTERNATIONAL AIRPORT, IL US",38.0,19.0,46.0,0.0,10.0,22.0
crash_09373,2022-06-25 02:07:00,2022,6,Jun,Sat,2,Night or early morning,25,UNKNOWN,UNKNOWN,UNKNOWN,FIXED OBJECT,UNKNOWN,UNKNOWN,INJURY AND / OR TOW DUE TO CRASH,,,"OVER $1,500",UNABLE TO DETERMINE,1,NO INDICATION OF INJURY,0,0,41.8518730578,-87.7053867839,60623,"CHICAGO MIDWAY AIRPORT, IL US",76.0,55.0,48.0,0.0,10.0,6.0
crash_09374,2025-05-06 17:15:00,2025,5,May,Tue,17,Evening commute,30,STOP SIGN/FLASHER,CLEAR,DAYLIGHT,PEDALCYCLIST,FOUR WAY,WET,NO INJURY / DRIVE AWAY,true,,"OVER $1,500",FAILING TO YIELD RIGHT-OF-WAY,2,NO INDICATION OF INJURY,0,0,42.0160434401,-87.6704615002,60626,"CHICAGO OHARE INTERNATIONAL AIRPORT, IL US",77.0,50.0,39.0,0.0,10.0,9.0
crash_09375,2018-08-31 23:00:00,2018,8,Aug,Fri,23,Night or early morning,30,STOP SIGN/FLASHER,CLEAR,"DARKNESS, LIGHTED ROAD",TURNING,DIVIDED - W/MEDIAN (NOT RAISED),DRY,INJURY AND / OR TOW DUE TO CRASH,true,,"OVER $1,500",UNABLE TO DETERMINE,2,NONINCAPACITATING INJURY,2,0,41.7158702032,-87.6432101395,60643,"CHICAGO MIDWAY AIRPORT, IL US",73.0,69.0,87.0,0.0,10.0,10.0
crash_09376,2021-01-21 18:40:00,2021,1,Jan,Thu,18,Evening commute,30,TRAFFIC SIGNAL,CLEAR,DARKNESS,REAR END,NOT DIVIDED,DRY,NO INJURY / DRIVE AWAY,true,,"OVER $1,500",FOLLOWING TOO CLOSELY,2,NO INDICATION OF INJURY,0,0,41.7934783622,-87.6744262209,60636,"CHICAGO MIDWAY AIRPORT, IL US",35.0,22.0,59.0,0.0,10.0,15.0
crash_09377,2025-10-24 15:39:00,2025,10,Oct,Fri,15,Evening commute,30,TRAFFIC SIGNAL,CLEAR,DAYLIGHT,REAR END,FOUR WAY,DRY,INJURY AND / OR TOW DUE TO CRASH,,,"OVER $1,500",DISTRACTION - FROM INSIDE VEHICLE,2,NONINCAPACITATING INJURY,1,0,41.8768543005,-87.7450001961,60644,,,,,,,
crash_09378,2025-12-18 19:00:00,2025,12,Dec,Thu,19,Night or early morning,25,NO CONTROLS,CLEAR,"DARKNESS, LIGHTED ROAD",TURNING,RAMP,DRY,NO INJURY / DRIVE AWAY,,,"OVER $1,500",IMPROPER OVERTAKING/PASSING,2,NO INDICATION OF INJURY,0,0,41.9107619487,-87.6661209959,60642,,,,,,,
crash_09379,2019-02-03 15:50:00,2019,2,Feb,Sun,15,Evening commute,30,NO CONTROLS,SNOW,DAYLIGHT,SIDESWIPE OPPOSITE DIRECTION,DIVIDED - W/MEDIAN (NOT RAISED),SNOW OR SLUSH,INJURY AND / OR TOW DUE TO CRASH,,,"OVER $1,500",WEATHER,2,NO INDICATION OF INJURY,0,0,41.8091509622,-87.6245362225,60615,"CHICAGO MIDWAY AIRPORT, IL US",45.0,43.0,93.0,0.0,9.0,8.0
crash_09380,2021-08-29 11:50:00,2021,8,Aug,Sun,11,Daytime,30,TRAFFIC SIGNAL,CLEAR,DAYLIGHT,ANGLE,FOUR WAY,DRY,INJURY AND / OR TOW DUE TO CRASH,true,,"OVER $1,500",FAILING TO YIELD RIGHT-OF-WAY,2,INCAPACITATING INJURY,3,0,41.8577891552,-87.6257559805,60616,"CHICAGO MIDWAY AIRPORT, IL US",88.0,70.0,55.0,0.0,10.0,21.0
crash_09381,2021-06-28 11:30:00,2021,6,Jun,Mon,11,Daytime,30,TRAFFIC SIGNAL,CLEAR,DAYLIGHT,SIDESWIPE SAME DIRECTION,DIVIDED - W/MEDIAN (NOT RAISED),UNKNOWN,NO INJURY / DRIVE AWAY,true,,"OVER $1,500",IMPROPER LANE USAGE,2,NO INDICATION OF INJURY,0,0,41.9396811943,-87.6784787727,60618,"CHICAGO MIDWAY AIRPORT, IL US",79.0,67.0,67.0,,10.0,5.0
crash_09382,2020-11-20 17:38:00,2020,11,Nov,Fri,17,Evening commute,30,NO CONTROLS,CLEAR,DAWN,REAR END,NOT DIVIDED,DRY,INJURY AND / OR TOW DUE TO CRASH,,,"OVER $1,500",NOT APPLICABLE,2,NO INDICATION OF INJURY,0,0,41.9614333177,-87.7553452368,60630,"CHICAGO OHARE INTERNATIONAL AIRPORT, IL US",54.0,30.0,40.0,0.0,10.0,6.0
crash_09383,2021-07-04 21:58:00,2021,7,Jul,Sun,21,Night or early morning,30,TRAFFIC SIGNAL,CLEAR,"DARKNESS, LIGHTED ROAD",PEDESTRIAN,ONE-WAY,DRY,INJURY AND / OR TOW DUE TO CRASH,true,true,"$501 - $1,500",DISREGARDING TRAFFIC SIGNALS,2,NONINCAPACITATING INJURY,1,0,41.8920193534,-87.6137716434,60611,"CHICAGO MIDWAY AIRPORT, IL US",81.0,66.0,61.0,0.0,9.0,8.0
crash_09384,2020-01-18 19:26:00,2020,1,Jan,Sat,19,Night or early morning,30,TRAFFIC SIGNAL,CLEAR,DARKNESS,REAR END,NOT DIVIDED,ICE,NO INJURY / DRIVE AWAY,,true,"OVER $1,500",UNABLE TO DETERMINE,4,NO INDICATION OF INJURY,0,0,41.7212557309,-87.6675509456,60620,"CHICAGO MIDWAY AIRPORT, IL US",14.0,5.0,67.0,0.0,9.0,20.0
crash_09385,2024-08-17 00:09:00,2024,8,Aug,Sat,0,Night or early morning,30,NO CONTROLS,CLEAR,DAWN,PARKED MOTOR VEHICLE,FOUR WAY,DRY,NO INJURY / DRIVE AWAY,true,true,"OVER $1,500",UNABLE TO DETERMINE,3,NO INDICATION OF INJURY,0,0,41.8991445969,-87.7249099673,60651,"CHICAGO MIDWAY AIRPORT, IL US",72.0,67.0,84.0,0.0,10.0,8.0
crash_09386,2021-05-12 14:45:00,2021,5,May,Wed,14,Daytime,20,NO CONTROLS,CLEAR,DAYLIGHT,REAR END,PARKING LOT,DRY,NO INJURY / DRIVE AWAY,,,"OVER $1,500",IMPROPER BACKING,2,NO INDICATION OF INJURY,0,0,41.976201139,-87.9053091251,60666,"CHICAGO OHARE INTERNATIONAL AIRPORT, IL US",61.0,25.0,25.0,0.0,10.0,6.0
crash_09387,2019-08-06 06:17:00,2019,8,Aug,Tue,6,Morning commute,25,TRAFFIC SIGNAL,CLEAR,DAYLIGHT,SIDESWIPE SAME DIRECTION,ONE-WAY,DRY,INJURY AND / OR TOW DUE TO CRASH,,,"OVER $1,500",FAILING TO YIELD RIGHT-OF-WAY,2,NO INDICATION OF INJURY,0,0,41.8112179852,-87.6211161412,60653,"CHICAGO MIDWAY AIRPORT, IL US",71.0,69.0,94.0,0.0,9.0,10.0
crash_09388,2024-07-31 13:42:00,2024,7,Jul,Wed,13,Daytime,30,NO CONTROLS,CLEAR,DAYLIGHT,PARKED MOTOR VEHICLE,NOT DIVIDED,DRY,NO INJURY / DRIVE AWAY,,true,"$501 - $1,500",DRIVING SKILLS/KNOWLEDGE/EXPERIENCE,2,NO INDICATION OF INJURY,0,0,41.902219169,-87.689322564,60622,"CHICAGO MIDWAY AIRPORT, IL US",89.0,70.0,53.0,0.0,10.0,5.0
crash_09389,2019-03-16 11:30:00,2019,3,Mar,Sat,11,Daytime,30,NO CONTROLS,CLEAR,DAYLIGHT,SIDESWIPE SAME DIRECTION,DIVIDED - W/MEDIAN (NOT RAISED),DRY,NO INJURY / DRIVE AWAY,,,$500 OR LESS,UNABLE TO DETERMINE,2,NO INDICATION OF INJURY,0,0,41.7417416514,-87.6630733293,60620,"CHICAGO MIDWAY AIRPORT, IL US",38.0,19.0,46.0,0.0,10.0,11.0
crash_09390,2021-02-13 03:52:00,2021,2,Feb,Sat,3,Night or early morning,30,TRAFFIC SIGNAL,SNOW,"DARKNESS, LIGHTED ROAD",REAR END,NOT DIVIDED,SNOW OR SLUSH,NO INJURY / DRIVE AWAY,,,"OVER $1,500",WEATHER,2,NO INDICATION OF INJURY,0,0,41.9031687002,-87.6847060416,60622,"CHICAGO MIDWAY AIRPORT, IL US",7.0,0.0,73.0,0.0,1.75,16.0
crash_09391,2021-05-08 23:09:00,2021,5,May,Sat,23,Night or early morning,30,NO CONTROLS,RAIN,"DARKNESS, LIGHTED ROAD",SIDESWIPE SAME DIRECTION,NOT DIVIDED,WET,INJURY AND / OR TOW DUE TO CRASH,,,"OVER $1,500",FAILING TO YIELD RIGHT-OF-WAY,2,NO INDICATION OF INJURY,0,0,41.8580086047,-87.6598719743,60608,"CHICAGO MIDWAY AIRPORT, IL US",42.0,37.0,82.0,0.1,6.0,8.0
crash_09392,2025-04-21 20:00:00,2025,4,Apr,Mon,20,Night or early morning,15,NO CONTROLS,CLEAR,DAYLIGHT,PARKED MOTOR VEHICLE,NOT DIVIDED,UNKNOWN,NO INJURY / DRIVE AWAY,,,"OVER $1,500",DRIVING SKILLS/KNOWLEDGE/EXPERIENCE,2,NO INDICATION OF INJURY,0,0,41.7784213364,-87.7029760581,60629,"CHICAGO MIDWAY AIRPORT, IL US",56.0,40.0,55.0,0.0,10.0,9.0
crash_09393,2023-05-27 22:00:00,2023,5,May,Sat,22,Night or early morning,25,TRAFFIC SIGNAL,CLEAR,"DARKNESS, LIGHTED ROAD",REAR END,NOT DIVIDED,DRY,NO INJURY / DRIVE AWAY,,,"OVER $1,500",UNABLE TO DETERMINE,2,NO INDICATION OF INJURY,0,0,42.0042414461,-87.6798855761,60626,"CHICAGO OHARE INTERNATIONAL AIRPORT, IL US",61.0,37.0,41.0,0.0,10.0,7.0
crash_09394,2022-04-07 16:45:00,2022,4,Apr,Thu,16,Evening commute,30,STOP SIGN/FLASHER,RAIN,DAYLIGHT,FIXED OBJECT,T-INTERSECTION,WET,INJURY AND / OR TOW DUE TO CRASH,,true,"OVER $1,500",UNABLE TO DETERMINE,1,NO INDICATION OF INJURY,0,0,41.9556637219,-87.7204655485,60618,"CHICAGO OHARE INTERNATIONAL AIRPORT, IL US",43.0,37.0,80.0,0.02,10.0,14.0
crash_09395,2019-10-23 23:00:00,2019,10,Oct,Wed,23,Night or early morning,30,TRAFFIC SIGNAL,CLEAR,"DARKNESS, LIGHTED ROAD",REAR END,NOT DIVIDED,DRY,NO INJURY / DRIVE AWAY,true,,"$501 - $1,500",FAILING TO REDUCE SPEED TO AVOID CRASH,2,NO INDICATION OF INJURY,0,0,41.7723714335,-87.6592296705,60636,"CHICAGO MIDWAY AIRPORT, IL US",53.0,46.0,77.0,0.01,10.0,8.0
crash_09396,2019-12-31 22:50:00,2019,12,Dec,Tue,22,Night or early morning,30,NO CONTROLS,CLEAR,"DARKNESS, LIGHTED ROAD",ANGLE,NOT DIVIDED,WET,INJURY AND / OR TOW DUE TO CRASH,true,true,"OVER $1,500",FAILING TO REDUCE SPEED TO AVOID CRASH,3,NO INDICATION OF INJURY,0,0,41.9040185977,-87.7556677503,60651,"CHICAGO MIDWAY AIRPORT, IL US",29.0,22.0,75.0,0.0,10.0,17.0
crash_09397,2023-03-26 13:40:00,2023,3,Mar,Sun,13,Daytime,50,NO CONTROLS,RAIN,DAYLIGHT,SIDESWIPE SAME DIRECTION,DIVIDED - W/MEDIAN BARRIER,WET,NO INJURY / DRIVE AWAY,,true,"OVER $1,500",DRIVING SKILLS/KNOWLEDGE/EXPERIENCE,2,NO INDICATION OF INJURY,0,0,41.7914202821,-87.5801477687,60637,"CHICAGO MIDWAY AIRPORT, IL US",45.0,28.0,53.0,,10.0,14.0
crash_09398,2025-07-18 17:00:00,2025,7,Jul,Fri,17,Evening commute,25,NO CONTROLS,CLEAR,UNKNOWN,PARKED MOTOR VEHICLE,NOT DIVIDED,DRY,NO INJURY / DRIVE AWAY,,true,"$501 - $1,500",UNABLE TO DETERMINE,2,NO INDICATION OF INJURY,0,0,41.9186088912,-87.765574479,60639,"CHICAGO OHARE INTERNATIONAL AIRPORT, IL US",79.0,62.0,56.0,0.0,10.0,7.0
crash_09399,2023-06-09 16:40:00,2023,6,Jun,Fri,16,Evening commute,30,UNKNOWN,UNKNOWN,UNKNOWN,TURNING,FOUR WAY,UNKNOWN,NO INJURY / DRIVE AWAY,true,,"OVER $1,500",UNABLE TO DETERMINE,2,NO INDICATION OF INJURY,0,0,41.9034697978,-87.6585224002,60642,"CHICAGO MIDWAY AIRPORT, IL US",77.0,38.0,24.0,0.0,10.0,10.0
crash_09400,2024-03-06 01:00:00,2024,3,Mar,Wed,1,Night or early morning,30,NO CONTROLS,CLEAR,"DARKNESS, LIGHTED ROAD",PARKED MOTOR VEHICLE,NOT DIVIDED,DRY,NO INJURY / DRIVE AWAY,,true,"$501 - $1,500",UNABLE TO DETERMINE,2,NO INDICATION OF INJURY,0,0,41.972537233,-87.778389179,60630,"CHICAGO OHARE INTERNATIONAL AIRPORT, IL US",40.0,36.0,86.0,0.0,10.0,13.0
crash_09401,2021-05-27 09:00:00,2021,5,May,Thu,9,Morning commute,30,NO CONTROLS,UNKNOWN,UNKNOWN,PARKED MOTOR VEHICLE,ALLEY,UNKNOWN,NO INJURY / DRIVE AWAY,,true,"$501 - $1,500",UNABLE TO DETERMINE,2,NO INDICATION OF INJURY,0,0,41.6852846288,-87.6160688305,60628,"CHICAGO MIDWAY AIRPORT, IL US",56.0,42.0,60.0,0.0,10.0,15.0
crash_09402,2022-06-10 02:39:00,2022,6,Jun,Fri,2,Night or early morning,15,STOP SIGN/FLASHER,UNKNOWN,"DARKNESS, LIGHTED ROAD",FIXED OBJECT,PARKING LOT,UNKNOWN,NO INJURY / DRIVE AWAY,,true,"OVER $1,500",UNABLE TO DETERMINE,1,NO INDICATION OF INJURY,0,0,41.7495420792,-87.5854523268,60617,"CHICAGO MIDWAY AIRPORT, IL US",63.0,48.0,58.0,0.0,10.0,3.0
crash_09403,2024-01-13 20:03:00,2024,1,Jan,Sat,20,Night or early morning,25,NO CONTROLS,SNOW,"DARKNESS, LIGHTED ROAD",FIXED OBJECT,ONE-WAY,SNOW OR SLUSH,INJURY AND / OR TOW DUE TO CRASH,,,"OVER $1,500",UNABLE TO DETERMINE,1,NO INDICATION OF INJURY,0,0,41.971737014,-87.7332072211,60630,"CHICAGO OHARE INTERNATIONAL AIRPORT, IL US",8.0,2.0,76.0,0.0,2.0,17.0
crash_09404,2023-02-24 21:15:00,2023,2,Feb,Fri,21,Night or early morning,25,NO CONTROLS,UNKNOWN,DARKNESS,PARKED MOTOR VEHICLE,NOT DIVIDED,UNKNOWN,NO INJURY / DRIVE AWAY,,true,"OVER $1,500",UNABLE TO DETERMINE,2,NO INDICATION OF INJURY,0,0,42.0117141229,-87.6634028975,60626,"CHICAGO OHARE INTERNATIONAL AIRPORT, IL US",25.0,19.0,78.0,0.0,0.75,8.0
crash_09405,2023-07-23 00:37:00,2023,7,Jul,Sun,0,Night or early morning,30,TRAFFIC SIGNAL,CLEAR,"DARKNESS, LIGHTED ROAD",TURNING,DIVIDED - W/MEDIAN (NOT RAISED),DRY,INJURY AND / OR TOW DUE TO CRASH,true,true,"OVER $1,500",DISREGARDING TRAFFIC SIGNALS,2,NO INDICATION OF INJURY,0,0,41.7858884944,-87.7231065914,60629,"CHICAGO MIDWAY AIRPORT, IL US",69.0,60.0,73.0,0.0,10.0,10.0
crash_09406,2025-04-28 07:45:00,2025,4,Apr,Mon,7,Morning commute,30,NO CONTROLS,CLEAR,DAYLIGHT,SIDESWIPE SAME DIRECTION,ONE-WAY,UNKNOWN,NO INJURY / DRIVE AWAY,,,"OVER $1,500",UNABLE TO DETERMINE,2,NO INDICATION OF INJURY,0,0,41.9469045561,-87.6823446039,60618,"CHICAGO MIDWAY AIRPORT, IL US",60.0,40.0,47.0,0.0,10.0,9.0
crash_09407,2022-05-07 14:54:00,2022,5,May,Sat,14,Daytime,30,NO CONTROLS,CLEAR,DAYLIGHT,REAR END,DIVIDED - W/MEDIAN (NOT RAISED),DRY,INJURY AND / OR TOW DUE TO CRASH,,,"OVER $1,500",FAILING TO REDUCE SPEED TO AVOID CRASH,3,"REPORTED, NOT EVIDENT",1,0,41.9106894047,-87.6555463578,60642,"CHICAGO MIDWAY AIRPORT, IL US",64.0,30.0,28.0,0.0,10.0,16.0
crash_09408,2023-10-15 00:00:00,2023,10,Oct,Sun,0,Night or early morning,30,NO CONTROLS,CLEAR,DUSK,PARKED MOTOR VEHICLE,NOT DIVIDED,DRY,NO INJURY / DRIVE AWAY,,,"$501 - $1,500",NOT APPLICABLE,2,NO INDICATION OF INJURY,0,0,41.7933407457,-87.7214927295,60632,"CHICAGO MIDWAY AIRPORT, IL US",51.0,47.0,86.0,0.01,10.0,13.0
crash_09409,2024-09-11 13:50:00,2024,9,Sep,Wed,13,Daytime,30,NO CONTROLS,CLEAR,DAYLIGHT,TURNING,NOT DIVIDED,DRY,NO INJURY / DRIVE AWAY,,,"OVER $1,500",UNABLE TO DETERMINE,2,NO INDICATION OF INJURY,0,0,41.8206694491,-87.7436558689,60638,"CHICAGO MIDWAY AIRPORT, IL US",85.0,46.0,26.0,0.0,10.0,7.0
crash_09410,2024-04-28 11:50:00,2024,4,Apr,Sun,11,Daytime,30,NO CONTROLS,CLEAR,DAYLIGHT,PARKED MOTOR VEHICLE,NOT DIVIDED,DRY,NO INJURY / DRIVE AWAY,,true,"OVER $1,500",NOT APPLICABLE,2,NO INDICATION OF INJURY,0,0,41.9975803882,-87.6922577604,60659,"CHICAGO OHARE INTERNATIONAL AIRPORT, IL US",62.0,58.0,86.0,0.0,10.0,7.0
crash_09411,2023-12-17 16:37:00,2023,12,Dec,Sun,16,Evening commute,10,NO CONTROLS,CLEAR,DUSK,ANGLE,PARKING LOT,DRY,NO INJURY / DRIVE AWAY,,,"OVER $1,500",UNABLE TO DETERMINE,2,NO INDICATION OF INJURY,0,0,41.9314694372,-87.743010632,60639,"CHICAGO OHARE INTERNATIONAL AIRPORT, IL US",39.0,33.0,79.0,0.0,10.0,11.0
crash_09412,2020-08-28 13:15:00,2020,8,Aug,Fri,13,Daytime,30,NO CONTROLS,CLEAR,DAYLIGHT,TURNING,DIVIDED - W/MEDIAN BARRIER,DRY,NO INJURY / DRIVE AWAY,,,"$501 - $1,500",UNABLE TO DETERMINE,2,NO INDICATION OF INJURY,0,0,41.6592572446,-87.6050478771,60628,"CHICAGO MIDWAY AIRPORT, IL US",92.0,66.0,43.0,0.0,10.0,10.0
crash_09413,2024-10-15 10:56:00,2024,10,Oct,Tue,10,Daytime,30,TRAFFIC SIGNAL,RAIN,DAYLIGHT,REAR END,DIVIDED - W/MEDIAN BARRIER,WET,NO INJURY / DRIVE AWAY,,true,"OVER $1,500",FAILING TO REDUCE SPEED TO AVOID CRASH,2,NO INDICATION OF INJURY,0,0,41.8492375821,-87.6185348032,60616,"CHICAGO MIDWAY AIRPORT, IL US",45.0,40.0,83.0,0.03,9.0,16.0
crash_09414,2024-05-18 16:20:00,2024,5,May,Sat,16,Evening commute,30,UNKNOWN,CLEAR,DAYLIGHT,PARKED MOTOR VEHICLE,PARKING LOT,DRY,NO INJURY / DRIVE AWAY,,true,"OVER $1,500",UNABLE TO DETERMINE,2,NO INDICATION OF INJURY,0,0,41.9688451817,-87.6793347247,60625,"CHICAGO OHARE INTERNATIONAL AIRPORT, IL US",84.0,58.0,41.0,0.0,10.0,10.0
crash_09415,2022-07-25 13:25:00,2022,7,Jul,Mon,13,Daytime,30,NO CONTROLS,CLEAR,DAYLIGHT,SIDESWIPE SAME DIRECTION,DIVIDED - W/MEDIAN (NOT RAISED),DRY,NO INJURY / DRIVE AWAY,,,"OVER $1,500",UNABLE TO DETERMINE,2,NO INDICATION OF INJURY,0,0,41.8124912705,-87.6846906077,60632,"CHICAGO MIDWAY AIRPORT, IL US",75.0,58.0,55.0,0.0,10.0,13.0
crash_09416,2024-03-06 23:00:00,2024,3,Mar,Wed,23,Night or early morning,15,NO CONTROLS,CLEAR,"DARKNESS, LIGHTED ROAD",SIDESWIPE OPPOSITE DIRECTION,NOT DIVIDED,DRY,NO INJURY / DRIVE AWAY,,true,"$501 - $1,500",UNABLE TO DETERMINE,2,NO INDICATION OF INJURY,0,0,41.9100412558,-87.7493681694,60639,"CHICAGO MIDWAY AIRPORT, IL US",44.0,20.0,38.0,0.0,10.0,18.0
crash_09417,2018-06-13 21:00:00,2018,6,Jun,Wed,21,Night or early morning,20,NO CONTROLS,CLEAR,"DARKNESS, LIGHTED ROAD",PARKED MOTOR VEHICLE,NOT DIVIDED,DRY,NO INJURY / DRIVE AWAY,,true,$500 OR LESS,FOLLOWING TOO CLOSELY,2,NO INDICATION OF INJURY,0,0,41.6938848225,-87.6835701527,60655,"CHICAGO MIDWAY AIRPORT, IL US",72.0,48.0,43.0,0.0,10.0,5.0
crash_09418,2025-04-18 13:00:00,2025,4,Apr,Fri,13,Daytime,30,UNKNOWN,UNKNOWN,UNKNOWN,FIXED OBJECT,ALLEY,UNKNOWN,NO INJURY / DRIVE AWAY,,true,"OVER $1,500",UNABLE TO DETERMINE,1,NO INDICATION OF INJURY,0,0,41.7649230256,-87.6129712042,60619,"CHICAGO MIDWAY AIRPORT, IL US",77.0,59.0,54.0,0.0,10.0,16.0
crash_09419,2021-06-28 04:07:00,2021,6,Jun,Mon,4,Night or early morning,35,TRAFFIC SIGNAL,RAIN,"DARKNESS, LIGHTED ROAD",FIXED OBJECT,DIVIDED - W/MEDIAN BARRIER,WET,INJURY AND / OR TOW DUE TO CRASH,,,"OVER $1,500",UNABLE TO DETERMINE,1,NO INDICATION OF INJURY,0,0,41.7916165742,-87.5799369721,60637,"CHICAGO MIDWAY AIRPORT, IL US",67.0,62.0,84.0,0.05,10.0,8.0
crash_09420,2024-11-20 11:00:00,2024,11,Nov,Wed,11,Daytime,30,NO CONTROLS,CLEAR,DAYLIGHT,PARKED MOTOR VEHICLE,DIVIDED - W/MEDIAN BARRIER,DRY,NO INJURY / DRIVE AWAY,,true,"OVER $1,500",UNABLE TO DETERMINE,2,NO INDICATION OF INJURY,0,0,41.9093389653,-87.7597948672,60651,"CHICAGO MIDWAY AIRPORT, IL US",48.0,29.0,48.0,0.0,10.0,14.0
crash_09421,2020-05-25 18:49:00,2020,5,May,Mon,18,Evening commute,30,NO CONTROLS,CLEAR,DAYLIGHT,PARKED MOTOR VEHICLE,ONE-WAY,DRY,NO INJURY / DRIVE AWAY,,,$500 OR LESS,DRIVING SKILLS/KNOWLEDGE/EXPERIENCE,2,NO INDICATION OF INJURY,0,0,41.901660208,-87.7485522089,60651,"CHICAGO MIDWAY AIRPORT, IL US",80.0,61.0,52.0,0.0,10.0,10.0
crash_09422,2018-02-28 08:50:00,2018,2,Feb,Wed,8,Morning commute,30,TRAFFIC SIGNAL,CLEAR,DAYLIGHT,SIDESWIPE SAME DIRECTION,NOT DIVIDED,DRY,NO INJURY / DRIVE AWAY,true,,"OVER $1,500",IMPROPER LANE USAGE,2,NO INDICATION OF INJURY,0,0,41.826351256,-87.6653332408,60609,"CHICAGO MIDWAY AIRPORT, IL US",55.0,46.0,72.0,0.0,10.0,13.0
crash_09423,2021-08-17 11:25:00,2021,8,Aug,Tue,11,Daytime,35,NO CONTROLS,CLEAR,DAYLIGHT,REAR END,NOT DIVIDED,DRY,NO INJURY / DRIVE AWAY,,,"OVER $1,500",UNABLE TO DETERMINE,3,NO INDICATION OF INJURY,0,0,41.9535135074,-87.7484085088,60641,"CHICAGO OHARE INTERNATIONAL AIRPORT, IL US",80.0,63.0,56.0,0.0,10.0,6.0
crash_09424,2021-10-14 13:45:00,2021,10,Oct,Thu,13,Daytime,30,STOP SIGN/FLASHER,UNKNOWN,UNKNOWN,PARKED MOTOR VEHICLE,NOT DIVIDED,UNKNOWN,NO INJURY / DRIVE AWAY,,true,"OVER $1,500",HAD BEEN DRINKING (USE WHEN ARREST IS NOT MADE),2,NO INDICATION OF INJURY,0,0,41.7142634357,-87.6285421653,60628,"CHICAGO MIDWAY AIRPORT, IL US",66.0,46.0,49.0,0.0,10.0,9.0
crash_09425,2023-04-06 22:07:00,2023,4,Apr,Thu,22,Night or early morning,30,NO CONTROLS,CLEAR,"DARKNESS, LIGHTED ROAD",PEDESTRIAN,PARKING LOT,DRY,INJURY AND / OR TOW DUE TO CRASH,,,"OVER $1,500",UNABLE TO DETERMINE,2,NONINCAPACITATING INJURY,1,0,41.8773677624,-87.6338535675,60606,"CHICAGO MIDWAY AIRPORT, IL US",44.0,24.0,45.0,0.0,10.0,6.0
crash_09426,2021-11-25 18:08:00,2021,11,Nov,Thu,18,Evening commute,20,NO CONTROLS,CLEAR,DARKNESS,SIDESWIPE SAME DIRECTION,ONE-WAY,DRY,NO INJURY / DRIVE AWAY,,,"OVER $1,500",UNABLE TO DETERMINE,2,NO INDICATION OF INJURY,0,0,41.7638096055,-87.6904153936,60629,"CHICAGO MIDWAY AIRPORT, IL US",32.0,23.0,69.0,0.0,10.0,17.0
crash_09427,2019-05-12 03:30:00,2019,5,May,Sun,3,Night or early morning,30,NO CONTROLS,CLEAR,"DARKNESS, LIGHTED ROAD",SIDESWIPE SAME DIRECTION,DIVIDED - W/MEDIAN (NOT RAISED),DRY,NO INJURY / DRIVE AWAY,,true,"$501 - $1,500",IMPROPER OVERTAKING/PASSING,2,NO INDICATION OF INJURY,0,0,41.9328954733,-87.6593952936,60657,"CHICAGO MIDWAY AIRPORT, IL US",45.0,39.0,80.0,0.0,10.0,11.0
crash_09428,2019-11-20 13:56:00,2019,11,Nov,Wed,13,Daytime,30,TRAFFIC SIGNAL,CLEAR,DAYLIGHT,PEDALCYCLIST,NOT DIVIDED,DRY,NO INJURY / DRIVE AWAY,true,,"OVER $1,500",FAILING TO YIELD RIGHT-OF-WAY,2,NO INDICATION OF INJURY,0,0,41.8892712581,-87.6344215334,60654,"CHICAGO MIDWAY AIRPORT, IL US",47.0,39.0,74.0,0.0,7.0,5.0
crash_09429,2021-05-06 23:03:00,2021,5,May,Thu,23,Night or early morning,30,TRAFFIC SIGNAL,CLEAR,"DARKNESS, LIGHTED ROAD",TURNING,DIVIDED - W/MEDIAN BARRIER,DRY,INJURY AND / OR TOW DUE TO CRASH,true,,"OVER $1,500",IMPROPER TURNING/NO SIGNAL,2,NO INDICATION OF INJURY,0,0,41.8955720179,-87.6328370799,60654,"CHICAGO MIDWAY AIRPORT, IL US",47.0,30.0,52.0,0.0,10.0,5.0
crash_09430,2023-12-26 13:10:00,2023,12,Dec,Tue,13,Daytime,30,TRAFFIC SIGNAL,CLEAR,DAYLIGHT,SIDESWIPE SAME DIRECTION,NOT REPORTED,DRY,NO INJURY / DRIVE AWAY,,,"OVER $1,500",UNABLE TO DETERMINE,2,NO INDICATION OF INJURY,0,0,41.9947933861,-87.8827076595,60666,"CHICAGO OHARE INTERNATIONAL AIRPORT, IL US",38.0,35.0,89.0,0.0,10.0,7.0