crash_id,crash_datetime,crash_year,crash_month,crash_month_name,crash_weekday_name,crash_hour,time_period,posted_speed_limit_mph,traffic_control_device,reported_weather_condition,reported_lighting_condition,first_crash_type,trafficway_type,reported_road_surface_condition,crash_type,intersection_related,hit_and_run,estimated_damage,primary_contributory_cause,unit_count,most_severe_injury,injuries_total,injuries_fatal,latitude,longitude,zip5,weather_station_name,temperature_f,dew_point_f,relative_humidity_percent,precipitation_inches,visibility_miles,wind_speed_mph
crash_09431,2024-05-31 19:30:00,2024,5,May,Fri,19,Night or early morning,30,NO CONTROLS,CLEAR,"DARKNESS, LIGHTED ROAD",PARKED MOTOR VEHICLE,DIVIDED - W/MEDIAN BARRIER,DRY,NO INJURY / DRIVE AWAY,,true,"OVER $1,500",UNABLE TO DETERMINE,2,NO INDICATION OF INJURY,0,0,41.8527227256,-87.6334106036,60616,"CHICAGO MIDWAY AIRPORT, IL US",76.0,45.0,33.0,0.0,10.0,9.0
crash_09432,2019-04-12 01:30:00,2019,4,Apr,Fri,1,Night or early morning,30,TRAFFIC SIGNAL,RAIN,"DARKNESS, LIGHTED ROAD",REAR END,NOT DIVIDED,WET,INJURY AND / OR TOW DUE TO CRASH,,,"OVER $1,500",WEATHER,2,NO INDICATION OF INJURY,0,0,41.7139481415,-87.5340772271,60617,"CHICAGO MIDWAY AIRPORT, IL US",53.0,49.0,86.0,0.08,4.0,11.0
crash_09433,2018-01-20 17:30:00,2018,1,Jan,Sat,17,Evening commute,30,TRAFFIC SIGNAL,CLEAR,"DARKNESS, LIGHTED ROAD",SIDESWIPE SAME DIRECTION,NOT DIVIDED,DRY,NO INJURY / DRIVE AWAY,,true,"$501 - $1,500",IMPROPER OVERTAKING/PASSING,2,NO INDICATION OF INJURY,0,0,41.7781618734,-87.7617802217,60638,"CHICAGO MIDWAY AIRPORT, IL US",42.0,37.0,82.0,0.0,10.0,8.0
crash_09434,2019-11-26 17:15:00,2019,11,Nov,Tue,17,Evening commute,15,NO CONTROLS,RAIN,UNKNOWN,ANGLE,PARKING LOT,WET,NO INJURY / DRIVE AWAY,,,$500 OR LESS,IMPROPER BACKING,2,NO INDICATION OF INJURY,0,0,41.9107144764,-87.7262104228,60647,"CHICAGO MIDWAY AIRPORT, IL US",46.0,43.0,89.0,0.04,1.75,13.0
crash_09435,2018-11-13 17:55:00,2018,11,Nov,Tue,17,Evening commute,30,TRAFFIC SIGNAL,CLEAR,DAWN,REAR END,NOT DIVIDED,DRY,NO INJURY / DRIVE AWAY,,true,$500 OR LESS,UNABLE TO DETERMINE,2,NO INDICATION OF INJURY,0,0,41.7733908593,-87.5915666722,60637,"CHICAGO MIDWAY AIRPORT, IL US",26.0,9.0,48.0,0.0,10.0,6.0
crash_09436,2021-12-14 08:45:00,2021,12,Dec,Tue,8,Morning commute,20,NO CONTROLS,CLEAR,DAYLIGHT,SIDESWIPE SAME DIRECTION,NOT DIVIDED,DRY,NO INJURY / DRIVE AWAY,,,"$501 - $1,500",IMPROPER LANE USAGE,2,NO INDICATION OF INJURY,0,0,41.7389255871,-87.6438503908,60620,"CHICAGO MIDWAY AIRPORT, IL US",41.0,30.0,65.0,0.0,10.0,8.0
crash_09437,2021-02-06 20:20:00,2021,2,Feb,Sat,20,Night or early morning,30,NO CONTROLS,SNOW,"DARKNESS, LIGHTED ROAD",PARKED MOTOR VEHICLE,ONE-WAY,SNOW OR SLUSH,NO INJURY / DRIVE AWAY,,true,"$501 - $1,500",UNABLE TO DETERMINE,2,NO INDICATION OF INJURY,0,0,41.810208112,-87.6916727833,60632,"CHICAGO MIDWAY AIRPORT, IL US",9.0,2.0,73.0,0.0,3.0,15.0
crash_09438,2019-06-25 08:30:00,2019,6,Jun,Tue,8,Morning commute,30,TRAFFIC SIGNAL,CLEAR,DAYLIGHT,REAR END,FOUR WAY,DRY,NO INJURY / DRIVE AWAY,true,,$500 OR LESS,NOT APPLICABLE,2,NO INDICATION OF INJURY,0,0,41.8691814904,-87.6257255168,60605,"CHICAGO MIDWAY AIRPORT, IL US",73.0,61.0,66.0,0.0,10.0,11.0
crash_09439,2019-05-19 03:00:00,2019,5,May,Sun,3,Night or early morning,30,UNKNOWN,RAIN,DARKNESS,ANGLE,DIVIDED - W/MEDIAN (NOT RAISED),WET,NO INJURY / DRIVE AWAY,,,"OVER $1,500",NOT APPLICABLE,2,NO INDICATION OF INJURY,0,0,41.8734046453,-87.7203996283,60624,"CHICAGO MIDWAY AIRPORT, IL US",53.0,51.0,93.0,0.03,6.0,6.0
crash_09440,2022-08-01 16:00:00,2022,8,Aug,Mon,16,Evening commute,20,STOP SIGN/FLASHER,CLEAR,DAYLIGHT,REAR END,DIVIDED - W/MEDIAN (NOT RAISED),DRY,INJURY AND / OR TOW DUE TO CRASH,,,"$501 - $1,500",UNABLE TO DETERMINE,2,NONINCAPACITATING INJURY,4,0,41.8084195272,-87.6723124215,60609,"CHICAGO MIDWAY AIRPORT, IL US",88.0,63.0,43.0,0.0,10.0,17.0
crash_09441,2023-03-10 08:45:00,2023,3,Mar,Fri,8,Morning commute,30,TRAFFIC SIGNAL,SNOW,DAYLIGHT,REAR END,DIVIDED - W/MEDIAN BARRIER,WET,NO INJURY / DRIVE AWAY,true,true,"OVER $1,500",FOLLOWING TOO CLOSELY,2,NO INDICATION OF INJURY,0,0,41.8756988816,-87.6324363318,60605,"CHICAGO MIDWAY AIRPORT, IL US",34.0,31.0,89.0,0.0,3.0,9.0
crash_09442,2020-11-17 15:26:00,2020,11,Nov,Tue,15,Evening commute,30,NO CONTROLS,CLEAR,DAYLIGHT,SIDESWIPE SAME DIRECTION,NOT DIVIDED,DRY,NO INJURY / DRIVE AWAY,,,"$501 - $1,500",UNABLE TO DETERMINE,2,NO INDICATION OF INJURY,0,0,41.8959830981,-87.6283304601,60654,"CHICAGO MIDWAY AIRPORT, IL US",41.0,15.0,35.0,0.0,10.0,9.0
crash_09443,2025-11-12 10:00:00,2025,11,Nov,Wed,10,Daytime,20,NO CONTROLS,CLEAR,DAYLIGHT,ANGLE,PARKING LOT,DRY,NO INJURY / DRIVE AWAY,,,"$501 - $1,500",FOLLOWING TOO CLOSELY,2,NO INDICATION OF INJURY,0,0,41.8645211937,-87.6393040996,60607,,,,,,,
crash_09444,2023-10-30 09:00:00,2023,10,Oct,Mon,9,Morning commute,30,UNKNOWN,CLEAR,DAYLIGHT,REAR END,ONE-WAY,DRY,NO INJURY / DRIVE AWAY,,,"OVER $1,500",FOLLOWING TOO CLOSELY,2,NO INDICATION OF INJURY,0,0,41.7506375515,-87.6246840876,60620,"CHICAGO MIDWAY AIRPORT, IL US",35.0,22.0,59.0,0.0,10.0,15.0
crash_09445,2023-04-22 00:05:00,2023,4,Apr,Sat,0,Night or early morning,30,NO CONTROLS,CLEAR,"DARKNESS, LIGHTED ROAD",REAR END,NOT DIVIDED,DRY,NO INJURY / DRIVE AWAY,,true,"$501 - $1,500",UNDER THE INFLUENCE OF ALCOHOL/DRUGS (USE WHEN ARREST IS EFFECTED),2,NO INDICATION OF INJURY,0,0,41.8854266045,-87.654965694,60607,"CHICAGO MIDWAY AIRPORT, IL US",48.0,28.0,46.0,0.0,10.0,9.0
crash_09446,2018-07-18 20:04:00,2018,7,Jul,Wed,20,Night or early morning,30,NO CONTROLS,CLEAR,DUSK,FIXED OBJECT,ONE-WAY,DRY,INJURY AND / OR TOW DUE TO CRASH,,,"OVER $1,500",PHYSICAL CONDITION OF DRIVER,1,INCAPACITATING INJURY,1,0,41.7530441931,-87.6029443325,60619,"CHICAGO MIDWAY AIRPORT, IL US",74.0,51.0,45.0,0.0,10.0,10.0
crash_09447,2021-08-04 19:30:00,2021,8,Aug,Wed,19,Night or early morning,30,STOP SIGN/FLASHER,CLEAR,DAYLIGHT,ANGLE,FOUR WAY,DRY,NO INJURY / DRIVE AWAY,true,,"OVER $1,500",UNABLE TO DETERMINE,2,NO INDICATION OF INJURY,0,0,41.8916498764,-87.7209378463,60624,"CHICAGO MIDWAY AIRPORT, IL US",78.0,52.0,40.0,0.0,9.0,6.0
crash_09448,2018-11-25 11:51:00,2018,11,Nov,Sun,11,Daytime,20,NO CONTROLS,RAIN,DAYLIGHT,ANGLE,NOT DIVIDED,WET,NO INJURY / DRIVE AWAY,,false,"OVER $1,500",FAILING TO YIELD RIGHT-OF-WAY,2,NO INDICATION OF INJURY,0,0,41.7777845359,-87.7813298721,60638,"CHICAGO MIDWAY AIRPORT, IL US",40.0,34.0,79.0,0.0,10.0,14.0
crash_09449,2018-12-16 13:00:00,2018,12,Dec,Sun,13,Daytime,30,NO CONTROLS,CLEAR,DAYLIGHT,PARKED MOTOR VEHICLE,DIVIDED - W/MEDIAN (NOT RAISED),DRY,NO INJURY / DRIVE AWAY,,true,"$501 - $1,500",NOT APPLICABLE,2,NO INDICATION OF INJURY,0,0,41.7265762346,-87.6044325043,60619,"CHICAGO MIDWAY AIRPORT, IL US",48.0,30.0,50.0,0.0,10.0,10.0
crash_09450,2024-01-01 20:40:00,2024,1,Jan,Mon,20,Night or early morning,25,TRAFFIC SIGNAL,UNKNOWN,UNKNOWN,TURNING,NOT DIVIDED,UNKNOWN,NO INJURY / DRIVE AWAY,,,"$501 - $1,500",NOT APPLICABLE,2,NO INDICATION OF INJURY,0,0,41.7376937773,-87.5515840667,60617,"CHICAGO MIDWAY AIRPORT, IL US",30.0,22.0,72.0,0.0,10.0,14.0
crash_09451,2023-11-14 11:30:00,2023,11,Nov,Tue,11,Daytime,10,NO CONTROLS,CLEAR,DAYLIGHT,PARKED MOTOR VEHICLE,PARKING LOT,DRY,NO INJURY / DRIVE AWAY,,true,"$501 - $1,500",FAILING TO REDUCE SPEED TO AVOID CRASH,2,NO INDICATION OF INJURY,0,0,41.7366471637,-87.5970971505,60619,"CHICAGO MIDWAY AIRPORT, IL US",60.0,25.0,26.0,0.0,10.0,14.0
crash_09452,2020-07-15 18:45:00,2020,7,Jul,Wed,18,Evening commute,30,NO CONTROLS,RAIN,DAYLIGHT,SIDESWIPE SAME DIRECTION,NOT DIVIDED,WET,NO INJURY / DRIVE AWAY,,true,"OVER $1,500",IMPROPER LANE USAGE,2,NO INDICATION OF INJURY,0,0,41.7778548153,-87.6448831273,60621,"CHICAGO MIDWAY AIRPORT, IL US",77.0,72.0,85.0,0.05,9.0,6.0
crash_09453,2025-10-17 15:45:00,2025,10,Oct,Fri,15,Evening commute,30,STOP SIGN/FLASHER,CLEAR,DAYLIGHT,PEDESTRIAN,FOUR WAY,DRY,INJURY AND / OR TOW DUE TO CRASH,true,,$500 OR LESS,FOLLOWING TOO CLOSELY,2,"REPORTED, NOT EVIDENT",1,0,41.7028502299,-87.6815379163,60655,,,,,,,
crash_09454,2019-12-13 11:35:00,2019,12,Dec,Fri,11,Daytime,30,TRAFFIC SIGNAL,CLEAR,DAYLIGHT,REAR END,DIVIDED - W/MEDIAN (NOT RAISED),DRY,NO INJURY / DRIVE AWAY,,,"OVER $1,500",FOLLOWING TOO CLOSELY,2,NO INDICATION OF INJURY,0,0,41.8856336605,-87.6476199371,60607,"CHICAGO MIDWAY AIRPORT, IL US",41.0,29.0,62.0,0.0,10.0,8.0
crash_09455,2024-10-29 06:30:00,2024,10,Oct,Tue,6,Morning commute,30,TRAFFIC SIGNAL,CLEAR,DARKNESS,REAR END,DIVIDED - W/MEDIAN (NOT RAISED),DRY,NO INJURY / DRIVE AWAY,true,,"OVER $1,500",UNABLE TO DETERMINE,2,NO INDICATION OF INJURY,0,0,41.8229704313,-87.6657441067,60609,"CHICAGO MIDWAY AIRPORT, IL US",68.0,56.0,65.0,0.0,10.0,15.0
crash_09456,2021-04-06 13:30:00,2021,4,Apr,Tue,13,Daytime,10,NO CONTROLS,CLEAR,DAYLIGHT,FIXED OBJECT,PARKING LOT,DRY,NO INJURY / DRIVE AWAY,,,$500 OR LESS,UNABLE TO DETERMINE,1,NO INDICATION OF INJURY,0,0,41.8318185551,-87.6234218319,60616,"CHICAGO MIDWAY AIRPORT, IL US",79.0,48.0,34.0,0.0,10.0,18.0
crash_09457,2025-02-09 22:25:00,2025,2,Feb,Sun,22,Night or early morning,30,NO CONTROLS,CLEAR,DARKNESS,TURNING,NOT DIVIDED,DRY,NO INJURY / DRIVE AWAY,,false,"OVER $1,500",UNABLE TO DETERMINE,2,NO INDICATION OF INJURY,0,0,41.7934062669,-87.7034048847,60629,"CHICAGO MIDWAY AIRPORT, IL US",25.0,10.0,53.0,0.0,10.0,8.0
crash_09458,2024-08-28 10:10:00,2024,8,Aug,Wed,10,Daytime,30,TRAFFIC SIGNAL,CLEAR,DAYLIGHT,REAR TO FRONT,NOT DIVIDED,DRY,INJURY AND / OR TOW DUE TO CRASH,,,"$501 - $1,500",UNABLE TO DETERMINE,2,NONINCAPACITATING INJURY,2,0,41.692725141,-87.6061391246,60628,"CHICAGO MIDWAY AIRPORT, IL US",78.0,68.0,71.0,0.0,10.0,15.0
crash_09459,2019-12-30 15:09:00,2019,12,Dec,Mon,15,Evening commute,30,NO CONTROLS,RAIN,DAYLIGHT,SIDESWIPE SAME DIRECTION,NOT DIVIDED,WET,NO INJURY / DRIVE AWAY,,,"OVER $1,500",IMPROPER LANE USAGE,2,NO INDICATION OF INJURY,0,0,41.9323182375,-87.6446506457,60614,"CHICAGO MIDWAY AIRPORT, IL US",31.0,24.0,76.0,0.0,9.0,22.0
crash_09460,2023-05-12 17:00:00,2023,5,May,Fri,17,Evening commute,30,TRAFFIC SIGNAL,UNKNOWN,UNKNOWN,SIDESWIPE SAME DIRECTION,NOT DIVIDED,UNKNOWN,NO INJURY / DRIVE AWAY,,,"$501 - $1,500",IMPROPER OVERTAKING/PASSING,2,NO INDICATION OF INJURY,0,0,41.910540544,-87.6662636467,60642,"CHICAGO MIDWAY AIRPORT, IL US",69.0,63.0,81.0,0.06,5.0,9.0
crash_09461,2023-07-13 20:30:00,2023,7,Jul,Thu,20,Night or early morning,30,TRAFFIC SIGNAL,CLEAR,"DARKNESS, LIGHTED ROAD",TURNING,UNKNOWN INTERSECTION TYPE,DRY,NO INJURY / DRIVE AWAY,true,,"OVER $1,500",UNABLE TO DETERMINE,2,NO INDICATION OF INJURY,0,0,41.8983422891,-87.6242481329,60611,"CHICAGO MIDWAY AIRPORT, IL US",74.0,62.0,67.0,0.0,10.0,6.0
crash_09462,2024-02-08 14:57:00,2024,2,Feb,Thu,14,Daytime,30,TRAFFIC SIGNAL,CLEAR,DAYLIGHT,REAR END,NOT DIVIDED,DRY,INJURY AND / OR TOW DUE TO CRASH,,true,"$501 - $1,500",UNABLE TO DETERMINE,2,NONINCAPACITATING INJURY,1,0,41.8310620651,-87.7240771468,60623,"CHICAGO MIDWAY AIRPORT, IL US",57.0,46.0,67.0,0.0,10.0,23.0
crash_09463,2021-06-11 18:10:00,2021,6,Jun,Fri,18,Evening commute,30,NO CONTROLS,CLEAR,DAYLIGHT,SIDESWIPE SAME DIRECTION,NOT DIVIDED,DRY,NO INJURY / DRIVE AWAY,,,"OVER $1,500",DRIVING SKILLS/KNOWLEDGE/EXPERIENCE,2,NO INDICATION OF INJURY,0,0,41.9238164954,-87.6395549301,60614,"CHICAGO MIDWAY AIRPORT, IL US",90.0,60.0,37.0,0.0,10.0,5.0
crash_09464,2024-08-12 07:00:00,2024,8,Aug,Mon,7,Morning commute,30,TRAFFIC SIGNAL,CLEAR,DAYLIGHT,PEDALCYCLIST,FOUR WAY,DRY,INJURY AND / OR TOW DUE TO CRASH,,,"$501 - $1,500","VISION OBSCURED (SIGNS, TREE LIMBS, BUILDINGS, ETC.)",2,INCAPACITATING INJURY,1,0,41.9036105105,-87.6580618483,60642,"CHICAGO MIDWAY AIRPORT, IL US",64.0,55.0,73.0,0.0,10.0,3.0
crash_09465,2019-01-06 08:33:00,2019,1,Jan,Sun,8,Morning commute,25,NO CONTROLS,CLEAR,DAYLIGHT,PARKED MOTOR VEHICLE,ONE-WAY,DRY,NO INJURY / DRIVE AWAY,,true,"OVER $1,500",UNABLE TO DETERMINE,3,NO INDICATION OF INJURY,0,0,41.7031605789,-87.5342276343,60617,"CHICAGO MIDWAY AIRPORT, IL US",39.0,30.0,70.0,0.0,10.0,15.0
crash_09466,2023-10-20 07:23:00,2023,10,Oct,Fri,7,Morning commute,30,STOP SIGN/FLASHER,CLEAR,DAYLIGHT,ANGLE,FOUR WAY,DRY,INJURY AND / OR TOW DUE TO CRASH,true,,"OVER $1,500",DRIVING SKILLS/KNOWLEDGE/EXPERIENCE,2,NONINCAPACITATING INJURY,2,0,41.9329204246,-87.7859006894,60634,"CHICAGO OHARE INTERNATIONAL AIRPORT, IL US",54.0,47.0,77.0,,10.0,9.0
crash_09467,2019-03-24 13:09:00,2019,3,Mar,Sun,13,Daytime,30,NO CONTROLS,CLEAR,DAYLIGHT,REAR END,NOT DIVIDED,DRY,NO INJURY / DRIVE AWAY,,,"OVER $1,500",UNABLE TO DETERMINE,3,NO INDICATION OF INJURY,0,0,41.9177226303,-87.6850604377,60647,"CHICAGO MIDWAY AIRPORT, IL US",49.0,39.0,69.0,,10.0,0.0
crash_09468,2024-11-27 18:20:00,2024,11,Nov,Wed,18,Evening commute,30,TRAFFIC SIGNAL,CLEAR,"DARKNESS, LIGHTED ROAD",TURNING,NOT DIVIDED,DRY,NO INJURY / DRIVE AWAY,true,,"$501 - $1,500",UNABLE TO DETERMINE,2,NO INDICATION OF INJURY,0,0,41.7869406167,-87.6545400912,60621,"CHICAGO MIDWAY AIRPORT, IL US",41.0,28.0,60.0,0.0,10.0,3.0
crash_09469,2025-07-21 06:00:00,2025,7,Jul,Mon,6,Morning commute,20,NO CONTROLS,CLEAR,DAYLIGHT,FIXED OBJECT,ALLEY,DRY,NO INJURY / DRIVE AWAY,,true,"OVER $1,500",UNABLE TO DETERMINE,2,NO INDICATION OF INJURY,0,0,41.7156157978,-87.6307812362,60628,"CHICAGO MIDWAY AIRPORT, IL US",71.0,67.0,87.0,0.0,9.0,6.0
crash_09470,2024-01-25 12:20:00,2024,1,Jan,Thu,12,Daytime,30,TRAFFIC SIGNAL,CLOUDY/OVERCAST,DAYLIGHT,SIDESWIPE SAME DIRECTION,DIVIDED - W/MEDIAN (NOT RAISED),UNKNOWN,NO INJURY / DRIVE AWAY,true,,"$501 - $1,500",FAILING TO YIELD RIGHT-OF-WAY,2,NO INDICATION OF INJURY,0,0,41.874891482,-87.6667647738,60612,"CHICAGO MIDWAY AIRPORT, IL US",41.0,39.0,93.0,,0.75,7.0
crash_09471,2022-07-01 20:00:00,2022,7,Jul,Fri,20,Night or early morning,30,NO CONTROLS,CLEAR,DAYLIGHT,TURNING,NOT DIVIDED,DRY,INJURY AND / OR TOW DUE TO CRASH,,,"$501 - $1,500",FAILING TO YIELD RIGHT-OF-WAY,2,NONINCAPACITATING INJURY,2,0,41.7225533607,-87.5773636722,60617,"CHICAGO MIDWAY AIRPORT, IL US",75.0,59.0,58.0,0.0,10.0,8.0
crash_09472,2022-07-02 17:05:00,2022,7,Jul,Sat,17,Evening commute,10,NO CONTROLS,CLEAR,DAYLIGHT,ANGLE,PARKING LOT,DRY,NO INJURY / DRIVE AWAY,,true,"$501 - $1,500",UNABLE TO DETERMINE,2,NO INDICATION OF INJURY,0,0,41.7746945416,-87.7420133008,60629,"CHICAGO MIDWAY AIRPORT, IL US",84.0,45.0,25.0,0.0,10.0,11.0
crash_09473,2019-10-25 14:38:00,2019,10,Oct,Fri,14,Daytime,30,STOP SIGN/FLASHER,CLEAR,DAYLIGHT,TURNING,NOT DIVIDED,DRY,NO INJURY / DRIVE AWAY,,,"OVER $1,500",DISREGARDING YIELD SIGN,2,NO INDICATION OF INJURY,0,0,41.9329204246,-87.7859006894,60634,"CHICAGO OHARE INTERNATIONAL AIRPORT, IL US",47.0,31.0,54.0,0.0,10.0,6.0
crash_09474,2025-09-27 12:46:00,2025,9,Sep,Sat,12,Daytime,30,NO CONTROLS,CLEAR,DAYLIGHT,ANGLE,NOT DIVIDED,UNKNOWN,NO INJURY / DRIVE AWAY,,,"OVER $1,500",UNABLE TO DETERMINE,2,NO INDICATION OF INJURY,0,0,41.8798422187,-87.7745003705,60644,,,,,,,
crash_09475,2018-08-11 09:00:00,2018,8,Aug,Sat,9,Morning commute,25,UNKNOWN,CLEAR,DAYLIGHT,PARKED MOTOR VEHICLE,DIVIDED - W/MEDIAN (NOT RAISED),DRY,NO INJURY / DRIVE AWAY,,,"OVER $1,500",UNABLE TO DETERMINE,2,NO INDICATION OF INJURY,0,0,41.7948353421,-87.620676969,60615,"CHICAGO MIDWAY AIRPORT, IL US",78.0,64.0,62.0,0.0,10.0,5.0
crash_09476,2019-12-19 17:15:00,2019,12,Dec,Thu,17,Evening commute,30,STOP SIGN/FLASHER,CLEAR,"DARKNESS, LIGHTED ROAD",ANGLE,FOUR WAY,DRY,NO INJURY / DRIVE AWAY,true,,"OVER $1,500",UNABLE TO DETERMINE,2,NO INDICATION OF INJURY,0,0,41.9596193461,-87.7670666854,60641,"CHICAGO OHARE INTERNATIONAL AIRPORT, IL US",33.0,24.0,70.0,0.0,10.0,6.0
crash_09477,2018-08-25 18:57:00,2018,8,Aug,Sat,18,Evening commute,30,TRAFFIC SIGNAL,UNKNOWN,UNKNOWN,SIDESWIPE SAME DIRECTION,NOT DIVIDED,UNKNOWN,NO INJURY / DRIVE AWAY,,true,"OVER $1,500",IMPROPER OVERTAKING/PASSING,2,NO INDICATION OF INJURY,0,0,41.9905860424,-87.6898224729,60659,"CHICAGO OHARE INTERNATIONAL AIRPORT, IL US",84.0,72.0,67.0,0.0,9.0,5.0
crash_09478,2019-08-10 17:00:00,2019,8,Aug,Sat,17,Evening commute,40,TRAFFIC SIGNAL,CLEAR,DAYLIGHT,REAR END,NOT DIVIDED,DRY,INJURY AND / OR TOW DUE TO CRASH,true,,"OVER $1,500",FAILING TO REDUCE SPEED TO AVOID CRASH,2,NONINCAPACITATING INJURY,3,0,41.6736789862,-87.5593986073,60633,"CHICAGO MIDWAY AIRPORT, IL US",80.0,58.0,47.0,0.0,10.0,13.0
crash_09479,2025-10-18 19:55:00,2025,10,Oct,Sat,19,Night or early morning,30,NO CONTROLS,RAIN,"DARKNESS, LIGHTED ROAD",SIDESWIPE SAME DIRECTION,ONE-WAY,WET,NO INJURY / DRIVE AWAY,,false,"OVER $1,500",IMPROPER LANE USAGE,2,NO INDICATION OF INJURY,0,0,41.883318122,-87.6310582358,60602,,,,,,,
crash_09480,2024-06-19 15:15:00,2024,6,Jun,Wed,15,Evening commute,30,UNKNOWN,CLEAR,DAYLIGHT,TURNING,FOUR WAY,UNKNOWN,NO INJURY / DRIVE AWAY,true,true,"$501 - $1,500",UNABLE TO DETERMINE,2,NO INDICATION OF INJURY,0,0,41.8955368204,-87.7199130028,60651,"CHICAGO MIDWAY AIRPORT, IL US",94.0,65.0,38.0,0.0,10.0,18.0
crash_09481,2021-12-24 04:02:00,2021,12,Dec,Fri,4,Night or early morning,30,NO CONTROLS,CLEAR,"DARKNESS, LIGHTED ROAD",PARKED MOTOR VEHICLE,ONE-WAY,WET,INJURY AND / OR TOW DUE TO CRASH,,,"OVER $1,500",FAILING TO REDUCE SPEED TO AVOID CRASH,3,NONINCAPACITATING INJURY,2,0,41.8945698966,-87.6573222218,60642,"CHICAGO MIDWAY AIRPORT, IL US",40.0,36.0,86.0,0.0,4.0,6.0
crash_09482,2021-08-24 08:00:00,2021,8,Aug,Tue,8,Morning commute,30,TRAFFIC SIGNAL,CLEAR,DAYLIGHT,TURNING,T-INTERSECTION,DRY,NO INJURY / DRIVE AWAY,true,true,"OVER $1,500",UNABLE TO DETERMINE,2,NO INDICATION OF INJURY,0,0,41.8529912193,-87.629386933,60616,"CHICAGO MIDWAY AIRPORT, IL US",79.0,68.0,69.0,0.0,10.0,8.0
crash_09483,2025-11-20 17:55:00,2025,11,Nov,Thu,17,Evening commute,30,NO CONTROLS,CLEAR,"DARKNESS, LIGHTED ROAD",TURNING,T-INTERSECTION,DRY,NO INJURY / DRIVE AWAY,,true,"OVER $1,500","OPERATING VEHICLE IN ERRATIC, RECKLESS, CARELESS, NEGLIGENT OR AGGRESSIVE MANNER",2,NO INDICATION OF INJURY,0,0,41.9871256693,-87.768374476,60646,,,,,,,
crash_09484,2018-11-15 17:40:00,2018,11,Nov,Thu,17,Evening commute,30,NO CONTROLS,RAIN,"DARKNESS, LIGHTED ROAD",SIDESWIPE OPPOSITE DIRECTION,NOT DIVIDED,WET,NO INJURY / DRIVE AWAY,,,"OVER $1,500",UNABLE TO DETERMINE,2,NO INDICATION OF INJURY,0,0,41.9633407823,-87.7867452375,60630,"CHICAGO OHARE INTERNATIONAL AIRPORT, IL US",32.0,30.0,92.0,0.01,3.0,7.0
crash_09485,2018-10-15 18:59:00,2018,10,Oct,Mon,18,Evening commute,30,TRAFFIC SIGNAL,CLEAR,DARKNESS,TURNING,NOT DIVIDED,DRY,NO INJURY / DRIVE AWAY,true,,"OVER $1,500",NOT APPLICABLE,2,NO INDICATION OF INJURY,0,0,41.7805040947,-87.5844265862,60649,"CHICAGO MIDWAY AIRPORT, IL US",44.0,26.0,49.0,0.0,10.0,8.0
crash_09486,2020-12-19 17:48:00,2020,12,Dec,Sat,17,Evening commute,30,NO CONTROLS,CLEAR,DUSK,TURNING,DIVIDED - W/MEDIAN (NOT RAISED),DRY,NO INJURY / DRIVE AWAY,,,"$501 - $1,500",FAILING TO YIELD RIGHT-OF-WAY,2,NO INDICATION OF INJURY,0,0,41.7615949014,-87.6833039305,60629,"CHICAGO MIDWAY AIRPORT, IL US",41.0,31.0,67.0,0.0,10.0,8.0
crash_09487,2019-10-31 16:00:00,2019,10,Oct,Thu,16,Evening commute,40,NO CONTROLS,SNOW,DUSK,REAR END,DIVIDED - W/MEDIAN BARRIER,SNOW OR SLUSH,INJURY AND / OR TOW DUE TO CRASH,,,"OVER $1,500",WEATHER,2,NO INDICATION OF INJURY,0,0,41.9118569525,-87.6261695233,60614,"CHICAGO MIDWAY AIRPORT, IL US",32.0,30.0,92.0,0.0,0.75,17.0
crash_09488,2024-05-03 05:04:00,2024,5,May,Fri,5,Night or early morning,30,NO CONTROLS,RAIN,DAYLIGHT,PARKED MOTOR VEHICLE,NOT DIVIDED,WET,INJURY AND / OR TOW DUE TO CRASH,,true,"OVER $1,500",UNABLE TO DETERMINE,2,NO INDICATION OF INJURY,0,0,41.7657434123,-87.6189914869,60637,"CHICAGO MIDWAY AIRPORT, IL US",63.0,61.0,93.0,0.0,7.0,0.0
crash_09489,2023-03-15 15:40:00,2023,3,Mar,Wed,15,Evening commute,10,NO CONTROLS,CLEAR,DAYLIGHT,REAR TO FRONT,NOT DIVIDED,DRY,NO INJURY / DRIVE AWAY,,,"$501 - $1,500",UNABLE TO DETERMINE,2,NO INDICATION OF INJURY,0,0,41.6917526865,-87.5351338635,60617,"CHICAGO MIDWAY AIRPORT, IL US",50.0,28.0,43.0,0.0,10.0,17.0
crash_09490,2021-11-27 11:15:00,2021,11,Nov,Sat,11,Daytime,30,NO CONTROLS,CLOUDY/OVERCAST,DAYLIGHT,PARKED MOTOR VEHICLE,NOT DIVIDED,DRY,NO INJURY / DRIVE AWAY,,true,"$501 - $1,500",UNABLE TO DETERMINE,2,NO INDICATION OF INJURY,0,0,41.8843371973,-87.7168286866,60624,"CHICAGO MIDWAY AIRPORT, IL US",36.0,24.0,62.0,0.0,10.0,13.0