crash_id,crash_datetime,crash_year,crash_month,crash_month_name,crash_weekday_name,crash_hour,time_period,posted_speed_limit_mph,traffic_control_device,reported_weather_condition,reported_lighting_condition,first_crash_type,trafficway_type,reported_road_surface_condition,crash_type,intersection_related,hit_and_run,estimated_damage,primary_contributory_cause,unit_count,most_severe_injury,injuries_total,injuries_fatal,latitude,longitude,zip5,weather_station_name,temperature_f,dew_point_f,relative_humidity_percent,precipitation_inches,visibility_miles,wind_speed_mph
crash_09491,2018-02-06 16:45:00,2018,2,Feb,Tue,16,Evening commute,30,TRAFFIC SIGNAL,SNOW,DUSK,REAR END,NOT DIVIDED,SNOW OR SLUSH,INJURY AND / OR TOW DUE TO CRASH,,,"$501 - $1,500",UNABLE TO DETERMINE,2,"REPORTED, NOT EVIDENT",2,0,41.7658003513,-87.605729127,60619,"CHICAGO MIDWAY AIRPORT, IL US",20.0,11.0,68.0,0.0,10.0,6.0
crash_09492,2018-11-06 14:00:00,2018,11,Nov,Tue,14,Daytime,30,TRAFFIC SIGNAL,CLEAR,DAYLIGHT,REAR END,DIVIDED - W/MEDIAN (NOT RAISED),DRY,INJURY AND / OR TOW DUE TO CRASH,true,,"$501 - $1,500",FOLLOWING TOO CLOSELY,2,"REPORTED, NOT EVIDENT",1,0,41.7285022262,-87.6569225905,60620,"CHICAGO MIDWAY AIRPORT, IL US",47.0,38.0,71.0,0.0,10.0,20.0
crash_09493,2021-03-03 15:15:00,2021,3,Mar,Wed,15,Evening commute,10,NO CONTROLS,CLEAR,DAYLIGHT,ANGLE,PARKING LOT,DRY,NO INJURY / DRIVE AWAY,,true,$500 OR LESS,UNABLE TO DETERMINE,2,NO INDICATION OF INJURY,0,0,41.9588967812,-87.7459530699,60641,"CHICAGO OHARE INTERNATIONAL AIRPORT, IL US",56.0,27.0,33.0,,10.0,9.0
crash_09494,2021-02-19 16:30:00,2021,2,Feb,Fri,16,Evening commute,30,NO CONTROLS,CLEAR,DAYLIGHT,REAR END,ONE-WAY,DRY,NO INJURY / DRIVE AWAY,,,"OVER $1,500",UNABLE TO DETERMINE,2,NO INDICATION OF INJURY,0,0,41.8743420452,-87.725589998,60624,"CHICAGO MIDWAY AIRPORT, IL US",19.0,8.0,62.0,0.0,10.0,14.0
crash_09495,2025-12-14 16:50:00,2025,12,Dec,Sun,16,Evening commute,15,NO CONTROLS,CLEAR,"DARKNESS, LIGHTED ROAD",ANGLE,PARKING LOT,DRY,NO INJURY / DRIVE AWAY,,,"$501 - $1,500",NOT APPLICABLE,2,NO INDICATION OF INJURY,0,0,41.9516056696,-87.8070790498,60634,,,,,,,
crash_09496,2024-05-08 20:50:00,2024,5,May,Wed,20,Night or early morning,30,TRAFFIC SIGNAL,CLEAR,"DARKNESS, LIGHTED ROAD",TURNING,DIVIDED - W/MEDIAN (NOT RAISED),DRY,NO INJURY / DRIVE AWAY,true,,"OVER $1,500",IMPROPER TURNING/NO SIGNAL,2,NO INDICATION OF INJURY,0,0,41.8517429742,-87.699152241,60623,"CHICAGO MIDWAY AIRPORT, IL US",66.0,41.0,40.0,0.0,10.0,11.0
crash_09497,2022-12-14 11:55:00,2022,12,Dec,Wed,11,Daytime,30,TRAFFIC SIGNAL,RAIN,DAYLIGHT,TURNING,FOUR WAY,WET,INJURY AND / OR TOW DUE TO CRASH,true,,"OVER $1,500",UNABLE TO DETERMINE,2,NONINCAPACITATING INJURY,3,0,41.9403811309,-87.8367181683,60634,"CHICAGO OHARE INTERNATIONAL AIRPORT, IL US",43.0,40.0,89.0,,4.0,16.0
crash_09498,2021-03-27 06:20:00,2021,3,Mar,Sat,6,Morning commute,30,NO CONTROLS,CLEAR,DAYLIGHT,PARKED MOTOR VEHICLE,ONE-WAY,DRY,NO INJURY / DRIVE AWAY,,true,"OVER $1,500",IMPROPER OVERTAKING/PASSING,2,NO INDICATION OF INJURY,0,0,41.8808283837,-87.7588960517,60644,"CHICAGO MIDWAY AIRPORT, IL US",42.0,38.0,85.0,,6.0,8.0
crash_09499,2025-01-10 15:20:00,2025,1,Jan,Fri,15,Evening commute,30,OTHER,SNOW,DAYLIGHT,PARKED MOTOR VEHICLE,OTHER,SNOW OR SLUSH,NO INJURY / DRIVE AWAY,,,"OVER $1,500",UNABLE TO DETERMINE,2,NO INDICATION OF INJURY,0,0,41.7213866492,-87.6578758446,60620,"CHICAGO MIDWAY AIRPORT, IL US",30.0,26.0,85.0,0.0,2.0,7.0
crash_09500,2019-09-24 09:45:00,2019,9,Sep,Tue,9,Morning commute,30,TRAFFIC SIGNAL,CLEAR,DAYLIGHT,REAR END,DIVIDED - W/MEDIAN (NOT RAISED),DRY,NO INJURY / DRIVE AWAY,,true,"$501 - $1,500",FOLLOWING TOO CLOSELY,2,NO INDICATION OF INJURY,0,0,41.8455282987,-87.626611141,60616,"CHICAGO MIDWAY AIRPORT, IL US",69.0,57.0,66.0,0.0,10.0,11.0
crash_09501,2022-02-10 07:15:00,2022,2,Feb,Thu,7,Morning commute,40,NO CONTROLS,CLEAR,DAYLIGHT,REAR END,NOT DIVIDED,DRY,NO INJURY / DRIVE AWAY,,,"OVER $1,500",UNABLE TO DETERMINE,2,NO INDICATION OF INJURY,0,0,41.7352422769,-87.7408440168,60652,"CHICAGO MIDWAY AIRPORT, IL US",31.0,19.0,61.0,0.0,10.0,14.0
crash_09502,2022-05-03 18:30:00,2022,5,May,Tue,18,Evening commute,25,STOP SIGN/FLASHER,RAIN,DUSK,ANGLE,NOT DIVIDED,WET,NO INJURY / DRIVE AWAY,,,"OVER $1,500",FAILING TO YIELD RIGHT-OF-WAY,2,NO INDICATION OF INJURY,0,0,41.7647666247,-87.6857533909,60629,"CHICAGO MIDWAY AIRPORT, IL US",46.0,43.0,89.0,0.0,1.5,18.0
crash_09503,2020-02-15 09:30:00,2020,2,Feb,Sat,9,Morning commute,30,STOP SIGN/FLASHER,CLEAR,DAYLIGHT,TURNING,DIVIDED - W/MEDIAN (NOT RAISED),DRY,NO INJURY / DRIVE AWAY,true,,"OVER $1,500",FOLLOWING TOO CLOSELY,2,NO INDICATION OF INJURY,0,0,41.9402014776,-87.7126817724,60618,"CHICAGO MIDWAY AIRPORT, IL US",25.0,14.0,63.0,0.0,10.0,17.0
crash_09504,2025-09-13 19:42:00,2025,9,Sep,Sat,19,Night or early morning,30,NO CONTROLS,CLEAR,DUSK,PARKED MOTOR VEHICLE,NOT DIVIDED,DRY,NO INJURY / DRIVE AWAY,,,$500 OR LESS,FAILING TO YIELD RIGHT-OF-WAY,2,NO INDICATION OF INJURY,0,0,41.8093988935,-87.608301674,60615,,,,,,,
crash_09505,2018-05-17 06:43:00,2018,5,May,Thu,6,Morning commute,25,NO CONTROLS,CLEAR,DAYLIGHT,PARKED MOTOR VEHICLE,PARKING LOT,DRY,NO INJURY / DRIVE AWAY,,true,"OVER $1,500",UNABLE TO DETERMINE,2,NO INDICATION OF INJURY,0,0,41.7572207366,-87.5862436209,60619,"CHICAGO MIDWAY AIRPORT, IL US",61.0,55.0,81.0,0.0,9.0,0.0
crash_09506,2020-10-11 12:45:00,2020,10,Oct,Sun,12,Daytime,30,NO CONTROLS,CLOUDY/OVERCAST,DAYLIGHT,SIDESWIPE SAME DIRECTION,NOT DIVIDED,DRY,INJURY AND / OR TOW DUE TO CRASH,,,"OVER $1,500",IMPROPER OVERTAKING/PASSING,2,NONINCAPACITATING INJURY,1,0,41.9801452366,-87.8068313812,60656,"CHICAGO OHARE INTERNATIONAL AIRPORT, IL US",68.0,54.0,61.0,0.0,10.0,10.0
crash_09507,2025-09-28 17:30:00,2025,9,Sep,Sun,17,Evening commute,15,UNKNOWN,CLEAR,DAYLIGHT,ANGLE,ALLEY,DRY,NO INJURY / DRIVE AWAY,,,"OVER $1,500",FAILING TO YIELD RIGHT-OF-WAY,2,NO INDICATION OF INJURY,0,0,41.8002852686,-87.7072806516,60632,,,,,,,
crash_09508,2018-03-26 20:00:00,2018,3,Mar,Mon,20,Night or early morning,30,NO CONTROLS,CLEAR,"DARKNESS, LIGHTED ROAD",PARKED MOTOR VEHICLE,ONE-WAY,DRY,NO INJURY / DRIVE AWAY,,true,"$501 - $1,500",NOT APPLICABLE,2,NO INDICATION OF INJURY,0,0,41.9309872457,-87.8039114562,60634,"CHICAGO OHARE INTERNATIONAL AIRPORT, IL US",50.0,41.0,71.0,0.01,10.0,16.0
crash_09509,2024-02-28 02:03:00,2024,2,Feb,Wed,2,Night or early morning,30,OTHER,CLEAR,"DARKNESS, LIGHTED ROAD",PARKED MOTOR VEHICLE,DIVIDED - W/MEDIAN BARRIER,DRY,INJURY AND / OR TOW DUE TO CRASH,,,"OVER $1,500",UNABLE TO DETERMINE,2,NONINCAPACITATING INJURY,2,0,41.9025491374,-87.7406148956,60651,"CHICAGO MIDWAY AIRPORT, IL US",50.0,38.0,63.0,0.0,10.0,17.0
crash_09510,2018-06-22 18:03:00,2018,6,Jun,Fri,18,Evening commute,30,STOP SIGN/FLASHER,CLEAR,DAYLIGHT,ANGLE,DIVIDED - W/MEDIAN (NOT RAISED),DRY,INJURY AND / OR TOW DUE TO CRASH,true,,"OVER $1,500",IMPROPER OVERTAKING/PASSING,2,NO INDICATION OF INJURY,0,0,41.7949574448,-87.723356565,60632,"CHICAGO MIDWAY AIRPORT, IL US",62.0,59.0,90.0,0.0,9.0,11.0
crash_09511,2025-07-27 16:26:00,2025,7,Jul,Sun,16,Evening commute,30,NO CONTROLS,CLEAR,DAYLIGHT,PARKED MOTOR VEHICLE,DIVIDED - W/MEDIAN (NOT RAISED),DRY,NO INJURY / DRIVE AWAY,,,"OVER $1,500",IMPROPER OVERTAKING/PASSING,2,NO INDICATION OF INJURY,0,0,41.9601445117,-87.7279514581,60641,"CHICAGO OHARE INTERNATIONAL AIRPORT, IL US",77.0,74.0,90.0,0.0,9.0,17.0
crash_09512,2018-06-15 23:51:00,2018,6,Jun,Fri,23,Night or early morning,30,TRAFFIC SIGNAL,CLEAR,"DARKNESS, LIGHTED ROAD",REAR END,DIVIDED - W/MEDIAN (NOT RAISED),DRY,INJURY AND / OR TOW DUE TO CRASH,,true,"OVER $1,500",IMPROPER OVERTAKING/PASSING,2,NONINCAPACITATING INJURY,2,0,41.8987841853,-87.7075276627,60651,"CHICAGO MIDWAY AIRPORT, IL US",82.0,69.0,65.0,0.0,10.0,9.0
crash_09513,2019-03-08 15:30:00,2019,3,Mar,Fri,15,Evening commute,30,TRAFFIC SIGNAL,CLEAR,DAYLIGHT,REAR END,DIVIDED - W/MEDIAN (NOT RAISED),DRY,NO INJURY / DRIVE AWAY,true,,"OVER $1,500",FAILING TO REDUCE SPEED TO AVOID CRASH,3,NO INDICATION OF INJURY,0,0,41.744151639,-87.585945067,60619,"CHICAGO MIDWAY AIRPORT, IL US",37.0,26.0,65.0,0.0,10.0,9.0
crash_09514,2022-06-16 07:00:00,2022,6,Jun,Thu,7,Morning commute,30,NO CONTROLS,CLEAR,DAYLIGHT,PEDALCYCLIST,FOUR WAY,DRY,INJURY AND / OR TOW DUE TO CRASH,true,,"$501 - $1,500",UNABLE TO DETERMINE,2,NONINCAPACITATING INJURY,1,0,41.9609168841,-87.7385752933,60630,"CHICAGO OHARE INTERNATIONAL AIRPORT, IL US",73.0,70.0,90.0,0.0,10.0,5.0
crash_09515,2019-06-23 06:04:00,2019,6,Jun,Sun,6,Morning commute,30,NO CONTROLS,RAIN,DAYLIGHT,PARKED MOTOR VEHICLE,NOT DIVIDED,WET,INJURY AND / OR TOW DUE TO CRASH,,true,"OVER $1,500",NOT APPLICABLE,5,NO INDICATION OF INJURY,0,0,41.8943868839,-87.7557269923,60644,"CHICAGO MIDWAY AIRPORT, IL US",67.0,60.0,79.0,0.0,10.0,3.0
crash_09516,2024-05-29 13:30:00,2024,5,May,Wed,13,Daytime,30,TRAFFIC SIGNAL,UNKNOWN,DAYLIGHT,TURNING,FOUR WAY,UNKNOWN,NO INJURY / DRIVE AWAY,true,,"$501 - $1,500",UNABLE TO DETERMINE,2,NO INDICATION OF INJURY,0,0,41.9001113458,-87.6240217358,60611,"CHICAGO MIDWAY AIRPORT, IL US",70.0,50.0,49.0,0.0,10.0,14.0
crash_09517,2020-02-19 16:30:00,2020,2,Feb,Wed,16,Evening commute,30,TRAFFIC SIGNAL,CLEAR,DAYLIGHT,SIDESWIPE SAME DIRECTION,NOT DIVIDED,DRY,NO INJURY / DRIVE AWAY,true,,"OVER $1,500",IMPROPER OVERTAKING/PASSING,2,NO INDICATION OF INJURY,0,0,41.7751658112,-87.6056675286,60637,"CHICAGO MIDWAY AIRPORT, IL US",27.0,8.0,45.0,0.0,10.0,5.0
crash_09518,2023-02-13 07:25:00,2023,2,Feb,Mon,7,Morning commute,30,TRAFFIC SIGNAL,CLEAR,DAYLIGHT,REAR END,NOT DIVIDED,DRY,NO INJURY / DRIVE AWAY,true,,"$501 - $1,500",FOLLOWING TOO CLOSELY,2,NO INDICATION OF INJURY,0,0,41.8487763177,-87.6658285519,60608,"CHICAGO MIDWAY AIRPORT, IL US",36.0,26.0,67.0,0.0,10.0,11.0
crash_09519,2023-06-15 10:45:00,2023,6,Jun,Thu,10,Daytime,30,NO CONTROLS,CLEAR,DAYLIGHT,REAR END,NOT DIVIDED,DRY,NO INJURY / DRIVE AWAY,,,"OVER $1,500",UNABLE TO DETERMINE,2,NO INDICATION OF INJURY,0,0,41.8518543059,-87.6955913949,60623,"CHICAGO MIDWAY AIRPORT, IL US",81.0,56.0,42.0,0.0,10.0,10.0
crash_09520,2020-06-30 18:03:00,2020,6,Jun,Tue,18,Evening commute,30,NO CONTROLS,CLEAR,DAYLIGHT,PEDESTRIAN,NOT DIVIDED,DRY,INJURY AND / OR TOW DUE TO CRASH,,,$500 OR LESS,DRIVING SKILLS/KNOWLEDGE/EXPERIENCE,2,NONINCAPACITATING INJURY,1,0,41.7795525223,-87.6507946107,60621,"CHICAGO MIDWAY AIRPORT, IL US",86.0,70.0,59.0,0.0,10.0,13.0
crash_09521,2018-06-18 23:00:00,2018,6,Jun,Mon,23,Night or early morning,30,TRAFFIC SIGNAL,CLEAR,DARKNESS,SIDESWIPE SAME DIRECTION,CENTER TURN LANE,WET,NO INJURY / DRIVE AWAY,,true,$500 OR LESS,"OPERATING VEHICLE IN ERRATIC, RECKLESS, CARELESS, NEGLIGENT OR AGGRESSIVE MANNER",2,NO INDICATION OF INJURY,0,0,41.8808532275,-87.7108565701,60624,"CHICAGO MIDWAY AIRPORT, IL US",76.0,71.0,85.0,0.0,10.0,8.0
crash_09522,2025-01-14 11:50:00,2025,1,Jan,Tue,11,Daytime,30,TRAFFIC SIGNAL,CLEAR,DAYLIGHT,REAR END,DIVIDED - W/MEDIAN (NOT RAISED),DRY,NO INJURY / DRIVE AWAY,,true,$500 OR LESS,FOLLOWING TOO CLOSELY,2,NO INDICATION OF INJURY,0,0,41.8243563076,-87.7045936543,60632,"CHICAGO MIDWAY AIRPORT, IL US",14.0,-2.0,49.0,0.0,10.0,18.0
crash_09523,2022-12-20 11:00:00,2022,12,Dec,Tue,11,Daytime,30,UNKNOWN,UNKNOWN,UNKNOWN,PARKED MOTOR VEHICLE,NOT DIVIDED,UNKNOWN,NO INJURY / DRIVE AWAY,,,"OVER $1,500",UNABLE TO DETERMINE,2,NO INDICATION OF INJURY,0,0,41.9293963856,-87.6684400743,60614,"CHICAGO MIDWAY AIRPORT, IL US",31.0,22.0,69.0,0.0,10.0,8.0
crash_09524,2025-10-31 23:19:00,2025,10,Oct,Fri,23,Night or early morning,30,NO CONTROLS,CLEAR,"DARKNESS, LIGHTED ROAD",ANGLE,FOUR WAY,WET,INJURY AND / OR TOW DUE TO CRASH,true,,"OVER $1,500",FAILING TO YIELD RIGHT-OF-WAY,4,NONINCAPACITATING INJURY,2,0,41.9465358471,-87.7054295656,60618,,,,,,,
crash_09525,2023-10-03 08:47:00,2023,10,Oct,Tue,8,Morning commute,30,TRAFFIC SIGNAL,CLEAR,DAYLIGHT,SIDESWIPE SAME DIRECTION,DIVIDED - W/MEDIAN (NOT RAISED),DRY,INJURY AND / OR TOW DUE TO CRASH,true,,"OVER $1,500",IMPROPER OVERTAKING/PASSING,2,NONINCAPACITATING INJURY,2,0,41.7785815505,-87.7385581053,60629,"CHICAGO MIDWAY AIRPORT, IL US",71.0,57.0,61.0,0.0,10.0,6.0
crash_09526,2024-10-31 18:35:00,2024,10,Oct,Thu,18,Evening commute,30,TRAFFIC SIGNAL,CLEAR,"DARKNESS, LIGHTED ROAD",ANGLE,FOUR WAY,DRY,INJURY AND / OR TOW DUE TO CRASH,true,true,"OVER $1,500",DISREGARDING TRAFFIC SIGNALS,3,NO INDICATION OF INJURY,0,0,41.7289307234,-87.6253827563,60620,"CHICAGO MIDWAY AIRPORT, IL US",50.0,36.0,59.0,0.0,10.0,23.0
crash_09527,2018-02-15 18:30:00,2018,2,Feb,Thu,18,Evening commute,30,TRAFFIC SIGNAL,CLEAR,DUSK,REAR END,NOT DIVIDED,DRY,NO INJURY / DRIVE AWAY,,true,"$501 - $1,500",UNABLE TO DETERMINE,2,NO INDICATION OF INJURY,0,0,41.8816715757,-87.7159382082,60624,"CHICAGO MIDWAY AIRPORT, IL US",44.0,41.0,89.0,0.0,10.0,7.0
crash_09528,2018-01-21 18:30:00,2018,1,Jan,Sun,18,Evening commute,30,TRAFFIC SIGNAL,FOG/SMOKE/HAZE,"DARKNESS, LIGHTED ROAD",SIDESWIPE SAME DIRECTION,NOT DIVIDED,WET,NO INJURY / DRIVE AWAY,,,"$501 - $1,500",FAILING TO YIELD RIGHT-OF-WAY,2,NO INDICATION OF INJURY,0,0,41.722449457,-87.5850035691,60617,"CHICAGO MIDWAY AIRPORT, IL US",43.0,42.0,97.0,0.0,1.0,6.0
crash_09529,2023-09-10 19:15:00,2023,9,Sep,Sun,19,Night or early morning,30,NO CONTROLS,CLEAR,DUSK,REAR END,NOT DIVIDED,DRY,NO INJURY / DRIVE AWAY,,,"OVER $1,500",DRIVING SKILLS/KNOWLEDGE/EXPERIENCE,2,NO INDICATION OF INJURY,0,0,41.8675665406,-87.6240941748,60605,"CHICAGO MIDWAY AIRPORT, IL US",76.0,58.0,54.0,0.0,10.0,10.0
crash_09530,2022-01-26 11:30:00,2022,1,Jan,Wed,11,Daytime,25,STOP SIGN/FLASHER,CLEAR,DAYLIGHT,ANGLE,T-INTERSECTION,SNOW OR SLUSH,INJURY AND / OR TOW DUE TO CRASH,true,,$500 OR LESS,FAILING TO YIELD RIGHT-OF-WAY,2,NO INDICATION OF INJURY,0,0,41.7477480728,-87.6025098523,60619,"CHICAGO MIDWAY AIRPORT, IL US",7.0,-9.0,47.0,0.0,10.0,9.0
crash_09531,2019-12-06 16:45:00,2019,12,Dec,Fri,16,Evening commute,10,NO CONTROLS,CLEAR,DUSK,REAR TO SIDE,PARKING LOT,DRY,NO INJURY / DRIVE AWAY,,,"OVER $1,500",UNABLE TO DETERMINE,2,NO INDICATION OF INJURY,0,0,41.7145740319,-87.6138305262,60628,"CHICAGO MIDWAY AIRPORT, IL US",33.0,23.0,66.0,0.0,10.0,7.0
crash_09532,2022-03-24 07:40:00,2022,3,Mar,Thu,7,Morning commute,30,STOP SIGN/FLASHER,CLEAR,DAYLIGHT,ANGLE,NOT DIVIDED,DRY,INJURY AND / OR TOW DUE TO CRASH,true,,$500 OR LESS,UNABLE TO DETERMINE,2,NO INDICATION OF INJURY,0,0,41.7757049019,-87.6822605749,60636,"CHICAGO MIDWAY AIRPORT, IL US",43.0,40.0,89.0,0.0,4.0,8.0
crash_09533,2021-06-10 20:48:00,2021,6,Jun,Thu,20,Night or early morning,30,TRAFFIC SIGNAL,CLEAR,"DARKNESS, LIGHTED ROAD",REAR TO FRONT,DIVIDED - W/MEDIAN (NOT RAISED),DRY,NO INJURY / DRIVE AWAY,true,,"$501 - $1,500",IMPROPER BACKING,2,NO INDICATION OF INJURY,0,0,41.8672353612,-87.6302864132,60605,"CHICAGO MIDWAY AIRPORT, IL US",78.0,64.0,62.0,0.0,10.0,8.0
crash_09534,2022-04-02 23:00:00,2022,4,Apr,Sat,23,Night or early morning,30,NO CONTROLS,CLEAR,"DARKNESS, LIGHTED ROAD",PARKED MOTOR VEHICLE,NOT DIVIDED,UNKNOWN,NO INJURY / DRIVE AWAY,,true,"OVER $1,500","OPERATING VEHICLE IN ERRATIC, RECKLESS, CARELESS, NEGLIGENT OR AGGRESSIVE MANNER",2,NO INDICATION OF INJURY,0,0,41.7729064717,-87.6128138387,60637,"CHICAGO MIDWAY AIRPORT, IL US",38.0,33.0,83.0,0.0,10.0,6.0
crash_09535,2022-12-15 14:58:00,2022,12,Dec,Thu,14,Daytime,30,NO CONTROLS,CLOUDY/OVERCAST,DAYLIGHT,PARKED MOTOR VEHICLE,NOT DIVIDED,UNKNOWN,NO INJURY / DRIVE AWAY,,,"$501 - $1,500",IMPROPER OVERTAKING/PASSING,2,NO INDICATION OF INJURY,0,0,41.9320283919,-87.6512681329,60614,"CHICAGO MIDWAY AIRPORT, IL US",36.0,26.0,67.0,0.0,10.0,16.0
crash_09536,2025-02-01 15:40:00,2025,2,Feb,Sat,15,Evening commute,10,STOP SIGN/FLASHER,CLEAR,DAYLIGHT,ANGLE,PARKING LOT,DRY,INJURY AND / OR TOW DUE TO CRASH,,,"OVER $1,500",UNABLE TO DETERMINE,2,NO INDICATION OF INJURY,0,0,41.923750201,-87.7898808596,60707,"CHICAGO OHARE INTERNATIONAL AIRPORT, IL US",32.0,18.0,56.0,0.0,10.0,10.0
crash_09537,2023-01-13 09:10:00,2023,1,Jan,Fri,9,Morning commute,20,TRAFFIC SIGNAL,CLOUDY/OVERCAST,DAYLIGHT,TURNING,DIVIDED - W/MEDIAN (NOT RAISED),DRY,NO INJURY / DRIVE AWAY,,,$500 OR LESS,FOLLOWING TOO CLOSELY,2,NO INDICATION OF INJURY,0,0,41.8077749509,-87.7234389777,60632,"CHICAGO MIDWAY AIRPORT, IL US",30.0,21.0,69.0,0.0,10.0,20.0
crash_09538,2019-05-07 15:15:00,2019,5,May,Tue,15,Evening commute,30,NO CONTROLS,CLEAR,DAYLIGHT,PARKED MOTOR VEHICLE,NOT DIVIDED,DRY,NO INJURY / DRIVE AWAY,,,"$501 - $1,500",IMPROPER OVERTAKING/PASSING,2,NO INDICATION OF INJURY,0,0,41.9885262947,-87.7858142141,60646,"CHICAGO OHARE INTERNATIONAL AIRPORT, IL US",50.0,38.0,63.0,,10.0,20.0
crash_09539,2024-04-18 17:40:00,2024,4,Apr,Thu,17,Evening commute,30,NO CONTROLS,CLEAR,DAYLIGHT,SIDESWIPE SAME DIRECTION,NOT DIVIDED,DRY,NO INJURY / DRIVE AWAY,,,"OVER $1,500",UNABLE TO DETERMINE,2,NO INDICATION OF INJURY,0,0,41.8818445821,-87.6498477772,60607,"CHICAGO MIDWAY AIRPORT, IL US",56.0,39.0,53.0,0.0,10.0,10.0
crash_09540,2021-03-16 10:10:00,2021,3,Mar,Tue,10,Daytime,30,TRAFFIC SIGNAL,CLEAR,DAYLIGHT,TURNING,DIVIDED - W/MEDIAN (NOT RAISED),DRY,NO INJURY / DRIVE AWAY,,,"OVER $1,500",IMPROPER TURNING/NO SIGNAL,3,NO INDICATION OF INJURY,0,0,41.9389284674,-87.6674161999,60657,"CHICAGO MIDWAY AIRPORT, IL US",35.0,31.0,85.0,0.0,10.0,5.0
crash_09541,2024-08-29 11:04:00,2024,8,Aug,Thu,11,Daytime,30,UNKNOWN,CLEAR,DAYLIGHT,PARKED MOTOR VEHICLE,DIVIDED - W/MEDIAN (NOT RAISED),DRY,NO INJURY / DRIVE AWAY,,,"OVER $1,500",NOT APPLICABLE,2,NO INDICATION OF INJURY,0,0,41.997838114,-87.6899485368,60645,"CHICAGO OHARE INTERNATIONAL AIRPORT, IL US",77.0,69.0,77.0,,10.0,3.0
crash_09542,2023-10-16 12:39:00,2023,10,Oct,Mon,12,Daytime,30,TRAFFIC SIGNAL,CLOUDY/OVERCAST,DAYLIGHT,REAR END,FOUR WAY,DRY,INJURY AND / OR TOW DUE TO CRASH,true,,"OVER $1,500",DRIVING SKILLS/KNOWLEDGE/EXPERIENCE,3,"REPORTED, NOT EVIDENT",1,0,41.976127216,-87.6694659258,60640,"CHICAGO OHARE INTERNATIONAL AIRPORT, IL US",53.0,45.0,74.0,0.0,10.0,10.0
crash_09543,2022-02-02 15:35:00,2022,2,Feb,Wed,15,Evening commute,30,TRAFFIC SIGNAL,SNOW,DAYLIGHT,ANGLE,FOUR WAY,SNOW OR SLUSH,INJURY AND / OR TOW DUE TO CRASH,true,,"OVER $1,500",UNABLE TO DETERMINE,2,NO INDICATION OF INJURY,0,0,41.8735817471,-87.7109278695,60624,"CHICAGO MIDWAY AIRPORT, IL US",23.0,17.0,78.0,0.0,0.75,18.0
crash_09544,2020-06-25 16:30:00,2020,6,Jun,Thu,16,Evening commute,30,STOP SIGN/FLASHER,CLEAR,DAYLIGHT,ANGLE,FOUR WAY,DRY,NO INJURY / DRIVE AWAY,true,true,"OVER $1,500",UNABLE TO DETERMINE,2,NO INDICATION OF INJURY,0,0,41.8973257543,-87.7214028776,60651,"CHICAGO MIDWAY AIRPORT, IL US",79.0,54.0,42.0,0.0,10.0,11.0
crash_09545,2024-12-27 11:35:00,2024,12,Dec,Fri,11,Daytime,30,STOP SIGN/FLASHER,RAIN,DAYLIGHT,FIXED OBJECT,DIVIDED - W/MEDIAN (NOT RAISED),WET,NO INJURY / DRIVE AWAY,,,$500 OR LESS,NOT APPLICABLE,1,NO INDICATION OF INJURY,0,0,41.8893713331,-87.6276376689,60611,"CHICAGO MIDWAY AIRPORT, IL US",49.0,43.0,80.0,0.01,4.0,7.0
crash_09546,2023-10-04 17:45:00,2023,10,Oct,Wed,17,Evening commute,45,NO CONTROLS,CLEAR,DAYLIGHT,REAR END,DIVIDED - W/MEDIAN BARRIER,DRY,NO INJURY / DRIVE AWAY,,true,"OVER $1,500","OPERATING VEHICLE IN ERRATIC, RECKLESS, CARELESS, NEGLIGENT OR AGGRESSIVE MANNER",2,NO INDICATION OF INJURY,0,0,41.8515549711,-87.6141065382,60616,"CHICAGO MIDWAY AIRPORT, IL US",80.0,53.0,39.0,0.0,9.0,14.0
crash_09547,2022-05-03 16:50:00,2022,5,May,Tue,16,Evening commute,30,NO CONTROLS,CLEAR,DAYLIGHT,TURNING,NOT DIVIDED,WET,NO INJURY / DRIVE AWAY,,true,"OVER $1,500",IMPROPER TURNING/NO SIGNAL,2,NO INDICATION OF INJURY,0,0,41.7076381466,-87.6012647578,60628,"CHICAGO MIDWAY AIRPORT, IL US",47.0,43.0,86.0,0.0,2.0,18.0
crash_09548,2020-07-01 09:51:00,2020,7,Jul,Wed,9,Morning commute,35,NO CONTROLS,CLEAR,DAYLIGHT,TURNING,DIVIDED - W/MEDIAN (NOT RAISED),DRY,NO INJURY / DRIVE AWAY,,,"$501 - $1,500",IMPROPER OVERTAKING/PASSING,2,NO INDICATION OF INJURY,0,0,41.7144310255,-87.6047822715,60628,"CHICAGO MIDWAY AIRPORT, IL US",83.0,65.0,55.0,0.0,10.0,5.0
crash_09549,2021-04-02 09:35:00,2021,4,Apr,Fri,9,Morning commute,30,NO CONTROLS,CLEAR,DAYLIGHT,TURNING,NOT DIVIDED,DRY,NO INJURY / DRIVE AWAY,,,"$501 - $1,500",UNABLE TO DETERMINE,2,NO INDICATION OF INJURY,0,0,41.7334620061,-87.6145942548,60619,"CHICAGO MIDWAY AIRPORT, IL US",38.0,14.0,37.0,0.0,10.0,8.0
crash_09550,2018-09-20 14:50:00,2018,9,Sep,Thu,14,Daytime,30,NO CONTROLS,CLEAR,DAYLIGHT,REAR END,OTHER,DRY,NO INJURY / DRIVE AWAY,,,"OVER $1,500",IMPROPER BACKING,2,NO INDICATION OF INJURY,0,0,41.9095051477,-87.7469599363,60651,"CHICAGO MIDWAY AIRPORT, IL US",95.0,70.0,44.0,0.0,10.0,15.0