crash_id,crash_datetime,crash_year,crash_month,crash_month_name,crash_weekday_name,crash_hour,time_period,posted_speed_limit_mph,traffic_control_device,reported_weather_condition,reported_lighting_condition,first_crash_type,trafficway_type,reported_road_surface_condition,crash_type,intersection_related,hit_and_run,estimated_damage,primary_contributory_cause,unit_count,most_severe_injury,injuries_total,injuries_fatal,latitude,longitude,zip5,weather_station_name,temperature_f,dew_point_f,relative_humidity_percent,precipitation_inches,visibility_miles,wind_speed_mph
crash_09551,2022-02-17 19:00:00,2022,2,Feb,Thu,19,Night or early morning,30,NO CONTROLS,SNOW,"DARKNESS, LIGHTED ROAD",PARKED MOTOR VEHICLE,ONE-WAY,SNOW OR SLUSH,NO INJURY / DRIVE AWAY,,,"OVER $1,500",WEATHER,4,NO INDICATION OF INJURY,0,0,41.8936847547,-87.7218410606,60624,"CHICAGO MIDWAY AIRPORT, IL US",22.0,17.0,82.0,0.0,1.0,18.0
crash_09552,2019-08-26 21:30:00,2019,8,Aug,Mon,21,Night or early morning,30,NO CONTROLS,RAIN,"DARKNESS, LIGHTED ROAD",FIXED OBJECT,DIVIDED - W/MEDIAN (NOT RAISED),WET,NO INJURY / DRIVE AWAY,,,"OVER $1,500",UNABLE TO DETERMINE,1,NO INDICATION OF INJURY,0,0,41.8335867871,-87.6853314619,60608,"CHICAGO MIDWAY AIRPORT, IL US",72.0,67.0,84.0,0.0,10.0,13.0
crash_09553,2023-05-07 07:00:00,2023,5,May,Sun,7,Morning commute,30,TRAFFIC SIGNAL,CLEAR,DAYLIGHT,ANGLE,FOUR WAY,DRY,NO INJURY / DRIVE AWAY,true,,"OVER $1,500",DISREGARDING OTHER TRAFFIC SIGNS,2,NO INDICATION OF INJURY,0,0,41.8933524377,-87.6255669883,60611,"CHICAGO MIDWAY AIRPORT, IL US",67.0,59.0,76.0,0.0,10.0,5.0
crash_09554,2020-07-15 11:22:00,2020,7,Jul,Wed,11,Daytime,20,NO CONTROLS,CLEAR,DAYLIGHT,PARKED MOTOR VEHICLE,DIVIDED - W/MEDIAN (NOT RAISED),DRY,NO INJURY / DRIVE AWAY,,,"$501 - $1,500",NOT APPLICABLE,2,NO INDICATION OF INJURY,0,0,41.7627543446,-87.5644004121,60649,"CHICAGO MIDWAY AIRPORT, IL US",85.0,65.0,51.0,0.0,10.0,11.0
crash_09555,2020-10-22 14:48:00,2020,10,Oct,Thu,14,Daytime,30,NO CONTROLS,RAIN,"DARKNESS, LIGHTED ROAD",SIDESWIPE SAME DIRECTION,NOT DIVIDED,WET,NO INJURY / DRIVE AWAY,,,"OVER $1,500",UNABLE TO DETERMINE,2,NO INDICATION OF INJURY,0,0,41.9028208143,-87.6962197506,60622,"CHICAGO MIDWAY AIRPORT, IL US",74.0,64.0,71.0,0.0,9.0,6.0
crash_09556,2025-09-20 20:00:00,2025,9,Sep,Sat,20,Night or early morning,30,TRAFFIC SIGNAL,CLEAR,"DARKNESS, LIGHTED ROAD",SIDESWIPE SAME DIRECTION,ONE-WAY,DRY,NO INJURY / DRIVE AWAY,,,"$501 - $1,500",UNABLE TO DETERMINE,2,NO INDICATION OF INJURY,0,0,41.8907148691,-87.6310292514,60654,,,,,,,
crash_09557,2023-03-19 07:08:00,2023,3,Mar,Sun,7,Morning commute,30,STOP SIGN/FLASHER,CLEAR,DAYLIGHT,PARKED MOTOR VEHICLE,DIVIDED - W/MEDIAN (NOT RAISED),DRY,NO INJURY / DRIVE AWAY,true,,"$501 - $1,500","VISION OBSCURED (SIGNS, TREE LIMBS, BUILDINGS, ETC.)",2,NO INDICATION OF INJURY,0,0,41.6517579547,-87.5436622525,60633,"CHICAGO MIDWAY AIRPORT, IL US",19.0,12.0,74.0,0.0,10.0,10.0
crash_09558,2019-10-22 18:00:00,2019,10,Oct,Tue,18,Evening commute,30,TRAFFIC SIGNAL,CLEAR,DUSK,TURNING,DIVIDED - W/MEDIAN BARRIER,DRY,NO INJURY / DRIVE AWAY,true,true,"$501 - $1,500",FAILING TO YIELD RIGHT-OF-WAY,2,NO INDICATION OF INJURY,0,0,41.8934322742,-87.6243637193,60611,"CHICAGO MIDWAY AIRPORT, IL US",51.0,37.0,59.0,0.0,10.0,18.0
crash_09559,2025-06-08 08:30:00,2025,6,Jun,Sun,8,Morning commute,10,NO CONTROLS,CLEAR,UNKNOWN,PARKED MOTOR VEHICLE,NOT DIVIDED,UNKNOWN,NO INJURY / DRIVE AWAY,,true,"OVER $1,500",UNABLE TO DETERMINE,2,NO INDICATION OF INJURY,0,0,41.7246197077,-87.5925720643,60619,"CHICAGO MIDWAY AIRPORT, IL US",69.0,56.0,63.0,0.0,10.0,3.0
crash_09560,2021-09-22 18:00:00,2021,9,Sep,Wed,18,Evening commute,10,NO CONTROLS,CLEAR,DAYLIGHT,FIXED OBJECT,PARKING LOT,DRY,NO INJURY / DRIVE AWAY,,,"OVER $1,500",NOT APPLICABLE,1,NO INDICATION OF INJURY,0,0,41.8645593106,-87.6407805004,60607,"CHICAGO MIDWAY AIRPORT, IL US",62.0,43.0,50.0,0.0,10.0,18.0
crash_09561,2021-01-09 11:15:00,2021,1,Jan,Sat,11,Daytime,25,NO CONTROLS,CLEAR,DAYLIGHT,SIDESWIPE SAME DIRECTION,NOT DIVIDED,DRY,INJURY AND / OR TOW DUE TO CRASH,,,"$501 - $1,500",IMPROPER OVERTAKING/PASSING,2,NO INDICATION OF INJURY,0,0,41.7512406214,-87.6141234221,60619,"CHICAGO MIDWAY AIRPORT, IL US",36.0,23.0,59.0,,10.0,9.0
crash_09562,2025-11-24 10:05:00,2025,11,Nov,Mon,10,Daytime,15,NO CONTROLS,CLEAR,DAYLIGHT,REAR TO SIDE,PARKING LOT,DRY,INJURY AND / OR TOW DUE TO CRASH,,,$500 OR LESS,IMPROPER BACKING,2,NONINCAPACITATING INJURY,1,0,41.7417416514,-87.6630733293,60620,,,,,,,
crash_09563,2023-03-04 15:10:00,2023,3,Mar,Sat,15,Evening commute,30,NO CONTROLS,CLEAR,DAYLIGHT,PARKED MOTOR VEHICLE,DIVIDED - W/MEDIAN (NOT RAISED),DRY,NO INJURY / DRIVE AWAY,,true,"OVER $1,500",FAILING TO REDUCE SPEED TO AVOID CRASH,2,NO INDICATION OF INJURY,0,0,41.8020323406,-87.6130986738,60615,"CHICAGO MIDWAY AIRPORT, IL US",48.0,32.0,54.0,0.0,10.0,13.0
crash_09564,2020-07-04 18:40:00,2020,7,Jul,Sat,18,Evening commute,30,TRAFFIC SIGNAL,CLEAR,DAYLIGHT,REAR END,NOT DIVIDED,DRY,NO INJURY / DRIVE AWAY,,,"OVER $1,500",UNABLE TO DETERMINE,2,NO INDICATION OF INJURY,0,0,41.8751052191,-87.6863070725,60612,"CHICAGO MIDWAY AIRPORT, IL US",83.0,68.0,61.0,0.0,10.0,13.0
crash_09565,2021-10-22 13:57:00,2021,10,Oct,Fri,13,Daytime,15,NO CONTROLS,CLEAR,DAYLIGHT,PARKED MOTOR VEHICLE,ONE-WAY,DRY,INJURY AND / OR TOW DUE TO CRASH,,,"OVER $1,500","OPERATING VEHICLE IN ERRATIC, RECKLESS, CARELESS, NEGLIGENT OR AGGRESSIVE MANNER",2,NO INDICATION OF INJURY,0,0,41.8752096565,-87.7213749658,60624,"CHICAGO MIDWAY AIRPORT, IL US",54.0,32.0,43.0,0.0,10.0,10.0
crash_09566,2018-05-31 08:30:00,2018,5,May,Thu,8,Morning commute,25,NO CONTROLS,CLEAR,DAYLIGHT,SIDESWIPE SAME DIRECTION,NOT DIVIDED,DRY,NO INJURY / DRIVE AWAY,,,"OVER $1,500","VISION OBSCURED (SIGNS, TREE LIMBS, BUILDINGS, ETC.)",2,NO INDICATION OF INJURY,0,0,41.6971979175,-87.6972637984,60655,"CHICAGO MIDWAY AIRPORT, IL US",79.0,68.0,69.0,0.0,10.0,13.0
crash_09567,2025-09-18 10:00:00,2025,9,Sep,Thu,10,Daytime,25,NO CONTROLS,CLEAR,DAYLIGHT,REAR END,DIVIDED - W/MEDIAN (NOT RAISED),DRY,NO INJURY / DRIVE AWAY,,,"OVER $1,500",UNABLE TO DETERMINE,2,NO INDICATION OF INJURY,0,0,41.9929375042,-87.6602103263,60660,,,,,,,
crash_09568,2025-02-27 15:54:00,2025,2,Feb,Thu,15,Evening commute,30,NO CONTROLS,CLEAR,DAYLIGHT,ANGLE,NOT DIVIDED,DRY,NO INJURY / DRIVE AWAY,,,"OVER $1,500",FAILING TO YIELD RIGHT-OF-WAY,2,NO INDICATION OF INJURY,0,0,41.8835303049,-87.6475584673,60607,"CHICAGO MIDWAY AIRPORT, IL US",49.0,28.0,44.0,0.0,10.0,18.0
crash_09569,2024-04-18 09:30:00,2024,4,Apr,Thu,9,Morning commute,10,NO CONTROLS,CLEAR,DAYLIGHT,FIXED OBJECT,ALLEY,DRY,NO INJURY / DRIVE AWAY,,true,"OVER $1,500",UNABLE TO DETERMINE,1,NO INDICATION OF INJURY,0,0,41.8816709169,-87.7480455946,60644,"CHICAGO MIDWAY AIRPORT, IL US",56.0,39.0,53.0,0.0,10.0,5.0
crash_09570,2022-09-23 13:00:00,2022,9,Sep,Fri,13,Daytime,30,TRAFFIC SIGNAL,CLEAR,DAYLIGHT,REAR END,NOT DIVIDED,DRY,NO INJURY / DRIVE AWAY,,,"OVER $1,500",IMPROPER LANE USAGE,2,NO INDICATION OF INJURY,0,0,41.7663654192,-87.5666278797,60649,"CHICAGO MIDWAY AIRPORT, IL US",64.0,42.0,45.0,0.0,10.0,10.0
crash_09571,2023-02-03 17:00:00,2023,2,Feb,Fri,17,Evening commute,30,UNKNOWN,UNKNOWN,DAWN,PARKED MOTOR VEHICLE,NOT DIVIDED,UNKNOWN,NO INJURY / DRIVE AWAY,,true,"OVER $1,500",UNABLE TO DETERMINE,2,NO INDICATION OF INJURY,0,0,41.7710523324,-87.6726260784,60636,"CHICAGO MIDWAY AIRPORT, IL US",12.0,-12.0,33.0,0.0,10.0,0.0
crash_09572,2019-01-18 19:00:00,2019,1,Jan,Fri,19,Night or early morning,30,NO CONTROLS,SNOW,DARKNESS,PARKED MOTOR VEHICLE,DIVIDED - W/MEDIAN (NOT RAISED),SNOW OR SLUSH,NO INJURY / DRIVE AWAY,,true,$500 OR LESS,UNABLE TO DETERMINE,2,NO INDICATION OF INJURY,0,0,41.7824678343,-87.6158277972,60637,"CHICAGO MIDWAY AIRPORT, IL US",30.0,23.0,75.0,0.0,10.0,17.0
crash_09573,2018-02-24 21:14:00,2018,2,Feb,Sat,21,Night or early morning,20,NO CONTROLS,CLOUDY/OVERCAST,"DARKNESS, LIGHTED ROAD",PARKED MOTOR VEHICLE,ONE-WAY,DRY,NO INJURY / DRIVE AWAY,,,$500 OR LESS,DRIVING SKILLS/KNOWLEDGE/EXPERIENCE,2,NO INDICATION OF INJURY,0,0,41.740885164,-87.651195088,60620,"CHICAGO MIDWAY AIRPORT, IL US",45.0,44.0,97.0,0.0,8.0,18.0
crash_09574,2018-02-23 18:40:00,2018,2,Feb,Fri,18,Evening commute,30,NO CONTROLS,CLEAR,"DARKNESS, LIGHTED ROAD",OTHER OBJECT,OTHER,DRY,NO INJURY / DRIVE AWAY,,,"$501 - $1,500",ROAD CONSTRUCTION/MAINTENANCE,1,NO INDICATION OF INJURY,0,0,41.9261607198,-87.6315146648,60614,"CHICAGO MIDWAY AIRPORT, IL US",39.0,33.0,79.0,0.0,10.0,7.0
crash_09575,2022-12-20 07:48:00,2022,12,Dec,Tue,7,Morning commute,35,NO CONTROLS,CLEAR,DAYLIGHT,SIDESWIPE SAME DIRECTION,NOT DIVIDED,DRY,NO INJURY / DRIVE AWAY,,true,"$501 - $1,500",NOT APPLICABLE,2,NO INDICATION OF INJURY,0,0,41.7041022057,-87.5594765632,60617,"CHICAGO MIDWAY AIRPORT, IL US",25.0,19.0,78.0,0.0,10.0,6.0
crash_09576,2022-03-03 20:00:00,2022,3,Mar,Thu,20,Night or early morning,30,TRAFFIC SIGNAL,CLEAR,"DARKNESS, LIGHTED ROAD",SIDESWIPE SAME DIRECTION,FOUR WAY,DRY,NO INJURY / DRIVE AWAY,,true,"OVER $1,500",UNABLE TO DETERMINE,2,NO INDICATION OF INJURY,0,0,41.7940254586,-87.6743635083,60609,"CHICAGO MIDWAY AIRPORT, IL US",31.0,15.0,52.0,0.0,10.0,8.0
crash_09577,2021-10-23 22:34:00,2021,10,Oct,Sat,22,Night or early morning,30,NO CONTROLS,CLEAR,"DARKNESS, LIGHTED ROAD",FIXED OBJECT,NOT DIVIDED,DRY,INJURY AND / OR TOW DUE TO CRASH,,,"OVER $1,500",UNABLE TO DETERMINE,1,NO INDICATION OF INJURY,0,0,41.9032457589,-87.6803552647,60622,"CHICAGO MIDWAY AIRPORT, IL US",47.0,34.0,61.0,0.0,10.0,6.0
crash_09578,2023-08-02 01:00:00,2023,8,Aug,Wed,1,Night or early morning,30,STOP SIGN/FLASHER,CLEAR,"DARKNESS, LIGHTED ROAD",SIDESWIPE SAME DIRECTION,ONE-WAY,DRY,NO INJURY / DRIVE AWAY,,true,"OVER $1,500",FAILING TO YIELD RIGHT-OF-WAY,2,NO INDICATION OF INJURY,0,0,41.7469855157,-87.6523692334,60620,"CHICAGO MIDWAY AIRPORT, IL US",74.0,59.0,60.0,0.0,10.0,6.0
crash_09579,2019-03-23 17:30:00,2019,3,Mar,Sat,17,Evening commute,10,UNKNOWN,CLEAR,DAYLIGHT,OTHER OBJECT,OTHER,DRY,NO INJURY / DRIVE AWAY,,,"OVER $1,500",UNABLE TO DETERMINE,1,NO INDICATION OF INJURY,0,0,41.9237861887,-87.7855672056,60707,"CHICAGO OHARE INTERNATIONAL AIRPORT, IL US",51.0,24.0,35.0,0.0,10.0,8.0
crash_09580,2025-11-05 11:00:00,2025,11,Nov,Wed,11,Daytime,30,TRAFFIC SIGNAL,CLEAR,DAYLIGHT,PEDESTRIAN,ONE-WAY,DRY,INJURY AND / OR TOW DUE TO CRASH,,,"OVER $1,500",FAILING TO YIELD RIGHT-OF-WAY,2,NONINCAPACITATING INJURY,1,0,41.8828062266,-87.6292814957,60602,,,,,,,
crash_09581,2019-11-30 13:55:00,2019,11,Nov,Sat,13,Daytime,30,NO CONTROLS,RAIN,DAYLIGHT,TURNING,DIVIDED - W/MEDIAN (NOT RAISED),WET,INJURY AND / OR TOW DUE TO CRASH,,true,"$501 - $1,500",FAILING TO YIELD RIGHT-OF-WAY,2,INCAPACITATING INJURY,1,0,41.8079028321,-87.7297524795,60632,"CHICAGO MIDWAY AIRPORT, IL US",39.0,36.0,89.0,0.0,8.0,14.0
crash_09582,2022-08-19 09:50:00,2022,8,Aug,Fri,9,Morning commute,30,TRAFFIC SIGNAL,CLEAR,DAYLIGHT,REAR END,NOT DIVIDED,DRY,NO INJURY / DRIVE AWAY,,,$500 OR LESS,UNABLE TO DETERMINE,2,NO INDICATION OF INJURY,0,0,41.9526554062,-87.8073313241,60634,"CHICAGO OHARE INTERNATIONAL AIRPORT, IL US",78.0,61.0,56.0,0.0,10.0,11.0
crash_09583,2023-04-08 20:59:00,2023,4,Apr,Sat,20,Night or early morning,30,UNKNOWN,CLEAR,"DARKNESS, LIGHTED ROAD",SIDESWIPE SAME DIRECTION,OTHER,DRY,NO INJURY / DRIVE AWAY,,,"OVER $1,500",IMPROPER OVERTAKING/PASSING,2,NO INDICATION OF INJURY,0,0,41.7215674479,-87.6288090386,60628,"CHICAGO MIDWAY AIRPORT, IL US",51.0,30.0,44.0,0.0,10.0,5.0
crash_09584,2021-09-10 13:07:00,2021,9,Sep,Fri,13,Daytime,15,NO CONTROLS,CLEAR,DAYLIGHT,PARKED MOTOR VEHICLE,PARKING LOT,DRY,NO INJURY / DRIVE AWAY,,true,"OVER $1,500",UNABLE TO DETERMINE,2,NO INDICATION OF INJURY,0,0,41.9574350571,-87.7472803974,60641,"CHICAGO OHARE INTERNATIONAL AIRPORT, IL US",77.0,52.0,42.0,0.0,10.0,7.0
crash_09585,2024-10-09 21:30:00,2024,10,Oct,Wed,21,Night or early morning,30,NO CONTROLS,CLEAR,"DARKNESS, LIGHTED ROAD",PARKED MOTOR VEHICLE,NOT DIVIDED,DRY,INJURY AND / OR TOW DUE TO CRASH,,true,"OVER $1,500",UNABLE TO DETERMINE,3,NO INDICATION OF INJURY,0,0,41.7862440511,-87.6426618351,60621,"CHICAGO MIDWAY AIRPORT, IL US",60.0,44.0,56.0,0.0,10.0,9.0
crash_09586,2022-11-27 21:05:00,2022,11,Nov,Sun,21,Night or early morning,30,TRAFFIC SIGNAL,CLEAR,"DARKNESS, LIGHTED ROAD",TURNING,FOUR WAY,DRY,INJURY AND / OR TOW DUE TO CRASH,true,true,"OVER $1,500",UNABLE TO DETERMINE,2,NO INDICATION OF INJURY,0,0,41.8767016382,-87.7550779388,60644,"CHICAGO MIDWAY AIRPORT, IL US",41.0,31.0,67.0,0.0,10.0,11.0
crash_09587,2020-02-09 20:50:00,2020,2,Feb,Sun,20,Night or early morning,15,NO CONTROLS,CLEAR,DARKNESS,PARKED MOTOR VEHICLE,NOT DIVIDED,DRY,NO INJURY / DRIVE AWAY,,,"$501 - $1,500",UNABLE TO DETERMINE,2,NO INDICATION OF INJURY,0,0,41.976201139,-87.9053091251,60666,"CHICAGO OHARE INTERNATIONAL AIRPORT, IL US",36.0,34.0,93.0,0.0,3.0,7.0
crash_09588,2025-01-31 15:15:00,2025,1,Jan,Fri,15,Evening commute,30,NO CONTROLS,RAIN,DAYLIGHT,PARKED MOTOR VEHICLE,DIVIDED - W/MEDIAN BARRIER,WET,NO INJURY / DRIVE AWAY,,,"OVER $1,500",UNABLE TO DETERMINE,2,NO INDICATION OF INJURY,0,0,41.908377716,-87.6677731892,60622,"CHICAGO MIDWAY AIRPORT, IL US",39.0,33.0,79.0,,9.0,20.0
crash_09589,2024-09-13 20:20:00,2024,9,Sep,Fri,20,Night or early morning,30,NO CONTROLS,CLEAR,"DARKNESS, LIGHTED ROAD",REAR END,NOT DIVIDED,DRY,NO INJURY / DRIVE AWAY,,,"$501 - $1,500",UNABLE TO DETERMINE,2,NO INDICATION OF INJURY,0,0,41.7845357733,-87.7033586743,60629,"CHICAGO MIDWAY AIRPORT, IL US",78.0,62.0,58.0,0.0,10.0,9.0
crash_09590,2019-09-19 22:15:00,2019,9,Sep,Thu,22,Night or early morning,30,TRAFFIC SIGNAL,CLEAR,DARKNESS,SIDESWIPE SAME DIRECTION,ONE-WAY,UNKNOWN,NO INJURY / DRIVE AWAY,,true,"OVER $1,500",IMPROPER OVERTAKING/PASSING,2,NO INDICATION OF INJURY,0,0,41.7887844112,-87.6304965842,60621,"CHICAGO MIDWAY AIRPORT, IL US",74.0,61.0,64.0,0.0,10.0,5.0
crash_09591,2020-06-25 22:30:00,2020,6,Jun,Thu,22,Night or early morning,30,STOP SIGN/FLASHER,CLEAR,DARKNESS,ANGLE,NOT DIVIDED,DRY,INJURY AND / OR TOW DUE TO CRASH,true,,"OVER $1,500",UNABLE TO DETERMINE,2,NO INDICATION OF INJURY,0,0,41.7623395614,-87.6604341433,60636,"CHICAGO MIDWAY AIRPORT, IL US",74.0,57.0,56.0,0.0,10.0,0.0
crash_09592,2024-12-11 18:54:00,2024,12,Dec,Wed,18,Evening commute,30,TRAFFIC SIGNAL,CLEAR,"DARKNESS, LIGHTED ROAD",ANGLE,FOUR WAY,DRY,INJURY AND / OR TOW DUE TO CRASH,true,,"OVER $1,500",DISREGARDING OTHER TRAFFIC SIGNS,2,NO INDICATION OF INJURY,0,0,41.8843514783,-87.6964425612,60612,"CHICAGO MIDWAY AIRPORT, IL US",22.0,5.0,48.0,,10.0,18.0
crash_09593,2024-06-06 12:00:00,2024,6,Jun,Thu,12,Daytime,10,NO CONTROLS,CLEAR,DAYLIGHT,REAR TO FRONT,PARKING LOT,DRY,NO INJURY / DRIVE AWAY,,,$500 OR LESS,IMPROPER BACKING,2,NO INDICATION OF INJURY,0,0,41.692060407,-87.6656430914,60643,"CHICAGO MIDWAY AIRPORT, IL US",78.0,40.0,26.0,0.0,10.0,26.0
crash_09594,2024-03-31 18:38:00,2024,3,Mar,Sun,18,Evening commute,25,NO CONTROLS,RAIN,DAWN,FIXED OBJECT,DIVIDED - W/MEDIAN BARRIER,WET,INJURY AND / OR TOW DUE TO CRASH,,,"OVER $1,500",WEATHER,1,INCAPACITATING INJURY,1,0,41.9009589191,-87.6199281737,60611,"CHICAGO MIDWAY AIRPORT, IL US",42.0,38.0,85.0,0.02,9.0,14.0
crash_09595,2019-09-27 13:50:00,2019,9,Sep,Fri,13,Daytime,30,TRAFFIC SIGNAL,RAIN,DAYLIGHT,TURNING,NOT DIVIDED,WET,NO INJURY / DRIVE AWAY,,,"$501 - $1,500",FAILING TO YIELD RIGHT-OF-WAY,2,NO INDICATION OF INJURY,0,0,41.9526327211,-87.7963314577,60634,"CHICAGO OHARE INTERNATIONAL AIRPORT, IL US",63.0,61.0,93.0,0.02,10.0,14.0
crash_09596,2020-05-24 00:30:00,2020,5,May,Sun,0,Night or early morning,25,NO CONTROLS,CLEAR,"DARKNESS, LIGHTED ROAD",PARKED MOTOR VEHICLE,NOT DIVIDED,DRY,NO INJURY / DRIVE AWAY,,true,"$501 - $1,500",UNABLE TO DETERMINE,2,NO INDICATION OF INJURY,0,0,41.9354139342,-87.7165392901,60618,"CHICAGO MIDWAY AIRPORT, IL US",68.0,67.0,96.0,0.0,10.0,6.0
crash_09597,2019-03-06 13:55:00,2019,3,Mar,Wed,13,Daytime,30,NO CONTROLS,CLEAR,DAYLIGHT,SIDESWIPE SAME DIRECTION,NOT DIVIDED,DRY,INJURY AND / OR TOW DUE TO CRASH,,true,"OVER $1,500","OPERATING VEHICLE IN ERRATIC, RECKLESS, CARELESS, NEGLIGENT OR AGGRESSIVE MANNER",2,NO INDICATION OF INJURY,0,0,41.6920929147,-87.6551871201,60643,"CHICAGO MIDWAY AIRPORT, IL US",30.0,6.0,36.0,0.0,10.0,16.0
crash_09598,2018-02-28 15:40:00,2018,2,Feb,Wed,15,Evening commute,30,NO CONTROLS,CLEAR,DAYLIGHT,REAR END,NOT DIVIDED,DRY,NO INJURY / DRIVE AWAY,,,$500 OR LESS,FOLLOWING TOO CLOSELY,2,NO INDICATION OF INJURY,0,0,41.9461696553,-87.7521392595,60641,"CHICAGO OHARE INTERNATIONAL AIRPORT, IL US",40.0,35.0,83.0,0.0,10.0,13.0
crash_09599,2021-09-15 08:30:00,2021,9,Sep,Wed,8,Morning commute,25,NO CONTROLS,CLEAR,DAYLIGHT,SIDESWIPE SAME DIRECTION,UNKNOWN,DRY,NO INJURY / DRIVE AWAY,,,"OVER $1,500",IMPROPER OVERTAKING/PASSING,2,NO INDICATION OF INJURY,0,0,41.8983782312,-87.691691192,60622,"CHICAGO MIDWAY AIRPORT, IL US",67.0,54.0,63.0,0.0,10.0,9.0
crash_09600,2019-07-22 01:00:00,2019,7,Jul,Mon,1,Night or early morning,30,TRAFFIC SIGNAL,CLEAR,UNKNOWN,PARKED MOTOR VEHICLE,ONE-WAY,DRY,NO INJURY / DRIVE AWAY,,true,"OVER $1,500",UNABLE TO DETERMINE,2,NO INDICATION OF INJURY,0,0,41.7804036945,-87.6218374892,60637,"CHICAGO MIDWAY AIRPORT, IL US",72.0,57.0,59.0,0.0,10.0,6.0
crash_09601,2024-08-19 18:33:00,2024,8,Aug,Mon,18,Evening commute,30,NO CONTROLS,CLEAR,DAYLIGHT,PARKED MOTOR VEHICLE,PARKING LOT,DRY,NO INJURY / DRIVE AWAY,,true,"OVER $1,500",UNABLE TO DETERMINE,2,NO INDICATION OF INJURY,0,0,41.7076029255,-87.6035558218,60628,"CHICAGO MIDWAY AIRPORT, IL US",71.0,55.0,57.0,0.0,10.0,13.0
crash_09602,2018-12-29 18:02:00,2018,12,Dec,Sat,18,Evening commute,30,NO CONTROLS,SNOW,"DARKNESS, LIGHTED ROAD",TURNING,NOT DIVIDED,SNOW OR SLUSH,NO INJURY / DRIVE AWAY,,,"OVER $1,500",FAILING TO YIELD RIGHT-OF-WAY,2,NO INDICATION OF INJURY,0,0,41.9105218894,-87.7371094239,60639,"CHICAGO MIDWAY AIRPORT, IL US",28.0,26.0,92.0,0.0,5.0,9.0
crash_09603,2021-11-01 12:00:00,2021,11,Nov,Mon,12,Daytime,30,UNKNOWN,UNKNOWN,UNKNOWN,PARKED MOTOR VEHICLE,UNKNOWN,UNKNOWN,NO INJURY / DRIVE AWAY,,true,"OVER $1,500",UNABLE TO DETERMINE,2,NO INDICATION OF INJURY,0,0,41.9791245392,-87.787661245,60630,"CHICAGO OHARE INTERNATIONAL AIRPORT, IL US",45.0,28.0,52.0,0.0,10.0,8.0
crash_09604,2019-11-01 22:30:00,2019,11,Nov,Fri,22,Night or early morning,30,NO CONTROLS,CLEAR,"DARKNESS, LIGHTED ROAD",SIDESWIPE SAME DIRECTION,ONE-WAY,DRY,NO INJURY / DRIVE AWAY,,,$500 OR LESS,IMPROPER OVERTAKING/PASSING,2,NO INDICATION OF INJURY,0,0,41.7413786721,-87.602677086,60619,"CHICAGO MIDWAY AIRPORT, IL US",38.0,33.0,83.0,0.0,8.0,10.0
crash_09605,2023-10-27 21:00:00,2023,10,Oct,Fri,21,Night or early morning,30,NO CONTROLS,CLEAR,DARKNESS,PARKED MOTOR VEHICLE,NOT DIVIDED,DRY,NO INJURY / DRIVE AWAY,,,"OVER $1,500",IMPROPER BACKING,2,NO INDICATION OF INJURY,0,0,41.9008510796,-87.6282812186,60611,"CHICAGO MIDWAY AIRPORT, IL US",51.0,45.0,80.0,,10.0,11.0
crash_09606,2018-09-06 06:45:00,2018,9,Sep,Thu,6,Morning commute,30,NO CONTROLS,RAIN,DAYLIGHT,REAR END,DIVIDED - W/MEDIAN BARRIER,WET,NO INJURY / DRIVE AWAY,,,"$501 - $1,500",WEATHER,2,NO INDICATION OF INJURY,0,0,41.9273351369,-87.6318879502,60614,"CHICAGO MIDWAY AIRPORT, IL US",69.0,66.0,90.0,0.03,4.0,11.0
crash_09607,2019-08-26 18:00:00,2019,8,Aug,Mon,18,Evening commute,30,TRAFFIC SIGNAL,CLEAR,DAYLIGHT,TURNING,NOT DIVIDED,WET,NO INJURY / DRIVE AWAY,true,,"$501 - $1,500",IMPROPER TURNING/NO SIGNAL,2,NO INDICATION OF INJURY,0,0,41.9396086486,-87.6844516907,60618,"CHICAGO MIDWAY AIRPORT, IL US",77.0,69.0,77.0,0.0,10.0,17.0
crash_09608,2023-08-21 01:40:00,2023,8,Aug,Mon,1,Night or early morning,30,TRAFFIC SIGNAL,CLEAR,DARKNESS,ANGLE,DIVIDED - W/MEDIAN (NOT RAISED),DRY,INJURY AND / OR TOW DUE TO CRASH,,true,"OVER $1,500",DISREGARDING TRAFFIC SIGNALS,2,NONINCAPACITATING INJURY,1,0,41.7785380711,-87.7423558784,60638,"CHICAGO MIDWAY AIRPORT, IL US",75.0,66.0,74.0,0.0,10.0,6.0
crash_09609,2024-04-30 14:59:00,2024,4,Apr,Tue,14,Daytime,30,TRAFFIC SIGNAL,CLEAR,DAYLIGHT,PEDESTRIAN,OTHER,DRY,INJURY AND / OR TOW DUE TO CRASH,,,"$501 - $1,500",FAILING TO YIELD RIGHT-OF-WAY,2,NONINCAPACITATING INJURY,1,0,41.9134075461,-87.6257889418,60614,"CHICAGO MIDWAY AIRPORT, IL US",72.0,48.0,43.0,0.0,10.0,9.0