crash_id,crash_datetime,crash_year,crash_month,crash_month_name,crash_weekday_name,crash_hour,time_period,posted_speed_limit_mph,traffic_control_device,reported_weather_condition,reported_lighting_condition,first_crash_type,trafficway_type,reported_road_surface_condition,crash_type,intersection_related,hit_and_run,estimated_damage,primary_contributory_cause,unit_count,most_severe_injury,injuries_total,injuries_fatal,latitude,longitude,zip5,weather_station_name,temperature_f,dew_point_f,relative_humidity_percent,precipitation_inches,visibility_miles,wind_speed_mph
crash_09610,2018-12-13 08:00:00,2018,12,Dec,Thu,8,Morning commute,30,NO CONTROLS,CLEAR,DAYLIGHT,SIDESWIPE SAME DIRECTION,DIVIDED - W/MEDIAN (NOT RAISED),DRY,NO INJURY / DRIVE AWAY,,,"$501 - $1,500",IMPROPER OVERTAKING/PASSING,2,NO INDICATION OF INJURY,0,0,41.9687393844,-87.6881360692,60625,"CHICAGO OHARE INTERNATIONAL AIRPORT, IL US",27.0,25.0,92.0,0.0,5.0,0.0
crash_09611,2022-07-09 09:45:00,2022,7,Jul,Sat,9,Morning commute,30,NO CONTROLS,CLEAR,DAYLIGHT,OTHER NONCOLLISION,DIVIDED - W/MEDIAN BARRIER,DRY,NO INJURY / DRIVE AWAY,,,$500 OR LESS,ROAD ENGINEERING/SURFACE/MARKING DEFECTS,1,NO INDICATION OF INJURY,0,0,41.7232792643,-87.5849974295,60617,"CHICAGO MIDWAY AIRPORT, IL US",75.0,54.0,48.0,0.0,10.0,14.0
crash_09612,2025-03-18 12:00:00,2025,3,Mar,Tue,12,Daytime,30,NO CONTROLS,CLEAR,DAYLIGHT,REAR END,DIVIDED - W/MEDIAN (NOT RAISED),DRY,NO INJURY / DRIVE AWAY,,,"OVER $1,500",FOLLOWING TOO CLOSELY,2,NO INDICATION OF INJURY,0,0,41.9071826533,-87.7753870647,60651,"CHICAGO MIDWAY AIRPORT, IL US",59.0,37.0,44.0,0.0,10.0,14.0
crash_09613,2020-05-04 17:08:00,2020,5,May,Mon,17,Evening commute,35,NO CONTROLS,CLEAR,DAYLIGHT,SIDESWIPE SAME DIRECTION,DIVIDED - W/MEDIAN (NOT RAISED),DRY,NO INJURY / DRIVE AWAY,,true,"$501 - $1,500",UNABLE TO DETERMINE,2,NO INDICATION OF INJURY,0,0,41.7578056585,-87.586268258,60619,"CHICAGO MIDWAY AIRPORT, IL US",45.0,35.0,68.0,0.0,10.0,6.0
crash_09614,2019-01-05 12:30:00,2019,1,Jan,Sat,12,Daytime,30,NO CONTROLS,UNKNOWN,UNKNOWN,PARKED MOTOR VEHICLE,UNKNOWN,UNKNOWN,NO INJURY / DRIVE AWAY,,true,$500 OR LESS,UNABLE TO DETERMINE,2,NO INDICATION OF INJURY,0,0,41.8835478749,-87.6954522634,60612,"CHICAGO MIDWAY AIRPORT, IL US",49.0,36.0,61.0,0.0,10.0,14.0
crash_09615,2025-09-20 23:26:00,2025,9,Sep,Sat,23,Night or early morning,30,NO CONTROLS,CLEAR,"DARKNESS, LIGHTED ROAD",FIXED OBJECT,NOT DIVIDED,WET,INJURY AND / OR TOW DUE TO CRASH,,true,"OVER $1,500",UNABLE TO DETERMINE,1,NO INDICATION OF INJURY,0,0,41.7223164717,-87.5332347334,60617,,,,,,,
crash_09616,2021-07-18 20:53:00,2021,7,Jul,Sun,20,Night or early morning,30,TRAFFIC SIGNAL,CLEAR,"DARKNESS, LIGHTED ROAD",PEDALCYCLIST,NOT DIVIDED,DRY,NO INJURY / DRIVE AWAY,true,true,"OVER $1,500",IMPROPER LANE USAGE,2,NO INDICATION OF INJURY,0,0,41.8911269147,-87.6474724456,60654,"CHICAGO MIDWAY AIRPORT, IL US",73.0,58.0,59.0,0.0,10.0,9.0
crash_09617,2023-01-25 08:00:00,2023,1,Jan,Wed,8,Morning commute,30,NO CONTROLS,UNKNOWN,"DARKNESS, LIGHTED ROAD",PARKED MOTOR VEHICLE,ONE-WAY,UNKNOWN,NO INJURY / DRIVE AWAY,,true,"OVER $1,500",NOT APPLICABLE,2,NO INDICATION OF INJURY,0,0,41.9061076835,-87.7313721384,60651,"CHICAGO MIDWAY AIRPORT, IL US",33.0,31.0,92.0,0.01,0.75,8.0
crash_09618,2023-04-15 12:40:00,2023,4,Apr,Sat,12,Daytime,30,UNKNOWN,CLEAR,DAYLIGHT,REAR END,NOT DIVIDED,UNKNOWN,NO INJURY / DRIVE AWAY,,,"$501 - $1,500",FOLLOWING TOO CLOSELY,2,NO INDICATION OF INJURY,0,0,41.9362207469,-87.6939212048,60618,"CHICAGO MIDWAY AIRPORT, IL US",80.0,53.0,39.0,0.0,10.0,17.0
crash_09619,2025-12-05 07:50:00,2025,12,Dec,Fri,7,Morning commute,30,NO CONTROLS,CLOUDY/OVERCAST,DAYLIGHT,TURNING,FOUR WAY,DRY,INJURY AND / OR TOW DUE TO CRASH,true,,"OVER $1,500",FAILING TO YIELD RIGHT-OF-WAY,2,NO INDICATION OF INJURY,0,0,41.7713405291,-87.7348261601,60629,,,,,,,
crash_09620,2023-11-27 07:55:00,2023,11,Nov,Mon,7,Morning commute,30,NO CONTROLS,CLEAR,DAYLIGHT,SIDESWIPE SAME DIRECTION,DIVIDED - W/MEDIAN (NOT RAISED),DRY,INJURY AND / OR TOW DUE TO CRASH,,,"OVER $1,500",UNABLE TO DETERMINE,2,NONINCAPACITATING INJURY,1,0,41.9513771018,-87.7670887291,60634,"CHICAGO OHARE INTERNATIONAL AIRPORT, IL US",24.0,13.0,62.0,0.0,10.0,17.0
crash_09621,2024-05-30 10:45:00,2024,5,May,Thu,10,Daytime,30,NO CONTROLS,CLEAR,DAYLIGHT,PARKED MOTOR VEHICLE,DIVIDED - W/MEDIAN BARRIER,DRY,NO INJURY / DRIVE AWAY,,,"$501 - $1,500",UNABLE TO DETERMINE,2,NO INDICATION OF INJURY,0,0,41.8867069323,-87.6300661901,60601,"CHICAGO MIDWAY AIRPORT, IL US",66.0,40.0,39.0,0.0,10.0,7.0
crash_09622,2022-07-14 21:04:00,2022,7,Jul,Thu,21,Night or early morning,30,STOP SIGN/FLASHER,CLEAR,"DARKNESS, LIGHTED ROAD",ANGLE,DIVIDED - W/MEDIAN (NOT RAISED),DRY,INJURY AND / OR TOW DUE TO CRASH,true,,"OVER $1,500",FAILING TO YIELD RIGHT-OF-WAY,2,NONINCAPACITATING INJURY,2,0,41.961503495,-87.6676342915,60613,"CHICAGO MIDWAY AIRPORT, IL US",73.0,60.0,64.0,0.0,10.0,7.0
crash_09623,2025-06-23 10:00:00,2025,6,Jun,Mon,10,Daytime,30,NO CONTROLS,CLEAR,DAYLIGHT,SIDESWIPE SAME DIRECTION,DIVIDED - W/MEDIAN (NOT RAISED),DRY,NO INJURY / DRIVE AWAY,,true,$500 OR LESS,UNABLE TO DETERMINE,2,NO INDICATION OF INJURY,0,0,41.8660790144,-87.6239740703,60605,"CHICAGO MIDWAY AIRPORT, IL US",88.0,70.0,55.0,0.0,10.0,14.0
crash_09624,2021-06-01 10:00:00,2021,6,Jun,Tue,10,Daytime,30,NO CONTROLS,CLEAR,DAYLIGHT,PARKED MOTOR VEHICLE,NOT DIVIDED,DRY,NO INJURY / DRIVE AWAY,,true,"OVER $1,500",UNABLE TO DETERMINE,2,NO INDICATION OF INJURY,0,0,41.9258899827,-87.6474059319,60614,"CHICAGO MIDWAY AIRPORT, IL US",67.0,45.0,45.0,0.0,10.0,0.0
crash_09625,2019-08-17 09:00:00,2019,8,Aug,Sat,9,Morning commute,20,NO CONTROLS,CLEAR,DAYLIGHT,PARKED MOTOR VEHICLE,NOT DIVIDED,DRY,NO INJURY / DRIVE AWAY,,,$500 OR LESS,UNABLE TO DETERMINE,2,NO INDICATION OF INJURY,0,0,42.0105163147,-87.6605035029,60626,"CHICAGO OHARE INTERNATIONAL AIRPORT, IL US",73.0,65.0,76.0,0.01,8.0,0.0
crash_09626,2024-05-29 03:00:00,2024,5,May,Wed,3,Night or early morning,25,NO CONTROLS,CLEAR,"DARKNESS, LIGHTED ROAD",PARKED MOTOR VEHICLE,ONE-WAY,DRY,NO INJURY / DRIVE AWAY,,true,"OVER $1,500",DRIVING SKILLS/KNOWLEDGE/EXPERIENCE,2,NO INDICATION OF INJURY,0,0,41.7429557601,-87.6012125168,60619,"CHICAGO MIDWAY AIRPORT, IL US",56.0,51.0,84.0,0.0,10.0,14.0
crash_09627,2019-06-24 22:05:00,2019,6,Jun,Mon,22,Night or early morning,30,STOP SIGN/FLASHER,CLEAR,"DARKNESS, LIGHTED ROAD",ANGLE,FOUR WAY,DRY,INJURY AND / OR TOW DUE TO CRASH,true,,"OVER $1,500",FAILING TO REDUCE SPEED TO AVOID CRASH,2,NO INDICATION OF INJURY,0,0,41.8648904976,-87.6763426733,60608,"CHICAGO MIDWAY AIRPORT, IL US",69.0,60.0,73.0,0.0,10.0,9.0
crash_09628,2024-03-21 14:53:00,2024,3,Mar,Thu,14,Daytime,30,TRAFFIC SIGNAL,CLEAR,DAYLIGHT,TURNING,FOUR WAY,DRY,NO INJURY / DRIVE AWAY,,true,"OVER $1,500",UNABLE TO DETERMINE,2,NO INDICATION OF INJURY,0,0,41.7864371748,-87.6839752465,60629,"CHICAGO MIDWAY AIRPORT, IL US",39.0,15.0,38.0,0.0,10.0,7.0
crash_09629,2024-09-15 13:05:00,2024,9,Sep,Sun,13,Daytime,30,STOP SIGN/FLASHER,CLEAR,DAYLIGHT,ANGLE,DIVIDED - W/MEDIAN (NOT RAISED),DRY,NO INJURY / DRIVE AWAY,true,,"OVER $1,500","VISION OBSCURED (SIGNS, TREE LIMBS, BUILDINGS, ETC.)",2,NO INDICATION OF INJURY,0,0,41.9648582553,-87.7146103764,60625,"CHICAGO OHARE INTERNATIONAL AIRPORT, IL US",88.0,58.0,36.0,0.0,10.0,
crash_09630,2022-10-14 16:45:00,2022,10,Oct,Fri,16,Evening commute,35,NO CONTROLS,CLEAR,DAYLIGHT,ANGLE,DIVIDED - W/MEDIAN (NOT RAISED),DRY,INJURY AND / OR TOW DUE TO CRASH,,,"OVER $1,500",IMPROPER TURNING/NO SIGNAL,2,NO INDICATION OF INJURY,0,0,41.7736512755,-87.6298502381,60621,"CHICAGO MIDWAY AIRPORT, IL US",61.0,25.0,25.0,0.0,10.0,16.0
crash_09631,2022-11-09 10:30:00,2022,11,Nov,Wed,10,Daytime,30,NO CONTROLS,CLEAR,DAYLIGHT,PARKED MOTOR VEHICLE,NOT DIVIDED,DRY,NO INJURY / DRIVE AWAY,,true,"OVER $1,500",UNABLE TO DETERMINE,2,NO INDICATION OF INJURY,0,0,41.8721809289,-87.7449844277,60644,"CHICAGO MIDWAY AIRPORT, IL US",59.0,35.0,41.0,0.0,10.0,14.0
crash_09632,2018-10-22 10:00:00,2018,10,Oct,Mon,10,Daytime,25,NO CONTROLS,CLEAR,DAYLIGHT,PARKED MOTOR VEHICLE,ONE-WAY,DRY,NO INJURY / DRIVE AWAY,,true,"$501 - $1,500",UNABLE TO DETERMINE,2,NO INDICATION OF INJURY,0,0,41.7611950087,-87.620134329,60619,"CHICAGO MIDWAY AIRPORT, IL US",47.0,33.0,59.0,0.0,10.0,9.0
crash_09633,2021-07-04 16:25:00,2021,7,Jul,Sun,16,Evening commute,30,STOP SIGN/FLASHER,CLEAR,DAYLIGHT,REAR TO FRONT,NOT DIVIDED,DRY,NO INJURY / DRIVE AWAY,,,"$501 - $1,500",IMPROPER BACKING,2,NO INDICATION OF INJURY,0,0,41.919799117,-87.8023076414,60707,"CHICAGO OHARE INTERNATIONAL AIRPORT, IL US",87.0,65.0,48.0,0.0,10.0,11.0
crash_09634,2021-09-19 20:41:00,2021,9,Sep,Sun,20,Night or early morning,30,NO CONTROLS,CLEAR,DARKNESS,ANGLE,NOT DIVIDED,DRY,INJURY AND / OR TOW DUE TO CRASH,,true,"OVER $1,500",FAILING TO YIELD RIGHT-OF-WAY,2,"REPORTED, NOT EVIDENT",1,0,41.8821089953,-87.7294268324,60624,"CHICAGO MIDWAY AIRPORT, IL US",81.0,64.0,57.0,0.0,10.0,7.0
crash_09635,2019-09-27 15:40:00,2019,9,Sep,Fri,15,Evening commute,20,NO CONTROLS,RAIN,DAYLIGHT,SIDESWIPE SAME DIRECTION,ONE-WAY,WET,NO INJURY / DRIVE AWAY,,,"$501 - $1,500",FOLLOWING TOO CLOSELY,2,NO INDICATION OF INJURY,0,0,41.7953429163,-87.7108312176,60632,"CHICAGO MIDWAY AIRPORT, IL US",68.0,65.0,90.0,0.01,10.0,15.0
crash_09636,2022-09-30 17:45:00,2022,9,Sep,Fri,17,Evening commute,30,NO CONTROLS,CLEAR,DAYLIGHT,PARKED MOTOR VEHICLE,NOT DIVIDED,DRY,NO INJURY / DRIVE AWAY,,true,"$501 - $1,500",UNABLE TO DETERMINE,2,NO INDICATION OF INJURY,0,0,41.8531419966,-87.7273777304,60623,"CHICAGO MIDWAY AIRPORT, IL US",63.0,46.0,54.0,,10.0,9.0
crash_09637,2020-10-18 17:30:00,2020,10,Oct,Sun,17,Evening commute,30,UNKNOWN,CLEAR,DAYLIGHT,REAR END,UNKNOWN,DRY,NO INJURY / DRIVE AWAY,,,"OVER $1,500",UNABLE TO DETERMINE,2,NO INDICATION OF INJURY,0,0,41.8016839474,-87.6342007477,60609,"CHICAGO MIDWAY AIRPORT, IL US",42.0,36.0,79.0,0.0,10.0,6.0
crash_09638,2025-08-08 18:30:00,2025,8,Aug,Fri,18,Evening commute,30,TRAFFIC SIGNAL,CLEAR,DAYLIGHT,TURNING,DIVIDED - W/MEDIAN (NOT RAISED),DRY,NO INJURY / DRIVE AWAY,true,true,"OVER $1,500",DISREGARDING TRAFFIC SIGNALS,2,NO INDICATION OF INJURY,0,0,41.7882604361,-87.8012241186,60638,"CHICAGO MIDWAY AIRPORT, IL US",89.0,68.0,50.0,0.0,10.0,14.0
crash_09639,2022-04-10 20:05:00,2022,4,Apr,Sun,20,Night or early morning,30,NO CONTROLS,CLEAR,DARKNESS,TURNING,DIVIDED - W/MEDIAN (NOT RAISED),DRY,INJURY AND / OR TOW DUE TO CRASH,,true,"OVER $1,500",IMPROPER OVERTAKING/PASSING,2,NO INDICATION OF INJURY,0,0,41.7511605399,-87.6188362614,60619,"CHICAGO MIDWAY AIRPORT, IL US",61.0,34.0,36.0,0.0,10.0,16.0
crash_09640,2022-05-12 12:55:00,2022,5,May,Thu,12,Daytime,30,NO CONTROLS,CLEAR,DAYLIGHT,OTHER NONCOLLISION,NOT DIVIDED,DRY,NO INJURY / DRIVE AWAY,,,"$501 - $1,500",ROAD ENGINEERING/SURFACE/MARKING DEFECTS,2,NO INDICATION OF INJURY,0,0,41.7408143403,-87.5748843057,60617,"CHICAGO MIDWAY AIRPORT, IL US",91.0,62.0,38.0,0.0,10.0,17.0
crash_09641,2025-09-10 07:50:00,2025,9,Sep,Wed,7,Morning commute,30,NO CONTROLS,CLEAR,DAYLIGHT,SIDESWIPE SAME DIRECTION,NOT DIVIDED,DRY,NO INJURY / DRIVE AWAY,,false,"OVER $1,500",UNABLE TO DETERMINE,2,NO INDICATION OF INJURY,0,0,41.8218941539,-87.7436741563,60638,,,,,,,
crash_09642,2018-03-10 07:35:00,2018,3,Mar,Sat,7,Morning commute,20,NO CONTROLS,CLEAR,UNKNOWN,PARKED MOTOR VEHICLE,ONE-WAY,DRY,NO INJURY / DRIVE AWAY,,true,"OVER $1,500",UNABLE TO DETERMINE,2,NO INDICATION OF INJURY,0,0,41.81439645,-87.7065250692,60632,"CHICAGO MIDWAY AIRPORT, IL US",32.0,23.0,69.0,0.0,10.0,3.0
crash_09643,2018-03-22 13:10:00,2018,3,Mar,Thu,13,Daytime,30,OTHER,CLEAR,DAYLIGHT,PARKED MOTOR VEHICLE,DIVIDED - W/MEDIAN BARRIER,DRY,NO INJURY / DRIVE AWAY,,,"$501 - $1,500",IMPROPER BACKING,2,NO INDICATION OF INJURY,0,0,41.9802854382,-87.7717757146,60630,"CHICAGO OHARE INTERNATIONAL AIRPORT, IL US",43.0,11.0,27.0,0.0,10.0,3.0
crash_09644,2018-03-04 23:20:00,2018,3,Mar,Sun,23,Night or early morning,30,TRAFFIC SIGNAL,CLEAR,"DARKNESS, LIGHTED ROAD",ANGLE,CENTER TURN LANE,DRY,INJURY AND / OR TOW DUE TO CRASH,true,true,"OVER $1,500",DISREGARDING TRAFFIC SIGNALS,2,NO INDICATION OF INJURY,0,0,41.8512896916,-87.7345543943,60623,"CHICAGO MIDWAY AIRPORT, IL US",39.0,20.0,46.0,0.0,10.0,15.0
crash_09645,2018-08-28 01:15:00,2018,8,Aug,Tue,1,Night or early morning,30,NO CONTROLS,CLEAR,"DARKNESS, LIGHTED ROAD",TURNING,NOT DIVIDED,DRY,NO INJURY / DRIVE AWAY,,true,"OVER $1,500",UNDER THE INFLUENCE OF ALCOHOL/DRUGS (USE WHEN ARREST IS EFFECTED),2,NO INDICATION OF INJURY,0,0,41.9560278004,-87.750667912,60641,"CHICAGO OHARE INTERNATIONAL AIRPORT, IL US",82.0,70.0,67.0,0.0,10.0,17.0
crash_09646,2021-11-08 23:10:00,2021,11,Nov,Mon,23,Night or early morning,30,NO CONTROLS,CLEAR,"DARKNESS, LIGHTED ROAD",REAR END,NOT DIVIDED,DRY,INJURY AND / OR TOW DUE TO CRASH,,true,"OVER $1,500",UNABLE TO DETERMINE,2,NONINCAPACITATING INJURY,1,0,41.8737089646,-87.7647669091,60644,"CHICAGO MIDWAY AIRPORT, IL US",54.0,44.0,69.0,0.0,10.0,0.0
crash_09647,2023-09-02 02:46:00,2023,9,Sep,Sat,2,Night or early morning,30,TRAFFIC SIGNAL,CLEAR,"DARKNESS, LIGHTED ROAD",ANGLE,FOUR WAY,DRY,INJURY AND / OR TOW DUE TO CRASH,true,,"$501 - $1,500",DISREGARDING TRAFFIC SIGNALS,2,NONINCAPACITATING INJURY,1,0,41.9175110229,-87.7070536389,60647,"CHICAGO MIDWAY AIRPORT, IL US",68.0,58.0,70.0,0.0,10.0,8.0
crash_09648,2025-02-23 09:28:00,2025,2,Feb,Sun,9,Morning commute,30,TRAFFIC SIGNAL,CLOUDY/OVERCAST,DAYLIGHT,SIDESWIPE SAME DIRECTION,NOT DIVIDED,DRY,NO INJURY / DRIVE AWAY,false,true,$500 OR LESS,RELATED TO BUS STOP,2,NO INDICATION OF INJURY,0,0,41.8779147522,-87.6473882814,60607,"CHICAGO MIDWAY AIRPORT, IL US",33.0,20.0,58.0,0.0,10.0,10.0
crash_09649,2025-07-12 15:53:00,2025,7,Jul,Sat,15,Evening commute,50,NO CONTROLS,CLEAR,DAYLIGHT,REAR END,DIVIDED - W/MEDIAN BARRIER,DRY,NO INJURY / DRIVE AWAY,,,$500 OR LESS,UNABLE TO DETERMINE,2,NO INDICATION OF INJURY,0,0,41.9790632919,-87.8787288288,60666,"CHICAGO OHARE INTERNATIONAL AIRPORT, IL US",82.0,69.0,65.0,0.0,10.0,10.0
crash_09650,2018-09-16 19:55:00,2018,9,Sep,Sun,19,Night or early morning,30,UNKNOWN,CLEAR,DAWN,PARKED MOTOR VEHICLE,NOT DIVIDED,DRY,NO INJURY / DRIVE AWAY,,,"OVER $1,500",NOT APPLICABLE,2,NO INDICATION OF INJURY,0,0,41.6708750836,-87.6202175353,60628,"CHICAGO MIDWAY AIRPORT, IL US",79.0,63.0,58.0,0.0,10.0,9.0
crash_09651,2021-05-27 16:34:00,2021,5,May,Thu,16,Evening commute,25,NO CONTROLS,CLEAR,DAYLIGHT,PARKED MOTOR VEHICLE,ONE-WAY,DRY,INJURY AND / OR TOW DUE TO CRASH,,,"OVER $1,500",UNABLE TO DETERMINE,4,NO INDICATION OF INJURY,0,0,41.7783283966,-87.6983914431,60629,"CHICAGO MIDWAY AIRPORT, IL US",55.0,46.0,72.0,0.0,10.0,13.0
crash_09652,2018-12-14 08:00:00,2018,12,Dec,Fri,8,Morning commute,30,NO CONTROLS,RAIN,UNKNOWN,PARKED MOTOR VEHICLE,ONE-WAY,WET,NO INJURY / DRIVE AWAY,,true,"$501 - $1,500",UNABLE TO DETERMINE,2,NO INDICATION OF INJURY,0,0,41.9533786185,-87.720397111,60618,"CHICAGO OHARE INTERNATIONAL AIRPORT, IL US",38.0,38.0,100.0,0.0,0.25,9.0
crash_09653,2018-03-16 10:15:00,2018,3,Mar,Fri,10,Daytime,5,NO CONTROLS,CLEAR,DAYLIGHT,PARKED MOTOR VEHICLE,PARKING LOT,DRY,NO INJURY / DRIVE AWAY,,true,$500 OR LESS,UNABLE TO DETERMINE,2,NO INDICATION OF INJURY,0,0,41.7580961025,-87.6242081331,60619,"CHICAGO MIDWAY AIRPORT, IL US",32.0,22.0,66.0,,10.0,11.0
crash_09654,2019-08-27 17:05:00,2019,8,Aug,Tue,17,Evening commute,35,NO CONTROLS,CLEAR,DAYLIGHT,REAR END,NOT DIVIDED,DRY,INJURY AND / OR TOW DUE TO CRASH,,,"OVER $1,500",FAILING TO REDUCE SPEED TO AVOID CRASH,3,NONINCAPACITATING INJURY,1,0,41.9383119026,-87.7782186054,60634,"CHICAGO OHARE INTERNATIONAL AIRPORT, IL US",77.0,56.0,48.0,0.0,10.0,11.0
crash_09655,2020-07-18 01:11:00,2020,7,Jul,Sat,1,Night or early morning,30,TRAFFIC SIGNAL,CLEAR,"DARKNESS, LIGHTED ROAD",ANGLE,NOT DIVIDED,DRY,INJURY AND / OR TOW DUE TO CRASH,true,,"OVER $1,500",DISREGARDING TRAFFIC SIGNALS,5,NONINCAPACITATING INJURY,7,0,41.7590982973,-87.566314986,60649,"CHICAGO MIDWAY AIRPORT, IL US",78.0,69.0,74.0,0.0,10.0,7.0
crash_09656,2021-07-03 04:20:00,2021,7,Jul,Sat,4,Night or early morning,30,NO CONTROLS,CLEAR,"DARKNESS, LIGHTED ROAD",PARKED MOTOR VEHICLE,ONE-WAY,DRY,NO INJURY / DRIVE AWAY,,,"OVER $1,500",UNABLE TO DETERMINE,2,NO INDICATION OF INJURY,0,0,41.9559293155,-87.6993794021,60618,"CHICAGO OHARE INTERNATIONAL AIRPORT, IL US",59.0,52.0,78.0,0.0,10.0,6.0
crash_09657,2022-03-14 22:50:00,2022,3,Mar,Mon,22,Night or early morning,45,TRAFFIC SIGNAL,CLEAR,"DARKNESS, LIGHTED ROAD",REAR END,DIVIDED - W/MEDIAN BARRIER,DRY,INJURY AND / OR TOW DUE TO CRASH,,true,"$501 - $1,500",UNABLE TO DETERMINE,2,NO INDICATION OF INJURY,0,0,41.79258046,-87.5804753077,60637,"CHICAGO MIDWAY AIRPORT, IL US",40.0,33.0,77.0,0.0,10.0,9.0
crash_09658,2021-05-12 08:10:00,2021,5,May,Wed,8,Morning commute,30,NO CONTROLS,CLEAR,DAYLIGHT,SIDESWIPE SAME DIRECTION,ONE-WAY,DRY,NO INJURY / DRIVE AWAY,,true,"OVER $1,500",UNABLE TO DETERMINE,2,NO INDICATION OF INJURY,0,0,41.7901250304,-87.7045383127,60629,"CHICAGO MIDWAY AIRPORT, IL US",52.0,32.0,47.0,0.0,10.0,6.0
crash_09659,2024-12-28 00:30:00,2024,12,Dec,Sat,0,Night or early morning,30,NO CONTROLS,RAIN,"DARKNESS, LIGHTED ROAD",TURNING,NOT DIVIDED,WET,NO INJURY / DRIVE AWAY,,true,"OVER $1,500",UNABLE TO DETERMINE,2,NO INDICATION OF INJURY,0,0,41.7974834087,-87.7231350726,60632,"CHICAGO MIDWAY AIRPORT, IL US",52.0,47.0,83.0,,10.0,17.0
crash_09660,2018-06-12 07:05:00,2018,6,Jun,Tue,7,Morning commute,30,NO CONTROLS,CLOUDY/OVERCAST,DAYLIGHT,ANGLE,ONE-WAY,DRY,INJURY AND / OR TOW DUE TO CRASH,true,,"OVER $1,500","VISION OBSCURED (SIGNS, TREE LIMBS, BUILDINGS, ETC.)",2,NO INDICATION OF INJURY,0,0,41.9618384111,-87.69129353,60625,"CHICAGO OHARE INTERNATIONAL AIRPORT, IL US",68.0,65.0,90.0,0.0,3.0,5.0
crash_09661,2025-10-11 06:20:00,2025,10,Oct,Sat,6,Morning commute,30,NO CONTROLS,UNKNOWN,DAWN,PARKED MOTOR VEHICLE,ONE-WAY,UNKNOWN,NO INJURY / DRIVE AWAY,,true,"OVER $1,500",UNABLE TO DETERMINE,2,NO INDICATION OF INJURY,0,0,41.8912866681,-87.7577730812,60644,,,,,,,
crash_09662,2021-03-31 03:00:00,2021,3,Mar,Wed,3,Night or early morning,20,NO CONTROLS,CLEAR,"DARKNESS, LIGHTED ROAD",PARKED MOTOR VEHICLE,NOT DIVIDED,DRY,NO INJURY / DRIVE AWAY,,true,"$501 - $1,500",UNABLE TO DETERMINE,2,NO INDICATION OF INJURY,0,0,41.7127425708,-87.568348919,60617,"CHICAGO MIDWAY AIRPORT, IL US",41.0,18.0,39.0,0.0,10.0,16.0
crash_09663,2021-04-01 20:45:00,2021,4,Apr,Thu,20,Night or early morning,30,TRAFFIC SIGNAL,CLEAR,"DARKNESS, LIGHTED ROAD",TURNING,FOUR WAY,DRY,NO INJURY / DRIVE AWAY,,true,"OVER $1,500",IMPROPER TURNING/NO SIGNAL,2,NO INDICATION OF INJURY,0,0,41.8832549278,-87.6768151659,60612,"CHICAGO MIDWAY AIRPORT, IL US",32.0,18.0,56.0,0.0,10.0,7.0
crash_09664,2018-04-05 12:00:00,2018,4,Apr,Thu,12,Daytime,30,TRAFFIC SIGNAL,CLEAR,DAYLIGHT,REAR END,NOT DIVIDED,DRY,NO INJURY / DRIVE AWAY,true,true,"$501 - $1,500",DISTRACTION - FROM INSIDE VEHICLE,2,NO INDICATION OF INJURY,0,0,41.8997557155,-87.6672468296,60642,"CHICAGO MIDWAY AIRPORT, IL US",39.0,15.0,38.0,0.0,10.0,10.0
crash_09665,2025-04-05 21:00:00,2025,4,Apr,Sat,21,Night or early morning,25,NO CONTROLS,CLEAR,"DARKNESS, LIGHTED ROAD",PARKED MOTOR VEHICLE,ONE-WAY,DRY,NO INJURY / DRIVE AWAY,,,"$501 - $1,500",DRIVING SKILLS/KNOWLEDGE/EXPERIENCE,2,NO INDICATION OF INJURY,0,0,41.9574185431,-87.7122954045,60618,"CHICAGO OHARE INTERNATIONAL AIRPORT, IL US",44.0,34.0,68.0,0.0,10.0,9.0
crash_09666,2023-04-01 01:00:00,2023,4,Apr,Sat,1,Night or early morning,30,NO CONTROLS,CLOUDY/OVERCAST,DAYLIGHT,PARKED MOTOR VEHICLE,T-INTERSECTION,WET,NO INJURY / DRIVE AWAY,false,true,"$501 - $1,500",UNABLE TO DETERMINE,2,NO INDICATION OF INJURY,0,0,41.8786192771,-87.6780302449,60612,"CHICAGO MIDWAY AIRPORT, IL US",50.0,36.0,59.0,0.0,10.0,25.0
crash_09667,2019-04-09 16:00:00,2019,4,Apr,Tue,16,Evening commute,30,NO CONTROLS,CLEAR,DAYLIGHT,ANGLE,DRIVEWAY,DRY,NO INJURY / DRIVE AWAY,,,"OVER $1,500",FAILING TO YIELD RIGHT-OF-WAY,2,NO INDICATION OF INJURY,0,0,41.8881469344,-87.6211676221,60601,"CHICAGO MIDWAY AIRPORT, IL US",66.0,28.0,24.0,0.0,10.0,13.0
crash_09668,2019-01-21 11:52:00,2019,1,Jan,Mon,11,Daytime,30,TRAFFIC SIGNAL,CLEAR,DAYLIGHT,REAR END,DIVIDED - W/MEDIAN (NOT RAISED),WET,NO INJURY / DRIVE AWAY,,,"OVER $1,500",EXCEEDING SAFE SPEED FOR CONDITIONS,2,NO INDICATION OF INJURY,0,0,41.8818159573,-87.7357126258,60624,"CHICAGO MIDWAY AIRPORT, IL US",14.0,3.0,61.0,0.0,10.0,11.0