crash_id,crash_datetime,crash_year,crash_month,crash_month_name,crash_weekday_name,crash_hour,time_period,posted_speed_limit_mph,traffic_control_device,reported_weather_condition,reported_lighting_condition,first_crash_type,trafficway_type,reported_road_surface_condition,crash_type,intersection_related,hit_and_run,estimated_damage,primary_contributory_cause,unit_count,most_severe_injury,injuries_total,injuries_fatal,latitude,longitude,zip5,weather_station_name,temperature_f,dew_point_f,relative_humidity_percent,precipitation_inches,visibility_miles,wind_speed_mph
crash_09669,2023-03-05 16:05:00,2023,3,Mar,Sun,16,Evening commute,30,NO CONTROLS,CLEAR,DAYLIGHT,HEAD ON,DIVIDED - W/MEDIAN (NOT RAISED),DRY,INJURY AND / OR TOW DUE TO CRASH,,,"OVER $1,500",FAILING TO REDUCE SPEED TO AVOID CRASH,2,NONINCAPACITATING INJURY,4,0,41.8089035537,-87.6505205909,60609,"CHICAGO MIDWAY AIRPORT, IL US",45.0,32.0,61.0,0.0,10.0,13.0
crash_09670,2018-12-30 17:48:00,2018,12,Dec,Sun,17,Evening commute,30,NO CONTROLS,CLEAR,"DARKNESS, LIGHTED ROAD",REAR END,NOT DIVIDED,WET,NO INJURY / DRIVE AWAY,,true,"$501 - $1,500",UNABLE TO DETERMINE,2,NO INDICATION OF INJURY,0,0,41.9244079586,-87.7240276764,60647,"CHICAGO MIDWAY AIRPORT, IL US",34.0,26.0,73.0,0.0,10.0,11.0
crash_09671,2018-06-16 12:00:00,2018,6,Jun,Sat,12,Daytime,30,STOP SIGN/FLASHER,CLEAR,DAYLIGHT,ANGLE,DIVIDED - W/MEDIAN (NOT RAISED),DRY,NO INJURY / DRIVE AWAY,true,,"OVER $1,500",DISREGARDING TRAFFIC SIGNALS,2,NO INDICATION OF INJURY,0,0,41.9214221431,-87.6779001087,60647,"CHICAGO MIDWAY AIRPORT, IL US",88.0,73.0,61.0,0.0,10.0,6.0
crash_09672,2020-08-08 13:45:00,2020,8,Aug,Sat,13,Daytime,30,TRAFFIC SIGNAL,CLEAR,DAYLIGHT,REAR END,NOT DIVIDED,DRY,NO INJURY / DRIVE AWAY,,,$500 OR LESS,FAILING TO REDUCE SPEED TO AVOID CRASH,2,NO INDICATION OF INJURY,0,0,41.8575477459,-87.6439260927,60616,"CHICAGO MIDWAY AIRPORT, IL US",85.0,64.0,50.0,0.0,10.0,11.0
crash_09673,2025-06-19 02:20:00,2025,6,Jun,Thu,2,Night or early morning,25,NO CONTROLS,CLEAR,DARKNESS,REAR END,ONE-WAY,DRY,NO INJURY / DRIVE AWAY,,,"OVER $1,500",UNABLE TO DETERMINE,2,NO INDICATION OF INJURY,0,0,41.8845143098,-87.6475848525,60607,"CHICAGO MIDWAY AIRPORT, IL US",67.0,63.0,87.0,,9.0,9.0
crash_09674,2024-05-13 17:38:00,2024,5,May,Mon,17,Evening commute,30,NO CONTROLS,CLEAR,DAYLIGHT,PARKED MOTOR VEHICLE,NOT DIVIDED,DRY,NO INJURY / DRIVE AWAY,,,"OVER $1,500",FAILING TO REDUCE SPEED TO AVOID CRASH,2,NO INDICATION OF INJURY,0,0,41.9410775788,-87.7492585868,60641,"CHICAGO OHARE INTERNATIONAL AIRPORT, IL US",67.0,59.0,76.0,0.0,10.0,10.0
crash_09675,2019-11-18 09:00:00,2019,11,Nov,Mon,9,Morning commute,25,NO CONTROLS,CLEAR,DAYLIGHT,PARKED MOTOR VEHICLE,NOT DIVIDED,DRY,NO INJURY / DRIVE AWAY,,true,"$501 - $1,500",UNABLE TO DETERMINE,2,NO INDICATION OF INJURY,0,0,42.0114230337,-87.6676600958,60626,"CHICAGO OHARE INTERNATIONAL AIRPORT, IL US",35.0,33.0,93.0,0.0,3.0,6.0
crash_09676,2019-10-11 08:45:00,2019,10,Oct,Fri,8,Morning commute,30,NO CONTROLS,CLEAR,DAYLIGHT,SIDESWIPE SAME DIRECTION,NOT DIVIDED,DRY,NO INJURY / DRIVE AWAY,true,,$500 OR LESS,UNABLE TO DETERMINE,2,NO INDICATION OF INJURY,0,0,41.7876664163,-87.6062261594,60637,"CHICAGO MIDWAY AIRPORT, IL US",66.0,63.0,90.0,0.01,10.0,16.0
crash_09677,2021-11-12 14:15:00,2021,11,Nov,Fri,14,Daytime,30,NO CONTROLS,CLOUDY/OVERCAST,DAYLIGHT,TURNING,NOT DIVIDED,DRY,NO INJURY / DRIVE AWAY,,,"OVER $1,500",UNABLE TO DETERMINE,2,NO INDICATION OF INJURY,0,0,41.8807304492,-87.734594761,60624,"CHICAGO MIDWAY AIRPORT, IL US",37.0,30.0,76.0,0.0,10.0,15.0
crash_09678,2018-07-14 15:38:00,2018,7,Jul,Sat,15,Evening commute,15,NO CONTROLS,CLEAR,DAYLIGHT,REAR END,PARKING LOT,DRY,NO INJURY / DRIVE AWAY,,,"$501 - $1,500",IMPROPER BACKING,2,NO INDICATION OF INJURY,0,0,41.930110626,-87.7858235033,60707,"CHICAGO OHARE INTERNATIONAL AIRPORT, IL US",79.0,69.0,72.0,0.0,10.0,7.0
crash_09679,2020-08-13 13:15:00,2020,8,Aug,Thu,13,Daytime,35,NO CONTROLS,CLEAR,DAYLIGHT,TURNING,T-INTERSECTION,DRY,NO INJURY / DRIVE AWAY,,true,"OVER $1,500",IMPROPER TURNING/NO SIGNAL,2,NO INDICATION OF INJURY,0,0,41.6776852961,-87.6444879219,60643,"CHICAGO MIDWAY AIRPORT, IL US",83.0,54.0,37.0,0.0,10.0,10.0
crash_09680,2024-12-16 17:00:00,2024,12,Dec,Mon,17,Evening commute,30,TRAFFIC SIGNAL,CLOUDY/OVERCAST,DAWN,SIDESWIPE SAME DIRECTION,"FIVE POINT, OR MORE",DRY,NO INJURY / DRIVE AWAY,true,,"OVER $1,500",IMPROPER OVERTAKING/PASSING,2,NO INDICATION OF INJURY,0,0,41.9322872192,-87.6872385233,60618,"CHICAGO MIDWAY AIRPORT, IL US",42.0,36.0,79.0,,10.0,23.0
crash_09681,2018-04-13 17:00:00,2018,4,Apr,Fri,17,Evening commute,30,UNKNOWN,RAIN,DAYLIGHT,PARKED MOTOR VEHICLE,NOT DIVIDED,WET,NO INJURY / DRIVE AWAY,,true,"OVER $1,500",IMPROPER BACKING,2,NO INDICATION OF INJURY,0,0,41.9737602899,-87.7170269788,60625,"CHICAGO OHARE INTERNATIONAL AIRPORT, IL US",45.0,39.0,80.0,0.0,10.0,7.0
crash_09682,2025-07-06 17:13:00,2025,7,Jul,Sun,17,Evening commute,30,NO CONTROLS,RAIN,DAYLIGHT,PARKED MOTOR VEHICLE,FOUR WAY,WET,INJURY AND / OR TOW DUE TO CRASH,true,true,"OVER $1,500",FOLLOWING TOO CLOSELY,4,NONINCAPACITATING INJURY,2,0,41.74364424,-87.6183038955,60619,"CHICAGO MIDWAY AIRPORT, IL US",73.0,70.0,90.0,0.06,3.0,16.0
crash_09683,2018-11-19 08:30:00,2018,11,Nov,Mon,8,Morning commute,30,NO CONTROLS,CLEAR,DAYLIGHT,TURNING,DIVIDED - W/MEDIAN BARRIER,DRY,INJURY AND / OR TOW DUE TO CRASH,,,"OVER $1,500",IMPROPER LANE USAGE,2,NO INDICATION OF INJURY,0,0,41.9342149892,-87.6877990335,60618,"CHICAGO MIDWAY AIRPORT, IL US",27.0,23.0,85.0,0.0,6.0,9.0
crash_09684,2023-10-10 12:54:00,2023,10,Oct,Tue,12,Daytime,0,TRAFFIC SIGNAL,CLEAR,"DARKNESS, LIGHTED ROAD",REAR END,DIVIDED - W/MEDIAN BARRIER,UNKNOWN,INJURY AND / OR TOW DUE TO CRASH,true,,"OVER $1,500",UNABLE TO DETERMINE,2,"REPORTED, NOT EVIDENT",1,0,41.976201139,-87.9053091251,60666,"CHICAGO OHARE INTERNATIONAL AIRPORT, IL US",60.0,33.0,36.0,0.0,10.0,8.0
crash_09685,2019-01-13 16:30:00,2019,1,Jan,Sun,16,Evening commute,20,TRAFFIC SIGNAL,CLEAR,DAYLIGHT,SIDESWIPE SAME DIRECTION,NOT DIVIDED,WET,NO INJURY / DRIVE AWAY,true,,"$501 - $1,500",IMPROPER OVERTAKING/PASSING,2,NO INDICATION OF INJURY,0,0,41.8796760401,-87.6295022827,60603,"CHICAGO MIDWAY AIRPORT, IL US",30.0,21.0,69.0,0.0,10.0,11.0
crash_09686,2024-12-07 11:30:00,2024,12,Dec,Sat,11,Daytime,30,NO CONTROLS,CLEAR,DAYLIGHT,PARKED MOTOR VEHICLE,NOT DIVIDED,UNKNOWN,NO INJURY / DRIVE AWAY,,,"OVER $1,500",UNABLE TO DETERMINE,2,NO INDICATION OF INJURY,0,0,41.9876801137,-87.6603407812,60660,"CHICAGO OHARE INTERNATIONAL AIRPORT, IL US",41.0,20.0,43.0,,10.0,17.0
crash_09687,2022-08-05 18:30:00,2022,8,Aug,Fri,18,Evening commute,30,NO CONTROLS,CLEAR,DAYLIGHT,FIXED OBJECT,NOT DIVIDED,DRY,INJURY AND / OR TOW DUE TO CRASH,,,"OVER $1,500",IMPROPER LANE USAGE,1,NO INDICATION OF INJURY,0,0,41.894788831,-87.7213161153,60624,"CHICAGO MIDWAY AIRPORT, IL US",88.0,69.0,54.0,0.0,10.0,8.0
crash_09688,2022-02-06 02:00:00,2022,2,Feb,Sun,2,Night or early morning,30,TRAFFIC SIGNAL,UNKNOWN,"DARKNESS, LIGHTED ROAD",REAR END,DIVIDED - W/MEDIAN (NOT RAISED),UNKNOWN,NO INJURY / DRIVE AWAY,,,"$501 - $1,500",FOLLOWING TOO CLOSELY,2,NO INDICATION OF INJURY,0,0,41.9468248791,-87.6932129127,60618,"CHICAGO MIDWAY AIRPORT, IL US",19.0,7.0,59.0,0.0,10.0,10.0
crash_09689,2024-08-03 18:00:00,2024,8,Aug,Sat,18,Evening commute,30,NO CONTROLS,CLEAR,DAYLIGHT,SIDESWIPE SAME DIRECTION,NOT DIVIDED,DRY,NO INJURY / DRIVE AWAY,,true,"OVER $1,500",UNABLE TO DETERMINE,2,NO INDICATION OF INJURY,0,0,41.8947266585,-87.7063841773,60612,"CHICAGO MIDWAY AIRPORT, IL US",85.0,66.0,53.0,0.0,10.0,10.0
crash_09690,2023-11-02 19:00:00,2023,11,Nov,Thu,19,Night or early morning,30,TRAFFIC SIGNAL,CLEAR,DARKNESS,TURNING,FOUR WAY,DRY,NO INJURY / DRIVE AWAY,true,,"OVER $1,500",UNABLE TO DETERMINE,2,NO INDICATION OF INJURY,0,0,41.9311105226,-87.7857531685,60634,"CHICAGO OHARE INTERNATIONAL AIRPORT, IL US",53.0,32.0,45.0,0.0,10.0,6.0
crash_09691,2020-10-19 16:30:00,2020,10,Oct,Mon,16,Evening commute,25,UNKNOWN,RAIN,DAYLIGHT,SIDESWIPE SAME DIRECTION,NOT DIVIDED,WET,NO INJURY / DRIVE AWAY,,,"$501 - $1,500",UNABLE TO DETERMINE,2,NO INDICATION OF INJURY,0,0,41.7437401072,-87.625944106,60620,"CHICAGO MIDWAY AIRPORT, IL US",42.0,37.0,82.0,0.01,9.0,15.0
crash_09692,2024-06-14 12:37:00,2024,6,Jun,Fri,12,Daytime,30,TRAFFIC SIGNAL,CLEAR,DAYLIGHT,REAR END,DIVIDED - W/MEDIAN (NOT RAISED),DRY,NO INJURY / DRIVE AWAY,,true,"OVER $1,500",IMPROPER LANE USAGE,2,NO INDICATION OF INJURY,0,0,41.9516187566,-87.7471207716,60641,"CHICAGO OHARE INTERNATIONAL AIRPORT, IL US",84.0,57.0,40.0,0.0,10.0,14.0
crash_09693,2020-09-25 06:00:00,2020,9,Sep,Fri,6,Morning commute,30,NO CONTROLS,UNKNOWN,UNKNOWN,PARKED MOTOR VEHICLE,DIVIDED - W/MEDIAN BARRIER,UNKNOWN,NO INJURY / DRIVE AWAY,,true,"OVER $1,500",UNABLE TO DETERMINE,2,NO INDICATION OF INJURY,0,0,41.8756711545,-87.7207803637,60624,"CHICAGO MIDWAY AIRPORT, IL US",61.0,52.0,72.0,0.0,10.0,5.0
crash_09694,2022-01-16 18:20:00,2022,1,Jan,Sun,18,Evening commute,30,NO CONTROLS,SNOW,"DARKNESS, LIGHTED ROAD",PARKED MOTOR VEHICLE,ALLEY,SNOW OR SLUSH,NO INJURY / DRIVE AWAY,,,"OVER $1,500",IMPROPER BACKING,2,NO INDICATION OF INJURY,0,0,41.9710591585,-87.715734889,60625,"CHICAGO OHARE INTERNATIONAL AIRPORT, IL US",26.0,14.0,60.0,0.0,10.0,7.0
crash_09695,2021-10-30 04:33:00,2021,10,Oct,Sat,4,Night or early morning,40,NO CONTROLS,RAIN,DARKNESS,SIDESWIPE SAME DIRECTION,DIVIDED - W/MEDIAN BARRIER,WET,INJURY AND / OR TOW DUE TO CRASH,,,"OVER $1,500",FAILING TO REDUCE SPEED TO AVOID CRASH,4,NO INDICATION OF INJURY,0,0,41.91103585,-87.6261512941,60610,"CHICAGO MIDWAY AIRPORT, IL US",53.0,48.0,83.0,0.0,10.0,11.0
crash_09696,2024-11-27 12:20:00,2024,11,Nov,Wed,12,Daytime,25,STOP SIGN/FLASHER,CLEAR,DAYLIGHT,REAR TO FRONT,NOT DIVIDED,DRY,NO INJURY / DRIVE AWAY,,,"OVER $1,500",IMPROPER BACKING,2,NO INDICATION OF INJURY,0,0,41.9387081384,-87.7592866286,60641,"CHICAGO OHARE INTERNATIONAL AIRPORT, IL US",42.0,26.0,53.0,0.0,10.0,0.0
crash_09697,2022-01-29 16:09:00,2022,1,Jan,Sat,16,Evening commute,35,OTHER,CLOUDY/OVERCAST,DAYLIGHT,TURNING,FOUR WAY,DRY,INJURY AND / OR TOW DUE TO CRASH,true,,"OVER $1,500",UNABLE TO DETERMINE,2,NO INDICATION OF INJURY,0,0,41.6661129912,-87.5590030803,60633,"CHICAGO MIDWAY AIRPORT, IL US",22.0,5.0,48.0,0.0,10.0,10.0
crash_09698,2024-10-15 08:05:00,2024,10,Oct,Tue,8,Morning commute,30,STOP SIGN/FLASHER,RAIN,DAYLIGHT,PEDESTRIAN,NOT DIVIDED,WET,INJURY AND / OR TOW DUE TO CRASH,true,,$500 OR LESS,FAILING TO REDUCE SPEED TO AVOID CRASH,2,NONINCAPACITATING INJURY,1,0,41.7992576844,-87.6938069599,60632,"CHICAGO MIDWAY AIRPORT, IL US",44.0,39.0,83.0,0.01,10.0,10.0
crash_09699,2025-07-24 08:54:00,2025,7,Jul,Thu,8,Morning commute,30,NO CONTROLS,CLEAR,DAYLIGHT,SIDESWIPE SAME DIRECTION,ONE-WAY,DRY,INJURY AND / OR TOW DUE TO CRASH,,,"OVER $1,500",DISTRACTION - FROM INSIDE VEHICLE,2,NO INDICATION OF INJURY,0,0,41.7970655038,-87.5932887363,60615,"CHICAGO MIDWAY AIRPORT, IL US",84.0,73.0,70.0,0.0,10.0,11.0
crash_09700,2023-02-07 14:00:00,2023,2,Feb,Tue,14,Daytime,30,UNKNOWN,CLOUDY/OVERCAST,DAYLIGHT,REAR TO FRONT,NOT DIVIDED,DRY,NO INJURY / DRIVE AWAY,,,"OVER $1,500",UNABLE TO DETERMINE,2,NO INDICATION OF INJURY,0,0,41.7370398311,-87.5844769119,60617,"CHICAGO MIDWAY AIRPORT, IL US",39.0,31.0,73.0,0.0,10.0,13.0
crash_09701,2025-05-25 12:00:00,2025,5,May,Sun,12,Daytime,30,NO CONTROLS,CLEAR,DAYLIGHT,PARKED MOTOR VEHICLE,NOT DIVIDED,DRY,NO INJURY / DRIVE AWAY,,true,"$501 - $1,500",UNABLE TO DETERMINE,2,NO INDICATION OF INJURY,0,0,41.9732756967,-87.8463628816,60656,"CHICAGO OHARE INTERNATIONAL AIRPORT, IL US",58.0,42.0,56.0,0.0,10.0,7.0
crash_09702,2025-07-17 06:40:00,2025,7,Jul,Thu,6,Morning commute,25,TRAFFIC SIGNAL,CLEAR,DAYLIGHT,REAR END,NOT DIVIDED,DRY,NO INJURY / DRIVE AWAY,,,"OVER $1,500",UNABLE TO DETERMINE,2,NO INDICATION OF INJURY,0,0,41.7440936096,-87.6358251985,60620,"CHICAGO MIDWAY AIRPORT, IL US",72.0,63.0,73.0,0.0,10.0,10.0
crash_09703,2025-10-04 13:46:00,2025,10,Oct,Sat,13,Daytime,30,NO CONTROLS,CLEAR,DAYLIGHT,TURNING,NOT DIVIDED,DRY,NO INJURY / DRIVE AWAY,,true,"OVER $1,500",IMPROPER OVERTAKING/PASSING,2,NO INDICATION OF INJURY,0,0,41.9209177596,-87.697152683,60647,,,,,,,
crash_09704,2020-08-09 10:35:00,2020,8,Aug,Sun,10,Daytime,30,UNKNOWN,UNKNOWN,UNKNOWN,PARKED MOTOR VEHICLE,NOT DIVIDED,UNKNOWN,NO INJURY / DRIVE AWAY,,,"OVER $1,500",UNABLE TO DETERMINE,2,NO INDICATION OF INJURY,0,0,41.8084938238,-87.6650302724,60609,"CHICAGO MIDWAY AIRPORT, IL US",86.0,65.0,49.0,0.0,10.0,9.0
crash_09705,2022-07-20 19:30:00,2022,7,Jul,Wed,19,Night or early morning,30,NO CONTROLS,CLEAR,DAYLIGHT,PARKED MOTOR VEHICLE,ONE-WAY,UNKNOWN,NO INJURY / DRIVE AWAY,,,"$501 - $1,500",IMPROPER BACKING,2,NO INDICATION OF INJURY,0,0,41.8549085292,-87.7161642596,60623,"CHICAGO MIDWAY AIRPORT, IL US",84.0,64.0,51.0,0.0,10.0,13.0
crash_09706,2023-06-18 16:00:00,2023,6,Jun,Sun,16,Evening commute,30,UNKNOWN,UNKNOWN,UNKNOWN,PARKED MOTOR VEHICLE,UNKNOWN,UNKNOWN,NO INJURY / DRIVE AWAY,,,$500 OR LESS,UNABLE TO DETERMINE,2,NO INDICATION OF INJURY,0,0,41.9736177254,-87.6547892431,60640,"CHICAGO MIDWAY AIRPORT, IL US",84.0,51.0,32.0,0.0,10.0,15.0
crash_09707,2020-08-27 12:59:00,2020,8,Aug,Thu,12,Daytime,30,TRAFFIC SIGNAL,CLEAR,DAYLIGHT,REAR END,NOT DIVIDED,DRY,NO INJURY / DRIVE AWAY,,,"OVER $1,500",UNABLE TO DETERMINE,2,NO INDICATION OF INJURY,0,0,41.9173243239,-87.7462811974,60639,"CHICAGO MIDWAY AIRPORT, IL US",93.0,69.0,46.0,0.0,10.0,14.0
crash_09708,2020-04-25 16:55:00,2020,4,Apr,Sat,16,Evening commute,30,TRAFFIC SIGNAL,RAIN,DAYLIGHT,REAR END,DIVIDED - W/MEDIAN (NOT RAISED),WET,NO INJURY / DRIVE AWAY,true,true,"OVER $1,500",FOLLOWING TOO CLOSELY,2,NO INDICATION OF INJURY,0,0,41.9531678239,-87.7767203871,60634,"CHICAGO OHARE INTERNATIONAL AIRPORT, IL US",44.0,36.0,73.0,0.02,10.0,17.0
crash_09709,2025-11-14 21:05:00,2025,11,Nov,Fri,21,Night or early morning,30,NO CONTROLS,RAIN,"DARKNESS, LIGHTED ROAD",PEDALCYCLIST,DIVIDED - W/MEDIAN (NOT RAISED),WET,INJURY AND / OR TOW DUE TO CRASH,,,"OVER $1,500",IMPROPER LANE USAGE,2,NONINCAPACITATING INJURY,1,0,41.9072993396,-87.6314069786,60610,,,,,,,
crash_09710,2019-10-15 13:50:00,2019,10,Oct,Tue,13,Daytime,30,STOP SIGN/FLASHER,CLEAR,DAYLIGHT,ANGLE,NOT DIVIDED,DRY,INJURY AND / OR TOW DUE TO CRASH,true,,"OVER $1,500",FAILING TO REDUCE SPEED TO AVOID CRASH,2,NO INDICATION OF INJURY,0,0,41.7647666247,-87.6857533909,60629,"CHICAGO MIDWAY AIRPORT, IL US",61.0,50.0,67.0,0.0,10.0,14.0
crash_09711,2023-12-01 18:00:00,2023,12,Dec,Fri,18,Evening commute,30,TRAFFIC SIGNAL,RAIN,"DARKNESS, LIGHTED ROAD",REAR END,DIVIDED - W/MEDIAN BARRIER,WET,NO INJURY / DRIVE AWAY,,true,"OVER $1,500",FOLLOWING TOO CLOSELY,2,NO INDICATION OF INJURY,0,0,41.6722486671,-87.6416637045,60628,"CHICAGO MIDWAY AIRPORT, IL US",44.0,42.0,93.0,0.02,4.0,5.0
crash_09712,2021-06-07 14:24:00,2021,6,Jun,Mon,14,Daytime,25,NO CONTROLS,RAIN,DAYLIGHT,ANGLE,NOT DIVIDED,WET,NO INJURY / DRIVE AWAY,,,"OVER $1,500",UNABLE TO DETERMINE,2,NO INDICATION OF INJURY,0,0,41.9076231768,-87.7521595058,60651,"CHICAGO MIDWAY AIRPORT, IL US",78.0,68.0,71.0,0.0,10.0,8.0
crash_09713,2021-10-07 16:00:00,2021,10,Oct,Thu,16,Evening commute,25,NO CONTROLS,UNKNOWN,DAYLIGHT,SIDESWIPE SAME DIRECTION,NOT DIVIDED,OTHER,NO INJURY / DRIVE AWAY,,,$500 OR LESS,UNABLE TO DETERMINE,2,NO INDICATION OF INJURY,0,0,41.8475548448,-87.7344505792,60623,"CHICAGO MIDWAY AIRPORT, IL US",74.0,63.0,69.0,0.0,10.0,7.0
crash_09714,2024-01-25 03:05:00,2024,1,Jan,Thu,3,Night or early morning,30,NO CONTROLS,RAIN,"DARKNESS, LIGHTED ROAD",FIXED OBJECT,ONE-WAY,WET,INJURY AND / OR TOW DUE TO CRASH,,,"OVER $1,500",WEATHER,1,NO INDICATION OF INJURY,0,0,41.7436759397,-87.6289689081,60620,"CHICAGO MIDWAY AIRPORT, IL US",38.0,37.0,97.0,0.0,0.12,8.0
crash_09715,2024-04-04 08:00:00,2024,4,Apr,Thu,8,Morning commute,30,TRAFFIC SIGNAL,CLEAR,DAYLIGHT,TURNING,NOT DIVIDED,WET,NO INJURY / DRIVE AWAY,,true,$500 OR LESS,IMPROPER TURNING/NO SIGNAL,2,NO INDICATION OF INJURY,0,0,41.6997028216,-87.6282116671,60628,"CHICAGO MIDWAY AIRPORT, IL US",38.0,32.0,79.0,0.0,10.0,18.0
crash_09716,2019-10-20 13:35:00,2019,10,Oct,Sun,13,Daytime,30,NO CONTROLS,CLEAR,DAYLIGHT,SIDESWIPE SAME DIRECTION,NOT DIVIDED,DRY,INJURY AND / OR TOW DUE TO CRASH,,,"OVER $1,500",FAILING TO YIELD RIGHT-OF-WAY,2,NO INDICATION OF INJURY,0,0,41.9059284297,-87.6482889624,60642,"CHICAGO MIDWAY AIRPORT, IL US",58.0,49.0,72.0,0.0,10.0,9.0
crash_09717,2024-01-02 14:50:00,2024,1,Jan,Tue,14,Daytime,30,NO CONTROLS,CLEAR,DAYLIGHT,SIDESWIPE SAME DIRECTION,NOT DIVIDED,DRY,INJURY AND / OR TOW DUE TO CRASH,,,"OVER $1,500",IMPROPER OVERTAKING/PASSING,2,NO INDICATION OF INJURY,0,0,41.9217139655,-87.6482403192,60614,"CHICAGO MIDWAY AIRPORT, IL US",40.0,27.0,60.0,0.0,10.0,16.0
crash_09718,2024-07-03 18:30:00,2024,7,Jul,Wed,18,Evening commute,30,UNKNOWN,CLEAR,DAYLIGHT,FIXED OBJECT,OTHER,DRY,NO INJURY / DRIVE AWAY,,,"OVER $1,500",NOT APPLICABLE,1,NO INDICATION OF INJURY,0,0,41.8712938829,-87.6243033185,60605,"CHICAGO MIDWAY AIRPORT, IL US",87.0,60.0,40.0,0.0,10.0,10.0
crash_09719,2024-08-16 17:00:00,2024,8,Aug,Fri,17,Evening commute,30,NO CONTROLS,RAIN,DAYLIGHT,PARKED MOTOR VEHICLE,ONE-WAY,WET,NO INJURY / DRIVE AWAY,,true,"$501 - $1,500",UNABLE TO DETERMINE,2,NO INDICATION OF INJURY,0,0,41.9076776415,-87.629670619,60610,"CHICAGO MIDWAY AIRPORT, IL US",85.0,67.0,55.0,0.0,10.0,13.0
crash_09720,2021-07-20 14:07:00,2021,7,Jul,Tue,14,Daytime,30,NO CONTROLS,CLEAR,DAYLIGHT,SIDESWIPE SAME DIRECTION,OTHER,DRY,NO INJURY / DRIVE AWAY,,,"$501 - $1,500",IMPROPER LANE USAGE,2,NO INDICATION OF INJURY,0,0,41.9284218297,-87.7080257763,60647,"CHICAGO MIDWAY AIRPORT, IL US",86.0,61.0,43.0,0.0,10.0,11.0
crash_09721,2023-12-02 22:12:00,2023,12,Dec,Sat,22,Night or early morning,30,NO CONTROLS,CLEAR,"DARKNESS, LIGHTED ROAD",FIXED OBJECT,T-INTERSECTION,DRY,INJURY AND / OR TOW DUE TO CRASH,true,,"OVER $1,500","OPERATING VEHICLE IN ERRATIC, RECKLESS, CARELESS, NEGLIGENT OR AGGRESSIVE MANNER",1,,,,41.8803871513,-87.7616930529,60644,"CHICAGO MIDWAY AIRPORT, IL US",43.0,36.0,76.0,0.0,10.0,0.0
crash_09722,2024-06-21 21:30:00,2024,6,Jun,Fri,21,Night or early morning,30,NO CONTROLS,CLEAR,"DARKNESS, LIGHTED ROAD",PARKED MOTOR VEHICLE,NOT DIVIDED,DRY,NO INJURY / DRIVE AWAY,,true,"OVER $1,500",UNABLE TO DETERMINE,2,NO INDICATION OF INJURY,0,0,41.8904119184,-87.7479516496,60644,"CHICAGO MIDWAY AIRPORT, IL US",87.0,63.0,45.0,0.0,10.0,7.0
crash_09723,2024-07-27 21:30:00,2024,7,Jul,Sat,21,Night or early morning,20,NO CONTROLS,CLEAR,"DARKNESS, LIGHTED ROAD",PARKED MOTOR VEHICLE,DIVIDED - W/MEDIAN (NOT RAISED),DRY,NO INJURY / DRIVE AWAY,,true,"$501 - $1,500",UNABLE TO DETERMINE,2,NO INDICATION OF INJURY,0,0,41.9676612129,-87.6837005585,60625,"CHICAGO OHARE INTERNATIONAL AIRPORT, IL US",76.0,61.0,60.0,0.0,10.0,8.0
crash_09724,2023-07-28 11:30:00,2023,7,Jul,Fri,11,Daytime,45,TRAFFIC SIGNAL,CLEAR,DAYLIGHT,TURNING,DIVIDED - W/MEDIAN (NOT RAISED),DRY,NO INJURY / DRIVE AWAY,true,,"$501 - $1,500",IMPROPER LANE USAGE,2,NO INDICATION OF INJURY,0,0,41.8832658898,-87.6162695263,60602,"CHICAGO MIDWAY AIRPORT, IL US",86.0,70.0,59.0,0.0,10.0,15.0
crash_09725,2018-09-07 16:50:00,2018,9,Sep,Fri,16,Evening commute,15,NO CONTROLS,CLOUDY/OVERCAST,DAWN,PARKED MOTOR VEHICLE,PARKING LOT,DRY,NO INJURY / DRIVE AWAY,,,"OVER $1,500",UNABLE TO DETERMINE,2,NO INDICATION OF INJURY,0,0,41.8314505574,-87.6168247148,60616,"CHICAGO MIDWAY AIRPORT, IL US",68.0,55.0,63.0,0.0,10.0,14.0
crash_09726,2023-02-14 17:13:00,2023,2,Feb,Tue,17,Evening commute,30,TRAFFIC SIGNAL,CLEAR,DAYLIGHT,SIDESWIPE SAME DIRECTION,NOT DIVIDED,DRY,NO INJURY / DRIVE AWAY,true,true,"$501 - $1,500",UNABLE TO DETERMINE,2,NO INDICATION OF INJURY,0,0,41.9093203516,-87.765898695,60651,"CHICAGO MIDWAY AIRPORT, IL US",54.0,37.0,53.0,0.0,10.0,16.0
crash_09727,2022-10-11 08:30:00,2022,10,Oct,Tue,8,Morning commute,25,UNKNOWN,UNKNOWN,DAYLIGHT,REAR END,DIVIDED - W/MEDIAN BARRIER,UNKNOWN,NO INJURY / DRIVE AWAY,,,"OVER $1,500",UNABLE TO DETERMINE,2,NO INDICATION OF INJURY,0,0,41.7935696336,-87.7072950407,60632,"CHICAGO MIDWAY AIRPORT, IL US",64.0,42.0,45.0,0.0,10.0,16.0
crash_09728,2021-11-02 16:00:00,2021,11,Nov,Tue,16,Evening commute,30,NO CONTROLS,CLEAR,DAYLIGHT,PEDALCYCLIST,NOT DIVIDED,DRY,INJURY AND / OR TOW DUE TO CRASH,,,"OVER $1,500",UNABLE TO DETERMINE,2,"REPORTED, NOT EVIDENT",1,0,41.9389953028,-87.6493827181,60657,"CHICAGO MIDWAY AIRPORT, IL US",46.0,20.0,35.0,0.0,10.0,10.0