crash_id,crash_datetime,crash_year,crash_month,crash_month_name,crash_weekday_name,crash_hour,time_period,posted_speed_limit_mph,traffic_control_device,reported_weather_condition,reported_lighting_condition,first_crash_type,trafficway_type,reported_road_surface_condition,crash_type,intersection_related,hit_and_run,estimated_damage,primary_contributory_cause,unit_count,most_severe_injury,injuries_total,injuries_fatal,latitude,longitude,zip5,weather_station_name,temperature_f,dew_point_f,relative_humidity_percent,precipitation_inches,visibility_miles,wind_speed_mph
crash_09729,2020-08-16 16:46:00,2020,8,Aug,Sun,16,Evening commute,30,NO CONTROLS,CLEAR,DAYLIGHT,REAR END,NOT DIVIDED,DRY,INJURY AND / OR TOW DUE TO CRASH,,,$500 OR LESS,ROAD CONSTRUCTION/MAINTENANCE,2,"REPORTED, NOT EVIDENT",2,0,41.9679713778,-87.7430617686,60630,"CHICAGO OHARE INTERNATIONAL AIRPORT, IL US",84.0,58.0,41.0,0.0,10.0,9.0
crash_09730,2020-03-31 16:50:00,2020,3,Mar,Tue,16,Evening commute,35,NO CONTROLS,CLEAR,DAYLIGHT,REAR END,ONE-WAY,DRY,NO INJURY / DRIVE AWAY,,,"$501 - $1,500",FOLLOWING TOO CLOSELY,2,NO INDICATION OF INJURY,0,0,41.8516545452,-87.7053126941,60623,"CHICAGO MIDWAY AIRPORT, IL US",41.0,35.0,79.0,0.0,10.0,13.0
crash_09731,2022-01-20 20:00:00,2022,1,Jan,Thu,20,Night or early morning,30,NO CONTROLS,CLEAR,DARKNESS,REAR END,NOT DIVIDED,DRY,NO INJURY / DRIVE AWAY,,,"$501 - $1,500",UNABLE TO DETERMINE,2,NO INDICATION OF INJURY,0,0,41.7341643087,-87.5512106163,60617,"CHICAGO MIDWAY AIRPORT, IL US",17.0,3.0,54.0,0.0,10.0,7.0
crash_09732,2023-10-06 19:23:00,2023,10,Oct,Fri,19,Night or early morning,30,TRAFFIC SIGNAL,CLEAR,"DARKNESS, LIGHTED ROAD",REAR END,FOUR WAY,DRY,INJURY AND / OR TOW DUE TO CRASH,true,,"OVER $1,500",UNABLE TO DETERMINE,2,NO INDICATION OF INJURY,0,0,41.9008733415,-87.6272124435,60611,"CHICAGO MIDWAY AIRPORT, IL US",48.0,39.0,71.0,0.0,10.0,11.0
crash_09733,2022-02-26 21:50:00,2022,2,Feb,Sat,21,Night or early morning,30,NO CONTROLS,CLEAR,"DARKNESS, LIGHTED ROAD",PARKED MOTOR VEHICLE,NOT DIVIDED,DRY,NO INJURY / DRIVE AWAY,,true,"OVER $1,500",UNABLE TO DETERMINE,2,NO INDICATION OF INJURY,0,0,41.903973232,-87.6338260054,60610,"CHICAGO MIDWAY AIRPORT, IL US",30.0,22.0,72.0,0.0,10.0,13.0
crash_09734,2023-07-24 16:29:00,2023,7,Jul,Mon,16,Evening commute,30,STOP SIGN/FLASHER,CLEAR,DAYLIGHT,REAR END,ONE-WAY,DRY,NO INJURY / DRIVE AWAY,,,"$501 - $1,500",UNABLE TO DETERMINE,2,NO INDICATION OF INJURY,0,0,41.8408675765,-87.7123171471,60623,"CHICAGO MIDWAY AIRPORT, IL US",84.0,62.0,48.0,0.0,8.0,9.0
crash_09735,2023-07-24 11:02:00,2023,7,Jul,Mon,11,Daytime,30,NO CONTROLS,CLEAR,DAYLIGHT,PARKED MOTOR VEHICLE,ONE-WAY,UNKNOWN,INJURY AND / OR TOW DUE TO CRASH,,true,"OVER $1,500",UNABLE TO DETERMINE,2,NO INDICATION OF INJURY,0,0,41.9108418003,-87.6358390076,60610,"CHICAGO MIDWAY AIRPORT, IL US",83.0,62.0,49.0,0.0,10.0,5.0
crash_09736,2021-09-10 17:39:00,2021,9,Sep,Fri,17,Evening commute,30,TRAFFIC SIGNAL,CLEAR,DAYLIGHT,REAR END,DIVIDED - W/MEDIAN BARRIER,DRY,NO INJURY / DRIVE AWAY,,true,"OVER $1,500",EQUIPMENT - VEHICLE CONDITION,2,NO INDICATION OF INJURY,0,0,41.6981368803,-87.6424150267,60628,"CHICAGO MIDWAY AIRPORT, IL US",79.0,48.0,34.0,0.0,10.0,11.0
crash_09737,2023-04-06 18:33:00,2023,4,Apr,Thu,18,Evening commute,35,NO CONTROLS,CLEAR,DAYLIGHT,PARKED MOTOR VEHICLE,NOT DIVIDED,DRY,INJURY AND / OR TOW DUE TO CRASH,,true,"$501 - $1,500",FAILING TO YIELD RIGHT-OF-WAY,2,NO INDICATION OF INJURY,0,0,41.8720594011,-87.6330898566,60605,"CHICAGO MIDWAY AIRPORT, IL US",51.0,24.0,35.0,0.0,10.0,8.0
crash_09738,2023-12-24 13:45:00,2023,12,Dec,Sun,13,Daytime,10,NO CONTROLS,CLEAR,DAYLIGHT,REAR TO SIDE,PARKING LOT,DRY,NO INJURY / DRIVE AWAY,,,"OVER $1,500",UNABLE TO DETERMINE,2,NO INDICATION OF INJURY,0,0,41.7210827914,-87.6641859608,60643,"CHICAGO MIDWAY AIRPORT, IL US",56.0,48.0,75.0,0.0,10.0,9.0
crash_09739,2019-10-20 15:30:00,2019,10,Oct,Sun,15,Evening commute,30,NO CONTROLS,CLEAR,DAYLIGHT,SIDESWIPE SAME DIRECTION,NOT DIVIDED,DRY,NO INJURY / DRIVE AWAY,,,"OVER $1,500",UNABLE TO DETERMINE,2,NO INDICATION OF INJURY,0,0,41.9272988839,-87.6489738984,60614,"CHICAGO MIDWAY AIRPORT, IL US",56.0,49.0,77.0,0.0,10.0,11.0
crash_09740,2019-01-17 15:08:00,2019,1,Jan,Thu,15,Evening commute,30,NO CONTROLS,CLEAR,DAYLIGHT,SIDESWIPE SAME DIRECTION,NOT DIVIDED,DRY,NO INJURY / DRIVE AWAY,,,"OVER $1,500",UNABLE TO DETERMINE,2,NO INDICATION OF INJURY,0,0,41.9340348893,-87.6457125195,60657,"CHICAGO MIDWAY AIRPORT, IL US",35.0,29.0,78.0,0.0,4.0,5.0
crash_09741,2025-03-22 13:30:00,2025,3,Mar,Sat,13,Daytime,30,STOP SIGN/FLASHER,CLEAR,DAYLIGHT,TURNING,DIVIDED - W/MEDIAN (NOT RAISED),DRY,NO INJURY / DRIVE AWAY,,true,"OVER $1,500",IMPROPER TURNING/NO SIGNAL,3,NO INDICATION OF INJURY,0,0,41.7658816357,-87.6117005008,60637,"CHICAGO MIDWAY AIRPORT, IL US",40.0,25.0,55.0,0.0,10.0,9.0
crash_09742,2019-10-19 04:17:00,2019,10,Oct,Sat,4,Night or early morning,15,NO CONTROLS,CLEAR,DARKNESS,FIXED OBJECT,PARKING LOT,DRY,NO INJURY / DRIVE AWAY,,,"OVER $1,500",UNABLE TO DETERMINE,1,NO INDICATION OF INJURY,0,0,41.7546601244,-87.7413847586,60652,"CHICAGO MIDWAY AIRPORT, IL US",47.0,38.0,71.0,0.0,10.0,6.0
crash_09743,2018-06-21 07:01:00,2018,6,Jun,Thu,7,Morning commute,30,NO CONTROLS,RAIN,DAYLIGHT,FIXED OBJECT,NOT DIVIDED,WET,INJURY AND / OR TOW DUE TO CRASH,,,"OVER $1,500",DISTRACTION - FROM INSIDE VEHICLE,1,NO INDICATION OF INJURY,0,0,41.7399021847,-87.6317960392,60620,"CHICAGO MIDWAY AIRPORT, IL US",68.0,66.0,93.0,0.0,2.0,9.0
crash_09744,2024-01-15 16:22:00,2024,1,Jan,Mon,16,Evening commute,15,UNKNOWN,UNKNOWN,UNKNOWN,PARKED MOTOR VEHICLE,DIVIDED - W/MEDIAN (NOT RAISED),UNKNOWN,NO INJURY / DRIVE AWAY,,true,"OVER $1,500",UNABLE TO DETERMINE,2,NO INDICATION OF INJURY,0,0,41.9305940219,-87.660939088,60614,"CHICAGO MIDWAY AIRPORT, IL US",2.0,-9.0,59.0,0.0,10.0,14.0
crash_09745,2021-01-30 18:00:00,2021,1,Jan,Sat,18,Evening commute,30,NO CONTROLS,SNOW,DARKNESS,REAR END,NOT DIVIDED,SNOW OR SLUSH,NO INJURY / DRIVE AWAY,,true,"$501 - $1,500",UNABLE TO DETERMINE,2,NO INDICATION OF INJURY,0,0,42.0194206985,-87.6896063977,60645,"CHICAGO OHARE INTERNATIONAL AIRPORT, IL US",31.0,27.0,85.0,0.01,1.75,23.0
crash_09746,2018-12-27 17:24:00,2018,12,Dec,Thu,17,Evening commute,35,TRAFFIC SIGNAL,RAIN,DARKNESS,PEDALCYCLIST,ONE-WAY,WET,NO INJURY / DRIVE AWAY,true,,$500 OR LESS,FOLLOWING TOO CLOSELY,2,NO INDICATION OF INJURY,0,0,41.8734674235,-87.7205108596,60624,"CHICAGO MIDWAY AIRPORT, IL US",51.0,48.0,89.0,0.01,10.0,11.0
crash_09747,2019-04-30 08:10:00,2019,4,Apr,Tue,8,Morning commute,30,YIELD,RAIN,DAYLIGHT,ANGLE,OTHER,WET,NO INJURY / DRIVE AWAY,true,,"OVER $1,500",FAILING TO YIELD RIGHT-OF-WAY,2,NO INDICATION OF INJURY,0,0,41.766010712,-87.5715187461,60649,"CHICAGO MIDWAY AIRPORT, IL US",42.0,40.0,92.0,0.01,6.0,9.0
crash_09748,2018-04-23 09:50:00,2018,4,Apr,Mon,9,Morning commute,25,NO CONTROLS,CLEAR,DAYLIGHT,PARKED MOTOR VEHICLE,NOT DIVIDED,DRY,NO INJURY / DRIVE AWAY,,true,"$501 - $1,500",UNABLE TO DETERMINE,2,NO INDICATION OF INJURY,0,0,41.9944847373,-87.6737986255,60660,"CHICAGO OHARE INTERNATIONAL AIRPORT, IL US",51.0,28.0,41.0,0.0,10.0,14.0
crash_09749,2020-06-30 07:02:00,2020,6,Jun,Tue,7,Morning commute,30,STOP SIGN/FLASHER,CLEAR,DAYLIGHT,TURNING,T-INTERSECTION,DRY,NO INJURY / DRIVE AWAY,true,,$500 OR LESS,FAILING TO YIELD RIGHT-OF-WAY,2,NO INDICATION OF INJURY,0,0,41.9526436336,-87.8036695938,60634,"CHICAGO OHARE INTERNATIONAL AIRPORT, IL US",75.0,69.0,82.0,0.0,10.0,3.0
crash_09750,2024-06-08 11:05:00,2024,6,Jun,Sat,11,Daytime,35,NO CONTROLS,CLEAR,DAYLIGHT,SIDESWIPE SAME DIRECTION,DIVIDED - W/MEDIAN (NOT RAISED),DRY,NO INJURY / DRIVE AWAY,,,"OVER $1,500",UNABLE TO DETERMINE,2,NO INDICATION OF INJURY,0,0,41.9171588017,-87.7359516748,60639,"CHICAGO MIDWAY AIRPORT, IL US",73.0,47.0,40.0,0.0,10.0,8.0
crash_09751,2025-11-23 13:00:00,2025,11,Nov,Sun,13,Daytime,10,NO CONTROLS,CLEAR,DAYLIGHT,PARKED MOTOR VEHICLE,PARKING LOT,DRY,NO INJURY / DRIVE AWAY,,true,"$501 - $1,500",UNABLE TO DETERMINE,2,NO INDICATION OF INJURY,0,0,41.8543656635,-87.6319666968,60616,,,,,,,
crash_09752,2023-06-30 14:00:00,2023,6,Jun,Fri,14,Daytime,30,NO CONTROLS,CLEAR,DAYLIGHT,PARKED MOTOR VEHICLE,PARKING LOT,DRY,NO INJURY / DRIVE AWAY,,true,"OVER $1,500",UNABLE TO DETERMINE,2,NO INDICATION OF INJURY,0,0,41.8717937039,-87.677765702,60612,"CHICAGO MIDWAY AIRPORT, IL US",88.0,67.0,50.0,0.0,10.0,15.0
crash_09753,2020-08-14 19:00:00,2020,8,Aug,Fri,19,Night or early morning,30,NO CONTROLS,CLEAR,DAYLIGHT,PARKED MOTOR VEHICLE,ONE-WAY,DRY,NO INJURY / DRIVE AWAY,,true,"$501 - $1,500",UNABLE TO DETERMINE,2,NO INDICATION OF INJURY,0,0,41.7590925373,-87.6197948925,60619,"CHICAGO MIDWAY AIRPORT, IL US",83.0,57.0,41.0,0.0,10.0,9.0
crash_09754,2025-09-10 08:30:00,2025,9,Sep,Wed,8,Morning commute,30,NO CONTROLS,CLEAR,DAYLIGHT,PEDALCYCLIST,NOT DIVIDED,DRY,NO INJURY / DRIVE AWAY,,,$500 OR LESS,UNABLE TO DETERMINE,2,NO INDICATION OF INJURY,0,0,41.8860283981,-87.6340849831,60606,,,,,,,
crash_09755,2020-08-15 22:49:00,2020,8,Aug,Sat,22,Night or early morning,55,NO CONTROLS,CLEAR,DARKNESS,REAR END,ONE-WAY,DRY,INJURY AND / OR TOW DUE TO CRASH,,true,"OVER $1,500",UNABLE TO DETERMINE,3,NO INDICATION OF INJURY,0,0,41.8058664371,-87.5839275669,60615,"CHICAGO MIDWAY AIRPORT, IL US",74.0,63.0,69.0,0.0,10.0,9.0
crash_09756,2019-09-02 10:30:00,2019,9,Sep,Mon,10,Daytime,30,NO CONTROLS,CLEAR,DAYLIGHT,PARKED MOTOR VEHICLE,ONE-WAY,DRY,NO INJURY / DRIVE AWAY,,true,"$501 - $1,500",FOLLOWING TOO CLOSELY,2,NO INDICATION OF INJURY,0,0,42.0088414204,-87.6861775376,60645,"CHICAGO OHARE INTERNATIONAL AIRPORT, IL US",75.0,64.0,69.0,0.0,10.0,8.0
crash_09757,2020-11-16 15:30:00,2020,11,Nov,Mon,15,Evening commute,30,TRAFFIC SIGNAL,CLEAR,DAYLIGHT,TURNING,NOT DIVIDED,DRY,NO INJURY / DRIVE AWAY,true,,"OVER $1,500",IMPROPER TURNING/NO SIGNAL,2,NO INDICATION OF INJURY,0,0,41.8233563484,-87.6460685025,60609,"CHICAGO MIDWAY AIRPORT, IL US",47.0,29.0,50.0,0.0,10.0,9.0
crash_09758,2018-03-29 15:30:00,2018,3,Mar,Thu,15,Evening commute,35,TRAFFIC SIGNAL,CLOUDY/OVERCAST,DAYLIGHT,REAR END,NOT DIVIDED,DRY,NO INJURY / DRIVE AWAY,,,"$501 - $1,500",FOLLOWING TOO CLOSELY,2,NO INDICATION OF INJURY,0,0,41.6997660458,-87.6282330272,60628,"CHICAGO MIDWAY AIRPORT, IL US",42.0,36.0,79.0,,9.0,16.0
crash_09759,2020-07-15 16:22:00,2020,7,Jul,Wed,16,Evening commute,30,NO CONTROLS,CLEAR,DAYLIGHT,REAR END,NOT DIVIDED,DRY,NO INJURY / DRIVE AWAY,,,"$501 - $1,500",FOLLOWING TOO CLOSELY,2,NO INDICATION OF INJURY,0,0,41.6889070792,-87.6231416068,60628,"CHICAGO MIDWAY AIRPORT, IL US",83.0,68.0,61.0,0.0,10.0,11.0
crash_09760,2018-11-25 18:15:00,2018,11,Nov,Sun,18,Evening commute,30,NO CONTROLS,RAIN,DAWN,REAR END,NOT DIVIDED,WET,NO INJURY / DRIVE AWAY,,,"$501 - $1,500",NOT APPLICABLE,2,NO INDICATION OF INJURY,0,0,41.8084167447,-87.6748310718,60609,"CHICAGO MIDWAY AIRPORT, IL US",39.0,34.0,82.0,0.03,5.0,23.0
crash_09761,2020-10-07 00:07:00,2020,10,Oct,Wed,0,Night or early morning,30,NO CONTROLS,CLEAR,"DARKNESS, LIGHTED ROAD",PARKED MOTOR VEHICLE,NOT DIVIDED,DRY,NO INJURY / DRIVE AWAY,,true,"OVER $1,500",UNABLE TO DETERMINE,2,NO INDICATION OF INJURY,0,0,41.7349630503,-87.6329768311,60620,"CHICAGO MIDWAY AIRPORT, IL US",63.0,44.0,50.0,0.0,10.0,11.0
crash_09762,2018-06-02 18:35:00,2018,6,Jun,Sat,18,Evening commute,35,NO CONTROLS,CLEAR,DAYLIGHT,REAR END,ONE-WAY,DRY,NO INJURY / DRIVE AWAY,,,$500 OR LESS,FOLLOWING TOO CLOSELY,2,NO INDICATION OF INJURY,0,0,41.8579513338,-87.6449390306,60616,"CHICAGO MIDWAY AIRPORT, IL US",69.0,60.0,73.0,0.0,10.0,9.0
crash_09763,2019-11-30 13:00:00,2019,11,Nov,Sat,13,Daytime,30,NO CONTROLS,RAIN,DAYLIGHT,PARKED MOTOR VEHICLE,ONE-WAY,WET,NO INJURY / DRIVE AWAY,,true,"OVER $1,500",UNABLE TO DETERMINE,4,NO INDICATION OF INJURY,0,0,41.8049061469,-87.7392663837,60632,"CHICAGO MIDWAY AIRPORT, IL US",38.0,35.0,89.0,0.0,6.0,18.0
crash_09764,2025-11-10 11:00:00,2025,11,Nov,Mon,11,Daytime,30,UNKNOWN,UNKNOWN,UNKNOWN,PARKED MOTOR VEHICLE,UNKNOWN,UNKNOWN,NO INJURY / DRIVE AWAY,,true,"OVER $1,500",UNABLE TO DETERMINE,2,NO INDICATION OF INJURY,0,0,41.9703491878,-87.7115415858,60625,,,,,,,
crash_09765,2022-03-12 21:15:00,2022,3,Mar,Sat,21,Night or early morning,30,TRAFFIC SIGNAL,UNKNOWN,"DARKNESS, LIGHTED ROAD",REAR END,NOT DIVIDED,UNKNOWN,NO INJURY / DRIVE AWAY,true,true,"$501 - $1,500",FOLLOWING TOO CLOSELY,2,NO INDICATION OF INJURY,0,0,41.884588372,-87.6232725611,60601,"CHICAGO MIDWAY AIRPORT, IL US",21.0,7.0,54.0,0.0,10.0,10.0
crash_09766,2022-04-08 16:44:00,2022,4,Apr,Fri,16,Evening commute,30,NO CONTROLS,RAIN,DUSK,PARKED MOTOR VEHICLE,NOT DIVIDED,WET,INJURY AND / OR TOW DUE TO CRASH,,,"$501 - $1,500","EVASIVE ACTION DUE TO ANIMAL, OBJECT, NONMOTORIST",3,NONINCAPACITATING INJURY,1,0,41.9113247572,-87.7118655548,60647,"CHICAGO MIDWAY AIRPORT, IL US",37.0,34.0,87.0,,2.5,7.0
crash_09767,2025-06-10 10:45:00,2025,6,Jun,Tue,10,Daytime,30,TRAFFIC SIGNAL,CLEAR,DAYLIGHT,HEAD ON,FOUR WAY,DRY,NO INJURY / DRIVE AWAY,,,"OVER $1,500",UNABLE TO DETERMINE,2,NO INDICATION OF INJURY,0,0,41.7497239717,-87.7025395717,60652,"CHICAGO MIDWAY AIRPORT, IL US",70.0,50.0,49.0,0.0,10.0,14.0
crash_09768,2024-03-02 22:46:00,2024,3,Mar,Sat,22,Night or early morning,30,NO CONTROLS,CLEAR,"DARKNESS, LIGHTED ROAD",SIDESWIPE SAME DIRECTION,DIVIDED - W/MEDIAN (NOT RAISED),DRY,NO INJURY / DRIVE AWAY,,,"OVER $1,500",UNABLE TO DETERMINE,2,NO INDICATION OF INJURY,0,0,41.8357193186,-87.6752699617,60608,"CHICAGO MIDWAY AIRPORT, IL US",49.0,39.0,69.0,0.0,10.0,9.0
crash_09769,2025-04-04 11:40:00,2025,4,Apr,Fri,11,Daytime,30,NO CONTROLS,CLEAR,DAYLIGHT,TURNING,ONE-WAY,DRY,INJURY AND / OR TOW DUE TO CRASH,,true,"OVER $1,500",IMPROPER TURNING/NO SIGNAL,2,NO INDICATION OF INJURY,0,0,41.8363773708,-87.6232348958,60616,"CHICAGO MIDWAY AIRPORT, IL US",48.0,33.0,56.0,0.0,10.0,10.0
crash_09770,2018-01-06 16:30:00,2018,1,Jan,Sat,16,Evening commute,30,NO CONTROLS,CLEAR,DUSK,ANGLE,PARKING LOT,DRY,NO INJURY / DRIVE AWAY,,,"OVER $1,500",NOT APPLICABLE,2,NO INDICATION OF INJURY,0,0,41.8126289892,-87.7063942041,60632,"CHICAGO MIDWAY AIRPORT, IL US",15.0,-5.0,40.0,0.0,10.0,6.0
crash_09771,2022-06-09 07:30:00,2022,6,Jun,Thu,7,Morning commute,40,NO CONTROLS,CLEAR,DAYLIGHT,REAR END,DIVIDED - W/MEDIAN BARRIER,DRY,NO INJURY / DRIVE AWAY,,,"OVER $1,500",FOLLOWING TOO CLOSELY,3,NO INDICATION OF INJURY,0,0,41.9839519461,-87.6532151083,60660,"CHICAGO OHARE INTERNATIONAL AIRPORT, IL US",55.0,52.0,90.0,,9.0,7.0
crash_09772,2025-05-15 08:39:00,2025,5,May,Thu,8,Morning commute,30,TRAFFIC SIGNAL,CLEAR,DAYLIGHT,TURNING,FOUR WAY,DRY,INJURY AND / OR TOW DUE TO CRASH,true,,$500 OR LESS,IMPROPER TURNING/NO SIGNAL,2,NONINCAPACITATING INJURY,1,0,41.8898380974,-87.6366916099,60654,"CHICAGO MIDWAY AIRPORT, IL US",76.0,64.0,67.0,0.0,10.0,9.0
crash_09773,2018-03-07 11:37:00,2018,3,Mar,Wed,11,Daytime,30,NO CONTROLS,CLEAR,DAYLIGHT,TURNING,NOT DIVIDED,DRY,NO INJURY / DRIVE AWAY,,,"OVER $1,500",FAILING TO YIELD RIGHT-OF-WAY,2,NO INDICATION OF INJURY,0,0,41.921810518,-87.7463873988,60639,"CHICAGO MIDWAY AIRPORT, IL US",34.0,19.0,54.0,0.0,10.0,13.0
crash_09774,2018-12-06 11:50:00,2018,12,Dec,Thu,11,Daytime,30,NO CONTROLS,CLEAR,DAYLIGHT,PARKED MOTOR VEHICLE,DIVIDED - W/MEDIAN (NOT RAISED),DRY,NO INJURY / DRIVE AWAY,,,"OVER $1,500",UNABLE TO DETERMINE,2,NO INDICATION OF INJURY,0,0,41.8095406177,-87.6134919286,60653,"CHICAGO MIDWAY AIRPORT, IL US",28.0,13.0,53.0,0.0,10.0,11.0
crash_09775,2024-09-20 17:30:00,2024,9,Sep,Fri,17,Evening commute,25,TRAFFIC SIGNAL,CLEAR,DAYLIGHT,REAR END,TRAFFIC ROUTE,DRY,INJURY AND / OR TOW DUE TO CRASH,,,"OVER $1,500",UNABLE TO DETERMINE,2,NO INDICATION OF INJURY,0,0,41.722257273,-87.5852755651,60628,"CHICAGO MIDWAY AIRPORT, IL US",85.0,64.0,50.0,0.0,10.0,9.0
crash_09776,2020-12-29 17:50:00,2020,12,Dec,Tue,17,Evening commute,30,TRAFFIC SIGNAL,SNOW,DUSK,TURNING,NOT DIVIDED,SNOW OR SLUSH,NO INJURY / DRIVE AWAY,true,,"OVER $1,500",UNABLE TO DETERMINE,3,NO INDICATION OF INJURY,0,0,41.8012250602,-87.6649209577,60609,"CHICAGO MIDWAY AIRPORT, IL US",27.0,24.0,89.0,0.04,0.5,13.0
crash_09777,2019-10-12 09:17:00,2019,10,Oct,Sat,9,Morning commute,30,NO CONTROLS,CLEAR,DAYLIGHT,SIDESWIPE SAME DIRECTION,NOT DIVIDED,DRY,NO INJURY / DRIVE AWAY,,,$500 OR LESS,FAILING TO YIELD RIGHT-OF-WAY,2,NO INDICATION OF INJURY,0,0,41.9528936004,-87.7799868244,60634,"CHICAGO OHARE INTERNATIONAL AIRPORT, IL US",38.0,27.0,65.0,0.0,10.0,15.0
crash_09778,2022-10-22 12:40:00,2022,10,Oct,Sat,12,Daytime,30,NO CONTROLS,CLEAR,DAYLIGHT,PARKED MOTOR VEHICLE,DIVIDED - W/MEDIAN (NOT RAISED),DRY,INJURY AND / OR TOW DUE TO CRASH,,,"OVER $1,500",NOT APPLICABLE,4,NONINCAPACITATING INJURY,1,0,41.965212514,-87.7586212605,60630,"CHICAGO OHARE INTERNATIONAL AIRPORT, IL US",75.0,48.0,39.0,0.0,10.0,13.0
crash_09779,2023-08-26 12:00:00,2023,8,Aug,Sat,12,Daytime,30,NO CONTROLS,UNKNOWN,DARKNESS,PARKED MOTOR VEHICLE,OTHER,DRY,NO INJURY / DRIVE AWAY,,true,"OVER $1,500",UNABLE TO DETERMINE,2,NO INDICATION OF INJURY,0,0,41.7527146549,-87.6216544747,60619,"CHICAGO MIDWAY AIRPORT, IL US",75.0,65.0,71.0,0.0,10.0,11.0
crash_09780,2023-07-20 22:06:00,2023,7,Jul,Thu,22,Night or early morning,25,STOP SIGN/FLASHER,CLEAR,"DARKNESS, LIGHTED ROAD",FIXED OBJECT,T-INTERSECTION,DRY,INJURY AND / OR TOW DUE TO CRASH,true,,"OVER $1,500",DRIVING SKILLS/KNOWLEDGE/EXPERIENCE,1,NONINCAPACITATING INJURY,2,0,41.8203971624,-87.6133366701,60653,"CHICAGO MIDWAY AIRPORT, IL US",75.0,56.0,52.0,0.0,10.0,10.0
crash_09781,2019-05-14 17:40:00,2019,5,May,Tue,17,Evening commute,30,NO CONTROLS,CLEAR,DAYLIGHT,TURNING,CENTER TURN LANE,DRY,NO INJURY / DRIVE AWAY,true,,"$501 - $1,500",FOLLOWING TOO CLOSELY,2,NO INDICATION OF INJURY,0,0,41.9306998914,-87.8064561309,60707,"CHICAGO OHARE INTERNATIONAL AIRPORT, IL US",65.0,33.0,31.0,0.0,10.0,13.0
crash_09782,2019-01-09 21:55:00,2019,1,Jan,Wed,21,Night or early morning,15,NO CONTROLS,CLEAR,DARKNESS,ANGLE,ONE-WAY,DRY,INJURY AND / OR TOW DUE TO CRASH,,true,"OVER $1,500",DISREGARDING STOP SIGN,2,NO INDICATION OF INJURY,0,0,41.9276233176,-87.7734757436,60639,"CHICAGO OHARE INTERNATIONAL AIRPORT, IL US",17.0,6.0,62.0,0.0,10.0,11.0
crash_09783,2024-06-07 13:55:00,2024,6,Jun,Fri,13,Daytime,10,NO CONTROLS,CLEAR,UNKNOWN,REAR TO FRONT,PARKING LOT,DRY,NO INJURY / DRIVE AWAY,,,"OVER $1,500",UNABLE TO DETERMINE,2,NO INDICATION OF INJURY,0,0,41.8921043921,-87.6049689018,60611,"CHICAGO MIDWAY AIRPORT, IL US",79.0,44.0,29.0,0.0,10.0,20.0
crash_09784,2022-07-22 19:04:00,2022,7,Jul,Fri,19,Night or early morning,30,TRAFFIC SIGNAL,CLEAR,DAYLIGHT,REAR END,NOT DIVIDED,DRY,NO INJURY / DRIVE AWAY,,,"OVER $1,500",FOLLOWING TOO CLOSELY,2,NO INDICATION OF INJURY,0,0,41.9322053951,-87.6976792439,60618,"CHICAGO MIDWAY AIRPORT, IL US",88.0,63.0,43.0,0.0,10.0,9.0
crash_09785,2022-12-31 00:42:00,2022,12,Dec,Sat,0,Night or early morning,30,TRAFFIC SIGNAL,CLEAR,"DARKNESS, LIGHTED ROAD",TURNING,FOUR WAY,DRY,INJURY AND / OR TOW DUE TO CRASH,true,true,"OVER $1,500",DISREGARDING TRAFFIC SIGNALS,2,NO INDICATION OF INJURY,0,0,41.8167293867,-87.7435367125,60638,"CHICAGO MIDWAY AIRPORT, IL US",30.0,26.0,85.0,0.0,10.0,5.0
crash_09786,2022-12-11 12:45:00,2022,12,Dec,Sun,12,Daytime,30,TRAFFIC SIGNAL,CLEAR,DAYLIGHT,REAR END,FOUR WAY,DRY,NO INJURY / DRIVE AWAY,true,,"OVER $1,500",UNABLE TO DETERMINE,2,NO INDICATION OF INJURY,0,0,41.7068233366,-87.6429774693,60643,"CHICAGO MIDWAY AIRPORT, IL US",38.0,30.0,73.0,0.0,10.0,7.0
crash_09787,2024-11-11 08:45:00,2024,11,Nov,Mon,8,Morning commute,25,NO CONTROLS,CLEAR,DAYLIGHT,PARKED MOTOR VEHICLE,NOT DIVIDED,DRY,INJURY AND / OR TOW DUE TO CRASH,,,"OVER $1,500",UNABLE TO DETERMINE,2,"REPORTED, NOT EVIDENT",1,0,41.9175933405,-87.7826626677,60639,"CHICAGO OHARE INTERNATIONAL AIRPORT, IL US",54.0,45.0,72.0,0.0,10.0,14.0
crash_09788,2022-04-18 02:13:00,2022,4,Apr,Mon,2,Night or early morning,30,NO CONTROLS,RAIN,"DARKNESS, LIGHTED ROAD",PARKED MOTOR VEHICLE,NOT DIVIDED,WET,INJURY AND / OR TOW DUE TO CRASH,,,"OVER $1,500",FAILING TO REDUCE SPEED TO AVOID CRASH,5,NO INDICATION OF INJURY,0,0,41.862983408,-87.7151762762,60623,"CHICAGO MIDWAY AIRPORT, IL US",38.0,33.0,83.0,0.01,10.0,8.0
crash_09789,2019-07-03 06:29:00,2019,7,Jul,Wed,6,Morning commute,30,TRAFFIC SIGNAL,RAIN,DAYLIGHT,TURNING,NOT DIVIDED,WET,INJURY AND / OR TOW DUE TO CRASH,true,,"OVER $1,500",FAILING TO YIELD RIGHT-OF-WAY,2,NONINCAPACITATING INJURY,1,0,41.9097338901,-87.746244973,60639,"CHICAGO MIDWAY AIRPORT, IL US",71.0,68.0,90.0,0.01,10.0,7.0