crash_id,crash_datetime,crash_year,crash_month,crash_month_name,crash_weekday_name,crash_hour,time_period,posted_speed_limit_mph,traffic_control_device,reported_weather_condition,reported_lighting_condition,first_crash_type,trafficway_type,reported_road_surface_condition,crash_type,intersection_related,hit_and_run,estimated_damage,primary_contributory_cause,unit_count,most_severe_injury,injuries_total,injuries_fatal,latitude,longitude,zip5,weather_station_name,temperature_f,dew_point_f,relative_humidity_percent,precipitation_inches,visibility_miles,wind_speed_mph
crash_09790,2020-06-18 20:00:00,2020,6,Jun,Thu,20,Night or early morning,15,NO CONTROLS,CLEAR,DUSK,PARKED MOTOR VEHICLE,ALLEY,DRY,NO INJURY / DRIVE AWAY,,true,"OVER $1,500",IMPROPER OVERTAKING/PASSING,2,NO INDICATION OF INJURY,0,0,41.9470007112,-87.7589813159,60641,"CHICAGO OHARE INTERNATIONAL AIRPORT, IL US",81.0,50.0,34.0,0.0,10.0,8.0
crash_09791,2020-09-21 16:45:00,2020,9,Sep,Mon,16,Evening commute,30,NO CONTROLS,CLEAR,DAYLIGHT,PARKED MOTOR VEHICLE,NOT DIVIDED,DRY,NO INJURY / DRIVE AWAY,,true,"$501 - $1,500",IMPROPER OVERTAKING/PASSING,2,NO INDICATION OF INJURY,0,0,41.6703909562,-87.6175153093,60628,"CHICAGO MIDWAY AIRPORT, IL US",75.0,42.0,31.0,0.0,10.0,10.0
crash_09792,2025-04-28 10:00:00,2025,4,Apr,Mon,10,Daytime,30,NO CONTROLS,CLEAR,DAYLIGHT,TURNING,NOT DIVIDED,DRY,NO INJURY / DRIVE AWAY,,,"OVER $1,500",UNABLE TO DETERMINE,2,NO INDICATION OF INJURY,0,0,41.9684434043,-87.7196171372,60625,"CHICAGO OHARE INTERNATIONAL AIRPORT, IL US",66.0,44.0,45.0,0.0,10.0,16.0
crash_09793,2020-08-21 17:40:00,2020,8,Aug,Fri,17,Evening commute,25,STOP SIGN/FLASHER,CLEAR,DAYLIGHT,ANGLE,FOUR WAY,DRY,NO INJURY / DRIVE AWAY,true,true,"$501 - $1,500",DISREGARDING STOP SIGN,2,NO INDICATION OF INJURY,0,0,41.945067829,-87.761954483,60641,"CHICAGO OHARE INTERNATIONAL AIRPORT, IL US",86.0,57.0,37.0,0.0,10.0,7.0
crash_09794,2023-02-24 14:15:00,2023,2,Feb,Fri,14,Daytime,35,TRAFFIC SIGNAL,CLEAR,DAYLIGHT,REAR END,ONE-WAY,DRY,NO INJURY / DRIVE AWAY,,,"OVER $1,500",FOLLOWING TOO CLOSELY,2,NO INDICATION OF INJURY,0,0,41.6908635887,-87.624672185,60628,"CHICAGO MIDWAY AIRPORT, IL US",28.0,14.0,56.0,0.0,10.0,6.0
crash_09795,2024-06-07 00:25:00,2024,6,Jun,Fri,0,Night or early morning,30,TRAFFIC SIGNAL,CLEAR,"DARKNESS, LIGHTED ROAD",FIXED OBJECT,FOUR WAY,DRY,INJURY AND / OR TOW DUE TO CRASH,,true,"OVER $1,500",UNDER THE INFLUENCE OF ALCOHOL/DRUGS (USE WHEN ARREST IS EFFECTED),1,NO INDICATION OF INJURY,0,0,41.8690156557,-87.6467922265,60607,"CHICAGO MIDWAY AIRPORT, IL US",67.0,44.0,44.0,0.0,10.0,10.0
crash_09796,2022-04-21 20:00:00,2022,4,Apr,Thu,20,Night or early morning,30,NO CONTROLS,CLEAR,DUSK,PARKED MOTOR VEHICLE,ONE-WAY,DRY,NO INJURY / DRIVE AWAY,,,"OVER $1,500",FAILING TO REDUCE SPEED TO AVOID CRASH,2,NO INDICATION OF INJURY,0,0,42.0226307105,-87.6711800297,60626,"CHICAGO OHARE INTERNATIONAL AIRPORT, IL US",63.0,38.0,40.0,0.0,10.0,5.0
crash_09797,2022-10-28 15:26:00,2022,10,Oct,Fri,15,Evening commute,20,RR CROSSING SIGN,CLEAR,DAYLIGHT,SIDESWIPE SAME DIRECTION,ONE-WAY,DRY,NO INJURY / DRIVE AWAY,,,"OVER $1,500",PASSING STOPPED SCHOOL BUS,2,NO INDICATION OF INJURY,0,0,41.6745104764,-87.6408002306,60628,"CHICAGO MIDWAY AIRPORT, IL US",59.0,36.0,42.0,0.0,10.0,7.0
crash_09798,2025-05-14 17:00:00,2025,5,May,Wed,17,Evening commute,30,NO CONTROLS,CLEAR,DAYLIGHT,PARKED MOTOR VEHICLE,NOT DIVIDED,DRY,NO INJURY / DRIVE AWAY,,,"OVER $1,500",UNABLE TO DETERMINE,2,NO INDICATION OF INJURY,0,0,41.9452124861,-87.6731283698,60657,"CHICAGO MIDWAY AIRPORT, IL US",75.0,60.0,60.0,0.0,10.0,14.0
crash_09799,2021-10-29 10:00:00,2021,10,Oct,Fri,10,Daytime,30,NO CONTROLS,UNKNOWN,UNKNOWN,PARKED MOTOR VEHICLE,NOT DIVIDED,UNKNOWN,NO INJURY / DRIVE AWAY,,true,$500 OR LESS,UNABLE TO DETERMINE,2,NO INDICATION OF INJURY,0,0,41.8351562299,-87.6515543586,60608,"CHICAGO MIDWAY AIRPORT, IL US",54.0,50.0,87.0,0.0,6.0,22.0
crash_09800,2024-04-19 17:32:00,2024,4,Apr,Fri,17,Evening commute,25,TRAFFIC SIGNAL,CLEAR,DAYLIGHT,TURNING,FOUR WAY,DRY,NO INJURY / DRIVE AWAY,true,,"$501 - $1,500",FAILING TO YIELD RIGHT-OF-WAY,2,NO INDICATION OF INJURY,0,0,41.9026234511,-87.721281877,60651,"CHICAGO MIDWAY AIRPORT, IL US",56.0,24.0,29.0,0.0,10.0,23.0
crash_09801,2019-02-16 02:00:00,2019,2,Feb,Sat,2,Night or early morning,30,NO CONTROLS,CLEAR,"DARKNESS, LIGHTED ROAD",PEDESTRIAN,NOT DIVIDED,DRY,NO INJURY / DRIVE AWAY,,,"$501 - $1,500",HAD BEEN DRINKING (USE WHEN ARREST IS NOT MADE),2,NO INDICATION OF INJURY,0,0,41.904465472,-87.6343541694,60610,"CHICAGO MIDWAY AIRPORT, IL US",18.0,6.0,59.0,0.0,10.0,8.0
crash_09802,2025-12-11 17:48:00,2025,12,Dec,Thu,17,Evening commute,30,NO CONTROLS,CLEAR,"DARKNESS, LIGHTED ROAD",SIDESWIPE SAME DIRECTION,DIVIDED - W/MEDIAN (NOT RAISED),DRY,NO INJURY / DRIVE AWAY,,,$500 OR LESS,UNABLE TO DETERMINE,2,NO INDICATION OF INJURY,0,0,41.9339750282,-87.6880881325,60618,,,,,,,
crash_09803,2019-12-01 15:25:00,2019,12,Dec,Sun,15,Evening commute,30,TRAFFIC SIGNAL,RAIN,DAYLIGHT,REAR END,DIVIDED - W/MEDIAN BARRIER,WET,INJURY AND / OR TOW DUE TO CRASH,,,"$501 - $1,500",FOLLOWING TOO CLOSELY,2,NONINCAPACITATING INJURY,2,0,41.9095168462,-87.7460483997,60651,"CHICAGO MIDWAY AIRPORT, IL US",40.0,37.0,89.0,,5.0,9.0
crash_09804,2021-08-16 20:52:00,2021,8,Aug,Mon,20,Night or early morning,30,TRAFFIC SIGNAL,CLEAR,"DARKNESS, LIGHTED ROAD",SIDESWIPE SAME DIRECTION,DIVIDED - W/MEDIAN (NOT RAISED),DRY,NO INJURY / DRIVE AWAY,,,"OVER $1,500",UNABLE TO DETERMINE,2,NO INDICATION OF INJURY,0,0,41.7786249931,-87.7350293641,60629,"CHICAGO MIDWAY AIRPORT, IL US",73.0,56.0,55.0,0.0,10.0,9.0
crash_09805,2018-04-13 09:30:00,2018,4,Apr,Fri,9,Morning commute,30,TRAFFIC SIGNAL,CLOUDY/OVERCAST,DAYLIGHT,SIDESWIPE SAME DIRECTION,DIVIDED - W/MEDIAN (NOT RAISED),DRY,NO INJURY / DRIVE AWAY,,,"OVER $1,500",IMPROPER LANE USAGE,2,NO INDICATION OF INJURY,0,0,41.8925932255,-87.6243340479,60611,"CHICAGO MIDWAY AIRPORT, IL US",52.0,42.0,69.0,0.0,9.0,7.0
crash_09806,2024-07-13 11:30:00,2024,7,Jul,Sat,11,Daytime,30,NO CONTROLS,CLEAR,DAYLIGHT,ANGLE,DIVIDED - W/MEDIAN (NOT RAISED),DRY,NO INJURY / DRIVE AWAY,,,"$501 - $1,500",UNABLE TO DETERMINE,2,NO INDICATION OF INJURY,0,0,41.7643251656,-87.6833800341,60629,"CHICAGO MIDWAY AIRPORT, IL US",87.0,68.0,53.0,0.0,10.0,10.0
crash_09807,2024-04-07 19:20:00,2024,4,Apr,Sun,19,Night or early morning,30,NO CONTROLS,CLEAR,DUSK,TURNING,NOT DIVIDED,DRY,NO INJURY / DRIVE AWAY,,true,"OVER $1,500",IMPROPER LANE USAGE,2,NO INDICATION OF INJURY,0,0,41.7697078568,-87.5765422599,60649,"CHICAGO MIDWAY AIRPORT, IL US",51.0,43.0,74.0,0.0,10.0,16.0
crash_09808,2022-10-31 15:16:00,2022,10,Oct,Mon,15,Evening commute,30,NO CONTROLS,CLEAR,DAYLIGHT,PARKED MOTOR VEHICLE,PARKING LOT,DRY,NO INJURY / DRIVE AWAY,,,"OVER $1,500",UNABLE TO DETERMINE,3,NO INDICATION OF INJURY,0,0,41.6927233639,-87.6045058667,60628,"CHICAGO MIDWAY AIRPORT, IL US",59.0,54.0,83.0,0.0,6.0,6.0
crash_09809,2020-07-25 13:45:00,2020,7,Jul,Sat,13,Daytime,30,TRAFFIC SIGNAL,CLEAR,DAYLIGHT,REAR END,DIVIDED - W/MEDIAN BARRIER,DRY,INJURY AND / OR TOW DUE TO CRASH,true,,"OVER $1,500",FOLLOWING TOO CLOSELY,3,NONINCAPACITATING INJURY,2,0,41.7068233366,-87.6429774693,60643,"CHICAGO MIDWAY AIRPORT, IL US",88.0,62.0,42.0,0.0,10.0,5.0
crash_09810,2022-01-14 15:20:00,2022,1,Jan,Fri,15,Evening commute,35,NO CONTROLS,CLOUDY/OVERCAST,DAYLIGHT,TURNING,NOT DIVIDED,DRY,NO INJURY / DRIVE AWAY,,,"$501 - $1,500",IMPROPER TURNING/NO SIGNAL,2,NO INDICATION OF INJURY,0,0,41.8950537308,-87.7552252908,60651,"CHICAGO MIDWAY AIRPORT, IL US",33.0,26.0,75.0,0.0,10.0,17.0
crash_09811,2019-11-11 08:05:00,2019,11,Nov,Mon,8,Morning commute,30,STOP SIGN/FLASHER,SNOW,DAYLIGHT,ANGLE,FOUR WAY,SNOW OR SLUSH,NO INJURY / DRIVE AWAY,true,,"OVER $1,500",WEATHER,2,NO INDICATION OF INJURY,0,0,41.8386288473,-87.7245446928,60623,"CHICAGO MIDWAY AIRPORT, IL US",26.0,23.0,88.0,0.0,0.5,18.0
crash_09812,2024-04-14 19:50:00,2024,4,Apr,Sun,19,Night or early morning,30,TRAFFIC SIGNAL,CLEAR,DAYLIGHT,REAR END,NOT DIVIDED,DRY,NO INJURY / DRIVE AWAY,,true,"OVER $1,500",IMPROPER BACKING,2,NO INDICATION OF INJURY,0,0,41.8806347539,-87.6764808518,60612,"CHICAGO MIDWAY AIRPORT, IL US",69.0,40.0,35.0,0.0,10.0,5.0
crash_09813,2021-06-22 13:30:00,2021,6,Jun,Tue,13,Daytime,30,TRAFFIC SIGNAL,CLEAR,DAYLIGHT,SIDESWIPE SAME DIRECTION,DIVIDED - W/MEDIAN (NOT RAISED),DRY,NO INJURY / DRIVE AWAY,,true,"$501 - $1,500",FOLLOWING TOO CLOSELY,2,NO INDICATION OF INJURY,0,0,41.6922670889,-87.6422298341,60628,"CHICAGO MIDWAY AIRPORT, IL US",73.0,39.0,29.0,0.0,10.0,13.0
crash_09814,2021-10-26 21:45:00,2021,10,Oct,Tue,21,Night or early morning,35,TRAFFIC SIGNAL,CLEAR,DARKNESS,SIDESWIPE SAME DIRECTION,NOT DIVIDED,DRY,NO INJURY / DRIVE AWAY,true,,"OVER $1,500",IMPROPER LANE USAGE,2,NO INDICATION OF INJURY,0,0,41.8781512513,-87.6335831187,60604,"CHICAGO MIDWAY AIRPORT, IL US",48.0,38.0,68.0,0.0,10.0,7.0
crash_09815,2025-04-03 08:48:00,2025,4,Apr,Thu,8,Morning commute,30,NO CONTROLS,CLEAR,DAYLIGHT,TURNING,DIVIDED - W/MEDIAN (NOT RAISED),DRY,NO INJURY / DRIVE AWAY,true,,"OVER $1,500",FAILING TO YIELD RIGHT-OF-WAY,2,NO INDICATION OF INJURY,0,0,41.9321509314,-87.644887373,60614,"CHICAGO MIDWAY AIRPORT, IL US",51.0,36.0,56.0,0.0,10.0,14.0
crash_09816,2022-08-11 23:00:00,2022,8,Aug,Thu,23,Night or early morning,30,NO CONTROLS,CLEAR,DARKNESS,PARKED MOTOR VEHICLE,ONE-WAY,DRY,NO INJURY / DRIVE AWAY,,true,"OVER $1,500",UNABLE TO DETERMINE,2,NO INDICATION OF INJURY,0,0,41.7946211957,-87.6985586328,60632,"CHICAGO MIDWAY AIRPORT, IL US",70.0,50.0,49.0,,10.0,9.0
crash_09817,2022-02-05 04:10:00,2022,2,Feb,Sat,4,Night or early morning,25,NO CONTROLS,SNOW,"DARKNESS, LIGHTED ROAD",PARKED MOTOR VEHICLE,ONE-WAY,SNOW OR SLUSH,NO INJURY / DRIVE AWAY,,true,"OVER $1,500",UNABLE TO DETERMINE,2,NO INDICATION OF INJURY,0,0,41.9239762733,-87.7330262643,60639,"CHICAGO MIDWAY AIRPORT, IL US",8.0,1.0,73.0,0.0,10.0,7.0
crash_09818,2019-11-05 15:20:00,2019,11,Nov,Tue,15,Evening commute,30,NO CONTROLS,CLEAR,DAYLIGHT,REAR TO FRONT,NOT DIVIDED,DRY,NO INJURY / DRIVE AWAY,,,"$501 - $1,500",IMPROPER BACKING,2,NO INDICATION OF INJURY,0,0,41.9312103156,-87.7773315281,60634,"CHICAGO OHARE INTERNATIONAL AIRPORT, IL US",39.0,16.0,39.0,0.0,10.0,10.0
crash_09819,2019-09-16 01:35:00,2019,9,Sep,Mon,1,Night or early morning,30,UNKNOWN,CLOUDY/OVERCAST,"DARKNESS, LIGHTED ROAD",FIXED OBJECT,FOUR WAY,DRY,INJURY AND / OR TOW DUE TO CRASH,true,true,"OVER $1,500",UNABLE TO DETERMINE,1,NO INDICATION OF INJURY,0,0,41.7708084956,-87.6418943183,60621,"CHICAGO MIDWAY AIRPORT, IL US",71.0,69.0,94.0,0.0,10.0,0.0
crash_09820,2021-08-24 14:40:00,2021,8,Aug,Tue,14,Daytime,20,TRAFFIC SIGNAL,CLEAR,DAYLIGHT,SIDESWIPE SAME DIRECTION,NOT DIVIDED,DRY,NO INJURY / DRIVE AWAY,,true,"OVER $1,500",IMPROPER OVERTAKING/PASSING,2,NO INDICATION OF INJURY,0,0,41.9472041717,-87.6479690486,60657,"CHICAGO MIDWAY AIRPORT, IL US",94.0,71.0,48.0,0.0,10.0,15.0
crash_09821,2023-01-19 12:30:00,2023,1,Jan,Thu,12,Daytime,30,TRAFFIC SIGNAL,CLEAR,DAYLIGHT,TURNING,FOUR WAY,WET,NO INJURY / DRIVE AWAY,true,,"OVER $1,500",UNABLE TO DETERMINE,2,NO INDICATION OF INJURY,0,0,41.9316822665,-87.7435650331,60641,"CHICAGO OHARE INTERNATIONAL AIRPORT, IL US",41.0,37.0,86.0,0.0,9.0,5.0
crash_09822,2021-07-27 17:10:00,2021,7,Jul,Tue,17,Evening commute,20,NO CONTROLS,CLEAR,DAYLIGHT,TURNING,NOT DIVIDED,DRY,INJURY AND / OR TOW DUE TO CRASH,,,"OVER $1,500",IMPROPER OVERTAKING/PASSING,2,NONINCAPACITATING INJURY,2,0,41.7541810066,-87.734957953,60652,"CHICAGO MIDWAY AIRPORT, IL US",87.0,63.0,45.0,0.0,10.0,14.0
crash_09823,2022-06-15 13:40:00,2022,6,Jun,Wed,13,Daytime,30,NO CONTROLS,CLEAR,DAYLIGHT,REAR TO SIDE,PARKING LOT,DRY,NO INJURY / DRIVE AWAY,,,"OVER $1,500",FAILING TO YIELD RIGHT-OF-WAY,2,NO INDICATION OF INJURY,0,0,41.9373384373,-87.6444564715,60657,"CHICAGO MIDWAY AIRPORT, IL US",96.0,68.0,40.0,,10.0,16.0
crash_09824,2024-11-16 21:15:00,2024,11,Nov,Sat,21,Night or early morning,30,NO CONTROLS,CLEAR,"DARKNESS, LIGHTED ROAD",PARKED MOTOR VEHICLE,NOT DIVIDED,DRY,INJURY AND / OR TOW DUE TO CRASH,,true,"OVER $1,500",UNABLE TO DETERMINE,3,NO INDICATION OF INJURY,0,0,41.841672682,-87.6390220299,60616,"CHICAGO MIDWAY AIRPORT, IL US",49.0,40.0,71.0,0.0,10.0,7.0
crash_09825,2019-05-12 11:30:00,2019,5,May,Sun,11,Daytime,15,STOP SIGN/FLASHER,CLOUDY/OVERCAST,DAYLIGHT,REAR END,NOT DIVIDED,UNKNOWN,NO INJURY / DRIVE AWAY,true,,"$501 - $1,500",FAILING TO REDUCE SPEED TO AVOID CRASH,2,NO INDICATION OF INJURY,0,0,41.817594293,-87.6665384922,60609,"CHICAGO MIDWAY AIRPORT, IL US",50.0,38.0,63.0,0.0,10.0,11.0
crash_09826,2019-12-24 16:30:00,2019,12,Dec,Tue,16,Evening commute,30,NO CONTROLS,CLEAR,DUSK,REAR TO FRONT,ONE-WAY,DRY,NO INJURY / DRIVE AWAY,,,$500 OR LESS,UNABLE TO DETERMINE,2,NO INDICATION OF INJURY,0,0,41.8444306654,-87.7222624381,60623,"CHICAGO MIDWAY AIRPORT, IL US",51.0,43.0,74.0,0.0,10.0,10.0
crash_09827,2022-04-19 01:15:00,2022,4,Apr,Tue,1,Night or early morning,25,NO CONTROLS,CLEAR,"DARKNESS, LIGHTED ROAD",PARKED MOTOR VEHICLE,ONE-WAY,UNKNOWN,INJURY AND / OR TOW DUE TO CRASH,,true,"OVER $1,500",UNABLE TO DETERMINE,4,NO INDICATION OF INJURY,0,0,41.867150781,-87.7281548634,60624,"CHICAGO MIDWAY AIRPORT, IL US",38.0,30.0,73.0,0.0,10.0,13.0
crash_09828,2019-11-11 15:15:00,2019,11,Nov,Mon,15,Evening commute,30,STOP SIGN/FLASHER,SNOW,DAYLIGHT,REAR END,NOT DIVIDED,SNOW OR SLUSH,NO INJURY / DRIVE AWAY,,,"$501 - $1,500",FOLLOWING TOO CLOSELY,2,NO INDICATION OF INJURY,0,0,41.6554991116,-87.5545725859,60633,"CHICAGO MIDWAY AIRPORT, IL US",24.0,17.0,75.0,0.0,8.0,20.0
crash_09829,2022-02-26 13:20:00,2022,2,Feb,Sat,13,Daytime,30,TRAFFIC SIGNAL,CLEAR,DAYLIGHT,REAR END,NOT DIVIDED,DRY,NO INJURY / DRIVE AWAY,true,true,"OVER $1,500",FOLLOWING TOO CLOSELY,2,NO INDICATION OF INJURY,0,0,41.7950752068,-87.6060966093,60615,"CHICAGO MIDWAY AIRPORT, IL US",30.0,14.0,51.0,0.0,10.0,14.0
crash_09830,2024-05-17 08:07:00,2024,5,May,Fri,8,Morning commute,30,NO CONTROLS,CLEAR,DAYLIGHT,PARKED MOTOR VEHICLE,ONE-WAY,DRY,NO INJURY / DRIVE AWAY,,true,"OVER $1,500",IMPROPER BACKING,2,NO INDICATION OF INJURY,0,0,41.9621461123,-87.7400112949,60630,"CHICAGO OHARE INTERNATIONAL AIRPORT, IL US",63.0,60.0,90.0,,5.0,3.0
crash_09831,2023-09-27 09:35:00,2023,9,Sep,Wed,9,Morning commute,30,STOP SIGN/FLASHER,CLEAR,"DARKNESS, LIGHTED ROAD",REAR END,ONE-WAY,UNKNOWN,NO INJURY / DRIVE AWAY,true,,"OVER $1,500",FOLLOWING TOO CLOSELY,2,NO INDICATION OF INJURY,0,0,41.8950340785,-87.6254043391,60611,"CHICAGO MIDWAY AIRPORT, IL US",66.0,61.0,84.0,,4.0,11.0
crash_09832,2024-06-22 06:20:00,2024,6,Jun,Sat,6,Morning commute,30,NO CONTROLS,CLEAR,DAYLIGHT,PARKED MOTOR VEHICLE,ONE-WAY,DRY,INJURY AND / OR TOW DUE TO CRASH,,,"OVER $1,500",CELL PHONE USE OTHER THAN TEXTING,2,NO INDICATION OF INJURY,0,0,41.7188615521,-87.6166343334,60628,"CHICAGO MIDWAY AIRPORT, IL US",79.0,65.0,62.0,0.0,10.0,7.0
crash_09833,2020-12-29 17:10:00,2020,12,Dec,Tue,17,Evening commute,30,NO CONTROLS,SNOW,DAYLIGHT,ANGLE,NOT DIVIDED,SNOW OR SLUSH,NO INJURY / DRIVE AWAY,,true,$500 OR LESS,DRIVING SKILLS/KNOWLEDGE/EXPERIENCE,2,NO INDICATION OF INJURY,0,0,41.7226027789,-87.5608678863,60617,"CHICAGO MIDWAY AIRPORT, IL US",27.0,23.0,85.0,0.03,0.5,11.0
crash_09834,2018-02-06 17:20:00,2018,2,Feb,Tue,17,Evening commute,30,NO CONTROLS,CLEAR,"DARKNESS, LIGHTED ROAD",REAR END,NOT DIVIDED,UNKNOWN,NO INJURY / DRIVE AWAY,,,"OVER $1,500",UNABLE TO DETERMINE,2,NO INDICATION OF INJURY,0,0,41.8509077301,-87.6759495346,60608,"CHICAGO MIDWAY AIRPORT, IL US",20.0,11.0,68.0,0.0,10.0,6.0
crash_09835,2021-07-23 20:30:00,2021,7,Jul,Fri,20,Night or early morning,35,NO CONTROLS,CLEAR,"DARKNESS, LIGHTED ROAD",REAR END,NOT DIVIDED,DRY,NO INJURY / DRIVE AWAY,,true,"$501 - $1,500",FOLLOWING TOO CLOSELY,2,NO INDICATION OF INJURY,0,0,41.8806963264,-87.6252844009,60603,"CHICAGO MIDWAY AIRPORT, IL US",84.0,67.0,57.0,0.0,10.0,10.0
crash_09836,2021-04-17 14:31:00,2021,4,Apr,Sat,14,Daytime,30,NO CONTROLS,CLEAR,DAYLIGHT,TURNING,UNKNOWN,UNKNOWN,NO INJURY / DRIVE AWAY,,,"$501 - $1,500",FAILING TO YIELD RIGHT-OF-WAY,2,NO INDICATION OF INJURY,0,0,41.8516428865,-87.7064081112,60623,"CHICAGO MIDWAY AIRPORT, IL US",53.0,29.0,40.0,0.0,10.0,10.0
crash_09837,2024-07-26 10:00:00,2024,7,Jul,Fri,10,Daytime,30,TRAFFIC SIGNAL,CLEAR,DAYLIGHT,REAR END,DIVIDED - W/MEDIAN (NOT RAISED),DRY,NO INJURY / DRIVE AWAY,true,,"OVER $1,500",FOLLOWING TOO CLOSELY,2,NO INDICATION OF INJURY,0,0,41.9470628144,-87.6739916363,60613,"CHICAGO MIDWAY AIRPORT, IL US",73.0,56.0,55.0,0.0,10.0,6.0
crash_09838,2024-11-13 12:00:00,2024,11,Nov,Wed,12,Daytime,30,NO CONTROLS,CLEAR,DAYLIGHT,ANGLE,NOT DIVIDED,DRY,NO INJURY / DRIVE AWAY,,,"OVER $1,500",IMPROPER OVERTAKING/PASSING,2,NO INDICATION OF INJURY,0,0,41.9251349437,-87.6779635455,60647,"CHICAGO MIDWAY AIRPORT, IL US",50.0,34.0,54.0,0.0,10.0,10.0
crash_09839,2022-02-05 07:51:00,2022,2,Feb,Sat,7,Morning commute,30,STOP SIGN/FLASHER,CLEAR,DAYLIGHT,ANGLE,DIVIDED - W/MEDIAN (NOT RAISED),SNOW OR SLUSH,INJURY AND / OR TOW DUE TO CRASH,true,,"OVER $1,500",DISREGARDING STOP SIGN,2,NONINCAPACITATING INJURY,1,0,41.6908207131,-87.6673522413,60643,"CHICAGO MIDWAY AIRPORT, IL US",6.0,-1.0,73.0,0.0,10.0,0.0
crash_09840,2024-06-16 05:00:00,2024,6,Jun,Sun,5,Night or early morning,30,TRAFFIC SIGNAL,CLEAR,DAYLIGHT,ANGLE,DIVIDED - W/MEDIAN BARRIER,DRY,INJURY AND / OR TOW DUE TO CRASH,true,,"OVER $1,500",UNABLE TO DETERMINE,2,FATAL,4,2,41.8445843003,-87.6953598432,60623,"CHICAGO MIDWAY AIRPORT, IL US",72.0,50.0,46.0,0.0,10.0,8.0
crash_09841,2024-02-07 18:37:00,2024,2,Feb,Wed,18,Evening commute,30,STOP SIGN/FLASHER,CLEAR,UNKNOWN,PARKED MOTOR VEHICLE,ONE-WAY,DRY,NO INJURY / DRIVE AWAY,false,,"$501 - $1,500",IMPROPER TURNING/NO SIGNAL,2,NO INDICATION OF INJURY,0,0,41.9944747725,-87.6577306396,60660,"CHICAGO OHARE INTERNATIONAL AIRPORT, IL US",44.0,34.0,68.0,0.0,10.0,16.0
crash_09842,2022-04-23 17:45:00,2022,4,Apr,Sat,17,Evening commute,30,NO CONTROLS,CLEAR,DAYLIGHT,REAR END,NOT DIVIDED,DRY,NO INJURY / DRIVE AWAY,,true,"$501 - $1,500",FOLLOWING TOO CLOSELY,2,NO INDICATION OF INJURY,0,0,41.9421866119,-87.6883961732,60618,"CHICAGO MIDWAY AIRPORT, IL US",84.0,51.0,32.0,0.0,10.0,22.0
crash_09843,2022-05-14 13:00:00,2022,5,May,Sat,13,Daytime,30,NO CONTROLS,CLEAR,DAYLIGHT,PARKED MOTOR VEHICLE,NOT DIVIDED,DRY,INJURY AND / OR TOW DUE TO CRASH,,true,"OVER $1,500",UNABLE TO DETERMINE,2,NO INDICATION OF INJURY,0,0,41.7985614705,-87.6843033572,60632,"CHICAGO MIDWAY AIRPORT, IL US",82.0,56.0,41.0,0.0,10.0,8.0
crash_09844,2024-05-09 08:14:00,2024,5,May,Thu,8,Morning commute,30,TRAFFIC SIGNAL,RAIN,DAYLIGHT,REAR END,NOT DIVIDED,WET,NO INJURY / DRIVE AWAY,true,,"OVER $1,500",FOLLOWING TOO CLOSELY,3,NO INDICATION OF INJURY,0,0,41.8384303659,-87.6251918187,60616,"CHICAGO MIDWAY AIRPORT, IL US",57.0,54.0,90.0,0.13,5.0,8.0
crash_09845,2019-12-28 12:28:00,2019,12,Dec,Sat,12,Daytime,30,NO CONTROLS,CLEAR,DAYLIGHT,PARKED MOTOR VEHICLE,DIVIDED - W/MEDIAN (NOT RAISED),DRY,NO INJURY / DRIVE AWAY,,true,"$501 - $1,500",UNABLE TO DETERMINE,2,NO INDICATION OF INJURY,0,0,41.7543957671,-87.7182692877,60652,"CHICAGO MIDWAY AIRPORT, IL US",39.0,32.0,76.0,,7.0,13.0
crash_09846,2019-03-18 16:00:00,2019,3,Mar,Mon,16,Evening commute,30,NO CONTROLS,CLEAR,DAYLIGHT,PARKED MOTOR VEHICLE,ONE-WAY,DRY,NO INJURY / DRIVE AWAY,,true,"$501 - $1,500",UNABLE TO DETERMINE,2,NO INDICATION OF INJURY,0,0,41.9441799581,-87.7477929823,60641,"CHICAGO OHARE INTERNATIONAL AIRPORT, IL US",41.0,23.0,49.0,0.0,10.0,11.0
crash_09847,2019-07-27 16:20:00,2019,7,Jul,Sat,16,Evening commute,30,TRAFFIC SIGNAL,CLEAR,DAYLIGHT,SIDESWIPE SAME DIRECTION,NOT DIVIDED,DRY,NO INJURY / DRIVE AWAY,,,"OVER $1,500",UNABLE TO DETERMINE,2,NO INDICATION OF INJURY,0,0,41.8744997508,-87.624383686,60605,"CHICAGO MIDWAY AIRPORT, IL US",89.0,65.0,45.0,0.0,10.0,18.0
crash_09848,2021-05-01 22:00:00,2021,5,May,Sat,22,Night or early morning,30,NO CONTROLS,CLEAR,DARKNESS,PARKED MOTOR VEHICLE,NOT DIVIDED,DRY,NO INJURY / DRIVE AWAY,,true,"OVER $1,500",UNABLE TO DETERMINE,2,NO INDICATION OF INJURY,0,0,41.7464516536,-87.6781787668,60620,"CHICAGO MIDWAY AIRPORT, IL US",74.0,46.0,37.0,0.0,10.0,11.0