crash_id,crash_datetime,crash_year,crash_month,crash_month_name,crash_weekday_name,crash_hour,time_period,posted_speed_limit_mph,traffic_control_device,reported_weather_condition,reported_lighting_condition,first_crash_type,trafficway_type,reported_road_surface_condition,crash_type,intersection_related,hit_and_run,estimated_damage,primary_contributory_cause,unit_count,most_severe_injury,injuries_total,injuries_fatal,latitude,longitude,zip5,weather_station_name,temperature_f,dew_point_f,relative_humidity_percent,precipitation_inches,visibility_miles,wind_speed_mph
crash_09849,2023-03-30 02:19:00,2023,3,Mar,Thu,2,Night or early morning,30,NO CONTROLS,CLEAR,"DARKNESS, LIGHTED ROAD",PARKED MOTOR VEHICLE,NOT DIVIDED,DRY,INJURY AND / OR TOW DUE TO CRASH,,true,"OVER $1,500",UNABLE TO DETERMINE,4,NO INDICATION OF INJURY,0,0,41.9201332782,-87.7851876065,60639,"CHICAGO OHARE INTERNATIONAL AIRPORT, IL US",30.0,18.0,61.0,0.0,10.0,6.0
crash_09850,2021-06-06 01:00:00,2021,6,Jun,Sun,1,Night or early morning,30,NO CONTROLS,CLEAR,"DARKNESS, LIGHTED ROAD",PARKED MOTOR VEHICLE,DIVIDED - W/MEDIAN (NOT RAISED),DRY,NO INJURY / DRIVE AWAY,,,$500 OR LESS,DRIVING SKILLS/KNOWLEDGE/EXPERIENCE,2,NO INDICATION OF INJURY,0,0,41.7961547556,-87.6502135017,60609,"CHICAGO MIDWAY AIRPORT, IL US",77.0,55.0,47.0,0.0,10.0,11.0
crash_09851,2018-04-11 16:50:00,2018,4,Apr,Wed,16,Evening commute,15,NO CONTROLS,CLEAR,DAYLIGHT,PARKED MOTOR VEHICLE,PARKING LOT,DRY,NO INJURY / DRIVE AWAY,,true,"$501 - $1,500",IMPROPER BACKING,2,NO INDICATION OF INJURY,0,0,41.9171539491,-87.73639149,60639,"CHICAGO MIDWAY AIRPORT, IL US",59.0,37.0,44.0,0.0,9.0,13.0
crash_09852,2024-09-01 23:06:00,2024,9,Sep,Sun,23,Night or early morning,30,UNKNOWN,CLEAR,"DARKNESS, LIGHTED ROAD",SIDESWIPE SAME DIRECTION,ONE-WAY,DRY,NO INJURY / DRIVE AWAY,,true,"OVER $1,500",IMPROPER OVERTAKING/PASSING,2,NO INDICATION OF INJURY,0,0,41.8018105342,-87.6030223199,60615,"CHICAGO MIDWAY AIRPORT, IL US",68.0,53.0,59.0,0.0,10.0,7.0
crash_09853,2025-12-18 10:15:00,2025,12,Dec,Thu,10,Daytime,30,NO CONTROLS,RAIN,DAYLIGHT,REAR END,OTHER,DRY,NO INJURY / DRIVE AWAY,,,"OVER $1,500",FOLLOWING TOO CLOSELY,2,NO INDICATION OF INJURY,0,0,41.8951081058,-87.6218079229,60611,,,,,,,
crash_09854,2021-07-19 19:41:00,2021,7,Jul,Mon,19,Night or early morning,30,TRAFFIC SIGNAL,CLEAR,DAYLIGHT,REAR END,NOT DIVIDED,DRY,NO INJURY / DRIVE AWAY,,true,"OVER $1,500",UNABLE TO DETERMINE,3,NO INDICATION OF INJURY,0,0,41.9536036678,-87.7274689143,60618,"CHICAGO OHARE INTERNATIONAL AIRPORT, IL US",78.0,60.0,54.0,0.0,10.0,5.0
crash_09855,2020-08-01 06:32:00,2020,8,Aug,Sat,6,Morning commute,30,NO CONTROLS,UNKNOWN,UNKNOWN,PARKED MOTOR VEHICLE,DIVIDED - W/MEDIAN (NOT RAISED),DRY,NO INJURY / DRIVE AWAY,,true,"OVER $1,500",UNABLE TO DETERMINE,2,NO INDICATION OF INJURY,0,0,41.7801304042,-87.6595225918,60636,"CHICAGO MIDWAY AIRPORT, IL US",74.0,66.0,76.0,0.0,10.0,3.0
crash_09856,2019-12-18 16:00:00,2019,12,Dec,Wed,16,Evening commute,30,NO CONTROLS,CLEAR,DAYLIGHT,TURNING,NOT DIVIDED,UNKNOWN,NO INJURY / DRIVE AWAY,,,"OVER $1,500",UNABLE TO DETERMINE,2,NO INDICATION OF INJURY,0,0,41.8353362239,-87.665830859,60608,"CHICAGO MIDWAY AIRPORT, IL US",19.0,-7.0,31.0,0.0,10.0,6.0
crash_09857,2021-07-04 02:38:00,2021,7,Jul,Sun,2,Night or early morning,30,TRAFFIC SIGNAL,CLEAR,"DARKNESS, LIGHTED ROAD",REAR END,ONE-WAY,DRY,NO INJURY / DRIVE AWAY,,,"OVER $1,500",DRIVING SKILLS/KNOWLEDGE/EXPERIENCE,2,NO INDICATION OF INJURY,0,0,41.8909921272,-87.6149106692,60611,"CHICAGO MIDWAY AIRPORT, IL US",73.0,61.0,66.0,0.0,10.0,6.0
crash_09858,2025-02-09 09:00:00,2025,2,Feb,Sun,9,Morning commute,30,NO CONTROLS,CLEAR,DAYLIGHT,PARKED MOTOR VEHICLE,ONE-WAY,DRY,NO INJURY / DRIVE AWAY,,true,$500 OR LESS,UNABLE TO DETERMINE,2,NO INDICATION OF INJURY,0,0,41.8971666718,-87.7338174326,60651,"CHICAGO MIDWAY AIRPORT, IL US",24.0,13.0,62.0,0.0,10.0,7.0
crash_09859,2020-04-21 14:45:00,2020,4,Apr,Tue,14,Daytime,45,TRAFFIC SIGNAL,CLEAR,DAYLIGHT,REAR END,NOT DIVIDED,DRY,NO INJURY / DRIVE AWAY,,,"$501 - $1,500",FOLLOWING TOO CLOSELY,2,NO INDICATION OF INJURY,0,0,41.8808560477,-87.6176358918,60603,"CHICAGO MIDWAY AIRPORT, IL US",50.0,13.0,22.0,0.0,10.0,16.0
crash_09860,2021-05-29 14:15:00,2021,5,May,Sat,14,Daytime,30,STOP SIGN/FLASHER,CLEAR,DAYLIGHT,FIXED OBJECT,FOUR WAY,DRY,INJURY AND / OR TOW DUE TO CRASH,,,"OVER $1,500",NOT APPLICABLE,1,NO INDICATION OF INJURY,0,0,41.8585935545,-87.7029371866,60623,"CHICAGO MIDWAY AIRPORT, IL US",59.0,28.0,31.0,0.0,10.0,18.0
crash_09861,2022-01-30 03:00:00,2022,1,Jan,Sun,3,Night or early morning,35,TRAFFIC SIGNAL,UNKNOWN,UNKNOWN,FIXED OBJECT,NOT DIVIDED,UNKNOWN,NO INJURY / DRIVE AWAY,,true,$500 OR LESS,NOT APPLICABLE,2,NO INDICATION OF INJURY,0,0,41.8444939237,-87.714850931,60623,"CHICAGO MIDWAY AIRPORT, IL US",19.0,9.0,65.0,0.0,10.0,3.0
crash_09862,2018-02-25 15:01:00,2018,2,Feb,Sun,15,Evening commute,30,TRAFFIC SIGNAL,CLEAR,DAYLIGHT,REAR END,DIVIDED - W/MEDIAN (NOT RAISED),DRY,NO INJURY / DRIVE AWAY,,,"$501 - $1,500","EVASIVE ACTION DUE TO ANIMAL, OBJECT, NONMOTORIST",2,NO INDICATION OF INJURY,0,0,41.8519838396,-87.6857857042,60608,"CHICAGO MIDWAY AIRPORT, IL US",45.0,24.0,44.0,0.0,10.0,20.0
crash_09863,2021-10-19 16:53:00,2021,10,Oct,Tue,16,Evening commute,30,NO CONTROLS,UNKNOWN,UNKNOWN,REAR TO SIDE,ONE-WAY,UNKNOWN,NO INJURY / DRIVE AWAY,,,"OVER $1,500",UNABLE TO DETERMINE,2,NO INDICATION OF INJURY,0,0,41.9975150842,-87.6872890511,60659,"CHICAGO OHARE INTERNATIONAL AIRPORT, IL US",69.0,43.0,39.0,0.0,10.0,8.0
crash_09864,2022-05-10 20:48:00,2022,5,May,Tue,20,Night or early morning,30,NO CONTROLS,CLEAR,"DARKNESS, LIGHTED ROAD",SIDESWIPE SAME DIRECTION,ONE-WAY,DRY,NO INJURY / DRIVE AWAY,false,,"$501 - $1,500",FAILING TO YIELD RIGHT-OF-WAY,2,NO INDICATION OF INJURY,0,0,41.736364533,-87.6252999684,60620,"CHICAGO MIDWAY AIRPORT, IL US",87.0,68.0,53.0,0.0,10.0,8.0
crash_09865,2024-02-09 16:00:00,2024,2,Feb,Fri,16,Evening commute,30,TRAFFIC SIGNAL,CLEAR,DAYLIGHT,REAR END,NOT DIVIDED,DRY,NO INJURY / DRIVE AWAY,,,"$501 - $1,500",FOLLOWING TOO CLOSELY,2,NO INDICATION OF INJURY,0,0,41.7661952023,-87.562908182,60649,"CHICAGO MIDWAY AIRPORT, IL US",56.0,38.0,51.0,0.0,10.0,15.0
crash_09866,2021-03-02 09:05:00,2021,3,Mar,Tue,9,Morning commute,35,NO CONTROLS,CLEAR,DAYLIGHT,SIDESWIPE SAME DIRECTION,NOT DIVIDED,DRY,NO INJURY / DRIVE AWAY,,,$500 OR LESS,UNABLE TO DETERMINE,2,NO INDICATION OF INJURY,0,0,42.0052691205,-87.661031287,60626,"CHICAGO OHARE INTERNATIONAL AIRPORT, IL US",30.0,12.0,47.0,0.0,10.0,13.0
crash_09867,2025-03-16 22:25:00,2025,3,Mar,Sun,22,Night or early morning,30,STOP SIGN/FLASHER,CLEAR,"DARKNESS, LIGHTED ROAD",ANGLE,FOUR WAY,DRY,NO INJURY / DRIVE AWAY,true,true,"OVER $1,500",FAILING TO REDUCE SPEED TO AVOID CRASH,2,NO INDICATION OF INJURY,0,0,41.8691489481,-87.6715616933,60612,"CHICAGO MIDWAY AIRPORT, IL US",30.0,22.0,72.0,0.0,10.0,7.0
crash_09868,2023-05-09 09:45:00,2023,5,May,Tue,9,Morning commute,30,TRAFFIC SIGNAL,CLEAR,DAYLIGHT,REAR END,DIVIDED - W/MEDIAN (NOT RAISED),DRY,NO INJURY / DRIVE AWAY,,,"OVER $1,500",UNABLE TO DETERMINE,2,NO INDICATION OF INJURY,0,0,41.9684218869,-87.6987218465,60625,"CHICAGO OHARE INTERNATIONAL AIRPORT, IL US",62.0,47.0,58.0,0.0,10.0,9.0
crash_09869,2020-05-06 13:40:00,2020,5,May,Wed,13,Daytime,30,NO CONTROLS,CLEAR,DAYLIGHT,REAR TO FRONT,NOT DIVIDED,DRY,NO INJURY / DRIVE AWAY,false,,"$501 - $1,500",IMPROPER BACKING,2,NO INDICATION OF INJURY,0,0,41.8965030731,-87.6475831096,60610,"CHICAGO MIDWAY AIRPORT, IL US",59.0,24.0,26.0,0.0,10.0,7.0
crash_09870,2019-03-07 11:26:00,2019,3,Mar,Thu,11,Daytime,15,NO CONTROLS,CLEAR,DAYLIGHT,PEDESTRIAN,OTHER,DRY,INJURY AND / OR TOW DUE TO CRASH,,,$500 OR LESS,UNABLE TO DETERMINE,2,"REPORTED, NOT EVIDENT",1,0,41.9006523062,-87.6341924046,60610,"CHICAGO MIDWAY AIRPORT, IL US",25.0,13.0,60.0,,10.0,0.0
crash_09871,2024-03-27 18:39:00,2024,3,Mar,Wed,18,Evening commute,30,TRAFFIC SIGNAL,CLEAR,DAYLIGHT,ANGLE,FOUR WAY,DRY,INJURY AND / OR TOW DUE TO CRASH,true,,"OVER $1,500",DISREGARDING TRAFFIC SIGNALS,2,NO INDICATION OF INJURY,0,0,41.8235667404,-87.6460521714,60609,"CHICAGO MIDWAY AIRPORT, IL US",41.0,22.0,47.0,0.0,10.0,15.0
crash_09872,2021-02-28 21:30:00,2021,2,Feb,Sun,21,Night or early morning,35,TRAFFIC SIGNAL,CLEAR,DAYLIGHT,REAR END,DIVIDED - W/MEDIAN (NOT RAISED),DRY,NO INJURY / DRIVE AWAY,true,,"OVER $1,500",FOLLOWING TOO CLOSELY,2,NO INDICATION OF INJURY,0,0,41.7504751929,-87.64903192,60620,"CHICAGO MIDWAY AIRPORT, IL US",37.0,28.0,70.0,0.0,10.0,10.0
crash_09873,2021-01-28 01:44:00,2021,1,Jan,Thu,1,Night or early morning,30,TRAFFIC SIGNAL,OTHER,"DARKNESS, LIGHTED ROAD",ANGLE,FOUR WAY,ICE,INJURY AND / OR TOW DUE TO CRASH,true,,"OVER $1,500",UNABLE TO DETERMINE,2,NO INDICATION OF INJURY,0,0,41.7681821402,-87.6834850728,60629,"CHICAGO MIDWAY AIRPORT, IL US",16.0,5.0,62.0,0.0,10.0,10.0
crash_09874,2020-12-11 17:54:00,2020,12,Dec,Fri,17,Evening commute,35,NO CONTROLS,RAIN,"DARKNESS, LIGHTED ROAD",TURNING,NOT DIVIDED,WET,INJURY AND / OR TOW DUE TO CRASH,,,"OVER $1,500",WEATHER,2,NO INDICATION OF INJURY,0,0,41.8687766832,-87.7446956198,60644,"CHICAGO MIDWAY AIRPORT, IL US",42.0,38.0,85.0,0.04,4.0,16.0
crash_09875,2025-08-21 09:40:00,2025,8,Aug,Thu,9,Morning commute,30,TRAFFIC SIGNAL,CLEAR,DAYLIGHT,REAR END,NOT DIVIDED,DRY,NO INJURY / DRIVE AWAY,,,"OVER $1,500",UNABLE TO DETERMINE,2,NO INDICATION OF INJURY,0,0,41.84440733,-87.7050998494,60623,"CHICAGO MIDWAY AIRPORT, IL US",73.0,61.0,66.0,0.0,10.0,14.0
crash_09876,2018-01-25 08:00:00,2018,1,Jan,Thu,8,Morning commute,30,TRAFFIC SIGNAL,CLEAR,DAYLIGHT,SIDESWIPE SAME DIRECTION,NOT DIVIDED,DRY,NO INJURY / DRIVE AWAY,,,"$501 - $1,500",IMPROPER LANE USAGE,2,NO INDICATION OF INJURY,0,0,41.9380844682,-87.8068967489,60634,"CHICAGO OHARE INTERNATIONAL AIRPORT, IL US",27.0,22.0,81.0,0.0,8.0,11.0
crash_09877,2022-10-24 19:22:00,2022,10,Oct,Mon,19,Night or early morning,25,TRAFFIC SIGNAL,CLEAR,"DARKNESS, LIGHTED ROAD",SIDESWIPE SAME DIRECTION,NOT DIVIDED,DRY,NO INJURY / DRIVE AWAY,,,"$501 - $1,500",IMPROPER OVERTAKING/PASSING,2,NO INDICATION OF INJURY,0,0,41.8116299585,-87.723873385,60632,"CHICAGO MIDWAY AIRPORT, IL US",76.0,53.0,45.0,0.0,10.0,22.0
crash_09878,2018-06-04 17:32:00,2018,6,Jun,Mon,17,Evening commute,30,STOP SIGN/FLASHER,CLEAR,DAYLIGHT,ANGLE,NOT DIVIDED,DRY,INJURY AND / OR TOW DUE TO CRASH,true,,"OVER $1,500",FAILING TO YIELD RIGHT-OF-WAY,2,NO INDICATION OF INJURY,0,0,41.731809341,-87.5514418225,60617,"CHICAGO MIDWAY AIRPORT, IL US",80.0,49.0,34.0,0.0,10.0,13.0
crash_09879,2023-04-06 19:45:00,2023,4,Apr,Thu,19,Night or early morning,30,NO CONTROLS,CLEAR,"DARKNESS, LIGHTED ROAD",REAR END,DIVIDED - W/MEDIAN (NOT RAISED),DRY,INJURY AND / OR TOW DUE TO CRASH,,,"OVER $1,500",EQUIPMENT - VEHICLE CONDITION,2,NO INDICATION OF INJURY,0,0,41.9615861818,-87.6772492254,60640,"CHICAGO MIDWAY AIRPORT, IL US",48.0,24.0,39.0,0.0,10.0,10.0
crash_09880,2019-04-04 16:45:00,2019,4,Apr,Thu,16,Evening commute,30,NO CONTROLS,CLEAR,DAYLIGHT,SIDESWIPE SAME DIRECTION,DIVIDED - W/MEDIAN (NOT RAISED),DRY,NO INJURY / DRIVE AWAY,,true,$500 OR LESS,UNABLE TO DETERMINE,2,NO INDICATION OF INJURY,0,0,41.7442361867,-87.7020926284,60652,"CHICAGO MIDWAY AIRPORT, IL US",45.0,42.0,90.0,0.0,5.0,14.0
crash_09881,2020-09-01 07:25:00,2020,9,Sep,Tue,7,Morning commute,20,TRAFFIC SIGNAL,CLOUDY/OVERCAST,DAYLIGHT,TURNING,FOUR WAY,DRY,NO INJURY / DRIVE AWAY,true,,"OVER $1,500",DRIVING SKILLS/KNOWLEDGE/EXPERIENCE,2,NO INDICATION OF INJURY,0,0,41.8185375557,-87.723835229,60632,"CHICAGO MIDWAY AIRPORT, IL US",71.0,62.0,73.0,0.0,10.0,8.0
crash_09882,2020-05-25 12:00:00,2020,5,May,Mon,12,Daytime,30,TRAFFIC SIGNAL,CLEAR,DAYLIGHT,TURNING,DIVIDED - W/MEDIAN (NOT RAISED),DRY,INJURY AND / OR TOW DUE TO CRASH,,,"OVER $1,500",NOT APPLICABLE,2,NO INDICATION OF INJURY,0,0,41.9468248791,-87.6932129127,60618,"CHICAGO MIDWAY AIRPORT, IL US",83.0,63.0,51.0,0.0,10.0,6.0
crash_09883,2022-07-19 15:17:00,2022,7,Jul,Tue,15,Evening commute,30,STOP SIGN/FLASHER,CLEAR,DAYLIGHT,REAR END,T-INTERSECTION,DRY,INJURY AND / OR TOW DUE TO CRASH,true,true,"OVER $1,500",NOT APPLICABLE,2,"REPORTED, NOT EVIDENT",1,0,41.7387371407,-87.6413224345,60620,"CHICAGO MIDWAY AIRPORT, IL US",89.0,65.0,45.0,0.0,10.0,11.0
crash_09884,2024-04-27 05:07:00,2024,4,Apr,Sat,5,Night or early morning,30,TRAFFIC SIGNAL,RAIN,"DARKNESS, LIGHTED ROAD",TURNING,NOT DIVIDED,WET,INJURY AND / OR TOW DUE TO CRASH,,,"OVER $1,500",IMPROPER TURNING/NO SIGNAL,2,NO INDICATION OF INJURY,0,0,41.8375827578,-87.6755906266,60608,"CHICAGO MIDWAY AIRPORT, IL US",63.0,58.0,84.0,0.0,10.0,13.0
crash_09885,2018-03-11 15:07:00,2018,3,Mar,Sun,15,Evening commute,30,TRAFFIC SIGNAL,CLEAR,DAYLIGHT,SIDESWIPE SAME DIRECTION,ONE-WAY,DRY,NO INJURY / DRIVE AWAY,,,"$501 - $1,500",IMPROPER OVERTAKING/PASSING,2,NO INDICATION OF INJURY,0,0,41.9181018411,-87.7851283774,60639,"CHICAGO OHARE INTERNATIONAL AIRPORT, IL US",39.0,18.0,43.0,0.0,10.0,16.0
crash_09886,2018-08-08 16:10:00,2018,8,Aug,Wed,16,Evening commute,30,NO CONTROLS,CLEAR,DAYLIGHT,PARKED MOTOR VEHICLE,DIVIDED - W/MEDIAN (NOT RAISED),DRY,NO INJURY / DRIVE AWAY,,,$500 OR LESS,DISREGARDING ROAD MARKINGS,2,NO INDICATION OF INJURY,0,0,41.8796517828,-87.6309733872,60603,"CHICAGO MIDWAY AIRPORT, IL US",81.0,66.0,61.0,0.0,10.0,8.0
crash_09887,2025-04-25 10:47:00,2025,4,Apr,Fri,10,Daytime,40,NO CONTROLS,CLEAR,DAYLIGHT,SIDESWIPE SAME DIRECTION,DIVIDED - W/MEDIAN BARRIER,DRY,INJURY AND / OR TOW DUE TO CRASH,,,"OVER $1,500",FAILING TO REDUCE SPEED TO AVOID CRASH,3,NO INDICATION OF INJURY,0,0,41.9261607198,-87.6315146648,60614,"CHICAGO MIDWAY AIRPORT, IL US",60.0,44.0,56.0,0.0,10.0,6.0
crash_09888,2019-10-26 02:15:00,2019,10,Oct,Sat,2,Night or early morning,35,NO CONTROLS,CLEAR,"DARKNESS, LIGHTED ROAD",PARKED MOTOR VEHICLE,NOT DIVIDED,DRY,INJURY AND / OR TOW DUE TO CRASH,,,"OVER $1,500",ANIMAL,2,NONINCAPACITATING INJURY,2,0,41.9521948503,-87.8349123058,60634,"CHICAGO OHARE INTERNATIONAL AIRPORT, IL US",37.0,33.0,86.0,0.0,10.0,3.0
crash_09889,2019-03-28 13:30:00,2019,3,Mar,Thu,13,Daytime,30,TRAFFIC SIGNAL,CLEAR,DAYLIGHT,REAR END,NOT DIVIDED,DRY,INJURY AND / OR TOW DUE TO CRASH,,,"OVER $1,500",FAILING TO REDUCE SPEED TO AVOID CRASH,2,NO INDICATION OF INJURY,0,0,41.7397895629,-87.6047650152,60619,"CHICAGO MIDWAY AIRPORT, IL US",62.0,44.0,52.0,0.0,10.0,7.0
crash_09890,2025-09-04 17:30:00,2025,9,Sep,Thu,17,Evening commute,30,TRAFFIC SIGNAL,CLEAR,DAYLIGHT,TURNING,NOT DIVIDED,DRY,NO INJURY / DRIVE AWAY,,,"OVER $1,500",FOLLOWING TOO CLOSELY,2,NO INDICATION OF INJURY,0,0,41.7135698994,-87.681985722,60655,,,,,,,
crash_09891,2023-12-04 11:00:00,2023,12,Dec,Mon,11,Daytime,20,NO CONTROLS,CLEAR,DAYLIGHT,PARKED MOTOR VEHICLE,PARKING LOT,DRY,NO INJURY / DRIVE AWAY,,true,"OVER $1,500",UNABLE TO DETERMINE,2,NO INDICATION OF INJURY,0,0,41.8968148303,-87.6842777291,60622,"CHICAGO MIDWAY AIRPORT, IL US",40.0,30.0,68.0,0.0,10.0,8.0
crash_09892,2019-07-09 21:00:00,2019,7,Jul,Tue,21,Night or early morning,35,STOP SIGN/FLASHER,CLEAR,DAYLIGHT,SIDESWIPE SAME DIRECTION,NOT DIVIDED,DRY,NO INJURY / DRIVE AWAY,true,,"OVER $1,500",IMPROPER OVERTAKING/PASSING,2,NO INDICATION OF INJURY,0,0,41.8931839222,-87.637227397,60654,"CHICAGO MIDWAY AIRPORT, IL US",81.0,63.0,54.0,0.0,9.0,8.0
crash_09893,2019-06-24 13:20:00,2019,6,Jun,Mon,13,Daytime,20,STOP SIGN/FLASHER,RAIN,DAYLIGHT,PEDESTRIAN,ONE-WAY,WET,INJURY AND / OR TOW DUE TO CRASH,true,,$500 OR LESS,FAILING TO YIELD RIGHT-OF-WAY,2,NONINCAPACITATING INJURY,1,0,41.9801276688,-87.839195037,60656,"CHICAGO OHARE INTERNATIONAL AIRPORT, IL US",71.0,67.0,87.0,0.01,10.0,8.0
crash_09894,2024-04-23 15:55:00,2024,4,Apr,Tue,15,Evening commute,30,TRAFFIC SIGNAL,CLEAR,DAYLIGHT,TURNING,FOUR WAY,DRY,NO INJURY / DRIVE AWAY,true,,"OVER $1,500",FAILING TO YIELD RIGHT-OF-WAY,2,NO INDICATION OF INJURY,0,0,41.8693195024,-87.666609962,60612,"CHICAGO MIDWAY AIRPORT, IL US",63.0,49.0,60.0,0.0,10.0,15.0
crash_09895,2019-03-23 21:46:00,2019,3,Mar,Sat,21,Night or early morning,35,NO CONTROLS,CLEAR,"DARKNESS, LIGHTED ROAD",REAR END,NOT DIVIDED,WET,INJURY AND / OR TOW DUE TO CRASH,,,$500 OR LESS,FAILING TO REDUCE SPEED TO AVOID CRASH,2,NONINCAPACITATING INJURY,1,0,41.9533008119,-87.7475705386,60641,"CHICAGO OHARE INTERNATIONAL AIRPORT, IL US",43.0,27.0,53.0,0.0,10.0,6.0
crash_09896,2018-01-11 10:30:00,2018,1,Jan,Thu,10,Daytime,30,TRAFFIC SIGNAL,RAIN,DAYLIGHT,TURNING,NOT DIVIDED,WET,NO INJURY / DRIVE AWAY,,true,"OVER $1,500",DRIVING SKILLS/KNOWLEDGE/EXPERIENCE,2,NO INDICATION OF INJURY,0,0,41.6929438328,-87.6044124434,60628,"CHICAGO MIDWAY AIRPORT, IL US",59.0,57.0,93.0,0.0,10.0,20.0
crash_09897,2018-06-05 23:20:00,2018,6,Jun,Tue,23,Night or early morning,40,NO CONTROLS,CLEAR,DARKNESS,FIXED OBJECT,DIVIDED - W/MEDIAN (NOT RAISED),DRY,INJURY AND / OR TOW DUE TO CRASH,,,"OVER $1,500",PHYSICAL CONDITION OF DRIVER,1,NO INDICATION OF INJURY,0,0,41.9518670203,-87.6451684007,60613,"CHICAGO MIDWAY AIRPORT, IL US",58.0,39.0,50.0,0.0,10.0,11.0
crash_09898,2024-10-22 06:05:00,2024,10,Oct,Tue,6,Morning commute,15,NO CONTROLS,CLEAR,"DARKNESS, LIGHTED ROAD",ANGLE,ALLEY,DRY,NO INJURY / DRIVE AWAY,,,"$501 - $1,500","VISION OBSCURED (SIGNS, TREE LIMBS, BUILDINGS, ETC.)",2,NO INDICATION OF INJURY,0,0,41.9662422798,-87.7376371833,60630,"CHICAGO OHARE INTERNATIONAL AIRPORT, IL US",57.0,41.0,55.0,0.0,10.0,8.0
crash_09899,2023-04-29 13:55:00,2023,4,Apr,Sat,13,Daytime,35,NO CONTROLS,CLOUDY/OVERCAST,DAYLIGHT,ANGLE,FOUR WAY,DRY,NO INJURY / DRIVE AWAY,true,true,"OVER $1,500",UNABLE TO DETERMINE,2,NO INDICATION OF INJURY,0,0,41.7044653554,-87.6814154543,60643,"CHICAGO MIDWAY AIRPORT, IL US",50.0,46.0,86.0,0.03,10.0,8.0
crash_09900,2018-12-13 08:10:00,2018,12,Dec,Thu,8,Morning commute,30,TRAFFIC SIGNAL,CLEAR,DAYLIGHT,TURNING,NOT DIVIDED,DRY,NO INJURY / DRIVE AWAY,,true,"$501 - $1,500",FOLLOWING TOO CLOSELY,2,NO INDICATION OF INJURY,0,0,41.8373442085,-87.7047667086,60623,"CHICAGO MIDWAY AIRPORT, IL US",30.0,25.0,82.0,0.0,6.0,5.0
crash_09901,2024-11-01 17:50:00,2024,11,Nov,Fri,17,Evening commute,15,NO CONTROLS,CLEAR,DAYLIGHT,REAR TO SIDE,PARKING LOT,UNKNOWN,NO INJURY / DRIVE AWAY,,,"OVER $1,500",IMPROPER BACKING,2,NO INDICATION OF INJURY,0,0,41.79799187,-87.7234437408,60632,"CHICAGO MIDWAY AIRPORT, IL US",49.0,35.0,59.0,0.0,10.0,7.0
crash_09902,2025-11-11 14:16:00,2025,11,Nov,Tue,14,Daytime,30,NO CONTROLS,CLEAR,DAYLIGHT,SIDESWIPE SAME DIRECTION,ONE-WAY,DRY,INJURY AND / OR TOW DUE TO CRASH,,true,"OVER $1,500",UNABLE TO DETERMINE,2,NO INDICATION OF INJURY,0,0,41.7863725638,-87.632070582,60621,,,,,,,
crash_09903,2024-01-22 01:35:00,2024,1,Jan,Mon,1,Night or early morning,30,NO CONTROLS,FREEZING RAIN/DRIZZLE,DAYLIGHT,REAR END,NOT DIVIDED,WET,INJURY AND / OR TOW DUE TO CRASH,true,,"OVER $1,500",UNABLE TO DETERMINE,2,NO INDICATION OF INJURY,0,0,41.8813973293,-87.6635475693,60607,"CHICAGO MIDWAY AIRPORT, IL US",24.0,12.0,60.0,0.0,10.0,14.0
crash_09904,2024-09-01 10:42:00,2024,9,Sep,Sun,10,Daytime,20,NO CONTROLS,CLEAR,DAYLIGHT,PARKED MOTOR VEHICLE,ONE-WAY,DRY,INJURY AND / OR TOW DUE TO CRASH,,true,$500 OR LESS,DRIVING ON WRONG SIDE/WRONG WAY,3,NONINCAPACITATING INJURY,1,0,41.9085134485,-87.6962711332,60622,"CHICAGO MIDWAY AIRPORT, IL US",76.0,57.0,52.0,0.0,10.0,16.0
crash_09905,2021-01-19 00:39:00,2021,1,Jan,Tue,0,Night or early morning,30,NO CONTROLS,CLEAR,"DARKNESS, LIGHTED ROAD",PARKED MOTOR VEHICLE,NOT DIVIDED,DRY,INJURY AND / OR TOW DUE TO CRASH,,,"OVER $1,500",UNABLE TO DETERMINE,2,NO INDICATION OF INJURY,0,0,41.715543626,-87.5351298566,60617,"CHICAGO MIDWAY AIRPORT, IL US",24.0,15.0,68.0,0.0,10.0,7.0
crash_09906,2023-08-27 16:30:00,2023,8,Aug,Sun,16,Evening commute,30,NO CONTROLS,CLEAR,DAYLIGHT,SIDESWIPE SAME DIRECTION,NOT DIVIDED,DRY,INJURY AND / OR TOW DUE TO CRASH,,,"OVER $1,500",UNABLE TO DETERMINE,2,"REPORTED, NOT EVIDENT",1,0,41.8860852288,-87.734748163,60624,"CHICAGO MIDWAY AIRPORT, IL US",74.0,53.0,48.0,0.0,10.0,11.0
crash_09907,2021-08-04 06:47:00,2021,8,Aug,Wed,6,Morning commute,30,TRAFFIC SIGNAL,CLEAR,"DARKNESS, LIGHTED ROAD",TURNING,DIVIDED - W/MEDIAN BARRIER,UNKNOWN,INJURY AND / OR TOW DUE TO CRASH,true,,"OVER $1,500",FAILING TO REDUCE SPEED TO AVOID CRASH,2,INCAPACITATING INJURY,3,0,41.8880820673,-87.6205011708,60601,"CHICAGO MIDWAY AIRPORT, IL US",65.0,55.0,70.0,0.0,10.0,0.0
crash_09908,2019-01-12 10:00:00,2019,1,Jan,Sat,10,Daytime,30,NO CONTROLS,SNOW,DAYLIGHT,TURNING,PARKING LOT,WET,NO INJURY / DRIVE AWAY,,true,$500 OR LESS,UNABLE TO DETERMINE,2,NO INDICATION OF INJURY,0,0,41.8089711821,-87.6462641404,60609,"CHICAGO MIDWAY AIRPORT, IL US",30.0,28.0,92.0,0.01,0.75,8.0