crash_id,crash_datetime,crash_year,crash_month,crash_month_name,crash_weekday_name,crash_hour,time_period,posted_speed_limit_mph,traffic_control_device,reported_weather_condition,reported_lighting_condition,first_crash_type,trafficway_type,reported_road_surface_condition,crash_type,intersection_related,hit_and_run,estimated_damage,primary_contributory_cause,unit_count,most_severe_injury,injuries_total,injuries_fatal,latitude,longitude,zip5,weather_station_name,temperature_f,dew_point_f,relative_humidity_percent,precipitation_inches,visibility_miles,wind_speed_mph
crash_09909,2019-03-19 13:00:00,2019,3,Mar,Tue,13,Daytime,25,NO CONTROLS,CLEAR,DAYLIGHT,PEDALCYCLIST,ONE-WAY,DRY,INJURY AND / OR TOW DUE TO CRASH,,true,$500 OR LESS,IMPROPER OVERTAKING/PASSING,2,"REPORTED, NOT EVIDENT",1,0,41.7200252006,-87.553654969,60617,"CHICAGO MIDWAY AIRPORT, IL US",47.0,21.0,36.0,0.0,10.0,13.0
crash_09910,2019-02-09 11:25:00,2019,2,Feb,Sat,11,Daytime,35,TRAFFIC SIGNAL,CLEAR,DAYLIGHT,REAR END,NOT DIVIDED,DRY,NO INJURY / DRIVE AWAY,,true,$500 OR LESS,FOLLOWING TOO CLOSELY,2,NO INDICATION OF INJURY,0,0,41.735055237,-87.7163795543,60652,"CHICAGO MIDWAY AIRPORT, IL US",20.0,7.0,57.0,0.0,10.0,5.0
crash_09911,2022-12-25 15:00:00,2022,12,Dec,Sun,15,Evening commute,30,STOP SIGN/FLASHER,SNOW,DAYLIGHT,TURNING,CENTER TURN LANE,UNKNOWN,NO INJURY / DRIVE AWAY,true,,"OVER $1,500",IMPROPER TURNING/NO SIGNAL,2,NO INDICATION OF INJURY,0,0,41.7617178043,-87.6414809624,60621,"CHICAGO MIDWAY AIRPORT, IL US",13.0,2.0,61.0,0.0,10.0,15.0
crash_09912,2020-09-26 12:30:00,2020,9,Sep,Sat,12,Daytime,20,NO CONTROLS,CLEAR,DAYLIGHT,PARKED MOTOR VEHICLE,ONE-WAY,DRY,NO INJURY / DRIVE AWAY,,true,"OVER $1,500",UNABLE TO DETERMINE,2,NO INDICATION OF INJURY,0,0,41.9425717887,-87.6513104686,60657,"CHICAGO MIDWAY AIRPORT, IL US",68.0,61.0,78.0,0.0,8.0,17.0
crash_09913,2025-08-23 10:49:00,2025,8,Aug,Sat,10,Daytime,30,TRAFFIC SIGNAL,CLEAR,DAYLIGHT,TURNING,"FIVE POINT, OR MORE",DRY,INJURY AND / OR TOW DUE TO CRASH,true,,"OVER $1,500",FAILING TO YIELD RIGHT-OF-WAY,2,NO INDICATION OF INJURY,0,0,42.0119723009,-87.7089476988,60645,"CHICAGO OHARE INTERNATIONAL AIRPORT, IL US",79.0,63.0,58.0,0.0,10.0,9.0
crash_09914,2020-08-04 20:56:00,2020,8,Aug,Tue,20,Night or early morning,30,NO CONTROLS,CLEAR,"DARKNESS, LIGHTED ROAD",TURNING,NOT DIVIDED,DRY,NO INJURY / DRIVE AWAY,true,,"OVER $1,500",FAILING TO YIELD RIGHT-OF-WAY,2,NO INDICATION OF INJURY,0,0,41.7861964179,-87.6997480957,60629,"CHICAGO MIDWAY AIRPORT, IL US",67.0,48.0,51.0,0.0,10.0,6.0
crash_09915,2024-03-01 14:18:00,2024,3,Mar,Fri,14,Daytime,30,STOP SIGN/FLASHER,CLOUDY/OVERCAST,DAYLIGHT,SIDESWIPE OPPOSITE DIRECTION,ONE-WAY,DRY,NO INJURY / DRIVE AWAY,true,true,$500 OR LESS,DRIVING SKILLS/KNOWLEDGE/EXPERIENCE,2,NO INDICATION OF INJURY,0,0,41.7292691602,-87.607215823,60619,"CHICAGO MIDWAY AIRPORT, IL US",44.0,19.0,37.0,0.0,10.0,6.0
crash_09916,2023-09-08 14:00:00,2023,9,Sep,Fri,14,Daytime,35,NO CONTROLS,CLEAR,DAYLIGHT,REAR END,NOT DIVIDED,DRY,NO INJURY / DRIVE AWAY,,,"OVER $1,500",DRIVING SKILLS/KNOWLEDGE/EXPERIENCE,2,NO INDICATION OF INJURY,0,0,41.7715373153,-87.7191675322,60629,"CHICAGO MIDWAY AIRPORT, IL US",68.0,57.0,68.0,0.0,10.0,15.0
crash_09917,2024-09-22 17:19:00,2024,9,Sep,Sun,17,Evening commute,30,TRAFFIC SIGNAL,RAIN,DAYLIGHT,TURNING,DIVIDED - W/MEDIAN (NOT RAISED),WET,INJURY AND / OR TOW DUE TO CRASH,true,,"OVER $1,500",UNDER THE INFLUENCE OF ALCOHOL/DRUGS (USE WHEN ARREST IS EFFECTED),2,NONINCAPACITATING INJURY,1,0,41.8960189604,-87.6771786155,60622,"CHICAGO MIDWAY AIRPORT, IL US",72.0,67.0,84.0,,10.0,6.0
crash_09918,2022-09-29 18:40:00,2022,9,Sep,Thu,18,Evening commute,30,NO CONTROLS,CLEAR,DUSK,HEAD ON,ALLEY,DRY,NO INJURY / DRIVE AWAY,,true,"$501 - $1,500",FAILING TO YIELD RIGHT-OF-WAY,2,NO INDICATION OF INJURY,0,0,41.8659199154,-87.7042855012,60623,"CHICAGO MIDWAY AIRPORT, IL US",59.0,45.0,60.0,0.0,10.0,8.0
crash_09919,2024-06-20 10:19:00,2024,6,Jun,Thu,10,Daytime,35,NO CONTROLS,CLEAR,DAYLIGHT,SIDESWIPE SAME DIRECTION,DIVIDED - W/MEDIAN (NOT RAISED),DRY,INJURY AND / OR TOW DUE TO CRASH,,,"OVER $1,500","VISION OBSCURED (SIGNS, TREE LIMBS, BUILDINGS, ETC.)",2,NONINCAPACITATING INJURY,1,0,41.8012514037,-87.6850355316,60632,"CHICAGO MIDWAY AIRPORT, IL US",81.0,66.0,61.0,0.0,10.0,5.0
crash_09920,2022-07-17 14:25:00,2022,7,Jul,Sun,14,Daytime,30,STOP SIGN/FLASHER,CLEAR,DAYLIGHT,ANGLE,FOUR WAY,DRY,INJURY AND / OR TOW DUE TO CRASH,true,,"OVER $1,500",UNABLE TO DETERMINE,2,NONINCAPACITATING INJURY,2,0,41.9177138555,-87.68510792,60647,"CHICAGO MIDWAY AIRPORT, IL US",74.0,68.0,82.0,,6.0,9.0
crash_09921,2019-12-16 19:30:00,2019,12,Dec,Mon,19,Night or early morning,30,UNKNOWN,UNKNOWN,UNKNOWN,PARKED MOTOR VEHICLE,ONE-WAY,UNKNOWN,NO INJURY / DRIVE AWAY,,true,"OVER $1,500",UNABLE TO DETERMINE,2,NO INDICATION OF INJURY,0,0,41.9959787902,-87.692877511,60659,"CHICAGO OHARE INTERNATIONAL AIRPORT, IL US",29.0,21.0,72.0,0.0,10.0,6.0
crash_09922,2022-12-30 21:42:00,2022,12,Dec,Fri,21,Night or early morning,30,NO CONTROLS,CLEAR,"DARKNESS, LIGHTED ROAD",SIDESWIPE SAME DIRECTION,OTHER,DRY,NO INJURY / DRIVE AWAY,,true,"OVER $1,500",FOLLOWING TOO CLOSELY,4,NO INDICATION OF INJURY,0,0,41.7682250225,-87.6216171043,60637,"CHICAGO MIDWAY AIRPORT, IL US",33.0,28.0,82.0,0.0,10.0,7.0
crash_09923,2018-10-27 18:30:00,2018,10,Oct,Sat,18,Evening commute,30,NO CONTROLS,UNKNOWN,UNKNOWN,TURNING,NOT DIVIDED,UNKNOWN,NO INJURY / DRIVE AWAY,,,$500 OR LESS,FAILING TO REDUCE SPEED TO AVOID CRASH,2,NO INDICATION OF INJURY,0,0,41.9101828735,-87.7363135226,60639,"CHICAGO MIDWAY AIRPORT, IL US",49.0,42.0,77.0,0.01,9.0,3.0
crash_09924,2024-08-02 07:15:00,2024,8,Aug,Fri,7,Morning commute,30,TRAFFIC SIGNAL,CLOUDY/OVERCAST,DAYLIGHT,ANGLE,FOUR WAY,WET,INJURY AND / OR TOW DUE TO CRASH,true,,"OVER $1,500",DISREGARDING TRAFFIC SIGNALS,2,NO INDICATION OF INJURY,0,0,41.7940254586,-87.6743635083,60609,"CHICAGO MIDWAY AIRPORT, IL US",72.0,69.0,91.0,0.0,9.0,7.0
crash_09925,2018-10-23 12:45:00,2018,10,Oct,Tue,12,Daytime,30,NO CONTROLS,CLEAR,DAYLIGHT,SIDESWIPE SAME DIRECTION,NOT DIVIDED,DRY,NO INJURY / DRIVE AWAY,,,"$501 - $1,500",UNABLE TO DETERMINE,2,NO INDICATION OF INJURY,0,0,41.9104081905,-87.6345400917,60610,"CHICAGO MIDWAY AIRPORT, IL US",53.0,33.0,47.0,0.0,10.0,5.0
crash_09926,2018-08-10 13:01:00,2018,8,Aug,Fri,13,Daytime,30,NO CONTROLS,CLEAR,DAYLIGHT,SIDESWIPE SAME DIRECTION,DIVIDED - W/MEDIAN (NOT RAISED),DRY,NO INJURY / DRIVE AWAY,,,"OVER $1,500",IMPROPER OVERTAKING/PASSING,2,NO INDICATION OF INJURY,0,0,41.8426954783,-87.655509217,60608,"CHICAGO MIDWAY AIRPORT, IL US",83.0,70.0,65.0,0.0,10.0,13.0
crash_09927,2018-05-12 10:30:00,2018,5,May,Sat,10,Daytime,30,NO CONTROLS,CLOUDY/OVERCAST,DAYLIGHT,PARKED MOTOR VEHICLE,NOT DIVIDED,DRY,NO INJURY / DRIVE AWAY,,,"$501 - $1,500",IMPROPER BACKING,2,NO INDICATION OF INJURY,0,0,41.8764765461,-87.6528134058,60607,"CHICAGO MIDWAY AIRPORT, IL US",50.0,46.0,86.0,,7.0,9.0
crash_09928,2019-07-01 08:00:00,2019,7,Jul,Mon,8,Morning commute,25,NO CONTROLS,CLEAR,DAYLIGHT,ANGLE,DRIVEWAY,DRY,NO INJURY / DRIVE AWAY,,,"OVER $1,500",UNABLE TO DETERMINE,2,NO INDICATION OF INJURY,0,0,41.9392533447,-87.702785233,60618,"CHICAGO MIDWAY AIRPORT, IL US",76.0,67.0,74.0,0.0,10.0,8.0
crash_09929,2023-10-10 08:09:00,2023,10,Oct,Tue,8,Morning commute,35,NO CONTROLS,CLEAR,DAYLIGHT,PARKED MOTOR VEHICLE,NOT DIVIDED,DRY,INJURY AND / OR TOW DUE TO CRASH,,true,"$501 - $1,500",UNABLE TO DETERMINE,2,NONINCAPACITATING INJURY,1,0,41.9448810738,-87.7128050888,60618,"CHICAGO OHARE INTERNATIONAL AIRPORT, IL US",43.0,32.0,65.0,0.0,10.0,6.0
crash_09930,2021-11-24 14:50:00,2021,11,Nov,Wed,14,Daytime,30,TRAFFIC SIGNAL,CLEAR,DAYLIGHT,TURNING,DIVIDED - W/MEDIAN (NOT RAISED),DRY,NO INJURY / DRIVE AWAY,,,"OVER $1,500",UNABLE TO DETERMINE,2,NO INDICATION OF INJURY,0,0,41.8232207071,-87.6751544847,60609,"CHICAGO MIDWAY AIRPORT, IL US",53.0,33.0,47.0,0.0,10.0,20.0
crash_09931,2024-10-17 19:34:00,2024,10,Oct,Thu,19,Night or early morning,30,NO CONTROLS,CLEAR,"DARKNESS, LIGHTED ROAD",REAR END,NOT DIVIDED,DRY,INJURY AND / OR TOW DUE TO CRASH,,,"OVER $1,500",UNABLE TO DETERMINE,2,NO INDICATION OF INJURY,0,0,41.9719393967,-87.7466220256,60630,"CHICAGO OHARE INTERNATIONAL AIRPORT, IL US",56.0,31.0,39.0,0.0,10.0,6.0
crash_09932,2023-11-14 10:25:00,2023,11,Nov,Tue,10,Daytime,25,NO CONTROLS,CLEAR,DAYLIGHT,REAR END,ONE-WAY,DRY,NO INJURY / DRIVE AWAY,true,,"OVER $1,500",NOT APPLICABLE,2,NO INDICATION OF INJURY,0,0,41.9425437373,-87.7333853348,60641,"CHICAGO OHARE INTERNATIONAL AIRPORT, IL US",57.0,26.0,30.0,0.0,10.0,11.0
crash_09933,2018-04-05 13:20:00,2018,4,Apr,Thu,13,Daytime,30,TRAFFIC SIGNAL,CLEAR,"DARKNESS, LIGHTED ROAD",TURNING,NOT DIVIDED,DRY,NO INJURY / DRIVE AWAY,,,"$501 - $1,500",UNABLE TO DETERMINE,2,NO INDICATION OF INJURY,0,0,41.9324737941,-87.6709766222,60657,"CHICAGO MIDWAY AIRPORT, IL US",41.0,16.0,36.0,0.0,10.0,11.0
crash_09934,2019-03-23 21:18:00,2019,3,Mar,Sat,21,Night or early morning,30,STOP SIGN/FLASHER,CLEAR,DARKNESS,SIDESWIPE SAME DIRECTION,NOT DIVIDED,DRY,NO INJURY / DRIVE AWAY,,,"$501 - $1,500",UNABLE TO DETERMINE,2,NO INDICATION OF INJURY,0,0,41.8857732835,-87.6475356917,60607,"CHICAGO MIDWAY AIRPORT, IL US",44.0,26.0,49.0,0.0,10.0,7.0
crash_09935,2024-05-11 21:30:00,2024,5,May,Sat,21,Night or early morning,30,NO CONTROLS,CLEAR,DAYLIGHT,TURNING,NOT DIVIDED,DRY,NO INJURY / DRIVE AWAY,,false,"OVER $1,500",UNABLE TO DETERMINE,2,NO INDICATION OF INJURY,0,0,41.7781510352,-87.7226001363,60629,"CHICAGO MIDWAY AIRPORT, IL US",57.0,44.0,62.0,0.0,10.0,3.0
crash_09936,2020-06-24 14:00:00,2020,6,Jun,Wed,14,Daytime,30,UNKNOWN,UNKNOWN,DAYLIGHT,PARKED MOTOR VEHICLE,NOT DIVIDED,UNKNOWN,NO INJURY / DRIVE AWAY,,true,"OVER $1,500",UNABLE TO DETERMINE,2,NO INDICATION OF INJURY,0,0,41.6923606921,-87.6510077187,60643,"CHICAGO MIDWAY AIRPORT, IL US",77.0,49.0,37.0,,10.0,11.0
crash_09937,2020-11-10 07:00:00,2020,11,Nov,Tue,7,Morning commute,30,NO CONTROLS,CLEAR,DAYLIGHT,PARKED MOTOR VEHICLE,ONE-WAY,DRY,NO INJURY / DRIVE AWAY,true,,"$501 - $1,500",UNABLE TO DETERMINE,2,NO INDICATION OF INJURY,0,0,41.7125309212,-87.6355526926,60628,"CHICAGO MIDWAY AIRPORT, IL US",67.0,60.0,79.0,0.0,10.0,18.0
crash_09938,2022-06-18 23:41:00,2022,6,Jun,Sat,23,Night or early morning,30,POLICE/FLAGMAN,CLEAR,"DARKNESS, LIGHTED ROAD",ANGLE,NOT DIVIDED,DRY,INJURY AND / OR TOW DUE TO CRASH,true,true,"OVER $1,500","OPERATING VEHICLE IN ERRATIC, RECKLESS, CARELESS, NEGLIGENT OR AGGRESSIVE MANNER",2,NO INDICATION OF INJURY,0,0,41.8553209063,-87.705502255,60623,"CHICAGO MIDWAY AIRPORT, IL US",61.0,38.0,43.0,0.0,10.0,6.0
crash_09939,2024-04-03 13:00:00,2024,4,Apr,Wed,13,Daytime,30,UNKNOWN,UNKNOWN,UNKNOWN,TURNING,FOUR WAY,UNKNOWN,NO INJURY / DRIVE AWAY,,true,"OVER $1,500",UNABLE TO DETERMINE,2,NO INDICATION OF INJURY,0,0,41.8916412357,-87.623232688,60611,"CHICAGO MIDWAY AIRPORT, IL US",39.0,35.0,86.0,0.02,6.0,15.0
crash_09940,2023-12-16 18:15:00,2023,12,Dec,Sat,18,Evening commute,30,NO CONTROLS,CLEAR,DAYLIGHT,TURNING,DIVIDED - W/MEDIAN (NOT RAISED),DRY,NO INJURY / DRIVE AWAY,,,"OVER $1,500",FAILING TO YIELD RIGHT-OF-WAY,2,NO INDICATION OF INJURY,0,0,41.8086158799,-87.6763844803,60609,"CHICAGO MIDWAY AIRPORT, IL US",44.0,41.0,89.0,0.03,8.0,9.0
crash_09941,2019-04-06 09:23:00,2019,4,Apr,Sat,9,Morning commute,30,TRAFFIC SIGNAL,CLEAR,DAYLIGHT,REAR END,DIVIDED - W/MEDIAN (NOT RAISED),DRY,NO INJURY / DRIVE AWAY,true,,"OVER $1,500",FOLLOWING TOO CLOSELY,2,NO INDICATION OF INJURY,0,0,41.8156032045,-87.6847727236,60632,"CHICAGO MIDWAY AIRPORT, IL US",56.0,48.0,75.0,0.0,5.0,3.0
crash_09942,2023-10-20 14:30:00,2023,10,Oct,Fri,14,Daytime,30,NO CONTROLS,CLEAR,DAYLIGHT,PARKED MOTOR VEHICLE,NOT DIVIDED,DRY,NO INJURY / DRIVE AWAY,,,"OVER $1,500",IMPROPER TURNING/NO SIGNAL,2,NO INDICATION OF INJURY,0,0,41.7993964026,-87.5922622721,60615,"CHICAGO MIDWAY AIRPORT, IL US",58.0,44.0,60.0,0.0,10.0,13.0
crash_09943,2018-11-15 05:00:00,2018,11,Nov,Thu,5,Night or early morning,35,TRAFFIC SIGNAL,CLEAR,"DARKNESS, LIGHTED ROAD",TURNING,NOT DIVIDED,UNKNOWN,INJURY AND / OR TOW DUE TO CRASH,true,,"OVER $1,500",IMPROPER TURNING/NO SIGNAL,2,NO INDICATION OF INJURY,0,0,41.8892695282,-87.629735331,60654,"CHICAGO MIDWAY AIRPORT, IL US",31.0,20.0,64.0,0.0,9.0,5.0
crash_09944,2018-08-31 15:30:00,2018,8,Aug,Fri,15,Evening commute,30,TRAFFIC SIGNAL,CLEAR,DAYLIGHT,REAR END,OTHER,DRY,NO INJURY / DRIVE AWAY,true,,$500 OR LESS,FOLLOWING TOO CLOSELY,2,NO INDICATION OF INJURY,0,0,41.7074051178,-87.6066722152,60628,"CHICAGO MIDWAY AIRPORT, IL US",85.0,67.0,55.0,0.0,10.0,8.0
crash_09945,2021-03-31 16:45:00,2021,3,Mar,Wed,16,Evening commute,30,UNKNOWN,UNKNOWN,UNKNOWN,PARKED MOTOR VEHICLE,ONE-WAY,UNKNOWN,NO INJURY / DRIVE AWAY,,true,"OVER $1,500",UNABLE TO DETERMINE,3,NO INDICATION OF INJURY,0,0,41.9368113692,-87.7491135551,60641,"CHICAGO OHARE INTERNATIONAL AIRPORT, IL US",40.0,15.0,36.0,0.0,10.0,14.0
crash_09946,2025-06-24 16:50:00,2025,6,Jun,Tue,16,Evening commute,30,NO CONTROLS,CLEAR,DAYLIGHT,ANGLE,PARKING LOT,DRY,NO INJURY / DRIVE AWAY,,,"OVER $1,500",UNABLE TO DETERMINE,2,NO INDICATION OF INJURY,0,0,41.7198283961,-87.6818828287,60643,"CHICAGO MIDWAY AIRPORT, IL US",86.0,66.0,52.0,,10.0,9.0
crash_09947,2021-03-07 15:50:00,2021,3,Mar,Sun,15,Evening commute,30,NO CONTROLS,CLEAR,DAYLIGHT,TURNING,NOT DIVIDED,DRY,NO INJURY / DRIVE AWAY,,,"$501 - $1,500",FAILING TO YIELD RIGHT-OF-WAY,2,NO INDICATION OF INJURY,0,0,41.7367306018,-87.5911438721,60619,"CHICAGO MIDWAY AIRPORT, IL US",51.0,25.0,36.0,0.0,10.0,11.0
crash_09948,2021-10-04 22:53:00,2021,10,Oct,Mon,22,Night or early morning,30,TRAFFIC SIGNAL,RAIN,"DARKNESS, LIGHTED ROAD",FIXED OBJECT,FOUR WAY,WET,INJURY AND / OR TOW DUE TO CRASH,true,,"OVER $1,500",NOT APPLICABLE,1,NONINCAPACITATING INJURY,1,0,41.8161861099,-87.6434518235,60609,"CHICAGO MIDWAY AIRPORT, IL US",66.0,59.0,78.0,0.0,10.0,11.0
crash_09949,2018-10-06 12:38:00,2018,10,Oct,Sat,12,Daytime,30,NO CONTROLS,RAIN,DAYLIGHT,SIDESWIPE SAME DIRECTION,NOT DIVIDED,WET,INJURY AND / OR TOW DUE TO CRASH,,,"OVER $1,500",FAILING TO YIELD RIGHT-OF-WAY,2,NONINCAPACITATING INJURY,2,0,41.8817064526,-87.7454621149,60644,"CHICAGO MIDWAY AIRPORT, IL US",64.0,61.0,90.0,,8.0,16.0
crash_09950,2021-11-06 11:20:00,2021,11,Nov,Sat,11,Daytime,30,TRAFFIC SIGNAL,CLEAR,DAYLIGHT,ANGLE,FOUR WAY,DRY,INJURY AND / OR TOW DUE TO CRASH,true,true,"OVER $1,500",FAILING TO YIELD RIGHT-OF-WAY,2,"REPORTED, NOT EVIDENT",1,0,41.7993821059,-87.596786859,60615,"CHICAGO MIDWAY AIRPORT, IL US",50.0,28.0,43.0,0.0,10.0,9.0
crash_09951,2018-07-21 09:50:00,2018,7,Jul,Sat,9,Morning commute,30,TRAFFIC SIGNAL,RAIN,DAYLIGHT,ANGLE,NOT DIVIDED,WET,INJURY AND / OR TOW DUE TO CRASH,true,,"$501 - $1,500",EXCEEDING SAFE SPEED FOR CONDITIONS,2,NONINCAPACITATING INJURY,1,0,41.8673087165,-87.6436852647,60607,"CHICAGO MIDWAY AIRPORT, IL US",70.0,68.0,93.0,0.01,10.0,20.0
crash_09952,2022-10-10 12:00:00,2022,10,Oct,Mon,12,Daytime,30,TRAFFIC SIGNAL,CLEAR,DAYLIGHT,TURNING,FOUR WAY,DRY,NO INJURY / DRIVE AWAY,true,,"OVER $1,500",FOLLOWING TOO CLOSELY,2,NO INDICATION OF INJURY,0,0,41.8529375154,-87.6337606948,60616,"CHICAGO MIDWAY AIRPORT, IL US",70.0,43.0,38.0,0.0,10.0,3.0
crash_09953,2021-07-07 15:00:00,2021,7,Jul,Wed,15,Evening commute,25,NO CONTROLS,CLEAR,DAYLIGHT,PEDALCYCLIST,ONE-WAY,DRY,NO INJURY / DRIVE AWAY,,,$500 OR LESS,UNABLE TO DETERMINE,2,NO INDICATION OF INJURY,0,0,41.7576724194,-87.5589694181,60649,"CHICAGO MIDWAY AIRPORT, IL US",88.0,62.0,42.0,0.0,10.0,14.0
crash_09954,2024-10-05 20:30:00,2024,10,Oct,Sat,20,Night or early morning,30,TRAFFIC SIGNAL,CLEAR,DUSK,PEDALCYCLIST,FOUR WAY,DRY,INJURY AND / OR TOW DUE TO CRASH,true,true,"$501 - $1,500",FAILING TO YIELD RIGHT-OF-WAY,2,NONINCAPACITATING INJURY,1,0,41.7564004067,-87.6248696859,60620,"CHICAGO MIDWAY AIRPORT, IL US",78.0,53.0,42.0,0.0,10.0,13.0
crash_09955,2022-10-28 17:20:00,2022,10,Oct,Fri,17,Evening commute,30,TRAFFIC SIGNAL,CLEAR,DAYLIGHT,TURNING,FOUR WAY,DRY,INJURY AND / OR TOW DUE TO CRASH,true,false,"OVER $1,500",DISREGARDING TRAFFIC SIGNALS,3,NONINCAPACITATING INJURY,1,0,41.7655436434,-87.6298359052,60621,"CHICAGO MIDWAY AIRPORT, IL US",58.0,36.0,44.0,0.0,10.0,8.0
crash_09956,2020-04-27 17:46:00,2020,4,Apr,Mon,17,Evening commute,30,NO CONTROLS,RAIN,DAYLIGHT,PARKED MOTOR VEHICLE,DIVIDED - W/MEDIAN (NOT RAISED),WET,NO INJURY / DRIVE AWAY,,true,$500 OR LESS,UNABLE TO DETERMINE,2,NO INDICATION OF INJURY,0,0,41.9207775354,-87.7215007256,60647,"CHICAGO MIDWAY AIRPORT, IL US",58.0,50.0,75.0,0.02,9.0,9.0
crash_09957,2018-01-24 13:00:00,2018,1,Jan,Wed,13,Daytime,30,TRAFFIC SIGNAL,CLEAR,DAYLIGHT,SIDESWIPE SAME DIRECTION,DIVIDED - W/MEDIAN BARRIER,DRY,NO INJURY / DRIVE AWAY,true,,$500 OR LESS,FAILING TO YIELD RIGHT-OF-WAY,2,NO INDICATION OF INJURY,0,0,41.8777916481,-87.6365243444,60606,"CHICAGO MIDWAY AIRPORT, IL US",30.0,24.0,79.0,0.0,10.0,10.0
crash_09958,2023-10-05 20:00:00,2023,10,Oct,Thu,20,Night or early morning,30,NO CONTROLS,UNKNOWN,DARKNESS,PARKED MOTOR VEHICLE,PARKING LOT,UNKNOWN,NO INJURY / DRIVE AWAY,,true,"$501 - $1,500",UNABLE TO DETERMINE,2,NO INDICATION OF INJURY,0,0,41.8523293388,-87.703909595,60623,"CHICAGO MIDWAY AIRPORT, IL US",66.0,53.0,63.0,0.0,10.0,7.0
crash_09959,2020-12-29 17:30:00,2020,12,Dec,Tue,17,Evening commute,30,NO CONTROLS,SNOW,"DARKNESS, LIGHTED ROAD",REAR END,NOT DIVIDED,SNOW OR SLUSH,NO INJURY / DRIVE AWAY,,,"OVER $1,500",FOLLOWING TOO CLOSELY,2,NO INDICATION OF INJURY,0,0,41.7648593824,-87.6639401763,60636,"CHICAGO MIDWAY AIRPORT, IL US",27.0,24.0,89.0,0.04,0.5,13.0
crash_09960,2022-03-30 22:25:00,2022,3,Mar,Wed,22,Night or early morning,30,NO CONTROLS,RAIN,"DARKNESS, LIGHTED ROAD",FIXED OBJECT,NOT DIVIDED,WET,NO INJURY / DRIVE AWAY,,,"OVER $1,500",UNABLE TO DETERMINE,1,NO INDICATION OF INJURY,0,0,41.8085387757,-87.6616298718,60609,"CHICAGO MIDWAY AIRPORT, IL US",59.0,57.0,93.0,0.01,3.0,3.0
crash_09961,2021-04-30 12:00:00,2021,4,Apr,Fri,12,Daytime,35,UNKNOWN,CLEAR,UNKNOWN,PARKED MOTOR VEHICLE,NOT DIVIDED,DRY,NO INJURY / DRIVE AWAY,,true,"$501 - $1,500",UNABLE TO DETERMINE,2,NO INDICATION OF INJURY,0,0,41.9982030095,-87.8205822837,60631,"CHICAGO OHARE INTERNATIONAL AIRPORT, IL US",51.0,36.0,56.0,0.0,10.0,24.0
crash_09962,2019-08-16 08:30:00,2019,8,Aug,Fri,8,Morning commute,30,NO CONTROLS,CLEAR,DAYLIGHT,OTHER OBJECT,NOT DIVIDED,DRY,NO INJURY / DRIVE AWAY,,true,$500 OR LESS,NOT APPLICABLE,2,NO INDICATION OF INJURY,0,0,41.9947933861,-87.8827076595,60666,"CHICAGO OHARE INTERNATIONAL AIRPORT, IL US",70.0,57.0,64.0,0.0,10.0,9.0
crash_09963,2018-05-12 18:00:00,2018,5,May,Sat,18,Evening commute,30,NO CONTROLS,RAIN,DAYLIGHT,REAR END,NOT DIVIDED,WET,NO INJURY / DRIVE AWAY,,,"OVER $1,500",FOLLOWING TOO CLOSELY,2,NO INDICATION OF INJURY,0,0,42.0109408,-87.682754031,60645,"CHICAGO OHARE INTERNATIONAL AIRPORT, IL US",49.0,44.0,83.0,0.0,9.0,14.0
crash_09964,2018-12-14 16:50:00,2018,12,Dec,Fri,16,Evening commute,30,TRAFFIC SIGNAL,CLEAR,DAYLIGHT,REAR END,NOT DIVIDED,DRY,NO INJURY / DRIVE AWAY,,,"OVER $1,500",FOLLOWING TOO CLOSELY,2,NO INDICATION OF INJURY,0,0,41.8973171842,-87.6671791035,60642,"CHICAGO MIDWAY AIRPORT, IL US",39.0,38.0,96.0,0.0,1.75,13.0
crash_09965,2021-05-18 21:50:00,2021,5,May,Tue,21,Night or early morning,30,TRAFFIC SIGNAL,RAIN,"DARKNESS, LIGHTED ROAD",SIDESWIPE SAME DIRECTION,NOT DIVIDED,WET,NO INJURY / DRIVE AWAY,true,,$500 OR LESS,DRIVING SKILLS/KNOWLEDGE/EXPERIENCE,2,NO INDICATION OF INJURY,0,0,41.9974160432,-87.7729942531,60646,"CHICAGO OHARE INTERNATIONAL AIRPORT, IL US",66.0,62.0,87.0,0.01,10.0,9.0
crash_09966,2022-11-09 01:14:00,2022,11,Nov,Wed,1,Night or early morning,30,UNKNOWN,CLEAR,"DARKNESS, LIGHTED ROAD",REAR END,UNKNOWN INTERSECTION TYPE,DRY,INJURY AND / OR TOW DUE TO CRASH,,true,"OVER $1,500","OPERATING VEHICLE IN ERRATIC, RECKLESS, CARELESS, NEGLIGENT OR AGGRESSIVE MANNER",2,NO INDICATION OF INJURY,0,0,41.7514606032,-87.585971993,60619,"CHICAGO MIDWAY AIRPORT, IL US",48.0,36.0,63.0,0.0,10.0,7.0
crash_09967,2022-02-13 21:00:00,2022,2,Feb,Sun,21,Night or early morning,25,NO CONTROLS,CLEAR,UNKNOWN,PARKED MOTOR VEHICLE,ONE-WAY,DRY,NO INJURY / DRIVE AWAY,,true,"$501 - $1,500",UNABLE TO DETERMINE,2,NO INDICATION OF INJURY,0,0,41.6960300619,-87.6305961083,60628,"CHICAGO MIDWAY AIRPORT, IL US",16.0,0.0,49.0,0.0,10.0,5.0