crash_id,crash_datetime,crash_year,crash_month,crash_month_name,crash_weekday_name,crash_hour,time_period,posted_speed_limit_mph,traffic_control_device,reported_weather_condition,reported_lighting_condition,first_crash_type,trafficway_type,reported_road_surface_condition,crash_type,intersection_related,hit_and_run,estimated_damage,primary_contributory_cause,unit_count,most_severe_injury,injuries_total,injuries_fatal,latitude,longitude,zip5,weather_station_name,temperature_f,dew_point_f,relative_humidity_percent,precipitation_inches,visibility_miles,wind_speed_mph
crash_09968,2023-07-06 01:27:00,2023,7,Jul,Thu,1,Night or early morning,35,TRAFFIC SIGNAL,CLEAR,"DARKNESS, LIGHTED ROAD",OTHER OBJECT,DIVIDED - W/MEDIAN (NOT RAISED),WET,NO INJURY / DRIVE AWAY,,,"OVER $1,500",NOT APPLICABLE,1,NO INDICATION OF INJURY,0,0,41.8807190655,-87.6242627331,60604,"CHICAGO MIDWAY AIRPORT, IL US",72.0,69.0,91.0,0.0,5.0,3.0
crash_09969,2023-12-16 20:30:00,2023,12,Dec,Sat,20,Night or early morning,30,NO CONTROLS,RAIN,DARKNESS,SIDESWIPE SAME DIRECTION,NOT DIVIDED,WET,NO INJURY / DRIVE AWAY,,,"OVER $1,500",UNABLE TO DETERMINE,2,NO INDICATION OF INJURY,0,0,41.8856234978,-87.6253738214,60601,"CHICAGO MIDWAY AIRPORT, IL US",45.0,42.0,90.0,0.0,9.0,8.0
crash_09970,2025-03-12 09:00:00,2025,3,Mar,Wed,9,Morning commute,30,UNKNOWN,UNKNOWN,DAYLIGHT,TURNING,NOT DIVIDED,UNKNOWN,NO INJURY / DRIVE AWAY,,,"OVER $1,500",UNABLE TO DETERMINE,2,NO INDICATION OF INJURY,0,0,41.9754497622,-87.7480592861,60630,"CHICAGO OHARE INTERNATIONAL AIRPORT, IL US",41.0,16.0,36.0,0.0,10.0,9.0
crash_09971,2025-03-20 22:00:00,2025,3,Mar,Thu,22,Night or early morning,30,NO CONTROLS,CLEAR,"DARKNESS, LIGHTED ROAD",PARKED MOTOR VEHICLE,NOT DIVIDED,DRY,NO INJURY / DRIVE AWAY,,true,"OVER $1,500",UNABLE TO DETERMINE,2,NO INDICATION OF INJURY,0,0,41.695153078,-87.6714518201,60643,"CHICAGO MIDWAY AIRPORT, IL US",36.0,26.0,67.0,0.0,10.0,6.0
crash_09972,2020-12-18 14:31:00,2020,12,Dec,Fri,14,Daytime,30,TRAFFIC SIGNAL,CLEAR,DAYLIGHT,TURNING,ONE-WAY,DRY,NO INJURY / DRIVE AWAY,true,,"OVER $1,500",IMPROPER TURNING/NO SIGNAL,2,NO INDICATION OF INJURY,0,0,41.8967209324,-87.6299225832,60610,"CHICAGO MIDWAY AIRPORT, IL US",36.0,25.0,64.0,0.0,10.0,14.0
crash_09973,2024-01-12 18:21:00,2024,1,Jan,Fri,18,Evening commute,35,NO CONTROLS,RAIN,"DARKNESS, LIGHTED ROAD",SIDESWIPE OPPOSITE DIRECTION,NOT DIVIDED,WET,NO INJURY / DRIVE AWAY,,true,"OVER $1,500",UNABLE TO DETERMINE,2,NO INDICATION OF INJURY,0,0,41.8311270294,-87.6146306504,60653,"CHICAGO MIDWAY AIRPORT, IL US",37.0,35.0,93.0,,3.0,18.0
crash_09974,2019-01-07 11:30:00,2019,1,Jan,Mon,11,Daytime,30,TRAFFIC SIGNAL,RAIN,DAYLIGHT,TURNING,NOT DIVIDED,WET,NO INJURY / DRIVE AWAY,true,,"$501 - $1,500",UNABLE TO DETERMINE,2,NO INDICATION OF INJURY,0,0,41.8087201855,-87.6645343133,60609,"CHICAGO MIDWAY AIRPORT, IL US",48.0,46.0,93.0,0.09,3.0,18.0
crash_09975,2024-07-26 21:30:00,2024,7,Jul,Fri,21,Night or early morning,30,STOP SIGN/FLASHER,CLEAR,"DARKNESS, LIGHTED ROAD",TURNING,FOUR WAY,DRY,NO INJURY / DRIVE AWAY,true,,"OVER $1,500",UNABLE TO DETERMINE,2,NO INDICATION OF INJURY,0,0,41.9031114833,-87.7556466817,60651,"CHICAGO MIDWAY AIRPORT, IL US",74.0,62.0,67.0,0.0,10.0,8.0
crash_09976,2024-07-26 16:20:00,2024,7,Jul,Fri,16,Evening commute,30,NO CONTROLS,CLEAR,DAYLIGHT,SIDESWIPE SAME DIRECTION,DIVIDED - W/MEDIAN (NOT RAISED),DRY,NO INJURY / DRIVE AWAY,,true,$500 OR LESS,IMPROPER LANE USAGE,2,NO INDICATION OF INJURY,0,0,41.9701148967,-87.806966653,60656,"CHICAGO OHARE INTERNATIONAL AIRPORT, IL US",80.0,56.0,44.0,0.0,10.0,10.0
crash_09977,2018-03-20 17:30:00,2018,3,Mar,Tue,17,Evening commute,35,TRAFFIC SIGNAL,CLEAR,DAYLIGHT,SIDESWIPE SAME DIRECTION,DIVIDED - W/MEDIAN (NOT RAISED),DRY,NO INJURY / DRIVE AWAY,true,,"OVER $1,500",FOLLOWING TOO CLOSELY,2,NO INDICATION OF INJURY,0,0,41.79573461,-87.762555326,60638,"CHICAGO MIDWAY AIRPORT, IL US",34.0,22.0,61.0,0.0,10.0,24.0
crash_09978,2019-02-09 13:00:00,2019,2,Feb,Sat,13,Daytime,25,NO CONTROLS,CLEAR,DAYLIGHT,SIDESWIPE OPPOSITE DIRECTION,NOT DIVIDED,DRY,NO INJURY / DRIVE AWAY,,,"$501 - $1,500",UNABLE TO DETERMINE,2,NO INDICATION OF INJURY,0,0,41.8354568663,-87.6658340173,60608,"CHICAGO MIDWAY AIRPORT, IL US",22.0,8.0,55.0,0.0,10.0,3.0
crash_09979,2025-03-08 12:19:00,2025,3,Mar,Sat,12,Daytime,30,NO CONTROLS,CLEAR,DAYLIGHT,FIXED OBJECT,OTHER,DRY,INJURY AND / OR TOW DUE TO CRASH,,,"$501 - $1,500",UNABLE TO DETERMINE,1,"REPORTED, NOT EVIDENT",1,0,41.9166066764,-87.7193455438,60647,"CHICAGO MIDWAY AIRPORT, IL US",44.0,27.0,51.0,0.0,10.0,9.0
crash_09980,2019-07-22 15:40:00,2019,7,Jul,Mon,15,Evening commute,30,NO CONTROLS,CLEAR,DAYLIGHT,PARKED MOTOR VEHICLE,DIVIDED - W/MEDIAN (NOT RAISED),DRY,NO INJURY / DRIVE AWAY,,,"OVER $1,500",NOT APPLICABLE,2,NO INDICATION OF INJURY,0,0,41.8700943498,-87.6847605866,60612,"CHICAGO MIDWAY AIRPORT, IL US",75.0,46.0,36.0,0.0,10.0,18.0
crash_09981,2025-05-14 17:15:00,2025,5,May,Wed,17,Evening commute,30,NO CONTROLS,UNKNOWN,UNKNOWN,REAR END,NOT DIVIDED,UNKNOWN,NO INJURY / DRIVE AWAY,,true,$500 OR LESS,DRIVING SKILLS/KNOWLEDGE/EXPERIENCE,2,NO INDICATION OF INJURY,0,0,41.9647196523,-87.6919253058,60625,"CHICAGO OHARE INTERNATIONAL AIRPORT, IL US",78.0,61.0,56.0,0.0,10.0,11.0
crash_09982,2023-08-29 12:22:00,2023,8,Aug,Tue,12,Daytime,15,NO CONTROLS,CLEAR,DAYLIGHT,PARKED MOTOR VEHICLE,PARKING LOT,DRY,NO INJURY / DRIVE AWAY,,,"$501 - $1,500",DRIVING SKILLS/KNOWLEDGE/EXPERIENCE,2,NO INDICATION OF INJURY,0,0,41.8751452595,-87.6261604406,60605,"CHICAGO MIDWAY AIRPORT, IL US",81.0,63.0,54.0,0.0,10.0,11.0
crash_09983,2023-12-10 03:22:00,2023,12,Dec,Sun,3,Night or early morning,30,TRAFFIC SIGNAL,CLEAR,"DARKNESS, LIGHTED ROAD",TURNING,NOT DIVIDED,DRY,NO INJURY / DRIVE AWAY,,true,"$501 - $1,500",IMPROPER OVERTAKING/PASSING,2,NO INDICATION OF INJURY,0,0,41.9384673458,-87.7662775299,60641,"CHICAGO OHARE INTERNATIONAL AIRPORT, IL US",34.0,26.0,73.0,0.0,10.0,10.0
crash_09984,2025-03-17 07:50:00,2025,3,Mar,Mon,7,Morning commute,30,NO CONTROLS,CLEAR,DAYLIGHT,TURNING,NOT DIVIDED,DRY,NO INJURY / DRIVE AWAY,,,"OVER $1,500",UNABLE TO DETERMINE,2,NO INDICATION OF INJURY,0,0,41.8125305393,-87.7040018049,60632,"CHICAGO MIDWAY AIRPORT, IL US",30.0,25.0,82.0,0.0,10.0,3.0
crash_09985,2022-04-05 15:35:00,2022,4,Apr,Tue,15,Evening commute,30,TRAFFIC SIGNAL,CLEAR,DAYLIGHT,SIDESWIPE SAME DIRECTION,NOT DIVIDED,DRY,NO INJURY / DRIVE AWAY,true,,$500 OR LESS,UNABLE TO DETERMINE,2,NO INDICATION OF INJURY,0,0,41.9099950113,-87.6483977633,60642,"CHICAGO MIDWAY AIRPORT, IL US",52.0,39.0,61.0,0.0,9.0,10.0
crash_09986,2025-06-28 00:05:00,2025,6,Jun,Sat,0,Night or early morning,25,NO CONTROLS,CLEAR,DAYLIGHT,TURNING,NOT DIVIDED,DRY,NO INJURY / DRIVE AWAY,,true,"OVER $1,500",FAILING TO YIELD RIGHT-OF-WAY,2,NO INDICATION OF INJURY,0,0,41.7222307222,-87.5848472273,60617,"CHICAGO MIDWAY AIRPORT, IL US",76.0,64.0,67.0,0.0,10.0,8.0
crash_09987,2018-06-05 07:50:00,2018,6,Jun,Tue,7,Morning commute,30,STOP SIGN/FLASHER,CLEAR,DAYLIGHT,ANGLE,NOT DIVIDED,DRY,NO INJURY / DRIVE AWAY,,true,"OVER $1,500",UNABLE TO DETERMINE,2,NO INDICATION OF INJURY,0,0,41.7809345737,-87.700816536,60629,"CHICAGO MIDWAY AIRPORT, IL US",70.0,53.0,55.0,0.0,10.0,10.0
crash_09988,2025-07-27 13:40:00,2025,7,Jul,Sun,13,Daytime,15,NO CONTROLS,CLEAR,DAYLIGHT,FIXED OBJECT,ALLEY,DRY,INJURY AND / OR TOW DUE TO CRASH,,,"$501 - $1,500","VISION OBSCURED (SIGNS, TREE LIMBS, BUILDINGS, ETC.)",1,NONINCAPACITATING INJURY,1,0,41.8833334766,-87.7603740765,60644,"CHICAGO MIDWAY AIRPORT, IL US",88.0,74.0,63.0,,10.0,10.0
crash_09989,2023-03-11 10:23:00,2023,3,Mar,Sat,10,Daytime,30,NO CONTROLS,UNKNOWN,DARKNESS,OTHER OBJECT,NOT DIVIDED,UNKNOWN,INJURY AND / OR TOW DUE TO CRASH,,,"OVER $1,500",NOT APPLICABLE,1,NONINCAPACITATING INJURY,1,0,41.7695072206,-87.7226732676,60629,"CHICAGO MIDWAY AIRPORT, IL US",38.0,28.0,68.0,0.0,10.0,10.0
crash_09990,2018-03-27 09:00:00,2018,3,Mar,Tue,9,Morning commute,30,NO CONTROLS,CLEAR,DAYLIGHT,PARKED MOTOR VEHICLE,ONE-WAY,DRY,NO INJURY / DRIVE AWAY,,true,"OVER $1,500",UNABLE TO DETERMINE,2,NO INDICATION OF INJURY,0,0,41.9217676287,-87.6572760489,60614,"CHICAGO MIDWAY AIRPORT, IL US",52.0,52.0,100.0,0.0,3.0,9.0
crash_09991,2025-11-26 17:08:00,2025,11,Nov,Wed,17,Evening commute,35,NO CONTROLS,UNKNOWN,UNKNOWN,PEDESTRIAN,FOUR WAY,UNKNOWN,INJURY AND / OR TOW DUE TO CRASH,,,"OVER $1,500",FAILING TO REDUCE SPEED TO AVOID CRASH,3,"REPORTED, NOT EVIDENT",1,0,41.800391818,-87.7317958019,60632,,,,,,,
crash_09992,2021-05-12 12:13:00,2021,5,May,Wed,12,Daytime,30,TRAFFIC SIGNAL,CLEAR,DAYLIGHT,TURNING,"FIVE POINT, OR MORE",DRY,NO INJURY / DRIVE AWAY,,true,"$501 - $1,500",UNABLE TO DETERMINE,2,NO INDICATION OF INJURY,0,0,41.7616678129,-87.6295572338,60621,"CHICAGO MIDWAY AIRPORT, IL US",56.0,25.0,30.0,0.0,10.0,7.0
crash_09993,2022-09-21 09:00:00,2022,9,Sep,Wed,9,Morning commute,30,TRAFFIC SIGNAL,CLEAR,DAYLIGHT,SIDESWIPE SAME DIRECTION,NOT DIVIDED,DRY,NO INJURY / DRIVE AWAY,,true,"OVER $1,500",IMPROPER OVERTAKING/PASSING,2,NO INDICATION OF INJURY,0,0,41.8485826628,-87.6853941892,60608,"CHICAGO MIDWAY AIRPORT, IL US",81.0,63.0,54.0,0.0,10.0,10.0
crash_09994,2022-03-07 15:15:00,2022,3,Mar,Mon,15,Evening commute,30,TRAFFIC SIGNAL,CLOUDY/OVERCAST,DUSK,SIDESWIPE SAME DIRECTION,DIVIDED - W/MEDIAN (NOT RAISED),DRY,NO INJURY / DRIVE AWAY,true,,"OVER $1,500",DRIVING SKILLS/KNOWLEDGE/EXPERIENCE,2,NO INDICATION OF INJURY,0,0,41.7504749298,-87.6538833344,60620,"CHICAGO MIDWAY AIRPORT, IL US",37.0,25.0,62.0,0.0,10.0,14.0
crash_09995,2023-03-15 16:30:00,2023,3,Mar,Wed,16,Evening commute,30,NO CONTROLS,CLEAR,DAYLIGHT,PARKED MOTOR VEHICLE,PARKING LOT,DRY,NO INJURY / DRIVE AWAY,,,"$501 - $1,500",UNABLE TO DETERMINE,2,NO INDICATION OF INJURY,0,0,41.696313684,-87.5966322439,60628,"CHICAGO MIDWAY AIRPORT, IL US",50.0,28.0,43.0,0.0,10.0,18.0
crash_09996,2018-04-29 14:57:00,2018,4,Apr,Sun,14,Daytime,30,TRAFFIC SIGNAL,CLEAR,DAYLIGHT,TURNING,DIVIDED - W/MEDIAN BARRIER,DRY,INJURY AND / OR TOW DUE TO CRASH,true,,"OVER $1,500",FAILING TO YIELD RIGHT-OF-WAY,2,NO INDICATION OF INJURY,0,0,41.7078449551,-87.5889387252,60628,"CHICAGO MIDWAY AIRPORT, IL US",55.0,13.0,19.0,0.0,10.0,6.0
crash_09997,2023-01-26 18:00:00,2023,1,Jan,Thu,18,Evening commute,30,NO CONTROLS,CLEAR,"DARKNESS, LIGHTED ROAD",PARKED MOTOR VEHICLE,PARKING LOT,ICE,NO INJURY / DRIVE AWAY,,true,"OVER $1,500",FAILING TO REDUCE SPEED TO AVOID CRASH,2,NO INDICATION OF INJURY,0,0,41.9603630681,-87.7680902748,60634,"CHICAGO OHARE INTERNATIONAL AIRPORT, IL US",20.0,14.0,78.0,0.0,6.0,11.0
crash_09998,2020-04-01 15:30:00,2020,4,Apr,Wed,15,Evening commute,30,NO CONTROLS,CLEAR,DAYLIGHT,PARKED MOTOR VEHICLE,NOT DIVIDED,DRY,NO INJURY / DRIVE AWAY,,true,$500 OR LESS,DRIVING SKILLS/KNOWLEDGE/EXPERIENCE,2,NO INDICATION OF INJURY,0,0,41.7015065316,-87.6298268906,60628,"CHICAGO MIDWAY AIRPORT, IL US",50.0,36.0,59.0,0.0,10.0,11.0
crash_09999,2023-06-01 16:40:00,2023,6,Jun,Thu,16,Evening commute,30,STOP SIGN/FLASHER,CLEAR,DAYLIGHT,ANGLE,NOT DIVIDED,UNKNOWN,NO INJURY / DRIVE AWAY,true,,"$501 - $1,500",UNABLE TO DETERMINE,2,NO INDICATION OF INJURY,0,0,41.970833888,-87.6984665556,60625,"CHICAGO OHARE INTERNATIONAL AIRPORT, IL US",77.0,65.0,66.0,0.0,10.0,6.0
crash_10000,2021-09-19 21:50:00,2021,9,Sep,Sun,21,Night or early morning,30,TRAFFIC SIGNAL,CLEAR,"DARKNESS, LIGHTED ROAD",REAR END,NOT DIVIDED,DRY,NO INJURY / DRIVE AWAY,,,"$501 - $1,500",UNABLE TO DETERMINE,2,NO INDICATION OF INJURY,0,0,41.8738472258,-87.6860875694,60612,"CHICAGO MIDWAY AIRPORT, IL US",82.0,62.0,51.0,0.0,10.0,7.0
crash_10001,2023-04-18 18:50:00,2023,4,Apr,Tue,18,Evening commute,15,NO CONTROLS,CLEAR,DARKNESS,PARKED MOTOR VEHICLE,NOT DIVIDED,DRY,NO INJURY / DRIVE AWAY,,true,"OVER $1,500",UNABLE TO DETERMINE,2,NO INDICATION OF INJURY,0,0,41.7607445595,-87.5622728683,60649,"CHICAGO MIDWAY AIRPORT, IL US",57.0,27.0,32.0,0.0,10.0,6.0
crash_10002,2025-01-22 17:45:00,2025,1,Jan,Wed,17,Evening commute,20,NO CONTROLS,CLEAR,"DARKNESS, LIGHTED ROAD",PARKED MOTOR VEHICLE,ONE-WAY,DRY,NO INJURY / DRIVE AWAY,,,"$501 - $1,500",IMPROPER LANE USAGE,2,NO INDICATION OF INJURY,0,0,,,,,,,,,,
crash_10003,2024-05-03 16:40:00,2024,5,May,Fri,16,Evening commute,30,TRAFFIC SIGNAL,CLEAR,DAYLIGHT,REAR END,DIVIDED - W/MEDIAN (NOT RAISED),DRY,INJURY AND / OR TOW DUE TO CRASH,,,"OVER $1,500",DISTRACTION - FROM INSIDE VEHICLE,2,"REPORTED, NOT EVIDENT",1,0,41.9760028649,-87.807198716,60656,"CHICAGO OHARE INTERNATIONAL AIRPORT, IL US",67.0,36.0,32.0,0.0,10.0,11.0
crash_10004,2019-04-06 14:50:00,2019,4,Apr,Sat,14,Daytime,30,NO CONTROLS,CLEAR,DAYLIGHT,PARKED MOTOR VEHICLE,DIVIDED - W/MEDIAN (NOT RAISED),DRY,INJURY AND / OR TOW DUE TO CRASH,,,"OVER $1,500",IMPROPER LANE USAGE,2,NO INDICATION OF INJURY,0,0,41.6914662147,-87.7143140419,60655,"CHICAGO MIDWAY AIRPORT, IL US",64.0,49.0,58.0,0.0,9.0,11.0
crash_10005,2019-05-30 11:10:00,2019,5,May,Thu,11,Daytime,30,NO CONTROLS,CLEAR,DAYLIGHT,SIDESWIPE OPPOSITE DIRECTION,ONE-WAY,DRY,NO INJURY / DRIVE AWAY,,true,$500 OR LESS,IMPROPER BACKING,2,NO INDICATION OF INJURY,0,0,41.880598955,-87.6299073905,60603,"CHICAGO MIDWAY AIRPORT, IL US",71.0,60.0,68.0,0.0,10.0,13.0
crash_10006,2019-02-04 22:54:00,2019,2,Feb,Mon,22,Night or early morning,35,TRAFFIC SIGNAL,CLEAR,"DARKNESS, LIGHTED ROAD",FIXED OBJECT,DIVIDED - W/MEDIAN BARRIER,DRY,INJURY AND / OR TOW DUE TO CRASH,false,true,"OVER $1,500",UNABLE TO DETERMINE,1,NO INDICATION OF INJURY,0,0,41.7665031421,-87.5864871103,60637,"CHICAGO MIDWAY AIRPORT, IL US",32.0,28.0,85.0,0.0,10.0,11.0
crash_10007,2025-11-04 07:30:00,2025,11,Nov,Tue,7,Morning commute,30,NO CONTROLS,CLEAR,DAYLIGHT,SIDESWIPE SAME DIRECTION,DIVIDED - W/MEDIAN (NOT RAISED),DRY,NO INJURY / DRIVE AWAY,,,"OVER $1,500",FAILING TO YIELD RIGHT-OF-WAY,2,NO INDICATION OF INJURY,0,0,41.9248491271,-87.7049787309,60647,,,,,,,
crash_10008,2019-06-04 16:45:00,2019,6,Jun,Tue,16,Evening commute,30,TRAFFIC SIGNAL,CLEAR,DAYLIGHT,SIDESWIPE SAME DIRECTION,NOT DIVIDED,DRY,NO INJURY / DRIVE AWAY,true,,"$501 - $1,500",UNABLE TO DETERMINE,2,NO INDICATION OF INJURY,0,0,41.8930371956,-87.6370042232,60654,"CHICAGO MIDWAY AIRPORT, IL US",81.0,57.0,44.0,0.0,10.0,11.0
crash_10009,2023-08-07 15:00:00,2023,8,Aug,Mon,15,Evening commute,30,TRAFFIC SIGNAL,CLEAR,DAYLIGHT,REAR END,DIVIDED - W/MEDIAN (NOT RAISED),DRY,NO INJURY / DRIVE AWAY,,true,"$501 - $1,500",UNABLE TO DETERMINE,2,NO INDICATION OF INJURY,0,0,41.9393517303,-87.7078465936,60618,"CHICAGO MIDWAY AIRPORT, IL US",77.0,57.0,50.0,0.0,10.0,9.0
crash_10010,2020-10-22 15:41:00,2020,10,Oct,Thu,15,Evening commute,20,NO CONTROLS,CLEAR,DAYLIGHT,SIDESWIPE SAME DIRECTION,ONE-WAY,DRY,NO INJURY / DRIVE AWAY,,,"OVER $1,500",FAILING TO YIELD RIGHT-OF-WAY,2,NO INDICATION OF INJURY,0,0,41.9513989252,-87.7705669062,60634,"CHICAGO OHARE INTERNATIONAL AIRPORT, IL US",76.0,66.0,72.0,0.0,10.0,6.0
crash_10011,2018-03-07 08:30:00,2018,3,Mar,Wed,8,Morning commute,30,NO CONTROLS,CLEAR,DAYLIGHT,SIDESWIPE SAME DIRECTION,ONE-WAY,DRY,NO INJURY / DRIVE AWAY,,,"$501 - $1,500",UNABLE TO DETERMINE,2,NO INDICATION OF INJURY,0,0,42.0037323574,-87.6657452073,60626,"CHICAGO OHARE INTERNATIONAL AIRPORT, IL US",29.0,20.0,69.0,0.0,10.0,13.0
crash_10012,2025-07-27 15:30:00,2025,7,Jul,Sun,15,Evening commute,25,NO CONTROLS,CLEAR,DAYLIGHT,ANGLE,ONE-WAY,DRY,NO INJURY / DRIVE AWAY,,,"OVER $1,500",FAILING TO YIELD RIGHT-OF-WAY,2,NO INDICATION OF INJURY,0,0,41.9644437524,-87.6522339167,60640,"CHICAGO MIDWAY AIRPORT, IL US",87.0,74.0,65.0,,10.0,13.0
crash_10013,2021-05-06 10:25:00,2021,5,May,Thu,10,Daytime,25,NO CONTROLS,CLEAR,DAYLIGHT,PARKED MOTOR VEHICLE,OTHER,DRY,INJURY AND / OR TOW DUE TO CRASH,,true,"OVER $1,500",UNABLE TO DETERMINE,2,NO INDICATION OF INJURY,0,0,41.7787572297,-87.6716300282,60636,"CHICAGO MIDWAY AIRPORT, IL US",51.0,40.0,66.0,0.0,10.0,8.0
crash_10014,2023-05-13 15:20:00,2023,5,May,Sat,15,Evening commute,30,NO CONTROLS,CLEAR,DAYLIGHT,REAR END,NOT DIVIDED,DRY,NO INJURY / DRIVE AWAY,,,"OVER $1,500",FOLLOWING TOO CLOSELY,3,NO INDICATION OF INJURY,0,0,41.6854457459,-87.6216614791,60628,"CHICAGO MIDWAY AIRPORT, IL US",67.0,54.0,63.0,0.0,10.0,13.0
crash_10015,2018-03-18 23:00:00,2018,3,Mar,Sun,23,Night or early morning,30,TRAFFIC SIGNAL,CLEAR,"DARKNESS, LIGHTED ROAD",PEDESTRIAN,DIVIDED - W/MEDIAN (NOT RAISED),DRY,INJURY AND / OR TOW DUE TO CRASH,true,,"OVER $1,500",UNABLE TO DETERMINE,2,NONINCAPACITATING INJURY,1,0,41.7793318443,-87.6836757608,60629,"CHICAGO MIDWAY AIRPORT, IL US",44.0,27.0,51.0,0.0,10.0,3.0
crash_10016,2024-09-21 14:45:00,2024,9,Sep,Sat,14,Daytime,10,NO CONTROLS,CLEAR,DAYLIGHT,PEDESTRIAN,PARKING LOT,DRY,INJURY AND / OR TOW DUE TO CRASH,,true,"OVER $1,500",FAILING TO YIELD RIGHT-OF-WAY,3,INCAPACITATING INJURY,2,0,41.7361451282,-87.626917844,60620,"CHICAGO MIDWAY AIRPORT, IL US",92.0,47.0,21.0,0.0,10.0,9.0
crash_10017,2025-02-07 22:58:00,2025,2,Feb,Fri,22,Night or early morning,30,TRAFFIC SIGNAL,CLEAR,"DARKNESS, LIGHTED ROAD",ANGLE,FOUR WAY,DRY,INJURY AND / OR TOW DUE TO CRASH,true,true,"OVER $1,500",DISREGARDING TRAFFIC SIGNALS,2,NO INDICATION OF INJURY,0,0,41.8008956363,-87.6941441217,60632,"CHICAGO MIDWAY AIRPORT, IL US",29.0,11.0,47.0,0.0,10.0,5.0
crash_10018,2020-03-02 20:00:00,2020,3,Mar,Mon,20,Night or early morning,30,NO CONTROLS,CLEAR,"DARKNESS, LIGHTED ROAD",REAR END,NOT DIVIDED,DRY,INJURY AND / OR TOW DUE TO CRASH,,,"OVER $1,500",FOLLOWING TOO CLOSELY,2,"REPORTED, NOT EVIDENT",1,0,41.903410015,-87.6702962176,60622,"CHICAGO MIDWAY AIRPORT, IL US",40.0,32.0,73.0,0.0,10.0,5.0
crash_10019,2022-05-11 02:00:00,2022,5,May,Wed,2,Night or early morning,30,NO CONTROLS,CLEAR,"DARKNESS, LIGHTED ROAD",PARKED MOTOR VEHICLE,NOT DIVIDED,DRY,NO INJURY / DRIVE AWAY,,true,"OVER $1,500",UNABLE TO DETERMINE,2,NO INDICATION OF INJURY,0,0,41.6930768427,-87.6483948255,60643,"CHICAGO MIDWAY AIRPORT, IL US",80.0,69.0,69.0,0.0,10.0,6.0
crash_10020,2023-09-05 14:30:00,2023,9,Sep,Tue,14,Daytime,30,TRAFFIC SIGNAL,CLEAR,DAYLIGHT,REAR END,NOT DIVIDED,DRY,INJURY AND / OR TOW DUE TO CRASH,true,true,"OVER $1,500",UNABLE TO DETERMINE,2,INCAPACITATING INJURY,1,0,41.9527647313,-87.7890768766,60634,"CHICAGO OHARE INTERNATIONAL AIRPORT, IL US",90.0,65.0,44.0,0.0,10.0,17.0
crash_10021,2022-06-15 21:00:00,2022,6,Jun,Wed,21,Night or early morning,35,TRAFFIC SIGNAL,CLEAR,"DARKNESS, LIGHTED ROAD",SIDESWIPE SAME DIRECTION,NOT DIVIDED,DRY,INJURY AND / OR TOW DUE TO CRASH,,true,"OVER $1,500",NOT APPLICABLE,4,NO INDICATION OF INJURY,0,0,41.9282219068,-87.727024943,60639,"CHICAGO MIDWAY AIRPORT, IL US",93.0,64.0,38.0,0.0,10.0,15.0
crash_10022,2021-09-11 14:27:00,2021,9,Sep,Sat,14,Daytime,30,UNKNOWN,CLEAR,DAYLIGHT,SIDESWIPE SAME DIRECTION,DIVIDED - W/MEDIAN (NOT RAISED),DRY,NO INJURY / DRIVE AWAY,,,"OVER $1,500",UNABLE TO DETERMINE,2,NO INDICATION OF INJURY,0,0,41.8367930014,-87.7242019374,60623,"CHICAGO MIDWAY AIRPORT, IL US",86.0,64.0,48.0,0.0,10.0,16.0
crash_10023,2025-07-25 10:10:00,2025,7,Jul,Fri,10,Daytime,30,NO CONTROLS,CLEAR,DAYLIGHT,SIDESWIPE SAME DIRECTION,ONE-WAY,DRY,INJURY AND / OR TOW DUE TO CRASH,,,"OVER $1,500",IMPROPER OVERTAKING/PASSING,2,"REPORTED, NOT EVIDENT",1,0,41.839466833,-87.7230518908,60623,"CHICAGO MIDWAY AIRPORT, IL US",83.0,70.0,65.0,0.0,10.0,0.0
crash_10024,2025-05-15 19:05:00,2025,5,May,Thu,19,Night or early morning,30,TRAFFIC SIGNAL,CLOUDY/OVERCAST,DAYLIGHT,TURNING,OTHER,DRY,NO INJURY / DRIVE AWAY,,,"OVER $1,500",FAILING TO REDUCE SPEED TO AVOID CRASH,2,NO INDICATION OF INJURY,0,0,41.7690784,-87.6247010867,60637,"CHICAGO MIDWAY AIRPORT, IL US",90.0,67.0,47.0,0.0,10.0,28.0
crash_10025,2021-08-15 19:45:00,2021,8,Aug,Sun,19,Night or early morning,30,NO CONTROLS,CLEAR,DARKNESS,REAR END,NOT DIVIDED,DRY,INJURY AND / OR TOW DUE TO CRASH,,true,"OVER $1,500",UNABLE TO DETERMINE,3,NONINCAPACITATING INJURY,1,0,41.7785875681,-87.7380616813,60629,"CHICAGO MIDWAY AIRPORT, IL US",74.0,55.0,52.0,0.0,10.0,10.0
crash_10026,2024-11-05 12:20:00,2024,11,Nov,Tue,12,Daytime,30,STOP SIGN/FLASHER,CLEAR,DAYLIGHT,ANGLE,FOUR WAY,WET,NO INJURY / DRIVE AWAY,true,,"OVER $1,500",FAILING TO YIELD RIGHT-OF-WAY,3,NO INDICATION OF INJURY,0,0,41.6881146512,-87.5330193122,60617,"CHICAGO MIDWAY AIRPORT, IL US",67.0,60.0,79.0,,10.0,16.0
crash_10027,2018-11-10 14:19:00,2018,11,Nov,Sat,14,Daytime,30,TRAFFIC SIGNAL,CLEAR,DAYLIGHT,TURNING,DIVIDED - W/MEDIAN (NOT RAISED),DRY,INJURY AND / OR TOW DUE TO CRASH,,,"OVER $1,500",IMPROPER TURNING/NO SIGNAL,3,NONINCAPACITATING INJURY,1,0,41.7985582782,-87.7430718662,60638,"CHICAGO MIDWAY AIRPORT, IL US",33.0,15.0,47.0,0.0,10.0,6.0