crash_id,crash_datetime,crash_year,crash_month,crash_month_name,crash_weekday_name,crash_hour,time_period,posted_speed_limit_mph,traffic_control_device,reported_weather_condition,reported_lighting_condition,first_crash_type,trafficway_type,reported_road_surface_condition,crash_type,intersection_related,hit_and_run,estimated_damage,primary_contributory_cause,unit_count,most_severe_injury,injuries_total,injuries_fatal,latitude,longitude,zip5,weather_station_name,temperature_f,dew_point_f,relative_humidity_percent,precipitation_inches,visibility_miles,wind_speed_mph
crash_10028,2022-09-07 19:00:00,2022,9,Sep,Wed,19,Night or early morning,30,NO CONTROLS,CLEAR,DUSK,PARKED MOTOR VEHICLE,ONE-WAY,DRY,NO INJURY / DRIVE AWAY,,,"OVER $1,500","EVASIVE ACTION DUE TO ANIMAL, OBJECT, NONMOTORIST",3,NO INDICATION OF INJURY,0,0,41.7500803065,-87.6490202234,60620,"CHICAGO MIDWAY AIRPORT, IL US",77.0,56.0,48.0,0.0,10.0,8.0
crash_10029,2025-10-25 00:03:00,2025,10,Oct,Sat,0,Night or early morning,30,TRAFFIC SIGNAL,CLEAR,"DARKNESS, LIGHTED ROAD",SIDESWIPE SAME DIRECTION,UNKNOWN INTERSECTION TYPE,DRY,NO INJURY / DRIVE AWAY,true,,"OVER $1,500",DRIVING SKILLS/KNOWLEDGE/EXPERIENCE,2,NO INDICATION OF INJURY,0,0,41.7582910976,-87.6247900137,60621,,,,,,,
crash_10030,2023-05-18 13:30:00,2023,5,May,Thu,13,Daytime,15,NO CONTROLS,CLEAR,DAYLIGHT,SIDESWIPE SAME DIRECTION,ONE-WAY,DRY,NO INJURY / DRIVE AWAY,,,"OVER $1,500",UNABLE TO DETERMINE,2,NO INDICATION OF INJURY,0,0,41.976201139,-87.9053091251,60666,"CHICAGO OHARE INTERNATIONAL AIRPORT, IL US",71.0,32.0,24.0,0.0,10.0,7.0
crash_10031,2019-01-01 01:15:00,2019,1,Jan,Tue,1,Night or early morning,30,TRAFFIC SIGNAL,CLEAR,"DARKNESS, LIGHTED ROAD",SIDESWIPE SAME DIRECTION,ONE-WAY,WET,NO INJURY / DRIVE AWAY,,true,"OVER $1,500",DRIVING SKILLS/KNOWLEDGE/EXPERIENCE,2,NO INDICATION OF INJURY,0,0,41.9200553188,-87.6374262078,60614,"CHICAGO MIDWAY AIRPORT, IL US",36.0,33.0,89.0,0.0,10.0,10.0
crash_10032,2021-06-10 21:25:00,2021,6,Jun,Thu,21,Night or early morning,35,TRAFFIC SIGNAL,CLEAR,"DARKNESS, LIGHTED ROAD",REAR END,DIVIDED - W/MEDIAN BARRIER,DRY,NO INJURY / DRIVE AWAY,,,"OVER $1,500",UNABLE TO DETERMINE,2,NO INDICATION OF INJURY,0,0,41.7983099784,-87.7430622326,60638,"CHICAGO MIDWAY AIRPORT, IL US",78.0,64.0,62.0,0.0,10.0,8.0
crash_10033,2018-01-28 17:05:00,2018,1,Jan,Sun,17,Evening commute,30,NO CONTROLS,CLEAR,"DARKNESS, LIGHTED ROAD",PARKED MOTOR VEHICLE,ONE-WAY,DRY,NO INJURY / DRIVE AWAY,,true,"OVER $1,500",NOT APPLICABLE,3,NO INDICATION OF INJURY,0,0,41.7813283583,-87.699694289,60629,"CHICAGO MIDWAY AIRPORT, IL US",34.0,27.0,75.0,0.0,10.0,13.0
crash_10034,2021-02-01 13:34:00,2021,2,Feb,Mon,13,Daytime,30,NO CONTROLS,CLEAR,DAYLIGHT,REAR TO FRONT,ONE-WAY,WET,NO INJURY / DRIVE AWAY,,,"OVER $1,500",IMPROPER BACKING,2,NO INDICATION OF INJURY,0,0,41.8778814739,-87.6437510439,60661,"CHICAGO MIDWAY AIRPORT, IL US",33.0,22.0,64.0,0.0,10.0,14.0
crash_10035,2025-06-03 20:51:00,2025,6,Jun,Tue,20,Night or early morning,30,STOP SIGN/FLASHER,CLEAR,DARKNESS,PARKED MOTOR VEHICLE,FOUR WAY,DRY,INJURY AND / OR TOW DUE TO CRASH,,false,"OVER $1,500",UNABLE TO DETERMINE,2,NO INDICATION OF INJURY,0,0,41.9524200093,-87.6546297856,60613,"CHICAGO MIDWAY AIRPORT, IL US",85.0,56.0,37.0,0.0,10.0,18.0
crash_10036,2020-02-01 10:30:00,2020,2,Feb,Sat,10,Daytime,30,NO CONTROLS,CLEAR,DAYLIGHT,FIXED OBJECT,ONE-WAY,UNKNOWN,INJURY AND / OR TOW DUE TO CRASH,,,"OVER $1,500",ROAD ENGINEERING/SURFACE/MARKING DEFECTS,1,NO INDICATION OF INJURY,0,0,41.9535385299,-87.6676278839,60613,"CHICAGO MIDWAY AIRPORT, IL US",36.0,32.0,86.0,0.0,10.0,13.0
crash_10037,2023-05-10 00:40:00,2023,5,May,Wed,0,Night or early morning,15,NO CONTROLS,CLEAR,DARKNESS,FIXED OBJECT,PARKING LOT,DRY,INJURY AND / OR TOW DUE TO CRASH,,,"OVER $1,500",UNABLE TO DETERMINE,1,NONINCAPACITATING INJURY,1,0,41.9535543273,-87.7456675512,60641,"CHICAGO OHARE INTERNATIONAL AIRPORT, IL US",56.0,39.0,53.0,0.0,10.0,3.0
crash_10038,2024-01-07 18:30:00,2024,1,Jan,Sun,18,Evening commute,30,STOP SIGN/FLASHER,CLEAR,DARKNESS,REAR END,DIVIDED - W/MEDIAN (NOT RAISED),DRY,NO INJURY / DRIVE AWAY,,,"OVER $1,500",FOLLOWING TOO CLOSELY,2,NO INDICATION OF INJURY,0,0,41.7729881981,-87.6204323561,60637,"CHICAGO MIDWAY AIRPORT, IL US",35.0,26.0,70.0,0.0,10.0,0.0
crash_10039,2019-12-10 15:01:00,2019,12,Dec,Tue,15,Evening commute,30,NO CONTROLS,CLEAR,DAYLIGHT,ANGLE,ONE-WAY,DRY,INJURY AND / OR TOW DUE TO CRASH,,,"OVER $1,500",IMPROPER BACKING,2,NONINCAPACITATING INJURY,2,0,41.7660256051,-87.6247763257,60637,"CHICAGO MIDWAY AIRPORT, IL US",23.0,6.0,48.0,0.0,10.0,13.0
crash_10040,2018-11-10 09:28:00,2018,11,Nov,Sat,9,Morning commute,30,NO CONTROLS,CLEAR,DAYLIGHT,REAR END,NOT DIVIDED,DRY,INJURY AND / OR TOW DUE TO CRASH,,,"OVER $1,500",FAILING TO REDUCE SPEED TO AVOID CRASH,3,NO INDICATION OF INJURY,0,0,41.9101275722,-87.7145843134,60647,"CHICAGO MIDWAY AIRPORT, IL US",26.0,13.0,57.0,0.0,10.0,9.0
crash_10041,2021-05-13 14:20:00,2021,5,May,Thu,14,Daytime,30,TRAFFIC SIGNAL,CLEAR,DAYLIGHT,TURNING,FOUR WAY,DRY,INJURY AND / OR TOW DUE TO CRASH,true,,"OVER $1,500",FAILING TO YIELD RIGHT-OF-WAY,2,NONINCAPACITATING INJURY,1,0,41.744151639,-87.585945067,60619,"CHICAGO MIDWAY AIRPORT, IL US",68.0,25.0,20.0,0.0,10.0,3.0
crash_10042,2021-05-07 01:30:00,2021,5,May,Fri,1,Night or early morning,25,NO CONTROLS,UNKNOWN,"DARKNESS, LIGHTED ROAD",PARKED MOTOR VEHICLE,NOT DIVIDED,UNKNOWN,NO INJURY / DRIVE AWAY,,true,"OVER $1,500",UNABLE TO DETERMINE,2,NO INDICATION OF INJURY,0,0,41.9524355074,-87.8165800359,60634,"CHICAGO OHARE INTERNATIONAL AIRPORT, IL US",44.0,31.0,60.0,0.0,10.0,6.0
crash_10043,2020-01-13 15:30:00,2020,1,Jan,Mon,15,Evening commute,35,NO CONTROLS,CLEAR,DAYLIGHT,SIDESWIPE SAME DIRECTION,DIVIDED - W/MEDIAN (NOT RAISED),DRY,NO INJURY / DRIVE AWAY,,,"$501 - $1,500",UNABLE TO DETERMINE,2,NO INDICATION OF INJURY,0,0,41.8469909977,-87.6755586112,60608,"CHICAGO MIDWAY AIRPORT, IL US",33.0,26.0,75.0,0.0,10.0,9.0
crash_10044,2020-09-18 17:45:00,2020,9,Sep,Fri,17,Evening commute,30,TRAFFIC SIGNAL,CLEAR,DAYLIGHT,SIDESWIPE SAME DIRECTION,NOT DIVIDED,DRY,NO INJURY / DRIVE AWAY,true,,"OVER $1,500",UNABLE TO DETERMINE,2,NO INDICATION OF INJURY,0,0,41.909404663,-87.7547638736,60651,"CHICAGO MIDWAY AIRPORT, IL US",57.0,36.0,45.0,0.0,10.0,15.0
crash_10045,2024-04-16 13:35:00,2024,4,Apr,Tue,13,Daytime,25,TRAFFIC SIGNAL,CLEAR,DAYLIGHT,TURNING,FOUR WAY,DRY,INJURY AND / OR TOW DUE TO CRASH,true,true,"OVER $1,500",UNABLE TO DETERMINE,2,NONINCAPACITATING INJURY,1,0,41.7509181383,-87.6246901225,60620,"CHICAGO MIDWAY AIRPORT, IL US",78.0,54.0,43.0,,10.0,18.0
crash_10046,2024-10-30 17:10:00,2024,10,Oct,Wed,17,Evening commute,30,TRAFFIC SIGNAL,CLEAR,DAYLIGHT,TURNING,FOUR WAY,UNKNOWN,NO INJURY / DRIVE AWAY,true,,"OVER $1,500",NOT APPLICABLE,2,NO INDICATION OF INJURY,0,0,41.8691858808,-87.6784221068,60612,"CHICAGO MIDWAY AIRPORT, IL US",79.0,55.0,44.0,0.0,10.0,16.0
crash_10047,2021-07-21 21:40:00,2021,7,Jul,Wed,21,Night or early morning,30,NO CONTROLS,CLEAR,"DARKNESS, LIGHTED ROAD",FIXED OBJECT,NOT DIVIDED,DRY,INJURY AND / OR TOW DUE TO CRASH,,,"OVER $1,500",UNABLE TO DETERMINE,1,NO INDICATION OF INJURY,0,0,41.6773482961,-87.6843202733,60655,"CHICAGO MIDWAY AIRPORT, IL US",69.0,60.0,73.0,0.0,9.0,7.0
crash_10048,2023-06-09 08:00:00,2023,6,Jun,Fri,8,Morning commute,25,NO CONTROLS,CLEAR,DAYLIGHT,PARKED MOTOR VEHICLE,ONE-WAY,DRY,NO INJURY / DRIVE AWAY,,true,"OVER $1,500",UNABLE TO DETERMINE,2,NO INDICATION OF INJURY,0,0,41.9166063003,-87.6495272266,60614,"CHICAGO MIDWAY AIRPORT, IL US",65.0,47.0,52.0,0.0,10.0,6.0
crash_10049,2019-08-31 17:25:00,2019,8,Aug,Sat,17,Evening commute,30,NO CONTROLS,FREEZING RAIN/DRIZZLE,DAYLIGHT,PARKED MOTOR VEHICLE,NOT DIVIDED,UNKNOWN,NO INJURY / DRIVE AWAY,,,$500 OR LESS,IMPROPER OVERTAKING/PASSING,2,NO INDICATION OF INJURY,0,0,41.9720766609,-87.6609773656,60640,"CHICAGO MIDWAY AIRPORT, IL US",70.0,58.0,66.0,0.0,10.0,11.0
crash_10050,2024-06-26 09:30:00,2024,6,Jun,Wed,9,Morning commute,30,NO CONTROLS,CLEAR,DAYLIGHT,PARKED MOTOR VEHICLE,DIVIDED - W/MEDIAN BARRIER,DRY,NO INJURY / DRIVE AWAY,,true,"OVER $1,500",UNABLE TO DETERMINE,2,NO INDICATION OF INJURY,0,0,41.8061955495,-87.5895782827,60615,"CHICAGO MIDWAY AIRPORT, IL US",77.0,68.0,74.0,0.0,10.0,5.0
crash_10051,2021-03-21 16:00:00,2021,3,Mar,Sun,16,Evening commute,30,NO CONTROLS,CLEAR,UNKNOWN,PARKED MOTOR VEHICLE,NOT DIVIDED,DRY,NO INJURY / DRIVE AWAY,,true,"OVER $1,500",UNABLE TO DETERMINE,2,NO INDICATION OF INJURY,0,0,41.9029341881,-87.7075519827,60651,"CHICAGO MIDWAY AIRPORT, IL US",65.0,19.0,17.0,0.0,10.0,18.0
crash_10052,2019-11-30 11:30:00,2019,11,Nov,Sat,11,Daytime,30,NO CONTROLS,RAIN,DAYLIGHT,REAR TO SIDE,PARKING LOT,WET,NO INJURY / DRIVE AWAY,,,"$501 - $1,500",WEATHER,2,NO INDICATION OF INJURY,0,0,41.9691923029,-87.7282034121,60630,"CHICAGO OHARE INTERNATIONAL AIRPORT, IL US",36.0,34.0,93.0,0.06,4.0,15.0
crash_10053,2025-12-09 08:00:00,2025,12,Dec,Tue,8,Morning commute,30,TRAFFIC SIGNAL,CLEAR,DAYLIGHT,SIDESWIPE SAME DIRECTION,NOT DIVIDED,DRY,NO INJURY / DRIVE AWAY,,,"OVER $1,500",DRIVING SKILLS/KNOWLEDGE/EXPERIENCE,2,NO INDICATION OF INJURY,0,0,41.9036016493,-87.6586271175,60642,,,,,,,
crash_10054,2023-03-22 14:00:00,2023,3,Mar,Wed,14,Daytime,30,UNKNOWN,UNKNOWN,UNKNOWN,SIDESWIPE SAME DIRECTION,PARKING LOT,UNKNOWN,NO INJURY / DRIVE AWAY,,,"OVER $1,500",UNABLE TO DETERMINE,2,NO INDICATION OF INJURY,0,0,41.9660173342,-87.7593211443,60630,"CHICAGO OHARE INTERNATIONAL AIRPORT, IL US",51.0,43.0,74.0,,9.0,6.0
crash_10055,2024-03-06 09:50:00,2024,3,Mar,Wed,9,Morning commute,25,NO CONTROLS,CLEAR,DAYLIGHT,PARKED MOTOR VEHICLE,ONE-WAY,DRY,NO INJURY / DRIVE AWAY,,true,"OVER $1,500",UNABLE TO DETERMINE,2,NO INDICATION OF INJURY,0,0,41.9455134315,-87.7201799543,60618,"CHICAGO OHARE INTERNATIONAL AIRPORT, IL US",44.0,36.0,73.0,0.0,10.0,14.0
crash_10056,2018-08-20 01:26:00,2018,8,Aug,Mon,1,Night or early morning,30,NO CONTROLS,CLEAR,"DARKNESS, LIGHTED ROAD",PARKED MOTOR VEHICLE,NOT DIVIDED,DRY,INJURY AND / OR TOW DUE TO CRASH,,,"$501 - $1,500",EQUIPMENT - VEHICLE CONDITION,2,NO INDICATION OF INJURY,0,0,41.9354835524,-87.7345013411,60641,"CHICAGO OHARE INTERNATIONAL AIRPORT, IL US",74.0,64.0,71.0,0.0,10.0,8.0
crash_10057,2019-08-11 14:37:00,2019,8,Aug,Sun,14,Daytime,15,NO CONTROLS,CLEAR,DAYLIGHT,PARKED MOTOR VEHICLE,NOT DIVIDED,DRY,NO INJURY / DRIVE AWAY,,,"$501 - $1,500",IMPROPER LANE USAGE,2,NO INDICATION OF INJURY,0,0,41.9343420452,-87.8007894251,60634,"CHICAGO OHARE INTERNATIONAL AIRPORT, IL US",81.0,63.0,54.0,0.0,10.0,14.0
crash_10058,2019-07-10 09:26:00,2019,7,Jul,Wed,9,Morning commute,30,NO CONTROLS,CLEAR,DAYLIGHT,REAR END,DIVIDED - W/MEDIAN (NOT RAISED),DRY,NO INJURY / DRIVE AWAY,,,"OVER $1,500",FOLLOWING TOO CLOSELY,2,NO INDICATION OF INJURY,0,0,41.9242727136,-87.7521150377,60639,"CHICAGO OHARE INTERNATIONAL AIRPORT, IL US",85.0,72.0,65.0,0.0,10.0,7.0
crash_10059,2022-09-03 14:59:00,2022,9,Sep,Sat,14,Daytime,30,TRAFFIC SIGNAL,CLEAR,DAYLIGHT,TURNING,FOUR WAY,DRY,NO INJURY / DRIVE AWAY,true,,"OVER $1,500",FAILING TO YIELD RIGHT-OF-WAY,2,NO INDICATION OF INJURY,0,0,41.8510177607,-87.7248903995,60623,"CHICAGO MIDWAY AIRPORT, IL US",86.0,63.0,46.0,,10.0,13.0
crash_10060,2023-05-10 15:10:00,2023,5,May,Wed,15,Evening commute,30,UNKNOWN,UNKNOWN,UNKNOWN,REAR END,DIVIDED - W/MEDIAN (NOT RAISED),UNKNOWN,NO INJURY / DRIVE AWAY,,,"$501 - $1,500",UNABLE TO DETERMINE,2,NO INDICATION OF INJURY,0,0,41.9089989052,-87.8040383075,60707,"CHICAGO OHARE INTERNATIONAL AIRPORT, IL US",78.0,41.0,27.0,0.0,10.0,6.0
crash_10061,2020-11-01 07:45:00,2020,11,Nov,Sun,7,Morning commute,30,NO CONTROLS,CLEAR,DAYLIGHT,PARKED MOTOR VEHICLE,DIVIDED - W/MEDIAN (NOT RAISED),DRY,NO INJURY / DRIVE AWAY,,,"$501 - $1,500",UNABLE TO DETERMINE,2,NO INDICATION OF INJURY,0,0,41.7734260098,-87.568736084,60649,"CHICAGO MIDWAY AIRPORT, IL US",36.0,20.0,52.0,0.0,10.0,18.0
crash_10062,2025-01-24 15:28:00,2025,1,Jan,Fri,15,Evening commute,30,NO CONTROLS,CLEAR,DAYLIGHT,SIDESWIPE SAME DIRECTION,NOT DIVIDED,DRY,NO INJURY / DRIVE AWAY,,true,"OVER $1,500",IMPROPER LANE USAGE,2,NO INDICATION OF INJURY,0,0,41.6918974163,-87.6798562059,60643,"CHICAGO MIDWAY AIRPORT, IL US",22.0,4.0,46.0,,10.0,11.0
crash_10063,2024-11-24 15:43:00,2024,11,Nov,Sun,15,Evening commute,25,NO CONTROLS,CLOUDY/OVERCAST,DAYLIGHT,PEDESTRIAN,ONE-WAY,DRY,INJURY AND / OR TOW DUE TO CRASH,,,$500 OR LESS,UNABLE TO DETERMINE,2,NONINCAPACITATING INJURY,1,0,,,,,,,,,,
crash_10064,2024-08-05 11:30:00,2024,8,Aug,Mon,11,Daytime,30,NO CONTROLS,CLEAR,DAYLIGHT,ANGLE,DIVIDED - W/MEDIAN BARRIER,DRY,NO INJURY / DRIVE AWAY,,,"OVER $1,500",FAILING TO YIELD RIGHT-OF-WAY,2,NO INDICATION OF INJURY,0,0,41.7210827914,-87.6641859608,60643,"CHICAGO MIDWAY AIRPORT, IL US",86.0,74.0,67.0,0.0,10.0,6.0
crash_10065,2018-08-12 17:35:00,2018,8,Aug,Sun,17,Evening commute,20,NO CONTROLS,CLEAR,DAYLIGHT,PARKED MOTOR VEHICLE,ONE-WAY,DRY,NO INJURY / DRIVE AWAY,,,$500 OR LESS,UNABLE TO DETERMINE,2,NO INDICATION OF INJURY,0,0,41.9964994272,-87.6587746199,60660,"CHICAGO OHARE INTERNATIONAL AIRPORT, IL US",84.0,56.0,38.0,0.0,10.0,10.0
crash_10066,2020-10-04 01:50:00,2020,10,Oct,Sun,1,Night or early morning,30,NO CONTROLS,RAIN,"DARKNESS, LIGHTED ROAD",SIDESWIPE SAME DIRECTION,NOT DIVIDED,WET,INJURY AND / OR TOW DUE TO CRASH,,,"OVER $1,500",NOT APPLICABLE,2,NO INDICATION OF INJURY,0,0,41.8863711317,-87.7061334542,60612,"CHICAGO MIDWAY AIRPORT, IL US",48.0,44.0,86.0,0.01,8.0,6.0
crash_10067,2019-08-20 08:15:00,2019,8,Aug,Tue,8,Morning commute,30,NO CONTROLS,CLOUDY/OVERCAST,DAYLIGHT,PARKED MOTOR VEHICLE,NOT DIVIDED,DRY,NO INJURY / DRIVE AWAY,,,$500 OR LESS,IMPROPER BACKING,2,NO INDICATION OF INJURY,0,0,41.8647409294,-87.6420332014,60607,"CHICAGO MIDWAY AIRPORT, IL US",76.0,73.0,91.0,0.0,9.0,5.0
crash_10068,2019-09-16 13:00:00,2019,9,Sep,Mon,13,Daytime,30,NO CONTROLS,CLEAR,DAYLIGHT,PARKED MOTOR VEHICLE,ONE-WAY,DRY,NO INJURY / DRIVE AWAY,,true,"$501 - $1,500",UNABLE TO DETERMINE,2,NO INDICATION OF INJURY,0,0,41.9792294639,-87.7152991942,60625,"CHICAGO OHARE INTERNATIONAL AIRPORT, IL US",72.0,64.0,76.0,0.0,10.0,10.0
crash_10069,2022-05-30 02:26:00,2022,5,May,Mon,2,Night or early morning,30,NO CONTROLS,CLEAR,"DARKNESS, LIGHTED ROAD",PARKED MOTOR VEHICLE,NOT DIVIDED,DRY,INJURY AND / OR TOW DUE TO CRASH,,,"OVER $1,500",FAILING TO REDUCE SPEED TO AVOID CRASH,2,NO INDICATION OF INJURY,0,0,41.912944245,-87.7636607807,60639,"CHICAGO MIDWAY AIRPORT, IL US",74.0,59.0,60.0,0.0,10.0,16.0
crash_10070,2020-06-19 22:09:00,2020,6,Jun,Fri,22,Night or early morning,20,NO CONTROLS,CLEAR,"DARKNESS, LIGHTED ROAD",PARKED MOTOR VEHICLE,ONE-WAY,DRY,INJURY AND / OR TOW DUE TO CRASH,,true,"OVER $1,500",UNABLE TO DETERMINE,4,NO INDICATION OF INJURY,0,0,41.793275888,-87.7976145321,60638,"CHICAGO MIDWAY AIRPORT, IL US",80.0,59.0,49.0,0.0,10.0,5.0
crash_10071,2018-11-01 18:45:00,2018,11,Nov,Thu,18,Evening commute,30,NO CONTROLS,CLOUDY/OVERCAST,"DARKNESS, LIGHTED ROAD",OTHER OBJECT,DRIVEWAY,DRY,NO INJURY / DRIVE AWAY,,,$500 OR LESS,UNABLE TO DETERMINE,1,NO INDICATION OF INJURY,0,0,41.7210005676,-87.6702073907,60643,"CHICAGO MIDWAY AIRPORT, IL US",48.0,36.0,63.0,0.0,10.0,17.0
crash_10072,2023-06-06 14:19:00,2023,6,Jun,Tue,14,Daytime,30,NO CONTROLS,CLEAR,DAYLIGHT,PARKED MOTOR VEHICLE,DIVIDED - W/MEDIAN (NOT RAISED),DRY,INJURY AND / OR TOW DUE TO CRASH,,,"OVER $1,500",FAILING TO REDUCE SPEED TO AVOID CRASH,2,NO INDICATION OF INJURY,0,0,41.7947482697,-87.7679442401,60638,"CHICAGO MIDWAY AIRPORT, IL US",69.0,58.0,68.0,0.02,9.0,9.0
crash_10073,2024-03-20 16:16:00,2024,3,Mar,Wed,16,Evening commute,25,NO CONTROLS,CLEAR,DAYLIGHT,REAR END,DIVIDED - W/MEDIAN BARRIER,DRY,INJURY AND / OR TOW DUE TO CRASH,,,"OVER $1,500",UNABLE TO DETERMINE,2,"REPORTED, NOT EVIDENT",1,0,41.8627631928,-87.6762910813,60608,"CHICAGO MIDWAY AIRPORT, IL US",41.0,7.0,24.0,0.0,10.0,14.0
crash_10074,2023-07-11 14:50:00,2023,7,Jul,Tue,14,Daytime,30,NO CONTROLS,CLEAR,DAYLIGHT,FIXED OBJECT,NOT DIVIDED,DRY,INJURY AND / OR TOW DUE TO CRASH,,,"OVER $1,500",DISREGARDING ROAD MARKINGS,1,NO INDICATION OF INJURY,0,0,41.8909974982,-87.6267989246,60611,"CHICAGO MIDWAY AIRPORT, IL US",76.0,66.0,72.0,0.83,10.0,17.0
crash_10075,2025-06-23 11:25:00,2025,6,Jun,Mon,11,Daytime,30,NO CONTROLS,CLEAR,DAYLIGHT,REAR END,DIVIDED - W/MEDIAN BARRIER,DRY,NO INJURY / DRIVE AWAY,,,"OVER $1,500",UNABLE TO DETERMINE,2,NO INDICATION OF INJURY,0,0,41.8779245839,-87.6668493611,60612,"CHICAGO MIDWAY AIRPORT, IL US",91.0,70.0,50.0,0.0,10.0,15.0
crash_10076,2024-10-12 11:50:00,2024,10,Oct,Sat,11,Daytime,30,TRAFFIC SIGNAL,UNKNOWN,DAYLIGHT,TURNING,T-INTERSECTION,UNKNOWN,NO INJURY / DRIVE AWAY,true,,"OVER $1,500",UNABLE TO DETERMINE,2,NO INDICATION OF INJURY,0,0,41.857474371,-87.6859686047,60608,"CHICAGO MIDWAY AIRPORT, IL US",67.0,52.0,59.0,0.0,10.0,7.0
crash_10077,2025-02-22 18:12:00,2025,2,Feb,Sat,18,Evening commute,30,TRAFFIC SIGNAL,CLEAR,"DARKNESS, LIGHTED ROAD",SIDESWIPE SAME DIRECTION,NOT DIVIDED,UNKNOWN,NO INJURY / DRIVE AWAY,,,"OVER $1,500",IMPROPER OVERTAKING/PASSING,2,NO INDICATION OF INJURY,0,0,41.7549739036,-87.7222212443,60652,"CHICAGO MIDWAY AIRPORT, IL US",34.0,15.0,46.0,0.0,10.0,9.0
crash_10078,2019-01-29 08:30:00,2019,1,Jan,Tue,8,Morning commute,15,NO CONTROLS,CLEAR,DAYLIGHT,ANGLE,PARKING LOT,SNOW OR SLUSH,NO INJURY / DRIVE AWAY,,,"$501 - $1,500",FAILING TO YIELD RIGHT-OF-WAY,2,NO INDICATION OF INJURY,0,0,41.8655074432,-87.6852958702,60608,"CHICAGO MIDWAY AIRPORT, IL US",2.0,-6.0,69.0,0.0,10.0,16.0
crash_10079,2024-06-08 18:11:00,2024,6,Jun,Sat,18,Evening commute,30,TRAFFIC SIGNAL,CLEAR,DAYLIGHT,REAR END,NOT DIVIDED,DRY,NO INJURY / DRIVE AWAY,,,"OVER $1,500",FOLLOWING TOO CLOSELY,2,NO INDICATION OF INJURY,0,0,41.8408096454,-87.7050749478,60623,"CHICAGO MIDWAY AIRPORT, IL US",59.0,55.0,87.0,0.0,6.0,17.0
crash_10080,2019-02-27 09:00:00,2019,2,Feb,Wed,9,Morning commute,0,NO CONTROLS,CLEAR,DAYLIGHT,PARKED MOTOR VEHICLE,PARKING LOT,UNKNOWN,NO INJURY / DRIVE AWAY,,true,"$501 - $1,500",UNABLE TO DETERMINE,2,NO INDICATION OF INJURY,0,0,42.0063399207,-87.6799936307,60626,"CHICAGO OHARE INTERNATIONAL AIRPORT, IL US",29.0,21.0,72.0,0.0,6.0,5.0
crash_10081,2023-07-04 15:10:00,2023,7,Jul,Tue,15,Evening commute,30,NO CONTROLS,CLEAR,DAYLIGHT,REAR END,DIVIDED - W/MEDIAN (NOT RAISED),DRY,NO INJURY / DRIVE AWAY,,,"$501 - $1,500",FOLLOWING TOO CLOSELY,2,NO INDICATION OF INJURY,0,0,41.8067124116,-87.6836658246,60609,"CHICAGO MIDWAY AIRPORT, IL US",91.0,61.0,37.0,0.0,10.0,11.0
crash_10082,2025-10-15 17:24:00,2025,10,Oct,Wed,17,Evening commute,10,NO CONTROLS,CLEAR,DAYLIGHT,PARKED MOTOR VEHICLE,PARKING LOT,DRY,NO INJURY / DRIVE AWAY,,,"$501 - $1,500",UNABLE TO DETERMINE,2,NO INDICATION OF INJURY,0,0,41.8029905655,-87.6065724076,60615,,,,,,,
crash_10083,2023-01-03 20:00:00,2023,1,Jan,Tue,20,Night or early morning,25,NO CONTROLS,UNKNOWN,"DARKNESS, LIGHTED ROAD",PARKED MOTOR VEHICLE,NOT DIVIDED,UNKNOWN,NO INJURY / DRIVE AWAY,,true,"$501 - $1,500",UNABLE TO DETERMINE,2,NO INDICATION OF INJURY,0,0,41.7496693701,-87.5953050723,60619,"CHICAGO MIDWAY AIRPORT, IL US",46.0,45.0,96.0,0.0,0.12,3.0
crash_10084,2022-08-25 08:35:00,2022,8,Aug,Thu,8,Morning commute,30,NO CONTROLS,RAIN,DAYLIGHT,ANGLE,NOT DIVIDED,WET,NO INJURY / DRIVE AWAY,true,,"OVER $1,500",WEATHER,2,NO INDICATION OF INJURY,0,0,41.8284035223,-87.6845505847,60609,"CHICAGO MIDWAY AIRPORT, IL US",69.0,63.0,81.0,0.06,2.5,9.0
crash_10085,2022-12-19 08:35:00,2022,12,Dec,Mon,8,Morning commute,30,TRAFFIC SIGNAL,CLEAR,DAYLIGHT,REAR END,DIVIDED - W/MEDIAN (NOT RAISED),DRY,NO INJURY / DRIVE AWAY,true,,"$501 - $1,500",DRIVING SKILLS/KNOWLEDGE/EXPERIENCE,2,NO INDICATION OF INJURY,0,0,41.8088544792,-87.6845857469,60632,"CHICAGO MIDWAY AIRPORT, IL US",13.0,5.0,70.0,0.0,10.0,3.0
crash_10086,2018-02-15 19:45:00,2018,2,Feb,Thu,19,Night or early morning,40,UNKNOWN,UNKNOWN,"DARKNESS, LIGHTED ROAD",REAR END,UNKNOWN,UNKNOWN,NO INJURY / DRIVE AWAY,,,"$501 - $1,500",FOLLOWING TOO CLOSELY,3,NO INDICATION OF INJURY,0,0,41.7356475942,-87.6668541799,60620,"CHICAGO MIDWAY AIRPORT, IL US",45.0,36.0,71.0,0.0,10.0,9.0