crash_id,crash_datetime,crash_year,crash_month,crash_month_name,crash_weekday_name,crash_hour,time_period,posted_speed_limit_mph,traffic_control_device,reported_weather_condition,reported_lighting_condition,first_crash_type,trafficway_type,reported_road_surface_condition,crash_type,intersection_related,hit_and_run,estimated_damage,primary_contributory_cause,unit_count,most_severe_injury,injuries_total,injuries_fatal,latitude,longitude,zip5,weather_station_name,temperature_f,dew_point_f,relative_humidity_percent,precipitation_inches,visibility_miles,wind_speed_mph
crash_10087,2024-07-20 08:56:00,2024,7,Jul,Sat,8,Morning commute,30,NO CONTROLS,CLEAR,DAYLIGHT,SIDESWIPE SAME DIRECTION,NOT DIVIDED,DRY,INJURY AND / OR TOW DUE TO CRASH,true,,"OVER $1,500",NOT APPLICABLE,2,NONINCAPACITATING INJURY,2,0,41.8388230697,-87.607958028,60616,"CHICAGO MIDWAY AIRPORT, IL US",74.0,56.0,54.0,0.0,10.0,7.0
crash_10088,2019-07-17 11:30:00,2019,7,Jul,Wed,11,Daytime,25,NO CONTROLS,CLEAR,DAYLIGHT,PARKED MOTOR VEHICLE,ONE-WAY,DRY,NO INJURY / DRIVE AWAY,,true,"OVER $1,500",UNABLE TO DETERMINE,2,NO INDICATION OF INJURY,0,0,41.9369405227,-87.7921418124,60634,"CHICAGO OHARE INTERNATIONAL AIRPORT, IL US",87.0,68.0,53.0,0.0,10.0,3.0
crash_10089,2024-08-01 18:30:00,2024,8,Aug,Thu,18,Evening commute,30,NO CONTROLS,CLEAR,DAYLIGHT,REAR TO SIDE,DRIVEWAY,DRY,NO INJURY / DRIVE AWAY,,,"OVER $1,500",IMPROPER OVERTAKING/PASSING,2,NO INDICATION OF INJURY,0,0,41.6537639542,-87.542157775,60633,"CHICAGO MIDWAY AIRPORT, IL US",86.0,68.0,55.0,,10.0,7.0
crash_10090,2020-02-09 22:14:00,2020,2,Feb,Sun,22,Night or early morning,30,TRAFFIC SIGNAL,RAIN,"DARKNESS, LIGHTED ROAD",REAR END,NOT DIVIDED,WET,NO INJURY / DRIVE AWAY,,,"$501 - $1,500",UNABLE TO DETERMINE,2,NO INDICATION OF INJURY,0,0,41.9759780821,-87.6920592931,60625,"CHICAGO OHARE INTERNATIONAL AIRPORT, IL US",36.0,34.0,93.0,0.0,7.0,7.0
crash_10091,2025-08-21 13:10:00,2025,8,Aug,Thu,13,Daytime,30,TRAFFIC SIGNAL,CLEAR,DAYLIGHT,SIDESWIPE SAME DIRECTION,DIVIDED - W/MEDIAN (NOT RAISED),DRY,NO INJURY / DRIVE AWAY,,,"$501 - $1,500",UNABLE TO DETERMINE,2,NO INDICATION OF INJURY,0,0,41.9501916735,-87.7077682715,60618,"CHICAGO OHARE INTERNATIONAL AIRPORT, IL US",75.0,62.0,64.0,0.0,10.0,10.0
crash_10092,2022-03-03 08:35:00,2022,3,Mar,Thu,8,Morning commute,30,STOP SIGN/FLASHER,CLEAR,DAYLIGHT,ANGLE,NOT DIVIDED,DRY,NO INJURY / DRIVE AWAY,true,,"OVER $1,500",UNABLE TO DETERMINE,2,NO INDICATION OF INJURY,0,0,41.9024349218,-87.7485448719,60651,"CHICAGO MIDWAY AIRPORT, IL US",32.0,17.0,54.0,,10.0,14.0
crash_10093,2018-01-14 01:00:00,2018,1,Jan,Sun,1,Night or early morning,30,NO CONTROLS,CLEAR,UNKNOWN,PARKED MOTOR VEHICLE,NOT DIVIDED,DRY,NO INJURY / DRIVE AWAY,,true,$500 OR LESS,IMPROPER BACKING,2,NO INDICATION OF INJURY,0,0,41.9454116041,-87.6495750864,60657,"CHICAGO MIDWAY AIRPORT, IL US",9.0,-2.0,61.0,0.0,10.0,5.0
crash_10094,2018-06-03 10:00:00,2018,6,Jun,Sun,10,Daytime,10,NO CONTROLS,CLEAR,DAYLIGHT,ANGLE,PARKING LOT,DRY,NO INJURY / DRIVE AWAY,,,"$501 - $1,500",UNABLE TO DETERMINE,2,NO INDICATION OF INJURY,0,0,41.7935814777,-87.7233164495,60632,"CHICAGO MIDWAY AIRPORT, IL US",70.0,51.0,51.0,0.0,10.0,16.0
crash_10095,2025-05-16 11:49:00,2025,5,May,Fri,11,Daytime,30,NO CONTROLS,CLEAR,DAYLIGHT,SIDESWIPE SAME DIRECTION,NOT DIVIDED,DRY,NO INJURY / DRIVE AWAY,,,"OVER $1,500",UNABLE TO DETERMINE,2,NO INDICATION OF INJURY,0,0,41.9221552156,-87.7573805085,60639,"CHICAGO OHARE INTERNATIONAL AIRPORT, IL US",84.0,42.0,23.0,0.0,10.0,22.0
crash_10096,2024-12-11 06:10:00,2024,12,Dec,Wed,6,Morning commute,30,TRAFFIC SIGNAL,CLEAR,DAYLIGHT,SIDESWIPE SAME DIRECTION,NOT DIVIDED,DRY,NO INJURY / DRIVE AWAY,,,"$501 - $1,500",IMPROPER OVERTAKING/PASSING,2,NO INDICATION OF INJURY,0,0,41.873319353,-87.7255555309,60624,"CHICAGO MIDWAY AIRPORT, IL US",29.0,18.0,63.0,,10.0,6.0
crash_10097,2019-10-04 17:00:00,2019,10,Oct,Fri,17,Evening commute,30,NO CONTROLS,CLEAR,DAYLIGHT,REAR END,NOT DIVIDED,DRY,NO INJURY / DRIVE AWAY,,,"$501 - $1,500",UNABLE TO DETERMINE,2,NO INDICATION OF INJURY,0,0,42.0116913141,-87.7844923733,60646,"CHICAGO OHARE INTERNATIONAL AIRPORT, IL US",55.0,47.0,74.0,0.0,10.0,17.0
crash_10098,2023-03-14 08:33:00,2023,3,Mar,Tue,8,Morning commute,30,TRAFFIC SIGNAL,CLEAR,DAYLIGHT,REAR END,OTHER,DRY,NO INJURY / DRIVE AWAY,true,,"OVER $1,500",DRIVING SKILLS/KNOWLEDGE/EXPERIENCE,2,NO INDICATION OF INJURY,0,0,41.8555036521,-87.6270006168,60616,"CHICAGO MIDWAY AIRPORT, IL US",24.0,12.0,60.0,0.0,10.0,13.0
crash_10099,2021-08-03 20:30:00,2021,8,Aug,Tue,20,Night or early morning,35,NO CONTROLS,CLEAR,"DARKNESS, LIGHTED ROAD",HEAD ON,PARKING LOT,DRY,NO INJURY / DRIVE AWAY,,true,"$501 - $1,500",DRIVING ON WRONG SIDE/WRONG WAY,2,NO INDICATION OF INJURY,0,0,41.8530780013,-87.6223842966,60616,"CHICAGO MIDWAY AIRPORT, IL US",,,,0.0,10.0,8.0
crash_10100,2020-11-22 18:20:00,2020,11,Nov,Sun,18,Evening commute,30,NO CONTROLS,CLEAR,DAYLIGHT,TURNING,NOT DIVIDED,DRY,INJURY AND / OR TOW DUE TO CRASH,,,"OVER $1,500",FAILING TO YIELD RIGHT-OF-WAY,2,NO INDICATION OF INJURY,0,0,42.0191320471,-87.6665420794,60626,"CHICAGO OHARE INTERNATIONAL AIRPORT, IL US",43.0,33.0,68.0,0.0,10.0,6.0
crash_10101,2021-07-16 18:50:00,2021,7,Jul,Fri,18,Evening commute,30,NO CONTROLS,CLEAR,DAYLIGHT,PARKED MOTOR VEHICLE,NOT DIVIDED,DRY,NO INJURY / DRIVE AWAY,,,"$501 - $1,500",IMPROPER OVERTAKING/PASSING,2,NO INDICATION OF INJURY,0,0,41.9169335542,-87.7535245229,60639,"CHICAGO MIDWAY AIRPORT, IL US",71.0,58.0,63.0,0.0,10.0,11.0
crash_10102,2020-01-20 22:00:00,2020,1,Jan,Mon,22,Night or early morning,40,TRAFFIC SIGNAL,CLEAR,"DARKNESS, LIGHTED ROAD",REAR END,NOT DIVIDED,UNKNOWN,INJURY AND / OR TOW DUE TO CRASH,,true,$500 OR LESS,UNABLE TO DETERMINE,2,NONINCAPACITATING INJURY,1,0,41.7370349849,-87.5695225994,60617,"CHICAGO MIDWAY AIRPORT, IL US",23.0,14.0,68.0,0.0,10.0,8.0
crash_10103,2018-09-11 09:25:00,2018,9,Sep,Tue,9,Morning commute,30,STOP SIGN/FLASHER,CLEAR,DAYLIGHT,TURNING,NOT DIVIDED,DRY,NO INJURY / DRIVE AWAY,true,,"$501 - $1,500",IMPROPER TURNING/NO SIGNAL,2,NO INDICATION OF INJURY,0,0,41.9331180942,-87.7142758413,60618,"CHICAGO MIDWAY AIRPORT, IL US",70.0,59.0,68.0,0.0,10.0,3.0
crash_10104,2023-12-20 17:54:00,2023,12,Dec,Wed,17,Evening commute,30,NO CONTROLS,CLEAR,"DARKNESS, LIGHTED ROAD",SIDESWIPE SAME DIRECTION,NOT DIVIDED,DRY,NO INJURY / DRIVE AWAY,,true,$500 OR LESS,UNABLE TO DETERMINE,2,NO INDICATION OF INJURY,0,0,41.8870838767,-87.7552187742,60644,"CHICAGO MIDWAY AIRPORT, IL US",40.0,26.0,58.0,0.0,10.0,6.0
crash_10105,2020-07-24 17:57:00,2020,7,Jul,Fri,17,Evening commute,30,NO CONTROLS,CLEAR,DAYLIGHT,REAR END,NOT DIVIDED,DRY,INJURY AND / OR TOW DUE TO CRASH,,,"OVER $1,500",FOLLOWING TOO CLOSELY,2,NO INDICATION OF INJURY,0,0,41.9380403927,-87.8168368072,60634,"CHICAGO OHARE INTERNATIONAL AIRPORT, IL US",85.0,66.0,53.0,0.0,10.0,7.0
crash_10106,2022-12-17 02:57:00,2022,12,Dec,Sat,2,Night or early morning,30,TRAFFIC SIGNAL,CLEAR,"DARKNESS, LIGHTED ROAD",FIXED OBJECT,NOT DIVIDED,OTHER,INJURY AND / OR TOW DUE TO CRASH,true,,"OVER $1,500",UNABLE TO DETERMINE,1,NO INDICATION OF INJURY,0,0,41.9237826342,-87.7852991946,60639,"CHICAGO OHARE INTERNATIONAL AIRPORT, IL US",26.0,19.0,75.0,0.0,10.0,16.0
crash_10107,2019-09-13 19:15:00,2019,9,Sep,Fri,19,Night or early morning,30,NO CONTROLS,CLEAR,"DARKNESS, LIGHTED ROAD",REAR END,DIVIDED - W/MEDIAN (NOT RAISED),DRY,INJURY AND / OR TOW DUE TO CRASH,,,"OVER $1,500",FOLLOWING TOO CLOSELY,2,NO INDICATION OF INJURY,0,0,41.7492967819,-87.7039671808,60652,"CHICAGO MIDWAY AIRPORT, IL US",70.0,54.0,57.0,0.0,10.0,15.0
crash_10108,2022-05-02 09:20:00,2022,5,May,Mon,9,Morning commute,30,NO CONTROLS,CLEAR,DAYLIGHT,PARKED MOTOR VEHICLE,DIVIDED - W/MEDIAN (NOT RAISED),DRY,NO INJURY / DRIVE AWAY,,,"$501 - $1,500",UNABLE TO DETERMINE,2,NO INDICATION OF INJURY,0,0,41.9465027334,-87.6469196843,60657,"CHICAGO MIDWAY AIRPORT, IL US",50.0,39.0,66.0,0.0,10.0,10.0
crash_10109,2019-11-06 13:00:00,2019,11,Nov,Wed,13,Daytime,5,NO CONTROLS,CLOUDY/OVERCAST,DAYLIGHT,PARKED MOTOR VEHICLE,PARKING LOT,DRY,NO INJURY / DRIVE AWAY,,,$500 OR LESS,UNABLE TO DETERMINE,2,NO INDICATION OF INJURY,0,0,41.8447339387,-87.6953630667,60623,"CHICAGO MIDWAY AIRPORT, IL US",56.0,31.0,39.0,0.0,10.0,22.0
crash_10110,2023-03-22 10:09:00,2023,3,Mar,Wed,10,Daytime,10,NO CONTROLS,CLEAR,DAYLIGHT,PARKED MOTOR VEHICLE,PARKING LOT,DRY,NO INJURY / DRIVE AWAY,,,"$501 - $1,500",UNABLE TO DETERMINE,2,NO INDICATION OF INJURY,0,0,41.9536246423,-87.7193108495,60618,"CHICAGO OHARE INTERNATIONAL AIRPORT, IL US",42.0,39.0,89.0,0.0,3.0,8.0
crash_10111,2023-02-19 15:30:00,2023,2,Feb,Sun,15,Evening commute,15,NO CONTROLS,UNKNOWN,UNKNOWN,PARKED MOTOR VEHICLE,PARKING LOT,UNKNOWN,NO INJURY / DRIVE AWAY,,true,"OVER $1,500",UNABLE TO DETERMINE,2,NO INDICATION OF INJURY,0,0,41.9244966857,-87.6534294039,60614,"CHICAGO MIDWAY AIRPORT, IL US",52.0,31.0,45.0,0.0,10.0,16.0
crash_10112,2022-09-01 16:03:00,2022,9,Sep,Thu,16,Evening commute,30,STOP SIGN/FLASHER,CLEAR,DAYLIGHT,SIDESWIPE SAME DIRECTION,NOT DIVIDED,DRY,NO INJURY / DRIVE AWAY,true,true,$500 OR LESS,IMPROPER OVERTAKING/PASSING,2,NO INDICATION OF INJURY,0,0,41.975319532,-87.659738127,60640,"CHICAGO OHARE INTERNATIONAL AIRPORT, IL US",87.0,60.0,40.0,0.0,10.0,9.0
crash_10113,2025-06-11 17:05:00,2025,6,Jun,Wed,17,Evening commute,0,NO CONTROLS,CLEAR,DAYLIGHT,PEDESTRIAN,OTHER,DRY,INJURY AND / OR TOW DUE TO CRASH,,true,"OVER $1,500",UNABLE TO DETERMINE,2,NONINCAPACITATING INJURY,1,0,41.9058860028,-87.6254505529,60610,"CHICAGO MIDWAY AIRPORT, IL US",91.0,56.0,31.0,0.0,10.0,14.0
crash_10114,2018-04-16 07:55:00,2018,4,Apr,Mon,7,Morning commute,20,TRAFFIC SIGNAL,SNOW,DAYLIGHT,REAR END,NOT DIVIDED,SNOW OR SLUSH,NO INJURY / DRIVE AWAY,,,$500 OR LESS,WEATHER,2,NO INDICATION OF INJURY,0,0,41.9761648183,-87.6778128249,60640,"CHICAGO OHARE INTERNATIONAL AIRPORT, IL US",28.0,23.0,81.0,0.0,3.0,13.0
crash_10115,2025-12-15 01:55:00,2025,12,Dec,Mon,1,Night or early morning,30,NO CONTROLS,CLEAR,"DARKNESS, LIGHTED ROAD",HEAD ON,NOT DIVIDED,DRY,INJURY AND / OR TOW DUE TO CRASH,,,"OVER $1,500",UNABLE TO DETERMINE,2,NO INDICATION OF INJURY,0,0,41.9391376997,-87.7147976293,60618,,,,,,,
crash_10116,2021-01-08 15:14:00,2021,1,Jan,Fri,15,Evening commute,30,TRAFFIC SIGNAL,CLEAR,DAYLIGHT,PEDALCYCLIST,DIVIDED - W/MEDIAN (NOT RAISED),WET,INJURY AND / OR TOW DUE TO CRASH,true,true,"OVER $1,500",DISREGARDING OTHER TRAFFIC SIGNS,2,NONINCAPACITATING INJURY,1,0,41.7651014684,-87.6439488599,60621,"CHICAGO MIDWAY AIRPORT, IL US",34.0,28.0,79.0,,8.0,17.0
crash_10117,2022-03-30 14:45:00,2022,3,Mar,Wed,14,Daytime,30,NO CONTROLS,RAIN,DAYLIGHT,TURNING,NOT DIVIDED,WET,NO INJURY / DRIVE AWAY,true,,"OVER $1,500",FAILING TO YIELD RIGHT-OF-WAY,2,NO INDICATION OF INJURY,0,0,41.9363943768,-87.7272542676,60641,"CHICAGO MIDWAY AIRPORT, IL US",61.0,57.0,87.0,0.14,7.0,13.0
crash_10118,2022-06-30 15:15:00,2022,6,Jun,Thu,15,Evening commute,30,NO CONTROLS,CLEAR,DAYLIGHT,PARKED MOTOR VEHICLE,ONE-WAY,DRY,NO INJURY / DRIVE AWAY,,,$500 OR LESS,IMPROPER BACKING,2,NO INDICATION OF INJURY,0,0,41.8927338999,-87.6187304698,60611,"CHICAGO MIDWAY AIRPORT, IL US",93.0,58.0,31.0,0.0,10.0,17.0
crash_10119,2021-02-05 19:43:00,2021,2,Feb,Fri,19,Night or early morning,30,TRAFFIC SIGNAL,CLEAR,"DARKNESS, LIGHTED ROAD",REAR END,DIVIDED - W/MEDIAN (NOT RAISED),DRY,NO INJURY / DRIVE AWAY,,,"OVER $1,500",FAILING TO REDUCE SPEED TO AVOID CRASH,2,NO INDICATION OF INJURY,0,0,41.8879788489,-87.7652743067,60644,"CHICAGO MIDWAY AIRPORT, IL US",12.0,1.0,61.0,0.0,10.0,25.0
crash_10120,2019-03-27 18:05:00,2019,3,Mar,Wed,18,Evening commute,30,NO CONTROLS,CLEAR,DAYLIGHT,REAR END,NOT DIVIDED,DRY,NO INJURY / DRIVE AWAY,,,"OVER $1,500",UNABLE TO DETERMINE,2,NO INDICATION OF INJURY,0,0,41.7933705543,-87.6841753768,60629,"CHICAGO MIDWAY AIRPORT, IL US",57.0,29.0,34.0,0.0,10.0,17.0
crash_10121,2021-11-15 12:00:00,2021,11,Nov,Mon,12,Daytime,30,NO CONTROLS,CLOUDY/OVERCAST,DAYLIGHT,TURNING,NOT DIVIDED,DRY,INJURY AND / OR TOW DUE TO CRASH,,,"OVER $1,500",FAILING TO YIELD RIGHT-OF-WAY,2,NONINCAPACITATING INJURY,2,0,42.0091038154,-87.6900253078,60645,"CHICAGO OHARE INTERNATIONAL AIRPORT, IL US",33.0,23.0,66.0,0.0,10.0,7.0
crash_10122,2019-03-01 07:20:00,2019,3,Mar,Fri,7,Morning commute,30,YIELD,CLEAR,DAYLIGHT,REAR END,OTHER,DRY,NO INJURY / DRIVE AWAY,,,"OVER $1,500",UNABLE TO DETERMINE,2,NO INDICATION OF INJURY,0,0,41.7662699529,-87.5845646476,60649,"CHICAGO MIDWAY AIRPORT, IL US",28.0,19.0,69.0,0.0,10.0,5.0
crash_10123,2023-01-08 21:00:00,2023,1,Jan,Sun,21,Night or early morning,10,NO CONTROLS,CLEAR,"DARKNESS, LIGHTED ROAD",PARKED MOTOR VEHICLE,PARKING LOT,DRY,NO INJURY / DRIVE AWAY,,true,"OVER $1,500",UNABLE TO DETERMINE,2,NO INDICATION OF INJURY,0,0,41.9389962256,-87.7261833701,60618,"CHICAGO OHARE INTERNATIONAL AIRPORT, IL US",27.0,22.0,81.0,0.0,7.0,8.0
crash_10124,2021-08-17 17:30:00,2021,8,Aug,Tue,17,Evening commute,30,TRAFFIC SIGNAL,CLEAR,DAYLIGHT,SIDESWIPE SAME DIRECTION,FOUR WAY,DRY,NO INJURY / DRIVE AWAY,,true,"OVER $1,500",UNABLE TO DETERMINE,2,NO INDICATION OF INJURY,0,0,,,,,,,,,,
crash_10125,2023-01-03 14:16:00,2023,1,Jan,Tue,14,Daytime,30,NO CONTROLS,UNKNOWN,DAYLIGHT,PARKED MOTOR VEHICLE,OTHER,UNKNOWN,NO INJURY / DRIVE AWAY,,,"OVER $1,500",UNABLE TO DETERMINE,2,NO INDICATION OF INJURY,0,0,41.9711976083,-87.6609533137,60640,"CHICAGO MIDWAY AIRPORT, IL US",45.0,44.0,97.0,,0.5,3.0
crash_10126,2021-11-02 12:10:00,2021,11,Nov,Tue,12,Daytime,30,UNKNOWN,CLEAR,DAYLIGHT,PARKED MOTOR VEHICLE,DIVIDED - W/MEDIAN (NOT RAISED),DRY,NO INJURY / DRIVE AWAY,,,"OVER $1,500",IMPROPER OVERTAKING/PASSING,2,NO INDICATION OF INJURY,0,0,41.9398416522,-87.666124186,60657,"CHICAGO MIDWAY AIRPORT, IL US",45.0,24.0,44.0,0.0,10.0,11.0
crash_10127,2022-08-13 15:00:00,2022,8,Aug,Sat,15,Evening commute,30,NO CONTROLS,CLEAR,DAYLIGHT,PARKED MOTOR VEHICLE,UNKNOWN,DRY,NO INJURY / DRIVE AWAY,,true,"OVER $1,500",UNABLE TO DETERMINE,2,NO INDICATION OF INJURY,0,0,41.8465313622,-87.69782704,60623,"CHICAGO MIDWAY AIRPORT, IL US",78.0,56.0,47.0,,10.0,16.0
crash_10128,2018-04-09 09:50:00,2018,4,Apr,Mon,9,Morning commute,15,NO CONTROLS,SNOW,DAYLIGHT,ANGLE,PARKING LOT,SNOW OR SLUSH,NO INJURY / DRIVE AWAY,,,"OVER $1,500",IMPROPER BACKING,2,NO INDICATION OF INJURY,0,0,41.809668528,-87.6751156964,60609,"CHICAGO MIDWAY AIRPORT, IL US",34.0,31.0,89.0,0.0,2.0,0.0
crash_10129,2025-07-29 12:49:00,2025,7,Jul,Tue,12,Daytime,30,NO CONTROLS,CLEAR,DAYLIGHT,TURNING,NOT DIVIDED,DRY,INJURY AND / OR TOW DUE TO CRASH,true,,"OVER $1,500",FAILING TO YIELD RIGHT-OF-WAY,2,NO INDICATION OF INJURY,0,0,41.8704734936,-87.6307062426,60605,"CHICAGO MIDWAY AIRPORT, IL US",91.0,68.0,47.0,0.0,10.0,8.0
crash_10130,2021-06-25 11:55:00,2021,6,Jun,Fri,11,Daytime,25,NO CONTROLS,RAIN,DAYLIGHT,OTHER OBJECT,ONE-WAY,UNKNOWN,INJURY AND / OR TOW DUE TO CRASH,,,"OVER $1,500",UNABLE TO DETERMINE,2,INCAPACITATING INJURY,1,0,41.9912633835,-87.6581054014,60660,"CHICAGO OHARE INTERNATIONAL AIRPORT, IL US",74.0,70.0,88.0,0.0,10.0,15.0
crash_10131,2019-08-24 13:53:00,2019,8,Aug,Sat,13,Daytime,30,STOP SIGN/FLASHER,CLEAR,DAYLIGHT,ANGLE,FOUR WAY,DRY,INJURY AND / OR TOW DUE TO CRASH,true,,"OVER $1,500",FAILING TO YIELD RIGHT-OF-WAY,2,NONINCAPACITATING INJURY,1,0,41.939736114,-87.6739169044,60657,"CHICAGO MIDWAY AIRPORT, IL US",74.0,48.0,40.0,0.0,10.0,15.0
crash_10132,2022-05-12 13:16:00,2022,5,May,Thu,13,Daytime,25,NO CONTROLS,CLEAR,DAYLIGHT,PARKED MOTOR VEHICLE,NOT DIVIDED,DRY,NO INJURY / DRIVE AWAY,,,"OVER $1,500",PHYSICAL CONDITION OF DRIVER,2,,,,41.9132408565,-87.7578692269,60639,"CHICAGO MIDWAY AIRPORT, IL US",91.0,62.0,38.0,0.0,10.0,17.0
crash_10133,2021-09-11 18:20:00,2021,9,Sep,Sat,18,Evening commute,35,TRAFFIC SIGNAL,CLEAR,"DARKNESS, LIGHTED ROAD",REAR END,ONE-WAY,DRY,NO INJURY / DRIVE AWAY,true,true,"OVER $1,500",FOLLOWING TOO CLOSELY,2,NO INDICATION OF INJURY,0,0,41.7582765253,-87.6259772225,60621,"CHICAGO MIDWAY AIRPORT, IL US",86.0,63.0,46.0,0.0,10.0,17.0
crash_10134,2025-06-20 07:35:00,2025,6,Jun,Fri,7,Morning commute,35,STOP SIGN/FLASHER,CLEAR,DAYLIGHT,REAR END,NOT DIVIDED,DRY,NO INJURY / DRIVE AWAY,,,"$501 - $1,500",FOLLOWING TOO CLOSELY,2,NO INDICATION OF INJURY,0,0,41.943209047,-87.7306387338,60641,"CHICAGO OHARE INTERNATIONAL AIRPORT, IL US",73.0,63.0,71.0,0.0,10.0,7.0
crash_10135,2024-01-17 17:25:00,2024,1,Jan,Wed,17,Evening commute,30,TRAFFIC SIGNAL,CLEAR,"DARKNESS, LIGHTED ROAD",REAR END,NOT DIVIDED,DRY,NO INJURY / DRIVE AWAY,,,"OVER $1,500",UNABLE TO DETERMINE,2,NO INDICATION OF INJURY,0,0,41.7776440039,-87.7771444382,60638,"CHICAGO MIDWAY AIRPORT, IL US",19.0,7.0,59.0,0.0,10.0,9.0
crash_10136,2024-09-03 12:30:00,2024,9,Sep,Tue,12,Daytime,35,NO CONTROLS,CLEAR,DAYLIGHT,SIDESWIPE SAME DIRECTION,NOT DIVIDED,DRY,NO INJURY / DRIVE AWAY,,true,"OVER $1,500",IMPROPER OVERTAKING/PASSING,2,NO INDICATION OF INJURY,0,0,41.7767833625,-87.722565512,60629,"CHICAGO MIDWAY AIRPORT, IL US",75.0,44.0,33.0,0.0,10.0,10.0
crash_10137,2023-11-01 09:20:00,2023,11,Nov,Wed,9,Morning commute,30,TRAFFIC SIGNAL,CLEAR,DAYLIGHT,SIDESWIPE SAME DIRECTION,FOUR WAY,DRY,NO INJURY / DRIVE AWAY,,true,"$501 - $1,500",DRIVING SKILLS/KNOWLEDGE/EXPERIENCE,2,NO INDICATION OF INJURY,0,0,41.8575477459,-87.6439260927,60616,"CHICAGO MIDWAY AIRPORT, IL US",31.0,25.0,79.0,0.0,10.0,5.0
crash_10138,2022-08-22 11:05:00,2022,8,Aug,Mon,11,Daytime,45,TRAFFIC SIGNAL,CLEAR,DAYLIGHT,TURNING,T-INTERSECTION,DRY,INJURY AND / OR TOW DUE TO CRASH,true,,"OVER $1,500",CELL PHONE USE OTHER THAN TEXTING,2,NONINCAPACITATING INJURY,1,0,42.0014569725,-87.6901261794,60645,"CHICAGO OHARE INTERNATIONAL AIRPORT, IL US",78.0,61.0,56.0,0.0,10.0,6.0
crash_10139,2024-06-28 09:20:00,2024,6,Jun,Fri,9,Morning commute,30,TRAFFIC SIGNAL,RAIN,DAYLIGHT,TURNING,DIVIDED - W/MEDIAN (NOT RAISED),WET,NO INJURY / DRIVE AWAY,,,"OVER $1,500",FOLLOWING TOO CLOSELY,2,NO INDICATION OF INJURY,0,0,,,,,,,,,,
crash_10140,2025-12-11 18:18:00,2025,12,Dec,Thu,18,Evening commute,30,UNKNOWN,CLEAR,"DARKNESS, LIGHTED ROAD",REAR TO FRONT,PARKING LOT,DRY,NO INJURY / DRIVE AWAY,,true,"OVER $1,500",IMPROPER BACKING,2,NO INDICATION OF INJURY,0,0,41.7301357992,-87.5552565298,60617,,,,,,,
crash_10141,2019-12-17 18:45:00,2019,12,Dec,Tue,18,Evening commute,30,NO CONTROLS,CLEAR,DARKNESS,PARKED MOTOR VEHICLE,ONE-WAY,DRY,NO INJURY / DRIVE AWAY,,true,"OVER $1,500",UNABLE TO DETERMINE,2,NO INDICATION OF INJURY,0,0,41.970213285,-87.7243927003,60625,"CHICAGO OHARE INTERNATIONAL AIRPORT, IL US",26.0,21.0,81.0,0.0,10.0,13.0
crash_10142,2023-11-14 07:40:00,2023,11,Nov,Tue,7,Morning commute,30,TRAFFIC SIGNAL,UNKNOWN,UNKNOWN,ANGLE,NOT DIVIDED,UNKNOWN,NO INJURY / DRIVE AWAY,true,,$500 OR LESS,UNABLE TO DETERMINE,2,NO INDICATION OF INJURY,0,0,41.9907226326,-87.6722886042,60660,"CHICAGO OHARE INTERNATIONAL AIRPORT, IL US",39.0,27.0,62.0,0.0,10.0,3.0
crash_10143,2018-08-20 09:00:00,2018,8,Aug,Mon,9,Morning commute,30,NO CONTROLS,RAIN,DAYLIGHT,PARKED MOTOR VEHICLE,ONE-WAY,WET,NO INJURY / DRIVE AWAY,,true,"$501 - $1,500",UNABLE TO DETERMINE,2,NO INDICATION OF INJURY,0,0,41.9481958094,-87.8008041049,60634,"CHICAGO OHARE INTERNATIONAL AIRPORT, IL US",75.0,64.0,69.0,0.0,10.0,13.0
crash_10144,2019-08-25 01:00:00,2019,8,Aug,Sun,1,Night or early morning,10,NO CONTROLS,CLEAR,"DARKNESS, LIGHTED ROAD",PARKED MOTOR VEHICLE,PARKING LOT,DRY,NO INJURY / DRIVE AWAY,,true,"$501 - $1,500",UNABLE TO DETERMINE,2,NO INDICATION OF INJURY,0,0,41.9783071461,-87.846315578,60656,"CHICAGO OHARE INTERNATIONAL AIRPORT, IL US",64.0,52.0,65.0,0.0,10.0,5.0
crash_10145,2023-01-18 17:10:00,2023,1,Jan,Wed,17,Evening commute,30,TRAFFIC SIGNAL,CLEAR,DAYLIGHT,SIDESWIPE SAME DIRECTION,UNKNOWN,DRY,NO INJURY / DRIVE AWAY,,true,$500 OR LESS,IMPROPER LANE USAGE,2,NO INDICATION OF INJURY,0,0,41.7732549134,-87.5859502967,60649,"CHICAGO MIDWAY AIRPORT, IL US",38.0,31.0,76.0,0.0,10.0,11.0
crash_10146,2024-04-26 01:15:00,2024,4,Apr,Fri,1,Night or early morning,30,NO CONTROLS,CLEAR,"DARKNESS, LIGHTED ROAD",SIDESWIPE SAME DIRECTION,NOT DIVIDED,DRY,NO INJURY / DRIVE AWAY,,true,"$501 - $1,500",UNABLE TO DETERMINE,2,NO INDICATION OF INJURY,0,0,41.985638421,-87.6550943233,60660,"CHICAGO OHARE INTERNATIONAL AIRPORT, IL US",44.0,36.0,73.0,0.0,10.0,6.0
crash_10147,2023-09-04 19:40:00,2023,9,Sep,Mon,19,Night or early morning,30,TRAFFIC SIGNAL,CLEAR,DAYLIGHT,REAR END,DIVIDED - W/MEDIAN BARRIER,DRY,NO INJURY / DRIVE AWAY,true,,"$501 - $1,500",DRIVING SKILLS/KNOWLEDGE/EXPERIENCE,2,NO INDICATION OF INJURY,0,0,41.8898747913,-87.6242597614,60611,"CHICAGO MIDWAY AIRPORT, IL US",88.0,69.0,54.0,0.0,10.0,9.0