crash_id,crash_datetime,crash_year,crash_month,crash_month_name,crash_weekday_name,crash_hour,time_period,posted_speed_limit_mph,traffic_control_device,reported_weather_condition,reported_lighting_condition,first_crash_type,trafficway_type,reported_road_surface_condition,crash_type,intersection_related,hit_and_run,estimated_damage,primary_contributory_cause,unit_count,most_severe_injury,injuries_total,injuries_fatal,latitude,longitude,zip5,weather_station_name,temperature_f,dew_point_f,relative_humidity_percent,precipitation_inches,visibility_miles,wind_speed_mph
crash_10148,2018-03-12 00:40:00,2018,3,Mar,Mon,0,Night or early morning,30,NO CONTROLS,CLEAR,"DARKNESS, LIGHTED ROAD",PARKED MOTOR VEHICLE,DIVIDED - W/MEDIAN (NOT RAISED),DRY,NO INJURY / DRIVE AWAY,,true,"$501 - $1,500",UNABLE TO DETERMINE,2,NO INDICATION OF INJURY,0,0,41.7562056552,-87.6445817287,60620,"CHICAGO MIDWAY AIRPORT, IL US",30.0,22.0,72.0,0.0,10.0,0.0
crash_10149,2018-05-26 17:00:00,2018,5,May,Sat,17,Evening commute,30,NO CONTROLS,CLEAR,DAYLIGHT,PARKED MOTOR VEHICLE,DIVIDED - W/MEDIAN (NOT RAISED),DRY,NO INJURY / DRIVE AWAY,,false,"OVER $1,500",UNABLE TO DETERMINE,2,NO INDICATION OF INJURY,0,0,41.9175275852,-87.687555983,60647,"CHICAGO MIDWAY AIRPORT, IL US",88.0,61.0,40.0,0.0,10.0,7.0
crash_10150,2018-07-09 19:45:00,2018,7,Jul,Mon,19,Night or early morning,10,NO CONTROLS,CLEAR,DAYLIGHT,PARKED MOTOR VEHICLE,PARKING LOT,DRY,NO INJURY / DRIVE AWAY,,true,"$501 - $1,500",UNABLE TO DETERMINE,2,NO INDICATION OF INJURY,0,0,41.9427471952,-87.6883543215,60618,"CHICAGO MIDWAY AIRPORT, IL US",86.0,65.0,49.0,0.0,10.0,10.0
crash_10151,2024-09-18 15:30:00,2024,9,Sep,Wed,15,Evening commute,30,NO CONTROLS,CLEAR,DAYLIGHT,SIDESWIPE SAME DIRECTION,DIVIDED - W/MEDIAN (NOT RAISED),DRY,NO INJURY / DRIVE AWAY,,true,"OVER $1,500",IMPROPER OVERTAKING/PASSING,2,NO INDICATION OF INJURY,0,0,41.8989390709,-87.7230492672,60651,"CHICAGO MIDWAY AIRPORT, IL US",85.0,51.0,31.0,0.0,10.0,14.0
crash_10152,2023-05-22 14:00:00,2023,5,May,Mon,14,Daytime,30,UNKNOWN,CLEAR,DAYLIGHT,PARKED MOTOR VEHICLE,ONE-WAY,DRY,NO INJURY / DRIVE AWAY,,,"OVER $1,500",NOT APPLICABLE,2,NO INDICATION OF INJURY,0,0,41.7398023071,-87.5822501679,60617,"CHICAGO MIDWAY AIRPORT, IL US",81.0,40.0,23.0,0.0,10.0,16.0
crash_10153,2021-04-06 10:20:00,2021,4,Apr,Tue,10,Daytime,30,NO CONTROLS,CLEAR,DAYLIGHT,SIDESWIPE SAME DIRECTION,NOT DIVIDED,DRY,NO INJURY / DRIVE AWAY,,true,"OVER $1,500",UNABLE TO DETERMINE,2,NO INDICATION OF INJURY,0,0,41.9097338901,-87.746244973,60639,"CHICAGO MIDWAY AIRPORT, IL US",69.0,49.0,49.0,0.0,10.0,16.0
crash_10154,2019-10-30 11:15:00,2019,10,Oct,Wed,11,Daytime,30,NO CONTROLS,RAIN,DAYLIGHT,REAR END,ONE-WAY,WET,NO INJURY / DRIVE AWAY,,,"OVER $1,500",IMPROPER LANE USAGE,2,NO INDICATION OF INJURY,0,0,41.8753887972,-87.6425271414,60607,"CHICAGO MIDWAY AIRPORT, IL US",39.0,36.0,89.0,0.01,8.0,13.0
crash_10155,2023-03-23 07:45:00,2023,3,Mar,Thu,7,Morning commute,30,NO CONTROLS,CLEAR,DAYLIGHT,TURNING,NOT DIVIDED,WET,INJURY AND / OR TOW DUE TO CRASH,,,"OVER $1,500",WEATHER,2,NONINCAPACITATING INJURY,2,0,41.7940675348,-87.6936617415,60632,"CHICAGO MIDWAY AIRPORT, IL US",39.0,39.0,100.0,0.0,10.0,17.0
crash_10156,2024-03-26 13:05:00,2024,3,Mar,Tue,13,Daytime,25,NO CONTROLS,CLEAR,DAYLIGHT,SIDESWIPE SAME DIRECTION,NOT DIVIDED,DRY,NO INJURY / DRIVE AWAY,,,"OVER $1,500",FAILING TO REDUCE SPEED TO AVOID CRASH,2,NO INDICATION OF INJURY,0,0,41.8865944691,-87.7453504399,60644,"CHICAGO MIDWAY AIRPORT, IL US",48.0,40.0,74.0,0.0,10.0,21.0
crash_10157,2024-07-30 04:27:00,2024,7,Jul,Tue,4,Night or early morning,30,NO CONTROLS,CLEAR,"DARKNESS, LIGHTED ROAD",TURNING,NOT DIVIDED,UNKNOWN,INJURY AND / OR TOW DUE TO CRASH,true,,"OVER $1,500",FAILING TO YIELD RIGHT-OF-WAY,2,NO INDICATION OF INJURY,0,0,41.9451999866,-87.8242191157,60634,"CHICAGO OHARE INTERNATIONAL AIRPORT, IL US",71.0,69.0,94.0,0.0,10.0,3.0
crash_10158,2023-09-29 15:30:00,2023,9,Sep,Fri,15,Evening commute,25,NO CONTROLS,CLEAR,DAYLIGHT,OTHER OBJECT,NOT DIVIDED,DRY,INJURY AND / OR TOW DUE TO CRASH,,,"$501 - $1,500",NOT APPLICABLE,2,NO INDICATION OF INJURY,0,0,41.7202461073,-87.6578174998,60643,"CHICAGO MIDWAY AIRPORT, IL US",74.0,61.0,64.0,0.0,10.0,7.0
crash_10159,2024-07-25 00:00:00,2024,7,Jul,Thu,0,Night or early morning,30,NO CONTROLS,CLEAR,DAYLIGHT,PARKED MOTOR VEHICLE,PARKING LOT,DRY,NO INJURY / DRIVE AWAY,,true,"OVER $1,500",UNABLE TO DETERMINE,2,NO INDICATION OF INJURY,0,0,41.7581995974,-87.6216802792,60619,"CHICAGO MIDWAY AIRPORT, IL US",71.0,61.0,71.0,0.0,10.0,8.0
crash_10160,2021-03-26 09:45:00,2021,3,Mar,Fri,9,Morning commute,30,STOP SIGN/FLASHER,CLEAR,DAYLIGHT,ANGLE,FOUR WAY,DRY,NO INJURY / DRIVE AWAY,true,true,"OVER $1,500",UNABLE TO DETERMINE,2,NO INDICATION OF INJURY,0,0,41.8597177165,-87.6566246642,60608,"CHICAGO MIDWAY AIRPORT, IL US",38.0,32.0,79.0,0.0,10.0,5.0
crash_10161,2024-09-25 19:22:00,2024,9,Sep,Wed,19,Night or early morning,30,STOP SIGN/FLASHER,CLEAR,DARKNESS,REAR END,NOT DIVIDED,DRY,INJURY AND / OR TOW DUE TO CRASH,,true,"OVER $1,500",FOLLOWING TOO CLOSELY,3,"REPORTED, NOT EVIDENT",1,0,41.7722680128,-87.6666971379,60636,"CHICAGO MIDWAY AIRPORT, IL US",70.0,52.0,53.0,0.0,10.0,7.0
crash_10162,2018-11-13 16:00:00,2018,11,Nov,Tue,16,Evening commute,30,UNKNOWN,CLEAR,DAYLIGHT,REAR END,NOT DIVIDED,UNKNOWN,INJURY AND / OR TOW DUE TO CRASH,,,"OVER $1,500",UNABLE TO DETERMINE,2,"REPORTED, NOT EVIDENT",1,0,41.9240211796,-87.8056244063,60707,"CHICAGO OHARE INTERNATIONAL AIRPORT, IL US",28.0,9.0,44.0,0.0,10.0,7.0
crash_10163,2021-04-29 10:25:00,2021,4,Apr,Thu,10,Daytime,30,TRAFFIC SIGNAL,RAIN,DAYLIGHT,TURNING,NOT DIVIDED,WET,INJURY AND / OR TOW DUE TO CRASH,true,,"OVER $1,500",DISREGARDING TRAFFIC SIGNALS,3,NONINCAPACITATING INJURY,3,0,41.7871751726,-87.6320955367,60621,"CHICAGO MIDWAY AIRPORT, IL US",52.0,48.0,86.0,0.02,7.0,8.0
crash_10164,2024-04-04 23:00:00,2024,4,Apr,Thu,23,Night or early morning,20,NO CONTROLS,CLEAR,"DARKNESS, LIGHTED ROAD",FIXED OBJECT,NOT DIVIDED,WET,INJURY AND / OR TOW DUE TO CRASH,,true,"OVER $1,500",UNABLE TO DETERMINE,1,NO INDICATION OF INJURY,0,0,41.6796489449,-87.6518632125,60643,"CHICAGO MIDWAY AIRPORT, IL US",41.0,33.0,73.0,0.0,10.0,16.0
crash_10165,2025-01-24 09:10:00,2025,1,Jan,Fri,9,Morning commute,30,NO CONTROLS,CLEAR,DAYLIGHT,ANGLE,DIVIDED - W/MEDIAN (NOT RAISED),DRY,INJURY AND / OR TOW DUE TO CRASH,,true,"OVER $1,500",UNABLE TO DETERMINE,2,NONINCAPACITATING INJURY,1,0,41.9099718955,-87.7145048023,60651,"CHICAGO MIDWAY AIRPORT, IL US",8.0,1.0,73.0,,10.0,8.0
crash_10166,2018-04-27 17:45:00,2018,4,Apr,Fri,17,Evening commute,30,STOP SIGN/FLASHER,CLEAR,DAYLIGHT,ANGLE,NOT DIVIDED,DRY,NO INJURY / DRIVE AWAY,,,"OVER $1,500",UNABLE TO DETERMINE,2,NO INDICATION OF INJURY,0,0,41.8307805501,-87.6426004917,60609,"CHICAGO MIDWAY AIRPORT, IL US",46.0,29.0,51.0,0.0,10.0,14.0
crash_10167,2025-06-17 16:30:00,2025,6,Jun,Tue,16,Evening commute,30,STOP SIGN/FLASHER,CLEAR,DAYLIGHT,REAR END,DIVIDED - W/MEDIAN (NOT RAISED),DRY,NO INJURY / DRIVE AWAY,,true,"$501 - $1,500",UNABLE TO DETERMINE,2,NO INDICATION OF INJURY,0,0,41.8702677241,-87.6762013217,60612,"CHICAGO MIDWAY AIRPORT, IL US",91.0,63.0,39.0,0.0,10.0,14.0
crash_10168,2025-03-25 18:49:00,2025,3,Mar,Tue,18,Evening commute,35,NO CONTROLS,CLEAR,DAYLIGHT,SIDESWIPE SAME DIRECTION,NOT DIVIDED,DRY,NO INJURY / DRIVE AWAY,,,"OVER $1,500",UNABLE TO DETERMINE,2,NO INDICATION OF INJURY,0,0,41.8011116848,-87.6931804152,60632,"CHICAGO MIDWAY AIRPORT, IL US",40.0,26.0,58.0,0.0,10.0,9.0
crash_10169,2019-07-29 19:00:00,2019,7,Jul,Mon,19,Night or early morning,30,NO CONTROLS,CLOUDY/OVERCAST,DUSK,REAR TO SIDE,NOT DIVIDED,DRY,NO INJURY / DRIVE AWAY,,,"$501 - $1,500",EQUIPMENT - VEHICLE CONDITION,2,NO INDICATION OF INJURY,0,0,41.9362172245,-87.6511895655,60657,"CHICAGO MIDWAY AIRPORT, IL US",79.0,70.0,74.0,0.0,10.0,8.0
crash_10170,2021-03-29 18:24:00,2021,3,Mar,Mon,18,Evening commute,30,TRAFFIC SIGNAL,CLEAR,DAYLIGHT,TURNING,NOT DIVIDED,DRY,NO INJURY / DRIVE AWAY,,,"OVER $1,500",NOT APPLICABLE,2,NO INDICATION OF INJURY,0,0,41.8997647041,-87.7117223417,60651,"CHICAGO MIDWAY AIRPORT, IL US",59.0,33.0,38.0,0.0,10.0,21.0
crash_10171,2018-11-14 01:30:00,2018,11,Nov,Wed,1,Night or early morning,35,NO CONTROLS,CLEAR,"DARKNESS, LIGHTED ROAD",REAR END,ONE-WAY,DRY,NO INJURY / DRIVE AWAY,,,"$501 - $1,500",DRIVING SKILLS/KNOWLEDGE/EXPERIENCE,2,NO INDICATION OF INJURY,0,0,41.9016426571,-87.6277734042,60611,"CHICAGO MIDWAY AIRPORT, IL US",20.0,10.0,65.0,0.0,10.0,5.0
crash_10172,2019-10-07 19:45:00,2019,10,Oct,Mon,19,Night or early morning,30,NO CONTROLS,CLEAR,"DARKNESS, LIGHTED ROAD",PARKED MOTOR VEHICLE,ONE-WAY,DRY,NO INJURY / DRIVE AWAY,,true,"OVER $1,500",UNABLE TO DETERMINE,2,NO INDICATION OF INJURY,0,0,41.9049738125,-87.7140425027,60651,"CHICAGO MIDWAY AIRPORT, IL US",59.0,42.0,54.0,0.0,10.0,5.0
crash_10173,2022-11-22 21:30:00,2022,11,Nov,Tue,21,Night or early morning,30,NO CONTROLS,CLEAR,"DARKNESS, LIGHTED ROAD",PARKED MOTOR VEHICLE,NOT DIVIDED,DRY,INJURY AND / OR TOW DUE TO CRASH,,true,"OVER $1,500",HAD BEEN DRINKING (USE WHEN ARREST IS NOT MADE),6,NO INDICATION OF INJURY,0,0,41.9802484955,-87.7135110108,60625,"CHICAGO OHARE INTERNATIONAL AIRPORT, IL US",40.0,25.0,55.0,0.0,10.0,6.0
crash_10174,2023-07-10 11:00:00,2023,7,Jul,Mon,11,Daytime,30,NO CONTROLS,CLEAR,DAYLIGHT,PEDALCYCLIST,ONE-WAY,DRY,INJURY AND / OR TOW DUE TO CRASH,,,"$501 - $1,500",UNABLE TO DETERMINE,2,"REPORTED, NOT EVIDENT",1,0,41.8956834784,-87.625333051,60611,"CHICAGO MIDWAY AIRPORT, IL US",80.0,57.0,45.0,0.0,10.0,10.0
crash_10175,2022-07-01 17:03:00,2022,7,Jul,Fri,17,Evening commute,30,NO CONTROLS,CLEAR,DAYLIGHT,SIDESWIPE SAME DIRECTION,NOT DIVIDED,DRY,NO INJURY / DRIVE AWAY,,,"OVER $1,500",IMPROPER OVERTAKING/PASSING,2,NO INDICATION OF INJURY,0,0,41.9860011371,-87.7875279202,60646,"CHICAGO OHARE INTERNATIONAL AIRPORT, IL US",77.0,55.0,47.0,0.0,10.0,0.0
crash_10176,2024-05-24 02:00:00,2024,5,May,Fri,2,Night or early morning,30,STOP SIGN/FLASHER,CLEAR,"DARKNESS, LIGHTED ROAD",ANGLE,T-INTERSECTION,DRY,NO INJURY / DRIVE AWAY,true,,"OVER $1,500",FAILING TO YIELD RIGHT-OF-WAY,2,NO INDICATION OF INJURY,0,0,41.8012016536,-87.7258755201,60632,"CHICAGO MIDWAY AIRPORT, IL US",68.0,45.0,44.0,0.0,10.0,7.0
crash_10177,2021-11-02 08:30:00,2021,11,Nov,Tue,8,Morning commute,30,TRAFFIC SIGNAL,CLEAR,DAYLIGHT,TURNING,NOT DIVIDED,DRY,NO INJURY / DRIVE AWAY,true,,"OVER $1,500",IMPROPER OVERTAKING/PASSING,2,NO INDICATION OF INJURY,0,0,41.7364001175,-87.6245543985,60620,"CHICAGO MIDWAY AIRPORT, IL US",36.0,25.0,64.0,0.0,10.0,7.0
crash_10178,2018-12-21 12:35:00,2018,12,Dec,Fri,12,Daytime,30,NO CONTROLS,UNKNOWN,DAYLIGHT,PARKED MOTOR VEHICLE,UNKNOWN,UNKNOWN,NO INJURY / DRIVE AWAY,,true,"OVER $1,500",UNABLE TO DETERMINE,2,NO INDICATION OF INJURY,0,0,41.9928860461,-87.6996271493,60659,"CHICAGO OHARE INTERNATIONAL AIRPORT, IL US",32.0,26.0,79.0,0.0,10.0,15.0
crash_10179,2021-10-08 01:00:00,2021,10,Oct,Fri,1,Night or early morning,15,NO CONTROLS,CLEAR,"DARKNESS, LIGHTED ROAD",OTHER OBJECT,PARKING LOT,DRY,NO INJURY / DRIVE AWAY,,,"OVER $1,500",NOT APPLICABLE,1,NO INDICATION OF INJURY,0,0,41.8852537687,-87.6246347311,60601,"CHICAGO MIDWAY AIRPORT, IL US",67.0,61.0,81.0,0.0,10.0,3.0
crash_10180,2021-08-16 18:00:00,2021,8,Aug,Mon,18,Evening commute,30,TRAFFIC SIGNAL,CLEAR,DAYLIGHT,TURNING,NOT DIVIDED,DRY,NO INJURY / DRIVE AWAY,true,,"OVER $1,500",UNABLE TO DETERMINE,2,NO INDICATION OF INJURY,0,0,41.8234566902,-87.6387601763,60609,"CHICAGO MIDWAY AIRPORT, IL US",78.0,53.0,42.0,0.0,10.0,10.0
crash_10181,2020-08-28 17:50:00,2020,8,Aug,Fri,17,Evening commute,30,POLICE/FLAGMAN,CLEAR,DAYLIGHT,PEDESTRIAN,NOT DIVIDED,DRY,INJURY AND / OR TOW DUE TO CRASH,true,,$500 OR LESS,NOT APPLICABLE,2,NONINCAPACITATING INJURY,1,0,41.9471375791,-87.6541818786,60657,"CHICAGO MIDWAY AIRPORT, IL US",91.0,68.0,47.0,0.0,10.0,11.0
crash_10182,2024-07-02 13:35:00,2024,7,Jul,Tue,13,Daytime,30,NO CONTROLS,CLEAR,DAYLIGHT,REAR END,NOT DIVIDED,DRY,NO INJURY / DRIVE AWAY,true,,"OVER $1,500",FOLLOWING TOO CLOSELY,2,NO INDICATION OF INJURY,0,0,41.8157109256,-87.7041280445,60632,"CHICAGO MIDWAY AIRPORT, IL US",80.0,52.0,38.0,0.0,10.0,17.0
crash_10183,2025-01-22 10:45:00,2025,1,Jan,Wed,10,Daytime,30,NO CONTROLS,SNOW,DAYLIGHT,REAR END,DIVIDED - W/MEDIAN (NOT RAISED),SNOW OR SLUSH,NO INJURY / DRIVE AWAY,,,"OVER $1,500",FOLLOWING TOO CLOSELY,2,NO INDICATION OF INJURY,0,0,41.8511656488,-87.6692442704,60608,"CHICAGO MIDWAY AIRPORT, IL US",14.0,6.0,71.0,0.0,1.0,16.0
crash_10184,2019-02-13 07:11:00,2019,2,Feb,Wed,7,Morning commute,30,NO CONTROLS,CLEAR,DAYLIGHT,TURNING,NOT DIVIDED,DRY,NO INJURY / DRIVE AWAY,true,,"$501 - $1,500",UNABLE TO DETERMINE,2,NO INDICATION OF INJURY,0,0,41.968431113,-87.7207600508,60625,"CHICAGO OHARE INTERNATIONAL AIRPORT, IL US",11.0,8.0,88.0,0.0,10.0,16.0
crash_10185,2023-01-26 08:26:00,2023,1,Jan,Thu,8,Morning commute,30,STOP SIGN/FLASHER,SNOW,DAYLIGHT,REAR END,ONE-WAY,SNOW OR SLUSH,NO INJURY / DRIVE AWAY,,,$500 OR LESS,WEATHER,2,NO INDICATION OF INJURY,0,0,41.9058609003,-87.6799012592,60622,"CHICAGO MIDWAY AIRPORT, IL US",25.0,21.0,85.0,0.0,3.0,10.0
crash_10186,2019-05-10 03:15:00,2019,5,May,Fri,3,Night or early morning,30,TRAFFIC SIGNAL,CLEAR,"DARKNESS, LIGHTED ROAD",SIDESWIPE SAME DIRECTION,NOT DIVIDED,DRY,NO INJURY / DRIVE AWAY,,,"$501 - $1,500",UNABLE TO DETERMINE,2,NO INDICATION OF INJURY,0,0,41.8092909105,-87.616733046,60615,"CHICAGO MIDWAY AIRPORT, IL US",47.0,39.0,74.0,0.0,10.0,7.0
crash_10187,2018-06-17 22:15:00,2018,6,Jun,Sun,22,Night or early morning,30,TRAFFIC SIGNAL,UNKNOWN,"DARKNESS, LIGHTED ROAD",REAR END,NOT DIVIDED,DRY,NO INJURY / DRIVE AWAY,true,,"$501 - $1,500",UNABLE TO DETERMINE,2,NO INDICATION OF INJURY,0,0,41.7359123855,-87.6486391961,60620,"CHICAGO MIDWAY AIRPORT, IL US",86.0,70.0,59.0,0.0,10.0,8.0
crash_10188,2025-07-10 21:18:00,2025,7,Jul,Thu,21,Night or early morning,30,TRAFFIC SIGNAL,RAIN,"DARKNESS, LIGHTED ROAD",TURNING,FOUR WAY,WET,INJURY AND / OR TOW DUE TO CRASH,true,,"OVER $1,500",FAILING TO YIELD RIGHT-OF-WAY,2,NONINCAPACITATING INJURY,1,0,41.9583173523,-87.7976884667,60634,"CHICAGO OHARE INTERNATIONAL AIRPORT, IL US",70.0,68.0,93.0,0.0,10.0,10.0
crash_10189,2022-08-17 08:10:00,2022,8,Aug,Wed,8,Morning commute,30,TRAFFIC SIGNAL,CLEAR,DAYLIGHT,ANGLE,FOUR WAY,DRY,INJURY AND / OR TOW DUE TO CRASH,true,,"OVER $1,500",DISREGARDING TRAFFIC SIGNALS,4,NO INDICATION OF INJURY,0,0,41.8444939237,-87.714850931,60623,"CHICAGO MIDWAY AIRPORT, IL US",73.0,63.0,71.0,,10.0,6.0
crash_10190,2019-10-09 08:37:00,2019,10,Oct,Wed,8,Morning commute,30,NO CONTROLS,CLEAR,DAYLIGHT,REAR END,DIVIDED - W/MEDIAN (NOT RAISED),DRY,NO INJURY / DRIVE AWAY,,,"OVER $1,500",FOLLOWING TOO CLOSELY,2,NO INDICATION OF INJURY,0,0,41.931507115,-87.7271177938,60639,"CHICAGO MIDWAY AIRPORT, IL US",59.0,43.0,56.0,0.0,10.0,9.0
crash_10191,2025-03-08 12:53:00,2025,3,Mar,Sat,12,Daytime,30,NO CONTROLS,CLEAR,DAYLIGHT,REAR END,OTHER,DRY,NO INJURY / DRIVE AWAY,,,"OVER $1,500",UNABLE TO DETERMINE,2,NO INDICATION OF INJURY,0,0,41.9663766354,-87.7058149299,60625,"CHICAGO OHARE INTERNATIONAL AIRPORT, IL US",45.0,27.0,49.0,0.0,10.0,10.0
crash_10192,2024-01-19 08:05:00,2024,1,Jan,Fri,8,Morning commute,30,TRAFFIC SIGNAL,CLEAR,DAYLIGHT,REAR END,NOT DIVIDED,SNOW OR SLUSH,NO INJURY / DRIVE AWAY,,true,"OVER $1,500",FOLLOWING TOO CLOSELY,2,NO INDICATION OF INJURY,0,0,41.8736407663,-87.7109288544,60624,"CHICAGO MIDWAY AIRPORT, IL US",12.0,4.0,70.0,0.0,9.0,15.0
crash_10193,2019-03-19 20:00:00,2019,3,Mar,Tue,20,Night or early morning,30,NO CONTROLS,CLEAR,"DARKNESS, LIGHTED ROAD",PARKED MOTOR VEHICLE,ONE-WAY,DRY,NO INJURY / DRIVE AWAY,,true,"OVER $1,500",IMPROPER BACKING,2,NO INDICATION OF INJURY,0,0,41.9405301405,-87.7477299591,60641,"CHICAGO OHARE INTERNATIONAL AIRPORT, IL US",45.0,26.0,48.0,0.0,10.0,5.0
crash_10194,2024-03-09 17:30:00,2024,3,Mar,Sat,17,Evening commute,30,NO CONTROLS,CLEAR,DUSK,SIDESWIPE SAME DIRECTION,NOT DIVIDED,DRY,NO INJURY / DRIVE AWAY,,,"OVER $1,500",UNABLE TO DETERMINE,2,NO INDICATION OF INJURY,0,0,41.7952297234,-87.5925496251,60615,"CHICAGO MIDWAY AIRPORT, IL US",41.0,21.0,45.0,0.0,10.0,15.0
crash_10195,2018-12-22 12:45:00,2018,12,Dec,Sat,12,Daytime,10,NO CONTROLS,CLEAR,DAYLIGHT,REAR END,PARKING LOT,DRY,NO INJURY / DRIVE AWAY,,,"$501 - $1,500",IMPROPER BACKING,2,NO INDICATION OF INJURY,0,0,41.8102247087,-87.6750744192,60609,"CHICAGO MIDWAY AIRPORT, IL US",32.0,24.0,73.0,0.0,10.0,9.0
crash_10196,2019-08-21 15:05:00,2019,8,Aug,Wed,15,Evening commute,30,TRAFFIC SIGNAL,RAIN,DAYLIGHT,TURNING,DIVIDED - W/MEDIAN (NOT RAISED),WET,INJURY AND / OR TOW DUE TO CRASH,,,"OVER $1,500",FAILING TO YIELD RIGHT-OF-WAY,2,NONINCAPACITATING INJURY,1,0,41.9689897602,-87.6688447181,60640,"CHICAGO OHARE INTERNATIONAL AIRPORT, IL US",81.0,68.0,65.0,0.0,10.0,11.0
crash_10197,2019-05-08 08:00:00,2019,5,May,Wed,8,Morning commute,30,STOP SIGN/FLASHER,CLEAR,DAYLIGHT,ANGLE,NOT DIVIDED,WET,INJURY AND / OR TOW DUE TO CRASH,true,,"OVER $1,500",UNABLE TO DETERMINE,3,NONINCAPACITATING INJURY,1,0,41.9745244485,-87.8120706861,60656,"CHICAGO OHARE INTERNATIONAL AIRPORT, IL US",47.0,43.0,86.0,0.0,10.0,15.0
crash_10198,2021-02-20 15:23:00,2021,2,Feb,Sat,15,Evening commute,20,STOP SIGN/FLASHER,SNOW,DAYLIGHT,SIDESWIPE OPPOSITE DIRECTION,NOT DIVIDED,SNOW OR SLUSH,NO INJURY / DRIVE AWAY,,true,"OVER $1,500",UNABLE TO DETERMINE,2,NO INDICATION OF INJURY,0,0,41.875560779,-87.710884921,60624,"CHICAGO MIDWAY AIRPORT, IL US",28.0,14.0,56.0,0.0,10.0,8.0
crash_10199,2025-06-22 01:35:00,2025,6,Jun,Sun,1,Night or early morning,30,TRAFFIC SIGNAL,CLEAR,DAYLIGHT,SIDESWIPE SAME DIRECTION,NOT DIVIDED,DRY,NO INJURY / DRIVE AWAY,true,true,"$501 - $1,500",IMPROPER OVERTAKING/PASSING,2,NO INDICATION OF INJURY,0,0,41.9831764573,-87.7089394322,60659,"CHICAGO OHARE INTERNATIONAL AIRPORT, IL US",84.0,73.0,70.0,0.0,10.0,13.0
crash_10200,2024-07-15 05:50:00,2024,7,Jul,Mon,5,Night or early morning,30,STOP SIGN/FLASHER,CLEAR,DAWN,REAR TO FRONT,T-INTERSECTION,WET,NO INJURY / DRIVE AWAY,true,,"OVER $1,500",DRIVING SKILLS/KNOWLEDGE/EXPERIENCE,2,NO INDICATION OF INJURY,0,0,41.7078495554,-87.5808542712,60617,"CHICAGO MIDWAY AIRPORT, IL US",71.0,67.0,87.0,0.0,10.0,5.0
crash_10201,2018-03-25 13:43:00,2018,3,Mar,Sun,13,Daytime,30,STOP SIGN/FLASHER,CLEAR,DAYLIGHT,ANGLE,NOT DIVIDED,DRY,INJURY AND / OR TOW DUE TO CRASH,true,,"OVER $1,500",FAILING TO YIELD RIGHT-OF-WAY,2,"REPORTED, NOT EVIDENT",2,0,41.8857472747,-87.7553246306,60644,"CHICAGO MIDWAY AIRPORT, IL US",40.0,15.0,36.0,0.0,10.0,14.0
crash_10202,2023-06-21 10:00:00,2023,6,Jun,Wed,10,Daytime,35,NO CONTROLS,CLEAR,DAYLIGHT,PARKED MOTOR VEHICLE,NOT DIVIDED,DRY,NO INJURY / DRIVE AWAY,,true,"OVER $1,500",UNABLE TO DETERMINE,2,NO INDICATION OF INJURY,0,0,41.8824105382,-87.6372114369,60606,"CHICAGO MIDWAY AIRPORT, IL US",78.0,62.0,58.0,0.0,10.0,9.0
crash_10203,2023-05-28 20:34:00,2023,5,May,Sun,20,Night or early morning,30,TRAFFIC SIGNAL,CLEAR,DUSK,SIDESWIPE SAME DIRECTION,DIVIDED - W/MEDIAN BARRIER,DRY,INJURY AND / OR TOW DUE TO CRASH,,true,"OVER $1,500",UNABLE TO DETERMINE,2,NONINCAPACITATING INJURY,1,0,41.7658708008,-87.5864683681,60619,"CHICAGO MIDWAY AIRPORT, IL US",67.0,35.0,31.0,0.0,10.0,7.0
crash_10204,2025-12-04 16:30:00,2025,12,Dec,Thu,16,Evening commute,30,STOP SIGN/FLASHER,CLEAR,DAYLIGHT,ANGLE,NOT DIVIDED,SNOW OR SLUSH,INJURY AND / OR TOW DUE TO CRASH,true,false,"OVER $1,500",FAILING TO YIELD RIGHT-OF-WAY,2,NONINCAPACITATING INJURY,1,0,41.7987238404,-87.7161093296,60632,,,,,,,
crash_10205,2020-10-13 05:48:00,2020,10,Oct,Tue,5,Night or early morning,10,NO CONTROLS,CLEAR,DAWN,OTHER OBJECT,NOT DIVIDED,DRY,NO INJURY / DRIVE AWAY,,true,"$501 - $1,500",UNABLE TO DETERMINE,1,NO INDICATION OF INJURY,0,0,41.7495341259,-87.6863522801,60652,"CHICAGO MIDWAY AIRPORT, IL US",44.0,37.0,76.0,0.0,10.0,6.0
crash_10206,2023-12-15 19:45:00,2023,12,Dec,Fri,19,Night or early morning,30,TRAFFIC SIGNAL,CLEAR,"DARKNESS, LIGHTED ROAD",PARKED MOTOR VEHICLE,DIVIDED - W/MEDIAN BARRIER,DRY,INJURY AND / OR TOW DUE TO CRASH,,true,"OVER $1,500",UNABLE TO DETERMINE,3,NO INDICATION OF INJURY,0,0,41.9664509602,-87.6695249368,60640,"CHICAGO MIDWAY AIRPORT, IL US",49.0,28.0,44.0,0.0,10.0,5.0