crash_id,crash_datetime,crash_year,crash_month,crash_month_name,crash_weekday_name,crash_hour,time_period,posted_speed_limit_mph,traffic_control_device,reported_weather_condition,reported_lighting_condition,first_crash_type,trafficway_type,reported_road_surface_condition,crash_type,intersection_related,hit_and_run,estimated_damage,primary_contributory_cause,unit_count,most_severe_injury,injuries_total,injuries_fatal,latitude,longitude,zip5,weather_station_name,temperature_f,dew_point_f,relative_humidity_percent,precipitation_inches,visibility_miles,wind_speed_mph
crash_10207,2020-04-20 14:30:00,2020,4,Apr,Mon,14,Daytime,35,UNKNOWN,CLEAR,DAYLIGHT,REAR END,NOT DIVIDED,DRY,NO INJURY / DRIVE AWAY,,,$500 OR LESS,FAILING TO REDUCE SPEED TO AVOID CRASH,2,NO INDICATION OF INJURY,0,0,41.9105126623,-87.6682203492,60622,"CHICAGO MIDWAY AIRPORT, IL US",64.0,30.0,28.0,0.0,10.0,23.0
crash_10208,2018-12-20 13:30:00,2018,12,Dec,Thu,13,Daytime,30,TRAFFIC SIGNAL,CLEAR,DAYLIGHT,TURNING,NOT DIVIDED,DRY,NO INJURY / DRIVE AWAY,true,,"$501 - $1,500",UNABLE TO DETERMINE,2,NO INDICATION OF INJURY,0,0,41.910875544,-87.6582782399,60642,"CHICAGO MIDWAY AIRPORT, IL US",48.0,44.0,86.0,0.0,5.0,5.0
crash_10209,2018-04-11 17:30:00,2018,4,Apr,Wed,17,Evening commute,35,STOP SIGN/FLASHER,CLEAR,"DARKNESS, LIGHTED ROAD",SIDESWIPE SAME DIRECTION,DIVIDED - W/MEDIAN (NOT RAISED),DRY,NO INJURY / DRIVE AWAY,,,$500 OR LESS,UNABLE TO DETERMINE,2,NO INDICATION OF INJURY,0,0,41.7767464078,-87.5790602099,60649,"CHICAGO MIDWAY AIRPORT, IL US",53.0,37.0,55.0,0.0,9.0,15.0
crash_10210,2021-12-10 16:45:00,2021,12,Dec,Fri,16,Evening commute,30,NO CONTROLS,RAIN,"DARKNESS, LIGHTED ROAD",TURNING,ONE-WAY,WET,NO INJURY / DRIVE AWAY,true,,"$501 - $1,500",FAILING TO REDUCE SPEED TO AVOID CRASH,2,NO INDICATION OF INJURY,0,0,41.9096834901,-87.7900612653,60707,"CHICAGO OHARE INTERNATIONAL AIRPORT, IL US",45.0,43.0,93.0,,5.0,9.0
crash_10211,2025-07-14 02:35:00,2025,7,Jul,Mon,2,Night or early morning,30,TRAFFIC SIGNAL,CLEAR,"DARKNESS, LIGHTED ROAD",ANGLE,FOUR WAY,DRY,INJURY AND / OR TOW DUE TO CRASH,true,,"OVER $1,500",DISREGARDING TRAFFIC SIGNALS,2,"REPORTED, NOT EVIDENT",1,0,41.8870951513,-87.7553892485,60644,"CHICAGO MIDWAY AIRPORT, IL US",69.0,59.0,70.0,0.0,9.0,3.0
crash_10212,2023-01-12 15:45:00,2023,1,Jan,Thu,15,Evening commute,25,TRAFFIC SIGNAL,CLOUDY/OVERCAST,DAYLIGHT,SIDESWIPE SAME DIRECTION,FOUR WAY,DRY,NO INJURY / DRIVE AWAY,true,,"OVER $1,500",IMPROPER LANE USAGE,2,NO INDICATION OF INJURY,0,0,41.7361915177,-87.624078067,60619,"CHICAGO MIDWAY AIRPORT, IL US",37.0,27.0,67.0,0.0,10.0,20.0
crash_10213,2019-06-05 13:30:00,2019,6,Jun,Wed,13,Daytime,30,TRAFFIC SIGNAL,CLEAR,DAYLIGHT,REAR END,NOT DIVIDED,DRY,NO INJURY / DRIVE AWAY,,true,"OVER $1,500",UNABLE TO DETERMINE,2,NO INDICATION OF INJURY,0,0,41.9615200429,-87.6663437071,60613,"CHICAGO MIDWAY AIRPORT, IL US",81.0,66.0,61.0,0.0,10.0,9.0
crash_10214,2025-07-04 14:00:00,2025,7,Jul,Fri,14,Daytime,30,NO CONTROLS,CLEAR,DAYLIGHT,REAR TO REAR,ONE-WAY,DRY,NO INJURY / DRIVE AWAY,,,$500 OR LESS,FAILING TO YIELD RIGHT-OF-WAY,2,NO INDICATION OF INJURY,0,0,41.7378472261,-87.725323157,60652,"CHICAGO MIDWAY AIRPORT, IL US",85.0,67.0,55.0,0.0,10.0,8.0
crash_10215,2018-11-27 18:45:00,2018,11,Nov,Tue,18,Evening commute,30,NO CONTROLS,SNOW,"DARKNESS, LIGHTED ROAD",FIXED OBJECT,NOT DIVIDED,SNOW OR SLUSH,INJURY AND / OR TOW DUE TO CRASH,,,"OVER $1,500",WEATHER,1,NO INDICATION OF INJURY,0,0,41.8860217203,-87.7308799099,60624,"CHICAGO MIDWAY AIRPORT, IL US",20.0,14.0,78.0,0.0,9.0,11.0
crash_10216,2023-07-31 16:15:00,2023,7,Jul,Mon,16,Evening commute,25,STOP SIGN/FLASHER,CLEAR,DAYLIGHT,TURNING,UNKNOWN INTERSECTION TYPE,DRY,NO INJURY / DRIVE AWAY,,true,"OVER $1,500",FAILING TO YIELD RIGHT-OF-WAY,2,NO INDICATION OF INJURY,0,0,41.9646533045,-87.7001091332,60625,"CHICAGO OHARE INTERNATIONAL AIRPORT, IL US",79.0,58.0,49.0,0.0,10.0,6.0
crash_10217,2020-11-13 12:00:00,2020,11,Nov,Fri,12,Daytime,10,NO CONTROLS,CLEAR,DAYLIGHT,PARKED MOTOR VEHICLE,PARKING LOT,UNKNOWN,NO INJURY / DRIVE AWAY,,true,"OVER $1,500",UNABLE TO DETERMINE,2,NO INDICATION OF INJURY,0,0,41.7962348752,-87.6304049244,60609,"CHICAGO MIDWAY AIRPORT, IL US",38.0,23.0,55.0,0.0,10.0,8.0
crash_10218,2024-11-24 15:30:00,2024,11,Nov,Sun,15,Evening commute,30,NO CONTROLS,CLEAR,DUSK,PARKED MOTOR VEHICLE,DIVIDED - W/MEDIAN BARRIER,DRY,NO INJURY / DRIVE AWAY,,true,"OVER $1,500",UNABLE TO DETERMINE,2,NO INDICATION OF INJURY,0,0,41.9632266847,-87.6679001991,60640,"CHICAGO MIDWAY AIRPORT, IL US",52.0,41.0,66.0,0.0,10.0,10.0
crash_10219,2024-02-15 11:59:00,2024,2,Feb,Thu,11,Daytime,30,TRAFFIC SIGNAL,CLEAR,DAYLIGHT,TURNING,FOUR WAY,DRY,INJURY AND / OR TOW DUE TO CRASH,true,,"OVER $1,500",FAILING TO YIELD RIGHT-OF-WAY,2,NO INDICATION OF INJURY,0,0,41.8012551697,-87.6841913968,60609,"CHICAGO MIDWAY AIRPORT, IL US",42.0,28.0,58.0,0.0,10.0,15.0
crash_10220,2018-06-20 15:55:00,2018,6,Jun,Wed,15,Evening commute,30,NO CONTROLS,CLEAR,DAYLIGHT,PARKED MOTOR VEHICLE,ONE-WAY,DRY,INJURY AND / OR TOW DUE TO CRASH,,,"OVER $1,500",UNABLE TO DETERMINE,2,NO INDICATION OF INJURY,0,0,41.9821138569,-87.6958987194,60625,"CHICAGO OHARE INTERNATIONAL AIRPORT, IL US",73.0,63.0,71.0,0.0,10.0,13.0
crash_10221,2025-06-13 12:00:00,2025,6,Jun,Fri,12,Daytime,30,STOP SIGN/FLASHER,RAIN,DAYLIGHT,ANGLE,FOUR WAY,WET,NO INJURY / DRIVE AWAY,true,,"OVER $1,500",FAILING TO YIELD RIGHT-OF-WAY,3,NO INDICATION OF INJURY,0,0,41.9602643349,-87.7572290334,60641,"CHICAGO OHARE INTERNATIONAL AIRPORT, IL US",68.0,62.0,81.0,0.01,6.0,5.0
crash_10222,2020-08-21 21:00:00,2020,8,Aug,Fri,21,Night or early morning,30,STOP SIGN/FLASHER,CLEAR,"DARKNESS, LIGHTED ROAD",REAR END,NOT DIVIDED,DRY,NO INJURY / DRIVE AWAY,,,"$501 - $1,500",FOLLOWING TOO CLOSELY,2,NO INDICATION OF INJURY,0,0,41.8721306116,-87.7493296656,60644,"CHICAGO MIDWAY AIRPORT, IL US",79.0,57.0,47.0,0.0,10.0,8.0
crash_10223,2022-02-13 14:30:00,2022,2,Feb,Sun,14,Daytime,10,NO CONTROLS,UNKNOWN,UNKNOWN,REAR TO FRONT,PARKING LOT,UNKNOWN,NO INJURY / DRIVE AWAY,,,"$501 - $1,500",UNABLE TO DETERMINE,2,NO INDICATION OF INJURY,0,0,41.6849548568,-87.6434711249,60643,"CHICAGO MIDWAY AIRPORT, IL US",19.0,0.0,43.0,0.0,10.0,10.0
crash_10224,2018-02-28 17:00:00,2018,2,Feb,Wed,17,Evening commute,30,TRAFFIC SIGNAL,CLEAR,DAYLIGHT,REAR END,DIVIDED - W/MEDIAN (NOT RAISED),DRY,NO INJURY / DRIVE AWAY,,true,"$501 - $1,500",FOLLOWING TOO CLOSELY,2,NO INDICATION OF INJURY,0,0,41.7364971051,-87.6078468912,60619,"CHICAGO MIDWAY AIRPORT, IL US",41.0,36.0,82.0,0.0,6.0,15.0
crash_10225,2020-11-28 15:30:00,2020,11,Nov,Sat,15,Evening commute,30,TRAFFIC SIGNAL,CLEAR,DAYLIGHT,REAR END,NOT DIVIDED,DRY,NO INJURY / DRIVE AWAY,,,$500 OR LESS,NOT APPLICABLE,2,NO INDICATION OF INJURY,0,0,41.7793161262,-87.6835498341,60636,"CHICAGO MIDWAY AIRPORT, IL US",48.0,33.0,56.0,0.0,10.0,11.0
crash_10226,2018-07-18 16:00:00,2018,7,Jul,Wed,16,Evening commute,30,STOP SIGN/FLASHER,CLEAR,DAYLIGHT,TURNING,DIVIDED - W/MEDIAN (NOT RAISED),DRY,NO INJURY / DRIVE AWAY,true,true,"OVER $1,500",FAILING TO YIELD RIGHT-OF-WAY,2,NO INDICATION OF INJURY,0,0,41.7302047099,-87.6630466921,60620,"CHICAGO MIDWAY AIRPORT, IL US",78.0,52.0,40.0,0.0,10.0,10.0
crash_10227,2021-10-04 09:20:00,2021,10,Oct,Mon,9,Morning commute,30,NO CONTROLS,CLEAR,DAYLIGHT,REAR END,NOT DIVIDED,UNKNOWN,NO INJURY / DRIVE AWAY,,,"$501 - $1,500",FOLLOWING TOO CLOSELY,2,NO INDICATION OF INJURY,0,0,41.8727423125,-87.6774460907,60612,"CHICAGO MIDWAY AIRPORT, IL US",68.0,60.0,76.0,0.0,8.0,9.0
crash_10228,2025-07-09 09:06:00,2025,7,Jul,Wed,9,Morning commute,30,NO CONTROLS,CLEAR,DAYLIGHT,PARKED MOTOR VEHICLE,DIVIDED - W/MEDIAN (NOT RAISED),DRY,NO INJURY / DRIVE AWAY,,,"OVER $1,500",DRIVING SKILLS/KNOWLEDGE/EXPERIENCE,2,NO INDICATION OF INJURY,0,0,41.8947847791,-87.6226058409,60611,"CHICAGO MIDWAY AIRPORT, IL US",75.0,69.0,82.0,0.0,7.0,5.0
crash_10229,2023-08-17 14:10:00,2023,8,Aug,Thu,14,Daytime,25,TRAFFIC SIGNAL,CLEAR,DAYLIGHT,TURNING,DIVIDED - W/MEDIAN (NOT RAISED),DRY,NO INJURY / DRIVE AWAY,true,true,"OVER $1,500",IMPROPER TURNING/NO SIGNAL,2,NO INDICATION OF INJURY,0,0,42.0054284917,-87.6610534565,60626,"CHICAGO OHARE INTERNATIONAL AIRPORT, IL US",80.0,55.0,42.0,0.0,10.0,13.0
crash_10230,2025-12-25 09:00:00,2025,12,Dec,Thu,9,Morning commute,30,TRAFFIC SIGNAL,CLEAR,DAYLIGHT,ANGLE,"FIVE POINT, OR MORE",DRY,INJURY AND / OR TOW DUE TO CRASH,true,,"OVER $1,500",FAILING TO YIELD RIGHT-OF-WAY,2,"REPORTED, NOT EVIDENT",2,0,41.7661952023,-87.562908182,60649,,,,,,,
crash_10231,2022-03-11 23:45:00,2022,3,Mar,Fri,23,Night or early morning,30,TRAFFIC SIGNAL,CLEAR,"DARKNESS, LIGHTED ROAD",SIDESWIPE SAME DIRECTION,NOT DIVIDED,DRY,NO INJURY / DRIVE AWAY,,true,$500 OR LESS,UNABLE TO DETERMINE,2,NO INDICATION OF INJURY,0,0,41.7434004858,-87.6024376041,60619,"CHICAGO MIDWAY AIRPORT, IL US",18.0,-1.0,43.0,0.0,10.0,15.0
crash_10232,2024-04-29 10:18:00,2024,4,Apr,Mon,10,Daytime,30,TRAFFIC SIGNAL,RAIN,DAYLIGHT,PEDESTRIAN,FOUR WAY,WET,INJURY AND / OR TOW DUE TO CRASH,true,,"OVER $1,500",FAILING TO YIELD RIGHT-OF-WAY,2,NONINCAPACITATING INJURY,1,0,41.877843584,-87.6467818341,60661,"CHICAGO MIDWAY AIRPORT, IL US",66.0,56.0,70.0,,10.0,15.0
crash_10233,2018-04-11 07:20:00,2018,4,Apr,Wed,7,Morning commute,35,STOP SIGN/FLASHER,CLEAR,DAYLIGHT,REAR END,NOT DIVIDED,DRY,NO INJURY / DRIVE AWAY,true,,$500 OR LESS,UNABLE TO DETERMINE,2,NO INDICATION OF INJURY,0,0,41.8300804143,-87.6898674839,60632,"CHICAGO MIDWAY AIRPORT, IL US",39.0,29.0,67.0,0.0,10.0,13.0
crash_10234,2018-06-28 10:40:00,2018,6,Jun,Thu,10,Daytime,30,NO CONTROLS,CLEAR,DAYLIGHT,SIDESWIPE SAME DIRECTION,DIVIDED - W/MEDIAN (NOT RAISED),DRY,NO INJURY / DRIVE AWAY,,,"$501 - $1,500",UNABLE TO DETERMINE,2,NO INDICATION OF INJURY,0,0,41.8427934894,-87.6947523255,60608,"CHICAGO MIDWAY AIRPORT, IL US",82.0,66.0,58.0,0.0,10.0,0.0
crash_10235,2020-07-03 14:40:00,2020,7,Jul,Fri,14,Daytime,30,OTHER,CLEAR,DAYLIGHT,PARKED MOTOR VEHICLE,OTHER,DRY,NO INJURY / DRIVE AWAY,,,$500 OR LESS,DISREGARDING ROAD MARKINGS,2,NO INDICATION OF INJURY,0,0,41.8871776278,-87.753203775,60644,"CHICAGO MIDWAY AIRPORT, IL US",87.0,58.0,37.0,0.0,10.0,10.0
crash_10236,2021-08-16 16:50:00,2021,8,Aug,Mon,16,Evening commute,35,STOP SIGN/FLASHER,CLEAR,DAYLIGHT,TURNING,NOT DIVIDED,DRY,NO INJURY / DRIVE AWAY,true,,"OVER $1,500",FAILING TO YIELD RIGHT-OF-WAY,2,NO INDICATION OF INJURY,0,0,41.7433981579,-87.6342517745,60620,"CHICAGO MIDWAY AIRPORT, IL US",79.0,53.0,41.0,0.0,10.0,6.0
crash_10237,2018-02-22 08:00:00,2018,2,Feb,Thu,8,Morning commute,30,NO CONTROLS,CLEAR,DAYLIGHT,PARKED MOTOR VEHICLE,ONE-WAY,DRY,NO INJURY / DRIVE AWAY,,,"OVER $1,500",IMPROPER BACKING,2,NO INDICATION OF INJURY,0,0,41.9629010812,-87.7228371058,60625,"CHICAGO OHARE INTERNATIONAL AIRPORT, IL US",34.0,27.0,75.0,0.0,10.0,13.0
crash_10238,2020-10-17 10:25:00,2020,10,Oct,Sat,10,Daytime,15,NO CONTROLS,CLOUDY/OVERCAST,DAYLIGHT,ANGLE,ALLEY,DRY,NO INJURY / DRIVE AWAY,,,"$501 - $1,500",DRIVING SKILLS/KNOWLEDGE/EXPERIENCE,2,NO INDICATION OF INJURY,0,0,42.0155288589,-87.6900683651,60645,"CHICAGO OHARE INTERNATIONAL AIRPORT, IL US",52.0,27.0,38.0,0.0,10.0,18.0
crash_10239,2024-06-10 07:15:00,2024,6,Jun,Mon,7,Morning commute,30,TRAFFIC SIGNAL,CLEAR,DAYLIGHT,REAR END,FOUR WAY,DRY,NO INJURY / DRIVE AWAY,true,true,"$501 - $1,500",UNABLE TO DETERMINE,2,NO INDICATION OF INJURY,0,0,41.7502622404,-87.6635801171,60620,"CHICAGO MIDWAY AIRPORT, IL US",56.0,46.0,70.0,0.0,10.0,17.0
crash_10240,2020-08-09 14:45:00,2020,8,Aug,Sun,14,Daytime,30,STOP SIGN/FLASHER,CLEAR,DAYLIGHT,ANGLE,NOT DIVIDED,UNKNOWN,NO INJURY / DRIVE AWAY,true,,"$501 - $1,500",UNABLE TO DETERMINE,2,NO INDICATION OF INJURY,0,0,42.0112780003,-87.6828713889,60645,"CHICAGO OHARE INTERNATIONAL AIRPORT, IL US",91.0,68.0,47.0,0.0,10.0,10.0
crash_10241,2024-05-29 13:51:00,2024,5,May,Wed,13,Daytime,30,NO CONTROLS,CLEAR,DAYLIGHT,PARKED MOTOR VEHICLE,ONE-WAY,DRY,NO INJURY / DRIVE AWAY,,true,"OVER $1,500",UNABLE TO DETERMINE,2,NO INDICATION OF INJURY,0,0,41.8807681971,-87.6336534213,60603,"CHICAGO MIDWAY AIRPORT, IL US",70.0,50.0,49.0,0.0,10.0,14.0
crash_10242,2025-10-04 03:32:00,2025,10,Oct,Sat,3,Night or early morning,30,NO CONTROLS,CLEAR,"DARKNESS, LIGHTED ROAD",PARKED MOTOR VEHICLE,NOT DIVIDED,DRY,NO INJURY / DRIVE AWAY,,true,"OVER $1,500","OPERATING VEHICLE IN ERRATIC, RECKLESS, CARELESS, NEGLIGENT OR AGGRESSIVE MANNER",2,NO INDICATION OF INJURY,0,0,41.9168663444,-87.6576124706,60614,,,,,,,
crash_10243,2021-06-05 20:52:00,2021,6,Jun,Sat,20,Night or early morning,10,NO CONTROLS,CLEAR,"DARKNESS, LIGHTED ROAD",FIXED OBJECT,OTHER,DRY,NO INJURY / DRIVE AWAY,,true,"OVER $1,500",UNABLE TO DETERMINE,1,NO INDICATION OF INJURY,0,0,41.9562503996,-87.6635729203,60613,"CHICAGO MIDWAY AIRPORT, IL US",85.0,56.0,37.0,0.0,10.0,10.0
crash_10244,2020-11-07 21:30:00,2020,11,Nov,Sat,21,Night or early morning,25,NO CONTROLS,CLEAR,"DARKNESS, LIGHTED ROAD",PARKED MOTOR VEHICLE,NOT DIVIDED,DRY,NO INJURY / DRIVE AWAY,,true,"$501 - $1,500",UNABLE TO DETERMINE,2,NO INDICATION OF INJURY,0,0,41.7153400175,-87.5532190061,60617,"CHICAGO MIDWAY AIRPORT, IL US",61.0,47.0,60.0,0.0,10.0,7.0
crash_10245,2019-01-06 13:47:00,2019,1,Jan,Sun,13,Daytime,30,TRAFFIC SIGNAL,CLEAR,DAYLIGHT,HEAD ON,DIVIDED - W/MEDIAN (NOT RAISED),DRY,INJURY AND / OR TOW DUE TO CRASH,true,,"OVER $1,500",FAILING TO YIELD RIGHT-OF-WAY,2,NO INDICATION OF INJURY,0,0,41.880559726,-87.7303729543,60624,"CHICAGO MIDWAY AIRPORT, IL US",40.0,28.0,63.0,0.0,10.0,10.0
crash_10246,2021-04-04 00:10:00,2021,4,Apr,Sun,0,Night or early morning,30,NO CONTROLS,CLEAR,"DARKNESS, LIGHTED ROAD",HEAD ON,NOT DIVIDED,DRY,INJURY AND / OR TOW DUE TO CRASH,,true,"OVER $1,500",DRIVING ON WRONG SIDE/WRONG WAY,2,NO INDICATION OF INJURY,0,0,41.8024505897,-87.5990107827,60615,"CHICAGO MIDWAY AIRPORT, IL US",56.0,36.0,47.0,0.0,10.0,5.0
crash_10247,2019-06-26 20:15:00,2019,6,Jun,Wed,20,Night or early morning,30,TRAFFIC SIGNAL,RAIN,DUSK,SIDESWIPE SAME DIRECTION,NOT DIVIDED,WET,NO INJURY / DRIVE AWAY,,true,"OVER $1,500",UNABLE TO DETERMINE,2,NO INDICATION OF INJURY,0,0,41.8514327066,-87.7250130856,60623,"CHICAGO MIDWAY AIRPORT, IL US",75.0,66.0,74.0,0.02,10.0,11.0
crash_10248,2020-12-11 08:00:00,2020,12,Dec,Fri,8,Morning commute,30,NO CONTROLS,CLEAR,"DARKNESS, LIGHTED ROAD",PARKED MOTOR VEHICLE,DIVIDED - W/MEDIAN (NOT RAISED),DRY,NO INJURY / DRIVE AWAY,,true,"$501 - $1,500",UNABLE TO DETERMINE,2,NO INDICATION OF INJURY,0,0,41.9086060695,-87.7068227217,60622,"CHICAGO MIDWAY AIRPORT, IL US",44.0,38.0,79.0,0.0,4.0,10.0
crash_10249,2021-01-22 19:23:00,2021,1,Jan,Fri,19,Night or early morning,20,STOP SIGN/FLASHER,CLEAR,DARKNESS,TURNING,NOT DIVIDED,DRY,NO INJURY / DRIVE AWAY,true,,"OVER $1,500",UNABLE TO DETERMINE,2,NO INDICATION OF INJURY,0,0,41.8558084627,-87.6760927684,60608,"CHICAGO MIDWAY AIRPORT, IL US",16.0,-2.0,45.0,0.0,10.0,7.0
crash_10250,2021-06-27 17:37:00,2021,6,Jun,Sun,17,Evening commute,30,NO CONTROLS,CLEAR,DAYLIGHT,PARKED MOTOR VEHICLE,NOT DIVIDED,DRY,NO INJURY / DRIVE AWAY,,,"$501 - $1,500",HAD BEEN DRINKING (USE WHEN ARREST IS NOT MADE),2,NO INDICATION OF INJURY,0,0,41.8909354041,-87.6309448012,60654,"CHICAGO MIDWAY AIRPORT, IL US",83.0,66.0,57.0,0.0,10.0,11.0
crash_10251,2023-11-09 23:30:00,2023,11,Nov,Thu,23,Night or early morning,30,UNKNOWN,UNKNOWN,UNKNOWN,PARKED MOTOR VEHICLE,ONE-WAY,UNKNOWN,NO INJURY / DRIVE AWAY,,true,"OVER $1,500",NOT APPLICABLE,2,NO INDICATION OF INJURY,0,0,41.7623628939,-87.6807744868,60636,"CHICAGO MIDWAY AIRPORT, IL US",47.0,27.0,46.0,0.0,10.0,10.0
crash_10252,2023-05-24 13:30:00,2023,5,May,Wed,13,Daytime,30,TRAFFIC SIGNAL,CLEAR,DAYLIGHT,PARKED MOTOR VEHICLE,NOT DIVIDED,DRY,NO INJURY / DRIVE AWAY,,,$500 OR LESS,UNABLE TO DETERMINE,2,NO INDICATION OF INJURY,0,0,41.8793804241,-87.630965957,60604,"CHICAGO MIDWAY AIRPORT, IL US",69.0,49.0,49.0,0.0,10.0,16.0
crash_10253,2021-07-22 09:30:00,2021,7,Jul,Thu,9,Morning commute,30,NO CONTROLS,CLEAR,DAYLIGHT,REAR END,NOT DIVIDED,DRY,NO INJURY / DRIVE AWAY,,,"$501 - $1,500",NOT APPLICABLE,2,NO INDICATION OF INJURY,0,0,41.9310223008,-87.7930905709,60634,"CHICAGO OHARE INTERNATIONAL AIRPORT, IL US",73.0,64.0,74.0,,10.0,3.0
crash_10254,2021-11-21 01:11:00,2021,11,Nov,Sun,1,Night or early morning,25,STOP SIGN/FLASHER,CLEAR,DARKNESS,ANGLE,FOUR WAY,DRY,INJURY AND / OR TOW DUE TO CRASH,true,,"OVER $1,500",FAILING TO YIELD RIGHT-OF-WAY,2,NONINCAPACITATING INJURY,1,0,41.7571263683,-87.5628449231,60649,"CHICAGO MIDWAY AIRPORT, IL US",39.0,29.0,67.0,0.0,10.0,0.0
crash_10255,2022-05-08 17:10:00,2022,5,May,Sun,17,Evening commute,20,NO CONTROLS,CLOUDY/OVERCAST,DAYLIGHT,REAR TO SIDE,ONE-WAY,DRY,NO INJURY / DRIVE AWAY,,,"OVER $1,500",UNABLE TO DETERMINE,2,NO INDICATION OF INJURY,0,0,41.9177503395,-87.7279483142,60639,"CHICAGO MIDWAY AIRPORT, IL US",68.0,43.0,40.0,0.0,10.0,18.0
crash_10256,2025-12-02 01:10:00,2025,12,Dec,Tue,1,Night or early morning,30,STOP SIGN/FLASHER,SNOW,"DARKNESS, LIGHTED ROAD",REAR END,NOT DIVIDED,SNOW OR SLUSH,NO INJURY / DRIVE AWAY,,true,"OVER $1,500",FAILING TO REDUCE SPEED TO AVOID CRASH,2,NO INDICATION OF INJURY,0,0,41.8099343935,-87.6944014888,60632,,,,,,,
crash_10257,2021-10-16 16:27:00,2021,10,Oct,Sat,16,Evening commute,30,NO CONTROLS,CLEAR,DAYLIGHT,REAR END,DIVIDED - W/MEDIAN (NOT RAISED),DRY,INJURY AND / OR TOW DUE TO CRASH,,true,"OVER $1,500",FOLLOWING TOO CLOSELY,2,NO INDICATION OF INJURY,0,0,41.9249195177,-87.7122583304,60647,"CHICAGO MIDWAY AIRPORT, IL US",59.0,29.0,32.0,0.0,10.0,16.0
crash_10258,2022-09-03 16:00:00,2022,9,Sep,Sat,16,Evening commute,30,NO CONTROLS,CLEAR,DAYLIGHT,SIDESWIPE SAME DIRECTION,NOT DIVIDED,UNKNOWN,NO INJURY / DRIVE AWAY,,,"$501 - $1,500",IMPROPER OVERTAKING/PASSING,2,NO INDICATION OF INJURY,0,0,41.9835306834,-87.6590734715,60640,"CHICAGO OHARE INTERNATIONAL AIRPORT, IL US",81.0,66.0,61.0,0.0,10.0,13.0
crash_10259,2024-08-24 06:02:00,2024,8,Aug,Sat,6,Morning commute,30,TRAFFIC SIGNAL,CLEAR,DAYLIGHT,FIXED OBJECT,T-INTERSECTION,DRY,NO INJURY / DRIVE AWAY,true,,"OVER $1,500",FAILING TO REDUCE SPEED TO AVOID CRASH,1,NO INDICATION OF INJURY,0,0,41.7860310964,-87.5867023758,60637,"CHICAGO MIDWAY AIRPORT, IL US",68.0,57.0,68.0,0.0,10.0,5.0
crash_10260,2023-05-14 16:00:00,2023,5,May,Sun,16,Evening commute,15,NO CONTROLS,RAIN,DAYLIGHT,PARKED MOTOR VEHICLE,ONE-WAY,WET,NO INJURY / DRIVE AWAY,,true,"$501 - $1,500",UNABLE TO DETERMINE,2,NO INDICATION OF INJURY,0,0,41.9925615528,-87.6747007248,60660,"CHICAGO OHARE INTERNATIONAL AIRPORT, IL US",56.0,44.0,65.0,0.0,10.0,17.0
crash_10261,2023-03-04 16:45:00,2023,3,Mar,Sat,16,Evening commute,45,NO CONTROLS,UNKNOWN,DAYLIGHT,SIDESWIPE SAME DIRECTION,DIVIDED - W/MEDIAN BARRIER,DRY,NO INJURY / DRIVE AWAY,,true,"OVER $1,500",FAILING TO YIELD RIGHT-OF-WAY,2,NO INDICATION OF INJURY,0,0,41.8919370838,-87.6137762312,60611,"CHICAGO MIDWAY AIRPORT, IL US",45.0,37.0,74.0,0.0,10.0,7.0
crash_10262,2019-02-20 09:25:00,2019,2,Feb,Wed,9,Morning commute,35,TRAFFIC SIGNAL,RAIN,DAYLIGHT,TURNING,NOT DIVIDED,WET,NO INJURY / DRIVE AWAY,true,,"OVER $1,500",IMPROPER TURNING/NO SIGNAL,2,NO INDICATION OF INJURY,0,0,41.9759082455,-87.7014312688,60625,"CHICAGO OHARE INTERNATIONAL AIRPORT, IL US",31.0,29.0,92.0,0.0,1.75,18.0
crash_10263,2019-02-02 00:52:00,2019,2,Feb,Sat,0,Night or early morning,30,TRAFFIC SIGNAL,CLEAR,"DARKNESS, LIGHTED ROAD",TURNING,DIVIDED - W/MEDIAN BARRIER,DRY,INJURY AND / OR TOW DUE TO CRASH,true,,"OVER $1,500",DISREGARDING TRAFFIC SIGNALS,2,NONINCAPACITATING INJURY,1,0,41.876248128,-87.6244191846,60605,"CHICAGO MIDWAY AIRPORT, IL US",15.0,10.0,80.0,0.0,7.0,8.0
crash_10264,2018-03-03 11:00:00,2018,3,Mar,Sat,11,Daytime,10,NO CONTROLS,CLEAR,DAYLIGHT,PARKED MOTOR VEHICLE,PARKING LOT,DRY,NO INJURY / DRIVE AWAY,,true,$500 OR LESS,UNABLE TO DETERMINE,2,NO INDICATION OF INJURY,0,0,42.0126706814,-87.6789701122,60626,"CHICAGO OHARE INTERNATIONAL AIRPORT, IL US",41.0,19.0,41.0,0.0,10.0,8.0
crash_10265,2021-04-23 09:50:00,2021,4,Apr,Fri,9,Morning commute,30,STOP SIGN/FLASHER,CLEAR,"DARKNESS, LIGHTED ROAD",SIDESWIPE SAME DIRECTION,NOT DIVIDED,DRY,NO INJURY / DRIVE AWAY,true,true,"OVER $1,500",IMPROPER OVERTAKING/PASSING,2,NO INDICATION OF INJURY,0,0,41.8917333348,-87.7113864528,60624,"CHICAGO MIDWAY AIRPORT, IL US",56.0,26.0,32.0,0.0,10.0,9.0
crash_10266,2025-07-04 11:15:00,2025,7,Jul,Fri,11,Daytime,30,NO CONTROLS,CLEAR,DAYLIGHT,PARKED MOTOR VEHICLE,NOT DIVIDED,WET,NO INJURY / DRIVE AWAY,,,"$501 - $1,500",DRIVING SKILLS/KNOWLEDGE/EXPERIENCE,2,NO INDICATION OF INJURY,0,0,41.962622808,-87.6420696679,60640,"CHICAGO MIDWAY AIRPORT, IL US",76.0,69.0,79.0,0.1,10.0,6.0