crash_id,crash_datetime,crash_year,crash_month,crash_month_name,crash_weekday_name,crash_hour,time_period,posted_speed_limit_mph,traffic_control_device,reported_weather_condition,reported_lighting_condition,first_crash_type,trafficway_type,reported_road_surface_condition,crash_type,intersection_related,hit_and_run,estimated_damage,primary_contributory_cause,unit_count,most_severe_injury,injuries_total,injuries_fatal,latitude,longitude,zip5,weather_station_name,temperature_f,dew_point_f,relative_humidity_percent,precipitation_inches,visibility_miles,wind_speed_mph
crash_10267,2025-06-11 17:15:00,2025,6,Jun,Wed,17,Evening commute,10,UNKNOWN,CLEAR,DAYLIGHT,PARKED MOTOR VEHICLE,PARKING LOT,DRY,NO INJURY / DRIVE AWAY,,,"OVER $1,500",UNABLE TO DETERMINE,2,NO INDICATION OF INJURY,0,0,41.7786763325,-87.6461360141,60621,"CHICAGO MIDWAY AIRPORT, IL US",91.0,56.0,31.0,0.0,10.0,14.0
crash_10268,2019-11-11 10:45:00,2019,11,Nov,Mon,10,Daytime,30,NO CONTROLS,SNOW,DAYLIGHT,SIDESWIPE SAME DIRECTION,DIVIDED - W/MEDIAN (NOT RAISED),SNOW OR SLUSH,NO INJURY / DRIVE AWAY,,,"$501 - $1,500",FAILING TO YIELD RIGHT-OF-WAY,2,NO INDICATION OF INJURY,0,0,41.846421239,-87.7149940825,60623,"CHICAGO MIDWAY AIRPORT, IL US",25.0,20.0,81.0,0.01,2.5,22.0
crash_10269,2021-09-13 08:40:00,2021,9,Sep,Mon,8,Morning commute,30,TRAFFIC SIGNAL,CLOUDY/OVERCAST,DAYLIGHT,SIDESWIPE SAME DIRECTION,DIVIDED - W/MEDIAN (NOT RAISED),DRY,NO INJURY / DRIVE AWAY,,,"$501 - $1,500",FAILING TO YIELD RIGHT-OF-WAY,2,NO INDICATION OF INJURY,0,0,41.9830813345,-87.6892978179,60625,"CHICAGO OHARE INTERNATIONAL AIRPORT, IL US",73.0,68.0,84.0,0.0,10.0,7.0
crash_10270,2024-12-15 13:41:00,2024,12,Dec,Sun,13,Daytime,15,NO CONTROLS,CLOUDY/OVERCAST,DAYLIGHT,PARKED MOTOR VEHICLE,PARKING LOT,DRY,NO INJURY / DRIVE AWAY,,,"OVER $1,500",DRIVING SKILLS/KNOWLEDGE/EXPERIENCE,2,NO INDICATION OF INJURY,0,0,41.9354720327,-87.6686545431,60657,"CHICAGO MIDWAY AIRPORT, IL US",46.0,43.0,89.0,,7.0,6.0
crash_10271,2021-12-11 10:45:00,2021,12,Dec,Sat,10,Daytime,30,TRAFFIC SIGNAL,CLOUDY/OVERCAST,DAYLIGHT,REAR END,DIVIDED - W/MEDIAN (NOT RAISED),UNKNOWN,INJURY AND / OR TOW DUE TO CRASH,true,,"OVER $1,500",FOLLOWING TOO CLOSELY,2,NONINCAPACITATING INJURY,1,0,41.9577122954,-87.6887224636,60618,"CHICAGO MIDWAY AIRPORT, IL US",38.0,26.0,62.0,0.0,10.0,25.0
crash_10272,2019-03-28 15:52:00,2019,3,Mar,Thu,15,Evening commute,30,TRAFFIC SIGNAL,CLEAR,DAYLIGHT,TURNING,NOT DIVIDED,DRY,NO INJURY / DRIVE AWAY,true,,"OVER $1,500",IMPROPER TURNING/NO SIGNAL,3,NO INDICATION OF INJURY,0,0,41.8723278023,-87.7447914886,60644,"CHICAGO MIDWAY AIRPORT, IL US",64.0,45.0,50.0,0.0,10.0,9.0
crash_10273,2023-04-21 08:05:00,2023,4,Apr,Fri,8,Morning commute,30,TRAFFIC SIGNAL,CLEAR,DAYLIGHT,REAR END,NOT REPORTED,UNKNOWN,NO INJURY / DRIVE AWAY,,,$500 OR LESS,UNABLE TO DETERMINE,2,NO INDICATION OF INJURY,0,0,41.8302270425,-87.7240584597,60623,"CHICAGO MIDWAY AIRPORT, IL US",47.0,38.0,71.0,0.0,10.0,6.0
crash_10274,2021-10-30 22:56:00,2021,10,Oct,Sat,22,Night or early morning,30,NO CONTROLS,CLEAR,"DARKNESS, LIGHTED ROAD",PEDESTRIAN,ALLEY,DRY,INJURY AND / OR TOW DUE TO CRASH,,true,$500 OR LESS,"OPERATING VEHICLE IN ERRATIC, RECKLESS, CARELESS, NEGLIGENT OR AGGRESSIVE MANNER",2,"REPORTED, NOT EVIDENT",1,0,41.7888733487,-87.653377358,60621,"CHICAGO MIDWAY AIRPORT, IL US",48.0,42.0,80.0,0.0,10.0,5.0
crash_10275,2018-06-12 11:00:00,2018,6,Jun,Tue,11,Daytime,30,STOP SIGN/FLASHER,UNKNOWN,UNKNOWN,PARKED MOTOR VEHICLE,NOT DIVIDED,UNKNOWN,NO INJURY / DRIVE AWAY,,true,"OVER $1,500",UNABLE TO DETERMINE,2,NO INDICATION OF INJURY,0,0,41.8057485889,-87.610265664,60615,"CHICAGO MIDWAY AIRPORT, IL US",75.0,69.0,82.0,0.0,7.0,3.0
crash_10276,2023-12-22 08:25:00,2023,12,Dec,Fri,8,Morning commute,30,NO CONTROLS,CLEAR,DAYLIGHT,SIDESWIPE SAME DIRECTION,ONE-WAY,WET,NO INJURY / DRIVE AWAY,,,$500 OR LESS,UNABLE TO DETERMINE,2,NO INDICATION OF INJURY,0,0,41.6827538651,-87.6301584507,60628,"CHICAGO MIDWAY AIRPORT, IL US",45.0,37.0,74.0,0.0,10.0,8.0
crash_10277,2018-07-14 15:34:00,2018,7,Jul,Sat,15,Evening commute,30,NO CONTROLS,CLEAR,DAYLIGHT,REAR END,PARKING LOT,DRY,NO INJURY / DRIVE AWAY,,,"OVER $1,500",IMPROPER BACKING,2,NO INDICATION OF INJURY,0,0,41.930110626,-87.7858235033,60707,"CHICAGO OHARE INTERNATIONAL AIRPORT, IL US",79.0,69.0,72.0,0.0,10.0,7.0
crash_10278,2019-10-08 22:45:00,2019,10,Oct,Tue,22,Night or early morning,30,TRAFFIC SIGNAL,CLEAR,"DARKNESS, LIGHTED ROAD",REAR END,NOT DIVIDED,DRY,NO INJURY / DRIVE AWAY,,true,"$501 - $1,500",UNABLE TO DETERMINE,2,NO INDICATION OF INJURY,0,0,41.9466792228,-87.712577988,60618,"CHICAGO OHARE INTERNATIONAL AIRPORT, IL US",56.0,47.0,72.0,0.0,10.0,5.0
crash_10279,2022-09-09 16:40:00,2022,9,Sep,Fri,16,Evening commute,30,TRAFFIC SIGNAL,UNKNOWN,UNKNOWN,REAR END,NOT DIVIDED,UNKNOWN,NO INJURY / DRIVE AWAY,,,"OVER $1,500",FAILING TO REDUCE SPEED TO AVOID CRASH,2,NO INDICATION OF INJURY,0,0,41.8967201137,-87.6175675066,60611,"CHICAGO MIDWAY AIRPORT, IL US",85.0,55.0,36.0,0.0,10.0,13.0
crash_10280,2018-11-10 12:00:00,2018,11,Nov,Sat,12,Daytime,35,TRAFFIC SIGNAL,CLEAR,DAYLIGHT,REAR END,ONE-WAY,DRY,NO INJURY / DRIVE AWAY,true,,"OVER $1,500",UNABLE TO DETERMINE,2,NO INDICATION OF INJURY,0,0,41.892426521,-87.6387163867,60654,"CHICAGO MIDWAY AIRPORT, IL US",30.0,15.0,54.0,0.0,10.0,11.0
crash_10281,2024-06-18 18:41:00,2024,6,Jun,Tue,18,Evening commute,30,TRAFFIC SIGNAL,CLEAR,DAYLIGHT,SIDESWIPE SAME DIRECTION,DIVIDED - W/MEDIAN (NOT RAISED),DRY,NO INJURY / DRIVE AWAY,true,true,"OVER $1,500",UNABLE TO DETERMINE,2,NO INDICATION OF INJURY,0,0,41.8673060512,-87.6438776753,60607,"CHICAGO MIDWAY AIRPORT, IL US",90.0,67.0,47.0,0.0,10.0,15.0
crash_10282,2020-05-08 14:46:00,2020,5,May,Fri,14,Daytime,30,TRAFFIC SIGNAL,CLEAR,DAYLIGHT,REAR END,NOT DIVIDED,DRY,NO INJURY / DRIVE AWAY,,true,$500 OR LESS,FOLLOWING TOO CLOSELY,2,NO INDICATION OF INJURY,0,0,41.7585854217,-87.5958473006,60619,"CHICAGO MIDWAY AIRPORT, IL US",43.0,24.0,47.0,0.0,10.0,16.0
crash_10283,2021-04-16 22:40:00,2021,4,Apr,Fri,22,Night or early morning,30,NO CONTROLS,CLEAR,"DARKNESS, LIGHTED ROAD",SIDESWIPE OPPOSITE DIRECTION,NOT DIVIDED,DRY,NO INJURY / DRIVE AWAY,,true,"$501 - $1,500",IMPROPER OVERTAKING/PASSING,2,NO INDICATION OF INJURY,0,0,41.9702049567,-87.7233413824,60625,"CHICAGO OHARE INTERNATIONAL AIRPORT, IL US",40.0,33.0,77.0,0.0,10.0,5.0
crash_10284,2025-03-22 21:00:00,2025,3,Mar,Sat,21,Night or early morning,10,NO CONTROLS,CLEAR,"DARKNESS, LIGHTED ROAD",PARKED MOTOR VEHICLE,PARKING LOT,DRY,NO INJURY / DRIVE AWAY,,true,"$501 - $1,500",UNABLE TO DETERMINE,2,NO INDICATION OF INJURY,0,0,41.7987502574,-87.7234664102,60632,"CHICAGO MIDWAY AIRPORT, IL US",36.0,26.0,67.0,0.0,10.0,7.0
crash_10285,2024-11-08 15:50:00,2024,11,Nov,Fri,15,Evening commute,35,TRAFFIC SIGNAL,CLEAR,DAYLIGHT,REAR END,DIVIDED - W/MEDIAN (NOT RAISED),DRY,NO INJURY / DRIVE AWAY,,,"OVER $1,500",UNABLE TO DETERMINE,2,NO INDICATION OF INJURY,0,0,41.7363580134,-87.6240150581,60619,"CHICAGO MIDWAY AIRPORT, IL US",61.0,33.0,35.0,0.0,10.0,10.0
crash_10286,2025-10-05 23:59:00,2025,10,Oct,Sun,23,Night or early morning,30,NO CONTROLS,CLEAR,"DARKNESS, LIGHTED ROAD",PARKED MOTOR VEHICLE,NOT DIVIDED,DRY,INJURY AND / OR TOW DUE TO CRASH,,,"OVER $1,500","DISTRACTION - OTHER ELECTRONIC DEVICE (NAVIGATION DEVICE, DVD PLAYER, ETC.)",3,NONINCAPACITATING INJURY,1,0,41.9487508809,-87.7473080488,60641,,,,,,,
crash_10287,2022-01-09 15:40:00,2022,1,Jan,Sun,15,Evening commute,20,NO CONTROLS,CLEAR,DAYLIGHT,PARKED MOTOR VEHICLE,ONE-WAY,DRY,NO INJURY / DRIVE AWAY,,true,"OVER $1,500",UNABLE TO DETERMINE,2,NO INDICATION OF INJURY,0,0,41.7770544278,-87.7020125899,60629,"CHICAGO MIDWAY AIRPORT, IL US",22.0,2.0,42.0,0.0,10.0,9.0
crash_10288,2025-09-20 11:00:00,2025,9,Sep,Sat,11,Daytime,30,NO CONTROLS,CLEAR,DAYLIGHT,PARKED MOTOR VEHICLE,NOT DIVIDED,DRY,NO INJURY / DRIVE AWAY,,,$500 OR LESS,IMPROPER BACKING,2,NO INDICATION OF INJURY,0,0,41.9239022891,-87.7779334965,60639,,,,,,,
crash_10289,2019-02-18 23:04:00,2019,2,Feb,Mon,23,Night or early morning,35,NO CONTROLS,CLEAR,"DARKNESS, LIGHTED ROAD",FIXED OBJECT,ONE-WAY,WET,INJURY AND / OR TOW DUE TO CRASH,,,"OVER $1,500",FAILING TO REDUCE SPEED TO AVOID CRASH,1,"REPORTED, NOT EVIDENT",2,0,,,,,,,,,,
crash_10290,2021-06-21 15:53:00,2021,6,Jun,Mon,15,Evening commute,30,NO CONTROLS,CLEAR,DAYLIGHT,REAR END,DIVIDED - W/MEDIAN (NOT RAISED),DRY,INJURY AND / OR TOW DUE TO CRASH,,true,"OVER $1,500",FAILING TO REDUCE SPEED TO AVOID CRASH,4,NO INDICATION OF INJURY,0,0,41.7970634539,-87.6842649341,60632,"CHICAGO MIDWAY AIRPORT, IL US",72.0,41.0,33.0,0.0,10.0,15.0
crash_10291,2020-06-21 01:50:00,2020,6,Jun,Sun,1,Night or early morning,30,NO CONTROLS,CLEAR,DAYLIGHT,PARKED MOTOR VEHICLE,NOT DIVIDED,DRY,NO INJURY / DRIVE AWAY,,true,"$501 - $1,500",IMPROPER LANE USAGE,2,NO INDICATION OF INJURY,0,0,41.9297746383,-87.7855183609,60639,"CHICAGO OHARE INTERNATIONAL AIRPORT, IL US",71.0,67.0,87.0,0.0,10.0,7.0
crash_10292,2019-12-16 21:49:00,2019,12,Dec,Mon,21,Night or early morning,15,NO CONTROLS,SNOW,DARKNESS,FIXED OBJECT,ALLEY,WET,INJURY AND / OR TOW DUE TO CRASH,,,"OVER $1,500","VISION OBSCURED (SIGNS, TREE LIMBS, BUILDINGS, ETC.)",1,NONINCAPACITATING INJURY,1,0,41.7516092032,-87.5844716504,60649,"CHICAGO MIDWAY AIRPORT, IL US",30.0,21.0,69.0,0.0,10.0,14.0
crash_10293,2022-04-10 00:30:00,2022,4,Apr,Sun,0,Night or early morning,30,NO CONTROLS,CLEAR,DARKNESS,SIDESWIPE SAME DIRECTION,UNKNOWN,UNKNOWN,NO INJURY / DRIVE AWAY,,true,"$501 - $1,500",IMPROPER OVERTAKING/PASSING,2,NO INDICATION OF INJURY,0,0,41.8690705412,-87.7303124681,60624,"CHICAGO MIDWAY AIRPORT, IL US",39.0,29.0,67.0,0.0,10.0,5.0
crash_10294,2019-07-30 07:48:00,2019,7,Jul,Tue,7,Morning commute,30,STOP SIGN/FLASHER,CLEAR,DAYLIGHT,TURNING,T-INTERSECTION,DRY,NO INJURY / DRIVE AWAY,true,,"$501 - $1,500",IMPROPER OVERTAKING/PASSING,2,NO INDICATION OF INJURY,0,0,41.8088931707,-87.6512717317,60609,"CHICAGO MIDWAY AIRPORT, IL US",71.0,63.0,76.0,0.0,10.0,8.0
crash_10295,2023-04-14 14:45:00,2023,4,Apr,Fri,14,Daytime,30,NO CONTROLS,CLEAR,DAYLIGHT,REAR END,DIVIDED - W/MEDIAN (NOT RAISED),DRY,NO INJURY / DRIVE AWAY,,,"OVER $1,500",FOLLOWING TOO CLOSELY,2,NO INDICATION OF INJURY,0,0,41.8095155423,-87.6151311708,60653,"CHICAGO MIDWAY AIRPORT, IL US",82.0,43.0,25.0,0.0,10.0,7.0
crash_10296,2020-06-12 15:45:00,2020,6,Jun,Fri,15,Evening commute,15,NO CONTROLS,UNKNOWN,DAYLIGHT,PARKED MOTOR VEHICLE,ONE-WAY,DRY,NO INJURY / DRIVE AWAY,,true,"OVER $1,500",UNABLE TO DETERMINE,2,NO INDICATION OF INJURY,0,0,41.9999097037,-87.6974144274,60645,"CHICAGO OHARE INTERNATIONAL AIRPORT, IL US",68.0,52.0,57.0,0.0,10.0,11.0
crash_10297,2024-05-30 08:20:00,2024,5,May,Thu,8,Morning commute,30,TRAFFIC SIGNAL,CLEAR,DAYLIGHT,SIDESWIPE SAME DIRECTION,FOUR WAY,DRY,NO INJURY / DRIVE AWAY,true,,"OVER $1,500",UNABLE TO DETERMINE,2,NO INDICATION OF INJURY,0,0,41.9764927208,-87.6551336046,60640,"CHICAGO OHARE INTERNATIONAL AIRPORT, IL US",56.0,42.0,60.0,0.0,10.0,8.0
crash_10298,2024-02-15 16:00:00,2024,2,Feb,Thu,16,Evening commute,30,NO CONTROLS,CLEAR,DAYLIGHT,ANGLE,NOT DIVIDED,DRY,INJURY AND / OR TOW DUE TO CRASH,true,,"OVER $1,500",NOT APPLICABLE,2,NO INDICATION OF INJURY,0,0,41.6913304274,-87.7095081044,60655,"CHICAGO MIDWAY AIRPORT, IL US",44.0,12.0,27.0,0.0,10.0,20.0
crash_10299,2025-01-10 21:50:00,2025,1,Jan,Fri,21,Night or early morning,30,UNKNOWN,SNOW,"DARKNESS, LIGHTED ROAD",PARKED MOTOR VEHICLE,NOT DIVIDED,SNOW OR SLUSH,NO INJURY / DRIVE AWAY,,true,"OVER $1,500",WEATHER,2,NO INDICATION OF INJURY,0,0,41.8300272836,-87.6949378391,60632,"CHICAGO MIDWAY AIRPORT, IL US",28.0,23.0,81.0,0.0,3.0,7.0
crash_10300,2022-05-04 07:15:00,2022,5,May,Wed,7,Morning commute,30,TRAFFIC SIGNAL,CLEAR,DAYLIGHT,REAR END,NOT DIVIDED,DRY,NO INJURY / DRIVE AWAY,,,"OVER $1,500",FOLLOWING TOO CLOSELY,2,NO INDICATION OF INJURY,0,0,41.8523754932,-87.6661713958,60608,"CHICAGO MIDWAY AIRPORT, IL US",43.0,37.0,80.0,0.0,10.0,11.0
crash_10301,2023-03-08 16:00:00,2023,3,Mar,Wed,16,Evening commute,30,TRAFFIC SIGNAL,CLEAR,DAYLIGHT,SIDESWIPE SAME DIRECTION,DIVIDED - W/MEDIAN (NOT RAISED),DRY,NO INJURY / DRIVE AWAY,true,,"OVER $1,500",EQUIPMENT - VEHICLE CONDITION,3,NO INDICATION OF INJURY,0,0,41.8718503749,-87.6471664652,60607,"CHICAGO MIDWAY AIRPORT, IL US",43.0,18.0,37.0,0.0,10.0,15.0
crash_10302,2022-09-30 14:00:00,2022,9,Sep,Fri,14,Daytime,20,NO CONTROLS,CLEAR,DAYLIGHT,PARKED MOTOR VEHICLE,NOT DIVIDED,DRY,NO INJURY / DRIVE AWAY,,true,"OVER $1,500",UNABLE TO DETERMINE,2,NO INDICATION OF INJURY,0,0,41.9920328221,-87.727763536,60659,"CHICAGO OHARE INTERNATIONAL AIRPORT, IL US",67.0,43.0,42.0,0.0,10.0,10.0
crash_10303,2021-01-29 18:15:00,2021,1,Jan,Fri,18,Evening commute,30,NO CONTROLS,CLEAR,"DARKNESS, LIGHTED ROAD",PARKED MOTOR VEHICLE,PARKING LOT,DRY,NO INJURY / DRIVE AWAY,,,"OVER $1,500",DRIVING SKILLS/KNOWLEDGE/EXPERIENCE,2,NO INDICATION OF INJURY,0,0,41.9316370992,-87.7471018452,60641,"CHICAGO OHARE INTERNATIONAL AIRPORT, IL US",30.0,17.0,58.0,0.0,10.0,7.0
crash_10304,2018-03-18 14:05:00,2018,3,Mar,Sun,14,Daytime,30,NO CONTROLS,CLEAR,DAYLIGHT,REAR END,NOT DIVIDED,DRY,NO INJURY / DRIVE AWAY,,,"OVER $1,500",DISTRACTION - FROM OUTSIDE VEHICLE,2,NO INDICATION OF INJURY,0,0,41.8599322306,-87.6468530257,60608,"CHICAGO MIDWAY AIRPORT, IL US",54.0,22.0,29.0,0.0,10.0,7.0
crash_10305,2019-06-08 14:30:00,2019,6,Jun,Sat,14,Daytime,30,NO CONTROLS,CLEAR,DAYLIGHT,REAR END,NOT DIVIDED,DRY,NO INJURY / DRIVE AWAY,,,"OVER $1,500",NOT APPLICABLE,3,NO INDICATION OF INJURY,0,0,41.7052359089,-87.7014567321,60655,"CHICAGO MIDWAY AIRPORT, IL US",77.0,57.0,50.0,0.0,10.0,16.0
crash_10306,2025-10-29 10:15:00,2025,10,Oct,Wed,10,Daytime,30,OTHER,CLEAR,DAYLIGHT,TURNING,DIVIDED - W/MEDIAN BARRIER,DRY,NO INJURY / DRIVE AWAY,,,"OVER $1,500",UNABLE TO DETERMINE,2,NO INDICATION OF INJURY,0,0,41.9100521404,-87.7034318064,60622,,,,,,,
crash_10307,2021-02-10 10:00:00,2021,2,Feb,Wed,10,Daytime,30,UNKNOWN,UNKNOWN,DAYLIGHT,REAR END,ONE-WAY,UNKNOWN,NO INJURY / DRIVE AWAY,,true,"OVER $1,500","OPERATING VEHICLE IN ERRATIC, RECKLESS, CARELESS, NEGLIGENT OR AGGRESSIVE MANNER",2,NO INDICATION OF INJURY,0,0,41.7802102455,-87.6121676111,60637,"CHICAGO MIDWAY AIRPORT, IL US",14.0,3.0,61.0,0.0,10.0,8.0
crash_10308,2020-08-29 09:15:00,2020,8,Aug,Sat,9,Morning commute,30,NO CONTROLS,CLEAR,DAYLIGHT,PARKED MOTOR VEHICLE,NOT DIVIDED,DRY,NO INJURY / DRIVE AWAY,,true,"$501 - $1,500",UNABLE TO DETERMINE,2,NO INDICATION OF INJURY,0,0,41.7736526448,-87.5680639698,60649,"CHICAGO MIDWAY AIRPORT, IL US",74.0,59.0,60.0,0.0,10.0,20.0
crash_10309,2025-01-13 22:00:00,2025,1,Jan,Mon,22,Night or early morning,30,TRAFFIC SIGNAL,UNKNOWN,"DARKNESS, LIGHTED ROAD",REAR END,DIVIDED - W/MEDIAN BARRIER,UNKNOWN,INJURY AND / OR TOW DUE TO CRASH,,true,"OVER $1,500",UNABLE TO DETERMINE,2,"REPORTED, NOT EVIDENT",1,0,41.8672820463,-87.628931553,60605,"CHICAGO MIDWAY AIRPORT, IL US",14.0,4.0,64.0,0.0,10.0,9.0
crash_10310,2023-01-26 18:31:00,2023,1,Jan,Thu,18,Evening commute,35,NO CONTROLS,SNOW,DARKNESS,PARKED MOTOR VEHICLE,ONE-WAY,SNOW OR SLUSH,INJURY AND / OR TOW DUE TO CRASH,,,"OVER $1,500",FAILING TO REDUCE SPEED TO AVOID CRASH,2,NONINCAPACITATING INJURY,1,0,41.7447022954,-87.607333705,60619,"CHICAGO MIDWAY AIRPORT, IL US",20.0,14.0,78.0,0.0,9.0,15.0
crash_10311,2018-11-09 11:13:00,2018,11,Nov,Fri,11,Daytime,30,TRAFFIC SIGNAL,CLEAR,DAYLIGHT,SIDESWIPE SAME DIRECTION,DIVIDED - W/MEDIAN (NOT RAISED),WET,NO INJURY / DRIVE AWAY,,,"OVER $1,500",IMPROPER OVERTAKING/PASSING,2,NO INDICATION OF INJURY,0,0,41.7068610499,-87.6817819072,60655,"CHICAGO MIDWAY AIRPORT, IL US",33.0,27.0,78.0,0.0,10.0,16.0
crash_10312,2023-05-10 02:35:00,2023,5,May,Wed,2,Night or early morning,30,OTHER,CLEAR,DARKNESS,REAR END,OTHER,DRY,NO INJURY / DRIVE AWAY,,,"OVER $1,500",UNABLE TO DETERMINE,2,NO INDICATION OF INJURY,0,0,41.8281099935,-87.70440219,60632,"CHICAGO MIDWAY AIRPORT, IL US",53.0,41.0,64.0,0.0,10.0,3.0
crash_10313,2019-05-24 12:01:00,2019,5,May,Fri,12,Daytime,30,NO CONTROLS,CLOUDY/OVERCAST,DAYLIGHT,REAR TO FRONT,DIVIDED - W/MEDIAN (NOT RAISED),DRY,NO INJURY / DRIVE AWAY,,,"$501 - $1,500",IMPROPER BACKING,2,NO INDICATION OF INJURY,0,0,41.8891802526,-87.6555949062,60642,"CHICAGO MIDWAY AIRPORT, IL US",66.0,54.0,65.0,0.0,10.0,6.0
crash_10314,2018-04-11 20:05:00,2018,4,Apr,Wed,20,Night or early morning,30,NO CONTROLS,RAIN,DARKNESS,REAR END,NOT DIVIDED,WET,NO INJURY / DRIVE AWAY,,,$500 OR LESS,FOLLOWING TOO CLOSELY,2,NO INDICATION OF INJURY,0,0,41.9680195909,-87.7382914831,60630,"CHICAGO OHARE INTERNATIONAL AIRPORT, IL US",49.0,34.0,56.0,0.0,10.0,9.0
crash_10315,2018-04-05 16:43:00,2018,4,Apr,Thu,16,Evening commute,20,NO CONTROLS,RAIN,DAYLIGHT,PARKED MOTOR VEHICLE,ONE-WAY,WET,NO INJURY / DRIVE AWAY,,true,"$501 - $1,500","OPERATING VEHICLE IN ERRATIC, RECKLESS, CARELESS, NEGLIGENT OR AGGRESSIVE MANNER",2,NO INDICATION OF INJURY,0,0,41.9309289006,-87.7142976347,60647,"CHICAGO MIDWAY AIRPORT, IL US",36.0,33.0,89.0,0.0,1.5,7.0
crash_10316,2022-02-24 18:20:00,2022,2,Feb,Thu,18,Evening commute,30,NO CONTROLS,SNOW,DAYLIGHT,REAR END,NOT DIVIDED,SNOW OR SLUSH,NO INJURY / DRIVE AWAY,,,"OVER $1,500",FAILING TO REDUCE SPEED TO AVOID CRASH,2,NO INDICATION OF INJURY,0,0,41.7715949362,-87.7153492858,60629,"CHICAGO MIDWAY AIRPORT, IL US",28.0,22.0,78.0,0.0,1.5,17.0
crash_10317,2019-05-17 20:48:00,2019,5,May,Fri,20,Night or early morning,35,NO CONTROLS,CLEAR,"DARKNESS, LIGHTED ROAD",REAR END,NOT DIVIDED,DRY,INJURY AND / OR TOW DUE TO CRASH,,true,$500 OR LESS,UNABLE TO DETERMINE,2,NONINCAPACITATING INJURY,4,0,41.8665265571,-87.7106950287,60624,"CHICAGO MIDWAY AIRPORT, IL US",46.0,40.0,79.0,0.03,10.0,13.0
crash_10318,2025-02-14 07:05:00,2025,2,Feb,Fri,7,Morning commute,30,STOP SIGN/FLASHER,CLOUDY/OVERCAST,DAYLIGHT,TURNING,FOUR WAY,DRY,NO INJURY / DRIVE AWAY,true,,"OVER $1,500",UNABLE TO DETERMINE,2,NO INDICATION OF INJURY,0,0,41.8337825095,-87.6133086087,60616,"CHICAGO MIDWAY AIRPORT, IL US",7.0,-2.0,66.0,0.0,10.0,5.0
crash_10319,2025-09-24 14:25:00,2025,9,Sep,Wed,14,Daytime,30,TRAFFIC SIGNAL,CLEAR,DAYLIGHT,SIDESWIPE SAME DIRECTION,FOUR WAY,DRY,NO INJURY / DRIVE AWAY,true,,"OVER $1,500",FAILING TO YIELD RIGHT-OF-WAY,2,NO INDICATION OF INJURY,0,0,41.8814421599,-87.6754949659,60612,,,,,,,
crash_10320,2022-02-10 16:25:00,2022,2,Feb,Thu,16,Evening commute,30,NO CONTROLS,CLEAR,DAYLIGHT,TURNING,NOT DIVIDED,DRY,NO INJURY / DRIVE AWAY,,,"OVER $1,500","EVASIVE ACTION DUE TO ANIMAL, OBJECT, NONMOTORIST",2,NO INDICATION OF INJURY,0,0,41.8658457035,-87.7152613804,60623,"CHICAGO MIDWAY AIRPORT, IL US",28.0,19.0,69.0,0.0,10.0,16.0
crash_10321,2023-03-07 16:25:00,2023,3,Mar,Tue,16,Evening commute,30,TRAFFIC SIGNAL,CLEAR,DAYLIGHT,SIDESWIPE SAME DIRECTION,NOT DIVIDED,DRY,NO INJURY / DRIVE AWAY,,true,"OVER $1,500","OPERATING VEHICLE IN ERRATIC, RECKLESS, CARELESS, NEGLIGENT OR AGGRESSIVE MANNER",2,NO INDICATION OF INJURY,0,0,41.75707353,-87.5843371477,60649,"CHICAGO MIDWAY AIRPORT, IL US",39.0,23.0,53.0,0.0,10.0,14.0
crash_10322,2021-02-23 13:30:00,2021,2,Feb,Tue,13,Daytime,35,TRAFFIC SIGNAL,CLEAR,DAYLIGHT,REAR END,DIVIDED - W/MEDIAN BARRIER,DRY,NO INJURY / DRIVE AWAY,,,"OVER $1,500",PHYSICAL CONDITION OF DRIVER,2,NO INDICATION OF INJURY,0,0,41.7219351163,-87.6046031594,60628,"CHICAGO MIDWAY AIRPORT, IL US",44.0,29.0,55.0,0.0,10.0,11.0
crash_10323,2021-05-19 15:20:00,2021,5,May,Wed,15,Evening commute,30,NO CONTROLS,CLEAR,DAYLIGHT,PARKED MOTOR VEHICLE,NOT DIVIDED,DRY,INJURY AND / OR TOW DUE TO CRASH,,,"OVER $1,500",UNABLE TO DETERMINE,2,"REPORTED, NOT EVIDENT",1,0,41.8095701293,-87.5933400708,60615,"CHICAGO MIDWAY AIRPORT, IL US",74.0,62.0,67.0,0.0,10.0,17.0
crash_10324,2020-12-21 22:00:00,2020,12,Dec,Mon,22,Night or early morning,25,NO CONTROLS,CLEAR,UNKNOWN,PARKED MOTOR VEHICLE,DIVIDED - W/MEDIAN BARRIER,UNKNOWN,NO INJURY / DRIVE AWAY,,true,"OVER $1,500",UNABLE TO DETERMINE,2,NO INDICATION OF INJURY,0,0,41.7477687323,-87.6089226981,60619,"CHICAGO MIDWAY AIRPORT, IL US",39.0,26.0,60.0,0.0,10.0,16.0
crash_10325,2019-07-15 12:00:00,2019,7,Jul,Mon,12,Daytime,30,NO CONTROLS,UNKNOWN,UNKNOWN,PARKED MOTOR VEHICLE,ONE-WAY,UNKNOWN,NO INJURY / DRIVE AWAY,,true,"OVER $1,500",UNABLE TO DETERMINE,2,NO INDICATION OF INJURY,0,0,41.8198278184,-87.6926744371,60632,"CHICAGO MIDWAY AIRPORT, IL US",87.0,64.0,46.0,0.0,10.0,16.0