crash_id,crash_datetime,crash_year,crash_month,crash_month_name,crash_weekday_name,crash_hour,time_period,posted_speed_limit_mph,traffic_control_device,reported_weather_condition,reported_lighting_condition,first_crash_type,trafficway_type,reported_road_surface_condition,crash_type,intersection_related,hit_and_run,estimated_damage,primary_contributory_cause,unit_count,most_severe_injury,injuries_total,injuries_fatal,latitude,longitude,zip5,weather_station_name,temperature_f,dew_point_f,relative_humidity_percent,precipitation_inches,visibility_miles,wind_speed_mph
crash_10326,2024-08-12 09:00:00,2024,8,Aug,Mon,9,Morning commute,30,TRAFFIC SIGNAL,CLEAR,DAYLIGHT,REAR END,NOT DIVIDED,DRY,NO INJURY / DRIVE AWAY,true,,$500 OR LESS,IMPROPER BACKING,2,NO INDICATION OF INJURY,0,0,41.9032416531,-87.6433521393,60610,"CHICAGO MIDWAY AIRPORT, IL US",73.0,53.0,50.0,0.0,10.0,5.0
crash_10327,2018-01-25 20:00:00,2018,1,Jan,Thu,20,Night or early morning,30,TRAFFIC SIGNAL,CLEAR,"DARKNESS, LIGHTED ROAD",REAR END,NOT DIVIDED,DRY,NO INJURY / DRIVE AWAY,,,$500 OR LESS,UNABLE TO DETERMINE,2,NO INDICATION OF INJURY,0,0,41.8462456439,-87.7049453723,60623,"CHICAGO MIDWAY AIRPORT, IL US",41.0,34.0,76.0,0.0,9.0,7.0
crash_10328,2024-06-20 15:30:00,2024,6,Jun,Thu,15,Evening commute,30,STOP SIGN/FLASHER,CLEAR,DAYLIGHT,FIXED OBJECT,FOUR WAY,DRY,INJURY AND / OR TOW DUE TO CRASH,,,"OVER $1,500",EQUIPMENT - VEHICLE CONDITION,1,NO INDICATION OF INJURY,0,0,41.6590761041,-87.5542710181,60633,"CHICAGO MIDWAY AIRPORT, IL US",81.0,65.0,58.0,0.0,10.0,9.0
crash_10329,2022-05-13 22:00:00,2022,5,May,Fri,22,Night or early morning,30,NO CONTROLS,CLEAR,DARKNESS,PARKED MOTOR VEHICLE,ONE-WAY,DRY,NO INJURY / DRIVE AWAY,,true,"OVER $1,500",UNABLE TO DETERMINE,2,NO INDICATION OF INJURY,0,0,41.7922282299,-87.7278890836,60629,"CHICAGO MIDWAY AIRPORT, IL US",85.0,53.0,33.0,0.0,10.0,8.0
crash_10330,2024-11-14 09:10:00,2024,11,Nov,Thu,9,Morning commute,30,TRAFFIC SIGNAL,RAIN,DAWN,TURNING,FOUR WAY,WET,INJURY AND / OR TOW DUE TO CRASH,true,true,"OVER $1,500",IMPROPER OVERTAKING/PASSING,2,NO INDICATION OF INJURY,0,0,41.7857222464,-87.6207008771,60637,"CHICAGO MIDWAY AIRPORT, IL US",53.0,50.0,89.0,0.0,8.0,9.0
crash_10331,2019-08-30 08:30:00,2019,8,Aug,Fri,8,Morning commute,30,TRAFFIC SIGNAL,CLEAR,DAYLIGHT,PEDESTRIAN,ONE-WAY,DRY,INJURY AND / OR TOW DUE TO CRASH,true,,"OVER $1,500",FAILING TO YIELD RIGHT-OF-WAY,2,NONINCAPACITATING INJURY,1,0,41.8784440505,-87.6205179576,60603,"CHICAGO MIDWAY AIRPORT, IL US",67.0,52.0,59.0,0.0,10.0,8.0
crash_10332,2020-02-04 11:00:00,2020,2,Feb,Tue,11,Daytime,35,TRAFFIC SIGNAL,CLEAR,DAYLIGHT,TURNING,FOUR WAY,DRY,NO INJURY / DRIVE AWAY,true,,"OVER $1,500",FAILING TO REDUCE SPEED TO AVOID CRASH,2,NO INDICATION OF INJURY,0,0,41.9037455573,-87.6481670106,60642,"CHICAGO MIDWAY AIRPORT, IL US",36.0,26.0,67.0,0.0,10.0,22.0
crash_10333,2024-10-02 07:39:00,2024,10,Oct,Wed,7,Morning commute,30,NO CONTROLS,CLEAR,DAYLIGHT,SIDESWIPE SAME DIRECTION,NOT DIVIDED,UNKNOWN,NO INJURY / DRIVE AWAY,true,,$500 OR LESS,FOLLOWING TOO CLOSELY,2,NO INDICATION OF INJURY,0,0,41.8805608804,-87.7454268433,60644,"CHICAGO MIDWAY AIRPORT, IL US",53.0,40.0,61.0,0.0,10.0,3.0
crash_10334,2023-08-21 11:30:00,2023,8,Aug,Mon,11,Daytime,50,TRAFFIC SIGNAL,CLEAR,DAYLIGHT,ANGLE,T-INTERSECTION,DRY,INJURY AND / OR TOW DUE TO CRASH,,,"OVER $1,500",DISREGARDING TRAFFIC SIGNALS,2,NO INDICATION OF INJURY,0,0,41.7914202821,-87.5801477687,60637,"CHICAGO MIDWAY AIRPORT, IL US",80.0,66.0,62.0,0.0,10.0,8.0
crash_10335,2020-02-04 20:45:00,2020,2,Feb,Tue,20,Night or early morning,0,NO CONTROLS,CLEAR,DARKNESS,REAR TO SIDE,PARKING LOT,DRY,NO INJURY / DRIVE AWAY,,,"OVER $1,500",IMPROPER BACKING,2,NO INDICATION OF INJURY,0,0,41.9099541919,-87.710904879,60651,"CHICAGO MIDWAY AIRPORT, IL US",31.0,20.0,64.0,0.0,10.0,20.0
crash_10336,2021-06-06 15:30:00,2021,6,Jun,Sun,15,Evening commute,30,TRAFFIC SIGNAL,CLEAR,DAYLIGHT,REAR END,ONE-WAY,DRY,NO INJURY / DRIVE AWAY,,,"OVER $1,500",CELL PHONE USE OTHER THAN TEXTING,2,NO INDICATION OF INJURY,0,0,41.7801312559,-87.6218311482,60637,"CHICAGO MIDWAY AIRPORT, IL US",85.0,62.0,46.0,0.0,10.0,15.0
crash_10337,2018-04-28 19:30:00,2018,4,Apr,Sat,19,Night or early morning,30,NO CONTROLS,CLEAR,DUSK,SIDESWIPE SAME DIRECTION,DIVIDED - W/MEDIAN (NOT RAISED),DRY,NO INJURY / DRIVE AWAY,,,"$501 - $1,500",FAILING TO YIELD RIGHT-OF-WAY,2,NO INDICATION OF INJURY,0,0,41.7787907564,-87.7075612746,60629,"CHICAGO MIDWAY AIRPORT, IL US",42.0,18.0,38.0,0.0,10.0,14.0
crash_10338,2021-07-04 16:00:00,2021,7,Jul,Sun,16,Evening commute,30,NO CONTROLS,UNKNOWN,UNKNOWN,PARKED MOTOR VEHICLE,ONE-WAY,UNKNOWN,NO INJURY / DRIVE AWAY,,true,"OVER $1,500",UNABLE TO DETERMINE,2,NO INDICATION OF INJURY,0,0,41.8729363478,-87.7011095143,60612,"CHICAGO MIDWAY AIRPORT, IL US",89.0,62.0,41.0,0.0,10.0,11.0
crash_10339,2024-02-09 10:30:00,2024,2,Feb,Fri,10,Daytime,30,STOP SIGN/FLASHER,CLEAR,DAYLIGHT,ANGLE,FOUR WAY,DRY,INJURY AND / OR TOW DUE TO CRASH,true,,"OVER $1,500",DISTRACTION - FROM INSIDE VEHICLE,2,NO INDICATION OF INJURY,0,0,41.7704204983,-87.6152377255,60637,"CHICAGO MIDWAY AIRPORT, IL US",54.0,35.0,49.0,0.0,10.0,23.0
crash_10340,2019-03-19 22:37:00,2019,3,Mar,Tue,22,Night or early morning,30,NO CONTROLS,CLEAR,"DARKNESS, LIGHTED ROAD",REAR END,DIVIDED - W/MEDIAN (NOT RAISED),DRY,NO INJURY / DRIVE AWAY,,,"OVER $1,500",DISTRACTION - FROM INSIDE VEHICLE,2,NO INDICATION OF INJURY,0,0,41.931879106,-87.7107739865,60647,"CHICAGO MIDWAY AIRPORT, IL US",43.0,27.0,53.0,0.0,10.0,6.0
crash_10341,2020-11-02 16:50:00,2020,11,Nov,Mon,16,Evening commute,30,TRAFFIC SIGNAL,CLEAR,"DARKNESS, LIGHTED ROAD",SIDESWIPE SAME DIRECTION,OTHER,DRY,NO INJURY / DRIVE AWAY,true,,"OVER $1,500",IMPROPER LANE USAGE,2,NO INDICATION OF INJURY,0,0,41.9757299348,-87.7686265815,60630,"CHICAGO OHARE INTERNATIONAL AIRPORT, IL US",50.0,21.0,32.0,0.0,10.0,15.0
crash_10342,2023-06-16 10:30:00,2023,6,Jun,Fri,10,Daytime,10,NO CONTROLS,CLEAR,DAYLIGHT,PARKED MOTOR VEHICLE,PARKING LOT,DRY,INJURY AND / OR TOW DUE TO CRASH,,,"OVER $1,500",NOT APPLICABLE,2,INCAPACITATING INJURY,1,0,41.9080029546,-87.6480506174,60610,"CHICAGO MIDWAY AIRPORT, IL US",58.0,53.0,84.0,0.0,10.0,11.0
crash_10343,2019-12-26 14:45:00,2019,12,Dec,Thu,14,Daytime,30,STOP SIGN/FLASHER,CLEAR,DAYLIGHT,REAR END,Y-INTERSECTION,DRY,NO INJURY / DRIVE AWAY,true,,$500 OR LESS,FOLLOWING TOO CLOSELY,2,NO INDICATION OF INJURY,0,0,41.9137845653,-87.6535038696,60614,"CHICAGO MIDWAY AIRPORT, IL US",61.0,50.0,67.0,0.0,10.0,11.0
crash_10344,2023-01-23 09:25:00,2023,1,Jan,Mon,9,Morning commute,30,STOP SIGN/FLASHER,CLEAR,DAYLIGHT,REAR END,NOT DIVIDED,UNKNOWN,INJURY AND / OR TOW DUE TO CRASH,,true,"OVER $1,500",FOLLOWING TOO CLOSELY,2,NONINCAPACITATING INJURY,1,0,42.0021446396,-87.6789154316,60626,"CHICAGO OHARE INTERNATIONAL AIRPORT, IL US",26.0,21.0,81.0,,9.0,10.0
crash_10345,2019-02-25 15:30:00,2019,2,Feb,Mon,15,Evening commute,15,NO CONTROLS,CLEAR,DAYLIGHT,PARKED MOTOR VEHICLE,PARKING LOT,DRY,NO INJURY / DRIVE AWAY,,true,"$501 - $1,500",DRIVING SKILLS/KNOWLEDGE/EXPERIENCE,2,NO INDICATION OF INJURY,0,0,41.7598785424,-87.6635101046,60636,"CHICAGO MIDWAY AIRPORT, IL US",22.0,-1.0,36.0,0.0,10.0,6.0
crash_10346,2018-04-04 07:45:00,2018,4,Apr,Wed,7,Morning commute,20,TRAFFIC SIGNAL,SNOW,DAYLIGHT,REAR END,ONE-WAY,WET,NO INJURY / DRIVE AWAY,,,"OVER $1,500",UNABLE TO DETERMINE,3,NO INDICATION OF INJURY,0,0,41.9058899511,-87.6315432334,60610,"CHICAGO MIDWAY AIRPORT, IL US",27.0,19.0,72.0,0.0,10.0,23.0
crash_10347,2024-02-23 20:00:00,2024,2,Feb,Fri,20,Night or early morning,30,NO CONTROLS,SNOW,"DARKNESS, LIGHTED ROAD",SIDESWIPE SAME DIRECTION,DIVIDED - W/MEDIAN (NOT RAISED),SNOW OR SLUSH,NO INJURY / DRIVE AWAY,,,"$501 - $1,500",FAILING TO REDUCE SPEED TO AVOID CRASH,2,NO INDICATION OF INJURY,0,0,41.8872372583,-87.6260413378,60601,"CHICAGO MIDWAY AIRPORT, IL US",32.0,29.0,88.0,0.0,1.0,17.0
crash_10348,2021-08-19 17:10:00,2021,8,Aug,Thu,17,Evening commute,30,STOP SIGN/FLASHER,CLEAR,DAWN,ANGLE,FOUR WAY,DRY,NO INJURY / DRIVE AWAY,true,,"OVER $1,500",DISREGARDING STOP SIGN,2,NO INDICATION OF INJURY,0,0,41.6993155559,-87.6623233261,60643,"CHICAGO MIDWAY AIRPORT, IL US",85.0,65.0,51.0,0.0,10.0,7.0
crash_10349,2018-04-11 13:10:00,2018,4,Apr,Wed,13,Daytime,30,NO CONTROLS,CLEAR,DAYLIGHT,PARKED MOTOR VEHICLE,NOT DIVIDED,DRY,NO INJURY / DRIVE AWAY,,,"$501 - $1,500",UNABLE TO DETERMINE,2,NO INDICATION OF INJURY,0,0,41.8113344524,-87.5985002984,60653,"CHICAGO MIDWAY AIRPORT, IL US",61.0,38.0,43.0,0.0,10.0,8.0
crash_10350,2022-08-13 10:40:00,2022,8,Aug,Sat,10,Daytime,30,NO CONTROLS,CLEAR,DAYLIGHT,PARKED MOTOR VEHICLE,OTHER,DRY,INJURY AND / OR TOW DUE TO CRASH,,,"OVER $1,500",DRIVING SKILLS/KNOWLEDGE/EXPERIENCE,2,NONINCAPACITATING INJURY,1,0,41.7286803479,-87.5848812716,60617,"CHICAGO MIDWAY AIRPORT, IL US",78.0,54.0,43.0,,10.0,17.0
crash_10351,2018-06-19 18:20:00,2018,6,Jun,Tue,18,Evening commute,30,NO CONTROLS,CLEAR,DAYLIGHT,PEDESTRIAN,DIVIDED - W/MEDIAN (NOT RAISED),DRY,INJURY AND / OR TOW DUE TO CRASH,,,$500 OR LESS,NOT APPLICABLE,2,NONINCAPACITATING INJURY,1,0,41.8381835342,-87.7172112725,60623,"CHICAGO MIDWAY AIRPORT, IL US",76.0,67.0,74.0,0.0,10.0,7.0
crash_10352,2021-11-05 14:50:00,2021,11,Nov,Fri,14,Daytime,30,UNKNOWN,UNKNOWN,UNKNOWN,TURNING,NOT DIVIDED,UNKNOWN,NO INJURY / DRIVE AWAY,,,"OVER $1,500",UNABLE TO DETERMINE,2,NO INDICATION OF INJURY,0,0,41.9115864532,-87.6532821242,60614,"CHICAGO MIDWAY AIRPORT, IL US",52.0,26.0,37.0,0.0,10.0,11.0
crash_10353,2019-03-16 15:00:00,2019,3,Mar,Sat,15,Evening commute,30,NO CONTROLS,CLEAR,DAYLIGHT,PARKED MOTOR VEHICLE,PARKING LOT,DRY,NO INJURY / DRIVE AWAY,,true,"OVER $1,500",UNABLE TO DETERMINE,2,NO INDICATION OF INJURY,0,0,42.019269958,-87.6720332966,60626,"CHICAGO OHARE INTERNATIONAL AIRPORT, IL US",39.0,20.0,46.0,0.0,10.0,10.0
crash_10354,2024-05-06 10:45:00,2024,5,May,Mon,10,Daytime,15,NO CONTROLS,CLEAR,DAYLIGHT,ANGLE,PARKING LOT,DRY,NO INJURY / DRIVE AWAY,,,"$501 - $1,500",IMPROPER BACKING,2,NO INDICATION OF INJURY,0,0,41.946467796,-87.7120240971,60618,"CHICAGO OHARE INTERNATIONAL AIRPORT, IL US",66.0,53.0,63.0,0.0,10.0,8.0
crash_10355,2022-08-13 14:45:00,2022,8,Aug,Sat,14,Daytime,45,NO CONTROLS,CLEAR,DAYLIGHT,SIDESWIPE SAME DIRECTION,DIVIDED - W/MEDIAN BARRIER,DRY,NO INJURY / DRIVE AWAY,,,"OVER $1,500",IMPROPER LANE USAGE,2,NO INDICATION OF INJURY,0,0,41.896828045,-87.6172077033,60611,"CHICAGO MIDWAY AIRPORT, IL US",78.0,56.0,47.0,,10.0,16.0
crash_10356,2023-09-17 02:56:00,2023,9,Sep,Sun,2,Night or early morning,30,NO CONTROLS,RAIN,"DARKNESS, LIGHTED ROAD",FIXED OBJECT,ONE-WAY,WET,INJURY AND / OR TOW DUE TO CRASH,,false,"OVER $1,500",UNABLE TO DETERMINE,1,NO INDICATION OF INJURY,0,0,41.9099657864,-87.7619371026,60639,"CHICAGO MIDWAY AIRPORT, IL US",63.0,55.0,75.0,0.0,10.0,5.0
crash_10357,2022-10-25 18:00:00,2022,10,Oct,Tue,18,Evening commute,30,TRAFFIC SIGNAL,RAIN,"DARKNESS, LIGHTED ROAD",REAR END,NOT DIVIDED,WET,NO INJURY / DRIVE AWAY,,true,"OVER $1,500",UNABLE TO DETERMINE,2,NO INDICATION OF INJURY,0,0,41.8986488452,-87.7609151829,60651,"CHICAGO MIDWAY AIRPORT, IL US",60.0,56.0,86.0,0.06,1.5,5.0
crash_10358,2021-07-02 12:55:00,2021,7,Jul,Fri,12,Daytime,30,TRAFFIC SIGNAL,CLEAR,DAYLIGHT,PEDALCYCLIST,DIVIDED - W/MEDIAN (NOT RAISED),DRY,INJURY AND / OR TOW DUE TO CRASH,,false,"$501 - $1,500",DRIVING SKILLS/KNOWLEDGE/EXPERIENCE,2,NONINCAPACITATING INJURY,1,0,41.9386837748,-87.7665624938,60634,"CHICAGO OHARE INTERNATIONAL AIRPORT, IL US",71.0,53.0,53.0,0.0,10.0,9.0
crash_10359,2023-11-19 06:30:00,2023,11,Nov,Sun,6,Morning commute,25,NO CONTROLS,CLEAR,DAYLIGHT,PARKED MOTOR VEHICLE,ONE-WAY,DRY,NO INJURY / DRIVE AWAY,,true,"$501 - $1,500",UNABLE TO DETERMINE,2,NO INDICATION OF INJURY,0,0,41.9501355249,-87.7105010609,60618,"CHICAGO OHARE INTERNATIONAL AIRPORT, IL US",36.0,28.0,73.0,0.0,10.0,3.0
crash_10360,2020-09-18 21:10:00,2020,9,Sep,Fri,21,Night or early morning,30,NO CONTROLS,CLEAR,"DARKNESS, LIGHTED ROAD",PARKED MOTOR VEHICLE,NOT DIVIDED,DRY,NO INJURY / DRIVE AWAY,,true,"OVER $1,500",UNABLE TO DETERMINE,2,NO INDICATION OF INJURY,0,0,41.7978225881,-87.6645368783,60609,"CHICAGO MIDWAY AIRPORT, IL US",54.0,36.0,51.0,0.0,10.0,6.0
crash_10361,2020-07-08 17:50:00,2020,7,Jul,Wed,17,Evening commute,30,NO CONTROLS,CLEAR,DAYLIGHT,SIDESWIPE SAME DIRECTION,NOT DIVIDED,DRY,NO INJURY / DRIVE AWAY,true,true,"OVER $1,500",FAILING TO YIELD RIGHT-OF-WAY,2,NO INDICATION OF INJURY,0,0,41.779351179,-87.684804466,60629,"CHICAGO MIDWAY AIRPORT, IL US",86.0,67.0,53.0,0.0,10.0,10.0
crash_10362,2024-04-10 09:15:00,2024,4,Apr,Wed,9,Morning commute,30,NO CONTROLS,CLEAR,DAYLIGHT,PARKED MOTOR VEHICLE,PARKING LOT,DRY,NO INJURY / DRIVE AWAY,,true,"OVER $1,500",IMPROPER LANE USAGE,2,NO INDICATION OF INJURY,0,0,41.8766126439,-87.7500177708,60644,"CHICAGO MIDWAY AIRPORT, IL US",54.0,41.0,62.0,0.0,10.0,5.0
crash_10363,2020-10-17 06:08:00,2020,10,Oct,Sat,6,Morning commute,30,NO CONTROLS,CLEAR,DAWN,PARKED MOTOR VEHICLE,NOT DIVIDED,DRY,NO INJURY / DRIVE AWAY,,true,"OVER $1,500",UNABLE TO DETERMINE,2,NO INDICATION OF INJURY,0,0,41.8732101565,-87.7463648856,60644,"CHICAGO MIDWAY AIRPORT, IL US",41.0,27.0,57.0,0.0,10.0,8.0
crash_10364,2018-05-14 13:00:00,2018,5,May,Mon,13,Daytime,30,NO CONTROLS,CLEAR,DAYLIGHT,PARKED MOTOR VEHICLE,NOT DIVIDED,DRY,NO INJURY / DRIVE AWAY,,,"$501 - $1,500",IMPROPER BACKING,2,NO INDICATION OF INJURY,0,0,41.9689585728,-87.6563668674,60640,"CHICAGO MIDWAY AIRPORT, IL US",77.0,64.0,64.0,0.0,10.0,14.0
crash_10365,2024-09-07 21:47:00,2024,9,Sep,Sat,21,Night or early morning,30,STOP SIGN/FLASHER,CLEAR,"DARKNESS, LIGHTED ROAD",TURNING,FOUR WAY,DRY,NO INJURY / DRIVE AWAY,true,true,"OVER $1,500",FAILING TO YIELD RIGHT-OF-WAY,2,NO INDICATION OF INJURY,0,0,41.8901430073,-87.6477542648,60642,"CHICAGO MIDWAY AIRPORT, IL US",59.0,43.0,56.0,0.0,10.0,3.0
crash_10366,2024-11-30 16:15:00,2024,11,Nov,Sat,16,Evening commute,30,UNKNOWN,UNKNOWN,UNKNOWN,PARKED MOTOR VEHICLE,UNKNOWN,UNKNOWN,NO INJURY / DRIVE AWAY,,true,"OVER $1,500",UNABLE TO DETERMINE,2,NO INDICATION OF INJURY,0,0,41.9939129533,-87.7873817958,60646,"CHICAGO OHARE INTERNATIONAL AIRPORT, IL US",25.0,8.0,48.0,0.0,10.0,14.0
crash_10367,2022-12-16 14:15:00,2022,12,Dec,Fri,14,Daytime,20,NO CONTROLS,SNOW,DAYLIGHT,TURNING,DIVIDED - W/MEDIAN (NOT RAISED),WET,NO INJURY / DRIVE AWAY,,,"OVER $1,500",NOT APPLICABLE,2,NO INDICATION OF INJURY,0,0,,,,,,,,,,
crash_10368,2018-09-13 08:30:00,2018,9,Sep,Thu,8,Morning commute,35,NO CONTROLS,CLEAR,DAWN,TURNING,NOT DIVIDED,DRY,NO INJURY / DRIVE AWAY,,,"OVER $1,500",IMPROPER TURNING/NO SIGNAL,2,NO INDICATION OF INJURY,0,0,41.8964756857,-87.6492368533,60642,"CHICAGO MIDWAY AIRPORT, IL US",66.0,58.0,75.0,0.0,10.0,0.0
crash_10369,2023-06-07 10:59:00,2023,6,Jun,Wed,10,Daytime,25,NO CONTROLS,CLEAR,DAYLIGHT,TURNING,T-INTERSECTION,DRY,INJURY AND / OR TOW DUE TO CRASH,true,,"OVER $1,500",IMPROPER TURNING/NO SIGNAL,2,INCAPACITATING INJURY,1,0,41.9991386818,-87.6885547582,60645,"CHICAGO OHARE INTERNATIONAL AIRPORT, IL US",70.0,50.0,49.0,0.0,10.0,9.0
crash_10370,2021-04-01 10:00:00,2021,4,Apr,Thu,10,Daytime,30,TRAFFIC SIGNAL,CLEAR,DAYLIGHT,REAR END,NOT DIVIDED,DRY,NO INJURY / DRIVE AWAY,,,"OVER $1,500",FOLLOWING TOO CLOSELY,2,NO INDICATION OF INJURY,0,0,42.011477178,-87.8123818513,60631,"CHICAGO OHARE INTERNATIONAL AIRPORT, IL US",30.0,8.0,39.0,0.0,10.0,16.0
crash_10371,2021-10-16 09:00:00,2021,10,Oct,Sat,9,Morning commute,20,NO CONTROLS,CLEAR,DAYLIGHT,PARKED MOTOR VEHICLE,NOT DIVIDED,DRY,NO INJURY / DRIVE AWAY,,true,"$501 - $1,500",UNABLE TO DETERMINE,2,NO INDICATION OF INJURY,0,0,41.7868614833,-87.7150546997,60629,"CHICAGO MIDWAY AIRPORT, IL US",48.0,35.0,61.0,0.0,10.0,8.0
crash_10372,2022-09-10 17:00:00,2022,9,Sep,Sat,17,Evening commute,20,STOP SIGN/FLASHER,CLEAR,DAYLIGHT,REAR END,FOUR WAY,DRY,NO INJURY / DRIVE AWAY,true,,"OVER $1,500",FOLLOWING TOO CLOSELY,2,NO INDICATION OF INJURY,0,0,41.947029159,-87.6723078466,60613,"CHICAGO MIDWAY AIRPORT, IL US",86.0,55.0,35.0,0.0,10.0,9.0
crash_10373,2023-12-27 12:00:00,2023,12,Dec,Wed,12,Daytime,30,TRAFFIC SIGNAL,CLEAR,DAYLIGHT,REAR END,NOT DIVIDED,DRY,NO INJURY / DRIVE AWAY,true,,"OVER $1,500",FOLLOWING TOO CLOSELY,2,NO INDICATION OF INJURY,0,0,41.8925627321,-87.6295332409,60654,"CHICAGO MIDWAY AIRPORT, IL US",43.0,34.0,71.0,0.0,10.0,15.0
crash_10374,2021-12-21 10:00:00,2021,12,Dec,Tue,10,Daytime,30,NO CONTROLS,CLEAR,DAYLIGHT,SIDESWIPE SAME DIRECTION,DIVIDED - W/MEDIAN (NOT RAISED),DRY,INJURY AND / OR TOW DUE TO CRASH,,,"OVER $1,500",UNABLE TO DETERMINE,2,NONINCAPACITATING INJURY,1,0,41.8258767803,-87.6850471184,60632,"CHICAGO MIDWAY AIRPORT, IL US",37.0,27.0,67.0,0.0,10.0,10.0
crash_10375,2022-08-22 17:40:00,2022,8,Aug,Mon,17,Evening commute,30,POLICE/FLAGMAN,CLEAR,DAYLIGHT,SIDESWIPE SAME DIRECTION,DIVIDED - W/MEDIAN (NOT RAISED),DRY,NO INJURY / DRIVE AWAY,true,,"$501 - $1,500",NOT APPLICABLE,2,NO INDICATION OF INJURY,0,0,41.9527091233,-87.8368218025,60634,"CHICAGO OHARE INTERNATIONAL AIRPORT, IL US",78.0,62.0,58.0,0.0,10.0,9.0
crash_10376,2020-10-25 16:30:00,2020,10,Oct,Sun,16,Evening commute,30,TRAFFIC SIGNAL,CLEAR,DAYLIGHT,REAR END,T-INTERSECTION,DRY,NO INJURY / DRIVE AWAY,,true,"$501 - $1,500",UNABLE TO DETERMINE,3,NO INDICATION OF INJURY,0,0,42.0088928553,-87.6731481463,60626,"CHICAGO OHARE INTERNATIONAL AIRPORT, IL US",45.0,35.0,68.0,0.0,10.0,14.0
crash_10377,2023-03-28 20:25:00,2023,3,Mar,Tue,20,Night or early morning,30,UNKNOWN,UNKNOWN,UNKNOWN,SIDESWIPE SAME DIRECTION,DIVIDED - W/MEDIAN BARRIER,UNKNOWN,NO INJURY / DRIVE AWAY,,,"OVER $1,500",UNABLE TO DETERMINE,2,NO INDICATION OF INJURY,0,0,41.8669216787,-87.6545306099,60608,"CHICAGO MIDWAY AIRPORT, IL US",43.0,27.0,53.0,0.0,10.0,7.0
crash_10378,2019-03-28 10:25:00,2019,3,Mar,Thu,10,Daytime,30,TRAFFIC SIGNAL,CLEAR,"DARKNESS, LIGHTED ROAD",FIXED OBJECT,DIVIDED - W/MEDIAN BARRIER,DRY,NO INJURY / DRIVE AWAY,,,"OVER $1,500",FAILING TO REDUCE SPEED TO AVOID CRASH,1,NO INDICATION OF INJURY,0,0,41.8880678916,-87.6247250286,60601,"CHICAGO MIDWAY AIRPORT, IL US",59.0,42.0,54.0,0.0,10.0,18.0
crash_10379,2018-06-18 23:15:00,2018,6,Jun,Mon,23,Night or early morning,30,NO CONTROLS,CLEAR,"DARKNESS, LIGHTED ROAD",TURNING,ONE-WAY,DRY,NO INJURY / DRIVE AWAY,,,"$501 - $1,500",IMPROPER TURNING/NO SIGNAL,2,NO INDICATION OF INJURY,0,0,41.8779358798,-87.6394947011,60606,"CHICAGO MIDWAY AIRPORT, IL US",75.0,71.0,88.0,,10.0,14.0
crash_10380,2022-01-18 08:12:00,2022,1,Jan,Tue,8,Morning commute,30,NO CONTROLS,CLEAR,DAYLIGHT,TURNING,NOT DIVIDED,ICE,INJURY AND / OR TOW DUE TO CRASH,,,"OVER $1,500",UNABLE TO DETERMINE,3,NO INDICATION OF INJURY,0,0,41.8713200061,-87.6794730148,60612,"CHICAGO MIDWAY AIRPORT, IL US",25.0,19.0,78.0,0.0,10.0,7.0
crash_10381,2019-05-22 03:55:00,2019,5,May,Wed,3,Night or early morning,30,NO CONTROLS,RAIN,"DARKNESS, LIGHTED ROAD",PARKED MOTOR VEHICLE,NOT DIVIDED,WET,NO INJURY / DRIVE AWAY,,true,"OVER $1,500",UNABLE TO DETERMINE,3,NO INDICATION OF INJURY,0,0,41.8946121006,-87.7213107998,60624,"CHICAGO MIDWAY AIRPORT, IL US",52.0,52.0,100.0,0.02,9.0,20.0
crash_10382,2021-10-01 17:00:00,2021,10,Oct,Fri,17,Evening commute,45,NO CONTROLS,CLEAR,DAYLIGHT,SIDESWIPE SAME DIRECTION,OTHER,DRY,NO INJURY / DRIVE AWAY,,true,"$501 - $1,500",NOT APPLICABLE,2,NO INDICATION OF INJURY,0,0,41.8130681239,-87.5915285709,60653,"CHICAGO MIDWAY AIRPORT, IL US",85.0,57.0,39.0,0.0,10.0,10.0
crash_10383,2018-03-10 01:24:00,2018,3,Mar,Sat,1,Night or early morning,30,TRAFFIC SIGNAL,CLEAR,"DARKNESS, LIGHTED ROAD",REAR END,DIVIDED - W/MEDIAN BARRIER,DRY,INJURY AND / OR TOW DUE TO CRASH,,,"OVER $1,500",UNDER THE INFLUENCE OF ALCOHOL/DRUGS (USE WHEN ARREST IS EFFECTED),3,"REPORTED, NOT EVIDENT",1,0,41.9540840101,-87.6981764436,60618,"CHICAGO OHARE INTERNATIONAL AIRPORT, IL US",26.0,20.0,78.0,0.0,10.0,0.0
crash_10384,2020-07-28 09:00:00,2020,7,Jul,Tue,9,Morning commute,30,STOP SIGN/FLASHER,CLEAR,DAYLIGHT,TURNING,DIVIDED - W/MEDIAN (NOT RAISED),DRY,NO INJURY / DRIVE AWAY,true,true,"OVER $1,500",DISREGARDING STOP SIGN,2,NO INDICATION OF INJURY,0,0,41.7562860668,-87.6381717444,60620,"CHICAGO MIDWAY AIRPORT, IL US",77.0,60.0,56.0,0.0,10.0,3.0
crash_10385,2021-06-30 13:00:00,2021,6,Jun,Wed,13,Daytime,30,NO CONTROLS,UNKNOWN,DAYLIGHT,REAR TO FRONT,UNKNOWN,UNKNOWN,NO INJURY / DRIVE AWAY,,true,"OVER $1,500",IMPROPER BACKING,2,NO INDICATION OF INJURY,0,0,41.7372729181,-87.551112686,60617,"CHICAGO MIDWAY AIRPORT, IL US",81.0,67.0,62.0,0.0,10.0,9.0