crash_id,crash_datetime,crash_year,crash_month,crash_month_name,crash_weekday_name,crash_hour,time_period,posted_speed_limit_mph,traffic_control_device,reported_weather_condition,reported_lighting_condition,first_crash_type,trafficway_type,reported_road_surface_condition,crash_type,intersection_related,hit_and_run,estimated_damage,primary_contributory_cause,unit_count,most_severe_injury,injuries_total,injuries_fatal,latitude,longitude,zip5,weather_station_name,temperature_f,dew_point_f,relative_humidity_percent,precipitation_inches,visibility_miles,wind_speed_mph
crash_10386,2022-11-07 13:39:00,2022,11,Nov,Mon,13,Daytime,30,NO CONTROLS,CLEAR,DAYLIGHT,TURNING,FOUR WAY,DRY,INJURY AND / OR TOW DUE TO CRASH,true,true,"OVER $1,500",IMPROPER TURNING/NO SIGNAL,2,NO INDICATION OF INJURY,0,0,41.8869584319,-87.7380109725,60624,"CHICAGO MIDWAY AIRPORT, IL US",58.0,21.0,24.0,0.0,10.0,7.0
crash_10387,2024-05-29 08:30:00,2024,5,May,Wed,8,Morning commute,30,STOP SIGN/FLASHER,CLEAR,DAYLIGHT,TURNING,ONE-WAY,DRY,NO INJURY / DRIVE AWAY,true,,"$501 - $1,500",IMPROPER BACKING,2,NO INDICATION OF INJURY,0,0,41.9032750195,-87.6685726376,60622,"CHICAGO MIDWAY AIRPORT, IL US",62.0,52.0,70.0,,10.0,8.0
crash_10388,2018-04-27 14:00:00,2018,4,Apr,Fri,14,Daytime,5,NO CONTROLS,CLEAR,DAYLIGHT,PARKED MOTOR VEHICLE,PARKING LOT,DRY,INJURY AND / OR TOW DUE TO CRASH,,,"OVER $1,500",UNABLE TO DETERMINE,2,NO INDICATION OF INJURY,0,0,41.6995474147,-87.6427519151,60643,"CHICAGO MIDWAY AIRPORT, IL US",54.0,30.0,40.0,0.0,10.0,16.0
crash_10389,2022-04-01 15:00:00,2022,4,Apr,Fri,15,Evening commute,30,TRAFFIC SIGNAL,CLEAR,DAYLIGHT,SIDESWIPE SAME DIRECTION,NOT DIVIDED,DRY,NO INJURY / DRIVE AWAY,false,,"$501 - $1,500",FOLLOWING TOO CLOSELY,2,NO INDICATION OF INJURY,0,0,41.9852919365,-87.6614287295,60660,"CHICAGO OHARE INTERNATIONAL AIRPORT, IL US",45.0,25.0,46.0,0.0,10.0,9.0
crash_10390,2025-07-05 22:55:00,2025,7,Jul,Sat,22,Night or early morning,35,NO CONTROLS,CLEAR,"DARKNESS, LIGHTED ROAD",SIDESWIPE SAME DIRECTION,ONE-WAY,DRY,NO INJURY / DRIVE AWAY,,true,"$501 - $1,500",IMPROPER LANE USAGE,2,NO INDICATION OF INJURY,0,0,41.8984367872,-87.6181259677,60611,"CHICAGO MIDWAY AIRPORT, IL US",85.0,65.0,51.0,0.0,10.0,11.0
crash_10391,2020-11-25 14:45:00,2020,11,Nov,Wed,14,Daytime,30,TRAFFIC SIGNAL,RAIN,UNKNOWN,TURNING,DIVIDED - W/MEDIAN (NOT RAISED),WET,INJURY AND / OR TOW DUE TO CRASH,true,,"OVER $1,500",UNABLE TO DETERMINE,2,NONINCAPACITATING INJURY,1,0,41.9092570732,-87.7850565929,60707,"CHICAGO OHARE INTERNATIONAL AIRPORT, IL US",46.0,43.0,89.0,0.0,3.0,10.0
crash_10392,2022-06-04 16:43:00,2022,6,Jun,Sat,16,Evening commute,15,NO CONTROLS,CLEAR,DAYLIGHT,FIXED OBJECT,NOT DIVIDED,DRY,INJURY AND / OR TOW DUE TO CRASH,,,"$501 - $1,500",UNABLE TO DETERMINE,1,NONINCAPACITATING INJURY,1,0,41.8711884123,-87.7323317741,60624,"CHICAGO MIDWAY AIRPORT, IL US",69.0,38.0,32.0,0.0,10.0,10.0
crash_10393,2025-10-21 16:30:00,2025,10,Oct,Tue,16,Evening commute,30,NO CONTROLS,RAIN,DARKNESS,TURNING,NOT DIVIDED,WET,NO INJURY / DRIVE AWAY,,,"OVER $1,500",IMPROPER TURNING/NO SIGNAL,2,NO INDICATION OF INJURY,0,0,41.7714827844,-87.7226398352,60629,,,,,,,
crash_10394,2020-10-15 09:00:00,2020,10,Oct,Thu,9,Morning commute,30,TRAFFIC SIGNAL,CLEAR,DAYLIGHT,SIDESWIPE SAME DIRECTION,DIVIDED - W/MEDIAN BARRIER,DRY,NO INJURY / DRIVE AWAY,true,,"OVER $1,500",IMPROPER LANE USAGE,2,NO INDICATION OF INJURY,0,0,41.884516857,-87.647390682,60661,"CHICAGO MIDWAY AIRPORT, IL US",50.0,34.0,54.0,0.0,10.0,13.0
crash_10395,2018-11-25 06:31:00,2018,11,Nov,Sun,6,Morning commute,30,NO CONTROLS,CLEAR,DAYLIGHT,FIXED OBJECT,PARKING LOT,DRY,NO INJURY / DRIVE AWAY,,,"OVER $1,500",UNABLE TO DETERMINE,1,NO INDICATION OF INJURY,0,0,41.9185321612,-87.6679414708,60614,"CHICAGO MIDWAY AIRPORT, IL US",40.0,33.0,77.0,0.0,10.0,3.0
crash_10396,2024-12-11 01:02:00,2024,12,Dec,Wed,1,Night or early morning,35,TRAFFIC SIGNAL,CLEAR,"DARKNESS, LIGHTED ROAD",REAR END,FOUR WAY,DRY,NO INJURY / DRIVE AWAY,true,,"OVER $1,500",DISTRACTION - FROM INSIDE VEHICLE,2,NO INDICATION OF INJURY,0,0,41.8077887691,-87.7237303316,60632,"CHICAGO MIDWAY AIRPORT, IL US",30.0,17.0,58.0,,10.0,9.0
crash_10397,2018-10-18 17:15:00,2018,10,Oct,Thu,17,Evening commute,35,NO CONTROLS,CLEAR,DUSK,SIDESWIPE SAME DIRECTION,DIVIDED - W/MEDIAN (NOT RAISED),DRY,NO INJURY / DRIVE AWAY,,,"OVER $1,500",UNABLE TO DETERMINE,2,NO INDICATION OF INJURY,0,0,41.7707898126,-87.5667190454,60649,"CHICAGO MIDWAY AIRPORT, IL US",57.0,26.0,30.0,0.0,10.0,9.0
crash_10398,2019-03-19 01:15:00,2019,3,Mar,Tue,1,Night or early morning,30,TRAFFIC SIGNAL,CLEAR,"DARKNESS, LIGHTED ROAD",REAR END,NOT DIVIDED,DRY,NO INJURY / DRIVE AWAY,,,"$501 - $1,500",UNABLE TO DETERMINE,2,NO INDICATION OF INJURY,0,0,41.9979766501,-87.6606713317,60660,"CHICAGO OHARE INTERNATIONAL AIRPORT, IL US",34.0,25.0,70.0,0.0,10.0,8.0
crash_10399,2018-03-25 22:10:00,2018,3,Mar,Sun,22,Night or early morning,25,NO CONTROLS,CLEAR,"DARKNESS, LIGHTED ROAD",SIDESWIPE SAME DIRECTION,NOT DIVIDED,DRY,NO INJURY / DRIVE AWAY,,true,$500 OR LESS,UNABLE TO DETERMINE,2,NO INDICATION OF INJURY,0,0,41.7071821754,-87.6203614922,60628,"CHICAGO MIDWAY AIRPORT, IL US",39.0,15.0,38.0,0.0,10.0,20.0
crash_10400,2025-04-22 21:00:00,2025,4,Apr,Tue,21,Night or early morning,30,NO CONTROLS,CLEAR,"DARKNESS, LIGHTED ROAD",PARKED MOTOR VEHICLE,DIVIDED - W/MEDIAN (NOT RAISED),DRY,NO INJURY / DRIVE AWAY,,true,"OVER $1,500",UNABLE TO DETERMINE,2,NO INDICATION OF INJURY,0,0,41.7344469918,-87.6393135419,60620,"CHICAGO MIDWAY AIRPORT, IL US",70.0,48.0,46.0,0.0,10.0,13.0
crash_10401,2022-07-29 07:50:00,2022,7,Jul,Fri,7,Morning commute,30,NO CONTROLS,CLEAR,DAYLIGHT,SIDESWIPE SAME DIRECTION,NOT DIVIDED,DRY,NO INJURY / DRIVE AWAY,,,"OVER $1,500",IMPROPER OVERTAKING/PASSING,2,NO INDICATION OF INJURY,0,0,41.7939876942,-87.7230345199,60632,"CHICAGO MIDWAY AIRPORT, IL US",70.0,56.0,61.0,0.0,10.0,7.0
crash_10402,2020-02-21 10:49:00,2020,2,Feb,Fri,10,Daytime,30,TRAFFIC SIGNAL,CLEAR,DAYLIGHT,ANGLE,FOUR WAY,DRY,INJURY AND / OR TOW DUE TO CRASH,true,,"OVER $1,500",UNABLE TO DETERMINE,2,INCAPACITATING INJURY,3,0,41.8085033149,-87.6837288416,60609,"CHICAGO MIDWAY AIRPORT, IL US",29.0,8.0,41.0,0.0,10.0,13.0
crash_10403,2019-10-21 13:56:00,2019,10,Oct,Mon,13,Daytime,40,NO CONTROLS,RAIN,DAYLIGHT,FIXED OBJECT,DIVIDED - W/MEDIAN BARRIER,WET,INJURY AND / OR TOW DUE TO CRASH,,false,"OVER $1,500",UNABLE TO DETERMINE,2,NO INDICATION OF INJURY,0,0,41.9009589191,-87.6199281737,60611,"CHICAGO MIDWAY AIRPORT, IL US",63.0,59.0,87.0,0.06,10.0,15.0
crash_10404,2023-09-19 19:00:00,2023,9,Sep,Tue,19,Night or early morning,30,NO CONTROLS,RAIN,DUSK,SIDESWIPE SAME DIRECTION,NOT DIVIDED,WET,INJURY AND / OR TOW DUE TO CRASH,true,,"OVER $1,500",UNABLE TO DETERMINE,2,NO INDICATION OF INJURY,0,0,41.8951086892,-87.7262195187,60624,"CHICAGO MIDWAY AIRPORT, IL US",65.0,58.0,78.0,0.0,10.0,10.0
crash_10405,2023-06-04 13:08:00,2023,6,Jun,Sun,13,Daytime,35,TRAFFIC SIGNAL,CLEAR,DAYLIGHT,ANGLE,DIVIDED - W/MEDIAN BARRIER,DRY,INJURY AND / OR TOW DUE TO CRASH,true,,"OVER $1,500",EQUIPMENT - VEHICLE CONDITION,2,NONINCAPACITATING INJURY,3,0,41.666223642,-87.5400688023,60633,"CHICAGO MIDWAY AIRPORT, IL US",76.0,35.0,23.0,0.0,10.0,13.0
crash_10406,2025-07-23 17:00:00,2025,7,Jul,Wed,17,Evening commute,35,NO CONTROLS,CLEAR,DAYLIGHT,REAR END,NOT DIVIDED,DRY,NO INJURY / DRIVE AWAY,,,"$501 - $1,500",UNABLE TO DETERMINE,2,NO INDICATION OF INJURY,0,0,41.9830084932,-87.7844988352,60646,"CHICAGO OHARE INTERNATIONAL AIRPORT, IL US",93.0,72.0,50.0,0.0,10.0,15.0
crash_10407,2025-01-07 08:44:00,2025,1,Jan,Tue,8,Morning commute,25,STOP SIGN/FLASHER,CLEAR,DAYLIGHT,REAR END,OTHER,ICE,NO INJURY / DRIVE AWAY,,,"OVER $1,500",WEATHER,2,NO INDICATION OF INJURY,0,0,41.9518500041,-87.7360674102,60641,"CHICAGO OHARE INTERNATIONAL AIRPORT, IL US",18.0,12.0,77.0,0.0,10.0,7.0
crash_10408,2019-02-13 17:00:00,2019,2,Feb,Wed,17,Evening commute,30,NO CONTROLS,CLEAR,DUSK,TURNING,NOT DIVIDED,DRY,NO INJURY / DRIVE AWAY,,,"$501 - $1,500",NOT APPLICABLE,2,NO INDICATION OF INJURY,0,0,41.7495521794,-87.7120373606,60652,"CHICAGO MIDWAY AIRPORT, IL US",25.0,17.0,72.0,0.0,10.0,14.0
crash_10409,2020-06-28 19:00:00,2020,6,Jun,Sun,19,Night or early morning,30,NO CONTROLS,CLEAR,DAYLIGHT,SIDESWIPE SAME DIRECTION,DIVIDED - W/MEDIAN BARRIER,DRY,INJURY AND / OR TOW DUE TO CRASH,,,"OVER $1,500",IMPROPER LANE USAGE,2,NO INDICATION OF INJURY,0,0,41.9346442608,-87.6881004724,60618,"CHICAGO MIDWAY AIRPORT, IL US",81.0,69.0,67.0,0.0,10.0,8.0
crash_10410,2021-06-01 11:20:00,2021,6,Jun,Tue,11,Daytime,30,NO CONTROLS,CLEAR,DAYLIGHT,SIDESWIPE SAME DIRECTION,DIVIDED - W/MEDIAN (NOT RAISED),DRY,NO INJURY / DRIVE AWAY,,,"$501 - $1,500",FAILING TO YIELD RIGHT-OF-WAY,2,NO INDICATION OF INJURY,0,0,41.8961127571,-87.6355406176,60654,"CHICAGO MIDWAY AIRPORT, IL US",69.0,43.0,39.0,0.0,10.0,0.0
crash_10411,2018-05-09 09:20:00,2018,5,May,Wed,9,Morning commute,30,TRAFFIC SIGNAL,CLEAR,DAYLIGHT,REAR END,NOT DIVIDED,WET,NO INJURY / DRIVE AWAY,,,"OVER $1,500",FOLLOWING TOO CLOSELY,2,NO INDICATION OF INJURY,0,0,41.7259237809,-87.5498392955,60617,"CHICAGO MIDWAY AIRPORT, IL US",62.0,53.0,73.0,0.0,10.0,17.0
crash_10412,2022-06-10 17:47:00,2022,6,Jun,Fri,17,Evening commute,30,STOP SIGN/FLASHER,RAIN,DAYLIGHT,ANGLE,PARKING LOT,WET,NO INJURY / DRIVE AWAY,,,"OVER $1,500",FAILING TO YIELD RIGHT-OF-WAY,2,NO INDICATION OF INJURY,0,0,41.8364683477,-87.6655669021,60608,"CHICAGO MIDWAY AIRPORT, IL US",66.0,57.0,73.0,0.01,10.0,9.0
crash_10413,2020-10-27 13:58:00,2020,10,Oct,Tue,13,Daytime,30,NO CONTROLS,RAIN,DAYLIGHT,FIXED OBJECT,ONE-WAY,WET,INJURY AND / OR TOW DUE TO CRASH,,,"OVER $1,500",WEATHER,1,NO INDICATION OF INJURY,0,0,41.900752974,-87.6242349998,60611,"CHICAGO MIDWAY AIRPORT, IL US",35.0,29.0,78.0,0.01,8.0,3.0
crash_10414,2023-01-14 11:30:00,2023,1,Jan,Sat,11,Daytime,30,NO CONTROLS,CLEAR,DAYLIGHT,PARKED MOTOR VEHICLE,ONE-WAY,DRY,NO INJURY / DRIVE AWAY,,,"$501 - $1,500",IMPROPER LANE USAGE,2,NO INDICATION OF INJURY,0,0,41.8640356398,-87.6192970692,60605,"CHICAGO MIDWAY AIRPORT, IL US",28.0,19.0,69.0,0.0,10.0,9.0
crash_10415,2025-09-21 17:00:00,2025,9,Sep,Sun,17,Evening commute,25,NO CONTROLS,CLEAR,DAYLIGHT,PARKED MOTOR VEHICLE,NOT DIVIDED,DRY,NO INJURY / DRIVE AWAY,,true,"OVER $1,500",NOT APPLICABLE,2,NO INDICATION OF INJURY,0,0,41.7730860722,-87.5803166778,60649,,,,,,,
crash_10416,2025-11-03 06:42:00,2025,11,Nov,Mon,6,Morning commute,25,TRAFFIC SIGNAL,CLEAR,DAWN,SIDESWIPE SAME DIRECTION,TRAFFIC ROUTE,DRY,NO INJURY / DRIVE AWAY,,,"$501 - $1,500",UNABLE TO DETERMINE,2,NO INDICATION OF INJURY,0,0,41.7071165792,-87.6236676203,60628,,,,,,,
crash_10417,2018-09-27 15:30:00,2018,9,Sep,Thu,15,Evening commute,30,STOP SIGN/FLASHER,CLEAR,DAYLIGHT,ANGLE,NOT DIVIDED,DRY,NO INJURY / DRIVE AWAY,,,"$501 - $1,500",NOT APPLICABLE,2,NO INDICATION OF INJURY,0,0,41.7934677087,-87.7012631264,60629,"CHICAGO MIDWAY AIRPORT, IL US",69.0,41.0,36.0,0.0,10.0,10.0
crash_10418,2023-08-28 13:14:00,2023,8,Aug,Mon,13,Daytime,30,NO CONTROLS,CLEAR,DAYLIGHT,FIXED OBJECT,DIVIDED - W/MEDIAN BARRIER,DRY,INJURY AND / OR TOW DUE TO CRASH,,,"OVER $1,500",NOT APPLICABLE,1,NO INDICATION OF INJURY,0,0,41.8877063156,-87.6720728455,60612,"CHICAGO MIDWAY AIRPORT, IL US",78.0,51.0,39.0,0.0,10.0,6.0
crash_10419,2020-02-19 12:30:00,2020,2,Feb,Wed,12,Daytime,30,TRAFFIC SIGNAL,CLEAR,DAYLIGHT,TURNING,DIVIDED - W/MEDIAN (NOT RAISED),DRY,INJURY AND / OR TOW DUE TO CRASH,true,,"$501 - $1,500",FAILING TO REDUCE SPEED TO AVOID CRASH,2,"REPORTED, NOT EVIDENT",2,0,41.8229542941,-87.685012986,60632,"CHICAGO MIDWAY AIRPORT, IL US",29.0,4.0,34.0,0.0,10.0,5.0
crash_10420,2019-04-03 09:20:00,2019,4,Apr,Wed,9,Morning commute,30,NO CONTROLS,CLEAR,DAYLIGHT,FIXED OBJECT,DIVIDED - W/MEDIAN BARRIER,DRY,INJURY AND / OR TOW DUE TO CRASH,,true,"OVER $1,500",UNABLE TO DETERMINE,1,NO INDICATION OF INJURY,0,0,41.7770413571,-87.5903928534,60637,"CHICAGO MIDWAY AIRPORT, IL US",45.0,26.0,48.0,0.0,10.0,8.0
crash_10421,2023-01-25 11:20:00,2023,1,Jan,Wed,11,Daytime,20,NO CONTROLS,SNOW,DAYLIGHT,PARKED MOTOR VEHICLE,ONE-WAY,SNOW OR SLUSH,NO INJURY / DRIVE AWAY,,,"OVER $1,500",DRIVING SKILLS/KNOWLEDGE/EXPERIENCE,2,NO INDICATION OF INJURY,0,0,41.9454522763,-87.7199577079,60618,"CHICAGO OHARE INTERNATIONAL AIRPORT, IL US",34.0,31.0,89.0,0.01,1.0,8.0
crash_10422,2022-07-04 16:35:00,2022,7,Jul,Mon,16,Evening commute,30,NO CONTROLS,RAIN,DAYLIGHT,PARKED MOTOR VEHICLE,NOT DIVIDED,WET,NO INJURY / DRIVE AWAY,,true,"OVER $1,500",UNABLE TO DETERMINE,2,NO INDICATION OF INJURY,0,0,41.8930178999,-87.7112150961,60624,"CHICAGO MIDWAY AIRPORT, IL US",83.0,70.0,65.0,0.0,10.0,6.0
crash_10423,2018-03-02 15:44:00,2018,3,Mar,Fri,15,Evening commute,30,TRAFFIC SIGNAL,CLEAR,DAYLIGHT,REAR END,NOT DIVIDED,DRY,NO INJURY / DRIVE AWAY,,,"OVER $1,500",FAILING TO YIELD RIGHT-OF-WAY,2,NO INDICATION OF INJURY,0,0,41.8771035277,-87.6252137794,60604,"CHICAGO MIDWAY AIRPORT, IL US",44.0,13.0,28.0,0.0,10.0,11.0
crash_10424,2018-10-21 20:17:00,2018,10,Oct,Sun,20,Night or early morning,30,NO CONTROLS,CLEAR,"DARKNESS, LIGHTED ROAD",PARKED MOTOR VEHICLE,NOT DIVIDED,DRY,INJURY AND / OR TOW DUE TO CRASH,,,$500 OR LESS,IMPROPER TURNING/NO SIGNAL,2,NO INDICATION OF INJURY,0,0,41.9849417534,-87.7684432788,60646,"CHICAGO OHARE INTERNATIONAL AIRPORT, IL US",47.0,23.0,39.0,0.0,10.0,10.0
crash_10425,2020-09-05 00:45:00,2020,9,Sep,Sat,0,Night or early morning,35,TRAFFIC SIGNAL,CLEAR,"DARKNESS, LIGHTED ROAD",ANGLE,DIVIDED - W/MEDIAN (NOT RAISED),DRY,INJURY AND / OR TOW DUE TO CRASH,true,true,"OVER $1,500",DISREGARDING TRAFFIC SIGNALS,2,NONINCAPACITATING INJURY,3,0,41.7499471864,-87.703612948,60652,"CHICAGO MIDWAY AIRPORT, IL US",67.0,50.0,55.0,0.0,10.0,9.0
crash_10426,2024-11-14 10:51:00,2024,11,Nov,Thu,10,Daytime,30,TRAFFIC SIGNAL,CLOUDY/OVERCAST,DAYLIGHT,SIDESWIPE SAME DIRECTION,DIVIDED - W/MEDIAN BARRIER,WET,NO INJURY / DRIVE AWAY,,,"$501 - $1,500",IMPROPER OVERTAKING/PASSING,2,NO INDICATION OF INJURY,0,0,41.7078769126,-87.5862731007,60628,"CHICAGO MIDWAY AIRPORT, IL US",54.0,49.0,83.0,0.0,9.0,8.0
crash_10427,2018-12-17 10:00:00,2018,12,Dec,Mon,10,Daytime,30,NO CONTROLS,CLEAR,DAYLIGHT,SIDESWIPE SAME DIRECTION,NOT DIVIDED,DRY,NO INJURY / DRIVE AWAY,,,"OVER $1,500",IMPROPER OVERTAKING/PASSING,2,NO INDICATION OF INJURY,0,0,41.7502769836,-87.6781859785,60620,"CHICAGO MIDWAY AIRPORT, IL US",35.0,20.0,54.0,0.0,10.0,14.0
crash_10428,2025-07-29 18:50:00,2025,7,Jul,Tue,18,Evening commute,30,TRAFFIC SIGNAL,CLEAR,DAYLIGHT,REAR END,DIVIDED - W/MEDIAN (NOT RAISED),DRY,NO INJURY / DRIVE AWAY,,true,"OVER $1,500",FOLLOWING TOO CLOSELY,2,NO INDICATION OF INJURY,0,0,41.9247904165,-87.6877014878,60647,"CHICAGO MIDWAY AIRPORT, IL US",90.0,70.0,52.0,0.0,10.0,7.0
crash_10429,2018-10-31 08:53:00,2018,10,Oct,Wed,8,Morning commute,35,TRAFFIC SIGNAL,CLEAR,DAYLIGHT,TURNING,DIVIDED - W/MEDIAN (NOT RAISED),DRY,NO INJURY / DRIVE AWAY,true,,"OVER $1,500",IMPROPER TURNING/NO SIGNAL,2,NO INDICATION OF INJURY,0,0,41.9248962846,-87.6975620208,60647,"CHICAGO MIDWAY AIRPORT, IL US",50.0,44.0,80.0,0.0,7.0,10.0
crash_10430,2023-03-13 21:00:00,2023,3,Mar,Mon,21,Night or early morning,30,STOP SIGN/FLASHER,CLEAR,"DARKNESS, LIGHTED ROAD",PEDESTRIAN,NOT DIVIDED,WET,INJURY AND / OR TOW DUE TO CRASH,true,true,$500 OR LESS,FAILING TO YIELD RIGHT-OF-WAY,2,NONINCAPACITATING INJURY,1,0,41.8083487535,-87.6965922037,60632,"CHICAGO MIDWAY AIRPORT, IL US",28.0,17.0,63.0,0.0,10.0,11.0
crash_10431,2018-09-18 21:42:00,2018,9,Sep,Tue,21,Night or early morning,10,NO CONTROLS,CLEAR,DARKNESS,REAR END,PARKING LOT,DRY,NO INJURY / DRIVE AWAY,,,$500 OR LESS,UNABLE TO DETERMINE,2,NO INDICATION OF INJURY,0,0,41.9754383945,-87.7481451665,60630,"CHICAGO OHARE INTERNATIONAL AIRPORT, IL US",69.0,63.0,81.0,0.0,10.0,11.0
crash_10432,2022-04-13 10:06:00,2022,4,Apr,Wed,10,Daytime,30,TRAFFIC SIGNAL,RAIN,DAYLIGHT,TURNING,FOUR WAY,WET,INJURY AND / OR TOW DUE TO CRASH,,true,"OVER $1,500",DISREGARDING TRAFFIC SIGNALS,2,NO INDICATION OF INJURY,0,0,41.7361825711,-87.6436598151,60620,"CHICAGO MIDWAY AIRPORT, IL US",65.0,61.0,87.0,0.01,9.0,8.0
crash_10433,2025-05-30 05:50:00,2025,5,May,Fri,5,Night or early morning,30,TRAFFIC SIGNAL,CLEAR,DAYLIGHT,TURNING,CENTER TURN LANE,DRY,NO INJURY / DRIVE AWAY,true,,"$501 - $1,500",IMPROPER TURNING/NO SIGNAL,2,NO INDICATION OF INJURY,0,0,41.8719354678,-87.7450783649,60644,"CHICAGO MIDWAY AIRPORT, IL US",56.0,49.0,77.0,0.0,9.0,5.0
crash_10434,2022-06-29 15:35:00,2022,6,Jun,Wed,15,Evening commute,30,NO CONTROLS,CLEAR,DAYLIGHT,PARKED MOTOR VEHICLE,NOT DIVIDED,DRY,NO INJURY / DRIVE AWAY,,,"$501 - $1,500",FAILING TO YIELD RIGHT-OF-WAY,2,NO INDICATION OF INJURY,0,0,41.9595352352,-87.6887778777,60618,"CHICAGO OHARE INTERNATIONAL AIRPORT, IL US",85.0,58.0,40.0,0.0,10.0,10.0
crash_10435,2025-04-23 19:47:00,2025,4,Apr,Wed,19,Night or early morning,30,STOP SIGN/FLASHER,CLEAR,DAYLIGHT,ANGLE,NOT DIVIDED,DRY,NO INJURY / DRIVE AWAY,,false,"OVER $1,500",DISREGARDING STOP SIGN,2,NO INDICATION OF INJURY,0,0,41.7442361361,-87.7009585851,60652,"CHICAGO MIDWAY AIRPORT, IL US",76.0,43.0,31.0,0.0,10.0,3.0
crash_10436,2022-11-02 14:25:00,2022,11,Nov,Wed,14,Daytime,30,NO CONTROLS,CLEAR,DAYLIGHT,PARKED MOTOR VEHICLE,NOT DIVIDED,DRY,NO INJURY / DRIVE AWAY,,,"OVER $1,500",UNABLE TO DETERMINE,2,NO INDICATION OF INJURY,0,0,41.7930617545,-87.6063347805,60637,"CHICAGO MIDWAY AIRPORT, IL US",74.0,49.0,41.0,0.0,10.0,7.0
crash_10437,2019-08-06 15:10:00,2019,8,Aug,Tue,15,Evening commute,30,NO CONTROLS,CLEAR,DAYLIGHT,OTHER OBJECT,NOT DIVIDED,DRY,INJURY AND / OR TOW DUE TO CRASH,,,$500 OR LESS,NOT APPLICABLE,1,NONINCAPACITATING INJURY,1,0,41.7742788426,-87.6428096328,60621,"CHICAGO MIDWAY AIRPORT, IL US",83.0,66.0,57.0,0.0,10.0,13.0
crash_10438,2018-03-25 20:30:00,2018,3,Mar,Sun,20,Night or early morning,30,UNKNOWN,CLEAR,"DARKNESS, LIGHTED ROAD",SIDESWIPE SAME DIRECTION,DIVIDED - W/MEDIAN BARRIER,DRY,NO INJURY / DRIVE AWAY,,,"OVER $1,500",IMPROPER OVERTAKING/PASSING,2,NO INDICATION OF INJURY,0,0,41.8904019174,-87.6326998984,60654,"CHICAGO MIDWAY AIRPORT, IL US",39.0,24.0,55.0,0.0,10.0,13.0
crash_10439,2020-02-27 16:20:00,2020,2,Feb,Thu,16,Evening commute,30,TRAFFIC SIGNAL,CLEAR,DAYLIGHT,SIDESWIPE SAME DIRECTION,NOT DIVIDED,DRY,NO INJURY / DRIVE AWAY,,true,"OVER $1,500",IMPROPER OVERTAKING/PASSING,2,NO INDICATION OF INJURY,0,0,41.9246398985,-87.7073639233,60647,"CHICAGO MIDWAY AIRPORT, IL US",30.0,13.0,49.0,0.0,10.0,16.0
crash_10440,2019-06-21 15:20:00,2019,6,Jun,Fri,15,Evening commute,30,NO CONTROLS,CLOUDY/OVERCAST,DAYLIGHT,REAR END,NOT DIVIDED,DRY,INJURY AND / OR TOW DUE TO CRASH,,,"OVER $1,500",FOLLOWING TOO CLOSELY,2,NO INDICATION OF INJURY,0,0,41.8411414027,-87.6952772136,60623,"CHICAGO MIDWAY AIRPORT, IL US",71.0,46.0,41.0,0.0,10.0,13.0
crash_10441,2020-06-17 20:14:00,2020,6,Jun,Wed,20,Night or early morning,30,NO CONTROLS,CLEAR,DAYLIGHT,ANGLE,NOT DIVIDED,DRY,NO INJURY / DRIVE AWAY,,,"OVER $1,500",IMPROPER TURNING/NO SIGNAL,2,NO INDICATION OF INJURY,0,0,41.8779478086,-87.755123821,60644,"CHICAGO MIDWAY AIRPORT, IL US",80.0,51.0,37.0,0.0,10.0,10.0
crash_10442,2018-03-05 15:15:00,2018,3,Mar,Mon,15,Evening commute,30,NO CONTROLS,CLEAR,DAYLIGHT,REAR END,PARKING LOT,DRY,NO INJURY / DRIVE AWAY,,true,"$501 - $1,500",UNABLE TO DETERMINE,2,NO INDICATION OF INJURY,0,0,41.7734312474,-87.5874945565,60637,"CHICAGO MIDWAY AIRPORT, IL US",42.0,19.0,40.0,0.0,10.0,18.0
crash_10443,2025-02-14 16:57:00,2025,2,Feb,Fri,16,Evening commute,30,TRAFFIC SIGNAL,CLEAR,DUSK,REAR END,NOT DIVIDED,DRY,NO INJURY / DRIVE AWAY,true,,"$501 - $1,500",IMPROPER LANE USAGE,2,NO INDICATION OF INJURY,0,0,41.772189648,-87.67340401,60636,"CHICAGO MIDWAY AIRPORT, IL US",24.0,5.0,44.0,0.0,10.0,11.0
crash_10444,2023-04-21 12:15:00,2023,4,Apr,Fri,12,Daytime,30,STOP SIGN/FLASHER,CLEAR,DAYLIGHT,TURNING,NOT DIVIDED,DRY,NO INJURY / DRIVE AWAY,true,true,"OVER $1,500",IMPROPER OVERTAKING/PASSING,4,NO INDICATION OF INJURY,0,0,41.8328283615,-87.6705998916,60608,"CHICAGO MIDWAY AIRPORT, IL US",53.0,35.0,51.0,0.0,10.0,10.0
crash_10445,2025-11-14 08:00:00,2025,11,Nov,Fri,8,Morning commute,30,TRAFFIC SIGNAL,CLEAR,DAYLIGHT,PEDESTRIAN,NOT DIVIDED,DRY,INJURY AND / OR TOW DUE TO CRASH,true,true,"OVER $1,500",FAILING TO YIELD RIGHT-OF-WAY,2,NONINCAPACITATING INJURY,1,0,41.8446556125,-87.7026617428,60623,,,,,,,