crash_id,crash_datetime,crash_year,crash_month,crash_month_name,crash_weekday_name,crash_hour,time_period,posted_speed_limit_mph,traffic_control_device,reported_weather_condition,reported_lighting_condition,first_crash_type,trafficway_type,reported_road_surface_condition,crash_type,intersection_related,hit_and_run,estimated_damage,primary_contributory_cause,unit_count,most_severe_injury,injuries_total,injuries_fatal,latitude,longitude,zip5,weather_station_name,temperature_f,dew_point_f,relative_humidity_percent,precipitation_inches,visibility_miles,wind_speed_mph
crash_10446,2021-06-24 16:00:00,2021,6,Jun,Thu,16,Evening commute,30,NO CONTROLS,CLEAR,DAYLIGHT,PARKED MOTOR VEHICLE,DIVIDED - W/MEDIAN (NOT RAISED),DRY,NO INJURY / DRIVE AWAY,,true,"OVER $1,500",UNABLE TO DETERMINE,2,NO INDICATION OF INJURY,0,0,41.6905062258,-87.6812623937,60655,"CHICAGO MIDWAY AIRPORT, IL US",71.0,66.0,84.0,0.0,7.0,8.0
crash_10447,2019-09-22 01:58:00,2019,9,Sep,Sun,1,Night or early morning,30,STOP SIGN/FLASHER,CLEAR,DAYLIGHT,PARKED MOTOR VEHICLE,NOT DIVIDED,DRY,NO INJURY / DRIVE AWAY,,true,"$501 - $1,500",NOT APPLICABLE,2,NO INDICATION OF INJURY,0,0,41.7990588889,-87.7096960802,60632,"CHICAGO MIDWAY AIRPORT, IL US",71.0,69.0,94.0,0.02,10.0,8.0
crash_10448,2019-02-09 16:12:00,2019,2,Feb,Sat,16,Evening commute,5,NO CONTROLS,CLEAR,DAYLIGHT,FIXED OBJECT,NOT DIVIDED,UNKNOWN,NO INJURY / DRIVE AWAY,,,"$501 - $1,500",NOT APPLICABLE,1,NO INDICATION OF INJURY,0,0,41.7673692973,-87.642159597,60621,"CHICAGO MIDWAY AIRPORT, IL US",24.0,11.0,57.0,0.0,10.0,8.0
crash_10449,2018-12-21 06:30:00,2018,12,Dec,Fri,6,Morning commute,30,TRAFFIC SIGNAL,RAIN,"DARKNESS, LIGHTED ROAD",PEDESTRIAN,DIVIDED - W/MEDIAN (NOT RAISED),WET,INJURY AND / OR TOW DUE TO CRASH,true,false,"OVER $1,500",UNABLE TO DETERMINE,2,INCAPACITATING INJURY,1,0,41.9241961695,-87.7461533375,60639,"CHICAGO MIDWAY AIRPORT, IL US",34.0,31.0,89.0,0.0,3.0,16.0
crash_10450,2018-06-06 11:05:00,2018,6,Jun,Wed,11,Daytime,30,TRAFFIC SIGNAL,CLEAR,DAYLIGHT,SIDESWIPE SAME DIRECTION,ONE-WAY,DRY,NO INJURY / DRIVE AWAY,true,,"OVER $1,500",UNABLE TO DETERMINE,2,NO INDICATION OF INJURY,0,0,41.8794893287,-87.6244981249,60604,"CHICAGO MIDWAY AIRPORT, IL US",70.0,51.0,51.0,0.0,10.0,6.0
crash_10451,2025-07-09 08:35:00,2025,7,Jul,Wed,8,Morning commute,20,TRAFFIC SIGNAL,CLEAR,DAYLIGHT,TURNING,ONE-WAY,DRY,NO INJURY / DRIVE AWAY,,,"OVER $1,500",UNABLE TO DETERMINE,2,NO INDICATION OF INJURY,0,0,,,,,,,,,,
crash_10452,2024-08-16 12:00:00,2024,8,Aug,Fri,12,Daytime,30,NO CONTROLS,CLEAR,DAYLIGHT,REAR END,NOT DIVIDED,DRY,NO INJURY / DRIVE AWAY,,true,"OVER $1,500",UNABLE TO DETERMINE,2,NO INDICATION OF INJURY,0,0,41.8640356398,-87.6192970692,60605,"CHICAGO MIDWAY AIRPORT, IL US",82.0,67.0,60.0,0.0,10.0,7.0
crash_10453,2021-01-11 23:20:00,2021,1,Jan,Mon,23,Night or early morning,25,NO CONTROLS,CLEAR,DARKNESS,FIXED OBJECT,NOT DIVIDED,DRY,INJURY AND / OR TOW DUE TO CRASH,,,"OVER $1,500",FAILING TO REDUCE SPEED TO AVOID CRASH,1,NO INDICATION OF INJURY,0,0,41.8824529285,-87.7650824526,60644,"CHICAGO MIDWAY AIRPORT, IL US",29.0,23.0,78.0,0.0,10.0,13.0
crash_10454,2023-06-19 01:00:00,2023,6,Jun,Mon,1,Night or early morning,30,STOP SIGN/FLASHER,CLEAR,"DARKNESS, LIGHTED ROAD",REAR END,FOUR WAY,DRY,NO INJURY / DRIVE AWAY,true,,"OVER $1,500","OPERATING VEHICLE IN ERRATIC, RECKLESS, CARELESS, NEGLIGENT OR AGGRESSIVE MANNER",2,NO INDICATION OF INJURY,0,0,41.7071823436,-87.6307934412,60628,"CHICAGO MIDWAY AIRPORT, IL US",69.0,55.0,61.0,0.0,10.0,6.0
crash_10455,2023-06-20 12:15:00,2023,6,Jun,Tue,12,Daytime,30,NO CONTROLS,CLEAR,DAYLIGHT,REAR END,NOT DIVIDED,DRY,NO INJURY / DRIVE AWAY,,true,"$501 - $1,500",FOLLOWING TOO CLOSELY,3,NO INDICATION OF INJURY,0,0,41.9974153846,-87.8077641534,60631,"CHICAGO OHARE INTERNATIONAL AIRPORT, IL US",82.0,55.0,40.0,0.0,10.0,16.0
crash_10456,2023-12-12 10:00:00,2023,12,Dec,Tue,10,Daytime,30,TRAFFIC SIGNAL,CLEAR,DAYLIGHT,REAR END,NOT DIVIDED,DRY,NO INJURY / DRIVE AWAY,,,"OVER $1,500",FAILING TO REDUCE SPEED TO AVOID CRASH,2,NO INDICATION OF INJURY,0,0,41.9853573948,-87.6602027835,60660,"CHICAGO OHARE INTERNATIONAL AIRPORT, IL US",34.0,21.0,59.0,0.0,10.0,13.0
crash_10457,2018-04-05 19:30:00,2018,4,Apr,Thu,19,Night or early morning,30,NO CONTROLS,SNOW,DARKNESS,SIDESWIPE OPPOSITE DIRECTION,OTHER,WET,NO INJURY / DRIVE AWAY,,,"$501 - $1,500",UNABLE TO DETERMINE,2,NO INDICATION OF INJURY,0,0,41.9247919066,-87.6875217952,60647,"CHICAGO MIDWAY AIRPORT, IL US",36.0,33.0,89.0,,9.0,9.0
crash_10458,2018-11-19 14:51:00,2018,11,Nov,Mon,14,Daytime,30,NO CONTROLS,CLEAR,DAYLIGHT,TURNING,DIVIDED - W/MEDIAN (NOT RAISED),DRY,NO INJURY / DRIVE AWAY,,,$500 OR LESS,DISTRACTION - FROM INSIDE VEHICLE,2,NO INDICATION OF INJURY,0,0,41.8688897111,-87.6390989281,60607,"CHICAGO MIDWAY AIRPORT, IL US",33.0,24.0,70.0,0.0,10.0,8.0
crash_10459,2019-07-17 07:20:00,2019,7,Jul,Wed,7,Morning commute,30,NO CONTROLS,CLEAR,UNKNOWN,PARKED MOTOR VEHICLE,NOT DIVIDED,DRY,NO INJURY / DRIVE AWAY,,true,"OVER $1,500",UNABLE TO DETERMINE,2,NO INDICATION OF INJURY,0,0,42.0226341541,-87.6719397343,60626,"CHICAGO OHARE INTERNATIONAL AIRPORT, IL US",76.0,70.0,82.0,0.0,10.0,6.0
crash_10460,2019-04-17 18:00:00,2019,4,Apr,Wed,18,Evening commute,30,NO CONTROLS,CLEAR,DAYLIGHT,ANGLE,NOT DIVIDED,DRY,INJURY AND / OR TOW DUE TO CRASH,true,,"OVER $1,500",IMPROPER OVERTAKING/PASSING,2,"REPORTED, NOT EVIDENT",2,0,41.7646747321,-87.6758971222,60636,"CHICAGO MIDWAY AIRPORT, IL US",74.0,53.0,48.0,0.0,10.0,16.0
crash_10461,2021-10-15 20:35:00,2021,10,Oct,Fri,20,Night or early morning,30,NO CONTROLS,CLOUDY/OVERCAST,"DARKNESS, LIGHTED ROAD",TURNING,NOT DIVIDED,WET,NO INJURY / DRIVE AWAY,,true,"OVER $1,500","OPERATING VEHICLE IN ERRATIC, RECKLESS, CARELESS, NEGLIGENT OR AGGRESSIVE MANNER",2,NO INDICATION OF INJURY,0,0,41.9954662707,-87.7862746593,60646,"CHICAGO OHARE INTERNATIONAL AIRPORT, IL US",54.0,47.0,77.0,0.0,10.0,5.0
crash_10462,2021-04-08 21:34:00,2021,4,Apr,Thu,21,Night or early morning,30,NO CONTROLS,RAIN,"DARKNESS, LIGHTED ROAD",SIDESWIPE SAME DIRECTION,NOT DIVIDED,WET,NO INJURY / DRIVE AWAY,,true,"$501 - $1,500",IMPROPER OVERTAKING/PASSING,2,NO INDICATION OF INJURY,0,0,41.9072671343,-87.7459044161,60651,"CHICAGO MIDWAY AIRPORT, IL US",53.0,44.0,72.0,0.0,10.0,10.0
crash_10463,2022-08-11 17:02:00,2022,8,Aug,Thu,17,Evening commute,30,NO CONTROLS,CLEAR,DAYLIGHT,SIDESWIPE SAME DIRECTION,NOT DIVIDED,UNKNOWN,NO INJURY / DRIVE AWAY,,,"$501 - $1,500",UNABLE TO DETERMINE,2,NO INDICATION OF INJURY,0,0,42.0168019615,-87.6957981904,60645,"CHICAGO OHARE INTERNATIONAL AIRPORT, IL US",76.0,51.0,42.0,0.0,10.0,18.0
crash_10464,2020-07-04 13:36:00,2020,7,Jul,Sat,13,Daytime,30,NO CONTROLS,CLEAR,DAYLIGHT,ANGLE,NOT DIVIDED,DRY,INJURY AND / OR TOW DUE TO CRASH,,,"$501 - $1,500",FAILING TO YIELD RIGHT-OF-WAY,2,NONINCAPACITATING INJURY,1,0,41.6922904843,-87.6400998207,60628,"CHICAGO MIDWAY AIRPORT, IL US",89.0,67.0,48.0,0.0,10.0,8.0
crash_10465,2020-11-16 07:30:00,2020,11,Nov,Mon,7,Morning commute,30,NO CONTROLS,CLEAR,DAYLIGHT,SIDESWIPE SAME DIRECTION,NOT DIVIDED,DRY,NO INJURY / DRIVE AWAY,,,"OVER $1,500",UNABLE TO DETERMINE,2,NO INDICATION OF INJURY,0,0,41.7783881392,-87.7364670962,60629,"CHICAGO MIDWAY AIRPORT, IL US",33.0,22.0,64.0,0.0,10.0,11.0
crash_10466,2018-06-27 12:50:00,2018,6,Jun,Wed,12,Daytime,30,NO CONTROLS,CLEAR,DAYLIGHT,SIDESWIPE SAME DIRECTION,NOT DIVIDED,DRY,NO INJURY / DRIVE AWAY,,,"$501 - $1,500",IMPROPER BACKING,2,NO INDICATION OF INJURY,0,0,41.698995638,-87.6295434504,60628,"CHICAGO MIDWAY AIRPORT, IL US",76.0,68.0,77.0,0.0,10.0,6.0
crash_10467,2022-10-25 08:35:00,2022,10,Oct,Tue,8,Morning commute,25,UNKNOWN,UNKNOWN,DAYLIGHT,REAR END,DIVIDED - W/MEDIAN (NOT RAISED),UNKNOWN,NO INJURY / DRIVE AWAY,,,$500 OR LESS,UNABLE TO DETERMINE,2,NO INDICATION OF INJURY,0,0,41.7089373768,-87.6237042569,60628,"CHICAGO MIDWAY AIRPORT, IL US",58.0,54.0,87.0,0.02,2.5,9.0
crash_10468,2018-01-26 18:43:00,2018,1,Jan,Fri,18,Evening commute,30,NO CONTROLS,CLEAR,"DARKNESS, LIGHTED ROAD",FIXED OBJECT,NOT DIVIDED,DRY,INJURY AND / OR TOW DUE TO CRASH,,,"OVER $1,500",UNABLE TO DETERMINE,1,NO INDICATION OF INJURY,0,0,41.6854445511,-87.677333115,60643,"CHICAGO MIDWAY AIRPORT, IL US",52.0,30.0,43.0,0.0,10.0,21.0
crash_10469,2019-10-12 18:15:00,2019,10,Oct,Sat,18,Evening commute,30,NO CONTROLS,CLEAR,DUSK,FIXED OBJECT,NOT DIVIDED,DRY,NO INJURY / DRIVE AWAY,,,"OVER $1,500",IMPROPER OVERTAKING/PASSING,1,NO INDICATION OF INJURY,0,0,41.9164750513,-87.6574862008,60614,"CHICAGO MIDWAY AIRPORT, IL US",55.0,28.0,35.0,0.0,10.0,14.0
crash_10470,2025-09-25 16:16:00,2025,9,Sep,Thu,16,Evening commute,30,TRAFFIC SIGNAL,CLEAR,DAYLIGHT,PARKED MOTOR VEHICLE,NOT DIVIDED,DRY,NO INJURY / DRIVE AWAY,,,$500 OR LESS,IMPROPER OVERTAKING/PASSING,2,NO INDICATION OF INJURY,0,0,41.7359705724,-87.6582681841,60620,,,,,,,
crash_10471,2023-09-21 20:01:00,2023,9,Sep,Thu,20,Night or early morning,30,NO CONTROLS,CLEAR,"DARKNESS, LIGHTED ROAD",REAR TO FRONT,NOT DIVIDED,DRY,INJURY AND / OR TOW DUE TO CRASH,,,"OVER $1,500",NOT APPLICABLE,2,NO INDICATION OF INJURY,0,0,41.9391263574,-87.6442213658,60657,"CHICAGO MIDWAY AIRPORT, IL US",71.0,64.0,79.0,0.0,10.0,7.0
crash_10472,2023-03-22 10:10:00,2023,3,Mar,Wed,10,Daytime,30,TRAFFIC SIGNAL,CLOUDY/OVERCAST,DAYLIGHT,TURNING,FOUR WAY,DRY,NO INJURY / DRIVE AWAY,true,,"OVER $1,500",FOLLOWING TOO CLOSELY,2,NO INDICATION OF INJURY,0,0,41.87491426,-87.6959796969,60612,"CHICAGO MIDWAY AIRPORT, IL US",43.0,40.0,89.0,0.0,4.0,10.0
crash_10473,2019-07-11 11:00:00,2019,7,Jul,Thu,11,Daytime,20,NO CONTROLS,CLEAR,DAYLIGHT,PARKED MOTOR VEHICLE,ONE-WAY,DRY,NO INJURY / DRIVE AWAY,,true,"$501 - $1,500",UNABLE TO DETERMINE,2,NO INDICATION OF INJURY,0,0,41.8629021501,-87.7325613005,60623,"CHICAGO MIDWAY AIRPORT, IL US",80.0,64.0,58.0,0.0,10.0,6.0
crash_10474,2025-11-15 21:00:00,2025,11,Nov,Sat,21,Night or early morning,30,UNKNOWN,UNKNOWN,UNKNOWN,OTHER OBJECT,NOT DIVIDED,UNKNOWN,NO INJURY / DRIVE AWAY,,true,"OVER $1,500",UNABLE TO DETERMINE,2,NO INDICATION OF INJURY,0,0,41.7731922864,-87.7323169917,60629,,,,,,,
crash_10475,2019-11-01 17:30:00,2019,11,Nov,Fri,17,Evening commute,30,NO CONTROLS,CLEAR,DAYLIGHT,REAR END,NOT DIVIDED,DRY,NO INJURY / DRIVE AWAY,,,"$501 - $1,500",FOLLOWING TOO CLOSELY,2,NO INDICATION OF INJURY,0,0,41.8991731836,-87.6967297833,60622,"CHICAGO MIDWAY AIRPORT, IL US",44.0,30.0,58.0,0.0,10.0,10.0
crash_10476,2024-09-15 08:30:00,2024,9,Sep,Sun,8,Morning commute,30,NO CONTROLS,CLEAR,DAYLIGHT,PARKED MOTOR VEHICLE,NOT DIVIDED,DRY,NO INJURY / DRIVE AWAY,,true,"OVER $1,500",IMPROPER OVERTAKING/PASSING,2,NO INDICATION OF INJURY,0,0,41.75286539,-87.6038573536,60619,"CHICAGO MIDWAY AIRPORT, IL US",76.0,60.0,58.0,0.0,10.0,8.0
crash_10477,2020-12-29 17:50:00,2020,12,Dec,Tue,17,Evening commute,30,TRAFFIC SIGNAL,SNOW,"DARKNESS, LIGHTED ROAD",TURNING,NOT DIVIDED,SNOW OR SLUSH,NO INJURY / DRIVE AWAY,false,,"OVER $1,500",UNABLE TO DETERMINE,2,NO INDICATION OF INJURY,0,0,41.7082557229,-87.5598108258,60617,"CHICAGO MIDWAY AIRPORT, IL US",27.0,24.0,89.0,0.04,0.5,13.0
crash_10478,2020-10-31 20:00:00,2020,10,Oct,Sat,20,Night or early morning,30,TRAFFIC SIGNAL,CLEAR,"DARKNESS, LIGHTED ROAD",REAR END,NOT DIVIDED,DRY,NO INJURY / DRIVE AWAY,,,"$501 - $1,500",FOLLOWING TOO CLOSELY,3,NO INDICATION OF INJURY,0,0,41.810333158,-87.6837711849,60609,"CHICAGO MIDWAY AIRPORT, IL US",55.0,37.0,51.0,0.0,10.0,15.0
crash_10479,2025-06-24 14:57:00,2025,6,Jun,Tue,14,Daytime,15,NO CONTROLS,CLEAR,DAYLIGHT,REAR TO REAR,ALLEY,DRY,NO INJURY / DRIVE AWAY,,true,"OVER $1,500",UNABLE TO DETERMINE,2,NO INDICATION OF INJURY,0,0,41.853034075,-87.6721515717,60608,"CHICAGO MIDWAY AIRPORT, IL US",87.0,71.0,59.0,0.0,10.0,10.0
crash_10480,2021-02-18 14:10:00,2021,2,Feb,Thu,14,Daytime,30,UNKNOWN,SNOW,DAYLIGHT,PARKED MOTOR VEHICLE,DIVIDED - W/MEDIAN (NOT RAISED),SNOW OR SLUSH,NO INJURY / DRIVE AWAY,,,"OVER $1,500",UNABLE TO DETERMINE,2,NO INDICATION OF INJURY,0,0,41.9765801636,-87.7589109709,60630,"CHICAGO OHARE INTERNATIONAL AIRPORT, IL US",24.0,17.0,75.0,0.0,7.0,7.0
crash_10481,2018-04-18 16:15:00,2018,4,Apr,Wed,16,Evening commute,25,NO CONTROLS,RAIN,DAYLIGHT,ANGLE,ONE-WAY,WET,INJURY AND / OR TOW DUE TO CRASH,true,,"OVER $1,500",WEATHER,2,NONINCAPACITATING INJURY,1,0,41.9849098724,-87.7156472636,60659,"CHICAGO OHARE INTERNATIONAL AIRPORT, IL US",34.0,30.0,85.0,,3.0,15.0
crash_10482,2023-06-10 14:15:00,2023,6,Jun,Sat,14,Daytime,30,NO CONTROLS,UNKNOWN,UNKNOWN,PARKED MOTOR VEHICLE,NOT DIVIDED,UNKNOWN,NO INJURY / DRIVE AWAY,,true,"OVER $1,500",UNABLE TO DETERMINE,2,NO INDICATION OF INJURY,0,0,41.8996995713,-87.6747758337,60622,"CHICAGO MIDWAY AIRPORT, IL US",84.0,42.0,23.0,0.0,10.0,11.0
crash_10483,2022-12-22 13:35:00,2022,12,Dec,Thu,13,Daytime,15,NO CONTROLS,SNOW,"DARKNESS, LIGHTED ROAD",REAR END,RAMP,WET,NO INJURY / DRIVE AWAY,,,"$501 - $1,500",DRIVING SKILLS/KNOWLEDGE/EXPERIENCE,2,NO INDICATION OF INJURY,0,0,41.7893386418,-87.7413525626,60629,"CHICAGO MIDWAY AIRPORT, IL US",22.0,17.0,82.0,0.0,0.5,17.0
crash_10484,2020-10-04 17:00:00,2020,10,Oct,Sun,17,Evening commute,35,NO CONTROLS,CLEAR,DAYLIGHT,SIDESWIPE SAME DIRECTION,NOT DIVIDED,DRY,INJURY AND / OR TOW DUE TO CRASH,,,"OVER $1,500",NOT APPLICABLE,3,"REPORTED, NOT EVIDENT",3,0,41.8714076788,-87.725217379,60624,"CHICAGO MIDWAY AIRPORT, IL US",54.0,30.0,40.0,0.0,10.0,11.0
crash_10485,2024-11-21 02:46:00,2024,11,Nov,Thu,2,Night or early morning,30,NO CONTROLS,UNKNOWN,DARKNESS,PARKED MOTOR VEHICLE,ONE-WAY,UNKNOWN,NO INJURY / DRIVE AWAY,,true,"OVER $1,500",UNABLE TO DETERMINE,2,NO INDICATION OF INJURY,0,0,41.9354940103,-87.7315453266,60641,"CHICAGO OHARE INTERNATIONAL AIRPORT, IL US",30.0,23.0,75.0,0.0,10.0,13.0
crash_10486,2021-01-21 20:00:00,2021,1,Jan,Thu,20,Night or early morning,30,NO CONTROLS,UNKNOWN,"DARKNESS, LIGHTED ROAD",PARKED MOTOR VEHICLE,NOT DIVIDED,UNKNOWN,NO INJURY / DRIVE AWAY,,,"OVER $1,500",UNABLE TO DETERMINE,2,NO INDICATION OF INJURY,0,0,41.8418759694,-87.6221222801,60616,"CHICAGO MIDWAY AIRPORT, IL US",35.0,22.0,59.0,0.0,10.0,16.0
crash_10487,2020-08-06 17:10:00,2020,8,Aug,Thu,17,Evening commute,30,TRAFFIC SIGNAL,CLEAR,DAYLIGHT,REAR END,DIVIDED - W/MEDIAN (NOT RAISED),DRY,NO INJURY / DRIVE AWAY,true,,"OVER $1,500",FOLLOWING TOO CLOSELY,2,NO INDICATION OF INJURY,0,0,41.9323201143,-87.6844262394,60618,"CHICAGO MIDWAY AIRPORT, IL US",78.0,53.0,42.0,0.0,10.0,8.0
crash_10488,2020-08-08 01:00:00,2020,8,Aug,Sat,1,Night or early morning,30,NO CONTROLS,CLEAR,"DARKNESS, LIGHTED ROAD",PARKED MOTOR VEHICLE,ONE-WAY,DRY,NO INJURY / DRIVE AWAY,,,$500 OR LESS,IMPROPER LANE USAGE,2,NO INDICATION OF INJURY,0,0,41.8748127878,-87.6927064079,60612,"CHICAGO MIDWAY AIRPORT, IL US",71.0,57.0,61.0,0.0,10.0,6.0
crash_10489,2019-12-24 18:50:00,2019,12,Dec,Tue,18,Evening commute,30,NO CONTROLS,CLEAR,UNKNOWN,PARKED MOTOR VEHICLE,NOT DIVIDED,DRY,NO INJURY / DRIVE AWAY,,true,"$501 - $1,500",UNABLE TO DETERMINE,2,NO INDICATION OF INJURY,0,0,41.9142880337,-87.7626474312,60639,"CHICAGO MIDWAY AIRPORT, IL US",50.0,42.0,74.0,0.0,10.0,13.0
crash_10490,2019-02-20 09:30:00,2019,2,Feb,Wed,9,Morning commute,30,NO CONTROLS,CLOUDY/OVERCAST,DAYLIGHT,FIXED OBJECT,NOT DIVIDED,WET,NO INJURY / DRIVE AWAY,,,$500 OR LESS,UNABLE TO DETERMINE,1,NO INDICATION OF INJURY,0,0,41.9107843988,-87.6644774136,60642,"CHICAGO MIDWAY AIRPORT, IL US",31.0,29.0,92.0,0.0,1.5,16.0
crash_10491,2025-08-15 14:30:00,2025,8,Aug,Fri,14,Daytime,30,UNKNOWN,UNKNOWN,DAYLIGHT,OTHER OBJECT,NOT DIVIDED,UNKNOWN,NO INJURY / DRIVE AWAY,,,"OVER $1,500",UNABLE TO DETERMINE,1,,,,41.9284854778,-87.6635773576,60614,"CHICAGO MIDWAY AIRPORT, IL US",90.0,68.0,48.0,0.0,10.0,13.0
crash_10492,2019-10-07 15:25:00,2019,10,Oct,Mon,15,Evening commute,30,STOP SIGN/FLASHER,CLEAR,DAYLIGHT,ANGLE,DIVIDED - W/MEDIAN (NOT RAISED),DRY,INJURY AND / OR TOW DUE TO CRASH,false,,"OVER $1,500",FAILING TO YIELD RIGHT-OF-WAY,2,INCAPACITATING INJURY,1,0,41.7935696336,-87.7072950407,60632,"CHICAGO MIDWAY AIRPORT, IL US",70.0,40.0,34.0,0.0,10.0,14.0
crash_10493,2019-03-09 06:34:00,2019,3,Mar,Sat,6,Morning commute,30,NO CONTROLS,CLEAR,DAYLIGHT,PARKED MOTOR VEHICLE,OTHER,DRY,INJURY AND / OR TOW DUE TO CRASH,,,"OVER $1,500",DISTRACTION - FROM INSIDE VEHICLE,3,NO INDICATION OF INJURY,0,0,42.0145921506,-87.7069057507,60645,"CHICAGO OHARE INTERNATIONAL AIRPORT, IL US",32.0,27.0,82.0,0.0,6.0,11.0
crash_10494,2023-02-22 13:00:00,2023,2,Feb,Wed,13,Daytime,15,NO CONTROLS,CLEAR,DAYLIGHT,PARKED MOTOR VEHICLE,NOT DIVIDED,WET,INJURY AND / OR TOW DUE TO CRASH,,,"$501 - $1,500",FOLLOWING TOO CLOSELY,2,"REPORTED, NOT EVIDENT",1,0,41.9397334747,-87.6586519342,60657,"CHICAGO MIDWAY AIRPORT, IL US",34.0,31.0,89.0,0.05,4.0,17.0
crash_10495,2021-11-27 18:20:00,2021,11,Nov,Sat,18,Evening commute,30,TRAFFIC SIGNAL,CLEAR,"DARKNESS, LIGHTED ROAD",REAR END,NOT DIVIDED,DRY,NO INJURY / DRIVE AWAY,,,$500 OR LESS,FOLLOWING TOO CLOSELY,2,NO INDICATION OF INJURY,0,0,41.9903741858,-87.7187189076,60659,"CHICAGO OHARE INTERNATIONAL AIRPORT, IL US",41.0,32.0,70.0,0.0,10.0,5.0
crash_10496,2020-07-10 10:20:00,2020,7,Jul,Fri,10,Daytime,30,NO CONTROLS,CLEAR,DAYLIGHT,SIDESWIPE SAME DIRECTION,NOT DIVIDED,DRY,NO INJURY / DRIVE AWAY,,true,"$501 - $1,500",NOT APPLICABLE,2,NO INDICATION OF INJURY,0,0,41.8993502517,-87.7751294674,60651,"CHICAGO MIDWAY AIRPORT, IL US",75.0,68.0,79.0,,10.0,16.0
crash_10497,2019-11-22 08:09:00,2019,11,Nov,Fri,8,Morning commute,20,TRAFFIC SIGNAL,CLEAR,DAYLIGHT,SIDESWIPE SAME DIRECTION,NOT DIVIDED,DRY,NO INJURY / DRIVE AWAY,,,"OVER $1,500",IMPROPER LANE USAGE,2,NO INDICATION OF INJURY,0,0,41.7720657092,-87.6835932446,60629,"CHICAGO MIDWAY AIRPORT, IL US",32.0,22.0,66.0,,10.0,10.0
crash_10498,2025-11-23 16:19:00,2025,11,Nov,Sun,16,Evening commute,30,UNKNOWN,UNKNOWN,UNKNOWN,SIDESWIPE SAME DIRECTION,UNKNOWN,UNKNOWN,NO INJURY / DRIVE AWAY,,,"OVER $1,500",NOT APPLICABLE,2,NO INDICATION OF INJURY,0,0,41.8692750493,-87.6206532775,60605,,,,,,,
crash_10499,2024-09-29 18:10:00,2024,9,Sep,Sun,18,Evening commute,35,TRAFFIC SIGNAL,CLEAR,DAYLIGHT,TURNING,NOT DIVIDED,DRY,NO INJURY / DRIVE AWAY,true,,"OVER $1,500",IMPROPER TURNING/NO SIGNAL,2,NO INDICATION OF INJURY,0,0,41.852975977,-87.6270330883,60616,"CHICAGO MIDWAY AIRPORT, IL US",72.0,60.0,66.0,0.0,10.0,11.0
crash_10500,2020-07-22 18:00:00,2020,7,Jul,Wed,18,Evening commute,30,STOP SIGN/FLASHER,CLEAR,DAYLIGHT,TURNING,T-INTERSECTION,DRY,INJURY AND / OR TOW DUE TO CRASH,,true,"OVER $1,500",FAILING TO YIELD RIGHT-OF-WAY,2,NO INDICATION OF INJURY,0,0,41.8819113121,-87.6455267776,60661,"CHICAGO MIDWAY AIRPORT, IL US",85.0,62.0,46.0,0.0,10.0,14.0
crash_10501,2024-05-17 18:40:00,2024,5,May,Fri,18,Evening commute,30,TRAFFIC SIGNAL,CLEAR,"DARKNESS, LIGHTED ROAD",TURNING,NOT DIVIDED,DRY,NO INJURY / DRIVE AWAY,,true,"OVER $1,500",UNABLE TO DETERMINE,2,NO INDICATION OF INJURY,0,0,41.7433503097,-87.7410098413,60652,"CHICAGO MIDWAY AIRPORT, IL US",71.0,53.0,53.0,0.0,10.0,10.0
crash_10502,2020-12-25 12:25:00,2020,12,Dec,Fri,12,Daytime,30,STOP SIGN/FLASHER,CLEAR,DAYLIGHT,ANGLE,FOUR WAY,DRY,INJURY AND / OR TOW DUE TO CRASH,true,,"OVER $1,500","VISION OBSCURED (SIGNS, TREE LIMBS, BUILDINGS, ETC.)",2,NO INDICATION OF INJURY,0,0,41.7891477191,-87.6224723614,60637,"CHICAGO MIDWAY AIRPORT, IL US",21.0,4.0,47.0,0.0,10.0,14.0
crash_10503,2023-12-12 15:30:00,2023,12,Dec,Tue,15,Evening commute,30,NO CONTROLS,CLEAR,DAYLIGHT,PARKED MOTOR VEHICLE,ONE-WAY,DRY,NO INJURY / DRIVE AWAY,,true,"OVER $1,500",UNABLE TO DETERMINE,2,NO INDICATION OF INJURY,0,0,41.9317076454,-87.7084878096,60647,"CHICAGO MIDWAY AIRPORT, IL US",37.0,20.0,50.0,0.0,10.0,9.0
crash_10504,2024-12-12 22:35:00,2024,12,Dec,Thu,22,Night or early morning,30,TRAFFIC SIGNAL,CLEAR,"DARKNESS, LIGHTED ROAD",PEDESTRIAN,FOUR WAY,DRY,INJURY AND / OR TOW DUE TO CRASH,true,true,"OVER $1,500",UNABLE TO DETERMINE,2,NONINCAPACITATING INJURY,1,0,41.8807189579,-87.735600609,60624,"CHICAGO MIDWAY AIRPORT, IL US",16.0,-4.0,41.0,,10.0,6.0
crash_10505,2024-12-12 20:10:00,2024,12,Dec,Thu,20,Night or early morning,30,NO CONTROLS,CLEAR,"DARKNESS, LIGHTED ROAD",TURNING,NOT DIVIDED,DRY,NO INJURY / DRIVE AWAY,,true,"OVER $1,500",UNABLE TO DETERMINE,3,NO INDICATION OF INJURY,0,0,41.7989096071,-87.7231780186,60632,"CHICAGO MIDWAY AIRPORT, IL US",16.0,-4.0,41.0,,10.0,8.0