crash_id,crash_datetime,crash_year,crash_month,crash_month_name,crash_weekday_name,crash_hour,time_period,posted_speed_limit_mph,traffic_control_device,reported_weather_condition,reported_lighting_condition,first_crash_type,trafficway_type,reported_road_surface_condition,crash_type,intersection_related,hit_and_run,estimated_damage,primary_contributory_cause,unit_count,most_severe_injury,injuries_total,injuries_fatal,latitude,longitude,zip5,weather_station_name,temperature_f,dew_point_f,relative_humidity_percent,precipitation_inches,visibility_miles,wind_speed_mph
crash_10506,2019-02-07 06:54:00,2019,2,Feb,Thu,6,Morning commute,30,TRAFFIC SIGNAL,RAIN,DAYLIGHT,TURNING,NOT DIVIDED,WET,NO INJURY / DRIVE AWAY,true,,"OVER $1,500",TURNING RIGHT ON RED,2,NO INDICATION OF INJURY,0,0,41.9654796061,-87.6546415123,60640,"CHICAGO MIDWAY AIRPORT, IL US",37.0,36.0,96.0,0.03,4.0,5.0
crash_10507,2019-03-10 11:30:00,2019,3,Mar,Sun,11,Daytime,30,NO CONTROLS,UNKNOWN,UNKNOWN,PARKED MOTOR VEHICLE,OTHER,DRY,NO INJURY / DRIVE AWAY,,true,$500 OR LESS,UNABLE TO DETERMINE,2,NO INDICATION OF INJURY,0,0,41.9284218297,-87.7080257763,60647,"CHICAGO MIDWAY AIRPORT, IL US",36.0,27.0,70.0,0.0,10.0,25.0
crash_10508,2023-12-11 09:10:00,2023,12,Dec,Mon,9,Morning commute,30,TRAFFIC SIGNAL,CLEAR,DAYLIGHT,TURNING,FOUR WAY,DRY,NO INJURY / DRIVE AWAY,true,,"OVER $1,500",IMPROPER TURNING/NO SIGNAL,2,NO INDICATION OF INJURY,0,0,41.9216297091,-87.6534239735,60614,"CHICAGO MIDWAY AIRPORT, IL US",30.0,19.0,64.0,0.0,10.0,9.0
crash_10509,2019-04-12 12:30:00,2019,4,Apr,Fri,12,Daytime,5,NO CONTROLS,CLEAR,DAYLIGHT,PARKED MOTOR VEHICLE,PARKING LOT,DRY,NO INJURY / DRIVE AWAY,,,"$501 - $1,500",IMPROPER BACKING,2,NO INDICATION OF INJURY,0,0,41.8748857094,-87.6863114175,60612,"CHICAGO MIDWAY AIRPORT, IL US",50.0,29.0,44.0,0.0,10.0,22.0
crash_10510,2018-08-28 09:17:00,2018,8,Aug,Tue,9,Morning commute,30,NO CONTROLS,CLEAR,DAYLIGHT,PARKED MOTOR VEHICLE,NOT DIVIDED,DRY,NO INJURY / DRIVE AWAY,,true,"$501 - $1,500",IMPROPER BACKING,2,NO INDICATION OF INJURY,0,0,41.8550922498,-87.6562641425,60608,"CHICAGO MIDWAY AIRPORT, IL US",72.0,70.0,94.0,0.0,10.0,9.0
crash_10511,2023-05-21 14:00:00,2023,5,May,Sun,14,Daytime,30,UNKNOWN,UNKNOWN,UNKNOWN,ANGLE,NOT DIVIDED,UNKNOWN,NO INJURY / DRIVE AWAY,,,"OVER $1,500",UNABLE TO DETERMINE,2,NO INDICATION OF INJURY,0,0,41.931468226,-87.7596856659,60641,"CHICAGO OHARE INTERNATIONAL AIRPORT, IL US",78.0,37.0,23.0,0.0,10.0,5.0
crash_10512,2021-12-18 01:00:00,2021,12,Dec,Sat,1,Night or early morning,30,STOP SIGN/FLASHER,RAIN,"DARKNESS, LIGHTED ROAD",REAR END,NOT DIVIDED,WET,NO INJURY / DRIVE AWAY,,true,"$501 - $1,500",FOLLOWING TOO CLOSELY,2,NO INDICATION OF INJURY,0,0,41.7152874909,-87.6206099464,60628,"CHICAGO MIDWAY AIRPORT, IL US",42.0,27.0,55.0,0.0,10.0,9.0
crash_10513,2025-01-04 11:26:00,2025,1,Jan,Sat,11,Daytime,30,NO CONTROLS,UNKNOWN,DAYLIGHT,SIDESWIPE SAME DIRECTION,NOT DIVIDED,UNKNOWN,NO INJURY / DRIVE AWAY,,true,"OVER $1,500",FAILING TO YIELD RIGHT-OF-WAY,2,NO INDICATION OF INJURY,0,0,41.9837936987,-87.6565772239,60660,"CHICAGO OHARE INTERNATIONAL AIRPORT, IL US",21.0,1.0,41.0,0.0,10.0,10.0
crash_10514,2022-12-21 08:10:00,2022,12,Dec,Wed,8,Morning commute,30,STOP SIGN/FLASHER,CLEAR,DAYLIGHT,REAR END,DIVIDED - W/MEDIAN (NOT RAISED),DRY,NO INJURY / DRIVE AWAY,true,,"OVER $1,500",FOLLOWING TOO CLOSELY,2,NO INDICATION OF INJURY,0,0,41.8426086233,-87.7048343359,60623,"CHICAGO MIDWAY AIRPORT, IL US",18.0,10.0,71.0,0.0,10.0,6.0
crash_10515,2019-05-18 13:00:00,2019,5,May,Sat,13,Daytime,40,TRAFFIC SIGNAL,CLEAR,DAYLIGHT,REAR END,DIVIDED - W/MEDIAN BARRIER,DRY,NO INJURY / DRIVE AWAY,,,$500 OR LESS,FOLLOWING TOO CLOSELY,2,NO INDICATION OF INJURY,0,0,41.8782699191,-87.620528612,60604,"CHICAGO MIDWAY AIRPORT, IL US",83.0,61.0,48.0,0.0,10.0,15.0
crash_10516,2025-11-30 05:30:00,2025,11,Nov,Sun,5,Night or early morning,30,NO CONTROLS,UNKNOWN,UNKNOWN,PARKED MOTOR VEHICLE,DIVIDED - W/MEDIAN (NOT RAISED),UNKNOWN,NO INJURY / DRIVE AWAY,,true,"OVER $1,500",UNABLE TO DETERMINE,2,NO INDICATION OF INJURY,0,0,41.9237376562,-87.7744371199,60639,,,,,,,
crash_10517,2019-09-25 12:35:00,2019,9,Sep,Wed,12,Daytime,20,TRAFFIC SIGNAL,CLEAR,DAYLIGHT,SIDESWIPE SAME DIRECTION,DIVIDED - W/MEDIAN (NOT RAISED),DRY,NO INJURY / DRIVE AWAY,,,$500 OR LESS,FOLLOWING TOO CLOSELY,2,NO INDICATION OF INJURY,0,0,42.0154489858,-87.6749594764,60626,"CHICAGO OHARE INTERNATIONAL AIRPORT, IL US",74.0,61.0,64.0,0.0,10.0,9.0
crash_10518,2022-11-01 17:45:00,2022,11,Nov,Tue,17,Evening commute,30,NO CONTROLS,UNKNOWN,DUSK,REAR END,NOT DIVIDED,UNKNOWN,NO INJURY / DRIVE AWAY,,,"OVER $1,500",UNABLE TO DETERMINE,3,NO INDICATION OF INJURY,0,0,41.7725763018,-87.626740364,60621,"CHICAGO MIDWAY AIRPORT, IL US",67.0,37.0,33.0,0.0,10.0,3.0
crash_10519,2018-05-30 20:00:00,2018,5,May,Wed,20,Night or early morning,30,TRAFFIC SIGNAL,RAIN,"DARKNESS, LIGHTED ROAD",ANGLE,NOT DIVIDED,WET,NO INJURY / DRIVE AWAY,,,"OVER $1,500",FAILING TO YIELD RIGHT-OF-WAY,2,NO INDICATION OF INJURY,0,0,41.7141614378,-87.655868369,60643,"CHICAGO MIDWAY AIRPORT, IL US",73.0,70.0,90.0,0.13,10.0,5.0
crash_10520,2019-09-28 00:00:00,2019,9,Sep,Sat,0,Night or early morning,15,NO CONTROLS,RAIN,UNKNOWN,PARKED MOTOR VEHICLE,ALLEY,WET,INJURY AND / OR TOW DUE TO CRASH,,true,"$501 - $1,500",UNABLE TO DETERMINE,2,NO INDICATION OF INJURY,0,0,41.7702381227,-87.6203842967,60637,"CHICAGO MIDWAY AIRPORT, IL US",68.0,66.0,93.0,0.12,6.0,9.0
crash_10521,2025-07-03 15:30:00,2025,7,Jul,Thu,15,Evening commute,30,STOP SIGN/FLASHER,CLEAR,DAYLIGHT,ANGLE,NOT DIVIDED,DRY,NO INJURY / DRIVE AWAY,true,,"$501 - $1,500",FAILING TO YIELD RIGHT-OF-WAY,2,NO INDICATION OF INJURY,0,0,41.7936214824,-87.6927259139,60629,"CHICAGO MIDWAY AIRPORT, IL US",90.0,64.0,42.0,0.0,10.0,9.0
crash_10522,2025-11-11 09:00:00,2025,11,Nov,Tue,9,Morning commute,30,NO CONTROLS,CLEAR,DAYLIGHT,PARKED MOTOR VEHICLE,DIVIDED - W/MEDIAN (NOT RAISED),DRY,NO INJURY / DRIVE AWAY,,,"OVER $1,500",UNABLE TO DETERMINE,2,NO INDICATION OF INJURY,0,0,41.9394855792,-87.7003409429,60618,,,,,,,
crash_10523,2022-09-10 11:56:00,2022,9,Sep,Sat,11,Daytime,30,NO CONTROLS,CLEAR,DAYLIGHT,PARKED MOTOR VEHICLE,ONE-WAY,DRY,NO INJURY / DRIVE AWAY,,true,"OVER $1,500",UNABLE TO DETERMINE,2,,,,41.7028002265,-87.5303058134,60617,"CHICAGO MIDWAY AIRPORT, IL US",82.0,57.0,42.0,0.0,10.0,7.0
crash_10524,2019-02-14 18:45:00,2019,2,Feb,Thu,18,Evening commute,30,TRAFFIC SIGNAL,CLEAR,"DARKNESS, LIGHTED ROAD",REAR END,NOT DIVIDED,ICE,NO INJURY / DRIVE AWAY,true,,"OVER $1,500",UNABLE TO DETERMINE,2,NO INDICATION OF INJURY,0,0,41.9286697899,-87.6879222355,60647,"CHICAGO MIDWAY AIRPORT, IL US",42.0,37.0,82.0,0.0,10.0,7.0
crash_10525,2025-05-27 18:00:00,2025,5,May,Tue,18,Evening commute,30,NO CONTROLS,CLEAR,DAYLIGHT,PARKED MOTOR VEHICLE,NOT DIVIDED,DRY,NO INJURY / DRIVE AWAY,,,"OVER $1,500",DRIVING SKILLS/KNOWLEDGE/EXPERIENCE,2,NO INDICATION OF INJURY,0,0,41.8739881017,-87.6258396656,60605,"CHICAGO MIDWAY AIRPORT, IL US",66.0,45.0,47.0,0.0,10.0,10.0
crash_10526,2025-02-06 03:00:00,2025,2,Feb,Thu,3,Night or early morning,30,NO CONTROLS,FREEZING RAIN/DRIZZLE,"DARKNESS, LIGHTED ROAD",PARKED MOTOR VEHICLE,NOT DIVIDED,ICE,NO INJURY / DRIVE AWAY,,,"OVER $1,500",WEATHER,2,NO INDICATION OF INJURY,0,0,41.8895323386,-87.6852924178,60612,"CHICAGO MIDWAY AIRPORT, IL US",31.0,28.0,89.0,0.0,3.0,0.0
crash_10527,2023-05-05 20:50:00,2023,5,May,Fri,20,Night or early morning,30,NO CONTROLS,CLEAR,"DARKNESS, LIGHTED ROAD",SIDESWIPE SAME DIRECTION,DIVIDED - W/MEDIAN (NOT RAISED),DRY,NO INJURY / DRIVE AWAY,,true,"OVER $1,500",IMPROPER OVERTAKING/PASSING,2,NO INDICATION OF INJURY,0,0,42.0080822573,-87.6813426226,60626,"CHICAGO OHARE INTERNATIONAL AIRPORT, IL US",71.0,40.0,32.0,0.0,10.0,13.0
crash_10528,2024-05-22 12:20:00,2024,5,May,Wed,12,Daytime,35,NO CONTROLS,CLEAR,DAYLIGHT,REAR TO SIDE,PARKING LOT,DRY,NO INJURY / DRIVE AWAY,,true,"OVER $1,500",NOT APPLICABLE,2,NO INDICATION OF INJURY,0,0,41.9975398933,-87.7070059618,60645,"CHICAGO OHARE INTERNATIONAL AIRPORT, IL US",69.0,52.0,55.0,0.0,10.0,20.0
crash_10529,2024-11-10 21:00:00,2024,11,Nov,Sun,21,Night or early morning,30,NO CONTROLS,CLEAR,"DARKNESS, LIGHTED ROAD",PARKED MOTOR VEHICLE,ONE-WAY,DRY,INJURY AND / OR TOW DUE TO CRASH,,true,"OVER $1,500",FAILING TO REDUCE SPEED TO AVOID CRASH,2,NONINCAPACITATING INJURY,1,0,41.6835412473,-87.657771014,60643,"CHICAGO MIDWAY AIRPORT, IL US",54.0,44.0,69.0,0.0,10.0,15.0
crash_10530,2020-12-23 16:35:00,2020,12,Dec,Wed,16,Evening commute,30,NO CONTROLS,RAIN,"DARKNESS, LIGHTED ROAD",REAR END,NOT DIVIDED,WET,INJURY AND / OR TOW DUE TO CRASH,,,"OVER $1,500",WEATHER,2,NONINCAPACITATING INJURY,5,0,41.7300209818,-87.6473101965,60620,"CHICAGO MIDWAY AIRPORT, IL US",53.0,46.0,77.0,0.0,10.0,26.0
crash_10531,2022-12-02 10:00:00,2022,12,Dec,Fri,10,Daytime,30,TRAFFIC SIGNAL,CLEAR,DAYLIGHT,PARKED MOTOR VEHICLE,NOT DIVIDED,DRY,NO INJURY / DRIVE AWAY,false,true,"OVER $1,500",FOLLOWING TOO CLOSELY,2,NO INDICATION OF INJURY,0,0,41.8942448479,-87.624300663,60611,"CHICAGO MIDWAY AIRPORT, IL US",42.0,24.0,49.0,0.0,10.0,20.0
crash_10532,2023-10-12 10:06:00,2023,10,Oct,Thu,10,Daytime,30,NO CONTROLS,RAIN,DAYLIGHT,REAR END,DIVIDED - W/MEDIAN BARRIER,WET,INJURY AND / OR TOW DUE TO CRASH,,,"OVER $1,500",FOLLOWING TOO CLOSELY,3,NO INDICATION OF INJURY,0,0,41.777199231,-87.800502479,60638,"CHICAGO MIDWAY AIRPORT, IL US",56.0,54.0,93.0,0.02,6.0,7.0
crash_10533,2025-03-27 14:15:00,2025,3,Mar,Thu,14,Daytime,30,NO CONTROLS,CLEAR,DAYLIGHT,SIDESWIPE SAME DIRECTION,PARKING LOT,DRY,NO INJURY / DRIVE AWAY,,true,"$501 - $1,500",IMPROPER BACKING,2,NO INDICATION OF INJURY,0,0,41.7078476367,-87.5805613126,60617,"CHICAGO MIDWAY AIRPORT, IL US",54.0,34.0,47.0,0.0,10.0,11.0
crash_10534,2020-04-17 15:20:00,2020,4,Apr,Fri,15,Evening commute,30,TRAFFIC SIGNAL,CLEAR,DAYLIGHT,TURNING,NOT DIVIDED,DRY,NO INJURY / DRIVE AWAY,true,,"OVER $1,500",UNABLE TO DETERMINE,2,NO INDICATION OF INJURY,0,0,41.9255403154,-87.6489121555,60614,"CHICAGO MIDWAY AIRPORT, IL US",38.0,33.0,83.0,0.0,10.0,10.0
crash_10535,2022-01-31 08:30:00,2022,1,Jan,Mon,8,Morning commute,30,TRAFFIC SIGNAL,CLEAR,DAYLIGHT,REAR END,DIVIDED - W/MEDIAN BARRIER,DRY,NO INJURY / DRIVE AWAY,,true,$500 OR LESS,UNABLE TO DETERMINE,2,NO INDICATION OF INJURY,0,0,41.7351822464,-87.5857496327,60619,"CHICAGO MIDWAY AIRPORT, IL US",31.0,20.0,64.0,0.0,8.0,8.0
crash_10536,2023-11-07 09:00:00,2023,11,Nov,Tue,9,Morning commute,30,TRAFFIC SIGNAL,CLEAR,DAYLIGHT,ANGLE,FOUR WAY,DRY,NO INJURY / DRIVE AWAY,true,,"OVER $1,500","VISION OBSCURED (SIGNS, TREE LIMBS, BUILDINGS, ETC.)",2,NO INDICATION OF INJURY,0,0,41.9497566424,-87.7571572846,60641,"CHICAGO OHARE INTERNATIONAL AIRPORT, IL US",48.0,38.0,68.0,0.0,10.0,9.0
crash_10537,2024-08-14 07:30:00,2024,8,Aug,Wed,7,Morning commute,30,STOP SIGN/FLASHER,RAIN,UNKNOWN,REAR END,NOT DIVIDED,WET,NO INJURY / DRIVE AWAY,,,"OVER $1,500",WEATHER,2,NO INDICATION OF INJURY,0,0,42.0124671614,-87.6780580993,60626,"CHICAGO OHARE INTERNATIONAL AIRPORT, IL US",73.0,63.0,71.0,0.0,10.0,5.0
crash_10538,2022-04-28 17:00:00,2022,4,Apr,Thu,17,Evening commute,30,TRAFFIC SIGNAL,CLOUDY/OVERCAST,DAYLIGHT,REAR END,NOT DIVIDED,DRY,NO INJURY / DRIVE AWAY,,,"$501 - $1,500",FOLLOWING TOO CLOSELY,2,NO INDICATION OF INJURY,0,0,41.8521420736,-87.6855182624,60608,"CHICAGO MIDWAY AIRPORT, IL US",50.0,39.0,66.0,0.0,10.0,14.0
crash_10539,2020-02-09 23:10:00,2020,2,Feb,Sun,23,Night or early morning,30,TRAFFIC SIGNAL,CLEAR,"DARKNESS, LIGHTED ROAD",ANGLE,ONE-WAY,DRY,INJURY AND / OR TOW DUE TO CRASH,true,,"OVER $1,500",UNABLE TO DETERMINE,2,NONINCAPACITATING INJURY,2,0,41.8925011669,-87.6282427378,60654,"CHICAGO MIDWAY AIRPORT, IL US",36.0,34.0,93.0,0.0,5.0,7.0
crash_10540,2024-09-04 19:00:00,2024,9,Sep,Wed,19,Night or early morning,30,TRAFFIC SIGNAL,CLEAR,DAYLIGHT,PEDALCYCLIST,DIVIDED - W/MEDIAN (NOT RAISED),DRY,INJURY AND / OR TOW DUE TO CRASH,,true,$500 OR LESS,UNABLE TO DETERMINE,2,"REPORTED, NOT EVIDENT",1,0,41.7370429734,-87.5656969534,60617,"CHICAGO MIDWAY AIRPORT, IL US",78.0,55.0,45.0,0.0,10.0,10.0
crash_10541,2022-02-14 08:50:00,2022,2,Feb,Mon,8,Morning commute,30,NO CONTROLS,CLEAR,DAYLIGHT,PARKED MOTOR VEHICLE,NOT DIVIDED,DRY,NO INJURY / DRIVE AWAY,,,"$501 - $1,500",UNABLE TO DETERMINE,2,NO INDICATION OF INJURY,0,0,41.783969581,-87.5912813195,60637,"CHICAGO MIDWAY AIRPORT, IL US",17.0,5.0,59.0,0.0,10.0,7.0
crash_10542,2025-07-01 16:00:00,2025,7,Jul,Tue,16,Evening commute,30,UNKNOWN,UNKNOWN,UNKNOWN,ANGLE,UNKNOWN,UNKNOWN,NO INJURY / DRIVE AWAY,true,,"$501 - $1,500",DRIVING SKILLS/KNOWLEDGE/EXPERIENCE,2,NO INDICATION OF INJURY,0,0,41.8482049267,-87.6385572532,60616,"CHICAGO MIDWAY AIRPORT, IL US",88.0,56.0,34.0,0.0,10.0,7.0
crash_10543,2018-11-09 08:10:00,2018,11,Nov,Fri,8,Morning commute,30,NO CONTROLS,SNOW,DAYLIGHT,TURNING,NOT DIVIDED,WET,INJURY AND / OR TOW DUE TO CRASH,true,,"OVER $1,500",FAILING TO YIELD RIGHT-OF-WAY,2,NO INDICATION OF INJURY,0,0,41.9330354709,-87.6877760976,60618,"CHICAGO MIDWAY AIRPORT, IL US",33.0,29.0,85.0,,1.0,11.0
crash_10544,2020-06-17 02:00:00,2020,6,Jun,Wed,2,Night or early morning,15,NO CONTROLS,CLEAR,DAYLIGHT,PARKED MOTOR VEHICLE,ALLEY,DRY,NO INJURY / DRIVE AWAY,,,"OVER $1,500",NOT APPLICABLE,3,,,,41.9272303336,-87.6973341757,60647,"CHICAGO MIDWAY AIRPORT, IL US",67.0,56.0,68.0,0.0,10.0,3.0
crash_10545,2024-03-30 15:50:00,2024,3,Mar,Sat,15,Evening commute,20,STOP SIGN/FLASHER,CLEAR,DAYLIGHT,ANGLE,FOUR WAY,DRY,NO INJURY / DRIVE AWAY,,,"OVER $1,500",UNABLE TO DETERMINE,2,NO INDICATION OF INJURY,0,0,41.7622899178,-87.5898269461,60619,"CHICAGO MIDWAY AIRPORT, IL US",59.0,46.0,62.0,0.0,10.0,10.0
crash_10546,2023-10-15 20:40:00,2023,10,Oct,Sun,20,Night or early morning,30,NO CONTROLS,CLEAR,"DARKNESS, LIGHTED ROAD",REAR END,NOT DIVIDED,DRY,INJURY AND / OR TOW DUE TO CRASH,,,"$501 - $1,500",FOLLOWING TOO CLOSELY,2,"REPORTED, NOT EVIDENT",1,0,41.9657184879,-87.6474766551,60640,"CHICAGO MIDWAY AIRPORT, IL US",50.0,43.0,77.0,0.0,10.0,10.0
crash_10547,2018-08-03 18:33:00,2018,8,Aug,Fri,18,Evening commute,30,NO CONTROLS,CLEAR,DAYLIGHT,PARKED MOTOR VEHICLE,ONE-WAY,DRY,INJURY AND / OR TOW DUE TO CRASH,,,"OVER $1,500",UNABLE TO DETERMINE,2,NONINCAPACITATING INJURY,3,0,41.8817401912,-87.7603157639,60644,"CHICAGO MIDWAY AIRPORT, IL US",80.0,64.0,58.0,0.0,10.0,8.0
crash_10548,2024-01-11 11:49:00,2024,1,Jan,Thu,11,Daytime,30,NO CONTROLS,CLEAR,DAYLIGHT,TURNING,DIVIDED - W/MEDIAN (NOT RAISED),DRY,INJURY AND / OR TOW DUE TO CRASH,,,"$501 - $1,500",FAILING TO YIELD RIGHT-OF-WAY,2,NO INDICATION OF INJURY,0,0,41.8580063512,-87.6226066516,60616,"CHICAGO MIDWAY AIRPORT, IL US",31.0,24.0,76.0,0.0,10.0,14.0
crash_10549,2021-08-27 19:00:00,2021,8,Aug,Fri,19,Night or early morning,30,NO CONTROLS,UNKNOWN,UNKNOWN,PARKED MOTOR VEHICLE,ONE-WAY,UNKNOWN,NO INJURY / DRIVE AWAY,,true,"OVER $1,500",UNABLE TO DETERMINE,2,NO INDICATION OF INJURY,0,0,41.8135029334,-87.6994190682,60632,"CHICAGO MIDWAY AIRPORT, IL US",89.0,70.0,53.0,0.0,10.0,10.0
crash_10550,2021-07-07 15:00:00,2021,7,Jul,Wed,15,Evening commute,30,NO CONTROLS,CLEAR,DAYLIGHT,ANGLE,DIVIDED - W/MEDIAN (NOT RAISED),DRY,NO INJURY / DRIVE AWAY,,,"$501 - $1,500",UNABLE TO DETERMINE,2,NO INDICATION OF INJURY,0,0,41.8795873845,-87.7744925559,60644,"CHICAGO MIDWAY AIRPORT, IL US",88.0,62.0,42.0,0.0,10.0,14.0
crash_10551,2024-01-23 09:00:00,2024,1,Jan,Tue,9,Morning commute,30,NO CONTROLS,UNKNOWN,UNKNOWN,PARKED MOTOR VEHICLE,DIVIDED - W/MEDIAN BARRIER,UNKNOWN,NO INJURY / DRIVE AWAY,,false,"OVER $1,500",WEATHER,2,NO INDICATION OF INJURY,0,0,41.9248716726,-87.7070755209,60647,"CHICAGO MIDWAY AIRPORT, IL US",35.0,33.0,93.0,0.01,1.5,8.0
crash_10552,2018-02-02 20:22:00,2018,2,Feb,Fri,20,Night or early morning,30,TRAFFIC SIGNAL,CLEAR,"DARKNESS, LIGHTED ROAD",REAR END,NOT DIVIDED,DRY,INJURY AND / OR TOW DUE TO CRASH,true,,"OVER $1,500",UNABLE TO DETERMINE,3,NO INDICATION OF INJURY,0,0,41.8093751321,-87.6241969042,60653,"CHICAGO MIDWAY AIRPORT, IL US",20.0,0.0,41.0,0.0,10.0,9.0
crash_10553,2021-06-30 18:13:00,2021,6,Jun,Wed,18,Evening commute,30,NO CONTROLS,RAIN,DUSK,REAR END,DIVIDED - W/MEDIAN (NOT RAISED),WET,NO INJURY / DRIVE AWAY,,,"$501 - $1,500",FAILING TO REDUCE SPEED TO AVOID CRASH,2,NO INDICATION OF INJURY,0,0,41.8052215735,-87.6939706365,60632,"CHICAGO MIDWAY AIRPORT, IL US",79.0,67.0,67.0,,10.0,7.0
crash_10554,2020-10-04 07:15:00,2020,10,Oct,Sun,7,Morning commute,30,NO CONTROLS,RAIN,DAYLIGHT,OTHER OBJECT,DIVIDED - W/MEDIAN BARRIER,WET,NO INJURY / DRIVE AWAY,,,$500 OR LESS,UNABLE TO DETERMINE,1,NO INDICATION OF INJURY,0,0,41.6590026709,-87.6151438687,60827,"CHICAGO MIDWAY AIRPORT, IL US",44.0,39.0,83.0,0.0,10.0,11.0
crash_10555,2024-07-16 10:20:00,2024,7,Jul,Tue,10,Daytime,30,TRAFFIC SIGNAL,CLEAR,DAYLIGHT,TURNING,NOT DIVIDED,DRY,INJURY AND / OR TOW DUE TO CRASH,true,,"OVER $1,500",FAILING TO YIELD RIGHT-OF-WAY,2,NO INDICATION OF INJURY,0,0,41.7784898323,-87.7275812236,60629,"CHICAGO MIDWAY AIRPORT, IL US",77.0,69.0,77.0,0.0,10.0,10.0
crash_10556,2021-08-27 15:36:00,2021,8,Aug,Fri,15,Evening commute,30,NO CONTROLS,CLEAR,DAYLIGHT,PARKED MOTOR VEHICLE,NOT DIVIDED,DRY,INJURY AND / OR TOW DUE TO CRASH,,,"OVER $1,500",IMPROPER OVERTAKING/PASSING,5,NONINCAPACITATING INJURY,1,0,41.8807478831,-87.7331497389,60624,"CHICAGO MIDWAY AIRPORT, IL US",91.0,69.0,49.0,0.0,10.0,10.0
crash_10557,2023-06-26 18:05:00,2023,6,Jun,Mon,18,Evening commute,15,NO CONTROLS,CLOUDY/OVERCAST,DAYLIGHT,PARKED MOTOR VEHICLE,PARKING LOT,DRY,NO INJURY / DRIVE AWAY,,,"OVER $1,500",IMPROPER BACKING,2,NO INDICATION OF INJURY,0,0,41.7363727827,-87.6271852888,60620,"CHICAGO MIDWAY AIRPORT, IL US",75.0,60.0,60.0,0.0,5.0,17.0
crash_10558,2023-06-06 06:55:00,2023,6,Jun,Tue,6,Morning commute,30,NO CONTROLS,CLEAR,DAYLIGHT,PEDALCYCLIST,ALLEY,DRY,INJURY AND / OR TOW DUE TO CRASH,,,"OVER $1,500",UNABLE TO DETERMINE,2,NONINCAPACITATING INJURY,1,0,41.9281578427,-87.7160808111,60647,"CHICAGO MIDWAY AIRPORT, IL US",69.0,48.0,47.0,0.0,8.0,5.0
crash_10559,2019-12-29 12:55:00,2019,12,Dec,Sun,12,Daytime,30,NO CONTROLS,CLEAR,DAYLIGHT,PARKED MOTOR VEHICLE,ONE-WAY,WET,NO INJURY / DRIVE AWAY,,,"OVER $1,500",UNABLE TO DETERMINE,2,,,,41.7652338469,-87.5888845675,60619,"CHICAGO MIDWAY AIRPORT, IL US",57.0,51.0,81.0,0.0,10.0,10.0
crash_10560,2022-09-08 15:38:00,2022,9,Sep,Thu,15,Evening commute,30,STOP SIGN/FLASHER,CLEAR,DAYLIGHT,TURNING,NOT DIVIDED,DRY,NO INJURY / DRIVE AWAY,,,"OVER $1,500",DISREGARDING STOP SIGN,2,NO INDICATION OF INJURY,0,0,41.8119452242,-87.6895723005,60632,"CHICAGO MIDWAY AIRPORT, IL US",85.0,54.0,35.0,0.0,10.0,7.0
crash_10561,2018-03-09 15:40:00,2018,3,Mar,Fri,15,Evening commute,40,TRAFFIC SIGNAL,CLEAR,DAYLIGHT,REAR END,DIVIDED - W/MEDIAN BARRIER,DRY,INJURY AND / OR TOW DUE TO CRASH,,,"$501 - $1,500",FOLLOWING TOO CLOSELY,3,"REPORTED, NOT EVIDENT",1,0,41.8602572412,-87.6177106332,60616,"CHICAGO MIDWAY AIRPORT, IL US",38.0,17.0,43.0,0.0,10.0,10.0
crash_10562,2021-12-27 20:00:00,2021,12,Dec,Mon,20,Night or early morning,25,TRAFFIC SIGNAL,CLEAR,"DARKNESS, LIGHTED ROAD",PARKED MOTOR VEHICLE,NOT DIVIDED,DRY,NO INJURY / DRIVE AWAY,,,"OVER $1,500",NOT APPLICABLE,2,NO INDICATION OF INJURY,0,0,41.9907383505,-87.6796821933,60660,"CHICAGO OHARE INTERNATIONAL AIRPORT, IL US",35.0,28.0,76.0,0.0,10.0,9.0
crash_10563,2020-04-27 08:20:00,2020,4,Apr,Mon,8,Morning commute,30,NO CONTROLS,RAIN,DAYLIGHT,PARKED MOTOR VEHICLE,NOT DIVIDED,DRY,NO INJURY / DRIVE AWAY,,true,"OVER $1,500",UNABLE TO DETERMINE,2,NO INDICATION OF INJURY,0,0,41.8596408547,-87.6241201784,60616,"CHICAGO MIDWAY AIRPORT, IL US",50.0,27.0,41.0,0.0,10.0,7.0
crash_10564,2019-11-20 13:00:00,2019,11,Nov,Wed,13,Daytime,30,TRAFFIC SIGNAL,CLEAR,DAYLIGHT,REAR END,NOT DIVIDED,DRY,NO INJURY / DRIVE AWAY,,true,"OVER $1,500",FOLLOWING TOO CLOSELY,2,NO INDICATION OF INJURY,0,0,41.7914202821,-87.5801477687,60637,"CHICAGO MIDWAY AIRPORT, IL US",45.0,39.0,80.0,0.0,5.0,9.0
crash_10565,2020-03-26 17:15:00,2020,3,Mar,Thu,17,Evening commute,30,TRAFFIC SIGNAL,CLEAR,DAYLIGHT,REAR END,NOT DIVIDED,DRY,NO INJURY / DRIVE AWAY,,,"OVER $1,500",FOLLOWING TOO CLOSELY,2,NO INDICATION OF INJURY,0,0,41.7723007591,-87.6640858699,60636,"CHICAGO MIDWAY AIRPORT, IL US",41.0,40.0,96.0,0.0,9.0,9.0