crash_id,crash_datetime,crash_year,crash_month,crash_month_name,crash_weekday_name,crash_hour,time_period,posted_speed_limit_mph,traffic_control_device,reported_weather_condition,reported_lighting_condition,first_crash_type,trafficway_type,reported_road_surface_condition,crash_type,intersection_related,hit_and_run,estimated_damage,primary_contributory_cause,unit_count,most_severe_injury,injuries_total,injuries_fatal,latitude,longitude,zip5,weather_station_name,temperature_f,dew_point_f,relative_humidity_percent,precipitation_inches,visibility_miles,wind_speed_mph
crash_10566,2018-08-16 15:15:00,2018,8,Aug,Thu,15,Evening commute,30,NO CONTROLS,CLEAR,DAYLIGHT,PARKED MOTOR VEHICLE,NOT DIVIDED,DRY,NO INJURY / DRIVE AWAY,,,"$501 - $1,500",DRIVING SKILLS/KNOWLEDGE/EXPERIENCE,2,NO INDICATION OF INJURY,0,0,41.9609417359,-87.7522751997,60630,"CHICAGO OHARE INTERNATIONAL AIRPORT, IL US",83.0,67.0,59.0,0.0,10.0,0.0
crash_10567,2021-09-15 13:40:00,2021,9,Sep,Wed,13,Daytime,30,NO CONTROLS,CLEAR,DAYLIGHT,REAR END,NOT DIVIDED,DRY,INJURY AND / OR TOW DUE TO CRASH,,,"OVER $1,500",UNABLE TO DETERMINE,2,NO INDICATION OF INJURY,0,0,41.8624542187,-87.7214697378,60623,"CHICAGO MIDWAY AIRPORT, IL US",75.0,44.0,33.0,0.0,10.0,8.0
crash_10568,2020-11-10 09:35:00,2020,11,Nov,Tue,9,Morning commute,25,STOP SIGN/FLASHER,CLEAR,DAYLIGHT,ANGLE,NOT DIVIDED,DRY,NO INJURY / DRIVE AWAY,,true,"OVER $1,500",DISREGARDING STOP SIGN,4,NO INDICATION OF INJURY,0,0,41.7755416737,-87.6931542066,60629,"CHICAGO MIDWAY AIRPORT, IL US",69.0,59.0,70.0,0.0,10.0,17.0
crash_10569,2021-06-15 17:37:00,2021,6,Jun,Tue,17,Evening commute,30,STOP SIGN/FLASHER,CLEAR,DAYLIGHT,ANGLE,FOUR WAY,DRY,NO INJURY / DRIVE AWAY,true,,"OVER $1,500",NOT APPLICABLE,2,NO INDICATION OF INJURY,0,0,41.7689299843,-87.6456677747,60621,"CHICAGO MIDWAY AIRPORT, IL US",74.0,47.0,38.0,0.0,10.0,15.0
crash_10570,2024-10-29 08:05:00,2024,10,Oct,Tue,8,Morning commute,15,NO CONTROLS,CLEAR,DAYLIGHT,PARKED MOTOR VEHICLE,ONE-WAY,DRY,NO INJURY / DRIVE AWAY,,,"$501 - $1,500",IMPROPER LANE USAGE,2,NO INDICATION OF INJURY,0,0,41.941852157,-87.6541047378,60657,"CHICAGO MIDWAY AIRPORT, IL US",69.0,55.0,61.0,0.0,10.0,14.0
crash_10571,2020-07-22 17:50:00,2020,7,Jul,Wed,17,Evening commute,25,NO CONTROLS,CLEAR,DAYLIGHT,REAR END,NOT DIVIDED,DRY,NO INJURY / DRIVE AWAY,,,"OVER $1,500",FAILING TO YIELD RIGHT-OF-WAY,3,NO INDICATION OF INJURY,0,0,41.9112056729,-87.6398697185,60614,"CHICAGO MIDWAY AIRPORT, IL US",85.0,62.0,46.0,0.0,10.0,14.0
crash_10572,2025-02-06 04:11:00,2025,2,Feb,Thu,4,Night or early morning,35,UNKNOWN,UNKNOWN,UNKNOWN,PARKED MOTOR VEHICLE,UNKNOWN,UNKNOWN,NO INJURY / DRIVE AWAY,,true,"OVER $1,500",UNABLE TO DETERMINE,2,NO INDICATION OF INJURY,0,0,41.7350934749,-87.7361576818,60652,"CHICAGO MIDWAY AIRPORT, IL US",31.0,28.0,89.0,0.0,3.0,6.0
crash_10573,2025-07-19 09:30:00,2025,7,Jul,Sat,9,Morning commute,25,NO CONTROLS,CLEAR,DAYLIGHT,PARKED MOTOR VEHICLE,ONE-WAY,DRY,NO INJURY / DRIVE AWAY,,true,"OVER $1,500",UNABLE TO DETERMINE,2,NO INDICATION OF INJURY,0,0,41.865448375,-87.7042708457,60623,"CHICAGO MIDWAY AIRPORT, IL US",79.0,70.0,74.0,0.0,10.0,9.0
crash_10574,2022-05-27 15:48:00,2022,5,May,Fri,15,Evening commute,15,NO CONTROLS,CLEAR,DAYLIGHT,PEDALCYCLIST,ALLEY,DRY,INJURY AND / OR TOW DUE TO CRASH,true,,"OVER $1,500",UNABLE TO DETERMINE,2,NONINCAPACITATING INJURY,1,0,41.7926871682,-87.7868512627,60638,"CHICAGO MIDWAY AIRPORT, IL US",60.0,49.0,67.0,0.0,10.0,16.0
crash_10575,2024-03-30 10:10:00,2024,3,Mar,Sat,10,Daytime,30,NO CONTROLS,CLEAR,DARKNESS,PARKED MOTOR VEHICLE,NOT DIVIDED,DRY,NO INJURY / DRIVE AWAY,,true,"OVER $1,500",UNABLE TO DETERMINE,2,NO INDICATION OF INJURY,0,0,41.8188316845,-87.6870472315,60632,"CHICAGO MIDWAY AIRPORT, IL US",56.0,49.0,77.0,0.0,10.0,5.0
crash_10576,2021-04-08 14:10:00,2021,4,Apr,Thu,14,Daytime,30,STOP SIGN/FLASHER,RAIN,DAYLIGHT,SIDESWIPE OPPOSITE DIRECTION,NOT DIVIDED,WET,NO INJURY / DRIVE AWAY,,true,"$501 - $1,500",IMPROPER OVERTAKING/PASSING,2,NO INDICATION OF INJURY,0,0,41.8664973081,-87.7073377871,60624,"CHICAGO MIDWAY AIRPORT, IL US",59.0,52.0,78.0,,10.0,0.0
crash_10577,2025-01-11 15:00:00,2025,1,Jan,Sat,15,Evening commute,30,NO CONTROLS,CLOUDY/OVERCAST,DAYLIGHT,PARKED MOTOR VEHICLE,DIVIDED - W/MEDIAN (NOT RAISED),DRY,NO INJURY / DRIVE AWAY,,,"OVER $1,500",UNABLE TO DETERMINE,2,NO INDICATION OF INJURY,0,0,41.7440578976,-87.6063078601,60619,"CHICAGO MIDWAY AIRPORT, IL US",32.0,22.0,66.0,0.0,10.0,9.0
crash_10578,2024-06-22 23:29:00,2024,6,Jun,Sat,23,Night or early morning,30,NO CONTROLS,RAIN,"DARKNESS, LIGHTED ROAD",PARKED MOTOR VEHICLE,DIVIDED - W/MEDIAN (NOT RAISED),WET,INJURY AND / OR TOW DUE TO CRASH,,,"OVER $1,500",WEATHER,2,NONINCAPACITATING INJURY,1,0,41.8379410079,-87.7147628092,60623,"CHICAGO MIDWAY AIRPORT, IL US",81.0,69.0,67.0,0.18,1.75,10.0
crash_10579,2024-01-01 09:40:00,2024,1,Jan,Mon,9,Morning commute,25,NO CONTROLS,CLEAR,DAYLIGHT,PARKED MOTOR VEHICLE,NOT DIVIDED,WET,INJURY AND / OR TOW DUE TO CRASH,,,"OVER $1,500",NOT APPLICABLE,4,NONINCAPACITATING INJURY,1,0,41.8922942296,-87.6685543053,60622,"CHICAGO MIDWAY AIRPORT, IL US",33.0,23.0,66.0,0.0,10.0,9.0
crash_10580,2018-01-13 03:50:00,2018,1,Jan,Sat,3,Night or early morning,5,NO CONTROLS,CLEAR,DARKNESS,FIXED OBJECT,OTHER,DRY,NO INJURY / DRIVE AWAY,,,"$501 - $1,500",UNDER THE INFLUENCE OF ALCOHOL/DRUGS (USE WHEN ARREST IS EFFECTED),1,NO INDICATION OF INJURY,0,0,41.8948336616,-87.7553010647,60644,"CHICAGO MIDWAY AIRPORT, IL US",11.0,1.0,64.0,0.0,10.0,17.0
crash_10581,2024-12-08 13:00:00,2024,12,Dec,Sun,13,Daytime,30,STOP SIGN/FLASHER,CLEAR,DAYLIGHT,PEDESTRIAN,NOT DIVIDED,DRY,INJURY AND / OR TOW DUE TO CRASH,true,true,$500 OR LESS,DISREGARDING STOP SIGN,2,NONINCAPACITATING INJURY,1,0,41.8722920826,-87.6569650131,60607,"CHICAGO MIDWAY AIRPORT, IL US",54.0,36.0,51.0,,10.0,9.0
crash_10582,2025-12-25 06:15:00,2025,12,Dec,Thu,6,Morning commute,30,TRAFFIC SIGNAL,CLEAR,"DARKNESS, LIGHTED ROAD",FIXED OBJECT,FOUR WAY,DRY,INJURY AND / OR TOW DUE TO CRASH,,,"OVER $1,500",UNABLE TO DETERMINE,1,,,,41.8230967602,-87.6850189506,60632,,,,,,,
crash_10583,2019-04-10 02:24:00,2019,4,Apr,Wed,2,Night or early morning,35,STOP SIGN/FLASHER,CLEAR,"DARKNESS, LIGHTED ROAD",HEAD ON,NOT DIVIDED,DRY,INJURY AND / OR TOW DUE TO CRASH,true,true,"OVER $1,500",UNABLE TO DETERMINE,2,NONINCAPACITATING INJURY,2,0,41.7584263999,-87.6201806148,60619,"CHICAGO MIDWAY AIRPORT, IL US",38.0,31.0,76.0,0.0,10.0,13.0
crash_10584,2021-12-08 18:10:00,2021,12,Dec,Wed,18,Evening commute,35,NO CONTROLS,CLEAR,"DARKNESS, LIGHTED ROAD",TURNING,NOT DIVIDED,DRY,NO INJURY / DRIVE AWAY,,,"$501 - $1,500",FAILING TO YIELD RIGHT-OF-WAY,2,NO INDICATION OF INJURY,0,0,41.7855700202,-87.8011072629,60638,"CHICAGO MIDWAY AIRPORT, IL US",31.0,17.0,56.0,0.0,10.0,6.0
crash_10585,2018-11-30 13:00:00,2018,11,Nov,Fri,13,Daytime,30,NO CONTROLS,CLEAR,DAYLIGHT,SIDESWIPE SAME DIRECTION,NOT DIVIDED,DRY,NO INJURY / DRIVE AWAY,false,true,"OVER $1,500",UNABLE TO DETERMINE,2,NO INDICATION OF INJURY,0,0,41.8549816119,-87.645698259,60616,"CHICAGO MIDWAY AIRPORT, IL US",41.0,31.0,67.0,0.0,5.0,0.0
crash_10586,2025-05-06 14:30:00,2025,5,May,Tue,14,Daytime,30,NO CONTROLS,CLEAR,DAYLIGHT,TURNING,PARKING LOT,DRY,NO INJURY / DRIVE AWAY,,,"$501 - $1,500",FOLLOWING TOO CLOSELY,2,NO INDICATION OF INJURY,0,0,41.9463846516,-87.6465248633,60657,"CHICAGO MIDWAY AIRPORT, IL US",75.0,47.0,37.0,0.0,10.0,17.0
crash_10587,2023-01-17 07:45:00,2023,1,Jan,Tue,7,Morning commute,25,NO CONTROLS,UNKNOWN,UNKNOWN,PARKED MOTOR VEHICLE,ONE-WAY,UNKNOWN,NO INJURY / DRIVE AWAY,,true,"OVER $1,500",UNABLE TO DETERMINE,2,NO INDICATION OF INJURY,0,0,41.8553326515,-87.649726281,60608,"CHICAGO MIDWAY AIRPORT, IL US",39.0,35.0,86.0,0.0,8.0,21.0
crash_10588,2024-04-22 16:35:00,2024,4,Apr,Mon,16,Evening commute,30,NO CONTROLS,CLEAR,DAYLIGHT,PARKED MOTOR VEHICLE,NOT DIVIDED,DRY,NO INJURY / DRIVE AWAY,,true,"$501 - $1,500",UNABLE TO DETERMINE,3,NO INDICATION OF INJURY,0,0,41.8800447015,-87.7699023092,60644,"CHICAGO MIDWAY AIRPORT, IL US",67.0,24.0,20.0,0.0,10.0,22.0
crash_10589,2018-07-15 12:59:00,2018,7,Jul,Sun,12,Daytime,35,NO CONTROLS,CLEAR,DAYLIGHT,SIDESWIPE SAME DIRECTION,DIVIDED - W/MEDIAN (NOT RAISED),DRY,NO INJURY / DRIVE AWAY,,true,$500 OR LESS,IMPROPER LANE USAGE,2,NO INDICATION OF INJURY,0,0,41.7873511405,-87.6208027124,60637,"CHICAGO MIDWAY AIRPORT, IL US",89.0,70.0,53.0,0.0,10.0,8.0
crash_10590,2020-08-24 13:20:00,2020,8,Aug,Mon,13,Daytime,30,TRAFFIC SIGNAL,CLEAR,DAYLIGHT,REAR END,DIVIDED - W/MEDIAN (NOT RAISED),DRY,NO INJURY / DRIVE AWAY,,true,"OVER $1,500",UNABLE TO DETERMINE,2,NO INDICATION OF INJURY,0,0,41.9092563677,-87.7666850749,60651,"CHICAGO MIDWAY AIRPORT, IL US",93.0,66.0,41.0,0.0,10.0,13.0
crash_10591,2022-12-16 17:04:00,2022,12,Dec,Fri,17,Evening commute,30,UNKNOWN,UNKNOWN,UNKNOWN,SIDESWIPE SAME DIRECTION,NOT DIVIDED,UNKNOWN,NO INJURY / DRIVE AWAY,,true,"OVER $1,500",UNABLE TO DETERMINE,2,NO INDICATION OF INJURY,0,0,41.7517104327,-87.576468629,60649,"CHICAGO MIDWAY AIRPORT, IL US",28.0,20.0,72.0,0.0,9.0,14.0
crash_10592,2023-03-24 16:50:00,2023,3,Mar,Fri,16,Evening commute,30,TRAFFIC SIGNAL,CLEAR,DAYLIGHT,SIDESWIPE SAME DIRECTION,DIVIDED - W/MEDIAN (NOT RAISED),DRY,NO INJURY / DRIVE AWAY,,,"OVER $1,500",IMPROPER OVERTAKING/PASSING,2,NO INDICATION OF INJURY,0,0,41.7215344279,-87.6433619172,60620,"CHICAGO MIDWAY AIRPORT, IL US",44.0,30.0,58.0,0.0,10.0,18.0
crash_10593,2023-11-23 03:35:00,2023,11,Nov,Thu,3,Night or early morning,30,OTHER,CLEAR,"DARKNESS, LIGHTED ROAD",PARKED MOTOR VEHICLE,NOT DIVIDED,DRY,INJURY AND / OR TOW DUE TO CRASH,,true,"OVER $1,500",UNABLE TO DETERMINE,2,NO INDICATION OF INJURY,0,0,41.8543044635,-87.7051795108,60623,"CHICAGO MIDWAY AIRPORT, IL US",35.0,29.0,78.0,0.0,10.0,8.0
crash_10594,2025-04-07 15:40:00,2025,4,Apr,Mon,15,Evening commute,30,TRAFFIC SIGNAL,CLEAR,DAYLIGHT,SIDESWIPE SAME DIRECTION,DIVIDED - W/MEDIAN (NOT RAISED),DRY,INJURY AND / OR TOW DUE TO CRASH,,true,"OVER $1,500",IMPROPER OVERTAKING/PASSING,2,NONINCAPACITATING INJURY,1,0,41.7979468956,-87.6243214364,60615,"CHICAGO MIDWAY AIRPORT, IL US",41.0,21.0,45.0,0.0,10.0,15.0
crash_10595,2025-07-30 14:06:00,2025,7,Jul,Wed,14,Daytime,30,STOP SIGN/FLASHER,RAIN,DAYLIGHT,ANGLE,FOUR WAY,WET,INJURY AND / OR TOW DUE TO CRASH,true,,"OVER $1,500",DISREGARDING STOP SIGN,3,"REPORTED, NOT EVIDENT",1,0,41.9031005765,-87.6897225864,60622,"CHICAGO MIDWAY AIRPORT, IL US",77.0,72.0,85.0,0.0,7.0,11.0
crash_10596,2022-07-15 14:19:00,2022,7,Jul,Fri,14,Daytime,25,STOP SIGN/FLASHER,CLOUDY/OVERCAST,DAYLIGHT,SIDESWIPE OPPOSITE DIRECTION,DIVIDED - W/MEDIAN (NOT RAISED),WET,INJURY AND / OR TOW DUE TO CRASH,,true,"OVER $1,500","OPERATING VEHICLE IN ERRATIC, RECKLESS, CARELESS, NEGLIGENT OR AGGRESSIVE MANNER",3,NONINCAPACITATING INJURY,1,0,41.7756391258,-87.6594036364,60636,"CHICAGO MIDWAY AIRPORT, IL US",72.0,67.0,84.0,0.01,8.0,9.0
crash_10597,2025-04-29 20:07:00,2025,4,Apr,Tue,20,Night or early morning,30,NO CONTROLS,CLEAR,"DARKNESS, LIGHTED ROAD",PARKED MOTOR VEHICLE,ONE-WAY,DRY,INJURY AND / OR TOW DUE TO CRASH,,true,"OVER $1,500",UNABLE TO DETERMINE,3,NO INDICATION OF INJURY,0,0,41.7216325268,-87.6770909222,60620,"CHICAGO MIDWAY AIRPORT, IL US",58.0,42.0,56.0,0.0,10.0,10.0
crash_10598,2019-10-13 15:00:00,2019,10,Oct,Sun,15,Evening commute,30,TRAFFIC SIGNAL,CLEAR,DAYLIGHT,REAR END,NOT DIVIDED,DRY,NO INJURY / DRIVE AWAY,true,,"OVER $1,500",FOLLOWING TOO CLOSELY,2,NO INDICATION OF INJURY,0,0,41.8790215753,-87.6275533377,60604,"CHICAGO MIDWAY AIRPORT, IL US",55.0,33.0,44.0,0.0,10.0,20.0
crash_10599,2018-07-14 22:30:00,2018,7,Jul,Sat,22,Night or early morning,20,NO CONTROLS,CLEAR,"DARKNESS, LIGHTED ROAD",PARKED MOTOR VEHICLE,NOT DIVIDED,DRY,INJURY AND / OR TOW DUE TO CRASH,,,"OVER $1,500",FOLLOWING TOO CLOSELY,2,"REPORTED, NOT EVIDENT",2,0,41.7553528119,-87.7082044081,60652,"CHICAGO MIDWAY AIRPORT, IL US",76.0,70.0,82.0,0.0,9.0,6.0
crash_10600,2024-08-30 11:41:00,2024,8,Aug,Fri,11,Daytime,30,NO CONTROLS,CLEAR,DAYLIGHT,REAR END,NOT DIVIDED,DRY,NO INJURY / DRIVE AWAY,,,"OVER $1,500",FOLLOWING TOO CLOSELY,2,NO INDICATION OF INJURY,0,0,41.9225572636,-87.8060627948,60707,"CHICAGO OHARE INTERNATIONAL AIRPORT, IL US",83.0,72.0,70.0,0.0,10.0,8.0
crash_10601,2025-01-09 12:00:00,2025,1,Jan,Thu,12,Daytime,10,NO CONTROLS,UNKNOWN,UNKNOWN,PARKED MOTOR VEHICLE,UNKNOWN,UNKNOWN,NO INJURY / DRIVE AWAY,,true,"OVER $1,500",UNABLE TO DETERMINE,2,NO INDICATION OF INJURY,0,0,41.9177968911,-87.7288733452,60639,"CHICAGO MIDWAY AIRPORT, IL US",27.0,5.0,39.0,0.0,10.0,11.0
crash_10602,2024-09-11 01:00:00,2024,9,Sep,Wed,1,Night or early morning,30,NO CONTROLS,CLEAR,"DARKNESS, LIGHTED ROAD",PEDESTRIAN,DIVIDED - W/MEDIAN (NOT RAISED),DRY,INJURY AND / OR TOW DUE TO CRASH,,true,"$501 - $1,500",UNABLE TO DETERMINE,2,NONINCAPACITATING INJURY,1,0,41.7442309734,-87.7023856851,60652,"CHICAGO MIDWAY AIRPORT, IL US",67.0,49.0,53.0,0.0,10.0,5.0
crash_10603,2022-10-15 19:27:00,2022,10,Oct,Sat,19,Night or early morning,35,TRAFFIC SIGNAL,CLEAR,"DARKNESS, LIGHTED ROAD",REAR END,NOT DIVIDED,DRY,NO INJURY / DRIVE AWAY,,true,"OVER $1,500",FOLLOWING TOO CLOSELY,2,NO INDICATION OF INJURY,0,0,41.7791287077,-87.683489884,60636,"CHICAGO MIDWAY AIRPORT, IL US",52.0,34.0,50.0,0.0,10.0,10.0
crash_10604,2024-12-02 13:00:00,2024,12,Dec,Mon,13,Daytime,30,NO CONTROLS,CLEAR,DAYLIGHT,PARKED MOTOR VEHICLE,DIVIDED - W/MEDIAN BARRIER,DRY,NO INJURY / DRIVE AWAY,,true,"OVER $1,500",UNABLE TO DETERMINE,2,NO INDICATION OF INJURY,0,0,41.7311260274,-87.5856707644,60619,"CHICAGO MIDWAY AIRPORT, IL US",27.0,15.0,61.0,,10.0,10.0
crash_10605,2024-05-18 15:00:00,2024,5,May,Sat,15,Evening commute,30,NO CONTROLS,CLEAR,DAYLIGHT,PARKED MOTOR VEHICLE,NOT DIVIDED,DRY,NO INJURY / DRIVE AWAY,,true,"OVER $1,500",IMPROPER LANE USAGE,2,NO INDICATION OF INJURY,0,0,41.9250099348,-87.6877047522,60647,"CHICAGO MIDWAY AIRPORT, IL US",85.0,57.0,39.0,0.0,10.0,10.0
crash_10606,2025-08-12 15:50:00,2025,8,Aug,Tue,15,Evening commute,30,TRAFFIC SIGNAL,RAIN,DAYLIGHT,REAR END,FOUR WAY,WET,NO INJURY / DRIVE AWAY,,,$500 OR LESS,WEATHER,2,NO INDICATION OF INJURY,0,0,41.8809110835,-87.7198764739,60624,"CHICAGO MIDWAY AIRPORT, IL US",75.0,66.0,74.0,0.0,10.0,13.0
crash_10607,2018-02-07 10:45:00,2018,2,Feb,Wed,10,Daytime,25,STOP SIGN/FLASHER,CLEAR,DAYLIGHT,TURNING,NOT DIVIDED,WET,NO INJURY / DRIVE AWAY,,,"OVER $1,500",UNABLE TO DETERMINE,2,NO INDICATION OF INJURY,0,0,41.8863985897,-87.7401623594,60624,"CHICAGO MIDWAY AIRPORT, IL US",19.0,12.0,74.0,0.0,10.0,11.0
crash_10608,2023-08-13 10:00:00,2023,8,Aug,Sun,10,Daytime,30,UNKNOWN,CLEAR,DAYLIGHT,PARKED MOTOR VEHICLE,DIVIDED - W/MEDIAN (NOT RAISED),DRY,NO INJURY / DRIVE AWAY,,true,"$501 - $1,500",UNABLE TO DETERMINE,2,NO INDICATION OF INJURY,0,0,41.6999857433,-87.6137178223,60628,"CHICAGO MIDWAY AIRPORT, IL US",80.0,63.0,56.0,0.0,10.0,3.0
crash_10609,2019-11-27 09:56:00,2019,11,Nov,Wed,9,Morning commute,30,NO CONTROLS,CLEAR,DAYLIGHT,SIDESWIPE SAME DIRECTION,NOT DIVIDED,DRY,NO INJURY / DRIVE AWAY,,,"OVER $1,500",FOLLOWING TOO CLOSELY,2,NO INDICATION OF INJURY,0,0,42.0101243749,-87.674369899,60626,"CHICAGO OHARE INTERNATIONAL AIRPORT, IL US",39.0,32.0,76.0,0.0,10.0,36.0
crash_10610,2019-07-04 02:55:00,2019,7,Jul,Thu,2,Night or early morning,25,STOP SIGN/FLASHER,CLEAR,"DARKNESS, LIGHTED ROAD",OTHER OBJECT,ONE-WAY,DRY,INJURY AND / OR TOW DUE TO CRASH,,false,"OVER $1,500",UNABLE TO DETERMINE,1,NO INDICATION OF INJURY,0,0,41.9702012482,-87.7257175226,60625,"CHICAGO OHARE INTERNATIONAL AIRPORT, IL US",71.0,66.0,84.0,0.0,10.0,5.0
crash_10611,2021-10-02 16:45:00,2021,10,Oct,Sat,16,Evening commute,30,TRAFFIC SIGNAL,RAIN,"DARKNESS, LIGHTED ROAD",SIDESWIPE SAME DIRECTION,ONE-WAY,WET,NO INJURY / DRIVE AWAY,true,,"OVER $1,500",FAILING TO YIELD RIGHT-OF-WAY,2,NO INDICATION OF INJURY,0,0,41.8091935132,-87.6229793064,60615,"CHICAGO MIDWAY AIRPORT, IL US",71.0,64.0,79.0,0.02,10.0,11.0
crash_10612,2024-07-31 08:00:00,2024,7,Jul,Wed,8,Morning commute,30,STOP SIGN/FLASHER,CLEAR,DAYLIGHT,TURNING,T-INTERSECTION,DRY,NO INJURY / DRIVE AWAY,true,,"OVER $1,500",IMPROPER OVERTAKING/PASSING,2,NO INDICATION OF INJURY,0,0,41.9782386181,-87.8071454095,60656,"CHICAGO OHARE INTERNATIONAL AIRPORT, IL US",75.0,69.0,82.0,0.0,10.0,5.0
crash_10613,2019-12-11 18:04:00,2019,12,Dec,Wed,18,Evening commute,30,STOP SIGN/FLASHER,CLEAR,DARKNESS,ANGLE,DIVIDED - W/MEDIAN (NOT RAISED),DRY,NO INJURY / DRIVE AWAY,true,,"$501 - $1,500",UNABLE TO DETERMINE,2,NO INDICATION OF INJURY,0,0,41.7606259403,-87.5763265904,60649,"CHICAGO MIDWAY AIRPORT, IL US",22.0,9.0,57.0,0.0,10.0,5.0
crash_10614,2018-03-14 17:45:00,2018,3,Mar,Wed,17,Evening commute,30,NO CONTROLS,CLEAR,DAYLIGHT,REAR END,DIVIDED - W/MEDIAN (NOT RAISED),DRY,NO INJURY / DRIVE AWAY,,,"$501 - $1,500",FOLLOWING TOO CLOSELY,2,NO INDICATION OF INJURY,0,0,41.9469442784,-87.6807548977,60618,"CHICAGO MIDWAY AIRPORT, IL US",47.0,20.0,34.0,0.0,10.0,16.0
crash_10615,2018-04-28 12:00:00,2018,4,Apr,Sat,12,Daytime,30,NO CONTROLS,CLEAR,DAYLIGHT,ANGLE,DIVIDED - W/MEDIAN (NOT RAISED),DRY,INJURY AND / OR TOW DUE TO CRASH,true,,"OVER $1,500",FAILING TO YIELD RIGHT-OF-WAY,2,NO INDICATION OF INJURY,0,0,41.9083877245,-87.701546007,60622,"CHICAGO MIDWAY AIRPORT, IL US",50.0,30.0,46.0,0.0,10.0,18.0
crash_10616,2019-03-19 19:00:00,2019,3,Mar,Tue,19,Night or early morning,30,TRAFFIC SIGNAL,CLEAR,"DARKNESS, LIGHTED ROAD",SIDESWIPE SAME DIRECTION,NOT DIVIDED,DRY,NO INJURY / DRIVE AWAY,true,,"$501 - $1,500",UNABLE TO DETERMINE,2,NO INDICATION OF INJURY,0,0,41.9037654482,-87.6330724711,60610,"CHICAGO MIDWAY AIRPORT, IL US",47.0,25.0,42.0,0.0,10.0,10.0
crash_10617,2022-11-24 13:29:00,2022,11,Nov,Thu,13,Daytime,30,NO CONTROLS,CLEAR,DAYLIGHT,PARKED MOTOR VEHICLE,ONE-WAY,DRY,NO INJURY / DRIVE AWAY,,true,"OVER $1,500",UNABLE TO DETERMINE,2,NO INDICATION OF INJURY,0,0,41.892475328,-87.7102737879,60624,"CHICAGO MIDWAY AIRPORT, IL US",53.0,36.0,52.0,0.0,10.0,10.0
crash_10618,2024-03-23 22:15:00,2024,3,Mar,Sat,22,Night or early morning,10,NO CONTROLS,CLEAR,"DARKNESS, LIGHTED ROAD",TURNING,PARKING LOT,DRY,NO INJURY / DRIVE AWAY,,,"OVER $1,500",FAILING TO YIELD RIGHT-OF-WAY,2,NO INDICATION OF INJURY,0,0,41.8420454913,-87.6155286208,60616,"CHICAGO MIDWAY AIRPORT, IL US",34.0,15.0,46.0,0.0,10.0,10.0
crash_10619,2025-12-31 23:00:00,2025,12,Dec,Wed,23,Night or early morning,30,TRAFFIC SIGNAL,CLEAR,DUSK,REAR TO SIDE,NOT DIVIDED,DRY,NO INJURY / DRIVE AWAY,true,,"OVER $1,500",IMPROPER LANE USAGE,2,NO INDICATION OF INJURY,0,0,41.7751408577,-87.5864419717,60637,,,,,,,
crash_10620,2025-10-01 18:13:00,2025,10,Oct,Wed,18,Evening commute,30,TRAFFIC SIGNAL,CLEAR,DAYLIGHT,PEDALCYCLIST,ONE-WAY,DRY,INJURY AND / OR TOW DUE TO CRASH,true,,$500 OR LESS,UNABLE TO DETERMINE,2,"REPORTED, NOT EVIDENT",2,0,41.8908390871,-87.6219912936,60611,,,,,,,
crash_10621,2024-12-26 22:30:00,2024,12,Dec,Thu,22,Night or early morning,30,NO CONTROLS,CLEAR,"DARKNESS, LIGHTED ROAD",PARKED MOTOR VEHICLE,NOT DIVIDED,DRY,NO INJURY / DRIVE AWAY,,true,"OVER $1,500",UNABLE TO DETERMINE,2,NO INDICATION OF INJURY,0,0,41.7623171716,-87.7129087494,60629,"CHICAGO MIDWAY AIRPORT, IL US",49.0,43.0,80.0,0.0,10.0,7.0
crash_10622,2022-06-09 08:00:00,2022,6,Jun,Thu,8,Morning commute,35,TRAFFIC SIGNAL,CLEAR,DAWN,TURNING,FOUR WAY,DRY,NO INJURY / DRIVE AWAY,,true,"$501 - $1,500",UNABLE TO DETERMINE,2,NO INDICATION OF INJURY,0,0,41.994203449,-87.6897059799,60659,"CHICAGO OHARE INTERNATIONAL AIRPORT, IL US",58.0,53.0,84.0,0.0,10.0,8.0
crash_10623,2024-10-13 18:10:00,2024,10,Oct,Sun,18,Evening commute,30,NO CONTROLS,CLEAR,DAYLIGHT,SIDESWIPE SAME DIRECTION,DIVIDED - W/MEDIAN (NOT RAISED),DRY,NO INJURY / DRIVE AWAY,,,"$501 - $1,500",UNABLE TO DETERMINE,2,NO INDICATION OF INJURY,0,0,41.9457575018,-87.7871892756,60634,"CHICAGO OHARE INTERNATIONAL AIRPORT, IL US",57.0,35.0,44.0,0.0,10.0,16.0
crash_10624,2019-03-04 16:00:00,2019,3,Mar,Mon,16,Evening commute,30,NO CONTROLS,CLEAR,DAYLIGHT,TURNING,DIVIDED - W/MEDIAN (NOT RAISED),DRY,NO INJURY / DRIVE AWAY,true,,"OVER $1,500",FAILING TO YIELD RIGHT-OF-WAY,2,NO INDICATION OF INJURY,0,0,41.7226873459,-87.681972468,60620,"CHICAGO MIDWAY AIRPORT, IL US",13.0,-3.0,49.0,0.0,10.0,18.0
crash_10625,2025-01-22 17:39:00,2025,1,Jan,Wed,17,Evening commute,30,NO CONTROLS,UNKNOWN,"DARKNESS, LIGHTED ROAD",REAR END,DIVIDED - W/MEDIAN (NOT RAISED),UNKNOWN,NO INJURY / DRIVE AWAY,,,"OVER $1,500",UNABLE TO DETERMINE,2,NO INDICATION OF INJURY,0,0,41.8891462543,-87.6138431274,60611,"CHICAGO MIDWAY AIRPORT, IL US",26.0,9.0,48.0,0.0,10.0,18.0