crash_id,crash_datetime,crash_year,crash_month,crash_month_name,crash_weekday_name,crash_hour,time_period,posted_speed_limit_mph,traffic_control_device,reported_weather_condition,reported_lighting_condition,first_crash_type,trafficway_type,reported_road_surface_condition,crash_type,intersection_related,hit_and_run,estimated_damage,primary_contributory_cause,unit_count,most_severe_injury,injuries_total,injuries_fatal,latitude,longitude,zip5,weather_station_name,temperature_f,dew_point_f,relative_humidity_percent,precipitation_inches,visibility_miles,wind_speed_mph
crash_10626,2021-04-19 08:00:00,2021,4,Apr,Mon,8,Morning commute,30,NO CONTROLS,CLEAR,DAYLIGHT,REAR END,NOT DIVIDED,DRY,NO INJURY / DRIVE AWAY,,,"OVER $1,500",UNABLE TO DETERMINE,2,NO INDICATION OF INJURY,0,0,41.8158928904,-87.7041358413,60632,"CHICAGO MIDWAY AIRPORT, IL US",51.0,33.0,50.0,0.0,10.0,11.0
crash_10627,2018-12-13 08:20:00,2018,12,Dec,Thu,8,Morning commute,30,NO CONTROLS,CLEAR,DAYLIGHT,TURNING,DIVIDED - W/MEDIAN (NOT RAISED),DRY,NO INJURY / DRIVE AWAY,,true,"$501 - $1,500",UNABLE TO DETERMINE,2,NO INDICATION OF INJURY,0,0,41.7914521423,-87.6056403041,60637,"CHICAGO MIDWAY AIRPORT, IL US",30.0,25.0,82.0,0.0,6.0,5.0
crash_10628,2019-11-03 17:55:00,2019,11,Nov,Sun,17,Evening commute,30,TRAFFIC SIGNAL,CLEAR,"DARKNESS, LIGHTED ROAD",TURNING,FOUR WAY,DRY,INJURY AND / OR TOW DUE TO CRASH,true,,"OVER $1,500",FAILING TO YIELD RIGHT-OF-WAY,2,NO INDICATION OF INJURY,0,0,41.7719327312,-87.6932696417,60629,"CHICAGO MIDWAY AIRPORT, IL US",51.0,33.0,50.0,0.0,10.0,10.0
crash_10629,2025-03-09 08:50:00,2025,3,Mar,Sun,8,Morning commute,30,TRAFFIC SIGNAL,CLEAR,DAYLIGHT,REAR END,NOT DIVIDED,DRY,NO INJURY / DRIVE AWAY,true,true,"OVER $1,500",FOLLOWING TOO CLOSELY,2,NO INDICATION OF INJURY,0,0,41.7828886437,-87.6741446273,60636,"CHICAGO MIDWAY AIRPORT, IL US",39.0,28.0,65.0,0.0,10.0,7.0
crash_10630,2021-09-24 12:00:00,2021,9,Sep,Fri,12,Daytime,30,STOP SIGN/FLASHER,CLEAR,DAYLIGHT,PEDESTRIAN,FOUR WAY,DRY,INJURY AND / OR TOW DUE TO CRASH,true,,$500 OR LESS,IMPROPER TURNING/NO SIGNAL,2,NONINCAPACITATING INJURY,1,0,41.936800477,-87.7540474492,60641,"CHICAGO OHARE INTERNATIONAL AIRPORT, IL US",71.0,46.0,41.0,0.0,10.0,13.0
crash_10631,2019-12-13 13:45:00,2019,12,Dec,Fri,13,Daytime,30,NO CONTROLS,CLEAR,DAYLIGHT,SIDESWIPE SAME DIRECTION,ONE-WAY,DRY,NO INJURY / DRIVE AWAY,,,"OVER $1,500",IMPROPER OVERTAKING/PASSING,2,NO INDICATION OF INJURY,0,0,41.7355288007,-87.6113498345,60619,"CHICAGO MIDWAY AIRPORT, IL US",44.0,30.0,58.0,0.0,10.0,5.0
crash_10632,2024-04-17 14:36:00,2024,4,Apr,Wed,14,Daytime,30,TRAFFIC SIGNAL,CLEAR,DAYLIGHT,TURNING,"FIVE POINT, OR MORE",DRY,INJURY AND / OR TOW DUE TO CRASH,true,true,"OVER $1,500",FAILING TO REDUCE SPEED TO AVOID CRASH,2,NO INDICATION OF INJURY,0,0,41.9254784852,-87.6485843547,60614,"CHICAGO MIDWAY AIRPORT, IL US",63.0,49.0,60.0,0.0,10.0,22.0
crash_10633,2018-10-29 17:30:00,2018,10,Oct,Mon,17,Evening commute,25,NO CONTROLS,CLEAR,DAYLIGHT,REAR END,ONE-WAY,DRY,NO INJURY / DRIVE AWAY,,,"OVER $1,500",FAILING TO REDUCE SPEED TO AVOID CRASH,2,NO INDICATION OF INJURY,0,0,41.881852446,-87.6395371279,60606,"CHICAGO MIDWAY AIRPORT, IL US",50.0,40.0,68.0,0.0,10.0,9.0
crash_10634,2018-05-25 22:55:00,2018,5,May,Fri,22,Night or early morning,30,TRAFFIC SIGNAL,RAIN,"DARKNESS, LIGHTED ROAD",REAR END,NOT DIVIDED,WET,NO INJURY / DRIVE AWAY,,,"OVER $1,500",FOLLOWING TOO CLOSELY,2,NO INDICATION OF INJURY,0,0,42.0123831918,-87.6832570797,60645,"CHICAGO OHARE INTERNATIONAL AIRPORT, IL US",77.0,64.0,64.0,0.0,10.0,10.0
crash_10635,2020-07-23 17:08:00,2020,7,Jul,Thu,17,Evening commute,25,OTHER RAILROAD CROSSING,CLEAR,DAYLIGHT,REAR END,NOT DIVIDED,DRY,NO INJURY / DRIVE AWAY,,,"$501 - $1,500",UNABLE TO DETERMINE,2,NO INDICATION OF INJURY,0,0,41.7571563598,-87.558408913,60649,"CHICAGO MIDWAY AIRPORT, IL US",80.0,60.0,51.0,0.0,10.0,8.0
crash_10636,2019-03-06 16:00:00,2019,3,Mar,Wed,16,Evening commute,30,NO CONTROLS,CLEAR,DAYLIGHT,REAR END,ONE-WAY,DRY,NO INJURY / DRIVE AWAY,,,"$501 - $1,500",FOLLOWING TOO CLOSELY,2,NO INDICATION OF INJURY,0,0,41.7079088362,-87.5843068716,60617,"CHICAGO MIDWAY AIRPORT, IL US",31.0,6.0,35.0,0.0,10.0,21.0
crash_10637,2022-06-12 15:11:00,2022,6,Jun,Sun,15,Evening commute,20,STOP SIGN/FLASHER,CLEAR,DAYLIGHT,TURNING,NOT REPORTED,DRY,INJURY AND / OR TOW DUE TO CRASH,true,,"OVER $1,500",UNABLE TO DETERMINE,2,NONINCAPACITATING INJURY,1,0,41.994186653,-87.6911300938,60659,"CHICAGO OHARE INTERNATIONAL AIRPORT, IL US",68.0,57.0,68.0,0.0,10.0,10.0
crash_10638,2022-05-19 14:00:00,2022,5,May,Thu,14,Daytime,30,NO CONTROLS,CLEAR,DAYLIGHT,PARKED MOTOR VEHICLE,OTHER,DRY,NO INJURY / DRIVE AWAY,,true,"OVER $1,500",UNABLE TO DETERMINE,2,NO INDICATION OF INJURY,0,0,41.696313684,-87.5966322439,60628,"CHICAGO MIDWAY AIRPORT, IL US",84.0,57.0,40.0,0.0,10.0,11.0
crash_10639,2025-02-06 07:37:00,2025,2,Feb,Thu,7,Morning commute,30,NO CONTROLS,FREEZING RAIN/DRIZZLE,DAYLIGHT,PARKED MOTOR VEHICLE,NOT DIVIDED,ICE,NO INJURY / DRIVE AWAY,,,"OVER $1,500",WEATHER,2,NO INDICATION OF INJURY,0,0,41.938832167,-87.6731604446,60657,"CHICAGO MIDWAY AIRPORT, IL US",32.0,26.0,79.0,0.0,10.0,10.0
crash_10640,2021-07-28 01:49:00,2021,7,Jul,Wed,1,Night or early morning,30,NO CONTROLS,CLEAR,"DARKNESS, LIGHTED ROAD",PARKED MOTOR VEHICLE,NOT DIVIDED,DRY,INJURY AND / OR TOW DUE TO CRASH,,,"OVER $1,500",UNABLE TO DETERMINE,2,NO INDICATION OF INJURY,0,0,41.7733978484,-87.5711458267,60649,"CHICAGO MIDWAY AIRPORT, IL US",77.0,67.0,71.0,0.0,10.0,6.0
crash_10641,2021-12-23 15:00:00,2021,12,Dec,Thu,15,Evening commute,15,NO CONTROLS,CLEAR,DAYLIGHT,REAR TO SIDE,PARKING LOT,DRY,NO INJURY / DRIVE AWAY,,,"$501 - $1,500",UNABLE TO DETERMINE,2,NO INDICATION OF INJURY,0,0,,,,,,,,,,
crash_10642,2019-07-03 17:00:00,2019,7,Jul,Wed,17,Evening commute,30,STOP SIGN/FLASHER,CLEAR,DAYLIGHT,ANGLE,FOUR WAY,DRY,INJURY AND / OR TOW DUE TO CRASH,true,,"$501 - $1,500",UNABLE TO DETERMINE,2,NO INDICATION OF INJURY,0,0,41.890077898,-87.6477560898,60642,"CHICAGO MIDWAY AIRPORT, IL US",83.0,70.0,65.0,0.0,10.0,9.0
crash_10643,2024-09-03 07:50:00,2024,9,Sep,Tue,7,Morning commute,30,STOP SIGN/FLASHER,CLEAR,DAYLIGHT,TURNING,T-INTERSECTION,DRY,INJURY AND / OR TOW DUE TO CRASH,true,,$500 OR LESS,FAILING TO YIELD RIGHT-OF-WAY,2,NONINCAPACITATING INJURY,2,0,41.7129095592,-87.6054254043,60628,"CHICAGO MIDWAY AIRPORT, IL US",62.0,46.0,56.0,0.0,10.0,10.0
crash_10644,2024-04-07 16:00:00,2024,4,Apr,Sun,16,Evening commute,0,NO CONTROLS,CLEAR,DAYLIGHT,PARKED MOTOR VEHICLE,DIVIDED - W/MEDIAN (NOT RAISED),DRY,NO INJURY / DRIVE AWAY,,true,"$501 - $1,500",UNABLE TO DETERMINE,2,NO INDICATION OF INJURY,0,0,41.8002843211,-87.5875283868,60615,"CHICAGO MIDWAY AIRPORT, IL US",48.0,43.0,83.0,0.12,6.0,11.0
crash_10645,2020-04-01 07:15:00,2020,4,Apr,Wed,7,Morning commute,30,NO CONTROLS,CLEAR,DAYLIGHT,PARKED MOTOR VEHICLE,NOT DIVIDED,DRY,NO INJURY / DRIVE AWAY,,,"$501 - $1,500",IMPROPER BACKING,2,NO INDICATION OF INJURY,0,0,41.9426877199,-87.6966822547,60618,"CHICAGO MIDWAY AIRPORT, IL US",39.0,35.0,86.0,0.0,10.0,6.0
crash_10646,2023-06-10 17:55:00,2023,6,Jun,Sat,17,Evening commute,35,STOP SIGN/FLASHER,CLEAR,DAYLIGHT,SIDESWIPE SAME DIRECTION,NOT DIVIDED,DRY,NO INJURY / DRIVE AWAY,,,"OVER $1,500",IMPROPER OVERTAKING/PASSING,2,NO INDICATION OF INJURY,0,0,41.9619578842,-87.6495039519,60640,"CHICAGO MIDWAY AIRPORT, IL US",85.0,40.0,20.0,0.0,10.0,10.0
crash_10647,2021-03-26 14:10:00,2021,3,Mar,Fri,14,Daytime,30,NO CONTROLS,CLOUDY/OVERCAST,DAYLIGHT,SIDESWIPE SAME DIRECTION,NOT DIVIDED,DRY,NO INJURY / DRIVE AWAY,,true,"$501 - $1,500",IMPROPER OVERTAKING/PASSING,2,NO INDICATION OF INJURY,0,0,41.7505854218,-87.6417470662,60620,"CHICAGO MIDWAY AIRPORT, IL US",41.0,33.0,73.0,0.0,10.0,6.0
crash_10648,2018-10-23 13:07:00,2018,10,Oct,Tue,13,Daytime,30,TRAFFIC SIGNAL,CLEAR,DAYLIGHT,SIDESWIPE SAME DIRECTION,ONE-WAY,DRY,NO INJURY / DRIVE AWAY,,,$500 OR LESS,IMPROPER OVERTAKING/PASSING,2,NO INDICATION OF INJURY,0,0,41.8940813776,-87.6204799025,60611,"CHICAGO MIDWAY AIRPORT, IL US",53.0,33.0,47.0,0.0,10.0,5.0
crash_10649,2022-02-07 14:40:00,2022,2,Feb,Mon,14,Daytime,20,NO CONTROLS,CLEAR,DAYLIGHT,REAR TO FRONT,PARKING LOT,DRY,NO INJURY / DRIVE AWAY,,,$500 OR LESS,IMPROPER BACKING,2,NO INDICATION OF INJURY,0,0,41.8475580502,-87.6454959917,60616,"CHICAGO MIDWAY AIRPORT, IL US",26.0,11.0,53.0,0.0,10.0,10.0
crash_10650,2023-07-06 16:57:00,2023,7,Jul,Thu,16,Evening commute,30,STOP SIGN/FLASHER,CLEAR,DAYLIGHT,TURNING,T-INTERSECTION,DRY,NO INJURY / DRIVE AWAY,true,,"OVER $1,500",FAILING TO YIELD RIGHT-OF-WAY,2,NO INDICATION OF INJURY,0,0,41.9979837503,-87.6814204479,60645,"CHICAGO OHARE INTERNATIONAL AIRPORT, IL US",77.0,61.0,58.0,0.0,10.0,9.0
crash_10651,2021-04-23 12:51:00,2021,4,Apr,Fri,12,Daytime,30,STOP SIGN/FLASHER,CLEAR,DAYLIGHT,REAR END,NOT DIVIDED,DRY,NO INJURY / DRIVE AWAY,,,"OVER $1,500",DRIVING SKILLS/KNOWLEDGE/EXPERIENCE,2,NO INDICATION OF INJURY,0,0,41.764236587,-87.7200098733,60629,"CHICAGO MIDWAY AIRPORT, IL US",60.0,27.0,28.0,0.0,10.0,13.0
crash_10652,2021-08-30 08:45:00,2021,8,Aug,Mon,8,Morning commute,30,TRAFFIC SIGNAL,CLEAR,DAYLIGHT,REAR END,NOT DIVIDED,DRY,NO INJURY / DRIVE AWAY,,true,"OVER $1,500",UNABLE TO DETERMINE,2,NO INDICATION OF INJURY,0,0,41.7649156415,-87.6735964405,60636,"CHICAGO MIDWAY AIRPORT, IL US",76.0,59.0,56.0,0.0,10.0,6.0
crash_10653,2023-07-03 18:10:00,2023,7,Jul,Mon,18,Evening commute,30,NO CONTROLS,CLEAR,DAYLIGHT,REAR END,NOT DIVIDED,DRY,NO INJURY / DRIVE AWAY,,,"OVER $1,500",FOLLOWING TOO CLOSELY,2,NO INDICATION OF INJURY,0,0,41.9535920763,-87.7418735694,60641,"CHICAGO OHARE INTERNATIONAL AIRPORT, IL US",83.0,61.0,48.0,0.0,10.0,7.0
crash_10654,2018-08-17 10:00:00,2018,8,Aug,Fri,10,Daytime,5,NO CONTROLS,CLEAR,DAYLIGHT,PARKED MOTOR VEHICLE,PARKING LOT,DRY,NO INJURY / DRIVE AWAY,,,"$501 - $1,500",IMPROPER BACKING,2,NO INDICATION OF INJURY,0,0,41.8043999449,-87.646906582,60609,"CHICAGO MIDWAY AIRPORT, IL US",74.0,69.0,85.0,0.0,9.0,0.0
crash_10655,2025-11-25 17:55:00,2025,11,Nov,Tue,17,Evening commute,45,NO CONTROLS,CLEAR,"DARKNESS, LIGHTED ROAD",REAR END,DIVIDED - W/MEDIAN BARRIER,DRY,INJURY AND / OR TOW DUE TO CRASH,,,"OVER $1,500",UNABLE TO DETERMINE,2,NO INDICATION OF INJURY,0,0,41.8926672756,-87.6143625489,60611,,,,,,,
crash_10656,2025-12-07 05:00:00,2025,12,Dec,Sun,5,Night or early morning,20,NO CONTROLS,CLEAR,"DARKNESS, LIGHTED ROAD",SIDESWIPE SAME DIRECTION,ONE-WAY,SNOW OR SLUSH,NO INJURY / DRIVE AWAY,,,"$501 - $1,500",WEATHER,2,NO INDICATION OF INJURY,0,0,41.976201139,-87.9053091251,60666,,,,,,,
crash_10657,2024-08-18 07:10:00,2024,8,Aug,Sun,7,Morning commute,30,TRAFFIC SIGNAL,CLEAR,DAYLIGHT,TURNING,NOT DIVIDED,DRY,NO INJURY / DRIVE AWAY,true,true,"$501 - $1,500",FAILING TO YIELD RIGHT-OF-WAY,2,NO INDICATION OF INJURY,0,0,41.8083832288,-87.6842773566,60609,"CHICAGO MIDWAY AIRPORT, IL US",69.0,65.0,87.0,0.0,10.0,10.0
crash_10658,2019-07-05 13:15:00,2019,7,Jul,Fri,13,Daytime,30,TRAFFIC SIGNAL,CLEAR,DAYLIGHT,TURNING,DIVIDED - W/MEDIAN BARRIER,DRY,NO INJURY / DRIVE AWAY,,,"$501 - $1,500",UNABLE TO DETERMINE,2,NO INDICATION OF INJURY,0,0,41.7492888381,-87.7400953795,60652,"CHICAGO MIDWAY AIRPORT, IL US",89.0,72.0,57.0,0.0,10.0,10.0
crash_10659,2022-09-10 09:18:00,2022,9,Sep,Sat,9,Morning commute,30,TRAFFIC SIGNAL,CLEAR,DAYLIGHT,TURNING,DIVIDED - W/MEDIAN BARRIER,DRY,NO INJURY / DRIVE AWAY,,true,"$501 - $1,500",IMPROPER OVERTAKING/PASSING,2,NO INDICATION OF INJURY,0,0,41.7152148735,-87.6431906158,60643,"CHICAGO MIDWAY AIRPORT, IL US",74.0,60.0,62.0,0.0,10.0,7.0
crash_10660,2020-05-05 14:50:00,2020,5,May,Tue,14,Daytime,35,NO CONTROLS,RAIN,DAYLIGHT,TURNING,DIVIDED - W/MEDIAN (NOT RAISED),WET,NO INJURY / DRIVE AWAY,,,"OVER $1,500",FAILING TO YIELD RIGHT-OF-WAY,2,NO INDICATION OF INJURY,0,0,41.7494339507,-87.6826849885,60620,"CHICAGO MIDWAY AIRPORT, IL US",44.0,39.0,83.0,0.03,9.0,8.0
crash_10661,2019-05-16 13:46:00,2019,5,May,Thu,13,Daytime,30,STOP SIGN/FLASHER,CLEAR,DAYLIGHT,ANGLE,FOUR WAY,WET,INJURY AND / OR TOW DUE TO CRASH,true,,"OVER $1,500","VISION OBSCURED (SIGNS, TREE LIMBS, BUILDINGS, ETC.)",2,"REPORTED, NOT EVIDENT",1,0,41.8917197929,-87.7163516033,60624,"CHICAGO MIDWAY AIRPORT, IL US",65.0,60.0,84.0,0.05,10.0,10.0
crash_10662,2024-05-21 20:45:00,2024,5,May,Tue,20,Night or early morning,30,OTHER,CLEAR,DARKNESS,TURNING,T-INTERSECTION,DRY,NO INJURY / DRIVE AWAY,true,,"OVER $1,500",FAILING TO YIELD RIGHT-OF-WAY,2,NO INDICATION OF INJURY,0,0,41.9400376624,-87.6491212511,60657,"CHICAGO MIDWAY AIRPORT, IL US",86.0,62.0,45.0,0.0,10.0,25.0
crash_10663,2021-02-09 13:20:00,2021,2,Feb,Tue,13,Daytime,30,NO CONTROLS,CLEAR,DAYLIGHT,TURNING,NOT DIVIDED,DRY,NO INJURY / DRIVE AWAY,,,"OVER $1,500",DRIVING SKILLS/KNOWLEDGE/EXPERIENCE,2,NO INDICATION OF INJURY,0,0,41.7546601244,-87.7413847586,60652,"CHICAGO MIDWAY AIRPORT, IL US",16.0,-5.0,38.0,0.0,10.0,6.0
crash_10664,2018-11-16 13:44:00,2018,11,Nov,Fri,13,Daytime,30,TRAFFIC SIGNAL,CLEAR,DAYLIGHT,REAR END,DIVIDED - W/MEDIAN (NOT RAISED),DRY,INJURY AND / OR TOW DUE TO CRASH,true,,"OVER $1,500",FOLLOWING TOO CLOSELY,2,NO INDICATION OF INJURY,0,0,41.9389292601,-87.7470210297,60641,"CHICAGO OHARE INTERNATIONAL AIRPORT, IL US",40.0,30.0,68.0,0.0,10.0,14.0
crash_10665,2018-09-04 20:45:00,2018,9,Sep,Tue,20,Night or early morning,30,NO CONTROLS,CLEAR,"DARKNESS, LIGHTED ROAD",PARKED MOTOR VEHICLE,PARKING LOT,DRY,NO INJURY / DRIVE AWAY,,true,"$501 - $1,500",UNABLE TO DETERMINE,2,NO INDICATION OF INJURY,0,0,41.7546601244,-87.7413847586,60652,"CHICAGO MIDWAY AIRPORT, IL US",86.0,66.0,51.0,0.0,10.0,10.0
crash_10666,2019-07-11 13:19:00,2019,7,Jul,Thu,13,Daytime,30,NO CONTROLS,CLEAR,DAYLIGHT,HEAD ON,NOT DIVIDED,DRY,NO INJURY / DRIVE AWAY,,,"OVER $1,500",IMPROPER BACKING,2,NO INDICATION OF INJURY,0,0,41.7868452706,-87.776073046,60638,"CHICAGO MIDWAY AIRPORT, IL US",80.0,65.0,60.0,0.0,10.0,13.0
crash_10667,2019-02-17 14:45:00,2019,2,Feb,Sun,14,Daytime,35,TRAFFIC SIGNAL,SNOW,DAYLIGHT,PEDESTRIAN,UNKNOWN,SNOW OR SLUSH,INJURY AND / OR TOW DUE TO CRASH,,true,"$501 - $1,500",UNABLE TO DETERMINE,2,NONINCAPACITATING INJURY,1,0,41.9100119178,-87.7250604495,60647,"CHICAGO MIDWAY AIRPORT, IL US",29.0,23.0,78.0,0.0,9.0,9.0
crash_10668,2020-05-08 14:30:00,2020,5,May,Fri,14,Daytime,30,STOP SIGN/FLASHER,CLEAR,DAYLIGHT,ANGLE,FOUR WAY,DRY,INJURY AND / OR TOW DUE TO CRASH,true,,"OVER $1,500",UNABLE TO DETERMINE,2,NO INDICATION OF INJURY,0,0,41.711603701,-87.5659159354,60617,"CHICAGO MIDWAY AIRPORT, IL US",43.0,24.0,47.0,0.0,10.0,16.0
crash_10669,2022-08-10 10:30:00,2022,8,Aug,Wed,10,Daytime,30,NO CONTROLS,CLEAR,DAYLIGHT,REAR END,NOT DIVIDED,DRY,NO INJURY / DRIVE AWAY,,true,"$501 - $1,500",UNABLE TO DETERMINE,2,NO INDICATION OF INJURY,0,0,41.7442241239,-87.5929434461,60619,"CHICAGO MIDWAY AIRPORT, IL US",79.0,58.0,49.0,,10.0,3.0
crash_10670,2018-11-21 13:10:00,2018,11,Nov,Wed,13,Daytime,30,NO CONTROLS,CLEAR,DAYLIGHT,ANGLE,ONE-WAY,DRY,NO INJURY / DRIVE AWAY,,,"OVER $1,500",FAILING TO YIELD RIGHT-OF-WAY,2,NO INDICATION OF INJURY,0,0,41.7918226473,-87.7026868766,60629,"CHICAGO MIDWAY AIRPORT, IL US",37.0,22.0,54.0,0.0,10.0,13.0
crash_10671,2021-08-16 13:20:00,2021,8,Aug,Mon,13,Daytime,30,NO CONTROLS,CLEAR,DAYLIGHT,PARKED MOTOR VEHICLE,NOT DIVIDED,DRY,INJURY AND / OR TOW DUE TO CRASH,,,"OVER $1,500",PHYSICAL CONDITION OF DRIVER,2,NONINCAPACITATING INJURY,1,0,41.89629615,-87.6510287416,60642,"CHICAGO MIDWAY AIRPORT, IL US",78.0,51.0,39.0,0.0,10.0,13.0
crash_10672,2023-06-09 21:04:00,2023,6,Jun,Fri,21,Night or early morning,30,TRAFFIC SIGNAL,CLEAR,"DARKNESS, LIGHTED ROAD",PEDESTRIAN,FOUR WAY,DRY,INJURY AND / OR TOW DUE TO CRASH,true,,$500 OR LESS,UNABLE TO DETERMINE,2,NONINCAPACITATING INJURY,1,0,41.8877170705,-87.7652660117,60644,"CHICAGO MIDWAY AIRPORT, IL US",72.0,37.0,28.0,0.0,10.0,7.0
crash_10673,2019-10-03 09:15:00,2019,10,Oct,Thu,9,Morning commute,30,TRAFFIC SIGNAL,CLEAR,DAYLIGHT,REAR END,ONE-WAY,DRY,NO INJURY / DRIVE AWAY,,true,"OVER $1,500",UNABLE TO DETERMINE,2,NO INDICATION OF INJURY,0,0,41.7508910466,-87.6259685054,60620,"CHICAGO MIDWAY AIRPORT, IL US",62.0,59.0,90.0,,10.0,15.0
crash_10674,2018-11-28 13:33:00,2018,11,Nov,Wed,13,Daytime,35,NO CONTROLS,CLEAR,DAYLIGHT,REAR END,ONE-WAY,DRY,NO INJURY / DRIVE AWAY,,,"OVER $1,500",UNABLE TO DETERMINE,2,NO INDICATION OF INJURY,0,0,41.8183699062,-87.6848419261,60632,"CHICAGO MIDWAY AIRPORT, IL US",25.0,16.0,69.0,,10.0,7.0
crash_10675,2019-06-24 14:32:00,2019,6,Jun,Mon,14,Daytime,30,NO CONTROLS,CLOUDY/OVERCAST,DAYLIGHT,SIDESWIPE SAME DIRECTION,NOT DIVIDED,WET,NO INJURY / DRIVE AWAY,,true,$500 OR LESS,NOT APPLICABLE,2,NO INDICATION OF INJURY,0,0,41.900647801,-87.6348532141,60610,"CHICAGO MIDWAY AIRPORT, IL US",75.0,70.0,83.0,0.0,10.0,16.0
crash_10676,2023-05-13 17:00:00,2023,5,May,Sat,17,Evening commute,30,STOP SIGN/FLASHER,CLEAR,DAYLIGHT,ANGLE,NOT REPORTED,DRY,NO INJURY / DRIVE AWAY,true,true,"$501 - $1,500",FAILING TO YIELD RIGHT-OF-WAY,2,NO INDICATION OF INJURY,0,0,41.8112614364,-87.606749972,60653,"CHICAGO MIDWAY AIRPORT, IL US",66.0,56.0,70.0,0.0,10.0,11.0
crash_10677,2022-11-07 09:18:00,2022,11,Nov,Mon,9,Morning commute,30,NO CONTROLS,CLEAR,DAYLIGHT,REAR END,NOT DIVIDED,DRY,NO INJURY / DRIVE AWAY,,,"OVER $1,500",FAILING TO YIELD RIGHT-OF-WAY,2,NO INDICATION OF INJURY,0,0,41.8857582177,-87.7329214965,60624,"CHICAGO MIDWAY AIRPORT, IL US",47.0,20.0,34.0,0.0,10.0,8.0
crash_10678,2023-11-19 15:00:00,2023,11,Nov,Sun,15,Evening commute,30,NO CONTROLS,CLEAR,DAYLIGHT,PARKED MOTOR VEHICLE,DIVIDED - W/MEDIAN (NOT RAISED),DRY,NO INJURY / DRIVE AWAY,,true,"OVER $1,500",UNABLE TO DETERMINE,2,NO INDICATION OF INJURY,0,0,41.924199539,-87.7575147125,60639,"CHICAGO OHARE INTERNATIONAL AIRPORT, IL US",52.0,36.0,55.0,0.0,10.0,8.0
crash_10679,2022-09-16 17:30:00,2022,9,Sep,Fri,17,Evening commute,30,TRAFFIC SIGNAL,CLEAR,DAYLIGHT,SIDESWIPE SAME DIRECTION,NOT DIVIDED,DRY,NO INJURY / DRIVE AWAY,,,"OVER $1,500",UNABLE TO DETERMINE,2,NO INDICATION OF INJURY,0,0,42.0069228763,-87.6614970893,60626,"CHICAGO OHARE INTERNATIONAL AIRPORT, IL US",81.0,59.0,47.0,0.0,10.0,10.0
crash_10680,2025-08-26 13:35:00,2025,8,Aug,Tue,13,Daytime,30,UNKNOWN,CLEAR,DAYLIGHT,PARKED MOTOR VEHICLE,ALLEY,DRY,NO INJURY / DRIVE AWAY,,true,"$501 - $1,500",UNABLE TO DETERMINE,2,NO INDICATION OF INJURY,0,0,41.8845243618,-87.627764549,60601,,,,,,,
crash_10681,2020-08-14 15:30:00,2020,8,Aug,Fri,15,Evening commute,35,NO CONTROLS,CLEAR,DAYLIGHT,PARKED MOTOR VEHICLE,NOT DIVIDED,DRY,NO INJURY / DRIVE AWAY,,,"OVER $1,500",DRIVING SKILLS/KNOWLEDGE/EXPERIENCE,2,NO INDICATION OF INJURY,0,0,41.9452044422,-87.7336456059,60641,"CHICAGO OHARE INTERNATIONAL AIRPORT, IL US",88.0,55.0,33.0,0.0,10.0,10.0
crash_10682,2022-02-05 20:00:00,2022,2,Feb,Sat,20,Night or early morning,30,TRAFFIC SIGNAL,CLEAR,DARKNESS,TURNING,DIVIDED - W/MEDIAN (NOT RAISED),SNOW OR SLUSH,INJURY AND / OR TOW DUE TO CRASH,true,,"OVER $1,500",FAILING TO YIELD RIGHT-OF-WAY,2,NO INDICATION OF INJURY,0,0,41.9464994999,-87.7095345126,60618,"CHICAGO OHARE INTERNATIONAL AIRPORT, IL US",15.0,4.0,61.0,0.0,10.0,20.0
crash_10683,2018-03-23 16:10:00,2018,3,Mar,Fri,16,Evening commute,30,NO CONTROLS,CLEAR,DAYLIGHT,SIDESWIPE SAME DIRECTION,NOT DIVIDED,DRY,NO INJURY / DRIVE AWAY,,,"OVER $1,500",IMPROPER LANE USAGE,2,NO INDICATION OF INJURY,0,0,41.739733476,-87.6047632647,60619,"CHICAGO MIDWAY AIRPORT, IL US",41.0,19.0,41.0,0.0,10.0,15.0
crash_10684,2024-08-28 17:00:00,2024,8,Aug,Wed,17,Evening commute,20,NO CONTROLS,CLEAR,DAYLIGHT,SIDESWIPE SAME DIRECTION,DIVIDED - W/MEDIAN (NOT RAISED),DRY,NO INJURY / DRIVE AWAY,,,"OVER $1,500",FAILING TO YIELD RIGHT-OF-WAY,2,NO INDICATION OF INJURY,0,0,41.8842522567,-87.6531209163,60607,"CHICAGO MIDWAY AIRPORT, IL US",80.0,69.0,69.0,0.0,10.0,10.0
crash_10685,2023-11-27 09:00:00,2023,11,Nov,Mon,9,Morning commute,35,UNKNOWN,UNKNOWN,UNKNOWN,ANGLE,UNKNOWN,UNKNOWN,NO INJURY / DRIVE AWAY,,,"$501 - $1,500",UNABLE TO DETERMINE,2,NO INDICATION OF INJURY,0,0,41.6863006028,-87.5342104891,60617,"CHICAGO MIDWAY AIRPORT, IL US",26.0,13.0,57.0,0.0,10.0,14.0
crash_10686,2019-08-09 12:05:00,2019,8,Aug,Fri,12,Daytime,30,NO CONTROLS,CLEAR,DAYLIGHT,ANGLE,T-INTERSECTION,DRY,INJURY AND / OR TOW DUE TO CRASH,true,,"$501 - $1,500","VISION OBSCURED (SIGNS, TREE LIMBS, BUILDINGS, ETC.)",2,NO INDICATION OF INJURY,0,0,41.9891533909,-87.6620785921,60660,"CHICAGO OHARE INTERNATIONAL AIRPORT, IL US",79.0,49.0,35.0,0.0,10.0,7.0