crash_id,crash_datetime,crash_year,crash_month,crash_month_name,crash_weekday_name,crash_hour,time_period,posted_speed_limit_mph,traffic_control_device,reported_weather_condition,reported_lighting_condition,first_crash_type,trafficway_type,reported_road_surface_condition,crash_type,intersection_related,hit_and_run,estimated_damage,primary_contributory_cause,unit_count,most_severe_injury,injuries_total,injuries_fatal,latitude,longitude,zip5,weather_station_name,temperature_f,dew_point_f,relative_humidity_percent,precipitation_inches,visibility_miles,wind_speed_mph
crash_10687,2019-06-26 10:00:00,2019,6,Jun,Wed,10,Daytime,10,NO CONTROLS,CLEAR,DAYLIGHT,ANGLE,PARKING LOT,DRY,NO INJURY / DRIVE AWAY,,,"$501 - $1,500",IMPROPER BACKING,2,NO INDICATION OF INJURY,0,0,41.9046977369,-87.6410745815,60610,"CHICAGO MIDWAY AIRPORT, IL US",80.0,63.0,56.0,0.0,10.0,5.0
crash_10688,2020-01-03 13:15:00,2020,1,Jan,Fri,13,Daytime,30,TRAFFIC SIGNAL,CLEAR,DAYLIGHT,ANGLE,NOT DIVIDED,DRY,INJURY AND / OR TOW DUE TO CRASH,true,,"OVER $1,500",DISREGARDING TRAFFIC SIGNALS,2,NONINCAPACITATING INJURY,1,0,41.9972378114,-87.7658076735,60646,"CHICAGO OHARE INTERNATIONAL AIRPORT, IL US",37.0,29.0,73.0,0.0,10.0,0.0
crash_10689,2020-09-11 09:28:00,2020,9,Sep,Fri,9,Morning commute,30,STOP SIGN/FLASHER,RAIN,DAYLIGHT,ANGLE,T-INTERSECTION,WET,INJURY AND / OR TOW DUE TO CRASH,true,,"OVER $1,500",DISREGARDING STOP SIGN,3,NONINCAPACITATING INJURY,1,0,41.9640855398,-87.7675061858,60630,"CHICAGO OHARE INTERNATIONAL AIRPORT, IL US",62.0,58.0,86.0,0.01,10.0,10.0
crash_10690,2023-11-12 19:30:00,2023,11,Nov,Sun,19,Night or early morning,30,TRAFFIC SIGNAL,CLEAR,"DARKNESS, LIGHTED ROAD",REAR END,DIVIDED - W/MEDIAN BARRIER,DRY,NO INJURY / DRIVE AWAY,,true,"OVER $1,500",FOLLOWING TOO CLOSELY,2,NO INDICATION OF INJURY,0,0,41.6591261899,-87.5594327419,60633,"CHICAGO MIDWAY AIRPORT, IL US",50.0,29.0,44.0,0.0,10.0,8.0
crash_10691,2023-05-03 16:00:00,2023,5,May,Wed,16,Evening commute,30,TRAFFIC SIGNAL,CLEAR,DAYLIGHT,REAR END,NOT DIVIDED,DRY,NO INJURY / DRIVE AWAY,,true,"$501 - $1,500",UNABLE TO DETERMINE,2,NO INDICATION OF INJURY,0,0,,,,,,,,,,
crash_10692,2024-08-31 19:07:00,2024,8,Aug,Sat,19,Night or early morning,30,TRAFFIC SIGNAL,CLEAR,"DARKNESS, LIGHTED ROAD",SIDESWIPE SAME DIRECTION,NOT DIVIDED,DRY,NO INJURY / DRIVE AWAY,false,,"OVER $1,500",FAILING TO YIELD RIGHT-OF-WAY,2,NO INDICATION OF INJURY,0,0,41.7802113218,-87.6157682918,60637,"CHICAGO MIDWAY AIRPORT, IL US",80.0,57.0,45.0,0.0,10.0,10.0
crash_10693,2025-11-15 16:53:00,2025,11,Nov,Sat,16,Evening commute,30,TRAFFIC SIGNAL,CLEAR,DUSK,TURNING,DIVIDED - W/MEDIAN (NOT RAISED),DRY,NO INJURY / DRIVE AWAY,true,,"OVER $1,500",IMPROPER LANE USAGE,2,NO INDICATION OF INJURY,0,0,41.8675483282,-87.6393473333,60607,,,,,,,
crash_10694,2024-05-23 11:30:00,2024,5,May,Thu,11,Daytime,30,NO CONTROLS,CLEAR,DAYLIGHT,PARKED MOTOR VEHICLE,PARKING LOT,DRY,NO INJURY / DRIVE AWAY,,,"$501 - $1,500",NOT APPLICABLE,2,NO INDICATION OF INJURY,0,0,41.7974106882,-87.7521087323,60638,"CHICAGO MIDWAY AIRPORT, IL US",78.0,45.0,31.0,0.0,10.0,7.0
crash_10695,2025-04-27 13:50:00,2025,4,Apr,Sun,13,Daytime,0,NO CONTROLS,CLEAR,DAYLIGHT,REAR END,OTHER,WET,NO INJURY / DRIVE AWAY,,,$500 OR LESS,UNABLE TO DETERMINE,2,NO INDICATION OF INJURY,0,0,41.7224394759,-87.5861858365,60619,"CHICAGO MIDWAY AIRPORT, IL US",67.0,38.0,35.0,0.0,10.0,8.0
crash_10696,2025-03-11 12:30:00,2025,3,Mar,Tue,12,Daytime,30,NO CONTROLS,CLEAR,DAYLIGHT,PARKED MOTOR VEHICLE,DIVIDED - W/MEDIAN (NOT RAISED),DRY,NO INJURY / DRIVE AWAY,,,"OVER $1,500",IMPROPER LANE USAGE,2,NO INDICATION OF INJURY,0,0,41.8939943715,-87.617605459,60611,"CHICAGO MIDWAY AIRPORT, IL US",46.0,25.0,44.0,0.0,10.0,22.0
crash_10697,2023-01-21 12:45:00,2023,1,Jan,Sat,12,Daytime,30,STOP SIGN/FLASHER,UNKNOWN,DAYLIGHT,TURNING,T-INTERSECTION,UNKNOWN,NO INJURY / DRIVE AWAY,true,,"$501 - $1,500",UNABLE TO DETERMINE,2,NO INDICATION OF INJURY,0,0,41.9979862142,-87.6690391473,60660,"CHICAGO OHARE INTERNATIONAL AIRPORT, IL US",30.0,23.0,75.0,0.0,10.0,10.0
crash_10698,2018-08-21 17:00:00,2018,8,Aug,Tue,17,Evening commute,30,NO CONTROLS,CLEAR,DAYLIGHT,TURNING,NOT DIVIDED,DRY,NO INJURY / DRIVE AWAY,,true,"$501 - $1,500",IMPROPER TURNING/NO SIGNAL,2,NO INDICATION OF INJURY,0,0,41.9979347094,-87.6841957876,60645,"CHICAGO OHARE INTERNATIONAL AIRPORT, IL US",76.0,64.0,67.0,0.0,10.0,10.0
crash_10699,2025-06-22 12:00:00,2025,6,Jun,Sun,12,Daytime,30,NO CONTROLS,CLEAR,DAYLIGHT,SIDESWIPE SAME DIRECTION,NOT DIVIDED,DRY,NO INJURY / DRIVE AWAY,,true,"$501 - $1,500",IMPROPER OVERTAKING/PASSING,2,NO INDICATION OF INJURY,0,0,41.8665396097,-87.7032631447,60612,"CHICAGO MIDWAY AIRPORT, IL US",91.0,73.0,56.0,0.0,10.0,18.0
crash_10700,2019-09-28 08:04:00,2019,9,Sep,Sat,8,Morning commute,30,NO CONTROLS,RAIN,UNKNOWN,PARKED MOTOR VEHICLE,DIVIDED - W/MEDIAN (NOT RAISED),WET,NO INJURY / DRIVE AWAY,,true,"OVER $1,500",NOT APPLICABLE,2,NO INDICATION OF INJURY,0,0,41.9629068173,-87.7081504241,60625,"CHICAGO OHARE INTERNATIONAL AIRPORT, IL US",60.0,59.0,96.0,0.02,2.5,13.0
crash_10701,2019-01-20 14:00:00,2019,1,Jan,Sun,14,Daytime,30,NO CONTROLS,CLEAR,"DARKNESS, LIGHTED ROAD",REAR END,NOT DIVIDED,SNOW OR SLUSH,NO INJURY / DRIVE AWAY,,true,"$501 - $1,500",WEATHER,2,NO INDICATION OF INJURY,0,0,41.9380764821,-87.7629524296,60641,"CHICAGO OHARE INTERNATIONAL AIRPORT, IL US",14.0,-1.0,51.0,0.0,10.0,14.0
crash_10702,2020-06-15 18:10:00,2020,6,Jun,Mon,18,Evening commute,35,NO CONTROLS,CLEAR,DAYLIGHT,PARKED MOTOR VEHICLE,DIVIDED - W/MEDIAN (NOT RAISED),DRY,NO INJURY / DRIVE AWAY,,,"$501 - $1,500",UNABLE TO DETERMINE,2,NO INDICATION OF INJURY,0,0,41.8554934427,-87.709440826,60623,"CHICAGO MIDWAY AIRPORT, IL US",71.0,40.0,32.0,0.0,10.0,10.0
crash_10703,2023-11-05 18:53:00,2023,11,Nov,Sun,18,Evening commute,30,TRAFFIC SIGNAL,CLEAR,DARKNESS,REAR END,DIVIDED - W/MEDIAN (NOT RAISED),DRY,NO INJURY / DRIVE AWAY,,,"OVER $1,500",FOLLOWING TOO CLOSELY,2,NO INDICATION OF INJURY,0,0,41.8897946533,-87.638679198,60654,"CHICAGO MIDWAY AIRPORT, IL US",58.0,37.0,46.0,0.0,10.0,9.0
crash_10704,2018-04-25 11:27:00,2018,4,Apr,Wed,11,Daytime,30,TRAFFIC SIGNAL,CLEAR,DAYLIGHT,ANGLE,ONE-WAY,DRY,INJURY AND / OR TOW DUE TO CRASH,true,,"OVER $1,500",DISREGARDING TRAFFIC SIGNALS,2,NONINCAPACITATING INJURY,1,0,,,,,,,,,,
crash_10705,2025-05-25 09:40:00,2025,5,May,Sun,9,Morning commute,30,NO CONTROLS,CLEAR,DAYLIGHT,PARKED MOTOR VEHICLE,NOT DIVIDED,UNKNOWN,NO INJURY / DRIVE AWAY,,true,"OVER $1,500",DRIVING SKILLS/KNOWLEDGE/EXPERIENCE,2,NO INDICATION OF INJURY,0,0,41.9528329785,-87.6688605057,60613,"CHICAGO MIDWAY AIRPORT, IL US",53.0,45.0,74.0,0.01,10.0,5.0
crash_10706,2019-12-18 13:10:00,2019,12,Dec,Wed,13,Daytime,45,NO CONTROLS,CLEAR,DAYLIGHT,SIDESWIPE SAME DIRECTION,DIVIDED - W/MEDIAN BARRIER,DRY,NO INJURY / DRIVE AWAY,,,"OVER $1,500",DRIVING ON WRONG SIDE/WRONG WAY,2,NO INDICATION OF INJURY,0,0,41.8958852239,-87.6158620948,60611,"CHICAGO MIDWAY AIRPORT, IL US",18.0,-6.0,34.0,0.0,10.0,8.0
crash_10707,2020-03-08 16:00:00,2020,3,Mar,Sun,16,Evening commute,30,NO CONTROLS,CLEAR,DAYLIGHT,REAR END,NOT DIVIDED,DRY,NO INJURY / DRIVE AWAY,,,"$501 - $1,500",FOLLOWING TOO CLOSELY,2,NO INDICATION OF INJURY,0,0,41.7511943382,-87.6053673263,60619,"CHICAGO MIDWAY AIRPORT, IL US",65.0,23.0,20.0,0.0,10.0,23.0
crash_10708,2022-08-29 16:50:00,2022,8,Aug,Mon,16,Evening commute,30,NO CONTROLS,CLEAR,DAYLIGHT,REAR END,NOT DIVIDED,DRY,NO INJURY / DRIVE AWAY,,true,"$501 - $1,500",NOT APPLICABLE,2,NO INDICATION OF INJURY,0,0,41.7604369214,-87.5572124374,60649,"CHICAGO MIDWAY AIRPORT, IL US",84.0,69.0,61.0,,10.0,8.0
crash_10709,2019-10-13 00:00:00,2019,10,Oct,Sun,0,Night or early morning,30,NO CONTROLS,CLEAR,"DARKNESS, LIGHTED ROAD",REAR END,NOT DIVIDED,DRY,NO INJURY / DRIVE AWAY,,true,"$501 - $1,500",FOLLOWING TOO CLOSELY,2,NO INDICATION OF INJURY,0,0,41.736289227,-87.7407819374,60652,"CHICAGO MIDWAY AIRPORT, IL US",50.0,33.0,52.0,0.0,10.0,14.0
crash_10710,2018-08-01 16:21:00,2018,8,Aug,Wed,16,Evening commute,30,NO CONTROLS,CLEAR,DAYLIGHT,ANGLE,PARKING LOT,DRY,INJURY AND / OR TOW DUE TO CRASH,true,,"OVER $1,500",FAILING TO YIELD RIGHT-OF-WAY,2,NO INDICATION OF INJURY,0,0,41.923910668,-87.777386127,60639,"CHICAGO OHARE INTERNATIONAL AIRPORT, IL US",76.0,60.0,58.0,0.0,10.0,8.0
crash_10711,2020-02-25 12:30:00,2020,2,Feb,Tue,12,Daytime,30,NO CONTROLS,CLOUDY/OVERCAST,DAYLIGHT,PARKED MOTOR VEHICLE,NOT DIVIDED,DRY,NO INJURY / DRIVE AWAY,,,"$501 - $1,500",UNABLE TO DETERMINE,2,NO INDICATION OF INJURY,0,0,41.8448007855,-87.6952525937,60623,"CHICAGO MIDWAY AIRPORT, IL US",37.0,30.0,75.0,,10.0,16.0
crash_10712,2025-10-31 10:45:00,2025,10,Oct,Fri,10,Daytime,30,STOP SIGN/FLASHER,CLEAR,DAYLIGHT,ANGLE,OTHER,DRY,NO INJURY / DRIVE AWAY,true,,"OVER $1,500",UNABLE TO DETERMINE,2,NO INDICATION OF INJURY,0,0,41.9242999449,-87.7330288393,60639,,,,,,,
crash_10713,2023-02-18 08:00:00,2023,2,Feb,Sat,8,Morning commute,30,NO CONTROLS,CLEAR,UNKNOWN,PARKED MOTOR VEHICLE,ONE-WAY,WET,NO INJURY / DRIVE AWAY,,true,"$501 - $1,500",UNABLE TO DETERMINE,2,NO INDICATION OF INJURY,0,0,41.7756004209,-87.6889456773,60629,"CHICAGO MIDWAY AIRPORT, IL US",30.0,20.0,66.0,0.0,10.0,9.0
crash_10714,2020-10-01 21:00:00,2020,10,Oct,Thu,21,Night or early morning,35,NO CONTROLS,CLEAR,"DARKNESS, LIGHTED ROAD",TURNING,NOT DIVIDED,DRY,INJURY AND / OR TOW DUE TO CRASH,,,"OVER $1,500",IMPROPER TURNING/NO SIGNAL,2,NONINCAPACITATING INJURY,2,0,41.7514653336,-87.5784843008,60617,"CHICAGO MIDWAY AIRPORT, IL US",50.0,44.0,80.0,0.0,10.0,6.0
crash_10715,2019-04-24 19:13:00,2019,4,Apr,Wed,19,Night or early morning,30,NO CONTROLS,CLEAR,DAYLIGHT,TURNING,ONE-WAY,DRY,INJURY AND / OR TOW DUE TO CRASH,,,"$501 - $1,500",IMPROPER BACKING,2,"REPORTED, NOT EVIDENT",3,0,41.9252336591,-87.7091596557,60647,"CHICAGO MIDWAY AIRPORT, IL US",59.0,35.0,41.0,0.0,10.0,10.0
crash_10716,2020-09-16 23:30:00,2020,9,Sep,Wed,23,Night or early morning,30,NO CONTROLS,CLEAR,"DARKNESS, LIGHTED ROAD",TURNING,NOT DIVIDED,DRY,NO INJURY / DRIVE AWAY,,true,"$501 - $1,500",IMPROPER TURNING/NO SIGNAL,2,NO INDICATION OF INJURY,0,0,41.9351408747,-87.6368932509,60657,"CHICAGO MIDWAY AIRPORT, IL US",71.0,60.0,68.0,0.0,9.0,10.0
crash_10717,2023-12-11 19:20:00,2023,12,Dec,Mon,19,Night or early morning,25,TRAFFIC SIGNAL,CLEAR,DUSK,TURNING,NOT DIVIDED,DRY,NO INJURY / DRIVE AWAY,true,,"OVER $1,500",IMPROPER TURNING/NO SIGNAL,2,NO INDICATION OF INJURY,0,0,41.8491154482,-87.6320781167,60616,"CHICAGO MIDWAY AIRPORT, IL US",35.0,26.0,70.0,0.0,10.0,7.0
crash_10718,2019-02-17 02:00:00,2019,2,Feb,Sun,2,Night or early morning,30,NO CONTROLS,CLEAR,"DARKNESS, LIGHTED ROAD",PARKED MOTOR VEHICLE,ONE-WAY,UNKNOWN,NO INJURY / DRIVE AWAY,,true,"OVER $1,500",UNABLE TO DETERMINE,2,NO INDICATION OF INJURY,0,0,41.7390109376,-87.5575931309,60617,"CHICAGO MIDWAY AIRPORT, IL US",25.0,17.0,72.0,0.0,10.0,11.0
crash_10719,2018-12-11 14:40:00,2018,12,Dec,Tue,14,Daytime,35,UNKNOWN,CLEAR,DAYLIGHT,PEDESTRIAN,DIVIDED - W/MEDIAN (NOT RAISED),DRY,INJURY AND / OR TOW DUE TO CRASH,true,true,"OVER $1,500","OPERATING VEHICLE IN ERRATIC, RECKLESS, CARELESS, NEGLIGENT OR AGGRESSIVE MANNER",2,NONINCAPACITATING INJURY,1,0,41.8950001332,-87.7400937653,60624,"CHICAGO MIDWAY AIRPORT, IL US",38.0,25.0,60.0,0.0,10.0,3.0
crash_10720,2025-02-20 06:30:00,2025,2,Feb,Thu,6,Morning commute,30,TRAFFIC SIGNAL,CLEAR,DAYLIGHT,TURNING,FOUR WAY,DRY,NO INJURY / DRIVE AWAY,,,"OVER $1,500",FAILING TO YIELD RIGHT-OF-WAY,2,NO INDICATION OF INJURY,0,0,41.8763382386,-87.6665174646,60607,"CHICAGO MIDWAY AIRPORT, IL US",5.0,-5.0,63.0,0.0,10.0,8.0
crash_10721,2018-05-05 07:10:00,2018,5,May,Sat,7,Morning commute,10,NO CONTROLS,CLEAR,DAYLIGHT,OTHER OBJECT,OTHER,DRY,NO INJURY / DRIVE AWAY,,,"OVER $1,500",UNABLE TO DETERMINE,1,NO INDICATION OF INJURY,0,0,41.8642632747,-87.6256076591,60605,"CHICAGO MIDWAY AIRPORT, IL US",59.0,48.0,67.0,0.0,10.0,6.0
crash_10722,2025-11-11 11:15:00,2025,11,Nov,Tue,11,Daytime,20,NO CONTROLS,UNKNOWN,UNKNOWN,ANGLE,NOT DIVIDED,UNKNOWN,NO INJURY / DRIVE AWAY,,,"OVER $1,500",UNABLE TO DETERMINE,2,NO INDICATION OF INJURY,0,0,41.876710799,-87.6899281086,60612,,,,,,,
crash_10723,2022-05-15 15:00:00,2022,5,May,Sun,15,Evening commute,30,TRAFFIC SIGNAL,CLEAR,DAYLIGHT,PEDESTRIAN,NOT DIVIDED,DRY,INJURY AND / OR TOW DUE TO CRASH,,,$500 OR LESS,OBSTRUCTED CROSSWALKS,2,NONINCAPACITATING INJURY,2,0,41.9365665278,-87.6444286223,60657,"CHICAGO MIDWAY AIRPORT, IL US",71.0,48.0,44.0,0.0,10.0,0.0
crash_10724,2024-05-18 21:00:00,2024,5,May,Sat,21,Night or early morning,30,NO CONTROLS,CLEAR,DAYLIGHT,FIXED OBJECT,DRIVEWAY,DRY,NO INJURY / DRIVE AWAY,,,$500 OR LESS,UNABLE TO DETERMINE,1,NO INDICATION OF INJURY,0,0,41.7162360154,-87.6339881008,60628,"CHICAGO MIDWAY AIRPORT, IL US",81.0,57.0,44.0,0.0,10.0,6.0
crash_10725,2024-12-11 14:55:00,2024,12,Dec,Wed,14,Daytime,15,NO CONTROLS,CLEAR,DAYLIGHT,PARKED MOTOR VEHICLE,ONE-WAY,DRY,NO INJURY / DRIVE AWAY,,true,"OVER $1,500",UNABLE TO DETERMINE,2,NO INDICATION OF INJURY,0,0,41.9434969955,-87.6658658304,60657,"CHICAGO MIDWAY AIRPORT, IL US",31.0,21.0,67.0,0.0,8.0,20.0
crash_10726,2024-03-17 08:00:00,2024,3,Mar,Sun,8,Morning commute,30,TRAFFIC SIGNAL,CLEAR,DAYLIGHT,TURNING,FOUR WAY,DRY,INJURY AND / OR TOW DUE TO CRASH,true,,"$501 - $1,500",FAILING TO YIELD RIGHT-OF-WAY,2,NO INDICATION OF INJURY,0,0,41.8720821389,-87.7450795354,60644,"CHICAGO MIDWAY AIRPORT, IL US",36.0,19.0,50.0,0.0,10.0,10.0
crash_10727,2021-10-09 01:47:00,2021,10,Oct,Sat,1,Night or early morning,30,TRAFFIC SIGNAL,CLEAR,"DARKNESS, LIGHTED ROAD",ANGLE,T-INTERSECTION,UNKNOWN,INJURY AND / OR TOW DUE TO CRASH,true,true,"OVER $1,500",UNABLE TO DETERMINE,2,NO INDICATION OF INJURY,0,0,41.7976828486,-87.7503120919,60638,"CHICAGO MIDWAY AIRPORT, IL US",65.0,60.0,84.0,0.0,10.0,7.0
crash_10728,2020-01-20 15:30:00,2020,1,Jan,Mon,15,Evening commute,30,TRAFFIC SIGNAL,CLEAR,DAYLIGHT,REAR END,NOT DIVIDED,ICE,NO INJURY / DRIVE AWAY,false,,"OVER $1,500",UNABLE TO DETERMINE,2,NO INDICATION OF INJURY,0,0,41.9238982932,-87.804825393,60707,"CHICAGO OHARE INTERNATIONAL AIRPORT, IL US",28.0,16.0,60.0,0.0,10.0,6.0
crash_10729,2020-05-30 08:15:00,2020,5,May,Sat,8,Morning commute,20,NO CONTROLS,CLEAR,DAYLIGHT,PARKED MOTOR VEHICLE,NOT DIVIDED,DRY,NO INJURY / DRIVE AWAY,,true,"OVER $1,500",UNABLE TO DETERMINE,2,NO INDICATION OF INJURY,0,0,41.7679106151,-87.5722786571,60649,"CHICAGO MIDWAY AIRPORT, IL US",62.0,50.0,65.0,0.0,10.0,5.0
crash_10730,2022-02-17 10:50:00,2022,2,Feb,Thu,10,Daytime,30,TRAFFIC SIGNAL,CLEAR,DAYLIGHT,REAR END,DIVIDED - W/MEDIAN (NOT RAISED),DRY,NO INJURY / DRIVE AWAY,true,,"OVER $1,500",NOT APPLICABLE,3,NO INDICATION OF INJURY,0,0,41.9391045358,-87.7175464306,60618,"CHICAGO MIDWAY AIRPORT, IL US",31.0,21.0,67.0,0.0,10.0,20.0
crash_10731,2022-04-10 04:00:00,2022,4,Apr,Sun,4,Night or early morning,25,NO CONTROLS,CLEAR,DARKNESS,PARKED MOTOR VEHICLE,NOT DIVIDED,DRY,INJURY AND / OR TOW DUE TO CRASH,,true,"OVER $1,500",UNABLE TO DETERMINE,2,NO INDICATION OF INJURY,0,0,41.7563377134,-87.6734527897,60620,"CHICAGO MIDWAY AIRPORT, IL US",37.0,28.0,70.0,0.0,10.0,3.0
crash_10732,2018-08-03 09:30:00,2018,8,Aug,Fri,9,Morning commute,30,NO CONTROLS,UNKNOWN,UNKNOWN,PARKED MOTOR VEHICLE,ONE-WAY,UNKNOWN,NO INJURY / DRIVE AWAY,,true,"OVER $1,500",FAILING TO YIELD RIGHT-OF-WAY,2,NO INDICATION OF INJURY,0,0,41.7823329261,-87.6064715685,60637,"CHICAGO MIDWAY AIRPORT, IL US",78.0,56.0,47.0,0.0,10.0,8.0
crash_10733,2018-02-16 16:40:00,2018,2,Feb,Fri,16,Evening commute,30,TRAFFIC SIGNAL,CLEAR,DAYLIGHT,PEDESTRIAN,DIVIDED - W/MEDIAN (NOT RAISED),DRY,INJURY AND / OR TOW DUE TO CRASH,,true,"OVER $1,500",DISREGARDING TRAFFIC SIGNALS,2,NONINCAPACITATING INJURY,1,0,41.7508910466,-87.6259685054,60620,"CHICAGO MIDWAY AIRPORT, IL US",32.0,10.0,40.0,0.0,10.0,8.0
crash_10734,2019-11-15 05:45:00,2019,11,Nov,Fri,5,Night or early morning,30,TRAFFIC SIGNAL,CLEAR,"DARKNESS, LIGHTED ROAD",TURNING,DIVIDED - W/MEDIAN (NOT RAISED),ICE,INJURY AND / OR TOW DUE TO CRASH,true,,"OVER $1,500",FAILING TO YIELD RIGHT-OF-WAY,2,NO INDICATION OF INJURY,0,0,41.9859808444,-87.8069078699,60631,"CHICAGO OHARE INTERNATIONAL AIRPORT, IL US",22.0,17.0,82.0,0.0,9.0,6.0
crash_10735,2020-04-18 14:30:00,2020,4,Apr,Sat,14,Daytime,30,TRAFFIC SIGNAL,CLEAR,DAYLIGHT,TURNING,DIVIDED - W/MEDIAN (NOT RAISED),DRY,NO INJURY / DRIVE AWAY,,true,"$501 - $1,500",IMPROPER OVERTAKING/PASSING,2,NO INDICATION OF INJURY,0,0,41.7427279656,-87.6828247929,60652,"CHICAGO MIDWAY AIRPORT, IL US",56.0,29.0,36.0,0.0,10.0,22.0
crash_10736,2019-04-15 06:30:00,2019,4,Apr,Mon,6,Morning commute,30,NO CONTROLS,UNKNOWN,DAYLIGHT,REAR END,NOT DIVIDED,ICE,NO INJURY / DRIVE AWAY,,,"OVER $1,500",WEATHER,3,NO INDICATION OF INJURY,0,0,41.9541043598,-87.6937470307,60618,"CHICAGO MIDWAY AIRPORT, IL US",32.0,26.0,79.0,0.0,10.0,6.0
crash_10737,2023-07-16 15:00:00,2023,7,Jul,Sun,15,Evening commute,10,NO CONTROLS,CLEAR,DAYLIGHT,REAR TO SIDE,NOT DIVIDED,DRY,NO INJURY / DRIVE AWAY,,,"OVER $1,500",UNABLE TO DETERMINE,2,NO INDICATION OF INJURY,0,0,41.9513885971,-87.6437363701,60613,"CHICAGO MIDWAY AIRPORT, IL US",81.0,56.0,42.0,0.0,8.0,13.0
crash_10738,2025-10-13 16:38:00,2025,10,Oct,Mon,16,Evening commute,30,STOP SIGN/FLASHER,CLOUDY/OVERCAST,DAYLIGHT,ANGLE,DIVIDED - W/MEDIAN (NOT RAISED),DRY,INJURY AND / OR TOW DUE TO CRASH,true,true,"OVER $1,500",DISREGARDING STOP SIGN,2,NO INDICATION OF INJURY,0,0,41.957759997,-87.674352383,60613,,,,,,,
crash_10739,2019-02-18 09:15:00,2019,2,Feb,Mon,9,Morning commute,20,TRAFFIC SIGNAL,SNOW,DAYLIGHT,PARKED MOTOR VEHICLE,NOT DIVIDED,SNOW OR SLUSH,NO INJURY / DRIVE AWAY,,true,"OVER $1,500",UNABLE TO DETERMINE,2,NO INDICATION OF INJURY,0,0,41.7855738212,-87.6167803476,60637,"CHICAGO MIDWAY AIRPORT, IL US",25.0,21.0,85.0,0.0,1.25,11.0
crash_10740,2020-10-29 13:30:00,2020,10,Oct,Thu,13,Daytime,30,NO CONTROLS,CLEAR,DAYLIGHT,PARKED MOTOR VEHICLE,PARKING LOT,DRY,NO INJURY / DRIVE AWAY,,true,"OVER $1,500",UNABLE TO DETERMINE,2,NO INDICATION OF INJURY,0,0,41.9460807733,-87.6880939434,60618,"CHICAGO MIDWAY AIRPORT, IL US",46.0,34.0,62.0,,10.0,22.0
crash_10741,2023-05-04 12:30:00,2023,5,May,Thu,12,Daytime,30,STOP SIGN/FLASHER,CLEAR,DAYLIGHT,ANGLE,FOUR WAY,DRY,NO INJURY / DRIVE AWAY,true,,"OVER $1,500",FAILING TO YIELD RIGHT-OF-WAY,2,NO INDICATION OF INJURY,0,0,41.7240124743,-87.5949795211,60619,"CHICAGO MIDWAY AIRPORT, IL US",67.0,35.0,31.0,0.0,10.0,0.0
crash_10742,2020-09-15 07:30:00,2020,9,Sep,Tue,7,Morning commute,30,TRAFFIC SIGNAL,CLEAR,DAYLIGHT,REAR END,NOT DIVIDED,DRY,INJURY AND / OR TOW DUE TO CRASH,true,,"OVER $1,500",FOLLOWING TOO CLOSELY,4,NONINCAPACITATING INJURY,1,0,41.9380460041,-87.8165874244,60634,"CHICAGO OHARE INTERNATIONAL AIRPORT, IL US",62.0,55.0,78.0,0.0,10.0,6.0
crash_10743,2023-08-15 22:00:00,2023,8,Aug,Tue,22,Night or early morning,30,NO CONTROLS,CLEAR,"DARKNESS, LIGHTED ROAD",PARKED MOTOR VEHICLE,NOT DIVIDED,DRY,INJURY AND / OR TOW DUE TO CRASH,,true,"OVER $1,500",IMPROPER TURNING/NO SIGNAL,2,NO INDICATION OF INJURY,0,0,41.7877967404,-87.7299541667,60629,"CHICAGO MIDWAY AIRPORT, IL US",69.0,54.0,59.0,0.0,10.0,0.0
crash_10744,2020-02-27 12:30:00,2020,2,Feb,Thu,12,Daytime,15,NO CONTROLS,CLEAR,DAYLIGHT,REAR TO SIDE,PARKING LOT,DRY,NO INJURY / DRIVE AWAY,,true,"OVER $1,500",UNABLE TO DETERMINE,2,NO INDICATION OF INJURY,0,0,41.9699575396,-87.7083728782,60625,"CHICAGO OHARE INTERNATIONAL AIRPORT, IL US",30.0,13.0,49.0,0.0,10.0,11.0
crash_10745,2020-09-22 07:38:00,2020,9,Sep,Tue,7,Morning commute,30,STOP SIGN/FLASHER,CLEAR,DAYLIGHT,ANGLE,NOT DIVIDED,DRY,INJURY AND / OR TOW DUE TO CRASH,,,"OVER $1,500",FAILING TO YIELD RIGHT-OF-WAY,2,NO INDICATION OF INJURY,0,0,41.9168094862,-87.6777418552,60647,"CHICAGO MIDWAY AIRPORT, IL US",56.0,46.0,70.0,0.0,10.0,7.0
crash_10746,2025-03-08 17:31:00,2025,3,Mar,Sat,17,Evening commute,30,STOP SIGN/FLASHER,CLEAR,DAYLIGHT,TURNING,FOUR WAY,DRY,NO INJURY / DRIVE AWAY,true,,"OVER $1,500",IMPROPER OVERTAKING/PASSING,2,NO INDICATION OF INJURY,0,0,41.9681190568,-87.7291967855,60630,"CHICAGO OHARE INTERNATIONAL AIRPORT, IL US",46.0,27.0,47.0,0.0,10.0,13.0
crash_10747,2023-10-18 19:31:00,2023,10,Oct,Wed,19,Night or early morning,30,NO CONTROLS,CLEAR,"DARKNESS, LIGHTED ROAD",FIXED OBJECT,PARKING LOT,DRY,NO INJURY / DRIVE AWAY,,,"$501 - $1,500",NOT APPLICABLE,1,NO INDICATION OF INJURY,0,0,41.9685987195,-87.6823754638,60625,"CHICAGO OHARE INTERNATIONAL AIRPORT, IL US",66.0,47.0,50.0,0.0,10.0,16.0