crash_id,crash_datetime,crash_year,crash_month,crash_month_name,crash_weekday_name,crash_hour,time_period,posted_speed_limit_mph,traffic_control_device,reported_weather_condition,reported_lighting_condition,first_crash_type,trafficway_type,reported_road_surface_condition,crash_type,intersection_related,hit_and_run,estimated_damage,primary_contributory_cause,unit_count,most_severe_injury,injuries_total,injuries_fatal,latitude,longitude,zip5,weather_station_name,temperature_f,dew_point_f,relative_humidity_percent,precipitation_inches,visibility_miles,wind_speed_mph
crash_10748,2024-11-11 13:18:00,2024,11,Nov,Mon,13,Daytime,30,UNKNOWN,UNKNOWN,UNKNOWN,SIDESWIPE SAME DIRECTION,NOT DIVIDED,DRY,NO INJURY / DRIVE AWAY,true,,"OVER $1,500",UNABLE TO DETERMINE,2,NO INDICATION OF INJURY,0,0,41.8666945223,-87.640561214,60607,"CHICAGO MIDWAY AIRPORT, IL US",58.0,39.0,50.0,0.0,10.0,15.0
crash_10749,2019-12-08 01:31:00,2019,12,Dec,Sun,1,Night or early morning,30,OTHER,CLEAR,"DARKNESS, LIGHTED ROAD",PARKED MOTOR VEHICLE,NOT DIVIDED,DRY,NO INJURY / DRIVE AWAY,,,$500 OR LESS,IMPROPER BACKING,2,NO INDICATION OF INJURY,0,0,41.9386575256,-87.6970372684,60618,"CHICAGO MIDWAY AIRPORT, IL US",36.0,23.0,59.0,0.0,10.0,10.0
crash_10750,2021-10-07 13:45:00,2021,10,Oct,Thu,13,Daytime,30,STOP SIGN/FLASHER,CLOUDY/OVERCAST,DAYLIGHT,SIDESWIPE OPPOSITE DIRECTION,NOT DIVIDED,UNKNOWN,NO INJURY / DRIVE AWAY,,,"$501 - $1,500",IMPROPER OVERTAKING/PASSING,2,NO INDICATION OF INJURY,0,0,41.9526011681,-87.6672164612,60613,"CHICAGO MIDWAY AIRPORT, IL US",73.0,63.0,71.0,0.0,10.0,6.0
crash_10751,2021-05-08 12:05:00,2021,5,May,Sat,12,Daytime,30,TRAFFIC SIGNAL,CLEAR,DAYLIGHT,SIDESWIPE SAME DIRECTION,NOT DIVIDED,UNKNOWN,NO INJURY / DRIVE AWAY,true,,"$501 - $1,500",UNABLE TO DETERMINE,2,NO INDICATION OF INJURY,0,0,41.7863573187,-87.7034123861,60629,"CHICAGO MIDWAY AIRPORT, IL US",51.0,30.0,44.0,0.0,10.0,10.0
crash_10752,2021-03-10 09:30:00,2021,3,Mar,Wed,9,Morning commute,30,TRAFFIC SIGNAL,CLEAR,DAYLIGHT,ANGLE,DIVIDED - W/MEDIAN BARRIER,DRY,INJURY AND / OR TOW DUE TO CRASH,true,,"OVER $1,500",EQUIPMENT - VEHICLE CONDITION,2,NONINCAPACITATING INJURY,1,0,41.7726346256,-87.62527215,60621,"CHICAGO MIDWAY AIRPORT, IL US",58.0,40.0,51.0,0.0,10.0,21.0
crash_10753,2023-07-06 22:00:00,2023,7,Jul,Thu,22,Night or early morning,25,NO CONTROLS,CLEAR,"DARKNESS, LIGHTED ROAD",PARKED MOTOR VEHICLE,T-INTERSECTION,DRY,INJURY AND / OR TOW DUE TO CRASH,,,"OVER $1,500",ANIMAL,3,NO INDICATION OF INJURY,0,0,41.9357767956,-87.6817504207,60618,"CHICAGO MIDWAY AIRPORT, IL US",70.0,56.0,61.0,0.0,10.0,5.0
crash_10754,2022-12-30 13:50:00,2022,12,Dec,Fri,13,Daytime,30,TRAFFIC SIGNAL,CLEAR,DAYLIGHT,TURNING,NOT DIVIDED,DRY,NO INJURY / DRIVE AWAY,,,"$501 - $1,500",UNABLE TO DETERMINE,2,NO INDICATION OF INJURY,0,0,41.9635776679,-87.6571450415,60640,"CHICAGO MIDWAY AIRPORT, IL US",39.0,32.0,76.0,0.0,10.0,7.0
crash_10755,2019-08-14 05:13:00,2019,8,Aug,Wed,5,Night or early morning,30,TRAFFIC SIGNAL,CLEAR,"DARKNESS, LIGHTED ROAD",PARKED MOTOR VEHICLE,NOT DIVIDED,DRY,INJURY AND / OR TOW DUE TO CRASH,false,,"OVER $1,500",FAILING TO REDUCE SPEED TO AVOID CRASH,2,NONINCAPACITATING INJURY,1,0,41.9341222148,-87.6606848251,60657,"CHICAGO MIDWAY AIRPORT, IL US",67.0,66.0,97.0,0.0,10.0,3.0
crash_10756,2023-05-07 00:46:00,2023,5,May,Sun,0,Night or early morning,30,TRAFFIC SIGNAL,CLEAR,"DARKNESS, LIGHTED ROAD",SIDESWIPE OPPOSITE DIRECTION,FOUR WAY,DRY,INJURY AND / OR TOW DUE TO CRASH,true,true,$500 OR LESS,DRIVING ON WRONG SIDE/WRONG WAY,2,NONINCAPACITATING INJURY,1,0,41.8745518803,-87.7204536586,60624,"CHICAGO MIDWAY AIRPORT, IL US",69.0,60.0,73.0,0.0,10.0,8.0
crash_10757,2018-01-30 15:00:00,2018,1,Jan,Tue,15,Evening commute,30,UNKNOWN,CLEAR,DAYLIGHT,REAR END,NOT DIVIDED,UNKNOWN,NO INJURY / DRIVE AWAY,,,"OVER $1,500",UNABLE TO DETERMINE,2,NO INDICATION OF INJURY,0,0,41.920676631,-87.775630269,60639,"CHICAGO OHARE INTERNATIONAL AIRPORT, IL US",29.0,12.0,49.0,0.0,10.0,11.0
crash_10758,2025-01-21 15:45:00,2025,1,Jan,Tue,15,Evening commute,25,STOP SIGN/FLASHER,CLEAR,DAYLIGHT,REAR END,DIVIDED - W/MEDIAN (NOT RAISED),UNKNOWN,INJURY AND / OR TOW DUE TO CRASH,,,"OVER $1,500",FOLLOWING TOO CLOSELY,2,NO INDICATION OF INJURY,0,0,41.699701675,-87.535134138,60617,"CHICAGO MIDWAY AIRPORT, IL US",2.0,-16.0,42.0,0.0,10.0,14.0
crash_10759,2023-02-02 16:25:00,2023,2,Feb,Thu,16,Evening commute,30,NO CONTROLS,CLEAR,DUSK,TURNING,NOT DIVIDED,DRY,NO INJURY / DRIVE AWAY,,,"OVER $1,500",IMPROPER TURNING/NO SIGNAL,2,NO INDICATION OF INJURY,0,0,,,,,,,,,,
crash_10760,2019-12-21 09:30:00,2019,12,Dec,Sat,9,Morning commute,25,STOP SIGN/FLASHER,CLEAR,DAYLIGHT,TURNING,FOUR WAY,DRY,NO INJURY / DRIVE AWAY,true,,$500 OR LESS,DISREGARDING STOP SIGN,2,NO INDICATION OF INJURY,0,0,41.8520256918,-87.6784122433,60608,"CHICAGO MIDWAY AIRPORT, IL US",39.0,28.0,65.0,0.0,10.0,8.0
crash_10761,2020-12-30 10:23:00,2020,12,Dec,Wed,10,Daytime,35,TRAFFIC SIGNAL,CLOUDY/OVERCAST,DAYLIGHT,ANGLE,FOUR WAY,SNOW OR SLUSH,INJURY AND / OR TOW DUE TO CRASH,true,,"OVER $1,500",DISREGARDING TRAFFIC SIGNALS,2,NO INDICATION OF INJURY,0,0,41.9904040089,-87.6898166664,60659,"CHICAGO OHARE INTERNATIONAL AIRPORT, IL US",34.0,28.0,81.0,,10.0,17.0
crash_10762,2019-11-11 23:50:00,2019,11,Nov,Mon,23,Night or early morning,30,TRAFFIC SIGNAL,CLEAR,"DARKNESS, LIGHTED ROAD",SIDESWIPE SAME DIRECTION,NOT DIVIDED,ICE,NO INJURY / DRIVE AWAY,,,"OVER $1,500",WEATHER,2,NO INDICATION OF INJURY,0,0,41.954745513,-87.6453293959,60613,"CHICAGO MIDWAY AIRPORT, IL US",15.0,3.0,59.0,0.0,10.0,16.0
crash_10763,2022-06-19 18:15:00,2022,6,Jun,Sun,18,Evening commute,30,UNKNOWN,CLEAR,DAYLIGHT,REAR END,NOT DIVIDED,UNKNOWN,NO INJURY / DRIVE AWAY,,,"$501 - $1,500",UNABLE TO DETERMINE,2,NO INDICATION OF INJURY,0,0,41.9049016827,-87.6328092567,60610,"CHICAGO MIDWAY AIRPORT, IL US",87.0,43.0,21.0,0.0,10.0,14.0
crash_10764,2021-10-26 00:10:00,2021,10,Oct,Tue,0,Night or early morning,30,NO CONTROLS,CLEAR,"DARKNESS, LIGHTED ROAD",PARKED MOTOR VEHICLE,NOT DIVIDED,WET,NO INJURY / DRIVE AWAY,,true,"OVER $1,500",UNABLE TO DETERMINE,2,NO INDICATION OF INJURY,0,0,41.8673859382,-87.7203012726,60624,"CHICAGO MIDWAY AIRPORT, IL US",52.0,40.0,64.0,0.0,10.0,13.0
crash_10765,2025-06-23 14:49:00,2025,6,Jun,Mon,14,Daytime,30,STOP SIGN/FLASHER,CLEAR,DAYLIGHT,TURNING,NOT DIVIDED,DRY,INJURY AND / OR TOW DUE TO CRASH,true,true,"OVER $1,500",DRIVING ON WRONG SIDE/WRONG WAY,2,INCAPACITATING INJURY,3,0,41.8500194257,-87.6386076322,60616,"CHICAGO MIDWAY AIRPORT, IL US",95.0,69.0,43.0,0.0,10.0,20.0
crash_10766,2020-05-28 15:44:00,2020,5,May,Thu,15,Evening commute,20,NO CONTROLS,CLEAR,DAYLIGHT,REAR TO SIDE,PARKING LOT,DRY,NO INJURY / DRIVE AWAY,,,$500 OR LESS,UNABLE TO DETERMINE,2,NO INDICATION OF INJURY,0,0,41.9386693214,-87.7677755434,60634,"CHICAGO OHARE INTERNATIONAL AIRPORT, IL US",81.0,63.0,54.0,,10.0,14.0
crash_10767,2022-09-19 16:22:00,2022,9,Sep,Mon,16,Evening commute,30,TRAFFIC SIGNAL,CLEAR,DAWN,REAR END,NOT DIVIDED,DRY,NO INJURY / DRIVE AWAY,,,"OVER $1,500",FAILING TO REDUCE SPEED TO AVOID CRASH,2,NO INDICATION OF INJURY,0,0,41.7823244134,-87.6741293215,60636,"CHICAGO MIDWAY AIRPORT, IL US",78.0,53.0,42.0,0.0,10.0,9.0
crash_10768,2022-07-04 18:30:00,2022,7,Jul,Mon,18,Evening commute,10,UNKNOWN,UNKNOWN,DAYLIGHT,SIDESWIPE SAME DIRECTION,NOT DIVIDED,UNKNOWN,NO INJURY / DRIVE AWAY,,,"OVER $1,500",UNABLE TO DETERMINE,2,NO INDICATION OF INJURY,0,0,41.9543993037,-87.6691128654,60613,"CHICAGO MIDWAY AIRPORT, IL US",83.0,71.0,67.0,0.0,10.0,13.0
crash_10769,2024-04-27 07:50:00,2024,4,Apr,Sat,7,Morning commute,30,NO CONTROLS,UNKNOWN,DAYLIGHT,SIDESWIPE SAME DIRECTION,NOT DIVIDED,UNKNOWN,NO INJURY / DRIVE AWAY,,,"OVER $1,500",UNABLE TO DETERMINE,2,NO INDICATION OF INJURY,0,0,41.8167293867,-87.7435367125,60638,"CHICAGO MIDWAY AIRPORT, IL US",67.0,59.0,76.0,0.0,10.0,14.0
crash_10770,2025-09-12 13:23:00,2025,9,Sep,Fri,13,Daytime,25,TRAFFIC SIGNAL,UNKNOWN,UNKNOWN,SIDESWIPE SAME DIRECTION,T-INTERSECTION,UNKNOWN,NO INJURY / DRIVE AWAY,,,"$501 - $1,500",IMPROPER LANE USAGE,2,NO INDICATION OF INJURY,0,0,41.8969061355,-87.6198339479,60611,,,,,,,
crash_10771,2022-07-02 11:28:00,2022,7,Jul,Sat,11,Daytime,15,NO CONTROLS,CLEAR,DAYLIGHT,PARKED MOTOR VEHICLE,ALLEY,DRY,NO INJURY / DRIVE AWAY,,false,$500 OR LESS,UNABLE TO DETERMINE,2,NO INDICATION OF INJURY,0,0,41.8640015435,-87.6242257291,60605,"CHICAGO MIDWAY AIRPORT, IL US",84.0,47.0,27.0,0.0,10.0,8.0
crash_10772,2022-05-01 23:00:00,2022,5,May,Sun,23,Night or early morning,25,STOP SIGN/FLASHER,CLEAR,"DARKNESS, LIGHTED ROAD",REAR TO FRONT,NOT DIVIDED,DRY,NO INJURY / DRIVE AWAY,,true,$500 OR LESS,UNABLE TO DETERMINE,2,NO INDICATION OF INJURY,0,0,41.7901620964,-87.6670621304,60636,"CHICAGO MIDWAY AIRPORT, IL US",53.0,42.0,66.0,0.0,10.0,13.0
crash_10773,2023-12-11 05:00:00,2023,12,Dec,Mon,5,Night or early morning,30,NO CONTROLS,CLEAR,DARKNESS,PARKED MOTOR VEHICLE,NOT DIVIDED,DRY,NO INJURY / DRIVE AWAY,,true,"OVER $1,500",UNABLE TO DETERMINE,2,NO INDICATION OF INJURY,0,0,41.8350460341,-87.6545790618,60608,"CHICAGO MIDWAY AIRPORT, IL US",30.0,19.0,64.0,0.0,10.0,8.0
crash_10774,2019-12-17 05:25:00,2019,12,Dec,Tue,5,Night or early morning,30,TRAFFIC SIGNAL,CLEAR,DARKNESS,FIXED OBJECT,NOT DIVIDED,DRY,INJURY AND / OR TOW DUE TO CRASH,,,"OVER $1,500",UNABLE TO DETERMINE,1,NONINCAPACITATING INJURY,1,0,41.7793759357,-87.6640720913,60636,"CHICAGO MIDWAY AIRPORT, IL US",22.0,17.0,82.0,,10.0,9.0
crash_10775,2020-07-22 17:58:00,2020,7,Jul,Wed,17,Evening commute,35,TRAFFIC SIGNAL,CLEAR,DAYLIGHT,REAR END,DIVIDED - W/MEDIAN BARRIER,DRY,INJURY AND / OR TOW DUE TO CRASH,,,"$501 - $1,500",FAILING TO REDUCE SPEED TO AVOID CRASH,3,NO INDICATION OF INJURY,0,0,41.9109958934,-87.6391965279,60610,"CHICAGO MIDWAY AIRPORT, IL US",85.0,62.0,46.0,0.0,10.0,14.0
crash_10776,2024-12-03 21:00:00,2024,12,Dec,Tue,21,Night or early morning,30,NO CONTROLS,CLEAR,"DARKNESS, LIGHTED ROAD",PARKED MOTOR VEHICLE,NOT DIVIDED,DRY,NO INJURY / DRIVE AWAY,,,"OVER $1,500",UNABLE TO DETERMINE,2,NO INDICATION OF INJURY,0,0,41.9175937525,-87.7588774553,60639,"CHICAGO MIDWAY AIRPORT, IL US",24.0,17.0,75.0,,10.0,20.0
crash_10777,2024-04-21 22:40:00,2024,4,Apr,Sun,22,Night or early morning,30,NO CONTROLS,CLEAR,"DARKNESS, LIGHTED ROAD",TURNING,DIVIDED - W/MEDIAN BARRIER,DRY,INJURY AND / OR TOW DUE TO CRASH,true,,"OVER $1,500",UNABLE TO DETERMINE,2,"REPORTED, NOT EVIDENT",3,0,41.7050015457,-87.6429209365,60643,"CHICAGO MIDWAY AIRPORT, IL US",50.0,26.0,39.0,0.0,10.0,6.0
crash_10778,2024-12-05 17:25:00,2024,12,Dec,Thu,17,Evening commute,30,NO CONTROLS,CLEAR,DUSK,SIDESWIPE SAME DIRECTION,NOT DIVIDED,DRY,NO INJURY / DRIVE AWAY,,,"$501 - $1,500",UNABLE TO DETERMINE,2,NO INDICATION OF INJURY,0,0,41.8866821888,-87.629309787,60601,"CHICAGO MIDWAY AIRPORT, IL US",28.0,10.0,47.0,,10.0,8.0
crash_10779,2025-11-18 05:59:00,2025,11,Nov,Tue,5,Night or early morning,30,NO CONTROLS,RAIN,DAWN,HEAD ON,DIVIDED - W/MEDIAN (NOT RAISED),WET,INJURY AND / OR TOW DUE TO CRASH,,,"OVER $1,500",WEATHER,2,NO INDICATION OF INJURY,0,0,41.822563836,-87.7241874791,60632,,,,,,,
crash_10780,2020-10-22 13:05:00,2020,10,Oct,Thu,13,Daytime,20,NO CONTROLS,CLEAR,DAYLIGHT,PARKED MOTOR VEHICLE,ONE-WAY,DRY,NO INJURY / DRIVE AWAY,,,$500 OR LESS,IMPROPER OVERTAKING/PASSING,2,NO INDICATION OF INJURY,0,0,41.9063657216,-87.7070227316,60651,"CHICAGO MIDWAY AIRPORT, IL US",64.0,58.0,81.0,,7.0,7.0
crash_10781,2023-09-08 19:00:00,2023,9,Sep,Fri,19,Night or early morning,30,STOP SIGN/FLASHER,CLEAR,DUSK,PARKED MOTOR VEHICLE,NOT DIVIDED,DRY,NO INJURY / DRIVE AWAY,,,"$501 - $1,500",UNABLE TO DETERMINE,2,NO INDICATION OF INJURY,0,0,41.8285217771,-87.6871880649,60632,"CHICAGO MIDWAY AIRPORT, IL US",65.0,55.0,70.0,0.0,10.0,10.0
crash_10782,2018-01-13 09:41:00,2018,1,Jan,Sat,9,Morning commute,30,STOP SIGN/FLASHER,CLEAR,DAYLIGHT,TURNING,NOT DIVIDED,DRY,INJURY AND / OR TOW DUE TO CRASH,true,,"OVER $1,500",FAILING TO YIELD RIGHT-OF-WAY,2,"REPORTED, NOT EVIDENT",1,0,41.7607102644,-87.5665564327,60649,"CHICAGO MIDWAY AIRPORT, IL US",12.0,-3.0,51.0,0.0,10.0,11.0
crash_10783,2018-11-11 14:40:00,2018,11,Nov,Sun,14,Daytime,30,TRAFFIC SIGNAL,CLEAR,DAYLIGHT,TURNING,NOT DIVIDED,DRY,NO INJURY / DRIVE AWAY,true,,$500 OR LESS,FOLLOWING TOO CLOSELY,2,NO INDICATION OF INJURY,0,0,41.998190504,-87.6701495158,60626,"CHICAGO OHARE INTERNATIONAL AIRPORT, IL US",40.0,23.0,51.0,0.0,10.0,7.0
crash_10784,2020-12-06 05:00:00,2020,12,Dec,Sun,5,Night or early morning,30,NO CONTROLS,CLEAR,DARKNESS,ANGLE,NOT DIVIDED,DRY,NO INJURY / DRIVE AWAY,,true,"$501 - $1,500",UNABLE TO DETERMINE,2,NO INDICATION OF INJURY,0,0,41.9631420585,-87.8368410176,60656,"CHICAGO OHARE INTERNATIONAL AIRPORT, IL US",35.0,27.0,72.0,0.0,10.0,7.0
crash_10785,2020-05-23 15:50:00,2020,5,May,Sat,15,Evening commute,30,STOP SIGN/FLASHER,CLEAR,DAYLIGHT,REAR END,NOT DIVIDED,DRY,NO INJURY / DRIVE AWAY,,true,"OVER $1,500",FOLLOWING TOO CLOSELY,2,NO INDICATION OF INJURY,0,0,41.7522696958,-87.6539316073,60620,"CHICAGO MIDWAY AIRPORT, IL US",77.0,65.0,66.0,0.02,9.0,8.0
crash_10786,2024-08-15 13:38:00,2024,8,Aug,Thu,13,Daytime,25,NO CONTROLS,CLEAR,DAYLIGHT,REAR TO FRONT,ONE-WAY,DRY,NO INJURY / DRIVE AWAY,,true,"OVER $1,500",FAILING TO YIELD RIGHT-OF-WAY,2,NO INDICATION OF INJURY,0,0,41.9391708848,-87.7135599738,60618,"CHICAGO MIDWAY AIRPORT, IL US",74.0,67.0,79.0,0.0,10.0,9.0
crash_10787,2024-04-06 17:34:00,2024,4,Apr,Sat,17,Evening commute,30,TRAFFIC SIGNAL,CLEAR,DAYLIGHT,ANGLE,FOUR WAY,DRY,INJURY AND / OR TOW DUE TO CRASH,true,,"OVER $1,500",DISREGARDING TRAFFIC SIGNALS,2,NONINCAPACITATING INJURY,5,0,41.8769182444,-87.7354947719,60624,"CHICAGO MIDWAY AIRPORT, IL US",50.0,26.0,39.0,0.0,10.0,14.0
crash_10788,2019-04-01 13:10:00,2019,4,Apr,Mon,13,Daytime,30,NO CONTROLS,CLEAR,DAYLIGHT,PARKED MOTOR VEHICLE,NOT DIVIDED,DRY,NO INJURY / DRIVE AWAY,,true,"$501 - $1,500",UNABLE TO DETERMINE,2,NO INDICATION OF INJURY,0,0,41.7945607642,-87.7551706933,60638,"CHICAGO MIDWAY AIRPORT, IL US",46.0,22.0,38.0,0.0,10.0,18.0
crash_10789,2024-03-22 09:50:00,2024,3,Mar,Fri,9,Morning commute,30,TRAFFIC SIGNAL,CLEAR,DAYLIGHT,REAR END,NOT DIVIDED,WET,INJURY AND / OR TOW DUE TO CRASH,true,true,"OVER $1,500",UNABLE TO DETERMINE,2,"REPORTED, NOT EVIDENT",1,0,41.9251809303,-87.675466164,60614,"CHICAGO MIDWAY AIRPORT, IL US",35.0,26.0,70.0,0.0,10.0,9.0
crash_10790,2019-12-30 17:30:00,2019,12,Dec,Mon,17,Evening commute,30,NO CONTROLS,SNOW,DARKNESS,SIDESWIPE SAME DIRECTION,NOT DIVIDED,WET,INJURY AND / OR TOW DUE TO CRASH,,,"OVER $1,500",IMPROPER LANE USAGE,3,NO INDICATION OF INJURY,0,0,41.8805431819,-87.731835689,60624,"CHICAGO MIDWAY AIRPORT, IL US",31.0,25.0,79.0,0.0,1.75,23.0
crash_10791,2024-07-01 12:30:00,2024,7,Jul,Mon,12,Daytime,30,STOP SIGN/FLASHER,UNKNOWN,UNKNOWN,ANGLE,NOT DIVIDED,UNKNOWN,NO INJURY / DRIVE AWAY,,true,"$501 - $1,500",UNABLE TO DETERMINE,2,NO INDICATION OF INJURY,0,0,41.7772937537,-87.700705823,60629,"CHICAGO MIDWAY AIRPORT, IL US",72.0,41.0,33.0,0.0,10.0,7.0
crash_10792,2021-01-10 23:00:00,2021,1,Jan,Sun,23,Night or early morning,25,OTHER,CLEAR,UNKNOWN,PARKED MOTOR VEHICLE,NOT DIVIDED,UNKNOWN,NO INJURY / DRIVE AWAY,,,"$501 - $1,500",NOT APPLICABLE,2,NO INDICATION OF INJURY,0,0,41.7513575425,-87.6672518992,60620,"CHICAGO MIDWAY AIRPORT, IL US",26.0,18.0,71.0,0.0,10.0,9.0
crash_10793,2024-09-12 14:55:00,2024,9,Sep,Thu,14,Daytime,30,STOP SIGN/FLASHER,CLEAR,DAYLIGHT,TURNING,NOT DIVIDED,DRY,INJURY AND / OR TOW DUE TO CRASH,,,"OVER $1,500",IMPROPER TURNING/NO SIGNAL,2,"REPORTED, NOT EVIDENT",2,0,41.8833923105,-87.7258934386,60624,"CHICAGO MIDWAY AIRPORT, IL US",86.0,53.0,32.0,0.0,10.0,15.0
crash_10794,2021-07-23 23:50:00,2021,7,Jul,Fri,23,Night or early morning,30,UNKNOWN,CLEAR,DUSK,PARKED MOTOR VEHICLE,NOT DIVIDED,DRY,NO INJURY / DRIVE AWAY,,true,"$501 - $1,500",UNABLE TO DETERMINE,2,NO INDICATION OF INJURY,0,0,41.8657845412,-87.6452147735,60607,"CHICAGO MIDWAY AIRPORT, IL US",80.0,68.0,67.0,0.0,10.0,9.0
crash_10795,2021-05-03 21:45:00,2021,5,May,Mon,21,Night or early morning,25,NO CONTROLS,CLEAR,"DARKNESS, LIGHTED ROAD",PARKED MOTOR VEHICLE,ONE-WAY,WET,NO INJURY / DRIVE AWAY,,true,"OVER $1,500",NOT APPLICABLE,2,NO INDICATION OF INJURY,0,0,41.7647208648,-87.6231357519,60619,"CHICAGO MIDWAY AIRPORT, IL US",63.0,59.0,88.0,,10.0,8.0
crash_10796,2021-06-17 12:10:00,2021,6,Jun,Thu,12,Daytime,30,NO CONTROLS,CLEAR,DAYLIGHT,PARKED MOTOR VEHICLE,DIVIDED - W/MEDIAN (NOT RAISED),DRY,NO INJURY / DRIVE AWAY,,,"$501 - $1,500",UNABLE TO DETERMINE,2,NO INDICATION OF INJURY,0,0,41.9794282549,-87.6598058547,60640,"CHICAGO OHARE INTERNATIONAL AIRPORT, IL US",82.0,48.0,31.0,0.0,10.0,10.0
crash_10797,2018-12-13 19:40:00,2018,12,Dec,Thu,19,Night or early morning,30,TRAFFIC SIGNAL,RAIN,"DARKNESS, LIGHTED ROAD",TURNING,NOT DIVIDED,WET,NO INJURY / DRIVE AWAY,true,,$500 OR LESS,IMPROPER LANE USAGE,2,NO INDICATION OF INJURY,0,0,41.90052616,-87.712682588,60651,"CHICAGO MIDWAY AIRPORT, IL US",41.0,37.0,87.0,0.03,1.75,7.0
crash_10798,2021-12-01 01:40:00,2021,12,Dec,Wed,1,Night or early morning,30,TRAFFIC SIGNAL,CLEAR,"DARKNESS, LIGHTED ROAD",REAR TO FRONT,FOUR WAY,DRY,NO INJURY / DRIVE AWAY,true,,"OVER $1,500",FAILING TO REDUCE SPEED TO AVOID CRASH,2,NO INDICATION OF INJURY,0,0,41.8804261978,-87.6474668481,60607,"CHICAGO MIDWAY AIRPORT, IL US",38.0,24.0,57.0,0.0,10.0,3.0
crash_10799,2020-11-19 10:30:00,2020,11,Nov,Thu,10,Daytime,30,NO CONTROLS,CLEAR,DAYLIGHT,PARKED MOTOR VEHICLE,ONE-WAY,DRY,NO INJURY / DRIVE AWAY,,,$500 OR LESS,UNABLE TO DETERMINE,2,NO INDICATION OF INJURY,0,0,41.7725785478,-87.5803015497,60649,"CHICAGO MIDWAY AIRPORT, IL US",60.0,31.0,33.0,0.0,10.0,20.0
crash_10800,2018-07-28 11:54:00,2018,7,Jul,Sat,11,Daytime,30,OTHER,CLEAR,DAYLIGHT,PEDESTRIAN,NOT DIVIDED,DRY,INJURY AND / OR TOW DUE TO CRASH,,true,"OVER $1,500",FAILING TO YIELD RIGHT-OF-WAY,3,NONINCAPACITATING INJURY,1,0,41.9313182786,-87.6444237581,60614,"CHICAGO MIDWAY AIRPORT, IL US",78.0,50.0,37.0,0.0,10.0,8.0
crash_10801,2023-07-16 12:13:00,2023,7,Jul,Sun,12,Daytime,25,NO CONTROLS,CLEAR,DAYLIGHT,PARKED MOTOR VEHICLE,ONE-WAY,DRY,NO INJURY / DRIVE AWAY,,,"OVER $1,500",NOT APPLICABLE,2,NO INDICATION OF INJURY,0,0,41.9751276663,-87.7195143595,60625,"CHICAGO OHARE INTERNATIONAL AIRPORT, IL US",78.0,54.0,43.0,0.0,10.0,13.0
crash_10802,2023-07-06 17:00:00,2023,7,Jul,Thu,17,Evening commute,30,NO CONTROLS,CLEAR,DAYLIGHT,PARKED MOTOR VEHICLE,NOT DIVIDED,DRY,NO INJURY / DRIVE AWAY,,true,"OVER $1,500",UNABLE TO DETERMINE,2,NO INDICATION OF INJURY,0,0,41.8617151307,-87.6566043238,60608,"CHICAGO MIDWAY AIRPORT, IL US",74.0,61.0,64.0,0.0,10.0,9.0
crash_10803,2021-07-07 06:20:00,2021,7,Jul,Wed,6,Morning commute,25,NO CONTROLS,CLEAR,DAYLIGHT,PARKED MOTOR VEHICLE,ONE-WAY,DRY,NO INJURY / DRIVE AWAY,,,$500 OR LESS,UNABLE TO DETERMINE,3,NO INDICATION OF INJURY,0,0,41.7774948993,-87.6014554765,60637,"CHICAGO MIDWAY AIRPORT, IL US",75.0,67.0,76.0,0.0,10.0,7.0
crash_10804,2024-02-06 17:20:00,2024,2,Feb,Tue,17,Evening commute,30,NO CONTROLS,CLEAR,"DARKNESS, LIGHTED ROAD",REAR END,DIVIDED - W/MEDIAN (NOT RAISED),DRY,NO INJURY / DRIVE AWAY,,true,"OVER $1,500","OPERATING VEHICLE IN ERRATIC, RECKLESS, CARELESS, NEGLIGENT OR AGGRESSIVE MANNER",2,NO INDICATION OF INJURY,0,0,41.7877465452,-87.577648467,60637,"CHICAGO MIDWAY AIRPORT, IL US",39.0,31.0,73.0,0.0,9.0,8.0
crash_10805,2020-12-07 08:15:00,2020,12,Dec,Mon,8,Morning commute,30,TRAFFIC SIGNAL,CLOUDY/OVERCAST,DAYLIGHT,REAR END,DIVIDED - W/MEDIAN (NOT RAISED),DRY,NO INJURY / DRIVE AWAY,,,"OVER $1,500",UNABLE TO DETERMINE,2,NO INDICATION OF INJURY,0,0,41.940890051,-87.6883593178,60618,"CHICAGO MIDWAY AIRPORT, IL US",36.0,25.0,64.0,,10.0,7.0
crash_10806,2022-10-11 17:15:00,2022,10,Oct,Tue,17,Evening commute,30,TRAFFIC SIGNAL,RAIN,DAYLIGHT,REAR END,NOT DIVIDED,WET,NO INJURY / DRIVE AWAY,,,"$501 - $1,500",FOLLOWING TOO CLOSELY,2,NO INDICATION OF INJURY,0,0,41.9466952995,-87.6830918685,60618,"CHICAGO MIDWAY AIRPORT, IL US",63.0,58.0,84.0,0.12,4.0,14.0
crash_10807,2025-10-31 07:53:00,2025,10,Oct,Fri,7,Morning commute,30,TRAFFIC SIGNAL,CLEAR,DAYLIGHT,ANGLE,FOUR WAY,DRY,INJURY AND / OR TOW DUE TO CRASH,true,,"OVER $1,500",FAILING TO YIELD RIGHT-OF-WAY,2,"REPORTED, NOT EVIDENT",1,0,41.8897946533,-87.638679198,60654,,,,,,,