crash_id,crash_datetime,crash_year,crash_month,crash_month_name,crash_weekday_name,crash_hour,time_period,posted_speed_limit_mph,traffic_control_device,reported_weather_condition,reported_lighting_condition,first_crash_type,trafficway_type,reported_road_surface_condition,crash_type,intersection_related,hit_and_run,estimated_damage,primary_contributory_cause,unit_count,most_severe_injury,injuries_total,injuries_fatal,latitude,longitude,zip5,weather_station_name,temperature_f,dew_point_f,relative_humidity_percent,precipitation_inches,visibility_miles,wind_speed_mph
crash_10808,2023-08-03 12:08:00,2023,8,Aug,Thu,12,Daytime,10,NO CONTROLS,CLEAR,DAYLIGHT,PARKED MOTOR VEHICLE,PARKING LOT,DRY,NO INJURY / DRIVE AWAY,,true,"OVER $1,500",UNABLE TO DETERMINE,2,NO INDICATION OF INJURY,0,0,41.8172507841,-87.6988598451,60632,"CHICAGO MIDWAY AIRPORT, IL US",84.0,63.0,49.0,0.0,10.0,3.0
crash_10809,2023-01-10 18:35:00,2023,1,Jan,Tue,18,Evening commute,30,NO CONTROLS,CLEAR,"DARKNESS, LIGHTED ROAD",ANGLE,PARKING LOT,DRY,NO INJURY / DRIVE AWAY,,,"OVER $1,500",UNABLE TO DETERMINE,2,NO INDICATION OF INJURY,0,0,41.9095051477,-87.7469599363,60651,"CHICAGO MIDWAY AIRPORT, IL US",43.0,34.0,71.0,0.0,10.0,3.0
crash_10810,2023-10-14 20:30:00,2023,10,Oct,Sat,20,Night or early morning,30,NO CONTROLS,UNKNOWN,DARKNESS,REAR END,NOT DIVIDED,UNKNOWN,NO INJURY / DRIVE AWAY,,,"$501 - $1,500",UNABLE TO DETERMINE,2,NO INDICATION OF INJURY,0,0,41.9243682735,-87.7272063156,60639,"CHICAGO MIDWAY AIRPORT, IL US",54.0,45.0,72.0,0.0,10.0,18.0
crash_10811,2023-07-30 02:24:00,2023,7,Jul,Sun,2,Night or early morning,30,TRAFFIC SIGNAL,CLEAR,"DARKNESS, LIGHTED ROAD",SIDESWIPE OPPOSITE DIRECTION,FOUR WAY,DRY,NO INJURY / DRIVE AWAY,true,true,"$501 - $1,500",UNABLE TO DETERMINE,2,NO INDICATION OF INJURY,0,0,41.847242704,-87.6463443178,60616,"CHICAGO MIDWAY AIRPORT, IL US",69.0,57.0,66.0,0.0,10.0,5.0
crash_10812,2022-04-30 16:00:00,2022,4,Apr,Sat,16,Evening commute,30,NO CONTROLS,RAIN,DAYLIGHT,PARKED MOTOR VEHICLE,OTHER,WET,NO INJURY / DRIVE AWAY,,true,"OVER $1,500",UNABLE TO DETERMINE,2,NO INDICATION OF INJURY,0,0,41.8751368558,-87.6760327553,60612,"CHICAGO MIDWAY AIRPORT, IL US",72.0,57.0,59.0,0.0,10.0,15.0
crash_10813,2020-07-21 13:50:00,2020,7,Jul,Tue,13,Daytime,25,NO CONTROLS,CLEAR,DAYLIGHT,PARKED MOTOR VEHICLE,NOT DIVIDED,DRY,INJURY AND / OR TOW DUE TO CRASH,,,"OVER $1,500",NOT APPLICABLE,2,NO INDICATION OF INJURY,0,0,41.8832785047,-87.7419418123,60644,"CHICAGO MIDWAY AIRPORT, IL US",74.0,68.0,82.0,0.02,10.0,8.0
crash_10814,2021-07-31 19:18:00,2021,7,Jul,Sat,19,Night or early morning,30,NO CONTROLS,CLEAR,DAYLIGHT,PARKED MOTOR VEHICLE,NOT DIVIDED,DRY,NO INJURY / DRIVE AWAY,,,"OVER $1,500",IMPROPER BACKING,2,NO INDICATION OF INJURY,0,0,41.8420181755,-87.6295895418,60616,"CHICAGO MIDWAY AIRPORT, IL US",78.0,57.0,48.0,0.0,10.0,8.0
crash_10815,2019-02-25 05:30:00,2019,2,Feb,Mon,5,Night or early morning,20,NO CONTROLS,CLEAR,DARKNESS,PARKED MOTOR VEHICLE,ONE-WAY,DRY,NO INJURY / DRIVE AWAY,,true,"OVER $1,500",NOT APPLICABLE,3,NO INDICATION OF INJURY,0,0,41.7520505966,-87.6660548293,60620,"CHICAGO MIDWAY AIRPORT, IL US",9.0,-4.0,55.0,0.0,10.0,15.0
crash_10816,2020-02-04 12:06:00,2020,2,Feb,Tue,12,Daytime,30,NO CONTROLS,CLEAR,DAYLIGHT,TURNING,NOT DIVIDED,DRY,INJURY AND / OR TOW DUE TO CRASH,true,,"OVER $1,500",IMPROPER LANE USAGE,2,NO INDICATION OF INJURY,0,0,41.8783338113,-87.7009862182,60612,"CHICAGO MIDWAY AIRPORT, IL US",36.0,26.0,67.0,0.0,10.0,22.0
crash_10817,2019-10-27 09:50:00,2019,10,Oct,Sun,9,Morning commute,30,TRAFFIC SIGNAL,CLEAR,DAYLIGHT,PEDESTRIAN,FOUR WAY,UNKNOWN,INJURY AND / OR TOW DUE TO CRASH,true,,"OVER $1,500",FAILING TO YIELD RIGHT-OF-WAY,2,NONINCAPACITATING INJURY,1,0,41.9310303035,-87.7759031318,60639,"CHICAGO OHARE INTERNATIONAL AIRPORT, IL US",45.0,38.0,77.0,0.0,10.0,9.0
crash_10818,2020-12-14 23:35:00,2020,12,Dec,Mon,23,Night or early morning,30,STOP SIGN/FLASHER,CLEAR,DARKNESS,REAR END,T-INTERSECTION,DRY,INJURY AND / OR TOW DUE TO CRASH,false,true,"OVER $1,500",FAILING TO YIELD RIGHT-OF-WAY,2,INCAPACITATING INJURY,1,0,41.7458579851,-87.5918539242,60619,"CHICAGO MIDWAY AIRPORT, IL US",24.0,6.0,46.0,0.0,10.0,7.0
crash_10819,2019-02-23 00:53:00,2019,2,Feb,Sat,0,Night or early morning,30,NO CONTROLS,CLEAR,"DARKNESS, LIGHTED ROAD",REAR END,DIVIDED - W/MEDIAN BARRIER,DRY,INJURY AND / OR TOW DUE TO CRASH,,,"OVER $1,500",EXCEEDING AUTHORIZED SPEED LIMIT,2,INCAPACITATING INJURY,1,0,41.7423299002,-87.5859156433,60619,"CHICAGO MIDWAY AIRPORT, IL US",35.0,26.0,70.0,0.0,9.0,7.0
crash_10820,2019-02-13 15:00:00,2019,2,Feb,Wed,15,Evening commute,30,NO CONTROLS,CLEAR,DAYLIGHT,PARKED MOTOR VEHICLE,NOT DIVIDED,DRY,INJURY AND / OR TOW DUE TO CRASH,,,"OVER $1,500",UNABLE TO DETERMINE,2,NO INDICATION OF INJURY,0,0,41.751753512,-87.5730629635,60649,"CHICAGO MIDWAY AIRPORT, IL US",25.0,16.0,69.0,0.0,10.0,14.0
crash_10821,2025-02-22 16:56:00,2025,2,Feb,Sat,16,Evening commute,30,NO CONTROLS,CLEAR,DAYLIGHT,PARKED MOTOR VEHICLE,NOT DIVIDED,DRY,INJURY AND / OR TOW DUE TO CRASH,,,"OVER $1,500",DISTRACTION - FROM INSIDE VEHICLE,2,NONINCAPACITATING INJURY,1,0,41.7576670943,-87.5565293925,60649,"CHICAGO MIDWAY AIRPORT, IL US",34.0,13.0,42.0,0.0,10.0,16.0
crash_10822,2024-10-22 01:45:00,2024,10,Oct,Tue,1,Night or early morning,30,STOP SIGN/FLASHER,CLEAR,"DARKNESS, LIGHTED ROAD",ANGLE,FOUR WAY,DRY,INJURY AND / OR TOW DUE TO CRASH,true,true,"OVER $1,500",DISREGARDING STOP SIGN,2,NO INDICATION OF INJURY,0,0,41.7571296657,-87.562551763,60649,"CHICAGO MIDWAY AIRPORT, IL US",61.0,39.0,44.0,0.0,10.0,6.0
crash_10823,2024-08-17 23:00:00,2024,8,Aug,Sat,23,Night or early morning,30,NO CONTROLS,UNKNOWN,DARKNESS,PARKED MOTOR VEHICLE,DIVIDED - W/MEDIAN (NOT RAISED),UNKNOWN,NO INJURY / DRIVE AWAY,,true,"$501 - $1,500",UNABLE TO DETERMINE,2,NO INDICATION OF INJURY,0,0,41.8737442126,-87.6897615888,60612,"CHICAGO MIDWAY AIRPORT, IL US",70.0,67.0,90.0,0.0,10.0,5.0
crash_10824,2023-08-30 14:34:00,2023,8,Aug,Wed,14,Daytime,15,NO CONTROLS,CLEAR,DAYLIGHT,PARKED MOTOR VEHICLE,ALLEY,DRY,NO INJURY / DRIVE AWAY,,,$500 OR LESS,NOT APPLICABLE,2,NO INDICATION OF INJURY,0,0,41.9252175419,-87.7563339486,60639,"CHICAGO OHARE INTERNATIONAL AIRPORT, IL US",70.0,50.0,49.0,0.0,10.0,16.0
crash_10825,2023-04-11 17:00:00,2023,4,Apr,Tue,17,Evening commute,30,NO CONTROLS,CLEAR,DAYLIGHT,SIDESWIPE SAME DIRECTION,ONE-WAY,DRY,NO INJURY / DRIVE AWAY,,,"OVER $1,500",FAILING TO REDUCE SPEED TO AVOID CRASH,2,NO INDICATION OF INJURY,0,0,41.8821394309,-87.6260696095,60602,"CHICAGO MIDWAY AIRPORT, IL US",79.0,46.0,31.0,0.0,10.0,13.0
crash_10826,2024-11-17 17:02:00,2024,11,Nov,Sun,17,Evening commute,25,OTHER,CLEAR,DARKNESS,SIDESWIPE SAME DIRECTION,DIVIDED - W/MEDIAN (NOT RAISED),DRY,NO INJURY / DRIVE AWAY,,,"OVER $1,500",UNABLE TO DETERMINE,2,NO INDICATION OF INJURY,0,0,41.8745940145,-87.7182060819,60624,"CHICAGO MIDWAY AIRPORT, IL US",58.0,49.0,72.0,0.0,10.0,8.0
crash_10827,2022-06-19 17:59:00,2022,6,Jun,Sun,17,Evening commute,30,NO CONTROLS,CLEAR,DAYLIGHT,REAR END,NOT DIVIDED,DRY,INJURY AND / OR TOW DUE TO CRASH,,,"OVER $1,500",FOLLOWING TOO CLOSELY,2,NONINCAPACITATING INJURY,2,0,41.9052572424,-87.7067193547,60622,"CHICAGO MIDWAY AIRPORT, IL US",87.0,43.0,21.0,0.0,10.0,14.0
crash_10828,2025-05-07 13:35:00,2025,5,May,Wed,13,Daytime,30,TRAFFIC SIGNAL,CLEAR,DAYLIGHT,SIDESWIPE SAME DIRECTION,NOT DIVIDED,UNKNOWN,NO INJURY / DRIVE AWAY,,true,"OVER $1,500",UNABLE TO DETERMINE,2,NO INDICATION OF INJURY,0,0,41.8897924615,-87.7209815952,60624,"CHICAGO MIDWAY AIRPORT, IL US",65.0,46.0,51.0,0.0,10.0,15.0
crash_10829,2021-10-27 20:22:00,2021,10,Oct,Wed,20,Night or early morning,25,NO CONTROLS,CLEAR,DARKNESS,PEDALCYCLIST,NOT DIVIDED,DRY,INJURY AND / OR TOW DUE TO CRASH,,true,"OVER $1,500",UNABLE TO DETERMINE,2,NO INDICATION OF INJURY,0,0,41.9470591229,-87.6718907508,60613,"CHICAGO MIDWAY AIRPORT, IL US",52.0,36.0,55.0,0.0,10.0,9.0
crash_10830,2020-01-06 14:15:00,2020,1,Jan,Mon,14,Daytime,30,TRAFFIC SIGNAL,CLEAR,DAYLIGHT,SIDESWIPE SAME DIRECTION,NOT DIVIDED,UNKNOWN,NO INJURY / DRIVE AWAY,true,,"$501 - $1,500",IMPROPER LANE USAGE,2,NO INDICATION OF INJURY,0,0,41.9257199272,-87.639189329,60614,"CHICAGO MIDWAY AIRPORT, IL US",42.0,21.0,43.0,0.0,10.0,13.0
crash_10831,2018-07-02 18:15:00,2018,7,Jul,Mon,18,Evening commute,25,TRAFFIC SIGNAL,CLEAR,DAYLIGHT,TURNING,NOT DIVIDED,DRY,NO INJURY / DRIVE AWAY,true,,"OVER $1,500",DRIVING SKILLS/KNOWLEDGE/EXPERIENCE,2,NO INDICATION OF INJURY,0,0,41.8757957178,-87.7550425496,60644,"CHICAGO MIDWAY AIRPORT, IL US",81.0,56.0,42.0,0.0,10.0,8.0
crash_10832,2018-10-24 15:25:00,2018,10,Oct,Wed,15,Evening commute,25,STOP SIGN/FLASHER,CLEAR,DAYLIGHT,PARKED MOTOR VEHICLE,NOT DIVIDED,DRY,NO INJURY / DRIVE AWAY,,true,$500 OR LESS,IMPROPER OVERTAKING/PASSING,2,NO INDICATION OF INJURY,0,0,41.9890506285,-87.6652622209,60660,"CHICAGO OHARE INTERNATIONAL AIRPORT, IL US",51.0,35.0,54.0,0.0,10.0,5.0
crash_10833,2018-04-14 16:15:00,2018,4,Apr,Sat,16,Evening commute,30,TRAFFIC SIGNAL,RAIN,DAYLIGHT,SIDESWIPE SAME DIRECTION,NOT DIVIDED,WET,NO INJURY / DRIVE AWAY,,true,$500 OR LESS,IMPROPER OVERTAKING/PASSING,2,NO INDICATION OF INJURY,0,0,41.9973348399,-87.7875905767,60646,"CHICAGO OHARE INTERNATIONAL AIRPORT, IL US",37.0,34.0,89.0,0.0,2.5,24.0
crash_10834,2025-03-30 17:02:00,2025,3,Mar,Sun,17,Evening commute,30,NO CONTROLS,CLEAR,DAYLIGHT,REAR END,NOT DIVIDED,DRY,INJURY AND / OR TOW DUE TO CRASH,,true,"OVER $1,500",IMPROPER OVERTAKING/PASSING,2,NO INDICATION OF INJURY,0,0,41.8097951115,-87.5925660272,60653,"CHICAGO MIDWAY AIRPORT, IL US",66.0,53.0,63.0,0.0,10.0,17.0
crash_10835,2025-04-10 07:00:00,2025,4,Apr,Thu,7,Morning commute,15,NO CONTROLS,UNKNOWN,DARKNESS,PARKED MOTOR VEHICLE,ONE-WAY,UNKNOWN,NO INJURY / DRIVE AWAY,,true,"$501 - $1,500",UNABLE TO DETERMINE,2,NO INDICATION OF INJURY,0,0,41.7850660812,-87.6145940694,60637,"CHICAGO MIDWAY AIRPORT, IL US",40.0,36.0,86.0,0.0,5.0,8.0
crash_10836,2019-05-18 18:07:00,2019,5,May,Sat,18,Evening commute,30,NO CONTROLS,CLEAR,"DARKNESS, LIGHTED ROAD",SIDESWIPE OPPOSITE DIRECTION,ONE-WAY,DRY,NO INJURY / DRIVE AWAY,,,"$501 - $1,500",IMPROPER BACKING,2,NO INDICATION OF INJURY,0,0,41.8949983532,-87.6273097859,60611,"CHICAGO MIDWAY AIRPORT, IL US",69.0,63.0,81.0,0.0,10.0,14.0
crash_10837,2022-12-14 13:45:00,2022,12,Dec,Wed,13,Daytime,30,TRAFFIC SIGNAL,RAIN,DAYLIGHT,REAR END,FOUR WAY,WET,NO INJURY / DRIVE AWAY,,,$500 OR LESS,UNABLE TO DETERMINE,2,NO INDICATION OF INJURY,0,0,41.8406760551,-87.7243905748,60623,"CHICAGO MIDWAY AIRPORT, IL US",45.0,41.0,87.0,,1.75,15.0
crash_10838,2019-06-10 16:10:00,2019,6,Jun,Mon,16,Evening commute,25,STOP SIGN/FLASHER,CLEAR,DAYLIGHT,PARKED MOTOR VEHICLE,NOT DIVIDED,DRY,INJURY AND / OR TOW DUE TO CRASH,,,"OVER $1,500",FAILING TO REDUCE SPEED TO AVOID CRASH,3,NONINCAPACITATING INJURY,1,0,42.0136885189,-87.6725246677,60626,"CHICAGO OHARE INTERNATIONAL AIRPORT, IL US",73.0,42.0,33.0,0.0,10.0,17.0
crash_10839,2020-07-24 18:00:00,2020,7,Jul,Fri,18,Evening commute,30,STOP SIGN/FLASHER,CLEAR,DAYLIGHT,ANGLE,T-INTERSECTION,DRY,INJURY AND / OR TOW DUE TO CRASH,true,,"OVER $1,500",DISREGARDING STOP SIGN,3,NONINCAPACITATING INJURY,1,0,41.8821627849,-87.7633997771,60644,"CHICAGO MIDWAY AIRPORT, IL US",82.0,63.0,53.0,0.0,10.0,6.0
crash_10840,2019-09-02 22:15:00,2019,9,Sep,Mon,22,Night or early morning,25,STOP SIGN/FLASHER,CLEAR,"DARKNESS, LIGHTED ROAD",OTHER OBJECT,ONE-WAY,DRY,INJURY AND / OR TOW DUE TO CRASH,,,"OVER $1,500",UNABLE TO DETERMINE,1,,,,41.8067203491,-87.6613325567,60609,"CHICAGO MIDWAY AIRPORT, IL US",74.0,63.0,69.0,0.0,10.0,5.0
crash_10841,2023-10-30 09:08:00,2023,10,Oct,Mon,9,Morning commute,30,TRAFFIC SIGNAL,CLEAR,DAYLIGHT,FIXED OBJECT,DIVIDED - W/MEDIAN (NOT RAISED),DRY,INJURY AND / OR TOW DUE TO CRASH,,,"OVER $1,500",UNABLE TO DETERMINE,1,NONINCAPACITATING INJURY,2,0,41.8527362815,-87.6474010336,60608,"CHICAGO MIDWAY AIRPORT, IL US",35.0,22.0,59.0,0.0,10.0,15.0
crash_10842,2025-07-14 00:50:00,2025,7,Jul,Mon,0,Night or early morning,30,TRAFFIC SIGNAL,CLEAR,"DARKNESS, LIGHTED ROAD",TURNING,NOT DIVIDED,DRY,NO INJURY / DRIVE AWAY,true,true,"OVER $1,500",IMPROPER LANE USAGE,2,NO INDICATION OF INJURY,0,0,41.7729667669,-87.6301234821,60621,"CHICAGO MIDWAY AIRPORT, IL US",71.0,61.0,71.0,0.0,10.0,0.0
crash_10843,2019-11-12 17:30:00,2019,11,Nov,Tue,17,Evening commute,30,TRAFFIC SIGNAL,CLEAR,"DARKNESS, LIGHTED ROAD",REAR END,NOT DIVIDED,DRY,NO INJURY / DRIVE AWAY,,,"$501 - $1,500",UNABLE TO DETERMINE,2,NO INDICATION OF INJURY,0,0,41.7954670335,-87.7625390633,60638,"CHICAGO MIDWAY AIRPORT, IL US",15.0,0.0,51.0,0.0,10.0,9.0
crash_10844,2018-01-20 16:35:00,2018,1,Jan,Sat,16,Evening commute,30,TRAFFIC SIGNAL,CLEAR,DAYLIGHT,ANGLE,DIVIDED - W/MEDIAN (NOT RAISED),DRY,NO INJURY / DRIVE AWAY,,,"OVER $1,500",FAILING TO YIELD RIGHT-OF-WAY,2,NO INDICATION OF INJURY,0,0,41.7858938956,-87.7228133505,60629,"CHICAGO MIDWAY AIRPORT, IL US",43.0,36.0,76.0,0.0,10.0,6.0
crash_10845,2018-06-10 16:00:00,2018,6,Jun,Sun,16,Evening commute,30,STOP SIGN/FLASHER,RAIN,DAYLIGHT,PARKED MOTOR VEHICLE,ONE-WAY,WET,INJURY AND / OR TOW DUE TO CRASH,,,"OVER $1,500",WEATHER,3,NO INDICATION OF INJURY,0,0,41.7882641977,-87.6861801261,60629,"CHICAGO MIDWAY AIRPORT, IL US",64.0,63.0,96.0,0.0,3.0,8.0
crash_10846,2025-06-08 12:22:00,2025,6,Jun,Sun,12,Daytime,30,NO CONTROLS,CLEAR,DAYLIGHT,TURNING,NOT DIVIDED,DRY,NO INJURY / DRIVE AWAY,,true,"OVER $1,500",IMPROPER OVERTAKING/PASSING,2,NO INDICATION OF INJURY,0,0,41.8807624227,-87.6208838703,60604,"CHICAGO MIDWAY AIRPORT, IL US",76.0,59.0,56.0,0.0,10.0,7.0
crash_10847,2024-11-09 15:00:00,2024,11,Nov,Sat,15,Evening commute,30,UNKNOWN,RAIN,DUSK,ANGLE,NOT DIVIDED,WET,NO INJURY / DRIVE AWAY,,true,"$501 - $1,500",FAILING TO YIELD RIGHT-OF-WAY,2,NO INDICATION OF INJURY,0,0,41.8768340587,-87.7256836939,60624,"CHICAGO MIDWAY AIRPORT, IL US",55.0,43.0,64.0,0.0,10.0,11.0
crash_10848,2025-11-16 01:49:00,2025,11,Nov,Sun,1,Night or early morning,30,UNKNOWN,CLEAR,DAYLIGHT,PARKED MOTOR VEHICLE,NOT DIVIDED,DRY,NO INJURY / DRIVE AWAY,,true,"OVER $1,500",DRIVING ON WRONG SIDE/WRONG WAY,2,NO INDICATION OF INJURY,0,0,41.7634492306,-87.6090199399,60619,,,,,,,
crash_10849,2018-08-10 13:14:00,2018,8,Aug,Fri,13,Daytime,30,TRAFFIC SIGNAL,CLEAR,DAYLIGHT,TURNING,NOT DIVIDED,DRY,INJURY AND / OR TOW DUE TO CRASH,true,,"OVER $1,500",FAILING TO YIELD RIGHT-OF-WAY,2,NO INDICATION OF INJURY,0,0,41.9430242783,-87.6879891512,60618,"CHICAGO MIDWAY AIRPORT, IL US",82.0,68.0,63.0,,10.0,10.0
crash_10850,2023-06-14 15:00:00,2023,6,Jun,Wed,15,Evening commute,30,NO CONTROLS,CLEAR,DAYLIGHT,SIDESWIPE SAME DIRECTION,DIVIDED - W/MEDIAN (NOT RAISED),DRY,NO INJURY / DRIVE AWAY,,,"$501 - $1,500",FAILING TO YIELD RIGHT-OF-WAY,2,NO INDICATION OF INJURY,0,0,41.8693109071,-87.6705986821,60612,"CHICAGO MIDWAY AIRPORT, IL US",72.0,58.0,61.0,0.0,10.0,5.0
crash_10851,2024-10-31 10:15:00,2024,10,Oct,Thu,10,Daytime,30,TRAFFIC SIGNAL,CLEAR,DAYLIGHT,TURNING,NOT DIVIDED,DRY,INJURY AND / OR TOW DUE TO CRASH,true,,"OVER $1,500",UNABLE TO DETERMINE,2,NO INDICATION OF INJURY,0,0,41.8524944505,-87.6466382406,60608,"CHICAGO MIDWAY AIRPORT, IL US",66.0,56.0,70.0,0.0,10.0,15.0
crash_10852,2025-08-01 22:59:00,2025,8,Aug,Fri,22,Night or early morning,30,NO CONTROLS,UNKNOWN,"DARKNESS, LIGHTED ROAD",TURNING,NOT DIVIDED,UNKNOWN,NO INJURY / DRIVE AWAY,,,$500 OR LESS,UNABLE TO DETERMINE,2,NO INDICATION OF INJURY,0,0,41.8853504636,-87.629337393,60601,"CHICAGO MIDWAY AIRPORT, IL US",67.0,46.0,47.0,0.0,10.0,5.0
crash_10853,2018-02-12 18:50:00,2018,2,Feb,Mon,18,Evening commute,30,TRAFFIC SIGNAL,CLEAR,"DARKNESS, LIGHTED ROAD",REAR END,NOT DIVIDED,DRY,NO INJURY / DRIVE AWAY,,,"OVER $1,500",UNABLE TO DETERMINE,2,NO INDICATION OF INJURY,0,0,41.9686894503,-87.6759108884,60640,"CHICAGO OHARE INTERNATIONAL AIRPORT, IL US",20.0,6.0,55.0,0.0,10.0,6.0
crash_10854,2020-07-18 15:09:00,2020,7,Jul,Sat,15,Evening commute,25,NO CONTROLS,CLEAR,DAYLIGHT,TURNING,NOT DIVIDED,DRY,INJURY AND / OR TOW DUE TO CRASH,,,"OVER $1,500",UNABLE TO DETERMINE,2,NO INDICATION OF INJURY,0,0,41.7429247381,-87.6827455377,60652,"CHICAGO MIDWAY AIRPORT, IL US",88.0,75.0,66.0,0.0,10.0,11.0
crash_10855,2023-07-25 13:40:00,2023,7,Jul,Tue,13,Daytime,30,NO CONTROLS,CLEAR,DAYLIGHT,SIDESWIPE SAME DIRECTION,DIVIDED - W/MEDIAN (NOT RAISED),DRY,NO INJURY / DRIVE AWAY,,,"$501 - $1,500",IMPROPER OVERTAKING/PASSING,2,NO INDICATION OF INJURY,0,0,41.9467464506,-87.7070527698,60618,"CHICAGO MIDWAY AIRPORT, IL US",89.0,60.0,38.0,0.0,3.0,8.0
crash_10856,2019-02-13 16:20:00,2019,2,Feb,Wed,16,Evening commute,30,TRAFFIC SIGNAL,CLEAR,DAYLIGHT,TURNING,NOT DIVIDED,DRY,NO INJURY / DRIVE AWAY,true,,$500 OR LESS,IMPROPER TURNING/NO SIGNAL,2,NO INDICATION OF INJURY,0,0,41.8841820048,-87.6952848369,60612,"CHICAGO MIDWAY AIRPORT, IL US",26.0,17.0,69.0,0.0,10.0,14.0
crash_10857,2022-05-28 12:30:00,2022,5,May,Sat,12,Daytime,30,NO CONTROLS,CLEAR,DAYLIGHT,SIDESWIPE SAME DIRECTION,DIVIDED - W/MEDIAN BARRIER,DRY,NO INJURY / DRIVE AWAY,,,"OVER $1,500",FAILING TO YIELD RIGHT-OF-WAY,2,NO INDICATION OF INJURY,0,0,41.8674527309,-87.6323342366,60605,"CHICAGO MIDWAY AIRPORT, IL US",74.0,50.0,43.0,0.0,10.0,8.0
crash_10858,2018-03-14 17:42:00,2018,3,Mar,Wed,17,Evening commute,30,NO CONTROLS,CLEAR,DAYLIGHT,ANGLE,NOT DIVIDED,DRY,NO INJURY / DRIVE AWAY,,,"$501 - $1,500",UNABLE TO DETERMINE,2,NO INDICATION OF INJURY,0,0,41.9529586511,-87.7867085022,60634,"CHICAGO OHARE INTERNATIONAL AIRPORT, IL US",48.0,20.0,33.0,0.0,10.0,17.0
crash_10859,2024-03-12 17:40:00,2024,3,Mar,Tue,17,Evening commute,30,TRAFFIC SIGNAL,CLEAR,DAYLIGHT,TURNING,FOUR WAY,DRY,INJURY AND / OR TOW DUE TO CRASH,true,,"OVER $1,500",DISREGARDING TRAFFIC SIGNALS,2,NONINCAPACITATING INJURY,1,0,41.9729173066,-87.7477403483,60630,"CHICAGO OHARE INTERNATIONAL AIRPORT, IL US",69.0,38.0,32.0,0.0,10.0,21.0
crash_10860,2024-08-15 13:00:00,2024,8,Aug,Thu,13,Daytime,35,NO CONTROLS,CLEAR,DAYLIGHT,REAR END,NOT DIVIDED,DRY,NO INJURY / DRIVE AWAY,,,"$501 - $1,500",UNABLE TO DETERMINE,2,NO INDICATION OF INJURY,0,0,41.8021522789,-87.6200915472,60615,"CHICAGO MIDWAY AIRPORT, IL US",71.0,65.0,81.0,0.01,10.0,10.0
crash_10861,2023-04-28 11:50:00,2023,4,Apr,Fri,11,Daytime,30,NO CONTROLS,CLEAR,DAYLIGHT,PARKED MOTOR VEHICLE,ONE-WAY,DRY,NO INJURY / DRIVE AWAY,,,"$501 - $1,500",UNABLE TO DETERMINE,2,NO INDICATION OF INJURY,0,0,41.8955683487,-87.6282518615,60654,"CHICAGO MIDWAY AIRPORT, IL US",57.0,37.0,47.0,0.0,10.0,9.0
crash_10862,2019-11-29 18:04:00,2019,11,Nov,Fri,18,Evening commute,30,NO CONTROLS,CLEAR,DARKNESS,SIDESWIPE SAME DIRECTION,NOT DIVIDED,DRY,INJURY AND / OR TOW DUE TO CRASH,,,"OVER $1,500",IMPROPER LANE USAGE,2,"REPORTED, NOT EVIDENT",1,0,41.7527456405,-87.5875234853,60619,"CHICAGO MIDWAY AIRPORT, IL US",39.0,33.0,79.0,0.0,10.0,7.0
crash_10863,2023-03-11 23:28:00,2023,3,Mar,Sat,23,Night or early morning,30,NO CONTROLS,SNOW,"DARKNESS, LIGHTED ROAD",SIDESWIPE SAME DIRECTION,NOT DIVIDED,WET,NO INJURY / DRIVE AWAY,,true,$500 OR LESS,UNABLE TO DETERMINE,2,NO INDICATION OF INJURY,0,0,41.8805589601,-87.7304491258,60624,"CHICAGO MIDWAY AIRPORT, IL US",33.0,31.0,92.0,0.02,1.5,11.0
crash_10864,2025-08-08 16:32:00,2025,8,Aug,Fri,16,Evening commute,30,NO CONTROLS,CLEAR,DAYLIGHT,REAR END,DIVIDED - W/MEDIAN (NOT RAISED),DRY,NO INJURY / DRIVE AWAY,,,"OVER $1,500",FOLLOWING TOO CLOSELY,3,NO INDICATION OF INJURY,0,0,41.949061173,-87.7273306449,60618,"CHICAGO OHARE INTERNATIONAL AIRPORT, IL US",90.0,69.0,50.0,0.0,10.0,13.0
crash_10865,2022-11-02 17:05:00,2022,11,Nov,Wed,17,Evening commute,30,TRAFFIC SIGNAL,CLEAR,DAYLIGHT,SIDESWIPE SAME DIRECTION,ONE-WAY,DRY,INJURY AND / OR TOW DUE TO CRASH,true,,"OVER $1,500",IMPROPER OVERTAKING/PASSING,5,"REPORTED, NOT EVIDENT",1,0,41.8939724485,-87.6325134899,60654,"CHICAGO MIDWAY AIRPORT, IL US",73.0,48.0,41.0,0.0,10.0,9.0
crash_10866,2018-09-29 11:40:00,2018,9,Sep,Sat,11,Daytime,30,NO CONTROLS,CLEAR,DAYLIGHT,REAR END,ONE-WAY,DRY,NO INJURY / DRIVE AWAY,,true,"OVER $1,500",FOLLOWING TOO CLOSELY,2,NO INDICATION OF INJURY,0,0,41.9292871693,-87.7851107563,60639,"CHICAGO OHARE INTERNATIONAL AIRPORT, IL US",58.0,33.0,39.0,0.0,10.0,7.0
crash_10867,2022-01-14 17:04:00,2022,1,Jan,Fri,17,Evening commute,35,NO CONTROLS,SNOW,"DARKNESS, LIGHTED ROAD",SIDESWIPE SAME DIRECTION,NOT DIVIDED,WET,NO INJURY / DRIVE AWAY,,true,"OVER $1,500",UNABLE TO DETERMINE,2,NO INDICATION OF INJURY,0,0,41.9316293909,-87.7268271743,60647,"CHICAGO MIDWAY AIRPORT, IL US",33.0,26.0,75.0,0.0,10.0,17.0