crash_id,crash_datetime,crash_year,crash_month,crash_month_name,crash_weekday_name,crash_hour,time_period,posted_speed_limit_mph,traffic_control_device,reported_weather_condition,reported_lighting_condition,first_crash_type,trafficway_type,reported_road_surface_condition,crash_type,intersection_related,hit_and_run,estimated_damage,primary_contributory_cause,unit_count,most_severe_injury,injuries_total,injuries_fatal,latitude,longitude,zip5,weather_station_name,temperature_f,dew_point_f,relative_humidity_percent,precipitation_inches,visibility_miles,wind_speed_mph
crash_10868,2021-06-24 13:49:00,2021,6,Jun,Thu,13,Daytime,30,TRAFFIC SIGNAL,RAIN,DAYLIGHT,PARKED MOTOR VEHICLE,DIVIDED - W/MEDIAN (NOT RAISED),WET,NO INJURY / DRIVE AWAY,true,true,"$501 - $1,500",UNABLE TO DETERMINE,2,NO INDICATION OF INJURY,0,0,41.9757265185,-87.6966044271,60625,"CHICAGO OHARE INTERNATIONAL AIRPORT, IL US",72.0,66.0,83.0,,4.0,11.0
crash_10869,2020-08-28 10:06:00,2020,8,Aug,Fri,10,Daytime,30,NO CONTROLS,CLEAR,DAYLIGHT,TURNING,NOT DIVIDED,DRY,INJURY AND / OR TOW DUE TO CRASH,,true,"OVER $1,500",UNABLE TO DETERMINE,2,NO INDICATION OF INJURY,0,0,41.9092517667,-87.7345471409,60651,"CHICAGO MIDWAY AIRPORT, IL US",85.0,71.0,63.0,0.0,10.0,10.0
crash_10870,2024-07-26 11:30:00,2024,7,Jul,Fri,11,Daytime,30,TRAFFIC SIGNAL,CLEAR,DAYLIGHT,REAR TO FRONT,FOUR WAY,DRY,INJURY AND / OR TOW DUE TO CRASH,true,false,"OVER $1,500",UNABLE TO DETERMINE,2,NO INDICATION OF INJURY,0,0,41.7740559489,-87.7812683125,60638,"CHICAGO MIDWAY AIRPORT, IL US",77.0,51.0,40.0,0.0,10.0,6.0
crash_10871,2022-07-19 15:20:00,2022,7,Jul,Tue,15,Evening commute,30,TRAFFIC SIGNAL,CLEAR,DAYLIGHT,REAR END,DIVIDED - W/MEDIAN (NOT RAISED),DRY,INJURY AND / OR TOW DUE TO CRASH,,,"OVER $1,500",UNABLE TO DETERMINE,2,"REPORTED, NOT EVIDENT",1,0,41.9537660771,-87.9141970727,60666,"CHICAGO OHARE INTERNATIONAL AIRPORT, IL US",89.0,64.0,43.0,0.0,10.0,10.0
crash_10872,2025-06-15 15:17:00,2025,6,Jun,Sun,15,Evening commute,30,TRAFFIC SIGNAL,CLEAR,DAYLIGHT,TURNING,"FIVE POINT, OR MORE",DRY,NO INJURY / DRIVE AWAY,,,"OVER $1,500",IMPROPER TURNING/NO SIGNAL,2,NO INDICATION OF INJURY,0,0,41.7499537023,-87.7034947549,60652,"CHICAGO MIDWAY AIRPORT, IL US",79.0,59.0,50.0,0.0,10.0,15.0
crash_10873,2020-10-06 11:20:00,2020,10,Oct,Tue,11,Daytime,30,TRAFFIC SIGNAL,CLEAR,DAYLIGHT,REAR END,NOT DIVIDED,DRY,NO INJURY / DRIVE AWAY,,true,"OVER $1,500",UNABLE TO DETERMINE,2,NO INDICATION OF INJURY,0,0,41.7388143293,-87.7019441377,60652,"CHICAGO MIDWAY AIRPORT, IL US",62.0,45.0,54.0,0.0,10.0,11.0
crash_10874,2024-02-07 15:43:00,2024,2,Feb,Wed,15,Evening commute,25,STOP SIGN/FLASHER,CLEAR,DAYLIGHT,ANGLE,FOUR WAY,DRY,NO INJURY / DRIVE AWAY,true,,"OVER $1,500",UNABLE TO DETERMINE,2,NO INDICATION OF INJURY,0,0,41.894806201,-87.7591870013,60644,"CHICAGO MIDWAY AIRPORT, IL US",47.0,33.0,59.0,0.0,10.0,6.0
crash_10875,2020-05-20 11:50:00,2020,5,May,Wed,11,Daytime,30,NO CONTROLS,CLEAR,DAYLIGHT,REAR END,DIVIDED - W/MEDIAN (NOT RAISED),DRY,NO INJURY / DRIVE AWAY,,,"OVER $1,500",UNABLE TO DETERMINE,2,NO INDICATION OF INJURY,0,0,41.7922108012,-87.7829606098,60638,"CHICAGO MIDWAY AIRPORT, IL US",61.0,50.0,67.0,0.0,10.0,17.0
crash_10876,2020-05-24 11:45:00,2020,5,May,Sun,11,Daytime,10,NO CONTROLS,CLEAR,DAYLIGHT,REAR TO SIDE,PARKING LOT,DRY,NO INJURY / DRIVE AWAY,,,$500 OR LESS,IMPROPER BACKING,2,NO INDICATION OF INJURY,0,0,41.9646117618,-87.7084994421,60625,"CHICAGO OHARE INTERNATIONAL AIRPORT, IL US",82.0,61.0,49.0,0.0,10.0,3.0
crash_10877,2024-07-27 13:30:00,2024,7,Jul,Sat,13,Daytime,30,NO CONTROLS,CLEAR,DAYLIGHT,TURNING,NOT DIVIDED,DRY,INJURY AND / OR TOW DUE TO CRASH,,,"$501 - $1,500",UNABLE TO DETERMINE,2,NONINCAPACITATING INJURY,1,0,41.7654099476,-87.68340861,60629,"CHICAGO MIDWAY AIRPORT, IL US",84.0,56.0,38.0,0.0,10.0,7.0
crash_10878,2022-11-23 14:00:00,2022,11,Nov,Wed,14,Daytime,30,TRAFFIC SIGNAL,UNKNOWN,DAYLIGHT,REAR END,NOT DIVIDED,UNKNOWN,NO INJURY / DRIVE AWAY,,,$500 OR LESS,FOLLOWING TOO CLOSELY,2,NO INDICATION OF INJURY,0,0,41.9826750343,-87.7483705594,60646,"CHICAGO OHARE INTERNATIONAL AIRPORT, IL US",58.0,38.0,48.0,0.0,10.0,13.0
crash_10879,2025-04-03 19:55:00,2025,4,Apr,Thu,19,Night or early morning,30,NO CONTROLS,CLEAR,DARKNESS,SIDESWIPE SAME DIRECTION,DIVIDED - W/MEDIAN (NOT RAISED),UNKNOWN,NO INJURY / DRIVE AWAY,,,"OVER $1,500",UNABLE TO DETERMINE,2,NO INDICATION OF INJURY,0,0,41.9101787359,-87.6902825952,60622,"CHICAGO MIDWAY AIRPORT, IL US",48.0,34.0,58.0,0.0,10.0,5.0
crash_10880,2021-09-15 14:30:00,2021,9,Sep,Wed,14,Daytime,30,NO CONTROLS,CLEAR,DAYLIGHT,SIDESWIPE SAME DIRECTION,NOT DIVIDED,DRY,NO INJURY / DRIVE AWAY,,true,"OVER $1,500",IMPROPER LANE USAGE,2,NO INDICATION OF INJURY,0,0,41.75335698,-87.7026425505,60652,"CHICAGO MIDWAY AIRPORT, IL US",76.0,46.0,35.0,0.0,10.0,9.0
crash_10881,2019-11-17 04:37:00,2019,11,Nov,Sun,4,Night or early morning,30,NO CONTROLS,CLEAR,"DARKNESS, LIGHTED ROAD",PARKED MOTOR VEHICLE,NOT DIVIDED,DRY,INJURY AND / OR TOW DUE TO CRASH,,,"OVER $1,500",UNDER THE INFLUENCE OF ALCOHOL/DRUGS (USE WHEN ARREST IS EFFECTED),2,NO INDICATION OF INJURY,0,0,41.9180839881,-87.756121273,60639,"CHICAGO MIDWAY AIRPORT, IL US",29.0,24.0,82.0,0.0,10.0,6.0
crash_10882,2022-04-25 19:10:00,2022,4,Apr,Mon,19,Night or early morning,30,NO CONTROLS,CLEAR,"DARKNESS, LIGHTED ROAD",SIDESWIPE SAME DIRECTION,DIVIDED - W/MEDIAN (NOT RAISED),DRY,NO INJURY / DRIVE AWAY,,,"OVER $1,500",UNABLE TO DETERMINE,2,NO INDICATION OF INJURY,0,0,41.9251656404,-87.7560378736,60639,"CHICAGO OHARE INTERNATIONAL AIRPORT, IL US",45.0,30.0,56.0,0.0,10.0,17.0
crash_10883,2021-10-19 18:45:00,2021,10,Oct,Tue,18,Evening commute,30,NO CONTROLS,CLEAR,DAWN,REAR END,NOT DIVIDED,DRY,NO INJURY / DRIVE AWAY,,,"$501 - $1,500",UNABLE TO DETERMINE,2,NO INDICATION OF INJURY,0,0,41.7221348807,-87.5920114303,60628,"CHICAGO MIDWAY AIRPORT, IL US",65.0,41.0,42.0,0.0,10.0,5.0
crash_10884,2021-07-18 03:00:00,2021,7,Jul,Sun,3,Night or early morning,30,TRAFFIC SIGNAL,CLEAR,DAYLIGHT,TURNING,FOUR WAY,DRY,NO INJURY / DRIVE AWAY,true,,"OVER $1,500",IMPROPER TURNING/NO SIGNAL,2,NO INDICATION OF INJURY,0,0,41.9039884409,-87.6288244278,60610,"CHICAGO MIDWAY AIRPORT, IL US",69.0,59.0,70.0,0.0,10.0,5.0
crash_10885,2018-05-23 16:15:00,2018,5,May,Wed,16,Evening commute,30,STOP SIGN/FLASHER,CLEAR,DAYLIGHT,TURNING,OTHER,DRY,NO INJURY / DRIVE AWAY,true,,"OVER $1,500",IMPROPER TURNING/NO SIGNAL,2,NO INDICATION OF INJURY,0,0,41.7358762937,-87.6510613145,60620,"CHICAGO MIDWAY AIRPORT, IL US",78.0,51.0,39.0,0.0,10.0,8.0
crash_10886,2020-06-15 13:00:00,2020,6,Jun,Mon,13,Daytime,35,NO CONTROLS,CLEAR,DAYLIGHT,REAR END,DIVIDED - W/MEDIAN (NOT RAISED),DRY,NO INJURY / DRIVE AWAY,,true,"$501 - $1,500",UNABLE TO DETERMINE,2,NO INDICATION OF INJURY,0,0,41.8171585997,-87.7041823019,60632,"CHICAGO MIDWAY AIRPORT, IL US",71.0,41.0,34.0,0.0,10.0,13.0
crash_10887,2019-10-28 18:45:00,2019,10,Oct,Mon,18,Evening commute,25,STOP SIGN/FLASHER,CLEAR,DARKNESS,TURNING,NOT DIVIDED,DRY,NO INJURY / DRIVE AWAY,true,,$500 OR LESS,UNABLE TO DETERMINE,2,NO INDICATION OF INJURY,0,0,42.0139899562,-87.6998124289,60645,"CHICAGO OHARE INTERNATIONAL AIRPORT, IL US",47.0,41.0,80.0,0.0,10.0,0.0
crash_10888,2019-05-16 19:00:00,2019,5,May,Thu,19,Night or early morning,30,STOP SIGN/FLASHER,CLEAR,DAYLIGHT,ANGLE,T-INTERSECTION,DRY,INJURY AND / OR TOW DUE TO CRASH,,true,"OVER $1,500",DRIVING SKILLS/KNOWLEDGE/EXPERIENCE,2,"REPORTED, NOT EVIDENT",1,0,41.7566794011,-87.6042448702,60619,"CHICAGO MIDWAY AIRPORT, IL US",75.0,63.0,66.0,0.0,10.0,9.0
crash_10889,2023-11-18 09:00:00,2023,11,Nov,Sat,9,Morning commute,30,NO CONTROLS,CLEAR,DAYLIGHT,PARKED MOTOR VEHICLE,ONE-WAY,DRY,NO INJURY / DRIVE AWAY,,true,"OVER $1,500",UNABLE TO DETERMINE,2,NO INDICATION OF INJURY,0,0,41.7753367024,-87.6849024497,60629,"CHICAGO MIDWAY AIRPORT, IL US",41.0,22.0,47.0,0.0,10.0,11.0
crash_10890,2020-07-02 12:00:00,2020,7,Jul,Thu,12,Daytime,35,NO CONTROLS,CLEAR,DAYLIGHT,SIDESWIPE OPPOSITE DIRECTION,NOT DIVIDED,DRY,NO INJURY / DRIVE AWAY,,,$500 OR LESS,UNABLE TO DETERMINE,2,NO INDICATION OF INJURY,0,0,41.7368499195,-87.5758604188,60617,"CHICAGO MIDWAY AIRPORT, IL US",88.0,57.0,35.0,0.0,10.0,9.0
crash_10891,2018-09-18 17:30:00,2018,9,Sep,Tue,17,Evening commute,30,STOP SIGN/FLASHER,CLEAR,DAYLIGHT,TURNING,NOT DIVIDED,DRY,NO INJURY / DRIVE AWAY,,,"$501 - $1,500",IMPROPER TURNING/NO SIGNAL,2,NO INDICATION OF INJURY,0,0,41.8667279075,-87.6856145501,60612,"CHICAGO MIDWAY AIRPORT, IL US",73.0,63.0,71.0,0.0,9.0,9.0
crash_10892,2022-10-06 16:16:00,2022,10,Oct,Thu,16,Evening commute,30,NO CONTROLS,CLEAR,DAYLIGHT,SIDESWIPE OPPOSITE DIRECTION,NOT DIVIDED,DRY,NO INJURY / DRIVE AWAY,,,$500 OR LESS,UNABLE TO DETERMINE,2,NO INDICATION OF INJURY,0,0,41.8894582801,-87.6203683764,60611,"CHICAGO MIDWAY AIRPORT, IL US",70.0,53.0,55.0,,10.0,21.0
crash_10893,2019-05-22 15:15:00,2019,5,May,Wed,15,Evening commute,30,NO CONTROLS,CLEAR,DAYLIGHT,REAR END,NOT DIVIDED,DRY,INJURY AND / OR TOW DUE TO CRASH,,,"OVER $1,500",FOLLOWING TOO CLOSELY,2,"REPORTED, NOT EVIDENT",1,0,41.8677381193,-87.6565597947,60607,"CHICAGO MIDWAY AIRPORT, IL US",81.0,56.0,42.0,0.0,10.0,17.0
crash_10894,2021-02-13 13:00:00,2021,2,Feb,Sat,13,Daytime,20,NO CONTROLS,SNOW,DAYLIGHT,PARKED MOTOR VEHICLE,ONE-WAY,SNOW OR SLUSH,NO INJURY / DRIVE AWAY,,,"$501 - $1,500",WEATHER,2,NO INDICATION OF INJURY,0,0,41.9375108352,-87.7714695022,60634,"CHICAGO OHARE INTERNATIONAL AIRPORT, IL US",11.0,5.0,77.0,0.01,0.75,11.0
crash_10895,2021-10-08 08:00:00,2021,10,Oct,Fri,8,Morning commute,20,NO CONTROLS,CLEAR,DAYLIGHT,PARKED MOTOR VEHICLE,NOT DIVIDED,DRY,NO INJURY / DRIVE AWAY,,,$500 OR LESS,NOT APPLICABLE,2,NO INDICATION OF INJURY,0,0,41.9720272905,-87.7251845186,60625,"CHICAGO OHARE INTERNATIONAL AIRPORT, IL US",63.0,62.0,97.0,,2.0,6.0
crash_10896,2021-08-26 07:20:00,2021,8,Aug,Thu,7,Morning commute,30,TRAFFIC SIGNAL,CLEAR,DAYLIGHT,TURNING,FOUR WAY,DRY,INJURY AND / OR TOW DUE TO CRASH,true,,"OVER $1,500",UNABLE TO DETERMINE,2,NO INDICATION OF INJURY,0,0,41.8524944505,-87.6466382406,60608,"CHICAGO MIDWAY AIRPORT, IL US",72.0,66.0,82.0,0.0,10.0,0.0
crash_10897,2023-08-16 16:02:00,2023,8,Aug,Wed,16,Evening commute,10,NO CONTROLS,CLEAR,DAYLIGHT,TURNING,PARKING LOT,DRY,NO INJURY / DRIVE AWAY,,,"OVER $1,500",EQUIPMENT - VEHICLE CONDITION,2,NO INDICATION OF INJURY,0,0,41.8104515462,-87.6837744013,60609,"CHICAGO MIDWAY AIRPORT, IL US",81.0,58.0,45.0,0.0,10.0,15.0
crash_10898,2023-11-11 18:38:00,2023,11,Nov,Sat,18,Evening commute,30,NO CONTROLS,CLEAR,"DARKNESS, LIGHTED ROAD",REAR TO FRONT,ONE-WAY,DRY,NO INJURY / DRIVE AWAY,,,"OVER $1,500","OPERATING VEHICLE IN ERRATIC, RECKLESS, CARELESS, NEGLIGENT OR AGGRESSIVE MANNER",3,NO INDICATION OF INJURY,0,0,41.7143243683,-87.6429440279,60628,"CHICAGO MIDWAY AIRPORT, IL US",47.0,32.0,56.0,0.0,10.0,5.0
crash_10899,2023-12-28 13:40:00,2023,12,Dec,Thu,13,Daytime,30,STOP SIGN/FLASHER,RAIN,DAYLIGHT,ANGLE,NOT DIVIDED,WET,NO INJURY / DRIVE AWAY,,true,"OVER $1,500",NOT APPLICABLE,2,NO INDICATION OF INJURY,0,0,41.7355138041,-87.6897937512,60652,"CHICAGO MIDWAY AIRPORT, IL US",42.0,39.0,89.0,0.0,2.5,9.0
crash_10900,2019-06-21 13:35:00,2019,6,Jun,Fri,13,Daytime,30,TRAFFIC SIGNAL,CLEAR,DAYLIGHT,TURNING,DIVIDED - W/MEDIAN (NOT RAISED),DRY,INJURY AND / OR TOW DUE TO CRASH,true,,"OVER $1,500",FAILING TO YIELD RIGHT-OF-WAY,2,NONINCAPACITATING INJURY,3,0,41.7859016369,-87.6061839902,60637,"CHICAGO MIDWAY AIRPORT, IL US",70.0,46.0,42.0,0.0,10.0,8.0
crash_10901,2024-06-11 13:00:00,2024,6,Jun,Tue,13,Daytime,30,NO CONTROLS,CLEAR,DAYLIGHT,FIXED OBJECT,NOT DIVIDED,DRY,INJURY AND / OR TOW DUE TO CRASH,,,"OVER $1,500",NOT APPLICABLE,1,NONINCAPACITATING INJURY,1,0,41.7552042414,-87.6921510096,60652,"CHICAGO MIDWAY AIRPORT, IL US",74.0,42.0,32.0,0.0,10.0,5.0
crash_10902,2023-07-21 09:50:00,2023,7,Jul,Fri,9,Morning commute,30,NO CONTROLS,CLEAR,DAYLIGHT,REAR END,NOT DIVIDED,DRY,INJURY AND / OR TOW DUE TO CRASH,,,"OVER $1,500",DISTRACTION - FROM INSIDE VEHICLE,2,NO INDICATION OF INJURY,0,0,41.9310817967,-87.7722581031,60639,"CHICAGO OHARE INTERNATIONAL AIRPORT, IL US",72.0,60.0,66.0,0.0,10.0,7.0
crash_10903,2018-01-30 04:30:00,2018,1,Jan,Tue,4,Night or early morning,5,NO CONTROLS,CLEAR,DAYLIGHT,PARKED MOTOR VEHICLE,PARKING LOT,DRY,NO INJURY / DRIVE AWAY,,,"$501 - $1,500",UNABLE TO DETERMINE,2,NO INDICATION OF INJURY,0,0,41.8810693742,-87.6853075527,60612,"CHICAGO MIDWAY AIRPORT, IL US",17.0,11.0,77.0,0.0,10.0,5.0
crash_10904,2018-03-20 08:55:00,2018,3,Mar,Tue,8,Morning commute,30,NO CONTROLS,CLEAR,DAYLIGHT,OTHER OBJECT,DIVIDED - W/MEDIAN (NOT RAISED),DRY,INJURY AND / OR TOW DUE TO CRASH,,,$500 OR LESS,DRIVING SKILLS/KNOWLEDGE/EXPERIENCE,1,INCAPACITATING INJURY,1,0,41.8718575944,-87.6468729041,60607,"CHICAGO MIDWAY AIRPORT, IL US",32.0,21.0,64.0,0.0,10.0,18.0
crash_10905,2022-01-28 17:50:00,2022,1,Jan,Fri,17,Evening commute,30,NO CONTROLS,CLEAR,DARKNESS,TURNING,NOT DIVIDED,WET,INJURY AND / OR TOW DUE TO CRASH,,true,"OVER $1,500",UNABLE TO DETERMINE,2,NO INDICATION OF INJURY,0,0,41.9526441201,-87.8047747158,60634,"CHICAGO OHARE INTERNATIONAL AIRPORT, IL US",17.0,5.0,59.0,0.0,10.0,6.0
crash_10906,2020-08-27 19:25:00,2020,8,Aug,Thu,19,Night or early morning,30,TRAFFIC SIGNAL,CLEAR,"DARKNESS, LIGHTED ROAD",ANGLE,FOUR WAY,DRY,INJURY AND / OR TOW DUE TO CRASH,true,,"OVER $1,500",UNABLE TO DETERMINE,3,NONINCAPACITATING INJURY,3,0,41.8818797099,-87.7454892473,60644,"CHICAGO MIDWAY AIRPORT, IL US",87.0,68.0,53.0,0.0,10.0,9.0
crash_10907,2024-07-19 13:00:00,2024,7,Jul,Fri,13,Daytime,35,NO CONTROLS,CLEAR,DAYLIGHT,REAR TO FRONT,NOT DIVIDED,DRY,NO INJURY / DRIVE AWAY,true,true,"OVER $1,500",IMPROPER BACKING,2,NO INDICATION OF INJURY,0,0,41.8897764947,-87.6671558872,60622,"CHICAGO MIDWAY AIRPORT, IL US",80.0,51.0,37.0,0.0,10.0,3.0
crash_10908,2022-10-18 16:15:00,2022,10,Oct,Tue,16,Evening commute,30,NO CONTROLS,CLEAR,DAYLIGHT,PARKED MOTOR VEHICLE,DIVIDED - W/MEDIAN (NOT RAISED),DRY,NO INJURY / DRIVE AWAY,,,"OVER $1,500",UNABLE TO DETERMINE,4,NO INDICATION OF INJURY,0,0,41.8658641837,-87.7193678027,60623,"CHICAGO MIDWAY AIRPORT, IL US",48.0,27.0,44.0,0.0,10.0,20.0
crash_10909,2019-03-20 18:25:00,2019,3,Mar,Wed,18,Evening commute,30,NO CONTROLS,RAIN,"DARKNESS, LIGHTED ROAD",SIDESWIPE SAME DIRECTION,ONE-WAY,WET,INJURY AND / OR TOW DUE TO CRASH,,,"OVER $1,500",FAILING TO YIELD RIGHT-OF-WAY,2,NONINCAPACITATING INJURY,2,0,41.8890272118,-87.7161167246,60624,"CHICAGO MIDWAY AIRPORT, IL US",44.0,40.0,85.0,,5.0,7.0
crash_10910,2025-04-02 08:30:00,2025,4,Apr,Wed,8,Morning commute,35,NO CONTROLS,RAIN,DAYLIGHT,SIDESWIPE SAME DIRECTION,ONE-WAY,WET,NO INJURY / DRIVE AWAY,,,$500 OR LESS,FAILING TO YIELD RIGHT-OF-WAY,2,NO INDICATION OF INJURY,0,0,41.8832752947,-87.6440934852,60661,"CHICAGO MIDWAY AIRPORT, IL US",44.0,40.0,85.0,0.03,2.5,16.0
crash_10911,2022-02-01 21:19:00,2022,2,Feb,Tue,21,Night or early morning,30,TRAFFIC SIGNAL,CLEAR,"DARKNESS, LIGHTED ROAD",SIDESWIPE SAME DIRECTION,DIVIDED - W/MEDIAN BARRIER,DRY,NO INJURY / DRIVE AWAY,,true,$500 OR LESS,UNABLE TO DETERMINE,2,NO INDICATION OF INJURY,0,0,41.875658543,-87.6244049409,60605,"CHICAGO MIDWAY AIRPORT, IL US",38.0,30.0,73.0,0.0,10.0,9.0
crash_10912,2022-01-15 07:50:00,2022,1,Jan,Sat,7,Morning commute,30,NO CONTROLS,CLEAR,DAYLIGHT,REAR END,DIVIDED - W/MEDIAN (NOT RAISED),DRY,NO INJURY / DRIVE AWAY,,true,"OVER $1,500",FOLLOWING TOO CLOSELY,2,NO INDICATION OF INJURY,0,0,41.773121202,-87.613108656,60637,"CHICAGO MIDWAY AIRPORT, IL US",24.0,16.0,71.0,0.0,10.0,14.0
crash_10913,2023-06-10 12:13:00,2023,6,Jun,Sat,12,Daytime,30,NO CONTROLS,CLEAR,DAYLIGHT,PARKED MOTOR VEHICLE,PARKING LOT,DRY,NO INJURY / DRIVE AWAY,,,"OVER $1,500",UNABLE TO DETERMINE,2,NO INDICATION OF INJURY,0,0,41.9257268706,-87.6784395411,60647,"CHICAGO MIDWAY AIRPORT, IL US",82.0,41.0,23.0,0.0,10.0,7.0
crash_10914,2020-10-04 03:58:00,2020,10,Oct,Sun,3,Night or early morning,30,TRAFFIC SIGNAL,RAIN,"DARKNESS, LIGHTED ROAD",ANGLE,FOUR WAY,WET,NO INJURY / DRIVE AWAY,true,true,"OVER $1,500",DISREGARDING TRAFFIC SIGNALS,2,NO INDICATION OF INJURY,0,0,41.8821277277,-87.6866059391,60612,"CHICAGO MIDWAY AIRPORT, IL US",45.0,41.0,86.0,0.01,10.0,6.0
crash_10915,2023-07-01 04:47:00,2023,7,Jul,Sat,4,Night or early morning,25,NO CONTROLS,CLEAR,DAYLIGHT,FIXED OBJECT,ONE-WAY,DRY,INJURY AND / OR TOW DUE TO CRASH,,,"OVER $1,500",UNABLE TO DETERMINE,1,NO INDICATION OF INJURY,0,0,41.878613827,-87.7525210506,60644,"CHICAGO MIDWAY AIRPORT, IL US",73.0,67.0,81.0,0.0,7.0,0.0
crash_10916,2021-10-19 13:55:00,2021,10,Oct,Tue,13,Daytime,30,NO CONTROLS,CLEAR,DAYLIGHT,TURNING,NOT DIVIDED,DRY,INJURY AND / OR TOW DUE TO CRASH,,,"OVER $1,500","VISION OBSCURED (SIGNS, TREE LIMBS, BUILDINGS, ETC.)",2,NONINCAPACITATING INJURY,1,0,41.7484716693,-87.7411640303,60652,"CHICAGO MIDWAY AIRPORT, IL US",71.0,43.0,36.0,0.0,10.0,10.0
crash_10917,2021-09-17 13:30:00,2021,9,Sep,Fri,13,Daytime,30,NO CONTROLS,CLEAR,DAYLIGHT,PARKED MOTOR VEHICLE,ONE-WAY,DRY,NO INJURY / DRIVE AWAY,,true,"OVER $1,500",UNABLE TO DETERMINE,2,NO INDICATION OF INJURY,0,0,41.8432023121,-87.7234498624,60623,"CHICAGO MIDWAY AIRPORT, IL US",88.0,52.0,29.0,0.0,10.0,8.0
crash_10918,2020-11-07 18:00:00,2020,11,Nov,Sat,18,Evening commute,20,UNKNOWN,CLEAR,"DARKNESS, LIGHTED ROAD",PARKED MOTOR VEHICLE,ONE-WAY,DRY,NO INJURY / DRIVE AWAY,,true,"OVER $1,500",UNABLE TO DETERMINE,2,NO INDICATION OF INJURY,0,0,41.960760865,-87.7218433773,60618,"CHICAGO OHARE INTERNATIONAL AIRPORT, IL US",64.0,47.0,54.0,0.0,10.0,6.0
crash_10919,2021-01-20 06:50:00,2021,1,Jan,Wed,6,Morning commute,30,NO CONTROLS,SNOW,DAWN,ANGLE,NOT DIVIDED,SNOW OR SLUSH,NO INJURY / DRIVE AWAY,,,"OVER $1,500",FAILING TO YIELD RIGHT-OF-WAY,2,NO INDICATION OF INJURY,0,0,42.0047370472,-87.6601826067,60626,"CHICAGO OHARE INTERNATIONAL AIRPORT, IL US",13.0,7.0,77.0,0.0,10.0,7.0
crash_10920,2018-03-20 07:30:00,2018,3,Mar,Tue,7,Morning commute,30,NO CONTROLS,CLEAR,DAYLIGHT,PARKED MOTOR VEHICLE,PARKING LOT,DRY,NO INJURY / DRIVE AWAY,,true,"$501 - $1,500",UNABLE TO DETERMINE,2,NO INDICATION OF INJURY,0,0,41.7284927603,-87.6044803253,60619,"CHICAGO MIDWAY AIRPORT, IL US",31.0,21.0,67.0,0.0,10.0,14.0
crash_10921,2022-04-14 07:45:00,2022,4,Apr,Thu,7,Morning commute,15,NO CONTROLS,CLEAR,DAYLIGHT,FIXED OBJECT,ALLEY,DRY,NO INJURY / DRIVE AWAY,,,"OVER $1,500",UNABLE TO DETERMINE,1,,,,41.8943605583,-87.7042059687,60612,"CHICAGO MIDWAY AIRPORT, IL US",40.0,31.0,70.0,0.0,10.0,11.0
crash_10922,2018-03-03 15:20:00,2018,3,Mar,Sat,15,Evening commute,30,NO CONTROLS,CLEAR,DAYLIGHT,SIDESWIPE SAME DIRECTION,DIVIDED - W/MEDIAN (NOT RAISED),DRY,NO INJURY / DRIVE AWAY,,,"$501 - $1,500",IMPROPER LANE USAGE,2,NO INDICATION OF INJURY,0,0,41.8848174757,-87.7720910134,60644,"CHICAGO MIDWAY AIRPORT, IL US",42.0,17.0,36.0,0.0,10.0,13.0
crash_10923,2020-02-28 11:45:00,2020,2,Feb,Fri,11,Daytime,30,STOP SIGN/FLASHER,CLEAR,DAYLIGHT,ANGLE,NOT DIVIDED,DRY,NO INJURY / DRIVE AWAY,true,,"OVER $1,500",DISREGARDING STOP SIGN,2,NO INDICATION OF INJURY,0,0,41.7007825459,-87.525903182,60617,"CHICAGO MIDWAY AIRPORT, IL US",26.0,8.0,46.0,0.0,10.0,10.0
crash_10924,2021-03-12 14:00:00,2021,3,Mar,Fri,14,Daytime,30,TRAFFIC SIGNAL,CLEAR,DAYLIGHT,SIDESWIPE SAME DIRECTION,NOT DIVIDED,DRY,NO INJURY / DRIVE AWAY,true,,"$501 - $1,500",UNABLE TO DETERMINE,2,NO INDICATION OF INJURY,0,0,41.8304081329,-87.6657127581,60609,"CHICAGO MIDWAY AIRPORT, IL US",50.0,28.0,43.0,0.0,10.0,8.0
crash_10925,2022-06-05 05:20:00,2022,6,Jun,Sun,5,Night or early morning,30,NO CONTROLS,CLEAR,DAYLIGHT,SIDESWIPE SAME DIRECTION,DIVIDED - W/MEDIAN (NOT RAISED),DRY,NO INJURY / DRIVE AWAY,,,"OVER $1,500",UNABLE TO DETERMINE,2,NO INDICATION OF INJURY,0,0,41.7355863984,-87.67015718,60620,"CHICAGO MIDWAY AIRPORT, IL US",65.0,45.0,49.0,0.0,10.0,8.0
crash_10926,2018-04-04 17:11:00,2018,4,Apr,Wed,17,Evening commute,30,NO CONTROLS,CLEAR,DAYLIGHT,PEDALCYCLIST,NOT DIVIDED,DRY,NO INJURY / DRIVE AWAY,true,,$500 OR LESS,FAILING TO YIELD RIGHT-OF-WAY,2,NO INDICATION OF INJURY,0,0,41.9307671824,-87.7959850876,60707,"CHICAGO OHARE INTERNATIONAL AIRPORT, IL US",33.0,19.0,56.0,0.0,10.0,15.0
crash_10927,2021-08-25 16:30:00,2021,8,Aug,Wed,16,Evening commute,30,NO CONTROLS,CLEAR,DAYLIGHT,OTHER OBJECT,DIVIDED - W/MEDIAN (NOT RAISED),DRY,NO INJURY / DRIVE AWAY,,,"OVER $1,500",UNABLE TO DETERMINE,1,NO INDICATION OF INJURY,0,0,41.7945591033,-87.6453134277,60609,"CHICAGO MIDWAY AIRPORT, IL US",89.0,69.0,52.0,0.0,10.0,10.0