crash_id,crash_datetime,crash_year,crash_month,crash_month_name,crash_weekday_name,crash_hour,time_period,posted_speed_limit_mph,traffic_control_device,reported_weather_condition,reported_lighting_condition,first_crash_type,trafficway_type,reported_road_surface_condition,crash_type,intersection_related,hit_and_run,estimated_damage,primary_contributory_cause,unit_count,most_severe_injury,injuries_total,injuries_fatal,latitude,longitude,zip5,weather_station_name,temperature_f,dew_point_f,relative_humidity_percent,precipitation_inches,visibility_miles,wind_speed_mph
crash_10928,2022-06-09 13:15:00,2022,6,Jun,Thu,13,Daytime,30,NO CONTROLS,CLEAR,DAYLIGHT,TURNING,NOT DIVIDED,DRY,NO INJURY / DRIVE AWAY,,,"OVER $1,500",FAILING TO YIELD RIGHT-OF-WAY,2,NO INDICATION OF INJURY,0,0,41.9448810738,-87.7128050888,60618,"CHICAGO OHARE INTERNATIONAL AIRPORT, IL US",74.0,51.0,45.0,0.0,10.0,9.0
crash_10929,2022-04-10 21:45:00,2022,4,Apr,Sun,21,Night or early morning,30,STOP SIGN/FLASHER,CLEAR,"DARKNESS, LIGHTED ROAD",PARKED MOTOR VEHICLE,NOT DIVIDED,DRY,INJURY AND / OR TOW DUE TO CRASH,,true,$500 OR LESS,UNABLE TO DETERMINE,3,NO INDICATION OF INJURY,0,0,41.7619524395,-87.6267566684,60621,"CHICAGO MIDWAY AIRPORT, IL US",59.0,35.0,41.0,0.0,10.0,15.0
crash_10930,2019-05-05 11:12:00,2019,5,May,Sun,11,Daytime,30,STOP SIGN/FLASHER,CLEAR,DAYLIGHT,ANGLE,DIVIDED - W/MEDIAN (NOT RAISED),DRY,INJURY AND / OR TOW DUE TO CRASH,true,,"OVER $1,500",FAILING TO YIELD RIGHT-OF-WAY,2,NONINCAPACITATING INJURY,1,0,41.7067355154,-87.6535218844,60643,"CHICAGO MIDWAY AIRPORT, IL US",67.0,44.0,44.0,0.0,10.0,8.0
crash_10931,2023-06-12 20:15:00,2023,6,Jun,Mon,20,Night or early morning,30,NO CONTROLS,CLEAR,DAYLIGHT,HEAD ON,DIVIDED - W/MEDIAN (NOT RAISED),DRY,NO INJURY / DRIVE AWAY,,,"OVER $1,500",UNABLE TO DETERMINE,2,NO INDICATION OF INJURY,0,0,41.8205830407,-87.693426166,60632,"CHICAGO MIDWAY AIRPORT, IL US",68.0,39.0,35.0,0.0,10.0,8.0
crash_10932,2025-06-30 12:25:00,2025,6,Jun,Mon,12,Daytime,30,TRAFFIC SIGNAL,CLEAR,DAYLIGHT,SIDESWIPE SAME DIRECTION,NOT DIVIDED,DRY,NO INJURY / DRIVE AWAY,,,"OVER $1,500",FAILING TO YIELD RIGHT-OF-WAY,4,NO INDICATION OF INJURY,0,0,41.8486478916,-87.6758975992,60608,"CHICAGO MIDWAY AIRPORT, IL US",88.0,68.0,52.0,0.0,10.0,15.0
crash_10933,2018-02-27 18:50:00,2018,2,Feb,Tue,18,Evening commute,30,NO CONTROLS,CLEAR,DUSK,SIDESWIPE SAME DIRECTION,DIVIDED - W/MEDIAN BARRIER,DRY,NO INJURY / DRIVE AWAY,,true,"OVER $1,500",IMPROPER OVERTAKING/PASSING,2,NO INDICATION OF INJURY,0,0,41.8813208423,-87.6833133312,60612,"CHICAGO MIDWAY AIRPORT, IL US",56.0,37.0,49.0,0.0,10.0,14.0
crash_10934,2020-02-02 14:00:00,2020,2,Feb,Sun,14,Daytime,15,NO CONTROLS,CLEAR,DAYLIGHT,SIDESWIPE SAME DIRECTION,ONE-WAY,DRY,NO INJURY / DRIVE AWAY,,,$500 OR LESS,UNABLE TO DETERMINE,2,NO INDICATION OF INJURY,0,0,41.9974843251,-87.6958302759,60659,"CHICAGO OHARE INTERNATIONAL AIRPORT, IL US",49.0,33.0,55.0,0.0,10.0,17.0
crash_10935,2018-12-21 16:30:00,2018,12,Dec,Fri,16,Evening commute,30,TRAFFIC SIGNAL,CLEAR,"DARKNESS, LIGHTED ROAD",REAR END,NOT DIVIDED,DRY,NO INJURY / DRIVE AWAY,,true,"OVER $1,500",FAILING TO REDUCE SPEED TO AVOID CRASH,2,NO INDICATION OF INJURY,0,0,41.8530297191,-87.6347447606,60616,"CHICAGO MIDWAY AIRPORT, IL US",33.0,25.0,72.0,0.0,10.0,14.0
crash_10936,2024-06-03 15:30:00,2024,6,Jun,Mon,15,Evening commute,35,NO CONTROLS,CLEAR,DAYLIGHT,REAR END,NOT DIVIDED,DRY,INJURY AND / OR TOW DUE TO CRASH,,,"OVER $1,500",FOLLOWING TOO CLOSELY,2,"REPORTED, NOT EVIDENT",1,0,41.7139004235,-87.6593819367,60643,"CHICAGO MIDWAY AIRPORT, IL US",88.0,61.0,40.0,0.0,10.0,14.0
crash_10937,2023-12-22 20:16:00,2023,12,Dec,Fri,20,Night or early morning,30,NO CONTROLS,RAIN,"DARKNESS, LIGHTED ROAD",PARKED MOTOR VEHICLE,NOT DIVIDED,WET,INJURY AND / OR TOW DUE TO CRASH,,,"OVER $1,500",FAILING TO REDUCE SPEED TO AVOID CRASH,2,NO INDICATION OF INJURY,0,0,41.8467099539,-87.6472557391,60608,"CHICAGO MIDWAY AIRPORT, IL US",45.0,42.0,90.0,0.06,4.0,5.0
crash_10938,2025-10-28 20:00:00,2025,10,Oct,Tue,20,Night or early morning,30,NO CONTROLS,CLEAR,"DARKNESS, LIGHTED ROAD",PARKED MOTOR VEHICLE,NOT DIVIDED,DRY,NO INJURY / DRIVE AWAY,,true,"OVER $1,500",UNABLE TO DETERMINE,2,NO INDICATION OF INJURY,0,0,41.9565447058,-87.6516491242,60613,,,,,,,
crash_10939,2022-12-31 11:56:00,2022,12,Dec,Sat,11,Daytime,30,NO CONTROLS,CLEAR,DAYLIGHT,SIDESWIPE OPPOSITE DIRECTION,DIVIDED - W/MEDIAN (NOT RAISED),DRY,NO INJURY / DRIVE AWAY,,true,"$501 - $1,500",DRIVING ON WRONG SIDE/WRONG WAY,2,NO INDICATION OF INJURY,0,0,41.946332274,-87.7391568498,60641,"CHICAGO OHARE INTERNATIONAL AIRPORT, IL US",35.0,26.0,70.0,0.0,10.0,0.0
crash_10940,2024-05-21 15:07:00,2024,5,May,Tue,15,Evening commute,30,TRAFFIC SIGNAL,CLEAR,DAYLIGHT,REAR END,NOT DIVIDED,DRY,INJURY AND / OR TOW DUE TO CRASH,,,"OVER $1,500",FOLLOWING TOO CLOSELY,2,NO INDICATION OF INJURY,0,0,41.8238488533,-87.624514774,60653,"CHICAGO MIDWAY AIRPORT, IL US",90.0,61.0,38.0,0.0,10.0,16.0
crash_10941,2018-04-17 08:38:00,2018,4,Apr,Tue,8,Morning commute,30,NO CONTROLS,CLEAR,DAYLIGHT,SIDESWIPE SAME DIRECTION,NOT DIVIDED,DRY,NO INJURY / DRIVE AWAY,,,"OVER $1,500",IMPROPER OVERTAKING/PASSING,2,NO INDICATION OF INJURY,0,0,41.8599619089,-87.6388650107,60616,"CHICAGO MIDWAY AIRPORT, IL US",33.0,20.0,58.0,0.0,10.0,21.0
crash_10942,2019-04-12 12:22:00,2019,4,Apr,Fri,12,Daytime,20,TRAFFIC SIGNAL,CLEAR,DAYLIGHT,REAR END,DIVIDED - W/MEDIAN (NOT RAISED),DRY,NO INJURY / DRIVE AWAY,true,,"OVER $1,500",IMPROPER BACKING,2,NO INDICATION OF INJURY,0,0,41.8823931864,-87.7552876988,60644,"CHICAGO MIDWAY AIRPORT, IL US",49.0,28.0,44.0,0.0,10.0,24.0
crash_10943,2020-03-20 18:00:00,2020,3,Mar,Fri,18,Evening commute,30,NO CONTROLS,CLEAR,DAYLIGHT,TURNING,NOT DIVIDED,DRY,INJURY AND / OR TOW DUE TO CRASH,,true,"OVER $1,500",FAILING TO YIELD RIGHT-OF-WAY,4,NO INDICATION OF INJURY,0,0,41.8851312451,-87.6756371606,60612,"CHICAGO MIDWAY AIRPORT, IL US",35.0,25.0,67.0,0.0,10.0,13.0
crash_10944,2021-06-03 22:15:00,2021,6,Jun,Thu,22,Night or early morning,35,TRAFFIC SIGNAL,CLEAR,"DARKNESS, LIGHTED ROAD",TURNING,DIVIDED - W/MEDIAN (NOT RAISED),DRY,INJURY AND / OR TOW DUE TO CRASH,true,,"OVER $1,500",IMPROPER TURNING/NO SIGNAL,2,NO INDICATION OF INJURY,0,0,41.9757794642,-87.778121217,60630,"CHICAGO OHARE INTERNATIONAL AIRPORT, IL US",79.0,49.0,35.0,0.0,10.0,8.0
crash_10945,2022-11-19 00:15:00,2022,11,Nov,Sat,0,Night or early morning,30,TRAFFIC SIGNAL,SNOW,"DARKNESS, LIGHTED ROAD",TURNING,NOT DIVIDED,WET,NO INJURY / DRIVE AWAY,true,,"OVER $1,500",IMPROPER TURNING/NO SIGNAL,2,NO INDICATION OF INJURY,0,0,41.9309056985,-87.8063513047,60634,"CHICAGO OHARE INTERNATIONAL AIRPORT, IL US",22.0,13.0,68.0,0.0,9.0,17.0
crash_10946,2019-11-19 20:40:00,2019,11,Nov,Tue,20,Night or early morning,30,NO CONTROLS,UNKNOWN,UNKNOWN,PARKED MOTOR VEHICLE,NOT DIVIDED,UNKNOWN,INJURY AND / OR TOW DUE TO CRASH,,true,"OVER $1,500",UNABLE TO DETERMINE,3,NO INDICATION OF INJURY,0,0,41.9942305952,-87.6880638478,60659,"CHICAGO OHARE INTERNATIONAL AIRPORT, IL US",38.0,36.0,93.0,0.0,7.0,3.0
crash_10947,2021-06-10 18:55:00,2021,6,Jun,Thu,18,Evening commute,25,NO CONTROLS,CLEAR,DAYLIGHT,PARKED MOTOR VEHICLE,ONE-WAY,DRY,NO INJURY / DRIVE AWAY,,,"$501 - $1,500",DRIVING SKILLS/KNOWLEDGE/EXPERIENCE,2,NO INDICATION OF INJURY,0,0,41.7752456716,-87.7531468384,60638,"CHICAGO MIDWAY AIRPORT, IL US",83.0,64.0,53.0,0.0,10.0,8.0
crash_10948,2022-06-05 15:02:00,2022,6,Jun,Sun,15,Evening commute,35,OTHER,CLEAR,DAYLIGHT,REAR END,DIVIDED - W/MEDIAN (NOT RAISED),DRY,NO INJURY / DRIVE AWAY,,,"$501 - $1,500",FOLLOWING TOO CLOSELY,2,NO INDICATION OF INJURY,0,0,41.8704734936,-87.6307062426,60605,"CHICAGO MIDWAY AIRPORT, IL US",80.0,52.0,38.0,0.0,10.0,10.0
crash_10949,2021-07-08 10:10:00,2021,7,Jul,Thu,10,Daytime,30,TRAFFIC SIGNAL,CLEAR,DAYLIGHT,REAR END,NOT DIVIDED,DRY,INJURY AND / OR TOW DUE TO CRASH,true,,"OVER $1,500",UNABLE TO DETERMINE,2,"REPORTED, NOT EVIDENT",2,0,41.6854857628,-87.6179898744,60628,"CHICAGO MIDWAY AIRPORT, IL US",67.0,58.0,73.0,0.0,10.0,8.0
crash_10950,2024-09-18 17:00:00,2024,9,Sep,Wed,17,Evening commute,30,NO CONTROLS,CLEAR,DAYLIGHT,REAR TO SIDE,PARKING LOT,DRY,NO INJURY / DRIVE AWAY,,,"OVER $1,500",FAILING TO YIELD RIGHT-OF-WAY,2,NO INDICATION OF INJURY,0,0,41.852076669,-87.6906689801,60608,"CHICAGO MIDWAY AIRPORT, IL US",83.0,50.0,32.0,0.0,10.0,10.0
crash_10951,2023-04-21 20:30:00,2023,4,Apr,Fri,20,Night or early morning,30,TRAFFIC SIGNAL,CLEAR,DAWN,REAR END,NOT DIVIDED,DRY,NO INJURY / DRIVE AWAY,,,"OVER $1,500",FOLLOWING TOO CLOSELY,2,NO INDICATION OF INJURY,0,0,41.9266414849,-87.648949762,60614,"CHICAGO MIDWAY AIRPORT, IL US",53.0,30.0,41.0,0.0,10.0,17.0
crash_10952,2022-07-21 10:15:00,2022,7,Jul,Thu,10,Daytime,35,TRAFFIC SIGNAL,CLEAR,DAYLIGHT,SIDESWIPE OPPOSITE DIRECTION,NOT DIVIDED,DRY,NO INJURY / DRIVE AWAY,true,true,"OVER $1,500",NOT APPLICABLE,2,NO INDICATION OF INJURY,0,0,41.8369485008,-87.7280580915,60623,"CHICAGO MIDWAY AIRPORT, IL US",85.0,63.0,48.0,0.0,10.0,7.0
crash_10953,2023-10-10 20:15:00,2023,10,Oct,Tue,20,Night or early morning,30,TRAFFIC SIGNAL,CLEAR,DARKNESS,TURNING,CENTER TURN LANE,DRY,NO INJURY / DRIVE AWAY,,,"OVER $1,500",IMPROPER TURNING/NO SIGNAL,2,NO INDICATION OF INJURY,0,0,41.7062315717,-87.6814687413,60643,"CHICAGO MIDWAY AIRPORT, IL US",56.0,35.0,46.0,0.0,10.0,7.0
crash_10954,2023-02-07 12:20:00,2023,2,Feb,Tue,12,Daytime,30,NO CONTROLS,CLEAR,DAYLIGHT,REAR END,NOT DIVIDED,DRY,INJURY AND / OR TOW DUE TO CRASH,,,"OVER $1,500",FOLLOWING TOO CLOSELY,2,NO INDICATION OF INJURY,0,0,41.8161080586,-87.6231672006,60653,"CHICAGO MIDWAY AIRPORT, IL US",37.0,31.0,79.0,0.0,10.0,13.0
crash_10955,2018-04-15 00:30:00,2018,4,Apr,Sun,0,Night or early morning,30,TRAFFIC SIGNAL,RAIN,"DARKNESS, LIGHTED ROAD",REAR END,NOT DIVIDED,WET,INJURY AND / OR TOW DUE TO CRASH,true,,"OVER $1,500",WEATHER,2,NO INDICATION OF INJURY,0,0,41.7557904573,-87.6588751223,60620,"CHICAGO MIDWAY AIRPORT, IL US",38.0,36.0,93.0,0.08,4.0,15.0
crash_10956,2021-02-06 13:40:00,2021,2,Feb,Sat,13,Daytime,20,NO CONTROLS,UNKNOWN,DAYLIGHT,REAR END,ONE-WAY,ICE,NO INJURY / DRIVE AWAY,,,"OVER $1,500",UNABLE TO DETERMINE,2,NO INDICATION OF INJURY,0,0,41.9411821097,-87.6486185637,60657,"CHICAGO MIDWAY AIRPORT, IL US",13.0,-2.0,51.0,0.0,10.0,8.0
crash_10957,2022-03-06 01:30:00,2022,3,Mar,Sun,1,Night or early morning,30,NO CONTROLS,RAIN,DARKNESS,PARKED MOTOR VEHICLE,NOT DIVIDED,WET,NO INJURY / DRIVE AWAY,,true,"OVER $1,500",UNABLE TO DETERMINE,2,NO INDICATION OF INJURY,0,0,41.8857319167,-87.6817984825,60612,"CHICAGO MIDWAY AIRPORT, IL US",61.0,52.0,72.0,0.0,10.0,18.0
crash_10958,2023-09-07 07:45:00,2023,9,Sep,Thu,7,Morning commute,30,TRAFFIC SIGNAL,CLOUDY/OVERCAST,DAYLIGHT,TURNING,NOT DIVIDED,DRY,NO INJURY / DRIVE AWAY,true,,"OVER $1,500",IMPROPER TURNING/NO SIGNAL,2,NO INDICATION OF INJURY,0,0,41.8658699281,-87.6239681718,60605,"CHICAGO MIDWAY AIRPORT, IL US",68.0,62.0,81.0,0.0,10.0,13.0
crash_10959,2020-06-12 06:45:00,2020,6,Jun,Fri,6,Morning commute,30,STOP SIGN/FLASHER,CLEAR,DAYLIGHT,ANGLE,DIVIDED - W/MEDIAN (NOT RAISED),DRY,INJURY AND / OR TOW DUE TO CRASH,true,,"OVER $1,500","VISION OBSCURED (SIGNS, TREE LIMBS, BUILDINGS, ETC.)",2,NO INDICATION OF INJURY,0,0,41.8740732041,-87.6814695372,60612,"CHICAGO MIDWAY AIRPORT, IL US",67.0,55.0,66.0,0.0,10.0,3.0
crash_10960,2022-03-15 09:45:00,2022,3,Mar,Tue,9,Morning commute,35,NO CONTROLS,CLEAR,DAYLIGHT,TURNING,T-INTERSECTION,DRY,NO INJURY / DRIVE AWAY,,,$500 OR LESS,UNABLE TO DETERMINE,2,NO INDICATION OF INJURY,0,0,41.6602838936,-87.58866624,60633,"CHICAGO MIDWAY AIRPORT, IL US",44.0,34.0,68.0,0.0,10.0,6.0
crash_10961,2021-05-17 16:50:00,2021,5,May,Mon,16,Evening commute,30,NO CONTROLS,CLEAR,DAYLIGHT,SIDESWIPE SAME DIRECTION,NOT DIVIDED,DRY,NO INJURY / DRIVE AWAY,,,"OVER $1,500",IMPROPER LANE USAGE,2,NO INDICATION OF INJURY,0,0,41.7442082912,-87.7104291135,60652,"CHICAGO MIDWAY AIRPORT, IL US",69.0,52.0,55.0,0.0,10.0,11.0
crash_10962,2021-01-03 05:08:00,2021,1,Jan,Sun,5,Night or early morning,30,TRAFFIC SIGNAL,SNOW,"DARKNESS, LIGHTED ROAD",REAR END,FOUR WAY,WET,NO INJURY / DRIVE AWAY,true,true,"$501 - $1,500",FAILING TO REDUCE SPEED TO AVOID CRASH,2,NO INDICATION OF INJURY,0,0,41.9395074638,-87.6877652076,60618,"CHICAGO MIDWAY AIRPORT, IL US",32.0,30.0,92.0,0.0,2.0,6.0
crash_10963,2018-03-11 00:25:00,2018,3,Mar,Sun,0,Night or early morning,30,NO CONTROLS,CLEAR,"DARKNESS, LIGHTED ROAD",PARKED MOTOR VEHICLE,NOT DIVIDED,DRY,INJURY AND / OR TOW DUE TO CRASH,,true,"OVER $1,500",UNABLE TO DETERMINE,4,NO INDICATION OF INJURY,0,0,41.912444433,-87.711907741,60647,"CHICAGO MIDWAY AIRPORT, IL US",33.0,26.0,75.0,0.0,10.0,9.0
crash_10964,2025-07-20 21:00:00,2025,7,Jul,Sun,21,Night or early morning,30,TRAFFIC SIGNAL,CLEAR,"DARKNESS, LIGHTED ROAD",SIDESWIPE SAME DIRECTION,NOT DIVIDED,DRY,NO INJURY / DRIVE AWAY,true,,"OVER $1,500",FAILING TO REDUCE SPEED TO AVOID CRASH,2,NO INDICATION OF INJURY,0,0,41.9939129533,-87.7873817958,60646,"CHICAGO OHARE INTERNATIONAL AIRPORT, IL US",68.0,62.0,81.0,0.0,10.0,11.0
crash_10965,2022-01-05 20:30:00,2022,1,Jan,Wed,20,Night or early morning,30,TRAFFIC SIGNAL,CLEAR,"DARKNESS, LIGHTED ROAD",REAR END,NOT DIVIDED,DRY,NO INJURY / DRIVE AWAY,true,,"OVER $1,500",DRIVING SKILLS/KNOWLEDGE/EXPERIENCE,2,NO INDICATION OF INJURY,0,0,41.9071226513,-87.6676249073,60622,"CHICAGO MIDWAY AIRPORT, IL US",14.0,4.0,64.0,0.0,10.0,18.0
crash_10966,2021-02-12 14:00:00,2021,2,Feb,Fri,14,Daytime,30,STOP SIGN/FLASHER,SNOW,DAYLIGHT,PARKED MOTOR VEHICLE,ONE-WAY,SNOW OR SLUSH,NO INJURY / DRIVE AWAY,,,"OVER $1,500",UNABLE TO DETERMINE,2,NO INDICATION OF INJURY,0,0,41.8846441837,-87.7431205573,60644,"CHICAGO MIDWAY AIRPORT, IL US",19.0,6.0,57.0,0.0,10.0,13.0
crash_10967,2022-11-04 14:42:00,2022,11,Nov,Fri,14,Daytime,30,STOP SIGN/FLASHER,RAIN,DAYLIGHT,ANGLE,DIVIDED - W/MEDIAN (NOT RAISED),WET,INJURY AND / OR TOW DUE TO CRASH,true,,"OVER $1,500",FAILING TO YIELD RIGHT-OF-WAY,2,"REPORTED, NOT EVIDENT",1,0,41.9855259299,-87.6613741113,60660,"CHICAGO OHARE INTERNATIONAL AIRPORT, IL US",62.0,58.0,86.0,0.05,6.0,5.0
crash_10968,2018-11-15 11:30:00,2018,11,Nov,Thu,11,Daytime,30,NO CONTROLS,SNOW,DAYLIGHT,TURNING,NOT DIVIDED,WET,NO INJURY / DRIVE AWAY,,,"OVER $1,500",FAILING TO YIELD RIGHT-OF-WAY,2,NO INDICATION OF INJURY,0,0,41.7788035284,-87.7204329846,60629,"CHICAGO MIDWAY AIRPORT, IL US",33.0,28.0,82.0,0.0,4.0,8.0
crash_10969,2022-02-12 10:13:00,2022,2,Feb,Sat,10,Daytime,10,NO CONTROLS,CLEAR,DAYLIGHT,FIXED OBJECT,OTHER,DRY,NO INJURY / DRIVE AWAY,,,$500 OR LESS,NOT APPLICABLE,1,NO INDICATION OF INJURY,0,0,41.9236732565,-87.7996266459,60707,"CHICAGO OHARE INTERNATIONAL AIRPORT, IL US",17.0,1.0,49.0,0.0,10.0,8.0
crash_10970,2024-10-30 14:40:00,2024,10,Oct,Wed,14,Daytime,30,NO CONTROLS,CLEAR,DAYLIGHT,REAR END,NOT DIVIDED,DRY,INJURY AND / OR TOW DUE TO CRASH,,,"OVER $1,500",UNABLE TO DETERMINE,2,NO INDICATION OF INJURY,0,0,41.6918472925,-87.6865043813,60655,"CHICAGO MIDWAY AIRPORT, IL US",81.0,56.0,42.0,0.0,10.0,22.0
crash_10971,2019-07-24 16:45:00,2019,7,Jul,Wed,16,Evening commute,30,TRAFFIC SIGNAL,CLEAR,DAYLIGHT,REAR END,DIVIDED - W/MEDIAN (NOT RAISED),DRY,NO INJURY / DRIVE AWAY,,,"OVER $1,500",DISTRACTION - FROM OUTSIDE VEHICLE,2,NO INDICATION OF INJURY,0,0,41.976330126,-87.6521677593,60640,"CHICAGO MIDWAY AIRPORT, IL US",79.0,48.0,34.0,0.0,10.0,7.0
crash_10972,2023-07-07 16:30:00,2023,7,Jul,Fri,16,Evening commute,30,NO CONTROLS,CLEAR,DAYLIGHT,PARKED MOTOR VEHICLE,NOT DIVIDED,DRY,NO INJURY / DRIVE AWAY,,,"$501 - $1,500",IMPROPER BACKING,2,NO INDICATION OF INJURY,0,0,41.9547965797,-87.6505288852,60613,"CHICAGO MIDWAY AIRPORT, IL US",78.0,63.0,60.0,0.0,10.0,10.0
crash_10973,2018-12-18 06:50:00,2018,12,Dec,Tue,6,Morning commute,30,NO CONTROLS,CLEAR,DAYLIGHT,TURNING,NOT DIVIDED,DRY,INJURY AND / OR TOW DUE TO CRASH,,,"OVER $1,500",FAILING TO YIELD RIGHT-OF-WAY,2,"REPORTED, NOT EVIDENT",1,0,41.9758721551,-87.7067697566,60625,"CHICAGO OHARE INTERNATIONAL AIRPORT, IL US",27.0,21.0,78.0,0.0,10.0,3.0
crash_10974,2023-04-18 21:43:00,2023,4,Apr,Tue,21,Night or early morning,30,NO CONTROLS,CLEAR,"DARKNESS, LIGHTED ROAD",REAR END,DIVIDED - W/MEDIAN (NOT RAISED),DRY,NO INJURY / DRIVE AWAY,,true,"OVER $1,500",FAILING TO REDUCE SPEED TO AVOID CRASH,2,NO INDICATION OF INJURY,0,0,41.917697031,-87.6863211079,60647,"CHICAGO MIDWAY AIRPORT, IL US",49.0,29.0,46.0,0.0,10.0,5.0
crash_10975,2019-05-10 20:12:00,2019,5,May,Fri,20,Night or early morning,30,TRAFFIC SIGNAL,CLEAR,"DARKNESS, LIGHTED ROAD",TURNING,FOUR WAY,DRY,INJURY AND / OR TOW DUE TO CRASH,true,,"OVER $1,500",IMPROPER TURNING/NO SIGNAL,2,"REPORTED, NOT EVIDENT",1,0,41.9102861869,-87.6821512899,60622,"CHICAGO MIDWAY AIRPORT, IL US",48.0,36.0,63.0,0.0,10.0,9.0
crash_10976,2021-12-29 00:00:00,2021,12,Dec,Wed,0,Night or early morning,20,NO CONTROLS,CLEAR,"DARKNESS, LIGHTED ROAD",PARKED MOTOR VEHICLE,NOT DIVIDED,UNKNOWN,NO INJURY / DRIVE AWAY,,true,"$501 - $1,500",UNABLE TO DETERMINE,2,NO INDICATION OF INJURY,0,0,41.7434151161,-87.68987689,60652,"CHICAGO MIDWAY AIRPORT, IL US",37.0,35.0,93.0,0.0,1.0,5.0
crash_10977,2022-05-07 01:00:00,2022,5,May,Sat,1,Night or early morning,35,NO CONTROLS,CLEAR,DAYLIGHT,PARKED MOTOR VEHICLE,ONE-WAY,DRY,NO INJURY / DRIVE AWAY,,true,"OVER $1,500",UNABLE TO DETERMINE,2,NO INDICATION OF INJURY,0,0,41.8001394671,-87.6852800762,60632,"CHICAGO MIDWAY AIRPORT, IL US",53.0,36.0,52.0,0.0,10.0,13.0
crash_10978,2022-02-25 07:40:00,2022,2,Feb,Fri,7,Morning commute,30,STOP SIGN/FLASHER,CLEAR,DAYLIGHT,TURNING,NOT DIVIDED,SNOW OR SLUSH,NO INJURY / DRIVE AWAY,true,,"OVER $1,500",FAILING TO YIELD RIGHT-OF-WAY,2,NO INDICATION OF INJURY,0,0,41.9717769473,-87.7684019779,60630,"CHICAGO OHARE INTERNATIONAL AIRPORT, IL US",19.0,14.0,81.0,0.0,10.0,9.0
crash_10979,2024-05-07 15:50:00,2024,5,May,Tue,15,Evening commute,30,STOP SIGN/FLASHER,RAIN,DAYLIGHT,ANGLE,UNKNOWN,WET,INJURY AND / OR TOW DUE TO CRASH,,,"OVER $1,500",UNABLE TO DETERMINE,2,"REPORTED, NOT EVIDENT",1,0,41.7687438053,-87.6435659805,60621,"CHICAGO MIDWAY AIRPORT, IL US",70.0,63.0,78.0,,10.0,8.0
crash_10980,2024-06-12 09:15:00,2024,6,Jun,Wed,9,Morning commute,10,NO CONTROLS,CLEAR,DAYLIGHT,REAR TO FRONT,PARKING LOT,DRY,NO INJURY / DRIVE AWAY,,,"OVER $1,500",IMPROPER BACKING,2,NO INDICATION OF INJURY,0,0,41.7920564795,-87.8010589933,60638,"CHICAGO MIDWAY AIRPORT, IL US",75.0,56.0,52.0,0.0,10.0,10.0
crash_10981,2018-07-16 14:31:00,2018,7,Jul,Mon,14,Daytime,30,UNKNOWN,CLEAR,DAYLIGHT,TURNING,NOT DIVIDED,UNKNOWN,NO INJURY / DRIVE AWAY,,,"$501 - $1,500",UNABLE TO DETERMINE,2,NO INDICATION OF INJURY,0,0,41.9108743371,-87.7833174923,60639,"CHICAGO OHARE INTERNATIONAL AIRPORT, IL US",79.0,70.0,74.0,0.08,8.0,5.0
crash_10982,2024-12-22 13:27:00,2024,12,Dec,Sun,13,Daytime,30,NO CONTROLS,CLEAR,DAYLIGHT,FIXED OBJECT,OTHER,DRY,INJURY AND / OR TOW DUE TO CRASH,,,"OVER $1,500",FAILING TO REDUCE SPEED TO AVOID CRASH,1,FATAL,5,1,41.8860005243,-87.7332970779,60624,"CHICAGO MIDWAY AIRPORT, IL US",33.0,22.0,64.0,,10.0,11.0
crash_10983,2019-12-08 11:43:00,2019,12,Dec,Sun,11,Daytime,10,NO CONTROLS,CLEAR,DAYLIGHT,PARKED MOTOR VEHICLE,PARKING LOT,DRY,NO INJURY / DRIVE AWAY,,true,"OVER $1,500",IMPROPER BACKING,2,NO INDICATION OF INJURY,0,0,41.9610265256,-87.7124414112,60618,"CHICAGO OHARE INTERNATIONAL AIRPORT, IL US",43.0,37.0,80.0,0.0,7.0,14.0
crash_10984,2019-10-28 18:21:00,2019,10,Oct,Mon,18,Evening commute,30,NO CONTROLS,CLEAR,DUSK,PARKED MOTOR VEHICLE,NOT DIVIDED,DRY,NO INJURY / DRIVE AWAY,,,"OVER $1,500",UNABLE TO DETERMINE,2,NO INDICATION OF INJURY,0,0,41.7695571281,-87.5697145412,60649,"CHICAGO MIDWAY AIRPORT, IL US",49.0,41.0,74.0,0.0,10.0,6.0
crash_10985,2019-02-24 10:35:00,2019,2,Feb,Sun,10,Daytime,15,NO CONTROLS,SEVERE CROSS WIND GATE,DAYLIGHT,PARKED MOTOR VEHICLE,PARKING LOT,DRY,NO INJURY / DRIVE AWAY,,,"$501 - $1,500",UNABLE TO DETERMINE,2,NO INDICATION OF INJURY,0,0,41.9821898846,-87.668651628,60640,"CHICAGO OHARE INTERNATIONAL AIRPORT, IL US",26.0,19.0,75.0,0.0,10.0,26.0
crash_10986,2022-03-22 09:40:00,2022,3,Mar,Tue,9,Morning commute,35,TRAFFIC SIGNAL,CLEAR,DAYLIGHT,ANGLE,DIVIDED - W/MEDIAN (NOT RAISED),DRY,NO INJURY / DRIVE AWAY,,,"OVER $1,500",IMPROPER TURNING/NO SIGNAL,2,NO INDICATION OF INJURY,0,0,41.7359055256,-87.6626704059,60620,"CHICAGO MIDWAY AIRPORT, IL US",54.0,45.0,72.0,0.0,10.0,18.0