crash_id,crash_datetime,crash_year,crash_month,crash_month_name,crash_weekday_name,crash_hour,time_period,posted_speed_limit_mph,traffic_control_device,reported_weather_condition,reported_lighting_condition,first_crash_type,trafficway_type,reported_road_surface_condition,crash_type,intersection_related,hit_and_run,estimated_damage,primary_contributory_cause,unit_count,most_severe_injury,injuries_total,injuries_fatal,latitude,longitude,zip5,weather_station_name,temperature_f,dew_point_f,relative_humidity_percent,precipitation_inches,visibility_miles,wind_speed_mph
crash_10987,2018-02-17 19:40:00,2018,2,Feb,Sat,19,Night or early morning,25,STOP SIGN/FLASHER,SLEET/HAIL,"DARKNESS, LIGHTED ROAD",SIDESWIPE SAME DIRECTION,ONE-WAY,SNOW OR SLUSH,NO INJURY / DRIVE AWAY,,,"$501 - $1,500",WEATHER,3,NO INDICATION OF INJURY,0,0,41.753912892,-87.6615257102,60620,"CHICAGO MIDWAY AIRPORT, IL US",32.0,27.0,82.0,0.0,8.0,17.0
crash_10988,2020-04-27 10:00:00,2020,4,Apr,Mon,10,Daytime,30,NO CONTROLS,CLEAR,DAYLIGHT,ANGLE,NOT DIVIDED,DRY,NO INJURY / DRIVE AWAY,,,"OVER $1,500",FAILING TO YIELD RIGHT-OF-WAY,2,NO INDICATION OF INJURY,0,0,41.7850060782,-87.7792479437,60638,"CHICAGO MIDWAY AIRPORT, IL US",61.0,35.0,38.0,0.0,10.0,15.0
crash_10989,2025-06-30 20:20:00,2025,6,Jun,Mon,20,Night or early morning,30,TRAFFIC SIGNAL,CLEAR,"DARKNESS, LIGHTED ROAD",TURNING,FOUR WAY,DRY,NO INJURY / DRIVE AWAY,true,,"OVER $1,500",DRIVING SKILLS/KNOWLEDGE/EXPERIENCE,2,NO INDICATION OF INJURY,0,0,41.9908504544,-87.6759219692,60660,"CHICAGO OHARE INTERNATIONAL AIRPORT, IL US",84.0,60.0,44.0,0.0,10.0,10.0
crash_10990,2022-09-15 15:56:00,2022,9,Sep,Thu,15,Evening commute,30,OTHER,CLEAR,DAYLIGHT,PARKED MOTOR VEHICLE,NOT DIVIDED,DRY,NO INJURY / DRIVE AWAY,,true,"OVER $1,500",UNABLE TO DETERMINE,2,NO INDICATION OF INJURY,0,0,41.952931826,-87.7773852189,60634,"CHICAGO OHARE INTERNATIONAL AIRPORT, IL US",80.0,58.0,47.0,0.0,10.0,7.0
crash_10991,2025-10-09 18:45:00,2025,10,Oct,Thu,18,Evening commute,40,NO CONTROLS,CLEAR,"DARKNESS, LIGHTED ROAD",REAR END,DIVIDED - W/MEDIAN BARRIER,DRY,INJURY AND / OR TOW DUE TO CRASH,,,"OVER $1,500",FOLLOWING TOO CLOSELY,2,"REPORTED, NOT EVIDENT",2,0,41.9443807644,-87.6412088998,60657,,,,,,,
crash_10992,2019-03-01 19:18:00,2019,3,Mar,Fri,19,Night or early morning,30,NO CONTROLS,CLEAR,DARKNESS,REAR END,NOT DIVIDED,DRY,NO INJURY / DRIVE AWAY,,,"OVER $1,500",NOT APPLICABLE,3,NO INDICATION OF INJURY,0,0,41.9385314005,-87.7782238833,60634,"CHICAGO OHARE INTERNATIONAL AIRPORT, IL US",29.0,21.0,72.0,0.0,10.0,8.0
crash_10993,2019-09-07 08:00:00,2019,9,Sep,Sat,8,Morning commute,35,TRAFFIC SIGNAL,CLEAR,DAYLIGHT,REAR END,NOT DIVIDED,DRY,NO INJURY / DRIVE AWAY,,,$500 OR LESS,FOLLOWING TOO CLOSELY,2,NO INDICATION OF INJURY,0,0,41.7356347871,-87.7216223892,60652,"CHICAGO MIDWAY AIRPORT, IL US",63.0,55.0,75.0,0.0,10.0,7.0
crash_10994,2020-10-29 22:15:00,2020,10,Oct,Thu,22,Night or early morning,30,NO CONTROLS,CLEAR,DARKNESS,REAR TO FRONT,PARKING LOT,DRY,NO INJURY / DRIVE AWAY,,,"$501 - $1,500",IMPROPER BACKING,2,NO INDICATION OF INJURY,0,0,41.8081726144,-87.70848389,60632,"CHICAGO MIDWAY AIRPORT, IL US",39.0,24.0,55.0,0.0,10.0,18.0
crash_10995,2021-03-05 14:30:00,2021,3,Mar,Fri,14,Daytime,0,NO CONTROLS,CLEAR,DAYLIGHT,PARKED MOTOR VEHICLE,UNKNOWN,DRY,NO INJURY / DRIVE AWAY,,,"OVER $1,500",UNABLE TO DETERMINE,2,NO INDICATION OF INJURY,0,0,41.8008220299,-87.5956216186,60615,"CHICAGO MIDWAY AIRPORT, IL US",49.0,15.0,26.0,0.0,10.0,8.0
crash_10996,2019-09-29 23:19:00,2019,9,Sep,Sun,23,Night or early morning,30,STOP SIGN/FLASHER,CLEAR,"DARKNESS, LIGHTED ROAD",TURNING,NOT DIVIDED,WET,INJURY AND / OR TOW DUE TO CRASH,,,"OVER $1,500",IMPROPER TURNING/NO SIGNAL,2,NONINCAPACITATING INJURY,1,0,41.7558715776,-87.6521838786,60620,"CHICAGO MIDWAY AIRPORT, IL US",66.0,65.0,96.0,0.0,6.0,5.0
crash_10997,2025-08-03 19:15:00,2025,8,Aug,Sun,19,Night or early morning,30,NO CONTROLS,CLEAR,DAWN,PEDALCYCLIST,PARKING LOT,DRY,NO INJURY / DRIVE AWAY,,,"$501 - $1,500",UNABLE TO DETERMINE,2,NO INDICATION OF INJURY,0,0,41.8952609502,-87.7257442925,60624,"CHICAGO MIDWAY AIRPORT, IL US",76.0,54.0,47.0,0.0,10.0,9.0
crash_10998,2023-04-01 16:40:00,2023,4,Apr,Sat,16,Evening commute,30,NO CONTROLS,CLEAR,DAYLIGHT,REAR END,PARKING LOT,DRY,NO INJURY / DRIVE AWAY,,,"OVER $1,500",UNABLE TO DETERMINE,2,NO INDICATION OF INJURY,0,0,41.8624024249,-87.6664189682,60608,"CHICAGO MIDWAY AIRPORT, IL US",39.0,28.0,65.0,0.0,10.0,20.0
crash_10999,2021-01-23 02:30:00,2021,1,Jan,Sat,2,Night or early morning,30,NO CONTROLS,CLEAR,"DARKNESS, LIGHTED ROAD",PARKED MOTOR VEHICLE,ONE-WAY,DRY,INJURY AND / OR TOW DUE TO CRASH,,true,"OVER $1,500",UNABLE TO DETERMINE,9,NO INDICATION OF INJURY,0,0,41.913090156,-87.6356174457,60614,"CHICAGO MIDWAY AIRPORT, IL US",13.0,2.0,61.0,0.0,10.0,6.0
crash_11000,2020-04-15 03:00:00,2020,4,Apr,Wed,3,Night or early morning,30,NO CONTROLS,SNOW,"DARKNESS, LIGHTED ROAD",PARKED MOTOR VEHICLE,NOT DIVIDED,SNOW OR SLUSH,NO INJURY / DRIVE AWAY,,true,"OVER $1,500",UNABLE TO DETERMINE,2,NO INDICATION OF INJURY,0,0,42.0009684604,-87.6717510067,60626,"CHICAGO OHARE INTERNATIONAL AIRPORT, IL US",32.0,17.0,54.0,0.0,10.0,8.0
crash_11001,2023-06-09 20:40:00,2023,6,Jun,Fri,20,Night or early morning,25,NO CONTROLS,CLEAR,"DARKNESS, LIGHTED ROAD",REAR END,ONE-WAY,DRY,NO INJURY / DRIVE AWAY,,,"OVER $1,500",IMPROPER LANE USAGE,2,NO INDICATION OF INJURY,0,0,41.8027801596,-87.6905335945,60632,"CHICAGO MIDWAY AIRPORT, IL US",72.0,37.0,28.0,0.0,10.0,7.0
crash_11002,2018-07-27 12:30:00,2018,7,Jul,Fri,12,Daytime,30,TRAFFIC SIGNAL,CLEAR,DAYLIGHT,TURNING,NOT DIVIDED,DRY,NO INJURY / DRIVE AWAY,true,,"$501 - $1,500","VISION OBSCURED (SIGNS, TREE LIMBS, BUILDINGS, ETC.)",2,NO INDICATION OF INJURY,0,0,41.7226729025,-87.5512219798,60617,"CHICAGO MIDWAY AIRPORT, IL US",75.0,55.0,50.0,0.0,10.0,9.0
crash_11003,2020-12-20 22:55:00,2020,12,Dec,Sun,22,Night or early morning,15,NO CONTROLS,CLEAR,"DARKNESS, LIGHTED ROAD",PARKED MOTOR VEHICLE,ONE-WAY,DRY,NO INJURY / DRIVE AWAY,,true,$500 OR LESS,UNABLE TO DETERMINE,2,NO INDICATION OF INJURY,0,0,41.7671707652,-87.5728093358,60649,"CHICAGO MIDWAY AIRPORT, IL US",35.0,28.0,76.0,0.0,10.0,3.0
crash_11004,2021-08-26 21:00:00,2021,8,Aug,Thu,21,Night or early morning,30,NO CONTROLS,CLEAR,DARKNESS,PARKED MOTOR VEHICLE,ONE-WAY,DRY,NO INJURY / DRIVE AWAY,,,"OVER $1,500",UNABLE TO DETERMINE,2,NO INDICATION OF INJURY,0,0,41.7704051331,-87.7027964738,60629,"CHICAGO MIDWAY AIRPORT, IL US",82.0,69.0,65.0,0.0,10.0,7.0
crash_11005,2025-05-07 11:30:00,2025,5,May,Wed,11,Daytime,30,NO CONTROLS,CLEAR,DAYLIGHT,SIDESWIPE SAME DIRECTION,DIVIDED - W/MEDIAN (NOT RAISED),DRY,NO INJURY / DRIVE AWAY,,,"OVER $1,500",FAILING TO YIELD RIGHT-OF-WAY,2,NO INDICATION OF INJURY,0,0,41.874720571,-87.6664658627,60607,"CHICAGO MIDWAY AIRPORT, IL US",72.0,51.0,48.0,0.0,10.0,11.0
crash_11006,2020-11-09 22:30:00,2020,11,Nov,Mon,22,Night or early morning,30,STOP SIGN/FLASHER,CLEAR,DARKNESS,REAR END,ONE-WAY,DRY,NO INJURY / DRIVE AWAY,,true,"$501 - $1,500",NOT APPLICABLE,2,NO INDICATION OF INJURY,0,0,41.7747939963,-87.7337872778,60629,"CHICAGO MIDWAY AIRPORT, IL US",69.0,57.0,66.0,0.0,10.0,15.0
crash_11007,2019-06-12 07:40:00,2019,6,Jun,Wed,7,Morning commute,35,NO CONTROLS,CLEAR,DAYLIGHT,OTHER OBJECT,NOT DIVIDED,UNKNOWN,INJURY AND / OR TOW DUE TO CRASH,,,"OVER $1,500",UNABLE TO DETERMINE,1,NO INDICATION OF INJURY,0,0,41.7225355114,-87.578807659,60617,"CHICAGO MIDWAY AIRPORT, IL US",70.0,46.0,42.0,0.0,10.0,13.0
crash_11008,2018-03-28 10:00:00,2018,3,Mar,Wed,10,Daytime,30,NO CONTROLS,CLEAR,DAYLIGHT,TURNING,RAMP,DRY,NO INJURY / DRIVE AWAY,,,"OVER $1,500",FOLLOWING TOO CLOSELY,2,NO INDICATION OF INJURY,0,0,41.7912929133,-87.7414037711,60629,"CHICAGO MIDWAY AIRPORT, IL US",45.0,36.0,71.0,0.0,10.0,5.0
crash_11009,2020-08-01 10:20:00,2020,8,Aug,Sat,10,Daytime,40,NO CONTROLS,CLEAR,DAYLIGHT,REAR END,DIVIDED - W/MEDIAN BARRIER,DRY,NO INJURY / DRIVE AWAY,,,$500 OR LESS,DRIVING SKILLS/KNOWLEDGE/EXPERIENCE,2,NO INDICATION OF INJURY,0,0,41.8957819334,-87.6163197012,60611,"CHICAGO MIDWAY AIRPORT, IL US",74.0,61.0,64.0,0.0,10.0,3.0
crash_11010,2022-02-25 22:38:00,2022,2,Feb,Fri,22,Night or early morning,35,NO CONTROLS,CLEAR,"DARKNESS, LIGHTED ROAD",TURNING,NOT DIVIDED,DRY,INJURY AND / OR TOW DUE TO CRASH,,,"OVER $1,500",UNABLE TO DETERMINE,2,NO INDICATION OF INJURY,0,0,41.7586671812,-87.6055423711,60619,"CHICAGO MIDWAY AIRPORT, IL US",22.0,14.0,71.0,0.0,10.0,7.0
crash_11011,2023-03-08 19:31:00,2023,3,Mar,Wed,19,Night or early morning,35,NO CONTROLS,CLEAR,"DARKNESS, LIGHTED ROAD",TURNING,NOT DIVIDED,DRY,INJURY AND / OR TOW DUE TO CRASH,,,"OVER $1,500",IMPROPER OVERTAKING/PASSING,2,NO INDICATION OF INJURY,0,0,41.7370824033,-87.581588925,60617,"CHICAGO MIDWAY AIRPORT, IL US",41.0,24.0,51.0,0.0,10.0,10.0
crash_11012,2022-06-03 16:40:00,2022,6,Jun,Fri,16,Evening commute,25,NO CONTROLS,CLEAR,DAYLIGHT,SIDESWIPE SAME DIRECTION,NOT DIVIDED,DRY,NO INJURY / DRIVE AWAY,,true,"$501 - $1,500",IMPROPER LANE USAGE,2,NO INDICATION OF INJURY,0,0,41.8077940306,-87.7234369863,60632,"CHICAGO MIDWAY AIRPORT, IL US",82.0,32.0,16.0,,10.0,14.0
crash_11013,2024-09-17 16:30:00,2024,9,Sep,Tue,16,Evening commute,30,TRAFFIC SIGNAL,CLEAR,DAYLIGHT,REAR END,DIVIDED - W/MEDIAN (NOT RAISED),DRY,NO INJURY / DRIVE AWAY,,true,"OVER $1,500",FAILING TO REDUCE SPEED TO AVOID CRASH,2,NO INDICATION OF INJURY,0,0,41.7871798649,-87.6423893028,60621,"CHICAGO MIDWAY AIRPORT, IL US",81.0,53.0,38.0,0.0,10.0,9.0
crash_11014,2022-03-14 08:45:00,2022,3,Mar,Mon,8,Morning commute,30,TRAFFIC SIGNAL,CLEAR,DAYLIGHT,TURNING,NOT DIVIDED,DRY,NO INJURY / DRIVE AWAY,true,true,$500 OR LESS,IMPROPER OVERTAKING/PASSING,2,NO INDICATION OF INJURY,0,0,41.7938739077,-87.6450016109,60621,"CHICAGO MIDWAY AIRPORT, IL US",45.0,32.0,61.0,0.0,10.0,11.0
crash_11015,2023-08-09 15:10:00,2023,8,Aug,Wed,15,Evening commute,35,TRAFFIC SIGNAL,CLEAR,DAYLIGHT,SIDESWIPE SAME DIRECTION,NOT DIVIDED,DRY,NO INJURY / DRIVE AWAY,,,"OVER $1,500",FAILING TO YIELD RIGHT-OF-WAY,2,NO INDICATION OF INJURY,0,0,42.0192939213,-87.6763416205,60626,"CHICAGO OHARE INTERNATIONAL AIRPORT, IL US",78.0,63.0,60.0,0.0,10.0,5.0
crash_11016,2024-05-02 23:00:00,2024,5,May,Thu,23,Night or early morning,30,UNKNOWN,UNKNOWN,UNKNOWN,TURNING,UNKNOWN,UNKNOWN,NO INJURY / DRIVE AWAY,,,"OVER $1,500",DRIVING SKILLS/KNOWLEDGE/EXPERIENCE,2,NO INDICATION OF INJURY,0,0,41.764185795,-87.5864263891,60619,"CHICAGO MIDWAY AIRPORT, IL US",,,,0.44,5.0,5.0
crash_11017,2018-10-21 17:05:00,2018,10,Oct,Sun,17,Evening commute,30,TRAFFIC SIGNAL,CLEAR,DAYLIGHT,ANGLE,NOT DIVIDED,DRY,INJURY AND / OR TOW DUE TO CRASH,true,,"OVER $1,500",UNABLE TO DETERMINE,2,NO INDICATION OF INJURY,0,0,41.8306541082,-87.6450314878,60609,"CHICAGO MIDWAY AIRPORT, IL US",50.0,21.0,32.0,0.0,10.0,16.0
crash_11018,2018-10-10 07:24:00,2018,10,Oct,Wed,7,Morning commute,20,NO CONTROLS,CLOUDY/OVERCAST,DAYLIGHT,PARKED MOTOR VEHICLE,PARKING LOT,DRY,NO INJURY / DRIVE AWAY,,,"OVER $1,500",UNABLE TO DETERMINE,2,NO INDICATION OF INJURY,0,0,41.9448810738,-87.7128050888,60618,"CHICAGO OHARE INTERNATIONAL AIRPORT, IL US",70.0,63.0,79.0,0.0,10.0,11.0
crash_11019,2020-06-22 12:50:00,2020,6,Jun,Mon,12,Daytime,20,NO CONTROLS,RAIN,DAYLIGHT,PARKED MOTOR VEHICLE,DIVIDED - W/MEDIAN (NOT RAISED),WET,NO INJURY / DRIVE AWAY,,,$500 OR LESS,FAILING TO REDUCE SPEED TO AVOID CRASH,2,NO INDICATION OF INJURY,0,0,41.7896118452,-87.6050847221,60637,"CHICAGO MIDWAY AIRPORT, IL US",84.0,68.0,59.0,0.0,10.0,14.0
crash_11020,2022-02-10 17:10:00,2022,2,Feb,Thu,17,Evening commute,30,NO CONTROLS,CLEAR,DAYLIGHT,OTHER OBJECT,DIVIDED - W/MEDIAN BARRIER,DRY,NO INJURY / DRIVE AWAY,,,$500 OR LESS,UNABLE TO DETERMINE,1,NO INDICATION OF INJURY,0,0,41.9546892413,-87.6449746442,60613,"CHICAGO MIDWAY AIRPORT, IL US",28.0,19.0,69.0,0.0,10.0,16.0
crash_11021,2021-01-11 12:29:00,2021,1,Jan,Mon,12,Daytime,10,NO CONTROLS,CLEAR,DAYLIGHT,FIXED OBJECT,OTHER,DRY,NO INJURY / DRIVE AWAY,,,$500 OR LESS,UNABLE TO DETERMINE,1,NO INDICATION OF INJURY,0,0,41.7731393711,-87.6249913991,60637,"CHICAGO MIDWAY AIRPORT, IL US",28.0,21.0,75.0,0.0,8.0,14.0
crash_11022,2020-04-27 10:30:00,2020,4,Apr,Mon,10,Daytime,30,TRAFFIC SIGNAL,CLEAR,DAYLIGHT,TURNING,NOT DIVIDED,DRY,NO INJURY / DRIVE AWAY,true,true,"$501 - $1,500",IMPROPER LANE USAGE,2,NO INDICATION OF INJURY,0,0,41.8771932856,-87.7207774116,60624,"CHICAGO MIDWAY AIRPORT, IL US",64.0,38.0,38.0,0.0,10.0,18.0
crash_11023,2022-10-01 17:30:00,2022,10,Oct,Sat,17,Evening commute,30,NO CONTROLS,CLEAR,DAYLIGHT,ANGLE,ONE-WAY,DRY,INJURY AND / OR TOW DUE TO CRASH,,true,"OVER $1,500",FAILING TO REDUCE SPEED TO AVOID CRASH,2,NO INDICATION OF INJURY,0,0,41.9955983495,-87.7037795466,60659,"CHICAGO OHARE INTERNATIONAL AIRPORT, IL US",64.0,43.0,46.0,,10.0,15.0
crash_11024,2023-05-31 13:01:00,2023,5,May,Wed,13,Daytime,30,NO CONTROLS,CLEAR,DAYLIGHT,SIDESWIPE SAME DIRECTION,NOT DIVIDED,DRY,NO INJURY / DRIVE AWAY,,,"OVER $1,500",NOT APPLICABLE,2,NO INDICATION OF INJURY,0,0,41.6983864956,-87.6281972742,60628,"CHICAGO MIDWAY AIRPORT, IL US",90.0,59.0,35.0,0.0,10.0,9.0
crash_11025,2025-10-08 13:11:00,2025,10,Oct,Wed,13,Daytime,30,NO CONTROLS,CLEAR,DAYLIGHT,PARKED MOTOR VEHICLE,NOT DIVIDED,DRY,NO INJURY / DRIVE AWAY,,,"OVER $1,500",FAILING TO YIELD RIGHT-OF-WAY,2,,,,41.8849597552,-87.6499356021,60607,,,,,,,
crash_11026,2024-07-31 13:15:00,2024,7,Jul,Wed,13,Daytime,30,NO CONTROLS,CLEAR,DAYLIGHT,SIDESWIPE SAME DIRECTION,ONE-WAY,DRY,NO INJURY / DRIVE AWAY,true,,"OVER $1,500",IMPROPER LANE USAGE,2,NO INDICATION OF INJURY,0,0,41.8819370709,-87.6277468056,60603,"CHICAGO MIDWAY AIRPORT, IL US",85.0,71.0,63.0,0.0,10.0,10.0
crash_11027,2022-03-19 08:40:00,2022,3,Mar,Sat,8,Morning commute,30,NO CONTROLS,RAIN,DAYLIGHT,PARKED MOTOR VEHICLE,ONE-WAY,WET,NO INJURY / DRIVE AWAY,,true,"OVER $1,500",UNABLE TO DETERMINE,2,NO INDICATION OF INJURY,0,0,41.9878578339,-87.6906553509,60659,"CHICAGO OHARE INTERNATIONAL AIRPORT, IL US",38.0,35.0,89.0,0.0,10.0,11.0
crash_11028,2024-10-24 18:53:00,2024,10,Oct,Thu,18,Evening commute,30,TRAFFIC SIGNAL,CLEAR,DAYLIGHT,TURNING,DIVIDED - W/MEDIAN (NOT RAISED),DRY,NO INJURY / DRIVE AWAY,true,true,"OVER $1,500",UNABLE TO DETERMINE,2,NO INDICATION OF INJURY,0,0,41.7732928959,-87.5864423683,60637,"CHICAGO MIDWAY AIRPORT, IL US",60.0,34.0,38.0,0.0,10.0,6.0
crash_11029,2024-06-15 17:30:00,2024,6,Jun,Sat,17,Evening commute,30,TRAFFIC SIGNAL,CLEAR,DAYLIGHT,PEDALCYCLIST,"FIVE POINT, OR MORE",DRY,INJURY AND / OR TOW DUE TO CRASH,,,$500 OR LESS,UNABLE TO DETERMINE,2,NONINCAPACITATING INJURY,1,0,41.9343776365,-87.6613476877,60657,"CHICAGO MIDWAY AIRPORT, IL US",84.0,55.0,37.0,0.0,10.0,15.0
crash_11030,2019-04-16 09:02:00,2019,4,Apr,Tue,9,Morning commute,30,TRAFFIC SIGNAL,CLEAR,DAYLIGHT,REAR END,NOT DIVIDED,UNKNOWN,INJURY AND / OR TOW DUE TO CRASH,,true,"OVER $1,500",FOLLOWING TOO CLOSELY,2,"REPORTED, NOT EVIDENT",2,0,41.8781778215,-87.6377256734,60606,"CHICAGO MIDWAY AIRPORT, IL US",55.0,43.0,64.0,0.0,10.0,10.0
crash_11031,2023-06-09 08:30:00,2023,6,Jun,Fri,8,Morning commute,30,TRAFFIC SIGNAL,CLEAR,DAYLIGHT,REAR END,NOT DIVIDED,DRY,NO INJURY / DRIVE AWAY,,,"OVER $1,500",FAILING TO REDUCE SPEED TO AVOID CRASH,2,NO INDICATION OF INJURY,0,0,41.8984899333,-87.7558350894,60651,"CHICAGO MIDWAY AIRPORT, IL US",69.0,46.0,44.0,0.0,10.0,0.0
crash_11032,2024-06-04 10:30:00,2024,6,Jun,Tue,10,Daytime,30,NO CONTROLS,CLEAR,DAYLIGHT,FIXED OBJECT,NOT DIVIDED,DRY,NO INJURY / DRIVE AWAY,,,"$501 - $1,500",NOT APPLICABLE,1,NO INDICATION OF INJURY,0,0,41.8731674163,-87.7384606588,60624,"CHICAGO MIDWAY AIRPORT, IL US",83.0,64.0,53.0,0.0,10.0,15.0
crash_11033,2021-07-13 17:11:00,2021,7,Jul,Tue,17,Evening commute,35,NO CONTROLS,CLEAR,UNKNOWN,PARKED MOTOR VEHICLE,NOT DIVIDED,DRY,NO INJURY / DRIVE AWAY,,,$500 OR LESS,IMPROPER BACKING,2,NO INDICATION OF INJURY,0,0,41.8438131924,-87.7344207743,60623,"CHICAGO MIDWAY AIRPORT, IL US",78.0,63.0,60.0,0.0,10.0,9.0
crash_11034,2020-04-04 11:20:00,2020,4,Apr,Sat,11,Daytime,25,STOP SIGN/FLASHER,CLEAR,DAYLIGHT,ANGLE,ONE-WAY,DRY,INJURY AND / OR TOW DUE TO CRASH,true,true,"OVER $1,500",DISREGARDING STOP SIGN,2,NO INDICATION OF INJURY,0,0,41.8986541123,-87.7582970876,60651,"CHICAGO MIDWAY AIRPORT, IL US",41.0,37.0,86.0,,10.0,9.0
crash_11035,2019-07-02 14:20:00,2019,7,Jul,Tue,14,Daytime,30,NO CONTROLS,CLEAR,DAYLIGHT,REAR END,NOT DIVIDED,DRY,NO INJURY / DRIVE AWAY,,,"$501 - $1,500",UNABLE TO DETERMINE,2,NO INDICATION OF INJURY,0,0,41.9036983077,-87.6482453506,60642,"CHICAGO MIDWAY AIRPORT, IL US",90.0,73.0,58.0,,10.0,8.0
crash_11036,2024-12-24 11:00:00,2024,12,Dec,Tue,11,Daytime,30,TRAFFIC SIGNAL,CLOUDY/OVERCAST,DAYLIGHT,REAR END,NOT DIVIDED,WET,NO INJURY / DRIVE AWAY,true,,"$501 - $1,500",FOLLOWING TOO CLOSELY,2,NO INDICATION OF INJURY,0,0,41.6776347182,-87.6468998175,60643,"CHICAGO MIDWAY AIRPORT, IL US",39.0,27.0,62.0,,10.0,10.0
crash_11037,2024-05-24 14:46:00,2024,5,May,Fri,14,Daytime,30,NO CONTROLS,CLOUDY/OVERCAST,DAYLIGHT,REAR END,NOT DIVIDED,DRY,NO INJURY / DRIVE AWAY,true,,"OVER $1,500",FAILING TO REDUCE SPEED TO AVOID CRASH,2,NO INDICATION OF INJURY,0,0,41.807761481,-87.7407739075,60632,"CHICAGO MIDWAY AIRPORT, IL US",70.0,59.0,68.0,0.0,10.0,16.0
crash_11038,2024-06-05 00:01:00,2024,6,Jun,Wed,0,Night or early morning,30,NO CONTROLS,RAIN,"DARKNESS, LIGHTED ROAD",PARKED MOTOR VEHICLE,NOT DIVIDED,WET,NO INJURY / DRIVE AWAY,,true,"OVER $1,500",UNABLE TO DETERMINE,2,NO INDICATION OF INJURY,0,0,41.758734631,-87.6014161154,60619,"CHICAGO MIDWAY AIRPORT, IL US",78.0,66.0,67.0,,10.0,11.0
crash_11039,2018-06-21 16:45:00,2018,6,Jun,Thu,16,Evening commute,30,NO CONTROLS,CLOUDY/OVERCAST,DAYLIGHT,REAR END,NOT DIVIDED,WET,NO INJURY / DRIVE AWAY,,true,"OVER $1,500",FOLLOWING TOO CLOSELY,2,NO INDICATION OF INJURY,0,0,41.9555824341,-87.7221225734,60618,"CHICAGO OHARE INTERNATIONAL AIRPORT, IL US",66.0,62.0,87.0,0.0,5.0,14.0
crash_11040,2025-04-18 16:45:00,2025,4,Apr,Fri,16,Evening commute,30,NO CONTROLS,CLEAR,DAYLIGHT,REAR END,NOT DIVIDED,DRY,INJURY AND / OR TOW DUE TO CRASH,,,"OVER $1,500",FOLLOWING TOO CLOSELY,2,"REPORTED, NOT EVIDENT",1,0,41.7713825032,-87.7310443616,60629,"CHICAGO MIDWAY AIRPORT, IL US",76.0,60.0,58.0,0.0,10.0,22.0
crash_11041,2024-03-20 10:00:00,2024,3,Mar,Wed,10,Daytime,30,NO CONTROLS,CLEAR,DAYLIGHT,PARKED MOTOR VEHICLE,NOT DIVIDED,DRY,NO INJURY / DRIVE AWAY,,,"$501 - $1,500",ROAD CONSTRUCTION/MAINTENANCE,2,NO INDICATION OF INJURY,0,0,41.9770337321,-87.689047855,60625,"CHICAGO OHARE INTERNATIONAL AIRPORT, IL US",36.0,12.0,37.0,0.0,10.0,17.0
crash_11042,2023-11-28 10:20:00,2023,11,Nov,Tue,10,Daytime,15,NO CONTROLS,CLEAR,DAYLIGHT,FIXED OBJECT,PARKING LOT,DRY,INJURY AND / OR TOW DUE TO CRASH,,,"OVER $1,500",DRIVING SKILLS/KNOWLEDGE/EXPERIENCE,1,NO INDICATION OF INJURY,0,0,41.6991559043,-87.6424478035,60628,"CHICAGO MIDWAY AIRPORT, IL US",21.0,6.0,52.0,0.0,10.0,9.0
crash_11043,2021-01-07 02:20:00,2021,1,Jan,Thu,2,Night or early morning,30,NO CONTROLS,CLEAR,"DARKNESS, LIGHTED ROAD",SIDESWIPE SAME DIRECTION,OTHER,DRY,NO INJURY / DRIVE AWAY,,,"OVER $1,500",UNABLE TO DETERMINE,2,NO INDICATION OF INJURY,0,0,41.8338864682,-87.6853528715,60608,"CHICAGO MIDWAY AIRPORT, IL US",36.0,25.0,64.0,0.0,10.0,6.0
crash_11044,2021-09-05 18:44:00,2021,9,Sep,Sun,18,Evening commute,20,NO CONTROLS,CLEAR,DAYLIGHT,PARKED MOTOR VEHICLE,NOT DIVIDED,DRY,NO INJURY / DRIVE AWAY,,,"OVER $1,500",UNABLE TO DETERMINE,4,NO INDICATION OF INJURY,0,0,41.8918097236,-87.725328801,60624,"CHICAGO MIDWAY AIRPORT, IL US",80.0,46.0,30.0,0.0,10.0,13.0
crash_11045,2021-06-19 10:30:00,2021,6,Jun,Sat,10,Daytime,30,STOP SIGN/FLASHER,CLEAR,DAYLIGHT,ANGLE,DIVIDED - W/MEDIAN (NOT RAISED),DRY,INJURY AND / OR TOW DUE TO CRASH,,true,"OVER $1,500",FAILING TO YIELD RIGHT-OF-WAY,2,"REPORTED, NOT EVIDENT",1,0,41.8518912884,-87.703975607,60623,"CHICAGO MIDWAY AIRPORT, IL US",79.0,61.0,54.0,,10.0,17.0
crash_11046,2019-06-18 16:43:00,2019,6,Jun,Tue,16,Evening commute,30,NO CONTROLS,CLEAR,DAYLIGHT,TURNING,NOT DIVIDED,DRY,INJURY AND / OR TOW DUE TO CRASH,false,,"OVER $1,500",IMPROPER TURNING/NO SIGNAL,3,NONINCAPACITATING INJURY,1,0,41.8566975742,-87.6464634163,60616,"CHICAGO MIDWAY AIRPORT, IL US",79.0,58.0,49.0,0.0,10.0,6.0