crash_id,crash_datetime,crash_year,crash_month,crash_month_name,crash_weekday_name,crash_hour,time_period,posted_speed_limit_mph,traffic_control_device,reported_weather_condition,reported_lighting_condition,first_crash_type,trafficway_type,reported_road_surface_condition,crash_type,intersection_related,hit_and_run,estimated_damage,primary_contributory_cause,unit_count,most_severe_injury,injuries_total,injuries_fatal,latitude,longitude,zip5,weather_station_name,temperature_f,dew_point_f,relative_humidity_percent,precipitation_inches,visibility_miles,wind_speed_mph
crash_11047,2018-07-10 16:30:00,2018,7,Jul,Tue,16,Evening commute,30,NO CONTROLS,CLEAR,DAYLIGHT,ANGLE,DIVIDED - W/MEDIAN (NOT RAISED),DRY,INJURY AND / OR TOW DUE TO CRASH,,,"$501 - $1,500",DISREGARDING STOP SIGN,2,NO INDICATION OF INJURY,0,0,41.7563506535,-87.6232561171,60619,"CHICAGO MIDWAY AIRPORT, IL US",84.0,50.0,31.0,0.0,10.0,16.0
crash_11048,2020-03-04 07:30:00,2020,3,Mar,Wed,7,Morning commute,20,TRAFFIC SIGNAL,CLEAR,DAYLIGHT,PEDESTRIAN,DIVIDED - W/MEDIAN (NOT RAISED),WET,INJURY AND / OR TOW DUE TO CRASH,true,,$500 OR LESS,FAILING TO YIELD RIGHT-OF-WAY,2,"REPORTED, NOT EVIDENT",1,0,41.9307955668,-87.7953141648,60707,"CHICAGO OHARE INTERNATIONAL AIRPORT, IL US",38.0,32.0,79.0,0.0,10.0,10.0
crash_11049,2025-12-03 11:19:00,2025,12,Dec,Wed,11,Daytime,30,NO CONTROLS,SNOW,DAYLIGHT,SIDESWIPE SAME DIRECTION,NOT DIVIDED,SNOW OR SLUSH,NO INJURY / DRIVE AWAY,,true,"OVER $1,500",IMPROPER OVERTAKING/PASSING,2,NO INDICATION OF INJURY,0,0,41.8491695333,-87.6390756594,60616,,,,,,,
crash_11050,2022-09-03 20:30:00,2022,9,Sep,Sat,20,Night or early morning,20,STOP SIGN/FLASHER,UNKNOWN,UNKNOWN,PARKED MOTOR VEHICLE,ONE-WAY,UNKNOWN,NO INJURY / DRIVE AWAY,,true,"OVER $1,500",UNABLE TO DETERMINE,2,NO INDICATION OF INJURY,0,0,41.7566954207,-87.5613309772,60649,"CHICAGO MIDWAY AIRPORT, IL US",74.0,64.0,71.0,,10.0,16.0
crash_11051,2019-01-12 08:00:00,2019,1,Jan,Sat,8,Morning commute,30,NO CONTROLS,UNKNOWN,UNKNOWN,PARKED MOTOR VEHICLE,ONE-WAY,UNKNOWN,NO INJURY / DRIVE AWAY,,,"$501 - $1,500",UNABLE TO DETERMINE,2,NO INDICATION OF INJURY,0,0,41.9748119378,-87.6792107426,60640,"CHICAGO OHARE INTERNATIONAL AIRPORT, IL US",31.0,25.0,79.0,0.0,6.0,8.0
crash_11052,2018-05-10 08:14:00,2018,5,May,Thu,8,Morning commute,15,OTHER,CLEAR,DAYLIGHT,OTHER OBJECT,PARKING LOT,DRY,INJURY AND / OR TOW DUE TO CRASH,,,"OVER $1,500",FAILING TO REDUCE SPEED TO AVOID CRASH,1,NONINCAPACITATING INJURY,1,0,41.9925029338,-87.7287279071,60659,"CHICAGO OHARE INTERNATIONAL AIRPORT, IL US",62.0,53.0,73.0,,10.0,14.0
crash_11053,2023-09-28 19:25:00,2023,9,Sep,Thu,19,Night or early morning,30,UNKNOWN,CLEAR,DAYLIGHT,SIDESWIPE SAME DIRECTION,NOT DIVIDED,DRY,NO INJURY / DRIVE AWAY,,,"OVER $1,500",NOT APPLICABLE,2,NO INDICATION OF INJURY,0,0,41.9648439521,-87.7134013915,60625,"CHICAGO OHARE INTERNATIONAL AIRPORT, IL US",66.0,59.0,78.0,,10.0,8.0
crash_11054,2024-06-17 19:44:00,2024,6,Jun,Mon,19,Night or early morning,30,TRAFFIC SIGNAL,CLEAR,DAYLIGHT,TURNING,FOUR WAY,DRY,NO INJURY / DRIVE AWAY,,,"$501 - $1,500",FAILING TO YIELD RIGHT-OF-WAY,2,NO INDICATION OF INJURY,0,0,41.8949622935,-87.7654607912,60651,"CHICAGO MIDWAY AIRPORT, IL US",93.0,67.0,42.0,0.0,10.0,9.0
crash_11055,2024-07-27 18:48:00,2024,7,Jul,Sat,18,Evening commute,15,STOP SIGN/FLASHER,CLEAR,DAYLIGHT,PARKED MOTOR VEHICLE,NOT DIVIDED,DRY,INJURY AND / OR TOW DUE TO CRASH,,,"$501 - $1,500",UNABLE TO DETERMINE,2,NONINCAPACITATING INJURY,1,0,41.8934694827,-87.7206157739,60624,"CHICAGO MIDWAY AIRPORT, IL US",82.0,58.0,44.0,0.0,10.0,9.0
crash_11056,2020-02-05 18:15:00,2020,2,Feb,Wed,18,Evening commute,30,NO CONTROLS,SNOW,DARKNESS,PARKED MOTOR VEHICLE,NOT DIVIDED,SNOW OR SLUSH,NO INJURY / DRIVE AWAY,,,$500 OR LESS,UNABLE TO DETERMINE,2,NO INDICATION OF INJURY,0,0,41.9746634178,-87.6640803183,60640,"CHICAGO OHARE INTERNATIONAL AIRPORT, IL US",30.0,17.0,58.0,0.0,10.0,17.0
crash_11057,2024-02-25 11:04:00,2024,2,Feb,Sun,11,Daytime,30,TRAFFIC SIGNAL,CLEAR,DAYLIGHT,REAR END,NOT DIVIDED,DRY,INJURY AND / OR TOW DUE TO CRASH,,,"OVER $1,500",FOLLOWING TOO CLOSELY,2,NO INDICATION OF INJURY,0,0,41.8675509597,-87.6252091002,60605,"CHICAGO MIDWAY AIRPORT, IL US",48.0,29.0,48.0,0.0,10.0,15.0
crash_11058,2024-02-04 15:02:00,2024,2,Feb,Sun,15,Evening commute,30,NO CONTROLS,CLEAR,DAYLIGHT,SIDESWIPE SAME DIRECTION,FOUR WAY,DRY,NO INJURY / DRIVE AWAY,true,,"$501 - $1,500",UNABLE TO DETERMINE,2,NO INDICATION OF INJURY,0,0,42.0174501309,-87.6900493687,60645,"CHICAGO OHARE INTERNATIONAL AIRPORT, IL US",44.0,29.0,55.0,0.0,10.0,15.0
crash_11059,2025-02-06 00:05:00,2025,2,Feb,Thu,0,Night or early morning,25,UNKNOWN,UNKNOWN,UNKNOWN,PARKED MOTOR VEHICLE,DIVIDED - W/MEDIAN (NOT RAISED),UNKNOWN,NO INJURY / DRIVE AWAY,,,"OVER $1,500",UNABLE TO DETERMINE,2,NO INDICATION OF INJURY,0,0,41.9323299883,-87.6673347666,60614,"CHICAGO MIDWAY AIRPORT, IL US",30.0,27.0,88.0,0.0,2.0,6.0
crash_11060,2020-04-03 10:00:00,2020,4,Apr,Fri,10,Daytime,30,NO CONTROLS,CLEAR,DAYLIGHT,SIDESWIPE SAME DIRECTION,NOT DIVIDED,DRY,NO INJURY / DRIVE AWAY,,,"$501 - $1,500",FAILING TO YIELD RIGHT-OF-WAY,2,NO INDICATION OF INJURY,0,0,41.9313085556,-87.7550731627,60639,"CHICAGO OHARE INTERNATIONAL AIRPORT, IL US",55.0,39.0,55.0,0.0,10.0,6.0
crash_11061,2023-05-23 16:35:00,2023,5,May,Tue,16,Evening commute,30,NO CONTROLS,CLEAR,DAYLIGHT,PARKED MOTOR VEHICLE,ONE-WAY,DRY,NO INJURY / DRIVE AWAY,,,"OVER $1,500",IMPROPER LANE USAGE,2,NO INDICATION OF INJURY,0,0,41.817691994,-87.6232058775,60653,"CHICAGO MIDWAY AIRPORT, IL US",83.0,42.0,24.0,0.0,10.0,14.0
crash_11062,2018-03-12 10:00:00,2018,3,Mar,Mon,10,Daytime,30,NO CONTROLS,CLEAR,DAYLIGHT,SIDESWIPE SAME DIRECTION,NOT DIVIDED,DRY,INJURY AND / OR TOW DUE TO CRASH,,,"OVER $1,500",FAILING TO YIELD RIGHT-OF-WAY,2,NO INDICATION OF INJURY,0,0,41.722144861,-87.5912724324,60628,"CHICAGO MIDWAY AIRPORT, IL US",38.0,27.0,65.0,0.0,10.0,16.0
crash_11063,2018-01-31 16:45:00,2018,1,Jan,Wed,16,Evening commute,30,TRAFFIC SIGNAL,CLEAR,DAYLIGHT,ANGLE,DIVIDED - W/MEDIAN BARRIER,DRY,INJURY AND / OR TOW DUE TO CRASH,true,,"OVER $1,500",FAILING TO YIELD RIGHT-OF-WAY,2,NO INDICATION OF INJURY,0,0,41.9271503409,-87.6875732357,60647,"CHICAGO MIDWAY AIRPORT, IL US",42.0,29.0,60.0,0.0,10.0,13.0
crash_11064,2023-02-13 15:15:00,2023,2,Feb,Mon,15,Evening commute,25,NO CONTROLS,CLEAR,DAYLIGHT,PARKED MOTOR VEHICLE,ONE-WAY,DRY,NO INJURY / DRIVE AWAY,,,"OVER $1,500",IMPROPER LANE USAGE,2,NO INDICATION OF INJURY,0,0,41.9415619246,-87.7347939378,60641,"CHICAGO OHARE INTERNATIONAL AIRPORT, IL US",52.0,17.0,25.0,0.0,10.0,9.0
crash_11065,2025-03-06 16:15:00,2025,3,Mar,Thu,16,Evening commute,30,NO CONTROLS,UNKNOWN,DAYLIGHT,REAR END,DIVIDED - W/MEDIAN (NOT RAISED),UNKNOWN,NO INJURY / DRIVE AWAY,,true,"OVER $1,500",UNABLE TO DETERMINE,2,NO INDICATION OF INJURY,0,0,41.9151479048,-87.756019753,60639,"CHICAGO MIDWAY AIRPORT, IL US",42.0,16.0,35.0,0.0,10.0,8.0
crash_11066,2025-09-09 13:30:00,2025,9,Sep,Tue,13,Daytime,30,STOP SIGN/FLASHER,CLEAR,DAYLIGHT,ANGLE,FOUR WAY,DRY,INJURY AND / OR TOW DUE TO CRASH,,,"OVER $1,500",FAILING TO YIELD RIGHT-OF-WAY,2,NONINCAPACITATING INJURY,2,0,41.8111537884,-87.6164914905,60653,,,,,,,
crash_11067,2018-03-05 22:15:00,2018,3,Mar,Mon,22,Night or early morning,30,STOP SIGN/FLASHER,SNOW,"DARKNESS, LIGHTED ROAD",REAR END,DIVIDED - W/MEDIAN (NOT RAISED),WET,NO INJURY / DRIVE AWAY,true,,"$501 - $1,500",WEATHER,2,NO INDICATION OF INJURY,0,0,41.7859822819,-87.7291376043,60629,"CHICAGO MIDWAY AIRPORT, IL US",34.0,32.0,92.0,0.0,1.75,14.0
crash_11068,2021-01-24 11:15:00,2021,1,Jan,Sun,11,Daytime,30,STOP SIGN/FLASHER,CLOUDY/OVERCAST,DAYLIGHT,ANGLE,NOT DIVIDED,UNKNOWN,NO INJURY / DRIVE AWAY,true,,"$501 - $1,500",IMPROPER OVERTAKING/PASSING,2,NO INDICATION OF INJURY,0,0,41.9397696833,-87.6561363546,60657,"CHICAGO MIDWAY AIRPORT, IL US",30.0,23.0,75.0,0.0,10.0,8.0
crash_11069,2023-02-12 22:30:00,2023,2,Feb,Sun,22,Night or early morning,30,NO CONTROLS,CLEAR,"DARKNESS, LIGHTED ROAD",FIXED OBJECT,NOT DIVIDED,DRY,NO INJURY / DRIVE AWAY,,,"OVER $1,500",EQUIPMENT - VEHICLE CONDITION,1,NO INDICATION OF INJURY,0,0,41.7973902912,-87.7622988699,60638,"CHICAGO MIDWAY AIRPORT, IL US",42.0,24.0,49.0,0.0,10.0,10.0
crash_11070,2022-10-22 12:10:00,2022,10,Oct,Sat,12,Daytime,35,NO CONTROLS,CLEAR,DAYLIGHT,PEDALCYCLIST,Y-INTERSECTION,DRY,INJURY AND / OR TOW DUE TO CRASH,,,$500 OR LESS,UNABLE TO DETERMINE,2,INCAPACITATING INJURY,1,0,41.8528362846,-87.6418551597,60616,"CHICAGO MIDWAY AIRPORT, IL US",74.0,48.0,40.0,0.0,10.0,14.0
crash_11071,2018-06-04 13:00:00,2018,6,Jun,Mon,13,Daytime,30,NO CONTROLS,CLEAR,DAYLIGHT,SIDESWIPE SAME DIRECTION,NOT DIVIDED,DRY,NO INJURY / DRIVE AWAY,,,"OVER $1,500",IMPROPER OVERTAKING/PASSING,2,NO INDICATION OF INJURY,0,0,41.9386266748,-87.7539649987,60641,"CHICAGO OHARE INTERNATIONAL AIRPORT, IL US",73.0,45.0,37.0,0.0,10.0,11.0
crash_11072,2025-05-23 15:14:00,2025,5,May,Fri,15,Evening commute,30,TRAFFIC SIGNAL,CLEAR,DAYLIGHT,REAR END,NOT DIVIDED,DRY,NO INJURY / DRIVE AWAY,,,"$501 - $1,500",UNABLE TO DETERMINE,2,NO INDICATION OF INJURY,0,0,41.95302203,-87.7867113098,60634,"CHICAGO OHARE INTERNATIONAL AIRPORT, IL US",61.0,42.0,50.0,0.0,10.0,11.0
crash_11073,2020-08-04 12:58:00,2020,8,Aug,Tue,12,Daytime,30,TRAFFIC SIGNAL,CLEAR,DAYLIGHT,REAR END,NOT DIVIDED,DRY,NO INJURY / DRIVE AWAY,true,,"OVER $1,500",UNABLE TO DETERMINE,2,NO INDICATION OF INJURY,0,0,41.8260400172,-87.6849673999,60632,"CHICAGO MIDWAY AIRPORT, IL US",73.0,44.0,35.0,0.0,10.0,10.0
crash_11074,2020-08-19 12:00:00,2020,8,Aug,Wed,12,Daytime,30,NO CONTROLS,CLEAR,DAYLIGHT,REAR END,ONE-WAY,DRY,NO INJURY / DRIVE AWAY,,true,"OVER $1,500","OPERATING VEHICLE IN ERRATIC, RECKLESS, CARELESS, NEGLIGENT OR AGGRESSIVE MANNER",2,NO INDICATION OF INJURY,0,0,41.898529153,-87.7337155902,60651,"CHICAGO MIDWAY AIRPORT, IL US",77.0,52.0,42.0,0.0,10.0,8.0
crash_11075,2019-09-07 19:00:00,2019,9,Sep,Sat,19,Night or early morning,15,NO CONTROLS,CLEAR,DAYLIGHT,FIXED OBJECT,ALLEY,DRY,NO INJURY / DRIVE AWAY,,true,$500 OR LESS,IMPROPER LANE USAGE,1,NO INDICATION OF INJURY,0,0,41.7845078925,-87.692467385,60629,"CHICAGO MIDWAY AIRPORT, IL US",73.0,57.0,57.0,0.0,10.0,11.0
crash_11076,2022-12-17 10:00:00,2022,12,Dec,Sat,10,Daytime,30,TRAFFIC SIGNAL,CLOUDY/OVERCAST,DAYLIGHT,ANGLE,NOT REPORTED,UNKNOWN,NO INJURY / DRIVE AWAY,,,"OVER $1,500",NOT APPLICABLE,2,NO INDICATION OF INJURY,0,0,41.9761389949,-87.6646891618,60640,"CHICAGO OHARE INTERNATIONAL AIRPORT, IL US",24.0,18.0,77.0,0.0,10.0,17.0
crash_11077,2019-10-04 02:25:00,2019,10,Oct,Fri,2,Night or early morning,20,NO CONTROLS,CLEAR,"DARKNESS, LIGHTED ROAD",PARKED MOTOR VEHICLE,ONE-WAY,DRY,INJURY AND / OR TOW DUE TO CRASH,,true,"OVER $1,500",UNDER THE INFLUENCE OF ALCOHOL/DRUGS (USE WHEN ARREST IS EFFECTED),3,NO INDICATION OF INJURY,0,0,41.9442290021,-87.7613499833,60641,"CHICAGO OHARE INTERNATIONAL AIRPORT, IL US",47.0,41.0,80.0,0.0,10.0,6.0
crash_11078,2025-02-28 14:05:00,2025,2,Feb,Fri,14,Daytime,30,NO CONTROLS,CLEAR,DAYLIGHT,SIDESWIPE SAME DIRECTION,NOT DIVIDED,DRY,NO INJURY / DRIVE AWAY,,,"OVER $1,500",UNABLE TO DETERMINE,2,NO INDICATION OF INJURY,0,0,41.7531719596,-87.549504212,60649,"CHICAGO MIDWAY AIRPORT, IL US",57.0,33.0,41.0,0.0,10.0,25.0
crash_11079,2021-08-19 15:09:00,2021,8,Aug,Thu,15,Evening commute,30,NO CONTROLS,CLEAR,DAYLIGHT,SIDESWIPE SAME DIRECTION,DIVIDED - W/MEDIAN (NOT RAISED),DRY,NO INJURY / DRIVE AWAY,,,"OVER $1,500",FAILING TO YIELD RIGHT-OF-WAY,3,NO INDICATION OF INJURY,0,0,41.8014178394,-87.6659433939,60609,"CHICAGO MIDWAY AIRPORT, IL US",84.0,67.0,57.0,0.0,10.0,8.0
crash_11080,2024-08-22 14:55:00,2024,8,Aug,Thu,14,Daytime,30,STOP SIGN/FLASHER,CLEAR,DAYLIGHT,ANGLE,FOUR WAY,DRY,INJURY AND / OR TOW DUE TO CRASH,true,,"OVER $1,500",DRIVING SKILLS/KNOWLEDGE/EXPERIENCE,2,NONINCAPACITATING INJURY,1,0,41.8166811295,-87.6093330827,60653,"CHICAGO MIDWAY AIRPORT, IL US",78.0,50.0,37.0,0.0,10.0,6.0
crash_11081,2019-09-19 22:13:00,2019,9,Sep,Thu,22,Night or early morning,30,STOP SIGN/FLASHER,CLEAR,"DARKNESS, LIGHTED ROAD",FIXED OBJECT,ONE-WAY,DRY,INJURY AND / OR TOW DUE TO CRASH,true,,"OVER $1,500",DRIVING SKILLS/KNOWLEDGE/EXPERIENCE,1,NONINCAPACITATING INJURY,1,0,41.8984446367,-87.6274056398,60611,"CHICAGO MIDWAY AIRPORT, IL US",74.0,61.0,64.0,0.0,10.0,5.0
crash_11082,2019-10-18 11:50:00,2019,10,Oct,Fri,11,Daytime,35,STOP SIGN/FLASHER,CLEAR,DAYLIGHT,ANGLE,FOUR WAY,DRY,NO INJURY / DRIVE AWAY,,true,$500 OR LESS,DISREGARDING STOP SIGN,2,NO INDICATION OF INJURY,0,0,41.889584292,-87.6448764391,60654,"CHICAGO MIDWAY AIRPORT, IL US",55.0,39.0,55.0,0.0,10.0,8.0
crash_11083,2019-11-25 14:25:00,2019,11,Nov,Mon,14,Daytime,30,NO CONTROLS,CLEAR,DAYLIGHT,PEDESTRIAN,DIVIDED - W/MEDIAN (NOT RAISED),DRY,INJURY AND / OR TOW DUE TO CRASH,,,$500 OR LESS,FAILING TO REDUCE SPEED TO AVOID CRASH,4,INCAPACITATING INJURY,3,0,41.7013701612,-87.6425146844,60628,"CHICAGO MIDWAY AIRPORT, IL US",55.0,40.0,57.0,0.0,10.0,13.0
crash_11084,2023-09-16 02:03:00,2023,9,Sep,Sat,2,Night or early morning,30,NO CONTROLS,CLEAR,"DARKNESS, LIGHTED ROAD",SIDESWIPE SAME DIRECTION,DIVIDED - W/MEDIAN BARRIER,DRY,NO INJURY / DRIVE AWAY,,true,"OVER $1,500",IMPROPER LANE USAGE,2,NO INDICATION OF INJURY,0,0,41.8783101346,-87.6175759034,60604,"CHICAGO MIDWAY AIRPORT, IL US",63.0,51.0,65.0,0.0,10.0,5.0
crash_11085,2024-04-08 16:30:00,2024,4,Apr,Mon,16,Evening commute,30,NO CONTROLS,CLEAR,DAYLIGHT,REAR END,DIVIDED - W/MEDIAN (NOT RAISED),DRY,NO INJURY / DRIVE AWAY,,,"OVER $1,500",UNABLE TO DETERMINE,2,NO INDICATION OF INJURY,0,0,41.9172975182,-87.7249946709,60647,"CHICAGO MIDWAY AIRPORT, IL US",73.0,41.0,32.0,0.0,10.0,16.0
crash_11086,2018-06-17 12:30:00,2018,6,Jun,Sun,12,Daytime,15,UNKNOWN,CLEAR,DAYLIGHT,SIDESWIPE OPPOSITE DIRECTION,ALLEY,UNKNOWN,NO INJURY / DRIVE AWAY,,,$500 OR LESS,NOT APPLICABLE,2,NO INDICATION OF INJURY,0,0,41.9729854509,-87.6855208128,60625,"CHICAGO OHARE INTERNATIONAL AIRPORT, IL US",92.0,70.0,49.0,0.0,10.0,10.0
crash_11087,2023-10-28 18:00:00,2023,10,Oct,Sat,18,Evening commute,30,TRAFFIC SIGNAL,CLEAR,"DARKNESS, LIGHTED ROAD",TURNING,"FIVE POINT, OR MORE",DRY,NO INJURY / DRIVE AWAY,true,,"OVER $1,500",FAILING TO YIELD RIGHT-OF-WAY,2,NO INDICATION OF INJURY,0,0,41.9135223868,-87.6529400928,60614,"CHICAGO MIDWAY AIRPORT, IL US",49.0,37.0,64.0,0.0,10.0,11.0
crash_11088,2025-12-21 01:33:00,2025,12,Dec,Sun,1,Night or early morning,30,TRAFFIC SIGNAL,CLEAR,"DARKNESS, LIGHTED ROAD",SIDESWIPE SAME DIRECTION,FOUR WAY,DRY,INJURY AND / OR TOW DUE TO CRASH,true,,"OVER $1,500",IMPROPER TURNING/NO SIGNAL,2,NO INDICATION OF INJURY,0,0,41.7944101144,-87.6452846747,60609,,,,,,,
crash_11089,2020-06-08 17:30:00,2020,6,Jun,Mon,17,Evening commute,30,NO CONTROLS,CLEAR,DAYLIGHT,REAR TO FRONT,PARKING LOT,DRY,NO INJURY / DRIVE AWAY,,true,$500 OR LESS,UNABLE TO DETERMINE,2,NO INDICATION OF INJURY,0,0,41.8262490153,-87.6331087591,60609,"CHICAGO MIDWAY AIRPORT, IL US",89.0,52.0,28.0,0.0,10.0,10.0
crash_11090,2019-02-13 15:30:00,2019,2,Feb,Wed,15,Evening commute,30,TRAFFIC SIGNAL,CLEAR,DAYLIGHT,REAR END,DIVIDED - W/MEDIAN BARRIER,WET,NO INJURY / DRIVE AWAY,,true,"OVER $1,500",FAILING TO REDUCE SPEED TO AVOID CRASH,3,NO INDICATION OF INJURY,0,0,41.744151639,-87.585945067,60619,"CHICAGO MIDWAY AIRPORT, IL US",26.0,17.0,69.0,0.0,10.0,14.0
crash_11091,2018-01-03 23:29:00,2018,1,Jan,Wed,23,Night or early morning,30,NO CONTROLS,CLEAR,"DARKNESS, LIGHTED ROAD",FIXED OBJECT,NOT DIVIDED,OTHER,INJURY AND / OR TOW DUE TO CRASH,,,"OVER $1,500",UNABLE TO DETERMINE,1,INCAPACITATING INJURY,2,0,41.974592434,-87.7822580755,60630,"CHICAGO OHARE INTERNATIONAL AIRPORT, IL US",6.0,-4.0,63.0,0.0,10.0,17.0
crash_11092,2022-07-17 17:30:00,2022,7,Jul,Sun,17,Evening commute,30,NO CONTROLS,CLOUDY/OVERCAST,DAYLIGHT,TURNING,NOT DIVIDED,DRY,NO INJURY / DRIVE AWAY,,,"OVER $1,500",UNABLE TO DETERMINE,2,NO INDICATION OF INJURY,0,0,41.7972789562,-87.7427359229,60632,"CHICAGO MIDWAY AIRPORT, IL US",77.0,67.0,71.0,0.0,10.0,11.0
crash_11093,2018-10-24 18:45:00,2018,10,Oct,Wed,18,Evening commute,20,NO CONTROLS,CLEAR,"DARKNESS, LIGHTED ROAD",PARKED MOTOR VEHICLE,UNKNOWN,DRY,NO INJURY / DRIVE AWAY,,,$500 OR LESS,UNABLE TO DETERMINE,2,NO INDICATION OF INJURY,0,0,41.7869357832,-87.6910231647,60629,"CHICAGO MIDWAY AIRPORT, IL US",46.0,35.0,66.0,0.0,10.0,7.0
crash_11094,2019-11-01 04:27:00,2019,11,Nov,Fri,4,Night or early morning,30,NO CONTROLS,CLEAR,"DARKNESS, LIGHTED ROAD",TURNING,NOT DIVIDED,WET,INJURY AND / OR TOW DUE TO CRASH,,,"OVER $1,500",FAILING TO YIELD RIGHT-OF-WAY,2,NONINCAPACITATING INJURY,2,0,41.7641006406,-87.7147089277,60629,"CHICAGO MIDWAY AIRPORT, IL US",25.0,22.0,88.0,0.0,8.0,5.0
crash_11095,2025-10-09 17:15:00,2025,10,Oct,Thu,17,Evening commute,35,TRAFFIC SIGNAL,CLEAR,DAYLIGHT,TURNING,NOT DIVIDED,DRY,NO INJURY / DRIVE AWAY,true,true,"OVER $1,500",UNABLE TO DETERMINE,2,NO INDICATION OF INJURY,0,0,41.9095346699,-87.7459676791,60651,,,,,,,
crash_11096,2019-11-10 16:50:00,2019,11,Nov,Sun,16,Evening commute,20,DELINEATORS,CLEAR,"DARKNESS, LIGHTED ROAD",SIDESWIPE SAME DIRECTION,ONE-WAY,DRY,NO INJURY / DRIVE AWAY,,,"OVER $1,500",ROAD CONSTRUCTION/MAINTENANCE,2,NO INDICATION OF INJURY,0,0,41.8756706525,-87.6308589554,60605,"CHICAGO MIDWAY AIRPORT, IL US",40.0,32.0,73.0,0.0,10.0,11.0
crash_11097,2024-08-01 13:11:00,2024,8,Aug,Thu,13,Daytime,30,TRAFFIC SIGNAL,CLOUDY/OVERCAST,DAYLIGHT,SIDESWIPE OPPOSITE DIRECTION,NOT DIVIDED,DRY,NO INJURY / DRIVE AWAY,,,"OVER $1,500",UNABLE TO DETERMINE,2,NO INDICATION OF INJURY,0,0,41.9139463567,-87.7461382531,60639,"CHICAGO MIDWAY AIRPORT, IL US",83.0,69.0,63.0,0.0,10.0,8.0
crash_11098,2023-05-26 17:00:00,2023,5,May,Fri,17,Evening commute,30,TRAFFIC SIGNAL,CLEAR,DAYLIGHT,TURNING,FOUR WAY,DRY,NO INJURY / DRIVE AWAY,true,,"OVER $1,500",IMPROPER TURNING/NO SIGNAL,2,NO INDICATION OF INJURY,0,0,41.8813586172,-87.6767893912,60612,"CHICAGO MIDWAY AIRPORT, IL US",69.0,29.0,22.0,0.0,10.0,13.0
crash_11099,2018-02-27 11:50:00,2018,2,Feb,Tue,11,Daytime,30,TRAFFIC SIGNAL,CLEAR,DAYLIGHT,REAR END,NOT DIVIDED,DRY,INJURY AND / OR TOW DUE TO CRASH,true,,"OVER $1,500",PHYSICAL CONDITION OF DRIVER,2,NONINCAPACITATING INJURY,1,0,41.7283936137,-87.6627026456,60620,"CHICAGO MIDWAY AIRPORT, IL US",60.0,35.0,39.0,0.0,10.0,15.0
crash_11100,2021-07-16 12:22:00,2021,7,Jul,Fri,12,Daytime,35,NO CONTROLS,OTHER,DAYLIGHT,REAR END,NOT DIVIDED,WET,NO INJURY / DRIVE AWAY,,,"$501 - $1,500",FAILING TO REDUCE SPEED TO AVOID CRASH,2,NO INDICATION OF INJURY,0,0,41.9168540523,-87.7434288985,60639,"CHICAGO MIDWAY AIRPORT, IL US",74.0,64.0,71.0,0.0,10.0,10.0
crash_11101,2022-10-22 22:49:00,2022,10,Oct,Sat,22,Night or early morning,30,NO CONTROLS,CLEAR,"DARKNESS, LIGHTED ROAD",PARKED MOTOR VEHICLE,NOT DIVIDED,DRY,NO INJURY / DRIVE AWAY,,true,"OVER $1,500","OPERATING VEHICLE IN ERRATIC, RECKLESS, CARELESS, NEGLIGENT OR AGGRESSIVE MANNER",3,NO INDICATION OF INJURY,0,0,41.8917410909,-87.6559532148,60642,"CHICAGO MIDWAY AIRPORT, IL US",69.0,53.0,57.0,0.0,10.0,13.0
crash_11102,2020-11-17 13:38:00,2020,11,Nov,Tue,13,Daytime,30,TRAFFIC SIGNAL,CLEAR,DAYLIGHT,SIDESWIPE SAME DIRECTION,FOUR WAY,DRY,INJURY AND / OR TOW DUE TO CRASH,true,true,"OVER $1,500",IMPROPER OVERTAKING/PASSING,2,NO INDICATION OF INJURY,0,0,41.898974694,-87.7211611455,60651,"CHICAGO MIDWAY AIRPORT, IL US",42.0,17.0,36.0,0.0,10.0,14.0
crash_11103,2022-11-25 12:50:00,2022,11,Nov,Fri,12,Daytime,30,NO CONTROLS,CLEAR,DAYLIGHT,SIDESWIPE SAME DIRECTION,DIVIDED - W/MEDIAN BARRIER,DRY,NO INJURY / DRIVE AWAY,,,"OVER $1,500",UNABLE TO DETERMINE,2,NO INDICATION OF INJURY,0,0,41.9607900227,-87.7476893588,60630,"CHICAGO OHARE INTERNATIONAL AIRPORT, IL US",50.0,28.0,43.0,0.0,10.0,9.0
crash_11104,2018-12-06 16:30:00,2018,12,Dec,Thu,16,Evening commute,30,NO CONTROLS,CLEAR,DAYLIGHT,REAR END,ONE-WAY,DRY,NO INJURY / DRIVE AWAY,,,"$501 - $1,500",FOLLOWING TOO CLOSELY,2,NO INDICATION OF INJURY,0,0,41.9283063388,-87.7723692219,60639,"CHICAGO OHARE INTERNATIONAL AIRPORT, IL US",27.0,14.0,58.0,0.0,10.0,9.0
crash_11105,2020-02-03 02:35:00,2020,2,Feb,Mon,2,Night or early morning,20,STOP SIGN/FLASHER,CLOUDY/OVERCAST,DARKNESS,REAR END,NOT DIVIDED,DRY,NO INJURY / DRIVE AWAY,true,,"OVER $1,500",FOLLOWING TOO CLOSELY,2,NO INDICATION OF INJURY,0,0,41.7071823436,-87.6307934412,60628,"CHICAGO MIDWAY AIRPORT, IL US",34.0,29.0,82.0,0.0,10.0,6.0