crash_id,crash_datetime,crash_year,crash_month,crash_month_name,crash_weekday_name,crash_hour,time_period,posted_speed_limit_mph,traffic_control_device,reported_weather_condition,reported_lighting_condition,first_crash_type,trafficway_type,reported_road_surface_condition,crash_type,intersection_related,hit_and_run,estimated_damage,primary_contributory_cause,unit_count,most_severe_injury,injuries_total,injuries_fatal,latitude,longitude,zip5,weather_station_name,temperature_f,dew_point_f,relative_humidity_percent,precipitation_inches,visibility_miles,wind_speed_mph
crash_11106,2018-07-08 05:08:00,2018,7,Jul,Sun,5,Night or early morning,30,NO CONTROLS,CLEAR,DAYLIGHT,PARKED MOTOR VEHICLE,NOT DIVIDED,DRY,INJURY AND / OR TOW DUE TO CRASH,,,"$501 - $1,500",EQUIPMENT - VEHICLE CONDITION,4,NO INDICATION OF INJURY,0,0,41.9374236571,-87.7122823127,60618,"CHICAGO MIDWAY AIRPORT, IL US",65.0,59.0,81.0,0.0,10.0,3.0
crash_11107,2021-11-21 23:05:00,2021,11,Nov,Sun,23,Night or early morning,30,STOP SIGN/FLASHER,CLEAR,"DARKNESS, LIGHTED ROAD",ANGLE,DIVIDED - W/MEDIAN (NOT RAISED),DRY,INJURY AND / OR TOW DUE TO CRASH,true,true,"OVER $1,500",FAILING TO YIELD RIGHT-OF-WAY,2,NONINCAPACITATING INJURY,1,0,41.7216333026,-87.6384241701,60620,"CHICAGO MIDWAY AIRPORT, IL US",33.0,7.0,33.0,0.0,10.0,14.0
crash_11108,2020-12-02 21:25:00,2020,12,Dec,Wed,21,Night or early morning,30,TRAFFIC SIGNAL,CLEAR,"DARKNESS, LIGHTED ROAD",SIDESWIPE SAME DIRECTION,DIVIDED - W/MEDIAN (NOT RAISED),DRY,NO INJURY / DRIVE AWAY,,true,"OVER $1,500",IMPROPER LANE USAGE,2,NO INDICATION OF INJURY,0,0,41.8012329116,-87.6835706984,60609,"CHICAGO MIDWAY AIRPORT, IL US",34.0,20.0,56.0,0.0,10.0,11.0
crash_11109,2023-11-24 08:30:00,2023,11,Nov,Fri,8,Morning commute,30,OTHER REG. SIGN,CLEAR,DAYLIGHT,PARKED MOTOR VEHICLE,ONE-WAY,DRY,NO INJURY / DRIVE AWAY,,,"OVER $1,500",IMPROPER BACKING,2,NO INDICATION OF INJURY,0,0,41.8793949243,-87.6267026398,60604,"CHICAGO MIDWAY AIRPORT, IL US",30.0,17.0,58.0,0.0,10.0,16.0
crash_11110,2022-04-08 15:00:00,2022,4,Apr,Fri,15,Evening commute,30,TRAFFIC SIGNAL,RAIN,DAYLIGHT,TURNING,UNKNOWN INTERSECTION TYPE,WET,NO INJURY / DRIVE AWAY,,,"$501 - $1,500",IMPROPER TURNING/NO SIGNAL,2,NO INDICATION OF INJURY,0,0,41.722449457,-87.5850035691,60617,"CHICAGO MIDWAY AIRPORT, IL US",41.0,35.0,79.0,0.0,9.0,7.0
crash_11111,2023-11-29 15:15:00,2023,11,Nov,Wed,15,Evening commute,30,TRAFFIC SIGNAL,CLEAR,DAYLIGHT,REAR END,NOT DIVIDED,DRY,NO INJURY / DRIVE AWAY,,true,"OVER $1,500",FOLLOWING TOO CLOSELY,2,NO INDICATION OF INJURY,0,0,41.8717812412,-87.7647142909,60644,"CHICAGO MIDWAY AIRPORT, IL US",41.0,27.0,57.0,0.0,10.0,15.0
crash_11112,2023-03-27 14:15:00,2023,3,Mar,Mon,14,Daytime,30,NO CONTROLS,CLEAR,DAYLIGHT,SIDESWIPE SAME DIRECTION,NOT DIVIDED,DRY,NO INJURY / DRIVE AWAY,true,,"$501 - $1,500",FAILING TO YIELD RIGHT-OF-WAY,2,NO INDICATION OF INJURY,0,0,41.7874041067,-87.6163941185,60637,"CHICAGO MIDWAY AIRPORT, IL US",46.0,30.0,54.0,0.0,10.0,15.0
crash_11113,2020-06-22 10:20:00,2020,6,Jun,Mon,10,Daytime,30,NO CONTROLS,CLEAR,DAYLIGHT,SIDESWIPE SAME DIRECTION,NOT DIVIDED,DRY,NO INJURY / DRIVE AWAY,,,"OVER $1,500",FOLLOWING TOO CLOSELY,2,NO INDICATION OF INJURY,0,0,41.8244943277,-87.6509604061,60609,"CHICAGO MIDWAY AIRPORT, IL US",78.0,68.0,71.0,0.0,10.0,11.0
crash_11114,2019-02-21 08:18:00,2019,2,Feb,Thu,8,Morning commute,20,TRAFFIC SIGNAL,CLEAR,DAYLIGHT,REAR END,ONE-WAY,DRY,NO INJURY / DRIVE AWAY,true,,"OVER $1,500",FOLLOWING TOO CLOSELY,2,NO INDICATION OF INJURY,0,0,41.847943516,-87.6172858529,60616,"CHICAGO MIDWAY AIRPORT, IL US",28.0,20.0,72.0,0.0,9.0,14.0
crash_11115,2021-11-24 19:40:00,2021,11,Nov,Wed,19,Night or early morning,30,NO CONTROLS,CLEAR,"DARKNESS, LIGHTED ROAD",SIDESWIPE SAME DIRECTION,DIVIDED - W/MEDIAN BARRIER,DRY,INJURY AND / OR TOW DUE TO CRASH,,,"OVER $1,500",UNABLE TO DETERMINE,3,NO INDICATION OF INJURY,0,0,41.9640536708,-87.7473559108,60630,"CHICAGO OHARE INTERNATIONAL AIRPORT, IL US",51.0,40.0,66.0,0.0,10.0,11.0
crash_11116,2023-02-07 07:30:00,2023,2,Feb,Tue,7,Morning commute,30,NO CONTROLS,OTHER,DAYLIGHT,SIDESWIPE SAME DIRECTION,NOT DIVIDED,WET,NO INJURY / DRIVE AWAY,,,$500 OR LESS,UNABLE TO DETERMINE,2,NO INDICATION OF INJURY,0,0,41.9939348831,-87.7093896112,60659,"CHICAGO OHARE INTERNATIONAL AIRPORT, IL US",37.0,32.0,81.0,,10.0,17.0
crash_11117,2018-11-07 17:25:00,2018,11,Nov,Wed,17,Evening commute,25,NO CONTROLS,CLEAR,"DARKNESS, LIGHTED ROAD",SIDESWIPE SAME DIRECTION,NOT DIVIDED,DRY,NO INJURY / DRIVE AWAY,,,$500 OR LESS,NOT APPLICABLE,2,NO INDICATION OF INJURY,0,0,41.8337958196,-87.6435943865,60616,"CHICAGO MIDWAY AIRPORT, IL US",37.0,26.0,65.0,0.0,10.0,13.0
crash_11118,2024-07-30 14:21:00,2024,7,Jul,Tue,14,Daytime,40,DELINEATORS,CLEAR,DAYLIGHT,REAR END,DIVIDED - W/MEDIAN BARRIER,DRY,NO INJURY / DRIVE AWAY,,,"OVER $1,500",DRIVING SKILLS/KNOWLEDGE/EXPERIENCE,2,NO INDICATION OF INJURY,0,0,41.8783101346,-87.6175759034,60604,"CHICAGO MIDWAY AIRPORT, IL US",90.0,65.0,44.0,0.0,10.0,9.0
crash_11119,2021-12-23 06:30:00,2021,12,Dec,Thu,6,Morning commute,35,TRAFFIC SIGNAL,CLOUDY/OVERCAST,DAYLIGHT,SIDESWIPE SAME DIRECTION,DIVIDED - W/MEDIAN (NOT RAISED),DRY,INJURY AND / OR TOW DUE TO CRASH,,,"OVER $1,500",DRIVING SKILLS/KNOWLEDGE/EXPERIENCE,2,NO INDICATION OF INJURY,0,0,41.7587279977,-87.7415356623,60629,"CHICAGO MIDWAY AIRPORT, IL US",34.0,22.0,61.0,0.0,10.0,8.0
crash_11120,2025-06-14 11:30:00,2025,6,Jun,Sat,11,Daytime,15,NO CONTROLS,CLEAR,DAYLIGHT,TURNING,NOT DIVIDED,DRY,NO INJURY / DRIVE AWAY,,,"OVER $1,500",UNABLE TO DETERMINE,2,NO INDICATION OF INJURY,0,0,41.9310652954,-87.7881976324,60634,"CHICAGO OHARE INTERNATIONAL AIRPORT, IL US",67.0,58.0,73.0,,8.0,11.0
crash_11121,2021-09-03 08:30:00,2021,9,Sep,Fri,8,Morning commute,30,NO CONTROLS,CLEAR,DAWN,REAR END,DIVIDED - W/MEDIAN (NOT RAISED),DRY,NO INJURY / DRIVE AWAY,,,"OVER $1,500",UNABLE TO DETERMINE,3,NO INDICATION OF INJURY,0,0,41.8806531808,-87.7062600612,60624,"CHICAGO MIDWAY AIRPORT, IL US",71.0,51.0,49.0,0.0,10.0,9.0
crash_11122,2022-03-23 16:00:00,2022,3,Mar,Wed,16,Evening commute,20,STOP SIGN/FLASHER,RAIN,DAYLIGHT,REAR END,NOT REPORTED,WET,NO INJURY / DRIVE AWAY,true,,$500 OR LESS,UNABLE TO DETERMINE,2,NO INDICATION OF INJURY,0,0,41.9941571479,-87.6934927829,60659,"CHICAGO OHARE INTERNATIONAL AIRPORT, IL US",57.0,53.0,87.0,0.02,5.0,5.0
crash_11123,2021-12-01 15:30:00,2021,12,Dec,Wed,15,Evening commute,30,NO CONTROLS,CLEAR,DUSK,ANGLE,DIVIDED - W/MEDIAN (NOT RAISED),DRY,NO INJURY / DRIVE AWAY,true,,$500 OR LESS,FAILING TO YIELD RIGHT-OF-WAY,2,NO INDICATION OF INJURY,0,0,41.9467581889,-87.7018497678,60618,"CHICAGO MIDWAY AIRPORT, IL US",47.0,39.0,74.0,0.0,10.0,9.0
crash_11124,2022-01-12 09:15:00,2022,1,Jan,Wed,9,Morning commute,35,NO CONTROLS,CLEAR,DAYLIGHT,TURNING,NOT DIVIDED,WET,NO INJURY / DRIVE AWAY,,,"$501 - $1,500",FAILING TO YIELD RIGHT-OF-WAY,2,NO INDICATION OF INJURY,0,0,41.9178201783,-87.6683935004,60622,"CHICAGO MIDWAY AIRPORT, IL US",37.0,27.0,67.0,0.0,10.0,7.0
crash_11125,2021-09-06 16:00:00,2021,9,Sep,Mon,16,Evening commute,10,NO CONTROLS,CLEAR,DAYLIGHT,PARKED MOTOR VEHICLE,PARKING LOT,DRY,NO INJURY / DRIVE AWAY,,true,"OVER $1,500",NOT APPLICABLE,2,NO INDICATION OF INJURY,0,0,41.8641169573,-87.6189499755,60605,"CHICAGO MIDWAY AIRPORT, IL US",78.0,52.0,40.0,0.0,10.0,13.0
crash_11126,2023-05-17 15:00:00,2023,5,May,Wed,15,Evening commute,30,NO CONTROLS,CLEAR,DAYLIGHT,ANGLE,FOUR WAY,DRY,INJURY AND / OR TOW DUE TO CRASH,true,,"OVER $1,500",UNABLE TO DETERMINE,2,"REPORTED, NOT EVIDENT",1,0,41.7700610931,-87.6832432157,60636,"CHICAGO MIDWAY AIRPORT, IL US",61.0,39.0,44.0,0.0,10.0,17.0
crash_11127,2024-11-02 09:45:00,2024,11,Nov,Sat,9,Morning commute,30,NO CONTROLS,CLEAR,DAYLIGHT,PARKED MOTOR VEHICLE,ONE-WAY,DRY,NO INJURY / DRIVE AWAY,,true,"OVER $1,500",DRIVING SKILLS/KNOWLEDGE/EXPERIENCE,2,NO INDICATION OF INJURY,0,0,41.9067319396,-87.7287243219,60651,"CHICAGO MIDWAY AIRPORT, IL US",47.0,37.0,69.0,0.0,10.0,10.0
crash_11128,2021-01-16 05:04:00,2021,1,Jan,Sat,5,Night or early morning,15,NO CONTROLS,SNOW,DARKNESS,OTHER OBJECT,ALLEY,SNOW OR SLUSH,NO INJURY / DRIVE AWAY,,,"OVER $1,500",WEATHER,2,NO INDICATION OF INJURY,0,0,41.991809493,-87.6719543127,60660,"CHICAGO OHARE INTERNATIONAL AIRPORT, IL US",31.0,28.0,89.0,0.02,2.0,9.0
crash_11129,2018-10-30 17:54:00,2018,10,Oct,Tue,17,Evening commute,30,STOP SIGN/FLASHER,CLEAR,DAYLIGHT,TURNING,NOT DIVIDED,DRY,INJURY AND / OR TOW DUE TO CRASH,true,,"OVER $1,500",FAILING TO YIELD RIGHT-OF-WAY,2,"REPORTED, NOT EVIDENT",1,0,41.8596164666,-87.6588638083,60608,"CHICAGO MIDWAY AIRPORT, IL US",67.0,53.0,61.0,0.0,10.0,7.0
crash_11130,2021-10-24 11:36:00,2021,10,Oct,Sun,11,Daytime,30,NO CONTROLS,RAIN,DAYLIGHT,PARKED MOTOR VEHICLE,OTHER,WET,NO INJURY / DRIVE AWAY,,true,"OVER $1,500",DRIVING SKILLS/KNOWLEDGE/EXPERIENCE,2,NO INDICATION OF INJURY,0,0,41.8382495291,-87.6235883654,60616,"CHICAGO MIDWAY AIRPORT, IL US",50.0,44.0,80.0,0.04,6.0,8.0
crash_11131,2024-01-01 05:30:00,2024,1,Jan,Mon,5,Night or early morning,30,STOP SIGN/FLASHER,OTHER,DARKNESS,ANGLE,T-INTERSECTION,WET,INJURY AND / OR TOW DUE TO CRASH,true,,"OVER $1,500",FAILING TO YIELD RIGHT-OF-WAY,2,NO INDICATION OF INJURY,0,0,41.8073730019,-87.6229305547,60615,"CHICAGO MIDWAY AIRPORT, IL US",32.0,25.0,75.0,,10.0,10.0
crash_11132,2019-07-30 09:40:00,2019,7,Jul,Tue,9,Morning commute,30,NO CONTROLS,CLEAR,DAYLIGHT,SIDESWIPE SAME DIRECTION,NOT DIVIDED,DRY,NO INJURY / DRIVE AWAY,,,"OVER $1,500",UNABLE TO DETERMINE,3,NO INDICATION OF INJURY,0,0,41.7710134938,-87.7224192909,60629,"CHICAGO MIDWAY AIRPORT, IL US",76.0,63.0,64.0,0.0,10.0,5.0
crash_11133,2019-03-07 10:40:00,2019,3,Mar,Thu,10,Daytime,30,UNKNOWN,CLEAR,DAYLIGHT,TURNING,NOT DIVIDED,DRY,NO INJURY / DRIVE AWAY,true,,"$501 - $1,500",FAILING TO YIELD RIGHT-OF-WAY,2,NO INDICATION OF INJURY,0,0,41.8917540396,-87.6474933448,60654,"CHICAGO MIDWAY AIRPORT, IL US",26.0,12.0,55.0,0.0,10.0,6.0
crash_11134,2018-06-22 10:15:00,2018,6,Jun,Fri,10,Daytime,30,NO CONTROLS,RAIN,DAYLIGHT,REAR END,NOT DIVIDED,WET,NO INJURY / DRIVE AWAY,,,$500 OR LESS,UNABLE TO DETERMINE,2,NO INDICATION OF INJURY,0,0,41.8845834717,-87.7109714918,60624,"CHICAGO MIDWAY AIRPORT, IL US",61.0,60.0,97.0,0.0,1.75,13.0
crash_11135,2025-07-20 02:00:00,2025,7,Jul,Sun,2,Night or early morning,30,NO CONTROLS,CLEAR,"DARKNESS, LIGHTED ROAD",PARKED MOTOR VEHICLE,NOT DIVIDED,DRY,INJURY AND / OR TOW DUE TO CRASH,,,"OVER $1,500",PHYSICAL CONDITION OF DRIVER,3,NO INDICATION OF INJURY,0,0,41.755835967,-87.6708014482,60620,"CHICAGO MIDWAY AIRPORT, IL US",76.0,70.0,82.0,0.0,10.0,6.0
crash_11136,2019-07-18 15:30:00,2019,7,Jul,Thu,15,Evening commute,30,TRAFFIC SIGNAL,CLEAR,DAYLIGHT,TURNING,UNKNOWN,DRY,NO INJURY / DRIVE AWAY,true,,"OVER $1,500",UNABLE TO DETERMINE,2,NO INDICATION OF INJURY,0,0,41.9171472874,-87.7364782644,60639,"CHICAGO MIDWAY AIRPORT, IL US",84.0,74.0,72.0,0.0,10.0,15.0
crash_11137,2023-11-20 10:00:00,2023,11,Nov,Mon,10,Daytime,30,NO CONTROLS,CLEAR,DAYLIGHT,SIDESWIPE SAME DIRECTION,NOT DIVIDED,DRY,NO INJURY / DRIVE AWAY,,,"OVER $1,500",NOT APPLICABLE,2,NO INDICATION OF INJURY,0,0,41.997879311,-87.8068505411,60631,"CHICAGO OHARE INTERNATIONAL AIRPORT, IL US",45.0,35.0,68.0,0.0,10.0,16.0
crash_11138,2020-01-21 14:53:00,2020,1,Jan,Tue,14,Daytime,20,NO CONTROLS,CLEAR,DAYLIGHT,PARKED MOTOR VEHICLE,ALLEY,DRY,NO INJURY / DRIVE AWAY,,,"$501 - $1,500",NOT APPLICABLE,2,NO INDICATION OF INJURY,0,0,41.7739903833,-87.7398621212,60629,"CHICAGO MIDWAY AIRPORT, IL US",30.0,18.0,61.0,0.0,10.0,11.0
crash_11139,2019-08-15 09:08:00,2019,8,Aug,Thu,9,Morning commute,30,NO CONTROLS,CLEAR,DAYLIGHT,PARKED MOTOR VEHICLE,ONE-WAY,DRY,NO INJURY / DRIVE AWAY,,true,"$501 - $1,500",IMPROPER BACKING,2,NO INDICATION OF INJURY,0,0,41.9592312005,-87.7114403663,60618,"CHICAGO OHARE INTERNATIONAL AIRPORT, IL US",71.0,62.0,73.0,0.0,10.0,8.0
crash_11140,2018-11-02 19:17:00,2018,11,Nov,Fri,19,Night or early morning,30,UNKNOWN,CLEAR,DARKNESS,REAR END,NOT DIVIDED,DRY,NO INJURY / DRIVE AWAY,,,"$501 - $1,500",DRIVING SKILLS/KNOWLEDGE/EXPERIENCE,2,NO INDICATION OF INJURY,0,0,41.9325791837,-87.678327456,60618,"CHICAGO MIDWAY AIRPORT, IL US",45.0,34.0,66.0,0.0,10.0,5.0
crash_11141,2022-01-07 14:40:00,2022,1,Jan,Fri,14,Daytime,30,TRAFFIC SIGNAL,CLEAR,DAYLIGHT,ANGLE,T-INTERSECTION,DRY,INJURY AND / OR TOW DUE TO CRASH,true,,"OVER $1,500",DISREGARDING OTHER TRAFFIC SIGNS,2,NO INDICATION OF INJURY,0,0,41.756541247,-87.6249459503,60620,"CHICAGO MIDWAY AIRPORT, IL US",14.0,1.0,56.0,0.0,10.0,13.0
crash_11142,2024-09-11 19:30:00,2024,9,Sep,Wed,19,Night or early morning,30,NO CONTROLS,CLEAR,"DARKNESS, LIGHTED ROAD",SIDESWIPE SAME DIRECTION,DIVIDED - W/MEDIAN (NOT RAISED),DRY,INJURY AND / OR TOW DUE TO CRASH,,true,"OVER $1,500",UNABLE TO DETERMINE,2,INCAPACITATING INJURY,1,0,41.8552659092,-87.7124015624,60623,"CHICAGO MIDWAY AIRPORT, IL US",78.0,55.0,45.0,0.0,10.0,5.0
crash_11143,2023-05-08 16:30:00,2023,5,May,Mon,16,Evening commute,30,NO CONTROLS,CLEAR,DAYLIGHT,SIDESWIPE SAME DIRECTION,DIVIDED - W/MEDIAN BARRIER,DRY,NO INJURY / DRIVE AWAY,,,"OVER $1,500",IMPROPER OVERTAKING/PASSING,2,NO INDICATION OF INJURY,0,0,41.8803340992,-87.6365802377,60606,"CHICAGO MIDWAY AIRPORT, IL US",55.0,52.0,90.0,0.0,8.0,16.0
crash_11144,2022-01-28 19:15:00,2022,1,Jan,Fri,19,Night or early morning,30,NO CONTROLS,SNOW,"DARKNESS, LIGHTED ROAD",REAR END,NOT DIVIDED,SNOW OR SLUSH,NO INJURY / DRIVE AWAY,,,"$501 - $1,500",FOLLOWING TOO CLOSELY,2,NO INDICATION OF INJURY,0,0,41.9785713155,-87.7573901001,60630,"CHICAGO OHARE INTERNATIONAL AIRPORT, IL US",14.0,2.0,58.0,0.0,10.0,8.0
crash_11145,2019-12-07 20:30:00,2019,12,Dec,Sat,20,Night or early morning,30,TRAFFIC SIGNAL,CLEAR,"DARKNESS, LIGHTED ROAD",SIDESWIPE SAME DIRECTION,NOT DIVIDED,DRY,NO INJURY / DRIVE AWAY,true,true,"OVER $1,500",FOLLOWING TOO CLOSELY,2,NO INDICATION OF INJURY,0,0,41.8529596787,-87.6321520043,60616,"CHICAGO MIDWAY AIRPORT, IL US",36.0,25.0,64.0,0.0,10.0,9.0
crash_11146,2024-03-08 15:17:00,2024,3,Mar,Fri,15,Evening commute,30,NO CONTROLS,RAIN,DAYLIGHT,ANGLE,ALLEY,WET,INJURY AND / OR TOW DUE TO CRASH,true,,"OVER $1,500",FAILING TO REDUCE SPEED TO AVOID CRASH,2,NO INDICATION OF INJURY,0,0,41.8148515637,-87.6219909432,60653,"CHICAGO MIDWAY AIRPORT, IL US",45.0,43.0,93.0,0.06,3.0,10.0
crash_11147,2022-09-02 01:55:00,2022,9,Sep,Fri,1,Night or early morning,30,STOP SIGN/FLASHER,CLEAR,"DARKNESS, LIGHTED ROAD",ANGLE,T-INTERSECTION,DRY,INJURY AND / OR TOW DUE TO CRASH,true,,"OVER $1,500",FAILING TO YIELD RIGHT-OF-WAY,2,NO INDICATION OF INJURY,0,0,41.9268349326,-87.6441140921,60614,"CHICAGO MIDWAY AIRPORT, IL US",76.0,64.0,67.0,0.0,10.0,5.0
crash_11148,2018-11-17 18:45:00,2018,11,Nov,Sat,18,Evening commute,30,STOP SIGN/FLASHER,CLEAR,"DARKNESS, LIGHTED ROAD",ANGLE,NOT DIVIDED,DRY,INJURY AND / OR TOW DUE TO CRASH,true,,"OVER $1,500",FAILING TO YIELD RIGHT-OF-WAY,2,NONINCAPACITATING INJURY,1,0,41.8911894141,-87.6574703094,60642,"CHICAGO MIDWAY AIRPORT, IL US",37.0,30.0,76.0,0.0,10.0,11.0
crash_11149,2024-10-28 22:21:00,2024,10,Oct,Mon,22,Night or early morning,30,NO CONTROLS,CLEAR,"DARKNESS, LIGHTED ROAD",PEDALCYCLIST,FOUR WAY,DRY,NO INJURY / DRIVE AWAY,true,,$500 OR LESS,UNABLE TO DETERMINE,2,NO INDICATION OF INJURY,0,0,41.8577470654,-87.6317454414,60616,"CHICAGO MIDWAY AIRPORT, IL US",66.0,46.0,49.0,0.0,10.0,16.0
crash_11150,2018-04-01 09:45:00,2018,4,Apr,Sun,9,Morning commute,35,UNKNOWN,CLEAR,DAYLIGHT,PARKED MOTOR VEHICLE,OTHER,UNKNOWN,NO INJURY / DRIVE AWAY,,,"$501 - $1,500",UNABLE TO DETERMINE,2,NO INDICATION OF INJURY,0,0,41.8529915031,-87.6355438546,60616,"CHICAGO MIDWAY AIRPORT, IL US",31.0,12.0,45.0,0.0,10.0,6.0
crash_11151,2021-01-20 15:27:00,2021,1,Jan,Wed,15,Evening commute,30,TRAFFIC SIGNAL,CLEAR,DAYLIGHT,REAR END,T-INTERSECTION,WET,NO INJURY / DRIVE AWAY,true,,"$501 - $1,500",FAILING TO REDUCE SPEED TO AVOID CRASH,2,NO INDICATION OF INJURY,0,0,41.9039135342,-87.6376525333,60610,"CHICAGO MIDWAY AIRPORT, IL US",30.0,17.0,58.0,0.0,10.0,17.0
crash_11152,2023-09-26 16:05:00,2023,9,Sep,Tue,16,Evening commute,30,TRAFFIC SIGNAL,CLEAR,DAYLIGHT,REAR END,FOUR WAY,DRY,NO INJURY / DRIVE AWAY,true,,$500 OR LESS,FOLLOWING TOO CLOSELY,2,NO INDICATION OF INJURY,0,0,41.8075334573,-87.7430034212,60632,"CHICAGO MIDWAY AIRPORT, IL US",73.0,62.0,69.0,0.0,10.0,15.0
crash_11153,2019-10-05 19:25:00,2019,10,Oct,Sat,19,Night or early morning,5,NO CONTROLS,RAIN,"DARKNESS, LIGHTED ROAD",PARKED MOTOR VEHICLE,PARKING LOT,WET,NO INJURY / DRIVE AWAY,,,$500 OR LESS,UNABLE TO DETERMINE,2,NO INDICATION OF INJURY,0,0,41.7060831053,-87.7024021269,60655,"CHICAGO MIDWAY AIRPORT, IL US",58.0,55.0,90.0,0.01,10.0,10.0
crash_11154,2025-12-26 12:15:00,2025,12,Dec,Fri,12,Daytime,25,NO CONTROLS,CLEAR,DAYLIGHT,SIDESWIPE SAME DIRECTION,ALLEY,DRY,NO INJURY / DRIVE AWAY,,,"OVER $1,500",DISTRACTION - FROM OUTSIDE VEHICLE,2,NO INDICATION OF INJURY,0,0,41.9617103107,-87.6974011078,60625,,,,,,,
crash_11155,2022-06-17 10:30:00,2022,6,Jun,Fri,10,Daytime,30,NO CONTROLS,CLEAR,DAYLIGHT,ANGLE,NOT DIVIDED,DRY,NO INJURY / DRIVE AWAY,,,"OVER $1,500",UNABLE TO DETERMINE,2,NO INDICATION OF INJURY,0,0,41.7956880528,-87.8014596705,60638,"CHICAGO MIDWAY AIRPORT, IL US",83.0,51.0,33.0,0.0,10.0,13.0
crash_11156,2022-03-27 16:00:00,2022,3,Mar,Sun,16,Evening commute,30,NO CONTROLS,CLEAR,DAYLIGHT,SIDESWIPE SAME DIRECTION,NOT DIVIDED,DRY,NO INJURY / DRIVE AWAY,,,"OVER $1,500",IMPROPER OVERTAKING/PASSING,2,NO INDICATION OF INJURY,0,0,41.9181663388,-87.6435171771,60614,"CHICAGO MIDWAY AIRPORT, IL US",34.0,13.0,42.0,0.0,10.0,8.0
crash_11157,2023-11-10 13:19:00,2023,11,Nov,Fri,13,Daytime,35,OTHER,CLEAR,DAYLIGHT,TURNING,UNKNOWN INTERSECTION TYPE,DRY,INJURY AND / OR TOW DUE TO CRASH,true,,"OVER $1,500",FAILING TO YIELD RIGHT-OF-WAY,2,"REPORTED, NOT EVIDENT",1,0,41.8951229514,-87.6557793807,60642,"CHICAGO MIDWAY AIRPORT, IL US",46.0,28.0,50.0,0.0,10.0,16.0
crash_11158,2023-06-08 22:57:00,2023,6,Jun,Thu,22,Night or early morning,30,STOP SIGN/FLASHER,CLEAR,"DARKNESS, LIGHTED ROAD",ANGLE,FOUR WAY,DRY,INJURY AND / OR TOW DUE TO CRASH,true,,"OVER $1,500",FAILING TO YIELD RIGHT-OF-WAY,2,NONINCAPACITATING INJURY,5,0,41.902053641,-87.7639148422,60651,"CHICAGO MIDWAY AIRPORT, IL US",60.0,38.0,44.0,0.0,10.0,5.0
crash_11159,2018-10-24 05:25:00,2018,10,Oct,Wed,5,Night or early morning,30,NO CONTROLS,CLEAR,DAWN,PARKED MOTOR VEHICLE,ONE-WAY,DRY,NO INJURY / DRIVE AWAY,,,"OVER $1,500",UNABLE TO DETERMINE,2,NO INDICATION OF INJURY,0,0,41.9725604319,-87.7111838349,60625,"CHICAGO OHARE INTERNATIONAL AIRPORT, IL US",40.0,35.0,83.0,0.0,10.0,3.0
crash_11160,2019-02-22 18:00:00,2019,2,Feb,Fri,18,Evening commute,30,NO CONTROLS,CLEAR,DARKNESS,FIXED OBJECT,NOT DIVIDED,DRY,NO INJURY / DRIVE AWAY,,,"OVER $1,500",NOT APPLICABLE,1,NO INDICATION OF INJURY,0,0,41.98534761,-87.6595380132,60660,"CHICAGO OHARE INTERNATIONAL AIRPORT, IL US",33.0,24.0,70.0,0.0,9.0,11.0
crash_11161,2018-07-18 15:42:00,2018,7,Jul,Wed,15,Evening commute,30,NO CONTROLS,CLEAR,DAYLIGHT,TURNING,NOT DIVIDED,DRY,NO INJURY / DRIVE AWAY,,,"OVER $1,500",FAILING TO YIELD RIGHT-OF-WAY,2,NO INDICATION OF INJURY,0,0,41.8934217699,-87.6357683641,60654,"CHICAGO MIDWAY AIRPORT, IL US",78.0,52.0,40.0,0.0,10.0,10.0
crash_11162,2019-04-23 08:15:00,2019,4,Apr,Tue,8,Morning commute,30,STOP SIGN/FLASHER,CLEAR,DAYLIGHT,ANGLE,DIVIDED - W/MEDIAN (NOT RAISED),DRY,INJURY AND / OR TOW DUE TO CRASH,true,,"OVER $1,500",FAILING TO YIELD RIGHT-OF-WAY,2,NO INDICATION OF INJURY,0,0,41.9904180321,-87.7152661621,60659,"CHICAGO OHARE INTERNATIONAL AIRPORT, IL US",49.0,43.0,80.0,,10.0,13.0
crash_11163,2020-03-31 10:20:00,2020,3,Mar,Tue,10,Daytime,10,NO CONTROLS,CLOUDY/OVERCAST,DAYLIGHT,FIXED OBJECT,OTHER,DRY,INJURY AND / OR TOW DUE TO CRASH,,,"OVER $1,500",NOT APPLICABLE,1,NO INDICATION OF INJURY,0,0,41.8944996979,-87.7039163717,60612,"CHICAGO MIDWAY AIRPORT, IL US",38.0,36.0,93.0,0.0,7.0,10.0
crash_11164,2018-02-21 12:39:00,2018,2,Feb,Wed,12,Daytime,30,STOP SIGN/FLASHER,CLEAR,DAYLIGHT,TURNING,ONE-WAY,DRY,NO INJURY / DRIVE AWAY,,,"$501 - $1,500",UNABLE TO DETERMINE,2,NO INDICATION OF INJURY,0,0,41.8845516127,-87.6398742409,60661,"CHICAGO MIDWAY AIRPORT, IL US",32.0,20.0,61.0,0.0,10.0,11.0
crash_11165,2021-02-15 18:30:00,2021,2,Feb,Mon,18,Evening commute,25,NO CONTROLS,SNOW,"DARKNESS, LIGHTED ROAD",PARKED MOTOR VEHICLE,NOT DIVIDED,SNOW OR SLUSH,NO INJURY / DRIVE AWAY,,true,"OVER $1,500",UNABLE TO DETERMINE,2,NO INDICATION OF INJURY,0,0,41.8197086234,-87.6018206424,60653,"CHICAGO MIDWAY AIRPORT, IL US",12.0,6.0,77.0,0.01,0.25,16.0