crash_id,crash_datetime,crash_year,crash_month,crash_month_name,crash_weekday_name,crash_hour,time_period,posted_speed_limit_mph,traffic_control_device,reported_weather_condition,reported_lighting_condition,first_crash_type,trafficway_type,reported_road_surface_condition,crash_type,intersection_related,hit_and_run,estimated_damage,primary_contributory_cause,unit_count,most_severe_injury,injuries_total,injuries_fatal,latitude,longitude,zip5,weather_station_name,temperature_f,dew_point_f,relative_humidity_percent,precipitation_inches,visibility_miles,wind_speed_mph
crash_11166,2018-05-24 13:00:00,2018,5,May,Thu,13,Daytime,30,NO CONTROLS,CLEAR,DAYLIGHT,PARKED MOTOR VEHICLE,NOT DIVIDED,DRY,INJURY AND / OR TOW DUE TO CRASH,,,"OVER $1,500",UNABLE TO DETERMINE,3,NONINCAPACITATING INJURY,1,0,41.7604559078,-87.6829903111,60636,"CHICAGO MIDWAY AIRPORT, IL US",83.0,54.0,37.0,0.0,10.0,6.0
crash_11167,2021-09-07 14:20:00,2021,9,Sep,Tue,14,Daytime,30,TRAFFIC SIGNAL,CLEAR,DAYLIGHT,REAR END,FOUR WAY,DRY,NO INJURY / DRIVE AWAY,,,"OVER $1,500",UNABLE TO DETERMINE,2,NO INDICATION OF INJURY,0,0,41.8529769859,-87.6309693986,60616,"CHICAGO MIDWAY AIRPORT, IL US",88.0,60.0,39.0,0.0,10.0,28.0
crash_11168,2023-12-03 12:45:00,2023,12,Dec,Sun,12,Daytime,30,TRAFFIC SIGNAL,CLEAR,DAYLIGHT,SIDESWIPE SAME DIRECTION,NOT DIVIDED,UNKNOWN,NO INJURY / DRIVE AWAY,,true,"OVER $1,500",FAILING TO YIELD RIGHT-OF-WAY,2,NO INDICATION OF INJURY,0,0,41.9537066831,-87.7324646912,60641,"CHICAGO OHARE INTERNATIONAL AIRPORT, IL US",38.0,35.0,89.0,0.0,10.0,13.0
crash_11169,2019-08-14 17:38:00,2019,8,Aug,Wed,17,Evening commute,25,TRAFFIC SIGNAL,CLEAR,DAYLIGHT,REAR END,NOT DIVIDED,DRY,NO INJURY / DRIVE AWAY,true,,"OVER $1,500",FAILING TO REDUCE SPEED TO AVOID CRASH,2,NO INDICATION OF INJURY,0,0,41.8858015463,-87.6246597711,60601,"CHICAGO MIDWAY AIRPORT, IL US",73.0,67.0,81.0,0.45,10.0,10.0
crash_11170,2022-09-19 05:27:00,2022,9,Sep,Mon,5,Night or early morning,25,TRAFFIC SIGNAL,CLEAR,DAYLIGHT,REAR END,NOT DIVIDED,DRY,NO INJURY / DRIVE AWAY,,,"OVER $1,500",FOLLOWING TOO CLOSELY,2,NO INDICATION OF INJURY,0,0,41.7866447645,-87.6838659262,60629,"CHICAGO MIDWAY AIRPORT, IL US",71.0,66.0,84.0,,10.0,3.0
crash_11171,2020-03-24 14:50:00,2020,3,Mar,Tue,14,Daytime,30,NO CONTROLS,CLEAR,DAYLIGHT,REAR END,DIVIDED - W/MEDIAN (NOT RAISED),DRY,NO INJURY / DRIVE AWAY,true,true,"$501 - $1,500",UNABLE TO DETERMINE,2,NO INDICATION OF INJURY,0,0,41.8823482701,-87.7654239076,60644,"CHICAGO MIDWAY AIRPORT, IL US",45.0,33.0,63.0,0.0,10.0,7.0
crash_11172,2021-05-25 23:30:00,2021,5,May,Tue,23,Night or early morning,35,UNKNOWN,UNKNOWN,UNKNOWN,PARKED MOTOR VEHICLE,CENTER TURN LANE,UNKNOWN,NO INJURY / DRIVE AWAY,,,"OVER $1,500",UNABLE TO DETERMINE,2,NO INDICATION OF INJURY,0,0,41.8913000567,-87.7437163558,60644,"CHICAGO MIDWAY AIRPORT, IL US",73.0,60.0,64.0,0.0,10.0,14.0
crash_11173,2018-07-28 20:00:00,2018,7,Jul,Sat,20,Night or early morning,30,NO CONTROLS,CLEAR,"DARKNESS, LIGHTED ROAD",SIDESWIPE SAME DIRECTION,DIVIDED - W/MEDIAN (NOT RAISED),DRY,INJURY AND / OR TOW DUE TO CRASH,,,"OVER $1,500",IMPROPER OVERTAKING/PASSING,2,NO INDICATION OF INJURY,0,0,41.9175868213,-87.6985821425,60647,"CHICAGO MIDWAY AIRPORT, IL US",75.0,55.0,50.0,0.0,10.0,8.0
crash_11174,2024-12-29 18:02:00,2024,12,Dec,Sun,18,Evening commute,30,UNKNOWN,UNKNOWN,UNKNOWN,REAR END,DIVIDED - W/MEDIAN (NOT RAISED),UNKNOWN,NO INJURY / DRIVE AWAY,,true,"OVER $1,500",FOLLOWING TOO CLOSELY,2,NO INDICATION OF INJURY,0,0,41.924850614,-87.7047559583,60647,"CHICAGO MIDWAY AIRPORT, IL US",42.0,38.0,85.0,,10.0,13.0
crash_11175,2021-08-24 17:30:00,2021,8,Aug,Tue,17,Evening commute,20,NO CONTROLS,CLEAR,DAYLIGHT,TURNING,ONE-WAY,DRY,NO INJURY / DRIVE AWAY,true,,"$501 - $1,500",FAILING TO YIELD RIGHT-OF-WAY,2,NO INDICATION OF INJURY,0,0,41.91912359,-87.7194220644,60647,"CHICAGO MIDWAY AIRPORT, IL US",92.0,71.0,51.0,0.0,10.0,13.0
crash_11176,2023-11-07 18:50:00,2023,11,Nov,Tue,18,Evening commute,30,NO CONTROLS,CLEAR,"DARKNESS, LIGHTED ROAD",SIDESWIPE SAME DIRECTION,DIVIDED - W/MEDIAN (NOT RAISED),DRY,NO INJURY / DRIVE AWAY,true,,$500 OR LESS,DRIVING ON WRONG SIDE/WRONG WAY,2,NO INDICATION OF INJURY,0,0,41.8661146938,-87.7212962218,60623,"CHICAGO MIDWAY AIRPORT, IL US",48.0,39.0,71.0,0.0,10.0,13.0
crash_11177,2023-11-21 16:35:00,2023,11,Nov,Tue,16,Evening commute,35,NO CONTROLS,CLEAR,"DARKNESS, LIGHTED ROAD",SIDESWIPE SAME DIRECTION,NOT DIVIDED,DRY,NO INJURY / DRIVE AWAY,,true,"OVER $1,500",FAILING TO YIELD RIGHT-OF-WAY,2,NO INDICATION OF INJURY,0,0,41.8235433215,-87.7045718179,60632,"CHICAGO MIDWAY AIRPORT, IL US",42.0,34.0,73.0,0.0,10.0,20.0
crash_11178,2020-10-31 11:35:00,2020,10,Oct,Sat,11,Daytime,30,TRAFFIC SIGNAL,CLEAR,DAYLIGHT,REAR END,DIVIDED - W/MEDIAN (NOT RAISED),DRY,NO INJURY / DRIVE AWAY,,true,"$501 - $1,500",FAILING TO YIELD RIGHT-OF-WAY,2,NO INDICATION OF INJURY,0,0,41.6928604772,-87.6007418752,60628,"CHICAGO MIDWAY AIRPORT, IL US",51.0,32.0,48.0,0.0,10.0,11.0
crash_11179,2025-12-22 15:00:00,2025,12,Dec,Mon,15,Evening commute,30,STOP SIGN/FLASHER,CLEAR,DAYLIGHT,PARKED MOTOR VEHICLE,FOUR WAY,DRY,NO INJURY / DRIVE AWAY,true,true,"OVER $1,500",IMPROPER TURNING/NO SIGNAL,2,NO INDICATION OF INJURY,0,0,41.8158976674,-87.6585038266,60609,,,,,,,
crash_11180,2018-03-10 18:35:00,2018,3,Mar,Sat,18,Evening commute,15,NO CONTROLS,CLEAR,"DARKNESS, LIGHTED ROAD",TURNING,PARKING LOT,DRY,INJURY AND / OR TOW DUE TO CRASH,,,"OVER $1,500",UNABLE TO DETERMINE,2,"REPORTED, NOT EVIDENT",2,0,41.7325901368,-87.6254857747,60620,"CHICAGO MIDWAY AIRPORT, IL US",35.0,17.0,48.0,0.0,10.0,9.0
crash_11181,2022-06-08 07:38:00,2022,6,Jun,Wed,7,Morning commute,20,NO CONTROLS,CLEAR,DAYLIGHT,PARKED MOTOR VEHICLE,NOT DIVIDED,DRY,NO INJURY / DRIVE AWAY,,,$500 OR LESS,IMPROPER OVERTAKING/PASSING,2,NO INDICATION OF INJURY,0,0,41.7047899499,-87.6733893661,60643,"CHICAGO MIDWAY AIRPORT, IL US",66.0,45.0,47.0,0.0,10.0,8.0
crash_11182,2019-11-22 21:00:00,2019,11,Nov,Fri,21,Night or early morning,40,NO CONTROLS,CLEAR,"DARKNESS, LIGHTED ROAD",REAR END,DIVIDED - W/MEDIAN BARRIER,DRY,INJURY AND / OR TOW DUE TO CRASH,,,"OVER $1,500",DRIVING SKILLS/KNOWLEDGE/EXPERIENCE,4,NO INDICATION OF INJURY,0,0,41.8896563295,-87.6143595501,60611,"CHICAGO MIDWAY AIRPORT, IL US",32.0,25.0,75.0,0.0,10.0,6.0
crash_11183,2023-10-27 18:57:00,2023,10,Oct,Fri,18,Evening commute,45,NO CONTROLS,RAIN,"DARKNESS, LIGHTED ROAD",REAR END,ONE-WAY,WET,INJURY AND / OR TOW DUE TO CRASH,,,"OVER $1,500","OPERATING VEHICLE IN ERRATIC, RECKLESS, CARELESS, NEGLIGENT OR AGGRESSIVE MANNER",4,NO INDICATION OF INJURY,0,0,41.7623674147,-87.6029824801,60619,"CHICAGO MIDWAY AIRPORT, IL US",57.0,52.0,83.0,0.0,4.0,14.0
crash_11184,2023-06-17 15:03:00,2023,6,Jun,Sat,15,Evening commute,30,PEDESTRIAN CROSSING SIGN,CLEAR,DAYLIGHT,TURNING,DIVIDED - W/MEDIAN BARRIER,DRY,INJURY AND / OR TOW DUE TO CRASH,,,"OVER $1,500",FAILING TO REDUCE SPEED TO AVOID CRASH,2,NONINCAPACITATING INJURY,5,0,41.9030477003,-87.6330394917,60610,"CHICAGO MIDWAY AIRPORT, IL US",78.0,54.0,43.0,0.0,8.0,10.0
crash_11185,2018-08-02 06:00:00,2018,8,Aug,Thu,6,Morning commute,30,NO CONTROLS,CLEAR,DAYLIGHT,SIDESWIPE SAME DIRECTION,DIVIDED - W/MEDIAN BARRIER,DRY,NO INJURY / DRIVE AWAY,,,"OVER $1,500",FAILING TO YIELD RIGHT-OF-WAY,2,NO INDICATION OF INJURY,0,0,41.86888416,-87.6393925403,60607,"CHICAGO MIDWAY AIRPORT, IL US",70.0,63.0,79.0,0.0,10.0,7.0
crash_11186,2020-07-29 12:45:00,2020,7,Jul,Wed,12,Daytime,30,NO CONTROLS,CLEAR,DAYLIGHT,SIDESWIPE SAME DIRECTION,NOT DIVIDED,DRY,INJURY AND / OR TOW DUE TO CRASH,,,"$501 - $1,500",NOT APPLICABLE,2,NONINCAPACITATING INJURY,1,0,41.7433834487,-87.7114617832,60652,"CHICAGO MIDWAY AIRPORT, IL US",87.0,66.0,50.0,0.0,10.0,15.0
crash_11187,2018-07-14 23:30:00,2018,7,Jul,Sat,23,Night or early morning,15,NO CONTROLS,CLEAR,"DARKNESS, LIGHTED ROAD",PARKED MOTOR VEHICLE,ONE-WAY,DRY,NO INJURY / DRIVE AWAY,,true,$500 OR LESS,UNABLE TO DETERMINE,2,NO INDICATION OF INJURY,0,0,41.940775176,-87.745921284,60641,"CHICAGO OHARE INTERNATIONAL AIRPORT, IL US",76.0,69.0,79.0,0.0,7.0,6.0
crash_11188,2019-07-17 04:35:00,2019,7,Jul,Wed,4,Night or early morning,30,NO CONTROLS,CLEAR,"DARKNESS, LIGHTED ROAD",PARKED MOTOR VEHICLE,NOT DIVIDED,DRY,INJURY AND / OR TOW DUE TO CRASH,,,"OVER $1,500",FAILING TO REDUCE SPEED TO AVOID CRASH,3,"REPORTED, NOT EVIDENT",1,0,41.6964312469,-87.6169742973,60628,"CHICAGO MIDWAY AIRPORT, IL US",75.0,73.0,94.0,0.0,8.0,5.0
crash_11189,2021-01-24 00:39:00,2021,1,Jan,Sun,0,Night or early morning,30,NO CONTROLS,CLEAR,"DARKNESS, LIGHTED ROAD",FIXED OBJECT,DIVIDED - W/MEDIAN BARRIER,DRY,INJURY AND / OR TOW DUE TO CRASH,,,"OVER $1,500",UNDER THE INFLUENCE OF ALCOHOL/DRUGS (USE WHEN ARREST IS EFFECTED),1,NO INDICATION OF INJURY,0,0,41.9920401256,-87.669919582,60660,"CHICAGO OHARE INTERNATIONAL AIRPORT, IL US",30.0,16.0,56.0,0.0,10.0,9.0
crash_11190,2024-03-24 00:01:00,2024,3,Mar,Sun,0,Night or early morning,30,NO CONTROLS,UNKNOWN,UNKNOWN,PARKED MOTOR VEHICLE,PARKING LOT,OTHER,NO INJURY / DRIVE AWAY,,true,"OVER $1,500",UNABLE TO DETERMINE,2,NO INDICATION OF INJURY,0,0,41.7217910463,-87.5791323056,60617,"CHICAGO MIDWAY AIRPORT, IL US",34.0,15.0,46.0,0.0,10.0,9.0
crash_11191,2020-08-11 23:30:00,2020,8,Aug,Tue,23,Night or early morning,30,NO CONTROLS,CLEAR,"DARKNESS, LIGHTED ROAD",PARKED MOTOR VEHICLE,ALLEY,DRY,NO INJURY / DRIVE AWAY,,true,"OVER $1,500",UNABLE TO DETERMINE,2,NO INDICATION OF INJURY,0,0,41.7816005363,-87.6142973982,60637,"CHICAGO MIDWAY AIRPORT, IL US",71.0,59.0,66.0,0.0,10.0,0.0
crash_11192,2019-08-06 21:05:00,2019,8,Aug,Tue,21,Night or early morning,30,NO CONTROLS,CLEAR,"DARKNESS, LIGHTED ROAD",REAR END,NOT DIVIDED,DRY,NO INJURY / DRIVE AWAY,,,"$501 - $1,500",UNABLE TO DETERMINE,2,NO INDICATION OF INJURY,0,0,41.7588935713,-87.5843811754,60649,"CHICAGO MIDWAY AIRPORT, IL US",74.0,66.0,76.0,0.0,10.0,5.0
crash_11193,2025-12-17 19:01:00,2025,12,Dec,Wed,19,Night or early morning,30,TRAFFIC SIGNAL,CLEAR,"DARKNESS, LIGHTED ROAD",REAR END,DIVIDED - W/MEDIAN BARRIER,WET,NO INJURY / DRIVE AWAY,true,true,"OVER $1,500",DRIVING SKILLS/KNOWLEDGE/EXPERIENCE,2,NO INDICATION OF INJURY,0,0,41.8832371751,-87.632555577,60602,,,,,,,
crash_11194,2025-01-10 17:55:00,2025,1,Jan,Fri,17,Evening commute,30,NO CONTROLS,UNKNOWN,"DARKNESS, LIGHTED ROAD",FIXED OBJECT,TRAFFIC ROUTE,WET,NO INJURY / DRIVE AWAY,true,,"OVER $1,500","EVASIVE ACTION DUE TO ANIMAL, OBJECT, NONMOTORIST",1,NO INDICATION OF INJURY,0,0,41.7846786828,-87.6934018404,60629,"CHICAGO MIDWAY AIRPORT, IL US",29.0,25.0,85.0,0.0,5.0,7.0
crash_11195,2018-11-29 01:30:00,2018,11,Nov,Thu,1,Night or early morning,30,TRAFFIC SIGNAL,SNOW,"DARKNESS, LIGHTED ROAD",TURNING,NOT DIVIDED,SNOW OR SLUSH,INJURY AND / OR TOW DUE TO CRASH,true,,"OVER $1,500",UNABLE TO DETERMINE,2,NO INDICATION OF INJURY,0,0,41.7366015585,-87.6049681002,60619,"CHICAGO MIDWAY AIRPORT, IL US",28.0,22.0,78.0,0.0,7.0,10.0
crash_11196,2023-10-03 15:00:00,2023,10,Oct,Tue,15,Evening commute,25,UNKNOWN,UNKNOWN,UNKNOWN,ANGLE,NOT DIVIDED,UNKNOWN,NO INJURY / DRIVE AWAY,true,,$500 OR LESS,UNABLE TO DETERMINE,2,NO INDICATION OF INJURY,0,0,42.0164644746,-87.6844413236,60645,"CHICAGO OHARE INTERNATIONAL AIRPORT, IL US",87.0,57.0,36.0,0.0,10.0,11.0
crash_11197,2024-09-22 14:50:00,2024,9,Sep,Sun,14,Daytime,40,NO CONTROLS,RAIN,DAYLIGHT,OTHER OBJECT,DIVIDED - W/MEDIAN BARRIER,WET,INJURY AND / OR TOW DUE TO CRASH,,,"OVER $1,500",WEATHER,1,NO INDICATION OF INJURY,0,0,41.9810061439,-87.6520916154,60640,"CHICAGO OHARE INTERNATIONAL AIRPORT, IL US",69.0,68.0,96.0,0.08,9.0,3.0
crash_11198,2019-04-27 18:30:00,2019,4,Apr,Sat,18,Evening commute,30,NO CONTROLS,SNOW,DAWN,SIDESWIPE SAME DIRECTION,NOT DIVIDED,SNOW OR SLUSH,NO INJURY / DRIVE AWAY,,,"$501 - $1,500",IMPROPER OVERTAKING/PASSING,2,NO INDICATION OF INJURY,0,0,41.9680480073,-87.7478759847,60630,"CHICAGO OHARE INTERNATIONAL AIRPORT, IL US",32.0,31.0,96.0,0.04,0.75,24.0
crash_11199,2019-01-13 14:11:00,2019,1,Jan,Sun,14,Daytime,10,NO CONTROLS,CLEAR,DAYLIGHT,ANGLE,PARKING LOT,SNOW OR SLUSH,NO INJURY / DRIVE AWAY,,,"$501 - $1,500",UNABLE TO DETERMINE,2,NO INDICATION OF INJURY,0,0,41.7476819983,-87.7411572663,60652,"CHICAGO MIDWAY AIRPORT, IL US",32.0,21.0,64.0,0.0,10.0,15.0
crash_11200,2025-05-19 15:00:00,2025,5,May,Mon,15,Evening commute,25,UNKNOWN,CLEAR,DAYLIGHT,SIDESWIPE SAME DIRECTION,FOUR WAY,DRY,INJURY AND / OR TOW DUE TO CRASH,true,,"OVER $1,500",UNABLE TO DETERMINE,2,NO INDICATION OF INJURY,0,0,41.8023585012,-87.6064872794,60615,"CHICAGO MIDWAY AIRPORT, IL US",54.0,39.0,57.0,0.0,10.0,13.0
crash_11201,2020-01-21 17:45:00,2020,1,Jan,Tue,17,Evening commute,30,TRAFFIC SIGNAL,CLEAR,"DARKNESS, LIGHTED ROAD",SIDESWIPE SAME DIRECTION,NOT DIVIDED,DRY,NO INJURY / DRIVE AWAY,true,true,$500 OR LESS,FAILING TO YIELD RIGHT-OF-WAY,2,NO INDICATION OF INJURY,0,0,41.8957045249,-87.7022185235,60622,"CHICAGO MIDWAY AIRPORT, IL US",28.0,19.0,69.0,,10.0,9.0
crash_11202,2018-06-23 13:15:00,2018,6,Jun,Sat,13,Daytime,30,NO CONTROLS,CLEAR,DAYLIGHT,REAR END,NOT DIVIDED,DRY,NO INJURY / DRIVE AWAY,,,"OVER $1,500",UNABLE TO DETERMINE,2,NO INDICATION OF INJURY,0,0,41.7982853115,-87.7427677652,60632,"CHICAGO MIDWAY AIRPORT, IL US",76.0,56.0,50.0,0.0,10.0,0.0
crash_11203,2024-07-12 18:30:00,2024,7,Jul,Fri,18,Evening commute,30,NO CONTROLS,CLEAR,UNKNOWN,PARKED MOTOR VEHICLE,ONE-WAY,DRY,NO INJURY / DRIVE AWAY,,true,"$501 - $1,500",UNABLE TO DETERMINE,2,NO INDICATION OF INJURY,0,0,41.7840708231,-87.7188117892,60629,"CHICAGO MIDWAY AIRPORT, IL US",80.0,64.0,58.0,0.0,10.0,9.0
crash_11204,2023-10-23 16:55:00,2023,10,Oct,Mon,16,Evening commute,30,NO CONTROLS,CLEAR,DAYLIGHT,PARKED MOTOR VEHICLE,NOT DIVIDED,DRY,INJURY AND / OR TOW DUE TO CRASH,,,"OVER $1,500",DISTRACTION - FROM INSIDE VEHICLE,2,NO INDICATION OF INJURY,0,0,41.9979998803,-87.7882889037,60646,"CHICAGO OHARE INTERNATIONAL AIRPORT, IL US",67.0,41.0,39.0,0.0,10.0,14.0
crash_11205,2024-10-21 07:25:00,2024,10,Oct,Mon,7,Morning commute,30,NO CONTROLS,CLEAR,DAYLIGHT,SIDESWIPE SAME DIRECTION,NOT DIVIDED,UNKNOWN,NO INJURY / DRIVE AWAY,,,"OVER $1,500",FAILING TO YIELD RIGHT-OF-WAY,2,NO INDICATION OF INJURY,0,0,41.8511766633,-87.6321255134,60616,"CHICAGO MIDWAY AIRPORT, IL US",56.0,41.0,57.0,0.0,10.0,8.0
crash_11206,2021-09-04 17:00:00,2021,9,Sep,Sat,17,Evening commute,30,NO CONTROLS,CLEAR,DAYLIGHT,PARKED MOTOR VEHICLE,NOT DIVIDED,DRY,NO INJURY / DRIVE AWAY,,true,"OVER $1,500",UNABLE TO DETERMINE,2,NO INDICATION OF INJURY,0,0,41.8805127163,-87.734437909,60624,"CHICAGO MIDWAY AIRPORT, IL US",73.0,64.0,74.0,0.0,10.0,5.0
crash_11207,2022-07-10 14:15:00,2022,7,Jul,Sun,14,Daytime,35,NO CONTROLS,CLEAR,DAYLIGHT,PARKED MOTOR VEHICLE,DIVIDED - W/MEDIAN BARRIER,DRY,NO INJURY / DRIVE AWAY,,true,"OVER $1,500",UNABLE TO DETERMINE,2,NO INDICATION OF INJURY,0,0,41.884196569,-87.6204672994,60602,"CHICAGO MIDWAY AIRPORT, IL US",85.0,49.0,29.0,0.0,10.0,6.0
crash_11208,2022-12-13 20:00:00,2022,12,Dec,Tue,20,Night or early morning,30,NO CONTROLS,UNKNOWN,DARKNESS,PARKED MOTOR VEHICLE,NOT DIVIDED,WET,NO INJURY / DRIVE AWAY,,true,"OVER $1,500",FAILING TO YIELD RIGHT-OF-WAY,2,NO INDICATION OF INJURY,0,0,41.8322218394,-87.6661464385,60608,"CHICAGO MIDWAY AIRPORT, IL US",37.0,28.0,70.0,0.0,10.0,16.0
crash_11209,2021-10-12 16:35:00,2021,10,Oct,Tue,16,Evening commute,30,TRAFFIC SIGNAL,CLEAR,DAYLIGHT,REAR END,FOUR WAY,DRY,NO INJURY / DRIVE AWAY,true,,"OVER $1,500",FOLLOWING TOO CLOSELY,2,NO INDICATION OF INJURY,0,0,41.7943511401,-87.6500720384,60609,"CHICAGO MIDWAY AIRPORT, IL US",64.0,55.0,73.0,,10.0,7.0
crash_11210,2024-10-07 16:00:00,2024,10,Oct,Mon,16,Evening commute,30,STOP SIGN/FLASHER,CLEAR,DAYLIGHT,ANGLE,FOUR WAY,DRY,INJURY AND / OR TOW DUE TO CRASH,true,,"OVER $1,500",FAILING TO YIELD RIGHT-OF-WAY,2,"REPORTED, NOT EVIDENT",2,0,41.7933670411,-87.7073743715,60629,"CHICAGO MIDWAY AIRPORT, IL US",68.0,24.0,19.0,0.0,10.0,13.0
crash_11211,2020-11-24 16:45:00,2020,11,Nov,Tue,16,Evening commute,30,STOP SIGN/FLASHER,RAIN,DAWN,SIDESWIPE SAME DIRECTION,DIVIDED - W/MEDIAN (NOT RAISED),WET,NO INJURY / DRIVE AWAY,,,"$501 - $1,500",UNABLE TO DETERMINE,2,NO INDICATION OF INJURY,0,0,41.9057114618,-87.6968008335,60622,"CHICAGO MIDWAY AIRPORT, IL US",42.0,37.0,82.0,0.01,3.0,11.0
crash_11212,2020-06-01 20:00:00,2020,6,Jun,Mon,20,Night or early morning,35,NO CONTROLS,CLEAR,DAYLIGHT,HEAD ON,NOT DIVIDED,DRY,NO INJURY / DRIVE AWAY,true,true,"OVER $1,500",FOLLOWING TOO CLOSELY,2,NO INDICATION OF INJURY,0,0,41.8758449512,-87.7427852994,60644,"CHICAGO MIDWAY AIRPORT, IL US",75.0,47.0,37.0,0.0,10.0,16.0
crash_11213,2023-02-12 03:23:00,2023,2,Feb,Sun,3,Night or early morning,30,NO CONTROLS,CLEAR,"DARKNESS, LIGHTED ROAD",PARKED MOTOR VEHICLE,NOT DIVIDED,DRY,INJURY AND / OR TOW DUE TO CRASH,,true,"OVER $1,500",UNABLE TO DETERMINE,4,NO INDICATION OF INJURY,0,0,41.945170128,-87.8061503041,60634,"CHICAGO OHARE INTERNATIONAL AIRPORT, IL US",32.0,22.0,66.0,0.0,10.0,7.0
crash_11214,2024-03-01 14:36:00,2024,3,Mar,Fri,14,Daytime,30,STOP SIGN/FLASHER,CLOUDY/OVERCAST,DAYLIGHT,FIXED OBJECT,FOUR WAY,DRY,INJURY AND / OR TOW DUE TO CRASH,,,"OVER $1,500","OPERATING VEHICLE IN ERRATIC, RECKLESS, CARELESS, NEGLIGENT OR AGGRESSIVE MANNER",1,NO INDICATION OF INJURY,0,0,41.8900571444,-87.6559130436,60642,"CHICAGO MIDWAY AIRPORT, IL US",46.0,21.0,37.0,0.0,10.0,11.0
crash_11215,2019-09-07 05:10:00,2019,9,Sep,Sat,5,Night or early morning,30,NO CONTROLS,CLEAR,DAYLIGHT,REAR END,ONE-WAY,DRY,NO INJURY / DRIVE AWAY,,true,"$501 - $1,500",UNABLE TO DETERMINE,2,NO INDICATION OF INJURY,0,0,41.8671342083,-87.6442375198,60607,"CHICAGO MIDWAY AIRPORT, IL US",58.0,54.0,87.0,0.0,10.0,6.0
crash_11216,2025-03-14 12:24:00,2025,3,Mar,Fri,12,Daytime,30,UNKNOWN,CLEAR,DAYLIGHT,REAR END,DIVIDED - W/MEDIAN (NOT RAISED),DRY,NO INJURY / DRIVE AWAY,true,,"OVER $1,500",FOLLOWING TOO CLOSELY,2,NO INDICATION OF INJURY,0,0,41.9316594554,-87.7453980061,60641,"CHICAGO OHARE INTERNATIONAL AIRPORT, IL US",75.0,49.0,40.0,0.0,10.0,23.0
crash_11217,2025-01-31 17:45:00,2025,1,Jan,Fri,17,Evening commute,30,NO CONTROLS,UNKNOWN,UNKNOWN,PARKED MOTOR VEHICLE,ONE-WAY,UNKNOWN,NO INJURY / DRIVE AWAY,,,"$501 - $1,500",UNABLE TO DETERMINE,2,NO INDICATION OF INJURY,0,0,41.8752299927,-87.7372338951,60624,"CHICAGO MIDWAY AIRPORT, IL US",37.0,30.0,76.0,0.0,10.0,17.0
crash_11218,2019-11-19 18:00:00,2019,11,Nov,Tue,18,Evening commute,5,NO CONTROLS,UNKNOWN,"DARKNESS, LIGHTED ROAD",PARKED MOTOR VEHICLE,NOT DIVIDED,WET,NO INJURY / DRIVE AWAY,,true,$500 OR LESS,UNABLE TO DETERMINE,2,NO INDICATION OF INJURY,0,0,41.7280295649,-87.576864852,60617,"CHICAGO MIDWAY AIRPORT, IL US",41.0,38.0,89.0,0.0,3.0,3.0
crash_11219,2021-05-08 14:49:00,2021,5,May,Sat,14,Daytime,30,TRAFFIC SIGNAL,CLEAR,DAYLIGHT,PARKED MOTOR VEHICLE,FOUR WAY,DRY,INJURY AND / OR TOW DUE TO CRASH,,true,"OVER $1,500",UNABLE TO DETERMINE,2,NO INDICATION OF INJURY,0,0,41.9610536368,-87.7280587094,60630,"CHICAGO OHARE INTERNATIONAL AIRPORT, IL US",53.0,28.0,38.0,0.0,10.0,11.0
crash_11220,2019-05-11 21:30:00,2019,5,May,Sat,21,Night or early morning,30,STOP SIGN/FLASHER,RAIN,UNKNOWN,REAR END,NOT DIVIDED,DRY,NO INJURY / DRIVE AWAY,,true,"OVER $1,500",FOLLOWING TOO CLOSELY,2,NO INDICATION OF INJURY,0,0,41.7357448514,-87.6587177057,60620,"CHICAGO MIDWAY AIRPORT, IL US",45.0,38.0,77.0,0.0,10.0,13.0
crash_11221,2018-03-30 17:05:00,2018,3,Mar,Fri,17,Evening commute,30,TRAFFIC SIGNAL,CLEAR,DAYLIGHT,REAR END,DIVIDED - W/MEDIAN (NOT RAISED),DRY,INJURY AND / OR TOW DUE TO CRASH,,,"OVER $1,500",FOLLOWING TOO CLOSELY,3,"REPORTED, NOT EVIDENT",1,0,41.9102850645,-87.7014549971,60647,"CHICAGO MIDWAY AIRPORT, IL US",46.0,28.0,50.0,0.0,10.0,15.0
crash_11222,2023-03-02 07:10:00,2023,3,Mar,Thu,7,Morning commute,30,NO CONTROLS,CLEAR,DAYLIGHT,SIDESWIPE SAME DIRECTION,NOT DIVIDED,DRY,INJURY AND / OR TOW DUE TO CRASH,,,"OVER $1,500",FAILING TO YIELD RIGHT-OF-WAY,3,NO INDICATION OF INJURY,0,0,41.9132589561,-87.7950683496,60707,"CHICAGO OHARE INTERNATIONAL AIRPORT, IL US",38.0,30.0,73.0,,10.0,9.0
crash_11223,2024-10-04 22:55:00,2024,10,Oct,Fri,22,Night or early morning,30,NO CONTROLS,CLEAR,DUSK,SIDESWIPE SAME DIRECTION,NOT DIVIDED,DRY,NO INJURY / DRIVE AWAY,,true,"$501 - $1,500",IMPROPER LANE USAGE,2,NO INDICATION OF INJURY,0,0,41.7637262417,-87.6247235253,60619,"CHICAGO MIDWAY AIRPORT, IL US",64.0,51.0,63.0,0.0,10.0,7.0