crash_id,crash_datetime,crash_year,crash_month,crash_month_name,crash_weekday_name,crash_hour,time_period,posted_speed_limit_mph,traffic_control_device,reported_weather_condition,reported_lighting_condition,first_crash_type,trafficway_type,reported_road_surface_condition,crash_type,intersection_related,hit_and_run,estimated_damage,primary_contributory_cause,unit_count,most_severe_injury,injuries_total,injuries_fatal,latitude,longitude,zip5,weather_station_name,temperature_f,dew_point_f,relative_humidity_percent,precipitation_inches,visibility_miles,wind_speed_mph
crash_11224,2021-10-29 08:30:00,2021,10,Oct,Fri,8,Morning commute,30,TRAFFIC SIGNAL,RAIN,DAYLIGHT,TURNING,DIVIDED - W/MEDIAN (NOT RAISED),WET,NO INJURY / DRIVE AWAY,true,,"OVER $1,500",DRIVING SKILLS/KNOWLEDGE/EXPERIENCE,2,NO INDICATION OF INJURY,0,0,41.9176038179,-87.6875578776,60647,"CHICAGO MIDWAY AIRPORT, IL US",54.0,51.0,90.0,0.03,4.0,17.0
crash_11225,2020-06-10 17:57:00,2020,6,Jun,Wed,17,Evening commute,25,TRAFFIC SIGNAL,CLOUDY/OVERCAST,DAYLIGHT,PARKED MOTOR VEHICLE,NOT DIVIDED,DRY,INJURY AND / OR TOW DUE TO CRASH,true,,"OVER $1,500",IMPROPER OVERTAKING/PASSING,2,NO INDICATION OF INJURY,0,0,41.9980602098,-87.6773768463,60626,"CHICAGO OHARE INTERNATIONAL AIRPORT, IL US",69.0,53.0,57.0,0.0,10.0,20.0
crash_11226,2018-01-31 18:20:00,2018,1,Jan,Wed,18,Evening commute,30,TRAFFIC SIGNAL,CLEAR,"DARKNESS, LIGHTED ROAD",REAR END,NOT DIVIDED,DRY,INJURY AND / OR TOW DUE TO CRASH,true,,"OVER $1,500",FOLLOWING TOO CLOSELY,2,NONINCAPACITATING INJURY,2,0,41.9400155804,-87.6396935737,60657,"CHICAGO MIDWAY AIRPORT, IL US",41.0,29.0,62.0,0.0,10.0,11.0
crash_11227,2023-11-06 08:00:00,2023,11,Nov,Mon,8,Morning commute,30,NO CONTROLS,CLEAR,DAYLIGHT,FIXED OBJECT,NOT DIVIDED,DRY,NO INJURY / DRIVE AWAY,,,"OVER $1,500",FAILING TO YIELD RIGHT-OF-WAY,1,NO INDICATION OF INJURY,0,0,41.7970436628,-87.7185092991,60632,"CHICAGO MIDWAY AIRPORT, IL US",56.0,44.0,65.0,0.0,10.0,17.0
crash_11228,2018-01-07 14:03:00,2018,1,Jan,Sun,14,Daytime,30,NO CONTROLS,RAIN,DAYLIGHT,TURNING,NOT DIVIDED,WET,NO INJURY / DRIVE AWAY,,,$500 OR LESS,IMPROPER TURNING/NO SIGNAL,2,NO INDICATION OF INJURY,0,0,41.7071821754,-87.6203614922,60628,"CHICAGO MIDWAY AIRPORT, IL US",27.0,22.0,81.0,0.0,9.0,14.0
crash_11229,2018-09-29 20:40:00,2018,9,Sep,Sat,20,Night or early morning,30,NO CONTROLS,RAIN,"DARKNESS, LIGHTED ROAD",REAR END,NOT DIVIDED,WET,NO INJURY / DRIVE AWAY,,,"OVER $1,500",WEATHER,2,NO INDICATION OF INJURY,0,0,41.9249176667,-87.6973536206,60647,"CHICAGO MIDWAY AIRPORT, IL US",56.0,42.0,60.0,0.0,10.0,9.0
crash_11230,2022-05-20 12:20:00,2022,5,May,Fri,12,Daytime,30,TRAFFIC SIGNAL,CLEAR,DAYLIGHT,ANGLE,FOUR WAY,DRY,INJURY AND / OR TOW DUE TO CRASH,true,,$500 OR LESS,DISREGARDING TRAFFIC SIGNALS,2,NO INDICATION OF INJURY,0,0,41.6927421487,-87.6100155361,60628,"CHICAGO MIDWAY AIRPORT, IL US",81.0,66.0,61.0,0.0,10.0,26.0
crash_11231,2023-11-27 13:30:00,2023,11,Nov,Mon,13,Daytime,30,TRAFFIC SIGNAL,CLOUDY/OVERCAST,DAYLIGHT,PARKED MOTOR VEHICLE,NOT DIVIDED,DRY,NO INJURY / DRIVE AWAY,,true,"$501 - $1,500",UNABLE TO DETERMINE,2,NO INDICATION OF INJURY,0,0,41.8014728805,-87.6500560463,60609,"CHICAGO MIDWAY AIRPORT, IL US",26.0,14.0,60.0,0.0,10.0,15.0
crash_11232,2023-02-08 15:30:00,2023,2,Feb,Wed,15,Evening commute,30,TRAFFIC SIGNAL,CLEAR,DAYLIGHT,REAR END,NOT DIVIDED,DRY,NO INJURY / DRIVE AWAY,,,"$501 - $1,500",FOLLOWING TOO CLOSELY,2,NO INDICATION OF INJURY,0,0,41.983697976,-87.6963157662,60659,"CHICAGO OHARE INTERNATIONAL AIRPORT, IL US",43.0,27.0,53.0,0.0,10.0,5.0
crash_11233,2023-07-10 17:20:00,2023,7,Jul,Mon,17,Evening commute,25,NO CONTROLS,CLEAR,DAYLIGHT,SIDESWIPE SAME DIRECTION,DIVIDED - W/MEDIAN (NOT RAISED),DRY,NO INJURY / DRIVE AWAY,,,"$501 - $1,500",NOT APPLICABLE,2,NO INDICATION OF INJURY,0,0,41.8802770634,-87.6959221941,60612,"CHICAGO MIDWAY AIRPORT, IL US",85.0,58.0,40.0,0.0,10.0,14.0
crash_11234,2018-04-11 02:05:00,2018,4,Apr,Wed,2,Night or early morning,30,LANE USE MARKING,CLEAR,"DARKNESS, LIGHTED ROAD",SIDESWIPE SAME DIRECTION,NOT DIVIDED,UNKNOWN,NO INJURY / DRIVE AWAY,,,"OVER $1,500",UNABLE TO DETERMINE,2,NO INDICATION OF INJURY,0,0,41.9300296158,-87.6490681793,60614,"CHICAGO MIDWAY AIRPORT, IL US",41.0,30.0,65.0,0.0,10.0,9.0
crash_11235,2019-05-07 17:42:00,2019,5,May,Tue,17,Evening commute,30,NO CONTROLS,CLEAR,DAYLIGHT,REAR END,NOT DIVIDED,DRY,NO INJURY / DRIVE AWAY,,true,"OVER $1,500",FOLLOWING TOO CLOSELY,2,NO INDICATION OF INJURY,0,0,41.9498056877,-87.74735089,60641,"CHICAGO OHARE INTERNATIONAL AIRPORT, IL US",46.0,34.0,63.0,0.0,10.0,17.0
crash_11236,2023-09-02 11:19:00,2023,9,Sep,Sat,11,Daytime,30,NO CONTROLS,CLEAR,DAYLIGHT,TURNING,T-INTERSECTION,DRY,INJURY AND / OR TOW DUE TO CRASH,true,,"OVER $1,500",FAILING TO YIELD RIGHT-OF-WAY,2,NO INDICATION OF INJURY,0,0,41.7939551172,-87.6853664617,60632,"CHICAGO MIDWAY AIRPORT, IL US",79.0,60.0,52.0,0.0,10.0,11.0
crash_11237,2023-03-31 15:30:00,2023,3,Mar,Fri,15,Evening commute,25,UNKNOWN,CLEAR,DAYLIGHT,TURNING,NOT DIVIDED,UNKNOWN,NO INJURY / DRIVE AWAY,,true,"OVER $1,500",UNABLE TO DETERMINE,2,NO INDICATION OF INJURY,0,0,41.9031447532,-87.6859965221,60622,"CHICAGO MIDWAY AIRPORT, IL US",68.0,57.0,69.0,,10.0,8.0
crash_11238,2023-11-06 16:45:00,2023,11,Nov,Mon,16,Evening commute,30,NO CONTROLS,CLEAR,DAYLIGHT,TURNING,DIVIDED - W/MEDIAN (NOT RAISED),DRY,INJURY AND / OR TOW DUE TO CRASH,,true,"OVER $1,500",FAILING TO YIELD RIGHT-OF-WAY,2,NONINCAPACITATING INJURY,1,0,41.9393387733,-87.7470254219,60641,"CHICAGO OHARE INTERNATIONAL AIRPORT, IL US",65.0,46.0,51.0,0.0,10.0,16.0
crash_11239,2025-05-24 23:10:00,2025,5,May,Sat,23,Night or early morning,20,STOP SIGN/FLASHER,CLEAR,"DARKNESS, LIGHTED ROAD",TURNING,NOT DIVIDED,DRY,INJURY AND / OR TOW DUE TO CRASH,,,"OVER $1,500",IMPROPER TURNING/NO SIGNAL,2,NONINCAPACITATING INJURY,2,0,,,,,,,,,,
crash_11240,2019-04-25 10:40:00,2019,4,Apr,Thu,10,Daytime,30,NO CONTROLS,CLEAR,DAYLIGHT,REAR END,NOT DIVIDED,DRY,NO INJURY / DRIVE AWAY,,,"OVER $1,500",FOLLOWING TOO CLOSELY,2,NO INDICATION OF INJURY,0,0,41.755986564,-87.6442653137,60620,"CHICAGO MIDWAY AIRPORT, IL US",63.0,40.0,43.0,0.0,10.0,0.0
crash_11241,2025-08-11 22:02:00,2025,8,Aug,Mon,22,Night or early morning,30,STOP SIGN/FLASHER,RAIN,"DARKNESS, LIGHTED ROAD",REAR END,NOT DIVIDED,WET,NO INJURY / DRIVE AWAY,,true,"OVER $1,500",FAILING TO YIELD RIGHT-OF-WAY,2,NO INDICATION OF INJURY,0,0,41.8949590936,-87.7456588987,60644,"CHICAGO MIDWAY AIRPORT, IL US",77.0,73.0,88.0,0.0,1.0,22.0
crash_11242,2025-10-20 14:00:00,2025,10,Oct,Mon,14,Daytime,30,TRAFFIC SIGNAL,CLEAR,DAYLIGHT,SIDESWIPE SAME DIRECTION,FOUR WAY,DRY,NO INJURY / DRIVE AWAY,true,,"OVER $1,500",FAILING TO YIELD RIGHT-OF-WAY,2,NO INDICATION OF INJURY,0,0,41.8916218887,-87.6395356725,60654,,,,,,,
crash_11243,2021-06-25 13:00:00,2021,6,Jun,Fri,13,Daytime,30,UNKNOWN,CLEAR,UNKNOWN,REAR END,NOT DIVIDED,DRY,NO INJURY / DRIVE AWAY,,,"$501 - $1,500","EVASIVE ACTION DUE TO ANIMAL, OBJECT, NONMOTORIST",2,NO INDICATION OF INJURY,0,0,41.9678390268,-87.7540502381,60630,"CHICAGO OHARE INTERNATIONAL AIRPORT, IL US",75.0,71.0,88.0,0.0,10.0,13.0
crash_11244,2021-06-17 09:47:00,2021,6,Jun,Thu,9,Morning commute,30,NO CONTROLS,CLEAR,DAYLIGHT,FIXED OBJECT,DIVIDED - W/MEDIAN (NOT RAISED),DRY,INJURY AND / OR TOW DUE TO CRASH,,false,"OVER $1,500",UNABLE TO DETERMINE,1,NO INDICATION OF INJURY,0,0,41.9053293582,-87.746177236,60651,"CHICAGO MIDWAY AIRPORT, IL US",77.0,40.0,26.0,0.0,10.0,9.0
crash_11245,2024-04-06 13:32:00,2024,4,Apr,Sat,13,Daytime,25,NO CONTROLS,RAIN,DAYLIGHT,PARKED MOTOR VEHICLE,ONE-WAY,WET,INJURY AND / OR TOW DUE TO CRASH,,,"OVER $1,500",IMPROPER BACKING,2,NO INDICATION OF INJURY,0,0,41.6750787989,-87.6308384573,60628,"CHICAGO MIDWAY AIRPORT, IL US",51.0,30.0,44.0,0.0,10.0,9.0
crash_11246,2022-09-17 16:31:00,2022,9,Sep,Sat,16,Evening commute,30,TRAFFIC SIGNAL,CLEAR,DAYLIGHT,REAR END,NOT DIVIDED,DRY,INJURY AND / OR TOW DUE TO CRASH,,,"$501 - $1,500",FAILING TO REDUCE SPEED TO AVOID CRASH,2,NONINCAPACITATING INJURY,1,0,41.8867951547,-87.764948729,60644,"CHICAGO MIDWAY AIRPORT, IL US",85.0,60.0,43.0,0.0,10.0,14.0
crash_11247,2024-06-15 23:15:00,2024,6,Jun,Sat,23,Night or early morning,10,NO CONTROLS,CLEAR,"DARKNESS, LIGHTED ROAD",PARKED MOTOR VEHICLE,PARKING LOT,DRY,NO INJURY / DRIVE AWAY,,,"OVER $1,500",DRIVING SKILLS/KNOWLEDGE/EXPERIENCE,2,NO INDICATION OF INJURY,0,0,41.8582700827,-87.615950142,60616,"CHICAGO MIDWAY AIRPORT, IL US",78.0,52.0,40.0,0.0,10.0,11.0
crash_11248,2021-07-09 16:59:00,2021,7,Jul,Fri,16,Evening commute,15,NO CONTROLS,CLEAR,DAYLIGHT,SIDESWIPE SAME DIRECTION,PARKING LOT,DRY,NO INJURY / DRIVE AWAY,,,$500 OR LESS,UNABLE TO DETERMINE,2,NO INDICATION OF INJURY,0,0,41.8397719466,-87.6464675111,60608,"CHICAGO MIDWAY AIRPORT, IL US",76.0,44.0,32.0,0.0,10.0,8.0
crash_11249,2024-08-04 20:35:00,2024,8,Aug,Sun,20,Night or early morning,30,NO CONTROLS,CLEAR,DARKNESS,PEDESTRIAN,NOT DIVIDED,DRY,INJURY AND / OR TOW DUE TO CRASH,,true,"$501 - $1,500",UNABLE TO DETERMINE,2,NONINCAPACITATING INJURY,1,0,41.968494746,-87.6899076761,60625,"CHICAGO OHARE INTERNATIONAL AIRPORT, IL US",83.0,67.0,59.0,0.0,10.0,6.0
crash_11250,2020-06-11 17:15:00,2020,6,Jun,Thu,17,Evening commute,25,NO CONTROLS,CLEAR,DAYLIGHT,PARKED MOTOR VEHICLE,ONE-WAY,DRY,NO INJURY / DRIVE AWAY,,,"$501 - $1,500",NOT APPLICABLE,2,NO INDICATION OF INJURY,0,0,41.8839536738,-87.7228102318,60624,"CHICAGO MIDWAY AIRPORT, IL US",82.0,44.0,26.0,0.0,10.0,23.0
crash_11251,2022-10-25 09:50:00,2022,10,Oct,Tue,9,Morning commute,30,TRAFFIC SIGNAL,RAIN,DAYLIGHT,SIDESWIPE SAME DIRECTION,NOT DIVIDED,WET,NO INJURY / DRIVE AWAY,,true,"OVER $1,500",UNABLE TO DETERMINE,2,NO INDICATION OF INJURY,0,0,41.8449143241,-87.7247274912,60623,"CHICAGO MIDWAY AIRPORT, IL US",60.0,55.0,84.0,0.01,5.0,7.0
crash_11252,2023-07-24 09:08:00,2023,7,Jul,Mon,9,Morning commute,25,TRAFFIC SIGNAL,CLEAR,DAYLIGHT,REAR END,NOT DIVIDED,DRY,NO INJURY / DRIVE AWAY,,true,"$501 - $1,500",FOLLOWING TOO CLOSELY,2,NO INDICATION OF INJURY,0,0,41.8812808562,-87.6716855939,60612,"CHICAGO MIDWAY AIRPORT, IL US",78.0,64.0,62.0,0.0,10.0,0.0
crash_11253,2021-09-24 10:52:00,2021,9,Sep,Fri,10,Daytime,30,NO CONTROLS,CLEAR,DAYLIGHT,PARKED MOTOR VEHICLE,ONE-WAY,DRY,INJURY AND / OR TOW DUE TO CRASH,,false,"OVER $1,500",NOT APPLICABLE,3,NO INDICATION OF INJURY,0,0,41.7317954119,-87.6163708383,60619,"CHICAGO MIDWAY AIRPORT, IL US",70.0,42.0,37.0,0.0,10.0,14.0
crash_11254,2023-02-17 15:24:00,2023,2,Feb,Fri,15,Evening commute,30,TRAFFIC SIGNAL,CLEAR,DAYLIGHT,ANGLE,FOUR WAY,DRY,NO INJURY / DRIVE AWAY,true,,"OVER $1,500",DISREGARDING STOP SIGN,2,NO INDICATION OF INJURY,0,0,41.8912081398,-87.6557343427,60642,"CHICAGO MIDWAY AIRPORT, IL US",26.0,13.0,57.0,0.0,10.0,9.0
crash_11255,2021-11-28 13:47:00,2021,11,Nov,Sun,13,Daytime,30,NO CONTROLS,CLEAR,DAYLIGHT,REAR END,NOT DIVIDED,DRY,NO INJURY / DRIVE AWAY,,,"$501 - $1,500",FOLLOWING TOO CLOSELY,2,NO INDICATION OF INJURY,0,0,41.9243581221,-87.7282120406,60639,"CHICAGO MIDWAY AIRPORT, IL US",40.0,12.0,32.0,0.0,10.0,17.0
crash_11256,2023-06-14 09:34:00,2023,6,Jun,Wed,9,Morning commute,30,NO CONTROLS,CLEAR,DAYLIGHT,TURNING,NOT DIVIDED,DRY,NO INJURY / DRIVE AWAY,,,"OVER $1,500",IMPROPER BACKING,2,NO INDICATION OF INJURY,0,0,41.7483360987,-87.6089386319,60619,"CHICAGO MIDWAY AIRPORT, IL US",64.0,55.0,73.0,0.0,10.0,5.0
crash_11257,2018-05-31 11:45:00,2018,5,May,Thu,11,Daytime,30,NO CONTROLS,CLEAR,DAYLIGHT,REAR END,NOT DIVIDED,DRY,NO INJURY / DRIVE AWAY,true,,"OVER $1,500",UNABLE TO DETERMINE,2,NO INDICATION OF INJURY,0,0,41.9537340984,-87.7138075769,60618,"CHICAGO OHARE INTERNATIONAL AIRPORT, IL US",85.0,66.0,53.0,0.0,10.0,14.0
crash_11258,2024-01-31 12:31:00,2024,1,Jan,Wed,12,Daytime,30,NO CONTROLS,CLEAR,DAYLIGHT,TURNING,NOT DIVIDED,DRY,INJURY AND / OR TOW DUE TO CRASH,,,"OVER $1,500",UNABLE TO DETERMINE,2,NO INDICATION OF INJURY,0,0,41.759026559,-87.6832414959,60629,"CHICAGO MIDWAY AIRPORT, IL US",39.0,32.0,76.0,0.0,10.0,17.0
crash_11259,2019-12-16 07:48:00,2019,12,Dec,Mon,7,Morning commute,30,STOP SIGN/FLASHER,SNOW,DAYLIGHT,ANGLE,FOUR WAY,WET,NO INJURY / DRIVE AWAY,true,,"OVER $1,500",FAILING TO YIELD RIGHT-OF-WAY,2,NO INDICATION OF INJURY,0,0,41.8806331654,-87.7430306879,60644,"CHICAGO MIDWAY AIRPORT, IL US",27.0,22.0,81.0,0.0,7.0,7.0
crash_11260,2020-02-08 12:35:00,2020,2,Feb,Sat,12,Daytime,25,STOP SIGN/FLASHER,CLEAR,DAYLIGHT,ANGLE,NOT DIVIDED,DRY,INJURY AND / OR TOW DUE TO CRASH,true,,"OVER $1,500",FAILING TO YIELD RIGHT-OF-WAY,3,NONINCAPACITATING INJURY,1,0,41.8987157002,-87.7533047277,60651,"CHICAGO MIDWAY AIRPORT, IL US",35.0,19.0,52.0,0.0,10.0,9.0
crash_11261,2022-01-23 01:40:00,2022,1,Jan,Sun,1,Night or early morning,30,NO CONTROLS,SNOW,"DARKNESS, LIGHTED ROAD",SIDESWIPE OPPOSITE DIRECTION,NOT DIVIDED,SNOW OR SLUSH,NO INJURY / DRIVE AWAY,,true,"OVER $1,500",WEATHER,2,NO INDICATION OF INJURY,0,0,41.9633906558,-87.6563507952,60640,"CHICAGO MIDWAY AIRPORT, IL US",23.0,18.0,81.0,0.04,0.75,6.0
crash_11262,2025-07-02 13:14:00,2025,7,Jul,Wed,13,Daytime,30,NO CONTROLS,CLEAR,DAYLIGHT,TURNING,NOT DIVIDED,DRY,NO INJURY / DRIVE AWAY,,false,"OVER $1,500",UNABLE TO DETERMINE,2,NO INDICATION OF INJURY,0,0,41.7742442103,-87.7031748223,60629,"CHICAGO MIDWAY AIRPORT, IL US",86.0,58.0,39.0,0.0,10.0,11.0
crash_11263,2018-07-15 14:00:00,2018,7,Jul,Sun,14,Daytime,30,UNKNOWN,CLEAR,DAYLIGHT,ANGLE,NOT DIVIDED,DRY,INJURY AND / OR TOW DUE TO CRASH,,,"$501 - $1,500",UNABLE TO DETERMINE,2,NONINCAPACITATING INJURY,1,0,41.9268288174,-87.7560986967,60639,"CHICAGO OHARE INTERNATIONAL AIRPORT, IL US",88.0,68.0,52.0,0.0,10.0,5.0
crash_11264,2022-09-07 08:00:00,2022,9,Sep,Wed,8,Morning commute,30,TRAFFIC SIGNAL,CLEAR,DAYLIGHT,ANGLE,FOUR WAY,DRY,NO INJURY / DRIVE AWAY,true,,$500 OR LESS,FAILING TO YIELD RIGHT-OF-WAY,2,NO INDICATION OF INJURY,0,0,41.8461111965,-87.7149030967,60623,"CHICAGO MIDWAY AIRPORT, IL US",71.0,63.0,76.0,,10.0,8.0
crash_11265,2024-11-28 21:00:00,2024,11,Nov,Thu,21,Night or early morning,25,STOP SIGN/FLASHER,CLEAR,"DARKNESS, LIGHTED ROAD",REAR TO FRONT,FOUR WAY,DRY,NO INJURY / DRIVE AWAY,,true,"OVER $1,500",IMPROPER BACKING,2,NO INDICATION OF INJURY,0,0,41.8479511718,-87.7138196343,60623,"CHICAGO MIDWAY AIRPORT, IL US",30.0,18.0,61.0,0.0,10.0,14.0
crash_11266,2022-05-05 11:15:00,2022,5,May,Thu,11,Daytime,30,NO CONTROLS,CLEAR,DAYLIGHT,REAR TO FRONT,NOT DIVIDED,DRY,NO INJURY / DRIVE AWAY,,,"OVER $1,500",IMPROPER BACKING,2,NO INDICATION OF INJURY,0,0,41.9529586511,-87.7867085022,60634,"CHICAGO OHARE INTERNATIONAL AIRPORT, IL US",53.0,43.0,69.0,0.0,10.0,7.0
crash_11267,2023-11-03 20:00:00,2023,11,Nov,Fri,20,Night or early morning,30,TRAFFIC SIGNAL,CLEAR,DUSK,REAR END,NOT DIVIDED,DRY,NO INJURY / DRIVE AWAY,,,"OVER $1,500",FOLLOWING TOO CLOSELY,2,NO INDICATION OF INJURY,0,0,41.8895265946,-87.6477451378,60642,"CHICAGO MIDWAY AIRPORT, IL US",57.0,34.0,42.0,0.0,10.0,8.0
crash_11268,2024-04-29 07:55:00,2024,4,Apr,Mon,7,Morning commute,30,STOP SIGN/FLASHER,RAIN,DAYLIGHT,ANGLE,FOUR WAY,WET,INJURY AND / OR TOW DUE TO CRASH,true,,"OVER $1,500",FAILING TO YIELD RIGHT-OF-WAY,2,INCAPACITATING INJURY,1,0,41.90241048,-87.7509358889,60651,"CHICAGO MIDWAY AIRPORT, IL US",61.0,59.0,93.0,0.05,10.0,6.0
crash_11269,2019-07-10 05:40:00,2019,7,Jul,Wed,5,Night or early morning,30,NO CONTROLS,CLEAR,DAYLIGHT,FIXED OBJECT,NOT DIVIDED,DRY,NO INJURY / DRIVE AWAY,,,"OVER $1,500",UNABLE TO DETERMINE,1,NO INDICATION OF INJURY,0,0,41.7351880456,-87.7094619084,60652,"CHICAGO MIDWAY AIRPORT, IL US",76.0,71.0,85.0,0.0,10.0,7.0
crash_11270,2024-10-30 14:13:00,2024,10,Oct,Wed,14,Daytime,30,TRAFFIC SIGNAL,UNKNOWN,DAYLIGHT,TURNING,RAMP,UNKNOWN,NO INJURY / DRIVE AWAY,,true,"OVER $1,500","OPERATING VEHICLE IN ERRATIC, RECKLESS, CARELESS, NEGLIGENT OR AGGRESSIVE MANNER",2,NO INDICATION OF INJURY,0,0,41.9541955619,-87.732638013,60641,"CHICAGO OHARE INTERNATIONAL AIRPORT, IL US",79.0,57.0,47.0,0.0,10.0,18.0
crash_11271,2022-01-13 20:40:00,2022,1,Jan,Thu,20,Night or early morning,25,UNKNOWN,UNKNOWN,UNKNOWN,HEAD ON,UNKNOWN INTERSECTION TYPE,UNKNOWN,NO INJURY / DRIVE AWAY,,true,"OVER $1,500",NOT APPLICABLE,2,NO INDICATION OF INJURY,0,0,41.7355490849,-87.5445704946,60617,"CHICAGO MIDWAY AIRPORT, IL US",38.0,30.0,73.0,,10.0,0.0
crash_11272,2023-01-01 22:00:00,2023,1,Jan,Sun,22,Night or early morning,30,NO CONTROLS,CLEAR,UNKNOWN,PARKED MOTOR VEHICLE,DIVIDED - W/MEDIAN (NOT RAISED),DRY,INJURY AND / OR TOW DUE TO CRASH,,true,"OVER $1,500",IMPROPER LANE USAGE,2,NO INDICATION OF INJURY,0,0,41.9475699106,-87.7688311805,60634,"CHICAGO OHARE INTERNATIONAL AIRPORT, IL US",39.0,36.0,89.0,0.0,3.0,0.0
crash_11273,2024-01-27 18:30:00,2024,1,Jan,Sat,18,Evening commute,30,STOP SIGN/FLASHER,CLEAR,"DARKNESS, LIGHTED ROAD",REAR END,DIVIDED - W/MEDIAN (NOT RAISED),DRY,NO INJURY / DRIVE AWAY,,,"OVER $1,500",FOLLOWING TOO CLOSELY,2,NO INDICATION OF INJURY,0,0,41.7938690123,-87.6452949015,60621,"CHICAGO MIDWAY AIRPORT, IL US",39.0,37.0,93.0,0.0,3.0,9.0
crash_11274,2025-07-25 18:00:00,2025,7,Jul,Fri,18,Evening commute,30,UNKNOWN,UNKNOWN,UNKNOWN,PARKED MOTOR VEHICLE,ONE-WAY,UNKNOWN,NO INJURY / DRIVE AWAY,,true,"$501 - $1,500",UNABLE TO DETERMINE,2,NO INDICATION OF INJURY,0,0,41.938583039,-87.64413471,60657,"CHICAGO MIDWAY AIRPORT, IL US",80.0,71.0,74.0,0.0,10.0,8.0
crash_11275,2021-11-26 23:35:00,2021,11,Nov,Fri,23,Night or early morning,30,STOP SIGN/FLASHER,CLEAR,"DARKNESS, LIGHTED ROAD",TURNING,T-INTERSECTION,DRY,INJURY AND / OR TOW DUE TO CRASH,true,,"OVER $1,500",FAILING TO YIELD RIGHT-OF-WAY,2,NO INDICATION OF INJURY,0,0,41.9394772915,-87.7017837843,60618,"CHICAGO MIDWAY AIRPORT, IL US",30.0,16.0,56.0,0.0,10.0,7.0
crash_11276,2019-08-22 00:15:00,2019,8,Aug,Thu,0,Night or early morning,30,TRAFFIC SIGNAL,CLEAR,"DARKNESS, LIGHTED ROAD",SIDESWIPE SAME DIRECTION,DIVIDED - W/MEDIAN BARRIER,DRY,NO INJURY / DRIVE AWAY,,true,"$501 - $1,500",UNABLE TO DETERMINE,2,NO INDICATION OF INJURY,0,0,41.7661275244,-87.5662028306,60649,"CHICAGO MIDWAY AIRPORT, IL US",74.0,67.0,79.0,0.0,10.0,7.0
crash_11277,2019-09-28 19:30:00,2019,9,Sep,Sat,19,Night or early morning,30,TRAFFIC SIGNAL,CLEAR,"DARKNESS, LIGHTED ROAD",REAR END,NOT DIVIDED,DRY,NO INJURY / DRIVE AWAY,,,"OVER $1,500",FOLLOWING TOO CLOSELY,2,NO INDICATION OF INJURY,0,0,41.7640545555,-87.7175522561,60629,"CHICAGO MIDWAY AIRPORT, IL US",60.0,54.0,80.0,0.0,10.0,13.0
crash_11278,2019-04-22 13:00:00,2019,4,Apr,Mon,13,Daytime,35,NO CONTROLS,CLEAR,DAYLIGHT,ANGLE,PARKING LOT,DRY,NO INJURY / DRIVE AWAY,,,"$501 - $1,500",UNABLE TO DETERMINE,2,NO INDICATION OF INJURY,0,0,41.8485391874,-87.6754169836,60608,"CHICAGO MIDWAY AIRPORT, IL US",77.0,49.0,37.0,0.0,10.0,17.0
crash_11279,2021-02-15 16:39:00,2021,2,Feb,Mon,16,Evening commute,30,NO CONTROLS,SNOW,DAWN,REAR END,DIVIDED - W/MEDIAN (NOT RAISED),SNOW OR SLUSH,NO INJURY / DRIVE AWAY,true,,"OVER $1,500",UNABLE TO DETERMINE,2,NO INDICATION OF INJURY,0,0,41.9114968877,-87.7460555694,60639,"CHICAGO MIDWAY AIRPORT, IL US",17.0,11.0,77.0,0.01,0.25,18.0
crash_11280,2025-06-29 09:11:00,2025,6,Jun,Sun,9,Morning commute,15,NO CONTROLS,CLEAR,DAYLIGHT,ANGLE,ALLEY,DRY,NO INJURY / DRIVE AWAY,,,"OVER $1,500",NOT APPLICABLE,2,NO INDICATION OF INJURY,0,0,41.8565070224,-87.7140675969,60623,"CHICAGO MIDWAY AIRPORT, IL US",85.0,72.0,65.0,0.0,10.0,5.0
crash_11281,2020-08-13 04:35:00,2020,8,Aug,Thu,4,Night or early morning,30,TRAFFIC SIGNAL,CLEAR,"DARKNESS, LIGHTED ROAD",ANGLE,T-INTERSECTION,DRY,INJURY AND / OR TOW DUE TO CRASH,true,false,"OVER $1,500",FAILING TO YIELD RIGHT-OF-WAY,2,NO INDICATION OF INJURY,0,0,41.797579996,-87.6648248185,60609,"CHICAGO MIDWAY AIRPORT, IL US",72.0,68.0,87.0,0.0,10.0,5.0
crash_11282,2018-07-10 07:50:00,2018,7,Jul,Tue,7,Morning commute,40,NO CONTROLS,CLEAR,DAYLIGHT,REAR END,DIVIDED - W/MEDIAN BARRIER,DRY,INJURY AND / OR TOW DUE TO CRASH,,,"OVER $1,500","DISTRACTION - OTHER ELECTRONIC DEVICE (NAVIGATION DEVICE, DVD PLAYER, ETC.)",3,NONINCAPACITATING INJURY,2,0,41.9390070375,-87.6381926553,60657,"CHICAGO MIDWAY AIRPORT, IL US",82.0,71.0,69.0,0.0,10.0,6.0
crash_11283,2024-04-30 07:00:00,2024,4,Apr,Tue,7,Morning commute,15,NO CONTROLS,UNKNOWN,UNKNOWN,PARKED MOTOR VEHICLE,ONE-WAY,DRY,NO INJURY / DRIVE AWAY,,true,$500 OR LESS,UNABLE TO DETERMINE,2,NO INDICATION OF INJURY,0,0,41.9378463464,-87.6385606629,60657,"CHICAGO MIDWAY AIRPORT, IL US",52.0,45.0,77.0,0.0,10.0,3.0