crash_id,crash_datetime,crash_year,crash_month,crash_month_name,crash_weekday_name,crash_hour,time_period,posted_speed_limit_mph,traffic_control_device,reported_weather_condition,reported_lighting_condition,first_crash_type,trafficway_type,reported_road_surface_condition,crash_type,intersection_related,hit_and_run,estimated_damage,primary_contributory_cause,unit_count,most_severe_injury,injuries_total,injuries_fatal,latitude,longitude,zip5,weather_station_name,temperature_f,dew_point_f,relative_humidity_percent,precipitation_inches,visibility_miles,wind_speed_mph
crash_11284,2023-10-14 06:49:00,2023,10,Oct,Sat,6,Morning commute,35,NO CONTROLS,RAIN,UNKNOWN,SIDESWIPE SAME DIRECTION,DIVIDED - W/MEDIAN BARRIER,WET,NO INJURY / DRIVE AWAY,,,$500 OR LESS,UNABLE TO DETERMINE,2,NO INDICATION OF INJURY,0,0,41.7363802018,-87.6276992347,60620,"CHICAGO MIDWAY AIRPORT, IL US",54.0,52.0,94.0,,3.0,18.0
crash_11285,2022-12-14 21:30:00,2022,12,Dec,Wed,21,Night or early morning,30,UNKNOWN,UNKNOWN,UNKNOWN,SIDESWIPE SAME DIRECTION,OTHER,UNKNOWN,NO INJURY / DRIVE AWAY,,true,"OVER $1,500",UNABLE TO DETERMINE,2,NO INDICATION OF INJURY,0,0,41.8860136402,-87.6311301818,60601,"CHICAGO MIDWAY AIRPORT, IL US",39.0,37.0,93.0,0.07,4.0,14.0
crash_11286,2022-06-17 21:36:00,2022,6,Jun,Fri,21,Night or early morning,30,NO CONTROLS,CLEAR,"DARKNESS, LIGHTED ROAD",ANGLE,NOT DIVIDED,DRY,NO INJURY / DRIVE AWAY,,true,"OVER $1,500",FAILING TO YIELD RIGHT-OF-WAY,2,NO INDICATION OF INJURY,0,0,41.8792045547,-87.6689949114,60612,"CHICAGO MIDWAY AIRPORT, IL US",74.0,50.0,43.0,0.0,10.0,14.0
crash_11287,2019-03-19 18:17:00,2019,3,Mar,Tue,18,Evening commute,30,TRAFFIC SIGNAL,CLEAR,DAYLIGHT,REAR END,NOT DIVIDED,DRY,INJURY AND / OR TOW DUE TO CRASH,true,,"$501 - $1,500",UNABLE TO DETERMINE,2,NONINCAPACITATING INJURY,1,0,41.8819943382,-87.6397586849,60661,"CHICAGO MIDWAY AIRPORT, IL US",49.0,23.0,36.0,0.0,10.0,14.0
crash_11288,2020-02-21 15:05:00,2020,2,Feb,Fri,15,Evening commute,30,TRAFFIC SIGNAL,CLEAR,DAYLIGHT,SIDESWIPE SAME DIRECTION,NOT DIVIDED,UNKNOWN,NO INJURY / DRIVE AWAY,true,,$500 OR LESS,UNABLE TO DETERMINE,2,NO INDICATION OF INJURY,0,0,41.9980762685,-87.6764114393,60626,"CHICAGO OHARE INTERNATIONAL AIRPORT, IL US",37.0,9.0,31.0,0.0,10.0,20.0
crash_11289,2021-06-11 16:45:00,2021,6,Jun,Fri,16,Evening commute,30,NO CONTROLS,CLEAR,DAYLIGHT,REAR END,NOT DIVIDED,DRY,NO INJURY / DRIVE AWAY,,,"OVER $1,500",FOLLOWING TOO CLOSELY,2,NO INDICATION OF INJURY,0,0,41.7669383168,-87.5666345692,60649,"CHICAGO MIDWAY AIRPORT, IL US",90.0,60.0,37.0,0.0,10.0,3.0
crash_11290,2024-12-19 00:00:00,2024,12,Dec,Thu,0,Night or early morning,30,UNKNOWN,UNKNOWN,UNKNOWN,PARKED MOTOR VEHICLE,NOT DIVIDED,UNKNOWN,NO INJURY / DRIVE AWAY,,true,"$501 - $1,500",UNABLE TO DETERMINE,2,NO INDICATION OF INJURY,0,0,41.7227960976,-87.60586516,60619,"CHICAGO MIDWAY AIRPORT, IL US",27.0,15.0,61.0,,10.0,6.0
crash_11291,2018-10-24 02:15:00,2018,10,Oct,Wed,2,Night or early morning,30,NO CONTROLS,CLEAR,"DARKNESS, LIGHTED ROAD",PARKED MOTOR VEHICLE,NOT DIVIDED,DRY,NO INJURY / DRIVE AWAY,,true,"OVER $1,500",UNABLE TO DETERMINE,2,NO INDICATION OF INJURY,0,0,41.8901882299,-87.6482756055,60642,"CHICAGO MIDWAY AIRPORT, IL US",40.0,35.0,83.0,0.0,10.0,3.0
crash_11292,2021-09-03 17:03:00,2021,9,Sep,Fri,17,Evening commute,25,NO CONTROLS,CLEAR,DAYLIGHT,REAR END,NOT DIVIDED,DRY,NO INJURY / DRIVE AWAY,,,"$501 - $1,500",IMPROPER BACKING,2,NO INDICATION OF INJURY,0,0,41.8846463654,-87.6172484962,60601,"CHICAGO MIDWAY AIRPORT, IL US",74.0,56.0,54.0,0.0,10.0,9.0
crash_11293,2018-09-27 15:14:00,2018,9,Sep,Thu,15,Evening commute,30,STOP SIGN/FLASHER,CLEAR,DAYLIGHT,TURNING,NOT DIVIDED,DRY,NO INJURY / DRIVE AWAY,true,,"OVER $1,500",FAILING TO YIELD RIGHT-OF-WAY,2,NO INDICATION OF INJURY,0,0,41.7402993849,-87.7217639242,60652,"CHICAGO MIDWAY AIRPORT, IL US",68.0,42.0,39.0,0.0,10.0,9.0
crash_11294,2024-08-18 15:16:00,2024,8,Aug,Sun,15,Evening commute,30,STOP SIGN/FLASHER,CLEAR,DAYLIGHT,REAR END,DIVIDED - W/MEDIAN BARRIER,DRY,NO INJURY / DRIVE AWAY,,true,"OVER $1,500",FOLLOWING TOO CLOSELY,2,NO INDICATION OF INJURY,0,0,41.8232950194,-87.6850334387,60632,"CHICAGO MIDWAY AIRPORT, IL US",77.0,65.0,66.0,0.01,10.0,15.0
crash_11295,2021-11-14 14:05:00,2021,11,Nov,Sun,14,Daytime,30,NO CONTROLS,CLOUDY/OVERCAST,DAYLIGHT,PEDALCYCLIST,NOT DIVIDED,DRY,INJURY AND / OR TOW DUE TO CRASH,,,"$501 - $1,500",UNABLE TO DETERMINE,2,NONINCAPACITATING INJURY,1,0,41.9038037804,-87.6445637472,60610,"CHICAGO MIDWAY AIRPORT, IL US",37.0,30.0,76.0,0.01,10.0,21.0
crash_11296,2021-12-18 03:30:00,2021,12,Dec,Sat,3,Night or early morning,30,NO CONTROLS,RAIN,"DARKNESS, LIGHTED ROAD",PARKED MOTOR VEHICLE,NOT DIVIDED,WET,INJURY AND / OR TOW DUE TO CRASH,,true,"OVER $1,500",UNABLE TO DETERMINE,2,NO INDICATION OF INJURY,0,0,41.8659405618,-87.7336683082,60623,"CHICAGO MIDWAY AIRPORT, IL US",39.0,35.0,86.0,0.01,5.0,8.0
crash_11297,2025-05-21 15:55:00,2025,5,May,Wed,15,Evening commute,30,NO CONTROLS,CLEAR,DAYLIGHT,SIDESWIPE SAME DIRECTION,NOT DIVIDED,DRY,NO INJURY / DRIVE AWAY,,,"OVER $1,500",FAILING TO YIELD RIGHT-OF-WAY,2,NO INDICATION OF INJURY,0,0,41.6850262563,-87.642297367,60643,"CHICAGO MIDWAY AIRPORT, IL US",54.0,47.0,77.0,0.0,9.0,13.0
crash_11298,2022-11-19 20:30:00,2022,11,Nov,Sat,20,Night or early morning,30,STOP SIGN/FLASHER,CLEAR,"DARKNESS, LIGHTED ROAD",PARKED MOTOR VEHICLE,NOT DIVIDED,DRY,INJURY AND / OR TOW DUE TO CRASH,,true,"OVER $1,500",IMPROPER LANE USAGE,2,NO INDICATION OF INJURY,0,0,41.8985433407,-87.7699056692,60651,"CHICAGO MIDWAY AIRPORT, IL US",20.0,6.0,55.0,0.0,10.0,13.0
crash_11299,2020-09-03 17:00:00,2020,9,Sep,Thu,17,Evening commute,30,TRAFFIC SIGNAL,CLEAR,DAYLIGHT,REAR END,NOT DIVIDED,DRY,NO INJURY / DRIVE AWAY,,,"OVER $1,500",FOLLOWING TOO CLOSELY,2,NO INDICATION OF INJURY,0,0,41.7588824703,-87.5852854873,60649,"CHICAGO MIDWAY AIRPORT, IL US",83.0,32.0,16.0,0.0,10.0,25.0
crash_11300,2022-05-13 09:45:00,2022,5,May,Fri,9,Morning commute,25,STOP SIGN/FLASHER,CLEAR,DAYLIGHT,REAR TO FRONT,ONE-WAY,DRY,NO INJURY / DRIVE AWAY,,,"$501 - $1,500",UNABLE TO DETERMINE,2,NO INDICATION OF INJURY,0,0,41.943526886,-87.6639812095,60657,"CHICAGO MIDWAY AIRPORT, IL US",83.0,53.0,36.0,0.0,10.0,9.0
crash_11301,2020-03-16 16:25:00,2020,3,Mar,Mon,16,Evening commute,30,TRAFFIC SIGNAL,CLOUDY/OVERCAST,DAYLIGHT,SIDESWIPE SAME DIRECTION,FOUR WAY,UNKNOWN,NO INJURY / DRIVE AWAY,,,"$501 - $1,500",UNABLE TO DETERMINE,2,NO INDICATION OF INJURY,0,0,41.9677733252,-87.7595896061,60630,"CHICAGO OHARE INTERNATIONAL AIRPORT, IL US",40.0,36.0,86.0,,6.0,5.0
crash_11302,2021-05-28 14:50:00,2021,5,May,Fri,14,Daytime,30,NO CONTROLS,CLOUDY/OVERCAST,DAYLIGHT,PARKED MOTOR VEHICLE,ONE-WAY,DRY,NO INJURY / DRIVE AWAY,,true,"OVER $1,500",UNABLE TO DETERMINE,2,NO INDICATION OF INJURY,0,0,41.6803322053,-87.6625846787,60643,"CHICAGO MIDWAY AIRPORT, IL US",48.0,41.0,77.0,0.0,5.0,24.0
crash_11303,2023-06-13 11:15:00,2023,6,Jun,Tue,11,Daytime,30,TRAFFIC SIGNAL,RAIN,DAYLIGHT,REAR END,NOT DIVIDED,WET,INJURY AND / OR TOW DUE TO CRASH,,,"OVER $1,500",UNABLE TO DETERMINE,2,"REPORTED, NOT EVIDENT",1,0,41.7057855782,-87.7207658902,60655,"CHICAGO MIDWAY AIRPORT, IL US",65.0,51.0,61.0,,10.0,13.0
crash_11304,2018-08-22 09:50:00,2018,8,Aug,Wed,9,Morning commute,30,TRAFFIC SIGNAL,CLEAR,DAYLIGHT,ANGLE,NOT DIVIDED,DRY,NO INJURY / DRIVE AWAY,true,,"OVER $1,500",FAILING TO YIELD RIGHT-OF-WAY,2,NO INDICATION OF INJURY,0,0,41.9761455973,-87.6745564668,60640,"CHICAGO OHARE INTERNATIONAL AIRPORT, IL US",70.0,55.0,59.0,0.0,10.0,9.0
crash_11305,2021-11-20 02:18:00,2021,11,Nov,Sat,2,Night or early morning,35,TRAFFIC SIGNAL,CLEAR,"DARKNESS, LIGHTED ROAD",REAR END,DIVIDED - W/MEDIAN (NOT RAISED),DRY,NO INJURY / DRIVE AWAY,,,"$501 - $1,500",CELL PHONE USE OTHER THAN TEXTING,2,NO INDICATION OF INJURY,0,0,41.9976616721,-87.8077035571,60631,"CHICAGO OHARE INTERNATIONAL AIRPORT, IL US",36.0,24.0,62.0,0.0,10.0,11.0
crash_11306,2022-11-26 22:20:00,2022,11,Nov,Sat,22,Night or early morning,15,NO CONTROLS,CLEAR,"DARKNESS, LIGHTED ROAD",FIXED OBJECT,ALLEY,DRY,NO INJURY / DRIVE AWAY,,,"$501 - $1,500",DRIVING SKILLS/KNOWLEDGE/EXPERIENCE,1,NO INDICATION OF INJURY,0,0,41.8941832248,-87.6282858071,60654,"CHICAGO MIDWAY AIRPORT, IL US",46.0,35.0,66.0,0.0,10.0,5.0
crash_11307,2021-03-07 17:00:00,2021,3,Mar,Sun,17,Evening commute,55,NO CONTROLS,CLEAR,DAYLIGHT,REAR TO FRONT,NOT DIVIDED,DRY,NO INJURY / DRIVE AWAY,,,"OVER $1,500",UNABLE TO DETERMINE,2,NO INDICATION OF INJURY,0,0,41.7148853398,-87.5596217231,60617,"CHICAGO MIDWAY AIRPORT, IL US",51.0,26.0,38.0,0.0,10.0,13.0
crash_11308,2024-02-28 07:28:00,2024,2,Feb,Wed,7,Morning commute,35,TRAFFIC SIGNAL,SNOW,DAYLIGHT,PEDESTRIAN,NOT DIVIDED,WET,INJURY AND / OR TOW DUE TO CRASH,false,,$500 OR LESS,UNABLE TO DETERMINE,2,INCAPACITATING INJURY,1,0,41.9099955816,-87.7263946932,60639,"CHICAGO MIDWAY AIRPORT, IL US",26.0,14.0,60.0,0.0,10.0,24.0
crash_11309,2024-04-14 16:00:00,2024,4,Apr,Sun,16,Evening commute,25,TRAFFIC SIGNAL,CLEAR,DAYLIGHT,TURNING,DIVIDED - W/MEDIAN (NOT RAISED),DRY,NO INJURY / DRIVE AWAY,true,,"OVER $1,500",FAILING TO YIELD RIGHT-OF-WAY,2,NO INDICATION OF INJURY,0,0,41.9982982277,-87.6606116606,60626,"CHICAGO OHARE INTERNATIONAL AIRPORT, IL US",77.0,43.0,30.0,0.0,10.0,11.0
crash_11310,2025-11-21 21:30:00,2025,11,Nov,Fri,21,Night or early morning,30,NO CONTROLS,CLEAR,DARKNESS,TURNING,FOUR WAY,DRY,NO INJURY / DRIVE AWAY,true,,"OVER $1,500",NOT APPLICABLE,2,NO INDICATION OF INJURY,0,0,41.8812049976,-87.6865794674,60612,,,,,,,
crash_11311,2021-05-11 20:00:00,2021,5,May,Tue,20,Night or early morning,30,NO CONTROLS,CLEAR,DUSK,FIXED OBJECT,NOT DIVIDED,DRY,INJURY AND / OR TOW DUE TO CRASH,,,"$501 - $1,500",UNABLE TO DETERMINE,1,NO INDICATION OF INJURY,0,0,41.8673543786,-87.6236949994,60605,"CHICAGO MIDWAY AIRPORT, IL US",48.0,25.0,41.0,0.0,10.0,7.0
crash_11312,2024-06-29 15:00:00,2024,6,Jun,Sat,15,Evening commute,0,NO CONTROLS,CLEAR,DAYLIGHT,PARKED MOTOR VEHICLE,PARKING LOT,DRY,NO INJURY / DRIVE AWAY,,,"OVER $1,500",IMPROPER BACKING,2,NO INDICATION OF INJURY,0,0,41.7026385493,-87.6816457826,60655,"CHICAGO MIDWAY AIRPORT, IL US",89.0,71.0,55.0,0.0,10.0,15.0
crash_11313,2021-07-07 19:30:00,2021,7,Jul,Wed,19,Night or early morning,30,TRAFFIC SIGNAL,CLOUDY/OVERCAST,DAYLIGHT,SIDESWIPE SAME DIRECTION,UNKNOWN INTERSECTION TYPE,DRY,NO INJURY / DRIVE AWAY,true,,"$501 - $1,500",FAILING TO YIELD RIGHT-OF-WAY,2,NO INDICATION OF INJURY,0,0,41.80197903,-87.6171421122,60615,"CHICAGO MIDWAY AIRPORT, IL US",76.0,64.0,67.0,,10.0,8.0
crash_11314,2025-05-04 00:50:00,2025,5,May,Sun,0,Night or early morning,30,TRAFFIC SIGNAL,CLEAR,"DARKNESS, LIGHTED ROAD",SIDESWIPE SAME DIRECTION,FOUR WAY,DRY,INJURY AND / OR TOW DUE TO CRASH,true,true,"OVER $1,500",IMPROPER OVERTAKING/PASSING,2,NO INDICATION OF INJURY,0,0,41.7654284875,-87.6370651744,60621,"CHICAGO MIDWAY AIRPORT, IL US",47.0,38.0,71.0,0.0,10.0,9.0
crash_11315,2024-04-19 14:33:00,2024,4,Apr,Fri,14,Daytime,30,STOP SIGN/FLASHER,CLEAR,DAYLIGHT,TURNING,DIVIDED - W/MEDIAN (NOT RAISED),DRY,INJURY AND / OR TOW DUE TO CRASH,,,"OVER $1,500",FAILING TO YIELD RIGHT-OF-WAY,2,NONINCAPACITATING INJURY,1,0,41.8660353025,-87.6662229743,60608,"CHICAGO MIDWAY AIRPORT, IL US",58.0,25.0,28.0,0.0,10.0,21.0
crash_11316,2025-03-20 09:20:00,2025,3,Mar,Thu,9,Morning commute,30,NO CONTROLS,CLEAR,DAYLIGHT,PARKED MOTOR VEHICLE,ONE-WAY,WET,NO INJURY / DRIVE AWAY,,,"OVER $1,500",UNABLE TO DETERMINE,2,NO INDICATION OF INJURY,0,0,41.8834258039,-87.6292797818,60602,"CHICAGO MIDWAY AIRPORT, IL US",32.0,26.0,79.0,0.0,10.0,22.0
crash_11317,2021-10-15 00:35:00,2021,10,Oct,Fri,0,Night or early morning,30,TRAFFIC SIGNAL,CLEAR,"DARKNESS, LIGHTED ROAD",FIXED OBJECT,T-INTERSECTION,DRY,INJURY AND / OR TOW DUE TO CRASH,true,true,"$501 - $1,500",UNABLE TO DETERMINE,1,NO INDICATION OF INJURY,0,0,41.8780235255,-87.632277868,60604,"CHICAGO MIDWAY AIRPORT, IL US",60.0,51.0,72.0,0.0,10.0,0.0
crash_11318,2018-03-03 15:00:00,2018,3,Mar,Sat,15,Evening commute,30,NO CONTROLS,CLEAR,DAYLIGHT,PARKED MOTOR VEHICLE,DIVIDED - W/MEDIAN (NOT RAISED),DRY,NO INJURY / DRIVE AWAY,,,$500 OR LESS,UNABLE TO DETERMINE,2,NO INDICATION OF INJURY,0,0,41.8923325253,-87.6662850974,60642,"CHICAGO MIDWAY AIRPORT, IL US",42.0,17.0,36.0,0.0,10.0,13.0
crash_11319,2021-04-29 14:45:00,2021,4,Apr,Thu,14,Daytime,30,NO CONTROLS,CLEAR,DAYLIGHT,SIDESWIPE SAME DIRECTION,NOT DIVIDED,DRY,NO INJURY / DRIVE AWAY,,true,"OVER $1,500",FAILING TO YIELD RIGHT-OF-WAY,2,NO INDICATION OF INJURY,0,0,41.8956517673,-87.6857298996,60612,"CHICAGO MIDWAY AIRPORT, IL US",59.0,46.0,63.0,,10.0,13.0
crash_11320,2019-04-01 00:45:00,2019,4,Apr,Mon,0,Night or early morning,30,NO CONTROLS,CLEAR,DARKNESS,REAR END,NOT DIVIDED,UNKNOWN,INJURY AND / OR TOW DUE TO CRASH,,,"OVER $1,500","OPERATING VEHICLE IN ERRATIC, RECKLESS, CARELESS, NEGLIGENT OR AGGRESSIVE MANNER",4,INCAPACITATING INJURY,1,0,41.9546850135,-87.7081851573,60618,"CHICAGO OHARE INTERNATIONAL AIRPORT, IL US",29.0,18.0,63.0,0.0,10.0,7.0
crash_11321,2018-12-18 05:30:00,2018,12,Dec,Tue,5,Night or early morning,30,NO CONTROLS,CLEAR,DAWN,SIDESWIPE SAME DIRECTION,DIVIDED - W/MEDIAN (NOT RAISED),DRY,NO INJURY / DRIVE AWAY,,,$500 OR LESS,UNABLE TO DETERMINE,2,NO INDICATION OF INJURY,0,0,41.8659462505,-87.6662202395,60608,"CHICAGO MIDWAY AIRPORT, IL US",22.0,22.0,100.0,0.0,9.0,5.0
crash_11322,2020-07-30 12:30:00,2020,7,Jul,Thu,12,Daytime,30,NO CONTROLS,CLEAR,DAYLIGHT,REAR END,NOT DIVIDED,DRY,NO INJURY / DRIVE AWAY,,,"$501 - $1,500",FOLLOWING TOO CLOSELY,2,NO INDICATION OF INJURY,0,0,41.8092476023,-87.6182221553,60615,"CHICAGO MIDWAY AIRPORT, IL US",83.0,54.0,37.0,0.0,10.0,18.0
crash_11323,2022-09-04 17:00:00,2022,9,Sep,Sun,17,Evening commute,30,UNKNOWN,UNKNOWN,UNKNOWN,PARKED MOTOR VEHICLE,NOT DIVIDED,UNKNOWN,NO INJURY / DRIVE AWAY,,true,"OVER $1,500",UNABLE TO DETERMINE,2,NO INDICATION OF INJURY,0,0,41.9519025343,-87.6463573178,60613,"CHICAGO MIDWAY AIRPORT, IL US",73.0,64.0,74.0,0.0,10.0,15.0
crash_11324,2020-01-28 10:30:00,2020,1,Jan,Tue,10,Daytime,30,NO CONTROLS,CLEAR,DAYLIGHT,SIDESWIPE SAME DIRECTION,DIVIDED - W/MEDIAN (NOT RAISED),DRY,NO INJURY / DRIVE AWAY,,,"OVER $1,500",IMPROPER LANE USAGE,2,NO INDICATION OF INJURY,0,0,41.8571523132,-87.685628574,60608,"CHICAGO MIDWAY AIRPORT, IL US",32.0,25.0,75.0,0.0,10.0,7.0
crash_11325,2024-07-28 14:30:00,2024,7,Jul,Sun,14,Daytime,30,NO CONTROLS,CLEAR,DAYLIGHT,PARKED MOTOR VEHICLE,NOT DIVIDED,DRY,NO INJURY / DRIVE AWAY,,,"OVER $1,500",IMPROPER OVERTAKING/PASSING,2,NO INDICATION OF INJURY,0,0,41.933474264,-87.6429069321,60657,"CHICAGO MIDWAY AIRPORT, IL US",81.0,71.0,72.0,0.12,7.0,13.0
crash_11326,2025-02-17 05:06:00,2025,2,Feb,Mon,5,Night or early morning,30,NO CONTROLS,CLEAR,DAYLIGHT,REAR END,NOT DIVIDED,UNKNOWN,NO INJURY / DRIVE AWAY,,true,"OVER $1,500",FOLLOWING TOO CLOSELY,2,NO INDICATION OF INJURY,0,0,41.7926990973,-87.7696951827,60638,"CHICAGO MIDWAY AIRPORT, IL US",5.0,-7.0,57.0,0.0,10.0,10.0
crash_11327,2019-07-30 18:13:00,2019,7,Jul,Tue,18,Evening commute,30,TRAFFIC SIGNAL,CLEAR,DAYLIGHT,SIDESWIPE SAME DIRECTION,FOUR WAY,DRY,NO INJURY / DRIVE AWAY,true,,"OVER $1,500",IMPROPER LANE USAGE,3,NO INDICATION OF INJURY,0,0,41.89606384,-87.6744168689,60622,"CHICAGO MIDWAY AIRPORT, IL US",74.0,59.0,60.0,0.0,10.0,11.0
crash_11328,2021-02-11 21:25:00,2021,2,Feb,Thu,21,Night or early morning,25,NO CONTROLS,CLEAR,"DARKNESS, LIGHTED ROAD",PARKED MOTOR VEHICLE,ONE-WAY,SNOW OR SLUSH,NO INJURY / DRIVE AWAY,,true,$500 OR LESS,UNABLE TO DETERMINE,2,NO INDICATION OF INJURY,0,0,41.9559507275,-87.6892508732,60618,"CHICAGO MIDWAY AIRPORT, IL US",22.0,9.0,57.0,0.0,10.0,10.0
crash_11329,2018-03-29 10:00:00,2018,3,Mar,Thu,10,Daytime,30,NO CONTROLS,CLEAR,DAYLIGHT,PARKED MOTOR VEHICLE,NOT DIVIDED,DRY,NO INJURY / DRIVE AWAY,,true,"$501 - $1,500",UNABLE TO DETERMINE,2,NO INDICATION OF INJURY,0,0,41.9693803367,-87.6498435275,60640,"CHICAGO MIDWAY AIRPORT, IL US",48.0,42.0,80.0,0.0,8.0,6.0
crash_11330,2023-10-05 13:15:00,2023,10,Oct,Thu,13,Daytime,30,TRAFFIC SIGNAL,CLEAR,DAYLIGHT,REAR END,ONE-WAY,DRY,NO INJURY / DRIVE AWAY,,,"$501 - $1,500",FOLLOWING TOO CLOSELY,2,NO INDICATION OF INJURY,0,0,41.8552666959,-87.6450641585,60616,"CHICAGO MIDWAY AIRPORT, IL US",68.0,63.0,84.0,0.0,7.0,5.0
crash_11331,2021-06-01 07:15:00,2021,6,Jun,Tue,7,Morning commute,30,NO CONTROLS,CLEAR,DAYLIGHT,PARKED MOTOR VEHICLE,ONE-WAY,DRY,NO INJURY / DRIVE AWAY,,true,"$501 - $1,500",NOT APPLICABLE,2,NO INDICATION OF INJURY,0,0,41.9240713509,-87.7513724992,60639,"CHICAGO OHARE INTERNATIONAL AIRPORT, IL US",55.0,52.0,90.0,0.0,8.0,0.0
crash_11332,2025-03-31 17:00:00,2025,3,Mar,Mon,17,Evening commute,30,NO CONTROLS,CLEAR,DAYLIGHT,PARKED MOTOR VEHICLE,PARKING LOT,DRY,NO INJURY / DRIVE AWAY,,true,"OVER $1,500",IMPROPER BACKING,2,NO INDICATION OF INJURY,0,0,41.9667227461,-87.7082732532,60625,"CHICAGO OHARE INTERNATIONAL AIRPORT, IL US",47.0,27.0,46.0,,10.0,10.0
crash_11333,2018-04-09 03:44:00,2018,4,Apr,Mon,3,Night or early morning,30,TRAFFIC SIGNAL,SNOW,"DARKNESS, LIGHTED ROAD",ANGLE,NOT DIVIDED,WET,INJURY AND / OR TOW DUE TO CRASH,true,true,"OVER $1,500",UNABLE TO DETERMINE,2,"REPORTED, NOT EVIDENT",1,0,41.8854288306,-87.7256572708,60624,"CHICAGO MIDWAY AIRPORT, IL US",32.0,30.0,92.0,0.0,4.0,9.0
crash_11334,2023-01-24 16:26:00,2023,1,Jan,Tue,16,Evening commute,30,NO CONTROLS,CLEAR,"DARKNESS, LIGHTED ROAD",ANGLE,NOT DIVIDED,DRY,INJURY AND / OR TOW DUE TO CRASH,,,"OVER $1,500",FAILING TO YIELD RIGHT-OF-WAY,2,NONINCAPACITATING INJURY,2,0,41.9229310426,-87.7461194779,60639,"CHICAGO MIDWAY AIRPORT, IL US",35.0,26.0,70.0,0.0,10.0,6.0
crash_11335,2019-03-02 14:00:00,2019,3,Mar,Sat,14,Daytime,30,TRAFFIC SIGNAL,CLEAR,DAYLIGHT,REAR END,NOT DIVIDED,DRY,NO INJURY / DRIVE AWAY,true,true,"$501 - $1,500",FAILING TO REDUCE SPEED TO AVOID CRASH,2,NO INDICATION OF INJURY,0,0,41.9175195384,-87.6973485388,60647,"CHICAGO MIDWAY AIRPORT, IL US",33.0,17.0,52.0,0.0,10.0,8.0
crash_11336,2024-07-24 16:15:00,2024,7,Jul,Wed,16,Evening commute,30,NO CONTROLS,CLEAR,DAYLIGHT,SIDESWIPE SAME DIRECTION,DIVIDED - W/MEDIAN (NOT RAISED),DRY,NO INJURY / DRIVE AWAY,,,"OVER $1,500",UNABLE TO DETERMINE,2,NO INDICATION OF INJURY,0,0,41.9602416573,-87.6885063376,60618,"CHICAGO OHARE INTERNATIONAL AIRPORT, IL US",73.0,62.0,69.0,,10.0,9.0
crash_11337,2020-06-25 12:12:00,2020,6,Jun,Thu,12,Daytime,30,NO CONTROLS,CLEAR,DAYLIGHT,FIXED OBJECT,NOT DIVIDED,DRY,INJURY AND / OR TOW DUE TO CRASH,,,"OVER $1,500",DRIVING SKILLS/KNOWLEDGE/EXPERIENCE,1,NO INDICATION OF INJURY,0,0,41.9899395415,-87.6586344086,60660,"CHICAGO OHARE INTERNATIONAL AIRPORT, IL US",80.0,54.0,41.0,0.0,10.0,8.0
crash_11338,2024-06-24 10:20:00,2024,6,Jun,Mon,10,Daytime,30,TRAFFIC SIGNAL,CLEAR,DAYLIGHT,SIDESWIPE SAME DIRECTION,ONE-WAY,DRY,INJURY AND / OR TOW DUE TO CRASH,,true,"OVER $1,500",UNABLE TO DETERMINE,3,NO INDICATION OF INJURY,0,0,41.7438050285,-87.6257821788,60620,"CHICAGO MIDWAY AIRPORT, IL US",80.0,60.0,51.0,0.0,10.0,0.0
crash_11339,2018-12-16 00:01:00,2018,12,Dec,Sun,0,Night or early morning,30,NO CONTROLS,UNKNOWN,UNKNOWN,PARKED MOTOR VEHICLE,ONE-WAY,UNKNOWN,NO INJURY / DRIVE AWAY,,true,"$501 - $1,500",NOT APPLICABLE,2,NO INDICATION OF INJURY,0,0,41.9200123352,-87.8023146287,60707,"CHICAGO OHARE INTERNATIONAL AIRPORT, IL US",30.0,30.0,100.0,0.0,6.0,7.0
crash_11340,2019-02-08 16:16:00,2019,2,Feb,Fri,16,Evening commute,30,NO CONTROLS,CLEAR,DAYLIGHT,REAR END,CENTER TURN LANE,DRY,INJURY AND / OR TOW DUE TO CRASH,,,"OVER $1,500",NOT APPLICABLE,2,NO INDICATION OF INJURY,0,0,41.9095563503,-87.7425858541,60651,"CHICAGO MIDWAY AIRPORT, IL US",14.0,1.0,56.0,0.0,10.0,18.0
crash_11341,2021-10-08 18:45:00,2021,10,Oct,Fri,18,Evening commute,20,STOP SIGN/FLASHER,RAIN,"DARKNESS, LIGHTED ROAD",PARKED MOTOR VEHICLE,ONE-WAY,WET,INJURY AND / OR TOW DUE TO CRASH,,true,"OVER $1,500",UNABLE TO DETERMINE,2,NO INDICATION OF INJURY,0,0,41.9611738214,-87.7255330112,60625,"CHICAGO OHARE INTERNATIONAL AIRPORT, IL US",68.0,61.0,78.0,0.0,10.0,0.0
crash_11342,2018-10-08 16:40:00,2018,10,Oct,Mon,16,Evening commute,30,TRAFFIC SIGNAL,CLEAR,DAYLIGHT,PEDESTRIAN,NOT DIVIDED,DRY,INJURY AND / OR TOW DUE TO CRASH,true,,"OVER $1,500",FAILING TO YIELD RIGHT-OF-WAY,2,NONINCAPACITATING INJURY,1,0,41.8167446119,-87.6168076371,60653,"CHICAGO MIDWAY AIRPORT, IL US",84.0,63.0,49.0,0.0,10.0,17.0