crash_id,crash_datetime,crash_year,crash_month,crash_month_name,crash_weekday_name,crash_hour,time_period,posted_speed_limit_mph,traffic_control_device,reported_weather_condition,reported_lighting_condition,first_crash_type,trafficway_type,reported_road_surface_condition,crash_type,intersection_related,hit_and_run,estimated_damage,primary_contributory_cause,unit_count,most_severe_injury,injuries_total,injuries_fatal,latitude,longitude,zip5,weather_station_name,temperature_f,dew_point_f,relative_humidity_percent,precipitation_inches,visibility_miles,wind_speed_mph
crash_11343,2019-09-28 05:30:00,2019,9,Sep,Sat,5,Night or early morning,35,TRAFFIC SIGNAL,RAIN,"DARKNESS, LIGHTED ROAD",SIDESWIPE SAME DIRECTION,DIVIDED - W/MEDIAN (NOT RAISED),WET,INJURY AND / OR TOW DUE TO CRASH,true,,"OVER $1,500",IMPROPER LANE USAGE,2,NO INDICATION OF INJURY,0,0,41.9566081292,-87.7770442172,60634,"CHICAGO OHARE INTERNATIONAL AIRPORT, IL US",62.0,60.0,93.0,0.01,6.0,6.0
crash_11344,2019-04-26 16:05:00,2019,4,Apr,Fri,16,Evening commute,30,TRAFFIC SIGNAL,CLEAR,DAYLIGHT,SIDESWIPE SAME DIRECTION,NOT DIVIDED,DRY,NO INJURY / DRIVE AWAY,,true,"OVER $1,500",IMPROPER OVERTAKING/PASSING,2,NO INDICATION OF INJURY,0,0,41.8806709362,-87.7213408017,60624,"CHICAGO MIDWAY AIRPORT, IL US",64.0,28.0,26.0,0.0,10.0,21.0
crash_11345,2024-12-06 23:00:00,2024,12,Dec,Fri,23,Night or early morning,30,TRAFFIC SIGNAL,CLEAR,DARKNESS,PARKED MOTOR VEHICLE,NOT DIVIDED,DRY,INJURY AND / OR TOW DUE TO CRASH,,true,"OVER $1,500",UNABLE TO DETERMINE,2,NO INDICATION OF INJURY,0,0,41.806648097,-87.716326122,60632,"CHICAGO MIDWAY AIRPORT, IL US",28.0,10.0,47.0,,10.0,8.0
crash_11346,2025-06-26 21:43:00,2025,6,Jun,Thu,21,Night or early morning,30,STOP SIGN/FLASHER,CLEAR,"DARKNESS, LIGHTED ROAD",ANGLE,FOUR WAY,DRY,INJURY AND / OR TOW DUE TO CRASH,,,"OVER $1,500",DISREGARDING STOP SIGN,2,NONINCAPACITATING INJURY,2,0,41.8797526674,-87.7355684342,60624,"CHICAGO MIDWAY AIRPORT, IL US",87.0,71.0,59.0,0.0,10.0,8.0
crash_11347,2020-05-12 19:00:00,2020,5,May,Tue,19,Night or early morning,35,NO CONTROLS,CLEAR,DAYLIGHT,FIXED OBJECT,DIVIDED - W/MEDIAN BARRIER,DRY,INJURY AND / OR TOW DUE TO CRASH,true,,"OVER $1,500",UNABLE TO DETERMINE,1,FATAL,1,1,41.9540505422,-87.7046505506,60618,"CHICAGO OHARE INTERNATIONAL AIRPORT, IL US",53.0,26.0,35.0,0.0,10.0,13.0
crash_11348,2021-08-08 12:00:00,2021,8,Aug,Sun,12,Daytime,25,NO CONTROLS,CLEAR,DAYLIGHT,TURNING,NOT DIVIDED,DRY,NO INJURY / DRIVE AWAY,,,"OVER $1,500",UNABLE TO DETERMINE,2,NO INDICATION OF INJURY,0,0,41.7660344214,-87.5846274784,60649,"CHICAGO MIDWAY AIRPORT, IL US",88.0,68.0,52.0,0.0,10.0,14.0
crash_11349,2022-11-20 15:00:00,2022,11,Nov,Sun,15,Evening commute,30,TRAFFIC SIGNAL,CLEAR,DAYLIGHT,PARKED MOTOR VEHICLE,DIVIDED - W/MEDIAN (NOT RAISED),DRY,NO INJURY / DRIVE AWAY,,true,"OVER $1,500",NOT APPLICABLE,2,NO INDICATION OF INJURY,0,0,41.8164137648,-87.6240225843,60653,"CHICAGO MIDWAY AIRPORT, IL US",33.0,12.0,42.0,0.0,10.0,14.0
crash_11350,2024-02-26 17:00:00,2024,2,Feb,Mon,17,Evening commute,30,NO CONTROLS,CLEAR,DAYLIGHT,PARKED MOTOR VEHICLE,DIVIDED - W/MEDIAN (NOT RAISED),DRY,NO INJURY / DRIVE AWAY,,true,"$501 - $1,500",UNABLE TO DETERMINE,2,NO INDICATION OF INJURY,0,0,41.8444014615,-87.7214119753,60623,"CHICAGO MIDWAY AIRPORT, IL US",70.0,35.0,28.0,0.0,10.0,13.0
crash_11351,2018-12-01 19:15:00,2018,12,Dec,Sat,19,Night or early morning,30,TRAFFIC SIGNAL,RAIN,"DARKNESS, LIGHTED ROAD",PEDESTRIAN,DIVIDED - W/MEDIAN (NOT RAISED),WET,INJURY AND / OR TOW DUE TO CRASH,true,,"$501 - $1,500",FAILING TO YIELD RIGHT-OF-WAY,2,INCAPACITATING INJURY,1,0,41.9395520781,-87.6899565856,60618,"CHICAGO MIDWAY AIRPORT, IL US",43.0,41.0,93.0,0.0,4.0,11.0
crash_11352,2023-08-26 23:17:00,2023,8,Aug,Sat,23,Night or early morning,30,NO CONTROLS,CLEAR,"DARKNESS, LIGHTED ROAD",PARKED MOTOR VEHICLE,NOT DIVIDED,DRY,INJURY AND / OR TOW DUE TO CRASH,,true,"OVER $1,500",UNABLE TO DETERMINE,3,NO INDICATION OF INJURY,0,0,41.9871546873,-87.7875085356,60646,"CHICAGO OHARE INTERNATIONAL AIRPORT, IL US",66.0,58.0,75.0,0.0,10.0,10.0
crash_11353,2021-05-21 23:29:00,2021,5,May,Fri,23,Night or early morning,30,TRAFFIC SIGNAL,CLEAR,"DARKNESS, LIGHTED ROAD",SIDESWIPE SAME DIRECTION,NOT DIVIDED,DRY,INJURY AND / OR TOW DUE TO CRASH,,,"OVER $1,500",IMPROPER OVERTAKING/PASSING,2,NONINCAPACITATING INJURY,1,0,41.7793722205,-87.6643653474,60636,"CHICAGO MIDWAY AIRPORT, IL US",73.0,61.0,66.0,0.0,10.0,0.0
crash_11354,2024-11-26 17:12:00,2024,11,Nov,Tue,17,Evening commute,20,TRAFFIC SIGNAL,CLEAR,"DARKNESS, LIGHTED ROAD",REAR END,FOUR WAY,DRY,NO INJURY / DRIVE AWAY,,true,"$501 - $1,500",UNABLE TO DETERMINE,2,NO INDICATION OF INJURY,0,0,41.8846863716,-87.6866766609,60612,"CHICAGO MIDWAY AIRPORT, IL US",37.0,21.0,52.0,0.0,10.0,13.0
crash_11355,2021-06-09 00:44:00,2021,6,Jun,Wed,0,Night or early morning,30,TRAFFIC SIGNAL,CLEAR,DARKNESS,REAR END,NOT DIVIDED,DRY,NO INJURY / DRIVE AWAY,,,"OVER $1,500",FOLLOWING TOO CLOSELY,2,NO INDICATION OF INJURY,0,0,41.9256872635,-87.6409582396,60614,"CHICAGO MIDWAY AIRPORT, IL US",76.0,65.0,69.0,0.0,10.0,7.0
crash_11356,2019-02-02 14:20:00,2019,2,Feb,Sat,14,Daytime,30,NO CONTROLS,UNKNOWN,DAYLIGHT,SIDESWIPE SAME DIRECTION,NOT DIVIDED,DRY,INJURY AND / OR TOW DUE TO CRASH,,false,"OVER $1,500",NOT APPLICABLE,4,NONINCAPACITATING INJURY,1,0,41.7370078419,-87.5867762321,60619,"CHICAGO MIDWAY AIRPORT, IL US",41.0,36.0,82.0,0.0,8.0,11.0
crash_11357,2025-03-15 21:00:00,2025,3,Mar,Sat,21,Night or early morning,30,NO CONTROLS,UNKNOWN,DUSK,SIDESWIPE SAME DIRECTION,OTHER,UNKNOWN,NO INJURY / DRIVE AWAY,,,"$501 - $1,500",FAILING TO YIELD RIGHT-OF-WAY,2,NO INDICATION OF INJURY,0,0,41.7625267347,-87.566594977,60649,"CHICAGO MIDWAY AIRPORT, IL US",49.0,37.0,64.0,0.0,10.0,15.0
crash_11358,2022-05-14 08:20:00,2022,5,May,Sat,8,Morning commute,30,NO CONTROLS,UNKNOWN,UNKNOWN,PARKED MOTOR VEHICLE,ONE-WAY,DRY,NO INJURY / DRIVE AWAY,,true,"OVER $1,500",UNABLE TO DETERMINE,2,NO INDICATION OF INJURY,0,0,41.9211530742,-87.7072479957,60647,"CHICAGO MIDWAY AIRPORT, IL US",77.0,59.0,54.0,0.0,10.0,7.0
crash_11359,2018-02-20 22:12:00,2018,2,Feb,Tue,22,Night or early morning,30,NO CONTROLS,RAIN,"DARKNESS, LIGHTED ROAD",FIXED OBJECT,DIVIDED - W/MEDIAN (NOT RAISED),WET,NO INJURY / DRIVE AWAY,,,"$501 - $1,500",EXCEEDING AUTHORIZED SPEED LIMIT,1,NO INDICATION OF INJURY,0,0,41.8094564465,-87.6189192275,60653,"CHICAGO MIDWAY AIRPORT, IL US",36.0,36.0,100.0,0.04,8.0,9.0
crash_11360,2019-07-22 18:10:00,2019,7,Jul,Mon,18,Evening commute,30,TRAFFIC SIGNAL,CLEAR,DAYLIGHT,SIDESWIPE SAME DIRECTION,DIVIDED - W/MEDIAN (NOT RAISED),DRY,NO INJURY / DRIVE AWAY,,,"OVER $1,500",UNABLE TO DETERMINE,2,NO INDICATION OF INJURY,0,0,41.8802428695,-87.7718524833,60644,"CHICAGO MIDWAY AIRPORT, IL US",74.0,51.0,45.0,0.0,10.0,18.0
crash_11361,2020-01-05 17:00:00,2020,1,Jan,Sun,17,Evening commute,5,NO CONTROLS,UNKNOWN,UNKNOWN,TURNING,PARKING LOT,UNKNOWN,NO INJURY / DRIVE AWAY,,,"OVER $1,500",UNABLE TO DETERMINE,2,NO INDICATION OF INJURY,0,0,41.9597646281,-87.7476465517,60641,"CHICAGO OHARE INTERNATIONAL AIRPORT, IL US",41.0,31.0,67.0,0.0,10.0,14.0
crash_11362,2018-07-09 08:00:00,2018,7,Jul,Mon,8,Morning commute,15,NO CONTROLS,CLEAR,DAYLIGHT,PARKED MOTOR VEHICLE,ALLEY,DRY,NO INJURY / DRIVE AWAY,,,"$501 - $1,500",UNABLE TO DETERMINE,2,NO INDICATION OF INJURY,0,0,41.9204621919,-87.7471396163,60639,"CHICAGO MIDWAY AIRPORT, IL US",76.0,65.0,69.0,0.0,10.0,6.0
crash_11363,2019-04-25 17:10:00,2019,4,Apr,Thu,17,Evening commute,35,TRAFFIC SIGNAL,CLEAR,DAYLIGHT,REAR END,NOT DIVIDED,DRY,NO INJURY / DRIVE AWAY,,,"$501 - $1,500",UNABLE TO DETERMINE,2,NO INDICATION OF INJURY,0,0,41.8296579842,-87.6111864398,60653,"CHICAGO MIDWAY AIRPORT, IL US",60.0,40.0,47.0,0.0,10.0,8.0
crash_11364,2022-05-23 16:05:00,2022,5,May,Mon,16,Evening commute,30,NO CONTROLS,CLEAR,DAYLIGHT,PEDALCYCLIST,DIVIDED - W/MEDIAN BARRIER,DRY,INJURY AND / OR TOW DUE TO CRASH,,,"$501 - $1,500",NOT APPLICABLE,2,NONINCAPACITATING INJURY,1,0,41.8631401396,-87.6223051175,60605,"CHICAGO MIDWAY AIRPORT, IL US",62.0,31.0,31.0,0.0,10.0,20.0
crash_11365,2024-01-18 12:30:00,2024,1,Jan,Thu,12,Daytime,30,NO CONTROLS,CLEAR,DAYLIGHT,TURNING,NOT DIVIDED,UNKNOWN,NO INJURY / DRIVE AWAY,,true,"OVER $1,500",IMPROPER OVERTAKING/PASSING,2,NO INDICATION OF INJURY,0,0,41.7603882393,-87.7416271687,60629,"CHICAGO MIDWAY AIRPORT, IL US",26.0,15.0,63.0,0.0,10.0,0.0
crash_11366,2021-10-16 20:00:00,2021,10,Oct,Sat,20,Night or early morning,35,TRAFFIC SIGNAL,CLEAR,"DARKNESS, LIGHTED ROAD",SIDESWIPE SAME DIRECTION,DIVIDED - W/MEDIAN (NOT RAISED),DRY,NO INJURY / DRIVE AWAY,,true,"OVER $1,500",IMPROPER OVERTAKING/PASSING,2,NO INDICATION OF INJURY,0,0,41.7564004067,-87.6248696859,60620,"CHICAGO MIDWAY AIRPORT, IL US",54.0,32.0,43.0,0.0,10.0,10.0
crash_11367,2019-10-12 13:35:00,2019,10,Oct,Sat,13,Daytime,30,NO CONTROLS,CLEAR,DAYLIGHT,SIDESWIPE SAME DIRECTION,OTHER,DRY,NO INJURY / DRIVE AWAY,,,"OVER $1,500",IMPROPER LANE USAGE,2,NO INDICATION OF INJURY,0,0,41.8808481425,-87.6284355803,60603,"CHICAGO MIDWAY AIRPORT, IL US",51.0,27.0,39.0,0.0,10.0,17.0
crash_11368,2025-05-22 22:16:00,2025,5,May,Thu,22,Night or early morning,30,TRAFFIC SIGNAL,CLEAR,"DARKNESS, LIGHTED ROAD",REAR END,DIVIDED - W/MEDIAN BARRIER,DRY,NO INJURY / DRIVE AWAY,,true,"$501 - $1,500",UNABLE TO DETERMINE,2,NO INDICATION OF INJURY,0,0,41.8777544343,-87.6244538721,60604,"CHICAGO MIDWAY AIRPORT, IL US",52.0,38.0,59.0,0.0,10.0,6.0
crash_11369,2022-05-23 07:00:00,2022,5,May,Mon,7,Morning commute,25,NO CONTROLS,CLEAR,DAYLIGHT,FIXED OBJECT,NOT DIVIDED,DRY,INJURY AND / OR TOW DUE TO CRASH,,,"OVER $1,500",UNABLE TO DETERMINE,1,NONINCAPACITATING INJURY,1,0,41.7237967104,-87.6160081347,60619,"CHICAGO MIDWAY AIRPORT, IL US",55.0,36.0,49.0,0.0,10.0,10.0
crash_11370,2023-06-23 22:00:00,2023,6,Jun,Fri,22,Night or early morning,20,STOP SIGN/FLASHER,CLEAR,"DARKNESS, LIGHTED ROAD",ANGLE,DIVIDED - W/MEDIAN (NOT RAISED),DRY,NO INJURY / DRIVE AWAY,,,"OVER $1,500",NOT APPLICABLE,2,NO INDICATION OF INJURY,0,0,41.7569093298,-87.6015394879,60619,"CHICAGO MIDWAY AIRPORT, IL US",73.0,55.0,53.0,0.0,10.0,7.0
crash_11371,2023-02-17 10:15:00,2023,2,Feb,Fri,10,Daytime,30,TRAFFIC SIGNAL,CLEAR,DAYLIGHT,REAR END,NOT DIVIDED,DRY,NO INJURY / DRIVE AWAY,,,"$501 - $1,500",FOLLOWING TOO CLOSELY,2,NO INDICATION OF INJURY,0,0,41.6922443662,-87.6426203779,60643,"CHICAGO MIDWAY AIRPORT, IL US",21.0,10.0,62.0,0.0,10.0,13.0
crash_11372,2019-09-24 11:39:00,2019,9,Sep,Tue,11,Daytime,30,TRAFFIC SIGNAL,CLEAR,DAYLIGHT,REAR END,FOUR WAY,DRY,NO INJURY / DRIVE AWAY,true,,$500 OR LESS,UNDER THE INFLUENCE OF ALCOHOL/DRUGS (USE WHEN ARREST IS EFFECTED),3,NO INDICATION OF INJURY,0,0,41.8528286921,-87.6386798708,60616,"CHICAGO MIDWAY AIRPORT, IL US",75.0,58.0,55.0,0.0,10.0,16.0
crash_11373,2019-09-15 11:50:00,2019,9,Sep,Sun,11,Daytime,30,TRAFFIC SIGNAL,CLEAR,DAYLIGHT,REAR END,NOT DIVIDED,DRY,NO INJURY / DRIVE AWAY,true,,"$501 - $1,500",UNABLE TO DETERMINE,2,NO INDICATION OF INJURY,0,0,41.7731669768,-87.6105713053,60637,"CHICAGO MIDWAY AIRPORT, IL US",68.0,64.0,87.0,0.0,10.0,14.0
crash_11374,2019-08-23 14:00:00,2019,8,Aug,Fri,14,Daytime,30,NO CONTROLS,CLEAR,DAYLIGHT,PARKED MOTOR VEHICLE,NOT DIVIDED,DRY,NO INJURY / DRIVE AWAY,,true,"$501 - $1,500",NOT APPLICABLE,2,NO INDICATION OF INJURY,0,0,41.7666494216,-87.6814968924,60636,"CHICAGO MIDWAY AIRPORT, IL US",74.0,54.0,50.0,0.0,10.0,13.0
crash_11375,2023-03-24 15:13:00,2023,3,Mar,Fri,15,Evening commute,30,UNKNOWN,CLEAR,DAYLIGHT,FIXED OBJECT,ALLEY,DRY,INJURY AND / OR TOW DUE TO CRASH,,,"OVER $1,500",UNABLE TO DETERMINE,1,NONINCAPACITATING INJURY,1,0,41.9920809292,-87.6991427232,60659,"CHICAGO OHARE INTERNATIONAL AIRPORT, IL US",43.0,32.0,65.0,0.0,10.0,13.0
crash_11376,2025-12-22 13:30:00,2025,12,Dec,Mon,13,Daytime,10,NO CONTROLS,UNKNOWN,"DARKNESS, LIGHTED ROAD",PARKED MOTOR VEHICLE,PARKING LOT,UNKNOWN,NO INJURY / DRIVE AWAY,,true,"$501 - $1,500",UNABLE TO DETERMINE,2,NO INDICATION OF INJURY,0,0,41.7658812858,-87.7225871577,60629,,,,,,,
crash_11377,2023-05-13 20:43:00,2023,5,May,Sat,20,Night or early morning,30,TRAFFIC SIGNAL,CLEAR,"DARKNESS, LIGHTED ROAD",REAR END,NOT DIVIDED,DRY,INJURY AND / OR TOW DUE TO CRASH,,,"OVER $1,500",UNDER THE INFLUENCE OF ALCOHOL/DRUGS (USE WHEN ARREST IS EFFECTED),2,NONINCAPACITATING INJURY,1,0,41.9606717091,-87.7546853639,60630,"CHICAGO OHARE INTERNATIONAL AIRPORT, IL US",57.0,47.0,69.0,0.0,10.0,11.0
crash_11378,2021-09-03 14:50:00,2021,9,Sep,Fri,14,Daytime,30,NO CONTROLS,RAIN,DAYLIGHT,ANGLE,NOT DIVIDED,WET,NO INJURY / DRIVE AWAY,true,,"OVER $1,500",DISREGARDING STOP SIGN,2,NO INDICATION OF INJURY,0,0,41.8074010211,-87.7516563703,60638,"CHICAGO MIDWAY AIRPORT, IL US",73.0,57.0,57.0,0.0,10.0,6.0
crash_11379,2020-08-13 07:15:00,2020,8,Aug,Thu,7,Morning commute,25,NO CONTROLS,CLEAR,DAYLIGHT,PARKED MOTOR VEHICLE,ONE-WAY,DRY,NO INJURY / DRIVE AWAY,,true,"OVER $1,500",UNABLE TO DETERMINE,2,NO INDICATION OF INJURY,0,0,41.8475483154,-87.7089281042,60623,"CHICAGO MIDWAY AIRPORT, IL US",72.0,67.0,84.0,0.0,10.0,3.0
crash_11380,2019-12-14 16:30:00,2019,12,Dec,Sat,16,Evening commute,30,NO CONTROLS,CLEAR,DAYLIGHT,PARKED MOTOR VEHICLE,ONE-WAY,DRY,NO INJURY / DRIVE AWAY,,,$500 OR LESS,IMPROPER BACKING,2,NO INDICATION OF INJURY,0,0,41.8920453732,-87.629812296,60654,"CHICAGO MIDWAY AIRPORT, IL US",30.0,21.0,69.0,,10.0,17.0
crash_11381,2024-03-04 10:20:00,2024,3,Mar,Mon,10,Daytime,30,NO CONTROLS,UNKNOWN,DAYLIGHT,FIXED OBJECT,OTHER,DRY,NO INJURY / DRIVE AWAY,,true,"OVER $1,500",UNABLE TO DETERMINE,1,NO INDICATION OF INJURY,0,0,41.6998469284,-87.6424673013,60628,"CHICAGO MIDWAY AIRPORT, IL US",64.0,55.0,73.0,0.0,10.0,10.0
crash_11382,2018-08-01 20:45:00,2018,8,Aug,Wed,20,Night or early morning,30,NO CONTROLS,CLEAR,"DARKNESS, LIGHTED ROAD",SIDESWIPE SAME DIRECTION,NOT DIVIDED,DRY,INJURY AND / OR TOW DUE TO CRASH,,,"OVER $1,500",UNDER THE INFLUENCE OF ALCOHOL/DRUGS (USE WHEN ARREST IS EFFECTED),2,NO INDICATION OF INJURY,0,0,41.9027378134,-87.746131423,60651,"CHICAGO MIDWAY AIRPORT, IL US",76.0,66.0,72.0,0.01,10.0,7.0
crash_11383,2022-04-11 04:15:00,2022,4,Apr,Mon,4,Night or early morning,30,NO CONTROLS,CLEAR,DARKNESS,SIDESWIPE SAME DIRECTION,NOT DIVIDED,DRY,NO INJURY / DRIVE AWAY,,,"OVER $1,500",UNABLE TO DETERMINE,2,NO INDICATION OF INJURY,0,0,41.830223541,-87.7243519545,60632,"CHICAGO MIDWAY AIRPORT, IL US",62.0,44.0,52.0,0.0,10.0,15.0
crash_11384,2025-04-13 13:30:00,2025,4,Apr,Sun,13,Daytime,30,TRAFFIC SIGNAL,CLEAR,DAYLIGHT,PARKED MOTOR VEHICLE,DIVIDED - W/MEDIAN (NOT RAISED),DRY,NO INJURY / DRIVE AWAY,,,"$501 - $1,500",UNABLE TO DETERMINE,2,NO INDICATION OF INJURY,0,0,41.7934202368,-87.7036975085,60629,"CHICAGO MIDWAY AIRPORT, IL US",62.0,33.0,34.0,0.0,10.0,18.0
crash_11385,2019-11-12 07:40:00,2019,11,Nov,Tue,7,Morning commute,30,STOP SIGN/FLASHER,UNKNOWN,DAYLIGHT,REAR END,NOT DIVIDED,ICE,NO INJURY / DRIVE AWAY,,,"OVER $1,500",UNABLE TO DETERMINE,2,NO INDICATION OF INJURY,0,0,41.7277884998,-87.5560249497,60617,"CHICAGO MIDWAY AIRPORT, IL US",10.0,0.0,63.0,0.0,10.0,11.0
crash_11386,2021-12-05 22:15:00,2021,12,Dec,Sun,22,Night or early morning,20,NO CONTROLS,CLEAR,"DARKNESS, LIGHTED ROAD",PARKED MOTOR VEHICLE,ONE-WAY,DRY,NO INJURY / DRIVE AWAY,,true,"OVER $1,500","OPERATING VEHICLE IN ERRATIC, RECKLESS, CARELESS, NEGLIGENT OR AGGRESSIVE MANNER",2,NO INDICATION OF INJURY,0,0,41.7698132817,-87.6455997954,60621,"CHICAGO MIDWAY AIRPORT, IL US",41.0,36.0,82.0,,10.0,10.0
crash_11387,2019-01-22 21:00:00,2019,1,Jan,Tue,21,Night or early morning,5,NO CONTROLS,RAIN,"DARKNESS, LIGHTED ROAD",PARKED MOTOR VEHICLE,PARKING LOT,WET,NO INJURY / DRIVE AWAY,,,"$501 - $1,500",UNABLE TO DETERMINE,2,NO INDICATION OF INJURY,0,0,41.9302954586,-87.6858187416,60647,"CHICAGO MIDWAY AIRPORT, IL US",34.0,32.0,92.0,0.03,3.0,7.0
crash_11388,2019-06-24 18:20:00,2019,6,Jun,Mon,18,Evening commute,30,TRAFFIC SIGNAL,CLEAR,DAYLIGHT,TURNING,FOUR WAY,DRY,INJURY AND / OR TOW DUE TO CRASH,true,,"OVER $1,500",NOT APPLICABLE,2,NO INDICATION OF INJURY,0,0,41.9421543863,-87.7765057532,60634,"CHICAGO OHARE INTERNATIONAL AIRPORT, IL US",75.0,62.0,64.0,,10.0,20.0
crash_11389,2018-04-06 12:56:00,2018,4,Apr,Fri,12,Daytime,30,TRAFFIC SIGNAL,CLEAR,DAYLIGHT,SIDESWIPE SAME DIRECTION,NOT DIVIDED,DRY,NO INJURY / DRIVE AWAY,true,,"OVER $1,500",FOLLOWING TOO CLOSELY,2,NO INDICATION OF INJURY,0,0,41.8880535357,-87.6240826452,60601,"CHICAGO MIDWAY AIRPORT, IL US",36.0,17.0,46.0,0.0,10.0,20.0
crash_11390,2025-10-25 22:00:00,2025,10,Oct,Sat,22,Night or early morning,30,NO CONTROLS,CLEAR,DARKNESS,PARKED MOTOR VEHICLE,NOT DIVIDED,DRY,NO INJURY / DRIVE AWAY,,,"OVER $1,500",UNABLE TO DETERMINE,2,NO INDICATION OF INJURY,0,0,41.9081474572,-87.673754225,60622,,,,,,,
crash_11391,2019-08-10 16:38:00,2019,8,Aug,Sat,16,Evening commute,30,NO CONTROLS,CLEAR,DAYLIGHT,PARKED MOTOR VEHICLE,DIVIDED - W/MEDIAN BARRIER,DRY,NO INJURY / DRIVE AWAY,,,$500 OR LESS,IMPROPER BACKING,2,NO INDICATION OF INJURY,0,0,41.880125489,-87.7655952809,60644,"CHICAGO MIDWAY AIRPORT, IL US",80.0,58.0,47.0,0.0,10.0,13.0
crash_11392,2019-08-19 07:40:00,2019,8,Aug,Mon,7,Morning commute,35,TRAFFIC SIGNAL,CLEAR,DAYLIGHT,TURNING,RAMP,DRY,NO INJURY / DRIVE AWAY,,,"$501 - $1,500",IMPROPER LANE USAGE,2,NO INDICATION OF INJURY,0,0,,,,,,,,,,
crash_11393,2018-11-28 13:37:00,2018,11,Nov,Wed,13,Daytime,30,NO CONTROLS,CLEAR,DAYLIGHT,PARKED MOTOR VEHICLE,DIVIDED - W/MEDIAN (NOT RAISED),DRY,NO INJURY / DRIVE AWAY,,true,"$501 - $1,500",FOLLOWING TOO CLOSELY,2,NO INDICATION OF INJURY,0,0,41.9249480594,-87.6942064318,60647,"CHICAGO MIDWAY AIRPORT, IL US",25.0,16.0,69.0,,10.0,7.0
crash_11394,2025-12-18 13:15:00,2025,12,Dec,Thu,13,Daytime,30,NO CONTROLS,UNKNOWN,UNKNOWN,PARKED MOTOR VEHICLE,PARKING LOT,UNKNOWN,NO INJURY / DRIVE AWAY,,true,"OVER $1,500",UNABLE TO DETERMINE,2,NO INDICATION OF INJURY,0,0,41.9482747176,-87.766984498,60634,,,,,,,
crash_11395,2018-11-05 16:57:00,2018,11,Nov,Mon,16,Evening commute,35,NO CONTROLS,RAIN,"DARKNESS, LIGHTED ROAD",REAR END,DIVIDED - W/MEDIAN BARRIER,WET,INJURY AND / OR TOW DUE TO CRASH,,,"OVER $1,500",FAILING TO REDUCE SPEED TO AVOID CRASH,2,NONINCAPACITATING INJURY,1,0,41.9800253453,-87.8364344563,60631,"CHICAGO OHARE INTERNATIONAL AIRPORT, IL US",49.0,41.0,74.0,0.0,10.0,9.0
crash_11396,2021-06-06 03:29:00,2021,6,Jun,Sun,3,Night or early morning,30,TRAFFIC SIGNAL,CLEAR,"DARKNESS, LIGHTED ROAD",ANGLE,NOT DIVIDED,DRY,INJURY AND / OR TOW DUE TO CRASH,true,,"OVER $1,500",DISREGARDING TRAFFIC SIGNALS,2,NO INDICATION OF INJURY,0,0,41.7073259318,-87.6201338671,60628,"CHICAGO MIDWAY AIRPORT, IL US",73.0,55.0,53.0,0.0,10.0,8.0
crash_11397,2021-04-19 15:22:00,2021,4,Apr,Mon,15,Evening commute,30,TRAFFIC SIGNAL,CLEAR,DAYLIGHT,REAR END,NOT DIVIDED,DRY,NO INJURY / DRIVE AWAY,,,"$501 - $1,500",UNABLE TO DETERMINE,2,NO INDICATION OF INJURY,0,0,41.8442387523,-87.7146357931,60623,"CHICAGO MIDWAY AIRPORT, IL US",45.0,36.0,71.0,0.0,10.0,14.0
crash_11398,2020-11-08 11:35:00,2020,11,Nov,Sun,11,Daytime,30,STOP SIGN/FLASHER,CLEAR,DAYLIGHT,ANGLE,FOUR WAY,DRY,INJURY AND / OR TOW DUE TO CRASH,,,"OVER $1,500",DISREGARDING STOP SIGN,2,NO INDICATION OF INJURY,0,0,41.7249997858,-87.6603959592,60620,"CHICAGO MIDWAY AIRPORT, IL US",73.0,54.0,51.0,0.0,10.0,13.0
crash_11399,2019-12-18 06:40:00,2019,12,Dec,Wed,6,Morning commute,20,NO CONTROLS,CLEAR,"DARKNESS, LIGHTED ROAD",SIDESWIPE SAME DIRECTION,DIVIDED - W/MEDIAN (NOT RAISED),DRY,NO INJURY / DRIVE AWAY,,,"$501 - $1,500",IMPROPER OVERTAKING/PASSING,2,NO INDICATION OF INJURY,0,0,41.7932538853,-87.7788911068,60638,"CHICAGO MIDWAY AIRPORT, IL US",15.0,0.0,51.0,0.0,10.0,14.0
crash_11400,2020-02-25 21:30:00,2020,2,Feb,Tue,21,Night or early morning,30,NO CONTROLS,SNOW,"DARKNESS, LIGHTED ROAD",SIDESWIPE SAME DIRECTION,ONE-WAY,SNOW OR SLUSH,NO INJURY / DRIVE AWAY,,,"OVER $1,500",UNABLE TO DETERMINE,2,NO INDICATION OF INJURY,0,0,41.8787139914,-87.6712911269,60612,"CHICAGO MIDWAY AIRPORT, IL US",33.0,30.0,89.0,0.0,2.5,20.0
crash_11401,2025-12-21 16:44:00,2025,12,Dec,Sun,16,Evening commute,30,NO CONTROLS,CLEAR,DAYLIGHT,REAR END,ONE-WAY,DRY,NO INJURY / DRIVE AWAY,,,"$501 - $1,500",IMPROPER BACKING,2,NO INDICATION OF INJURY,0,0,41.9577689251,-87.7559488315,60641,,,,,,,