crash_id,crash_datetime,crash_year,crash_month,crash_month_name,crash_weekday_name,crash_hour,time_period,posted_speed_limit_mph,traffic_control_device,reported_weather_condition,reported_lighting_condition,first_crash_type,trafficway_type,reported_road_surface_condition,crash_type,intersection_related,hit_and_run,estimated_damage,primary_contributory_cause,unit_count,most_severe_injury,injuries_total,injuries_fatal,latitude,longitude,zip5,weather_station_name,temperature_f,dew_point_f,relative_humidity_percent,precipitation_inches,visibility_miles,wind_speed_mph
crash_11402,2024-10-17 02:42:00,2024,10,Oct,Thu,2,Night or early morning,25,NO CONTROLS,CLEAR,"DARKNESS, LIGHTED ROAD",PARKED MOTOR VEHICLE,ONE-WAY,DRY,INJURY AND / OR TOW DUE TO CRASH,,true,"OVER $1,500",FAILING TO REDUCE SPEED TO AVOID CRASH,2,NO INDICATION OF INJURY,0,0,41.9227588095,-87.7256433226,60647,"CHICAGO MIDWAY AIRPORT, IL US",41.0,30.0,65.0,0.0,10.0,3.0
crash_11403,2018-01-07 21:30:00,2018,1,Jan,Sun,21,Night or early morning,9,NO CONTROLS,SNOW,"DARKNESS, LIGHTED ROAD",SIDESWIPE OPPOSITE DIRECTION,ONE-WAY,ICE,NO INJURY / DRIVE AWAY,,,$500 OR LESS,DRIVING ON WRONG SIDE/WRONG WAY,2,NO INDICATION OF INJURY,0,0,41.77162954,-87.5857953298,60649,"CHICAGO MIDWAY AIRPORT, IL US",33.0,28.0,82.0,0.01,7.0,17.0
crash_11404,2020-05-10 14:25:00,2020,5,May,Sun,14,Daytime,30,TRAFFIC SIGNAL,RAIN,DAYLIGHT,PEDESTRIAN,DIVIDED - W/MEDIAN (NOT RAISED),WET,INJURY AND / OR TOW DUE TO CRASH,true,,"OVER $1,500",UNABLE TO DETERMINE,2,NONINCAPACITATING INJURY,1,0,41.9292037742,-87.6490401365,60614,"CHICAGO MIDWAY AIRPORT, IL US",42.0,40.0,92.0,0.12,3.0,21.0
crash_11405,2025-11-08 19:25:00,2025,11,Nov,Sat,19,Night or early morning,30,NO CONTROLS,RAIN,DARKNESS,PARKED MOTOR VEHICLE,PARKING LOT,WET,NO INJURY / DRIVE AWAY,,,$500 OR LESS,IMPROPER BACKING,2,NO INDICATION OF INJURY,0,0,41.7071985408,-87.6141625937,60628,,,,,,,
crash_11406,2020-01-22 20:00:00,2020,1,Jan,Wed,20,Night or early morning,30,TRAFFIC SIGNAL,CLEAR,"DARKNESS, LIGHTED ROAD",REAR END,DIVIDED - W/MEDIAN (NOT RAISED),DRY,NO INJURY / DRIVE AWAY,,,"OVER $1,500",FOLLOWING TOO CLOSELY,2,NO INDICATION OF INJURY,0,0,41.7483332554,-87.6829520147,60652,"CHICAGO MIDWAY AIRPORT, IL US",34.0,20.0,56.0,0.0,10.0,10.0
crash_11407,2020-06-20 21:40:00,2020,6,Jun,Sat,21,Night or early morning,30,NO CONTROLS,RAIN,"DARKNESS, LIGHTED ROAD",TURNING,NOT DIVIDED,WET,NO INJURY / DRIVE AWAY,,true,"OVER $1,500",WEATHER,2,NO INDICATION OF INJURY,0,0,41.7569700964,-87.5759544623,60649,"CHICAGO MIDWAY AIRPORT, IL US",71.0,69.0,94.0,0.1,7.0,9.0
crash_11408,2020-12-31 05:30:00,2020,12,Dec,Thu,5,Night or early morning,20,NO CONTROLS,CLEAR,"DARKNESS, LIGHTED ROAD",PARKED MOTOR VEHICLE,ONE-WAY,UNKNOWN,NO INJURY / DRIVE AWAY,,true,"OVER $1,500",UNABLE TO DETERMINE,2,NO INDICATION OF INJURY,0,0,41.7264470494,-87.6395590493,60620,"CHICAGO MIDWAY AIRPORT, IL US",24.0,14.0,65.0,0.0,10.0,0.0
crash_11409,2021-07-20 10:25:00,2021,7,Jul,Tue,10,Daytime,35,UNKNOWN,UNKNOWN,UNKNOWN,SIDESWIPE SAME DIRECTION,NOT DIVIDED,UNKNOWN,NO INJURY / DRIVE AWAY,,true,"OVER $1,500",UNABLE TO DETERMINE,2,NO INDICATION OF INJURY,0,0,41.7265741859,-87.6629507675,60620,"CHICAGO MIDWAY AIRPORT, IL US",83.0,59.0,44.0,0.0,10.0,8.0
crash_11410,2022-11-01 01:09:00,2022,11,Nov,Tue,1,Night or early morning,30,STOP SIGN/FLASHER,CLEAR,"DARKNESS, LIGHTED ROAD",ANGLE,FOUR WAY,DRY,INJURY AND / OR TOW DUE TO CRASH,true,true,"OVER $1,500",FAILING TO YIELD RIGHT-OF-WAY,3,NO INDICATION OF INJURY,0,0,41.8566912447,-87.6467569448,60608,"CHICAGO MIDWAY AIRPORT, IL US",53.0,48.0,83.0,0.0,6.0,8.0
crash_11411,2023-08-01 16:30:00,2023,8,Aug,Tue,16,Evening commute,30,NO CONTROLS,CLEAR,DAYLIGHT,FIXED OBJECT,PARKING LOT,DRY,NO INJURY / DRIVE AWAY,,,"OVER $1,500",UNABLE TO DETERMINE,1,NO INDICATION OF INJURY,0,0,41.9670890889,-87.6739790656,60640,"CHICAGO OHARE INTERNATIONAL AIRPORT, IL US",85.0,62.0,46.0,0.0,10.0,8.0
crash_11412,2019-05-22 14:00:00,2019,5,May,Wed,14,Daytime,10,NO CONTROLS,CLEAR,DAYLIGHT,PARKED MOTOR VEHICLE,PARKING LOT,UNKNOWN,NO INJURY / DRIVE AWAY,,,"$501 - $1,500",IMPROPER OVERTAKING/PASSING,2,NO INDICATION OF INJURY,0,0,41.9661579475,-87.644287322,60640,"CHICAGO MIDWAY AIRPORT, IL US",80.0,56.0,44.0,0.0,10.0,18.0
crash_11413,2018-12-30 15:53:00,2018,12,Dec,Sun,15,Evening commute,30,NO CONTROLS,CLEAR,DAYLIGHT,REAR END,ONE-WAY,DRY,NO INJURY / DRIVE AWAY,,true,"OVER $1,500",UNABLE TO DETERMINE,2,NO INDICATION OF INJURY,0,0,41.8918143653,-87.6256852646,60611,"CHICAGO MIDWAY AIRPORT, IL US",36.0,25.0,64.0,0.0,10.0,14.0
crash_11414,2022-01-25 16:08:00,2022,1,Jan,Tue,16,Evening commute,20,NO CONTROLS,SNOW,DAYLIGHT,FIXED OBJECT,ALLEY,SNOW OR SLUSH,INJURY AND / OR TOW DUE TO CRASH,,,"OVER $1,500",UNABLE TO DETERMINE,1,NO INDICATION OF INJURY,0,0,41.8478664572,-87.7062088087,60623,"CHICAGO MIDWAY AIRPORT, IL US",14.0,-6.0,40.0,0.0,10.0,11.0
crash_11415,2024-02-21 17:26:00,2024,2,Feb,Wed,17,Evening commute,30,TRAFFIC SIGNAL,UNKNOWN,UNKNOWN,TURNING,FOUR WAY,UNKNOWN,NO INJURY / DRIVE AWAY,true,,"OVER $1,500",UNABLE TO DETERMINE,2,NO INDICATION OF INJURY,0,0,41.900752974,-87.6242349998,60611,"CHICAGO MIDWAY AIRPORT, IL US",60.0,40.0,47.0,0.0,10.0,8.0
crash_11416,2020-08-07 18:50:00,2020,8,Aug,Fri,18,Evening commute,30,NO CONTROLS,CLEAR,DAYLIGHT,REAR END,ONE-WAY,DRY,NO INJURY / DRIVE AWAY,,true,"OVER $1,500",UNABLE TO DETERMINE,2,NO INDICATION OF INJURY,0,0,41.9433183127,-87.7454715582,60641,"CHICAGO OHARE INTERNATIONAL AIRPORT, IL US",82.0,56.0,41.0,0.0,10.0,8.0
crash_11417,2019-12-09 08:15:00,2019,12,Dec,Mon,8,Morning commute,30,TRAFFIC SIGNAL,CLEAR,DAYLIGHT,SIDESWIPE SAME DIRECTION,NOT DIVIDED,WET,NO INJURY / DRIVE AWAY,true,,"OVER $1,500",UNABLE TO DETERMINE,2,NO INDICATION OF INJURY,0,0,41.9391629565,-87.7127174597,60618,"CHICAGO MIDWAY AIRPORT, IL US",47.0,45.0,93.0,0.0,3.0,10.0
crash_11418,2025-08-22 12:30:00,2025,8,Aug,Fri,12,Daytime,30,TRAFFIC SIGNAL,CLEAR,DAYLIGHT,REAR END,DIVIDED - W/MEDIAN (NOT RAISED),DRY,NO INJURY / DRIVE AWAY,true,,$500 OR LESS,UNABLE TO DETERMINE,2,NO INDICATION OF INJURY,0,0,41.9319243438,-87.7123813859,60647,"CHICAGO MIDWAY AIRPORT, IL US",77.0,62.0,60.0,0.0,10.0,0.0
crash_11419,2018-01-20 03:37:00,2018,1,Jan,Sat,3,Night or early morning,30,UNKNOWN,UNKNOWN,"DARKNESS, LIGHTED ROAD",PARKED MOTOR VEHICLE,NOT DIVIDED,UNKNOWN,INJURY AND / OR TOW DUE TO CRASH,,true,"OVER $1,500",DRIVING ON WRONG SIDE/WRONG WAY,2,NO INDICATION OF INJURY,0,0,41.725762062,-87.6078452928,60619,"CHICAGO MIDWAY AIRPORT, IL US",37.0,28.0,70.0,0.0,10.0,9.0
crash_11420,2021-07-04 14:30:00,2021,7,Jul,Sun,14,Daytime,30,STOP SIGN/FLASHER,CLEAR,DAYLIGHT,ANGLE,NOT DIVIDED,DRY,INJURY AND / OR TOW DUE TO CRASH,true,,"OVER $1,500",FAILING TO YIELD RIGHT-OF-WAY,2,"REPORTED, NOT EVIDENT",1,0,41.924249422,-87.7538082174,60639,"CHICAGO OHARE INTERNATIONAL AIRPORT, IL US",88.0,64.0,45.0,0.0,10.0,7.0
crash_11421,2021-04-24 12:00:00,2021,4,Apr,Sat,12,Daytime,30,NO CONTROLS,CLEAR,DAYLIGHT,PARKED MOTOR VEHICLE,ONE-WAY,DRY,NO INJURY / DRIVE AWAY,,true,"$501 - $1,500",IMPROPER LANE USAGE,2,NO INDICATION OF INJURY,0,0,41.7513252772,-87.5929034827,60619,"CHICAGO MIDWAY AIRPORT, IL US",55.0,45.0,69.0,0.0,10.0,0.0
crash_11422,2019-03-07 21:28:00,2019,3,Mar,Thu,21,Night or early morning,30,TRAFFIC SIGNAL,CLEAR,"DARKNESS, LIGHTED ROAD",TURNING,OTHER,DRY,INJURY AND / OR TOW DUE TO CRASH,true,,"OVER $1,500",IMPROPER TURNING/NO SIGNAL,2,NONINCAPACITATING INJURY,1,0,41.8862827142,-87.7382065929,60624,"CHICAGO MIDWAY AIRPORT, IL US",24.0,16.0,71.0,0.0,10.0,5.0
crash_11423,2019-09-03 08:30:00,2019,9,Sep,Tue,8,Morning commute,30,NO CONTROLS,CLEAR,DAYLIGHT,TURNING,NOT DIVIDED,WET,NO INJURY / DRIVE AWAY,,,"OVER $1,500",UNABLE TO DETERMINE,2,NO INDICATION OF INJURY,0,0,41.7907088579,-87.7033297682,60629,"CHICAGO MIDWAY AIRPORT, IL US",69.0,65.0,87.0,0.04,10.0,25.0
crash_11424,2018-07-14 20:14:00,2018,7,Jul,Sat,20,Night or early morning,30,TRAFFIC SIGNAL,CLEAR,DUSK,ANGLE,DIVIDED - W/MEDIAN (NOT RAISED),DRY,INJURY AND / OR TOW DUE TO CRASH,true,true,"OVER $1,500",DISREGARDING TRAFFIC SIGNALS,3,NONINCAPACITATING INJURY,4,0,41.8157784269,-87.6652928904,60609,"CHICAGO MIDWAY AIRPORT, IL US",79.0,71.0,77.0,0.0,9.0,6.0
crash_11425,2020-10-01 18:00:00,2020,10,Oct,Thu,18,Evening commute,30,TRAFFIC SIGNAL,CLEAR,DUSK,PEDALCYCLIST,NOT DIVIDED,DRY,INJURY AND / OR TOW DUE TO CRASH,,,$500 OR LESS,UNABLE TO DETERMINE,2,NONINCAPACITATING INJURY,1,0,41.9170799724,-87.6875949954,60647,"CHICAGO MIDWAY AIRPORT, IL US",51.0,45.0,80.0,0.18,10.0,8.0
crash_11426,2025-07-03 12:40:00,2025,7,Jul,Thu,12,Daytime,30,NO CONTROLS,CLEAR,DAYLIGHT,TURNING,NOT DIVIDED,DRY,NO INJURY / DRIVE AWAY,,true,"$501 - $1,500",FOLLOWING TOO CLOSELY,2,NO INDICATION OF INJURY,0,0,41.7208489266,-87.6819151126,60643,"CHICAGO MIDWAY AIRPORT, IL US",91.0,60.0,35.0,0.0,10.0,5.0
crash_11427,2023-07-11 16:35:00,2023,7,Jul,Tue,16,Evening commute,30,TRAFFIC SIGNAL,CLEAR,DAYLIGHT,REAR END,NOT DIVIDED,DRY,NO INJURY / DRIVE AWAY,,true,"OVER $1,500",FOLLOWING TOO CLOSELY,2,NO INDICATION OF INJURY,0,0,41.8032750391,-87.6649753195,60609,"CHICAGO MIDWAY AIRPORT, IL US",70.0,66.0,87.0,0.04,10.0,17.0
crash_11428,2022-08-30 06:31:00,2022,8,Aug,Tue,6,Morning commute,30,NO CONTROLS,CLEAR,DAYLIGHT,REAR END,NOT DIVIDED,DRY,NO INJURY / DRIVE AWAY,,,"$501 - $1,500",FOLLOWING TOO CLOSELY,2,NO INDICATION OF INJURY,0,0,41.9309946347,-87.7784517165,60639,"CHICAGO OHARE INTERNATIONAL AIRPORT, IL US",66.0,59.0,78.0,,10.0,8.0
crash_11429,2018-01-07 13:30:00,2018,1,Jan,Sun,13,Daytime,30,TRAFFIC SIGNAL,OTHER,DAYLIGHT,REAR END,DIVIDED - W/MEDIAN (NOT RAISED),OTHER,NO INJURY / DRIVE AWAY,true,,$500 OR LESS,UNABLE TO DETERMINE,2,NO INDICATION OF INJURY,0,0,41.9174458939,-87.6872599718,60647,"CHICAGO MIDWAY AIRPORT, IL US",26.0,21.0,81.0,0.0,7.0,14.0
crash_11430,2019-09-15 00:30:00,2019,9,Sep,Sun,0,Night or early morning,30,TRAFFIC SIGNAL,UNKNOWN,"DARKNESS, LIGHTED ROAD",ANGLE,FOUR WAY,UNKNOWN,NO INJURY / DRIVE AWAY,true,true,$500 OR LESS,UNABLE TO DETERMINE,2,NO INDICATION OF INJURY,0,0,41.8957033633,-87.6342531195,60654,"CHICAGO MIDWAY AIRPORT, IL US",,,,0.0,10.0,8.0
crash_11431,2023-05-13 15:00:00,2023,5,May,Sat,15,Evening commute,30,NO CONTROLS,UNKNOWN,UNKNOWN,PARKED MOTOR VEHICLE,PARKING LOT,UNKNOWN,NO INJURY / DRIVE AWAY,,true,"OVER $1,500",UNABLE TO DETERMINE,2,NO INDICATION OF INJURY,0,0,41.8879667542,-87.6311801107,60654,"CHICAGO MIDWAY AIRPORT, IL US",67.0,54.0,63.0,0.0,10.0,13.0
crash_11432,2023-05-03 20:35:00,2023,5,May,Wed,20,Night or early morning,30,NO CONTROLS,CLEAR,"DARKNESS, LIGHTED ROAD",TURNING,NOT DIVIDED,DRY,INJURY AND / OR TOW DUE TO CRASH,,,"OVER $1,500",FAILING TO YIELD RIGHT-OF-WAY,2,"REPORTED, NOT EVIDENT",1,0,41.8537846381,-87.6331830544,60616,"CHICAGO MIDWAY AIRPORT, IL US",47.0,37.0,69.0,0.0,10.0,5.0
crash_11433,2020-08-28 17:13:00,2020,8,Aug,Fri,17,Evening commute,30,NO CONTROLS,CLEAR,DAYLIGHT,PARKED MOTOR VEHICLE,ONE-WAY,DRY,NO INJURY / DRIVE AWAY,,,"$501 - $1,500",DRIVING SKILLS/KNOWLEDGE/EXPERIENCE,2,NO INDICATION OF INJURY,0,0,41.7553537144,-87.6661420712,60620,"CHICAGO MIDWAY AIRPORT, IL US",94.0,65.0,38.0,0.0,10.0,10.0
crash_11434,2022-05-04 00:20:00,2022,5,May,Wed,0,Night or early morning,30,NO CONTROLS,CLEAR,DARKNESS,FIXED OBJECT,NOT DIVIDED,DRY,NO INJURY / DRIVE AWAY,,,"OVER $1,500",NOT APPLICABLE,2,NO INDICATION OF INJURY,0,0,41.928967931,-87.7955545121,60707,"CHICAGO OHARE INTERNATIONAL AIRPORT, IL US",45.0,40.0,83.0,0.0,10.0,18.0
crash_11435,2022-06-11 07:50:00,2022,6,Jun,Sat,7,Morning commute,30,NO CONTROLS,CLEAR,DAYLIGHT,SIDESWIPE SAME DIRECTION,DIVIDED - W/MEDIAN (NOT RAISED),DRY,NO INJURY / DRIVE AWAY,,,"OVER $1,500",UNABLE TO DETERMINE,2,NO INDICATION OF INJURY,0,0,41.9024432983,-87.7338044889,60651,"CHICAGO MIDWAY AIRPORT, IL US",62.0,57.0,84.0,0.0,8.0,6.0
crash_11436,2018-01-26 07:00:00,2018,1,Jan,Fri,7,Morning commute,30,NO CONTROLS,CLEAR,UNKNOWN,PARKED MOTOR VEHICLE,ONE-WAY,DRY,NO INJURY / DRIVE AWAY,,true,"OVER $1,500",NOT APPLICABLE,3,NO INDICATION OF INJURY,0,0,41.7482985029,-87.6040303562,60619,"CHICAGO MIDWAY AIRPORT, IL US",38.0,31.0,76.0,0.0,10.0,13.0
crash_11437,2018-07-23 14:30:00,2018,7,Jul,Mon,14,Daytime,30,NO CONTROLS,CLEAR,DAYLIGHT,SIDESWIPE SAME DIRECTION,NOT DIVIDED,DRY,NO INJURY / DRIVE AWAY,,,"OVER $1,500",IMPROPER OVERTAKING/PASSING,2,NO INDICATION OF INJURY,0,0,42.0086715872,-87.6903108383,60645,"CHICAGO OHARE INTERNATIONAL AIRPORT, IL US",79.0,64.0,60.0,0.0,10.0,13.0
crash_11438,2019-06-30 14:30:00,2019,6,Jun,Sun,14,Daytime,25,NO CONTROLS,CLEAR,DAYLIGHT,PEDESTRIAN,NOT DIVIDED,DRY,INJURY AND / OR TOW DUE TO CRASH,,,$500 OR LESS,UNABLE TO DETERMINE,2,INCAPACITATING INJURY,1,0,41.948519803,-87.6496701249,60613,"CHICAGO MIDWAY AIRPORT, IL US",75.0,69.0,82.0,0.1,2.0,28.0
crash_11439,2018-07-06 07:00:00,2018,7,Jul,Fri,7,Morning commute,20,NO CONTROLS,CLEAR,DAYLIGHT,PARKED MOTOR VEHICLE,ONE-WAY,DRY,NO INJURY / DRIVE AWAY,,true,"OVER $1,500",UNABLE TO DETERMINE,2,NO INDICATION OF INJURY,0,0,41.9464373339,-87.8280407936,60634,"CHICAGO OHARE INTERNATIONAL AIRPORT, IL US",70.0,56.0,61.0,0.0,10.0,15.0
crash_11440,2024-03-01 16:50:00,2024,3,Mar,Fri,16,Evening commute,30,TRAFFIC SIGNAL,CLEAR,DARKNESS,REAR END,DIVIDED - W/MEDIAN (NOT RAISED),DRY,NO INJURY / DRIVE AWAY,,,"OVER $1,500",NOT APPLICABLE,2,NO INDICATION OF INJURY,0,0,41.8090174604,-87.6429991204,60609,"CHICAGO MIDWAY AIRPORT, IL US",46.0,28.0,50.0,,10.0,9.0
crash_11441,2021-06-11 18:15:00,2021,6,Jun,Fri,18,Evening commute,30,TRAFFIC SIGNAL,CLEAR,DAYLIGHT,REAR END,NOT DIVIDED,DRY,NO INJURY / DRIVE AWAY,,,"OVER $1,500",FOLLOWING TOO CLOSELY,2,NO INDICATION OF INJURY,0,0,41.909420111,-87.7535502769,60651,"CHICAGO MIDWAY AIRPORT, IL US",90.0,60.0,37.0,0.0,10.0,5.0
crash_11442,2020-12-30 07:10:00,2020,12,Dec,Wed,7,Morning commute,20,NO CONTROLS,SNOW,DAYLIGHT,PARKED MOTOR VEHICLE,NOT DIVIDED,SNOW OR SLUSH,NO INJURY / DRIVE AWAY,,,$500 OR LESS,UNABLE TO DETERMINE,3,NO INDICATION OF INJURY,0,0,41.8163349369,-87.7014261463,60632,"CHICAGO MIDWAY AIRPORT, IL US",36.0,33.0,89.0,0.01,3.0,15.0
crash_11443,2019-03-07 00:45:00,2019,3,Mar,Thu,0,Night or early morning,30,STOP SIGN/FLASHER,CLEAR,"DARKNESS, LIGHTED ROAD",ANGLE,NOT DIVIDED,DRY,INJURY AND / OR TOW DUE TO CRASH,true,,"OVER $1,500",FAILING TO YIELD RIGHT-OF-WAY,2,NO INDICATION OF INJURY,0,0,41.7504577594,-87.6502471095,60620,"CHICAGO MIDWAY AIRPORT, IL US",22.0,9.0,57.0,0.0,10.0,11.0
crash_11444,2018-12-09 03:25:00,2018,12,Dec,Sun,3,Night or early morning,30,NO CONTROLS,CLEAR,"DARKNESS, LIGHTED ROAD",FIXED OBJECT,NOT DIVIDED,ICE,INJURY AND / OR TOW DUE TO CRASH,,,"OVER $1,500",EQUIPMENT - VEHICLE CONDITION,1,NO INDICATION OF INJURY,0,0,41.6806102858,-87.7075718865,60655,"CHICAGO MIDWAY AIRPORT, IL US",19.0,14.0,81.0,0.0,8.0,0.0
crash_11445,2020-07-07 13:50:00,2020,7,Jul,Tue,13,Daytime,30,NO CONTROLS,CLEAR,DAYLIGHT,REAR END,NOT DIVIDED,DRY,NO INJURY / DRIVE AWAY,,,"OVER $1,500",UNABLE TO DETERMINE,2,NO INDICATION OF INJURY,0,0,41.6909746677,-87.7201574255,60655,"CHICAGO MIDWAY AIRPORT, IL US",93.0,66.0,41.0,0.0,10.0,6.0
crash_11446,2022-09-28 08:30:00,2022,9,Sep,Wed,8,Morning commute,30,NO CONTROLS,CLEAR,DAYLIGHT,REAR END,NOT DIVIDED,DRY,NO INJURY / DRIVE AWAY,,,"OVER $1,500",FOLLOWING TOO CLOSELY,2,NO INDICATION OF INJURY,0,0,42.0129605956,-87.6623192991,60626,"CHICAGO OHARE INTERNATIONAL AIRPORT, IL US",50.0,39.0,66.0,0.0,10.0,13.0
crash_11447,2019-08-31 01:30:00,2019,8,Aug,Sat,1,Night or early morning,30,NO CONTROLS,CLEAR,"DARKNESS, LIGHTED ROAD",PARKED MOTOR VEHICLE,ONE-WAY,DRY,NO INJURY / DRIVE AWAY,,true,"$501 - $1,500",UNABLE TO DETERMINE,2,NO INDICATION OF INJURY,0,0,41.9667425023,-87.742943957,60630,"CHICAGO OHARE INTERNATIONAL AIRPORT, IL US",61.0,53.0,75.0,0.0,10.0,6.0
crash_11448,2022-07-03 19:04:00,2022,7,Jul,Sun,19,Night or early morning,30,NO CONTROLS,CLEAR,DAYLIGHT,SIDESWIPE SAME DIRECTION,DIVIDED - W/MEDIAN (NOT RAISED),DRY,INJURY AND / OR TOW DUE TO CRASH,false,,"OVER $1,500",IMPROPER TURNING/NO SIGNAL,3,"REPORTED, NOT EVIDENT",1,0,41.9777952657,-87.6893717826,60625,"CHICAGO OHARE INTERNATIONAL AIRPORT, IL US",84.0,56.0,38.0,0.0,10.0,11.0
crash_11449,2024-06-10 07:00:00,2024,6,Jun,Mon,7,Morning commute,30,NO CONTROLS,CLEAR,DAYLIGHT,TURNING,T-INTERSECTION,DRY,NO INJURY / DRIVE AWAY,,true,"OVER $1,500",UNABLE TO DETERMINE,2,NO INDICATION OF INJURY,0,0,41.8714527958,-87.73450146,60624,"CHICAGO MIDWAY AIRPORT, IL US",56.0,46.0,70.0,0.0,10.0,17.0
crash_11450,2018-05-28 19:40:00,2018,5,May,Mon,19,Night or early morning,30,UNKNOWN,CLEAR,DAYLIGHT,ANGLE,PARKING LOT,DRY,NO INJURY / DRIVE AWAY,,true,"$501 - $1,500",UNABLE TO DETERMINE,2,NO INDICATION OF INJURY,0,0,41.9274270922,-87.7857336277,60707,"CHICAGO OHARE INTERNATIONAL AIRPORT, IL US",87.0,62.0,43.0,0.0,10.0,7.0
crash_11451,2025-04-23 18:00:00,2025,4,Apr,Wed,18,Evening commute,30,NO CONTROLS,CLEAR,DAYLIGHT,PARKED MOTOR VEHICLE,NOT DIVIDED,DRY,NO INJURY / DRIVE AWAY,,,"OVER $1,500",NOT APPLICABLE,2,NO INDICATION OF INJURY,0,0,41.8465277577,-87.6980738839,60623,"CHICAGO MIDWAY AIRPORT, IL US",77.0,44.0,31.0,0.0,10.0,10.0
crash_11452,2018-02-21 11:30:00,2018,2,Feb,Wed,11,Daytime,35,TRAFFIC SIGNAL,CLOUDY/OVERCAST,DAYLIGHT,REAR END,DIVIDED - W/MEDIAN (NOT RAISED),DRY,NO INJURY / DRIVE AWAY,,,$500 OR LESS,FAILING TO REDUCE SPEED TO AVOID CRASH,2,NO INDICATION OF INJURY,0,0,41.7078998865,-87.5848228888,60628,"CHICAGO MIDWAY AIRPORT, IL US",32.0,21.0,64.0,0.0,10.0,11.0
crash_11453,2021-01-02 20:00:00,2021,1,Jan,Sat,20,Night or early morning,30,NO CONTROLS,CLEAR,"DARKNESS, LIGHTED ROAD",PARKED MOTOR VEHICLE,NOT DIVIDED,DRY,NO INJURY / DRIVE AWAY,,,"$501 - $1,500",UNABLE TO DETERMINE,2,NO INDICATION OF INJURY,0,0,41.8893285936,-87.630547851,60654,"CHICAGO MIDWAY AIRPORT, IL US",33.0,30.0,89.0,0.0,5.0,6.0
crash_11454,2019-03-30 19:00:00,2019,3,Mar,Sat,19,Night or early morning,25,NO CONTROLS,CLEAR,DUSK,ANGLE,NOT DIVIDED,DRY,INJURY AND / OR TOW DUE TO CRASH,true,,"OVER $1,500",NOT APPLICABLE,2,"REPORTED, NOT EVIDENT",1,0,41.9631289739,-87.8448523831,60656,"CHICAGO OHARE INTERNATIONAL AIRPORT, IL US",34.0,28.0,79.0,0.0,10.0,13.0
crash_11455,2024-01-10 18:13:00,2024,1,Jan,Wed,18,Evening commute,10,NO CONTROLS,CLEAR,DARKNESS,PARKED MOTOR VEHICLE,PARKING LOT,DRY,NO INJURY / DRIVE AWAY,,,"$501 - $1,500",NOT APPLICABLE,2,NO INDICATION OF INJURY,0,0,41.7567295724,-87.555145492,60649,"CHICAGO MIDWAY AIRPORT, IL US",31.0,26.0,82.0,0.0,10.0,13.0
crash_11456,2019-04-03 10:45:00,2019,4,Apr,Wed,10,Daytime,30,LANE USE MARKING,CLEAR,DAYLIGHT,SIDESWIPE SAME DIRECTION,DIVIDED - W/MEDIAN BARRIER,DRY,NO INJURY / DRIVE AWAY,,,$500 OR LESS,NOT APPLICABLE,2,NO INDICATION OF INJURY,0,0,41.7075106603,-87.6081028821,60628,"CHICAGO MIDWAY AIRPORT, IL US",50.0,20.0,30.0,0.0,10.0,3.0
crash_11457,2021-04-27 17:40:00,2021,4,Apr,Tue,17,Evening commute,30,BICYCLE CROSSING SIGN,CLEAR,DAYLIGHT,PEDALCYCLIST,FOUR WAY,DRY,INJURY AND / OR TOW DUE TO CRASH,true,,"OVER $1,500",DISREGARDING STOP SIGN,2,NONINCAPACITATING INJURY,1,0,41.883281626,-87.6427737585,60661,"CHICAGO MIDWAY AIRPORT, IL US",86.0,53.0,32.0,0.0,10.0,22.0
crash_11458,2022-07-27 20:20:00,2022,7,Jul,Wed,20,Night or early morning,30,NO CONTROLS,CLEAR,DUSK,PARKED MOTOR VEHICLE,ONE-WAY,DRY,NO INJURY / DRIVE AWAY,,,"OVER $1,500",UNABLE TO DETERMINE,3,NO INDICATION OF INJURY,0,0,41.9992759332,-87.6997525887,60645,"CHICAGO OHARE INTERNATIONAL AIRPORT, IL US",80.0,62.0,54.0,0.0,10.0,10.0
crash_11459,2019-06-29 18:30:00,2019,6,Jun,Sat,18,Evening commute,24,TRAFFIC SIGNAL,UNKNOWN,DAYLIGHT,TURNING,CENTER TURN LANE,DRY,INJURY AND / OR TOW DUE TO CRASH,true,,"OVER $1,500",FAILING TO YIELD RIGHT-OF-WAY,2,NO INDICATION OF INJURY,0,0,41.8018761171,-87.6211699169,60615,"CHICAGO MIDWAY AIRPORT, IL US",81.0,67.0,62.0,0.0,10.0,9.0
crash_11460,2021-02-13 16:00:00,2021,2,Feb,Sat,16,Evening commute,30,NO CONTROLS,SNOW,DAYLIGHT,TURNING,NOT DIVIDED,SNOW OR SLUSH,NO INJURY / DRIVE AWAY,,,"$501 - $1,500",IMPROPER OVERTAKING/PASSING,2,NO INDICATION OF INJURY,0,0,42.0048330139,-87.7060743546,60645,"CHICAGO OHARE INTERNATIONAL AIRPORT, IL US",9.0,2.0,73.0,0.01,4.0,10.0
crash_11461,2022-09-28 06:30:00,2022,9,Sep,Wed,6,Morning commute,30,STOP SIGN/FLASHER,RAIN,DAYLIGHT,TURNING,DIVIDED - W/MEDIAN (NOT RAISED),WET,INJURY AND / OR TOW DUE TO CRASH,true,,"OVER $1,500",FAILING TO YIELD RIGHT-OF-WAY,2,NONINCAPACITATING INJURY,1,0,41.7534531661,-87.5664130194,60649,"CHICAGO MIDWAY AIRPORT, IL US",49.0,40.0,71.0,0.0,10.0,13.0