crash_id,crash_datetime,crash_year,crash_month,crash_month_name,crash_weekday_name,crash_hour,time_period,posted_speed_limit_mph,traffic_control_device,reported_weather_condition,reported_lighting_condition,first_crash_type,trafficway_type,reported_road_surface_condition,crash_type,intersection_related,hit_and_run,estimated_damage,primary_contributory_cause,unit_count,most_severe_injury,injuries_total,injuries_fatal,latitude,longitude,zip5,weather_station_name,temperature_f,dew_point_f,relative_humidity_percent,precipitation_inches,visibility_miles,wind_speed_mph
crash_11462,2025-08-23 11:35:00,2025,8,Aug,Sat,11,Daytime,30,NO CONTROLS,CLEAR,DAYLIGHT,SIDESWIPE SAME DIRECTION,NOT DIVIDED,DRY,NO INJURY / DRIVE AWAY,,,"OVER $1,500",DRIVING SKILLS/KNOWLEDGE/EXPERIENCE,2,NO INDICATION OF INJURY,0,0,41.809307955,-87.6281393133,60609,"CHICAGO MIDWAY AIRPORT, IL US",83.0,64.0,53.0,0.0,10.0,13.0
crash_11463,2019-08-30 21:30:00,2019,8,Aug,Fri,21,Night or early morning,20,NO CONTROLS,CLEAR,DARKNESS,PARKED MOTOR VEHICLE,PARKING LOT,DRY,NO INJURY / DRIVE AWAY,,true,"OVER $1,500",FAILING TO REDUCE SPEED TO AVOID CRASH,2,NO INDICATION OF INJURY,0,0,41.8304028226,-87.6949524679,60623,"CHICAGO MIDWAY AIRPORT, IL US",67.0,51.0,57.0,0.0,10.0,5.0
crash_11464,2025-04-04 15:16:00,2025,4,Apr,Fri,15,Evening commute,30,NO CONTROLS,CLEAR,DAYLIGHT,REAR END,NOT DIVIDED,DRY,NO INJURY / DRIVE AWAY,,,"OVER $1,500",FAILING TO REDUCE SPEED TO AVOID CRASH,2,NO INDICATION OF INJURY,0,0,41.858133613,-87.6254701869,60616,"CHICAGO MIDWAY AIRPORT, IL US",49.0,34.0,56.0,0.0,10.0,10.0
crash_11465,2022-06-01 16:38:00,2022,6,Jun,Wed,16,Evening commute,25,UNKNOWN,CLEAR,DAYLIGHT,REAR END,NOT DIVIDED,UNKNOWN,NO INJURY / DRIVE AWAY,,,"$501 - $1,500",UNABLE TO DETERMINE,3,NO INDICATION OF INJURY,0,0,41.9737547302,-87.7880575583,60656,"CHICAGO OHARE INTERNATIONAL AIRPORT, IL US",68.0,54.0,61.0,0.0,10.0,9.0
crash_11466,2023-05-19 10:20:00,2023,5,May,Fri,10,Daytime,30,NO CONTROLS,CLEAR,DAYLIGHT,REAR END,PARKING LOT,UNKNOWN,NO INJURY / DRIVE AWAY,,,"OVER $1,500",DRIVING SKILLS/KNOWLEDGE/EXPERIENCE,2,NO INDICATION OF INJURY,0,0,41.9676710151,-87.767596237,60630,"CHICAGO OHARE INTERNATIONAL AIRPORT, IL US",65.0,60.0,84.0,0.0,8.0,8.0
crash_11467,2020-12-26 16:25:00,2020,12,Dec,Sat,16,Evening commute,30,NO CONTROLS,CLEAR,"DARKNESS, LIGHTED ROAD",SIDESWIPE SAME DIRECTION,NOT DIVIDED,DRY,NO INJURY / DRIVE AWAY,,true,$500 OR LESS,IMPROPER OVERTAKING/PASSING,2,NO INDICATION OF INJURY,0,0,41.7653376638,-87.6257686701,60621,"CHICAGO MIDWAY AIRPORT, IL US",30.0,17.0,58.0,0.0,10.0,7.0
crash_11468,2022-07-28 08:05:00,2022,7,Jul,Thu,8,Morning commute,30,TRAFFIC SIGNAL,CLOUDY/OVERCAST,DAYLIGHT,SIDESWIPE SAME DIRECTION,NOT DIVIDED,DRY,NO INJURY / DRIVE AWAY,,,"OVER $1,500",UNABLE TO DETERMINE,2,NO INDICATION OF INJURY,0,0,41.8987298306,-87.7460387132,60651,"CHICAGO MIDWAY AIRPORT, IL US",72.0,61.0,68.0,0.0,10.0,9.0
crash_11469,2018-02-13 22:30:00,2018,2,Feb,Tue,22,Night or early morning,30,UNKNOWN,UNKNOWN,UNKNOWN,PEDESTRIAN,ONE-WAY,UNKNOWN,INJURY AND / OR TOW DUE TO CRASH,true,true,$500 OR LESS,"OPERATING VEHICLE IN ERRATIC, RECKLESS, CARELESS, NEGLIGENT OR AGGRESSIVE MANNER",2,NONINCAPACITATING INJURY,1,0,41.7531775404,-87.6076467342,60619,"CHICAGO MIDWAY AIRPORT, IL US",29.0,23.0,78.0,0.0,9.0,6.0
crash_11470,2020-02-22 13:55:00,2020,2,Feb,Sat,13,Daytime,35,NO CONTROLS,CLEAR,DAYLIGHT,SIDESWIPE OPPOSITE DIRECTION,PARKING LOT,DRY,NO INJURY / DRIVE AWAY,,,"$501 - $1,500",IMPROPER BACKING,2,NO INDICATION OF INJURY,0,0,41.7647358627,-87.6284166431,60621,"CHICAGO MIDWAY AIRPORT, IL US",50.0,25.0,38.0,0.0,10.0,16.0
crash_11471,2019-03-23 22:05:00,2019,3,Mar,Sat,22,Night or early morning,25,NO CONTROLS,CLEAR,DARKNESS,REAR END,DIVIDED - W/MEDIAN (NOT RAISED),DRY,NO INJURY / DRIVE AWAY,,,"OVER $1,500",NOT APPLICABLE,2,NO INDICATION OF INJURY,0,0,41.9979635532,-87.6708390672,60660,"CHICAGO OHARE INTERNATIONAL AIRPORT, IL US",43.0,27.0,53.0,0.0,10.0,6.0
crash_11472,2021-10-26 03:15:00,2021,10,Oct,Tue,3,Night or early morning,30,TRAFFIC SIGNAL,CLEAR,"DARKNESS, LIGHTED ROAD",ANGLE,TRAFFIC ROUTE,DRY,INJURY AND / OR TOW DUE TO CRASH,true,,"OVER $1,500",DISREGARDING TRAFFIC SIGNALS,2,NONINCAPACITATING INJURY,1,0,41.7361651101,-87.625587569,60620,"CHICAGO MIDWAY AIRPORT, IL US",49.0,40.0,71.0,0.0,10.0,8.0
crash_11473,2025-07-31 08:55:00,2025,7,Jul,Thu,8,Morning commute,30,TRAFFIC SIGNAL,CLEAR,DAYLIGHT,REAR END,NOT DIVIDED,DRY,NO INJURY / DRIVE AWAY,,true,$500 OR LESS,DRIVING SKILLS/KNOWLEDGE/EXPERIENCE,2,NO INDICATION OF INJURY,0,0,41.7370309923,-87.5850864535,60617,"CHICAGO MIDWAY AIRPORT, IL US",72.0,58.0,61.0,0.0,8.0,16.0
crash_11474,2025-02-17 16:31:00,2025,2,Feb,Mon,16,Evening commute,30,STOP SIGN/FLASHER,CLEAR,DAYLIGHT,PARKED MOTOR VEHICLE,ONE-WAY,DRY,NO INJURY / DRIVE AWAY,true,,"OVER $1,500",DRIVING ON WRONG SIDE/WRONG WAY,2,NO INDICATION OF INJURY,0,0,41.9337774676,-87.7230145534,60618,"CHICAGO MIDWAY AIRPORT, IL US",9.0,-8.0,46.0,0.0,10.0,14.0
crash_11475,2023-06-30 17:00:00,2023,6,Jun,Fri,17,Evening commute,30,UNKNOWN,UNKNOWN,UNKNOWN,PARKED MOTOR VEHICLE,NOT DIVIDED,UNKNOWN,NO INJURY / DRIVE AWAY,,,"OVER $1,500",UNABLE TO DETERMINE,2,NO INDICATION OF INJURY,0,0,41.9465769553,-87.6561875411,60657,"CHICAGO MIDWAY AIRPORT, IL US",87.0,63.0,45.0,0.0,9.0,3.0
crash_11476,2021-09-01 11:00:00,2021,9,Sep,Wed,11,Daytime,30,NO CONTROLS,CLEAR,DAYLIGHT,PARKED MOTOR VEHICLE,ONE-WAY,DRY,NO INJURY / DRIVE AWAY,,,"OVER $1,500",NOT APPLICABLE,2,NO INDICATION OF INJURY,0,0,41.8708441746,-87.724153965,60624,"CHICAGO MIDWAY AIRPORT, IL US",75.0,54.0,48.0,0.0,10.0,17.0
crash_11477,2019-11-01 15:00:00,2019,11,Nov,Fri,15,Evening commute,15,NO CONTROLS,UNKNOWN,UNKNOWN,PARKED MOTOR VEHICLE,PARKING LOT,UNKNOWN,NO INJURY / DRIVE AWAY,,true,$500 OR LESS,NOT APPLICABLE,2,NO INDICATION OF INJURY,0,0,41.905753191,-87.6663803614,60642,"CHICAGO MIDWAY AIRPORT, IL US",45.0,25.0,46.0,0.0,10.0,14.0
crash_11478,2020-10-08 14:30:00,2020,10,Oct,Thu,14,Daytime,20,TRAFFIC SIGNAL,CLEAR,DAYLIGHT,REAR END,NOT DIVIDED,DRY,NO INJURY / DRIVE AWAY,,,"OVER $1,500",FOLLOWING TOO CLOSELY,3,NO INDICATION OF INJURY,0,0,41.8072153864,-87.6647877631,60609,"CHICAGO MIDWAY AIRPORT, IL US",65.0,47.0,52.0,0.0,10.0,13.0
crash_11479,2022-01-06 19:42:00,2022,1,Jan,Thu,19,Night or early morning,30,STOP SIGN/FLASHER,SNOW,"DARKNESS, LIGHTED ROAD",TURNING,FOUR WAY,ICE,INJURY AND / OR TOW DUE TO CRASH,true,,"OVER $1,500",DRIVING SKILLS/KNOWLEDGE/EXPERIENCE,2,NONINCAPACITATING INJURY,1,0,41.7588733136,-87.5862494615,60619,"CHICAGO MIDWAY AIRPORT, IL US",11.0,1.0,64.0,0.0,9.0,20.0
crash_11480,2021-06-28 13:45:00,2021,6,Jun,Mon,13,Daytime,30,STOP SIGN/FLASHER,CLEAR,DAYLIGHT,SIDESWIPE SAME DIRECTION,DIVIDED - W/MEDIAN (NOT RAISED),DRY,NO INJURY / DRIVE AWAY,true,,"OVER $1,500",IMPROPER OVERTAKING/PASSING,2,NO INDICATION OF INJURY,0,0,41.8999716685,-87.6240119406,60611,"CHICAGO MIDWAY AIRPORT, IL US",84.0,70.0,62.0,,10.0,5.0
crash_11481,2020-09-07 20:40:00,2020,9,Sep,Mon,20,Night or early morning,35,NO CONTROLS,UNKNOWN,UNKNOWN,PARKED MOTOR VEHICLE,NOT DIVIDED,UNKNOWN,NO INJURY / DRIVE AWAY,,,"OVER $1,500",IMPROPER BACKING,2,NO INDICATION OF INJURY,0,0,41.9674576529,-87.7512772524,60630,"CHICAGO OHARE INTERNATIONAL AIRPORT, IL US",67.0,49.0,53.0,0.0,10.0,17.0
crash_11482,2024-05-24 14:00:00,2024,5,May,Fri,14,Daytime,10,NO CONTROLS,CLEAR,DAYLIGHT,ANGLE,PARKING LOT,UNKNOWN,NO INJURY / DRIVE AWAY,,true,"OVER $1,500",UNABLE TO DETERMINE,2,NO INDICATION OF INJURY,0,0,41.7578056585,-87.586268258,60619,"CHICAGO MIDWAY AIRPORT, IL US",69.0,62.0,78.0,0.02,10.0,14.0
crash_11483,2023-01-11 01:22:00,2023,1,Jan,Wed,1,Night or early morning,30,NO CONTROLS,CLEAR,"DARKNESS, LIGHTED ROAD",PARKED MOTOR VEHICLE,NOT DIVIDED,DRY,NO INJURY / DRIVE AWAY,,true,"$501 - $1,500",UNABLE TO DETERMINE,3,NO INDICATION OF INJURY,0,0,41.8534660223,-87.654866381,60608,"CHICAGO MIDWAY AIRPORT, IL US",39.0,35.0,86.0,0.0,9.0,5.0
crash_11484,2024-12-13 12:00:00,2024,12,Dec,Fri,12,Daytime,30,NO CONTROLS,CLEAR,DAYLIGHT,REAR END,NOT DIVIDED,DRY,NO INJURY / DRIVE AWAY,,,"OVER $1,500",PHYSICAL CONDITION OF DRIVER,2,NO INDICATION OF INJURY,0,0,41.7571398043,-87.6634523915,60620,"CHICAGO MIDWAY AIRPORT, IL US",25.0,11.0,55.0,,10.0,3.0
crash_11485,2025-08-07 13:28:00,2025,8,Aug,Thu,13,Daytime,35,NO CONTROLS,CLEAR,DAYLIGHT,REAR END,DIVIDED - W/MEDIAN BARRIER,DRY,NO INJURY / DRIVE AWAY,,,"OVER $1,500",UNABLE TO DETERMINE,2,NO INDICATION OF INJURY,0,0,41.7824286294,-87.5758922137,60637,"CHICAGO MIDWAY AIRPORT, IL US",90.0,68.0,48.0,0.0,10.0,13.0
crash_11486,2025-11-13 08:45:00,2025,11,Nov,Thu,8,Morning commute,30,TRAFFIC SIGNAL,CLEAR,DAYLIGHT,ANGLE,FOUR WAY,DRY,NO INJURY / DRIVE AWAY,true,,"OVER $1,500",UNABLE TO DETERMINE,2,NO INDICATION OF INJURY,0,0,41.8754497276,-87.6570618707,60607,,,,,,,
crash_11487,2023-02-18 03:00:00,2023,2,Feb,Sat,3,Night or early morning,30,UNKNOWN,UNKNOWN,UNKNOWN,PARKED MOTOR VEHICLE,UNKNOWN,UNKNOWN,NO INJURY / DRIVE AWAY,,,"OVER $1,500",UNABLE TO DETERMINE,3,NO INDICATION OF INJURY,0,0,41.9380935898,-87.8113152012,60634,"CHICAGO OHARE INTERNATIONAL AIRPORT, IL US",27.0,17.0,66.0,0.0,10.0,16.0
crash_11488,2024-10-29 02:00:00,2024,10,Oct,Tue,2,Night or early morning,20,NO CONTROLS,CLEAR,"DARKNESS, LIGHTED ROAD",FIXED OBJECT,DIVIDED - W/MEDIAN (NOT RAISED),DRY,NO INJURY / DRIVE AWAY,,,"OVER $1,500",UNABLE TO DETERMINE,1,NO INDICATION OF INJURY,0,0,41.823684452,-87.6371941817,60609,"CHICAGO MIDWAY AIRPORT, IL US",70.0,58.0,66.0,0.0,10.0,15.0
crash_11489,2024-06-23 20:54:00,2024,6,Jun,Sun,20,Night or early morning,30,NO CONTROLS,CLEAR,UNKNOWN,ANGLE,NOT DIVIDED,UNKNOWN,INJURY AND / OR TOW DUE TO CRASH,,true,"$501 - $1,500",FAILING TO YIELD RIGHT-OF-WAY,2,NONINCAPACITATING INJURY,1,0,41.8008694948,-87.7295108154,60632,"CHICAGO MIDWAY AIRPORT, IL US",75.0,60.0,60.0,0.0,10.0,11.0
crash_11490,2019-02-01 06:30:00,2019,2,Feb,Fri,6,Morning commute,10,NO CONTROLS,CLEAR,DAYLIGHT,PARKED MOTOR VEHICLE,PARKING LOT,SNOW OR SLUSH,INJURY AND / OR TOW DUE TO CRASH,,,"OVER $1,500",UNABLE TO DETERMINE,2,NO INDICATION OF INJURY,0,0,42.0144925176,-87.6792267117,60626,"CHICAGO OHARE INTERNATIONAL AIRPORT, IL US",6.0,3.0,87.0,0.0,7.0,6.0
crash_11491,2021-05-14 17:50:00,2021,5,May,Fri,17,Evening commute,30,NO CONTROLS,CLEAR,DAYLIGHT,TURNING,DIVIDED - W/MEDIAN (NOT RAISED),DRY,NO INJURY / DRIVE AWAY,,,"OVER $1,500",FAILING TO YIELD RIGHT-OF-WAY,2,NO INDICATION OF INJURY,0,0,41.8950586207,-87.7546764471,60651,"CHICAGO MIDWAY AIRPORT, IL US",68.0,27.0,21.0,0.0,10.0,10.0
crash_11492,2025-12-16 20:30:00,2025,12,Dec,Tue,20,Night or early morning,30,NO CONTROLS,CLEAR,"DARKNESS, LIGHTED ROAD",TURNING,T-INTERSECTION,DRY,NO INJURY / DRIVE AWAY,,true,"OVER $1,500",UNABLE TO DETERMINE,2,NO INDICATION OF INJURY,0,0,41.9018731535,-87.7610326495,60651,,,,,,,
crash_11493,2023-01-29 15:00:00,2023,1,Jan,Sun,15,Evening commute,30,UNKNOWN,UNKNOWN,UNKNOWN,SIDESWIPE SAME DIRECTION,NOT DIVIDED,UNKNOWN,NO INJURY / DRIVE AWAY,,false,"OVER $1,500",UNABLE TO DETERMINE,2,NO INDICATION OF INJURY,0,0,41.896790572,-87.6243806554,60611,"CHICAGO MIDWAY AIRPORT, IL US",26.0,18.0,71.0,0.0,10.0,7.0
crash_11494,2018-09-03 13:26:00,2018,9,Sep,Mon,13,Daytime,30,NO CONTROLS,CLOUDY/OVERCAST,DAYLIGHT,PARKED MOTOR VEHICLE,ONE-WAY,DRY,NO INJURY / DRIVE AWAY,,true,"$501 - $1,500",UNABLE TO DETERMINE,2,NO INDICATION OF INJURY,0,0,41.9336446386,-87.6545421999,60657,"CHICAGO MIDWAY AIRPORT, IL US",84.0,71.0,65.0,,10.0,10.0
crash_11495,2019-09-09 15:35:00,2019,9,Sep,Mon,15,Evening commute,10,NO CONTROLS,CLEAR,"DARKNESS, LIGHTED ROAD",REAR TO FRONT,PARKING LOT,DRY,NO INJURY / DRIVE AWAY,,true,"$501 - $1,500",FAILING TO REDUCE SPEED TO AVOID CRASH,2,NO INDICATION OF INJURY,0,0,41.8977408563,-87.623961316,60611,"CHICAGO MIDWAY AIRPORT, IL US",75.0,64.0,69.0,0.0,10.0,9.0
crash_11496,2024-04-04 12:30:00,2024,4,Apr,Thu,12,Daytime,15,NO CONTROLS,RAIN,DAYLIGHT,PARKED MOTOR VEHICLE,NOT DIVIDED,WET,NO INJURY / DRIVE AWAY,,true,"$501 - $1,500",IMPROPER TURNING/NO SIGNAL,2,NO INDICATION OF INJURY,0,0,41.9427471952,-87.6883543215,60618,"CHICAGO MIDWAY AIRPORT, IL US",39.0,35.0,86.0,0.02,8.0,14.0
crash_11497,2023-08-22 08:08:00,2023,8,Aug,Tue,8,Morning commute,30,TRAFFIC SIGNAL,CLEAR,DAYLIGHT,TURNING,NOT DIVIDED,DRY,INJURY AND / OR TOW DUE TO CRASH,,,"OVER $1,500",FAILING TO YIELD RIGHT-OF-WAY,2,"REPORTED, NOT EVIDENT",1,0,41.9033460257,-87.6604889026,60642,"CHICAGO MIDWAY AIRPORT, IL US",74.0,69.0,85.0,0.0,10.0,6.0
crash_11498,2021-06-15 14:10:00,2021,6,Jun,Tue,14,Daytime,35,NO CONTROLS,CLEAR,DAYLIGHT,REAR END,DIVIDED - W/MEDIAN BARRIER,DRY,INJURY AND / OR TOW DUE TO CRASH,,,"OVER $1,500",IMPROPER OVERTAKING/PASSING,2,NONINCAPACITATING INJURY,1,0,41.8399651584,-87.6093799516,60616,"CHICAGO MIDWAY AIRPORT, IL US",77.0,49.0,37.0,0.0,10.0,14.0
crash_11499,2024-11-03 02:45:00,2024,11,Nov,Sun,2,Night or early morning,30,NO CONTROLS,CLEAR,"DARKNESS, LIGHTED ROAD",PARKED MOTOR VEHICLE,NOT DIVIDED,DRY,NO INJURY / DRIVE AWAY,,true,"OVER $1,500",IMPROPER LANE USAGE,2,NO INDICATION OF INJURY,0,0,41.7878865828,-87.7217474138,60629,"CHICAGO MIDWAY AIRPORT, IL US",51.0,34.0,52.0,0.0,10.0,8.0
crash_11500,2018-12-18 13:17:00,2018,12,Dec,Tue,13,Daytime,15,NO CONTROLS,CLEAR,DAYLIGHT,PARKED MOTOR VEHICLE,PARKING LOT,DRY,NO INJURY / DRIVE AWAY,,true,$500 OR LESS,UNABLE TO DETERMINE,2,NO INDICATION OF INJURY,0,0,41.8656548861,-87.768050779,60644,"CHICAGO MIDWAY AIRPORT, IL US",41.0,27.0,57.0,0.0,10.0,10.0
crash_11501,2021-02-14 01:47:00,2021,2,Feb,Sun,1,Night or early morning,30,TRAFFIC SIGNAL,CLEAR,"DARKNESS, LIGHTED ROAD",ANGLE,T-INTERSECTION,WET,INJURY AND / OR TOW DUE TO CRASH,true,true,"OVER $1,500",UNABLE TO DETERMINE,2,NO INDICATION OF INJURY,0,0,41.7805249578,-87.5846854169,60649,"CHICAGO MIDWAY AIRPORT, IL US",-2.0,-13.0,59.0,0.0,10.0,14.0
crash_11502,2021-08-27 06:00:00,2021,8,Aug,Fri,6,Morning commute,30,NO CONTROLS,CLEAR,DUSK,PARKED MOTOR VEHICLE,NOT DIVIDED,DRY,NO INJURY / DRIVE AWAY,,true,"$501 - $1,500",UNABLE TO DETERMINE,2,NO INDICATION OF INJURY,0,0,41.7862715758,-87.7088522449,60629,"CHICAGO MIDWAY AIRPORT, IL US",74.0,66.0,76.0,0.0,10.0,0.0
crash_11503,2025-01-25 15:00:00,2025,1,Jan,Sat,15,Evening commute,30,TRAFFIC SIGNAL,CLEAR,DAYLIGHT,ANGLE,FOUR WAY,DRY,NO INJURY / DRIVE AWAY,true,true,"OVER $1,500",UNABLE TO DETERMINE,2,NO INDICATION OF INJURY,0,0,41.8083784079,-87.6845707169,60632,"CHICAGO MIDWAY AIRPORT, IL US",43.0,23.0,45.0,0.0,10.0,20.0
crash_11504,2020-02-02 10:00:00,2020,2,Feb,Sun,10,Daytime,30,UNKNOWN,UNKNOWN,UNKNOWN,REAR END,ONE-WAY,UNKNOWN,NO INJURY / DRIVE AWAY,,,"OVER $1,500",NOT APPLICABLE,2,NO INDICATION OF INJURY,0,0,41.8720236003,-87.7011550806,60612,"CHICAGO MIDWAY AIRPORT, IL US",45.0,33.0,63.0,0.0,10.0,17.0
crash_11505,2019-04-26 07:26:00,2019,4,Apr,Fri,7,Morning commute,30,NO CONTROLS,CLEAR,DAYLIGHT,TURNING,ONE-WAY,DRY,NO INJURY / DRIVE AWAY,,,"OVER $1,500",IMPROPER TURNING/NO SIGNAL,2,NO INDICATION OF INJURY,0,0,41.7600210633,-87.6338017514,60621,"CHICAGO MIDWAY AIRPORT, IL US",52.0,40.0,64.0,0.0,10.0,17.0
crash_11506,2020-07-05 14:09:00,2020,7,Jul,Sun,14,Daytime,30,NO CONTROLS,CLEAR,DAYLIGHT,PARKED MOTOR VEHICLE,NOT DIVIDED,DRY,NO INJURY / DRIVE AWAY,,true,"OVER $1,500",UNABLE TO DETERMINE,4,NO INDICATION OF INJURY,0,0,41.7561623608,-87.6551138609,60620,"CHICAGO MIDWAY AIRPORT, IL US",89.0,62.0,41.0,0.0,10.0,9.0
crash_11507,2021-07-12 18:10:00,2021,7,Jul,Mon,18,Evening commute,35,NO CONTROLS,CLEAR,DAYLIGHT,REAR END,NOT DIVIDED,DRY,NO INJURY / DRIVE AWAY,,,"OVER $1,500",NOT APPLICABLE,2,NO INDICATION OF INJURY,0,0,41.7937104331,-87.6878481426,60629,"CHICAGO MIDWAY AIRPORT, IL US",75.0,66.0,74.0,0.0,9.0,9.0
crash_11508,2023-01-11 20:10:00,2023,1,Jan,Wed,20,Night or early morning,30,NO CONTROLS,CLEAR,DARKNESS,REAR END,NOT DIVIDED,DRY,NO INJURY / DRIVE AWAY,,,"$501 - $1,500",UNABLE TO DETERMINE,2,NO INDICATION OF INJURY,0,0,41.8981616719,-87.6344073368,60610,"CHICAGO MIDWAY AIRPORT, IL US",48.0,42.0,80.0,,8.0,5.0
crash_11509,2018-10-15 15:25:00,2018,10,Oct,Mon,15,Evening commute,30,NO CONTROLS,CLEAR,DAYLIGHT,TURNING,DIVIDED - W/MEDIAN (NOT RAISED),DRY,NO INJURY / DRIVE AWAY,,,"$501 - $1,500",UNABLE TO DETERMINE,2,NO INDICATION OF INJURY,0,0,41.9949914216,-87.6994046856,60659,"CHICAGO OHARE INTERNATIONAL AIRPORT, IL US",47.0,26.0,44.0,0.0,10.0,17.0
crash_11510,2025-04-30 14:15:00,2025,4,Apr,Wed,14,Daytime,30,NO CONTROLS,RAIN,DAYLIGHT,SIDESWIPE SAME DIRECTION,DIVIDED - W/MEDIAN (NOT RAISED),WET,NO INJURY / DRIVE AWAY,,true,"OVER $1,500",IMPROPER LANE USAGE,2,NO INDICATION OF INJURY,0,0,41.9463851993,-87.7348413916,60641,"CHICAGO OHARE INTERNATIONAL AIRPORT, IL US",61.0,42.0,50.0,0.0,10.0,11.0
crash_11511,2022-07-23 08:30:00,2022,7,Jul,Sat,8,Morning commute,30,NO CONTROLS,CLEAR,DAYLIGHT,SIDESWIPE SAME DIRECTION,NOT DIVIDED,WET,INJURY AND / OR TOW DUE TO CRASH,,,"OVER $1,500",FAILING TO YIELD RIGHT-OF-WAY,2,"REPORTED, NOT EVIDENT",2,0,41.8858269214,-87.7302857337,60624,"CHICAGO MIDWAY AIRPORT, IL US",76.0,69.0,79.0,0.0,10.0,13.0
crash_11512,2024-04-23 15:55:00,2024,4,Apr,Tue,15,Evening commute,30,TRAFFIC SIGNAL,CLEAR,DAYLIGHT,REAR END,FOUR WAY,DRY,INJURY AND / OR TOW DUE TO CRASH,true,,"$501 - $1,500",FOLLOWING TOO CLOSELY,2,"REPORTED, NOT EVIDENT",1,0,41.8869577044,-87.6671724175,60612,"CHICAGO MIDWAY AIRPORT, IL US",63.0,49.0,60.0,0.0,10.0,15.0
crash_11513,2023-04-21 11:20:00,2023,4,Apr,Fri,11,Daytime,30,TRAFFIC SIGNAL,CLEAR,DAYLIGHT,TURNING,FOUR WAY,DRY,NO INJURY / DRIVE AWAY,true,true,"OVER $1,500",IMPROPER TURNING/NO SIGNAL,2,NO INDICATION OF INJURY,0,0,41.8801968597,-87.7647163899,60644,"CHICAGO MIDWAY AIRPORT, IL US",51.0,36.0,56.0,0.0,10.0,8.0
crash_11514,2025-02-20 22:00:00,2025,2,Feb,Thu,22,Night or early morning,30,NO CONTROLS,UNKNOWN,UNKNOWN,PARKED MOTOR VEHICLE,DIVIDED - W/MEDIAN (NOT RAISED),UNKNOWN,NO INJURY / DRIVE AWAY,,true,"OVER $1,500",UNABLE TO DETERMINE,2,NO INDICATION OF INJURY,0,0,41.9172454823,-87.7289416856,60639,"CHICAGO MIDWAY AIRPORT, IL US",18.0,7.0,62.0,0.0,10.0,7.0
crash_11515,2019-04-04 07:15:00,2019,4,Apr,Thu,7,Morning commute,30,TRAFFIC SIGNAL,CLEAR,DAYLIGHT,REAR END,NOT DIVIDED,DRY,NO INJURY / DRIVE AWAY,,,$500 OR LESS,PHYSICAL CONDITION OF DRIVER,2,NO INDICATION OF INJURY,0,0,41.7798609771,-87.6447319199,60621,"CHICAGO MIDWAY AIRPORT, IL US",46.0,41.0,83.0,0.0,10.0,7.0
crash_11516,2025-01-18 00:05:00,2025,1,Jan,Sat,0,Night or early morning,30,TRAFFIC SIGNAL,CLEAR,"DARKNESS, LIGHTED ROAD",REAR END,FOUR WAY,DRY,NO INJURY / DRIVE AWAY,true,true,"$501 - $1,500",FOLLOWING TOO CLOSELY,2,NO INDICATION OF INJURY,0,0,41.7215707064,-87.6238733539,60628,"CHICAGO MIDWAY AIRPORT, IL US",42.0,31.0,65.0,0.0,10.0,11.0
crash_11517,2025-02-23 05:15:00,2025,2,Feb,Sun,5,Night or early morning,30,STOP SIGN/FLASHER,CLEAR,DAYLIGHT,SIDESWIPE SAME DIRECTION,ONE-WAY,DRY,NO INJURY / DRIVE AWAY,,true,"OVER $1,500",UNABLE TO DETERMINE,2,NO INDICATION OF INJURY,0,0,41.971959915,-87.7111648841,60625,"CHICAGO OHARE INTERNATIONAL AIRPORT, IL US",25.0,17.0,72.0,0.0,10.0,6.0
crash_11518,2024-08-20 12:38:00,2024,8,Aug,Tue,12,Daytime,20,STOP SIGN/FLASHER,CLEAR,DAYLIGHT,PARKED MOTOR VEHICLE,OTHER,DRY,NO INJURY / DRIVE AWAY,true,,$500 OR LESS,UNABLE TO DETERMINE,2,NO INDICATION OF INJURY,0,0,41.8975700638,-87.6219845355,60611,"CHICAGO MIDWAY AIRPORT, IL US",71.0,51.0,49.0,0.0,10.0,10.0
crash_11519,2024-05-24 16:19:00,2024,5,May,Fri,16,Evening commute,30,NO CONTROLS,CLEAR,DAYLIGHT,REAR END,NOT DIVIDED,DRY,NO INJURY / DRIVE AWAY,,true,"OVER $1,500",UNABLE TO DETERMINE,2,NO INDICATION OF INJURY,0,0,41.9434325574,-87.731197406,60641,"CHICAGO OHARE INTERNATIONAL AIRPORT, IL US",73.0,62.0,69.0,0.0,10.0,11.0
crash_11520,2025-05-13 16:25:00,2025,5,May,Tue,16,Evening commute,35,TRAFFIC SIGNAL,CLEAR,DAYLIGHT,TURNING,ONE-WAY,DRY,NO INJURY / DRIVE AWAY,true,,"OVER $1,500",IMPROPER TURNING/NO SIGNAL,2,NO INDICATION OF INJURY,0,0,41.8742388499,-87.6442832498,60607,"CHICAGO MIDWAY AIRPORT, IL US",75.0,58.0,55.0,0.0,10.0,13.0
crash_11521,2022-02-24 15:31:00,2022,2,Feb,Thu,15,Evening commute,30,TRAFFIC SIGNAL,SNOW,DAYLIGHT,SIDESWIPE SAME DIRECTION,NOT DIVIDED,SNOW OR SLUSH,NO INJURY / DRIVE AWAY,,true,"$501 - $1,500",UNABLE TO DETERMINE,2,NO INDICATION OF INJURY,0,0,41.9794313193,-87.8366357886,60656,"CHICAGO OHARE INTERNATIONAL AIRPORT, IL US",25.0,20.0,81.0,0.01,0.75,13.0