crash_id,crash_datetime,crash_year,crash_month,crash_month_name,crash_weekday_name,crash_hour,time_period,posted_speed_limit_mph,traffic_control_device,reported_weather_condition,reported_lighting_condition,first_crash_type,trafficway_type,reported_road_surface_condition,crash_type,intersection_related,hit_and_run,estimated_damage,primary_contributory_cause,unit_count,most_severe_injury,injuries_total,injuries_fatal,latitude,longitude,zip5,weather_station_name,temperature_f,dew_point_f,relative_humidity_percent,precipitation_inches,visibility_miles,wind_speed_mph
crash_11522,2024-10-13 08:30:00,2024,10,Oct,Sun,8,Morning commute,30,NO CONTROLS,UNKNOWN,DAYLIGHT,REAR END,DIVIDED - W/MEDIAN (NOT RAISED),UNKNOWN,NO INJURY / DRIVE AWAY,,,"OVER $1,500",FAILING TO REDUCE SPEED TO AVOID CRASH,2,NO INDICATION OF INJURY,0,0,41.9536466519,-87.7184849051,60618,"CHICAGO OHARE INTERNATIONAL AIRPORT, IL US",58.0,51.0,78.0,0.0,10.0,7.0
crash_11523,2025-10-22 01:00:00,2025,10,Oct,Wed,1,Night or early morning,30,NO CONTROLS,CLEAR,"DARKNESS, LIGHTED ROAD",TURNING,NOT DIVIDED,DRY,INJURY AND / OR TOW DUE TO CRASH,,true,"OVER $1,500",FAILING TO REDUCE SPEED TO AVOID CRASH,2,NO INDICATION OF INJURY,0,0,41.9608043963,-87.7306935987,60641,,,,,,,
crash_11524,2019-12-10 10:00:00,2019,12,Dec,Tue,10,Daytime,30,NO CONTROLS,CLEAR,DAYLIGHT,SIDESWIPE SAME DIRECTION,DIVIDED - W/MEDIAN BARRIER,DRY,NO INJURY / DRIVE AWAY,,,"$501 - $1,500",UNABLE TO DETERMINE,2,NO INDICATION OF INJURY,0,0,41.8778728633,-87.666552719,60607,"CHICAGO MIDWAY AIRPORT, IL US",18.0,7.0,62.0,0.0,10.0,10.0
crash_11525,2021-09-16 14:45:00,2021,9,Sep,Thu,14,Daytime,30,NO CONTROLS,CLEAR,DAYLIGHT,PARKED MOTOR VEHICLE,ONE-WAY,DRY,NO INJURY / DRIVE AWAY,,true,"$501 - $1,500",UNABLE TO DETERMINE,2,NO INDICATION OF INJURY,0,0,41.8979085297,-87.7199079124,60651,"CHICAGO MIDWAY AIRPORT, IL US",81.0,48.0,32.0,0.0,10.0,8.0
crash_11526,2023-08-13 04:00:00,2023,8,Aug,Sun,4,Night or early morning,30,TRAFFIC SIGNAL,CLEAR,DUSK,REAR END,NOT DIVIDED,DRY,NO INJURY / DRIVE AWAY,,,"OVER $1,500",UNABLE TO DETERMINE,2,NO INDICATION OF INJURY,0,0,41.7930372426,-87.7496406265,60638,"CHICAGO MIDWAY AIRPORT, IL US",69.0,58.0,68.0,0.0,10.0,6.0
crash_11527,2024-06-01 20:38:00,2024,6,Jun,Sat,20,Night or early morning,30,STOP SIGN/FLASHER,RAIN,"DARKNESS, LIGHTED ROAD",TURNING,NOT DIVIDED,WET,INJURY AND / OR TOW DUE TO CRASH,,,$500 OR LESS,FAILING TO YIELD RIGHT-OF-WAY,2,"REPORTED, NOT EVIDENT",2,0,41.8697757068,-87.7105061867,60624,"CHICAGO MIDWAY AIRPORT, IL US",68.0,65.0,90.0,0.0,9.0,6.0
crash_11528,2019-05-12 06:11:00,2019,5,May,Sun,6,Morning commute,30,NO CONTROLS,CLEAR,DAYLIGHT,FIXED OBJECT,NOT DIVIDED,DRY,INJURY AND / OR TOW DUE TO CRASH,,true,"OVER $1,500",UNABLE TO DETERMINE,1,NO INDICATION OF INJURY,0,0,41.8854282839,-87.7229441872,60624,"CHICAGO MIDWAY AIRPORT, IL US",44.0,39.0,83.0,0.0,10.0,8.0
crash_11529,2024-09-18 13:00:00,2024,9,Sep,Wed,13,Daytime,30,NO CONTROLS,CLEAR,DAYLIGHT,TURNING,DIVIDED - W/MEDIAN (NOT RAISED),DRY,NO INJURY / DRIVE AWAY,,,$500 OR LESS,UNABLE TO DETERMINE,2,NO INDICATION OF INJURY,0,0,41.9389892711,-87.7467274718,60641,"CHICAGO OHARE INTERNATIONAL AIRPORT, IL US",85.0,49.0,29.0,0.0,10.0,6.0
crash_11530,2020-05-16 00:30:00,2020,5,May,Sat,0,Night or early morning,25,NO CONTROLS,CLEAR,DARKNESS,SIDESWIPE SAME DIRECTION,NOT DIVIDED,DRY,NO INJURY / DRIVE AWAY,,,"OVER $1,500",IMPROPER LANE USAGE,2,NO INDICATION OF INJURY,0,0,41.8949764807,-87.7636605397,60651,"CHICAGO MIDWAY AIRPORT, IL US",57.0,53.0,87.0,0.0,10.0,8.0
crash_11531,2024-12-01 15:45:00,2024,12,Dec,Sun,15,Evening commute,25,NO CONTROLS,CLEAR,DAYLIGHT,TURNING,ONE-WAY,DRY,NO INJURY / DRIVE AWAY,,true,"$501 - $1,500",IMPROPER BACKING,2,NO INDICATION OF INJURY,0,0,41.8817375162,-87.6418080251,60661,"CHICAGO MIDWAY AIRPORT, IL US",26.0,10.0,51.0,,10.0,9.0
crash_11532,2022-04-18 09:40:00,2022,4,Apr,Mon,9,Morning commute,30,NO CONTROLS,CLEAR,DAYLIGHT,PARKED MOTOR VEHICLE,OTHER,DRY,NO INJURY / DRIVE AWAY,,true,"OVER $1,500",NOT APPLICABLE,2,NO INDICATION OF INJURY,0,0,42.001032717,-87.7033394215,60645,"CHICAGO OHARE INTERNATIONAL AIRPORT, IL US",36.0,33.0,89.0,0.01,3.0,3.0
crash_11533,2020-10-12 08:41:00,2020,10,Oct,Mon,8,Morning commute,30,NO CONTROLS,CLEAR,DAYLIGHT,SIDESWIPE SAME DIRECTION,NOT DIVIDED,DRY,NO INJURY / DRIVE AWAY,,,"OVER $1,500",UNABLE TO DETERMINE,2,NO INDICATION OF INJURY,0,0,42.009028677,-87.6618872962,60626,"CHICAGO OHARE INTERNATIONAL AIRPORT, IL US",63.0,59.0,87.0,,10.0,10.0
crash_11534,2023-05-16 15:58:00,2023,5,May,Tue,15,Evening commute,30,TRAFFIC SIGNAL,CLEAR,DAYLIGHT,ANGLE,FOUR WAY,DRY,INJURY AND / OR TOW DUE TO CRASH,true,,"OVER $1,500",FAILING TO YIELD RIGHT-OF-WAY,2,NO INDICATION OF INJURY,0,0,41.815722227,-87.6652916404,60609,"CHICAGO MIDWAY AIRPORT, IL US",81.0,42.0,25.0,0.0,10.0,7.0
crash_11535,2023-01-19 08:00:00,2023,1,Jan,Thu,8,Morning commute,15,NO CONTROLS,CLOUDY/OVERCAST,DAYLIGHT,ANGLE,ALLEY,WET,NO INJURY / DRIVE AWAY,,,"OVER $1,500",FAILING TO YIELD RIGHT-OF-WAY,2,NO INDICATION OF INJURY,0,0,41.9310283418,-87.7761028636,60639,"CHICAGO OHARE INTERNATIONAL AIRPORT, IL US",39.0,36.0,89.0,0.0,8.0,10.0
crash_11536,2019-09-24 16:30:00,2019,9,Sep,Tue,16,Evening commute,30,NO CONTROLS,CLEAR,DAYLIGHT,REAR END,DIVIDED - W/MEDIAN (NOT RAISED),DRY,NO INJURY / DRIVE AWAY,,,"$501 - $1,500",FOLLOWING TOO CLOSELY,2,NO INDICATION OF INJURY,0,0,41.7945597362,-87.7428949577,60638,"CHICAGO MIDWAY AIRPORT, IL US",79.0,57.0,47.0,0.0,10.0,17.0
crash_11537,2024-01-24 07:30:00,2024,1,Jan,Wed,7,Morning commute,30,TRAFFIC SIGNAL,RAIN,DAYLIGHT,REAR END,FOUR WAY,ICE,INJURY AND / OR TOW DUE TO CRASH,true,true,"OVER $1,500",UNABLE TO DETERMINE,2,NO INDICATION OF INJURY,0,0,41.7792251629,-87.673759443,60636,"CHICAGO MIDWAY AIRPORT, IL US",36.0,34.0,93.0,,2.5,7.0
crash_11538,2024-05-30 11:57:00,2024,5,May,Thu,11,Daytime,30,TRAFFIC SIGNAL,CLEAR,DAYLIGHT,REAR END,NOT DIVIDED,DRY,INJURY AND / OR TOW DUE TO CRASH,true,,"OVER $1,500",FAILING TO YIELD RIGHT-OF-WAY,2,NONINCAPACITATING INJURY,1,0,41.9100034756,-87.7068456419,60622,"CHICAGO MIDWAY AIRPORT, IL US",67.0,37.0,33.0,0.0,10.0,10.0
crash_11539,2020-09-14 12:30:00,2020,9,Sep,Mon,12,Daytime,30,STOP SIGN/FLASHER,CLEAR,DAYLIGHT,ANGLE,NOT DIVIDED,DRY,INJURY AND / OR TOW DUE TO CRASH,true,true,"OVER $1,500",FAILING TO YIELD RIGHT-OF-WAY,2,NO INDICATION OF INJURY,0,0,41.9347366429,-87.788316693,60634,"CHICAGO OHARE INTERNATIONAL AIRPORT, IL US",75.0,59.0,58.0,,10.0,7.0
crash_11540,2019-03-12 09:16:00,2019,3,Mar,Tue,9,Morning commute,30,STOP SIGN/FLASHER,CLEAR,DAYLIGHT,ANGLE,OTHER,DRY,INJURY AND / OR TOW DUE TO CRASH,true,,"OVER $1,500",DISREGARDING STOP SIGN,2,NO INDICATION OF INJURY,0,0,41.9960173948,-87.6863043172,60659,"CHICAGO OHARE INTERNATIONAL AIRPORT, IL US",31.0,25.0,79.0,0.0,10.0,6.0
crash_11541,2018-06-02 22:45:00,2018,6,Jun,Sat,22,Night or early morning,35,NO CONTROLS,CLEAR,DARKNESS,SIDESWIPE SAME DIRECTION,DIVIDED - W/MEDIAN (NOT RAISED),WET,INJURY AND / OR TOW DUE TO CRASH,,true,"OVER $1,500",HAD BEEN DRINKING (USE WHEN ARREST IS NOT MADE),3,NO INDICATION OF INJURY,0,0,41.9888802766,-87.792688716,60631,"CHICAGO OHARE INTERNATIONAL AIRPORT, IL US",60.0,56.0,86.0,0.03,10.0,5.0
crash_11542,2023-04-25 13:00:00,2023,4,Apr,Tue,13,Daytime,30,UNKNOWN,CLEAR,DAYLIGHT,SIDESWIPE SAME DIRECTION,DIVIDED - W/MEDIAN (NOT RAISED),DRY,NO INJURY / DRIVE AWAY,true,,$500 OR LESS,UNABLE TO DETERMINE,2,NO INDICATION OF INJURY,0,0,41.7220716103,-87.61004034,60619,"CHICAGO MIDWAY AIRPORT, IL US",47.0,39.0,74.0,0.0,10.0,14.0
crash_11543,2022-07-16 13:30:00,2022,7,Jul,Sat,13,Daytime,25,STOP SIGN/FLASHER,CLEAR,DAYLIGHT,REAR END,NOT DIVIDED,DRY,NO INJURY / DRIVE AWAY,,,"OVER $1,500",FAILING TO REDUCE SPEED TO AVOID CRASH,2,NO INDICATION OF INJURY,0,0,41.8970711532,-87.7361455423,60651,"CHICAGO MIDWAY AIRPORT, IL US",77.0,67.0,71.0,0.0,10.0,14.0
crash_11544,2025-10-01 13:35:00,2025,10,Oct,Wed,13,Daytime,30,TRAFFIC SIGNAL,CLEAR,DAYLIGHT,SIDESWIPE SAME DIRECTION,T-INTERSECTION,DRY,NO INJURY / DRIVE AWAY,true,,"OVER $1,500",FAILING TO YIELD RIGHT-OF-WAY,2,NO INDICATION OF INJURY,0,0,41.9853529553,-87.7286502091,60646,,,,,,,
crash_11545,2024-11-05 15:30:00,2024,11,Nov,Tue,15,Evening commute,25,NO CONTROLS,RAIN,DAYLIGHT,PARKED MOTOR VEHICLE,ONE-WAY,WET,NO INJURY / DRIVE AWAY,,true,"OVER $1,500",UNABLE TO DETERMINE,2,NO INDICATION OF INJURY,0,0,41.969369479,-87.7893576666,60656,"CHICAGO OHARE INTERNATIONAL AIRPORT, IL US",65.0,63.0,93.0,0.09,5.0,21.0
crash_11546,2018-06-23 18:25:00,2018,6,Jun,Sat,18,Evening commute,30,NO CONTROLS,CLEAR,DAYLIGHT,SIDESWIPE SAME DIRECTION,NOT DIVIDED,DRY,NO INJURY / DRIVE AWAY,,true,"OVER $1,500",IMPROPER OVERTAKING/PASSING,2,NO INDICATION OF INJURY,0,0,41.9681775448,-87.7442078691,60630,"CHICAGO OHARE INTERNATIONAL AIRPORT, IL US",77.0,55.0,47.0,0.0,10.0,8.0
crash_11547,2022-01-22 22:30:00,2022,1,Jan,Sat,22,Night or early morning,30,NO CONTROLS,SNOW,"DARKNESS, LIGHTED ROAD",REAR END,DIVIDED - W/MEDIAN BARRIER,SNOW OR SLUSH,NO INJURY / DRIVE AWAY,,,"OVER $1,500",UNABLE TO DETERMINE,2,NO INDICATION OF INJURY,0,0,41.7793769464,-87.6774024971,60636,"CHICAGO MIDWAY AIRPORT, IL US",24.0,12.0,60.0,0.0,3.0,14.0
crash_11548,2018-04-04 18:50:00,2018,4,Apr,Wed,18,Evening commute,0,NO CONTROLS,CLEAR,DUSK,PARKED MOTOR VEHICLE,PARKING LOT,DRY,NO INJURY / DRIVE AWAY,,,"OVER $1,500",IMPROPER BACKING,2,NO INDICATION OF INJURY,0,0,41.7634797906,-87.6451572293,60621,"CHICAGO MIDWAY AIRPORT, IL US",33.0,18.0,54.0,0.0,10.0,14.0
crash_11549,2024-04-21 02:16:00,2024,4,Apr,Sun,2,Night or early morning,30,TRAFFIC SIGNAL,CLEAR,"DARKNESS, LIGHTED ROAD",ANGLE,NOT DIVIDED,UNKNOWN,INJURY AND / OR TOW DUE TO CRASH,true,,"OVER $1,500",DISREGARDING TRAFFIC SIGNALS,2,NONINCAPACITATING INJURY,1,0,41.8806062243,-87.7454022859,60644,"CHICAGO MIDWAY AIRPORT, IL US",40.0,21.0,47.0,0.0,10.0,8.0
crash_11550,2020-12-22 23:45:00,2020,12,Dec,Tue,23,Night or early morning,20,TRAFFIC SIGNAL,CLEAR,"DARKNESS, LIGHTED ROAD",ANGLE,DIVIDED - W/MEDIAN (NOT RAISED),UNKNOWN,NO INJURY / DRIVE AWAY,true,,"$501 - $1,500",UNABLE TO DETERMINE,2,NO INDICATION OF INJURY,0,0,41.8442912259,-87.714930873,60623,"CHICAGO MIDWAY AIRPORT, IL US",42.0,26.0,53.0,0.0,10.0,16.0
crash_11551,2018-01-29 17:55:00,2018,1,Jan,Mon,17,Evening commute,0,TRAFFIC SIGNAL,CLEAR,"DARKNESS, LIGHTED ROAD",PARKED MOTOR VEHICLE,DIVIDED - W/MEDIAN (NOT RAISED),DRY,NO INJURY / DRIVE AWAY,,,"$501 - $1,500",IMPROPER LANE USAGE,2,NO INDICATION OF INJURY,0,0,41.9709596803,-87.6547219335,60640,"CHICAGO MIDWAY AIRPORT, IL US",24.0,12.0,60.0,0.0,10.0,11.0
crash_11552,2018-08-03 10:00:00,2018,8,Aug,Fri,10,Daytime,30,NO CONTROLS,CLEAR,DAYLIGHT,SIDESWIPE SAME DIRECTION,DIVIDED - W/MEDIAN BARRIER,DRY,NO INJURY / DRIVE AWAY,,,"OVER $1,500",IMPROPER OVERTAKING/PASSING,2,NO INDICATION OF INJURY,0,0,41.7734715901,-87.6639090937,60636,"CHICAGO MIDWAY AIRPORT, IL US",78.0,56.0,47.0,0.0,10.0,8.0
crash_11553,2023-03-21 19:00:00,2023,3,Mar,Tue,19,Night or early morning,15,NO CONTROLS,CLEAR,"DARKNESS, LIGHTED ROAD",SIDESWIPE SAME DIRECTION,NOT DIVIDED,DRY,NO INJURY / DRIVE AWAY,,,"OVER $1,500",IMPROPER LANE USAGE,2,NO INDICATION OF INJURY,0,0,41.7893386418,-87.7413525626,60629,"CHICAGO MIDWAY AIRPORT, IL US",46.0,32.0,58.0,0.0,10.0,16.0
crash_11554,2024-12-16 20:35:00,2024,12,Dec,Mon,20,Night or early morning,35,TRAFFIC SIGNAL,CLEAR,"DARKNESS, LIGHTED ROAD",REAR END,FOUR WAY,DRY,NO INJURY / DRIVE AWAY,true,,"OVER $1,500",FOLLOWING TOO CLOSELY,2,NO INDICATION OF INJURY,0,0,41.9677150561,-87.7478697875,60630,"CHICAGO OHARE INTERNATIONAL AIRPORT, IL US",38.0,35.0,89.0,,10.0,14.0
crash_11555,2019-12-01 12:30:00,2019,12,Dec,Sun,12,Daytime,30,NO CONTROLS,RAIN,DAYLIGHT,PARKED MOTOR VEHICLE,ONE-WAY,WET,NO INJURY / DRIVE AWAY,,,$500 OR LESS,UNABLE TO DETERMINE,2,NO INDICATION OF INJURY,0,0,41.9015055661,-87.7384288306,60651,"CHICAGO MIDWAY AIRPORT, IL US",41.0,35.0,79.0,0.0,10.0,10.0
crash_11556,2021-04-29 17:05:00,2021,4,Apr,Thu,17,Evening commute,30,UNKNOWN,UNKNOWN,UNKNOWN,PARKED MOTOR VEHICLE,UNKNOWN,UNKNOWN,NO INJURY / DRIVE AWAY,,,"OVER $1,500",UNABLE TO DETERMINE,2,NO INDICATION OF INJURY,0,0,42.0006431186,-87.6744930116,60626,"CHICAGO OHARE INTERNATIONAL AIRPORT, IL US",67.0,46.0,47.0,,10.0,10.0
crash_11557,2018-12-27 13:00:00,2018,12,Dec,Thu,13,Daytime,25,TRAFFIC SIGNAL,RAIN,DAYLIGHT,REAR END,NOT DIVIDED,WET,NO INJURY / DRIVE AWAY,,,"$501 - $1,500",UNABLE TO DETERMINE,2,NO INDICATION OF INJURY,0,0,41.8411892116,-87.6465020878,60608,"CHICAGO MIDWAY AIRPORT, IL US",48.0,44.0,86.0,0.0,10.0,18.0
crash_11558,2018-07-19 20:00:00,2018,7,Jul,Thu,20,Night or early morning,30,NO CONTROLS,CLEAR,DUSK,PEDALCYCLIST,DIVIDED - W/MEDIAN (NOT RAISED),DRY,INJURY AND / OR TOW DUE TO CRASH,,,"$501 - $1,500",HAD BEEN DRINKING (USE WHEN ARREST IS NOT MADE),2,NONINCAPACITATING INJURY,1,0,41.9465908128,-87.7193169258,60618,"CHICAGO OHARE INTERNATIONAL AIRPORT, IL US",79.0,61.0,54.0,0.01,10.0,10.0
crash_11559,2025-08-29 02:35:00,2025,8,Aug,Fri,2,Night or early morning,30,TRAFFIC SIGNAL,CLEAR,"DARKNESS, LIGHTED ROAD",SIDESWIPE SAME DIRECTION,NOT DIVIDED,DRY,NO INJURY / DRIVE AWAY,,,"$501 - $1,500",UNABLE TO DETERMINE,2,NO INDICATION OF INJURY,0,0,41.9929844478,-87.7113692376,60659,,,,,,,
crash_11560,2025-08-01 11:35:00,2025,8,Aug,Fri,11,Daytime,30,NO CONTROLS,CLEAR,DAYLIGHT,PEDESTRIAN,T-INTERSECTION,DRY,INJURY AND / OR TOW DUE TO CRASH,,,$500 OR LESS,FOLLOWING TOO CLOSELY,2,"REPORTED, NOT EVIDENT",1,0,41.8443562652,-87.7087469931,60623,"CHICAGO MIDWAY AIRPORT, IL US",76.0,55.0,48.0,0.0,8.0,14.0
crash_11561,2021-07-29 12:22:00,2021,7,Jul,Thu,12,Daytime,30,NO CONTROLS,CLEAR,DAYLIGHT,PEDESTRIAN,NOT DIVIDED,DRY,INJURY AND / OR TOW DUE TO CRASH,,,$500 OR LESS,NOT APPLICABLE,2,NONINCAPACITATING INJURY,1,0,41.8954106469,-87.7099203122,60624,"CHICAGO MIDWAY AIRPORT, IL US",87.0,71.0,59.0,0.0,10.0,17.0
crash_11562,2018-02-24 21:00:00,2018,2,Feb,Sat,21,Night or early morning,30,NO CONTROLS,CLOUDY/OVERCAST,UNKNOWN,PARKED MOTOR VEHICLE,ONE-WAY,UNKNOWN,NO INJURY / DRIVE AWAY,,true,"$501 - $1,500",UNABLE TO DETERMINE,2,NO INDICATION OF INJURY,0,0,41.9051596002,-87.7487573628,60651,"CHICAGO MIDWAY AIRPORT, IL US",45.0,44.0,97.0,0.0,8.0,18.0
crash_11563,2018-06-23 15:20:00,2018,6,Jun,Sat,15,Evening commute,30,NO CONTROLS,CLEAR,DAYLIGHT,SIDESWIPE SAME DIRECTION,NOT DIVIDED,DRY,INJURY AND / OR TOW DUE TO CRASH,,,"$501 - $1,500",FAILING TO REDUCE SPEED TO AVOID CRASH,2,NO INDICATION OF INJURY,0,0,41.8567038195,-87.6712184657,60608,"CHICAGO MIDWAY AIRPORT, IL US",80.0,55.0,42.0,0.0,10.0,5.0
crash_11564,2023-07-10 19:16:00,2023,7,Jul,Mon,19,Night or early morning,30,TRAFFIC SIGNAL,CLEAR,DAYLIGHT,ANGLE,NOT DIVIDED,DRY,INJURY AND / OR TOW DUE TO CRASH,true,,"OVER $1,500",DISREGARDING TRAFFIC SIGNALS,3,NO INDICATION OF INJURY,0,0,41.9967947181,-87.7653374221,60646,"CHICAGO OHARE INTERNATIONAL AIRPORT, IL US",83.0,60.0,46.0,0.0,10.0,9.0
crash_11565,2022-06-08 15:30:00,2022,6,Jun,Wed,15,Evening commute,20,NO CONTROLS,RAIN,DAYLIGHT,PARKED MOTOR VEHICLE,ONE-WAY,WET,NO INJURY / DRIVE AWAY,,,"$501 - $1,500",UNABLE TO DETERMINE,2,NO INDICATION OF INJURY,0,0,41.7820427976,-87.6716985782,60636,"CHICAGO MIDWAY AIRPORT, IL US",61.0,60.0,97.0,0.01,10.0,10.0
crash_11566,2024-01-18 12:30:00,2024,1,Jan,Thu,12,Daytime,15,NO CONTROLS,CLOUDY/OVERCAST,DAYLIGHT,REAR TO FRONT,PARKING LOT,DRY,NO INJURY / DRIVE AWAY,,,"OVER $1,500",IMPROPER BACKING,2,NO INDICATION OF INJURY,0,0,41.9887415617,-87.8133090511,60631,"CHICAGO OHARE INTERNATIONAL AIRPORT, IL US",25.0,12.0,58.0,0.0,10.0,5.0
crash_11567,2024-02-10 09:04:00,2024,2,Feb,Sat,9,Morning commute,30,STOP SIGN/FLASHER,CLEAR,DAYLIGHT,TURNING,T-INTERSECTION,DRY,INJURY AND / OR TOW DUE TO CRASH,,,"OVER $1,500",FOLLOWING TOO CLOSELY,3,NO INDICATION OF INJURY,0,0,41.8189413285,-87.7045448392,60632,"CHICAGO MIDWAY AIRPORT, IL US",35.0,26.0,70.0,0.0,10.0,9.0
crash_11568,2018-12-27 18:45:00,2018,12,Dec,Thu,18,Evening commute,30,NO CONTROLS,RAIN,DARKNESS,SIDESWIPE SAME DIRECTION,ONE-WAY,WET,NO INJURY / DRIVE AWAY,,true,"$501 - $1,500",UNABLE TO DETERMINE,2,NO INDICATION OF INJURY,0,0,41.8911331709,-87.619160207,60611,"CHICAGO MIDWAY AIRPORT, IL US",50.0,49.0,96.0,0.01,3.0,13.0
crash_11569,2025-06-17 14:40:00,2025,6,Jun,Tue,14,Daytime,30,NO CONTROLS,CLEAR,DAYLIGHT,ANGLE,NOT DIVIDED,DRY,NO INJURY / DRIVE AWAY,,true,"$501 - $1,500",IMPROPER LANE USAGE,2,NO INDICATION OF INJURY,0,0,41.9996398034,-87.6608278694,60626,"CHICAGO OHARE INTERNATIONAL AIRPORT, IL US",91.0,67.0,45.0,0.0,10.0,15.0
crash_11570,2019-05-16 09:00:00,2019,5,May,Thu,9,Morning commute,30,TRAFFIC SIGNAL,CLEAR,DAYLIGHT,REAR END,NOT DIVIDED,DRY,NO INJURY / DRIVE AWAY,,,$500 OR LESS,UNABLE TO DETERMINE,2,NO INDICATION OF INJURY,0,0,41.852688368,-87.6380545516,60616,"CHICAGO MIDWAY AIRPORT, IL US",68.0,58.0,70.0,0.0,10.0,14.0
crash_11571,2024-07-05 15:08:00,2024,7,Jul,Fri,15,Evening commute,30,NO CONTROLS,CLEAR,DAYLIGHT,TURNING,NOT DIVIDED,DRY,NO INJURY / DRIVE AWAY,,,"$501 - $1,500",FAILING TO YIELD RIGHT-OF-WAY,2,NO INDICATION OF INJURY,0,0,41.9020297229,-87.7660227874,60651,"CHICAGO MIDWAY AIRPORT, IL US",83.0,56.0,40.0,0.0,10.0,20.0
crash_11572,2022-03-29 08:05:00,2022,3,Mar,Tue,8,Morning commute,25,NO CONTROLS,CLEAR,DAYLIGHT,PARKED MOTOR VEHICLE,ONE-WAY,DRY,NO INJURY / DRIVE AWAY,,,"OVER $1,500",UNABLE TO DETERMINE,2,NO INDICATION OF INJURY,0,0,42.0152766517,-87.6873765904,60645,"CHICAGO OHARE INTERNATIONAL AIRPORT, IL US",31.0,18.0,59.0,0.0,10.0,16.0
crash_11573,2024-10-11 14:23:00,2024,10,Oct,Fri,14,Daytime,30,NO CONTROLS,CLEAR,DAYLIGHT,FIXED OBJECT,NOT DIVIDED,DRY,INJURY AND / OR TOW DUE TO CRASH,,,"OVER $1,500",UNABLE TO DETERMINE,1,NO INDICATION OF INJURY,0,0,41.8301374066,-87.6868470555,60632,"CHICAGO MIDWAY AIRPORT, IL US",83.0,44.0,25.0,0.0,10.0,15.0
crash_11574,2019-05-28 16:11:00,2019,5,May,Tue,16,Evening commute,30,NO CONTROLS,CLEAR,DAYLIGHT,REAR END,NOT DIVIDED,DRY,NO INJURY / DRIVE AWAY,,true,"OVER $1,500",FOLLOWING TOO CLOSELY,2,NO INDICATION OF INJURY,0,0,41.808674172,-87.5877170824,60615,"CHICAGO MIDWAY AIRPORT, IL US",57.0,55.0,93.0,,9.0,28.0
crash_11575,2024-03-01 20:07:00,2024,3,Mar,Fri,20,Night or early morning,15,NO CONTROLS,CLEAR,"DARKNESS, LIGHTED ROAD",ANGLE,NOT DIVIDED,DRY,INJURY AND / OR TOW DUE TO CRASH,,true,"OVER $1,500","OPERATING VEHICLE IN ERRATIC, RECKLESS, CARELESS, NEGLIGENT OR AGGRESSIVE MANNER",2,NONINCAPACITATING INJURY,2,0,41.9310588204,-87.7660916199,60639,"CHICAGO OHARE INTERNATIONAL AIRPORT, IL US",43.0,27.0,53.0,0.0,10.0,8.0
crash_11576,2024-09-05 07:00:00,2024,9,Sep,Thu,7,Morning commute,25,NO CONTROLS,UNKNOWN,UNKNOWN,PARKED MOTOR VEHICLE,NOT DIVIDED,UNKNOWN,NO INJURY / DRIVE AWAY,,true,"OVER $1,500",UNABLE TO DETERMINE,2,NO INDICATION OF INJURY,0,0,41.7022939309,-87.6495619073,60643,"CHICAGO MIDWAY AIRPORT, IL US",66.0,57.0,73.0,0.0,10.0,5.0
crash_11577,2024-10-09 10:00:00,2024,10,Oct,Wed,10,Daytime,15,NO CONTROLS,CLEAR,DAYLIGHT,PARKED MOTOR VEHICLE,PARKING LOT,DRY,NO INJURY / DRIVE AWAY,,true,"OVER $1,500",NOT APPLICABLE,2,NO INDICATION OF INJURY,0,0,41.9530912678,-87.7651955686,60641,"CHICAGO OHARE INTERNATIONAL AIRPORT, IL US",62.0,42.0,48.0,0.0,10.0,7.0
crash_11578,2018-09-30 10:53:00,2018,9,Sep,Sun,10,Daytime,30,TRAFFIC SIGNAL,CLOUDY/OVERCAST,DAYLIGHT,REAR END,DIVIDED - W/MEDIAN (NOT RAISED),DRY,INJURY AND / OR TOW DUE TO CRASH,true,,$500 OR LESS,FOLLOWING TOO CLOSELY,2,NONINCAPACITATING INJURY,2,0,41.8811798165,-87.7111608187,60624,"CHICAGO MIDWAY AIRPORT, IL US",64.0,53.0,68.0,0.0,10.0,3.0
crash_11579,2023-11-16 18:00:00,2023,11,Nov,Thu,18,Evening commute,30,NO CONTROLS,CLEAR,"DARKNESS, LIGHTED ROAD",ANGLE,NOT DIVIDED,DRY,NO INJURY / DRIVE AWAY,,,"OVER $1,500",DISTRACTION - FROM INSIDE VEHICLE,2,NO INDICATION OF INJURY,0,0,41.682973474,-87.642228468,60643,"CHICAGO MIDWAY AIRPORT, IL US",64.0,50.0,60.0,0.0,10.0,11.0
crash_11580,2024-08-17 01:06:00,2024,8,Aug,Sat,1,Night or early morning,10,NO CONTROLS,CLEAR,"DARKNESS, LIGHTED ROAD",OTHER OBJECT,PARKING LOT,DRY,NO INJURY / DRIVE AWAY,,,"$501 - $1,500",IMPROPER BACKING,1,NO INDICATION OF INJURY,0,0,41.7070107353,-87.6426904656,60628,"CHICAGO MIDWAY AIRPORT, IL US",72.0,67.0,84.0,0.0,10.0,8.0