crash_id,crash_datetime,crash_year,crash_month,crash_month_name,crash_weekday_name,crash_hour,time_period,posted_speed_limit_mph,traffic_control_device,reported_weather_condition,reported_lighting_condition,first_crash_type,trafficway_type,reported_road_surface_condition,crash_type,intersection_related,hit_and_run,estimated_damage,primary_contributory_cause,unit_count,most_severe_injury,injuries_total,injuries_fatal,latitude,longitude,zip5,weather_station_name,temperature_f,dew_point_f,relative_humidity_percent,precipitation_inches,visibility_miles,wind_speed_mph
crash_11581,2022-01-03 14:45:00,2022,1,Jan,Mon,14,Daytime,15,NO CONTROLS,CLEAR,DAYLIGHT,REAR END,RAMP,ICE,NO INJURY / DRIVE AWAY,,,$500 OR LESS,WEATHER,2,NO INDICATION OF INJURY,0,0,41.9290595244,-87.785579651,60639,"CHICAGO OHARE INTERNATIONAL AIRPORT, IL US",22.0,2.0,42.0,0.0,10.0,13.0
crash_11582,2021-01-29 00:30:00,2021,1,Jan,Fri,0,Night or early morning,30,TRAFFIC SIGNAL,SNOW,"DARKNESS, LIGHTED ROAD",PEDESTRIAN,DIVIDED - W/MEDIAN (NOT RAISED),UNKNOWN,INJURY AND / OR TOW DUE TO CRASH,true,true,$500 OR LESS,UNABLE TO DETERMINE,2,NONINCAPACITATING INJURY,1,0,41.7584687567,-87.6054480964,60619,"CHICAGO MIDWAY AIRPORT, IL US",20.0,9.0,62.0,0.0,10.0,0.0
crash_11583,2025-04-15 07:25:00,2025,4,Apr,Tue,7,Morning commute,30,NO CONTROLS,RAIN,DAWN,REAR END,NOT DIVIDED,WET,NO INJURY / DRIVE AWAY,,,"OVER $1,500",FOLLOWING TOO CLOSELY,2,NO INDICATION OF INJURY,0,0,41.967204784,-87.7390419033,60630,"CHICAGO OHARE INTERNATIONAL AIRPORT, IL US",39.0,35.0,86.0,0.0,10.0,15.0
crash_11584,2020-12-05 10:50:00,2020,12,Dec,Sat,10,Daytime,25,TRAFFIC SIGNAL,CLEAR,DAYLIGHT,ANGLE,T-INTERSECTION,DRY,INJURY AND / OR TOW DUE TO CRASH,,,"OVER $1,500",DRIVING SKILLS/KNOWLEDGE/EXPERIENCE,3,NONINCAPACITATING INJURY,1,0,41.8821018955,-87.6964342116,60612,"CHICAGO MIDWAY AIRPORT, IL US",38.0,27.0,65.0,0.0,10.0,8.0
crash_11585,2023-08-01 17:52:00,2023,8,Aug,Tue,17,Evening commute,25,NO CONTROLS,CLEAR,DAYLIGHT,REAR END,NOT DIVIDED,DRY,NO INJURY / DRIVE AWAY,,,"OVER $1,500",FAILING TO REDUCE SPEED TO AVOID CRASH,2,NO INDICATION OF INJURY,0,0,41.924058532,-87.7680515516,60639,"CHICAGO OHARE INTERNATIONAL AIRPORT, IL US",84.0,63.0,49.0,0.0,10.0,9.0
crash_11586,2022-12-14 06:25:00,2022,12,Dec,Wed,6,Morning commute,30,NO CONTROLS,FREEZING RAIN/DRIZZLE,"DARKNESS, LIGHTED ROAD",SIDESWIPE SAME DIRECTION,ONE-WAY,WET,NO INJURY / DRIVE AWAY,,,"OVER $1,500",IMPROPER LANE USAGE,2,NO INDICATION OF INJURY,0,0,,,,,,,,,,
crash_11587,2025-11-03 07:53:00,2025,11,Nov,Mon,7,Morning commute,30,TRAFFIC SIGNAL,CLEAR,DAYLIGHT,SIDESWIPE SAME DIRECTION,NOT DIVIDED,DRY,NO INJURY / DRIVE AWAY,,true,"OVER $1,500",UNABLE TO DETERMINE,2,NO INDICATION OF INJURY,0,0,41.7793801367,-87.6632395905,60636,,,,,,,
crash_11588,2021-08-24 15:20:00,2021,8,Aug,Tue,15,Evening commute,30,TRAFFIC SIGNAL,CLEAR,DAYLIGHT,SIDESWIPE SAME DIRECTION,T-INTERSECTION,DRY,NO INJURY / DRIVE AWAY,,,"OVER $1,500",UNABLE TO DETERMINE,2,NO INDICATION OF INJURY,0,0,41.8478426511,-87.6172467838,60616,"CHICAGO MIDWAY AIRPORT, IL US",94.0,71.0,48.0,0.0,10.0,15.0
crash_11589,2022-03-08 14:00:00,2022,3,Mar,Tue,14,Daytime,30,NO CONTROLS,CLEAR,DAYLIGHT,PEDESTRIAN,ONE-WAY,DRY,INJURY AND / OR TOW DUE TO CRASH,,true,"OVER $1,500","OPERATING VEHICLE IN ERRATIC, RECKLESS, CARELESS, NEGLIGENT OR AGGRESSIVE MANNER",2,NONINCAPACITATING INJURY,1,0,41.8636925011,-87.7176365671,60623,"CHICAGO MIDWAY AIRPORT, IL US",41.0,23.0,49.0,0.0,10.0,9.0
crash_11590,2023-04-28 15:18:00,2023,4,Apr,Fri,15,Evening commute,30,TRAFFIC SIGNAL,CLEAR,DAYLIGHT,ANGLE,CENTER TURN LANE,DRY,NO INJURY / DRIVE AWAY,,,"OVER $1,500",FAILING TO YIELD RIGHT-OF-WAY,2,NO INDICATION OF INJURY,0,0,41.9096650487,-87.7516091991,60639,"CHICAGO MIDWAY AIRPORT, IL US",58.0,34.0,41.0,0.0,10.0,10.0
crash_11591,2021-05-01 18:00:00,2021,5,May,Sat,18,Evening commute,35,TRAFFIC SIGNAL,CLEAR,DAYLIGHT,TURNING,OTHER,DRY,NO INJURY / DRIVE AWAY,,,"OVER $1,500",UNABLE TO DETERMINE,2,NO INDICATION OF INJURY,0,0,41.89186947,-87.622748584,60611,"CHICAGO MIDWAY AIRPORT, IL US",83.0,47.0,28.0,0.0,10.0,17.0
crash_11592,2023-10-30 16:18:00,2023,10,Oct,Mon,16,Evening commute,30,NO CONTROLS,CLEAR,DAYLIGHT,ANGLE,FOUR WAY,DRY,NO INJURY / DRIVE AWAY,true,,"OVER $1,500",FAILING TO YIELD RIGHT-OF-WAY,2,NO INDICATION OF INJURY,0,0,41.9101869604,-87.6893836406,60622,"CHICAGO MIDWAY AIRPORT, IL US",42.0,15.0,33.0,0.0,10.0,11.0
crash_11593,2019-11-09 17:00:00,2019,11,Nov,Sat,17,Evening commute,30,NO CONTROLS,CLEAR,"DARKNESS, LIGHTED ROAD",PARKED MOTOR VEHICLE,DIVIDED - W/MEDIAN BARRIER,DRY,NO INJURY / DRIVE AWAY,,,"$501 - $1,500",DRIVING SKILLS/KNOWLEDGE/EXPERIENCE,2,NO INDICATION OF INJURY,0,0,41.6949489463,-87.6423134098,60628,"CHICAGO MIDWAY AIRPORT, IL US",45.0,27.0,49.0,0.0,10.0,9.0
crash_11594,2019-08-28 12:00:00,2019,8,Aug,Wed,12,Daytime,30,NO CONTROLS,CLEAR,DAYLIGHT,TURNING,TRAFFIC ROUTE,DRY,NO INJURY / DRIVE AWAY,,,"$501 - $1,500",FAILING TO YIELD RIGHT-OF-WAY,2,NO INDICATION OF INJURY,0,0,41.8522933194,-87.6754172941,60608,"CHICAGO MIDWAY AIRPORT, IL US",73.0,52.0,48.0,0.0,10.0,22.0
crash_11595,2023-05-30 08:23:00,2023,5,May,Tue,8,Morning commute,30,NO CONTROLS,CLEAR,DAYLIGHT,ANGLE,NOT DIVIDED,DRY,NO INJURY / DRIVE AWAY,,true,$500 OR LESS,FAILING TO REDUCE SPEED TO AVOID CRASH,2,NO INDICATION OF INJURY,0,0,41.9239871186,-87.8061074318,60707,"CHICAGO OHARE INTERNATIONAL AIRPORT, IL US",76.0,49.0,39.0,0.0,10.0,3.0
crash_11596,2023-08-26 12:00:00,2023,8,Aug,Sat,12,Daytime,30,STOP SIGN/FLASHER,CLEAR,DAYLIGHT,REAR END,ONE-WAY,UNKNOWN,NO INJURY / DRIVE AWAY,,,"OVER $1,500",UNABLE TO DETERMINE,2,NO INDICATION OF INJURY,0,0,41.8830937874,-87.656647732,60607,"CHICAGO MIDWAY AIRPORT, IL US",75.0,65.0,71.0,0.0,10.0,11.0
crash_11597,2023-11-18 12:43:00,2023,11,Nov,Sat,12,Daytime,30,TRAFFIC SIGNAL,CLEAR,DAYLIGHT,REAR END,DIVIDED - W/MEDIAN (NOT RAISED),DRY,NO INJURY / DRIVE AWAY,,true,"OVER $1,500",FOLLOWING TOO CLOSELY,2,NO INDICATION OF INJURY,0,0,41.909600386,-87.7393564665,60651,"CHICAGO MIDWAY AIRPORT, IL US",52.0,19.0,27.0,0.0,10.0,13.0
crash_11598,2018-10-27 06:15:00,2018,10,Oct,Sat,6,Morning commute,30,NO CONTROLS,CLEAR,DAYLIGHT,FIXED OBJECT,ONE-WAY,DRY,INJURY AND / OR TOW DUE TO CRASH,,,"OVER $1,500",EQUIPMENT - VEHICLE CONDITION,2,NO INDICATION OF INJURY,0,0,41.8920930242,-87.7018588272,60612,"CHICAGO MIDWAY AIRPORT, IL US",46.0,39.0,77.0,0.0,10.0,5.0
crash_11599,2023-03-04 01:00:00,2023,3,Mar,Sat,1,Night or early morning,30,STOP SIGN/FLASHER,UNKNOWN,"DARKNESS, LIGHTED ROAD",PARKED MOTOR VEHICLE,NOT DIVIDED,UNKNOWN,NO INJURY / DRIVE AWAY,,true,"OVER $1,500",NOT APPLICABLE,2,NO INDICATION OF INJURY,0,0,41.9274408168,-87.795507026,60707,"CHICAGO OHARE INTERNATIONAL AIRPORT, IL US",32.0,27.0,82.0,0.0,8.0,6.0
crash_11600,2021-08-09 14:30:00,2021,8,Aug,Mon,14,Daytime,30,TRAFFIC SIGNAL,RAIN,DAYLIGHT,TURNING,NOT DIVIDED,DRY,NO INJURY / DRIVE AWAY,,,"$501 - $1,500",UNABLE TO DETERMINE,2,NO INDICATION OF INJURY,0,0,41.9202034075,-87.7730574545,60639,"CHICAGO OHARE INTERNATIONAL AIRPORT, IL US",79.0,69.0,72.0,,10.0,15.0
crash_11601,2019-07-22 11:30:00,2019,7,Jul,Mon,11,Daytime,30,NO CONTROLS,CLEAR,DAYLIGHT,PARKED MOTOR VEHICLE,NOT DIVIDED,DRY,NO INJURY / DRIVE AWAY,,true,"OVER $1,500",UNABLE TO DETERMINE,2,NO INDICATION OF INJURY,0,0,41.7591724088,-87.6844658767,60629,"CHICAGO MIDWAY AIRPORT, IL US",73.0,54.0,51.0,0.0,10.0,20.0
crash_11602,2023-01-05 16:03:00,2023,1,Jan,Thu,16,Evening commute,30,NO CONTROLS,UNKNOWN,UNKNOWN,PARKED MOTOR VEHICLE,NOT DIVIDED,DRY,INJURY AND / OR TOW DUE TO CRASH,,true,"OVER $1,500",UNABLE TO DETERMINE,2,NO INDICATION OF INJURY,0,0,41.7773210557,-87.6057148057,60637,"CHICAGO MIDWAY AIRPORT, IL US",32.0,26.0,79.0,0.0,8.0,14.0
crash_11603,2020-03-06 19:19:00,2020,3,Mar,Fri,19,Night or early morning,35,TRAFFIC SIGNAL,CLEAR,"DARKNESS, LIGHTED ROAD",REAR END,NOT DIVIDED,DRY,NO INJURY / DRIVE AWAY,,,"$501 - $1,500",UNDER THE INFLUENCE OF ALCOHOL/DRUGS (USE WHEN ARREST IS EFFECTED),2,NO INDICATION OF INJURY,0,0,41.8017868428,-87.7235545527,60632,"CHICAGO MIDWAY AIRPORT, IL US",31.0,22.0,69.0,0.0,10.0,10.0
crash_11604,2019-11-16 16:00:00,2019,11,Nov,Sat,16,Evening commute,35,TRAFFIC SIGNAL,CLEAR,DAYLIGHT,SIDESWIPE SAME DIRECTION,NOT DIVIDED,DRY,NO INJURY / DRIVE AWAY,,true,"OVER $1,500",UNABLE TO DETERMINE,2,NO INDICATION OF INJURY,0,0,41.7351374206,-87.7215938722,60652,"CHICAGO MIDWAY AIRPORT, IL US",39.0,28.0,65.0,0.0,10.0,10.0
crash_11605,2018-12-07 15:15:00,2018,12,Dec,Fri,15,Evening commute,25,TRAFFIC SIGNAL,CLEAR,DAYLIGHT,REAR END,ONE-WAY,DRY,NO INJURY / DRIVE AWAY,,,$500 OR LESS,FOLLOWING TOO CLOSELY,2,NO INDICATION OF INJURY,0,0,41.8932653602,-87.6365718299,60654,"CHICAGO MIDWAY AIRPORT, IL US",25.0,10.0,53.0,0.0,10.0,14.0
crash_11606,2018-06-12 15:20:00,2018,6,Jun,Tue,15,Evening commute,25,NO CONTROLS,CLEAR,DAYLIGHT,PARKED MOTOR VEHICLE,NOT DIVIDED,DRY,NO INJURY / DRIVE AWAY,,true,"OVER $1,500",IMPROPER LANE USAGE,2,NO INDICATION OF INJURY,0,0,41.7710523324,-87.6726260784,60636,"CHICAGO MIDWAY AIRPORT, IL US",79.0,69.0,72.0,0.0,9.0,3.0
crash_11607,2021-07-17 11:00:00,2021,7,Jul,Sat,11,Daytime,30,NO CONTROLS,CLEAR,DAYLIGHT,PARKED MOTOR VEHICLE,NOT DIVIDED,UNKNOWN,NO INJURY / DRIVE AWAY,,true,"OVER $1,500",UNABLE TO DETERMINE,2,NO INDICATION OF INJURY,0,0,41.8005582241,-87.6053814858,60615,"CHICAGO MIDWAY AIRPORT, IL US",75.0,62.0,64.0,0.0,10.0,15.0
crash_11608,2019-09-18 16:35:00,2019,9,Sep,Wed,16,Evening commute,30,TRAFFIC SIGNAL,CLEAR,DAYLIGHT,REAR END,DIVIDED - W/MEDIAN (NOT RAISED),DRY,INJURY AND / OR TOW DUE TO CRASH,true,false,"OVER $1,500",FAILING TO YIELD RIGHT-OF-WAY,3,NO INDICATION OF INJURY,0,0,41.9617449823,-87.6659049732,60640,"CHICAGO MIDWAY AIRPORT, IL US",83.0,60.0,46.0,0.0,10.0,11.0
crash_11609,2018-04-16 12:00:00,2018,4,Apr,Mon,12,Daytime,25,TRAFFIC SIGNAL,CLEAR,DAYLIGHT,REAR END,ONE-WAY,DRY,NO INJURY / DRIVE AWAY,,true,$500 OR LESS,UNABLE TO DETERMINE,2,NO INDICATION OF INJURY,0,0,41.884588372,-87.6232725611,60601,"CHICAGO MIDWAY AIRPORT, IL US",32.0,25.0,75.0,0.0,10.0,16.0
crash_11610,2018-10-26 06:52:00,2018,10,Oct,Fri,6,Morning commute,30,TRAFFIC SIGNAL,CLEAR,DAWN,OTHER OBJECT,DIVIDED - W/MEDIAN (NOT RAISED),DRY,NO INJURY / DRIVE AWAY,,,"$501 - $1,500",NOT APPLICABLE,1,NO INDICATION OF INJURY,0,0,41.7215707064,-87.6238733539,60628,"CHICAGO MIDWAY AIRPORT, IL US",47.0,39.0,74.0,0.0,10.0,6.0
crash_11611,2022-04-21 05:10:00,2022,4,Apr,Thu,5,Night or early morning,30,TRAFFIC SIGNAL,CLEAR,DAYLIGHT,REAR END,FOUR WAY,DRY,NO INJURY / DRIVE AWAY,,true,"$501 - $1,500",FOLLOWING TOO CLOSELY,2,NO INDICATION OF INJURY,0,0,41.9231797453,-87.787985085,60707,"CHICAGO OHARE INTERNATIONAL AIRPORT, IL US",52.0,48.0,86.0,,10.0,13.0
crash_11612,2020-07-27 00:20:00,2020,7,Jul,Mon,0,Night or early morning,30,NO CONTROLS,CLEAR,"DARKNESS, LIGHTED ROAD",TURNING,NOT DIVIDED,WET,INJURY AND / OR TOW DUE TO CRASH,,true,"OVER $1,500",FAILING TO REDUCE SPEED TO AVOID CRASH,2,INCAPACITATING INJURY,1,0,41.7365058744,-87.6071613242,60619,"CHICAGO MIDWAY AIRPORT, IL US",77.0,73.0,88.0,0.0,10.0,10.0
crash_11613,2025-05-04 09:35:00,2025,5,May,Sun,9,Morning commute,30,STOP SIGN/FLASHER,CLOUDY/OVERCAST,DAYLIGHT,ANGLE,FOUR WAY,DRY,INJURY AND / OR TOW DUE TO CRASH,true,true,"OVER $1,500",UNABLE TO DETERMINE,2,"REPORTED, NOT EVIDENT",1,0,41.7493794431,-87.6040640147,60619,"CHICAGO MIDWAY AIRPORT, IL US",52.0,38.0,59.0,0.0,10.0,13.0
crash_11614,2023-12-17 05:10:00,2023,12,Dec,Sun,5,Night or early morning,35,STOP SIGN/FLASHER,CLEAR,"DARKNESS, LIGHTED ROAD",REAR END,NOT DIVIDED,WET,NO INJURY / DRIVE AWAY,true,true,"OVER $1,500",FAILING TO REDUCE SPEED TO AVOID CRASH,2,NO INDICATION OF INJURY,0,0,41.8150527631,-87.7024463279,60632,"CHICAGO MIDWAY AIRPORT, IL US",44.0,40.0,85.0,,10.0,9.0
crash_11615,2020-01-14 18:35:00,2020,1,Jan,Tue,18,Evening commute,30,NO CONTROLS,CLEAR,"DARKNESS, LIGHTED ROAD",SIDESWIPE SAME DIRECTION,DIVIDED - W/MEDIAN BARRIER,DRY,INJURY AND / OR TOW DUE TO CRASH,,true,"OVER $1,500",IMPROPER OVERTAKING/PASSING,3,NONINCAPACITATING INJURY,2,0,41.8266200234,-87.6656249078,60609,"CHICAGO MIDWAY AIRPORT, IL US",35.0,30.0,82.0,0.0,9.0,6.0
crash_11616,2018-07-04 05:50:00,2018,7,Jul,Wed,5,Night or early morning,45,TRAFFIC SIGNAL,CLEAR,DAYLIGHT,REAR END,DIVIDED - W/MEDIAN BARRIER,DRY,INJURY AND / OR TOW DUE TO CRASH,,,"OVER $1,500",FOLLOWING TOO CLOSELY,2,"REPORTED, NOT EVIDENT",2,0,41.8620524285,-87.6181363513,60605,"CHICAGO MIDWAY AIRPORT, IL US",77.0,73.0,88.0,0.0,10.0,5.0
crash_11617,2022-12-05 16:25:00,2022,12,Dec,Mon,16,Evening commute,20,STOP SIGN/FLASHER,CLEAR,"DARKNESS, LIGHTED ROAD",PEDALCYCLIST,FOUR WAY,DRY,INJURY AND / OR TOW DUE TO CRASH,,,$500 OR LESS,UNABLE TO DETERMINE,2,NONINCAPACITATING INJURY,1,0,41.9329225863,-87.7685858671,60634,"CHICAGO OHARE INTERNATIONAL AIRPORT, IL US",42.0,29.0,60.0,0.0,10.0,6.0
crash_11618,2019-06-28 20:56:00,2019,6,Jun,Fri,20,Night or early morning,35,UNKNOWN,UNKNOWN,UNKNOWN,SIDESWIPE SAME DIRECTION,UNKNOWN INTERSECTION TYPE,UNKNOWN,NO INJURY / DRIVE AWAY,,,"OVER $1,500",NOT APPLICABLE,2,NO INDICATION OF INJURY,0,0,41.932762143,-87.6491604961,60657,"CHICAGO MIDWAY AIRPORT, IL US",82.0,70.0,67.0,0.0,9.0,9.0
crash_11619,2024-08-22 16:35:00,2024,8,Aug,Thu,16,Evening commute,30,NO CONTROLS,CLEAR,DAYLIGHT,SIDESWIPE SAME DIRECTION,NOT DIVIDED,DRY,NO INJURY / DRIVE AWAY,,true,"OVER $1,500","OPERATING VEHICLE IN ERRATIC, RECKLESS, CARELESS, NEGLIGENT OR AGGRESSIVE MANNER",2,NO INDICATION OF INJURY,0,0,41.9974852536,-87.786187061,60646,"CHICAGO OHARE INTERNATIONAL AIRPORT, IL US",78.0,50.0,37.0,0.0,10.0,6.0
crash_11620,2019-01-12 11:20:00,2019,1,Jan,Sat,11,Daytime,30,NO CONTROLS,SNOW,DAYLIGHT,FIXED OBJECT,ONE-WAY,SNOW OR SLUSH,NO INJURY / DRIVE AWAY,,,"OVER $1,500",WEATHER,1,NO INDICATION OF INJURY,0,0,41.753712851,-87.6244791553,60619,"CHICAGO MIDWAY AIRPORT, IL US",30.0,27.0,88.0,0.0,1.0,13.0
crash_11621,2025-10-10 13:29:00,2025,10,Oct,Fri,13,Daytime,30,NO CONTROLS,CLEAR,DAYLIGHT,PARKED MOTOR VEHICLE,NOT DIVIDED,DRY,NO INJURY / DRIVE AWAY,,true,"OVER $1,500",UNABLE TO DETERMINE,2,NO INDICATION OF INJURY,0,0,41.690304811,-87.6523975024,60643,,,,,,,
crash_11622,2024-02-20 07:30:00,2024,2,Feb,Tue,7,Morning commute,45,NO CONTROLS,CLEAR,DAYLIGHT,REAR END,NOT DIVIDED,DRY,NO INJURY / DRIVE AWAY,,,"$501 - $1,500",FOLLOWING TOO CLOSELY,2,NO INDICATION OF INJURY,0,0,41.8808569263,-87.6171033844,60603,"CHICAGO MIDWAY AIRPORT, IL US",36.0,26.0,67.0,0.0,10.0,8.0
crash_11623,2025-06-06 21:25:00,2025,6,Jun,Fri,21,Night or early morning,30,NO CONTROLS,CLEAR,DARKNESS,PARKED MOTOR VEHICLE,DIVIDED - W/MEDIAN (NOT RAISED),DRY,NO INJURY / DRIVE AWAY,,,"OVER $1,500",UNDER THE INFLUENCE OF ALCOHOL/DRUGS (USE WHEN ARREST IS EFFECTED),2,NO INDICATION OF INJURY,0,0,41.8910092733,-87.6442158574,60654,"CHICAGO MIDWAY AIRPORT, IL US",66.0,40.0,39.0,0.0,10.0,8.0
crash_11624,2025-06-19 17:40:00,2025,6,Jun,Thu,17,Evening commute,35,TRAFFIC SIGNAL,CLEAR,DAYLIGHT,PEDALCYCLIST,FOUR WAY,DRY,INJURY AND / OR TOW DUE TO CRASH,true,,"$501 - $1,500",FAILING TO YIELD RIGHT-OF-WAY,2,NONINCAPACITATING INJURY,1,0,41.9532928473,-87.7670657078,60634,"CHICAGO OHARE INTERNATIONAL AIRPORT, IL US",82.0,61.0,49.0,0.0,10.0,10.0
crash_11625,2023-11-19 16:27:00,2023,11,Nov,Sun,16,Evening commute,30,TRAFFIC SIGNAL,CLEAR,DAYLIGHT,TURNING,DIVIDED - W/MEDIAN (NOT RAISED),DRY,NO INJURY / DRIVE AWAY,,true,"OVER $1,500",UNABLE TO DETERMINE,2,NO INDICATION OF INJURY,0,0,41.8161369117,-87.7432283427,60632,"CHICAGO MIDWAY AIRPORT, IL US",49.0,38.0,66.0,0.0,10.0,10.0
crash_11626,2020-02-24 14:56:00,2020,2,Feb,Mon,14,Daytime,30,NO CONTROLS,CLOUDY/OVERCAST,DAYLIGHT,TURNING,NOT DIVIDED,DRY,INJURY AND / OR TOW DUE TO CRASH,true,true,"OVER $1,500",UNABLE TO DETERMINE,2,NO INDICATION OF INJURY,0,0,41.8696547502,-87.7378639793,60624,"CHICAGO MIDWAY AIRPORT, IL US",41.0,32.0,70.0,0.0,10.0,14.0
crash_11627,2023-12-01 16:50:00,2023,12,Dec,Fri,16,Evening commute,30,TRAFFIC SIGNAL,CLEAR,DAYLIGHT,REAR END,DIVIDED - W/MEDIAN (NOT RAISED),DRY,NO INJURY / DRIVE AWAY,true,,"OVER $1,500",FOLLOWING TOO CLOSELY,2,NO INDICATION OF INJURY,0,0,41.9460123519,-87.7471910385,60641,"CHICAGO OHARE INTERNATIONAL AIRPORT, IL US",42.0,40.0,92.0,0.02,5.0,11.0
crash_11628,2021-08-18 01:32:00,2021,8,Aug,Wed,1,Night or early morning,30,NO CONTROLS,CLEAR,"DARKNESS, LIGHTED ROAD",OTHER NONCOLLISION,DIVIDED - W/MEDIAN BARRIER,DRY,INJURY AND / OR TOW DUE TO CRASH,,true,"OVER $1,500",DRIVING ON WRONG SIDE/WRONG WAY,3,NONINCAPACITATING INJURY,1,0,41.7666422675,-87.6636890393,60636,"CHICAGO MIDWAY AIRPORT, IL US",75.0,68.0,79.0,0.0,10.0,5.0
crash_11629,2023-12-08 17:45:00,2023,12,Dec,Fri,17,Evening commute,15,NO CONTROLS,CLEAR,DUSK,REAR END,PARKING LOT,DRY,NO INJURY / DRIVE AWAY,,,$500 OR LESS,UNABLE TO DETERMINE,2,NO INDICATION OF INJURY,0,0,41.8023644116,-87.5906530413,60615,"CHICAGO MIDWAY AIRPORT, IL US",55.0,45.0,69.0,0.0,10.0,11.0
crash_11630,2025-12-23 08:55:00,2025,12,Dec,Tue,8,Morning commute,30,UNKNOWN,CLEAR,UNKNOWN,SIDESWIPE SAME DIRECTION,NOT DIVIDED,UNKNOWN,NO INJURY / DRIVE AWAY,,,"$501 - $1,500",UNABLE TO DETERMINE,2,NO INDICATION OF INJURY,0,0,41.9865369189,-87.6551381759,60660,,,,,,,
crash_11631,2025-10-24 22:03:00,2025,10,Oct,Fri,22,Night or early morning,20,NO CONTROLS,CLEAR,"DARKNESS, LIGHTED ROAD",SIDESWIPE SAME DIRECTION,ONE-WAY,DRY,NO INJURY / DRIVE AWAY,,,"$501 - $1,500",IMPROPER OVERTAKING/PASSING,2,NO INDICATION OF INJURY,0,0,,,,,,,,,,
crash_11632,2023-08-19 18:12:00,2023,8,Aug,Sat,18,Evening commute,30,NO CONTROLS,CLEAR,DAYLIGHT,REAR TO FRONT,NOT DIVIDED,DRY,INJURY AND / OR TOW DUE TO CRASH,,,"OVER $1,500",IMPROPER BACKING,2,NO INDICATION OF INJURY,0,0,41.9081254197,-87.6741720417,60622,"CHICAGO MIDWAY AIRPORT, IL US",82.0,63.0,53.0,0.0,10.0,16.0
crash_11633,2021-07-25 15:25:00,2021,7,Jul,Sun,15,Evening commute,30,STOP SIGN/FLASHER,CLEAR,DAYLIGHT,SIDESWIPE SAME DIRECTION,ONE-WAY,DRY,NO INJURY / DRIVE AWAY,,true,"OVER $1,500",FAILING TO YIELD RIGHT-OF-WAY,2,NO INDICATION OF INJURY,0,0,41.9237977916,-87.6307772666,60614,"CHICAGO MIDWAY AIRPORT, IL US",91.0,50.0,25.0,0.0,10.0,10.0
crash_11634,2019-08-10 00:30:00,2019,8,Aug,Sat,0,Night or early morning,45,POLICE/FLAGMAN,CLEAR,"DARKNESS, LIGHTED ROAD",SIDESWIPE SAME DIRECTION,DIVIDED - W/MEDIAN BARRIER,DRY,NO INJURY / DRIVE AWAY,,,"$501 - $1,500",FOLLOWING TOO CLOSELY,2,NO INDICATION OF INJURY,0,0,41.8141929265,-87.5930111758,60653,"CHICAGO MIDWAY AIRPORT, IL US",71.0,59.0,66.0,0.0,10.0,0.0
crash_11635,2022-08-01 17:53:00,2022,8,Aug,Mon,17,Evening commute,30,TRAFFIC SIGNAL,CLEAR,DAYLIGHT,PEDALCYCLIST,FOUR WAY,DRY,INJURY AND / OR TOW DUE TO CRASH,true,true,"OVER $1,500",FAILING TO YIELD RIGHT-OF-WAY,2,"REPORTED, NOT EVIDENT",1,0,42.0050800739,-87.6899247445,60645,"CHICAGO OHARE INTERNATIONAL AIRPORT, IL US",83.0,61.0,48.0,0.0,10.0,14.0
crash_11636,2021-10-17 00:45:00,2021,10,Oct,Sun,0,Night or early morning,30,TRAFFIC SIGNAL,CLEAR,"DARKNESS, LIGHTED ROAD",TURNING,NOT DIVIDED,DRY,NO INJURY / DRIVE AWAY,,true,"OVER $1,500",UNABLE TO DETERMINE,2,NO INDICATION OF INJURY,0,0,41.8671196607,-87.6452815,60607,"CHICAGO MIDWAY AIRPORT, IL US",47.0,33.0,59.0,0.0,10.0,6.0
crash_11637,2023-03-09 19:33:00,2023,3,Mar,Thu,19,Night or early morning,30,NO CONTROLS,RAIN,"DARKNESS, LIGHTED ROAD",TURNING,DIVIDED - W/MEDIAN BARRIER,WET,INJURY AND / OR TOW DUE TO CRASH,,true,"OVER $1,500",FAILING TO YIELD RIGHT-OF-WAY,2,NO INDICATION OF INJURY,0,0,41.680638978,-87.6419169928,60628,"CHICAGO MIDWAY AIRPORT, IL US",37.0,34.0,87.0,,9.0,17.0
crash_11638,2023-04-30 21:42:00,2023,4,Apr,Sun,21,Night or early morning,30,NO CONTROLS,CLEAR,"DARKNESS, LIGHTED ROAD",PARKED MOTOR VEHICLE,PARKING LOT,DRY,NO INJURY / DRIVE AWAY,,,"OVER $1,500",NOT APPLICABLE,2,NO INDICATION OF INJURY,0,0,41.928603745,-87.6487247028,60614,"CHICAGO MIDWAY AIRPORT, IL US",43.0,36.0,76.0,0.0,10.0,13.0
crash_11639,2018-10-27 08:00:00,2018,10,Oct,Sat,8,Morning commute,25,NO CONTROLS,UNKNOWN,UNKNOWN,PARKED MOTOR VEHICLE,ONE-WAY,UNKNOWN,NO INJURY / DRIVE AWAY,,true,"OVER $1,500",UNABLE TO DETERMINE,2,NO INDICATION OF INJURY,0,0,41.9056691548,-87.6316211141,60610,"CHICAGO MIDWAY AIRPORT, IL US",44.0,39.0,83.0,0.0,10.0,8.0
crash_11640,2019-07-26 22:30:00,2019,7,Jul,Fri,22,Night or early morning,35,NO CONTROLS,CLEAR,"DARKNESS, LIGHTED ROAD",PARKED MOTOR VEHICLE,DIVIDED - W/MEDIAN (NOT RAISED),DRY,INJURY AND / OR TOW DUE TO CRASH,,,"OVER $1,500","OPERATING VEHICLE IN ERRATIC, RECKLESS, CARELESS, NEGLIGENT OR AGGRESSIVE MANNER",2,NO INDICATION OF INJURY,0,0,41.6787418745,-87.6273401116,60628,"CHICAGO MIDWAY AIRPORT, IL US",78.0,64.0,62.0,,10.0,11.0