crash_id,crash_datetime,crash_year,crash_month,crash_month_name,crash_weekday_name,crash_hour,time_period,posted_speed_limit_mph,traffic_control_device,reported_weather_condition,reported_lighting_condition,first_crash_type,trafficway_type,reported_road_surface_condition,crash_type,intersection_related,hit_and_run,estimated_damage,primary_contributory_cause,unit_count,most_severe_injury,injuries_total,injuries_fatal,latitude,longitude,zip5,weather_station_name,temperature_f,dew_point_f,relative_humidity_percent,precipitation_inches,visibility_miles,wind_speed_mph
crash_11641,2018-01-05 13:30:00,2018,1,Jan,Fri,13,Daytime,30,NO CONTROLS,CLEAR,DAYLIGHT,PARKED MOTOR VEHICLE,DIVIDED - W/MEDIAN BARRIER,UNKNOWN,NO INJURY / DRIVE AWAY,,true,"OVER $1,500",UNABLE TO DETERMINE,2,NO INDICATION OF INJURY,0,0,41.8054474456,-87.6650316868,60609,"CHICAGO MIDWAY AIRPORT, IL US",11.0,-5.0,48.0,0.0,10.0,13.0
crash_11642,2021-07-30 02:30:00,2021,7,Jul,Fri,2,Night or early morning,30,NO CONTROLS,CLEAR,DARKNESS,PARKED MOTOR VEHICLE,NOT DIVIDED,DRY,NO INJURY / DRIVE AWAY,,true,"OVER $1,500",UNABLE TO DETERMINE,2,NO INDICATION OF INJURY,0,0,41.9081474572,-87.673754225,60622,"CHICAGO MIDWAY AIRPORT, IL US",70.0,60.0,71.0,0.0,10.0,15.0
crash_11643,2020-03-09 16:45:00,2020,3,Mar,Mon,16,Evening commute,30,NO CONTROLS,UNKNOWN,DAYLIGHT,SIDESWIPE SAME DIRECTION,ONE-WAY,UNKNOWN,NO INJURY / DRIVE AWAY,,,"OVER $1,500",IMPROPER OVERTAKING/PASSING,2,NO INDICATION OF INJURY,0,0,41.7143304828,-87.6418706067,60628,"CHICAGO MIDWAY AIRPORT, IL US",55.0,51.0,87.0,0.06,5.0,15.0
crash_11644,2019-01-18 17:58:00,2019,1,Jan,Fri,17,Evening commute,30,NO CONTROLS,CLEAR,DARKNESS,REAR END,DIVIDED - W/MEDIAN (NOT RAISED),DRY,NO INJURY / DRIVE AWAY,,,"OVER $1,500",FOLLOWING TOO CLOSELY,2,NO INDICATION OF INJURY,0,0,41.952709128,-87.7920283927,60634,"CHICAGO OHARE INTERNATIONAL AIRPORT, IL US",28.0,21.0,75.0,0.0,10.0,15.0
crash_11645,2022-10-09 18:40:00,2022,10,Oct,Sun,18,Evening commute,30,NO CONTROLS,CLEAR,"DARKNESS, LIGHTED ROAD",ANIMAL,NOT DIVIDED,DRY,NO INJURY / DRIVE AWAY,,,"OVER $1,500",ANIMAL,1,NO INDICATION OF INJURY,0,0,41.6910951109,-87.720455524,60655,"CHICAGO MIDWAY AIRPORT, IL US",67.0,37.0,33.0,0.0,10.0,5.0
crash_11646,2022-06-18 17:55:00,2022,6,Jun,Sat,17,Evening commute,30,TRAFFIC SIGNAL,CLEAR,DAYLIGHT,SIDESWIPE SAME DIRECTION,DIVIDED - W/MEDIAN (NOT RAISED),DRY,NO INJURY / DRIVE AWAY,,true,$500 OR LESS,"OPERATING VEHICLE IN ERRATIC, RECKLESS, CARELESS, NEGLIGENT OR AGGRESSIVE MANNER",2,NO INDICATION OF INJURY,0,0,41.9254223924,-87.6537605693,60614,"CHICAGO MIDWAY AIRPORT, IL US",70.0,40.0,34.0,0.0,10.0,13.0
crash_11647,2024-01-26 13:38:00,2024,1,Jan,Fri,13,Daytime,30,NO CONTROLS,RAIN,DAYLIGHT,REAR END,NOT DIVIDED,WET,INJURY AND / OR TOW DUE TO CRASH,,true,"$501 - $1,500",WEATHER,2,NONINCAPACITATING INJURY,1,0,41.76476216,-87.6688198967,60636,"CHICAGO MIDWAY AIRPORT, IL US",42.0,39.0,89.0,0.01,3.0,6.0
crash_11648,2024-08-01 13:00:00,2024,8,Aug,Thu,13,Daytime,30,STOP SIGN/FLASHER,CLEAR,DAYLIGHT,ANGLE,FOUR WAY,DRY,NO INJURY / DRIVE AWAY,true,,"OVER $1,500",UNABLE TO DETERMINE,2,NO INDICATION OF INJURY,0,0,41.8085754914,-87.6602501848,60609,"CHICAGO MIDWAY AIRPORT, IL US",83.0,69.0,63.0,0.0,10.0,8.0
crash_11649,2018-11-07 15:20:00,2018,11,Nov,Wed,15,Evening commute,30,UNKNOWN,CLOUDY/OVERCAST,DAYLIGHT,REAR END,NOT DIVIDED,DRY,NO INJURY / DRIVE AWAY,,,"OVER $1,500",IMPROPER BACKING,2,NO INDICATION OF INJURY,0,0,41.8874615305,-87.7021614015,60612,"CHICAGO MIDWAY AIRPORT, IL US",39.0,27.0,62.0,0.0,10.0,10.0
crash_11650,2024-06-06 08:45:00,2024,6,Jun,Thu,8,Morning commute,30,STOP SIGN/FLASHER,CLEAR,DAYLIGHT,PEDALCYCLIST,NOT DIVIDED,DRY,NO INJURY / DRIVE AWAY,,,$500 OR LESS,UNABLE TO DETERMINE,2,NO INDICATION OF INJURY,0,0,41.8024498092,-87.5853552861,60615,"CHICAGO MIDWAY AIRPORT, IL US",74.0,50.0,43.0,0.0,10.0,16.0
crash_11651,2018-11-13 04:50:00,2018,11,Nov,Tue,4,Night or early morning,25,STOP SIGN/FLASHER,CLEAR,DARKNESS,ANGLE,NOT DIVIDED,DRY,NO INJURY / DRIVE AWAY,,,"OVER $1,500",UNABLE TO DETERMINE,2,NO INDICATION OF INJURY,0,0,41.9112514213,-87.6367128108,60614,"CHICAGO MIDWAY AIRPORT, IL US",20.0,9.0,62.0,0.0,10.0,13.0
crash_11652,2022-05-27 17:00:00,2022,5,May,Fri,17,Evening commute,30,NO CONTROLS,CLEAR,DAYLIGHT,SIDESWIPE SAME DIRECTION,NOT DIVIDED,DRY,NO INJURY / DRIVE AWAY,,,"$501 - $1,500",FAILING TO YIELD RIGHT-OF-WAY,2,NO INDICATION OF INJURY,0,0,41.9034099504,-87.6565317419,60642,"CHICAGO MIDWAY AIRPORT, IL US",62.0,48.0,60.0,0.0,10.0,14.0
crash_11653,2025-10-07 16:23:00,2025,10,Oct,Tue,16,Evening commute,30,TRAFFIC SIGNAL,CLEAR,DAYLIGHT,REAR END,NOT DIVIDED,DRY,NO INJURY / DRIVE AWAY,true,,$500 OR LESS,UNABLE TO DETERMINE,2,NO INDICATION OF INJURY,0,0,41.7798596793,-87.6448527816,60621,,,,,,,
crash_11654,2018-12-07 15:56:00,2018,12,Dec,Fri,15,Evening commute,30,STOP SIGN/FLASHER,UNKNOWN,DAYLIGHT,TURNING,NOT DIVIDED,DRY,NO INJURY / DRIVE AWAY,true,,"OVER $1,500",FAILING TO REDUCE SPEED TO AVOID CRASH,2,NO INDICATION OF INJURY,0,0,41.975773664,-87.7160528087,60625,"CHICAGO OHARE INTERNATIONAL AIRPORT, IL US",22.0,9.0,57.0,0.0,10.0,8.0
crash_11655,2024-03-11 08:10:00,2024,3,Mar,Mon,8,Morning commute,30,TRAFFIC SIGNAL,CLEAR,DAYLIGHT,REAR END,NOT DIVIDED,DRY,NO INJURY / DRIVE AWAY,,,"$501 - $1,500",PHYSICAL CONDITION OF DRIVER,2,NO INDICATION OF INJURY,0,0,41.9908662628,-87.6725600431,60660,"CHICAGO OHARE INTERNATIONAL AIRPORT, IL US",37.0,21.0,52.0,0.0,10.0,9.0
crash_11656,2023-05-21 20:57:00,2023,5,May,Sun,20,Night or early morning,30,TRAFFIC SIGNAL,CLEAR,"DARKNESS, LIGHTED ROAD",HEAD ON,FOUR WAY,DRY,NO INJURY / DRIVE AWAY,true,,"OVER $1,500",NOT APPLICABLE,2,NO INDICATION OF INJURY,0,0,41.7776281648,-87.7814106204,60638,"CHICAGO MIDWAY AIRPORT, IL US",69.0,40.0,35.0,0.0,10.0,10.0
crash_11657,2025-08-13 13:15:00,2025,8,Aug,Wed,13,Daytime,30,NO CONTROLS,CLEAR,DAYLIGHT,TURNING,NOT DIVIDED,DRY,INJURY AND / OR TOW DUE TO CRASH,,,"OVER $1,500",UNABLE TO DETERMINE,2,NONINCAPACITATING INJURY,4,0,41.8020830017,-87.6843975403,60632,"CHICAGO MIDWAY AIRPORT, IL US",84.0,61.0,46.0,0.0,10.0,6.0
crash_11658,2024-06-01 02:14:00,2024,6,Jun,Sat,2,Night or early morning,30,TRAFFIC SIGNAL,CLEAR,"DARKNESS, LIGHTED ROAD",REAR END,FOUR WAY,DRY,NO INJURY / DRIVE AWAY,true,,"OVER $1,500",FOLLOWING TOO CLOSELY,2,NO INDICATION OF INJURY,0,0,41.8824191868,-87.7600351277,60644,"CHICAGO MIDWAY AIRPORT, IL US",68.0,44.0,42.0,0.0,10.0,6.0
crash_11659,2021-01-07 19:30:00,2021,1,Jan,Thu,19,Night or early morning,30,NO CONTROLS,CLEAR,"DARKNESS, LIGHTED ROAD",REAR END,NOT DIVIDED,DRY,NO INJURY / DRIVE AWAY,,,"OVER $1,500",FOLLOWING TOO CLOSELY,2,NO INDICATION OF INJURY,0,0,41.786041557,-87.7095251129,60629,"CHICAGO MIDWAY AIRPORT, IL US",37.0,23.0,57.0,0.0,10.0,14.0
crash_11660,2024-05-23 17:57:00,2024,5,May,Thu,17,Evening commute,30,NO CONTROLS,CLEAR,DAYLIGHT,TURNING,NOT DIVIDED,DRY,NO INJURY / DRIVE AWAY,,,"OVER $1,500",NOT APPLICABLE,2,NO INDICATION OF INJURY,0,0,41.7721855694,-87.6737760725,60636,"CHICAGO MIDWAY AIRPORT, IL US",77.0,45.0,32.0,0.0,10.0,11.0
crash_11661,2019-05-10 16:00:00,2019,5,May,Fri,16,Evening commute,30,NO CONTROLS,CLEAR,DAYLIGHT,PARKED MOTOR VEHICLE,NOT DIVIDED,DRY,NO INJURY / DRIVE AWAY,,,$500 OR LESS,UNABLE TO DETERMINE,2,NO INDICATION OF INJURY,0,0,41.8949016164,-87.6342299275,60654,"CHICAGO MIDWAY AIRPORT, IL US",53.0,38.0,57.0,0.0,10.0,7.0
crash_11662,2023-03-15 14:40:00,2023,3,Mar,Wed,14,Daytime,25,NO CONTROLS,CLEAR,DAYLIGHT,PARKED MOTOR VEHICLE,ONE-WAY,DRY,NO INJURY / DRIVE AWAY,,true,"OVER $1,500",DRIVING SKILLS/KNOWLEDGE/EXPERIENCE,2,NO INDICATION OF INJURY,0,0,41.9833646841,-87.6567496461,60640,"CHICAGO OHARE INTERNATIONAL AIRPORT, IL US",49.0,26.0,41.0,0.0,10.0,15.0
crash_11663,2018-06-02 14:11:00,2018,6,Jun,Sat,14,Daytime,30,NO CONTROLS,CLEAR,DAYLIGHT,SIDESWIPE OPPOSITE DIRECTION,NOT DIVIDED,DRY,NO INJURY / DRIVE AWAY,,,"$501 - $1,500",IMPROPER LANE USAGE,2,NO INDICATION OF INJURY,0,0,41.9569297801,-87.7324263472,60641,"CHICAGO OHARE INTERNATIONAL AIRPORT, IL US",66.0,57.0,73.0,0.0,10.0,10.0
crash_11664,2020-05-23 15:00:00,2020,5,May,Sat,15,Evening commute,30,NO CONTROLS,CLEAR,DAYLIGHT,TURNING,NOT DIVIDED,DRY,NO INJURY / DRIVE AWAY,,true,"OVER $1,500",UNABLE TO DETERMINE,2,NO INDICATION OF INJURY,0,0,41.8947676677,-87.7622040159,60644,"CHICAGO MIDWAY AIRPORT, IL US",79.0,61.0,54.0,0.0,10.0,18.0
crash_11665,2021-08-09 05:04:00,2021,8,Aug,Mon,5,Night or early morning,30,NO CONTROLS,CLEAR,"DARKNESS, LIGHTED ROAD",TURNING,NOT DIVIDED,DRY,NO INJURY / DRIVE AWAY,,true,"OVER $1,500",FAILING TO YIELD RIGHT-OF-WAY,2,NO INDICATION OF INJURY,0,0,41.9470744208,-87.7371828771,60641,"CHICAGO OHARE INTERNATIONAL AIRPORT, IL US",71.0,67.0,87.0,0.0,10.0,10.0
crash_11666,2025-11-15 14:00:00,2025,11,Nov,Sat,14,Daytime,30,NO CONTROLS,CLEAR,DAYLIGHT,PARKED MOTOR VEHICLE,ONE-WAY,DRY,NO INJURY / DRIVE AWAY,,true,"OVER $1,500",UNABLE TO DETERMINE,2,NO INDICATION OF INJURY,0,0,41.9406109557,-87.6771342057,60657,,,,,,,
crash_11667,2022-05-13 23:30:00,2022,5,May,Fri,23,Night or early morning,35,TRAFFIC SIGNAL,CLEAR,"DARKNESS, LIGHTED ROAD",TURNING,FOUR WAY,DRY,NO INJURY / DRIVE AWAY,true,,"OVER $1,500",UNABLE TO DETERMINE,2,NO INDICATION OF INJURY,0,0,41.7126245501,-87.6202785193,60628,"CHICAGO MIDWAY AIRPORT, IL US",78.0,55.0,45.0,0.0,10.0,8.0
crash_11668,2024-08-27 18:28:00,2024,8,Aug,Tue,18,Evening commute,30,YIELD,CLEAR,DAYLIGHT,ANGLE,Y-INTERSECTION,DRY,NO INJURY / DRIVE AWAY,true,,"OVER $1,500",FAILING TO YIELD RIGHT-OF-WAY,2,NO INDICATION OF INJURY,0,0,41.7948587602,-87.6193097389,60615,"CHICAGO MIDWAY AIRPORT, IL US",95.0,74.0,51.0,0.0,10.0,11.0
crash_11669,2021-07-13 10:24:00,2021,7,Jul,Tue,10,Daytime,15,NO CONTROLS,CLOUDY/OVERCAST,DAYLIGHT,PARKED MOTOR VEHICLE,PARKING LOT,WET,NO INJURY / DRIVE AWAY,,true,"OVER $1,500",UNABLE TO DETERMINE,2,NO INDICATION OF INJURY,0,0,41.9919194724,-87.7096313344,60659,"CHICAGO OHARE INTERNATIONAL AIRPORT, IL US",70.0,67.0,90.0,,5.0,6.0
crash_11670,2025-12-03 09:55:00,2025,12,Dec,Wed,9,Morning commute,30,NO CONTROLS,CLEAR,DAYLIGHT,REAR TO FRONT,ONE-WAY,SNOW OR SLUSH,NO INJURY / DRIVE AWAY,,,"$501 - $1,500",NOT APPLICABLE,2,NO INDICATION OF INJURY,0,0,41.9416612875,-87.6700759229,60657,,,,,,,
crash_11671,2021-04-20 17:00:00,2021,4,Apr,Tue,17,Evening commute,30,NO CONTROLS,UNKNOWN,UNKNOWN,SIDESWIPE SAME DIRECTION,ALLEY,UNKNOWN,INJURY AND / OR TOW DUE TO CRASH,,true,"$501 - $1,500",FOLLOWING TOO CLOSELY,2,NONINCAPACITATING INJURY,1,0,41.7437498489,-87.6342610679,60620,"CHICAGO MIDWAY AIRPORT, IL US",39.0,19.0,45.0,0.0,10.0,13.0
crash_11672,2025-03-26 20:37:00,2025,3,Mar,Wed,20,Night or early morning,30,NO CONTROLS,CLEAR,DUSK,SIDESWIPE SAME DIRECTION,NOT DIVIDED,DRY,NO INJURY / DRIVE AWAY,true,,"$501 - $1,500",IMPROPER LANE USAGE,2,NO INDICATION OF INJURY,0,0,41.7620485494,-87.5863670219,60619,"CHICAGO MIDWAY AIRPORT, IL US",43.0,28.0,56.0,0.0,10.0,5.0
crash_11673,2020-07-26 06:02:00,2020,7,Jul,Sun,6,Morning commute,30,NO CONTROLS,CLEAR,DAYLIGHT,PARKED MOTOR VEHICLE,ONE-WAY,DRY,NO INJURY / DRIVE AWAY,,true,"OVER $1,500",UNABLE TO DETERMINE,2,NO INDICATION OF INJURY,0,0,41.7354580614,-87.6425283269,60620,"CHICAGO MIDWAY AIRPORT, IL US",76.0,71.0,85.0,0.0,10.0,8.0
crash_11674,2019-09-10 09:00:00,2019,9,Sep,Tue,9,Morning commute,30,NO CONTROLS,CLEAR,DAYLIGHT,PARKED MOTOR VEHICLE,NOT DIVIDED,DRY,NO INJURY / DRIVE AWAY,,,"$501 - $1,500",UNABLE TO DETERMINE,2,NO INDICATION OF INJURY,0,0,41.8861652862,-87.6606375521,60607,"CHICAGO MIDWAY AIRPORT, IL US",77.0,67.0,71.0,0.0,10.0,9.0
crash_11675,2022-01-28 02:16:00,2022,1,Jan,Fri,2,Night or early morning,35,TRAFFIC SIGNAL,SNOW,"DARKNESS, LIGHTED ROAD",ANGLE,FOUR WAY,SNOW OR SLUSH,INJURY AND / OR TOW DUE TO CRASH,,,"OVER $1,500",DISREGARDING TRAFFIC SIGNALS,2,NO INDICATION OF INJURY,0,0,41.8782582171,-87.6307344694,60604,"CHICAGO MIDWAY AIRPORT, IL US",27.0,22.0,81.0,0.0,0.75,10.0
crash_11676,2019-03-24 19:36:00,2019,3,Mar,Sun,19,Night or early morning,30,NO CONTROLS,CLEAR,"DARKNESS, LIGHTED ROAD",REAR END,DIVIDED - W/MEDIAN (NOT RAISED),DRY,NO INJURY / DRIVE AWAY,,,"$501 - $1,500",FAILING TO REDUCE SPEED TO AVOID CRASH,2,NO INDICATION OF INJURY,0,0,41.7788336458,-87.7049095665,60629,"CHICAGO MIDWAY AIRPORT, IL US",39.0,35.0,86.0,0.0,9.0,16.0
crash_11677,2019-05-04 15:00:00,2019,5,May,Sat,15,Evening commute,30,TRAFFIC SIGNAL,CLEAR,DAYLIGHT,TURNING,FOUR WAY,DRY,INJURY AND / OR TOW DUE TO CRASH,,,"$501 - $1,500",NOT APPLICABLE,2,NO INDICATION OF INJURY,0,0,41.692543188,-87.6181344588,60628,"CHICAGO MIDWAY AIRPORT, IL US",61.0,39.0,44.0,0.0,10.0,9.0
crash_11678,2024-03-09 18:15:00,2024,3,Mar,Sat,18,Evening commute,30,NO CONTROLS,CLEAR,"DARKNESS, LIGHTED ROAD",REAR END,NOT DIVIDED,UNKNOWN,NO INJURY / DRIVE AWAY,,,"OVER $1,500",FOLLOWING TOO CLOSELY,2,NO INDICATION OF INJURY,0,0,41.9412550699,-87.6540006156,60657,"CHICAGO MIDWAY AIRPORT, IL US",41.0,21.0,45.0,0.0,10.0,15.0
crash_11679,2023-11-30 12:14:00,2023,11,Nov,Thu,12,Daytime,30,NO CONTROLS,CLEAR,DAYLIGHT,TURNING,NOT DIVIDED,DRY,INJURY AND / OR TOW DUE TO CRASH,,,"OVER $1,500",FAILING TO YIELD RIGHT-OF-WAY,2,"REPORTED, NOT EVIDENT",1,0,41.7064645575,-87.6817700042,60655,"CHICAGO MIDWAY AIRPORT, IL US",53.0,36.0,52.0,0.0,10.0,16.0
crash_11680,2023-04-20 07:37:00,2023,4,Apr,Thu,7,Morning commute,30,TRAFFIC SIGNAL,CLEAR,DAYLIGHT,TURNING,FOUR WAY,DRY,NO INJURY / DRIVE AWAY,true,,"$501 - $1,500",IMPROPER OVERTAKING/PASSING,2,NO INDICATION OF INJURY,0,0,41.8925103451,-87.633128445,60654,"CHICAGO MIDWAY AIRPORT, IL US",63.0,52.0,68.0,0.0,10.0,8.0
crash_11681,2019-09-22 20:13:00,2019,9,Sep,Sun,20,Night or early morning,20,NO CONTROLS,RAIN,"DARKNESS, LIGHTED ROAD",PARKED MOTOR VEHICLE,DIVIDED - W/MEDIAN (NOT RAISED),WET,NO INJURY / DRIVE AWAY,,true,"OVER $1,500",UNABLE TO DETERMINE,2,NO INDICATION OF INJURY,0,0,41.7660277795,-87.5764431228,60649,"CHICAGO MIDWAY AIRPORT, IL US",73.0,70.0,90.0,0.01,10.0,15.0
crash_11682,2023-03-13 05:24:00,2023,3,Mar,Mon,5,Night or early morning,30,NO CONTROLS,CLEAR,"DARKNESS, LIGHTED ROAD",PARKED MOTOR VEHICLE,ONE-WAY,DRY,INJURY AND / OR TOW DUE TO CRASH,,,"OVER $1,500",UNABLE TO DETERMINE,2,NO INDICATION OF INJURY,0,0,41.9281025138,-87.7451977544,60639,"CHICAGO OHARE INTERNATIONAL AIRPORT, IL US",29.0,22.0,75.0,0.0,10.0,11.0
crash_11683,2018-04-24 07:25:00,2018,4,Apr,Tue,7,Morning commute,35,TRAFFIC SIGNAL,CLEAR,DAYLIGHT,REAR END,NOT DIVIDED,DRY,NO INJURY / DRIVE AWAY,,,"OVER $1,500",FAILING TO REDUCE SPEED TO AVOID CRASH,2,NO INDICATION OF INJURY,0,0,41.8561673005,-87.7098168358,60623,"CHICAGO MIDWAY AIRPORT, IL US",52.0,42.0,69.0,,10.0,7.0
crash_11684,2023-01-05 11:30:00,2023,1,Jan,Thu,11,Daytime,30,NO CONTROLS,CLEAR,DAYLIGHT,REAR END,NOT DIVIDED,WET,NO INJURY / DRIVE AWAY,,,"OVER $1,500",FOLLOWING TOO CLOSELY,2,NO INDICATION OF INJURY,0,0,41.8089589364,-87.6467865535,60609,"CHICAGO MIDWAY AIRPORT, IL US",32.0,28.0,85.0,0.0,7.0,10.0
crash_11685,2021-01-16 17:00:00,2021,1,Jan,Sat,17,Evening commute,30,NO CONTROLS,UNKNOWN,"DARKNESS, LIGHTED ROAD",PARKED MOTOR VEHICLE,NOT DIVIDED,UNKNOWN,NO INJURY / DRIVE AWAY,,true,"OVER $1,500",IMPROPER BACKING,2,NO INDICATION OF INJURY,0,0,41.751723371,-87.5586996353,60617,"CHICAGO MIDWAY AIRPORT, IL US",37.0,29.0,73.0,0.0,10.0,9.0
crash_11686,2023-11-20 17:15:00,2023,11,Nov,Mon,17,Evening commute,25,NO CONTROLS,CLEAR,DUSK,SIDESWIPE SAME DIRECTION,NOT DIVIDED,DRY,NO INJURY / DRIVE AWAY,,true,$500 OR LESS,UNABLE TO DETERMINE,2,NO INDICATION OF INJURY,0,0,41.8310059293,-87.6511205225,60608,"CHICAGO MIDWAY AIRPORT, IL US",47.0,33.0,59.0,0.0,10.0,11.0
crash_11687,2018-05-17 09:50:00,2018,5,May,Thu,9,Morning commute,30,TRAFFIC SIGNAL,CLEAR,DAYLIGHT,ANGLE,OTHER,DRY,INJURY AND / OR TOW DUE TO CRASH,true,,"OVER $1,500",DISREGARDING TRAFFIC SIGNALS,2,NO INDICATION OF INJURY,0,0,41.9009013487,-87.625628848,60611,"CHICAGO MIDWAY AIRPORT, IL US",70.0,48.0,46.0,0.0,10.0,8.0
crash_11688,2021-04-04 12:07:00,2021,4,Apr,Sun,12,Daytime,30,TRAFFIC SIGNAL,CLEAR,DAYLIGHT,ANGLE,NOT DIVIDED,DRY,NO INJURY / DRIVE AWAY,,,"OVER $1,500",DISREGARDING TRAFFIC SIGNALS,2,NO INDICATION OF INJURY,0,0,41.7684549099,-87.664038433,60636,"CHICAGO MIDWAY AIRPORT, IL US",68.0,39.0,35.0,0.0,10.0,6.0
crash_11689,2023-09-27 23:33:00,2023,9,Sep,Wed,23,Night or early morning,30,NO CONTROLS,CLEAR,"DARKNESS, LIGHTED ROAD",TURNING,FOUR WAY,DRY,INJURY AND / OR TOW DUE TO CRASH,,,"OVER $1,500",FAILING TO YIELD RIGHT-OF-WAY,2,NO INDICATION OF INJURY,0,0,41.7971097354,-87.7231243505,60632,"CHICAGO MIDWAY AIRPORT, IL US",65.0,60.0,84.0,0.0,10.0,6.0
crash_11690,2018-10-23 09:15:00,2018,10,Oct,Tue,9,Morning commute,20,NO CONTROLS,CLEAR,DAYLIGHT,ANGLE,PARKING LOT,DRY,NO INJURY / DRIVE AWAY,,,"$501 - $1,500",UNABLE TO DETERMINE,2,NO INDICATION OF INJURY,0,0,41.8767701984,-87.754856454,60644,"CHICAGO MIDWAY AIRPORT, IL US",45.0,29.0,54.0,0.0,10.0,13.0
crash_11691,2019-11-08 09:00:00,2019,11,Nov,Fri,9,Morning commute,30,NO CONTROLS,CLEAR,DAYLIGHT,SIDESWIPE SAME DIRECTION,DIVIDED - W/MEDIAN (NOT RAISED),DRY,NO INJURY / DRIVE AWAY,,true,$500 OR LESS,IMPROPER OVERTAKING/PASSING,2,NO INDICATION OF INJURY,0,0,41.7714255882,-87.6638516802,60636,"CHICAGO MIDWAY AIRPORT, IL US",23.0,10.0,57.0,0.0,10.0,6.0
crash_11692,2024-05-08 08:15:00,2024,5,May,Wed,8,Morning commute,25,NO CONTROLS,CLEAR,DAYLIGHT,SIDESWIPE OPPOSITE DIRECTION,NOT DIVIDED,DRY,NO INJURY / DRIVE AWAY,,,$500 OR LESS,UNABLE TO DETERMINE,2,NO INDICATION OF INJURY,0,0,41.8116956924,-87.7011648018,60632,"CHICAGO MIDWAY AIRPORT, IL US",62.0,49.0,62.0,0.0,10.0,6.0
crash_11693,2021-03-13 20:30:00,2021,3,Mar,Sat,20,Night or early morning,30,TRAFFIC SIGNAL,CLEAR,DAYLIGHT,ANGLE,NOT DIVIDED,DRY,NO INJURY / DRIVE AWAY,,true,"$501 - $1,500",FAILING TO REDUCE SPEED TO AVOID CRASH,2,NO INDICATION OF INJURY,0,0,41.9391768997,-87.7122677387,60618,"CHICAGO MIDWAY AIRPORT, IL US",49.0,25.0,39.0,0.0,10.0,3.0
crash_11694,2022-11-10 18:00:00,2022,11,Nov,Thu,18,Evening commute,30,NO CONTROLS,CLEAR,DARKNESS,SIDESWIPE SAME DIRECTION,NOT DIVIDED,DRY,NO INJURY / DRIVE AWAY,,,"$501 - $1,500",NOT APPLICABLE,2,NO INDICATION OF INJURY,0,0,41.8077761313,-87.7397219844,60632,"CHICAGO MIDWAY AIRPORT, IL US",69.0,42.0,38.0,0.0,10.0,20.0
crash_11695,2024-03-08 14:17:00,2024,3,Mar,Fri,14,Daytime,30,TRAFFIC SIGNAL,RAIN,DAYLIGHT,REAR END,FOUR WAY,WET,INJURY AND / OR TOW DUE TO CRASH,,,"OVER $1,500",UNABLE TO DETERMINE,2,"REPORTED, NOT EVIDENT",1,0,,,,,,,,,,
crash_11696,2022-02-20 12:50:00,2022,2,Feb,Sun,12,Daytime,25,STOP SIGN/FLASHER,CLEAR,DAYLIGHT,SIDESWIPE SAME DIRECTION,ONE-WAY,DRY,NO INJURY / DRIVE AWAY,,true,"OVER $1,500",IMPROPER OVERTAKING/PASSING,2,NO INDICATION OF INJURY,0,0,41.7794285762,-87.6728389258,60636,"CHICAGO MIDWAY AIRPORT, IL US",48.0,29.0,48.0,0.0,10.0,29.0
crash_11697,2023-10-22 15:30:00,2023,10,Oct,Sun,15,Evening commute,30,NO CONTROLS,CLEAR,DAYLIGHT,SIDESWIPE SAME DIRECTION,NOT DIVIDED,DRY,NO INJURY / DRIVE AWAY,,,"OVER $1,500",FAILING TO YIELD RIGHT-OF-WAY,2,NO INDICATION OF INJURY,0,0,41.7991387762,-87.7038646906,60632,"CHICAGO MIDWAY AIRPORT, IL US",56.0,41.0,57.0,0.0,10.0,9.0
crash_11698,2024-07-03 13:15:00,2024,7,Jul,Wed,13,Daytime,35,TRAFFIC SIGNAL,CLEAR,DAYLIGHT,REAR END,FOUR WAY,DRY,NO INJURY / DRIVE AWAY,true,,"OVER $1,500",FOLLOWING TOO CLOSELY,2,NO INDICATION OF INJURY,0,0,41.8583725929,-87.627356171,60616,"CHICAGO MIDWAY AIRPORT, IL US",86.0,68.0,55.0,0.0,10.0,6.0
crash_11699,2019-08-10 16:44:00,2019,8,Aug,Sat,16,Evening commute,30,TRAFFIC SIGNAL,CLEAR,DAYLIGHT,PEDALCYCLIST,FOUR WAY,DRY,INJURY AND / OR TOW DUE TO CRASH,true,true,$500 OR LESS,FAILING TO YIELD RIGHT-OF-WAY,2,NONINCAPACITATING INJURY,1,0,41.926005042,-87.6313043359,60614,"CHICAGO MIDWAY AIRPORT, IL US",80.0,58.0,47.0,0.0,10.0,13.0
crash_11700,2025-10-31 07:00:00,2025,10,Oct,Fri,7,Morning commute,30,NO CONTROLS,CLEAR,DARKNESS,PEDESTRIAN,NOT DIVIDED,DRY,INJURY AND / OR TOW DUE TO CRASH,,,"$501 - $1,500",FAILING TO YIELD RIGHT-OF-WAY,2,INCAPACITATING INJURY,1,0,42.0180174394,-87.6903373682,60645,,,,,,,
crash_11701,2021-12-04 14:30:00,2021,12,Dec,Sat,14,Daytime,20,NO CONTROLS,CLEAR,DAYLIGHT,PARKED MOTOR VEHICLE,NOT DIVIDED,DRY,NO INJURY / DRIVE AWAY,,,"OVER $1,500",UNABLE TO DETERMINE,2,NO INDICATION OF INJURY,0,0,41.9310210058,-87.6768640181,60614,"CHICAGO MIDWAY AIRPORT, IL US",42.0,1.0,18.0,0.0,10.0,13.0