crash_id,crash_datetime,crash_year,crash_month,crash_month_name,crash_weekday_name,crash_hour,time_period,posted_speed_limit_mph,traffic_control_device,reported_weather_condition,reported_lighting_condition,first_crash_type,trafficway_type,reported_road_surface_condition,crash_type,intersection_related,hit_and_run,estimated_damage,primary_contributory_cause,unit_count,most_severe_injury,injuries_total,injuries_fatal,latitude,longitude,zip5,weather_station_name,temperature_f,dew_point_f,relative_humidity_percent,precipitation_inches,visibility_miles,wind_speed_mph
crash_11702,2019-09-17 12:00:00,2019,9,Sep,Tue,12,Daytime,30,NO CONTROLS,CLEAR,DAYLIGHT,PARKED MOTOR VEHICLE,ONE-WAY,DRY,NO INJURY / DRIVE AWAY,,true,"$501 - $1,500",UNABLE TO DETERMINE,2,NO INDICATION OF INJURY,0,0,41.8947105122,-87.7677645635,60644,"CHICAGO MIDWAY AIRPORT, IL US",74.0,66.0,76.0,0.0,9.0,5.0
crash_11703,2024-07-21 09:25:00,2024,7,Jul,Sun,9,Morning commute,30,NO CONTROLS,CLEAR,DAYLIGHT,TURNING,DIVIDED - W/MEDIAN BARRIER,UNKNOWN,INJURY AND / OR TOW DUE TO CRASH,,,"OVER $1,500",UNABLE TO DETERMINE,2,"REPORTED, NOT EVIDENT",1,0,41.681034602,-87.6806730867,60643,"CHICAGO MIDWAY AIRPORT, IL US",77.0,59.0,54.0,0.0,10.0,0.0
crash_11704,2022-03-05 06:05:00,2022,3,Mar,Sat,6,Morning commute,30,TRAFFIC SIGNAL,CLEAR,DAWN,TURNING,DIVIDED - W/MEDIAN (NOT RAISED),DRY,INJURY AND / OR TOW DUE TO CRASH,true,,"OVER $1,500",IMPROPER OVERTAKING/PASSING,2,NO INDICATION OF INJURY,0,0,41.7781618734,-87.7617802217,60638,"CHICAGO MIDWAY AIRPORT, IL US",43.0,26.0,51.0,0.0,10.0,8.0
crash_11705,2022-12-15 15:30:00,2022,12,Dec,Thu,15,Evening commute,30,NO CONTROLS,CLEAR,DAYLIGHT,SIDESWIPE SAME DIRECTION,NOT DIVIDED,DRY,NO INJURY / DRIVE AWAY,,,$500 OR LESS,UNABLE TO DETERMINE,2,NO INDICATION OF INJURY,0,0,41.9248712432,-87.7024366591,60647,"CHICAGO MIDWAY AIRPORT, IL US",35.0,27.0,72.0,0.0,2.5,13.0
crash_11706,2018-11-09 07:15:00,2018,11,Nov,Fri,7,Morning commute,30,NO CONTROLS,SNOW,DAYLIGHT,ANGLE,DIVIDED - W/MEDIAN (NOT RAISED),SNOW OR SLUSH,INJURY AND / OR TOW DUE TO CRASH,true,,"OVER $1,500",FAILING TO YIELD RIGHT-OF-WAY,2,NONINCAPACITATING INJURY,4,0,41.8950192024,-87.7581178758,60651,"CHICAGO MIDWAY AIRPORT, IL US",33.0,30.0,89.0,0.0,0.75,7.0
crash_11707,2019-06-04 11:40:00,2019,6,Jun,Tue,11,Daytime,30,NO CONTROLS,RAIN,DAYLIGHT,TURNING,DIVIDED - W/MEDIAN (NOT RAISED),WET,INJURY AND / OR TOW DUE TO CRASH,true,,"OVER $1,500","VISION OBSCURED (SIGNS, TREE LIMBS, BUILDINGS, ETC.)",2,NONINCAPACITATING INJURY,1,0,41.6777449929,-87.6382347576,60628,"CHICAGO MIDWAY AIRPORT, IL US",64.0,58.0,81.0,0.0,10.0,5.0
crash_11708,2020-05-06 18:30:00,2020,5,May,Wed,18,Evening commute,30,UNKNOWN,CLEAR,DAYLIGHT,TURNING,OTHER,UNKNOWN,INJURY AND / OR TOW DUE TO CRASH,,,"OVER $1,500",IMPROPER TURNING/NO SIGNAL,2,"REPORTED, NOT EVIDENT",1,0,41.7659281922,-87.5864700779,60619,"CHICAGO MIDWAY AIRPORT, IL US",58.0,25.0,28.0,0.0,10.0,8.0
crash_11709,2025-12-26 19:00:00,2025,12,Dec,Fri,19,Night or early morning,30,FLASHING CONTROL SIGNAL,CLEAR,DARKNESS,REAR END,UNKNOWN INTERSECTION TYPE,DRY,NO INJURY / DRIVE AWAY,true,,"$501 - $1,500",PHYSICAL CONDITION OF DRIVER,2,NO INDICATION OF INJURY,0,0,41.830133934,-87.7047449824,60623,,,,,,,
crash_11710,2024-10-31 14:13:00,2024,10,Oct,Thu,14,Daytime,30,TRAFFIC SIGNAL,UNKNOWN,DAYLIGHT,TURNING,FOUR WAY,UNKNOWN,NO INJURY / DRIVE AWAY,true,,"OVER $1,500",UNABLE TO DETERMINE,2,NO INDICATION OF INJURY,0,0,41.9023079888,-87.7458305872,60651,"CHICAGO MIDWAY AIRPORT, IL US",64.0,51.0,63.0,0.0,10.0,25.0
crash_11711,2018-04-08 09:00:00,2018,4,Apr,Sun,9,Morning commute,30,NO CONTROLS,CLEAR,UNKNOWN,PARKED MOTOR VEHICLE,ONE-WAY,DRY,NO INJURY / DRIVE AWAY,,true,"OVER $1,500",UNABLE TO DETERMINE,2,NO INDICATION OF INJURY,0,0,41.7950290017,-87.7172281439,60632,"CHICAGO MIDWAY AIRPORT, IL US",32.0,11.0,41.0,0.0,10.0,3.0
crash_11712,2025-07-07 07:00:00,2025,7,Jul,Mon,7,Morning commute,30,TRAFFIC SIGNAL,CLEAR,DAYLIGHT,TURNING,OTHER,DRY,NO INJURY / DRIVE AWAY,,,"OVER $1,500",IMPROPER LANE USAGE,2,NO INDICATION OF INJURY,0,0,41.8529713843,-87.6313964619,60616,"CHICAGO MIDWAY AIRPORT, IL US",68.0,60.0,76.0,0.0,10.0,8.0
crash_11713,2022-11-04 19:00:00,2022,11,Nov,Fri,19,Night or early morning,30,STOP SIGN/FLASHER,UNKNOWN,DARKNESS,TURNING,DIVIDED - W/MEDIAN (NOT RAISED),UNKNOWN,NO INJURY / DRIVE AWAY,,,"OVER $1,500",UNABLE TO DETERMINE,2,NO INDICATION OF INJURY,0,0,41.9400092234,-87.8066713299,60634,"CHICAGO OHARE INTERNATIONAL AIRPORT, IL US",71.0,56.0,59.0,0.0,10.0,18.0
crash_11714,2024-09-21 19:20:00,2024,9,Sep,Sat,19,Night or early morning,35,TRAFFIC SIGNAL,CLEAR,"DARKNESS, LIGHTED ROAD",TURNING,NOT DIVIDED,DRY,INJURY AND / OR TOW DUE TO CRASH,true,,"OVER $1,500",FAILING TO YIELD RIGHT-OF-WAY,2,NONINCAPACITATING INJURY,1,0,41.7924552555,-87.7818768499,60638,"CHICAGO MIDWAY AIRPORT, IL US",82.0,57.0,42.0,0.0,10.0,10.0
crash_11715,2025-02-24 01:03:00,2025,2,Feb,Mon,1,Night or early morning,10,NO CONTROLS,CLEAR,"DARKNESS, LIGHTED ROAD",PARKED MOTOR VEHICLE,PARKING LOT,DRY,NO INJURY / DRIVE AWAY,,,"$501 - $1,500",IMPROPER BACKING,2,NO INDICATION OF INJURY,0,0,41.9472070912,-87.6495530007,60657,"CHICAGO MIDWAY AIRPORT, IL US",39.0,28.0,65.0,0.0,10.0,13.0
crash_11716,2022-08-21 20:42:00,2022,8,Aug,Sun,20,Night or early morning,30,NO CONTROLS,CLEAR,DARKNESS,FIXED OBJECT,DIVIDED - W/MEDIAN (NOT RAISED),DRY,INJURY AND / OR TOW DUE TO CRASH,,,"OVER $1,500",ROAD ENGINEERING/SURFACE/MARKING DEFECTS,1,NO INDICATION OF INJURY,0,0,41.7551834131,-87.7232579996,60652,"CHICAGO MIDWAY AIRPORT, IL US",72.0,62.0,71.0,,10.0,8.0
crash_11717,2025-03-08 10:00:00,2025,3,Mar,Sat,10,Daytime,30,UNKNOWN,SNOW,DUSK,PARKED MOTOR VEHICLE,UNKNOWN,WET,NO INJURY / DRIVE AWAY,,true,"OVER $1,500",NOT APPLICABLE,2,NO INDICATION OF INJURY,0,0,41.9964153509,-87.6887687332,60659,"CHICAGO OHARE INTERNATIONAL AIRPORT, IL US",36.0,28.0,73.0,0.0,10.0,7.0
crash_11718,2021-02-19 05:30:00,2021,2,Feb,Fri,5,Night or early morning,30,TRAFFIC SIGNAL,CLEAR,DAWN,TURNING,FOUR WAY,WET,NO INJURY / DRIVE AWAY,true,,"OVER $1,500",IMPROPER TURNING/NO SIGNAL,2,NO INDICATION OF INJURY,0,0,41.7868000483,-87.6061989725,60637,"CHICAGO MIDWAY AIRPORT, IL US",8.0,2.0,76.0,0.0,10.0,9.0
crash_11719,2019-09-04 13:30:00,2019,9,Sep,Wed,13,Daytime,30,NO CONTROLS,CLEAR,DAYLIGHT,TURNING,NOT DIVIDED,DRY,NO INJURY / DRIVE AWAY,,,"OVER $1,500",IMPROPER TURNING/NO SIGNAL,2,NO INDICATION OF INJURY,0,0,41.9254751429,-87.6542192786,60614,"CHICAGO MIDWAY AIRPORT, IL US",68.0,56.0,65.0,0.0,10.0,11.0
crash_11720,2024-01-16 08:00:00,2024,1,Jan,Tue,8,Morning commute,30,STOP SIGN/FLASHER,CLEAR,DAYLIGHT,TURNING,DIVIDED - W/MEDIAN (NOT RAISED),DRY,NO INJURY / DRIVE AWAY,true,,"$501 - $1,500",UNABLE TO DETERMINE,2,NO INDICATION OF INJURY,0,0,41.9721106242,-87.7136140626,60625,"CHICAGO OHARE INTERNATIONAL AIRPORT, IL US",-6.0,-13.0,71.0,0.0,10.0,13.0
crash_11721,2025-08-06 23:14:00,2025,8,Aug,Wed,23,Night or early morning,30,STOP SIGN/FLASHER,CLEAR,"DARKNESS, LIGHTED ROAD",ANGLE,T-INTERSECTION,DRY,INJURY AND / OR TOW DUE TO CRASH,true,,"OVER $1,500",UNABLE TO DETERMINE,3,"REPORTED, NOT EVIDENT",2,0,41.9449940957,-87.7739119347,60634,"CHICAGO OHARE INTERNATIONAL AIRPORT, IL US",77.0,66.0,69.0,0.0,10.0,6.0
crash_11722,2021-06-11 20:15:00,2021,6,Jun,Fri,20,Night or early morning,35,TRAFFIC SIGNAL,CLEAR,DUSK,REAR END,NOT DIVIDED,DRY,NO INJURY / DRIVE AWAY,true,true,"OVER $1,500",FOLLOWING TOO CLOSELY,2,NO INDICATION OF INJURY,0,0,41.7513729361,-87.6063872232,60619,"CHICAGO MIDWAY AIRPORT, IL US",86.0,62.0,45.0,0.0,10.0,8.0
crash_11723,2024-06-18 14:42:00,2024,6,Jun,Tue,14,Daytime,30,STOP SIGN/FLASHER,CLEAR,DAYLIGHT,ANGLE,FOUR WAY,DRY,INJURY AND / OR TOW DUE TO CRASH,true,,"OVER $1,500",FAILING TO YIELD RIGHT-OF-WAY,2,NO INDICATION OF INJURY,0,0,41.7713814093,-87.7311662288,60629,"CHICAGO MIDWAY AIRPORT, IL US",93.0,66.0,41.0,0.0,10.0,20.0
crash_11724,2021-03-10 09:44:00,2021,3,Mar,Wed,9,Morning commute,30,NO CONTROLS,CLEAR,DAYLIGHT,TURNING,FOUR WAY,DRY,INJURY AND / OR TOW DUE TO CRASH,true,,"OVER $1,500",FAILING TO YIELD RIGHT-OF-WAY,2,NO INDICATION OF INJURY,0,0,41.7260195068,-87.5792460631,60617,"CHICAGO MIDWAY AIRPORT, IL US",58.0,40.0,51.0,0.0,10.0,21.0
crash_11725,2018-11-11 12:55:00,2018,11,Nov,Sun,12,Daytime,30,NO CONTROLS,CLEAR,DAYLIGHT,TURNING,PARKING LOT,DRY,NO INJURY / DRIVE AWAY,,,$500 OR LESS,FAILING TO REDUCE SPEED TO AVOID CRASH,2,NO INDICATION OF INJURY,0,0,41.8243209391,-87.6214682426,60653,"CHICAGO MIDWAY AIRPORT, IL US",39.0,21.0,48.0,0.0,10.0,11.0
crash_11726,2025-11-25 12:25:00,2025,11,Nov,Tue,12,Daytime,30,TRAFFIC SIGNAL,CLEAR,DAYLIGHT,REAR END,NOT DIVIDED,DRY,NO INJURY / DRIVE AWAY,,,"OVER $1,500",UNABLE TO DETERMINE,2,NO INDICATION OF INJURY,0,0,41.9099069122,-87.6773026459,60622,,,,,,,
crash_11727,2019-07-08 13:15:00,2019,7,Jul,Mon,13,Daytime,30,TRAFFIC SIGNAL,CLEAR,DAYLIGHT,SIDESWIPE SAME DIRECTION,ONE-WAY,DRY,NO INJURY / DRIVE AWAY,,true,"$501 - $1,500",IMPROPER OVERTAKING/PASSING,2,NO INDICATION OF INJURY,0,0,41.8937685943,-87.636952462,60654,"CHICAGO MIDWAY AIRPORT, IL US",81.0,57.0,44.0,0.0,10.0,6.0
crash_11728,2021-01-20 11:12:00,2021,1,Jan,Wed,11,Daytime,30,TRAFFIC SIGNAL,CLEAR,DAYLIGHT,REAR END,NOT DIVIDED,WET,INJURY AND / OR TOW DUE TO CRASH,,,"OVER $1,500",FOLLOWING TOO CLOSELY,2,NO INDICATION OF INJURY,0,0,41.8856143452,-87.637043277,60606,"CHICAGO MIDWAY AIRPORT, IL US",20.0,9.0,62.0,0.0,10.0,8.0
crash_11729,2025-04-06 22:50:00,2025,4,Apr,Sun,22,Night or early morning,30,STOP SIGN/FLASHER,UNKNOWN,"DARKNESS, LIGHTED ROAD",TURNING,FOUR WAY,UNKNOWN,INJURY AND / OR TOW DUE TO CRASH,true,true,"OVER $1,500",IMPROPER TURNING/NO SIGNAL,2,NONINCAPACITATING INJURY,1,0,41.724391153,-87.631225872,60620,"CHICAGO MIDWAY AIRPORT, IL US",43.0,17.0,35.0,0.0,10.0,8.0
crash_11730,2024-05-26 00:20:00,2024,5,May,Sun,0,Night or early morning,40,NO CONTROLS,CLEAR,"DARKNESS, LIGHTED ROAD",SIDESWIPE SAME DIRECTION,ONE-WAY,DRY,INJURY AND / OR TOW DUE TO CRASH,,true,"$501 - $1,500",IMPROPER OVERTAKING/PASSING,2,NO INDICATION OF INJURY,0,0,41.8918721231,-87.6137736459,60611,"CHICAGO MIDWAY AIRPORT, IL US",62.0,43.0,50.0,0.0,10.0,7.0
crash_11731,2019-03-19 08:15:00,2019,3,Mar,Tue,8,Morning commute,30,NO CONTROLS,CLEAR,DAYLIGHT,OTHER NONCOLLISION,NOT DIVIDED,DRY,INJURY AND / OR TOW DUE TO CRASH,,,"$501 - $1,500",ROAD ENGINEERING/SURFACE/MARKING DEFECTS,1,NONINCAPACITATING INJURY,1,0,41.8488806403,-87.6658324203,60608,"CHICAGO MIDWAY AIRPORT, IL US",33.0,26.0,75.0,0.0,10.0,6.0
crash_11732,2018-04-27 18:20:00,2018,4,Apr,Fri,18,Evening commute,35,NO CONTROLS,CLEAR,UNKNOWN,PARKED MOTOR VEHICLE,ONE-WAY,DRY,NO INJURY / DRIVE AWAY,,,"$501 - $1,500",UNABLE TO DETERMINE,2,NO INDICATION OF INJURY,0,0,41.7610028755,-87.6089642045,60619,"CHICAGO MIDWAY AIRPORT, IL US",46.0,29.0,51.0,0.0,10.0,14.0
crash_11733,2025-03-03 12:18:00,2025,3,Mar,Mon,12,Daytime,30,NO CONTROLS,CLEAR,DAYLIGHT,PARKED MOTOR VEHICLE,NOT DIVIDED,DRY,NO INJURY / DRIVE AWAY,,,"$501 - $1,500",UNABLE TO DETERMINE,2,NO INDICATION OF INJURY,0,0,41.8120928659,-87.5991709247,60653,"CHICAGO MIDWAY AIRPORT, IL US",41.0,18.0,39.0,0.0,10.0,11.0
crash_11734,2025-02-15 15:10:00,2025,2,Feb,Sat,15,Evening commute,30,TRAFFIC SIGNAL,FOG/SMOKE/HAZE,DAYLIGHT,REAR END,NOT DIVIDED,UNKNOWN,NO INJURY / DRIVE AWAY,true,,"OVER $1,500",FAILING TO REDUCE SPEED TO AVOID CRASH,3,NO INDICATION OF INJURY,0,0,41.7721038227,-87.6638714477,60636,"CHICAGO MIDWAY AIRPORT, IL US",33.0,26.0,75.0,0.0,9.0,8.0
crash_11735,2020-03-10 15:00:00,2020,3,Mar,Tue,15,Evening commute,25,TRAFFIC SIGNAL,CLEAR,DAYLIGHT,ANGLE,DIVIDED - W/MEDIAN BARRIER,DRY,NO INJURY / DRIVE AWAY,true,true,"OVER $1,500",DISREGARDING TRAFFIC SIGNALS,2,NO INDICATION OF INJURY,0,0,41.7937956466,-87.6501544658,60621,"CHICAGO MIDWAY AIRPORT, IL US",45.0,30.0,56.0,0.0,10.0,8.0
crash_11736,2024-03-28 09:50:00,2024,3,Mar,Thu,9,Morning commute,30,NO CONTROLS,CLEAR,DAYLIGHT,TURNING,DIVIDED - W/MEDIAN (NOT RAISED),DRY,INJURY AND / OR TOW DUE TO CRASH,,,"OVER $1,500",IMPROPER LANE USAGE,2,NO INDICATION OF INJURY,0,0,41.8520755745,-87.6188508039,60616,"CHICAGO MIDWAY AIRPORT, IL US",39.0,21.0,48.0,0.0,10.0,7.0
crash_11737,2019-01-29 13:30:00,2019,1,Jan,Tue,13,Daytime,5,NO CONTROLS,CLEAR,DAYLIGHT,HEAD ON,PARKING LOT,DRY,INJURY AND / OR TOW DUE TO CRASH,,,"OVER $1,500",PHYSICAL CONDITION OF DRIVER,3,NONINCAPACITATING INJURY,1,0,41.8846028549,-87.6271869402,60601,"CHICAGO MIDWAY AIRPORT, IL US",6.0,-6.0,57.0,0.0,6.0,23.0
crash_11738,2022-10-26 07:10:00,2022,10,Oct,Wed,7,Morning commute,30,STOP SIGN/FLASHER,CLEAR,DAYLIGHT,REAR END,NOT DIVIDED,DRY,NO INJURY / DRIVE AWAY,true,,"OVER $1,500",UNABLE TO DETERMINE,2,NO INDICATION OF INJURY,0,0,41.9580252777,-87.7475947543,60641,"CHICAGO OHARE INTERNATIONAL AIRPORT, IL US",43.0,36.0,76.0,,10.0,10.0
crash_11739,2023-05-01 05:30:00,2023,5,May,Mon,5,Night or early morning,20,NO CONTROLS,CLEAR,DAYLIGHT,PARKED MOTOR VEHICLE,ONE-WAY,DRY,NO INJURY / DRIVE AWAY,,true,"OVER $1,500",UNABLE TO DETERMINE,2,NO INDICATION OF INJURY,0,0,41.8966142371,-87.759597243,60651,"CHICAGO MIDWAY AIRPORT, IL US",41.0,33.0,73.0,0.0,10.0,16.0
crash_11740,2024-08-02 01:48:00,2024,8,Aug,Fri,1,Night or early morning,30,NO CONTROLS,RAIN,DARKNESS,SIDESWIPE SAME DIRECTION,DIVIDED - W/MEDIAN BARRIER,WET,NO INJURY / DRIVE AWAY,,true,"OVER $1,500",WEATHER,2,NO INDICATION OF INJURY,0,0,41.8911183327,-87.6143846846,60611,"CHICAGO MIDWAY AIRPORT, IL US",72.0,70.0,94.0,,9.0,7.0
crash_11741,2019-11-10 05:40:00,2019,11,Nov,Sun,5,Night or early morning,30,NO CONTROLS,CLEAR,"DARKNESS, LIGHTED ROAD",FIXED OBJECT,NOT DIVIDED,DRY,INJURY AND / OR TOW DUE TO CRASH,,,"OVER $1,500",EQUIPMENT - VEHICLE CONDITION,2,NO INDICATION OF INJURY,0,0,41.8014752823,-87.6452807355,60609,"CHICAGO MIDWAY AIRPORT, IL US",39.0,31.0,73.0,0.0,10.0,3.0
crash_11742,2021-09-20 19:21:00,2021,9,Sep,Mon,19,Night or early morning,35,TRAFFIC SIGNAL,CLEAR,"DARKNESS, LIGHTED ROAD",TURNING,FOUR WAY,DRY,NO INJURY / DRIVE AWAY,true,false,"OVER $1,500",IMPROPER OVERTAKING/PASSING,2,NO INDICATION OF INJURY,0,0,41.7940818811,-87.6331347033,60621,"CHICAGO MIDWAY AIRPORT, IL US",80.0,66.0,62.0,0.0,10.0,15.0
crash_11743,2025-04-06 19:15:00,2025,4,Apr,Sun,19,Night or early morning,30,NO CONTROLS,CLEAR,DAYLIGHT,SIDESWIPE SAME DIRECTION,NOT DIVIDED,UNKNOWN,NO INJURY / DRIVE AWAY,,true,"OVER $1,500",IMPROPER OVERTAKING/PASSING,2,NO INDICATION OF INJURY,0,0,41.8054845043,-87.704049648,60632,"CHICAGO MIDWAY AIRPORT, IL US",45.0,17.0,33.0,0.0,10.0,8.0
crash_11744,2021-10-24 09:30:00,2021,10,Oct,Sun,9,Morning commute,30,NO CONTROLS,RAIN,DAYLIGHT,PARKED MOTOR VEHICLE,ONE-WAY,WET,NO INJURY / DRIVE AWAY,,true,"OVER $1,500",UNABLE TO DETERMINE,2,NO INDICATION OF INJURY,0,0,41.7933753234,-87.6209586965,60637,"CHICAGO MIDWAY AIRPORT, IL US",47.0,37.0,69.0,0.03,9.0,9.0
crash_11745,2018-01-11 15:30:00,2018,1,Jan,Thu,15,Evening commute,30,NO CONTROLS,RAIN,DAYLIGHT,PEDALCYCLIST,NOT DIVIDED,WET,NO INJURY / DRIVE AWAY,,,$500 OR LESS,UNABLE TO DETERMINE,2,NO INDICATION OF INJURY,0,0,41.9098897879,-87.6764775763,60622,"CHICAGO MIDWAY AIRPORT, IL US",60.0,57.0,90.0,,10.0,15.0
crash_11746,2019-11-24 03:30:00,2019,11,Nov,Sun,3,Night or early morning,30,TRAFFIC SIGNAL,CLEAR,DAWN,ANGLE,UNKNOWN INTERSECTION TYPE,DRY,INJURY AND / OR TOW DUE TO CRASH,true,true,"OVER $1,500",DISREGARDING TRAFFIC SIGNALS,2,INCAPACITATING INJURY,3,0,41.8819261405,-87.7452173187,60644,"CHICAGO MIDWAY AIRPORT, IL US",34.0,29.0,82.0,0.0,10.0,9.0
crash_11747,2025-06-19 13:10:00,2025,6,Jun,Thu,13,Daytime,30,NO CONTROLS,CLEAR,DAYLIGHT,PARKED MOTOR VEHICLE,DIVIDED - W/MEDIAN (NOT RAISED),DRY,NO INJURY / DRIVE AWAY,,,"OVER $1,500",IMPROPER OVERTAKING/PASSING,2,NO INDICATION OF INJURY,0,0,41.7511501762,-87.6194348849,60619,"CHICAGO MIDWAY AIRPORT, IL US",82.0,62.0,51.0,0.0,10.0,13.0
crash_11748,2021-05-25 11:00:00,2021,5,May,Tue,11,Daytime,30,NO CONTROLS,CLEAR,DAYLIGHT,TURNING,NOT DIVIDED,DRY,NO INJURY / DRIVE AWAY,true,,"OVER $1,500",IMPROPER TURNING/NO SIGNAL,2,NO INDICATION OF INJURY,0,0,41.858963586,-87.6388312343,60616,"CHICAGO MIDWAY AIRPORT, IL US",81.0,59.0,47.0,0.0,10.0,17.0
crash_11749,2020-05-27 12:23:00,2020,5,May,Wed,12,Daytime,30,NO CONTROLS,CLEAR,DAYLIGHT,ANGLE,DIVIDED - W/MEDIAN (NOT RAISED),DRY,NO INJURY / DRIVE AWAY,,true,"OVER $1,500",UNABLE TO DETERMINE,2,NO INDICATION OF INJURY,0,0,41.8766224047,-87.7452867851,60644,"CHICAGO MIDWAY AIRPORT, IL US",84.0,63.0,49.0,0.0,10.0,7.0
crash_11750,2019-08-09 19:20:00,2019,8,Aug,Fri,19,Night or early morning,30,NO CONTROLS,CLEAR,DAYLIGHT,TURNING,DIVIDED - W/MEDIAN (NOT RAISED),DRY,NO INJURY / DRIVE AWAY,,,"OVER $1,500",DRIVING SKILLS/KNOWLEDGE/EXPERIENCE,2,NO INDICATION OF INJURY,0,0,41.7790199096,-87.6935354824,60629,"CHICAGO MIDWAY AIRPORT, IL US",77.0,56.0,48.0,0.0,10.0,9.0
crash_11751,2019-06-14 10:45:00,2019,6,Jun,Fri,10,Daytime,30,TRAFFIC SIGNAL,CLEAR,DAYLIGHT,REAR END,ONE-WAY,DRY,NO INJURY / DRIVE AWAY,,,"$501 - $1,500",FOLLOWING TOO CLOSELY,2,NO INDICATION OF INJURY,0,0,41.7363550626,-87.6243081325,60620,"CHICAGO MIDWAY AIRPORT, IL US",73.0,49.0,43.0,0.0,10.0,15.0
crash_11752,2024-05-14 15:40:00,2024,5,May,Tue,15,Evening commute,30,UNKNOWN,UNKNOWN,UNKNOWN,PARKED MOTOR VEHICLE,ONE-WAY,UNKNOWN,NO INJURY / DRIVE AWAY,,,"OVER $1,500",IMPROPER LANE USAGE,2,NO INDICATION OF INJURY,0,0,41.8237465234,-87.631456992,60609,"CHICAGO MIDWAY AIRPORT, IL US",60.0,49.0,67.0,0.0,10.0,15.0
crash_11753,2021-04-03 09:28:00,2021,4,Apr,Sat,9,Morning commute,30,NO CONTROLS,CLEAR,DAYLIGHT,SIDESWIPE SAME DIRECTION,NOT DIVIDED,DRY,NO INJURY / DRIVE AWAY,,,"OVER $1,500",FAILING TO YIELD RIGHT-OF-WAY,2,NO INDICATION OF INJURY,0,0,41.924439291,-87.739490621,60639,"CHICAGO MIDWAY AIRPORT, IL US",52.0,26.0,37.0,0.0,10.0,20.0
crash_11754,2025-10-18 20:00:00,2025,10,Oct,Sat,20,Night or early morning,20,STOP SIGN/FLASHER,CLEAR,DARKNESS,TURNING,FOUR WAY,DRY,INJURY AND / OR TOW DUE TO CRASH,,,"OVER $1,500",IMPROPER TURNING/NO SIGNAL,2,NO INDICATION OF INJURY,0,0,,,,,,,,,,
crash_11755,2023-01-17 16:30:00,2023,1,Jan,Tue,16,Evening commute,30,RR CROSSING SIGN,CLEAR,DAYLIGHT,SIDESWIPE SAME DIRECTION,NOT DIVIDED,UNKNOWN,NO INJURY / DRIVE AWAY,,,"$501 - $1,500",IMPROPER OVERTAKING/PASSING,2,NO INDICATION OF INJURY,0,0,41.953750194,-87.728489892,60641,"CHICAGO OHARE INTERNATIONAL AIRPORT, IL US",39.0,33.0,79.0,0.0,10.0,14.0
crash_11756,2018-07-24 10:15:00,2018,7,Jul,Tue,10,Daytime,30,UNKNOWN,CLEAR,DAYLIGHT,PARKED MOTOR VEHICLE,NOT DIVIDED,DRY,INJURY AND / OR TOW DUE TO CRASH,,,"OVER $1,500",FAILING TO REDUCE SPEED TO AVOID CRASH,2,NO INDICATION OF INJURY,0,0,41.7586977736,-87.5821986852,60649,"CHICAGO MIDWAY AIRPORT, IL US",78.0,66.0,67.0,0.0,9.0,7.0
crash_11757,2018-04-29 18:00:00,2018,4,Apr,Sun,18,Evening commute,25,STOP SIGN/FLASHER,CLEAR,DAYLIGHT,ANGLE,NOT DIVIDED,DRY,INJURY AND / OR TOW DUE TO CRASH,true,,"OVER $1,500",DISREGARDING OTHER TRAFFIC SIGNS,2,NONINCAPACITATING INJURY,2,0,41.7690951935,-87.6232460172,60637,"CHICAGO MIDWAY AIRPORT, IL US",56.0,10.0,16.0,0.0,10.0,8.0
crash_11758,2024-08-20 10:30:00,2024,8,Aug,Tue,10,Daytime,30,TRAFFIC SIGNAL,CLEAR,DAYLIGHT,SIDESWIPE SAME DIRECTION,DIVIDED - W/MEDIAN BARRIER,DRY,NO INJURY / DRIVE AWAY,true,,$500 OR LESS,DRIVING SKILLS/KNOWLEDGE/EXPERIENCE,2,NO INDICATION OF INJURY,0,0,41.7588068735,-87.595222086,60619,"CHICAGO MIDWAY AIRPORT, IL US",69.0,50.0,51.0,0.0,10.0,15.0
crash_11759,2018-08-08 19:15:00,2018,8,Aug,Wed,19,Night or early morning,30,TRAFFIC SIGNAL,CLEAR,DAYLIGHT,TURNING,DIVIDED - W/MEDIAN (NOT RAISED),WET,NO INJURY / DRIVE AWAY,,,"$501 - $1,500",DRIVING SKILLS/KNOWLEDGE/EXPERIENCE,2,NO INDICATION OF INJURY,0,0,41.8791260433,-87.6569140915,60607,"CHICAGO MIDWAY AIRPORT, IL US",79.0,65.0,62.0,0.0,10.0,7.0
crash_11760,2024-12-13 10:30:00,2024,12,Dec,Fri,10,Daytime,10,STOP SIGN/FLASHER,CLEAR,DAYLIGHT,ANGLE,NOT DIVIDED,DRY,NO INJURY / DRIVE AWAY,true,,"OVER $1,500",FAILING TO YIELD RIGHT-OF-WAY,2,NO INDICATION OF INJURY,0,0,41.9867968281,-87.6747540582,60660,"CHICAGO OHARE INTERNATIONAL AIRPORT, IL US",19.0,8.0,62.0,,10.0,8.0