crash_id,crash_datetime,crash_year,crash_month,crash_month_name,crash_weekday_name,crash_hour,time_period,posted_speed_limit_mph,traffic_control_device,reported_weather_condition,reported_lighting_condition,first_crash_type,trafficway_type,reported_road_surface_condition,crash_type,intersection_related,hit_and_run,estimated_damage,primary_contributory_cause,unit_count,most_severe_injury,injuries_total,injuries_fatal,latitude,longitude,zip5,weather_station_name,temperature_f,dew_point_f,relative_humidity_percent,precipitation_inches,visibility_miles,wind_speed_mph
crash_11761,2020-05-12 12:45:00,2020,5,May,Tue,12,Daytime,10,NO CONTROLS,CLEAR,DAYLIGHT,OTHER OBJECT,PARKING LOT,DRY,NO INJURY / DRIVE AWAY,,,"$501 - $1,500",ROAD ENGINEERING/SURFACE/MARKING DEFECTS,1,NO INDICATION OF INJURY,0,0,41.9186088912,-87.765574479,60639,"CHICAGO OHARE INTERNATIONAL AIRPORT, IL US",59.0,28.0,31.0,0.0,10.0,14.0
crash_11762,2022-05-25 08:55:00,2022,5,May,Wed,8,Morning commute,30,UNKNOWN,UNKNOWN,UNKNOWN,OTHER OBJECT,NOT DIVIDED,UNKNOWN,NO INJURY / DRIVE AWAY,,,"OVER $1,500",UNABLE TO DETERMINE,1,NO INDICATION OF INJURY,0,0,41.9908457233,-87.6698787824,60660,"CHICAGO OHARE INTERNATIONAL AIRPORT, IL US",58.0,55.0,90.0,0.01,8.0,10.0
crash_11763,2018-05-11 04:42:00,2018,5,May,Fri,4,Night or early morning,30,STOP SIGN/FLASHER,CLEAR,"DARKNESS, LIGHTED ROAD",TURNING,DIVIDED - W/MEDIAN (NOT RAISED),DRY,INJURY AND / OR TOW DUE TO CRASH,,,"OVER $1,500",DISREGARDING TRAFFIC SIGNALS,2,NONINCAPACITATING INJURY,1,0,41.9882906316,-87.8118746573,60631,"CHICAGO OHARE INTERNATIONAL AIRPORT, IL US",48.0,34.0,58.0,0.0,10.0,14.0
crash_11764,2020-05-05 13:10:00,2020,5,May,Tue,13,Daytime,35,NO CONTROLS,RAIN,DAYLIGHT,SIDESWIPE SAME DIRECTION,DIVIDED - W/MEDIAN BARRIER,WET,NO INJURY / DRIVE AWAY,true,,"OVER $1,500",IMPROPER TURNING/NO SIGNAL,2,NO INDICATION OF INJURY,0,0,41.7122798486,-87.643116246,60643,"CHICAGO MIDWAY AIRPORT, IL US",46.0,40.0,79.0,0.01,8.0,13.0
crash_11765,2023-09-15 19:50:00,2023,9,Sep,Fri,19,Night or early morning,30,UNKNOWN,UNKNOWN,UNKNOWN,REAR END,NOT DIVIDED,UNKNOWN,NO INJURY / DRIVE AWAY,,,"OVER $1,500",UNABLE TO DETERMINE,2,NO INDICATION OF INJURY,0,0,41.9104056694,-87.6755865713,60622,"CHICAGO MIDWAY AIRPORT, IL US",70.0,55.0,59.0,0.0,10.0,9.0
crash_11766,2018-01-28 14:30:00,2018,1,Jan,Sun,14,Daytime,30,NO CONTROLS,CLEAR,DAYLIGHT,SIDESWIPE SAME DIRECTION,DIVIDED - W/MEDIAN BARRIER,DRY,NO INJURY / DRIVE AWAY,,,$500 OR LESS,IMPROPER LANE USAGE,2,NO INDICATION OF INJURY,0,0,41.8818514118,-87.6245056409,60603,"CHICAGO MIDWAY AIRPORT, IL US",36.0,28.0,73.0,0.0,10.0,14.0
crash_11767,2019-12-20 12:45:00,2019,12,Dec,Fri,12,Daytime,30,NO CONTROLS,CLEAR,DAYLIGHT,ANGLE,ONE-WAY,DRY,NO INJURY / DRIVE AWAY,,,"OVER $1,500",FAILING TO YIELD RIGHT-OF-WAY,3,NO INDICATION OF INJURY,0,0,41.799946322,-87.7317832417,60632,"CHICAGO MIDWAY AIRPORT, IL US",39.0,28.0,65.0,0.0,7.0,8.0
crash_11768,2024-12-06 07:30:00,2024,12,Dec,Fri,7,Morning commute,30,NO CONTROLS,CLEAR,DAYLIGHT,REAR END,NOT DIVIDED,DRY,INJURY AND / OR TOW DUE TO CRASH,,,"OVER $1,500",FOLLOWING TOO CLOSELY,2,NONINCAPACITATING INJURY,1,0,41.7352422769,-87.7408440168,60652,"CHICAGO MIDWAY AIRPORT, IL US",16.0,9.0,74.0,,10.0,7.0
crash_11769,2022-10-21 11:00:00,2022,10,Oct,Fri,11,Daytime,25,NO CONTROLS,CLEAR,DAYLIGHT,PARKED MOTOR VEHICLE,NOT DIVIDED,DRY,NO INJURY / DRIVE AWAY,,,"OVER $1,500",UNABLE TO DETERMINE,2,NO INDICATION OF INJURY,0,0,41.9047577652,-87.7644216181,60651,"CHICAGO MIDWAY AIRPORT, IL US",61.0,36.0,39.0,0.0,10.0,13.0
crash_11770,2019-03-06 02:55:00,2019,3,Mar,Wed,2,Night or early morning,30,NO CONTROLS,CLEAR,"DARKNESS, LIGHTED ROAD",PARKED MOTOR VEHICLE,DIVIDED - W/MEDIAN (NOT RAISED),DRY,INJURY AND / OR TOW DUE TO CRASH,,true,"OVER $1,500",UNABLE TO DETERMINE,4,NONINCAPACITATING INJURY,1,0,41.9632546768,-87.7769702037,60630,"CHICAGO OHARE INTERNATIONAL AIRPORT, IL US",10.0,2.0,69.0,0.0,10.0,7.0
crash_11771,2024-04-01 02:25:00,2024,4,Apr,Mon,2,Night or early morning,30,NO CONTROLS,RAIN,"DARKNESS, LIGHTED ROAD",SIDESWIPE OPPOSITE DIRECTION,NOT DIVIDED,WET,INJURY AND / OR TOW DUE TO CRASH,,,"OVER $1,500",UNABLE TO DETERMINE,3,NONINCAPACITATING INJURY,1,0,41.8698889696,-87.715679979,60624,"CHICAGO MIDWAY AIRPORT, IL US",45.0,43.0,93.0,,4.0,7.0
crash_11772,2025-08-12 07:30:00,2025,8,Aug,Tue,7,Morning commute,30,YIELD,RAIN,DAYLIGHT,REAR END,NOT DIVIDED,WET,INJURY AND / OR TOW DUE TO CRASH,,,"$501 - $1,500",FAILING TO REDUCE SPEED TO AVOID CRASH,3,NO INDICATION OF INJURY,0,0,41.8802960895,-87.7524941982,60644,"CHICAGO MIDWAY AIRPORT, IL US",75.0,69.0,82.0,0.0,10.0,3.0
crash_11773,2018-09-21 11:00:00,2018,9,Sep,Fri,11,Daytime,30,TRAFFIC SIGNAL,CLEAR,DAYLIGHT,PARKED MOTOR VEHICLE,NOT DIVIDED,DRY,NO INJURY / DRIVE AWAY,,true,$500 OR LESS,UNABLE TO DETERMINE,2,NO INDICATION OF INJURY,0,0,41.808515065,-87.6648238973,60609,"CHICAGO MIDWAY AIRPORT, IL US",76.0,62.0,62.0,0.0,10.0,14.0
crash_11774,2019-12-08 18:00:00,2019,12,Dec,Sun,18,Evening commute,30,STOP SIGN/FLASHER,CLEAR,"DARKNESS, LIGHTED ROAD",PARKED MOTOR VEHICLE,NOT DIVIDED,DRY,NO INJURY / DRIVE AWAY,,true,$500 OR LESS,UNABLE TO DETERMINE,2,NO INDICATION OF INJURY,0,0,41.7130124744,-87.6631863577,60643,"CHICAGO MIDWAY AIRPORT, IL US",48.0,42.0,80.0,0.0,7.0,5.0
crash_11775,2019-03-30 13:00:00,2019,3,Mar,Sat,13,Daytime,30,TRAFFIC SIGNAL,CLEAR,DAYLIGHT,REAR END,NOT DIVIDED,DRY,NO INJURY / DRIVE AWAY,,,"$501 - $1,500",FOLLOWING TOO CLOSELY,2,NO INDICATION OF INJURY,0,0,41.9732920446,-87.778242287,60630,"CHICAGO OHARE INTERNATIONAL AIRPORT, IL US",43.0,25.0,49.0,0.0,10.0,16.0
crash_11776,2024-11-12 01:55:00,2024,11,Nov,Tue,1,Night or early morning,25,PEDESTRIAN CROSSING SIGN,CLEAR,"DARKNESS, LIGHTED ROAD",SIDESWIPE SAME DIRECTION,DIVIDED - W/MEDIAN BARRIER,DRY,NO INJURY / DRIVE AWAY,,,"OVER $1,500",FAILING TO YIELD RIGHT-OF-WAY,2,NO INDICATION OF INJURY,0,0,41.877132221,-87.7159181598,60624,"CHICAGO MIDWAY AIRPORT, IL US",46.0,38.0,73.0,0.0,10.0,8.0
crash_11777,2023-03-24 06:00:00,2023,3,Mar,Fri,6,Morning commute,25,STOP SIGN/FLASHER,UNKNOWN,UNKNOWN,ANGLE,NOT DIVIDED,UNKNOWN,NO INJURY / DRIVE AWAY,true,true,"OVER $1,500",UNABLE TO DETERMINE,2,NO INDICATION OF INJURY,0,0,41.8445920582,-87.7075394689,60623,"CHICAGO MIDWAY AIRPORT, IL US",38.0,31.0,76.0,0.0,10.0,7.0
crash_11778,2020-07-05 00:03:00,2020,7,Jul,Sun,0,Night or early morning,30,TRAFFIC SIGNAL,CLEAR,"DARKNESS, LIGHTED ROAD",REAR END,DIVIDED - W/MEDIAN (NOT RAISED),DRY,NO INJURY / DRIVE AWAY,,,"OVER $1,500",FOLLOWING TOO CLOSELY,3,NO INDICATION OF INJURY,0,0,41.8764901137,-87.7648701012,60644,"CHICAGO MIDWAY AIRPORT, IL US",76.0,67.0,74.0,0.0,4.0,6.0
crash_11779,2023-01-10 12:00:00,2023,1,Jan,Tue,12,Daytime,30,NO CONTROLS,CLEAR,DAYLIGHT,PARKED MOTOR VEHICLE,NOT DIVIDED,DRY,NO INJURY / DRIVE AWAY,,true,"$501 - $1,500",UNABLE TO DETERMINE,2,NO INDICATION OF INJURY,0,0,41.8123602877,-87.7298024537,60632,"CHICAGO MIDWAY AIRPORT, IL US",45.0,34.0,66.0,0.0,9.0,6.0
crash_11780,2022-03-06 00:59:00,2022,3,Mar,Sun,0,Night or early morning,15,NO CONTROLS,RAIN,"DARKNESS, LIGHTED ROAD",REAR END,ONE-WAY,WET,NO INJURY / DRIVE AWAY,,true,"OVER $1,500",FOLLOWING TOO CLOSELY,2,NO INDICATION OF INJURY,0,0,41.9741224793,-87.6946854341,60625,"CHICAGO OHARE INTERNATIONAL AIRPORT, IL US",53.0,49.0,86.0,0.0,10.0,11.0
crash_11781,2020-08-07 14:50:00,2020,8,Aug,Fri,14,Daytime,25,NO CONTROLS,CLEAR,DAYLIGHT,ANGLE,ONE-WAY,DRY,NO INJURY / DRIVE AWAY,,true,"OVER $1,500",FAILING TO YIELD RIGHT-OF-WAY,2,NO INDICATION OF INJURY,0,0,41.8952931736,-87.7569819518,60651,"CHICAGO MIDWAY AIRPORT, IL US",80.0,57.0,45.0,0.0,10.0,11.0
crash_11782,2018-03-23 17:00:00,2018,3,Mar,Fri,17,Evening commute,30,TRAFFIC SIGNAL,CLEAR,DAYLIGHT,SIDESWIPE SAME DIRECTION,NOT DIVIDED,DRY,NO INJURY / DRIVE AWAY,true,,"$501 - $1,500",IMPROPER LANE USAGE,2,NO INDICATION OF INJURY,0,0,41.8964553134,-87.6256451665,60611,"CHICAGO MIDWAY AIRPORT, IL US",39.0,23.0,53.0,0.0,10.0,14.0
crash_11783,2020-02-06 16:15:00,2020,2,Feb,Thu,16,Evening commute,30,TRAFFIC SIGNAL,CLEAR,DAYLIGHT,TURNING,DIVIDED - W/MEDIAN (NOT RAISED),WET,NO INJURY / DRIVE AWAY,true,,"OVER $1,500",TURNING RIGHT ON RED,2,NO INDICATION OF INJURY,0,0,41.851962509,-87.6991525308,60623,"CHICAGO MIDWAY AIRPORT, IL US",30.0,22.0,72.0,0.0,9.0,10.0
crash_11784,2022-01-31 15:20:00,2022,1,Jan,Mon,15,Evening commute,25,NO CONTROLS,CLEAR,DAYLIGHT,REAR END,NOT DIVIDED,DRY,NO INJURY / DRIVE AWAY,,true,"$501 - $1,500",NOT APPLICABLE,2,NO INDICATION OF INJURY,0,0,41.873845896,-87.6863812944,60612,"CHICAGO MIDWAY AIRPORT, IL US",34.0,17.0,50.0,0.0,10.0,13.0
crash_11785,2023-09-06 08:30:00,2023,9,Sep,Wed,8,Morning commute,30,STOP SIGN/FLASHER,RAIN,DAYLIGHT,PEDESTRIAN,NOT DIVIDED,WET,INJURY AND / OR TOW DUE TO CRASH,true,,$500 OR LESS,NOT APPLICABLE,2,NONINCAPACITATING INJURY,1,0,41.7438429548,-87.6194923447,60619,"CHICAGO MIDWAY AIRPORT, IL US",71.0,67.0,87.0,0.0,10.0,8.0
crash_11786,2019-01-07 12:40:00,2019,1,Jan,Mon,12,Daytime,35,TRAFFIC SIGNAL,RAIN,DAYLIGHT,REAR END,DIVIDED - W/MEDIAN (NOT RAISED),WET,INJURY AND / OR TOW DUE TO CRASH,true,,"OVER $1,500","DISTRACTION - OTHER ELECTRONIC DEVICE (NAVIGATION DEVICE, DVD PLAYER, ETC.)",2,NO INDICATION OF INJURY,0,0,41.7933489235,-87.7086022636,60629,"CHICAGO MIDWAY AIRPORT, IL US",51.0,49.0,92.0,0.0,10.0,21.0
crash_11787,2025-03-12 06:00:00,2025,3,Mar,Wed,6,Morning commute,20,NO CONTROLS,CLEAR,DAYLIGHT,PARKED MOTOR VEHICLE,ONE-WAY,DRY,NO INJURY / DRIVE AWAY,,true,"OVER $1,500",UNABLE TO DETERMINE,2,NO INDICATION OF INJURY,0,0,41.7778725663,-87.7071594789,60629,"CHICAGO MIDWAY AIRPORT, IL US",39.0,17.0,41.0,0.0,10.0,9.0
crash_11788,2021-02-25 06:25:00,2021,2,Feb,Thu,6,Morning commute,30,TRAFFIC SIGNAL,CLEAR,DAYLIGHT,REAR END,FOUR WAY,ICE,INJURY AND / OR TOW DUE TO CRASH,true,,"OVER $1,500",WEATHER,2,NO INDICATION OF INJURY,0,0,41.6918076873,-87.6726942908,60643,"CHICAGO MIDWAY AIRPORT, IL US",25.0,20.0,81.0,0.0,10.0,6.0
crash_11789,2023-12-11 18:00:00,2023,12,Dec,Mon,18,Evening commute,30,NO CONTROLS,CLEAR,DARKNESS,REAR TO FRONT,PARKING LOT,UNKNOWN,NO INJURY / DRIVE AWAY,,,"$501 - $1,500",UNABLE TO DETERMINE,2,NO INDICATION OF INJURY,0,0,41.9317011292,-87.7421535073,60641,"CHICAGO OHARE INTERNATIONAL AIRPORT, IL US",33.0,25.0,72.0,0.0,10.0,6.0
crash_11790,2018-09-04 14:15:00,2018,9,Sep,Tue,14,Daytime,30,NO CONTROLS,CLEAR,DAYLIGHT,PARKED MOTOR VEHICLE,NOT DIVIDED,DRY,NO INJURY / DRIVE AWAY,,,"$501 - $1,500",IMPROPER BACKING,2,NO INDICATION OF INJURY,0,0,41.9450470039,-87.8292153991,60634,"CHICAGO OHARE INTERNATIONAL AIRPORT, IL US",90.0,69.0,50.0,0.0,10.0,10.0
crash_11791,2018-02-19 21:00:00,2018,2,Feb,Mon,21,Night or early morning,30,NO CONTROLS,RAIN,DARKNESS,SIDESWIPE SAME DIRECTION,NOT DIVIDED,WET,NO INJURY / DRIVE AWAY,,true,"OVER $1,500",IMPROPER LANE USAGE,2,NO INDICATION OF INJURY,0,0,41.9900582254,-87.7284839345,60659,"CHICAGO OHARE INTERNATIONAL AIRPORT, IL US",57.0,54.0,90.0,0.0,7.0,20.0
crash_11792,2018-04-17 14:30:00,2018,4,Apr,Tue,14,Daytime,30,NO CONTROLS,CLEAR,DAYLIGHT,PARKED MOTOR VEHICLE,DIVIDED - W/MEDIAN (NOT RAISED),DRY,NO INJURY / DRIVE AWAY,,true,"OVER $1,500",UNABLE TO DETERMINE,2,NO INDICATION OF INJURY,0,0,41.8365061052,-87.6169229118,60616,"CHICAGO MIDWAY AIRPORT, IL US",41.0,21.0,45.0,0.0,10.0,0.0
crash_11793,2018-06-25 14:15:00,2018,6,Jun,Mon,14,Daytime,30,NO CONTROLS,CLEAR,DAYLIGHT,TURNING,NOT DIVIDED,DRY,NO INJURY / DRIVE AWAY,,,"OVER $1,500",UNABLE TO DETERMINE,2,NO INDICATION OF INJURY,0,0,41.880128783,-87.6471646008,60661,"CHICAGO MIDWAY AIRPORT, IL US",75.0,63.0,66.0,0.0,10.0,14.0
crash_11794,2018-08-02 13:25:00,2018,8,Aug,Thu,13,Daytime,30,NO CONTROLS,CLEAR,DAYLIGHT,TURNING,NOT DIVIDED,DRY,INJURY AND / OR TOW DUE TO CRASH,true,true,$500 OR LESS,IMPROPER OVERTAKING/PASSING,2,"REPORTED, NOT EVIDENT",1,0,41.9904070048,-87.6885744808,60659,"CHICAGO OHARE INTERNATIONAL AIRPORT, IL US",83.0,63.0,51.0,0.0,10.0,11.0
crash_11795,2025-07-05 21:07:00,2025,7,Jul,Sat,21,Night or early morning,30,NO CONTROLS,CLEAR,"DARKNESS, LIGHTED ROAD",SIDESWIPE SAME DIRECTION,DIVIDED - W/MEDIAN (NOT RAISED),DRY,NO INJURY / DRIVE AWAY,,true,"OVER $1,500",IMPROPER OVERTAKING/PASSING,2,NO INDICATION OF INJURY,0,0,42.0049918343,-87.6610165901,60626,"CHICAGO OHARE INTERNATIONAL AIRPORT, IL US",87.0,64.0,46.0,0.0,10.0,11.0
crash_11796,2024-07-29 15:45:00,2024,7,Jul,Mon,15,Evening commute,10,NO CONTROLS,CLEAR,DAYLIGHT,SIDESWIPE OPPOSITE DIRECTION,NOT DIVIDED,DRY,NO INJURY / DRIVE AWAY,,,$500 OR LESS,IMPROPER TURNING/NO SIGNAL,2,NO INDICATION OF INJURY,0,0,41.7933274013,-87.7624662365,60638,"CHICAGO MIDWAY AIRPORT, IL US",83.0,68.0,61.0,0.0,10.0,15.0
crash_11797,2022-07-19 12:21:00,2022,7,Jul,Tue,12,Daytime,30,STOP SIGN/FLASHER,CLEAR,DAYLIGHT,REAR END,FOUR WAY,DRY,NO INJURY / DRIVE AWAY,true,,"OVER $1,500",FOLLOWING TOO CLOSELY,2,NO INDICATION OF INJURY,0,0,41.8023655786,-87.5878413071,60615,"CHICAGO MIDWAY AIRPORT, IL US",87.0,64.0,46.0,0.0,10.0,13.0
crash_11798,2020-01-17 15:55:00,2020,1,Jan,Fri,15,Evening commute,25,TRAFFIC SIGNAL,CLEAR,DAYLIGHT,REAR END,NOT DIVIDED,DRY,NO INJURY / DRIVE AWAY,false,,$500 OR LESS,FOLLOWING TOO CLOSELY,2,NO INDICATION OF INJURY,0,0,41.8968983785,-87.6202075465,60611,"CHICAGO MIDWAY AIRPORT, IL US",26.0,16.0,66.0,0.0,0.25,10.0
crash_11799,2018-10-10 23:45:00,2018,10,Oct,Wed,23,Night or early morning,35,TRAFFIC SIGNAL,CLEAR,"DARKNESS, LIGHTED ROAD",ANGLE,DIVIDED - W/MEDIAN BARRIER,DRY,INJURY AND / OR TOW DUE TO CRASH,true,,"OVER $1,500",DISREGARDING TRAFFIC SIGNALS,2,NONINCAPACITATING INJURY,2,0,41.7946426686,-87.6317718697,60609,"CHICAGO MIDWAY AIRPORT, IL US",53.0,43.0,69.0,0.0,10.0,23.0
crash_11800,2025-01-01 01:00:00,2025,1,Jan,Wed,1,Night or early morning,25,STOP SIGN/FLASHER,CLOUDY/OVERCAST,"DARKNESS, LIGHTED ROAD",TURNING,NOT DIVIDED,WET,NO INJURY / DRIVE AWAY,,,"$501 - $1,500",UNABLE TO DETERMINE,2,NO INDICATION OF INJURY,0,0,41.887026634,-87.6165892303,60601,"CHICAGO MIDWAY AIRPORT, IL US",34.0,27.0,75.0,0.0,10.0,16.0
crash_11801,2019-06-25 16:35:00,2019,6,Jun,Tue,16,Evening commute,30,TRAFFIC SIGNAL,RAIN,DAYLIGHT,REAR END,DIVIDED - W/MEDIAN (NOT RAISED),WET,INJURY AND / OR TOW DUE TO CRASH,true,true,$500 OR LESS,UNABLE TO DETERMINE,2,"REPORTED, NOT EVIDENT",1,0,41.8983874846,-87.7457351112,60651,"CHICAGO MIDWAY AIRPORT, IL US",84.0,60.0,44.0,,10.0,25.0
crash_11802,2025-03-21 18:30:00,2025,3,Mar,Fri,18,Evening commute,30,NO CONTROLS,CLEAR,DAYLIGHT,OTHER OBJECT,NOT DIVIDED,UNKNOWN,NO INJURY / DRIVE AWAY,,,"OVER $1,500",NOT APPLICABLE,1,NO INDICATION OF INJURY,0,0,41.9753954553,-87.7307284278,60630,"CHICAGO OHARE INTERNATIONAL AIRPORT, IL US",56.0,29.0,36.0,0.0,10.0,16.0
crash_11803,2020-06-24 16:45:00,2020,6,Jun,Wed,16,Evening commute,30,TRAFFIC SIGNAL,CLEAR,DAYLIGHT,REAR END,NOT DIVIDED,DRY,NO INJURY / DRIVE AWAY,,,"$501 - $1,500",UNABLE TO DETERMINE,2,NO INDICATION OF INJURY,0,0,41.9094690663,-87.7351005032,60651,"CHICAGO MIDWAY AIRPORT, IL US",74.0,57.0,56.0,0.0,10.0,7.0
crash_11804,2021-06-24 01:28:00,2021,6,Jun,Thu,1,Night or early morning,30,TRAFFIC SIGNAL,CLEAR,"DARKNESS, LIGHTED ROAD",ANGLE,NOT DIVIDED,DRY,INJURY AND / OR TOW DUE TO CRASH,true,,"OVER $1,500",FAILING TO YIELD RIGHT-OF-WAY,2,NONINCAPACITATING INJURY,1,0,41.9459966416,-87.7644479858,60641,"CHICAGO OHARE INTERNATIONAL AIRPORT, IL US",70.0,53.0,55.0,0.0,10.0,14.0
crash_11805,2023-03-31 21:41:00,2023,3,Mar,Fri,21,Night or early morning,30,TRAFFIC SIGNAL,RAIN,DARKNESS,TURNING,NOT DIVIDED,WET,INJURY AND / OR TOW DUE TO CRASH,,,"OVER $1,500",FAILING TO YIELD RIGHT-OF-WAY,2,NO INDICATION OF INJURY,0,0,41.8085411337,-87.68216467,60609,"CHICAGO MIDWAY AIRPORT, IL US",56.0,46.0,70.0,0.01,10.0,10.0
crash_11806,2022-05-13 17:30:00,2022,5,May,Fri,17,Evening commute,30,TRAFFIC SIGNAL,CLEAR,DAYLIGHT,PEDESTRIAN,DIVIDED - W/MEDIAN (NOT RAISED),DRY,NO INJURY / DRIVE AWAY,,,"OVER $1,500",UNABLE TO DETERMINE,2,NO INDICATION OF INJURY,0,0,41.7502108165,-87.6825939499,60620,"CHICAGO MIDWAY AIRPORT, IL US",92.0,47.0,21.0,0.0,10.0,10.0
crash_11807,2025-06-20 07:30:00,2025,6,Jun,Fri,7,Morning commute,30,UNKNOWN,CLEAR,DAYLIGHT,SIDESWIPE SAME DIRECTION,NOT DIVIDED,UNKNOWN,NO INJURY / DRIVE AWAY,,,"OVER $1,500",UNABLE TO DETERMINE,2,NO INDICATION OF INJURY,0,0,41.9765755063,-87.6682636441,60640,"CHICAGO OHARE INTERNATIONAL AIRPORT, IL US",73.0,63.0,71.0,0.0,10.0,7.0
crash_11808,2024-03-15 12:50:00,2024,3,Mar,Fri,12,Daytime,25,NO CONTROLS,CLEAR,DAYLIGHT,SIDESWIPE SAME DIRECTION,DIVIDED - W/MEDIAN (NOT RAISED),DRY,INJURY AND / OR TOW DUE TO CRASH,,,"OVER $1,500",FAILING TO REDUCE SPEED TO AVOID CRASH,2,"REPORTED, NOT EVIDENT",1,0,41.7584447966,-87.6443891369,60621,"CHICAGO MIDWAY AIRPORT, IL US",48.0,36.0,63.0,0.0,10.0,9.0
crash_11809,2018-05-25 18:00:00,2018,5,May,Fri,18,Evening commute,30,NO CONTROLS,CLEAR,DAYLIGHT,FIXED OBJECT,NOT DIVIDED,DRY,NO INJURY / DRIVE AWAY,,,"$501 - $1,500",UNABLE TO DETERMINE,1,NO INDICATION OF INJURY,0,0,41.7367554697,-87.5907102868,60619,"CHICAGO MIDWAY AIRPORT, IL US",88.0,57.0,35.0,0.0,10.0,7.0
crash_11810,2018-06-01 23:30:00,2018,6,Jun,Fri,23,Night or early morning,30,NO CONTROLS,CLEAR,"DARKNESS, LIGHTED ROAD",TURNING,RAMP,DRY,INJURY AND / OR TOW DUE TO CRASH,,,"OVER $1,500",IMPROPER BACKING,2,NO INDICATION OF INJURY,0,0,41.8843066283,-87.6458179139,60661,"CHICAGO MIDWAY AIRPORT, IL US",54.0,46.0,75.0,0.0,10.0,10.0
crash_11811,2019-04-26 12:50:00,2019,4,Apr,Fri,12,Daytime,30,NO CONTROLS,CLEAR,DAYLIGHT,ANGLE,NOT DIVIDED,DRY,NO INJURY / DRIVE AWAY,,,"OVER $1,500",NOT APPLICABLE,2,NO INDICATION OF INJURY,0,0,41.7920672141,-87.8001988872,60638,"CHICAGO MIDWAY AIRPORT, IL US",62.0,30.0,30.0,0.0,10.0,23.0
crash_11812,2025-03-17 16:28:00,2025,3,Mar,Mon,16,Evening commute,25,STOP SIGN/FLASHER,CLEAR,DAYLIGHT,TURNING,FOUR WAY,DRY,NO INJURY / DRIVE AWAY,true,,"OVER $1,500",UNABLE TO DETERMINE,2,NO INDICATION OF INJURY,0,0,41.7514591486,-87.7074751752,60652,"CHICAGO MIDWAY AIRPORT, IL US",54.0,25.0,33.0,0.0,10.0,24.0
crash_11813,2024-10-03 19:45:00,2024,10,Oct,Thu,19,Night or early morning,30,NO CONTROLS,CLEAR,DARKNESS,SIDESWIPE SAME DIRECTION,NOT DIVIDED,DRY,NO INJURY / DRIVE AWAY,,,"$501 - $1,500",IMPROPER LANE USAGE,2,NO INDICATION OF INJURY,0,0,41.8553958175,-87.6303052458,60616,"CHICAGO MIDWAY AIRPORT, IL US",66.0,54.0,65.0,0.0,10.0,8.0
crash_11814,2021-07-26 19:18:00,2021,7,Jul,Mon,19,Night or early morning,30,TRAFFIC SIGNAL,CLEAR,DAYLIGHT,TURNING,NOT REPORTED,DRY,INJURY AND / OR TOW DUE TO CRASH,true,,"OVER $1,500",UNABLE TO DETERMINE,2,NO INDICATION OF INJURY,0,0,41.7871751726,-87.6320955367,60621,"CHICAGO MIDWAY AIRPORT, IL US",89.0,57.0,34.0,0.0,10.0,13.0
crash_11815,2020-04-01 15:47:00,2020,4,Apr,Wed,15,Evening commute,30,NO CONTROLS,CLEAR,DAYLIGHT,SIDESWIPE SAME DIRECTION,NOT DIVIDED,DRY,NO INJURY / DRIVE AWAY,,,"$501 - $1,500",IMPROPER OVERTAKING/PASSING,2,NO INDICATION OF INJURY,0,0,41.7068516328,-87.6589464099,60643,"CHICAGO MIDWAY AIRPORT, IL US",50.0,36.0,59.0,0.0,10.0,11.0
crash_11816,2021-05-25 20:05:00,2021,5,May,Tue,20,Night or early morning,35,STOP SIGN/FLASHER,CLEAR,"DARKNESS, LIGHTED ROAD",ANGLE,NOT DIVIDED,DRY,INJURY AND / OR TOW DUE TO CRASH,true,,"OVER $1,500",FAILING TO REDUCE SPEED TO AVOID CRASH,2,NO INDICATION OF INJURY,0,0,41.7679923221,-87.585899131,60649,"CHICAGO MIDWAY AIRPORT, IL US",75.0,59.0,58.0,0.0,10.0,13.0
crash_11817,2025-07-05 22:14:00,2025,7,Jul,Sat,22,Night or early morning,30,NO CONTROLS,CLEAR,"DARKNESS, LIGHTED ROAD",SIDESWIPE SAME DIRECTION,NOT DIVIDED,DRY,INJURY AND / OR TOW DUE TO CRASH,,true,"OVER $1,500",IMPROPER OVERTAKING/PASSING,2,NONINCAPACITATING INJURY,2,0,41.9157101456,-87.7459077545,60639,"CHICAGO MIDWAY AIRPORT, IL US",86.0,64.0,48.0,0.0,10.0,11.0
crash_11818,2020-07-23 15:00:00,2020,7,Jul,Thu,15,Evening commute,30,TRAFFIC SIGNAL,CLEAR,DAYLIGHT,TURNING,FOUR WAY,DRY,NO INJURY / DRIVE AWAY,true,,"$501 - $1,500",IMPROPER OVERTAKING/PASSING,2,NO INDICATION OF INJURY,0,0,41.932442101,-87.6806049042,60618,"CHICAGO MIDWAY AIRPORT, IL US",79.0,60.0,52.0,0.0,10.0,9.0
crash_11819,2019-12-04 11:30:00,2019,12,Dec,Wed,11,Daytime,30,NO CONTROLS,CLEAR,DAYLIGHT,PARKED MOTOR VEHICLE,DIVIDED - W/MEDIAN (NOT RAISED),DRY,NO INJURY / DRIVE AWAY,,,"$501 - $1,500",UNABLE TO DETERMINE,2,NO INDICATION OF INJURY,0,0,41.8455207093,-87.6953849695,60623,"CHICAGO MIDWAY AIRPORT, IL US",42.0,27.0,55.0,0.0,10.0,21.0