crash_id,crash_datetime,crash_year,crash_month,crash_month_name,crash_weekday_name,crash_hour,time_period,posted_speed_limit_mph,traffic_control_device,reported_weather_condition,reported_lighting_condition,first_crash_type,trafficway_type,reported_road_surface_condition,crash_type,intersection_related,hit_and_run,estimated_damage,primary_contributory_cause,unit_count,most_severe_injury,injuries_total,injuries_fatal,latitude,longitude,zip5,weather_station_name,temperature_f,dew_point_f,relative_humidity_percent,precipitation_inches,visibility_miles,wind_speed_mph
crash_11820,2020-07-31 17:15:00,2020,7,Jul,Fri,17,Evening commute,30,UNKNOWN,CLEAR,DAYLIGHT,REAR END,PARKING LOT,DRY,NO INJURY / DRIVE AWAY,,,"OVER $1,500",UNABLE TO DETERMINE,2,NO INDICATION OF INJURY,0,0,41.800941976,-87.5876367922,60615,"CHICAGO MIDWAY AIRPORT, IL US",79.0,56.0,45.0,0.0,10.0,14.0
crash_11821,2019-05-08 15:30:00,2019,5,May,Wed,15,Evening commute,30,NO CONTROLS,CLEAR,DAYLIGHT,ANGLE,Y-INTERSECTION,DRY,INJURY AND / OR TOW DUE TO CRASH,true,,"OVER $1,500",FAILING TO YIELD RIGHT-OF-WAY,2,NO INDICATION OF INJURY,0,0,41.7089690565,-87.6553718995,60643,"CHICAGO MIDWAY AIRPORT, IL US",67.0,51.0,57.0,0.0,10.0,10.0
crash_11822,2024-11-06 17:17:00,2024,11,Nov,Wed,17,Evening commute,30,TRAFFIC SIGNAL,CLEAR,DARKNESS,PEDESTRIAN,FOUR WAY,DRY,INJURY AND / OR TOW DUE TO CRASH,true,,"OVER $1,500",DRIVING SKILLS/KNOWLEDGE/EXPERIENCE,2,INCAPACITATING INJURY,1,0,41.8743420452,-87.725589998,60624,"CHICAGO MIDWAY AIRPORT, IL US",52.0,40.0,64.0,0.0,10.0,6.0
crash_11823,2022-10-05 20:55:00,2022,10,Oct,Wed,20,Night or early morning,30,TRAFFIC SIGNAL,CLEAR,DARKNESS,REAR END,DIVIDED - W/MEDIAN (NOT RAISED),DRY,NO INJURY / DRIVE AWAY,,,"OVER $1,500",IMPROPER OVERTAKING/PASSING,2,NO INDICATION OF INJURY,0,0,41.9875893627,-87.6667739846,60660,"CHICAGO OHARE INTERNATIONAL AIRPORT, IL US",65.0,39.0,39.0,,10.0,3.0
crash_11824,2022-10-26 14:30:00,2022,10,Oct,Wed,14,Daytime,30,NO CONTROLS,CLEAR,DAYLIGHT,TURNING,NOT DIVIDED,DRY,INJURY AND / OR TOW DUE TO CRASH,,,"OVER $1,500",UNABLE TO DETERMINE,2,NO INDICATION OF INJURY,0,0,41.9652301029,-87.661565375,60640,"CHICAGO MIDWAY AIRPORT, IL US",55.0,36.0,49.0,0.0,10.0,6.0
crash_11825,2022-01-17 00:15:00,2022,1,Jan,Mon,0,Night or early morning,35,NO CONTROLS,CLEAR,"DARKNESS, LIGHTED ROAD",SIDESWIPE SAME DIRECTION,DIVIDED - W/MEDIAN (NOT RAISED),DRY,NO INJURY / DRIVE AWAY,,,"OVER $1,500",UNABLE TO DETERMINE,2,NO INDICATION OF INJURY,0,0,41.8125870183,-87.7040040294,60632,"CHICAGO MIDWAY AIRPORT, IL US",25.0,18.0,75.0,0.0,9.0,10.0
crash_11826,2022-09-18 08:35:00,2022,9,Sep,Sun,8,Morning commute,30,NO CONTROLS,CLEAR,DAYLIGHT,TURNING,NOT DIVIDED,DRY,INJURY AND / OR TOW DUE TO CRASH,,,"OVER $1,500",IMPROPER OVERTAKING/PASSING,2,NONINCAPACITATING INJURY,1,0,41.8156855007,-87.7014131817,60632,"CHICAGO MIDWAY AIRPORT, IL US",73.0,61.0,66.0,0.0,10.0,8.0
crash_11827,2019-08-18 15:31:00,2019,8,Aug,Sun,15,Evening commute,30,NO CONTROLS,CLEAR,DAYLIGHT,SIDESWIPE SAME DIRECTION,DIVIDED - W/MEDIAN BARRIER,DRY,NO INJURY / DRIVE AWAY,,,"OVER $1,500",UNABLE TO DETERMINE,2,NO INDICATION OF INJURY,0,0,41.7369873596,-87.6324763341,60620,"CHICAGO MIDWAY AIRPORT, IL US",82.0,69.0,65.0,0.0,10.0,10.0
crash_11828,2024-03-04 11:14:00,2024,3,Mar,Mon,11,Daytime,20,NO CONTROLS,RAIN,"DARKNESS, LIGHTED ROAD",PARKED MOTOR VEHICLE,NOT DIVIDED,WET,INJURY AND / OR TOW DUE TO CRASH,,,"OVER $1,500",UNABLE TO DETERMINE,2,NO INDICATION OF INJURY,0,0,41.7856465716,-87.7083401916,60629,"CHICAGO MIDWAY AIRPORT, IL US",65.0,56.0,73.0,0.0,10.0,11.0
crash_11829,2018-11-13 15:30:00,2018,11,Nov,Tue,15,Evening commute,20,NO CONTROLS,CLEAR,DAYLIGHT,ANGLE,PARKING LOT,DRY,NO INJURY / DRIVE AWAY,,,"OVER $1,500",IMPROPER BACKING,2,NO INDICATION OF INJURY,0,0,41.8879931145,-87.7747628316,60644,"CHICAGO MIDWAY AIRPORT, IL US",28.0,8.0,43.0,0.0,10.0,11.0
crash_11830,2023-12-29 07:00:00,2023,12,Dec,Fri,7,Morning commute,30,NO CONTROLS,RAIN,DAYLIGHT,PARKED MOTOR VEHICLE,ONE-WAY,WET,NO INJURY / DRIVE AWAY,,true,"OVER $1,500",NOT APPLICABLE,2,NO INDICATION OF INJURY,0,0,41.7374167114,-87.6010553173,60619,"CHICAGO MIDWAY AIRPORT, IL US",41.0,39.0,93.0,0.0,3.0,10.0
crash_11831,2018-07-13 14:20:00,2018,7,Jul,Fri,14,Daytime,30,TRAFFIC SIGNAL,CLEAR,DAYLIGHT,REAR END,NOT DIVIDED,DRY,NO INJURY / DRIVE AWAY,,,"OVER $1,500",DISREGARDING TRAFFIC SIGNALS,2,NO INDICATION OF INJURY,0,0,41.7078542783,-87.5873904781,60628,"CHICAGO MIDWAY AIRPORT, IL US",90.0,62.0,39.0,0.0,10.0,7.0
crash_11832,2022-10-20 09:10:00,2022,10,Oct,Thu,9,Morning commute,30,TRAFFIC SIGNAL,CLEAR,DAYLIGHT,TURNING,FOUR WAY,DRY,INJURY AND / OR TOW DUE TO CRASH,true,,"OVER $1,500",IMPROPER TURNING/NO SIGNAL,2,NO INDICATION OF INJURY,0,0,41.8580532553,-87.705555636,60623,"CHICAGO MIDWAY AIRPORT, IL US",39.0,18.0,43.0,0.0,10.0,10.0
crash_11833,2023-12-11 17:00:00,2023,12,Dec,Mon,17,Evening commute,30,TRAFFIC SIGNAL,CLEAR,"DARKNESS, LIGHTED ROAD",SIDESWIPE SAME DIRECTION,NOT DIVIDED,UNKNOWN,NO INJURY / DRIVE AWAY,,,"OVER $1,500",UNABLE TO DETERMINE,2,NO INDICATION OF INJURY,0,0,41.8657087433,-87.7643762375,60644,"CHICAGO MIDWAY AIRPORT, IL US",36.0,24.0,62.0,0.0,10.0,8.0
crash_11834,2024-09-11 08:35:00,2024,9,Sep,Wed,8,Morning commute,30,TRAFFIC SIGNAL,CLEAR,DAYLIGHT,REAR END,NOT DIVIDED,DRY,INJURY AND / OR TOW DUE TO CRASH,,,"OVER $1,500",FAILING TO REDUCE SPEED TO AVOID CRASH,2,NO INDICATION OF INJURY,0,0,41.7509228323,-87.6198458825,60619,"CHICAGO MIDWAY AIRPORT, IL US",69.0,50.0,51.0,0.0,10.0,0.0
crash_11835,2024-04-21 12:03:00,2024,4,Apr,Sun,12,Daytime,30,TRAFFIC SIGNAL,CLEAR,DAYLIGHT,ANGLE,FOUR WAY,DRY,INJURY AND / OR TOW DUE TO CRASH,true,,"OVER $1,500",DISREGARDING TRAFFIC SIGNALS,2,"REPORTED, NOT EVIDENT",1,0,41.8763172202,-87.6766441938,60612,"CHICAGO MIDWAY AIRPORT, IL US",52.0,26.0,37.0,0.0,10.0,15.0
crash_11836,2024-03-12 06:55:00,2024,3,Mar,Tue,6,Morning commute,30,TRAFFIC SIGNAL,CLEAR,DAYLIGHT,SIDESWIPE SAME DIRECTION,NOT DIVIDED,DRY,NO INJURY / DRIVE AWAY,true,,"OVER $1,500","OPERATING VEHICLE IN ERRATIC, RECKLESS, CARELESS, NEGLIGENT OR AGGRESSIVE MANNER",3,NO INDICATION OF INJURY,0,0,41.8286550063,-87.7243195223,60632,"CHICAGO MIDWAY AIRPORT, IL US",50.0,33.0,52.0,0.0,10.0,9.0
crash_11837,2020-07-28 18:00:00,2020,7,Jul,Tue,18,Evening commute,30,TRAFFIC SIGNAL,CLEAR,DAYLIGHT,TURNING,FOUR WAY,DRY,NO INJURY / DRIVE AWAY,true,true,"$501 - $1,500",IMPROPER OVERTAKING/PASSING,2,NO INDICATION OF INJURY,0,0,41.8956407139,-87.7023523277,60622,"CHICAGO MIDWAY AIRPORT, IL US",85.0,61.0,45.0,0.0,10.0,13.0
crash_11838,2025-05-21 07:45:00,2025,5,May,Wed,7,Morning commute,30,STOP SIGN/FLASHER,CLOUDY/OVERCAST,DAYLIGHT,ANGLE,NOT REPORTED,WET,INJURY AND / OR TOW DUE TO CRASH,true,,"OVER $1,500",FAILING TO YIELD RIGHT-OF-WAY,2,NO INDICATION OF INJURY,0,0,41.7603720323,-87.5981273553,60619,"CHICAGO MIDWAY AIRPORT, IL US",50.0,48.0,94.0,0.0,0.75,9.0
crash_11839,2022-01-15 00:27:00,2022,1,Jan,Sat,0,Night or early morning,30,TRAFFIC SIGNAL,SNOW,"DARKNESS, LIGHTED ROAD",REAR END,NOT DIVIDED,SNOW OR SLUSH,NO INJURY / DRIVE AWAY,,true,"OVER $1,500",FOLLOWING TOO CLOSELY,2,NO INDICATION OF INJURY,0,0,41.954745513,-87.6453293959,60613,"CHICAGO MIDWAY AIRPORT, IL US",27.0,22.0,81.0,0.0,2.0,16.0
crash_11840,2025-02-06 00:58:00,2025,2,Feb,Thu,0,Night or early morning,30,NO CONTROLS,RAIN,"DARKNESS, LIGHTED ROAD",PARKED MOTOR VEHICLE,NOT DIVIDED,ICE,INJURY AND / OR TOW DUE TO CRASH,,,"OVER $1,500",WEATHER,2,NO INDICATION OF INJURY,0,0,41.7587467572,-87.6040035327,60619,"CHICAGO MIDWAY AIRPORT, IL US",30.0,28.0,92.0,0.0,3.0,3.0
crash_11841,2023-03-28 07:30:00,2023,3,Mar,Tue,7,Morning commute,30,NO CONTROLS,UNKNOWN,DAYLIGHT,PARKED MOTOR VEHICLE,ONE-WAY,UNKNOWN,NO INJURY / DRIVE AWAY,,true,"OVER $1,500",UNABLE TO DETERMINE,2,NO INDICATION OF INJURY,0,0,41.9889092879,-87.66401119,60660,"CHICAGO OHARE INTERNATIONAL AIRPORT, IL US",33.0,23.0,66.0,0.0,10.0,0.0
crash_11842,2023-11-06 16:30:00,2023,11,Nov,Mon,16,Evening commute,30,NO CONTROLS,CLEAR,DAYLIGHT,SIDESWIPE OPPOSITE DIRECTION,NOT DIVIDED,DRY,NO INJURY / DRIVE AWAY,true,,"$501 - $1,500",FAILING TO YIELD RIGHT-OF-WAY,2,NO INDICATION OF INJURY,0,0,41.8869786094,-87.6354296424,60606,"CHICAGO MIDWAY AIRPORT, IL US",67.0,46.0,47.0,0.0,10.0,15.0
crash_11843,2024-03-31 11:48:00,2024,3,Mar,Sun,11,Daytime,30,NO CONTROLS,CLEAR,DAYLIGHT,SIDESWIPE SAME DIRECTION,NOT DIVIDED,DRY,NO INJURY / DRIVE AWAY,,,"$501 - $1,500",UNABLE TO DETERMINE,2,NO INDICATION OF INJURY,0,0,41.9219610736,-87.6462775884,60614,"CHICAGO MIDWAY AIRPORT, IL US",51.0,35.0,54.0,0.0,10.0,3.0
crash_11844,2024-06-18 13:00:00,2024,6,Jun,Tue,13,Daytime,35,NO CONTROLS,CLEAR,DAYLIGHT,TURNING,PARKING LOT,DRY,NO INJURY / DRIVE AWAY,false,,"OVER $1,500",IMPROPER TURNING/NO SIGNAL,2,NO INDICATION OF INJURY,0,0,41.7648593824,-87.6639401763,60636,"CHICAGO MIDWAY AIRPORT, IL US",89.0,69.0,52.0,0.0,10.0,21.0
crash_11845,2019-04-10 12:45:00,2019,4,Apr,Wed,12,Daytime,30,NO CONTROLS,CLEAR,DAYLIGHT,SIDESWIPE OPPOSITE DIRECTION,NOT DIVIDED,DRY,NO INJURY / DRIVE AWAY,,true,"OVER $1,500",IMPROPER OVERTAKING/PASSING,2,NO INDICATION OF INJURY,0,0,41.9430697894,-87.6492166092,60657,"CHICAGO MIDWAY AIRPORT, IL US",38.0,32.0,79.0,0.0,10.0,15.0
crash_11846,2022-06-08 13:45:00,2022,6,Jun,Wed,13,Daytime,20,NO CONTROLS,RAIN,DAYLIGHT,TURNING,DIVIDED - W/MEDIAN (NOT RAISED),WET,INJURY AND / OR TOW DUE TO CRASH,,,"OVER $1,500",UNABLE TO DETERMINE,2,NO INDICATION OF INJURY,0,0,41.9662699156,-87.737370752,60630,"CHICAGO OHARE INTERNATIONAL AIRPORT, IL US",59.0,57.0,94.0,0.16,2.5,9.0
crash_11847,2018-10-13 14:45:00,2018,10,Oct,Sat,14,Daytime,30,TRAFFIC SIGNAL,CLEAR,DAYLIGHT,TURNING,ONE-WAY,DRY,NO INJURY / DRIVE AWAY,true,,"OVER $1,500",DISREGARDING TRAFFIC SIGNALS,2,NO INDICATION OF INJURY,0,0,41.892619309,-87.6372081808,60654,"CHICAGO MIDWAY AIRPORT, IL US",52.0,35.0,53.0,0.0,10.0,15.0
crash_11848,2022-02-02 08:58:00,2022,2,Feb,Wed,8,Morning commute,30,TRAFFIC SIGNAL,BLOWING SNOW,DAYLIGHT,REAR END,DIVIDED - W/MEDIAN (NOT RAISED),SNOW OR SLUSH,NO INJURY / DRIVE AWAY,true,,"$501 - $1,500",WEATHER,2,NO INDICATION OF INJURY,0,0,41.903639931,-87.65554697,60642,"CHICAGO MIDWAY AIRPORT, IL US",22.0,18.0,85.0,0.02,0.5,14.0
crash_11849,2023-10-27 22:00:00,2023,10,Oct,Fri,22,Night or early morning,30,NO CONTROLS,CLOUDY/OVERCAST,DAYLIGHT,PARKED MOTOR VEHICLE,ONE-WAY,DRY,NO INJURY / DRIVE AWAY,,true,"OVER $1,500",UNABLE TO DETERMINE,2,NO INDICATION OF INJURY,0,0,41.7985522965,-87.6417664016,60609,"CHICAGO MIDWAY AIRPORT, IL US",50.0,43.0,77.0,0.0,10.0,13.0
crash_11850,2021-06-27 23:00:00,2021,6,Jun,Sun,23,Night or early morning,30,TRAFFIC SIGNAL,CLEAR,"DARKNESS, LIGHTED ROAD",REAR END,DIVIDED - W/MEDIAN (NOT RAISED),DRY,INJURY AND / OR TOW DUE TO CRASH,true,,"OVER $1,500",FOLLOWING TOO CLOSELY,2,NONINCAPACITATING INJURY,1,0,41.9034746987,-87.666441178,60642,"CHICAGO MIDWAY AIRPORT, IL US",69.0,59.0,70.0,0.0,10.0,7.0
crash_11851,2018-11-18 12:10:00,2018,11,Nov,Sun,12,Daytime,35,TRAFFIC SIGNAL,CLOUDY/OVERCAST,DAYLIGHT,REAR END,NOT DIVIDED,DRY,NO INJURY / DRIVE AWAY,,,"OVER $1,500",DISTRACTION - FROM INSIDE VEHICLE,2,NO INDICATION OF INJURY,0,0,41.9203911984,-87.662912882,60614,"CHICAGO MIDWAY AIRPORT, IL US",36.0,25.0,64.0,0.0,10.0,7.0
crash_11852,2022-06-02 10:30:00,2022,6,Jun,Thu,10,Daytime,30,UNKNOWN,CLEAR,DAYLIGHT,REAR END,DIVIDED - W/MEDIAN BARRIER,UNKNOWN,NO INJURY / DRIVE AWAY,,true,"OVER $1,500",UNABLE TO DETERMINE,3,NO INDICATION OF INJURY,0,0,41.7674752862,-87.5858110642,60649,"CHICAGO MIDWAY AIRPORT, IL US",74.0,47.0,38.0,0.0,10.0,8.0
crash_11853,2022-06-30 12:40:00,2022,6,Jun,Thu,12,Daytime,30,NO CONTROLS,CLEAR,DAYLIGHT,PARKED MOTOR VEHICLE,NOT DIVIDED,DRY,NO INJURY / DRIVE AWAY,,,"$501 - $1,500",UNABLE TO DETERMINE,2,NO INDICATION OF INJURY,0,0,41.9122287286,-87.688940822,60647,"CHICAGO MIDWAY AIRPORT, IL US",91.0,60.0,35.0,0.0,10.0,15.0
crash_11854,2022-03-02 15:40:00,2022,3,Mar,Wed,15,Evening commute,15,NO CONTROLS,CLEAR,DAYLIGHT,REAR TO FRONT,PARKING LOT,DRY,NO INJURY / DRIVE AWAY,,true,"OVER $1,500",UNABLE TO DETERMINE,2,NO INDICATION OF INJURY,0,0,41.9839522006,-87.6690061635,60660,"CHICAGO OHARE INTERNATIONAL AIRPORT, IL US",57.0,38.0,49.0,0.0,10.0,7.0
crash_11855,2018-03-01 14:30:00,2018,3,Mar,Thu,14,Daytime,15,NO CONTROLS,CLEAR,DAYLIGHT,ANGLE,PARKING LOT,DRY,NO INJURY / DRIVE AWAY,,,"$501 - $1,500",IMPROPER BACKING,2,NO INDICATION OF INJURY,0,0,41.728172803,-87.5513593679,60617,"CHICAGO MIDWAY AIRPORT, IL US",42.0,32.0,68.0,0.0,10.0,17.0
crash_11856,2019-12-14 02:00:00,2019,12,Dec,Sat,2,Night or early morning,30,TRAFFIC SIGNAL,CLEAR,"DARKNESS, LIGHTED ROAD",TURNING,RAMP,DRY,NO INJURY / DRIVE AWAY,true,true,$500 OR LESS,DRIVING SKILLS/KNOWLEDGE/EXPERIENCE,2,NO INDICATION OF INJURY,0,0,41.8171441385,-87.7432639287,60632,"CHICAGO MIDWAY AIRPORT, IL US",34.0,29.0,82.0,0.0,10.0,0.0
crash_11857,2020-09-16 14:26:00,2020,9,Sep,Wed,14,Daytime,30,TRAFFIC SIGNAL,CLEAR,DAYLIGHT,TURNING,FOUR WAY,DRY,INJURY AND / OR TOW DUE TO CRASH,true,,"OVER $1,500",DISREGARDING TRAFFIC SIGNALS,2,NONINCAPACITATING INJURY,3,0,41.7566635775,-87.6054873662,60619,"CHICAGO MIDWAY AIRPORT, IL US",82.0,62.0,51.0,0.0,10.0,14.0
crash_11858,2021-11-23 07:35:00,2021,11,Nov,Tue,7,Morning commute,30,TRAFFIC SIGNAL,CLEAR,DAYLIGHT,SIDESWIPE SAME DIRECTION,NOT DIVIDED,DRY,NO INJURY / DRIVE AWAY,,,"OVER $1,500",UNABLE TO DETERMINE,2,NO INDICATION OF INJURY,0,0,41.8855364117,-87.7256591466,60624,"CHICAGO MIDWAY AIRPORT, IL US",27.0,14.0,58.0,0.0,10.0,0.0
crash_11859,2018-08-16 11:25:00,2018,8,Aug,Thu,11,Daytime,30,NO CONTROLS,CLEAR,DAYLIGHT,ANGLE,DIVIDED - W/MEDIAN (NOT RAISED),DRY,INJURY AND / OR TOW DUE TO CRASH,,,"OVER $1,500",FAILING TO YIELD RIGHT-OF-WAY,2,INCAPACITATING INJURY,1,0,42.0021621104,-87.8149527252,60631,"CHICAGO OHARE INTERNATIONAL AIRPORT, IL US",82.0,68.0,63.0,0.0,10.0,5.0
crash_11860,2021-07-06 09:00:00,2021,7,Jul,Tue,9,Morning commute,25,NO CONTROLS,CLEAR,DAYLIGHT,PARKED MOTOR VEHICLE,NOT DIVIDED,DRY,INJURY AND / OR TOW DUE TO CRASH,,true,"$501 - $1,500",UNABLE TO DETERMINE,2,NO INDICATION OF INJURY,0,0,41.7731917433,-87.6091885242,60637,"CHICAGO MIDWAY AIRPORT, IL US",82.0,67.0,60.0,0.0,10.0,11.0
crash_11861,2024-02-13 15:45:00,2024,2,Feb,Tue,15,Evening commute,30,STOP SIGN/FLASHER,CLEAR,DAYLIGHT,TURNING,DIVIDED - W/MEDIAN (NOT RAISED),DRY,NO INJURY / DRIVE AWAY,,true,"OVER $1,500",DISREGARDING STOP SIGN,2,NO INDICATION OF INJURY,0,0,41.8078535989,-87.7162884081,60632,"CHICAGO MIDWAY AIRPORT, IL US",40.0,18.0,41.0,0.0,10.0,10.0
crash_11862,2020-07-03 13:58:00,2020,7,Jul,Fri,13,Daytime,40,NO CONTROLS,CLEAR,DAYLIGHT,REAR END,DIVIDED - W/MEDIAN BARRIER,DRY,INJURY AND / OR TOW DUE TO CRASH,,true,"OVER $1,500",UNABLE TO DETERMINE,3,NONINCAPACITATING INJURY,1,0,41.8789025308,-87.6170657501,60603,"CHICAGO MIDWAY AIRPORT, IL US",87.0,60.0,40.0,0.0,10.0,10.0
crash_11863,2021-12-21 20:00:00,2021,12,Dec,Tue,20,Night or early morning,30,NO CONTROLS,CLEAR,"DARKNESS, LIGHTED ROAD",PARKED MOTOR VEHICLE,DIVIDED - W/MEDIAN (NOT RAISED),DRY,NO INJURY / DRIVE AWAY,,true,"OVER $1,500",IMPROPER OVERTAKING/PASSING,2,NO INDICATION OF INJURY,0,0,41.8926952931,-87.7556638717,60644,"CHICAGO MIDWAY AIRPORT, IL US",34.0,20.0,56.0,0.0,10.0,15.0
crash_11864,2024-10-07 14:43:00,2024,10,Oct,Mon,14,Daytime,30,NO CONTROLS,CLEAR,DAYLIGHT,REAR END,DIVIDED - W/MEDIAN (NOT RAISED),DRY,NO INJURY / DRIVE AWAY,,,"OVER $1,500",EQUIPMENT - VEHICLE CONDITION,4,NO INDICATION OF INJURY,0,0,41.7079910075,-87.5646593138,60617,"CHICAGO MIDWAY AIRPORT, IL US",67.0,27.0,22.0,0.0,10.0,6.0
crash_11865,2020-08-09 13:30:00,2020,8,Aug,Sun,13,Daytime,30,TRAFFIC SIGNAL,CLEAR,DAYLIGHT,TURNING,FOUR WAY,DRY,NO INJURY / DRIVE AWAY,,true,"$501 - $1,500",UNABLE TO DETERMINE,2,NO INDICATION OF INJURY,0,0,41.751022503,-87.6269802936,60620,"CHICAGO MIDWAY AIRPORT, IL US",89.0,68.0,50.0,0.0,10.0,16.0
crash_11866,2021-12-24 23:54:00,2021,12,Dec,Fri,23,Night or early morning,35,NO CONTROLS,RAIN,"DARKNESS, LIGHTED ROAD",FIXED OBJECT,DIVIDED - W/MEDIAN BARRIER,WET,INJURY AND / OR TOW DUE TO CRASH,,,"OVER $1,500",UNABLE TO DETERMINE,1,"REPORTED, NOT EVIDENT",1,0,41.900752974,-87.6242349998,60611,"CHICAGO MIDWAY AIRPORT, IL US",58.0,52.0,81.0,0.0,10.0,8.0
crash_11867,2022-12-01 20:20:00,2022,12,Dec,Thu,20,Night or early morning,30,NO CONTROLS,CLEAR,"DARKNESS, LIGHTED ROAD",TURNING,NOT DIVIDED,DRY,NO INJURY / DRIVE AWAY,,,"OVER $1,500",NOT APPLICABLE,2,NO INDICATION OF INJURY,0,0,41.9328912631,-87.6682672314,60657,"CHICAGO MIDWAY AIRPORT, IL US",34.0,17.0,50.0,0.0,10.0,16.0
crash_11868,2019-04-24 11:55:00,2019,4,Apr,Wed,11,Daytime,30,TRAFFIC SIGNAL,CLEAR,DAYLIGHT,TURNING,"FIVE POINT, OR MORE",DRY,NO INJURY / DRIVE AWAY,true,,$500 OR LESS,IMPROPER TURNING/NO SIGNAL,2,NO INDICATION OF INJURY,0,0,41.939502996,-87.6883134289,60618,"CHICAGO MIDWAY AIRPORT, IL US",58.0,35.0,42.0,0.0,10.0,6.0
crash_11869,2022-11-04 20:10:00,2022,11,Nov,Fri,20,Night or early morning,25,NO CONTROLS,CLEAR,"DARKNESS, LIGHTED ROAD",PARKED MOTOR VEHICLE,ONE-WAY,DRY,INJURY AND / OR TOW DUE TO CRASH,,true,"OVER $1,500",IMPROPER OVERTAKING/PASSING,2,NO INDICATION OF INJURY,0,0,41.7512462303,-87.6414713585,60620,"CHICAGO MIDWAY AIRPORT, IL US",73.0,55.0,53.0,0.0,10.0,17.0
crash_11870,2022-06-04 11:30:00,2022,6,Jun,Sat,11,Daytime,30,NO CONTROLS,CLEAR,DAYLIGHT,SIDESWIPE SAME DIRECTION,DIVIDED - W/MEDIAN BARRIER,DRY,NO INJURY / DRIVE AWAY,true,,"OVER $1,500",IMPROPER OVERTAKING/PASSING,2,NO INDICATION OF INJURY,0,0,41.8673100329,-87.6435902202,60607,"CHICAGO MIDWAY AIRPORT, IL US",71.0,45.0,39.0,0.0,10.0,8.0
crash_11871,2019-11-27 07:45:00,2019,11,Nov,Wed,7,Morning commute,30,NO CONTROLS,CLEAR,DAYLIGHT,TURNING,NOT DIVIDED,WET,NO INJURY / DRIVE AWAY,true,,$500 OR LESS,IMPROPER TURNING/NO SIGNAL,2,NO INDICATION OF INJURY,0,0,41.7686447908,-87.6651900952,60636,"CHICAGO MIDWAY AIRPORT, IL US",45.0,37.0,74.0,0.0,10.0,25.0
crash_11872,2018-05-08 09:00:00,2018,5,May,Tue,9,Morning commute,30,STOP SIGN/FLASHER,CLEAR,DAYLIGHT,TURNING,OTHER,DRY,INJURY AND / OR TOW DUE TO CRASH,true,,"OVER $1,500",UNABLE TO DETERMINE,2,NO INDICATION OF INJURY,0,0,41.9739211417,-87.8268430587,60656,"CHICAGO OHARE INTERNATIONAL AIRPORT, IL US",69.0,38.0,32.0,0.0,10.0,10.0
crash_11873,2025-11-19 09:00:00,2025,11,Nov,Wed,9,Morning commute,30,NO CONTROLS,CLEAR,DAYLIGHT,SIDESWIPE SAME DIRECTION,DIVIDED - W/MEDIAN (NOT RAISED),DRY,NO INJURY / DRIVE AWAY,,true,"OVER $1,500",UNABLE TO DETERMINE,2,NO INDICATION OF INJURY,0,0,41.9510640531,-87.659795128,60613,,,,,,,
crash_11874,2025-07-25 18:59:00,2025,7,Jul,Fri,18,Evening commute,30,NO CONTROLS,CLEAR,DAYLIGHT,PEDALCYCLIST,ONE-WAY,DRY,INJURY AND / OR TOW DUE TO CRASH,,,"OVER $1,500",IMPROPER TURNING/NO SIGNAL,2,NONINCAPACITATING INJURY,2,0,41.9281860716,-87.7387096179,60639,"CHICAGO MIDWAY AIRPORT, IL US",79.0,69.0,72.0,0.0,10.0,7.0
crash_11875,2023-02-10 15:00:00,2023,2,Feb,Fri,15,Evening commute,35,TRAFFIC SIGNAL,CLEAR,DAYLIGHT,REAR END,FOUR WAY,DRY,NO INJURY / DRIVE AWAY,true,,"$501 - $1,500",FAILING TO REDUCE SPEED TO AVOID CRASH,2,NO INDICATION OF INJURY,0,0,41.8562454586,-87.7003007806,60623,"CHICAGO MIDWAY AIRPORT, IL US",39.0,10.0,30.0,0.0,10.0,15.0
crash_11876,2018-12-24 22:30:00,2018,12,Dec,Mon,22,Night or early morning,30,STOP SIGN/FLASHER,CLEAR,"DARKNESS, LIGHTED ROAD",TURNING,NOT DIVIDED,DRY,NO INJURY / DRIVE AWAY,true,true,"OVER $1,500",IMPROPER TURNING/NO SIGNAL,2,NO INDICATION OF INJURY,0,0,41.7026480061,-87.5366387351,60617,"CHICAGO MIDWAY AIRPORT, IL US",30.0,22.0,72.0,0.0,10.0,3.0
crash_11877,2018-09-20 17:20:00,2018,9,Sep,Thu,17,Evening commute,30,NO CONTROLS,CLEAR,DAYLIGHT,HEAD ON,NOT DIVIDED,DRY,NO INJURY / DRIVE AWAY,,true,"OVER $1,500",NOT APPLICABLE,2,NO INDICATION OF INJURY,0,0,41.6860715901,-87.6005838245,60628,"CHICAGO MIDWAY AIRPORT, IL US",94.0,67.0,41.0,0.0,10.0,16.0
crash_11878,2022-06-09 08:00:00,2022,6,Jun,Thu,8,Morning commute,30,NO CONTROLS,CLEAR,DAYLIGHT,REAR END,NOT DIVIDED,DRY,NO INJURY / DRIVE AWAY,,,"OVER $1,500",FOLLOWING TOO CLOSELY,3,NO INDICATION OF INJURY,0,0,41.9248329186,-87.7065388044,60647,"CHICAGO MIDWAY AIRPORT, IL US",60.0,53.0,78.0,0.0,10.0,9.0
crash_11879,2021-08-25 17:00:00,2021,8,Aug,Wed,17,Evening commute,30,TRAFFIC SIGNAL,CLEAR,DUSK,REAR END,NOT DIVIDED,DRY,NO INJURY / DRIVE AWAY,,,"OVER $1,500",UNABLE TO DETERMINE,2,NO INDICATION OF INJURY,0,0,41.817644462,-87.7435838683,60638,"CHICAGO MIDWAY AIRPORT, IL US",89.0,69.0,52.0,,10.0,11.0