crash_id,crash_datetime,crash_year,crash_month,crash_month_name,crash_weekday_name,crash_hour,time_period,posted_speed_limit_mph,traffic_control_device,reported_weather_condition,reported_lighting_condition,first_crash_type,trafficway_type,reported_road_surface_condition,crash_type,intersection_related,hit_and_run,estimated_damage,primary_contributory_cause,unit_count,most_severe_injury,injuries_total,injuries_fatal,latitude,longitude,zip5,weather_station_name,temperature_f,dew_point_f,relative_humidity_percent,precipitation_inches,visibility_miles,wind_speed_mph
crash_11880,2020-10-12 07:00:00,2020,10,Oct,Mon,7,Morning commute,30,TRAFFIC SIGNAL,CLEAR,DAYLIGHT,SIDESWIPE SAME DIRECTION,NOT DIVIDED,UNKNOWN,NO INJURY / DRIVE AWAY,true,,"OVER $1,500",IMPROPER OVERTAKING/PASSING,3,NO INDICATION OF INJURY,0,0,41.8372820366,-87.6948787589,60608,"CHICAGO MIDWAY AIRPORT, IL US",60.0,56.0,86.0,0.0,8.0,10.0
crash_11881,2022-10-25 00:35:00,2022,10,Oct,Tue,0,Night or early morning,0,NO CONTROLS,CLOUDY/OVERCAST,"DARKNESS, LIGHTED ROAD",PARKED MOTOR VEHICLE,PARKING LOT,DRY,NO INJURY / DRIVE AWAY,,,"$501 - $1,500",DRIVING SKILLS/KNOWLEDGE/EXPERIENCE,2,NO INDICATION OF INJURY,0,0,41.7486672956,-87.6062317573,60619,"CHICAGO MIDWAY AIRPORT, IL US",71.0,42.0,35.0,0.0,10.0,17.0
crash_11882,2018-03-03 11:45:00,2018,3,Mar,Sat,11,Daytime,30,TRAFFIC SIGNAL,CLEAR,DAYLIGHT,REAR END,ONE-WAY,DRY,NO INJURY / DRIVE AWAY,,,"OVER $1,500",IMPROPER BACKING,2,NO INDICATION OF INJURY,0,0,41.874595904,-87.7150364278,60624,"CHICAGO MIDWAY AIRPORT, IL US",42.0,19.0,40.0,0.0,10.0,13.0
crash_11883,2021-10-19 16:00:00,2021,10,Oct,Tue,16,Evening commute,30,UNKNOWN,UNKNOWN,UNKNOWN,PARKED MOTOR VEHICLE,ONE-WAY,UNKNOWN,NO INJURY / DRIVE AWAY,,,"OVER $1,500",UNABLE TO DETERMINE,2,NO INDICATION OF INJURY,0,0,42.0023086838,-87.7056648398,60645,"CHICAGO OHARE INTERNATIONAL AIRPORT, IL US",71.0,44.0,38.0,0.0,10.0,14.0
crash_11884,2024-08-01 20:00:00,2024,8,Aug,Thu,20,Night or early morning,30,TRAFFIC SIGNAL,CLEAR,DAWN,ANGLE,FOUR WAY,WET,NO INJURY / DRIVE AWAY,true,true,"OVER $1,500",DISREGARDING TRAFFIC SIGNALS,2,NO INDICATION OF INJURY,0,0,41.7723796165,-87.6447416419,60621,"CHICAGO MIDWAY AIRPORT, IL US",80.0,73.0,79.0,0.03,10.0,6.0
crash_11885,2024-07-23 09:01:00,2024,7,Jul,Tue,9,Morning commute,30,STOP SIGN/FLASHER,CLEAR,DAYLIGHT,ANGLE,NOT DIVIDED,DRY,NO INJURY / DRIVE AWAY,true,,"OVER $1,500",DISTRACTION - FROM OUTSIDE VEHICLE,2,NO INDICATION OF INJURY,0,0,41.7775639522,-87.6628749897,60636,"CHICAGO MIDWAY AIRPORT, IL US",77.0,65.0,66.0,0.0,9.0,8.0
crash_11886,2022-07-28 18:00:00,2022,7,Jul,Thu,18,Evening commute,20,STOP SIGN/FLASHER,CLEAR,DAYLIGHT,SIDESWIPE SAME DIRECTION,ONE-WAY,DRY,NO INJURY / DRIVE AWAY,,,"$501 - $1,500",FAILING TO YIELD RIGHT-OF-WAY,2,NO INDICATION OF INJURY,0,0,41.8579925757,-87.6609220808,60608,"CHICAGO MIDWAY AIRPORT, IL US",80.0,56.0,44.0,0.0,10.0,16.0
crash_11887,2019-05-26 01:55:00,2019,5,May,Sun,1,Night or early morning,25,TRAFFIC SIGNAL,CLEAR,"DARKNESS, LIGHTED ROAD",REAR END,RAMP,DRY,NO INJURY / DRIVE AWAY,,true,"OVER $1,500",DISREGARDING OTHER TRAFFIC SIGNS,2,NO INDICATION OF INJURY,0,0,41.8968049724,-87.6170274232,60611,"CHICAGO MIDWAY AIRPORT, IL US",73.0,66.0,79.0,0.0,10.0,6.0
crash_11888,2023-02-17 01:13:00,2023,2,Feb,Fri,1,Night or early morning,30,NO CONTROLS,SNOW,DAYLIGHT,REAR END,NOT DIVIDED,ICE,INJURY AND / OR TOW DUE TO CRASH,,,$500 OR LESS,WEATHER,2,"REPORTED, NOT EVIDENT",1,0,41.917531864,-87.7045442572,60647,"CHICAGO MIDWAY AIRPORT, IL US",25.0,20.0,81.0,0.0,10.0,15.0
crash_11889,2019-01-17 14:40:00,2019,1,Jan,Thu,14,Daytime,30,TRAFFIC SIGNAL,CLEAR,DAYLIGHT,REAR END,NOT DIVIDED,DRY,NO INJURY / DRIVE AWAY,true,,"OVER $1,500",FOLLOWING TOO CLOSELY,4,NO INDICATION OF INJURY,0,0,41.6986163482,-87.7204927656,60655,"CHICAGO MIDWAY AIRPORT, IL US",35.0,29.0,78.0,0.0,4.0,5.0
crash_11890,2024-08-11 01:11:00,2024,8,Aug,Sun,1,Night or early morning,30,NO CONTROLS,CLEAR,"DARKNESS, LIGHTED ROAD",OTHER OBJECT,ONE-WAY,DRY,INJURY AND / OR TOW DUE TO CRASH,,true,"OVER $1,500",UNABLE TO DETERMINE,1,NO INDICATION OF INJURY,0,0,41.7934085592,-87.6771442422,60636,"CHICAGO MIDWAY AIRPORT, IL US",63.0,51.0,65.0,0.0,10.0,6.0
crash_11891,2018-02-20 05:40:00,2018,2,Feb,Tue,5,Night or early morning,30,NO CONTROLS,RAIN,"DARKNESS, LIGHTED ROAD",FIXED OBJECT,NOT DIVIDED,WET,NO INJURY / DRIVE AWAY,,,"OVER $1,500",ROAD CONSTRUCTION/MAINTENANCE,1,NO INDICATION OF INJURY,0,0,41.9727561285,-87.7929249796,60656,"CHICAGO OHARE INTERNATIONAL AIRPORT, IL US",59.0,56.0,90.0,0.23,3.0,11.0
crash_11892,2024-05-31 23:00:00,2024,5,May,Fri,23,Night or early morning,30,TRAFFIC SIGNAL,CLEAR,"DARKNESS, LIGHTED ROAD",TURNING,DIVIDED - W/MEDIAN (NOT RAISED),DRY,NO INJURY / DRIVE AWAY,true,true,"OVER $1,500",IMPROPER TURNING/NO SIGNAL,2,NO INDICATION OF INJURY,0,0,41.8955288602,-87.7206269268,60651,"CHICAGO MIDWAY AIRPORT, IL US",72.0,44.0,37.0,0.0,10.0,7.0
crash_11893,2020-09-03 20:18:00,2020,9,Sep,Thu,20,Night or early morning,30,TRAFFIC SIGNAL,CLEAR,"DARKNESS, LIGHTED ROAD",TURNING,OTHER,DRY,INJURY AND / OR TOW DUE TO CRASH,true,true,"$501 - $1,500",FAILING TO YIELD RIGHT-OF-WAY,2,NONINCAPACITATING INJURY,1,0,41.7839727287,-87.6158625897,60637,"CHICAGO MIDWAY AIRPORT, IL US",74.0,47.0,38.0,0.0,10.0,16.0
crash_11894,2025-10-22 17:45:00,2025,10,Oct,Wed,17,Evening commute,30,NO CONTROLS,CLEAR,DAYLIGHT,FIXED OBJECT,NOT DIVIDED,UNKNOWN,NO INJURY / DRIVE AWAY,,true,"OVER $1,500",UNABLE TO DETERMINE,1,NO INDICATION OF INJURY,0,0,41.9712304997,-87.7279673391,60625,,,,,,,
crash_11895,2023-02-15 08:20:00,2023,2,Feb,Wed,8,Morning commute,30,UNKNOWN,UNKNOWN,UNKNOWN,SIDESWIPE SAME DIRECTION,NOT DIVIDED,UNKNOWN,NO INJURY / DRIVE AWAY,,,"OVER $1,500",UNABLE TO DETERMINE,2,NO INDICATION OF INJURY,0,0,41.8964090815,-87.6531716796,60642,"CHICAGO MIDWAY AIRPORT, IL US",44.0,35.0,71.0,0.0,10.0,25.0
crash_11896,2024-03-31 20:55:00,2024,3,Mar,Sun,20,Night or early morning,25,NO CONTROLS,RAIN,"DARKNESS, LIGHTED ROAD",PARKED MOTOR VEHICLE,ONE-WAY,WET,INJURY AND / OR TOW DUE TO CRASH,,,"OVER $1,500",NOT APPLICABLE,2,NONINCAPACITATING INJURY,1,0,41.7926785446,-87.7929587845,60638,"CHICAGO MIDWAY AIRPORT, IL US",42.0,39.0,89.0,0.09,6.0,15.0
crash_11897,2024-06-16 08:02:00,2024,6,Jun,Sun,8,Morning commute,30,NO CONTROLS,UNKNOWN,UNKNOWN,PARKED MOTOR VEHICLE,NOT DIVIDED,UNKNOWN,NO INJURY / DRIVE AWAY,,true,"OVER $1,500",UNABLE TO DETERMINE,2,NO INDICATION OF INJURY,0,0,41.9378827206,-87.8094034661,60707,"CHICAGO OHARE INTERNATIONAL AIRPORT, IL US",75.0,52.0,45.0,0.0,10.0,15.0
crash_11898,2019-05-29 21:30:00,2019,5,May,Wed,21,Night or early morning,30,NO CONTROLS,CLEAR,DARKNESS,ANGLE,NOT DIVIDED,DRY,NO INJURY / DRIVE AWAY,,true,"OVER $1,500",UNABLE TO DETERMINE,2,NO INDICATION OF INJURY,0,0,41.7853043777,-87.7083267031,60629,"CHICAGO MIDWAY AIRPORT, IL US",61.0,55.0,81.0,0.0,10.0,6.0
crash_11899,2022-10-19 06:40:00,2022,10,Oct,Wed,6,Morning commute,30,TRAFFIC SIGNAL,CLEAR,DAYLIGHT,REAR END,NOT DIVIDED,DRY,NO INJURY / DRIVE AWAY,true,,"$501 - $1,500",FOLLOWING TOO CLOSELY,2,NO INDICATION OF INJURY,0,0,41.7797193844,-87.6543587738,60621,"CHICAGO MIDWAY AIRPORT, IL US",36.0,25.0,64.0,0.0,10.0,11.0
crash_11900,2019-05-31 11:40:00,2019,5,May,Fri,11,Daytime,30,STOP SIGN/FLASHER,CLEAR,DAYLIGHT,SIDESWIPE SAME DIRECTION,NOT DIVIDED,DRY,NO INJURY / DRIVE AWAY,,true,"OVER $1,500",UNABLE TO DETERMINE,2,NO INDICATION OF INJURY,0,0,41.9092018904,-87.7898406003,60707,"CHICAGO OHARE INTERNATIONAL AIRPORT, IL US",77.0,58.0,52.0,0.0,10.0,13.0
crash_11901,2022-08-20 12:54:00,2022,8,Aug,Sat,12,Daytime,30,TRAFFIC SIGNAL,RAIN,DAYLIGHT,REAR END,DIVIDED - W/MEDIAN (NOT RAISED),WET,NO INJURY / DRIVE AWAY,,,"$501 - $1,500",UNABLE TO DETERMINE,2,NO INDICATION OF INJURY,0,0,41.9393287754,-87.717183356,60618,"CHICAGO MIDWAY AIRPORT, IL US",70.0,64.0,82.0,0.1,7.0,15.0
crash_11902,2020-08-10 14:10:00,2020,8,Aug,Mon,14,Daytime,30,TRAFFIC SIGNAL,CLEAR,DAYLIGHT,ANGLE,FOUR WAY,DRY,NO INJURY / DRIVE AWAY,true,,"OVER $1,500",UNABLE TO DETERMINE,2,NO INDICATION OF INJURY,0,0,41.6927421487,-87.6100155361,60628,"CHICAGO MIDWAY AIRPORT, IL US",89.0,73.0,59.0,0.0,10.0,14.0
crash_11903,2019-10-16 10:35:00,2019,10,Oct,Wed,10,Daytime,30,NO CONTROLS,CLEAR,DAYLIGHT,SIDESWIPE SAME DIRECTION,NOT DIVIDED,DRY,NO INJURY / DRIVE AWAY,,,"OVER $1,500",FAILING TO YIELD RIGHT-OF-WAY,2,NO INDICATION OF INJURY,0,0,41.8169350357,-87.6065630973,60653,"CHICAGO MIDWAY AIRPORT, IL US",50.0,36.0,59.0,0.0,10.0,18.0
crash_11904,2022-03-05 08:35:00,2022,3,Mar,Sat,8,Morning commute,30,TRAFFIC SIGNAL,CLEAR,DAYLIGHT,TURNING,DIVIDED - W/MEDIAN (NOT RAISED),DRY,INJURY AND / OR TOW DUE TO CRASH,true,,"OVER $1,500",FAILING TO YIELD RIGHT-OF-WAY,3,"REPORTED, NOT EVIDENT",2,0,41.7496793588,-87.7219783452,60652,"CHICAGO MIDWAY AIRPORT, IL US",52.0,31.0,45.0,0.0,10.0,8.0
crash_11905,2025-10-11 17:30:00,2025,10,Oct,Sat,17,Evening commute,30,NO CONTROLS,CLEAR,DAYLIGHT,REAR END,DIVIDED - W/MEDIAN (NOT RAISED),DRY,NO INJURY / DRIVE AWAY,,,"OVER $1,500",UNABLE TO DETERMINE,2,NO INDICATION OF INJURY,0,0,41.9236888484,-87.7775366067,60639,,,,,,,
crash_11906,2018-10-11 10:17:00,2018,10,Oct,Thu,10,Daytime,30,NO CONTROLS,CLEAR,DAYLIGHT,REAR END,ONE-WAY,DRY,NO INJURY / DRIVE AWAY,,,"OVER $1,500",FOLLOWING TOO CLOSELY,2,NO INDICATION OF INJURY,0,0,41.8831006111,-87.6318257626,60602,"CHICAGO MIDWAY AIRPORT, IL US",46.0,32.0,58.0,,10.0,18.0
crash_11907,2019-05-01 10:05:00,2019,5,May,Wed,10,Daytime,30,TRAFFIC SIGNAL,RAIN,DAYLIGHT,REAR END,DIVIDED - W/MEDIAN (NOT RAISED),WET,NO INJURY / DRIVE AWAY,,true,$500 OR LESS,UNABLE TO DETERMINE,2,NO INDICATION OF INJURY,0,0,41.879430511,-87.6683123823,60612,"CHICAGO MIDWAY AIRPORT, IL US",59.0,59.0,100.0,0.0,10.0,20.0
crash_11908,2019-12-07 07:17:00,2019,12,Dec,Sat,7,Morning commute,35,TRAFFIC SIGNAL,CLEAR,DAYLIGHT,REAR END,ONE-WAY,DRY,NO INJURY / DRIVE AWAY,,true,"OVER $1,500",FOLLOWING TOO CLOSELY,2,NO INDICATION OF INJURY,0,0,41.7934471791,-87.6746165427,60636,"CHICAGO MIDWAY AIRPORT, IL US",28.0,23.0,81.0,0.0,10.0,6.0
crash_11909,2024-05-15 17:45:00,2024,5,May,Wed,17,Evening commute,30,TRAFFIC SIGNAL,CLEAR,DAYLIGHT,ANGLE,CENTER TURN LANE,DRY,NO INJURY / DRIVE AWAY,,true,"OVER $1,500",FAILING TO YIELD RIGHT-OF-WAY,2,NO INDICATION OF INJURY,0,0,41.9102296082,-87.7062300461,60647,"CHICAGO MIDWAY AIRPORT, IL US",68.0,38.0,33.0,0.0,10.0,6.0
crash_11910,2020-09-10 16:45:00,2020,9,Sep,Thu,16,Evening commute,15,NO CONTROLS,CLOUDY/OVERCAST,DAYLIGHT,PARKED MOTOR VEHICLE,PARKING LOT,WET,NO INJURY / DRIVE AWAY,,,"$501 - $1,500",IMPROPER OVERTAKING/PASSING,2,NO INDICATION OF INJURY,0,0,41.696313684,-87.5966322439,60628,"CHICAGO MIDWAY AIRPORT, IL US",63.0,56.0,78.0,0.0,9.0,14.0
crash_11911,2025-05-01 18:00:00,2025,5,May,Thu,18,Evening commute,30,STOP SIGN/FLASHER,CLEAR,DUSK,PARKED MOTOR VEHICLE,DIVIDED - W/MEDIAN BARRIER,DRY,INJURY AND / OR TOW DUE TO CRASH,true,,"OVER $1,500",UNABLE TO DETERMINE,2,NONINCAPACITATING INJURY,2,0,41.7483785501,-87.6635321695,60620,"CHICAGO MIDWAY AIRPORT, IL US",65.0,55.0,70.0,0.0,10.0,13.0
crash_11912,2024-06-29 15:56:00,2024,6,Jun,Sat,15,Evening commute,25,NO CONTROLS,CLEAR,DAYLIGHT,TURNING,OTHER,DRY,INJURY AND / OR TOW DUE TO CRASH,,,"$501 - $1,500",FAILING TO YIELD RIGHT-OF-WAY,2,"REPORTED, NOT EVIDENT",1,0,41.7752781464,-87.5871594167,60637,"CHICAGO MIDWAY AIRPORT, IL US",88.0,67.0,50.0,0.0,10.0,15.0
crash_11913,2019-05-23 10:20:00,2019,5,May,Thu,10,Daytime,30,TRAFFIC SIGNAL,CLEAR,DAYLIGHT,SIDESWIPE SAME DIRECTION,DIVIDED - W/MEDIAN BARRIER,DRY,NO INJURY / DRIVE AWAY,,,"OVER $1,500",IMPROPER LANE USAGE,2,NO INDICATION OF INJURY,0,0,41.8751258946,-87.6667717745,60612,"CHICAGO MIDWAY AIRPORT, IL US",70.0,47.0,44.0,0.0,10.0,18.0
crash_11914,2023-10-24 09:25:00,2023,10,Oct,Tue,9,Morning commute,30,TRAFFIC SIGNAL,CLEAR,DAYLIGHT,SIDESWIPE SAME DIRECTION,DIVIDED - W/MEDIAN (NOT RAISED),DRY,NO INJURY / DRIVE AWAY,,,$500 OR LESS,UNABLE TO DETERMINE,2,NO INDICATION OF INJURY,0,0,41.963574191,-87.6886014587,60625,"CHICAGO OHARE INTERNATIONAL AIRPORT, IL US",69.0,53.0,57.0,0.0,10.0,11.0
crash_11915,2019-03-14 14:44:00,2019,3,Mar,Thu,14,Daytime,30,TRAFFIC SIGNAL,CLOUDY/OVERCAST,DAYLIGHT,TURNING,DIVIDED - W/MEDIAN (NOT RAISED),WET,NO INJURY / DRIVE AWAY,true,,"OVER $1,500",DRIVING SKILLS/KNOWLEDGE/EXPERIENCE,2,NO INDICATION OF INJURY,0,0,41.9249359441,-87.6877902547,60647,"CHICAGO MIDWAY AIRPORT, IL US",63.0,51.0,65.0,0.01,10.0,28.0
crash_11916,2020-11-19 17:15:00,2020,11,Nov,Thu,17,Evening commute,30,NO CONTROLS,CLEAR,"DARKNESS, LIGHTED ROAD",REAR END,NOT DIVIDED,DRY,NO INJURY / DRIVE AWAY,,true,$500 OR LESS,FOLLOWING TOO CLOSELY,2,NO INDICATION OF INJURY,0,0,41.8931876284,-87.6313147202,60654,"CHICAGO MIDWAY AIRPORT, IL US",63.0,33.0,33.0,0.0,10.0,18.0
crash_11917,2023-02-23 22:00:00,2023,2,Feb,Thu,22,Night or early morning,30,STOP SIGN/FLASHER,CLEAR,"DARKNESS, LIGHTED ROAD",ANGLE,FOUR WAY,DRY,NO INJURY / DRIVE AWAY,true,,"OVER $1,500",FAILING TO YIELD RIGHT-OF-WAY,2,NO INDICATION OF INJURY,0,0,41.8854172369,-87.6587097306,60607,"CHICAGO MIDWAY AIRPORT, IL US",26.0,13.0,57.0,0.0,10.0,18.0
crash_11918,2021-08-26 13:40:00,2021,8,Aug,Thu,13,Daytime,30,NO CONTROLS,CLEAR,DAYLIGHT,SIDESWIPE SAME DIRECTION,NOT DIVIDED,DRY,NO INJURY / DRIVE AWAY,,,"OVER $1,500",UNABLE TO DETERMINE,2,NO INDICATION OF INJURY,0,0,41.8233946855,-87.6713586278,60609,"CHICAGO MIDWAY AIRPORT, IL US",88.0,65.0,46.0,0.0,10.0,8.0
crash_11919,2024-11-03 03:21:00,2024,11,Nov,Sun,3,Night or early morning,30,NO CONTROLS,CLEAR,"DARKNESS, LIGHTED ROAD",PARKED MOTOR VEHICLE,DIVIDED - W/MEDIAN (NOT RAISED),DRY,NO INJURY / DRIVE AWAY,false,true,"OVER $1,500",IMPROPER LANE USAGE,4,NO INDICATION OF INJURY,0,0,42.0126587063,-87.6795700696,60626,"CHICAGO OHARE INTERNATIONAL AIRPORT, IL US",51.0,35.0,54.0,0.0,10.0,8.0
crash_11920,2024-03-22 17:55:00,2024,3,Mar,Fri,17,Evening commute,30,NO CONTROLS,SNOW,DAYLIGHT,REAR TO FRONT,ONE-WAY,WET,NO INJURY / DRIVE AWAY,,,"$501 - $1,500",DRIVING SKILLS/KNOWLEDGE/EXPERIENCE,2,NO INDICATION OF INJURY,0,0,,,,,,,,,,
crash_11921,2023-08-02 16:39:00,2023,8,Aug,Wed,16,Evening commute,30,NO CONTROLS,CLEAR,DAYLIGHT,PEDALCYCLIST,ONE-WAY,DRY,INJURY AND / OR TOW DUE TO CRASH,,,"OVER $1,500",FAILING TO YIELD RIGHT-OF-WAY,2,INCAPACITATING INJURY,1,0,41.8885267139,-87.6311913744,60654,"CHICAGO MIDWAY AIRPORT, IL US",83.0,60.0,46.0,0.0,10.0,8.0
crash_11922,2022-05-06 15:00:00,2022,5,May,Fri,15,Evening commute,30,STOP SIGN/FLASHER,UNKNOWN,UNKNOWN,ANGLE,UNKNOWN,UNKNOWN,NO INJURY / DRIVE AWAY,true,,"OVER $1,500",UNABLE TO DETERMINE,2,NO INDICATION OF INJURY,0,0,41.981089965,-87.6685263313,60640,"CHICAGO OHARE INTERNATIONAL AIRPORT, IL US",49.0,46.0,90.0,0.01,2.5,23.0
crash_11923,2023-12-16 16:18:00,2023,12,Dec,Sat,16,Evening commute,30,TRAFFIC SIGNAL,RAIN,DAYLIGHT,PEDESTRIAN,NOT DIVIDED,WET,INJURY AND / OR TOW DUE TO CRASH,,true,"OVER $1,500",FAILING TO YIELD RIGHT-OF-WAY,2,INCAPACITATING INJURY,1,0,41.8906934191,-87.632484407,60654,"CHICAGO MIDWAY AIRPORT, IL US",44.0,40.0,85.0,0.07,6.0,10.0
crash_11924,2023-10-20 19:45:00,2023,10,Oct,Fri,19,Night or early morning,30,TRAFFIC SIGNAL,CLEAR,"DARKNESS, LIGHTED ROAD",TURNING,NOT DIVIDED,DRY,INJURY AND / OR TOW DUE TO CRASH,,true,"OVER $1,500",UNABLE TO DETERMINE,2,"REPORTED, NOT EVIDENT",1,0,41.7723155459,-87.649306067,60621,"CHICAGO MIDWAY AIRPORT, IL US",51.0,40.0,66.0,0.0,10.0,6.0
crash_11925,2025-06-02 09:38:00,2025,6,Jun,Mon,9,Morning commute,30,STOP SIGN/FLASHER,CLEAR,DAYLIGHT,TURNING,DIVIDED - W/MEDIAN (NOT RAISED),UNKNOWN,INJURY AND / OR TOW DUE TO CRASH,,,"OVER $1,500",DISREGARDING STOP SIGN,2,NONINCAPACITATING INJURY,3,0,41.7044728249,-87.5354310059,60617,"CHICAGO MIDWAY AIRPORT, IL US",71.0,36.0,28.0,,10.0,10.0
crash_11926,2019-02-27 16:04:00,2019,2,Feb,Wed,16,Evening commute,35,NO CONTROLS,CLEAR,DAYLIGHT,SIDESWIPE SAME DIRECTION,DIVIDED - W/MEDIAN (NOT RAISED),DRY,NO INJURY / DRIVE AWAY,,true,"$501 - $1,500",FOLLOWING TOO CLOSELY,2,NO INDICATION OF INJURY,0,0,41.8938508258,-87.7209955921,60624,"CHICAGO MIDWAY AIRPORT, IL US",29.0,16.0,58.0,0.0,10.0,13.0
crash_11927,2018-01-16 08:50:00,2018,1,Jan,Tue,8,Morning commute,30,TRAFFIC SIGNAL,SNOW,DAYLIGHT,REAR END,DIVIDED - W/MEDIAN (NOT RAISED),WET,NO INJURY / DRIVE AWAY,,true,"OVER $1,500",FAILING TO REDUCE SPEED TO AVOID CRASH,4,NO INDICATION OF INJURY,0,0,41.9809906541,-87.8373338724,60656,"CHICAGO OHARE INTERNATIONAL AIRPORT, IL US",17.0,12.0,80.0,0.0,7.0,14.0
crash_11928,2024-05-17 18:25:00,2024,5,May,Fri,18,Evening commute,30,NO CONTROLS,CLEAR,"DARKNESS, LIGHTED ROAD",TURNING,NOT DIVIDED,DRY,NO INJURY / DRIVE AWAY,,,"OVER $1,500",UNABLE TO DETERMINE,2,NO INDICATION OF INJURY,0,0,41.7800638379,-87.7033126221,60629,"CHICAGO MIDWAY AIRPORT, IL US",71.0,53.0,53.0,0.0,10.0,10.0
crash_11929,2022-08-25 19:22:00,2022,8,Aug,Thu,19,Night or early morning,30,NO CONTROLS,CLEAR,DARKNESS,ANGLE,OTHER,WET,INJURY AND / OR TOW DUE TO CRASH,,,"OVER $1,500",FAILING TO YIELD RIGHT-OF-WAY,3,NONINCAPACITATING INJURY,1,0,41.9116101514,-87.6399692176,60614,"CHICAGO MIDWAY AIRPORT, IL US",81.0,66.0,61.0,,10.0,7.0
crash_11930,2025-11-25 11:50:00,2025,11,Nov,Tue,11,Daytime,15,NO CONTROLS,RAIN,DAYLIGHT,REAR END,PARKING LOT,WET,NO INJURY / DRIVE AWAY,,true,"$501 - $1,500",UNABLE TO DETERMINE,2,NO INDICATION OF INJURY,0,0,41.7561409352,-87.6831541975,60652,,,,,,,
crash_11931,2024-01-01 02:15:00,2024,1,Jan,Mon,2,Night or early morning,30,NO CONTROLS,CLEAR,DARKNESS,FIXED OBJECT,DIVIDED - W/MEDIAN (NOT RAISED),UNKNOWN,NO INJURY / DRIVE AWAY,,,"$501 - $1,500",NOT APPLICABLE,1,NO INDICATION OF INJURY,0,0,41.8527970965,-87.6432930778,60616,"CHICAGO MIDWAY AIRPORT, IL US",34.0,27.0,75.0,0.0,8.0,14.0
crash_11932,2018-07-28 04:03:00,2018,7,Jul,Sat,4,Night or early morning,30,STOP SIGN/FLASHER,CLEAR,"DARKNESS, LIGHTED ROAD",ANGLE,NOT DIVIDED,DRY,INJURY AND / OR TOW DUE TO CRASH,true,,"OVER $1,500",DISREGARDING STOP SIGN,2,NO INDICATION OF INJURY,0,0,41.7930582295,-87.7294326612,60629,"CHICAGO MIDWAY AIRPORT, IL US",63.0,55.0,75.0,0.0,10.0,3.0
crash_11933,2018-12-20 09:25:00,2018,12,Dec,Thu,9,Morning commute,30,NO CONTROLS,CLEAR,DAYLIGHT,TURNING,NOT DIVIDED,DRY,NO INJURY / DRIVE AWAY,,,"OVER $1,500",IMPROPER TURNING/NO SIGNAL,2,NO INDICATION OF INJURY,0,0,41.8726454871,-87.7204810231,60624,"CHICAGO MIDWAY AIRPORT, IL US",46.0,43.0,87.0,,8.0,7.0
crash_11934,2022-04-17 12:25:00,2022,4,Apr,Sun,12,Daytime,30,NO CONTROLS,CLEAR,DAYLIGHT,SIDESWIPE SAME DIRECTION,NOT DIVIDED,DRY,NO INJURY / DRIVE AWAY,,true,"OVER $1,500",FOLLOWING TOO CLOSELY,2,NO INDICATION OF INJURY,0,0,41.8769232356,-87.7352011019,60624,"CHICAGO MIDWAY AIRPORT, IL US",42.0,24.0,49.0,0.0,10.0,10.0
crash_11935,2019-05-22 08:30:00,2019,5,May,Wed,8,Morning commute,30,UNKNOWN,UNKNOWN,DAYLIGHT,SIDESWIPE SAME DIRECTION,NOT DIVIDED,OTHER,NO INJURY / DRIVE AWAY,,,"$501 - $1,500",UNABLE TO DETERMINE,2,NO INDICATION OF INJURY,0,0,41.7859890915,-87.7284648592,60629,"CHICAGO MIDWAY AIRPORT, IL US",62.0,58.0,86.0,,10.0,11.0
crash_11936,2020-04-06 12:20:00,2020,4,Apr,Mon,12,Daytime,30,NO CONTROLS,CLEAR,DAYLIGHT,REAR END,DIVIDED - W/MEDIAN (NOT RAISED),DRY,NO INJURY / DRIVE AWAY,,,$500 OR LESS,FOLLOWING TOO CLOSELY,3,NO INDICATION OF INJURY,0,0,41.9045200777,-87.6327959512,60610,"CHICAGO MIDWAY AIRPORT, IL US",59.0,38.0,46.0,0.0,10.0,11.0
crash_11937,2023-06-04 12:29:00,2023,6,Jun,Sun,12,Daytime,30,NO CONTROLS,CLEAR,DAYLIGHT,REAR END,NOT DIVIDED,DRY,NO INJURY / DRIVE AWAY,,,"$501 - $1,500",FOLLOWING TOO CLOSELY,2,NO INDICATION OF INJURY,0,0,41.8968167431,-87.7457054087,60651,"CHICAGO MIDWAY AIRPORT, IL US",76.0,35.0,23.0,0.0,10.0,13.0
crash_11938,2019-11-12 07:50:00,2019,11,Nov,Tue,7,Morning commute,35,NO CONTROLS,CLEAR,DAYLIGHT,REAR END,NOT DIVIDED,UNKNOWN,NO INJURY / DRIVE AWAY,,true,"OVER $1,500",FOLLOWING TOO CLOSELY,2,NO INDICATION OF INJURY,0,0,41.6758965588,-87.6419907812,60643,"CHICAGO MIDWAY AIRPORT, IL US",10.0,0.0,63.0,0.0,10.0,11.0
crash_11939,2023-02-01 11:00:00,2023,2,Feb,Wed,11,Daytime,30,NO CONTROLS,CLEAR,DAYLIGHT,PARKED MOTOR VEHICLE,NOT DIVIDED,DRY,NO INJURY / DRIVE AWAY,,true,"OVER $1,500",IMPROPER LANE USAGE,3,NO INDICATION OF INJURY,0,0,42.0011325207,-87.6706216655,60626,"CHICAGO OHARE INTERNATIONAL AIRPORT, IL US",20.0,2.0,45.0,0.0,10.0,13.0