crash_id,crash_datetime,crash_year,crash_month,crash_month_name,crash_weekday_name,crash_hour,time_period,posted_speed_limit_mph,traffic_control_device,reported_weather_condition,reported_lighting_condition,first_crash_type,trafficway_type,reported_road_surface_condition,crash_type,intersection_related,hit_and_run,estimated_damage,primary_contributory_cause,unit_count,most_severe_injury,injuries_total,injuries_fatal,latitude,longitude,zip5,weather_station_name,temperature_f,dew_point_f,relative_humidity_percent,precipitation_inches,visibility_miles,wind_speed_mph
crash_11940,2024-04-30 17:27:00,2024,4,Apr,Tue,17,Evening commute,30,TRAFFIC SIGNAL,CLEAR,DAWN,REAR END,NOT DIVIDED,DRY,NO INJURY / DRIVE AWAY,,,"OVER $1,500",UNABLE TO DETERMINE,2,NO INDICATION OF INJURY,0,0,41.8088458924,-87.6551224796,60609,"CHICAGO MIDWAY AIRPORT, IL US",75.0,51.0,43.0,0.0,10.0,8.0
crash_11941,2022-11-18 20:00:00,2022,11,Nov,Fri,20,Night or early morning,35,UNKNOWN,UNKNOWN,UNKNOWN,REAR END,UNKNOWN,UNKNOWN,NO INJURY / DRIVE AWAY,,,"OVER $1,500",UNABLE TO DETERMINE,2,NO INDICATION OF INJURY,0,0,41.8096085752,-87.7237950428,60632,"CHICAGO MIDWAY AIRPORT, IL US",21.0,12.0,68.0,0.0,10.0,20.0
crash_11942,2022-06-08 12:30:00,2022,6,Jun,Wed,12,Daytime,30,NO CONTROLS,RAIN,DAYLIGHT,PARKED MOTOR VEHICLE,NOT DIVIDED,WET,NO INJURY / DRIVE AWAY,,true,"$501 - $1,500",IMPROPER BACKING,2,NO INDICATION OF INJURY,0,0,41.9102827867,-87.7018837401,60647,"CHICAGO MIDWAY AIRPORT, IL US",68.0,54.0,61.0,0.01,10.0,7.0
crash_11943,2020-07-06 12:00:00,2020,7,Jul,Mon,12,Daytime,15,STOP SIGN/FLASHER,CLEAR,DAYLIGHT,SIDESWIPE SAME DIRECTION,NOT DIVIDED,DRY,NO INJURY / DRIVE AWAY,,,"OVER $1,500",FAILING TO YIELD RIGHT-OF-WAY,2,NO INDICATION OF INJURY,0,0,41.8484241664,-87.6734377084,60608,"CHICAGO MIDWAY AIRPORT, IL US",90.0,61.0,38.0,0.0,10.0,0.0
crash_11944,2023-03-04 16:50:00,2023,3,Mar,Sat,16,Evening commute,30,UNKNOWN,UNKNOWN,UNKNOWN,PARKED MOTOR VEHICLE,UNKNOWN,UNKNOWN,NO INJURY / DRIVE AWAY,,true,"OVER $1,500",UNABLE TO DETERMINE,2,NO INDICATION OF INJURY,0,0,41.9421508108,-87.7640478863,60641,"CHICAGO OHARE INTERNATIONAL AIRPORT, IL US",45.0,37.0,76.0,,9.0,9.0
crash_11945,2024-06-24 16:00:00,2024,6,Jun,Mon,16,Evening commute,10,NO CONTROLS,CLEAR,DAYLIGHT,PARKED MOTOR VEHICLE,PARKING LOT,DRY,NO INJURY / DRIVE AWAY,,true,"OVER $1,500",UNABLE TO DETERMINE,2,NO INDICATION OF INJURY,0,0,41.8889398261,-87.6427988876,60661,"CHICAGO MIDWAY AIRPORT, IL US",84.0,61.0,46.0,0.0,10.0,11.0
crash_11946,2021-07-19 05:43:00,2021,7,Jul,Mon,5,Night or early morning,30,NO CONTROLS,CLEAR,"DARKNESS, LIGHTED ROAD",SIDESWIPE OPPOSITE DIRECTION,ONE-WAY,DRY,NO INJURY / DRIVE AWAY,,,$500 OR LESS,DRIVING ON WRONG SIDE/WRONG WAY,2,NO INDICATION OF INJURY,0,0,41.9009939219,-87.7218918391,60651,"CHICAGO MIDWAY AIRPORT, IL US",67.0,60.0,79.0,0.0,10.0,0.0
crash_11947,2025-09-27 12:45:00,2025,9,Sep,Sat,12,Daytime,35,UNKNOWN,CLEAR,DAYLIGHT,SIDESWIPE SAME DIRECTION,FOUR WAY,DRY,NO INJURY / DRIVE AWAY,true,,"OVER $1,500",IMPROPER OVERTAKING/PASSING,2,NO INDICATION OF INJURY,0,0,41.7514606032,-87.585971993,60619,,,,,,,
crash_11948,2024-01-15 16:27:00,2024,1,Jan,Mon,16,Evening commute,30,TRAFFIC SIGNAL,CLEAR,DAYLIGHT,SIDESWIPE SAME DIRECTION,DIVIDED - W/MEDIAN BARRIER,UNKNOWN,NO INJURY / DRIVE AWAY,,,"$501 - $1,500",IMPROPER LANE USAGE,2,NO INDICATION OF INJURY,0,0,41.9130026841,-87.6327668847,60614,"CHICAGO MIDWAY AIRPORT, IL US",0.0,-10.0,62.0,0.0,10.0,13.0
crash_11949,2019-04-22 16:45:00,2019,4,Apr,Mon,16,Evening commute,30,TRAFFIC SIGNAL,CLEAR,DAYLIGHT,REAR END,NOT DIVIDED,DRY,NO INJURY / DRIVE AWAY,true,true,"$501 - $1,500",UNABLE TO DETERMINE,2,NO INDICATION OF INJURY,0,0,41.8957962445,-87.6549535956,60642,"CHICAGO MIDWAY AIRPORT, IL US",79.0,50.0,36.0,0.0,10.0,23.0
crash_11950,2021-12-09 16:37:00,2021,12,Dec,Thu,16,Evening commute,30,TRAFFIC SIGNAL,CLEAR,"DARKNESS, LIGHTED ROAD",REAR END,FOUR WAY,DRY,INJURY AND / OR TOW DUE TO CRASH,true,true,"OVER $1,500",FAILING TO REDUCE SPEED TO AVOID CRASH,2,NONINCAPACITATING INJURY,1,0,41.7932935692,-87.7233091848,60632,"CHICAGO MIDWAY AIRPORT, IL US",46.0,31.0,56.0,0.0,10.0,5.0
crash_11951,2020-01-05 12:38:00,2020,1,Jan,Sun,12,Daytime,20,STOP SIGN/FLASHER,CLEAR,DAYLIGHT,TURNING,FOUR WAY,DRY,INJURY AND / OR TOW DUE TO CRASH,true,,"$501 - $1,500",IMPROPER OVERTAKING/PASSING,2,NONINCAPACITATING INJURY,1,0,41.6988466831,-87.7097516769,60655,"CHICAGO MIDWAY AIRPORT, IL US",41.0,27.0,57.0,0.0,10.0,21.0
crash_11952,2021-08-15 16:30:00,2021,8,Aug,Sun,16,Evening commute,30,TRAFFIC SIGNAL,CLEAR,DAYLIGHT,SIDESWIPE SAME DIRECTION,NOT DIVIDED,DRY,NO INJURY / DRIVE AWAY,,,$500 OR LESS,IMPROPER OVERTAKING/PASSING,2,NO INDICATION OF INJURY,0,0,41.7687496714,-87.6640594139,60636,"CHICAGO MIDWAY AIRPORT, IL US",78.0,52.0,40.0,0.0,10.0,10.0
crash_11953,2020-04-18 10:20:00,2020,4,Apr,Sat,10,Daytime,30,NO CONTROLS,CLEAR,DAYLIGHT,TURNING,ONE-WAY,DRY,NO INJURY / DRIVE AWAY,,,"$501 - $1,500",UNABLE TO DETERMINE,2,NO INDICATION OF INJURY,0,0,41.7545043074,-87.6244958508,60619,"CHICAGO MIDWAY AIRPORT, IL US",44.0,32.0,63.0,0.0,10.0,13.0
crash_11954,2022-10-22 16:30:00,2022,10,Oct,Sat,16,Evening commute,30,NO CONTROLS,CLEAR,DAYLIGHT,REAR TO FRONT,PARKING LOT,DRY,NO INJURY / DRIVE AWAY,,,"$501 - $1,500",NOT APPLICABLE,2,NO INDICATION OF INJURY,0,0,41.764268246,-87.7033825478,60629,"CHICAGO MIDWAY AIRPORT, IL US",81.0,50.0,34.0,0.0,10.0,15.0
crash_11955,2024-07-09 15:00:00,2024,7,Jul,Tue,15,Evening commute,30,NO CONTROLS,CLEAR,DAYLIGHT,PARKED MOTOR VEHICLE,ONE-WAY,WET,NO INJURY / DRIVE AWAY,,true,"OVER $1,500",UNABLE TO DETERMINE,2,NO INDICATION OF INJURY,0,0,41.7816328931,-87.6872264097,60629,"CHICAGO MIDWAY AIRPORT, IL US",78.0,69.0,74.0,0.0,10.0,3.0
crash_11956,2023-07-15 12:15:00,2023,7,Jul,Sat,12,Daytime,30,NO CONTROLS,CLEAR,DAYLIGHT,SIDESWIPE SAME DIRECTION,NOT DIVIDED,DRY,NO INJURY / DRIVE AWAY,,true,"OVER $1,500",IMPROPER LANE USAGE,2,NO INDICATION OF INJURY,0,0,41.7361033523,-87.6491427834,60620,"CHICAGO MIDWAY AIRPORT, IL US",81.0,66.0,61.0,,10.0,10.0
crash_11957,2020-06-15 01:00:00,2020,6,Jun,Mon,1,Night or early morning,30,NO CONTROLS,CLEAR,"DARKNESS, LIGHTED ROAD",PARKED MOTOR VEHICLE,PARKING LOT,DRY,NO INJURY / DRIVE AWAY,,true,"$501 - $1,500",NOT APPLICABLE,2,NO INDICATION OF INJURY,0,0,41.7635141444,-87.6454361146,60621,"CHICAGO MIDWAY AIRPORT, IL US",59.0,46.0,62.0,0.0,10.0,8.0
crash_11958,2019-12-06 07:52:00,2019,12,Dec,Fri,7,Morning commute,15,NO CONTROLS,CLOUDY/OVERCAST,DAYLIGHT,REAR TO SIDE,ALLEY,DRY,NO INJURY / DRIVE AWAY,,,"$501 - $1,500",IMPROPER BACKING,2,NO INDICATION OF INJURY,0,0,41.9520894068,-87.7699089024,60634,"CHICAGO OHARE INTERNATIONAL AIRPORT, IL US",32.0,25.0,75.0,0.0,10.0,16.0
crash_11959,2018-08-10 17:25:00,2018,8,Aug,Fri,17,Evening commute,30,STOP SIGN/FLASHER,CLEAR,DAYLIGHT,TURNING,NOT DIVIDED,DRY,INJURY AND / OR TOW DUE TO CRASH,,,"OVER $1,500",FAILING TO YIELD RIGHT-OF-WAY,2,NO INDICATION OF INJURY,0,0,41.9679160536,-87.7650803435,60630,"CHICAGO OHARE INTERNATIONAL AIRPORT, IL US",80.0,65.0,60.0,0.0,10.0,16.0
crash_11960,2022-03-18 19:50:00,2022,3,Mar,Fri,19,Night or early morning,30,NO CONTROLS,RAIN,DARKNESS,SIDESWIPE SAME DIRECTION,NOT DIVIDED,WET,NO INJURY / DRIVE AWAY,,true,"$501 - $1,500",FAILING TO YIELD RIGHT-OF-WAY,2,NO INDICATION OF INJURY,0,0,41.7375934619,-87.543009124,60617,"CHICAGO MIDWAY AIRPORT, IL US",43.0,41.0,93.0,0.02,5.0,13.0
crash_11961,2022-08-30 11:25:00,2022,8,Aug,Tue,11,Daytime,30,NO CONTROLS,CLEAR,DAYLIGHT,PARKED MOTOR VEHICLE,NOT DIVIDED,DRY,NO INJURY / DRIVE AWAY,,,"OVER $1,500",UNABLE TO DETERMINE,2,NO INDICATION OF INJURY,0,0,41.9132229315,-87.7593220772,60639,"CHICAGO MIDWAY AIRPORT, IL US",81.0,56.0,42.0,,10.0,11.0
crash_11962,2024-09-30 13:15:00,2024,9,Sep,Mon,13,Daytime,30,NO CONTROLS,CLEAR,DAYLIGHT,PARKED MOTOR VEHICLE,NOT DIVIDED,DRY,INJURY AND / OR TOW DUE TO CRASH,,,"OVER $1,500",IMPROPER OVERTAKING/PASSING,2,"REPORTED, NOT EVIDENT",1,0,41.7290752371,-87.5513783961,60617,"CHICAGO MIDWAY AIRPORT, IL US",76.0,62.0,62.0,0.0,10.0,8.0
crash_11963,2019-10-07 16:45:00,2019,10,Oct,Mon,16,Evening commute,30,NO CONTROLS,CLEAR,DAYLIGHT,TURNING,NOT DIVIDED,DRY,INJURY AND / OR TOW DUE TO CRASH,,,"OVER $1,500",UNABLE TO DETERMINE,2,NONINCAPACITATING INJURY,2,0,41.8394423123,-87.6622526176,60608,"CHICAGO MIDWAY AIRPORT, IL US",69.0,39.0,33.0,0.0,10.0,7.0
crash_11964,2024-08-13 14:10:00,2024,8,Aug,Tue,14,Daytime,30,TRAFFIC SIGNAL,CLEAR,DAYLIGHT,REAR END,NOT DIVIDED,DRY,NO INJURY / DRIVE AWAY,,,"OVER $1,500",FAILING TO REDUCE SPEED TO AVOID CRASH,2,NO INDICATION OF INJURY,0,0,41.794545367,-87.6550269041,60609,"CHICAGO MIDWAY AIRPORT, IL US",84.0,57.0,40.0,0.0,10.0,6.0
crash_11965,2022-06-25 16:23:00,2022,6,Jun,Sat,16,Evening commute,30,TRAFFIC SIGNAL,RAIN,DAYLIGHT,REAR END,DIVIDED - W/MEDIAN (NOT RAISED),DRY,NO INJURY / DRIVE AWAY,,,$500 OR LESS,DISTRACTION - FROM INSIDE VEHICLE,2,NO INDICATION OF INJURY,0,0,41.8871583899,-87.647664311,60607,"CHICAGO MIDWAY AIRPORT, IL US",81.0,62.0,53.0,0.0,10.0,13.0
crash_11966,2022-12-22 15:00:00,2022,12,Dec,Thu,15,Evening commute,35,NO CONTROLS,SNOW,DAYLIGHT,PARKED MOTOR VEHICLE,PARKING LOT,SNOW OR SLUSH,NO INJURY / DRIVE AWAY,,,"OVER $1,500",UNABLE TO DETERMINE,2,NO INDICATION OF INJURY,0,0,41.779198245,-87.7950500644,60638,"CHICAGO MIDWAY AIRPORT, IL US",16.0,11.0,80.0,0.0,0.5,15.0
crash_11967,2020-08-20 12:30:00,2020,8,Aug,Thu,12,Daytime,30,NO CONTROLS,CLEAR,DAYLIGHT,PARKED MOTOR VEHICLE,PARKING LOT,DRY,NO INJURY / DRIVE AWAY,,,"$501 - $1,500",UNABLE TO DETERMINE,2,NO INDICATION OF INJURY,0,0,41.8148397375,-87.7027930502,60632,"CHICAGO MIDWAY AIRPORT, IL US",82.0,51.0,34.0,0.0,10.0,7.0
crash_11968,2021-02-20 02:17:00,2021,2,Feb,Sat,2,Night or early morning,30,NO CONTROLS,SNOW,"DARKNESS, LIGHTED ROAD",PARKED MOTOR VEHICLE,ONE-WAY,SNOW OR SLUSH,INJURY AND / OR TOW DUE TO CRASH,,,"OVER $1,500",NOT APPLICABLE,2,NO INDICATION OF INJURY,0,0,41.6747334674,-87.6323260909,60628,"CHICAGO MIDWAY AIRPORT, IL US",9.0,4.0,80.0,0.0,7.0,3.0
crash_11969,2022-08-11 23:45:00,2022,8,Aug,Thu,23,Night or early morning,15,NO CONTROLS,UNKNOWN,UNKNOWN,PARKED MOTOR VEHICLE,PARKING LOT,UNKNOWN,NO INJURY / DRIVE AWAY,,true,"OVER $1,500",UNABLE TO DETERMINE,2,NO INDICATION OF INJURY,0,0,41.9821898846,-87.668651628,60640,"CHICAGO OHARE INTERNATIONAL AIRPORT, IL US",64.0,52.0,65.0,0.0,10.0,7.0
crash_11970,2018-05-29 11:53:00,2018,5,May,Tue,11,Daytime,15,NO CONTROLS,CLEAR,DAYLIGHT,PARKED MOTOR VEHICLE,NOT DIVIDED,DRY,NO INJURY / DRIVE AWAY,,,"$501 - $1,500",FAILING TO REDUCE SPEED TO AVOID CRASH,2,NO INDICATION OF INJURY,0,0,41.9245080534,-87.6382228877,60614,"CHICAGO MIDWAY AIRPORT, IL US",80.0,62.0,54.0,0.0,10.0,6.0
crash_11971,2021-09-15 09:40:00,2021,9,Sep,Wed,9,Morning commute,25,NO CONTROLS,CLEAR,DAYLIGHT,SIDESWIPE SAME DIRECTION,NOT DIVIDED,DRY,NO INJURY / DRIVE AWAY,,,"OVER $1,500",UNABLE TO DETERMINE,2,NO INDICATION OF INJURY,0,0,41.8522716898,-87.6634883893,60608,"CHICAGO MIDWAY AIRPORT, IL US",72.0,49.0,44.0,0.0,10.0,7.0
crash_11972,2019-05-11 19:00:00,2019,5,May,Sat,19,Night or early morning,30,TRAFFIC SIGNAL,CLEAR,"DARKNESS, LIGHTED ROAD",REAR END,NOT DIVIDED,DRY,NO INJURY / DRIVE AWAY,,,"$501 - $1,500",FOLLOWING TOO CLOSELY,2,NO INDICATION OF INJURY,0,0,41.9976415581,-87.6897328878,60659,"CHICAGO OHARE INTERNATIONAL AIRPORT, IL US",45.0,39.0,80.0,0.0,10.0,11.0
crash_11973,2019-01-05 13:15:00,2019,1,Jan,Sat,13,Daytime,30,NO CONTROLS,CLEAR,DAYLIGHT,PARKED MOTOR VEHICLE,NOT DIVIDED,DRY,NO INJURY / DRIVE AWAY,,,$500 OR LESS,IMPROPER BACKING,2,NO INDICATION OF INJURY,0,0,41.8960467124,-87.6310875109,60654,"CHICAGO MIDWAY AIRPORT, IL US",49.0,36.0,61.0,0.0,10.0,14.0
crash_11974,2023-02-08 10:40:00,2023,2,Feb,Wed,10,Daytime,30,UNKNOWN,CLEAR,DAYLIGHT,SIDESWIPE SAME DIRECTION,NOT DIVIDED,DRY,NO INJURY / DRIVE AWAY,,,$500 OR LESS,NOT APPLICABLE,2,NO INDICATION OF INJURY,0,0,,,,,,,,,,
crash_11975,2022-11-04 11:00:00,2022,11,Nov,Fri,11,Daytime,25,NO CONTROLS,CLEAR,UNKNOWN,PARKED MOTOR VEHICLE,ONE-WAY,UNKNOWN,INJURY AND / OR TOW DUE TO CRASH,,true,"OVER $1,500",IMPROPER LANE USAGE,2,NO INDICATION OF INJURY,0,0,41.7956373204,-87.5897399474,60615,"CHICAGO MIDWAY AIRPORT, IL US",67.0,52.0,59.0,0.0,10.0,11.0
crash_11976,2021-02-10 17:10:00,2021,2,Feb,Wed,17,Evening commute,30,NO CONTROLS,CLEAR,DAYLIGHT,TURNING,NOT DIVIDED,SNOW OR SLUSH,NO INJURY / DRIVE AWAY,,,"$501 - $1,500",FOLLOWING TOO CLOSELY,2,NO INDICATION OF INJURY,0,0,42.0014569725,-87.6901261794,60645,"CHICAGO OHARE INTERNATIONAL AIRPORT, IL US",15.0,-2.0,46.0,0.0,10.0,9.0
crash_11977,2022-01-18 08:15:00,2022,1,Jan,Tue,8,Morning commute,25,NO CONTROLS,CLEAR,DARKNESS,PARKED MOTOR VEHICLE,NOT DIVIDED,DRY,NO INJURY / DRIVE AWAY,,true,"OVER $1,500",UNABLE TO DETERMINE,2,NO INDICATION OF INJURY,0,0,41.9943552632,-87.680896192,60659,"CHICAGO OHARE INTERNATIONAL AIRPORT, IL US",23.0,18.0,81.0,0.0,10.0,10.0
crash_11978,2025-12-23 19:28:00,2025,12,Dec,Tue,19,Night or early morning,15,NO CONTROLS,CLEAR,"DARKNESS, LIGHTED ROAD",PARKED MOTOR VEHICLE,OTHER,DRY,NO INJURY / DRIVE AWAY,,,"OVER $1,500",EQUIPMENT - VEHICLE CONDITION,3,NO INDICATION OF INJURY,0,0,41.866213019,-87.7127816493,60623,,,,,,,
crash_11979,2020-02-03 14:00:00,2020,2,Feb,Mon,14,Daytime,30,NO CONTROLS,CLEAR,DAYLIGHT,PARKED MOTOR VEHICLE,ONE-WAY,DRY,NO INJURY / DRIVE AWAY,,true,"OVER $1,500",UNABLE TO DETERMINE,2,NO INDICATION OF INJURY,0,0,41.7706934549,-87.6201030103,60637,"CHICAGO MIDWAY AIRPORT, IL US",45.0,35.0,68.0,0.0,10.0,14.0
crash_11980,2020-08-22 15:20:00,2020,8,Aug,Sat,15,Evening commute,30,TRAFFIC SIGNAL,CLEAR,DAYLIGHT,TURNING,CENTER TURN LANE,DRY,INJURY AND / OR TOW DUE TO CRASH,true,,"$501 - $1,500",IMPROPER TURNING/NO SIGNAL,2,NO INDICATION OF INJURY,0,0,41.8809088035,-87.7059740792,60612,"CHICAGO MIDWAY AIRPORT, IL US",87.0,56.0,35.0,0.0,10.0,15.0
crash_11981,2025-12-04 15:53:00,2025,12,Dec,Thu,15,Evening commute,25,NO CONTROLS,CLEAR,DUSK,FIXED OBJECT,NOT DIVIDED,ICE,INJURY AND / OR TOW DUE TO CRASH,,,"OVER $1,500",WEATHER,1,NO INDICATION OF INJURY,0,0,41.7378100726,-87.6742018327,60620,,,,,,,
crash_11982,2022-03-27 14:10:00,2022,3,Mar,Sun,14,Daytime,30,NO CONTROLS,CLEAR,DAYLIGHT,REAR END,NOT DIVIDED,DRY,NO INJURY / DRIVE AWAY,,true,"$501 - $1,500",IMPROPER BACKING,2,NO INDICATION OF INJURY,0,0,41.7147347104,-87.6516183819,60643,"CHICAGO MIDWAY AIRPORT, IL US",34.0,9.0,35.0,0.0,10.0,7.0
crash_11983,2022-08-05 18:00:00,2022,8,Aug,Fri,18,Evening commute,25,NO CONTROLS,CLEAR,DAYLIGHT,PARKED MOTOR VEHICLE,NOT DIVIDED,DRY,NO INJURY / DRIVE AWAY,,,$500 OR LESS,UNABLE TO DETERMINE,2,NO INDICATION OF INJURY,0,0,41.8717175481,-87.6243127769,60605,"CHICAGO MIDWAY AIRPORT, IL US",88.0,71.0,57.0,0.0,10.0,5.0
crash_11984,2021-12-13 18:30:00,2021,12,Dec,Mon,18,Evening commute,30,TRAFFIC SIGNAL,CLEAR,"DARKNESS, LIGHTED ROAD",SIDESWIPE SAME DIRECTION,FOUR WAY,DRY,NO INJURY / DRIVE AWAY,true,,"OVER $1,500",IMPROPER OVERTAKING/PASSING,2,NO INDICATION OF INJURY,0,0,41.9691335605,-87.6597433643,60640,"CHICAGO MIDWAY AIRPORT, IL US",46.0,30.0,54.0,0.0,10.0,6.0
crash_11985,2023-05-23 18:02:00,2023,5,May,Tue,18,Evening commute,30,NO CONTROLS,CLEAR,DAYLIGHT,PEDALCYCLIST,NOT DIVIDED,DRY,INJURY AND / OR TOW DUE TO CRASH,,,"$501 - $1,500",UNABLE TO DETERMINE,2,INCAPACITATING INJURY,1,0,41.8318186027,-87.645984415,60616,"CHICAGO MIDWAY AIRPORT, IL US",80.0,41.0,25.0,0.0,10.0,14.0
crash_11986,2023-05-27 13:40:00,2023,5,May,Sat,13,Daytime,30,NO CONTROLS,CLEAR,DAYLIGHT,PARKED MOTOR VEHICLE,ONE-WAY,DRY,NO INJURY / DRIVE AWAY,,,"OVER $1,500",NOT APPLICABLE,2,NO INDICATION OF INJURY,0,0,41.7652714928,-87.7029549653,60629,"CHICAGO MIDWAY AIRPORT, IL US",71.0,32.0,24.0,0.0,10.0,14.0
crash_11987,2022-10-13 22:14:00,2022,10,Oct,Thu,22,Night or early morning,30,NO CONTROLS,CLEAR,"DARKNESS, LIGHTED ROAD",TURNING,DIVIDED - W/MEDIAN (NOT RAISED),DRY,NO INJURY / DRIVE AWAY,,true,"OVER $1,500",UNABLE TO DETERMINE,2,NO INDICATION OF INJURY,0,0,41.7932263469,-87.732735679,60632,"CHICAGO MIDWAY AIRPORT, IL US",43.0,27.0,53.0,0.0,10.0,6.0
crash_11988,2020-12-31 00:43:00,2020,12,Dec,Thu,0,Night or early morning,30,NO CONTROLS,CLEAR,"DARKNESS, LIGHTED ROAD",FIXED OBJECT,NOT DIVIDED,ICE,INJURY AND / OR TOW DUE TO CRASH,,,"OVER $1,500",FAILING TO REDUCE SPEED TO AVOID CRASH,1,NONINCAPACITATING INJURY,1,0,41.9819592011,-87.7864722601,60630,"CHICAGO OHARE INTERNATIONAL AIRPORT, IL US",26.0,16.0,66.0,0.0,10.0,8.0
crash_11989,2023-01-31 11:40:00,2023,1,Jan,Tue,11,Daytime,30,STOP SIGN/FLASHER,CLEAR,DAYLIGHT,TURNING,T-INTERSECTION,DRY,NO INJURY / DRIVE AWAY,true,,"OVER $1,500",FAILING TO YIELD RIGHT-OF-WAY,2,NO INDICATION OF INJURY,0,0,41.8539227861,-87.6466759794,60608,"CHICAGO MIDWAY AIRPORT, IL US",12.0,-5.0,46.0,0.0,10.0,11.0
crash_11990,2019-02-08 08:59:00,2019,2,Feb,Fri,8,Morning commute,30,UNKNOWN,CLEAR,DAYLIGHT,TURNING,CENTER TURN LANE,UNKNOWN,NO INJURY / DRIVE AWAY,,,"OVER $1,500",IMPROPER TURNING/NO SIGNAL,2,NO INDICATION OF INJURY,0,0,41.7366015585,-87.6049681002,60619,"CHICAGO MIDWAY AIRPORT, IL US",7.0,-2.0,66.0,0.0,10.0,22.0
crash_11991,2023-06-03 17:00:00,2023,6,Jun,Sat,17,Evening commute,25,NO CONTROLS,CLEAR,DAYLIGHT,ANGLE,NOT DIVIDED,DRY,NO INJURY / DRIVE AWAY,,,"OVER $1,500",FAILING TO YIELD RIGHT-OF-WAY,2,NO INDICATION OF INJURY,0,0,41.8702988327,-87.7365924467,60624,"CHICAGO MIDWAY AIRPORT, IL US",85.0,51.0,31.0,0.0,10.0,15.0
crash_11992,2020-06-08 09:45:00,2020,6,Jun,Mon,9,Morning commute,35,TRAFFIC SIGNAL,CLEAR,DAYLIGHT,SIDESWIPE SAME DIRECTION,DIVIDED - W/MEDIAN (NOT RAISED),DRY,NO INJURY / DRIVE AWAY,true,,"OVER $1,500",IMPROPER OVERTAKING/PASSING,2,NO INDICATION OF INJURY,0,0,41.8196967621,-87.6953321134,60632,"CHICAGO MIDWAY AIRPORT, IL US",80.0,50.0,35.0,0.0,10.0,13.0
crash_11993,2020-01-21 14:30:00,2020,1,Jan,Tue,14,Daytime,30,STOP SIGN/FLASHER,CLEAR,DAYLIGHT,TURNING,NOT DIVIDED,DRY,NO INJURY / DRIVE AWAY,true,,"$501 - $1,500",FAILING TO YIELD RIGHT-OF-WAY,2,NO INDICATION OF INJURY,0,0,41.8962261353,-87.6511551495,60642,"CHICAGO MIDWAY AIRPORT, IL US",30.0,18.0,61.0,0.0,10.0,11.0
crash_11994,2021-10-20 17:00:00,2021,10,Oct,Wed,17,Evening commute,30,NO CONTROLS,CLEAR,DAYLIGHT,ANGLE,NOT DIVIDED,DRY,INJURY AND / OR TOW DUE TO CRASH,,,"$501 - $1,500",FAILING TO YIELD RIGHT-OF-WAY,2,NONINCAPACITATING INJURY,1,0,41.9078508437,-87.7361378952,60651,"CHICAGO MIDWAY AIRPORT, IL US",72.0,47.0,41.0,0.0,10.0,7.0
crash_11995,2022-01-30 17:30:00,2022,1,Jan,Sun,17,Evening commute,25,TRAFFIC SIGNAL,UNKNOWN,UNKNOWN,TURNING,NOT DIVIDED,UNKNOWN,NO INJURY / DRIVE AWAY,,,"OVER $1,500",NOT APPLICABLE,2,NO INDICATION OF INJURY,0,0,41.7653985858,-87.6266955007,60621,"CHICAGO MIDWAY AIRPORT, IL US",30.0,17.0,58.0,0.0,10.0,6.0
crash_11996,2024-05-09 20:40:00,2024,5,May,Thu,20,Night or early morning,30,TRAFFIC SIGNAL,CLEAR,"DARKNESS, LIGHTED ROAD",ANGLE,NOT DIVIDED,DRY,INJURY AND / OR TOW DUE TO CRASH,true,,"OVER $1,500",UNABLE TO DETERMINE,2,"REPORTED, NOT EVIDENT",2,0,41.9041139892,-87.6673688068,60642,"CHICAGO MIDWAY AIRPORT, IL US",54.0,48.0,82.0,,10.0,7.0
crash_11997,2021-11-16 20:11:00,2021,11,Nov,Tue,20,Night or early morning,30,TRAFFIC SIGNAL,CLEAR,"DARKNESS, LIGHTED ROAD",TURNING,NOT DIVIDED,DRY,NO INJURY / DRIVE AWAY,true,,"OVER $1,500",UNABLE TO DETERMINE,2,NO INDICATION OF INJURY,0,0,41.9403098006,-87.638376197,60657,"CHICAGO MIDWAY AIRPORT, IL US",50.0,37.0,61.0,0.0,10.0,11.0
crash_11998,2018-11-29 00:01:00,2018,11,Nov,Thu,0,Night or early morning,30,NO CONTROLS,UNKNOWN,DARKNESS,PARKED MOTOR VEHICLE,NOT DIVIDED,SNOW OR SLUSH,NO INJURY / DRIVE AWAY,,true,"OVER $1,500",UNABLE TO DETERMINE,2,NO INDICATION OF INJURY,0,0,41.9605188232,-87.7549186326,60641,"CHICAGO OHARE INTERNATIONAL AIRPORT, IL US",27.0,25.0,92.0,0.01,8.0,5.0
crash_11999,2023-04-04 17:09:00,2023,4,Apr,Tue,17,Evening commute,20,NO CONTROLS,CLOUDY/OVERCAST,DAYLIGHT,PARKED MOTOR VEHICLE,PARKING LOT,DRY,INJURY AND / OR TOW DUE TO CRASH,,,"OVER $1,500",DRIVING SKILLS/KNOWLEDGE/EXPERIENCE,2,NO INDICATION OF INJURY,0,0,41.8596296773,-87.6301248993,60616,"CHICAGO MIDWAY AIRPORT, IL US",55.0,49.0,80.0,0.0,10.0,14.0
crash_12000,2020-03-04 17:30:00,2020,3,Mar,Wed,17,Evening commute,15,NO CONTROLS,CLEAR,DAYLIGHT,PARKED MOTOR VEHICLE,NOT DIVIDED,DRY,NO INJURY / DRIVE AWAY,,,"$501 - $1,500",FAILING TO YIELD RIGHT-OF-WAY,2,NO INDICATION OF INJURY,0,0,41.9017400847,-87.7251995469,60651,"CHICAGO MIDWAY AIRPORT, IL US",44.0,23.0,43.0,0.0,10.0,9.0